method,condition_id,pair_id,split,property_count,condition_properties,source_smiles,target_smiles,generated_smiles,source_scaffold,generated_scaffold,scaffold_match,strict_success,joint_success,fallback,source_tanimoto,target_tanimoto,MW_target,MW_actual,MW_abs_error,MW_success,LogP_target,LogP_actual,LogP_abs_error,LogP_success,QED_target,QED_actual,QED_abs_error,QED_success,TPSA_target,TPSA_actual,TPSA_abs_error,TPSA_success,HBD_target,HBD_actual,HBD_abs_error,HBD_success,HBA_target,HBA_actual,HBA_abs_error,HBA_success,RB_target,RB_actual,RB_abs_error,RB_success
source_identity,mpair_00000002_cond_00_2p,mpair_00000002,eval,2,"LogP,QED",O=C(c1cccc(Cl)c1)N1C[C@H](CN2CCC(c3ccccc3)CC2)[C@@H](c2ccccc2)C1,O=C(c1ccccc1F)N1C[C@H](CN2CCC(c3ccccc3)CC2)[C@@H](c2ccccc2)C1,O=C(c1cccc(Cl)c1)N1C[C@H](CN2CCC(c3ccccc3)CC2)[C@@H](c2ccccc2)C1,O=C(c1ccccc1)N1C[C@H](CN2CCC(c3ccccc3)CC2)[C@@H](c2ccccc2)C1,O=C(c1ccccc1)N1C[C@H](CN2CCC(c3ccccc3)CC2)[C@@H](c2ccccc2)C1,True,True,True,,1.0,0.6379310344827587,,,,,5.561100000000006,6.075400000000006,0.5143000000000004,True,0.5164092889512721,0.4625029539066648,0.053906335044607345,True,,,,,,,,,,,,,,,,
source_identity,mpair_00000004_cond_00_2p,mpair_00000004,eval,2,"LogP,RB",O=C(c1ccccc1Br)N1C[C@H](CN2CCC(c3ccccc3)CC2)[C@@H](c2ccccc2)C1,COc1cccc(C(=O)N2C[C@H](CN3CCC(c4ccccc4)CC3)[C@@H](c3ccccc3)C2)c1,O=C(c1ccccc1Br)N1C[C@H](CN2CCC(c3ccccc3)CC2)[C@@H](c2ccccc2)C1,O=C(c1ccccc1)N1C[C@H](CN2CCC(c3ccccc3)CC2)[C@@H](c2ccccc2)C1,O=C(c1ccccc1)N1C[C@H](CN2CCC(c3ccccc3)CC2)[C@@H](c2ccccc2)C1,True,True,True,,1.0,0.6065573770491803,,,,,5.430600000000005,6.184500000000006,0.7539000000000007,True,,,,,,,,,,,,,,,,,6.0,5.0,1.0,True
source_identity,mpair_00000007_cond_00_2p,mpair_00000007,eval,2,"LogP,QED",O=C(c1ccccc1F)N1C[C@H](CN2CCC(c3ccccc3)CC2)[C@@H](c2ccccc2)C1,O=C(c1cccc(Cl)c1)N1C[C@H](CN2CCC(c3ccccc3)CC2)[C@@H](c2ccccc2)C1,O=C(c1ccccc1F)N1C[C@H](CN2CCC(c3ccccc3)CC2)[C@@H](c2ccccc2)C1,O=C(c1ccccc1)N1C[C@H](CN2CCC(c3ccccc3)CC2)[C@@H](c2ccccc2)C1,O=C(c1ccccc1)N1C[C@H](CN2CCC(c3ccccc3)CC2)[C@@H](c2ccccc2)C1,True,True,True,,1.0,0.6379310344827587,,,,,6.075400000000006,5.561100000000006,0.5143000000000004,True,0.4625029539066648,0.5164092889512721,0.053906335044607345,True,,,,,,,,,,,,,,,,
source_identity,mpair_00000009_cond_01_2p,mpair_00000009,eval,2,"LogP,RB",COc1cccc(C(=O)N2C[C@H](CN3CCC(c4ccccc4)CC3)[C@@H](c3ccccc3)C2)c1,O=C(c1cccc(Cl)c1)N1C[C@H](CN2CCC(c3ccccc3)CC2)[C@@H](c2ccccc2)C1,COc1cccc(C(=O)N2C[C@H](CN3CCC(c4ccccc4)CC3)[C@@H](c3ccccc3)C2)c1,O=C(c1ccccc1)N1C[C@H](CN2CCC(c3ccccc3)CC2)[C@@H](c2ccccc2)C1,O=C(c1ccccc1)N1C[C@H](CN2CCC(c3ccccc3)CC2)[C@@H](c2ccccc2)C1,True,True,True,,1.0,0.7413793103448276,,,,,6.075400000000006,5.430600000000005,0.6448000000000009,True,,,,,,,,,,,,,,,,,5.0,6.0,1.0,True
source_identity,mpair_00000012_cond_02_2p,mpair_00000012,eval,2,"LogP,QED",O=C(c1ccccc1F)N1C[C@H](CN2CCC(c3ccccc3)CC2)[C@@H](c2ccccc2)C1,O=C(c1ccccc1Br)N1C[C@H](CN2CCC(c3ccccc3)CC2)[C@@H](c2ccccc2)C1,O=C(c1ccccc1F)N1C[C@H](CN2CCC(c3ccccc3)CC2)[C@@H](c2ccccc2)C1,O=C(c1ccccc1)N1C[C@H](CN2CCC(c3ccccc3)CC2)[C@@H](c2ccccc2)C1,O=C(c1ccccc1)N1C[C@H](CN2CCC(c3ccccc3)CC2)[C@@H](c2ccccc2)C1,True,False,False,,1.0,0.7692307692307693,,,,,6.184500000000006,5.561100000000006,0.6234000000000002,True,0.41502650656849366,0.5164092889512721,0.10138278238277848,False,,,,,,,,,,,,,,,,
source_identity,mpair_00000021_cond_00_2p,mpair_00000021,eval,2,"MW,TPSA",N#Cc1ccc(COC[C@H]2C3CC(c4ccc(F)cc4)(CO3)[C@@H]2C/C=C/CCCC(=O)O)cc1,O=C(O)CCC/C=C/C[C@@H]1[C@@H](COCc2ccccc2)C2CC1(c1ccccc1)CO2,N#Cc1ccc(COC[C@H]2C3CC(c4ccc(F)cc4)(CO3)[C@@H]2C/C=C/CCCC(=O)O)cc1,c1ccc(COC[C@@H]2CC3(c4ccccc4)COC2C3)cc1,c1ccc(COC[C@@H]2CC3(c4ccccc4)COC2C3)cc1,True,False,False,,1.0,0.7391304347826086,420.5490000000002,463.5490000000003,43.000000000000114,False,,,,,,,,,55.760000000000005,79.55,23.789999999999992,False,,,,,,,,,,,,
source_identity,mpair_00000325_cond_02_2p,mpair_00000325,eval,2,"MW,LogP",N[C@@H](C(=O)N[C@@H]1C(=O)N2C(C(=O)O)=C(C(F)(F)F)CC[C@H]12)c1ccc(F)cc1,N[C@@H](C(=O)N[C@@H]1C(=O)N2C(C(=O)O)=C(C(F)(F)F)CC[C@H]12)c1cccc(C(F)(F)F)c1,N[C@@H](C(=O)N[C@@H]1C(=O)N2C(C(=O)O)=C(C(F)(F)F)CC[C@H]12)c1ccc(F)cc1,O=C(Cc1ccccc1)N[C@@H]1C(=O)N2C=CCC[C@H]12,O=C(Cc1ccccc1)N[C@@H]1C(=O)N2C=CCC[C@H]12,True,False,False,,1.0,0.7377049180327869,451.3230000000001,401.3160000000001,50.007000000000005,False,2.0955999999999997,1.2158999999999993,0.8797000000000004,True,,,,,,,,,,,,,,,,,,,,
source_identity,mpair_00000336_cond_02_2p,mpair_00000336,eval,2,"MW,LogP",N[C@@H](C(=O)N[C@@H]1C(=O)N2C(C(=O)O)=C(C(F)(F)F)CC[C@H]12)c1cccc(Br)c1,N[C@@H](C(=O)N[C@@H]1C(=O)N2C(C(=O)O)=C(C(F)(F)F)CC[C@H]12)c1ccc(F)cc1,N[C@@H](C(=O)N[C@@H]1C(=O)N2C(C(=O)O)=C(C(F)(F)F)CC[C@H]12)c1cccc(Br)c1,O=C(Cc1ccccc1)N[C@@H]1C(=O)N2C=CCC[C@H]12,O=C(Cc1ccccc1)N[C@@H]1C(=O)N2C=CCC[C@H]12,True,False,False,,1.0,0.7377049180327869,401.3160000000001,462.2220000000001,60.906000000000006,False,1.2158999999999993,1.8392999999999997,0.6234000000000004,True,,,,,,,,,,,,,,,,,,,,
source_identity,mpair_00000339_cond_00_2p,mpair_00000339,eval,2,"HBD,HBA",N[C@@H](C(=O)N[C@@H]1C(=O)N2C(C(=O)O)=C(C(F)(F)F)CC[C@H]12)c1cccc(C(F)(F)F)c1,N[C@@H](C(=O)N[C@@H]1C(=O)N2C(C(=O)O)=C(C(F)(F)F)CC[C@H]12)c1ccc(O)cc1,N[C@@H](C(=O)N[C@@H]1C(=O)N2C(C(=O)O)=C(C(F)(F)F)CC[C@H]12)c1cccc(C(F)(F)F)c1,O=C(Cc1ccccc1)N[C@@H]1C(=O)N2C=CCC[C@H]12,O=C(Cc1ccccc1)N[C@@H]1C(=O)N2C=CCC[C@H]12,True,True,True,,1.0,0.7377049180327869,,,,,,,,,,,,,,,,,4.0,3.0,1.0,True,5.0,4.0,1.0,True,,,,
source_identity,mpair_00000587_cond_02_2p,mpair_00000587,eval,2,"HBA,RB",Cc1ccc(CCCC[C@@H]2N[C@@H](CO)[C@H](O)[C@H]2O)cc1,COc1ccc(CCCC[C@@H]2N[C@@H](CO)[C@H](O)[C@H]2O)cc1,Cc1ccc(CCCC[C@@H]2N[C@@H](CO)[C@H](O)[C@H]2O)cc1,c1ccc(CCCC[C@H]2CCCN2)cc1,c1ccc(CCCC[C@H]2CCCN2)cc1,True,True,True,,1.0,0.725,,,,,,,,,,,,,,,,,,,,,5.0,4.0,1.0,True,7.0,6.0,1.0,True
source_identity,mpair_00000590_cond_01_2p,mpair_00000590,eval,2,"QED,RB",OC[C@@H]1N[C@@H](CCCCc2ccc(O)cc2)[C@H](O)[C@H]1O,COc1ccc(CCCC[C@@H]2N[C@@H](CO)[C@H](O)[C@H]2O)cc1,OC[C@@H]1N[C@@H](CCCCc2ccc(O)cc2)[C@H](O)[C@H]1O,c1ccc(CCCC[C@H]2CCCN2)cc1,c1ccc(CCCC[C@H]2CCCN2)cc1,True,True,True,,1.0,0.7,,,,,,,,,0.5496005244071775,0.47902706341404183,0.07057346099313572,True,,,,,,,,,,,,,7.0,6.0,1.0,True
source_identity,mpair_00000592_cond_01_2p,mpair_00000592,eval,2,"HBA,RB",COc1ccc(CCCC[C@@H]2N[C@@H](CO)[C@H](O)[C@H]2O)cc1,Cc1ccc(CCCC[C@@H]2N[C@@H](CO)[C@H](O)[C@H]2O)cc1,COc1ccc(CCCC[C@@H]2N[C@@H](CO)[C@H](O)[C@H]2O)cc1,c1ccc(CCCC[C@H]2CCCN2)cc1,c1ccc(CCCC[C@H]2CCCN2)cc1,True,True,True,,1.0,0.725,,,,,,,,,,,,,,,,,,,,,4.0,5.0,1.0,True,6.0,7.0,1.0,True
source_identity,mpair_00000594_cond_00_2p,mpair_00000594,eval,2,"HBA,RB",COc1ccc(CCCC[C@@H]2N[C@@H](CO)[C@H](O)[C@H]2O)cc1,OC[C@@H]1N[C@@H](CCCCc2cc(F)cc(F)c2)[C@H](O)[C@H]1O,COc1ccc(CCCC[C@@H]2N[C@@H](CO)[C@H](O)[C@H]2O)cc1,c1ccc(CCCC[C@H]2CCCN2)cc1,c1ccc(CCCC[C@H]2CCCN2)cc1,True,True,True,,1.0,0.5681818181818182,,,,,,,,,,,,,,,,,,,,,4.0,5.0,1.0,True,6.0,7.0,1.0,True
source_identity,mpair_00000596_cond_01_2p,mpair_00000596,eval,2,"HBA,RB",OC[C@@H]1N[C@@H](CCCCc2ccc(F)cc2)[C@H](O)[C@H]1O,COc1ccc(CCCC[C@@H]2N[C@@H](CO)[C@H](O)[C@H]2O)cc1,OC[C@@H]1N[C@@H](CCCCc2ccc(F)cc2)[C@H](O)[C@H]1O,c1ccc(CCCC[C@H]2CCCN2)cc1,c1ccc(CCCC[C@H]2CCCN2)cc1,True,True,True,,1.0,0.6829268292682927,,,,,,,,,,,,,,,,,,,,,5.0,4.0,1.0,True,7.0,6.0,1.0,True
source_identity,mpair_00000724_cond_00_2p,mpair_00000724,eval,2,"MW,LogP",C=CCc1cc(/C=C2\SC(=O)N(CC=C(C)C)C2=O)c(OC)cc1OC1CCCCO1,C=CCc1cc(/C=C2\SC(=O)N(C)C2=O)c(OC)cc1OC1CCCCO1,C=CCc1cc(/C=C2\SC(=O)N(CC=C(C)C)C2=O)c(OC)cc1OC1CCCCO1,O=C1NC(=O)/C(=C/c2ccc(OC3CCCCO3)cc2)S1,O=C1NC(=O)/C(=C/c2ccc(OC3CCCCO3)cc2)S1,True,False,False,,1.0,0.7761194029850746,389.4730000000002,443.5650000000003,54.0920000000001,False,3.9952000000000023,5.331600000000005,1.336400000000003,False,,,,,,,,,,,,,,,,,,,,
source_identity,mpair_00000727_cond_02_2p,mpair_00000727,eval,2,"QED,RB",C=CCc1cc(/C=C2\SC(=O)N(C(C)C)C2=O)c(OC)cc1OC1CCCCO1,C=CCc1cc(/C=C2\SC(=O)N(CCCC)C2=O)c(OC)cc1OC1CCCCO1,C=CCc1cc(/C=C2\SC(=O)N(C(C)C)C2=O)c(OC)cc1OC1CCCCO1,O=C1NC(=O)/C(=C/c2ccc(OC3CCCCO3)cc2)S1,O=C1NC(=O)/C(=C/c2ccc(OC3CCCCO3)cc2)S1,True,False,False,,1.0,0.7285714285714285,,,,,,,,,0.39718598618589046,0.4701504427149941,0.07296445652910366,True,,,,,,,,,,,,,9.0,7.0,2.0,False
source_identity,mpair_00000730_cond_02_2p,mpair_00000730,eval,2,"MW,HBD",C=CCc1cc(/C=C2\SC(=O)NC2=O)c(OC)cc1OC1CCCCO1,C=CCc1cc(/C=C2\SC(=O)N(C(C)C)C2=O)c(OC)cc1OC1CCCCO1,C=CCc1cc(/C=C2\SC(=O)NC2=O)c(OC)cc1OC1CCCCO1,O=C1NC(=O)/C(=C/c2ccc(OC3CCCCO3)cc2)S1,O=C1NC(=O)/C(=C/c2ccc(OC3CCCCO3)cc2)S1,True,False,False,,1.0,0.6865671641791045,417.52700000000027,375.4460000000002,42.081000000000074,False,,,,,,,,,,,,,0.0,1.0,1.0,True,,,,,,,,
source_identity,mpair_00000732_cond_02_2p,mpair_00000732,eval,2,"LogP,QED",C=CCc1cc(/C=C2\SC(=O)N(CC=C)C2=O)c(OC)cc1OC1CCCCO1,C=CCc1cc(/C=C2\SC(=O)N(CC=C(C)C)C2=O)c(OC)cc1OC1CCCCO1,C=CCc1cc(/C=C2\SC(=O)N(CC=C)C2=O)c(OC)cc1OC1CCCCO1,O=C1NC(=O)/C(=C/c2ccc(OC3CCCCO3)cc2)S1,O=C1NC(=O)/C(=C/c2ccc(OC3CCCCO3)cc2)S1,True,True,True,,1.0,0.8615384615384616,,,,,5.331600000000005,4.551400000000004,0.7802000000000016,True,0.3995752918375223,0.45838471716690443,0.05880942532938216,True,,,,,,,,,,,,,,,,
source_identity,mpair_00000736_cond_01_2p,mpair_00000736,eval,2,"QED,RB",C=CCc1cc(/C=C2\SC(=O)N(CCCC)C2=O)c(OC)cc1OC1CCCCO1,C=CCc1cc(/C=C2\SC(=O)N(C(C)C)C2=O)c(OC)cc1OC1CCCCO1,C=CCc1cc(/C=C2\SC(=O)N(CCCC)C2=O)c(OC)cc1OC1CCCCO1,O=C1NC(=O)/C(=C/c2ccc(OC3CCCCO3)cc2)S1,O=C1NC(=O)/C(=C/c2ccc(OC3CCCCO3)cc2)S1,True,False,False,,1.0,0.7285714285714285,,,,,,,,,0.4701504427149941,0.39718598618589046,0.07296445652910366,True,,,,,,,,,,,,,7.0,9.0,2.0,False
source_identity,mpair_00000738_cond_00_2p,mpair_00000738,eval,2,"LogP,RB",C=CCc1cc(/C=C2\SC(=O)N(C(C)C)C2=O)c(OC)cc1OC1CCCCO1,C=CCc1cc(/C=C2\SC(=O)N(C)C2=O)c(OC)cc1OC1CCCCO1,C=CCc1cc(/C=C2\SC(=O)N(C(C)C)C2=O)c(OC)cc1OC1CCCCO1,O=C1NC(=O)/C(=C/c2ccc(OC3CCCCO3)cc2)S1,O=C1NC(=O)/C(=C/c2ccc(OC3CCCCO3)cc2)S1,True,True,True,,1.0,0.796875,,,,,3.9952000000000023,4.773800000000004,0.7786000000000017,True,,,,,,,,,,,,,,,,,6.0,7.0,1.0,True
source_identity,mpair_00000741_cond_01_2p,mpair_00000741,eval,2,"QED,RB",C=CCc1cc(/C=C2\SC(=O)N(C)C2=O)c(OC)cc1OC1CCCCO1,C=CCc1cc(/C=C2\SC(=O)N(C(C)C)C2=O)c(OC)cc1OC1CCCCO1,C=CCc1cc(/C=C2\SC(=O)N(C)C2=O)c(OC)cc1OC1CCCCO1,O=C1NC(=O)/C(=C/c2ccc(OC3CCCCO3)cc2)S1,O=C1NC(=O)/C(=C/c2ccc(OC3CCCCO3)cc2)S1,True,True,True,,1.0,0.796875,,,,,,,,,0.4701504427149941,0.5413211960634129,0.07117075334841877,True,,,,,,,,,,,,,7.0,6.0,1.0,True
source_identity,mpair_00000744_cond_01_2p,mpair_00000744,eval,2,"LogP,RB",C=CCc1cc(/C=C2\SC(=O)N(CC=C(C)C)C2=O)c(OC)cc1OC1CCCCO1,C=CCc1cc(/C=C2\SC(=O)N(C(C)C)C2=O)c(OC)cc1OC1CCCCO1,C=CCc1cc(/C=C2\SC(=O)N(CC=C(C)C)C2=O)c(OC)cc1OC1CCCCO1,O=C1NC(=O)/C(=C/c2ccc(OC3CCCCO3)cc2)S1,O=C1NC(=O)/C(=C/c2ccc(OC3CCCCO3)cc2)S1,True,True,True,,1.0,0.7183098591549296,,,,,4.773800000000004,5.331600000000005,0.5578000000000012,True,,,,,,,,,,,,,,,,,7.0,8.0,1.0,True
source_identity,mpair_00000746_cond_02_2p,mpair_00000746,eval,2,"QED,RB",C=CCc1cc(/C=C2\SC(=O)N(CC=C)C2=O)c(OC)cc1OC1CCCCO1,C=CCc1cc(/C=C2\SC(=O)N(CCCC)C2=O)c(OC)cc1OC1CCCCO1,C=CCc1cc(/C=C2\SC(=O)N(CC=C)C2=O)c(OC)cc1OC1CCCCO1,O=C1NC(=O)/C(=C/c2ccc(OC3CCCCO3)cc2)S1,O=C1NC(=O)/C(=C/c2ccc(OC3CCCCO3)cc2)S1,True,True,True,,1.0,0.8181818181818182,,,,,,,,,0.39718598618589046,0.45838471716690443,0.06119873098101397,True,,,,,,,,,,,,,9.0,8.0,1.0,True
source_identity,mpair_00000752_cond_00_2p,mpair_00000752,eval,2,"LogP,RB",CC[C@H]1CCC(=O)N2[C@H](Cc3c[nH]c4ccccc34)CO[C@H]12,COC(=O)C[C@@H]1CC(=O)N2[C@H](Cc3c[nH]c4ccccc34)CO[C@@H]2C1,CC[C@H]1CCC(=O)N2[C@H](Cc3c[nH]c4ccccc34)CO[C@H]12,O=C1CCC[C@H]2OC[C@@H](Cc3c[nH]c4ccccc34)N12,O=C1CCC[C@H]2OC[C@@H](Cc3c[nH]c4ccccc34)N12,True,True,True,,1.0,0.5072463768115942,,,,,2.236999999999999,3.0839000000000016,0.8469000000000024,True,,,,,,,,,,,,,,,,,4.0,3.0,1.0,True
source_identity,mpair_00000755_cond_01_2p,mpair_00000755,eval,2,"LogP,RB",CC[C@H]1CCC(=O)N2[C@H](Cc3c[nH]c4ccccc34)CO[C@H]12,O=C1CCC[C@H]2OC[C@@H](Cc3c[nH]c4ccccc34)N12,CC[C@H]1CCC(=O)N2[C@H](Cc3c[nH]c4ccccc34)CO[C@H]12,O=C1CCC[C@H]2OC[C@@H](Cc3c[nH]c4ccccc34)N12,O=C1CCC[C@H]2OC[C@@H](Cc3c[nH]c4ccccc34)N12,True,True,True,,1.0,0.6607142857142857,,,,,2.447800000000001,3.0839000000000016,0.6361000000000008,True,,,,,,,,,,,,,,,,,2.0,3.0,1.0,True
source_identity,mpair_00000757_cond_00_2p,mpair_00000757,eval,2,"LogP,HBA",COc1cccc(-c2cncc(O[C@@H]3CCNC3)c2)c1,Clc1cccc(-c2cncc(O[C@@H]3CCNC3)c2)c1,COc1cccc(-c2cncc(O[C@@H]3CCNC3)c2)c1,c1ccc(-c2cncc(O[C@@H]3CCNC3)c2)cc1,c1ccc(-c2cncc(O[C@@H]3CCNC3)c2)cc1,True,True,True,,1.0,0.7446808510638298,,,,,3.1427000000000014,2.4979000000000005,0.6448000000000009,True,,,,,,,,,,,,,3.0,4.0,1.0,True,,,,
source_identity,mpair_00000759_cond_01_2p,mpair_00000759,eval,2,"MW,LogP",c1ccc(-c2cncc(O[C@@H]3CCNC3)c2)cc1,Clc1cccc(-c2cc(O[C@@H]3CCNC3)cnc2Cl)c1,c1ccc(-c2cncc(O[C@@H]3CCNC3)c2)cc1,c1ccc(-c2cncc(O[C@@H]3CCNC3)c2)cc1,c1ccc(-c2cncc(O[C@@H]3CCNC3)c2)cc1,True,False,False,,1.0,0.5192307692307693,309.196,240.30599999999998,68.89000000000004,False,3.796100000000002,2.4893,1.3068000000000017,False,,,,,,,,,,,,,,,,,,,,
source_identity,mpair_00000761_cond_00_2p,mpair_00000761,eval,2,"HBA,RB",c1ccc(-c2cncc(O[C@@H]3CCNC3)c2)cc1,COc1cccc(-c2cncc(O[C@@H]3CCNC3)c2)c1,c1ccc(-c2cncc(O[C@@H]3CCNC3)c2)cc1,c1ccc(-c2cncc(O[C@@H]3CCNC3)c2)cc1,c1ccc(-c2cncc(O[C@@H]3CCNC3)c2)cc1,True,True,True,,1.0,0.75,,,,,,,,,,,,,,,,,,,,,4.0,3.0,1.0,True,4.0,3.0,1.0,True
source_identity,mpair_00000763_cond_02_2p,mpair_00000763,eval,2,"HBA,RB",COc1cccc(-c2cncc(O[C@@H]3CCNC3)c2)c1,c1ccc(-c2cncc(O[C@@H]3CCNC3)c2)cc1,COc1cccc(-c2cncc(O[C@@H]3CCNC3)c2)c1,c1ccc(-c2cncc(O[C@@H]3CCNC3)c2)cc1,c1ccc(-c2cncc(O[C@@H]3CCNC3)c2)cc1,True,True,True,,1.0,0.75,,,,,,,,,,,,,,,,,,,,,3.0,4.0,1.0,True,3.0,4.0,1.0,True
source_identity,mpair_00001114_cond_00_2p,mpair_00001114,eval,2,"QED,HBD",COc1ccc(N2CCN(CCC3NC(=O)c4ccccc43)CC2)cc1,COc1ccc(N2CCN(CCC3c4ccccc4C(=O)N3C)CC2)cc1,COc1ccc(N2CCN(CCC3NC(=O)c4ccccc43)CC2)cc1,O=C1NC(CCN2CCN(c3ccccc3)CC2)c2ccccc21,O=C1NC(CCN2CCN(c3ccccc3)CC2)c2ccccc21,True,True,True,,1.0,0.6545454545454545,,,,,,,,,0.8160326048332845,0.8996022198661571,0.08356961503287252,True,,,,,0.0,1.0,1.0,True,,,,,,,,
source_identity,mpair_00001116_cond_01_2p,mpair_00001116,eval,2,"HBA,RB",COc1ccc(N2CCN(CCC3NC(=O)c4ccccc43)CC2)cc1,O=C1NC(CCN2CCN(c3ccccc3)CC2)c2ccccc21,COc1ccc(N2CCN(CCC3NC(=O)c4ccccc43)CC2)cc1,O=C1NC(CCN2CCN(c3ccccc3)CC2)c2ccccc21,O=C1NC(CCN2CCN(c3ccccc3)CC2)c2ccccc21,True,True,True,,1.0,0.7708333333333334,,,,,,,,,,,,,,,,,,,,,3.0,4.0,1.0,True,4.0,5.0,1.0,True
source_identity,mpair_00001119_cond_02_2p,mpair_00001119,eval,2,"HBA,RB",O=C1NC(CCN2CCN(c3ccccc3)CC2)c2ccccc21,COc1ccc(N2CCN(CCC3NC(=O)c4ccccc43)CC2)cc1,O=C1NC(CCN2CCN(c3ccccc3)CC2)c2ccccc21,O=C1NC(CCN2CCN(c3ccccc3)CC2)c2ccccc21,O=C1NC(CCN2CCN(c3ccccc3)CC2)c2ccccc21,True,True,True,,1.0,0.7708333333333334,,,,,,,,,,,,,,,,,,,,,4.0,3.0,1.0,True,5.0,4.0,1.0,True
source_identity,mpair_00001121_cond_01_2p,mpair_00001121,eval,2,"MW,LogP",O=C1NC(CCN2CCN(c3ccccc3)CC2)c2ccccc21,CN1C(=O)c2ccccc2C1CCN1CCN(c2ccc(Cl)cc2)CC1,O=C1NC(CCN2CCN(c3ccccc3)CC2)c2ccccc21,O=C1NC(CCN2CCN(c3ccccc3)CC2)c2ccccc21,O=C1NC(CCN2CCN(c3ccccc3)CC2)c2ccccc21,True,False,False,,1.0,0.4909090909090909,369.8960000000001,321.4240000000001,48.47199999999998,False,3.679000000000003,2.6834000000000007,0.9956000000000023,True,,,,,,,,,,,,,,,,,,,,
source_identity,mpair_00001123_cond_02_2p,mpair_00001123,eval,2,"MW,HBD",O=C1NC(CCN2CCN(c3ccccc3)CC2)c2ccccc21,COc1ccc(N2CCN(CCC3c4ccccc4C(=O)N3C)CC2)cc1,O=C1NC(CCN2CCN(c3ccccc3)CC2)c2ccccc21,O=C1NC(CCN2CCN(c3ccccc3)CC2)c2ccccc21,O=C1NC(CCN2CCN(c3ccccc3)CC2)c2ccccc21,True,False,False,,1.0,0.47368421052631576,365.47700000000015,321.4240000000001,44.053000000000054,False,,,,,,,,,,,,,0.0,1.0,1.0,True,,,,,,,,
source_identity,mpair_00001126_cond_01_2p,mpair_00001126,eval,2,"LogP,HBA",Cc1ccc(N2CCN(CCC3NC(=O)c4ccccc43)CC2)cc1C,COc1ccc(N2CCN(CCC3NC(=O)c4ccccc43)CC2)cc1,Cc1ccc(N2CCN(CCC3NC(=O)c4ccccc43)CC2)cc1C,O=C1NC(CCN2CCN(c3ccccc3)CC2)c2ccccc21,O=C1NC(CCN2CCN(c3ccccc3)CC2)c2ccccc21,True,True,True,,1.0,0.7037037037037037,,,,,2.692000000000001,3.3002400000000023,0.6082400000000012,True,,,,,,,,,,,,,4.0,3.0,1.0,True,,,,
source_identity,mpair_00001129_cond_01_2p,mpair_00001129,eval,2,"QED,HBD",Cc1ccc(N2CCN(CCC3NC(=O)c4ccccc43)CC2)cc1C,CN1C(=O)c2ccccc2C1CCN1CCN(c2ccc(Cl)cc2)CC1,Cc1ccc(N2CCN(CCC3NC(=O)c4ccccc43)CC2)cc1C,O=C1NC(CCN2CCN(c3ccccc3)CC2)c2ccccc21,O=C1NC(CCN2CCN(c3ccccc3)CC2)c2ccccc21,True,True,True,,1.0,0.45901639344262296,,,,,,,,,0.8221231339252668,0.9198864151307602,0.09776328120549338,True,,,,,0.0,1.0,1.0,True,,,,,,,,
source_identity,mpair_00001131_cond_00_2p,mpair_00001131,eval,2,"QED,HBA",COc1ccc(N2CCN(CCC3c4ccccc4C(=O)N3C)CC2)cc1,Cc1ccc(N2CCN(CCC3NC(=O)c4ccccc43)CC2)cc1C,COc1ccc(N2CCN(CCC3c4ccccc4C(=O)N3C)CC2)cc1,O=C1NC(CCN2CCN(c3ccccc3)CC2)c2ccccc21,O=C1NC(CCN2CCN(c3ccccc3)CC2)c2ccccc21,True,False,False,,1.0,0.4444444444444444,,,,,,,,,0.9198864151307602,0.8160326048332845,0.10385381029747565,False,,,,,,,,,3.0,4.0,1.0,True,,,,
source_identity,mpair_00001135_cond_00_2p,mpair_00001135,eval,2,"LogP,QED",Fc1ccc(N2CCN(c3nc4ccsc4n4cccc34)CC2)cc1,FC(F)(F)c1cccc(N2CCN(c3nc4ccsc4n4cccc34)CC2)c1,Fc1ccc(N2CCN(c3nc4ccsc4n4cccc34)CC2)cc1,c1ccc(N2CCN(c3nc4ccsc4n4cccc34)CC2)cc1,c1ccc(N2CCN(c3nc4ccsc4n4cccc34)CC2)cc1,True,True,True,,1.0,0.6666666666666666,,,,,4.894400000000004,4.014700000000003,0.8797000000000006,True,0.47685586942313013,0.5445182992427106,0.06766242981958043,True,,,,,,,,,,,,,,,,
source_identity,mpair_00001633_cond_00_2p,mpair_00001633,eval,2,"MW,QED",C=CCC1(C(C)C#CCC)C(=O)NC(=O)N(C)C1=O,C=C(Br)CC1(C(C)C)C(=O)NC(=O)N(C)C1=O,C=CCC1(C(C)C#CCC)C(=O)NC(=O)N(C)C1=O,O=C1CC(=O)NC(=O)N1,O=C1CC(=O)NC(=O)N1,True,False,False,,1.0,0.42857142857142855,303.15600000000006,262.30899999999997,40.847000000000094,False,,,,,0.8059749860896003,0.47348972477403223,0.33248526131556805,False,,,,,,,,,,,,,,,,
source_identity,mpair_00001643_cond_02_2p,mpair_00001643,eval,2,"MW,QED",C=C(Br)CC1(C(C)C)C(=O)NC(=O)N(C)C1=O,C=CCC1(C(C)C#CCC)C(=O)NC(=O)N(C)C1=O,C=C(Br)CC1(C(C)C)C(=O)NC(=O)N(C)C1=O,O=C1CC(=O)NC(=O)N1,O=C1CC(=O)NC(=O)N1,True,False,False,,1.0,0.42857142857142855,262.30899999999997,303.15600000000006,40.847000000000094,False,,,,,0.47348972477403223,0.8059749860896003,0.33248526131556805,False,,,,,,,,,,,,,,,,
source_identity,mpair_00002259_cond_01_2p,mpair_00002259,eval,2,"LogP,QED",Cc1ccccc1NC(=O)c1c(C)n(-c2ccccc2C)c(C)cc1=O,Cc1cccc(C)c1NC(=O)c1c(C)n(-c2c(C)cccc2C)c(C)cc1=O,Cc1ccccc1NC(=O)c1c(C)n(-c2ccccc2C)c(C)cc1=O,O=C(Nc1ccccc1)c1cn(-c2ccccc2)ccc1=O,O=C(Nc1ccccc1)c1cn(-c2ccccc2)ccc1=O,True,True,True,,1.0,0.5833333333333334,,,,,4.940320000000004,4.3234800000000035,0.6168400000000007,True,0.7058233303377046,0.7675628277357767,0.06173949739807205,True,,,,,,,,,,,,,,,,
source_identity,mpair_00002372_cond_01_2p,mpair_00002372,eval,2,"HBA,RB",CCCCCNC(=O)Nc1c(SCCCn2cnc(-c3ccccc3)c2C)cccc1N(C)C,CCCCCNC(=O)Nc1c(C)cccc1SCCCn1cnc(-c2ccccc2)c1C,CCCCCNC(=O)Nc1c(SCCCn2cnc(-c3ccccc3)c2C)cccc1N(C)C,c1ccc(SCCCn2cnc(-c3ccccc3)c2)cc1,c1ccc(SCCCn2cnc(-c3ccccc3)c2)cc1,True,True,True,,1.0,0.8208955223880597,,,,,,,,,,,,,,,,,,,,,4.0,5.0,1.0,True,11.0,12.0,1.0,True
source_identity,mpair_00002374_cond_01_2p,mpair_00002374,eval,2,"LogP,TPSA",COc1cccc2sc([C@@H]3C[C@H]4CC[C@@H](C3)N4C[C@H](O)COc3cccc4[nH]c(C)cc34)cc12,COc1cccc2sc([C@@H]3C[C@H]4CC[C@@H](C3)N4C[C@H](O)COc3cccc4[nH]c(C(N)=O)cc34)cc12,COc1cccc2sc([C@@H]3C[C@H]4CC[C@@H](C3)N4C[C@H](O)COc3cccc4[nH]c(C)cc34)cc12,c1ccc2sc([C@@H]3C[C@H]4CC[C@@H](C3)N4CCCOc3cccc4[nH]ccc34)cc2c1,c1ccc2sc([C@@H]3C[C@H]4CC[C@@H](C3)N4CCCOc3cccc4[nH]ccc34)cc2c1,True,False,False,,1.0,0.7916666666666666,,,,,4.640400000000003,5.849920000000006,1.209520000000003,False,,,,,100.81,57.720000000000006,43.089999999999996,False,,,,,,,,,,,,
source_identity,mpair_00002464_cond_01_2p,mpair_00002464,eval,2,"HBA,RB",CN(C)CCCOc1cc(C(=O)Nc2ccc(OC(F)(F)F)cc2)n(Cc2ccccc2)n1,CN(C)CCCOc1cc(C(=O)Nc2ccc(Cl)cc2F)n(Cc2ccccc2)n1,CN(C)CCCOc1cc(C(=O)Nc2ccc(OC(F)(F)F)cc2)n(Cc2ccccc2)n1,O=C(Nc1ccccc1)c1ccnn1Cc1ccccc1,O=C(Nc1ccccc1)c1ccnn1Cc1ccccc1,True,True,True,,1.0,0.6428571428571429,,,,,,,,,,,,,,,,,,,,,5.0,6.0,1.0,True,9.0,10.0,1.0,True
source_identity,mpair_00002469_cond_00_2p,mpair_00002469,eval,2,"MW,HBA",COc1ccc(NC(=O)c2cc(OCCCN(C)C)nn2Cc2ccccc2)cc1,COc1cc(NC(=O)c2cc(OCCCN(C)C)nn2Cc2ccccc2)cc(OC)c1OC,COc1ccc(NC(=O)c2cc(OCCCN(C)C)nn2Cc2ccccc2)cc1,O=C(Nc1ccccc1)c1ccnn1Cc1ccccc1,O=C(Nc1ccccc1)c1ccnn1Cc1ccccc1,True,False,False,,1.0,0.7741935483870968,468.5540000000002,408.50200000000007,60.052000000000135,False,,,,,,,,,,,,,,,,,8.0,6.0,2.0,False,,,,
source_identity,mpair_00002475_cond_00_2p,mpair_00002475,eval,2,"TPSA,RB",CN(C)CCCOc1cc(C(=O)Nc2ccc(OC(F)(F)F)cc2)n(Cc2ccccc2)n1,COc1cc(NC(=O)c2cc(OCCCN(C)C)nn2Cc2ccccc2)cc(OC)c1OC,CN(C)CCCOc1cc(C(=O)Nc2ccc(OC(F)(F)F)cc2)n(Cc2ccccc2)n1,O=C(Nc1ccccc1)c1ccnn1Cc1ccccc1,O=C(Nc1ccccc1)c1ccnn1Cc1ccccc1,True,False,False,,1.0,0.6764705882352942,,,,,,,,,,,,,87.08000000000001,68.62,18.460000000000008,True,,,,,,,,,12.0,10.0,2.0,False
source_identity,mpair_00002478_cond_00_2p,mpair_00002478,eval,2,"MW,LogP",CN(C)CCCOc1cc(C(=O)Nc2cccc(Cl)c2)n(Cc2ccccc2)n1,CN(C)CCCOc1cc(C(=O)Nc2cc(F)cc(C(F)(F)F)c2)n(Cc2ccccc2)n1,CN(C)CCCOc1cc(C(=O)Nc2cccc(Cl)c2)n(Cc2ccccc2)n1,O=C(Nc1ccccc1)c1ccnn1Cc1ccccc1,O=C(Nc1ccccc1)c1ccnn1Cc1ccccc1,True,False,False,,1.0,0.6764705882352942,464.4630000000001,412.9210000000001,51.54199999999997,False,4.672100000000003,4.167600000000003,0.5045000000000002,True,,,,,,,,,,,,,,,,,,,,
source_identity,mpair_00002482_cond_01_2p,mpair_00002482,eval,2,"LogP,QED",COc1ccc(NC(=O)c2cc(OCCCN(C)C)nn2Cc2ccccc2)cc1,CN(C)CCCOc1cc(C(=O)Nc2ccc(OC(F)(F)F)cc2)n(Cc2ccccc2)n1,COc1ccc(NC(=O)c2cc(OCCCN(C)C)nn2Cc2ccccc2)cc1,O=C(Nc1ccccc1)c1ccnn1Cc1ccccc1,O=C(Nc1ccccc1)c1ccnn1Cc1ccccc1,True,True,True,,1.0,0.8064516129032258,,,,,4.412800000000003,3.522800000000002,0.8900000000000015,True,0.4522382232340766,0.5200250404910086,0.06778681725693203,True,,,,,,,,,,,,,,,,
source_identity,mpair_00002486_cond_00_2p,mpair_00002486,eval,2,"MW,RB",CN(C)CCCOc1cc(C(=O)Nc2cccc(Cl)c2)n(Cc2ccccc2)n1,CN(C)CCCOc1cc(C(=O)Nc2ccc(OC(F)(F)F)cc2)n(Cc2ccccc2)n1,CN(C)CCCOc1cc(C(=O)Nc2cccc(Cl)c2)n(Cc2ccccc2)n1,O=C(Nc1ccccc1)c1ccnn1Cc1ccccc1,O=C(Nc1ccccc1)c1ccnn1Cc1ccccc1,True,False,False,,1.0,0.696969696969697,462.4720000000001,412.9210000000001,49.55099999999999,False,,,,,,,,,,,,,,,,,,,,,10.0,9.0,1.0,True
source_identity,mpair_00002489_cond_00_2p,mpair_00002489,eval,2,"LogP,HBA",C=Cc1cc(C(=O)OCC)n(S(=O)(=O)c2cc(Cl)ccc2N)c1,CCOC(=O)c1cc(C(C)O)cn1S(=O)(=O)c1cc(Cl)ccc1N,C=Cc1cc(C(=O)OCC)n(S(=O)(=O)c2cc(Cl)ccc2N)c1,O=S(=O)(c1ccccc1)n1cccc1,O=S(=O)(c1ccccc1)n1cccc1,True,True,True,,1.0,0.7192982456140351,,,,,2.1907,2.7804,0.5897000000000001,True,,,,,,,,,,,,,7.0,6.0,1.0,True,,,,
source_identity,mpair_00002494_cond_00_2p,mpair_00002494,eval,2,"MW,LogP",O=C1C(Nc2ccccc2)=C(Cl)C(=O)c2ncncc21,O=C1C(Nc2cccc(Br)c2)=C(Cl)C(=O)c2ncncc21,O=C1C(Nc2ccccc2)=C(Cl)C(=O)c2ncncc21,O=C1C(Nc2ccccc2)=CC(=O)c2ncncc21,O=C1C(Nc2ccccc2)=CC(=O)c2ncncc21,True,False,False,,1.0,0.7272727272727273,364.58600000000007,285.69,78.89600000000007,False,3.180600000000001,2.4181,0.7625000000000011,True,,,,,,,,,,,,,,,,,,,,
source_identity,mpair_00002495_cond_02_2p,mpair_00002495,eval,2,"LogP,RB",O=C1C(Nc2ccccc2)=C(Cl)C(=O)c2ncncc21,CCc1ccc(NC2=C(Cl)C(=O)c3ncncc3C2=O)cc1,O=C1C(Nc2ccccc2)=C(Cl)C(=O)c2ncncc21,O=C1C(Nc2ccccc2)=CC(=O)c2ncncc21,O=C1C(Nc2ccccc2)=CC(=O)c2ncncc21,True,True,True,,1.0,0.7045454545454546,,,,,2.980500000000001,2.4181,0.5624000000000011,True,,,,,,,,,,,,,,,,,3.0,2.0,1.0,True
source_identity,mpair_00002497_cond_01_2p,mpair_00002497,eval,2,"MW,LogP",O=C1C(Nc2ccc(Br)cc2)=C(Cl)C(=O)c2ncncc21,O=C1C(Nc2ccccc2)=C(Cl)C(=O)c2ncncc21,O=C1C(Nc2ccc(Br)cc2)=C(Cl)C(=O)c2ncncc21,O=C1C(Nc2ccccc2)=CC(=O)c2ncncc21,O=C1C(Nc2ccccc2)=CC(=O)c2ncncc21,True,False,False,,1.0,0.7560975609756098,285.69,364.58600000000007,78.89600000000007,False,2.4181,3.180600000000001,0.7625000000000011,True,,,,,,,,,,,,,,,,,,,,
source_identity,mpair_00002501_cond_00_2p,mpair_00002501,eval,2,"LogP,RB",CCc1ccc(NC2=C(Cl)C(=O)c3ncncc3C2=O)cc1,O=C1C(Nc2ccccc2)=C(Cl)C(=O)c2ncncc21,CCc1ccc(NC2=C(Cl)C(=O)c3ncncc3C2=O)cc1,O=C1C(Nc2ccccc2)=CC(=O)c2ncncc21,O=C1C(Nc2ccccc2)=CC(=O)c2ncncc21,True,True,True,,1.0,0.7045454545454546,,,,,2.4181,2.980500000000001,0.5624000000000011,True,,,,,,,,,,,,,,,,,2.0,3.0,1.0,True
source_identity,mpair_00002504_cond_00_2p,mpair_00002504,eval,2,"HBA,RB",COc1ccc(C(=O)CN2c3ccccc3C(=O)N(Cc3ccccc3)S2(=O)=O)cc1,Cc1ccc(C(=O)CN2c3ccccc3C(=O)N(Cc3ccccc3)S2(=O)=O)cc1,COc1ccc(C(=O)CN2c3ccccc3C(=O)N(Cc3ccccc3)S2(=O)=O)cc1,O=C(CN1c2ccccc2C(=O)N(Cc2ccccc2)S1(=O)=O)c1ccccc1,O=C(CN1c2ccccc2C(=O)N(Cc2ccccc2)S1(=O)=O)c1ccccc1,True,True,True,,1.0,0.7843137254901961,,,,,,,,,,,,,,,,,,,,,4.0,5.0,1.0,True,5.0,6.0,1.0,True
source_identity,mpair_00002506_cond_01_2p,mpair_00002506,eval,2,"HBA,RB",Cc1ccc(C(=O)CN2c3ccccc3C(=O)N(Cc3ccccc3)S2(=O)=O)cc1,COc1ccc(C(=O)CN2c3ccccc3C(=O)N(Cc3ccccc3)S2(=O)=O)cc1,Cc1ccc(C(=O)CN2c3ccccc3C(=O)N(Cc3ccccc3)S2(=O)=O)cc1,O=C(CN1c2ccccc2C(=O)N(Cc2ccccc2)S1(=O)=O)c1ccccc1,O=C(CN1c2ccccc2C(=O)N(Cc2ccccc2)S1(=O)=O)c1ccccc1,True,True,True,,1.0,0.7843137254901961,,,,,,,,,,,,,,,,,,,,,5.0,4.0,1.0,True,6.0,5.0,1.0,True
source_identity,mpair_00002510_cond_02_2p,mpair_00002510,eval,2,"LogP,TPSA",CSc1cc(-c2ccc(Br)cc2)oc(=O)c1C#N,CSc1cc(-c2ccc(Br)cc2)oc(=O)c1Cl,CSc1cc(-c2ccc(Br)cc2)oc(=O)c1C#N,O=c1cccc(-c2ccccc2)o1,O=c1cccc(-c2ccccc2)o1,True,False,False,,1.0,0.6428571428571429,,,,,4.444600000000002,3.662880000000002,0.78172,True,,,,,30.21,54.0,23.79,False,,,,,,,,,,,,
source_identity,mpair_00002517_cond_01_2p,mpair_00002517,eval,2,"MW,LogP",CSc1cc(-c2ccc(Cl)cc2)oc(=O)c1Br,CSc1cc(-c2ccc(Cl)cc2)oc(=O)c1,CSc1cc(-c2ccc(Cl)cc2)oc(=O)c1Br,O=c1cccc(-c2ccccc2)o1,O=c1cccc(-c2ccccc2)o1,True,False,False,,1.0,0.5365853658536586,252.72199999999998,331.61799999999994,78.89599999999996,False,3.682100000000002,4.444600000000001,0.7624999999999993,True,,,,,,,,,,,,,,,,,,,,
source_identity,mpair_00002525_cond_01_2p,mpair_00002525,eval,2,"QED,RB",CSc1cc(-c2ccc(Cl)cc2)oc(=O)c1C(N)=O,CSc1cc(-c2ccc(Br)cc2)oc(=O)c1C#N,CSc1cc(-c2ccc(Cl)cc2)oc(=O)c1C(N)=O,O=c1cccc(-c2ccccc2)o1,O=c1cccc(-c2ccccc2)o1,True,True,True,,1.0,0.43137254901960786,,,,,,,,,0.791886779601309,0.8837306867126842,0.09184390711137513,True,,,,,,,,,,,,,2.0,3.0,1.0,True
source_identity,mpair_00002533_cond_02_2p,mpair_00002533,eval,2,"TPSA,HBA",CSc1cc(-c2ccc(Br)cc2)oc(=O)c1C#N,CSc1cc(-c2ccc(Cl)cc2)oc(=O)c1Br,CSc1cc(-c2ccc(Br)cc2)oc(=O)c1C#N,O=c1cccc(-c2ccccc2)o1,O=c1cccc(-c2ccccc2)o1,True,False,False,,1.0,0.5333333333333333,,,,,,,,,,,,,30.21,54.0,23.79,False,,,,,3.0,4.0,1.0,True,,,,
source_identity,mpair_00002546_cond_00_2p,mpair_00002546,eval,2,"MW,LogP",CSc1cc(-c2ccc(Br)cc2)oc(=O)c1Br,CSc1cc(-c2ccc(Br)cc2)oc(=O)c1C#N,CSc1cc(-c2ccc(Br)cc2)oc(=O)c1Br,O=c1cccc(-c2ccccc2)o1,O=c1cccc(-c2ccccc2)o1,True,False,False,,1.0,0.675,322.1830000000001,376.0690000000001,53.88599999999997,False,3.662880000000002,4.553700000000002,0.8908199999999997,True,,,,,,,,,,,,,,,,,,,,
source_identity,mpair_00002554_cond_02_2p,mpair_00002554,eval,2,"HBD,RB",CSc1cc(-c2ccc(Cl)cc2)oc(=O)c1C(N)=O,CSc1cc(-c2ccc(Cl)cc2)oc(=O)c1,CSc1cc(-c2ccc(Cl)cc2)oc(=O)c1C(N)=O,O=c1cccc(-c2ccccc2)o1,O=c1cccc(-c2ccccc2)o1,True,True,True,,1.0,0.4888888888888889,,,,,,,,,,,,,,,,,0.0,1.0,1.0,True,,,,,2.0,3.0,1.0,True
source_identity,mpair_00002558_cond_02_2p,mpair_00002558,eval,2,"QED,HBA",CSc1nc(-c2ccc(OC(F)(F)F)cc2)nn1C(=O)N(C)c1ccccc1,CSc1nc(-c2ccc(Cl)cc2)nn1C(=O)N(C)c1ccccc1,CSc1nc(-c2ccc(OC(F)(F)F)cc2)nn1C(=O)N(C)c1ccccc1,O=C(Nc1ccccc1)n1cnc(-c2ccccc2)n1,O=C(Nc1ccccc1)n1cnc(-c2ccccc2)n1,True,True,True,,1.0,0.7037037037037037,,,,,,,,,0.6499636794176425,0.5874043626188404,0.06255931679880211,True,,,,,,,,,5.0,6.0,1.0,True,,,,
source_identity,mpair_00002562_cond_00_2p,mpair_00002562,eval,2,"LogP,QED",CSc1nc(-c2ccc(Cl)cc2)nn1C(=O)N(C)c1ccccc1,CN(C(=O)n1nc(-c2ccc(Cl)cc2)nc1SCC(F)(F)F)c1ccccc1,CSc1nc(-c2ccc(Cl)cc2)nn1C(=O)N(C)c1ccccc1,O=C(Nc1ccccc1)n1cnc(-c2ccccc2)n1,O=C(Nc1ccccc1)n1cnc(-c2ccccc2)n1,True,False,False,,1.0,0.7222222222222222,,,,,5.357400000000003,4.424900000000004,0.9324999999999992,True,0.5270344401044634,0.6499636794176425,0.12292923931317912,False,,,,,,,,,,,,,,,,
source_identity,mpair_00002565_cond_00_2p,mpair_00002565,eval,2,"MW,QED",CSc1nc(-c2ccc(OC(F)(F)F)cc2)nn1C(=O)N(C)c1ccccc1,CSc1nc(-c2ccc(C)cc2)nn1C(=O)N(C)c1ccccc1,CSc1nc(-c2ccc(OC(F)(F)F)cc2)nn1C(=O)N(C)c1ccccc1,O=C(Nc1ccccc1)n1cnc(-c2ccccc2)n1,O=C(Nc1ccccc1)n1cnc(-c2ccccc2)n1,True,False,False,,1.0,0.7169811320754716,338.43600000000004,408.4050000000001,69.96900000000005,False,,,,,0.6753188675979567,0.5874043626188404,0.08791450497911624,True,,,,,,,,,,,,,,,,
source_identity,mpair_00002567_cond_00_2p,mpair_00002567,eval,2,"HBD,RB",COc1cc(C(=O)N2CCN(C(=O)c3cc(OC)c(OC)c(OC)c3)C(COC(=O)NCCC(C)C)C2)cc(OC)c1OC,CCN(CC)C(=O)OCC1CN(C(=O)c2cc(OC)c(OC)c(OC)c2)CCN1C(=O)c1cc(OC)c(OC)c(OC)c1,COc1cc(C(=O)N2CCN(C(=O)c3cc(OC)c(OC)c(OC)c3)C(COC(=O)NCCC(C)C)C2)cc(OC)c1OC,O=C(c1ccccc1)N1CCN(C(=O)c2ccccc2)CC1,O=C(c1ccccc1)N1CCN(C(=O)c2ccccc2)CC1,True,True,True,,1.0,0.6451612903225806,,,,,,,,,,,,,,,,,0.0,1.0,1.0,True,,,,,12.0,13.0,1.0,True
source_identity,mpair_00002571_cond_00_2p,mpair_00002571,eval,2,"HBD,RB",CCN(CC)C(=O)OCC1CN(C(=O)c2cc(OC)c(OC)c(OC)c2)CCN1C(=O)c1cc(OC)c(OC)c(OC)c1,COc1cc(C(=O)N2CCN(C(=O)c3cc(OC)c(OC)c(OC)c3)C(COC(=O)NCCC(C)C)C2)cc(OC)c1OC,CCN(CC)C(=O)OCC1CN(C(=O)c2cc(OC)c(OC)c(OC)c2)CCN1C(=O)c1cc(OC)c(OC)c(OC)c1,O=C(c1ccccc1)N1CCN(C(=O)c2ccccc2)CC1,O=C(c1ccccc1)N1CCN(C(=O)c2ccccc2)CC1,True,True,True,,1.0,0.6451612903225806,,,,,,,,,,,,,,,,,1.0,0.0,1.0,True,,,,,13.0,12.0,1.0,True
source_identity,mpair_00002574_cond_00_2p,mpair_00002574,eval,2,"LogP,RB",COc1cc(C(=O)N2CCN(C(=O)c3cc(OC)c(OC)c(OC)c3)C(COC(=O)CC(C)(C)C)C2)cc(OC)c1OC,CCN(CC)C(=O)OCC1CN(C(=O)c2cc(OC)c(OC)c(OC)c2)CCN1C(=O)c1cc(OC)c(OC)c(OC)c1,COc1cc(C(=O)N2CCN(C(=O)c3cc(OC)c(OC)c(OC)c3)C(COC(=O)CC(C)(C)C)C2)cc(OC)c1OC,O=C(c1ccccc1)N1CCN(C(=O)c2ccccc2)CC1,O=C(c1ccccc1)N1CCN(C(=O)c2ccccc2)CC1,True,True,True,,1.0,0.6896551724137931,,,,,3.1834000000000024,3.684400000000003,0.5010000000000003,True,,,,,,,,,,,,,,,,,12.0,11.0,1.0,True
source_identity,mpair_00002576_cond_01_2p,mpair_00002576,eval,2,"HBD,RB",COc1cc(C(=O)N2CCN(C(=O)c3cc(OC)c(OC)c(OC)c3)C(COC(C)=O)C2)cc(OC)c1OC,COc1cc(C(=O)N2CCN(C(=O)c3cc(OC)c(OC)c(OC)c3)C(COC(=O)NCCC(C)C)C2)cc(OC)c1OC,COc1cc(C(=O)N2CCN(C(=O)c3cc(OC)c(OC)c(OC)c3)C(COC(C)=O)C2)cc(OC)c1OC,O=C(c1ccccc1)N1CCN(C(=O)c2ccccc2)CC1,O=C(c1ccccc1)N1CCN(C(=O)c2ccccc2)CC1,True,False,False,,1.0,0.7017543859649122,,,,,,,,,,,,,,,,,1.0,0.0,1.0,True,,,,,13.0,10.0,3.0,False
source_identity,mpair_00002578_cond_01_2p,mpair_00002578,eval,2,"LogP,RB",CCN(CC)C(=O)OCC1CN(C(=O)c2cc(OC)c(OC)c(OC)c2)CCN1C(=O)c1cc(OC)c(OC)c(OC)c1,COc1cc(C(=O)N2CCN(C(=O)c3cc(OC)c(OC)c(OC)c3)C(COC(=O)CC(C)(C)C)C2)cc(OC)c1OC,CCN(CC)C(=O)OCC1CN(C(=O)c2cc(OC)c(OC)c(OC)c2)CCN1C(=O)c1cc(OC)c(OC)c(OC)c1,O=C(c1ccccc1)N1CCN(C(=O)c2ccccc2)CC1,O=C(c1ccccc1)N1CCN(C(=O)c2ccccc2)CC1,True,True,True,,1.0,0.6896551724137931,,,,,3.684400000000003,3.1834000000000024,0.5010000000000003,True,,,,,,,,,,,,,,,,,11.0,12.0,1.0,True
source_identity,mpair_00002588_cond_02_2p,mpair_00002588,eval,2,"TPSA,HBA",COc1cc(C(=O)N2CCN(C(=O)c3cc(OC)c(OC)c(OC)c3)CC2)cc(OC)c1OC,CCN(CC)C(=O)OCC1CN(C(=O)c2cc(OC)c(OC)c(OC)c2)CCN1C(=O)c1cc(OC)c(OC)c(OC)c1,COc1cc(C(=O)N2CCN(C(=O)c3cc(OC)c(OC)c(OC)c3)CC2)cc(OC)c1OC,O=C(c1ccccc1)N1CCN(C(=O)c2ccccc2)CC1,O=C(c1ccccc1)N1CCN(C(=O)c2ccccc2)CC1,True,False,False,,1.0,0.52,,,,,,,,,,,,,125.54,96.00000000000001,29.539999999999992,False,,,,,10.0,8.0,2.0,False,,,,
source_identity,mpair_00002596_cond_01_2p,mpair_00002596,eval,2,"HBA,RB",COc1ccc(C(=O)Nc2c(F)cncc2F)c2ccc(C(F)(F)F)nc12,COc1ccc(C(=O)Nc2c(Cl)cncc2Cl)c2ccc(C(C)O)nc12,COc1ccc(C(=O)Nc2c(F)cncc2F)c2ccc(C(F)(F)F)nc12,O=C(Nc1ccncc1)c1cccc2ncccc12,O=C(Nc1ccncc1)c1cccc2ncccc12,True,True,True,,1.0,0.532258064516129,,,,,,,,,,,,,,,,,,,,,5.0,4.0,1.0,True,4.0,3.0,1.0,True
source_identity,mpair_00002599_cond_01_2p,mpair_00002599,eval,2,"TPSA,HBA",COc1ccc(C(=O)Nc2c(Cl)cncc2Cl)c2ccc(C(C)=O)nc12,CCc1ccc2c(C(=O)Nc3c(Cl)cncc3Cl)ccc(OC)c2n1,COc1ccc(C(=O)Nc2c(Cl)cncc2Cl)c2ccc(C(C)=O)nc12,O=C(Nc1ccncc1)c1cccc2ncccc12,O=C(Nc1ccncc1)c1cccc2ncccc12,True,True,True,,1.0,0.7222222222222222,,,,,,,,,,,,,64.11,81.17999999999999,17.069999999999993,True,,,,,4.0,5.0,1.0,True,,,,
source_identity,mpair_00002602_cond_02_2p,mpair_00002602,eval,2,"TPSA,RB",COc1ccc(C(=O)Nc2ccncc2Cl)c2ccc(C(F)(F)F)nc12,COc1ccc(C(=O)Nc2c(Cl)cncc2Cl)c2ccc(C(C)O)nc12,COc1ccc(C(=O)Nc2ccncc2Cl)c2ccc(C(F)(F)F)nc12,O=C(Nc1ccncc1)c1cccc2ncccc12,O=C(Nc1ccncc1)c1cccc2ncccc12,True,False,False,,1.0,0.5230769230769231,,,,,,,,,,,,,84.34,64.11,20.230000000000004,False,,,,,,,,,4.0,3.0,1.0,True
source_identity,mpair_00002604_cond_02_2p,mpair_00002604,eval,2,"TPSA,HBA",CCc1ccc2c(C(=O)Nc3c(Cl)cncc3Cl)ccc(OC)c2n1,COc1ccc(C(=O)Nc2c(Cl)cncc2Cl)c2ccc(C(C)=O)nc12,CCc1ccc2c(C(=O)Nc3c(Cl)cncc3Cl)ccc(OC)c2n1,O=C(Nc1ccncc1)c1cccc2ncccc12,O=C(Nc1ccncc1)c1cccc2ncccc12,True,True,True,,1.0,0.7222222222222222,,,,,,,,,,,,,81.17999999999999,64.11,17.069999999999993,True,,,,,5.0,4.0,1.0,True,,,,
source_identity,mpair_00002609_cond_01_2p,mpair_00002609,eval,2,"LogP,RB",COc1ccc(C(=O)Nc2c(Cl)cncc2Cl)c2cccnc12,CCc1ccc2c(C(=O)Nc3c(Cl)cncc3Cl)ccc(OC)c2n1,COc1ccc(C(=O)Nc2c(Cl)cncc2Cl)c2cccnc12,O=C(Nc1ccncc1)c1cccc2ncccc12,O=C(Nc1ccncc1)c1cccc2ncccc12,True,True,True,,1.0,0.6545454545454545,,,,,4.759900000000003,4.1975000000000025,0.5624000000000002,True,,,,,,,,,,,,,,,,,4.0,3.0,1.0,True
source_identity,mpair_00002614_cond_02_2p,mpair_00002614,eval,2,"MW,RB",COc1ccc(C(=O)Nc2c(Cl)cncc2Cl)c2cccnc12,COc1ccc(C(=O)Nc2c(Cl)cncc2Cl)c2ccc(C(C)=O)nc12,COc1ccc(C(=O)Nc2c(Cl)cncc2Cl)c2cccnc12,O=C(Nc1ccncc1)c1cccc2ncccc12,O=C(Nc1ccncc1)c1cccc2ncccc12,True,False,False,,1.0,0.6666666666666666,390.22600000000017,348.1890000000001,42.03700000000009,False,,,,,,,,,,,,,,,,,,,,,4.0,3.0,1.0,True
source_identity,mpair_00002618_cond_02_2p,mpair_00002618,eval,2,"HBA,RB",COc1ccc(C(=O)Nc2c(Cl)cncc2Cl)c2ccc(C(C)O)nc12,COc1ccc(C(=O)Nc2ccncc2Cl)c2cccnc12,COc1ccc(C(=O)Nc2c(Cl)cncc2Cl)c2ccc(C(C)O)nc12,O=C(Nc1ccncc1)c1cccc2ncccc12,O=C(Nc1ccncc1)c1cccc2ncccc12,True,True,True,,1.0,0.49206349206349204,,,,,,,,,,,,,,,,,,,,,4.0,5.0,1.0,True,3.0,4.0,1.0,True
source_identity,mpair_00002621_cond_02_2p,mpair_00002621,eval,2,"MW,QED",COc1ccc(C(=O)Nc2c(Cl)cncc2Cl)c2cccnc12,COc1ccc(C(=O)Nc2c(F)cncc2F)c2ccc(C(F)(F)F)nc12,COc1ccc(C(=O)Nc2c(Cl)cncc2Cl)c2cccnc12,O=C(Nc1ccncc1)c1cccc2ncccc12,O=C(Nc1ccncc1)c1cccc2ncccc12,True,False,False,,1.0,0.4918032786885246,383.276,348.1890000000001,35.08699999999993,False,,,,,0.6893032571109005,0.7706046174674384,0.0813013603565379,True,,,,,,,,,,,,,,,,
source_identity,mpair_00002626_cond_00_2p,mpair_00002626,eval,2,"MW,QED",COc1ccc(C(=O)Nc2c(F)cncc2F)c2ccc(C(F)(F)F)nc12,COc1ccc(C(=O)Nc2ccncc2Cl)c2cccnc12,COc1ccc(C(=O)Nc2c(F)cncc2F)c2ccc(C(F)(F)F)nc12,O=C(Nc1ccncc1)c1cccc2ncccc12,O=C(Nc1ccncc1)c1cccc2ncccc12,True,False,False,,1.0,0.4090909090909091,313.744,383.276,69.53199999999998,False,,,,,0.8029165077767629,0.6893032571109005,0.11361325066586248,False,,,,,,,,,,,,,,,,
source_identity,mpair_00002630_cond_00_2p,mpair_00002630,eval,2,"QED,TPSA",CC(C)CC(=O)N1C[C@H](c2ccccc2)C[C@H]1C(=O)N[C@@H](CC(F)F)C(=O)NCCc1c(F)cc(C(=O)O)cc1F,CC(C)[C@@H](O)C(=O)N1C[C@H](c2ccccc2)C[C@H]1C(=O)N[C@@H](CC(F)F)C(=O)NCCc1c(F)cc(C(=O)O)cc1F,CC(C)CC(=O)N1C[C@H](c2ccccc2)C[C@H]1C(=O)N[C@@H](CC(F)F)C(=O)NCCc1c(F)cc(C(=O)O)cc1F,O=C(CNC(=O)[C@@H]1C[C@@H](c2ccccc2)CN1)NCCc1ccccc1,O=C(CNC(=O)[C@@H]1C[C@@H](c2ccccc2)CN1)NCCc1ccccc1,True,False,False,,1.0,0.7916666666666666,,,,,,,,,0.2789053789646464,0.3302613314122171,0.051355952447570685,True,136.04,115.81000000000002,20.229999999999976,False,,,,,,,,,,,,
source_identity,mpair_00003109_cond_01_2p,mpair_00003109,eval,2,"LogP,QED",CN1CCC[C@H]1COc1cccnn1,CN1CCC[C@H]1COc1ccc(Cl)nn1,CN1CCC[C@H]1COc1cccnn1,c1cnnc(OC[C@@H]2CCCN2)c1,c1cnnc(OC[C@@H]2CCCN2)c1,True,True,True,,1.0,0.6511627906976745,,,,,1.6029999999999998,0.9495999999999998,0.6534,True,0.7864914737289573,0.7160423680458043,0.07044910568315299,True,,,,,,,,,,,,,,,,
source_identity,mpair_00003111_cond_00_2p,mpair_00003111,eval,2,"QED,RB",Cc1nc2nnc(C(C)(C)C)nn2c(=O)c1C,CCCCc1nnc2nc(C)c(C)c(=O)n2n1,Cc1nc2nnc(C(C)(C)C)nn2c(=O)c1C,O=c1ccnc2nncnn12,O=c1ccnc2nncnn12,True,False,False,,1.0,0.5238095238095238,,,,,,,,,0.7849999676400611,0.6723856505150625,0.11261431712499859,False,,,,,,,,,,,,,3.0,0.0,3.0,False
source_identity,mpair_00003112_cond_02_2p,mpair_00003112,eval,2,"MW,LogP",Cc1nc2nnc(C(C)(C)C)nn2c(=O)c1C,Cc1nc2nncnn2c(=O)c1C,Cc1nc2nnc(C(C)(C)C)nn2c(=O)c1C,O=c1ccnc2nncnn12,O=c1ccnc2nncnn12,True,False,False,,1.0,0.48717948717948717,177.167,233.27499999999998,56.107999999999976,False,-0.5036600000000002,0.7938399999999997,1.2974999999999999,False,,,,,,,,,,,,,,,,,,,,
source_identity,mpair_00003202_cond_00_2p,mpair_00003202,eval,2,"TPSA,HBA",O=C(OCc1ccc(-c2ccccc2)cc1)n1cccn1,N#Cc1cnn(C(=O)OCc2ccc(-c3ccccc3)cc2)c1,O=C(OCc1ccc(-c2ccccc2)cc1)n1cccn1,O=C(OCc1ccc(-c2ccccc2)cc1)n1cccn1,O=C(OCc1ccc(-c2ccccc2)cc1)n1cccn1,True,False,False,,1.0,0.5833333333333334,,,,,,,,,,,,,67.91,44.120000000000005,23.789999999999992,False,,,,,5.0,4.0,1.0,True,,,,
source_identity,mpair_00003203_cond_02_2p,mpair_00003203,eval,2,"TPSA,HBA",N#Cc1cnn(C(=O)OCc2ccc(-c3ccccc3)cc2)c1,Cc1cnn(C(=O)OCc2ccc(-c3ccccc3)cc2)c1,N#Cc1cnn(C(=O)OCc2ccc(-c3ccccc3)cc2)c1,O=C(OCc1ccc(-c2ccccc2)cc1)n1cccn1,O=C(OCc1ccc(-c2ccccc2)cc1)n1cccn1,True,False,False,,1.0,0.6808510638297872,,,,,,,,,,,,,44.120000000000005,67.91,23.789999999999992,False,,,,,4.0,5.0,1.0,True,,,,
source_identity,mpair_00003205_cond_01_2p,mpair_00003205,eval,2,"TPSA,HBA",N#Cc1cnn(C(=O)OCc2ccc(-c3ccccc3)cc2)c1,O=C(OCc1ccc(-c2ccccc2)cc1)n1cccn1,N#Cc1cnn(C(=O)OCc2ccc(-c3ccccc3)cc2)c1,O=C(OCc1ccc(-c2ccccc2)cc1)n1cccn1,O=C(OCc1ccc(-c2ccccc2)cc1)n1cccn1,True,False,False,,1.0,0.5833333333333334,,,,,,,,,,,,,44.120000000000005,67.91,23.789999999999992,False,,,,,4.0,5.0,1.0,True,,,,
source_identity,mpair_00003208_cond_02_2p,mpair_00003208,eval,2,"QED,TPSA",NC(=O)N/N=C\c1ccccc1OCc1ccc2no[n+]([O-])c2c1,NC(=S)N/N=C/c1cccc(OCc2ccc3no[n+]([O-])c3c2)c1,NC(=O)N/N=C\c1ccccc1OCc1ccc2no[n+]([O-])c2c1,c1ccc(OCc2ccc3no[nH+]c3c2)cc1,c1ccc(OCc2ccc3no[nH+]c3c2)cc1,True,False,False,,1.0,0.5882352941176471,,,,,,,,,0.30972390933844063,0.4106849547701945,0.10096104543175388,False,112.61,129.68,17.070000000000007,True,,,,,,,,,,,,
source_identity,mpair_00003212_cond_00_2p,mpair_00003212,eval,2,"HBA,RB",CC(C)NC(=O)c1ccc2c(Nc3ccc(Cl)cc3)nc(N3CCOCC3)nc2c1,COC(=O)c1ccc2c(Nc3ccc(Cl)cc3)nc(N3CCOCC3)nc2c1,CC(C)NC(=O)c1ccc2c(Nc3ccc(Cl)cc3)nc(N3CCOCC3)nc2c1,c1ccc(Nc2nc(N3CCOCC3)nc3ccccc23)cc1,c1ccc(Nc2nc(N3CCOCC3)nc3ccccc23)cc1,True,True,True,,1.0,0.7833333333333333,,,,,,,,,,,,,,,,,,,,,7.0,6.0,1.0,True,4.0,5.0,1.0,True
source_identity,mpair_00003216_cond_00_2p,mpair_00003216,eval,2,"HBD,HBA",COC(=O)c1ccc2c(Nc3ccc(Cl)cc3)nc(N3CCOCC3)nc2c1,CC(C)NC(=O)c1ccc2c(Nc3ccc(Cl)cc3)nc(N3CCOCC3)nc2c1,COC(=O)c1ccc2c(Nc3ccc(Cl)cc3)nc(N3CCOCC3)nc2c1,c1ccc(Nc2nc(N3CCOCC3)nc3ccccc23)cc1,c1ccc(Nc2nc(N3CCOCC3)nc3ccccc23)cc1,True,True,True,,1.0,0.7833333333333333,,,,,,,,,,,,,,,,,2.0,1.0,1.0,True,6.0,7.0,1.0,True,,,,
source_identity,mpair_00003223_cond_02_2p,mpair_00003223,eval,2,"MW,QED",COc1ccc(S(=O)(=O)N(Cc2cccnc2)c2c(C)cc(Br)cc2C(=O)NO)cc1,COc1ccc(S(=O)(=O)N(Cc2cccnc2)c2c(C)cccc2C(=O)NO)cc1,COc1ccc(S(=O)(=O)N(Cc2cccnc2)c2c(C)cc(Br)cc2C(=O)NO)cc1,O=S(=O)(c1ccccc1)N(Cc1cccnc1)c1ccccc1,O=S(=O)(c1ccccc1)N(Cc1cccnc1)c1ccccc1,True,False,False,,1.0,0.819672131147541,427.48200000000014,506.37800000000016,78.89600000000002,False,,,,,0.44330794633881315,0.3740614499694089,0.06924649636940428,True,,,,,,,,,,,,,,,,
source_identity,mpair_00003225_cond_01_2p,mpair_00003225,eval,2,"QED,RB",COCCCN(/C(S)=C1/C(=O)c2cc(Cl)ccc2N(C)C1=O)c1ccccc1,COc1cccc(N(C)/C(S)=C2/C(=O)c3cc(Cl)ccc3N(C)C2=O)c1,COCCCN(/C(S)=C1/C(=O)c2cc(Cl)ccc2N(C)C1=O)c1ccccc1,O=C1Nc2ccccc2C(=O)/C1=C/Nc1ccccc1,O=C1Nc2ccccc2C(=O)/C1=C/Nc1ccccc1,True,False,False,,1.0,0.5846153846153846,,,,,,,,,0.4935411914533051,0.3319041471572704,0.1616370442960347,False,,,,,,,,,,,,,3.0,6.0,3.0,False
source_identity,mpair_00003227_cond_00_2p,mpair_00003227,eval,2,"QED,RB",COc1ccc(N(C)/C(S)=C2/C(=O)c3cc(Cl)ccc3N(C)C2=O)cc1,COCCCN(/C(S)=C1/C(=O)c2cc(Cl)ccc2N(C)C1=O)c1ccccc1,COc1ccc(N(C)/C(S)=C2/C(=O)c3cc(Cl)ccc3N(C)C2=O)cc1,O=C1Nc2ccccc2C(=O)/C1=C/Nc1ccccc1,O=C1Nc2ccccc2C(=O)/C1=C/Nc1ccccc1,True,False,False,,1.0,0.5625,,,,,,,,,0.3319041471572704,0.4935411914533051,0.1616370442960347,False,,,,,,,,,,,,,6.0,3.0,3.0,False
source_identity,mpair_00003229_cond_02_2p,mpair_00003229,eval,2,"QED,HBD",CCCCc1nn(-c2ccccn2)c(C(=O)OCC)c1Cc1ccc(-c2ccccc2-c2nn[nH]n2)cc1,CCCCc1nn(-c2ccccn2)c(C(=O)O)c1Cc1ccc(-c2ccccc2-c2nn[nH]n2)cc1,CCCCc1nn(-c2ccccn2)c(C(=O)OCC)c1Cc1ccc(-c2ccccc2-c2nn[nH]n2)cc1,c1ccc(-n2cc(Cc3ccc(-c4ccccc4-c4nn[nH]n4)cc3)cn2)nc1,c1ccc(-n2cc(Cc3ccc(-c4ccccc4-c4nn[nH]n4)cc3)cn2)nc1,True,True,True,,1.0,0.8405797101449275,,,,,,,,,0.31281238062525013,0.25784000650209704,0.05497237412315309,True,,,,,2.0,1.0,1.0,True,,,,,,,,
source_identity,mpair_00003534_cond_01_2p,mpair_00003534,eval,2,"QED,RB",O=S(=O)(CC(F)(F)F)N(Cc1cccnc1)c1cccc(OC(F)(F)F)c1,CC(C)Oc1cccc(N(Cc2cccnc2)S(=O)(=O)CC(F)(F)F)c1,O=S(=O)(CC(F)(F)F)N(Cc1cccnc1)c1cccc(OC(F)(F)F)c1,c1ccc(NCc2cccnc2)cc1,c1ccc(NCc2cccnc2)cc1,True,True,True,,1.0,0.7777777777777778,,,,,,,,,0.7245796953652621,0.6736163493728189,0.05096334599244323,True,,,,,,,,,,,,,7.0,6.0,1.0,True
source_identity,mpair_00003538_cond_01_2p,mpair_00003538,eval,2,"LogP,TPSA",CCC(C)COc1cccc(N(Cc2cccnc2)S(=O)(=O)CC(F)(F)F)c1,CCOC(=O)C(C)Oc1cccc(N(Cc2cccnc2)S(=O)(=O)CC(F)(F)F)c1,CCC(C)COc1cccc(N(Cc2cccnc2)S(=O)(=O)CC(F)(F)F)c1,c1ccc(NCc2cccnc2)cc1,c1ccc(NCc2cccnc2)cc1,True,False,False,,1.0,0.6923076923076923,,,,,3.3107000000000024,4.405200000000004,1.0945000000000018,False,,,,,85.80000000000001,59.5,26.30000000000001,False,,,,,,,,,,,,
source_identity,mpair_00003542_cond_00_2p,mpair_00003542,eval,2,"QED,RB",CC(C)COc1cccc(N(Cc2cccnc2)S(=O)(=O)CC(F)(F)F)c1,CCC(C)COc1cccc(N(Cc2cccnc2)S(=O)(=O)CC(F)(F)F)c1,CC(C)COc1cccc(N(Cc2cccnc2)S(=O)(=O)CC(F)(F)F)c1,c1ccc(NCc2cccnc2)cc1,c1ccc(NCc2cccnc2)cc1,True,True,True,,1.0,0.8421052631578947,,,,,,,,,0.6078002459089881,0.6693605971809802,0.06156035127199211,True,,,,,,,,,,,,,9.0,8.0,1.0,True
source_identity,mpair_00003543_cond_02_2p,mpair_00003543,eval,2,"QED,RB",CC(C)Oc1cccc(N(Cc2cccnc2)S(=O)(=O)CC(F)(F)F)c1,COc1cccc(N(Cc2cccnc2)S(=O)(=O)CC(F)(F)F)c1,CC(C)Oc1cccc(N(Cc2cccnc2)S(=O)(=O)CC(F)(F)F)c1,c1ccc(NCc2cccnc2)cc1,c1ccc(NCc2cccnc2)cc1,True,True,True,,1.0,0.8113207547169812,,,,,,,,,0.7946521442277092,0.7245796953652621,0.07007244886244712,True,,,,,,,,,,,,,6.0,7.0,1.0,True
source_identity,mpair_00003546_cond_01_2p,mpair_00003546,eval,2,"MW,RB",COc1cccc(N(Cc2cccnc2)S(=O)(=O)CC(F)(F)F)c1,CCCC(C)Oc1cccc(N(Cc2cccnc2)S(=O)(=O)CC(F)(F)F)c1,COc1cccc(N(Cc2cccnc2)S(=O)(=O)CC(F)(F)F)c1,c1ccc(NCc2cccnc2)cc1,c1ccc(NCc2cccnc2)cc1,True,False,False,,1.0,0.7413793103448276,416.4650000000001,360.3570000000001,56.108000000000004,False,,,,,,,,,,,,,,,,,,,,,9.0,6.0,3.0,False
source_identity,mpair_00003548_cond_01_2p,mpair_00003548,eval,2,"QED,HBA",CCOC(=O)C(C)Oc1cccc(N(Cc2cccnc2)S(=O)(=O)CC(F)(F)F)c1,O=S(=O)(CC(F)(F)F)N(Cc1cccnc1)c1cccc(OC(F)(F)F)c1,CCOC(=O)C(C)Oc1cccc(N(Cc2cccnc2)S(=O)(=O)CC(F)(F)F)c1,c1ccc(NCc2cccnc2)cc1,c1ccc(NCc2cccnc2)cc1,True,False,False,,1.0,0.6885245901639344,,,,,,,,,0.6736163493728189,0.5496815697636838,0.12393477960913513,False,,,,,,,,,4.0,6.0,2.0,False,,,,
source_identity,mpair_00000003_cond_01_3p,mpair_00000003,eval,3,"MW,LogP,HBA",COc1cccc(C(=O)N2C[C@H](CN3CCC(c4ccccc4)CC3)[C@@H](c3ccccc3)C2)c1,O=C(c1ccccc1Br)N1C[C@H](CN2CCC(c3ccccc3)CC2)[C@@H](c2ccccc2)C1,COc1cccc(C(=O)N2C[C@H](CN3CCC(c4ccccc4)CC3)[C@@H](c3ccccc3)C2)c1,O=C(c1ccccc1)N1C[C@H](CN2CCC(c3ccccc3)CC2)[C@@H](c2ccccc2)C1,O=C(c1ccccc1)N1C[C@H](CN2CCC(c3ccccc3)CC2)[C@@H](c2ccccc2)C1,True,False,False,,1.0,0.6065573770491803,503.48400000000026,454.61400000000015,48.87000000000012,False,6.184500000000006,5.430600000000005,0.7539000000000007,True,,,,,,,,,,,,,2.0,3.0,1.0,True,,,,
source_identity,mpair_00000009_cond_02_3p,mpair_00000009,eval,3,"LogP,HBA,RB",COc1cccc(C(=O)N2C[C@H](CN3CCC(c4ccccc4)CC3)[C@@H](c3ccccc3)C2)c1,O=C(c1cccc(Cl)c1)N1C[C@H](CN2CCC(c3ccccc3)CC2)[C@@H](c2ccccc2)C1,COc1cccc(C(=O)N2C[C@H](CN3CCC(c4ccccc4)CC3)[C@@H](c3ccccc3)C2)c1,O=C(c1ccccc1)N1C[C@H](CN2CCC(c3ccccc3)CC2)[C@@H](c2ccccc2)C1,O=C(c1ccccc1)N1C[C@H](CN2CCC(c3ccccc3)CC2)[C@@H](c2ccccc2)C1,True,True,True,,1.0,0.7413793103448276,,,,,6.075400000000006,5.430600000000005,0.6448000000000009,True,,,,,,,,,,,,,2.0,3.0,1.0,True,5.0,6.0,1.0,True
source_identity,mpair_00000015_cond_02_3p,mpair_00000015,eval,3,"LogP,TPSA,HBA",O=C(O)CC[C@H]1CC[C@H]2CN[C@H](C(=O)O)C[C@H]2C1,O=C(O)[C@@H]1C[C@H]2C[C@@H](CCS(=O)(=O)O)CC[C@H]2CN1,O=C(O)CC[C@H]1CC[C@H]2CN[C@H](C(=O)O)C[C@H]2C1,C1CC[C@H]2CNCC[C@H]2C1,C1CC[C@H]2CNCC[C@H]2C1,True,True,True,,1.0,0.6829268292682927,,,,,0.7433000000000001,1.3301999999999996,0.5868999999999995,True,,,,,103.7,86.63000000000001,17.069999999999993,True,,,,,4.0,3.0,1.0,True,,,,
source_identity,mpair_00000322_cond_00_3p,mpair_00000322,eval,3,"MW,LogP,QED",N[C@@H](C(=O)N[C@@H]1C(=O)N2C(C(=O)O)=C(C(F)(F)F)CC[C@H]12)c1cccc(C(F)(F)F)c1,CSC1=C(C(=O)O)N2C(=O)[C@@H](NC(=O)[C@H](N)c3ccccc3)[C@H]2CC1,N[C@@H](C(=O)N[C@@H]1C(=O)N2C(C(=O)O)=C(C(F)(F)F)CC[C@H]12)c1cccc(C(F)(F)F)c1,O=C(Cc1ccccc1)N[C@@H]1C(=O)N2C=CCC[C@H]12,O=C(Cc1ccccc1)N[C@@H]1C(=O)N2C=CCC[C@H]12,True,False,False,,1.0,0.5757575757575758,361.42300000000006,451.3230000000001,89.90000000000003,False,0.8350000000000002,2.0955999999999997,1.2605999999999995,False,0.6699274889764619,0.4795891963980345,0.19033829257842744,False,,,,,,,,,,,,,,,,
source_identity,mpair_00000329_cond_01_3p,mpair_00000329,eval,3,"QED,HBA,RB",CSC1=C(C(=O)O)N2C(=O)[C@@H](NC(=O)[C@H](N)c3ccccc3)[C@H]2CC1,N[C@@H](C(=O)N[C@@H]1C(=O)N2C(C(=O)O)=C(C(F)(F)F)CC[C@H]12)c1ccc(F)cc1,CSC1=C(C(=O)O)N2C(=O)[C@@H](NC(=O)[C@H](N)c3ccccc3)[C@H]2CC1,O=C(Cc1ccccc1)N[C@@H]1C(=O)N2C=CCC[C@H]12,O=C(Cc1ccccc1)N[C@@H]1C(=O)N2C=CCC[C@H]12,True,False,False,,1.0,0.5873015873015873,,,,,,,,,0.5187711593734389,0.6699274889764619,0.15115632960302305,False,,,,,,,,,4.0,5.0,1.0,True,4.0,5.0,1.0,True
source_identity,mpair_00000331_cond_01_3p,mpair_00000331,eval,3,"TPSA,HBD,HBA",N[C@@H](C(=O)N[C@@H]1C(=O)N2C(C(=O)O)=C(C(F)(F)F)CC[C@H]12)c1ccc(O)cc1,N[C@@H](C(=O)N[C@@H]1C(=O)N2C(C(=O)O)=C(C(F)(F)F)CC[C@H]12)c1ccc(F)cc1,N[C@@H](C(=O)N[C@@H]1C(=O)N2C(C(=O)O)=C(C(F)(F)F)CC[C@H]12)c1ccc(O)cc1,O=C(Cc1ccccc1)N[C@@H]1C(=O)N2C=CCC[C@H]12,O=C(Cc1ccccc1)N[C@@H]1C(=O)N2C=CCC[C@H]12,True,False,False,,1.0,0.8545454545454545,,,,,,,,,,,,,112.73,132.96,20.230000000000004,False,3.0,4.0,1.0,True,4.0,5.0,1.0,True,,,,
source_identity,mpair_00000336_cond_00_3p,mpair_00000336,eval,3,"MW,LogP,QED",N[C@@H](C(=O)N[C@@H]1C(=O)N2C(C(=O)O)=C(C(F)(F)F)CC[C@H]12)c1cccc(Br)c1,N[C@@H](C(=O)N[C@@H]1C(=O)N2C(C(=O)O)=C(C(F)(F)F)CC[C@H]12)c1ccc(F)cc1,N[C@@H](C(=O)N[C@@H]1C(=O)N2C(C(=O)O)=C(C(F)(F)F)CC[C@H]12)c1cccc(Br)c1,O=C(Cc1ccccc1)N[C@@H]1C(=O)N2C=CCC[C@H]12,O=C(Cc1ccccc1)N[C@@H]1C(=O)N2C=CCC[C@H]12,True,False,False,,1.0,0.7377049180327869,401.3160000000001,462.2220000000001,60.906000000000006,False,1.2158999999999993,1.8392999999999997,0.6234000000000004,True,0.5187711593734389,0.5917241763797754,0.0729530170063365,True,,,,,,,,,,,,,,,,
source_identity,mpair_00000595_cond_01_3p,mpair_00000595,eval,3,"QED,HBD,RB",COc1ccc(CCCC[C@@H]2N[C@@H](CO)[C@H](O)[C@H]2O)cc1,OC[C@@H]1N[C@@H](CCCCc2ccc(O)cc2)[C@H](O)[C@H]1O,COc1ccc(CCCC[C@@H]2N[C@@H](CO)[C@H](O)[C@H]2O)cc1,c1ccc(CCCC[C@H]2CCCN2)cc1,c1ccc(CCCC[C@H]2CCCN2)cc1,True,True,True,,1.0,0.7,,,,,,,,,0.47902706341404183,0.5496005244071775,0.07057346099313572,True,,,,,5.0,4.0,1.0,True,,,,,6.0,7.0,1.0,True
source_identity,mpair_00000726_cond_00_3p,mpair_00000726,eval,3,"MW,LogP,QED",C=CCc1cc(/C=C2\SC(=O)NC2=O)c(OC)cc1OC1CCCCO1,C=CCc1cc(/C=C2\SC(=O)N(CC=C)C2=O)c(OC)cc1OC1CCCCO1,C=CCc1cc(/C=C2\SC(=O)NC2=O)c(OC)cc1OC1CCCCO1,O=C1NC(=O)/C(=C/c2ccc(OC3CCCCO3)cc2)S1,O=C1NC(=O)/C(=C/c2ccc(OC3CCCCO3)cc2)S1,True,False,False,,1.0,0.696969696969697,415.51100000000025,375.4460000000002,40.065000000000055,False,4.551400000000004,3.6530000000000022,0.8984000000000014,True,0.45838471716690443,0.6042673504148035,0.14588263324789907,False,,,,,,,,,,,,,,,,
source_identity,mpair_00000739_cond_01_3p,mpair_00000739,eval,3,"LogP,QED,RB",C=CCc1cc(/C=C2\SC(=O)N(CCCC)C2=O)c(OC)cc1OC1CCCCO1,C=CCc1cc(/C=C2\SC(=O)N(CC=C)C2=O)c(OC)cc1OC1CCCCO1,C=CCc1cc(/C=C2\SC(=O)N(CCCC)C2=O)c(OC)cc1OC1CCCCO1,O=C1NC(=O)/C(=C/c2ccc(OC3CCCCO3)cc2)S1,O=C1NC(=O)/C(=C/c2ccc(OC3CCCCO3)cc2)S1,True,True,True,,1.0,0.8181818181818182,,,,,4.551400000000004,5.165500000000004,0.6141000000000005,True,0.45838471716690443,0.39718598618589046,0.06119873098101397,True,,,,,,,,,,,,,8.0,9.0,1.0,True
source_identity,mpair_00000741_cond_02_3p,mpair_00000741,eval,3,"LogP,QED,RB",C=CCc1cc(/C=C2\SC(=O)N(C)C2=O)c(OC)cc1OC1CCCCO1,C=CCc1cc(/C=C2\SC(=O)N(C(C)C)C2=O)c(OC)cc1OC1CCCCO1,C=CCc1cc(/C=C2\SC(=O)N(C)C2=O)c(OC)cc1OC1CCCCO1,O=C1NC(=O)/C(=C/c2ccc(OC3CCCCO3)cc2)S1,O=C1NC(=O)/C(=C/c2ccc(OC3CCCCO3)cc2)S1,True,True,True,,1.0,0.796875,,,,,4.773800000000004,3.9952000000000023,0.7786000000000017,True,0.4701504427149941,0.5413211960634129,0.07117075334841877,True,,,,,,,,,,,,,7.0,6.0,1.0,True
source_identity,mpair_00000746_cond_01_3p,mpair_00000746,eval,3,"LogP,QED,RB",C=CCc1cc(/C=C2\SC(=O)N(CC=C)C2=O)c(OC)cc1OC1CCCCO1,C=CCc1cc(/C=C2\SC(=O)N(CCCC)C2=O)c(OC)cc1OC1CCCCO1,C=CCc1cc(/C=C2\SC(=O)N(CC=C)C2=O)c(OC)cc1OC1CCCCO1,O=C1NC(=O)/C(=C/c2ccc(OC3CCCCO3)cc2)S1,O=C1NC(=O)/C(=C/c2ccc(OC3CCCCO3)cc2)S1,True,True,True,,1.0,0.8181818181818182,,,,,5.165500000000004,4.551400000000004,0.6141000000000005,True,0.39718598618589046,0.45838471716690443,0.06119873098101397,True,,,,,,,,,,,,,9.0,8.0,1.0,True
source_identity,mpair_00000748_cond_01_3p,mpair_00000748,eval,3,"LogP,QED,RB",C=CCc1cc(/C=C2\SC(=O)N(C)C2=O)c(OC)cc1OC1CCCCO1,C=CCc1cc(/C=C2\SC(=O)N(CC=C)C2=O)c(OC)cc1OC1CCCCO1,C=CCc1cc(/C=C2\SC(=O)N(C)C2=O)c(OC)cc1OC1CCCCO1,O=C1NC(=O)/C(=C/c2ccc(OC3CCCCO3)cc2)S1,O=C1NC(=O)/C(=C/c2ccc(OC3CCCCO3)cc2)S1,True,False,False,,1.0,0.8095238095238095,,,,,4.551400000000004,3.9952000000000023,0.5562000000000014,True,0.45838471716690443,0.5413211960634129,0.08293647889650846,True,,,,,,,,,,,,,8.0,6.0,2.0,False
source_identity,mpair_00000754_cond_02_3p,mpair_00000754,eval,3,"MW,LogP,QED",COC(=O)C[C@@H]1CC(=O)N2[C@H](Cc3c[nH]c4ccccc34)CO[C@@H]2C1,CC[C@H]1CCC(=O)N2[C@H](Cc3c[nH]c4ccccc34)CO[C@H]12,COC(=O)C[C@@H]1CC(=O)N2[C@H](Cc3c[nH]c4ccccc34)CO[C@@H]2C1,O=C1CCC[C@H]2OC[C@@H](Cc3c[nH]c4ccccc34)N12,O=C1CCC[C@H]2OC[C@@H](Cc3c[nH]c4ccccc34)N12,True,False,False,,1.0,0.5072463768115942,298.3860000000001,342.39500000000015,44.00900000000007,False,3.0839000000000016,2.236999999999999,0.8469000000000024,True,0.9461815070706311,0.8651865286551231,0.08099497841550796,True,,,,,,,,,,,,,,,,
source_identity,mpair_00001117_cond_00_3p,mpair_00001117,eval,3,"MW,HBD,HBA",COc1ccc(N2CCN(CCC3c4ccccc4C(=O)N3C)CC2)cc1,O=C1NC(CCN2CCN(c3ccccc3)CC2)c2ccccc21,COc1ccc(N2CCN(CCC3c4ccccc4C(=O)N3C)CC2)cc1,O=C1NC(CCN2CCN(c3ccccc3)CC2)c2ccccc21,O=C1NC(CCN2CCN(c3ccccc3)CC2)c2ccccc21,True,False,False,,1.0,0.47368421052631576,321.4240000000001,365.47700000000015,44.053000000000054,False,,,,,,,,,,,,,1.0,0.0,1.0,True,3.0,4.0,1.0,True,,,,
source_identity,mpair_00001127_cond_02_3p,mpair_00001127,eval,3,"LogP,TPSA,HBD",CN1C(=O)c2ccccc2C1CCN1CCN(c2ccc(Cl)cc2)CC1,COc1ccc(N2CCN(CCC3NC(=O)c4ccccc43)CC2)cc1,CN1C(=O)c2ccccc2C1CCN1CCN(c2ccc(Cl)cc2)CC1,O=C1NC(CCN2CCN(c3ccccc3)CC2)c2ccccc21,O=C1NC(CCN2CCN(c3ccccc3)CC2)c2ccccc21,True,True,True,,1.0,0.48333333333333334,,,,,2.692000000000001,3.679000000000003,0.9870000000000019,True,,,,,44.81,26.790000000000006,18.019999999999996,True,1.0,0.0,1.0,True,,,,,,,,
source_identity,mpair_00001133_cond_01_3p,mpair_00001133,eval,3,"QED,TPSA,HBA",COc1ccccc1CC(=O)NCCC1CCN(CC2COc3ccccc3O2)CC1,O=C(Cc1ccccc1[N+](=O)[O-])NCCC1CCN(CC2COc3ccccc3O2)CC1,COc1ccccc1CC(=O)NCCC1CCN(CC2COc3ccccc3O2)CC1,O=C(Cc1ccccc1)NCCC1CCN(CC2COc3ccccc3O2)CC1,O=C(Cc1ccccc1)NCCC1CCN(CC2COc3ccccc3O2)CC1,True,False,False,,1.0,0.7164179104477612,,,,,,,,,0.5015202818225966,0.7047088784600517,0.20318859663745514,False,93.94,60.03,33.91,False,,,,,6.0,5.0,1.0,True,,,,
source_identity,mpair_00002370_cond_01_3p,mpair_00002370,eval,3,"QED,HBA,RB",CCOC(=O)/C=C/c1cc(C(=O)c2ccc(-n3ccnc3)cc2)cn1C,Cn1cc(C(=O)c2ccc(-n3ccnc3)cc2)cc1/C=C/C(=O)O,CCOC(=O)/C=C/c1cc(C(=O)c2ccc(-n3ccnc3)cc2)cn1C,O=C(c1ccc(-n2ccnc2)cc1)c1cc[nH]c1,O=C(c1ccc(-n2ccnc2)cc1)c1cc[nH]c1,True,False,False,,1.0,0.7454545454545455,,,,,,,,,0.5785260949639057,0.3897342663180413,0.1887918286458644,False,,,,,,,,,5.0,6.0,1.0,True,5.0,6.0,1.0,True
source_identity,mpair_00002375_cond_01_3p,mpair_00002375,eval,3,"LogP,TPSA,HBA",COc1cccc2sc([C@@H]3C[C@H]4CC[C@@H](C3)N4C[C@H](O)COc3cccc4[nH]c(C(N)=O)cc34)cc12,COc1cccc2sc([C@@H]3C[C@H]4CC[C@@H](C3)N4C[C@H](O)COc3cccc4[nH]c(C)cc34)cc12,COc1cccc2sc([C@@H]3C[C@H]4CC[C@@H](C3)N4C[C@H](O)COc3cccc4[nH]c(C(N)=O)cc34)cc12,c1ccc2sc([C@@H]3C[C@H]4CC[C@@H](C3)N4CCCOc3cccc4[nH]ccc34)cc2c1,c1ccc2sc([C@@H]3C[C@H]4CC[C@@H](C3)N4CCCOc3cccc4[nH]ccc34)cc2c1,True,False,False,,1.0,0.7916666666666666,,,,,5.849920000000006,4.640400000000003,1.209520000000003,False,,,,,57.720000000000006,100.81,43.089999999999996,False,,,,,5.0,6.0,1.0,True,,,,
source_identity,mpair_00002464_cond_02_3p,mpair_00002464,eval,3,"QED,HBA,RB",CN(C)CCCOc1cc(C(=O)Nc2ccc(OC(F)(F)F)cc2)n(Cc2ccccc2)n1,CN(C)CCCOc1cc(C(=O)Nc2ccc(Cl)cc2F)n(Cc2ccccc2)n1,CN(C)CCCOc1cc(C(=O)Nc2ccc(OC(F)(F)F)cc2)n(Cc2ccccc2)n1,O=C(Nc1ccccc1)c1ccnn1Cc1ccccc1,O=C(Nc1ccccc1)c1ccnn1Cc1ccccc1,True,True,True,,1.0,0.6428571428571429,,,,,,,,,0.5138601191048354,0.4522382232340766,0.061621895870758836,True,,,,,,,,,5.0,6.0,1.0,True,9.0,10.0,1.0,True
source_identity,mpair_00002468_cond_02_3p,mpair_00002468,eval,3,"MW,LogP,RB",CN(C)CCCOc1cc(C(=O)Nc2cc(F)cc(C(F)(F)F)c2)n(Cc2ccccc2)n1,COc1ccc(NC(=O)c2cc(OCCCN(C)C)nn2Cc2ccccc2)cc1,CN(C)CCCOc1cc(C(=O)Nc2cc(F)cc(C(F)(F)F)c2)n(Cc2ccccc2)n1,O=C(Nc1ccccc1)c1ccnn1Cc1ccccc1,O=C(Nc1ccccc1)c1ccnn1Cc1ccccc1,True,False,False,,1.0,0.6764705882352942,408.50200000000007,464.4630000000001,55.96100000000001,False,3.522800000000002,4.672100000000003,1.149300000000001,False,,,,,,,,,,,,,,,,,10.0,9.0,1.0,True
source_identity,mpair_00002471_cond_00_3p,mpair_00002471,eval,3,"MW,TPSA,RB",CN(C)CCCOc1cc(C(=O)Nc2ccc(Cl)cc2F)n(Cc2ccccc2)n1,COc1cc(NC(=O)c2cc(OCCCN(C)C)nn2Cc2ccccc2)cc(OC)c1OC,CN(C)CCCOc1cc(C(=O)Nc2ccc(Cl)cc2F)n(Cc2ccccc2)n1,O=C(Nc1ccccc1)c1ccnn1Cc1ccccc1,O=C(Nc1ccccc1)c1ccnn1Cc1ccccc1,True,False,False,,1.0,0.6376811594202898,468.5540000000002,430.9110000000001,37.643000000000086,False,,,,,,,,,87.08000000000001,59.39,27.690000000000012,False,,,,,,,,,12.0,9.0,3.0,False
source_identity,mpair_00002477_cond_02_3p,mpair_00002477,eval,3,"QED,HBA,RB",CN(C)CCCOc1cc(C(=O)Nc2cc(F)cc(C(F)(F)F)c2)n(Cc2ccccc2)n1,CN(C)CCCOc1cc(C(=O)Nc2ccc(OC(F)(F)F)cc2)n(Cc2ccccc2)n1,CN(C)CCCOc1cc(C(=O)Nc2cc(F)cc(C(F)(F)F)c2)n(Cc2ccccc2)n1,O=C(Nc1ccccc1)c1ccnn1Cc1ccccc1,O=C(Nc1ccccc1)c1ccnn1Cc1ccccc1,True,True,True,,1.0,0.7101449275362319,,,,,,,,,0.4522382232340766,0.369385517709234,0.08285270552484258,True,,,,,,,,,6.0,5.0,1.0,True,10.0,9.0,1.0,True
source_identity,mpair_00002481_cond_00_3p,mpair_00002481,eval,3,"LogP,TPSA,RB",COc1cc(NC(=O)c2cc(OCCCN(C)C)nn2Cc2ccccc2)cc(OC)c1OC,CN(C)CCCOc1cc(C(=O)Nc2cc(F)cc(C(F)(F)F)c2)n(Cc2ccccc2)n1,COc1cc(NC(=O)c2cc(OCCCN(C)C)nn2Cc2ccccc2)cc(OC)c1OC,O=C(Nc1ccccc1)c1ccnn1Cc1ccccc1,O=C(Nc1ccccc1)c1ccnn1Cc1ccccc1,True,False,False,,1.0,0.6811594202898551,,,,,4.672100000000003,3.5400000000000027,1.1321000000000003,False,,,,,59.39,87.08000000000001,27.690000000000012,False,,,,,,,,,9.0,12.0,3.0,False
source_identity,mpair_00002485_cond_01_3p,mpair_00002485,eval,3,"LogP,TPSA,HBA",CN(C)CCCOc1cc(C(=O)Nc2cc(F)cc(C(F)(F)F)c2)n(Cc2ccccc2)n1,COc1cc(NC(=O)c2cc(OCCCN(C)C)nn2Cc2ccccc2)cc(OC)c1OC,CN(C)CCCOc1cc(C(=O)Nc2cc(F)cc(C(F)(F)F)c2)n(Cc2ccccc2)n1,O=C(Nc1ccccc1)c1ccnn1Cc1ccccc1,O=C(Nc1ccccc1)c1ccnn1Cc1ccccc1,True,False,False,,1.0,0.6811594202898551,,,,,3.5400000000000027,4.672100000000003,1.1321000000000003,False,,,,,87.08000000000001,59.39,27.690000000000012,False,,,,,8.0,5.0,3.0,False,,,,
source_identity,mpair_00002490_cond_00_3p,mpair_00002490,eval,3,"LogP,TPSA,HBA",CCOC(=O)c1cc(C(C)O)cn1S(=O)(=O)c1cc(Cl)ccc1N,C=Cc1cc(C(=O)OCC)n(S(=O)(=O)c2cc(Cl)ccc2N)c1,CCOC(=O)c1cc(C(C)O)cn1S(=O)(=O)c1cc(Cl)ccc1N,O=S(=O)(c1ccccc1)n1cccc1,O=S(=O)(c1ccccc1)n1cccc1,True,False,False,,1.0,0.7192982456140351,,,,,2.7804,2.1907,0.5897000000000001,True,,,,,91.39,111.61999999999999,20.22999999999999,False,,,,,6.0,7.0,1.0,True,,,,
source_identity,mpair_00002500_cond_01_3p,mpair_00002500,eval,3,"MW,QED,RB",O=C1C(Nc2ccc(Br)cc2)=C(Cl)C(=O)c2ncncc21,CCc1ccc(NC2=C(Cl)C(=O)c3ncncc3C2=O)cc1,O=C1C(Nc2ccc(Br)cc2)=C(Cl)C(=O)c2ncncc21,O=C1C(Nc2ccccc2)=CC(=O)c2ncncc21,O=C1C(Nc2ccccc2)=CC(=O)c2ncncc21,True,False,False,,1.0,0.7111111111111111,313.744,364.58600000000007,50.84200000000004,False,,,,,0.9428073960459649,0.885902971993687,0.05690442405227791,True,,,,,,,,,,,,,3.0,2.0,1.0,True
source_identity,mpair_00002503_cond_02_3p,mpair_00002503,eval,3,"MW,QED,RB",CCc1ccc(NC2=C(Cl)C(=O)c3ncncc3C2=O)cc1,O=C1C(Nc2ccc(Br)cc2)=C(Cl)C(=O)c2ncncc21,CCc1ccc(NC2=C(Cl)C(=O)c3ncncc3C2=O)cc1,O=C1C(Nc2ccccc2)=CC(=O)c2ncncc21,O=C1C(Nc2ccccc2)=CC(=O)c2ncncc21,True,False,False,,1.0,0.7111111111111111,364.58600000000007,313.744,50.84200000000004,False,,,,,0.885902971993687,0.9428073960459649,0.05690442405227791,True,,,,,,,,,,,,,2.0,3.0,1.0,True
source_identity,mpair_00002509_cond_02_3p,mpair_00002509,eval,3,"LogP,QED,TPSA",CSc1cc(-c2ccc(Br)cc2)oc(=O)c1C#N,CSc1cc(-c2ccc(Br)cc2)oc(=O)c1Br,CSc1cc(-c2ccc(Br)cc2)oc(=O)c1C#N,O=c1cccc(-c2ccccc2)o1,O=c1cccc(-c2ccccc2)o1,True,False,False,,1.0,0.675,,,,,4.553700000000002,3.662880000000002,0.8908199999999997,True,0.7207772389894862,0.791886779601309,0.07110954061182284,True,30.21,54.0,23.79,False,,,,,,,,,,,,
source_identity,mpair_00002533_cond_00_3p,mpair_00002533,eval,3,"LogP,TPSA,HBA",CSc1cc(-c2ccc(Br)cc2)oc(=O)c1C#N,CSc1cc(-c2ccc(Cl)cc2)oc(=O)c1Br,CSc1cc(-c2ccc(Br)cc2)oc(=O)c1C#N,O=c1cccc(-c2ccccc2)o1,O=c1cccc(-c2ccccc2)o1,True,False,False,,1.0,0.5333333333333333,,,,,4.444600000000001,3.662880000000002,0.7817199999999991,True,,,,,30.21,54.0,23.79,False,,,,,3.0,4.0,1.0,True,,,,
source_identity,mpair_00002557_cond_02_3p,mpair_00002557,eval,3,"LogP,QED,HBA",CSc1nc(-c2ccc(C)cc2)nn1C(=O)N(C)c1ccccc1,CSc1nc(-c2ccc(OC(F)(F)F)cc2)nn1C(=O)N(C)c1ccccc1,CSc1nc(-c2ccc(C)cc2)nn1C(=O)N(C)c1ccccc1,O=C(Nc1ccccc1)n1cnc(-c2ccccc2)n1,O=C(Nc1ccccc1)n1cnc(-c2ccccc2)n1,True,True,True,,1.0,0.7169811320754716,,,,,4.670100000000003,4.079920000000002,0.590180000000001,True,0.5874043626188404,0.6753188675979567,0.08791450497911624,True,,,,,,,,,6.0,5.0,1.0,True,,,,
source_identity,mpair_00002564_cond_01_3p,mpair_00002564,eval,3,"LogP,QED,HBA",CSc1nc(-c2ccc(OC(F)(F)F)cc2)nn1C(=O)N(C)c1ccccc1,CN(C(=O)n1nc(-c2ccc(Cl)cc2)nc1SCC(F)(F)F)c1ccccc1,CSc1nc(-c2ccc(OC(F)(F)F)cc2)nn1C(=O)N(C)c1ccccc1,O=C(Nc1ccccc1)n1cnc(-c2ccccc2)n1,O=C(Nc1ccccc1)n1cnc(-c2ccccc2)n1,True,True,True,,1.0,0.5967741935483871,,,,,5.357400000000003,4.670100000000003,0.6872999999999996,True,0.5270344401044634,0.5874043626188404,0.060369922514377006,True,,,,,,,,,5.0,6.0,1.0,True,,,,
source_identity,mpair_00002572_cond_02_3p,mpair_00002572,eval,3,"HBD,HBA,RB",COc1cc(C(=O)N2CCN(C(=O)c3cc(OC)c(OC)c(OC)c3)C(CO)C2)cc(OC)c1OC,COc1cc(C(=O)N2CCN(C(=O)c3cc(OC)c(OC)c(OC)c3)C(COC(=O)CC(C)(C)C)C2)cc(OC)c1OC,COc1cc(C(=O)N2CCN(C(=O)c3cc(OC)c(OC)c(OC)c3)C(CO)C2)cc(OC)c1OC,O=C(c1ccccc1)N1CCN(C(=O)c2ccccc2)CC1,O=C(c1ccccc1)N1CCN(C(=O)c2ccccc2)CC1,True,False,False,,1.0,0.6792452830188679,,,,,,,,,,,,,,,,,0.0,1.0,1.0,True,10.0,9.0,1.0,True,11.0,9.0,2.0,False
source_identity,mpair_00002583_cond_01_3p,mpair_00002583,eval,3,"MW,LogP,QED",CCN(CC)C(=O)OCC1CN(C(=O)c2cc(OC)c(OC)c(OC)c2)CCN1C(=O)c1cc(OC)c(OC)c(OC)c1,COc1cc(C(=O)N2CCN(C(=O)c3cc(OC)c(OC)c(OC)c3)C(CO)C2)cc(OC)c1OC,CCN(CC)C(=O)OCC1CN(C(=O)c2cc(OC)c(OC)c(OC)c2)CCN1C(=O)c1cc(OC)c(OC)c(OC)c1,O=C(c1ccccc1)N1CCN(C(=O)c2ccccc2)CC1,O=C(c1ccccc1)N1CCN(C(=O)c2ccccc2)CC1,True,False,False,,1.0,0.6792452830188679,504.53600000000034,603.6690000000003,99.13299999999998,False,1.6973000000000003,3.1834000000000024,1.4861000000000022,False,0.544633228323374,0.3571777118480848,0.18745551647528924,False,,,,,,,,,,,,,,,,
source_identity,mpair_00002588_cond_00_3p,mpair_00002588,eval,3,"MW,QED,RB",COc1cc(C(=O)N2CCN(C(=O)c3cc(OC)c(OC)c(OC)c3)CC2)cc(OC)c1OC,CCN(CC)C(=O)OCC1CN(C(=O)c2cc(OC)c(OC)c(OC)c2)CCN1C(=O)c1cc(OC)c(OC)c(OC)c1,COc1cc(C(=O)N2CCN(C(=O)c3cc(OC)c(OC)c(OC)c3)CC2)cc(OC)c1OC,O=C(c1ccccc1)N1CCN(C(=O)c2ccccc2)CC1,O=C(c1ccccc1)N1CCN(C(=O)c2ccccc2)CC1,True,False,False,,1.0,0.52,603.6690000000003,474.51000000000033,129.159,False,,,,,0.3571777118480848,0.5754127815390553,0.2182350696909705,False,,,,,,,,,,,,,12.0,8.0,4.0,False
source_identity,mpair_00002594_cond_01_3p,mpair_00002594,eval,3,"MW,LogP,RB",CCN(CC)C(=O)OCC1CN(C(=O)c2cc(OC)c(OC)c(OC)c2)CCN1C(=O)c1cc(OC)c(OC)c(OC)c1,COc1cc(C(=O)N2CCN(C(=O)c3cc(OC)c(OC)c(OC)c3)C(COC(C)=O)C2)cc(OC)c1OC,CCN(CC)C(=O)OCC1CN(C(=O)c2cc(OC)c(OC)c(OC)c2)CCN1C(=O)c1cc(OC)c(OC)c(OC)c1,O=C(c1ccccc1)N1CCN(C(=O)c2ccccc2)CC1,O=C(c1ccccc1)N1CCN(C(=O)c2ccccc2)CC1,True,False,False,,1.0,0.7547169811320755,546.5730000000003,603.6690000000003,57.096000000000004,False,2.2681000000000004,3.1834000000000024,0.915300000000002,True,,,,,,,,,,,,,,,,,10.0,12.0,2.0,False
source_identity,mpair_00002600_cond_01_3p,mpair_00002600,eval,3,"MW,QED,RB",COc1ccc(C(=O)Nc2ccncc2Cl)c2cccnc12,CCc1ccc2c(C(=O)Nc3c(Cl)cncc3Cl)ccc(OC)c2n1,COc1ccc(C(=O)Nc2ccncc2Cl)c2cccnc12,O=C(Nc1ccncc1)c1cccc2ncccc12,O=C(Nc1ccncc1)c1cccc2ncccc12,True,False,False,,1.0,0.5,376.2430000000001,313.744,62.49900000000008,False,,,,,0.7131894410136064,0.8029165077767629,0.08972706676315656,True,,,,,,,,,,,,,4.0,3.0,1.0,True
source_identity,mpair_00002603_cond_01_3p,mpair_00002603,eval,3,"LogP,TPSA,HBA",COc1ccc(C(=O)Nc2c(Cl)cncc2Cl)c2ccc(C(C)O)nc12,CCc1ccc2c(C(=O)Nc3c(Cl)cncc3Cl)ccc(OC)c2n1,COc1ccc(C(=O)Nc2c(Cl)cncc2Cl)c2ccc(C(C)O)nc12,O=C(Nc1ccncc1)c1cccc2ncccc12,O=C(Nc1ccncc1)c1cccc2ncccc12,True,False,False,,1.0,0.6964285714285714,,,,,4.759900000000003,4.2508000000000035,0.5090999999999992,True,,,,,64.11,84.34,20.230000000000004,False,,,,,4.0,5.0,1.0,True,,,,
source_identity,mpair_00002610_cond_00_3p,mpair_00002610,eval,3,"LogP,TPSA,HBA",CCc1ccc2c(C(=O)Nc3c(Cl)cncc3Cl)ccc(OC)c2n1,COc1ccc(C(=O)Nc2c(Cl)cncc2Cl)c2ccc(C(C)O)nc12,CCc1ccc2c(C(=O)Nc3c(Cl)cncc3Cl)ccc(OC)c2n1,O=C(Nc1ccncc1)c1cccc2ncccc12,O=C(Nc1ccncc1)c1cccc2ncccc12,True,False,False,,1.0,0.6964285714285714,,,,,4.2508000000000035,4.759900000000003,0.5090999999999992,True,,,,,84.34,64.11,20.230000000000004,False,,,,,5.0,4.0,1.0,True,,,,
source_identity,mpair_00002616_cond_00_3p,mpair_00002616,eval,3,"TPSA,HBA,RB",COc1ccc(C(=O)Nc2c(F)cncc2F)c2ccc(C(F)(F)F)nc12,COc1ccc(C(=O)Nc2c(Cl)cncc2Cl)c2ccc(C(C)=O)nc12,COc1ccc(C(=O)Nc2c(F)cncc2F)c2ccc(C(F)(F)F)nc12,O=C(Nc1ccncc1)c1cccc2ncccc12,O=C(Nc1ccncc1)c1cccc2ncccc12,True,True,True,,1.0,0.55,,,,,,,,,,,,,81.17999999999999,64.11,17.069999999999993,True,,,,,5.0,4.0,1.0,True,4.0,3.0,1.0,True
source_identity,mpair_00002620_cond_02_3p,mpair_00002620,eval,3,"LogP,QED,RB",CCc1ccc2c(C(=O)Nc3c(Cl)cncc3Cl)ccc(OC)c2n1,COc1ccc(C(=O)Nc2c(Cl)cncc2Cl)c2cccnc12,CCc1ccc2c(C(=O)Nc3c(Cl)cncc3Cl)ccc(OC)c2n1,O=C(Nc1ccncc1)c1cccc2ncccc12,O=C(Nc1ccncc1)c1cccc2ncccc12,True,True,True,,1.0,0.6545454545454545,,,,,4.1975000000000025,4.759900000000003,0.5624000000000002,True,0.7706046174674384,0.7131894410136064,0.057415176453831984,True,,,,,,,,,,,,,3.0,4.0,1.0,True
source_identity,mpair_00002628_cond_01_3p,mpair_00002628,eval,3,"LogP,TPSA,HBA",CC(C)[C@@H](O)C(=O)N1C[C@H](c2ccccc2)C[C@H]1C(=O)N[C@@H](CC(F)F)C(=O)NCCc1c(F)cc(C(=O)O)cc1F,CC(C)CC(=O)N1C[C@H](c2ccccc2)C[C@H]1C(=O)N[C@@H](CC(F)F)C(=O)NCCc1c(F)cc(C(=O)O)cc1F,CC(C)[C@@H](O)C(=O)N1C[C@H](c2ccccc2)C[C@H]1C(=O)N[C@@H](CC(F)F)C(=O)NCCc1c(F)cc(C(=O)O)cc1F,O=C(CNC(=O)[C@@H]1C[C@@H](c2ccccc2)CN1)NCCc1ccccc1,O=C(CNC(=O)[C@@H]1C[C@@H](c2ccccc2)CN1)NCCc1ccccc1,True,False,False,,1.0,0.7916666666666666,,,,,3.892500000000002,2.8633000000000006,1.0292000000000012,False,,,,,115.81000000000002,136.04,20.229999999999976,False,,,,,4.0,5.0,1.0,True,,,,
source_identity,mpair_00003114_cond_02_3p,mpair_00003114,eval,3,"MW,LogP,RB",CCCCc1nnc2nc(C)c(C)c(=O)n2n1,Cc1nc2nncnn2c(=O)c1C,CCCCc1nnc2nc(C)c(C)c(=O)n2n1,O=c1ccnc2nncnn12,O=c1ccnc2nncnn12,True,False,False,,1.0,0.4418604651162791,177.167,233.275,56.108000000000004,False,-0.5036600000000002,0.8389399999999998,1.3426,False,,,,,,,,,,,,,,,,,0.0,3.0,3.0,False
source_identity,mpair_00003201_cond_02_3p,mpair_00003201,eval,3,"HBD,HBA,RB",O=C(O)c1ccc(NCCCCCCc2cccs2)cc1,CCOC(=O)c1ccc(NCCCCCCc2cccs2)cc1,O=C(O)c1ccc(NCCCCCCc2cccs2)cc1,c1ccc(NCCCCCCc2cccs2)cc1,c1ccc(NCCCCCCc2cccs2)cc1,True,True,True,,1.0,0.7021276595744681,,,,,,,,,,,,,,,,,1.0,2.0,1.0,True,4.0,3.0,1.0,True,10.0,9.0,1.0,True
source_identity,mpair_00003207_cond_02_3p,mpair_00003207,eval,3,"MW,LogP,HBA",Cc1cc(-n2ncc(=O)[nH]c2=O)ccc1S(=O)(=O)N1CCN(C=O)CC1,CCOC(=O)N1CCN(S(=O)(=O)c2ccc(-n3ncc(=O)[nH]c3=O)cc2Cl)CC1,Cc1cc(-n2ncc(=O)[nH]c2=O)ccc1S(=O)(=O)N1CCN(C=O)CC1,O=c1cnn(-c2ccc(S(=O)(=O)N3CCNCC3)cc2)c(=O)[nH]1,O=c1cnn(-c2ccc(S(=O)(=O)N3CCNCC3)cc2)c(=O)[nH]1,True,False,False,,1.0,0.5625,443.86900000000026,379.39800000000025,64.471,False,0.037000000000000144,-1.3080799999999981,1.3450799999999983,False,,,,,,,,,,,,,8.0,7.0,1.0,True,,,,
source_identity,mpair_00003219_cond_00_3p,mpair_00003219,eval,3,"MW,LogP,QED",COc1ccc(S(=O)(=O)N(Cc2cccnc2)c2c(C)cccc2C(=O)NO)cc1,COc1ccc(S(=O)(=O)N(Cc2cccnc2)c2c(C)cc(Br)cc2C(=O)NO)cc1,COc1ccc(S(=O)(=O)N(Cc2cccnc2)c2c(C)cccc2C(=O)NO)cc1,O=S(=O)(c1ccccc1)N(Cc1cccnc1)c1ccccc1,O=S(=O)(c1ccccc1)N(Cc1cccnc1)c1ccccc1,True,False,False,,1.0,0.819672131147541,506.37800000000016,427.48200000000014,78.89600000000002,False,3.675620000000001,2.91312,0.7625000000000011,True,0.3740614499694089,0.44330794633881315,0.06924649636940428,True,,,,,,,,,,,,,,,,
source_identity,mpair_00003221_cond_01_3p,mpair_00003221,eval,3,"MW,LogP,TPSA",COc1ccc(S(=O)(=O)N(Cc2cccnc2)c2c(C)cccc2C(=O)NO)cc1,COC(=O)c1cccc(C(=O)NO)c1N(Cc1cccnc1)S(=O)(=O)c1ccc(OC)cc1,COc1ccc(S(=O)(=O)N(Cc2cccnc2)c2c(C)cccc2C(=O)NO)cc1,O=S(=O)(c1ccccc1)N(Cc1cccnc1)c1ccccc1,O=S(=O)(c1ccccc1)N(Cc1cccnc1)c1ccccc1,True,False,False,,1.0,0.8333333333333334,471.49100000000016,427.48200000000014,44.009000000000015,False,2.391300000000001,2.91312,0.5218199999999991,True,,,,,135.13,108.83000000000001,26.299999999999983,False,,,,,,,,,,,,
source_identity,mpair_00003530_cond_02_3p,mpair_00003530,eval,3,"MW,QED,RB",CCOC(=O)C(C)Oc1cccc(N(Cc2cccnc2)S(=O)(=O)CC(F)(F)F)c1,CC(C)COc1cccc(N(Cc2cccnc2)S(=O)(=O)CC(F)(F)F)c1,CCOC(=O)C(C)Oc1cccc(N(Cc2cccnc2)S(=O)(=O)CC(F)(F)F)c1,c1ccc(NCc2cccnc2)cc1,c1ccc(NCc2cccnc2)cc1,True,False,False,,1.0,0.6984126984126984,402.43800000000005,446.4470000000001,44.00900000000007,False,,,,,0.6693605971809802,0.5496815697636838,0.11967902741729641,False,,,,,,,,,,,,,8.0,9.0,1.0,True
source_identity,mpair_00003539_cond_00_3p,mpair_00003539,eval,3,"TPSA,HBA,RB",O=S(=O)(CC(F)(F)F)N(Cc1cccnc1)c1cccc(OC(F)(F)F)c1,CCOC(=O)C(C)Oc1cccc(N(Cc2cccnc2)S(=O)(=O)CC(F)(F)F)c1,O=S(=O)(CC(F)(F)F)N(Cc1cccnc1)c1cccc(OC(F)(F)F)c1,c1ccc(NCc2cccnc2)cc1,c1ccc(NCc2cccnc2)cc1,True,False,False,,1.0,0.6885245901639344,,,,,,,,,,,,,85.80000000000001,59.5,26.30000000000001,False,,,,,6.0,4.0,2.0,False,9.0,6.0,3.0,False
source_identity,mpair_00003545_cond_00_3p,mpair_00003545,eval,3,"LogP,QED,RB",CCCC(C)Oc1cccc(N(Cc2cccnc2)S(=O)(=O)CC(F)(F)F)c1,CC(C)Oc1cccc(N(Cc2cccnc2)S(=O)(=O)CC(F)(F)F)c1,CCCC(C)Oc1cccc(N(Cc2cccnc2)S(=O)(=O)CC(F)(F)F)c1,c1ccc(NCc2cccnc2)cc1,c1ccc(NCc2cccnc2)cc1,True,False,False,,1.0,0.8070175438596491,,,,,3.7675000000000027,4.547700000000003,0.7802000000000007,True,0.7245796953652621,0.6018859517288218,0.12269374363644037,False,,,,,,,,,,,,,7.0,9.0,2.0,False
source_identity,mpair_00000010_cond_01_4p,mpair_00000010,eval,4,"LogP,QED,HBA,RB",O=C(c1ccccc1C(F)(F)F)N1C[C@H](CN2CCC(c3ccccc3)CC2)[C@@H](c2ccccc2)C1,COc1cccc(C(=O)N2C[C@H](CN3CCC(c4ccccc4)CC3)[C@@H](c3ccccc3)C2)c1,O=C(c1ccccc1C(F)(F)F)N1C[C@H](CN2CCC(c3ccccc3)CC2)[C@@H](c2ccccc2)C1,O=C(c1ccccc1)N1C[C@H](CN2CCC(c3ccccc3)CC2)[C@@H](c2ccccc2)C1,O=C(c1ccccc1)N1C[C@H](CN2CCC(c3ccccc3)CC2)[C@@H](c2ccccc2)C1,True,False,False,,1.0,0.578125,,,,,5.430600000000005,6.4408000000000065,1.010200000000001,False,0.49786269936596683,0.4092272471712491,0.08863545219471775,True,,,,,,,,,3.0,2.0,1.0,True,6.0,5.0,1.0,True
source_identity,mpair_00000019_cond_02_4p,mpair_00000019,eval,4,"MW,TPSA,HBA,RB",CN1C2C=C(c3ccc(Cl)nc3)CC1CC2,COC(=O)C1=C(c2ccc(Cl)nc2)CC2CCC1N2C,CN1C2C=C(c3ccc(Cl)nc3)CC1CC2,C1=C(c2cccnc2)CC2CCC1N2,C1=C(c2cccnc2)CC2CCC1N2,True,False,False,,1.0,0.48148148148148145,292.76599999999996,234.72999999999996,58.036,False,,,,,,,,,42.43,16.130000000000003,26.299999999999997,False,,,,,4.0,2.0,2.0,False,2.0,1.0,1.0,True
source_identity,mpair_00000324_cond_02_4p,mpair_00000324,eval,4,"MW,LogP,HBA,RB",CSC1=C(C(=O)O)N2C(=O)[C@@H](NC(=O)[C@H](N)c3ccccc3)[C@H]2CC1,N[C@@H](C(=O)N[C@@H]1C(=O)N2C(C(=O)O)=C(C(F)(F)F)CC[C@H]12)c1cccc(Br)c1,CSC1=C(C(=O)O)N2C(=O)[C@@H](NC(=O)[C@H](N)c3ccccc3)[C@H]2CC1,O=C(Cc1ccccc1)N[C@@H]1C(=O)N2C=CCC[C@H]12,O=C(Cc1ccccc1)N[C@@H]1C(=O)N2C=CCC[C@H]12,True,False,False,,1.0,0.5757575757575758,462.2220000000001,361.42300000000006,100.79900000000004,False,1.8392999999999997,0.8350000000000002,1.0042999999999995,False,,,,,,,,,,,,,4.0,5.0,1.0,True,4.0,5.0,1.0,True
source_identity,mpair_00000334_cond_01_4p,mpair_00000334,eval,4,"MW,QED,HBD,RB",CSC1=C(C(=O)O)N2C(=O)[C@@H](NC(=O)[C@H](N)c3ccccc3)[C@H]2CC1,N[C@@H](C(=O)N[C@@H]1C(=O)N2C(C(=O)O)=C(C(F)(F)F)CC[C@H]12)c1ccc(O)cc1,CSC1=C(C(=O)O)N2C(=O)[C@@H](NC(=O)[C@H](N)c3ccccc3)[C@H]2CC1,O=C(Cc1ccccc1)N[C@@H]1C(=O)N2C=CCC[C@H]12,O=C(Cc1ccccc1)N[C@@H]1C(=O)N2C=CCC[C@H]12,True,False,False,,1.0,0.5873015873015873,399.3250000000001,361.42300000000006,37.902000000000044,False,,,,,0.5533729404309352,0.6699274889764619,0.11655454854552671,False,,,,,4.0,3.0,1.0,True,,,,,4.0,5.0,1.0,True
source_identity,mpair_00000585_cond_02_4p,mpair_00000585,eval,4,"QED,TPSA,HBD,HBA",Cc1ccc(CCCC[C@@H]2N[C@@H](CO)[C@H](O)[C@H]2O)cc1,OC[C@@H]1N[C@@H](CCCCc2ccc(O)cc2)[C@H](O)[C@H]1O,Cc1ccc(CCCC[C@@H]2N[C@@H](CO)[C@H](O)[C@H]2O)cc1,c1ccc(CCCC[C@H]2CCCN2)cc1,c1ccc(CCCC[C@H]2CCCN2)cc1,True,False,False,,1.0,0.7567567567567568,,,,,,,,,0.47902706341404183,0.5802758268226561,0.10124876340861427,False,92.95,72.72,20.230000000000004,False,5.0,4.0,1.0,True,5.0,4.0,1.0,True,,,,
source_identity,mpair_00000725_cond_01_4p,mpair_00000725,eval,4,"MW,LogP,HBD,RB",C=CCc1cc(/C=C2\SC(=O)NC2=O)c(OC)cc1OC1CCCCO1,C=CCc1cc(/C=C2\SC(=O)N(CC=C(C)C)C2=O)c(OC)cc1OC1CCCCO1,C=CCc1cc(/C=C2\SC(=O)NC2=O)c(OC)cc1OC1CCCCO1,O=C1NC(=O)/C(=C/c2ccc(OC3CCCCO3)cc2)S1,O=C1NC(=O)/C(=C/c2ccc(OC3CCCCO3)cc2)S1,True,False,False,,1.0,0.647887323943662,443.5650000000003,375.4460000000002,68.11900000000009,False,5.331600000000005,3.6530000000000022,1.678600000000003,False,,,,,,,,,0.0,1.0,1.0,True,,,,,8.0,6.0,2.0,False
source_identity,mpair_00000733_cond_02_4p,mpair_00000733,eval,4,"MW,LogP,QED,RB",C=CCc1cc(/C=C2\SC(=O)N(CCCC)C2=O)c(OC)cc1OC1CCCCO1,C=CCc1cc(/C=C2\SC(=O)NC2=O)c(OC)cc1OC1CCCCO1,C=CCc1cc(/C=C2\SC(=O)N(CCCC)C2=O)c(OC)cc1OC1CCCCO1,O=C1NC(=O)/C(=C/c2ccc(OC3CCCCO3)cc2)S1,O=C1NC(=O)/C(=C/c2ccc(OC3CCCCO3)cc2)S1,True,False,False,,1.0,0.6571428571428571,375.4460000000002,431.55400000000026,56.10800000000006,False,3.6530000000000022,5.165500000000004,1.512500000000002,False,0.6042673504148035,0.39718598618589046,0.20708136422891305,False,,,,,,,,,,,,,6.0,9.0,3.0,False
source_identity,mpair_00000753_cond_00_4p,mpair_00000753,eval,4,"MW,TPSA,HBA,RB",O=C1CCC[C@H]2OC[C@@H](Cc3c[nH]c4ccccc34)N12,COC(=O)C[C@@H]1CC(=O)N2[C@H](Cc3c[nH]c4ccccc34)CO[C@@H]2C1,O=C1CCC[C@H]2OC[C@@H](Cc3c[nH]c4ccccc34)N12,O=C1CCC[C@H]2OC[C@@H](Cc3c[nH]c4ccccc34)N12,O=C1CCC[C@H]2OC[C@@H](Cc3c[nH]c4ccccc34)N12,True,False,False,,1.0,0.578125,342.39500000000015,270.33200000000005,72.0630000000001,False,,,,,,,,,71.63000000000001,45.330000000000005,26.300000000000004,False,,,,,4.0,2.0,2.0,False,4.0,2.0,2.0,False
source_identity,mpair_00001117_cond_01_4p,mpair_00001117,eval,4,"MW,HBD,HBA,RB",COc1ccc(N2CCN(CCC3c4ccccc4C(=O)N3C)CC2)cc1,O=C1NC(CCN2CCN(c3ccccc3)CC2)c2ccccc21,COc1ccc(N2CCN(CCC3c4ccccc4C(=O)N3C)CC2)cc1,O=C1NC(CCN2CCN(c3ccccc3)CC2)c2ccccc21,O=C1NC(CCN2CCN(c3ccccc3)CC2)c2ccccc21,True,False,False,,1.0,0.47368421052631576,321.4240000000001,365.47700000000015,44.053000000000054,False,,,,,,,,,,,,,1.0,0.0,1.0,True,3.0,4.0,1.0,True,4.0,5.0,1.0,True
source_identity,mpair_00001123_cond_01_4p,mpair_00001123,eval,4,"MW,QED,HBA,RB",O=C1NC(CCN2CCN(c3ccccc3)CC2)c2ccccc21,COc1ccc(N2CCN(CCC3c4ccccc4C(=O)N3C)CC2)cc1,O=C1NC(CCN2CCN(c3ccccc3)CC2)c2ccccc21,O=C1NC(CCN2CCN(c3ccccc3)CC2)c2ccccc21,O=C1NC(CCN2CCN(c3ccccc3)CC2)c2ccccc21,True,False,False,,1.0,0.47368421052631576,365.47700000000015,321.4240000000001,44.053000000000054,False,,,,,0.8160326048332845,0.9403172855884846,0.12428468075520005,False,,,,,,,,,4.0,3.0,1.0,True,5.0,4.0,1.0,True
source_identity,mpair_00001618_cond_01_4p,mpair_00001618,eval,4,"QED,TPSA,HBA,RB",CC1CC(C)(C)Nc2ccc3c(c21)COc1c(F)cc(F)cc1-3,CC1CC(C)(C)Nc2ccc3c(c21)COc1c-3cc(F)cc1[N+](=O)[O-],CC1CC(C)(C)Nc2ccc3c(c21)COc1c(F)cc(F)cc1-3,c1ccc2c(c1)OCc1c-2ccc2c1CCCN2,c1ccc2c(c1)OCc1c-2ccc2c1CCCN2,True,False,False,,1.0,0.7321428571428571,,,,,,,,,0.5855235809891088,0.719238819171056,0.1337152381819472,False,64.39999999999999,21.259999999999998,43.13999999999999,False,,,,,4.0,2.0,2.0,False,1.0,0.0,1.0,True
source_identity,mpair_00002465_cond_01_4p,mpair_00002465,eval,4,"MW,QED,HBA,RB",CN(C)CCCOc1cc(C(=O)Nc2ccc(OC(F)(F)F)cc2)n(Cc2ccccc2)n1,CN(C)CCCOc1cc(C(=O)Nc2cccc(Cl)c2)n(Cc2ccccc2)n1,CN(C)CCCOc1cc(C(=O)Nc2ccc(OC(F)(F)F)cc2)n(Cc2ccccc2)n1,O=C(Nc1ccccc1)c1ccnn1Cc1ccccc1,O=C(Nc1ccccc1)c1ccnn1Cc1ccccc1,True,False,False,,1.0,0.696969696969697,412.9210000000001,462.4720000000001,49.55099999999999,False,,,,,0.5357556879239462,0.4522382232340766,0.08351746468986965,True,,,,,,,,,5.0,6.0,1.0,True,9.0,10.0,1.0,True
source_identity,mpair_00002476_cond_00_4p,mpair_00002476,eval,4,"MW,QED,TPSA,HBA",CN(C)CCCOc1cc(C(=O)Nc2cccc(Cl)c2)n(Cc2ccccc2)n1,COc1cc(NC(=O)c2cc(OCCCN(C)C)nn2Cc2ccccc2)cc(OC)c1OC,CN(C)CCCOc1cc(C(=O)Nc2cccc(Cl)c2)n(Cc2ccccc2)n1,O=C(Nc1ccccc1)c1ccnn1Cc1ccccc1,O=C(Nc1ccccc1)c1ccnn1Cc1ccccc1,True,False,False,,1.0,0.71875,468.5540000000002,412.9210000000001,55.633000000000095,False,,,,,0.4069700768443977,0.5357556879239462,0.12878561107954856,False,87.08000000000001,59.39,27.690000000000012,False,,,,,8.0,5.0,3.0,False,,,,
source_identity,mpair_00002488_cond_02_4p,mpair_00002488,eval,4,"LogP,TPSA,HBD,HBA",C=Cc1cc(C(=O)OCC)n(S(=O)(=O)c2cc(Cl)ccc2N)c1,CC(C)OC(=O)c1cc(CO)cn1S(=O)(=O)c1cc(Cl)ccc1N,C=Cc1cc(C(=O)OCC)n(S(=O)(=O)c2cc(Cl)ccc2N)c1,O=S(=O)(c1ccccc1)n1cccc1,O=S(=O)(c1ccccc1)n1cccc1,True,False,False,,1.0,0.5396825396825397,,,,,2.0182,2.7804,0.7622,True,,,,,111.61999999999999,91.39,20.22999999999999,False,2.0,1.0,1.0,True,7.0,6.0,1.0,True,,,,
source_identity,mpair_00002520_cond_02_4p,mpair_00002520,eval,4,"MW,QED,TPSA,RB",CSc1cc(-c2ccc(Br)cc2)oc(=O)c1C#N,CCOC(=O)c1c(SC)c(C#N)c(-c2ccc(Br)cc2)oc1=O,CSc1cc(-c2ccc(Br)cc2)oc(=O)c1C#N,O=c1cccc(-c2ccccc2)o1,O=c1cccc(-c2ccccc2)o1,True,False,False,,1.0,0.43103448275862066,394.24600000000004,322.1830000000001,72.06299999999993,False,,,,,0.5791804088529054,0.791886779601309,0.2127063707484036,False,80.30000000000001,54.0,26.30000000000001,False,,,,,,,,,4.0,2.0,2.0,False
source_identity,mpair_00002554_cond_01_4p,mpair_00002554,eval,4,"QED,TPSA,HBA,RB",CSc1cc(-c2ccc(Cl)cc2)oc(=O)c1C(N)=O,CSc1cc(-c2ccc(Cl)cc2)oc(=O)c1,CSc1cc(-c2ccc(Cl)cc2)oc(=O)c1C(N)=O,O=c1cccc(-c2ccccc2)o1,O=c1cccc(-c2ccccc2)o1,True,False,False,,1.0,0.4888888888888889,,,,,,,,,0.7640571553591999,0.8837306867126842,0.11967353135348424,False,30.21,73.30000000000001,43.09000000000001,False,,,,,3.0,4.0,1.0,True,2.0,3.0,1.0,True
source_identity,mpair_00002568_cond_00_4p,mpair_00002568,eval,4,"MW,LogP,TPSA,RB",COc1cc(C(=O)N2CCN(C(=O)c3cc(OC)c(OC)c(OC)c3)C(CO)C2)cc(OC)c1OC,COc1cc(C(=O)N2CCN(C(=O)c3cc(OC)c(OC)c(OC)c3)C(COC(=O)NCCC(C)C)C2)cc(OC)c1OC,COc1cc(C(=O)N2CCN(C(=O)c3cc(OC)c(OC)c(OC)c3)C(CO)C2)cc(OC)c1OC,O=C(c1ccccc1)N1CCN(C(=O)c2ccccc2)CC1,O=C(c1ccccc1)N1CCN(C(=O)c2ccccc2)CC1,True,False,False,,1.0,0.631578947368421,617.6960000000003,504.53600000000034,113.15999999999991,False,3.4773000000000023,1.6973000000000003,1.780000000000002,False,,,,,134.33,116.23000000000002,18.099999999999994,True,,,,,,,,,13.0,9.0,4.0,False
source_identity,mpair_00002576_cond_00_4p,mpair_00002576,eval,4,"MW,LogP,QED,HBD",COc1cc(C(=O)N2CCN(C(=O)c3cc(OC)c(OC)c(OC)c3)C(COC(C)=O)C2)cc(OC)c1OC,COc1cc(C(=O)N2CCN(C(=O)c3cc(OC)c(OC)c(OC)c3)C(COC(=O)NCCC(C)C)C2)cc(OC)c1OC,COc1cc(C(=O)N2CCN(C(=O)c3cc(OC)c(OC)c(OC)c3)C(COC(C)=O)C2)cc(OC)c1OC,O=C(c1ccccc1)N1CCN(C(=O)c2ccccc2)CC1,O=C(c1ccccc1)N1CCN(C(=O)c2ccccc2)CC1,True,False,False,,1.0,0.7017543859649122,617.6960000000003,546.5730000000003,71.12299999999993,False,3.4773000000000023,2.2681000000000004,1.2092000000000018,False,0.3561059094946873,0.41028124355120477,0.05417533405651748,True,,,,,1.0,0.0,1.0,True,,,,,,,,
source_identity,mpair_00002585_cond_00_4p,mpair_00002585,eval,4,"MW,QED,TPSA,HBA",COc1cc(C(=O)N2CCN(C(=O)c3cc(OC)c(OC)c(OC)c3)C(COC(C)=O)C2)cc(OC)c1OC,COc1cc(C(=O)N2CCN(C(=O)c3cc(OC)c(OC)c(OC)c3)CC2)cc(OC)c1OC,COc1cc(C(=O)N2CCN(C(=O)c3cc(OC)c(OC)c(OC)c3)C(COC(C)=O)C2)cc(OC)c1OC,O=C(c1ccccc1)N1CCN(C(=O)c2ccccc2)CC1,O=C(c1ccccc1)N1CCN(C(=O)c2ccccc2)CC1,True,False,False,,1.0,0.5777777777777777,474.51000000000033,546.5730000000003,72.06299999999999,False,,,,,0.5754127815390553,0.41028124355120477,0.16513153798785052,False,96.00000000000001,122.30000000000001,26.299999999999997,False,,,,,8.0,10.0,2.0,False,,,,
source_identity,mpair_00002593_cond_00_4p,mpair_00002593,eval,4,"MW,TPSA,HBA,RB",COc1cc(C(=O)N2CCN(C(=O)c3cc(OC)c(OC)c(OC)c3)C(COC(=O)NCCC(C)C)C2)cc(OC)c1OC,COc1cc(C(=O)N2CCN(C(=O)c3cc(OC)c(OC)c(OC)c3)C(CO)C2)cc(OC)c1OC,COc1cc(C(=O)N2CCN(C(=O)c3cc(OC)c(OC)c(OC)c3)C(COC(=O)NCCC(C)C)C2)cc(OC)c1OC,O=C(c1ccccc1)N1CCN(C(=O)c2ccccc2)CC1,O=C(c1ccccc1)N1CCN(C(=O)c2ccccc2)CC1,True,False,False,,1.0,0.631578947368421,504.53600000000034,617.6960000000003,113.15999999999991,False,,,,,,,,,116.23000000000002,134.33,18.099999999999994,True,,,,,9.0,10.0,1.0,True,9.0,13.0,4.0,False
source_identity,mpair_00002606_cond_01_4p,mpair_00002606,eval,4,"MW,HBD,HBA,RB",COc1ccc(C(=O)Nc2c(Cl)cncc2Cl)c2cccnc12,COc1ccc(C(=O)Nc2c(Cl)cncc2Cl)c2ccc(C(C)O)nc12,COc1ccc(C(=O)Nc2c(Cl)cncc2Cl)c2cccnc12,O=C(Nc1ccncc1)c1cccc2ncccc12,O=C(Nc1ccncc1)c1cccc2ncccc12,True,False,False,,1.0,0.6428571428571429,392.24200000000013,348.1890000000001,44.053000000000054,False,,,,,,,,,,,,,2.0,1.0,1.0,True,5.0,4.0,1.0,True,4.0,3.0,1.0,True
source_identity,mpair_00002613_cond_00_4p,mpair_00002613,eval,4,"QED,TPSA,HBD,RB",COc1ccc(C(=O)Nc2ccncc2Cl)c2cccnc12,COc1ccc(C(=O)Nc2c(Cl)cncc2Cl)c2ccc(C(C)O)nc12,COc1ccc(C(=O)Nc2ccncc2Cl)c2cccnc12,O=C(Nc1ccncc1)c1cccc2ncccc12,O=C(Nc1ccncc1)c1cccc2ncccc12,True,False,False,,1.0,0.49206349206349204,,,,,,,,,0.6936033323496321,0.8029165077767629,0.10931317542713082,False,84.34,64.11,20.230000000000004,False,2.0,1.0,1.0,True,,,,,4.0,3.0,1.0,True
source_identity,mpair_00002622_cond_01_4p,mpair_00002622,eval,4,"MW,LogP,QED,RB",CCc1ccc2c(C(=O)Nc3c(Cl)cncc3Cl)ccc(OC)c2n1,COc1ccc(C(=O)Nc2ccncc2Cl)c2cccnc12,CCc1ccc2c(C(=O)Nc3c(Cl)cncc3Cl)ccc(OC)c2n1,O=C(Nc1ccncc1)c1cccc2ncccc12,O=C(Nc1ccncc1)c1cccc2ncccc12,True,False,False,,1.0,0.5,313.744,376.2430000000001,62.49900000000008,False,3.544100000000002,4.759900000000003,1.2158000000000007,False,0.8029165077767629,0.7131894410136064,0.08972706676315656,True,,,,,,,,,,,,,3.0,4.0,1.0,True
source_identity,mpair_00002629_cond_01_4p,mpair_00002629,eval,4,"TPSA,HBD,HBA,RB",CC(C)CC(=O)N1C[C@H](c2ccccc2)C[C@H]1C(=O)N[C@@H](CC(F)F)C(=O)NCCc1c(F)cc(C(=O)O)cc1F,CC(C)(C)[C@H](O)C(=O)N1C[C@H](c2ccccc2)C[C@H]1C(=O)N[C@@H](CC(F)F)C(=O)NCCc1c(F)cc(C(=O)O)cc1F,CC(C)CC(=O)N1C[C@H](c2ccccc2)C[C@H]1C(=O)N[C@@H](CC(F)F)C(=O)NCCc1c(F)cc(C(=O)O)cc1F,O=C(CNC(=O)[C@@H]1C[C@@H](c2ccccc2)CN1)NCCc1ccccc1,O=C(CNC(=O)[C@@H]1C[C@@H](c2ccccc2)CN1)NCCc1ccccc1,True,False,False,,1.0,0.7567567567567568,,,,,,,,,,,,,136.04,115.81000000000002,20.229999999999976,False,4.0,3.0,1.0,True,5.0,4.0,1.0,True,11.0,12.0,1.0,True
source_identity,mpair_00003116_cond_02_4p,mpair_00003116,eval,4,"MW,TPSA,HBA,RB",COC(=O)c1cc2c([nH]1)C(=O)C=C1N(C(=O)OC(C)(C)C)CC3CC123,Cc1c[nH]c2c1C13CC1CN(C(=O)OC(C)(C)C)C3=CC2=O,COC(=O)c1cc2c([nH]1)C(=O)C=C1N(C(=O)OC(C)(C)C)CC3CC123,O=C1C=C2NCC3CC23c2cc[nH]c21,O=C1C=C2NCC3CC23c2cc[nH]c21,True,False,False,,1.0,0.5873015873015873,300.358,344.36700000000013,44.00900000000013,False,,,,,,,,,62.4,88.7,26.300000000000004,False,,,,,3.0,5.0,2.0,False,0.0,1.0,1.0,True
source_identity,mpair_00003213_cond_00_4p,mpair_00003213,eval,4,"TPSA,HBD,HBA,RB",CC(C)NC(=O)c1ccc2c(Nc3ccc(Cl)cc3)nc(N3CCOCC3)nc2c1,Clc1ccc(Nc2nc(N3CCOCC3)nc3ccccc23)cc1,CC(C)NC(=O)c1ccc2c(Nc3ccc(Cl)cc3)nc(N3CCOCC3)nc2c1,c1ccc(Nc2nc(N3CCOCC3)nc3ccccc23)cc1,c1ccc(Nc2nc(N3CCOCC3)nc3ccccc23)cc1,True,False,False,,1.0,0.6,,,,,,,,,,,,,50.28,79.38000000000001,29.10000000000001,False,1.0,2.0,1.0,True,5.0,6.0,1.0,True,3.0,5.0,2.0,False
source_identity,mpair_00003221_cond_00_4p,mpair_00003221,eval,4,"MW,QED,TPSA,RB",COc1ccc(S(=O)(=O)N(Cc2cccnc2)c2c(C)cccc2C(=O)NO)cc1,COC(=O)c1cccc(C(=O)NO)c1N(Cc1cccnc1)S(=O)(=O)c1ccc(OC)cc1,COc1ccc(S(=O)(=O)N(Cc2cccnc2)c2c(C)cccc2C(=O)NO)cc1,O=S(=O)(c1ccccc1)N(Cc1cccnc1)c1ccccc1,O=S(=O)(c1ccccc1)N(Cc1cccnc1)c1ccccc1,True,False,False,,1.0,0.8333333333333334,471.49100000000016,427.48200000000014,44.009000000000015,False,,,,,0.29046454626646695,0.44330794633881315,0.1528434000723462,False,135.13,108.83000000000001,26.299999999999983,False,,,,,,,,,8.0,7.0,1.0,True
source_identity,mpair_00003532_cond_00_4p,mpair_00003532,eval,4,"LogP,QED,TPSA,HBA",CCOC(=O)C(C)Oc1cccc(N(Cc2cccnc2)S(=O)(=O)CC(F)(F)F)c1,CCCC(C)Oc1cccc(N(Cc2cccnc2)S(=O)(=O)CC(F)(F)F)c1,CCOC(=O)C(C)Oc1cccc(N(Cc2cccnc2)S(=O)(=O)CC(F)(F)F)c1,c1ccc(NCc2cccnc2)cc1,c1ccc(NCc2cccnc2)cc1,True,False,False,,1.0,0.746031746031746,,,,,4.547700000000003,3.3107000000000024,1.237000000000001,False,0.6018859517288218,0.5496815697636838,0.05220438196513799,True,59.5,85.80000000000001,26.30000000000001,False,,,,,4.0,6.0,2.0,False,,,,
source_identity,mpair_00003536_cond_00_4p,mpair_00003536,eval,4,"MW,LogP,QED,RB",COc1cccc(N(Cc2cccnc2)S(=O)(=O)CC(F)(F)F)c1,CCC(C)COc1cccc(N(Cc2cccnc2)S(=O)(=O)CC(F)(F)F)c1,COc1cccc(N(Cc2cccnc2)S(=O)(=O)CC(F)(F)F)c1,c1ccc(NCc2cccnc2)cc1,c1ccc(NCc2cccnc2)cc1,True,False,False,,1.0,0.7413793103448276,416.4650000000001,360.3570000000001,56.108000000000004,False,4.405200000000004,2.988900000000002,1.4163000000000023,False,0.6078002459089881,0.7946521442277092,0.18685189831872118,False,,,,,,,,,,,,,9.0,6.0,3.0,False
source_identity,mpair_00000004_cond_01_5p,mpair_00000004,eval,5,"MW,LogP,QED,HBA,RB",O=C(c1ccccc1Br)N1C[C@H](CN2CCC(c3ccccc3)CC2)[C@@H](c2ccccc2)C1,COc1cccc(C(=O)N2C[C@H](CN3CCC(c4ccccc4)CC3)[C@@H](c3ccccc3)C2)c1,O=C(c1ccccc1Br)N1C[C@H](CN2CCC(c3ccccc3)CC2)[C@@H](c2ccccc2)C1,O=C(c1ccccc1)N1C[C@H](CN2CCC(c3ccccc3)CC2)[C@@H](c2ccccc2)C1,O=C(c1ccccc1)N1C[C@H](CN2CCC(c3ccccc3)CC2)[C@@H](c2ccccc2)C1,True,False,False,,1.0,0.6065573770491803,454.61400000000015,503.48400000000026,48.87000000000012,False,5.430600000000005,6.184500000000006,0.7539000000000007,True,0.49786269936596683,0.41502650656849366,0.08283619279747317,True,,,,,,,,,3.0,2.0,1.0,True,6.0,5.0,1.0,True
source_identity,mpair_00000326_cond_00_5p,mpair_00000326,eval,5,"MW,QED,TPSA,HBD,RB",N[C@@H](C(=O)N[C@@H]1C(=O)N2C(C(=O)O)=C(C(F)(F)F)CC[C@H]12)c1ccc(O)cc1,CSC1=C(C(=O)O)N2C(=O)[C@@H](NC(=O)[C@H](N)c3ccccc3)[C@H]2CC1,N[C@@H](C(=O)N[C@@H]1C(=O)N2C(C(=O)O)=C(C(F)(F)F)CC[C@H]12)c1ccc(O)cc1,O=C(Cc1ccccc1)N[C@@H]1C(=O)N2C=CCC[C@H]12,O=C(Cc1ccccc1)N[C@@H]1C(=O)N2C=CCC[C@H]12,True,False,False,,1.0,0.5873015873015873,361.42300000000006,399.3250000000001,37.902000000000044,False,,,,,0.6699274889764619,0.5533729404309352,0.11655454854552671,False,112.73,132.96,20.230000000000004,False,3.0,4.0,1.0,True,,,,,5.0,4.0,1.0,True
source_identity,mpair_00000334_cond_00_5p,mpair_00000334,eval,5,"MW,QED,TPSA,HBD,RB",CSC1=C(C(=O)O)N2C(=O)[C@@H](NC(=O)[C@H](N)c3ccccc3)[C@H]2CC1,N[C@@H](C(=O)N[C@@H]1C(=O)N2C(C(=O)O)=C(C(F)(F)F)CC[C@H]12)c1ccc(O)cc1,CSC1=C(C(=O)O)N2C(=O)[C@@H](NC(=O)[C@H](N)c3ccccc3)[C@H]2CC1,O=C(Cc1ccccc1)N[C@@H]1C(=O)N2C=CCC[C@H]12,O=C(Cc1ccccc1)N[C@@H]1C(=O)N2C=CCC[C@H]12,True,False,False,,1.0,0.5873015873015873,399.3250000000001,361.42300000000006,37.902000000000044,False,,,,,0.5533729404309352,0.6699274889764619,0.11655454854552671,False,132.96,112.73,20.230000000000004,False,4.0,3.0,1.0,True,,,,,4.0,5.0,1.0,True
source_identity,mpair_00000585_cond_00_5p,mpair_00000585,eval,5,"LogP,QED,TPSA,HBD,HBA",Cc1ccc(CCCC[C@@H]2N[C@@H](CO)[C@H](O)[C@H]2O)cc1,OC[C@@H]1N[C@@H](CCCCc2ccc(O)cc2)[C@H](O)[C@H]1O,Cc1ccc(CCCC[C@@H]2N[C@@H](CO)[C@H](O)[C@H]2O)cc1,c1ccc(CCCC[C@H]2CCCN2)cc1,c1ccc(CCCC[C@H]2CCCN2)cc1,True,False,False,,1.0,0.7567567567567568,,,,,0.15949999999999964,0.7623199999999992,0.6028199999999996,True,0.47902706341404183,0.5802758268226561,0.10124876340861427,False,92.95,72.72,20.230000000000004,False,5.0,4.0,1.0,True,5.0,4.0,1.0,True,,,,
source_identity,mpair_00000733_cond_01_5p,mpair_00000733,eval,5,"MW,LogP,QED,HBD,RB",C=CCc1cc(/C=C2\SC(=O)N(CCCC)C2=O)c(OC)cc1OC1CCCCO1,C=CCc1cc(/C=C2\SC(=O)NC2=O)c(OC)cc1OC1CCCCO1,C=CCc1cc(/C=C2\SC(=O)N(CCCC)C2=O)c(OC)cc1OC1CCCCO1,O=C1NC(=O)/C(=C/c2ccc(OC3CCCCO3)cc2)S1,O=C1NC(=O)/C(=C/c2ccc(OC3CCCCO3)cc2)S1,True,False,False,,1.0,0.6571428571428571,375.4460000000002,431.55400000000026,56.10800000000006,False,3.6530000000000022,5.165500000000004,1.512500000000002,False,0.6042673504148035,0.39718598618589046,0.20708136422891305,False,,,,,1.0,0.0,1.0,True,,,,,6.0,9.0,3.0,False
source_identity,mpair_00002468_cond_01_5p,mpair_00002468,eval,5,"MW,LogP,QED,HBA,RB",CN(C)CCCOc1cc(C(=O)Nc2cc(F)cc(C(F)(F)F)c2)n(Cc2ccccc2)n1,COc1ccc(NC(=O)c2cc(OCCCN(C)C)nn2Cc2ccccc2)cc1,CN(C)CCCOc1cc(C(=O)Nc2cc(F)cc(C(F)(F)F)c2)n(Cc2ccccc2)n1,O=C(Nc1ccccc1)c1ccnn1Cc1ccccc1,O=C(Nc1ccccc1)c1ccnn1Cc1ccccc1,True,False,False,,1.0,0.6764705882352942,408.50200000000007,464.4630000000001,55.96100000000001,False,3.522800000000002,4.672100000000003,1.149300000000001,False,0.5200250404910086,0.369385517709234,0.15063952278177462,False,,,,,,,,,6.0,5.0,1.0,True,10.0,9.0,1.0,True
source_identity,mpair_00002508_cond_01_5p,mpair_00002508,eval,5,"LogP,QED,TPSA,HBD,RB",CSc1cc(-c2ccc(Br)cc2)oc(=O)c1C#N,CSc1cc(-c2ccc(Cl)cc2)oc(=O)c1C(N)=O,CSc1cc(-c2ccc(Br)cc2)oc(=O)c1C#N,O=c1cccc(-c2ccccc2)o1,O=c1cccc(-c2ccccc2)o1,True,True,True,,1.0,0.43137254901960786,,,,,2.7810000000000006,3.662880000000002,0.8818800000000016,True,0.8837306867126842,0.791886779601309,0.09184390711137513,True,73.30000000000001,54.0,19.30000000000001,True,1.0,0.0,1.0,True,,,,,3.0,2.0,1.0,True
source_identity,mpair_00002525_cond_02_5p,mpair_00002525,eval,5,"LogP,QED,TPSA,HBD,RB",CSc1cc(-c2ccc(Cl)cc2)oc(=O)c1C(N)=O,CSc1cc(-c2ccc(Br)cc2)oc(=O)c1C#N,CSc1cc(-c2ccc(Cl)cc2)oc(=O)c1C(N)=O,O=c1cccc(-c2ccccc2)o1,O=c1cccc(-c2ccccc2)o1,True,True,True,,1.0,0.43137254901960786,,,,,3.662880000000002,2.7810000000000006,0.8818800000000016,True,0.791886779601309,0.8837306867126842,0.09184390711137513,True,54.0,73.30000000000001,19.30000000000001,True,0.0,1.0,1.0,True,,,,,2.0,3.0,1.0,True
source_identity,mpair_00002565_cond_02_5p,mpair_00002565,eval,5,"MW,LogP,QED,HBA,RB",CSc1nc(-c2ccc(OC(F)(F)F)cc2)nn1C(=O)N(C)c1ccccc1,CSc1nc(-c2ccc(C)cc2)nn1C(=O)N(C)c1ccccc1,CSc1nc(-c2ccc(OC(F)(F)F)cc2)nn1C(=O)N(C)c1ccccc1,O=C(Nc1ccccc1)n1cnc(-c2ccccc2)n1,O=C(Nc1ccccc1)n1cnc(-c2ccccc2)n1,True,False,False,,1.0,0.7169811320754716,338.43600000000004,408.4050000000001,69.96900000000005,False,4.079920000000002,4.670100000000003,0.590180000000001,True,0.6753188675979567,0.5874043626188404,0.08791450497911624,True,,,,,,,,,5.0,6.0,1.0,True,3.0,4.0,1.0,True
source_identity,mpair_00002587_cond_00_5p,mpair_00002587,eval,5,"LogP,TPSA,HBD,HBA,RB",COc1cc(C(=O)N2CCN(C(=O)c3cc(OC)c(OC)c(OC)c3)C(CO)C2)cc(OC)c1OC,COc1cc(C(=O)N2CCN(C(=O)c3cc(OC)c(OC)c(OC)c3)CC2)cc(OC)c1OC,COc1cc(C(=O)N2CCN(C(=O)c3cc(OC)c(OC)c(OC)c3)C(CO)C2)cc(OC)c1OC,O=C(c1ccccc1)N1CCN(C(=O)c2ccccc2)CC1,O=C(c1ccccc1)N1CCN(C(=O)c2ccccc2)CC1,True,False,False,,1.0,0.6341463414634146,,,,,2.3364000000000003,1.6973000000000003,0.6391,True,,,,,96.00000000000001,116.23000000000002,20.230000000000004,False,0.0,1.0,1.0,True,8.0,9.0,1.0,True,8.0,9.0,1.0,True
source_identity,mpair_00002593_cond_02_5p,mpair_00002593,eval,5,"MW,LogP,QED,TPSA,HBA",COc1cc(C(=O)N2CCN(C(=O)c3cc(OC)c(OC)c(OC)c3)C(COC(=O)NCCC(C)C)C2)cc(OC)c1OC,COc1cc(C(=O)N2CCN(C(=O)c3cc(OC)c(OC)c(OC)c3)C(CO)C2)cc(OC)c1OC,COc1cc(C(=O)N2CCN(C(=O)c3cc(OC)c(OC)c(OC)c3)C(COC(=O)NCCC(C)C)C2)cc(OC)c1OC,O=C(c1ccccc1)N1CCN(C(=O)c2ccccc2)CC1,O=C(c1ccccc1)N1CCN(C(=O)c2ccccc2)CC1,True,False,False,,1.0,0.631578947368421,504.53600000000034,617.6960000000003,113.15999999999991,False,1.6973000000000003,3.4773000000000023,1.780000000000002,False,0.544633228323374,0.3561059094946873,0.18852731882868673,False,116.23000000000002,134.33,18.099999999999994,True,,,,,9.0,10.0,1.0,True,,,,
source_identity,mpair_00002630_cond_01_5p,mpair_00002630,eval,5,"LogP,QED,TPSA,HBD,HBA",CC(C)CC(=O)N1C[C@H](c2ccccc2)C[C@H]1C(=O)N[C@@H](CC(F)F)C(=O)NCCc1c(F)cc(C(=O)O)cc1F,CC(C)[C@@H](O)C(=O)N1C[C@H](c2ccccc2)C[C@H]1C(=O)N[C@@H](CC(F)F)C(=O)NCCc1c(F)cc(C(=O)O)cc1F,CC(C)CC(=O)N1C[C@H](c2ccccc2)C[C@H]1C(=O)N[C@@H](CC(F)F)C(=O)NCCc1c(F)cc(C(=O)O)cc1F,O=C(CNC(=O)[C@@H]1C[C@@H](c2ccccc2)CN1)NCCc1ccccc1,O=C(CNC(=O)[C@@H]1C[C@@H](c2ccccc2)CN1)NCCc1ccccc1,True,False,False,,1.0,0.7916666666666666,,,,,2.8633000000000006,3.892500000000002,1.0292000000000012,False,0.2789053789646464,0.3302613314122171,0.051355952447570685,True,136.04,115.81000000000002,20.229999999999976,False,4.0,3.0,1.0,True,5.0,4.0,1.0,True,,,,
source_identity,mpair_00003211_cond_00_5p,mpair_00003211,eval,5,"MW,LogP,HBD,HBA,RB",CC[C@H]1OC(=O)[C@H](C)[C@@H](OC(C)=O)[C@H](C)[C@@H](OC2O[C@H](C)C[C@H](N(C)C)C2O)[C@@](C)(OC)C[C@@H](C)C(=O)[C@H](C)[C@@H](O)[C@]1(C)O,CC[C@H]1OC(=O)[C@H](C)[C@@H](O)[C@H](C)[C@@H](OC2O[C@H](C)C[C@H](N(C)C)C2O)[C@@](C)(OC)C[C@@H](C)C(=O)[C@H](C)[C@@H](O)[C@]1(C)O,CC[C@H]1OC(=O)[C@H](C)[C@@H](OC(C)=O)[C@H](C)[C@@H](OC2O[C@H](C)C[C@H](N(C)C)C2O)[C@@](C)(OC)C[C@@H](C)C(=O)[C@H](C)[C@@H](O)[C@]1(C)O,O=C1CCCCOC(=O)CCC[C@@H](OC2CCCCO2)CCC1,O=C1CCCCOC(=O)CCC[C@@H](OC2CCCCO2)CCC1,True,False,False,,1.0,0.821917808219178,589.7670000000004,631.8040000000003,42.03699999999992,False,1.5145000000000022,2.0853000000000033,0.5708000000000011,True,,,,,,,,,4.0,3.0,1.0,True,11.0,12.0,1.0,True,5.0,6.0,1.0,True
source_identity,mpair_00003537_cond_02_5p,mpair_00003537,eval,5,"MW,LogP,QED,TPSA,HBA",CC(C)COc1cccc(N(Cc2cccnc2)S(=O)(=O)CC(F)(F)F)c1,CCOC(=O)C(C)Oc1cccc(N(Cc2cccnc2)S(=O)(=O)CC(F)(F)F)c1,CC(C)COc1cccc(N(Cc2cccnc2)S(=O)(=O)CC(F)(F)F)c1,c1ccc(NCc2cccnc2)cc1,c1ccc(NCc2cccnc2)cc1,True,False,False,,1.0,0.6984126984126984,446.4470000000001,402.43800000000005,44.00900000000007,False,3.3107000000000024,4.015100000000003,0.7044000000000006,True,0.5496815697636838,0.6693605971809802,0.11967902741729641,False,85.80000000000001,59.5,26.30000000000001,False,,,,,6.0,4.0,2.0,False,,,,
source_identity,mpair_00000754_cond_01_6p,mpair_00000754,eval,6,"MW,LogP,QED,TPSA,HBA,RB",COC(=O)C[C@@H]1CC(=O)N2[C@H](Cc3c[nH]c4ccccc34)CO[C@@H]2C1,CC[C@H]1CCC(=O)N2[C@H](Cc3c[nH]c4ccccc34)CO[C@H]12,COC(=O)C[C@@H]1CC(=O)N2[C@H](Cc3c[nH]c4ccccc34)CO[C@@H]2C1,O=C1CCC[C@H]2OC[C@@H](Cc3c[nH]c4ccccc34)N12,O=C1CCC[C@H]2OC[C@@H](Cc3c[nH]c4ccccc34)N12,True,False,False,,1.0,0.5072463768115942,298.3860000000001,342.39500000000015,44.00900000000007,False,3.0839000000000016,2.236999999999999,0.8469000000000024,True,0.9461815070706311,0.8651865286551231,0.08099497841550796,True,45.33,71.63000000000001,26.30000000000001,False,,,,,2.0,4.0,2.0,False,3.0,4.0,1.0,True
source_identity,mpair_00002554_cond_00_6p,mpair_00002554,eval,6,"MW,QED,TPSA,HBD,HBA,RB",CSc1cc(-c2ccc(Cl)cc2)oc(=O)c1C(N)=O,CSc1cc(-c2ccc(Cl)cc2)oc(=O)c1,CSc1cc(-c2ccc(Cl)cc2)oc(=O)c1C(N)=O,O=c1cccc(-c2ccccc2)o1,O=c1cccc(-c2ccccc2)o1,True,False,False,,1.0,0.4888888888888889,252.72199999999998,295.747,43.025000000000034,False,,,,,0.7640571553591999,0.8837306867126842,0.11967353135348424,False,30.21,73.30000000000001,43.09000000000001,False,0.0,1.0,1.0,True,3.0,4.0,1.0,True,2.0,3.0,1.0,True
source_identity,mpair_00002581_cond_02_6p,mpair_00002581,eval,6,"MW,LogP,QED,TPSA,HBA,RB",COc1cc(C(=O)N2CCN(C(=O)c3cc(OC)c(OC)c(OC)c3)C(COC(=O)CC(C)(C)C)C2)cc(OC)c1OC,COc1cc(C(=O)N2CCN(C(=O)c3cc(OC)c(OC)c(OC)c3)CC2)cc(OC)c1OC,COc1cc(C(=O)N2CCN(C(=O)c3cc(OC)c(OC)c(OC)c3)C(COC(=O)CC(C)(C)C)C2)cc(OC)c1OC,O=C(c1ccccc1)N1CCN(C(=O)c2ccccc2)CC1,O=C(c1ccccc1)N1CCN(C(=O)c2ccccc2)CC1,True,False,False,,1.0,0.52,474.51000000000033,602.6810000000004,128.17100000000005,False,2.3364000000000003,3.684400000000003,1.3480000000000025,False,0.5754127815390553,0.3521539372279048,0.2232588443111505,False,96.00000000000001,122.30000000000001,26.299999999999997,False,,,,,8.0,10.0,2.0,False,8.0,11.0,3.0,False
source_identity,mpair_00002606_cond_02_6p,mpair_00002606,eval,6,"MW,QED,TPSA,HBD,HBA,RB",COc1ccc(C(=O)Nc2c(Cl)cncc2Cl)c2cccnc12,COc1ccc(C(=O)Nc2c(Cl)cncc2Cl)c2ccc(C(C)O)nc12,COc1ccc(C(=O)Nc2c(Cl)cncc2Cl)c2cccnc12,O=C(Nc1ccncc1)c1cccc2ncccc12,O=C(Nc1ccncc1)c1cccc2ncccc12,True,False,False,,1.0,0.6428571428571429,392.24200000000013,348.1890000000001,44.053000000000054,False,,,,,0.6936033323496321,0.7706046174674384,0.07700128511780624,True,84.34,64.11,20.230000000000004,False,2.0,1.0,1.0,True,5.0,4.0,1.0,True,4.0,3.0,1.0,True
source_identity,mpair_00003213_cond_02_6p,mpair_00003213,eval,6,"MW,QED,TPSA,HBD,HBA,RB",CC(C)NC(=O)c1ccc2c(Nc3ccc(Cl)cc3)nc(N3CCOCC3)nc2c1,Clc1ccc(Nc2nc(N3CCOCC3)nc3ccccc23)cc1,CC(C)NC(=O)c1ccc2c(Nc3ccc(Cl)cc3)nc(N3CCOCC3)nc2c1,c1ccc(Nc2nc(N3CCOCC3)nc3ccccc23)cc1,c1ccc(Nc2nc(N3CCOCC3)nc3ccccc23)cc1,True,False,False,,1.0,0.6,340.81399999999996,425.92000000000024,85.10600000000028,False,,,,,0.784150666451108,0.6427710577069246,0.14137960874418343,False,50.28,79.38000000000001,29.10000000000001,False,1.0,2.0,1.0,True,5.0,6.0,1.0,True,3.0,5.0,2.0,False
source_identity,mpair_00002511_cond_00_7p,mpair_00002511,eval,7,"MW,LogP,QED,TPSA,HBD,HBA,RB",CSc1cc(-c2ccc(Br)cc2)oc(=O)c1Br,CSc1cc(-c2ccc(Cl)cc2)oc(=O)c1C(N)=O,CSc1cc(-c2ccc(Br)cc2)oc(=O)c1Br,O=c1cccc(-c2ccccc2)o1,O=c1cccc(-c2ccccc2)o1,True,False,False,,1.0,0.4782608695652174,295.747,376.0690000000001,80.32200000000006,False,2.7810000000000006,4.553700000000002,1.7727000000000013,False,0.8837306867126842,0.7207772389894862,0.16295344772319797,False,73.30000000000001,30.21,43.09000000000001,False,1.0,0.0,1.0,True,4.0,3.0,1.0,True,3.0,2.0,1.0,True
source_identity,mpair_00002551_cond_00_7p,mpair_00002551,eval,7,"MW,LogP,QED,TPSA,HBD,HBA,RB",CSc1cc(-c2ccc(Cl)cc2)oc(=O)c1C(N)=O,CSc1cc(-c2ccc(Br)cc2)oc(=O)c1Cl,CSc1cc(-c2ccc(Cl)cc2)oc(=O)c1C(N)=O,O=c1cccc(-c2ccccc2)o1,O=c1cccc(-c2ccccc2)o1,True,False,False,,1.0,0.5217391304347826,331.61800000000005,295.747,35.87100000000004,False,4.444600000000002,2.7810000000000006,1.6636000000000015,False,0.7618841288913727,0.8837306867126842,0.12184655782131149,False,30.21,73.30000000000001,43.09000000000001,False,0.0,1.0,1.0,True,3.0,4.0,1.0,True,2.0,3.0,1.0,True
scaffold_property_retrieval,mpair_00000002_cond_00_2p,mpair_00000002,eval,2,"LogP,QED",O=C(c1cccc(Cl)c1)N1C[C@H](CN2CCC(c3ccccc3)CC2)[C@@H](c2ccccc2)C1,O=C(c1ccccc1F)N1C[C@H](CN2CCC(c3ccccc3)CC2)[C@@H](c2ccccc2)C1,O=C(c1cccc(Cl)c1)N1C[C@H](CN2CCC(c3ccccc3)CC2)[C@@H](c2ccccc2)C1,O=C(c1ccccc1)N1C[C@H](CN2CCC(c3ccccc3)CC2)[C@@H](c2ccccc2)C1,O=C(c1ccccc1)N1C[C@H](CN2CCC(c3ccccc3)CC2)[C@@H](c2ccccc2)C1,True,True,True,source_identity,1.0,0.6379310344827587,,,,,5.561100000000006,6.075400000000006,0.5143000000000004,True,0.5164092889512721,0.4625029539066648,0.053906335044607345,True,,,,,,,,,,,,,,,,
scaffold_property_retrieval,mpair_00000004_cond_00_2p,mpair_00000004,eval,2,"LogP,RB",O=C(c1ccccc1Br)N1C[C@H](CN2CCC(c3ccccc3)CC2)[C@@H](c2ccccc2)C1,COc1cccc(C(=O)N2C[C@H](CN3CCC(c4ccccc4)CC3)[C@@H](c3ccccc3)C2)c1,O=C(c1ccccc1Br)N1C[C@H](CN2CCC(c3ccccc3)CC2)[C@@H](c2ccccc2)C1,O=C(c1ccccc1)N1C[C@H](CN2CCC(c3ccccc3)CC2)[C@@H](c2ccccc2)C1,O=C(c1ccccc1)N1C[C@H](CN2CCC(c3ccccc3)CC2)[C@@H](c2ccccc2)C1,True,True,True,source_identity,1.0,0.6065573770491803,,,,,5.430600000000005,6.184500000000006,0.7539000000000007,True,,,,,,,,,,,,,,,,,6.0,5.0,1.0,True
scaffold_property_retrieval,mpair_00000007_cond_00_2p,mpair_00000007,eval,2,"LogP,QED",O=C(c1ccccc1F)N1C[C@H](CN2CCC(c3ccccc3)CC2)[C@@H](c2ccccc2)C1,O=C(c1cccc(Cl)c1)N1C[C@H](CN2CCC(c3ccccc3)CC2)[C@@H](c2ccccc2)C1,O=C(c1ccccc1F)N1C[C@H](CN2CCC(c3ccccc3)CC2)[C@@H](c2ccccc2)C1,O=C(c1ccccc1)N1C[C@H](CN2CCC(c3ccccc3)CC2)[C@@H](c2ccccc2)C1,O=C(c1ccccc1)N1C[C@H](CN2CCC(c3ccccc3)CC2)[C@@H](c2ccccc2)C1,True,True,True,source_identity,1.0,0.6379310344827587,,,,,6.075400000000006,5.561100000000006,0.5143000000000004,True,0.4625029539066648,0.5164092889512721,0.053906335044607345,True,,,,,,,,,,,,,,,,
scaffold_property_retrieval,mpair_00000009_cond_01_2p,mpair_00000009,eval,2,"LogP,RB",COc1cccc(C(=O)N2C[C@H](CN3CCC(c4ccccc4)CC3)[C@@H](c3ccccc3)C2)c1,O=C(c1cccc(Cl)c1)N1C[C@H](CN2CCC(c3ccccc3)CC2)[C@@H](c2ccccc2)C1,COc1cccc(C(=O)N2C[C@H](CN3CCC(c4ccccc4)CC3)[C@@H](c3ccccc3)C2)c1,O=C(c1ccccc1)N1C[C@H](CN2CCC(c3ccccc3)CC2)[C@@H](c2ccccc2)C1,O=C(c1ccccc1)N1C[C@H](CN2CCC(c3ccccc3)CC2)[C@@H](c2ccccc2)C1,True,True,True,source_identity,1.0,0.7413793103448276,,,,,6.075400000000006,5.430600000000005,0.6448000000000009,True,,,,,,,,,,,,,,,,,5.0,6.0,1.0,True
scaffold_property_retrieval,mpair_00000012_cond_02_2p,mpair_00000012,eval,2,"LogP,QED",O=C(c1ccccc1F)N1C[C@H](CN2CCC(c3ccccc3)CC2)[C@@H](c2ccccc2)C1,O=C(c1ccccc1Br)N1C[C@H](CN2CCC(c3ccccc3)CC2)[C@@H](c2ccccc2)C1,O=C(c1ccccc1F)N1C[C@H](CN2CCC(c3ccccc3)CC2)[C@@H](c2ccccc2)C1,O=C(c1ccccc1)N1C[C@H](CN2CCC(c3ccccc3)CC2)[C@@H](c2ccccc2)C1,O=C(c1ccccc1)N1C[C@H](CN2CCC(c3ccccc3)CC2)[C@@H](c2ccccc2)C1,True,False,False,source_identity,1.0,0.7692307692307693,,,,,6.184500000000006,5.561100000000006,0.6234000000000002,True,0.41502650656849366,0.5164092889512721,0.10138278238277848,False,,,,,,,,,,,,,,,,
scaffold_property_retrieval,mpair_00000021_cond_00_2p,mpair_00000021,eval,2,"MW,TPSA",N#Cc1ccc(COC[C@H]2C3CC(c4ccc(F)cc4)(CO3)[C@@H]2C/C=C/CCCC(=O)O)cc1,O=C(O)CCC/C=C/C[C@@H]1[C@@H](COCc2ccccc2)C2CC1(c1ccccc1)CO2,N#Cc1ccc(COC[C@H]2C3CC(c4ccc(F)cc4)(CO3)[C@@H]2C/C=C/CCCC(=O)O)cc1,c1ccc(COC[C@@H]2CC3(c4ccccc4)COC2C3)cc1,c1ccc(COC[C@@H]2CC3(c4ccccc4)COC2C3)cc1,True,False,False,source_identity,1.0,0.7391304347826086,420.5490000000002,463.5490000000003,43.000000000000114,False,,,,,,,,,55.760000000000005,79.55,23.789999999999992,False,,,,,,,,,,,,
scaffold_property_retrieval,mpair_00000325_cond_02_2p,mpair_00000325,eval,2,"MW,LogP",N[C@@H](C(=O)N[C@@H]1C(=O)N2C(C(=O)O)=C(C(F)(F)F)CC[C@H]12)c1ccc(F)cc1,N[C@@H](C(=O)N[C@@H]1C(=O)N2C(C(=O)O)=C(C(F)(F)F)CC[C@H]12)c1cccc(C(F)(F)F)c1,N[C@@H](C(=O)N[C@@H]1C(=O)N2C(C(=O)O)=C(C(F)(F)F)CC[C@H]12)c1ccc(F)cc1,O=C(Cc1ccccc1)N[C@@H]1C(=O)N2C=CCC[C@H]12,O=C(Cc1ccccc1)N[C@@H]1C(=O)N2C=CCC[C@H]12,True,False,False,source_identity,1.0,0.7377049180327869,451.3230000000001,401.3160000000001,50.007000000000005,False,2.0955999999999997,1.2158999999999993,0.8797000000000004,True,,,,,,,,,,,,,,,,,,,,
scaffold_property_retrieval,mpair_00000336_cond_02_2p,mpair_00000336,eval,2,"MW,LogP",N[C@@H](C(=O)N[C@@H]1C(=O)N2C(C(=O)O)=C(C(F)(F)F)CC[C@H]12)c1cccc(Br)c1,N[C@@H](C(=O)N[C@@H]1C(=O)N2C(C(=O)O)=C(C(F)(F)F)CC[C@H]12)c1ccc(F)cc1,N[C@@H](C(=O)N[C@@H]1C(=O)N2C(C(=O)O)=C(C(F)(F)F)CC[C@H]12)c1cccc(Br)c1,O=C(Cc1ccccc1)N[C@@H]1C(=O)N2C=CCC[C@H]12,O=C(Cc1ccccc1)N[C@@H]1C(=O)N2C=CCC[C@H]12,True,False,False,source_identity,1.0,0.7377049180327869,401.3160000000001,462.2220000000001,60.906000000000006,False,1.2158999999999993,1.8392999999999997,0.6234000000000004,True,,,,,,,,,,,,,,,,,,,,
scaffold_property_retrieval,mpair_00000339_cond_00_2p,mpair_00000339,eval,2,"HBD,HBA",N[C@@H](C(=O)N[C@@H]1C(=O)N2C(C(=O)O)=C(C(F)(F)F)CC[C@H]12)c1cccc(C(F)(F)F)c1,N[C@@H](C(=O)N[C@@H]1C(=O)N2C(C(=O)O)=C(C(F)(F)F)CC[C@H]12)c1ccc(O)cc1,N[C@@H](C(=O)N[C@@H]1C(=O)N2C(C(=O)O)=C(C(F)(F)F)CC[C@H]12)c1cccc(C(F)(F)F)c1,O=C(Cc1ccccc1)N[C@@H]1C(=O)N2C=CCC[C@H]12,O=C(Cc1ccccc1)N[C@@H]1C(=O)N2C=CCC[C@H]12,True,True,True,source_identity,1.0,0.7377049180327869,,,,,,,,,,,,,,,,,4.0,3.0,1.0,True,5.0,4.0,1.0,True,,,,
scaffold_property_retrieval,mpair_00000587_cond_02_2p,mpair_00000587,eval,2,"HBA,RB",Cc1ccc(CCCC[C@@H]2N[C@@H](CO)[C@H](O)[C@H]2O)cc1,COc1ccc(CCCC[C@@H]2N[C@@H](CO)[C@H](O)[C@H]2O)cc1,Cc1ccc(CCCC[C@@H]2N[C@@H](CO)[C@H](O)[C@H]2O)cc1,c1ccc(CCCC[C@H]2CCCN2)cc1,c1ccc(CCCC[C@H]2CCCN2)cc1,True,True,True,source_identity,1.0,0.725,,,,,,,,,,,,,,,,,,,,,5.0,4.0,1.0,True,7.0,6.0,1.0,True
scaffold_property_retrieval,mpair_00000590_cond_01_2p,mpair_00000590,eval,2,"QED,RB",OC[C@@H]1N[C@@H](CCCCc2ccc(O)cc2)[C@H](O)[C@H]1O,COc1ccc(CCCC[C@@H]2N[C@@H](CO)[C@H](O)[C@H]2O)cc1,OC[C@@H]1N[C@@H](CCCCc2ccc(O)cc2)[C@H](O)[C@H]1O,c1ccc(CCCC[C@H]2CCCN2)cc1,c1ccc(CCCC[C@H]2CCCN2)cc1,True,True,True,source_identity,1.0,0.7,,,,,,,,,0.5496005244071775,0.47902706341404183,0.07057346099313572,True,,,,,,,,,,,,,7.0,6.0,1.0,True
scaffold_property_retrieval,mpair_00000592_cond_01_2p,mpair_00000592,eval,2,"HBA,RB",COc1ccc(CCCC[C@@H]2N[C@@H](CO)[C@H](O)[C@H]2O)cc1,Cc1ccc(CCCC[C@@H]2N[C@@H](CO)[C@H](O)[C@H]2O)cc1,COc1ccc(CCCC[C@@H]2N[C@@H](CO)[C@H](O)[C@H]2O)cc1,c1ccc(CCCC[C@H]2CCCN2)cc1,c1ccc(CCCC[C@H]2CCCN2)cc1,True,True,True,source_identity,1.0,0.725,,,,,,,,,,,,,,,,,,,,,4.0,5.0,1.0,True,6.0,7.0,1.0,True
scaffold_property_retrieval,mpair_00000594_cond_00_2p,mpair_00000594,eval,2,"HBA,RB",COc1ccc(CCCC[C@@H]2N[C@@H](CO)[C@H](O)[C@H]2O)cc1,OC[C@@H]1N[C@@H](CCCCc2cc(F)cc(F)c2)[C@H](O)[C@H]1O,COc1ccc(CCCC[C@@H]2N[C@@H](CO)[C@H](O)[C@H]2O)cc1,c1ccc(CCCC[C@H]2CCCN2)cc1,c1ccc(CCCC[C@H]2CCCN2)cc1,True,True,True,source_identity,1.0,0.5681818181818182,,,,,,,,,,,,,,,,,,,,,4.0,5.0,1.0,True,6.0,7.0,1.0,True
scaffold_property_retrieval,mpair_00000596_cond_01_2p,mpair_00000596,eval,2,"HBA,RB",OC[C@@H]1N[C@@H](CCCCc2ccc(F)cc2)[C@H](O)[C@H]1O,COc1ccc(CCCC[C@@H]2N[C@@H](CO)[C@H](O)[C@H]2O)cc1,OC[C@@H]1N[C@@H](CCCCc2ccc(F)cc2)[C@H](O)[C@H]1O,c1ccc(CCCC[C@H]2CCCN2)cc1,c1ccc(CCCC[C@H]2CCCN2)cc1,True,True,True,source_identity,1.0,0.6829268292682927,,,,,,,,,,,,,,,,,,,,,5.0,4.0,1.0,True,7.0,6.0,1.0,True
scaffold_property_retrieval,mpair_00000724_cond_00_2p,mpair_00000724,eval,2,"MW,LogP",C=CCc1cc(/C=C2\SC(=O)N(CC=C(C)C)C2=O)c(OC)cc1OC1CCCCO1,C=CCc1cc(/C=C2\SC(=O)N(C)C2=O)c(OC)cc1OC1CCCCO1,C=CCc1cc(/C=C2\SC(=O)N(CC=C(C)C)C2=O)c(OC)cc1OC1CCCCO1,O=C1NC(=O)/C(=C/c2ccc(OC3CCCCO3)cc2)S1,O=C1NC(=O)/C(=C/c2ccc(OC3CCCCO3)cc2)S1,True,False,False,source_identity,1.0,0.7761194029850746,389.4730000000002,443.5650000000003,54.0920000000001,False,3.9952000000000023,5.331600000000005,1.336400000000003,False,,,,,,,,,,,,,,,,,,,,
scaffold_property_retrieval,mpair_00000727_cond_02_2p,mpair_00000727,eval,2,"QED,RB",C=CCc1cc(/C=C2\SC(=O)N(C(C)C)C2=O)c(OC)cc1OC1CCCCO1,C=CCc1cc(/C=C2\SC(=O)N(CCCC)C2=O)c(OC)cc1OC1CCCCO1,C=CCc1cc(/C=C2\SC(=O)N(C(C)C)C2=O)c(OC)cc1OC1CCCCO1,O=C1NC(=O)/C(=C/c2ccc(OC3CCCCO3)cc2)S1,O=C1NC(=O)/C(=C/c2ccc(OC3CCCCO3)cc2)S1,True,False,False,source_identity,1.0,0.7285714285714285,,,,,,,,,0.39718598618589046,0.4701504427149941,0.07296445652910366,True,,,,,,,,,,,,,9.0,7.0,2.0,False
scaffold_property_retrieval,mpair_00000730_cond_02_2p,mpair_00000730,eval,2,"MW,HBD",C=CCc1cc(/C=C2\SC(=O)NC2=O)c(OC)cc1OC1CCCCO1,C=CCc1cc(/C=C2\SC(=O)N(C(C)C)C2=O)c(OC)cc1OC1CCCCO1,C=CCc1cc(/C=C2\SC(=O)NC2=O)c(OC)cc1OC1CCCCO1,O=C1NC(=O)/C(=C/c2ccc(OC3CCCCO3)cc2)S1,O=C1NC(=O)/C(=C/c2ccc(OC3CCCCO3)cc2)S1,True,False,False,source_identity,1.0,0.6865671641791045,417.52700000000027,375.4460000000002,42.081000000000074,False,,,,,,,,,,,,,0.0,1.0,1.0,True,,,,,,,,
scaffold_property_retrieval,mpair_00000732_cond_02_2p,mpair_00000732,eval,2,"LogP,QED",C=CCc1cc(/C=C2\SC(=O)N(CC=C)C2=O)c(OC)cc1OC1CCCCO1,C=CCc1cc(/C=C2\SC(=O)N(CC=C(C)C)C2=O)c(OC)cc1OC1CCCCO1,C=CCc1cc(/C=C2\SC(=O)N(CC=C)C2=O)c(OC)cc1OC1CCCCO1,O=C1NC(=O)/C(=C/c2ccc(OC3CCCCO3)cc2)S1,O=C1NC(=O)/C(=C/c2ccc(OC3CCCCO3)cc2)S1,True,True,True,source_identity,1.0,0.8615384615384616,,,,,5.331600000000005,4.551400000000004,0.7802000000000016,True,0.3995752918375223,0.45838471716690443,0.05880942532938216,True,,,,,,,,,,,,,,,,
scaffold_property_retrieval,mpair_00000736_cond_01_2p,mpair_00000736,eval,2,"QED,RB",C=CCc1cc(/C=C2\SC(=O)N(CCCC)C2=O)c(OC)cc1OC1CCCCO1,C=CCc1cc(/C=C2\SC(=O)N(C(C)C)C2=O)c(OC)cc1OC1CCCCO1,C=CCc1cc(/C=C2\SC(=O)N(CCCC)C2=O)c(OC)cc1OC1CCCCO1,O=C1NC(=O)/C(=C/c2ccc(OC3CCCCO3)cc2)S1,O=C1NC(=O)/C(=C/c2ccc(OC3CCCCO3)cc2)S1,True,False,False,source_identity,1.0,0.7285714285714285,,,,,,,,,0.4701504427149941,0.39718598618589046,0.07296445652910366,True,,,,,,,,,,,,,7.0,9.0,2.0,False
scaffold_property_retrieval,mpair_00000738_cond_00_2p,mpair_00000738,eval,2,"LogP,RB",C=CCc1cc(/C=C2\SC(=O)N(C(C)C)C2=O)c(OC)cc1OC1CCCCO1,C=CCc1cc(/C=C2\SC(=O)N(C)C2=O)c(OC)cc1OC1CCCCO1,C=CCc1cc(/C=C2\SC(=O)N(C(C)C)C2=O)c(OC)cc1OC1CCCCO1,O=C1NC(=O)/C(=C/c2ccc(OC3CCCCO3)cc2)S1,O=C1NC(=O)/C(=C/c2ccc(OC3CCCCO3)cc2)S1,True,True,True,source_identity,1.0,0.796875,,,,,3.9952000000000023,4.773800000000004,0.7786000000000017,True,,,,,,,,,,,,,,,,,6.0,7.0,1.0,True
scaffold_property_retrieval,mpair_00000741_cond_01_2p,mpair_00000741,eval,2,"QED,RB",C=CCc1cc(/C=C2\SC(=O)N(C)C2=O)c(OC)cc1OC1CCCCO1,C=CCc1cc(/C=C2\SC(=O)N(C(C)C)C2=O)c(OC)cc1OC1CCCCO1,C=CCc1cc(/C=C2\SC(=O)N(C)C2=O)c(OC)cc1OC1CCCCO1,O=C1NC(=O)/C(=C/c2ccc(OC3CCCCO3)cc2)S1,O=C1NC(=O)/C(=C/c2ccc(OC3CCCCO3)cc2)S1,True,True,True,source_identity,1.0,0.796875,,,,,,,,,0.4701504427149941,0.5413211960634129,0.07117075334841877,True,,,,,,,,,,,,,7.0,6.0,1.0,True
scaffold_property_retrieval,mpair_00000744_cond_01_2p,mpair_00000744,eval,2,"LogP,RB",C=CCc1cc(/C=C2\SC(=O)N(CC=C(C)C)C2=O)c(OC)cc1OC1CCCCO1,C=CCc1cc(/C=C2\SC(=O)N(C(C)C)C2=O)c(OC)cc1OC1CCCCO1,C=CCc1cc(/C=C2\SC(=O)N(CC=C(C)C)C2=O)c(OC)cc1OC1CCCCO1,O=C1NC(=O)/C(=C/c2ccc(OC3CCCCO3)cc2)S1,O=C1NC(=O)/C(=C/c2ccc(OC3CCCCO3)cc2)S1,True,True,True,source_identity,1.0,0.7183098591549296,,,,,4.773800000000004,5.331600000000005,0.5578000000000012,True,,,,,,,,,,,,,,,,,7.0,8.0,1.0,True
scaffold_property_retrieval,mpair_00000746_cond_02_2p,mpair_00000746,eval,2,"QED,RB",C=CCc1cc(/C=C2\SC(=O)N(CC=C)C2=O)c(OC)cc1OC1CCCCO1,C=CCc1cc(/C=C2\SC(=O)N(CCCC)C2=O)c(OC)cc1OC1CCCCO1,C=CCc1cc(/C=C2\SC(=O)N(CC=C)C2=O)c(OC)cc1OC1CCCCO1,O=C1NC(=O)/C(=C/c2ccc(OC3CCCCO3)cc2)S1,O=C1NC(=O)/C(=C/c2ccc(OC3CCCCO3)cc2)S1,True,True,True,source_identity,1.0,0.8181818181818182,,,,,,,,,0.39718598618589046,0.45838471716690443,0.06119873098101397,True,,,,,,,,,,,,,9.0,8.0,1.0,True
scaffold_property_retrieval,mpair_00000752_cond_00_2p,mpair_00000752,eval,2,"LogP,RB",CC[C@H]1CCC(=O)N2[C@H](Cc3c[nH]c4ccccc34)CO[C@H]12,COC(=O)C[C@@H]1CC(=O)N2[C@H](Cc3c[nH]c4ccccc34)CO[C@@H]2C1,CC[C@H]1CCC(=O)N2[C@H](Cc3c[nH]c4ccccc34)CO[C@H]12,O=C1CCC[C@H]2OC[C@@H](Cc3c[nH]c4ccccc34)N12,O=C1CCC[C@H]2OC[C@@H](Cc3c[nH]c4ccccc34)N12,True,True,True,source_identity,1.0,0.5072463768115942,,,,,2.236999999999999,3.0839000000000016,0.8469000000000024,True,,,,,,,,,,,,,,,,,4.0,3.0,1.0,True
scaffold_property_retrieval,mpair_00000755_cond_01_2p,mpair_00000755,eval,2,"LogP,RB",CC[C@H]1CCC(=O)N2[C@H](Cc3c[nH]c4ccccc34)CO[C@H]12,O=C1CCC[C@H]2OC[C@@H](Cc3c[nH]c4ccccc34)N12,CC[C@H]1CCC(=O)N2[C@H](Cc3c[nH]c4ccccc34)CO[C@H]12,O=C1CCC[C@H]2OC[C@@H](Cc3c[nH]c4ccccc34)N12,O=C1CCC[C@H]2OC[C@@H](Cc3c[nH]c4ccccc34)N12,True,True,True,source_identity,1.0,0.6607142857142857,,,,,2.447800000000001,3.0839000000000016,0.6361000000000008,True,,,,,,,,,,,,,,,,,2.0,3.0,1.0,True
scaffold_property_retrieval,mpair_00000757_cond_00_2p,mpair_00000757,eval,2,"LogP,HBA",COc1cccc(-c2cncc(O[C@@H]3CCNC3)c2)c1,Clc1cccc(-c2cncc(O[C@@H]3CCNC3)c2)c1,COc1cccc(-c2cncc(O[C@@H]3CCNC3)c2)c1,c1ccc(-c2cncc(O[C@@H]3CCNC3)c2)cc1,c1ccc(-c2cncc(O[C@@H]3CCNC3)c2)cc1,True,True,True,source_identity,1.0,0.7446808510638298,,,,,3.1427000000000014,2.4979000000000005,0.6448000000000009,True,,,,,,,,,,,,,3.0,4.0,1.0,True,,,,
scaffold_property_retrieval,mpair_00000759_cond_01_2p,mpair_00000759,eval,2,"MW,LogP",c1ccc(-c2cncc(O[C@@H]3CCNC3)c2)cc1,Clc1cccc(-c2cc(O[C@@H]3CCNC3)cnc2Cl)c1,c1ccc(-c2cncc(O[C@@H]3CCNC3)c2)cc1,c1ccc(-c2cncc(O[C@@H]3CCNC3)c2)cc1,c1ccc(-c2cncc(O[C@@H]3CCNC3)c2)cc1,True,False,False,source_identity,1.0,0.5192307692307693,309.196,240.30599999999998,68.89000000000004,False,3.796100000000002,2.4893,1.3068000000000017,False,,,,,,,,,,,,,,,,,,,,
scaffold_property_retrieval,mpair_00000761_cond_00_2p,mpair_00000761,eval,2,"HBA,RB",c1ccc(-c2cncc(O[C@@H]3CCNC3)c2)cc1,COc1cccc(-c2cncc(O[C@@H]3CCNC3)c2)c1,c1ccc(-c2cncc(O[C@@H]3CCNC3)c2)cc1,c1ccc(-c2cncc(O[C@@H]3CCNC3)c2)cc1,c1ccc(-c2cncc(O[C@@H]3CCNC3)c2)cc1,True,True,True,source_identity,1.0,0.75,,,,,,,,,,,,,,,,,,,,,4.0,3.0,1.0,True,4.0,3.0,1.0,True
scaffold_property_retrieval,mpair_00000763_cond_02_2p,mpair_00000763,eval,2,"HBA,RB",COc1cccc(-c2cncc(O[C@@H]3CCNC3)c2)c1,c1ccc(-c2cncc(O[C@@H]3CCNC3)c2)cc1,COc1cccc(-c2cncc(O[C@@H]3CCNC3)c2)c1,c1ccc(-c2cncc(O[C@@H]3CCNC3)c2)cc1,c1ccc(-c2cncc(O[C@@H]3CCNC3)c2)cc1,True,True,True,source_identity,1.0,0.75,,,,,,,,,,,,,,,,,,,,,3.0,4.0,1.0,True,3.0,4.0,1.0,True
scaffold_property_retrieval,mpair_00001114_cond_00_2p,mpair_00001114,eval,2,"QED,HBD",COc1ccc(N2CCN(CCC3NC(=O)c4ccccc43)CC2)cc1,COc1ccc(N2CCN(CCC3c4ccccc4C(=O)N3C)CC2)cc1,COc1ccc(N2CCN(CCC3NC(=O)c4ccccc43)CC2)cc1,O=C1NC(CCN2CCN(c3ccccc3)CC2)c2ccccc21,O=C1NC(CCN2CCN(c3ccccc3)CC2)c2ccccc21,True,True,True,source_identity,1.0,0.6545454545454545,,,,,,,,,0.8160326048332845,0.8996022198661571,0.08356961503287252,True,,,,,0.0,1.0,1.0,True,,,,,,,,
scaffold_property_retrieval,mpair_00001116_cond_01_2p,mpair_00001116,eval,2,"HBA,RB",COc1ccc(N2CCN(CCC3NC(=O)c4ccccc43)CC2)cc1,O=C1NC(CCN2CCN(c3ccccc3)CC2)c2ccccc21,COc1ccc(N2CCN(CCC3NC(=O)c4ccccc43)CC2)cc1,O=C1NC(CCN2CCN(c3ccccc3)CC2)c2ccccc21,O=C1NC(CCN2CCN(c3ccccc3)CC2)c2ccccc21,True,True,True,source_identity,1.0,0.7708333333333334,,,,,,,,,,,,,,,,,,,,,3.0,4.0,1.0,True,4.0,5.0,1.0,True
scaffold_property_retrieval,mpair_00001119_cond_02_2p,mpair_00001119,eval,2,"HBA,RB",O=C1NC(CCN2CCN(c3ccccc3)CC2)c2ccccc21,COc1ccc(N2CCN(CCC3NC(=O)c4ccccc43)CC2)cc1,O=C1NC(CCN2CCN(c3ccccc3)CC2)c2ccccc21,O=C1NC(CCN2CCN(c3ccccc3)CC2)c2ccccc21,O=C1NC(CCN2CCN(c3ccccc3)CC2)c2ccccc21,True,True,True,source_identity,1.0,0.7708333333333334,,,,,,,,,,,,,,,,,,,,,4.0,3.0,1.0,True,5.0,4.0,1.0,True
scaffold_property_retrieval,mpair_00001121_cond_01_2p,mpair_00001121,eval,2,"MW,LogP",O=C1NC(CCN2CCN(c3ccccc3)CC2)c2ccccc21,CN1C(=O)c2ccccc2C1CCN1CCN(c2ccc(Cl)cc2)CC1,O=C1NC(CCN2CCN(c3ccccc3)CC2)c2ccccc21,O=C1NC(CCN2CCN(c3ccccc3)CC2)c2ccccc21,O=C1NC(CCN2CCN(c3ccccc3)CC2)c2ccccc21,True,False,False,source_identity,1.0,0.4909090909090909,369.8960000000001,321.4240000000001,48.47199999999998,False,3.679000000000003,2.6834000000000007,0.9956000000000023,True,,,,,,,,,,,,,,,,,,,,
scaffold_property_retrieval,mpair_00001123_cond_02_2p,mpair_00001123,eval,2,"MW,HBD",O=C1NC(CCN2CCN(c3ccccc3)CC2)c2ccccc21,COc1ccc(N2CCN(CCC3c4ccccc4C(=O)N3C)CC2)cc1,O=C1NC(CCN2CCN(c3ccccc3)CC2)c2ccccc21,O=C1NC(CCN2CCN(c3ccccc3)CC2)c2ccccc21,O=C1NC(CCN2CCN(c3ccccc3)CC2)c2ccccc21,True,False,False,source_identity,1.0,0.47368421052631576,365.47700000000015,321.4240000000001,44.053000000000054,False,,,,,,,,,,,,,0.0,1.0,1.0,True,,,,,,,,
scaffold_property_retrieval,mpair_00001126_cond_01_2p,mpair_00001126,eval,2,"LogP,HBA",Cc1ccc(N2CCN(CCC3NC(=O)c4ccccc43)CC2)cc1C,COc1ccc(N2CCN(CCC3NC(=O)c4ccccc43)CC2)cc1,Cc1ccc(N2CCN(CCC3NC(=O)c4ccccc43)CC2)cc1C,O=C1NC(CCN2CCN(c3ccccc3)CC2)c2ccccc21,O=C1NC(CCN2CCN(c3ccccc3)CC2)c2ccccc21,True,True,True,source_identity,1.0,0.7037037037037037,,,,,2.692000000000001,3.3002400000000023,0.6082400000000012,True,,,,,,,,,,,,,4.0,3.0,1.0,True,,,,
scaffold_property_retrieval,mpair_00001129_cond_01_2p,mpair_00001129,eval,2,"QED,HBD",Cc1ccc(N2CCN(CCC3NC(=O)c4ccccc43)CC2)cc1C,CN1C(=O)c2ccccc2C1CCN1CCN(c2ccc(Cl)cc2)CC1,Cc1ccc(N2CCN(CCC3NC(=O)c4ccccc43)CC2)cc1C,O=C1NC(CCN2CCN(c3ccccc3)CC2)c2ccccc21,O=C1NC(CCN2CCN(c3ccccc3)CC2)c2ccccc21,True,True,True,source_identity,1.0,0.45901639344262296,,,,,,,,,0.8221231339252668,0.9198864151307602,0.09776328120549338,True,,,,,0.0,1.0,1.0,True,,,,,,,,
scaffold_property_retrieval,mpair_00001131_cond_00_2p,mpair_00001131,eval,2,"QED,HBA",COc1ccc(N2CCN(CCC3c4ccccc4C(=O)N3C)CC2)cc1,Cc1ccc(N2CCN(CCC3NC(=O)c4ccccc43)CC2)cc1C,COc1ccc(N2CCN(CCC3c4ccccc4C(=O)N3C)CC2)cc1,O=C1NC(CCN2CCN(c3ccccc3)CC2)c2ccccc21,O=C1NC(CCN2CCN(c3ccccc3)CC2)c2ccccc21,True,False,False,source_identity,1.0,0.4444444444444444,,,,,,,,,0.9198864151307602,0.8160326048332845,0.10385381029747565,False,,,,,,,,,3.0,4.0,1.0,True,,,,
scaffold_property_retrieval,mpair_00001135_cond_00_2p,mpair_00001135,eval,2,"LogP,QED",Fc1ccc(N2CCN(c3nc4ccsc4n4cccc34)CC2)cc1,FC(F)(F)c1cccc(N2CCN(c3nc4ccsc4n4cccc34)CC2)c1,Clc1ccc(N2CCN(c3nc4ccsc4n4cccc34)CC2)cc1,c1ccc(N2CCN(c3nc4ccsc4n4cccc34)CC2)cc1,c1ccc(N2CCN(c3nc4ccsc4n4cccc34)CC2)cc1,True,True,True,,0.7872340425531915,0.6363636363636364,,,,,4.894400000000004,4.5290000000000035,0.36540000000000017,True,0.47685586942313013,0.5191234865371509,0.04226761711402077,True,,,,,,,,,,,,,,,,
scaffold_property_retrieval,mpair_00001633_cond_00_2p,mpair_00001633,eval,2,"MW,QED",C=CCC1(C(C)C#CCC)C(=O)NC(=O)N(C)C1=O,C=C(Br)CC1(C(C)C)C(=O)NC(=O)N(C)C1=O,CCC(C)C1(CC)C(=O)NC(=O)NC1=O,O=C1CC(=O)NC(=O)N1,O=C1CC(=O)NC(=O)N1,True,False,False,,0.2708333333333333,0.27906976744186046,303.15600000000006,212.249,90.90700000000007,False,,,,,0.8059749860896003,0.6791427219817272,0.12683226410787307,False,,,,,,,,,,,,,,,,
scaffold_property_retrieval,mpair_00001643_cond_02_2p,mpair_00001643,eval,2,"MW,QED",C=C(Br)CC1(C(C)C)C(=O)NC(=O)N(C)C1=O,C=CCC1(C(C)C#CCC)C(=O)NC(=O)N(C)C1=O,O=C(O)CCCCC/N=C/C1C(=O)NC(=O)NC1=O,O=C1CC(=O)NC(=O)N1,O=C1CC(=O)NC(=O)N1,True,False,False,,0.1206896551724138,0.109375,262.30899999999997,269.25700000000006,6.948000000000093,True,,,,,0.47348972477403223,0.33175190254623743,0.1417378222277948,False,,,,,,,,,,,,,,,,
scaffold_property_retrieval,mpair_00002259_cond_01_2p,mpair_00002259,eval,2,"LogP,QED",Cc1ccccc1NC(=O)c1c(C)n(-c2ccccc2C)c(C)cc1=O,Cc1cccc(C)c1NC(=O)c1c(C)n(-c2c(C)cccc2C)c(C)cc1=O,Cc1c(Br)c(=O)c(C(=O)Nc2ccccc2)c(C)n1-c1ccccc1,O=C(Nc1ccccc1)c1cn(-c2ccccc2)ccc1=O,O=C(Nc1ccccc1)c1cn(-c2ccccc2)ccc1=O,True,True,True,,0.35714285714285715,0.34545454545454546,,,,,4.940320000000004,4.469140000000003,0.47118000000000126,True,0.7058233303377046,0.709239916031685,0.0034165856939804007,True,,,,,,,,,,,,,,,,
scaffold_property_retrieval,mpair_00002372_cond_01_2p,mpair_00002372,eval,2,"HBA,RB",CCCCCNC(=O)Nc1c(SCCCn2cnc(-c3ccccc3)c2C)cccc1N(C)C,CCCCCNC(=O)Nc1c(C)cccc1SCCCn1cnc(-c2ccccc2)c1C,CCCCCNC(=O)Nc1c(SCCCn2cnc(-c3ccccc3)c2C)cccc1N(C)C,c1ccc(SCCCn2cnc(-c3ccccc3)c2)cc1,c1ccc(SCCCn2cnc(-c3ccccc3)c2)cc1,True,True,True,source_identity,1.0,0.8208955223880597,,,,,,,,,,,,,,,,,,,,,4.0,5.0,1.0,True,11.0,12.0,1.0,True
scaffold_property_retrieval,mpair_00002374_cond_01_2p,mpair_00002374,eval,2,"LogP,TPSA",COc1cccc2sc([C@@H]3C[C@H]4CC[C@@H](C3)N4C[C@H](O)COc3cccc4[nH]c(C)cc34)cc12,COc1cccc2sc([C@@H]3C[C@H]4CC[C@@H](C3)N4C[C@H](O)COc3cccc4[nH]c(C(N)=O)cc34)cc12,COc1cccc2sc([C@@H]3C[C@H]4CC[C@@H](C3)N4C[C@H](O)COc3cccc4[nH]c(C)cc34)cc12,c1ccc2sc([C@@H]3C[C@H]4CC[C@@H](C3)N4CCCOc3cccc4[nH]ccc34)cc2c1,c1ccc2sc([C@@H]3C[C@H]4CC[C@@H](C3)N4CCCOc3cccc4[nH]ccc34)cc2c1,True,False,False,source_identity,1.0,0.7916666666666666,,,,,4.640400000000003,5.849920000000006,1.209520000000003,False,,,,,100.81,57.720000000000006,43.089999999999996,False,,,,,,,,,,,,
scaffold_property_retrieval,mpair_00002464_cond_01_2p,mpair_00002464,eval,2,"HBA,RB",CN(C)CCCOc1cc(C(=O)Nc2ccc(OC(F)(F)F)cc2)n(Cc2ccccc2)n1,CN(C)CCCOc1cc(C(=O)Nc2ccc(Cl)cc2F)n(Cc2ccccc2)n1,CN(C)CCCOc1cc(C(=O)Nc2ccc(OC(F)(F)F)cc2)n(Cc2ccccc2)n1,O=C(Nc1ccccc1)c1ccnn1Cc1ccccc1,O=C(Nc1ccccc1)c1ccnn1Cc1ccccc1,True,True,True,source_identity,1.0,0.6428571428571429,,,,,,,,,,,,,,,,,,,,,5.0,6.0,1.0,True,9.0,10.0,1.0,True
scaffold_property_retrieval,mpair_00002469_cond_00_2p,mpair_00002469,eval,2,"MW,HBA",COc1ccc(NC(=O)c2cc(OCCCN(C)C)nn2Cc2ccccc2)cc1,COc1cc(NC(=O)c2cc(OCCCN(C)C)nn2Cc2ccccc2)cc(OC)c1OC,COc1ccc(NC(=O)c2cc(OCCCN(C)C)nn2Cc2ccccc2)cc1,O=C(Nc1ccccc1)c1ccnn1Cc1ccccc1,O=C(Nc1ccccc1)c1ccnn1Cc1ccccc1,True,False,False,source_identity,1.0,0.7741935483870968,468.5540000000002,408.50200000000007,60.052000000000135,False,,,,,,,,,,,,,,,,,8.0,6.0,2.0,False,,,,
scaffold_property_retrieval,mpair_00002475_cond_00_2p,mpair_00002475,eval,2,"TPSA,RB",CN(C)CCCOc1cc(C(=O)Nc2ccc(OC(F)(F)F)cc2)n(Cc2ccccc2)n1,COc1cc(NC(=O)c2cc(OCCCN(C)C)nn2Cc2ccccc2)cc(OC)c1OC,CN(C)CCCOc1cc(C(=O)Nc2ccc(OC(F)(F)F)cc2)n(Cc2ccccc2)n1,O=C(Nc1ccccc1)c1ccnn1Cc1ccccc1,O=C(Nc1ccccc1)c1ccnn1Cc1ccccc1,True,False,False,source_identity,1.0,0.6764705882352942,,,,,,,,,,,,,87.08000000000001,68.62,18.460000000000008,True,,,,,,,,,12.0,10.0,2.0,False
scaffold_property_retrieval,mpair_00002478_cond_00_2p,mpair_00002478,eval,2,"MW,LogP",CN(C)CCCOc1cc(C(=O)Nc2cccc(Cl)c2)n(Cc2ccccc2)n1,CN(C)CCCOc1cc(C(=O)Nc2cc(F)cc(C(F)(F)F)c2)n(Cc2ccccc2)n1,CN(C)CCCOc1cc(C(=O)Nc2cccc(Cl)c2)n(Cc2ccccc2)n1,O=C(Nc1ccccc1)c1ccnn1Cc1ccccc1,O=C(Nc1ccccc1)c1ccnn1Cc1ccccc1,True,False,False,source_identity,1.0,0.6764705882352942,464.4630000000001,412.9210000000001,51.54199999999997,False,4.672100000000003,4.167600000000003,0.5045000000000002,True,,,,,,,,,,,,,,,,,,,,
scaffold_property_retrieval,mpair_00002482_cond_01_2p,mpair_00002482,eval,2,"LogP,QED",COc1ccc(NC(=O)c2cc(OCCCN(C)C)nn2Cc2ccccc2)cc1,CN(C)CCCOc1cc(C(=O)Nc2ccc(OC(F)(F)F)cc2)n(Cc2ccccc2)n1,COc1ccc(NC(=O)c2cc(OCCCN(C)C)nn2Cc2ccccc2)cc1,O=C(Nc1ccccc1)c1ccnn1Cc1ccccc1,O=C(Nc1ccccc1)c1ccnn1Cc1ccccc1,True,True,True,source_identity,1.0,0.8064516129032258,,,,,4.412800000000003,3.522800000000002,0.8900000000000015,True,0.4522382232340766,0.5200250404910086,0.06778681725693203,True,,,,,,,,,,,,,,,,
scaffold_property_retrieval,mpair_00002486_cond_00_2p,mpair_00002486,eval,2,"MW,RB",CN(C)CCCOc1cc(C(=O)Nc2cccc(Cl)c2)n(Cc2ccccc2)n1,CN(C)CCCOc1cc(C(=O)Nc2ccc(OC(F)(F)F)cc2)n(Cc2ccccc2)n1,CN(C)CCCOc1cc(C(=O)Nc2cccc(Cl)c2)n(Cc2ccccc2)n1,O=C(Nc1ccccc1)c1ccnn1Cc1ccccc1,O=C(Nc1ccccc1)c1ccnn1Cc1ccccc1,True,False,False,source_identity,1.0,0.696969696969697,462.4720000000001,412.9210000000001,49.55099999999999,False,,,,,,,,,,,,,,,,,,,,,10.0,9.0,1.0,True
scaffold_property_retrieval,mpair_00002489_cond_00_2p,mpair_00002489,eval,2,"LogP,HBA",C=Cc1cc(C(=O)OCC)n(S(=O)(=O)c2cc(Cl)ccc2N)c1,CCOC(=O)c1cc(C(C)O)cn1S(=O)(=O)c1cc(Cl)ccc1N,N/C(S)=N/N=C/c1cccn1S(=O)(=O)c1ccccc1,O=S(=O)(c1ccccc1)n1cccc1,O=S(=O)(c1ccccc1)n1cccc1,True,False,False,,0.16,0.14473684210526316,,,,,2.1907,1.3035,0.8872,True,,,,,,,,,,,,,7.0,5.0,2.0,False,,,,
scaffold_property_retrieval,mpair_00002494_cond_00_2p,mpair_00002494,eval,2,"MW,LogP",O=C1C(Nc2ccccc2)=C(Cl)C(=O)c2ncncc21,O=C1C(Nc2cccc(Br)c2)=C(Cl)C(=O)c2ncncc21,O=C1C(Nc2cccc(Cl)c2)=C(Cl)C(=O)c2ncncc21,O=C1C(Nc2ccccc2)=CC(=O)c2ncncc21,O=C1C(Nc2ccccc2)=CC(=O)c2ncncc21,True,False,False,,0.7619047619047619,0.7777777777777778,364.58600000000007,320.135,44.45100000000008,False,3.180600000000001,3.0715000000000003,0.10910000000000064,True,,,,,,,,,,,,,,,,,,,,
scaffold_property_retrieval,mpair_00002495_cond_02_2p,mpair_00002495,eval,2,"LogP,RB",O=C1C(Nc2ccccc2)=C(Cl)C(=O)c2ncncc21,CCc1ccc(NC2=C(Cl)C(=O)c3ncncc3C2=O)cc1,O=C1C(Nc2cccc(Cl)c2)=C(Cl)C(=O)c2ncncc21,O=C1C(Nc2ccccc2)=CC(=O)c2ncncc21,O=C1C(Nc2ccccc2)=CC(=O)c2ncncc21,True,True,True,,0.7619047619047619,0.6122448979591837,,,,,2.980500000000001,3.0715000000000003,0.0909999999999993,True,,,,,,,,,,,,,,,,,3.0,2.0,1.0,True
scaffold_property_retrieval,mpair_00002497_cond_01_2p,mpair_00002497,eval,2,"MW,LogP",O=C1C(Nc2ccc(Br)cc2)=C(Cl)C(=O)c2ncncc21,O=C1C(Nc2ccccc2)=C(Cl)C(=O)c2ncncc21,Cc1ccc(NC2=C(Cl)C(=O)c3ncncc3C2=O)cc1,O=C1C(Nc2ccccc2)=CC(=O)c2ncncc21,O=C1C(Nc2ccccc2)=CC(=O)c2ncncc21,True,True,True,,0.7619047619047619,0.7560975609756098,285.69,299.71700000000004,14.027000000000044,True,2.4181,2.7265200000000007,0.3084200000000008,True,,,,,,,,,,,,,,,,,,,,
scaffold_property_retrieval,mpair_00002501_cond_00_2p,mpair_00002501,eval,2,"LogP,RB",CCc1ccc(NC2=C(Cl)C(=O)c3ncncc3C2=O)cc1,O=C1C(Nc2ccccc2)=C(Cl)C(=O)c2ncncc21,Cc1ccc(NC2=C(Cl)C(=O)c3ncncc3C2=O)cc1,O=C1C(Nc2ccccc2)=CC(=O)c2ncncc21,O=C1C(Nc2ccccc2)=CC(=O)c2ncncc21,True,True,True,,0.75,0.7560975609756098,,,,,2.4181,2.7265200000000007,0.3084200000000008,True,,,,,,,,,,,,,,,,,2.0,2.0,0.0,True
scaffold_property_retrieval,mpair_00002504_cond_00_2p,mpair_00002504,eval,2,"HBA,RB",COc1ccc(C(=O)CN2c3ccccc3C(=O)N(Cc3ccccc3)S2(=O)=O)cc1,Cc1ccc(C(=O)CN2c3ccccc3C(=O)N(Cc3ccccc3)S2(=O)=O)cc1,COc1ccc(C(=O)CN2c3ccccc3C(=O)N(Cc3ccccc3)S2(=O)=O)cc1,O=C(CN1c2ccccc2C(=O)N(Cc2ccccc2)S1(=O)=O)c1ccccc1,O=C(CN1c2ccccc2C(=O)N(Cc2ccccc2)S1(=O)=O)c1ccccc1,True,True,True,source_identity,1.0,0.7843137254901961,,,,,,,,,,,,,,,,,,,,,4.0,5.0,1.0,True,5.0,6.0,1.0,True
scaffold_property_retrieval,mpair_00002506_cond_01_2p,mpair_00002506,eval,2,"HBA,RB",Cc1ccc(C(=O)CN2c3ccccc3C(=O)N(Cc3ccccc3)S2(=O)=O)cc1,COc1ccc(C(=O)CN2c3ccccc3C(=O)N(Cc3ccccc3)S2(=O)=O)cc1,Cc1ccc(C(=O)CN2c3ccccc3C(=O)N(Cc3ccccc3)S2(=O)=O)cc1,O=C(CN1c2ccccc2C(=O)N(Cc2ccccc2)S1(=O)=O)c1ccccc1,O=C(CN1c2ccccc2C(=O)N(Cc2ccccc2)S1(=O)=O)c1ccccc1,True,True,True,source_identity,1.0,0.7843137254901961,,,,,,,,,,,,,,,,,,,,,5.0,4.0,1.0,True,6.0,5.0,1.0,True
scaffold_property_retrieval,mpair_00002510_cond_02_2p,mpair_00002510,eval,2,"LogP,TPSA",CSc1cc(-c2ccc(Br)cc2)oc(=O)c1C#N,CSc1cc(-c2ccc(Br)cc2)oc(=O)c1Cl,CSc1cc(-c2ccc(F)cc2)oc(=O)c1,O=c1cccc(-c2ccccc2)o1,O=c1cccc(-c2ccccc2)o1,True,False,False,,0.3469387755102041,0.3695652173913043,,,,,4.444600000000002,3.1678000000000024,1.2767999999999997,False,,,,,30.21,30.21,0.0,True,,,,,,,,,,,,
scaffold_property_retrieval,mpair_00002517_cond_01_2p,mpair_00002517,eval,2,"MW,LogP",CSc1cc(-c2ccc(Cl)cc2)oc(=O)c1Br,CSc1cc(-c2ccc(Cl)cc2)oc(=O)c1,CSc1cc(-c2ccc(F)cc2)oc(=O)c1,O=c1cccc(-c2ccccc2)o1,O=c1cccc(-c2ccccc2)o1,True,True,True,,0.3695652173913043,0.7142857142857143,252.72199999999998,236.26699999999997,16.455000000000013,True,3.682100000000002,3.1678000000000024,0.5142999999999995,True,,,,,,,,,,,,,,,,,,,,
scaffold_property_retrieval,mpair_00002525_cond_01_2p,mpair_00002525,eval,2,"QED,RB",CSc1cc(-c2ccc(Cl)cc2)oc(=O)c1C(N)=O,CSc1cc(-c2ccc(Br)cc2)oc(=O)c1C#N,CSc1cc(-c2ccc(F)cc2)oc(=O)c1,O=c1cccc(-c2ccccc2)o1,O=c1cccc(-c2ccccc2)o1,True,True,True,,0.34,0.3469387755102041,,,,,,,,,0.791886779601309,0.7501191134076561,0.04176766619365291,True,,,,,,,,,,,,,2.0,2.0,0.0,True
scaffold_property_retrieval,mpair_00002533_cond_02_2p,mpair_00002533,eval,2,"TPSA,HBA",CSc1cc(-c2ccc(Br)cc2)oc(=O)c1C#N,CSc1cc(-c2ccc(Cl)cc2)oc(=O)c1Br,CSc1cc(-c2ccc(F)cc2)oc(=O)c1,O=c1cccc(-c2ccccc2)o1,O=c1cccc(-c2ccccc2)o1,True,True,True,,0.3469387755102041,0.3695652173913043,,,,,,,,,,,,,30.21,30.21,0.0,True,,,,,3.0,3.0,0.0,True,,,,
scaffold_property_retrieval,mpair_00002546_cond_00_2p,mpair_00002546,eval,2,"MW,LogP",CSc1cc(-c2ccc(Br)cc2)oc(=O)c1Br,CSc1cc(-c2ccc(Br)cc2)oc(=O)c1C#N,CSc1cc(-c2ccc(F)cc2)oc(=O)c1,O=c1cccc(-c2ccccc2)o1,O=c1cccc(-c2ccccc2)o1,True,False,False,,0.38636363636363635,0.3469387755102041,322.1830000000001,236.26699999999997,85.91600000000014,False,3.662880000000002,3.1678000000000024,0.49507999999999974,True,,,,,,,,,,,,,,,,,,,,
scaffold_property_retrieval,mpair_00002554_cond_02_2p,mpair_00002554,eval,2,"HBD,RB",CSc1cc(-c2ccc(Cl)cc2)oc(=O)c1C(N)=O,CSc1cc(-c2ccc(Cl)cc2)oc(=O)c1,CSc1cc(-c2ccc(F)cc2)oc(=O)c1,O=c1cccc(-c2ccccc2)o1,O=c1cccc(-c2ccccc2)o1,True,True,True,,0.34,0.7142857142857143,,,,,,,,,,,,,,,,,0.0,0.0,0.0,True,,,,,2.0,2.0,0.0,True
scaffold_property_retrieval,mpair_00002558_cond_02_2p,mpair_00002558,eval,2,"QED,HBA",CSc1nc(-c2ccc(OC(F)(F)F)cc2)nn1C(=O)N(C)c1ccccc1,CSc1nc(-c2ccc(Cl)cc2)nn1C(=O)N(C)c1ccccc1,CSc1nc(-c2ccc(OC(F)(F)F)cc2)nn1C(=O)N(C)c1ccccc1,O=C(Nc1ccccc1)n1cnc(-c2ccccc2)n1,O=C(Nc1ccccc1)n1cnc(-c2ccccc2)n1,True,True,True,source_identity,1.0,0.7037037037037037,,,,,,,,,0.6499636794176425,0.5874043626188404,0.06255931679880211,True,,,,,,,,,5.0,6.0,1.0,True,,,,
scaffold_property_retrieval,mpair_00002562_cond_00_2p,mpair_00002562,eval,2,"LogP,QED",CSc1nc(-c2ccc(Cl)cc2)nn1C(=O)N(C)c1ccccc1,CN(C(=O)n1nc(-c2ccc(Cl)cc2)nc1SCC(F)(F)F)c1ccccc1,CSc1nc(-c2ccc(Cl)cc2)nn1C(=O)N(C)c1ccccc1,O=C(Nc1ccccc1)n1cnc(-c2ccccc2)n1,O=C(Nc1ccccc1)n1cnc(-c2ccccc2)n1,True,False,False,source_identity,1.0,0.7222222222222222,,,,,5.357400000000003,4.424900000000004,0.9324999999999992,True,0.5270344401044634,0.6499636794176425,0.12292923931317912,False,,,,,,,,,,,,,,,,
scaffold_property_retrieval,mpair_00002565_cond_00_2p,mpair_00002565,eval,2,"MW,QED",CSc1nc(-c2ccc(OC(F)(F)F)cc2)nn1C(=O)N(C)c1ccccc1,CSc1nc(-c2ccc(C)cc2)nn1C(=O)N(C)c1ccccc1,CSc1nc(-c2ccc(OC(F)(F)F)cc2)nn1C(=O)N(C)c1ccccc1,O=C(Nc1ccccc1)n1cnc(-c2ccccc2)n1,O=C(Nc1ccccc1)n1cnc(-c2ccccc2)n1,True,False,False,source_identity,1.0,0.7169811320754716,338.43600000000004,408.4050000000001,69.96900000000005,False,,,,,0.6753188675979567,0.5874043626188404,0.08791450497911624,True,,,,,,,,,,,,,,,,
scaffold_property_retrieval,mpair_00002567_cond_00_2p,mpair_00002567,eval,2,"HBD,RB",COc1cc(C(=O)N2CCN(C(=O)c3cc(OC)c(OC)c(OC)c3)C(COC(=O)NCCC(C)C)C2)cc(OC)c1OC,CCN(CC)C(=O)OCC1CN(C(=O)c2cc(OC)c(OC)c(OC)c2)CCN1C(=O)c1cc(OC)c(OC)c(OC)c1,COc1cc(C(=O)N2CCN(C(=O)c3cc(OC)c(OC)c(OC)c3)C(COC(=O)NCCC(C)C)C2)cc(OC)c1OC,O=C(c1ccccc1)N1CCN(C(=O)c2ccccc2)CC1,O=C(c1ccccc1)N1CCN(C(=O)c2ccccc2)CC1,True,True,True,source_identity,1.0,0.6451612903225806,,,,,,,,,,,,,,,,,0.0,1.0,1.0,True,,,,,12.0,13.0,1.0,True
scaffold_property_retrieval,mpair_00002571_cond_00_2p,mpair_00002571,eval,2,"HBD,RB",CCN(CC)C(=O)OCC1CN(C(=O)c2cc(OC)c(OC)c(OC)c2)CCN1C(=O)c1cc(OC)c(OC)c(OC)c1,COc1cc(C(=O)N2CCN(C(=O)c3cc(OC)c(OC)c(OC)c3)C(COC(=O)NCCC(C)C)C2)cc(OC)c1OC,CCN(CC)C(=O)OCC1CN(C(=O)c2cc(OC)c(OC)c(OC)c2)CCN1C(=O)c1cc(OC)c(OC)c(OC)c1,O=C(c1ccccc1)N1CCN(C(=O)c2ccccc2)CC1,O=C(c1ccccc1)N1CCN(C(=O)c2ccccc2)CC1,True,True,True,source_identity,1.0,0.6451612903225806,,,,,,,,,,,,,,,,,1.0,0.0,1.0,True,,,,,13.0,12.0,1.0,True
scaffold_property_retrieval,mpair_00002574_cond_00_2p,mpair_00002574,eval,2,"LogP,RB",COc1cc(C(=O)N2CCN(C(=O)c3cc(OC)c(OC)c(OC)c3)C(COC(=O)CC(C)(C)C)C2)cc(OC)c1OC,CCN(CC)C(=O)OCC1CN(C(=O)c2cc(OC)c(OC)c(OC)c2)CCN1C(=O)c1cc(OC)c(OC)c(OC)c1,COc1cc(C(=O)N2CCN(C(=O)c3cc(OC)c(OC)c(OC)c3)C(COC(=O)CC(C)(C)C)C2)cc(OC)c1OC,O=C(c1ccccc1)N1CCN(C(=O)c2ccccc2)CC1,O=C(c1ccccc1)N1CCN(C(=O)c2ccccc2)CC1,True,True,True,source_identity,1.0,0.6896551724137931,,,,,3.1834000000000024,3.684400000000003,0.5010000000000003,True,,,,,,,,,,,,,,,,,12.0,11.0,1.0,True
scaffold_property_retrieval,mpair_00002576_cond_01_2p,mpair_00002576,eval,2,"HBD,RB",COc1cc(C(=O)N2CCN(C(=O)c3cc(OC)c(OC)c(OC)c3)C(COC(C)=O)C2)cc(OC)c1OC,COc1cc(C(=O)N2CCN(C(=O)c3cc(OC)c(OC)c(OC)c3)C(COC(=O)NCCC(C)C)C2)cc(OC)c1OC,COc1cc(C(=O)N2CCN(C(=O)c3cc(OC)c(OC)c(OC)c3)C(COC(C)=O)C2)cc(OC)c1OC,O=C(c1ccccc1)N1CCN(C(=O)c2ccccc2)CC1,O=C(c1ccccc1)N1CCN(C(=O)c2ccccc2)CC1,True,False,False,source_identity,1.0,0.7017543859649122,,,,,,,,,,,,,,,,,1.0,0.0,1.0,True,,,,,13.0,10.0,3.0,False
scaffold_property_retrieval,mpair_00002578_cond_01_2p,mpair_00002578,eval,2,"LogP,RB",CCN(CC)C(=O)OCC1CN(C(=O)c2cc(OC)c(OC)c(OC)c2)CCN1C(=O)c1cc(OC)c(OC)c(OC)c1,COc1cc(C(=O)N2CCN(C(=O)c3cc(OC)c(OC)c(OC)c3)C(COC(=O)CC(C)(C)C)C2)cc(OC)c1OC,CCN(CC)C(=O)OCC1CN(C(=O)c2cc(OC)c(OC)c(OC)c2)CCN1C(=O)c1cc(OC)c(OC)c(OC)c1,O=C(c1ccccc1)N1CCN(C(=O)c2ccccc2)CC1,O=C(c1ccccc1)N1CCN(C(=O)c2ccccc2)CC1,True,True,True,source_identity,1.0,0.6896551724137931,,,,,3.684400000000003,3.1834000000000024,0.5010000000000003,True,,,,,,,,,,,,,,,,,11.0,12.0,1.0,True
scaffold_property_retrieval,mpair_00002588_cond_02_2p,mpair_00002588,eval,2,"TPSA,HBA",COc1cc(C(=O)N2CCN(C(=O)c3cc(OC)c(OC)c(OC)c3)CC2)cc(OC)c1OC,CCN(CC)C(=O)OCC1CN(C(=O)c2cc(OC)c(OC)c(OC)c2)CCN1C(=O)c1cc(OC)c(OC)c(OC)c1,COc1cc(C(=O)N2CCN(C(=O)c3cc(OC)c(OC)c(OC)c3)CC2)cc(OC)c1OC,O=C(c1ccccc1)N1CCN(C(=O)c2ccccc2)CC1,O=C(c1ccccc1)N1CCN(C(=O)c2ccccc2)CC1,True,False,False,source_identity,1.0,0.52,,,,,,,,,,,,,125.54,96.00000000000001,29.539999999999992,False,,,,,10.0,8.0,2.0,False,,,,
scaffold_property_retrieval,mpair_00002596_cond_01_2p,mpair_00002596,eval,2,"HBA,RB",COc1ccc(C(=O)Nc2c(F)cncc2F)c2ccc(C(F)(F)F)nc12,COc1ccc(C(=O)Nc2c(Cl)cncc2Cl)c2ccc(C(C)O)nc12,COc1ccc(C(=O)Nc2c(F)cncc2F)c2ccc(C(F)(F)F)nc12,O=C(Nc1ccncc1)c1cccc2ncccc12,O=C(Nc1ccncc1)c1cccc2ncccc12,True,True,True,source_identity,1.0,0.532258064516129,,,,,,,,,,,,,,,,,,,,,5.0,4.0,1.0,True,4.0,3.0,1.0,True
scaffold_property_retrieval,mpair_00002599_cond_01_2p,mpair_00002599,eval,2,"TPSA,HBA",COc1ccc(C(=O)Nc2c(Cl)cncc2Cl)c2ccc(C(C)=O)nc12,CCc1ccc2c(C(=O)Nc3c(Cl)cncc3Cl)ccc(OC)c2n1,COc1ccc(C(=O)Nc2c(Cl)cncc2Cl)c2ccc(C(C)=O)nc12,O=C(Nc1ccncc1)c1cccc2ncccc12,O=C(Nc1ccncc1)c1cccc2ncccc12,True,True,True,source_identity,1.0,0.7222222222222222,,,,,,,,,,,,,64.11,81.17999999999999,17.069999999999993,True,,,,,4.0,5.0,1.0,True,,,,
scaffold_property_retrieval,mpair_00002602_cond_02_2p,mpair_00002602,eval,2,"TPSA,RB",COc1ccc(C(=O)Nc2ccncc2Cl)c2ccc(C(F)(F)F)nc12,COc1ccc(C(=O)Nc2c(Cl)cncc2Cl)c2ccc(C(C)O)nc12,COc1ccc(C(=O)Nc2ccncc2Cl)c2ccc(C(F)(F)F)nc12,O=C(Nc1ccncc1)c1cccc2ncccc12,O=C(Nc1ccncc1)c1cccc2ncccc12,True,False,False,source_identity,1.0,0.5230769230769231,,,,,,,,,,,,,84.34,64.11,20.230000000000004,False,,,,,,,,,4.0,3.0,1.0,True
scaffold_property_retrieval,mpair_00002604_cond_02_2p,mpair_00002604,eval,2,"TPSA,HBA",CCc1ccc2c(C(=O)Nc3c(Cl)cncc3Cl)ccc(OC)c2n1,COc1ccc(C(=O)Nc2c(Cl)cncc2Cl)c2ccc(C(C)=O)nc12,CCc1ccc2c(C(=O)Nc3c(Cl)cncc3Cl)ccc(OC)c2n1,O=C(Nc1ccncc1)c1cccc2ncccc12,O=C(Nc1ccncc1)c1cccc2ncccc12,True,True,True,source_identity,1.0,0.7222222222222222,,,,,,,,,,,,,81.17999999999999,64.11,17.069999999999993,True,,,,,5.0,4.0,1.0,True,,,,
scaffold_property_retrieval,mpair_00002609_cond_01_2p,mpair_00002609,eval,2,"LogP,RB",COc1ccc(C(=O)Nc2c(Cl)cncc2Cl)c2cccnc12,CCc1ccc2c(C(=O)Nc3c(Cl)cncc3Cl)ccc(OC)c2n1,COc1ccc(C(=O)Nc2c(Cl)cncc2Cl)c2cccnc12,O=C(Nc1ccncc1)c1cccc2ncccc12,O=C(Nc1ccncc1)c1cccc2ncccc12,True,True,True,source_identity,1.0,0.6545454545454545,,,,,4.759900000000003,4.1975000000000025,0.5624000000000002,True,,,,,,,,,,,,,,,,,4.0,3.0,1.0,True
scaffold_property_retrieval,mpair_00002614_cond_02_2p,mpair_00002614,eval,2,"MW,RB",COc1ccc(C(=O)Nc2c(Cl)cncc2Cl)c2cccnc12,COc1ccc(C(=O)Nc2c(Cl)cncc2Cl)c2ccc(C(C)=O)nc12,COc1ccc(C(=O)Nc2c(Cl)cncc2Cl)c2cccnc12,O=C(Nc1ccncc1)c1cccc2ncccc12,O=C(Nc1ccncc1)c1cccc2ncccc12,True,False,False,source_identity,1.0,0.6666666666666666,390.22600000000017,348.1890000000001,42.03700000000009,False,,,,,,,,,,,,,,,,,,,,,4.0,3.0,1.0,True
scaffold_property_retrieval,mpair_00002618_cond_02_2p,mpair_00002618,eval,2,"HBA,RB",COc1ccc(C(=O)Nc2c(Cl)cncc2Cl)c2ccc(C(C)O)nc12,COc1ccc(C(=O)Nc2ccncc2Cl)c2cccnc12,COc1ccc(C(=O)Nc2c(Cl)cncc2Cl)c2ccc(C(C)O)nc12,O=C(Nc1ccncc1)c1cccc2ncccc12,O=C(Nc1ccncc1)c1cccc2ncccc12,True,True,True,source_identity,1.0,0.49206349206349204,,,,,,,,,,,,,,,,,,,,,4.0,5.0,1.0,True,3.0,4.0,1.0,True
scaffold_property_retrieval,mpair_00002621_cond_02_2p,mpair_00002621,eval,2,"MW,QED",COc1ccc(C(=O)Nc2c(Cl)cncc2Cl)c2cccnc12,COc1ccc(C(=O)Nc2c(F)cncc2F)c2ccc(C(F)(F)F)nc12,COc1ccc(C(=O)Nc2c(Cl)cncc2Cl)c2cccnc12,O=C(Nc1ccncc1)c1cccc2ncccc12,O=C(Nc1ccncc1)c1cccc2ncccc12,True,False,False,source_identity,1.0,0.4918032786885246,383.276,348.1890000000001,35.08699999999993,False,,,,,0.6893032571109005,0.7706046174674384,0.0813013603565379,True,,,,,,,,,,,,,,,,
scaffold_property_retrieval,mpair_00002626_cond_00_2p,mpair_00002626,eval,2,"MW,QED",COc1ccc(C(=O)Nc2c(F)cncc2F)c2ccc(C(F)(F)F)nc12,COc1ccc(C(=O)Nc2ccncc2Cl)c2cccnc12,COc1ccc(C(=O)Nc2c(F)cncc2F)c2ccc(C(F)(F)F)nc12,O=C(Nc1ccncc1)c1cccc2ncccc12,O=C(Nc1ccncc1)c1cccc2ncccc12,True,False,False,source_identity,1.0,0.4090909090909091,313.744,383.276,69.53199999999998,False,,,,,0.8029165077767629,0.6893032571109005,0.11361325066586248,False,,,,,,,,,,,,,,,,
scaffold_property_retrieval,mpair_00002630_cond_00_2p,mpair_00002630,eval,2,"QED,TPSA",CC(C)CC(=O)N1C[C@H](c2ccccc2)C[C@H]1C(=O)N[C@@H](CC(F)F)C(=O)NCCc1c(F)cc(C(=O)O)cc1F,CC(C)[C@@H](O)C(=O)N1C[C@H](c2ccccc2)C[C@H]1C(=O)N[C@@H](CC(F)F)C(=O)NCCc1c(F)cc(C(=O)O)cc1F,CC(C)CC(=O)N1C[C@H](c2ccccc2)C[C@H]1C(=O)N[C@@H](CC(F)F)C(=O)NCCc1c(F)cc(C(=O)O)cc1F,O=C(CNC(=O)[C@@H]1C[C@@H](c2ccccc2)CN1)NCCc1ccccc1,O=C(CNC(=O)[C@@H]1C[C@@H](c2ccccc2)CN1)NCCc1ccccc1,True,False,False,source_identity,1.0,0.7916666666666666,,,,,,,,,0.2789053789646464,0.3302613314122171,0.051355952447570685,True,136.04,115.81000000000002,20.229999999999976,False,,,,,,,,,,,,
scaffold_property_retrieval,mpair_00003109_cond_01_2p,mpair_00003109,eval,2,"LogP,QED",CN1CCC[C@H]1COc1cccnn1,CN1CCC[C@H]1COc1ccc(Cl)nn1,CN1CCC[C@H]1COc1cccnn1,c1cnnc(OC[C@@H]2CCCN2)c1,c1cnnc(OC[C@@H]2CCCN2)c1,True,True,True,source_identity,1.0,0.6511627906976745,,,,,1.6029999999999998,0.9495999999999998,0.6534,True,0.7864914737289573,0.7160423680458043,0.07044910568315299,True,,,,,,,,,,,,,,,,
scaffold_property_retrieval,mpair_00003111_cond_00_2p,mpair_00003111,eval,2,"QED,RB",Cc1nc2nnc(C(C)(C)C)nn2c(=O)c1C,CCCCc1nnc2nc(C)c(C)c(=O)n2n1,Cc1nc2nnc(C(C)(C)C)nn2c(=O)c1C,O=c1ccnc2nncnn12,O=c1ccnc2nncnn12,True,False,False,source_identity,1.0,0.5238095238095238,,,,,,,,,0.7849999676400611,0.6723856505150625,0.11261431712499859,False,,,,,,,,,,,,,3.0,0.0,3.0,False
scaffold_property_retrieval,mpair_00003112_cond_02_2p,mpair_00003112,eval,2,"MW,LogP",Cc1nc2nnc(C(C)(C)C)nn2c(=O)c1C,Cc1nc2nncnn2c(=O)c1C,Cc1nc2nnc(C(C)(C)C)nn2c(=O)c1C,O=c1ccnc2nncnn12,O=c1ccnc2nncnn12,True,False,False,source_identity,1.0,0.48717948717948717,177.167,233.27499999999998,56.107999999999976,False,-0.5036600000000002,0.7938399999999997,1.2974999999999999,False,,,,,,,,,,,,,,,,,,,,
scaffold_property_retrieval,mpair_00003202_cond_00_2p,mpair_00003202,eval,2,"TPSA,HBA",O=C(OCc1ccc(-c2ccccc2)cc1)n1cccn1,N#Cc1cnn(C(=O)OCc2ccc(-c3ccccc3)cc2)c1,O=C(OCc1ccc(-c2ccccc2)cc1)n1cccn1,O=C(OCc1ccc(-c2ccccc2)cc1)n1cccn1,O=C(OCc1ccc(-c2ccccc2)cc1)n1cccn1,True,False,False,source_identity,1.0,0.5833333333333334,,,,,,,,,,,,,67.91,44.120000000000005,23.789999999999992,False,,,,,5.0,4.0,1.0,True,,,,
scaffold_property_retrieval,mpair_00003203_cond_02_2p,mpair_00003203,eval,2,"TPSA,HBA",N#Cc1cnn(C(=O)OCc2ccc(-c3ccccc3)cc2)c1,Cc1cnn(C(=O)OCc2ccc(-c3ccccc3)cc2)c1,N#Cc1cnn(C(=O)OCc2ccc(-c3ccccc3)cc2)c1,O=C(OCc1ccc(-c2ccccc2)cc1)n1cccn1,O=C(OCc1ccc(-c2ccccc2)cc1)n1cccn1,True,False,False,source_identity,1.0,0.6808510638297872,,,,,,,,,,,,,44.120000000000005,67.91,23.789999999999992,False,,,,,4.0,5.0,1.0,True,,,,
scaffold_property_retrieval,mpair_00003205_cond_01_2p,mpair_00003205,eval,2,"TPSA,HBA",N#Cc1cnn(C(=O)OCc2ccc(-c3ccccc3)cc2)c1,O=C(OCc1ccc(-c2ccccc2)cc1)n1cccn1,N#Cc1cnn(C(=O)OCc2ccc(-c3ccccc3)cc2)c1,O=C(OCc1ccc(-c2ccccc2)cc1)n1cccn1,O=C(OCc1ccc(-c2ccccc2)cc1)n1cccn1,True,False,False,source_identity,1.0,0.5833333333333334,,,,,,,,,,,,,44.120000000000005,67.91,23.789999999999992,False,,,,,4.0,5.0,1.0,True,,,,
scaffold_property_retrieval,mpair_00003208_cond_02_2p,mpair_00003208,eval,2,"QED,TPSA",NC(=O)N/N=C\c1ccccc1OCc1ccc2no[n+]([O-])c2c1,NC(=S)N/N=C/c1cccc(OCc2ccc3no[n+]([O-])c3c2)c1,NC(=O)N/N=C\c1ccccc1OCc1ccc2no[n+]([O-])c2c1,c1ccc(OCc2ccc3no[nH+]c3c2)cc1,c1ccc(OCc2ccc3no[nH+]c3c2)cc1,True,False,False,source_identity,1.0,0.5882352941176471,,,,,,,,,0.30972390933844063,0.4106849547701945,0.10096104543175388,False,112.61,129.68,17.070000000000007,True,,,,,,,,,,,,
scaffold_property_retrieval,mpair_00003212_cond_00_2p,mpair_00003212,eval,2,"HBA,RB",CC(C)NC(=O)c1ccc2c(Nc3ccc(Cl)cc3)nc(N3CCOCC3)nc2c1,COC(=O)c1ccc2c(Nc3ccc(Cl)cc3)nc(N3CCOCC3)nc2c1,CC(C)NC(=O)c1ccc2c(Nc3ccc(Cl)cc3)nc(N3CCOCC3)nc2c1,c1ccc(Nc2nc(N3CCOCC3)nc3ccccc23)cc1,c1ccc(Nc2nc(N3CCOCC3)nc3ccccc23)cc1,True,True,True,source_identity,1.0,0.7833333333333333,,,,,,,,,,,,,,,,,,,,,7.0,6.0,1.0,True,4.0,5.0,1.0,True
scaffold_property_retrieval,mpair_00003216_cond_00_2p,mpair_00003216,eval,2,"HBD,HBA",COC(=O)c1ccc2c(Nc3ccc(Cl)cc3)nc(N3CCOCC3)nc2c1,CC(C)NC(=O)c1ccc2c(Nc3ccc(Cl)cc3)nc(N3CCOCC3)nc2c1,COC(=O)c1ccc2c(Nc3ccc(Cl)cc3)nc(N3CCOCC3)nc2c1,c1ccc(Nc2nc(N3CCOCC3)nc3ccccc23)cc1,c1ccc(Nc2nc(N3CCOCC3)nc3ccccc23)cc1,True,True,True,source_identity,1.0,0.7833333333333333,,,,,,,,,,,,,,,,,2.0,1.0,1.0,True,6.0,7.0,1.0,True,,,,
scaffold_property_retrieval,mpair_00003223_cond_02_2p,mpair_00003223,eval,2,"MW,QED",COc1ccc(S(=O)(=O)N(Cc2cccnc2)c2c(C)cc(Br)cc2C(=O)NO)cc1,COc1ccc(S(=O)(=O)N(Cc2cccnc2)c2c(C)cccc2C(=O)NO)cc1,COc1ccc(S(=O)(=O)N(Cc2cccnc2)c2c(C)cc(Br)cc2C(=O)NO)cc1,O=S(=O)(c1ccccc1)N(Cc1cccnc1)c1ccccc1,O=S(=O)(c1ccccc1)N(Cc1cccnc1)c1ccccc1,True,False,False,source_identity,1.0,0.819672131147541,427.48200000000014,506.37800000000016,78.89600000000002,False,,,,,0.44330794633881315,0.3740614499694089,0.06924649636940428,True,,,,,,,,,,,,,,,,
scaffold_property_retrieval,mpair_00003225_cond_01_2p,mpair_00003225,eval,2,"QED,RB",COCCCN(/C(S)=C1/C(=O)c2cc(Cl)ccc2N(C)C1=O)c1ccccc1,COc1cccc(N(C)/C(S)=C2/C(=O)c3cc(Cl)ccc3N(C)C2=O)c1,COCCCN(/C(S)=C1/C(=O)c2cc(Cl)ccc2N(C)C1=O)c1ccccc1,O=C1Nc2ccccc2C(=O)/C1=C/Nc1ccccc1,O=C1Nc2ccccc2C(=O)/C1=C/Nc1ccccc1,True,False,False,source_identity,1.0,0.5846153846153846,,,,,,,,,0.4935411914533051,0.3319041471572704,0.1616370442960347,False,,,,,,,,,,,,,3.0,6.0,3.0,False
scaffold_property_retrieval,mpair_00003227_cond_00_2p,mpair_00003227,eval,2,"QED,RB",COc1ccc(N(C)/C(S)=C2/C(=O)c3cc(Cl)ccc3N(C)C2=O)cc1,COCCCN(/C(S)=C1/C(=O)c2cc(Cl)ccc2N(C)C1=O)c1ccccc1,COc1ccc(N(C)/C(S)=C2/C(=O)c3cc(Cl)ccc3N(C)C2=O)cc1,O=C1Nc2ccccc2C(=O)/C1=C/Nc1ccccc1,O=C1Nc2ccccc2C(=O)/C1=C/Nc1ccccc1,True,False,False,source_identity,1.0,0.5625,,,,,,,,,0.3319041471572704,0.4935411914533051,0.1616370442960347,False,,,,,,,,,,,,,6.0,3.0,3.0,False
scaffold_property_retrieval,mpair_00003229_cond_02_2p,mpair_00003229,eval,2,"QED,HBD",CCCCc1nn(-c2ccccn2)c(C(=O)OCC)c1Cc1ccc(-c2ccccc2-c2nn[nH]n2)cc1,CCCCc1nn(-c2ccccn2)c(C(=O)O)c1Cc1ccc(-c2ccccc2-c2nn[nH]n2)cc1,CCCCc1nn(-c2ccccn2)c(C(=O)OCC)c1Cc1ccc(-c2ccccc2-c2nn[nH]n2)cc1,c1ccc(-n2cc(Cc3ccc(-c4ccccc4-c4nn[nH]n4)cc3)cn2)nc1,c1ccc(-n2cc(Cc3ccc(-c4ccccc4-c4nn[nH]n4)cc3)cn2)nc1,True,True,True,source_identity,1.0,0.8405797101449275,,,,,,,,,0.31281238062525013,0.25784000650209704,0.05497237412315309,True,,,,,2.0,1.0,1.0,True,,,,,,,,
scaffold_property_retrieval,mpair_00003534_cond_01_2p,mpair_00003534,eval,2,"QED,RB",O=S(=O)(CC(F)(F)F)N(Cc1cccnc1)c1cccc(OC(F)(F)F)c1,CC(C)Oc1cccc(N(Cc2cccnc2)S(=O)(=O)CC(F)(F)F)c1,O=S(=O)(CC(F)(F)F)N(Cc1cccnc1)c1cccc(OC(F)(F)F)c1,c1ccc(NCc2cccnc2)cc1,c1ccc(NCc2cccnc2)cc1,True,True,True,source_identity,1.0,0.7777777777777778,,,,,,,,,0.7245796953652621,0.6736163493728189,0.05096334599244323,True,,,,,,,,,,,,,7.0,6.0,1.0,True
scaffold_property_retrieval,mpair_00003538_cond_01_2p,mpair_00003538,eval,2,"LogP,TPSA",CCC(C)COc1cccc(N(Cc2cccnc2)S(=O)(=O)CC(F)(F)F)c1,CCOC(=O)C(C)Oc1cccc(N(Cc2cccnc2)S(=O)(=O)CC(F)(F)F)c1,CCC(C)COc1cccc(N(Cc2cccnc2)S(=O)(=O)CC(F)(F)F)c1,c1ccc(NCc2cccnc2)cc1,c1ccc(NCc2cccnc2)cc1,True,False,False,source_identity,1.0,0.6923076923076923,,,,,3.3107000000000024,4.405200000000004,1.0945000000000018,False,,,,,85.80000000000001,59.5,26.30000000000001,False,,,,,,,,,,,,
scaffold_property_retrieval,mpair_00003542_cond_00_2p,mpair_00003542,eval,2,"QED,RB",CC(C)COc1cccc(N(Cc2cccnc2)S(=O)(=O)CC(F)(F)F)c1,CCC(C)COc1cccc(N(Cc2cccnc2)S(=O)(=O)CC(F)(F)F)c1,CC(C)COc1cccc(N(Cc2cccnc2)S(=O)(=O)CC(F)(F)F)c1,c1ccc(NCc2cccnc2)cc1,c1ccc(NCc2cccnc2)cc1,True,True,True,source_identity,1.0,0.8421052631578947,,,,,,,,,0.6078002459089881,0.6693605971809802,0.06156035127199211,True,,,,,,,,,,,,,9.0,8.0,1.0,True
scaffold_property_retrieval,mpair_00003543_cond_02_2p,mpair_00003543,eval,2,"QED,RB",CC(C)Oc1cccc(N(Cc2cccnc2)S(=O)(=O)CC(F)(F)F)c1,COc1cccc(N(Cc2cccnc2)S(=O)(=O)CC(F)(F)F)c1,CC(C)Oc1cccc(N(Cc2cccnc2)S(=O)(=O)CC(F)(F)F)c1,c1ccc(NCc2cccnc2)cc1,c1ccc(NCc2cccnc2)cc1,True,True,True,source_identity,1.0,0.8113207547169812,,,,,,,,,0.7946521442277092,0.7245796953652621,0.07007244886244712,True,,,,,,,,,,,,,6.0,7.0,1.0,True
scaffold_property_retrieval,mpair_00003546_cond_01_2p,mpair_00003546,eval,2,"MW,RB",COc1cccc(N(Cc2cccnc2)S(=O)(=O)CC(F)(F)F)c1,CCCC(C)Oc1cccc(N(Cc2cccnc2)S(=O)(=O)CC(F)(F)F)c1,COc1cccc(N(Cc2cccnc2)S(=O)(=O)CC(F)(F)F)c1,c1ccc(NCc2cccnc2)cc1,c1ccc(NCc2cccnc2)cc1,True,False,False,source_identity,1.0,0.7413793103448276,416.4650000000001,360.3570000000001,56.108000000000004,False,,,,,,,,,,,,,,,,,,,,,9.0,6.0,3.0,False
scaffold_property_retrieval,mpair_00003548_cond_01_2p,mpair_00003548,eval,2,"QED,HBA",CCOC(=O)C(C)Oc1cccc(N(Cc2cccnc2)S(=O)(=O)CC(F)(F)F)c1,O=S(=O)(CC(F)(F)F)N(Cc1cccnc1)c1cccc(OC(F)(F)F)c1,CCOC(=O)C(C)Oc1cccc(N(Cc2cccnc2)S(=O)(=O)CC(F)(F)F)c1,c1ccc(NCc2cccnc2)cc1,c1ccc(NCc2cccnc2)cc1,True,False,False,source_identity,1.0,0.6885245901639344,,,,,,,,,0.6736163493728189,0.5496815697636838,0.12393477960913513,False,,,,,,,,,4.0,6.0,2.0,False,,,,
scaffold_property_retrieval,mpair_00000003_cond_01_3p,mpair_00000003,eval,3,"MW,LogP,HBA",COc1cccc(C(=O)N2C[C@H](CN3CCC(c4ccccc4)CC3)[C@@H](c3ccccc3)C2)c1,O=C(c1ccccc1Br)N1C[C@H](CN2CCC(c3ccccc3)CC2)[C@@H](c2ccccc2)C1,COc1cccc(C(=O)N2C[C@H](CN3CCC(c4ccccc4)CC3)[C@@H](c3ccccc3)C2)c1,O=C(c1ccccc1)N1C[C@H](CN2CCC(c3ccccc3)CC2)[C@@H](c2ccccc2)C1,O=C(c1ccccc1)N1C[C@H](CN2CCC(c3ccccc3)CC2)[C@@H](c2ccccc2)C1,True,False,False,source_identity,1.0,0.6065573770491803,503.48400000000026,454.61400000000015,48.87000000000012,False,6.184500000000006,5.430600000000005,0.7539000000000007,True,,,,,,,,,,,,,2.0,3.0,1.0,True,,,,
scaffold_property_retrieval,mpair_00000009_cond_02_3p,mpair_00000009,eval,3,"LogP,HBA,RB",COc1cccc(C(=O)N2C[C@H](CN3CCC(c4ccccc4)CC3)[C@@H](c3ccccc3)C2)c1,O=C(c1cccc(Cl)c1)N1C[C@H](CN2CCC(c3ccccc3)CC2)[C@@H](c2ccccc2)C1,COc1cccc(C(=O)N2C[C@H](CN3CCC(c4ccccc4)CC3)[C@@H](c3ccccc3)C2)c1,O=C(c1ccccc1)N1C[C@H](CN2CCC(c3ccccc3)CC2)[C@@H](c2ccccc2)C1,O=C(c1ccccc1)N1C[C@H](CN2CCC(c3ccccc3)CC2)[C@@H](c2ccccc2)C1,True,True,True,source_identity,1.0,0.7413793103448276,,,,,6.075400000000006,5.430600000000005,0.6448000000000009,True,,,,,,,,,,,,,2.0,3.0,1.0,True,5.0,6.0,1.0,True
scaffold_property_retrieval,mpair_00000015_cond_02_3p,mpair_00000015,eval,3,"LogP,TPSA,HBA",O=C(O)CC[C@H]1CC[C@H]2CN[C@H](C(=O)O)C[C@H]2C1,O=C(O)[C@@H]1C[C@H]2C[C@@H](CCS(=O)(=O)O)CC[C@H]2CN1,O=C(O)CC[C@H]1CC[C@H]2CN[C@H](C(=O)O)C[C@H]2C1,C1CC[C@H]2CNCC[C@H]2C1,C1CC[C@H]2CNCC[C@H]2C1,True,True,True,source_identity,1.0,0.6829268292682927,,,,,0.7433000000000001,1.3301999999999996,0.5868999999999995,True,,,,,103.7,86.63000000000001,17.069999999999993,True,,,,,4.0,3.0,1.0,True,,,,
scaffold_property_retrieval,mpair_00000322_cond_00_3p,mpair_00000322,eval,3,"MW,LogP,QED",N[C@@H](C(=O)N[C@@H]1C(=O)N2C(C(=O)O)=C(C(F)(F)F)CC[C@H]12)c1cccc(C(F)(F)F)c1,CSC1=C(C(=O)O)N2C(=O)[C@@H](NC(=O)[C@H](N)c3ccccc3)[C@H]2CC1,N[C@@H](C(=O)N[C@@H]1C(=O)N2C(C(=O)O)=C(C(F)(F)F)CC[C@H]12)c1cccc(C(F)(F)F)c1,O=C(Cc1ccccc1)N[C@@H]1C(=O)N2C=CCC[C@H]12,O=C(Cc1ccccc1)N[C@@H]1C(=O)N2C=CCC[C@H]12,True,False,False,source_identity,1.0,0.5757575757575758,361.42300000000006,451.3230000000001,89.90000000000003,False,0.8350000000000002,2.0955999999999997,1.2605999999999995,False,0.6699274889764619,0.4795891963980345,0.19033829257842744,False,,,,,,,,,,,,,,,,
scaffold_property_retrieval,mpair_00000329_cond_01_3p,mpair_00000329,eval,3,"QED,HBA,RB",CSC1=C(C(=O)O)N2C(=O)[C@@H](NC(=O)[C@H](N)c3ccccc3)[C@H]2CC1,N[C@@H](C(=O)N[C@@H]1C(=O)N2C(C(=O)O)=C(C(F)(F)F)CC[C@H]12)c1ccc(F)cc1,CSC1=C(C(=O)O)N2C(=O)[C@@H](NC(=O)[C@H](N)c3ccccc3)[C@H]2CC1,O=C(Cc1ccccc1)N[C@@H]1C(=O)N2C=CCC[C@H]12,O=C(Cc1ccccc1)N[C@@H]1C(=O)N2C=CCC[C@H]12,True,False,False,source_identity,1.0,0.5873015873015873,,,,,,,,,0.5187711593734389,0.6699274889764619,0.15115632960302305,False,,,,,,,,,4.0,5.0,1.0,True,4.0,5.0,1.0,True
scaffold_property_retrieval,mpair_00000331_cond_01_3p,mpair_00000331,eval,3,"TPSA,HBD,HBA",N[C@@H](C(=O)N[C@@H]1C(=O)N2C(C(=O)O)=C(C(F)(F)F)CC[C@H]12)c1ccc(O)cc1,N[C@@H](C(=O)N[C@@H]1C(=O)N2C(C(=O)O)=C(C(F)(F)F)CC[C@H]12)c1ccc(F)cc1,N[C@@H](C(=O)N[C@@H]1C(=O)N2C(C(=O)O)=C(C(F)(F)F)CC[C@H]12)c1ccc(O)cc1,O=C(Cc1ccccc1)N[C@@H]1C(=O)N2C=CCC[C@H]12,O=C(Cc1ccccc1)N[C@@H]1C(=O)N2C=CCC[C@H]12,True,False,False,source_identity,1.0,0.8545454545454545,,,,,,,,,,,,,112.73,132.96,20.230000000000004,False,3.0,4.0,1.0,True,4.0,5.0,1.0,True,,,,
scaffold_property_retrieval,mpair_00000336_cond_00_3p,mpair_00000336,eval,3,"MW,LogP,QED",N[C@@H](C(=O)N[C@@H]1C(=O)N2C(C(=O)O)=C(C(F)(F)F)CC[C@H]12)c1cccc(Br)c1,N[C@@H](C(=O)N[C@@H]1C(=O)N2C(C(=O)O)=C(C(F)(F)F)CC[C@H]12)c1ccc(F)cc1,N[C@@H](C(=O)N[C@@H]1C(=O)N2C(C(=O)O)=C(C(F)(F)F)CC[C@H]12)c1cccc(Br)c1,O=C(Cc1ccccc1)N[C@@H]1C(=O)N2C=CCC[C@H]12,O=C(Cc1ccccc1)N[C@@H]1C(=O)N2C=CCC[C@H]12,True,False,False,source_identity,1.0,0.7377049180327869,401.3160000000001,462.2220000000001,60.906000000000006,False,1.2158999999999993,1.8392999999999997,0.6234000000000004,True,0.5187711593734389,0.5917241763797754,0.0729530170063365,True,,,,,,,,,,,,,,,,
scaffold_property_retrieval,mpair_00000595_cond_01_3p,mpair_00000595,eval,3,"QED,HBD,RB",COc1ccc(CCCC[C@@H]2N[C@@H](CO)[C@H](O)[C@H]2O)cc1,OC[C@@H]1N[C@@H](CCCCc2ccc(O)cc2)[C@H](O)[C@H]1O,COc1ccc(CCCC[C@@H]2N[C@@H](CO)[C@H](O)[C@H]2O)cc1,c1ccc(CCCC[C@H]2CCCN2)cc1,c1ccc(CCCC[C@H]2CCCN2)cc1,True,True,True,source_identity,1.0,0.7,,,,,,,,,0.47902706341404183,0.5496005244071775,0.07057346099313572,True,,,,,5.0,4.0,1.0,True,,,,,6.0,7.0,1.0,True
scaffold_property_retrieval,mpair_00000726_cond_00_3p,mpair_00000726,eval,3,"MW,LogP,QED",C=CCc1cc(/C=C2\SC(=O)NC2=O)c(OC)cc1OC1CCCCO1,C=CCc1cc(/C=C2\SC(=O)N(CC=C)C2=O)c(OC)cc1OC1CCCCO1,C=CCc1cc(/C=C2\SC(=O)NC2=O)c(OC)cc1OC1CCCCO1,O=C1NC(=O)/C(=C/c2ccc(OC3CCCCO3)cc2)S1,O=C1NC(=O)/C(=C/c2ccc(OC3CCCCO3)cc2)S1,True,False,False,source_identity,1.0,0.696969696969697,415.51100000000025,375.4460000000002,40.065000000000055,False,4.551400000000004,3.6530000000000022,0.8984000000000014,True,0.45838471716690443,0.6042673504148035,0.14588263324789907,False,,,,,,,,,,,,,,,,
scaffold_property_retrieval,mpair_00000739_cond_01_3p,mpair_00000739,eval,3,"LogP,QED,RB",C=CCc1cc(/C=C2\SC(=O)N(CCCC)C2=O)c(OC)cc1OC1CCCCO1,C=CCc1cc(/C=C2\SC(=O)N(CC=C)C2=O)c(OC)cc1OC1CCCCO1,C=CCc1cc(/C=C2\SC(=O)N(CCCC)C2=O)c(OC)cc1OC1CCCCO1,O=C1NC(=O)/C(=C/c2ccc(OC3CCCCO3)cc2)S1,O=C1NC(=O)/C(=C/c2ccc(OC3CCCCO3)cc2)S1,True,True,True,source_identity,1.0,0.8181818181818182,,,,,4.551400000000004,5.165500000000004,0.6141000000000005,True,0.45838471716690443,0.39718598618589046,0.06119873098101397,True,,,,,,,,,,,,,8.0,9.0,1.0,True
scaffold_property_retrieval,mpair_00000741_cond_02_3p,mpair_00000741,eval,3,"LogP,QED,RB",C=CCc1cc(/C=C2\SC(=O)N(C)C2=O)c(OC)cc1OC1CCCCO1,C=CCc1cc(/C=C2\SC(=O)N(C(C)C)C2=O)c(OC)cc1OC1CCCCO1,C=CCc1cc(/C=C2\SC(=O)N(C)C2=O)c(OC)cc1OC1CCCCO1,O=C1NC(=O)/C(=C/c2ccc(OC3CCCCO3)cc2)S1,O=C1NC(=O)/C(=C/c2ccc(OC3CCCCO3)cc2)S1,True,True,True,source_identity,1.0,0.796875,,,,,4.773800000000004,3.9952000000000023,0.7786000000000017,True,0.4701504427149941,0.5413211960634129,0.07117075334841877,True,,,,,,,,,,,,,7.0,6.0,1.0,True
scaffold_property_retrieval,mpair_00000746_cond_01_3p,mpair_00000746,eval,3,"LogP,QED,RB",C=CCc1cc(/C=C2\SC(=O)N(CC=C)C2=O)c(OC)cc1OC1CCCCO1,C=CCc1cc(/C=C2\SC(=O)N(CCCC)C2=O)c(OC)cc1OC1CCCCO1,C=CCc1cc(/C=C2\SC(=O)N(CC=C)C2=O)c(OC)cc1OC1CCCCO1,O=C1NC(=O)/C(=C/c2ccc(OC3CCCCO3)cc2)S1,O=C1NC(=O)/C(=C/c2ccc(OC3CCCCO3)cc2)S1,True,True,True,source_identity,1.0,0.8181818181818182,,,,,5.165500000000004,4.551400000000004,0.6141000000000005,True,0.39718598618589046,0.45838471716690443,0.06119873098101397,True,,,,,,,,,,,,,9.0,8.0,1.0,True
scaffold_property_retrieval,mpair_00000748_cond_01_3p,mpair_00000748,eval,3,"LogP,QED,RB",C=CCc1cc(/C=C2\SC(=O)N(C)C2=O)c(OC)cc1OC1CCCCO1,C=CCc1cc(/C=C2\SC(=O)N(CC=C)C2=O)c(OC)cc1OC1CCCCO1,C=CCc1cc(/C=C2\SC(=O)N(C)C2=O)c(OC)cc1OC1CCCCO1,O=C1NC(=O)/C(=C/c2ccc(OC3CCCCO3)cc2)S1,O=C1NC(=O)/C(=C/c2ccc(OC3CCCCO3)cc2)S1,True,False,False,source_identity,1.0,0.8095238095238095,,,,,4.551400000000004,3.9952000000000023,0.5562000000000014,True,0.45838471716690443,0.5413211960634129,0.08293647889650846,True,,,,,,,,,,,,,8.0,6.0,2.0,False
scaffold_property_retrieval,mpair_00000754_cond_02_3p,mpair_00000754,eval,3,"MW,LogP,QED",COC(=O)C[C@@H]1CC(=O)N2[C@H](Cc3c[nH]c4ccccc34)CO[C@@H]2C1,CC[C@H]1CCC(=O)N2[C@H](Cc3c[nH]c4ccccc34)CO[C@H]12,COC(=O)C[C@@H]1CC(=O)N2[C@H](Cc3c[nH]c4ccccc34)CO[C@@H]2C1,O=C1CCC[C@H]2OC[C@@H](Cc3c[nH]c4ccccc34)N12,O=C1CCC[C@H]2OC[C@@H](Cc3c[nH]c4ccccc34)N12,True,False,False,source_identity,1.0,0.5072463768115942,298.3860000000001,342.39500000000015,44.00900000000007,False,3.0839000000000016,2.236999999999999,0.8469000000000024,True,0.9461815070706311,0.8651865286551231,0.08099497841550796,True,,,,,,,,,,,,,,,,
scaffold_property_retrieval,mpair_00001117_cond_00_3p,mpair_00001117,eval,3,"MW,HBD,HBA",COc1ccc(N2CCN(CCC3c4ccccc4C(=O)N3C)CC2)cc1,O=C1NC(CCN2CCN(c3ccccc3)CC2)c2ccccc21,COc1ccc(N2CCN(CCC3c4ccccc4C(=O)N3C)CC2)cc1,O=C1NC(CCN2CCN(c3ccccc3)CC2)c2ccccc21,O=C1NC(CCN2CCN(c3ccccc3)CC2)c2ccccc21,True,False,False,source_identity,1.0,0.47368421052631576,321.4240000000001,365.47700000000015,44.053000000000054,False,,,,,,,,,,,,,1.0,0.0,1.0,True,3.0,4.0,1.0,True,,,,
scaffold_property_retrieval,mpair_00001127_cond_02_3p,mpair_00001127,eval,3,"LogP,TPSA,HBD",CN1C(=O)c2ccccc2C1CCN1CCN(c2ccc(Cl)cc2)CC1,COc1ccc(N2CCN(CCC3NC(=O)c4ccccc43)CC2)cc1,CN1C(=O)c2ccccc2C1CCN1CCN(c2ccc(Cl)cc2)CC1,O=C1NC(CCN2CCN(c3ccccc3)CC2)c2ccccc21,O=C1NC(CCN2CCN(c3ccccc3)CC2)c2ccccc21,True,True,True,source_identity,1.0,0.48333333333333334,,,,,2.692000000000001,3.679000000000003,0.9870000000000019,True,,,,,44.81,26.790000000000006,18.019999999999996,True,1.0,0.0,1.0,True,,,,,,,,
scaffold_property_retrieval,mpair_00001133_cond_01_3p,mpair_00001133,eval,3,"QED,TPSA,HBA",COc1ccccc1CC(=O)NCCC1CCN(CC2COc3ccccc3O2)CC1,O=C(Cc1ccccc1[N+](=O)[O-])NCCC1CCN(CC2COc3ccccc3O2)CC1,COc1ccccc1CC(=O)NCCC1CCN(CC2COc3ccccc3O2)CC1,O=C(Cc1ccccc1)NCCC1CCN(CC2COc3ccccc3O2)CC1,O=C(Cc1ccccc1)NCCC1CCN(CC2COc3ccccc3O2)CC1,True,False,False,source_identity,1.0,0.7164179104477612,,,,,,,,,0.5015202818225966,0.7047088784600517,0.20318859663745514,False,93.94,60.03,33.91,False,,,,,6.0,5.0,1.0,True,,,,
scaffold_property_retrieval,mpair_00002370_cond_01_3p,mpair_00002370,eval,3,"QED,HBA,RB",CCOC(=O)/C=C/c1cc(C(=O)c2ccc(-n3ccnc3)cc2)cn1C,Cn1cc(C(=O)c2ccc(-n3ccnc3)cc2)cc1/C=C/C(=O)O,CCOC(=O)/C=C/c1cc(C(=O)c2ccc(-n3ccnc3)cc2)cn1C,O=C(c1ccc(-n2ccnc2)cc1)c1cc[nH]c1,O=C(c1ccc(-n2ccnc2)cc1)c1cc[nH]c1,True,False,False,source_identity,1.0,0.7454545454545455,,,,,,,,,0.5785260949639057,0.3897342663180413,0.1887918286458644,False,,,,,,,,,5.0,6.0,1.0,True,5.0,6.0,1.0,True
scaffold_property_retrieval,mpair_00002375_cond_01_3p,mpair_00002375,eval,3,"LogP,TPSA,HBA",COc1cccc2sc([C@@H]3C[C@H]4CC[C@@H](C3)N4C[C@H](O)COc3cccc4[nH]c(C(N)=O)cc34)cc12,COc1cccc2sc([C@@H]3C[C@H]4CC[C@@H](C3)N4C[C@H](O)COc3cccc4[nH]c(C)cc34)cc12,COc1cccc2sc([C@@H]3C[C@H]4CC[C@@H](C3)N4C[C@H](O)COc3cccc4[nH]c(C(N)=O)cc34)cc12,c1ccc2sc([C@@H]3C[C@H]4CC[C@@H](C3)N4CCCOc3cccc4[nH]ccc34)cc2c1,c1ccc2sc([C@@H]3C[C@H]4CC[C@@H](C3)N4CCCOc3cccc4[nH]ccc34)cc2c1,True,False,False,source_identity,1.0,0.7916666666666666,,,,,5.849920000000006,4.640400000000003,1.209520000000003,False,,,,,57.720000000000006,100.81,43.089999999999996,False,,,,,5.0,6.0,1.0,True,,,,
scaffold_property_retrieval,mpair_00002464_cond_02_3p,mpair_00002464,eval,3,"QED,HBA,RB",CN(C)CCCOc1cc(C(=O)Nc2ccc(OC(F)(F)F)cc2)n(Cc2ccccc2)n1,CN(C)CCCOc1cc(C(=O)Nc2ccc(Cl)cc2F)n(Cc2ccccc2)n1,CN(C)CCCOc1cc(C(=O)Nc2ccc(OC(F)(F)F)cc2)n(Cc2ccccc2)n1,O=C(Nc1ccccc1)c1ccnn1Cc1ccccc1,O=C(Nc1ccccc1)c1ccnn1Cc1ccccc1,True,True,True,source_identity,1.0,0.6428571428571429,,,,,,,,,0.5138601191048354,0.4522382232340766,0.061621895870758836,True,,,,,,,,,5.0,6.0,1.0,True,9.0,10.0,1.0,True
scaffold_property_retrieval,mpair_00002468_cond_02_3p,mpair_00002468,eval,3,"MW,LogP,RB",CN(C)CCCOc1cc(C(=O)Nc2cc(F)cc(C(F)(F)F)c2)n(Cc2ccccc2)n1,COc1ccc(NC(=O)c2cc(OCCCN(C)C)nn2Cc2ccccc2)cc1,CN(C)CCCOc1cc(C(=O)Nc2cc(F)cc(C(F)(F)F)c2)n(Cc2ccccc2)n1,O=C(Nc1ccccc1)c1ccnn1Cc1ccccc1,O=C(Nc1ccccc1)c1ccnn1Cc1ccccc1,True,False,False,source_identity,1.0,0.6764705882352942,408.50200000000007,464.4630000000001,55.96100000000001,False,3.522800000000002,4.672100000000003,1.149300000000001,False,,,,,,,,,,,,,,,,,10.0,9.0,1.0,True
scaffold_property_retrieval,mpair_00002471_cond_00_3p,mpair_00002471,eval,3,"MW,TPSA,RB",CN(C)CCCOc1cc(C(=O)Nc2ccc(Cl)cc2F)n(Cc2ccccc2)n1,COc1cc(NC(=O)c2cc(OCCCN(C)C)nn2Cc2ccccc2)cc(OC)c1OC,CN(C)CCCOc1cc(C(=O)Nc2ccc(Cl)cc2F)n(Cc2ccccc2)n1,O=C(Nc1ccccc1)c1ccnn1Cc1ccccc1,O=C(Nc1ccccc1)c1ccnn1Cc1ccccc1,True,False,False,source_identity,1.0,0.6376811594202898,468.5540000000002,430.9110000000001,37.643000000000086,False,,,,,,,,,87.08000000000001,59.39,27.690000000000012,False,,,,,,,,,12.0,9.0,3.0,False
scaffold_property_retrieval,mpair_00002477_cond_02_3p,mpair_00002477,eval,3,"QED,HBA,RB",CN(C)CCCOc1cc(C(=O)Nc2cc(F)cc(C(F)(F)F)c2)n(Cc2ccccc2)n1,CN(C)CCCOc1cc(C(=O)Nc2ccc(OC(F)(F)F)cc2)n(Cc2ccccc2)n1,CN(C)CCCOc1cc(C(=O)Nc2cc(F)cc(C(F)(F)F)c2)n(Cc2ccccc2)n1,O=C(Nc1ccccc1)c1ccnn1Cc1ccccc1,O=C(Nc1ccccc1)c1ccnn1Cc1ccccc1,True,True,True,source_identity,1.0,0.7101449275362319,,,,,,,,,0.4522382232340766,0.369385517709234,0.08285270552484258,True,,,,,,,,,6.0,5.0,1.0,True,10.0,9.0,1.0,True
scaffold_property_retrieval,mpair_00002481_cond_00_3p,mpair_00002481,eval,3,"LogP,TPSA,RB",COc1cc(NC(=O)c2cc(OCCCN(C)C)nn2Cc2ccccc2)cc(OC)c1OC,CN(C)CCCOc1cc(C(=O)Nc2cc(F)cc(C(F)(F)F)c2)n(Cc2ccccc2)n1,COc1cc(NC(=O)c2cc(OCCCN(C)C)nn2Cc2ccccc2)cc(OC)c1OC,O=C(Nc1ccccc1)c1ccnn1Cc1ccccc1,O=C(Nc1ccccc1)c1ccnn1Cc1ccccc1,True,False,False,source_identity,1.0,0.6811594202898551,,,,,4.672100000000003,3.5400000000000027,1.1321000000000003,False,,,,,59.39,87.08000000000001,27.690000000000012,False,,,,,,,,,9.0,12.0,3.0,False
scaffold_property_retrieval,mpair_00002485_cond_01_3p,mpair_00002485,eval,3,"LogP,TPSA,HBA",CN(C)CCCOc1cc(C(=O)Nc2cc(F)cc(C(F)(F)F)c2)n(Cc2ccccc2)n1,COc1cc(NC(=O)c2cc(OCCCN(C)C)nn2Cc2ccccc2)cc(OC)c1OC,CN(C)CCCOc1cc(C(=O)Nc2cc(F)cc(C(F)(F)F)c2)n(Cc2ccccc2)n1,O=C(Nc1ccccc1)c1ccnn1Cc1ccccc1,O=C(Nc1ccccc1)c1ccnn1Cc1ccccc1,True,False,False,source_identity,1.0,0.6811594202898551,,,,,3.5400000000000027,4.672100000000003,1.1321000000000003,False,,,,,87.08000000000001,59.39,27.690000000000012,False,,,,,8.0,5.0,3.0,False,,,,
scaffold_property_retrieval,mpair_00002490_cond_00_3p,mpair_00002490,eval,3,"LogP,TPSA,HBA",CCOC(=O)c1cc(C(C)O)cn1S(=O)(=O)c1cc(Cl)ccc1N,C=Cc1cc(C(=O)OCC)n(S(=O)(=O)c2cc(Cl)ccc2N)c1,N/C(S)=N/N=C/c1cccn1S(=O)(=O)c1ccccc1,O=S(=O)(c1ccccc1)n1cccc1,O=S(=O)(c1ccccc1)n1cccc1,True,False,False,,0.14473684210526316,0.16,,,,,2.7804,1.3035,1.4769,False,,,,,91.39,89.81,1.5799999999999983,True,,,,,6.0,5.0,1.0,True,,,,
scaffold_property_retrieval,mpair_00002500_cond_01_3p,mpair_00002500,eval,3,"MW,QED,RB",O=C1C(Nc2ccc(Br)cc2)=C(Cl)C(=O)c2ncncc21,CCc1ccc(NC2=C(Cl)C(=O)c3ncncc3C2=O)cc1,O=C1C(Nc2cccc(Cl)c2)=C(Cl)C(=O)c2ncncc21,O=C1C(Nc2ccccc2)=CC(=O)c2ncncc21,O=C1C(Nc2ccccc2)=CC(=O)c2ncncc21,True,True,True,,0.6521739130434783,0.6122448979591837,313.744,320.135,6.390999999999963,True,,,,,0.9428073960459649,0.9205249949064266,0.022282401139538277,True,,,,,,,,,,,,,3.0,2.0,1.0,True
scaffold_property_retrieval,mpair_00002503_cond_02_3p,mpair_00002503,eval,3,"MW,QED,RB",CCc1ccc(NC2=C(Cl)C(=O)c3ncncc3C2=O)cc1,O=C1C(Nc2ccc(Br)cc2)=C(Cl)C(=O)c2ncncc21,O=C1C(Nc2cccc(Cl)c2)=C(Cl)C(=O)c2ncncc21,O=C1C(Nc2ccccc2)=CC(=O)c2ncncc21,O=C1C(Nc2ccccc2)=CC(=O)c2ncncc21,True,False,False,,0.6122448979591837,0.6521739130434783,364.58600000000007,320.135,44.45100000000008,False,,,,,0.885902971993687,0.9205249949064266,0.034622022912739636,True,,,,,,,,,,,,,2.0,2.0,0.0,True
scaffold_property_retrieval,mpair_00002509_cond_02_3p,mpair_00002509,eval,3,"LogP,QED,TPSA",CSc1cc(-c2ccc(Br)cc2)oc(=O)c1C#N,CSc1cc(-c2ccc(Br)cc2)oc(=O)c1Br,CSc1cc(-c2ccc(F)cc2)oc(=O)c1,O=c1cccc(-c2ccccc2)o1,O=c1cccc(-c2ccccc2)o1,True,False,False,,0.3469387755102041,0.38636363636363635,,,,,4.553700000000002,3.1678000000000024,1.3858999999999995,False,0.7207772389894862,0.7501191134076561,0.029341874418169933,True,30.21,30.21,0.0,True,,,,,,,,,,,,
scaffold_property_retrieval,mpair_00002533_cond_00_3p,mpair_00002533,eval,3,"LogP,TPSA,HBA",CSc1cc(-c2ccc(Br)cc2)oc(=O)c1C#N,CSc1cc(-c2ccc(Cl)cc2)oc(=O)c1Br,CSc1cc(-c2ccc(F)cc2)oc(=O)c1,O=c1cccc(-c2ccccc2)o1,O=c1cccc(-c2ccccc2)o1,True,False,False,,0.3469387755102041,0.3695652173913043,,,,,4.444600000000001,3.1678000000000024,1.2767999999999988,False,,,,,30.21,30.21,0.0,True,,,,,3.0,3.0,0.0,True,,,,
scaffold_property_retrieval,mpair_00002557_cond_02_3p,mpair_00002557,eval,3,"LogP,QED,HBA",CSc1nc(-c2ccc(C)cc2)nn1C(=O)N(C)c1ccccc1,CSc1nc(-c2ccc(OC(F)(F)F)cc2)nn1C(=O)N(C)c1ccccc1,CSc1nc(-c2ccc(C)cc2)nn1C(=O)N(C)c1ccccc1,O=C(Nc1ccccc1)n1cnc(-c2ccccc2)n1,O=C(Nc1ccccc1)n1cnc(-c2ccccc2)n1,True,True,True,source_identity,1.0,0.7169811320754716,,,,,4.670100000000003,4.079920000000002,0.590180000000001,True,0.5874043626188404,0.6753188675979567,0.08791450497911624,True,,,,,,,,,6.0,5.0,1.0,True,,,,
scaffold_property_retrieval,mpair_00002564_cond_01_3p,mpair_00002564,eval,3,"LogP,QED,HBA",CSc1nc(-c2ccc(OC(F)(F)F)cc2)nn1C(=O)N(C)c1ccccc1,CN(C(=O)n1nc(-c2ccc(Cl)cc2)nc1SCC(F)(F)F)c1ccccc1,CSc1nc(-c2ccc(OC(F)(F)F)cc2)nn1C(=O)N(C)c1ccccc1,O=C(Nc1ccccc1)n1cnc(-c2ccccc2)n1,O=C(Nc1ccccc1)n1cnc(-c2ccccc2)n1,True,True,True,source_identity,1.0,0.5967741935483871,,,,,5.357400000000003,4.670100000000003,0.6872999999999996,True,0.5270344401044634,0.5874043626188404,0.060369922514377006,True,,,,,,,,,5.0,6.0,1.0,True,,,,
scaffold_property_retrieval,mpair_00002572_cond_02_3p,mpair_00002572,eval,3,"HBD,HBA,RB",COc1cc(C(=O)N2CCN(C(=O)c3cc(OC)c(OC)c(OC)c3)C(CO)C2)cc(OC)c1OC,COc1cc(C(=O)N2CCN(C(=O)c3cc(OC)c(OC)c(OC)c3)C(COC(=O)CC(C)(C)C)C2)cc(OC)c1OC,COc1cc(C(=O)N2CCN(C(=O)c3cc(OC)c(OC)c(OC)c3)C(CO)C2)cc(OC)c1OC,O=C(c1ccccc1)N1CCN(C(=O)c2ccccc2)CC1,O=C(c1ccccc1)N1CCN(C(=O)c2ccccc2)CC1,True,False,False,source_identity,1.0,0.6792452830188679,,,,,,,,,,,,,,,,,0.0,1.0,1.0,True,10.0,9.0,1.0,True,11.0,9.0,2.0,False
scaffold_property_retrieval,mpair_00002583_cond_01_3p,mpair_00002583,eval,3,"MW,LogP,QED",CCN(CC)C(=O)OCC1CN(C(=O)c2cc(OC)c(OC)c(OC)c2)CCN1C(=O)c1cc(OC)c(OC)c(OC)c1,COc1cc(C(=O)N2CCN(C(=O)c3cc(OC)c(OC)c(OC)c3)C(CO)C2)cc(OC)c1OC,CCN(CC)C(=O)OCC1CN(C(=O)c2cc(OC)c(OC)c(OC)c2)CCN1C(=O)c1cc(OC)c(OC)c(OC)c1,O=C(c1ccccc1)N1CCN(C(=O)c2ccccc2)CC1,O=C(c1ccccc1)N1CCN(C(=O)c2ccccc2)CC1,True,False,False,source_identity,1.0,0.6792452830188679,504.53600000000034,603.6690000000003,99.13299999999998,False,1.6973000000000003,3.1834000000000024,1.4861000000000022,False,0.544633228323374,0.3571777118480848,0.18745551647528924,False,,,,,,,,,,,,,,,,
scaffold_property_retrieval,mpair_00002588_cond_00_3p,mpair_00002588,eval,3,"MW,QED,RB",COc1cc(C(=O)N2CCN(C(=O)c3cc(OC)c(OC)c(OC)c3)CC2)cc(OC)c1OC,CCN(CC)C(=O)OCC1CN(C(=O)c2cc(OC)c(OC)c(OC)c2)CCN1C(=O)c1cc(OC)c(OC)c(OC)c1,COc1cc(C(=O)N2CCN(C(=O)c3cc(OC)c(OC)c(OC)c3)CC2)cc(OC)c1OC,O=C(c1ccccc1)N1CCN(C(=O)c2ccccc2)CC1,O=C(c1ccccc1)N1CCN(C(=O)c2ccccc2)CC1,True,False,False,source_identity,1.0,0.52,603.6690000000003,474.51000000000033,129.159,False,,,,,0.3571777118480848,0.5754127815390553,0.2182350696909705,False,,,,,,,,,,,,,12.0,8.0,4.0,False
scaffold_property_retrieval,mpair_00002594_cond_01_3p,mpair_00002594,eval,3,"MW,LogP,RB",CCN(CC)C(=O)OCC1CN(C(=O)c2cc(OC)c(OC)c(OC)c2)CCN1C(=O)c1cc(OC)c(OC)c(OC)c1,COc1cc(C(=O)N2CCN(C(=O)c3cc(OC)c(OC)c(OC)c3)C(COC(C)=O)C2)cc(OC)c1OC,CCN(CC)C(=O)OCC1CN(C(=O)c2cc(OC)c(OC)c(OC)c2)CCN1C(=O)c1cc(OC)c(OC)c(OC)c1,O=C(c1ccccc1)N1CCN(C(=O)c2ccccc2)CC1,O=C(c1ccccc1)N1CCN(C(=O)c2ccccc2)CC1,True,False,False,source_identity,1.0,0.7547169811320755,546.5730000000003,603.6690000000003,57.096000000000004,False,2.2681000000000004,3.1834000000000024,0.915300000000002,True,,,,,,,,,,,,,,,,,10.0,12.0,2.0,False
scaffold_property_retrieval,mpair_00002600_cond_01_3p,mpair_00002600,eval,3,"MW,QED,RB",COc1ccc(C(=O)Nc2ccncc2Cl)c2cccnc12,CCc1ccc2c(C(=O)Nc3c(Cl)cncc3Cl)ccc(OC)c2n1,COc1ccc(C(=O)Nc2ccncc2Cl)c2cccnc12,O=C(Nc1ccncc1)c1cccc2ncccc12,O=C(Nc1ccncc1)c1cccc2ncccc12,True,False,False,source_identity,1.0,0.5,376.2430000000001,313.744,62.49900000000008,False,,,,,0.7131894410136064,0.8029165077767629,0.08972706676315656,True,,,,,,,,,,,,,4.0,3.0,1.0,True
scaffold_property_retrieval,mpair_00002603_cond_01_3p,mpair_00002603,eval,3,"LogP,TPSA,HBA",COc1ccc(C(=O)Nc2c(Cl)cncc2Cl)c2ccc(C(C)O)nc12,CCc1ccc2c(C(=O)Nc3c(Cl)cncc3Cl)ccc(OC)c2n1,COc1ccc(C(=O)Nc2c(Cl)cncc2Cl)c2ccc(C(C)O)nc12,O=C(Nc1ccncc1)c1cccc2ncccc12,O=C(Nc1ccncc1)c1cccc2ncccc12,True,False,False,source_identity,1.0,0.6964285714285714,,,,,4.759900000000003,4.2508000000000035,0.5090999999999992,True,,,,,64.11,84.34,20.230000000000004,False,,,,,4.0,5.0,1.0,True,,,,
scaffold_property_retrieval,mpair_00002610_cond_00_3p,mpair_00002610,eval,3,"LogP,TPSA,HBA",CCc1ccc2c(C(=O)Nc3c(Cl)cncc3Cl)ccc(OC)c2n1,COc1ccc(C(=O)Nc2c(Cl)cncc2Cl)c2ccc(C(C)O)nc12,CCc1ccc2c(C(=O)Nc3c(Cl)cncc3Cl)ccc(OC)c2n1,O=C(Nc1ccncc1)c1cccc2ncccc12,O=C(Nc1ccncc1)c1cccc2ncccc12,True,False,False,source_identity,1.0,0.6964285714285714,,,,,4.2508000000000035,4.759900000000003,0.5090999999999992,True,,,,,84.34,64.11,20.230000000000004,False,,,,,5.0,4.0,1.0,True,,,,
scaffold_property_retrieval,mpair_00002616_cond_00_3p,mpair_00002616,eval,3,"TPSA,HBA,RB",COc1ccc(C(=O)Nc2c(F)cncc2F)c2ccc(C(F)(F)F)nc12,COc1ccc(C(=O)Nc2c(Cl)cncc2Cl)c2ccc(C(C)=O)nc12,COc1ccc(C(=O)Nc2c(F)cncc2F)c2ccc(C(F)(F)F)nc12,O=C(Nc1ccncc1)c1cccc2ncccc12,O=C(Nc1ccncc1)c1cccc2ncccc12,True,True,True,source_identity,1.0,0.55,,,,,,,,,,,,,81.17999999999999,64.11,17.069999999999993,True,,,,,5.0,4.0,1.0,True,4.0,3.0,1.0,True
scaffold_property_retrieval,mpair_00002620_cond_02_3p,mpair_00002620,eval,3,"LogP,QED,RB",CCc1ccc2c(C(=O)Nc3c(Cl)cncc3Cl)ccc(OC)c2n1,COc1ccc(C(=O)Nc2c(Cl)cncc2Cl)c2cccnc12,CCc1ccc2c(C(=O)Nc3c(Cl)cncc3Cl)ccc(OC)c2n1,O=C(Nc1ccncc1)c1cccc2ncccc12,O=C(Nc1ccncc1)c1cccc2ncccc12,True,True,True,source_identity,1.0,0.6545454545454545,,,,,4.1975000000000025,4.759900000000003,0.5624000000000002,True,0.7706046174674384,0.7131894410136064,0.057415176453831984,True,,,,,,,,,,,,,3.0,4.0,1.0,True
scaffold_property_retrieval,mpair_00002628_cond_01_3p,mpair_00002628,eval,3,"LogP,TPSA,HBA",CC(C)[C@@H](O)C(=O)N1C[C@H](c2ccccc2)C[C@H]1C(=O)N[C@@H](CC(F)F)C(=O)NCCc1c(F)cc(C(=O)O)cc1F,CC(C)CC(=O)N1C[C@H](c2ccccc2)C[C@H]1C(=O)N[C@@H](CC(F)F)C(=O)NCCc1c(F)cc(C(=O)O)cc1F,CC(C)[C@@H](O)C(=O)N1C[C@H](c2ccccc2)C[C@H]1C(=O)N[C@@H](CC(F)F)C(=O)NCCc1c(F)cc(C(=O)O)cc1F,O=C(CNC(=O)[C@@H]1C[C@@H](c2ccccc2)CN1)NCCc1ccccc1,O=C(CNC(=O)[C@@H]1C[C@@H](c2ccccc2)CN1)NCCc1ccccc1,True,False,False,source_identity,1.0,0.7916666666666666,,,,,3.892500000000002,2.8633000000000006,1.0292000000000012,False,,,,,115.81000000000002,136.04,20.229999999999976,False,,,,,4.0,5.0,1.0,True,,,,
scaffold_property_retrieval,mpair_00003114_cond_02_3p,mpair_00003114,eval,3,"MW,LogP,RB",CCCCc1nnc2nc(C)c(C)c(=O)n2n1,Cc1nc2nncnn2c(=O)c1C,CCCCc1nnc2nc(C)c(C)c(=O)n2n1,O=c1ccnc2nncnn12,O=c1ccnc2nncnn12,True,False,False,source_identity,1.0,0.4418604651162791,177.167,233.275,56.108000000000004,False,-0.5036600000000002,0.8389399999999998,1.3426,False,,,,,,,,,,,,,,,,,0.0,3.0,3.0,False
scaffold_property_retrieval,mpair_00003201_cond_02_3p,mpair_00003201,eval,3,"HBD,HBA,RB",O=C(O)c1ccc(NCCCCCCc2cccs2)cc1,CCOC(=O)c1ccc(NCCCCCCc2cccs2)cc1,O=C(O)c1ccc(NCCCCCCc2cccs2)cc1,c1ccc(NCCCCCCc2cccs2)cc1,c1ccc(NCCCCCCc2cccs2)cc1,True,True,True,source_identity,1.0,0.7021276595744681,,,,,,,,,,,,,,,,,1.0,2.0,1.0,True,4.0,3.0,1.0,True,10.0,9.0,1.0,True
scaffold_property_retrieval,mpair_00003207_cond_02_3p,mpair_00003207,eval,3,"MW,LogP,HBA",Cc1cc(-n2ncc(=O)[nH]c2=O)ccc1S(=O)(=O)N1CCN(C=O)CC1,CCOC(=O)N1CCN(S(=O)(=O)c2ccc(-n3ncc(=O)[nH]c3=O)cc2Cl)CC1,Cc1cc(-n2ncc(=O)[nH]c2=O)ccc1S(=O)(=O)N1CCN(C=O)CC1,O=c1cnn(-c2ccc(S(=O)(=O)N3CCNCC3)cc2)c(=O)[nH]1,O=c1cnn(-c2ccc(S(=O)(=O)N3CCNCC3)cc2)c(=O)[nH]1,True,False,False,source_identity,1.0,0.5625,443.86900000000026,379.39800000000025,64.471,False,0.037000000000000144,-1.3080799999999981,1.3450799999999983,False,,,,,,,,,,,,,8.0,7.0,1.0,True,,,,
scaffold_property_retrieval,mpair_00003219_cond_00_3p,mpair_00003219,eval,3,"MW,LogP,QED",COc1ccc(S(=O)(=O)N(Cc2cccnc2)c2c(C)cccc2C(=O)NO)cc1,COc1ccc(S(=O)(=O)N(Cc2cccnc2)c2c(C)cc(Br)cc2C(=O)NO)cc1,COc1ccc(S(=O)(=O)N(Cc2cccnc2)c2c(C)cccc2C(=O)NO)cc1,O=S(=O)(c1ccccc1)N(Cc1cccnc1)c1ccccc1,O=S(=O)(c1ccccc1)N(Cc1cccnc1)c1ccccc1,True,False,False,source_identity,1.0,0.819672131147541,506.37800000000016,427.48200000000014,78.89600000000002,False,3.675620000000001,2.91312,0.7625000000000011,True,0.3740614499694089,0.44330794633881315,0.06924649636940428,True,,,,,,,,,,,,,,,,
scaffold_property_retrieval,mpair_00003221_cond_01_3p,mpair_00003221,eval,3,"MW,LogP,TPSA",COc1ccc(S(=O)(=O)N(Cc2cccnc2)c2c(C)cccc2C(=O)NO)cc1,COC(=O)c1cccc(C(=O)NO)c1N(Cc1cccnc1)S(=O)(=O)c1ccc(OC)cc1,COc1ccc(S(=O)(=O)N(Cc2cccnc2)c2c(C)cccc2C(=O)NO)cc1,O=S(=O)(c1ccccc1)N(Cc1cccnc1)c1ccccc1,O=S(=O)(c1ccccc1)N(Cc1cccnc1)c1ccccc1,True,False,False,source_identity,1.0,0.8333333333333334,471.49100000000016,427.48200000000014,44.009000000000015,False,2.391300000000001,2.91312,0.5218199999999991,True,,,,,135.13,108.83000000000001,26.299999999999983,False,,,,,,,,,,,,
scaffold_property_retrieval,mpair_00003530_cond_02_3p,mpair_00003530,eval,3,"MW,QED,RB",CCOC(=O)C(C)Oc1cccc(N(Cc2cccnc2)S(=O)(=O)CC(F)(F)F)c1,CC(C)COc1cccc(N(Cc2cccnc2)S(=O)(=O)CC(F)(F)F)c1,CCOC(=O)C(C)Oc1cccc(N(Cc2cccnc2)S(=O)(=O)CC(F)(F)F)c1,c1ccc(NCc2cccnc2)cc1,c1ccc(NCc2cccnc2)cc1,True,False,False,source_identity,1.0,0.6984126984126984,402.43800000000005,446.4470000000001,44.00900000000007,False,,,,,0.6693605971809802,0.5496815697636838,0.11967902741729641,False,,,,,,,,,,,,,8.0,9.0,1.0,True
scaffold_property_retrieval,mpair_00003539_cond_00_3p,mpair_00003539,eval,3,"TPSA,HBA,RB",O=S(=O)(CC(F)(F)F)N(Cc1cccnc1)c1cccc(OC(F)(F)F)c1,CCOC(=O)C(C)Oc1cccc(N(Cc2cccnc2)S(=O)(=O)CC(F)(F)F)c1,O=S(=O)(CC(F)(F)F)N(Cc1cccnc1)c1cccc(OC(F)(F)F)c1,c1ccc(NCc2cccnc2)cc1,c1ccc(NCc2cccnc2)cc1,True,False,False,source_identity,1.0,0.6885245901639344,,,,,,,,,,,,,85.80000000000001,59.5,26.30000000000001,False,,,,,6.0,4.0,2.0,False,9.0,6.0,3.0,False
scaffold_property_retrieval,mpair_00003545_cond_00_3p,mpair_00003545,eval,3,"LogP,QED,RB",CCCC(C)Oc1cccc(N(Cc2cccnc2)S(=O)(=O)CC(F)(F)F)c1,CC(C)Oc1cccc(N(Cc2cccnc2)S(=O)(=O)CC(F)(F)F)c1,CCCC(C)Oc1cccc(N(Cc2cccnc2)S(=O)(=O)CC(F)(F)F)c1,c1ccc(NCc2cccnc2)cc1,c1ccc(NCc2cccnc2)cc1,True,False,False,source_identity,1.0,0.8070175438596491,,,,,3.7675000000000027,4.547700000000003,0.7802000000000007,True,0.7245796953652621,0.6018859517288218,0.12269374363644037,False,,,,,,,,,,,,,7.0,9.0,2.0,False
scaffold_property_retrieval,mpair_00000010_cond_01_4p,mpair_00000010,eval,4,"LogP,QED,HBA,RB",O=C(c1ccccc1C(F)(F)F)N1C[C@H](CN2CCC(c3ccccc3)CC2)[C@@H](c2ccccc2)C1,COc1cccc(C(=O)N2C[C@H](CN3CCC(c4ccccc4)CC3)[C@@H](c3ccccc3)C2)c1,O=C(c1ccccc1C(F)(F)F)N1C[C@H](CN2CCC(c3ccccc3)CC2)[C@@H](c2ccccc2)C1,O=C(c1ccccc1)N1C[C@H](CN2CCC(c3ccccc3)CC2)[C@@H](c2ccccc2)C1,O=C(c1ccccc1)N1C[C@H](CN2CCC(c3ccccc3)CC2)[C@@H](c2ccccc2)C1,True,False,False,source_identity,1.0,0.578125,,,,,5.430600000000005,6.4408000000000065,1.010200000000001,False,0.49786269936596683,0.4092272471712491,0.08863545219471775,True,,,,,,,,,3.0,2.0,1.0,True,6.0,5.0,1.0,True
scaffold_property_retrieval,mpair_00000019_cond_02_4p,mpair_00000019,eval,4,"MW,TPSA,HBA,RB",CN1C2C=C(c3ccc(Cl)nc3)CC1CC2,COC(=O)C1=C(c2ccc(Cl)nc2)CC2CCC1N2C,C1=C(c2cccnc2)CC2CCC1N2,C1=C(c2cccnc2)CC2CCC1N2,C1=C(c2cccnc2)CC2CCC1N2,True,False,False,,0.2545454545454545,0.14925373134328357,292.76599999999996,186.258,106.50799999999995,False,,,,,,,,,42.43,24.92,17.509999999999998,True,,,,,4.0,2.0,2.0,False,2.0,1.0,1.0,True
scaffold_property_retrieval,mpair_00000324_cond_02_4p,mpair_00000324,eval,4,"MW,LogP,HBA,RB",CSC1=C(C(=O)O)N2C(=O)[C@@H](NC(=O)[C@H](N)c3ccccc3)[C@H]2CC1,N[C@@H](C(=O)N[C@@H]1C(=O)N2C(C(=O)O)=C(C(F)(F)F)CC[C@H]12)c1cccc(Br)c1,CSC1=C(C(=O)O)N2C(=O)[C@@H](NC(=O)[C@H](N)c3ccccc3)[C@H]2CC1,O=C(Cc1ccccc1)N[C@@H]1C(=O)N2C=CCC[C@H]12,O=C(Cc1ccccc1)N[C@@H]1C(=O)N2C=CCC[C@H]12,True,False,False,source_identity,1.0,0.5757575757575758,462.2220000000001,361.42300000000006,100.79900000000004,False,1.8392999999999997,0.8350000000000002,1.0042999999999995,False,,,,,,,,,,,,,4.0,5.0,1.0,True,4.0,5.0,1.0,True
scaffold_property_retrieval,mpair_00000334_cond_01_4p,mpair_00000334,eval,4,"MW,QED,HBD,RB",CSC1=C(C(=O)O)N2C(=O)[C@@H](NC(=O)[C@H](N)c3ccccc3)[C@H]2CC1,N[C@@H](C(=O)N[C@@H]1C(=O)N2C(C(=O)O)=C(C(F)(F)F)CC[C@H]12)c1ccc(O)cc1,CSC1=C(C(=O)O)N2C(=O)[C@@H](NC(=O)[C@H](N)c3ccccc3)[C@H]2CC1,O=C(Cc1ccccc1)N[C@@H]1C(=O)N2C=CCC[C@H]12,O=C(Cc1ccccc1)N[C@@H]1C(=O)N2C=CCC[C@H]12,True,False,False,source_identity,1.0,0.5873015873015873,399.3250000000001,361.42300000000006,37.902000000000044,False,,,,,0.5533729404309352,0.6699274889764619,0.11655454854552671,False,,,,,4.0,3.0,1.0,True,,,,,4.0,5.0,1.0,True
scaffold_property_retrieval,mpair_00000585_cond_02_4p,mpair_00000585,eval,4,"QED,TPSA,HBD,HBA",Cc1ccc(CCCC[C@@H]2N[C@@H](CO)[C@H](O)[C@H]2O)cc1,OC[C@@H]1N[C@@H](CCCCc2ccc(O)cc2)[C@H](O)[C@H]1O,Cc1ccc(CCCC[C@@H]2N[C@@H](CO)[C@H](O)[C@H]2O)cc1,c1ccc(CCCC[C@H]2CCCN2)cc1,c1ccc(CCCC[C@H]2CCCN2)cc1,True,False,False,source_identity,1.0,0.7567567567567568,,,,,,,,,0.47902706341404183,0.5802758268226561,0.10124876340861427,False,92.95,72.72,20.230000000000004,False,5.0,4.0,1.0,True,5.0,4.0,1.0,True,,,,
scaffold_property_retrieval,mpair_00000725_cond_01_4p,mpair_00000725,eval,4,"MW,LogP,HBD,RB",C=CCc1cc(/C=C2\SC(=O)NC2=O)c(OC)cc1OC1CCCCO1,C=CCc1cc(/C=C2\SC(=O)N(CC=C(C)C)C2=O)c(OC)cc1OC1CCCCO1,C=CCc1cc(/C=C2\SC(=O)NC2=O)c(OC)cc1OC1CCCCO1,O=C1NC(=O)/C(=C/c2ccc(OC3CCCCO3)cc2)S1,O=C1NC(=O)/C(=C/c2ccc(OC3CCCCO3)cc2)S1,True,False,False,source_identity,1.0,0.647887323943662,443.5650000000003,375.4460000000002,68.11900000000009,False,5.331600000000005,3.6530000000000022,1.678600000000003,False,,,,,,,,,0.0,1.0,1.0,True,,,,,8.0,6.0,2.0,False
scaffold_property_retrieval,mpair_00000733_cond_02_4p,mpair_00000733,eval,4,"MW,LogP,QED,RB",C=CCc1cc(/C=C2\SC(=O)N(CCCC)C2=O)c(OC)cc1OC1CCCCO1,C=CCc1cc(/C=C2\SC(=O)NC2=O)c(OC)cc1OC1CCCCO1,C=CCc1cc(/C=C2\SC(=O)N(CCCC)C2=O)c(OC)cc1OC1CCCCO1,O=C1NC(=O)/C(=C/c2ccc(OC3CCCCO3)cc2)S1,O=C1NC(=O)/C(=C/c2ccc(OC3CCCCO3)cc2)S1,True,False,False,source_identity,1.0,0.6571428571428571,375.4460000000002,431.55400000000026,56.10800000000006,False,3.6530000000000022,5.165500000000004,1.512500000000002,False,0.6042673504148035,0.39718598618589046,0.20708136422891305,False,,,,,,,,,,,,,6.0,9.0,3.0,False
scaffold_property_retrieval,mpair_00000753_cond_00_4p,mpair_00000753,eval,4,"MW,TPSA,HBA,RB",O=C1CCC[C@H]2OC[C@@H](Cc3c[nH]c4ccccc34)N12,COC(=O)C[C@@H]1CC(=O)N2[C@H](Cc3c[nH]c4ccccc34)CO[C@@H]2C1,O=C1CCC[C@H]2OC[C@@H](Cc3c[nH]c4ccccc34)N12,O=C1CCC[C@H]2OC[C@@H](Cc3c[nH]c4ccccc34)N12,O=C1CCC[C@H]2OC[C@@H](Cc3c[nH]c4ccccc34)N12,True,False,False,source_identity,1.0,0.578125,342.39500000000015,270.33200000000005,72.0630000000001,False,,,,,,,,,71.63000000000001,45.330000000000005,26.300000000000004,False,,,,,4.0,2.0,2.0,False,4.0,2.0,2.0,False
scaffold_property_retrieval,mpair_00001117_cond_01_4p,mpair_00001117,eval,4,"MW,HBD,HBA,RB",COc1ccc(N2CCN(CCC3c4ccccc4C(=O)N3C)CC2)cc1,O=C1NC(CCN2CCN(c3ccccc3)CC2)c2ccccc21,COc1ccc(N2CCN(CCC3c4ccccc4C(=O)N3C)CC2)cc1,O=C1NC(CCN2CCN(c3ccccc3)CC2)c2ccccc21,O=C1NC(CCN2CCN(c3ccccc3)CC2)c2ccccc21,True,False,False,source_identity,1.0,0.47368421052631576,321.4240000000001,365.47700000000015,44.053000000000054,False,,,,,,,,,,,,,1.0,0.0,1.0,True,3.0,4.0,1.0,True,4.0,5.0,1.0,True
scaffold_property_retrieval,mpair_00001123_cond_01_4p,mpair_00001123,eval,4,"MW,QED,HBA,RB",O=C1NC(CCN2CCN(c3ccccc3)CC2)c2ccccc21,COc1ccc(N2CCN(CCC3c4ccccc4C(=O)N3C)CC2)cc1,O=C1NC(CCN2CCN(c3ccccc3)CC2)c2ccccc21,O=C1NC(CCN2CCN(c3ccccc3)CC2)c2ccccc21,O=C1NC(CCN2CCN(c3ccccc3)CC2)c2ccccc21,True,False,False,source_identity,1.0,0.47368421052631576,365.47700000000015,321.4240000000001,44.053000000000054,False,,,,,0.8160326048332845,0.9403172855884846,0.12428468075520005,False,,,,,,,,,4.0,3.0,1.0,True,5.0,4.0,1.0,True
scaffold_property_retrieval,mpair_00001618_cond_01_4p,mpair_00001618,eval,4,"QED,TPSA,HBA,RB",CC1CC(C)(C)Nc2ccc3c(c21)COc1c(F)cc(F)cc1-3,CC1CC(C)(C)Nc2ccc3c(c21)COc1c-3cc(F)cc1[N+](=O)[O-],CC1CC(C)(C)Nc2ccc3c(c21)COc1c(F)cc(F)cc1-3,c1ccc2c(c1)OCc1c-2ccc2c1CCCN2,c1ccc2c(c1)OCc1c-2ccc2c1CCCN2,True,False,False,source_identity,1.0,0.7321428571428571,,,,,,,,,0.5855235809891088,0.719238819171056,0.1337152381819472,False,64.39999999999999,21.259999999999998,43.13999999999999,False,,,,,4.0,2.0,2.0,False,1.0,0.0,1.0,True
scaffold_property_retrieval,mpair_00002465_cond_01_4p,mpair_00002465,eval,4,"MW,QED,HBA,RB",CN(C)CCCOc1cc(C(=O)Nc2ccc(OC(F)(F)F)cc2)n(Cc2ccccc2)n1,CN(C)CCCOc1cc(C(=O)Nc2cccc(Cl)c2)n(Cc2ccccc2)n1,CN(C)CCCOc1cc(C(=O)Nc2ccc(OC(F)(F)F)cc2)n(Cc2ccccc2)n1,O=C(Nc1ccccc1)c1ccnn1Cc1ccccc1,O=C(Nc1ccccc1)c1ccnn1Cc1ccccc1,True,False,False,source_identity,1.0,0.696969696969697,412.9210000000001,462.4720000000001,49.55099999999999,False,,,,,0.5357556879239462,0.4522382232340766,0.08351746468986965,True,,,,,,,,,5.0,6.0,1.0,True,9.0,10.0,1.0,True
scaffold_property_retrieval,mpair_00002476_cond_00_4p,mpair_00002476,eval,4,"MW,QED,TPSA,HBA",CN(C)CCCOc1cc(C(=O)Nc2cccc(Cl)c2)n(Cc2ccccc2)n1,COc1cc(NC(=O)c2cc(OCCCN(C)C)nn2Cc2ccccc2)cc(OC)c1OC,CN(C)CCCOc1cc(C(=O)Nc2cccc(Cl)c2)n(Cc2ccccc2)n1,O=C(Nc1ccccc1)c1ccnn1Cc1ccccc1,O=C(Nc1ccccc1)c1ccnn1Cc1ccccc1,True,False,False,source_identity,1.0,0.71875,468.5540000000002,412.9210000000001,55.633000000000095,False,,,,,0.4069700768443977,0.5357556879239462,0.12878561107954856,False,87.08000000000001,59.39,27.690000000000012,False,,,,,8.0,5.0,3.0,False,,,,
scaffold_property_retrieval,mpair_00002488_cond_02_4p,mpair_00002488,eval,4,"LogP,TPSA,HBD,HBA",C=Cc1cc(C(=O)OCC)n(S(=O)(=O)c2cc(Cl)ccc2N)c1,CC(C)OC(=O)c1cc(CO)cn1S(=O)(=O)c1cc(Cl)ccc1N,N/C(S)=N/N=C/c1cccn1S(=O)(=O)c1ccccc1,O=S(=O)(c1ccccc1)n1cccc1,O=S(=O)(c1ccccc1)n1cccc1,True,False,False,,0.16,0.14666666666666667,,,,,2.0182,1.3035,0.7147000000000001,True,,,,,111.61999999999999,89.81,21.809999999999988,False,2.0,2.0,0.0,True,7.0,5.0,2.0,False,,,,
scaffold_property_retrieval,mpair_00002520_cond_02_4p,mpair_00002520,eval,4,"MW,QED,TPSA,RB",CSc1cc(-c2ccc(Br)cc2)oc(=O)c1C#N,CCOC(=O)c1c(SC)c(C#N)c(-c2ccc(Br)cc2)oc1=O,CSc1cc(-c2ccc(F)cc2)oc(=O)c1,O=c1cccc(-c2ccccc2)o1,O=c1cccc(-c2ccccc2)o1,True,False,False,,0.3469387755102041,0.203125,394.24600000000004,236.26699999999997,157.97900000000007,False,,,,,0.5791804088529054,0.7501191134076561,0.1709387045547507,False,80.30000000000001,30.21,50.09000000000001,False,,,,,,,,,4.0,2.0,2.0,False
scaffold_property_retrieval,mpair_00002554_cond_01_4p,mpair_00002554,eval,4,"QED,TPSA,HBA,RB",CSc1cc(-c2ccc(Cl)cc2)oc(=O)c1C(N)=O,CSc1cc(-c2ccc(Cl)cc2)oc(=O)c1,CSc1cc(-c2ccc(F)cc2)oc(=O)c1,O=c1cccc(-c2ccccc2)o1,O=c1cccc(-c2ccccc2)o1,True,True,True,,0.34,0.7142857142857143,,,,,,,,,0.7640571553591999,0.7501191134076561,0.0139380419515438,True,30.21,30.21,0.0,True,,,,,3.0,3.0,0.0,True,2.0,2.0,0.0,True
scaffold_property_retrieval,mpair_00002568_cond_00_4p,mpair_00002568,eval,4,"MW,LogP,TPSA,RB",COc1cc(C(=O)N2CCN(C(=O)c3cc(OC)c(OC)c(OC)c3)C(CO)C2)cc(OC)c1OC,COc1cc(C(=O)N2CCN(C(=O)c3cc(OC)c(OC)c(OC)c3)C(COC(=O)NCCC(C)C)C2)cc(OC)c1OC,COc1cc(C(=O)N2CCN(C(=O)c3cc(OC)c(OC)c(OC)c3)C(CO)C2)cc(OC)c1OC,O=C(c1ccccc1)N1CCN(C(=O)c2ccccc2)CC1,O=C(c1ccccc1)N1CCN(C(=O)c2ccccc2)CC1,True,False,False,source_identity,1.0,0.631578947368421,617.6960000000003,504.53600000000034,113.15999999999991,False,3.4773000000000023,1.6973000000000003,1.780000000000002,False,,,,,134.33,116.23000000000002,18.099999999999994,True,,,,,,,,,13.0,9.0,4.0,False
scaffold_property_retrieval,mpair_00002576_cond_00_4p,mpair_00002576,eval,4,"MW,LogP,QED,HBD",COc1cc(C(=O)N2CCN(C(=O)c3cc(OC)c(OC)c(OC)c3)C(COC(C)=O)C2)cc(OC)c1OC,COc1cc(C(=O)N2CCN(C(=O)c3cc(OC)c(OC)c(OC)c3)C(COC(=O)NCCC(C)C)C2)cc(OC)c1OC,COc1cc(C(=O)N2CCN(C(=O)c3cc(OC)c(OC)c(OC)c3)C(COC(C)=O)C2)cc(OC)c1OC,O=C(c1ccccc1)N1CCN(C(=O)c2ccccc2)CC1,O=C(c1ccccc1)N1CCN(C(=O)c2ccccc2)CC1,True,False,False,source_identity,1.0,0.7017543859649122,617.6960000000003,546.5730000000003,71.12299999999993,False,3.4773000000000023,2.2681000000000004,1.2092000000000018,False,0.3561059094946873,0.41028124355120477,0.05417533405651748,True,,,,,1.0,0.0,1.0,True,,,,,,,,
scaffold_property_retrieval,mpair_00002585_cond_00_4p,mpair_00002585,eval,4,"MW,QED,TPSA,HBA",COc1cc(C(=O)N2CCN(C(=O)c3cc(OC)c(OC)c(OC)c3)C(COC(C)=O)C2)cc(OC)c1OC,COc1cc(C(=O)N2CCN(C(=O)c3cc(OC)c(OC)c(OC)c3)CC2)cc(OC)c1OC,COc1cc(C(=O)N2CCN(C(=O)c3cc(OC)c(OC)c(OC)c3)C(COC(C)=O)C2)cc(OC)c1OC,O=C(c1ccccc1)N1CCN(C(=O)c2ccccc2)CC1,O=C(c1ccccc1)N1CCN(C(=O)c2ccccc2)CC1,True,False,False,source_identity,1.0,0.5777777777777777,474.51000000000033,546.5730000000003,72.06299999999999,False,,,,,0.5754127815390553,0.41028124355120477,0.16513153798785052,False,96.00000000000001,122.30000000000001,26.299999999999997,False,,,,,8.0,10.0,2.0,False,,,,
scaffold_property_retrieval,mpair_00002593_cond_00_4p,mpair_00002593,eval,4,"MW,TPSA,HBA,RB",COc1cc(C(=O)N2CCN(C(=O)c3cc(OC)c(OC)c(OC)c3)C(COC(=O)NCCC(C)C)C2)cc(OC)c1OC,COc1cc(C(=O)N2CCN(C(=O)c3cc(OC)c(OC)c(OC)c3)C(CO)C2)cc(OC)c1OC,COc1cc(C(=O)N2CCN(C(=O)c3cc(OC)c(OC)c(OC)c3)C(COC(=O)NCCC(C)C)C2)cc(OC)c1OC,O=C(c1ccccc1)N1CCN(C(=O)c2ccccc2)CC1,O=C(c1ccccc1)N1CCN(C(=O)c2ccccc2)CC1,True,False,False,source_identity,1.0,0.631578947368421,504.53600000000034,617.6960000000003,113.15999999999991,False,,,,,,,,,116.23000000000002,134.33,18.099999999999994,True,,,,,9.0,10.0,1.0,True,9.0,13.0,4.0,False
scaffold_property_retrieval,mpair_00002606_cond_01_4p,mpair_00002606,eval,4,"MW,HBD,HBA,RB",COc1ccc(C(=O)Nc2c(Cl)cncc2Cl)c2cccnc12,COc1ccc(C(=O)Nc2c(Cl)cncc2Cl)c2ccc(C(C)O)nc12,COc1ccc(C(=O)Nc2c(Cl)cncc2Cl)c2cccnc12,O=C(Nc1ccncc1)c1cccc2ncccc12,O=C(Nc1ccncc1)c1cccc2ncccc12,True,False,False,source_identity,1.0,0.6428571428571429,392.24200000000013,348.1890000000001,44.053000000000054,False,,,,,,,,,,,,,2.0,1.0,1.0,True,5.0,4.0,1.0,True,4.0,3.0,1.0,True
scaffold_property_retrieval,mpair_00002613_cond_00_4p,mpair_00002613,eval,4,"QED,TPSA,HBD,RB",COc1ccc(C(=O)Nc2ccncc2Cl)c2cccnc12,COc1ccc(C(=O)Nc2c(Cl)cncc2Cl)c2ccc(C(C)O)nc12,COc1ccc(C(=O)Nc2ccncc2Cl)c2cccnc12,O=C(Nc1ccncc1)c1cccc2ncccc12,O=C(Nc1ccncc1)c1cccc2ncccc12,True,False,False,source_identity,1.0,0.49206349206349204,,,,,,,,,0.6936033323496321,0.8029165077767629,0.10931317542713082,False,84.34,64.11,20.230000000000004,False,2.0,1.0,1.0,True,,,,,4.0,3.0,1.0,True
scaffold_property_retrieval,mpair_00002622_cond_01_4p,mpair_00002622,eval,4,"MW,LogP,QED,RB",CCc1ccc2c(C(=O)Nc3c(Cl)cncc3Cl)ccc(OC)c2n1,COc1ccc(C(=O)Nc2ccncc2Cl)c2cccnc12,CCc1ccc2c(C(=O)Nc3c(Cl)cncc3Cl)ccc(OC)c2n1,O=C(Nc1ccncc1)c1cccc2ncccc12,O=C(Nc1ccncc1)c1cccc2ncccc12,True,False,False,source_identity,1.0,0.5,313.744,376.2430000000001,62.49900000000008,False,3.544100000000002,4.759900000000003,1.2158000000000007,False,0.8029165077767629,0.7131894410136064,0.08972706676315656,True,,,,,,,,,,,,,3.0,4.0,1.0,True
scaffold_property_retrieval,mpair_00002629_cond_01_4p,mpair_00002629,eval,4,"TPSA,HBD,HBA,RB",CC(C)CC(=O)N1C[C@H](c2ccccc2)C[C@H]1C(=O)N[C@@H](CC(F)F)C(=O)NCCc1c(F)cc(C(=O)O)cc1F,CC(C)(C)[C@H](O)C(=O)N1C[C@H](c2ccccc2)C[C@H]1C(=O)N[C@@H](CC(F)F)C(=O)NCCc1c(F)cc(C(=O)O)cc1F,CC(C)CC(=O)N1C[C@H](c2ccccc2)C[C@H]1C(=O)N[C@@H](CC(F)F)C(=O)NCCc1c(F)cc(C(=O)O)cc1F,O=C(CNC(=O)[C@@H]1C[C@@H](c2ccccc2)CN1)NCCc1ccccc1,O=C(CNC(=O)[C@@H]1C[C@@H](c2ccccc2)CN1)NCCc1ccccc1,True,False,False,source_identity,1.0,0.7567567567567568,,,,,,,,,,,,,136.04,115.81000000000002,20.229999999999976,False,4.0,3.0,1.0,True,5.0,4.0,1.0,True,11.0,12.0,1.0,True
scaffold_property_retrieval,mpair_00003116_cond_02_4p,mpair_00003116,eval,4,"MW,TPSA,HBA,RB",COC(=O)c1cc2c([nH]1)C(=O)C=C1N(C(=O)OC(C)(C)C)CC3CC123,Cc1c[nH]c2c1C13CC1CN(C(=O)OC(C)(C)C)C3=CC2=O,COC(=O)c1cc2c([nH]1)C(=O)C=C1N(C(=O)OC(C)(C)C)CC3CC123,O=C1C=C2NCC3CC23c2cc[nH]c21,O=C1C=C2NCC3CC23c2cc[nH]c21,True,False,False,source_identity,1.0,0.5873015873015873,300.358,344.36700000000013,44.00900000000013,False,,,,,,,,,62.4,88.7,26.300000000000004,False,,,,,3.0,5.0,2.0,False,0.0,1.0,1.0,True
scaffold_property_retrieval,mpair_00003213_cond_00_4p,mpair_00003213,eval,4,"TPSA,HBD,HBA,RB",CC(C)NC(=O)c1ccc2c(Nc3ccc(Cl)cc3)nc(N3CCOCC3)nc2c1,Clc1ccc(Nc2nc(N3CCOCC3)nc3ccccc23)cc1,CC(C)NC(=O)c1ccc2c(Nc3ccc(Cl)cc3)nc(N3CCOCC3)nc2c1,c1ccc(Nc2nc(N3CCOCC3)nc3ccccc23)cc1,c1ccc(Nc2nc(N3CCOCC3)nc3ccccc23)cc1,True,False,False,source_identity,1.0,0.6,,,,,,,,,,,,,50.28,79.38000000000001,29.10000000000001,False,1.0,2.0,1.0,True,5.0,6.0,1.0,True,3.0,5.0,2.0,False
scaffold_property_retrieval,mpair_00003221_cond_00_4p,mpair_00003221,eval,4,"MW,QED,TPSA,RB",COc1ccc(S(=O)(=O)N(Cc2cccnc2)c2c(C)cccc2C(=O)NO)cc1,COC(=O)c1cccc(C(=O)NO)c1N(Cc1cccnc1)S(=O)(=O)c1ccc(OC)cc1,COc1ccc(S(=O)(=O)N(Cc2cccnc2)c2c(C)cccc2C(=O)NO)cc1,O=S(=O)(c1ccccc1)N(Cc1cccnc1)c1ccccc1,O=S(=O)(c1ccccc1)N(Cc1cccnc1)c1ccccc1,True,False,False,source_identity,1.0,0.8333333333333334,471.49100000000016,427.48200000000014,44.009000000000015,False,,,,,0.29046454626646695,0.44330794633881315,0.1528434000723462,False,135.13,108.83000000000001,26.299999999999983,False,,,,,,,,,8.0,7.0,1.0,True
scaffold_property_retrieval,mpair_00003532_cond_00_4p,mpair_00003532,eval,4,"LogP,QED,TPSA,HBA",CCOC(=O)C(C)Oc1cccc(N(Cc2cccnc2)S(=O)(=O)CC(F)(F)F)c1,CCCC(C)Oc1cccc(N(Cc2cccnc2)S(=O)(=O)CC(F)(F)F)c1,CCOC(=O)C(C)Oc1cccc(N(Cc2cccnc2)S(=O)(=O)CC(F)(F)F)c1,c1ccc(NCc2cccnc2)cc1,c1ccc(NCc2cccnc2)cc1,True,False,False,source_identity,1.0,0.746031746031746,,,,,4.547700000000003,3.3107000000000024,1.237000000000001,False,0.6018859517288218,0.5496815697636838,0.05220438196513799,True,59.5,85.80000000000001,26.30000000000001,False,,,,,4.0,6.0,2.0,False,,,,
scaffold_property_retrieval,mpair_00003536_cond_00_4p,mpair_00003536,eval,4,"MW,LogP,QED,RB",COc1cccc(N(Cc2cccnc2)S(=O)(=O)CC(F)(F)F)c1,CCC(C)COc1cccc(N(Cc2cccnc2)S(=O)(=O)CC(F)(F)F)c1,COc1cccc(N(Cc2cccnc2)S(=O)(=O)CC(F)(F)F)c1,c1ccc(NCc2cccnc2)cc1,c1ccc(NCc2cccnc2)cc1,True,False,False,source_identity,1.0,0.7413793103448276,416.4650000000001,360.3570000000001,56.108000000000004,False,4.405200000000004,2.988900000000002,1.4163000000000023,False,0.6078002459089881,0.7946521442277092,0.18685189831872118,False,,,,,,,,,,,,,9.0,6.0,3.0,False
scaffold_property_retrieval,mpair_00000004_cond_01_5p,mpair_00000004,eval,5,"MW,LogP,QED,HBA,RB",O=C(c1ccccc1Br)N1C[C@H](CN2CCC(c3ccccc3)CC2)[C@@H](c2ccccc2)C1,COc1cccc(C(=O)N2C[C@H](CN3CCC(c4ccccc4)CC3)[C@@H](c3ccccc3)C2)c1,O=C(c1ccccc1Br)N1C[C@H](CN2CCC(c3ccccc3)CC2)[C@@H](c2ccccc2)C1,O=C(c1ccccc1)N1C[C@H](CN2CCC(c3ccccc3)CC2)[C@@H](c2ccccc2)C1,O=C(c1ccccc1)N1C[C@H](CN2CCC(c3ccccc3)CC2)[C@@H](c2ccccc2)C1,True,False,False,source_identity,1.0,0.6065573770491803,454.61400000000015,503.48400000000026,48.87000000000012,False,5.430600000000005,6.184500000000006,0.7539000000000007,True,0.49786269936596683,0.41502650656849366,0.08283619279747317,True,,,,,,,,,3.0,2.0,1.0,True,6.0,5.0,1.0,True
scaffold_property_retrieval,mpair_00000326_cond_00_5p,mpair_00000326,eval,5,"MW,QED,TPSA,HBD,RB",N[C@@H](C(=O)N[C@@H]1C(=O)N2C(C(=O)O)=C(C(F)(F)F)CC[C@H]12)c1ccc(O)cc1,CSC1=C(C(=O)O)N2C(=O)[C@@H](NC(=O)[C@H](N)c3ccccc3)[C@H]2CC1,N[C@@H](C(=O)N[C@@H]1C(=O)N2C(C(=O)O)=C(C(F)(F)F)CC[C@H]12)c1ccc(O)cc1,O=C(Cc1ccccc1)N[C@@H]1C(=O)N2C=CCC[C@H]12,O=C(Cc1ccccc1)N[C@@H]1C(=O)N2C=CCC[C@H]12,True,False,False,source_identity,1.0,0.5873015873015873,361.42300000000006,399.3250000000001,37.902000000000044,False,,,,,0.6699274889764619,0.5533729404309352,0.11655454854552671,False,112.73,132.96,20.230000000000004,False,3.0,4.0,1.0,True,,,,,5.0,4.0,1.0,True
scaffold_property_retrieval,mpair_00000334_cond_00_5p,mpair_00000334,eval,5,"MW,QED,TPSA,HBD,RB",CSC1=C(C(=O)O)N2C(=O)[C@@H](NC(=O)[C@H](N)c3ccccc3)[C@H]2CC1,N[C@@H](C(=O)N[C@@H]1C(=O)N2C(C(=O)O)=C(C(F)(F)F)CC[C@H]12)c1ccc(O)cc1,CSC1=C(C(=O)O)N2C(=O)[C@@H](NC(=O)[C@H](N)c3ccccc3)[C@H]2CC1,O=C(Cc1ccccc1)N[C@@H]1C(=O)N2C=CCC[C@H]12,O=C(Cc1ccccc1)N[C@@H]1C(=O)N2C=CCC[C@H]12,True,False,False,source_identity,1.0,0.5873015873015873,399.3250000000001,361.42300000000006,37.902000000000044,False,,,,,0.5533729404309352,0.6699274889764619,0.11655454854552671,False,132.96,112.73,20.230000000000004,False,4.0,3.0,1.0,True,,,,,4.0,5.0,1.0,True
scaffold_property_retrieval,mpair_00000585_cond_00_5p,mpair_00000585,eval,5,"LogP,QED,TPSA,HBD,HBA",Cc1ccc(CCCC[C@@H]2N[C@@H](CO)[C@H](O)[C@H]2O)cc1,OC[C@@H]1N[C@@H](CCCCc2ccc(O)cc2)[C@H](O)[C@H]1O,Cc1ccc(CCCC[C@@H]2N[C@@H](CO)[C@H](O)[C@H]2O)cc1,c1ccc(CCCC[C@H]2CCCN2)cc1,c1ccc(CCCC[C@H]2CCCN2)cc1,True,False,False,source_identity,1.0,0.7567567567567568,,,,,0.15949999999999964,0.7623199999999992,0.6028199999999996,True,0.47902706341404183,0.5802758268226561,0.10124876340861427,False,92.95,72.72,20.230000000000004,False,5.0,4.0,1.0,True,5.0,4.0,1.0,True,,,,
scaffold_property_retrieval,mpair_00000733_cond_01_5p,mpair_00000733,eval,5,"MW,LogP,QED,HBD,RB",C=CCc1cc(/C=C2\SC(=O)N(CCCC)C2=O)c(OC)cc1OC1CCCCO1,C=CCc1cc(/C=C2\SC(=O)NC2=O)c(OC)cc1OC1CCCCO1,C=CCc1cc(/C=C2\SC(=O)N(CCCC)C2=O)c(OC)cc1OC1CCCCO1,O=C1NC(=O)/C(=C/c2ccc(OC3CCCCO3)cc2)S1,O=C1NC(=O)/C(=C/c2ccc(OC3CCCCO3)cc2)S1,True,False,False,source_identity,1.0,0.6571428571428571,375.4460000000002,431.55400000000026,56.10800000000006,False,3.6530000000000022,5.165500000000004,1.512500000000002,False,0.6042673504148035,0.39718598618589046,0.20708136422891305,False,,,,,1.0,0.0,1.0,True,,,,,6.0,9.0,3.0,False
scaffold_property_retrieval,mpair_00002468_cond_01_5p,mpair_00002468,eval,5,"MW,LogP,QED,HBA,RB",CN(C)CCCOc1cc(C(=O)Nc2cc(F)cc(C(F)(F)F)c2)n(Cc2ccccc2)n1,COc1ccc(NC(=O)c2cc(OCCCN(C)C)nn2Cc2ccccc2)cc1,CN(C)CCCOc1cc(C(=O)Nc2cc(F)cc(C(F)(F)F)c2)n(Cc2ccccc2)n1,O=C(Nc1ccccc1)c1ccnn1Cc1ccccc1,O=C(Nc1ccccc1)c1ccnn1Cc1ccccc1,True,False,False,source_identity,1.0,0.6764705882352942,408.50200000000007,464.4630000000001,55.96100000000001,False,3.522800000000002,4.672100000000003,1.149300000000001,False,0.5200250404910086,0.369385517709234,0.15063952278177462,False,,,,,,,,,6.0,5.0,1.0,True,10.0,9.0,1.0,True
scaffold_property_retrieval,mpair_00002508_cond_01_5p,mpair_00002508,eval,5,"LogP,QED,TPSA,HBD,RB",CSc1cc(-c2ccc(Br)cc2)oc(=O)c1C#N,CSc1cc(-c2ccc(Cl)cc2)oc(=O)c1C(N)=O,CSc1cc(-c2ccc(F)cc2)oc(=O)c1,O=c1cccc(-c2ccccc2)o1,O=c1cccc(-c2ccccc2)o1,True,False,False,,0.3469387755102041,0.34,,,,,2.7810000000000006,3.1678000000000024,0.3868000000000018,True,0.8837306867126842,0.7501191134076561,0.13361157330502804,False,73.30000000000001,30.21,43.09000000000001,False,1.0,0.0,1.0,True,,,,,3.0,2.0,1.0,True
scaffold_property_retrieval,mpair_00002525_cond_02_5p,mpair_00002525,eval,5,"LogP,QED,TPSA,HBD,RB",CSc1cc(-c2ccc(Cl)cc2)oc(=O)c1C(N)=O,CSc1cc(-c2ccc(Br)cc2)oc(=O)c1C#N,CSc1cc(-c2ccc(F)cc2)oc(=O)c1,O=c1cccc(-c2ccccc2)o1,O=c1cccc(-c2ccccc2)o1,True,False,False,,0.34,0.3469387755102041,,,,,3.662880000000002,3.1678000000000024,0.49507999999999974,True,0.791886779601309,0.7501191134076561,0.04176766619365291,True,54.0,30.21,23.79,False,0.0,0.0,0.0,True,,,,,2.0,2.0,0.0,True
scaffold_property_retrieval,mpair_00002565_cond_02_5p,mpair_00002565,eval,5,"MW,LogP,QED,HBA,RB",CSc1nc(-c2ccc(OC(F)(F)F)cc2)nn1C(=O)N(C)c1ccccc1,CSc1nc(-c2ccc(C)cc2)nn1C(=O)N(C)c1ccccc1,CSc1nc(-c2ccc(OC(F)(F)F)cc2)nn1C(=O)N(C)c1ccccc1,O=C(Nc1ccccc1)n1cnc(-c2ccccc2)n1,O=C(Nc1ccccc1)n1cnc(-c2ccccc2)n1,True,False,False,source_identity,1.0,0.7169811320754716,338.43600000000004,408.4050000000001,69.96900000000005,False,4.079920000000002,4.670100000000003,0.590180000000001,True,0.6753188675979567,0.5874043626188404,0.08791450497911624,True,,,,,,,,,5.0,6.0,1.0,True,3.0,4.0,1.0,True
scaffold_property_retrieval,mpair_00002587_cond_00_5p,mpair_00002587,eval,5,"LogP,TPSA,HBD,HBA,RB",COc1cc(C(=O)N2CCN(C(=O)c3cc(OC)c(OC)c(OC)c3)C(CO)C2)cc(OC)c1OC,COc1cc(C(=O)N2CCN(C(=O)c3cc(OC)c(OC)c(OC)c3)CC2)cc(OC)c1OC,COc1cc(C(=O)N2CCN(C(=O)c3cc(OC)c(OC)c(OC)c3)C(CO)C2)cc(OC)c1OC,O=C(c1ccccc1)N1CCN(C(=O)c2ccccc2)CC1,O=C(c1ccccc1)N1CCN(C(=O)c2ccccc2)CC1,True,False,False,source_identity,1.0,0.6341463414634146,,,,,2.3364000000000003,1.6973000000000003,0.6391,True,,,,,96.00000000000001,116.23000000000002,20.230000000000004,False,0.0,1.0,1.0,True,8.0,9.0,1.0,True,8.0,9.0,1.0,True
scaffold_property_retrieval,mpair_00002593_cond_02_5p,mpair_00002593,eval,5,"MW,LogP,QED,TPSA,HBA",COc1cc(C(=O)N2CCN(C(=O)c3cc(OC)c(OC)c(OC)c3)C(COC(=O)NCCC(C)C)C2)cc(OC)c1OC,COc1cc(C(=O)N2CCN(C(=O)c3cc(OC)c(OC)c(OC)c3)C(CO)C2)cc(OC)c1OC,COc1cc(C(=O)N2CCN(C(=O)c3cc(OC)c(OC)c(OC)c3)C(COC(=O)NCCC(C)C)C2)cc(OC)c1OC,O=C(c1ccccc1)N1CCN(C(=O)c2ccccc2)CC1,O=C(c1ccccc1)N1CCN(C(=O)c2ccccc2)CC1,True,False,False,source_identity,1.0,0.631578947368421,504.53600000000034,617.6960000000003,113.15999999999991,False,1.6973000000000003,3.4773000000000023,1.780000000000002,False,0.544633228323374,0.3561059094946873,0.18852731882868673,False,116.23000000000002,134.33,18.099999999999994,True,,,,,9.0,10.0,1.0,True,,,,
scaffold_property_retrieval,mpair_00002630_cond_01_5p,mpair_00002630,eval,5,"LogP,QED,TPSA,HBD,HBA",CC(C)CC(=O)N1C[C@H](c2ccccc2)C[C@H]1C(=O)N[C@@H](CC(F)F)C(=O)NCCc1c(F)cc(C(=O)O)cc1F,CC(C)[C@@H](O)C(=O)N1C[C@H](c2ccccc2)C[C@H]1C(=O)N[C@@H](CC(F)F)C(=O)NCCc1c(F)cc(C(=O)O)cc1F,CC(C)CC(=O)N1C[C@H](c2ccccc2)C[C@H]1C(=O)N[C@@H](CC(F)F)C(=O)NCCc1c(F)cc(C(=O)O)cc1F,O=C(CNC(=O)[C@@H]1C[C@@H](c2ccccc2)CN1)NCCc1ccccc1,O=C(CNC(=O)[C@@H]1C[C@@H](c2ccccc2)CN1)NCCc1ccccc1,True,False,False,source_identity,1.0,0.7916666666666666,,,,,2.8633000000000006,3.892500000000002,1.0292000000000012,False,0.2789053789646464,0.3302613314122171,0.051355952447570685,True,136.04,115.81000000000002,20.229999999999976,False,4.0,3.0,1.0,True,5.0,4.0,1.0,True,,,,
scaffold_property_retrieval,mpair_00003211_cond_00_5p,mpair_00003211,eval,5,"MW,LogP,HBD,HBA,RB",CC[C@H]1OC(=O)[C@H](C)[C@@H](OC(C)=O)[C@H](C)[C@@H](OC2O[C@H](C)C[C@H](N(C)C)C2O)[C@@](C)(OC)C[C@@H](C)C(=O)[C@H](C)[C@@H](O)[C@]1(C)O,CC[C@H]1OC(=O)[C@H](C)[C@@H](O)[C@H](C)[C@@H](OC2O[C@H](C)C[C@H](N(C)C)C2O)[C@@](C)(OC)C[C@@H](C)C(=O)[C@H](C)[C@@H](O)[C@]1(C)O,CC[C@H]1OC(=O)[C@H](C)[C@@H](OC(C)=O)[C@H](C)[C@@H](OC2O[C@H](C)C[C@H](N(C)C)C2O)[C@@](C)(OC)C[C@@H](C)C(=O)[C@H](C)[C@@H](O)[C@]1(C)O,O=C1CCCCOC(=O)CCC[C@@H](OC2CCCCO2)CCC1,O=C1CCCCOC(=O)CCC[C@@H](OC2CCCCO2)CCC1,True,False,False,source_identity,1.0,0.821917808219178,589.7670000000004,631.8040000000003,42.03699999999992,False,1.5145000000000022,2.0853000000000033,0.5708000000000011,True,,,,,,,,,4.0,3.0,1.0,True,11.0,12.0,1.0,True,5.0,6.0,1.0,True
scaffold_property_retrieval,mpair_00003537_cond_02_5p,mpair_00003537,eval,5,"MW,LogP,QED,TPSA,HBA",CC(C)COc1cccc(N(Cc2cccnc2)S(=O)(=O)CC(F)(F)F)c1,CCOC(=O)C(C)Oc1cccc(N(Cc2cccnc2)S(=O)(=O)CC(F)(F)F)c1,CC(C)COc1cccc(N(Cc2cccnc2)S(=O)(=O)CC(F)(F)F)c1,c1ccc(NCc2cccnc2)cc1,c1ccc(NCc2cccnc2)cc1,True,False,False,source_identity,1.0,0.6984126984126984,446.4470000000001,402.43800000000005,44.00900000000007,False,3.3107000000000024,4.015100000000003,0.7044000000000006,True,0.5496815697636838,0.6693605971809802,0.11967902741729641,False,85.80000000000001,59.5,26.30000000000001,False,,,,,6.0,4.0,2.0,False,,,,
scaffold_property_retrieval,mpair_00000754_cond_01_6p,mpair_00000754,eval,6,"MW,LogP,QED,TPSA,HBA,RB",COC(=O)C[C@@H]1CC(=O)N2[C@H](Cc3c[nH]c4ccccc34)CO[C@@H]2C1,CC[C@H]1CCC(=O)N2[C@H](Cc3c[nH]c4ccccc34)CO[C@H]12,COC(=O)C[C@@H]1CC(=O)N2[C@H](Cc3c[nH]c4ccccc34)CO[C@@H]2C1,O=C1CCC[C@H]2OC[C@@H](Cc3c[nH]c4ccccc34)N12,O=C1CCC[C@H]2OC[C@@H](Cc3c[nH]c4ccccc34)N12,True,False,False,source_identity,1.0,0.5072463768115942,298.3860000000001,342.39500000000015,44.00900000000007,False,3.0839000000000016,2.236999999999999,0.8469000000000024,True,0.9461815070706311,0.8651865286551231,0.08099497841550796,True,45.33,71.63000000000001,26.30000000000001,False,,,,,2.0,4.0,2.0,False,3.0,4.0,1.0,True
scaffold_property_retrieval,mpair_00002554_cond_00_6p,mpair_00002554,eval,6,"MW,QED,TPSA,HBD,HBA,RB",CSc1cc(-c2ccc(Cl)cc2)oc(=O)c1C(N)=O,CSc1cc(-c2ccc(Cl)cc2)oc(=O)c1,CSc1cc(-c2ccc(F)cc2)oc(=O)c1,O=c1cccc(-c2ccccc2)o1,O=c1cccc(-c2ccccc2)o1,True,True,True,,0.34,0.7142857142857143,252.72199999999998,236.26699999999997,16.455000000000013,True,,,,,0.7640571553591999,0.7501191134076561,0.0139380419515438,True,30.21,30.21,0.0,True,0.0,0.0,0.0,True,3.0,3.0,0.0,True,2.0,2.0,0.0,True
scaffold_property_retrieval,mpair_00002581_cond_02_6p,mpair_00002581,eval,6,"MW,LogP,QED,TPSA,HBA,RB",COc1cc(C(=O)N2CCN(C(=O)c3cc(OC)c(OC)c(OC)c3)C(COC(=O)CC(C)(C)C)C2)cc(OC)c1OC,COc1cc(C(=O)N2CCN(C(=O)c3cc(OC)c(OC)c(OC)c3)CC2)cc(OC)c1OC,COc1cc(C(=O)N2CCN(C(=O)c3cc(OC)c(OC)c(OC)c3)C(COC(=O)CC(C)(C)C)C2)cc(OC)c1OC,O=C(c1ccccc1)N1CCN(C(=O)c2ccccc2)CC1,O=C(c1ccccc1)N1CCN(C(=O)c2ccccc2)CC1,True,False,False,source_identity,1.0,0.52,474.51000000000033,602.6810000000004,128.17100000000005,False,2.3364000000000003,3.684400000000003,1.3480000000000025,False,0.5754127815390553,0.3521539372279048,0.2232588443111505,False,96.00000000000001,122.30000000000001,26.299999999999997,False,,,,,8.0,10.0,2.0,False,8.0,11.0,3.0,False
scaffold_property_retrieval,mpair_00002606_cond_02_6p,mpair_00002606,eval,6,"MW,QED,TPSA,HBD,HBA,RB",COc1ccc(C(=O)Nc2c(Cl)cncc2Cl)c2cccnc12,COc1ccc(C(=O)Nc2c(Cl)cncc2Cl)c2ccc(C(C)O)nc12,COc1ccc(C(=O)Nc2c(Cl)cncc2Cl)c2cccnc12,O=C(Nc1ccncc1)c1cccc2ncccc12,O=C(Nc1ccncc1)c1cccc2ncccc12,True,False,False,source_identity,1.0,0.6428571428571429,392.24200000000013,348.1890000000001,44.053000000000054,False,,,,,0.6936033323496321,0.7706046174674384,0.07700128511780624,True,84.34,64.11,20.230000000000004,False,2.0,1.0,1.0,True,5.0,4.0,1.0,True,4.0,3.0,1.0,True
scaffold_property_retrieval,mpair_00003213_cond_02_6p,mpair_00003213,eval,6,"MW,QED,TPSA,HBD,HBA,RB",CC(C)NC(=O)c1ccc2c(Nc3ccc(Cl)cc3)nc(N3CCOCC3)nc2c1,Clc1ccc(Nc2nc(N3CCOCC3)nc3ccccc23)cc1,CC(C)NC(=O)c1ccc2c(Nc3ccc(Cl)cc3)nc(N3CCOCC3)nc2c1,c1ccc(Nc2nc(N3CCOCC3)nc3ccccc23)cc1,c1ccc(Nc2nc(N3CCOCC3)nc3ccccc23)cc1,True,False,False,source_identity,1.0,0.6,340.81399999999996,425.92000000000024,85.10600000000028,False,,,,,0.784150666451108,0.6427710577069246,0.14137960874418343,False,50.28,79.38000000000001,29.10000000000001,False,1.0,2.0,1.0,True,5.0,6.0,1.0,True,3.0,5.0,2.0,False
scaffold_property_retrieval,mpair_00002511_cond_00_7p,mpair_00002511,eval,7,"MW,LogP,QED,TPSA,HBD,HBA,RB",CSc1cc(-c2ccc(Br)cc2)oc(=O)c1Br,CSc1cc(-c2ccc(Cl)cc2)oc(=O)c1C(N)=O,CSc1cc(-c2ccc(F)cc2)oc(=O)c1,O=c1cccc(-c2ccccc2)o1,O=c1cccc(-c2ccccc2)o1,True,False,False,,0.38636363636363635,0.34,295.747,236.26699999999997,59.48000000000005,False,2.7810000000000006,3.1678000000000024,0.3868000000000018,True,0.8837306867126842,0.7501191134076561,0.13361157330502804,False,73.30000000000001,30.21,43.09000000000001,False,1.0,0.0,1.0,True,4.0,3.0,1.0,True,3.0,2.0,1.0,True
scaffold_property_retrieval,mpair_00002551_cond_00_7p,mpair_00002551,eval,7,"MW,LogP,QED,TPSA,HBD,HBA,RB",CSc1cc(-c2ccc(Cl)cc2)oc(=O)c1C(N)=O,CSc1cc(-c2ccc(Br)cc2)oc(=O)c1Cl,CSc1cc(-c2ccc(F)cc2)oc(=O)c1,O=c1cccc(-c2ccccc2)o1,O=c1cccc(-c2ccccc2)o1,True,False,False,,0.34,0.3695652173913043,331.61800000000005,236.26699999999997,95.35100000000008,False,4.444600000000002,3.1678000000000024,1.2767999999999997,False,0.7618841288913727,0.7501191134076561,0.011765015483716557,True,30.21,30.21,0.0,True,0.0,0.0,0.0,True,3.0,3.0,0.0,True,2.0,2.0,0.0,True
edit_latent_source_similarity_rerank,mpair_00000002_cond_00_2p,mpair_00000002,eval,2,"LogP,QED",O=C(c1cccc(Cl)c1)N1C[C@H](CN2CCC(c3ccccc3)CC2)[C@@H](c2ccccc2)C1,O=C(c1ccccc1F)N1C[C@H](CN2CCC(c3ccccc3)CC2)[C@@H](c2ccccc2)C1,Cc1c(C(=O)NCc2ccc(Cl)cc2)nc2ccccc2c1-c1ccccc1F,O=C(c1ccccc1)N1C[C@H](CN2CCC(c3ccccc3)CC2)[C@@H](c2ccccc2)C1,O=C(NCc1ccccc1)c1cc(-c2ccccc2)c2ccccc2n1,False,True,False,,0.15476190476190477,0.175,,,,,5.561100000000006,5.932720000000003,0.3716199999999974,True,0.5164092889512721,0.45750071219824784,0.0589085767530243,True,,,,,,,,,,,,,,,,
edit_latent_source_similarity_rerank,mpair_00000004_cond_00_2p,mpair_00000004,eval,2,"LogP,RB",O=C(c1ccccc1Br)N1C[C@H](CN2CCC(c3ccccc3)CC2)[C@@H](c2ccccc2)C1,COc1cccc(C(=O)N2C[C@H](CN3CCC(c4ccccc4)CC3)[C@@H](c3ccccc3)C2)c1,Cc1c(C(=O)c2ccc(Br)c3ccccc23)c2ccccc2n1CCN1CCOCC1,O=C(c1ccccc1)N1C[C@H](CN2CCC(c3ccccc3)CC2)[C@@H](c2ccccc2)C1,O=C(c1cccc2ccccc12)c1cn(CCN2CCOCC2)c2ccccc12,False,True,False,,0.24,0.17857142857142858,,,,,5.430600000000005,5.428620000000006,0.0019799999999996487,True,,,,,,,,,,,,,,,,,6.0,5.0,1.0,True
edit_latent_source_similarity_rerank,mpair_00000007_cond_00_2p,mpair_00000007,eval,2,"LogP,QED",O=C(c1ccccc1F)N1C[C@H](CN2CCC(c3ccccc3)CC2)[C@@H](c2ccccc2)C1,O=C(c1cccc(Cl)c1)N1C[C@H](CN2CCC(c3ccccc3)CC2)[C@@H](c2ccccc2)C1,O=C(Cc1ccccc1)N1C[C@H](CN2CCC(c3ccccc3)CC2)[C@@H](c2ccccc2)C1,O=C(c1ccccc1)N1C[C@H](CN2CCC(c3ccccc3)CC2)[C@@H](c2ccccc2)C1,O=C(Cc1ccccc1)N1C[C@H](CN2CCC(c3ccccc3)CC2)[C@@H](c2ccccc2)C1,False,True,False,,0.6481481481481481,0.6140350877192983,,,,,6.075400000000006,5.3509000000000055,0.7245000000000008,True,0.4625029539066648,0.5178690393367604,0.055366085430095635,True,,,,,,,,,,,,,,,,
edit_latent_source_similarity_rerank,mpair_00000009_cond_01_2p,mpair_00000009,eval,2,"LogP,RB",COc1cccc(C(=O)N2C[C@H](CN3CCC(c4ccccc4)CC3)[C@@H](c3ccccc3)C2)c1,O=C(c1cccc(Cl)c1)N1C[C@H](CN2CCC(c3ccccc3)CC2)[C@@H](c2ccccc2)C1,CC[C@H](NC(=O)c1cc(-c2ccccc2)nc2ccccc12)c1ccccc1,O=C(c1ccccc1)N1C[C@H](CN2CCC(c3ccccc3)CC2)[C@@H](c2ccccc2)C1,O=C(NCc1ccccc1)c1cc(-c2ccccc2)nc2ccccc12,False,True,False,,0.14634146341463414,0.1375,,,,,6.075400000000006,5.782900000000005,0.2925000000000013,True,,,,,,,,,,,,,,,,,5.0,5.0,0.0,True
edit_latent_source_similarity_rerank,mpair_00000012_cond_02_2p,mpair_00000012,eval,2,"LogP,QED",O=C(c1ccccc1F)N1C[C@H](CN2CCC(c3ccccc3)CC2)[C@@H](c2ccccc2)C1,O=C(c1ccccc1Br)N1C[C@H](CN2CCC(c3ccccc3)CC2)[C@@H](c2ccccc2)C1,COC(=O)N(CC1CCCC1)C1CCN(C[C@H]2CN(C(=O)C3CCCCC3)C[C@@H]2c2ccccc2)CC1,O=C(c1ccccc1)N1C[C@H](CN2CCC(c3ccccc3)CC2)[C@@H](c2ccccc2)C1,O=C(C1CCCCC1)N1C[C@H](CN2CCC(NCC3CCCC3)CC2)[C@@H](c2ccccc2)C1,False,True,False,,0.4246575342465753,0.4246575342465753,,,,,6.184500000000006,5.531900000000006,0.6526000000000005,True,0.41502650656849366,0.4848700521072468,0.06984354553875316,True,,,,,,,,,,,,,,,,
edit_latent_source_similarity_rerank,mpair_00000021_cond_00_2p,mpair_00000021,eval,2,"MW,TPSA",N#Cc1ccc(COC[C@H]2C3CC(c4ccc(F)cc4)(CO3)[C@@H]2C/C=C/CCCC(=O)O)cc1,O=C(O)CCC/C=C/C[C@@H]1[C@@H](COCc2ccccc2)C2CC1(c1ccccc1)CO2,COc1cccc2c1CCC(N(C)CCCCNC(=O)c1ccc(-c3ccccc3)cc1)C2,c1ccc(COC[C@@H]2CC3(c4ccccc4)COC2C3)cc1,O=C(NCCCCNC1CCc2ccccc2C1)c1ccc(-c2ccccc2)cc1,False,True,False,,0.12962962962962962,0.15463917525773196,420.5490000000002,442.6030000000001,22.053999999999917,True,,,,,,,,,55.760000000000005,41.57,14.190000000000005,True,,,,,,,,,,,,
edit_latent_source_similarity_rerank,mpair_00000325_cond_02_2p,mpair_00000325,eval,2,"MW,LogP",N[C@@H](C(=O)N[C@@H]1C(=O)N2C(C(=O)O)=C(C(F)(F)F)CC[C@H]12)c1ccc(F)cc1,N[C@@H](C(=O)N[C@@H]1C(=O)N2C(C(=O)O)=C(C(F)(F)F)CC[C@H]12)c1cccc(C(F)(F)F)c1,CCOC(=O)CNC(=O)C1CCN(CCOc2ccc(Cc3ccccc3)cc2)CC1,O=C(Cc1ccccc1)N[C@@H]1C(=O)N2C=CCC[C@H]12,c1ccc(Cc2ccc(OCCN3CCCCC3)cc2)cc1,False,True,False,,0.14444444444444443,0.15053763440860216,451.3230000000001,424.54100000000017,26.781999999999925,True,2.0955999999999997,3.047500000000001,0.9519000000000015,True,,,,,,,,,,,,,,,,,,,,
edit_latent_source_similarity_rerank,mpair_00000336_cond_02_2p,mpair_00000336,eval,2,"MW,LogP",N[C@@H](C(=O)N[C@@H]1C(=O)N2C(C(=O)O)=C(C(F)(F)F)CC[C@H]12)c1cccc(Br)c1,N[C@@H](C(=O)N[C@@H]1C(=O)N2C(C(=O)O)=C(C(F)(F)F)CC[C@H]12)c1ccc(F)cc1,O=C(NO)c1ccccc1S(=O)(=O)N1CCC(c2ccccc2)CC1,O=C(Cc1ccccc1)N[C@@H]1C(=O)N2C=CCC[C@H]12,O=S(=O)(c1ccccc1)N1CCC(c2ccccc2)CC1,False,False,False,,0.189873417721519,0.16883116883116883,401.3160000000001,360.43500000000006,40.88100000000003,False,1.2158999999999993,2.373900000000001,1.1580000000000015,False,,,,,,,,,,,,,,,,,,,,
edit_latent_source_similarity_rerank,mpair_00000339_cond_00_2p,mpair_00000339,eval,2,"HBD,HBA",N[C@@H](C(=O)N[C@@H]1C(=O)N2C(C(=O)O)=C(C(F)(F)F)CC[C@H]12)c1cccc(C(F)(F)F)c1,N[C@@H](C(=O)N[C@@H]1C(=O)N2C(C(=O)O)=C(C(F)(F)F)CC[C@H]12)c1ccc(O)cc1,CC(=O)N1CCN(C(=O)C(Cc2cccc(C(=N)N)c2)NS(=O)(=O)NCc2c(F)c(F)c(F)c(F)c2F)CC1,O=C(Cc1ccccc1)N[C@@H]1C(=O)N2C=CCC[C@H]12,O=C(C(Cc1ccccc1)NS(=O)(=O)NCc1ccccc1)N1CCNCC1,False,True,False,,0.16326530612244897,0.13402061855670103,,,,,,,,,,,,,,,,,4.0,4.0,0.0,True,5.0,5.0,0.0,True,,,,
edit_latent_source_similarity_rerank,mpair_00000587_cond_02_2p,mpair_00000587,eval,2,"HBA,RB",Cc1ccc(CCCC[C@@H]2N[C@@H](CO)[C@H](O)[C@H]2O)cc1,COc1ccc(CCCC[C@@H]2N[C@@H](CO)[C@H](O)[C@H]2O)cc1,COc1cccc2c(Nc3ccc(NS(C)(=O)=O)cc3)c3ccc([N+](=O)[O-])cc3nc12,c1ccc(CCCC[C@H]2CCCN2)cc1,c1ccc(Nc2c3ccccc3nc3ccccc23)cc1,False,False,False,,0.075,0.1125,,,,,,,,,,,,,,,,,,,,,5.0,7.0,2.0,False,7.0,6.0,1.0,True
edit_latent_source_similarity_rerank,mpair_00000590_cond_01_2p,mpair_00000590,eval,2,"QED,RB",OC[C@@H]1N[C@@H](CCCCc2ccc(O)cc2)[C@H](O)[C@H]1O,COc1ccc(CCCC[C@@H]2N[C@@H](CO)[C@H](O)[C@H]2O)cc1,Cc1sc(-c2ccc3ccccc3c2)nc1CCOc1ccc(CC2OC(=O)NC2=O)cc1,c1ccc(CCCC[C@H]2CCCN2)cc1,O=C1NC(=O)C(Cc2ccc(OCCc3csc(-c4ccc5ccccc5c4)n3)cc2)O1,False,False,False,,0.12658227848101267,0.17721518987341772,,,,,,,,,0.5496005244071775,0.4183599047295662,0.13124061967761136,False,,,,,,,,,,,,,7.0,7.0,0.0,True
edit_latent_source_similarity_rerank,mpair_00000592_cond_01_2p,mpair_00000592,eval,2,"HBA,RB",COc1ccc(CCCC[C@@H]2N[C@@H](CO)[C@H](O)[C@H]2O)cc1,Cc1ccc(CCCC[C@@H]2N[C@@H](CO)[C@H](O)[C@H]2O)cc1,CCc1ccc(-c2cc(OC)cc(C(=O)Nc3nn[nH]n3)n2)cc1,c1ccc(CCCC[C@H]2CCCN2)cc1,O=C(Nc1nn[nH]n1)c1cccc(-c2ccccc2)n1,False,False,False,,0.19718309859154928,0.1232876712328767,,,,,,,,,,,,,,,,,,,,,4.0,6.0,2.0,False,6.0,5.0,1.0,True
edit_latent_source_similarity_rerank,mpair_00000594_cond_00_2p,mpair_00000594,eval,2,"HBA,RB",COc1ccc(CCCC[C@@H]2N[C@@H](CO)[C@H](O)[C@H]2O)cc1,OC[C@@H]1N[C@@H](CCCCc2cc(F)cc(F)c2)[C@H](O)[C@H]1O,COC(=O)c1cc2cc(NC(=O)Cc3ccc(OC)cc3)cnc2[nH]1,c1ccc(CCCC[C@H]2CCCN2)cc1,O=C(Cc1ccccc1)Nc1cnc2[nH]ccc2c1,False,True,False,,0.26153846153846155,0.11267605633802817,,,,,,,,,,,,,,,,,,,,,4.0,5.0,1.0,True,6.0,5.0,1.0,True
edit_latent_source_similarity_rerank,mpair_00000596_cond_01_2p,mpair_00000596,eval,2,"HBA,RB",OC[C@@H]1N[C@@H](CCCCc2ccc(F)cc2)[C@H](O)[C@H]1O,COc1ccc(CCCC[C@@H]2N[C@@H](CO)[C@H](O)[C@H]2O)cc1,COC(=O)CCCOC(=O)Oc1ccc([N+](=O)[O-])cc1,c1ccc(CCCC[C@H]2CCCN2)cc1,c1ccccc1,False,False,False,,0.09230769230769231,0.1746031746031746,,,,,,,,,,,,,,,,,,,,,5.0,7.0,2.0,False,7.0,6.0,1.0,True
edit_latent_source_similarity_rerank,mpair_00000724_cond_00_2p,mpair_00000724,eval,2,"MW,LogP",C=CCc1cc(/C=C2\SC(=O)N(CC=C(C)C)C2=O)c(OC)cc1OC1CCCCO1,C=CCc1cc(/C=C2\SC(=O)N(C)C2=O)c(OC)cc1OC1CCCCO1,CC(C)(C(=O)N1CCCC1)c1ccc2c(c1)OC[C@H](Cc1ccccc1)[C@H]2O,O=C1NC(=O)/C(=C/c2ccc(OC3CCCCO3)cc2)S1,O=C(Cc1ccc2c(c1)OC[C@H](Cc1ccccc1)C2)N1CCCC1,False,True,False,,0.14,0.13829787234042554,389.4730000000002,379.50000000000006,9.973000000000127,True,3.9952000000000023,3.8713000000000037,0.12389999999999857,True,,,,,,,,,,,,,,,,,,,,
edit_latent_source_similarity_rerank,mpair_00000727_cond_02_2p,mpair_00000727,eval,2,"QED,RB",C=CCc1cc(/C=C2\SC(=O)N(C(C)C)C2=O)c(OC)cc1OC1CCCCO1,C=CCc1cc(/C=C2\SC(=O)N(CCCC)C2=O)c(OC)cc1OC1CCCCO1,COc1ccccc1CCCCc1c(O)oc2cc(OCc3ccccc3)ccc2c1=O,O=C1NC(=O)/C(=C/c2ccc(OC3CCCCO3)cc2)S1,O=c1c(CCCCc2ccccc2)coc2cc(OCc3ccccc3)ccc12,False,True,False,,0.14285714285714285,0.15,,,,,,,,,0.39718598618589046,0.3475222207178055,0.049663765468084986,True,,,,,,,,,,,,,9.0,9.0,0.0,True
edit_latent_source_similarity_rerank,mpair_00000730_cond_02_2p,mpair_00000730,eval,2,"MW,HBD",C=CCc1cc(/C=C2\SC(=O)NC2=O)c(OC)cc1OC1CCCCO1,C=CCc1cc(/C=C2\SC(=O)N(C(C)C)C2=O)c(OC)cc1OC1CCCCO1,COc1cc2ccccc2cc1CC(=O)CC1CCN(Cc2ccccc2)CC1,O=C1NC(=O)/C(=C/c2ccc(OC3CCCCO3)cc2)S1,O=C(Cc1ccc2ccccc2c1)CC1CCN(Cc2ccccc2)CC1,False,True,False,,0.1744186046511628,0.17777777777777778,417.52700000000027,387.5230000000001,30.00400000000019,True,,,,,,,,,,,,,0.0,0.0,0.0,True,,,,,,,,
edit_latent_source_similarity_rerank,mpair_00000732_cond_02_2p,mpair_00000732,eval,2,"LogP,QED",C=CCc1cc(/C=C2\SC(=O)N(CC=C)C2=O)c(OC)cc1OC1CCCCO1,C=CCc1cc(/C=C2\SC(=O)N(CC=C(C)C)C2=O)c(OC)cc1OC1CCCCO1,CN(C)C(=O)c1cnc2c(Cl)cccc2c1NCCCN1CCN(c2ccccc2OCC(F)(F)F)CC1,O=C1NC(=O)/C(=C/c2ccc(OC3CCCCO3)cc2)S1,c1ccc(N2CCN(CCCNc3ccnc4ccccc34)CC2)cc1,False,True,False,,0.08695652173913043,0.1016949152542373,,,,,5.331600000000005,5.155300000000005,0.17630000000000035,True,0.3995752918375223,0.372335080160476,0.027240211677046267,True,,,,,,,,,,,,,,,,
edit_latent_source_similarity_rerank,mpair_00000736_cond_01_2p,mpair_00000736,eval,2,"QED,RB",C=CCc1cc(/C=C2\SC(=O)N(CCCC)C2=O)c(OC)cc1OC1CCCCO1,C=CCc1cc(/C=C2\SC(=O)N(C(C)C)C2=O)c(OC)cc1OC1CCCCO1,COc1c(C(=O)NCCN2CCN(c3ccc(C)cc3)CC2)cc(Br)c2ccccc12,O=C1NC(=O)/C(=C/c2ccc(OC3CCCCO3)cc2)S1,O=C(NCCN1CCN(c2ccccc2)CC1)c1ccc2ccccc2c1,False,True,False,,0.11650485436893204,0.10891089108910891,,,,,,,,,0.4701504427149941,0.5633953879773187,0.09324494526232457,True,,,,,,,,,,,,,7.0,6.0,1.0,True
edit_latent_source_similarity_rerank,mpair_00000738_cond_00_2p,mpair_00000738,eval,2,"LogP,RB",C=CCc1cc(/C=C2\SC(=O)N(C(C)C)C2=O)c(OC)cc1OC1CCCCO1,C=CCc1cc(/C=C2\SC(=O)N(C)C2=O)c(OC)cc1OC1CCCCO1,COc1cccc2c1CCCC2CN(C)CCc1ccc2c(c1)OCO2,O=C1NC(=O)/C(=C/c2ccc(OC3CCCCO3)cc2)S1,c1ccc2c(c1)CCCC2CNCCc1ccc2c(c1)OCO2,False,True,False,,0.17894736842105263,0.18478260869565216,,,,,3.9952000000000023,4.018300000000003,0.023100000000000342,True,,,,,,,,,,,,,,,,,6.0,6.0,0.0,True
edit_latent_source_similarity_rerank,mpair_00000741_cond_01_2p,mpair_00000741,eval,2,"QED,RB",C=CCc1cc(/C=C2\SC(=O)N(C)C2=O)c(OC)cc1OC1CCCCO1,C=CCc1cc(/C=C2\SC(=O)N(C(C)C)C2=O)c(OC)cc1OC1CCCCO1,COc1ccccc1N1CCN(CCCON2C(=O)c3ccccc3C2=O)CC1,O=C1NC(=O)/C(=C/c2ccc(OC3CCCCO3)cc2)S1,O=C1c2ccccc2C(=O)N1OCCCN1CCN(c2ccccc2)CC1,False,True,False,,0.17857142857142858,0.1590909090909091,,,,,,,,,0.4701504427149941,0.5301287110615823,0.059978268346588204,True,,,,,,,,,,,,,7.0,7.0,0.0,True
edit_latent_source_similarity_rerank,mpair_00000744_cond_01_2p,mpair_00000744,eval,2,"LogP,RB",C=CCc1cc(/C=C2\SC(=O)N(CC=C(C)C)C2=O)c(OC)cc1OC1CCCCO1,C=CCc1cc(/C=C2\SC(=O)N(C(C)C)C2=O)c(OC)cc1OC1CCCCO1,COc1ccc(C(=O)Nc2ccccc2C(C)=O)cc1OC1CCCC1,O=C1NC(=O)/C(=C/c2ccc(OC3CCCCO3)cc2)S1,O=C(Nc1ccccc1)c1cccc(OC2CCCC2)c1,False,True,False,,0.2111111111111111,0.1797752808988764,,,,,4.773800000000004,4.471500000000003,0.3023000000000007,True,,,,,,,,,,,,,,,,,7.0,6.0,1.0,True
edit_latent_source_similarity_rerank,mpair_00000746_cond_02_2p,mpair_00000746,eval,2,"QED,RB",C=CCc1cc(/C=C2\SC(=O)N(CC=C)C2=O)c(OC)cc1OC1CCCCO1,C=CCc1cc(/C=C2\SC(=O)N(CCCC)C2=O)c(OC)cc1OC1CCCCO1,COc1cc(Nc2ncc(-c3ccccc3N(C)C(=O)CCN3CCOCC3)o2)ccc1-c1cnco1,O=C1NC(=O)/C(=C/c2ccc(OC3CCCCO3)cc2)S1,O=C(CCN1CCOCC1)Nc1ccccc1-c1cnc(Nc2ccc(-c3cnco3)cc2)o1,False,True,False,,0.13043478260869565,0.13559322033898305,,,,,,,,,0.39718598618589046,0.3548709165469919,0.042315069638898584,True,,,,,,,,,,,,,9.0,9.0,0.0,True
edit_latent_source_similarity_rerank,mpair_00000752_cond_00_2p,mpair_00000752,eval,2,"LogP,RB",CC[C@H]1CCC(=O)N2[C@H](Cc3c[nH]c4ccccc34)CO[C@H]12,COC(=O)C[C@@H]1CC(=O)N2[C@H](Cc3c[nH]c4ccccc34)CO[C@@H]2C1,O=C(O)COc1cc2c(=O)c3ccccc3oc2cc1Cl,O=C1CCC[C@H]2OC[C@@H](Cc3c[nH]c4ccccc34)N12,O=c1c2ccccc2oc2ccccc12,False,True,False,,0.15789473684210525,0.17073170731707318,,,,,2.236999999999999,3.0630000000000015,0.8260000000000023,True,,,,,,,,,,,,,,,,,4.0,3.0,1.0,True
edit_latent_source_similarity_rerank,mpair_00000755_cond_01_2p,mpair_00000755,eval,2,"LogP,RB",CC[C@H]1CCC(=O)N2[C@H](Cc3c[nH]c4ccccc34)CO[C@H]12,O=C1CCC[C@H]2OC[C@@H](Cc3c[nH]c4ccccc34)N12,O=C1c2ccccc2-c2nnc(-c3ccccc3O)cc21,O=C1CCC[C@H]2OC[C@@H](Cc3c[nH]c4ccccc34)N12,O=C1c2ccccc2-c2nnc(-c3ccccc3)cc21,False,True,False,,0.1323529411764706,0.13846153846153847,,,,,2.447800000000001,3.060600000000001,0.6128,True,,,,,,,,,,,,,,,,,2.0,1.0,1.0,True
edit_latent_source_similarity_rerank,mpair_00000757_cond_00_2p,mpair_00000757,eval,2,"LogP,HBA",COc1cccc(-c2cncc(O[C@@H]3CCNC3)c2)c1,Clc1cccc(-c2cncc(O[C@@H]3CCNC3)c2)c1,COc1cccc(-c2cc(=O)c3cc(C)ccc3o2)c1,c1ccc(-c2cncc(O[C@@H]3CCNC3)c2)cc1,O=c1cc(-c2ccccc2)oc2ccccc12,False,True,False,,0.27419354838709675,0.16176470588235295,,,,,3.1427000000000014,3.777020000000002,0.6343200000000007,True,,,,,,,,,,,,,3.0,3.0,0.0,True,,,,
edit_latent_source_similarity_rerank,mpair_00000759_cond_01_2p,mpair_00000759,eval,2,"MW,LogP",c1ccc(-c2cncc(O[C@@H]3CCNC3)c2)cc1,Clc1cccc(-c2cc(O[C@@H]3CCNC3)cnc2Cl)c1,CCCC(=O)OC1CCN(c2ccc(-c3ccccc3Cl)nn2)CC1,c1ccc(-c2cncc(O[C@@H]3CCNC3)c2)cc1,c1ccc(-c2ccc(N3CCCCC3)nn2)cc1,False,False,False,,0.14864864864864866,0.16455696202531644,309.196,359.8570000000001,50.66100000000006,False,3.796100000000002,4.109100000000003,0.3130000000000015,True,,,,,,,,,,,,,,,,,,,,
edit_latent_source_similarity_rerank,mpair_00000761_cond_00_2p,mpair_00000761,eval,2,"HBA,RB",c1ccc(-c2cncc(O[C@@H]3CCNC3)c2)cc1,COc1cccc(-c2cncc(O[C@@H]3CCNC3)c2)c1,COc1ccc(-c2nn[nH]n2)cc1OC,c1ccc(-c2cncc(O[C@@H]3CCNC3)c2)cc1,c1ccc(-c2nn[nH]n2)cc1,False,True,False,,0.14285714285714285,0.1896551724137931,,,,,,,,,,,,,,,,,,,,,4.0,5.0,1.0,True,4.0,3.0,1.0,True
edit_latent_source_similarity_rerank,mpair_00000763_cond_02_2p,mpair_00000763,eval,2,"HBA,RB",COc1cccc(-c2cncc(O[C@@H]3CCNC3)c2)c1,c1ccc(-c2cncc(O[C@@H]3CCNC3)c2)cc1,CC1(C)C=C(n2ccccc2=O)c2cc(C(F)(F)F)ccc2C1=O,c1ccc(-c2cncc(O[C@@H]3CCNC3)c2)cc1,O=C1CC=C(n2ccccc2=O)c2ccccc21,False,False,False,,0.09333333333333334,0.1,,,,,,,,,,,,,,,,,,,,,3.0,3.0,0.0,True,3.0,1.0,2.0,False
edit_latent_source_similarity_rerank,mpair_00001114_cond_00_2p,mpair_00001114,eval,2,"QED,HBD",COc1ccc(N2CCN(CCC3NC(=O)c4ccccc43)CC2)cc1,COc1ccc(N2CCN(CCC3c4ccccc4C(=O)N3C)CC2)cc1,COc1ccc(C2=NN(CC(=O)c3ccccc3)C(=O)C3CCCCC23)cc1OC,O=C1NC(CCN2CCN(c3ccccc3)CC2)c2ccccc21,O=C(CN1N=C(c2ccccc2)C2CCCCC2C1=O)c1ccccc1,False,False,False,,0.18292682926829268,0.18518518518518517,,,,,,,,,0.8160326048332845,0.6817047762942153,0.13432782853906922,False,,,,,0.0,0.0,0.0,True,,,,,,,,
edit_latent_source_similarity_rerank,mpair_00001116_cond_01_2p,mpair_00001116,eval,2,"HBA,RB",COc1ccc(N2CCN(CCC3NC(=O)c4ccccc43)CC2)cc1,O=C1NC(CCN2CCN(c3ccccc3)CC2)c2ccccc21,CN1CCCCC(Oc2ccc3c(c2)/C(=N/O)c2ccccc2-3)C1,O=C1NC(CCN2CCN(c3ccccc3)CC2)c2ccccc21,N=C1c2ccccc2-c2ccc(OC3CCCCNC3)cc21,False,False,False,,0.2361111111111111,0.18840579710144928,,,,,,,,,,,,,,,,,,,,,3.0,4.0,1.0,True,4.0,2.0,2.0,False
edit_latent_source_similarity_rerank,mpair_00001119_cond_02_2p,mpair_00001119,eval,2,"HBA,RB",O=C1NC(CCN2CCN(c3ccccc3)CC2)c2ccccc21,COc1ccc(N2CCN(CCC3NC(=O)c4ccccc43)CC2)cc1,Cc1cnc2sn(-c3ccc(Oc4ccccc4)cc3)c(=O)c2c1,O=C1NC(CCN2CCN(c3ccccc3)CC2)c2ccccc21,O=c1c2cccnc2sn1-c1ccc(Oc2ccccc2)cc1,False,False,False,,0.14492753623188406,0.2112676056338028,,,,,,,,,,,,,,,,,,,,,4.0,5.0,1.0,True,5.0,3.0,2.0,False
edit_latent_source_similarity_rerank,mpair_00001121_cond_01_2p,mpair_00001121,eval,2,"MW,LogP",O=C1NC(CCN2CCN(c3ccccc3)CC2)c2ccccc21,CN1C(=O)c2ccccc2C1CCN1CCN(c2ccc(Cl)cc2)CC1,O=C(O)CC1=C(c2ccccc2)N=C(S)NC1c1ccc(Cl)cc1,O=C1NC(CCN2CCN(c3ccccc3)CC2)c2ccccc21,C1=NC(c2ccccc2)=CC(c2ccccc2)N1,False,True,False,,0.17647058823529413,0.2,369.8960000000001,358.85000000000014,11.045999999999935,True,3.679000000000003,4.156100000000002,0.4770999999999992,True,,,,,,,,,,,,,,,,,,,,
edit_latent_source_similarity_rerank,mpair_00001123_cond_02_2p,mpair_00001123,eval,2,"MW,HBD",O=C1NC(CCN2CCN(c3ccccc3)CC2)c2ccccc21,COc1ccc(N2CCN(CCC3c4ccccc4C(=O)N3C)CC2)cc1,CN1C(=O)[C@H](Cc2ccccc2)N(C)C(=O)[C@H]1Cc1ccccc1,O=C1NC(CCN2CCN(c3ccccc3)CC2)c2ccccc21,O=C1N[C@H](Cc2ccccc2)C(=O)N[C@H]1Cc1ccccc1,False,False,False,,0.23529411764705882,0.2545454545454545,365.47700000000015,322.408,43.06900000000013,False,,,,,,,,,,,,,0.0,0.0,0.0,True,,,,,,,,
edit_latent_source_similarity_rerank,mpair_00001126_cond_01_2p,mpair_00001126,eval,2,"LogP,HBA",Cc1ccc(N2CCN(CCC3NC(=O)c4ccccc43)CC2)cc1C,COc1ccc(N2CCN(CCC3NC(=O)c4ccccc43)CC2)cc1,COc1cccc(OC)c1OC(=O)[C@H](C)N1CCc2ccccc2C1,O=C1NC(CCN2CCN(c3ccccc3)CC2)c2ccccc21,O=C(CN1CCc2ccccc2C1)Oc1ccccc1,False,True,False,,0.12987012987012986,0.17567567567567569,,,,,2.692000000000001,3.056000000000002,0.36400000000000077,True,,,,,,,,,,,,,4.0,5.0,1.0,True,,,,
edit_latent_source_similarity_rerank,mpair_00001129_cond_01_2p,mpair_00001129,eval,2,"QED,HBD",Cc1ccc(N2CCN(CCC3NC(=O)c4ccccc43)CC2)cc1C,CN1C(=O)c2ccccc2C1CCN1CCN(c2ccc(Cl)cc2)CC1,CN(C)Cc1nnc2n1-c1ccc(Br)cc1C(c1ccccc1)=NC2,O=C1NC(CCN2CCN(c3ccccc3)CC2)c2ccccc21,c1ccc(C2=NCc3nncn3-c3ccccc32)cc1,False,False,False,,0.13580246913580246,0.12658227848101267,,,,,,,,,0.8221231339252668,0.6815923434149787,0.14053079051028816,False,,,,,0.0,0.0,0.0,True,,,,,,,,
edit_latent_source_similarity_rerank,mpair_00001131_cond_00_2p,mpair_00001131,eval,2,"QED,HBA",COc1ccc(N2CCN(CCC3c4ccccc4C(=O)N3C)CC2)cc1,Cc1ccc(N2CCN(CCC3NC(=O)c4ccccc43)CC2)cc1C,COc1ccccc1N1CCN(CCC(=O)NC(c2ccccc2)C2CCCCC2)CC1,O=C1NC(CCN2CCN(c3ccccc3)CC2)c2ccccc21,O=C(CCN1CCN(c2ccccc2)CC1)NC(c1ccccc1)C1CCCCC1,False,False,False,,0.29333333333333333,0.225,,,,,,,,,0.9198864151307602,0.6558434367296281,0.2640429784011321,False,,,,,,,,,3.0,4.0,1.0,True,,,,
edit_latent_source_similarity_rerank,mpair_00001135_cond_00_2p,mpair_00001135,eval,2,"LogP,QED",Fc1ccc(N2CCN(c3nc4ccsc4n4cccc34)CC2)cc1,FC(F)(F)c1cccc(N2CCN(c3nc4ccsc4n4cccc34)CC2)c1,CN(CCCc1ccc(C(F)(F)F)cc1F)Cc1ccc2c(c1)OCO2,c1ccc(N2CCN(c3nc4ccsc4n4cccc34)CC2)cc1,c1ccc(CCCNCc2ccc3c(c2)OCO3)cc1,False,False,False,,0.08641975308641975,0.16049382716049382,,,,,4.894400000000004,4.637800000000004,0.2565999999999997,True,0.47685586942313013,0.6928338879862612,0.2159780185631311,False,,,,,,,,,,,,,,,,
edit_latent_source_similarity_rerank,mpair_00001633_cond_00_2p,mpair_00001633,eval,2,"MW,QED",C=CCC1(C(C)C#CCC)C(=O)NC(=O)N(C)C1=O,C=C(Br)CC1(C(C)C)C(=O)NC(=O)N(C)C1=O,CC1(C)CCNc2cc(C#Cc3ccc(C(=O)O)cc3)ccc21,O=C1CC(=O)NC(=O)N1,C(#Cc1ccc2c(c1)NCCC2)c1ccccc1,False,True,False,,0.08450704225352113,0.09230769230769231,303.15600000000006,305.377,2.220999999999947,True,,,,,0.8059749860896003,0.7861652016088371,0.019809784480763204,True,,,,,,,,,,,,,,,,
edit_latent_source_similarity_rerank,mpair_00001643_cond_02_2p,mpair_00001643,eval,2,"MW,QED",C=C(Br)CC1(C(C)C)C(=O)NC(=O)N(C)C1=O,C=CCC1(C(C)C#CCC)C(=O)NC(=O)N(C)C1=O,COC[C@H]1CN(c2ccc(OCCC(C)=O)cc2)C(=O)O1,O=C1CC(=O)NC(=O)N1,O=C1OCCN1c1ccccc1,False,False,False,,0.10144927536231885,0.07894736842105263,262.30899999999997,293.319,31.010000000000048,True,,,,,0.47348972477403223,0.7691916843042839,0.29570195953025163,False,,,,,,,,,,,,,,,,
edit_latent_source_similarity_rerank,mpair_00002259_cond_01_2p,mpair_00002259,eval,2,"LogP,QED",Cc1ccccc1NC(=O)c1c(C)n(-c2ccccc2C)c(C)cc1=O,Cc1cccc(C)c1NC(=O)c1c(C)n(-c2c(C)cccc2C)c(C)cc1=O,Cc1cc(C(=O)Nc2cccc3cnccc23)nn1-c1cccc(C(F)(F)F)c1,O=C(Nc1ccccc1)c1cn(-c2ccccc2)ccc1=O,O=C(Nc1cccc2cnccc12)c1ccn(-c2ccccc2)n1,False,False,False,,0.2602739726027397,0.21621621621621623,,,,,4.940320000000004,5.000020000000002,0.059699999999997644,True,0.7058233303377046,0.5301882219608446,0.17563510837686003,False,,,,,,,,,,,,,,,,
edit_latent_source_similarity_rerank,mpair_00002372_cond_01_2p,mpair_00002372,eval,2,"HBA,RB",CCCCCNC(=O)Nc1c(SCCCn2cnc(-c3ccccc3)c2C)cccc1N(C)C,CCCCCNC(=O)Nc1c(C)cccc1SCCCn1cnc(-c2ccccc2)c1C,CCCCC(=O)Nc1ccccc1SSc1ccccc1NC(=O)CCCC,c1ccc(SCCCn2cnc(-c3ccccc3)c2)cc1,c1ccc(SSc2ccccc2)cc1,False,True,False,,0.25333333333333335,0.2676056338028169,,,,,,,,,,,,,,,,,,,,,4.0,4.0,0.0,True,11.0,11.0,0.0,True
edit_latent_source_similarity_rerank,mpair_00002374_cond_01_2p,mpair_00002374,eval,2,"LogP,TPSA",COc1cccc2sc([C@@H]3C[C@H]4CC[C@@H](C3)N4C[C@H](O)COc3cccc4[nH]c(C)cc34)cc12,COc1cccc2sc([C@@H]3C[C@H]4CC[C@@H](C3)N4C[C@H](O)COc3cccc4[nH]c(C(N)=O)cc34)cc12,CCCN(CCN1C[C@H](c2ccc3c(c2)OCO3)[C@@H](C(=O)O)[C@@H]1c1ccc(OC)c(F)c1)S(=O)(=O)Cc1ccccc1,c1ccc2sc([C@@H]3C[C@H]4CC[C@@H](C3)N4CCCOc3cccc4[nH]ccc34)cc2c1,O=S(=O)(Cc1ccccc1)NCCN1C[C@H](c2ccc3c(c2)OCO3)C[C@@H]1c1ccccc1,False,True,False,,0.17391304347826086,0.17647058823529413,,,,,4.640400000000003,4.6463000000000045,0.005900000000001349,True,,,,,100.81,105.61000000000001,4.800000000000011,True,,,,,,,,,,,,
edit_latent_source_similarity_rerank,mpair_00002464_cond_01_2p,mpair_00002464,eval,2,"HBA,RB",CN(C)CCCOc1cc(C(=O)Nc2ccc(OC(F)(F)F)cc2)n(Cc2ccccc2)n1,CN(C)CCCOc1cc(C(=O)Nc2ccc(Cl)cc2F)n(Cc2ccccc2)n1,CN(Cc1ccccc1)C(=O)[C@H](Cc1ccc2ccccc2c1)NC(=O)[C@@H]1CCCN1C(=O)Nc1cccc(C(N)=O)c1,O=C(Nc1ccccc1)c1ccnn1Cc1ccccc1,O=C(NCc1ccccc1)[C@H](Cc1ccc2ccccc2c1)NC(=O)[C@@H]1CCCN1C(=O)Nc1ccccc1,False,True,False,,0.20754716981132076,0.18691588785046728,,,,,,,,,,,,,,,,,,,,,5.0,4.0,1.0,True,9.0,9.0,0.0,True
edit_latent_source_similarity_rerank,mpair_00002469_cond_00_2p,mpair_00002469,eval,2,"MW,HBA",COc1ccc(NC(=O)c2cc(OCCCN(C)C)nn2Cc2ccccc2)cc1,COc1cc(NC(=O)c2cc(OCCCN(C)C)nn2Cc2ccccc2)cc(OC)c1OC,COc1ccccc1N1CCN(CCOc2ccc(C(=O)Nc3ccccc3OCCCC(=O)O)cc2)CC1,O=C(Nc1ccccc1)c1ccnn1Cc1ccccc1,O=C(Nc1ccccc1)c1ccc(OCCN2CCN(c3ccccc3)CC2)cc1,False,False,False,,0.25842696629213485,0.25274725274725274,468.5540000000002,533.6250000000001,65.07099999999991,False,,,,,,,,,,,,,,,,,8.0,7.0,1.0,True,,,,
edit_latent_source_similarity_rerank,mpair_00002475_cond_00_2p,mpair_00002475,eval,2,"TPSA,RB",CN(C)CCCOc1cc(C(=O)Nc2ccc(OC(F)(F)F)cc2)n(Cc2ccccc2)n1,COc1cc(NC(=O)c2cc(OCCCN(C)C)nn2Cc2ccccc2)cc(OC)c1OC,CCCCc1nn(-c2ccc(OC)cc2)c(C(=O)OCC)c1Cc1ccc(-c2ccccc2-c2nn[nH]n2)cc1,O=C(Nc1ccccc1)c1ccnn1Cc1ccccc1,c1ccc(-n2cc(Cc3ccc(-c4ccccc4-c4nn[nH]n4)cc3)cn2)cc1,False,False,False,,0.18095238095238095,0.17307692307692307,,,,,,,,,,,,,87.08000000000001,107.81000000000002,20.730000000000004,False,,,,,,,,,12.0,11.0,1.0,True
edit_latent_source_similarity_rerank,mpair_00002478_cond_00_2p,mpair_00002478,eval,2,"MW,LogP",CN(C)CCCOc1cc(C(=O)Nc2cccc(Cl)c2)n(Cc2ccccc2)n1,CN(C)CCCOc1cc(C(=O)Nc2cc(F)cc(C(F)(F)F)c2)n(Cc2ccccc2)n1,CCCCN(CCCC)C(=O)CN1C[C@H](c2ccc3ccoc3c2)[C@@H](C(=O)O)[C@@H]1c1ccc(OC)cc1,O=C(Nc1ccccc1)c1ccnn1Cc1ccccc1,c1ccc([C@H]2C[C@@H](c3ccc4ccoc4c3)CN2)cc1,False,False,False,,0.1485148514851485,0.14018691588785046,464.4630000000001,506.6430000000002,42.18000000000012,False,4.672100000000003,5.711500000000006,1.0394000000000032,False,,,,,,,,,,,,,,,,,,,,
edit_latent_source_similarity_rerank,mpair_00002482_cond_01_2p,mpair_00002482,eval,2,"LogP,QED",COc1ccc(NC(=O)c2cc(OCCCN(C)C)nn2Cc2ccccc2)cc1,CN(C)CCCOc1cc(C(=O)Nc2ccc(OC(F)(F)F)cc2)n(Cc2ccccc2)n1,CCCCN(CCCC)C(=O)CN1C[C@H](c2ccc(OC)cc2OC)[C@@H](C(=O)O)[C@@H]1c1ccc(OC)cc1,O=C(Nc1ccccc1)c1ccnn1Cc1ccccc1,c1ccc([C@H]2CN[C@@H](c3ccccc3)C2)cc1,False,True,False,,0.23595505617977527,0.17525773195876287,,,,,4.412800000000003,4.982500000000004,0.569700000000001,True,0.4522382232340766,0.371301138763639,0.08093708447043757,True,,,,,,,,,,,,,,,,
edit_latent_source_similarity_rerank,mpair_00002486_cond_00_2p,mpair_00002486,eval,2,"MW,RB",CN(C)CCCOc1cc(C(=O)Nc2cccc(Cl)c2)n(Cc2ccccc2)n1,CN(C)CCCOc1cc(C(=O)Nc2ccc(OC(F)(F)F)cc2)n(Cc2ccccc2)n1,COC(=O)[C@H](Cc1cccc(OC(=O)c2ccccc2)c1)NC(=O)[C@@H](NC(=O)[C@@H](N)CS)C(C)C,O=C(Nc1ccccc1)c1ccnn1Cc1ccccc1,O=C(Oc1ccccc1)c1ccccc1,False,False,False,,0.1935483870967742,0.19791666666666666,462.4720000000001,501.6050000000002,39.133000000000095,False,,,,,,,,,,,,,,,,,,,,,10.0,11.0,1.0,True
edit_latent_source_similarity_rerank,mpair_00002489_cond_00_2p,mpair_00002489,eval,2,"LogP,HBA",C=Cc1cc(C(=O)OCC)n(S(=O)(=O)c2cc(Cl)ccc2N)c1,CCOC(=O)c1cc(C(C)O)cn1S(=O)(=O)c1cc(Cl)ccc1N,CCNc1cc(C)c2c(N)c(C(=O)OCC)c(=O)n(CC)c2n1,O=S(=O)(c1ccccc1)n1cccc1,O=c1ccc2cccnc2[nH]1,False,True,False,,0.23076923076923078,0.23076923076923078,,,,,2.1907,1.91552,0.2751800000000002,True,,,,,,,,,,,,,7.0,7.0,0.0,True,,,,
edit_latent_source_similarity_rerank,mpair_00002494_cond_00_2p,mpair_00002494,eval,2,"MW,LogP",O=C1C(Nc2ccccc2)=C(Cl)C(=O)c2ncncc21,O=C1C(Nc2cccc(Br)c2)=C(Cl)C(=O)c2ncncc21,CC(=O)NC1c2cc3ccccc3nc2-c2nc3ccccc3c(=O)n21,O=C1C(Nc2ccccc2)=CC(=O)c2ncncc21,O=c1c2ccccc2nc2n1Cc1cc3ccccc3nc1-2,False,True,False,,0.15942028985507245,0.13157894736842105,364.58600000000007,342.35800000000006,22.22800000000001,True,3.180600000000001,2.6081000000000003,0.5725000000000007,True,,,,,,,,,,,,,,,,,,,,
edit_latent_source_similarity_rerank,mpair_00002495_cond_02_2p,mpair_00002495,eval,2,"LogP,RB",O=C1C(Nc2ccccc2)=C(Cl)C(=O)c2ncncc21,CCc1ccc(NC2=C(Cl)C(=O)c3ncncc3C2=O)cc1,COc1ccc(/N=C2/C(=O)c3cncnc3C(O)=C2Cl)c(OC)c1,O=C1C(Nc2ccccc2)=CC(=O)c2ncncc21,O=C1/C(=N/c2ccccc2)C=Cc2ncncc21,False,True,False,,0.3387096774193548,0.3333333333333333,,,,,2.980500000000001,2.9282000000000004,0.05230000000000068,True,,,,,,,,,,,,,,,,,3.0,3.0,0.0,True
edit_latent_source_similarity_rerank,mpair_00002497_cond_01_2p,mpair_00002497,eval,2,"MW,LogP",O=C1C(Nc2ccc(Br)cc2)=C(Cl)C(=O)c2ncncc21,O=C1C(Nc2ccccc2)=C(Cl)C(=O)c2ncncc21,CC(=O)Nn1c(-c2ccccc2)nc2ccccc2c1=O,O=C1C(Nc2ccccc2)=CC(=O)c2ncncc21,O=c1[nH]c(-c2ccccc2)nc2ccccc12,False,True,False,,0.1076923076923077,0.16666666666666666,285.69,279.29900000000004,6.390999999999963,True,2.4181,2.1535,0.2645999999999997,True,,,,,,,,,,,,,,,,,,,,
edit_latent_source_similarity_rerank,mpair_00002501_cond_00_2p,mpair_00002501,eval,2,"LogP,RB",CCc1ccc(NC2=C(Cl)C(=O)c3ncncc3C2=O)cc1,O=C1C(Nc2ccccc2)=C(Cl)C(=O)c2ncncc21,O=C1C(Nc2ccc3c(c2)OCO3)=C(Cl)C(=O)c2ncncc21,O=C1C(Nc2ccccc2)=CC(=O)c2ncncc21,O=C1C(Nc2ccc3c(c2)OCO3)=CC(=O)c2ncncc21,False,True,False,,0.5849056603773585,0.6122448979591837,,,,,2.4181,2.1468,0.2713000000000001,True,,,,,,,,,,,,,,,,,2.0,2.0,0.0,True
edit_latent_source_similarity_rerank,mpair_00002504_cond_00_2p,mpair_00002504,eval,2,"HBA,RB",COc1ccc(C(=O)CN2c3ccccc3C(=O)N(Cc3ccccc3)S2(=O)=O)cc1,Cc1ccc(C(=O)CN2c3ccccc3C(=O)N(Cc3ccccc3)S2(=O)=O)cc1,O=C(O)c1cccc(N2CCN(C(=O)COc3ccc(Cl)cc3)CC2)c1,O=C(CN1c2ccccc2C(=O)N(Cc2ccccc2)S1(=O)=O)c1ccccc1,O=C(COc1ccccc1)N1CCN(c2ccccc2)CC1,False,True,False,,0.19736842105263158,0.15789473684210525,,,,,,,,,,,,,,,,,,,,,4.0,4.0,0.0,True,5.0,5.0,0.0,True
edit_latent_source_similarity_rerank,mpair_00002506_cond_01_2p,mpair_00002506,eval,2,"HBA,RB",Cc1ccc(C(=O)CN2c3ccccc3C(=O)N(Cc3ccccc3)S2(=O)=O)cc1,COc1ccc(C(=O)CN2c3ccccc3C(=O)N(Cc3ccccc3)S2(=O)=O)cc1,CCOC(=O)c1ccc2c(c1)NC(=O)/C2=C(\Nc1ccc(CN2CCCCC2)cc1)c1ccccc1,O=C(CN1c2ccccc2C(=O)N(Cc2ccccc2)S1(=O)=O)c1ccccc1,O=C1Nc2ccccc2/C1=C(/Nc1ccc(CN2CCCCC2)cc1)c1ccccc1,False,True,False,,0.26506024096385544,0.2558139534883721,,,,,,,,,,,,,,,,,,,,,5.0,5.0,0.0,True,6.0,7.0,1.0,True
edit_latent_source_similarity_rerank,mpair_00002510_cond_02_2p,mpair_00002510,eval,2,"LogP,TPSA",CSc1cc(-c2ccc(Br)cc2)oc(=O)c1C#N,CSc1cc(-c2ccc(Br)cc2)oc(=O)c1Cl,O=C(Cc1ccc(Cl)c(Cl)c1)NC1CCN(Cc2ccccc2)CC1,O=c1cccc(-c2ccccc2)o1,O=C(Cc1ccccc1)NC1CCN(Cc2ccccc2)CC1,False,True,False,,0.06944444444444445,0.1044776119402985,,,,,4.444600000000002,4.3167000000000035,0.12789999999999857,True,,,,,30.21,32.34,2.1300000000000026,True,,,,,,,,,,,,
edit_latent_source_similarity_rerank,mpair_00002517_cond_01_2p,mpair_00002517,eval,2,"MW,LogP",CSc1cc(-c2ccc(Cl)cc2)oc(=O)c1Br,CSc1cc(-c2ccc(Cl)cc2)oc(=O)c1,Cc1ccc(-c2cc(=O)c3c(O)cccc3o2)cc1,O=c1cccc(-c2ccccc2)o1,O=c1cc(-c2ccccc2)oc2ccccc12,False,True,False,,0.2692307692307692,0.2857142857142857,252.72199999999998,252.269,0.45299999999997453,True,3.682100000000002,3.474020000000002,0.20807999999999982,True,,,,,,,,,,,,,,,,,,,,
edit_latent_source_similarity_rerank,mpair_00002525_cond_01_2p,mpair_00002525,eval,2,"QED,RB",CSc1cc(-c2ccc(Cl)cc2)oc(=O)c1C(N)=O,CSc1cc(-c2ccc(Br)cc2)oc(=O)c1C#N,CN(C)CCc1nnc2n1-c1ccccc1C(c1ccccc1Cl)=NC2,O=c1cccc(-c2ccccc2)o1,c1ccc(C2=NCc3nncn3-c3ccccc32)cc1,False,False,False,,0.08,0.05263157894736842,,,,,,,,,0.791886779601309,0.7116985715682019,0.08018820803310711,True,,,,,,,,,,,,,2.0,4.0,2.0,False
edit_latent_source_similarity_rerank,mpair_00002533_cond_02_2p,mpair_00002533,eval,2,"TPSA,HBA",CSc1cc(-c2ccc(Br)cc2)oc(=O)c1C#N,CSc1cc(-c2ccc(Cl)cc2)oc(=O)c1Br,CC1=C2CCc3cc(-c4cccnc4)ccc3N2CCC1=O,O=c1cccc(-c2ccccc2)o1,O=C1C=C2CCc3cc(-c4cccnc4)ccc3N2CC1,False,True,False,,0.14285714285714285,0.1323529411764706,,,,,,,,,,,,,30.21,33.2,2.990000000000002,True,,,,,3.0,3.0,0.0,True,,,,
edit_latent_source_similarity_rerank,mpair_00002546_cond_00_2p,mpair_00002546,eval,2,"MW,LogP",CSc1cc(-c2ccc(Br)cc2)oc(=O)c1Br,CSc1cc(-c2ccc(Br)cc2)oc(=O)c1C#N,COc1ccc2c3c(c(=O)oc2c1)CN(c1ccccc1)CC3,O=c1cccc(-c2ccccc2)o1,O=c1oc2ccccc2c2c1CN(c1ccccc1)CC2,False,True,False,,0.1746031746031746,0.16176470588235295,322.1830000000001,307.34900000000005,14.83400000000006,True,3.662880000000002,3.364300000000002,0.2985800000000003,True,,,,,,,,,,,,,,,,,,,,
edit_latent_source_similarity_rerank,mpair_00002554_cond_02_2p,mpair_00002554,eval,2,"HBD,RB",CSc1cc(-c2ccc(Cl)cc2)oc(=O)c1C(N)=O,CSc1cc(-c2ccc(Cl)cc2)oc(=O)c1,COc1cc2c(cc1OC)C(c1ccccc1)=NN(C(C)=O)C(=O)C2,O=c1cccc(-c2ccccc2)o1,O=C1Cc2ccccc2C(c2ccccc2)=NN1,False,True,False,,0.14285714285714285,0.12307692307692308,,,,,,,,,,,,,,,,,0.0,0.0,0.0,True,,,,,2.0,3.0,1.0,True
edit_latent_source_similarity_rerank,mpair_00002558_cond_02_2p,mpair_00002558,eval,2,"QED,HBA",CSc1nc(-c2ccc(OC(F)(F)F)cc2)nn1C(=O)N(C)c1ccccc1,CSc1nc(-c2ccc(Cl)cc2)nn1C(=O)N(C)c1ccccc1,Cc1cnn(C(=O)Cc2ccc(-c3ccccc3)cc2)c1,O=C(Nc1ccccc1)n1cnc(-c2ccccc2)n1,O=C(Cc1ccc(-c2ccccc2)cc1)n1cccn1,False,False,False,,0.2,0.21875,,,,,,,,,0.6499636794176425,0.7300674066601358,0.08010372724249326,True,,,,,,,,,5.0,3.0,2.0,False,,,,
edit_latent_source_similarity_rerank,mpair_00002562_cond_00_2p,mpair_00002562,eval,2,"LogP,QED",CSc1nc(-c2ccc(Cl)cc2)nn1C(=O)N(C)c1ccccc1,CN(C(=O)n1nc(-c2ccc(Cl)cc2)nc1SCC(F)(F)F)c1ccccc1,CC(C)c1cc(-c2cccnc2)c(-c2ccc(F)cc2)n1CC[C@@H]1C[C@@H](O)CC(=O)O1,O=C(Nc1ccccc1)n1cnc(-c2ccccc2)n1,O=C1CCC[C@@H](CCn2ccc(-c3cccnc3)c2-c2ccccc2)O1,False,True,False,,0.14444444444444443,0.15789473684210525,,,,,5.357400000000003,4.936200000000007,0.42119999999999624,True,0.5270344401044634,0.5719310441974029,0.044896604092939496,True,,,,,,,,,,,,,,,,
edit_latent_source_similarity_rerank,mpair_00002565_cond_00_2p,mpair_00002565,eval,2,"MW,QED",CSc1nc(-c2ccc(OC(F)(F)F)cc2)nn1C(=O)N(C)c1ccccc1,CSc1nc(-c2ccc(C)cc2)nn1C(=O)N(C)c1ccccc1,CN(C(=O)c1ccccc1)c1c(C(=O)O)[nH]c2cc(Cl)ccc12,O=C(Nc1ccccc1)n1cnc(-c2ccccc2)n1,O=C(Nc1c[nH]c2ccccc12)c1ccccc1,False,True,False,,0.18666666666666668,0.20588235294117646,338.43600000000004,328.75500000000005,9.680999999999983,True,,,,,0.6753188675979567,0.7677430822845079,0.09242421468655126,True,,,,,,,,,,,,,,,,
edit_latent_source_similarity_rerank,mpair_00002567_cond_00_2p,mpair_00002567,eval,2,"HBD,RB",COc1cc(C(=O)N2CCN(C(=O)c3cc(OC)c(OC)c(OC)c3)C(COC(=O)NCCC(C)C)C2)cc(OC)c1OC,CCN(CC)C(=O)OCC1CN(C(=O)c2cc(OC)c(OC)c(OC)c2)CCN1C(=O)c1cc(OC)c(OC)c(OC)c1,CCCCc1nn(-c2cccc(Cl)c2)c(C(=O)OCC)c1Cc1ccc(-c2ccccc2-c2nn[nH]n2)cc1,O=C(c1ccccc1)N1CCN(C(=O)c2ccccc2)CC1,c1ccc(-n2cc(Cc3ccc(-c4ccccc4-c4nn[nH]n4)cc3)cn2)cc1,False,False,False,,0.1111111111111111,0.1262135922330097,,,,,,,,,,,,,,,,,0.0,1.0,1.0,True,,,,,12.0,10.0,2.0,False
edit_latent_source_similarity_rerank,mpair_00002571_cond_00_2p,mpair_00002571,eval,2,"HBD,RB",CCN(CC)C(=O)OCC1CN(C(=O)c2cc(OC)c(OC)c(OC)c2)CCN1C(=O)c1cc(OC)c(OC)c(OC)c1,COc1cc(C(=O)N2CCN(C(=O)c3cc(OC)c(OC)c(OC)c3)C(COC(=O)NCCC(C)C)C2)cc(OC)c1OC,CCCS(=O)(=O)N(C)CCN1C[C@H](c2ccc3c(c2)OCO3)[C@@H](C(=O)O)[C@@H]1c1ccc(OC)cc1,O=C(c1ccccc1)N1CCN(C(=O)c2ccccc2)CC1,c1ccc([C@H]2C[C@@H](c3ccc4c(c3)OCO4)CN2)cc1,False,False,False,,0.17894736842105263,0.1485148514851485,,,,,,,,,,,,,,,,,1.0,1.0,0.0,True,,,,,13.0,10.0,3.0,False
edit_latent_source_similarity_rerank,mpair_00002574_cond_00_2p,mpair_00002574,eval,2,"LogP,RB",COc1cc(C(=O)N2CCN(C(=O)c3cc(OC)c(OC)c(OC)c3)C(COC(=O)CC(C)(C)C)C2)cc(OC)c1OC,CCN(CC)C(=O)OCC1CN(C(=O)c2cc(OC)c(OC)c(OC)c2)CCN1C(=O)c1cc(OC)c(OC)c(OC)c1,CCOc1ccc(Cc2nc3cc(C(=O)N(CC)CC)ccc3n2CCCN(C)C)cc1,O=C(c1ccccc1)N1CCN(C(=O)c2ccccc2)CC1,c1ccc(Cc2nc3ccccc3[nH]2)cc1,False,False,False,,0.11702127659574468,0.1797752808988764,,,,,3.1834000000000024,4.459500000000004,1.2761000000000013,False,,,,,,,,,,,,,,,,,12.0,11.0,1.0,True
edit_latent_source_similarity_rerank,mpair_00002576_cond_01_2p,mpair_00002576,eval,2,"HBD,RB",COc1cc(C(=O)N2CCN(C(=O)c3cc(OC)c(OC)c(OC)c3)C(COC(C)=O)C2)cc(OC)c1OC,COc1cc(C(=O)N2CCN(C(=O)c3cc(OC)c(OC)c(OC)c3)C(COC(=O)NCCC(C)C)C2)cc(OC)c1OC,CCCCN(CC)C(=O)CN1C[C@@H](c2ccc3c(c2)OCO3)[C@H](C(=O)O)[C@H]1c1ccc(OC)cc1,O=C(c1ccccc1)N1CCN(C(=O)c2ccccc2)CC1,c1ccc([C@@H]2C[C@H](c3ccc4c(c3)OCO4)CN2)cc1,False,False,False,,0.17777777777777778,0.15,,,,,,,,,,,,,,,,,1.0,1.0,0.0,True,,,,,13.0,10.0,3.0,False
edit_latent_source_similarity_rerank,mpair_00002578_cond_01_2p,mpair_00002578,eval,2,"LogP,RB",CCN(CC)C(=O)OCC1CN(C(=O)c2cc(OC)c(OC)c(OC)c2)CCN1C(=O)c1cc(OC)c(OC)c(OC)c1,COc1cc(C(=O)N2CCN(C(=O)c3cc(OC)c(OC)c(OC)c3)C(COC(=O)CC(C)(C)C)C2)cc(OC)c1OC,CCCN(CCC)C(=O)CN1C[C@@H](c2ccc3c(c2)OCO3)[C@H](C(=O)O)[C@H]1c1ccc(OC)cc1,O=C(c1ccccc1)N1CCN(C(=O)c2ccccc2)CC1,c1ccc([C@@H]2C[C@H](c3ccc4c(c3)OCO4)CN2)cc1,False,True,False,,0.20224719101123595,0.16304347826086957,,,,,3.684400000000003,3.913800000000003,0.22940000000000005,True,,,,,,,,,,,,,,,,,11.0,10.0,1.0,True
edit_latent_source_similarity_rerank,mpair_00002588_cond_02_2p,mpair_00002588,eval,2,"TPSA,HBA",COc1cc(C(=O)N2CCN(C(=O)c3cc(OC)c(OC)c(OC)c3)CC2)cc(OC)c1OC,CCN(CC)C(=O)OCC1CN(C(=O)c2cc(OC)c(OC)c(OC)c2)CCN1C(=O)c1cc(OC)c(OC)c(OC)c1,COc1cc(CCC(=O)N2CCN(C(=O)c3cc(OC)c(OC)c(OC)c3)CC2)cc(OC)c1OC,O=C(c1ccccc1)N1CCN(C(=O)c2ccccc2)CC1,O=C(CCc1ccccc1)N1CCN(C(=O)c2ccccc2)CC1,False,False,False,,0.7105263157894737,0.45,,,,,,,,,,,,,125.54,96.00000000000001,29.539999999999992,False,,,,,10.0,8.0,2.0,False,,,,
edit_latent_source_similarity_rerank,mpair_00002596_cond_01_2p,mpair_00002596,eval,2,"HBA,RB",COc1ccc(C(=O)Nc2c(F)cncc2F)c2ccc(C(F)(F)F)nc12,COc1ccc(C(=O)Nc2c(Cl)cncc2Cl)c2ccc(C(C)O)nc12,N#Cc1ccc(-c2nc(-c3ccc4[nH]c(=O)oc4c3)cs2)cc1,O=C(Nc1ccncc1)c1cccc2ncccc12,O=c1[nH]c2ccc(-c3csc(-c4ccccc4)n3)cc2o1,False,False,False,,0.07058823529411765,0.06976744186046512,,,,,,,,,,,,,,,,,,,,,5.0,5.0,0.0,True,4.0,2.0,2.0,False
edit_latent_source_similarity_rerank,mpair_00002599_cond_01_2p,mpair_00002599,eval,2,"TPSA,HBA",COc1ccc(C(=O)Nc2c(Cl)cncc2Cl)c2ccc(C(C)=O)nc12,CCc1ccc2c(C(=O)Nc3c(Cl)cncc3Cl)ccc(OC)c2n1,CCc1cc2c(C(=O)Nc3c(Cl)cncc3Cl)ccc(OC)c2o1,O=C(Nc1ccncc1)c1cccc2ncccc12,O=C(Nc1ccncc1)c1cccc2occc12,False,True,False,,0.5409836065573771,0.6101694915254238,,,,,,,,,,,,,64.11,64.36,0.25,True,,,,,4.0,4.0,0.0,True,,,,
edit_latent_source_similarity_rerank,mpair_00002602_cond_02_2p,mpair_00002602,eval,2,"TPSA,RB",COc1ccc(C(=O)Nc2ccncc2Cl)c2ccc(C(F)(F)F)nc12,COc1ccc(C(=O)Nc2c(Cl)cncc2Cl)c2ccc(C(C)O)nc12,O=C(O)C(=O)Nc1ncc(-c2ccccc2)s1,O=C(Nc1ccncc1)c1cccc2ncccc12,c1ccc(-c2cncs2)cc1,False,False,False,,0.1388888888888889,0.1791044776119403,,,,,,,,,,,,,84.34,79.28999999999999,5.050000000000011,True,,,,,,,,,4.0,2.0,2.0,False
edit_latent_source_similarity_rerank,mpair_00002604_cond_02_2p,mpair_00002604,eval,2,"TPSA,HBA",CCc1ccc2c(C(=O)Nc3c(Cl)cncc3Cl)ccc(OC)c2n1,COc1ccc(C(=O)Nc2c(Cl)cncc2Cl)c2ccc(C(C)=O)nc12,COCCNc1c(OC)ccc(C(=O)c2ccccc2)c1O,O=C(Nc1ccncc1)c1cccc2ncccc12,O=C(c1ccccc1)c1ccccc1,False,True,False,,0.2835820895522388,0.26865671641791045,,,,,,,,,,,,,81.17999999999999,67.79,13.389999999999986,True,,,,,5.0,5.0,0.0,True,,,,
edit_latent_source_similarity_rerank,mpair_00002609_cond_01_2p,mpair_00002609,eval,2,"LogP,RB",COc1ccc(C(=O)Nc2c(Cl)cncc2Cl)c2cccnc12,CCc1ccc2c(C(=O)Nc3c(Cl)cncc3Cl)ccc(OC)c2n1,COc1cc2ncc(C#N)c(Nc3cccc(Cl)c3)c2cc1OC,O=C(Nc1ccncc1)c1cccc2ncccc12,c1ccc(Nc2ccnc3ccccc23)cc1,False,True,False,,0.2535211267605634,0.22666666666666666,,,,,4.759900000000003,4.520680000000002,0.23922000000000043,True,,,,,,,,,,,,,,,,,4.0,4.0,0.0,True
edit_latent_source_similarity_rerank,mpair_00002614_cond_02_2p,mpair_00002614,eval,2,"MW,RB",COc1ccc(C(=O)Nc2c(Cl)cncc2Cl)c2cccnc12,COc1ccc(C(=O)Nc2c(Cl)cncc2Cl)c2ccc(C(C)=O)nc12,COC(=O)c1cc(C)n(/C(=N\c2ccccc2)c2ccccc2OC)n1,O=C(Nc1ccncc1)c1cccc2ncccc12,c1ccc(/N=C(/c2ccccc2)n2cccn2)cc1,False,False,False,,0.2191780821917808,0.21333333333333335,390.22600000000017,349.3900000000001,40.83600000000007,False,,,,,,,,,,,,,,,,,,,,,4.0,4.0,0.0,True
edit_latent_source_similarity_rerank,mpair_00002618_cond_02_2p,mpair_00002618,eval,2,"HBA,RB",COc1ccc(C(=O)Nc2c(Cl)cncc2Cl)c2ccc(C(C)O)nc12,COc1ccc(C(=O)Nc2ccncc2Cl)c2cccnc12,COc1cc2ncn(-c3ccccc3)c2cc1C(=O)O,O=C(Nc1ccncc1)c1cccc2ncccc12,c1ccc(-n2cnc3ccccc32)cc1,False,True,False,,0.19444444444444445,0.23529411764705882,,,,,,,,,,,,,,,,,,,,,4.0,4.0,0.0,True,3.0,3.0,0.0,True
edit_latent_source_similarity_rerank,mpair_00002621_cond_02_2p,mpair_00002621,eval,2,"MW,QED",COc1ccc(C(=O)Nc2c(Cl)cncc2Cl)c2cccnc12,COc1ccc(C(=O)Nc2c(F)cncc2F)c2ccc(C(F)(F)F)nc12,COc1ccccc1C(=O)NNC(=O)c1c(C)nc2ccccn12,O=C(Nc1ccncc1)c1cccc2ncccc12,O=C(NNC(=O)c1cnc2ccccn12)c1ccccc1,False,False,False,,0.2463768115942029,0.2361111111111111,383.276,324.34000000000003,58.93599999999998,False,,,,,0.6893032571109005,0.7186234694698744,0.029320212358973974,True,,,,,,,,,,,,,,,,
edit_latent_source_similarity_rerank,mpair_00002626_cond_00_2p,mpair_00002626,eval,2,"MW,QED",COc1ccc(C(=O)Nc2c(F)cncc2F)c2ccc(C(F)(F)F)nc12,COc1ccc(C(=O)Nc2ccncc2Cl)c2cccnc12,CCOC(=O)c1cc(NC(=S)c2ccccn2)ccc1F,O=C(Nc1ccncc1)c1cccc2ncccc12,S=C(Nc1ccccc1)c1ccccn1,False,False,False,,0.19230769230769232,0.21052631578947367,313.744,304.346,9.398000000000025,True,,,,,0.8029165077767629,0.6942550232784132,0.10866148449834978,False,,,,,,,,,,,,,,,,
edit_latent_source_similarity_rerank,mpair_00002630_cond_00_2p,mpair_00002630,eval,2,"QED,TPSA",CC(C)CC(=O)N1C[C@H](c2ccccc2)C[C@H]1C(=O)N[C@@H](CC(F)F)C(=O)NCCc1c(F)cc(C(=O)O)cc1F,CC(C)[C@@H](O)C(=O)N1C[C@H](c2ccccc2)C[C@H]1C(=O)N[C@@H](CC(F)F)C(=O)NCCc1c(F)cc(C(=O)O)cc1F,CC(C)(N)CC(=O)N[C@H](CCc1ccccc1)C(=O)NCc1ccc(-c2ccccc2-c2nn[nH]n2)cc1,O=C(CNC(=O)[C@@H]1C[C@@H](c2ccccc2)CN1)NCCc1ccccc1,O=C(CCCc1ccccc1)NCc1ccc(-c2ccccc2-c2nn[nH]n2)cc1,False,True,False,,0.21359223300970873,0.22330097087378642,,,,,,,,,0.2789053789646464,0.24345285552316182,0.035452523441484585,True,136.04,138.68,2.640000000000015,True,,,,,,,,,,,,
edit_latent_source_similarity_rerank,mpair_00003109_cond_01_2p,mpair_00003109,eval,2,"LogP,QED",CN1CCC[C@H]1COc1cccnn1,CN1CCC[C@H]1COc1ccc(Cl)nn1,COc1ccccc1N1CCN(CCCNC(=O)c2cccnc2)CC1,c1cnnc(OC[C@@H]2CCCN2)c1,O=C(NCCCN1CCN(c2ccccc2)CC1)c1cccnc1,False,True,False,,0.2112676056338028,0.16,,,,,1.6029999999999998,2.0323,0.42930000000000046,True,0.7864914737289573,0.7712973471464228,0.015194126582534495,True,,,,,,,,,,,,,,,,
edit_latent_source_similarity_rerank,mpair_00003111_cond_00_2p,mpair_00003111,eval,2,"QED,RB",Cc1nc2nnc(C(C)(C)C)nn2c(=O)c1C,CCCCc1nnc2nc(C)c(C)c(=O)n2n1,CC[C@@]1(O)C(=O)OCc2c1cc1n(c2=O)C(CC(=O)N2CCCC2)c2cc3ccccc3nc2-1,O=c1ccnc2nncnn12,O=C1Cc2cc3n(c(=O)c2CO1)C(CC(=O)N1CCCC1)c1cc2ccccc2nc1-3,False,False,False,,0.10588235294117647,0.11363636363636363,,,,,,,,,0.7849999676400611,0.604507988822552,0.1804919788175091,False,,,,,,,,,,,,,3.0,3.0,0.0,True
edit_latent_source_similarity_rerank,mpair_00003112_cond_02_2p,mpair_00003112,eval,2,"MW,LogP",Cc1nc2nnc(C(C)(C)C)nn2c(=O)c1C,Cc1nc2nncnn2c(=O)c1C,CC(=O)OC/C(C)=C1/CN(C(C)=O)C1=O,O=c1ccnc2nncnn12,C=C1CNC1=O,False,True,False,,0.09259259259259259,0.09615384615384616,177.167,211.21699999999998,34.04999999999998,True,-0.5036600000000002,0.2546999999999999,0.7583600000000001,True,,,,,,,,,,,,,,,,,,,,
edit_latent_source_similarity_rerank,mpair_00003202_cond_00_2p,mpair_00003202,eval,2,"TPSA,HBA",O=C(OCc1ccc(-c2ccccc2)cc1)n1cccn1,N#Cc1cnn(C(=O)OCc2ccc(-c3ccccc3)cc2)c1,O=C1NC(=S)S/C1=C\c1ccc(OCc2ccc(C(=O)c3ccccc3)cc2)cc1,O=C(OCc1ccc(-c2ccccc2)cc1)n1cccn1,O=C1NC(=S)S/C1=C\c1ccc(OCc2ccc(C(=O)c3ccccc3)cc2)cc1,False,True,False,,0.22058823529411764,0.2191780821917808,,,,,,,,,,,,,67.91,55.4,12.509999999999998,True,,,,,5.0,5.0,0.0,True,,,,
edit_latent_source_similarity_rerank,mpair_00003203_cond_02_2p,mpair_00003203,eval,2,"TPSA,HBA",N#Cc1cnn(C(=O)OCc2ccc(-c3ccccc3)cc2)c1,Cc1cnn(C(=O)OCc2ccc(-c3ccccc3)cc2)c1,Cc1cnn(C(=O)OCCCc2ccccc2)c1,O=C(OCc1ccc(-c2ccccc2)cc1)n1cccn1,O=C(OCCCc1ccccc1)n1cccn1,False,True,False,,0.4107142857142857,0.6170212765957447,,,,,,,,,,,,,44.120000000000005,44.120000000000005,0.0,True,,,,,4.0,4.0,0.0,True,,,,
edit_latent_source_similarity_rerank,mpair_00003205_cond_01_2p,mpair_00003205,eval,2,"TPSA,HBA",N#Cc1cnn(C(=O)OCc2ccc(-c3ccccc3)cc2)c1,O=C(OCc1ccc(-c2ccccc2)cc1)n1cccn1,CCOC(=O)Cc1c(-c2ccccc2)nc2ccc(Br)cn12,O=C(OCc1ccc(-c2ccccc2)cc1)n1cccn1,c1ccc(-c2cn3ccccc3n2)cc1,False,True,False,,0.26865671641791045,0.27419354838709675,,,,,,,,,,,,,44.120000000000005,43.599999999999994,0.5200000000000102,True,,,,,4.0,4.0,0.0,True,,,,
edit_latent_source_similarity_rerank,mpair_00003208_cond_02_2p,mpair_00003208,eval,2,"QED,TPSA",NC(=O)N/N=C\c1ccccc1OCc1ccc2no[n+]([O-])c2c1,NC(=S)N/N=C/c1cccc(OCc2ccc3no[n+]([O-])c3c2)c1,Cc1ncc(CO)c(/C=N/NC(=O)c2ccncc2)c1O,c1ccc(OCc2ccc3no[nH+]c3c2)cc1,O=C(N/N=C/c1ccncc1)c1ccncc1,False,False,False,,0.2125,0.16470588235294117,,,,,,,,,0.30972390933844063,0.5674722296163697,0.25774832027792904,False,112.61,107.70000000000002,4.909999999999982,True,,,,,,,,,,,,
edit_latent_source_similarity_rerank,mpair_00003212_cond_00_2p,mpair_00003212,eval,2,"HBA,RB",CC(C)NC(=O)c1ccc2c(Nc3ccc(Cl)cc3)nc(N3CCOCC3)nc2c1,COC(=O)c1ccc2c(Nc3ccc(Cl)cc3)nc(N3CCOCC3)nc2c1,O=C(COc1cc(Cl)cc(Cl)c1)N1CCN(c2cccc([N+](=O)[O-])c2)CC1,c1ccc(Nc2nc(N3CCOCC3)nc3ccccc23)cc1,O=C(COc1ccccc1)N1CCN(c2ccccc2)CC1,False,False,False,,0.1724137931034483,0.17857142857142858,,,,,,,,,,,,,,,,,,,,,7.0,5.0,2.0,False,4.0,5.0,1.0,True
edit_latent_source_similarity_rerank,mpair_00003216_cond_00_2p,mpair_00003216,eval,2,"HBD,HBA",COC(=O)c1ccc2c(Nc3ccc(Cl)cc3)nc(N3CCOCC3)nc2c1,CC(C)NC(=O)c1ccc2c(Nc3ccc(Cl)cc3)nc(N3CCOCC3)nc2c1,O=C(O)c1ccc(Nc2nc(-c3ccc(Cl)cc3)nc(C3CC3)n2)cc1,c1ccc(Nc2nc(N3CCOCC3)nc3ccccc23)cc1,c1ccc(Nc2nc(-c3ccccc3)nc(C3CC3)n2)cc1,False,True,False,,0.2876712328767123,0.27631578947368424,,,,,,,,,,,,,,,,,2.0,2.0,0.0,True,6.0,5.0,1.0,True,,,,
edit_latent_source_similarity_rerank,mpair_00003223_cond_02_2p,mpair_00003223,eval,2,"MW,QED",COc1ccc(S(=O)(=O)N(Cc2cccnc2)c2c(C)cc(Br)cc2C(=O)NO)cc1,COc1ccc(S(=O)(=O)N(Cc2cccnc2)c2c(C)cccc2C(=O)NO)cc1,O=C(O)CCC(NC(=O)c1cccc(Cl)c1)C(=O)NC1CCCCCCC1,O=S(=O)(c1ccccc1)N(Cc1cccnc1)c1ccccc1,O=C(CNC(=O)c1ccccc1)NC1CCCCCCC1,False,False,False,,0.11956521739130435,0.12087912087912088,427.48200000000014,394.89900000000034,32.5829999999998,True,,,,,0.44330794633881315,0.6587085291706604,0.2154005828318472,False,,,,,,,,,,,,,,,,
edit_latent_source_similarity_rerank,mpair_00003225_cond_01_2p,mpair_00003225,eval,2,"QED,RB",COCCCN(/C(S)=C1/C(=O)c2cc(Cl)ccc2N(C)C1=O)c1ccccc1,COc1cccc(N(C)/C(S)=C2/C(=O)c3cc(Cl)ccc3N(C)C2=O)c1,CN1C(=O)C(Cc2ccccc2)N=C(c2ccc(O)cc2)c2cc(Cl)ccc21,O=C1Nc2ccccc2C(=O)/C1=C/Nc1ccccc1,O=C1Nc2ccccc2C(c2ccccc2)=NC1Cc1ccccc1,False,False,False,,0.3246753246753247,0.2857142857142857,,,,,,,,,0.4935411914533051,0.7168679802057848,0.2233267887524797,False,,,,,,,,,,,,,3.0,3.0,0.0,True
edit_latent_source_similarity_rerank,mpair_00003227_cond_00_2p,mpair_00003227,eval,2,"QED,RB",COc1ccc(N(C)/C(S)=C2/C(=O)c3cc(Cl)ccc3N(C)C2=O)cc1,COCCCN(/C(S)=C1/C(=O)c2cc(Cl)ccc2N(C)C1=O)c1ccccc1,COc1ccc(CN(C)c2ccc(-c3nc4c(C(N)=O)cccc4[nH]3)cc2)cc1,O=C1Nc2ccccc2C(=O)/C1=C/Nc1ccccc1,c1ccc(CNc2ccc(-c3nc4ccccc4[nH]3)cc2)cc1,False,False,False,,0.2073170731707317,0.14130434782608695,,,,,,,,,0.3319041471572704,0.525040418082077,0.19313627092480662,False,,,,,,,,,,,,,6.0,6.0,0.0,True
edit_latent_source_similarity_rerank,mpair_00003229_cond_02_2p,mpair_00003229,eval,2,"QED,HBD",CCCCc1nn(-c2ccccn2)c(C(=O)OCC)c1Cc1ccc(-c2ccccc2-c2nn[nH]n2)cc1,CCCCc1nn(-c2ccccn2)c(C(=O)O)c1Cc1ccc(-c2ccccc2-c2nn[nH]n2)cc1,CCc1nn(Cc2ccc(-c3ccccc3-c3nn[nH]n3)cc2)/c(=N/C(=O)c2ccccc2C(=O)O)s1,c1ccc(-n2cc(Cc3ccc(-c4ccccc4-c4nn[nH]n4)cc3)cn2)nc1,O=C(/N=c1\scnn1Cc1ccc(-c2ccccc2-c2nn[nH]n2)cc1)c1ccccc1,False,True,False,,0.3695652173913043,0.41379310344827586,,,,,,,,,0.31281238062525013,0.3383616465524556,0.025549265927205467,True,,,,,2.0,2.0,0.0,True,,,,,,,,
edit_latent_source_similarity_rerank,mpair_00003534_cond_01_2p,mpair_00003534,eval,2,"QED,RB",O=S(=O)(CC(F)(F)F)N(Cc1cccnc1)c1cccc(OC(F)(F)F)c1,CC(C)Oc1cccc(N(Cc2cccnc2)S(=O)(=O)CC(F)(F)F)c1,O=C(CCC1CCN(Cc2ccccc2)CC1)c1ccc2c(c1)CCCCN2,c1ccc(NCc2cccnc2)cc1,O=C(CCC1CCN(Cc2ccccc2)CC1)c1ccc2c(c1)CCCCN2,False,True,False,,0.125,0.1348314606741573,,,,,,,,,0.7245796953652621,0.6935397738615515,0.0310399215037106,True,,,,,,,,,,,,,7.0,6.0,1.0,True
edit_latent_source_similarity_rerank,mpair_00003538_cond_01_2p,mpair_00003538,eval,2,"LogP,TPSA",CCC(C)COc1cccc(N(Cc2cccnc2)S(=O)(=O)CC(F)(F)F)c1,CCOC(=O)C(C)Oc1cccc(N(Cc2cccnc2)S(=O)(=O)CC(F)(F)F)c1,CN(C/C=C/c1cccc([N+](=O)[O-])c1)Cc1ccc2c(c1)OCCO2,c1ccc(NCc2cccnc2)cc1,C(=C/c1ccccc1)\CNCc1ccc2c(c1)OCCO2,False,False,False,,0.13186813186813187,0.12903225806451613,,,,,3.3107000000000024,3.5112000000000023,0.2004999999999999,True,,,,,85.80000000000001,64.84,20.960000000000008,False,,,,,,,,,,,,
edit_latent_source_similarity_rerank,mpair_00003542_cond_00_2p,mpair_00003542,eval,2,"QED,RB",CC(C)COc1cccc(N(Cc2cccnc2)S(=O)(=O)CC(F)(F)F)c1,CCC(C)COc1cccc(N(Cc2cccnc2)S(=O)(=O)CC(F)(F)F)c1,CCOC(=O)C1(c2ccccc2)CCN(CCCCc2ccccc2)CC1,c1ccc(NCc2cccnc2)cc1,c1ccc(CCCCN2CCC(c3ccccc3)CC2)cc1,False,False,False,,0.13253012048192772,0.1411764705882353,,,,,,,,,0.6078002459089881,0.5054533759384515,0.10234686997053655,False,,,,,,,,,,,,,9.0,8.0,1.0,True
edit_latent_source_similarity_rerank,mpair_00003543_cond_02_2p,mpair_00003543,eval,2,"QED,RB",CC(C)Oc1cccc(N(Cc2cccnc2)S(=O)(=O)CC(F)(F)F)c1,COc1cccc(N(Cc2cccnc2)S(=O)(=O)CC(F)(F)F)c1,COc1ccc2c3c1OC1[C@H](O)[C@](CO)(CCc4ccccc4)CC4C(C2)N(C)CCC341,c1ccc(NCc2cccnc2)cc1,c1ccc(CCC2CC3Oc4cccc5c4C34CCNC(C5)C4C2)cc1,False,True,False,,0.11,0.13541666666666666,,,,,,,,,0.7946521442277092,0.7562776616027633,0.038374482624945916,True,,,,,,,,,,,,,6.0,5.0,1.0,True
edit_latent_source_similarity_rerank,mpair_00003546_cond_01_2p,mpair_00003546,eval,2,"MW,RB",COc1cccc(N(Cc2cccnc2)S(=O)(=O)CC(F)(F)F)c1,CCCC(C)Oc1cccc(N(Cc2cccnc2)S(=O)(=O)CC(F)(F)F)c1,CCS(=O)(=O)N(Cc1cccnc1)c1cccc(COc2ccccc2)c1,c1ccc(NCc2cccnc2)cc1,c1ccc(OCc2cccc(NCc3cccnc3)c2)cc1,False,True,False,,0.576271186440678,0.5625,416.4650000000001,382.4850000000002,33.979999999999905,True,,,,,,,,,,,,,,,,,,,,,9.0,8.0,1.0,True
edit_latent_source_similarity_rerank,mpair_00003548_cond_01_2p,mpair_00003548,eval,2,"QED,HBA",CCOC(=O)C(C)Oc1cccc(N(Cc2cccnc2)S(=O)(=O)CC(F)(F)F)c1,O=S(=O)(CC(F)(F)F)N(Cc1cccnc1)c1cccc(OC(F)(F)F)c1,O=S(=O)(CC(F)(F)F)N(Cc1cccnc1)c1cccc(OC2CCC2)c1,c1ccc(NCc2cccnc2)cc1,c1cncc(CNc2cccc(OC3CCC3)c2)c1,False,True,False,,0.6268656716417911,0.7241379310344828,,,,,,,,,0.6736163493728189,0.7071110589616536,0.033494709588834715,True,,,,,,,,,4.0,4.0,0.0,True,,,,
edit_latent_source_similarity_rerank,mpair_00000003_cond_01_3p,mpair_00000003,eval,3,"MW,LogP,HBA",COc1cccc(C(=O)N2C[C@H](CN3CCC(c4ccccc4)CC3)[C@@H](c3ccccc3)C2)c1,O=C(c1ccccc1Br)N1C[C@H](CN2CCC(c3ccccc3)CC2)[C@@H](c2ccccc2)C1,Oc1ccc2c(c1)CCC(c1ccccc1)=C2c1ccc(OCCN2CCCC2)cc1,O=C(c1ccccc1)N1C[C@H](CN2CCC(c3ccccc3)CC2)[C@@H](c2ccccc2)C1,c1ccc(C2=C(c3ccc(OCCN4CCCC4)cc3)c3ccccc3CC2)cc1,False,False,False,,0.1744186046511628,0.14457831325301204,503.48400000000026,411.54500000000036,91.93899999999991,False,6.184500000000006,5.772100000000006,0.4123999999999999,True,,,,,,,,,,,,,2.0,3.0,1.0,True,,,,
edit_latent_source_similarity_rerank,mpair_00000009_cond_02_3p,mpair_00000009,eval,3,"LogP,HBA,RB",COc1cccc(C(=O)N2C[C@H](CN3CCC(c4ccccc4)CC3)[C@@H](c3ccccc3)C2)c1,O=C(c1cccc(Cl)c1)N1C[C@H](CN2CCC(c3ccccc3)CC2)[C@@H](c2ccccc2)C1,O=c1ccc(-c2ccc(Cl)c(Cl)c2)cn1C(CN1CCCC1)c1ccccc1,O=C(c1ccccc1)N1C[C@H](CN2CCC(c3ccccc3)CC2)[C@@H](c2ccccc2)C1,O=c1ccc(-c2ccccc2)cn1C(CN1CCCC1)c1ccccc1,False,True,False,,0.1566265060240964,0.19230769230769232,,,,,6.075400000000006,5.507300000000006,0.5681000000000003,True,,,,,,,,,,,,,2.0,3.0,1.0,True,5.0,5.0,0.0,True
edit_latent_source_similarity_rerank,mpair_00000015_cond_02_3p,mpair_00000015,eval,3,"LogP,TPSA,HBA",O=C(O)CC[C@H]1CC[C@H]2CN[C@H](C(=O)O)C[C@H]2C1,O=C(O)[C@@H]1C[C@H]2C[C@@H](CCS(=O)(=O)O)CC[C@H]2CN1,N#Cc1ccccc1OCC(O)CNCCNC(=O)Nc1ccccc1[N+](=O)[O-],C1CC[C@H]2CNCC[C@H]2C1,O=C(NCCNCCCOc1ccccc1)Nc1ccccc1,False,False,False,,0.047619047619047616,0.04597701149425287,,,,,0.7433000000000001,1.6174799999999996,0.8741799999999995,True,,,,,103.7,149.55,45.85000000000001,False,,,,,4.0,7.0,3.0,False,,,,
edit_latent_source_similarity_rerank,mpair_00000322_cond_00_3p,mpair_00000322,eval,3,"MW,LogP,QED",N[C@@H](C(=O)N[C@@H]1C(=O)N2C(C(=O)O)=C(C(F)(F)F)CC[C@H]12)c1cccc(C(F)(F)F)c1,CSC1=C(C(=O)O)N2C(=O)[C@@H](NC(=O)[C@H](N)c3ccccc3)[C@H]2CC1,CCOC(=O)c1nc(O)c2cc3cc(OC)c(O)cc3nc2n1,O=C(Cc1ccccc1)N[C@@H]1C(=O)N2C=CCC[C@H]12,c1ccc2nc3ncncc3cc2c1,False,False,False,,0.06521739130434782,0.06976744186046512,361.42300000000006,315.285,46.138000000000034,False,0.8350000000000002,1.7744999999999995,0.9394999999999993,True,0.6699274889764619,0.5549097929673878,0.11501769600907408,False,,,,,,,,,,,,,,,,
edit_latent_source_similarity_rerank,mpair_00000329_cond_01_3p,mpair_00000329,eval,3,"QED,HBA,RB",CSC1=C(C(=O)O)N2C(=O)[C@@H](NC(=O)[C@H](N)c3ccccc3)[C@H]2CC1,N[C@@H](C(=O)N[C@@H]1C(=O)N2C(C(=O)O)=C(C(F)(F)F)CC[C@H]12)c1ccc(F)cc1,CNC(=O)c1cc(NCc2cc(O)ccc2O)ccc1O,O=C(Cc1ccccc1)N[C@@H]1C(=O)N2C=CCC[C@H]12,c1ccc(CNc2ccccc2)cc1,False,True,False,,0.1038961038961039,0.0875,,,,,,,,,0.5187711593734389,0.5519100986650174,0.03313893929157852,True,,,,,,,,,4.0,5.0,1.0,True,4.0,4.0,0.0,True
edit_latent_source_similarity_rerank,mpair_00000331_cond_01_3p,mpair_00000331,eval,3,"TPSA,HBD,HBA",N[C@@H](C(=O)N[C@@H]1C(=O)N2C(C(=O)O)=C(C(F)(F)F)CC[C@H]12)c1ccc(O)cc1,N[C@@H](C(=O)N[C@@H]1C(=O)N2C(C(=O)O)=C(C(F)(F)F)CC[C@H]12)c1ccc(F)cc1,CC(C)C(NC(=O)NNC(=O)OC(C)(C)C)C(=O)OCc1ccccc1,O=C(Cc1ccccc1)N[C@@H]1C(=O)N2C=CCC[C@H]12,c1ccccc1,False,True,False,,0.13580246913580246,0.12195121951219512,,,,,,,,,,,,,112.73,105.76,6.969999999999999,True,3.0,3.0,0.0,True,4.0,5.0,1.0,True,,,,
edit_latent_source_similarity_rerank,mpair_00000336_cond_00_3p,mpair_00000336,eval,3,"MW,LogP,QED",N[C@@H](C(=O)N[C@@H]1C(=O)N2C(C(=O)O)=C(C(F)(F)F)CC[C@H]12)c1cccc(Br)c1,N[C@@H](C(=O)N[C@@H]1C(=O)N2C(C(=O)O)=C(C(F)(F)F)CC[C@H]12)c1ccc(F)cc1,N=C(N)c1ccc(N2CCN(c3cccc(OCC(=O)O)c3)CC2)cc1,O=C(Cc1ccccc1)N[C@@H]1C(=O)N2C=CCC[C@H]12,c1ccc(N2CCN(c3ccccc3)CC2)cc1,False,False,False,,0.18518518518518517,0.15,401.3160000000001,354.4100000000001,46.906000000000006,False,1.2158999999999993,1.76067,0.5447700000000006,True,0.5187711593734389,0.5395181649739035,0.020747005600464608,True,,,,,,,,,,,,,,,,
edit_latent_source_similarity_rerank,mpair_00000595_cond_01_3p,mpair_00000595,eval,3,"QED,HBD,RB",COc1ccc(CCCC[C@@H]2N[C@@H](CO)[C@H](O)[C@H]2O)cc1,OC[C@@H]1N[C@@H](CCCCc2ccc(O)cc2)[C@H](O)[C@H]1O,N=C(N)SCCc1cccc(CCSC(=N)N)c1,c1ccc(CCCC[C@H]2CCCN2)cc1,c1ccccc1,False,True,False,,0.1320754716981132,0.14285714285714285,,,,,,,,,0.47902706341404183,0.4735640167613713,0.005463046652670556,True,,,,,5.0,4.0,1.0,True,,,,,6.0,6.0,0.0,True
edit_latent_source_similarity_rerank,mpair_00000726_cond_00_3p,mpair_00000726,eval,3,"MW,LogP,QED",C=CCc1cc(/C=C2\SC(=O)NC2=O)c(OC)cc1OC1CCCCO1,C=CCc1cc(/C=C2\SC(=O)N(CC=C)C2=O)c(OC)cc1OC1CCCCO1,COc1ccc(CC2CCCc3c(C=O)nn(-c4ccc(F)cc4)c32)cc1OC,O=C1NC(=O)/C(=C/c2ccc(OC3CCCCO3)cc2)S1,c1ccc(CC2CCCc3cnn(-c4ccccc4)c32)cc1,False,False,False,,0.18478260869565216,0.18947368421052632,415.51100000000025,394.4460000000001,21.06500000000017,True,4.551400000000004,4.503700000000004,0.047699999999999854,True,0.45838471716690443,0.5777188158610734,0.119334098694169,False,,,,,,,,,,,,,,,,
edit_latent_source_similarity_rerank,mpair_00000739_cond_01_3p,mpair_00000739,eval,3,"LogP,QED,RB",C=CCc1cc(/C=C2\SC(=O)N(CCCC)C2=O)c(OC)cc1OC1CCCCO1,C=CCc1cc(/C=C2\SC(=O)N(CC=C)C2=O)c(OC)cc1OC1CCCCO1,CCCCOc1cc(OC)c(/C=C2\SC(=O)N(C)C2=O)cc1Br,O=C1NC(=O)/C(=C/c2ccc(OC3CCCCO3)cc2)S1,O=C1NC(=O)/C(=C/c2ccccc2)S1,False,False,False,,0.4266666666666667,0.35526315789473684,,,,,4.551400000000004,4.302700000000003,0.24870000000000037,True,0.45838471716690443,0.5264886344093901,0.06810391724248566,True,,,,,,,,,,,,,8.0,6.0,2.0,False
edit_latent_source_similarity_rerank,mpair_00000741_cond_02_3p,mpair_00000741,eval,3,"LogP,QED,RB",C=CCc1cc(/C=C2\SC(=O)N(C)C2=O)c(OC)cc1OC1CCCCO1,C=CCc1cc(/C=C2\SC(=O)N(C(C)C)C2=O)c(OC)cc1OC1CCCCO1,COc1cc(C(C)O)ccc1OCCCN1CCC(c2noc3cc(F)ccc23)CC1,O=C1NC(=O)/C(=C/c2ccc(OC3CCCCO3)cc2)S1,c1ccc(OCCCN2CCC(c3noc4ccccc34)CC2)cc1,False,True,False,,0.18181818181818182,0.18811881188118812,,,,,4.773800000000004,4.677300000000004,0.09649999999999981,True,0.4701504427149941,0.5257850534750537,0.055634610760059544,True,,,,,,,,,,,,,7.0,8.0,1.0,True
edit_latent_source_similarity_rerank,mpair_00000746_cond_01_3p,mpair_00000746,eval,3,"LogP,QED,RB",C=CCc1cc(/C=C2\SC(=O)N(CC=C)C2=O)c(OC)cc1OC1CCCCO1,C=CCc1cc(/C=C2\SC(=O)N(CCCC)C2=O)c(OC)cc1OC1CCCCO1,COc1ccc(C2=NN(CCCCOc3ccc(C4=NNC(=O)CC4C)cc3)C(=O)C3CC=CCC23)cc1Cl,O=C1NC(=O)/C(=C/c2ccc(OC3CCCCO3)cc2)S1,O=C1CCC(c2ccc(OCCCCN3N=C(c4ccccc4)C4CC=CCC4C3=O)cc2)=NN1,False,True,False,,0.1574074074074074,0.17272727272727273,,,,,5.165500000000004,5.196600000000005,0.031100000000001238,True,0.39718598618589046,0.34433074632779237,0.05285523985809809,True,,,,,,,,,,,,,9.0,9.0,0.0,True
edit_latent_source_similarity_rerank,mpair_00000748_cond_01_3p,mpair_00000748,eval,3,"LogP,QED,RB",C=CCc1cc(/C=C2\SC(=O)N(C)C2=O)c(OC)cc1OC1CCCCO1,C=CCc1cc(/C=C2\SC(=O)N(CC=C)C2=O)c(OC)cc1OC1CCCCO1,COc1cccc2c(C(=O)N(Cc3c(F)cccc3Cl)C(C)C)nn(CCN3CCOCC3)c12,O=C1NC(=O)/C(=C/c2ccc(OC3CCCCO3)cc2)S1,O=C(NCc1ccccc1)c1nn(CCN2CCOCC2)c2ccccc12,False,True,False,,0.14150943396226415,0.1388888888888889,,,,,4.551400000000004,4.220400000000003,0.3310000000000004,True,0.45838471716690443,0.47487830396473585,0.016493586797831417,True,,,,,,,,,,,,,8.0,8.0,0.0,True
edit_latent_source_similarity_rerank,mpair_00000754_cond_02_3p,mpair_00000754,eval,3,"MW,LogP,QED",COC(=O)C[C@@H]1CC(=O)N2[C@H](Cc3c[nH]c4ccccc34)CO[C@@H]2C1,CC[C@H]1CCC(=O)N2[C@H](Cc3c[nH]c4ccccc34)CO[C@H]12,Cc1cnn(C(=O)Cc2ccc(-c3ccccc3)cc2)c1,O=C1CCC[C@H]2OC[C@@H](Cc3c[nH]c4ccccc34)N12,O=C(Cc1ccc(-c2ccccc2)cc1)n1cccn1,False,False,False,,0.1518987341772152,0.136986301369863,298.3860000000001,276.33900000000006,22.047000000000025,True,3.0839000000000016,3.7414200000000024,0.6575200000000008,True,0.9461815070706311,0.7300674066601358,0.21611410041049528,False,,,,,,,,,,,,,,,,
edit_latent_source_similarity_rerank,mpair_00001117_cond_00_3p,mpair_00001117,eval,3,"MW,HBD,HBA",COc1ccc(N2CCN(CCC3c4ccccc4C(=O)N3C)CC2)cc1,O=C1NC(CCN2CCN(c3ccccc3)CC2)c2ccccc21,CC(=O)Nc1cccc2c1C(=O)c1ccccc1C2=O,O=C1NC(CCN2CCN(c3ccccc3)CC2)c2ccccc21,O=C1c2ccccc2C(=O)c2ccccc21,False,False,False,,0.15625,0.15254237288135594,321.4240000000001,265.268,56.15600000000012,False,,,,,,,,,,,,,1.0,1.0,0.0,True,3.0,3.0,0.0,True,,,,
edit_latent_source_similarity_rerank,mpair_00001127_cond_02_3p,mpair_00001127,eval,3,"LogP,TPSA,HBD",CN1C(=O)c2ccccc2C1CCN1CCN(c2ccc(Cl)cc2)CC1,COc1ccc(N2CCN(CCC3NC(=O)c4ccccc43)CC2)cc1,O=C1c2ccccc2C(=O)N1OCCCN1CCN(c2cccc(Cl)c2)CC1,O=C1NC(CCN2CCN(c3ccccc3)CC2)c2ccccc21,O=C1c2ccccc2C(=O)N1OCCCN1CCN(c2ccccc2)CC1,False,True,False,,0.4098360655737705,0.3283582089552239,,,,,2.692000000000001,3.079900000000001,0.38790000000000013,True,,,,,44.81,53.09,8.280000000000001,True,1.0,0.0,1.0,True,,,,,,,,
edit_latent_source_similarity_rerank,mpair_00001133_cond_01_3p,mpair_00001133,eval,3,"QED,TPSA,HBA",COc1ccccc1CC(=O)NCCC1CCN(CC2COc3ccccc3O2)CC1,O=C(Cc1ccccc1[N+](=O)[O-])NCCC1CCN(CC2COc3ccccc3O2)CC1,COc1ccc(S(=O)(=O)N(CC2CCCC2)C[C@@H](O)CN(Cc2ccccc2)C(=O)O[C@H]2CCOC2)cc1,O=C(Cc1ccccc1)NCCC1CCN(CC2COc3ccccc3O2)CC1,O=C(O[C@H]1CCOC1)N(CCCN(CC1CCCC1)S(=O)(=O)c1ccccc1)Cc1ccccc1,False,True,False,,0.18627450980392157,0.1619047619047619,,,,,,,,,0.5015202818225966,0.4331153374100437,0.06840494441255285,True,93.94,105.61000000000001,11.670000000000016,True,,,,,6.0,7.0,1.0,True,,,,
edit_latent_source_similarity_rerank,mpair_00002370_cond_01_3p,mpair_00002370,eval,3,"QED,HBA,RB",CCOC(=O)/C=C/c1cc(C(=O)c2ccc(-n3ccnc3)cc2)cn1C,Cn1cc(C(=O)c2ccc(-n3ccnc3)cc2)cc1/C=C/C(=O)O,CCCOc1ccccc1-c1nc2c(c(C)nn2C(C)(C)C)c(=O)[nH]1,O=C(c1ccc(-n2ccnc2)cc1)c1cc[nH]c1,O=c1[nH]c(-c2ccccc2)nc2[nH]ncc12,False,False,False,,0.13636363636363635,0.08045977011494253,,,,,,,,,0.5785260949639057,0.7868245107370463,0.20829841577314057,False,,,,,,,,,5.0,5.0,0.0,True,5.0,4.0,1.0,True
edit_latent_source_similarity_rerank,mpair_00002375_cond_01_3p,mpair_00002375,eval,3,"LogP,TPSA,HBA",COc1cccc2sc([C@@H]3C[C@H]4CC[C@@H](C3)N4C[C@H](O)COc3cccc4[nH]c(C(N)=O)cc34)cc12,COc1cccc2sc([C@@H]3C[C@H]4CC[C@@H](C3)N4C[C@H](O)COc3cccc4[nH]c(C)cc34)cc12,COc1cccc2sc([C@H]3C[C@H]4CC[C@@H](C3)N4C[C@H](O)COc3cccc4[nH]c(C)cc34)cc12,c1ccc2sc([C@@H]3C[C@H]4CC[C@@H](C3)N4CCCOc3cccc4[nH]ccc34)cc2c1,c1ccc2sc([C@H]3C[C@H]4CC[C@@H](C3)N4CCCOc3cccc4[nH]ccc34)cc2c1,False,True,False,,0.7916666666666666,1.0,,,,,5.849920000000006,5.849920000000006,0.0,True,,,,,57.720000000000006,57.720000000000006,0.0,True,,,,,5.0,5.0,0.0,True,,,,
edit_latent_source_similarity_rerank,mpair_00002464_cond_02_3p,mpair_00002464,eval,3,"QED,HBA,RB",CN(C)CCCOc1cc(C(=O)Nc2ccc(OC(F)(F)F)cc2)n(Cc2ccccc2)n1,CN(C)CCCOc1cc(C(=O)Nc2ccc(Cl)cc2F)n(Cc2ccccc2)n1,CCCCCC(O)c1cccc(OCc2cccc(C(=O)OC)c2)c1,O=C(Nc1ccccc1)c1ccnn1Cc1ccccc1,c1ccc(COc2ccccc2)cc1,False,True,False,,0.20930232558139536,0.1839080459770115,,,,,,,,,0.5138601191048354,0.5315174442824351,0.01765732517759966,True,,,,,,,,,5.0,4.0,1.0,True,9.0,9.0,0.0,True
edit_latent_source_similarity_rerank,mpair_00002468_cond_02_3p,mpair_00002468,eval,3,"MW,LogP,RB",CN(C)CCCOc1cc(C(=O)Nc2cc(F)cc(C(F)(F)F)c2)n(Cc2ccccc2)n1,COc1ccc(NC(=O)c2cc(OCCCN(C)C)nn2Cc2ccccc2)cc1,COC(=O)C(Cc1cccc(OCC(=O)O)c1)c1nc(-c2ccccc2)c(-c2ccccc2)o1,O=C(Nc1ccccc1)c1ccnn1Cc1ccccc1,c1ccc(CCc2nc(-c3ccccc3)c(-c3ccccc3)o2)cc1,False,False,False,,0.18947368421052632,0.22988505747126436,408.50200000000007,457.48200000000014,48.980000000000075,False,3.522800000000002,4.971300000000004,1.448500000000002,False,,,,,,,,,,,,,,,,,10.0,9.0,1.0,True
edit_latent_source_similarity_rerank,mpair_00002471_cond_00_3p,mpair_00002471,eval,3,"MW,TPSA,RB",CN(C)CCCOc1cc(C(=O)Nc2ccc(Cl)cc2F)n(Cc2ccccc2)n1,COc1cc(NC(=O)c2cc(OCCCN(C)C)nn2Cc2ccccc2)cc(OC)c1OC,CCCCC(=O)N(Cc1ccc(-c2ccccc2-c2nn[nH]n2)cc1)C(Cc1ccc(F)cc1)C(=O)O,O=C(Nc1ccccc1)c1ccnn1Cc1ccccc1,c1ccc(CCNCc2ccc(-c3ccccc3-c3nn[nH]n3)cc2)cc1,False,False,False,,0.17,0.1485148514851485,468.5540000000002,501.5620000000002,33.00799999999998,True,,,,,,,,,87.08000000000001,112.07000000000001,24.989999999999995,False,,,,,,,,,12.0,11.0,1.0,True
edit_latent_source_similarity_rerank,mpair_00002477_cond_02_3p,mpair_00002477,eval,3,"QED,HBA,RB",CN(C)CCCOc1cc(C(=O)Nc2cc(F)cc(C(F)(F)F)c2)n(Cc2ccccc2)n1,CN(C)CCCOc1cc(C(=O)Nc2ccc(OC(F)(F)F)cc2)n(Cc2ccccc2)n1,Cc1cccc(C)c1OCC(O)CN1CCN(C(C(=O)NCc2ccccc2)c2ccc(C(F)(F)F)cc2)CC1,O=C(Nc1ccccc1)c1ccnn1Cc1ccccc1,O=C(NCc1ccccc1)C(c1ccccc1)N1CCN(CCCOc2ccccc2)CC1,False,True,False,,0.23711340206185566,0.20408163265306123,,,,,,,,,0.4522382232340766,0.37865562327908103,0.07358259995499555,True,,,,,,,,,6.0,5.0,1.0,True,10.0,10.0,0.0,True
edit_latent_source_similarity_rerank,mpair_00002481_cond_00_3p,mpair_00002481,eval,3,"LogP,TPSA,RB",COc1cc(NC(=O)c2cc(OCCCN(C)C)nn2Cc2ccccc2)cc(OC)c1OC,CN(C)CCCOc1cc(C(=O)Nc2cc(F)cc(C(F)(F)F)c2)n(Cc2ccccc2)n1,CCCCCC(C)OC(=O)NC(=O)Oc1c(C(C)C)cccc1C(C)C,O=C(Nc1ccccc1)c1ccnn1Cc1ccccc1,c1ccccc1,False,False,False,,0.17073170731707318,0.14942528735632185,,,,,4.672100000000003,6.127200000000006,1.4551000000000034,False,,,,,59.39,64.63,5.239999999999995,True,,,,,,,,,9.0,8.0,1.0,True
edit_latent_source_similarity_rerank,mpair_00002485_cond_01_3p,mpair_00002485,eval,3,"LogP,TPSA,HBA",CN(C)CCCOc1cc(C(=O)Nc2cc(F)cc(C(F)(F)F)c2)n(Cc2ccccc2)n1,COc1cc(NC(=O)c2cc(OCCCN(C)C)nn2Cc2ccccc2)cc(OC)c1OC,CCCc1nc(-n2cccc2)c(C(=O)OCC)n1Cc1ccc(-c2ccccc2-c2nn[nH]n2)cc1,O=C(Nc1ccccc1)c1ccnn1Cc1ccccc1,c1ccc(-c2nn[nH]n2)c(-c2ccc(Cn3cnc(-n4cccc4)c3)cc2)c1,False,False,False,,0.1523809523809524,0.15841584158415842,,,,,3.5400000000000027,4.698400000000003,1.1584000000000003,False,,,,,87.08000000000001,103.51,16.429999999999993,True,,,,,8.0,8.0,0.0,True,,,,
edit_latent_source_similarity_rerank,mpair_00002490_cond_00_3p,mpair_00002490,eval,3,"LogP,TPSA,HBA",CCOC(=O)c1cc(C(C)O)cn1S(=O)(=O)c1cc(Cl)ccc1N,C=Cc1cc(C(=O)OCC)n(S(=O)(=O)c2cc(Cl)ccc2N)c1,CCOC(=O)CCc1c(O)nc(C)c2cc(OC)c(OC)cc12,O=S(=O)(c1ccccc1)n1cccc1,c1ccc2cnccc2c1,False,True,False,,0.17333333333333334,0.1891891891891892,,,,,2.7804,2.7617200000000013,0.01867999999999892,True,,,,,91.39,77.88000000000001,13.509999999999991,True,,,,,6.0,6.0,0.0,True,,,,
edit_latent_source_similarity_rerank,mpair_00002500_cond_01_3p,mpair_00002500,eval,3,"MW,QED,RB",O=C1C(Nc2ccc(Br)cc2)=C(Cl)C(=O)c2ncncc21,CCc1ccc(NC2=C(Cl)C(=O)c3ncncc3C2=O)cc1,Cc1ccc2c3c(c(=O)oc2c1)CN(Cc1ccccc1)CC3,O=C1C(Nc2ccccc2)=CC(=O)c2ncncc21,O=c1oc2ccccc2c2c1CN(Cc1ccccc1)CC2,False,False,False,,0.08,0.12,313.744,305.37700000000007,8.366999999999962,True,,,,,0.9428073960459649,0.6775188102705082,0.26528858577545666,False,,,,,,,,,,,,,3.0,2.0,1.0,True
edit_latent_source_similarity_rerank,mpair_00002503_cond_02_3p,mpair_00002503,eval,3,"MW,QED,RB",CCc1ccc(NC2=C(Cl)C(=O)c3ncncc3C2=O)cc1,O=C1C(Nc2ccc(Br)cc2)=C(Cl)C(=O)c2ncncc21,CCOc1cc2c(cc1Cl)N(C(=O)Nc1cccnc1)CC2,O=C1C(Nc2ccccc2)=CC(=O)c2ncncc21,O=C(Nc1cccnc1)N1CCc2ccccc21,False,False,False,,0.19480519480519481,0.15584415584415584,364.58600000000007,317.77600000000007,46.81,False,,,,,0.885902971993687,0.9381359384695964,0.05223296647590947,True,,,,,,,,,,,,,2.0,3.0,1.0,True
edit_latent_source_similarity_rerank,mpair_00002509_cond_02_3p,mpair_00002509,eval,3,"LogP,QED,TPSA",CSc1cc(-c2ccc(Br)cc2)oc(=O)c1C#N,CSc1cc(-c2ccc(Br)cc2)oc(=O)c1Br,CC1(C)C=C(n2ccccc2=O)c2cc(C(F)(F)C(F)(F)F)ccc2C1=O,O=c1cccc(-c2ccccc2)o1,O=C1CC=C(n2ccccc2=O)c2ccccc21,False,True,False,,0.09722222222222222,0.1044776119402985,,,,,4.553700000000002,4.614100000000003,0.06040000000000134,True,0.7207772389894862,0.7105645771516093,0.010212661837876946,True,30.21,39.07,8.86,True,,,,,,,,,,,,
edit_latent_source_similarity_rerank,mpair_00002533_cond_00_3p,mpair_00002533,eval,3,"LogP,TPSA,HBA",CSc1cc(-c2ccc(Br)cc2)oc(=O)c1C#N,CSc1cc(-c2ccc(Cl)cc2)oc(=O)c1Br,O=c1c(-c2ccc(F)cc2)cccn1C(CN1CCCC1)c1ccccc1,O=c1cccc(-c2ccccc2)o1,O=c1c(-c2ccccc2)cccn1C(CN1CCCC1)c1ccccc1,False,True,False,,0.09722222222222222,0.10144927536231885,,,,,4.444600000000001,4.3396000000000035,0.10499999999999776,True,,,,,30.21,25.240000000000002,4.969999999999999,True,,,,,3.0,3.0,0.0,True,,,,
edit_latent_source_similarity_rerank,mpair_00002557_cond_02_3p,mpair_00002557,eval,3,"LogP,QED,HBA",CSc1nc(-c2ccc(C)cc2)nn1C(=O)N(C)c1ccccc1,CSc1nc(-c2ccc(OC(F)(F)F)cc2)nn1C(=O)N(C)c1ccccc1,COc1ccc(Cc2cc(C3CCN(C(=O)Cc4ccc(Cl)cc4)CC3)nc(N)n2)cc1,O=C(Nc1ccccc1)n1cnc(-c2ccccc2)n1,O=C(Cc1ccccc1)N1CCC(c2cc(Cc3ccccc3)ncn2)CC1,False,True,False,,0.13095238095238096,0.1590909090909091,,,,,4.670100000000003,4.260300000000003,0.4098000000000006,True,0.5874043626188404,0.6063815520085638,0.01897718938972337,True,,,,,,,,,6.0,5.0,1.0,True,,,,
edit_latent_source_similarity_rerank,mpair_00002564_cond_01_3p,mpair_00002564,eval,3,"LogP,QED,HBA",CSc1nc(-c2ccc(OC(F)(F)F)cc2)nn1C(=O)N(C)c1ccccc1,CN(C(=O)n1nc(-c2ccc(Cl)cc2)nc1SCC(F)(F)F)c1ccccc1,CCCc1cc(Cl)c2oc(Cc3ccc(OCC(=O)O)cc3)c(C)c2c1O,O=C(Nc1ccccc1)n1cnc(-c2ccccc2)n1,c1ccc(Cc2cc3ccccc3o2)cc1,False,True,False,,0.12222222222222222,0.12087912087912088,,,,,5.357400000000003,5.106920000000004,0.2504799999999987,True,0.5270344401044634,0.5876877061423944,0.060653266037930975,True,,,,,,,,,5.0,4.0,1.0,True,,,,
edit_latent_source_similarity_rerank,mpair_00002572_cond_02_3p,mpair_00002572,eval,3,"HBD,HBA,RB",COc1cc(C(=O)N2CCN(C(=O)c3cc(OC)c(OC)c(OC)c3)C(CO)C2)cc(OC)c1OC,COc1cc(C(=O)N2CCN(C(=O)c3cc(OC)c(OC)c(OC)c3)C(COC(=O)CC(C)(C)C)C2)cc(OC)c1OC,COc1cc(CCN2CCC(Nc3nc4ccccc4n3Cc3ccccc3)CC2)cc(OC)c1OC,O=C(c1ccccc1)N1CCN(C(=O)c2ccccc2)CC1,c1ccc(CCN2CCC(Nc3nc4ccccc4n3Cc3ccccc3)CC2)cc1,False,False,False,,0.24675324675324675,0.22093023255813954,,,,,,,,,,,,,,,,,0.0,1.0,1.0,True,10.0,7.0,3.0,False,11.0,10.0,1.0,True
edit_latent_source_similarity_rerank,mpair_00002583_cond_01_3p,mpair_00002583,eval,3,"MW,LogP,QED",CCN(CC)C(=O)OCC1CN(C(=O)c2cc(OC)c(OC)c(OC)c2)CCN1C(=O)c1cc(OC)c(OC)c(OC)c1,COc1cc(C(=O)N2CCN(C(=O)c3cc(OC)c(OC)c(OC)c3)C(CO)C2)cc(OC)c1OC,CC(C)(Oc1ccc(N2CCN(c3ccc(C(=N)N)cc3)CC2)cc1)C(=O)O,O=C(c1ccccc1)N1CCN(C(=O)c2ccccc2)CC1,c1ccc(N2CCN(c3ccccc3)CC2)cc1,False,False,False,,0.14473684210526316,0.16417910447761194,504.53600000000034,382.46400000000017,122.07200000000017,False,1.6973000000000003,2.53927,0.8419699999999999,True,0.544633228323374,0.5240438848404784,0.02058934348289565,True,,,,,,,,,,,,,,,,
edit_latent_source_similarity_rerank,mpair_00002588_cond_00_3p,mpair_00002588,eval,3,"MW,QED,RB",COc1cc(C(=O)N2CCN(C(=O)c3cc(OC)c(OC)c(OC)c3)CC2)cc(OC)c1OC,CCN(CC)C(=O)OCC1CN(C(=O)c2cc(OC)c(OC)c(OC)c2)CCN1C(=O)c1cc(OC)c(OC)c(OC)c1,CCOC(=O)C1=C(C)NC(C)=C(C(=O)OCC)C1c1ccc(OCCCN2CCCC2)c(OC)c1,O=C(c1ccccc1)N1CCN(C(=O)c2ccccc2)CC1,C1=CC(c2ccc(OCCCN3CCCC3)cc2)C=CN1,False,False,False,,0.234375,0.23170731707317074,603.6690000000003,486.60900000000044,117.05999999999989,False,,,,,0.3571777118480848,0.37210992506091856,0.014932213212833778,True,,,,,,,,,,,,,12.0,11.0,1.0,True
edit_latent_source_similarity_rerank,mpair_00002594_cond_01_3p,mpair_00002594,eval,3,"MW,LogP,RB",CCN(CC)C(=O)OCC1CN(C(=O)c2cc(OC)c(OC)c(OC)c2)CCN1C(=O)c1cc(OC)c(OC)c(OC)c1,COc1cc(C(=O)N2CCN(C(=O)c3cc(OC)c(OC)c(OC)c3)C(COC(C)=O)C2)cc(OC)c1OC,CCCN(C)C(=O)CN1C[C@H](c2ccc3c(c2)OCC3)[C@@H](C(=O)O)[C@@H]1c1ccc(OC)cc1,O=C(c1ccccc1)N1CCN(C(=O)c2ccccc2)CC1,c1ccc([C@H]2C[C@@H](c3ccc4c(c3)OCC4)CN2)cc1,False,False,False,,0.1827956989247312,0.16666666666666666,546.5730000000003,452.5510000000002,94.0220000000001,False,2.2681000000000004,3.339800000000001,1.0717000000000008,False,,,,,,,,,,,,,,,,,10.0,8.0,2.0,False
edit_latent_source_similarity_rerank,mpair_00002600_cond_01_3p,mpair_00002600,eval,3,"MW,QED,RB",COc1ccc(C(=O)Nc2ccncc2Cl)c2cccnc12,CCc1ccc2c(C(=O)Nc3c(Cl)cncc3Cl)ccc(OC)c2n1,Cc1c(Cc2ccncc2)c(=O)oc2cc(OC(=O)N(C)C)c(Cl)cc12,O=C(Nc1ccncc1)c1cccc2ncccc12,O=c1oc2ccccc2cc1Cc1ccncc1,False,True,False,,0.22784810126582278,0.225,376.2430000000001,372.80800000000005,3.435000000000059,True,,,,,0.7131894410136064,0.6536688209271597,0.05952062008644665,True,,,,,,,,,,,,,4.0,3.0,1.0,True
edit_latent_source_similarity_rerank,mpair_00002603_cond_01_3p,mpair_00002603,eval,3,"LogP,TPSA,HBA",COc1ccc(C(=O)Nc2c(Cl)cncc2Cl)c2ccc(C(C)O)nc12,CCc1ccc2c(C(=O)Nc3c(Cl)cncc3Cl)ccc(OC)c2n1,CNC(=O)c1cc2c(Oc3ccc(C(F)(F)F)cc3)cncc2s1,O=C(Nc1ccncc1)c1cccc2ncccc12,c1ccc(Oc2cncc3sccc23)cc1,False,True,False,,0.20512820512820512,0.2077922077922078,,,,,4.759900000000003,4.467000000000002,0.2929000000000004,True,,,,,64.11,51.22,12.89,True,,,,,4.0,4.0,0.0,True,,,,
edit_latent_source_similarity_rerank,mpair_00002610_cond_00_3p,mpair_00002610,eval,3,"LogP,TPSA,HBA",CCc1ccc2c(C(=O)Nc3c(Cl)cncc3Cl)ccc(OC)c2n1,COc1ccc(C(=O)Nc2c(Cl)cncc2Cl)c2ccc(C(C)O)nc12,CCNC(=O)Nc1ccc2ncc(-c3ccc(OC)c(OC)c3)cc2n1,O=C(Nc1ccncc1)c1cccc2ncccc12,c1ccc(-c2cnc3cccnc3c2)cc1,False,True,False,,0.2702702702702703,0.23376623376623376,,,,,4.2508000000000035,3.4554000000000027,0.7954000000000008,True,,,,,84.34,85.37,1.0300000000000011,True,,,,,5.0,5.0,0.0,True,,,,
edit_latent_source_similarity_rerank,mpair_00002616_cond_00_3p,mpair_00002616,eval,3,"TPSA,HBA,RB",COc1ccc(C(=O)Nc2c(F)cncc2F)c2ccc(C(F)(F)F)nc12,COc1ccc(C(=O)Nc2c(Cl)cncc2Cl)c2ccc(C(C)=O)nc12,COc1cc2ncc(C#N)c(Nc3ccc(F)c(C(F)(F)F)c3)c2cc1OC,O=C(Nc1ccncc1)c1cccc2ncccc12,c1ccc(Nc2ccnc3ccccc23)cc1,False,True,False,,0.2631578947368421,0.1728395061728395,,,,,,,,,,,,,81.17999999999999,67.17,14.009999999999991,True,,,,,5.0,5.0,0.0,True,4.0,4.0,0.0,True
edit_latent_source_similarity_rerank,mpair_00002620_cond_02_3p,mpair_00002620,eval,3,"LogP,QED,RB",CCc1ccc2c(C(=O)Nc3c(Cl)cncc3Cl)ccc(OC)c2n1,COc1ccc(C(=O)Nc2c(Cl)cncc2Cl)c2cccnc12,Cc1cnc(NC(=O)C2C(=O)N3c4ccc(F)cc4Cc4cccc2c43)s1,O=C(Nc1ccncc1)c1cccc2ncccc12,O=C(Nc1nccs1)C1C(=O)N2c3ccccc3Cc3cccc1c32,False,True,False,,0.11827956989247312,0.14772727272727273,,,,,4.1975000000000025,3.8954200000000023,0.3020800000000001,True,0.7706046174674384,0.6872569158105738,0.08334770165686456,True,,,,,,,,,,,,,3.0,2.0,1.0,True
edit_latent_source_similarity_rerank,mpair_00002628_cond_01_3p,mpair_00002628,eval,3,"LogP,TPSA,HBA",CC(C)[C@@H](O)C(=O)N1C[C@H](c2ccccc2)C[C@H]1C(=O)N[C@@H](CC(F)F)C(=O)NCCc1c(F)cc(C(=O)O)cc1F,CC(C)CC(=O)N1C[C@H](c2ccccc2)C[C@H]1C(=O)N[C@@H](CC(F)F)C(=O)NCCc1c(F)cc(C(=O)O)cc1F,CCCCc1nn(CC2CC2)c(C(=O)O)c1Cc1ccc(-c2ccccc2-c2nn[nH]n2)cc1,O=C(CNC(=O)[C@@H]1C[C@@H](c2ccccc2)CN1)NCCc1ccccc1,c1ccc(-c2nn[nH]n2)c(-c2ccc(Cc3cnn(CC4CC4)c3)cc2)c1,False,False,False,,0.18691588785046728,0.16666666666666666,,,,,3.892500000000002,4.771800000000003,0.8793000000000015,True,,,,,115.81000000000002,109.58,6.230000000000018,True,,,,,4.0,6.0,2.0,False,,,,
edit_latent_source_similarity_rerank,mpair_00003114_cond_02_3p,mpair_00003114,eval,3,"MW,LogP,RB",CCCCc1nnc2nc(C)c(C)c(=O)n2n1,Cc1nc2nncnn2c(=O)c1C,CN1CCN(C)C(c2nc(N)no2)C1,O=c1ccnc2nncnn12,c1noc(C2CNCCN2)n1,False,True,False,,0.08333333333333333,0.09259259259259259,177.167,197.24199999999996,20.07499999999996,True,-0.5036600000000002,-0.4298999999999995,0.07376000000000071,True,,,,,,,,,,,,,,,,,0.0,1.0,1.0,True
edit_latent_source_similarity_rerank,mpair_00003201_cond_02_3p,mpair_00003201,eval,3,"HBD,HBA,RB",O=C(O)c1ccc(NCCCCCCc2cccs2)cc1,CCOC(=O)c1ccc(NCCCCCCc2cccs2)cc1,CCC(C)(C)C(=O)C(=O)N1CCCC[C@@H]1C(=O)OC(CCc1ccccc1)C1CCCCC1,c1ccc(NCCCCCCc2cccs2)cc1,O=C(OC(CCc1ccccc1)C1CCCCC1)[C@H]1CCCCN1,False,True,False,,0.15,0.15294117647058825,,,,,,,,,,,,,,,,,1.0,0.0,1.0,True,4.0,4.0,0.0,True,10.0,9.0,1.0,True
edit_latent_source_similarity_rerank,mpair_00003207_cond_02_3p,mpair_00003207,eval,3,"MW,LogP,HBA",Cc1cc(-n2ncc(=O)[nH]c2=O)ccc1S(=O)(=O)N1CCN(C=O)CC1,CCOC(=O)N1CCN(S(=O)(=O)c2ccc(-n3ncc(=O)[nH]c3=O)cc2Cl)CC1,CC(=O)n1cc(F)c(=O)n(C(=O)OCc2ccccc2)c1=O,O=c1cnn(-c2ccc(S(=O)(=O)N3CCNCC3)cc2)c(=O)[nH]1,O=C(OCc1ccccc1)n1c(=O)cc[nH]c1=O,False,False,False,,0.10126582278481013,0.1625,443.86900000000026,306.249,137.62000000000023,False,0.037000000000000144,0.9940999999999999,0.9570999999999997,True,,,,,,,,,,,,,8.0,7.0,1.0,True,,,,
edit_latent_source_similarity_rerank,mpair_00003219_cond_00_3p,mpair_00003219,eval,3,"MW,LogP,QED",COc1ccc(S(=O)(=O)N(Cc2cccnc2)c2c(C)cccc2C(=O)NO)cc1,COc1ccc(S(=O)(=O)N(Cc2cccnc2)c2c(C)cc(Br)cc2C(=O)NO)cc1,CCOc1ccc(S(=O)(=O)N(Cc2ccccc2)c2c(C)cc(C)cc2C(=O)NO)cc1,O=S(=O)(c1ccccc1)N(Cc1cccnc1)c1ccccc1,O=S(=O)(c1ccccc1)N(Cc1ccccc1)c1ccccc1,False,False,False,,0.5362318840579711,0.5735294117647058,506.37800000000016,454.5480000000002,51.829999999999984,False,3.675620000000001,4.216640000000003,0.5410200000000014,True,0.3740614499694089,0.39253187510069654,0.01847042513128766,True,,,,,,,,,,,,,,,,
edit_latent_source_similarity_rerank,mpair_00003221_cond_01_3p,mpair_00003221,eval,3,"MW,LogP,TPSA",COc1ccc(S(=O)(=O)N(Cc2cccnc2)c2c(C)cccc2C(=O)NO)cc1,COC(=O)c1cccc(C(=O)NO)c1N(Cc1cccnc1)S(=O)(=O)c1ccc(OC)cc1,Cc1ccccc1N(CC(=O)O)C(=O)C1=CCCC1C(=O)NCc1ccc(C(=N)N)cc1,O=S(=O)(c1ccccc1)N(Cc1cccnc1)c1ccccc1,O=C(Nc1ccccc1)C1=CCCC1C(=O)NCc1ccccc1,False,False,False,,0.15306122448979592,0.1188118811881188,471.49100000000016,434.49600000000015,36.995000000000005,False,2.391300000000001,2.3494900000000003,0.04181000000000079,True,,,,,135.13,136.58,1.450000000000017,True,,,,,,,,,,,,
edit_latent_source_similarity_rerank,mpair_00003530_cond_02_3p,mpair_00003530,eval,3,"MW,QED,RB",CCOC(=O)C(C)Oc1cccc(N(Cc2cccnc2)S(=O)(=O)CC(F)(F)F)c1,CC(C)COc1cccc(N(Cc2cccnc2)S(=O)(=O)CC(F)(F)F)c1,CCC(=O)NCc1cc2c(OC)cccc2n1Cc1ccc(Cl)cc1,c1ccc(NCc2cccnc2)cc1,c1ccc(Cn2ccc3ccccc32)cc1,False,False,False,,0.15555555555555556,0.125,402.43800000000005,356.85300000000007,45.58499999999998,False,,,,,0.6693605971809802,0.7119399753884232,0.042579378207443064,True,,,,,,,,,,,,,8.0,6.0,2.0,False
edit_latent_source_similarity_rerank,mpair_00003539_cond_00_3p,mpair_00003539,eval,3,"TPSA,HBA,RB",O=S(=O)(CC(F)(F)F)N(Cc1cccnc1)c1cccc(OC(F)(F)F)c1,CCOC(=O)C(C)Oc1cccc(N(Cc2cccnc2)S(=O)(=O)CC(F)(F)F)c1,COC(=O)/C(=C/c1ccc(OC)cc1)c1cc(OC)c(OC)c(OC)c1,c1ccc(NCc2cccnc2)cc1,C(=Cc1ccccc1)c1ccccc1,False,False,False,,0.09210526315789473,0.12195121951219512,,,,,,,,,,,,,85.80000000000001,63.22000000000001,22.58,False,,,,,6.0,6.0,0.0,True,9.0,7.0,2.0,False
edit_latent_source_similarity_rerank,mpair_00003545_cond_00_3p,mpair_00003545,eval,3,"LogP,QED,RB",CCCC(C)Oc1cccc(N(Cc2cccnc2)S(=O)(=O)CC(F)(F)F)c1,CC(C)Oc1cccc(N(Cc2cccnc2)S(=O)(=O)CC(F)(F)F)c1,CCOc1cccc(CN2CCN(C3CCC(O)(c4ccc5c(c4)OCO5)CC3)CC2)c1,c1ccc(NCc2cccnc2)cc1,c1ccc(CN2CCN(C3CCC(c4ccc5c(c4)OCO5)CC3)CC2)cc1,False,True,False,,0.14432989690721648,0.13978494623655913,,,,,3.7675000000000027,3.762000000000003,0.005499999999999616,True,0.7245796953652621,0.741254762715959,0.016675067350696904,True,,,,,,,,,,,,,7.0,6.0,1.0,True
edit_latent_source_similarity_rerank,mpair_00000010_cond_01_4p,mpair_00000010,eval,4,"LogP,QED,HBA,RB",O=C(c1ccccc1C(F)(F)F)N1C[C@H](CN2CCC(c3ccccc3)CC2)[C@@H](c2ccccc2)C1,COc1cccc(C(=O)N2C[C@H](CN3CCC(c4ccccc4)CC3)[C@@H](c3ccccc3)C2)c1,O=C(CCc1ccccc1)c1sccc1-c1ccc(F)cc1,O=C(c1ccccc1)N1C[C@H](CN2CCC(c3ccccc3)CC2)[C@@H](c2ccccc2)C1,O=C(CCc1ccccc1)c1sccc1-c1ccccc1,False,True,False,,0.14864864864864866,0.14285714285714285,,,,,5.430600000000005,5.3697000000000035,0.06090000000000195,True,0.49786269936596683,0.5789950317140771,0.08113233234811024,True,,,,,,,,,3.0,2.0,1.0,True,6.0,5.0,1.0,True
edit_latent_source_similarity_rerank,mpair_00000019_cond_02_4p,mpair_00000019,eval,4,"MW,TPSA,HBA,RB",CN1C2C=C(c3ccc(Cl)nc3)CC1CC2,COC(=O)C1=C(c2ccc(Cl)nc2)CC2CCC1N2C,COc1cccc(OC)c1-n1sc2ncccc2c1=O,C1=C(c2cccnc2)CC2CCC1N2,O=c1c2cccnc2sn1-c1ccccc1,False,False,False,,0.1076923076923077,0.14285714285714285,292.76599999999996,288.3280000000001,4.4379999999998745,True,,,,,,,,,42.43,53.35,10.920000000000002,True,,,,,4.0,6.0,2.0,False,2.0,3.0,1.0,True
edit_latent_source_similarity_rerank,mpair_00000324_cond_02_4p,mpair_00000324,eval,4,"MW,LogP,HBA,RB",CSC1=C(C(=O)O)N2C(=O)[C@@H](NC(=O)[C@H](N)c3ccccc3)[C@H]2CC1,N[C@@H](C(=O)N[C@@H]1C(=O)N2C(C(=O)O)=C(C(F)(F)F)CC[C@H]12)c1cccc(Br)c1,COC(=O)NC(=O)CC1C(=O)N(Cc2ccc(Br)cc2F)C(=O)c2ccc(F)cc21,O=C(Cc1ccccc1)N[C@@H]1C(=O)N2C=CCC[C@H]12,O=C1Cc2ccccc2C(=O)N1Cc1ccccc1,False,False,False,,0.14130434782608695,0.18085106382978725,462.2220000000001,481.24900000000014,19.027000000000044,True,1.8392999999999997,3.2662000000000013,1.4269000000000016,False,,,,,,,,,,,,,4.0,5.0,1.0,True,4.0,4.0,0.0,True
edit_latent_source_similarity_rerank,mpair_00000334_cond_01_4p,mpair_00000334,eval,4,"MW,QED,HBD,RB",CSC1=C(C(=O)O)N2C(=O)[C@@H](NC(=O)[C@H](N)c3ccccc3)[C@H]2CC1,N[C@@H](C(=O)N[C@@H]1C(=O)N2C(C(=O)O)=C(C(F)(F)F)CC[C@H]12)c1ccc(O)cc1,O=C(Nc1ccc(C(O)c2ccccc2)cc1)c1cc([N+](=O)[O-])ccc1O,O=C(Cc1ccccc1)N[C@@H]1C(=O)N2C=CCC[C@H]12,O=C(Nc1ccc(Cc2ccccc2)cc1)c1ccccc1,False,True,False,,0.16666666666666666,0.14814814814814814,399.3250000000001,364.3570000000001,34.96800000000002,True,,,,,0.5533729404309352,0.4725375682804689,0.08083537215046632,True,,,,,4.0,3.0,1.0,True,,,,,4.0,5.0,1.0,True
edit_latent_source_similarity_rerank,mpair_00000585_cond_02_4p,mpair_00000585,eval,4,"QED,TPSA,HBD,HBA",Cc1ccc(CCCC[C@@H]2N[C@@H](CO)[C@H](O)[C@H]2O)cc1,OC[C@@H]1N[C@@H](CCCCc2ccc(O)cc2)[C@H](O)[C@H]1O,O=S(=O)(O)c1cc(NCc2cc(O)ccc2O)ccc1O,c1ccc(CCCC[C@H]2CCCN2)cc1,c1ccc(CNc2ccccc2)cc1,False,False,False,,0.08064516129032258,0.13793103448275862,,,,,,,,,0.47902706341404183,0.4290001756980039,0.050026887716037916,True,92.95,127.09000000000002,34.140000000000015,False,5.0,5.0,0.0,True,5.0,6.0,1.0,True,,,,
edit_latent_source_similarity_rerank,mpair_00000725_cond_01_4p,mpair_00000725,eval,4,"MW,LogP,HBD,RB",C=CCc1cc(/C=C2\SC(=O)NC2=O)c(OC)cc1OC1CCCCO1,C=CCc1cc(/C=C2\SC(=O)N(CC=C(C)C)C2=O)c(OC)cc1OC1CCCCO1,C=CCN1C(=O)S/C(=C\c2cc(Br)c(OCCCC)cc2OC)C1=O,O=C1NC(=O)/C(=C/c2ccc(OC3CCCCO3)cc2)S1,O=C1NC(=O)/C(=C/c2ccccc2)S1,False,True,False,,0.31645569620253167,0.44871794871794873,443.5650000000003,426.3320000000003,17.233000000000004,True,5.331600000000005,4.858900000000004,0.47270000000000145,True,,,,,,,,,0.0,0.0,0.0,True,,,,,8.0,8.0,0.0,True
edit_latent_source_similarity_rerank,mpair_00000733_cond_02_4p,mpair_00000733,eval,4,"MW,LogP,QED,RB",C=CCc1cc(/C=C2\SC(=O)N(CCCC)C2=O)c(OC)cc1OC1CCCCO1,C=CCc1cc(/C=C2\SC(=O)NC2=O)c(OC)cc1OC1CCCCO1,CCCN(C)C[C@@H]1CCCCN1C(=O)Cc1ccc2c(c1)CCCC2=O,O=C1NC(=O)/C(=C/c2ccc(OC3CCCCO3)cc2)S1,O=C1CCCc2cc(CC(=O)N3CCCCC3)ccc21,False,False,False,,0.15,0.12631578947368421,375.4460000000002,356.51000000000016,18.936000000000035,True,3.6530000000000022,3.4710000000000027,0.1819999999999995,True,0.6042673504148035,0.7835348657216952,0.17926751530689167,False,,,,,,,,,,,,,6.0,6.0,0.0,True
edit_latent_source_similarity_rerank,mpair_00000753_cond_00_4p,mpair_00000753,eval,4,"MW,TPSA,HBA,RB",O=C1CCC[C@H]2OC[C@@H](Cc3c[nH]c4ccccc34)N12,COC(=O)C[C@@H]1CC(=O)N2[C@H](Cc3c[nH]c4ccccc34)CO[C@@H]2C1,COC(=O)C[C@@H]1CC(=O)N2[C@@H](Cc3c[nH]c4ccccc34)CO[C@@H]2C1,O=C1CCC[C@H]2OC[C@@H](Cc3c[nH]c4ccccc34)N12,O=C1CCC[C@H]2OC[C@H](Cc3c[nH]c4ccccc34)N12,False,True,False,,0.578125,1.0,342.39500000000015,342.39500000000015,0.0,True,,,,,,,,,71.63000000000001,71.63000000000001,0.0,True,,,,,4.0,4.0,0.0,True,4.0,4.0,0.0,True
edit_latent_source_similarity_rerank,mpair_00001117_cond_01_4p,mpair_00001117,eval,4,"MW,HBD,HBA,RB",COc1ccc(N2CCN(CCC3c4ccccc4C(=O)N3C)CC2)cc1,O=C1NC(CCN2CCN(c3ccccc3)CC2)c2ccccc21,O=C1c2ccccc2-c2nnc(-c3ccc(O)cc3)cc21,O=C1NC(CCN2CCN(c3ccccc3)CC2)c2ccccc21,O=C1c2ccccc2-c2nnc(-c3ccccc3)cc21,False,False,False,,0.15151515151515152,0.14754098360655737,321.4240000000001,274.279,47.145000000000095,False,,,,,,,,,,,,,1.0,1.0,0.0,True,3.0,4.0,1.0,True,4.0,1.0,3.0,False
edit_latent_source_similarity_rerank,mpair_00001123_cond_01_4p,mpair_00001123,eval,4,"MW,QED,HBA,RB",O=C1NC(CCN2CCN(c3ccccc3)CC2)c2ccccc21,COc1ccc(N2CCN(CCC3c4ccccc4C(=O)N3C)CC2)cc1,C=Cc1ccccc1C1C(C(=O)OC)=C(C)N=C(C)/C1=C(\O)OC,O=C1NC(CCN2CCN(c3ccccc3)CC2)c2ccccc21,C=C1C=NC=CC1c1ccccc1,False,False,False,,0.1388888888888889,0.15789473684210525,365.47700000000015,327.38000000000005,38.097000000000094,False,,,,,0.8160326048332845,0.6753230182334751,0.14070958659980948,False,,,,,,,,,4.0,5.0,1.0,True,5.0,4.0,1.0,True
edit_latent_source_similarity_rerank,mpair_00001618_cond_01_4p,mpair_00001618,eval,4,"QED,TPSA,HBA,RB",CC1CC(C)(C)Nc2ccc3c(c21)COc1c(F)cc(F)cc1-3,CC1CC(C)(C)Nc2ccc3c(c21)COc1c-3cc(F)cc1[N+](=O)[O-],COc1cc2nccc(Nc3cccc(Br)c3)c2cc1OC,c1ccc2c(c1)OCc1c-2ccc2c1CCCN2,c1ccc(Nc2ccnc3ccccc23)cc1,False,False,False,,0.07692307692307693,0.07058823529411765,,,,,,,,,0.5855235809891088,0.7296222483208163,0.1440986673317075,False,64.39999999999999,43.379999999999995,21.019999999999996,False,,,,,4.0,4.0,0.0,True,1.0,4.0,3.0,False
edit_latent_source_similarity_rerank,mpair_00002465_cond_01_4p,mpair_00002465,eval,4,"MW,QED,HBA,RB",CN(C)CCCOc1cc(C(=O)Nc2ccc(OC(F)(F)F)cc2)n(Cc2ccccc2)n1,CN(C)CCCOc1cc(C(=O)Nc2cccc(Cl)c2)n(Cc2ccccc2)n1,O=C(N[C@@H](Cc1ccccc1)C(=O)NCC(=O)N1CCC[C@H]1C(=O)O)c1ccccc1,O=C(Nc1ccccc1)c1ccnn1Cc1ccccc1,O=C(N[C@@H](Cc1ccccc1)C(=O)NCC(=O)N1CCCC1)c1ccccc1,False,True,False,,0.18888888888888888,0.19767441860465115,412.9210000000001,423.4690000000002,10.548000000000116,True,,,,,0.5357556879239462,0.590487310220629,0.054731622296682714,True,,,,,,,,,5.0,4.0,1.0,True,9.0,8.0,1.0,True
edit_latent_source_similarity_rerank,mpair_00002476_cond_00_4p,mpair_00002476,eval,4,"MW,QED,TPSA,HBA",CN(C)CCCOc1cc(C(=O)Nc2cccc(Cl)c2)n(Cc2ccccc2)n1,COc1cc(NC(=O)c2cc(OCCCN(C)C)nn2Cc2ccccc2)cc(OC)c1OC,O=C(CCCCC(=O)OCc1ccccc1)Nc1nc2ccc(Cl)cc2c2nc(-c3ccco3)nn12,O=C(Nc1ccccc1)c1ccnn1Cc1ccccc1,O=C(CCCCC(=O)OCc1ccccc1)Nc1nc2ccccc2c2nc(-c3ccco3)nn12,False,False,False,,0.26595744680851063,0.2222222222222222,468.5540000000002,503.9460000000002,35.391999999999996,False,,,,,0.4069700768443977,0.21056021216403287,0.1964098646803648,False,87.08000000000001,111.62,24.539999999999992,False,,,,,8.0,8.0,0.0,True,,,,
edit_latent_source_similarity_rerank,mpair_00002488_cond_02_4p,mpair_00002488,eval,4,"LogP,TPSA,HBD,HBA",C=Cc1cc(C(=O)OCC)n(S(=O)(=O)c2cc(Cl)ccc2N)c1,CC(C)OC(=O)c1cc(CO)cn1S(=O)(=O)c1cc(Cl)ccc1N,CCC1(O)C(=O)OCc2c1cc1n(c2=O)Cc2c-1nc1cccc(CN)c1c2C,O=S(=O)(c1ccccc1)n1cccc1,O=C1Cc2cc3n(c(=O)c2CO1)Cc1cc2ccccc2nc1-3,False,True,False,,0.14583333333333334,0.11224489795918367,,,,,2.0182,1.8467200000000001,0.17148000000000008,True,,,,,111.61999999999999,107.44,4.179999999999993,True,2.0,2.0,0.0,True,7.0,7.0,0.0,True,,,,
edit_latent_source_similarity_rerank,mpair_00002520_cond_02_4p,mpair_00002520,eval,4,"MW,QED,TPSA,RB",CSc1cc(-c2ccc(Br)cc2)oc(=O)c1C#N,CCOC(=O)c1c(SC)c(C#N)c(-c2ccc(Br)cc2)oc1=O,CCOC(=O)COc1cc(-c2ccccc2F)nc2cc3c(cc12)OCO3,O=c1cccc(-c2ccccc2)o1,c1ccc(-c2ccc3cc4c(cc3n2)OCO4)cc1,False,True,False,,0.08536585365853659,0.16279069767441862,394.24600000000004,369.3480000000002,24.897999999999854,True,,,,,0.5791804088529054,0.6389409112212124,0.05976050236830699,True,80.30000000000001,66.88000000000001,13.420000000000002,True,,,,,,,,,4.0,5.0,1.0,True
edit_latent_source_similarity_rerank,mpair_00002554_cond_01_4p,mpair_00002554,eval,4,"QED,TPSA,HBA,RB",CSc1cc(-c2ccc(Cl)cc2)oc(=O)c1C(N)=O,CSc1cc(-c2ccc(Cl)cc2)oc(=O)c1,CS(=O)(=O)c1ccc(-c2ccsc2-c2ccccc2)cc1,O=c1cccc(-c2ccccc2)o1,c1ccc(-c2ccsc2-c2ccccc2)cc1,False,True,False,,0.13333333333333333,0.1509433962264151,,,,,,,,,0.7640571553591999,0.7137749957575995,0.05028215960160043,True,30.21,34.14,3.9299999999999997,True,,,,,3.0,3.0,0.0,True,2.0,3.0,1.0,True
edit_latent_source_similarity_rerank,mpair_00002568_cond_00_4p,mpair_00002568,eval,4,"MW,LogP,TPSA,RB",COc1cc(C(=O)N2CCN(C(=O)c3cc(OC)c(OC)c(OC)c3)C(CO)C2)cc(OC)c1OC,COc1cc(C(=O)N2CCN(C(=O)c3cc(OC)c(OC)c(OC)c3)C(COC(=O)NCCC(C)C)C2)cc(OC)c1OC,COc1ccc(CCCCOC(=O)[C@@H]2CCCCN2C(=O)C(=O)c2cc(OC)c(OC)c(OC)c2)cc1,O=C(c1ccccc1)N1CCN(C(=O)c2ccccc2)CC1,O=C(C(=O)N1CCCC[C@H]1C(=O)OCCCCc1ccccc1)c1ccccc1,False,False,False,,0.3287671232876712,0.29411764705882354,617.6960000000003,513.5870000000003,104.10899999999992,False,3.4773000000000023,3.850900000000003,0.3736000000000006,True,,,,,134.33,100.60000000000001,33.730000000000004,False,,,,,,,,,13.0,12.0,1.0,True
edit_latent_source_similarity_rerank,mpair_00002576_cond_00_4p,mpair_00002576,eval,4,"MW,LogP,QED,HBD",COc1cc(C(=O)N2CCN(C(=O)c3cc(OC)c(OC)c(OC)c3)C(COC(C)=O)C2)cc(OC)c1OC,COc1cc(C(=O)N2CCN(C(=O)c3cc(OC)c(OC)c(OC)c3)C(COC(=O)NCCC(C)C)C2)cc(OC)c1OC,COC(=O)[C@H](CCSC)NC(=O)c1cccc(CN(Cc2ccc(C#N)cc2)Cc2c[nH]cn2)c1,O=C(c1ccccc1)N1CCN(C(=O)c2ccccc2)CC1,c1ccc(CN(Cc2ccccc2)Cc2c[nH]cn2)cc1,False,False,False,,0.14432989690721648,0.1650485436893204,617.6960000000003,491.61700000000025,126.07900000000001,False,3.4773000000000023,3.508280000000002,0.030979999999999563,True,0.3561059094946873,0.37306033305791875,0.016954423563231458,True,,,,,1.0,2.0,1.0,True,,,,,,,,
edit_latent_source_similarity_rerank,mpair_00002585_cond_00_4p,mpair_00002585,eval,4,"MW,QED,TPSA,HBA",COc1cc(C(=O)N2CCN(C(=O)c3cc(OC)c(OC)c(OC)c3)C(COC(C)=O)C2)cc(OC)c1OC,COc1cc(C(=O)N2CCN(C(=O)c3cc(OC)c(OC)c(OC)c3)CC2)cc(OC)c1OC,COc1cccc(-n2nc(C(C)C)c3c(N/N=C/c4ccncc4)ncnc32)c1,O=C(c1ccccc1)N1CCN(C(=O)c2ccccc2)CC1,C(=N/Nc1ncnc2c1cnn2-c1ccccc1)\c1ccncc1,False,False,False,,0.0989010989010989,0.12162162162162163,474.51000000000033,387.44700000000006,87.06300000000027,False,,,,,0.5754127815390553,0.39985328340451975,0.17555949813453553,False,96.00000000000001,90.11,5.890000000000015,True,,,,,8.0,8.0,0.0,True,,,,
edit_latent_source_similarity_rerank,mpair_00002593_cond_00_4p,mpair_00002593,eval,4,"MW,TPSA,HBA,RB",COc1cc(C(=O)N2CCN(C(=O)c3cc(OC)c(OC)c(OC)c3)C(COC(=O)NCCC(C)C)C2)cc(OC)c1OC,COc1cc(C(=O)N2CCN(C(=O)c3cc(OC)c(OC)c(OC)c3)C(CO)C2)cc(OC)c1OC,CCCN(CCC)S(=O)(=O)c1ccc(-n2ncc(=O)[nH]c2=O)cc1Cl,O=C(c1ccccc1)N1CCN(C(=O)c2ccccc2)CC1,O=c1cnn(-c2ccccc2)c(=O)[nH]1,False,False,False,,0.07608695652173914,0.08860759493670886,504.53600000000034,386.8610000000001,117.67500000000024,False,,,,,,,,,116.23000000000002,105.13,11.100000000000023,True,,,,,9.0,6.0,3.0,False,9.0,7.0,2.0,False
edit_latent_source_similarity_rerank,mpair_00002606_cond_01_4p,mpair_00002606,eval,4,"MW,HBD,HBA,RB",COc1ccc(C(=O)Nc2c(Cl)cncc2Cl)c2cccnc12,COc1ccc(C(=O)Nc2c(Cl)cncc2Cl)c2ccc(C(C)O)nc12,O=C(Nc1cccc(Cl)c1)c1ccn2c1CSC2c1cccnc1,O=C(Nc1ccncc1)c1cccc2ncccc12,O=C(Nc1ccccc1)c1ccn2c1CSC2c1cccnc1,False,False,False,,0.24358974358974358,0.18823529411764706,392.24200000000013,355.85,36.39200000000011,False,,,,,,,,,,,,,2.0,1.0,1.0,True,5.0,4.0,1.0,True,4.0,3.0,1.0,True
edit_latent_source_similarity_rerank,mpair_00002613_cond_00_4p,mpair_00002613,eval,4,"QED,TPSA,HBD,RB",COc1ccc(C(=O)Nc2ccncc2Cl)c2cccnc12,COc1ccc(C(=O)Nc2c(Cl)cncc2Cl)c2ccc(C(C)O)nc12,COC(=O)C1NC(c2ccccc2)[C@H]2C(=O)N(c3ccc(Cl)c(Cl)c3)C(=O)[C@@H]12,O=C(Nc1ccncc1)c1cccc2ncccc12,O=C1[C@H]2CNC(c3ccccc3)[C@H]2C(=O)N1c1ccccc1,False,True,False,,0.17721518987341772,0.15853658536585366,,,,,,,,,0.6936033323496321,0.6118061280779223,0.08179720427170978,True,84.34,75.71000000000001,8.629999999999995,True,2.0,1.0,1.0,True,,,,,4.0,3.0,1.0,True
edit_latent_source_similarity_rerank,mpair_00002622_cond_01_4p,mpair_00002622,eval,4,"MW,LogP,QED,RB",CCc1ccc2c(C(=O)Nc3c(Cl)cncc3Cl)ccc(OC)c2n1,COc1ccc(C(=O)Nc2ccncc2Cl)c2cccnc12,Cc1nccn1CC1CCc2c(c3ccccc3n2C)C1=O,O=C(Nc1ccncc1)c1cccc2ncccc12,O=C1c2c([nH]c3ccccc23)CCC1Cn1ccnc1,False,True,False,,0.10588235294117647,0.13414634146341464,313.744,293.37000000000006,20.373999999999967,True,3.544100000000002,3.1285200000000017,0.4155800000000003,True,0.8029165077767629,0.7280085381147323,0.07490796966203062,True,,,,,,,,,,,,,3.0,2.0,1.0,True
edit_latent_source_similarity_rerank,mpair_00002629_cond_01_4p,mpair_00002629,eval,4,"TPSA,HBD,HBA,RB",CC(C)CC(=O)N1C[C@H](c2ccccc2)C[C@H]1C(=O)N[C@@H](CC(F)F)C(=O)NCCc1c(F)cc(C(=O)O)cc1F,CC(C)(C)[C@H](O)C(=O)N1C[C@H](c2ccccc2)C[C@H]1C(=O)N[C@@H](CC(F)F)C(=O)NCCc1c(F)cc(C(=O)O)cc1F,O=C(CN1CCC[C@@H](CCC2CCNCC2)C1=O)NC[C@H](NS(=O)(=O)c1ccccc1)C(=O)O,O=C(CNC(=O)[C@@H]1C[C@@H](c2ccccc2)CN1)NCCc1ccccc1,O=C(CN1CCC[C@@H](CCC2CCNCC2)C1=O)NCCNS(=O)(=O)c1ccccc1,False,True,False,,0.1588785046728972,0.16666666666666666,,,,,,,,,,,,,136.04,144.90999999999997,8.869999999999976,True,4.0,4.0,0.0,True,5.0,6.0,1.0,True,11.0,11.0,0.0,True
edit_latent_source_similarity_rerank,mpair_00003116_cond_02_4p,mpair_00003116,eval,4,"MW,TPSA,HBA,RB",COC(=O)c1cc2c([nH]1)C(=O)C=C1N(C(=O)OC(C)(C)C)CC3CC123,Cc1c[nH]c2c1C13CC1CN(C(=O)OC(C)(C)C)C3=CC2=O,CC(=O)Nc1ccc(-c2ccc3c(c2)CCCC3)oc1=O,O=C1C=C2NCC3CC23c2cc[nH]c21,O=c1cccc(-c2ccc3c(c2)CCCC3)o1,False,False,False,,0.1375,0.10126582278481013,300.358,283.32699999999994,17.031000000000063,True,,,,,,,,,62.4,59.31,3.0899999999999963,True,,,,,3.0,3.0,0.0,True,0.0,2.0,2.0,False
edit_latent_source_similarity_rerank,mpair_00003213_cond_00_4p,mpair_00003213,eval,4,"TPSA,HBD,HBA,RB",CC(C)NC(=O)c1ccc2c(Nc3ccc(Cl)cc3)nc(N3CCOCC3)nc2c1,Clc1ccc(Nc2nc(N3CCOCC3)nc3ccccc23)cc1,Cc1c(C(=O)Nc2ccc(C(F)(F)F)cc2)cnn1-c1cccc(F)c1,c1ccc(Nc2nc(N3CCOCC3)nc3ccccc23)cc1,O=C(Nc1ccccc1)c1cnn(-c2ccccc2)c1,False,False,False,,0.1724137931034483,0.1282051282051282,,,,,,,,,,,,,50.28,46.92,3.3599999999999994,True,1.0,1.0,0.0,True,5.0,3.0,2.0,False,3.0,3.0,0.0,True
edit_latent_source_similarity_rerank,mpair_00003221_cond_00_4p,mpair_00003221,eval,4,"MW,QED,TPSA,RB",COc1ccc(S(=O)(=O)N(Cc2cccnc2)c2c(C)cccc2C(=O)NO)cc1,COC(=O)c1cccc(C(=O)NO)c1N(Cc1cccnc1)S(=O)(=O)c1ccc(OC)cc1,COc1c(O)cc(C(=N)N)cc1Oc1nc(Oc2cccc(C(=O)N(C)C)c2)c(F)c(C)c1F,O=S(=O)(c1ccccc1)N(Cc1cccnc1)c1ccccc1,c1ccc(Oc2cccc(Oc3ccccc3)n2)cc1,False,True,False,,0.17894736842105263,0.15463917525773196,471.49100000000016,472.44800000000015,0.9569999999999936,True,,,,,0.29046454626646695,0.35046086673155913,0.05999632046509218,True,135.13,130.99,4.139999999999986,True,,,,,,,,,8.0,7.0,1.0,True
edit_latent_source_similarity_rerank,mpair_00003532_cond_00_4p,mpair_00003532,eval,4,"LogP,QED,TPSA,HBA",CCOC(=O)C(C)Oc1cccc(N(Cc2cccnc2)S(=O)(=O)CC(F)(F)F)c1,CCCC(C)Oc1cccc(N(Cc2cccnc2)S(=O)(=O)CC(F)(F)F)c1,CCS(=O)(=O)N(Cc1cccnc1)c1ccc(Oc2ccccc2)cc1,c1ccc(NCc2cccnc2)cc1,c1ccc(Oc2ccc(NCc3cccnc3)cc2)cc1,False,True,False,,0.4696969696969697,0.5079365079365079,,,,,4.547700000000003,4.2302000000000035,0.3174999999999999,True,0.6018859517288218,0.6260893422130492,0.024203390484227483,True,59.5,59.5,0.0,True,,,,,4.0,4.0,0.0,True,,,,
edit_latent_source_similarity_rerank,mpair_00003536_cond_00_4p,mpair_00003536,eval,4,"MW,LogP,QED,RB",COc1cccc(N(Cc2cccnc2)S(=O)(=O)CC(F)(F)F)c1,CCC(C)COc1cccc(N(Cc2cccnc2)S(=O)(=O)CC(F)(F)F)c1,CCCCCCCC[C@H]1CC(=O)C2Oc3c(OC)ccc4c3C23CCN(C)C(C4)C13,c1ccc(NCc2cccnc2)cc1,O=C1CCC2C3Cc4cccc5c4C2(CCN3)C1O5,False,True,False,,0.11578947368421053,0.0970873786407767,416.4650000000001,411.5860000000002,4.878999999999905,True,4.405200000000004,4.9100000000000055,0.5048000000000012,True,0.6078002459089881,0.5699046276062512,0.03789561830273691,True,,,,,,,,,,,,,9.0,8.0,1.0,True
edit_latent_source_similarity_rerank,mpair_00000004_cond_01_5p,mpair_00000004,eval,5,"MW,LogP,QED,HBA,RB",O=C(c1ccccc1Br)N1C[C@H](CN2CCC(c3ccccc3)CC2)[C@@H](c2ccccc2)C1,COc1cccc(C(=O)N2C[C@H](CN3CCC(c4ccccc4)CC3)[C@@H](c3ccccc3)C2)c1,Fc1cccc([C@H]2CN(Cc3ccccc3)C[C@@H]2CN2CCC(c3ccccc3)CC2)c1,O=C(c1ccccc1)N1C[C@H](CN2CCC(c3ccccc3)CC2)[C@@H](c2ccccc2)C1,c1ccc(CN2C[C@H](CN3CCC(c4ccccc4)CC3)[C@@H](c3ccccc3)C2)cc1,False,True,False,,0.4444444444444444,0.44776119402985076,454.61400000000015,428.5950000000002,26.01899999999995,True,5.430600000000005,5.920900000000006,0.4903000000000004,True,0.49786269936596683,0.48074045150679606,0.01712224785917077,True,,,,,,,,,3.0,2.0,1.0,True,6.0,6.0,0.0,True
edit_latent_source_similarity_rerank,mpair_00000326_cond_00_5p,mpair_00000326,eval,5,"MW,QED,TPSA,HBD,RB",N[C@@H](C(=O)N[C@@H]1C(=O)N2C(C(=O)O)=C(C(F)(F)F)CC[C@H]12)c1ccc(O)cc1,CSC1=C(C(=O)O)N2C(=O)[C@@H](NC(=O)[C@H](N)c3ccccc3)[C@H]2CC1,C[C@H]1C(S[C@H]2CO[C@@H](CN)C2)=C(C(=O)O)N2C(=O)[C@H]([C@@H](C)O)C12,O=C(Cc1ccccc1)N[C@@H]1C(=O)N2C=CCC[C@H]12,O=C1CC2CC(S[C@@H]3CCOC3)=CN12,False,True,False,,0.18823529411764706,0.2222222222222222,361.42300000000006,342.41700000000003,19.00600000000003,True,,,,,0.6699274889764619,0.6022572509712478,0.0676702380052141,True,112.73,113.08999999999999,0.3599999999999852,True,3.0,3.0,0.0,True,,,,,5.0,5.0,0.0,True
edit_latent_source_similarity_rerank,mpair_00000334_cond_00_5p,mpair_00000334,eval,5,"MW,QED,TPSA,HBD,RB",CSC1=C(C(=O)O)N2C(=O)[C@@H](NC(=O)[C@H](N)c3ccccc3)[C@H]2CC1,N[C@@H](C(=O)N[C@@H]1C(=O)N2C(C(=O)O)=C(C(F)(F)F)CC[C@H]12)c1ccc(O)cc1,N=C(N)c1ccc(C(=O)Nc2ccc3c(c2)CCC(CC(=O)O)C3=O)cc1,O=C(Cc1ccccc1)N[C@@H]1C(=O)N2C=CCC[C@H]12,O=C(Nc1ccc2c(c1)CCCC2=O)c1ccccc1,False,True,False,,0.1686746987951807,0.16470588235294117,399.3250000000001,365.3890000000001,33.93599999999998,True,,,,,0.5533729404309352,0.4769268630256079,0.07644607740532733,True,132.96,133.34,0.37999999999999545,True,4.0,4.0,0.0,True,,,,,4.0,5.0,1.0,True
edit_latent_source_similarity_rerank,mpair_00000585_cond_00_5p,mpair_00000585,eval,5,"LogP,QED,TPSA,HBD,HBA",Cc1ccc(CCCC[C@@H]2N[C@@H](CO)[C@H](O)[C@H]2O)cc1,OC[C@@H]1N[C@@H](CCCCc2ccc(O)cc2)[C@H](O)[C@H]1O,CN1Cc2cc(C(=O)NCCNc3ncc[nH]3)ccc2N[C@@H](CC(=O)O)C1=O,c1ccc(CCCC[C@H]2CCCN2)cc1,O=C1CNc2ccc(C(=O)NCCNc3ncc[nH]3)cc2CN1,False,False,False,,0.09523809523809523,0.08333333333333333,,,,,0.15949999999999964,0.4787999999999999,0.31930000000000025,True,0.47902706341404183,0.4361104233781828,0.042916640035859044,True,92.95,139.45000000000002,46.500000000000014,False,5.0,5.0,0.0,True,5.0,6.0,1.0,True,,,,
edit_latent_source_similarity_rerank,mpair_00000733_cond_01_5p,mpair_00000733,eval,5,"MW,LogP,QED,HBD,RB",C=CCc1cc(/C=C2\SC(=O)N(CCCC)C2=O)c(OC)cc1OC1CCCCO1,C=CCc1cc(/C=C2\SC(=O)NC2=O)c(OC)cc1OC1CCCCO1,COc1ccccc1/C=C/C(=O)N[C@@H](C)c1cccc(N2CCOCC2)c1,O=C1NC(=O)/C(=C/c2ccc(OC3CCCCO3)cc2)S1,O=C(/C=C/c1ccccc1)NCc1cccc(N2CCOCC2)c1,False,False,False,,0.17346938775510204,0.17582417582417584,375.4460000000002,366.46100000000024,8.984999999999957,True,3.6530000000000022,3.4224000000000014,0.2306000000000008,True,0.6042673504148035,0.7961530910676634,0.1918857406528599,False,,,,,1.0,1.0,0.0,True,,,,,6.0,6.0,0.0,True
edit_latent_source_similarity_rerank,mpair_00002468_cond_01_5p,mpair_00002468,eval,5,"MW,LogP,QED,HBA,RB",CN(C)CCCOc1cc(C(=O)Nc2cc(F)cc(C(F)(F)F)c2)n(Cc2ccccc2)n1,COc1ccc(NC(=O)c2cc(OCCCN(C)C)nn2Cc2ccccc2)cc1,CN(C)CCCOc1cc(C(=O)Nc2ccc3ccccc3n2)n(Cc2ccccc2)n1,O=C(Nc1ccccc1)c1ccnn1Cc1ccccc1,O=C(Nc1ccc2ccccc2n1)c1ccnn1Cc1ccccc1,False,False,False,,0.6197183098591549,0.676923076923077,408.50200000000007,429.5240000000001,21.022000000000048,True,3.522800000000002,4.062400000000003,0.539600000000001,True,0.5200250404910086,0.40634650543440276,0.11367853505660586,False,,,,,,,,,6.0,6.0,0.0,True,10.0,9.0,1.0,True
edit_latent_source_similarity_rerank,mpair_00002508_cond_01_5p,mpair_00002508,eval,5,"LogP,QED,TPSA,HBD,RB",CSc1cc(-c2ccc(Br)cc2)oc(=O)c1C#N,CSc1cc(-c2ccc(Cl)cc2)oc(=O)c1C(N)=O,COC(=O)c1c(C)nc2c(c1N)c1cc(Cl)ccc1n2C,O=c1cccc(-c2ccccc2)o1,c1ccc2c(c1)[nH]c1ncccc12,False,False,False,,0.0945945945945946,0.20588235294117646,,,,,2.7810000000000006,3.0571200000000003,0.2761199999999997,True,0.8837306867126842,0.7014257629023503,0.18230492381033392,False,73.30000000000001,70.13999999999999,3.160000000000025,True,1.0,1.0,0.0,True,,,,,3.0,1.0,2.0,False
edit_latent_source_similarity_rerank,mpair_00002525_cond_02_5p,mpair_00002525,eval,5,"LogP,QED,TPSA,HBD,RB",CSc1cc(-c2ccc(Cl)cc2)oc(=O)c1C(N)=O,CSc1cc(-c2ccc(Br)cc2)oc(=O)c1C#N,COc1cc2c(cc1OC)C(C(=O)c1cccc(Cl)c1)=NCC2,O=c1cccc(-c2ccccc2)o1,O=C(C1=NCCc2ccccc21)c1ccccc1,False,False,False,,0.15942028985507245,0.0821917808219178,,,,,3.662880000000002,3.585300000000002,0.0775800000000002,True,0.791886779601309,0.8053875806417437,0.013500801040434607,True,54.0,47.89,6.109999999999999,True,0.0,0.0,0.0,True,,,,,2.0,4.0,2.0,False
edit_latent_source_similarity_rerank,mpair_00002565_cond_02_5p,mpair_00002565,eval,5,"MW,LogP,QED,HBA,RB",CSc1nc(-c2ccc(OC(F)(F)F)cc2)nn1C(=O)N(C)c1ccccc1,CSc1nc(-c2ccc(C)cc2)nn1C(=O)N(C)c1ccccc1,COc1ccc(C(=O)Nc2ccc(-c3cccnc3)cc2F)cc1,O=C(Nc1ccccc1)n1cnc(-c2ccccc2)n1,O=C(Nc1ccc(-c2cccnc2)cc1)c1ccccc1,False,False,False,,0.20512820512820512,0.16,338.43600000000004,322.33900000000006,16.09699999999998,True,4.079920000000002,4.148600000000003,0.06868000000000052,True,0.6753188675979567,0.7848917481431955,0.10957288054523884,False,,,,,,,,,5.0,3.0,2.0,False,3.0,4.0,1.0,True
edit_latent_source_similarity_rerank,mpair_00002587_cond_00_5p,mpair_00002587,eval,5,"LogP,TPSA,HBD,HBA,RB",COc1cc(C(=O)N2CCN(C(=O)c3cc(OC)c(OC)c(OC)c3)C(CO)C2)cc(OC)c1OC,COc1cc(C(=O)N2CCN(C(=O)c3cc(OC)c(OC)c(OC)c3)CC2)cc(OC)c1OC,O=C(c1ccco1)N1CCN(c2cnn(CCN3CCN(c4ccccc4Cl)CC3)c(=O)c2Cl)CC1,O=C(c1ccccc1)N1CCN(C(=O)c2ccccc2)CC1,O=C(c1ccco1)N1CCN(c2cnn(CCN3CCN(c4ccccc4)CC3)c(=O)c2)CC1,False,False,False,,0.14457831325301204,0.17142857142857143,,,,,2.3364000000000003,2.9277000000000006,0.5913000000000004,True,,,,,96.00000000000001,78.06,17.940000000000012,True,0.0,0.0,0.0,True,8.0,8.0,0.0,True,8.0,6.0,2.0,False
edit_latent_source_similarity_rerank,mpair_00002593_cond_02_5p,mpair_00002593,eval,5,"MW,LogP,QED,TPSA,HBA",COc1cc(C(=O)N2CCN(C(=O)c3cc(OC)c(OC)c(OC)c3)C(COC(=O)NCCC(C)C)C2)cc(OC)c1OC,COc1cc(C(=O)N2CCN(C(=O)c3cc(OC)c(OC)c(OC)c3)C(CO)C2)cc(OC)c1OC,COc1cccc2c1c(OC(C)C)c(C(=O)Nc1nn[nH]n1)n2-c1ccccc1,O=C(c1ccccc1)N1CCN(C(=O)c2ccccc2)CC1,O=C(Nc1nn[nH]n1)c1cc2ccccc2n1-c1ccccc1,False,False,False,,0.17204301075268819,0.1566265060240964,504.53600000000034,392.41900000000004,112.1170000000003,False,1.6973000000000003,3.191700000000001,1.4944000000000006,False,0.544633228323374,0.521831600555503,0.02280162776787098,True,116.23000000000002,106.94999999999999,9.28000000000003,True,,,,,9.0,7.0,2.0,False,,,,
edit_latent_source_similarity_rerank,mpair_00002630_cond_01_5p,mpair_00002630,eval,5,"LogP,QED,TPSA,HBD,HBA",CC(C)CC(=O)N1C[C@H](c2ccccc2)C[C@H]1C(=O)N[C@@H](CC(F)F)C(=O)NCCc1c(F)cc(C(=O)O)cc1F,CC(C)[C@@H](O)C(=O)N1C[C@H](c2ccccc2)C[C@H]1C(=O)N[C@@H](CC(F)F)C(=O)NCCc1c(F)cc(C(=O)O)cc1F,CC(C)[C@H](NC(=O)C(=O)Nc1cccc2ccccc12)C(=O)N[C@@H](CC(=O)O)C(=O)COc1c(F)cccc1F,O=C(CNC(=O)[C@@H]1C[C@@H](c2ccccc2)CN1)NCCc1ccccc1,O=C(CNC(=O)CNC(=O)C(=O)Nc1cccc2ccccc12)COc1ccccc1,False,True,False,,0.22,0.21782178217821782,,,,,2.8633000000000006,2.804899999999999,0.05840000000000156,True,0.2789053789646464,0.26575810894665997,0.013147270017986434,True,136.04,150.9,14.860000000000014,True,4.0,4.0,0.0,True,5.0,6.0,1.0,True,,,,
edit_latent_source_similarity_rerank,mpair_00003211_cond_00_5p,mpair_00003211,eval,5,"MW,LogP,HBD,HBA,RB",CC[C@H]1OC(=O)[C@H](C)[C@@H](OC(C)=O)[C@H](C)[C@@H](OC2O[C@H](C)C[C@H](N(C)C)C2O)[C@@](C)(OC)C[C@@H](C)C(=O)[C@H](C)[C@@H](O)[C@]1(C)O,CC[C@H]1OC(=O)[C@H](C)[C@@H](O)[C@H](C)[C@@H](OC2O[C@H](C)C[C@H](N(C)C)C2O)[C@@](C)(OC)C[C@@H](C)C(=O)[C@H](C)[C@@H](O)[C@]1(C)O,CCCn1c(=O)c2nc(-c3cc(O)c(OC)c(O)c3)[nH]c2n(CCC)c1=O,O=C1CCCCOC(=O)CCC[C@@H](OC2CCCCO2)CCC1,O=c1[nH]c(=O)c2nc(-c3ccccc3)[nH]c2[nH]1,False,False,False,,0.09523809523809523,0.10204081632653061,589.7670000000004,374.39700000000016,215.37000000000023,False,1.5145000000000022,1.7930999999999995,0.2785999999999973,True,,,,,,,,,4.0,3.0,1.0,True,11.0,8.0,3.0,False,5.0,6.0,1.0,True
edit_latent_source_similarity_rerank,mpair_00003537_cond_02_5p,mpair_00003537,eval,5,"MW,LogP,QED,TPSA,HBA",CC(C)COc1cccc(N(Cc2cccnc2)S(=O)(=O)CC(F)(F)F)c1,CCOC(=O)C(C)Oc1cccc(N(Cc2cccnc2)S(=O)(=O)CC(F)(F)F)c1,CC(=O)OC(C)OC(=O)N(CC(O)COc1cccc2ccccc12)C(C)C,c1ccc(NCc2cccnc2)cc1,c1ccc2ccccc2c1,False,False,False,,0.18072289156626506,0.17045454545454544,446.4470000000001,389.4480000000001,56.999000000000024,False,3.3107000000000024,3.335600000000002,0.0248999999999997,True,0.5496815697636838,0.5505604546639128,0.0008788849002290267,True,85.80000000000001,85.30000000000001,0.5,True,,,,,6.0,6.0,0.0,True,,,,
edit_latent_source_similarity_rerank,mpair_00000754_cond_01_6p,mpair_00000754,eval,6,"MW,LogP,QED,TPSA,HBA,RB",COC(=O)C[C@@H]1CC(=O)N2[C@H](Cc3c[nH]c4ccccc34)CO[C@@H]2C1,CC[C@H]1CCC(=O)N2[C@H](Cc3c[nH]c4ccccc34)CO[C@H]12,O=c1c2cccnc2sn1-c1ccccc1Cl,O=C1CCC[C@H]2OC[C@@H](Cc3c[nH]c4ccccc34)N12,O=c1c2cccnc2sn1-c1ccccc1,False,False,False,,0.125,0.1388888888888889,298.3860000000001,262.721,35.66500000000008,False,3.0839000000000016,3.100600000000001,0.01669999999999927,True,0.9461815070706311,0.6754329033670955,0.2707486037035356,False,45.33,34.89,10.439999999999998,True,,,,,2.0,4.0,2.0,False,3.0,1.0,2.0,False
edit_latent_source_similarity_rerank,mpair_00002554_cond_00_6p,mpair_00002554,eval,6,"MW,QED,TPSA,HBD,HBA,RB",CSc1cc(-c2ccc(Cl)cc2)oc(=O)c1C(N)=O,CSc1cc(-c2ccc(Cl)cc2)oc(=O)c1,COc1ccc2c(=O)cc(-c3ccc(Cl)cc3)oc2c1,O=c1cccc(-c2ccccc2)o1,O=c1cc(-c2ccccc2)oc2ccccc12,False,True,False,,0.3584905660377358,0.41304347826086957,252.72199999999998,286.71400000000006,33.992000000000075,True,,,,,0.7640571553591999,0.7111448272633905,0.05291232809580948,True,30.21,39.44,9.229999999999997,True,0.0,0.0,0.0,True,3.0,3.0,0.0,True,2.0,2.0,0.0,True
edit_latent_source_similarity_rerank,mpair_00002581_cond_02_6p,mpair_00002581,eval,6,"MW,LogP,QED,TPSA,HBA,RB",COc1cc(C(=O)N2CCN(C(=O)c3cc(OC)c(OC)c(OC)c3)C(COC(=O)CC(C)(C)C)C2)cc(OC)c1OC,COc1cc(C(=O)N2CCN(C(=O)c3cc(OC)c(OC)c(OC)c3)CC2)cc(OC)c1OC,CS(=O)(=O)c1ccc(-c2cc(C(=O)CCCO)nn2-c2ccc(F)cc2)cc1,O=C(c1ccccc1)N1CCN(C(=O)c2ccccc2)CC1,c1ccc(-c2ccnn2-c2ccccc2)cc1,False,False,False,,0.10227272727272728,0.11940298507462686,474.51000000000033,402.447,72.06300000000033,False,2.3364000000000003,3.0371000000000015,0.7007000000000012,True,0.5754127815390553,0.6138078172366404,0.03839503569758507,True,96.00000000000001,89.25999999999999,6.740000000000023,True,,,,,8.0,6.0,2.0,False,8.0,7.0,1.0,True
edit_latent_source_similarity_rerank,mpair_00002606_cond_02_6p,mpair_00002606,eval,6,"MW,QED,TPSA,HBD,HBA,RB",COc1ccc(C(=O)Nc2c(Cl)cncc2Cl)c2cccnc12,COc1ccc(C(=O)Nc2c(Cl)cncc2Cl)c2ccc(C(C)O)nc12,COC(=O)C1=C(C)N=C(C)/C(=C(\O)OC)C1c1cccc(Cl)c1Cl,O=C(Nc1ccncc1)c1cccc2ncccc12,C=C1C=NC=CC1c1ccccc1,False,True,False,,0.2112676056338028,0.18421052631578946,392.24200000000013,370.2320000000001,22.010000000000048,True,,,,,0.6936033323496321,0.6320508660989684,0.061552466250663684,True,84.34,68.12,16.22,True,2.0,1.0,1.0,True,5.0,5.0,0.0,True,4.0,3.0,1.0,True
edit_latent_source_similarity_rerank,mpair_00003213_cond_02_6p,mpair_00003213,eval,6,"MW,QED,TPSA,HBD,HBA,RB",CC(C)NC(=O)c1ccc2c(Nc3ccc(Cl)cc3)nc(N3CCOCC3)nc2c1,Clc1ccc(Nc2nc(N3CCOCC3)nc3ccccc23)cc1,CC1CCN(c2ccc(N)cc2C(=O)c2ccccc2)CC1,c1ccc(Nc2nc(N3CCOCC3)nc3ccccc23)cc1,O=C(c1ccccc1)c1ccccc1N1CCCCC1,False,False,False,,0.20512820512820512,0.19402985074626866,340.81399999999996,294.398,46.41599999999994,False,,,,,0.784150666451108,0.6927010092222134,0.09144965722889453,True,50.28,46.33,3.950000000000003,True,1.0,1.0,0.0,True,5.0,3.0,2.0,False,3.0,3.0,0.0,True
edit_latent_source_similarity_rerank,mpair_00002511_cond_00_7p,mpair_00002511,eval,7,"MW,LogP,QED,TPSA,HBD,HBA,RB",CSc1cc(-c2ccc(Br)cc2)oc(=O)c1Br,CSc1cc(-c2ccc(Cl)cc2)oc(=O)c1C(N)=O,COc1ccc(-c2oc3cc(OC)ccc3c(=O)c2O)cc1,O=c1cccc(-c2ccccc2)o1,O=c1cc(-c2ccccc2)oc2ccccc12,False,True,False,,0.2222222222222222,0.22033898305084745,295.747,298.294,2.5469999999999686,True,2.7810000000000006,3.182800000000001,0.4018000000000006,True,0.8837306867126842,0.8039282567987951,0.07980242991388908,True,73.30000000000001,68.9,4.400000000000006,True,1.0,1.0,0.0,True,4.0,5.0,1.0,True,3.0,3.0,0.0,True
edit_latent_source_similarity_rerank,mpair_00002551_cond_00_7p,mpair_00002551,eval,7,"MW,LogP,QED,TPSA,HBD,HBA,RB",CSc1cc(-c2ccc(Cl)cc2)oc(=O)c1C(N)=O,CSc1cc(-c2ccc(Br)cc2)oc(=O)c1Cl,CN(C)Cc1nnc2cc(-c3ccccc3)c3cc(Cl)ccc3n12,O=c1cccc(-c2ccccc2)o1,c1ccc(-c2cc3nncn3c3ccccc23)cc1,False,False,False,,0.14285714285714285,0.11764705882352941,331.61800000000005,336.826,5.20799999999997,True,4.444600000000002,4.2645000000000035,0.1800999999999986,True,0.7618841288913727,0.5600807983309897,0.20180333056038302,False,30.21,33.43000000000001,3.220000000000006,True,0.0,0.0,0.0,True,3.0,4.0,1.0,True,2.0,3.0,1.0,True
edit_latent_scaffold_source_rerank,mpair_00000002_cond_00_2p,mpair_00000002,eval,2,"LogP,QED",O=C(c1cccc(Cl)c1)N1C[C@H](CN2CCC(c3ccccc3)CC2)[C@@H](c2ccccc2)C1,O=C(c1ccccc1F)N1C[C@H](CN2CCC(c3ccccc3)CC2)[C@@H](c2ccccc2)C1,O=C(c1cccc(Cl)c1)N1C[C@H](CN2CCC(c3ccccc3)CC2)[C@@H](c2ccccc2)C1,O=C(c1ccccc1)N1C[C@H](CN2CCC(c3ccccc3)CC2)[C@@H](c2ccccc2)C1,O=C(c1ccccc1)N1C[C@H](CN2CCC(c3ccccc3)CC2)[C@@H](c2ccccc2)C1,True,True,True,source_identity,1.0,0.6379310344827587,,,,,5.561100000000006,6.075400000000006,0.5143000000000004,True,0.5164092889512721,0.4625029539066648,0.053906335044607345,True,,,,,,,,,,,,,,,,
edit_latent_scaffold_source_rerank,mpair_00000004_cond_00_2p,mpair_00000004,eval,2,"LogP,RB",O=C(c1ccccc1Br)N1C[C@H](CN2CCC(c3ccccc3)CC2)[C@@H](c2ccccc2)C1,COc1cccc(C(=O)N2C[C@H](CN3CCC(c4ccccc4)CC3)[C@@H](c3ccccc3)C2)c1,O=C(c1ccccc1Br)N1C[C@H](CN2CCC(c3ccccc3)CC2)[C@@H](c2ccccc2)C1,O=C(c1ccccc1)N1C[C@H](CN2CCC(c3ccccc3)CC2)[C@@H](c2ccccc2)C1,O=C(c1ccccc1)N1C[C@H](CN2CCC(c3ccccc3)CC2)[C@@H](c2ccccc2)C1,True,True,True,source_identity,1.0,0.6065573770491803,,,,,5.430600000000005,6.184500000000006,0.7539000000000007,True,,,,,,,,,,,,,,,,,6.0,5.0,1.0,True
edit_latent_scaffold_source_rerank,mpair_00000007_cond_00_2p,mpair_00000007,eval,2,"LogP,QED",O=C(c1ccccc1F)N1C[C@H](CN2CCC(c3ccccc3)CC2)[C@@H](c2ccccc2)C1,O=C(c1cccc(Cl)c1)N1C[C@H](CN2CCC(c3ccccc3)CC2)[C@@H](c2ccccc2)C1,O=C(c1ccccc1F)N1C[C@H](CN2CCC(c3ccccc3)CC2)[C@@H](c2ccccc2)C1,O=C(c1ccccc1)N1C[C@H](CN2CCC(c3ccccc3)CC2)[C@@H](c2ccccc2)C1,O=C(c1ccccc1)N1C[C@H](CN2CCC(c3ccccc3)CC2)[C@@H](c2ccccc2)C1,True,True,True,source_identity,1.0,0.6379310344827587,,,,,6.075400000000006,5.561100000000006,0.5143000000000004,True,0.4625029539066648,0.5164092889512721,0.053906335044607345,True,,,,,,,,,,,,,,,,
edit_latent_scaffold_source_rerank,mpair_00000009_cond_01_2p,mpair_00000009,eval,2,"LogP,RB",COc1cccc(C(=O)N2C[C@H](CN3CCC(c4ccccc4)CC3)[C@@H](c3ccccc3)C2)c1,O=C(c1cccc(Cl)c1)N1C[C@H](CN2CCC(c3ccccc3)CC2)[C@@H](c2ccccc2)C1,COc1cccc(C(=O)N2C[C@H](CN3CCC(c4ccccc4)CC3)[C@@H](c3ccccc3)C2)c1,O=C(c1ccccc1)N1C[C@H](CN2CCC(c3ccccc3)CC2)[C@@H](c2ccccc2)C1,O=C(c1ccccc1)N1C[C@H](CN2CCC(c3ccccc3)CC2)[C@@H](c2ccccc2)C1,True,True,True,source_identity,1.0,0.7413793103448276,,,,,6.075400000000006,5.430600000000005,0.6448000000000009,True,,,,,,,,,,,,,,,,,5.0,6.0,1.0,True
edit_latent_scaffold_source_rerank,mpair_00000012_cond_02_2p,mpair_00000012,eval,2,"LogP,QED",O=C(c1ccccc1F)N1C[C@H](CN2CCC(c3ccccc3)CC2)[C@@H](c2ccccc2)C1,O=C(c1ccccc1Br)N1C[C@H](CN2CCC(c3ccccc3)CC2)[C@@H](c2ccccc2)C1,O=C(c1ccccc1F)N1C[C@H](CN2CCC(c3ccccc3)CC2)[C@@H](c2ccccc2)C1,O=C(c1ccccc1)N1C[C@H](CN2CCC(c3ccccc3)CC2)[C@@H](c2ccccc2)C1,O=C(c1ccccc1)N1C[C@H](CN2CCC(c3ccccc3)CC2)[C@@H](c2ccccc2)C1,True,False,False,source_identity,1.0,0.7692307692307693,,,,,6.184500000000006,5.561100000000006,0.6234000000000002,True,0.41502650656849366,0.5164092889512721,0.10138278238277848,False,,,,,,,,,,,,,,,,
edit_latent_scaffold_source_rerank,mpair_00000021_cond_00_2p,mpair_00000021,eval,2,"MW,TPSA",N#Cc1ccc(COC[C@H]2C3CC(c4ccc(F)cc4)(CO3)[C@@H]2C/C=C/CCCC(=O)O)cc1,O=C(O)CCC/C=C/C[C@@H]1[C@@H](COCc2ccccc2)C2CC1(c1ccccc1)CO2,N#Cc1ccc(COC[C@H]2C3CC(c4ccc(F)cc4)(CO3)[C@@H]2C/C=C/CCCC(=O)O)cc1,c1ccc(COC[C@@H]2CC3(c4ccccc4)COC2C3)cc1,c1ccc(COC[C@@H]2CC3(c4ccccc4)COC2C3)cc1,True,False,False,source_identity,1.0,0.7391304347826086,420.5490000000002,463.5490000000003,43.000000000000114,False,,,,,,,,,55.760000000000005,79.55,23.789999999999992,False,,,,,,,,,,,,
edit_latent_scaffold_source_rerank,mpair_00000325_cond_02_2p,mpair_00000325,eval,2,"MW,LogP",N[C@@H](C(=O)N[C@@H]1C(=O)N2C(C(=O)O)=C(C(F)(F)F)CC[C@H]12)c1ccc(F)cc1,N[C@@H](C(=O)N[C@@H]1C(=O)N2C(C(=O)O)=C(C(F)(F)F)CC[C@H]12)c1cccc(C(F)(F)F)c1,N[C@@H](C(=O)N[C@@H]1C(=O)N2C(C(=O)O)=C(C(F)(F)F)CC[C@H]12)c1ccc(F)cc1,O=C(Cc1ccccc1)N[C@@H]1C(=O)N2C=CCC[C@H]12,O=C(Cc1ccccc1)N[C@@H]1C(=O)N2C=CCC[C@H]12,True,False,False,source_identity,1.0,0.7377049180327869,451.3230000000001,401.3160000000001,50.007000000000005,False,2.0955999999999997,1.2158999999999993,0.8797000000000004,True,,,,,,,,,,,,,,,,,,,,
edit_latent_scaffold_source_rerank,mpair_00000336_cond_02_2p,mpair_00000336,eval,2,"MW,LogP",N[C@@H](C(=O)N[C@@H]1C(=O)N2C(C(=O)O)=C(C(F)(F)F)CC[C@H]12)c1cccc(Br)c1,N[C@@H](C(=O)N[C@@H]1C(=O)N2C(C(=O)O)=C(C(F)(F)F)CC[C@H]12)c1ccc(F)cc1,N[C@@H](C(=O)N[C@@H]1C(=O)N2C(C(=O)O)=C(C(F)(F)F)CC[C@H]12)c1cccc(Br)c1,O=C(Cc1ccccc1)N[C@@H]1C(=O)N2C=CCC[C@H]12,O=C(Cc1ccccc1)N[C@@H]1C(=O)N2C=CCC[C@H]12,True,False,False,source_identity,1.0,0.7377049180327869,401.3160000000001,462.2220000000001,60.906000000000006,False,1.2158999999999993,1.8392999999999997,0.6234000000000004,True,,,,,,,,,,,,,,,,,,,,
edit_latent_scaffold_source_rerank,mpair_00000339_cond_00_2p,mpair_00000339,eval,2,"HBD,HBA",N[C@@H](C(=O)N[C@@H]1C(=O)N2C(C(=O)O)=C(C(F)(F)F)CC[C@H]12)c1cccc(C(F)(F)F)c1,N[C@@H](C(=O)N[C@@H]1C(=O)N2C(C(=O)O)=C(C(F)(F)F)CC[C@H]12)c1ccc(O)cc1,N[C@@H](C(=O)N[C@@H]1C(=O)N2C(C(=O)O)=C(C(F)(F)F)CC[C@H]12)c1cccc(C(F)(F)F)c1,O=C(Cc1ccccc1)N[C@@H]1C(=O)N2C=CCC[C@H]12,O=C(Cc1ccccc1)N[C@@H]1C(=O)N2C=CCC[C@H]12,True,True,True,source_identity,1.0,0.7377049180327869,,,,,,,,,,,,,,,,,4.0,3.0,1.0,True,5.0,4.0,1.0,True,,,,
edit_latent_scaffold_source_rerank,mpair_00000587_cond_02_2p,mpair_00000587,eval,2,"HBA,RB",Cc1ccc(CCCC[C@@H]2N[C@@H](CO)[C@H](O)[C@H]2O)cc1,COc1ccc(CCCC[C@@H]2N[C@@H](CO)[C@H](O)[C@H]2O)cc1,Cc1ccc(CCCC[C@@H]2N[C@@H](CO)[C@H](O)[C@H]2O)cc1,c1ccc(CCCC[C@H]2CCCN2)cc1,c1ccc(CCCC[C@H]2CCCN2)cc1,True,True,True,source_identity,1.0,0.725,,,,,,,,,,,,,,,,,,,,,5.0,4.0,1.0,True,7.0,6.0,1.0,True
edit_latent_scaffold_source_rerank,mpair_00000590_cond_01_2p,mpair_00000590,eval,2,"QED,RB",OC[C@@H]1N[C@@H](CCCCc2ccc(O)cc2)[C@H](O)[C@H]1O,COc1ccc(CCCC[C@@H]2N[C@@H](CO)[C@H](O)[C@H]2O)cc1,OC[C@@H]1N[C@@H](CCCCc2ccc(O)cc2)[C@H](O)[C@H]1O,c1ccc(CCCC[C@H]2CCCN2)cc1,c1ccc(CCCC[C@H]2CCCN2)cc1,True,True,True,source_identity,1.0,0.7,,,,,,,,,0.5496005244071775,0.47902706341404183,0.07057346099313572,True,,,,,,,,,,,,,7.0,6.0,1.0,True
edit_latent_scaffold_source_rerank,mpair_00000592_cond_01_2p,mpair_00000592,eval,2,"HBA,RB",COc1ccc(CCCC[C@@H]2N[C@@H](CO)[C@H](O)[C@H]2O)cc1,Cc1ccc(CCCC[C@@H]2N[C@@H](CO)[C@H](O)[C@H]2O)cc1,COc1ccc(CCCC[C@@H]2N[C@@H](CO)[C@H](O)[C@H]2O)cc1,c1ccc(CCCC[C@H]2CCCN2)cc1,c1ccc(CCCC[C@H]2CCCN2)cc1,True,True,True,source_identity,1.0,0.725,,,,,,,,,,,,,,,,,,,,,4.0,5.0,1.0,True,6.0,7.0,1.0,True
edit_latent_scaffold_source_rerank,mpair_00000594_cond_00_2p,mpair_00000594,eval,2,"HBA,RB",COc1ccc(CCCC[C@@H]2N[C@@H](CO)[C@H](O)[C@H]2O)cc1,OC[C@@H]1N[C@@H](CCCCc2cc(F)cc(F)c2)[C@H](O)[C@H]1O,COc1ccc(CCCC[C@@H]2N[C@@H](CO)[C@H](O)[C@H]2O)cc1,c1ccc(CCCC[C@H]2CCCN2)cc1,c1ccc(CCCC[C@H]2CCCN2)cc1,True,True,True,source_identity,1.0,0.5681818181818182,,,,,,,,,,,,,,,,,,,,,4.0,5.0,1.0,True,6.0,7.0,1.0,True
edit_latent_scaffold_source_rerank,mpair_00000596_cond_01_2p,mpair_00000596,eval,2,"HBA,RB",OC[C@@H]1N[C@@H](CCCCc2ccc(F)cc2)[C@H](O)[C@H]1O,COc1ccc(CCCC[C@@H]2N[C@@H](CO)[C@H](O)[C@H]2O)cc1,OC[C@@H]1N[C@@H](CCCCc2ccc(F)cc2)[C@H](O)[C@H]1O,c1ccc(CCCC[C@H]2CCCN2)cc1,c1ccc(CCCC[C@H]2CCCN2)cc1,True,True,True,source_identity,1.0,0.6829268292682927,,,,,,,,,,,,,,,,,,,,,5.0,4.0,1.0,True,7.0,6.0,1.0,True
edit_latent_scaffold_source_rerank,mpair_00000724_cond_00_2p,mpair_00000724,eval,2,"MW,LogP",C=CCc1cc(/C=C2\SC(=O)N(CC=C(C)C)C2=O)c(OC)cc1OC1CCCCO1,C=CCc1cc(/C=C2\SC(=O)N(C)C2=O)c(OC)cc1OC1CCCCO1,C=CCc1cc(/C=C2\SC(=O)N(CC=C(C)C)C2=O)c(OC)cc1OC1CCCCO1,O=C1NC(=O)/C(=C/c2ccc(OC3CCCCO3)cc2)S1,O=C1NC(=O)/C(=C/c2ccc(OC3CCCCO3)cc2)S1,True,False,False,source_identity,1.0,0.7761194029850746,389.4730000000002,443.5650000000003,54.0920000000001,False,3.9952000000000023,5.331600000000005,1.336400000000003,False,,,,,,,,,,,,,,,,,,,,
edit_latent_scaffold_source_rerank,mpair_00000727_cond_02_2p,mpair_00000727,eval,2,"QED,RB",C=CCc1cc(/C=C2\SC(=O)N(C(C)C)C2=O)c(OC)cc1OC1CCCCO1,C=CCc1cc(/C=C2\SC(=O)N(CCCC)C2=O)c(OC)cc1OC1CCCCO1,C=CCc1cc(/C=C2\SC(=O)N(C(C)C)C2=O)c(OC)cc1OC1CCCCO1,O=C1NC(=O)/C(=C/c2ccc(OC3CCCCO3)cc2)S1,O=C1NC(=O)/C(=C/c2ccc(OC3CCCCO3)cc2)S1,True,False,False,source_identity,1.0,0.7285714285714285,,,,,,,,,0.39718598618589046,0.4701504427149941,0.07296445652910366,True,,,,,,,,,,,,,9.0,7.0,2.0,False
edit_latent_scaffold_source_rerank,mpair_00000730_cond_02_2p,mpair_00000730,eval,2,"MW,HBD",C=CCc1cc(/C=C2\SC(=O)NC2=O)c(OC)cc1OC1CCCCO1,C=CCc1cc(/C=C2\SC(=O)N(C(C)C)C2=O)c(OC)cc1OC1CCCCO1,C=CCc1cc(/C=C2\SC(=O)NC2=O)c(OC)cc1OC1CCCCO1,O=C1NC(=O)/C(=C/c2ccc(OC3CCCCO3)cc2)S1,O=C1NC(=O)/C(=C/c2ccc(OC3CCCCO3)cc2)S1,True,False,False,source_identity,1.0,0.6865671641791045,417.52700000000027,375.4460000000002,42.081000000000074,False,,,,,,,,,,,,,0.0,1.0,1.0,True,,,,,,,,
edit_latent_scaffold_source_rerank,mpair_00000732_cond_02_2p,mpair_00000732,eval,2,"LogP,QED",C=CCc1cc(/C=C2\SC(=O)N(CC=C)C2=O)c(OC)cc1OC1CCCCO1,C=CCc1cc(/C=C2\SC(=O)N(CC=C(C)C)C2=O)c(OC)cc1OC1CCCCO1,C=CCc1cc(/C=C2\SC(=O)N(CC=C)C2=O)c(OC)cc1OC1CCCCO1,O=C1NC(=O)/C(=C/c2ccc(OC3CCCCO3)cc2)S1,O=C1NC(=O)/C(=C/c2ccc(OC3CCCCO3)cc2)S1,True,True,True,source_identity,1.0,0.8615384615384616,,,,,5.331600000000005,4.551400000000004,0.7802000000000016,True,0.3995752918375223,0.45838471716690443,0.05880942532938216,True,,,,,,,,,,,,,,,,
edit_latent_scaffold_source_rerank,mpair_00000736_cond_01_2p,mpair_00000736,eval,2,"QED,RB",C=CCc1cc(/C=C2\SC(=O)N(CCCC)C2=O)c(OC)cc1OC1CCCCO1,C=CCc1cc(/C=C2\SC(=O)N(C(C)C)C2=O)c(OC)cc1OC1CCCCO1,C=CCc1cc(/C=C2\SC(=O)N(CCCC)C2=O)c(OC)cc1OC1CCCCO1,O=C1NC(=O)/C(=C/c2ccc(OC3CCCCO3)cc2)S1,O=C1NC(=O)/C(=C/c2ccc(OC3CCCCO3)cc2)S1,True,False,False,source_identity,1.0,0.7285714285714285,,,,,,,,,0.4701504427149941,0.39718598618589046,0.07296445652910366,True,,,,,,,,,,,,,7.0,9.0,2.0,False
edit_latent_scaffold_source_rerank,mpair_00000738_cond_00_2p,mpair_00000738,eval,2,"LogP,RB",C=CCc1cc(/C=C2\SC(=O)N(C(C)C)C2=O)c(OC)cc1OC1CCCCO1,C=CCc1cc(/C=C2\SC(=O)N(C)C2=O)c(OC)cc1OC1CCCCO1,C=CCc1cc(/C=C2\SC(=O)N(C(C)C)C2=O)c(OC)cc1OC1CCCCO1,O=C1NC(=O)/C(=C/c2ccc(OC3CCCCO3)cc2)S1,O=C1NC(=O)/C(=C/c2ccc(OC3CCCCO3)cc2)S1,True,True,True,source_identity,1.0,0.796875,,,,,3.9952000000000023,4.773800000000004,0.7786000000000017,True,,,,,,,,,,,,,,,,,6.0,7.0,1.0,True
edit_latent_scaffold_source_rerank,mpair_00000741_cond_01_2p,mpair_00000741,eval,2,"QED,RB",C=CCc1cc(/C=C2\SC(=O)N(C)C2=O)c(OC)cc1OC1CCCCO1,C=CCc1cc(/C=C2\SC(=O)N(C(C)C)C2=O)c(OC)cc1OC1CCCCO1,C=CCc1cc(/C=C2\SC(=O)N(C)C2=O)c(OC)cc1OC1CCCCO1,O=C1NC(=O)/C(=C/c2ccc(OC3CCCCO3)cc2)S1,O=C1NC(=O)/C(=C/c2ccc(OC3CCCCO3)cc2)S1,True,True,True,source_identity,1.0,0.796875,,,,,,,,,0.4701504427149941,0.5413211960634129,0.07117075334841877,True,,,,,,,,,,,,,7.0,6.0,1.0,True
edit_latent_scaffold_source_rerank,mpair_00000744_cond_01_2p,mpair_00000744,eval,2,"LogP,RB",C=CCc1cc(/C=C2\SC(=O)N(CC=C(C)C)C2=O)c(OC)cc1OC1CCCCO1,C=CCc1cc(/C=C2\SC(=O)N(C(C)C)C2=O)c(OC)cc1OC1CCCCO1,C=CCc1cc(/C=C2\SC(=O)N(CC=C(C)C)C2=O)c(OC)cc1OC1CCCCO1,O=C1NC(=O)/C(=C/c2ccc(OC3CCCCO3)cc2)S1,O=C1NC(=O)/C(=C/c2ccc(OC3CCCCO3)cc2)S1,True,True,True,source_identity,1.0,0.7183098591549296,,,,,4.773800000000004,5.331600000000005,0.5578000000000012,True,,,,,,,,,,,,,,,,,7.0,8.0,1.0,True
edit_latent_scaffold_source_rerank,mpair_00000746_cond_02_2p,mpair_00000746,eval,2,"QED,RB",C=CCc1cc(/C=C2\SC(=O)N(CC=C)C2=O)c(OC)cc1OC1CCCCO1,C=CCc1cc(/C=C2\SC(=O)N(CCCC)C2=O)c(OC)cc1OC1CCCCO1,C=CCc1cc(/C=C2\SC(=O)N(CC=C)C2=O)c(OC)cc1OC1CCCCO1,O=C1NC(=O)/C(=C/c2ccc(OC3CCCCO3)cc2)S1,O=C1NC(=O)/C(=C/c2ccc(OC3CCCCO3)cc2)S1,True,True,True,source_identity,1.0,0.8181818181818182,,,,,,,,,0.39718598618589046,0.45838471716690443,0.06119873098101397,True,,,,,,,,,,,,,9.0,8.0,1.0,True
edit_latent_scaffold_source_rerank,mpair_00000752_cond_00_2p,mpair_00000752,eval,2,"LogP,RB",CC[C@H]1CCC(=O)N2[C@H](Cc3c[nH]c4ccccc34)CO[C@H]12,COC(=O)C[C@@H]1CC(=O)N2[C@H](Cc3c[nH]c4ccccc34)CO[C@@H]2C1,CC[C@H]1CCC(=O)N2[C@H](Cc3c[nH]c4ccccc34)CO[C@H]12,O=C1CCC[C@H]2OC[C@@H](Cc3c[nH]c4ccccc34)N12,O=C1CCC[C@H]2OC[C@@H](Cc3c[nH]c4ccccc34)N12,True,True,True,source_identity,1.0,0.5072463768115942,,,,,2.236999999999999,3.0839000000000016,0.8469000000000024,True,,,,,,,,,,,,,,,,,4.0,3.0,1.0,True
edit_latent_scaffold_source_rerank,mpair_00000755_cond_01_2p,mpair_00000755,eval,2,"LogP,RB",CC[C@H]1CCC(=O)N2[C@H](Cc3c[nH]c4ccccc34)CO[C@H]12,O=C1CCC[C@H]2OC[C@@H](Cc3c[nH]c4ccccc34)N12,CC[C@H]1CCC(=O)N2[C@H](Cc3c[nH]c4ccccc34)CO[C@H]12,O=C1CCC[C@H]2OC[C@@H](Cc3c[nH]c4ccccc34)N12,O=C1CCC[C@H]2OC[C@@H](Cc3c[nH]c4ccccc34)N12,True,True,True,source_identity,1.0,0.6607142857142857,,,,,2.447800000000001,3.0839000000000016,0.6361000000000008,True,,,,,,,,,,,,,,,,,2.0,3.0,1.0,True
edit_latent_scaffold_source_rerank,mpair_00000757_cond_00_2p,mpair_00000757,eval,2,"LogP,HBA",COc1cccc(-c2cncc(O[C@@H]3CCNC3)c2)c1,Clc1cccc(-c2cncc(O[C@@H]3CCNC3)c2)c1,COc1cccc(-c2cncc(O[C@@H]3CCNC3)c2)c1,c1ccc(-c2cncc(O[C@@H]3CCNC3)c2)cc1,c1ccc(-c2cncc(O[C@@H]3CCNC3)c2)cc1,True,True,True,source_identity,1.0,0.7446808510638298,,,,,3.1427000000000014,2.4979000000000005,0.6448000000000009,True,,,,,,,,,,,,,3.0,4.0,1.0,True,,,,
edit_latent_scaffold_source_rerank,mpair_00000759_cond_01_2p,mpair_00000759,eval,2,"MW,LogP",c1ccc(-c2cncc(O[C@@H]3CCNC3)c2)cc1,Clc1cccc(-c2cc(O[C@@H]3CCNC3)cnc2Cl)c1,c1ccc(-c2cncc(O[C@@H]3CCNC3)c2)cc1,c1ccc(-c2cncc(O[C@@H]3CCNC3)c2)cc1,c1ccc(-c2cncc(O[C@@H]3CCNC3)c2)cc1,True,False,False,source_identity,1.0,0.5192307692307693,309.196,240.30599999999998,68.89000000000004,False,3.796100000000002,2.4893,1.3068000000000017,False,,,,,,,,,,,,,,,,,,,,
edit_latent_scaffold_source_rerank,mpair_00000761_cond_00_2p,mpair_00000761,eval,2,"HBA,RB",c1ccc(-c2cncc(O[C@@H]3CCNC3)c2)cc1,COc1cccc(-c2cncc(O[C@@H]3CCNC3)c2)c1,c1ccc(-c2cncc(O[C@@H]3CCNC3)c2)cc1,c1ccc(-c2cncc(O[C@@H]3CCNC3)c2)cc1,c1ccc(-c2cncc(O[C@@H]3CCNC3)c2)cc1,True,True,True,source_identity,1.0,0.75,,,,,,,,,,,,,,,,,,,,,4.0,3.0,1.0,True,4.0,3.0,1.0,True
edit_latent_scaffold_source_rerank,mpair_00000763_cond_02_2p,mpair_00000763,eval,2,"HBA,RB",COc1cccc(-c2cncc(O[C@@H]3CCNC3)c2)c1,c1ccc(-c2cncc(O[C@@H]3CCNC3)c2)cc1,COc1cccc(-c2cncc(O[C@@H]3CCNC3)c2)c1,c1ccc(-c2cncc(O[C@@H]3CCNC3)c2)cc1,c1ccc(-c2cncc(O[C@@H]3CCNC3)c2)cc1,True,True,True,source_identity,1.0,0.75,,,,,,,,,,,,,,,,,,,,,3.0,4.0,1.0,True,3.0,4.0,1.0,True
edit_latent_scaffold_source_rerank,mpair_00001114_cond_00_2p,mpair_00001114,eval,2,"QED,HBD",COc1ccc(N2CCN(CCC3NC(=O)c4ccccc43)CC2)cc1,COc1ccc(N2CCN(CCC3c4ccccc4C(=O)N3C)CC2)cc1,COc1ccc(N2CCN(CCC3NC(=O)c4ccccc43)CC2)cc1,O=C1NC(CCN2CCN(c3ccccc3)CC2)c2ccccc21,O=C1NC(CCN2CCN(c3ccccc3)CC2)c2ccccc21,True,True,True,source_identity,1.0,0.6545454545454545,,,,,,,,,0.8160326048332845,0.8996022198661571,0.08356961503287252,True,,,,,0.0,1.0,1.0,True,,,,,,,,
edit_latent_scaffold_source_rerank,mpair_00001116_cond_01_2p,mpair_00001116,eval,2,"HBA,RB",COc1ccc(N2CCN(CCC3NC(=O)c4ccccc43)CC2)cc1,O=C1NC(CCN2CCN(c3ccccc3)CC2)c2ccccc21,COc1ccc(N2CCN(CCC3NC(=O)c4ccccc43)CC2)cc1,O=C1NC(CCN2CCN(c3ccccc3)CC2)c2ccccc21,O=C1NC(CCN2CCN(c3ccccc3)CC2)c2ccccc21,True,True,True,source_identity,1.0,0.7708333333333334,,,,,,,,,,,,,,,,,,,,,3.0,4.0,1.0,True,4.0,5.0,1.0,True
edit_latent_scaffold_source_rerank,mpair_00001119_cond_02_2p,mpair_00001119,eval,2,"HBA,RB",O=C1NC(CCN2CCN(c3ccccc3)CC2)c2ccccc21,COc1ccc(N2CCN(CCC3NC(=O)c4ccccc43)CC2)cc1,O=C1NC(CCN2CCN(c3ccccc3)CC2)c2ccccc21,O=C1NC(CCN2CCN(c3ccccc3)CC2)c2ccccc21,O=C1NC(CCN2CCN(c3ccccc3)CC2)c2ccccc21,True,True,True,source_identity,1.0,0.7708333333333334,,,,,,,,,,,,,,,,,,,,,4.0,3.0,1.0,True,5.0,4.0,1.0,True
edit_latent_scaffold_source_rerank,mpair_00001121_cond_01_2p,mpair_00001121,eval,2,"MW,LogP",O=C1NC(CCN2CCN(c3ccccc3)CC2)c2ccccc21,CN1C(=O)c2ccccc2C1CCN1CCN(c2ccc(Cl)cc2)CC1,O=C1NC(CCN2CCN(c3ccccc3)CC2)c2ccccc21,O=C1NC(CCN2CCN(c3ccccc3)CC2)c2ccccc21,O=C1NC(CCN2CCN(c3ccccc3)CC2)c2ccccc21,True,False,False,source_identity,1.0,0.4909090909090909,369.8960000000001,321.4240000000001,48.47199999999998,False,3.679000000000003,2.6834000000000007,0.9956000000000023,True,,,,,,,,,,,,,,,,,,,,
edit_latent_scaffold_source_rerank,mpair_00001123_cond_02_2p,mpair_00001123,eval,2,"MW,HBD",O=C1NC(CCN2CCN(c3ccccc3)CC2)c2ccccc21,COc1ccc(N2CCN(CCC3c4ccccc4C(=O)N3C)CC2)cc1,O=C1NC(CCN2CCN(c3ccccc3)CC2)c2ccccc21,O=C1NC(CCN2CCN(c3ccccc3)CC2)c2ccccc21,O=C1NC(CCN2CCN(c3ccccc3)CC2)c2ccccc21,True,False,False,source_identity,1.0,0.47368421052631576,365.47700000000015,321.4240000000001,44.053000000000054,False,,,,,,,,,,,,,0.0,1.0,1.0,True,,,,,,,,
edit_latent_scaffold_source_rerank,mpair_00001126_cond_01_2p,mpair_00001126,eval,2,"LogP,HBA",Cc1ccc(N2CCN(CCC3NC(=O)c4ccccc43)CC2)cc1C,COc1ccc(N2CCN(CCC3NC(=O)c4ccccc43)CC2)cc1,Cc1ccc(N2CCN(CCC3NC(=O)c4ccccc43)CC2)cc1C,O=C1NC(CCN2CCN(c3ccccc3)CC2)c2ccccc21,O=C1NC(CCN2CCN(c3ccccc3)CC2)c2ccccc21,True,True,True,source_identity,1.0,0.7037037037037037,,,,,2.692000000000001,3.3002400000000023,0.6082400000000012,True,,,,,,,,,,,,,4.0,3.0,1.0,True,,,,
edit_latent_scaffold_source_rerank,mpair_00001129_cond_01_2p,mpair_00001129,eval,2,"QED,HBD",Cc1ccc(N2CCN(CCC3NC(=O)c4ccccc43)CC2)cc1C,CN1C(=O)c2ccccc2C1CCN1CCN(c2ccc(Cl)cc2)CC1,Cc1ccc(N2CCN(CCC3NC(=O)c4ccccc43)CC2)cc1C,O=C1NC(CCN2CCN(c3ccccc3)CC2)c2ccccc21,O=C1NC(CCN2CCN(c3ccccc3)CC2)c2ccccc21,True,True,True,source_identity,1.0,0.45901639344262296,,,,,,,,,0.8221231339252668,0.9198864151307602,0.09776328120549338,True,,,,,0.0,1.0,1.0,True,,,,,,,,
edit_latent_scaffold_source_rerank,mpair_00001131_cond_00_2p,mpair_00001131,eval,2,"QED,HBA",COc1ccc(N2CCN(CCC3c4ccccc4C(=O)N3C)CC2)cc1,Cc1ccc(N2CCN(CCC3NC(=O)c4ccccc43)CC2)cc1C,COc1ccc(N2CCN(CCC3c4ccccc4C(=O)N3C)CC2)cc1,O=C1NC(CCN2CCN(c3ccccc3)CC2)c2ccccc21,O=C1NC(CCN2CCN(c3ccccc3)CC2)c2ccccc21,True,False,False,source_identity,1.0,0.4444444444444444,,,,,,,,,0.9198864151307602,0.8160326048332845,0.10385381029747565,False,,,,,,,,,3.0,4.0,1.0,True,,,,
edit_latent_scaffold_source_rerank,mpair_00001135_cond_00_2p,mpair_00001135,eval,2,"LogP,QED",Fc1ccc(N2CCN(c3nc4ccsc4n4cccc34)CC2)cc1,FC(F)(F)c1cccc(N2CCN(c3nc4ccsc4n4cccc34)CC2)c1,Clc1ccc(N2CCN(c3nc4ccsc4n4cccc34)CC2)cc1,c1ccc(N2CCN(c3nc4ccsc4n4cccc34)CC2)cc1,c1ccc(N2CCN(c3nc4ccsc4n4cccc34)CC2)cc1,True,True,True,,0.7872340425531915,0.6363636363636364,,,,,4.894400000000004,4.5290000000000035,0.36540000000000017,True,0.47685586942313013,0.5191234865371509,0.04226761711402077,True,,,,,,,,,,,,,,,,
edit_latent_scaffold_source_rerank,mpair_00001633_cond_00_2p,mpair_00001633,eval,2,"MW,QED",C=CCC1(C(C)C#CCC)C(=O)NC(=O)N(C)C1=O,C=C(Br)CC1(C(C)C)C(=O)NC(=O)N(C)C1=O,CCC(C)C1(CC)C(=O)NC(=O)NC1=O,O=C1CC(=O)NC(=O)N1,O=C1CC(=O)NC(=O)N1,True,False,False,,0.2708333333333333,0.27906976744186046,303.15600000000006,212.249,90.90700000000007,False,,,,,0.8059749860896003,0.6791427219817272,0.12683226410787307,False,,,,,,,,,,,,,,,,
edit_latent_scaffold_source_rerank,mpair_00001643_cond_02_2p,mpair_00001643,eval,2,"MW,QED",C=C(Br)CC1(C(C)C)C(=O)NC(=O)N(C)C1=O,C=CCC1(C(C)C#CCC)C(=O)NC(=O)N(C)C1=O,CCC(C)C1(CC)C(=O)NC(=O)NC1=O,O=C1CC(=O)NC(=O)N1,O=C1CC(=O)NC(=O)N1,True,False,False,,0.27906976744186046,0.2708333333333333,262.30899999999997,212.249,50.059999999999974,False,,,,,0.47348972477403223,0.6791427219817272,0.20565299720769498,False,,,,,,,,,,,,,,,,
edit_latent_scaffold_source_rerank,mpair_00002259_cond_01_2p,mpair_00002259,eval,2,"LogP,QED",Cc1ccccc1NC(=O)c1c(C)n(-c2ccccc2C)c(C)cc1=O,Cc1cccc(C)c1NC(=O)c1c(C)n(-c2c(C)cccc2C)c(C)cc1=O,Cc1c(Br)c(=O)c(C(=O)Nc2ccccc2)c(C)n1-c1ccccc1,O=C(Nc1ccccc1)c1cn(-c2ccccc2)ccc1=O,O=C(Nc1ccccc1)c1cn(-c2ccccc2)ccc1=O,True,True,True,,0.35714285714285715,0.34545454545454546,,,,,4.940320000000004,4.469140000000003,0.47118000000000126,True,0.7058233303377046,0.709239916031685,0.0034165856939804007,True,,,,,,,,,,,,,,,,
edit_latent_scaffold_source_rerank,mpair_00002372_cond_01_2p,mpair_00002372,eval,2,"HBA,RB",CCCCCNC(=O)Nc1c(SCCCn2cnc(-c3ccccc3)c2C)cccc1N(C)C,CCCCCNC(=O)Nc1c(C)cccc1SCCCn1cnc(-c2ccccc2)c1C,CCCCCNC(=O)Nc1c(SCCCn2cnc(-c3ccccc3)c2C)cccc1N(C)C,c1ccc(SCCCn2cnc(-c3ccccc3)c2)cc1,c1ccc(SCCCn2cnc(-c3ccccc3)c2)cc1,True,True,True,source_identity,1.0,0.8208955223880597,,,,,,,,,,,,,,,,,,,,,4.0,5.0,1.0,True,11.0,12.0,1.0,True
edit_latent_scaffold_source_rerank,mpair_00002374_cond_01_2p,mpair_00002374,eval,2,"LogP,TPSA",COc1cccc2sc([C@@H]3C[C@H]4CC[C@@H](C3)N4C[C@H](O)COc3cccc4[nH]c(C)cc34)cc12,COc1cccc2sc([C@@H]3C[C@H]4CC[C@@H](C3)N4C[C@H](O)COc3cccc4[nH]c(C(N)=O)cc34)cc12,COc1cccc2sc([C@@H]3C[C@H]4CC[C@@H](C3)N4C[C@H](O)COc3cccc4[nH]c(C)cc34)cc12,c1ccc2sc([C@@H]3C[C@H]4CC[C@@H](C3)N4CCCOc3cccc4[nH]ccc34)cc2c1,c1ccc2sc([C@@H]3C[C@H]4CC[C@@H](C3)N4CCCOc3cccc4[nH]ccc34)cc2c1,True,False,False,source_identity,1.0,0.7916666666666666,,,,,4.640400000000003,5.849920000000006,1.209520000000003,False,,,,,100.81,57.720000000000006,43.089999999999996,False,,,,,,,,,,,,
edit_latent_scaffold_source_rerank,mpair_00002464_cond_01_2p,mpair_00002464,eval,2,"HBA,RB",CN(C)CCCOc1cc(C(=O)Nc2ccc(OC(F)(F)F)cc2)n(Cc2ccccc2)n1,CN(C)CCCOc1cc(C(=O)Nc2ccc(Cl)cc2F)n(Cc2ccccc2)n1,CN(C)CCCOc1cc(C(=O)Nc2ccc(OC(F)(F)F)cc2)n(Cc2ccccc2)n1,O=C(Nc1ccccc1)c1ccnn1Cc1ccccc1,O=C(Nc1ccccc1)c1ccnn1Cc1ccccc1,True,True,True,source_identity,1.0,0.6428571428571429,,,,,,,,,,,,,,,,,,,,,5.0,6.0,1.0,True,9.0,10.0,1.0,True
edit_latent_scaffold_source_rerank,mpair_00002469_cond_00_2p,mpair_00002469,eval,2,"MW,HBA",COc1ccc(NC(=O)c2cc(OCCCN(C)C)nn2Cc2ccccc2)cc1,COc1cc(NC(=O)c2cc(OCCCN(C)C)nn2Cc2ccccc2)cc(OC)c1OC,COc1ccc(NC(=O)c2cc(OCCCN(C)C)nn2Cc2ccccc2)cc1,O=C(Nc1ccccc1)c1ccnn1Cc1ccccc1,O=C(Nc1ccccc1)c1ccnn1Cc1ccccc1,True,False,False,source_identity,1.0,0.7741935483870968,468.5540000000002,408.50200000000007,60.052000000000135,False,,,,,,,,,,,,,,,,,8.0,6.0,2.0,False,,,,
edit_latent_scaffold_source_rerank,mpair_00002475_cond_00_2p,mpair_00002475,eval,2,"TPSA,RB",CN(C)CCCOc1cc(C(=O)Nc2ccc(OC(F)(F)F)cc2)n(Cc2ccccc2)n1,COc1cc(NC(=O)c2cc(OCCCN(C)C)nn2Cc2ccccc2)cc(OC)c1OC,CN(C)CCCOc1cc(C(=O)Nc2ccc(OC(F)(F)F)cc2)n(Cc2ccccc2)n1,O=C(Nc1ccccc1)c1ccnn1Cc1ccccc1,O=C(Nc1ccccc1)c1ccnn1Cc1ccccc1,True,False,False,source_identity,1.0,0.6764705882352942,,,,,,,,,,,,,87.08000000000001,68.62,18.460000000000008,True,,,,,,,,,12.0,10.0,2.0,False
edit_latent_scaffold_source_rerank,mpair_00002478_cond_00_2p,mpair_00002478,eval,2,"MW,LogP",CN(C)CCCOc1cc(C(=O)Nc2cccc(Cl)c2)n(Cc2ccccc2)n1,CN(C)CCCOc1cc(C(=O)Nc2cc(F)cc(C(F)(F)F)c2)n(Cc2ccccc2)n1,CN(C)CCCOc1cc(C(=O)Nc2cccc(Cl)c2)n(Cc2ccccc2)n1,O=C(Nc1ccccc1)c1ccnn1Cc1ccccc1,O=C(Nc1ccccc1)c1ccnn1Cc1ccccc1,True,False,False,source_identity,1.0,0.6764705882352942,464.4630000000001,412.9210000000001,51.54199999999997,False,4.672100000000003,4.167600000000003,0.5045000000000002,True,,,,,,,,,,,,,,,,,,,,
edit_latent_scaffold_source_rerank,mpair_00002482_cond_01_2p,mpair_00002482,eval,2,"LogP,QED",COc1ccc(NC(=O)c2cc(OCCCN(C)C)nn2Cc2ccccc2)cc1,CN(C)CCCOc1cc(C(=O)Nc2ccc(OC(F)(F)F)cc2)n(Cc2ccccc2)n1,COc1ccc(NC(=O)c2cc(OCCCN(C)C)nn2Cc2ccccc2)cc1,O=C(Nc1ccccc1)c1ccnn1Cc1ccccc1,O=C(Nc1ccccc1)c1ccnn1Cc1ccccc1,True,True,True,source_identity,1.0,0.8064516129032258,,,,,4.412800000000003,3.522800000000002,0.8900000000000015,True,0.4522382232340766,0.5200250404910086,0.06778681725693203,True,,,,,,,,,,,,,,,,
edit_latent_scaffold_source_rerank,mpair_00002486_cond_00_2p,mpair_00002486,eval,2,"MW,RB",CN(C)CCCOc1cc(C(=O)Nc2cccc(Cl)c2)n(Cc2ccccc2)n1,CN(C)CCCOc1cc(C(=O)Nc2ccc(OC(F)(F)F)cc2)n(Cc2ccccc2)n1,CN(C)CCCOc1cc(C(=O)Nc2cccc(Cl)c2)n(Cc2ccccc2)n1,O=C(Nc1ccccc1)c1ccnn1Cc1ccccc1,O=C(Nc1ccccc1)c1ccnn1Cc1ccccc1,True,False,False,source_identity,1.0,0.696969696969697,462.4720000000001,412.9210000000001,49.55099999999999,False,,,,,,,,,,,,,,,,,,,,,10.0,9.0,1.0,True
edit_latent_scaffold_source_rerank,mpair_00002489_cond_00_2p,mpair_00002489,eval,2,"LogP,HBA",C=Cc1cc(C(=O)OCC)n(S(=O)(=O)c2cc(Cl)ccc2N)c1,CCOC(=O)c1cc(C(C)O)cn1S(=O)(=O)c1cc(Cl)ccc1N,N/C(S)=N/N=C/c1cccn1S(=O)(=O)c1ccccc1,O=S(=O)(c1ccccc1)n1cccc1,O=S(=O)(c1ccccc1)n1cccc1,True,False,False,,0.16,0.14473684210526316,,,,,2.1907,1.3035,0.8872,True,,,,,,,,,,,,,7.0,5.0,2.0,False,,,,
edit_latent_scaffold_source_rerank,mpair_00002494_cond_00_2p,mpair_00002494,eval,2,"MW,LogP",O=C1C(Nc2ccccc2)=C(Cl)C(=O)c2ncncc21,O=C1C(Nc2cccc(Br)c2)=C(Cl)C(=O)c2ncncc21,O=C1C(Nc2cccc(Cl)c2)=C(Cl)C(=O)c2ncncc21,O=C1C(Nc2ccccc2)=CC(=O)c2ncncc21,O=C1C(Nc2ccccc2)=CC(=O)c2ncncc21,True,False,False,,0.7619047619047619,0.7777777777777778,364.58600000000007,320.135,44.45100000000008,False,3.180600000000001,3.0715000000000003,0.10910000000000064,True,,,,,,,,,,,,,,,,,,,,
edit_latent_scaffold_source_rerank,mpair_00002495_cond_02_2p,mpair_00002495,eval,2,"LogP,RB",O=C1C(Nc2ccccc2)=C(Cl)C(=O)c2ncncc21,CCc1ccc(NC2=C(Cl)C(=O)c3ncncc3C2=O)cc1,Cc1cccc(NC2=C(Cl)C(=O)c3ncncc3C2=O)c1,O=C1C(Nc2ccccc2)=CC(=O)c2ncncc21,O=C1C(Nc2ccccc2)=CC(=O)c2ncncc21,True,True,True,,0.7272727272727273,0.62,,,,,2.980500000000001,2.7265200000000007,0.2539800000000003,True,,,,,,,,,,,,,,,,,3.0,2.0,1.0,True
edit_latent_scaffold_source_rerank,mpair_00002497_cond_01_2p,mpair_00002497,eval,2,"MW,LogP",O=C1C(Nc2ccc(Br)cc2)=C(Cl)C(=O)c2ncncc21,O=C1C(Nc2ccccc2)=C(Cl)C(=O)c2ncncc21,Cc1ccc(NC2=C(Cl)C(=O)c3ncncc3C2=O)cc1,O=C1C(Nc2ccccc2)=CC(=O)c2ncncc21,O=C1C(Nc2ccccc2)=CC(=O)c2ncncc21,True,True,True,,0.7619047619047619,0.7560975609756098,285.69,299.71700000000004,14.027000000000044,True,2.4181,2.7265200000000007,0.3084200000000008,True,,,,,,,,,,,,,,,,,,,,
edit_latent_scaffold_source_rerank,mpair_00002501_cond_00_2p,mpair_00002501,eval,2,"LogP,RB",CCc1ccc(NC2=C(Cl)C(=O)c3ncncc3C2=O)cc1,O=C1C(Nc2ccccc2)=C(Cl)C(=O)c2ncncc21,Cc1ccc(NC2=C(Cl)C(=O)c3ncncc3C2=O)cc1,O=C1C(Nc2ccccc2)=CC(=O)c2ncncc21,O=C1C(Nc2ccccc2)=CC(=O)c2ncncc21,True,True,True,,0.75,0.7560975609756098,,,,,2.4181,2.7265200000000007,0.3084200000000008,True,,,,,,,,,,,,,,,,,2.0,2.0,0.0,True
edit_latent_scaffold_source_rerank,mpair_00002504_cond_00_2p,mpair_00002504,eval,2,"HBA,RB",COc1ccc(C(=O)CN2c3ccccc3C(=O)N(Cc3ccccc3)S2(=O)=O)cc1,Cc1ccc(C(=O)CN2c3ccccc3C(=O)N(Cc3ccccc3)S2(=O)=O)cc1,COc1ccc(C(=O)CN2c3ccccc3C(=O)N(Cc3ccccc3)S2(=O)=O)cc1,O=C(CN1c2ccccc2C(=O)N(Cc2ccccc2)S1(=O)=O)c1ccccc1,O=C(CN1c2ccccc2C(=O)N(Cc2ccccc2)S1(=O)=O)c1ccccc1,True,True,True,source_identity,1.0,0.7843137254901961,,,,,,,,,,,,,,,,,,,,,4.0,5.0,1.0,True,5.0,6.0,1.0,True
edit_latent_scaffold_source_rerank,mpair_00002506_cond_01_2p,mpair_00002506,eval,2,"HBA,RB",Cc1ccc(C(=O)CN2c3ccccc3C(=O)N(Cc3ccccc3)S2(=O)=O)cc1,COc1ccc(C(=O)CN2c3ccccc3C(=O)N(Cc3ccccc3)S2(=O)=O)cc1,Cc1ccc(C(=O)CN2c3ccccc3C(=O)N(Cc3ccccc3)S2(=O)=O)cc1,O=C(CN1c2ccccc2C(=O)N(Cc2ccccc2)S1(=O)=O)c1ccccc1,O=C(CN1c2ccccc2C(=O)N(Cc2ccccc2)S1(=O)=O)c1ccccc1,True,True,True,source_identity,1.0,0.7843137254901961,,,,,,,,,,,,,,,,,,,,,5.0,4.0,1.0,True,6.0,5.0,1.0,True
edit_latent_scaffold_source_rerank,mpair_00002510_cond_02_2p,mpair_00002510,eval,2,"LogP,TPSA",CSc1cc(-c2ccc(Br)cc2)oc(=O)c1C#N,CSc1cc(-c2ccc(Br)cc2)oc(=O)c1Cl,CSc1cc(-c2ccc(F)cc2)oc(=O)c1,O=c1cccc(-c2ccccc2)o1,O=c1cccc(-c2ccccc2)o1,True,False,False,,0.3469387755102041,0.3695652173913043,,,,,4.444600000000002,3.1678000000000024,1.2767999999999997,False,,,,,30.21,30.21,0.0,True,,,,,,,,,,,,
edit_latent_scaffold_source_rerank,mpair_00002517_cond_01_2p,mpair_00002517,eval,2,"MW,LogP",CSc1cc(-c2ccc(Cl)cc2)oc(=O)c1Br,CSc1cc(-c2ccc(Cl)cc2)oc(=O)c1,CSc1cc(-c2ccc(F)cc2)oc(=O)c1,O=c1cccc(-c2ccccc2)o1,O=c1cccc(-c2ccccc2)o1,True,True,True,,0.3695652173913043,0.7142857142857143,252.72199999999998,236.26699999999997,16.455000000000013,True,3.682100000000002,3.1678000000000024,0.5142999999999995,True,,,,,,,,,,,,,,,,,,,,
edit_latent_scaffold_source_rerank,mpair_00002525_cond_01_2p,mpair_00002525,eval,2,"QED,RB",CSc1cc(-c2ccc(Cl)cc2)oc(=O)c1C(N)=O,CSc1cc(-c2ccc(Br)cc2)oc(=O)c1C#N,CSc1cc(-c2ccc(F)cc2)oc(=O)c1,O=c1cccc(-c2ccccc2)o1,O=c1cccc(-c2ccccc2)o1,True,True,True,,0.34,0.3469387755102041,,,,,,,,,0.791886779601309,0.7501191134076561,0.04176766619365291,True,,,,,,,,,,,,,2.0,2.0,0.0,True
edit_latent_scaffold_source_rerank,mpair_00002533_cond_02_2p,mpair_00002533,eval,2,"TPSA,HBA",CSc1cc(-c2ccc(Br)cc2)oc(=O)c1C#N,CSc1cc(-c2ccc(Cl)cc2)oc(=O)c1Br,CSc1cc(-c2ccc(F)cc2)oc(=O)c1,O=c1cccc(-c2ccccc2)o1,O=c1cccc(-c2ccccc2)o1,True,True,True,,0.3469387755102041,0.3695652173913043,,,,,,,,,,,,,30.21,30.21,0.0,True,,,,,3.0,3.0,0.0,True,,,,
edit_latent_scaffold_source_rerank,mpair_00002546_cond_00_2p,mpair_00002546,eval,2,"MW,LogP",CSc1cc(-c2ccc(Br)cc2)oc(=O)c1Br,CSc1cc(-c2ccc(Br)cc2)oc(=O)c1C#N,CSc1cc(-c2ccc(F)cc2)oc(=O)c1,O=c1cccc(-c2ccccc2)o1,O=c1cccc(-c2ccccc2)o1,True,False,False,,0.38636363636363635,0.3469387755102041,322.1830000000001,236.26699999999997,85.91600000000014,False,3.662880000000002,3.1678000000000024,0.49507999999999974,True,,,,,,,,,,,,,,,,,,,,
edit_latent_scaffold_source_rerank,mpair_00002554_cond_02_2p,mpair_00002554,eval,2,"HBD,RB",CSc1cc(-c2ccc(Cl)cc2)oc(=O)c1C(N)=O,CSc1cc(-c2ccc(Cl)cc2)oc(=O)c1,CSc1cc(-c2ccc(F)cc2)oc(=O)c1,O=c1cccc(-c2ccccc2)o1,O=c1cccc(-c2ccccc2)o1,True,True,True,,0.34,0.7142857142857143,,,,,,,,,,,,,,,,,0.0,0.0,0.0,True,,,,,2.0,2.0,0.0,True
edit_latent_scaffold_source_rerank,mpair_00002558_cond_02_2p,mpair_00002558,eval,2,"QED,HBA",CSc1nc(-c2ccc(OC(F)(F)F)cc2)nn1C(=O)N(C)c1ccccc1,CSc1nc(-c2ccc(Cl)cc2)nn1C(=O)N(C)c1ccccc1,CSc1nc(-c2ccc(OC(F)(F)F)cc2)nn1C(=O)N(C)c1ccccc1,O=C(Nc1ccccc1)n1cnc(-c2ccccc2)n1,O=C(Nc1ccccc1)n1cnc(-c2ccccc2)n1,True,True,True,source_identity,1.0,0.7037037037037037,,,,,,,,,0.6499636794176425,0.5874043626188404,0.06255931679880211,True,,,,,,,,,5.0,6.0,1.0,True,,,,
edit_latent_scaffold_source_rerank,mpair_00002562_cond_00_2p,mpair_00002562,eval,2,"LogP,QED",CSc1nc(-c2ccc(Cl)cc2)nn1C(=O)N(C)c1ccccc1,CN(C(=O)n1nc(-c2ccc(Cl)cc2)nc1SCC(F)(F)F)c1ccccc1,CSc1nc(-c2ccc(Cl)cc2)nn1C(=O)N(C)c1ccccc1,O=C(Nc1ccccc1)n1cnc(-c2ccccc2)n1,O=C(Nc1ccccc1)n1cnc(-c2ccccc2)n1,True,False,False,source_identity,1.0,0.7222222222222222,,,,,5.357400000000003,4.424900000000004,0.9324999999999992,True,0.5270344401044634,0.6499636794176425,0.12292923931317912,False,,,,,,,,,,,,,,,,
edit_latent_scaffold_source_rerank,mpair_00002565_cond_00_2p,mpair_00002565,eval,2,"MW,QED",CSc1nc(-c2ccc(OC(F)(F)F)cc2)nn1C(=O)N(C)c1ccccc1,CSc1nc(-c2ccc(C)cc2)nn1C(=O)N(C)c1ccccc1,CSc1nc(-c2ccc(OC(F)(F)F)cc2)nn1C(=O)N(C)c1ccccc1,O=C(Nc1ccccc1)n1cnc(-c2ccccc2)n1,O=C(Nc1ccccc1)n1cnc(-c2ccccc2)n1,True,False,False,source_identity,1.0,0.7169811320754716,338.43600000000004,408.4050000000001,69.96900000000005,False,,,,,0.6753188675979567,0.5874043626188404,0.08791450497911624,True,,,,,,,,,,,,,,,,
edit_latent_scaffold_source_rerank,mpair_00002567_cond_00_2p,mpair_00002567,eval,2,"HBD,RB",COc1cc(C(=O)N2CCN(C(=O)c3cc(OC)c(OC)c(OC)c3)C(COC(=O)NCCC(C)C)C2)cc(OC)c1OC,CCN(CC)C(=O)OCC1CN(C(=O)c2cc(OC)c(OC)c(OC)c2)CCN1C(=O)c1cc(OC)c(OC)c(OC)c1,COc1cc(C(=O)N2CCN(C(=O)c3cc(OC)c(OC)c(OC)c3)C(COC(=O)NCCC(C)C)C2)cc(OC)c1OC,O=C(c1ccccc1)N1CCN(C(=O)c2ccccc2)CC1,O=C(c1ccccc1)N1CCN(C(=O)c2ccccc2)CC1,True,True,True,source_identity,1.0,0.6451612903225806,,,,,,,,,,,,,,,,,0.0,1.0,1.0,True,,,,,12.0,13.0,1.0,True
edit_latent_scaffold_source_rerank,mpair_00002571_cond_00_2p,mpair_00002571,eval,2,"HBD,RB",CCN(CC)C(=O)OCC1CN(C(=O)c2cc(OC)c(OC)c(OC)c2)CCN1C(=O)c1cc(OC)c(OC)c(OC)c1,COc1cc(C(=O)N2CCN(C(=O)c3cc(OC)c(OC)c(OC)c3)C(COC(=O)NCCC(C)C)C2)cc(OC)c1OC,CCN(CC)C(=O)OCC1CN(C(=O)c2cc(OC)c(OC)c(OC)c2)CCN1C(=O)c1cc(OC)c(OC)c(OC)c1,O=C(c1ccccc1)N1CCN(C(=O)c2ccccc2)CC1,O=C(c1ccccc1)N1CCN(C(=O)c2ccccc2)CC1,True,True,True,source_identity,1.0,0.6451612903225806,,,,,,,,,,,,,,,,,1.0,0.0,1.0,True,,,,,13.0,12.0,1.0,True
edit_latent_scaffold_source_rerank,mpair_00002574_cond_00_2p,mpair_00002574,eval,2,"LogP,RB",COc1cc(C(=O)N2CCN(C(=O)c3cc(OC)c(OC)c(OC)c3)C(COC(=O)CC(C)(C)C)C2)cc(OC)c1OC,CCN(CC)C(=O)OCC1CN(C(=O)c2cc(OC)c(OC)c(OC)c2)CCN1C(=O)c1cc(OC)c(OC)c(OC)c1,COc1cc(C(=O)N2CCN(C(=O)c3cc(OC)c(OC)c(OC)c3)C(COC(=O)CC(C)(C)C)C2)cc(OC)c1OC,O=C(c1ccccc1)N1CCN(C(=O)c2ccccc2)CC1,O=C(c1ccccc1)N1CCN(C(=O)c2ccccc2)CC1,True,True,True,source_identity,1.0,0.6896551724137931,,,,,3.1834000000000024,3.684400000000003,0.5010000000000003,True,,,,,,,,,,,,,,,,,12.0,11.0,1.0,True
edit_latent_scaffold_source_rerank,mpair_00002576_cond_01_2p,mpair_00002576,eval,2,"HBD,RB",COc1cc(C(=O)N2CCN(C(=O)c3cc(OC)c(OC)c(OC)c3)C(COC(C)=O)C2)cc(OC)c1OC,COc1cc(C(=O)N2CCN(C(=O)c3cc(OC)c(OC)c(OC)c3)C(COC(=O)NCCC(C)C)C2)cc(OC)c1OC,COc1cc(C(=O)N2CCN(C(=O)c3cc(OC)c(OC)c(OC)c3)C(COC(C)=O)C2)cc(OC)c1OC,O=C(c1ccccc1)N1CCN(C(=O)c2ccccc2)CC1,O=C(c1ccccc1)N1CCN(C(=O)c2ccccc2)CC1,True,False,False,source_identity,1.0,0.7017543859649122,,,,,,,,,,,,,,,,,1.0,0.0,1.0,True,,,,,13.0,10.0,3.0,False
edit_latent_scaffold_source_rerank,mpair_00002578_cond_01_2p,mpair_00002578,eval,2,"LogP,RB",CCN(CC)C(=O)OCC1CN(C(=O)c2cc(OC)c(OC)c(OC)c2)CCN1C(=O)c1cc(OC)c(OC)c(OC)c1,COc1cc(C(=O)N2CCN(C(=O)c3cc(OC)c(OC)c(OC)c3)C(COC(=O)CC(C)(C)C)C2)cc(OC)c1OC,CCN(CC)C(=O)OCC1CN(C(=O)c2cc(OC)c(OC)c(OC)c2)CCN1C(=O)c1cc(OC)c(OC)c(OC)c1,O=C(c1ccccc1)N1CCN(C(=O)c2ccccc2)CC1,O=C(c1ccccc1)N1CCN(C(=O)c2ccccc2)CC1,True,True,True,source_identity,1.0,0.6896551724137931,,,,,3.684400000000003,3.1834000000000024,0.5010000000000003,True,,,,,,,,,,,,,,,,,11.0,12.0,1.0,True
edit_latent_scaffold_source_rerank,mpair_00002588_cond_02_2p,mpair_00002588,eval,2,"TPSA,HBA",COc1cc(C(=O)N2CCN(C(=O)c3cc(OC)c(OC)c(OC)c3)CC2)cc(OC)c1OC,CCN(CC)C(=O)OCC1CN(C(=O)c2cc(OC)c(OC)c(OC)c2)CCN1C(=O)c1cc(OC)c(OC)c(OC)c1,COc1cc(C(=O)N2CCN(C(=O)c3cc(OC)c(OC)c(OC)c3)CC2)cc(OC)c1OC,O=C(c1ccccc1)N1CCN(C(=O)c2ccccc2)CC1,O=C(c1ccccc1)N1CCN(C(=O)c2ccccc2)CC1,True,False,False,source_identity,1.0,0.52,,,,,,,,,,,,,125.54,96.00000000000001,29.539999999999992,False,,,,,10.0,8.0,2.0,False,,,,
edit_latent_scaffold_source_rerank,mpair_00002596_cond_01_2p,mpair_00002596,eval,2,"HBA,RB",COc1ccc(C(=O)Nc2c(F)cncc2F)c2ccc(C(F)(F)F)nc12,COc1ccc(C(=O)Nc2c(Cl)cncc2Cl)c2ccc(C(C)O)nc12,COc1ccc(C(=O)Nc2c(F)cncc2F)c2ccc(C(F)(F)F)nc12,O=C(Nc1ccncc1)c1cccc2ncccc12,O=C(Nc1ccncc1)c1cccc2ncccc12,True,True,True,source_identity,1.0,0.532258064516129,,,,,,,,,,,,,,,,,,,,,5.0,4.0,1.0,True,4.0,3.0,1.0,True
edit_latent_scaffold_source_rerank,mpair_00002599_cond_01_2p,mpair_00002599,eval,2,"TPSA,HBA",COc1ccc(C(=O)Nc2c(Cl)cncc2Cl)c2ccc(C(C)=O)nc12,CCc1ccc2c(C(=O)Nc3c(Cl)cncc3Cl)ccc(OC)c2n1,COc1ccc(C(=O)Nc2c(Cl)cncc2Cl)c2ccc(C(C)=O)nc12,O=C(Nc1ccncc1)c1cccc2ncccc12,O=C(Nc1ccncc1)c1cccc2ncccc12,True,True,True,source_identity,1.0,0.7222222222222222,,,,,,,,,,,,,64.11,81.17999999999999,17.069999999999993,True,,,,,4.0,5.0,1.0,True,,,,
edit_latent_scaffold_source_rerank,mpair_00002602_cond_02_2p,mpair_00002602,eval,2,"TPSA,RB",COc1ccc(C(=O)Nc2ccncc2Cl)c2ccc(C(F)(F)F)nc12,COc1ccc(C(=O)Nc2c(Cl)cncc2Cl)c2ccc(C(C)O)nc12,COc1ccc(C(=O)Nc2ccncc2Cl)c2ccc(C(F)(F)F)nc12,O=C(Nc1ccncc1)c1cccc2ncccc12,O=C(Nc1ccncc1)c1cccc2ncccc12,True,False,False,source_identity,1.0,0.5230769230769231,,,,,,,,,,,,,84.34,64.11,20.230000000000004,False,,,,,,,,,4.0,3.0,1.0,True
edit_latent_scaffold_source_rerank,mpair_00002604_cond_02_2p,mpair_00002604,eval,2,"TPSA,HBA",CCc1ccc2c(C(=O)Nc3c(Cl)cncc3Cl)ccc(OC)c2n1,COc1ccc(C(=O)Nc2c(Cl)cncc2Cl)c2ccc(C(C)=O)nc12,CCc1ccc2c(C(=O)Nc3c(Cl)cncc3Cl)ccc(OC)c2n1,O=C(Nc1ccncc1)c1cccc2ncccc12,O=C(Nc1ccncc1)c1cccc2ncccc12,True,True,True,source_identity,1.0,0.7222222222222222,,,,,,,,,,,,,81.17999999999999,64.11,17.069999999999993,True,,,,,5.0,4.0,1.0,True,,,,
edit_latent_scaffold_source_rerank,mpair_00002609_cond_01_2p,mpair_00002609,eval,2,"LogP,RB",COc1ccc(C(=O)Nc2c(Cl)cncc2Cl)c2cccnc12,CCc1ccc2c(C(=O)Nc3c(Cl)cncc3Cl)ccc(OC)c2n1,COc1ccc(C(=O)Nc2c(Cl)cncc2Cl)c2cccnc12,O=C(Nc1ccncc1)c1cccc2ncccc12,O=C(Nc1ccncc1)c1cccc2ncccc12,True,True,True,source_identity,1.0,0.6545454545454545,,,,,4.759900000000003,4.1975000000000025,0.5624000000000002,True,,,,,,,,,,,,,,,,,4.0,3.0,1.0,True
edit_latent_scaffold_source_rerank,mpair_00002614_cond_02_2p,mpair_00002614,eval,2,"MW,RB",COc1ccc(C(=O)Nc2c(Cl)cncc2Cl)c2cccnc12,COc1ccc(C(=O)Nc2c(Cl)cncc2Cl)c2ccc(C(C)=O)nc12,COc1ccc(C(=O)Nc2c(Cl)cncc2Cl)c2cccnc12,O=C(Nc1ccncc1)c1cccc2ncccc12,O=C(Nc1ccncc1)c1cccc2ncccc12,True,False,False,source_identity,1.0,0.6666666666666666,390.22600000000017,348.1890000000001,42.03700000000009,False,,,,,,,,,,,,,,,,,,,,,4.0,3.0,1.0,True
edit_latent_scaffold_source_rerank,mpair_00002618_cond_02_2p,mpair_00002618,eval,2,"HBA,RB",COc1ccc(C(=O)Nc2c(Cl)cncc2Cl)c2ccc(C(C)O)nc12,COc1ccc(C(=O)Nc2ccncc2Cl)c2cccnc12,COc1ccc(C(=O)Nc2c(Cl)cncc2Cl)c2ccc(C(C)O)nc12,O=C(Nc1ccncc1)c1cccc2ncccc12,O=C(Nc1ccncc1)c1cccc2ncccc12,True,True,True,source_identity,1.0,0.49206349206349204,,,,,,,,,,,,,,,,,,,,,4.0,5.0,1.0,True,3.0,4.0,1.0,True
edit_latent_scaffold_source_rerank,mpair_00002621_cond_02_2p,mpair_00002621,eval,2,"MW,QED",COc1ccc(C(=O)Nc2c(Cl)cncc2Cl)c2cccnc12,COc1ccc(C(=O)Nc2c(F)cncc2F)c2ccc(C(F)(F)F)nc12,COc1ccc(C(=O)Nc2c(Cl)cncc2Cl)c2cccnc12,O=C(Nc1ccncc1)c1cccc2ncccc12,O=C(Nc1ccncc1)c1cccc2ncccc12,True,False,False,source_identity,1.0,0.4918032786885246,383.276,348.1890000000001,35.08699999999993,False,,,,,0.6893032571109005,0.7706046174674384,0.0813013603565379,True,,,,,,,,,,,,,,,,
edit_latent_scaffold_source_rerank,mpair_00002626_cond_00_2p,mpair_00002626,eval,2,"MW,QED",COc1ccc(C(=O)Nc2c(F)cncc2F)c2ccc(C(F)(F)F)nc12,COc1ccc(C(=O)Nc2ccncc2Cl)c2cccnc12,COc1ccc(C(=O)Nc2c(F)cncc2F)c2ccc(C(F)(F)F)nc12,O=C(Nc1ccncc1)c1cccc2ncccc12,O=C(Nc1ccncc1)c1cccc2ncccc12,True,False,False,source_identity,1.0,0.4090909090909091,313.744,383.276,69.53199999999998,False,,,,,0.8029165077767629,0.6893032571109005,0.11361325066586248,False,,,,,,,,,,,,,,,,
edit_latent_scaffold_source_rerank,mpair_00002630_cond_00_2p,mpair_00002630,eval,2,"QED,TPSA",CC(C)CC(=O)N1C[C@H](c2ccccc2)C[C@H]1C(=O)N[C@@H](CC(F)F)C(=O)NCCc1c(F)cc(C(=O)O)cc1F,CC(C)[C@@H](O)C(=O)N1C[C@H](c2ccccc2)C[C@H]1C(=O)N[C@@H](CC(F)F)C(=O)NCCc1c(F)cc(C(=O)O)cc1F,CC(C)CC(=O)N1C[C@H](c2ccccc2)C[C@H]1C(=O)N[C@@H](CC(F)F)C(=O)NCCc1c(F)cc(C(=O)O)cc1F,O=C(CNC(=O)[C@@H]1C[C@@H](c2ccccc2)CN1)NCCc1ccccc1,O=C(CNC(=O)[C@@H]1C[C@@H](c2ccccc2)CN1)NCCc1ccccc1,True,False,False,source_identity,1.0,0.7916666666666666,,,,,,,,,0.2789053789646464,0.3302613314122171,0.051355952447570685,True,136.04,115.81000000000002,20.229999999999976,False,,,,,,,,,,,,
edit_latent_scaffold_source_rerank,mpair_00003109_cond_01_2p,mpair_00003109,eval,2,"LogP,QED",CN1CCC[C@H]1COc1cccnn1,CN1CCC[C@H]1COc1ccc(Cl)nn1,CN1CCC[C@H]1COc1cccnn1,c1cnnc(OC[C@@H]2CCCN2)c1,c1cnnc(OC[C@@H]2CCCN2)c1,True,True,True,source_identity,1.0,0.6511627906976745,,,,,1.6029999999999998,0.9495999999999998,0.6534,True,0.7864914737289573,0.7160423680458043,0.07044910568315299,True,,,,,,,,,,,,,,,,
edit_latent_scaffold_source_rerank,mpair_00003111_cond_00_2p,mpair_00003111,eval,2,"QED,RB",Cc1nc2nnc(C(C)(C)C)nn2c(=O)c1C,CCCCc1nnc2nc(C)c(C)c(=O)n2n1,Cc1nc2nnc(C(C)(C)C)nn2c(=O)c1C,O=c1ccnc2nncnn12,O=c1ccnc2nncnn12,True,False,False,source_identity,1.0,0.5238095238095238,,,,,,,,,0.7849999676400611,0.6723856505150625,0.11261431712499859,False,,,,,,,,,,,,,3.0,0.0,3.0,False
edit_latent_scaffold_source_rerank,mpair_00003112_cond_02_2p,mpair_00003112,eval,2,"MW,LogP",Cc1nc2nnc(C(C)(C)C)nn2c(=O)c1C,Cc1nc2nncnn2c(=O)c1C,Cc1nc2nnc(C(C)(C)C)nn2c(=O)c1C,O=c1ccnc2nncnn12,O=c1ccnc2nncnn12,True,False,False,source_identity,1.0,0.48717948717948717,177.167,233.27499999999998,56.107999999999976,False,-0.5036600000000002,0.7938399999999997,1.2974999999999999,False,,,,,,,,,,,,,,,,,,,,
edit_latent_scaffold_source_rerank,mpair_00003202_cond_00_2p,mpair_00003202,eval,2,"TPSA,HBA",O=C(OCc1ccc(-c2ccccc2)cc1)n1cccn1,N#Cc1cnn(C(=O)OCc2ccc(-c3ccccc3)cc2)c1,O=C(OCc1ccc(-c2ccccc2)cc1)n1cccn1,O=C(OCc1ccc(-c2ccccc2)cc1)n1cccn1,O=C(OCc1ccc(-c2ccccc2)cc1)n1cccn1,True,False,False,source_identity,1.0,0.5833333333333334,,,,,,,,,,,,,67.91,44.120000000000005,23.789999999999992,False,,,,,5.0,4.0,1.0,True,,,,
edit_latent_scaffold_source_rerank,mpair_00003203_cond_02_2p,mpair_00003203,eval,2,"TPSA,HBA",N#Cc1cnn(C(=O)OCc2ccc(-c3ccccc3)cc2)c1,Cc1cnn(C(=O)OCc2ccc(-c3ccccc3)cc2)c1,N#Cc1cnn(C(=O)OCc2ccc(-c3ccccc3)cc2)c1,O=C(OCc1ccc(-c2ccccc2)cc1)n1cccn1,O=C(OCc1ccc(-c2ccccc2)cc1)n1cccn1,True,False,False,source_identity,1.0,0.6808510638297872,,,,,,,,,,,,,44.120000000000005,67.91,23.789999999999992,False,,,,,4.0,5.0,1.0,True,,,,
edit_latent_scaffold_source_rerank,mpair_00003205_cond_01_2p,mpair_00003205,eval,2,"TPSA,HBA",N#Cc1cnn(C(=O)OCc2ccc(-c3ccccc3)cc2)c1,O=C(OCc1ccc(-c2ccccc2)cc1)n1cccn1,N#Cc1cnn(C(=O)OCc2ccc(-c3ccccc3)cc2)c1,O=C(OCc1ccc(-c2ccccc2)cc1)n1cccn1,O=C(OCc1ccc(-c2ccccc2)cc1)n1cccn1,True,False,False,source_identity,1.0,0.5833333333333334,,,,,,,,,,,,,44.120000000000005,67.91,23.789999999999992,False,,,,,4.0,5.0,1.0,True,,,,
edit_latent_scaffold_source_rerank,mpair_00003208_cond_02_2p,mpair_00003208,eval,2,"QED,TPSA",NC(=O)N/N=C\c1ccccc1OCc1ccc2no[n+]([O-])c2c1,NC(=S)N/N=C/c1cccc(OCc2ccc3no[n+]([O-])c3c2)c1,NC(=O)N/N=C\c1ccccc1OCc1ccc2no[n+]([O-])c2c1,c1ccc(OCc2ccc3no[nH+]c3c2)cc1,c1ccc(OCc2ccc3no[nH+]c3c2)cc1,True,False,False,source_identity,1.0,0.5882352941176471,,,,,,,,,0.30972390933844063,0.4106849547701945,0.10096104543175388,False,112.61,129.68,17.070000000000007,True,,,,,,,,,,,,
edit_latent_scaffold_source_rerank,mpair_00003212_cond_00_2p,mpair_00003212,eval,2,"HBA,RB",CC(C)NC(=O)c1ccc2c(Nc3ccc(Cl)cc3)nc(N3CCOCC3)nc2c1,COC(=O)c1ccc2c(Nc3ccc(Cl)cc3)nc(N3CCOCC3)nc2c1,CC(C)NC(=O)c1ccc2c(Nc3ccc(Cl)cc3)nc(N3CCOCC3)nc2c1,c1ccc(Nc2nc(N3CCOCC3)nc3ccccc23)cc1,c1ccc(Nc2nc(N3CCOCC3)nc3ccccc23)cc1,True,True,True,source_identity,1.0,0.7833333333333333,,,,,,,,,,,,,,,,,,,,,7.0,6.0,1.0,True,4.0,5.0,1.0,True
edit_latent_scaffold_source_rerank,mpair_00003216_cond_00_2p,mpair_00003216,eval,2,"HBD,HBA",COC(=O)c1ccc2c(Nc3ccc(Cl)cc3)nc(N3CCOCC3)nc2c1,CC(C)NC(=O)c1ccc2c(Nc3ccc(Cl)cc3)nc(N3CCOCC3)nc2c1,COC(=O)c1ccc2c(Nc3ccc(Cl)cc3)nc(N3CCOCC3)nc2c1,c1ccc(Nc2nc(N3CCOCC3)nc3ccccc23)cc1,c1ccc(Nc2nc(N3CCOCC3)nc3ccccc23)cc1,True,True,True,source_identity,1.0,0.7833333333333333,,,,,,,,,,,,,,,,,2.0,1.0,1.0,True,6.0,7.0,1.0,True,,,,
edit_latent_scaffold_source_rerank,mpair_00003223_cond_02_2p,mpair_00003223,eval,2,"MW,QED",COc1ccc(S(=O)(=O)N(Cc2cccnc2)c2c(C)cc(Br)cc2C(=O)NO)cc1,COc1ccc(S(=O)(=O)N(Cc2cccnc2)c2c(C)cccc2C(=O)NO)cc1,COc1ccc(S(=O)(=O)N(Cc2cccnc2)c2c(C)cc(Br)cc2C(=O)NO)cc1,O=S(=O)(c1ccccc1)N(Cc1cccnc1)c1ccccc1,O=S(=O)(c1ccccc1)N(Cc1cccnc1)c1ccccc1,True,False,False,source_identity,1.0,0.819672131147541,427.48200000000014,506.37800000000016,78.89600000000002,False,,,,,0.44330794633881315,0.3740614499694089,0.06924649636940428,True,,,,,,,,,,,,,,,,
edit_latent_scaffold_source_rerank,mpair_00003225_cond_01_2p,mpair_00003225,eval,2,"QED,RB",COCCCN(/C(S)=C1/C(=O)c2cc(Cl)ccc2N(C)C1=O)c1ccccc1,COc1cccc(N(C)/C(S)=C2/C(=O)c3cc(Cl)ccc3N(C)C2=O)c1,COCCCN(/C(S)=C1/C(=O)c2cc(Cl)ccc2N(C)C1=O)c1ccccc1,O=C1Nc2ccccc2C(=O)/C1=C/Nc1ccccc1,O=C1Nc2ccccc2C(=O)/C1=C/Nc1ccccc1,True,False,False,source_identity,1.0,0.5846153846153846,,,,,,,,,0.4935411914533051,0.3319041471572704,0.1616370442960347,False,,,,,,,,,,,,,3.0,6.0,3.0,False
edit_latent_scaffold_source_rerank,mpair_00003227_cond_00_2p,mpair_00003227,eval,2,"QED,RB",COc1ccc(N(C)/C(S)=C2/C(=O)c3cc(Cl)ccc3N(C)C2=O)cc1,COCCCN(/C(S)=C1/C(=O)c2cc(Cl)ccc2N(C)C1=O)c1ccccc1,COc1ccc(N(C)/C(S)=C2/C(=O)c3cc(Cl)ccc3N(C)C2=O)cc1,O=C1Nc2ccccc2C(=O)/C1=C/Nc1ccccc1,O=C1Nc2ccccc2C(=O)/C1=C/Nc1ccccc1,True,False,False,source_identity,1.0,0.5625,,,,,,,,,0.3319041471572704,0.4935411914533051,0.1616370442960347,False,,,,,,,,,,,,,6.0,3.0,3.0,False
edit_latent_scaffold_source_rerank,mpair_00003229_cond_02_2p,mpair_00003229,eval,2,"QED,HBD",CCCCc1nn(-c2ccccn2)c(C(=O)OCC)c1Cc1ccc(-c2ccccc2-c2nn[nH]n2)cc1,CCCCc1nn(-c2ccccn2)c(C(=O)O)c1Cc1ccc(-c2ccccc2-c2nn[nH]n2)cc1,CCCCc1nn(-c2ccccn2)c(C(=O)OCC)c1Cc1ccc(-c2ccccc2-c2nn[nH]n2)cc1,c1ccc(-n2cc(Cc3ccc(-c4ccccc4-c4nn[nH]n4)cc3)cn2)nc1,c1ccc(-n2cc(Cc3ccc(-c4ccccc4-c4nn[nH]n4)cc3)cn2)nc1,True,True,True,source_identity,1.0,0.8405797101449275,,,,,,,,,0.31281238062525013,0.25784000650209704,0.05497237412315309,True,,,,,2.0,1.0,1.0,True,,,,,,,,
edit_latent_scaffold_source_rerank,mpair_00003534_cond_01_2p,mpair_00003534,eval,2,"QED,RB",O=S(=O)(CC(F)(F)F)N(Cc1cccnc1)c1cccc(OC(F)(F)F)c1,CC(C)Oc1cccc(N(Cc2cccnc2)S(=O)(=O)CC(F)(F)F)c1,O=S(=O)(CC(F)(F)F)N(Cc1cccnc1)c1cccc(OC(F)(F)F)c1,c1ccc(NCc2cccnc2)cc1,c1ccc(NCc2cccnc2)cc1,True,True,True,source_identity,1.0,0.7777777777777778,,,,,,,,,0.7245796953652621,0.6736163493728189,0.05096334599244323,True,,,,,,,,,,,,,7.0,6.0,1.0,True
edit_latent_scaffold_source_rerank,mpair_00003538_cond_01_2p,mpair_00003538,eval,2,"LogP,TPSA",CCC(C)COc1cccc(N(Cc2cccnc2)S(=O)(=O)CC(F)(F)F)c1,CCOC(=O)C(C)Oc1cccc(N(Cc2cccnc2)S(=O)(=O)CC(F)(F)F)c1,CCC(C)COc1cccc(N(Cc2cccnc2)S(=O)(=O)CC(F)(F)F)c1,c1ccc(NCc2cccnc2)cc1,c1ccc(NCc2cccnc2)cc1,True,False,False,source_identity,1.0,0.6923076923076923,,,,,3.3107000000000024,4.405200000000004,1.0945000000000018,False,,,,,85.80000000000001,59.5,26.30000000000001,False,,,,,,,,,,,,
edit_latent_scaffold_source_rerank,mpair_00003542_cond_00_2p,mpair_00003542,eval,2,"QED,RB",CC(C)COc1cccc(N(Cc2cccnc2)S(=O)(=O)CC(F)(F)F)c1,CCC(C)COc1cccc(N(Cc2cccnc2)S(=O)(=O)CC(F)(F)F)c1,CC(C)COc1cccc(N(Cc2cccnc2)S(=O)(=O)CC(F)(F)F)c1,c1ccc(NCc2cccnc2)cc1,c1ccc(NCc2cccnc2)cc1,True,True,True,source_identity,1.0,0.8421052631578947,,,,,,,,,0.6078002459089881,0.6693605971809802,0.06156035127199211,True,,,,,,,,,,,,,9.0,8.0,1.0,True
edit_latent_scaffold_source_rerank,mpair_00003543_cond_02_2p,mpair_00003543,eval,2,"QED,RB",CC(C)Oc1cccc(N(Cc2cccnc2)S(=O)(=O)CC(F)(F)F)c1,COc1cccc(N(Cc2cccnc2)S(=O)(=O)CC(F)(F)F)c1,CC(C)Oc1cccc(N(Cc2cccnc2)S(=O)(=O)CC(F)(F)F)c1,c1ccc(NCc2cccnc2)cc1,c1ccc(NCc2cccnc2)cc1,True,True,True,source_identity,1.0,0.8113207547169812,,,,,,,,,0.7946521442277092,0.7245796953652621,0.07007244886244712,True,,,,,,,,,,,,,6.0,7.0,1.0,True
edit_latent_scaffold_source_rerank,mpair_00003546_cond_01_2p,mpair_00003546,eval,2,"MW,RB",COc1cccc(N(Cc2cccnc2)S(=O)(=O)CC(F)(F)F)c1,CCCC(C)Oc1cccc(N(Cc2cccnc2)S(=O)(=O)CC(F)(F)F)c1,COc1cccc(N(Cc2cccnc2)S(=O)(=O)CC(F)(F)F)c1,c1ccc(NCc2cccnc2)cc1,c1ccc(NCc2cccnc2)cc1,True,False,False,source_identity,1.0,0.7413793103448276,416.4650000000001,360.3570000000001,56.108000000000004,False,,,,,,,,,,,,,,,,,,,,,9.0,6.0,3.0,False
edit_latent_scaffold_source_rerank,mpair_00003548_cond_01_2p,mpair_00003548,eval,2,"QED,HBA",CCOC(=O)C(C)Oc1cccc(N(Cc2cccnc2)S(=O)(=O)CC(F)(F)F)c1,O=S(=O)(CC(F)(F)F)N(Cc1cccnc1)c1cccc(OC(F)(F)F)c1,CCOC(=O)C(C)Oc1cccc(N(Cc2cccnc2)S(=O)(=O)CC(F)(F)F)c1,c1ccc(NCc2cccnc2)cc1,c1ccc(NCc2cccnc2)cc1,True,False,False,source_identity,1.0,0.6885245901639344,,,,,,,,,0.6736163493728189,0.5496815697636838,0.12393477960913513,False,,,,,,,,,4.0,6.0,2.0,False,,,,
edit_latent_scaffold_source_rerank,mpair_00000003_cond_01_3p,mpair_00000003,eval,3,"MW,LogP,HBA",COc1cccc(C(=O)N2C[C@H](CN3CCC(c4ccccc4)CC3)[C@@H](c3ccccc3)C2)c1,O=C(c1ccccc1Br)N1C[C@H](CN2CCC(c3ccccc3)CC2)[C@@H](c2ccccc2)C1,COc1cccc(C(=O)N2C[C@H](CN3CCC(c4ccccc4)CC3)[C@@H](c3ccccc3)C2)c1,O=C(c1ccccc1)N1C[C@H](CN2CCC(c3ccccc3)CC2)[C@@H](c2ccccc2)C1,O=C(c1ccccc1)N1C[C@H](CN2CCC(c3ccccc3)CC2)[C@@H](c2ccccc2)C1,True,False,False,source_identity,1.0,0.6065573770491803,503.48400000000026,454.61400000000015,48.87000000000012,False,6.184500000000006,5.430600000000005,0.7539000000000007,True,,,,,,,,,,,,,2.0,3.0,1.0,True,,,,
edit_latent_scaffold_source_rerank,mpair_00000009_cond_02_3p,mpair_00000009,eval,3,"LogP,HBA,RB",COc1cccc(C(=O)N2C[C@H](CN3CCC(c4ccccc4)CC3)[C@@H](c3ccccc3)C2)c1,O=C(c1cccc(Cl)c1)N1C[C@H](CN2CCC(c3ccccc3)CC2)[C@@H](c2ccccc2)C1,COc1cccc(C(=O)N2C[C@H](CN3CCC(c4ccccc4)CC3)[C@@H](c3ccccc3)C2)c1,O=C(c1ccccc1)N1C[C@H](CN2CCC(c3ccccc3)CC2)[C@@H](c2ccccc2)C1,O=C(c1ccccc1)N1C[C@H](CN2CCC(c3ccccc3)CC2)[C@@H](c2ccccc2)C1,True,True,True,source_identity,1.0,0.7413793103448276,,,,,6.075400000000006,5.430600000000005,0.6448000000000009,True,,,,,,,,,,,,,2.0,3.0,1.0,True,5.0,6.0,1.0,True
edit_latent_scaffold_source_rerank,mpair_00000015_cond_02_3p,mpair_00000015,eval,3,"LogP,TPSA,HBA",O=C(O)CC[C@H]1CC[C@H]2CN[C@H](C(=O)O)C[C@H]2C1,O=C(O)[C@@H]1C[C@H]2C[C@@H](CCS(=O)(=O)O)CC[C@H]2CN1,O=C(O)CC[C@H]1CC[C@H]2CN[C@H](C(=O)O)C[C@H]2C1,C1CC[C@H]2CNCC[C@H]2C1,C1CC[C@H]2CNCC[C@H]2C1,True,True,True,source_identity,1.0,0.6829268292682927,,,,,0.7433000000000001,1.3301999999999996,0.5868999999999995,True,,,,,103.7,86.63000000000001,17.069999999999993,True,,,,,4.0,3.0,1.0,True,,,,
edit_latent_scaffold_source_rerank,mpair_00000322_cond_00_3p,mpair_00000322,eval,3,"MW,LogP,QED",N[C@@H](C(=O)N[C@@H]1C(=O)N2C(C(=O)O)=C(C(F)(F)F)CC[C@H]12)c1cccc(C(F)(F)F)c1,CSC1=C(C(=O)O)N2C(=O)[C@@H](NC(=O)[C@H](N)c3ccccc3)[C@H]2CC1,N[C@@H](C(=O)N[C@@H]1C(=O)N2C(C(=O)O)=C(C(F)(F)F)CC[C@H]12)c1cccc(C(F)(F)F)c1,O=C(Cc1ccccc1)N[C@@H]1C(=O)N2C=CCC[C@H]12,O=C(Cc1ccccc1)N[C@@H]1C(=O)N2C=CCC[C@H]12,True,False,False,source_identity,1.0,0.5757575757575758,361.42300000000006,451.3230000000001,89.90000000000003,False,0.8350000000000002,2.0955999999999997,1.2605999999999995,False,0.6699274889764619,0.4795891963980345,0.19033829257842744,False,,,,,,,,,,,,,,,,
edit_latent_scaffold_source_rerank,mpair_00000329_cond_01_3p,mpair_00000329,eval,3,"QED,HBA,RB",CSC1=C(C(=O)O)N2C(=O)[C@@H](NC(=O)[C@H](N)c3ccccc3)[C@H]2CC1,N[C@@H](C(=O)N[C@@H]1C(=O)N2C(C(=O)O)=C(C(F)(F)F)CC[C@H]12)c1ccc(F)cc1,CSC1=C(C(=O)O)N2C(=O)[C@@H](NC(=O)[C@H](N)c3ccccc3)[C@H]2CC1,O=C(Cc1ccccc1)N[C@@H]1C(=O)N2C=CCC[C@H]12,O=C(Cc1ccccc1)N[C@@H]1C(=O)N2C=CCC[C@H]12,True,False,False,source_identity,1.0,0.5873015873015873,,,,,,,,,0.5187711593734389,0.6699274889764619,0.15115632960302305,False,,,,,,,,,4.0,5.0,1.0,True,4.0,5.0,1.0,True
edit_latent_scaffold_source_rerank,mpair_00000331_cond_01_3p,mpair_00000331,eval,3,"TPSA,HBD,HBA",N[C@@H](C(=O)N[C@@H]1C(=O)N2C(C(=O)O)=C(C(F)(F)F)CC[C@H]12)c1ccc(O)cc1,N[C@@H](C(=O)N[C@@H]1C(=O)N2C(C(=O)O)=C(C(F)(F)F)CC[C@H]12)c1ccc(F)cc1,N[C@@H](C(=O)N[C@@H]1C(=O)N2C(C(=O)O)=C(C(F)(F)F)CC[C@H]12)c1ccc(O)cc1,O=C(Cc1ccccc1)N[C@@H]1C(=O)N2C=CCC[C@H]12,O=C(Cc1ccccc1)N[C@@H]1C(=O)N2C=CCC[C@H]12,True,False,False,source_identity,1.0,0.8545454545454545,,,,,,,,,,,,,112.73,132.96,20.230000000000004,False,3.0,4.0,1.0,True,4.0,5.0,1.0,True,,,,
edit_latent_scaffold_source_rerank,mpair_00000336_cond_00_3p,mpair_00000336,eval,3,"MW,LogP,QED",N[C@@H](C(=O)N[C@@H]1C(=O)N2C(C(=O)O)=C(C(F)(F)F)CC[C@H]12)c1cccc(Br)c1,N[C@@H](C(=O)N[C@@H]1C(=O)N2C(C(=O)O)=C(C(F)(F)F)CC[C@H]12)c1ccc(F)cc1,N[C@@H](C(=O)N[C@@H]1C(=O)N2C(C(=O)O)=C(C(F)(F)F)CC[C@H]12)c1cccc(Br)c1,O=C(Cc1ccccc1)N[C@@H]1C(=O)N2C=CCC[C@H]12,O=C(Cc1ccccc1)N[C@@H]1C(=O)N2C=CCC[C@H]12,True,False,False,source_identity,1.0,0.7377049180327869,401.3160000000001,462.2220000000001,60.906000000000006,False,1.2158999999999993,1.8392999999999997,0.6234000000000004,True,0.5187711593734389,0.5917241763797754,0.0729530170063365,True,,,,,,,,,,,,,,,,
edit_latent_scaffold_source_rerank,mpair_00000595_cond_01_3p,mpair_00000595,eval,3,"QED,HBD,RB",COc1ccc(CCCC[C@@H]2N[C@@H](CO)[C@H](O)[C@H]2O)cc1,OC[C@@H]1N[C@@H](CCCCc2ccc(O)cc2)[C@H](O)[C@H]1O,COc1ccc(CCCC[C@@H]2N[C@@H](CO)[C@H](O)[C@H]2O)cc1,c1ccc(CCCC[C@H]2CCCN2)cc1,c1ccc(CCCC[C@H]2CCCN2)cc1,True,True,True,source_identity,1.0,0.7,,,,,,,,,0.47902706341404183,0.5496005244071775,0.07057346099313572,True,,,,,5.0,4.0,1.0,True,,,,,6.0,7.0,1.0,True
edit_latent_scaffold_source_rerank,mpair_00000726_cond_00_3p,mpair_00000726,eval,3,"MW,LogP,QED",C=CCc1cc(/C=C2\SC(=O)NC2=O)c(OC)cc1OC1CCCCO1,C=CCc1cc(/C=C2\SC(=O)N(CC=C)C2=O)c(OC)cc1OC1CCCCO1,C=CCc1cc(/C=C2\SC(=O)NC2=O)c(OC)cc1OC1CCCCO1,O=C1NC(=O)/C(=C/c2ccc(OC3CCCCO3)cc2)S1,O=C1NC(=O)/C(=C/c2ccc(OC3CCCCO3)cc2)S1,True,False,False,source_identity,1.0,0.696969696969697,415.51100000000025,375.4460000000002,40.065000000000055,False,4.551400000000004,3.6530000000000022,0.8984000000000014,True,0.45838471716690443,0.6042673504148035,0.14588263324789907,False,,,,,,,,,,,,,,,,
edit_latent_scaffold_source_rerank,mpair_00000739_cond_01_3p,mpair_00000739,eval,3,"LogP,QED,RB",C=CCc1cc(/C=C2\SC(=O)N(CCCC)C2=O)c(OC)cc1OC1CCCCO1,C=CCc1cc(/C=C2\SC(=O)N(CC=C)C2=O)c(OC)cc1OC1CCCCO1,C=CCc1cc(/C=C2\SC(=O)N(CCCC)C2=O)c(OC)cc1OC1CCCCO1,O=C1NC(=O)/C(=C/c2ccc(OC3CCCCO3)cc2)S1,O=C1NC(=O)/C(=C/c2ccc(OC3CCCCO3)cc2)S1,True,True,True,source_identity,1.0,0.8181818181818182,,,,,4.551400000000004,5.165500000000004,0.6141000000000005,True,0.45838471716690443,0.39718598618589046,0.06119873098101397,True,,,,,,,,,,,,,8.0,9.0,1.0,True
edit_latent_scaffold_source_rerank,mpair_00000741_cond_02_3p,mpair_00000741,eval,3,"LogP,QED,RB",C=CCc1cc(/C=C2\SC(=O)N(C)C2=O)c(OC)cc1OC1CCCCO1,C=CCc1cc(/C=C2\SC(=O)N(C(C)C)C2=O)c(OC)cc1OC1CCCCO1,C=CCc1cc(/C=C2\SC(=O)N(C)C2=O)c(OC)cc1OC1CCCCO1,O=C1NC(=O)/C(=C/c2ccc(OC3CCCCO3)cc2)S1,O=C1NC(=O)/C(=C/c2ccc(OC3CCCCO3)cc2)S1,True,True,True,source_identity,1.0,0.796875,,,,,4.773800000000004,3.9952000000000023,0.7786000000000017,True,0.4701504427149941,0.5413211960634129,0.07117075334841877,True,,,,,,,,,,,,,7.0,6.0,1.0,True
edit_latent_scaffold_source_rerank,mpair_00000746_cond_01_3p,mpair_00000746,eval,3,"LogP,QED,RB",C=CCc1cc(/C=C2\SC(=O)N(CC=C)C2=O)c(OC)cc1OC1CCCCO1,C=CCc1cc(/C=C2\SC(=O)N(CCCC)C2=O)c(OC)cc1OC1CCCCO1,C=CCc1cc(/C=C2\SC(=O)N(CC=C)C2=O)c(OC)cc1OC1CCCCO1,O=C1NC(=O)/C(=C/c2ccc(OC3CCCCO3)cc2)S1,O=C1NC(=O)/C(=C/c2ccc(OC3CCCCO3)cc2)S1,True,True,True,source_identity,1.0,0.8181818181818182,,,,,5.165500000000004,4.551400000000004,0.6141000000000005,True,0.39718598618589046,0.45838471716690443,0.06119873098101397,True,,,,,,,,,,,,,9.0,8.0,1.0,True
edit_latent_scaffold_source_rerank,mpair_00000748_cond_01_3p,mpair_00000748,eval,3,"LogP,QED,RB",C=CCc1cc(/C=C2\SC(=O)N(C)C2=O)c(OC)cc1OC1CCCCO1,C=CCc1cc(/C=C2\SC(=O)N(CC=C)C2=O)c(OC)cc1OC1CCCCO1,C=CCc1cc(/C=C2\SC(=O)N(C)C2=O)c(OC)cc1OC1CCCCO1,O=C1NC(=O)/C(=C/c2ccc(OC3CCCCO3)cc2)S1,O=C1NC(=O)/C(=C/c2ccc(OC3CCCCO3)cc2)S1,True,False,False,source_identity,1.0,0.8095238095238095,,,,,4.551400000000004,3.9952000000000023,0.5562000000000014,True,0.45838471716690443,0.5413211960634129,0.08293647889650846,True,,,,,,,,,,,,,8.0,6.0,2.0,False
edit_latent_scaffold_source_rerank,mpair_00000754_cond_02_3p,mpair_00000754,eval,3,"MW,LogP,QED",COC(=O)C[C@@H]1CC(=O)N2[C@H](Cc3c[nH]c4ccccc34)CO[C@@H]2C1,CC[C@H]1CCC(=O)N2[C@H](Cc3c[nH]c4ccccc34)CO[C@H]12,COC(=O)C[C@@H]1CC(=O)N2[C@H](Cc3c[nH]c4ccccc34)CO[C@@H]2C1,O=C1CCC[C@H]2OC[C@@H](Cc3c[nH]c4ccccc34)N12,O=C1CCC[C@H]2OC[C@@H](Cc3c[nH]c4ccccc34)N12,True,False,False,source_identity,1.0,0.5072463768115942,298.3860000000001,342.39500000000015,44.00900000000007,False,3.0839000000000016,2.236999999999999,0.8469000000000024,True,0.9461815070706311,0.8651865286551231,0.08099497841550796,True,,,,,,,,,,,,,,,,
edit_latent_scaffold_source_rerank,mpair_00001117_cond_00_3p,mpair_00001117,eval,3,"MW,HBD,HBA",COc1ccc(N2CCN(CCC3c4ccccc4C(=O)N3C)CC2)cc1,O=C1NC(CCN2CCN(c3ccccc3)CC2)c2ccccc21,COc1ccc(N2CCN(CCC3c4ccccc4C(=O)N3C)CC2)cc1,O=C1NC(CCN2CCN(c3ccccc3)CC2)c2ccccc21,O=C1NC(CCN2CCN(c3ccccc3)CC2)c2ccccc21,True,False,False,source_identity,1.0,0.47368421052631576,321.4240000000001,365.47700000000015,44.053000000000054,False,,,,,,,,,,,,,1.0,0.0,1.0,True,3.0,4.0,1.0,True,,,,
edit_latent_scaffold_source_rerank,mpair_00001127_cond_02_3p,mpair_00001127,eval,3,"LogP,TPSA,HBD",CN1C(=O)c2ccccc2C1CCN1CCN(c2ccc(Cl)cc2)CC1,COc1ccc(N2CCN(CCC3NC(=O)c4ccccc43)CC2)cc1,CN1C(=O)c2ccccc2C1CCN1CCN(c2ccc(Cl)cc2)CC1,O=C1NC(CCN2CCN(c3ccccc3)CC2)c2ccccc21,O=C1NC(CCN2CCN(c3ccccc3)CC2)c2ccccc21,True,True,True,source_identity,1.0,0.48333333333333334,,,,,2.692000000000001,3.679000000000003,0.9870000000000019,True,,,,,44.81,26.790000000000006,18.019999999999996,True,1.0,0.0,1.0,True,,,,,,,,
edit_latent_scaffold_source_rerank,mpair_00001133_cond_01_3p,mpair_00001133,eval,3,"QED,TPSA,HBA",COc1ccccc1CC(=O)NCCC1CCN(CC2COc3ccccc3O2)CC1,O=C(Cc1ccccc1[N+](=O)[O-])NCCC1CCN(CC2COc3ccccc3O2)CC1,COc1ccccc1CC(=O)NCCC1CCN(CC2COc3ccccc3O2)CC1,O=C(Cc1ccccc1)NCCC1CCN(CC2COc3ccccc3O2)CC1,O=C(Cc1ccccc1)NCCC1CCN(CC2COc3ccccc3O2)CC1,True,False,False,source_identity,1.0,0.7164179104477612,,,,,,,,,0.5015202818225966,0.7047088784600517,0.20318859663745514,False,93.94,60.03,33.91,False,,,,,6.0,5.0,1.0,True,,,,
edit_latent_scaffold_source_rerank,mpair_00002370_cond_01_3p,mpair_00002370,eval,3,"QED,HBA,RB",CCOC(=O)/C=C/c1cc(C(=O)c2ccc(-n3ccnc3)cc2)cn1C,Cn1cc(C(=O)c2ccc(-n3ccnc3)cc2)cc1/C=C/C(=O)O,CCOC(=O)/C=C/c1cc(C(=O)c2ccc(-n3ccnc3)cc2)cn1C,O=C(c1ccc(-n2ccnc2)cc1)c1cc[nH]c1,O=C(c1ccc(-n2ccnc2)cc1)c1cc[nH]c1,True,False,False,source_identity,1.0,0.7454545454545455,,,,,,,,,0.5785260949639057,0.3897342663180413,0.1887918286458644,False,,,,,,,,,5.0,6.0,1.0,True,5.0,6.0,1.0,True
edit_latent_scaffold_source_rerank,mpair_00002375_cond_01_3p,mpair_00002375,eval,3,"LogP,TPSA,HBA",COc1cccc2sc([C@@H]3C[C@H]4CC[C@@H](C3)N4C[C@H](O)COc3cccc4[nH]c(C(N)=O)cc34)cc12,COc1cccc2sc([C@@H]3C[C@H]4CC[C@@H](C3)N4C[C@H](O)COc3cccc4[nH]c(C)cc34)cc12,COc1cccc2sc([C@@H]3C[C@H]4CC[C@@H](C3)N4C[C@H](O)COc3cccc4[nH]c(C(N)=O)cc34)cc12,c1ccc2sc([C@@H]3C[C@H]4CC[C@@H](C3)N4CCCOc3cccc4[nH]ccc34)cc2c1,c1ccc2sc([C@@H]3C[C@H]4CC[C@@H](C3)N4CCCOc3cccc4[nH]ccc34)cc2c1,True,False,False,source_identity,1.0,0.7916666666666666,,,,,5.849920000000006,4.640400000000003,1.209520000000003,False,,,,,57.720000000000006,100.81,43.089999999999996,False,,,,,5.0,6.0,1.0,True,,,,
edit_latent_scaffold_source_rerank,mpair_00002464_cond_02_3p,mpair_00002464,eval,3,"QED,HBA,RB",CN(C)CCCOc1cc(C(=O)Nc2ccc(OC(F)(F)F)cc2)n(Cc2ccccc2)n1,CN(C)CCCOc1cc(C(=O)Nc2ccc(Cl)cc2F)n(Cc2ccccc2)n1,CN(C)CCCOc1cc(C(=O)Nc2ccc(OC(F)(F)F)cc2)n(Cc2ccccc2)n1,O=C(Nc1ccccc1)c1ccnn1Cc1ccccc1,O=C(Nc1ccccc1)c1ccnn1Cc1ccccc1,True,True,True,source_identity,1.0,0.6428571428571429,,,,,,,,,0.5138601191048354,0.4522382232340766,0.061621895870758836,True,,,,,,,,,5.0,6.0,1.0,True,9.0,10.0,1.0,True
edit_latent_scaffold_source_rerank,mpair_00002468_cond_02_3p,mpair_00002468,eval,3,"MW,LogP,RB",CN(C)CCCOc1cc(C(=O)Nc2cc(F)cc(C(F)(F)F)c2)n(Cc2ccccc2)n1,COc1ccc(NC(=O)c2cc(OCCCN(C)C)nn2Cc2ccccc2)cc1,CN(C)CCCOc1cc(C(=O)Nc2cc(F)cc(C(F)(F)F)c2)n(Cc2ccccc2)n1,O=C(Nc1ccccc1)c1ccnn1Cc1ccccc1,O=C(Nc1ccccc1)c1ccnn1Cc1ccccc1,True,False,False,source_identity,1.0,0.6764705882352942,408.50200000000007,464.4630000000001,55.96100000000001,False,3.522800000000002,4.672100000000003,1.149300000000001,False,,,,,,,,,,,,,,,,,10.0,9.0,1.0,True
edit_latent_scaffold_source_rerank,mpair_00002471_cond_00_3p,mpair_00002471,eval,3,"MW,TPSA,RB",CN(C)CCCOc1cc(C(=O)Nc2ccc(Cl)cc2F)n(Cc2ccccc2)n1,COc1cc(NC(=O)c2cc(OCCCN(C)C)nn2Cc2ccccc2)cc(OC)c1OC,CN(C)CCCOc1cc(C(=O)Nc2ccc(Cl)cc2F)n(Cc2ccccc2)n1,O=C(Nc1ccccc1)c1ccnn1Cc1ccccc1,O=C(Nc1ccccc1)c1ccnn1Cc1ccccc1,True,False,False,source_identity,1.0,0.6376811594202898,468.5540000000002,430.9110000000001,37.643000000000086,False,,,,,,,,,87.08000000000001,59.39,27.690000000000012,False,,,,,,,,,12.0,9.0,3.0,False
edit_latent_scaffold_source_rerank,mpair_00002477_cond_02_3p,mpair_00002477,eval,3,"QED,HBA,RB",CN(C)CCCOc1cc(C(=O)Nc2cc(F)cc(C(F)(F)F)c2)n(Cc2ccccc2)n1,CN(C)CCCOc1cc(C(=O)Nc2ccc(OC(F)(F)F)cc2)n(Cc2ccccc2)n1,CN(C)CCCOc1cc(C(=O)Nc2cc(F)cc(C(F)(F)F)c2)n(Cc2ccccc2)n1,O=C(Nc1ccccc1)c1ccnn1Cc1ccccc1,O=C(Nc1ccccc1)c1ccnn1Cc1ccccc1,True,True,True,source_identity,1.0,0.7101449275362319,,,,,,,,,0.4522382232340766,0.369385517709234,0.08285270552484258,True,,,,,,,,,6.0,5.0,1.0,True,10.0,9.0,1.0,True
edit_latent_scaffold_source_rerank,mpair_00002481_cond_00_3p,mpair_00002481,eval,3,"LogP,TPSA,RB",COc1cc(NC(=O)c2cc(OCCCN(C)C)nn2Cc2ccccc2)cc(OC)c1OC,CN(C)CCCOc1cc(C(=O)Nc2cc(F)cc(C(F)(F)F)c2)n(Cc2ccccc2)n1,COc1cc(NC(=O)c2cc(OCCCN(C)C)nn2Cc2ccccc2)cc(OC)c1OC,O=C(Nc1ccccc1)c1ccnn1Cc1ccccc1,O=C(Nc1ccccc1)c1ccnn1Cc1ccccc1,True,False,False,source_identity,1.0,0.6811594202898551,,,,,4.672100000000003,3.5400000000000027,1.1321000000000003,False,,,,,59.39,87.08000000000001,27.690000000000012,False,,,,,,,,,9.0,12.0,3.0,False
edit_latent_scaffold_source_rerank,mpair_00002485_cond_01_3p,mpair_00002485,eval,3,"LogP,TPSA,HBA",CN(C)CCCOc1cc(C(=O)Nc2cc(F)cc(C(F)(F)F)c2)n(Cc2ccccc2)n1,COc1cc(NC(=O)c2cc(OCCCN(C)C)nn2Cc2ccccc2)cc(OC)c1OC,CN(C)CCCOc1cc(C(=O)Nc2cc(F)cc(C(F)(F)F)c2)n(Cc2ccccc2)n1,O=C(Nc1ccccc1)c1ccnn1Cc1ccccc1,O=C(Nc1ccccc1)c1ccnn1Cc1ccccc1,True,False,False,source_identity,1.0,0.6811594202898551,,,,,3.5400000000000027,4.672100000000003,1.1321000000000003,False,,,,,87.08000000000001,59.39,27.690000000000012,False,,,,,8.0,5.0,3.0,False,,,,
edit_latent_scaffold_source_rerank,mpair_00002490_cond_00_3p,mpair_00002490,eval,3,"LogP,TPSA,HBA",CCOC(=O)c1cc(C(C)O)cn1S(=O)(=O)c1cc(Cl)ccc1N,C=Cc1cc(C(=O)OCC)n(S(=O)(=O)c2cc(Cl)ccc2N)c1,N/C(S)=N/N=C/c1cccn1S(=O)(=O)c1ccccc1,O=S(=O)(c1ccccc1)n1cccc1,O=S(=O)(c1ccccc1)n1cccc1,True,False,False,,0.14473684210526316,0.16,,,,,2.7804,1.3035,1.4769,False,,,,,91.39,89.81,1.5799999999999983,True,,,,,6.0,5.0,1.0,True,,,,
edit_latent_scaffold_source_rerank,mpair_00002500_cond_01_3p,mpair_00002500,eval,3,"MW,QED,RB",O=C1C(Nc2ccc(Br)cc2)=C(Cl)C(=O)c2ncncc21,CCc1ccc(NC2=C(Cl)C(=O)c3ncncc3C2=O)cc1,Cc1ccc(NC2=C(Cl)C(=O)c3ncncc3C2=O)cc1,O=C1C(Nc2ccccc2)=CC(=O)c2ncncc21,O=C1C(Nc2ccccc2)=CC(=O)c2ncncc21,True,True,True,,0.7619047619047619,0.75,313.744,299.71700000000004,14.026999999999987,True,,,,,0.9428073960459649,0.9228598789693654,0.019947517076599475,True,,,,,,,,,,,,,3.0,2.0,1.0,True
edit_latent_scaffold_source_rerank,mpair_00002503_cond_02_3p,mpair_00002503,eval,3,"MW,QED,RB",CCc1ccc(NC2=C(Cl)C(=O)c3ncncc3C2=O)cc1,O=C1C(Nc2ccc(Br)cc2)=C(Cl)C(=O)c2ncncc21,O=C1C(Nc2cccc(Cl)c2)=C(Cl)C(=O)c2ncncc21,O=C1C(Nc2ccccc2)=CC(=O)c2ncncc21,O=C1C(Nc2ccccc2)=CC(=O)c2ncncc21,True,False,False,,0.6122448979591837,0.6521739130434783,364.58600000000007,320.135,44.45100000000008,False,,,,,0.885902971993687,0.9205249949064266,0.034622022912739636,True,,,,,,,,,,,,,2.0,2.0,0.0,True
edit_latent_scaffold_source_rerank,mpair_00002509_cond_02_3p,mpair_00002509,eval,3,"LogP,QED,TPSA",CSc1cc(-c2ccc(Br)cc2)oc(=O)c1C#N,CSc1cc(-c2ccc(Br)cc2)oc(=O)c1Br,CSc1cc(-c2ccc(F)cc2)oc(=O)c1,O=c1cccc(-c2ccccc2)o1,O=c1cccc(-c2ccccc2)o1,True,False,False,,0.3469387755102041,0.38636363636363635,,,,,4.553700000000002,3.1678000000000024,1.3858999999999995,False,0.7207772389894862,0.7501191134076561,0.029341874418169933,True,30.21,30.21,0.0,True,,,,,,,,,,,,
edit_latent_scaffold_source_rerank,mpair_00002533_cond_00_3p,mpair_00002533,eval,3,"LogP,TPSA,HBA",CSc1cc(-c2ccc(Br)cc2)oc(=O)c1C#N,CSc1cc(-c2ccc(Cl)cc2)oc(=O)c1Br,CSc1cc(-c2ccc(F)cc2)oc(=O)c1,O=c1cccc(-c2ccccc2)o1,O=c1cccc(-c2ccccc2)o1,True,False,False,,0.3469387755102041,0.3695652173913043,,,,,4.444600000000001,3.1678000000000024,1.2767999999999988,False,,,,,30.21,30.21,0.0,True,,,,,3.0,3.0,0.0,True,,,,
edit_latent_scaffold_source_rerank,mpair_00002557_cond_02_3p,mpair_00002557,eval,3,"LogP,QED,HBA",CSc1nc(-c2ccc(C)cc2)nn1C(=O)N(C)c1ccccc1,CSc1nc(-c2ccc(OC(F)(F)F)cc2)nn1C(=O)N(C)c1ccccc1,CSc1nc(-c2ccc(C)cc2)nn1C(=O)N(C)c1ccccc1,O=C(Nc1ccccc1)n1cnc(-c2ccccc2)n1,O=C(Nc1ccccc1)n1cnc(-c2ccccc2)n1,True,True,True,source_identity,1.0,0.7169811320754716,,,,,4.670100000000003,4.079920000000002,0.590180000000001,True,0.5874043626188404,0.6753188675979567,0.08791450497911624,True,,,,,,,,,6.0,5.0,1.0,True,,,,
edit_latent_scaffold_source_rerank,mpair_00002564_cond_01_3p,mpair_00002564,eval,3,"LogP,QED,HBA",CSc1nc(-c2ccc(OC(F)(F)F)cc2)nn1C(=O)N(C)c1ccccc1,CN(C(=O)n1nc(-c2ccc(Cl)cc2)nc1SCC(F)(F)F)c1ccccc1,CSc1nc(-c2ccc(OC(F)(F)F)cc2)nn1C(=O)N(C)c1ccccc1,O=C(Nc1ccccc1)n1cnc(-c2ccccc2)n1,O=C(Nc1ccccc1)n1cnc(-c2ccccc2)n1,True,True,True,source_identity,1.0,0.5967741935483871,,,,,5.357400000000003,4.670100000000003,0.6872999999999996,True,0.5270344401044634,0.5874043626188404,0.060369922514377006,True,,,,,,,,,5.0,6.0,1.0,True,,,,
edit_latent_scaffold_source_rerank,mpair_00002572_cond_02_3p,mpair_00002572,eval,3,"HBD,HBA,RB",COc1cc(C(=O)N2CCN(C(=O)c3cc(OC)c(OC)c(OC)c3)C(CO)C2)cc(OC)c1OC,COc1cc(C(=O)N2CCN(C(=O)c3cc(OC)c(OC)c(OC)c3)C(COC(=O)CC(C)(C)C)C2)cc(OC)c1OC,COc1cc(C(=O)N2CCN(C(=O)c3cc(OC)c(OC)c(OC)c3)C(CO)C2)cc(OC)c1OC,O=C(c1ccccc1)N1CCN(C(=O)c2ccccc2)CC1,O=C(c1ccccc1)N1CCN(C(=O)c2ccccc2)CC1,True,False,False,source_identity,1.0,0.6792452830188679,,,,,,,,,,,,,,,,,0.0,1.0,1.0,True,10.0,9.0,1.0,True,11.0,9.0,2.0,False
edit_latent_scaffold_source_rerank,mpair_00002583_cond_01_3p,mpair_00002583,eval,3,"MW,LogP,QED",CCN(CC)C(=O)OCC1CN(C(=O)c2cc(OC)c(OC)c(OC)c2)CCN1C(=O)c1cc(OC)c(OC)c(OC)c1,COc1cc(C(=O)N2CCN(C(=O)c3cc(OC)c(OC)c(OC)c3)C(CO)C2)cc(OC)c1OC,CCN(CC)C(=O)OCC1CN(C(=O)c2cc(OC)c(OC)c(OC)c2)CCN1C(=O)c1cc(OC)c(OC)c(OC)c1,O=C(c1ccccc1)N1CCN(C(=O)c2ccccc2)CC1,O=C(c1ccccc1)N1CCN(C(=O)c2ccccc2)CC1,True,False,False,source_identity,1.0,0.6792452830188679,504.53600000000034,603.6690000000003,99.13299999999998,False,1.6973000000000003,3.1834000000000024,1.4861000000000022,False,0.544633228323374,0.3571777118480848,0.18745551647528924,False,,,,,,,,,,,,,,,,
edit_latent_scaffold_source_rerank,mpair_00002588_cond_00_3p,mpair_00002588,eval,3,"MW,QED,RB",COc1cc(C(=O)N2CCN(C(=O)c3cc(OC)c(OC)c(OC)c3)CC2)cc(OC)c1OC,CCN(CC)C(=O)OCC1CN(C(=O)c2cc(OC)c(OC)c(OC)c2)CCN1C(=O)c1cc(OC)c(OC)c(OC)c1,COc1cc(C(=O)N2CCN(C(=O)c3cc(OC)c(OC)c(OC)c3)CC2)cc(OC)c1OC,O=C(c1ccccc1)N1CCN(C(=O)c2ccccc2)CC1,O=C(c1ccccc1)N1CCN(C(=O)c2ccccc2)CC1,True,False,False,source_identity,1.0,0.52,603.6690000000003,474.51000000000033,129.159,False,,,,,0.3571777118480848,0.5754127815390553,0.2182350696909705,False,,,,,,,,,,,,,12.0,8.0,4.0,False
edit_latent_scaffold_source_rerank,mpair_00002594_cond_01_3p,mpair_00002594,eval,3,"MW,LogP,RB",CCN(CC)C(=O)OCC1CN(C(=O)c2cc(OC)c(OC)c(OC)c2)CCN1C(=O)c1cc(OC)c(OC)c(OC)c1,COc1cc(C(=O)N2CCN(C(=O)c3cc(OC)c(OC)c(OC)c3)C(COC(C)=O)C2)cc(OC)c1OC,CCN(CC)C(=O)OCC1CN(C(=O)c2cc(OC)c(OC)c(OC)c2)CCN1C(=O)c1cc(OC)c(OC)c(OC)c1,O=C(c1ccccc1)N1CCN(C(=O)c2ccccc2)CC1,O=C(c1ccccc1)N1CCN(C(=O)c2ccccc2)CC1,True,False,False,source_identity,1.0,0.7547169811320755,546.5730000000003,603.6690000000003,57.096000000000004,False,2.2681000000000004,3.1834000000000024,0.915300000000002,True,,,,,,,,,,,,,,,,,10.0,12.0,2.0,False
edit_latent_scaffold_source_rerank,mpair_00002600_cond_01_3p,mpair_00002600,eval,3,"MW,QED,RB",COc1ccc(C(=O)Nc2ccncc2Cl)c2cccnc12,CCc1ccc2c(C(=O)Nc3c(Cl)cncc3Cl)ccc(OC)c2n1,COc1ccc(C(=O)Nc2ccncc2Cl)c2cccnc12,O=C(Nc1ccncc1)c1cccc2ncccc12,O=C(Nc1ccncc1)c1cccc2ncccc12,True,False,False,source_identity,1.0,0.5,376.2430000000001,313.744,62.49900000000008,False,,,,,0.7131894410136064,0.8029165077767629,0.08972706676315656,True,,,,,,,,,,,,,4.0,3.0,1.0,True
edit_latent_scaffold_source_rerank,mpair_00002603_cond_01_3p,mpair_00002603,eval,3,"LogP,TPSA,HBA",COc1ccc(C(=O)Nc2c(Cl)cncc2Cl)c2ccc(C(C)O)nc12,CCc1ccc2c(C(=O)Nc3c(Cl)cncc3Cl)ccc(OC)c2n1,COc1ccc(C(=O)Nc2c(Cl)cncc2Cl)c2ccc(C(C)O)nc12,O=C(Nc1ccncc1)c1cccc2ncccc12,O=C(Nc1ccncc1)c1cccc2ncccc12,True,False,False,source_identity,1.0,0.6964285714285714,,,,,4.759900000000003,4.2508000000000035,0.5090999999999992,True,,,,,64.11,84.34,20.230000000000004,False,,,,,4.0,5.0,1.0,True,,,,
edit_latent_scaffold_source_rerank,mpair_00002610_cond_00_3p,mpair_00002610,eval,3,"LogP,TPSA,HBA",CCc1ccc2c(C(=O)Nc3c(Cl)cncc3Cl)ccc(OC)c2n1,COc1ccc(C(=O)Nc2c(Cl)cncc2Cl)c2ccc(C(C)O)nc12,CCc1ccc2c(C(=O)Nc3c(Cl)cncc3Cl)ccc(OC)c2n1,O=C(Nc1ccncc1)c1cccc2ncccc12,O=C(Nc1ccncc1)c1cccc2ncccc12,True,False,False,source_identity,1.0,0.6964285714285714,,,,,4.2508000000000035,4.759900000000003,0.5090999999999992,True,,,,,84.34,64.11,20.230000000000004,False,,,,,5.0,4.0,1.0,True,,,,
edit_latent_scaffold_source_rerank,mpair_00002616_cond_00_3p,mpair_00002616,eval,3,"TPSA,HBA,RB",COc1ccc(C(=O)Nc2c(F)cncc2F)c2ccc(C(F)(F)F)nc12,COc1ccc(C(=O)Nc2c(Cl)cncc2Cl)c2ccc(C(C)=O)nc12,COc1ccc(C(=O)Nc2c(F)cncc2F)c2ccc(C(F)(F)F)nc12,O=C(Nc1ccncc1)c1cccc2ncccc12,O=C(Nc1ccncc1)c1cccc2ncccc12,True,True,True,source_identity,1.0,0.55,,,,,,,,,,,,,81.17999999999999,64.11,17.069999999999993,True,,,,,5.0,4.0,1.0,True,4.0,3.0,1.0,True
edit_latent_scaffold_source_rerank,mpair_00002620_cond_02_3p,mpair_00002620,eval,3,"LogP,QED,RB",CCc1ccc2c(C(=O)Nc3c(Cl)cncc3Cl)ccc(OC)c2n1,COc1ccc(C(=O)Nc2c(Cl)cncc2Cl)c2cccnc12,CCc1ccc2c(C(=O)Nc3c(Cl)cncc3Cl)ccc(OC)c2n1,O=C(Nc1ccncc1)c1cccc2ncccc12,O=C(Nc1ccncc1)c1cccc2ncccc12,True,True,True,source_identity,1.0,0.6545454545454545,,,,,4.1975000000000025,4.759900000000003,0.5624000000000002,True,0.7706046174674384,0.7131894410136064,0.057415176453831984,True,,,,,,,,,,,,,3.0,4.0,1.0,True
edit_latent_scaffold_source_rerank,mpair_00002628_cond_01_3p,mpair_00002628,eval,3,"LogP,TPSA,HBA",CC(C)[C@@H](O)C(=O)N1C[C@H](c2ccccc2)C[C@H]1C(=O)N[C@@H](CC(F)F)C(=O)NCCc1c(F)cc(C(=O)O)cc1F,CC(C)CC(=O)N1C[C@H](c2ccccc2)C[C@H]1C(=O)N[C@@H](CC(F)F)C(=O)NCCc1c(F)cc(C(=O)O)cc1F,CC(C)[C@@H](O)C(=O)N1C[C@H](c2ccccc2)C[C@H]1C(=O)N[C@@H](CC(F)F)C(=O)NCCc1c(F)cc(C(=O)O)cc1F,O=C(CNC(=O)[C@@H]1C[C@@H](c2ccccc2)CN1)NCCc1ccccc1,O=C(CNC(=O)[C@@H]1C[C@@H](c2ccccc2)CN1)NCCc1ccccc1,True,False,False,source_identity,1.0,0.7916666666666666,,,,,3.892500000000002,2.8633000000000006,1.0292000000000012,False,,,,,115.81000000000002,136.04,20.229999999999976,False,,,,,4.0,5.0,1.0,True,,,,
edit_latent_scaffold_source_rerank,mpair_00003114_cond_02_3p,mpair_00003114,eval,3,"MW,LogP,RB",CCCCc1nnc2nc(C)c(C)c(=O)n2n1,Cc1nc2nncnn2c(=O)c1C,CCCCc1nnc2nc(C)c(C)c(=O)n2n1,O=c1ccnc2nncnn12,O=c1ccnc2nncnn12,True,False,False,source_identity,1.0,0.4418604651162791,177.167,233.275,56.108000000000004,False,-0.5036600000000002,0.8389399999999998,1.3426,False,,,,,,,,,,,,,,,,,0.0,3.0,3.0,False
edit_latent_scaffold_source_rerank,mpair_00003201_cond_02_3p,mpair_00003201,eval,3,"HBD,HBA,RB",O=C(O)c1ccc(NCCCCCCc2cccs2)cc1,CCOC(=O)c1ccc(NCCCCCCc2cccs2)cc1,O=C(O)c1ccc(NCCCCCCc2cccs2)cc1,c1ccc(NCCCCCCc2cccs2)cc1,c1ccc(NCCCCCCc2cccs2)cc1,True,True,True,source_identity,1.0,0.7021276595744681,,,,,,,,,,,,,,,,,1.0,2.0,1.0,True,4.0,3.0,1.0,True,10.0,9.0,1.0,True
edit_latent_scaffold_source_rerank,mpair_00003207_cond_02_3p,mpair_00003207,eval,3,"MW,LogP,HBA",Cc1cc(-n2ncc(=O)[nH]c2=O)ccc1S(=O)(=O)N1CCN(C=O)CC1,CCOC(=O)N1CCN(S(=O)(=O)c2ccc(-n3ncc(=O)[nH]c3=O)cc2Cl)CC1,Cc1cc(-n2ncc(=O)[nH]c2=O)ccc1S(=O)(=O)N1CCN(C=O)CC1,O=c1cnn(-c2ccc(S(=O)(=O)N3CCNCC3)cc2)c(=O)[nH]1,O=c1cnn(-c2ccc(S(=O)(=O)N3CCNCC3)cc2)c(=O)[nH]1,True,False,False,source_identity,1.0,0.5625,443.86900000000026,379.39800000000025,64.471,False,0.037000000000000144,-1.3080799999999981,1.3450799999999983,False,,,,,,,,,,,,,8.0,7.0,1.0,True,,,,
edit_latent_scaffold_source_rerank,mpair_00003219_cond_00_3p,mpair_00003219,eval,3,"MW,LogP,QED",COc1ccc(S(=O)(=O)N(Cc2cccnc2)c2c(C)cccc2C(=O)NO)cc1,COc1ccc(S(=O)(=O)N(Cc2cccnc2)c2c(C)cc(Br)cc2C(=O)NO)cc1,COc1ccc(S(=O)(=O)N(Cc2cccnc2)c2c(C)cccc2C(=O)NO)cc1,O=S(=O)(c1ccccc1)N(Cc1cccnc1)c1ccccc1,O=S(=O)(c1ccccc1)N(Cc1cccnc1)c1ccccc1,True,False,False,source_identity,1.0,0.819672131147541,506.37800000000016,427.48200000000014,78.89600000000002,False,3.675620000000001,2.91312,0.7625000000000011,True,0.3740614499694089,0.44330794633881315,0.06924649636940428,True,,,,,,,,,,,,,,,,
edit_latent_scaffold_source_rerank,mpair_00003221_cond_01_3p,mpair_00003221,eval,3,"MW,LogP,TPSA",COc1ccc(S(=O)(=O)N(Cc2cccnc2)c2c(C)cccc2C(=O)NO)cc1,COC(=O)c1cccc(C(=O)NO)c1N(Cc1cccnc1)S(=O)(=O)c1ccc(OC)cc1,COc1ccc(S(=O)(=O)N(Cc2cccnc2)c2c(C)cccc2C(=O)NO)cc1,O=S(=O)(c1ccccc1)N(Cc1cccnc1)c1ccccc1,O=S(=O)(c1ccccc1)N(Cc1cccnc1)c1ccccc1,True,False,False,source_identity,1.0,0.8333333333333334,471.49100000000016,427.48200000000014,44.009000000000015,False,2.391300000000001,2.91312,0.5218199999999991,True,,,,,135.13,108.83000000000001,26.299999999999983,False,,,,,,,,,,,,
edit_latent_scaffold_source_rerank,mpair_00003530_cond_02_3p,mpair_00003530,eval,3,"MW,QED,RB",CCOC(=O)C(C)Oc1cccc(N(Cc2cccnc2)S(=O)(=O)CC(F)(F)F)c1,CC(C)COc1cccc(N(Cc2cccnc2)S(=O)(=O)CC(F)(F)F)c1,CCOC(=O)C(C)Oc1cccc(N(Cc2cccnc2)S(=O)(=O)CC(F)(F)F)c1,c1ccc(NCc2cccnc2)cc1,c1ccc(NCc2cccnc2)cc1,True,False,False,source_identity,1.0,0.6984126984126984,402.43800000000005,446.4470000000001,44.00900000000007,False,,,,,0.6693605971809802,0.5496815697636838,0.11967902741729641,False,,,,,,,,,,,,,8.0,9.0,1.0,True
edit_latent_scaffold_source_rerank,mpair_00003539_cond_00_3p,mpair_00003539,eval,3,"TPSA,HBA,RB",O=S(=O)(CC(F)(F)F)N(Cc1cccnc1)c1cccc(OC(F)(F)F)c1,CCOC(=O)C(C)Oc1cccc(N(Cc2cccnc2)S(=O)(=O)CC(F)(F)F)c1,O=S(=O)(CC(F)(F)F)N(Cc1cccnc1)c1cccc(OC(F)(F)F)c1,c1ccc(NCc2cccnc2)cc1,c1ccc(NCc2cccnc2)cc1,True,False,False,source_identity,1.0,0.6885245901639344,,,,,,,,,,,,,85.80000000000001,59.5,26.30000000000001,False,,,,,6.0,4.0,2.0,False,9.0,6.0,3.0,False
edit_latent_scaffold_source_rerank,mpair_00003545_cond_00_3p,mpair_00003545,eval,3,"LogP,QED,RB",CCCC(C)Oc1cccc(N(Cc2cccnc2)S(=O)(=O)CC(F)(F)F)c1,CC(C)Oc1cccc(N(Cc2cccnc2)S(=O)(=O)CC(F)(F)F)c1,CCCC(C)Oc1cccc(N(Cc2cccnc2)S(=O)(=O)CC(F)(F)F)c1,c1ccc(NCc2cccnc2)cc1,c1ccc(NCc2cccnc2)cc1,True,False,False,source_identity,1.0,0.8070175438596491,,,,,3.7675000000000027,4.547700000000003,0.7802000000000007,True,0.7245796953652621,0.6018859517288218,0.12269374363644037,False,,,,,,,,,,,,,7.0,9.0,2.0,False
edit_latent_scaffold_source_rerank,mpair_00000010_cond_01_4p,mpair_00000010,eval,4,"LogP,QED,HBA,RB",O=C(c1ccccc1C(F)(F)F)N1C[C@H](CN2CCC(c3ccccc3)CC2)[C@@H](c2ccccc2)C1,COc1cccc(C(=O)N2C[C@H](CN3CCC(c4ccccc4)CC3)[C@@H](c3ccccc3)C2)c1,O=C(c1ccccc1C(F)(F)F)N1C[C@H](CN2CCC(c3ccccc3)CC2)[C@@H](c2ccccc2)C1,O=C(c1ccccc1)N1C[C@H](CN2CCC(c3ccccc3)CC2)[C@@H](c2ccccc2)C1,O=C(c1ccccc1)N1C[C@H](CN2CCC(c3ccccc3)CC2)[C@@H](c2ccccc2)C1,True,False,False,source_identity,1.0,0.578125,,,,,5.430600000000005,6.4408000000000065,1.010200000000001,False,0.49786269936596683,0.4092272471712491,0.08863545219471775,True,,,,,,,,,3.0,2.0,1.0,True,6.0,5.0,1.0,True
edit_latent_scaffold_source_rerank,mpair_00000019_cond_02_4p,mpair_00000019,eval,4,"MW,TPSA,HBA,RB",CN1C2C=C(c3ccc(Cl)nc3)CC1CC2,COC(=O)C1=C(c2ccc(Cl)nc2)CC2CCC1N2C,C1=C(c2cccnc2)CC2CCC1N2,C1=C(c2cccnc2)CC2CCC1N2,C1=C(c2cccnc2)CC2CCC1N2,True,False,False,,0.2545454545454545,0.14925373134328357,292.76599999999996,186.258,106.50799999999995,False,,,,,,,,,42.43,24.92,17.509999999999998,True,,,,,4.0,2.0,2.0,False,2.0,1.0,1.0,True
edit_latent_scaffold_source_rerank,mpair_00000324_cond_02_4p,mpair_00000324,eval,4,"MW,LogP,HBA,RB",CSC1=C(C(=O)O)N2C(=O)[C@@H](NC(=O)[C@H](N)c3ccccc3)[C@H]2CC1,N[C@@H](C(=O)N[C@@H]1C(=O)N2C(C(=O)O)=C(C(F)(F)F)CC[C@H]12)c1cccc(Br)c1,CSC1=C(C(=O)O)N2C(=O)[C@@H](NC(=O)[C@H](N)c3ccccc3)[C@H]2CC1,O=C(Cc1ccccc1)N[C@@H]1C(=O)N2C=CCC[C@H]12,O=C(Cc1ccccc1)N[C@@H]1C(=O)N2C=CCC[C@H]12,True,False,False,source_identity,1.0,0.5757575757575758,462.2220000000001,361.42300000000006,100.79900000000004,False,1.8392999999999997,0.8350000000000002,1.0042999999999995,False,,,,,,,,,,,,,4.0,5.0,1.0,True,4.0,5.0,1.0,True
edit_latent_scaffold_source_rerank,mpair_00000334_cond_01_4p,mpair_00000334,eval,4,"MW,QED,HBD,RB",CSC1=C(C(=O)O)N2C(=O)[C@@H](NC(=O)[C@H](N)c3ccccc3)[C@H]2CC1,N[C@@H](C(=O)N[C@@H]1C(=O)N2C(C(=O)O)=C(C(F)(F)F)CC[C@H]12)c1ccc(O)cc1,CSC1=C(C(=O)O)N2C(=O)[C@@H](NC(=O)[C@H](N)c3ccccc3)[C@H]2CC1,O=C(Cc1ccccc1)N[C@@H]1C(=O)N2C=CCC[C@H]12,O=C(Cc1ccccc1)N[C@@H]1C(=O)N2C=CCC[C@H]12,True,False,False,source_identity,1.0,0.5873015873015873,399.3250000000001,361.42300000000006,37.902000000000044,False,,,,,0.5533729404309352,0.6699274889764619,0.11655454854552671,False,,,,,4.0,3.0,1.0,True,,,,,4.0,5.0,1.0,True
edit_latent_scaffold_source_rerank,mpair_00000585_cond_02_4p,mpair_00000585,eval,4,"QED,TPSA,HBD,HBA",Cc1ccc(CCCC[C@@H]2N[C@@H](CO)[C@H](O)[C@H]2O)cc1,OC[C@@H]1N[C@@H](CCCCc2ccc(O)cc2)[C@H](O)[C@H]1O,Cc1ccc(CCCC[C@@H]2N[C@@H](CO)[C@H](O)[C@H]2O)cc1,c1ccc(CCCC[C@H]2CCCN2)cc1,c1ccc(CCCC[C@H]2CCCN2)cc1,True,False,False,source_identity,1.0,0.7567567567567568,,,,,,,,,0.47902706341404183,0.5802758268226561,0.10124876340861427,False,92.95,72.72,20.230000000000004,False,5.0,4.0,1.0,True,5.0,4.0,1.0,True,,,,
edit_latent_scaffold_source_rerank,mpair_00000725_cond_01_4p,mpair_00000725,eval,4,"MW,LogP,HBD,RB",C=CCc1cc(/C=C2\SC(=O)NC2=O)c(OC)cc1OC1CCCCO1,C=CCc1cc(/C=C2\SC(=O)N(CC=C(C)C)C2=O)c(OC)cc1OC1CCCCO1,C=CCc1cc(/C=C2\SC(=O)NC2=O)c(OC)cc1OC1CCCCO1,O=C1NC(=O)/C(=C/c2ccc(OC3CCCCO3)cc2)S1,O=C1NC(=O)/C(=C/c2ccc(OC3CCCCO3)cc2)S1,True,False,False,source_identity,1.0,0.647887323943662,443.5650000000003,375.4460000000002,68.11900000000009,False,5.331600000000005,3.6530000000000022,1.678600000000003,False,,,,,,,,,0.0,1.0,1.0,True,,,,,8.0,6.0,2.0,False
edit_latent_scaffold_source_rerank,mpair_00000733_cond_02_4p,mpair_00000733,eval,4,"MW,LogP,QED,RB",C=CCc1cc(/C=C2\SC(=O)N(CCCC)C2=O)c(OC)cc1OC1CCCCO1,C=CCc1cc(/C=C2\SC(=O)NC2=O)c(OC)cc1OC1CCCCO1,C=CCc1cc(/C=C2\SC(=O)N(CCCC)C2=O)c(OC)cc1OC1CCCCO1,O=C1NC(=O)/C(=C/c2ccc(OC3CCCCO3)cc2)S1,O=C1NC(=O)/C(=C/c2ccc(OC3CCCCO3)cc2)S1,True,False,False,source_identity,1.0,0.6571428571428571,375.4460000000002,431.55400000000026,56.10800000000006,False,3.6530000000000022,5.165500000000004,1.512500000000002,False,0.6042673504148035,0.39718598618589046,0.20708136422891305,False,,,,,,,,,,,,,6.0,9.0,3.0,False
edit_latent_scaffold_source_rerank,mpair_00000753_cond_00_4p,mpair_00000753,eval,4,"MW,TPSA,HBA,RB",O=C1CCC[C@H]2OC[C@@H](Cc3c[nH]c4ccccc34)N12,COC(=O)C[C@@H]1CC(=O)N2[C@H](Cc3c[nH]c4ccccc34)CO[C@@H]2C1,O=C1CCC[C@H]2OC[C@@H](Cc3c[nH]c4ccccc34)N12,O=C1CCC[C@H]2OC[C@@H](Cc3c[nH]c4ccccc34)N12,O=C1CCC[C@H]2OC[C@@H](Cc3c[nH]c4ccccc34)N12,True,False,False,source_identity,1.0,0.578125,342.39500000000015,270.33200000000005,72.0630000000001,False,,,,,,,,,71.63000000000001,45.330000000000005,26.300000000000004,False,,,,,4.0,2.0,2.0,False,4.0,2.0,2.0,False
edit_latent_scaffold_source_rerank,mpair_00001117_cond_01_4p,mpair_00001117,eval,4,"MW,HBD,HBA,RB",COc1ccc(N2CCN(CCC3c4ccccc4C(=O)N3C)CC2)cc1,O=C1NC(CCN2CCN(c3ccccc3)CC2)c2ccccc21,COc1ccc(N2CCN(CCC3c4ccccc4C(=O)N3C)CC2)cc1,O=C1NC(CCN2CCN(c3ccccc3)CC2)c2ccccc21,O=C1NC(CCN2CCN(c3ccccc3)CC2)c2ccccc21,True,False,False,source_identity,1.0,0.47368421052631576,321.4240000000001,365.47700000000015,44.053000000000054,False,,,,,,,,,,,,,1.0,0.0,1.0,True,3.0,4.0,1.0,True,4.0,5.0,1.0,True
edit_latent_scaffold_source_rerank,mpair_00001123_cond_01_4p,mpair_00001123,eval,4,"MW,QED,HBA,RB",O=C1NC(CCN2CCN(c3ccccc3)CC2)c2ccccc21,COc1ccc(N2CCN(CCC3c4ccccc4C(=O)N3C)CC2)cc1,O=C1NC(CCN2CCN(c3ccccc3)CC2)c2ccccc21,O=C1NC(CCN2CCN(c3ccccc3)CC2)c2ccccc21,O=C1NC(CCN2CCN(c3ccccc3)CC2)c2ccccc21,True,False,False,source_identity,1.0,0.47368421052631576,365.47700000000015,321.4240000000001,44.053000000000054,False,,,,,0.8160326048332845,0.9403172855884846,0.12428468075520005,False,,,,,,,,,4.0,3.0,1.0,True,5.0,4.0,1.0,True
edit_latent_scaffold_source_rerank,mpair_00001618_cond_01_4p,mpair_00001618,eval,4,"QED,TPSA,HBA,RB",CC1CC(C)(C)Nc2ccc3c(c21)COc1c(F)cc(F)cc1-3,CC1CC(C)(C)Nc2ccc3c(c21)COc1c-3cc(F)cc1[N+](=O)[O-],CC1CC(C)(C)Nc2ccc3c(c21)COc1c(F)cc(F)cc1-3,c1ccc2c(c1)OCc1c-2ccc2c1CCCN2,c1ccc2c(c1)OCc1c-2ccc2c1CCCN2,True,False,False,source_identity,1.0,0.7321428571428571,,,,,,,,,0.5855235809891088,0.719238819171056,0.1337152381819472,False,64.39999999999999,21.259999999999998,43.13999999999999,False,,,,,4.0,2.0,2.0,False,1.0,0.0,1.0,True
edit_latent_scaffold_source_rerank,mpair_00002465_cond_01_4p,mpair_00002465,eval,4,"MW,QED,HBA,RB",CN(C)CCCOc1cc(C(=O)Nc2ccc(OC(F)(F)F)cc2)n(Cc2ccccc2)n1,CN(C)CCCOc1cc(C(=O)Nc2cccc(Cl)c2)n(Cc2ccccc2)n1,CN(C)CCCOc1cc(C(=O)Nc2ccc(OC(F)(F)F)cc2)n(Cc2ccccc2)n1,O=C(Nc1ccccc1)c1ccnn1Cc1ccccc1,O=C(Nc1ccccc1)c1ccnn1Cc1ccccc1,True,False,False,source_identity,1.0,0.696969696969697,412.9210000000001,462.4720000000001,49.55099999999999,False,,,,,0.5357556879239462,0.4522382232340766,0.08351746468986965,True,,,,,,,,,5.0,6.0,1.0,True,9.0,10.0,1.0,True
edit_latent_scaffold_source_rerank,mpair_00002476_cond_00_4p,mpair_00002476,eval,4,"MW,QED,TPSA,HBA",CN(C)CCCOc1cc(C(=O)Nc2cccc(Cl)c2)n(Cc2ccccc2)n1,COc1cc(NC(=O)c2cc(OCCCN(C)C)nn2Cc2ccccc2)cc(OC)c1OC,CN(C)CCCOc1cc(C(=O)Nc2cccc(Cl)c2)n(Cc2ccccc2)n1,O=C(Nc1ccccc1)c1ccnn1Cc1ccccc1,O=C(Nc1ccccc1)c1ccnn1Cc1ccccc1,True,False,False,source_identity,1.0,0.71875,468.5540000000002,412.9210000000001,55.633000000000095,False,,,,,0.4069700768443977,0.5357556879239462,0.12878561107954856,False,87.08000000000001,59.39,27.690000000000012,False,,,,,8.0,5.0,3.0,False,,,,
edit_latent_scaffold_source_rerank,mpair_00002488_cond_02_4p,mpair_00002488,eval,4,"LogP,TPSA,HBD,HBA",C=Cc1cc(C(=O)OCC)n(S(=O)(=O)c2cc(Cl)ccc2N)c1,CC(C)OC(=O)c1cc(CO)cn1S(=O)(=O)c1cc(Cl)ccc1N,N/C(S)=N/N=C/c1cccn1S(=O)(=O)c1ccccc1,O=S(=O)(c1ccccc1)n1cccc1,O=S(=O)(c1ccccc1)n1cccc1,True,False,False,,0.16,0.14666666666666667,,,,,2.0182,1.3035,0.7147000000000001,True,,,,,111.61999999999999,89.81,21.809999999999988,False,2.0,2.0,0.0,True,7.0,5.0,2.0,False,,,,
edit_latent_scaffold_source_rerank,mpair_00002520_cond_02_4p,mpair_00002520,eval,4,"MW,QED,TPSA,RB",CSc1cc(-c2ccc(Br)cc2)oc(=O)c1C#N,CCOC(=O)c1c(SC)c(C#N)c(-c2ccc(Br)cc2)oc1=O,CSc1cc(-c2ccc(F)cc2)oc(=O)c1,O=c1cccc(-c2ccccc2)o1,O=c1cccc(-c2ccccc2)o1,True,False,False,,0.3469387755102041,0.203125,394.24600000000004,236.26699999999997,157.97900000000007,False,,,,,0.5791804088529054,0.7501191134076561,0.1709387045547507,False,80.30000000000001,30.21,50.09000000000001,False,,,,,,,,,4.0,2.0,2.0,False
edit_latent_scaffold_source_rerank,mpair_00002554_cond_01_4p,mpair_00002554,eval,4,"QED,TPSA,HBA,RB",CSc1cc(-c2ccc(Cl)cc2)oc(=O)c1C(N)=O,CSc1cc(-c2ccc(Cl)cc2)oc(=O)c1,CSc1cc(-c2ccc(F)cc2)oc(=O)c1,O=c1cccc(-c2ccccc2)o1,O=c1cccc(-c2ccccc2)o1,True,True,True,,0.34,0.7142857142857143,,,,,,,,,0.7640571553591999,0.7501191134076561,0.0139380419515438,True,30.21,30.21,0.0,True,,,,,3.0,3.0,0.0,True,2.0,2.0,0.0,True
edit_latent_scaffold_source_rerank,mpair_00002568_cond_00_4p,mpair_00002568,eval,4,"MW,LogP,TPSA,RB",COc1cc(C(=O)N2CCN(C(=O)c3cc(OC)c(OC)c(OC)c3)C(CO)C2)cc(OC)c1OC,COc1cc(C(=O)N2CCN(C(=O)c3cc(OC)c(OC)c(OC)c3)C(COC(=O)NCCC(C)C)C2)cc(OC)c1OC,COc1cc(C(=O)N2CCN(C(=O)c3cc(OC)c(OC)c(OC)c3)C(CO)C2)cc(OC)c1OC,O=C(c1ccccc1)N1CCN(C(=O)c2ccccc2)CC1,O=C(c1ccccc1)N1CCN(C(=O)c2ccccc2)CC1,True,False,False,source_identity,1.0,0.631578947368421,617.6960000000003,504.53600000000034,113.15999999999991,False,3.4773000000000023,1.6973000000000003,1.780000000000002,False,,,,,134.33,116.23000000000002,18.099999999999994,True,,,,,,,,,13.0,9.0,4.0,False
edit_latent_scaffold_source_rerank,mpair_00002576_cond_00_4p,mpair_00002576,eval,4,"MW,LogP,QED,HBD",COc1cc(C(=O)N2CCN(C(=O)c3cc(OC)c(OC)c(OC)c3)C(COC(C)=O)C2)cc(OC)c1OC,COc1cc(C(=O)N2CCN(C(=O)c3cc(OC)c(OC)c(OC)c3)C(COC(=O)NCCC(C)C)C2)cc(OC)c1OC,COc1cc(C(=O)N2CCN(C(=O)c3cc(OC)c(OC)c(OC)c3)C(COC(C)=O)C2)cc(OC)c1OC,O=C(c1ccccc1)N1CCN(C(=O)c2ccccc2)CC1,O=C(c1ccccc1)N1CCN(C(=O)c2ccccc2)CC1,True,False,False,source_identity,1.0,0.7017543859649122,617.6960000000003,546.5730000000003,71.12299999999993,False,3.4773000000000023,2.2681000000000004,1.2092000000000018,False,0.3561059094946873,0.41028124355120477,0.05417533405651748,True,,,,,1.0,0.0,1.0,True,,,,,,,,
edit_latent_scaffold_source_rerank,mpair_00002585_cond_00_4p,mpair_00002585,eval,4,"MW,QED,TPSA,HBA",COc1cc(C(=O)N2CCN(C(=O)c3cc(OC)c(OC)c(OC)c3)C(COC(C)=O)C2)cc(OC)c1OC,COc1cc(C(=O)N2CCN(C(=O)c3cc(OC)c(OC)c(OC)c3)CC2)cc(OC)c1OC,COc1cc(C(=O)N2CCN(C(=O)c3cc(OC)c(OC)c(OC)c3)C(COC(C)=O)C2)cc(OC)c1OC,O=C(c1ccccc1)N1CCN(C(=O)c2ccccc2)CC1,O=C(c1ccccc1)N1CCN(C(=O)c2ccccc2)CC1,True,False,False,source_identity,1.0,0.5777777777777777,474.51000000000033,546.5730000000003,72.06299999999999,False,,,,,0.5754127815390553,0.41028124355120477,0.16513153798785052,False,96.00000000000001,122.30000000000001,26.299999999999997,False,,,,,8.0,10.0,2.0,False,,,,
edit_latent_scaffold_source_rerank,mpair_00002593_cond_00_4p,mpair_00002593,eval,4,"MW,TPSA,HBA,RB",COc1cc(C(=O)N2CCN(C(=O)c3cc(OC)c(OC)c(OC)c3)C(COC(=O)NCCC(C)C)C2)cc(OC)c1OC,COc1cc(C(=O)N2CCN(C(=O)c3cc(OC)c(OC)c(OC)c3)C(CO)C2)cc(OC)c1OC,COc1cc(C(=O)N2CCN(C(=O)c3cc(OC)c(OC)c(OC)c3)C(COC(=O)NCCC(C)C)C2)cc(OC)c1OC,O=C(c1ccccc1)N1CCN(C(=O)c2ccccc2)CC1,O=C(c1ccccc1)N1CCN(C(=O)c2ccccc2)CC1,True,False,False,source_identity,1.0,0.631578947368421,504.53600000000034,617.6960000000003,113.15999999999991,False,,,,,,,,,116.23000000000002,134.33,18.099999999999994,True,,,,,9.0,10.0,1.0,True,9.0,13.0,4.0,False
edit_latent_scaffold_source_rerank,mpair_00002606_cond_01_4p,mpair_00002606,eval,4,"MW,HBD,HBA,RB",COc1ccc(C(=O)Nc2c(Cl)cncc2Cl)c2cccnc12,COc1ccc(C(=O)Nc2c(Cl)cncc2Cl)c2ccc(C(C)O)nc12,COc1ccc(C(=O)Nc2c(Cl)cncc2Cl)c2cccnc12,O=C(Nc1ccncc1)c1cccc2ncccc12,O=C(Nc1ccncc1)c1cccc2ncccc12,True,False,False,source_identity,1.0,0.6428571428571429,392.24200000000013,348.1890000000001,44.053000000000054,False,,,,,,,,,,,,,2.0,1.0,1.0,True,5.0,4.0,1.0,True,4.0,3.0,1.0,True
edit_latent_scaffold_source_rerank,mpair_00002613_cond_00_4p,mpair_00002613,eval,4,"QED,TPSA,HBD,RB",COc1ccc(C(=O)Nc2ccncc2Cl)c2cccnc12,COc1ccc(C(=O)Nc2c(Cl)cncc2Cl)c2ccc(C(C)O)nc12,COc1ccc(C(=O)Nc2ccncc2Cl)c2cccnc12,O=C(Nc1ccncc1)c1cccc2ncccc12,O=C(Nc1ccncc1)c1cccc2ncccc12,True,False,False,source_identity,1.0,0.49206349206349204,,,,,,,,,0.6936033323496321,0.8029165077767629,0.10931317542713082,False,84.34,64.11,20.230000000000004,False,2.0,1.0,1.0,True,,,,,4.0,3.0,1.0,True
edit_latent_scaffold_source_rerank,mpair_00002622_cond_01_4p,mpair_00002622,eval,4,"MW,LogP,QED,RB",CCc1ccc2c(C(=O)Nc3c(Cl)cncc3Cl)ccc(OC)c2n1,COc1ccc(C(=O)Nc2ccncc2Cl)c2cccnc12,CCc1ccc2c(C(=O)Nc3c(Cl)cncc3Cl)ccc(OC)c2n1,O=C(Nc1ccncc1)c1cccc2ncccc12,O=C(Nc1ccncc1)c1cccc2ncccc12,True,False,False,source_identity,1.0,0.5,313.744,376.2430000000001,62.49900000000008,False,3.544100000000002,4.759900000000003,1.2158000000000007,False,0.8029165077767629,0.7131894410136064,0.08972706676315656,True,,,,,,,,,,,,,3.0,4.0,1.0,True
edit_latent_scaffold_source_rerank,mpair_00002629_cond_01_4p,mpair_00002629,eval,4,"TPSA,HBD,HBA,RB",CC(C)CC(=O)N1C[C@H](c2ccccc2)C[C@H]1C(=O)N[C@@H](CC(F)F)C(=O)NCCc1c(F)cc(C(=O)O)cc1F,CC(C)(C)[C@H](O)C(=O)N1C[C@H](c2ccccc2)C[C@H]1C(=O)N[C@@H](CC(F)F)C(=O)NCCc1c(F)cc(C(=O)O)cc1F,CC(C)CC(=O)N1C[C@H](c2ccccc2)C[C@H]1C(=O)N[C@@H](CC(F)F)C(=O)NCCc1c(F)cc(C(=O)O)cc1F,O=C(CNC(=O)[C@@H]1C[C@@H](c2ccccc2)CN1)NCCc1ccccc1,O=C(CNC(=O)[C@@H]1C[C@@H](c2ccccc2)CN1)NCCc1ccccc1,True,False,False,source_identity,1.0,0.7567567567567568,,,,,,,,,,,,,136.04,115.81000000000002,20.229999999999976,False,4.0,3.0,1.0,True,5.0,4.0,1.0,True,11.0,12.0,1.0,True
edit_latent_scaffold_source_rerank,mpair_00003116_cond_02_4p,mpair_00003116,eval,4,"MW,TPSA,HBA,RB",COC(=O)c1cc2c([nH]1)C(=O)C=C1N(C(=O)OC(C)(C)C)CC3CC123,Cc1c[nH]c2c1C13CC1CN(C(=O)OC(C)(C)C)C3=CC2=O,COC(=O)c1cc2c([nH]1)C(=O)C=C1N(C(=O)OC(C)(C)C)CC3CC123,O=C1C=C2NCC3CC23c2cc[nH]c21,O=C1C=C2NCC3CC23c2cc[nH]c21,True,False,False,source_identity,1.0,0.5873015873015873,300.358,344.36700000000013,44.00900000000013,False,,,,,,,,,62.4,88.7,26.300000000000004,False,,,,,3.0,5.0,2.0,False,0.0,1.0,1.0,True
edit_latent_scaffold_source_rerank,mpair_00003213_cond_00_4p,mpair_00003213,eval,4,"TPSA,HBD,HBA,RB",CC(C)NC(=O)c1ccc2c(Nc3ccc(Cl)cc3)nc(N3CCOCC3)nc2c1,Clc1ccc(Nc2nc(N3CCOCC3)nc3ccccc23)cc1,CC(C)NC(=O)c1ccc2c(Nc3ccc(Cl)cc3)nc(N3CCOCC3)nc2c1,c1ccc(Nc2nc(N3CCOCC3)nc3ccccc23)cc1,c1ccc(Nc2nc(N3CCOCC3)nc3ccccc23)cc1,True,False,False,source_identity,1.0,0.6,,,,,,,,,,,,,50.28,79.38000000000001,29.10000000000001,False,1.0,2.0,1.0,True,5.0,6.0,1.0,True,3.0,5.0,2.0,False
edit_latent_scaffold_source_rerank,mpair_00003221_cond_00_4p,mpair_00003221,eval,4,"MW,QED,TPSA,RB",COc1ccc(S(=O)(=O)N(Cc2cccnc2)c2c(C)cccc2C(=O)NO)cc1,COC(=O)c1cccc(C(=O)NO)c1N(Cc1cccnc1)S(=O)(=O)c1ccc(OC)cc1,COc1ccc(S(=O)(=O)N(Cc2cccnc2)c2c(C)cccc2C(=O)NO)cc1,O=S(=O)(c1ccccc1)N(Cc1cccnc1)c1ccccc1,O=S(=O)(c1ccccc1)N(Cc1cccnc1)c1ccccc1,True,False,False,source_identity,1.0,0.8333333333333334,471.49100000000016,427.48200000000014,44.009000000000015,False,,,,,0.29046454626646695,0.44330794633881315,0.1528434000723462,False,135.13,108.83000000000001,26.299999999999983,False,,,,,,,,,8.0,7.0,1.0,True
edit_latent_scaffold_source_rerank,mpair_00003532_cond_00_4p,mpair_00003532,eval,4,"LogP,QED,TPSA,HBA",CCOC(=O)C(C)Oc1cccc(N(Cc2cccnc2)S(=O)(=O)CC(F)(F)F)c1,CCCC(C)Oc1cccc(N(Cc2cccnc2)S(=O)(=O)CC(F)(F)F)c1,CCOC(=O)C(C)Oc1cccc(N(Cc2cccnc2)S(=O)(=O)CC(F)(F)F)c1,c1ccc(NCc2cccnc2)cc1,c1ccc(NCc2cccnc2)cc1,True,False,False,source_identity,1.0,0.746031746031746,,,,,4.547700000000003,3.3107000000000024,1.237000000000001,False,0.6018859517288218,0.5496815697636838,0.05220438196513799,True,59.5,85.80000000000001,26.30000000000001,False,,,,,4.0,6.0,2.0,False,,,,
edit_latent_scaffold_source_rerank,mpair_00003536_cond_00_4p,mpair_00003536,eval,4,"MW,LogP,QED,RB",COc1cccc(N(Cc2cccnc2)S(=O)(=O)CC(F)(F)F)c1,CCC(C)COc1cccc(N(Cc2cccnc2)S(=O)(=O)CC(F)(F)F)c1,COc1cccc(N(Cc2cccnc2)S(=O)(=O)CC(F)(F)F)c1,c1ccc(NCc2cccnc2)cc1,c1ccc(NCc2cccnc2)cc1,True,False,False,source_identity,1.0,0.7413793103448276,416.4650000000001,360.3570000000001,56.108000000000004,False,4.405200000000004,2.988900000000002,1.4163000000000023,False,0.6078002459089881,0.7946521442277092,0.18685189831872118,False,,,,,,,,,,,,,9.0,6.0,3.0,False
edit_latent_scaffold_source_rerank,mpair_00000004_cond_01_5p,mpair_00000004,eval,5,"MW,LogP,QED,HBA,RB",O=C(c1ccccc1Br)N1C[C@H](CN2CCC(c3ccccc3)CC2)[C@@H](c2ccccc2)C1,COc1cccc(C(=O)N2C[C@H](CN3CCC(c4ccccc4)CC3)[C@@H](c3ccccc3)C2)c1,O=C(c1ccccc1Br)N1C[C@H](CN2CCC(c3ccccc3)CC2)[C@@H](c2ccccc2)C1,O=C(c1ccccc1)N1C[C@H](CN2CCC(c3ccccc3)CC2)[C@@H](c2ccccc2)C1,O=C(c1ccccc1)N1C[C@H](CN2CCC(c3ccccc3)CC2)[C@@H](c2ccccc2)C1,True,False,False,source_identity,1.0,0.6065573770491803,454.61400000000015,503.48400000000026,48.87000000000012,False,5.430600000000005,6.184500000000006,0.7539000000000007,True,0.49786269936596683,0.41502650656849366,0.08283619279747317,True,,,,,,,,,3.0,2.0,1.0,True,6.0,5.0,1.0,True
edit_latent_scaffold_source_rerank,mpair_00000326_cond_00_5p,mpair_00000326,eval,5,"MW,QED,TPSA,HBD,RB",N[C@@H](C(=O)N[C@@H]1C(=O)N2C(C(=O)O)=C(C(F)(F)F)CC[C@H]12)c1ccc(O)cc1,CSC1=C(C(=O)O)N2C(=O)[C@@H](NC(=O)[C@H](N)c3ccccc3)[C@H]2CC1,N[C@@H](C(=O)N[C@@H]1C(=O)N2C(C(=O)O)=C(C(F)(F)F)CC[C@H]12)c1ccc(O)cc1,O=C(Cc1ccccc1)N[C@@H]1C(=O)N2C=CCC[C@H]12,O=C(Cc1ccccc1)N[C@@H]1C(=O)N2C=CCC[C@H]12,True,False,False,source_identity,1.0,0.5873015873015873,361.42300000000006,399.3250000000001,37.902000000000044,False,,,,,0.6699274889764619,0.5533729404309352,0.11655454854552671,False,112.73,132.96,20.230000000000004,False,3.0,4.0,1.0,True,,,,,5.0,4.0,1.0,True
edit_latent_scaffold_source_rerank,mpair_00000334_cond_00_5p,mpair_00000334,eval,5,"MW,QED,TPSA,HBD,RB",CSC1=C(C(=O)O)N2C(=O)[C@@H](NC(=O)[C@H](N)c3ccccc3)[C@H]2CC1,N[C@@H](C(=O)N[C@@H]1C(=O)N2C(C(=O)O)=C(C(F)(F)F)CC[C@H]12)c1ccc(O)cc1,CSC1=C(C(=O)O)N2C(=O)[C@@H](NC(=O)[C@H](N)c3ccccc3)[C@H]2CC1,O=C(Cc1ccccc1)N[C@@H]1C(=O)N2C=CCC[C@H]12,O=C(Cc1ccccc1)N[C@@H]1C(=O)N2C=CCC[C@H]12,True,False,False,source_identity,1.0,0.5873015873015873,399.3250000000001,361.42300000000006,37.902000000000044,False,,,,,0.5533729404309352,0.6699274889764619,0.11655454854552671,False,132.96,112.73,20.230000000000004,False,4.0,3.0,1.0,True,,,,,4.0,5.0,1.0,True
edit_latent_scaffold_source_rerank,mpair_00000585_cond_00_5p,mpair_00000585,eval,5,"LogP,QED,TPSA,HBD,HBA",Cc1ccc(CCCC[C@@H]2N[C@@H](CO)[C@H](O)[C@H]2O)cc1,OC[C@@H]1N[C@@H](CCCCc2ccc(O)cc2)[C@H](O)[C@H]1O,Cc1ccc(CCCC[C@@H]2N[C@@H](CO)[C@H](O)[C@H]2O)cc1,c1ccc(CCCC[C@H]2CCCN2)cc1,c1ccc(CCCC[C@H]2CCCN2)cc1,True,False,False,source_identity,1.0,0.7567567567567568,,,,,0.15949999999999964,0.7623199999999992,0.6028199999999996,True,0.47902706341404183,0.5802758268226561,0.10124876340861427,False,92.95,72.72,20.230000000000004,False,5.0,4.0,1.0,True,5.0,4.0,1.0,True,,,,
edit_latent_scaffold_source_rerank,mpair_00000733_cond_01_5p,mpair_00000733,eval,5,"MW,LogP,QED,HBD,RB",C=CCc1cc(/C=C2\SC(=O)N(CCCC)C2=O)c(OC)cc1OC1CCCCO1,C=CCc1cc(/C=C2\SC(=O)NC2=O)c(OC)cc1OC1CCCCO1,C=CCc1cc(/C=C2\SC(=O)N(CCCC)C2=O)c(OC)cc1OC1CCCCO1,O=C1NC(=O)/C(=C/c2ccc(OC3CCCCO3)cc2)S1,O=C1NC(=O)/C(=C/c2ccc(OC3CCCCO3)cc2)S1,True,False,False,source_identity,1.0,0.6571428571428571,375.4460000000002,431.55400000000026,56.10800000000006,False,3.6530000000000022,5.165500000000004,1.512500000000002,False,0.6042673504148035,0.39718598618589046,0.20708136422891305,False,,,,,1.0,0.0,1.0,True,,,,,6.0,9.0,3.0,False
edit_latent_scaffold_source_rerank,mpair_00002468_cond_01_5p,mpair_00002468,eval,5,"MW,LogP,QED,HBA,RB",CN(C)CCCOc1cc(C(=O)Nc2cc(F)cc(C(F)(F)F)c2)n(Cc2ccccc2)n1,COc1ccc(NC(=O)c2cc(OCCCN(C)C)nn2Cc2ccccc2)cc1,CN(C)CCCOc1cc(C(=O)Nc2cc(F)cc(C(F)(F)F)c2)n(Cc2ccccc2)n1,O=C(Nc1ccccc1)c1ccnn1Cc1ccccc1,O=C(Nc1ccccc1)c1ccnn1Cc1ccccc1,True,False,False,source_identity,1.0,0.6764705882352942,408.50200000000007,464.4630000000001,55.96100000000001,False,3.522800000000002,4.672100000000003,1.149300000000001,False,0.5200250404910086,0.369385517709234,0.15063952278177462,False,,,,,,,,,6.0,5.0,1.0,True,10.0,9.0,1.0,True
edit_latent_scaffold_source_rerank,mpair_00002508_cond_01_5p,mpair_00002508,eval,5,"LogP,QED,TPSA,HBD,RB",CSc1cc(-c2ccc(Br)cc2)oc(=O)c1C#N,CSc1cc(-c2ccc(Cl)cc2)oc(=O)c1C(N)=O,CSc1cc(-c2ccc(F)cc2)oc(=O)c1,O=c1cccc(-c2ccccc2)o1,O=c1cccc(-c2ccccc2)o1,True,False,False,,0.3469387755102041,0.34,,,,,2.7810000000000006,3.1678000000000024,0.3868000000000018,True,0.8837306867126842,0.7501191134076561,0.13361157330502804,False,73.30000000000001,30.21,43.09000000000001,False,1.0,0.0,1.0,True,,,,,3.0,2.0,1.0,True
edit_latent_scaffold_source_rerank,mpair_00002525_cond_02_5p,mpair_00002525,eval,5,"LogP,QED,TPSA,HBD,RB",CSc1cc(-c2ccc(Cl)cc2)oc(=O)c1C(N)=O,CSc1cc(-c2ccc(Br)cc2)oc(=O)c1C#N,CSc1cc(-c2ccc(F)cc2)oc(=O)c1,O=c1cccc(-c2ccccc2)o1,O=c1cccc(-c2ccccc2)o1,True,False,False,,0.34,0.3469387755102041,,,,,3.662880000000002,3.1678000000000024,0.49507999999999974,True,0.791886779601309,0.7501191134076561,0.04176766619365291,True,54.0,30.21,23.79,False,0.0,0.0,0.0,True,,,,,2.0,2.0,0.0,True
edit_latent_scaffold_source_rerank,mpair_00002565_cond_02_5p,mpair_00002565,eval,5,"MW,LogP,QED,HBA,RB",CSc1nc(-c2ccc(OC(F)(F)F)cc2)nn1C(=O)N(C)c1ccccc1,CSc1nc(-c2ccc(C)cc2)nn1C(=O)N(C)c1ccccc1,CSc1nc(-c2ccc(OC(F)(F)F)cc2)nn1C(=O)N(C)c1ccccc1,O=C(Nc1ccccc1)n1cnc(-c2ccccc2)n1,O=C(Nc1ccccc1)n1cnc(-c2ccccc2)n1,True,False,False,source_identity,1.0,0.7169811320754716,338.43600000000004,408.4050000000001,69.96900000000005,False,4.079920000000002,4.670100000000003,0.590180000000001,True,0.6753188675979567,0.5874043626188404,0.08791450497911624,True,,,,,,,,,5.0,6.0,1.0,True,3.0,4.0,1.0,True
edit_latent_scaffold_source_rerank,mpair_00002587_cond_00_5p,mpair_00002587,eval,5,"LogP,TPSA,HBD,HBA,RB",COc1cc(C(=O)N2CCN(C(=O)c3cc(OC)c(OC)c(OC)c3)C(CO)C2)cc(OC)c1OC,COc1cc(C(=O)N2CCN(C(=O)c3cc(OC)c(OC)c(OC)c3)CC2)cc(OC)c1OC,COc1cc(C(=O)N2CCN(C(=O)c3cc(OC)c(OC)c(OC)c3)C(CO)C2)cc(OC)c1OC,O=C(c1ccccc1)N1CCN(C(=O)c2ccccc2)CC1,O=C(c1ccccc1)N1CCN(C(=O)c2ccccc2)CC1,True,False,False,source_identity,1.0,0.6341463414634146,,,,,2.3364000000000003,1.6973000000000003,0.6391,True,,,,,96.00000000000001,116.23000000000002,20.230000000000004,False,0.0,1.0,1.0,True,8.0,9.0,1.0,True,8.0,9.0,1.0,True
edit_latent_scaffold_source_rerank,mpair_00002593_cond_02_5p,mpair_00002593,eval,5,"MW,LogP,QED,TPSA,HBA",COc1cc(C(=O)N2CCN(C(=O)c3cc(OC)c(OC)c(OC)c3)C(COC(=O)NCCC(C)C)C2)cc(OC)c1OC,COc1cc(C(=O)N2CCN(C(=O)c3cc(OC)c(OC)c(OC)c3)C(CO)C2)cc(OC)c1OC,COc1cc(C(=O)N2CCN(C(=O)c3cc(OC)c(OC)c(OC)c3)C(COC(=O)NCCC(C)C)C2)cc(OC)c1OC,O=C(c1ccccc1)N1CCN(C(=O)c2ccccc2)CC1,O=C(c1ccccc1)N1CCN(C(=O)c2ccccc2)CC1,True,False,False,source_identity,1.0,0.631578947368421,504.53600000000034,617.6960000000003,113.15999999999991,False,1.6973000000000003,3.4773000000000023,1.780000000000002,False,0.544633228323374,0.3561059094946873,0.18852731882868673,False,116.23000000000002,134.33,18.099999999999994,True,,,,,9.0,10.0,1.0,True,,,,
edit_latent_scaffold_source_rerank,mpair_00002630_cond_01_5p,mpair_00002630,eval,5,"LogP,QED,TPSA,HBD,HBA",CC(C)CC(=O)N1C[C@H](c2ccccc2)C[C@H]1C(=O)N[C@@H](CC(F)F)C(=O)NCCc1c(F)cc(C(=O)O)cc1F,CC(C)[C@@H](O)C(=O)N1C[C@H](c2ccccc2)C[C@H]1C(=O)N[C@@H](CC(F)F)C(=O)NCCc1c(F)cc(C(=O)O)cc1F,CC(C)CC(=O)N1C[C@H](c2ccccc2)C[C@H]1C(=O)N[C@@H](CC(F)F)C(=O)NCCc1c(F)cc(C(=O)O)cc1F,O=C(CNC(=O)[C@@H]1C[C@@H](c2ccccc2)CN1)NCCc1ccccc1,O=C(CNC(=O)[C@@H]1C[C@@H](c2ccccc2)CN1)NCCc1ccccc1,True,False,False,source_identity,1.0,0.7916666666666666,,,,,2.8633000000000006,3.892500000000002,1.0292000000000012,False,0.2789053789646464,0.3302613314122171,0.051355952447570685,True,136.04,115.81000000000002,20.229999999999976,False,4.0,3.0,1.0,True,5.0,4.0,1.0,True,,,,
edit_latent_scaffold_source_rerank,mpair_00003211_cond_00_5p,mpair_00003211,eval,5,"MW,LogP,HBD,HBA,RB",CC[C@H]1OC(=O)[C@H](C)[C@@H](OC(C)=O)[C@H](C)[C@@H](OC2O[C@H](C)C[C@H](N(C)C)C2O)[C@@](C)(OC)C[C@@H](C)C(=O)[C@H](C)[C@@H](O)[C@]1(C)O,CC[C@H]1OC(=O)[C@H](C)[C@@H](O)[C@H](C)[C@@H](OC2O[C@H](C)C[C@H](N(C)C)C2O)[C@@](C)(OC)C[C@@H](C)C(=O)[C@H](C)[C@@H](O)[C@]1(C)O,CC[C@H]1OC(=O)[C@H](C)[C@@H](OC(C)=O)[C@H](C)[C@@H](OC2O[C@H](C)C[C@H](N(C)C)C2O)[C@@](C)(OC)C[C@@H](C)C(=O)[C@H](C)[C@@H](O)[C@]1(C)O,O=C1CCCCOC(=O)CCC[C@@H](OC2CCCCO2)CCC1,O=C1CCCCOC(=O)CCC[C@@H](OC2CCCCO2)CCC1,True,False,False,source_identity,1.0,0.821917808219178,589.7670000000004,631.8040000000003,42.03699999999992,False,1.5145000000000022,2.0853000000000033,0.5708000000000011,True,,,,,,,,,4.0,3.0,1.0,True,11.0,12.0,1.0,True,5.0,6.0,1.0,True
edit_latent_scaffold_source_rerank,mpair_00003537_cond_02_5p,mpair_00003537,eval,5,"MW,LogP,QED,TPSA,HBA",CC(C)COc1cccc(N(Cc2cccnc2)S(=O)(=O)CC(F)(F)F)c1,CCOC(=O)C(C)Oc1cccc(N(Cc2cccnc2)S(=O)(=O)CC(F)(F)F)c1,CC(C)COc1cccc(N(Cc2cccnc2)S(=O)(=O)CC(F)(F)F)c1,c1ccc(NCc2cccnc2)cc1,c1ccc(NCc2cccnc2)cc1,True,False,False,source_identity,1.0,0.6984126984126984,446.4470000000001,402.43800000000005,44.00900000000007,False,3.3107000000000024,4.015100000000003,0.7044000000000006,True,0.5496815697636838,0.6693605971809802,0.11967902741729641,False,85.80000000000001,59.5,26.30000000000001,False,,,,,6.0,4.0,2.0,False,,,,
edit_latent_scaffold_source_rerank,mpair_00000754_cond_01_6p,mpair_00000754,eval,6,"MW,LogP,QED,TPSA,HBA,RB",COC(=O)C[C@@H]1CC(=O)N2[C@H](Cc3c[nH]c4ccccc34)CO[C@@H]2C1,CC[C@H]1CCC(=O)N2[C@H](Cc3c[nH]c4ccccc34)CO[C@H]12,COC(=O)C[C@@H]1CC(=O)N2[C@H](Cc3c[nH]c4ccccc34)CO[C@@H]2C1,O=C1CCC[C@H]2OC[C@@H](Cc3c[nH]c4ccccc34)N12,O=C1CCC[C@H]2OC[C@@H](Cc3c[nH]c4ccccc34)N12,True,False,False,source_identity,1.0,0.5072463768115942,298.3860000000001,342.39500000000015,44.00900000000007,False,3.0839000000000016,2.236999999999999,0.8469000000000024,True,0.9461815070706311,0.8651865286551231,0.08099497841550796,True,45.33,71.63000000000001,26.30000000000001,False,,,,,2.0,4.0,2.0,False,3.0,4.0,1.0,True
edit_latent_scaffold_source_rerank,mpair_00002554_cond_00_6p,mpair_00002554,eval,6,"MW,QED,TPSA,HBD,HBA,RB",CSc1cc(-c2ccc(Cl)cc2)oc(=O)c1C(N)=O,CSc1cc(-c2ccc(Cl)cc2)oc(=O)c1,CSc1cc(-c2ccc(F)cc2)oc(=O)c1,O=c1cccc(-c2ccccc2)o1,O=c1cccc(-c2ccccc2)o1,True,True,True,,0.34,0.7142857142857143,252.72199999999998,236.26699999999997,16.455000000000013,True,,,,,0.7640571553591999,0.7501191134076561,0.0139380419515438,True,30.21,30.21,0.0,True,0.0,0.0,0.0,True,3.0,3.0,0.0,True,2.0,2.0,0.0,True
edit_latent_scaffold_source_rerank,mpair_00002581_cond_02_6p,mpair_00002581,eval,6,"MW,LogP,QED,TPSA,HBA,RB",COc1cc(C(=O)N2CCN(C(=O)c3cc(OC)c(OC)c(OC)c3)C(COC(=O)CC(C)(C)C)C2)cc(OC)c1OC,COc1cc(C(=O)N2CCN(C(=O)c3cc(OC)c(OC)c(OC)c3)CC2)cc(OC)c1OC,COc1cc(C(=O)N2CCN(C(=O)c3cc(OC)c(OC)c(OC)c3)C(COC(=O)CC(C)(C)C)C2)cc(OC)c1OC,O=C(c1ccccc1)N1CCN(C(=O)c2ccccc2)CC1,O=C(c1ccccc1)N1CCN(C(=O)c2ccccc2)CC1,True,False,False,source_identity,1.0,0.52,474.51000000000033,602.6810000000004,128.17100000000005,False,2.3364000000000003,3.684400000000003,1.3480000000000025,False,0.5754127815390553,0.3521539372279048,0.2232588443111505,False,96.00000000000001,122.30000000000001,26.299999999999997,False,,,,,8.0,10.0,2.0,False,8.0,11.0,3.0,False
edit_latent_scaffold_source_rerank,mpair_00002606_cond_02_6p,mpair_00002606,eval,6,"MW,QED,TPSA,HBD,HBA,RB",COc1ccc(C(=O)Nc2c(Cl)cncc2Cl)c2cccnc12,COc1ccc(C(=O)Nc2c(Cl)cncc2Cl)c2ccc(C(C)O)nc12,COc1ccc(C(=O)Nc2c(Cl)cncc2Cl)c2cccnc12,O=C(Nc1ccncc1)c1cccc2ncccc12,O=C(Nc1ccncc1)c1cccc2ncccc12,True,False,False,source_identity,1.0,0.6428571428571429,392.24200000000013,348.1890000000001,44.053000000000054,False,,,,,0.6936033323496321,0.7706046174674384,0.07700128511780624,True,84.34,64.11,20.230000000000004,False,2.0,1.0,1.0,True,5.0,4.0,1.0,True,4.0,3.0,1.0,True
edit_latent_scaffold_source_rerank,mpair_00003213_cond_02_6p,mpair_00003213,eval,6,"MW,QED,TPSA,HBD,HBA,RB",CC(C)NC(=O)c1ccc2c(Nc3ccc(Cl)cc3)nc(N3CCOCC3)nc2c1,Clc1ccc(Nc2nc(N3CCOCC3)nc3ccccc23)cc1,CC(C)NC(=O)c1ccc2c(Nc3ccc(Cl)cc3)nc(N3CCOCC3)nc2c1,c1ccc(Nc2nc(N3CCOCC3)nc3ccccc23)cc1,c1ccc(Nc2nc(N3CCOCC3)nc3ccccc23)cc1,True,False,False,source_identity,1.0,0.6,340.81399999999996,425.92000000000024,85.10600000000028,False,,,,,0.784150666451108,0.6427710577069246,0.14137960874418343,False,50.28,79.38000000000001,29.10000000000001,False,1.0,2.0,1.0,True,5.0,6.0,1.0,True,3.0,5.0,2.0,False
edit_latent_scaffold_source_rerank,mpair_00002511_cond_00_7p,mpair_00002511,eval,7,"MW,LogP,QED,TPSA,HBD,HBA,RB",CSc1cc(-c2ccc(Br)cc2)oc(=O)c1Br,CSc1cc(-c2ccc(Cl)cc2)oc(=O)c1C(N)=O,CSc1cc(-c2ccc(F)cc2)oc(=O)c1,O=c1cccc(-c2ccccc2)o1,O=c1cccc(-c2ccccc2)o1,True,False,False,,0.38636363636363635,0.34,295.747,236.26699999999997,59.48000000000005,False,2.7810000000000006,3.1678000000000024,0.3868000000000018,True,0.8837306867126842,0.7501191134076561,0.13361157330502804,False,73.30000000000001,30.21,43.09000000000001,False,1.0,0.0,1.0,True,4.0,3.0,1.0,True,3.0,2.0,1.0,True
edit_latent_scaffold_source_rerank,mpair_00002551_cond_00_7p,mpair_00002551,eval,7,"MW,LogP,QED,TPSA,HBD,HBA,RB",CSc1cc(-c2ccc(Cl)cc2)oc(=O)c1C(N)=O,CSc1cc(-c2ccc(Br)cc2)oc(=O)c1Cl,CSc1cc(-c2ccc(F)cc2)oc(=O)c1,O=c1cccc(-c2ccccc2)o1,O=c1cccc(-c2ccccc2)o1,True,False,False,,0.34,0.3695652173913043,331.61800000000005,236.26699999999997,95.35100000000008,False,4.444600000000002,3.1678000000000024,1.2767999999999997,False,0.7618841288913727,0.7501191134076561,0.011765015483716557,True,30.21,30.21,0.0,True,0.0,0.0,0.0,True,3.0,3.0,0.0,True,2.0,2.0,0.0,True
target_oracle,mpair_00000002_cond_00_2p,mpair_00000002,eval,2,"LogP,QED",O=C(c1cccc(Cl)c1)N1C[C@H](CN2CCC(c3ccccc3)CC2)[C@@H](c2ccccc2)C1,O=C(c1ccccc1F)N1C[C@H](CN2CCC(c3ccccc3)CC2)[C@@H](c2ccccc2)C1,O=C(c1ccccc1F)N1C[C@H](CN2CCC(c3ccccc3)CC2)[C@@H](c2ccccc2)C1,O=C(c1ccccc1)N1C[C@H](CN2CCC(c3ccccc3)CC2)[C@@H](c2ccccc2)C1,O=C(c1ccccc1)N1C[C@H](CN2CCC(c3ccccc3)CC2)[C@@H](c2ccccc2)C1,True,True,True,,0.6379310344827587,1.0,,,,,5.561100000000006,5.561100000000006,0.0,True,0.5164092889512721,0.5164092889512721,0.0,True,,,,,,,,,,,,,,,,
target_oracle,mpair_00000004_cond_00_2p,mpair_00000004,eval,2,"LogP,RB",O=C(c1ccccc1Br)N1C[C@H](CN2CCC(c3ccccc3)CC2)[C@@H](c2ccccc2)C1,COc1cccc(C(=O)N2C[C@H](CN3CCC(c4ccccc4)CC3)[C@@H](c3ccccc3)C2)c1,COc1cccc(C(=O)N2C[C@H](CN3CCC(c4ccccc4)CC3)[C@@H](c3ccccc3)C2)c1,O=C(c1ccccc1)N1C[C@H](CN2CCC(c3ccccc3)CC2)[C@@H](c2ccccc2)C1,O=C(c1ccccc1)N1C[C@H](CN2CCC(c3ccccc3)CC2)[C@@H](c2ccccc2)C1,True,True,True,,0.6065573770491803,1.0,,,,,5.430600000000005,5.430600000000005,0.0,True,,,,,,,,,,,,,,,,,6.0,6.0,0.0,True
target_oracle,mpair_00000007_cond_00_2p,mpair_00000007,eval,2,"LogP,QED",O=C(c1ccccc1F)N1C[C@H](CN2CCC(c3ccccc3)CC2)[C@@H](c2ccccc2)C1,O=C(c1cccc(Cl)c1)N1C[C@H](CN2CCC(c3ccccc3)CC2)[C@@H](c2ccccc2)C1,O=C(c1cccc(Cl)c1)N1C[C@H](CN2CCC(c3ccccc3)CC2)[C@@H](c2ccccc2)C1,O=C(c1ccccc1)N1C[C@H](CN2CCC(c3ccccc3)CC2)[C@@H](c2ccccc2)C1,O=C(c1ccccc1)N1C[C@H](CN2CCC(c3ccccc3)CC2)[C@@H](c2ccccc2)C1,True,True,True,,0.6379310344827587,1.0,,,,,6.075400000000006,6.075400000000006,0.0,True,0.4625029539066648,0.4625029539066648,0.0,True,,,,,,,,,,,,,,,,
target_oracle,mpair_00000009_cond_01_2p,mpair_00000009,eval,2,"LogP,RB",COc1cccc(C(=O)N2C[C@H](CN3CCC(c4ccccc4)CC3)[C@@H](c3ccccc3)C2)c1,O=C(c1cccc(Cl)c1)N1C[C@H](CN2CCC(c3ccccc3)CC2)[C@@H](c2ccccc2)C1,O=C(c1cccc(Cl)c1)N1C[C@H](CN2CCC(c3ccccc3)CC2)[C@@H](c2ccccc2)C1,O=C(c1ccccc1)N1C[C@H](CN2CCC(c3ccccc3)CC2)[C@@H](c2ccccc2)C1,O=C(c1ccccc1)N1C[C@H](CN2CCC(c3ccccc3)CC2)[C@@H](c2ccccc2)C1,True,True,True,,0.7413793103448276,1.0,,,,,6.075400000000006,6.075400000000006,0.0,True,,,,,,,,,,,,,,,,,5.0,5.0,0.0,True
target_oracle,mpair_00000012_cond_02_2p,mpair_00000012,eval,2,"LogP,QED",O=C(c1ccccc1F)N1C[C@H](CN2CCC(c3ccccc3)CC2)[C@@H](c2ccccc2)C1,O=C(c1ccccc1Br)N1C[C@H](CN2CCC(c3ccccc3)CC2)[C@@H](c2ccccc2)C1,O=C(c1ccccc1Br)N1C[C@H](CN2CCC(c3ccccc3)CC2)[C@@H](c2ccccc2)C1,O=C(c1ccccc1)N1C[C@H](CN2CCC(c3ccccc3)CC2)[C@@H](c2ccccc2)C1,O=C(c1ccccc1)N1C[C@H](CN2CCC(c3ccccc3)CC2)[C@@H](c2ccccc2)C1,True,True,True,,0.7692307692307693,1.0,,,,,6.184500000000006,6.184500000000006,0.0,True,0.41502650656849366,0.41502650656849366,0.0,True,,,,,,,,,,,,,,,,
target_oracle,mpair_00000021_cond_00_2p,mpair_00000021,eval,2,"MW,TPSA",N#Cc1ccc(COC[C@H]2C3CC(c4ccc(F)cc4)(CO3)[C@@H]2C/C=C/CCCC(=O)O)cc1,O=C(O)CCC/C=C/C[C@@H]1[C@@H](COCc2ccccc2)C2CC1(c1ccccc1)CO2,O=C(O)CCC/C=C/C[C@@H]1[C@@H](COCc2ccccc2)C2CC1(c1ccccc1)CO2,c1ccc(COC[C@@H]2CC3(c4ccccc4)COC2C3)cc1,c1ccc(COC[C@@H]2CC3(c4ccccc4)COC2C3)cc1,True,True,True,,0.7391304347826086,1.0,420.5490000000002,420.5490000000002,0.0,True,,,,,,,,,55.760000000000005,55.760000000000005,0.0,True,,,,,,,,,,,,
target_oracle,mpair_00000325_cond_02_2p,mpair_00000325,eval,2,"MW,LogP",N[C@@H](C(=O)N[C@@H]1C(=O)N2C(C(=O)O)=C(C(F)(F)F)CC[C@H]12)c1ccc(F)cc1,N[C@@H](C(=O)N[C@@H]1C(=O)N2C(C(=O)O)=C(C(F)(F)F)CC[C@H]12)c1cccc(C(F)(F)F)c1,N[C@@H](C(=O)N[C@@H]1C(=O)N2C(C(=O)O)=C(C(F)(F)F)CC[C@H]12)c1cccc(C(F)(F)F)c1,O=C(Cc1ccccc1)N[C@@H]1C(=O)N2C=CCC[C@H]12,O=C(Cc1ccccc1)N[C@@H]1C(=O)N2C=CCC[C@H]12,True,True,True,,0.7377049180327869,1.0,451.3230000000001,451.3230000000001,0.0,True,2.0955999999999997,2.0955999999999997,0.0,True,,,,,,,,,,,,,,,,,,,,
target_oracle,mpair_00000336_cond_02_2p,mpair_00000336,eval,2,"MW,LogP",N[C@@H](C(=O)N[C@@H]1C(=O)N2C(C(=O)O)=C(C(F)(F)F)CC[C@H]12)c1cccc(Br)c1,N[C@@H](C(=O)N[C@@H]1C(=O)N2C(C(=O)O)=C(C(F)(F)F)CC[C@H]12)c1ccc(F)cc1,N[C@@H](C(=O)N[C@@H]1C(=O)N2C(C(=O)O)=C(C(F)(F)F)CC[C@H]12)c1ccc(F)cc1,O=C(Cc1ccccc1)N[C@@H]1C(=O)N2C=CCC[C@H]12,O=C(Cc1ccccc1)N[C@@H]1C(=O)N2C=CCC[C@H]12,True,True,True,,0.7377049180327869,1.0,401.3160000000001,401.3160000000001,0.0,True,1.2158999999999993,1.2158999999999993,0.0,True,,,,,,,,,,,,,,,,,,,,
target_oracle,mpair_00000339_cond_00_2p,mpair_00000339,eval,2,"HBD,HBA",N[C@@H](C(=O)N[C@@H]1C(=O)N2C(C(=O)O)=C(C(F)(F)F)CC[C@H]12)c1cccc(C(F)(F)F)c1,N[C@@H](C(=O)N[C@@H]1C(=O)N2C(C(=O)O)=C(C(F)(F)F)CC[C@H]12)c1ccc(O)cc1,N[C@@H](C(=O)N[C@@H]1C(=O)N2C(C(=O)O)=C(C(F)(F)F)CC[C@H]12)c1ccc(O)cc1,O=C(Cc1ccccc1)N[C@@H]1C(=O)N2C=CCC[C@H]12,O=C(Cc1ccccc1)N[C@@H]1C(=O)N2C=CCC[C@H]12,True,True,True,,0.7377049180327869,1.0,,,,,,,,,,,,,,,,,4.0,4.0,0.0,True,5.0,5.0,0.0,True,,,,
target_oracle,mpair_00000587_cond_02_2p,mpair_00000587,eval,2,"HBA,RB",Cc1ccc(CCCC[C@@H]2N[C@@H](CO)[C@H](O)[C@H]2O)cc1,COc1ccc(CCCC[C@@H]2N[C@@H](CO)[C@H](O)[C@H]2O)cc1,COc1ccc(CCCC[C@@H]2N[C@@H](CO)[C@H](O)[C@H]2O)cc1,c1ccc(CCCC[C@H]2CCCN2)cc1,c1ccc(CCCC[C@H]2CCCN2)cc1,True,True,True,,0.725,1.0,,,,,,,,,,,,,,,,,,,,,5.0,5.0,0.0,True,7.0,7.0,0.0,True
target_oracle,mpair_00000590_cond_01_2p,mpair_00000590,eval,2,"QED,RB",OC[C@@H]1N[C@@H](CCCCc2ccc(O)cc2)[C@H](O)[C@H]1O,COc1ccc(CCCC[C@@H]2N[C@@H](CO)[C@H](O)[C@H]2O)cc1,COc1ccc(CCCC[C@@H]2N[C@@H](CO)[C@H](O)[C@H]2O)cc1,c1ccc(CCCC[C@H]2CCCN2)cc1,c1ccc(CCCC[C@H]2CCCN2)cc1,True,True,True,,0.7,1.0,,,,,,,,,0.5496005244071775,0.5496005244071775,0.0,True,,,,,,,,,,,,,7.0,7.0,0.0,True
target_oracle,mpair_00000592_cond_01_2p,mpair_00000592,eval,2,"HBA,RB",COc1ccc(CCCC[C@@H]2N[C@@H](CO)[C@H](O)[C@H]2O)cc1,Cc1ccc(CCCC[C@@H]2N[C@@H](CO)[C@H](O)[C@H]2O)cc1,Cc1ccc(CCCC[C@@H]2N[C@@H](CO)[C@H](O)[C@H]2O)cc1,c1ccc(CCCC[C@H]2CCCN2)cc1,c1ccc(CCCC[C@H]2CCCN2)cc1,True,True,True,,0.725,1.0,,,,,,,,,,,,,,,,,,,,,4.0,4.0,0.0,True,6.0,6.0,0.0,True
target_oracle,mpair_00000594_cond_00_2p,mpair_00000594,eval,2,"HBA,RB",COc1ccc(CCCC[C@@H]2N[C@@H](CO)[C@H](O)[C@H]2O)cc1,OC[C@@H]1N[C@@H](CCCCc2cc(F)cc(F)c2)[C@H](O)[C@H]1O,OC[C@@H]1N[C@@H](CCCCc2cc(F)cc(F)c2)[C@H](O)[C@H]1O,c1ccc(CCCC[C@H]2CCCN2)cc1,c1ccc(CCCC[C@H]2CCCN2)cc1,True,True,True,,0.5681818181818182,1.0,,,,,,,,,,,,,,,,,,,,,4.0,4.0,0.0,True,6.0,6.0,0.0,True
target_oracle,mpair_00000596_cond_01_2p,mpair_00000596,eval,2,"HBA,RB",OC[C@@H]1N[C@@H](CCCCc2ccc(F)cc2)[C@H](O)[C@H]1O,COc1ccc(CCCC[C@@H]2N[C@@H](CO)[C@H](O)[C@H]2O)cc1,COc1ccc(CCCC[C@@H]2N[C@@H](CO)[C@H](O)[C@H]2O)cc1,c1ccc(CCCC[C@H]2CCCN2)cc1,c1ccc(CCCC[C@H]2CCCN2)cc1,True,True,True,,0.6829268292682927,1.0,,,,,,,,,,,,,,,,,,,,,5.0,5.0,0.0,True,7.0,7.0,0.0,True
target_oracle,mpair_00000724_cond_00_2p,mpair_00000724,eval,2,"MW,LogP",C=CCc1cc(/C=C2\SC(=O)N(CC=C(C)C)C2=O)c(OC)cc1OC1CCCCO1,C=CCc1cc(/C=C2\SC(=O)N(C)C2=O)c(OC)cc1OC1CCCCO1,C=CCc1cc(/C=C2\SC(=O)N(C)C2=O)c(OC)cc1OC1CCCCO1,O=C1NC(=O)/C(=C/c2ccc(OC3CCCCO3)cc2)S1,O=C1NC(=O)/C(=C/c2ccc(OC3CCCCO3)cc2)S1,True,True,True,,0.7761194029850746,1.0,389.4730000000002,389.4730000000002,0.0,True,3.9952000000000023,3.9952000000000023,0.0,True,,,,,,,,,,,,,,,,,,,,
target_oracle,mpair_00000727_cond_02_2p,mpair_00000727,eval,2,"QED,RB",C=CCc1cc(/C=C2\SC(=O)N(C(C)C)C2=O)c(OC)cc1OC1CCCCO1,C=CCc1cc(/C=C2\SC(=O)N(CCCC)C2=O)c(OC)cc1OC1CCCCO1,C=CCc1cc(/C=C2\SC(=O)N(CCCC)C2=O)c(OC)cc1OC1CCCCO1,O=C1NC(=O)/C(=C/c2ccc(OC3CCCCO3)cc2)S1,O=C1NC(=O)/C(=C/c2ccc(OC3CCCCO3)cc2)S1,True,True,True,,0.7285714285714285,1.0,,,,,,,,,0.39718598618589046,0.39718598618589046,0.0,True,,,,,,,,,,,,,9.0,9.0,0.0,True
target_oracle,mpair_00000730_cond_02_2p,mpair_00000730,eval,2,"MW,HBD",C=CCc1cc(/C=C2\SC(=O)NC2=O)c(OC)cc1OC1CCCCO1,C=CCc1cc(/C=C2\SC(=O)N(C(C)C)C2=O)c(OC)cc1OC1CCCCO1,C=CCc1cc(/C=C2\SC(=O)N(C(C)C)C2=O)c(OC)cc1OC1CCCCO1,O=C1NC(=O)/C(=C/c2ccc(OC3CCCCO3)cc2)S1,O=C1NC(=O)/C(=C/c2ccc(OC3CCCCO3)cc2)S1,True,True,True,,0.6865671641791045,1.0,417.52700000000027,417.52700000000027,0.0,True,,,,,,,,,,,,,0.0,0.0,0.0,True,,,,,,,,
target_oracle,mpair_00000732_cond_02_2p,mpair_00000732,eval,2,"LogP,QED",C=CCc1cc(/C=C2\SC(=O)N(CC=C)C2=O)c(OC)cc1OC1CCCCO1,C=CCc1cc(/C=C2\SC(=O)N(CC=C(C)C)C2=O)c(OC)cc1OC1CCCCO1,C=CCc1cc(/C=C2\SC(=O)N(CC=C(C)C)C2=O)c(OC)cc1OC1CCCCO1,O=C1NC(=O)/C(=C/c2ccc(OC3CCCCO3)cc2)S1,O=C1NC(=O)/C(=C/c2ccc(OC3CCCCO3)cc2)S1,True,True,True,,0.8615384615384616,1.0,,,,,5.331600000000005,5.331600000000005,0.0,True,0.3995752918375223,0.3995752918375223,0.0,True,,,,,,,,,,,,,,,,
target_oracle,mpair_00000736_cond_01_2p,mpair_00000736,eval,2,"QED,RB",C=CCc1cc(/C=C2\SC(=O)N(CCCC)C2=O)c(OC)cc1OC1CCCCO1,C=CCc1cc(/C=C2\SC(=O)N(C(C)C)C2=O)c(OC)cc1OC1CCCCO1,C=CCc1cc(/C=C2\SC(=O)N(C(C)C)C2=O)c(OC)cc1OC1CCCCO1,O=C1NC(=O)/C(=C/c2ccc(OC3CCCCO3)cc2)S1,O=C1NC(=O)/C(=C/c2ccc(OC3CCCCO3)cc2)S1,True,True,True,,0.7285714285714285,1.0,,,,,,,,,0.4701504427149941,0.4701504427149941,0.0,True,,,,,,,,,,,,,7.0,7.0,0.0,True
target_oracle,mpair_00000738_cond_00_2p,mpair_00000738,eval,2,"LogP,RB",C=CCc1cc(/C=C2\SC(=O)N(C(C)C)C2=O)c(OC)cc1OC1CCCCO1,C=CCc1cc(/C=C2\SC(=O)N(C)C2=O)c(OC)cc1OC1CCCCO1,C=CCc1cc(/C=C2\SC(=O)N(C)C2=O)c(OC)cc1OC1CCCCO1,O=C1NC(=O)/C(=C/c2ccc(OC3CCCCO3)cc2)S1,O=C1NC(=O)/C(=C/c2ccc(OC3CCCCO3)cc2)S1,True,True,True,,0.796875,1.0,,,,,3.9952000000000023,3.9952000000000023,0.0,True,,,,,,,,,,,,,,,,,6.0,6.0,0.0,True
target_oracle,mpair_00000741_cond_01_2p,mpair_00000741,eval,2,"QED,RB",C=CCc1cc(/C=C2\SC(=O)N(C)C2=O)c(OC)cc1OC1CCCCO1,C=CCc1cc(/C=C2\SC(=O)N(C(C)C)C2=O)c(OC)cc1OC1CCCCO1,C=CCc1cc(/C=C2\SC(=O)N(C(C)C)C2=O)c(OC)cc1OC1CCCCO1,O=C1NC(=O)/C(=C/c2ccc(OC3CCCCO3)cc2)S1,O=C1NC(=O)/C(=C/c2ccc(OC3CCCCO3)cc2)S1,True,True,True,,0.796875,1.0,,,,,,,,,0.4701504427149941,0.4701504427149941,0.0,True,,,,,,,,,,,,,7.0,7.0,0.0,True
target_oracle,mpair_00000744_cond_01_2p,mpair_00000744,eval,2,"LogP,RB",C=CCc1cc(/C=C2\SC(=O)N(CC=C(C)C)C2=O)c(OC)cc1OC1CCCCO1,C=CCc1cc(/C=C2\SC(=O)N(C(C)C)C2=O)c(OC)cc1OC1CCCCO1,C=CCc1cc(/C=C2\SC(=O)N(C(C)C)C2=O)c(OC)cc1OC1CCCCO1,O=C1NC(=O)/C(=C/c2ccc(OC3CCCCO3)cc2)S1,O=C1NC(=O)/C(=C/c2ccc(OC3CCCCO3)cc2)S1,True,True,True,,0.7183098591549296,1.0,,,,,4.773800000000004,4.773800000000004,0.0,True,,,,,,,,,,,,,,,,,7.0,7.0,0.0,True
target_oracle,mpair_00000746_cond_02_2p,mpair_00000746,eval,2,"QED,RB",C=CCc1cc(/C=C2\SC(=O)N(CC=C)C2=O)c(OC)cc1OC1CCCCO1,C=CCc1cc(/C=C2\SC(=O)N(CCCC)C2=O)c(OC)cc1OC1CCCCO1,C=CCc1cc(/C=C2\SC(=O)N(CCCC)C2=O)c(OC)cc1OC1CCCCO1,O=C1NC(=O)/C(=C/c2ccc(OC3CCCCO3)cc2)S1,O=C1NC(=O)/C(=C/c2ccc(OC3CCCCO3)cc2)S1,True,True,True,,0.8181818181818182,1.0,,,,,,,,,0.39718598618589046,0.39718598618589046,0.0,True,,,,,,,,,,,,,9.0,9.0,0.0,True
target_oracle,mpair_00000752_cond_00_2p,mpair_00000752,eval,2,"LogP,RB",CC[C@H]1CCC(=O)N2[C@H](Cc3c[nH]c4ccccc34)CO[C@H]12,COC(=O)C[C@@H]1CC(=O)N2[C@H](Cc3c[nH]c4ccccc34)CO[C@@H]2C1,COC(=O)C[C@@H]1CC(=O)N2[C@H](Cc3c[nH]c4ccccc34)CO[C@@H]2C1,O=C1CCC[C@H]2OC[C@@H](Cc3c[nH]c4ccccc34)N12,O=C1CCC[C@H]2OC[C@@H](Cc3c[nH]c4ccccc34)N12,True,True,True,,0.5072463768115942,1.0,,,,,2.236999999999999,2.236999999999999,0.0,True,,,,,,,,,,,,,,,,,4.0,4.0,0.0,True
target_oracle,mpair_00000755_cond_01_2p,mpair_00000755,eval,2,"LogP,RB",CC[C@H]1CCC(=O)N2[C@H](Cc3c[nH]c4ccccc34)CO[C@H]12,O=C1CCC[C@H]2OC[C@@H](Cc3c[nH]c4ccccc34)N12,O=C1CCC[C@H]2OC[C@@H](Cc3c[nH]c4ccccc34)N12,O=C1CCC[C@H]2OC[C@@H](Cc3c[nH]c4ccccc34)N12,O=C1CCC[C@H]2OC[C@@H](Cc3c[nH]c4ccccc34)N12,True,True,True,,0.6607142857142857,1.0,,,,,2.447800000000001,2.447800000000001,0.0,True,,,,,,,,,,,,,,,,,2.0,2.0,0.0,True
target_oracle,mpair_00000757_cond_00_2p,mpair_00000757,eval,2,"LogP,HBA",COc1cccc(-c2cncc(O[C@@H]3CCNC3)c2)c1,Clc1cccc(-c2cncc(O[C@@H]3CCNC3)c2)c1,Clc1cccc(-c2cncc(O[C@@H]3CCNC3)c2)c1,c1ccc(-c2cncc(O[C@@H]3CCNC3)c2)cc1,c1ccc(-c2cncc(O[C@@H]3CCNC3)c2)cc1,True,True,True,,0.7446808510638298,1.0,,,,,3.1427000000000014,3.1427000000000014,0.0,True,,,,,,,,,,,,,3.0,3.0,0.0,True,,,,
target_oracle,mpair_00000759_cond_01_2p,mpair_00000759,eval,2,"MW,LogP",c1ccc(-c2cncc(O[C@@H]3CCNC3)c2)cc1,Clc1cccc(-c2cc(O[C@@H]3CCNC3)cnc2Cl)c1,Clc1cccc(-c2cc(O[C@@H]3CCNC3)cnc2Cl)c1,c1ccc(-c2cncc(O[C@@H]3CCNC3)c2)cc1,c1ccc(-c2cncc(O[C@@H]3CCNC3)c2)cc1,True,True,True,,0.5192307692307693,1.0,309.196,309.196,0.0,True,3.796100000000002,3.796100000000002,0.0,True,,,,,,,,,,,,,,,,,,,,
target_oracle,mpair_00000761_cond_00_2p,mpair_00000761,eval,2,"HBA,RB",c1ccc(-c2cncc(O[C@@H]3CCNC3)c2)cc1,COc1cccc(-c2cncc(O[C@@H]3CCNC3)c2)c1,COc1cccc(-c2cncc(O[C@@H]3CCNC3)c2)c1,c1ccc(-c2cncc(O[C@@H]3CCNC3)c2)cc1,c1ccc(-c2cncc(O[C@@H]3CCNC3)c2)cc1,True,True,True,,0.75,1.0,,,,,,,,,,,,,,,,,,,,,4.0,4.0,0.0,True,4.0,4.0,0.0,True
target_oracle,mpair_00000763_cond_02_2p,mpair_00000763,eval,2,"HBA,RB",COc1cccc(-c2cncc(O[C@@H]3CCNC3)c2)c1,c1ccc(-c2cncc(O[C@@H]3CCNC3)c2)cc1,c1ccc(-c2cncc(O[C@@H]3CCNC3)c2)cc1,c1ccc(-c2cncc(O[C@@H]3CCNC3)c2)cc1,c1ccc(-c2cncc(O[C@@H]3CCNC3)c2)cc1,True,True,True,,0.75,1.0,,,,,,,,,,,,,,,,,,,,,3.0,3.0,0.0,True,3.0,3.0,0.0,True
target_oracle,mpair_00001114_cond_00_2p,mpair_00001114,eval,2,"QED,HBD",COc1ccc(N2CCN(CCC3NC(=O)c4ccccc43)CC2)cc1,COc1ccc(N2CCN(CCC3c4ccccc4C(=O)N3C)CC2)cc1,COc1ccc(N2CCN(CCC3c4ccccc4C(=O)N3C)CC2)cc1,O=C1NC(CCN2CCN(c3ccccc3)CC2)c2ccccc21,O=C1NC(CCN2CCN(c3ccccc3)CC2)c2ccccc21,True,True,True,,0.6545454545454545,1.0,,,,,,,,,0.8160326048332845,0.8160326048332845,0.0,True,,,,,0.0,0.0,0.0,True,,,,,,,,
target_oracle,mpair_00001116_cond_01_2p,mpair_00001116,eval,2,"HBA,RB",COc1ccc(N2CCN(CCC3NC(=O)c4ccccc43)CC2)cc1,O=C1NC(CCN2CCN(c3ccccc3)CC2)c2ccccc21,O=C1NC(CCN2CCN(c3ccccc3)CC2)c2ccccc21,O=C1NC(CCN2CCN(c3ccccc3)CC2)c2ccccc21,O=C1NC(CCN2CCN(c3ccccc3)CC2)c2ccccc21,True,True,True,,0.7708333333333334,1.0,,,,,,,,,,,,,,,,,,,,,3.0,3.0,0.0,True,4.0,4.0,0.0,True
target_oracle,mpair_00001119_cond_02_2p,mpair_00001119,eval,2,"HBA,RB",O=C1NC(CCN2CCN(c3ccccc3)CC2)c2ccccc21,COc1ccc(N2CCN(CCC3NC(=O)c4ccccc43)CC2)cc1,COc1ccc(N2CCN(CCC3NC(=O)c4ccccc43)CC2)cc1,O=C1NC(CCN2CCN(c3ccccc3)CC2)c2ccccc21,O=C1NC(CCN2CCN(c3ccccc3)CC2)c2ccccc21,True,True,True,,0.7708333333333334,1.0,,,,,,,,,,,,,,,,,,,,,4.0,4.0,0.0,True,5.0,5.0,0.0,True
target_oracle,mpair_00001121_cond_01_2p,mpair_00001121,eval,2,"MW,LogP",O=C1NC(CCN2CCN(c3ccccc3)CC2)c2ccccc21,CN1C(=O)c2ccccc2C1CCN1CCN(c2ccc(Cl)cc2)CC1,CN1C(=O)c2ccccc2C1CCN1CCN(c2ccc(Cl)cc2)CC1,O=C1NC(CCN2CCN(c3ccccc3)CC2)c2ccccc21,O=C1NC(CCN2CCN(c3ccccc3)CC2)c2ccccc21,True,True,True,,0.4909090909090909,1.0,369.8960000000001,369.8960000000001,0.0,True,3.679000000000003,3.679000000000003,0.0,True,,,,,,,,,,,,,,,,,,,,
target_oracle,mpair_00001123_cond_02_2p,mpair_00001123,eval,2,"MW,HBD",O=C1NC(CCN2CCN(c3ccccc3)CC2)c2ccccc21,COc1ccc(N2CCN(CCC3c4ccccc4C(=O)N3C)CC2)cc1,COc1ccc(N2CCN(CCC3c4ccccc4C(=O)N3C)CC2)cc1,O=C1NC(CCN2CCN(c3ccccc3)CC2)c2ccccc21,O=C1NC(CCN2CCN(c3ccccc3)CC2)c2ccccc21,True,True,True,,0.47368421052631576,1.0,365.47700000000015,365.47700000000015,0.0,True,,,,,,,,,,,,,0.0,0.0,0.0,True,,,,,,,,
target_oracle,mpair_00001126_cond_01_2p,mpair_00001126,eval,2,"LogP,HBA",Cc1ccc(N2CCN(CCC3NC(=O)c4ccccc43)CC2)cc1C,COc1ccc(N2CCN(CCC3NC(=O)c4ccccc43)CC2)cc1,COc1ccc(N2CCN(CCC3NC(=O)c4ccccc43)CC2)cc1,O=C1NC(CCN2CCN(c3ccccc3)CC2)c2ccccc21,O=C1NC(CCN2CCN(c3ccccc3)CC2)c2ccccc21,True,True,True,,0.7037037037037037,1.0,,,,,2.692000000000001,2.692000000000001,0.0,True,,,,,,,,,,,,,4.0,4.0,0.0,True,,,,
target_oracle,mpair_00001129_cond_01_2p,mpair_00001129,eval,2,"QED,HBD",Cc1ccc(N2CCN(CCC3NC(=O)c4ccccc43)CC2)cc1C,CN1C(=O)c2ccccc2C1CCN1CCN(c2ccc(Cl)cc2)CC1,CN1C(=O)c2ccccc2C1CCN1CCN(c2ccc(Cl)cc2)CC1,O=C1NC(CCN2CCN(c3ccccc3)CC2)c2ccccc21,O=C1NC(CCN2CCN(c3ccccc3)CC2)c2ccccc21,True,True,True,,0.45901639344262296,1.0,,,,,,,,,0.8221231339252668,0.8221231339252668,0.0,True,,,,,0.0,0.0,0.0,True,,,,,,,,
target_oracle,mpair_00001131_cond_00_2p,mpair_00001131,eval,2,"QED,HBA",COc1ccc(N2CCN(CCC3c4ccccc4C(=O)N3C)CC2)cc1,Cc1ccc(N2CCN(CCC3NC(=O)c4ccccc43)CC2)cc1C,Cc1ccc(N2CCN(CCC3NC(=O)c4ccccc43)CC2)cc1C,O=C1NC(CCN2CCN(c3ccccc3)CC2)c2ccccc21,O=C1NC(CCN2CCN(c3ccccc3)CC2)c2ccccc21,True,True,True,,0.4444444444444444,1.0,,,,,,,,,0.9198864151307602,0.9198864151307602,0.0,True,,,,,,,,,3.0,3.0,0.0,True,,,,
target_oracle,mpair_00001135_cond_00_2p,mpair_00001135,eval,2,"LogP,QED",Fc1ccc(N2CCN(c3nc4ccsc4n4cccc34)CC2)cc1,FC(F)(F)c1cccc(N2CCN(c3nc4ccsc4n4cccc34)CC2)c1,FC(F)(F)c1cccc(N2CCN(c3nc4ccsc4n4cccc34)CC2)c1,c1ccc(N2CCN(c3nc4ccsc4n4cccc34)CC2)cc1,c1ccc(N2CCN(c3nc4ccsc4n4cccc34)CC2)cc1,True,True,True,,0.6666666666666666,1.0,,,,,4.894400000000004,4.894400000000004,0.0,True,0.47685586942313013,0.47685586942313013,0.0,True,,,,,,,,,,,,,,,,
target_oracle,mpair_00001633_cond_00_2p,mpair_00001633,eval,2,"MW,QED",C=CCC1(C(C)C#CCC)C(=O)NC(=O)N(C)C1=O,C=C(Br)CC1(C(C)C)C(=O)NC(=O)N(C)C1=O,C=C(Br)CC1(C(C)C)C(=O)NC(=O)N(C)C1=O,O=C1CC(=O)NC(=O)N1,O=C1CC(=O)NC(=O)N1,True,True,True,,0.42857142857142855,1.0,303.15600000000006,303.15600000000006,0.0,True,,,,,0.8059749860896003,0.8059749860896003,0.0,True,,,,,,,,,,,,,,,,
target_oracle,mpair_00001643_cond_02_2p,mpair_00001643,eval,2,"MW,QED",C=C(Br)CC1(C(C)C)C(=O)NC(=O)N(C)C1=O,C=CCC1(C(C)C#CCC)C(=O)NC(=O)N(C)C1=O,C=CCC1(C(C)C#CCC)C(=O)NC(=O)N(C)C1=O,O=C1CC(=O)NC(=O)N1,O=C1CC(=O)NC(=O)N1,True,True,True,,0.42857142857142855,1.0,262.30899999999997,262.30899999999997,0.0,True,,,,,0.47348972477403223,0.47348972477403223,0.0,True,,,,,,,,,,,,,,,,
target_oracle,mpair_00002259_cond_01_2p,mpair_00002259,eval,2,"LogP,QED",Cc1ccccc1NC(=O)c1c(C)n(-c2ccccc2C)c(C)cc1=O,Cc1cccc(C)c1NC(=O)c1c(C)n(-c2c(C)cccc2C)c(C)cc1=O,Cc1cccc(C)c1NC(=O)c1c(C)n(-c2c(C)cccc2C)c(C)cc1=O,O=C(Nc1ccccc1)c1cn(-c2ccccc2)ccc1=O,O=C(Nc1ccccc1)c1cn(-c2ccccc2)ccc1=O,True,True,True,,0.5833333333333334,1.0,,,,,4.940320000000004,4.940320000000004,0.0,True,0.7058233303377046,0.7058233303377046,0.0,True,,,,,,,,,,,,,,,,
target_oracle,mpair_00002372_cond_01_2p,mpair_00002372,eval,2,"HBA,RB",CCCCCNC(=O)Nc1c(SCCCn2cnc(-c3ccccc3)c2C)cccc1N(C)C,CCCCCNC(=O)Nc1c(C)cccc1SCCCn1cnc(-c2ccccc2)c1C,CCCCCNC(=O)Nc1c(C)cccc1SCCCn1cnc(-c2ccccc2)c1C,c1ccc(SCCCn2cnc(-c3ccccc3)c2)cc1,c1ccc(SCCCn2cnc(-c3ccccc3)c2)cc1,True,True,True,,0.8208955223880597,1.0,,,,,,,,,,,,,,,,,,,,,4.0,4.0,0.0,True,11.0,11.0,0.0,True
target_oracle,mpair_00002374_cond_01_2p,mpair_00002374,eval,2,"LogP,TPSA",COc1cccc2sc([C@@H]3C[C@H]4CC[C@@H](C3)N4C[C@H](O)COc3cccc4[nH]c(C)cc34)cc12,COc1cccc2sc([C@@H]3C[C@H]4CC[C@@H](C3)N4C[C@H](O)COc3cccc4[nH]c(C(N)=O)cc34)cc12,COc1cccc2sc([C@@H]3C[C@H]4CC[C@@H](C3)N4C[C@H](O)COc3cccc4[nH]c(C(N)=O)cc34)cc12,c1ccc2sc([C@@H]3C[C@H]4CC[C@@H](C3)N4CCCOc3cccc4[nH]ccc34)cc2c1,c1ccc2sc([C@@H]3C[C@H]4CC[C@@H](C3)N4CCCOc3cccc4[nH]ccc34)cc2c1,True,True,True,,0.7916666666666666,1.0,,,,,4.640400000000003,4.640400000000003,0.0,True,,,,,100.81,100.81,0.0,True,,,,,,,,,,,,
target_oracle,mpair_00002464_cond_01_2p,mpair_00002464,eval,2,"HBA,RB",CN(C)CCCOc1cc(C(=O)Nc2ccc(OC(F)(F)F)cc2)n(Cc2ccccc2)n1,CN(C)CCCOc1cc(C(=O)Nc2ccc(Cl)cc2F)n(Cc2ccccc2)n1,CN(C)CCCOc1cc(C(=O)Nc2ccc(Cl)cc2F)n(Cc2ccccc2)n1,O=C(Nc1ccccc1)c1ccnn1Cc1ccccc1,O=C(Nc1ccccc1)c1ccnn1Cc1ccccc1,True,True,True,,0.6428571428571429,1.0,,,,,,,,,,,,,,,,,,,,,5.0,5.0,0.0,True,9.0,9.0,0.0,True
target_oracle,mpair_00002469_cond_00_2p,mpair_00002469,eval,2,"MW,HBA",COc1ccc(NC(=O)c2cc(OCCCN(C)C)nn2Cc2ccccc2)cc1,COc1cc(NC(=O)c2cc(OCCCN(C)C)nn2Cc2ccccc2)cc(OC)c1OC,COc1cc(NC(=O)c2cc(OCCCN(C)C)nn2Cc2ccccc2)cc(OC)c1OC,O=C(Nc1ccccc1)c1ccnn1Cc1ccccc1,O=C(Nc1ccccc1)c1ccnn1Cc1ccccc1,True,True,True,,0.7741935483870968,1.0,468.5540000000002,468.5540000000002,0.0,True,,,,,,,,,,,,,,,,,8.0,8.0,0.0,True,,,,
target_oracle,mpair_00002475_cond_00_2p,mpair_00002475,eval,2,"TPSA,RB",CN(C)CCCOc1cc(C(=O)Nc2ccc(OC(F)(F)F)cc2)n(Cc2ccccc2)n1,COc1cc(NC(=O)c2cc(OCCCN(C)C)nn2Cc2ccccc2)cc(OC)c1OC,COc1cc(NC(=O)c2cc(OCCCN(C)C)nn2Cc2ccccc2)cc(OC)c1OC,O=C(Nc1ccccc1)c1ccnn1Cc1ccccc1,O=C(Nc1ccccc1)c1ccnn1Cc1ccccc1,True,True,True,,0.6764705882352942,1.0,,,,,,,,,,,,,87.08000000000001,87.08000000000001,0.0,True,,,,,,,,,12.0,12.0,0.0,True
target_oracle,mpair_00002478_cond_00_2p,mpair_00002478,eval,2,"MW,LogP",CN(C)CCCOc1cc(C(=O)Nc2cccc(Cl)c2)n(Cc2ccccc2)n1,CN(C)CCCOc1cc(C(=O)Nc2cc(F)cc(C(F)(F)F)c2)n(Cc2ccccc2)n1,CN(C)CCCOc1cc(C(=O)Nc2cc(F)cc(C(F)(F)F)c2)n(Cc2ccccc2)n1,O=C(Nc1ccccc1)c1ccnn1Cc1ccccc1,O=C(Nc1ccccc1)c1ccnn1Cc1ccccc1,True,True,True,,0.6764705882352942,1.0,464.4630000000001,464.4630000000001,0.0,True,4.672100000000003,4.672100000000003,0.0,True,,,,,,,,,,,,,,,,,,,,
target_oracle,mpair_00002482_cond_01_2p,mpair_00002482,eval,2,"LogP,QED",COc1ccc(NC(=O)c2cc(OCCCN(C)C)nn2Cc2ccccc2)cc1,CN(C)CCCOc1cc(C(=O)Nc2ccc(OC(F)(F)F)cc2)n(Cc2ccccc2)n1,CN(C)CCCOc1cc(C(=O)Nc2ccc(OC(F)(F)F)cc2)n(Cc2ccccc2)n1,O=C(Nc1ccccc1)c1ccnn1Cc1ccccc1,O=C(Nc1ccccc1)c1ccnn1Cc1ccccc1,True,True,True,,0.8064516129032258,1.0,,,,,4.412800000000003,4.412800000000003,0.0,True,0.4522382232340766,0.4522382232340766,0.0,True,,,,,,,,,,,,,,,,
target_oracle,mpair_00002486_cond_00_2p,mpair_00002486,eval,2,"MW,RB",CN(C)CCCOc1cc(C(=O)Nc2cccc(Cl)c2)n(Cc2ccccc2)n1,CN(C)CCCOc1cc(C(=O)Nc2ccc(OC(F)(F)F)cc2)n(Cc2ccccc2)n1,CN(C)CCCOc1cc(C(=O)Nc2ccc(OC(F)(F)F)cc2)n(Cc2ccccc2)n1,O=C(Nc1ccccc1)c1ccnn1Cc1ccccc1,O=C(Nc1ccccc1)c1ccnn1Cc1ccccc1,True,True,True,,0.696969696969697,1.0,462.4720000000001,462.4720000000001,0.0,True,,,,,,,,,,,,,,,,,,,,,10.0,10.0,0.0,True
target_oracle,mpair_00002489_cond_00_2p,mpair_00002489,eval,2,"LogP,HBA",C=Cc1cc(C(=O)OCC)n(S(=O)(=O)c2cc(Cl)ccc2N)c1,CCOC(=O)c1cc(C(C)O)cn1S(=O)(=O)c1cc(Cl)ccc1N,CCOC(=O)c1cc(C(C)O)cn1S(=O)(=O)c1cc(Cl)ccc1N,O=S(=O)(c1ccccc1)n1cccc1,O=S(=O)(c1ccccc1)n1cccc1,True,True,True,,0.7192982456140351,1.0,,,,,2.1907,2.1907,0.0,True,,,,,,,,,,,,,7.0,7.0,0.0,True,,,,
target_oracle,mpair_00002494_cond_00_2p,mpair_00002494,eval,2,"MW,LogP",O=C1C(Nc2ccccc2)=C(Cl)C(=O)c2ncncc21,O=C1C(Nc2cccc(Br)c2)=C(Cl)C(=O)c2ncncc21,O=C1C(Nc2cccc(Br)c2)=C(Cl)C(=O)c2ncncc21,O=C1C(Nc2ccccc2)=CC(=O)c2ncncc21,O=C1C(Nc2ccccc2)=CC(=O)c2ncncc21,True,True,True,,0.7272727272727273,1.0,364.58600000000007,364.58600000000007,0.0,True,3.180600000000001,3.180600000000001,0.0,True,,,,,,,,,,,,,,,,,,,,
target_oracle,mpair_00002495_cond_02_2p,mpair_00002495,eval,2,"LogP,RB",O=C1C(Nc2ccccc2)=C(Cl)C(=O)c2ncncc21,CCc1ccc(NC2=C(Cl)C(=O)c3ncncc3C2=O)cc1,CCc1ccc(NC2=C(Cl)C(=O)c3ncncc3C2=O)cc1,O=C1C(Nc2ccccc2)=CC(=O)c2ncncc21,O=C1C(Nc2ccccc2)=CC(=O)c2ncncc21,True,True,True,,0.7045454545454546,1.0,,,,,2.980500000000001,2.980500000000001,0.0,True,,,,,,,,,,,,,,,,,3.0,3.0,0.0,True
target_oracle,mpair_00002497_cond_01_2p,mpair_00002497,eval,2,"MW,LogP",O=C1C(Nc2ccc(Br)cc2)=C(Cl)C(=O)c2ncncc21,O=C1C(Nc2ccccc2)=C(Cl)C(=O)c2ncncc21,O=C1C(Nc2ccccc2)=C(Cl)C(=O)c2ncncc21,O=C1C(Nc2ccccc2)=CC(=O)c2ncncc21,O=C1C(Nc2ccccc2)=CC(=O)c2ncncc21,True,True,True,,0.7560975609756098,1.0,285.69,285.69,0.0,True,2.4181,2.4181,0.0,True,,,,,,,,,,,,,,,,,,,,
target_oracle,mpair_00002501_cond_00_2p,mpair_00002501,eval,2,"LogP,RB",CCc1ccc(NC2=C(Cl)C(=O)c3ncncc3C2=O)cc1,O=C1C(Nc2ccccc2)=C(Cl)C(=O)c2ncncc21,O=C1C(Nc2ccccc2)=C(Cl)C(=O)c2ncncc21,O=C1C(Nc2ccccc2)=CC(=O)c2ncncc21,O=C1C(Nc2ccccc2)=CC(=O)c2ncncc21,True,True,True,,0.7045454545454546,1.0,,,,,2.4181,2.4181,0.0,True,,,,,,,,,,,,,,,,,2.0,2.0,0.0,True
target_oracle,mpair_00002504_cond_00_2p,mpair_00002504,eval,2,"HBA,RB",COc1ccc(C(=O)CN2c3ccccc3C(=O)N(Cc3ccccc3)S2(=O)=O)cc1,Cc1ccc(C(=O)CN2c3ccccc3C(=O)N(Cc3ccccc3)S2(=O)=O)cc1,Cc1ccc(C(=O)CN2c3ccccc3C(=O)N(Cc3ccccc3)S2(=O)=O)cc1,O=C(CN1c2ccccc2C(=O)N(Cc2ccccc2)S1(=O)=O)c1ccccc1,O=C(CN1c2ccccc2C(=O)N(Cc2ccccc2)S1(=O)=O)c1ccccc1,True,True,True,,0.7843137254901961,1.0,,,,,,,,,,,,,,,,,,,,,4.0,4.0,0.0,True,5.0,5.0,0.0,True
target_oracle,mpair_00002506_cond_01_2p,mpair_00002506,eval,2,"HBA,RB",Cc1ccc(C(=O)CN2c3ccccc3C(=O)N(Cc3ccccc3)S2(=O)=O)cc1,COc1ccc(C(=O)CN2c3ccccc3C(=O)N(Cc3ccccc3)S2(=O)=O)cc1,COc1ccc(C(=O)CN2c3ccccc3C(=O)N(Cc3ccccc3)S2(=O)=O)cc1,O=C(CN1c2ccccc2C(=O)N(Cc2ccccc2)S1(=O)=O)c1ccccc1,O=C(CN1c2ccccc2C(=O)N(Cc2ccccc2)S1(=O)=O)c1ccccc1,True,True,True,,0.7843137254901961,1.0,,,,,,,,,,,,,,,,,,,,,5.0,5.0,0.0,True,6.0,6.0,0.0,True
target_oracle,mpair_00002510_cond_02_2p,mpair_00002510,eval,2,"LogP,TPSA",CSc1cc(-c2ccc(Br)cc2)oc(=O)c1C#N,CSc1cc(-c2ccc(Br)cc2)oc(=O)c1Cl,CSc1cc(-c2ccc(Br)cc2)oc(=O)c1Cl,O=c1cccc(-c2ccccc2)o1,O=c1cccc(-c2ccccc2)o1,True,True,True,,0.6428571428571429,1.0,,,,,4.444600000000002,4.444600000000002,0.0,True,,,,,30.21,30.21,0.0,True,,,,,,,,,,,,
target_oracle,mpair_00002517_cond_01_2p,mpair_00002517,eval,2,"MW,LogP",CSc1cc(-c2ccc(Cl)cc2)oc(=O)c1Br,CSc1cc(-c2ccc(Cl)cc2)oc(=O)c1,CSc1cc(-c2ccc(Cl)cc2)oc(=O)c1,O=c1cccc(-c2ccccc2)o1,O=c1cccc(-c2ccccc2)o1,True,True,True,,0.5365853658536586,1.0,252.72199999999998,252.72199999999998,0.0,True,3.682100000000002,3.682100000000002,0.0,True,,,,,,,,,,,,,,,,,,,,
target_oracle,mpair_00002525_cond_01_2p,mpair_00002525,eval,2,"QED,RB",CSc1cc(-c2ccc(Cl)cc2)oc(=O)c1C(N)=O,CSc1cc(-c2ccc(Br)cc2)oc(=O)c1C#N,CSc1cc(-c2ccc(Br)cc2)oc(=O)c1C#N,O=c1cccc(-c2ccccc2)o1,O=c1cccc(-c2ccccc2)o1,True,True,True,,0.43137254901960786,1.0,,,,,,,,,0.791886779601309,0.791886779601309,0.0,True,,,,,,,,,,,,,2.0,2.0,0.0,True
target_oracle,mpair_00002533_cond_02_2p,mpair_00002533,eval,2,"TPSA,HBA",CSc1cc(-c2ccc(Br)cc2)oc(=O)c1C#N,CSc1cc(-c2ccc(Cl)cc2)oc(=O)c1Br,CSc1cc(-c2ccc(Cl)cc2)oc(=O)c1Br,O=c1cccc(-c2ccccc2)o1,O=c1cccc(-c2ccccc2)o1,True,True,True,,0.5333333333333333,1.0,,,,,,,,,,,,,30.21,30.21,0.0,True,,,,,3.0,3.0,0.0,True,,,,
target_oracle,mpair_00002546_cond_00_2p,mpair_00002546,eval,2,"MW,LogP",CSc1cc(-c2ccc(Br)cc2)oc(=O)c1Br,CSc1cc(-c2ccc(Br)cc2)oc(=O)c1C#N,CSc1cc(-c2ccc(Br)cc2)oc(=O)c1C#N,O=c1cccc(-c2ccccc2)o1,O=c1cccc(-c2ccccc2)o1,True,True,True,,0.675,1.0,322.1830000000001,322.1830000000001,0.0,True,3.662880000000002,3.662880000000002,0.0,True,,,,,,,,,,,,,,,,,,,,
target_oracle,mpair_00002554_cond_02_2p,mpair_00002554,eval,2,"HBD,RB",CSc1cc(-c2ccc(Cl)cc2)oc(=O)c1C(N)=O,CSc1cc(-c2ccc(Cl)cc2)oc(=O)c1,CSc1cc(-c2ccc(Cl)cc2)oc(=O)c1,O=c1cccc(-c2ccccc2)o1,O=c1cccc(-c2ccccc2)o1,True,True,True,,0.4888888888888889,1.0,,,,,,,,,,,,,,,,,0.0,0.0,0.0,True,,,,,2.0,2.0,0.0,True
target_oracle,mpair_00002558_cond_02_2p,mpair_00002558,eval,2,"QED,HBA",CSc1nc(-c2ccc(OC(F)(F)F)cc2)nn1C(=O)N(C)c1ccccc1,CSc1nc(-c2ccc(Cl)cc2)nn1C(=O)N(C)c1ccccc1,CSc1nc(-c2ccc(Cl)cc2)nn1C(=O)N(C)c1ccccc1,O=C(Nc1ccccc1)n1cnc(-c2ccccc2)n1,O=C(Nc1ccccc1)n1cnc(-c2ccccc2)n1,True,True,True,,0.7037037037037037,1.0,,,,,,,,,0.6499636794176425,0.6499636794176425,0.0,True,,,,,,,,,5.0,5.0,0.0,True,,,,
target_oracle,mpair_00002562_cond_00_2p,mpair_00002562,eval,2,"LogP,QED",CSc1nc(-c2ccc(Cl)cc2)nn1C(=O)N(C)c1ccccc1,CN(C(=O)n1nc(-c2ccc(Cl)cc2)nc1SCC(F)(F)F)c1ccccc1,CN(C(=O)n1nc(-c2ccc(Cl)cc2)nc1SCC(F)(F)F)c1ccccc1,O=C(Nc1ccccc1)n1cnc(-c2ccccc2)n1,O=C(Nc1ccccc1)n1cnc(-c2ccccc2)n1,True,True,True,,0.7222222222222222,1.0,,,,,5.357400000000003,5.357400000000003,0.0,True,0.5270344401044634,0.5270344401044634,0.0,True,,,,,,,,,,,,,,,,
target_oracle,mpair_00002565_cond_00_2p,mpair_00002565,eval,2,"MW,QED",CSc1nc(-c2ccc(OC(F)(F)F)cc2)nn1C(=O)N(C)c1ccccc1,CSc1nc(-c2ccc(C)cc2)nn1C(=O)N(C)c1ccccc1,CSc1nc(-c2ccc(C)cc2)nn1C(=O)N(C)c1ccccc1,O=C(Nc1ccccc1)n1cnc(-c2ccccc2)n1,O=C(Nc1ccccc1)n1cnc(-c2ccccc2)n1,True,True,True,,0.7169811320754716,1.0,338.43600000000004,338.43600000000004,0.0,True,,,,,0.6753188675979567,0.6753188675979567,0.0,True,,,,,,,,,,,,,,,,
target_oracle,mpair_00002567_cond_00_2p,mpair_00002567,eval,2,"HBD,RB",COc1cc(C(=O)N2CCN(C(=O)c3cc(OC)c(OC)c(OC)c3)C(COC(=O)NCCC(C)C)C2)cc(OC)c1OC,CCN(CC)C(=O)OCC1CN(C(=O)c2cc(OC)c(OC)c(OC)c2)CCN1C(=O)c1cc(OC)c(OC)c(OC)c1,CCN(CC)C(=O)OCC1CN(C(=O)c2cc(OC)c(OC)c(OC)c2)CCN1C(=O)c1cc(OC)c(OC)c(OC)c1,O=C(c1ccccc1)N1CCN(C(=O)c2ccccc2)CC1,O=C(c1ccccc1)N1CCN(C(=O)c2ccccc2)CC1,True,True,True,,0.6451612903225806,1.0,,,,,,,,,,,,,,,,,0.0,0.0,0.0,True,,,,,12.0,12.0,0.0,True
target_oracle,mpair_00002571_cond_00_2p,mpair_00002571,eval,2,"HBD,RB",CCN(CC)C(=O)OCC1CN(C(=O)c2cc(OC)c(OC)c(OC)c2)CCN1C(=O)c1cc(OC)c(OC)c(OC)c1,COc1cc(C(=O)N2CCN(C(=O)c3cc(OC)c(OC)c(OC)c3)C(COC(=O)NCCC(C)C)C2)cc(OC)c1OC,COc1cc(C(=O)N2CCN(C(=O)c3cc(OC)c(OC)c(OC)c3)C(COC(=O)NCCC(C)C)C2)cc(OC)c1OC,O=C(c1ccccc1)N1CCN(C(=O)c2ccccc2)CC1,O=C(c1ccccc1)N1CCN(C(=O)c2ccccc2)CC1,True,True,True,,0.6451612903225806,1.0,,,,,,,,,,,,,,,,,1.0,1.0,0.0,True,,,,,13.0,13.0,0.0,True
target_oracle,mpair_00002574_cond_00_2p,mpair_00002574,eval,2,"LogP,RB",COc1cc(C(=O)N2CCN(C(=O)c3cc(OC)c(OC)c(OC)c3)C(COC(=O)CC(C)(C)C)C2)cc(OC)c1OC,CCN(CC)C(=O)OCC1CN(C(=O)c2cc(OC)c(OC)c(OC)c2)CCN1C(=O)c1cc(OC)c(OC)c(OC)c1,CCN(CC)C(=O)OCC1CN(C(=O)c2cc(OC)c(OC)c(OC)c2)CCN1C(=O)c1cc(OC)c(OC)c(OC)c1,O=C(c1ccccc1)N1CCN(C(=O)c2ccccc2)CC1,O=C(c1ccccc1)N1CCN(C(=O)c2ccccc2)CC1,True,True,True,,0.6896551724137931,1.0,,,,,3.1834000000000024,3.1834000000000024,0.0,True,,,,,,,,,,,,,,,,,12.0,12.0,0.0,True
target_oracle,mpair_00002576_cond_01_2p,mpair_00002576,eval,2,"HBD,RB",COc1cc(C(=O)N2CCN(C(=O)c3cc(OC)c(OC)c(OC)c3)C(COC(C)=O)C2)cc(OC)c1OC,COc1cc(C(=O)N2CCN(C(=O)c3cc(OC)c(OC)c(OC)c3)C(COC(=O)NCCC(C)C)C2)cc(OC)c1OC,COc1cc(C(=O)N2CCN(C(=O)c3cc(OC)c(OC)c(OC)c3)C(COC(=O)NCCC(C)C)C2)cc(OC)c1OC,O=C(c1ccccc1)N1CCN(C(=O)c2ccccc2)CC1,O=C(c1ccccc1)N1CCN(C(=O)c2ccccc2)CC1,True,True,True,,0.7017543859649122,1.0,,,,,,,,,,,,,,,,,1.0,1.0,0.0,True,,,,,13.0,13.0,0.0,True
target_oracle,mpair_00002578_cond_01_2p,mpair_00002578,eval,2,"LogP,RB",CCN(CC)C(=O)OCC1CN(C(=O)c2cc(OC)c(OC)c(OC)c2)CCN1C(=O)c1cc(OC)c(OC)c(OC)c1,COc1cc(C(=O)N2CCN(C(=O)c3cc(OC)c(OC)c(OC)c3)C(COC(=O)CC(C)(C)C)C2)cc(OC)c1OC,COc1cc(C(=O)N2CCN(C(=O)c3cc(OC)c(OC)c(OC)c3)C(COC(=O)CC(C)(C)C)C2)cc(OC)c1OC,O=C(c1ccccc1)N1CCN(C(=O)c2ccccc2)CC1,O=C(c1ccccc1)N1CCN(C(=O)c2ccccc2)CC1,True,True,True,,0.6896551724137931,1.0,,,,,3.684400000000003,3.684400000000003,0.0,True,,,,,,,,,,,,,,,,,11.0,11.0,0.0,True
target_oracle,mpair_00002588_cond_02_2p,mpair_00002588,eval,2,"TPSA,HBA",COc1cc(C(=O)N2CCN(C(=O)c3cc(OC)c(OC)c(OC)c3)CC2)cc(OC)c1OC,CCN(CC)C(=O)OCC1CN(C(=O)c2cc(OC)c(OC)c(OC)c2)CCN1C(=O)c1cc(OC)c(OC)c(OC)c1,CCN(CC)C(=O)OCC1CN(C(=O)c2cc(OC)c(OC)c(OC)c2)CCN1C(=O)c1cc(OC)c(OC)c(OC)c1,O=C(c1ccccc1)N1CCN(C(=O)c2ccccc2)CC1,O=C(c1ccccc1)N1CCN(C(=O)c2ccccc2)CC1,True,True,True,,0.52,1.0,,,,,,,,,,,,,125.54,125.54,0.0,True,,,,,10.0,10.0,0.0,True,,,,
target_oracle,mpair_00002596_cond_01_2p,mpair_00002596,eval,2,"HBA,RB",COc1ccc(C(=O)Nc2c(F)cncc2F)c2ccc(C(F)(F)F)nc12,COc1ccc(C(=O)Nc2c(Cl)cncc2Cl)c2ccc(C(C)O)nc12,COc1ccc(C(=O)Nc2c(Cl)cncc2Cl)c2ccc(C(C)O)nc12,O=C(Nc1ccncc1)c1cccc2ncccc12,O=C(Nc1ccncc1)c1cccc2ncccc12,True,True,True,,0.532258064516129,1.0,,,,,,,,,,,,,,,,,,,,,5.0,5.0,0.0,True,4.0,4.0,0.0,True
target_oracle,mpair_00002599_cond_01_2p,mpair_00002599,eval,2,"TPSA,HBA",COc1ccc(C(=O)Nc2c(Cl)cncc2Cl)c2ccc(C(C)=O)nc12,CCc1ccc2c(C(=O)Nc3c(Cl)cncc3Cl)ccc(OC)c2n1,CCc1ccc2c(C(=O)Nc3c(Cl)cncc3Cl)ccc(OC)c2n1,O=C(Nc1ccncc1)c1cccc2ncccc12,O=C(Nc1ccncc1)c1cccc2ncccc12,True,True,True,,0.7222222222222222,1.0,,,,,,,,,,,,,64.11,64.11,0.0,True,,,,,4.0,4.0,0.0,True,,,,
target_oracle,mpair_00002602_cond_02_2p,mpair_00002602,eval,2,"TPSA,RB",COc1ccc(C(=O)Nc2ccncc2Cl)c2ccc(C(F)(F)F)nc12,COc1ccc(C(=O)Nc2c(Cl)cncc2Cl)c2ccc(C(C)O)nc12,COc1ccc(C(=O)Nc2c(Cl)cncc2Cl)c2ccc(C(C)O)nc12,O=C(Nc1ccncc1)c1cccc2ncccc12,O=C(Nc1ccncc1)c1cccc2ncccc12,True,True,True,,0.5230769230769231,1.0,,,,,,,,,,,,,84.34,84.34,0.0,True,,,,,,,,,4.0,4.0,0.0,True
target_oracle,mpair_00002604_cond_02_2p,mpair_00002604,eval,2,"TPSA,HBA",CCc1ccc2c(C(=O)Nc3c(Cl)cncc3Cl)ccc(OC)c2n1,COc1ccc(C(=O)Nc2c(Cl)cncc2Cl)c2ccc(C(C)=O)nc12,COc1ccc(C(=O)Nc2c(Cl)cncc2Cl)c2ccc(C(C)=O)nc12,O=C(Nc1ccncc1)c1cccc2ncccc12,O=C(Nc1ccncc1)c1cccc2ncccc12,True,True,True,,0.7222222222222222,1.0,,,,,,,,,,,,,81.17999999999999,81.17999999999999,0.0,True,,,,,5.0,5.0,0.0,True,,,,
target_oracle,mpair_00002609_cond_01_2p,mpair_00002609,eval,2,"LogP,RB",COc1ccc(C(=O)Nc2c(Cl)cncc2Cl)c2cccnc12,CCc1ccc2c(C(=O)Nc3c(Cl)cncc3Cl)ccc(OC)c2n1,CCc1ccc2c(C(=O)Nc3c(Cl)cncc3Cl)ccc(OC)c2n1,O=C(Nc1ccncc1)c1cccc2ncccc12,O=C(Nc1ccncc1)c1cccc2ncccc12,True,True,True,,0.6545454545454545,1.0,,,,,4.759900000000003,4.759900000000003,0.0,True,,,,,,,,,,,,,,,,,4.0,4.0,0.0,True
target_oracle,mpair_00002614_cond_02_2p,mpair_00002614,eval,2,"MW,RB",COc1ccc(C(=O)Nc2c(Cl)cncc2Cl)c2cccnc12,COc1ccc(C(=O)Nc2c(Cl)cncc2Cl)c2ccc(C(C)=O)nc12,COc1ccc(C(=O)Nc2c(Cl)cncc2Cl)c2ccc(C(C)=O)nc12,O=C(Nc1ccncc1)c1cccc2ncccc12,O=C(Nc1ccncc1)c1cccc2ncccc12,True,True,True,,0.6666666666666666,1.0,390.22600000000017,390.22600000000017,0.0,True,,,,,,,,,,,,,,,,,,,,,4.0,4.0,0.0,True
target_oracle,mpair_00002618_cond_02_2p,mpair_00002618,eval,2,"HBA,RB",COc1ccc(C(=O)Nc2c(Cl)cncc2Cl)c2ccc(C(C)O)nc12,COc1ccc(C(=O)Nc2ccncc2Cl)c2cccnc12,COc1ccc(C(=O)Nc2ccncc2Cl)c2cccnc12,O=C(Nc1ccncc1)c1cccc2ncccc12,O=C(Nc1ccncc1)c1cccc2ncccc12,True,True,True,,0.49206349206349204,1.0,,,,,,,,,,,,,,,,,,,,,4.0,4.0,0.0,True,3.0,3.0,0.0,True
target_oracle,mpair_00002621_cond_02_2p,mpair_00002621,eval,2,"MW,QED",COc1ccc(C(=O)Nc2c(Cl)cncc2Cl)c2cccnc12,COc1ccc(C(=O)Nc2c(F)cncc2F)c2ccc(C(F)(F)F)nc12,COc1ccc(C(=O)Nc2c(F)cncc2F)c2ccc(C(F)(F)F)nc12,O=C(Nc1ccncc1)c1cccc2ncccc12,O=C(Nc1ccncc1)c1cccc2ncccc12,True,True,True,,0.4918032786885246,1.0,383.276,383.276,0.0,True,,,,,0.6893032571109005,0.6893032571109005,0.0,True,,,,,,,,,,,,,,,,
target_oracle,mpair_00002626_cond_00_2p,mpair_00002626,eval,2,"MW,QED",COc1ccc(C(=O)Nc2c(F)cncc2F)c2ccc(C(F)(F)F)nc12,COc1ccc(C(=O)Nc2ccncc2Cl)c2cccnc12,COc1ccc(C(=O)Nc2ccncc2Cl)c2cccnc12,O=C(Nc1ccncc1)c1cccc2ncccc12,O=C(Nc1ccncc1)c1cccc2ncccc12,True,True,True,,0.4090909090909091,1.0,313.744,313.744,0.0,True,,,,,0.8029165077767629,0.8029165077767629,0.0,True,,,,,,,,,,,,,,,,
target_oracle,mpair_00002630_cond_00_2p,mpair_00002630,eval,2,"QED,TPSA",CC(C)CC(=O)N1C[C@H](c2ccccc2)C[C@H]1C(=O)N[C@@H](CC(F)F)C(=O)NCCc1c(F)cc(C(=O)O)cc1F,CC(C)[C@@H](O)C(=O)N1C[C@H](c2ccccc2)C[C@H]1C(=O)N[C@@H](CC(F)F)C(=O)NCCc1c(F)cc(C(=O)O)cc1F,CC(C)[C@@H](O)C(=O)N1C[C@H](c2ccccc2)C[C@H]1C(=O)N[C@@H](CC(F)F)C(=O)NCCc1c(F)cc(C(=O)O)cc1F,O=C(CNC(=O)[C@@H]1C[C@@H](c2ccccc2)CN1)NCCc1ccccc1,O=C(CNC(=O)[C@@H]1C[C@@H](c2ccccc2)CN1)NCCc1ccccc1,True,True,True,,0.7916666666666666,1.0,,,,,,,,,0.2789053789646464,0.2789053789646464,0.0,True,136.04,136.04,0.0,True,,,,,,,,,,,,
target_oracle,mpair_00003109_cond_01_2p,mpair_00003109,eval,2,"LogP,QED",CN1CCC[C@H]1COc1cccnn1,CN1CCC[C@H]1COc1ccc(Cl)nn1,CN1CCC[C@H]1COc1ccc(Cl)nn1,c1cnnc(OC[C@@H]2CCCN2)c1,c1cnnc(OC[C@@H]2CCCN2)c1,True,True,True,,0.6511627906976745,1.0,,,,,1.6029999999999998,1.6029999999999998,0.0,True,0.7864914737289573,0.7864914737289573,0.0,True,,,,,,,,,,,,,,,,
target_oracle,mpair_00003111_cond_00_2p,mpair_00003111,eval,2,"QED,RB",Cc1nc2nnc(C(C)(C)C)nn2c(=O)c1C,CCCCc1nnc2nc(C)c(C)c(=O)n2n1,CCCCc1nnc2nc(C)c(C)c(=O)n2n1,O=c1ccnc2nncnn12,O=c1ccnc2nncnn12,True,True,True,,0.5238095238095238,1.0,,,,,,,,,0.7849999676400611,0.7849999676400611,0.0,True,,,,,,,,,,,,,3.0,3.0,0.0,True
target_oracle,mpair_00003112_cond_02_2p,mpair_00003112,eval,2,"MW,LogP",Cc1nc2nnc(C(C)(C)C)nn2c(=O)c1C,Cc1nc2nncnn2c(=O)c1C,Cc1nc2nncnn2c(=O)c1C,O=c1ccnc2nncnn12,O=c1ccnc2nncnn12,True,True,True,,0.48717948717948717,1.0,177.167,177.167,0.0,True,-0.5036600000000002,-0.5036600000000002,0.0,True,,,,,,,,,,,,,,,,,,,,
target_oracle,mpair_00003202_cond_00_2p,mpair_00003202,eval,2,"TPSA,HBA",O=C(OCc1ccc(-c2ccccc2)cc1)n1cccn1,N#Cc1cnn(C(=O)OCc2ccc(-c3ccccc3)cc2)c1,N#Cc1cnn(C(=O)OCc2ccc(-c3ccccc3)cc2)c1,O=C(OCc1ccc(-c2ccccc2)cc1)n1cccn1,O=C(OCc1ccc(-c2ccccc2)cc1)n1cccn1,True,True,True,,0.5833333333333334,1.0,,,,,,,,,,,,,67.91,67.91,0.0,True,,,,,5.0,5.0,0.0,True,,,,
target_oracle,mpair_00003203_cond_02_2p,mpair_00003203,eval,2,"TPSA,HBA",N#Cc1cnn(C(=O)OCc2ccc(-c3ccccc3)cc2)c1,Cc1cnn(C(=O)OCc2ccc(-c3ccccc3)cc2)c1,Cc1cnn(C(=O)OCc2ccc(-c3ccccc3)cc2)c1,O=C(OCc1ccc(-c2ccccc2)cc1)n1cccn1,O=C(OCc1ccc(-c2ccccc2)cc1)n1cccn1,True,True,True,,0.6808510638297872,1.0,,,,,,,,,,,,,44.120000000000005,44.120000000000005,0.0,True,,,,,4.0,4.0,0.0,True,,,,
target_oracle,mpair_00003205_cond_01_2p,mpair_00003205,eval,2,"TPSA,HBA",N#Cc1cnn(C(=O)OCc2ccc(-c3ccccc3)cc2)c1,O=C(OCc1ccc(-c2ccccc2)cc1)n1cccn1,O=C(OCc1ccc(-c2ccccc2)cc1)n1cccn1,O=C(OCc1ccc(-c2ccccc2)cc1)n1cccn1,O=C(OCc1ccc(-c2ccccc2)cc1)n1cccn1,True,True,True,,0.5833333333333334,1.0,,,,,,,,,,,,,44.120000000000005,44.120000000000005,0.0,True,,,,,4.0,4.0,0.0,True,,,,
target_oracle,mpair_00003208_cond_02_2p,mpair_00003208,eval,2,"QED,TPSA",NC(=O)N/N=C\c1ccccc1OCc1ccc2no[n+]([O-])c2c1,NC(=S)N/N=C/c1cccc(OCc2ccc3no[n+]([O-])c3c2)c1,NC(=S)N/N=C/c1cccc(OCc2ccc3no[n+]([O-])c3c2)c1,c1ccc(OCc2ccc3no[nH+]c3c2)cc1,c1ccc(OCc2ccc3no[nH+]c3c2)cc1,True,True,True,,0.5882352941176471,1.0,,,,,,,,,0.30972390933844063,0.30972390933844063,0.0,True,112.61,112.61,0.0,True,,,,,,,,,,,,
target_oracle,mpair_00003212_cond_00_2p,mpair_00003212,eval,2,"HBA,RB",CC(C)NC(=O)c1ccc2c(Nc3ccc(Cl)cc3)nc(N3CCOCC3)nc2c1,COC(=O)c1ccc2c(Nc3ccc(Cl)cc3)nc(N3CCOCC3)nc2c1,COC(=O)c1ccc2c(Nc3ccc(Cl)cc3)nc(N3CCOCC3)nc2c1,c1ccc(Nc2nc(N3CCOCC3)nc3ccccc23)cc1,c1ccc(Nc2nc(N3CCOCC3)nc3ccccc23)cc1,True,True,True,,0.7833333333333333,1.0,,,,,,,,,,,,,,,,,,,,,7.0,7.0,0.0,True,4.0,4.0,0.0,True
target_oracle,mpair_00003216_cond_00_2p,mpair_00003216,eval,2,"HBD,HBA",COC(=O)c1ccc2c(Nc3ccc(Cl)cc3)nc(N3CCOCC3)nc2c1,CC(C)NC(=O)c1ccc2c(Nc3ccc(Cl)cc3)nc(N3CCOCC3)nc2c1,CC(C)NC(=O)c1ccc2c(Nc3ccc(Cl)cc3)nc(N3CCOCC3)nc2c1,c1ccc(Nc2nc(N3CCOCC3)nc3ccccc23)cc1,c1ccc(Nc2nc(N3CCOCC3)nc3ccccc23)cc1,True,True,True,,0.7833333333333333,1.0,,,,,,,,,,,,,,,,,2.0,2.0,0.0,True,6.0,6.0,0.0,True,,,,
target_oracle,mpair_00003223_cond_02_2p,mpair_00003223,eval,2,"MW,QED",COc1ccc(S(=O)(=O)N(Cc2cccnc2)c2c(C)cc(Br)cc2C(=O)NO)cc1,COc1ccc(S(=O)(=O)N(Cc2cccnc2)c2c(C)cccc2C(=O)NO)cc1,COc1ccc(S(=O)(=O)N(Cc2cccnc2)c2c(C)cccc2C(=O)NO)cc1,O=S(=O)(c1ccccc1)N(Cc1cccnc1)c1ccccc1,O=S(=O)(c1ccccc1)N(Cc1cccnc1)c1ccccc1,True,True,True,,0.819672131147541,1.0,427.48200000000014,427.48200000000014,0.0,True,,,,,0.44330794633881315,0.44330794633881315,0.0,True,,,,,,,,,,,,,,,,
target_oracle,mpair_00003225_cond_01_2p,mpair_00003225,eval,2,"QED,RB",COCCCN(/C(S)=C1/C(=O)c2cc(Cl)ccc2N(C)C1=O)c1ccccc1,COc1cccc(N(C)/C(S)=C2/C(=O)c3cc(Cl)ccc3N(C)C2=O)c1,COc1cccc(N(C)/C(S)=C2/C(=O)c3cc(Cl)ccc3N(C)C2=O)c1,O=C1Nc2ccccc2C(=O)/C1=C/Nc1ccccc1,O=C1Nc2ccccc2C(=O)/C1=C/Nc1ccccc1,True,True,True,,0.5846153846153846,1.0,,,,,,,,,0.4935411914533051,0.4935411914533051,0.0,True,,,,,,,,,,,,,3.0,3.0,0.0,True
target_oracle,mpair_00003227_cond_00_2p,mpair_00003227,eval,2,"QED,RB",COc1ccc(N(C)/C(S)=C2/C(=O)c3cc(Cl)ccc3N(C)C2=O)cc1,COCCCN(/C(S)=C1/C(=O)c2cc(Cl)ccc2N(C)C1=O)c1ccccc1,COCCCN(/C(S)=C1/C(=O)c2cc(Cl)ccc2N(C)C1=O)c1ccccc1,O=C1Nc2ccccc2C(=O)/C1=C/Nc1ccccc1,O=C1Nc2ccccc2C(=O)/C1=C/Nc1ccccc1,True,True,True,,0.5625,1.0,,,,,,,,,0.3319041471572704,0.3319041471572704,0.0,True,,,,,,,,,,,,,6.0,6.0,0.0,True
target_oracle,mpair_00003229_cond_02_2p,mpair_00003229,eval,2,"QED,HBD",CCCCc1nn(-c2ccccn2)c(C(=O)OCC)c1Cc1ccc(-c2ccccc2-c2nn[nH]n2)cc1,CCCCc1nn(-c2ccccn2)c(C(=O)O)c1Cc1ccc(-c2ccccc2-c2nn[nH]n2)cc1,CCCCc1nn(-c2ccccn2)c(C(=O)O)c1Cc1ccc(-c2ccccc2-c2nn[nH]n2)cc1,c1ccc(-n2cc(Cc3ccc(-c4ccccc4-c4nn[nH]n4)cc3)cn2)nc1,c1ccc(-n2cc(Cc3ccc(-c4ccccc4-c4nn[nH]n4)cc3)cn2)nc1,True,True,True,,0.8405797101449275,1.0,,,,,,,,,0.31281238062525013,0.31281238062525013,0.0,True,,,,,2.0,2.0,0.0,True,,,,,,,,
target_oracle,mpair_00003534_cond_01_2p,mpair_00003534,eval,2,"QED,RB",O=S(=O)(CC(F)(F)F)N(Cc1cccnc1)c1cccc(OC(F)(F)F)c1,CC(C)Oc1cccc(N(Cc2cccnc2)S(=O)(=O)CC(F)(F)F)c1,CC(C)Oc1cccc(N(Cc2cccnc2)S(=O)(=O)CC(F)(F)F)c1,c1ccc(NCc2cccnc2)cc1,c1ccc(NCc2cccnc2)cc1,True,True,True,,0.7777777777777778,1.0,,,,,,,,,0.7245796953652621,0.7245796953652621,0.0,True,,,,,,,,,,,,,7.0,7.0,0.0,True
target_oracle,mpair_00003538_cond_01_2p,mpair_00003538,eval,2,"LogP,TPSA",CCC(C)COc1cccc(N(Cc2cccnc2)S(=O)(=O)CC(F)(F)F)c1,CCOC(=O)C(C)Oc1cccc(N(Cc2cccnc2)S(=O)(=O)CC(F)(F)F)c1,CCOC(=O)C(C)Oc1cccc(N(Cc2cccnc2)S(=O)(=O)CC(F)(F)F)c1,c1ccc(NCc2cccnc2)cc1,c1ccc(NCc2cccnc2)cc1,True,True,True,,0.6923076923076923,1.0,,,,,3.3107000000000024,3.3107000000000024,0.0,True,,,,,85.80000000000001,85.80000000000001,0.0,True,,,,,,,,,,,,
target_oracle,mpair_00003542_cond_00_2p,mpair_00003542,eval,2,"QED,RB",CC(C)COc1cccc(N(Cc2cccnc2)S(=O)(=O)CC(F)(F)F)c1,CCC(C)COc1cccc(N(Cc2cccnc2)S(=O)(=O)CC(F)(F)F)c1,CCC(C)COc1cccc(N(Cc2cccnc2)S(=O)(=O)CC(F)(F)F)c1,c1ccc(NCc2cccnc2)cc1,c1ccc(NCc2cccnc2)cc1,True,True,True,,0.8421052631578947,1.0,,,,,,,,,0.6078002459089881,0.6078002459089881,0.0,True,,,,,,,,,,,,,9.0,9.0,0.0,True
target_oracle,mpair_00003543_cond_02_2p,mpair_00003543,eval,2,"QED,RB",CC(C)Oc1cccc(N(Cc2cccnc2)S(=O)(=O)CC(F)(F)F)c1,COc1cccc(N(Cc2cccnc2)S(=O)(=O)CC(F)(F)F)c1,COc1cccc(N(Cc2cccnc2)S(=O)(=O)CC(F)(F)F)c1,c1ccc(NCc2cccnc2)cc1,c1ccc(NCc2cccnc2)cc1,True,True,True,,0.8113207547169812,1.0,,,,,,,,,0.7946521442277092,0.7946521442277092,0.0,True,,,,,,,,,,,,,6.0,6.0,0.0,True
target_oracle,mpair_00003546_cond_01_2p,mpair_00003546,eval,2,"MW,RB",COc1cccc(N(Cc2cccnc2)S(=O)(=O)CC(F)(F)F)c1,CCCC(C)Oc1cccc(N(Cc2cccnc2)S(=O)(=O)CC(F)(F)F)c1,CCCC(C)Oc1cccc(N(Cc2cccnc2)S(=O)(=O)CC(F)(F)F)c1,c1ccc(NCc2cccnc2)cc1,c1ccc(NCc2cccnc2)cc1,True,True,True,,0.7413793103448276,1.0,416.4650000000001,416.4650000000001,0.0,True,,,,,,,,,,,,,,,,,,,,,9.0,9.0,0.0,True
target_oracle,mpair_00003548_cond_01_2p,mpair_00003548,eval,2,"QED,HBA",CCOC(=O)C(C)Oc1cccc(N(Cc2cccnc2)S(=O)(=O)CC(F)(F)F)c1,O=S(=O)(CC(F)(F)F)N(Cc1cccnc1)c1cccc(OC(F)(F)F)c1,O=S(=O)(CC(F)(F)F)N(Cc1cccnc1)c1cccc(OC(F)(F)F)c1,c1ccc(NCc2cccnc2)cc1,c1ccc(NCc2cccnc2)cc1,True,True,True,,0.6885245901639344,1.0,,,,,,,,,0.6736163493728189,0.6736163493728189,0.0,True,,,,,,,,,4.0,4.0,0.0,True,,,,
target_oracle,mpair_00000003_cond_01_3p,mpair_00000003,eval,3,"MW,LogP,HBA",COc1cccc(C(=O)N2C[C@H](CN3CCC(c4ccccc4)CC3)[C@@H](c3ccccc3)C2)c1,O=C(c1ccccc1Br)N1C[C@H](CN2CCC(c3ccccc3)CC2)[C@@H](c2ccccc2)C1,O=C(c1ccccc1Br)N1C[C@H](CN2CCC(c3ccccc3)CC2)[C@@H](c2ccccc2)C1,O=C(c1ccccc1)N1C[C@H](CN2CCC(c3ccccc3)CC2)[C@@H](c2ccccc2)C1,O=C(c1ccccc1)N1C[C@H](CN2CCC(c3ccccc3)CC2)[C@@H](c2ccccc2)C1,True,True,True,,0.6065573770491803,1.0,503.48400000000026,503.48400000000026,0.0,True,6.184500000000006,6.184500000000006,0.0,True,,,,,,,,,,,,,2.0,2.0,0.0,True,,,,
target_oracle,mpair_00000009_cond_02_3p,mpair_00000009,eval,3,"LogP,HBA,RB",COc1cccc(C(=O)N2C[C@H](CN3CCC(c4ccccc4)CC3)[C@@H](c3ccccc3)C2)c1,O=C(c1cccc(Cl)c1)N1C[C@H](CN2CCC(c3ccccc3)CC2)[C@@H](c2ccccc2)C1,O=C(c1cccc(Cl)c1)N1C[C@H](CN2CCC(c3ccccc3)CC2)[C@@H](c2ccccc2)C1,O=C(c1ccccc1)N1C[C@H](CN2CCC(c3ccccc3)CC2)[C@@H](c2ccccc2)C1,O=C(c1ccccc1)N1C[C@H](CN2CCC(c3ccccc3)CC2)[C@@H](c2ccccc2)C1,True,True,True,,0.7413793103448276,1.0,,,,,6.075400000000006,6.075400000000006,0.0,True,,,,,,,,,,,,,2.0,2.0,0.0,True,5.0,5.0,0.0,True
target_oracle,mpair_00000015_cond_02_3p,mpair_00000015,eval,3,"LogP,TPSA,HBA",O=C(O)CC[C@H]1CC[C@H]2CN[C@H](C(=O)O)C[C@H]2C1,O=C(O)[C@@H]1C[C@H]2C[C@@H](CCS(=O)(=O)O)CC[C@H]2CN1,O=C(O)[C@@H]1C[C@H]2C[C@@H](CCS(=O)(=O)O)CC[C@H]2CN1,C1CC[C@H]2CNCC[C@H]2C1,C1CC[C@H]2CNCC[C@H]2C1,True,True,True,,0.6829268292682927,1.0,,,,,0.7433000000000001,0.7433000000000001,0.0,True,,,,,103.7,103.7,0.0,True,,,,,4.0,4.0,0.0,True,,,,
target_oracle,mpair_00000322_cond_00_3p,mpair_00000322,eval,3,"MW,LogP,QED",N[C@@H](C(=O)N[C@@H]1C(=O)N2C(C(=O)O)=C(C(F)(F)F)CC[C@H]12)c1cccc(C(F)(F)F)c1,CSC1=C(C(=O)O)N2C(=O)[C@@H](NC(=O)[C@H](N)c3ccccc3)[C@H]2CC1,CSC1=C(C(=O)O)N2C(=O)[C@@H](NC(=O)[C@H](N)c3ccccc3)[C@H]2CC1,O=C(Cc1ccccc1)N[C@@H]1C(=O)N2C=CCC[C@H]12,O=C(Cc1ccccc1)N[C@@H]1C(=O)N2C=CCC[C@H]12,True,True,True,,0.5757575757575758,1.0,361.42300000000006,361.42300000000006,0.0,True,0.8350000000000002,0.8350000000000002,0.0,True,0.6699274889764619,0.6699274889764619,0.0,True,,,,,,,,,,,,,,,,
target_oracle,mpair_00000329_cond_01_3p,mpair_00000329,eval,3,"QED,HBA,RB",CSC1=C(C(=O)O)N2C(=O)[C@@H](NC(=O)[C@H](N)c3ccccc3)[C@H]2CC1,N[C@@H](C(=O)N[C@@H]1C(=O)N2C(C(=O)O)=C(C(F)(F)F)CC[C@H]12)c1ccc(F)cc1,N[C@@H](C(=O)N[C@@H]1C(=O)N2C(C(=O)O)=C(C(F)(F)F)CC[C@H]12)c1ccc(F)cc1,O=C(Cc1ccccc1)N[C@@H]1C(=O)N2C=CCC[C@H]12,O=C(Cc1ccccc1)N[C@@H]1C(=O)N2C=CCC[C@H]12,True,True,True,,0.5873015873015873,1.0,,,,,,,,,0.5187711593734389,0.5187711593734389,0.0,True,,,,,,,,,4.0,4.0,0.0,True,4.0,4.0,0.0,True
target_oracle,mpair_00000331_cond_01_3p,mpair_00000331,eval,3,"TPSA,HBD,HBA",N[C@@H](C(=O)N[C@@H]1C(=O)N2C(C(=O)O)=C(C(F)(F)F)CC[C@H]12)c1ccc(O)cc1,N[C@@H](C(=O)N[C@@H]1C(=O)N2C(C(=O)O)=C(C(F)(F)F)CC[C@H]12)c1ccc(F)cc1,N[C@@H](C(=O)N[C@@H]1C(=O)N2C(C(=O)O)=C(C(F)(F)F)CC[C@H]12)c1ccc(F)cc1,O=C(Cc1ccccc1)N[C@@H]1C(=O)N2C=CCC[C@H]12,O=C(Cc1ccccc1)N[C@@H]1C(=O)N2C=CCC[C@H]12,True,True,True,,0.8545454545454545,1.0,,,,,,,,,,,,,112.73,112.73,0.0,True,3.0,3.0,0.0,True,4.0,4.0,0.0,True,,,,
target_oracle,mpair_00000336_cond_00_3p,mpair_00000336,eval,3,"MW,LogP,QED",N[C@@H](C(=O)N[C@@H]1C(=O)N2C(C(=O)O)=C(C(F)(F)F)CC[C@H]12)c1cccc(Br)c1,N[C@@H](C(=O)N[C@@H]1C(=O)N2C(C(=O)O)=C(C(F)(F)F)CC[C@H]12)c1ccc(F)cc1,N[C@@H](C(=O)N[C@@H]1C(=O)N2C(C(=O)O)=C(C(F)(F)F)CC[C@H]12)c1ccc(F)cc1,O=C(Cc1ccccc1)N[C@@H]1C(=O)N2C=CCC[C@H]12,O=C(Cc1ccccc1)N[C@@H]1C(=O)N2C=CCC[C@H]12,True,True,True,,0.7377049180327869,1.0,401.3160000000001,401.3160000000001,0.0,True,1.2158999999999993,1.2158999999999993,0.0,True,0.5187711593734389,0.5187711593734389,0.0,True,,,,,,,,,,,,,,,,
target_oracle,mpair_00000595_cond_01_3p,mpair_00000595,eval,3,"QED,HBD,RB",COc1ccc(CCCC[C@@H]2N[C@@H](CO)[C@H](O)[C@H]2O)cc1,OC[C@@H]1N[C@@H](CCCCc2ccc(O)cc2)[C@H](O)[C@H]1O,OC[C@@H]1N[C@@H](CCCCc2ccc(O)cc2)[C@H](O)[C@H]1O,c1ccc(CCCC[C@H]2CCCN2)cc1,c1ccc(CCCC[C@H]2CCCN2)cc1,True,True,True,,0.7,1.0,,,,,,,,,0.47902706341404183,0.47902706341404183,0.0,True,,,,,5.0,5.0,0.0,True,,,,,6.0,6.0,0.0,True
target_oracle,mpair_00000726_cond_00_3p,mpair_00000726,eval,3,"MW,LogP,QED",C=CCc1cc(/C=C2\SC(=O)NC2=O)c(OC)cc1OC1CCCCO1,C=CCc1cc(/C=C2\SC(=O)N(CC=C)C2=O)c(OC)cc1OC1CCCCO1,C=CCc1cc(/C=C2\SC(=O)N(CC=C)C2=O)c(OC)cc1OC1CCCCO1,O=C1NC(=O)/C(=C/c2ccc(OC3CCCCO3)cc2)S1,O=C1NC(=O)/C(=C/c2ccc(OC3CCCCO3)cc2)S1,True,True,True,,0.696969696969697,1.0,415.51100000000025,415.51100000000025,0.0,True,4.551400000000004,4.551400000000004,0.0,True,0.45838471716690443,0.45838471716690443,0.0,True,,,,,,,,,,,,,,,,
target_oracle,mpair_00000739_cond_01_3p,mpair_00000739,eval,3,"LogP,QED,RB",C=CCc1cc(/C=C2\SC(=O)N(CCCC)C2=O)c(OC)cc1OC1CCCCO1,C=CCc1cc(/C=C2\SC(=O)N(CC=C)C2=O)c(OC)cc1OC1CCCCO1,C=CCc1cc(/C=C2\SC(=O)N(CC=C)C2=O)c(OC)cc1OC1CCCCO1,O=C1NC(=O)/C(=C/c2ccc(OC3CCCCO3)cc2)S1,O=C1NC(=O)/C(=C/c2ccc(OC3CCCCO3)cc2)S1,True,True,True,,0.8181818181818182,1.0,,,,,4.551400000000004,4.551400000000004,0.0,True,0.45838471716690443,0.45838471716690443,0.0,True,,,,,,,,,,,,,8.0,8.0,0.0,True
target_oracle,mpair_00000741_cond_02_3p,mpair_00000741,eval,3,"LogP,QED,RB",C=CCc1cc(/C=C2\SC(=O)N(C)C2=O)c(OC)cc1OC1CCCCO1,C=CCc1cc(/C=C2\SC(=O)N(C(C)C)C2=O)c(OC)cc1OC1CCCCO1,C=CCc1cc(/C=C2\SC(=O)N(C(C)C)C2=O)c(OC)cc1OC1CCCCO1,O=C1NC(=O)/C(=C/c2ccc(OC3CCCCO3)cc2)S1,O=C1NC(=O)/C(=C/c2ccc(OC3CCCCO3)cc2)S1,True,True,True,,0.796875,1.0,,,,,4.773800000000004,4.773800000000004,0.0,True,0.4701504427149941,0.4701504427149941,0.0,True,,,,,,,,,,,,,7.0,7.0,0.0,True
target_oracle,mpair_00000746_cond_01_3p,mpair_00000746,eval,3,"LogP,QED,RB",C=CCc1cc(/C=C2\SC(=O)N(CC=C)C2=O)c(OC)cc1OC1CCCCO1,C=CCc1cc(/C=C2\SC(=O)N(CCCC)C2=O)c(OC)cc1OC1CCCCO1,C=CCc1cc(/C=C2\SC(=O)N(CCCC)C2=O)c(OC)cc1OC1CCCCO1,O=C1NC(=O)/C(=C/c2ccc(OC3CCCCO3)cc2)S1,O=C1NC(=O)/C(=C/c2ccc(OC3CCCCO3)cc2)S1,True,True,True,,0.8181818181818182,1.0,,,,,5.165500000000004,5.165500000000004,0.0,True,0.39718598618589046,0.39718598618589046,0.0,True,,,,,,,,,,,,,9.0,9.0,0.0,True
target_oracle,mpair_00000748_cond_01_3p,mpair_00000748,eval,3,"LogP,QED,RB",C=CCc1cc(/C=C2\SC(=O)N(C)C2=O)c(OC)cc1OC1CCCCO1,C=CCc1cc(/C=C2\SC(=O)N(CC=C)C2=O)c(OC)cc1OC1CCCCO1,C=CCc1cc(/C=C2\SC(=O)N(CC=C)C2=O)c(OC)cc1OC1CCCCO1,O=C1NC(=O)/C(=C/c2ccc(OC3CCCCO3)cc2)S1,O=C1NC(=O)/C(=C/c2ccc(OC3CCCCO3)cc2)S1,True,True,True,,0.8095238095238095,1.0,,,,,4.551400000000004,4.551400000000004,0.0,True,0.45838471716690443,0.45838471716690443,0.0,True,,,,,,,,,,,,,8.0,8.0,0.0,True
target_oracle,mpair_00000754_cond_02_3p,mpair_00000754,eval,3,"MW,LogP,QED",COC(=O)C[C@@H]1CC(=O)N2[C@H](Cc3c[nH]c4ccccc34)CO[C@@H]2C1,CC[C@H]1CCC(=O)N2[C@H](Cc3c[nH]c4ccccc34)CO[C@H]12,CC[C@H]1CCC(=O)N2[C@H](Cc3c[nH]c4ccccc34)CO[C@H]12,O=C1CCC[C@H]2OC[C@@H](Cc3c[nH]c4ccccc34)N12,O=C1CCC[C@H]2OC[C@@H](Cc3c[nH]c4ccccc34)N12,True,True,True,,0.5072463768115942,1.0,298.3860000000001,298.3860000000001,0.0,True,3.0839000000000016,3.0839000000000016,0.0,True,0.9461815070706311,0.9461815070706311,0.0,True,,,,,,,,,,,,,,,,
target_oracle,mpair_00001117_cond_00_3p,mpair_00001117,eval,3,"MW,HBD,HBA",COc1ccc(N2CCN(CCC3c4ccccc4C(=O)N3C)CC2)cc1,O=C1NC(CCN2CCN(c3ccccc3)CC2)c2ccccc21,O=C1NC(CCN2CCN(c3ccccc3)CC2)c2ccccc21,O=C1NC(CCN2CCN(c3ccccc3)CC2)c2ccccc21,O=C1NC(CCN2CCN(c3ccccc3)CC2)c2ccccc21,True,True,True,,0.47368421052631576,1.0,321.4240000000001,321.4240000000001,0.0,True,,,,,,,,,,,,,1.0,1.0,0.0,True,3.0,3.0,0.0,True,,,,
target_oracle,mpair_00001127_cond_02_3p,mpair_00001127,eval,3,"LogP,TPSA,HBD",CN1C(=O)c2ccccc2C1CCN1CCN(c2ccc(Cl)cc2)CC1,COc1ccc(N2CCN(CCC3NC(=O)c4ccccc43)CC2)cc1,COc1ccc(N2CCN(CCC3NC(=O)c4ccccc43)CC2)cc1,O=C1NC(CCN2CCN(c3ccccc3)CC2)c2ccccc21,O=C1NC(CCN2CCN(c3ccccc3)CC2)c2ccccc21,True,True,True,,0.48333333333333334,1.0,,,,,2.692000000000001,2.692000000000001,0.0,True,,,,,44.81,44.81,0.0,True,1.0,1.0,0.0,True,,,,,,,,
target_oracle,mpair_00001133_cond_01_3p,mpair_00001133,eval,3,"QED,TPSA,HBA",COc1ccccc1CC(=O)NCCC1CCN(CC2COc3ccccc3O2)CC1,O=C(Cc1ccccc1[N+](=O)[O-])NCCC1CCN(CC2COc3ccccc3O2)CC1,O=C(Cc1ccccc1[N+](=O)[O-])NCCC1CCN(CC2COc3ccccc3O2)CC1,O=C(Cc1ccccc1)NCCC1CCN(CC2COc3ccccc3O2)CC1,O=C(Cc1ccccc1)NCCC1CCN(CC2COc3ccccc3O2)CC1,True,True,True,,0.7164179104477612,1.0,,,,,,,,,0.5015202818225966,0.5015202818225966,0.0,True,93.94,93.94,0.0,True,,,,,6.0,6.0,0.0,True,,,,
target_oracle,mpair_00002370_cond_01_3p,mpair_00002370,eval,3,"QED,HBA,RB",CCOC(=O)/C=C/c1cc(C(=O)c2ccc(-n3ccnc3)cc2)cn1C,Cn1cc(C(=O)c2ccc(-n3ccnc3)cc2)cc1/C=C/C(=O)O,Cn1cc(C(=O)c2ccc(-n3ccnc3)cc2)cc1/C=C/C(=O)O,O=C(c1ccc(-n2ccnc2)cc1)c1cc[nH]c1,O=C(c1ccc(-n2ccnc2)cc1)c1cc[nH]c1,True,True,True,,0.7454545454545455,1.0,,,,,,,,,0.5785260949639057,0.5785260949639057,0.0,True,,,,,,,,,5.0,5.0,0.0,True,5.0,5.0,0.0,True
target_oracle,mpair_00002375_cond_01_3p,mpair_00002375,eval,3,"LogP,TPSA,HBA",COc1cccc2sc([C@@H]3C[C@H]4CC[C@@H](C3)N4C[C@H](O)COc3cccc4[nH]c(C(N)=O)cc34)cc12,COc1cccc2sc([C@@H]3C[C@H]4CC[C@@H](C3)N4C[C@H](O)COc3cccc4[nH]c(C)cc34)cc12,COc1cccc2sc([C@@H]3C[C@H]4CC[C@@H](C3)N4C[C@H](O)COc3cccc4[nH]c(C)cc34)cc12,c1ccc2sc([C@@H]3C[C@H]4CC[C@@H](C3)N4CCCOc3cccc4[nH]ccc34)cc2c1,c1ccc2sc([C@@H]3C[C@H]4CC[C@@H](C3)N4CCCOc3cccc4[nH]ccc34)cc2c1,True,True,True,,0.7916666666666666,1.0,,,,,5.849920000000006,5.849920000000006,0.0,True,,,,,57.720000000000006,57.720000000000006,0.0,True,,,,,5.0,5.0,0.0,True,,,,
target_oracle,mpair_00002464_cond_02_3p,mpair_00002464,eval,3,"QED,HBA,RB",CN(C)CCCOc1cc(C(=O)Nc2ccc(OC(F)(F)F)cc2)n(Cc2ccccc2)n1,CN(C)CCCOc1cc(C(=O)Nc2ccc(Cl)cc2F)n(Cc2ccccc2)n1,CN(C)CCCOc1cc(C(=O)Nc2ccc(Cl)cc2F)n(Cc2ccccc2)n1,O=C(Nc1ccccc1)c1ccnn1Cc1ccccc1,O=C(Nc1ccccc1)c1ccnn1Cc1ccccc1,True,True,True,,0.6428571428571429,1.0,,,,,,,,,0.5138601191048354,0.5138601191048354,0.0,True,,,,,,,,,5.0,5.0,0.0,True,9.0,9.0,0.0,True
target_oracle,mpair_00002468_cond_02_3p,mpair_00002468,eval,3,"MW,LogP,RB",CN(C)CCCOc1cc(C(=O)Nc2cc(F)cc(C(F)(F)F)c2)n(Cc2ccccc2)n1,COc1ccc(NC(=O)c2cc(OCCCN(C)C)nn2Cc2ccccc2)cc1,COc1ccc(NC(=O)c2cc(OCCCN(C)C)nn2Cc2ccccc2)cc1,O=C(Nc1ccccc1)c1ccnn1Cc1ccccc1,O=C(Nc1ccccc1)c1ccnn1Cc1ccccc1,True,True,True,,0.6764705882352942,1.0,408.50200000000007,408.50200000000007,0.0,True,3.522800000000002,3.522800000000002,0.0,True,,,,,,,,,,,,,,,,,10.0,10.0,0.0,True
target_oracle,mpair_00002471_cond_00_3p,mpair_00002471,eval,3,"MW,TPSA,RB",CN(C)CCCOc1cc(C(=O)Nc2ccc(Cl)cc2F)n(Cc2ccccc2)n1,COc1cc(NC(=O)c2cc(OCCCN(C)C)nn2Cc2ccccc2)cc(OC)c1OC,COc1cc(NC(=O)c2cc(OCCCN(C)C)nn2Cc2ccccc2)cc(OC)c1OC,O=C(Nc1ccccc1)c1ccnn1Cc1ccccc1,O=C(Nc1ccccc1)c1ccnn1Cc1ccccc1,True,True,True,,0.6376811594202898,1.0,468.5540000000002,468.5540000000002,0.0,True,,,,,,,,,87.08000000000001,87.08000000000001,0.0,True,,,,,,,,,12.0,12.0,0.0,True
target_oracle,mpair_00002477_cond_02_3p,mpair_00002477,eval,3,"QED,HBA,RB",CN(C)CCCOc1cc(C(=O)Nc2cc(F)cc(C(F)(F)F)c2)n(Cc2ccccc2)n1,CN(C)CCCOc1cc(C(=O)Nc2ccc(OC(F)(F)F)cc2)n(Cc2ccccc2)n1,CN(C)CCCOc1cc(C(=O)Nc2ccc(OC(F)(F)F)cc2)n(Cc2ccccc2)n1,O=C(Nc1ccccc1)c1ccnn1Cc1ccccc1,O=C(Nc1ccccc1)c1ccnn1Cc1ccccc1,True,True,True,,0.7101449275362319,1.0,,,,,,,,,0.4522382232340766,0.4522382232340766,0.0,True,,,,,,,,,6.0,6.0,0.0,True,10.0,10.0,0.0,True
target_oracle,mpair_00002481_cond_00_3p,mpair_00002481,eval,3,"LogP,TPSA,RB",COc1cc(NC(=O)c2cc(OCCCN(C)C)nn2Cc2ccccc2)cc(OC)c1OC,CN(C)CCCOc1cc(C(=O)Nc2cc(F)cc(C(F)(F)F)c2)n(Cc2ccccc2)n1,CN(C)CCCOc1cc(C(=O)Nc2cc(F)cc(C(F)(F)F)c2)n(Cc2ccccc2)n1,O=C(Nc1ccccc1)c1ccnn1Cc1ccccc1,O=C(Nc1ccccc1)c1ccnn1Cc1ccccc1,True,True,True,,0.6811594202898551,1.0,,,,,4.672100000000003,4.672100000000003,0.0,True,,,,,59.39,59.39,0.0,True,,,,,,,,,9.0,9.0,0.0,True
target_oracle,mpair_00002485_cond_01_3p,mpair_00002485,eval,3,"LogP,TPSA,HBA",CN(C)CCCOc1cc(C(=O)Nc2cc(F)cc(C(F)(F)F)c2)n(Cc2ccccc2)n1,COc1cc(NC(=O)c2cc(OCCCN(C)C)nn2Cc2ccccc2)cc(OC)c1OC,COc1cc(NC(=O)c2cc(OCCCN(C)C)nn2Cc2ccccc2)cc(OC)c1OC,O=C(Nc1ccccc1)c1ccnn1Cc1ccccc1,O=C(Nc1ccccc1)c1ccnn1Cc1ccccc1,True,True,True,,0.6811594202898551,1.0,,,,,3.5400000000000027,3.5400000000000027,0.0,True,,,,,87.08000000000001,87.08000000000001,0.0,True,,,,,8.0,8.0,0.0,True,,,,
target_oracle,mpair_00002490_cond_00_3p,mpair_00002490,eval,3,"LogP,TPSA,HBA",CCOC(=O)c1cc(C(C)O)cn1S(=O)(=O)c1cc(Cl)ccc1N,C=Cc1cc(C(=O)OCC)n(S(=O)(=O)c2cc(Cl)ccc2N)c1,C=Cc1cc(C(=O)OCC)n(S(=O)(=O)c2cc(Cl)ccc2N)c1,O=S(=O)(c1ccccc1)n1cccc1,O=S(=O)(c1ccccc1)n1cccc1,True,True,True,,0.7192982456140351,1.0,,,,,2.7804,2.7804,0.0,True,,,,,91.39,91.39,0.0,True,,,,,6.0,6.0,0.0,True,,,,
target_oracle,mpair_00002500_cond_01_3p,mpair_00002500,eval,3,"MW,QED,RB",O=C1C(Nc2ccc(Br)cc2)=C(Cl)C(=O)c2ncncc21,CCc1ccc(NC2=C(Cl)C(=O)c3ncncc3C2=O)cc1,CCc1ccc(NC2=C(Cl)C(=O)c3ncncc3C2=O)cc1,O=C1C(Nc2ccccc2)=CC(=O)c2ncncc21,O=C1C(Nc2ccccc2)=CC(=O)c2ncncc21,True,True,True,,0.7111111111111111,1.0,313.744,313.744,0.0,True,,,,,0.9428073960459649,0.9428073960459649,0.0,True,,,,,,,,,,,,,3.0,3.0,0.0,True
target_oracle,mpair_00002503_cond_02_3p,mpair_00002503,eval,3,"MW,QED,RB",CCc1ccc(NC2=C(Cl)C(=O)c3ncncc3C2=O)cc1,O=C1C(Nc2ccc(Br)cc2)=C(Cl)C(=O)c2ncncc21,O=C1C(Nc2ccc(Br)cc2)=C(Cl)C(=O)c2ncncc21,O=C1C(Nc2ccccc2)=CC(=O)c2ncncc21,O=C1C(Nc2ccccc2)=CC(=O)c2ncncc21,True,True,True,,0.7111111111111111,1.0,364.58600000000007,364.58600000000007,0.0,True,,,,,0.885902971993687,0.885902971993687,0.0,True,,,,,,,,,,,,,2.0,2.0,0.0,True
target_oracle,mpair_00002509_cond_02_3p,mpair_00002509,eval,3,"LogP,QED,TPSA",CSc1cc(-c2ccc(Br)cc2)oc(=O)c1C#N,CSc1cc(-c2ccc(Br)cc2)oc(=O)c1Br,CSc1cc(-c2ccc(Br)cc2)oc(=O)c1Br,O=c1cccc(-c2ccccc2)o1,O=c1cccc(-c2ccccc2)o1,True,True,True,,0.675,1.0,,,,,4.553700000000002,4.553700000000002,0.0,True,0.7207772389894862,0.7207772389894862,0.0,True,30.21,30.21,0.0,True,,,,,,,,,,,,
target_oracle,mpair_00002533_cond_00_3p,mpair_00002533,eval,3,"LogP,TPSA,HBA",CSc1cc(-c2ccc(Br)cc2)oc(=O)c1C#N,CSc1cc(-c2ccc(Cl)cc2)oc(=O)c1Br,CSc1cc(-c2ccc(Cl)cc2)oc(=O)c1Br,O=c1cccc(-c2ccccc2)o1,O=c1cccc(-c2ccccc2)o1,True,True,True,,0.5333333333333333,1.0,,,,,4.444600000000001,4.444600000000001,0.0,True,,,,,30.21,30.21,0.0,True,,,,,3.0,3.0,0.0,True,,,,
target_oracle,mpair_00002557_cond_02_3p,mpair_00002557,eval,3,"LogP,QED,HBA",CSc1nc(-c2ccc(C)cc2)nn1C(=O)N(C)c1ccccc1,CSc1nc(-c2ccc(OC(F)(F)F)cc2)nn1C(=O)N(C)c1ccccc1,CSc1nc(-c2ccc(OC(F)(F)F)cc2)nn1C(=O)N(C)c1ccccc1,O=C(Nc1ccccc1)n1cnc(-c2ccccc2)n1,O=C(Nc1ccccc1)n1cnc(-c2ccccc2)n1,True,True,True,,0.7169811320754716,1.0,,,,,4.670100000000003,4.670100000000003,0.0,True,0.5874043626188404,0.5874043626188404,0.0,True,,,,,,,,,6.0,6.0,0.0,True,,,,
target_oracle,mpair_00002564_cond_01_3p,mpair_00002564,eval,3,"LogP,QED,HBA",CSc1nc(-c2ccc(OC(F)(F)F)cc2)nn1C(=O)N(C)c1ccccc1,CN(C(=O)n1nc(-c2ccc(Cl)cc2)nc1SCC(F)(F)F)c1ccccc1,CN(C(=O)n1nc(-c2ccc(Cl)cc2)nc1SCC(F)(F)F)c1ccccc1,O=C(Nc1ccccc1)n1cnc(-c2ccccc2)n1,O=C(Nc1ccccc1)n1cnc(-c2ccccc2)n1,True,True,True,,0.5967741935483871,1.0,,,,,5.357400000000003,5.357400000000003,0.0,True,0.5270344401044634,0.5270344401044634,0.0,True,,,,,,,,,5.0,5.0,0.0,True,,,,
target_oracle,mpair_00002572_cond_02_3p,mpair_00002572,eval,3,"HBD,HBA,RB",COc1cc(C(=O)N2CCN(C(=O)c3cc(OC)c(OC)c(OC)c3)C(CO)C2)cc(OC)c1OC,COc1cc(C(=O)N2CCN(C(=O)c3cc(OC)c(OC)c(OC)c3)C(COC(=O)CC(C)(C)C)C2)cc(OC)c1OC,COc1cc(C(=O)N2CCN(C(=O)c3cc(OC)c(OC)c(OC)c3)C(COC(=O)CC(C)(C)C)C2)cc(OC)c1OC,O=C(c1ccccc1)N1CCN(C(=O)c2ccccc2)CC1,O=C(c1ccccc1)N1CCN(C(=O)c2ccccc2)CC1,True,True,True,,0.6792452830188679,1.0,,,,,,,,,,,,,,,,,0.0,0.0,0.0,True,10.0,10.0,0.0,True,11.0,11.0,0.0,True
target_oracle,mpair_00002583_cond_01_3p,mpair_00002583,eval,3,"MW,LogP,QED",CCN(CC)C(=O)OCC1CN(C(=O)c2cc(OC)c(OC)c(OC)c2)CCN1C(=O)c1cc(OC)c(OC)c(OC)c1,COc1cc(C(=O)N2CCN(C(=O)c3cc(OC)c(OC)c(OC)c3)C(CO)C2)cc(OC)c1OC,COc1cc(C(=O)N2CCN(C(=O)c3cc(OC)c(OC)c(OC)c3)C(CO)C2)cc(OC)c1OC,O=C(c1ccccc1)N1CCN(C(=O)c2ccccc2)CC1,O=C(c1ccccc1)N1CCN(C(=O)c2ccccc2)CC1,True,True,True,,0.6792452830188679,1.0,504.53600000000034,504.53600000000034,0.0,True,1.6973000000000003,1.6973000000000003,0.0,True,0.544633228323374,0.544633228323374,0.0,True,,,,,,,,,,,,,,,,
target_oracle,mpair_00002588_cond_00_3p,mpair_00002588,eval,3,"MW,QED,RB",COc1cc(C(=O)N2CCN(C(=O)c3cc(OC)c(OC)c(OC)c3)CC2)cc(OC)c1OC,CCN(CC)C(=O)OCC1CN(C(=O)c2cc(OC)c(OC)c(OC)c2)CCN1C(=O)c1cc(OC)c(OC)c(OC)c1,CCN(CC)C(=O)OCC1CN(C(=O)c2cc(OC)c(OC)c(OC)c2)CCN1C(=O)c1cc(OC)c(OC)c(OC)c1,O=C(c1ccccc1)N1CCN(C(=O)c2ccccc2)CC1,O=C(c1ccccc1)N1CCN(C(=O)c2ccccc2)CC1,True,True,True,,0.52,1.0,603.6690000000003,603.6690000000003,0.0,True,,,,,0.3571777118480848,0.3571777118480848,0.0,True,,,,,,,,,,,,,12.0,12.0,0.0,True
target_oracle,mpair_00002594_cond_01_3p,mpair_00002594,eval,3,"MW,LogP,RB",CCN(CC)C(=O)OCC1CN(C(=O)c2cc(OC)c(OC)c(OC)c2)CCN1C(=O)c1cc(OC)c(OC)c(OC)c1,COc1cc(C(=O)N2CCN(C(=O)c3cc(OC)c(OC)c(OC)c3)C(COC(C)=O)C2)cc(OC)c1OC,COc1cc(C(=O)N2CCN(C(=O)c3cc(OC)c(OC)c(OC)c3)C(COC(C)=O)C2)cc(OC)c1OC,O=C(c1ccccc1)N1CCN(C(=O)c2ccccc2)CC1,O=C(c1ccccc1)N1CCN(C(=O)c2ccccc2)CC1,True,True,True,,0.7547169811320755,1.0,546.5730000000003,546.5730000000003,0.0,True,2.2681000000000004,2.2681000000000004,0.0,True,,,,,,,,,,,,,,,,,10.0,10.0,0.0,True
target_oracle,mpair_00002600_cond_01_3p,mpair_00002600,eval,3,"MW,QED,RB",COc1ccc(C(=O)Nc2ccncc2Cl)c2cccnc12,CCc1ccc2c(C(=O)Nc3c(Cl)cncc3Cl)ccc(OC)c2n1,CCc1ccc2c(C(=O)Nc3c(Cl)cncc3Cl)ccc(OC)c2n1,O=C(Nc1ccncc1)c1cccc2ncccc12,O=C(Nc1ccncc1)c1cccc2ncccc12,True,True,True,,0.5,1.0,376.2430000000001,376.2430000000001,0.0,True,,,,,0.7131894410136064,0.7131894410136064,0.0,True,,,,,,,,,,,,,4.0,4.0,0.0,True
target_oracle,mpair_00002603_cond_01_3p,mpair_00002603,eval,3,"LogP,TPSA,HBA",COc1ccc(C(=O)Nc2c(Cl)cncc2Cl)c2ccc(C(C)O)nc12,CCc1ccc2c(C(=O)Nc3c(Cl)cncc3Cl)ccc(OC)c2n1,CCc1ccc2c(C(=O)Nc3c(Cl)cncc3Cl)ccc(OC)c2n1,O=C(Nc1ccncc1)c1cccc2ncccc12,O=C(Nc1ccncc1)c1cccc2ncccc12,True,True,True,,0.6964285714285714,1.0,,,,,4.759900000000003,4.759900000000003,0.0,True,,,,,64.11,64.11,0.0,True,,,,,4.0,4.0,0.0,True,,,,
target_oracle,mpair_00002610_cond_00_3p,mpair_00002610,eval,3,"LogP,TPSA,HBA",CCc1ccc2c(C(=O)Nc3c(Cl)cncc3Cl)ccc(OC)c2n1,COc1ccc(C(=O)Nc2c(Cl)cncc2Cl)c2ccc(C(C)O)nc12,COc1ccc(C(=O)Nc2c(Cl)cncc2Cl)c2ccc(C(C)O)nc12,O=C(Nc1ccncc1)c1cccc2ncccc12,O=C(Nc1ccncc1)c1cccc2ncccc12,True,True,True,,0.6964285714285714,1.0,,,,,4.2508000000000035,4.2508000000000035,0.0,True,,,,,84.34,84.34,0.0,True,,,,,5.0,5.0,0.0,True,,,,
target_oracle,mpair_00002616_cond_00_3p,mpair_00002616,eval,3,"TPSA,HBA,RB",COc1ccc(C(=O)Nc2c(F)cncc2F)c2ccc(C(F)(F)F)nc12,COc1ccc(C(=O)Nc2c(Cl)cncc2Cl)c2ccc(C(C)=O)nc12,COc1ccc(C(=O)Nc2c(Cl)cncc2Cl)c2ccc(C(C)=O)nc12,O=C(Nc1ccncc1)c1cccc2ncccc12,O=C(Nc1ccncc1)c1cccc2ncccc12,True,True,True,,0.55,1.0,,,,,,,,,,,,,81.17999999999999,81.17999999999999,0.0,True,,,,,5.0,5.0,0.0,True,4.0,4.0,0.0,True
target_oracle,mpair_00002620_cond_02_3p,mpair_00002620,eval,3,"LogP,QED,RB",CCc1ccc2c(C(=O)Nc3c(Cl)cncc3Cl)ccc(OC)c2n1,COc1ccc(C(=O)Nc2c(Cl)cncc2Cl)c2cccnc12,COc1ccc(C(=O)Nc2c(Cl)cncc2Cl)c2cccnc12,O=C(Nc1ccncc1)c1cccc2ncccc12,O=C(Nc1ccncc1)c1cccc2ncccc12,True,True,True,,0.6545454545454545,1.0,,,,,4.1975000000000025,4.1975000000000025,0.0,True,0.7706046174674384,0.7706046174674384,0.0,True,,,,,,,,,,,,,3.0,3.0,0.0,True
target_oracle,mpair_00002628_cond_01_3p,mpair_00002628,eval,3,"LogP,TPSA,HBA",CC(C)[C@@H](O)C(=O)N1C[C@H](c2ccccc2)C[C@H]1C(=O)N[C@@H](CC(F)F)C(=O)NCCc1c(F)cc(C(=O)O)cc1F,CC(C)CC(=O)N1C[C@H](c2ccccc2)C[C@H]1C(=O)N[C@@H](CC(F)F)C(=O)NCCc1c(F)cc(C(=O)O)cc1F,CC(C)CC(=O)N1C[C@H](c2ccccc2)C[C@H]1C(=O)N[C@@H](CC(F)F)C(=O)NCCc1c(F)cc(C(=O)O)cc1F,O=C(CNC(=O)[C@@H]1C[C@@H](c2ccccc2)CN1)NCCc1ccccc1,O=C(CNC(=O)[C@@H]1C[C@@H](c2ccccc2)CN1)NCCc1ccccc1,True,True,True,,0.7916666666666666,1.0,,,,,3.892500000000002,3.892500000000002,0.0,True,,,,,115.81000000000002,115.81000000000002,0.0,True,,,,,4.0,4.0,0.0,True,,,,
target_oracle,mpair_00003114_cond_02_3p,mpair_00003114,eval,3,"MW,LogP,RB",CCCCc1nnc2nc(C)c(C)c(=O)n2n1,Cc1nc2nncnn2c(=O)c1C,Cc1nc2nncnn2c(=O)c1C,O=c1ccnc2nncnn12,O=c1ccnc2nncnn12,True,True,True,,0.4418604651162791,1.0,177.167,177.167,0.0,True,-0.5036600000000002,-0.5036600000000002,0.0,True,,,,,,,,,,,,,,,,,0.0,0.0,0.0,True
target_oracle,mpair_00003201_cond_02_3p,mpair_00003201,eval,3,"HBD,HBA,RB",O=C(O)c1ccc(NCCCCCCc2cccs2)cc1,CCOC(=O)c1ccc(NCCCCCCc2cccs2)cc1,CCOC(=O)c1ccc(NCCCCCCc2cccs2)cc1,c1ccc(NCCCCCCc2cccs2)cc1,c1ccc(NCCCCCCc2cccs2)cc1,True,True,True,,0.7021276595744681,1.0,,,,,,,,,,,,,,,,,1.0,1.0,0.0,True,4.0,4.0,0.0,True,10.0,10.0,0.0,True
target_oracle,mpair_00003207_cond_02_3p,mpair_00003207,eval,3,"MW,LogP,HBA",Cc1cc(-n2ncc(=O)[nH]c2=O)ccc1S(=O)(=O)N1CCN(C=O)CC1,CCOC(=O)N1CCN(S(=O)(=O)c2ccc(-n3ncc(=O)[nH]c3=O)cc2Cl)CC1,CCOC(=O)N1CCN(S(=O)(=O)c2ccc(-n3ncc(=O)[nH]c3=O)cc2Cl)CC1,O=c1cnn(-c2ccc(S(=O)(=O)N3CCNCC3)cc2)c(=O)[nH]1,O=c1cnn(-c2ccc(S(=O)(=O)N3CCNCC3)cc2)c(=O)[nH]1,True,True,True,,0.5625,1.0,443.86900000000026,443.86900000000026,0.0,True,0.037000000000000144,0.037000000000000144,0.0,True,,,,,,,,,,,,,8.0,8.0,0.0,True,,,,
target_oracle,mpair_00003219_cond_00_3p,mpair_00003219,eval,3,"MW,LogP,QED",COc1ccc(S(=O)(=O)N(Cc2cccnc2)c2c(C)cccc2C(=O)NO)cc1,COc1ccc(S(=O)(=O)N(Cc2cccnc2)c2c(C)cc(Br)cc2C(=O)NO)cc1,COc1ccc(S(=O)(=O)N(Cc2cccnc2)c2c(C)cc(Br)cc2C(=O)NO)cc1,O=S(=O)(c1ccccc1)N(Cc1cccnc1)c1ccccc1,O=S(=O)(c1ccccc1)N(Cc1cccnc1)c1ccccc1,True,True,True,,0.819672131147541,1.0,506.37800000000016,506.37800000000016,0.0,True,3.675620000000001,3.675620000000001,0.0,True,0.3740614499694089,0.3740614499694089,0.0,True,,,,,,,,,,,,,,,,
target_oracle,mpair_00003221_cond_01_3p,mpair_00003221,eval,3,"MW,LogP,TPSA",COc1ccc(S(=O)(=O)N(Cc2cccnc2)c2c(C)cccc2C(=O)NO)cc1,COC(=O)c1cccc(C(=O)NO)c1N(Cc1cccnc1)S(=O)(=O)c1ccc(OC)cc1,COC(=O)c1cccc(C(=O)NO)c1N(Cc1cccnc1)S(=O)(=O)c1ccc(OC)cc1,O=S(=O)(c1ccccc1)N(Cc1cccnc1)c1ccccc1,O=S(=O)(c1ccccc1)N(Cc1cccnc1)c1ccccc1,True,True,True,,0.8333333333333334,1.0,471.49100000000016,471.49100000000016,0.0,True,2.391300000000001,2.391300000000001,0.0,True,,,,,135.13,135.13,0.0,True,,,,,,,,,,,,
target_oracle,mpair_00003530_cond_02_3p,mpair_00003530,eval,3,"MW,QED,RB",CCOC(=O)C(C)Oc1cccc(N(Cc2cccnc2)S(=O)(=O)CC(F)(F)F)c1,CC(C)COc1cccc(N(Cc2cccnc2)S(=O)(=O)CC(F)(F)F)c1,CC(C)COc1cccc(N(Cc2cccnc2)S(=O)(=O)CC(F)(F)F)c1,c1ccc(NCc2cccnc2)cc1,c1ccc(NCc2cccnc2)cc1,True,True,True,,0.6984126984126984,1.0,402.43800000000005,402.43800000000005,0.0,True,,,,,0.6693605971809802,0.6693605971809802,0.0,True,,,,,,,,,,,,,8.0,8.0,0.0,True
target_oracle,mpair_00003539_cond_00_3p,mpair_00003539,eval,3,"TPSA,HBA,RB",O=S(=O)(CC(F)(F)F)N(Cc1cccnc1)c1cccc(OC(F)(F)F)c1,CCOC(=O)C(C)Oc1cccc(N(Cc2cccnc2)S(=O)(=O)CC(F)(F)F)c1,CCOC(=O)C(C)Oc1cccc(N(Cc2cccnc2)S(=O)(=O)CC(F)(F)F)c1,c1ccc(NCc2cccnc2)cc1,c1ccc(NCc2cccnc2)cc1,True,True,True,,0.6885245901639344,1.0,,,,,,,,,,,,,85.80000000000001,85.80000000000001,0.0,True,,,,,6.0,6.0,0.0,True,9.0,9.0,0.0,True
target_oracle,mpair_00003545_cond_00_3p,mpair_00003545,eval,3,"LogP,QED,RB",CCCC(C)Oc1cccc(N(Cc2cccnc2)S(=O)(=O)CC(F)(F)F)c1,CC(C)Oc1cccc(N(Cc2cccnc2)S(=O)(=O)CC(F)(F)F)c1,CC(C)Oc1cccc(N(Cc2cccnc2)S(=O)(=O)CC(F)(F)F)c1,c1ccc(NCc2cccnc2)cc1,c1ccc(NCc2cccnc2)cc1,True,True,True,,0.8070175438596491,1.0,,,,,3.7675000000000027,3.7675000000000027,0.0,True,0.7245796953652621,0.7245796953652621,0.0,True,,,,,,,,,,,,,7.0,7.0,0.0,True
target_oracle,mpair_00000010_cond_01_4p,mpair_00000010,eval,4,"LogP,QED,HBA,RB",O=C(c1ccccc1C(F)(F)F)N1C[C@H](CN2CCC(c3ccccc3)CC2)[C@@H](c2ccccc2)C1,COc1cccc(C(=O)N2C[C@H](CN3CCC(c4ccccc4)CC3)[C@@H](c3ccccc3)C2)c1,COc1cccc(C(=O)N2C[C@H](CN3CCC(c4ccccc4)CC3)[C@@H](c3ccccc3)C2)c1,O=C(c1ccccc1)N1C[C@H](CN2CCC(c3ccccc3)CC2)[C@@H](c2ccccc2)C1,O=C(c1ccccc1)N1C[C@H](CN2CCC(c3ccccc3)CC2)[C@@H](c2ccccc2)C1,True,True,True,,0.578125,1.0,,,,,5.430600000000005,5.430600000000005,0.0,True,0.49786269936596683,0.49786269936596683,0.0,True,,,,,,,,,3.0,3.0,0.0,True,6.0,6.0,0.0,True
target_oracle,mpair_00000019_cond_02_4p,mpair_00000019,eval,4,"MW,TPSA,HBA,RB",CN1C2C=C(c3ccc(Cl)nc3)CC1CC2,COC(=O)C1=C(c2ccc(Cl)nc2)CC2CCC1N2C,COC(=O)C1=C(c2ccc(Cl)nc2)CC2CCC1N2C,C1=C(c2cccnc2)CC2CCC1N2,C1=C(c2cccnc2)CC2CCC1N2,True,True,True,,0.48148148148148145,1.0,292.76599999999996,292.76599999999996,0.0,True,,,,,,,,,42.43,42.43,0.0,True,,,,,4.0,4.0,0.0,True,2.0,2.0,0.0,True
target_oracle,mpair_00000324_cond_02_4p,mpair_00000324,eval,4,"MW,LogP,HBA,RB",CSC1=C(C(=O)O)N2C(=O)[C@@H](NC(=O)[C@H](N)c3ccccc3)[C@H]2CC1,N[C@@H](C(=O)N[C@@H]1C(=O)N2C(C(=O)O)=C(C(F)(F)F)CC[C@H]12)c1cccc(Br)c1,N[C@@H](C(=O)N[C@@H]1C(=O)N2C(C(=O)O)=C(C(F)(F)F)CC[C@H]12)c1cccc(Br)c1,O=C(Cc1ccccc1)N[C@@H]1C(=O)N2C=CCC[C@H]12,O=C(Cc1ccccc1)N[C@@H]1C(=O)N2C=CCC[C@H]12,True,True,True,,0.5757575757575758,1.0,462.2220000000001,462.2220000000001,0.0,True,1.8392999999999997,1.8392999999999997,0.0,True,,,,,,,,,,,,,4.0,4.0,0.0,True,4.0,4.0,0.0,True
target_oracle,mpair_00000334_cond_01_4p,mpair_00000334,eval,4,"MW,QED,HBD,RB",CSC1=C(C(=O)O)N2C(=O)[C@@H](NC(=O)[C@H](N)c3ccccc3)[C@H]2CC1,N[C@@H](C(=O)N[C@@H]1C(=O)N2C(C(=O)O)=C(C(F)(F)F)CC[C@H]12)c1ccc(O)cc1,N[C@@H](C(=O)N[C@@H]1C(=O)N2C(C(=O)O)=C(C(F)(F)F)CC[C@H]12)c1ccc(O)cc1,O=C(Cc1ccccc1)N[C@@H]1C(=O)N2C=CCC[C@H]12,O=C(Cc1ccccc1)N[C@@H]1C(=O)N2C=CCC[C@H]12,True,True,True,,0.5873015873015873,1.0,399.3250000000001,399.3250000000001,0.0,True,,,,,0.5533729404309352,0.5533729404309352,0.0,True,,,,,4.0,4.0,0.0,True,,,,,4.0,4.0,0.0,True
target_oracle,mpair_00000585_cond_02_4p,mpair_00000585,eval,4,"QED,TPSA,HBD,HBA",Cc1ccc(CCCC[C@@H]2N[C@@H](CO)[C@H](O)[C@H]2O)cc1,OC[C@@H]1N[C@@H](CCCCc2ccc(O)cc2)[C@H](O)[C@H]1O,OC[C@@H]1N[C@@H](CCCCc2ccc(O)cc2)[C@H](O)[C@H]1O,c1ccc(CCCC[C@H]2CCCN2)cc1,c1ccc(CCCC[C@H]2CCCN2)cc1,True,True,True,,0.7567567567567568,1.0,,,,,,,,,0.47902706341404183,0.47902706341404183,0.0,True,92.95,92.95,0.0,True,5.0,5.0,0.0,True,5.0,5.0,0.0,True,,,,
target_oracle,mpair_00000725_cond_01_4p,mpair_00000725,eval,4,"MW,LogP,HBD,RB",C=CCc1cc(/C=C2\SC(=O)NC2=O)c(OC)cc1OC1CCCCO1,C=CCc1cc(/C=C2\SC(=O)N(CC=C(C)C)C2=O)c(OC)cc1OC1CCCCO1,C=CCc1cc(/C=C2\SC(=O)N(CC=C(C)C)C2=O)c(OC)cc1OC1CCCCO1,O=C1NC(=O)/C(=C/c2ccc(OC3CCCCO3)cc2)S1,O=C1NC(=O)/C(=C/c2ccc(OC3CCCCO3)cc2)S1,True,True,True,,0.647887323943662,1.0,443.5650000000003,443.5650000000003,0.0,True,5.331600000000005,5.331600000000005,0.0,True,,,,,,,,,0.0,0.0,0.0,True,,,,,8.0,8.0,0.0,True
target_oracle,mpair_00000733_cond_02_4p,mpair_00000733,eval,4,"MW,LogP,QED,RB",C=CCc1cc(/C=C2\SC(=O)N(CCCC)C2=O)c(OC)cc1OC1CCCCO1,C=CCc1cc(/C=C2\SC(=O)NC2=O)c(OC)cc1OC1CCCCO1,C=CCc1cc(/C=C2\SC(=O)NC2=O)c(OC)cc1OC1CCCCO1,O=C1NC(=O)/C(=C/c2ccc(OC3CCCCO3)cc2)S1,O=C1NC(=O)/C(=C/c2ccc(OC3CCCCO3)cc2)S1,True,True,True,,0.6571428571428571,1.0,375.4460000000002,375.4460000000002,0.0,True,3.6530000000000022,3.6530000000000022,0.0,True,0.6042673504148035,0.6042673504148035,0.0,True,,,,,,,,,,,,,6.0,6.0,0.0,True
target_oracle,mpair_00000753_cond_00_4p,mpair_00000753,eval,4,"MW,TPSA,HBA,RB",O=C1CCC[C@H]2OC[C@@H](Cc3c[nH]c4ccccc34)N12,COC(=O)C[C@@H]1CC(=O)N2[C@H](Cc3c[nH]c4ccccc34)CO[C@@H]2C1,COC(=O)C[C@@H]1CC(=O)N2[C@H](Cc3c[nH]c4ccccc34)CO[C@@H]2C1,O=C1CCC[C@H]2OC[C@@H](Cc3c[nH]c4ccccc34)N12,O=C1CCC[C@H]2OC[C@@H](Cc3c[nH]c4ccccc34)N12,True,True,True,,0.578125,1.0,342.39500000000015,342.39500000000015,0.0,True,,,,,,,,,71.63000000000001,71.63000000000001,0.0,True,,,,,4.0,4.0,0.0,True,4.0,4.0,0.0,True
target_oracle,mpair_00001117_cond_01_4p,mpair_00001117,eval,4,"MW,HBD,HBA,RB",COc1ccc(N2CCN(CCC3c4ccccc4C(=O)N3C)CC2)cc1,O=C1NC(CCN2CCN(c3ccccc3)CC2)c2ccccc21,O=C1NC(CCN2CCN(c3ccccc3)CC2)c2ccccc21,O=C1NC(CCN2CCN(c3ccccc3)CC2)c2ccccc21,O=C1NC(CCN2CCN(c3ccccc3)CC2)c2ccccc21,True,True,True,,0.47368421052631576,1.0,321.4240000000001,321.4240000000001,0.0,True,,,,,,,,,,,,,1.0,1.0,0.0,True,3.0,3.0,0.0,True,4.0,4.0,0.0,True
target_oracle,mpair_00001123_cond_01_4p,mpair_00001123,eval,4,"MW,QED,HBA,RB",O=C1NC(CCN2CCN(c3ccccc3)CC2)c2ccccc21,COc1ccc(N2CCN(CCC3c4ccccc4C(=O)N3C)CC2)cc1,COc1ccc(N2CCN(CCC3c4ccccc4C(=O)N3C)CC2)cc1,O=C1NC(CCN2CCN(c3ccccc3)CC2)c2ccccc21,O=C1NC(CCN2CCN(c3ccccc3)CC2)c2ccccc21,True,True,True,,0.47368421052631576,1.0,365.47700000000015,365.47700000000015,0.0,True,,,,,0.8160326048332845,0.8160326048332845,0.0,True,,,,,,,,,4.0,4.0,0.0,True,5.0,5.0,0.0,True
target_oracle,mpair_00001618_cond_01_4p,mpair_00001618,eval,4,"QED,TPSA,HBA,RB",CC1CC(C)(C)Nc2ccc3c(c21)COc1c(F)cc(F)cc1-3,CC1CC(C)(C)Nc2ccc3c(c21)COc1c-3cc(F)cc1[N+](=O)[O-],CC1CC(C)(C)Nc2ccc3c(c21)COc1c-3cc(F)cc1[N+](=O)[O-],c1ccc2c(c1)OCc1c-2ccc2c1CCCN2,c1ccc2c(c1)OCc1c-2ccc2c1CCCN2,True,True,True,,0.7321428571428571,1.0,,,,,,,,,0.5855235809891088,0.5855235809891088,0.0,True,64.39999999999999,64.39999999999999,0.0,True,,,,,4.0,4.0,0.0,True,1.0,1.0,0.0,True
target_oracle,mpair_00002465_cond_01_4p,mpair_00002465,eval,4,"MW,QED,HBA,RB",CN(C)CCCOc1cc(C(=O)Nc2ccc(OC(F)(F)F)cc2)n(Cc2ccccc2)n1,CN(C)CCCOc1cc(C(=O)Nc2cccc(Cl)c2)n(Cc2ccccc2)n1,CN(C)CCCOc1cc(C(=O)Nc2cccc(Cl)c2)n(Cc2ccccc2)n1,O=C(Nc1ccccc1)c1ccnn1Cc1ccccc1,O=C(Nc1ccccc1)c1ccnn1Cc1ccccc1,True,True,True,,0.696969696969697,1.0,412.9210000000001,412.9210000000001,0.0,True,,,,,0.5357556879239462,0.5357556879239462,0.0,True,,,,,,,,,5.0,5.0,0.0,True,9.0,9.0,0.0,True
target_oracle,mpair_00002476_cond_00_4p,mpair_00002476,eval,4,"MW,QED,TPSA,HBA",CN(C)CCCOc1cc(C(=O)Nc2cccc(Cl)c2)n(Cc2ccccc2)n1,COc1cc(NC(=O)c2cc(OCCCN(C)C)nn2Cc2ccccc2)cc(OC)c1OC,COc1cc(NC(=O)c2cc(OCCCN(C)C)nn2Cc2ccccc2)cc(OC)c1OC,O=C(Nc1ccccc1)c1ccnn1Cc1ccccc1,O=C(Nc1ccccc1)c1ccnn1Cc1ccccc1,True,True,True,,0.71875,1.0,468.5540000000002,468.5540000000002,0.0,True,,,,,0.4069700768443977,0.4069700768443977,0.0,True,87.08000000000001,87.08000000000001,0.0,True,,,,,8.0,8.0,0.0,True,,,,
target_oracle,mpair_00002488_cond_02_4p,mpair_00002488,eval,4,"LogP,TPSA,HBD,HBA",C=Cc1cc(C(=O)OCC)n(S(=O)(=O)c2cc(Cl)ccc2N)c1,CC(C)OC(=O)c1cc(CO)cn1S(=O)(=O)c1cc(Cl)ccc1N,CC(C)OC(=O)c1cc(CO)cn1S(=O)(=O)c1cc(Cl)ccc1N,O=S(=O)(c1ccccc1)n1cccc1,O=S(=O)(c1ccccc1)n1cccc1,True,True,True,,0.5396825396825397,1.0,,,,,2.0182,2.0182,0.0,True,,,,,111.61999999999999,111.61999999999999,0.0,True,2.0,2.0,0.0,True,7.0,7.0,0.0,True,,,,
target_oracle,mpair_00002520_cond_02_4p,mpair_00002520,eval,4,"MW,QED,TPSA,RB",CSc1cc(-c2ccc(Br)cc2)oc(=O)c1C#N,CCOC(=O)c1c(SC)c(C#N)c(-c2ccc(Br)cc2)oc1=O,CCOC(=O)c1c(SC)c(C#N)c(-c2ccc(Br)cc2)oc1=O,O=c1cccc(-c2ccccc2)o1,O=c1cccc(-c2ccccc2)o1,True,True,True,,0.43103448275862066,1.0,394.24600000000004,394.24600000000004,0.0,True,,,,,0.5791804088529054,0.5791804088529054,0.0,True,80.30000000000001,80.30000000000001,0.0,True,,,,,,,,,4.0,4.0,0.0,True
target_oracle,mpair_00002554_cond_01_4p,mpair_00002554,eval,4,"QED,TPSA,HBA,RB",CSc1cc(-c2ccc(Cl)cc2)oc(=O)c1C(N)=O,CSc1cc(-c2ccc(Cl)cc2)oc(=O)c1,CSc1cc(-c2ccc(Cl)cc2)oc(=O)c1,O=c1cccc(-c2ccccc2)o1,O=c1cccc(-c2ccccc2)o1,True,True,True,,0.4888888888888889,1.0,,,,,,,,,0.7640571553591999,0.7640571553591999,0.0,True,30.21,30.21,0.0,True,,,,,3.0,3.0,0.0,True,2.0,2.0,0.0,True
target_oracle,mpair_00002568_cond_00_4p,mpair_00002568,eval,4,"MW,LogP,TPSA,RB",COc1cc(C(=O)N2CCN(C(=O)c3cc(OC)c(OC)c(OC)c3)C(CO)C2)cc(OC)c1OC,COc1cc(C(=O)N2CCN(C(=O)c3cc(OC)c(OC)c(OC)c3)C(COC(=O)NCCC(C)C)C2)cc(OC)c1OC,COc1cc(C(=O)N2CCN(C(=O)c3cc(OC)c(OC)c(OC)c3)C(COC(=O)NCCC(C)C)C2)cc(OC)c1OC,O=C(c1ccccc1)N1CCN(C(=O)c2ccccc2)CC1,O=C(c1ccccc1)N1CCN(C(=O)c2ccccc2)CC1,True,True,True,,0.631578947368421,1.0,617.6960000000003,617.6960000000003,0.0,True,3.4773000000000023,3.4773000000000023,0.0,True,,,,,134.33,134.33,0.0,True,,,,,,,,,13.0,13.0,0.0,True
target_oracle,mpair_00002576_cond_00_4p,mpair_00002576,eval,4,"MW,LogP,QED,HBD",COc1cc(C(=O)N2CCN(C(=O)c3cc(OC)c(OC)c(OC)c3)C(COC(C)=O)C2)cc(OC)c1OC,COc1cc(C(=O)N2CCN(C(=O)c3cc(OC)c(OC)c(OC)c3)C(COC(=O)NCCC(C)C)C2)cc(OC)c1OC,COc1cc(C(=O)N2CCN(C(=O)c3cc(OC)c(OC)c(OC)c3)C(COC(=O)NCCC(C)C)C2)cc(OC)c1OC,O=C(c1ccccc1)N1CCN(C(=O)c2ccccc2)CC1,O=C(c1ccccc1)N1CCN(C(=O)c2ccccc2)CC1,True,True,True,,0.7017543859649122,1.0,617.6960000000003,617.6960000000003,0.0,True,3.4773000000000023,3.4773000000000023,0.0,True,0.3561059094946873,0.3561059094946873,0.0,True,,,,,1.0,1.0,0.0,True,,,,,,,,
target_oracle,mpair_00002585_cond_00_4p,mpair_00002585,eval,4,"MW,QED,TPSA,HBA",COc1cc(C(=O)N2CCN(C(=O)c3cc(OC)c(OC)c(OC)c3)C(COC(C)=O)C2)cc(OC)c1OC,COc1cc(C(=O)N2CCN(C(=O)c3cc(OC)c(OC)c(OC)c3)CC2)cc(OC)c1OC,COc1cc(C(=O)N2CCN(C(=O)c3cc(OC)c(OC)c(OC)c3)CC2)cc(OC)c1OC,O=C(c1ccccc1)N1CCN(C(=O)c2ccccc2)CC1,O=C(c1ccccc1)N1CCN(C(=O)c2ccccc2)CC1,True,True,True,,0.5777777777777777,1.0,474.51000000000033,474.51000000000033,0.0,True,,,,,0.5754127815390553,0.5754127815390553,0.0,True,96.00000000000001,96.00000000000001,0.0,True,,,,,8.0,8.0,0.0,True,,,,
target_oracle,mpair_00002593_cond_00_4p,mpair_00002593,eval,4,"MW,TPSA,HBA,RB",COc1cc(C(=O)N2CCN(C(=O)c3cc(OC)c(OC)c(OC)c3)C(COC(=O)NCCC(C)C)C2)cc(OC)c1OC,COc1cc(C(=O)N2CCN(C(=O)c3cc(OC)c(OC)c(OC)c3)C(CO)C2)cc(OC)c1OC,COc1cc(C(=O)N2CCN(C(=O)c3cc(OC)c(OC)c(OC)c3)C(CO)C2)cc(OC)c1OC,O=C(c1ccccc1)N1CCN(C(=O)c2ccccc2)CC1,O=C(c1ccccc1)N1CCN(C(=O)c2ccccc2)CC1,True,True,True,,0.631578947368421,1.0,504.53600000000034,504.53600000000034,0.0,True,,,,,,,,,116.23000000000002,116.23000000000002,0.0,True,,,,,9.0,9.0,0.0,True,9.0,9.0,0.0,True
target_oracle,mpair_00002606_cond_01_4p,mpair_00002606,eval,4,"MW,HBD,HBA,RB",COc1ccc(C(=O)Nc2c(Cl)cncc2Cl)c2cccnc12,COc1ccc(C(=O)Nc2c(Cl)cncc2Cl)c2ccc(C(C)O)nc12,COc1ccc(C(=O)Nc2c(Cl)cncc2Cl)c2ccc(C(C)O)nc12,O=C(Nc1ccncc1)c1cccc2ncccc12,O=C(Nc1ccncc1)c1cccc2ncccc12,True,True,True,,0.6428571428571429,1.0,392.24200000000013,392.24200000000013,0.0,True,,,,,,,,,,,,,2.0,2.0,0.0,True,5.0,5.0,0.0,True,4.0,4.0,0.0,True
target_oracle,mpair_00002613_cond_00_4p,mpair_00002613,eval,4,"QED,TPSA,HBD,RB",COc1ccc(C(=O)Nc2ccncc2Cl)c2cccnc12,COc1ccc(C(=O)Nc2c(Cl)cncc2Cl)c2ccc(C(C)O)nc12,COc1ccc(C(=O)Nc2c(Cl)cncc2Cl)c2ccc(C(C)O)nc12,O=C(Nc1ccncc1)c1cccc2ncccc12,O=C(Nc1ccncc1)c1cccc2ncccc12,True,True,True,,0.49206349206349204,1.0,,,,,,,,,0.6936033323496321,0.6936033323496321,0.0,True,84.34,84.34,0.0,True,2.0,2.0,0.0,True,,,,,4.0,4.0,0.0,True
target_oracle,mpair_00002622_cond_01_4p,mpair_00002622,eval,4,"MW,LogP,QED,RB",CCc1ccc2c(C(=O)Nc3c(Cl)cncc3Cl)ccc(OC)c2n1,COc1ccc(C(=O)Nc2ccncc2Cl)c2cccnc12,COc1ccc(C(=O)Nc2ccncc2Cl)c2cccnc12,O=C(Nc1ccncc1)c1cccc2ncccc12,O=C(Nc1ccncc1)c1cccc2ncccc12,True,True,True,,0.5,1.0,313.744,313.744,0.0,True,3.544100000000002,3.544100000000002,0.0,True,0.8029165077767629,0.8029165077767629,0.0,True,,,,,,,,,,,,,3.0,3.0,0.0,True
target_oracle,mpair_00002629_cond_01_4p,mpair_00002629,eval,4,"TPSA,HBD,HBA,RB",CC(C)CC(=O)N1C[C@H](c2ccccc2)C[C@H]1C(=O)N[C@@H](CC(F)F)C(=O)NCCc1c(F)cc(C(=O)O)cc1F,CC(C)(C)[C@H](O)C(=O)N1C[C@H](c2ccccc2)C[C@H]1C(=O)N[C@@H](CC(F)F)C(=O)NCCc1c(F)cc(C(=O)O)cc1F,CC(C)(C)[C@H](O)C(=O)N1C[C@H](c2ccccc2)C[C@H]1C(=O)N[C@@H](CC(F)F)C(=O)NCCc1c(F)cc(C(=O)O)cc1F,O=C(CNC(=O)[C@@H]1C[C@@H](c2ccccc2)CN1)NCCc1ccccc1,O=C(CNC(=O)[C@@H]1C[C@@H](c2ccccc2)CN1)NCCc1ccccc1,True,True,True,,0.7567567567567568,1.0,,,,,,,,,,,,,136.04,136.04,0.0,True,4.0,4.0,0.0,True,5.0,5.0,0.0,True,11.0,11.0,0.0,True
target_oracle,mpair_00003116_cond_02_4p,mpair_00003116,eval,4,"MW,TPSA,HBA,RB",COC(=O)c1cc2c([nH]1)C(=O)C=C1N(C(=O)OC(C)(C)C)CC3CC123,Cc1c[nH]c2c1C13CC1CN(C(=O)OC(C)(C)C)C3=CC2=O,Cc1c[nH]c2c1C13CC1CN(C(=O)OC(C)(C)C)C3=CC2=O,O=C1C=C2NCC3CC23c2cc[nH]c21,O=C1C=C2NCC3CC23c2cc[nH]c21,True,True,True,,0.5873015873015873,1.0,300.358,300.358,0.0,True,,,,,,,,,62.4,62.4,0.0,True,,,,,3.0,3.0,0.0,True,0.0,0.0,0.0,True
target_oracle,mpair_00003213_cond_00_4p,mpair_00003213,eval,4,"TPSA,HBD,HBA,RB",CC(C)NC(=O)c1ccc2c(Nc3ccc(Cl)cc3)nc(N3CCOCC3)nc2c1,Clc1ccc(Nc2nc(N3CCOCC3)nc3ccccc23)cc1,Clc1ccc(Nc2nc(N3CCOCC3)nc3ccccc23)cc1,c1ccc(Nc2nc(N3CCOCC3)nc3ccccc23)cc1,c1ccc(Nc2nc(N3CCOCC3)nc3ccccc23)cc1,True,True,True,,0.6,1.0,,,,,,,,,,,,,50.28,50.28,0.0,True,1.0,1.0,0.0,True,5.0,5.0,0.0,True,3.0,3.0,0.0,True
target_oracle,mpair_00003221_cond_00_4p,mpair_00003221,eval,4,"MW,QED,TPSA,RB",COc1ccc(S(=O)(=O)N(Cc2cccnc2)c2c(C)cccc2C(=O)NO)cc1,COC(=O)c1cccc(C(=O)NO)c1N(Cc1cccnc1)S(=O)(=O)c1ccc(OC)cc1,COC(=O)c1cccc(C(=O)NO)c1N(Cc1cccnc1)S(=O)(=O)c1ccc(OC)cc1,O=S(=O)(c1ccccc1)N(Cc1cccnc1)c1ccccc1,O=S(=O)(c1ccccc1)N(Cc1cccnc1)c1ccccc1,True,True,True,,0.8333333333333334,1.0,471.49100000000016,471.49100000000016,0.0,True,,,,,0.29046454626646695,0.29046454626646695,0.0,True,135.13,135.13,0.0,True,,,,,,,,,8.0,8.0,0.0,True
target_oracle,mpair_00003532_cond_00_4p,mpair_00003532,eval,4,"LogP,QED,TPSA,HBA",CCOC(=O)C(C)Oc1cccc(N(Cc2cccnc2)S(=O)(=O)CC(F)(F)F)c1,CCCC(C)Oc1cccc(N(Cc2cccnc2)S(=O)(=O)CC(F)(F)F)c1,CCCC(C)Oc1cccc(N(Cc2cccnc2)S(=O)(=O)CC(F)(F)F)c1,c1ccc(NCc2cccnc2)cc1,c1ccc(NCc2cccnc2)cc1,True,True,True,,0.746031746031746,1.0,,,,,4.547700000000003,4.547700000000003,0.0,True,0.6018859517288218,0.6018859517288218,0.0,True,59.5,59.5,0.0,True,,,,,4.0,4.0,0.0,True,,,,
target_oracle,mpair_00003536_cond_00_4p,mpair_00003536,eval,4,"MW,LogP,QED,RB",COc1cccc(N(Cc2cccnc2)S(=O)(=O)CC(F)(F)F)c1,CCC(C)COc1cccc(N(Cc2cccnc2)S(=O)(=O)CC(F)(F)F)c1,CCC(C)COc1cccc(N(Cc2cccnc2)S(=O)(=O)CC(F)(F)F)c1,c1ccc(NCc2cccnc2)cc1,c1ccc(NCc2cccnc2)cc1,True,True,True,,0.7413793103448276,1.0,416.4650000000001,416.4650000000001,0.0,True,4.405200000000004,4.405200000000004,0.0,True,0.6078002459089881,0.6078002459089881,0.0,True,,,,,,,,,,,,,9.0,9.0,0.0,True
target_oracle,mpair_00000004_cond_01_5p,mpair_00000004,eval,5,"MW,LogP,QED,HBA,RB",O=C(c1ccccc1Br)N1C[C@H](CN2CCC(c3ccccc3)CC2)[C@@H](c2ccccc2)C1,COc1cccc(C(=O)N2C[C@H](CN3CCC(c4ccccc4)CC3)[C@@H](c3ccccc3)C2)c1,COc1cccc(C(=O)N2C[C@H](CN3CCC(c4ccccc4)CC3)[C@@H](c3ccccc3)C2)c1,O=C(c1ccccc1)N1C[C@H](CN2CCC(c3ccccc3)CC2)[C@@H](c2ccccc2)C1,O=C(c1ccccc1)N1C[C@H](CN2CCC(c3ccccc3)CC2)[C@@H](c2ccccc2)C1,True,True,True,,0.6065573770491803,1.0,454.61400000000015,454.61400000000015,0.0,True,5.430600000000005,5.430600000000005,0.0,True,0.49786269936596683,0.49786269936596683,0.0,True,,,,,,,,,3.0,3.0,0.0,True,6.0,6.0,0.0,True
target_oracle,mpair_00000326_cond_00_5p,mpair_00000326,eval,5,"MW,QED,TPSA,HBD,RB",N[C@@H](C(=O)N[C@@H]1C(=O)N2C(C(=O)O)=C(C(F)(F)F)CC[C@H]12)c1ccc(O)cc1,CSC1=C(C(=O)O)N2C(=O)[C@@H](NC(=O)[C@H](N)c3ccccc3)[C@H]2CC1,CSC1=C(C(=O)O)N2C(=O)[C@@H](NC(=O)[C@H](N)c3ccccc3)[C@H]2CC1,O=C(Cc1ccccc1)N[C@@H]1C(=O)N2C=CCC[C@H]12,O=C(Cc1ccccc1)N[C@@H]1C(=O)N2C=CCC[C@H]12,True,True,True,,0.5873015873015873,1.0,361.42300000000006,361.42300000000006,0.0,True,,,,,0.6699274889764619,0.6699274889764619,0.0,True,112.73,112.73,0.0,True,3.0,3.0,0.0,True,,,,,5.0,5.0,0.0,True
target_oracle,mpair_00000334_cond_00_5p,mpair_00000334,eval,5,"MW,QED,TPSA,HBD,RB",CSC1=C(C(=O)O)N2C(=O)[C@@H](NC(=O)[C@H](N)c3ccccc3)[C@H]2CC1,N[C@@H](C(=O)N[C@@H]1C(=O)N2C(C(=O)O)=C(C(F)(F)F)CC[C@H]12)c1ccc(O)cc1,N[C@@H](C(=O)N[C@@H]1C(=O)N2C(C(=O)O)=C(C(F)(F)F)CC[C@H]12)c1ccc(O)cc1,O=C(Cc1ccccc1)N[C@@H]1C(=O)N2C=CCC[C@H]12,O=C(Cc1ccccc1)N[C@@H]1C(=O)N2C=CCC[C@H]12,True,True,True,,0.5873015873015873,1.0,399.3250000000001,399.3250000000001,0.0,True,,,,,0.5533729404309352,0.5533729404309352,0.0,True,132.96,132.96,0.0,True,4.0,4.0,0.0,True,,,,,4.0,4.0,0.0,True
target_oracle,mpair_00000585_cond_00_5p,mpair_00000585,eval,5,"LogP,QED,TPSA,HBD,HBA",Cc1ccc(CCCC[C@@H]2N[C@@H](CO)[C@H](O)[C@H]2O)cc1,OC[C@@H]1N[C@@H](CCCCc2ccc(O)cc2)[C@H](O)[C@H]1O,OC[C@@H]1N[C@@H](CCCCc2ccc(O)cc2)[C@H](O)[C@H]1O,c1ccc(CCCC[C@H]2CCCN2)cc1,c1ccc(CCCC[C@H]2CCCN2)cc1,True,True,True,,0.7567567567567568,1.0,,,,,0.15949999999999964,0.15949999999999964,0.0,True,0.47902706341404183,0.47902706341404183,0.0,True,92.95,92.95,0.0,True,5.0,5.0,0.0,True,5.0,5.0,0.0,True,,,,
target_oracle,mpair_00000733_cond_01_5p,mpair_00000733,eval,5,"MW,LogP,QED,HBD,RB",C=CCc1cc(/C=C2\SC(=O)N(CCCC)C2=O)c(OC)cc1OC1CCCCO1,C=CCc1cc(/C=C2\SC(=O)NC2=O)c(OC)cc1OC1CCCCO1,C=CCc1cc(/C=C2\SC(=O)NC2=O)c(OC)cc1OC1CCCCO1,O=C1NC(=O)/C(=C/c2ccc(OC3CCCCO3)cc2)S1,O=C1NC(=O)/C(=C/c2ccc(OC3CCCCO3)cc2)S1,True,True,True,,0.6571428571428571,1.0,375.4460000000002,375.4460000000002,0.0,True,3.6530000000000022,3.6530000000000022,0.0,True,0.6042673504148035,0.6042673504148035,0.0,True,,,,,1.0,1.0,0.0,True,,,,,6.0,6.0,0.0,True
target_oracle,mpair_00002468_cond_01_5p,mpair_00002468,eval,5,"MW,LogP,QED,HBA,RB",CN(C)CCCOc1cc(C(=O)Nc2cc(F)cc(C(F)(F)F)c2)n(Cc2ccccc2)n1,COc1ccc(NC(=O)c2cc(OCCCN(C)C)nn2Cc2ccccc2)cc1,COc1ccc(NC(=O)c2cc(OCCCN(C)C)nn2Cc2ccccc2)cc1,O=C(Nc1ccccc1)c1ccnn1Cc1ccccc1,O=C(Nc1ccccc1)c1ccnn1Cc1ccccc1,True,True,True,,0.6764705882352942,1.0,408.50200000000007,408.50200000000007,0.0,True,3.522800000000002,3.522800000000002,0.0,True,0.5200250404910086,0.5200250404910086,0.0,True,,,,,,,,,6.0,6.0,0.0,True,10.0,10.0,0.0,True
target_oracle,mpair_00002508_cond_01_5p,mpair_00002508,eval,5,"LogP,QED,TPSA,HBD,RB",CSc1cc(-c2ccc(Br)cc2)oc(=O)c1C#N,CSc1cc(-c2ccc(Cl)cc2)oc(=O)c1C(N)=O,CSc1cc(-c2ccc(Cl)cc2)oc(=O)c1C(N)=O,O=c1cccc(-c2ccccc2)o1,O=c1cccc(-c2ccccc2)o1,True,True,True,,0.43137254901960786,1.0,,,,,2.7810000000000006,2.7810000000000006,0.0,True,0.8837306867126842,0.8837306867126842,0.0,True,73.30000000000001,73.30000000000001,0.0,True,1.0,1.0,0.0,True,,,,,3.0,3.0,0.0,True
target_oracle,mpair_00002525_cond_02_5p,mpair_00002525,eval,5,"LogP,QED,TPSA,HBD,RB",CSc1cc(-c2ccc(Cl)cc2)oc(=O)c1C(N)=O,CSc1cc(-c2ccc(Br)cc2)oc(=O)c1C#N,CSc1cc(-c2ccc(Br)cc2)oc(=O)c1C#N,O=c1cccc(-c2ccccc2)o1,O=c1cccc(-c2ccccc2)o1,True,True,True,,0.43137254901960786,1.0,,,,,3.662880000000002,3.662880000000002,0.0,True,0.791886779601309,0.791886779601309,0.0,True,54.0,54.0,0.0,True,0.0,0.0,0.0,True,,,,,2.0,2.0,0.0,True
target_oracle,mpair_00002565_cond_02_5p,mpair_00002565,eval,5,"MW,LogP,QED,HBA,RB",CSc1nc(-c2ccc(OC(F)(F)F)cc2)nn1C(=O)N(C)c1ccccc1,CSc1nc(-c2ccc(C)cc2)nn1C(=O)N(C)c1ccccc1,CSc1nc(-c2ccc(C)cc2)nn1C(=O)N(C)c1ccccc1,O=C(Nc1ccccc1)n1cnc(-c2ccccc2)n1,O=C(Nc1ccccc1)n1cnc(-c2ccccc2)n1,True,True,True,,0.7169811320754716,1.0,338.43600000000004,338.43600000000004,0.0,True,4.079920000000002,4.079920000000002,0.0,True,0.6753188675979567,0.6753188675979567,0.0,True,,,,,,,,,5.0,5.0,0.0,True,3.0,3.0,0.0,True
target_oracle,mpair_00002587_cond_00_5p,mpair_00002587,eval,5,"LogP,TPSA,HBD,HBA,RB",COc1cc(C(=O)N2CCN(C(=O)c3cc(OC)c(OC)c(OC)c3)C(CO)C2)cc(OC)c1OC,COc1cc(C(=O)N2CCN(C(=O)c3cc(OC)c(OC)c(OC)c3)CC2)cc(OC)c1OC,COc1cc(C(=O)N2CCN(C(=O)c3cc(OC)c(OC)c(OC)c3)CC2)cc(OC)c1OC,O=C(c1ccccc1)N1CCN(C(=O)c2ccccc2)CC1,O=C(c1ccccc1)N1CCN(C(=O)c2ccccc2)CC1,True,True,True,,0.6341463414634146,1.0,,,,,2.3364000000000003,2.3364000000000003,0.0,True,,,,,96.00000000000001,96.00000000000001,0.0,True,0.0,0.0,0.0,True,8.0,8.0,0.0,True,8.0,8.0,0.0,True
target_oracle,mpair_00002593_cond_02_5p,mpair_00002593,eval,5,"MW,LogP,QED,TPSA,HBA",COc1cc(C(=O)N2CCN(C(=O)c3cc(OC)c(OC)c(OC)c3)C(COC(=O)NCCC(C)C)C2)cc(OC)c1OC,COc1cc(C(=O)N2CCN(C(=O)c3cc(OC)c(OC)c(OC)c3)C(CO)C2)cc(OC)c1OC,COc1cc(C(=O)N2CCN(C(=O)c3cc(OC)c(OC)c(OC)c3)C(CO)C2)cc(OC)c1OC,O=C(c1ccccc1)N1CCN(C(=O)c2ccccc2)CC1,O=C(c1ccccc1)N1CCN(C(=O)c2ccccc2)CC1,True,True,True,,0.631578947368421,1.0,504.53600000000034,504.53600000000034,0.0,True,1.6973000000000003,1.6973000000000003,0.0,True,0.544633228323374,0.544633228323374,0.0,True,116.23000000000002,116.23000000000002,0.0,True,,,,,9.0,9.0,0.0,True,,,,
target_oracle,mpair_00002630_cond_01_5p,mpair_00002630,eval,5,"LogP,QED,TPSA,HBD,HBA",CC(C)CC(=O)N1C[C@H](c2ccccc2)C[C@H]1C(=O)N[C@@H](CC(F)F)C(=O)NCCc1c(F)cc(C(=O)O)cc1F,CC(C)[C@@H](O)C(=O)N1C[C@H](c2ccccc2)C[C@H]1C(=O)N[C@@H](CC(F)F)C(=O)NCCc1c(F)cc(C(=O)O)cc1F,CC(C)[C@@H](O)C(=O)N1C[C@H](c2ccccc2)C[C@H]1C(=O)N[C@@H](CC(F)F)C(=O)NCCc1c(F)cc(C(=O)O)cc1F,O=C(CNC(=O)[C@@H]1C[C@@H](c2ccccc2)CN1)NCCc1ccccc1,O=C(CNC(=O)[C@@H]1C[C@@H](c2ccccc2)CN1)NCCc1ccccc1,True,True,True,,0.7916666666666666,1.0,,,,,2.8633000000000006,2.8633000000000006,0.0,True,0.2789053789646464,0.2789053789646464,0.0,True,136.04,136.04,0.0,True,4.0,4.0,0.0,True,5.0,5.0,0.0,True,,,,
target_oracle,mpair_00003211_cond_00_5p,mpair_00003211,eval,5,"MW,LogP,HBD,HBA,RB",CC[C@H]1OC(=O)[C@H](C)[C@@H](OC(C)=O)[C@H](C)[C@@H](OC2O[C@H](C)C[C@H](N(C)C)C2O)[C@@](C)(OC)C[C@@H](C)C(=O)[C@H](C)[C@@H](O)[C@]1(C)O,CC[C@H]1OC(=O)[C@H](C)[C@@H](O)[C@H](C)[C@@H](OC2O[C@H](C)C[C@H](N(C)C)C2O)[C@@](C)(OC)C[C@@H](C)C(=O)[C@H](C)[C@@H](O)[C@]1(C)O,CC[C@H]1OC(=O)[C@H](C)[C@@H](O)[C@H](C)[C@@H](OC2O[C@H](C)C[C@H](N(C)C)C2O)[C@@](C)(OC)C[C@@H](C)C(=O)[C@H](C)[C@@H](O)[C@]1(C)O,O=C1CCCCOC(=O)CCC[C@@H](OC2CCCCO2)CCC1,O=C1CCCCOC(=O)CCC[C@@H](OC2CCCCO2)CCC1,True,True,True,,0.821917808219178,1.0,589.7670000000004,589.7670000000004,0.0,True,1.5145000000000022,1.5145000000000022,0.0,True,,,,,,,,,4.0,4.0,0.0,True,11.0,11.0,0.0,True,5.0,5.0,0.0,True
target_oracle,mpair_00003537_cond_02_5p,mpair_00003537,eval,5,"MW,LogP,QED,TPSA,HBA",CC(C)COc1cccc(N(Cc2cccnc2)S(=O)(=O)CC(F)(F)F)c1,CCOC(=O)C(C)Oc1cccc(N(Cc2cccnc2)S(=O)(=O)CC(F)(F)F)c1,CCOC(=O)C(C)Oc1cccc(N(Cc2cccnc2)S(=O)(=O)CC(F)(F)F)c1,c1ccc(NCc2cccnc2)cc1,c1ccc(NCc2cccnc2)cc1,True,True,True,,0.6984126984126984,1.0,446.4470000000001,446.4470000000001,0.0,True,3.3107000000000024,3.3107000000000024,0.0,True,0.5496815697636838,0.5496815697636838,0.0,True,85.80000000000001,85.80000000000001,0.0,True,,,,,6.0,6.0,0.0,True,,,,
target_oracle,mpair_00000754_cond_01_6p,mpair_00000754,eval,6,"MW,LogP,QED,TPSA,HBA,RB",COC(=O)C[C@@H]1CC(=O)N2[C@H](Cc3c[nH]c4ccccc34)CO[C@@H]2C1,CC[C@H]1CCC(=O)N2[C@H](Cc3c[nH]c4ccccc34)CO[C@H]12,CC[C@H]1CCC(=O)N2[C@H](Cc3c[nH]c4ccccc34)CO[C@H]12,O=C1CCC[C@H]2OC[C@@H](Cc3c[nH]c4ccccc34)N12,O=C1CCC[C@H]2OC[C@@H](Cc3c[nH]c4ccccc34)N12,True,True,True,,0.5072463768115942,1.0,298.3860000000001,298.3860000000001,0.0,True,3.0839000000000016,3.0839000000000016,0.0,True,0.9461815070706311,0.9461815070706311,0.0,True,45.33,45.33,0.0,True,,,,,2.0,2.0,0.0,True,3.0,3.0,0.0,True
target_oracle,mpair_00002554_cond_00_6p,mpair_00002554,eval,6,"MW,QED,TPSA,HBD,HBA,RB",CSc1cc(-c2ccc(Cl)cc2)oc(=O)c1C(N)=O,CSc1cc(-c2ccc(Cl)cc2)oc(=O)c1,CSc1cc(-c2ccc(Cl)cc2)oc(=O)c1,O=c1cccc(-c2ccccc2)o1,O=c1cccc(-c2ccccc2)o1,True,True,True,,0.4888888888888889,1.0,252.72199999999998,252.72199999999998,0.0,True,,,,,0.7640571553591999,0.7640571553591999,0.0,True,30.21,30.21,0.0,True,0.0,0.0,0.0,True,3.0,3.0,0.0,True,2.0,2.0,0.0,True
target_oracle,mpair_00002581_cond_02_6p,mpair_00002581,eval,6,"MW,LogP,QED,TPSA,HBA,RB",COc1cc(C(=O)N2CCN(C(=O)c3cc(OC)c(OC)c(OC)c3)C(COC(=O)CC(C)(C)C)C2)cc(OC)c1OC,COc1cc(C(=O)N2CCN(C(=O)c3cc(OC)c(OC)c(OC)c3)CC2)cc(OC)c1OC,COc1cc(C(=O)N2CCN(C(=O)c3cc(OC)c(OC)c(OC)c3)CC2)cc(OC)c1OC,O=C(c1ccccc1)N1CCN(C(=O)c2ccccc2)CC1,O=C(c1ccccc1)N1CCN(C(=O)c2ccccc2)CC1,True,True,True,,0.52,1.0,474.51000000000033,474.51000000000033,0.0,True,2.3364000000000003,2.3364000000000003,0.0,True,0.5754127815390553,0.5754127815390553,0.0,True,96.00000000000001,96.00000000000001,0.0,True,,,,,8.0,8.0,0.0,True,8.0,8.0,0.0,True
target_oracle,mpair_00002606_cond_02_6p,mpair_00002606,eval,6,"MW,QED,TPSA,HBD,HBA,RB",COc1ccc(C(=O)Nc2c(Cl)cncc2Cl)c2cccnc12,COc1ccc(C(=O)Nc2c(Cl)cncc2Cl)c2ccc(C(C)O)nc12,COc1ccc(C(=O)Nc2c(Cl)cncc2Cl)c2ccc(C(C)O)nc12,O=C(Nc1ccncc1)c1cccc2ncccc12,O=C(Nc1ccncc1)c1cccc2ncccc12,True,True,True,,0.6428571428571429,1.0,392.24200000000013,392.24200000000013,0.0,True,,,,,0.6936033323496321,0.6936033323496321,0.0,True,84.34,84.34,0.0,True,2.0,2.0,0.0,True,5.0,5.0,0.0,True,4.0,4.0,0.0,True
target_oracle,mpair_00003213_cond_02_6p,mpair_00003213,eval,6,"MW,QED,TPSA,HBD,HBA,RB",CC(C)NC(=O)c1ccc2c(Nc3ccc(Cl)cc3)nc(N3CCOCC3)nc2c1,Clc1ccc(Nc2nc(N3CCOCC3)nc3ccccc23)cc1,Clc1ccc(Nc2nc(N3CCOCC3)nc3ccccc23)cc1,c1ccc(Nc2nc(N3CCOCC3)nc3ccccc23)cc1,c1ccc(Nc2nc(N3CCOCC3)nc3ccccc23)cc1,True,True,True,,0.6,1.0,340.81399999999996,340.81399999999996,0.0,True,,,,,0.784150666451108,0.784150666451108,0.0,True,50.28,50.28,0.0,True,1.0,1.0,0.0,True,5.0,5.0,0.0,True,3.0,3.0,0.0,True
target_oracle,mpair_00002511_cond_00_7p,mpair_00002511,eval,7,"MW,LogP,QED,TPSA,HBD,HBA,RB",CSc1cc(-c2ccc(Br)cc2)oc(=O)c1Br,CSc1cc(-c2ccc(Cl)cc2)oc(=O)c1C(N)=O,CSc1cc(-c2ccc(Cl)cc2)oc(=O)c1C(N)=O,O=c1cccc(-c2ccccc2)o1,O=c1cccc(-c2ccccc2)o1,True,True,True,,0.4782608695652174,1.0,295.747,295.747,0.0,True,2.7810000000000006,2.7810000000000006,0.0,True,0.8837306867126842,0.8837306867126842,0.0,True,73.30000000000001,73.30000000000001,0.0,True,1.0,1.0,0.0,True,4.0,4.0,0.0,True,3.0,3.0,0.0,True
target_oracle,mpair_00002551_cond_00_7p,mpair_00002551,eval,7,"MW,LogP,QED,TPSA,HBD,HBA,RB",CSc1cc(-c2ccc(Cl)cc2)oc(=O)c1C(N)=O,CSc1cc(-c2ccc(Br)cc2)oc(=O)c1Cl,CSc1cc(-c2ccc(Br)cc2)oc(=O)c1Cl,O=c1cccc(-c2ccccc2)o1,O=c1cccc(-c2ccccc2)o1,True,True,True,,0.5217391304347826,1.0,331.61800000000005,331.61800000000005,0.0,True,4.444600000000002,4.444600000000002,0.0,True,0.7618841288913727,0.7618841288913727,0.0,True,30.21,30.21,0.0,True,0.0,0.0,0.0,True,3.0,3.0,0.0,True,2.0,2.0,0.0,True
