method,condition_id,pair_id,split,property_count,condition_properties,source_smiles,target_smiles,generated_smiles,source_scaffold,generated_scaffold,scaffold_match,strict_success,joint_success,fallback,source_tanimoto,target_tanimoto,MW_target,MW_actual,MW_abs_error,MW_success,LogP_target,LogP_actual,LogP_abs_error,LogP_success,QED_target,QED_actual,QED_abs_error,QED_success,TPSA_target,TPSA_actual,TPSA_abs_error,TPSA_success,HBD_target,HBD_actual,HBD_abs_error,HBD_success,HBA_target,HBA_actual,HBA_abs_error,HBA_success,RB_target,RB_actual,RB_abs_error,RB_success
source_identity,mpair_00000002_cond_02_2p,mpair_00000002,eval,2,"LogP,QED",O=C(c1cccc(Cl)c1)N1C[C@H](CN2CCC(c3ccccc3)CC2)[C@@H](c2ccccc2)C1,O=C(c1ccccc1F)N1C[C@H](CN2CCC(c3ccccc3)CC2)[C@@H](c2ccccc2)C1,O=C(c1cccc(Cl)c1)N1C[C@H](CN2CCC(c3ccccc3)CC2)[C@@H](c2ccccc2)C1,O=C(c1ccccc1)N1C[C@H](CN2CCC(c3ccccc3)CC2)[C@@H](c2ccccc2)C1,O=C(c1ccccc1)N1C[C@H](CN2CCC(c3ccccc3)CC2)[C@@H](c2ccccc2)C1,True,True,True,,1.0,0.6379310344827587,,,,,5.561100000000006,6.075400000000006,0.5143000000000004,True,0.5164092889512721,0.4625029539066648,0.053906335044607345,True,,,,,,,,,,,,,,,,
source_identity,mpair_00000005_cond_01_2p,mpair_00000005,eval,2,"HBA,RB",O=C(c1ccccc1F)N1C[C@H](CN2CCC(c3ccccc3)CC2)[C@@H](c2ccccc2)C1,COc1cccc(C(=O)N2C[C@H](CN3CCC(c4ccccc4)CC3)[C@@H](c3ccccc3)C2)c1,O=C(c1ccccc1F)N1C[C@H](CN2CCC(c3ccccc3)CC2)[C@@H](c2ccccc2)C1,O=C(c1ccccc1)N1C[C@H](CN2CCC(c3ccccc3)CC2)[C@@H](c2ccccc2)C1,O=C(c1ccccc1)N1C[C@H](CN2CCC(c3ccccc3)CC2)[C@@H](c2ccccc2)C1,True,True,True,,1.0,0.6065573770491803,,,,,,,,,,,,,,,,,,,,,3.0,2.0,1.0,True,6.0,5.0,1.0,True
source_identity,mpair_00000007_cond_02_2p,mpair_00000007,eval,2,"LogP,QED",O=C(c1ccccc1F)N1C[C@H](CN2CCC(c3ccccc3)CC2)[C@@H](c2ccccc2)C1,O=C(c1cccc(Cl)c1)N1C[C@H](CN2CCC(c3ccccc3)CC2)[C@@H](c2ccccc2)C1,O=C(c1ccccc1F)N1C[C@H](CN2CCC(c3ccccc3)CC2)[C@@H](c2ccccc2)C1,O=C(c1ccccc1)N1C[C@H](CN2CCC(c3ccccc3)CC2)[C@@H](c2ccccc2)C1,O=C(c1ccccc1)N1C[C@H](CN2CCC(c3ccccc3)CC2)[C@@H](c2ccccc2)C1,True,True,True,,1.0,0.6379310344827587,,,,,6.075400000000006,5.561100000000006,0.5143000000000004,True,0.4625029539066648,0.5164092889512721,0.053906335044607345,True,,,,,,,,,,,,,,,,
source_identity,mpair_00000011_cond_01_2p,mpair_00000011,eval,2,"HBA,RB",COc1cccc(C(=O)N2C[C@H](CN3CCC(c4ccccc4)CC3)[C@@H](c3ccccc3)C2)c1,O=C(c1ccccc1F)N1C[C@H](CN2CCC(c3ccccc3)CC2)[C@@H](c2ccccc2)C1,COc1cccc(C(=O)N2C[C@H](CN3CCC(c4ccccc4)CC3)[C@@H](c3ccccc3)C2)c1,O=C(c1ccccc1)N1C[C@H](CN2CCC(c3ccccc3)CC2)[C@@H](c2ccccc2)C1,O=C(c1ccccc1)N1C[C@H](CN2CCC(c3ccccc3)CC2)[C@@H](c2ccccc2)C1,True,True,True,,1.0,0.6065573770491803,,,,,,,,,,,,,,,,,,,,,2.0,3.0,1.0,True,5.0,6.0,1.0,True
source_identity,mpair_00000015_cond_00_2p,mpair_00000015,eval,2,"LogP,TPSA",O=C(O)CC[C@H]1CC[C@H]2CN[C@H](C(=O)O)C[C@H]2C1,O=C(O)[C@@H]1C[C@H]2C[C@@H](CCS(=O)(=O)O)CC[C@H]2CN1,O=C(O)CC[C@H]1CC[C@H]2CN[C@H](C(=O)O)C[C@H]2C1,C1CC[C@H]2CNCC[C@H]2C1,C1CC[C@H]2CNCC[C@H]2C1,True,True,True,,1.0,0.6829268292682927,,,,,0.7433000000000001,1.3301999999999996,0.5868999999999995,True,,,,,103.7,86.63000000000001,17.069999999999993,True,,,,,,,,,,,,
source_identity,mpair_00000323_cond_01_2p,mpair_00000323,eval,2,"TPSA,HBA",N[C@@H](C(=O)N[C@@H]1C(=O)N2C(C(=O)O)=C(C(F)(F)F)CC[C@H]12)c1ccc(F)cc1,N[C@@H](C(=O)N[C@@H]1C(=O)N2C(C(=O)O)=C(C(F)(F)F)CC[C@H]12)c1ccc(O)cc1,N[C@@H](C(=O)N[C@@H]1C(=O)N2C(C(=O)O)=C(C(F)(F)F)CC[C@H]12)c1ccc(F)cc1,O=C(Cc1ccccc1)N[C@@H]1C(=O)N2C=CCC[C@H]12,O=C(Cc1ccccc1)N[C@@H]1C(=O)N2C=CCC[C@H]12,True,False,False,,1.0,0.8545454545454545,,,,,,,,,,,,,132.96,112.73,20.230000000000004,False,,,,,5.0,4.0,1.0,True,,,,
source_identity,mpair_00000330_cond_00_2p,mpair_00000330,eval,2,"QED,HBD",N[C@@H](C(=O)N[C@@H]1C(=O)N2C(C(=O)O)=C(C(F)(F)F)CC[C@H]12)c1ccc(O)cc1,N[C@@H](C(=O)N[C@@H]1C(=O)N2C(C(=O)O)=C(C(F)(F)F)CC[C@H]12)c1cccc(C(F)(F)F)c1,N[C@@H](C(=O)N[C@@H]1C(=O)N2C(C(=O)O)=C(C(F)(F)F)CC[C@H]12)c1ccc(O)cc1,O=C(Cc1ccccc1)N[C@@H]1C(=O)N2C=CCC[C@H]12,O=C(Cc1ccccc1)N[C@@H]1C(=O)N2C=CCC[C@H]12,True,True,True,,1.0,0.7377049180327869,,,,,,,,,0.4795891963980345,0.5533729404309352,0.07378374403290072,True,,,,,3.0,4.0,1.0,True,,,,,,,,
source_identity,mpair_00000337_cond_01_2p,mpair_00000337,eval,2,"MW,LogP",N[C@@H](C(=O)N[C@@H]1C(=O)N2C(C(=O)O)=C(C(F)(F)F)CC[C@H]12)c1cccc(C(F)(F)F)c1,N[C@@H](C(=O)N[C@@H]1C(=O)N2C(C(=O)O)=C(C(F)(F)F)CC[C@H]12)c1ccc(F)cc1,N[C@@H](C(=O)N[C@@H]1C(=O)N2C(C(=O)O)=C(C(F)(F)F)CC[C@H]12)c1cccc(C(F)(F)F)c1,O=C(Cc1ccccc1)N[C@@H]1C(=O)N2C=CCC[C@H]12,O=C(Cc1ccccc1)N[C@@H]1C(=O)N2C=CCC[C@H]12,True,False,False,,1.0,0.7377049180327869,401.3160000000001,451.3230000000001,50.007000000000005,False,1.2158999999999993,2.0955999999999997,0.8797000000000004,True,,,,,,,,,,,,,,,,,,,,
source_identity,mpair_00000586_cond_00_2p,mpair_00000586,eval,2,"LogP,HBD",OC[C@@H]1N[C@@H](CCCCc2cc(F)cc(F)c2)[C@H](O)[C@H]1O,OC[C@@H]1N[C@@H](CCCCc2ccc(O)cc2)[C@H](O)[C@H]1O,OC[C@@H]1N[C@@H](CCCCc2cc(F)cc(F)c2)[C@H](O)[C@H]1O,c1ccc(CCCC[C@H]2CCCN2)cc1,c1ccc(CCCC[C@H]2CCCN2)cc1,True,True,True,,1.0,0.625,,,,,0.15949999999999964,0.7320999999999995,0.5725999999999999,True,,,,,,,,,5.0,4.0,1.0,True,,,,,,,,
source_identity,mpair_00000589_cond_01_2p,mpair_00000589,eval,2,"HBA,RB",COc1ccc(CCCC[C@@H]2N[C@@H](CO)[C@H](O)[C@H]2O)cc1,OC[C@@H]1N[C@@H](CCCCc2ccc(F)cc2)[C@H](O)[C@H]1O,COc1ccc(CCCC[C@@H]2N[C@@H](CO)[C@H](O)[C@H]2O)cc1,c1ccc(CCCC[C@H]2CCCN2)cc1,c1ccc(CCCC[C@H]2CCCN2)cc1,True,True,True,,1.0,0.6829268292682927,,,,,,,,,,,,,,,,,,,,,4.0,5.0,1.0,True,6.0,7.0,1.0,True
source_identity,mpair_00000591_cond_00_2p,mpair_00000591,eval,2,"HBD,HBA",OC[C@@H]1N[C@@H](CCCCc2ccc(F)cc2)[C@H](O)[C@H]1O,OC[C@@H]1N[C@@H](CCCCc2ccc(O)cc2)[C@H](O)[C@H]1O,OC[C@@H]1N[C@@H](CCCCc2ccc(F)cc2)[C@H](O)[C@H]1O,c1ccc(CCCC[C@H]2CCCN2)cc1,c1ccc(CCCC[C@H]2CCCN2)cc1,True,True,True,,1.0,0.7567567567567568,,,,,,,,,,,,,,,,,5.0,4.0,1.0,True,5.0,4.0,1.0,True,,,,
source_identity,mpair_00000593_cond_00_2p,mpair_00000593,eval,2,"HBA,RB",OC[C@@H]1N[C@@H](CCCCc2cc(F)cc(F)c2)[C@H](O)[C@H]1O,COc1ccc(CCCC[C@@H]2N[C@@H](CO)[C@H](O)[C@H]2O)cc1,OC[C@@H]1N[C@@H](CCCCc2cc(F)cc(F)c2)[C@H](O)[C@H]1O,c1ccc(CCCC[C@H]2CCCN2)cc1,c1ccc(CCCC[C@H]2CCCN2)cc1,True,True,True,,1.0,0.5681818181818182,,,,,,,,,,,,,,,,,,,,,5.0,4.0,1.0,True,7.0,6.0,1.0,True
source_identity,mpair_00000594_cond_02_2p,mpair_00000594,eval,2,"HBA,RB",COc1ccc(CCCC[C@@H]2N[C@@H](CO)[C@H](O)[C@H]2O)cc1,OC[C@@H]1N[C@@H](CCCCc2cc(F)cc(F)c2)[C@H](O)[C@H]1O,COc1ccc(CCCC[C@@H]2N[C@@H](CO)[C@H](O)[C@H]2O)cc1,c1ccc(CCCC[C@H]2CCCN2)cc1,c1ccc(CCCC[C@H]2CCCN2)cc1,True,True,True,,1.0,0.5681818181818182,,,,,,,,,,,,,,,,,,,,,4.0,5.0,1.0,True,6.0,7.0,1.0,True
source_identity,mpair_00000597_cond_00_2p,mpair_00000597,eval,2,"QED,HBA",OC[C@@H]1N[C@@H](CCCCc2ccc(O)cc2)[C@H](O)[C@H]1O,OC[C@@H]1N[C@@H](CCCCc2ccc(F)cc2)[C@H](O)[C@H]1O,OC[C@@H]1N[C@@H](CCCCc2ccc(O)cc2)[C@H](O)[C@H]1O,c1ccc(CCCC[C@H]2CCCN2)cc1,c1ccc(CCCC[C@H]2CCCN2)cc1,True,True,True,,1.0,0.7567567567567568,,,,,,,,,0.5767746304019578,0.47902706341404183,0.09774756698791592,True,,,,,,,,,4.0,5.0,1.0,True,,,,
source_identity,mpair_00000725_cond_00_2p,mpair_00000725,eval,2,"LogP,RB",C=CCc1cc(/C=C2\SC(=O)NC2=O)c(OC)cc1OC1CCCCO1,C=CCc1cc(/C=C2\SC(=O)N(CC=C(C)C)C2=O)c(OC)cc1OC1CCCCO1,C=CCc1cc(/C=C2\SC(=O)NC2=O)c(OC)cc1OC1CCCCO1,O=C1NC(=O)/C(=C/c2ccc(OC3CCCCO3)cc2)S1,O=C1NC(=O)/C(=C/c2ccc(OC3CCCCO3)cc2)S1,True,False,False,,1.0,0.647887323943662,,,,,5.331600000000005,3.6530000000000022,1.678600000000003,False,,,,,,,,,,,,,,,,,8.0,6.0,2.0,False
source_identity,mpair_00000729_cond_01_2p,mpair_00000729,eval,2,"LogP,QED",C=CCc1cc(/C=C2\SC(=O)N(CC=C(C)C)C2=O)c(OC)cc1OC1CCCCO1,C=CCc1cc(/C=C2\SC(=O)N(CC=C)C2=O)c(OC)cc1OC1CCCCO1,C=CCc1cc(/C=C2\SC(=O)N(CC=C(C)C)C2=O)c(OC)cc1OC1CCCCO1,O=C1NC(=O)/C(=C/c2ccc(OC3CCCCO3)cc2)S1,O=C1NC(=O)/C(=C/c2ccc(OC3CCCCO3)cc2)S1,True,True,True,,1.0,0.8615384615384616,,,,,4.551400000000004,5.331600000000005,0.7802000000000016,True,0.45838471716690443,0.3995752918375223,0.05880942532938216,True,,,,,,,,,,,,,,,,
source_identity,mpair_00000731_cond_02_2p,mpair_00000731,eval,2,"LogP,RB",C=CCc1cc(/C=C2\SC(=O)N(C(C)C)C2=O)c(OC)cc1OC1CCCCO1,C=CCc1cc(/C=C2\SC(=O)N(CC=C(C)C)C2=O)c(OC)cc1OC1CCCCO1,C=CCc1cc(/C=C2\SC(=O)N(C(C)C)C2=O)c(OC)cc1OC1CCCCO1,O=C1NC(=O)/C(=C/c2ccc(OC3CCCCO3)cc2)S1,O=C1NC(=O)/C(=C/c2ccc(OC3CCCCO3)cc2)S1,True,True,True,,1.0,0.7183098591549296,,,,,5.331600000000005,4.773800000000004,0.5578000000000012,True,,,,,,,,,,,,,,,,,8.0,7.0,1.0,True
source_identity,mpair_00000734_cond_02_2p,mpair_00000734,eval,2,"MW,QED",C=CCc1cc(/C=C2\SC(=O)N(CCCC)C2=O)c(OC)cc1OC1CCCCO1,C=CCc1cc(/C=C2\SC(=O)N(C)C2=O)c(OC)cc1OC1CCCCO1,C=CCc1cc(/C=C2\SC(=O)N(CCCC)C2=O)c(OC)cc1OC1CCCCO1,O=C1NC(=O)/C(=C/c2ccc(OC3CCCCO3)cc2)S1,O=C1NC(=O)/C(=C/c2ccc(OC3CCCCO3)cc2)S1,True,False,False,,1.0,0.7878787878787878,389.4730000000002,431.55400000000026,42.081000000000074,False,,,,,0.5413211960634129,0.39718598618589046,0.14413520987752243,False,,,,,,,,,,,,,,,,
source_identity,mpair_00000737_cond_00_2p,mpair_00000737,eval,2,"QED,HBD",C=CCc1cc(/C=C2\SC(=O)NC2=O)c(OC)cc1OC1CCCCO1,C=CCc1cc(/C=C2\SC(=O)N(C)C2=O)c(OC)cc1OC1CCCCO1,C=CCc1cc(/C=C2\SC(=O)NC2=O)c(OC)cc1OC1CCCCO1,O=C1NC(=O)/C(=C/c2ccc(OC3CCCCO3)cc2)S1,O=C1NC(=O)/C(=C/c2ccc(OC3CCCCO3)cc2)S1,True,True,True,,1.0,0.71875,,,,,,,,,0.5413211960634129,0.6042673504148035,0.06294615435139062,True,,,,,0.0,1.0,1.0,True,,,,,,,,
source_identity,mpair_00000738_cond_02_2p,mpair_00000738,eval,2,"LogP,QED",C=CCc1cc(/C=C2\SC(=O)N(C(C)C)C2=O)c(OC)cc1OC1CCCCO1,C=CCc1cc(/C=C2\SC(=O)N(C)C2=O)c(OC)cc1OC1CCCCO1,C=CCc1cc(/C=C2\SC(=O)N(C(C)C)C2=O)c(OC)cc1OC1CCCCO1,O=C1NC(=O)/C(=C/c2ccc(OC3CCCCO3)cc2)S1,O=C1NC(=O)/C(=C/c2ccc(OC3CCCCO3)cc2)S1,True,True,True,,1.0,0.796875,,,,,3.9952000000000023,4.773800000000004,0.7786000000000017,True,0.5413211960634129,0.4701504427149941,0.07117075334841877,True,,,,,,,,,,,,,,,,
source_identity,mpair_00000743_cond_01_2p,mpair_00000743,eval,2,"LogP,RB",C=CCc1cc(/C=C2\SC(=O)N(CC=C)C2=O)c(OC)cc1OC1CCCCO1,C=CCc1cc(/C=C2\SC(=O)N(C)C2=O)c(OC)cc1OC1CCCCO1,C=CCc1cc(/C=C2\SC(=O)N(CC=C)C2=O)c(OC)cc1OC1CCCCO1,O=C1NC(=O)/C(=C/c2ccc(OC3CCCCO3)cc2)S1,O=C1NC(=O)/C(=C/c2ccc(OC3CCCCO3)cc2)S1,True,False,False,,1.0,0.8095238095238095,,,,,3.9952000000000023,4.551400000000004,0.5562000000000014,True,,,,,,,,,,,,,,,,,6.0,8.0,2.0,False
source_identity,mpair_00000745_cond_01_2p,mpair_00000745,eval,2,"QED,HBD",C=CCc1cc(/C=C2\SC(=O)N(C)C2=O)c(OC)cc1OC1CCCCO1,C=CCc1cc(/C=C2\SC(=O)NC2=O)c(OC)cc1OC1CCCCO1,C=CCc1cc(/C=C2\SC(=O)N(C)C2=O)c(OC)cc1OC1CCCCO1,O=C1NC(=O)/C(=C/c2ccc(OC3CCCCO3)cc2)S1,O=C1NC(=O)/C(=C/c2ccc(OC3CCCCO3)cc2)S1,True,True,True,,1.0,0.71875,,,,,,,,,0.6042673504148035,0.5413211960634129,0.06294615435139062,True,,,,,1.0,0.0,1.0,True,,,,,,,,
source_identity,mpair_00000751_cond_00_2p,mpair_00000751,eval,2,"LogP,RB",O=C1CCC[C@H]2OC[C@@H](Cc3c[nH]c4ccccc34)N12,CC[C@H]1CCC(=O)N2[C@H](Cc3c[nH]c4ccccc34)CO[C@H]12,O=C1CCC[C@H]2OC[C@@H](Cc3c[nH]c4ccccc34)N12,O=C1CCC[C@H]2OC[C@@H](Cc3c[nH]c4ccccc34)N12,O=C1CCC[C@H]2OC[C@@H](Cc3c[nH]c4ccccc34)N12,True,True,True,,1.0,0.6607142857142857,,,,,3.0839000000000016,2.447800000000001,0.6361000000000008,True,,,,,,,,,,,,,,,,,3.0,2.0,1.0,True
source_identity,mpair_00000752_cond_02_2p,mpair_00000752,eval,2,"QED,TPSA",CC[C@H]1CCC(=O)N2[C@H](Cc3c[nH]c4ccccc34)CO[C@H]12,COC(=O)C[C@@H]1CC(=O)N2[C@H](Cc3c[nH]c4ccccc34)CO[C@@H]2C1,CC[C@H]1CCC(=O)N2[C@H](Cc3c[nH]c4ccccc34)CO[C@H]12,O=C1CCC[C@H]2OC[C@@H](Cc3c[nH]c4ccccc34)N12,O=C1CCC[C@H]2OC[C@@H](Cc3c[nH]c4ccccc34)N12,True,False,False,,1.0,0.5072463768115942,,,,,,,,,0.8651865286551231,0.9461815070706311,0.08099497841550796,True,71.63000000000001,45.33,26.30000000000001,False,,,,,,,,,,,,
source_identity,mpair_00000756_cond_00_2p,mpair_00000756,eval,2,"LogP,QED",Clc1cccc(-c2cncc(O[C@@H]3CCNC3)c2)c1,Clc1cccc(-c2cc(O[C@@H]3CCNC3)cnc2Cl)c1,Clc1cccc(-c2cncc(O[C@@H]3CCNC3)c2)c1,c1ccc(-c2cncc(O[C@@H]3CCNC3)c2)cc1,c1ccc(-c2cncc(O[C@@H]3CCNC3)c2)cc1,True,True,True,,1.0,0.68,,,,,3.796100000000002,3.1427000000000014,0.6534000000000004,True,0.8758671086324237,0.9336391660075258,0.05777205737510216,True,,,,,,,,,,,,,,,,
source_identity,mpair_00000758_cond_00_2p,mpair_00000758,eval,2,"HBA,RB",Clc1cccc(-c2cncc(O[C@@H]3CCNC3)c2)c1,COc1cccc(-c2cncc(O[C@@H]3CCNC3)c2)c1,Clc1cccc(-c2cncc(O[C@@H]3CCNC3)c2)c1,c1ccc(-c2cncc(O[C@@H]3CCNC3)c2)cc1,c1ccc(-c2cncc(O[C@@H]3CCNC3)c2)cc1,True,True,True,,1.0,0.7446808510638298,,,,,,,,,,,,,,,,,,,,,4.0,3.0,1.0,True,4.0,3.0,1.0,True
source_identity,mpair_00000760_cond_00_2p,mpair_00000760,eval,2,"MW,LogP",Clc1cccc(-c2cc(O[C@@H]3CCNC3)cnc2Cl)c1,c1ccc(-c2cncc(O[C@@H]3CCNC3)c2)cc1,Clc1cccc(-c2cc(O[C@@H]3CCNC3)cnc2Cl)c1,c1ccc(-c2cncc(O[C@@H]3CCNC3)c2)cc1,c1ccc(-c2cncc(O[C@@H]3CCNC3)c2)cc1,True,False,False,,1.0,0.5192307692307693,240.30599999999998,309.196,68.89000000000004,False,2.4893,3.796100000000002,1.3068000000000017,False,,,,,,,,,,,,,,,,,,,,
source_identity,mpair_00000761_cond_02_2p,mpair_00000761,eval,2,"HBA,RB",c1ccc(-c2cncc(O[C@@H]3CCNC3)c2)cc1,COc1cccc(-c2cncc(O[C@@H]3CCNC3)c2)c1,c1ccc(-c2cncc(O[C@@H]3CCNC3)c2)cc1,c1ccc(-c2cncc(O[C@@H]3CCNC3)c2)cc1,c1ccc(-c2cncc(O[C@@H]3CCNC3)c2)cc1,True,True,True,,1.0,0.75,,,,,,,,,,,,,,,,,,,,,4.0,3.0,1.0,True,4.0,3.0,1.0,True
source_identity,mpair_00000764_cond_01_2p,mpair_00000764,eval,2,"LogP,QED",Clc1cccc(-c2cc(O[C@@H]3CCNC3)cnc2Cl)c1,Clc1cccc(-c2cncc(O[C@@H]3CCNC3)c2)c1,Clc1cccc(-c2cc(O[C@@H]3CCNC3)cnc2Cl)c1,c1ccc(-c2cncc(O[C@@H]3CCNC3)c2)cc1,c1ccc(-c2cncc(O[C@@H]3CCNC3)c2)cc1,True,True,True,,1.0,0.68,,,,,3.1427000000000014,3.796100000000002,0.6534000000000004,True,0.9336391660075258,0.8758671086324237,0.05777205737510216,True,,,,,,,,,,,,,,,,
source_identity,mpair_00001114_cond_02_2p,mpair_00001114,eval,2,"QED,HBD",COc1ccc(N2CCN(CCC3NC(=O)c4ccccc43)CC2)cc1,COc1ccc(N2CCN(CCC3c4ccccc4C(=O)N3C)CC2)cc1,COc1ccc(N2CCN(CCC3NC(=O)c4ccccc43)CC2)cc1,O=C1NC(CCN2CCN(c3ccccc3)CC2)c2ccccc21,O=C1NC(CCN2CCN(c3ccccc3)CC2)c2ccccc21,True,True,True,,1.0,0.6545454545454545,,,,,,,,,0.8160326048332845,0.8996022198661571,0.08356961503287252,True,,,,,0.0,1.0,1.0,True,,,,,,,,
source_identity,mpair_00001118_cond_02_2p,mpair_00001118,eval,2,"HBD,RB",Cc1ccc(N2CCN(CCC3NC(=O)c4ccccc43)CC2)cc1C,COc1ccc(N2CCN(CCC3c4ccccc4C(=O)N3C)CC2)cc1,Cc1ccc(N2CCN(CCC3NC(=O)c4ccccc43)CC2)cc1C,O=C1NC(CCN2CCN(c3ccccc3)CC2)c2ccccc21,O=C1NC(CCN2CCN(c3ccccc3)CC2)c2ccccc21,True,True,True,,1.0,0.4444444444444444,,,,,,,,,,,,,,,,,0.0,1.0,1.0,True,,,,,5.0,4.0,1.0,True
source_identity,mpair_00001120_cond_01_2p,mpair_00001120,eval,2,"QED,HBD",CN1C(=O)c2ccccc2C1CCN1CCN(c2ccc(Cl)cc2)CC1,Cc1ccc(N2CCN(CCC3NC(=O)c4ccccc43)CC2)cc1C,CN1C(=O)c2ccccc2C1CCN1CCN(c2ccc(Cl)cc2)CC1,O=C1NC(CCN2CCN(c3ccccc3)CC2)c2ccccc21,O=C1NC(CCN2CCN(c3ccccc3)CC2)c2ccccc21,True,True,True,,1.0,0.45901639344262296,,,,,,,,,0.9198864151307602,0.8221231339252668,0.09776328120549338,True,,,,,1.0,0.0,1.0,True,,,,,,,,
source_identity,mpair_00001122_cond_00_2p,mpair_00001122,eval,2,"QED,HBD",COc1ccc(N2CCN(CCC3c4ccccc4C(=O)N3C)CC2)cc1,COc1ccc(N2CCN(CCC3NC(=O)c4ccccc43)CC2)cc1,COc1ccc(N2CCN(CCC3c4ccccc4C(=O)N3C)CC2)cc1,O=C1NC(CCN2CCN(c3ccccc3)CC2)c2ccccc21,O=C1NC(CCN2CCN(c3ccccc3)CC2)c2ccccc21,True,True,True,,1.0,0.6545454545454545,,,,,,,,,0.8996022198661571,0.8160326048332845,0.08356961503287252,True,,,,,1.0,0.0,1.0,True,,,,,,,,
source_identity,mpair_00001124_cond_02_2p,mpair_00001124,eval,2,"LogP,RB",COc1ccc(N2CCN(CCC3NC(=O)c4ccccc43)CC2)cc1,Cc1ccc(N2CCN(CCC3NC(=O)c4ccccc43)CC2)cc1C,COc1ccc(N2CCN(CCC3NC(=O)c4ccccc43)CC2)cc1,O=C1NC(CCN2CCN(c3ccccc3)CC2)c2ccccc21,O=C1NC(CCN2CCN(c3ccccc3)CC2)c2ccccc21,True,True,True,,1.0,0.7037037037037037,,,,,3.3002400000000023,2.692000000000001,0.6082400000000012,True,,,,,,,,,,,,,,,,,4.0,5.0,1.0,True
source_identity,mpair_00001128_cond_01_2p,mpair_00001128,eval,2,"LogP,HBA",CN1C(=O)c2ccccc2C1CCN1CCN(c2ccc(Cl)cc2)CC1,COc1ccc(N2CCN(CCC3c4ccccc4C(=O)N3C)CC2)cc1,CN1C(=O)c2ccccc2C1CCN1CCN(c2ccc(Cl)cc2)CC1,O=C1NC(CCN2CCN(c3ccccc3)CC2)c2ccccc21,O=C1NC(CCN2CCN(c3ccccc3)CC2)c2ccccc21,True,True,True,,1.0,0.76,,,,,3.034200000000002,3.679000000000003,0.6448000000000009,True,,,,,,,,,,,,,4.0,3.0,1.0,True,,,,
source_identity,mpair_00001130_cond_00_2p,mpair_00001130,eval,2,"HBA,RB",COc1ccc(N2CCN(CCC3c4ccccc4C(=O)N3C)CC2)cc1,CN1C(=O)c2ccccc2C1CCN1CCN(c2ccc(Cl)cc2)CC1,COc1ccc(N2CCN(CCC3c4ccccc4C(=O)N3C)CC2)cc1,O=C1NC(CCN2CCN(c3ccccc3)CC2)c2ccccc21,O=C1NC(CCN2CCN(c3ccccc3)CC2)c2ccccc21,True,True,True,,1.0,0.76,,,,,,,,,,,,,,,,,,,,,3.0,4.0,1.0,True,4.0,5.0,1.0,True
source_identity,mpair_00001134_cond_00_2p,mpair_00001134,eval,2,"MW,LogP",FC(F)(F)c1cccc(N2CCN(c3nc4ccsc4n4cccc34)CC2)c1,Fc1ccc(N2CCN(c3nc4ccsc4n4cccc34)CC2)cc1,FC(F)(F)c1cccc(N2CCN(c3nc4ccsc4n4cccc34)CC2)c1,c1ccc(N2CCN(c3nc4ccsc4n4cccc34)CC2)cc1,c1ccc(N2CCN(c3nc4ccsc4n4cccc34)CC2)cc1,True,False,False,,1.0,0.6666666666666666,352.43800000000016,402.4450000000001,50.00699999999995,False,4.014700000000003,4.894400000000004,0.8797000000000006,True,,,,,,,,,,,,,,,,,,,,
source_identity,mpair_00001616_cond_01_2p,mpair_00001616,eval,2,"QED,TPSA",CC1CC(C)(C)Nc2ccc3c(c21)COc1c-3cc(F)cc1[N+](=O)[O-],CC1CC(C)(C)Nc2ccc3c(c21)COc1c(F)cc(F)cc1-3,CC1CC(C)(C)Nc2ccc3c(c21)COc1c-3cc(F)cc1[N+](=O)[O-],c1ccc2c(c1)OCc1c-2ccc2c1CCCN2,c1ccc2c(c1)OCc1c-2ccc2c1CCCN2,True,False,False,,1.0,0.7321428571428571,,,,,,,,,0.719238819171056,0.5855235809891088,0.1337152381819472,False,21.259999999999998,64.39999999999999,43.13999999999999,False,,,,,,,,,,,,
source_identity,mpair_00001633_cond_02_2p,mpair_00001633,eval,2,"MW,QED",C=CCC1(C(C)C#CCC)C(=O)NC(=O)N(C)C1=O,C=C(Br)CC1(C(C)C)C(=O)NC(=O)N(C)C1=O,C=CCC1(C(C)C#CCC)C(=O)NC(=O)N(C)C1=O,O=C1CC(=O)NC(=O)N1,O=C1CC(=O)NC(=O)N1,True,False,False,,1.0,0.42857142857142855,303.15600000000006,262.30899999999997,40.847000000000094,False,,,,,0.8059749860896003,0.47348972477403223,0.33248526131556805,False,,,,,,,,,,,,,,,,
source_identity,mpair_00002258_cond_01_2p,mpair_00002258,eval,2,"LogP,QED",Cc1cccc(C)c1NC(=O)c1c(C)n(-c2c(C)cccc2C)c(C)cc1=O,Cc1ccccc1NC(=O)c1c(C)n(-c2ccccc2C)c(C)cc1=O,Cc1cccc(C)c1NC(=O)c1c(C)n(-c2c(C)cccc2C)c(C)cc1=O,O=C(Nc1ccccc1)c1cn(-c2ccccc2)ccc1=O,O=C(Nc1ccccc1)c1cn(-c2ccccc2)ccc1=O,True,True,True,,1.0,0.5833333333333334,,,,,4.3234800000000035,4.940320000000004,0.6168400000000007,True,0.7675628277357767,0.7058233303377046,0.06173949739807205,True,,,,,,,,,,,,,,,,
source_identity,mpair_00002371_cond_00_2p,mpair_00002371,eval,2,"QED,HBD",Cn1cc(C(=O)c2ccc(-n3ccnc3)cc2)cc1/C=C/C(=O)O,CCOC(=O)/C=C/c1cc(C(=O)c2ccc(-n3ccnc3)cc2)cn1C,Cn1cc(C(=O)c2ccc(-n3ccnc3)cc2)cc1/C=C/C(=O)O,O=C(c1ccc(-n2ccnc2)cc1)c1cc[nH]c1,O=C(c1ccc(-n2ccnc2)cc1)c1cc[nH]c1,True,False,False,,1.0,0.7454545454545455,,,,,,,,,0.3897342663180413,0.5785260949639057,0.1887918286458644,False,,,,,0.0,1.0,1.0,True,,,,,,,,
source_identity,mpair_00002373_cond_00_2p,mpair_00002373,eval,2,"HBA,RB",CCCCCNC(=O)Nc1c(C)cccc1SCCCn1cnc(-c2ccccc2)c1C,CCCCCNC(=O)Nc1c(SCCCn2cnc(-c3ccccc3)c2C)cccc1N(C)C,CCCCCNC(=O)Nc1c(C)cccc1SCCCn1cnc(-c2ccccc2)c1C,c1ccc(SCCCn2cnc(-c3ccccc3)c2)cc1,c1ccc(SCCCn2cnc(-c3ccccc3)c2)cc1,True,True,True,,1.0,0.8208955223880597,,,,,,,,,,,,,,,,,,,,,5.0,4.0,1.0,True,12.0,11.0,1.0,True
source_identity,mpair_00002462_cond_01_2p,mpair_00002462,eval,2,"QED,HBA",COc1cc(NC(=O)c2cc(OCCCN(C)C)nn2Cc2ccccc2)cc(OC)c1OC,COc1ccc(NC(=O)c2cc(OCCCN(C)C)nn2Cc2ccccc2)cc1,COc1cc(NC(=O)c2cc(OCCCN(C)C)nn2Cc2ccccc2)cc(OC)c1OC,O=C(Nc1ccccc1)c1ccnn1Cc1ccccc1,O=C(Nc1ccccc1)c1ccnn1Cc1ccccc1,True,False,False,,1.0,0.7741935483870968,,,,,,,,,0.5200250404910086,0.4069700768443977,0.11305496364661094,False,,,,,,,,,6.0,8.0,2.0,False,,,,
source_identity,mpair_00002466_cond_02_2p,mpair_00002466,eval,2,"HBA,RB",CN(C)CCCOc1cc(C(=O)Nc2ccc(Cl)cc2F)n(Cc2ccccc2)n1,CN(C)CCCOc1cc(C(=O)Nc2ccc(OC(F)(F)F)cc2)n(Cc2ccccc2)n1,CN(C)CCCOc1cc(C(=O)Nc2ccc(Cl)cc2F)n(Cc2ccccc2)n1,O=C(Nc1ccccc1)c1ccnn1Cc1ccccc1,O=C(Nc1ccccc1)c1ccnn1Cc1ccccc1,True,True,True,,1.0,0.6428571428571429,,,,,,,,,,,,,,,,,,,,,6.0,5.0,1.0,True,10.0,9.0,1.0,True
source_identity,mpair_00002472_cond_00_2p,mpair_00002472,eval,2,"QED,RB",COc1ccc(NC(=O)c2cc(OCCCN(C)C)nn2Cc2ccccc2)cc1,CN(C)CCCOc1cc(C(=O)Nc2cc(F)cc(C(F)(F)F)c2)n(Cc2ccccc2)n1,COc1ccc(NC(=O)c2cc(OCCCN(C)C)nn2Cc2ccccc2)cc1,O=C(Nc1ccccc1)c1ccnn1Cc1ccccc1,O=C(Nc1ccccc1)c1ccnn1Cc1ccccc1,True,False,False,,1.0,0.6764705882352942,,,,,,,,,0.369385517709234,0.5200250404910086,0.15063952278177462,False,,,,,,,,,,,,,9.0,10.0,1.0,True
source_identity,mpair_00002475_cond_02_2p,mpair_00002475,eval,2,"LogP,TPSA",CN(C)CCCOc1cc(C(=O)Nc2ccc(OC(F)(F)F)cc2)n(Cc2ccccc2)n1,COc1cc(NC(=O)c2cc(OCCCN(C)C)nn2Cc2ccccc2)cc(OC)c1OC,CN(C)CCCOc1cc(C(=O)Nc2ccc(OC(F)(F)F)cc2)n(Cc2ccccc2)n1,O=C(Nc1ccccc1)c1ccnn1Cc1ccccc1,O=C(Nc1ccccc1)c1ccnn1Cc1ccccc1,True,True,True,,1.0,0.6764705882352942,,,,,3.5400000000000027,4.412800000000003,0.8728000000000007,True,,,,,87.08000000000001,68.62,18.460000000000008,True,,,,,,,,,,,,
source_identity,mpair_00002480_cond_01_2p,mpair_00002480,eval,2,"MW,QED",CN(C)CCCOc1cc(C(=O)Nc2cc(F)cc(C(F)(F)F)c2)n(Cc2ccccc2)n1,CN(C)CCCOc1cc(C(=O)Nc2cccc(Cl)c2)n(Cc2ccccc2)n1,CN(C)CCCOc1cc(C(=O)Nc2cc(F)cc(C(F)(F)F)c2)n(Cc2ccccc2)n1,O=C(Nc1ccccc1)c1ccnn1Cc1ccccc1,O=C(Nc1ccccc1)c1ccnn1Cc1ccccc1,True,False,False,,1.0,0.6764705882352942,412.9210000000001,464.4630000000001,51.54199999999997,False,,,,,0.5357556879239462,0.369385517709234,0.16637017021471223,False,,,,,,,,,,,,,,,,
source_identity,mpair_00002483_cond_01_2p,mpair_00002483,eval,2,"LogP,HBA",COc1cc(NC(=O)c2cc(OCCCN(C)C)nn2Cc2ccccc2)cc(OC)c1OC,CN(C)CCCOc1cc(C(=O)Nc2ccc(OC(F)(F)F)cc2)n(Cc2ccccc2)n1,COc1cc(NC(=O)c2cc(OCCCN(C)C)nn2Cc2ccccc2)cc(OC)c1OC,O=C(Nc1ccccc1)c1ccnn1Cc1ccccc1,O=C(Nc1ccccc1)c1ccnn1Cc1ccccc1,True,False,False,,1.0,0.6764705882352942,,,,,4.412800000000003,3.5400000000000027,0.8728000000000007,True,,,,,,,,,,,,,6.0,8.0,2.0,False,,,,
source_identity,mpair_00002487_cond_00_2p,mpair_00002487,eval,2,"QED,HBA",CN(C)CCCOc1cc(C(=O)Nc2ccc(OC(F)(F)F)cc2)n(Cc2ccccc2)n1,CN(C)CCCOc1cc(C(=O)Nc2cc(F)cc(C(F)(F)F)c2)n(Cc2ccccc2)n1,CN(C)CCCOc1cc(C(=O)Nc2ccc(OC(F)(F)F)cc2)n(Cc2ccccc2)n1,O=C(Nc1ccccc1)c1ccnn1Cc1ccccc1,O=C(Nc1ccccc1)c1ccnn1Cc1ccccc1,True,True,True,,1.0,0.7101449275362319,,,,,,,,,0.369385517709234,0.4522382232340766,0.08285270552484258,True,,,,,,,,,5.0,6.0,1.0,True,,,,
source_identity,mpair_00002490_cond_02_2p,mpair_00002490,eval,2,"LogP,HBA",CCOC(=O)c1cc(C(C)O)cn1S(=O)(=O)c1cc(Cl)ccc1N,C=Cc1cc(C(=O)OCC)n(S(=O)(=O)c2cc(Cl)ccc2N)c1,CCOC(=O)c1cc(C(C)O)cn1S(=O)(=O)c1cc(Cl)ccc1N,O=S(=O)(c1ccccc1)n1cccc1,O=S(=O)(c1ccccc1)n1cccc1,True,True,True,,1.0,0.7192982456140351,,,,,2.7804,2.1907,0.5897000000000001,True,,,,,,,,,,,,,6.0,7.0,1.0,True,,,,
source_identity,mpair_00002494_cond_02_2p,mpair_00002494,eval,2,"MW,LogP",O=C1C(Nc2ccccc2)=C(Cl)C(=O)c2ncncc21,O=C1C(Nc2cccc(Br)c2)=C(Cl)C(=O)c2ncncc21,O=C1C(Nc2ccccc2)=C(Cl)C(=O)c2ncncc21,O=C1C(Nc2ccccc2)=CC(=O)c2ncncc21,O=C1C(Nc2ccccc2)=CC(=O)c2ncncc21,True,False,False,,1.0,0.7272727272727273,364.58600000000007,285.69,78.89600000000007,False,3.180600000000001,2.4181,0.7625000000000011,True,,,,,,,,,,,,,,,,,,,,
source_identity,mpair_00002496_cond_01_2p,mpair_00002496,eval,2,"MW,LogP",O=C1C(Nc2ccccc2)=C(Cl)C(=O)c2ncncc21,O=C1C(Nc2ccc(Br)cc2)=C(Cl)C(=O)c2ncncc21,O=C1C(Nc2ccccc2)=C(Cl)C(=O)c2ncncc21,O=C1C(Nc2ccccc2)=CC(=O)c2ncncc21,O=C1C(Nc2ccccc2)=CC(=O)c2ncncc21,True,False,False,,1.0,0.7560975609756098,364.58600000000007,285.69,78.89600000000007,False,3.180600000000001,2.4181,0.7625000000000011,True,,,,,,,,,,,,,,,,,,,,
source_identity,mpair_00002499_cond_00_2p,mpair_00002499,eval,2,"MW,LogP",O=C1C(Nc2cccc(Br)c2)=C(Cl)C(=O)c2ncncc21,O=C1C(Nc2ccccc2)=C(Cl)C(=O)c2ncncc21,O=C1C(Nc2cccc(Br)c2)=C(Cl)C(=O)c2ncncc21,O=C1C(Nc2ccccc2)=CC(=O)c2ncncc21,O=C1C(Nc2ccccc2)=CC(=O)c2ncncc21,True,False,False,,1.0,0.7272727272727273,285.69,364.58600000000007,78.89600000000007,False,2.4181,3.180600000000001,0.7625000000000011,True,,,,,,,,,,,,,,,,,,,,
source_identity,mpair_00002501_cond_02_2p,mpair_00002501,eval,2,"LogP,RB",CCc1ccc(NC2=C(Cl)C(=O)c3ncncc3C2=O)cc1,O=C1C(Nc2ccccc2)=C(Cl)C(=O)c2ncncc21,CCc1ccc(NC2=C(Cl)C(=O)c3ncncc3C2=O)cc1,O=C1C(Nc2ccccc2)=CC(=O)c2ncncc21,O=C1C(Nc2ccccc2)=CC(=O)c2ncncc21,True,True,True,,1.0,0.7045454545454546,,,,,2.4181,2.980500000000001,0.5624000000000011,True,,,,,,,,,,,,,,,,,2.0,3.0,1.0,True
source_identity,mpair_00002504_cond_02_2p,mpair_00002504,eval,2,"HBA,RB",COc1ccc(C(=O)CN2c3ccccc3C(=O)N(Cc3ccccc3)S2(=O)=O)cc1,Cc1ccc(C(=O)CN2c3ccccc3C(=O)N(Cc3ccccc3)S2(=O)=O)cc1,COc1ccc(C(=O)CN2c3ccccc3C(=O)N(Cc3ccccc3)S2(=O)=O)cc1,O=C(CN1c2ccccc2C(=O)N(Cc2ccccc2)S1(=O)=O)c1ccccc1,O=C(CN1c2ccccc2C(=O)N(Cc2ccccc2)S1(=O)=O)c1ccccc1,True,True,True,,1.0,0.7843137254901961,,,,,,,,,,,,,,,,,,,,,4.0,5.0,1.0,True,5.0,6.0,1.0,True
source_identity,mpair_00002507_cond_01_2p,mpair_00002507,eval,2,"QED,RB",O=C(CN1c2ccccc2C(=O)N(Cc2ccccc2)S1(=O)=O)c1ccccc1,COc1ccc(C(=O)CN2c3ccccc3C(=O)N(Cc3ccccc3)S2(=O)=O)cc1,O=C(CN1c2ccccc2C(=O)N(Cc2ccccc2)S1(=O)=O)c1ccccc1,O=C(CN1c2ccccc2C(=O)N(Cc2ccccc2)S1(=O)=O)c1ccccc1,O=C(CN1c2ccccc2C(=O)N(Cc2ccccc2)S1(=O)=O)c1ccccc1,True,True,True,,1.0,0.7916666666666666,,,,,,,,,0.5539335722556151,0.6096951629926923,0.055761590737077205,True,,,,,,,,,,,,,6.0,5.0,1.0,True
source_identity,mpair_00002516_cond_00_2p,mpair_00002516,eval,2,"LogP,TPSA",CSc1cc(-c2ccc(Cl)cc2)oc(=O)c1Br,CSc1cc(-c2ccc(Br)cc2)oc(=O)c1C#N,CSc1cc(-c2ccc(Cl)cc2)oc(=O)c1Br,O=c1cccc(-c2ccccc2)o1,O=c1cccc(-c2ccccc2)o1,True,False,False,,1.0,0.5333333333333333,,,,,3.662880000000002,4.444600000000001,0.7817199999999991,True,,,,,54.0,30.21,23.79,False,,,,,,,,,,,,
source_identity,mpair_00002520_cond_01_2p,mpair_00002520,eval,2,"QED,TPSA",CSc1cc(-c2ccc(Br)cc2)oc(=O)c1C#N,CCOC(=O)c1c(SC)c(C#N)c(-c2ccc(Br)cc2)oc1=O,CSc1cc(-c2ccc(Br)cc2)oc(=O)c1C#N,O=c1cccc(-c2ccccc2)o1,O=c1cccc(-c2ccccc2)o1,True,False,False,,1.0,0.43103448275862066,,,,,,,,,0.5791804088529054,0.791886779601309,0.2127063707484036,False,80.30000000000001,54.0,26.30000000000001,False,,,,,,,,,,,,
source_identity,mpair_00002530_cond_01_2p,mpair_00002530,eval,2,"MW,LogP",CSc1cc(-c2ccc(Cl)cc2)oc(=O)c1,CSc1cc(-c2ccc(Cl)cc2)oc(=O)c1Br,CSc1cc(-c2ccc(Cl)cc2)oc(=O)c1,O=c1cccc(-c2ccccc2)o1,O=c1cccc(-c2ccccc2)o1,True,False,False,,1.0,0.5365853658536586,331.61799999999994,252.72199999999998,78.89599999999996,False,4.444600000000001,3.682100000000002,0.7624999999999993,True,,,,,,,,,,,,,,,,,,,,
source_identity,mpair_00002538_cond_01_2p,mpair_00002538,eval,2,"MW,LogP",CSc1cc(-c2ccc(Br)cc2)oc(=O)c1Cl,CSc1cc(-c2ccc(Cl)cc2)oc(=O)c1,CSc1cc(-c2ccc(Br)cc2)oc(=O)c1Cl,O=c1cccc(-c2ccccc2)o1,O=c1cccc(-c2ccccc2)o1,True,False,False,,1.0,0.4318181818181818,252.72199999999998,331.61800000000005,78.89600000000007,False,3.682100000000002,4.444600000000002,0.7625000000000002,True,,,,,,,,,,,,,,,,,,,,
source_identity,mpair_00002548_cond_00_2p,mpair_00002548,eval,2,"MW,LogP",CSc1cc(-c2ccc(Cl)cc2)oc(=O)c1,CSc1cc(-c2ccc(Br)cc2)oc(=O)c1Cl,CSc1cc(-c2ccc(Cl)cc2)oc(=O)c1,O=c1cccc(-c2ccccc2)o1,O=c1cccc(-c2ccccc2)o1,True,False,False,,1.0,0.4318181818181818,331.61800000000005,252.72199999999998,78.89600000000007,False,4.444600000000002,3.682100000000002,0.7625000000000002,True,,,,,,,,,,,,,,,,,,,,
source_identity,mpair_00002556_cond_02_2p,mpair_00002556,eval,2,"MW,QED",CN(C(=O)n1nc(-c2ccc(Cl)cc2)nc1SCC(F)(F)F)c1ccccc1,CSc1nc(-c2ccc(Cl)cc2)nn1C(=O)N(C)c1ccccc1,CN(C(=O)n1nc(-c2ccc(Cl)cc2)nc1SCC(F)(F)F)c1ccccc1,O=C(Nc1ccccc1)n1cnc(-c2ccccc2)n1,O=C(Nc1ccccc1)n1cnc(-c2ccccc2)n1,True,False,False,,1.0,0.7222222222222222,358.85400000000004,426.8510000000001,67.99700000000007,False,,,,,0.6499636794176425,0.5270344401044634,0.12292923931317912,False,,,,,,,,,,,,,,,,
source_identity,mpair_00002560_cond_00_2p,mpair_00002560,eval,2,"QED,RB",CSc1nc(-c2ccc(Cl)cc2)nn1C(=O)N(C)c1ccccc1,CSc1nc(-c2ccc(OC(F)(F)F)cc2)nn1C(=O)N(C)c1ccccc1,CSc1nc(-c2ccc(Cl)cc2)nn1C(=O)N(C)c1ccccc1,O=C(Nc1ccccc1)n1cnc(-c2ccccc2)n1,O=C(Nc1ccccc1)n1cnc(-c2ccccc2)n1,True,True,True,,1.0,0.7037037037037037,,,,,,,,,0.5874043626188404,0.6499636794176425,0.06255931679880211,True,,,,,,,,,,,,,4.0,3.0,1.0,True
source_identity,mpair_00002562_cond_02_2p,mpair_00002562,eval,2,"LogP,RB",CSc1nc(-c2ccc(Cl)cc2)nn1C(=O)N(C)c1ccccc1,CN(C(=O)n1nc(-c2ccc(Cl)cc2)nc1SCC(F)(F)F)c1ccccc1,CSc1nc(-c2ccc(Cl)cc2)nn1C(=O)N(C)c1ccccc1,O=C(Nc1ccccc1)n1cnc(-c2ccccc2)n1,O=C(Nc1ccccc1)n1cnc(-c2ccccc2)n1,True,True,True,,1.0,0.7222222222222222,,,,,5.357400000000003,4.424900000000004,0.9324999999999992,True,,,,,,,,,,,,,,,,,4.0,3.0,1.0,True
source_identity,mpair_00002566_cond_00_2p,mpair_00002566,eval,2,"HBD,RB",COc1cc(C(=O)N2CCN(C(=O)c3cc(OC)c(OC)c(OC)c3)C(COC(=O)CC(C)(C)C)C2)cc(OC)c1OC,COc1cc(C(=O)N2CCN(C(=O)c3cc(OC)c(OC)c(OC)c3)C(COC(=O)NCCC(C)C)C2)cc(OC)c1OC,COc1cc(C(=O)N2CCN(C(=O)c3cc(OC)c(OC)c(OC)c3)C(COC(=O)CC(C)(C)C)C2)cc(OC)c1OC,O=C(c1ccccc1)N1CCN(C(=O)c2ccccc2)CC1,O=C(c1ccccc1)N1CCN(C(=O)c2ccccc2)CC1,True,False,False,,1.0,0.6451612903225806,,,,,,,,,,,,,,,,,1.0,0.0,1.0,True,,,,,13.0,11.0,2.0,False
source_identity,mpair_00002567_cond_02_2p,mpair_00002567,eval,2,"HBD,RB",COc1cc(C(=O)N2CCN(C(=O)c3cc(OC)c(OC)c(OC)c3)C(COC(=O)NCCC(C)C)C2)cc(OC)c1OC,CCN(CC)C(=O)OCC1CN(C(=O)c2cc(OC)c(OC)c(OC)c2)CCN1C(=O)c1cc(OC)c(OC)c(OC)c1,COc1cc(C(=O)N2CCN(C(=O)c3cc(OC)c(OC)c(OC)c3)C(COC(=O)NCCC(C)C)C2)cc(OC)c1OC,O=C(c1ccccc1)N1CCN(C(=O)c2ccccc2)CC1,O=C(c1ccccc1)N1CCN(C(=O)c2ccccc2)CC1,True,True,True,,1.0,0.6451612903225806,,,,,,,,,,,,,,,,,0.0,1.0,1.0,True,,,,,12.0,13.0,1.0,True
source_identity,mpair_00002571_cond_02_2p,mpair_00002571,eval,2,"HBD,RB",CCN(CC)C(=O)OCC1CN(C(=O)c2cc(OC)c(OC)c(OC)c2)CCN1C(=O)c1cc(OC)c(OC)c(OC)c1,COc1cc(C(=O)N2CCN(C(=O)c3cc(OC)c(OC)c(OC)c3)C(COC(=O)NCCC(C)C)C2)cc(OC)c1OC,CCN(CC)C(=O)OCC1CN(C(=O)c2cc(OC)c(OC)c(OC)c2)CCN1C(=O)c1cc(OC)c(OC)c(OC)c1,O=C(c1ccccc1)N1CCN(C(=O)c2ccccc2)CC1,O=C(c1ccccc1)N1CCN(C(=O)c2ccccc2)CC1,True,True,True,,1.0,0.6451612903225806,,,,,,,,,,,,,,,,,1.0,0.0,1.0,True,,,,,13.0,12.0,1.0,True
source_identity,mpair_00002574_cond_02_2p,mpair_00002574,eval,2,"LogP,RB",COc1cc(C(=O)N2CCN(C(=O)c3cc(OC)c(OC)c(OC)c3)C(COC(=O)CC(C)(C)C)C2)cc(OC)c1OC,CCN(CC)C(=O)OCC1CN(C(=O)c2cc(OC)c(OC)c(OC)c2)CCN1C(=O)c1cc(OC)c(OC)c(OC)c1,COc1cc(C(=O)N2CCN(C(=O)c3cc(OC)c(OC)c(OC)c3)C(COC(=O)CC(C)(C)C)C2)cc(OC)c1OC,O=C(c1ccccc1)N1CCN(C(=O)c2ccccc2)CC1,O=C(c1ccccc1)N1CCN(C(=O)c2ccccc2)CC1,True,True,True,,1.0,0.6896551724137931,,,,,3.1834000000000024,3.684400000000003,0.5010000000000003,True,,,,,,,,,,,,,,,,,12.0,11.0,1.0,True
source_identity,mpair_00002577_cond_01_2p,mpair_00002577,eval,2,"HBD,RB",COc1cc(C(=O)N2CCN(C(=O)c3cc(OC)c(OC)c(OC)c3)C(COC(=O)NCCC(C)C)C2)cc(OC)c1OC,COc1cc(C(=O)N2CCN(C(=O)c3cc(OC)c(OC)c(OC)c3)C(COC(=O)CC(C)(C)C)C2)cc(OC)c1OC,COc1cc(C(=O)N2CCN(C(=O)c3cc(OC)c(OC)c(OC)c3)C(COC(=O)NCCC(C)C)C2)cc(OC)c1OC,O=C(c1ccccc1)N1CCN(C(=O)c2ccccc2)CC1,O=C(c1ccccc1)N1CCN(C(=O)c2ccccc2)CC1,True,False,False,,1.0,0.6451612903225806,,,,,,,,,,,,,,,,,0.0,1.0,1.0,True,,,,,11.0,13.0,2.0,False
source_identity,mpair_00002582_cond_02_2p,mpair_00002582,eval,2,"MW,LogP",COc1cc(C(=O)N2CCN(C(=O)c3cc(OC)c(OC)c(OC)c3)C(COC(C)=O)C2)cc(OC)c1OC,CCN(CC)C(=O)OCC1CN(C(=O)c2cc(OC)c(OC)c(OC)c2)CCN1C(=O)c1cc(OC)c(OC)c(OC)c1,COc1cc(C(=O)N2CCN(C(=O)c3cc(OC)c(OC)c(OC)c3)C(COC(C)=O)C2)cc(OC)c1OC,O=C(c1ccccc1)N1CCN(C(=O)c2ccccc2)CC1,O=C(c1ccccc1)N1CCN(C(=O)c2ccccc2)CC1,True,False,False,,1.0,0.7547169811320755,603.6690000000003,546.5730000000003,57.096000000000004,False,3.1834000000000024,2.2681000000000004,0.915300000000002,True,,,,,,,,,,,,,,,,,,,,
source_identity,mpair_00002589_cond_02_2p,mpair_00002589,eval,2,"MW,QED",COc1cc(C(=O)N2CCN(C(=O)c3cc(OC)c(OC)c(OC)c3)C(CO)C2)cc(OC)c1OC,CCN(CC)C(=O)OCC1CN(C(=O)c2cc(OC)c(OC)c(OC)c2)CCN1C(=O)c1cc(OC)c(OC)c(OC)c1,COc1cc(C(=O)N2CCN(C(=O)c3cc(OC)c(OC)c(OC)c3)C(CO)C2)cc(OC)c1OC,O=C(c1ccccc1)N1CCN(C(=O)c2ccccc2)CC1,O=C(c1ccccc1)N1CCN(C(=O)c2ccccc2)CC1,True,False,False,,1.0,0.6792452830188679,603.6690000000003,504.53600000000034,99.13299999999998,False,,,,,0.3571777118480848,0.544633228323374,0.18745551647528924,False,,,,,,,,,,,,,,,,
source_identity,mpair_00002598_cond_01_2p,mpair_00002598,eval,2,"TPSA,HBA",COc1ccc(C(=O)Nc2c(Cl)cncc2Cl)c2ccc(C(C)=O)nc12,COc1ccc(C(=O)Nc2c(F)cncc2F)c2ccc(C(F)(F)F)nc12,COc1ccc(C(=O)Nc2c(Cl)cncc2Cl)c2ccc(C(C)=O)nc12,O=C(Nc1ccncc1)c1cccc2ncccc12,O=C(Nc1ccncc1)c1cccc2ncccc12,True,True,True,,1.0,0.55,,,,,,,,,,,,,64.11,81.17999999999999,17.069999999999993,True,,,,,4.0,5.0,1.0,True,,,,
source_identity,mpair_00002600_cond_00_2p,mpair_00002600,eval,2,"LogP,RB",COc1ccc(C(=O)Nc2ccncc2Cl)c2cccnc12,CCc1ccc2c(C(=O)Nc3c(Cl)cncc3Cl)ccc(OC)c2n1,COc1ccc(C(=O)Nc2ccncc2Cl)c2cccnc12,O=C(Nc1ccncc1)c1cccc2ncccc12,O=C(Nc1ccncc1)c1cccc2ncccc12,True,False,False,,1.0,0.5,,,,,4.759900000000003,3.544100000000002,1.2158000000000007,False,,,,,,,,,,,,,,,,,4.0,3.0,1.0,True
source_identity,mpair_00002603_cond_02_2p,mpair_00002603,eval,2,"TPSA,HBA",COc1ccc(C(=O)Nc2c(Cl)cncc2Cl)c2ccc(C(C)O)nc12,CCc1ccc2c(C(=O)Nc3c(Cl)cncc3Cl)ccc(OC)c2n1,COc1ccc(C(=O)Nc2c(Cl)cncc2Cl)c2ccc(C(C)O)nc12,O=C(Nc1ccncc1)c1cccc2ncccc12,O=C(Nc1ccncc1)c1cccc2ncccc12,True,False,False,,1.0,0.6964285714285714,,,,,,,,,,,,,64.11,84.34,20.230000000000004,False,,,,,4.0,5.0,1.0,True,,,,
source_identity,mpair_00002608_cond_01_2p,mpair_00002608,eval,2,"MW,QED",COc1ccc(C(=O)Nc2ccncc2Cl)c2cccnc12,COc1ccc(C(=O)Nc2c(F)cncc2F)c2ccc(C(F)(F)F)nc12,COc1ccc(C(=O)Nc2ccncc2Cl)c2cccnc12,O=C(Nc1ccncc1)c1cccc2ncccc12,O=C(Nc1ccncc1)c1cccc2ncccc12,True,False,False,,1.0,0.4090909090909091,383.276,313.744,69.53199999999998,False,,,,,0.6893032571109005,0.8029165077767629,0.11361325066586248,False,,,,,,,,,,,,,,,,
source_identity,mpair_00002612_cond_00_2p,mpair_00002612,eval,2,"LogP,RB",CCc1ccc2c(C(=O)Nc3c(Cl)cncc3Cl)ccc(OC)c2n1,COc1ccc(C(=O)Nc2c(F)cncc2F)c2ccc(C(F)(F)F)nc12,CCc1ccc2c(C(=O)Nc3c(Cl)cncc3Cl)ccc(OC)c2n1,O=C(Nc1ccncc1)c1cccc2ncccc12,O=C(Nc1ccncc1)c1cccc2ncccc12,True,True,True,,1.0,0.5409836065573771,,,,,4.187700000000001,4.759900000000003,0.5722000000000014,True,,,,,,,,,,,,,,,,,3.0,4.0,1.0,True
source_identity,mpair_00002615_cond_01_2p,mpair_00002615,eval,2,"MW,QED",COc1ccc(C(=O)Nc2c(F)cncc2F)c2ccc(C(F)(F)F)nc12,COc1ccc(C(=O)Nc2c(Cl)cncc2Cl)c2cccnc12,COc1ccc(C(=O)Nc2c(F)cncc2F)c2ccc(C(F)(F)F)nc12,O=C(Nc1ccncc1)c1cccc2ncccc12,O=C(Nc1ccncc1)c1cccc2ncccc12,True,False,False,,1.0,0.4918032786885246,348.1890000000001,383.276,35.08699999999993,False,,,,,0.7706046174674384,0.6893032571109005,0.0813013603565379,True,,,,,,,,,,,,,,,,
source_identity,mpair_00002620_cond_00_2p,mpair_00002620,eval,2,"QED,RB",CCc1ccc2c(C(=O)Nc3c(Cl)cncc3Cl)ccc(OC)c2n1,COc1ccc(C(=O)Nc2c(Cl)cncc2Cl)c2cccnc12,CCc1ccc2c(C(=O)Nc3c(Cl)cncc3Cl)ccc(OC)c2n1,O=C(Nc1ccncc1)c1cccc2ncccc12,O=C(Nc1ccncc1)c1cccc2ncccc12,True,True,True,,1.0,0.6545454545454545,,,,,,,,,0.7706046174674384,0.7131894410136064,0.057415176453831984,True,,,,,,,,,,,,,3.0,4.0,1.0,True
source_identity,mpair_00002623_cond_01_2p,mpair_00002623,eval,2,"LogP,RB",COc1ccc(C(=O)Nc2c(F)cncc2F)c2ccc(C(F)(F)F)nc12,CCc1ccc2c(C(=O)Nc3c(Cl)cncc3Cl)ccc(OC)c2n1,COc1ccc(C(=O)Nc2c(F)cncc2F)c2ccc(C(F)(F)F)nc12,O=C(Nc1ccncc1)c1cccc2ncccc12,O=C(Nc1ccncc1)c1cccc2ncccc12,True,True,True,,1.0,0.5409836065573771,,,,,4.759900000000003,4.187700000000001,0.5722000000000014,True,,,,,,,,,,,,,,,,,4.0,3.0,1.0,True
source_identity,mpair_00002626_cond_02_2p,mpair_00002626,eval,2,"LogP,QED",COc1ccc(C(=O)Nc2c(F)cncc2F)c2ccc(C(F)(F)F)nc12,COc1ccc(C(=O)Nc2ccncc2Cl)c2cccnc12,COc1ccc(C(=O)Nc2c(F)cncc2F)c2ccc(C(F)(F)F)nc12,O=C(Nc1ccncc1)c1cccc2ncccc12,O=C(Nc1ccncc1)c1cccc2ncccc12,True,False,False,,1.0,0.4090909090909091,,,,,3.544100000000002,4.187700000000001,0.6435999999999993,True,0.8029165077767629,0.6893032571109005,0.11361325066586248,False,,,,,,,,,,,,,,,,
source_identity,mpair_00003108_cond_01_2p,mpair_00003108,eval,2,"LogP,QED",CN1CCC[C@H]1COc1ccc(Cl)nn1,CN1CCC[C@H]1COc1cccnn1,CN1CCC[C@H]1COc1ccc(Cl)nn1,c1cnnc(OC[C@@H]2CCCN2)c1,c1cnnc(OC[C@@H]2CCCN2)c1,True,True,True,,1.0,0.6511627906976745,,,,,0.9495999999999998,1.6029999999999998,0.6534,True,0.7160423680458043,0.7864914737289573,0.07044910568315299,True,,,,,,,,,,,,,,,,
source_identity,mpair_00003110_cond_00_2p,mpair_00003110,eval,2,"QED,RB",CCCCc1nnc2nc(C)c(C)c(=O)n2n1,Cc1nc2nnc(C(C)(C)C)nn2c(=O)c1C,CCCCc1nnc2nc(C)c(C)c(=O)n2n1,O=c1ccnc2nncnn12,O=c1ccnc2nncnn12,True,False,False,,1.0,0.5238095238095238,,,,,,,,,0.6723856505150625,0.7849999676400611,0.11261431712499859,False,,,,,,,,,,,,,0.0,3.0,3.0,False
source_identity,mpair_00003111_cond_02_2p,mpair_00003111,eval,2,"QED,RB",Cc1nc2nnc(C(C)(C)C)nn2c(=O)c1C,CCCCc1nnc2nc(C)c(C)c(=O)n2n1,Cc1nc2nnc(C(C)(C)C)nn2c(=O)c1C,O=c1ccnc2nncnn12,O=c1ccnc2nncnn12,True,False,False,,1.0,0.5238095238095238,,,,,,,,,0.7849999676400611,0.6723856505150625,0.11261431712499859,False,,,,,,,,,,,,,3.0,0.0,3.0,False
source_identity,mpair_00003117_cond_01_2p,mpair_00003117,eval,2,"MW,HBA",Cc1c[nH]c2c1C13CC1CN(C(=O)OC(C)(C)C)C3=CC2=O,COC(=O)c1cc2c([nH]1)C(=O)C=C1N(C(=O)OC(C)(C)C)CC3CC123,Cc1c[nH]c2c1C13CC1CN(C(=O)OC(C)(C)C)C3=CC2=O,O=C1C=C2NCC3CC23c2cc[nH]c21,O=C1C=C2NCC3CC23c2cc[nH]c21,True,False,False,,1.0,0.5873015873015873,344.36700000000013,300.358,44.00900000000013,False,,,,,,,,,,,,,,,,,5.0,3.0,2.0,False,,,,
source_identity,mpair_00003202_cond_02_2p,mpair_00003202,eval,2,"TPSA,HBA",O=C(OCc1ccc(-c2ccccc2)cc1)n1cccn1,N#Cc1cnn(C(=O)OCc2ccc(-c3ccccc3)cc2)c1,O=C(OCc1ccc(-c2ccccc2)cc1)n1cccn1,O=C(OCc1ccc(-c2ccccc2)cc1)n1cccn1,O=C(OCc1ccc(-c2ccccc2)cc1)n1cccn1,True,False,False,,1.0,0.5833333333333334,,,,,,,,,,,,,67.91,44.120000000000005,23.789999999999992,False,,,,,5.0,4.0,1.0,True,,,,
source_identity,mpair_00003204_cond_01_2p,mpair_00003204,eval,2,"TPSA,HBA",Cc1cnn(C(=O)OCc2ccc(-c3ccccc3)cc2)c1,N#Cc1cnn(C(=O)OCc2ccc(-c3ccccc3)cc2)c1,Cc1cnn(C(=O)OCc2ccc(-c3ccccc3)cc2)c1,O=C(OCc1ccc(-c2ccccc2)cc1)n1cccn1,O=C(OCc1ccc(-c2ccccc2)cc1)n1cccn1,True,False,False,,1.0,0.6808510638297872,,,,,,,,,,,,,67.91,44.120000000000005,23.789999999999992,False,,,,,5.0,4.0,1.0,True,,,,
source_identity,mpair_00003207_cond_01_2p,mpair_00003207,eval,2,"LogP,HBA",Cc1cc(-n2ncc(=O)[nH]c2=O)ccc1S(=O)(=O)N1CCN(C=O)CC1,CCOC(=O)N1CCN(S(=O)(=O)c2ccc(-n3ncc(=O)[nH]c3=O)cc2Cl)CC1,Cc1cc(-n2ncc(=O)[nH]c2=O)ccc1S(=O)(=O)N1CCN(C=O)CC1,O=c1cnn(-c2ccc(S(=O)(=O)N3CCNCC3)cc2)c(=O)[nH]1,O=c1cnn(-c2ccc(S(=O)(=O)N3CCNCC3)cc2)c(=O)[nH]1,True,False,False,,1.0,0.5625,,,,,0.037000000000000144,-1.3080799999999981,1.3450799999999983,False,,,,,,,,,,,,,8.0,7.0,1.0,True,,,,
source_identity,mpair_00003209_cond_01_2p,mpair_00003209,eval,2,"QED,TPSA",NC(=S)N/N=C/c1cccc(OCc2ccc3no[n+]([O-])c3c2)c1,NC(=O)N/N=C\c1ccccc1OCc1ccc2no[n+]([O-])c2c1,NC(=S)N/N=C/c1cccc(OCc2ccc3no[n+]([O-])c3c2)c1,c1ccc(OCc2ccc3no[nH+]c3c2)cc1,c1ccc(OCc2ccc3no[nH+]c3c2)cc1,True,False,False,,1.0,0.5882352941176471,,,,,,,,,0.4106849547701945,0.30972390933844063,0.10096104543175388,False,129.68,112.61,17.070000000000007,True,,,,,,,,,,,,
source_identity,mpair_00003212_cond_02_2p,mpair_00003212,eval,2,"HBD,RB",CC(C)NC(=O)c1ccc2c(Nc3ccc(Cl)cc3)nc(N3CCOCC3)nc2c1,COC(=O)c1ccc2c(Nc3ccc(Cl)cc3)nc(N3CCOCC3)nc2c1,CC(C)NC(=O)c1ccc2c(Nc3ccc(Cl)cc3)nc(N3CCOCC3)nc2c1,c1ccc(Nc2nc(N3CCOCC3)nc3ccccc23)cc1,c1ccc(Nc2nc(N3CCOCC3)nc3ccccc23)cc1,True,True,True,,1.0,0.7833333333333333,,,,,,,,,,,,,,,,,1.0,2.0,1.0,True,,,,,4.0,5.0,1.0,True
source_identity,mpair_00003216_cond_02_2p,mpair_00003216,eval,2,"HBD,HBA",COC(=O)c1ccc2c(Nc3ccc(Cl)cc3)nc(N3CCOCC3)nc2c1,CC(C)NC(=O)c1ccc2c(Nc3ccc(Cl)cc3)nc(N3CCOCC3)nc2c1,COC(=O)c1ccc2c(Nc3ccc(Cl)cc3)nc(N3CCOCC3)nc2c1,c1ccc(Nc2nc(N3CCOCC3)nc3ccccc23)cc1,c1ccc(Nc2nc(N3CCOCC3)nc3ccccc23)cc1,True,True,True,,1.0,0.7833333333333333,,,,,,,,,,,,,,,,,2.0,1.0,1.0,True,6.0,7.0,1.0,True,,,,
source_identity,mpair_00003224_cond_01_2p,mpair_00003224,eval,2,"QED,RB",COCCCN(/C(S)=C1/C(=O)c2cc(Cl)ccc2N(C)C1=O)c1ccccc1,COc1ccc(N(C)/C(S)=C2/C(=O)c3cc(Cl)ccc3N(C)C2=O)cc1,COCCCN(/C(S)=C1/C(=O)c2cc(Cl)ccc2N(C)C1=O)c1ccccc1,O=C1Nc2ccccc2C(=O)/C1=C/Nc1ccccc1,O=C1Nc2ccccc2C(=O)/C1=C/Nc1ccccc1,True,False,False,,1.0,0.5625,,,,,,,,,0.4935411914533051,0.3319041471572704,0.1616370442960347,False,,,,,,,,,,,,,3.0,6.0,3.0,False
source_identity,mpair_00003226_cond_00_2p,mpair_00003226,eval,2,"QED,RB",COc1cccc(N(C)/C(S)=C2/C(=O)c3cc(Cl)ccc3N(C)C2=O)c1,COCCCN(/C(S)=C1/C(=O)c2cc(Cl)ccc2N(C)C1=O)c1ccccc1,COc1cccc(N(C)/C(S)=C2/C(=O)c3cc(Cl)ccc3N(C)C2=O)c1,O=C1Nc2ccccc2C(=O)/C1=C/Nc1ccccc1,O=C1Nc2ccccc2C(=O)/C1=C/Nc1ccccc1,True,False,False,,1.0,0.5846153846153846,,,,,,,,,0.3319041471572704,0.4935411914533051,0.1616370442960347,False,,,,,,,,,,,,,6.0,3.0,3.0,False
source_identity,mpair_00003227_cond_02_2p,mpair_00003227,eval,2,"QED,RB",COc1ccc(N(C)/C(S)=C2/C(=O)c3cc(Cl)ccc3N(C)C2=O)cc1,COCCCN(/C(S)=C1/C(=O)c2cc(Cl)ccc2N(C)C1=O)c1ccccc1,COc1ccc(N(C)/C(S)=C2/C(=O)c3cc(Cl)ccc3N(C)C2=O)cc1,O=C1Nc2ccccc2C(=O)/C1=C/Nc1ccccc1,O=C1Nc2ccccc2C(=O)/C1=C/Nc1ccccc1,True,False,False,,1.0,0.5625,,,,,,,,,0.3319041471572704,0.4935411914533051,0.1616370442960347,False,,,,,,,,,,,,,6.0,3.0,3.0,False
source_identity,mpair_00003531_cond_01_2p,mpair_00003531,eval,2,"TPSA,HBA",CC(C)Oc1cccc(N(Cc2cccnc2)S(=O)(=O)CC(F)(F)F)c1,CCOC(=O)C(C)Oc1cccc(N(Cc2cccnc2)S(=O)(=O)CC(F)(F)F)c1,CC(C)Oc1cccc(N(Cc2cccnc2)S(=O)(=O)CC(F)(F)F)c1,c1ccc(NCc2cccnc2)cc1,c1ccc(NCc2cccnc2)cc1,True,False,False,,1.0,0.7796610169491526,,,,,,,,,,,,,85.80000000000001,59.5,26.30000000000001,False,,,,,6.0,4.0,2.0,False,,,,
source_identity,mpair_00003535_cond_00_2p,mpair_00003535,eval,2,"MW,LogP",O=S(=O)(CC(F)(F)F)N(Cc1cccnc1)c1cccc(OC(F)(F)F)c1,COc1cccc(N(Cc2cccnc2)S(=O)(=O)CC(F)(F)F)c1,O=S(=O)(CC(F)(F)F)N(Cc1cccnc1)c1cccc(OC(F)(F)F)c1,c1ccc(NCc2cccnc2)cc1,c1ccc(NCc2cccnc2)cc1,True,False,False,,1.0,0.8076923076923077,360.3570000000001,414.32700000000006,53.96999999999997,False,2.988900000000002,3.8789000000000025,0.8900000000000006,True,,,,,,,,,,,,,,,,,,,,
source_identity,mpair_00003540_cond_02_2p,mpair_00003540,eval,2,"LogP,TPSA",CCCC(C)Oc1cccc(N(Cc2cccnc2)S(=O)(=O)CC(F)(F)F)c1,CCOC(=O)C(C)Oc1cccc(N(Cc2cccnc2)S(=O)(=O)CC(F)(F)F)c1,CCCC(C)Oc1cccc(N(Cc2cccnc2)S(=O)(=O)CC(F)(F)F)c1,c1ccc(NCc2cccnc2)cc1,c1ccc(NCc2cccnc2)cc1,True,False,False,,1.0,0.746031746031746,,,,,3.3107000000000024,4.547700000000003,1.237000000000001,False,,,,,85.80000000000001,59.5,26.30000000000001,False,,,,,,,,,,,,
source_identity,mpair_00003542_cond_02_2p,mpair_00003542,eval,2,"QED,RB",CC(C)COc1cccc(N(Cc2cccnc2)S(=O)(=O)CC(F)(F)F)c1,CCC(C)COc1cccc(N(Cc2cccnc2)S(=O)(=O)CC(F)(F)F)c1,CC(C)COc1cccc(N(Cc2cccnc2)S(=O)(=O)CC(F)(F)F)c1,c1ccc(NCc2cccnc2)cc1,c1ccc(NCc2cccnc2)cc1,True,True,True,,1.0,0.8421052631578947,,,,,,,,,0.6078002459089881,0.6693605971809802,0.06156035127199211,True,,,,,,,,,,,,,9.0,8.0,1.0,True
source_identity,mpair_00003544_cond_01_2p,mpair_00003544,eval,2,"LogP,RB",CC(C)COc1cccc(N(Cc2cccnc2)S(=O)(=O)CC(F)(F)F)c1,CCCC(C)Oc1cccc(N(Cc2cccnc2)S(=O)(=O)CC(F)(F)F)c1,CC(C)COc1cccc(N(Cc2cccnc2)S(=O)(=O)CC(F)(F)F)c1,c1ccc(NCc2cccnc2)cc1,c1ccc(NCc2cccnc2)cc1,True,True,True,,1.0,0.7213114754098361,,,,,4.547700000000003,4.015100000000003,0.5326000000000004,True,,,,,,,,,,,,,,,,,9.0,8.0,1.0,True
source_identity,mpair_00003547_cond_01_2p,mpair_00003547,eval,2,"QED,RB",CCC(C)COc1cccc(N(Cc2cccnc2)S(=O)(=O)CC(F)(F)F)c1,CC(C)COc1cccc(N(Cc2cccnc2)S(=O)(=O)CC(F)(F)F)c1,CCC(C)COc1cccc(N(Cc2cccnc2)S(=O)(=O)CC(F)(F)F)c1,c1ccc(NCc2cccnc2)cc1,c1ccc(NCc2cccnc2)cc1,True,True,True,,1.0,0.8421052631578947,,,,,,,,,0.6693605971809802,0.6078002459089881,0.06156035127199211,True,,,,,,,,,,,,,8.0,9.0,1.0,True
source_identity,mpair_00000000_cond_02_3p,mpair_00000000,eval,3,"LogP,HBA,RB",O=C(c1cccc(Cl)c1)N1C[C@H](CN2CCC(c3ccccc3)CC2)[C@@H](c2ccccc2)C1,COc1cccc(C(=O)N2C[C@H](CN3CCC(c4ccccc4)CC3)[C@@H](c3ccccc3)C2)c1,O=C(c1cccc(Cl)c1)N1C[C@H](CN2CCC(c3ccccc3)CC2)[C@@H](c2ccccc2)C1,O=C(c1ccccc1)N1C[C@H](CN2CCC(c3ccccc3)CC2)[C@@H](c2ccccc2)C1,O=C(c1ccccc1)N1C[C@H](CN2CCC(c3ccccc3)CC2)[C@@H](c2ccccc2)C1,True,True,True,,1.0,0.7413793103448276,,,,,5.430600000000005,6.075400000000006,0.6448000000000009,True,,,,,,,,,,,,,3.0,2.0,1.0,True,6.0,5.0,1.0,True
source_identity,mpair_00000006_cond_02_3p,mpair_00000006,eval,3,"MW,LogP,QED",O=C(c1ccccc1F)N1C[C@H](CN2CCC(c3ccccc3)CC2)[C@@H](c2ccccc2)C1,O=C(c1ccccc1C(F)(F)F)N1C[C@H](CN2CCC(c3ccccc3)CC2)[C@@H](c2ccccc2)C1,O=C(c1ccccc1F)N1C[C@H](CN2CCC(c3ccccc3)CC2)[C@@H](c2ccccc2)C1,O=C(c1ccccc1)N1C[C@H](CN2CCC(c3ccccc3)CC2)[C@@H](c2ccccc2)C1,O=C(c1ccccc1)N1C[C@H](CN2CCC(c3ccccc3)CC2)[C@@H](c2ccccc2)C1,True,False,False,,1.0,0.7592592592592593,492.5850000000002,442.57800000000015,50.00700000000006,False,6.4408000000000065,5.561100000000006,0.8797000000000006,True,0.4092272471712491,0.5164092889512721,0.10718204178002305,False,,,,,,,,,,,,,,,,
source_identity,mpair_00000012_cond_01_3p,mpair_00000012,eval,3,"MW,LogP,QED",O=C(c1ccccc1F)N1C[C@H](CN2CCC(c3ccccc3)CC2)[C@@H](c2ccccc2)C1,O=C(c1ccccc1Br)N1C[C@H](CN2CCC(c3ccccc3)CC2)[C@@H](c2ccccc2)C1,O=C(c1ccccc1F)N1C[C@H](CN2CCC(c3ccccc3)CC2)[C@@H](c2ccccc2)C1,O=C(c1ccccc1)N1C[C@H](CN2CCC(c3ccccc3)CC2)[C@@H](c2ccccc2)C1,O=C(c1ccccc1)N1C[C@H](CN2CCC(c3ccccc3)CC2)[C@@H](c2ccccc2)C1,True,False,False,,1.0,0.7692307692307693,503.48400000000026,442.57800000000015,60.90600000000012,False,6.184500000000006,5.561100000000006,0.6234000000000002,True,0.41502650656849366,0.5164092889512721,0.10138278238277848,False,,,,,,,,,,,,,,,,
source_identity,mpair_00000020_cond_01_3p,mpair_00000020,eval,3,"MW,TPSA,HBA",O=C(O)CCC/C=C/C[C@@H]1[C@@H](COCc2ccccc2)C2CC1(c1ccccc1)CO2,N#Cc1ccc(COC[C@H]2C3CC(c4ccc(F)cc4)(CO3)[C@@H]2C/C=C/CCCC(=O)O)cc1,O=C(O)CCC/C=C/C[C@@H]1[C@@H](COCc2ccccc2)C2CC1(c1ccccc1)CO2,c1ccc(COC[C@@H]2CC3(c4ccccc4)COC2C3)cc1,c1ccc(COC[C@@H]2CC3(c4ccccc4)COC2C3)cc1,True,False,False,,1.0,0.7391304347826086,463.5490000000003,420.5490000000002,43.000000000000114,False,,,,,,,,,79.55,55.760000000000005,23.789999999999992,False,,,,,4.0,3.0,1.0,True,,,,
source_identity,mpair_00000323_cond_02_3p,mpair_00000323,eval,3,"TPSA,HBD,HBA",N[C@@H](C(=O)N[C@@H]1C(=O)N2C(C(=O)O)=C(C(F)(F)F)CC[C@H]12)c1ccc(F)cc1,N[C@@H](C(=O)N[C@@H]1C(=O)N2C(C(=O)O)=C(C(F)(F)F)CC[C@H]12)c1ccc(O)cc1,N[C@@H](C(=O)N[C@@H]1C(=O)N2C(C(=O)O)=C(C(F)(F)F)CC[C@H]12)c1ccc(F)cc1,O=C(Cc1ccccc1)N[C@@H]1C(=O)N2C=CCC[C@H]12,O=C(Cc1ccccc1)N[C@@H]1C(=O)N2C=CCC[C@H]12,True,False,False,,1.0,0.8545454545454545,,,,,,,,,,,,,132.96,112.73,20.230000000000004,False,4.0,3.0,1.0,True,5.0,4.0,1.0,True,,,,
source_identity,mpair_00000330_cond_01_3p,mpair_00000330,eval,3,"MW,LogP,HBD",N[C@@H](C(=O)N[C@@H]1C(=O)N2C(C(=O)O)=C(C(F)(F)F)CC[C@H]12)c1ccc(O)cc1,N[C@@H](C(=O)N[C@@H]1C(=O)N2C(C(=O)O)=C(C(F)(F)F)CC[C@H]12)c1cccc(C(F)(F)F)c1,N[C@@H](C(=O)N[C@@H]1C(=O)N2C(C(=O)O)=C(C(F)(F)F)CC[C@H]12)c1ccc(O)cc1,O=C(Cc1ccccc1)N[C@@H]1C(=O)N2C=CCC[C@H]12,O=C(Cc1ccccc1)N[C@@H]1C(=O)N2C=CCC[C@H]12,True,False,False,,1.0,0.7377049180327869,451.3230000000001,399.3250000000001,51.99799999999999,False,2.0955999999999997,0.7823999999999993,1.3132000000000004,False,,,,,,,,,3.0,4.0,1.0,True,,,,,,,,
source_identity,mpair_00000332_cond_02_3p,mpair_00000332,eval,3,"TPSA,HBD,HBA",N[C@@H](C(=O)N[C@@H]1C(=O)N2C(C(=O)O)=C(C(F)(F)F)CC[C@H]12)c1ccc(O)cc1,N[C@@H](C(=O)N[C@@H]1C(=O)N2C(C(=O)O)=C(C(F)(F)F)CC[C@H]12)c1cccc(Br)c1,N[C@@H](C(=O)N[C@@H]1C(=O)N2C(C(=O)O)=C(C(F)(F)F)CC[C@H]12)c1ccc(O)cc1,O=C(Cc1ccccc1)N[C@@H]1C(=O)N2C=CCC[C@H]12,O=C(Cc1ccccc1)N[C@@H]1C(=O)N2C=CCC[C@H]12,True,False,False,,1.0,0.7377049180327869,,,,,,,,,,,,,112.73,132.96,20.230000000000004,False,3.0,4.0,1.0,True,4.0,5.0,1.0,True,,,,
source_identity,mpair_00000338_cond_00_3p,mpair_00000338,eval,3,"LogP,QED,RB",N[C@@H](C(=O)N[C@@H]1C(=O)N2C(C(=O)O)=C(C(F)(F)F)CC[C@H]12)c1cccc(Br)c1,CSC1=C(C(=O)O)N2C(=O)[C@@H](NC(=O)[C@H](N)c3ccccc3)[C@H]2CC1,N[C@@H](C(=O)N[C@@H]1C(=O)N2C(C(=O)O)=C(C(F)(F)F)CC[C@H]12)c1cccc(Br)c1,O=C(Cc1ccccc1)N[C@@H]1C(=O)N2C=CCC[C@H]12,O=C(Cc1ccccc1)N[C@@H]1C(=O)N2C=CCC[C@H]12,True,False,False,,1.0,0.5757575757575758,,,,,0.8350000000000002,1.8392999999999997,1.0042999999999995,False,0.6699274889764619,0.5917241763797754,0.07820331259668656,True,,,,,,,,,,,,,5.0,4.0,1.0,True
source_identity,mpair_00000597_cond_02_3p,mpair_00000597,eval,3,"QED,HBD,HBA",OC[C@@H]1N[C@@H](CCCCc2ccc(O)cc2)[C@H](O)[C@H]1O,OC[C@@H]1N[C@@H](CCCCc2ccc(F)cc2)[C@H](O)[C@H]1O,OC[C@@H]1N[C@@H](CCCCc2ccc(O)cc2)[C@H](O)[C@H]1O,c1ccc(CCCC[C@H]2CCCN2)cc1,c1ccc(CCCC[C@H]2CCCN2)cc1,True,True,True,,1.0,0.7567567567567568,,,,,,,,,0.5767746304019578,0.47902706341404183,0.09774756698791592,True,,,,,4.0,5.0,1.0,True,4.0,5.0,1.0,True,,,,
source_identity,mpair_00000728_cond_02_3p,mpair_00000728,eval,3,"LogP,QED,RB",C=CCc1cc(/C=C2\SC(=O)NC2=O)c(OC)cc1OC1CCCCO1,C=CCc1cc(/C=C2\SC(=O)N(CCCC)C2=O)c(OC)cc1OC1CCCCO1,C=CCc1cc(/C=C2\SC(=O)NC2=O)c(OC)cc1OC1CCCCO1,O=C1NC(=O)/C(=C/c2ccc(OC3CCCCO3)cc2)S1,O=C1NC(=O)/C(=C/c2ccc(OC3CCCCO3)cc2)S1,True,False,False,,1.0,0.6571428571428571,,,,,5.165500000000004,3.6530000000000022,1.512500000000002,False,0.39718598618589046,0.6042673504148035,0.20708136422891305,False,,,,,,,,,,,,,9.0,6.0,3.0,False
source_identity,mpair_00000740_cond_00_3p,mpair_00000740,eval,3,"MW,QED,RB",C=CCc1cc(/C=C2\SC(=O)N(C)C2=O)c(OC)cc1OC1CCCCO1,C=CCc1cc(/C=C2\SC(=O)N(CCCC)C2=O)c(OC)cc1OC1CCCCO1,C=CCc1cc(/C=C2\SC(=O)N(C)C2=O)c(OC)cc1OC1CCCCO1,O=C1NC(=O)/C(=C/c2ccc(OC3CCCCO3)cc2)S1,O=C1NC(=O)/C(=C/c2ccc(OC3CCCCO3)cc2)S1,True,False,False,,1.0,0.7878787878787878,431.55400000000026,389.4730000000002,42.081000000000074,False,,,,,0.39718598618589046,0.5413211960634129,0.14413520987752243,False,,,,,,,,,,,,,9.0,6.0,3.0,False
source_identity,mpair_00000742_cond_02_3p,mpair_00000742,eval,3,"MW,LogP,QED",C=CCc1cc(/C=C2\SC(=O)N(C)C2=O)c(OC)cc1OC1CCCCO1,C=CCc1cc(/C=C2\SC(=O)N(CC=C(C)C)C2=O)c(OC)cc1OC1CCCCO1,C=CCc1cc(/C=C2\SC(=O)N(C)C2=O)c(OC)cc1OC1CCCCO1,O=C1NC(=O)/C(=C/c2ccc(OC3CCCCO3)cc2)S1,O=C1NC(=O)/C(=C/c2ccc(OC3CCCCO3)cc2)S1,True,False,False,,1.0,0.7761194029850746,443.5650000000003,389.4730000000002,54.0920000000001,False,5.331600000000005,3.9952000000000023,1.336400000000003,False,0.3995752918375223,0.5413211960634129,0.14174590422589062,False,,,,,,,,,,,,,,,,
source_identity,mpair_00000747_cond_01_3p,mpair_00000747,eval,3,"LogP,QED,HBD",C=CCc1cc(/C=C2\SC(=O)N(CC=C)C2=O)c(OC)cc1OC1CCCCO1,C=CCc1cc(/C=C2\SC(=O)NC2=O)c(OC)cc1OC1CCCCO1,C=CCc1cc(/C=C2\SC(=O)N(CC=C)C2=O)c(OC)cc1OC1CCCCO1,O=C1NC(=O)/C(=C/c2ccc(OC3CCCCO3)cc2)S1,O=C1NC(=O)/C(=C/c2ccc(OC3CCCCO3)cc2)S1,True,False,False,,1.0,0.696969696969697,,,,,3.6530000000000022,4.551400000000004,0.8984000000000014,True,0.6042673504148035,0.45838471716690443,0.14588263324789907,False,,,,,1.0,0.0,1.0,True,,,,,,,,
source_identity,mpair_00000749_cond_00_3p,mpair_00000749,eval,3,"QED,HBD,RB",C=CCc1cc(/C=C2\SC(=O)N(C(C)C)C2=O)c(OC)cc1OC1CCCCO1,C=CCc1cc(/C=C2\SC(=O)NC2=O)c(OC)cc1OC1CCCCO1,C=CCc1cc(/C=C2\SC(=O)N(C(C)C)C2=O)c(OC)cc1OC1CCCCO1,O=C1NC(=O)/C(=C/c2ccc(OC3CCCCO3)cc2)S1,O=C1NC(=O)/C(=C/c2ccc(OC3CCCCO3)cc2)S1,True,False,False,,1.0,0.6865671641791045,,,,,,,,,0.6042673504148035,0.4701504427149941,0.13411690769980938,False,,,,,1.0,0.0,1.0,True,,,,,6.0,7.0,1.0,True
source_identity,mpair_00000758_cond_02_3p,mpair_00000758,eval,3,"LogP,HBA,RB",Clc1cccc(-c2cncc(O[C@@H]3CCNC3)c2)c1,COc1cccc(-c2cncc(O[C@@H]3CCNC3)c2)c1,Clc1cccc(-c2cncc(O[C@@H]3CCNC3)c2)c1,c1ccc(-c2cncc(O[C@@H]3CCNC3)c2)cc1,c1ccc(-c2cncc(O[C@@H]3CCNC3)c2)cc1,True,True,True,,1.0,0.7446808510638298,,,,,2.4979000000000005,3.1427000000000014,0.6448000000000009,True,,,,,,,,,,,,,4.0,3.0,1.0,True,4.0,3.0,1.0,True
source_identity,mpair_00001125_cond_00_3p,mpair_00001125,eval,3,"MW,QED,HBD",CN1C(=O)c2ccccc2C1CCN1CCN(c2ccc(Cl)cc2)CC1,O=C1NC(CCN2CCN(c3ccccc3)CC2)c2ccccc21,CN1C(=O)c2ccccc2C1CCN1CCN(c2ccc(Cl)cc2)CC1,O=C1NC(CCN2CCN(c3ccccc3)CC2)c2ccccc21,O=C1NC(CCN2CCN(c3ccccc3)CC2)c2ccccc21,True,False,False,,1.0,0.4909090909090909,321.4240000000001,369.8960000000001,48.47199999999998,False,,,,,0.9403172855884846,0.8221231339252668,0.11819415166321778,False,,,,,1.0,0.0,1.0,True,,,,,,,,
source_identity,mpair_00001132_cond_00_3p,mpair_00001132,eval,3,"QED,TPSA,HBA",O=C(Cc1ccccc1[N+](=O)[O-])NCCC1CCN(CC2COc3ccccc3O2)CC1,COc1ccccc1CC(=O)NCCC1CCN(CC2COc3ccccc3O2)CC1,O=C(Cc1ccccc1[N+](=O)[O-])NCCC1CCN(CC2COc3ccccc3O2)CC1,O=C(Cc1ccccc1)NCCC1CCN(CC2COc3ccccc3O2)CC1,O=C(Cc1ccccc1)NCCC1CCN(CC2COc3ccccc3O2)CC1,True,False,False,,1.0,0.7164179104477612,,,,,,,,,0.7047088784600517,0.5015202818225966,0.20318859663745514,False,60.03,93.94,33.91,False,,,,,5.0,6.0,1.0,True,,,,
source_identity,mpair_00001135_cond_01_3p,mpair_00001135,eval,3,"MW,LogP,QED",Fc1ccc(N2CCN(c3nc4ccsc4n4cccc34)CC2)cc1,FC(F)(F)c1cccc(N2CCN(c3nc4ccsc4n4cccc34)CC2)c1,Fc1ccc(N2CCN(c3nc4ccsc4n4cccc34)CC2)cc1,c1ccc(N2CCN(c3nc4ccsc4n4cccc34)CC2)cc1,c1ccc(N2CCN(c3nc4ccsc4n4cccc34)CC2)cc1,True,False,False,,1.0,0.6666666666666666,402.4450000000001,352.43800000000016,50.00699999999995,False,4.894400000000004,4.014700000000003,0.8797000000000006,True,0.47685586942313013,0.5445182992427106,0.06766242981958043,True,,,,,,,,,,,,,,,,
source_identity,mpair_00002371_cond_02_3p,mpair_00002371,eval,3,"QED,HBD,HBA",Cn1cc(C(=O)c2ccc(-n3ccnc3)cc2)cc1/C=C/C(=O)O,CCOC(=O)/C=C/c1cc(C(=O)c2ccc(-n3ccnc3)cc2)cn1C,Cn1cc(C(=O)c2ccc(-n3ccnc3)cc2)cc1/C=C/C(=O)O,O=C(c1ccc(-n2ccnc2)cc1)c1cc[nH]c1,O=C(c1ccc(-n2ccnc2)cc1)c1cc[nH]c1,True,False,False,,1.0,0.7454545454545455,,,,,,,,,0.3897342663180413,0.5785260949639057,0.1887918286458644,False,,,,,0.0,1.0,1.0,True,6.0,5.0,1.0,True,,,,
source_identity,mpair_00002463_cond_00_3p,mpair_00002463,eval,3,"LogP,HBA,RB",COc1ccc(NC(=O)c2cc(OCCCN(C)C)nn2Cc2ccccc2)cc1,CN(C)CCCOc1cc(C(=O)Nc2ccc(Cl)cc2F)n(Cc2ccccc2)n1,COc1ccc(NC(=O)c2cc(OCCCN(C)C)nn2Cc2ccccc2)cc1,O=C(Nc1ccccc1)c1ccnn1Cc1ccccc1,O=C(Nc1ccccc1)c1ccnn1Cc1ccccc1,True,True,True,,1.0,0.6567164179104478,,,,,4.306700000000003,3.522800000000002,0.7839000000000009,True,,,,,,,,,,,,,5.0,6.0,1.0,True,9.0,10.0,1.0,True
source_identity,mpair_00002466_cond_01_3p,mpair_00002466,eval,3,"QED,HBA,RB",CN(C)CCCOc1cc(C(=O)Nc2ccc(Cl)cc2F)n(Cc2ccccc2)n1,CN(C)CCCOc1cc(C(=O)Nc2ccc(OC(F)(F)F)cc2)n(Cc2ccccc2)n1,CN(C)CCCOc1cc(C(=O)Nc2ccc(Cl)cc2F)n(Cc2ccccc2)n1,O=C(Nc1ccccc1)c1ccnn1Cc1ccccc1,O=C(Nc1ccccc1)c1ccnn1Cc1ccccc1,True,True,True,,1.0,0.6428571428571429,,,,,,,,,0.4522382232340766,0.5138601191048354,0.061621895870758836,True,,,,,,,,,6.0,5.0,1.0,True,10.0,9.0,1.0,True
source_identity,mpair_00002470_cond_00_3p,mpair_00002470,eval,3,"LogP,HBA,RB",CN(C)CCCOc1cc(C(=O)Nc2ccc(Cl)cc2F)n(Cc2ccccc2)n1,COc1ccc(NC(=O)c2cc(OCCCN(C)C)nn2Cc2ccccc2)cc1,CN(C)CCCOc1cc(C(=O)Nc2ccc(Cl)cc2F)n(Cc2ccccc2)n1,O=C(Nc1ccccc1)c1ccnn1Cc1ccccc1,O=C(Nc1ccccc1)c1ccnn1Cc1ccccc1,True,True,True,,1.0,0.6567164179104478,,,,,3.522800000000002,4.306700000000003,0.7839000000000009,True,,,,,,,,,,,,,6.0,5.0,1.0,True,10.0,9.0,1.0,True
source_identity,mpair_00002473_cond_00_3p,mpair_00002473,eval,3,"LogP,HBA,RB",COc1ccc(NC(=O)c2cc(OCCCN(C)C)nn2Cc2ccccc2)cc1,CN(C)CCCOc1cc(C(=O)Nc2cccc(Cl)c2)n(Cc2ccccc2)n1,COc1ccc(NC(=O)c2cc(OCCCN(C)C)nn2Cc2ccccc2)cc1,O=C(Nc1ccccc1)c1ccnn1Cc1ccccc1,O=C(Nc1ccccc1)c1ccnn1Cc1ccccc1,True,True,True,,1.0,0.7419354838709677,,,,,4.167600000000003,3.522800000000002,0.6448000000000009,True,,,,,,,,,,,,,5.0,6.0,1.0,True,9.0,10.0,1.0,True
source_identity,mpair_00002478_cond_02_3p,mpair_00002478,eval,3,"MW,LogP,QED",CN(C)CCCOc1cc(C(=O)Nc2cccc(Cl)c2)n(Cc2ccccc2)n1,CN(C)CCCOc1cc(C(=O)Nc2cc(F)cc(C(F)(F)F)c2)n(Cc2ccccc2)n1,CN(C)CCCOc1cc(C(=O)Nc2cccc(Cl)c2)n(Cc2ccccc2)n1,O=C(Nc1ccccc1)c1ccnn1Cc1ccccc1,O=C(Nc1ccccc1)c1ccnn1Cc1ccccc1,True,False,False,,1.0,0.6764705882352942,464.4630000000001,412.9210000000001,51.54199999999997,False,4.672100000000003,4.167600000000003,0.5045000000000002,True,0.369385517709234,0.5357556879239462,0.16637017021471223,False,,,,,,,,,,,,,,,,
source_identity,mpair_00002483_cond_00_3p,mpair_00002483,eval,3,"LogP,HBA,RB",COc1cc(NC(=O)c2cc(OCCCN(C)C)nn2Cc2ccccc2)cc(OC)c1OC,CN(C)CCCOc1cc(C(=O)Nc2ccc(OC(F)(F)F)cc2)n(Cc2ccccc2)n1,COc1cc(NC(=O)c2cc(OCCCN(C)C)nn2Cc2ccccc2)cc(OC)c1OC,O=C(Nc1ccccc1)c1ccnn1Cc1ccccc1,O=C(Nc1ccccc1)c1ccnn1Cc1ccccc1,True,False,False,,1.0,0.6764705882352942,,,,,4.412800000000003,3.5400000000000027,0.8728000000000007,True,,,,,,,,,,,,,6.0,8.0,2.0,False,10.0,12.0,2.0,False
source_identity,mpair_00002488_cond_01_3p,mpair_00002488,eval,3,"LogP,TPSA,HBD",C=Cc1cc(C(=O)OCC)n(S(=O)(=O)c2cc(Cl)ccc2N)c1,CC(C)OC(=O)c1cc(CO)cn1S(=O)(=O)c1cc(Cl)ccc1N,C=Cc1cc(C(=O)OCC)n(S(=O)(=O)c2cc(Cl)ccc2N)c1,O=S(=O)(c1ccccc1)n1cccc1,O=S(=O)(c1ccccc1)n1cccc1,True,False,False,,1.0,0.5396825396825397,,,,,2.0182,2.7804,0.7622,True,,,,,111.61999999999999,91.39,20.22999999999999,False,2.0,1.0,1.0,True,,,,,,,,
source_identity,mpair_00002498_cond_01_3p,mpair_00002498,eval,3,"MW,QED,RB",CCc1ccc(NC2=C(Cl)C(=O)c3ncncc3C2=O)cc1,O=C1C(Nc2cccc(Br)c2)=C(Cl)C(=O)c2ncncc21,CCc1ccc(NC2=C(Cl)C(=O)c3ncncc3C2=O)cc1,O=C1C(Nc2ccccc2)=CC(=O)c2ncncc21,O=C1C(Nc2ccccc2)=CC(=O)c2ncncc21,True,False,False,,1.0,0.5882352941176471,364.58600000000007,313.744,50.84200000000004,False,,,,,0.885902971993687,0.9428073960459649,0.05690442405227791,True,,,,,,,,,,,,,2.0,3.0,1.0,True
source_identity,mpair_00002502_cond_02_3p,mpair_00002502,eval,3,"MW,QED,RB",O=C1C(Nc2cccc(Br)c2)=C(Cl)C(=O)c2ncncc21,CCc1ccc(NC2=C(Cl)C(=O)c3ncncc3C2=O)cc1,O=C1C(Nc2cccc(Br)c2)=C(Cl)C(=O)c2ncncc21,O=C1C(Nc2ccccc2)=CC(=O)c2ncncc21,O=C1C(Nc2ccccc2)=CC(=O)c2ncncc21,True,False,False,,1.0,0.5882352941176471,313.744,364.58600000000007,50.84200000000004,False,,,,,0.9428073960459649,0.885902971993687,0.05690442405227791,True,,,,,,,,,,,,,3.0,2.0,1.0,True
source_identity,mpair_00002505_cond_02_3p,mpair_00002505,eval,3,"QED,HBA,RB",COc1ccc(C(=O)CN2c3ccccc3C(=O)N(Cc3ccccc3)S2(=O)=O)cc1,O=C(CN1c2ccccc2C(=O)N(Cc2ccccc2)S1(=O)=O)c1ccccc1,COc1ccc(C(=O)CN2c3ccccc3C(=O)N(Cc3ccccc3)S2(=O)=O)cc1,O=C(CN1c2ccccc2C(=O)N(Cc2ccccc2)S1(=O)=O)c1ccccc1,O=C(CN1c2ccccc2C(=O)N(Cc2ccccc2)S1(=O)=O)c1ccccc1,True,True,True,,1.0,0.7916666666666666,,,,,,,,,0.6096951629926923,0.5539335722556151,0.055761590737077205,True,,,,,,,,,4.0,5.0,1.0,True,5.0,6.0,1.0,True
source_identity,mpair_00002516_cond_02_3p,mpair_00002516,eval,3,"LogP,TPSA,HBA",CSc1cc(-c2ccc(Cl)cc2)oc(=O)c1Br,CSc1cc(-c2ccc(Br)cc2)oc(=O)c1C#N,CSc1cc(-c2ccc(Cl)cc2)oc(=O)c1Br,O=c1cccc(-c2ccccc2)o1,O=c1cccc(-c2ccccc2)o1,True,False,False,,1.0,0.5333333333333333,,,,,3.662880000000002,4.444600000000001,0.7817199999999991,True,,,,,54.0,30.21,23.79,False,,,,,4.0,3.0,1.0,True,,,,
source_identity,mpair_00002546_cond_01_3p,mpair_00002546,eval,3,"MW,QED,HBA",CSc1cc(-c2ccc(Br)cc2)oc(=O)c1Br,CSc1cc(-c2ccc(Br)cc2)oc(=O)c1C#N,CSc1cc(-c2ccc(Br)cc2)oc(=O)c1Br,O=c1cccc(-c2ccccc2)o1,O=c1cccc(-c2ccccc2)o1,True,False,False,,1.0,0.675,322.1830000000001,376.0690000000001,53.88599999999997,False,,,,,0.791886779601309,0.7207772389894862,0.07110954061182284,True,,,,,,,,,4.0,3.0,1.0,True,,,,
source_identity,mpair_00002560_cond_02_3p,mpair_00002560,eval,3,"MW,QED,HBA",CSc1nc(-c2ccc(Cl)cc2)nn1C(=O)N(C)c1ccccc1,CSc1nc(-c2ccc(OC(F)(F)F)cc2)nn1C(=O)N(C)c1ccccc1,CSc1nc(-c2ccc(Cl)cc2)nn1C(=O)N(C)c1ccccc1,O=C(Nc1ccccc1)n1cnc(-c2ccccc2)n1,O=C(Nc1ccccc1)n1cnc(-c2ccccc2)n1,True,False,False,,1.0,0.7037037037037037,408.4050000000001,358.85400000000004,49.551000000000045,False,,,,,0.5874043626188404,0.6499636794176425,0.06255931679880211,True,,,,,,,,,6.0,5.0,1.0,True,,,,
source_identity,mpair_00002570_cond_01_3p,mpair_00002570,eval,3,"QED,TPSA,HBA",CCN(CC)C(=O)OCC1CN(C(=O)c2cc(OC)c(OC)c(OC)c2)CCN1C(=O)c1cc(OC)c(OC)c(OC)c1,COc1cc(C(=O)N2CCN(C(=O)c3cc(OC)c(OC)c(OC)c3)CC2)cc(OC)c1OC,CCN(CC)C(=O)OCC1CN(C(=O)c2cc(OC)c(OC)c(OC)c2)CCN1C(=O)c1cc(OC)c(OC)c(OC)c1,O=C(c1ccccc1)N1CCN(C(=O)c2ccccc2)CC1,O=C(c1ccccc1)N1CCN(C(=O)c2ccccc2)CC1,True,False,False,,1.0,0.52,,,,,,,,,0.5754127815390553,0.3571777118480848,0.2182350696909705,False,96.00000000000001,125.54,29.539999999999992,False,,,,,8.0,10.0,2.0,False,,,,
source_identity,mpair_00002580_cond_00_3p,mpair_00002580,eval,3,"LogP,HBD,HBA",COc1cc(C(=O)N2CCN(C(=O)c3cc(OC)c(OC)c(OC)c3)C(COC(C)=O)C2)cc(OC)c1OC,COc1cc(C(=O)N2CCN(C(=O)c3cc(OC)c(OC)c(OC)c3)C(CO)C2)cc(OC)c1OC,COc1cc(C(=O)N2CCN(C(=O)c3cc(OC)c(OC)c(OC)c3)C(COC(C)=O)C2)cc(OC)c1OC,O=C(c1ccccc1)N1CCN(C(=O)c2ccccc2)CC1,O=C(c1ccccc1)N1CCN(C(=O)c2ccccc2)CC1,True,True,True,,1.0,0.75,,,,,1.6973000000000003,2.2681000000000004,0.5708000000000002,True,,,,,,,,,1.0,0.0,1.0,True,9.0,10.0,1.0,True,,,,
source_identity,mpair_00002585_cond_01_3p,mpair_00002585,eval,3,"QED,TPSA,RB",COc1cc(C(=O)N2CCN(C(=O)c3cc(OC)c(OC)c(OC)c3)C(COC(C)=O)C2)cc(OC)c1OC,COc1cc(C(=O)N2CCN(C(=O)c3cc(OC)c(OC)c(OC)c3)CC2)cc(OC)c1OC,COc1cc(C(=O)N2CCN(C(=O)c3cc(OC)c(OC)c(OC)c3)C(COC(C)=O)C2)cc(OC)c1OC,O=C(c1ccccc1)N1CCN(C(=O)c2ccccc2)CC1,O=C(c1ccccc1)N1CCN(C(=O)c2ccccc2)CC1,True,False,False,,1.0,0.5777777777777777,,,,,,,,,0.5754127815390553,0.41028124355120477,0.16513153798785052,False,96.00000000000001,122.30000000000001,26.299999999999997,False,,,,,,,,,8.0,10.0,2.0,False
source_identity,mpair_00002590_cond_00_3p,mpair_00002590,eval,3,"MW,HBD,RB",COc1cc(C(=O)N2CCN(C(=O)c3cc(OC)c(OC)c(OC)c3)C(COC(=O)NCCC(C)C)C2)cc(OC)c1OC,COc1cc(C(=O)N2CCN(C(=O)c3cc(OC)c(OC)c(OC)c3)C(COC(C)=O)C2)cc(OC)c1OC,COc1cc(C(=O)N2CCN(C(=O)c3cc(OC)c(OC)c(OC)c3)C(COC(=O)NCCC(C)C)C2)cc(OC)c1OC,O=C(c1ccccc1)N1CCN(C(=O)c2ccccc2)CC1,O=C(c1ccccc1)N1CCN(C(=O)c2ccccc2)CC1,True,False,False,,1.0,0.7017543859649122,546.5730000000003,617.6960000000003,71.12299999999993,False,,,,,,,,,,,,,0.0,1.0,1.0,True,,,,,10.0,13.0,3.0,False
source_identity,mpair_00002596_cond_02_3p,mpair_00002596,eval,3,"HBD,HBA,RB",COc1ccc(C(=O)Nc2c(F)cncc2F)c2ccc(C(F)(F)F)nc12,COc1ccc(C(=O)Nc2c(Cl)cncc2Cl)c2ccc(C(C)O)nc12,COc1ccc(C(=O)Nc2c(F)cncc2F)c2ccc(C(F)(F)F)nc12,O=C(Nc1ccncc1)c1cccc2ncccc12,O=C(Nc1ccncc1)c1cccc2ncccc12,True,True,True,,1.0,0.532258064516129,,,,,,,,,,,,,,,,,2.0,1.0,1.0,True,5.0,4.0,1.0,True,4.0,3.0,1.0,True
source_identity,mpair_00002601_cond_01_3p,mpair_00002601,eval,3,"MW,LogP,QED",COc1ccc(C(=O)Nc2ccncc2Cl)c2cccnc12,COc1ccc(C(=O)Nc2ccncc2Cl)c2ccc(C(F)(F)F)nc12,COc1ccc(C(=O)Nc2ccncc2Cl)c2cccnc12,O=C(Nc1ccncc1)c1cccc2ncccc12,O=C(Nc1ccncc1)c1cccc2ncccc12,True,False,False,,1.0,0.6724137931034483,381.74100000000004,313.744,67.99700000000001,False,4.562900000000002,3.544100000000002,1.0187999999999997,False,0.7218484507203837,0.8029165077767629,0.0810680570563792,True,,,,,,,,,,,,,,,,
source_identity,mpair_00002605_cond_01_3p,mpair_00002605,eval,3,"TPSA,HBD,HBA",COc1ccc(C(=O)Nc2c(Cl)cncc2Cl)c2ccc(C(C)O)nc12,COc1ccc(C(=O)Nc2c(F)cncc2F)c2ccc(C(F)(F)F)nc12,COc1ccc(C(=O)Nc2c(Cl)cncc2Cl)c2ccc(C(C)O)nc12,O=C(Nc1ccncc1)c1cccc2ncccc12,O=C(Nc1ccncc1)c1cccc2ncccc12,True,False,False,,1.0,0.532258064516129,,,,,,,,,,,,,64.11,84.34,20.230000000000004,False,1.0,2.0,1.0,True,4.0,5.0,1.0,True,,,,
source_identity,mpair_00002610_cond_02_3p,mpair_00002610,eval,3,"LogP,TPSA,HBD",CCc1ccc2c(C(=O)Nc3c(Cl)cncc3Cl)ccc(OC)c2n1,COc1ccc(C(=O)Nc2c(Cl)cncc2Cl)c2ccc(C(C)O)nc12,CCc1ccc2c(C(=O)Nc3c(Cl)cncc3Cl)ccc(OC)c2n1,O=C(Nc1ccncc1)c1cccc2ncccc12,O=C(Nc1ccncc1)c1cccc2ncccc12,True,False,False,,1.0,0.6964285714285714,,,,,4.2508000000000035,4.759900000000003,0.5090999999999992,True,,,,,84.34,64.11,20.230000000000004,False,2.0,1.0,1.0,True,,,,,,,,
source_identity,mpair_00002617_cond_00_3p,mpair_00002617,eval,3,"TPSA,HBA,RB",COc1ccc(C(=O)Nc2c(Cl)cncc2Cl)c2ccc(C(C)=O)nc12,COc1ccc(C(=O)Nc2ccncc2Cl)c2ccc(C(F)(F)F)nc12,COc1ccc(C(=O)Nc2c(Cl)cncc2Cl)c2ccc(C(C)=O)nc12,O=C(Nc1ccncc1)c1cccc2ncccc12,O=C(Nc1ccncc1)c1cccc2ncccc12,True,True,True,,1.0,0.5396825396825397,,,,,,,,,,,,,64.11,81.17999999999999,17.069999999999993,True,,,,,4.0,5.0,1.0,True,3.0,4.0,1.0,True
source_identity,mpair_00002624_cond_01_3p,mpair_00002624,eval,3,"MW,LogP,QED",COc1ccc(C(=O)Nc2ccncc2Cl)c2ccc(C(F)(F)F)nc12,COc1ccc(C(=O)Nc2ccncc2Cl)c2cccnc12,COc1ccc(C(=O)Nc2ccncc2Cl)c2ccc(C(F)(F)F)nc12,O=C(Nc1ccncc1)c1cccc2ncccc12,O=C(Nc1ccncc1)c1cccc2ncccc12,True,False,False,,1.0,0.6724137931034483,313.744,381.74100000000004,67.99700000000001,False,3.544100000000002,4.562900000000002,1.0187999999999997,False,0.8029165077767629,0.7218484507203837,0.0810680570563792,True,,,,,,,,,,,,,,,,
source_identity,mpair_00002631_cond_01_3p,mpair_00002631,eval,3,"LogP,HBD,HBA",CC(C)(C)[C@H](O)C(=O)N1C[C@H](c2ccccc2)C[C@H]1C(=O)N[C@@H](CC(F)F)C(=O)NCCc1c(F)cc(C(=O)O)cc1F,CC(C)CC(=O)N1C[C@H](c2ccccc2)C[C@H]1C(=O)N[C@@H](CC(F)F)C(=O)NCCc1c(F)cc(C(=O)O)cc1F,CC(C)(C)[C@H](O)C(=O)N1C[C@H](c2ccccc2)C[C@H]1C(=O)N[C@@H](CC(F)F)C(=O)NCCc1c(F)cc(C(=O)O)cc1F,O=C(CNC(=O)[C@@H]1C[C@@H](c2ccccc2)CN1)NCCc1ccccc1,O=C(CNC(=O)[C@@H]1C[C@@H](c2ccccc2)CN1)NCCc1ccccc1,True,True,True,,1.0,0.7567567567567568,,,,,3.892500000000002,3.253400000000001,0.6391000000000009,True,,,,,,,,,3.0,4.0,1.0,True,4.0,5.0,1.0,True,,,,
source_identity,mpair_00003115_cond_01_3p,mpair_00003115,eval,3,"MW,LogP,QED",Cc1nc2nncnn2c(=O)c1C,Cc1nc2nnc(C(C)(C)C)nn2c(=O)c1C,Cc1nc2nncnn2c(=O)c1C,O=c1ccnc2nncnn12,O=c1ccnc2nncnn12,True,False,False,,1.0,0.48717948717948717,233.27499999999998,177.167,56.107999999999976,False,0.7938399999999997,-0.5036600000000002,1.2974999999999999,False,0.6723856505150625,0.541825521381232,0.13056012913383053,False,,,,,,,,,,,,,,,,
source_identity,mpair_00003206_cond_01_3p,mpair_00003206,eval,3,"MW,LogP,HBA",CCOC(=O)N1CCN(S(=O)(=O)c2ccc(-n3ncc(=O)[nH]c3=O)cc2Cl)CC1,Cc1cc(-n2ncc(=O)[nH]c2=O)ccc1S(=O)(=O)N1CCN(C=O)CC1,CCOC(=O)N1CCN(S(=O)(=O)c2ccc(-n3ncc(=O)[nH]c3=O)cc2Cl)CC1,O=c1cnn(-c2ccc(S(=O)(=O)N3CCNCC3)cc2)c(=O)[nH]1,O=c1cnn(-c2ccc(S(=O)(=O)N3CCNCC3)cc2)c(=O)[nH]1,True,False,False,,1.0,0.5625,379.39800000000025,443.86900000000026,64.471,False,-1.3080799999999981,0.037000000000000144,1.3450799999999983,False,,,,,,,,,,,,,7.0,8.0,1.0,True,,,,
source_identity,mpair_00003210_cond_01_3p,mpair_00003210,eval,3,"MW,LogP,RB",CC[C@H]1OC(=O)[C@H](C)[C@@H](O)[C@H](C)[C@@H](OC2O[C@H](C)C[C@H](N(C)C)C2O)[C@@](C)(OC)C[C@@H](C)C(=O)[C@H](C)[C@@H](O)[C@]1(C)O,CC[C@H]1OC(=O)[C@H](C)[C@@H](OC(C)=O)[C@H](C)[C@@H](OC2O[C@H](C)C[C@H](N(C)C)C2O)[C@@](C)(OC)C[C@@H](C)C(=O)[C@H](C)[C@@H](O)[C@]1(C)O,CC[C@H]1OC(=O)[C@H](C)[C@@H](O)[C@H](C)[C@@H](OC2O[C@H](C)C[C@H](N(C)C)C2O)[C@@](C)(OC)C[C@@H](C)C(=O)[C@H](C)[C@@H](O)[C@]1(C)O,O=C1CCCCOC(=O)CCC[C@@H](OC2CCCCO2)CCC1,O=C1CCCCOC(=O)CCC[C@@H](OC2CCCCO2)CCC1,True,False,False,,1.0,0.821917808219178,631.8040000000003,589.7670000000004,42.03699999999992,False,2.0853000000000033,1.5145000000000022,0.5708000000000011,True,,,,,,,,,,,,,,,,,6.0,5.0,1.0,True
source_identity,mpair_00003219_cond_02_3p,mpair_00003219,eval,3,"MW,LogP,QED",COc1ccc(S(=O)(=O)N(Cc2cccnc2)c2c(C)cccc2C(=O)NO)cc1,COc1ccc(S(=O)(=O)N(Cc2cccnc2)c2c(C)cc(Br)cc2C(=O)NO)cc1,COc1ccc(S(=O)(=O)N(Cc2cccnc2)c2c(C)cccc2C(=O)NO)cc1,O=S(=O)(c1ccccc1)N(Cc1cccnc1)c1ccccc1,O=S(=O)(c1ccccc1)N(Cc1cccnc1)c1ccccc1,True,False,False,,1.0,0.819672131147541,506.37800000000016,427.48200000000014,78.89600000000002,False,3.675620000000001,2.91312,0.7625000000000011,True,0.3740614499694089,0.44330794633881315,0.06924649636940428,True,,,,,,,,,,,,,,,,
source_identity,mpair_00003223_cond_01_3p,mpair_00003223,eval,3,"MW,LogP,QED",COc1ccc(S(=O)(=O)N(Cc2cccnc2)c2c(C)cc(Br)cc2C(=O)NO)cc1,COc1ccc(S(=O)(=O)N(Cc2cccnc2)c2c(C)cccc2C(=O)NO)cc1,COc1ccc(S(=O)(=O)N(Cc2cccnc2)c2c(C)cc(Br)cc2C(=O)NO)cc1,O=S(=O)(c1ccccc1)N(Cc1cccnc1)c1ccccc1,O=S(=O)(c1ccccc1)N(Cc1cccnc1)c1ccccc1,True,False,False,,1.0,0.819672131147541,427.48200000000014,506.37800000000016,78.89600000000002,False,2.91312,3.675620000000001,0.7625000000000011,True,0.44330794633881315,0.3740614499694089,0.06924649636940428,True,,,,,,,,,,,,,,,,
source_identity,mpair_00003535_cond_02_3p,mpair_00003535,eval,3,"MW,LogP,QED",O=S(=O)(CC(F)(F)F)N(Cc1cccnc1)c1cccc(OC(F)(F)F)c1,COc1cccc(N(Cc2cccnc2)S(=O)(=O)CC(F)(F)F)c1,O=S(=O)(CC(F)(F)F)N(Cc1cccnc1)c1cccc(OC(F)(F)F)c1,c1ccc(NCc2cccnc2)cc1,c1ccc(NCc2cccnc2)cc1,True,False,False,,1.0,0.8076923076923077,360.3570000000001,414.32700000000006,53.96999999999997,False,2.988900000000002,3.8789000000000025,0.8900000000000006,True,0.7946521442277092,0.6736163493728189,0.12103579485489036,False,,,,,,,,,,,,,,,,
source_identity,mpair_00003540_cond_01_3p,mpair_00003540,eval,3,"QED,TPSA,HBA",CCCC(C)Oc1cccc(N(Cc2cccnc2)S(=O)(=O)CC(F)(F)F)c1,CCOC(=O)C(C)Oc1cccc(N(Cc2cccnc2)S(=O)(=O)CC(F)(F)F)c1,CCCC(C)Oc1cccc(N(Cc2cccnc2)S(=O)(=O)CC(F)(F)F)c1,c1ccc(NCc2cccnc2)cc1,c1ccc(NCc2cccnc2)cc1,True,False,False,,1.0,0.746031746031746,,,,,,,,,0.5496815697636838,0.6018859517288218,0.05220438196513799,True,85.80000000000001,59.5,26.30000000000001,False,,,,,6.0,4.0,2.0,False,,,,
source_identity,mpair_00003546_cond_02_3p,mpair_00003546,eval,3,"MW,LogP,QED",COc1cccc(N(Cc2cccnc2)S(=O)(=O)CC(F)(F)F)c1,CCCC(C)Oc1cccc(N(Cc2cccnc2)S(=O)(=O)CC(F)(F)F)c1,COc1cccc(N(Cc2cccnc2)S(=O)(=O)CC(F)(F)F)c1,c1ccc(NCc2cccnc2)cc1,c1ccc(NCc2cccnc2)cc1,True,False,False,,1.0,0.7413793103448276,416.4650000000001,360.3570000000001,56.108000000000004,False,4.547700000000003,2.988900000000002,1.5588000000000015,False,0.6018859517288218,0.7946521442277092,0.1927661924988875,False,,,,,,,,,,,,,,,,
source_identity,mpair_00000014_cond_02_4p,mpair_00000014,eval,4,"MW,LogP,TPSA,HBA",O=C(O)[C@@H]1C[C@H]2C[C@@H](CCS(=O)(=O)O)CC[C@H]2CN1,O=C(O)CC[C@H]1CC[C@H]2CN[C@H](C(=O)O)C[C@H]2C1,O=C(O)[C@@H]1C[C@H]2C[C@@H](CCS(=O)(=O)O)CC[C@H]2CN1,C1CC[C@H]2CNCC[C@H]2C1,C1CC[C@H]2CNCC[C@H]2C1,True,False,False,,1.0,0.6829268292682927,255.314,291.36899999999997,36.05499999999998,False,1.3301999999999996,0.7433000000000001,0.5868999999999995,True,,,,,86.63000000000001,103.7,17.069999999999993,True,,,,,3.0,4.0,1.0,True,,,,
source_identity,mpair_00000322_cond_02_4p,mpair_00000322,eval,4,"MW,LogP,QED,HBA",N[C@@H](C(=O)N[C@@H]1C(=O)N2C(C(=O)O)=C(C(F)(F)F)CC[C@H]12)c1cccc(C(F)(F)F)c1,CSC1=C(C(=O)O)N2C(=O)[C@@H](NC(=O)[C@H](N)c3ccccc3)[C@H]2CC1,N[C@@H](C(=O)N[C@@H]1C(=O)N2C(C(=O)O)=C(C(F)(F)F)CC[C@H]12)c1cccc(C(F)(F)F)c1,O=C(Cc1ccccc1)N[C@@H]1C(=O)N2C=CCC[C@H]12,O=C(Cc1ccccc1)N[C@@H]1C(=O)N2C=CCC[C@H]12,True,False,False,,1.0,0.5757575757575758,361.42300000000006,451.3230000000001,89.90000000000003,False,0.8350000000000002,2.0955999999999997,1.2605999999999995,False,0.6699274889764619,0.4795891963980345,0.19033829257842744,False,,,,,,,,,5.0,4.0,1.0,True,,,,
source_identity,mpair_00000326_cond_02_4p,mpair_00000326,eval,4,"MW,QED,TPSA,HBD",N[C@@H](C(=O)N[C@@H]1C(=O)N2C(C(=O)O)=C(C(F)(F)F)CC[C@H]12)c1ccc(O)cc1,CSC1=C(C(=O)O)N2C(=O)[C@@H](NC(=O)[C@H](N)c3ccccc3)[C@H]2CC1,N[C@@H](C(=O)N[C@@H]1C(=O)N2C(C(=O)O)=C(C(F)(F)F)CC[C@H]12)c1ccc(O)cc1,O=C(Cc1ccccc1)N[C@@H]1C(=O)N2C=CCC[C@H]12,O=C(Cc1ccccc1)N[C@@H]1C(=O)N2C=CCC[C@H]12,True,False,False,,1.0,0.5873015873015873,361.42300000000006,399.3250000000001,37.902000000000044,False,,,,,0.6699274889764619,0.5533729404309352,0.11655454854552671,False,112.73,132.96,20.230000000000004,False,3.0,4.0,1.0,True,,,,,,,,
source_identity,mpair_00000339_cond_02_4p,mpair_00000339,eval,4,"MW,LogP,HBD,HBA",N[C@@H](C(=O)N[C@@H]1C(=O)N2C(C(=O)O)=C(C(F)(F)F)CC[C@H]12)c1cccc(C(F)(F)F)c1,N[C@@H](C(=O)N[C@@H]1C(=O)N2C(C(=O)O)=C(C(F)(F)F)CC[C@H]12)c1ccc(O)cc1,N[C@@H](C(=O)N[C@@H]1C(=O)N2C(C(=O)O)=C(C(F)(F)F)CC[C@H]12)c1cccc(C(F)(F)F)c1,O=C(Cc1ccccc1)N[C@@H]1C(=O)N2C=CCC[C@H]12,O=C(Cc1ccccc1)N[C@@H]1C(=O)N2C=CCC[C@H]12,True,False,False,,1.0,0.7377049180327869,399.3250000000001,451.3230000000001,51.99799999999999,False,0.7823999999999993,2.0955999999999997,1.3132000000000004,False,,,,,,,,,4.0,3.0,1.0,True,5.0,4.0,1.0,True,,,,
source_identity,mpair_00000588_cond_02_4p,mpair_00000588,eval,4,"QED,TPSA,HBD,HBA",OC[C@@H]1N[C@@H](CCCCc2ccc(O)cc2)[C@H](O)[C@H]1O,OC[C@@H]1N[C@@H](CCCCc2cc(F)cc(F)c2)[C@H](O)[C@H]1O,OC[C@@H]1N[C@@H](CCCCc2ccc(O)cc2)[C@H](O)[C@H]1O,c1ccc(CCCC[C@H]2CCCN2)cc1,c1ccc(CCCC[C@H]2CCCN2)cc1,True,False,False,,1.0,0.625,,,,,,,,,0.5846986769843887,0.47902706341404183,0.10567161357034688,False,72.72,92.95,20.230000000000004,False,4.0,5.0,1.0,True,4.0,5.0,1.0,True,,,,
source_identity,mpair_00000728_cond_00_4p,mpair_00000728,eval,4,"MW,LogP,HBD,RB",C=CCc1cc(/C=C2\SC(=O)NC2=O)c(OC)cc1OC1CCCCO1,C=CCc1cc(/C=C2\SC(=O)N(CCCC)C2=O)c(OC)cc1OC1CCCCO1,C=CCc1cc(/C=C2\SC(=O)NC2=O)c(OC)cc1OC1CCCCO1,O=C1NC(=O)/C(=C/c2ccc(OC3CCCCO3)cc2)S1,O=C1NC(=O)/C(=C/c2ccc(OC3CCCCO3)cc2)S1,True,False,False,,1.0,0.6571428571428571,431.55400000000026,375.4460000000002,56.10800000000006,False,5.165500000000004,3.6530000000000022,1.512500000000002,False,,,,,,,,,0.0,1.0,1.0,True,,,,,9.0,6.0,3.0,False
source_identity,mpair_00000735_cond_02_4p,mpair_00000735,eval,4,"MW,LogP,QED,HBD",C=CCc1cc(/C=C2\SC(=O)N(CC=C(C)C)C2=O)c(OC)cc1OC1CCCCO1,C=CCc1cc(/C=C2\SC(=O)NC2=O)c(OC)cc1OC1CCCCO1,C=CCc1cc(/C=C2\SC(=O)N(CC=C(C)C)C2=O)c(OC)cc1OC1CCCCO1,O=C1NC(=O)/C(=C/c2ccc(OC3CCCCO3)cc2)S1,O=C1NC(=O)/C(=C/c2ccc(OC3CCCCO3)cc2)S1,True,False,False,,1.0,0.647887323943662,375.4460000000002,443.5650000000003,68.11900000000009,False,3.6530000000000022,5.331600000000005,1.678600000000003,False,0.6042673504148035,0.3995752918375223,0.20469205857728123,False,,,,,1.0,0.0,1.0,True,,,,,,,,
source_identity,mpair_00000753_cond_02_4p,mpair_00000753,eval,4,"MW,TPSA,HBA,RB",O=C1CCC[C@H]2OC[C@@H](Cc3c[nH]c4ccccc34)N12,COC(=O)C[C@@H]1CC(=O)N2[C@H](Cc3c[nH]c4ccccc34)CO[C@@H]2C1,O=C1CCC[C@H]2OC[C@@H](Cc3c[nH]c4ccccc34)N12,O=C1CCC[C@H]2OC[C@@H](Cc3c[nH]c4ccccc34)N12,O=C1CCC[C@H]2OC[C@@H](Cc3c[nH]c4ccccc34)N12,True,False,False,,1.0,0.578125,342.39500000000015,270.33200000000005,72.0630000000001,False,,,,,,,,,71.63000000000001,45.330000000000005,26.300000000000004,False,,,,,4.0,2.0,2.0,False,4.0,2.0,2.0,False
source_identity,mpair_00001118_cond_00_4p,mpair_00001118,eval,4,"QED,HBD,HBA,RB",Cc1ccc(N2CCN(CCC3NC(=O)c4ccccc43)CC2)cc1C,COc1ccc(N2CCN(CCC3c4ccccc4C(=O)N3C)CC2)cc1,Cc1ccc(N2CCN(CCC3NC(=O)c4ccccc43)CC2)cc1C,O=C1NC(CCN2CCN(c3ccccc3)CC2)c2ccccc21,O=C1NC(CCN2CCN(c3ccccc3)CC2)c2ccccc21,True,False,False,,1.0,0.4444444444444444,,,,,,,,,0.8160326048332845,0.9198864151307602,0.10385381029747565,False,,,,,0.0,1.0,1.0,True,4.0,3.0,1.0,True,5.0,4.0,1.0,True
source_identity,mpair_00001616_cond_00_4p,mpair_00001616,eval,4,"QED,TPSA,HBA,RB",CC1CC(C)(C)Nc2ccc3c(c21)COc1c-3cc(F)cc1[N+](=O)[O-],CC1CC(C)(C)Nc2ccc3c(c21)COc1c(F)cc(F)cc1-3,CC1CC(C)(C)Nc2ccc3c(c21)COc1c-3cc(F)cc1[N+](=O)[O-],c1ccc2c(c1)OCc1c-2ccc2c1CCCN2,c1ccc2c(c1)OCc1c-2ccc2c1CCCN2,True,False,False,,1.0,0.7321428571428571,,,,,,,,,0.719238819171056,0.5855235809891088,0.1337152381819472,False,21.259999999999998,64.39999999999999,43.13999999999999,False,,,,,2.0,4.0,2.0,False,0.0,1.0,1.0,True
source_identity,mpair_00001619_cond_00_4p,mpair_00001619,eval,4,"QED,TPSA,HBA,RB",CC1CC(C)(C)Nc2ccc3c(c21)COc1c-3cc(F)cc1[N+](=O)[O-],Cc1cc(F)cc2c1OCc1c-2ccc2c1C(C)CC(C)(C)N2,CC1CC(C)(C)Nc2ccc3c(c21)COc1c-3cc(F)cc1[N+](=O)[O-],c1ccc2c(c1)OCc1c-2ccc2c1CCCN2,c1ccc2c(c1)OCc1c-2ccc2c1CCCN2,True,False,False,,1.0,0.7192982456140351,,,,,,,,,0.7039179552802654,0.5855235809891088,0.11839437429115651,False,21.259999999999998,64.39999999999999,43.13999999999999,False,,,,,2.0,4.0,2.0,False,0.0,1.0,1.0,True
source_identity,mpair_00002471_cond_01_4p,mpair_00002471,eval,4,"MW,LogP,TPSA,RB",CN(C)CCCOc1cc(C(=O)Nc2ccc(Cl)cc2F)n(Cc2ccccc2)n1,COc1cc(NC(=O)c2cc(OCCCN(C)C)nn2Cc2ccccc2)cc(OC)c1OC,CN(C)CCCOc1cc(C(=O)Nc2ccc(Cl)cc2F)n(Cc2ccccc2)n1,O=C(Nc1ccccc1)c1ccnn1Cc1ccccc1,O=C(Nc1ccccc1)c1ccnn1Cc1ccccc1,True,False,False,,1.0,0.6376811594202898,468.5540000000002,430.9110000000001,37.643000000000086,False,3.5400000000000027,4.306700000000003,0.7667000000000002,True,,,,,87.08000000000001,59.39,27.690000000000012,False,,,,,,,,,12.0,9.0,3.0,False
source_identity,mpair_00002483_cond_02_4p,mpair_00002483,eval,4,"LogP,TPSA,HBA,RB",COc1cc(NC(=O)c2cc(OCCCN(C)C)nn2Cc2ccccc2)cc(OC)c1OC,CN(C)CCCOc1cc(C(=O)Nc2ccc(OC(F)(F)F)cc2)n(Cc2ccccc2)n1,COc1cc(NC(=O)c2cc(OCCCN(C)C)nn2Cc2ccccc2)cc(OC)c1OC,O=C(Nc1ccccc1)c1ccnn1Cc1ccccc1,O=C(Nc1ccccc1)c1ccnn1Cc1ccccc1,True,False,False,,1.0,0.6764705882352942,,,,,4.412800000000003,3.5400000000000027,0.8728000000000007,True,,,,,68.62,87.08000000000001,18.460000000000008,True,,,,,6.0,8.0,2.0,False,10.0,12.0,2.0,False
source_identity,mpair_00002509_cond_01_4p,mpair_00002509,eval,4,"MW,LogP,QED,TPSA",CSc1cc(-c2ccc(Br)cc2)oc(=O)c1C#N,CSc1cc(-c2ccc(Br)cc2)oc(=O)c1Br,CSc1cc(-c2ccc(Br)cc2)oc(=O)c1C#N,O=c1cccc(-c2ccccc2)o1,O=c1cccc(-c2ccccc2)o1,True,False,False,,1.0,0.675,376.0690000000001,322.1830000000001,53.88599999999997,False,4.553700000000002,3.662880000000002,0.8908199999999997,True,0.7207772389894862,0.791886779601309,0.07110954061182284,True,30.21,54.0,23.79,False,,,,,,,,,,,,
source_identity,mpair_00002541_cond_00_4p,mpair_00002541,eval,4,"MW,QED,TPSA,RB",CCOC(=O)c1c(SC)c(C#N)c(-c2ccc(Br)cc2)oc1=O,CSc1cc(-c2ccc(Br)cc2)oc(=O)c1C#N,CCOC(=O)c1c(SC)c(C#N)c(-c2ccc(Br)cc2)oc1=O,O=c1cccc(-c2ccccc2)o1,O=c1cccc(-c2ccccc2)o1,True,False,False,,1.0,0.43103448275862066,322.1830000000001,394.24600000000004,72.06299999999993,False,,,,,0.791886779601309,0.5791804088529054,0.2127063707484036,False,54.0,80.30000000000001,26.30000000000001,False,,,,,,,,,2.0,4.0,2.0,False
source_identity,mpair_00002559_cond_00_4p,mpair_00002559,eval,4,"MW,LogP,QED,RB",CN(C(=O)n1nc(-c2ccc(Cl)cc2)nc1SCC(F)(F)F)c1ccccc1,CSc1nc(-c2ccc(C)cc2)nn1C(=O)N(C)c1ccccc1,CN(C(=O)n1nc(-c2ccc(Cl)cc2)nc1SCC(F)(F)F)c1ccccc1,O=C(Nc1ccccc1)n1cnc(-c2ccccc2)n1,O=C(Nc1ccccc1)n1cnc(-c2ccccc2)n1,True,False,False,,1.0,0.5862068965517241,338.43600000000004,426.8510000000001,88.41500000000008,False,4.079920000000002,5.357400000000003,1.2774800000000006,False,0.6753188675979567,0.5270344401044634,0.14828442749349324,False,,,,,,,,,,,,,3.0,4.0,1.0,True
source_identity,mpair_00002569_cond_01_4p,mpair_00002569,eval,4,"TPSA,HBD,HBA,RB",COc1cc(C(=O)N2CCN(C(=O)c3cc(OC)c(OC)c(OC)c3)CC2)cc(OC)c1OC,COc1cc(C(=O)N2CCN(C(=O)c3cc(OC)c(OC)c(OC)c3)C(CO)C2)cc(OC)c1OC,COc1cc(C(=O)N2CCN(C(=O)c3cc(OC)c(OC)c(OC)c3)CC2)cc(OC)c1OC,O=C(c1ccccc1)N1CCN(C(=O)c2ccccc2)CC1,O=C(c1ccccc1)N1CCN(C(=O)c2ccccc2)CC1,True,False,False,,1.0,0.6341463414634146,,,,,,,,,,,,,116.23000000000002,96.00000000000001,20.230000000000004,False,1.0,0.0,1.0,True,9.0,8.0,1.0,True,9.0,8.0,1.0,True
source_identity,mpair_00002581_cond_00_4p,mpair_00002581,eval,4,"LogP,QED,TPSA,HBA",COc1cc(C(=O)N2CCN(C(=O)c3cc(OC)c(OC)c(OC)c3)C(COC(=O)CC(C)(C)C)C2)cc(OC)c1OC,COc1cc(C(=O)N2CCN(C(=O)c3cc(OC)c(OC)c(OC)c3)CC2)cc(OC)c1OC,COc1cc(C(=O)N2CCN(C(=O)c3cc(OC)c(OC)c(OC)c3)C(COC(=O)CC(C)(C)C)C2)cc(OC)c1OC,O=C(c1ccccc1)N1CCN(C(=O)c2ccccc2)CC1,O=C(c1ccccc1)N1CCN(C(=O)c2ccccc2)CC1,True,False,False,,1.0,0.52,,,,,2.3364000000000003,3.684400000000003,1.3480000000000025,False,0.5754127815390553,0.3521539372279048,0.2232588443111505,False,96.00000000000001,122.30000000000001,26.299999999999997,False,,,,,8.0,10.0,2.0,False,,,,
source_identity,mpair_00002592_cond_00_4p,mpair_00002592,eval,4,"MW,QED,TPSA,RB",COc1cc(C(=O)N2CCN(C(=O)c3cc(OC)c(OC)c(OC)c3)CC2)cc(OC)c1OC,COc1cc(C(=O)N2CCN(C(=O)c3cc(OC)c(OC)c(OC)c3)C(COC(C)=O)C2)cc(OC)c1OC,COc1cc(C(=O)N2CCN(C(=O)c3cc(OC)c(OC)c(OC)c3)CC2)cc(OC)c1OC,O=C(c1ccccc1)N1CCN(C(=O)c2ccccc2)CC1,O=C(c1ccccc1)N1CCN(C(=O)c2ccccc2)CC1,True,False,False,,1.0,0.5777777777777777,546.5730000000003,474.51000000000033,72.06299999999999,False,,,,,0.41028124355120477,0.5754127815390553,0.16513153798785052,False,122.30000000000001,96.00000000000001,26.299999999999997,False,,,,,,,,,10.0,8.0,2.0,False
source_identity,mpair_00002596_cond_00_4p,mpair_00002596,eval,4,"TPSA,HBD,HBA,RB",COc1ccc(C(=O)Nc2c(F)cncc2F)c2ccc(C(F)(F)F)nc12,COc1ccc(C(=O)Nc2c(Cl)cncc2Cl)c2ccc(C(C)O)nc12,COc1ccc(C(=O)Nc2c(F)cncc2F)c2ccc(C(F)(F)F)nc12,O=C(Nc1ccncc1)c1cccc2ncccc12,O=C(Nc1ccncc1)c1cccc2ncccc12,True,False,False,,1.0,0.532258064516129,,,,,,,,,,,,,84.34,64.11,20.230000000000004,False,2.0,1.0,1.0,True,5.0,4.0,1.0,True,4.0,3.0,1.0,True
source_identity,mpair_00002607_cond_02_4p,mpair_00002607,eval,4,"MW,LogP,HBA,RB",COc1ccc(C(=O)Nc2ccncc2Cl)c2cccnc12,COc1ccc(C(=O)Nc2c(Cl)cncc2Cl)c2ccc(C(C)=O)nc12,COc1ccc(C(=O)Nc2ccncc2Cl)c2cccnc12,O=C(Nc1ccncc1)c1cccc2ncccc12,O=C(Nc1ccncc1)c1cccc2ncccc12,True,False,False,,1.0,0.5081967213114754,390.22600000000017,313.744,76.48200000000014,False,4.400100000000002,3.544100000000002,0.8559999999999999,True,,,,,,,,,,,,,5.0,4.0,1.0,True,4.0,3.0,1.0,True
source_identity,mpair_00002617_cond_01_4p,mpair_00002617,eval,4,"QED,TPSA,HBA,RB",COc1ccc(C(=O)Nc2c(Cl)cncc2Cl)c2ccc(C(C)=O)nc12,COc1ccc(C(=O)Nc2ccncc2Cl)c2ccc(C(F)(F)F)nc12,COc1ccc(C(=O)Nc2c(Cl)cncc2Cl)c2ccc(C(C)=O)nc12,O=C(Nc1ccncc1)c1cccc2ncccc12,O=C(Nc1ccncc1)c1cccc2ncccc12,True,True,True,,1.0,0.5396825396825397,,,,,,,,,0.7218484507203837,0.6681926051832562,0.053655845537127544,True,64.11,81.17999999999999,17.069999999999993,True,,,,,4.0,5.0,1.0,True,3.0,4.0,1.0,True
source_identity,mpair_00002625_cond_00_4p,mpair_00002625,eval,4,"MW,QED,HBA,RB",COc1ccc(C(=O)Nc2c(Cl)cncc2Cl)c2ccc(C(C)O)nc12,COc1ccc(C(=O)Nc2c(Cl)cncc2Cl)c2cccnc12,COc1ccc(C(=O)Nc2c(Cl)cncc2Cl)c2ccc(C(C)O)nc12,O=C(Nc1ccncc1)c1cccc2ncccc12,O=C(Nc1ccncc1)c1cccc2ncccc12,True,False,False,,1.0,0.6428571428571429,348.1890000000001,392.24200000000013,44.053000000000054,False,,,,,0.7706046174674384,0.6936033323496321,0.07700128511780624,True,,,,,,,,,4.0,5.0,1.0,True,3.0,4.0,1.0,True
source_identity,mpair_00003114_cond_00_4p,mpair_00003114,eval,4,"MW,LogP,QED,RB",CCCCc1nnc2nc(C)c(C)c(=O)n2n1,Cc1nc2nncnn2c(=O)c1C,CCCCc1nnc2nc(C)c(C)c(=O)n2n1,O=c1ccnc2nncnn12,O=c1ccnc2nncnn12,True,False,False,,1.0,0.4418604651162791,177.167,233.275,56.108000000000004,False,-0.5036600000000002,0.8389399999999998,1.3426,False,0.541825521381232,0.7849999676400611,0.2431744462588291,False,,,,,,,,,,,,,0.0,3.0,3.0,False
source_identity,mpair_00003200_cond_00_4p,mpair_00003200,eval,4,"QED,HBD,HBA,RB",CCOC(=O)c1ccc(NCCCCCCc2cccs2)cc1,O=C(O)c1ccc(NCCCCCCc2cccs2)cc1,CCOC(=O)c1ccc(NCCCCCCc2cccs2)cc1,c1ccc(NCCCCCCc2cccs2)cc1,c1ccc(NCCCCCCc2cccs2)cc1,True,False,False,,1.0,0.7021276595744681,,,,,,,,,0.6622761596792913,0.48374526985121774,0.17853088982807358,False,,,,,2.0,1.0,1.0,True,3.0,4.0,1.0,True,9.0,10.0,1.0,True
source_identity,mpair_00003215_cond_01_4p,mpair_00003215,eval,4,"QED,TPSA,HBA,RB",COC(=O)c1ccc2c(Nc3ccc(Cl)cc3)nc(N3CCOCC3)nc2c1,Clc1ccc(Nc2nc(N3CCOCC3)nc3ccccc23)cc1,COC(=O)c1ccc2c(Nc3ccc(Cl)cc3)nc(N3CCOCC3)nc2c1,c1ccc(Nc2nc(N3CCOCC3)nc3ccccc23)cc1,c1ccc(Nc2nc(N3CCOCC3)nc3ccccc23)cc1,True,False,False,,1.0,0.631578947368421,,,,,,,,,0.784150666451108,0.6719222545699903,0.11222841188111765,False,50.28,76.58,26.299999999999997,False,,,,,5.0,7.0,2.0,False,3.0,4.0,1.0,True
source_identity,mpair_00003222_cond_01_4p,mpair_00003222,eval,4,"QED,TPSA,HBA,RB",COc1ccc(S(=O)(=O)N(Cc2cccnc2)c2c(C)cc(Br)cc2C(=O)NO)cc1,COC(=O)c1cccc(C(=O)NO)c1N(Cc1cccnc1)S(=O)(=O)c1ccc(OC)cc1,COc1ccc(S(=O)(=O)N(Cc2cccnc2)c2c(C)cc(Br)cc2C(=O)NO)cc1,O=S(=O)(c1ccccc1)N(Cc1cccnc1)c1ccccc1,O=S(=O)(c1ccccc1)N(Cc1cccnc1)c1ccccc1,True,False,False,,1.0,0.734375,,,,,,,,,0.29046454626646695,0.3740614499694089,0.08359690370294193,True,135.13,108.83000000000001,26.299999999999983,False,,,,,8.0,6.0,2.0,False,8.0,7.0,1.0,True
source_identity,mpair_00003532_cond_02_4p,mpair_00003532,eval,4,"LogP,QED,TPSA,HBA",CCOC(=O)C(C)Oc1cccc(N(Cc2cccnc2)S(=O)(=O)CC(F)(F)F)c1,CCCC(C)Oc1cccc(N(Cc2cccnc2)S(=O)(=O)CC(F)(F)F)c1,CCOC(=O)C(C)Oc1cccc(N(Cc2cccnc2)S(=O)(=O)CC(F)(F)F)c1,c1ccc(NCc2cccnc2)cc1,c1ccc(NCc2cccnc2)cc1,True,False,False,,1.0,0.746031746031746,,,,,4.547700000000003,3.3107000000000024,1.237000000000001,False,0.6018859517288218,0.5496815697636838,0.05220438196513799,True,59.5,85.80000000000001,26.30000000000001,False,,,,,4.0,6.0,2.0,False,,,,
source_identity,mpair_00003537_cond_01_4p,mpair_00003537,eval,4,"MW,LogP,TPSA,RB",CC(C)COc1cccc(N(Cc2cccnc2)S(=O)(=O)CC(F)(F)F)c1,CCOC(=O)C(C)Oc1cccc(N(Cc2cccnc2)S(=O)(=O)CC(F)(F)F)c1,CC(C)COc1cccc(N(Cc2cccnc2)S(=O)(=O)CC(F)(F)F)c1,c1ccc(NCc2cccnc2)cc1,c1ccc(NCc2cccnc2)cc1,True,False,False,,1.0,0.6984126984126984,446.4470000000001,402.43800000000005,44.00900000000007,False,3.3107000000000024,4.015100000000003,0.7044000000000006,True,,,,,85.80000000000001,59.5,26.30000000000001,False,,,,,,,,,9.0,8.0,1.0,True
source_identity,mpair_00000013_cond_00_5p,mpair_00000013,eval,5,"MW,LogP,QED,HBA,RB",COc1cccc(C(=O)N2C[C@H](CN3CCC(c4ccccc4)CC3)[C@@H](c3ccccc3)C2)c1,O=C(c1ccccc1C(F)(F)F)N1C[C@H](CN2CCC(c3ccccc3)CC2)[C@@H](c2ccccc2)C1,COc1cccc(C(=O)N2C[C@H](CN3CCC(c4ccccc4)CC3)[C@@H](c3ccccc3)C2)c1,O=C(c1ccccc1)N1C[C@H](CN2CCC(c3ccccc3)CC2)[C@@H](c2ccccc2)C1,O=C(c1ccccc1)N1C[C@H](CN2CCC(c3ccccc3)CC2)[C@@H](c2ccccc2)C1,True,False,False,,1.0,0.578125,492.5850000000002,454.61400000000015,37.97100000000006,False,6.4408000000000065,5.430600000000005,1.010200000000001,False,0.4092272471712491,0.49786269936596683,0.08863545219471775,True,,,,,,,,,2.0,3.0,1.0,True,5.0,6.0,1.0,True
source_identity,mpair_00000327_cond_01_5p,mpair_00000327,eval,5,"MW,LogP,QED,HBA,RB",CSC1=C(C(=O)O)N2C(=O)[C@@H](NC(=O)[C@H](N)c3ccccc3)[C@H]2CC1,N[C@@H](C(=O)N[C@@H]1C(=O)N2C(C(=O)O)=C(C(F)(F)F)CC[C@H]12)c1cccc(C(F)(F)F)c1,CSC1=C(C(=O)O)N2C(=O)[C@@H](NC(=O)[C@H](N)c3ccccc3)[C@H]2CC1,O=C(Cc1ccccc1)N[C@@H]1C(=O)N2C=CCC[C@H]12,O=C(Cc1ccccc1)N[C@@H]1C(=O)N2C=CCC[C@H]12,True,False,False,,1.0,0.5757575757575758,451.3230000000001,361.42300000000006,89.90000000000003,False,2.0955999999999997,0.8350000000000002,1.2605999999999995,False,0.4795891963980345,0.6699274889764619,0.19033829257842744,False,,,,,,,,,4.0,5.0,1.0,True,4.0,5.0,1.0,True
source_identity,mpair_00000335_cond_02_5p,mpair_00000335,eval,5,"MW,LogP,TPSA,HBD,HBA",N[C@@H](C(=O)N[C@@H]1C(=O)N2C(C(=O)O)=C(C(F)(F)F)CC[C@H]12)c1cccc(Br)c1,N[C@@H](C(=O)N[C@@H]1C(=O)N2C(C(=O)O)=C(C(F)(F)F)CC[C@H]12)c1ccc(O)cc1,N[C@@H](C(=O)N[C@@H]1C(=O)N2C(C(=O)O)=C(C(F)(F)F)CC[C@H]12)c1cccc(Br)c1,O=C(Cc1ccccc1)N[C@@H]1C(=O)N2C=CCC[C@H]12,O=C(Cc1ccccc1)N[C@@H]1C(=O)N2C=CCC[C@H]12,True,False,False,,1.0,0.7377049180327869,399.3250000000001,462.2220000000001,62.89699999999999,False,0.7823999999999993,1.8392999999999997,1.0569000000000004,False,,,,,132.96,112.73,20.230000000000004,False,4.0,3.0,1.0,True,5.0,4.0,1.0,True,,,,
source_identity,mpair_00000588_cond_00_5p,mpair_00000588,eval,5,"LogP,QED,TPSA,HBD,HBA",OC[C@@H]1N[C@@H](CCCCc2ccc(O)cc2)[C@H](O)[C@H]1O,OC[C@@H]1N[C@@H](CCCCc2cc(F)cc(F)c2)[C@H](O)[C@H]1O,OC[C@@H]1N[C@@H](CCCCc2ccc(O)cc2)[C@H](O)[C@H]1O,c1ccc(CCCC[C@H]2CCCN2)cc1,c1ccc(CCCC[C@H]2CCCN2)cc1,True,False,False,,1.0,0.625,,,,,0.7320999999999995,0.15949999999999964,0.5725999999999999,True,0.5846986769843887,0.47902706341404183,0.10567161357034688,False,72.72,92.95,20.230000000000004,False,4.0,5.0,1.0,True,4.0,5.0,1.0,True,,,,
source_identity,mpair_00000765_cond_01_5p,mpair_00000765,eval,5,"MW,LogP,QED,HBA,RB",COc1cccc(-c2cncc(O[C@@H]3CCNC3)c2)c1,Clc1cccc(-c2cc(O[C@@H]3CCNC3)cnc2Cl)c1,COc1cccc(-c2cncc(O[C@@H]3CCNC3)c2)c1,c1ccc(-c2cncc(O[C@@H]3CCNC3)c2)cc1,c1ccc(-c2cncc(O[C@@H]3CCNC3)c2)cc1,True,False,False,,1.0,0.5,309.196,270.33199999999994,38.86400000000009,False,3.796100000000002,2.4979000000000005,1.2982000000000014,False,0.8758671086324237,0.9267061641096688,0.0508390554772451,True,,,,,,,,,3.0,4.0,1.0,True,3.0,4.0,1.0,True
source_identity,mpair_00002474_cond_01_5p,mpair_00002474,eval,5,"MW,QED,TPSA,HBA,RB",COc1cc(NC(=O)c2cc(OCCCN(C)C)nn2Cc2ccccc2)cc(OC)c1OC,CN(C)CCCOc1cc(C(=O)Nc2ccc(Cl)cc2F)n(Cc2ccccc2)n1,COc1cc(NC(=O)c2cc(OCCCN(C)C)nn2Cc2ccccc2)cc(OC)c1OC,O=C(Nc1ccccc1)c1ccnn1Cc1ccccc1,O=C(Nc1ccccc1)c1ccnn1Cc1ccccc1,True,False,False,,1.0,0.6376811594202898,430.9110000000001,468.5540000000002,37.643000000000086,False,,,,,0.5138601191048354,0.4069700768443977,0.10689004226043775,False,59.39,87.08000000000001,27.690000000000012,False,,,,,5.0,8.0,3.0,False,9.0,12.0,3.0,False
source_identity,mpair_00002509_cond_00_5p,mpair_00002509,eval,5,"MW,LogP,QED,TPSA,HBA",CSc1cc(-c2ccc(Br)cc2)oc(=O)c1C#N,CSc1cc(-c2ccc(Br)cc2)oc(=O)c1Br,CSc1cc(-c2ccc(Br)cc2)oc(=O)c1C#N,O=c1cccc(-c2ccccc2)o1,O=c1cccc(-c2ccccc2)o1,True,False,False,,1.0,0.675,376.0690000000001,322.1830000000001,53.88599999999997,False,4.553700000000002,3.662880000000002,0.8908199999999997,True,0.7207772389894862,0.791886779601309,0.07110954061182284,True,30.21,54.0,23.79,False,,,,,3.0,4.0,1.0,True,,,,
source_identity,mpair_00002543_cond_02_5p,mpair_00002543,eval,5,"MW,QED,TPSA,HBA,RB",CSc1cc(-c2ccc(Br)cc2)oc(=O)c1Cl,CSc1cc(-c2ccc(Cl)cc2)oc(=O)c1C(N)=O,CSc1cc(-c2ccc(Br)cc2)oc(=O)c1Cl,O=c1cccc(-c2ccccc2)o1,O=c1cccc(-c2ccccc2)o1,True,False,False,,1.0,0.5217391304347826,295.747,331.61800000000005,35.87100000000004,False,,,,,0.8837306867126842,0.7618841288913727,0.12184655782131149,False,73.30000000000001,30.21,43.09000000000001,False,,,,,4.0,3.0,1.0,True,3.0,2.0,1.0,True
source_identity,mpair_00002579_cond_00_5p,mpair_00002579,eval,5,"MW,LogP,QED,HBD,HBA",COc1cc(C(=O)N2CCN(C(=O)c3cc(OC)c(OC)c(OC)c3)CC2)cc(OC)c1OC,COc1cc(C(=O)N2CCN(C(=O)c3cc(OC)c(OC)c(OC)c3)C(COC(=O)NCCC(C)C)C2)cc(OC)c1OC,COc1cc(C(=O)N2CCN(C(=O)c3cc(OC)c(OC)c(OC)c3)CC2)cc(OC)c1OC,O=C(c1ccccc1)N1CCN(C(=O)c2ccccc2)CC1,O=C(c1ccccc1)N1CCN(C(=O)c2ccccc2)CC1,True,False,False,,1.0,0.48148148148148145,617.6960000000003,474.51000000000033,143.18599999999992,False,3.4773000000000023,2.3364000000000003,1.140900000000002,False,0.3561059094946873,0.5754127815390553,0.219306872044368,False,,,,,1.0,0.0,1.0,True,10.0,8.0,2.0,False,,,,
source_identity,mpair_00002590_cond_01_5p,mpair_00002590,eval,5,"MW,LogP,QED,HBD,RB",COc1cc(C(=O)N2CCN(C(=O)c3cc(OC)c(OC)c(OC)c3)C(COC(=O)NCCC(C)C)C2)cc(OC)c1OC,COc1cc(C(=O)N2CCN(C(=O)c3cc(OC)c(OC)c(OC)c3)C(COC(C)=O)C2)cc(OC)c1OC,COc1cc(C(=O)N2CCN(C(=O)c3cc(OC)c(OC)c(OC)c3)C(COC(=O)NCCC(C)C)C2)cc(OC)c1OC,O=C(c1ccccc1)N1CCN(C(=O)c2ccccc2)CC1,O=C(c1ccccc1)N1CCN(C(=O)c2ccccc2)CC1,True,False,False,,1.0,0.7017543859649122,546.5730000000003,617.6960000000003,71.12299999999993,False,2.2681000000000004,3.4773000000000023,1.2092000000000018,False,0.41028124355120477,0.3561059094946873,0.05417533405651748,True,,,,,0.0,1.0,1.0,True,,,,,10.0,13.0,3.0,False
source_identity,mpair_00002625_cond_01_5p,mpair_00002625,eval,5,"MW,QED,TPSA,HBD,RB",COc1ccc(C(=O)Nc2c(Cl)cncc2Cl)c2ccc(C(C)O)nc12,COc1ccc(C(=O)Nc2c(Cl)cncc2Cl)c2cccnc12,COc1ccc(C(=O)Nc2c(Cl)cncc2Cl)c2ccc(C(C)O)nc12,O=C(Nc1ccncc1)c1cccc2ncccc12,O=C(Nc1ccncc1)c1cccc2ncccc12,True,False,False,,1.0,0.6428571428571429,348.1890000000001,392.24200000000013,44.053000000000054,False,,,,,0.7706046174674384,0.6936033323496321,0.07700128511780624,True,64.11,84.34,20.230000000000004,False,1.0,2.0,1.0,True,,,,,3.0,4.0,1.0,True
source_identity,mpair_00002631_cond_02_5p,mpair_00002631,eval,5,"LogP,TPSA,HBD,HBA,RB",CC(C)(C)[C@H](O)C(=O)N1C[C@H](c2ccccc2)C[C@H]1C(=O)N[C@@H](CC(F)F)C(=O)NCCc1c(F)cc(C(=O)O)cc1F,CC(C)CC(=O)N1C[C@H](c2ccccc2)C[C@H]1C(=O)N[C@@H](CC(F)F)C(=O)NCCc1c(F)cc(C(=O)O)cc1F,CC(C)(C)[C@H](O)C(=O)N1C[C@H](c2ccccc2)C[C@H]1C(=O)N[C@@H](CC(F)F)C(=O)NCCc1c(F)cc(C(=O)O)cc1F,O=C(CNC(=O)[C@@H]1C[C@@H](c2ccccc2)CN1)NCCc1ccccc1,O=C(CNC(=O)[C@@H]1C[C@@H](c2ccccc2)CN1)NCCc1ccccc1,True,False,False,,1.0,0.7567567567567568,,,,,3.892500000000002,3.253400000000001,0.6391000000000009,True,,,,,115.81000000000002,136.04,20.229999999999976,False,3.0,4.0,1.0,True,4.0,5.0,1.0,True,12.0,11.0,1.0,True
source_identity,mpair_00003217_cond_00_5p,mpair_00003217,eval,5,"MW,QED,TPSA,HBA,RB",Clc1ccc(Nc2nc(N3CCOCC3)nc3ccccc23)cc1,COC(=O)c1ccc2c(Nc3ccc(Cl)cc3)nc(N3CCOCC3)nc2c1,Clc1ccc(Nc2nc(N3CCOCC3)nc3ccccc23)cc1,c1ccc(Nc2nc(N3CCOCC3)nc3ccccc23)cc1,c1ccc(Nc2nc(N3CCOCC3)nc3ccccc23)cc1,True,False,False,,1.0,0.631578947368421,398.85000000000025,340.81399999999996,58.036000000000286,False,,,,,0.6719222545699903,0.784150666451108,0.11222841188111765,False,76.58,50.28,26.299999999999997,False,,,,,7.0,5.0,2.0,False,4.0,3.0,1.0,True
source_identity,mpair_00000339_cond_01_6p,mpair_00000339,eval,6,"MW,LogP,QED,TPSA,HBD,HBA",N[C@@H](C(=O)N[C@@H]1C(=O)N2C(C(=O)O)=C(C(F)(F)F)CC[C@H]12)c1cccc(C(F)(F)F)c1,N[C@@H](C(=O)N[C@@H]1C(=O)N2C(C(=O)O)=C(C(F)(F)F)CC[C@H]12)c1ccc(O)cc1,N[C@@H](C(=O)N[C@@H]1C(=O)N2C(C(=O)O)=C(C(F)(F)F)CC[C@H]12)c1cccc(C(F)(F)F)c1,O=C(Cc1ccccc1)N[C@@H]1C(=O)N2C=CCC[C@H]12,O=C(Cc1ccccc1)N[C@@H]1C(=O)N2C=CCC[C@H]12,True,False,False,,1.0,0.7377049180327869,399.3250000000001,451.3230000000001,51.99799999999999,False,0.7823999999999993,2.0955999999999997,1.3132000000000004,False,0.5533729404309352,0.4795891963980345,0.07378374403290072,True,132.96,112.73,20.230000000000004,False,4.0,3.0,1.0,True,5.0,4.0,1.0,True,,,,
source_identity,mpair_00001127_cond_01_6p,mpair_00001127,eval,6,"LogP,QED,TPSA,HBD,HBA,RB",CN1C(=O)c2ccccc2C1CCN1CCN(c2ccc(Cl)cc2)CC1,COc1ccc(N2CCN(CCC3NC(=O)c4ccccc43)CC2)cc1,CN1C(=O)c2ccccc2C1CCN1CCN(c2ccc(Cl)cc2)CC1,O=C1NC(CCN2CCN(c3ccccc3)CC2)c2ccccc21,O=C1NC(CCN2CCN(c3ccccc3)CC2)c2ccccc21,True,True,True,,1.0,0.48333333333333334,,,,,2.692000000000001,3.679000000000003,0.9870000000000019,True,0.8996022198661571,0.8221231339252668,0.07747908594089026,True,44.81,26.790000000000006,18.019999999999996,True,1.0,0.0,1.0,True,4.0,3.0,1.0,True,5.0,4.0,1.0,True
source_identity,mpair_00002579_cond_01_6p,mpair_00002579,eval,6,"MW,LogP,QED,HBD,HBA,RB",COc1cc(C(=O)N2CCN(C(=O)c3cc(OC)c(OC)c(OC)c3)CC2)cc(OC)c1OC,COc1cc(C(=O)N2CCN(C(=O)c3cc(OC)c(OC)c(OC)c3)C(COC(=O)NCCC(C)C)C2)cc(OC)c1OC,COc1cc(C(=O)N2CCN(C(=O)c3cc(OC)c(OC)c(OC)c3)CC2)cc(OC)c1OC,O=C(c1ccccc1)N1CCN(C(=O)c2ccccc2)CC1,O=C(c1ccccc1)N1CCN(C(=O)c2ccccc2)CC1,True,False,False,,1.0,0.48148148148148145,617.6960000000003,474.51000000000033,143.18599999999992,False,3.4773000000000023,2.3364000000000003,1.140900000000002,False,0.3561059094946873,0.5754127815390553,0.219306872044368,False,,,,,1.0,0.0,1.0,True,10.0,8.0,2.0,False,13.0,8.0,5.0,False
source_identity,mpair_00002586_cond_00_6p,mpair_00002586,eval,6,"MW,LogP,QED,HBD,HBA,RB",COc1cc(C(=O)N2CCN(C(=O)c3cc(OC)c(OC)c(OC)c3)C(COC(=O)CC(C)(C)C)C2)cc(OC)c1OC,COc1cc(C(=O)N2CCN(C(=O)c3cc(OC)c(OC)c(OC)c3)C(CO)C2)cc(OC)c1OC,COc1cc(C(=O)N2CCN(C(=O)c3cc(OC)c(OC)c(OC)c3)C(COC(=O)CC(C)(C)C)C2)cc(OC)c1OC,O=C(c1ccccc1)N1CCN(C(=O)c2ccccc2)CC1,O=C(c1ccccc1)N1CCN(C(=O)c2ccccc2)CC1,True,False,False,,1.0,0.6792452830188679,504.53600000000034,602.6810000000004,98.14500000000004,False,1.6973000000000003,3.684400000000003,1.9871000000000025,False,0.544633228323374,0.3521539372279048,0.19247929109546924,False,,,,,1.0,0.0,1.0,True,9.0,10.0,1.0,True,9.0,11.0,2.0,False
source_identity,mpair_00002613_cond_01_6p,mpair_00002613,eval,6,"LogP,QED,TPSA,HBD,HBA,RB",COc1ccc(C(=O)Nc2ccncc2Cl)c2cccnc12,COc1ccc(C(=O)Nc2c(Cl)cncc2Cl)c2ccc(C(C)O)nc12,COc1ccc(C(=O)Nc2ccncc2Cl)c2cccnc12,O=C(Nc1ccncc1)c1cccc2ncccc12,O=C(Nc1ccncc1)c1cccc2ncccc12,True,False,False,,1.0,0.49206349206349204,,,,,4.2508000000000035,3.544100000000002,0.7067000000000014,True,0.6936033323496321,0.8029165077767629,0.10931317542713082,False,84.34,64.11,20.230000000000004,False,2.0,1.0,1.0,True,5.0,4.0,1.0,True,4.0,3.0,1.0,True
source_identity,mpair_00003218_cond_02_6p,mpair_00003218,eval,6,"MW,LogP,QED,TPSA,HBA,RB",COC(=O)c1cccc(C(=O)NO)c1N(Cc1cccnc1)S(=O)(=O)c1ccc(OC)cc1,COc1ccc(S(=O)(=O)N(Cc2cccnc2)c2c(C)cccc2C(=O)NO)cc1,COC(=O)c1cccc(C(=O)NO)c1N(Cc1cccnc1)S(=O)(=O)c1ccc(OC)cc1,O=S(=O)(c1ccccc1)N(Cc1cccnc1)c1ccccc1,O=S(=O)(c1ccccc1)N(Cc1cccnc1)c1ccccc1,True,False,False,,1.0,0.8333333333333334,427.48200000000014,471.49100000000016,44.009000000000015,False,2.91312,2.391300000000001,0.5218199999999991,True,0.44330794633881315,0.29046454626646695,0.1528434000723462,False,108.83000000000001,135.13,26.299999999999983,False,,,,,6.0,8.0,2.0,False,7.0,8.0,1.0,True
source_identity,mpair_00002522_cond_01_7p,mpair_00002522,eval,7,"MW,LogP,QED,TPSA,HBD,HBA,RB",CSc1cc(-c2ccc(Cl)cc2)oc(=O)c1,CSc1cc(-c2ccc(Cl)cc2)oc(=O)c1C(N)=O,CSc1cc(-c2ccc(Cl)cc2)oc(=O)c1,O=c1cccc(-c2ccccc2)o1,O=c1cccc(-c2ccccc2)o1,True,False,False,,1.0,0.4888888888888889,295.747,252.72199999999998,43.025000000000034,False,2.7810000000000006,3.682100000000002,0.9011000000000013,True,0.8837306867126842,0.7640571553591999,0.11967353135348424,False,73.30000000000001,30.21,43.09000000000001,False,1.0,0.0,1.0,True,4.0,3.0,1.0,True,3.0,2.0,1.0,True
source_identity,mpair_00002553_cond_02_7p,mpair_00002553,eval,7,"MW,LogP,QED,TPSA,HBD,HBA,RB",CSc1cc(-c2ccc(Cl)cc2)oc(=O)c1C(N)=O,CSc1cc(-c2ccc(Cl)cc2)oc(=O)c1Br,CSc1cc(-c2ccc(Cl)cc2)oc(=O)c1C(N)=O,O=c1cccc(-c2ccccc2)o1,O=c1cccc(-c2ccccc2)o1,True,False,False,,1.0,0.627906976744186,331.61799999999994,295.747,35.870999999999924,False,4.444600000000001,2.7810000000000006,1.6636000000000006,False,0.7618841288913729,0.8837306867126842,0.12184655782131126,False,30.21,73.30000000000001,43.09000000000001,False,0.0,1.0,1.0,True,3.0,4.0,1.0,True,2.0,3.0,1.0,True
scaffold_property_retrieval,mpair_00000002_cond_02_2p,mpair_00000002,eval,2,"LogP,QED",O=C(c1cccc(Cl)c1)N1C[C@H](CN2CCC(c3ccccc3)CC2)[C@@H](c2ccccc2)C1,O=C(c1ccccc1F)N1C[C@H](CN2CCC(c3ccccc3)CC2)[C@@H](c2ccccc2)C1,O=C(c1cccc(Cl)c1)N1C[C@H](CN2CCC(c3ccccc3)CC2)[C@@H](c2ccccc2)C1,O=C(c1ccccc1)N1C[C@H](CN2CCC(c3ccccc3)CC2)[C@@H](c2ccccc2)C1,O=C(c1ccccc1)N1C[C@H](CN2CCC(c3ccccc3)CC2)[C@@H](c2ccccc2)C1,True,True,True,source_identity,1.0,0.6379310344827587,,,,,5.561100000000006,6.075400000000006,0.5143000000000004,True,0.5164092889512721,0.4625029539066648,0.053906335044607345,True,,,,,,,,,,,,,,,,
scaffold_property_retrieval,mpair_00000005_cond_01_2p,mpair_00000005,eval,2,"HBA,RB",O=C(c1ccccc1F)N1C[C@H](CN2CCC(c3ccccc3)CC2)[C@@H](c2ccccc2)C1,COc1cccc(C(=O)N2C[C@H](CN3CCC(c4ccccc4)CC3)[C@@H](c3ccccc3)C2)c1,O=C(c1ccccc1F)N1C[C@H](CN2CCC(c3ccccc3)CC2)[C@@H](c2ccccc2)C1,O=C(c1ccccc1)N1C[C@H](CN2CCC(c3ccccc3)CC2)[C@@H](c2ccccc2)C1,O=C(c1ccccc1)N1C[C@H](CN2CCC(c3ccccc3)CC2)[C@@H](c2ccccc2)C1,True,True,True,source_identity,1.0,0.6065573770491803,,,,,,,,,,,,,,,,,,,,,3.0,2.0,1.0,True,6.0,5.0,1.0,True
scaffold_property_retrieval,mpair_00000007_cond_02_2p,mpair_00000007,eval,2,"LogP,QED",O=C(c1ccccc1F)N1C[C@H](CN2CCC(c3ccccc3)CC2)[C@@H](c2ccccc2)C1,O=C(c1cccc(Cl)c1)N1C[C@H](CN2CCC(c3ccccc3)CC2)[C@@H](c2ccccc2)C1,O=C(c1ccccc1F)N1C[C@H](CN2CCC(c3ccccc3)CC2)[C@@H](c2ccccc2)C1,O=C(c1ccccc1)N1C[C@H](CN2CCC(c3ccccc3)CC2)[C@@H](c2ccccc2)C1,O=C(c1ccccc1)N1C[C@H](CN2CCC(c3ccccc3)CC2)[C@@H](c2ccccc2)C1,True,True,True,source_identity,1.0,0.6379310344827587,,,,,6.075400000000006,5.561100000000006,0.5143000000000004,True,0.4625029539066648,0.5164092889512721,0.053906335044607345,True,,,,,,,,,,,,,,,,
scaffold_property_retrieval,mpair_00000011_cond_01_2p,mpair_00000011,eval,2,"HBA,RB",COc1cccc(C(=O)N2C[C@H](CN3CCC(c4ccccc4)CC3)[C@@H](c3ccccc3)C2)c1,O=C(c1ccccc1F)N1C[C@H](CN2CCC(c3ccccc3)CC2)[C@@H](c2ccccc2)C1,COc1cccc(C(=O)N2C[C@H](CN3CCC(c4ccccc4)CC3)[C@@H](c3ccccc3)C2)c1,O=C(c1ccccc1)N1C[C@H](CN2CCC(c3ccccc3)CC2)[C@@H](c2ccccc2)C1,O=C(c1ccccc1)N1C[C@H](CN2CCC(c3ccccc3)CC2)[C@@H](c2ccccc2)C1,True,True,True,source_identity,1.0,0.6065573770491803,,,,,,,,,,,,,,,,,,,,,2.0,3.0,1.0,True,5.0,6.0,1.0,True
scaffold_property_retrieval,mpair_00000015_cond_00_2p,mpair_00000015,eval,2,"LogP,TPSA",O=C(O)CC[C@H]1CC[C@H]2CN[C@H](C(=O)O)C[C@H]2C1,O=C(O)[C@@H]1C[C@H]2C[C@@H](CCS(=O)(=O)O)CC[C@H]2CN1,O=C(O)CC[C@H]1CC[C@H]2CN[C@H](C(=O)O)C[C@H]2C1,C1CC[C@H]2CNCC[C@H]2C1,C1CC[C@H]2CNCC[C@H]2C1,True,True,True,source_identity,1.0,0.6829268292682927,,,,,0.7433000000000001,1.3301999999999996,0.5868999999999995,True,,,,,103.7,86.63000000000001,17.069999999999993,True,,,,,,,,,,,,
scaffold_property_retrieval,mpair_00000323_cond_01_2p,mpair_00000323,eval,2,"TPSA,HBA",N[C@@H](C(=O)N[C@@H]1C(=O)N2C(C(=O)O)=C(C(F)(F)F)CC[C@H]12)c1ccc(F)cc1,N[C@@H](C(=O)N[C@@H]1C(=O)N2C(C(=O)O)=C(C(F)(F)F)CC[C@H]12)c1ccc(O)cc1,N[C@@H](C(=O)N[C@@H]1C(=O)N2C(C(=O)O)=C(C(F)(F)F)CC[C@H]12)c1ccc(F)cc1,O=C(Cc1ccccc1)N[C@@H]1C(=O)N2C=CCC[C@H]12,O=C(Cc1ccccc1)N[C@@H]1C(=O)N2C=CCC[C@H]12,True,False,False,source_identity,1.0,0.8545454545454545,,,,,,,,,,,,,132.96,112.73,20.230000000000004,False,,,,,5.0,4.0,1.0,True,,,,
scaffold_property_retrieval,mpair_00000330_cond_00_2p,mpair_00000330,eval,2,"QED,HBD",N[C@@H](C(=O)N[C@@H]1C(=O)N2C(C(=O)O)=C(C(F)(F)F)CC[C@H]12)c1ccc(O)cc1,N[C@@H](C(=O)N[C@@H]1C(=O)N2C(C(=O)O)=C(C(F)(F)F)CC[C@H]12)c1cccc(C(F)(F)F)c1,N[C@@H](C(=O)N[C@@H]1C(=O)N2C(C(=O)O)=C(C(F)(F)F)CC[C@H]12)c1ccc(O)cc1,O=C(Cc1ccccc1)N[C@@H]1C(=O)N2C=CCC[C@H]12,O=C(Cc1ccccc1)N[C@@H]1C(=O)N2C=CCC[C@H]12,True,True,True,source_identity,1.0,0.7377049180327869,,,,,,,,,0.4795891963980345,0.5533729404309352,0.07378374403290072,True,,,,,3.0,4.0,1.0,True,,,,,,,,
scaffold_property_retrieval,mpair_00000337_cond_01_2p,mpair_00000337,eval,2,"MW,LogP",N[C@@H](C(=O)N[C@@H]1C(=O)N2C(C(=O)O)=C(C(F)(F)F)CC[C@H]12)c1cccc(C(F)(F)F)c1,N[C@@H](C(=O)N[C@@H]1C(=O)N2C(C(=O)O)=C(C(F)(F)F)CC[C@H]12)c1ccc(F)cc1,N[C@@H](C(=O)N[C@@H]1C(=O)N2C(C(=O)O)=C(C(F)(F)F)CC[C@H]12)c1cccc(C(F)(F)F)c1,O=C(Cc1ccccc1)N[C@@H]1C(=O)N2C=CCC[C@H]12,O=C(Cc1ccccc1)N[C@@H]1C(=O)N2C=CCC[C@H]12,True,False,False,source_identity,1.0,0.7377049180327869,401.3160000000001,451.3230000000001,50.007000000000005,False,1.2158999999999993,2.0955999999999997,0.8797000000000004,True,,,,,,,,,,,,,,,,,,,,
scaffold_property_retrieval,mpair_00000586_cond_00_2p,mpair_00000586,eval,2,"LogP,HBD",OC[C@@H]1N[C@@H](CCCCc2cc(F)cc(F)c2)[C@H](O)[C@H]1O,OC[C@@H]1N[C@@H](CCCCc2ccc(O)cc2)[C@H](O)[C@H]1O,OC[C@@H]1N[C@@H](CCCCc2cc(F)cc(F)c2)[C@H](O)[C@H]1O,c1ccc(CCCC[C@H]2CCCN2)cc1,c1ccc(CCCC[C@H]2CCCN2)cc1,True,True,True,source_identity,1.0,0.625,,,,,0.15949999999999964,0.7320999999999995,0.5725999999999999,True,,,,,,,,,5.0,4.0,1.0,True,,,,,,,,
scaffold_property_retrieval,mpair_00000589_cond_01_2p,mpair_00000589,eval,2,"HBA,RB",COc1ccc(CCCC[C@@H]2N[C@@H](CO)[C@H](O)[C@H]2O)cc1,OC[C@@H]1N[C@@H](CCCCc2ccc(F)cc2)[C@H](O)[C@H]1O,COc1ccc(CCCC[C@@H]2N[C@@H](CO)[C@H](O)[C@H]2O)cc1,c1ccc(CCCC[C@H]2CCCN2)cc1,c1ccc(CCCC[C@H]2CCCN2)cc1,True,True,True,source_identity,1.0,0.6829268292682927,,,,,,,,,,,,,,,,,,,,,4.0,5.0,1.0,True,6.0,7.0,1.0,True
scaffold_property_retrieval,mpair_00000591_cond_00_2p,mpair_00000591,eval,2,"HBD,HBA",OC[C@@H]1N[C@@H](CCCCc2ccc(F)cc2)[C@H](O)[C@H]1O,OC[C@@H]1N[C@@H](CCCCc2ccc(O)cc2)[C@H](O)[C@H]1O,OC[C@@H]1N[C@@H](CCCCc2ccc(F)cc2)[C@H](O)[C@H]1O,c1ccc(CCCC[C@H]2CCCN2)cc1,c1ccc(CCCC[C@H]2CCCN2)cc1,True,True,True,source_identity,1.0,0.7567567567567568,,,,,,,,,,,,,,,,,5.0,4.0,1.0,True,5.0,4.0,1.0,True,,,,
scaffold_property_retrieval,mpair_00000593_cond_00_2p,mpair_00000593,eval,2,"HBA,RB",OC[C@@H]1N[C@@H](CCCCc2cc(F)cc(F)c2)[C@H](O)[C@H]1O,COc1ccc(CCCC[C@@H]2N[C@@H](CO)[C@H](O)[C@H]2O)cc1,OC[C@@H]1N[C@@H](CCCCc2cc(F)cc(F)c2)[C@H](O)[C@H]1O,c1ccc(CCCC[C@H]2CCCN2)cc1,c1ccc(CCCC[C@H]2CCCN2)cc1,True,True,True,source_identity,1.0,0.5681818181818182,,,,,,,,,,,,,,,,,,,,,5.0,4.0,1.0,True,7.0,6.0,1.0,True
scaffold_property_retrieval,mpair_00000594_cond_02_2p,mpair_00000594,eval,2,"HBA,RB",COc1ccc(CCCC[C@@H]2N[C@@H](CO)[C@H](O)[C@H]2O)cc1,OC[C@@H]1N[C@@H](CCCCc2cc(F)cc(F)c2)[C@H](O)[C@H]1O,COc1ccc(CCCC[C@@H]2N[C@@H](CO)[C@H](O)[C@H]2O)cc1,c1ccc(CCCC[C@H]2CCCN2)cc1,c1ccc(CCCC[C@H]2CCCN2)cc1,True,True,True,source_identity,1.0,0.5681818181818182,,,,,,,,,,,,,,,,,,,,,4.0,5.0,1.0,True,6.0,7.0,1.0,True
scaffold_property_retrieval,mpair_00000597_cond_00_2p,mpair_00000597,eval,2,"QED,HBA",OC[C@@H]1N[C@@H](CCCCc2ccc(O)cc2)[C@H](O)[C@H]1O,OC[C@@H]1N[C@@H](CCCCc2ccc(F)cc2)[C@H](O)[C@H]1O,OC[C@@H]1N[C@@H](CCCCc2ccc(O)cc2)[C@H](O)[C@H]1O,c1ccc(CCCC[C@H]2CCCN2)cc1,c1ccc(CCCC[C@H]2CCCN2)cc1,True,True,True,source_identity,1.0,0.7567567567567568,,,,,,,,,0.5767746304019578,0.47902706341404183,0.09774756698791592,True,,,,,,,,,4.0,5.0,1.0,True,,,,
scaffold_property_retrieval,mpair_00000725_cond_00_2p,mpair_00000725,eval,2,"LogP,RB",C=CCc1cc(/C=C2\SC(=O)NC2=O)c(OC)cc1OC1CCCCO1,C=CCc1cc(/C=C2\SC(=O)N(CC=C(C)C)C2=O)c(OC)cc1OC1CCCCO1,C=CCc1cc(/C=C2\SC(=O)NC2=O)c(OC)cc1OC1CCCCO1,O=C1NC(=O)/C(=C/c2ccc(OC3CCCCO3)cc2)S1,O=C1NC(=O)/C(=C/c2ccc(OC3CCCCO3)cc2)S1,True,False,False,source_identity,1.0,0.647887323943662,,,,,5.331600000000005,3.6530000000000022,1.678600000000003,False,,,,,,,,,,,,,,,,,8.0,6.0,2.0,False
scaffold_property_retrieval,mpair_00000729_cond_01_2p,mpair_00000729,eval,2,"LogP,QED",C=CCc1cc(/C=C2\SC(=O)N(CC=C(C)C)C2=O)c(OC)cc1OC1CCCCO1,C=CCc1cc(/C=C2\SC(=O)N(CC=C)C2=O)c(OC)cc1OC1CCCCO1,C=CCc1cc(/C=C2\SC(=O)N(CC=C(C)C)C2=O)c(OC)cc1OC1CCCCO1,O=C1NC(=O)/C(=C/c2ccc(OC3CCCCO3)cc2)S1,O=C1NC(=O)/C(=C/c2ccc(OC3CCCCO3)cc2)S1,True,True,True,source_identity,1.0,0.8615384615384616,,,,,4.551400000000004,5.331600000000005,0.7802000000000016,True,0.45838471716690443,0.3995752918375223,0.05880942532938216,True,,,,,,,,,,,,,,,,
scaffold_property_retrieval,mpair_00000731_cond_02_2p,mpair_00000731,eval,2,"LogP,RB",C=CCc1cc(/C=C2\SC(=O)N(C(C)C)C2=O)c(OC)cc1OC1CCCCO1,C=CCc1cc(/C=C2\SC(=O)N(CC=C(C)C)C2=O)c(OC)cc1OC1CCCCO1,C=CCc1cc(/C=C2\SC(=O)N(C(C)C)C2=O)c(OC)cc1OC1CCCCO1,O=C1NC(=O)/C(=C/c2ccc(OC3CCCCO3)cc2)S1,O=C1NC(=O)/C(=C/c2ccc(OC3CCCCO3)cc2)S1,True,True,True,source_identity,1.0,0.7183098591549296,,,,,5.331600000000005,4.773800000000004,0.5578000000000012,True,,,,,,,,,,,,,,,,,8.0,7.0,1.0,True
scaffold_property_retrieval,mpair_00000734_cond_02_2p,mpair_00000734,eval,2,"MW,QED",C=CCc1cc(/C=C2\SC(=O)N(CCCC)C2=O)c(OC)cc1OC1CCCCO1,C=CCc1cc(/C=C2\SC(=O)N(C)C2=O)c(OC)cc1OC1CCCCO1,C=CCc1cc(/C=C2\SC(=O)N(CCCC)C2=O)c(OC)cc1OC1CCCCO1,O=C1NC(=O)/C(=C/c2ccc(OC3CCCCO3)cc2)S1,O=C1NC(=O)/C(=C/c2ccc(OC3CCCCO3)cc2)S1,True,False,False,source_identity,1.0,0.7878787878787878,389.4730000000002,431.55400000000026,42.081000000000074,False,,,,,0.5413211960634129,0.39718598618589046,0.14413520987752243,False,,,,,,,,,,,,,,,,
scaffold_property_retrieval,mpair_00000737_cond_00_2p,mpair_00000737,eval,2,"QED,HBD",C=CCc1cc(/C=C2\SC(=O)NC2=O)c(OC)cc1OC1CCCCO1,C=CCc1cc(/C=C2\SC(=O)N(C)C2=O)c(OC)cc1OC1CCCCO1,C=CCc1cc(/C=C2\SC(=O)NC2=O)c(OC)cc1OC1CCCCO1,O=C1NC(=O)/C(=C/c2ccc(OC3CCCCO3)cc2)S1,O=C1NC(=O)/C(=C/c2ccc(OC3CCCCO3)cc2)S1,True,True,True,source_identity,1.0,0.71875,,,,,,,,,0.5413211960634129,0.6042673504148035,0.06294615435139062,True,,,,,0.0,1.0,1.0,True,,,,,,,,
scaffold_property_retrieval,mpair_00000738_cond_02_2p,mpair_00000738,eval,2,"LogP,QED",C=CCc1cc(/C=C2\SC(=O)N(C(C)C)C2=O)c(OC)cc1OC1CCCCO1,C=CCc1cc(/C=C2\SC(=O)N(C)C2=O)c(OC)cc1OC1CCCCO1,C=CCc1cc(/C=C2\SC(=O)N(C(C)C)C2=O)c(OC)cc1OC1CCCCO1,O=C1NC(=O)/C(=C/c2ccc(OC3CCCCO3)cc2)S1,O=C1NC(=O)/C(=C/c2ccc(OC3CCCCO3)cc2)S1,True,True,True,source_identity,1.0,0.796875,,,,,3.9952000000000023,4.773800000000004,0.7786000000000017,True,0.5413211960634129,0.4701504427149941,0.07117075334841877,True,,,,,,,,,,,,,,,,
scaffold_property_retrieval,mpair_00000743_cond_01_2p,mpair_00000743,eval,2,"LogP,RB",C=CCc1cc(/C=C2\SC(=O)N(CC=C)C2=O)c(OC)cc1OC1CCCCO1,C=CCc1cc(/C=C2\SC(=O)N(C)C2=O)c(OC)cc1OC1CCCCO1,C=CCc1cc(/C=C2\SC(=O)N(CC=C)C2=O)c(OC)cc1OC1CCCCO1,O=C1NC(=O)/C(=C/c2ccc(OC3CCCCO3)cc2)S1,O=C1NC(=O)/C(=C/c2ccc(OC3CCCCO3)cc2)S1,True,False,False,source_identity,1.0,0.8095238095238095,,,,,3.9952000000000023,4.551400000000004,0.5562000000000014,True,,,,,,,,,,,,,,,,,6.0,8.0,2.0,False
scaffold_property_retrieval,mpair_00000745_cond_01_2p,mpair_00000745,eval,2,"QED,HBD",C=CCc1cc(/C=C2\SC(=O)N(C)C2=O)c(OC)cc1OC1CCCCO1,C=CCc1cc(/C=C2\SC(=O)NC2=O)c(OC)cc1OC1CCCCO1,C=CCc1cc(/C=C2\SC(=O)N(C)C2=O)c(OC)cc1OC1CCCCO1,O=C1NC(=O)/C(=C/c2ccc(OC3CCCCO3)cc2)S1,O=C1NC(=O)/C(=C/c2ccc(OC3CCCCO3)cc2)S1,True,True,True,source_identity,1.0,0.71875,,,,,,,,,0.6042673504148035,0.5413211960634129,0.06294615435139062,True,,,,,1.0,0.0,1.0,True,,,,,,,,
scaffold_property_retrieval,mpair_00000751_cond_00_2p,mpair_00000751,eval,2,"LogP,RB",O=C1CCC[C@H]2OC[C@@H](Cc3c[nH]c4ccccc34)N12,CC[C@H]1CCC(=O)N2[C@H](Cc3c[nH]c4ccccc34)CO[C@H]12,O=C1CCC[C@H]2OC[C@@H](Cc3c[nH]c4ccccc34)N12,O=C1CCC[C@H]2OC[C@@H](Cc3c[nH]c4ccccc34)N12,O=C1CCC[C@H]2OC[C@@H](Cc3c[nH]c4ccccc34)N12,True,True,True,source_identity,1.0,0.6607142857142857,,,,,3.0839000000000016,2.447800000000001,0.6361000000000008,True,,,,,,,,,,,,,,,,,3.0,2.0,1.0,True
scaffold_property_retrieval,mpair_00000752_cond_02_2p,mpair_00000752,eval,2,"QED,TPSA",CC[C@H]1CCC(=O)N2[C@H](Cc3c[nH]c4ccccc34)CO[C@H]12,COC(=O)C[C@@H]1CC(=O)N2[C@H](Cc3c[nH]c4ccccc34)CO[C@@H]2C1,CC[C@H]1CCC(=O)N2[C@H](Cc3c[nH]c4ccccc34)CO[C@H]12,O=C1CCC[C@H]2OC[C@@H](Cc3c[nH]c4ccccc34)N12,O=C1CCC[C@H]2OC[C@@H](Cc3c[nH]c4ccccc34)N12,True,False,False,source_identity,1.0,0.5072463768115942,,,,,,,,,0.8651865286551231,0.9461815070706311,0.08099497841550796,True,71.63000000000001,45.33,26.30000000000001,False,,,,,,,,,,,,
scaffold_property_retrieval,mpair_00000756_cond_00_2p,mpair_00000756,eval,2,"LogP,QED",Clc1cccc(-c2cncc(O[C@@H]3CCNC3)c2)c1,Clc1cccc(-c2cc(O[C@@H]3CCNC3)cnc2Cl)c1,Clc1cccc(-c2cncc(O[C@@H]3CCNC3)c2)c1,c1ccc(-c2cncc(O[C@@H]3CCNC3)c2)cc1,c1ccc(-c2cncc(O[C@@H]3CCNC3)c2)cc1,True,True,True,source_identity,1.0,0.68,,,,,3.796100000000002,3.1427000000000014,0.6534000000000004,True,0.8758671086324237,0.9336391660075258,0.05777205737510216,True,,,,,,,,,,,,,,,,
scaffold_property_retrieval,mpair_00000758_cond_00_2p,mpair_00000758,eval,2,"HBA,RB",Clc1cccc(-c2cncc(O[C@@H]3CCNC3)c2)c1,COc1cccc(-c2cncc(O[C@@H]3CCNC3)c2)c1,Clc1cccc(-c2cncc(O[C@@H]3CCNC3)c2)c1,c1ccc(-c2cncc(O[C@@H]3CCNC3)c2)cc1,c1ccc(-c2cncc(O[C@@H]3CCNC3)c2)cc1,True,True,True,source_identity,1.0,0.7446808510638298,,,,,,,,,,,,,,,,,,,,,4.0,3.0,1.0,True,4.0,3.0,1.0,True
scaffold_property_retrieval,mpair_00000760_cond_00_2p,mpair_00000760,eval,2,"MW,LogP",Clc1cccc(-c2cc(O[C@@H]3CCNC3)cnc2Cl)c1,c1ccc(-c2cncc(O[C@@H]3CCNC3)c2)cc1,Clc1cccc(-c2cc(O[C@@H]3CCNC3)cnc2Cl)c1,c1ccc(-c2cncc(O[C@@H]3CCNC3)c2)cc1,c1ccc(-c2cncc(O[C@@H]3CCNC3)c2)cc1,True,False,False,source_identity,1.0,0.5192307692307693,240.30599999999998,309.196,68.89000000000004,False,2.4893,3.796100000000002,1.3068000000000017,False,,,,,,,,,,,,,,,,,,,,
scaffold_property_retrieval,mpair_00000761_cond_02_2p,mpair_00000761,eval,2,"HBA,RB",c1ccc(-c2cncc(O[C@@H]3CCNC3)c2)cc1,COc1cccc(-c2cncc(O[C@@H]3CCNC3)c2)c1,c1ccc(-c2cncc(O[C@@H]3CCNC3)c2)cc1,c1ccc(-c2cncc(O[C@@H]3CCNC3)c2)cc1,c1ccc(-c2cncc(O[C@@H]3CCNC3)c2)cc1,True,True,True,source_identity,1.0,0.75,,,,,,,,,,,,,,,,,,,,,4.0,3.0,1.0,True,4.0,3.0,1.0,True
scaffold_property_retrieval,mpair_00000764_cond_01_2p,mpair_00000764,eval,2,"LogP,QED",Clc1cccc(-c2cc(O[C@@H]3CCNC3)cnc2Cl)c1,Clc1cccc(-c2cncc(O[C@@H]3CCNC3)c2)c1,Clc1cccc(-c2cc(O[C@@H]3CCNC3)cnc2Cl)c1,c1ccc(-c2cncc(O[C@@H]3CCNC3)c2)cc1,c1ccc(-c2cncc(O[C@@H]3CCNC3)c2)cc1,True,True,True,source_identity,1.0,0.68,,,,,3.1427000000000014,3.796100000000002,0.6534000000000004,True,0.9336391660075258,0.8758671086324237,0.05777205737510216,True,,,,,,,,,,,,,,,,
scaffold_property_retrieval,mpair_00001114_cond_02_2p,mpair_00001114,eval,2,"QED,HBD",COc1ccc(N2CCN(CCC3NC(=O)c4ccccc43)CC2)cc1,COc1ccc(N2CCN(CCC3c4ccccc4C(=O)N3C)CC2)cc1,COc1ccc(N2CCN(CCC3NC(=O)c4ccccc43)CC2)cc1,O=C1NC(CCN2CCN(c3ccccc3)CC2)c2ccccc21,O=C1NC(CCN2CCN(c3ccccc3)CC2)c2ccccc21,True,True,True,source_identity,1.0,0.6545454545454545,,,,,,,,,0.8160326048332845,0.8996022198661571,0.08356961503287252,True,,,,,0.0,1.0,1.0,True,,,,,,,,
scaffold_property_retrieval,mpair_00001118_cond_02_2p,mpair_00001118,eval,2,"HBD,RB",Cc1ccc(N2CCN(CCC3NC(=O)c4ccccc43)CC2)cc1C,COc1ccc(N2CCN(CCC3c4ccccc4C(=O)N3C)CC2)cc1,Cc1ccc(N2CCN(CCC3NC(=O)c4ccccc43)CC2)cc1C,O=C1NC(CCN2CCN(c3ccccc3)CC2)c2ccccc21,O=C1NC(CCN2CCN(c3ccccc3)CC2)c2ccccc21,True,True,True,source_identity,1.0,0.4444444444444444,,,,,,,,,,,,,,,,,0.0,1.0,1.0,True,,,,,5.0,4.0,1.0,True
scaffold_property_retrieval,mpair_00001120_cond_01_2p,mpair_00001120,eval,2,"QED,HBD",CN1C(=O)c2ccccc2C1CCN1CCN(c2ccc(Cl)cc2)CC1,Cc1ccc(N2CCN(CCC3NC(=O)c4ccccc43)CC2)cc1C,CN1C(=O)c2ccccc2C1CCN1CCN(c2ccc(Cl)cc2)CC1,O=C1NC(CCN2CCN(c3ccccc3)CC2)c2ccccc21,O=C1NC(CCN2CCN(c3ccccc3)CC2)c2ccccc21,True,True,True,source_identity,1.0,0.45901639344262296,,,,,,,,,0.9198864151307602,0.8221231339252668,0.09776328120549338,True,,,,,1.0,0.0,1.0,True,,,,,,,,
scaffold_property_retrieval,mpair_00001122_cond_00_2p,mpair_00001122,eval,2,"QED,HBD",COc1ccc(N2CCN(CCC3c4ccccc4C(=O)N3C)CC2)cc1,COc1ccc(N2CCN(CCC3NC(=O)c4ccccc43)CC2)cc1,COc1ccc(N2CCN(CCC3c4ccccc4C(=O)N3C)CC2)cc1,O=C1NC(CCN2CCN(c3ccccc3)CC2)c2ccccc21,O=C1NC(CCN2CCN(c3ccccc3)CC2)c2ccccc21,True,True,True,source_identity,1.0,0.6545454545454545,,,,,,,,,0.8996022198661571,0.8160326048332845,0.08356961503287252,True,,,,,1.0,0.0,1.0,True,,,,,,,,
scaffold_property_retrieval,mpair_00001124_cond_02_2p,mpair_00001124,eval,2,"LogP,RB",COc1ccc(N2CCN(CCC3NC(=O)c4ccccc43)CC2)cc1,Cc1ccc(N2CCN(CCC3NC(=O)c4ccccc43)CC2)cc1C,COc1ccc(N2CCN(CCC3NC(=O)c4ccccc43)CC2)cc1,O=C1NC(CCN2CCN(c3ccccc3)CC2)c2ccccc21,O=C1NC(CCN2CCN(c3ccccc3)CC2)c2ccccc21,True,True,True,source_identity,1.0,0.7037037037037037,,,,,3.3002400000000023,2.692000000000001,0.6082400000000012,True,,,,,,,,,,,,,,,,,4.0,5.0,1.0,True
scaffold_property_retrieval,mpair_00001128_cond_01_2p,mpair_00001128,eval,2,"LogP,HBA",CN1C(=O)c2ccccc2C1CCN1CCN(c2ccc(Cl)cc2)CC1,COc1ccc(N2CCN(CCC3c4ccccc4C(=O)N3C)CC2)cc1,CN1C(=O)c2ccccc2C1CCN1CCN(c2ccc(Cl)cc2)CC1,O=C1NC(CCN2CCN(c3ccccc3)CC2)c2ccccc21,O=C1NC(CCN2CCN(c3ccccc3)CC2)c2ccccc21,True,True,True,source_identity,1.0,0.76,,,,,3.034200000000002,3.679000000000003,0.6448000000000009,True,,,,,,,,,,,,,4.0,3.0,1.0,True,,,,
scaffold_property_retrieval,mpair_00001130_cond_00_2p,mpair_00001130,eval,2,"HBA,RB",COc1ccc(N2CCN(CCC3c4ccccc4C(=O)N3C)CC2)cc1,CN1C(=O)c2ccccc2C1CCN1CCN(c2ccc(Cl)cc2)CC1,COc1ccc(N2CCN(CCC3c4ccccc4C(=O)N3C)CC2)cc1,O=C1NC(CCN2CCN(c3ccccc3)CC2)c2ccccc21,O=C1NC(CCN2CCN(c3ccccc3)CC2)c2ccccc21,True,True,True,source_identity,1.0,0.76,,,,,,,,,,,,,,,,,,,,,3.0,4.0,1.0,True,4.0,5.0,1.0,True
scaffold_property_retrieval,mpair_00001134_cond_00_2p,mpair_00001134,eval,2,"MW,LogP",FC(F)(F)c1cccc(N2CCN(c3nc4ccsc4n4cccc34)CC2)c1,Fc1ccc(N2CCN(c3nc4ccsc4n4cccc34)CC2)cc1,Clc1ccc(N2CCN(c3nc4ccsc4n4cccc34)CC2)cc1,c1ccc(N2CCN(c3nc4ccsc4n4cccc34)CC2)cc1,c1ccc(N2CCN(c3nc4ccsc4n4cccc34)CC2)cc1,True,True,True,,0.6363636363636364,0.7872340425531915,352.43800000000016,368.89300000000014,16.454999999999984,True,4.014700000000003,4.5290000000000035,0.5143000000000004,True,,,,,,,,,,,,,,,,,,,,
scaffold_property_retrieval,mpair_00001616_cond_01_2p,mpair_00001616,eval,2,"QED,TPSA",CC1CC(C)(C)Nc2ccc3c(c21)COc1c-3cc(F)cc1[N+](=O)[O-],CC1CC(C)(C)Nc2ccc3c(c21)COc1c(F)cc(F)cc1-3,CC1CC(C)(C)Nc2ccc3c(c21)COc1c-3cc(F)cc1[N+](=O)[O-],c1ccc2c(c1)OCc1c-2ccc2c1CCCN2,c1ccc2c(c1)OCc1c-2ccc2c1CCCN2,True,False,False,source_identity,1.0,0.7321428571428571,,,,,,,,,0.719238819171056,0.5855235809891088,0.1337152381819472,False,21.259999999999998,64.39999999999999,43.13999999999999,False,,,,,,,,,,,,
scaffold_property_retrieval,mpair_00001633_cond_02_2p,mpair_00001633,eval,2,"MW,QED",C=CCC1(C(C)C#CCC)C(=O)NC(=O)N(C)C1=O,C=C(Br)CC1(C(C)C)C(=O)NC(=O)N(C)C1=O,CCC(C)C1(CC)C(=O)NC(=O)NC1=O,O=C1CC(=O)NC(=O)N1,O=C1CC(=O)NC(=O)N1,True,False,False,,0.2708333333333333,0.27906976744186046,303.15600000000006,212.249,90.90700000000007,False,,,,,0.8059749860896003,0.6791427219817272,0.12683226410787307,False,,,,,,,,,,,,,,,,
scaffold_property_retrieval,mpair_00002258_cond_01_2p,mpair_00002258,eval,2,"LogP,QED",Cc1cccc(C)c1NC(=O)c1c(C)n(-c2c(C)cccc2C)c(C)cc1=O,Cc1ccccc1NC(=O)c1c(C)n(-c2ccccc2C)c(C)cc1=O,Cc1c(Br)c(=O)c(C(=O)Nc2ccccc2)c(C)n1-c1ccccc1,O=C(Nc1ccccc1)c1cn(-c2ccccc2)ccc1=O,O=C(Nc1ccccc1)c1cn(-c2ccccc2)ccc1=O,True,True,True,,0.34545454545454546,0.35714285714285715,,,,,4.3234800000000035,4.469140000000003,0.14565999999999946,True,0.7675628277357767,0.709239916031685,0.05832291170409165,True,,,,,,,,,,,,,,,,
scaffold_property_retrieval,mpair_00002371_cond_00_2p,mpair_00002371,eval,2,"QED,HBD",Cn1cc(C(=O)c2ccc(-n3ccnc3)cc2)cc1/C=C/C(=O)O,CCOC(=O)/C=C/c1cc(C(=O)c2ccc(-n3ccnc3)cc2)cn1C,Cn1cc(C(=O)c2ccc(-n3ccnc3)cc2)cc1/C=C/C(=O)O,O=C(c1ccc(-n2ccnc2)cc1)c1cc[nH]c1,O=C(c1ccc(-n2ccnc2)cc1)c1cc[nH]c1,True,False,False,source_identity,1.0,0.7454545454545455,,,,,,,,,0.3897342663180413,0.5785260949639057,0.1887918286458644,False,,,,,0.0,1.0,1.0,True,,,,,,,,
scaffold_property_retrieval,mpair_00002373_cond_00_2p,mpair_00002373,eval,2,"HBA,RB",CCCCCNC(=O)Nc1c(C)cccc1SCCCn1cnc(-c2ccccc2)c1C,CCCCCNC(=O)Nc1c(SCCCn2cnc(-c3ccccc3)c2C)cccc1N(C)C,CCCCCNC(=O)Nc1c(C)cccc1SCCCn1cnc(-c2ccccc2)c1C,c1ccc(SCCCn2cnc(-c3ccccc3)c2)cc1,c1ccc(SCCCn2cnc(-c3ccccc3)c2)cc1,True,True,True,source_identity,1.0,0.8208955223880597,,,,,,,,,,,,,,,,,,,,,5.0,4.0,1.0,True,12.0,11.0,1.0,True
scaffold_property_retrieval,mpair_00002462_cond_01_2p,mpair_00002462,eval,2,"QED,HBA",COc1cc(NC(=O)c2cc(OCCCN(C)C)nn2Cc2ccccc2)cc(OC)c1OC,COc1ccc(NC(=O)c2cc(OCCCN(C)C)nn2Cc2ccccc2)cc1,COc1cc(NC(=O)c2cc(OCCCN(C)C)nn2Cc2ccccc2)cc(OC)c1OC,O=C(Nc1ccccc1)c1ccnn1Cc1ccccc1,O=C(Nc1ccccc1)c1ccnn1Cc1ccccc1,True,False,False,source_identity,1.0,0.7741935483870968,,,,,,,,,0.5200250404910086,0.4069700768443977,0.11305496364661094,False,,,,,,,,,6.0,8.0,2.0,False,,,,
scaffold_property_retrieval,mpair_00002466_cond_02_2p,mpair_00002466,eval,2,"HBA,RB",CN(C)CCCOc1cc(C(=O)Nc2ccc(Cl)cc2F)n(Cc2ccccc2)n1,CN(C)CCCOc1cc(C(=O)Nc2ccc(OC(F)(F)F)cc2)n(Cc2ccccc2)n1,CN(C)CCCOc1cc(C(=O)Nc2ccc(Cl)cc2F)n(Cc2ccccc2)n1,O=C(Nc1ccccc1)c1ccnn1Cc1ccccc1,O=C(Nc1ccccc1)c1ccnn1Cc1ccccc1,True,True,True,source_identity,1.0,0.6428571428571429,,,,,,,,,,,,,,,,,,,,,6.0,5.0,1.0,True,10.0,9.0,1.0,True
scaffold_property_retrieval,mpair_00002472_cond_00_2p,mpair_00002472,eval,2,"QED,RB",COc1ccc(NC(=O)c2cc(OCCCN(C)C)nn2Cc2ccccc2)cc1,CN(C)CCCOc1cc(C(=O)Nc2cc(F)cc(C(F)(F)F)c2)n(Cc2ccccc2)n1,COc1ccc(NC(=O)c2cc(OCCCN(C)C)nn2Cc2ccccc2)cc1,O=C(Nc1ccccc1)c1ccnn1Cc1ccccc1,O=C(Nc1ccccc1)c1ccnn1Cc1ccccc1,True,False,False,source_identity,1.0,0.6764705882352942,,,,,,,,,0.369385517709234,0.5200250404910086,0.15063952278177462,False,,,,,,,,,,,,,9.0,10.0,1.0,True
scaffold_property_retrieval,mpair_00002475_cond_02_2p,mpair_00002475,eval,2,"LogP,TPSA",CN(C)CCCOc1cc(C(=O)Nc2ccc(OC(F)(F)F)cc2)n(Cc2ccccc2)n1,COc1cc(NC(=O)c2cc(OCCCN(C)C)nn2Cc2ccccc2)cc(OC)c1OC,CN(C)CCCOc1cc(C(=O)Nc2ccc(OC(F)(F)F)cc2)n(Cc2ccccc2)n1,O=C(Nc1ccccc1)c1ccnn1Cc1ccccc1,O=C(Nc1ccccc1)c1ccnn1Cc1ccccc1,True,True,True,source_identity,1.0,0.6764705882352942,,,,,3.5400000000000027,4.412800000000003,0.8728000000000007,True,,,,,87.08000000000001,68.62,18.460000000000008,True,,,,,,,,,,,,
scaffold_property_retrieval,mpair_00002480_cond_01_2p,mpair_00002480,eval,2,"MW,QED",CN(C)CCCOc1cc(C(=O)Nc2cc(F)cc(C(F)(F)F)c2)n(Cc2ccccc2)n1,CN(C)CCCOc1cc(C(=O)Nc2cccc(Cl)c2)n(Cc2ccccc2)n1,CN(C)CCCOc1cc(C(=O)Nc2cc(F)cc(C(F)(F)F)c2)n(Cc2ccccc2)n1,O=C(Nc1ccccc1)c1ccnn1Cc1ccccc1,O=C(Nc1ccccc1)c1ccnn1Cc1ccccc1,True,False,False,source_identity,1.0,0.6764705882352942,412.9210000000001,464.4630000000001,51.54199999999997,False,,,,,0.5357556879239462,0.369385517709234,0.16637017021471223,False,,,,,,,,,,,,,,,,
scaffold_property_retrieval,mpair_00002483_cond_01_2p,mpair_00002483,eval,2,"LogP,HBA",COc1cc(NC(=O)c2cc(OCCCN(C)C)nn2Cc2ccccc2)cc(OC)c1OC,CN(C)CCCOc1cc(C(=O)Nc2ccc(OC(F)(F)F)cc2)n(Cc2ccccc2)n1,COc1cc(NC(=O)c2cc(OCCCN(C)C)nn2Cc2ccccc2)cc(OC)c1OC,O=C(Nc1ccccc1)c1ccnn1Cc1ccccc1,O=C(Nc1ccccc1)c1ccnn1Cc1ccccc1,True,False,False,source_identity,1.0,0.6764705882352942,,,,,4.412800000000003,3.5400000000000027,0.8728000000000007,True,,,,,,,,,,,,,6.0,8.0,2.0,False,,,,
scaffold_property_retrieval,mpair_00002487_cond_00_2p,mpair_00002487,eval,2,"QED,HBA",CN(C)CCCOc1cc(C(=O)Nc2ccc(OC(F)(F)F)cc2)n(Cc2ccccc2)n1,CN(C)CCCOc1cc(C(=O)Nc2cc(F)cc(C(F)(F)F)c2)n(Cc2ccccc2)n1,CN(C)CCCOc1cc(C(=O)Nc2ccc(OC(F)(F)F)cc2)n(Cc2ccccc2)n1,O=C(Nc1ccccc1)c1ccnn1Cc1ccccc1,O=C(Nc1ccccc1)c1ccnn1Cc1ccccc1,True,True,True,source_identity,1.0,0.7101449275362319,,,,,,,,,0.369385517709234,0.4522382232340766,0.08285270552484258,True,,,,,,,,,5.0,6.0,1.0,True,,,,
scaffold_property_retrieval,mpair_00002490_cond_02_2p,mpair_00002490,eval,2,"LogP,HBA",CCOC(=O)c1cc(C(C)O)cn1S(=O)(=O)c1cc(Cl)ccc1N,C=Cc1cc(C(=O)OCC)n(S(=O)(=O)c2cc(Cl)ccc2N)c1,N/C(S)=N/N=C/c1cccn1S(=O)(=O)c1ccccc1,O=S(=O)(c1ccccc1)n1cccc1,O=S(=O)(c1ccccc1)n1cccc1,True,False,False,,0.14473684210526316,0.16,,,,,2.7804,1.3035,1.4769,False,,,,,,,,,,,,,6.0,5.0,1.0,True,,,,
scaffold_property_retrieval,mpair_00002494_cond_02_2p,mpair_00002494,eval,2,"MW,LogP",O=C1C(Nc2ccccc2)=C(Cl)C(=O)c2ncncc21,O=C1C(Nc2cccc(Br)c2)=C(Cl)C(=O)c2ncncc21,O=C1C(Nc2cccc(Cl)c2)=C(Cl)C(=O)c2ncncc21,O=C1C(Nc2ccccc2)=CC(=O)c2ncncc21,O=C1C(Nc2ccccc2)=CC(=O)c2ncncc21,True,False,False,,0.7619047619047619,0.7777777777777778,364.58600000000007,320.135,44.45100000000008,False,3.180600000000001,3.0715000000000003,0.10910000000000064,True,,,,,,,,,,,,,,,,,,,,
scaffold_property_retrieval,mpair_00002496_cond_01_2p,mpair_00002496,eval,2,"MW,LogP",O=C1C(Nc2ccccc2)=C(Cl)C(=O)c2ncncc21,O=C1C(Nc2ccc(Br)cc2)=C(Cl)C(=O)c2ncncc21,O=C1C(Nc2cccc(Cl)c2)=C(Cl)C(=O)c2ncncc21,O=C1C(Nc2ccccc2)=CC(=O)c2ncncc21,O=C1C(Nc2ccccc2)=CC(=O)c2ncncc21,True,False,False,,0.7619047619047619,0.6521739130434783,364.58600000000007,320.135,44.45100000000008,False,3.180600000000001,3.0715000000000003,0.10910000000000064,True,,,,,,,,,,,,,,,,,,,,
scaffold_property_retrieval,mpair_00002499_cond_00_2p,mpair_00002499,eval,2,"MW,LogP",O=C1C(Nc2cccc(Br)c2)=C(Cl)C(=O)c2ncncc21,O=C1C(Nc2ccccc2)=C(Cl)C(=O)c2ncncc21,Cc1ccc(NC2=C(Cl)C(=O)c3ncncc3C2=O)cc1,O=C1C(Nc2ccccc2)=CC(=O)c2ncncc21,O=C1C(Nc2ccccc2)=CC(=O)c2ncncc21,True,True,True,,0.625,0.7560975609756098,285.69,299.71700000000004,14.027000000000044,True,2.4181,2.7265200000000007,0.3084200000000008,True,,,,,,,,,,,,,,,,,,,,
scaffold_property_retrieval,mpair_00002501_cond_02_2p,mpair_00002501,eval,2,"LogP,RB",CCc1ccc(NC2=C(Cl)C(=O)c3ncncc3C2=O)cc1,O=C1C(Nc2ccccc2)=C(Cl)C(=O)c2ncncc21,Cc1ccc(NC2=C(Cl)C(=O)c3ncncc3C2=O)cc1,O=C1C(Nc2ccccc2)=CC(=O)c2ncncc21,O=C1C(Nc2ccccc2)=CC(=O)c2ncncc21,True,True,True,,0.75,0.7560975609756098,,,,,2.4181,2.7265200000000007,0.3084200000000008,True,,,,,,,,,,,,,,,,,2.0,2.0,0.0,True
scaffold_property_retrieval,mpair_00002504_cond_02_2p,mpair_00002504,eval,2,"HBA,RB",COc1ccc(C(=O)CN2c3ccccc3C(=O)N(Cc3ccccc3)S2(=O)=O)cc1,Cc1ccc(C(=O)CN2c3ccccc3C(=O)N(Cc3ccccc3)S2(=O)=O)cc1,COc1ccc(C(=O)CN2c3ccccc3C(=O)N(Cc3ccccc3)S2(=O)=O)cc1,O=C(CN1c2ccccc2C(=O)N(Cc2ccccc2)S1(=O)=O)c1ccccc1,O=C(CN1c2ccccc2C(=O)N(Cc2ccccc2)S1(=O)=O)c1ccccc1,True,True,True,source_identity,1.0,0.7843137254901961,,,,,,,,,,,,,,,,,,,,,4.0,5.0,1.0,True,5.0,6.0,1.0,True
scaffold_property_retrieval,mpair_00002507_cond_01_2p,mpair_00002507,eval,2,"QED,RB",O=C(CN1c2ccccc2C(=O)N(Cc2ccccc2)S1(=O)=O)c1ccccc1,COc1ccc(C(=O)CN2c3ccccc3C(=O)N(Cc3ccccc3)S2(=O)=O)cc1,O=C(CN1c2ccccc2C(=O)N(Cc2ccccc2)S1(=O)=O)c1ccccc1,O=C(CN1c2ccccc2C(=O)N(Cc2ccccc2)S1(=O)=O)c1ccccc1,O=C(CN1c2ccccc2C(=O)N(Cc2ccccc2)S1(=O)=O)c1ccccc1,True,True,True,source_identity,1.0,0.7916666666666666,,,,,,,,,0.5539335722556151,0.6096951629926923,0.055761590737077205,True,,,,,,,,,,,,,6.0,5.0,1.0,True
scaffold_property_retrieval,mpair_00002516_cond_00_2p,mpair_00002516,eval,2,"LogP,TPSA",CSc1cc(-c2ccc(Cl)cc2)oc(=O)c1Br,CSc1cc(-c2ccc(Br)cc2)oc(=O)c1C#N,CSc1cc(-c2ccc(F)cc2)oc(=O)c1,O=c1cccc(-c2ccccc2)o1,O=c1cccc(-c2ccccc2)o1,True,False,False,,0.3695652173913043,0.3469387755102041,,,,,3.662880000000002,3.1678000000000024,0.49507999999999974,True,,,,,54.0,30.21,23.79,False,,,,,,,,,,,,
scaffold_property_retrieval,mpair_00002520_cond_01_2p,mpair_00002520,eval,2,"QED,TPSA",CSc1cc(-c2ccc(Br)cc2)oc(=O)c1C#N,CCOC(=O)c1c(SC)c(C#N)c(-c2ccc(Br)cc2)oc1=O,CSc1cc(-c2ccc(F)cc2)oc(=O)c1,O=c1cccc(-c2ccccc2)o1,O=c1cccc(-c2ccccc2)o1,True,False,False,,0.3469387755102041,0.203125,,,,,,,,,0.5791804088529054,0.7501191134076561,0.1709387045547507,False,80.30000000000001,30.21,50.09000000000001,False,,,,,,,,,,,,
scaffold_property_retrieval,mpair_00002530_cond_01_2p,mpair_00002530,eval,2,"MW,LogP",CSc1cc(-c2ccc(Cl)cc2)oc(=O)c1,CSc1cc(-c2ccc(Cl)cc2)oc(=O)c1Br,CSc1cc(-c2ccc(F)cc2)oc(=O)c1,O=c1cccc(-c2ccccc2)o1,O=c1cccc(-c2ccccc2)o1,True,False,False,,0.7142857142857143,0.3695652173913043,331.61799999999994,236.26699999999997,95.35099999999997,False,4.444600000000001,3.1678000000000024,1.2767999999999988,False,,,,,,,,,,,,,,,,,,,,
scaffold_property_retrieval,mpair_00002538_cond_01_2p,mpair_00002538,eval,2,"MW,LogP",CSc1cc(-c2ccc(Br)cc2)oc(=O)c1Cl,CSc1cc(-c2ccc(Cl)cc2)oc(=O)c1,CSc1cc(-c2ccc(F)cc2)oc(=O)c1,O=c1cccc(-c2ccccc2)o1,O=c1cccc(-c2ccccc2)o1,True,True,True,,0.3695652173913043,0.7142857142857143,252.72199999999998,236.26699999999997,16.455000000000013,True,3.682100000000002,3.1678000000000024,0.5142999999999995,True,,,,,,,,,,,,,,,,,,,,
scaffold_property_retrieval,mpair_00002548_cond_00_2p,mpair_00002548,eval,2,"MW,LogP",CSc1cc(-c2ccc(Cl)cc2)oc(=O)c1,CSc1cc(-c2ccc(Br)cc2)oc(=O)c1Cl,CSc1cc(-c2ccc(F)cc2)oc(=O)c1,O=c1cccc(-c2ccccc2)o1,O=c1cccc(-c2ccccc2)o1,True,False,False,,0.7142857142857143,0.3695652173913043,331.61800000000005,236.26699999999997,95.35100000000008,False,4.444600000000002,3.1678000000000024,1.2767999999999997,False,,,,,,,,,,,,,,,,,,,,
scaffold_property_retrieval,mpair_00002556_cond_02_2p,mpair_00002556,eval,2,"MW,QED",CN(C(=O)n1nc(-c2ccc(Cl)cc2)nc1SCC(F)(F)F)c1ccccc1,CSc1nc(-c2ccc(Cl)cc2)nn1C(=O)N(C)c1ccccc1,CN(C(=O)n1nc(-c2ccc(Cl)cc2)nc1SCC(F)(F)F)c1ccccc1,O=C(Nc1ccccc1)n1cnc(-c2ccccc2)n1,O=C(Nc1ccccc1)n1cnc(-c2ccccc2)n1,True,False,False,source_identity,1.0,0.7222222222222222,358.85400000000004,426.8510000000001,67.99700000000007,False,,,,,0.6499636794176425,0.5270344401044634,0.12292923931317912,False,,,,,,,,,,,,,,,,
scaffold_property_retrieval,mpair_00002560_cond_00_2p,mpair_00002560,eval,2,"QED,RB",CSc1nc(-c2ccc(Cl)cc2)nn1C(=O)N(C)c1ccccc1,CSc1nc(-c2ccc(OC(F)(F)F)cc2)nn1C(=O)N(C)c1ccccc1,CSc1nc(-c2ccc(Cl)cc2)nn1C(=O)N(C)c1ccccc1,O=C(Nc1ccccc1)n1cnc(-c2ccccc2)n1,O=C(Nc1ccccc1)n1cnc(-c2ccccc2)n1,True,True,True,source_identity,1.0,0.7037037037037037,,,,,,,,,0.5874043626188404,0.6499636794176425,0.06255931679880211,True,,,,,,,,,,,,,4.0,3.0,1.0,True
scaffold_property_retrieval,mpair_00002562_cond_02_2p,mpair_00002562,eval,2,"LogP,RB",CSc1nc(-c2ccc(Cl)cc2)nn1C(=O)N(C)c1ccccc1,CN(C(=O)n1nc(-c2ccc(Cl)cc2)nc1SCC(F)(F)F)c1ccccc1,CSc1nc(-c2ccc(Cl)cc2)nn1C(=O)N(C)c1ccccc1,O=C(Nc1ccccc1)n1cnc(-c2ccccc2)n1,O=C(Nc1ccccc1)n1cnc(-c2ccccc2)n1,True,True,True,source_identity,1.0,0.7222222222222222,,,,,5.357400000000003,4.424900000000004,0.9324999999999992,True,,,,,,,,,,,,,,,,,4.0,3.0,1.0,True
scaffold_property_retrieval,mpair_00002566_cond_00_2p,mpair_00002566,eval,2,"HBD,RB",COc1cc(C(=O)N2CCN(C(=O)c3cc(OC)c(OC)c(OC)c3)C(COC(=O)CC(C)(C)C)C2)cc(OC)c1OC,COc1cc(C(=O)N2CCN(C(=O)c3cc(OC)c(OC)c(OC)c3)C(COC(=O)NCCC(C)C)C2)cc(OC)c1OC,COc1cc(C(=O)N2CCN(C(=O)c3cc(OC)c(OC)c(OC)c3)C(COC(=O)CC(C)(C)C)C2)cc(OC)c1OC,O=C(c1ccccc1)N1CCN(C(=O)c2ccccc2)CC1,O=C(c1ccccc1)N1CCN(C(=O)c2ccccc2)CC1,True,False,False,source_identity,1.0,0.6451612903225806,,,,,,,,,,,,,,,,,1.0,0.0,1.0,True,,,,,13.0,11.0,2.0,False
scaffold_property_retrieval,mpair_00002567_cond_02_2p,mpair_00002567,eval,2,"HBD,RB",COc1cc(C(=O)N2CCN(C(=O)c3cc(OC)c(OC)c(OC)c3)C(COC(=O)NCCC(C)C)C2)cc(OC)c1OC,CCN(CC)C(=O)OCC1CN(C(=O)c2cc(OC)c(OC)c(OC)c2)CCN1C(=O)c1cc(OC)c(OC)c(OC)c1,COc1cc(C(=O)N2CCN(C(=O)c3cc(OC)c(OC)c(OC)c3)C(COC(=O)NCCC(C)C)C2)cc(OC)c1OC,O=C(c1ccccc1)N1CCN(C(=O)c2ccccc2)CC1,O=C(c1ccccc1)N1CCN(C(=O)c2ccccc2)CC1,True,True,True,source_identity,1.0,0.6451612903225806,,,,,,,,,,,,,,,,,0.0,1.0,1.0,True,,,,,12.0,13.0,1.0,True
scaffold_property_retrieval,mpair_00002571_cond_02_2p,mpair_00002571,eval,2,"HBD,RB",CCN(CC)C(=O)OCC1CN(C(=O)c2cc(OC)c(OC)c(OC)c2)CCN1C(=O)c1cc(OC)c(OC)c(OC)c1,COc1cc(C(=O)N2CCN(C(=O)c3cc(OC)c(OC)c(OC)c3)C(COC(=O)NCCC(C)C)C2)cc(OC)c1OC,CCN(CC)C(=O)OCC1CN(C(=O)c2cc(OC)c(OC)c(OC)c2)CCN1C(=O)c1cc(OC)c(OC)c(OC)c1,O=C(c1ccccc1)N1CCN(C(=O)c2ccccc2)CC1,O=C(c1ccccc1)N1CCN(C(=O)c2ccccc2)CC1,True,True,True,source_identity,1.0,0.6451612903225806,,,,,,,,,,,,,,,,,1.0,0.0,1.0,True,,,,,13.0,12.0,1.0,True
scaffold_property_retrieval,mpair_00002574_cond_02_2p,mpair_00002574,eval,2,"LogP,RB",COc1cc(C(=O)N2CCN(C(=O)c3cc(OC)c(OC)c(OC)c3)C(COC(=O)CC(C)(C)C)C2)cc(OC)c1OC,CCN(CC)C(=O)OCC1CN(C(=O)c2cc(OC)c(OC)c(OC)c2)CCN1C(=O)c1cc(OC)c(OC)c(OC)c1,COc1cc(C(=O)N2CCN(C(=O)c3cc(OC)c(OC)c(OC)c3)C(COC(=O)CC(C)(C)C)C2)cc(OC)c1OC,O=C(c1ccccc1)N1CCN(C(=O)c2ccccc2)CC1,O=C(c1ccccc1)N1CCN(C(=O)c2ccccc2)CC1,True,True,True,source_identity,1.0,0.6896551724137931,,,,,3.1834000000000024,3.684400000000003,0.5010000000000003,True,,,,,,,,,,,,,,,,,12.0,11.0,1.0,True
scaffold_property_retrieval,mpair_00002577_cond_01_2p,mpair_00002577,eval,2,"HBD,RB",COc1cc(C(=O)N2CCN(C(=O)c3cc(OC)c(OC)c(OC)c3)C(COC(=O)NCCC(C)C)C2)cc(OC)c1OC,COc1cc(C(=O)N2CCN(C(=O)c3cc(OC)c(OC)c(OC)c3)C(COC(=O)CC(C)(C)C)C2)cc(OC)c1OC,COc1cc(C(=O)N2CCN(C(=O)c3cc(OC)c(OC)c(OC)c3)C(COC(=O)NCCC(C)C)C2)cc(OC)c1OC,O=C(c1ccccc1)N1CCN(C(=O)c2ccccc2)CC1,O=C(c1ccccc1)N1CCN(C(=O)c2ccccc2)CC1,True,False,False,source_identity,1.0,0.6451612903225806,,,,,,,,,,,,,,,,,0.0,1.0,1.0,True,,,,,11.0,13.0,2.0,False
scaffold_property_retrieval,mpair_00002582_cond_02_2p,mpair_00002582,eval,2,"MW,LogP",COc1cc(C(=O)N2CCN(C(=O)c3cc(OC)c(OC)c(OC)c3)C(COC(C)=O)C2)cc(OC)c1OC,CCN(CC)C(=O)OCC1CN(C(=O)c2cc(OC)c(OC)c(OC)c2)CCN1C(=O)c1cc(OC)c(OC)c(OC)c1,COc1cc(C(=O)N2CCN(C(=O)c3cc(OC)c(OC)c(OC)c3)C(COC(C)=O)C2)cc(OC)c1OC,O=C(c1ccccc1)N1CCN(C(=O)c2ccccc2)CC1,O=C(c1ccccc1)N1CCN(C(=O)c2ccccc2)CC1,True,False,False,source_identity,1.0,0.7547169811320755,603.6690000000003,546.5730000000003,57.096000000000004,False,3.1834000000000024,2.2681000000000004,0.915300000000002,True,,,,,,,,,,,,,,,,,,,,
scaffold_property_retrieval,mpair_00002589_cond_02_2p,mpair_00002589,eval,2,"MW,QED",COc1cc(C(=O)N2CCN(C(=O)c3cc(OC)c(OC)c(OC)c3)C(CO)C2)cc(OC)c1OC,CCN(CC)C(=O)OCC1CN(C(=O)c2cc(OC)c(OC)c(OC)c2)CCN1C(=O)c1cc(OC)c(OC)c(OC)c1,COc1cc(C(=O)N2CCN(C(=O)c3cc(OC)c(OC)c(OC)c3)C(CO)C2)cc(OC)c1OC,O=C(c1ccccc1)N1CCN(C(=O)c2ccccc2)CC1,O=C(c1ccccc1)N1CCN(C(=O)c2ccccc2)CC1,True,False,False,source_identity,1.0,0.6792452830188679,603.6690000000003,504.53600000000034,99.13299999999998,False,,,,,0.3571777118480848,0.544633228323374,0.18745551647528924,False,,,,,,,,,,,,,,,,
scaffold_property_retrieval,mpair_00002598_cond_01_2p,mpair_00002598,eval,2,"TPSA,HBA",COc1ccc(C(=O)Nc2c(Cl)cncc2Cl)c2ccc(C(C)=O)nc12,COc1ccc(C(=O)Nc2c(F)cncc2F)c2ccc(C(F)(F)F)nc12,COc1ccc(C(=O)Nc2c(Cl)cncc2Cl)c2ccc(C(C)=O)nc12,O=C(Nc1ccncc1)c1cccc2ncccc12,O=C(Nc1ccncc1)c1cccc2ncccc12,True,True,True,source_identity,1.0,0.55,,,,,,,,,,,,,64.11,81.17999999999999,17.069999999999993,True,,,,,4.0,5.0,1.0,True,,,,
scaffold_property_retrieval,mpair_00002600_cond_00_2p,mpair_00002600,eval,2,"LogP,RB",COc1ccc(C(=O)Nc2ccncc2Cl)c2cccnc12,CCc1ccc2c(C(=O)Nc3c(Cl)cncc3Cl)ccc(OC)c2n1,COc1ccc(C(=O)Nc2ccncc2Cl)c2cccnc12,O=C(Nc1ccncc1)c1cccc2ncccc12,O=C(Nc1ccncc1)c1cccc2ncccc12,True,False,False,source_identity,1.0,0.5,,,,,4.759900000000003,3.544100000000002,1.2158000000000007,False,,,,,,,,,,,,,,,,,4.0,3.0,1.0,True
scaffold_property_retrieval,mpair_00002603_cond_02_2p,mpair_00002603,eval,2,"TPSA,HBA",COc1ccc(C(=O)Nc2c(Cl)cncc2Cl)c2ccc(C(C)O)nc12,CCc1ccc2c(C(=O)Nc3c(Cl)cncc3Cl)ccc(OC)c2n1,COc1ccc(C(=O)Nc2c(Cl)cncc2Cl)c2ccc(C(C)O)nc12,O=C(Nc1ccncc1)c1cccc2ncccc12,O=C(Nc1ccncc1)c1cccc2ncccc12,True,False,False,source_identity,1.0,0.6964285714285714,,,,,,,,,,,,,64.11,84.34,20.230000000000004,False,,,,,4.0,5.0,1.0,True,,,,
scaffold_property_retrieval,mpair_00002608_cond_01_2p,mpair_00002608,eval,2,"MW,QED",COc1ccc(C(=O)Nc2ccncc2Cl)c2cccnc12,COc1ccc(C(=O)Nc2c(F)cncc2F)c2ccc(C(F)(F)F)nc12,COc1ccc(C(=O)Nc2ccncc2Cl)c2cccnc12,O=C(Nc1ccncc1)c1cccc2ncccc12,O=C(Nc1ccncc1)c1cccc2ncccc12,True,False,False,source_identity,1.0,0.4090909090909091,383.276,313.744,69.53199999999998,False,,,,,0.6893032571109005,0.8029165077767629,0.11361325066586248,False,,,,,,,,,,,,,,,,
scaffold_property_retrieval,mpair_00002612_cond_00_2p,mpair_00002612,eval,2,"LogP,RB",CCc1ccc2c(C(=O)Nc3c(Cl)cncc3Cl)ccc(OC)c2n1,COc1ccc(C(=O)Nc2c(F)cncc2F)c2ccc(C(F)(F)F)nc12,CCc1ccc2c(C(=O)Nc3c(Cl)cncc3Cl)ccc(OC)c2n1,O=C(Nc1ccncc1)c1cccc2ncccc12,O=C(Nc1ccncc1)c1cccc2ncccc12,True,True,True,source_identity,1.0,0.5409836065573771,,,,,4.187700000000001,4.759900000000003,0.5722000000000014,True,,,,,,,,,,,,,,,,,3.0,4.0,1.0,True
scaffold_property_retrieval,mpair_00002615_cond_01_2p,mpair_00002615,eval,2,"MW,QED",COc1ccc(C(=O)Nc2c(F)cncc2F)c2ccc(C(F)(F)F)nc12,COc1ccc(C(=O)Nc2c(Cl)cncc2Cl)c2cccnc12,COc1ccc(C(=O)Nc2c(F)cncc2F)c2ccc(C(F)(F)F)nc12,O=C(Nc1ccncc1)c1cccc2ncccc12,O=C(Nc1ccncc1)c1cccc2ncccc12,True,False,False,source_identity,1.0,0.4918032786885246,348.1890000000001,383.276,35.08699999999993,False,,,,,0.7706046174674384,0.6893032571109005,0.0813013603565379,True,,,,,,,,,,,,,,,,
scaffold_property_retrieval,mpair_00002620_cond_00_2p,mpair_00002620,eval,2,"QED,RB",CCc1ccc2c(C(=O)Nc3c(Cl)cncc3Cl)ccc(OC)c2n1,COc1ccc(C(=O)Nc2c(Cl)cncc2Cl)c2cccnc12,CCc1ccc2c(C(=O)Nc3c(Cl)cncc3Cl)ccc(OC)c2n1,O=C(Nc1ccncc1)c1cccc2ncccc12,O=C(Nc1ccncc1)c1cccc2ncccc12,True,True,True,source_identity,1.0,0.6545454545454545,,,,,,,,,0.7706046174674384,0.7131894410136064,0.057415176453831984,True,,,,,,,,,,,,,3.0,4.0,1.0,True
scaffold_property_retrieval,mpair_00002623_cond_01_2p,mpair_00002623,eval,2,"LogP,RB",COc1ccc(C(=O)Nc2c(F)cncc2F)c2ccc(C(F)(F)F)nc12,CCc1ccc2c(C(=O)Nc3c(Cl)cncc3Cl)ccc(OC)c2n1,COc1ccc(C(=O)Nc2c(F)cncc2F)c2ccc(C(F)(F)F)nc12,O=C(Nc1ccncc1)c1cccc2ncccc12,O=C(Nc1ccncc1)c1cccc2ncccc12,True,True,True,source_identity,1.0,0.5409836065573771,,,,,4.759900000000003,4.187700000000001,0.5722000000000014,True,,,,,,,,,,,,,,,,,4.0,3.0,1.0,True
scaffold_property_retrieval,mpair_00002626_cond_02_2p,mpair_00002626,eval,2,"LogP,QED",COc1ccc(C(=O)Nc2c(F)cncc2F)c2ccc(C(F)(F)F)nc12,COc1ccc(C(=O)Nc2ccncc2Cl)c2cccnc12,COc1ccc(C(=O)Nc2c(F)cncc2F)c2ccc(C(F)(F)F)nc12,O=C(Nc1ccncc1)c1cccc2ncccc12,O=C(Nc1ccncc1)c1cccc2ncccc12,True,False,False,source_identity,1.0,0.4090909090909091,,,,,3.544100000000002,4.187700000000001,0.6435999999999993,True,0.8029165077767629,0.6893032571109005,0.11361325066586248,False,,,,,,,,,,,,,,,,
scaffold_property_retrieval,mpair_00003108_cond_01_2p,mpair_00003108,eval,2,"LogP,QED",CN1CCC[C@H]1COc1ccc(Cl)nn1,CN1CCC[C@H]1COc1cccnn1,CN1CCC[C@H]1COc1ccc(Cl)nn1,c1cnnc(OC[C@@H]2CCCN2)c1,c1cnnc(OC[C@@H]2CCCN2)c1,True,True,True,source_identity,1.0,0.6511627906976745,,,,,0.9495999999999998,1.6029999999999998,0.6534,True,0.7160423680458043,0.7864914737289573,0.07044910568315299,True,,,,,,,,,,,,,,,,
scaffold_property_retrieval,mpair_00003110_cond_00_2p,mpair_00003110,eval,2,"QED,RB",CCCCc1nnc2nc(C)c(C)c(=O)n2n1,Cc1nc2nnc(C(C)(C)C)nn2c(=O)c1C,CCCCc1nnc2nc(C)c(C)c(=O)n2n1,O=c1ccnc2nncnn12,O=c1ccnc2nncnn12,True,False,False,source_identity,1.0,0.5238095238095238,,,,,,,,,0.6723856505150625,0.7849999676400611,0.11261431712499859,False,,,,,,,,,,,,,0.0,3.0,3.0,False
scaffold_property_retrieval,mpair_00003111_cond_02_2p,mpair_00003111,eval,2,"QED,RB",Cc1nc2nnc(C(C)(C)C)nn2c(=O)c1C,CCCCc1nnc2nc(C)c(C)c(=O)n2n1,Cc1nc2nnc(C(C)(C)C)nn2c(=O)c1C,O=c1ccnc2nncnn12,O=c1ccnc2nncnn12,True,False,False,source_identity,1.0,0.5238095238095238,,,,,,,,,0.7849999676400611,0.6723856505150625,0.11261431712499859,False,,,,,,,,,,,,,3.0,0.0,3.0,False
scaffold_property_retrieval,mpair_00003117_cond_01_2p,mpair_00003117,eval,2,"MW,HBA",Cc1c[nH]c2c1C13CC1CN(C(=O)OC(C)(C)C)C3=CC2=O,COC(=O)c1cc2c([nH]1)C(=O)C=C1N(C(=O)OC(C)(C)C)CC3CC123,Cc1c[nH]c2c1C13CC1CN(C(=O)OC(C)(C)C)C3=CC2=O,O=C1C=C2NCC3CC23c2cc[nH]c21,O=C1C=C2NCC3CC23c2cc[nH]c21,True,False,False,source_identity,1.0,0.5873015873015873,344.36700000000013,300.358,44.00900000000013,False,,,,,,,,,,,,,,,,,5.0,3.0,2.0,False,,,,
scaffold_property_retrieval,mpair_00003202_cond_02_2p,mpair_00003202,eval,2,"TPSA,HBA",O=C(OCc1ccc(-c2ccccc2)cc1)n1cccn1,N#Cc1cnn(C(=O)OCc2ccc(-c3ccccc3)cc2)c1,O=C(OCc1ccc(-c2ccccc2)cc1)n1cccn1,O=C(OCc1ccc(-c2ccccc2)cc1)n1cccn1,O=C(OCc1ccc(-c2ccccc2)cc1)n1cccn1,True,False,False,source_identity,1.0,0.5833333333333334,,,,,,,,,,,,,67.91,44.120000000000005,23.789999999999992,False,,,,,5.0,4.0,1.0,True,,,,
scaffold_property_retrieval,mpair_00003204_cond_01_2p,mpair_00003204,eval,2,"TPSA,HBA",Cc1cnn(C(=O)OCc2ccc(-c3ccccc3)cc2)c1,N#Cc1cnn(C(=O)OCc2ccc(-c3ccccc3)cc2)c1,Cc1cnn(C(=O)OCc2ccc(-c3ccccc3)cc2)c1,O=C(OCc1ccc(-c2ccccc2)cc1)n1cccn1,O=C(OCc1ccc(-c2ccccc2)cc1)n1cccn1,True,False,False,source_identity,1.0,0.6808510638297872,,,,,,,,,,,,,67.91,44.120000000000005,23.789999999999992,False,,,,,5.0,4.0,1.0,True,,,,
scaffold_property_retrieval,mpair_00003207_cond_01_2p,mpair_00003207,eval,2,"LogP,HBA",Cc1cc(-n2ncc(=O)[nH]c2=O)ccc1S(=O)(=O)N1CCN(C=O)CC1,CCOC(=O)N1CCN(S(=O)(=O)c2ccc(-n3ncc(=O)[nH]c3=O)cc2Cl)CC1,Cc1cc(-n2ncc(=O)[nH]c2=O)ccc1S(=O)(=O)N1CCN(C=O)CC1,O=c1cnn(-c2ccc(S(=O)(=O)N3CCNCC3)cc2)c(=O)[nH]1,O=c1cnn(-c2ccc(S(=O)(=O)N3CCNCC3)cc2)c(=O)[nH]1,True,False,False,source_identity,1.0,0.5625,,,,,0.037000000000000144,-1.3080799999999981,1.3450799999999983,False,,,,,,,,,,,,,8.0,7.0,1.0,True,,,,
scaffold_property_retrieval,mpair_00003209_cond_01_2p,mpair_00003209,eval,2,"QED,TPSA",NC(=S)N/N=C/c1cccc(OCc2ccc3no[n+]([O-])c3c2)c1,NC(=O)N/N=C\c1ccccc1OCc1ccc2no[n+]([O-])c2c1,NC(=S)N/N=C/c1cccc(OCc2ccc3no[n+]([O-])c3c2)c1,c1ccc(OCc2ccc3no[nH+]c3c2)cc1,c1ccc(OCc2ccc3no[nH+]c3c2)cc1,True,False,False,source_identity,1.0,0.5882352941176471,,,,,,,,,0.4106849547701945,0.30972390933844063,0.10096104543175388,False,129.68,112.61,17.070000000000007,True,,,,,,,,,,,,
scaffold_property_retrieval,mpair_00003212_cond_02_2p,mpair_00003212,eval,2,"HBD,RB",CC(C)NC(=O)c1ccc2c(Nc3ccc(Cl)cc3)nc(N3CCOCC3)nc2c1,COC(=O)c1ccc2c(Nc3ccc(Cl)cc3)nc(N3CCOCC3)nc2c1,CC(C)NC(=O)c1ccc2c(Nc3ccc(Cl)cc3)nc(N3CCOCC3)nc2c1,c1ccc(Nc2nc(N3CCOCC3)nc3ccccc23)cc1,c1ccc(Nc2nc(N3CCOCC3)nc3ccccc23)cc1,True,True,True,source_identity,1.0,0.7833333333333333,,,,,,,,,,,,,,,,,1.0,2.0,1.0,True,,,,,4.0,5.0,1.0,True
scaffold_property_retrieval,mpair_00003216_cond_02_2p,mpair_00003216,eval,2,"HBD,HBA",COC(=O)c1ccc2c(Nc3ccc(Cl)cc3)nc(N3CCOCC3)nc2c1,CC(C)NC(=O)c1ccc2c(Nc3ccc(Cl)cc3)nc(N3CCOCC3)nc2c1,COC(=O)c1ccc2c(Nc3ccc(Cl)cc3)nc(N3CCOCC3)nc2c1,c1ccc(Nc2nc(N3CCOCC3)nc3ccccc23)cc1,c1ccc(Nc2nc(N3CCOCC3)nc3ccccc23)cc1,True,True,True,source_identity,1.0,0.7833333333333333,,,,,,,,,,,,,,,,,2.0,1.0,1.0,True,6.0,7.0,1.0,True,,,,
scaffold_property_retrieval,mpair_00003224_cond_01_2p,mpair_00003224,eval,2,"QED,RB",COCCCN(/C(S)=C1/C(=O)c2cc(Cl)ccc2N(C)C1=O)c1ccccc1,COc1ccc(N(C)/C(S)=C2/C(=O)c3cc(Cl)ccc3N(C)C2=O)cc1,COCCCN(/C(S)=C1/C(=O)c2cc(Cl)ccc2N(C)C1=O)c1ccccc1,O=C1Nc2ccccc2C(=O)/C1=C/Nc1ccccc1,O=C1Nc2ccccc2C(=O)/C1=C/Nc1ccccc1,True,False,False,source_identity,1.0,0.5625,,,,,,,,,0.4935411914533051,0.3319041471572704,0.1616370442960347,False,,,,,,,,,,,,,3.0,6.0,3.0,False
scaffold_property_retrieval,mpair_00003226_cond_00_2p,mpair_00003226,eval,2,"QED,RB",COc1cccc(N(C)/C(S)=C2/C(=O)c3cc(Cl)ccc3N(C)C2=O)c1,COCCCN(/C(S)=C1/C(=O)c2cc(Cl)ccc2N(C)C1=O)c1ccccc1,COc1cccc(N(C)/C(S)=C2/C(=O)c3cc(Cl)ccc3N(C)C2=O)c1,O=C1Nc2ccccc2C(=O)/C1=C/Nc1ccccc1,O=C1Nc2ccccc2C(=O)/C1=C/Nc1ccccc1,True,False,False,source_identity,1.0,0.5846153846153846,,,,,,,,,0.3319041471572704,0.4935411914533051,0.1616370442960347,False,,,,,,,,,,,,,6.0,3.0,3.0,False
scaffold_property_retrieval,mpair_00003227_cond_02_2p,mpair_00003227,eval,2,"QED,RB",COc1ccc(N(C)/C(S)=C2/C(=O)c3cc(Cl)ccc3N(C)C2=O)cc1,COCCCN(/C(S)=C1/C(=O)c2cc(Cl)ccc2N(C)C1=O)c1ccccc1,COc1ccc(N(C)/C(S)=C2/C(=O)c3cc(Cl)ccc3N(C)C2=O)cc1,O=C1Nc2ccccc2C(=O)/C1=C/Nc1ccccc1,O=C1Nc2ccccc2C(=O)/C1=C/Nc1ccccc1,True,False,False,source_identity,1.0,0.5625,,,,,,,,,0.3319041471572704,0.4935411914533051,0.1616370442960347,False,,,,,,,,,,,,,6.0,3.0,3.0,False
scaffold_property_retrieval,mpair_00003531_cond_01_2p,mpair_00003531,eval,2,"TPSA,HBA",CC(C)Oc1cccc(N(Cc2cccnc2)S(=O)(=O)CC(F)(F)F)c1,CCOC(=O)C(C)Oc1cccc(N(Cc2cccnc2)S(=O)(=O)CC(F)(F)F)c1,CC(C)Oc1cccc(N(Cc2cccnc2)S(=O)(=O)CC(F)(F)F)c1,c1ccc(NCc2cccnc2)cc1,c1ccc(NCc2cccnc2)cc1,True,False,False,source_identity,1.0,0.7796610169491526,,,,,,,,,,,,,85.80000000000001,59.5,26.30000000000001,False,,,,,6.0,4.0,2.0,False,,,,
scaffold_property_retrieval,mpair_00003535_cond_00_2p,mpair_00003535,eval,2,"MW,LogP",O=S(=O)(CC(F)(F)F)N(Cc1cccnc1)c1cccc(OC(F)(F)F)c1,COc1cccc(N(Cc2cccnc2)S(=O)(=O)CC(F)(F)F)c1,O=S(=O)(CC(F)(F)F)N(Cc1cccnc1)c1cccc(OC(F)(F)F)c1,c1ccc(NCc2cccnc2)cc1,c1ccc(NCc2cccnc2)cc1,True,False,False,source_identity,1.0,0.8076923076923077,360.3570000000001,414.32700000000006,53.96999999999997,False,2.988900000000002,3.8789000000000025,0.8900000000000006,True,,,,,,,,,,,,,,,,,,,,
scaffold_property_retrieval,mpair_00003540_cond_02_2p,mpair_00003540,eval,2,"LogP,TPSA",CCCC(C)Oc1cccc(N(Cc2cccnc2)S(=O)(=O)CC(F)(F)F)c1,CCOC(=O)C(C)Oc1cccc(N(Cc2cccnc2)S(=O)(=O)CC(F)(F)F)c1,CCCC(C)Oc1cccc(N(Cc2cccnc2)S(=O)(=O)CC(F)(F)F)c1,c1ccc(NCc2cccnc2)cc1,c1ccc(NCc2cccnc2)cc1,True,False,False,source_identity,1.0,0.746031746031746,,,,,3.3107000000000024,4.547700000000003,1.237000000000001,False,,,,,85.80000000000001,59.5,26.30000000000001,False,,,,,,,,,,,,
scaffold_property_retrieval,mpair_00003542_cond_02_2p,mpair_00003542,eval,2,"QED,RB",CC(C)COc1cccc(N(Cc2cccnc2)S(=O)(=O)CC(F)(F)F)c1,CCC(C)COc1cccc(N(Cc2cccnc2)S(=O)(=O)CC(F)(F)F)c1,CC(C)COc1cccc(N(Cc2cccnc2)S(=O)(=O)CC(F)(F)F)c1,c1ccc(NCc2cccnc2)cc1,c1ccc(NCc2cccnc2)cc1,True,True,True,source_identity,1.0,0.8421052631578947,,,,,,,,,0.6078002459089881,0.6693605971809802,0.06156035127199211,True,,,,,,,,,,,,,9.0,8.0,1.0,True
scaffold_property_retrieval,mpair_00003544_cond_01_2p,mpair_00003544,eval,2,"LogP,RB",CC(C)COc1cccc(N(Cc2cccnc2)S(=O)(=O)CC(F)(F)F)c1,CCCC(C)Oc1cccc(N(Cc2cccnc2)S(=O)(=O)CC(F)(F)F)c1,CC(C)COc1cccc(N(Cc2cccnc2)S(=O)(=O)CC(F)(F)F)c1,c1ccc(NCc2cccnc2)cc1,c1ccc(NCc2cccnc2)cc1,True,True,True,source_identity,1.0,0.7213114754098361,,,,,4.547700000000003,4.015100000000003,0.5326000000000004,True,,,,,,,,,,,,,,,,,9.0,8.0,1.0,True
scaffold_property_retrieval,mpair_00003547_cond_01_2p,mpair_00003547,eval,2,"QED,RB",CCC(C)COc1cccc(N(Cc2cccnc2)S(=O)(=O)CC(F)(F)F)c1,CC(C)COc1cccc(N(Cc2cccnc2)S(=O)(=O)CC(F)(F)F)c1,CCC(C)COc1cccc(N(Cc2cccnc2)S(=O)(=O)CC(F)(F)F)c1,c1ccc(NCc2cccnc2)cc1,c1ccc(NCc2cccnc2)cc1,True,True,True,source_identity,1.0,0.8421052631578947,,,,,,,,,0.6693605971809802,0.6078002459089881,0.06156035127199211,True,,,,,,,,,,,,,8.0,9.0,1.0,True
scaffold_property_retrieval,mpair_00000000_cond_02_3p,mpair_00000000,eval,3,"LogP,HBA,RB",O=C(c1cccc(Cl)c1)N1C[C@H](CN2CCC(c3ccccc3)CC2)[C@@H](c2ccccc2)C1,COc1cccc(C(=O)N2C[C@H](CN3CCC(c4ccccc4)CC3)[C@@H](c3ccccc3)C2)c1,O=C(c1cccc(Cl)c1)N1C[C@H](CN2CCC(c3ccccc3)CC2)[C@@H](c2ccccc2)C1,O=C(c1ccccc1)N1C[C@H](CN2CCC(c3ccccc3)CC2)[C@@H](c2ccccc2)C1,O=C(c1ccccc1)N1C[C@H](CN2CCC(c3ccccc3)CC2)[C@@H](c2ccccc2)C1,True,True,True,source_identity,1.0,0.7413793103448276,,,,,5.430600000000005,6.075400000000006,0.6448000000000009,True,,,,,,,,,,,,,3.0,2.0,1.0,True,6.0,5.0,1.0,True
scaffold_property_retrieval,mpair_00000006_cond_02_3p,mpair_00000006,eval,3,"MW,LogP,QED",O=C(c1ccccc1F)N1C[C@H](CN2CCC(c3ccccc3)CC2)[C@@H](c2ccccc2)C1,O=C(c1ccccc1C(F)(F)F)N1C[C@H](CN2CCC(c3ccccc3)CC2)[C@@H](c2ccccc2)C1,O=C(c1ccccc1F)N1C[C@H](CN2CCC(c3ccccc3)CC2)[C@@H](c2ccccc2)C1,O=C(c1ccccc1)N1C[C@H](CN2CCC(c3ccccc3)CC2)[C@@H](c2ccccc2)C1,O=C(c1ccccc1)N1C[C@H](CN2CCC(c3ccccc3)CC2)[C@@H](c2ccccc2)C1,True,False,False,source_identity,1.0,0.7592592592592593,492.5850000000002,442.57800000000015,50.00700000000006,False,6.4408000000000065,5.561100000000006,0.8797000000000006,True,0.4092272471712491,0.5164092889512721,0.10718204178002305,False,,,,,,,,,,,,,,,,
scaffold_property_retrieval,mpair_00000012_cond_01_3p,mpair_00000012,eval,3,"MW,LogP,QED",O=C(c1ccccc1F)N1C[C@H](CN2CCC(c3ccccc3)CC2)[C@@H](c2ccccc2)C1,O=C(c1ccccc1Br)N1C[C@H](CN2CCC(c3ccccc3)CC2)[C@@H](c2ccccc2)C1,O=C(c1ccccc1F)N1C[C@H](CN2CCC(c3ccccc3)CC2)[C@@H](c2ccccc2)C1,O=C(c1ccccc1)N1C[C@H](CN2CCC(c3ccccc3)CC2)[C@@H](c2ccccc2)C1,O=C(c1ccccc1)N1C[C@H](CN2CCC(c3ccccc3)CC2)[C@@H](c2ccccc2)C1,True,False,False,source_identity,1.0,0.7692307692307693,503.48400000000026,442.57800000000015,60.90600000000012,False,6.184500000000006,5.561100000000006,0.6234000000000002,True,0.41502650656849366,0.5164092889512721,0.10138278238277848,False,,,,,,,,,,,,,,,,
scaffold_property_retrieval,mpair_00000020_cond_01_3p,mpair_00000020,eval,3,"MW,TPSA,HBA",O=C(O)CCC/C=C/C[C@@H]1[C@@H](COCc2ccccc2)C2CC1(c1ccccc1)CO2,N#Cc1ccc(COC[C@H]2C3CC(c4ccc(F)cc4)(CO3)[C@@H]2C/C=C/CCCC(=O)O)cc1,O=C(O)CCC/C=C/C[C@@H]1[C@@H](COCc2ccccc2)C2CC1(c1ccccc1)CO2,c1ccc(COC[C@@H]2CC3(c4ccccc4)COC2C3)cc1,c1ccc(COC[C@@H]2CC3(c4ccccc4)COC2C3)cc1,True,False,False,source_identity,1.0,0.7391304347826086,463.5490000000003,420.5490000000002,43.000000000000114,False,,,,,,,,,79.55,55.760000000000005,23.789999999999992,False,,,,,4.0,3.0,1.0,True,,,,
scaffold_property_retrieval,mpair_00000323_cond_02_3p,mpair_00000323,eval,3,"TPSA,HBD,HBA",N[C@@H](C(=O)N[C@@H]1C(=O)N2C(C(=O)O)=C(C(F)(F)F)CC[C@H]12)c1ccc(F)cc1,N[C@@H](C(=O)N[C@@H]1C(=O)N2C(C(=O)O)=C(C(F)(F)F)CC[C@H]12)c1ccc(O)cc1,N[C@@H](C(=O)N[C@@H]1C(=O)N2C(C(=O)O)=C(C(F)(F)F)CC[C@H]12)c1ccc(F)cc1,O=C(Cc1ccccc1)N[C@@H]1C(=O)N2C=CCC[C@H]12,O=C(Cc1ccccc1)N[C@@H]1C(=O)N2C=CCC[C@H]12,True,False,False,source_identity,1.0,0.8545454545454545,,,,,,,,,,,,,132.96,112.73,20.230000000000004,False,4.0,3.0,1.0,True,5.0,4.0,1.0,True,,,,
scaffold_property_retrieval,mpair_00000330_cond_01_3p,mpair_00000330,eval,3,"MW,LogP,HBD",N[C@@H](C(=O)N[C@@H]1C(=O)N2C(C(=O)O)=C(C(F)(F)F)CC[C@H]12)c1ccc(O)cc1,N[C@@H](C(=O)N[C@@H]1C(=O)N2C(C(=O)O)=C(C(F)(F)F)CC[C@H]12)c1cccc(C(F)(F)F)c1,N[C@@H](C(=O)N[C@@H]1C(=O)N2C(C(=O)O)=C(C(F)(F)F)CC[C@H]12)c1ccc(O)cc1,O=C(Cc1ccccc1)N[C@@H]1C(=O)N2C=CCC[C@H]12,O=C(Cc1ccccc1)N[C@@H]1C(=O)N2C=CCC[C@H]12,True,False,False,source_identity,1.0,0.7377049180327869,451.3230000000001,399.3250000000001,51.99799999999999,False,2.0955999999999997,0.7823999999999993,1.3132000000000004,False,,,,,,,,,3.0,4.0,1.0,True,,,,,,,,
scaffold_property_retrieval,mpair_00000332_cond_02_3p,mpair_00000332,eval,3,"TPSA,HBD,HBA",N[C@@H](C(=O)N[C@@H]1C(=O)N2C(C(=O)O)=C(C(F)(F)F)CC[C@H]12)c1ccc(O)cc1,N[C@@H](C(=O)N[C@@H]1C(=O)N2C(C(=O)O)=C(C(F)(F)F)CC[C@H]12)c1cccc(Br)c1,N[C@@H](C(=O)N[C@@H]1C(=O)N2C(C(=O)O)=C(C(F)(F)F)CC[C@H]12)c1ccc(O)cc1,O=C(Cc1ccccc1)N[C@@H]1C(=O)N2C=CCC[C@H]12,O=C(Cc1ccccc1)N[C@@H]1C(=O)N2C=CCC[C@H]12,True,False,False,source_identity,1.0,0.7377049180327869,,,,,,,,,,,,,112.73,132.96,20.230000000000004,False,3.0,4.0,1.0,True,4.0,5.0,1.0,True,,,,
scaffold_property_retrieval,mpair_00000338_cond_00_3p,mpair_00000338,eval,3,"LogP,QED,RB",N[C@@H](C(=O)N[C@@H]1C(=O)N2C(C(=O)O)=C(C(F)(F)F)CC[C@H]12)c1cccc(Br)c1,CSC1=C(C(=O)O)N2C(=O)[C@@H](NC(=O)[C@H](N)c3ccccc3)[C@H]2CC1,N[C@@H](C(=O)N[C@@H]1C(=O)N2C(C(=O)O)=C(C(F)(F)F)CC[C@H]12)c1cccc(Br)c1,O=C(Cc1ccccc1)N[C@@H]1C(=O)N2C=CCC[C@H]12,O=C(Cc1ccccc1)N[C@@H]1C(=O)N2C=CCC[C@H]12,True,False,False,source_identity,1.0,0.5757575757575758,,,,,0.8350000000000002,1.8392999999999997,1.0042999999999995,False,0.6699274889764619,0.5917241763797754,0.07820331259668656,True,,,,,,,,,,,,,5.0,4.0,1.0,True
scaffold_property_retrieval,mpair_00000597_cond_02_3p,mpair_00000597,eval,3,"QED,HBD,HBA",OC[C@@H]1N[C@@H](CCCCc2ccc(O)cc2)[C@H](O)[C@H]1O,OC[C@@H]1N[C@@H](CCCCc2ccc(F)cc2)[C@H](O)[C@H]1O,OC[C@@H]1N[C@@H](CCCCc2ccc(O)cc2)[C@H](O)[C@H]1O,c1ccc(CCCC[C@H]2CCCN2)cc1,c1ccc(CCCC[C@H]2CCCN2)cc1,True,True,True,source_identity,1.0,0.7567567567567568,,,,,,,,,0.5767746304019578,0.47902706341404183,0.09774756698791592,True,,,,,4.0,5.0,1.0,True,4.0,5.0,1.0,True,,,,
scaffold_property_retrieval,mpair_00000728_cond_02_3p,mpair_00000728,eval,3,"LogP,QED,RB",C=CCc1cc(/C=C2\SC(=O)NC2=O)c(OC)cc1OC1CCCCO1,C=CCc1cc(/C=C2\SC(=O)N(CCCC)C2=O)c(OC)cc1OC1CCCCO1,C=CCc1cc(/C=C2\SC(=O)NC2=O)c(OC)cc1OC1CCCCO1,O=C1NC(=O)/C(=C/c2ccc(OC3CCCCO3)cc2)S1,O=C1NC(=O)/C(=C/c2ccc(OC3CCCCO3)cc2)S1,True,False,False,source_identity,1.0,0.6571428571428571,,,,,5.165500000000004,3.6530000000000022,1.512500000000002,False,0.39718598618589046,0.6042673504148035,0.20708136422891305,False,,,,,,,,,,,,,9.0,6.0,3.0,False
scaffold_property_retrieval,mpair_00000740_cond_00_3p,mpair_00000740,eval,3,"MW,QED,RB",C=CCc1cc(/C=C2\SC(=O)N(C)C2=O)c(OC)cc1OC1CCCCO1,C=CCc1cc(/C=C2\SC(=O)N(CCCC)C2=O)c(OC)cc1OC1CCCCO1,C=CCc1cc(/C=C2\SC(=O)N(C)C2=O)c(OC)cc1OC1CCCCO1,O=C1NC(=O)/C(=C/c2ccc(OC3CCCCO3)cc2)S1,O=C1NC(=O)/C(=C/c2ccc(OC3CCCCO3)cc2)S1,True,False,False,source_identity,1.0,0.7878787878787878,431.55400000000026,389.4730000000002,42.081000000000074,False,,,,,0.39718598618589046,0.5413211960634129,0.14413520987752243,False,,,,,,,,,,,,,9.0,6.0,3.0,False
scaffold_property_retrieval,mpair_00000742_cond_02_3p,mpair_00000742,eval,3,"MW,LogP,QED",C=CCc1cc(/C=C2\SC(=O)N(C)C2=O)c(OC)cc1OC1CCCCO1,C=CCc1cc(/C=C2\SC(=O)N(CC=C(C)C)C2=O)c(OC)cc1OC1CCCCO1,C=CCc1cc(/C=C2\SC(=O)N(C)C2=O)c(OC)cc1OC1CCCCO1,O=C1NC(=O)/C(=C/c2ccc(OC3CCCCO3)cc2)S1,O=C1NC(=O)/C(=C/c2ccc(OC3CCCCO3)cc2)S1,True,False,False,source_identity,1.0,0.7761194029850746,443.5650000000003,389.4730000000002,54.0920000000001,False,5.331600000000005,3.9952000000000023,1.336400000000003,False,0.3995752918375223,0.5413211960634129,0.14174590422589062,False,,,,,,,,,,,,,,,,
scaffold_property_retrieval,mpair_00000747_cond_01_3p,mpair_00000747,eval,3,"LogP,QED,HBD",C=CCc1cc(/C=C2\SC(=O)N(CC=C)C2=O)c(OC)cc1OC1CCCCO1,C=CCc1cc(/C=C2\SC(=O)NC2=O)c(OC)cc1OC1CCCCO1,C=CCc1cc(/C=C2\SC(=O)N(CC=C)C2=O)c(OC)cc1OC1CCCCO1,O=C1NC(=O)/C(=C/c2ccc(OC3CCCCO3)cc2)S1,O=C1NC(=O)/C(=C/c2ccc(OC3CCCCO3)cc2)S1,True,False,False,source_identity,1.0,0.696969696969697,,,,,3.6530000000000022,4.551400000000004,0.8984000000000014,True,0.6042673504148035,0.45838471716690443,0.14588263324789907,False,,,,,1.0,0.0,1.0,True,,,,,,,,
scaffold_property_retrieval,mpair_00000749_cond_00_3p,mpair_00000749,eval,3,"QED,HBD,RB",C=CCc1cc(/C=C2\SC(=O)N(C(C)C)C2=O)c(OC)cc1OC1CCCCO1,C=CCc1cc(/C=C2\SC(=O)NC2=O)c(OC)cc1OC1CCCCO1,C=CCc1cc(/C=C2\SC(=O)N(C(C)C)C2=O)c(OC)cc1OC1CCCCO1,O=C1NC(=O)/C(=C/c2ccc(OC3CCCCO3)cc2)S1,O=C1NC(=O)/C(=C/c2ccc(OC3CCCCO3)cc2)S1,True,False,False,source_identity,1.0,0.6865671641791045,,,,,,,,,0.6042673504148035,0.4701504427149941,0.13411690769980938,False,,,,,1.0,0.0,1.0,True,,,,,6.0,7.0,1.0,True
scaffold_property_retrieval,mpair_00000758_cond_02_3p,mpair_00000758,eval,3,"LogP,HBA,RB",Clc1cccc(-c2cncc(O[C@@H]3CCNC3)c2)c1,COc1cccc(-c2cncc(O[C@@H]3CCNC3)c2)c1,Clc1cccc(-c2cncc(O[C@@H]3CCNC3)c2)c1,c1ccc(-c2cncc(O[C@@H]3CCNC3)c2)cc1,c1ccc(-c2cncc(O[C@@H]3CCNC3)c2)cc1,True,True,True,source_identity,1.0,0.7446808510638298,,,,,2.4979000000000005,3.1427000000000014,0.6448000000000009,True,,,,,,,,,,,,,4.0,3.0,1.0,True,4.0,3.0,1.0,True
scaffold_property_retrieval,mpair_00001125_cond_00_3p,mpair_00001125,eval,3,"MW,QED,HBD",CN1C(=O)c2ccccc2C1CCN1CCN(c2ccc(Cl)cc2)CC1,O=C1NC(CCN2CCN(c3ccccc3)CC2)c2ccccc21,CN1C(=O)c2ccccc2C1CCN1CCN(c2ccc(Cl)cc2)CC1,O=C1NC(CCN2CCN(c3ccccc3)CC2)c2ccccc21,O=C1NC(CCN2CCN(c3ccccc3)CC2)c2ccccc21,True,False,False,source_identity,1.0,0.4909090909090909,321.4240000000001,369.8960000000001,48.47199999999998,False,,,,,0.9403172855884846,0.8221231339252668,0.11819415166321778,False,,,,,1.0,0.0,1.0,True,,,,,,,,
scaffold_property_retrieval,mpair_00001132_cond_00_3p,mpair_00001132,eval,3,"QED,TPSA,HBA",O=C(Cc1ccccc1[N+](=O)[O-])NCCC1CCN(CC2COc3ccccc3O2)CC1,COc1ccccc1CC(=O)NCCC1CCN(CC2COc3ccccc3O2)CC1,O=C(Cc1ccccc1[N+](=O)[O-])NCCC1CCN(CC2COc3ccccc3O2)CC1,O=C(Cc1ccccc1)NCCC1CCN(CC2COc3ccccc3O2)CC1,O=C(Cc1ccccc1)NCCC1CCN(CC2COc3ccccc3O2)CC1,True,False,False,source_identity,1.0,0.7164179104477612,,,,,,,,,0.7047088784600517,0.5015202818225966,0.20318859663745514,False,60.03,93.94,33.91,False,,,,,5.0,6.0,1.0,True,,,,
scaffold_property_retrieval,mpair_00001135_cond_01_3p,mpair_00001135,eval,3,"MW,LogP,QED",Fc1ccc(N2CCN(c3nc4ccsc4n4cccc34)CC2)cc1,FC(F)(F)c1cccc(N2CCN(c3nc4ccsc4n4cccc34)CC2)c1,Clc1ccc(N2CCN(c3nc4ccsc4n4cccc34)CC2)cc1,c1ccc(N2CCN(c3nc4ccsc4n4cccc34)CC2)cc1,c1ccc(N2CCN(c3nc4ccsc4n4cccc34)CC2)cc1,True,True,True,,0.7872340425531915,0.6363636363636364,402.4450000000001,368.89300000000014,33.551999999999964,True,4.894400000000004,4.5290000000000035,0.36540000000000017,True,0.47685586942313013,0.5191234865371509,0.04226761711402077,True,,,,,,,,,,,,,,,,
scaffold_property_retrieval,mpair_00002371_cond_02_3p,mpair_00002371,eval,3,"QED,HBD,HBA",Cn1cc(C(=O)c2ccc(-n3ccnc3)cc2)cc1/C=C/C(=O)O,CCOC(=O)/C=C/c1cc(C(=O)c2ccc(-n3ccnc3)cc2)cn1C,Cn1cc(C(=O)c2ccc(-n3ccnc3)cc2)cc1/C=C/C(=O)O,O=C(c1ccc(-n2ccnc2)cc1)c1cc[nH]c1,O=C(c1ccc(-n2ccnc2)cc1)c1cc[nH]c1,True,False,False,source_identity,1.0,0.7454545454545455,,,,,,,,,0.3897342663180413,0.5785260949639057,0.1887918286458644,False,,,,,0.0,1.0,1.0,True,6.0,5.0,1.0,True,,,,
scaffold_property_retrieval,mpair_00002463_cond_00_3p,mpair_00002463,eval,3,"LogP,HBA,RB",COc1ccc(NC(=O)c2cc(OCCCN(C)C)nn2Cc2ccccc2)cc1,CN(C)CCCOc1cc(C(=O)Nc2ccc(Cl)cc2F)n(Cc2ccccc2)n1,COc1ccc(NC(=O)c2cc(OCCCN(C)C)nn2Cc2ccccc2)cc1,O=C(Nc1ccccc1)c1ccnn1Cc1ccccc1,O=C(Nc1ccccc1)c1ccnn1Cc1ccccc1,True,True,True,source_identity,1.0,0.6567164179104478,,,,,4.306700000000003,3.522800000000002,0.7839000000000009,True,,,,,,,,,,,,,5.0,6.0,1.0,True,9.0,10.0,1.0,True
scaffold_property_retrieval,mpair_00002466_cond_01_3p,mpair_00002466,eval,3,"QED,HBA,RB",CN(C)CCCOc1cc(C(=O)Nc2ccc(Cl)cc2F)n(Cc2ccccc2)n1,CN(C)CCCOc1cc(C(=O)Nc2ccc(OC(F)(F)F)cc2)n(Cc2ccccc2)n1,CN(C)CCCOc1cc(C(=O)Nc2ccc(Cl)cc2F)n(Cc2ccccc2)n1,O=C(Nc1ccccc1)c1ccnn1Cc1ccccc1,O=C(Nc1ccccc1)c1ccnn1Cc1ccccc1,True,True,True,source_identity,1.0,0.6428571428571429,,,,,,,,,0.4522382232340766,0.5138601191048354,0.061621895870758836,True,,,,,,,,,6.0,5.0,1.0,True,10.0,9.0,1.0,True
scaffold_property_retrieval,mpair_00002470_cond_00_3p,mpair_00002470,eval,3,"LogP,HBA,RB",CN(C)CCCOc1cc(C(=O)Nc2ccc(Cl)cc2F)n(Cc2ccccc2)n1,COc1ccc(NC(=O)c2cc(OCCCN(C)C)nn2Cc2ccccc2)cc1,CN(C)CCCOc1cc(C(=O)Nc2ccc(Cl)cc2F)n(Cc2ccccc2)n1,O=C(Nc1ccccc1)c1ccnn1Cc1ccccc1,O=C(Nc1ccccc1)c1ccnn1Cc1ccccc1,True,True,True,source_identity,1.0,0.6567164179104478,,,,,3.522800000000002,4.306700000000003,0.7839000000000009,True,,,,,,,,,,,,,6.0,5.0,1.0,True,10.0,9.0,1.0,True
scaffold_property_retrieval,mpair_00002473_cond_00_3p,mpair_00002473,eval,3,"LogP,HBA,RB",COc1ccc(NC(=O)c2cc(OCCCN(C)C)nn2Cc2ccccc2)cc1,CN(C)CCCOc1cc(C(=O)Nc2cccc(Cl)c2)n(Cc2ccccc2)n1,COc1ccc(NC(=O)c2cc(OCCCN(C)C)nn2Cc2ccccc2)cc1,O=C(Nc1ccccc1)c1ccnn1Cc1ccccc1,O=C(Nc1ccccc1)c1ccnn1Cc1ccccc1,True,True,True,source_identity,1.0,0.7419354838709677,,,,,4.167600000000003,3.522800000000002,0.6448000000000009,True,,,,,,,,,,,,,5.0,6.0,1.0,True,9.0,10.0,1.0,True
scaffold_property_retrieval,mpair_00002478_cond_02_3p,mpair_00002478,eval,3,"MW,LogP,QED",CN(C)CCCOc1cc(C(=O)Nc2cccc(Cl)c2)n(Cc2ccccc2)n1,CN(C)CCCOc1cc(C(=O)Nc2cc(F)cc(C(F)(F)F)c2)n(Cc2ccccc2)n1,CN(C)CCCOc1cc(C(=O)Nc2cccc(Cl)c2)n(Cc2ccccc2)n1,O=C(Nc1ccccc1)c1ccnn1Cc1ccccc1,O=C(Nc1ccccc1)c1ccnn1Cc1ccccc1,True,False,False,source_identity,1.0,0.6764705882352942,464.4630000000001,412.9210000000001,51.54199999999997,False,4.672100000000003,4.167600000000003,0.5045000000000002,True,0.369385517709234,0.5357556879239462,0.16637017021471223,False,,,,,,,,,,,,,,,,
scaffold_property_retrieval,mpair_00002483_cond_00_3p,mpair_00002483,eval,3,"LogP,HBA,RB",COc1cc(NC(=O)c2cc(OCCCN(C)C)nn2Cc2ccccc2)cc(OC)c1OC,CN(C)CCCOc1cc(C(=O)Nc2ccc(OC(F)(F)F)cc2)n(Cc2ccccc2)n1,COc1cc(NC(=O)c2cc(OCCCN(C)C)nn2Cc2ccccc2)cc(OC)c1OC,O=C(Nc1ccccc1)c1ccnn1Cc1ccccc1,O=C(Nc1ccccc1)c1ccnn1Cc1ccccc1,True,False,False,source_identity,1.0,0.6764705882352942,,,,,4.412800000000003,3.5400000000000027,0.8728000000000007,True,,,,,,,,,,,,,6.0,8.0,2.0,False,10.0,12.0,2.0,False
scaffold_property_retrieval,mpair_00002488_cond_01_3p,mpair_00002488,eval,3,"LogP,TPSA,HBD",C=Cc1cc(C(=O)OCC)n(S(=O)(=O)c2cc(Cl)ccc2N)c1,CC(C)OC(=O)c1cc(CO)cn1S(=O)(=O)c1cc(Cl)ccc1N,N/C(S)=N/N=C/c1cccn1S(=O)(=O)c1ccccc1,O=S(=O)(c1ccccc1)n1cccc1,O=S(=O)(c1ccccc1)n1cccc1,True,False,False,,0.16,0.14666666666666667,,,,,2.0182,1.3035,0.7147000000000001,True,,,,,111.61999999999999,89.81,21.809999999999988,False,2.0,2.0,0.0,True,,,,,,,,
scaffold_property_retrieval,mpair_00002498_cond_01_3p,mpair_00002498,eval,3,"MW,QED,RB",CCc1ccc(NC2=C(Cl)C(=O)c3ncncc3C2=O)cc1,O=C1C(Nc2cccc(Br)c2)=C(Cl)C(=O)c2ncncc21,O=C1C(Nc2cccc(Cl)c2)=C(Cl)C(=O)c2ncncc21,O=C1C(Nc2ccccc2)=CC(=O)c2ncncc21,O=C1C(Nc2ccccc2)=CC(=O)c2ncncc21,True,False,False,,0.6122448979591837,0.7777777777777778,364.58600000000007,320.135,44.45100000000008,False,,,,,0.885902971993687,0.9205249949064266,0.034622022912739636,True,,,,,,,,,,,,,2.0,2.0,0.0,True
scaffold_property_retrieval,mpair_00002502_cond_02_3p,mpair_00002502,eval,3,"MW,QED,RB",O=C1C(Nc2cccc(Br)c2)=C(Cl)C(=O)c2ncncc21,CCc1ccc(NC2=C(Cl)C(=O)c3ncncc3C2=O)cc1,O=C1C(Nc2cccc(Cl)c2)=C(Cl)C(=O)c2ncncc21,O=C1C(Nc2ccccc2)=CC(=O)c2ncncc21,O=C1C(Nc2ccccc2)=CC(=O)c2ncncc21,True,True,True,,0.7777777777777778,0.6122448979591837,313.744,320.135,6.390999999999963,True,,,,,0.9428073960459649,0.9205249949064266,0.022282401139538277,True,,,,,,,,,,,,,3.0,2.0,1.0,True
scaffold_property_retrieval,mpair_00002505_cond_02_3p,mpair_00002505,eval,3,"QED,HBA,RB",COc1ccc(C(=O)CN2c3ccccc3C(=O)N(Cc3ccccc3)S2(=O)=O)cc1,O=C(CN1c2ccccc2C(=O)N(Cc2ccccc2)S1(=O)=O)c1ccccc1,COc1ccc(C(=O)CN2c3ccccc3C(=O)N(Cc3ccccc3)S2(=O)=O)cc1,O=C(CN1c2ccccc2C(=O)N(Cc2ccccc2)S1(=O)=O)c1ccccc1,O=C(CN1c2ccccc2C(=O)N(Cc2ccccc2)S1(=O)=O)c1ccccc1,True,True,True,source_identity,1.0,0.7916666666666666,,,,,,,,,0.6096951629926923,0.5539335722556151,0.055761590737077205,True,,,,,,,,,4.0,5.0,1.0,True,5.0,6.0,1.0,True
scaffold_property_retrieval,mpair_00002516_cond_02_3p,mpair_00002516,eval,3,"LogP,TPSA,HBA",CSc1cc(-c2ccc(Cl)cc2)oc(=O)c1Br,CSc1cc(-c2ccc(Br)cc2)oc(=O)c1C#N,CSc1cc(-c2ccc(F)cc2)oc(=O)c1,O=c1cccc(-c2ccccc2)o1,O=c1cccc(-c2ccccc2)o1,True,False,False,,0.3695652173913043,0.3469387755102041,,,,,3.662880000000002,3.1678000000000024,0.49507999999999974,True,,,,,54.0,30.21,23.79,False,,,,,4.0,3.0,1.0,True,,,,
scaffold_property_retrieval,mpair_00002546_cond_01_3p,mpair_00002546,eval,3,"MW,QED,HBA",CSc1cc(-c2ccc(Br)cc2)oc(=O)c1Br,CSc1cc(-c2ccc(Br)cc2)oc(=O)c1C#N,CSc1cc(-c2ccc(F)cc2)oc(=O)c1,O=c1cccc(-c2ccccc2)o1,O=c1cccc(-c2ccccc2)o1,True,False,False,,0.38636363636363635,0.3469387755102041,322.1830000000001,236.26699999999997,85.91600000000014,False,,,,,0.791886779601309,0.7501191134076561,0.04176766619365291,True,,,,,,,,,4.0,3.0,1.0,True,,,,
scaffold_property_retrieval,mpair_00002560_cond_02_3p,mpair_00002560,eval,3,"MW,QED,HBA",CSc1nc(-c2ccc(Cl)cc2)nn1C(=O)N(C)c1ccccc1,CSc1nc(-c2ccc(OC(F)(F)F)cc2)nn1C(=O)N(C)c1ccccc1,CSc1nc(-c2ccc(Cl)cc2)nn1C(=O)N(C)c1ccccc1,O=C(Nc1ccccc1)n1cnc(-c2ccccc2)n1,O=C(Nc1ccccc1)n1cnc(-c2ccccc2)n1,True,False,False,source_identity,1.0,0.7037037037037037,408.4050000000001,358.85400000000004,49.551000000000045,False,,,,,0.5874043626188404,0.6499636794176425,0.06255931679880211,True,,,,,,,,,6.0,5.0,1.0,True,,,,
scaffold_property_retrieval,mpair_00002570_cond_01_3p,mpair_00002570,eval,3,"QED,TPSA,HBA",CCN(CC)C(=O)OCC1CN(C(=O)c2cc(OC)c(OC)c(OC)c2)CCN1C(=O)c1cc(OC)c(OC)c(OC)c1,COc1cc(C(=O)N2CCN(C(=O)c3cc(OC)c(OC)c(OC)c3)CC2)cc(OC)c1OC,CCN(CC)C(=O)OCC1CN(C(=O)c2cc(OC)c(OC)c(OC)c2)CCN1C(=O)c1cc(OC)c(OC)c(OC)c1,O=C(c1ccccc1)N1CCN(C(=O)c2ccccc2)CC1,O=C(c1ccccc1)N1CCN(C(=O)c2ccccc2)CC1,True,False,False,source_identity,1.0,0.52,,,,,,,,,0.5754127815390553,0.3571777118480848,0.2182350696909705,False,96.00000000000001,125.54,29.539999999999992,False,,,,,8.0,10.0,2.0,False,,,,
scaffold_property_retrieval,mpair_00002580_cond_00_3p,mpair_00002580,eval,3,"LogP,HBD,HBA",COc1cc(C(=O)N2CCN(C(=O)c3cc(OC)c(OC)c(OC)c3)C(COC(C)=O)C2)cc(OC)c1OC,COc1cc(C(=O)N2CCN(C(=O)c3cc(OC)c(OC)c(OC)c3)C(CO)C2)cc(OC)c1OC,COc1cc(C(=O)N2CCN(C(=O)c3cc(OC)c(OC)c(OC)c3)C(COC(C)=O)C2)cc(OC)c1OC,O=C(c1ccccc1)N1CCN(C(=O)c2ccccc2)CC1,O=C(c1ccccc1)N1CCN(C(=O)c2ccccc2)CC1,True,True,True,source_identity,1.0,0.75,,,,,1.6973000000000003,2.2681000000000004,0.5708000000000002,True,,,,,,,,,1.0,0.0,1.0,True,9.0,10.0,1.0,True,,,,
scaffold_property_retrieval,mpair_00002585_cond_01_3p,mpair_00002585,eval,3,"QED,TPSA,RB",COc1cc(C(=O)N2CCN(C(=O)c3cc(OC)c(OC)c(OC)c3)C(COC(C)=O)C2)cc(OC)c1OC,COc1cc(C(=O)N2CCN(C(=O)c3cc(OC)c(OC)c(OC)c3)CC2)cc(OC)c1OC,COc1cc(C(=O)N2CCN(C(=O)c3cc(OC)c(OC)c(OC)c3)C(COC(C)=O)C2)cc(OC)c1OC,O=C(c1ccccc1)N1CCN(C(=O)c2ccccc2)CC1,O=C(c1ccccc1)N1CCN(C(=O)c2ccccc2)CC1,True,False,False,source_identity,1.0,0.5777777777777777,,,,,,,,,0.5754127815390553,0.41028124355120477,0.16513153798785052,False,96.00000000000001,122.30000000000001,26.299999999999997,False,,,,,,,,,8.0,10.0,2.0,False
scaffold_property_retrieval,mpair_00002590_cond_00_3p,mpair_00002590,eval,3,"MW,HBD,RB",COc1cc(C(=O)N2CCN(C(=O)c3cc(OC)c(OC)c(OC)c3)C(COC(=O)NCCC(C)C)C2)cc(OC)c1OC,COc1cc(C(=O)N2CCN(C(=O)c3cc(OC)c(OC)c(OC)c3)C(COC(C)=O)C2)cc(OC)c1OC,COc1cc(C(=O)N2CCN(C(=O)c3cc(OC)c(OC)c(OC)c3)C(COC(=O)NCCC(C)C)C2)cc(OC)c1OC,O=C(c1ccccc1)N1CCN(C(=O)c2ccccc2)CC1,O=C(c1ccccc1)N1CCN(C(=O)c2ccccc2)CC1,True,False,False,source_identity,1.0,0.7017543859649122,546.5730000000003,617.6960000000003,71.12299999999993,False,,,,,,,,,,,,,0.0,1.0,1.0,True,,,,,10.0,13.0,3.0,False
scaffold_property_retrieval,mpair_00002596_cond_02_3p,mpair_00002596,eval,3,"HBD,HBA,RB",COc1ccc(C(=O)Nc2c(F)cncc2F)c2ccc(C(F)(F)F)nc12,COc1ccc(C(=O)Nc2c(Cl)cncc2Cl)c2ccc(C(C)O)nc12,COc1ccc(C(=O)Nc2c(F)cncc2F)c2ccc(C(F)(F)F)nc12,O=C(Nc1ccncc1)c1cccc2ncccc12,O=C(Nc1ccncc1)c1cccc2ncccc12,True,True,True,source_identity,1.0,0.532258064516129,,,,,,,,,,,,,,,,,2.0,1.0,1.0,True,5.0,4.0,1.0,True,4.0,3.0,1.0,True
scaffold_property_retrieval,mpair_00002601_cond_01_3p,mpair_00002601,eval,3,"MW,LogP,QED",COc1ccc(C(=O)Nc2ccncc2Cl)c2cccnc12,COc1ccc(C(=O)Nc2ccncc2Cl)c2ccc(C(F)(F)F)nc12,COc1ccc(C(=O)Nc2ccncc2Cl)c2cccnc12,O=C(Nc1ccncc1)c1cccc2ncccc12,O=C(Nc1ccncc1)c1cccc2ncccc12,True,False,False,source_identity,1.0,0.6724137931034483,381.74100000000004,313.744,67.99700000000001,False,4.562900000000002,3.544100000000002,1.0187999999999997,False,0.7218484507203837,0.8029165077767629,0.0810680570563792,True,,,,,,,,,,,,,,,,
scaffold_property_retrieval,mpair_00002605_cond_01_3p,mpair_00002605,eval,3,"TPSA,HBD,HBA",COc1ccc(C(=O)Nc2c(Cl)cncc2Cl)c2ccc(C(C)O)nc12,COc1ccc(C(=O)Nc2c(F)cncc2F)c2ccc(C(F)(F)F)nc12,COc1ccc(C(=O)Nc2c(Cl)cncc2Cl)c2ccc(C(C)O)nc12,O=C(Nc1ccncc1)c1cccc2ncccc12,O=C(Nc1ccncc1)c1cccc2ncccc12,True,False,False,source_identity,1.0,0.532258064516129,,,,,,,,,,,,,64.11,84.34,20.230000000000004,False,1.0,2.0,1.0,True,4.0,5.0,1.0,True,,,,
scaffold_property_retrieval,mpair_00002610_cond_02_3p,mpair_00002610,eval,3,"LogP,TPSA,HBD",CCc1ccc2c(C(=O)Nc3c(Cl)cncc3Cl)ccc(OC)c2n1,COc1ccc(C(=O)Nc2c(Cl)cncc2Cl)c2ccc(C(C)O)nc12,CCc1ccc2c(C(=O)Nc3c(Cl)cncc3Cl)ccc(OC)c2n1,O=C(Nc1ccncc1)c1cccc2ncccc12,O=C(Nc1ccncc1)c1cccc2ncccc12,True,False,False,source_identity,1.0,0.6964285714285714,,,,,4.2508000000000035,4.759900000000003,0.5090999999999992,True,,,,,84.34,64.11,20.230000000000004,False,2.0,1.0,1.0,True,,,,,,,,
scaffold_property_retrieval,mpair_00002617_cond_00_3p,mpair_00002617,eval,3,"TPSA,HBA,RB",COc1ccc(C(=O)Nc2c(Cl)cncc2Cl)c2ccc(C(C)=O)nc12,COc1ccc(C(=O)Nc2ccncc2Cl)c2ccc(C(F)(F)F)nc12,COc1ccc(C(=O)Nc2c(Cl)cncc2Cl)c2ccc(C(C)=O)nc12,O=C(Nc1ccncc1)c1cccc2ncccc12,O=C(Nc1ccncc1)c1cccc2ncccc12,True,True,True,source_identity,1.0,0.5396825396825397,,,,,,,,,,,,,64.11,81.17999999999999,17.069999999999993,True,,,,,4.0,5.0,1.0,True,3.0,4.0,1.0,True
scaffold_property_retrieval,mpair_00002624_cond_01_3p,mpair_00002624,eval,3,"MW,LogP,QED",COc1ccc(C(=O)Nc2ccncc2Cl)c2ccc(C(F)(F)F)nc12,COc1ccc(C(=O)Nc2ccncc2Cl)c2cccnc12,COc1ccc(C(=O)Nc2ccncc2Cl)c2ccc(C(F)(F)F)nc12,O=C(Nc1ccncc1)c1cccc2ncccc12,O=C(Nc1ccncc1)c1cccc2ncccc12,True,False,False,source_identity,1.0,0.6724137931034483,313.744,381.74100000000004,67.99700000000001,False,3.544100000000002,4.562900000000002,1.0187999999999997,False,0.8029165077767629,0.7218484507203837,0.0810680570563792,True,,,,,,,,,,,,,,,,
scaffold_property_retrieval,mpair_00002631_cond_01_3p,mpair_00002631,eval,3,"LogP,HBD,HBA",CC(C)(C)[C@H](O)C(=O)N1C[C@H](c2ccccc2)C[C@H]1C(=O)N[C@@H](CC(F)F)C(=O)NCCc1c(F)cc(C(=O)O)cc1F,CC(C)CC(=O)N1C[C@H](c2ccccc2)C[C@H]1C(=O)N[C@@H](CC(F)F)C(=O)NCCc1c(F)cc(C(=O)O)cc1F,CC(C)(C)[C@H](O)C(=O)N1C[C@H](c2ccccc2)C[C@H]1C(=O)N[C@@H](CC(F)F)C(=O)NCCc1c(F)cc(C(=O)O)cc1F,O=C(CNC(=O)[C@@H]1C[C@@H](c2ccccc2)CN1)NCCc1ccccc1,O=C(CNC(=O)[C@@H]1C[C@@H](c2ccccc2)CN1)NCCc1ccccc1,True,True,True,source_identity,1.0,0.7567567567567568,,,,,3.892500000000002,3.253400000000001,0.6391000000000009,True,,,,,,,,,3.0,4.0,1.0,True,4.0,5.0,1.0,True,,,,
scaffold_property_retrieval,mpair_00003115_cond_01_3p,mpair_00003115,eval,3,"MW,LogP,QED",Cc1nc2nncnn2c(=O)c1C,Cc1nc2nnc(C(C)(C)C)nn2c(=O)c1C,Cc1nc2nncnn2c(=O)c1C,O=c1ccnc2nncnn12,O=c1ccnc2nncnn12,True,False,False,source_identity,1.0,0.48717948717948717,233.27499999999998,177.167,56.107999999999976,False,0.7938399999999997,-0.5036600000000002,1.2974999999999999,False,0.6723856505150625,0.541825521381232,0.13056012913383053,False,,,,,,,,,,,,,,,,
scaffold_property_retrieval,mpair_00003206_cond_01_3p,mpair_00003206,eval,3,"MW,LogP,HBA",CCOC(=O)N1CCN(S(=O)(=O)c2ccc(-n3ncc(=O)[nH]c3=O)cc2Cl)CC1,Cc1cc(-n2ncc(=O)[nH]c2=O)ccc1S(=O)(=O)N1CCN(C=O)CC1,CCOC(=O)N1CCN(S(=O)(=O)c2ccc(-n3ncc(=O)[nH]c3=O)cc2Cl)CC1,O=c1cnn(-c2ccc(S(=O)(=O)N3CCNCC3)cc2)c(=O)[nH]1,O=c1cnn(-c2ccc(S(=O)(=O)N3CCNCC3)cc2)c(=O)[nH]1,True,False,False,source_identity,1.0,0.5625,379.39800000000025,443.86900000000026,64.471,False,-1.3080799999999981,0.037000000000000144,1.3450799999999983,False,,,,,,,,,,,,,7.0,8.0,1.0,True,,,,
scaffold_property_retrieval,mpair_00003210_cond_01_3p,mpair_00003210,eval,3,"MW,LogP,RB",CC[C@H]1OC(=O)[C@H](C)[C@@H](O)[C@H](C)[C@@H](OC2O[C@H](C)C[C@H](N(C)C)C2O)[C@@](C)(OC)C[C@@H](C)C(=O)[C@H](C)[C@@H](O)[C@]1(C)O,CC[C@H]1OC(=O)[C@H](C)[C@@H](OC(C)=O)[C@H](C)[C@@H](OC2O[C@H](C)C[C@H](N(C)C)C2O)[C@@](C)(OC)C[C@@H](C)C(=O)[C@H](C)[C@@H](O)[C@]1(C)O,CC[C@H]1OC(=O)[C@H](C)[C@@H](O)[C@H](C)[C@@H](OC2O[C@H](C)C[C@H](N(C)C)C2O)[C@@](C)(OC)C[C@@H](C)C(=O)[C@H](C)[C@@H](O)[C@]1(C)O,O=C1CCCCOC(=O)CCC[C@@H](OC2CCCCO2)CCC1,O=C1CCCCOC(=O)CCC[C@@H](OC2CCCCO2)CCC1,True,False,False,source_identity,1.0,0.821917808219178,631.8040000000003,589.7670000000004,42.03699999999992,False,2.0853000000000033,1.5145000000000022,0.5708000000000011,True,,,,,,,,,,,,,,,,,6.0,5.0,1.0,True
scaffold_property_retrieval,mpair_00003219_cond_02_3p,mpair_00003219,eval,3,"MW,LogP,QED",COc1ccc(S(=O)(=O)N(Cc2cccnc2)c2c(C)cccc2C(=O)NO)cc1,COc1ccc(S(=O)(=O)N(Cc2cccnc2)c2c(C)cc(Br)cc2C(=O)NO)cc1,COc1ccc(S(=O)(=O)N(Cc2cccnc2)c2c(C)cccc2C(=O)NO)cc1,O=S(=O)(c1ccccc1)N(Cc1cccnc1)c1ccccc1,O=S(=O)(c1ccccc1)N(Cc1cccnc1)c1ccccc1,True,False,False,source_identity,1.0,0.819672131147541,506.37800000000016,427.48200000000014,78.89600000000002,False,3.675620000000001,2.91312,0.7625000000000011,True,0.3740614499694089,0.44330794633881315,0.06924649636940428,True,,,,,,,,,,,,,,,,
scaffold_property_retrieval,mpair_00003223_cond_01_3p,mpair_00003223,eval,3,"MW,LogP,QED",COc1ccc(S(=O)(=O)N(Cc2cccnc2)c2c(C)cc(Br)cc2C(=O)NO)cc1,COc1ccc(S(=O)(=O)N(Cc2cccnc2)c2c(C)cccc2C(=O)NO)cc1,COc1ccc(S(=O)(=O)N(Cc2cccnc2)c2c(C)cc(Br)cc2C(=O)NO)cc1,O=S(=O)(c1ccccc1)N(Cc1cccnc1)c1ccccc1,O=S(=O)(c1ccccc1)N(Cc1cccnc1)c1ccccc1,True,False,False,source_identity,1.0,0.819672131147541,427.48200000000014,506.37800000000016,78.89600000000002,False,2.91312,3.675620000000001,0.7625000000000011,True,0.44330794633881315,0.3740614499694089,0.06924649636940428,True,,,,,,,,,,,,,,,,
scaffold_property_retrieval,mpair_00003535_cond_02_3p,mpair_00003535,eval,3,"MW,LogP,QED",O=S(=O)(CC(F)(F)F)N(Cc1cccnc1)c1cccc(OC(F)(F)F)c1,COc1cccc(N(Cc2cccnc2)S(=O)(=O)CC(F)(F)F)c1,O=S(=O)(CC(F)(F)F)N(Cc1cccnc1)c1cccc(OC(F)(F)F)c1,c1ccc(NCc2cccnc2)cc1,c1ccc(NCc2cccnc2)cc1,True,False,False,source_identity,1.0,0.8076923076923077,360.3570000000001,414.32700000000006,53.96999999999997,False,2.988900000000002,3.8789000000000025,0.8900000000000006,True,0.7946521442277092,0.6736163493728189,0.12103579485489036,False,,,,,,,,,,,,,,,,
scaffold_property_retrieval,mpair_00003540_cond_01_3p,mpair_00003540,eval,3,"QED,TPSA,HBA",CCCC(C)Oc1cccc(N(Cc2cccnc2)S(=O)(=O)CC(F)(F)F)c1,CCOC(=O)C(C)Oc1cccc(N(Cc2cccnc2)S(=O)(=O)CC(F)(F)F)c1,CCCC(C)Oc1cccc(N(Cc2cccnc2)S(=O)(=O)CC(F)(F)F)c1,c1ccc(NCc2cccnc2)cc1,c1ccc(NCc2cccnc2)cc1,True,False,False,source_identity,1.0,0.746031746031746,,,,,,,,,0.5496815697636838,0.6018859517288218,0.05220438196513799,True,85.80000000000001,59.5,26.30000000000001,False,,,,,6.0,4.0,2.0,False,,,,
scaffold_property_retrieval,mpair_00003546_cond_02_3p,mpair_00003546,eval,3,"MW,LogP,QED",COc1cccc(N(Cc2cccnc2)S(=O)(=O)CC(F)(F)F)c1,CCCC(C)Oc1cccc(N(Cc2cccnc2)S(=O)(=O)CC(F)(F)F)c1,COc1cccc(N(Cc2cccnc2)S(=O)(=O)CC(F)(F)F)c1,c1ccc(NCc2cccnc2)cc1,c1ccc(NCc2cccnc2)cc1,True,False,False,source_identity,1.0,0.7413793103448276,416.4650000000001,360.3570000000001,56.108000000000004,False,4.547700000000003,2.988900000000002,1.5588000000000015,False,0.6018859517288218,0.7946521442277092,0.1927661924988875,False,,,,,,,,,,,,,,,,
scaffold_property_retrieval,mpair_00000014_cond_02_4p,mpair_00000014,eval,4,"MW,LogP,TPSA,HBA",O=C(O)[C@@H]1C[C@H]2C[C@@H](CCS(=O)(=O)O)CC[C@H]2CN1,O=C(O)CC[C@H]1CC[C@H]2CN[C@H](C(=O)O)C[C@H]2C1,O=C(O)[C@@H]1C[C@H]2C[C@@H](CCS(=O)(=O)O)CC[C@H]2CN1,C1CC[C@H]2CNCC[C@H]2C1,C1CC[C@H]2CNCC[C@H]2C1,True,False,False,source_identity,1.0,0.6829268292682927,255.314,291.36899999999997,36.05499999999998,False,1.3301999999999996,0.7433000000000001,0.5868999999999995,True,,,,,86.63000000000001,103.7,17.069999999999993,True,,,,,3.0,4.0,1.0,True,,,,
scaffold_property_retrieval,mpair_00000322_cond_02_4p,mpair_00000322,eval,4,"MW,LogP,QED,HBA",N[C@@H](C(=O)N[C@@H]1C(=O)N2C(C(=O)O)=C(C(F)(F)F)CC[C@H]12)c1cccc(C(F)(F)F)c1,CSC1=C(C(=O)O)N2C(=O)[C@@H](NC(=O)[C@H](N)c3ccccc3)[C@H]2CC1,N[C@@H](C(=O)N[C@@H]1C(=O)N2C(C(=O)O)=C(C(F)(F)F)CC[C@H]12)c1cccc(C(F)(F)F)c1,O=C(Cc1ccccc1)N[C@@H]1C(=O)N2C=CCC[C@H]12,O=C(Cc1ccccc1)N[C@@H]1C(=O)N2C=CCC[C@H]12,True,False,False,source_identity,1.0,0.5757575757575758,361.42300000000006,451.3230000000001,89.90000000000003,False,0.8350000000000002,2.0955999999999997,1.2605999999999995,False,0.6699274889764619,0.4795891963980345,0.19033829257842744,False,,,,,,,,,5.0,4.0,1.0,True,,,,
scaffold_property_retrieval,mpair_00000326_cond_02_4p,mpair_00000326,eval,4,"MW,QED,TPSA,HBD",N[C@@H](C(=O)N[C@@H]1C(=O)N2C(C(=O)O)=C(C(F)(F)F)CC[C@H]12)c1ccc(O)cc1,CSC1=C(C(=O)O)N2C(=O)[C@@H](NC(=O)[C@H](N)c3ccccc3)[C@H]2CC1,N[C@@H](C(=O)N[C@@H]1C(=O)N2C(C(=O)O)=C(C(F)(F)F)CC[C@H]12)c1ccc(O)cc1,O=C(Cc1ccccc1)N[C@@H]1C(=O)N2C=CCC[C@H]12,O=C(Cc1ccccc1)N[C@@H]1C(=O)N2C=CCC[C@H]12,True,False,False,source_identity,1.0,0.5873015873015873,361.42300000000006,399.3250000000001,37.902000000000044,False,,,,,0.6699274889764619,0.5533729404309352,0.11655454854552671,False,112.73,132.96,20.230000000000004,False,3.0,4.0,1.0,True,,,,,,,,
scaffold_property_retrieval,mpair_00000339_cond_02_4p,mpair_00000339,eval,4,"MW,LogP,HBD,HBA",N[C@@H](C(=O)N[C@@H]1C(=O)N2C(C(=O)O)=C(C(F)(F)F)CC[C@H]12)c1cccc(C(F)(F)F)c1,N[C@@H](C(=O)N[C@@H]1C(=O)N2C(C(=O)O)=C(C(F)(F)F)CC[C@H]12)c1ccc(O)cc1,N[C@@H](C(=O)N[C@@H]1C(=O)N2C(C(=O)O)=C(C(F)(F)F)CC[C@H]12)c1cccc(C(F)(F)F)c1,O=C(Cc1ccccc1)N[C@@H]1C(=O)N2C=CCC[C@H]12,O=C(Cc1ccccc1)N[C@@H]1C(=O)N2C=CCC[C@H]12,True,False,False,source_identity,1.0,0.7377049180327869,399.3250000000001,451.3230000000001,51.99799999999999,False,0.7823999999999993,2.0955999999999997,1.3132000000000004,False,,,,,,,,,4.0,3.0,1.0,True,5.0,4.0,1.0,True,,,,
scaffold_property_retrieval,mpair_00000588_cond_02_4p,mpair_00000588,eval,4,"QED,TPSA,HBD,HBA",OC[C@@H]1N[C@@H](CCCCc2ccc(O)cc2)[C@H](O)[C@H]1O,OC[C@@H]1N[C@@H](CCCCc2cc(F)cc(F)c2)[C@H](O)[C@H]1O,OC[C@@H]1N[C@@H](CCCCc2ccc(O)cc2)[C@H](O)[C@H]1O,c1ccc(CCCC[C@H]2CCCN2)cc1,c1ccc(CCCC[C@H]2CCCN2)cc1,True,False,False,source_identity,1.0,0.625,,,,,,,,,0.5846986769843887,0.47902706341404183,0.10567161357034688,False,72.72,92.95,20.230000000000004,False,4.0,5.0,1.0,True,4.0,5.0,1.0,True,,,,
scaffold_property_retrieval,mpair_00000728_cond_00_4p,mpair_00000728,eval,4,"MW,LogP,HBD,RB",C=CCc1cc(/C=C2\SC(=O)NC2=O)c(OC)cc1OC1CCCCO1,C=CCc1cc(/C=C2\SC(=O)N(CCCC)C2=O)c(OC)cc1OC1CCCCO1,C=CCc1cc(/C=C2\SC(=O)NC2=O)c(OC)cc1OC1CCCCO1,O=C1NC(=O)/C(=C/c2ccc(OC3CCCCO3)cc2)S1,O=C1NC(=O)/C(=C/c2ccc(OC3CCCCO3)cc2)S1,True,False,False,source_identity,1.0,0.6571428571428571,431.55400000000026,375.4460000000002,56.10800000000006,False,5.165500000000004,3.6530000000000022,1.512500000000002,False,,,,,,,,,0.0,1.0,1.0,True,,,,,9.0,6.0,3.0,False
scaffold_property_retrieval,mpair_00000735_cond_02_4p,mpair_00000735,eval,4,"MW,LogP,QED,HBD",C=CCc1cc(/C=C2\SC(=O)N(CC=C(C)C)C2=O)c(OC)cc1OC1CCCCO1,C=CCc1cc(/C=C2\SC(=O)NC2=O)c(OC)cc1OC1CCCCO1,C=CCc1cc(/C=C2\SC(=O)N(CC=C(C)C)C2=O)c(OC)cc1OC1CCCCO1,O=C1NC(=O)/C(=C/c2ccc(OC3CCCCO3)cc2)S1,O=C1NC(=O)/C(=C/c2ccc(OC3CCCCO3)cc2)S1,True,False,False,source_identity,1.0,0.647887323943662,375.4460000000002,443.5650000000003,68.11900000000009,False,3.6530000000000022,5.331600000000005,1.678600000000003,False,0.6042673504148035,0.3995752918375223,0.20469205857728123,False,,,,,1.0,0.0,1.0,True,,,,,,,,
scaffold_property_retrieval,mpair_00000753_cond_02_4p,mpair_00000753,eval,4,"MW,TPSA,HBA,RB",O=C1CCC[C@H]2OC[C@@H](Cc3c[nH]c4ccccc34)N12,COC(=O)C[C@@H]1CC(=O)N2[C@H](Cc3c[nH]c4ccccc34)CO[C@@H]2C1,O=C1CCC[C@H]2OC[C@@H](Cc3c[nH]c4ccccc34)N12,O=C1CCC[C@H]2OC[C@@H](Cc3c[nH]c4ccccc34)N12,O=C1CCC[C@H]2OC[C@@H](Cc3c[nH]c4ccccc34)N12,True,False,False,source_identity,1.0,0.578125,342.39500000000015,270.33200000000005,72.0630000000001,False,,,,,,,,,71.63000000000001,45.330000000000005,26.300000000000004,False,,,,,4.0,2.0,2.0,False,4.0,2.0,2.0,False
scaffold_property_retrieval,mpair_00001118_cond_00_4p,mpair_00001118,eval,4,"QED,HBD,HBA,RB",Cc1ccc(N2CCN(CCC3NC(=O)c4ccccc43)CC2)cc1C,COc1ccc(N2CCN(CCC3c4ccccc4C(=O)N3C)CC2)cc1,Cc1ccc(N2CCN(CCC3NC(=O)c4ccccc43)CC2)cc1C,O=C1NC(CCN2CCN(c3ccccc3)CC2)c2ccccc21,O=C1NC(CCN2CCN(c3ccccc3)CC2)c2ccccc21,True,False,False,source_identity,1.0,0.4444444444444444,,,,,,,,,0.8160326048332845,0.9198864151307602,0.10385381029747565,False,,,,,0.0,1.0,1.0,True,4.0,3.0,1.0,True,5.0,4.0,1.0,True
scaffold_property_retrieval,mpair_00001616_cond_00_4p,mpair_00001616,eval,4,"QED,TPSA,HBA,RB",CC1CC(C)(C)Nc2ccc3c(c21)COc1c-3cc(F)cc1[N+](=O)[O-],CC1CC(C)(C)Nc2ccc3c(c21)COc1c(F)cc(F)cc1-3,CC1CC(C)(C)Nc2ccc3c(c21)COc1c-3cc(F)cc1[N+](=O)[O-],c1ccc2c(c1)OCc1c-2ccc2c1CCCN2,c1ccc2c(c1)OCc1c-2ccc2c1CCCN2,True,False,False,source_identity,1.0,0.7321428571428571,,,,,,,,,0.719238819171056,0.5855235809891088,0.1337152381819472,False,21.259999999999998,64.39999999999999,43.13999999999999,False,,,,,2.0,4.0,2.0,False,0.0,1.0,1.0,True
scaffold_property_retrieval,mpair_00001619_cond_00_4p,mpair_00001619,eval,4,"QED,TPSA,HBA,RB",CC1CC(C)(C)Nc2ccc3c(c21)COc1c-3cc(F)cc1[N+](=O)[O-],Cc1cc(F)cc2c1OCc1c-2ccc2c1C(C)CC(C)(C)N2,CC1CC(C)(C)Nc2ccc3c(c21)COc1c-3cc(F)cc1[N+](=O)[O-],c1ccc2c(c1)OCc1c-2ccc2c1CCCN2,c1ccc2c(c1)OCc1c-2ccc2c1CCCN2,True,False,False,source_identity,1.0,0.7192982456140351,,,,,,,,,0.7039179552802654,0.5855235809891088,0.11839437429115651,False,21.259999999999998,64.39999999999999,43.13999999999999,False,,,,,2.0,4.0,2.0,False,0.0,1.0,1.0,True
scaffold_property_retrieval,mpair_00002471_cond_01_4p,mpair_00002471,eval,4,"MW,LogP,TPSA,RB",CN(C)CCCOc1cc(C(=O)Nc2ccc(Cl)cc2F)n(Cc2ccccc2)n1,COc1cc(NC(=O)c2cc(OCCCN(C)C)nn2Cc2ccccc2)cc(OC)c1OC,CN(C)CCCOc1cc(C(=O)Nc2ccc(Cl)cc2F)n(Cc2ccccc2)n1,O=C(Nc1ccccc1)c1ccnn1Cc1ccccc1,O=C(Nc1ccccc1)c1ccnn1Cc1ccccc1,True,False,False,source_identity,1.0,0.6376811594202898,468.5540000000002,430.9110000000001,37.643000000000086,False,3.5400000000000027,4.306700000000003,0.7667000000000002,True,,,,,87.08000000000001,59.39,27.690000000000012,False,,,,,,,,,12.0,9.0,3.0,False
scaffold_property_retrieval,mpair_00002483_cond_02_4p,mpair_00002483,eval,4,"LogP,TPSA,HBA,RB",COc1cc(NC(=O)c2cc(OCCCN(C)C)nn2Cc2ccccc2)cc(OC)c1OC,CN(C)CCCOc1cc(C(=O)Nc2ccc(OC(F)(F)F)cc2)n(Cc2ccccc2)n1,COc1cc(NC(=O)c2cc(OCCCN(C)C)nn2Cc2ccccc2)cc(OC)c1OC,O=C(Nc1ccccc1)c1ccnn1Cc1ccccc1,O=C(Nc1ccccc1)c1ccnn1Cc1ccccc1,True,False,False,source_identity,1.0,0.6764705882352942,,,,,4.412800000000003,3.5400000000000027,0.8728000000000007,True,,,,,68.62,87.08000000000001,18.460000000000008,True,,,,,6.0,8.0,2.0,False,10.0,12.0,2.0,False
scaffold_property_retrieval,mpair_00002509_cond_01_4p,mpair_00002509,eval,4,"MW,LogP,QED,TPSA",CSc1cc(-c2ccc(Br)cc2)oc(=O)c1C#N,CSc1cc(-c2ccc(Br)cc2)oc(=O)c1Br,CSc1cc(-c2ccc(F)cc2)oc(=O)c1,O=c1cccc(-c2ccccc2)o1,O=c1cccc(-c2ccccc2)o1,True,False,False,,0.3469387755102041,0.38636363636363635,376.0690000000001,236.26699999999997,139.8020000000001,False,4.553700000000002,3.1678000000000024,1.3858999999999995,False,0.7207772389894862,0.7501191134076561,0.029341874418169933,True,30.21,30.21,0.0,True,,,,,,,,,,,,
scaffold_property_retrieval,mpair_00002541_cond_00_4p,mpair_00002541,eval,4,"MW,QED,TPSA,RB",CCOC(=O)c1c(SC)c(C#N)c(-c2ccc(Br)cc2)oc1=O,CSc1cc(-c2ccc(Br)cc2)oc(=O)c1C#N,CSc1cc(-c2ccc(F)cc2)oc(=O)c1,O=c1cccc(-c2ccccc2)o1,O=c1cccc(-c2ccccc2)o1,True,False,False,,0.203125,0.3469387755102041,322.1830000000001,236.26699999999997,85.91600000000014,False,,,,,0.791886779601309,0.7501191134076561,0.04176766619365291,True,54.0,30.21,23.79,False,,,,,,,,,2.0,2.0,0.0,True
scaffold_property_retrieval,mpair_00002559_cond_00_4p,mpair_00002559,eval,4,"MW,LogP,QED,RB",CN(C(=O)n1nc(-c2ccc(Cl)cc2)nc1SCC(F)(F)F)c1ccccc1,CSc1nc(-c2ccc(C)cc2)nn1C(=O)N(C)c1ccccc1,CN(C(=O)n1nc(-c2ccc(Cl)cc2)nc1SCC(F)(F)F)c1ccccc1,O=C(Nc1ccccc1)n1cnc(-c2ccccc2)n1,O=C(Nc1ccccc1)n1cnc(-c2ccccc2)n1,True,False,False,source_identity,1.0,0.5862068965517241,338.43600000000004,426.8510000000001,88.41500000000008,False,4.079920000000002,5.357400000000003,1.2774800000000006,False,0.6753188675979567,0.5270344401044634,0.14828442749349324,False,,,,,,,,,,,,,3.0,4.0,1.0,True
scaffold_property_retrieval,mpair_00002569_cond_01_4p,mpair_00002569,eval,4,"TPSA,HBD,HBA,RB",COc1cc(C(=O)N2CCN(C(=O)c3cc(OC)c(OC)c(OC)c3)CC2)cc(OC)c1OC,COc1cc(C(=O)N2CCN(C(=O)c3cc(OC)c(OC)c(OC)c3)C(CO)C2)cc(OC)c1OC,COc1cc(C(=O)N2CCN(C(=O)c3cc(OC)c(OC)c(OC)c3)CC2)cc(OC)c1OC,O=C(c1ccccc1)N1CCN(C(=O)c2ccccc2)CC1,O=C(c1ccccc1)N1CCN(C(=O)c2ccccc2)CC1,True,False,False,source_identity,1.0,0.6341463414634146,,,,,,,,,,,,,116.23000000000002,96.00000000000001,20.230000000000004,False,1.0,0.0,1.0,True,9.0,8.0,1.0,True,9.0,8.0,1.0,True
scaffold_property_retrieval,mpair_00002581_cond_00_4p,mpair_00002581,eval,4,"LogP,QED,TPSA,HBA",COc1cc(C(=O)N2CCN(C(=O)c3cc(OC)c(OC)c(OC)c3)C(COC(=O)CC(C)(C)C)C2)cc(OC)c1OC,COc1cc(C(=O)N2CCN(C(=O)c3cc(OC)c(OC)c(OC)c3)CC2)cc(OC)c1OC,COc1cc(C(=O)N2CCN(C(=O)c3cc(OC)c(OC)c(OC)c3)C(COC(=O)CC(C)(C)C)C2)cc(OC)c1OC,O=C(c1ccccc1)N1CCN(C(=O)c2ccccc2)CC1,O=C(c1ccccc1)N1CCN(C(=O)c2ccccc2)CC1,True,False,False,source_identity,1.0,0.52,,,,,2.3364000000000003,3.684400000000003,1.3480000000000025,False,0.5754127815390553,0.3521539372279048,0.2232588443111505,False,96.00000000000001,122.30000000000001,26.299999999999997,False,,,,,8.0,10.0,2.0,False,,,,
scaffold_property_retrieval,mpair_00002592_cond_00_4p,mpair_00002592,eval,4,"MW,QED,TPSA,RB",COc1cc(C(=O)N2CCN(C(=O)c3cc(OC)c(OC)c(OC)c3)CC2)cc(OC)c1OC,COc1cc(C(=O)N2CCN(C(=O)c3cc(OC)c(OC)c(OC)c3)C(COC(C)=O)C2)cc(OC)c1OC,COc1cc(C(=O)N2CCN(C(=O)c3cc(OC)c(OC)c(OC)c3)CC2)cc(OC)c1OC,O=C(c1ccccc1)N1CCN(C(=O)c2ccccc2)CC1,O=C(c1ccccc1)N1CCN(C(=O)c2ccccc2)CC1,True,False,False,source_identity,1.0,0.5777777777777777,546.5730000000003,474.51000000000033,72.06299999999999,False,,,,,0.41028124355120477,0.5754127815390553,0.16513153798785052,False,122.30000000000001,96.00000000000001,26.299999999999997,False,,,,,,,,,10.0,8.0,2.0,False
scaffold_property_retrieval,mpair_00002596_cond_00_4p,mpair_00002596,eval,4,"TPSA,HBD,HBA,RB",COc1ccc(C(=O)Nc2c(F)cncc2F)c2ccc(C(F)(F)F)nc12,COc1ccc(C(=O)Nc2c(Cl)cncc2Cl)c2ccc(C(C)O)nc12,COc1ccc(C(=O)Nc2c(F)cncc2F)c2ccc(C(F)(F)F)nc12,O=C(Nc1ccncc1)c1cccc2ncccc12,O=C(Nc1ccncc1)c1cccc2ncccc12,True,False,False,source_identity,1.0,0.532258064516129,,,,,,,,,,,,,84.34,64.11,20.230000000000004,False,2.0,1.0,1.0,True,5.0,4.0,1.0,True,4.0,3.0,1.0,True
scaffold_property_retrieval,mpair_00002607_cond_02_4p,mpair_00002607,eval,4,"MW,LogP,HBA,RB",COc1ccc(C(=O)Nc2ccncc2Cl)c2cccnc12,COc1ccc(C(=O)Nc2c(Cl)cncc2Cl)c2ccc(C(C)=O)nc12,COc1ccc(C(=O)Nc2ccncc2Cl)c2cccnc12,O=C(Nc1ccncc1)c1cccc2ncccc12,O=C(Nc1ccncc1)c1cccc2ncccc12,True,False,False,source_identity,1.0,0.5081967213114754,390.22600000000017,313.744,76.48200000000014,False,4.400100000000002,3.544100000000002,0.8559999999999999,True,,,,,,,,,,,,,5.0,4.0,1.0,True,4.0,3.0,1.0,True
scaffold_property_retrieval,mpair_00002617_cond_01_4p,mpair_00002617,eval,4,"QED,TPSA,HBA,RB",COc1ccc(C(=O)Nc2c(Cl)cncc2Cl)c2ccc(C(C)=O)nc12,COc1ccc(C(=O)Nc2ccncc2Cl)c2ccc(C(F)(F)F)nc12,COc1ccc(C(=O)Nc2c(Cl)cncc2Cl)c2ccc(C(C)=O)nc12,O=C(Nc1ccncc1)c1cccc2ncccc12,O=C(Nc1ccncc1)c1cccc2ncccc12,True,True,True,source_identity,1.0,0.5396825396825397,,,,,,,,,0.7218484507203837,0.6681926051832562,0.053655845537127544,True,64.11,81.17999999999999,17.069999999999993,True,,,,,4.0,5.0,1.0,True,3.0,4.0,1.0,True
scaffold_property_retrieval,mpair_00002625_cond_00_4p,mpair_00002625,eval,4,"MW,QED,HBA,RB",COc1ccc(C(=O)Nc2c(Cl)cncc2Cl)c2ccc(C(C)O)nc12,COc1ccc(C(=O)Nc2c(Cl)cncc2Cl)c2cccnc12,COc1ccc(C(=O)Nc2c(Cl)cncc2Cl)c2ccc(C(C)O)nc12,O=C(Nc1ccncc1)c1cccc2ncccc12,O=C(Nc1ccncc1)c1cccc2ncccc12,True,False,False,source_identity,1.0,0.6428571428571429,348.1890000000001,392.24200000000013,44.053000000000054,False,,,,,0.7706046174674384,0.6936033323496321,0.07700128511780624,True,,,,,,,,,4.0,5.0,1.0,True,3.0,4.0,1.0,True
scaffold_property_retrieval,mpair_00003114_cond_00_4p,mpair_00003114,eval,4,"MW,LogP,QED,RB",CCCCc1nnc2nc(C)c(C)c(=O)n2n1,Cc1nc2nncnn2c(=O)c1C,CCCCc1nnc2nc(C)c(C)c(=O)n2n1,O=c1ccnc2nncnn12,O=c1ccnc2nncnn12,True,False,False,source_identity,1.0,0.4418604651162791,177.167,233.275,56.108000000000004,False,-0.5036600000000002,0.8389399999999998,1.3426,False,0.541825521381232,0.7849999676400611,0.2431744462588291,False,,,,,,,,,,,,,0.0,3.0,3.0,False
scaffold_property_retrieval,mpair_00003200_cond_00_4p,mpair_00003200,eval,4,"QED,HBD,HBA,RB",CCOC(=O)c1ccc(NCCCCCCc2cccs2)cc1,O=C(O)c1ccc(NCCCCCCc2cccs2)cc1,CCOC(=O)c1ccc(NCCCCCCc2cccs2)cc1,c1ccc(NCCCCCCc2cccs2)cc1,c1ccc(NCCCCCCc2cccs2)cc1,True,False,False,source_identity,1.0,0.7021276595744681,,,,,,,,,0.6622761596792913,0.48374526985121774,0.17853088982807358,False,,,,,2.0,1.0,1.0,True,3.0,4.0,1.0,True,9.0,10.0,1.0,True
scaffold_property_retrieval,mpair_00003215_cond_01_4p,mpair_00003215,eval,4,"QED,TPSA,HBA,RB",COC(=O)c1ccc2c(Nc3ccc(Cl)cc3)nc(N3CCOCC3)nc2c1,Clc1ccc(Nc2nc(N3CCOCC3)nc3ccccc23)cc1,COC(=O)c1ccc2c(Nc3ccc(Cl)cc3)nc(N3CCOCC3)nc2c1,c1ccc(Nc2nc(N3CCOCC3)nc3ccccc23)cc1,c1ccc(Nc2nc(N3CCOCC3)nc3ccccc23)cc1,True,False,False,source_identity,1.0,0.631578947368421,,,,,,,,,0.784150666451108,0.6719222545699903,0.11222841188111765,False,50.28,76.58,26.299999999999997,False,,,,,5.0,7.0,2.0,False,3.0,4.0,1.0,True
scaffold_property_retrieval,mpair_00003222_cond_01_4p,mpair_00003222,eval,4,"QED,TPSA,HBA,RB",COc1ccc(S(=O)(=O)N(Cc2cccnc2)c2c(C)cc(Br)cc2C(=O)NO)cc1,COC(=O)c1cccc(C(=O)NO)c1N(Cc1cccnc1)S(=O)(=O)c1ccc(OC)cc1,COc1ccc(S(=O)(=O)N(Cc2cccnc2)c2c(C)cc(Br)cc2C(=O)NO)cc1,O=S(=O)(c1ccccc1)N(Cc1cccnc1)c1ccccc1,O=S(=O)(c1ccccc1)N(Cc1cccnc1)c1ccccc1,True,False,False,source_identity,1.0,0.734375,,,,,,,,,0.29046454626646695,0.3740614499694089,0.08359690370294193,True,135.13,108.83000000000001,26.299999999999983,False,,,,,8.0,6.0,2.0,False,8.0,7.0,1.0,True
scaffold_property_retrieval,mpair_00003532_cond_02_4p,mpair_00003532,eval,4,"LogP,QED,TPSA,HBA",CCOC(=O)C(C)Oc1cccc(N(Cc2cccnc2)S(=O)(=O)CC(F)(F)F)c1,CCCC(C)Oc1cccc(N(Cc2cccnc2)S(=O)(=O)CC(F)(F)F)c1,CCOC(=O)C(C)Oc1cccc(N(Cc2cccnc2)S(=O)(=O)CC(F)(F)F)c1,c1ccc(NCc2cccnc2)cc1,c1ccc(NCc2cccnc2)cc1,True,False,False,source_identity,1.0,0.746031746031746,,,,,4.547700000000003,3.3107000000000024,1.237000000000001,False,0.6018859517288218,0.5496815697636838,0.05220438196513799,True,59.5,85.80000000000001,26.30000000000001,False,,,,,4.0,6.0,2.0,False,,,,
scaffold_property_retrieval,mpair_00003537_cond_01_4p,mpair_00003537,eval,4,"MW,LogP,TPSA,RB",CC(C)COc1cccc(N(Cc2cccnc2)S(=O)(=O)CC(F)(F)F)c1,CCOC(=O)C(C)Oc1cccc(N(Cc2cccnc2)S(=O)(=O)CC(F)(F)F)c1,CC(C)COc1cccc(N(Cc2cccnc2)S(=O)(=O)CC(F)(F)F)c1,c1ccc(NCc2cccnc2)cc1,c1ccc(NCc2cccnc2)cc1,True,False,False,source_identity,1.0,0.6984126984126984,446.4470000000001,402.43800000000005,44.00900000000007,False,3.3107000000000024,4.015100000000003,0.7044000000000006,True,,,,,85.80000000000001,59.5,26.30000000000001,False,,,,,,,,,9.0,8.0,1.0,True
scaffold_property_retrieval,mpair_00000013_cond_00_5p,mpair_00000013,eval,5,"MW,LogP,QED,HBA,RB",COc1cccc(C(=O)N2C[C@H](CN3CCC(c4ccccc4)CC3)[C@@H](c3ccccc3)C2)c1,O=C(c1ccccc1C(F)(F)F)N1C[C@H](CN2CCC(c3ccccc3)CC2)[C@@H](c2ccccc2)C1,COc1cccc(C(=O)N2C[C@H](CN3CCC(c4ccccc4)CC3)[C@@H](c3ccccc3)C2)c1,O=C(c1ccccc1)N1C[C@H](CN2CCC(c3ccccc3)CC2)[C@@H](c2ccccc2)C1,O=C(c1ccccc1)N1C[C@H](CN2CCC(c3ccccc3)CC2)[C@@H](c2ccccc2)C1,True,False,False,source_identity,1.0,0.578125,492.5850000000002,454.61400000000015,37.97100000000006,False,6.4408000000000065,5.430600000000005,1.010200000000001,False,0.4092272471712491,0.49786269936596683,0.08863545219471775,True,,,,,,,,,2.0,3.0,1.0,True,5.0,6.0,1.0,True
scaffold_property_retrieval,mpair_00000327_cond_01_5p,mpair_00000327,eval,5,"MW,LogP,QED,HBA,RB",CSC1=C(C(=O)O)N2C(=O)[C@@H](NC(=O)[C@H](N)c3ccccc3)[C@H]2CC1,N[C@@H](C(=O)N[C@@H]1C(=O)N2C(C(=O)O)=C(C(F)(F)F)CC[C@H]12)c1cccc(C(F)(F)F)c1,CSC1=C(C(=O)O)N2C(=O)[C@@H](NC(=O)[C@H](N)c3ccccc3)[C@H]2CC1,O=C(Cc1ccccc1)N[C@@H]1C(=O)N2C=CCC[C@H]12,O=C(Cc1ccccc1)N[C@@H]1C(=O)N2C=CCC[C@H]12,True,False,False,source_identity,1.0,0.5757575757575758,451.3230000000001,361.42300000000006,89.90000000000003,False,2.0955999999999997,0.8350000000000002,1.2605999999999995,False,0.4795891963980345,0.6699274889764619,0.19033829257842744,False,,,,,,,,,4.0,5.0,1.0,True,4.0,5.0,1.0,True
scaffold_property_retrieval,mpair_00000335_cond_02_5p,mpair_00000335,eval,5,"MW,LogP,TPSA,HBD,HBA",N[C@@H](C(=O)N[C@@H]1C(=O)N2C(C(=O)O)=C(C(F)(F)F)CC[C@H]12)c1cccc(Br)c1,N[C@@H](C(=O)N[C@@H]1C(=O)N2C(C(=O)O)=C(C(F)(F)F)CC[C@H]12)c1ccc(O)cc1,N[C@@H](C(=O)N[C@@H]1C(=O)N2C(C(=O)O)=C(C(F)(F)F)CC[C@H]12)c1cccc(Br)c1,O=C(Cc1ccccc1)N[C@@H]1C(=O)N2C=CCC[C@H]12,O=C(Cc1ccccc1)N[C@@H]1C(=O)N2C=CCC[C@H]12,True,False,False,source_identity,1.0,0.7377049180327869,399.3250000000001,462.2220000000001,62.89699999999999,False,0.7823999999999993,1.8392999999999997,1.0569000000000004,False,,,,,132.96,112.73,20.230000000000004,False,4.0,3.0,1.0,True,5.0,4.0,1.0,True,,,,
scaffold_property_retrieval,mpair_00000588_cond_00_5p,mpair_00000588,eval,5,"LogP,QED,TPSA,HBD,HBA",OC[C@@H]1N[C@@H](CCCCc2ccc(O)cc2)[C@H](O)[C@H]1O,OC[C@@H]1N[C@@H](CCCCc2cc(F)cc(F)c2)[C@H](O)[C@H]1O,OC[C@@H]1N[C@@H](CCCCc2ccc(O)cc2)[C@H](O)[C@H]1O,c1ccc(CCCC[C@H]2CCCN2)cc1,c1ccc(CCCC[C@H]2CCCN2)cc1,True,False,False,source_identity,1.0,0.625,,,,,0.7320999999999995,0.15949999999999964,0.5725999999999999,True,0.5846986769843887,0.47902706341404183,0.10567161357034688,False,72.72,92.95,20.230000000000004,False,4.0,5.0,1.0,True,4.0,5.0,1.0,True,,,,
scaffold_property_retrieval,mpair_00000765_cond_01_5p,mpair_00000765,eval,5,"MW,LogP,QED,HBA,RB",COc1cccc(-c2cncc(O[C@@H]3CCNC3)c2)c1,Clc1cccc(-c2cc(O[C@@H]3CCNC3)cnc2Cl)c1,COc1cccc(-c2cncc(O[C@@H]3CCNC3)c2)c1,c1ccc(-c2cncc(O[C@@H]3CCNC3)c2)cc1,c1ccc(-c2cncc(O[C@@H]3CCNC3)c2)cc1,True,False,False,source_identity,1.0,0.5,309.196,270.33199999999994,38.86400000000009,False,3.796100000000002,2.4979000000000005,1.2982000000000014,False,0.8758671086324237,0.9267061641096688,0.0508390554772451,True,,,,,,,,,3.0,4.0,1.0,True,3.0,4.0,1.0,True
scaffold_property_retrieval,mpair_00002474_cond_01_5p,mpair_00002474,eval,5,"MW,QED,TPSA,HBA,RB",COc1cc(NC(=O)c2cc(OCCCN(C)C)nn2Cc2ccccc2)cc(OC)c1OC,CN(C)CCCOc1cc(C(=O)Nc2ccc(Cl)cc2F)n(Cc2ccccc2)n1,COc1cc(NC(=O)c2cc(OCCCN(C)C)nn2Cc2ccccc2)cc(OC)c1OC,O=C(Nc1ccccc1)c1ccnn1Cc1ccccc1,O=C(Nc1ccccc1)c1ccnn1Cc1ccccc1,True,False,False,source_identity,1.0,0.6376811594202898,430.9110000000001,468.5540000000002,37.643000000000086,False,,,,,0.5138601191048354,0.4069700768443977,0.10689004226043775,False,59.39,87.08000000000001,27.690000000000012,False,,,,,5.0,8.0,3.0,False,9.0,12.0,3.0,False
scaffold_property_retrieval,mpair_00002509_cond_00_5p,mpair_00002509,eval,5,"MW,LogP,QED,TPSA,HBA",CSc1cc(-c2ccc(Br)cc2)oc(=O)c1C#N,CSc1cc(-c2ccc(Br)cc2)oc(=O)c1Br,CSc1cc(-c2ccc(F)cc2)oc(=O)c1,O=c1cccc(-c2ccccc2)o1,O=c1cccc(-c2ccccc2)o1,True,False,False,,0.3469387755102041,0.38636363636363635,376.0690000000001,236.26699999999997,139.8020000000001,False,4.553700000000002,3.1678000000000024,1.3858999999999995,False,0.7207772389894862,0.7501191134076561,0.029341874418169933,True,30.21,30.21,0.0,True,,,,,3.0,3.0,0.0,True,,,,
scaffold_property_retrieval,mpair_00002543_cond_02_5p,mpair_00002543,eval,5,"MW,QED,TPSA,HBA,RB",CSc1cc(-c2ccc(Br)cc2)oc(=O)c1Cl,CSc1cc(-c2ccc(Cl)cc2)oc(=O)c1C(N)=O,CSc1cc(-c2ccc(F)cc2)oc(=O)c1,O=c1cccc(-c2ccccc2)o1,O=c1cccc(-c2ccccc2)o1,True,False,False,,0.3695652173913043,0.34,295.747,236.26699999999997,59.48000000000005,False,,,,,0.8837306867126842,0.7501191134076561,0.13361157330502804,False,73.30000000000001,30.21,43.09000000000001,False,,,,,4.0,3.0,1.0,True,3.0,2.0,1.0,True
scaffold_property_retrieval,mpair_00002579_cond_00_5p,mpair_00002579,eval,5,"MW,LogP,QED,HBD,HBA",COc1cc(C(=O)N2CCN(C(=O)c3cc(OC)c(OC)c(OC)c3)CC2)cc(OC)c1OC,COc1cc(C(=O)N2CCN(C(=O)c3cc(OC)c(OC)c(OC)c3)C(COC(=O)NCCC(C)C)C2)cc(OC)c1OC,COc1cc(C(=O)N2CCN(C(=O)c3cc(OC)c(OC)c(OC)c3)CC2)cc(OC)c1OC,O=C(c1ccccc1)N1CCN(C(=O)c2ccccc2)CC1,O=C(c1ccccc1)N1CCN(C(=O)c2ccccc2)CC1,True,False,False,source_identity,1.0,0.48148148148148145,617.6960000000003,474.51000000000033,143.18599999999992,False,3.4773000000000023,2.3364000000000003,1.140900000000002,False,0.3561059094946873,0.5754127815390553,0.219306872044368,False,,,,,1.0,0.0,1.0,True,10.0,8.0,2.0,False,,,,
scaffold_property_retrieval,mpair_00002590_cond_01_5p,mpair_00002590,eval,5,"MW,LogP,QED,HBD,RB",COc1cc(C(=O)N2CCN(C(=O)c3cc(OC)c(OC)c(OC)c3)C(COC(=O)NCCC(C)C)C2)cc(OC)c1OC,COc1cc(C(=O)N2CCN(C(=O)c3cc(OC)c(OC)c(OC)c3)C(COC(C)=O)C2)cc(OC)c1OC,COc1cc(C(=O)N2CCN(C(=O)c3cc(OC)c(OC)c(OC)c3)C(COC(=O)NCCC(C)C)C2)cc(OC)c1OC,O=C(c1ccccc1)N1CCN(C(=O)c2ccccc2)CC1,O=C(c1ccccc1)N1CCN(C(=O)c2ccccc2)CC1,True,False,False,source_identity,1.0,0.7017543859649122,546.5730000000003,617.6960000000003,71.12299999999993,False,2.2681000000000004,3.4773000000000023,1.2092000000000018,False,0.41028124355120477,0.3561059094946873,0.05417533405651748,True,,,,,0.0,1.0,1.0,True,,,,,10.0,13.0,3.0,False
scaffold_property_retrieval,mpair_00002625_cond_01_5p,mpair_00002625,eval,5,"MW,QED,TPSA,HBD,RB",COc1ccc(C(=O)Nc2c(Cl)cncc2Cl)c2ccc(C(C)O)nc12,COc1ccc(C(=O)Nc2c(Cl)cncc2Cl)c2cccnc12,COc1ccc(C(=O)Nc2c(Cl)cncc2Cl)c2ccc(C(C)O)nc12,O=C(Nc1ccncc1)c1cccc2ncccc12,O=C(Nc1ccncc1)c1cccc2ncccc12,True,False,False,source_identity,1.0,0.6428571428571429,348.1890000000001,392.24200000000013,44.053000000000054,False,,,,,0.7706046174674384,0.6936033323496321,0.07700128511780624,True,64.11,84.34,20.230000000000004,False,1.0,2.0,1.0,True,,,,,3.0,4.0,1.0,True
scaffold_property_retrieval,mpair_00002631_cond_02_5p,mpair_00002631,eval,5,"LogP,TPSA,HBD,HBA,RB",CC(C)(C)[C@H](O)C(=O)N1C[C@H](c2ccccc2)C[C@H]1C(=O)N[C@@H](CC(F)F)C(=O)NCCc1c(F)cc(C(=O)O)cc1F,CC(C)CC(=O)N1C[C@H](c2ccccc2)C[C@H]1C(=O)N[C@@H](CC(F)F)C(=O)NCCc1c(F)cc(C(=O)O)cc1F,CC(C)(C)[C@H](O)C(=O)N1C[C@H](c2ccccc2)C[C@H]1C(=O)N[C@@H](CC(F)F)C(=O)NCCc1c(F)cc(C(=O)O)cc1F,O=C(CNC(=O)[C@@H]1C[C@@H](c2ccccc2)CN1)NCCc1ccccc1,O=C(CNC(=O)[C@@H]1C[C@@H](c2ccccc2)CN1)NCCc1ccccc1,True,False,False,source_identity,1.0,0.7567567567567568,,,,,3.892500000000002,3.253400000000001,0.6391000000000009,True,,,,,115.81000000000002,136.04,20.229999999999976,False,3.0,4.0,1.0,True,4.0,5.0,1.0,True,12.0,11.0,1.0,True
scaffold_property_retrieval,mpair_00003217_cond_00_5p,mpair_00003217,eval,5,"MW,QED,TPSA,HBA,RB",Clc1ccc(Nc2nc(N3CCOCC3)nc3ccccc23)cc1,COC(=O)c1ccc2c(Nc3ccc(Cl)cc3)nc(N3CCOCC3)nc2c1,Clc1ccc(Nc2nc(N3CCOCC3)nc3ccccc23)cc1,c1ccc(Nc2nc(N3CCOCC3)nc3ccccc23)cc1,c1ccc(Nc2nc(N3CCOCC3)nc3ccccc23)cc1,True,False,False,source_identity,1.0,0.631578947368421,398.85000000000025,340.81399999999996,58.036000000000286,False,,,,,0.6719222545699903,0.784150666451108,0.11222841188111765,False,76.58,50.28,26.299999999999997,False,,,,,7.0,5.0,2.0,False,4.0,3.0,1.0,True
scaffold_property_retrieval,mpair_00000339_cond_01_6p,mpair_00000339,eval,6,"MW,LogP,QED,TPSA,HBD,HBA",N[C@@H](C(=O)N[C@@H]1C(=O)N2C(C(=O)O)=C(C(F)(F)F)CC[C@H]12)c1cccc(C(F)(F)F)c1,N[C@@H](C(=O)N[C@@H]1C(=O)N2C(C(=O)O)=C(C(F)(F)F)CC[C@H]12)c1ccc(O)cc1,N[C@@H](C(=O)N[C@@H]1C(=O)N2C(C(=O)O)=C(C(F)(F)F)CC[C@H]12)c1cccc(C(F)(F)F)c1,O=C(Cc1ccccc1)N[C@@H]1C(=O)N2C=CCC[C@H]12,O=C(Cc1ccccc1)N[C@@H]1C(=O)N2C=CCC[C@H]12,True,False,False,source_identity,1.0,0.7377049180327869,399.3250000000001,451.3230000000001,51.99799999999999,False,0.7823999999999993,2.0955999999999997,1.3132000000000004,False,0.5533729404309352,0.4795891963980345,0.07378374403290072,True,132.96,112.73,20.230000000000004,False,4.0,3.0,1.0,True,5.0,4.0,1.0,True,,,,
scaffold_property_retrieval,mpair_00001127_cond_01_6p,mpair_00001127,eval,6,"LogP,QED,TPSA,HBD,HBA,RB",CN1C(=O)c2ccccc2C1CCN1CCN(c2ccc(Cl)cc2)CC1,COc1ccc(N2CCN(CCC3NC(=O)c4ccccc43)CC2)cc1,CN1C(=O)c2ccccc2C1CCN1CCN(c2ccc(Cl)cc2)CC1,O=C1NC(CCN2CCN(c3ccccc3)CC2)c2ccccc21,O=C1NC(CCN2CCN(c3ccccc3)CC2)c2ccccc21,True,True,True,source_identity,1.0,0.48333333333333334,,,,,2.692000000000001,3.679000000000003,0.9870000000000019,True,0.8996022198661571,0.8221231339252668,0.07747908594089026,True,44.81,26.790000000000006,18.019999999999996,True,1.0,0.0,1.0,True,4.0,3.0,1.0,True,5.0,4.0,1.0,True
scaffold_property_retrieval,mpair_00002579_cond_01_6p,mpair_00002579,eval,6,"MW,LogP,QED,HBD,HBA,RB",COc1cc(C(=O)N2CCN(C(=O)c3cc(OC)c(OC)c(OC)c3)CC2)cc(OC)c1OC,COc1cc(C(=O)N2CCN(C(=O)c3cc(OC)c(OC)c(OC)c3)C(COC(=O)NCCC(C)C)C2)cc(OC)c1OC,COc1cc(C(=O)N2CCN(C(=O)c3cc(OC)c(OC)c(OC)c3)CC2)cc(OC)c1OC,O=C(c1ccccc1)N1CCN(C(=O)c2ccccc2)CC1,O=C(c1ccccc1)N1CCN(C(=O)c2ccccc2)CC1,True,False,False,source_identity,1.0,0.48148148148148145,617.6960000000003,474.51000000000033,143.18599999999992,False,3.4773000000000023,2.3364000000000003,1.140900000000002,False,0.3561059094946873,0.5754127815390553,0.219306872044368,False,,,,,1.0,0.0,1.0,True,10.0,8.0,2.0,False,13.0,8.0,5.0,False
scaffold_property_retrieval,mpair_00002586_cond_00_6p,mpair_00002586,eval,6,"MW,LogP,QED,HBD,HBA,RB",COc1cc(C(=O)N2CCN(C(=O)c3cc(OC)c(OC)c(OC)c3)C(COC(=O)CC(C)(C)C)C2)cc(OC)c1OC,COc1cc(C(=O)N2CCN(C(=O)c3cc(OC)c(OC)c(OC)c3)C(CO)C2)cc(OC)c1OC,COc1cc(C(=O)N2CCN(C(=O)c3cc(OC)c(OC)c(OC)c3)C(COC(=O)CC(C)(C)C)C2)cc(OC)c1OC,O=C(c1ccccc1)N1CCN(C(=O)c2ccccc2)CC1,O=C(c1ccccc1)N1CCN(C(=O)c2ccccc2)CC1,True,False,False,source_identity,1.0,0.6792452830188679,504.53600000000034,602.6810000000004,98.14500000000004,False,1.6973000000000003,3.684400000000003,1.9871000000000025,False,0.544633228323374,0.3521539372279048,0.19247929109546924,False,,,,,1.0,0.0,1.0,True,9.0,10.0,1.0,True,9.0,11.0,2.0,False
scaffold_property_retrieval,mpair_00002613_cond_01_6p,mpair_00002613,eval,6,"LogP,QED,TPSA,HBD,HBA,RB",COc1ccc(C(=O)Nc2ccncc2Cl)c2cccnc12,COc1ccc(C(=O)Nc2c(Cl)cncc2Cl)c2ccc(C(C)O)nc12,COc1ccc(C(=O)Nc2ccncc2Cl)c2cccnc12,O=C(Nc1ccncc1)c1cccc2ncccc12,O=C(Nc1ccncc1)c1cccc2ncccc12,True,False,False,source_identity,1.0,0.49206349206349204,,,,,4.2508000000000035,3.544100000000002,0.7067000000000014,True,0.6936033323496321,0.8029165077767629,0.10931317542713082,False,84.34,64.11,20.230000000000004,False,2.0,1.0,1.0,True,5.0,4.0,1.0,True,4.0,3.0,1.0,True
scaffold_property_retrieval,mpair_00003218_cond_02_6p,mpair_00003218,eval,6,"MW,LogP,QED,TPSA,HBA,RB",COC(=O)c1cccc(C(=O)NO)c1N(Cc1cccnc1)S(=O)(=O)c1ccc(OC)cc1,COc1ccc(S(=O)(=O)N(Cc2cccnc2)c2c(C)cccc2C(=O)NO)cc1,COC(=O)c1cccc(C(=O)NO)c1N(Cc1cccnc1)S(=O)(=O)c1ccc(OC)cc1,O=S(=O)(c1ccccc1)N(Cc1cccnc1)c1ccccc1,O=S(=O)(c1ccccc1)N(Cc1cccnc1)c1ccccc1,True,False,False,source_identity,1.0,0.8333333333333334,427.48200000000014,471.49100000000016,44.009000000000015,False,2.91312,2.391300000000001,0.5218199999999991,True,0.44330794633881315,0.29046454626646695,0.1528434000723462,False,108.83000000000001,135.13,26.299999999999983,False,,,,,6.0,8.0,2.0,False,7.0,8.0,1.0,True
scaffold_property_retrieval,mpair_00002522_cond_01_7p,mpair_00002522,eval,7,"MW,LogP,QED,TPSA,HBD,HBA,RB",CSc1cc(-c2ccc(Cl)cc2)oc(=O)c1,CSc1cc(-c2ccc(Cl)cc2)oc(=O)c1C(N)=O,CSc1cc(-c2ccc(F)cc2)oc(=O)c1,O=c1cccc(-c2ccccc2)o1,O=c1cccc(-c2ccccc2)o1,True,False,False,,0.7142857142857143,0.34,295.747,236.26699999999997,59.48000000000005,False,2.7810000000000006,3.1678000000000024,0.3868000000000018,True,0.8837306867126842,0.7501191134076561,0.13361157330502804,False,73.30000000000001,30.21,43.09000000000001,False,1.0,0.0,1.0,True,4.0,3.0,1.0,True,3.0,2.0,1.0,True
scaffold_property_retrieval,mpair_00002553_cond_02_7p,mpair_00002553,eval,7,"MW,LogP,QED,TPSA,HBD,HBA,RB",CSc1cc(-c2ccc(Cl)cc2)oc(=O)c1C(N)=O,CSc1cc(-c2ccc(Cl)cc2)oc(=O)c1Br,CSc1cc(-c2ccc(F)cc2)oc(=O)c1,O=c1cccc(-c2ccccc2)o1,O=c1cccc(-c2ccccc2)o1,True,False,False,,0.34,0.3695652173913043,331.61799999999994,236.26699999999997,95.35099999999997,False,4.444600000000001,3.1678000000000024,1.2767999999999988,False,0.7618841288913729,0.7501191134076561,0.011765015483716779,True,30.21,30.21,0.0,True,0.0,0.0,0.0,True,3.0,3.0,0.0,True,2.0,2.0,0.0,True
edit_latent_source_similarity_rerank,mpair_00000002_cond_02_2p,mpair_00000002,eval,2,"LogP,QED",O=C(c1cccc(Cl)c1)N1C[C@H](CN2CCC(c3ccccc3)CC2)[C@@H](c2ccccc2)C1,O=C(c1ccccc1F)N1C[C@H](CN2CCC(c3ccccc3)CC2)[C@@H](c2ccccc2)C1,c1ccc(CN2C[C@H](CN3CCC(c4ccccc4)CC3)[C@@H](c3ccccc3)C2)cc1,O=C(c1ccccc1)N1C[C@H](CN2CCC(c3ccccc3)CC2)[C@@H](c2ccccc2)C1,c1ccc(CN2C[C@H](CN3CCC(c4ccccc4)CC3)[C@@H](c3ccccc3)C2)cc1,False,True,False,,0.5357142857142857,0.5370370370370371,,,,,5.561100000000006,5.781800000000006,0.2206999999999999,True,0.5164092889512721,0.5080206300929883,0.008388658858283882,True,,,,,,,,,,,,,,,,
edit_latent_source_similarity_rerank,mpair_00000005_cond_01_2p,mpair_00000005,eval,2,"HBA,RB",O=C(c1ccccc1F)N1C[C@H](CN2CCC(c3ccccc3)CC2)[C@@H](c2ccccc2)C1,COc1cccc(C(=O)N2C[C@H](CN3CCC(c4ccccc4)CC3)[C@@H](c3ccccc3)C2)c1,O=C(NC1CCN(CC2CCCCCCC2)CC1)C(O)(c1ccccc1)c1ccccc1,O=C(c1ccccc1)N1C[C@H](CN2CCC(c3ccccc3)CC2)[C@@H](c2ccccc2)C1,O=C(NC1CCN(CC2CCCCCCC2)CC1)C(c1ccccc1)c1ccccc1,False,True,False,,0.27941176470588236,0.25675675675675674,,,,,,,,,,,,,,,,,,,,,3.0,3.0,0.0,True,6.0,6.0,0.0,True
edit_latent_source_similarity_rerank,mpair_00000007_cond_02_2p,mpair_00000007,eval,2,"LogP,QED",O=C(c1ccccc1F)N1C[C@H](CN2CCC(c3ccccc3)CC2)[C@@H](c2ccccc2)C1,O=C(c1cccc(Cl)c1)N1C[C@H](CN2CCC(c3ccccc3)CC2)[C@@H](c2ccccc2)C1,c1ccc(CN2C[C@H](CN3CCC(c4ccccc4)CC3)[C@@H](c3ccccc3)C2)cc1,O=C(c1ccccc1)N1C[C@H](CN2CCC(c3ccccc3)CC2)[C@@H](c2ccccc2)C1,c1ccc(CN2C[C@H](CN3CCC(c4ccccc4)CC3)[C@@H](c3ccccc3)C2)cc1,False,True,False,,0.5370370370370371,0.5357142857142857,,,,,6.075400000000006,5.781800000000006,0.2936000000000005,True,0.4625029539066648,0.5080206300929883,0.045517676186323464,True,,,,,,,,,,,,,,,,
edit_latent_source_similarity_rerank,mpair_00000011_cond_01_2p,mpair_00000011,eval,2,"HBA,RB",COc1cccc(C(=O)N2C[C@H](CN3CCC(c4ccccc4)CC3)[C@@H](c3ccccc3)C2)c1,O=C(c1ccccc1F)N1C[C@H](CN2CCC(c3ccccc3)CC2)[C@@H](c2ccccc2)C1,COc1cc(F)ccc1N1CCN(C[C@H]2C[C@@H]2c2ccccc2)CC1,O=C(c1ccccc1)N1C[C@H](CN2CCC(c3ccccc3)CC2)[C@@H](c2ccccc2)C1,c1ccc([C@H]2C[C@@H]2CN2CCN(c3ccccc3)CC2)cc1,False,True,False,,0.3472222222222222,0.3188405797101449,,,,,,,,,,,,,,,,,,,,,2.0,3.0,1.0,True,5.0,5.0,0.0,True
edit_latent_source_similarity_rerank,mpair_00000015_cond_00_2p,mpair_00000015,eval,2,"LogP,TPSA",O=C(O)CC[C@H]1CC[C@H]2CN[C@H](C(=O)O)C[C@H]2C1,O=C(O)[C@@H]1C[C@H]2C[C@@H](CCS(=O)(=O)O)CC[C@H]2CN1,COc1ccc2ccc(S(=O)(=O)NC3CCN(Cc4cc(C(=N)N)ccc4N)C3=O)cc2c1,C1CC[C@H]2CNCC[C@H]2C1,O=C1C(NS(=O)(=O)c2ccc3ccccc3c2)CCN1Cc1ccccc1,False,False,False,,0.06741573033707865,0.08888888888888889,,,,,0.7433000000000001,1.7940699999999998,1.0507699999999998,False,,,,,103.7,151.6,47.89999999999999,False,,,,,,,,,,,,
edit_latent_source_similarity_rerank,mpair_00000323_cond_01_2p,mpair_00000323,eval,2,"TPSA,HBA",N[C@@H](C(=O)N[C@@H]1C(=O)N2C(C(=O)O)=C(C(F)(F)F)CC[C@H]12)c1ccc(F)cc1,N[C@@H](C(=O)N[C@@H]1C(=O)N2C(C(=O)O)=C(C(F)(F)F)CC[C@H]12)c1ccc(O)cc1,COC(=O)c1ccccc1-c1ccc(C[C@H](NC(=O)[C@@H]2CCCN2S(=O)(=O)c2cc(Cl)cc(Cl)c2)C(=O)O)cc1,O=C(Cc1ccccc1)N[C@@H]1C(=O)N2C=CCC[C@H]12,O=C(NCCc1ccc(-c2ccccc2)cc1)[C@@H]1CCCN1S(=O)(=O)c1ccccc1,False,True,False,,0.1485148514851485,0.1485148514851485,,,,,,,,,,,,,132.96,130.07999999999998,2.880000000000024,True,,,,,5.0,6.0,1.0,True,,,,
edit_latent_source_similarity_rerank,mpair_00000330_cond_00_2p,mpair_00000330,eval,2,"QED,HBD",N[C@@H](C(=O)N[C@@H]1C(=O)N2C(C(=O)O)=C(C(F)(F)F)CC[C@H]12)c1ccc(O)cc1,N[C@@H](C(=O)N[C@@H]1C(=O)N2C(C(=O)O)=C(C(F)(F)F)CC[C@H]12)c1cccc(C(F)(F)F)c1,N[C@@H](C(=O)N[C@@H]1C(=O)N2C(C(=O)O)=C(Sc3nc4ccccc4s3)CC[C@H]12)c1ccccc1,O=C(Cc1ccccc1)N[C@@H]1C(=O)N2C=CCC[C@H]12,O=C(Cc1ccccc1)N[C@@H]1C(=O)N2C=C(Sc3nc4ccccc4s3)CC[C@H]12,False,True,False,,0.49333333333333335,0.48717948717948717,,,,,,,,,0.4795891963980345,0.46330316392650406,0.01628603247153043,True,,,,,3.0,3.0,0.0,True,,,,,,,,
edit_latent_source_similarity_rerank,mpair_00000337_cond_01_2p,mpair_00000337,eval,2,"MW,LogP",N[C@@H](C(=O)N[C@@H]1C(=O)N2C(C(=O)O)=C(C(F)(F)F)CC[C@H]12)c1cccc(C(F)(F)F)c1,N[C@@H](C(=O)N[C@@H]1C(=O)N2C(C(=O)O)=C(C(F)(F)F)CC[C@H]12)c1ccc(F)cc1,COc1ccc(CCNCC(O)COC(=O)c2ccccc2)cc1OC,O=C(Cc1ccccc1)N[C@@H]1C(=O)N2C=CCC[C@H]12,O=C(OCCCNCCc1ccccc1)c1ccccc1,False,False,False,,0.13636363636363635,0.10344827586206896,401.3160000000001,359.4220000000001,41.894000000000005,False,1.2158999999999993,2.0538,0.8379000000000005,True,,,,,,,,,,,,,,,,,,,,
edit_latent_source_similarity_rerank,mpair_00000586_cond_00_2p,mpair_00000586,eval,2,"LogP,HBD",OC[C@@H]1N[C@@H](CCCCc2cc(F)cc(F)c2)[C@H](O)[C@H]1O,OC[C@@H]1N[C@@H](CCCCc2ccc(O)cc2)[C@H](O)[C@H]1O,CCCCCNC(=O)C(Cc1ccc(OCCO)c(C(=O)O)c1)NC(=O)CCC(=O)O,c1ccc(CCCC[C@H]2CCCN2)cc1,c1ccccc1,False,True,False,,0.1,0.11538461538461539,,,,,0.15949999999999964,0.9544000000000006,0.7949000000000009,True,,,,,,,,,5.0,5.0,0.0,True,,,,,,,,
edit_latent_source_similarity_rerank,mpair_00000589_cond_01_2p,mpair_00000589,eval,2,"HBA,RB",COc1ccc(CCCC[C@@H]2N[C@@H](CO)[C@H](O)[C@H]2O)cc1,OC[C@@H]1N[C@@H](CCCCc2ccc(F)cc2)[C@H](O)[C@H]1O,COC(=O)c1ccc(-c2nn(Cc3ccccc3)c3cc(OC)ccc23)o1,c1ccc(CCCC[C@H]2CCCN2)cc1,c1ccc(Cn2nc(-c3ccco3)c3ccccc32)cc1,False,False,False,,0.19718309859154928,0.09333333333333334,,,,,,,,,,,,,,,,,,,,,4.0,6.0,2.0,False,6.0,5.0,1.0,True
edit_latent_source_similarity_rerank,mpair_00000591_cond_00_2p,mpair_00000591,eval,2,"HBD,HBA",OC[C@@H]1N[C@@H](CCCCc2ccc(F)cc2)[C@H](O)[C@H]1O,OC[C@@H]1N[C@@H](CCCCc2ccc(O)cc2)[C@H](O)[C@H]1O,C[C@H](CO)NC(=O)[C@@H]1N[C@@H]([C@H](NC(=O)Cc2ccccc2)C(=O)NCc2ccccc2)SC1(C)C,c1ccc(CCCC[C@H]2CCCN2)cc1,O=C(Cc1ccccc1)N[C@H](C(=O)NCc1ccccc1)[C@@H]1NCCS1,False,True,False,,0.1282051282051282,0.12987012987012986,,,,,,,,,,,,,,,,,5.0,5.0,0.0,True,5.0,6.0,1.0,True,,,,
edit_latent_source_similarity_rerank,mpair_00000593_cond_00_2p,mpair_00000593,eval,2,"HBA,RB",OC[C@@H]1N[C@@H](CCCCc2cc(F)cc(F)c2)[C@H](O)[C@H]1O,COc1ccc(CCCC[C@@H]2N[C@@H](CO)[C@H](O)[C@H]2O)cc1,CC(=O)N1CCN(C(=O)Cc2cccc([N+](=O)[O-])c2)[C@@H](CN2CC[C@@H](O)C2)C1,c1ccc(CCCC[C@H]2CCCN2)cc1,O=C(Cc1ccccc1)N1CCNC[C@@H]1CN1CCCC1,False,False,False,,0.09876543209876543,0.12195121951219512,,,,,,,,,,,,,,,,,,,,,5.0,6.0,1.0,True,7.0,5.0,2.0,False
edit_latent_source_similarity_rerank,mpair_00000594_cond_02_2p,mpair_00000594,eval,2,"HBA,RB",COc1ccc(CCCC[C@@H]2N[C@@H](CO)[C@H](O)[C@H]2O)cc1,OC[C@@H]1N[C@@H](CCCCc2cc(F)cc(F)c2)[C@H](O)[C@H]1O,CCCCc1cccc(Nc2cc(O)nc(O)n2)c1,c1ccc(CCCC[C@H]2CCCN2)cc1,c1ccc(Nc2ccncn2)cc1,False,True,False,,0.15625,0.14516129032258066,,,,,,,,,,,,,,,,,,,,,4.0,5.0,1.0,True,6.0,5.0,1.0,True
edit_latent_source_similarity_rerank,mpair_00000597_cond_00_2p,mpair_00000597,eval,2,"QED,HBA",OC[C@@H]1N[C@@H](CCCCc2ccc(O)cc2)[C@H](O)[C@H]1O,OC[C@@H]1N[C@@H](CCCCc2ccc(F)cc2)[C@H](O)[C@H]1O,Nc1nc(O)c(I)c(-c2cccc([N+](=O)[O-])c2)n1,c1ccc(CCCC[C@H]2CCCN2)cc1,c1ccc(-c2ccncn2)cc1,False,False,False,,0.07692307692307693,0.05970149253731343,,,,,,,,,0.5767746304019578,0.481696584092637,0.09507804630932076,True,,,,,,,,,4.0,6.0,2.0,False,,,,
edit_latent_source_similarity_rerank,mpair_00000725_cond_00_2p,mpair_00000725,eval,2,"LogP,RB",C=CCc1cc(/C=C2\SC(=O)NC2=O)c(OC)cc1OC1CCCCO1,C=CCc1cc(/C=C2\SC(=O)N(CC=C(C)C)C2=O)c(OC)cc1OC1CCCCO1,COc1ccccc1-c1ccc(C[C@H](NC(=O)Cc2ccc3ccccc3c2)C(=O)O)cc1,O=C1NC(=O)/C(=C/c2ccc(OC3CCCCO3)cc2)S1,O=C(Cc1ccc2ccccc2c1)NCCc1ccc(-c2ccccc2)cc1,False,True,False,,0.1348314606741573,0.13402061855670103,,,,,5.331600000000005,4.870000000000003,0.46160000000000245,True,,,,,,,,,,,,,,,,,8.0,8.0,0.0,True
edit_latent_source_similarity_rerank,mpair_00000729_cond_01_2p,mpair_00000729,eval,2,"LogP,QED",C=CCc1cc(/C=C2\SC(=O)N(CC=C(C)C)C2=O)c(OC)cc1OC1CCCCO1,C=CCc1cc(/C=C2\SC(=O)N(CC=C)C2=O)c(OC)cc1OC1CCCCO1,COC(=O)C1c2ccccc2NC(=O)CN1C(=O)N(C)Cc1cc(C(F)(F)F)cc(C(F)(F)F)c1,O=C1NC(=O)/C(=C/c2ccc(OC3CCCCO3)cc2)S1,O=C1CN(C(=O)NCc2ccccc2)Cc2ccccc2N1,False,True,False,,0.15384615384615385,0.15,,,,,4.551400000000004,4.4444000000000035,0.1070000000000002,True,0.45838471716690443,0.49632936353982504,0.03794464637292061,True,,,,,,,,,,,,,,,,
edit_latent_source_similarity_rerank,mpair_00000731_cond_02_2p,mpair_00000731,eval,2,"LogP,RB",C=CCc1cc(/C=C2\SC(=O)N(C(C)C)C2=O)c(OC)cc1OC1CCCCO1,C=CCc1cc(/C=C2\SC(=O)N(CC=C(C)C)C2=O)c(OC)cc1OC1CCCCO1,C=CCN1CCC(N(c2ccccc2)c2ccc(C(=O)N(CC)CC)cc2)C(C)C1,O=C1NC(=O)/C(=C/c2ccc(OC3CCCCO3)cc2)S1,c1ccc(N(c2ccccc2)C2CCNCC2)cc1,False,True,False,,0.13402061855670103,0.15151515151515152,,,,,5.331600000000005,5.203100000000006,0.12849999999999895,True,,,,,,,,,,,,,,,,,8.0,8.0,0.0,True
edit_latent_source_similarity_rerank,mpair_00000734_cond_02_2p,mpair_00000734,eval,2,"MW,QED",C=CCc1cc(/C=C2\SC(=O)N(CCCC)C2=O)c(OC)cc1OC1CCCCO1,C=CCc1cc(/C=C2\SC(=O)N(C)C2=O)c(OC)cc1OC1CCCCO1,COc1ccccc1N1CCN(CCCCNC(=O)C2CCCCC2)CC1,O=C1NC(=O)/C(=C/c2ccc(OC3CCCCO3)cc2)S1,O=C(NCCCCN1CCN(c2ccccc2)CC1)C1CCCCC1,False,False,False,,0.1935483870967742,0.19318181818181818,389.4730000000002,373.5410000000002,15.93199999999996,True,,,,,0.5413211960634129,0.7104097899875398,0.1690885939241269,False,,,,,,,,,,,,,,,,
edit_latent_source_similarity_rerank,mpair_00000737_cond_00_2p,mpair_00000737,eval,2,"QED,HBD",C=CCc1cc(/C=C2\SC(=O)NC2=O)c(OC)cc1OC1CCCCO1,C=CCc1cc(/C=C2\SC(=O)N(C)C2=O)c(OC)cc1OC1CCCCO1,COc1cccc2c(CCC3CCN(Cc4ccccc4)CC3)noc12,O=C1NC(=O)/C(=C/c2ccc(OC3CCCCO3)cc2)S1,c1ccc(CN2CCC(CCc3noc4ccccc34)CC2)cc1,False,False,False,,0.15730337078651685,0.16666666666666666,,,,,,,,,0.5413211960634129,0.646828867661836,0.10550767159842311,False,,,,,0.0,0.0,0.0,True,,,,,,,,
edit_latent_source_similarity_rerank,mpair_00000738_cond_02_2p,mpair_00000738,eval,2,"LogP,QED",C=CCc1cc(/C=C2\SC(=O)N(C(C)C)C2=O)c(OC)cc1OC1CCCCO1,C=CCc1cc(/C=C2\SC(=O)N(C)C2=O)c(OC)cc1OC1CCCCO1,COc1cccc(CC2CCCN(CCCNC(=O)Nc3cccc(C#N)c3)C2)c1,O=C1NC(=O)/C(=C/c2ccc(OC3CCCCO3)cc2)S1,O=C(NCCCN1CCCC(Cc2ccccc2)C1)Nc1ccccc1,False,False,False,,0.12844036697247707,0.14285714285714285,,,,,3.9952000000000023,4.033180000000002,0.037980000000000125,True,0.5413211960634129,0.6489896375496739,0.10766844148626098,False,,,,,,,,,,,,,,,,
edit_latent_source_similarity_rerank,mpair_00000743_cond_01_2p,mpair_00000743,eval,2,"LogP,RB",C=CCc1cc(/C=C2\SC(=O)N(CC=C)C2=O)c(OC)cc1OC1CCCCO1,C=CCc1cc(/C=C2\SC(=O)N(C)C2=O)c(OC)cc1OC1CCCCO1,COc1cccc2c1C(CN(C)CCc1ccc3c(c1)OCO3)CCC2,O=C1NC(=O)/C(=C/c2ccc(OC3CCCCO3)cc2)S1,c1ccc2c(c1)CCCC2CNCCc1ccc2c(c1)OCO2,False,True,False,,0.1702127659574468,0.17391304347826086,,,,,3.9952000000000023,4.0183000000000035,0.02310000000000123,True,,,,,,,,,,,,,,,,,6.0,6.0,0.0,True
edit_latent_source_similarity_rerank,mpair_00000745_cond_01_2p,mpair_00000745,eval,2,"QED,HBD",C=CCc1cc(/C=C2\SC(=O)N(C)C2=O)c(OC)cc1OC1CCCCO1,C=CCc1cc(/C=C2\SC(=O)NC2=O)c(OC)cc1OC1CCCCO1,COc1ccc(C(CC(N)=O)N2C(=O)c3ccccc3C2=O)cc1OC1CCCC1,O=C1NC(=O)/C(=C/c2ccc(OC3CCCCO3)cc2)S1,O=C1c2ccccc2C(=O)N1Cc1cccc(OC2CCCC2)c1,False,False,False,,0.23255813953488372,0.20930232558139536,,,,,,,,,0.6042673504148035,0.7093849443905789,0.10511759397577536,False,,,,,1.0,1.0,0.0,True,,,,,,,,
edit_latent_source_similarity_rerank,mpair_00000751_cond_00_2p,mpair_00000751,eval,2,"LogP,RB",O=C1CCC[C@H]2OC[C@@H](Cc3c[nH]c4ccccc34)N12,CC[C@H]1CCC(=O)N2[C@H](Cc3c[nH]c4ccccc34)CO[C@H]12,O=C1NC(Cc2c[nH]c3ccccc23)C(=O)N2C(c3ccccc3)c3[nH]c4ccccc4c3C[C@@H]12,O=C1CCC[C@H]2OC[C@@H](Cc3c[nH]c4ccccc34)N12,O=C1NC(Cc2c[nH]c3ccccc23)C(=O)N2C(c3ccccc3)c3[nH]c4ccccc4c3C[C@@H]12,False,False,False,,0.3561643835616438,0.34210526315789475,,,,,3.0839000000000016,4.233000000000002,1.1491000000000007,False,,,,,,,,,,,,,,,,,3.0,3.0,0.0,True
edit_latent_source_similarity_rerank,mpair_00000752_cond_02_2p,mpair_00000752,eval,2,"QED,TPSA",CC[C@H]1CCC(=O)N2[C@H](Cc3c[nH]c4ccccc34)CO[C@H]12,COC(=O)C[C@@H]1CC(=O)N2[C@H](Cc3c[nH]c4ccccc34)CO[C@@H]2C1,CC(C)Oc1ccccc1N1CCN(Cc2nc(CN3C(=O)CC4(CCCC4)CC3=O)co2)CC1,O=C1CCC[C@H]2OC[C@@H](Cc3c[nH]c4ccccc34)N12,O=C1CC2(CCCC2)CC(=O)N1Cc1coc(CN2CCN(c3ccccc3)CC2)n1,False,False,False,,0.15053763440860216,0.16161616161616163,,,,,,,,,0.8651865286551231,0.5545220770808847,0.3106644515742384,False,71.63000000000001,79.12,7.489999999999995,True,,,,,,,,,,,,
edit_latent_source_similarity_rerank,mpair_00000756_cond_00_2p,mpair_00000756,eval,2,"LogP,QED",Clc1cccc(-c2cncc(O[C@@H]3CCNC3)c2)c1,Clc1cccc(-c2cc(O[C@@H]3CCNC3)cnc2Cl)c1,Clc1cccc(-c2nnc(-c3cccc(Cl)c3)nn2)c1,c1ccc(-c2cncc(O[C@@H]3CCNC3)c2)cc1,c1ccc(-c2nnc(-c3ccccc3)nn2)cc1,False,False,False,,0.32608695652173914,0.3125,,,,,3.796100000000002,3.9074000000000026,0.11130000000000084,True,0.8758671086324237,0.7200223708327637,0.15584473779966002,False,,,,,,,,,,,,,,,,
edit_latent_source_similarity_rerank,mpair_00000758_cond_00_2p,mpair_00000758,eval,2,"HBA,RB",Clc1cccc(-c2cncc(O[C@@H]3CCNC3)c2)c1,COc1cccc(-c2cncc(O[C@@H]3CCNC3)c2)c1,COc1ccc2c(C3=C(c4cn(C)c5ccccc45)C(=O)NC3=O)cn(C)c2c1,c1ccc(-c2cncc(O[C@@H]3CCNC3)c2)cc1,O=C1NC(=O)C(c2c[nH]c3ccccc23)=C1c1c[nH]c2ccccc12,False,True,False,,0.1095890410958904,0.19117647058823528,,,,,,,,,,,,,,,,,,,,,4.0,5.0,1.0,True,4.0,3.0,1.0,True
edit_latent_source_similarity_rerank,mpair_00000760_cond_00_2p,mpair_00000760,eval,2,"MW,LogP",Clc1cccc(-c2cc(O[C@@H]3CCNC3)cnc2Cl)c1,c1ccc(-c2cncc(O[C@@H]3CCNC3)c2)cc1,CCc1cnn(CCCN(C)C)c1-c1ccccc1,c1ccc(-c2cncc(O[C@@H]3CCNC3)c2)cc1,c1ccc(-c2ccn[nH]2)cc1,False,True,False,,0.11267605633802817,0.16129032258064516,240.30599999999998,257.381,17.07499999999999,True,2.4893,3.0642000000000014,0.5749000000000013,True,,,,,,,,,,,,,,,,,,,,
edit_latent_source_similarity_rerank,mpair_00000761_cond_02_2p,mpair_00000761,eval,2,"HBA,RB",c1ccc(-c2cncc(O[C@@H]3CCNC3)c2)cc1,COc1cccc(-c2cncc(O[C@@H]3CCNC3)c2)c1,COc1cccc(-c2cc(O)c3cc(N4CCN(C)CC4)ccc3n2)c1,c1ccc(-c2cncc(O[C@@H]3CCNC3)c2)cc1,c1ccc(-c2ccc3cc(N4CCNCC4)ccc3n2)cc1,False,True,False,,0.18571428571428572,0.2753623188405797,,,,,,,,,,,,,,,,,,,,,4.0,5.0,1.0,True,4.0,3.0,1.0,True
edit_latent_source_similarity_rerank,mpair_00000764_cond_01_2p,mpair_00000764,eval,2,"LogP,QED",Clc1cccc(-c2cc(O[C@@H]3CCNC3)cnc2Cl)c1,Clc1cccc(-c2cncc(O[C@@H]3CCNC3)c2)c1,OC1N=C(c2ccccc2F)c2cc(Cl)ccc2-n2cncc21,c1ccc(-c2cncc(O[C@@H]3CCNC3)c2)cc1,c1ccc(C2=NCc3cncn3-c3ccccc32)cc1,False,False,False,,0.1891891891891892,0.19444444444444445,,,,,3.1427000000000014,3.506700000000002,0.36400000000000077,True,0.9336391660075258,0.7433233300015104,0.19031583600601543,False,,,,,,,,,,,,,,,,
edit_latent_source_similarity_rerank,mpair_00001114_cond_02_2p,mpair_00001114,eval,2,"QED,HBD",COc1ccc(N2CCN(CCC3NC(=O)c4ccccc43)CC2)cc1,COc1ccc(N2CCN(CCC3c4ccccc4C(=O)N3C)CC2)cc1,COc1ccc(N2CCN(Cc3ccc4ccc(=O)oc4c3)CC2)cc1,O=C1NC(CCN2CCN(c3ccccc3)CC2)c2ccccc21,O=c1ccc2ccc(CN3CCN(c4ccccc4)CC3)cc2o1,False,False,False,,0.38461538461538464,0.390625,,,,,,,,,0.8160326048332845,0.6767174310977655,0.13931517373551905,False,,,,,0.0,0.0,0.0,True,,,,,,,,
edit_latent_source_similarity_rerank,mpair_00001118_cond_02_2p,mpair_00001118,eval,2,"HBD,RB",Cc1ccc(N2CCN(CCC3NC(=O)c4ccccc43)CC2)cc1C,COc1ccc(N2CCN(CCC3c4ccccc4C(=O)N3C)CC2)cc1,COc1cc(-n2sc3ncccc3c2=O)cc(OC)c1OC,O=C1NC(CCN2CCN(c3ccccc3)CC2)c2ccccc21,O=c1c2cccnc2sn1-c1ccccc1,False,True,False,,0.13333333333333333,0.16666666666666666,,,,,,,,,,,,,,,,,0.0,0.0,0.0,True,,,,,5.0,4.0,1.0,True
edit_latent_source_similarity_rerank,mpair_00001120_cond_01_2p,mpair_00001120,eval,2,"QED,HBD",CN1C(=O)c2ccccc2C1CCN1CCN(c2ccc(Cl)cc2)CC1,Cc1ccc(N2CCN(CCC3NC(=O)c4ccccc43)CC2)cc1C,O=C1C(=O)c2ccccc2C(O)=C1CSc1ccc(Cl)cc1,O=C1NC(CCN2CCN(c3ccccc3)CC2)c2ccccc21,O=C1C(=O)c2ccccc2C=C1CSc1ccccc1,False,False,False,,0.24193548387096775,0.14285714285714285,,,,,,,,,0.9198864151307602,0.677673236519128,0.24221317861163216,False,,,,,1.0,1.0,0.0,True,,,,,,,,
edit_latent_source_similarity_rerank,mpair_00001122_cond_00_2p,mpair_00001122,eval,2,"QED,HBD",COc1ccc(N2CCN(CCC3c4ccccc4C(=O)N3C)CC2)cc1,COc1ccc(N2CCN(CCC3NC(=O)c4ccccc43)CC2)cc1,COc1cc2c(cc1OC)C(CCN1CCN(c3ccc(F)cc3)CC1)OCC2,O=C1NC(CCN2CCN(c3ccccc3)CC2)c2ccccc21,c1ccc(N2CCN(CCC3OCCc4ccccc43)CC2)cc1,False,False,False,,0.36231884057971014,0.35714285714285715,,,,,,,,,0.8996022198661571,0.7392163759275141,0.16038584393864297,False,,,,,1.0,0.0,1.0,True,,,,,,,,
edit_latent_source_similarity_rerank,mpair_00001124_cond_02_2p,mpair_00001124,eval,2,"LogP,RB",COc1ccc(N2CCN(CCC3NC(=O)c4ccccc43)CC2)cc1,Cc1ccc(N2CCN(CCC3NC(=O)c4ccccc43)CC2)cc1C,COc1ccccc1-c1cc2c(nn1)-c1ccccc1C2=O,O=C1NC(CCN2CCN(c3ccccc3)CC2)c2ccccc21,O=C1c2ccccc2-c2nnc(-c3ccccc3)cc21,False,False,False,,0.2,0.16417910447761194,,,,,3.3002400000000023,3.3636000000000017,0.06335999999999942,True,,,,,,,,,,,,,,,,,4.0,2.0,2.0,False
edit_latent_source_similarity_rerank,mpair_00001128_cond_01_2p,mpair_00001128,eval,2,"LogP,HBA",CN1C(=O)c2ccccc2C1CCN1CCN(c2ccc(Cl)cc2)CC1,COc1ccc(N2CCN(CCC3c4ccccc4C(=O)N3C)CC2)cc1,COc1cccc2c1CCC(=O)N2CCN1CCN(c2cccc(Cl)c2)CC1,O=C1NC(CCN2CCN(c3ccccc3)CC2)c2ccccc21,O=C1CCc2ccccc2N1CCN1CCN(c2ccccc2)CC1,False,True,False,,0.3142857142857143,0.3055555555555556,,,,,3.034200000000002,3.450000000000002,0.41579999999999995,True,,,,,,,,,,,,,4.0,4.0,0.0,True,,,,
edit_latent_source_similarity_rerank,mpair_00001130_cond_00_2p,mpair_00001130,eval,2,"HBA,RB",COc1ccc(N2CCN(CCC3c4ccccc4C(=O)N3C)CC2)cc1,CN1C(=O)c2ccccc2C1CCN1CCN(c2ccc(Cl)cc2)CC1,COc1ccc(CC2c3ccccc3C(=O)c3ccccc32)cc1O,O=C1NC(CCN2CCN(c3ccccc3)CC2)c2ccccc21,O=C1c2ccccc2C(Cc2ccccc2)c2ccccc21,False,True,False,,0.25757575757575757,0.208955223880597,,,,,,,,,,,,,,,,,,,,,3.0,3.0,0.0,True,4.0,3.0,1.0,True
edit_latent_source_similarity_rerank,mpair_00001134_cond_00_2p,mpair_00001134,eval,2,"MW,LogP",FC(F)(F)c1cccc(N2CCN(c3nc4ccsc4n4cccc34)CC2)c1,Fc1ccc(N2CCN(c3nc4ccsc4n4cccc34)CC2)cc1,COc1ccc(/C=C/CN(C)Cc2ccc3c(c2)CCO3)c(F)c1,c1ccc(N2CCN(c3nc4ccsc4n4cccc34)CC2)cc1,C(=C/c1ccccc1)\CNCc1ccc2c(c1)CCO2,False,True,False,,0.0898876404494382,0.0963855421686747,352.43800000000016,327.399,25.039000000000158,True,4.014700000000003,3.914400000000003,0.10029999999999983,True,,,,,,,,,,,,,,,,,,,,
edit_latent_source_similarity_rerank,mpair_00001616_cond_01_2p,mpair_00001616,eval,2,"QED,TPSA",CC1CC(C)(C)Nc2ccc3c(c21)COc1c-3cc(F)cc1[N+](=O)[O-],CC1CC(C)(C)Nc2ccc3c(c21)COc1c(F)cc(F)cc1-3,O=c1cc(-c2ccc(F)cc2)oc2ccccc12,c1ccc2c(c1)OCc1c-2ccc2c1CCCN2,O=c1cc(-c2ccccc2)oc2ccccc12,False,True,False,,0.1232876712328767,0.11940298507462686,,,,,,,,,0.719238819171056,0.6501546159051407,0.06908420326591536,True,21.259999999999998,30.21,8.950000000000003,True,,,,,,,,,,,,
edit_latent_source_similarity_rerank,mpair_00001633_cond_02_2p,mpair_00001633,eval,2,"MW,QED",C=CCC1(C(C)C#CCC)C(=O)NC(=O)N(C)C1=O,C=C(Br)CC1(C(C)C)C(=O)NC(=O)N(C)C1=O,CC1(C)CCNc2ccc(C#Cc3ccc(C(=O)O)cc3)cc21,O=C1CC(=O)NC(=O)N1,C(#Cc1ccc2c(c1)CCCN2)c1ccccc1,False,True,False,,0.08450704225352113,0.09230769230769231,303.15600000000006,305.377,2.220999999999947,True,,,,,0.8059749860896003,0.7861652016088371,0.019809784480763204,True,,,,,,,,,,,,,,,,
edit_latent_source_similarity_rerank,mpair_00002258_cond_01_2p,mpair_00002258,eval,2,"LogP,QED",Cc1cccc(C)c1NC(=O)c1c(C)n(-c2c(C)cccc2C)c(C)cc1=O,Cc1ccccc1NC(=O)c1c(C)n(-c2ccccc2C)c(C)cc1=O,Cc1cnc(NC(=O)C2C(=O)N3c4ccccc4CCc4cccc2c43)s1,O=C(Nc1ccccc1)c1cn(-c2ccccc2)ccc1=O,O=C(Nc1nccs1)C1C(=O)N2c3ccccc3CCc3cccc1c32,False,True,False,,0.2054794520547945,0.21621621621621623,,,,,4.3234800000000035,3.9507200000000022,0.3727600000000013,True,0.7675628277357767,0.6900463934223702,0.07751643431340649,True,,,,,,,,,,,,,,,,
edit_latent_source_similarity_rerank,mpair_00002371_cond_00_2p,mpair_00002371,eval,2,"QED,HBD",Cn1cc(C(=O)c2ccc(-n3ccnc3)cc2)cc1/C=C/C(=O)O,CCOC(=O)/C=C/c1cc(C(=O)c2ccc(-n3ccnc3)cc2)cn1C,COc1cc2sn(CCCCc3ccccn3)c(=O)c2cc1OC,O=C(c1ccc(-n2ccnc2)cc1)c1cc[nH]c1,O=c1c2ccccc2sn1CCCCc1ccccn1,False,False,False,,0.1375,0.15476190476190477,,,,,,,,,0.3897342663180413,0.6157057240729166,0.22597145775487526,False,,,,,0.0,0.0,0.0,True,,,,,,,,
edit_latent_source_similarity_rerank,mpair_00002373_cond_00_2p,mpair_00002373,eval,2,"HBA,RB",CCCCCNC(=O)Nc1c(C)cccc1SCCCn1cnc(-c2ccccc2)c1C,CCCCCNC(=O)Nc1c(SCCCn2cnc(-c3ccccc3)c2C)cccc1N(C)C,CCCCCNC(=O)Nc1c(OCCCN2CCN(c3ccccc3)CC2)cccc1N(C)C,c1ccc(SCCCn2cnc(-c3ccccc3)c2)cc1,c1ccc(OCCCN2CCN(c3ccccc3)CC2)cc1,False,True,False,,0.36904761904761907,0.4691358024691358,,,,,,,,,,,,,,,,,,,,,5.0,5.0,0.0,True,12.0,12.0,0.0,True
edit_latent_source_similarity_rerank,mpair_00002462_cond_01_2p,mpair_00002462,eval,2,"QED,HBA",COc1cc(NC(=O)c2cc(OCCCN(C)C)nn2Cc2ccccc2)cc(OC)c1OC,COc1ccc(NC(=O)c2cc(OCCCN(C)C)nn2Cc2ccccc2)cc1,COc1ccc(Cn2cnc3c2C[C@@H](C(=O)O)N(C(=O)C(c2ccccc2)C2CCCCC2)C3)cc1C,O=C(Nc1ccccc1)c1ccnn1Cc1ccccc1,O=C(C(c1ccccc1)C1CCCCC1)N1CCc2c(ncn2Cc2ccccc2)C1,False,True,False,,0.24242424242424243,0.23469387755102042,,,,,,,,,0.5200250404910086,0.4952124643347429,0.024812576156265698,True,,,,,,,,,6.0,5.0,1.0,True,,,,
edit_latent_source_similarity_rerank,mpair_00002466_cond_02_2p,mpair_00002466,eval,2,"HBA,RB",CN(C)CCCOc1cc(C(=O)Nc2ccc(Cl)cc2F)n(Cc2ccccc2)n1,CN(C)CCCOc1cc(C(=O)Nc2ccc(OC(F)(F)F)cc2)n(Cc2ccccc2)n1,CCC(C)(C)C(=O)C(=O)N1CCCC[C@@H]1C(=O)OC(CCc1ccc(OC)c(OC)c1)c1ccccc1,O=C(Nc1ccccc1)c1ccnn1Cc1ccccc1,O=C(OC(CCc1ccccc1)c1ccccc1)[C@H]1CCCCN1,False,True,False,,0.14285714285714285,0.1523809523809524,,,,,,,,,,,,,,,,,,,,,6.0,6.0,0.0,True,10.0,11.0,1.0,True
edit_latent_source_similarity_rerank,mpair_00002472_cond_00_2p,mpair_00002472,eval,2,"QED,RB",COc1ccc(NC(=O)c2cc(OCCCN(C)C)nn2Cc2ccccc2)cc1,CN(C)CCCOc1cc(C(=O)Nc2cc(F)cc(C(F)(F)F)c2)n(Cc2ccccc2)n1,CN(CCc1ccccc1)C(=O)Cn1c(C(=O)O)cc2cc(OCc3ccccc3)ccc21,O=C(Nc1ccccc1)c1ccnn1Cc1ccccc1,O=C(Cn1ccc2cc(OCc3ccccc3)ccc21)NCCc1ccccc1,False,True,False,,0.2839506172839506,0.23595505617977527,,,,,,,,,0.369385517709234,0.4106141113457355,0.0412285936365015,True,,,,,,,,,,,,,9.0,9.0,0.0,True
edit_latent_source_similarity_rerank,mpair_00002475_cond_02_2p,mpair_00002475,eval,2,"LogP,TPSA",CN(C)CCCOc1cc(C(=O)Nc2ccc(OC(F)(F)F)cc2)n(Cc2ccccc2)n1,COc1cc(NC(=O)c2cc(OCCCN(C)C)nn2Cc2ccccc2)cc(OC)c1OC,CCCCc1nn(CC(C)C)c(C(=O)O)c1Cc1ccc(-c2ccccc2-c2nn[nH]n2)cc1,O=C(Nc1ccccc1)c1ccnn1Cc1ccccc1,c1ccc(-c2nn[nH]n2)c(-c2ccc(Cc3cn[nH]c3)cc2)c1,False,False,False,,0.16831683168316833,0.1836734693877551,,,,,3.5400000000000027,5.017800000000004,1.4778000000000011,False,,,,,87.08000000000001,109.58,22.499999999999986,False,,,,,,,,,,,,
edit_latent_source_similarity_rerank,mpair_00002480_cond_01_2p,mpair_00002480,eval,2,"MW,QED",CN(C)CCCOc1cc(C(=O)Nc2cc(F)cc(C(F)(F)F)c2)n(Cc2ccccc2)n1,CN(C)CCCOc1cc(C(=O)Nc2cccc(Cl)c2)n(Cc2ccccc2)n1,CC(C)Nc1nc2cc(NC(=O)C(C)NC(=O)OCc3ccccc3)ccc2c(=O)o1,O=C(Nc1ccccc1)c1ccnn1Cc1ccccc1,O=C(CNC(=O)OCc1ccccc1)Nc1ccc2c(=O)ocnc2c1,False,True,False,,0.20618556701030927,0.23333333333333334,412.9210000000001,424.45700000000016,11.536000000000058,True,,,,,0.5357556879239462,0.5319217669269886,0.0038339209969576737,True,,,,,,,,,,,,,,,,
edit_latent_source_similarity_rerank,mpair_00002483_cond_01_2p,mpair_00002483,eval,2,"LogP,HBA",COc1cc(NC(=O)c2cc(OCCCN(C)C)nn2Cc2ccccc2)cc(OC)c1OC,CN(C)CCCOc1cc(C(=O)Nc2ccc(OC(F)(F)F)cc2)n(Cc2ccccc2)n1,CC(=O)c1cccc(NC(=O)Nc2cc3c(cc2CN2CCC(Cc4ccccc4)CC2)OCO3)c1,O=C(Nc1ccccc1)c1ccnn1Cc1ccccc1,O=C(Nc1ccccc1)Nc1cc2c(cc1CN1CCC(Cc3ccccc3)CC1)OCO2,False,False,False,,0.21505376344086022,0.21052631578947367,,,,,4.412800000000003,5.716600000000006,1.3038000000000025,False,,,,,,,,,,,,,6.0,5.0,1.0,True,,,,
edit_latent_source_similarity_rerank,mpair_00002487_cond_00_2p,mpair_00002487,eval,2,"QED,HBA",CN(C)CCCOc1cc(C(=O)Nc2ccc(OC(F)(F)F)cc2)n(Cc2ccccc2)n1,CN(C)CCCOc1cc(C(=O)Nc2cc(F)cc(C(F)(F)F)c2)n(Cc2ccccc2)n1,O=C(O)COc1cccc(CCn2cc(-c3ccccc3)c(-c3ccccc3)n2)c1,O=C(Nc1ccccc1)c1ccnn1Cc1ccccc1,c1ccc(CCn2cc(-c3ccccc3)c(-c3ccccc3)n2)cc1,False,True,False,,0.23809523809523808,0.21839080459770116,,,,,,,,,0.369385517709234,0.4573815541174347,0.0879960364082007,True,,,,,,,,,5.0,4.0,1.0,True,,,,
edit_latent_source_similarity_rerank,mpair_00002490_cond_02_2p,mpair_00002490,eval,2,"LogP,HBA",CCOC(=O)c1cc(C(C)O)cn1S(=O)(=O)c1cc(Cl)ccc1N,C=Cc1cc(C(=O)OCC)n(S(=O)(=O)c2cc(Cl)ccc2N)c1,CCOC(=O)c1cnc2n(c1=O)C(C)CCC2C(=O)Nc1ccccc1,O=S(=O)(c1ccccc1)n1cccc1,O=C(Nc1ccccc1)C1CCCn2c1nccc2=O,False,True,False,,0.18823529411764706,0.18823529411764706,,,,,2.7804,2.4971000000000005,0.28329999999999966,True,,,,,,,,,,,,,6.0,6.0,0.0,True,,,,
edit_latent_source_similarity_rerank,mpair_00002494_cond_02_2p,mpair_00002494,eval,2,"MW,LogP",O=C1C(Nc2ccccc2)=C(Cl)C(=O)c2ncncc21,O=C1C(Nc2cccc(Br)c2)=C(Cl)C(=O)c2ncncc21,O=C(Nc1csc(-c2ccccc2Cl)n1)NN1CCOCC1,O=C1C(Nc2ccccc2)=CC(=O)c2ncncc21,O=C(Nc1csc(-c2ccccc2)n1)NN1CCOCC1,False,True,False,,0.15942028985507245,0.13157894736842105,364.58600000000007,338.8200000000002,25.76599999999985,True,3.180600000000001,2.8322000000000003,0.3484000000000007,True,,,,,,,,,,,,,,,,,,,,
edit_latent_source_similarity_rerank,mpair_00002496_cond_01_2p,mpair_00002496,eval,2,"MW,LogP",O=C1C(Nc2ccccc2)=C(Cl)C(=O)c2ncncc21,O=C1C(Nc2ccc(Br)cc2)=C(Cl)C(=O)c2ncncc21,O=C(NCc1ccccc1)C1CCCN1C(=O)NCc1ccccc1,O=C1C(Nc2ccccc2)=CC(=O)c2ncncc21,O=C(NCc1ccccc1)C1CCCN1C(=O)NCc1ccccc1,False,True,False,,0.16393442622950818,0.10606060606060606,364.58600000000007,337.42300000000006,27.16300000000001,True,3.180600000000001,2.6770000000000005,0.5036000000000005,True,,,,,,,,,,,,,,,,,,,,
edit_latent_source_similarity_rerank,mpair_00002499_cond_00_2p,mpair_00002499,eval,2,"MW,LogP",O=C1C(Nc2cccc(Br)c2)=C(Cl)C(=O)c2ncncc21,O=C1C(Nc2ccccc2)=C(Cl)C(=O)c2ncncc21,CN1CCN(c2cc(-c3ccco3)nc(Cl)n2)CC1,O=C1C(Nc2ccccc2)=CC(=O)c2ncncc21,c1coc(-c2cc(N3CCNCC3)ncn2)c1,False,True,False,,0.11267605633802817,0.10606060606060606,285.69,278.74300000000005,6.946999999999946,True,2.4181,2.1418,0.2763,True,,,,,,,,,,,,,,,,,,,,
edit_latent_source_similarity_rerank,mpair_00002501_cond_02_2p,mpair_00002501,eval,2,"LogP,RB",CCc1ccc(NC2=C(Cl)C(=O)c3ncncc3C2=O)cc1,O=C1C(Nc2ccccc2)=C(Cl)C(=O)c2ncncc21,O=C1c2[nH]cnc2N(Cc2ccc(Cl)cc2)C2=NCCN12,O=C1C(Nc2ccccc2)=CC(=O)c2ncncc21,O=C1c2[nH]cnc2N(Cc2ccccc2)C2=NCCN12,False,True,False,,0.18571428571428572,0.14705882352941177,,,,,2.4181,1.8951,0.5229999999999999,True,,,,,,,,,,,,,,,,,2.0,2.0,0.0,True
edit_latent_source_similarity_rerank,mpair_00002504_cond_02_2p,mpair_00002504,eval,2,"HBA,RB",COc1ccc(C(=O)CN2c3ccccc3C(=O)N(Cc3ccccc3)S2(=O)=O)cc1,Cc1ccc(C(=O)CN2c3ccccc3C(=O)N(Cc3ccccc3)S2(=O)=O)cc1,COc1cccc(N2CCN(C(=O)NCCN(C)C)CC2)c1,O=C(CN1c2ccccc2C(=O)N(Cc2ccccc2)S1(=O)=O)c1ccccc1,c1ccc(N2CCNCC2)cc1,False,True,False,,0.2,0.12987012987012986,,,,,,,,,,,,,,,,,,,,,4.0,4.0,0.0,True,5.0,5.0,0.0,True
edit_latent_source_similarity_rerank,mpair_00002507_cond_01_2p,mpair_00002507,eval,2,"QED,RB",O=C(CN1c2ccccc2C(=O)N(Cc2ccccc2)S1(=O)=O)c1ccccc1,COc1ccc(C(=O)CN2c3ccccc3C(=O)N(Cc3ccccc3)S2(=O)=O)cc1,CN1CCN(C(CN2CCN(CCC(=O)c3ccccc3)CC2)c2ccc(F)cc2)CC1,O=C(CN1c2ccccc2C(=O)N(Cc2ccccc2)S1(=O)=O)c1ccccc1,O=C(CCN1CCN(CC(c2ccccc2)N2CCNCC2)CC1)c1ccccc1,False,False,False,,0.2318840579710145,0.2077922077922078,,,,,,,,,0.5539335722556151,0.59152961037632,0.03759603812070489,True,,,,,,,,,,,,,6.0,8.0,2.0,False
edit_latent_source_similarity_rerank,mpair_00002516_cond_00_2p,mpair_00002516,eval,2,"LogP,TPSA",CSc1cc(-c2ccc(Cl)cc2)oc(=O)c1Br,CSc1cc(-c2ccc(Br)cc2)oc(=O)c1C#N,COc1cccc2oc(-c3ccccc3)cc(=O)c12,O=c1cccc(-c2ccccc2)o1,O=c1cc(-c2ccccc2)oc2ccccc12,False,True,False,,0.24528301886792453,0.23214285714285715,,,,,3.662880000000002,3.468600000000002,0.19428,True,,,,,54.0,39.44,14.560000000000002,True,,,,,,,,,,,,
edit_latent_source_similarity_rerank,mpair_00002520_cond_01_2p,mpair_00002520,eval,2,"QED,TPSA",CSc1cc(-c2ccc(Br)cc2)oc(=O)c1C#N,CCOC(=O)c1c(SC)c(C#N)c(-c2ccc(Br)cc2)oc1=O,CCNC(=O)C1=C(C)NC(c2ccccc2)=C(C(=O)OCC)C1C#Cc1ccccc1,O=c1cccc(-c2ccccc2)o1,C(#CC1C=CNC(c2ccccc2)=C1)c1ccccc1,False,True,False,,0.1038961038961039,0.23076923076923078,,,,,,,,,0.5791804088529054,0.5790843731342642,9.603571864125193e-05,True,80.30000000000001,67.43,12.870000000000005,True,,,,,,,,,,,,
edit_latent_source_similarity_rerank,mpair_00002530_cond_01_2p,mpair_00002530,eval,2,"MW,LogP",CSc1cc(-c2ccc(Cl)cc2)oc(=O)c1,CSc1cc(-c2ccc(Cl)cc2)oc(=O)c1Br,CCCCOc1ccc(-c2cc3c(nn2)-c2ccccc2C3=O)cc1,O=c1cccc(-c2ccccc2)o1,O=C1c2ccccc2-c2nnc(-c3ccccc3)cc21,False,True,False,,0.15,0.14285714285714285,331.61799999999994,330.38700000000006,1.2309999999998809,True,4.444600000000001,4.533900000000004,0.08930000000000238,True,,,,,,,,,,,,,,,,,,,,
edit_latent_source_similarity_rerank,mpair_00002538_cond_01_2p,mpair_00002538,eval,2,"MW,LogP",CSc1cc(-c2ccc(Br)cc2)oc(=O)c1Cl,CSc1cc(-c2ccc(Cl)cc2)oc(=O)c1,COc1ccc(-c2ccc(F)cc2F)cc1C(=O)O,O=c1cccc(-c2ccccc2)o1,c1ccc(-c2ccccc2)cc1,False,True,False,,0.15254237288135594,0.14035087719298245,252.72199999999998,264.2269999999999,11.504999999999939,True,3.682100000000002,3.3386000000000022,0.3434999999999997,True,,,,,,,,,,,,,,,,,,,,
edit_latent_source_similarity_rerank,mpair_00002548_cond_00_2p,mpair_00002548,eval,2,"MW,LogP",CSc1cc(-c2ccc(Cl)cc2)oc(=O)c1,CSc1cc(-c2ccc(Br)cc2)oc(=O)c1Cl,COC(=O)Cc1nc(-c2ccc(Cl)cc2)oc1-c1ccsc1,O=c1cccc(-c2ccccc2)o1,c1ccc(-c2ncc(-c3ccsc3)o2)cc1,False,True,False,,0.25862068965517243,0.16923076923076924,331.61800000000005,333.79600000000005,2.1779999999999973,True,4.444600000000002,4.439000000000003,0.005599999999999383,True,,,,,,,,,,,,,,,,,,,,
edit_latent_source_similarity_rerank,mpair_00002556_cond_02_2p,mpair_00002556,eval,2,"MW,QED",CN(C(=O)n1nc(-c2ccc(Cl)cc2)nc1SCC(F)(F)F)c1ccccc1,CSc1nc(-c2ccc(Cl)cc2)nn1C(=O)N(C)c1ccccc1,O=C(CCN1CC=C(c2ccc(Cl)cc2)CC1)c1ccccc1,O=C(Nc1ccccc1)n1cnc(-c2ccccc2)n1,O=C(CCN1CC=C(c2ccccc2)CC1)c1ccccc1,False,True,False,,0.2676056338028169,0.27692307692307694,358.85400000000004,325.839,33.01500000000004,True,,,,,0.6499636794176425,0.7424440445395161,0.09248036512187352,True,,,,,,,,,,,,,,,,
edit_latent_source_similarity_rerank,mpair_00002560_cond_00_2p,mpair_00002560,eval,2,"QED,RB",CSc1nc(-c2ccc(Cl)cc2)nn1C(=O)N(C)c1ccccc1,CSc1nc(-c2ccc(OC(F)(F)F)cc2)nn1C(=O)N(C)c1ccccc1,COc1ccc(C)cc1NC(=O)N(Cc1ccccc1)Cc1ccccc1,O=C(Nc1ccccc1)n1cnc(-c2ccccc2)n1,O=C(Nc1ccccc1)N(Cc1ccccc1)Cc1ccccc1,False,False,False,,0.15492957746478872,0.15789473684210525,,,,,,,,,0.5874043626188404,0.6531792406116153,0.06577487799277482,True,,,,,,,,,,,,,4.0,6.0,2.0,False
edit_latent_source_similarity_rerank,mpair_00002562_cond_02_2p,mpair_00002562,eval,2,"LogP,RB",CSc1nc(-c2ccc(Cl)cc2)nn1C(=O)N(C)c1ccccc1,CN(C(=O)n1nc(-c2ccc(Cl)cc2)nc1SCC(F)(F)F)c1ccccc1,O=c1ccc(-c2ccc(Cl)cc2)cn1C(CN1CCCC1)c1ccccc1,O=C(Nc1ccccc1)n1cnc(-c2ccccc2)n1,O=c1ccc(-c2ccccc2)cn1C(CN1CCCC1)c1ccccc1,False,True,False,,0.23529411764705882,0.22972972972972974,,,,,5.357400000000003,4.853900000000004,0.503499999999999,True,,,,,,,,,,,,,,,,,4.0,5.0,1.0,True
edit_latent_source_similarity_rerank,mpair_00002566_cond_00_2p,mpair_00002566,eval,2,"HBD,RB",COc1cc(C(=O)N2CCN(C(=O)c3cc(OC)c(OC)c(OC)c3)C(COC(=O)CC(C)(C)C)C2)cc(OC)c1OC,COc1cc(C(=O)N2CCN(C(=O)c3cc(OC)c(OC)c(OC)c3)C(COC(=O)NCCC(C)C)C2)cc(OC)c1OC,CCCCCN(CCCCC)C(=O)N1CCN(C(=O)N(c2ccccc2)c2cccc(Cl)c2)[C@H](C(=O)O)C1,O=C(c1ccccc1)N1CCN(C(=O)c2ccccc2)CC1,O=C(N1CCNCC1)N(c1ccccc1)c1ccccc1,False,False,False,,0.19767441860465115,0.20224719101123595,,,,,,,,,,,,,,,,,1.0,1.0,0.0,True,,,,,13.0,11.0,2.0,False
edit_latent_source_similarity_rerank,mpair_00002567_cond_02_2p,mpair_00002567,eval,2,"HBD,RB",COc1cc(C(=O)N2CCN(C(=O)c3cc(OC)c(OC)c(OC)c3)C(COC(=O)NCCC(C)C)C2)cc(OC)c1OC,CCN(CC)C(=O)OCC1CN(C(=O)c2cc(OC)c(OC)c(OC)c2)CCN1C(=O)c1cc(OC)c(OC)c(OC)c1,CCCCc1nn(-c2ccccc2Cl)c(C(=O)OCC)c1Cc1ccc(-c2ccccc2-c2nn[nH]n2)cc1,O=C(c1ccccc1)N1CCN(C(=O)c2ccccc2)CC1,c1ccc(-n2cc(Cc3ccc(-c4ccccc4-c4nn[nH]n4)cc3)cn2)cc1,False,False,False,,0.102803738317757,0.11764705882352941,,,,,,,,,,,,,,,,,0.0,1.0,1.0,True,,,,,12.0,10.0,2.0,False
edit_latent_source_similarity_rerank,mpair_00002571_cond_02_2p,mpair_00002571,eval,2,"HBD,RB",CCN(CC)C(=O)OCC1CN(C(=O)c2cc(OC)c(OC)c(OC)c2)CCN1C(=O)c1cc(OC)c(OC)c(OC)c1,COc1cc(C(=O)N2CCN(C(=O)c3cc(OC)c(OC)c(OC)c3)C(COC(=O)NCCC(C)C)C2)cc(OC)c1OC,COc1ccccc1N1CCN(CCCCNC(=O)/C=C/C=C/c2ccccc2)CC1,O=C(c1ccccc1)N1CCN(C(=O)c2ccccc2)CC1,O=C(/C=C/C=C/c1ccccc1)NCCCCN1CCN(c2ccccc2)CC1,False,False,False,,0.1724137931034483,0.20454545454545456,,,,,,,,,,,,,,,,,1.0,1.0,0.0,True,,,,,13.0,10.0,3.0,False
edit_latent_source_similarity_rerank,mpair_00002574_cond_02_2p,mpair_00002574,eval,2,"LogP,RB",COc1cc(C(=O)N2CCN(C(=O)c3cc(OC)c(OC)c(OC)c3)C(COC(=O)CC(C)(C)C)C2)cc(OC)c1OC,CCN(CC)C(=O)OCC1CN(C(=O)c2cc(OC)c(OC)c(OC)c2)CCN1C(=O)c1cc(OC)c(OC)c(OC)c1,CCCCCC(=O)Nc1ccc2c(c1)c(Cc1ccc(C(=O)O)cc1OC)cn2CC(=O)O,O=C(c1ccccc1)N1CCN(C(=O)c2ccccc2)CC1,c1ccc(Cc2c[nH]c3ccccc23)cc1,False,False,False,,0.17582417582417584,0.18888888888888888,,,,,3.1834000000000024,4.542300000000003,1.3589000000000002,False,,,,,,,,,,,,,,,,,12.0,11.0,1.0,True
edit_latent_source_similarity_rerank,mpair_00002577_cond_01_2p,mpair_00002577,eval,2,"HBD,RB",COc1cc(C(=O)N2CCN(C(=O)c3cc(OC)c(OC)c(OC)c3)C(COC(=O)NCCC(C)C)C2)cc(OC)c1OC,COc1cc(C(=O)N2CCN(C(=O)c3cc(OC)c(OC)c(OC)c3)C(COC(=O)CC(C)(C)C)C2)cc(OC)c1OC,CCCCc1nn(C(C)C(=O)OC)c(=O)n1Cc1ccc(-c2ccccc2-c2nn[nH]n2)cc1,O=C(c1ccccc1)N1CCN(C(=O)c2ccccc2)CC1,O=c1[nH]ncn1Cc1ccc(-c2ccccc2-c2nn[nH]n2)cc1,False,False,False,,0.1485148514851485,0.12,,,,,,,,,,,,,,,,,0.0,1.0,1.0,True,,,,,11.0,9.0,2.0,False
edit_latent_source_similarity_rerank,mpair_00002582_cond_02_2p,mpair_00002582,eval,2,"MW,LogP",COc1cc(C(=O)N2CCN(C(=O)c3cc(OC)c(OC)c(OC)c3)C(COC(C)=O)C2)cc(OC)c1OC,CCN(CC)C(=O)OCC1CN(C(=O)c2cc(OC)c(OC)c(OC)c2)CCN1C(=O)c1cc(OC)c(OC)c(OC)c1,CCN1CCN(c2ccc(-c3ccnc(Nc4cc(OC)c(OC)c(OC)c4)n3)cn2)CC1,O=C(c1ccccc1)N1CCN(C(=O)c2ccccc2)CC1,c1ccc(Nc2nccc(-c3ccc(N4CCNCC4)nc3)n2)cc1,False,False,False,,0.225,0.2261904761904762,603.6690000000003,450.5430000000003,153.12600000000003,False,3.1834000000000024,3.449900000000002,0.26649999999999974,True,,,,,,,,,,,,,,,,,,,,
edit_latent_source_similarity_rerank,mpair_00002589_cond_02_2p,mpair_00002589,eval,2,"MW,QED",COc1cc(C(=O)N2CCN(C(=O)c3cc(OC)c(OC)c(OC)c3)C(CO)C2)cc(OC)c1OC,CCN(CC)C(=O)OCC1CN(C(=O)c2cc(OC)c(OC)c(OC)c2)CCN1C(=O)c1cc(OC)c(OC)c(OC)c1,COc1cc(C(=O)N(C(C)C)C(C)C)ccc1OCCCCCOc1ccc2c(N)noc2c1,O=C(c1ccccc1)N1CCN(C(=O)c2ccccc2)CC1,c1ccc(OCCCCCOc2ccc3cnoc3c2)cc1,False,False,False,,0.2,0.19318181818181818,603.6690000000003,469.5820000000004,134.08699999999993,False,,,,,0.3571777118480848,0.3590086948914734,0.0018309830433886343,True,,,,,,,,,,,,,,,,
edit_latent_source_similarity_rerank,mpair_00002598_cond_01_2p,mpair_00002598,eval,2,"TPSA,HBA",COc1ccc(C(=O)Nc2c(Cl)cncc2Cl)c2ccc(C(C)=O)nc12,COc1ccc(C(=O)Nc2c(F)cncc2F)c2ccc(C(F)(F)F)nc12,COc1ccc(-c2cc(NC[C@H](C)O)c3ccccc3n2)cc1C,O=C(Nc1ccncc1)c1cccc2ncccc12,c1ccc(-c2ccc3ccccc3n2)cc1,False,True,False,,0.2077922077922078,0.22077922077922077,,,,,,,,,,,,,64.11,54.379999999999995,9.730000000000004,True,,,,,4.0,4.0,0.0,True,,,,
edit_latent_source_similarity_rerank,mpair_00002600_cond_00_2p,mpair_00002600,eval,2,"LogP,RB",COc1ccc(C(=O)Nc2ccncc2Cl)c2cccnc12,CCc1ccc2c(C(=O)Nc3c(Cl)cncc3Cl)ccc(OC)c2n1,COc1ccc(C(=O)Nc2ccccc2Cl)cc1OC(=O)C(C)(C)C,O=C(Nc1ccncc1)c1cccc2ncccc12,O=C(Nc1ccccc1)c1ccccc1,False,True,False,,0.3484848484848485,0.2676056338028169,,,,,4.759900000000003,4.552400000000003,0.20749999999999957,True,,,,,,,,,,,,,,,,,4.0,4.0,0.0,True
edit_latent_source_similarity_rerank,mpair_00002603_cond_02_2p,mpair_00002603,eval,2,"TPSA,HBA",COc1ccc(C(=O)Nc2c(Cl)cncc2Cl)c2ccc(C(C)O)nc12,CCc1ccc2c(C(=O)Nc3c(Cl)cncc3Cl)ccc(OC)c2n1,COC(=O)C(S)[C@H](N)Cc1ccccc1,O=C(Nc1ccncc1)c1cccc2ncccc12,c1ccccc1,False,True,False,,0.16176470588235295,0.16417910447761194,,,,,,,,,,,,,64.11,52.32,11.79,True,,,,,4.0,4.0,0.0,True,,,,
edit_latent_source_similarity_rerank,mpair_00002608_cond_01_2p,mpair_00002608,eval,2,"MW,QED",COc1ccc(C(=O)Nc2ccncc2Cl)c2cccnc12,COc1ccc(C(=O)Nc2c(F)cncc2F)c2ccc(C(F)(F)F)nc12,O=C(c1ccc(Cl)cc1Cl)C(O)(Cn1ccnc1)c1ccccc1,O=C(Nc1ccncc1)c1cccc2ncccc12,O=C(c1ccccc1)C(Cn1ccnc1)c1ccccc1,False,True,False,,0.2,0.1375,383.276,361.22800000000007,22.047999999999945,True,,,,,0.6893032571109005,0.700188272010192,0.0108850148992915,True,,,,,,,,,,,,,,,,
edit_latent_source_similarity_rerank,mpair_00002612_cond_00_2p,mpair_00002612,eval,2,"LogP,RB",CCc1ccc2c(C(=O)Nc3c(Cl)cncc3Cl)ccc(OC)c2n1,COc1ccc(C(=O)Nc2c(F)cncc2F)c2ccc(C(F)(F)F)nc12,CN1CCN(c2ncc3c(n2)-c2ccc(Cl)cc2C(c2ccccc2F)=NC3)CC1,O=C(Nc1ccncc1)c1cccc2ncccc12,c1ccc(C2=NCc3cnc(N4CCNCC4)nc3-c3ccccc32)cc1,False,True,False,,0.11235955056179775,0.11235955056179775,,,,,4.187700000000001,4.038900000000003,0.1487999999999987,True,,,,,,,,,,,,,,,,,3.0,2.0,1.0,True
edit_latent_source_similarity_rerank,mpair_00002615_cond_01_2p,mpair_00002615,eval,2,"MW,QED",COc1ccc(C(=O)Nc2c(F)cncc2F)c2ccc(C(F)(F)F)nc12,COc1ccc(C(=O)Nc2c(Cl)cncc2Cl)c2cccnc12,CNc1nc(NC)nc(Nc2ccc(-c3cnco3)c(OC)c2)n1,O=C(Nc1ccncc1)c1cccc2ncccc12,c1ncnc(Nc2ccc(-c3cnco3)cc2)n1,False,False,False,,0.2054794520547945,0.18055555555555555,348.1890000000001,327.3480000000001,20.84099999999995,True,,,,,0.7706046174674384,0.6280099683213736,0.1425946491460648,False,,,,,,,,,,,,,,,,
edit_latent_source_similarity_rerank,mpair_00002620_cond_00_2p,mpair_00002620,eval,2,"QED,RB",CCc1ccc2c(C(=O)Nc3c(Cl)cncc3Cl)ccc(OC)c2n1,COc1ccc(C(=O)Nc2c(Cl)cncc2Cl)c2cccnc12,CN(C)C(=O)N1Cc2c(-c3noc(C4CC4)n3)ncn2-c2cccc(Cl)c21,O=C(Nc1ccncc1)c1cccc2ncccc12,c1ccc2c(c1)NCc1c(-c3noc(C4CC4)n3)ncn1-2,False,True,False,,0.13043478260869565,0.14772727272727273,,,,,,,,,0.7706046174674384,0.6755463356295487,0.09505828183788967,True,,,,,,,,,,,,,3.0,2.0,1.0,True
edit_latent_source_similarity_rerank,mpair_00002623_cond_01_2p,mpair_00002623,eval,2,"LogP,RB",COc1ccc(C(=O)Nc2c(F)cncc2F)c2ccc(C(F)(F)F)nc12,CCc1ccc2c(C(=O)Nc3c(Cl)cncc3Cl)ccc(OC)c2n1,Cn1c(-c2cccc(NC(=O)C(=O)Nc3cccc(F)c3)c2)c(I)c2cc(C(=O)O)c(O)cc21,O=C(Nc1ccncc1)c1cccc2ncccc12,O=C(Nc1ccccc1)C(=O)Nc1cccc(-c2cc3ccccc3[nH]2)c1,False,True,False,,0.17857142857142858,0.1511627906976744,,,,,4.759900000000003,4.570000000000004,0.18989999999999885,True,,,,,,,,,,,,,,,,,4.0,4.0,0.0,True
edit_latent_source_similarity_rerank,mpair_00002626_cond_02_2p,mpair_00002626,eval,2,"LogP,QED",COc1ccc(C(=O)Nc2c(F)cncc2F)c2ccc(C(F)(F)F)nc12,COc1ccc(C(=O)Nc2ccncc2Cl)c2cccnc12,Cc1cc(-c2ccccc2F)cc(C)n1,O=C(Nc1ccncc1)c1cccc2ncccc12,c1ccc(-c2ccncc2)cc1,False,False,False,,0.14516129032258066,0.09375,,,,,3.544100000000002,3.504540000000002,0.03955999999999982,True,0.8029165077767629,0.687673476817764,0.1152430309589989,False,,,,,,,,,,,,,,,,
edit_latent_source_similarity_rerank,mpair_00003108_cond_01_2p,mpair_00003108,eval,2,"LogP,QED",CN1CCC[C@H]1COc1ccc(Cl)nn1,CN1CCC[C@H]1COc1cccnn1,COC(=O)CC1CC[C@@H](c2cc(C)no2)N1C,c1cnnc(OC[C@@H]2CCCN2)c1,c1cc([C@@H]2CCCN2)on1,False,True,False,,0.18461538461538463,0.1875,,,,,0.9495999999999998,1.68142,0.7318200000000001,True,0.7160423680458043,0.7498164914330572,0.03377412338725283,True,,,,,,,,,,,,,,,,
edit_latent_source_similarity_rerank,mpair_00003110_cond_00_2p,mpair_00003110,eval,2,"QED,RB",CCCCc1nnc2nc(C)c(C)c(=O)n2n1,Cc1nc2nnc(C(C)(C)C)nn2c(=O)c1C,CCOC(=O)ON1C(=O)c2ccccc2C1=O,O=c1ccnc2nncnn12,O=C1NC(=O)c2ccccc21,False,False,False,,0.14545454545454545,0.11320754716981132,,,,,,,,,0.6723856505150625,0.5713953952653807,0.10099025524968175,False,,,,,,,,,,,,,0.0,2.0,2.0,False
edit_latent_source_similarity_rerank,mpair_00003111_cond_02_2p,mpair_00003111,eval,2,"QED,RB",Cc1nc2nnc(C(C)(C)C)nn2c(=O)c1C,CCCCc1nnc2nc(C)c(C)c(=O)n2n1,CCn1c(NN)nc2ccc(OC)cc2c1=O,O=c1ccnc2nncnn12,O=c1[nH]cnc2ccccc12,False,False,False,,0.13114754098360656,0.15873015873015872,,,,,,,,,0.7849999676400611,0.6034446568645055,0.18155531077555553,False,,,,,,,,,,,,,3.0,3.0,0.0,True
edit_latent_source_similarity_rerank,mpair_00003117_cond_01_2p,mpair_00003117,eval,2,"MW,HBA",Cc1c[nH]c2c1C13CC1CN(C(=O)OC(C)(C)C)C3=CC2=O,COC(=O)c1cc2c([nH]1)C(=O)C=C1N(C(=O)OC(C)(C)C)CC3CC123,CCOC(=O)c1c(O)c2cccnc2n(-c2ccccc2)c1=O,O=C1C=C2NCC3CC23c2cc[nH]c21,O=c1ccc2cccnc2n1-c1ccccc1,False,True,False,,0.13580246913580246,0.11627906976744186,344.36700000000013,310.3090000000001,34.05800000000005,True,,,,,,,,,,,,,,,,,5.0,6.0,1.0,True,,,,
edit_latent_source_similarity_rerank,mpair_00003202_cond_02_2p,mpair_00003202,eval,2,"TPSA,HBA",O=C(OCc1ccc(-c2ccccc2)cc1)n1cccn1,N#Cc1cnn(C(=O)OCc2ccc(-c3ccccc3)cc2)c1,COc1ccc(Cl)cc1-c1cccn(C(CN2CCC(O)C2)c2ccccc2)c1=O,O=C(OCc1ccc(-c2ccccc2)cc1)n1cccn1,O=c1c(-c2ccccc2)cccn1C(CN1CCCC1)c1ccccc1,False,True,False,,0.1625,0.125,,,,,,,,,,,,,67.91,54.699999999999996,13.21,True,,,,,5.0,5.0,0.0,True,,,,
edit_latent_source_similarity_rerank,mpair_00003204_cond_01_2p,mpair_00003204,eval,2,"TPSA,HBA",Cc1cnn(C(=O)OCc2ccc(-c3ccccc3)cc2)c1,N#Cc1cnn(C(=O)OCc2ccc(-c3ccccc3)cc2)c1,CCOC(=O)c1cc2c3cc(OCc4ccccc4)ccc3n(C)c2cn1,O=C(OCc1ccc(-c2ccccc2)cc1)n1cccn1,c1ccc(COc2ccc3[nH]c4cnccc4c3c2)cc1,False,True,False,,0.3230769230769231,0.2714285714285714,,,,,,,,,,,,,67.91,53.35,14.559999999999995,True,,,,,5.0,5.0,0.0,True,,,,
edit_latent_source_similarity_rerank,mpair_00003207_cond_01_2p,mpair_00003207,eval,2,"LogP,HBA",Cc1cc(-n2ncc(=O)[nH]c2=O)ccc1S(=O)(=O)N1CCN(C=O)CC1,CCOC(=O)N1CCN(S(=O)(=O)c2ccc(-n3ncc(=O)[nH]c3=O)cc2Cl)CC1,COC(=O)Cc1ccc(Cn2cnc3c2NC=NCC3O)cc1,O=c1cnn(-c2ccc(S(=O)(=O)N3CCNCC3)cc2)c(=O)[nH]1,C1=NCCc2ncn(Cc3ccccc3)c2N1,False,False,False,,0.11764705882352941,0.1744186046511628,,,,,0.037000000000000144,1.1340999999999999,1.0970999999999997,False,,,,,,,,,,,,,8.0,7.0,1.0,True,,,,
edit_latent_source_similarity_rerank,mpair_00003209_cond_01_2p,mpair_00003209,eval,2,"QED,TPSA",NC(=S)N/N=C/c1cccc(OCc2ccc3no[n+]([O-])c3c2)c1,NC(=O)N/N=C\c1ccccc1OCc1ccc2no[n+]([O-])c2c1,CC1(C)N=C(N)N=C(N)N1c1cccc(OCc2cccc(NC(=O)CBr)c2)c1,c1ccc(OCc2ccc3no[nH+]c3c2)cc1,C1=NC=NCN1c1cccc(OCc2ccccc2)c1,False,False,False,,0.24719101123595505,0.2111111111111111,,,,,,,,,0.4106849547701945,0.5745198802289789,0.16383492545878442,False,129.68,118.32999999999998,11.350000000000023,True,,,,,,,,,,,,
edit_latent_source_similarity_rerank,mpair_00003212_cond_02_2p,mpair_00003212,eval,2,"HBD,RB",CC(C)NC(=O)c1ccc2c(Nc3ccc(Cl)cc3)nc(N3CCOCC3)nc2c1,COC(=O)c1ccc2c(Nc3ccc(Cl)cc3)nc(N3CCOCC3)nc2c1,COc1ccccc1N1CCN(CNC(=O)c2cccc(Cl)c2)CC1,c1ccc(Nc2nc(N3CCOCC3)nc3ccccc23)cc1,O=C(NCN1CCN(c2ccccc2)CC1)c1ccccc1,False,True,False,,0.24390243902439024,0.2375,,,,,,,,,,,,,,,,,1.0,1.0,0.0,True,,,,,4.0,5.0,1.0,True
edit_latent_source_similarity_rerank,mpair_00003216_cond_02_2p,mpair_00003216,eval,2,"HBD,HBA",COC(=O)c1ccc2c(Nc3ccc(Cl)cc3)nc(N3CCOCC3)nc2c1,CC(C)NC(=O)c1ccc2c(Nc3ccc(Cl)cc3)nc(N3CCOCC3)nc2c1,O=C(NCCN1CCOCC1)c1ccc2c(c1)nc(O)c1cc(F)ccc12,c1ccc(Nc2nc(N3CCOCC3)nc3ccccc23)cc1,O=C(NCCN1CCOCC1)c1ccc2c(c1)ncc1ccccc12,False,True,False,,0.33766233766233766,0.358974358974359,,,,,,,,,,,,,,,,,2.0,2.0,0.0,True,6.0,5.0,1.0,True,,,,
edit_latent_source_similarity_rerank,mpair_00003224_cond_01_2p,mpair_00003224,eval,2,"QED,RB",COCCCN(/C(S)=C1/C(=O)c2cc(Cl)ccc2N(C)C1=O)c1ccccc1,COc1ccc(N(C)/C(S)=C2/C(=O)c3cc(Cl)ccc3N(C)C2=O)cc1,Sc1nc(-c2cc(Cl)ccc2Cl)nn1Cc1ccccc1,O=C1Nc2ccccc2C(=O)/C1=C/Nc1ccccc1,c1ccc(Cn2cnc(-c3ccccc3)n2)cc1,False,False,False,,0.25,0.2,,,,,,,,,0.4935411914533051,0.7094089893908448,0.21586779793753974,False,,,,,,,,,,,,,3.0,3.0,0.0,True
edit_latent_source_similarity_rerank,mpair_00003226_cond_00_2p,mpair_00003226,eval,2,"QED,RB",COc1cccc(N(C)/C(S)=C2/C(=O)c3cc(Cl)ccc3N(C)C2=O)c1,COCCCN(/C(S)=C1/C(=O)c2cc(Cl)ccc2N(C)C1=O)c1ccccc1,O=C(OCCCN1CCCCC1)c1cc(O)c2c(c1)C(=O)c1cccc(O)c1C2=O,O=C1Nc2ccccc2C(=O)/C1=C/Nc1ccccc1,O=C(OCCCN1CCCCC1)c1ccc2c(c1)C(=O)c1ccccc1C2=O,False,False,False,,0.1927710843373494,0.21428571428571427,,,,,,,,,0.3319041471572704,0.49314986626058194,0.16124571910331154,False,,,,,,,,,,,,,6.0,5.0,1.0,True
edit_latent_source_similarity_rerank,mpair_00003227_cond_02_2p,mpair_00003227,eval,2,"QED,RB",COc1ccc(N(C)/C(S)=C2/C(=O)c3cc(Cl)ccc3N(C)C2=O)cc1,COCCCN(/C(S)=C1/C(=O)c2cc(Cl)ccc2N(C)C1=O)c1ccccc1,COc1cc(OC)c2cc(-c3ccc(OCc4ccccc4)cc3)c(O)nc2c1,O=C1Nc2ccccc2C(=O)/C1=C/Nc1ccccc1,c1ccc(COc2ccc(-c3cnc4ccccc4c3)cc2)cc1,False,False,False,,0.17721518987341772,0.1511627906976744,,,,,,,,,0.3319041471572704,0.49246335102400157,0.16055920386673117,False,,,,,,,,,,,,,6.0,6.0,0.0,True
edit_latent_source_similarity_rerank,mpair_00003531_cond_01_2p,mpair_00003531,eval,2,"TPSA,HBA",CC(C)Oc1cccc(N(Cc2cccnc2)S(=O)(=O)CC(F)(F)F)c1,CCOC(=O)C(C)Oc1cccc(N(Cc2cccnc2)S(=O)(=O)CC(F)(F)F)c1,CCCCc1c(OC(C)=O)c2cccnc2n(-c2ccc(OC)cc2)c1=O,c1ccc(NCc2cccnc2)cc1,O=c1ccc2cccnc2n1-c1ccccc1,False,True,False,,0.14772727272727273,0.17391304347826086,,,,,,,,,,,,,85.80000000000001,70.41999999999999,15.380000000000024,True,,,,,6.0,6.0,0.0,True,,,,
edit_latent_source_similarity_rerank,mpair_00003535_cond_00_2p,mpair_00003535,eval,2,"MW,LogP",O=S(=O)(CC(F)(F)F)N(Cc1cccnc1)c1cccc(OC(F)(F)F)c1,COc1cccc(N(Cc2cccnc2)S(=O)(=O)CC(F)(F)F)c1,O=C1C(=O)N(Cc2ccccc2C(F)(F)F)c2c(F)cccc21,c1ccc(NCc2cccnc2)cc1,O=C1C(=O)N(Cc2ccccc2)c2ccccc21,False,False,False,,0.1643835616438356,0.1643835616438356,360.3570000000001,323.245,37.11200000000008,False,2.988900000000002,3.5740000000000025,0.5851000000000006,True,,,,,,,,,,,,,,,,,,,,
edit_latent_source_similarity_rerank,mpair_00003540_cond_02_2p,mpair_00003540,eval,2,"LogP,TPSA",CCCC(C)Oc1cccc(N(Cc2cccnc2)S(=O)(=O)CC(F)(F)F)c1,CCOC(=O)C(C)Oc1cccc(N(Cc2cccnc2)S(=O)(=O)CC(F)(F)F)c1,CC(=O)NC[C@H]1CN(c2ccc(/C=C(\Br)c3cccnc3)c(F)c2)C(=O)O1,c1ccc(NCc2cccnc2)cc1,O=C1OCCN1c1ccc(C=Cc2cccnc2)cc1,False,True,False,,0.1836734693877551,0.1919191919191919,,,,,3.3107000000000024,3.575000000000003,0.2643000000000004,True,,,,,85.80000000000001,71.53,14.27000000000001,True,,,,,,,,,,,,
edit_latent_source_similarity_rerank,mpair_00003542_cond_02_2p,mpair_00003542,eval,2,"QED,RB",CC(C)COc1cccc(N(Cc2cccnc2)S(=O)(=O)CC(F)(F)F)c1,CCC(C)COc1cccc(N(Cc2cccnc2)S(=O)(=O)CC(F)(F)F)c1,CCCCCC(=O)c1cccc(OCc2cccc(C#N)c2)c1,c1ccc(NCc2cccnc2)cc1,c1ccc(COc2ccccc2)cc1,False,True,False,,0.20253164556962025,0.20987654320987653,,,,,,,,,0.6078002459089881,0.5145596556046594,0.09324059030432863,True,,,,,,,,,,,,,9.0,8.0,1.0,True
edit_latent_source_similarity_rerank,mpair_00003544_cond_01_2p,mpair_00003544,eval,2,"LogP,RB",CC(C)COc1cccc(N(Cc2cccnc2)S(=O)(=O)CC(F)(F)F)c1,CCCC(C)Oc1cccc(N(Cc2cccnc2)S(=O)(=O)CC(F)(F)F)c1,O=C(O)COc1cccc(CCc2cc(-c3ccccc3)n(-c3ccccc3)n2)c1,c1ccc(NCc2cccnc2)cc1,c1ccc(CCc2cc(-c3ccccc3)n(-c3ccccc3)n2)cc1,False,True,False,,0.2,0.17857142857142858,,,,,4.547700000000003,4.787900000000003,0.24019999999999975,True,,,,,,,,,,,,,,,,,9.0,8.0,1.0,True
edit_latent_source_similarity_rerank,mpair_00003547_cond_01_2p,mpair_00003547,eval,2,"QED,RB",CCC(C)COc1cccc(N(Cc2cccnc2)S(=O)(=O)CC(F)(F)F)c1,CC(C)COc1cccc(N(Cc2cccnc2)S(=O)(=O)CC(F)(F)F)c1,CC(=O)N(C)C(=O)c1cccc(CN2CCN(c3ccccc3OC(C)C)CC2)c1,c1ccc(NCc2cccnc2)cc1,c1ccc(CN2CCN(c3ccccc3)CC2)cc1,False,False,False,,0.17777777777777778,0.17045454545454544,,,,,,,,,0.6693605971809802,0.7318512962398513,0.06249069905887117,True,,,,,,,,,,,,,8.0,6.0,2.0,False
edit_latent_source_similarity_rerank,mpair_00000000_cond_02_3p,mpair_00000000,eval,3,"LogP,HBA,RB",O=C(c1cccc(Cl)c1)N1C[C@H](CN2CCC(c3ccccc3)CC2)[C@@H](c2ccccc2)C1,COc1cccc(C(=O)N2C[C@H](CN3CCC(c4ccccc4)CC3)[C@@H](c3ccccc3)C2)c1,COc1cccc(NC(=O)N2CCCC(CN3CCC(Cc4ccc(F)cc4)CC3)C2)c1,O=C(c1ccccc1)N1C[C@H](CN2CCC(c3ccccc3)CC2)[C@@H](c2ccccc2)C1,O=C(Nc1ccccc1)N1CCCC(CN2CCC(Cc3ccccc3)CC2)C1,False,True,False,,0.2441860465116279,0.35802469135802467,,,,,5.430600000000005,5.032900000000005,0.3977000000000004,True,,,,,,,,,,,,,3.0,3.0,0.0,True,6.0,6.0,0.0,True
edit_latent_source_similarity_rerank,mpair_00000006_cond_02_3p,mpair_00000006,eval,3,"MW,LogP,QED",O=C(c1ccccc1F)N1C[C@H](CN2CCC(c3ccccc3)CC2)[C@@H](c2ccccc2)C1,O=C(c1ccccc1C(F)(F)F)N1C[C@H](CN2CCC(c3ccccc3)CC2)[C@@H](c2ccccc2)C1,O=C(c1ccccc1)N(CCC1CCN(Cc2ccccc2)CC1)c1ccccc1,O=C(c1ccccc1)N1C[C@H](CN2CCC(c3ccccc3)CC2)[C@@H](c2ccccc2)C1,O=C(c1ccccc1)N(CCC1CCN(Cc2ccccc2)CC1)c1ccccc1,False,False,False,,0.24285714285714285,0.25,492.5850000000002,398.55000000000007,94.03500000000014,False,6.4408000000000065,5.635700000000006,0.8051000000000004,True,0.4092272471712491,0.5144330994722925,0.10520585230104346,False,,,,,,,,,,,,,,,,
edit_latent_source_similarity_rerank,mpair_00000012_cond_01_3p,mpair_00000012,eval,3,"MW,LogP,QED",O=C(c1ccccc1F)N1C[C@H](CN2CCC(c3ccccc3)CC2)[C@@H](c2ccccc2)C1,O=C(c1ccccc1Br)N1C[C@H](CN2CCC(c3ccccc3)CC2)[C@@H](c2ccccc2)C1,O=c1c(-c2ccc(Cl)cc2Cl)cccn1C(CN1CCCC1)c1ccccc1,O=C(c1ccccc1)N1C[C@H](CN2CCC(c3ccccc3)CC2)[C@@H](c2ccccc2)C1,O=c1c(-c2ccccc2)cccn1C(CN1CCCC1)c1ccccc1,False,False,False,,0.15,0.15,503.48400000000026,413.3480000000003,90.13599999999997,False,6.184500000000006,5.507300000000006,0.6772,True,0.41502650656849366,0.5514424965494432,0.13641598998094956,False,,,,,,,,,,,,,,,,
edit_latent_source_similarity_rerank,mpair_00000020_cond_01_3p,mpair_00000020,eval,3,"MW,TPSA,HBA",O=C(O)CCC/C=C/C[C@@H]1[C@@H](COCc2ccccc2)C2CC1(c1ccccc1)CO2,N#Cc1ccc(COC[C@H]2C3CC(c4ccc(F)cc4)(CO3)[C@@H]2C/C=C/CCCC(=O)O)cc1,COc1cc(C(C)=O)ccc1OCCCN1CCC(C(C#N)(c2ccccc2)c2ccccc2)CC1,c1ccc(COC[C@@H]2CC3(c4ccccc4)COC2C3)cc1,c1ccc(OCCCN2CCC(C(c3ccccc3)c3ccccc3)CC2)cc1,False,True,False,,0.15625,0.1523809523809524,463.5490000000003,482.62400000000014,19.074999999999818,True,,,,,,,,,79.55,62.56,16.989999999999995,True,,,,,4.0,5.0,1.0,True,,,,
edit_latent_source_similarity_rerank,mpair_00000323_cond_02_3p,mpair_00000323,eval,3,"TPSA,HBD,HBA",N[C@@H](C(=O)N[C@@H]1C(=O)N2C(C(=O)O)=C(C(F)(F)F)CC[C@H]12)c1ccc(F)cc1,N[C@@H](C(=O)N[C@@H]1C(=O)N2C(C(=O)O)=C(C(F)(F)F)CC[C@H]12)c1ccc(O)cc1,CCOC(=O)Nc1cc(N)c(N)c(N)n1,O=C(Cc1ccccc1)N[C@@H]1C(=O)N2C=CCC[C@H]12,c1ccncc1,False,True,False,,0.09090909090909091,0.09090909090909091,,,,,,,,,,,,,132.96,129.27999999999997,3.6800000000000352,True,4.0,4.0,0.0,True,5.0,6.0,1.0,True,,,,
edit_latent_source_similarity_rerank,mpair_00000330_cond_01_3p,mpair_00000330,eval,3,"MW,LogP,HBD",N[C@@H](C(=O)N[C@@H]1C(=O)N2C(C(=O)O)=C(C(F)(F)F)CC[C@H]12)c1ccc(O)cc1,N[C@@H](C(=O)N[C@@H]1C(=O)N2C(C(=O)O)=C(C(F)(F)F)CC[C@H]12)c1cccc(C(F)(F)F)c1,Cc1cccc(Nc2ccncc2S(=O)(=O)N/C(=C/[N+](=O)[O-])NC2CCCCC2)c1,O=C(Cc1ccccc1)N[C@@H]1C(=O)N2C=CCC[C@H]12,C=C(NC1CCCCC1)NS(=O)(=O)c1cnccc1Nc1ccccc1,False,False,False,,0.11,0.13861386138613863,451.3230000000001,431.5180000000003,19.80499999999978,True,2.0955999999999997,3.4098200000000016,1.314220000000002,False,,,,,,,,,3.0,3.0,0.0,True,,,,,,,,
edit_latent_source_similarity_rerank,mpair_00000332_cond_02_3p,mpair_00000332,eval,3,"TPSA,HBD,HBA",N[C@@H](C(=O)N[C@@H]1C(=O)N2C(C(=O)O)=C(C(F)(F)F)CC[C@H]12)c1ccc(O)cc1,N[C@@H](C(=O)N[C@@H]1C(=O)N2C(C(=O)O)=C(C(F)(F)F)CC[C@H]12)c1cccc(Br)c1,Cn1cc([N+](=O)[O-])cc1C(=O)NNC(=S)Nc1ccc(Cl)cc1,O=C(Cc1ccccc1)N[C@@H]1C(=O)N2C=CCC[C@H]12,O=C(NNC(=S)Nc1ccccc1)c1ccc[nH]1,False,True,False,,0.10344827586206896,0.0989010989010989,,,,,,,,,,,,,112.73,101.22999999999999,11.500000000000014,True,3.0,3.0,0.0,True,4.0,5.0,1.0,True,,,,
edit_latent_source_similarity_rerank,mpair_00000338_cond_00_3p,mpair_00000338,eval,3,"LogP,QED,RB",N[C@@H](C(=O)N[C@@H]1C(=O)N2C(C(=O)O)=C(C(F)(F)F)CC[C@H]12)c1cccc(Br)c1,CSC1=C(C(=O)O)N2C(=O)[C@@H](NC(=O)[C@H](N)c3ccccc3)[C@H]2CC1,CCCN(C)Cc1cc(N)ccc1O,O=C(Cc1ccccc1)N[C@@H]1C(=O)N2C=CCC[C@H]12,c1ccccc1,False,False,False,,0.07692307692307693,0.08333333333333333,,,,,0.8350000000000002,1.8161999999999998,0.9811999999999996,True,0.6699274889764619,0.5674921177054072,0.10243537127105473,False,,,,,,,,,,,,,5.0,4.0,1.0,True
edit_latent_source_similarity_rerank,mpair_00000597_cond_02_3p,mpair_00000597,eval,3,"QED,HBD,HBA",OC[C@@H]1N[C@@H](CCCCc2ccc(O)cc2)[C@H](O)[C@H]1O,OC[C@@H]1N[C@@H](CCCCc2ccc(F)cc2)[C@H](O)[C@H]1O,O=C(/C=C/c1cc(O)c(O)c(O)c1)OCCc1ccccc1,c1ccc(CCCC[C@H]2CCCN2)cc1,O=C(/C=C/c1ccccc1)OCCc1ccccc1,False,False,False,,0.15254237288135594,0.13114754098360656,,,,,,,,,0.5767746304019578,0.4486789487576699,0.12809568164428786,False,,,,,4.0,3.0,1.0,True,4.0,5.0,1.0,True,,,,
edit_latent_source_similarity_rerank,mpair_00000728_cond_02_3p,mpair_00000728,eval,3,"LogP,QED,RB",C=CCc1cc(/C=C2\SC(=O)NC2=O)c(OC)cc1OC1CCCCO1,C=CCc1cc(/C=C2\SC(=O)N(CCCC)C2=O)c(OC)cc1OC1CCCCO1,COc1cc(OCCCN(C)C)c(-c2cn3ccc(N4CCCC4)cc3n2)cc1Cl,O=C1NC(=O)/C(=C/c2ccc(OC3CCCCO3)cc2)S1,c1ccc(-c2cn3ccc(N4CCCC4)cc3n2)cc1,False,True,False,,0.14583333333333334,0.1568627450980392,,,,,5.165500000000004,4.594000000000005,0.5714999999999995,True,0.39718598618589046,0.49055331180985884,0.09336732562396838,True,,,,,,,,,,,,,9.0,8.0,1.0,True
edit_latent_source_similarity_rerank,mpair_00000740_cond_00_3p,mpair_00000740,eval,3,"MW,QED,RB",C=CCc1cc(/C=C2\SC(=O)N(C)C2=O)c(OC)cc1OC1CCCCO1,C=CCc1cc(/C=C2\SC(=O)N(CCCC)C2=O)c(OC)cc1OC1CCCCO1,O=C(c1ccc(F)cc1)C1CCN(CCCOc2ccc3c(=O)c(CO)coc3c2)CC1,O=C1NC(=O)/C(=C/c2ccc(OC3CCCCO3)cc2)S1,O=C(c1ccccc1)C1CCN(CCCOc2ccc3c(=O)ccoc3c2)CC1,False,True,False,,0.15,0.1523809523809524,431.55400000000026,439.48300000000023,7.928999999999974,True,,,,,0.39718598618589046,0.4250129980510507,0.027827011865160234,True,,,,,,,,,,,,,9.0,8.0,1.0,True
edit_latent_source_similarity_rerank,mpair_00000742_cond_02_3p,mpair_00000742,eval,3,"MW,LogP,QED",C=CCc1cc(/C=C2\SC(=O)N(C)C2=O)c(OC)cc1OC1CCCCO1,C=CCc1cc(/C=C2\SC(=O)N(CC=C(C)C)C2=O)c(OC)cc1OC1CCCCO1,O=c1cc(-c2ccccc2)oc2cccc(OCCCCCCCN3CCC(O)CC3)c12,O=C1NC(=O)/C(=C/c2ccc(OC3CCCCO3)cc2)S1,O=c1cc(-c2ccccc2)oc2cccc(OCCCCCCCN3CCCCC3)c12,False,True,False,,0.18681318681318682,0.17346938775510204,443.5650000000003,435.56400000000036,8.00099999999992,True,5.331600000000005,5.246000000000006,0.08559999999999945,True,0.3995752918375223,0.4410299875793126,0.04145469574179034,True,,,,,,,,,,,,,,,,
edit_latent_source_similarity_rerank,mpair_00000747_cond_01_3p,mpair_00000747,eval,3,"LogP,QED,HBD",C=CCc1cc(/C=C2\SC(=O)N(CC=C)C2=O)c(OC)cc1OC1CCCCO1,C=CCc1cc(/C=C2\SC(=O)NC2=O)c(OC)cc1OC1CCCCO1,COc1cc2c(cc1OC)C(=O)[C@@H]([C@H](O)C1CC[N+](C)(Cc3ccccc3)CC1)C2,O=C1NC(=O)/C(=C/c2ccc(OC3CCCCO3)cc2)S1,O=C1c2ccccc2C[C@@H]1CC1CC[NH+](Cc2ccccc2)CC1,False,False,False,,0.17204301075268819,0.16666666666666666,,,,,3.6530000000000022,3.4765000000000024,0.17649999999999988,True,0.6042673504148035,0.7411572478419899,0.13688989742718638,False,,,,,1.0,1.0,0.0,True,,,,,,,,
edit_latent_source_similarity_rerank,mpair_00000749_cond_00_3p,mpair_00000749,eval,3,"QED,HBD,RB",C=CCc1cc(/C=C2\SC(=O)N(C(C)C)C2=O)c(OC)cc1OC1CCCCO1,C=CCc1cc(/C=C2\SC(=O)NC2=O)c(OC)cc1OC1CCCCO1,COc1ccc(C(=O)Nc2c(Cl)cccc2Cl)cc1OC1CCCC1,O=C1NC(=O)/C(=C/c2ccc(OC3CCCCO3)cc2)S1,O=C(Nc1ccccc1)c1cccc(OC2CCCC2)c1,False,False,False,,0.1839080459770115,0.1951219512195122,,,,,,,,,0.6042673504148035,0.7371775925812646,0.13291024216646108,False,,,,,1.0,1.0,0.0,True,,,,,6.0,5.0,1.0,True
edit_latent_source_similarity_rerank,mpair_00000758_cond_02_3p,mpair_00000758,eval,3,"LogP,HBA,RB",Clc1cccc(-c2cncc(O[C@@H]3CCNC3)c2)c1,COc1cccc(-c2cncc(O[C@@H]3CCNC3)c2)c1,COc1cc2cnn(-c3ccccc3Cl)c(=O)c2cc1OC,c1ccc(-c2cncc(O[C@@H]3CCNC3)c2)cc1,O=c1c2ccccc2cnn1-c1ccccc1,False,True,False,,0.14285714285714285,0.15942028985507245,,,,,2.4979000000000005,3.056300000000002,0.5584000000000016,True,,,,,,,,,,,,,4.0,5.0,1.0,True,4.0,3.0,1.0,True
edit_latent_source_similarity_rerank,mpair_00001125_cond_00_3p,mpair_00001125,eval,3,"MW,QED,HBD",CN1C(=O)c2ccccc2C1CCN1CCN(c2ccc(Cl)cc2)CC1,O=C1NC(CCN2CCN(c3ccccc3)CC2)c2ccccc21,NC(=O)c1ccc2c(=O)n(-c3ccccc3)nnc2c1,O=C1NC(CCN2CCN(c3ccccc3)CC2)c2ccccc21,O=c1c2ccccc2nnn1-c1ccccc1,False,False,False,,0.1267605633802817,0.16923076923076924,321.4240000000001,266.26,55.1640000000001,False,,,,,0.9403172855884846,0.7449805976381307,0.19533668795035386,False,,,,,1.0,1.0,0.0,True,,,,,,,,
edit_latent_source_similarity_rerank,mpair_00001132_cond_00_3p,mpair_00001132,eval,3,"QED,TPSA,HBA",O=C(Cc1ccccc1[N+](=O)[O-])NCCC1CCN(CC2COc3ccccc3O2)CC1,COc1ccccc1CC(=O)NCCC1CCN(CC2COc3ccccc3O2)CC1,COc1ccc(C2(Cc3ccccc3)CCN(C(=O)OC(C)(C)C)C2=O)cc1OC1CCCC1,O=C(Cc1ccccc1)NCCC1CCN(CC2COc3ccccc3O2)CC1,O=C1NCCC1(Cc1ccccc1)c1cccc(OC2CCCC2)c1,False,False,False,,0.1568627450980392,0.23157894736842105,,,,,,,,,0.7047088784600517,0.5503923174016236,0.15431656105842806,False,60.03,65.07,5.039999999999992,True,,,,,5.0,5.0,0.0,True,,,,
edit_latent_source_similarity_rerank,mpair_00001135_cond_01_3p,mpair_00001135,eval,3,"MW,LogP,QED",Fc1ccc(N2CCN(c3nc4ccsc4n4cccc34)CC2)cc1,FC(F)(F)c1cccc(N2CCN(c3nc4ccsc4n4cccc34)CC2)c1,CN(C/C=C/c1ccc(C(F)(F)F)cc1F)Cc1ccc2c(c1)OCCO2,c1ccc(N2CCN(c3nc4ccsc4n4cccc34)CC2)cc1,C(=C/c1ccccc1)\CNCc1ccc2c(c1)OCCO2,False,False,False,,0.09876543209876543,0.1728395061728395,402.4450000000001,381.36900000000014,21.075999999999965,True,4.894400000000004,4.760900000000004,0.13349999999999973,True,0.47685586942313013,0.6973103138760697,0.22045444445293955,False,,,,,,,,,,,,,,,,
edit_latent_source_similarity_rerank,mpair_00002371_cond_02_3p,mpair_00002371,eval,3,"QED,HBD,HBA",Cn1cc(C(=O)c2ccc(-n3ccnc3)cc2)cc1/C=C/C(=O)O,CCOC(=O)/C=C/c1cc(C(=O)c2ccc(-n3ccnc3)cc2)cn1C,COc1cc(C(=O)/C=C/c2ccc(N3CCOCC3)cc2)cc(OC)c1OC,O=C(c1ccc(-n2ccnc2)cc1)c1cc[nH]c1,O=C(/C=C/c1ccc(N2CCOCC2)cc1)c1ccccc1,False,False,False,,0.2054794520547945,0.20512820512820512,,,,,,,,,0.3897342663180413,0.5392430480256368,0.14950878170759552,False,,,,,0.0,0.0,0.0,True,6.0,6.0,0.0,True,,,,
edit_latent_source_similarity_rerank,mpair_00002463_cond_00_3p,mpair_00002463,eval,3,"LogP,HBA,RB",COc1ccc(NC(=O)c2cc(OCCCN(C)C)nn2Cc2ccccc2)cc1,CN(C)CCCOc1cc(C(=O)Nc2ccc(Cl)cc2F)n(Cc2ccccc2)n1,Cc1c(C2CCCCC2)oc2ccc(OCCCCCCN3CCC(O)CC3)cc2c1=O,O=C(Nc1ccccc1)c1ccnn1Cc1ccccc1,O=c1cc(C2CCCCC2)oc2ccc(OCCCCCCN3CCCCC3)cc12,False,False,False,,0.1702127659574468,0.1414141414141414,,,,,4.306700000000003,5.545020000000006,1.2383200000000034,False,,,,,,,,,,,,,5.0,5.0,0.0,True,9.0,9.0,0.0,True
edit_latent_source_similarity_rerank,mpair_00002466_cond_01_3p,mpair_00002466,eval,3,"QED,HBA,RB",CN(C)CCCOc1cc(C(=O)Nc2ccc(Cl)cc2F)n(Cc2ccccc2)n1,CN(C)CCCOc1cc(C(=O)Nc2ccc(OC(F)(F)F)cc2)n(Cc2ccccc2)n1,CCCCCOC(=O)CCN1CCC(C(=O)OC)(N(C(=O)CC)c2ccccc2)CC1,O=C(Nc1ccccc1)c1ccnn1Cc1ccccc1,c1ccc(NC2CCNCC2)cc1,False,True,False,,0.18085106382978725,0.17894736842105263,,,,,,,,,0.4522382232340766,0.3931047255896499,0.059133497644426714,True,,,,,,,,,6.0,6.0,0.0,True,10.0,11.0,1.0,True
edit_latent_source_similarity_rerank,mpair_00002470_cond_00_3p,mpair_00002470,eval,3,"LogP,HBA,RB",CN(C)CCCOc1cc(C(=O)Nc2ccc(Cl)cc2F)n(Cc2ccccc2)n1,COc1ccc(NC(=O)c2cc(OCCCN(C)C)nn2Cc2ccccc2)cc1,CN/C(=N\[C@@H](Cc1ccc(-c2c(OC)cccc2OC)cc1)C(=O)O)[C@@H]1CCN1S(=O)(=O)c1cc(Cl)cc(Cl)c1,O=C(Nc1ccccc1)c1ccnn1Cc1ccccc1,O=S(=O)(c1ccccc1)N1CC[C@H]1C=NCCc1ccc(-c2ccccc2)cc1,False,False,False,,0.17475728155339806,0.18,,,,,3.522800000000002,4.754400000000004,1.231600000000002,False,,,,,,,,,,,,,6.0,6.0,0.0,True,10.0,10.0,0.0,True
edit_latent_source_similarity_rerank,mpair_00002473_cond_00_3p,mpair_00002473,eval,3,"LogP,HBA,RB",COc1ccc(NC(=O)c2cc(OCCCN(C)C)nn2Cc2ccccc2)cc1,CN(C)CCCOc1cc(C(=O)Nc2cccc(Cl)c2)n(Cc2ccccc2)n1,Cc1cc(C(=O)NCCCCN2CCc3ccc(OS(=O)(=O)C(F)(F)F)cc3C2)ccc1-c1ccccc1,O=C(Nc1ccccc1)c1ccnn1Cc1ccccc1,O=C(NCCCCN1CCc2ccccc2C1)c1ccc(-c2ccccc2)cc1,False,False,False,,0.1919191919191919,0.18,,,,,4.167600000000003,5.458720000000005,1.291120000000002,False,,,,,,,,,,,,,5.0,5.0,0.0,True,9.0,9.0,0.0,True
edit_latent_source_similarity_rerank,mpair_00002478_cond_02_3p,mpair_00002478,eval,3,"MW,LogP,QED",CN(C)CCCOc1cc(C(=O)Nc2cccc(Cl)c2)n(Cc2ccccc2)n1,CN(C)CCCOc1cc(C(=O)Nc2cc(F)cc(C(F)(F)F)c2)n(Cc2ccccc2)n1,Cc1ccccc1N1CCN(CC[C@H](CN(C)S(=O)(=O)c2ccccc2)c2cccc(Cl)c2)CC1,O=C(Nc1ccccc1)c1ccnn1Cc1ccccc1,O=S(=O)(NC[C@@H](CCN1CCN(c2ccccc2)CC1)c1ccccc1)c1ccccc1,False,False,False,,0.2222222222222222,0.13725490196078433,464.4630000000001,512.1190000000003,47.656000000000176,False,4.672100000000003,5.265020000000006,0.592920000000003,True,0.369385517709234,0.39257006382193244,0.023184546112698434,True,,,,,,,,,,,,,,,,
edit_latent_source_similarity_rerank,mpair_00002483_cond_00_3p,mpair_00002483,eval,3,"LogP,HBA,RB",COc1cc(NC(=O)c2cc(OCCCN(C)C)nn2Cc2ccccc2)cc(OC)c1OC,CN(C)CCCOc1cc(C(=O)Nc2ccc(OC(F)(F)F)cc2)n(Cc2ccccc2)n1,COc1cc2cc3c4c(cccc4c2c(OC)c1OCc1ccccc1)C(=O)N3CCCCN(C)C,O=C(Nc1ccccc1)c1ccnn1Cc1ccccc1,O=C1Nc2cc3ccc(OCc4ccccc4)cc3c3cccc1c23,False,False,False,,0.3333333333333333,0.22916666666666666,,,,,4.412800000000003,5.891200000000007,1.4784000000000033,False,,,,,,,,,,,,,6.0,5.0,1.0,True,10.0,10.0,0.0,True
edit_latent_source_similarity_rerank,mpair_00002488_cond_01_3p,mpair_00002488,eval,3,"LogP,TPSA,HBD",C=Cc1cc(C(=O)OCC)n(S(=O)(=O)c2cc(Cl)ccc2N)c1,CC(C)OC(=O)c1cc(CO)cn1S(=O)(=O)c1cc(Cl)ccc1N,Cn1cc(C(=O)O)c(=O)c2cc(N)c(N3CCN(c4ccccn4)CC3)cc21,O=S(=O)(c1ccccc1)n1cccc1,O=c1cc[nH]c2cc(N3CCN(c4ccccn4)CC3)ccc12,False,True,False,,0.16279069767441862,0.1511627906976744,,,,,2.0182,1.5404999999999993,0.4777000000000009,True,,,,,111.61999999999999,104.69,6.929999999999993,True,2.0,2.0,0.0,True,,,,,,,,
edit_latent_source_similarity_rerank,mpair_00002498_cond_01_3p,mpair_00002498,eval,3,"MW,QED,RB",CCc1ccc(NC2=C(Cl)C(=O)c3ncncc3C2=O)cc1,O=C1C(Nc2cccc(Br)c2)=C(Cl)C(=O)c2ncncc21,O=C1C(Cl)=C(Nc2ccc(Cl)cc2)C(=O)c2ncccc21,O=C1C(Nc2ccccc2)=CC(=O)c2ncncc21,O=C1C=C(Nc2ccccc2)C(=O)c2ncccc21,False,False,False,,0.4230769230769231,0.3888888888888889,364.58600000000007,319.14700000000005,45.43900000000002,False,,,,,0.885902971993687,0.9172470983243884,0.031344126330701494,True,,,,,,,,,,,,,2.0,2.0,0.0,True
edit_latent_source_similarity_rerank,mpair_00002502_cond_02_3p,mpair_00002502,eval,3,"MW,QED,RB",O=C1C(Nc2cccc(Br)c2)=C(Cl)C(=O)c2ncncc21,CCc1ccc(NC2=C(Cl)C(=O)c3ncncc3C2=O)cc1,CN1CCN(c2cc(-c3ccccc3)c3ccccc3c2)CC1,O=C1C(Nc2ccccc2)=CC(=O)c2ncncc21,c1ccc(-c2cc(N3CCNCC3)cc3ccccc23)cc1,False,False,False,,0.08823529411764706,0.07352941176470588,313.744,302.4210000000001,11.322999999999922,True,,,,,0.9428073960459649,0.6977272005438213,0.24508019550214355,False,,,,,,,,,,,,,3.0,2.0,1.0,True
edit_latent_source_similarity_rerank,mpair_00002505_cond_02_3p,mpair_00002505,eval,3,"QED,HBA,RB",COc1ccc(C(=O)CN2c3ccccc3C(=O)N(Cc3ccccc3)S2(=O)=O)cc1,O=C(CN1c2ccccc2C(=O)N(Cc2ccccc2)S1(=O)=O)c1ccccc1,CC(=O)N1CCN(c2ccc(CN(C(C)(C)C)S(=O)(=O)Cc3ccccc3)cc2)CC1,O=C(CN1c2ccccc2C(=O)N(Cc2ccccc2)S1(=O)=O)c1ccccc1,O=S(=O)(Cc1ccccc1)NCc1ccc(N2CCNCC2)cc1,False,True,False,,0.19230769230769232,0.19718309859154928,,,,,,,,,0.6096951629926923,0.6857892104390259,0.07609404744633352,True,,,,,,,,,4.0,4.0,0.0,True,5.0,6.0,1.0,True
edit_latent_source_similarity_rerank,mpair_00002516_cond_02_3p,mpair_00002516,eval,3,"LogP,TPSA,HBA",CSc1cc(-c2ccc(Cl)cc2)oc(=O)c1Br,CSc1cc(-c2ccc(Br)cc2)oc(=O)c1C#N,COc1cccc(C2(O)CCC(N3CCN(Cc4ccccc4)CC3)CC2)c1,O=c1cccc(-c2ccccc2)o1,c1ccc(CN2CCN(C3CCC(c4ccccc4)CC3)CC2)cc1,False,True,False,,0.08108108108108109,0.0641025641025641,,,,,3.662880000000002,3.643200000000003,0.019679999999999254,True,,,,,54.0,35.940000000000005,18.059999999999995,True,,,,,4.0,4.0,0.0,True,,,,
edit_latent_source_similarity_rerank,mpair_00002546_cond_01_3p,mpair_00002546,eval,3,"MW,QED,HBA",CSc1cc(-c2ccc(Br)cc2)oc(=O)c1Br,CSc1cc(-c2ccc(Br)cc2)oc(=O)c1C#N,CCC(=O)N(c1ccccc1)C1CCN(CC(=O)OC)CC1,O=c1cccc(-c2ccccc2)o1,c1ccc(NC2CCNCC2)cc1,False,True,False,,0.07462686567164178,0.06944444444444445,322.1830000000001,304.39000000000004,17.793000000000063,True,,,,,0.791886779601309,0.7814716860418276,0.010415093559481448,True,,,,,,,,,4.0,4.0,0.0,True,,,,
edit_latent_source_similarity_rerank,mpair_00002560_cond_02_3p,mpair_00002560,eval,3,"MW,QED,HBA",CSc1nc(-c2ccc(Cl)cc2)nn1C(=O)N(C)c1ccccc1,CSc1nc(-c2ccc(OC(F)(F)F)cc2)nn1C(=O)N(C)c1ccccc1,CCOc1ccc(-c2nc(-c3cccc(C(=O)O)c3)cs2)cc1OCC,O=C(Nc1ccccc1)n1cnc(-c2ccccc2)n1,c1ccc(-c2csc(-c3ccccc3)n2)cc1,False,False,False,,0.2054794520547945,0.20512820512820512,408.4050000000001,369.4420000000001,38.962999999999965,False,,,,,0.5874043626188404,0.6364866646350905,0.04908230201625008,True,,,,,,,,,6.0,5.0,1.0,True,,,,
edit_latent_source_similarity_rerank,mpair_00002570_cond_01_3p,mpair_00002570,eval,3,"QED,TPSA,HBA",CCN(CC)C(=O)OCC1CN(C(=O)c2cc(OC)c(OC)c(OC)c2)CCN1C(=O)c1cc(OC)c(OC)c(OC)c1,COc1cc(C(=O)N2CCN(C(=O)c3cc(OC)c(OC)c(OC)c3)CC2)cc(OC)c1OC,CCOc1ccc2c(c1)C(c1ccc(OC)cc1)=C(C(=O)O)C(c1ccc3c(c1)OCO3)O2,O=C(c1ccccc1)N1CCN(C(=O)c2ccccc2)CC1,C1=C(c2ccccc2)c2ccccc2OC1c1ccc2c(c1)OCO2,False,False,False,,0.15730337078651685,0.15714285714285714,,,,,,,,,0.5754127815390553,0.5799123846058255,0.004499603066770219,True,96.00000000000001,83.45000000000002,12.549999999999997,True,,,,,8.0,6.0,2.0,False,,,,
edit_latent_source_similarity_rerank,mpair_00002580_cond_00_3p,mpair_00002580,eval,3,"LogP,HBD,HBA",COc1cc(C(=O)N2CCN(C(=O)c3cc(OC)c(OC)c(OC)c3)C(COC(C)=O)C2)cc(OC)c1OC,COc1cc(C(=O)N2CCN(C(=O)c3cc(OC)c(OC)c(OC)c3)C(CO)C2)cc(OC)c1OC,COc1ccc(-n2nc3c(NC(=O)c4ccncc4)nc4ccccc4n3c2=O)cc1,O=C(c1ccccc1)N1CCN(C(=O)c2ccccc2)CC1,O=C(Nc1nc2ccccc2n2c(=O)n(-c3ccccc3)nc12)c1ccncc1,False,True,False,,0.13953488372093023,0.14634146341463414,,,,,1.6973000000000003,2.6893000000000002,0.992,True,,,,,,,,,1.0,1.0,0.0,True,9.0,8.0,1.0,True,,,,
edit_latent_source_similarity_rerank,mpair_00002585_cond_01_3p,mpair_00002585,eval,3,"QED,TPSA,RB",COc1cc(C(=O)N2CCN(C(=O)c3cc(OC)c(OC)c(OC)c3)C(COC(C)=O)C2)cc(OC)c1OC,COc1cc(C(=O)N2CCN(C(=O)c3cc(OC)c(OC)c(OC)c3)CC2)cc(OC)c1OC,CCCO[C@H]1C(=O)N2C(C(=O)OC(C)(C)C)=C(COC(C)=O)CS[C@H]12,O=C(c1ccccc1)N1CCN(C(=O)c2ccccc2)CC1,O=C1C[C@H]2SCC=CN12,False,False,False,,0.189873417721519,0.1323529411764706,,,,,,,,,0.5754127815390553,0.520469382804932,0.05494339873412324,True,96.00000000000001,82.14000000000001,13.86,True,,,,,,,,,8.0,6.0,2.0,False
edit_latent_source_similarity_rerank,mpair_00002590_cond_00_3p,mpair_00002590,eval,3,"MW,HBD,RB",COc1cc(C(=O)N2CCN(C(=O)c3cc(OC)c(OC)c(OC)c3)C(COC(=O)NCCC(C)C)C2)cc(OC)c1OC,COc1cc(C(=O)N2CCN(C(=O)c3cc(OC)c(OC)c(OC)c3)C(COC(C)=O)C2)cc(OC)c1OC,COc1cc(Br)cc(C(=O)NC[C@@H]2CCCN2Cc2ccc(F)cc2)c1OC,O=C(c1ccccc1)N1CCN(C(=O)c2ccccc2)CC1,O=C(NC[C@@H]1CCCN1Cc1ccccc1)c1ccccc1,False,False,False,,0.26744186046511625,0.26582278481012656,546.5730000000003,451.33600000000024,95.23700000000008,False,,,,,,,,,,,,,0.0,1.0,1.0,True,,,,,10.0,7.0,3.0,False
edit_latent_source_similarity_rerank,mpair_00002596_cond_02_3p,mpair_00002596,eval,3,"HBD,HBA,RB",COc1ccc(C(=O)Nc2c(F)cncc2F)c2ccc(C(F)(F)F)nc12,COc1ccc(C(=O)Nc2c(Cl)cncc2Cl)c2ccc(C(C)O)nc12,O=C(Nc1c(F)cccc1F)C1=C(O)CCn2c1nc1cnccc12,O=C(Nc1ccncc1)c1cccc2ncccc12,O=C(Nc1ccccc1)C1=CCCn2c1nc1cnccc12,False,False,False,,0.2631578947368421,0.19753086419753085,,,,,,,,,,,,,,,,,2.0,2.0,0.0,True,5.0,5.0,0.0,True,4.0,2.0,2.0,False
edit_latent_source_similarity_rerank,mpair_00002601_cond_01_3p,mpair_00002601,eval,3,"MW,LogP,QED",COc1ccc(C(=O)Nc2ccncc2Cl)c2cccnc12,COc1ccc(C(=O)Nc2ccncc2Cl)c2ccc(C(F)(F)F)nc12,CCCCc1cc(O)cc(=O)n1Cc1ccc(-c2ccccc2C(=O)O)cc1,O=C(Nc1ccncc1)c1cccc2ncccc12,O=c1ccccn1Cc1ccc(-c2ccccc2)cc1,False,True,False,,0.13253012048192772,0.11235955056179775,381.74100000000004,377.44000000000005,4.300999999999988,True,4.562900000000002,4.310000000000003,0.25289999999999857,True,0.7218484507203837,0.642959236820894,0.07888921389948977,True,,,,,,,,,,,,,,,,
edit_latent_source_similarity_rerank,mpair_00002605_cond_01_3p,mpair_00002605,eval,3,"TPSA,HBD,HBA",COc1ccc(C(=O)Nc2c(Cl)cncc2Cl)c2ccc(C(C)O)nc12,COc1ccc(C(=O)Nc2c(F)cncc2F)c2ccc(C(F)(F)F)nc12,COc1ccc(C(=O)Nc2c(Cl)cncc2Cl)cc1OC,O=C(Nc1ccncc1)c1cccc2ncccc12,O=C(Nc1ccncc1)c1ccccc1,False,True,False,,0.5,0.36065573770491804,,,,,,,,,,,,,64.11,60.45,3.6599999999999966,True,1.0,1.0,0.0,True,4.0,4.0,0.0,True,,,,
edit_latent_source_similarity_rerank,mpair_00002610_cond_02_3p,mpair_00002610,eval,3,"LogP,TPSA,HBD",CCc1ccc2c(C(=O)Nc3c(Cl)cncc3Cl)ccc(OC)c2n1,COc1ccc(C(=O)Nc2c(Cl)cncc2Cl)c2ccc(C(C)O)nc12,COc1ccc(S(=O)(=O)Oc2ccccc2NC(=O)c2ccccc2)cc1,O=C(Nc1ccncc1)c1cccc2ncccc12,O=C(Nc1ccccc1OS(=O)(=O)c1ccccc1)c1ccccc1,False,True,False,,0.20833333333333334,0.1891891891891892,,,,,4.2508000000000035,3.715200000000002,0.5356000000000014,True,,,,,84.34,81.70000000000002,2.6399999999999864,True,2.0,1.0,1.0,True,,,,,,,,
edit_latent_source_similarity_rerank,mpair_00002617_cond_00_3p,mpair_00002617,eval,3,"TPSA,HBA,RB",COc1ccc(C(=O)Nc2c(Cl)cncc2Cl)c2ccc(C(C)=O)nc12,COc1ccc(C(=O)Nc2ccncc2Cl)c2ccc(C(F)(F)F)nc12,O=c1[nH]c2ccc(-c3csc(-c4cccc(F)c4)n3)cc2o1,O=C(Nc1ccncc1)c1cccc2ncccc12,O=c1[nH]c2ccc(-c3csc(-c4ccccc4)n3)cc2o1,False,True,False,,0.07058823529411765,0.07865168539325842,,,,,,,,,,,,,64.11,58.89,5.219999999999999,True,,,,,4.0,4.0,0.0,True,3.0,2.0,1.0,True
edit_latent_source_similarity_rerank,mpair_00002624_cond_01_3p,mpair_00002624,eval,3,"MW,LogP,QED",COc1ccc(C(=O)Nc2ccncc2Cl)c2ccc(C(F)(F)F)nc12,COc1ccc(C(=O)Nc2ccncc2Cl)c2cccnc12,Cc1nc(-c2ccc(Cl)cc2)nn1C(=O)c1ccccc1,O=C(Nc1ccncc1)c1cccc2ncccc12,O=C(c1ccccc1)n1cnc(-c2ccccc2)n1,False,True,False,,0.14666666666666667,0.15714285714285714,313.744,297.745,15.999000000000024,True,3.544100000000002,3.5954200000000025,0.051320000000000476,True,0.8029165077767629,0.7259548802118548,0.0769616275649081,True,,,,,,,,,,,,,,,,
edit_latent_source_similarity_rerank,mpair_00002631_cond_01_3p,mpair_00002631,eval,3,"LogP,HBD,HBA",CC(C)(C)[C@H](O)C(=O)N1C[C@H](c2ccccc2)C[C@H]1C(=O)N[C@@H](CC(F)F)C(=O)NCCc1c(F)cc(C(=O)O)cc1F,CC(C)CC(=O)N1C[C@H](c2ccccc2)C[C@H]1C(=O)N[C@@H](CC(F)F)C(=O)NCCc1c(F)cc(C(=O)O)cc1F,COc1ccccc1-c1ccc(C[C@H](NC(=O)N2CCCN2S(=O)(=O)c2cc(Cl)cc(Cl)c2)C(=O)O)cc1,O=C(CNC(=O)[C@@H]1C[C@@H](c2ccccc2)CN1)NCCc1ccccc1,O=C(NCCc1ccc(-c2ccccc2)cc1)N1CCCN1S(=O)(=O)c1ccccc1,False,True,False,,0.17272727272727273,0.17592592592592593,,,,,3.892500000000002,4.685900000000003,0.793400000000001,True,,,,,,,,,3.0,2.0,1.0,True,4.0,5.0,1.0,True,,,,
edit_latent_source_similarity_rerank,mpair_00003115_cond_01_3p,mpair_00003115,eval,3,"MW,LogP,QED",Cc1nc2nncnn2c(=O)c1C,Cc1nc2nnc(C(C)(C)C)nn2c(=O)c1C,NC(=O)c1nc2c(O)nc3ccccc3n2n1,O=c1ccnc2nncnn12,c1ccc2c(c1)ncc1ncnn12,False,True,False,,0.12727272727272726,0.12280701754385964,233.27499999999998,229.199,4.075999999999965,True,0.7938399999999997,0.0819999999999999,0.7118399999999998,True,0.6723856505150625,0.6142177846080903,0.058167865906972205,True,,,,,,,,,,,,,,,,
edit_latent_source_similarity_rerank,mpair_00003206_cond_01_3p,mpair_00003206,eval,3,"MW,LogP,HBA",CCOC(=O)N1CCN(S(=O)(=O)c2ccc(-n3ncc(=O)[nH]c3=O)cc2Cl)CC1,Cc1cc(-n2ncc(=O)[nH]c2=O)ccc1S(=O)(=O)N1CCN(C=O)CC1,CCN1CCC2c3c([nH]c(=O)n(O)c3=O)SC2C1,O=c1cnn(-c2ccc(S(=O)(=O)N3CCNCC3)cc2)c(=O)[nH]1,O=c1[nH]c2c(c(=O)[nH]1)C1CCNCC1S2,False,False,False,,0.16049382716049382,0.1282051282051282,379.39800000000025,269.326,110.07200000000023,False,-1.3080799999999981,0.05739999999999995,1.365479999999998,False,,,,,,,,,,,,,7.0,6.0,1.0,True,,,,
edit_latent_source_similarity_rerank,mpair_00003210_cond_01_3p,mpair_00003210,eval,3,"MW,LogP,RB",CC[C@H]1OC(=O)[C@H](C)[C@@H](O)[C@H](C)[C@@H](OC2O[C@H](C)C[C@H](N(C)C)C2O)[C@@](C)(OC)C[C@@H](C)C(=O)[C@H](C)[C@@H](O)[C@]1(C)O,CC[C@H]1OC(=O)[C@H](C)[C@@H](OC(C)=O)[C@H](C)[C@@H](OC2O[C@H](C)C[C@H](N(C)C)C2O)[C@@](C)(OC)C[C@@H](C)C(=O)[C@H](C)[C@@H](O)[C@]1(C)O,COc1cc(C(=O)OCc2ccc3nc(N)nc(N)c3c2)cc(OC)c1OC,O=C1CCCCOC(=O)CCC[C@@H](OC2CCCCO2)CCC1,O=C(OCc1ccc2ncncc2c1)c1ccccc1,False,False,False,,0.06862745098039216,0.07407407407407407,631.8040000000003,384.39200000000017,247.41200000000015,False,2.0853000000000033,2.1769999999999996,0.09169999999999634,True,,,,,,,,,,,,,,,,,6.0,6.0,0.0,True
edit_latent_source_similarity_rerank,mpair_00003219_cond_02_3p,mpair_00003219,eval,3,"MW,LogP,QED",COc1ccc(S(=O)(=O)N(Cc2cccnc2)c2c(C)cccc2C(=O)NO)cc1,COc1ccc(S(=O)(=O)N(Cc2cccnc2)c2c(C)cc(Br)cc2C(=O)NO)cc1,CCO[C@H]1CC[C@@](CS)(C(=O)N[C@@H](Cc2cccnc2)C(=O)Nc2ccccc2)CC1,O=S(=O)(c1ccccc1)N(Cc1cccnc1)c1ccccc1,O=C(N[C@@H](Cc1cccnc1)C(=O)Nc1ccccc1)C1CCCCC1,False,False,False,,0.22340425531914893,0.22105263157894736,506.37800000000016,441.5970000000002,64.78099999999995,False,3.675620000000001,3.6429000000000027,0.03271999999999853,True,0.3740614499694089,0.5192043558812341,0.14514290591182527,False,,,,,,,,,,,,,,,,
edit_latent_source_similarity_rerank,mpair_00003223_cond_01_3p,mpair_00003223,eval,3,"MW,LogP,QED",COc1ccc(S(=O)(=O)N(Cc2cccnc2)c2c(C)cc(Br)cc2C(=O)NO)cc1,COc1ccc(S(=O)(=O)N(Cc2cccnc2)c2c(C)cccc2C(=O)NO)cc1,CC(C)C(NC(=O)OCc1ccccc1)C(=O)N(C)[C@H](C=O)Cc1ccccc1,O=S(=O)(c1ccccc1)N(Cc1cccnc1)c1ccccc1,O=C(CNC(=O)OCc1ccccc1)NCCc1ccccc1,False,False,False,,0.1744186046511628,0.17647058823529413,427.48200000000014,396.48700000000014,30.995000000000005,True,2.91312,3.2060000000000013,0.29288000000000114,True,0.44330794633881315,0.6606411904987082,0.21733324415989502,False,,,,,,,,,,,,,,,,
edit_latent_source_similarity_rerank,mpair_00003535_cond_02_3p,mpair_00003535,eval,3,"MW,LogP,QED",O=S(=O)(CC(F)(F)F)N(Cc1cccnc1)c1cccc(OC(F)(F)F)c1,COc1cccc(N(Cc2cccnc2)S(=O)(=O)CC(F)(F)F)c1,O=C1c2c(O)cccc2C(Cc2ccncc2)c2cccc(O)c21,c1ccc(NCc2cccnc2)cc1,O=C1c2ccccc2C(Cc2ccncc2)c2ccccc21,False,False,False,,0.19402985074626866,0.17647058823529413,360.3570000000001,317.34400000000005,43.013000000000034,False,2.988900000000002,3.4118000000000026,0.4229000000000007,True,0.7946521442277092,0.7596586108444737,0.03499353338323552,True,,,,,,,,,,,,,,,,
edit_latent_source_similarity_rerank,mpair_00003540_cond_01_3p,mpair_00003540,eval,3,"QED,TPSA,HBA",CCCC(C)Oc1cccc(N(Cc2cccnc2)S(=O)(=O)CC(F)(F)F)c1,CCOC(=O)C(C)Oc1cccc(N(Cc2cccnc2)S(=O)(=O)CC(F)(F)F)c1,CCC(=O)N(c1ccccc1)C1(C(=O)OC)CCN(CCC(=O)OCC(C)CC)CC1,c1ccc(NCc2cccnc2)cc1,c1ccc(NC2CCNCC2)cc1,False,True,False,,0.1595744680851064,0.1935483870967742,,,,,,,,,0.5496815697636838,0.5275333629972091,0.022148206766474665,True,85.80000000000001,76.15,9.650000000000006,True,,,,,6.0,6.0,0.0,True,,,,
edit_latent_source_similarity_rerank,mpair_00003546_cond_02_3p,mpair_00003546,eval,3,"MW,LogP,QED",COc1cccc(N(Cc2cccnc2)S(=O)(=O)CC(F)(F)F)c1,CCCC(C)Oc1cccc(N(Cc2cccnc2)S(=O)(=O)CC(F)(F)F)c1,COc1ccc(N2C(=O)[C@H](CCCc3ccccc3)[C@H]2c2ccc(CO)cc2)cc1,c1ccc(NCc2cccnc2)cc1,O=C1[C@H](CCCc2ccccc2)[C@@H](c2ccccc2)N1c1ccccc1,False,True,False,,0.1728395061728395,0.12087912087912088,416.4650000000001,401.5060000000001,14.959000000000003,True,4.547700000000003,4.914500000000006,0.36680000000000224,True,0.6018859517288218,0.5455306025907559,0.056355349138065836,True,,,,,,,,,,,,,,,,
edit_latent_source_similarity_rerank,mpair_00000014_cond_02_4p,mpair_00000014,eval,4,"MW,LogP,TPSA,HBA",O=C(O)[C@@H]1C[C@H]2C[C@@H](CCS(=O)(=O)O)CC[C@H]2CN1,O=C(O)CC[C@H]1CC[C@H]2CN[C@H](C(=O)O)C[C@H]2C1,NS(=O)(=O)c1ccc(NC(=O)c2cccc(C(=O)O)n2)c(Cl)c1,C1CC[C@H]2CNCC[C@H]2C1,O=C(Nc1ccccc1)c1ccccn1,False,False,False,,0.08571428571428572,0.057971014492753624,255.314,355.759,100.44500000000002,False,1.3301999999999996,1.3329000000000002,0.002700000000000591,True,,,,,86.63000000000001,139.45,52.81999999999998,False,,,,,3.0,5.0,2.0,False,,,,
edit_latent_source_similarity_rerank,mpair_00000322_cond_02_4p,mpair_00000322,eval,4,"MW,LogP,QED,HBA",N[C@@H](C(=O)N[C@@H]1C(=O)N2C(C(=O)O)=C(C(F)(F)F)CC[C@H]12)c1cccc(C(F)(F)F)c1,CSC1=C(C(=O)O)N2C(=O)[C@@H](NC(=O)[C@H](N)c3ccccc3)[C@H]2CC1,CCOC(=O)CCNCC(O)COc1ccccc1Cl,O=C(Cc1ccccc1)N[C@@H]1C(=O)N2C=CCC[C@H]12,c1ccccc1,False,False,False,,0.10112359550561797,0.13580246913580246,361.42300000000006,301.77,59.65300000000008,False,0.8350000000000002,1.6224999999999994,0.7874999999999992,True,0.6699274889764619,0.5357943234038567,0.13413316557260524,False,,,,,,,,,5.0,5.0,0.0,True,,,,
edit_latent_source_similarity_rerank,mpair_00000326_cond_02_4p,mpair_00000326,eval,4,"MW,QED,TPSA,HBD",N[C@@H](C(=O)N[C@@H]1C(=O)N2C(C(=O)O)=C(C(F)(F)F)CC[C@H]12)c1ccc(O)cc1,CSC1=C(C(=O)O)N2C(=O)[C@@H](NC(=O)[C@H](N)c3ccccc3)[C@H]2CC1,Cn1cc([N+](=O)[O-])cc1C(=O)NNC(=O)NCCc1ccccc1,O=C(Cc1ccccc1)N[C@@H]1C(=O)N2C=CCC[C@H]12,O=C(NCCc1ccccc1)NNC(=O)c1ccc[nH]1,False,False,False,,0.11494252873563218,0.14457831325301204,361.42300000000006,331.33200000000005,30.091000000000008,True,,,,,0.6699274889764619,0.5617089474676389,0.10821854150882304,False,112.73,118.29999999999998,5.569999999999979,True,3.0,3.0,0.0,True,,,,,,,,
edit_latent_source_similarity_rerank,mpair_00000339_cond_02_4p,mpair_00000339,eval,4,"MW,LogP,HBD,HBA",N[C@@H](C(=O)N[C@@H]1C(=O)N2C(C(=O)O)=C(C(F)(F)F)CC[C@H]12)c1cccc(C(F)(F)F)c1,N[C@@H](C(=O)N[C@@H]1C(=O)N2C(C(=O)O)=C(C(F)(F)F)CC[C@H]12)c1ccc(O)cc1,COc1ccc(NC(=O)NCCNCC(O)COc2ccccc2)cc1,O=C(Cc1ccccc1)N[C@@H]1C(=O)N2C=CCC[C@H]12,O=C(NCCNCCCOc1ccccc1)Nc1ccccc1,False,False,False,,0.1111111111111111,0.10344827586206896,399.3250000000001,359.42600000000004,39.89900000000006,False,0.7823999999999993,1.8461999999999992,1.0637999999999999,False,,,,,,,,,4.0,4.0,0.0,True,5.0,5.0,0.0,True,,,,
edit_latent_source_similarity_rerank,mpair_00000588_cond_02_4p,mpair_00000588,eval,4,"QED,TPSA,HBD,HBA",OC[C@@H]1N[C@@H](CCCCc2ccc(O)cc2)[C@H](O)[C@H]1O,OC[C@@H]1N[C@@H](CCCCc2cc(F)cc(F)c2)[C@H](O)[C@H]1O,CCOc1ccc(CCC(=O)Nc2ccc(NC(=O)[C@@H](O)[C@H](N)CC3CCCCC3)cc2)cc1,c1ccc(CCCC[C@H]2CCCN2)cc1,O=C(CCCC1CCCCC1)Nc1ccc(NC(=O)CCc2ccccc2)cc1,False,False,False,,0.13157894736842105,0.0875,,,,,,,,,0.5846986769843887,0.39444101056992253,0.19025766641446618,False,72.72,113.68,40.96000000000001,False,4.0,4.0,0.0,True,4.0,5.0,1.0,True,,,,
edit_latent_source_similarity_rerank,mpair_00000728_cond_00_4p,mpair_00000728,eval,4,"MW,LogP,HBD,RB",C=CCc1cc(/C=C2\SC(=O)NC2=O)c(OC)cc1OC1CCCCO1,C=CCc1cc(/C=C2\SC(=O)N(CCCC)C2=O)c(OC)cc1OC1CCCCO1,CCc1ccc(OCCCN2CCC(c3noc4cc(F)ccc34)CC2)c(OC)c1,O=C1NC(=O)/C(=C/c2ccc(OC3CCCCO3)cc2)S1,c1ccc(OCCCN2CCC(c3noc4ccccc34)CC2)cc1,False,True,False,,0.16666666666666666,0.2,431.55400000000026,412.50500000000017,19.049000000000092,True,5.165500000000004,5.186400000000005,0.02090000000000103,True,,,,,,,,,0.0,0.0,0.0,True,,,,,9.0,8.0,1.0,True
edit_latent_source_similarity_rerank,mpair_00000735_cond_02_4p,mpair_00000735,eval,4,"MW,LogP,QED,HBD",C=CCc1cc(/C=C2\SC(=O)N(CC=C(C)C)C2=O)c(OC)cc1OC1CCCCO1,C=CCc1cc(/C=C2\SC(=O)NC2=O)c(OC)cc1OC1CCCCO1,O=C1c2ccccc2C(=O)N1CCN1C2CCC1c1c([nH]c3ccccc13)C2,O=C1NC(=O)/C(=C/c2ccc(OC3CCCCO3)cc2)S1,O=C1c2ccccc2C(=O)N1CCN1C2CCC1c1c([nH]c3ccccc13)C2,False,False,False,,0.1134020618556701,0.1,375.4460000000002,371.44000000000005,4.006000000000142,True,3.6530000000000022,3.5257000000000023,0.12729999999999997,True,0.6042673504148035,0.7168814936574054,0.11261414324260188,False,,,,,1.0,1.0,0.0,True,,,,,,,,
edit_latent_source_similarity_rerank,mpair_00000753_cond_02_4p,mpair_00000753,eval,4,"MW,TPSA,HBA,RB",O=C1CCC[C@H]2OC[C@@H](Cc3c[nH]c4ccccc34)N12,COC(=O)C[C@@H]1CC(=O)N2[C@H](Cc3c[nH]c4ccccc34)CO[C@@H]2C1,COC(=O)COc1c(C)cc(-c2nn(C)c(=O)c3ccccc23)cc1C,O=C1CCC[C@H]2OC[C@@H](Cc3c[nH]c4ccccc34)N12,O=c1[nH]nc(-c2ccccc2)c2ccccc12,False,False,False,,0.13924050632911392,0.23170731707317074,342.39500000000015,352.39000000000004,9.99499999999989,True,,,,,,,,,71.63000000000001,70.42,1.210000000000008,True,,,,,4.0,6.0,2.0,False,4.0,4.0,0.0,True
edit_latent_source_similarity_rerank,mpair_00001118_cond_00_4p,mpair_00001118,eval,4,"QED,HBD,HBA,RB",Cc1ccc(N2CCN(CCC3NC(=O)c4ccccc43)CC2)cc1C,COc1ccc(N2CCN(CCC3c4ccccc4C(=O)N3C)CC2)cc1,COC(=O)CC[C@@H]1N=C(c2ccccc2F)c2cc(Cl)ccc2-n2ccnc21,O=C1NC(CCN2CCN(c3ccccc3)CC2)c2ccccc21,c1ccc(C2=NCc3nccn3-c3ccccc32)cc1,False,False,False,,0.15555555555555556,0.17045454545454544,,,,,,,,,0.8160326048332845,0.6084574857637275,0.20757511906955706,False,,,,,0.0,0.0,0.0,True,4.0,5.0,1.0,True,5.0,4.0,1.0,True
edit_latent_source_similarity_rerank,mpair_00001616_cond_00_4p,mpair_00001616,eval,4,"QED,TPSA,HBA,RB",CC1CC(C)(C)Nc2ccc3c(c21)COc1c-3cc(F)cc1[N+](=O)[O-],CC1CC(C)(C)Nc2ccc3c(c21)COc1c(F)cc(F)cc1-3,Fc1ccc2[nH]c3c(c2c1)CCN(CCc1ccc2ccccc2n1)C3,c1ccc2c(c1)OCc1c-2ccc2c1CCCN2,c1ccc2nc(CCN3CCc4c([nH]c5ccccc45)C3)ccc2c1,False,False,False,,0.10752688172043011,0.11627906976744186,,,,,,,,,0.719238819171056,0.5945642871288527,0.12467453204220336,False,21.259999999999998,31.92,10.660000000000004,True,,,,,2.0,2.0,0.0,True,0.0,3.0,3.0,False
edit_latent_source_similarity_rerank,mpair_00001619_cond_00_4p,mpair_00001619,eval,4,"QED,TPSA,HBA,RB",CC1CC(C)(C)Nc2ccc3c(c21)COc1c-3cc(F)cc1[N+](=O)[O-],Cc1cc(F)cc2c1OCc1c-2ccc2c1C(C)CC(C)(C)N2,C[C@@H]1C[C@H](Nc2ccc(F)cc2)c2cc(F)ccc2N1C(=O)c1cccc(F)c1,c1ccc2c(c1)OCc1c-2ccc2c1CCCN2,O=C(c1ccccc1)N1CC[C@H](Nc2ccccc2)c2ccccc21,False,False,False,,0.1511627906976744,0.14814814814814814,,,,,,,,,0.7039179552802654,0.6163024183354208,0.08761553694484459,True,21.259999999999998,32.34,11.080000000000005,True,,,,,2.0,2.0,0.0,True,0.0,3.0,3.0,False
edit_latent_source_similarity_rerank,mpair_00002471_cond_01_4p,mpair_00002471,eval,4,"MW,LogP,TPSA,RB",CN(C)CCCOc1cc(C(=O)Nc2ccc(Cl)cc2F)n(Cc2ccccc2)n1,COc1cc(NC(=O)c2cc(OCCCN(C)C)nn2Cc2ccccc2)cc(OC)c1OC,COc1ccccc1CN(CC(Cc1c[nH]c2ccccc12)NC(=O)COc1ccc(CO)cc1)C(C)=O,O=C(Nc1ccccc1)c1ccnn1Cc1ccccc1,O=C(COc1ccccc1)NC(CNCc1ccccc1)Cc1c[nH]c2ccccc12,False,False,False,,0.1523809523809524,0.2,468.5540000000002,515.6100000000002,47.05600000000004,False,3.5400000000000027,3.823800000000003,0.2838000000000003,True,,,,,87.08000000000001,103.89000000000001,16.810000000000002,True,,,,,,,,,12.0,12.0,0.0,True
edit_latent_source_similarity_rerank,mpair_00002483_cond_02_4p,mpair_00002483,eval,4,"LogP,TPSA,HBA,RB",COc1cc(NC(=O)c2cc(OCCCN(C)C)nn2Cc2ccccc2)cc(OC)c1OC,CN(C)CCCOc1cc(C(=O)Nc2ccc(OC(F)(F)F)cc2)n(Cc2ccccc2)n1,CCCCc1nc(Cl)c(COC(C)=O)n1Cc1ccc(-c2cccc(C(=O)O)c2)cc1,O=C(Nc1ccccc1)c1ccnn1Cc1ccccc1,c1ccc(-c2ccc(Cn3ccnc3)cc2)cc1,False,True,False,,0.20430107526881722,0.1875,,,,,4.412800000000003,5.355700000000005,0.9429000000000016,True,,,,,68.62,81.42,12.799999999999997,True,,,,,6.0,5.0,1.0,True,10.0,9.0,1.0,True
edit_latent_source_similarity_rerank,mpair_00002509_cond_01_4p,mpair_00002509,eval,4,"MW,LogP,QED,TPSA",CSc1cc(-c2ccc(Br)cc2)oc(=O)c1C#N,CSc1cc(-c2ccc(Br)cc2)oc(=O)c1Br,CCOC(=O)c1ccc(NCCCc2cccc(Br)c2)cc1,O=c1cccc(-c2ccccc2)o1,c1ccc(CCCNc2ccccc2)cc1,False,False,False,,0.12857142857142856,0.13846153846153847,376.0690000000001,362.26699999999994,13.802000000000135,True,4.553700000000002,4.670500000000004,0.11680000000000224,True,0.7207772389894862,0.5746362227764897,0.14614101621299647,False,30.21,38.33,8.119999999999997,True,,,,,,,,,,,,
edit_latent_source_similarity_rerank,mpair_00002541_cond_00_4p,mpair_00002541,eval,4,"MW,QED,TPSA,RB",CCOC(=O)c1c(SC)c(C#N)c(-c2ccc(Br)cc2)oc1=O,CSc1cc(-c2ccc(Br)cc2)oc(=O)c1C#N,Cc1nc(-c2ccc(Cl)cc2)nn1C(=O)c1ccccc1,O=c1cccc(-c2ccccc2)o1,O=C(c1ccccc1)n1cnc(-c2ccccc2)n1,False,True,False,,0.1388888888888889,0.109375,322.1830000000001,297.745,24.438000000000102,True,,,,,0.791886779601309,0.7259548802118548,0.06593189938945421,True,54.0,47.78,6.219999999999999,True,,,,,,,,,2.0,2.0,0.0,True
edit_latent_source_similarity_rerank,mpair_00002559_cond_00_4p,mpair_00002559,eval,4,"MW,LogP,QED,RB",CN(C(=O)n1nc(-c2ccc(Cl)cc2)nc1SCC(F)(F)F)c1ccccc1,CSc1nc(-c2ccc(C)cc2)nn1C(=O)N(C)c1ccccc1,CN(Cc1ccccc1)C(=O)c1c(O)nc2cc(Cl)ccc2c1O,O=C(Nc1ccccc1)n1cnc(-c2ccccc2)n1,O=C(NCc1ccccc1)c1cnc2ccccc2c1,False,True,False,,0.25333333333333335,0.19444444444444445,338.43600000000004,342.782,4.345999999999947,True,4.079920000000002,3.5716000000000014,0.5083200000000008,True,0.6753188675979567,0.7627541123511805,0.08743524475322384,True,,,,,,,,,,,,,3.0,3.0,0.0,True
edit_latent_source_similarity_rerank,mpair_00002569_cond_01_4p,mpair_00002569,eval,4,"TPSA,HBD,HBA,RB",COc1cc(C(=O)N2CCN(C(=O)c3cc(OC)c(OC)c(OC)c3)CC2)cc(OC)c1OC,COc1cc(C(=O)N2CCN(C(=O)c3cc(OC)c(OC)c(OC)c3)C(CO)C2)cc(OC)c1OC,COc1cc2nc(N3CCN(C(=O)/C=C/C(=O)c4ccccc4)CC3)nc(N)c2cc1OC,O=C(c1ccccc1)N1CCN(C(=O)c2ccccc2)CC1,O=C(/C=C/C(=O)N1CCN(c2ncc3ccccc3n2)CC1)c1ccccc1,False,False,False,,0.2903225806451613,0.24,,,,,,,,,,,,,116.23000000000002,110.88,5.350000000000023,True,1.0,1.0,0.0,True,9.0,8.0,1.0,True,9.0,6.0,3.0,False
edit_latent_source_similarity_rerank,mpair_00002581_cond_00_4p,mpair_00002581,eval,4,"LogP,QED,TPSA,HBA",COc1cc(C(=O)N2CCN(C(=O)c3cc(OC)c(OC)c(OC)c3)C(COC(=O)CC(C)(C)C)C2)cc(OC)c1OC,COc1cc(C(=O)N2CCN(C(=O)c3cc(OC)c(OC)c(OC)c3)CC2)cc(OC)c1OC,COc1ccc(C2(C#N)CCN(C(C)(C)C(=O)NO)CC2)cc1OC1CCCC1,O=C(c1ccccc1)N1CCN(C(=O)c2ccccc2)CC1,c1cc(OC2CCCC2)cc(C2CCNCC2)c1,False,False,False,,0.2261904761904762,0.22727272727272727,,,,,2.3364000000000003,3.1577800000000016,0.8213800000000013,True,0.5754127815390553,0.5616304095501714,0.01378237198888388,True,96.00000000000001,94.82000000000001,1.1800000000000068,True,,,,,8.0,6.0,2.0,False,,,,
edit_latent_source_similarity_rerank,mpair_00002592_cond_00_4p,mpair_00002592,eval,4,"MW,QED,TPSA,RB",COc1cc(C(=O)N2CCN(C(=O)c3cc(OC)c(OC)c(OC)c3)CC2)cc(OC)c1OC,COc1cc(C(=O)N2CCN(C(=O)c3cc(OC)c(OC)c(OC)c3)C(COC(C)=O)C2)cc(OC)c1OC,COc1cc(CCC(=O)N2CCN(C(=O)c3cc(OC)c(OC)c(OC)c3)CC2)cc(OC)c1OC,O=C(c1ccccc1)N1CCN(C(=O)c2ccccc2)CC1,O=C(CCc1ccccc1)N1CCN(C(=O)c2ccccc2)CC1,False,False,False,,0.7105263157894737,0.4909090909090909,546.5730000000003,502.56400000000036,44.00899999999996,False,,,,,0.41028124355120477,0.48944736432924385,0.07916612077803908,True,122.30000000000001,96.00000000000001,26.299999999999997,False,,,,,,,,,10.0,10.0,0.0,True
edit_latent_source_similarity_rerank,mpair_00002596_cond_00_4p,mpair_00002596,eval,4,"TPSA,HBD,HBA,RB",COc1ccc(C(=O)Nc2c(F)cncc2F)c2ccc(C(F)(F)F)nc12,COc1ccc(C(=O)Nc2c(Cl)cncc2Cl)c2ccc(C(C)O)nc12,Cc1cnc(NC(=O)c2cnc3c(C(F)(F)F)cccc3c2O)s1,O=C(Nc1ccncc1)c1cccc2ncccc12,O=C(Nc1nccs1)c1cnc2ccccc2c1,False,False,False,,0.273972602739726,0.20512820512820512,,,,,,,,,,,,,84.34,75.11,9.230000000000004,True,2.0,2.0,0.0,True,5.0,5.0,0.0,True,4.0,2.0,2.0,False
edit_latent_source_similarity_rerank,mpair_00002607_cond_02_4p,mpair_00002607,eval,4,"MW,LogP,HBA,RB",COc1ccc(C(=O)Nc2ccncc2Cl)c2cccnc12,COc1ccc(C(=O)Nc2c(Cl)cncc2Cl)c2ccc(C(C)=O)nc12,CC(C)n1nc(C(=O)NC2CCN(Cc3ccccc3)CC2)c2ccccc21,O=C(Nc1ccncc1)c1cccc2ncccc12,O=C(NC1CCN(Cc2ccccc2)CC1)c1n[nH]c2ccccc12,False,True,False,,0.1728395061728395,0.14457831325301204,390.22600000000017,376.50400000000013,13.722000000000037,True,4.400100000000002,4.011600000000002,0.3884999999999996,True,,,,,,,,,,,,,5.0,4.0,1.0,True,4.0,5.0,1.0,True
edit_latent_source_similarity_rerank,mpair_00002617_cond_01_4p,mpair_00002617,eval,4,"QED,TPSA,HBA,RB",COc1ccc(C(=O)Nc2c(Cl)cncc2Cl)c2ccc(C(C)=O)nc12,COc1ccc(C(=O)Nc2ccncc2Cl)c2ccc(C(F)(F)F)nc12,Cc1cc(F)ccc1-c1nc(-c2ccc3[nH]c(=O)oc3c2)cs1,O=C(Nc1ccncc1)c1cccc2ncccc12,O=c1[nH]c2ccc(-c3csc(-c4ccccc4)n3)cc2o1,False,False,False,,0.08139534883720931,0.08888888888888889,,,,,,,,,0.7218484507203837,0.5952594089453234,0.12658904177506036,False,64.11,58.89,5.219999999999999,True,,,,,4.0,4.0,0.0,True,3.0,2.0,1.0,True
edit_latent_source_similarity_rerank,mpair_00002625_cond_00_4p,mpair_00002625,eval,4,"MW,QED,HBA,RB",COc1ccc(C(=O)Nc2c(Cl)cncc2Cl)c2ccc(C(C)O)nc12,COc1ccc(C(=O)Nc2c(Cl)cncc2Cl)c2cccnc12,COC1=CC(=O)c2nc(-c3ccc(-c4ccccc4)cc3)ccc2C1=O,O=C(Nc1ccncc1)c1cccc2ncccc12,O=C1C=CC(=O)c2nc(-c3ccc(-c4ccccc4)cc3)ccc21,False,True,False,,0.13333333333333333,0.14084507042253522,348.1890000000001,341.3660000000001,6.822999999999979,True,,,,,0.7706046174674384,0.7115856304158399,0.05901898705159847,True,,,,,,,,,4.0,4.0,0.0,True,3.0,3.0,0.0,True
edit_latent_source_similarity_rerank,mpair_00003114_cond_00_4p,mpair_00003114,eval,4,"MW,LogP,QED,RB",CCCCc1nnc2nc(C)c(C)c(=O)n2n1,Cc1nc2nncnn2c(=O)c1C,COC1(C)NC(=O)C(C(N)=O)=C1C,O=c1ccnc2nncnn12,O=C1C=CCN1,False,False,False,,0.10714285714285714,0.09803921568627451,177.167,184.19499999999996,7.027999999999963,True,-0.5036600000000002,-0.7193999999999998,0.2157399999999996,True,0.541825521381232,0.5555625585344671,0.013737037153235154,True,,,,,,,,,,,,,0.0,2.0,2.0,False
edit_latent_source_similarity_rerank,mpair_00003200_cond_00_4p,mpair_00003200,eval,4,"QED,HBD,HBA,RB",CCOC(=O)c1ccc(NCCCCCCc2cccs2)cc1,O=C(O)c1ccc(NCCCCCCc2cccs2)cc1,O=C(/C=C/C=C/c1ccc2c(c1)OCO2)NCCc1ccccc1,c1ccc(NCCCCCCc2cccs2)cc1,O=C(/C=C/C=C/c1ccc2c(c1)OCO2)NCCc1ccccc1,False,False,False,,0.15789473684210525,0.18840579710144928,,,,,,,,,0.6622761596792913,0.6555351451072133,0.006741014572077986,True,,,,,2.0,1.0,1.0,True,3.0,3.0,0.0,True,9.0,6.0,3.0,False
edit_latent_source_similarity_rerank,mpair_00003215_cond_01_4p,mpair_00003215,eval,4,"QED,TPSA,HBA,RB",COC(=O)c1ccc2c(Nc3ccc(Cl)cc3)nc(N3CCOCC3)nc2c1,Clc1ccc(Nc2nc(N3CCOCC3)nc3ccccc23)cc1,Cc1ccccc1Nc1nc(N2CCCC2)nc2ccccc12,c1ccc(Nc2nc(N3CCOCC3)nc3ccccc23)cc1,c1ccc(Nc2nc(N3CCCC3)nc3ccccc23)cc1,False,True,False,,0.3235294117647059,0.49056603773584906,,,,,,,,,0.784150666451108,0.7837818246520605,0.00036884179904750347,True,50.28,41.050000000000004,9.229999999999997,True,,,,,5.0,4.0,1.0,True,3.0,3.0,0.0,True
edit_latent_source_similarity_rerank,mpair_00003222_cond_01_4p,mpair_00003222,eval,4,"QED,TPSA,HBA,RB",COc1ccc(S(=O)(=O)N(Cc2cccnc2)c2c(C)cc(Br)cc2C(=O)NO)cc1,COC(=O)c1cccc(C(=O)NO)c1N(Cc1cccnc1)S(=O)(=O)c1ccc(OC)cc1,COC(=O)c1ccc(C(CC(=O)NO)S(=O)(=O)c2ccc(OC)cc2)cc1,O=S(=O)(c1ccccc1)N(Cc1cccnc1)c1ccccc1,O=S(=O)(Cc1ccccc1)c1ccccc1,False,False,False,,0.2894736842105263,0.3287671232876712,,,,,,,,,0.29046454626646695,0.4187541544126018,0.12828960814613483,False,135.13,119.00000000000001,16.12999999999998,True,,,,,8.0,7.0,1.0,True,8.0,7.0,1.0,True
edit_latent_source_similarity_rerank,mpair_00003532_cond_02_4p,mpair_00003532,eval,4,"LogP,QED,TPSA,HBA",CCOC(=O)C(C)Oc1cccc(N(Cc2cccnc2)S(=O)(=O)CC(F)(F)F)c1,CCCC(C)Oc1cccc(N(Cc2cccnc2)S(=O)(=O)CC(F)(F)F)c1,CCS(=O)(=O)N(Cc1cccnc1)c1ccc(C(F)c2ccccc2)cc1,c1ccc(NCc2cccnc2)cc1,c1ccc(Cc2ccc(NCc3cccnc3)cc2)cc1,False,True,False,,0.43478260869565216,0.4696969696969697,,,,,4.547700000000003,4.496800000000004,0.0508999999999995,True,0.6018859517288218,0.6027347113722509,0.00084875964342912,True,59.5,50.27,9.229999999999997,True,,,,,4.0,3.0,1.0,True,,,,
edit_latent_source_similarity_rerank,mpair_00003537_cond_01_4p,mpair_00003537,eval,4,"MW,LogP,TPSA,RB",CC(C)COc1cccc(N(Cc2cccnc2)S(=O)(=O)CC(F)(F)F)c1,CCOC(=O)C(C)Oc1cccc(N(Cc2cccnc2)S(=O)(=O)CC(F)(F)F)c1,CN(Cc1ccc(Cl)cc1)CC(O)COc1ccc2nc(O)ccc2c1,c1ccc(NCc2cccnc2)cc1,c1ccc(CNCCCOc2ccc3ncccc3c2)cc1,False,False,False,,0.2222222222222222,0.18181818181818182,446.4470000000001,372.8520000000001,73.59500000000003,False,3.3107000000000024,3.4655000000000022,0.15479999999999983,True,,,,,85.80000000000001,65.82000000000001,19.980000000000004,True,,,,,,,,,9.0,7.0,2.0,False
edit_latent_source_similarity_rerank,mpair_00000013_cond_00_5p,mpair_00000013,eval,5,"MW,LogP,QED,HBA,RB",COc1cccc(C(=O)N2C[C@H](CN3CCC(c4ccccc4)CC3)[C@@H](c3ccccc3)C2)c1,O=C(c1ccccc1C(F)(F)F)N1C[C@H](CN2CCC(c3ccccc3)CC2)[C@@H](c2ccccc2)C1,Cc1ccc(C)c(CO[C@H]2C3CCN(CC3)[C@H]2C(c2ccccc2)c2ccccc2)c1,O=C(c1ccccc1)N1C[C@H](CN2CCC(c3ccccc3)CC2)[C@@H](c2ccccc2)C1,c1ccc(CO[C@H]2C3CCN(CC3)[C@H]2C(c2ccccc2)c2ccccc2)cc1,False,False,False,,0.18292682926829268,0.14634146341463414,492.5850000000002,411.58900000000006,80.99600000000015,False,6.4408000000000065,6.114940000000007,0.3258599999999996,True,0.4092272471712491,0.4847719545821957,0.0755447074109466,True,,,,,,,,,2.0,2.0,0.0,True,5.0,6.0,1.0,True
edit_latent_source_similarity_rerank,mpair_00000327_cond_01_5p,mpair_00000327,eval,5,"MW,LogP,QED,HBA,RB",CSC1=C(C(=O)O)N2C(=O)[C@@H](NC(=O)[C@H](N)c3ccccc3)[C@H]2CC1,N[C@@H](C(=O)N[C@@H]1C(=O)N2C(C(=O)O)=C(C(F)(F)F)CC[C@H]12)c1cccc(C(F)(F)F)c1,Cn1c(-c2cccc(NC(=O)C(=O)O)c2)c(I)c2cc(C(=O)O)c(O)cc21,O=C(Cc1ccccc1)N[C@@H]1C(=O)N2C=CCC[C@H]12,c1ccc(-c2cc3ccccc3[nH]2)cc1,False,False,False,,0.1411764705882353,0.14444444444444443,451.3230000000001,480.2140000000001,28.89100000000002,True,2.0955999999999997,2.8768000000000002,0.7812000000000006,True,0.4795891963980345,0.3373103135445637,0.1422788828534708,False,,,,,,,,,4.0,5.0,1.0,True,4.0,3.0,1.0,True
edit_latent_source_similarity_rerank,mpair_00000335_cond_02_5p,mpair_00000335,eval,5,"MW,LogP,TPSA,HBD,HBA",N[C@@H](C(=O)N[C@@H]1C(=O)N2C(C(=O)O)=C(C(F)(F)F)CC[C@H]12)c1cccc(Br)c1,N[C@@H](C(=O)N[C@@H]1C(=O)N2C(C(=O)O)=C(C(F)(F)F)CC[C@H]12)c1ccc(O)cc1,C#C[C@H](CC(=O)OCC)NC(=O)CCC(=O)Nc1ccc(C(=N)N)cc1,O=C(Cc1ccccc1)N[C@@H]1C(=O)N2C=CCC[C@H]12,c1ccccc1,False,False,False,,0.09574468085106383,0.1,399.3250000000001,358.398,40.92700000000008,False,0.7823999999999993,0.7605700000000011,0.02182999999999824,True,,,,,132.96,134.37,1.4099999999999966,True,4.0,4.0,0.0,True,5.0,5.0,0.0,True,,,,
edit_latent_source_similarity_rerank,mpair_00000588_cond_00_5p,mpair_00000588,eval,5,"LogP,QED,TPSA,HBD,HBA",OC[C@@H]1N[C@@H](CCCCc2ccc(O)cc2)[C@H](O)[C@H]1O,OC[C@@H]1N[C@@H](CCCCc2cc(F)cc(F)c2)[C@H](O)[C@H]1O,O=C(COc1cccc(F)c1C(=O)NCCCCO)N[C@H](CO)Cc1ccccc1,c1ccc(CCCC[C@H]2CCCN2)cc1,O=C(COc1ccccc1)NCCc1ccccc1,False,False,False,,0.1038961038961039,0.11688311688311688,,,,,0.7320999999999995,1.4265999999999994,0.6944999999999999,True,0.5846986769843887,0.39019456115263956,0.19450411583174915,False,72.72,107.89000000000001,35.170000000000016,False,4.0,4.0,0.0,True,4.0,5.0,1.0,True,,,,
edit_latent_source_similarity_rerank,mpair_00000765_cond_01_5p,mpair_00000765,eval,5,"MW,LogP,QED,HBA,RB",COc1cccc(-c2cncc(O[C@@H]3CCNC3)c2)c1,Clc1cccc(-c2cc(O[C@@H]3CCNC3)cnc2Cl)c1,O=C1c2ccccc2-c2nnc(-c3cccc(Br)c3)cc21,c1ccc(-c2cncc(O[C@@H]3CCNC3)c2)cc1,O=C1c2ccccc2-c2nnc(-c3ccccc3)cc21,False,False,False,,0.15625,0.16923076923076924,309.196,337.176,27.97999999999996,True,3.796100000000002,4.1175000000000015,0.3213999999999997,True,0.8758671086324237,0.5247740717760102,0.35109303685641347,False,,,,,,,,,3.0,3.0,0.0,True,3.0,1.0,2.0,False
edit_latent_source_similarity_rerank,mpair_00002474_cond_01_5p,mpair_00002474,eval,5,"MW,QED,TPSA,HBA,RB",COc1cc(NC(=O)c2cc(OCCCN(C)C)nn2Cc2ccccc2)cc(OC)c1OC,CN(C)CCCOc1cc(C(=O)Nc2ccc(Cl)cc2F)n(Cc2ccccc2)n1,O=C(NCCCN1CCC(Cc2ccc(F)cc2)CC1)Nc1cccc(-c2ccco2)c1,O=C(Nc1ccccc1)c1ccnn1Cc1ccccc1,O=C(NCCCN1CCC(Cc2ccccc2)CC1)Nc1cccc(-c2ccco2)c1,False,False,False,,0.1485148514851485,0.15841584158415842,430.9110000000001,435.54300000000023,4.632000000000119,True,,,,,0.5138601191048354,0.4561161820604463,0.057743937044389126,True,59.39,57.510000000000005,1.8799999999999955,True,,,,,5.0,3.0,2.0,False,9.0,8.0,1.0,True
edit_latent_source_similarity_rerank,mpair_00002509_cond_00_5p,mpair_00002509,eval,5,"MW,LogP,QED,TPSA,HBA",CSc1cc(-c2ccc(Br)cc2)oc(=O)c1C#N,CSc1cc(-c2ccc(Br)cc2)oc(=O)c1Br,COc1cc2ccnc(Cc3cccc(Br)c3)c2cc1OC,O=c1cccc(-c2ccccc2)o1,c1ccc(Cc2nccc3ccccc23)cc1,False,True,False,,0.11940298507462686,0.12903225806451613,376.0690000000001,358.23500000000007,17.834000000000003,True,4.553700000000002,4.605300000000003,0.05160000000000142,True,0.7207772389894862,0.6828454368480066,0.03793180214147962,True,30.21,31.35,1.1400000000000006,True,,,,,3.0,3.0,0.0,True,,,,
edit_latent_source_similarity_rerank,mpair_00002543_cond_02_5p,mpair_00002543,eval,5,"MW,QED,TPSA,HBA,RB",CSc1cc(-c2ccc(Br)cc2)oc(=O)c1Cl,CSc1cc(-c2ccc(Cl)cc2)oc(=O)c1C(N)=O,Cc1c(C(=O)OC(C)(C)C)c[nH]c1C(=O)Sc1ccccn1,O=c1cccc(-c2ccccc2)o1,O=C(Sc1ccccn1)c1ccc[nH]1,False,False,False,,0.08450704225352113,0.1095890410958904,295.747,318.398,22.65100000000001,True,,,,,0.8837306867126842,0.6912050508423713,0.1925256358703129,False,73.30000000000001,72.05000000000001,1.25,True,,,,,4.0,5.0,1.0,True,3.0,3.0,0.0,True
edit_latent_source_similarity_rerank,mpair_00002579_cond_00_5p,mpair_00002579,eval,5,"MW,LogP,QED,HBD,HBA",COc1cc(C(=O)N2CCN(C(=O)c3cc(OC)c(OC)c(OC)c3)CC2)cc(OC)c1OC,COc1cc(C(=O)N2CCN(C(=O)c3cc(OC)c(OC)c(OC)c3)C(COC(=O)NCCC(C)C)C2)cc(OC)c1OC,CCCCn1c(=O)[nH]c2[nH]c(-c3ccc(OCC(=O)N4CCN(c5ccccc5OC)CC4)cc3)nc2c1=O,O=C(c1ccccc1)N1CCN(C(=O)c2ccccc2)CC1,O=C(COc1ccc(-c2nc3c(=O)[nH]c(=O)[nH]c3[nH]2)cc1)N1CCN(c2ccccc2)CC1,False,False,False,,0.20253164556962025,0.16346153846153846,617.6960000000003,532.6010000000003,85.09499999999991,False,3.4773000000000023,2.616200000000001,0.8611000000000013,True,0.3561059094946873,0.33944642549023446,0.01665948400445283,True,,,,,1.0,2.0,1.0,True,10.0,8.0,2.0,False,,,,
edit_latent_source_similarity_rerank,mpair_00002590_cond_01_5p,mpair_00002590,eval,5,"MW,LogP,QED,HBD,RB",COc1cc(C(=O)N2CCN(C(=O)c3cc(OC)c(OC)c(OC)c3)C(COC(=O)NCCC(C)C)C2)cc(OC)c1OC,COc1cc(C(=O)N2CCN(C(=O)c3cc(OC)c(OC)c(OC)c3)C(COC(C)=O)C2)cc(OC)c1OC,COc1cc(CCn2cnc3ccc(-c4ccccc4S(N)(=O)=O)cc3c2=O)cc(OC)c1,O=C(c1ccccc1)N1CCN(C(=O)c2ccccc2)CC1,O=c1c2cc(-c3ccccc3)ccc2ncn1CCc1ccccc1,False,False,False,,0.1134020618556701,0.11235955056179775,546.5730000000003,465.5310000000003,81.04200000000003,False,2.2681000000000004,2.9708000000000006,0.7027000000000001,True,0.41028124355120477,0.4489170885938545,0.03863584504264972,True,,,,,0.0,1.0,1.0,True,,,,,10.0,7.0,3.0,False
edit_latent_source_similarity_rerank,mpair_00002625_cond_01_5p,mpair_00002625,eval,5,"MW,QED,TPSA,HBD,RB",COc1ccc(C(=O)Nc2c(Cl)cncc2Cl)c2ccc(C(C)O)nc12,COc1ccc(C(=O)Nc2c(Cl)cncc2Cl)c2cccnc12,COC(=O)Cc1cccc2c(O)cc(-c3ccccc3F)nc12,O=C(Nc1ccncc1)c1cccc2ncccc12,c1ccc(-c2ccc3ccccc3n2)cc1,False,False,False,,0.17721518987341772,0.20270270270270271,348.1890000000001,311.312,36.877000000000066,False,,,,,0.7706046174674384,0.7525568048053517,0.01804781266208666,True,64.11,59.42,4.689999999999998,True,1.0,1.0,0.0,True,,,,,3.0,3.0,0.0,True
edit_latent_source_similarity_rerank,mpair_00002631_cond_02_5p,mpair_00002631,eval,5,"LogP,TPSA,HBD,HBA,RB",CC(C)(C)[C@H](O)C(=O)N1C[C@H](c2ccccc2)C[C@H]1C(=O)N[C@@H](CC(F)F)C(=O)NCCc1c(F)cc(C(=O)O)cc1F,CC(C)CC(=O)N1C[C@H](c2ccccc2)C[C@H]1C(=O)N[C@@H](CC(F)F)C(=O)NCCc1c(F)cc(C(=O)O)cc1F,CCCCC(=O)N(Cc1ccc(-c2ccccc2-c2nn[nH]n2)cc1)C(Cc1ccc(F)cc1)C(=O)O,O=C(CNC(=O)[C@@H]1C[C@@H](c2ccccc2)CN1)NCCc1ccccc1,c1ccc(CCNCc2ccc(-c3ccccc3-c3nn[nH]n3)cc2)cc1,False,True,False,,0.13513513513513514,0.13761467889908258,,,,,3.892500000000002,4.887500000000003,0.995000000000001,True,,,,,115.81000000000002,112.07000000000001,3.740000000000009,True,3.0,2.0,1.0,True,4.0,5.0,1.0,True,12.0,11.0,1.0,True
edit_latent_source_similarity_rerank,mpair_00003217_cond_00_5p,mpair_00003217,eval,5,"MW,QED,TPSA,HBA,RB",Clc1ccc(Nc2nc(N3CCOCC3)nc3ccccc23)cc1,COC(=O)c1ccc2c(Nc3ccc(Cl)cc3)nc(N3CCOCC3)nc2c1,Nc1ncnc2c1c(-c1ccc(Oc3ccccc3)cc1)cn2C1CCOC1,c1ccc(Nc2nc(N3CCOCC3)nc3ccccc23)cc1,c1ccc(Oc2ccc(-c3cn(C4CCOC4)c4ncncc34)cc2)cc1,False,True,False,,0.1518987341772152,0.10869565217391304,398.85000000000025,372.42800000000017,26.422000000000082,True,,,,,0.6719222545699903,0.5733239524731767,0.09859830209681364,True,76.58,75.19000000000001,1.3899999999999864,True,,,,,7.0,6.0,1.0,True,4.0,4.0,0.0,True
edit_latent_source_similarity_rerank,mpair_00000339_cond_01_6p,mpair_00000339,eval,6,"MW,LogP,QED,TPSA,HBD,HBA",N[C@@H](C(=O)N[C@@H]1C(=O)N2C(C(=O)O)=C(C(F)(F)F)CC[C@H]12)c1cccc(C(F)(F)F)c1,N[C@@H](C(=O)N[C@@H]1C(=O)N2C(C(=O)O)=C(C(F)(F)F)CC[C@H]12)c1ccc(O)cc1,O=C(NCc1ccc(O)c(O)c1)c1ccc2ccc(C(=O)O)c(O)c2n1,O=C(Cc1ccccc1)N[C@@H]1C(=O)N2C=CCC[C@H]12,O=C(NCc1ccccc1)c1ccc2ccccc2n1,False,False,False,,0.11494252873563218,0.12048192771084337,399.3250000000001,354.3180000000001,45.007000000000005,False,0.7823999999999993,1.9797999999999996,1.1974000000000002,False,0.5533729404309352,0.4512473712866372,0.10212556914429799,False,132.96,139.98000000000002,7.02000000000001,True,4.0,5.0,1.0,True,5.0,6.0,1.0,True,,,,
edit_latent_source_similarity_rerank,mpair_00001127_cond_01_6p,mpair_00001127,eval,6,"LogP,QED,TPSA,HBD,HBA,RB",CN1C(=O)c2ccccc2C1CCN1CCN(c2ccc(Cl)cc2)CC1,COc1ccc(N2CCN(CCC3NC(=O)c4ccccc43)CC2)cc1,CC1(C)C=C(n2ccccc2=O)c2cc(C#N)ccc2O1,O=C1NC(CCN2CCN(c3ccccc3)CC2)c2ccccc21,O=c1ccccn1C1=CCOc2ccccc21,False,False,False,,0.13157894736842105,0.12658227848101267,,,,,2.692000000000001,2.7801800000000014,0.08818000000000037,True,0.8996022198661571,0.805628656773129,0.09397356309302807,True,44.81,55.019999999999996,10.209999999999994,True,1.0,0.0,1.0,True,4.0,4.0,0.0,True,5.0,1.0,4.0,False
edit_latent_source_similarity_rerank,mpair_00002579_cond_01_6p,mpair_00002579,eval,6,"MW,LogP,QED,HBD,HBA,RB",COc1cc(C(=O)N2CCN(C(=O)c3cc(OC)c(OC)c(OC)c3)CC2)cc(OC)c1OC,COc1cc(C(=O)N2CCN(C(=O)c3cc(OC)c(OC)c(OC)c3)C(COC(=O)NCCC(C)C)C2)cc(OC)c1OC,C[C@H](Cc1ccc2c(c1)OC(C(=O)OCC1CC1)(C(=O)OCC1CC1)O2)NC[C@H](O)c1cccc(Cl)c1,O=C(c1ccccc1)N1CCN(C(=O)c2ccccc2)CC1,O=C(OCC1CC1)C1(C(=O)OCC2CC2)Oc2ccc(CCNCCc3ccccc3)cc2O1,False,False,False,,0.11392405063291139,0.16326530612244897,617.6960000000003,530.0170000000003,87.67899999999997,False,3.4773000000000023,3.9681000000000024,0.4908000000000001,True,0.3561059094946873,0.3143684206841484,0.0417374888105389,True,,,,,1.0,2.0,1.0,True,10.0,8.0,2.0,False,13.0,12.0,1.0,True
edit_latent_source_similarity_rerank,mpair_00002586_cond_00_6p,mpair_00002586,eval,6,"MW,LogP,QED,HBD,HBA,RB",COc1cc(C(=O)N2CCN(C(=O)c3cc(OC)c(OC)c(OC)c3)C(COC(=O)CC(C)(C)C)C2)cc(OC)c1OC,COc1cc(C(=O)N2CCN(C(=O)c3cc(OC)c(OC)c(OC)c3)C(CO)C2)cc(OC)c1OC,N#CC1(c2ccc(OC(F)F)c(OC3CCCC3)c2)CCN(CC(=O)NO)CC1,O=C(c1ccccc1)N1CCN(C(=O)c2ccccc2)CC1,c1cc(OC2CCCC2)cc(C2CCNCC2)c1,False,False,False,,0.15384615384615385,0.1566265060240964,504.53600000000034,409.43300000000016,95.10300000000018,False,1.6973000000000003,2.9719800000000003,1.27468,False,0.544633228323374,0.5311486394225039,0.01348458890087012,True,,,,,1.0,2.0,1.0,True,9.0,6.0,3.0,False,9.0,7.0,2.0,False
edit_latent_source_similarity_rerank,mpair_00002613_cond_01_6p,mpair_00002613,eval,6,"LogP,QED,TPSA,HBD,HBA,RB",COc1ccc(C(=O)Nc2ccncc2Cl)c2cccnc12,COc1ccc(C(=O)Nc2c(Cl)cncc2Cl)c2ccc(C(C)O)nc12,Cc1c(C(=O)OC(C)(C)C)c[nH]c1C(=O)Sc1ccccn1,O=C(Nc1ccncc1)c1cccc2ncccc12,O=C(Sc1ccccn1)c1ccc[nH]1,False,True,False,,0.18421052631578946,0.12195121951219512,,,,,4.2508000000000035,3.605920000000002,0.6448800000000015,True,0.6936033323496321,0.6912050508423713,0.0023982815072608465,True,84.34,72.05000000000001,12.289999999999992,True,2.0,1.0,1.0,True,5.0,5.0,0.0,True,4.0,3.0,1.0,True
edit_latent_source_similarity_rerank,mpair_00003218_cond_02_6p,mpair_00003218,eval,6,"MW,LogP,QED,TPSA,HBA,RB",COC(=O)c1cccc(C(=O)NO)c1N(Cc1cccnc1)S(=O)(=O)c1ccc(OC)cc1,COc1ccc(S(=O)(=O)N(Cc2cccnc2)c2c(C)cccc2C(=O)NO)cc1,COc1cccc(-n2ncc3c(N/N=C/c4ccc(F)c(F)c4)ncnc32)c1,O=S(=O)(c1ccccc1)N(Cc1cccnc1)c1ccccc1,C(=N/Nc1ncnc2c1cnn2-c1ccccc1)\c1ccccc1,False,False,False,,0.14583333333333334,0.1702127659574468,427.48200000000014,380.3580000000001,47.124000000000024,False,2.91312,3.548300000000001,0.635180000000001,True,0.44330794633881315,0.423249975686782,0.020057970652031132,True,108.83000000000001,77.22,31.610000000000014,False,,,,,6.0,7.0,1.0,True,7.0,5.0,2.0,False
edit_latent_source_similarity_rerank,mpair_00002522_cond_01_7p,mpair_00002522,eval,7,"MW,LogP,QED,TPSA,HBD,HBA,RB",CSc1cc(-c2ccc(Cl)cc2)oc(=O)c1,CSc1cc(-c2ccc(Cl)cc2)oc(=O)c1C(N)=O,CC(C)C(=O)c1cc2c(s1)C(=O)c1c(O)cccc1C2=O,O=c1cccc(-c2ccccc2)o1,O=C1c2ccccc2C(=O)c2sccc21,False,False,False,,0.11864406779661017,0.140625,295.747,300.33500000000004,4.588000000000022,True,2.7810000000000006,3.067800000000002,0.2868000000000013,True,0.8837306867126842,0.73827690142431,0.14545378528837416,False,73.30000000000001,71.44,1.8600000000000136,True,1.0,1.0,0.0,True,4.0,5.0,1.0,True,3.0,2.0,1.0,True
edit_latent_source_similarity_rerank,mpair_00002553_cond_02_7p,mpair_00002553,eval,7,"MW,LogP,QED,TPSA,HBD,HBA,RB",CSc1cc(-c2ccc(Cl)cc2)oc(=O)c1C(N)=O,CSc1cc(-c2ccc(Cl)cc2)oc(=O)c1Br,CN(C(=O)c1ccccc1)c1nc(-c2cccc(Br)c2)cs1,O=c1cccc(-c2ccccc2)o1,O=C(Nc1nc(-c2ccccc2)cs1)c1ccccc1,False,False,False,,0.12857142857142856,0.13636363636363635,331.61799999999994,373.275,41.65700000000004,False,4.444600000000001,4.849200000000002,0.4046000000000012,True,0.7618841288913729,0.6577110845232806,0.10417304436809227,False,30.21,33.2,2.990000000000002,True,0.0,0.0,0.0,True,3.0,3.0,0.0,True,2.0,3.0,1.0,True
edit_latent_scaffold_source_rerank,mpair_00000002_cond_02_2p,mpair_00000002,eval,2,"LogP,QED",O=C(c1cccc(Cl)c1)N1C[C@H](CN2CCC(c3ccccc3)CC2)[C@@H](c2ccccc2)C1,O=C(c1ccccc1F)N1C[C@H](CN2CCC(c3ccccc3)CC2)[C@@H](c2ccccc2)C1,O=C(c1cccc(Cl)c1)N1C[C@H](CN2CCC(c3ccccc3)CC2)[C@@H](c2ccccc2)C1,O=C(c1ccccc1)N1C[C@H](CN2CCC(c3ccccc3)CC2)[C@@H](c2ccccc2)C1,O=C(c1ccccc1)N1C[C@H](CN2CCC(c3ccccc3)CC2)[C@@H](c2ccccc2)C1,True,True,True,source_identity,1.0,0.6379310344827587,,,,,5.561100000000006,6.075400000000006,0.5143000000000004,True,0.5164092889512721,0.4625029539066648,0.053906335044607345,True,,,,,,,,,,,,,,,,
edit_latent_scaffold_source_rerank,mpair_00000005_cond_01_2p,mpair_00000005,eval,2,"HBA,RB",O=C(c1ccccc1F)N1C[C@H](CN2CCC(c3ccccc3)CC2)[C@@H](c2ccccc2)C1,COc1cccc(C(=O)N2C[C@H](CN3CCC(c4ccccc4)CC3)[C@@H](c3ccccc3)C2)c1,O=C(c1ccccc1F)N1C[C@H](CN2CCC(c3ccccc3)CC2)[C@@H](c2ccccc2)C1,O=C(c1ccccc1)N1C[C@H](CN2CCC(c3ccccc3)CC2)[C@@H](c2ccccc2)C1,O=C(c1ccccc1)N1C[C@H](CN2CCC(c3ccccc3)CC2)[C@@H](c2ccccc2)C1,True,True,True,source_identity,1.0,0.6065573770491803,,,,,,,,,,,,,,,,,,,,,3.0,2.0,1.0,True,6.0,5.0,1.0,True
edit_latent_scaffold_source_rerank,mpair_00000007_cond_02_2p,mpair_00000007,eval,2,"LogP,QED",O=C(c1ccccc1F)N1C[C@H](CN2CCC(c3ccccc3)CC2)[C@@H](c2ccccc2)C1,O=C(c1cccc(Cl)c1)N1C[C@H](CN2CCC(c3ccccc3)CC2)[C@@H](c2ccccc2)C1,O=C(c1ccccc1F)N1C[C@H](CN2CCC(c3ccccc3)CC2)[C@@H](c2ccccc2)C1,O=C(c1ccccc1)N1C[C@H](CN2CCC(c3ccccc3)CC2)[C@@H](c2ccccc2)C1,O=C(c1ccccc1)N1C[C@H](CN2CCC(c3ccccc3)CC2)[C@@H](c2ccccc2)C1,True,True,True,source_identity,1.0,0.6379310344827587,,,,,6.075400000000006,5.561100000000006,0.5143000000000004,True,0.4625029539066648,0.5164092889512721,0.053906335044607345,True,,,,,,,,,,,,,,,,
edit_latent_scaffold_source_rerank,mpair_00000011_cond_01_2p,mpair_00000011,eval,2,"HBA,RB",COc1cccc(C(=O)N2C[C@H](CN3CCC(c4ccccc4)CC3)[C@@H](c3ccccc3)C2)c1,O=C(c1ccccc1F)N1C[C@H](CN2CCC(c3ccccc3)CC2)[C@@H](c2ccccc2)C1,COc1cccc(C(=O)N2C[C@H](CN3CCC(c4ccccc4)CC3)[C@@H](c3ccccc3)C2)c1,O=C(c1ccccc1)N1C[C@H](CN2CCC(c3ccccc3)CC2)[C@@H](c2ccccc2)C1,O=C(c1ccccc1)N1C[C@H](CN2CCC(c3ccccc3)CC2)[C@@H](c2ccccc2)C1,True,True,True,source_identity,1.0,0.6065573770491803,,,,,,,,,,,,,,,,,,,,,2.0,3.0,1.0,True,5.0,6.0,1.0,True
edit_latent_scaffold_source_rerank,mpair_00000015_cond_00_2p,mpair_00000015,eval,2,"LogP,TPSA",O=C(O)CC[C@H]1CC[C@H]2CN[C@H](C(=O)O)C[C@H]2C1,O=C(O)[C@@H]1C[C@H]2C[C@@H](CCS(=O)(=O)O)CC[C@H]2CN1,O=C(O)CC[C@H]1CC[C@H]2CN[C@H](C(=O)O)C[C@H]2C1,C1CC[C@H]2CNCC[C@H]2C1,C1CC[C@H]2CNCC[C@H]2C1,True,True,True,source_identity,1.0,0.6829268292682927,,,,,0.7433000000000001,1.3301999999999996,0.5868999999999995,True,,,,,103.7,86.63000000000001,17.069999999999993,True,,,,,,,,,,,,
edit_latent_scaffold_source_rerank,mpair_00000323_cond_01_2p,mpair_00000323,eval,2,"TPSA,HBA",N[C@@H](C(=O)N[C@@H]1C(=O)N2C(C(=O)O)=C(C(F)(F)F)CC[C@H]12)c1ccc(F)cc1,N[C@@H](C(=O)N[C@@H]1C(=O)N2C(C(=O)O)=C(C(F)(F)F)CC[C@H]12)c1ccc(O)cc1,N[C@@H](C(=O)N[C@@H]1C(=O)N2C(C(=O)O)=C(C(F)(F)F)CC[C@H]12)c1ccc(F)cc1,O=C(Cc1ccccc1)N[C@@H]1C(=O)N2C=CCC[C@H]12,O=C(Cc1ccccc1)N[C@@H]1C(=O)N2C=CCC[C@H]12,True,False,False,source_identity,1.0,0.8545454545454545,,,,,,,,,,,,,132.96,112.73,20.230000000000004,False,,,,,5.0,4.0,1.0,True,,,,
edit_latent_scaffold_source_rerank,mpair_00000330_cond_00_2p,mpair_00000330,eval,2,"QED,HBD",N[C@@H](C(=O)N[C@@H]1C(=O)N2C(C(=O)O)=C(C(F)(F)F)CC[C@H]12)c1ccc(O)cc1,N[C@@H](C(=O)N[C@@H]1C(=O)N2C(C(=O)O)=C(C(F)(F)F)CC[C@H]12)c1cccc(C(F)(F)F)c1,N[C@@H](C(=O)N[C@@H]1C(=O)N2C(C(=O)O)=C(C(F)(F)F)CC[C@H]12)c1ccc(O)cc1,O=C(Cc1ccccc1)N[C@@H]1C(=O)N2C=CCC[C@H]12,O=C(Cc1ccccc1)N[C@@H]1C(=O)N2C=CCC[C@H]12,True,True,True,source_identity,1.0,0.7377049180327869,,,,,,,,,0.4795891963980345,0.5533729404309352,0.07378374403290072,True,,,,,3.0,4.0,1.0,True,,,,,,,,
edit_latent_scaffold_source_rerank,mpair_00000337_cond_01_2p,mpair_00000337,eval,2,"MW,LogP",N[C@@H](C(=O)N[C@@H]1C(=O)N2C(C(=O)O)=C(C(F)(F)F)CC[C@H]12)c1cccc(C(F)(F)F)c1,N[C@@H](C(=O)N[C@@H]1C(=O)N2C(C(=O)O)=C(C(F)(F)F)CC[C@H]12)c1ccc(F)cc1,N[C@@H](C(=O)N[C@@H]1C(=O)N2C(C(=O)O)=C(C(F)(F)F)CC[C@H]12)c1cccc(C(F)(F)F)c1,O=C(Cc1ccccc1)N[C@@H]1C(=O)N2C=CCC[C@H]12,O=C(Cc1ccccc1)N[C@@H]1C(=O)N2C=CCC[C@H]12,True,False,False,source_identity,1.0,0.7377049180327869,401.3160000000001,451.3230000000001,50.007000000000005,False,1.2158999999999993,2.0955999999999997,0.8797000000000004,True,,,,,,,,,,,,,,,,,,,,
edit_latent_scaffold_source_rerank,mpair_00000586_cond_00_2p,mpair_00000586,eval,2,"LogP,HBD",OC[C@@H]1N[C@@H](CCCCc2cc(F)cc(F)c2)[C@H](O)[C@H]1O,OC[C@@H]1N[C@@H](CCCCc2ccc(O)cc2)[C@H](O)[C@H]1O,OC[C@@H]1N[C@@H](CCCCc2cc(F)cc(F)c2)[C@H](O)[C@H]1O,c1ccc(CCCC[C@H]2CCCN2)cc1,c1ccc(CCCC[C@H]2CCCN2)cc1,True,True,True,source_identity,1.0,0.625,,,,,0.15949999999999964,0.7320999999999995,0.5725999999999999,True,,,,,,,,,5.0,4.0,1.0,True,,,,,,,,
edit_latent_scaffold_source_rerank,mpair_00000589_cond_01_2p,mpair_00000589,eval,2,"HBA,RB",COc1ccc(CCCC[C@@H]2N[C@@H](CO)[C@H](O)[C@H]2O)cc1,OC[C@@H]1N[C@@H](CCCCc2ccc(F)cc2)[C@H](O)[C@H]1O,COc1ccc(CCCC[C@@H]2N[C@@H](CO)[C@H](O)[C@H]2O)cc1,c1ccc(CCCC[C@H]2CCCN2)cc1,c1ccc(CCCC[C@H]2CCCN2)cc1,True,True,True,source_identity,1.0,0.6829268292682927,,,,,,,,,,,,,,,,,,,,,4.0,5.0,1.0,True,6.0,7.0,1.0,True
edit_latent_scaffold_source_rerank,mpair_00000591_cond_00_2p,mpair_00000591,eval,2,"HBD,HBA",OC[C@@H]1N[C@@H](CCCCc2ccc(F)cc2)[C@H](O)[C@H]1O,OC[C@@H]1N[C@@H](CCCCc2ccc(O)cc2)[C@H](O)[C@H]1O,OC[C@@H]1N[C@@H](CCCCc2ccc(F)cc2)[C@H](O)[C@H]1O,c1ccc(CCCC[C@H]2CCCN2)cc1,c1ccc(CCCC[C@H]2CCCN2)cc1,True,True,True,source_identity,1.0,0.7567567567567568,,,,,,,,,,,,,,,,,5.0,4.0,1.0,True,5.0,4.0,1.0,True,,,,
edit_latent_scaffold_source_rerank,mpair_00000593_cond_00_2p,mpair_00000593,eval,2,"HBA,RB",OC[C@@H]1N[C@@H](CCCCc2cc(F)cc(F)c2)[C@H](O)[C@H]1O,COc1ccc(CCCC[C@@H]2N[C@@H](CO)[C@H](O)[C@H]2O)cc1,OC[C@@H]1N[C@@H](CCCCc2cc(F)cc(F)c2)[C@H](O)[C@H]1O,c1ccc(CCCC[C@H]2CCCN2)cc1,c1ccc(CCCC[C@H]2CCCN2)cc1,True,True,True,source_identity,1.0,0.5681818181818182,,,,,,,,,,,,,,,,,,,,,5.0,4.0,1.0,True,7.0,6.0,1.0,True
edit_latent_scaffold_source_rerank,mpair_00000594_cond_02_2p,mpair_00000594,eval,2,"HBA,RB",COc1ccc(CCCC[C@@H]2N[C@@H](CO)[C@H](O)[C@H]2O)cc1,OC[C@@H]1N[C@@H](CCCCc2cc(F)cc(F)c2)[C@H](O)[C@H]1O,COc1ccc(CCCC[C@@H]2N[C@@H](CO)[C@H](O)[C@H]2O)cc1,c1ccc(CCCC[C@H]2CCCN2)cc1,c1ccc(CCCC[C@H]2CCCN2)cc1,True,True,True,source_identity,1.0,0.5681818181818182,,,,,,,,,,,,,,,,,,,,,4.0,5.0,1.0,True,6.0,7.0,1.0,True
edit_latent_scaffold_source_rerank,mpair_00000597_cond_00_2p,mpair_00000597,eval,2,"QED,HBA",OC[C@@H]1N[C@@H](CCCCc2ccc(O)cc2)[C@H](O)[C@H]1O,OC[C@@H]1N[C@@H](CCCCc2ccc(F)cc2)[C@H](O)[C@H]1O,OC[C@@H]1N[C@@H](CCCCc2ccc(O)cc2)[C@H](O)[C@H]1O,c1ccc(CCCC[C@H]2CCCN2)cc1,c1ccc(CCCC[C@H]2CCCN2)cc1,True,True,True,source_identity,1.0,0.7567567567567568,,,,,,,,,0.5767746304019578,0.47902706341404183,0.09774756698791592,True,,,,,,,,,4.0,5.0,1.0,True,,,,
edit_latent_scaffold_source_rerank,mpair_00000725_cond_00_2p,mpair_00000725,eval,2,"LogP,RB",C=CCc1cc(/C=C2\SC(=O)NC2=O)c(OC)cc1OC1CCCCO1,C=CCc1cc(/C=C2\SC(=O)N(CC=C(C)C)C2=O)c(OC)cc1OC1CCCCO1,C=CCc1cc(/C=C2\SC(=O)NC2=O)c(OC)cc1OC1CCCCO1,O=C1NC(=O)/C(=C/c2ccc(OC3CCCCO3)cc2)S1,O=C1NC(=O)/C(=C/c2ccc(OC3CCCCO3)cc2)S1,True,False,False,source_identity,1.0,0.647887323943662,,,,,5.331600000000005,3.6530000000000022,1.678600000000003,False,,,,,,,,,,,,,,,,,8.0,6.0,2.0,False
edit_latent_scaffold_source_rerank,mpair_00000729_cond_01_2p,mpair_00000729,eval,2,"LogP,QED",C=CCc1cc(/C=C2\SC(=O)N(CC=C(C)C)C2=O)c(OC)cc1OC1CCCCO1,C=CCc1cc(/C=C2\SC(=O)N(CC=C)C2=O)c(OC)cc1OC1CCCCO1,C=CCc1cc(/C=C2\SC(=O)N(CC=C(C)C)C2=O)c(OC)cc1OC1CCCCO1,O=C1NC(=O)/C(=C/c2ccc(OC3CCCCO3)cc2)S1,O=C1NC(=O)/C(=C/c2ccc(OC3CCCCO3)cc2)S1,True,True,True,source_identity,1.0,0.8615384615384616,,,,,4.551400000000004,5.331600000000005,0.7802000000000016,True,0.45838471716690443,0.3995752918375223,0.05880942532938216,True,,,,,,,,,,,,,,,,
edit_latent_scaffold_source_rerank,mpair_00000731_cond_02_2p,mpair_00000731,eval,2,"LogP,RB",C=CCc1cc(/C=C2\SC(=O)N(C(C)C)C2=O)c(OC)cc1OC1CCCCO1,C=CCc1cc(/C=C2\SC(=O)N(CC=C(C)C)C2=O)c(OC)cc1OC1CCCCO1,C=CCc1cc(/C=C2\SC(=O)N(C(C)C)C2=O)c(OC)cc1OC1CCCCO1,O=C1NC(=O)/C(=C/c2ccc(OC3CCCCO3)cc2)S1,O=C1NC(=O)/C(=C/c2ccc(OC3CCCCO3)cc2)S1,True,True,True,source_identity,1.0,0.7183098591549296,,,,,5.331600000000005,4.773800000000004,0.5578000000000012,True,,,,,,,,,,,,,,,,,8.0,7.0,1.0,True
edit_latent_scaffold_source_rerank,mpair_00000734_cond_02_2p,mpair_00000734,eval,2,"MW,QED",C=CCc1cc(/C=C2\SC(=O)N(CCCC)C2=O)c(OC)cc1OC1CCCCO1,C=CCc1cc(/C=C2\SC(=O)N(C)C2=O)c(OC)cc1OC1CCCCO1,C=CCc1cc(/C=C2\SC(=O)N(CCCC)C2=O)c(OC)cc1OC1CCCCO1,O=C1NC(=O)/C(=C/c2ccc(OC3CCCCO3)cc2)S1,O=C1NC(=O)/C(=C/c2ccc(OC3CCCCO3)cc2)S1,True,False,False,source_identity,1.0,0.7878787878787878,389.4730000000002,431.55400000000026,42.081000000000074,False,,,,,0.5413211960634129,0.39718598618589046,0.14413520987752243,False,,,,,,,,,,,,,,,,
edit_latent_scaffold_source_rerank,mpair_00000737_cond_00_2p,mpair_00000737,eval,2,"QED,HBD",C=CCc1cc(/C=C2\SC(=O)NC2=O)c(OC)cc1OC1CCCCO1,C=CCc1cc(/C=C2\SC(=O)N(C)C2=O)c(OC)cc1OC1CCCCO1,C=CCc1cc(/C=C2\SC(=O)NC2=O)c(OC)cc1OC1CCCCO1,O=C1NC(=O)/C(=C/c2ccc(OC3CCCCO3)cc2)S1,O=C1NC(=O)/C(=C/c2ccc(OC3CCCCO3)cc2)S1,True,True,True,source_identity,1.0,0.71875,,,,,,,,,0.5413211960634129,0.6042673504148035,0.06294615435139062,True,,,,,0.0,1.0,1.0,True,,,,,,,,
edit_latent_scaffold_source_rerank,mpair_00000738_cond_02_2p,mpair_00000738,eval,2,"LogP,QED",C=CCc1cc(/C=C2\SC(=O)N(C(C)C)C2=O)c(OC)cc1OC1CCCCO1,C=CCc1cc(/C=C2\SC(=O)N(C)C2=O)c(OC)cc1OC1CCCCO1,C=CCc1cc(/C=C2\SC(=O)N(C(C)C)C2=O)c(OC)cc1OC1CCCCO1,O=C1NC(=O)/C(=C/c2ccc(OC3CCCCO3)cc2)S1,O=C1NC(=O)/C(=C/c2ccc(OC3CCCCO3)cc2)S1,True,True,True,source_identity,1.0,0.796875,,,,,3.9952000000000023,4.773800000000004,0.7786000000000017,True,0.5413211960634129,0.4701504427149941,0.07117075334841877,True,,,,,,,,,,,,,,,,
edit_latent_scaffold_source_rerank,mpair_00000743_cond_01_2p,mpair_00000743,eval,2,"LogP,RB",C=CCc1cc(/C=C2\SC(=O)N(CC=C)C2=O)c(OC)cc1OC1CCCCO1,C=CCc1cc(/C=C2\SC(=O)N(C)C2=O)c(OC)cc1OC1CCCCO1,C=CCc1cc(/C=C2\SC(=O)N(CC=C)C2=O)c(OC)cc1OC1CCCCO1,O=C1NC(=O)/C(=C/c2ccc(OC3CCCCO3)cc2)S1,O=C1NC(=O)/C(=C/c2ccc(OC3CCCCO3)cc2)S1,True,False,False,source_identity,1.0,0.8095238095238095,,,,,3.9952000000000023,4.551400000000004,0.5562000000000014,True,,,,,,,,,,,,,,,,,6.0,8.0,2.0,False
edit_latent_scaffold_source_rerank,mpair_00000745_cond_01_2p,mpair_00000745,eval,2,"QED,HBD",C=CCc1cc(/C=C2\SC(=O)N(C)C2=O)c(OC)cc1OC1CCCCO1,C=CCc1cc(/C=C2\SC(=O)NC2=O)c(OC)cc1OC1CCCCO1,C=CCc1cc(/C=C2\SC(=O)N(C)C2=O)c(OC)cc1OC1CCCCO1,O=C1NC(=O)/C(=C/c2ccc(OC3CCCCO3)cc2)S1,O=C1NC(=O)/C(=C/c2ccc(OC3CCCCO3)cc2)S1,True,True,True,source_identity,1.0,0.71875,,,,,,,,,0.6042673504148035,0.5413211960634129,0.06294615435139062,True,,,,,1.0,0.0,1.0,True,,,,,,,,
edit_latent_scaffold_source_rerank,mpair_00000751_cond_00_2p,mpair_00000751,eval,2,"LogP,RB",O=C1CCC[C@H]2OC[C@@H](Cc3c[nH]c4ccccc34)N12,CC[C@H]1CCC(=O)N2[C@H](Cc3c[nH]c4ccccc34)CO[C@H]12,O=C1CCC[C@H]2OC[C@@H](Cc3c[nH]c4ccccc34)N12,O=C1CCC[C@H]2OC[C@@H](Cc3c[nH]c4ccccc34)N12,O=C1CCC[C@H]2OC[C@@H](Cc3c[nH]c4ccccc34)N12,True,True,True,source_identity,1.0,0.6607142857142857,,,,,3.0839000000000016,2.447800000000001,0.6361000000000008,True,,,,,,,,,,,,,,,,,3.0,2.0,1.0,True
edit_latent_scaffold_source_rerank,mpair_00000752_cond_02_2p,mpair_00000752,eval,2,"QED,TPSA",CC[C@H]1CCC(=O)N2[C@H](Cc3c[nH]c4ccccc34)CO[C@H]12,COC(=O)C[C@@H]1CC(=O)N2[C@H](Cc3c[nH]c4ccccc34)CO[C@@H]2C1,CC[C@H]1CCC(=O)N2[C@H](Cc3c[nH]c4ccccc34)CO[C@H]12,O=C1CCC[C@H]2OC[C@@H](Cc3c[nH]c4ccccc34)N12,O=C1CCC[C@H]2OC[C@@H](Cc3c[nH]c4ccccc34)N12,True,False,False,source_identity,1.0,0.5072463768115942,,,,,,,,,0.8651865286551231,0.9461815070706311,0.08099497841550796,True,71.63000000000001,45.33,26.30000000000001,False,,,,,,,,,,,,
edit_latent_scaffold_source_rerank,mpair_00000756_cond_00_2p,mpair_00000756,eval,2,"LogP,QED",Clc1cccc(-c2cncc(O[C@@H]3CCNC3)c2)c1,Clc1cccc(-c2cc(O[C@@H]3CCNC3)cnc2Cl)c1,Clc1cccc(-c2cncc(O[C@@H]3CCNC3)c2)c1,c1ccc(-c2cncc(O[C@@H]3CCNC3)c2)cc1,c1ccc(-c2cncc(O[C@@H]3CCNC3)c2)cc1,True,True,True,source_identity,1.0,0.68,,,,,3.796100000000002,3.1427000000000014,0.6534000000000004,True,0.8758671086324237,0.9336391660075258,0.05777205737510216,True,,,,,,,,,,,,,,,,
edit_latent_scaffold_source_rerank,mpair_00000758_cond_00_2p,mpair_00000758,eval,2,"HBA,RB",Clc1cccc(-c2cncc(O[C@@H]3CCNC3)c2)c1,COc1cccc(-c2cncc(O[C@@H]3CCNC3)c2)c1,Clc1cccc(-c2cncc(O[C@@H]3CCNC3)c2)c1,c1ccc(-c2cncc(O[C@@H]3CCNC3)c2)cc1,c1ccc(-c2cncc(O[C@@H]3CCNC3)c2)cc1,True,True,True,source_identity,1.0,0.7446808510638298,,,,,,,,,,,,,,,,,,,,,4.0,3.0,1.0,True,4.0,3.0,1.0,True
edit_latent_scaffold_source_rerank,mpair_00000760_cond_00_2p,mpair_00000760,eval,2,"MW,LogP",Clc1cccc(-c2cc(O[C@@H]3CCNC3)cnc2Cl)c1,c1ccc(-c2cncc(O[C@@H]3CCNC3)c2)cc1,Clc1cccc(-c2cc(O[C@@H]3CCNC3)cnc2Cl)c1,c1ccc(-c2cncc(O[C@@H]3CCNC3)c2)cc1,c1ccc(-c2cncc(O[C@@H]3CCNC3)c2)cc1,True,False,False,source_identity,1.0,0.5192307692307693,240.30599999999998,309.196,68.89000000000004,False,2.4893,3.796100000000002,1.3068000000000017,False,,,,,,,,,,,,,,,,,,,,
edit_latent_scaffold_source_rerank,mpair_00000761_cond_02_2p,mpair_00000761,eval,2,"HBA,RB",c1ccc(-c2cncc(O[C@@H]3CCNC3)c2)cc1,COc1cccc(-c2cncc(O[C@@H]3CCNC3)c2)c1,c1ccc(-c2cncc(O[C@@H]3CCNC3)c2)cc1,c1ccc(-c2cncc(O[C@@H]3CCNC3)c2)cc1,c1ccc(-c2cncc(O[C@@H]3CCNC3)c2)cc1,True,True,True,source_identity,1.0,0.75,,,,,,,,,,,,,,,,,,,,,4.0,3.0,1.0,True,4.0,3.0,1.0,True
edit_latent_scaffold_source_rerank,mpair_00000764_cond_01_2p,mpair_00000764,eval,2,"LogP,QED",Clc1cccc(-c2cc(O[C@@H]3CCNC3)cnc2Cl)c1,Clc1cccc(-c2cncc(O[C@@H]3CCNC3)c2)c1,Clc1cccc(-c2cc(O[C@@H]3CCNC3)cnc2Cl)c1,c1ccc(-c2cncc(O[C@@H]3CCNC3)c2)cc1,c1ccc(-c2cncc(O[C@@H]3CCNC3)c2)cc1,True,True,True,source_identity,1.0,0.68,,,,,3.1427000000000014,3.796100000000002,0.6534000000000004,True,0.9336391660075258,0.8758671086324237,0.05777205737510216,True,,,,,,,,,,,,,,,,
edit_latent_scaffold_source_rerank,mpair_00001114_cond_02_2p,mpair_00001114,eval,2,"QED,HBD",COc1ccc(N2CCN(CCC3NC(=O)c4ccccc43)CC2)cc1,COc1ccc(N2CCN(CCC3c4ccccc4C(=O)N3C)CC2)cc1,COc1ccc(N2CCN(CCC3NC(=O)c4ccccc43)CC2)cc1,O=C1NC(CCN2CCN(c3ccccc3)CC2)c2ccccc21,O=C1NC(CCN2CCN(c3ccccc3)CC2)c2ccccc21,True,True,True,source_identity,1.0,0.6545454545454545,,,,,,,,,0.8160326048332845,0.8996022198661571,0.08356961503287252,True,,,,,0.0,1.0,1.0,True,,,,,,,,
edit_latent_scaffold_source_rerank,mpair_00001118_cond_02_2p,mpair_00001118,eval,2,"HBD,RB",Cc1ccc(N2CCN(CCC3NC(=O)c4ccccc43)CC2)cc1C,COc1ccc(N2CCN(CCC3c4ccccc4C(=O)N3C)CC2)cc1,Cc1ccc(N2CCN(CCC3NC(=O)c4ccccc43)CC2)cc1C,O=C1NC(CCN2CCN(c3ccccc3)CC2)c2ccccc21,O=C1NC(CCN2CCN(c3ccccc3)CC2)c2ccccc21,True,True,True,source_identity,1.0,0.4444444444444444,,,,,,,,,,,,,,,,,0.0,1.0,1.0,True,,,,,5.0,4.0,1.0,True
edit_latent_scaffold_source_rerank,mpair_00001120_cond_01_2p,mpair_00001120,eval,2,"QED,HBD",CN1C(=O)c2ccccc2C1CCN1CCN(c2ccc(Cl)cc2)CC1,Cc1ccc(N2CCN(CCC3NC(=O)c4ccccc43)CC2)cc1C,CN1C(=O)c2ccccc2C1CCN1CCN(c2ccc(Cl)cc2)CC1,O=C1NC(CCN2CCN(c3ccccc3)CC2)c2ccccc21,O=C1NC(CCN2CCN(c3ccccc3)CC2)c2ccccc21,True,True,True,source_identity,1.0,0.45901639344262296,,,,,,,,,0.9198864151307602,0.8221231339252668,0.09776328120549338,True,,,,,1.0,0.0,1.0,True,,,,,,,,
edit_latent_scaffold_source_rerank,mpair_00001122_cond_00_2p,mpair_00001122,eval,2,"QED,HBD",COc1ccc(N2CCN(CCC3c4ccccc4C(=O)N3C)CC2)cc1,COc1ccc(N2CCN(CCC3NC(=O)c4ccccc43)CC2)cc1,COc1ccc(N2CCN(CCC3c4ccccc4C(=O)N3C)CC2)cc1,O=C1NC(CCN2CCN(c3ccccc3)CC2)c2ccccc21,O=C1NC(CCN2CCN(c3ccccc3)CC2)c2ccccc21,True,True,True,source_identity,1.0,0.6545454545454545,,,,,,,,,0.8996022198661571,0.8160326048332845,0.08356961503287252,True,,,,,1.0,0.0,1.0,True,,,,,,,,
edit_latent_scaffold_source_rerank,mpair_00001124_cond_02_2p,mpair_00001124,eval,2,"LogP,RB",COc1ccc(N2CCN(CCC3NC(=O)c4ccccc43)CC2)cc1,Cc1ccc(N2CCN(CCC3NC(=O)c4ccccc43)CC2)cc1C,COc1ccc(N2CCN(CCC3NC(=O)c4ccccc43)CC2)cc1,O=C1NC(CCN2CCN(c3ccccc3)CC2)c2ccccc21,O=C1NC(CCN2CCN(c3ccccc3)CC2)c2ccccc21,True,True,True,source_identity,1.0,0.7037037037037037,,,,,3.3002400000000023,2.692000000000001,0.6082400000000012,True,,,,,,,,,,,,,,,,,4.0,5.0,1.0,True
edit_latent_scaffold_source_rerank,mpair_00001128_cond_01_2p,mpair_00001128,eval,2,"LogP,HBA",CN1C(=O)c2ccccc2C1CCN1CCN(c2ccc(Cl)cc2)CC1,COc1ccc(N2CCN(CCC3c4ccccc4C(=O)N3C)CC2)cc1,CN1C(=O)c2ccccc2C1CCN1CCN(c2ccc(Cl)cc2)CC1,O=C1NC(CCN2CCN(c3ccccc3)CC2)c2ccccc21,O=C1NC(CCN2CCN(c3ccccc3)CC2)c2ccccc21,True,True,True,source_identity,1.0,0.76,,,,,3.034200000000002,3.679000000000003,0.6448000000000009,True,,,,,,,,,,,,,4.0,3.0,1.0,True,,,,
edit_latent_scaffold_source_rerank,mpair_00001130_cond_00_2p,mpair_00001130,eval,2,"HBA,RB",COc1ccc(N2CCN(CCC3c4ccccc4C(=O)N3C)CC2)cc1,CN1C(=O)c2ccccc2C1CCN1CCN(c2ccc(Cl)cc2)CC1,COc1ccc(N2CCN(CCC3c4ccccc4C(=O)N3C)CC2)cc1,O=C1NC(CCN2CCN(c3ccccc3)CC2)c2ccccc21,O=C1NC(CCN2CCN(c3ccccc3)CC2)c2ccccc21,True,True,True,source_identity,1.0,0.76,,,,,,,,,,,,,,,,,,,,,3.0,4.0,1.0,True,4.0,5.0,1.0,True
edit_latent_scaffold_source_rerank,mpair_00001134_cond_00_2p,mpair_00001134,eval,2,"MW,LogP",FC(F)(F)c1cccc(N2CCN(c3nc4ccsc4n4cccc34)CC2)c1,Fc1ccc(N2CCN(c3nc4ccsc4n4cccc34)CC2)cc1,Clc1ccc(N2CCN(c3nc4ccsc4n4cccc34)CC2)cc1,c1ccc(N2CCN(c3nc4ccsc4n4cccc34)CC2)cc1,c1ccc(N2CCN(c3nc4ccsc4n4cccc34)CC2)cc1,True,True,True,,0.6363636363636364,0.7872340425531915,352.43800000000016,368.89300000000014,16.454999999999984,True,4.014700000000003,4.5290000000000035,0.5143000000000004,True,,,,,,,,,,,,,,,,,,,,
edit_latent_scaffold_source_rerank,mpair_00001616_cond_01_2p,mpair_00001616,eval,2,"QED,TPSA",CC1CC(C)(C)Nc2ccc3c(c21)COc1c-3cc(F)cc1[N+](=O)[O-],CC1CC(C)(C)Nc2ccc3c(c21)COc1c(F)cc(F)cc1-3,CC1CC(C)(C)Nc2ccc3c(c21)COc1c-3cc(F)cc1[N+](=O)[O-],c1ccc2c(c1)OCc1c-2ccc2c1CCCN2,c1ccc2c(c1)OCc1c-2ccc2c1CCCN2,True,False,False,source_identity,1.0,0.7321428571428571,,,,,,,,,0.719238819171056,0.5855235809891088,0.1337152381819472,False,21.259999999999998,64.39999999999999,43.13999999999999,False,,,,,,,,,,,,
edit_latent_scaffold_source_rerank,mpair_00001633_cond_02_2p,mpair_00001633,eval,2,"MW,QED",C=CCC1(C(C)C#CCC)C(=O)NC(=O)N(C)C1=O,C=C(Br)CC1(C(C)C)C(=O)NC(=O)N(C)C1=O,CCC(C)C1(CC)C(=O)NC(=O)NC1=O,O=C1CC(=O)NC(=O)N1,O=C1CC(=O)NC(=O)N1,True,False,False,,0.2708333333333333,0.27906976744186046,303.15600000000006,212.249,90.90700000000007,False,,,,,0.8059749860896003,0.6791427219817272,0.12683226410787307,False,,,,,,,,,,,,,,,,
edit_latent_scaffold_source_rerank,mpair_00002258_cond_01_2p,mpair_00002258,eval,2,"LogP,QED",Cc1cccc(C)c1NC(=O)c1c(C)n(-c2c(C)cccc2C)c(C)cc1=O,Cc1ccccc1NC(=O)c1c(C)n(-c2ccccc2C)c(C)cc1=O,Cc1c(Br)c(=O)c(C(=O)Nc2ccccc2)c(C)n1-c1ccccc1,O=C(Nc1ccccc1)c1cn(-c2ccccc2)ccc1=O,O=C(Nc1ccccc1)c1cn(-c2ccccc2)ccc1=O,True,True,True,,0.34545454545454546,0.35714285714285715,,,,,4.3234800000000035,4.469140000000003,0.14565999999999946,True,0.7675628277357767,0.709239916031685,0.05832291170409165,True,,,,,,,,,,,,,,,,
edit_latent_scaffold_source_rerank,mpair_00002371_cond_00_2p,mpair_00002371,eval,2,"QED,HBD",Cn1cc(C(=O)c2ccc(-n3ccnc3)cc2)cc1/C=C/C(=O)O,CCOC(=O)/C=C/c1cc(C(=O)c2ccc(-n3ccnc3)cc2)cn1C,Cn1cc(C(=O)c2ccc(-n3ccnc3)cc2)cc1/C=C/C(=O)O,O=C(c1ccc(-n2ccnc2)cc1)c1cc[nH]c1,O=C(c1ccc(-n2ccnc2)cc1)c1cc[nH]c1,True,False,False,source_identity,1.0,0.7454545454545455,,,,,,,,,0.3897342663180413,0.5785260949639057,0.1887918286458644,False,,,,,0.0,1.0,1.0,True,,,,,,,,
edit_latent_scaffold_source_rerank,mpair_00002373_cond_00_2p,mpair_00002373,eval,2,"HBA,RB",CCCCCNC(=O)Nc1c(C)cccc1SCCCn1cnc(-c2ccccc2)c1C,CCCCCNC(=O)Nc1c(SCCCn2cnc(-c3ccccc3)c2C)cccc1N(C)C,CCCCCNC(=O)Nc1c(C)cccc1SCCCn1cnc(-c2ccccc2)c1C,c1ccc(SCCCn2cnc(-c3ccccc3)c2)cc1,c1ccc(SCCCn2cnc(-c3ccccc3)c2)cc1,True,True,True,source_identity,1.0,0.8208955223880597,,,,,,,,,,,,,,,,,,,,,5.0,4.0,1.0,True,12.0,11.0,1.0,True
edit_latent_scaffold_source_rerank,mpair_00002462_cond_01_2p,mpair_00002462,eval,2,"QED,HBA",COc1cc(NC(=O)c2cc(OCCCN(C)C)nn2Cc2ccccc2)cc(OC)c1OC,COc1ccc(NC(=O)c2cc(OCCCN(C)C)nn2Cc2ccccc2)cc1,COc1cc(NC(=O)c2cc(OCCCN(C)C)nn2Cc2ccccc2)cc(OC)c1OC,O=C(Nc1ccccc1)c1ccnn1Cc1ccccc1,O=C(Nc1ccccc1)c1ccnn1Cc1ccccc1,True,False,False,source_identity,1.0,0.7741935483870968,,,,,,,,,0.5200250404910086,0.4069700768443977,0.11305496364661094,False,,,,,,,,,6.0,8.0,2.0,False,,,,
edit_latent_scaffold_source_rerank,mpair_00002466_cond_02_2p,mpair_00002466,eval,2,"HBA,RB",CN(C)CCCOc1cc(C(=O)Nc2ccc(Cl)cc2F)n(Cc2ccccc2)n1,CN(C)CCCOc1cc(C(=O)Nc2ccc(OC(F)(F)F)cc2)n(Cc2ccccc2)n1,CN(C)CCCOc1cc(C(=O)Nc2ccc(Cl)cc2F)n(Cc2ccccc2)n1,O=C(Nc1ccccc1)c1ccnn1Cc1ccccc1,O=C(Nc1ccccc1)c1ccnn1Cc1ccccc1,True,True,True,source_identity,1.0,0.6428571428571429,,,,,,,,,,,,,,,,,,,,,6.0,5.0,1.0,True,10.0,9.0,1.0,True
edit_latent_scaffold_source_rerank,mpair_00002472_cond_00_2p,mpair_00002472,eval,2,"QED,RB",COc1ccc(NC(=O)c2cc(OCCCN(C)C)nn2Cc2ccccc2)cc1,CN(C)CCCOc1cc(C(=O)Nc2cc(F)cc(C(F)(F)F)c2)n(Cc2ccccc2)n1,COc1ccc(NC(=O)c2cc(OCCCN(C)C)nn2Cc2ccccc2)cc1,O=C(Nc1ccccc1)c1ccnn1Cc1ccccc1,O=C(Nc1ccccc1)c1ccnn1Cc1ccccc1,True,False,False,source_identity,1.0,0.6764705882352942,,,,,,,,,0.369385517709234,0.5200250404910086,0.15063952278177462,False,,,,,,,,,,,,,9.0,10.0,1.0,True
edit_latent_scaffold_source_rerank,mpair_00002475_cond_02_2p,mpair_00002475,eval,2,"LogP,TPSA",CN(C)CCCOc1cc(C(=O)Nc2ccc(OC(F)(F)F)cc2)n(Cc2ccccc2)n1,COc1cc(NC(=O)c2cc(OCCCN(C)C)nn2Cc2ccccc2)cc(OC)c1OC,CN(C)CCCOc1cc(C(=O)Nc2ccc(OC(F)(F)F)cc2)n(Cc2ccccc2)n1,O=C(Nc1ccccc1)c1ccnn1Cc1ccccc1,O=C(Nc1ccccc1)c1ccnn1Cc1ccccc1,True,True,True,source_identity,1.0,0.6764705882352942,,,,,3.5400000000000027,4.412800000000003,0.8728000000000007,True,,,,,87.08000000000001,68.62,18.460000000000008,True,,,,,,,,,,,,
edit_latent_scaffold_source_rerank,mpair_00002480_cond_01_2p,mpair_00002480,eval,2,"MW,QED",CN(C)CCCOc1cc(C(=O)Nc2cc(F)cc(C(F)(F)F)c2)n(Cc2ccccc2)n1,CN(C)CCCOc1cc(C(=O)Nc2cccc(Cl)c2)n(Cc2ccccc2)n1,CN(C)CCCOc1cc(C(=O)Nc2cc(F)cc(C(F)(F)F)c2)n(Cc2ccccc2)n1,O=C(Nc1ccccc1)c1ccnn1Cc1ccccc1,O=C(Nc1ccccc1)c1ccnn1Cc1ccccc1,True,False,False,source_identity,1.0,0.6764705882352942,412.9210000000001,464.4630000000001,51.54199999999997,False,,,,,0.5357556879239462,0.369385517709234,0.16637017021471223,False,,,,,,,,,,,,,,,,
edit_latent_scaffold_source_rerank,mpair_00002483_cond_01_2p,mpair_00002483,eval,2,"LogP,HBA",COc1cc(NC(=O)c2cc(OCCCN(C)C)nn2Cc2ccccc2)cc(OC)c1OC,CN(C)CCCOc1cc(C(=O)Nc2ccc(OC(F)(F)F)cc2)n(Cc2ccccc2)n1,COc1cc(NC(=O)c2cc(OCCCN(C)C)nn2Cc2ccccc2)cc(OC)c1OC,O=C(Nc1ccccc1)c1ccnn1Cc1ccccc1,O=C(Nc1ccccc1)c1ccnn1Cc1ccccc1,True,False,False,source_identity,1.0,0.6764705882352942,,,,,4.412800000000003,3.5400000000000027,0.8728000000000007,True,,,,,,,,,,,,,6.0,8.0,2.0,False,,,,
edit_latent_scaffold_source_rerank,mpair_00002487_cond_00_2p,mpair_00002487,eval,2,"QED,HBA",CN(C)CCCOc1cc(C(=O)Nc2ccc(OC(F)(F)F)cc2)n(Cc2ccccc2)n1,CN(C)CCCOc1cc(C(=O)Nc2cc(F)cc(C(F)(F)F)c2)n(Cc2ccccc2)n1,CN(C)CCCOc1cc(C(=O)Nc2ccc(OC(F)(F)F)cc2)n(Cc2ccccc2)n1,O=C(Nc1ccccc1)c1ccnn1Cc1ccccc1,O=C(Nc1ccccc1)c1ccnn1Cc1ccccc1,True,True,True,source_identity,1.0,0.7101449275362319,,,,,,,,,0.369385517709234,0.4522382232340766,0.08285270552484258,True,,,,,,,,,5.0,6.0,1.0,True,,,,
edit_latent_scaffold_source_rerank,mpair_00002490_cond_02_2p,mpair_00002490,eval,2,"LogP,HBA",CCOC(=O)c1cc(C(C)O)cn1S(=O)(=O)c1cc(Cl)ccc1N,C=Cc1cc(C(=O)OCC)n(S(=O)(=O)c2cc(Cl)ccc2N)c1,N/C(S)=N/N=C/c1cccn1S(=O)(=O)c1ccccc1,O=S(=O)(c1ccccc1)n1cccc1,O=S(=O)(c1ccccc1)n1cccc1,True,False,False,,0.14473684210526316,0.16,,,,,2.7804,1.3035,1.4769,False,,,,,,,,,,,,,6.0,5.0,1.0,True,,,,
edit_latent_scaffold_source_rerank,mpair_00002494_cond_02_2p,mpair_00002494,eval,2,"MW,LogP",O=C1C(Nc2ccccc2)=C(Cl)C(=O)c2ncncc21,O=C1C(Nc2cccc(Br)c2)=C(Cl)C(=O)c2ncncc21,O=C1C(Nc2cccc(Cl)c2)=C(Cl)C(=O)c2ncncc21,O=C1C(Nc2ccccc2)=CC(=O)c2ncncc21,O=C1C(Nc2ccccc2)=CC(=O)c2ncncc21,True,False,False,,0.7619047619047619,0.7777777777777778,364.58600000000007,320.135,44.45100000000008,False,3.180600000000001,3.0715000000000003,0.10910000000000064,True,,,,,,,,,,,,,,,,,,,,
edit_latent_scaffold_source_rerank,mpair_00002496_cond_01_2p,mpair_00002496,eval,2,"MW,LogP",O=C1C(Nc2ccccc2)=C(Cl)C(=O)c2ncncc21,O=C1C(Nc2ccc(Br)cc2)=C(Cl)C(=O)c2ncncc21,O=C1C(Nc2cccc(Cl)c2)=C(Cl)C(=O)c2ncncc21,O=C1C(Nc2ccccc2)=CC(=O)c2ncncc21,O=C1C(Nc2ccccc2)=CC(=O)c2ncncc21,True,False,False,,0.7619047619047619,0.6521739130434783,364.58600000000007,320.135,44.45100000000008,False,3.180600000000001,3.0715000000000003,0.10910000000000064,True,,,,,,,,,,,,,,,,,,,,
edit_latent_scaffold_source_rerank,mpair_00002499_cond_00_2p,mpair_00002499,eval,2,"MW,LogP",O=C1C(Nc2cccc(Br)c2)=C(Cl)C(=O)c2ncncc21,O=C1C(Nc2ccccc2)=C(Cl)C(=O)c2ncncc21,Cc1cccc(NC2=C(Cl)C(=O)c3ncncc3C2=O)c1,O=C1C(Nc2ccccc2)=CC(=O)c2ncncc21,O=C1C(Nc2ccccc2)=CC(=O)c2ncncc21,True,True,True,,0.7446808510638298,0.7272727272727273,285.69,299.71700000000004,14.027000000000044,True,2.4181,2.7265200000000007,0.3084200000000008,True,,,,,,,,,,,,,,,,,,,,
edit_latent_scaffold_source_rerank,mpair_00002501_cond_02_2p,mpair_00002501,eval,2,"LogP,RB",CCc1ccc(NC2=C(Cl)C(=O)c3ncncc3C2=O)cc1,O=C1C(Nc2ccccc2)=C(Cl)C(=O)c2ncncc21,Cc1ccc(NC2=C(Cl)C(=O)c3ncncc3C2=O)cc1,O=C1C(Nc2ccccc2)=CC(=O)c2ncncc21,O=C1C(Nc2ccccc2)=CC(=O)c2ncncc21,True,True,True,,0.75,0.7560975609756098,,,,,2.4181,2.7265200000000007,0.3084200000000008,True,,,,,,,,,,,,,,,,,2.0,2.0,0.0,True
edit_latent_scaffold_source_rerank,mpair_00002504_cond_02_2p,mpair_00002504,eval,2,"HBA,RB",COc1ccc(C(=O)CN2c3ccccc3C(=O)N(Cc3ccccc3)S2(=O)=O)cc1,Cc1ccc(C(=O)CN2c3ccccc3C(=O)N(Cc3ccccc3)S2(=O)=O)cc1,COc1ccc(C(=O)CN2c3ccccc3C(=O)N(Cc3ccccc3)S2(=O)=O)cc1,O=C(CN1c2ccccc2C(=O)N(Cc2ccccc2)S1(=O)=O)c1ccccc1,O=C(CN1c2ccccc2C(=O)N(Cc2ccccc2)S1(=O)=O)c1ccccc1,True,True,True,source_identity,1.0,0.7843137254901961,,,,,,,,,,,,,,,,,,,,,4.0,5.0,1.0,True,5.0,6.0,1.0,True
edit_latent_scaffold_source_rerank,mpair_00002507_cond_01_2p,mpair_00002507,eval,2,"QED,RB",O=C(CN1c2ccccc2C(=O)N(Cc2ccccc2)S1(=O)=O)c1ccccc1,COc1ccc(C(=O)CN2c3ccccc3C(=O)N(Cc3ccccc3)S2(=O)=O)cc1,O=C(CN1c2ccccc2C(=O)N(Cc2ccccc2)S1(=O)=O)c1ccccc1,O=C(CN1c2ccccc2C(=O)N(Cc2ccccc2)S1(=O)=O)c1ccccc1,O=C(CN1c2ccccc2C(=O)N(Cc2ccccc2)S1(=O)=O)c1ccccc1,True,True,True,source_identity,1.0,0.7916666666666666,,,,,,,,,0.5539335722556151,0.6096951629926923,0.055761590737077205,True,,,,,,,,,,,,,6.0,5.0,1.0,True
edit_latent_scaffold_source_rerank,mpair_00002516_cond_00_2p,mpair_00002516,eval,2,"LogP,TPSA",CSc1cc(-c2ccc(Cl)cc2)oc(=O)c1Br,CSc1cc(-c2ccc(Br)cc2)oc(=O)c1C#N,CSc1cc(-c2ccc(F)cc2)oc(=O)c1,O=c1cccc(-c2ccccc2)o1,O=c1cccc(-c2ccccc2)o1,True,False,False,,0.3695652173913043,0.3469387755102041,,,,,3.662880000000002,3.1678000000000024,0.49507999999999974,True,,,,,54.0,30.21,23.79,False,,,,,,,,,,,,
edit_latent_scaffold_source_rerank,mpair_00002520_cond_01_2p,mpair_00002520,eval,2,"QED,TPSA",CSc1cc(-c2ccc(Br)cc2)oc(=O)c1C#N,CCOC(=O)c1c(SC)c(C#N)c(-c2ccc(Br)cc2)oc1=O,CSc1cc(-c2ccc(F)cc2)oc(=O)c1,O=c1cccc(-c2ccccc2)o1,O=c1cccc(-c2ccccc2)o1,True,False,False,,0.3469387755102041,0.203125,,,,,,,,,0.5791804088529054,0.7501191134076561,0.1709387045547507,False,80.30000000000001,30.21,50.09000000000001,False,,,,,,,,,,,,
edit_latent_scaffold_source_rerank,mpair_00002530_cond_01_2p,mpair_00002530,eval,2,"MW,LogP",CSc1cc(-c2ccc(Cl)cc2)oc(=O)c1,CSc1cc(-c2ccc(Cl)cc2)oc(=O)c1Br,CSc1cc(-c2ccc(F)cc2)oc(=O)c1,O=c1cccc(-c2ccccc2)o1,O=c1cccc(-c2ccccc2)o1,True,False,False,,0.7142857142857143,0.3695652173913043,331.61799999999994,236.26699999999997,95.35099999999997,False,4.444600000000001,3.1678000000000024,1.2767999999999988,False,,,,,,,,,,,,,,,,,,,,
edit_latent_scaffold_source_rerank,mpair_00002538_cond_01_2p,mpair_00002538,eval,2,"MW,LogP",CSc1cc(-c2ccc(Br)cc2)oc(=O)c1Cl,CSc1cc(-c2ccc(Cl)cc2)oc(=O)c1,CSc1cc(-c2ccc(F)cc2)oc(=O)c1,O=c1cccc(-c2ccccc2)o1,O=c1cccc(-c2ccccc2)o1,True,True,True,,0.3695652173913043,0.7142857142857143,252.72199999999998,236.26699999999997,16.455000000000013,True,3.682100000000002,3.1678000000000024,0.5142999999999995,True,,,,,,,,,,,,,,,,,,,,
edit_latent_scaffold_source_rerank,mpair_00002548_cond_00_2p,mpair_00002548,eval,2,"MW,LogP",CSc1cc(-c2ccc(Cl)cc2)oc(=O)c1,CSc1cc(-c2ccc(Br)cc2)oc(=O)c1Cl,CSc1cc(-c2ccc(F)cc2)oc(=O)c1,O=c1cccc(-c2ccccc2)o1,O=c1cccc(-c2ccccc2)o1,True,False,False,,0.7142857142857143,0.3695652173913043,331.61800000000005,236.26699999999997,95.35100000000008,False,4.444600000000002,3.1678000000000024,1.2767999999999997,False,,,,,,,,,,,,,,,,,,,,
edit_latent_scaffold_source_rerank,mpair_00002556_cond_02_2p,mpair_00002556,eval,2,"MW,QED",CN(C(=O)n1nc(-c2ccc(Cl)cc2)nc1SCC(F)(F)F)c1ccccc1,CSc1nc(-c2ccc(Cl)cc2)nn1C(=O)N(C)c1ccccc1,CN(C(=O)n1nc(-c2ccc(Cl)cc2)nc1SCC(F)(F)F)c1ccccc1,O=C(Nc1ccccc1)n1cnc(-c2ccccc2)n1,O=C(Nc1ccccc1)n1cnc(-c2ccccc2)n1,True,False,False,source_identity,1.0,0.7222222222222222,358.85400000000004,426.8510000000001,67.99700000000007,False,,,,,0.6499636794176425,0.5270344401044634,0.12292923931317912,False,,,,,,,,,,,,,,,,
edit_latent_scaffold_source_rerank,mpair_00002560_cond_00_2p,mpair_00002560,eval,2,"QED,RB",CSc1nc(-c2ccc(Cl)cc2)nn1C(=O)N(C)c1ccccc1,CSc1nc(-c2ccc(OC(F)(F)F)cc2)nn1C(=O)N(C)c1ccccc1,CSc1nc(-c2ccc(Cl)cc2)nn1C(=O)N(C)c1ccccc1,O=C(Nc1ccccc1)n1cnc(-c2ccccc2)n1,O=C(Nc1ccccc1)n1cnc(-c2ccccc2)n1,True,True,True,source_identity,1.0,0.7037037037037037,,,,,,,,,0.5874043626188404,0.6499636794176425,0.06255931679880211,True,,,,,,,,,,,,,4.0,3.0,1.0,True
edit_latent_scaffold_source_rerank,mpair_00002562_cond_02_2p,mpair_00002562,eval,2,"LogP,RB",CSc1nc(-c2ccc(Cl)cc2)nn1C(=O)N(C)c1ccccc1,CN(C(=O)n1nc(-c2ccc(Cl)cc2)nc1SCC(F)(F)F)c1ccccc1,CSc1nc(-c2ccc(Cl)cc2)nn1C(=O)N(C)c1ccccc1,O=C(Nc1ccccc1)n1cnc(-c2ccccc2)n1,O=C(Nc1ccccc1)n1cnc(-c2ccccc2)n1,True,True,True,source_identity,1.0,0.7222222222222222,,,,,5.357400000000003,4.424900000000004,0.9324999999999992,True,,,,,,,,,,,,,,,,,4.0,3.0,1.0,True
edit_latent_scaffold_source_rerank,mpair_00002566_cond_00_2p,mpair_00002566,eval,2,"HBD,RB",COc1cc(C(=O)N2CCN(C(=O)c3cc(OC)c(OC)c(OC)c3)C(COC(=O)CC(C)(C)C)C2)cc(OC)c1OC,COc1cc(C(=O)N2CCN(C(=O)c3cc(OC)c(OC)c(OC)c3)C(COC(=O)NCCC(C)C)C2)cc(OC)c1OC,COc1cc(C(=O)N2CCN(C(=O)c3cc(OC)c(OC)c(OC)c3)C(COC(=O)CC(C)(C)C)C2)cc(OC)c1OC,O=C(c1ccccc1)N1CCN(C(=O)c2ccccc2)CC1,O=C(c1ccccc1)N1CCN(C(=O)c2ccccc2)CC1,True,False,False,source_identity,1.0,0.6451612903225806,,,,,,,,,,,,,,,,,1.0,0.0,1.0,True,,,,,13.0,11.0,2.0,False
edit_latent_scaffold_source_rerank,mpair_00002567_cond_02_2p,mpair_00002567,eval,2,"HBD,RB",COc1cc(C(=O)N2CCN(C(=O)c3cc(OC)c(OC)c(OC)c3)C(COC(=O)NCCC(C)C)C2)cc(OC)c1OC,CCN(CC)C(=O)OCC1CN(C(=O)c2cc(OC)c(OC)c(OC)c2)CCN1C(=O)c1cc(OC)c(OC)c(OC)c1,COc1cc(C(=O)N2CCN(C(=O)c3cc(OC)c(OC)c(OC)c3)C(COC(=O)NCCC(C)C)C2)cc(OC)c1OC,O=C(c1ccccc1)N1CCN(C(=O)c2ccccc2)CC1,O=C(c1ccccc1)N1CCN(C(=O)c2ccccc2)CC1,True,True,True,source_identity,1.0,0.6451612903225806,,,,,,,,,,,,,,,,,0.0,1.0,1.0,True,,,,,12.0,13.0,1.0,True
edit_latent_scaffold_source_rerank,mpair_00002571_cond_02_2p,mpair_00002571,eval,2,"HBD,RB",CCN(CC)C(=O)OCC1CN(C(=O)c2cc(OC)c(OC)c(OC)c2)CCN1C(=O)c1cc(OC)c(OC)c(OC)c1,COc1cc(C(=O)N2CCN(C(=O)c3cc(OC)c(OC)c(OC)c3)C(COC(=O)NCCC(C)C)C2)cc(OC)c1OC,CCN(CC)C(=O)OCC1CN(C(=O)c2cc(OC)c(OC)c(OC)c2)CCN1C(=O)c1cc(OC)c(OC)c(OC)c1,O=C(c1ccccc1)N1CCN(C(=O)c2ccccc2)CC1,O=C(c1ccccc1)N1CCN(C(=O)c2ccccc2)CC1,True,True,True,source_identity,1.0,0.6451612903225806,,,,,,,,,,,,,,,,,1.0,0.0,1.0,True,,,,,13.0,12.0,1.0,True
edit_latent_scaffold_source_rerank,mpair_00002574_cond_02_2p,mpair_00002574,eval,2,"LogP,RB",COc1cc(C(=O)N2CCN(C(=O)c3cc(OC)c(OC)c(OC)c3)C(COC(=O)CC(C)(C)C)C2)cc(OC)c1OC,CCN(CC)C(=O)OCC1CN(C(=O)c2cc(OC)c(OC)c(OC)c2)CCN1C(=O)c1cc(OC)c(OC)c(OC)c1,COc1cc(C(=O)N2CCN(C(=O)c3cc(OC)c(OC)c(OC)c3)C(COC(=O)CC(C)(C)C)C2)cc(OC)c1OC,O=C(c1ccccc1)N1CCN(C(=O)c2ccccc2)CC1,O=C(c1ccccc1)N1CCN(C(=O)c2ccccc2)CC1,True,True,True,source_identity,1.0,0.6896551724137931,,,,,3.1834000000000024,3.684400000000003,0.5010000000000003,True,,,,,,,,,,,,,,,,,12.0,11.0,1.0,True
edit_latent_scaffold_source_rerank,mpair_00002577_cond_01_2p,mpair_00002577,eval,2,"HBD,RB",COc1cc(C(=O)N2CCN(C(=O)c3cc(OC)c(OC)c(OC)c3)C(COC(=O)NCCC(C)C)C2)cc(OC)c1OC,COc1cc(C(=O)N2CCN(C(=O)c3cc(OC)c(OC)c(OC)c3)C(COC(=O)CC(C)(C)C)C2)cc(OC)c1OC,COc1cc(C(=O)N2CCN(C(=O)c3cc(OC)c(OC)c(OC)c3)C(COC(=O)NCCC(C)C)C2)cc(OC)c1OC,O=C(c1ccccc1)N1CCN(C(=O)c2ccccc2)CC1,O=C(c1ccccc1)N1CCN(C(=O)c2ccccc2)CC1,True,False,False,source_identity,1.0,0.6451612903225806,,,,,,,,,,,,,,,,,0.0,1.0,1.0,True,,,,,11.0,13.0,2.0,False
edit_latent_scaffold_source_rerank,mpair_00002582_cond_02_2p,mpair_00002582,eval,2,"MW,LogP",COc1cc(C(=O)N2CCN(C(=O)c3cc(OC)c(OC)c(OC)c3)C(COC(C)=O)C2)cc(OC)c1OC,CCN(CC)C(=O)OCC1CN(C(=O)c2cc(OC)c(OC)c(OC)c2)CCN1C(=O)c1cc(OC)c(OC)c(OC)c1,COc1cc(C(=O)N2CCN(C(=O)c3cc(OC)c(OC)c(OC)c3)C(COC(C)=O)C2)cc(OC)c1OC,O=C(c1ccccc1)N1CCN(C(=O)c2ccccc2)CC1,O=C(c1ccccc1)N1CCN(C(=O)c2ccccc2)CC1,True,False,False,source_identity,1.0,0.7547169811320755,603.6690000000003,546.5730000000003,57.096000000000004,False,3.1834000000000024,2.2681000000000004,0.915300000000002,True,,,,,,,,,,,,,,,,,,,,
edit_latent_scaffold_source_rerank,mpair_00002589_cond_02_2p,mpair_00002589,eval,2,"MW,QED",COc1cc(C(=O)N2CCN(C(=O)c3cc(OC)c(OC)c(OC)c3)C(CO)C2)cc(OC)c1OC,CCN(CC)C(=O)OCC1CN(C(=O)c2cc(OC)c(OC)c(OC)c2)CCN1C(=O)c1cc(OC)c(OC)c(OC)c1,COc1cc(C(=O)N2CCN(C(=O)c3cc(OC)c(OC)c(OC)c3)C(CO)C2)cc(OC)c1OC,O=C(c1ccccc1)N1CCN(C(=O)c2ccccc2)CC1,O=C(c1ccccc1)N1CCN(C(=O)c2ccccc2)CC1,True,False,False,source_identity,1.0,0.6792452830188679,603.6690000000003,504.53600000000034,99.13299999999998,False,,,,,0.3571777118480848,0.544633228323374,0.18745551647528924,False,,,,,,,,,,,,,,,,
edit_latent_scaffold_source_rerank,mpair_00002598_cond_01_2p,mpair_00002598,eval,2,"TPSA,HBA",COc1ccc(C(=O)Nc2c(Cl)cncc2Cl)c2ccc(C(C)=O)nc12,COc1ccc(C(=O)Nc2c(F)cncc2F)c2ccc(C(F)(F)F)nc12,COc1ccc(C(=O)Nc2c(Cl)cncc2Cl)c2ccc(C(C)=O)nc12,O=C(Nc1ccncc1)c1cccc2ncccc12,O=C(Nc1ccncc1)c1cccc2ncccc12,True,True,True,source_identity,1.0,0.55,,,,,,,,,,,,,64.11,81.17999999999999,17.069999999999993,True,,,,,4.0,5.0,1.0,True,,,,
edit_latent_scaffold_source_rerank,mpair_00002600_cond_00_2p,mpair_00002600,eval,2,"LogP,RB",COc1ccc(C(=O)Nc2ccncc2Cl)c2cccnc12,CCc1ccc2c(C(=O)Nc3c(Cl)cncc3Cl)ccc(OC)c2n1,COc1ccc(C(=O)Nc2ccncc2Cl)c2cccnc12,O=C(Nc1ccncc1)c1cccc2ncccc12,O=C(Nc1ccncc1)c1cccc2ncccc12,True,False,False,source_identity,1.0,0.5,,,,,4.759900000000003,3.544100000000002,1.2158000000000007,False,,,,,,,,,,,,,,,,,4.0,3.0,1.0,True
edit_latent_scaffold_source_rerank,mpair_00002603_cond_02_2p,mpair_00002603,eval,2,"TPSA,HBA",COc1ccc(C(=O)Nc2c(Cl)cncc2Cl)c2ccc(C(C)O)nc12,CCc1ccc2c(C(=O)Nc3c(Cl)cncc3Cl)ccc(OC)c2n1,COc1ccc(C(=O)Nc2c(Cl)cncc2Cl)c2ccc(C(C)O)nc12,O=C(Nc1ccncc1)c1cccc2ncccc12,O=C(Nc1ccncc1)c1cccc2ncccc12,True,False,False,source_identity,1.0,0.6964285714285714,,,,,,,,,,,,,64.11,84.34,20.230000000000004,False,,,,,4.0,5.0,1.0,True,,,,
edit_latent_scaffold_source_rerank,mpair_00002608_cond_01_2p,mpair_00002608,eval,2,"MW,QED",COc1ccc(C(=O)Nc2ccncc2Cl)c2cccnc12,COc1ccc(C(=O)Nc2c(F)cncc2F)c2ccc(C(F)(F)F)nc12,COc1ccc(C(=O)Nc2ccncc2Cl)c2cccnc12,O=C(Nc1ccncc1)c1cccc2ncccc12,O=C(Nc1ccncc1)c1cccc2ncccc12,True,False,False,source_identity,1.0,0.4090909090909091,383.276,313.744,69.53199999999998,False,,,,,0.6893032571109005,0.8029165077767629,0.11361325066586248,False,,,,,,,,,,,,,,,,
edit_latent_scaffold_source_rerank,mpair_00002612_cond_00_2p,mpair_00002612,eval,2,"LogP,RB",CCc1ccc2c(C(=O)Nc3c(Cl)cncc3Cl)ccc(OC)c2n1,COc1ccc(C(=O)Nc2c(F)cncc2F)c2ccc(C(F)(F)F)nc12,CCc1ccc2c(C(=O)Nc3c(Cl)cncc3Cl)ccc(OC)c2n1,O=C(Nc1ccncc1)c1cccc2ncccc12,O=C(Nc1ccncc1)c1cccc2ncccc12,True,True,True,source_identity,1.0,0.5409836065573771,,,,,4.187700000000001,4.759900000000003,0.5722000000000014,True,,,,,,,,,,,,,,,,,3.0,4.0,1.0,True
edit_latent_scaffold_source_rerank,mpair_00002615_cond_01_2p,mpair_00002615,eval,2,"MW,QED",COc1ccc(C(=O)Nc2c(F)cncc2F)c2ccc(C(F)(F)F)nc12,COc1ccc(C(=O)Nc2c(Cl)cncc2Cl)c2cccnc12,COc1ccc(C(=O)Nc2c(F)cncc2F)c2ccc(C(F)(F)F)nc12,O=C(Nc1ccncc1)c1cccc2ncccc12,O=C(Nc1ccncc1)c1cccc2ncccc12,True,False,False,source_identity,1.0,0.4918032786885246,348.1890000000001,383.276,35.08699999999993,False,,,,,0.7706046174674384,0.6893032571109005,0.0813013603565379,True,,,,,,,,,,,,,,,,
edit_latent_scaffold_source_rerank,mpair_00002620_cond_00_2p,mpair_00002620,eval,2,"QED,RB",CCc1ccc2c(C(=O)Nc3c(Cl)cncc3Cl)ccc(OC)c2n1,COc1ccc(C(=O)Nc2c(Cl)cncc2Cl)c2cccnc12,CCc1ccc2c(C(=O)Nc3c(Cl)cncc3Cl)ccc(OC)c2n1,O=C(Nc1ccncc1)c1cccc2ncccc12,O=C(Nc1ccncc1)c1cccc2ncccc12,True,True,True,source_identity,1.0,0.6545454545454545,,,,,,,,,0.7706046174674384,0.7131894410136064,0.057415176453831984,True,,,,,,,,,,,,,3.0,4.0,1.0,True
edit_latent_scaffold_source_rerank,mpair_00002623_cond_01_2p,mpair_00002623,eval,2,"LogP,RB",COc1ccc(C(=O)Nc2c(F)cncc2F)c2ccc(C(F)(F)F)nc12,CCc1ccc2c(C(=O)Nc3c(Cl)cncc3Cl)ccc(OC)c2n1,COc1ccc(C(=O)Nc2c(F)cncc2F)c2ccc(C(F)(F)F)nc12,O=C(Nc1ccncc1)c1cccc2ncccc12,O=C(Nc1ccncc1)c1cccc2ncccc12,True,True,True,source_identity,1.0,0.5409836065573771,,,,,4.759900000000003,4.187700000000001,0.5722000000000014,True,,,,,,,,,,,,,,,,,4.0,3.0,1.0,True
edit_latent_scaffold_source_rerank,mpair_00002626_cond_02_2p,mpair_00002626,eval,2,"LogP,QED",COc1ccc(C(=O)Nc2c(F)cncc2F)c2ccc(C(F)(F)F)nc12,COc1ccc(C(=O)Nc2ccncc2Cl)c2cccnc12,COc1ccc(C(=O)Nc2c(F)cncc2F)c2ccc(C(F)(F)F)nc12,O=C(Nc1ccncc1)c1cccc2ncccc12,O=C(Nc1ccncc1)c1cccc2ncccc12,True,False,False,source_identity,1.0,0.4090909090909091,,,,,3.544100000000002,4.187700000000001,0.6435999999999993,True,0.8029165077767629,0.6893032571109005,0.11361325066586248,False,,,,,,,,,,,,,,,,
edit_latent_scaffold_source_rerank,mpair_00003108_cond_01_2p,mpair_00003108,eval,2,"LogP,QED",CN1CCC[C@H]1COc1ccc(Cl)nn1,CN1CCC[C@H]1COc1cccnn1,CN1CCC[C@H]1COc1ccc(Cl)nn1,c1cnnc(OC[C@@H]2CCCN2)c1,c1cnnc(OC[C@@H]2CCCN2)c1,True,True,True,source_identity,1.0,0.6511627906976745,,,,,0.9495999999999998,1.6029999999999998,0.6534,True,0.7160423680458043,0.7864914737289573,0.07044910568315299,True,,,,,,,,,,,,,,,,
edit_latent_scaffold_source_rerank,mpair_00003110_cond_00_2p,mpair_00003110,eval,2,"QED,RB",CCCCc1nnc2nc(C)c(C)c(=O)n2n1,Cc1nc2nnc(C(C)(C)C)nn2c(=O)c1C,CCCCc1nnc2nc(C)c(C)c(=O)n2n1,O=c1ccnc2nncnn12,O=c1ccnc2nncnn12,True,False,False,source_identity,1.0,0.5238095238095238,,,,,,,,,0.6723856505150625,0.7849999676400611,0.11261431712499859,False,,,,,,,,,,,,,0.0,3.0,3.0,False
edit_latent_scaffold_source_rerank,mpair_00003111_cond_02_2p,mpair_00003111,eval,2,"QED,RB",Cc1nc2nnc(C(C)(C)C)nn2c(=O)c1C,CCCCc1nnc2nc(C)c(C)c(=O)n2n1,Cc1nc2nnc(C(C)(C)C)nn2c(=O)c1C,O=c1ccnc2nncnn12,O=c1ccnc2nncnn12,True,False,False,source_identity,1.0,0.5238095238095238,,,,,,,,,0.7849999676400611,0.6723856505150625,0.11261431712499859,False,,,,,,,,,,,,,3.0,0.0,3.0,False
edit_latent_scaffold_source_rerank,mpair_00003117_cond_01_2p,mpair_00003117,eval,2,"MW,HBA",Cc1c[nH]c2c1C13CC1CN(C(=O)OC(C)(C)C)C3=CC2=O,COC(=O)c1cc2c([nH]1)C(=O)C=C1N(C(=O)OC(C)(C)C)CC3CC123,Cc1c[nH]c2c1C13CC1CN(C(=O)OC(C)(C)C)C3=CC2=O,O=C1C=C2NCC3CC23c2cc[nH]c21,O=C1C=C2NCC3CC23c2cc[nH]c21,True,False,False,source_identity,1.0,0.5873015873015873,344.36700000000013,300.358,44.00900000000013,False,,,,,,,,,,,,,,,,,5.0,3.0,2.0,False,,,,
edit_latent_scaffold_source_rerank,mpair_00003202_cond_02_2p,mpair_00003202,eval,2,"TPSA,HBA",O=C(OCc1ccc(-c2ccccc2)cc1)n1cccn1,N#Cc1cnn(C(=O)OCc2ccc(-c3ccccc3)cc2)c1,O=C(OCc1ccc(-c2ccccc2)cc1)n1cccn1,O=C(OCc1ccc(-c2ccccc2)cc1)n1cccn1,O=C(OCc1ccc(-c2ccccc2)cc1)n1cccn1,True,False,False,source_identity,1.0,0.5833333333333334,,,,,,,,,,,,,67.91,44.120000000000005,23.789999999999992,False,,,,,5.0,4.0,1.0,True,,,,
edit_latent_scaffold_source_rerank,mpair_00003204_cond_01_2p,mpair_00003204,eval,2,"TPSA,HBA",Cc1cnn(C(=O)OCc2ccc(-c3ccccc3)cc2)c1,N#Cc1cnn(C(=O)OCc2ccc(-c3ccccc3)cc2)c1,Cc1cnn(C(=O)OCc2ccc(-c3ccccc3)cc2)c1,O=C(OCc1ccc(-c2ccccc2)cc1)n1cccn1,O=C(OCc1ccc(-c2ccccc2)cc1)n1cccn1,True,False,False,source_identity,1.0,0.6808510638297872,,,,,,,,,,,,,67.91,44.120000000000005,23.789999999999992,False,,,,,5.0,4.0,1.0,True,,,,
edit_latent_scaffold_source_rerank,mpair_00003207_cond_01_2p,mpair_00003207,eval,2,"LogP,HBA",Cc1cc(-n2ncc(=O)[nH]c2=O)ccc1S(=O)(=O)N1CCN(C=O)CC1,CCOC(=O)N1CCN(S(=O)(=O)c2ccc(-n3ncc(=O)[nH]c3=O)cc2Cl)CC1,Cc1cc(-n2ncc(=O)[nH]c2=O)ccc1S(=O)(=O)N1CCN(C=O)CC1,O=c1cnn(-c2ccc(S(=O)(=O)N3CCNCC3)cc2)c(=O)[nH]1,O=c1cnn(-c2ccc(S(=O)(=O)N3CCNCC3)cc2)c(=O)[nH]1,True,False,False,source_identity,1.0,0.5625,,,,,0.037000000000000144,-1.3080799999999981,1.3450799999999983,False,,,,,,,,,,,,,8.0,7.0,1.0,True,,,,
edit_latent_scaffold_source_rerank,mpair_00003209_cond_01_2p,mpair_00003209,eval,2,"QED,TPSA",NC(=S)N/N=C/c1cccc(OCc2ccc3no[n+]([O-])c3c2)c1,NC(=O)N/N=C\c1ccccc1OCc1ccc2no[n+]([O-])c2c1,NC(=S)N/N=C/c1cccc(OCc2ccc3no[n+]([O-])c3c2)c1,c1ccc(OCc2ccc3no[nH+]c3c2)cc1,c1ccc(OCc2ccc3no[nH+]c3c2)cc1,True,False,False,source_identity,1.0,0.5882352941176471,,,,,,,,,0.4106849547701945,0.30972390933844063,0.10096104543175388,False,129.68,112.61,17.070000000000007,True,,,,,,,,,,,,
edit_latent_scaffold_source_rerank,mpair_00003212_cond_02_2p,mpair_00003212,eval,2,"HBD,RB",CC(C)NC(=O)c1ccc2c(Nc3ccc(Cl)cc3)nc(N3CCOCC3)nc2c1,COC(=O)c1ccc2c(Nc3ccc(Cl)cc3)nc(N3CCOCC3)nc2c1,CC(C)NC(=O)c1ccc2c(Nc3ccc(Cl)cc3)nc(N3CCOCC3)nc2c1,c1ccc(Nc2nc(N3CCOCC3)nc3ccccc23)cc1,c1ccc(Nc2nc(N3CCOCC3)nc3ccccc23)cc1,True,True,True,source_identity,1.0,0.7833333333333333,,,,,,,,,,,,,,,,,1.0,2.0,1.0,True,,,,,4.0,5.0,1.0,True
edit_latent_scaffold_source_rerank,mpair_00003216_cond_02_2p,mpair_00003216,eval,2,"HBD,HBA",COC(=O)c1ccc2c(Nc3ccc(Cl)cc3)nc(N3CCOCC3)nc2c1,CC(C)NC(=O)c1ccc2c(Nc3ccc(Cl)cc3)nc(N3CCOCC3)nc2c1,COC(=O)c1ccc2c(Nc3ccc(Cl)cc3)nc(N3CCOCC3)nc2c1,c1ccc(Nc2nc(N3CCOCC3)nc3ccccc23)cc1,c1ccc(Nc2nc(N3CCOCC3)nc3ccccc23)cc1,True,True,True,source_identity,1.0,0.7833333333333333,,,,,,,,,,,,,,,,,2.0,1.0,1.0,True,6.0,7.0,1.0,True,,,,
edit_latent_scaffold_source_rerank,mpair_00003224_cond_01_2p,mpair_00003224,eval,2,"QED,RB",COCCCN(/C(S)=C1/C(=O)c2cc(Cl)ccc2N(C)C1=O)c1ccccc1,COc1ccc(N(C)/C(S)=C2/C(=O)c3cc(Cl)ccc3N(C)C2=O)cc1,COCCCN(/C(S)=C1/C(=O)c2cc(Cl)ccc2N(C)C1=O)c1ccccc1,O=C1Nc2ccccc2C(=O)/C1=C/Nc1ccccc1,O=C1Nc2ccccc2C(=O)/C1=C/Nc1ccccc1,True,False,False,source_identity,1.0,0.5625,,,,,,,,,0.4935411914533051,0.3319041471572704,0.1616370442960347,False,,,,,,,,,,,,,3.0,6.0,3.0,False
edit_latent_scaffold_source_rerank,mpair_00003226_cond_00_2p,mpair_00003226,eval,2,"QED,RB",COc1cccc(N(C)/C(S)=C2/C(=O)c3cc(Cl)ccc3N(C)C2=O)c1,COCCCN(/C(S)=C1/C(=O)c2cc(Cl)ccc2N(C)C1=O)c1ccccc1,COc1cccc(N(C)/C(S)=C2/C(=O)c3cc(Cl)ccc3N(C)C2=O)c1,O=C1Nc2ccccc2C(=O)/C1=C/Nc1ccccc1,O=C1Nc2ccccc2C(=O)/C1=C/Nc1ccccc1,True,False,False,source_identity,1.0,0.5846153846153846,,,,,,,,,0.3319041471572704,0.4935411914533051,0.1616370442960347,False,,,,,,,,,,,,,6.0,3.0,3.0,False
edit_latent_scaffold_source_rerank,mpair_00003227_cond_02_2p,mpair_00003227,eval,2,"QED,RB",COc1ccc(N(C)/C(S)=C2/C(=O)c3cc(Cl)ccc3N(C)C2=O)cc1,COCCCN(/C(S)=C1/C(=O)c2cc(Cl)ccc2N(C)C1=O)c1ccccc1,COc1ccc(N(C)/C(S)=C2/C(=O)c3cc(Cl)ccc3N(C)C2=O)cc1,O=C1Nc2ccccc2C(=O)/C1=C/Nc1ccccc1,O=C1Nc2ccccc2C(=O)/C1=C/Nc1ccccc1,True,False,False,source_identity,1.0,0.5625,,,,,,,,,0.3319041471572704,0.4935411914533051,0.1616370442960347,False,,,,,,,,,,,,,6.0,3.0,3.0,False
edit_latent_scaffold_source_rerank,mpair_00003531_cond_01_2p,mpair_00003531,eval,2,"TPSA,HBA",CC(C)Oc1cccc(N(Cc2cccnc2)S(=O)(=O)CC(F)(F)F)c1,CCOC(=O)C(C)Oc1cccc(N(Cc2cccnc2)S(=O)(=O)CC(F)(F)F)c1,CC(C)Oc1cccc(N(Cc2cccnc2)S(=O)(=O)CC(F)(F)F)c1,c1ccc(NCc2cccnc2)cc1,c1ccc(NCc2cccnc2)cc1,True,False,False,source_identity,1.0,0.7796610169491526,,,,,,,,,,,,,85.80000000000001,59.5,26.30000000000001,False,,,,,6.0,4.0,2.0,False,,,,
edit_latent_scaffold_source_rerank,mpair_00003535_cond_00_2p,mpair_00003535,eval,2,"MW,LogP",O=S(=O)(CC(F)(F)F)N(Cc1cccnc1)c1cccc(OC(F)(F)F)c1,COc1cccc(N(Cc2cccnc2)S(=O)(=O)CC(F)(F)F)c1,O=S(=O)(CC(F)(F)F)N(Cc1cccnc1)c1cccc(OC(F)(F)F)c1,c1ccc(NCc2cccnc2)cc1,c1ccc(NCc2cccnc2)cc1,True,False,False,source_identity,1.0,0.8076923076923077,360.3570000000001,414.32700000000006,53.96999999999997,False,2.988900000000002,3.8789000000000025,0.8900000000000006,True,,,,,,,,,,,,,,,,,,,,
edit_latent_scaffold_source_rerank,mpair_00003540_cond_02_2p,mpair_00003540,eval,2,"LogP,TPSA",CCCC(C)Oc1cccc(N(Cc2cccnc2)S(=O)(=O)CC(F)(F)F)c1,CCOC(=O)C(C)Oc1cccc(N(Cc2cccnc2)S(=O)(=O)CC(F)(F)F)c1,CCCC(C)Oc1cccc(N(Cc2cccnc2)S(=O)(=O)CC(F)(F)F)c1,c1ccc(NCc2cccnc2)cc1,c1ccc(NCc2cccnc2)cc1,True,False,False,source_identity,1.0,0.746031746031746,,,,,3.3107000000000024,4.547700000000003,1.237000000000001,False,,,,,85.80000000000001,59.5,26.30000000000001,False,,,,,,,,,,,,
edit_latent_scaffold_source_rerank,mpair_00003542_cond_02_2p,mpair_00003542,eval,2,"QED,RB",CC(C)COc1cccc(N(Cc2cccnc2)S(=O)(=O)CC(F)(F)F)c1,CCC(C)COc1cccc(N(Cc2cccnc2)S(=O)(=O)CC(F)(F)F)c1,CC(C)COc1cccc(N(Cc2cccnc2)S(=O)(=O)CC(F)(F)F)c1,c1ccc(NCc2cccnc2)cc1,c1ccc(NCc2cccnc2)cc1,True,True,True,source_identity,1.0,0.8421052631578947,,,,,,,,,0.6078002459089881,0.6693605971809802,0.06156035127199211,True,,,,,,,,,,,,,9.0,8.0,1.0,True
edit_latent_scaffold_source_rerank,mpair_00003544_cond_01_2p,mpair_00003544,eval,2,"LogP,RB",CC(C)COc1cccc(N(Cc2cccnc2)S(=O)(=O)CC(F)(F)F)c1,CCCC(C)Oc1cccc(N(Cc2cccnc2)S(=O)(=O)CC(F)(F)F)c1,CC(C)COc1cccc(N(Cc2cccnc2)S(=O)(=O)CC(F)(F)F)c1,c1ccc(NCc2cccnc2)cc1,c1ccc(NCc2cccnc2)cc1,True,True,True,source_identity,1.0,0.7213114754098361,,,,,4.547700000000003,4.015100000000003,0.5326000000000004,True,,,,,,,,,,,,,,,,,9.0,8.0,1.0,True
edit_latent_scaffold_source_rerank,mpair_00003547_cond_01_2p,mpair_00003547,eval,2,"QED,RB",CCC(C)COc1cccc(N(Cc2cccnc2)S(=O)(=O)CC(F)(F)F)c1,CC(C)COc1cccc(N(Cc2cccnc2)S(=O)(=O)CC(F)(F)F)c1,CCC(C)COc1cccc(N(Cc2cccnc2)S(=O)(=O)CC(F)(F)F)c1,c1ccc(NCc2cccnc2)cc1,c1ccc(NCc2cccnc2)cc1,True,True,True,source_identity,1.0,0.8421052631578947,,,,,,,,,0.6693605971809802,0.6078002459089881,0.06156035127199211,True,,,,,,,,,,,,,8.0,9.0,1.0,True
edit_latent_scaffold_source_rerank,mpair_00000000_cond_02_3p,mpair_00000000,eval,3,"LogP,HBA,RB",O=C(c1cccc(Cl)c1)N1C[C@H](CN2CCC(c3ccccc3)CC2)[C@@H](c2ccccc2)C1,COc1cccc(C(=O)N2C[C@H](CN3CCC(c4ccccc4)CC3)[C@@H](c3ccccc3)C2)c1,O=C(c1cccc(Cl)c1)N1C[C@H](CN2CCC(c3ccccc3)CC2)[C@@H](c2ccccc2)C1,O=C(c1ccccc1)N1C[C@H](CN2CCC(c3ccccc3)CC2)[C@@H](c2ccccc2)C1,O=C(c1ccccc1)N1C[C@H](CN2CCC(c3ccccc3)CC2)[C@@H](c2ccccc2)C1,True,True,True,source_identity,1.0,0.7413793103448276,,,,,5.430600000000005,6.075400000000006,0.6448000000000009,True,,,,,,,,,,,,,3.0,2.0,1.0,True,6.0,5.0,1.0,True
edit_latent_scaffold_source_rerank,mpair_00000006_cond_02_3p,mpair_00000006,eval,3,"MW,LogP,QED",O=C(c1ccccc1F)N1C[C@H](CN2CCC(c3ccccc3)CC2)[C@@H](c2ccccc2)C1,O=C(c1ccccc1C(F)(F)F)N1C[C@H](CN2CCC(c3ccccc3)CC2)[C@@H](c2ccccc2)C1,O=C(c1ccccc1F)N1C[C@H](CN2CCC(c3ccccc3)CC2)[C@@H](c2ccccc2)C1,O=C(c1ccccc1)N1C[C@H](CN2CCC(c3ccccc3)CC2)[C@@H](c2ccccc2)C1,O=C(c1ccccc1)N1C[C@H](CN2CCC(c3ccccc3)CC2)[C@@H](c2ccccc2)C1,True,False,False,source_identity,1.0,0.7592592592592593,492.5850000000002,442.57800000000015,50.00700000000006,False,6.4408000000000065,5.561100000000006,0.8797000000000006,True,0.4092272471712491,0.5164092889512721,0.10718204178002305,False,,,,,,,,,,,,,,,,
edit_latent_scaffold_source_rerank,mpair_00000012_cond_01_3p,mpair_00000012,eval,3,"MW,LogP,QED",O=C(c1ccccc1F)N1C[C@H](CN2CCC(c3ccccc3)CC2)[C@@H](c2ccccc2)C1,O=C(c1ccccc1Br)N1C[C@H](CN2CCC(c3ccccc3)CC2)[C@@H](c2ccccc2)C1,O=C(c1ccccc1F)N1C[C@H](CN2CCC(c3ccccc3)CC2)[C@@H](c2ccccc2)C1,O=C(c1ccccc1)N1C[C@H](CN2CCC(c3ccccc3)CC2)[C@@H](c2ccccc2)C1,O=C(c1ccccc1)N1C[C@H](CN2CCC(c3ccccc3)CC2)[C@@H](c2ccccc2)C1,True,False,False,source_identity,1.0,0.7692307692307693,503.48400000000026,442.57800000000015,60.90600000000012,False,6.184500000000006,5.561100000000006,0.6234000000000002,True,0.41502650656849366,0.5164092889512721,0.10138278238277848,False,,,,,,,,,,,,,,,,
edit_latent_scaffold_source_rerank,mpair_00000020_cond_01_3p,mpair_00000020,eval,3,"MW,TPSA,HBA",O=C(O)CCC/C=C/C[C@@H]1[C@@H](COCc2ccccc2)C2CC1(c1ccccc1)CO2,N#Cc1ccc(COC[C@H]2C3CC(c4ccc(F)cc4)(CO3)[C@@H]2C/C=C/CCCC(=O)O)cc1,O=C(O)CCC/C=C/C[C@@H]1[C@@H](COCc2ccccc2)C2CC1(c1ccccc1)CO2,c1ccc(COC[C@@H]2CC3(c4ccccc4)COC2C3)cc1,c1ccc(COC[C@@H]2CC3(c4ccccc4)COC2C3)cc1,True,False,False,source_identity,1.0,0.7391304347826086,463.5490000000003,420.5490000000002,43.000000000000114,False,,,,,,,,,79.55,55.760000000000005,23.789999999999992,False,,,,,4.0,3.0,1.0,True,,,,
edit_latent_scaffold_source_rerank,mpair_00000323_cond_02_3p,mpair_00000323,eval,3,"TPSA,HBD,HBA",N[C@@H](C(=O)N[C@@H]1C(=O)N2C(C(=O)O)=C(C(F)(F)F)CC[C@H]12)c1ccc(F)cc1,N[C@@H](C(=O)N[C@@H]1C(=O)N2C(C(=O)O)=C(C(F)(F)F)CC[C@H]12)c1ccc(O)cc1,N[C@@H](C(=O)N[C@@H]1C(=O)N2C(C(=O)O)=C(C(F)(F)F)CC[C@H]12)c1ccc(F)cc1,O=C(Cc1ccccc1)N[C@@H]1C(=O)N2C=CCC[C@H]12,O=C(Cc1ccccc1)N[C@@H]1C(=O)N2C=CCC[C@H]12,True,False,False,source_identity,1.0,0.8545454545454545,,,,,,,,,,,,,132.96,112.73,20.230000000000004,False,4.0,3.0,1.0,True,5.0,4.0,1.0,True,,,,
edit_latent_scaffold_source_rerank,mpair_00000330_cond_01_3p,mpair_00000330,eval,3,"MW,LogP,HBD",N[C@@H](C(=O)N[C@@H]1C(=O)N2C(C(=O)O)=C(C(F)(F)F)CC[C@H]12)c1ccc(O)cc1,N[C@@H](C(=O)N[C@@H]1C(=O)N2C(C(=O)O)=C(C(F)(F)F)CC[C@H]12)c1cccc(C(F)(F)F)c1,N[C@@H](C(=O)N[C@@H]1C(=O)N2C(C(=O)O)=C(C(F)(F)F)CC[C@H]12)c1ccc(O)cc1,O=C(Cc1ccccc1)N[C@@H]1C(=O)N2C=CCC[C@H]12,O=C(Cc1ccccc1)N[C@@H]1C(=O)N2C=CCC[C@H]12,True,False,False,source_identity,1.0,0.7377049180327869,451.3230000000001,399.3250000000001,51.99799999999999,False,2.0955999999999997,0.7823999999999993,1.3132000000000004,False,,,,,,,,,3.0,4.0,1.0,True,,,,,,,,
edit_latent_scaffold_source_rerank,mpair_00000332_cond_02_3p,mpair_00000332,eval,3,"TPSA,HBD,HBA",N[C@@H](C(=O)N[C@@H]1C(=O)N2C(C(=O)O)=C(C(F)(F)F)CC[C@H]12)c1ccc(O)cc1,N[C@@H](C(=O)N[C@@H]1C(=O)N2C(C(=O)O)=C(C(F)(F)F)CC[C@H]12)c1cccc(Br)c1,N[C@@H](C(=O)N[C@@H]1C(=O)N2C(C(=O)O)=C(C(F)(F)F)CC[C@H]12)c1ccc(O)cc1,O=C(Cc1ccccc1)N[C@@H]1C(=O)N2C=CCC[C@H]12,O=C(Cc1ccccc1)N[C@@H]1C(=O)N2C=CCC[C@H]12,True,False,False,source_identity,1.0,0.7377049180327869,,,,,,,,,,,,,112.73,132.96,20.230000000000004,False,3.0,4.0,1.0,True,4.0,5.0,1.0,True,,,,
edit_latent_scaffold_source_rerank,mpair_00000338_cond_00_3p,mpair_00000338,eval,3,"LogP,QED,RB",N[C@@H](C(=O)N[C@@H]1C(=O)N2C(C(=O)O)=C(C(F)(F)F)CC[C@H]12)c1cccc(Br)c1,CSC1=C(C(=O)O)N2C(=O)[C@@H](NC(=O)[C@H](N)c3ccccc3)[C@H]2CC1,N[C@@H](C(=O)N[C@@H]1C(=O)N2C(C(=O)O)=C(C(F)(F)F)CC[C@H]12)c1cccc(Br)c1,O=C(Cc1ccccc1)N[C@@H]1C(=O)N2C=CCC[C@H]12,O=C(Cc1ccccc1)N[C@@H]1C(=O)N2C=CCC[C@H]12,True,False,False,source_identity,1.0,0.5757575757575758,,,,,0.8350000000000002,1.8392999999999997,1.0042999999999995,False,0.6699274889764619,0.5917241763797754,0.07820331259668656,True,,,,,,,,,,,,,5.0,4.0,1.0,True
edit_latent_scaffold_source_rerank,mpair_00000597_cond_02_3p,mpair_00000597,eval,3,"QED,HBD,HBA",OC[C@@H]1N[C@@H](CCCCc2ccc(O)cc2)[C@H](O)[C@H]1O,OC[C@@H]1N[C@@H](CCCCc2ccc(F)cc2)[C@H](O)[C@H]1O,OC[C@@H]1N[C@@H](CCCCc2ccc(O)cc2)[C@H](O)[C@H]1O,c1ccc(CCCC[C@H]2CCCN2)cc1,c1ccc(CCCC[C@H]2CCCN2)cc1,True,True,True,source_identity,1.0,0.7567567567567568,,,,,,,,,0.5767746304019578,0.47902706341404183,0.09774756698791592,True,,,,,4.0,5.0,1.0,True,4.0,5.0,1.0,True,,,,
edit_latent_scaffold_source_rerank,mpair_00000728_cond_02_3p,mpair_00000728,eval,3,"LogP,QED,RB",C=CCc1cc(/C=C2\SC(=O)NC2=O)c(OC)cc1OC1CCCCO1,C=CCc1cc(/C=C2\SC(=O)N(CCCC)C2=O)c(OC)cc1OC1CCCCO1,C=CCc1cc(/C=C2\SC(=O)NC2=O)c(OC)cc1OC1CCCCO1,O=C1NC(=O)/C(=C/c2ccc(OC3CCCCO3)cc2)S1,O=C1NC(=O)/C(=C/c2ccc(OC3CCCCO3)cc2)S1,True,False,False,source_identity,1.0,0.6571428571428571,,,,,5.165500000000004,3.6530000000000022,1.512500000000002,False,0.39718598618589046,0.6042673504148035,0.20708136422891305,False,,,,,,,,,,,,,9.0,6.0,3.0,False
edit_latent_scaffold_source_rerank,mpair_00000740_cond_00_3p,mpair_00000740,eval,3,"MW,QED,RB",C=CCc1cc(/C=C2\SC(=O)N(C)C2=O)c(OC)cc1OC1CCCCO1,C=CCc1cc(/C=C2\SC(=O)N(CCCC)C2=O)c(OC)cc1OC1CCCCO1,C=CCc1cc(/C=C2\SC(=O)N(C)C2=O)c(OC)cc1OC1CCCCO1,O=C1NC(=O)/C(=C/c2ccc(OC3CCCCO3)cc2)S1,O=C1NC(=O)/C(=C/c2ccc(OC3CCCCO3)cc2)S1,True,False,False,source_identity,1.0,0.7878787878787878,431.55400000000026,389.4730000000002,42.081000000000074,False,,,,,0.39718598618589046,0.5413211960634129,0.14413520987752243,False,,,,,,,,,,,,,9.0,6.0,3.0,False
edit_latent_scaffold_source_rerank,mpair_00000742_cond_02_3p,mpair_00000742,eval,3,"MW,LogP,QED",C=CCc1cc(/C=C2\SC(=O)N(C)C2=O)c(OC)cc1OC1CCCCO1,C=CCc1cc(/C=C2\SC(=O)N(CC=C(C)C)C2=O)c(OC)cc1OC1CCCCO1,C=CCc1cc(/C=C2\SC(=O)N(C)C2=O)c(OC)cc1OC1CCCCO1,O=C1NC(=O)/C(=C/c2ccc(OC3CCCCO3)cc2)S1,O=C1NC(=O)/C(=C/c2ccc(OC3CCCCO3)cc2)S1,True,False,False,source_identity,1.0,0.7761194029850746,443.5650000000003,389.4730000000002,54.0920000000001,False,5.331600000000005,3.9952000000000023,1.336400000000003,False,0.3995752918375223,0.5413211960634129,0.14174590422589062,False,,,,,,,,,,,,,,,,
edit_latent_scaffold_source_rerank,mpair_00000747_cond_01_3p,mpair_00000747,eval,3,"LogP,QED,HBD",C=CCc1cc(/C=C2\SC(=O)N(CC=C)C2=O)c(OC)cc1OC1CCCCO1,C=CCc1cc(/C=C2\SC(=O)NC2=O)c(OC)cc1OC1CCCCO1,C=CCc1cc(/C=C2\SC(=O)N(CC=C)C2=O)c(OC)cc1OC1CCCCO1,O=C1NC(=O)/C(=C/c2ccc(OC3CCCCO3)cc2)S1,O=C1NC(=O)/C(=C/c2ccc(OC3CCCCO3)cc2)S1,True,False,False,source_identity,1.0,0.696969696969697,,,,,3.6530000000000022,4.551400000000004,0.8984000000000014,True,0.6042673504148035,0.45838471716690443,0.14588263324789907,False,,,,,1.0,0.0,1.0,True,,,,,,,,
edit_latent_scaffold_source_rerank,mpair_00000749_cond_00_3p,mpair_00000749,eval,3,"QED,HBD,RB",C=CCc1cc(/C=C2\SC(=O)N(C(C)C)C2=O)c(OC)cc1OC1CCCCO1,C=CCc1cc(/C=C2\SC(=O)NC2=O)c(OC)cc1OC1CCCCO1,C=CCc1cc(/C=C2\SC(=O)N(C(C)C)C2=O)c(OC)cc1OC1CCCCO1,O=C1NC(=O)/C(=C/c2ccc(OC3CCCCO3)cc2)S1,O=C1NC(=O)/C(=C/c2ccc(OC3CCCCO3)cc2)S1,True,False,False,source_identity,1.0,0.6865671641791045,,,,,,,,,0.6042673504148035,0.4701504427149941,0.13411690769980938,False,,,,,1.0,0.0,1.0,True,,,,,6.0,7.0,1.0,True
edit_latent_scaffold_source_rerank,mpair_00000758_cond_02_3p,mpair_00000758,eval,3,"LogP,HBA,RB",Clc1cccc(-c2cncc(O[C@@H]3CCNC3)c2)c1,COc1cccc(-c2cncc(O[C@@H]3CCNC3)c2)c1,Clc1cccc(-c2cncc(O[C@@H]3CCNC3)c2)c1,c1ccc(-c2cncc(O[C@@H]3CCNC3)c2)cc1,c1ccc(-c2cncc(O[C@@H]3CCNC3)c2)cc1,True,True,True,source_identity,1.0,0.7446808510638298,,,,,2.4979000000000005,3.1427000000000014,0.6448000000000009,True,,,,,,,,,,,,,4.0,3.0,1.0,True,4.0,3.0,1.0,True
edit_latent_scaffold_source_rerank,mpair_00001125_cond_00_3p,mpair_00001125,eval,3,"MW,QED,HBD",CN1C(=O)c2ccccc2C1CCN1CCN(c2ccc(Cl)cc2)CC1,O=C1NC(CCN2CCN(c3ccccc3)CC2)c2ccccc21,CN1C(=O)c2ccccc2C1CCN1CCN(c2ccc(Cl)cc2)CC1,O=C1NC(CCN2CCN(c3ccccc3)CC2)c2ccccc21,O=C1NC(CCN2CCN(c3ccccc3)CC2)c2ccccc21,True,False,False,source_identity,1.0,0.4909090909090909,321.4240000000001,369.8960000000001,48.47199999999998,False,,,,,0.9403172855884846,0.8221231339252668,0.11819415166321778,False,,,,,1.0,0.0,1.0,True,,,,,,,,
edit_latent_scaffold_source_rerank,mpair_00001132_cond_00_3p,mpair_00001132,eval,3,"QED,TPSA,HBA",O=C(Cc1ccccc1[N+](=O)[O-])NCCC1CCN(CC2COc3ccccc3O2)CC1,COc1ccccc1CC(=O)NCCC1CCN(CC2COc3ccccc3O2)CC1,O=C(Cc1ccccc1[N+](=O)[O-])NCCC1CCN(CC2COc3ccccc3O2)CC1,O=C(Cc1ccccc1)NCCC1CCN(CC2COc3ccccc3O2)CC1,O=C(Cc1ccccc1)NCCC1CCN(CC2COc3ccccc3O2)CC1,True,False,False,source_identity,1.0,0.7164179104477612,,,,,,,,,0.7047088784600517,0.5015202818225966,0.20318859663745514,False,60.03,93.94,33.91,False,,,,,5.0,6.0,1.0,True,,,,
edit_latent_scaffold_source_rerank,mpair_00001135_cond_01_3p,mpair_00001135,eval,3,"MW,LogP,QED",Fc1ccc(N2CCN(c3nc4ccsc4n4cccc34)CC2)cc1,FC(F)(F)c1cccc(N2CCN(c3nc4ccsc4n4cccc34)CC2)c1,Clc1ccc(N2CCN(c3nc4ccsc4n4cccc34)CC2)cc1,c1ccc(N2CCN(c3nc4ccsc4n4cccc34)CC2)cc1,c1ccc(N2CCN(c3nc4ccsc4n4cccc34)CC2)cc1,True,True,True,,0.7872340425531915,0.6363636363636364,402.4450000000001,368.89300000000014,33.551999999999964,True,4.894400000000004,4.5290000000000035,0.36540000000000017,True,0.47685586942313013,0.5191234865371509,0.04226761711402077,True,,,,,,,,,,,,,,,,
edit_latent_scaffold_source_rerank,mpair_00002371_cond_02_3p,mpair_00002371,eval,3,"QED,HBD,HBA",Cn1cc(C(=O)c2ccc(-n3ccnc3)cc2)cc1/C=C/C(=O)O,CCOC(=O)/C=C/c1cc(C(=O)c2ccc(-n3ccnc3)cc2)cn1C,Cn1cc(C(=O)c2ccc(-n3ccnc3)cc2)cc1/C=C/C(=O)O,O=C(c1ccc(-n2ccnc2)cc1)c1cc[nH]c1,O=C(c1ccc(-n2ccnc2)cc1)c1cc[nH]c1,True,False,False,source_identity,1.0,0.7454545454545455,,,,,,,,,0.3897342663180413,0.5785260949639057,0.1887918286458644,False,,,,,0.0,1.0,1.0,True,6.0,5.0,1.0,True,,,,
edit_latent_scaffold_source_rerank,mpair_00002463_cond_00_3p,mpair_00002463,eval,3,"LogP,HBA,RB",COc1ccc(NC(=O)c2cc(OCCCN(C)C)nn2Cc2ccccc2)cc1,CN(C)CCCOc1cc(C(=O)Nc2ccc(Cl)cc2F)n(Cc2ccccc2)n1,COc1ccc(NC(=O)c2cc(OCCCN(C)C)nn2Cc2ccccc2)cc1,O=C(Nc1ccccc1)c1ccnn1Cc1ccccc1,O=C(Nc1ccccc1)c1ccnn1Cc1ccccc1,True,True,True,source_identity,1.0,0.6567164179104478,,,,,4.306700000000003,3.522800000000002,0.7839000000000009,True,,,,,,,,,,,,,5.0,6.0,1.0,True,9.0,10.0,1.0,True
edit_latent_scaffold_source_rerank,mpair_00002466_cond_01_3p,mpair_00002466,eval,3,"QED,HBA,RB",CN(C)CCCOc1cc(C(=O)Nc2ccc(Cl)cc2F)n(Cc2ccccc2)n1,CN(C)CCCOc1cc(C(=O)Nc2ccc(OC(F)(F)F)cc2)n(Cc2ccccc2)n1,CN(C)CCCOc1cc(C(=O)Nc2ccc(Cl)cc2F)n(Cc2ccccc2)n1,O=C(Nc1ccccc1)c1ccnn1Cc1ccccc1,O=C(Nc1ccccc1)c1ccnn1Cc1ccccc1,True,True,True,source_identity,1.0,0.6428571428571429,,,,,,,,,0.4522382232340766,0.5138601191048354,0.061621895870758836,True,,,,,,,,,6.0,5.0,1.0,True,10.0,9.0,1.0,True
edit_latent_scaffold_source_rerank,mpair_00002470_cond_00_3p,mpair_00002470,eval,3,"LogP,HBA,RB",CN(C)CCCOc1cc(C(=O)Nc2ccc(Cl)cc2F)n(Cc2ccccc2)n1,COc1ccc(NC(=O)c2cc(OCCCN(C)C)nn2Cc2ccccc2)cc1,CN(C)CCCOc1cc(C(=O)Nc2ccc(Cl)cc2F)n(Cc2ccccc2)n1,O=C(Nc1ccccc1)c1ccnn1Cc1ccccc1,O=C(Nc1ccccc1)c1ccnn1Cc1ccccc1,True,True,True,source_identity,1.0,0.6567164179104478,,,,,3.522800000000002,4.306700000000003,0.7839000000000009,True,,,,,,,,,,,,,6.0,5.0,1.0,True,10.0,9.0,1.0,True
edit_latent_scaffold_source_rerank,mpair_00002473_cond_00_3p,mpair_00002473,eval,3,"LogP,HBA,RB",COc1ccc(NC(=O)c2cc(OCCCN(C)C)nn2Cc2ccccc2)cc1,CN(C)CCCOc1cc(C(=O)Nc2cccc(Cl)c2)n(Cc2ccccc2)n1,COc1ccc(NC(=O)c2cc(OCCCN(C)C)nn2Cc2ccccc2)cc1,O=C(Nc1ccccc1)c1ccnn1Cc1ccccc1,O=C(Nc1ccccc1)c1ccnn1Cc1ccccc1,True,True,True,source_identity,1.0,0.7419354838709677,,,,,4.167600000000003,3.522800000000002,0.6448000000000009,True,,,,,,,,,,,,,5.0,6.0,1.0,True,9.0,10.0,1.0,True
edit_latent_scaffold_source_rerank,mpair_00002478_cond_02_3p,mpair_00002478,eval,3,"MW,LogP,QED",CN(C)CCCOc1cc(C(=O)Nc2cccc(Cl)c2)n(Cc2ccccc2)n1,CN(C)CCCOc1cc(C(=O)Nc2cc(F)cc(C(F)(F)F)c2)n(Cc2ccccc2)n1,CN(C)CCCOc1cc(C(=O)Nc2cccc(Cl)c2)n(Cc2ccccc2)n1,O=C(Nc1ccccc1)c1ccnn1Cc1ccccc1,O=C(Nc1ccccc1)c1ccnn1Cc1ccccc1,True,False,False,source_identity,1.0,0.6764705882352942,464.4630000000001,412.9210000000001,51.54199999999997,False,4.672100000000003,4.167600000000003,0.5045000000000002,True,0.369385517709234,0.5357556879239462,0.16637017021471223,False,,,,,,,,,,,,,,,,
edit_latent_scaffold_source_rerank,mpair_00002483_cond_00_3p,mpair_00002483,eval,3,"LogP,HBA,RB",COc1cc(NC(=O)c2cc(OCCCN(C)C)nn2Cc2ccccc2)cc(OC)c1OC,CN(C)CCCOc1cc(C(=O)Nc2ccc(OC(F)(F)F)cc2)n(Cc2ccccc2)n1,COc1cc(NC(=O)c2cc(OCCCN(C)C)nn2Cc2ccccc2)cc(OC)c1OC,O=C(Nc1ccccc1)c1ccnn1Cc1ccccc1,O=C(Nc1ccccc1)c1ccnn1Cc1ccccc1,True,False,False,source_identity,1.0,0.6764705882352942,,,,,4.412800000000003,3.5400000000000027,0.8728000000000007,True,,,,,,,,,,,,,6.0,8.0,2.0,False,10.0,12.0,2.0,False
edit_latent_scaffold_source_rerank,mpair_00002488_cond_01_3p,mpair_00002488,eval,3,"LogP,TPSA,HBD",C=Cc1cc(C(=O)OCC)n(S(=O)(=O)c2cc(Cl)ccc2N)c1,CC(C)OC(=O)c1cc(CO)cn1S(=O)(=O)c1cc(Cl)ccc1N,N/C(S)=N/N=C/c1cccn1S(=O)(=O)c1ccccc1,O=S(=O)(c1ccccc1)n1cccc1,O=S(=O)(c1ccccc1)n1cccc1,True,False,False,,0.16,0.14666666666666667,,,,,2.0182,1.3035,0.7147000000000001,True,,,,,111.61999999999999,89.81,21.809999999999988,False,2.0,2.0,0.0,True,,,,,,,,
edit_latent_scaffold_source_rerank,mpair_00002498_cond_01_3p,mpair_00002498,eval,3,"MW,QED,RB",CCc1ccc(NC2=C(Cl)C(=O)c3ncncc3C2=O)cc1,O=C1C(Nc2cccc(Br)c2)=C(Cl)C(=O)c2ncncc21,O=C1C(Nc2cccc(Cl)c2)=C(Cl)C(=O)c2ncncc21,O=C1C(Nc2ccccc2)=CC(=O)c2ncncc21,O=C1C(Nc2ccccc2)=CC(=O)c2ncncc21,True,False,False,,0.6122448979591837,0.7777777777777778,364.58600000000007,320.135,44.45100000000008,False,,,,,0.885902971993687,0.9205249949064266,0.034622022912739636,True,,,,,,,,,,,,,2.0,2.0,0.0,True
edit_latent_scaffold_source_rerank,mpair_00002502_cond_02_3p,mpair_00002502,eval,3,"MW,QED,RB",O=C1C(Nc2cccc(Br)c2)=C(Cl)C(=O)c2ncncc21,CCc1ccc(NC2=C(Cl)C(=O)c3ncncc3C2=O)cc1,Cc1cccc(NC2=C(Cl)C(=O)c3ncncc3C2=O)c1,O=C1C(Nc2ccccc2)=CC(=O)c2ncncc21,O=C1C(Nc2ccccc2)=CC(=O)c2ncncc21,True,True,True,,0.7446808510638298,0.62,313.744,299.71700000000004,14.026999999999987,True,,,,,0.9428073960459649,0.9228598789693654,0.019947517076599475,True,,,,,,,,,,,,,3.0,2.0,1.0,True
edit_latent_scaffold_source_rerank,mpair_00002505_cond_02_3p,mpair_00002505,eval,3,"QED,HBA,RB",COc1ccc(C(=O)CN2c3ccccc3C(=O)N(Cc3ccccc3)S2(=O)=O)cc1,O=C(CN1c2ccccc2C(=O)N(Cc2ccccc2)S1(=O)=O)c1ccccc1,COc1ccc(C(=O)CN2c3ccccc3C(=O)N(Cc3ccccc3)S2(=O)=O)cc1,O=C(CN1c2ccccc2C(=O)N(Cc2ccccc2)S1(=O)=O)c1ccccc1,O=C(CN1c2ccccc2C(=O)N(Cc2ccccc2)S1(=O)=O)c1ccccc1,True,True,True,source_identity,1.0,0.7916666666666666,,,,,,,,,0.6096951629926923,0.5539335722556151,0.055761590737077205,True,,,,,,,,,4.0,5.0,1.0,True,5.0,6.0,1.0,True
edit_latent_scaffold_source_rerank,mpair_00002516_cond_02_3p,mpair_00002516,eval,3,"LogP,TPSA,HBA",CSc1cc(-c2ccc(Cl)cc2)oc(=O)c1Br,CSc1cc(-c2ccc(Br)cc2)oc(=O)c1C#N,CSc1cc(-c2ccc(F)cc2)oc(=O)c1,O=c1cccc(-c2ccccc2)o1,O=c1cccc(-c2ccccc2)o1,True,False,False,,0.3695652173913043,0.3469387755102041,,,,,3.662880000000002,3.1678000000000024,0.49507999999999974,True,,,,,54.0,30.21,23.79,False,,,,,4.0,3.0,1.0,True,,,,
edit_latent_scaffold_source_rerank,mpair_00002546_cond_01_3p,mpair_00002546,eval,3,"MW,QED,HBA",CSc1cc(-c2ccc(Br)cc2)oc(=O)c1Br,CSc1cc(-c2ccc(Br)cc2)oc(=O)c1C#N,CSc1cc(-c2ccc(F)cc2)oc(=O)c1,O=c1cccc(-c2ccccc2)o1,O=c1cccc(-c2ccccc2)o1,True,False,False,,0.38636363636363635,0.3469387755102041,322.1830000000001,236.26699999999997,85.91600000000014,False,,,,,0.791886779601309,0.7501191134076561,0.04176766619365291,True,,,,,,,,,4.0,3.0,1.0,True,,,,
edit_latent_scaffold_source_rerank,mpair_00002560_cond_02_3p,mpair_00002560,eval,3,"MW,QED,HBA",CSc1nc(-c2ccc(Cl)cc2)nn1C(=O)N(C)c1ccccc1,CSc1nc(-c2ccc(OC(F)(F)F)cc2)nn1C(=O)N(C)c1ccccc1,CSc1nc(-c2ccc(Cl)cc2)nn1C(=O)N(C)c1ccccc1,O=C(Nc1ccccc1)n1cnc(-c2ccccc2)n1,O=C(Nc1ccccc1)n1cnc(-c2ccccc2)n1,True,False,False,source_identity,1.0,0.7037037037037037,408.4050000000001,358.85400000000004,49.551000000000045,False,,,,,0.5874043626188404,0.6499636794176425,0.06255931679880211,True,,,,,,,,,6.0,5.0,1.0,True,,,,
edit_latent_scaffold_source_rerank,mpair_00002570_cond_01_3p,mpair_00002570,eval,3,"QED,TPSA,HBA",CCN(CC)C(=O)OCC1CN(C(=O)c2cc(OC)c(OC)c(OC)c2)CCN1C(=O)c1cc(OC)c(OC)c(OC)c1,COc1cc(C(=O)N2CCN(C(=O)c3cc(OC)c(OC)c(OC)c3)CC2)cc(OC)c1OC,CCN(CC)C(=O)OCC1CN(C(=O)c2cc(OC)c(OC)c(OC)c2)CCN1C(=O)c1cc(OC)c(OC)c(OC)c1,O=C(c1ccccc1)N1CCN(C(=O)c2ccccc2)CC1,O=C(c1ccccc1)N1CCN(C(=O)c2ccccc2)CC1,True,False,False,source_identity,1.0,0.52,,,,,,,,,0.5754127815390553,0.3571777118480848,0.2182350696909705,False,96.00000000000001,125.54,29.539999999999992,False,,,,,8.0,10.0,2.0,False,,,,
edit_latent_scaffold_source_rerank,mpair_00002580_cond_00_3p,mpair_00002580,eval,3,"LogP,HBD,HBA",COc1cc(C(=O)N2CCN(C(=O)c3cc(OC)c(OC)c(OC)c3)C(COC(C)=O)C2)cc(OC)c1OC,COc1cc(C(=O)N2CCN(C(=O)c3cc(OC)c(OC)c(OC)c3)C(CO)C2)cc(OC)c1OC,COc1cc(C(=O)N2CCN(C(=O)c3cc(OC)c(OC)c(OC)c3)C(COC(C)=O)C2)cc(OC)c1OC,O=C(c1ccccc1)N1CCN(C(=O)c2ccccc2)CC1,O=C(c1ccccc1)N1CCN(C(=O)c2ccccc2)CC1,True,True,True,source_identity,1.0,0.75,,,,,1.6973000000000003,2.2681000000000004,0.5708000000000002,True,,,,,,,,,1.0,0.0,1.0,True,9.0,10.0,1.0,True,,,,
edit_latent_scaffold_source_rerank,mpair_00002585_cond_01_3p,mpair_00002585,eval,3,"QED,TPSA,RB",COc1cc(C(=O)N2CCN(C(=O)c3cc(OC)c(OC)c(OC)c3)C(COC(C)=O)C2)cc(OC)c1OC,COc1cc(C(=O)N2CCN(C(=O)c3cc(OC)c(OC)c(OC)c3)CC2)cc(OC)c1OC,COc1cc(C(=O)N2CCN(C(=O)c3cc(OC)c(OC)c(OC)c3)C(COC(C)=O)C2)cc(OC)c1OC,O=C(c1ccccc1)N1CCN(C(=O)c2ccccc2)CC1,O=C(c1ccccc1)N1CCN(C(=O)c2ccccc2)CC1,True,False,False,source_identity,1.0,0.5777777777777777,,,,,,,,,0.5754127815390553,0.41028124355120477,0.16513153798785052,False,96.00000000000001,122.30000000000001,26.299999999999997,False,,,,,,,,,8.0,10.0,2.0,False
edit_latent_scaffold_source_rerank,mpair_00002590_cond_00_3p,mpair_00002590,eval,3,"MW,HBD,RB",COc1cc(C(=O)N2CCN(C(=O)c3cc(OC)c(OC)c(OC)c3)C(COC(=O)NCCC(C)C)C2)cc(OC)c1OC,COc1cc(C(=O)N2CCN(C(=O)c3cc(OC)c(OC)c(OC)c3)C(COC(C)=O)C2)cc(OC)c1OC,COc1cc(C(=O)N2CCN(C(=O)c3cc(OC)c(OC)c(OC)c3)C(COC(=O)NCCC(C)C)C2)cc(OC)c1OC,O=C(c1ccccc1)N1CCN(C(=O)c2ccccc2)CC1,O=C(c1ccccc1)N1CCN(C(=O)c2ccccc2)CC1,True,False,False,source_identity,1.0,0.7017543859649122,546.5730000000003,617.6960000000003,71.12299999999993,False,,,,,,,,,,,,,0.0,1.0,1.0,True,,,,,10.0,13.0,3.0,False
edit_latent_scaffold_source_rerank,mpair_00002596_cond_02_3p,mpair_00002596,eval,3,"HBD,HBA,RB",COc1ccc(C(=O)Nc2c(F)cncc2F)c2ccc(C(F)(F)F)nc12,COc1ccc(C(=O)Nc2c(Cl)cncc2Cl)c2ccc(C(C)O)nc12,COc1ccc(C(=O)Nc2c(F)cncc2F)c2ccc(C(F)(F)F)nc12,O=C(Nc1ccncc1)c1cccc2ncccc12,O=C(Nc1ccncc1)c1cccc2ncccc12,True,True,True,source_identity,1.0,0.532258064516129,,,,,,,,,,,,,,,,,2.0,1.0,1.0,True,5.0,4.0,1.0,True,4.0,3.0,1.0,True
edit_latent_scaffold_source_rerank,mpair_00002601_cond_01_3p,mpair_00002601,eval,3,"MW,LogP,QED",COc1ccc(C(=O)Nc2ccncc2Cl)c2cccnc12,COc1ccc(C(=O)Nc2ccncc2Cl)c2ccc(C(F)(F)F)nc12,COc1ccc(C(=O)Nc2ccncc2Cl)c2cccnc12,O=C(Nc1ccncc1)c1cccc2ncccc12,O=C(Nc1ccncc1)c1cccc2ncccc12,True,False,False,source_identity,1.0,0.6724137931034483,381.74100000000004,313.744,67.99700000000001,False,4.562900000000002,3.544100000000002,1.0187999999999997,False,0.7218484507203837,0.8029165077767629,0.0810680570563792,True,,,,,,,,,,,,,,,,
edit_latent_scaffold_source_rerank,mpair_00002605_cond_01_3p,mpair_00002605,eval,3,"TPSA,HBD,HBA",COc1ccc(C(=O)Nc2c(Cl)cncc2Cl)c2ccc(C(C)O)nc12,COc1ccc(C(=O)Nc2c(F)cncc2F)c2ccc(C(F)(F)F)nc12,COc1ccc(C(=O)Nc2c(Cl)cncc2Cl)c2ccc(C(C)O)nc12,O=C(Nc1ccncc1)c1cccc2ncccc12,O=C(Nc1ccncc1)c1cccc2ncccc12,True,False,False,source_identity,1.0,0.532258064516129,,,,,,,,,,,,,64.11,84.34,20.230000000000004,False,1.0,2.0,1.0,True,4.0,5.0,1.0,True,,,,
edit_latent_scaffold_source_rerank,mpair_00002610_cond_02_3p,mpair_00002610,eval,3,"LogP,TPSA,HBD",CCc1ccc2c(C(=O)Nc3c(Cl)cncc3Cl)ccc(OC)c2n1,COc1ccc(C(=O)Nc2c(Cl)cncc2Cl)c2ccc(C(C)O)nc12,CCc1ccc2c(C(=O)Nc3c(Cl)cncc3Cl)ccc(OC)c2n1,O=C(Nc1ccncc1)c1cccc2ncccc12,O=C(Nc1ccncc1)c1cccc2ncccc12,True,False,False,source_identity,1.0,0.6964285714285714,,,,,4.2508000000000035,4.759900000000003,0.5090999999999992,True,,,,,84.34,64.11,20.230000000000004,False,2.0,1.0,1.0,True,,,,,,,,
edit_latent_scaffold_source_rerank,mpair_00002617_cond_00_3p,mpair_00002617,eval,3,"TPSA,HBA,RB",COc1ccc(C(=O)Nc2c(Cl)cncc2Cl)c2ccc(C(C)=O)nc12,COc1ccc(C(=O)Nc2ccncc2Cl)c2ccc(C(F)(F)F)nc12,COc1ccc(C(=O)Nc2c(Cl)cncc2Cl)c2ccc(C(C)=O)nc12,O=C(Nc1ccncc1)c1cccc2ncccc12,O=C(Nc1ccncc1)c1cccc2ncccc12,True,True,True,source_identity,1.0,0.5396825396825397,,,,,,,,,,,,,64.11,81.17999999999999,17.069999999999993,True,,,,,4.0,5.0,1.0,True,3.0,4.0,1.0,True
edit_latent_scaffold_source_rerank,mpair_00002624_cond_01_3p,mpair_00002624,eval,3,"MW,LogP,QED",COc1ccc(C(=O)Nc2ccncc2Cl)c2ccc(C(F)(F)F)nc12,COc1ccc(C(=O)Nc2ccncc2Cl)c2cccnc12,COc1ccc(C(=O)Nc2ccncc2Cl)c2ccc(C(F)(F)F)nc12,O=C(Nc1ccncc1)c1cccc2ncccc12,O=C(Nc1ccncc1)c1cccc2ncccc12,True,False,False,source_identity,1.0,0.6724137931034483,313.744,381.74100000000004,67.99700000000001,False,3.544100000000002,4.562900000000002,1.0187999999999997,False,0.8029165077767629,0.7218484507203837,0.0810680570563792,True,,,,,,,,,,,,,,,,
edit_latent_scaffold_source_rerank,mpair_00002631_cond_01_3p,mpair_00002631,eval,3,"LogP,HBD,HBA",CC(C)(C)[C@H](O)C(=O)N1C[C@H](c2ccccc2)C[C@H]1C(=O)N[C@@H](CC(F)F)C(=O)NCCc1c(F)cc(C(=O)O)cc1F,CC(C)CC(=O)N1C[C@H](c2ccccc2)C[C@H]1C(=O)N[C@@H](CC(F)F)C(=O)NCCc1c(F)cc(C(=O)O)cc1F,CC(C)(C)[C@H](O)C(=O)N1C[C@H](c2ccccc2)C[C@H]1C(=O)N[C@@H](CC(F)F)C(=O)NCCc1c(F)cc(C(=O)O)cc1F,O=C(CNC(=O)[C@@H]1C[C@@H](c2ccccc2)CN1)NCCc1ccccc1,O=C(CNC(=O)[C@@H]1C[C@@H](c2ccccc2)CN1)NCCc1ccccc1,True,True,True,source_identity,1.0,0.7567567567567568,,,,,3.892500000000002,3.253400000000001,0.6391000000000009,True,,,,,,,,,3.0,4.0,1.0,True,4.0,5.0,1.0,True,,,,
edit_latent_scaffold_source_rerank,mpair_00003115_cond_01_3p,mpair_00003115,eval,3,"MW,LogP,QED",Cc1nc2nncnn2c(=O)c1C,Cc1nc2nnc(C(C)(C)C)nn2c(=O)c1C,Cc1nc2nncnn2c(=O)c1C,O=c1ccnc2nncnn12,O=c1ccnc2nncnn12,True,False,False,source_identity,1.0,0.48717948717948717,233.27499999999998,177.167,56.107999999999976,False,0.7938399999999997,-0.5036600000000002,1.2974999999999999,False,0.6723856505150625,0.541825521381232,0.13056012913383053,False,,,,,,,,,,,,,,,,
edit_latent_scaffold_source_rerank,mpair_00003206_cond_01_3p,mpair_00003206,eval,3,"MW,LogP,HBA",CCOC(=O)N1CCN(S(=O)(=O)c2ccc(-n3ncc(=O)[nH]c3=O)cc2Cl)CC1,Cc1cc(-n2ncc(=O)[nH]c2=O)ccc1S(=O)(=O)N1CCN(C=O)CC1,CCOC(=O)N1CCN(S(=O)(=O)c2ccc(-n3ncc(=O)[nH]c3=O)cc2Cl)CC1,O=c1cnn(-c2ccc(S(=O)(=O)N3CCNCC3)cc2)c(=O)[nH]1,O=c1cnn(-c2ccc(S(=O)(=O)N3CCNCC3)cc2)c(=O)[nH]1,True,False,False,source_identity,1.0,0.5625,379.39800000000025,443.86900000000026,64.471,False,-1.3080799999999981,0.037000000000000144,1.3450799999999983,False,,,,,,,,,,,,,7.0,8.0,1.0,True,,,,
edit_latent_scaffold_source_rerank,mpair_00003210_cond_01_3p,mpair_00003210,eval,3,"MW,LogP,RB",CC[C@H]1OC(=O)[C@H](C)[C@@H](O)[C@H](C)[C@@H](OC2O[C@H](C)C[C@H](N(C)C)C2O)[C@@](C)(OC)C[C@@H](C)C(=O)[C@H](C)[C@@H](O)[C@]1(C)O,CC[C@H]1OC(=O)[C@H](C)[C@@H](OC(C)=O)[C@H](C)[C@@H](OC2O[C@H](C)C[C@H](N(C)C)C2O)[C@@](C)(OC)C[C@@H](C)C(=O)[C@H](C)[C@@H](O)[C@]1(C)O,CC[C@H]1OC(=O)[C@H](C)[C@@H](O)[C@H](C)[C@@H](OC2O[C@H](C)C[C@H](N(C)C)C2O)[C@@](C)(OC)C[C@@H](C)C(=O)[C@H](C)[C@@H](O)[C@]1(C)O,O=C1CCCCOC(=O)CCC[C@@H](OC2CCCCO2)CCC1,O=C1CCCCOC(=O)CCC[C@@H](OC2CCCCO2)CCC1,True,False,False,source_identity,1.0,0.821917808219178,631.8040000000003,589.7670000000004,42.03699999999992,False,2.0853000000000033,1.5145000000000022,0.5708000000000011,True,,,,,,,,,,,,,,,,,6.0,5.0,1.0,True
edit_latent_scaffold_source_rerank,mpair_00003219_cond_02_3p,mpair_00003219,eval,3,"MW,LogP,QED",COc1ccc(S(=O)(=O)N(Cc2cccnc2)c2c(C)cccc2C(=O)NO)cc1,COc1ccc(S(=O)(=O)N(Cc2cccnc2)c2c(C)cc(Br)cc2C(=O)NO)cc1,COc1ccc(S(=O)(=O)N(Cc2cccnc2)c2c(C)cccc2C(=O)NO)cc1,O=S(=O)(c1ccccc1)N(Cc1cccnc1)c1ccccc1,O=S(=O)(c1ccccc1)N(Cc1cccnc1)c1ccccc1,True,False,False,source_identity,1.0,0.819672131147541,506.37800000000016,427.48200000000014,78.89600000000002,False,3.675620000000001,2.91312,0.7625000000000011,True,0.3740614499694089,0.44330794633881315,0.06924649636940428,True,,,,,,,,,,,,,,,,
edit_latent_scaffold_source_rerank,mpair_00003223_cond_01_3p,mpair_00003223,eval,3,"MW,LogP,QED",COc1ccc(S(=O)(=O)N(Cc2cccnc2)c2c(C)cc(Br)cc2C(=O)NO)cc1,COc1ccc(S(=O)(=O)N(Cc2cccnc2)c2c(C)cccc2C(=O)NO)cc1,COc1ccc(S(=O)(=O)N(Cc2cccnc2)c2c(C)cc(Br)cc2C(=O)NO)cc1,O=S(=O)(c1ccccc1)N(Cc1cccnc1)c1ccccc1,O=S(=O)(c1ccccc1)N(Cc1cccnc1)c1ccccc1,True,False,False,source_identity,1.0,0.819672131147541,427.48200000000014,506.37800000000016,78.89600000000002,False,2.91312,3.675620000000001,0.7625000000000011,True,0.44330794633881315,0.3740614499694089,0.06924649636940428,True,,,,,,,,,,,,,,,,
edit_latent_scaffold_source_rerank,mpair_00003535_cond_02_3p,mpair_00003535,eval,3,"MW,LogP,QED",O=S(=O)(CC(F)(F)F)N(Cc1cccnc1)c1cccc(OC(F)(F)F)c1,COc1cccc(N(Cc2cccnc2)S(=O)(=O)CC(F)(F)F)c1,O=S(=O)(CC(F)(F)F)N(Cc1cccnc1)c1cccc(OC(F)(F)F)c1,c1ccc(NCc2cccnc2)cc1,c1ccc(NCc2cccnc2)cc1,True,False,False,source_identity,1.0,0.8076923076923077,360.3570000000001,414.32700000000006,53.96999999999997,False,2.988900000000002,3.8789000000000025,0.8900000000000006,True,0.7946521442277092,0.6736163493728189,0.12103579485489036,False,,,,,,,,,,,,,,,,
edit_latent_scaffold_source_rerank,mpair_00003540_cond_01_3p,mpair_00003540,eval,3,"QED,TPSA,HBA",CCCC(C)Oc1cccc(N(Cc2cccnc2)S(=O)(=O)CC(F)(F)F)c1,CCOC(=O)C(C)Oc1cccc(N(Cc2cccnc2)S(=O)(=O)CC(F)(F)F)c1,CCCC(C)Oc1cccc(N(Cc2cccnc2)S(=O)(=O)CC(F)(F)F)c1,c1ccc(NCc2cccnc2)cc1,c1ccc(NCc2cccnc2)cc1,True,False,False,source_identity,1.0,0.746031746031746,,,,,,,,,0.5496815697636838,0.6018859517288218,0.05220438196513799,True,85.80000000000001,59.5,26.30000000000001,False,,,,,6.0,4.0,2.0,False,,,,
edit_latent_scaffold_source_rerank,mpair_00003546_cond_02_3p,mpair_00003546,eval,3,"MW,LogP,QED",COc1cccc(N(Cc2cccnc2)S(=O)(=O)CC(F)(F)F)c1,CCCC(C)Oc1cccc(N(Cc2cccnc2)S(=O)(=O)CC(F)(F)F)c1,COc1cccc(N(Cc2cccnc2)S(=O)(=O)CC(F)(F)F)c1,c1ccc(NCc2cccnc2)cc1,c1ccc(NCc2cccnc2)cc1,True,False,False,source_identity,1.0,0.7413793103448276,416.4650000000001,360.3570000000001,56.108000000000004,False,4.547700000000003,2.988900000000002,1.5588000000000015,False,0.6018859517288218,0.7946521442277092,0.1927661924988875,False,,,,,,,,,,,,,,,,
edit_latent_scaffold_source_rerank,mpair_00000014_cond_02_4p,mpair_00000014,eval,4,"MW,LogP,TPSA,HBA",O=C(O)[C@@H]1C[C@H]2C[C@@H](CCS(=O)(=O)O)CC[C@H]2CN1,O=C(O)CC[C@H]1CC[C@H]2CN[C@H](C(=O)O)C[C@H]2C1,O=C(O)[C@@H]1C[C@H]2C[C@@H](CCS(=O)(=O)O)CC[C@H]2CN1,C1CC[C@H]2CNCC[C@H]2C1,C1CC[C@H]2CNCC[C@H]2C1,True,False,False,source_identity,1.0,0.6829268292682927,255.314,291.36899999999997,36.05499999999998,False,1.3301999999999996,0.7433000000000001,0.5868999999999995,True,,,,,86.63000000000001,103.7,17.069999999999993,True,,,,,3.0,4.0,1.0,True,,,,
edit_latent_scaffold_source_rerank,mpair_00000322_cond_02_4p,mpair_00000322,eval,4,"MW,LogP,QED,HBA",N[C@@H](C(=O)N[C@@H]1C(=O)N2C(C(=O)O)=C(C(F)(F)F)CC[C@H]12)c1cccc(C(F)(F)F)c1,CSC1=C(C(=O)O)N2C(=O)[C@@H](NC(=O)[C@H](N)c3ccccc3)[C@H]2CC1,N[C@@H](C(=O)N[C@@H]1C(=O)N2C(C(=O)O)=C(C(F)(F)F)CC[C@H]12)c1cccc(C(F)(F)F)c1,O=C(Cc1ccccc1)N[C@@H]1C(=O)N2C=CCC[C@H]12,O=C(Cc1ccccc1)N[C@@H]1C(=O)N2C=CCC[C@H]12,True,False,False,source_identity,1.0,0.5757575757575758,361.42300000000006,451.3230000000001,89.90000000000003,False,0.8350000000000002,2.0955999999999997,1.2605999999999995,False,0.6699274889764619,0.4795891963980345,0.19033829257842744,False,,,,,,,,,5.0,4.0,1.0,True,,,,
edit_latent_scaffold_source_rerank,mpair_00000326_cond_02_4p,mpair_00000326,eval,4,"MW,QED,TPSA,HBD",N[C@@H](C(=O)N[C@@H]1C(=O)N2C(C(=O)O)=C(C(F)(F)F)CC[C@H]12)c1ccc(O)cc1,CSC1=C(C(=O)O)N2C(=O)[C@@H](NC(=O)[C@H](N)c3ccccc3)[C@H]2CC1,N[C@@H](C(=O)N[C@@H]1C(=O)N2C(C(=O)O)=C(C(F)(F)F)CC[C@H]12)c1ccc(O)cc1,O=C(Cc1ccccc1)N[C@@H]1C(=O)N2C=CCC[C@H]12,O=C(Cc1ccccc1)N[C@@H]1C(=O)N2C=CCC[C@H]12,True,False,False,source_identity,1.0,0.5873015873015873,361.42300000000006,399.3250000000001,37.902000000000044,False,,,,,0.6699274889764619,0.5533729404309352,0.11655454854552671,False,112.73,132.96,20.230000000000004,False,3.0,4.0,1.0,True,,,,,,,,
edit_latent_scaffold_source_rerank,mpair_00000339_cond_02_4p,mpair_00000339,eval,4,"MW,LogP,HBD,HBA",N[C@@H](C(=O)N[C@@H]1C(=O)N2C(C(=O)O)=C(C(F)(F)F)CC[C@H]12)c1cccc(C(F)(F)F)c1,N[C@@H](C(=O)N[C@@H]1C(=O)N2C(C(=O)O)=C(C(F)(F)F)CC[C@H]12)c1ccc(O)cc1,N[C@@H](C(=O)N[C@@H]1C(=O)N2C(C(=O)O)=C(C(F)(F)F)CC[C@H]12)c1cccc(C(F)(F)F)c1,O=C(Cc1ccccc1)N[C@@H]1C(=O)N2C=CCC[C@H]12,O=C(Cc1ccccc1)N[C@@H]1C(=O)N2C=CCC[C@H]12,True,False,False,source_identity,1.0,0.7377049180327869,399.3250000000001,451.3230000000001,51.99799999999999,False,0.7823999999999993,2.0955999999999997,1.3132000000000004,False,,,,,,,,,4.0,3.0,1.0,True,5.0,4.0,1.0,True,,,,
edit_latent_scaffold_source_rerank,mpair_00000588_cond_02_4p,mpair_00000588,eval,4,"QED,TPSA,HBD,HBA",OC[C@@H]1N[C@@H](CCCCc2ccc(O)cc2)[C@H](O)[C@H]1O,OC[C@@H]1N[C@@H](CCCCc2cc(F)cc(F)c2)[C@H](O)[C@H]1O,OC[C@@H]1N[C@@H](CCCCc2ccc(O)cc2)[C@H](O)[C@H]1O,c1ccc(CCCC[C@H]2CCCN2)cc1,c1ccc(CCCC[C@H]2CCCN2)cc1,True,False,False,source_identity,1.0,0.625,,,,,,,,,0.5846986769843887,0.47902706341404183,0.10567161357034688,False,72.72,92.95,20.230000000000004,False,4.0,5.0,1.0,True,4.0,5.0,1.0,True,,,,
edit_latent_scaffold_source_rerank,mpair_00000728_cond_00_4p,mpair_00000728,eval,4,"MW,LogP,HBD,RB",C=CCc1cc(/C=C2\SC(=O)NC2=O)c(OC)cc1OC1CCCCO1,C=CCc1cc(/C=C2\SC(=O)N(CCCC)C2=O)c(OC)cc1OC1CCCCO1,C=CCc1cc(/C=C2\SC(=O)NC2=O)c(OC)cc1OC1CCCCO1,O=C1NC(=O)/C(=C/c2ccc(OC3CCCCO3)cc2)S1,O=C1NC(=O)/C(=C/c2ccc(OC3CCCCO3)cc2)S1,True,False,False,source_identity,1.0,0.6571428571428571,431.55400000000026,375.4460000000002,56.10800000000006,False,5.165500000000004,3.6530000000000022,1.512500000000002,False,,,,,,,,,0.0,1.0,1.0,True,,,,,9.0,6.0,3.0,False
edit_latent_scaffold_source_rerank,mpair_00000735_cond_02_4p,mpair_00000735,eval,4,"MW,LogP,QED,HBD",C=CCc1cc(/C=C2\SC(=O)N(CC=C(C)C)C2=O)c(OC)cc1OC1CCCCO1,C=CCc1cc(/C=C2\SC(=O)NC2=O)c(OC)cc1OC1CCCCO1,C=CCc1cc(/C=C2\SC(=O)N(CC=C(C)C)C2=O)c(OC)cc1OC1CCCCO1,O=C1NC(=O)/C(=C/c2ccc(OC3CCCCO3)cc2)S1,O=C1NC(=O)/C(=C/c2ccc(OC3CCCCO3)cc2)S1,True,False,False,source_identity,1.0,0.647887323943662,375.4460000000002,443.5650000000003,68.11900000000009,False,3.6530000000000022,5.331600000000005,1.678600000000003,False,0.6042673504148035,0.3995752918375223,0.20469205857728123,False,,,,,1.0,0.0,1.0,True,,,,,,,,
edit_latent_scaffold_source_rerank,mpair_00000753_cond_02_4p,mpair_00000753,eval,4,"MW,TPSA,HBA,RB",O=C1CCC[C@H]2OC[C@@H](Cc3c[nH]c4ccccc34)N12,COC(=O)C[C@@H]1CC(=O)N2[C@H](Cc3c[nH]c4ccccc34)CO[C@@H]2C1,O=C1CCC[C@H]2OC[C@@H](Cc3c[nH]c4ccccc34)N12,O=C1CCC[C@H]2OC[C@@H](Cc3c[nH]c4ccccc34)N12,O=C1CCC[C@H]2OC[C@@H](Cc3c[nH]c4ccccc34)N12,True,False,False,source_identity,1.0,0.578125,342.39500000000015,270.33200000000005,72.0630000000001,False,,,,,,,,,71.63000000000001,45.330000000000005,26.300000000000004,False,,,,,4.0,2.0,2.0,False,4.0,2.0,2.0,False
edit_latent_scaffold_source_rerank,mpair_00001118_cond_00_4p,mpair_00001118,eval,4,"QED,HBD,HBA,RB",Cc1ccc(N2CCN(CCC3NC(=O)c4ccccc43)CC2)cc1C,COc1ccc(N2CCN(CCC3c4ccccc4C(=O)N3C)CC2)cc1,Cc1ccc(N2CCN(CCC3NC(=O)c4ccccc43)CC2)cc1C,O=C1NC(CCN2CCN(c3ccccc3)CC2)c2ccccc21,O=C1NC(CCN2CCN(c3ccccc3)CC2)c2ccccc21,True,False,False,source_identity,1.0,0.4444444444444444,,,,,,,,,0.8160326048332845,0.9198864151307602,0.10385381029747565,False,,,,,0.0,1.0,1.0,True,4.0,3.0,1.0,True,5.0,4.0,1.0,True
edit_latent_scaffold_source_rerank,mpair_00001616_cond_00_4p,mpair_00001616,eval,4,"QED,TPSA,HBA,RB",CC1CC(C)(C)Nc2ccc3c(c21)COc1c-3cc(F)cc1[N+](=O)[O-],CC1CC(C)(C)Nc2ccc3c(c21)COc1c(F)cc(F)cc1-3,CC1CC(C)(C)Nc2ccc3c(c21)COc1c-3cc(F)cc1[N+](=O)[O-],c1ccc2c(c1)OCc1c-2ccc2c1CCCN2,c1ccc2c(c1)OCc1c-2ccc2c1CCCN2,True,False,False,source_identity,1.0,0.7321428571428571,,,,,,,,,0.719238819171056,0.5855235809891088,0.1337152381819472,False,21.259999999999998,64.39999999999999,43.13999999999999,False,,,,,2.0,4.0,2.0,False,0.0,1.0,1.0,True
edit_latent_scaffold_source_rerank,mpair_00001619_cond_00_4p,mpair_00001619,eval,4,"QED,TPSA,HBA,RB",CC1CC(C)(C)Nc2ccc3c(c21)COc1c-3cc(F)cc1[N+](=O)[O-],Cc1cc(F)cc2c1OCc1c-2ccc2c1C(C)CC(C)(C)N2,CC1CC(C)(C)Nc2ccc3c(c21)COc1c-3cc(F)cc1[N+](=O)[O-],c1ccc2c(c1)OCc1c-2ccc2c1CCCN2,c1ccc2c(c1)OCc1c-2ccc2c1CCCN2,True,False,False,source_identity,1.0,0.7192982456140351,,,,,,,,,0.7039179552802654,0.5855235809891088,0.11839437429115651,False,21.259999999999998,64.39999999999999,43.13999999999999,False,,,,,2.0,4.0,2.0,False,0.0,1.0,1.0,True
edit_latent_scaffold_source_rerank,mpair_00002471_cond_01_4p,mpair_00002471,eval,4,"MW,LogP,TPSA,RB",CN(C)CCCOc1cc(C(=O)Nc2ccc(Cl)cc2F)n(Cc2ccccc2)n1,COc1cc(NC(=O)c2cc(OCCCN(C)C)nn2Cc2ccccc2)cc(OC)c1OC,CN(C)CCCOc1cc(C(=O)Nc2ccc(Cl)cc2F)n(Cc2ccccc2)n1,O=C(Nc1ccccc1)c1ccnn1Cc1ccccc1,O=C(Nc1ccccc1)c1ccnn1Cc1ccccc1,True,False,False,source_identity,1.0,0.6376811594202898,468.5540000000002,430.9110000000001,37.643000000000086,False,3.5400000000000027,4.306700000000003,0.7667000000000002,True,,,,,87.08000000000001,59.39,27.690000000000012,False,,,,,,,,,12.0,9.0,3.0,False
edit_latent_scaffold_source_rerank,mpair_00002483_cond_02_4p,mpair_00002483,eval,4,"LogP,TPSA,HBA,RB",COc1cc(NC(=O)c2cc(OCCCN(C)C)nn2Cc2ccccc2)cc(OC)c1OC,CN(C)CCCOc1cc(C(=O)Nc2ccc(OC(F)(F)F)cc2)n(Cc2ccccc2)n1,COc1cc(NC(=O)c2cc(OCCCN(C)C)nn2Cc2ccccc2)cc(OC)c1OC,O=C(Nc1ccccc1)c1ccnn1Cc1ccccc1,O=C(Nc1ccccc1)c1ccnn1Cc1ccccc1,True,False,False,source_identity,1.0,0.6764705882352942,,,,,4.412800000000003,3.5400000000000027,0.8728000000000007,True,,,,,68.62,87.08000000000001,18.460000000000008,True,,,,,6.0,8.0,2.0,False,10.0,12.0,2.0,False
edit_latent_scaffold_source_rerank,mpair_00002509_cond_01_4p,mpair_00002509,eval,4,"MW,LogP,QED,TPSA",CSc1cc(-c2ccc(Br)cc2)oc(=O)c1C#N,CSc1cc(-c2ccc(Br)cc2)oc(=O)c1Br,CSc1cc(-c2ccc(F)cc2)oc(=O)c1,O=c1cccc(-c2ccccc2)o1,O=c1cccc(-c2ccccc2)o1,True,False,False,,0.3469387755102041,0.38636363636363635,376.0690000000001,236.26699999999997,139.8020000000001,False,4.553700000000002,3.1678000000000024,1.3858999999999995,False,0.7207772389894862,0.7501191134076561,0.029341874418169933,True,30.21,30.21,0.0,True,,,,,,,,,,,,
edit_latent_scaffold_source_rerank,mpair_00002541_cond_00_4p,mpair_00002541,eval,4,"MW,QED,TPSA,RB",CCOC(=O)c1c(SC)c(C#N)c(-c2ccc(Br)cc2)oc1=O,CSc1cc(-c2ccc(Br)cc2)oc(=O)c1C#N,CSc1cc(-c2ccc(F)cc2)oc(=O)c1,O=c1cccc(-c2ccccc2)o1,O=c1cccc(-c2ccccc2)o1,True,False,False,,0.203125,0.3469387755102041,322.1830000000001,236.26699999999997,85.91600000000014,False,,,,,0.791886779601309,0.7501191134076561,0.04176766619365291,True,54.0,30.21,23.79,False,,,,,,,,,2.0,2.0,0.0,True
edit_latent_scaffold_source_rerank,mpair_00002559_cond_00_4p,mpair_00002559,eval,4,"MW,LogP,QED,RB",CN(C(=O)n1nc(-c2ccc(Cl)cc2)nc1SCC(F)(F)F)c1ccccc1,CSc1nc(-c2ccc(C)cc2)nn1C(=O)N(C)c1ccccc1,CN(C(=O)n1nc(-c2ccc(Cl)cc2)nc1SCC(F)(F)F)c1ccccc1,O=C(Nc1ccccc1)n1cnc(-c2ccccc2)n1,O=C(Nc1ccccc1)n1cnc(-c2ccccc2)n1,True,False,False,source_identity,1.0,0.5862068965517241,338.43600000000004,426.8510000000001,88.41500000000008,False,4.079920000000002,5.357400000000003,1.2774800000000006,False,0.6753188675979567,0.5270344401044634,0.14828442749349324,False,,,,,,,,,,,,,3.0,4.0,1.0,True
edit_latent_scaffold_source_rerank,mpair_00002569_cond_01_4p,mpair_00002569,eval,4,"TPSA,HBD,HBA,RB",COc1cc(C(=O)N2CCN(C(=O)c3cc(OC)c(OC)c(OC)c3)CC2)cc(OC)c1OC,COc1cc(C(=O)N2CCN(C(=O)c3cc(OC)c(OC)c(OC)c3)C(CO)C2)cc(OC)c1OC,COc1cc(C(=O)N2CCN(C(=O)c3cc(OC)c(OC)c(OC)c3)CC2)cc(OC)c1OC,O=C(c1ccccc1)N1CCN(C(=O)c2ccccc2)CC1,O=C(c1ccccc1)N1CCN(C(=O)c2ccccc2)CC1,True,False,False,source_identity,1.0,0.6341463414634146,,,,,,,,,,,,,116.23000000000002,96.00000000000001,20.230000000000004,False,1.0,0.0,1.0,True,9.0,8.0,1.0,True,9.0,8.0,1.0,True
edit_latent_scaffold_source_rerank,mpair_00002581_cond_00_4p,mpair_00002581,eval,4,"LogP,QED,TPSA,HBA",COc1cc(C(=O)N2CCN(C(=O)c3cc(OC)c(OC)c(OC)c3)C(COC(=O)CC(C)(C)C)C2)cc(OC)c1OC,COc1cc(C(=O)N2CCN(C(=O)c3cc(OC)c(OC)c(OC)c3)CC2)cc(OC)c1OC,COc1cc(C(=O)N2CCN(C(=O)c3cc(OC)c(OC)c(OC)c3)C(COC(=O)CC(C)(C)C)C2)cc(OC)c1OC,O=C(c1ccccc1)N1CCN(C(=O)c2ccccc2)CC1,O=C(c1ccccc1)N1CCN(C(=O)c2ccccc2)CC1,True,False,False,source_identity,1.0,0.52,,,,,2.3364000000000003,3.684400000000003,1.3480000000000025,False,0.5754127815390553,0.3521539372279048,0.2232588443111505,False,96.00000000000001,122.30000000000001,26.299999999999997,False,,,,,8.0,10.0,2.0,False,,,,
edit_latent_scaffold_source_rerank,mpair_00002592_cond_00_4p,mpair_00002592,eval,4,"MW,QED,TPSA,RB",COc1cc(C(=O)N2CCN(C(=O)c3cc(OC)c(OC)c(OC)c3)CC2)cc(OC)c1OC,COc1cc(C(=O)N2CCN(C(=O)c3cc(OC)c(OC)c(OC)c3)C(COC(C)=O)C2)cc(OC)c1OC,COc1cc(C(=O)N2CCN(C(=O)c3cc(OC)c(OC)c(OC)c3)CC2)cc(OC)c1OC,O=C(c1ccccc1)N1CCN(C(=O)c2ccccc2)CC1,O=C(c1ccccc1)N1CCN(C(=O)c2ccccc2)CC1,True,False,False,source_identity,1.0,0.5777777777777777,546.5730000000003,474.51000000000033,72.06299999999999,False,,,,,0.41028124355120477,0.5754127815390553,0.16513153798785052,False,122.30000000000001,96.00000000000001,26.299999999999997,False,,,,,,,,,10.0,8.0,2.0,False
edit_latent_scaffold_source_rerank,mpair_00002596_cond_00_4p,mpair_00002596,eval,4,"TPSA,HBD,HBA,RB",COc1ccc(C(=O)Nc2c(F)cncc2F)c2ccc(C(F)(F)F)nc12,COc1ccc(C(=O)Nc2c(Cl)cncc2Cl)c2ccc(C(C)O)nc12,COc1ccc(C(=O)Nc2c(F)cncc2F)c2ccc(C(F)(F)F)nc12,O=C(Nc1ccncc1)c1cccc2ncccc12,O=C(Nc1ccncc1)c1cccc2ncccc12,True,False,False,source_identity,1.0,0.532258064516129,,,,,,,,,,,,,84.34,64.11,20.230000000000004,False,2.0,1.0,1.0,True,5.0,4.0,1.0,True,4.0,3.0,1.0,True
edit_latent_scaffold_source_rerank,mpair_00002607_cond_02_4p,mpair_00002607,eval,4,"MW,LogP,HBA,RB",COc1ccc(C(=O)Nc2ccncc2Cl)c2cccnc12,COc1ccc(C(=O)Nc2c(Cl)cncc2Cl)c2ccc(C(C)=O)nc12,COc1ccc(C(=O)Nc2ccncc2Cl)c2cccnc12,O=C(Nc1ccncc1)c1cccc2ncccc12,O=C(Nc1ccncc1)c1cccc2ncccc12,True,False,False,source_identity,1.0,0.5081967213114754,390.22600000000017,313.744,76.48200000000014,False,4.400100000000002,3.544100000000002,0.8559999999999999,True,,,,,,,,,,,,,5.0,4.0,1.0,True,4.0,3.0,1.0,True
edit_latent_scaffold_source_rerank,mpair_00002617_cond_01_4p,mpair_00002617,eval,4,"QED,TPSA,HBA,RB",COc1ccc(C(=O)Nc2c(Cl)cncc2Cl)c2ccc(C(C)=O)nc12,COc1ccc(C(=O)Nc2ccncc2Cl)c2ccc(C(F)(F)F)nc12,COc1ccc(C(=O)Nc2c(Cl)cncc2Cl)c2ccc(C(C)=O)nc12,O=C(Nc1ccncc1)c1cccc2ncccc12,O=C(Nc1ccncc1)c1cccc2ncccc12,True,True,True,source_identity,1.0,0.5396825396825397,,,,,,,,,0.7218484507203837,0.6681926051832562,0.053655845537127544,True,64.11,81.17999999999999,17.069999999999993,True,,,,,4.0,5.0,1.0,True,3.0,4.0,1.0,True
edit_latent_scaffold_source_rerank,mpair_00002625_cond_00_4p,mpair_00002625,eval,4,"MW,QED,HBA,RB",COc1ccc(C(=O)Nc2c(Cl)cncc2Cl)c2ccc(C(C)O)nc12,COc1ccc(C(=O)Nc2c(Cl)cncc2Cl)c2cccnc12,COc1ccc(C(=O)Nc2c(Cl)cncc2Cl)c2ccc(C(C)O)nc12,O=C(Nc1ccncc1)c1cccc2ncccc12,O=C(Nc1ccncc1)c1cccc2ncccc12,True,False,False,source_identity,1.0,0.6428571428571429,348.1890000000001,392.24200000000013,44.053000000000054,False,,,,,0.7706046174674384,0.6936033323496321,0.07700128511780624,True,,,,,,,,,4.0,5.0,1.0,True,3.0,4.0,1.0,True
edit_latent_scaffold_source_rerank,mpair_00003114_cond_00_4p,mpair_00003114,eval,4,"MW,LogP,QED,RB",CCCCc1nnc2nc(C)c(C)c(=O)n2n1,Cc1nc2nncnn2c(=O)c1C,CCCCc1nnc2nc(C)c(C)c(=O)n2n1,O=c1ccnc2nncnn12,O=c1ccnc2nncnn12,True,False,False,source_identity,1.0,0.4418604651162791,177.167,233.275,56.108000000000004,False,-0.5036600000000002,0.8389399999999998,1.3426,False,0.541825521381232,0.7849999676400611,0.2431744462588291,False,,,,,,,,,,,,,0.0,3.0,3.0,False
edit_latent_scaffold_source_rerank,mpair_00003200_cond_00_4p,mpair_00003200,eval,4,"QED,HBD,HBA,RB",CCOC(=O)c1ccc(NCCCCCCc2cccs2)cc1,O=C(O)c1ccc(NCCCCCCc2cccs2)cc1,CCOC(=O)c1ccc(NCCCCCCc2cccs2)cc1,c1ccc(NCCCCCCc2cccs2)cc1,c1ccc(NCCCCCCc2cccs2)cc1,True,False,False,source_identity,1.0,0.7021276595744681,,,,,,,,,0.6622761596792913,0.48374526985121774,0.17853088982807358,False,,,,,2.0,1.0,1.0,True,3.0,4.0,1.0,True,9.0,10.0,1.0,True
edit_latent_scaffold_source_rerank,mpair_00003215_cond_01_4p,mpair_00003215,eval,4,"QED,TPSA,HBA,RB",COC(=O)c1ccc2c(Nc3ccc(Cl)cc3)nc(N3CCOCC3)nc2c1,Clc1ccc(Nc2nc(N3CCOCC3)nc3ccccc23)cc1,COC(=O)c1ccc2c(Nc3ccc(Cl)cc3)nc(N3CCOCC3)nc2c1,c1ccc(Nc2nc(N3CCOCC3)nc3ccccc23)cc1,c1ccc(Nc2nc(N3CCOCC3)nc3ccccc23)cc1,True,False,False,source_identity,1.0,0.631578947368421,,,,,,,,,0.784150666451108,0.6719222545699903,0.11222841188111765,False,50.28,76.58,26.299999999999997,False,,,,,5.0,7.0,2.0,False,3.0,4.0,1.0,True
edit_latent_scaffold_source_rerank,mpair_00003222_cond_01_4p,mpair_00003222,eval,4,"QED,TPSA,HBA,RB",COc1ccc(S(=O)(=O)N(Cc2cccnc2)c2c(C)cc(Br)cc2C(=O)NO)cc1,COC(=O)c1cccc(C(=O)NO)c1N(Cc1cccnc1)S(=O)(=O)c1ccc(OC)cc1,COc1ccc(S(=O)(=O)N(Cc2cccnc2)c2c(C)cc(Br)cc2C(=O)NO)cc1,O=S(=O)(c1ccccc1)N(Cc1cccnc1)c1ccccc1,O=S(=O)(c1ccccc1)N(Cc1cccnc1)c1ccccc1,True,False,False,source_identity,1.0,0.734375,,,,,,,,,0.29046454626646695,0.3740614499694089,0.08359690370294193,True,135.13,108.83000000000001,26.299999999999983,False,,,,,8.0,6.0,2.0,False,8.0,7.0,1.0,True
edit_latent_scaffold_source_rerank,mpair_00003532_cond_02_4p,mpair_00003532,eval,4,"LogP,QED,TPSA,HBA",CCOC(=O)C(C)Oc1cccc(N(Cc2cccnc2)S(=O)(=O)CC(F)(F)F)c1,CCCC(C)Oc1cccc(N(Cc2cccnc2)S(=O)(=O)CC(F)(F)F)c1,CCOC(=O)C(C)Oc1cccc(N(Cc2cccnc2)S(=O)(=O)CC(F)(F)F)c1,c1ccc(NCc2cccnc2)cc1,c1ccc(NCc2cccnc2)cc1,True,False,False,source_identity,1.0,0.746031746031746,,,,,4.547700000000003,3.3107000000000024,1.237000000000001,False,0.6018859517288218,0.5496815697636838,0.05220438196513799,True,59.5,85.80000000000001,26.30000000000001,False,,,,,4.0,6.0,2.0,False,,,,
edit_latent_scaffold_source_rerank,mpair_00003537_cond_01_4p,mpair_00003537,eval,4,"MW,LogP,TPSA,RB",CC(C)COc1cccc(N(Cc2cccnc2)S(=O)(=O)CC(F)(F)F)c1,CCOC(=O)C(C)Oc1cccc(N(Cc2cccnc2)S(=O)(=O)CC(F)(F)F)c1,CC(C)COc1cccc(N(Cc2cccnc2)S(=O)(=O)CC(F)(F)F)c1,c1ccc(NCc2cccnc2)cc1,c1ccc(NCc2cccnc2)cc1,True,False,False,source_identity,1.0,0.6984126984126984,446.4470000000001,402.43800000000005,44.00900000000007,False,3.3107000000000024,4.015100000000003,0.7044000000000006,True,,,,,85.80000000000001,59.5,26.30000000000001,False,,,,,,,,,9.0,8.0,1.0,True
edit_latent_scaffold_source_rerank,mpair_00000013_cond_00_5p,mpair_00000013,eval,5,"MW,LogP,QED,HBA,RB",COc1cccc(C(=O)N2C[C@H](CN3CCC(c4ccccc4)CC3)[C@@H](c3ccccc3)C2)c1,O=C(c1ccccc1C(F)(F)F)N1C[C@H](CN2CCC(c3ccccc3)CC2)[C@@H](c2ccccc2)C1,COc1cccc(C(=O)N2C[C@H](CN3CCC(c4ccccc4)CC3)[C@@H](c3ccccc3)C2)c1,O=C(c1ccccc1)N1C[C@H](CN2CCC(c3ccccc3)CC2)[C@@H](c2ccccc2)C1,O=C(c1ccccc1)N1C[C@H](CN2CCC(c3ccccc3)CC2)[C@@H](c2ccccc2)C1,True,False,False,source_identity,1.0,0.578125,492.5850000000002,454.61400000000015,37.97100000000006,False,6.4408000000000065,5.430600000000005,1.010200000000001,False,0.4092272471712491,0.49786269936596683,0.08863545219471775,True,,,,,,,,,2.0,3.0,1.0,True,5.0,6.0,1.0,True
edit_latent_scaffold_source_rerank,mpair_00000327_cond_01_5p,mpair_00000327,eval,5,"MW,LogP,QED,HBA,RB",CSC1=C(C(=O)O)N2C(=O)[C@@H](NC(=O)[C@H](N)c3ccccc3)[C@H]2CC1,N[C@@H](C(=O)N[C@@H]1C(=O)N2C(C(=O)O)=C(C(F)(F)F)CC[C@H]12)c1cccc(C(F)(F)F)c1,CSC1=C(C(=O)O)N2C(=O)[C@@H](NC(=O)[C@H](N)c3ccccc3)[C@H]2CC1,O=C(Cc1ccccc1)N[C@@H]1C(=O)N2C=CCC[C@H]12,O=C(Cc1ccccc1)N[C@@H]1C(=O)N2C=CCC[C@H]12,True,False,False,source_identity,1.0,0.5757575757575758,451.3230000000001,361.42300000000006,89.90000000000003,False,2.0955999999999997,0.8350000000000002,1.2605999999999995,False,0.4795891963980345,0.6699274889764619,0.19033829257842744,False,,,,,,,,,4.0,5.0,1.0,True,4.0,5.0,1.0,True
edit_latent_scaffold_source_rerank,mpair_00000335_cond_02_5p,mpair_00000335,eval,5,"MW,LogP,TPSA,HBD,HBA",N[C@@H](C(=O)N[C@@H]1C(=O)N2C(C(=O)O)=C(C(F)(F)F)CC[C@H]12)c1cccc(Br)c1,N[C@@H](C(=O)N[C@@H]1C(=O)N2C(C(=O)O)=C(C(F)(F)F)CC[C@H]12)c1ccc(O)cc1,N[C@@H](C(=O)N[C@@H]1C(=O)N2C(C(=O)O)=C(C(F)(F)F)CC[C@H]12)c1cccc(Br)c1,O=C(Cc1ccccc1)N[C@@H]1C(=O)N2C=CCC[C@H]12,O=C(Cc1ccccc1)N[C@@H]1C(=O)N2C=CCC[C@H]12,True,False,False,source_identity,1.0,0.7377049180327869,399.3250000000001,462.2220000000001,62.89699999999999,False,0.7823999999999993,1.8392999999999997,1.0569000000000004,False,,,,,132.96,112.73,20.230000000000004,False,4.0,3.0,1.0,True,5.0,4.0,1.0,True,,,,
edit_latent_scaffold_source_rerank,mpair_00000588_cond_00_5p,mpair_00000588,eval,5,"LogP,QED,TPSA,HBD,HBA",OC[C@@H]1N[C@@H](CCCCc2ccc(O)cc2)[C@H](O)[C@H]1O,OC[C@@H]1N[C@@H](CCCCc2cc(F)cc(F)c2)[C@H](O)[C@H]1O,OC[C@@H]1N[C@@H](CCCCc2ccc(O)cc2)[C@H](O)[C@H]1O,c1ccc(CCCC[C@H]2CCCN2)cc1,c1ccc(CCCC[C@H]2CCCN2)cc1,True,False,False,source_identity,1.0,0.625,,,,,0.7320999999999995,0.15949999999999964,0.5725999999999999,True,0.5846986769843887,0.47902706341404183,0.10567161357034688,False,72.72,92.95,20.230000000000004,False,4.0,5.0,1.0,True,4.0,5.0,1.0,True,,,,
edit_latent_scaffold_source_rerank,mpair_00000765_cond_01_5p,mpair_00000765,eval,5,"MW,LogP,QED,HBA,RB",COc1cccc(-c2cncc(O[C@@H]3CCNC3)c2)c1,Clc1cccc(-c2cc(O[C@@H]3CCNC3)cnc2Cl)c1,COc1cccc(-c2cncc(O[C@@H]3CCNC3)c2)c1,c1ccc(-c2cncc(O[C@@H]3CCNC3)c2)cc1,c1ccc(-c2cncc(O[C@@H]3CCNC3)c2)cc1,True,False,False,source_identity,1.0,0.5,309.196,270.33199999999994,38.86400000000009,False,3.796100000000002,2.4979000000000005,1.2982000000000014,False,0.8758671086324237,0.9267061641096688,0.0508390554772451,True,,,,,,,,,3.0,4.0,1.0,True,3.0,4.0,1.0,True
edit_latent_scaffold_source_rerank,mpair_00002474_cond_01_5p,mpair_00002474,eval,5,"MW,QED,TPSA,HBA,RB",COc1cc(NC(=O)c2cc(OCCCN(C)C)nn2Cc2ccccc2)cc(OC)c1OC,CN(C)CCCOc1cc(C(=O)Nc2ccc(Cl)cc2F)n(Cc2ccccc2)n1,COc1cc(NC(=O)c2cc(OCCCN(C)C)nn2Cc2ccccc2)cc(OC)c1OC,O=C(Nc1ccccc1)c1ccnn1Cc1ccccc1,O=C(Nc1ccccc1)c1ccnn1Cc1ccccc1,True,False,False,source_identity,1.0,0.6376811594202898,430.9110000000001,468.5540000000002,37.643000000000086,False,,,,,0.5138601191048354,0.4069700768443977,0.10689004226043775,False,59.39,87.08000000000001,27.690000000000012,False,,,,,5.0,8.0,3.0,False,9.0,12.0,3.0,False
edit_latent_scaffold_source_rerank,mpair_00002509_cond_00_5p,mpair_00002509,eval,5,"MW,LogP,QED,TPSA,HBA",CSc1cc(-c2ccc(Br)cc2)oc(=O)c1C#N,CSc1cc(-c2ccc(Br)cc2)oc(=O)c1Br,CSc1cc(-c2ccc(F)cc2)oc(=O)c1,O=c1cccc(-c2ccccc2)o1,O=c1cccc(-c2ccccc2)o1,True,False,False,,0.3469387755102041,0.38636363636363635,376.0690000000001,236.26699999999997,139.8020000000001,False,4.553700000000002,3.1678000000000024,1.3858999999999995,False,0.7207772389894862,0.7501191134076561,0.029341874418169933,True,30.21,30.21,0.0,True,,,,,3.0,3.0,0.0,True,,,,
edit_latent_scaffold_source_rerank,mpair_00002543_cond_02_5p,mpair_00002543,eval,5,"MW,QED,TPSA,HBA,RB",CSc1cc(-c2ccc(Br)cc2)oc(=O)c1Cl,CSc1cc(-c2ccc(Cl)cc2)oc(=O)c1C(N)=O,CSc1cc(-c2ccc(F)cc2)oc(=O)c1,O=c1cccc(-c2ccccc2)o1,O=c1cccc(-c2ccccc2)o1,True,False,False,,0.3695652173913043,0.34,295.747,236.26699999999997,59.48000000000005,False,,,,,0.8837306867126842,0.7501191134076561,0.13361157330502804,False,73.30000000000001,30.21,43.09000000000001,False,,,,,4.0,3.0,1.0,True,3.0,2.0,1.0,True
edit_latent_scaffold_source_rerank,mpair_00002579_cond_00_5p,mpair_00002579,eval,5,"MW,LogP,QED,HBD,HBA",COc1cc(C(=O)N2CCN(C(=O)c3cc(OC)c(OC)c(OC)c3)CC2)cc(OC)c1OC,COc1cc(C(=O)N2CCN(C(=O)c3cc(OC)c(OC)c(OC)c3)C(COC(=O)NCCC(C)C)C2)cc(OC)c1OC,COc1cc(C(=O)N2CCN(C(=O)c3cc(OC)c(OC)c(OC)c3)CC2)cc(OC)c1OC,O=C(c1ccccc1)N1CCN(C(=O)c2ccccc2)CC1,O=C(c1ccccc1)N1CCN(C(=O)c2ccccc2)CC1,True,False,False,source_identity,1.0,0.48148148148148145,617.6960000000003,474.51000000000033,143.18599999999992,False,3.4773000000000023,2.3364000000000003,1.140900000000002,False,0.3561059094946873,0.5754127815390553,0.219306872044368,False,,,,,1.0,0.0,1.0,True,10.0,8.0,2.0,False,,,,
edit_latent_scaffold_source_rerank,mpair_00002590_cond_01_5p,mpair_00002590,eval,5,"MW,LogP,QED,HBD,RB",COc1cc(C(=O)N2CCN(C(=O)c3cc(OC)c(OC)c(OC)c3)C(COC(=O)NCCC(C)C)C2)cc(OC)c1OC,COc1cc(C(=O)N2CCN(C(=O)c3cc(OC)c(OC)c(OC)c3)C(COC(C)=O)C2)cc(OC)c1OC,COc1cc(C(=O)N2CCN(C(=O)c3cc(OC)c(OC)c(OC)c3)C(COC(=O)NCCC(C)C)C2)cc(OC)c1OC,O=C(c1ccccc1)N1CCN(C(=O)c2ccccc2)CC1,O=C(c1ccccc1)N1CCN(C(=O)c2ccccc2)CC1,True,False,False,source_identity,1.0,0.7017543859649122,546.5730000000003,617.6960000000003,71.12299999999993,False,2.2681000000000004,3.4773000000000023,1.2092000000000018,False,0.41028124355120477,0.3561059094946873,0.05417533405651748,True,,,,,0.0,1.0,1.0,True,,,,,10.0,13.0,3.0,False
edit_latent_scaffold_source_rerank,mpair_00002625_cond_01_5p,mpair_00002625,eval,5,"MW,QED,TPSA,HBD,RB",COc1ccc(C(=O)Nc2c(Cl)cncc2Cl)c2ccc(C(C)O)nc12,COc1ccc(C(=O)Nc2c(Cl)cncc2Cl)c2cccnc12,COc1ccc(C(=O)Nc2c(Cl)cncc2Cl)c2ccc(C(C)O)nc12,O=C(Nc1ccncc1)c1cccc2ncccc12,O=C(Nc1ccncc1)c1cccc2ncccc12,True,False,False,source_identity,1.0,0.6428571428571429,348.1890000000001,392.24200000000013,44.053000000000054,False,,,,,0.7706046174674384,0.6936033323496321,0.07700128511780624,True,64.11,84.34,20.230000000000004,False,1.0,2.0,1.0,True,,,,,3.0,4.0,1.0,True
edit_latent_scaffold_source_rerank,mpair_00002631_cond_02_5p,mpair_00002631,eval,5,"LogP,TPSA,HBD,HBA,RB",CC(C)(C)[C@H](O)C(=O)N1C[C@H](c2ccccc2)C[C@H]1C(=O)N[C@@H](CC(F)F)C(=O)NCCc1c(F)cc(C(=O)O)cc1F,CC(C)CC(=O)N1C[C@H](c2ccccc2)C[C@H]1C(=O)N[C@@H](CC(F)F)C(=O)NCCc1c(F)cc(C(=O)O)cc1F,CC(C)(C)[C@H](O)C(=O)N1C[C@H](c2ccccc2)C[C@H]1C(=O)N[C@@H](CC(F)F)C(=O)NCCc1c(F)cc(C(=O)O)cc1F,O=C(CNC(=O)[C@@H]1C[C@@H](c2ccccc2)CN1)NCCc1ccccc1,O=C(CNC(=O)[C@@H]1C[C@@H](c2ccccc2)CN1)NCCc1ccccc1,True,False,False,source_identity,1.0,0.7567567567567568,,,,,3.892500000000002,3.253400000000001,0.6391000000000009,True,,,,,115.81000000000002,136.04,20.229999999999976,False,3.0,4.0,1.0,True,4.0,5.0,1.0,True,12.0,11.0,1.0,True
edit_latent_scaffold_source_rerank,mpair_00003217_cond_00_5p,mpair_00003217,eval,5,"MW,QED,TPSA,HBA,RB",Clc1ccc(Nc2nc(N3CCOCC3)nc3ccccc23)cc1,COC(=O)c1ccc2c(Nc3ccc(Cl)cc3)nc(N3CCOCC3)nc2c1,Clc1ccc(Nc2nc(N3CCOCC3)nc3ccccc23)cc1,c1ccc(Nc2nc(N3CCOCC3)nc3ccccc23)cc1,c1ccc(Nc2nc(N3CCOCC3)nc3ccccc23)cc1,True,False,False,source_identity,1.0,0.631578947368421,398.85000000000025,340.81399999999996,58.036000000000286,False,,,,,0.6719222545699903,0.784150666451108,0.11222841188111765,False,76.58,50.28,26.299999999999997,False,,,,,7.0,5.0,2.0,False,4.0,3.0,1.0,True
edit_latent_scaffold_source_rerank,mpair_00000339_cond_01_6p,mpair_00000339,eval,6,"MW,LogP,QED,TPSA,HBD,HBA",N[C@@H](C(=O)N[C@@H]1C(=O)N2C(C(=O)O)=C(C(F)(F)F)CC[C@H]12)c1cccc(C(F)(F)F)c1,N[C@@H](C(=O)N[C@@H]1C(=O)N2C(C(=O)O)=C(C(F)(F)F)CC[C@H]12)c1ccc(O)cc1,N[C@@H](C(=O)N[C@@H]1C(=O)N2C(C(=O)O)=C(C(F)(F)F)CC[C@H]12)c1cccc(C(F)(F)F)c1,O=C(Cc1ccccc1)N[C@@H]1C(=O)N2C=CCC[C@H]12,O=C(Cc1ccccc1)N[C@@H]1C(=O)N2C=CCC[C@H]12,True,False,False,source_identity,1.0,0.7377049180327869,399.3250000000001,451.3230000000001,51.99799999999999,False,0.7823999999999993,2.0955999999999997,1.3132000000000004,False,0.5533729404309352,0.4795891963980345,0.07378374403290072,True,132.96,112.73,20.230000000000004,False,4.0,3.0,1.0,True,5.0,4.0,1.0,True,,,,
edit_latent_scaffold_source_rerank,mpair_00001127_cond_01_6p,mpair_00001127,eval,6,"LogP,QED,TPSA,HBD,HBA,RB",CN1C(=O)c2ccccc2C1CCN1CCN(c2ccc(Cl)cc2)CC1,COc1ccc(N2CCN(CCC3NC(=O)c4ccccc43)CC2)cc1,CN1C(=O)c2ccccc2C1CCN1CCN(c2ccc(Cl)cc2)CC1,O=C1NC(CCN2CCN(c3ccccc3)CC2)c2ccccc21,O=C1NC(CCN2CCN(c3ccccc3)CC2)c2ccccc21,True,True,True,source_identity,1.0,0.48333333333333334,,,,,2.692000000000001,3.679000000000003,0.9870000000000019,True,0.8996022198661571,0.8221231339252668,0.07747908594089026,True,44.81,26.790000000000006,18.019999999999996,True,1.0,0.0,1.0,True,4.0,3.0,1.0,True,5.0,4.0,1.0,True
edit_latent_scaffold_source_rerank,mpair_00002579_cond_01_6p,mpair_00002579,eval,6,"MW,LogP,QED,HBD,HBA,RB",COc1cc(C(=O)N2CCN(C(=O)c3cc(OC)c(OC)c(OC)c3)CC2)cc(OC)c1OC,COc1cc(C(=O)N2CCN(C(=O)c3cc(OC)c(OC)c(OC)c3)C(COC(=O)NCCC(C)C)C2)cc(OC)c1OC,COc1cc(C(=O)N2CCN(C(=O)c3cc(OC)c(OC)c(OC)c3)CC2)cc(OC)c1OC,O=C(c1ccccc1)N1CCN(C(=O)c2ccccc2)CC1,O=C(c1ccccc1)N1CCN(C(=O)c2ccccc2)CC1,True,False,False,source_identity,1.0,0.48148148148148145,617.6960000000003,474.51000000000033,143.18599999999992,False,3.4773000000000023,2.3364000000000003,1.140900000000002,False,0.3561059094946873,0.5754127815390553,0.219306872044368,False,,,,,1.0,0.0,1.0,True,10.0,8.0,2.0,False,13.0,8.0,5.0,False
edit_latent_scaffold_source_rerank,mpair_00002586_cond_00_6p,mpair_00002586,eval,6,"MW,LogP,QED,HBD,HBA,RB",COc1cc(C(=O)N2CCN(C(=O)c3cc(OC)c(OC)c(OC)c3)C(COC(=O)CC(C)(C)C)C2)cc(OC)c1OC,COc1cc(C(=O)N2CCN(C(=O)c3cc(OC)c(OC)c(OC)c3)C(CO)C2)cc(OC)c1OC,COc1cc(C(=O)N2CCN(C(=O)c3cc(OC)c(OC)c(OC)c3)C(COC(=O)CC(C)(C)C)C2)cc(OC)c1OC,O=C(c1ccccc1)N1CCN(C(=O)c2ccccc2)CC1,O=C(c1ccccc1)N1CCN(C(=O)c2ccccc2)CC1,True,False,False,source_identity,1.0,0.6792452830188679,504.53600000000034,602.6810000000004,98.14500000000004,False,1.6973000000000003,3.684400000000003,1.9871000000000025,False,0.544633228323374,0.3521539372279048,0.19247929109546924,False,,,,,1.0,0.0,1.0,True,9.0,10.0,1.0,True,9.0,11.0,2.0,False
edit_latent_scaffold_source_rerank,mpair_00002613_cond_01_6p,mpair_00002613,eval,6,"LogP,QED,TPSA,HBD,HBA,RB",COc1ccc(C(=O)Nc2ccncc2Cl)c2cccnc12,COc1ccc(C(=O)Nc2c(Cl)cncc2Cl)c2ccc(C(C)O)nc12,COc1ccc(C(=O)Nc2ccncc2Cl)c2cccnc12,O=C(Nc1ccncc1)c1cccc2ncccc12,O=C(Nc1ccncc1)c1cccc2ncccc12,True,False,False,source_identity,1.0,0.49206349206349204,,,,,4.2508000000000035,3.544100000000002,0.7067000000000014,True,0.6936033323496321,0.8029165077767629,0.10931317542713082,False,84.34,64.11,20.230000000000004,False,2.0,1.0,1.0,True,5.0,4.0,1.0,True,4.0,3.0,1.0,True
edit_latent_scaffold_source_rerank,mpair_00003218_cond_02_6p,mpair_00003218,eval,6,"MW,LogP,QED,TPSA,HBA,RB",COC(=O)c1cccc(C(=O)NO)c1N(Cc1cccnc1)S(=O)(=O)c1ccc(OC)cc1,COc1ccc(S(=O)(=O)N(Cc2cccnc2)c2c(C)cccc2C(=O)NO)cc1,COC(=O)c1cccc(C(=O)NO)c1N(Cc1cccnc1)S(=O)(=O)c1ccc(OC)cc1,O=S(=O)(c1ccccc1)N(Cc1cccnc1)c1ccccc1,O=S(=O)(c1ccccc1)N(Cc1cccnc1)c1ccccc1,True,False,False,source_identity,1.0,0.8333333333333334,427.48200000000014,471.49100000000016,44.009000000000015,False,2.91312,2.391300000000001,0.5218199999999991,True,0.44330794633881315,0.29046454626646695,0.1528434000723462,False,108.83000000000001,135.13,26.299999999999983,False,,,,,6.0,8.0,2.0,False,7.0,8.0,1.0,True
edit_latent_scaffold_source_rerank,mpair_00002522_cond_01_7p,mpair_00002522,eval,7,"MW,LogP,QED,TPSA,HBD,HBA,RB",CSc1cc(-c2ccc(Cl)cc2)oc(=O)c1,CSc1cc(-c2ccc(Cl)cc2)oc(=O)c1C(N)=O,CSc1cc(-c2ccc(F)cc2)oc(=O)c1,O=c1cccc(-c2ccccc2)o1,O=c1cccc(-c2ccccc2)o1,True,False,False,,0.7142857142857143,0.34,295.747,236.26699999999997,59.48000000000005,False,2.7810000000000006,3.1678000000000024,0.3868000000000018,True,0.8837306867126842,0.7501191134076561,0.13361157330502804,False,73.30000000000001,30.21,43.09000000000001,False,1.0,0.0,1.0,True,4.0,3.0,1.0,True,3.0,2.0,1.0,True
edit_latent_scaffold_source_rerank,mpair_00002553_cond_02_7p,mpair_00002553,eval,7,"MW,LogP,QED,TPSA,HBD,HBA,RB",CSc1cc(-c2ccc(Cl)cc2)oc(=O)c1C(N)=O,CSc1cc(-c2ccc(Cl)cc2)oc(=O)c1Br,CSc1cc(-c2ccc(F)cc2)oc(=O)c1,O=c1cccc(-c2ccccc2)o1,O=c1cccc(-c2ccccc2)o1,True,False,False,,0.34,0.3695652173913043,331.61799999999994,236.26699999999997,95.35099999999997,False,4.444600000000001,3.1678000000000024,1.2767999999999988,False,0.7618841288913729,0.7501191134076561,0.011765015483716779,True,30.21,30.21,0.0,True,0.0,0.0,0.0,True,3.0,3.0,0.0,True,2.0,2.0,0.0,True
target_oracle,mpair_00000002_cond_02_2p,mpair_00000002,eval,2,"LogP,QED",O=C(c1cccc(Cl)c1)N1C[C@H](CN2CCC(c3ccccc3)CC2)[C@@H](c2ccccc2)C1,O=C(c1ccccc1F)N1C[C@H](CN2CCC(c3ccccc3)CC2)[C@@H](c2ccccc2)C1,O=C(c1ccccc1F)N1C[C@H](CN2CCC(c3ccccc3)CC2)[C@@H](c2ccccc2)C1,O=C(c1ccccc1)N1C[C@H](CN2CCC(c3ccccc3)CC2)[C@@H](c2ccccc2)C1,O=C(c1ccccc1)N1C[C@H](CN2CCC(c3ccccc3)CC2)[C@@H](c2ccccc2)C1,True,True,True,,0.6379310344827587,1.0,,,,,5.561100000000006,5.561100000000006,0.0,True,0.5164092889512721,0.5164092889512721,0.0,True,,,,,,,,,,,,,,,,
target_oracle,mpair_00000005_cond_01_2p,mpair_00000005,eval,2,"HBA,RB",O=C(c1ccccc1F)N1C[C@H](CN2CCC(c3ccccc3)CC2)[C@@H](c2ccccc2)C1,COc1cccc(C(=O)N2C[C@H](CN3CCC(c4ccccc4)CC3)[C@@H](c3ccccc3)C2)c1,COc1cccc(C(=O)N2C[C@H](CN3CCC(c4ccccc4)CC3)[C@@H](c3ccccc3)C2)c1,O=C(c1ccccc1)N1C[C@H](CN2CCC(c3ccccc3)CC2)[C@@H](c2ccccc2)C1,O=C(c1ccccc1)N1C[C@H](CN2CCC(c3ccccc3)CC2)[C@@H](c2ccccc2)C1,True,True,True,,0.6065573770491803,1.0,,,,,,,,,,,,,,,,,,,,,3.0,3.0,0.0,True,6.0,6.0,0.0,True
target_oracle,mpair_00000007_cond_02_2p,mpair_00000007,eval,2,"LogP,QED",O=C(c1ccccc1F)N1C[C@H](CN2CCC(c3ccccc3)CC2)[C@@H](c2ccccc2)C1,O=C(c1cccc(Cl)c1)N1C[C@H](CN2CCC(c3ccccc3)CC2)[C@@H](c2ccccc2)C1,O=C(c1cccc(Cl)c1)N1C[C@H](CN2CCC(c3ccccc3)CC2)[C@@H](c2ccccc2)C1,O=C(c1ccccc1)N1C[C@H](CN2CCC(c3ccccc3)CC2)[C@@H](c2ccccc2)C1,O=C(c1ccccc1)N1C[C@H](CN2CCC(c3ccccc3)CC2)[C@@H](c2ccccc2)C1,True,True,True,,0.6379310344827587,1.0,,,,,6.075400000000006,6.075400000000006,0.0,True,0.4625029539066648,0.4625029539066648,0.0,True,,,,,,,,,,,,,,,,
target_oracle,mpair_00000011_cond_01_2p,mpair_00000011,eval,2,"HBA,RB",COc1cccc(C(=O)N2C[C@H](CN3CCC(c4ccccc4)CC3)[C@@H](c3ccccc3)C2)c1,O=C(c1ccccc1F)N1C[C@H](CN2CCC(c3ccccc3)CC2)[C@@H](c2ccccc2)C1,O=C(c1ccccc1F)N1C[C@H](CN2CCC(c3ccccc3)CC2)[C@@H](c2ccccc2)C1,O=C(c1ccccc1)N1C[C@H](CN2CCC(c3ccccc3)CC2)[C@@H](c2ccccc2)C1,O=C(c1ccccc1)N1C[C@H](CN2CCC(c3ccccc3)CC2)[C@@H](c2ccccc2)C1,True,True,True,,0.6065573770491803,1.0,,,,,,,,,,,,,,,,,,,,,2.0,2.0,0.0,True,5.0,5.0,0.0,True
target_oracle,mpair_00000015_cond_00_2p,mpair_00000015,eval,2,"LogP,TPSA",O=C(O)CC[C@H]1CC[C@H]2CN[C@H](C(=O)O)C[C@H]2C1,O=C(O)[C@@H]1C[C@H]2C[C@@H](CCS(=O)(=O)O)CC[C@H]2CN1,O=C(O)[C@@H]1C[C@H]2C[C@@H](CCS(=O)(=O)O)CC[C@H]2CN1,C1CC[C@H]2CNCC[C@H]2C1,C1CC[C@H]2CNCC[C@H]2C1,True,True,True,,0.6829268292682927,1.0,,,,,0.7433000000000001,0.7433000000000001,0.0,True,,,,,103.7,103.7,0.0,True,,,,,,,,,,,,
target_oracle,mpair_00000323_cond_01_2p,mpair_00000323,eval,2,"TPSA,HBA",N[C@@H](C(=O)N[C@@H]1C(=O)N2C(C(=O)O)=C(C(F)(F)F)CC[C@H]12)c1ccc(F)cc1,N[C@@H](C(=O)N[C@@H]1C(=O)N2C(C(=O)O)=C(C(F)(F)F)CC[C@H]12)c1ccc(O)cc1,N[C@@H](C(=O)N[C@@H]1C(=O)N2C(C(=O)O)=C(C(F)(F)F)CC[C@H]12)c1ccc(O)cc1,O=C(Cc1ccccc1)N[C@@H]1C(=O)N2C=CCC[C@H]12,O=C(Cc1ccccc1)N[C@@H]1C(=O)N2C=CCC[C@H]12,True,True,True,,0.8545454545454545,1.0,,,,,,,,,,,,,132.96,132.96,0.0,True,,,,,5.0,5.0,0.0,True,,,,
target_oracle,mpair_00000330_cond_00_2p,mpair_00000330,eval,2,"QED,HBD",N[C@@H](C(=O)N[C@@H]1C(=O)N2C(C(=O)O)=C(C(F)(F)F)CC[C@H]12)c1ccc(O)cc1,N[C@@H](C(=O)N[C@@H]1C(=O)N2C(C(=O)O)=C(C(F)(F)F)CC[C@H]12)c1cccc(C(F)(F)F)c1,N[C@@H](C(=O)N[C@@H]1C(=O)N2C(C(=O)O)=C(C(F)(F)F)CC[C@H]12)c1cccc(C(F)(F)F)c1,O=C(Cc1ccccc1)N[C@@H]1C(=O)N2C=CCC[C@H]12,O=C(Cc1ccccc1)N[C@@H]1C(=O)N2C=CCC[C@H]12,True,True,True,,0.7377049180327869,1.0,,,,,,,,,0.4795891963980345,0.4795891963980345,0.0,True,,,,,3.0,3.0,0.0,True,,,,,,,,
target_oracle,mpair_00000337_cond_01_2p,mpair_00000337,eval,2,"MW,LogP",N[C@@H](C(=O)N[C@@H]1C(=O)N2C(C(=O)O)=C(C(F)(F)F)CC[C@H]12)c1cccc(C(F)(F)F)c1,N[C@@H](C(=O)N[C@@H]1C(=O)N2C(C(=O)O)=C(C(F)(F)F)CC[C@H]12)c1ccc(F)cc1,N[C@@H](C(=O)N[C@@H]1C(=O)N2C(C(=O)O)=C(C(F)(F)F)CC[C@H]12)c1ccc(F)cc1,O=C(Cc1ccccc1)N[C@@H]1C(=O)N2C=CCC[C@H]12,O=C(Cc1ccccc1)N[C@@H]1C(=O)N2C=CCC[C@H]12,True,True,True,,0.7377049180327869,1.0,401.3160000000001,401.3160000000001,0.0,True,1.2158999999999993,1.2158999999999993,0.0,True,,,,,,,,,,,,,,,,,,,,
target_oracle,mpair_00000586_cond_00_2p,mpair_00000586,eval,2,"LogP,HBD",OC[C@@H]1N[C@@H](CCCCc2cc(F)cc(F)c2)[C@H](O)[C@H]1O,OC[C@@H]1N[C@@H](CCCCc2ccc(O)cc2)[C@H](O)[C@H]1O,OC[C@@H]1N[C@@H](CCCCc2ccc(O)cc2)[C@H](O)[C@H]1O,c1ccc(CCCC[C@H]2CCCN2)cc1,c1ccc(CCCC[C@H]2CCCN2)cc1,True,True,True,,0.625,1.0,,,,,0.15949999999999964,0.15949999999999964,0.0,True,,,,,,,,,5.0,5.0,0.0,True,,,,,,,,
target_oracle,mpair_00000589_cond_01_2p,mpair_00000589,eval,2,"HBA,RB",COc1ccc(CCCC[C@@H]2N[C@@H](CO)[C@H](O)[C@H]2O)cc1,OC[C@@H]1N[C@@H](CCCCc2ccc(F)cc2)[C@H](O)[C@H]1O,OC[C@@H]1N[C@@H](CCCCc2ccc(F)cc2)[C@H](O)[C@H]1O,c1ccc(CCCC[C@H]2CCCN2)cc1,c1ccc(CCCC[C@H]2CCCN2)cc1,True,True,True,,0.6829268292682927,1.0,,,,,,,,,,,,,,,,,,,,,4.0,4.0,0.0,True,6.0,6.0,0.0,True
target_oracle,mpair_00000591_cond_00_2p,mpair_00000591,eval,2,"HBD,HBA",OC[C@@H]1N[C@@H](CCCCc2ccc(F)cc2)[C@H](O)[C@H]1O,OC[C@@H]1N[C@@H](CCCCc2ccc(O)cc2)[C@H](O)[C@H]1O,OC[C@@H]1N[C@@H](CCCCc2ccc(O)cc2)[C@H](O)[C@H]1O,c1ccc(CCCC[C@H]2CCCN2)cc1,c1ccc(CCCC[C@H]2CCCN2)cc1,True,True,True,,0.7567567567567568,1.0,,,,,,,,,,,,,,,,,5.0,5.0,0.0,True,5.0,5.0,0.0,True,,,,
target_oracle,mpair_00000593_cond_00_2p,mpair_00000593,eval,2,"HBA,RB",OC[C@@H]1N[C@@H](CCCCc2cc(F)cc(F)c2)[C@H](O)[C@H]1O,COc1ccc(CCCC[C@@H]2N[C@@H](CO)[C@H](O)[C@H]2O)cc1,COc1ccc(CCCC[C@@H]2N[C@@H](CO)[C@H](O)[C@H]2O)cc1,c1ccc(CCCC[C@H]2CCCN2)cc1,c1ccc(CCCC[C@H]2CCCN2)cc1,True,True,True,,0.5681818181818182,1.0,,,,,,,,,,,,,,,,,,,,,5.0,5.0,0.0,True,7.0,7.0,0.0,True
target_oracle,mpair_00000594_cond_02_2p,mpair_00000594,eval,2,"HBA,RB",COc1ccc(CCCC[C@@H]2N[C@@H](CO)[C@H](O)[C@H]2O)cc1,OC[C@@H]1N[C@@H](CCCCc2cc(F)cc(F)c2)[C@H](O)[C@H]1O,OC[C@@H]1N[C@@H](CCCCc2cc(F)cc(F)c2)[C@H](O)[C@H]1O,c1ccc(CCCC[C@H]2CCCN2)cc1,c1ccc(CCCC[C@H]2CCCN2)cc1,True,True,True,,0.5681818181818182,1.0,,,,,,,,,,,,,,,,,,,,,4.0,4.0,0.0,True,6.0,6.0,0.0,True
target_oracle,mpair_00000597_cond_00_2p,mpair_00000597,eval,2,"QED,HBA",OC[C@@H]1N[C@@H](CCCCc2ccc(O)cc2)[C@H](O)[C@H]1O,OC[C@@H]1N[C@@H](CCCCc2ccc(F)cc2)[C@H](O)[C@H]1O,OC[C@@H]1N[C@@H](CCCCc2ccc(F)cc2)[C@H](O)[C@H]1O,c1ccc(CCCC[C@H]2CCCN2)cc1,c1ccc(CCCC[C@H]2CCCN2)cc1,True,True,True,,0.7567567567567568,1.0,,,,,,,,,0.5767746304019578,0.5767746304019578,0.0,True,,,,,,,,,4.0,4.0,0.0,True,,,,
target_oracle,mpair_00000725_cond_00_2p,mpair_00000725,eval,2,"LogP,RB",C=CCc1cc(/C=C2\SC(=O)NC2=O)c(OC)cc1OC1CCCCO1,C=CCc1cc(/C=C2\SC(=O)N(CC=C(C)C)C2=O)c(OC)cc1OC1CCCCO1,C=CCc1cc(/C=C2\SC(=O)N(CC=C(C)C)C2=O)c(OC)cc1OC1CCCCO1,O=C1NC(=O)/C(=C/c2ccc(OC3CCCCO3)cc2)S1,O=C1NC(=O)/C(=C/c2ccc(OC3CCCCO3)cc2)S1,True,True,True,,0.647887323943662,1.0,,,,,5.331600000000005,5.331600000000005,0.0,True,,,,,,,,,,,,,,,,,8.0,8.0,0.0,True
target_oracle,mpair_00000729_cond_01_2p,mpair_00000729,eval,2,"LogP,QED",C=CCc1cc(/C=C2\SC(=O)N(CC=C(C)C)C2=O)c(OC)cc1OC1CCCCO1,C=CCc1cc(/C=C2\SC(=O)N(CC=C)C2=O)c(OC)cc1OC1CCCCO1,C=CCc1cc(/C=C2\SC(=O)N(CC=C)C2=O)c(OC)cc1OC1CCCCO1,O=C1NC(=O)/C(=C/c2ccc(OC3CCCCO3)cc2)S1,O=C1NC(=O)/C(=C/c2ccc(OC3CCCCO3)cc2)S1,True,True,True,,0.8615384615384616,1.0,,,,,4.551400000000004,4.551400000000004,0.0,True,0.45838471716690443,0.45838471716690443,0.0,True,,,,,,,,,,,,,,,,
target_oracle,mpair_00000731_cond_02_2p,mpair_00000731,eval,2,"LogP,RB",C=CCc1cc(/C=C2\SC(=O)N(C(C)C)C2=O)c(OC)cc1OC1CCCCO1,C=CCc1cc(/C=C2\SC(=O)N(CC=C(C)C)C2=O)c(OC)cc1OC1CCCCO1,C=CCc1cc(/C=C2\SC(=O)N(CC=C(C)C)C2=O)c(OC)cc1OC1CCCCO1,O=C1NC(=O)/C(=C/c2ccc(OC3CCCCO3)cc2)S1,O=C1NC(=O)/C(=C/c2ccc(OC3CCCCO3)cc2)S1,True,True,True,,0.7183098591549296,1.0,,,,,5.331600000000005,5.331600000000005,0.0,True,,,,,,,,,,,,,,,,,8.0,8.0,0.0,True
target_oracle,mpair_00000734_cond_02_2p,mpair_00000734,eval,2,"MW,QED",C=CCc1cc(/C=C2\SC(=O)N(CCCC)C2=O)c(OC)cc1OC1CCCCO1,C=CCc1cc(/C=C2\SC(=O)N(C)C2=O)c(OC)cc1OC1CCCCO1,C=CCc1cc(/C=C2\SC(=O)N(C)C2=O)c(OC)cc1OC1CCCCO1,O=C1NC(=O)/C(=C/c2ccc(OC3CCCCO3)cc2)S1,O=C1NC(=O)/C(=C/c2ccc(OC3CCCCO3)cc2)S1,True,True,True,,0.7878787878787878,1.0,389.4730000000002,389.4730000000002,0.0,True,,,,,0.5413211960634129,0.5413211960634129,0.0,True,,,,,,,,,,,,,,,,
target_oracle,mpair_00000737_cond_00_2p,mpair_00000737,eval,2,"QED,HBD",C=CCc1cc(/C=C2\SC(=O)NC2=O)c(OC)cc1OC1CCCCO1,C=CCc1cc(/C=C2\SC(=O)N(C)C2=O)c(OC)cc1OC1CCCCO1,C=CCc1cc(/C=C2\SC(=O)N(C)C2=O)c(OC)cc1OC1CCCCO1,O=C1NC(=O)/C(=C/c2ccc(OC3CCCCO3)cc2)S1,O=C1NC(=O)/C(=C/c2ccc(OC3CCCCO3)cc2)S1,True,True,True,,0.71875,1.0,,,,,,,,,0.5413211960634129,0.5413211960634129,0.0,True,,,,,0.0,0.0,0.0,True,,,,,,,,
target_oracle,mpair_00000738_cond_02_2p,mpair_00000738,eval,2,"LogP,QED",C=CCc1cc(/C=C2\SC(=O)N(C(C)C)C2=O)c(OC)cc1OC1CCCCO1,C=CCc1cc(/C=C2\SC(=O)N(C)C2=O)c(OC)cc1OC1CCCCO1,C=CCc1cc(/C=C2\SC(=O)N(C)C2=O)c(OC)cc1OC1CCCCO1,O=C1NC(=O)/C(=C/c2ccc(OC3CCCCO3)cc2)S1,O=C1NC(=O)/C(=C/c2ccc(OC3CCCCO3)cc2)S1,True,True,True,,0.796875,1.0,,,,,3.9952000000000023,3.9952000000000023,0.0,True,0.5413211960634129,0.5413211960634129,0.0,True,,,,,,,,,,,,,,,,
target_oracle,mpair_00000743_cond_01_2p,mpair_00000743,eval,2,"LogP,RB",C=CCc1cc(/C=C2\SC(=O)N(CC=C)C2=O)c(OC)cc1OC1CCCCO1,C=CCc1cc(/C=C2\SC(=O)N(C)C2=O)c(OC)cc1OC1CCCCO1,C=CCc1cc(/C=C2\SC(=O)N(C)C2=O)c(OC)cc1OC1CCCCO1,O=C1NC(=O)/C(=C/c2ccc(OC3CCCCO3)cc2)S1,O=C1NC(=O)/C(=C/c2ccc(OC3CCCCO3)cc2)S1,True,True,True,,0.8095238095238095,1.0,,,,,3.9952000000000023,3.9952000000000023,0.0,True,,,,,,,,,,,,,,,,,6.0,6.0,0.0,True
target_oracle,mpair_00000745_cond_01_2p,mpair_00000745,eval,2,"QED,HBD",C=CCc1cc(/C=C2\SC(=O)N(C)C2=O)c(OC)cc1OC1CCCCO1,C=CCc1cc(/C=C2\SC(=O)NC2=O)c(OC)cc1OC1CCCCO1,C=CCc1cc(/C=C2\SC(=O)NC2=O)c(OC)cc1OC1CCCCO1,O=C1NC(=O)/C(=C/c2ccc(OC3CCCCO3)cc2)S1,O=C1NC(=O)/C(=C/c2ccc(OC3CCCCO3)cc2)S1,True,True,True,,0.71875,1.0,,,,,,,,,0.6042673504148035,0.6042673504148035,0.0,True,,,,,1.0,1.0,0.0,True,,,,,,,,
target_oracle,mpair_00000751_cond_00_2p,mpair_00000751,eval,2,"LogP,RB",O=C1CCC[C@H]2OC[C@@H](Cc3c[nH]c4ccccc34)N12,CC[C@H]1CCC(=O)N2[C@H](Cc3c[nH]c4ccccc34)CO[C@H]12,CC[C@H]1CCC(=O)N2[C@H](Cc3c[nH]c4ccccc34)CO[C@H]12,O=C1CCC[C@H]2OC[C@@H](Cc3c[nH]c4ccccc34)N12,O=C1CCC[C@H]2OC[C@@H](Cc3c[nH]c4ccccc34)N12,True,True,True,,0.6607142857142857,1.0,,,,,3.0839000000000016,3.0839000000000016,0.0,True,,,,,,,,,,,,,,,,,3.0,3.0,0.0,True
target_oracle,mpair_00000752_cond_02_2p,mpair_00000752,eval,2,"QED,TPSA",CC[C@H]1CCC(=O)N2[C@H](Cc3c[nH]c4ccccc34)CO[C@H]12,COC(=O)C[C@@H]1CC(=O)N2[C@H](Cc3c[nH]c4ccccc34)CO[C@@H]2C1,COC(=O)C[C@@H]1CC(=O)N2[C@H](Cc3c[nH]c4ccccc34)CO[C@@H]2C1,O=C1CCC[C@H]2OC[C@@H](Cc3c[nH]c4ccccc34)N12,O=C1CCC[C@H]2OC[C@@H](Cc3c[nH]c4ccccc34)N12,True,True,True,,0.5072463768115942,1.0,,,,,,,,,0.8651865286551231,0.8651865286551231,0.0,True,71.63000000000001,71.63000000000001,0.0,True,,,,,,,,,,,,
target_oracle,mpair_00000756_cond_00_2p,mpair_00000756,eval,2,"LogP,QED",Clc1cccc(-c2cncc(O[C@@H]3CCNC3)c2)c1,Clc1cccc(-c2cc(O[C@@H]3CCNC3)cnc2Cl)c1,Clc1cccc(-c2cc(O[C@@H]3CCNC3)cnc2Cl)c1,c1ccc(-c2cncc(O[C@@H]3CCNC3)c2)cc1,c1ccc(-c2cncc(O[C@@H]3CCNC3)c2)cc1,True,True,True,,0.68,1.0,,,,,3.796100000000002,3.796100000000002,0.0,True,0.8758671086324237,0.8758671086324237,0.0,True,,,,,,,,,,,,,,,,
target_oracle,mpair_00000758_cond_00_2p,mpair_00000758,eval,2,"HBA,RB",Clc1cccc(-c2cncc(O[C@@H]3CCNC3)c2)c1,COc1cccc(-c2cncc(O[C@@H]3CCNC3)c2)c1,COc1cccc(-c2cncc(O[C@@H]3CCNC3)c2)c1,c1ccc(-c2cncc(O[C@@H]3CCNC3)c2)cc1,c1ccc(-c2cncc(O[C@@H]3CCNC3)c2)cc1,True,True,True,,0.7446808510638298,1.0,,,,,,,,,,,,,,,,,,,,,4.0,4.0,0.0,True,4.0,4.0,0.0,True
target_oracle,mpair_00000760_cond_00_2p,mpair_00000760,eval,2,"MW,LogP",Clc1cccc(-c2cc(O[C@@H]3CCNC3)cnc2Cl)c1,c1ccc(-c2cncc(O[C@@H]3CCNC3)c2)cc1,c1ccc(-c2cncc(O[C@@H]3CCNC3)c2)cc1,c1ccc(-c2cncc(O[C@@H]3CCNC3)c2)cc1,c1ccc(-c2cncc(O[C@@H]3CCNC3)c2)cc1,True,True,True,,0.5192307692307693,1.0,240.30599999999998,240.30599999999998,0.0,True,2.4893,2.4893,0.0,True,,,,,,,,,,,,,,,,,,,,
target_oracle,mpair_00000761_cond_02_2p,mpair_00000761,eval,2,"HBA,RB",c1ccc(-c2cncc(O[C@@H]3CCNC3)c2)cc1,COc1cccc(-c2cncc(O[C@@H]3CCNC3)c2)c1,COc1cccc(-c2cncc(O[C@@H]3CCNC3)c2)c1,c1ccc(-c2cncc(O[C@@H]3CCNC3)c2)cc1,c1ccc(-c2cncc(O[C@@H]3CCNC3)c2)cc1,True,True,True,,0.75,1.0,,,,,,,,,,,,,,,,,,,,,4.0,4.0,0.0,True,4.0,4.0,0.0,True
target_oracle,mpair_00000764_cond_01_2p,mpair_00000764,eval,2,"LogP,QED",Clc1cccc(-c2cc(O[C@@H]3CCNC3)cnc2Cl)c1,Clc1cccc(-c2cncc(O[C@@H]3CCNC3)c2)c1,Clc1cccc(-c2cncc(O[C@@H]3CCNC3)c2)c1,c1ccc(-c2cncc(O[C@@H]3CCNC3)c2)cc1,c1ccc(-c2cncc(O[C@@H]3CCNC3)c2)cc1,True,True,True,,0.68,1.0,,,,,3.1427000000000014,3.1427000000000014,0.0,True,0.9336391660075258,0.9336391660075258,0.0,True,,,,,,,,,,,,,,,,
target_oracle,mpair_00001114_cond_02_2p,mpair_00001114,eval,2,"QED,HBD",COc1ccc(N2CCN(CCC3NC(=O)c4ccccc43)CC2)cc1,COc1ccc(N2CCN(CCC3c4ccccc4C(=O)N3C)CC2)cc1,COc1ccc(N2CCN(CCC3c4ccccc4C(=O)N3C)CC2)cc1,O=C1NC(CCN2CCN(c3ccccc3)CC2)c2ccccc21,O=C1NC(CCN2CCN(c3ccccc3)CC2)c2ccccc21,True,True,True,,0.6545454545454545,1.0,,,,,,,,,0.8160326048332845,0.8160326048332845,0.0,True,,,,,0.0,0.0,0.0,True,,,,,,,,
target_oracle,mpair_00001118_cond_02_2p,mpair_00001118,eval,2,"HBD,RB",Cc1ccc(N2CCN(CCC3NC(=O)c4ccccc43)CC2)cc1C,COc1ccc(N2CCN(CCC3c4ccccc4C(=O)N3C)CC2)cc1,COc1ccc(N2CCN(CCC3c4ccccc4C(=O)N3C)CC2)cc1,O=C1NC(CCN2CCN(c3ccccc3)CC2)c2ccccc21,O=C1NC(CCN2CCN(c3ccccc3)CC2)c2ccccc21,True,True,True,,0.4444444444444444,1.0,,,,,,,,,,,,,,,,,0.0,0.0,0.0,True,,,,,5.0,5.0,0.0,True
target_oracle,mpair_00001120_cond_01_2p,mpair_00001120,eval,2,"QED,HBD",CN1C(=O)c2ccccc2C1CCN1CCN(c2ccc(Cl)cc2)CC1,Cc1ccc(N2CCN(CCC3NC(=O)c4ccccc43)CC2)cc1C,Cc1ccc(N2CCN(CCC3NC(=O)c4ccccc43)CC2)cc1C,O=C1NC(CCN2CCN(c3ccccc3)CC2)c2ccccc21,O=C1NC(CCN2CCN(c3ccccc3)CC2)c2ccccc21,True,True,True,,0.45901639344262296,1.0,,,,,,,,,0.9198864151307602,0.9198864151307602,0.0,True,,,,,1.0,1.0,0.0,True,,,,,,,,
target_oracle,mpair_00001122_cond_00_2p,mpair_00001122,eval,2,"QED,HBD",COc1ccc(N2CCN(CCC3c4ccccc4C(=O)N3C)CC2)cc1,COc1ccc(N2CCN(CCC3NC(=O)c4ccccc43)CC2)cc1,COc1ccc(N2CCN(CCC3NC(=O)c4ccccc43)CC2)cc1,O=C1NC(CCN2CCN(c3ccccc3)CC2)c2ccccc21,O=C1NC(CCN2CCN(c3ccccc3)CC2)c2ccccc21,True,True,True,,0.6545454545454545,1.0,,,,,,,,,0.8996022198661571,0.8996022198661571,0.0,True,,,,,1.0,1.0,0.0,True,,,,,,,,
target_oracle,mpair_00001124_cond_02_2p,mpair_00001124,eval,2,"LogP,RB",COc1ccc(N2CCN(CCC3NC(=O)c4ccccc43)CC2)cc1,Cc1ccc(N2CCN(CCC3NC(=O)c4ccccc43)CC2)cc1C,Cc1ccc(N2CCN(CCC3NC(=O)c4ccccc43)CC2)cc1C,O=C1NC(CCN2CCN(c3ccccc3)CC2)c2ccccc21,O=C1NC(CCN2CCN(c3ccccc3)CC2)c2ccccc21,True,True,True,,0.7037037037037037,1.0,,,,,3.3002400000000023,3.3002400000000023,0.0,True,,,,,,,,,,,,,,,,,4.0,4.0,0.0,True
target_oracle,mpair_00001128_cond_01_2p,mpair_00001128,eval,2,"LogP,HBA",CN1C(=O)c2ccccc2C1CCN1CCN(c2ccc(Cl)cc2)CC1,COc1ccc(N2CCN(CCC3c4ccccc4C(=O)N3C)CC2)cc1,COc1ccc(N2CCN(CCC3c4ccccc4C(=O)N3C)CC2)cc1,O=C1NC(CCN2CCN(c3ccccc3)CC2)c2ccccc21,O=C1NC(CCN2CCN(c3ccccc3)CC2)c2ccccc21,True,True,True,,0.76,1.0,,,,,3.034200000000002,3.034200000000002,0.0,True,,,,,,,,,,,,,4.0,4.0,0.0,True,,,,
target_oracle,mpair_00001130_cond_00_2p,mpair_00001130,eval,2,"HBA,RB",COc1ccc(N2CCN(CCC3c4ccccc4C(=O)N3C)CC2)cc1,CN1C(=O)c2ccccc2C1CCN1CCN(c2ccc(Cl)cc2)CC1,CN1C(=O)c2ccccc2C1CCN1CCN(c2ccc(Cl)cc2)CC1,O=C1NC(CCN2CCN(c3ccccc3)CC2)c2ccccc21,O=C1NC(CCN2CCN(c3ccccc3)CC2)c2ccccc21,True,True,True,,0.76,1.0,,,,,,,,,,,,,,,,,,,,,3.0,3.0,0.0,True,4.0,4.0,0.0,True
target_oracle,mpair_00001134_cond_00_2p,mpair_00001134,eval,2,"MW,LogP",FC(F)(F)c1cccc(N2CCN(c3nc4ccsc4n4cccc34)CC2)c1,Fc1ccc(N2CCN(c3nc4ccsc4n4cccc34)CC2)cc1,Fc1ccc(N2CCN(c3nc4ccsc4n4cccc34)CC2)cc1,c1ccc(N2CCN(c3nc4ccsc4n4cccc34)CC2)cc1,c1ccc(N2CCN(c3nc4ccsc4n4cccc34)CC2)cc1,True,True,True,,0.6666666666666666,1.0,352.43800000000016,352.43800000000016,0.0,True,4.014700000000003,4.014700000000003,0.0,True,,,,,,,,,,,,,,,,,,,,
target_oracle,mpair_00001616_cond_01_2p,mpair_00001616,eval,2,"QED,TPSA",CC1CC(C)(C)Nc2ccc3c(c21)COc1c-3cc(F)cc1[N+](=O)[O-],CC1CC(C)(C)Nc2ccc3c(c21)COc1c(F)cc(F)cc1-3,CC1CC(C)(C)Nc2ccc3c(c21)COc1c(F)cc(F)cc1-3,c1ccc2c(c1)OCc1c-2ccc2c1CCCN2,c1ccc2c(c1)OCc1c-2ccc2c1CCCN2,True,True,True,,0.7321428571428571,1.0,,,,,,,,,0.719238819171056,0.719238819171056,0.0,True,21.259999999999998,21.259999999999998,0.0,True,,,,,,,,,,,,
target_oracle,mpair_00001633_cond_02_2p,mpair_00001633,eval,2,"MW,QED",C=CCC1(C(C)C#CCC)C(=O)NC(=O)N(C)C1=O,C=C(Br)CC1(C(C)C)C(=O)NC(=O)N(C)C1=O,C=C(Br)CC1(C(C)C)C(=O)NC(=O)N(C)C1=O,O=C1CC(=O)NC(=O)N1,O=C1CC(=O)NC(=O)N1,True,True,True,,0.42857142857142855,1.0,303.15600000000006,303.15600000000006,0.0,True,,,,,0.8059749860896003,0.8059749860896003,0.0,True,,,,,,,,,,,,,,,,
target_oracle,mpair_00002258_cond_01_2p,mpair_00002258,eval,2,"LogP,QED",Cc1cccc(C)c1NC(=O)c1c(C)n(-c2c(C)cccc2C)c(C)cc1=O,Cc1ccccc1NC(=O)c1c(C)n(-c2ccccc2C)c(C)cc1=O,Cc1ccccc1NC(=O)c1c(C)n(-c2ccccc2C)c(C)cc1=O,O=C(Nc1ccccc1)c1cn(-c2ccccc2)ccc1=O,O=C(Nc1ccccc1)c1cn(-c2ccccc2)ccc1=O,True,True,True,,0.5833333333333334,1.0,,,,,4.3234800000000035,4.3234800000000035,0.0,True,0.7675628277357767,0.7675628277357767,0.0,True,,,,,,,,,,,,,,,,
target_oracle,mpair_00002371_cond_00_2p,mpair_00002371,eval,2,"QED,HBD",Cn1cc(C(=O)c2ccc(-n3ccnc3)cc2)cc1/C=C/C(=O)O,CCOC(=O)/C=C/c1cc(C(=O)c2ccc(-n3ccnc3)cc2)cn1C,CCOC(=O)/C=C/c1cc(C(=O)c2ccc(-n3ccnc3)cc2)cn1C,O=C(c1ccc(-n2ccnc2)cc1)c1cc[nH]c1,O=C(c1ccc(-n2ccnc2)cc1)c1cc[nH]c1,True,True,True,,0.7454545454545455,1.0,,,,,,,,,0.3897342663180413,0.3897342663180413,0.0,True,,,,,0.0,0.0,0.0,True,,,,,,,,
target_oracle,mpair_00002373_cond_00_2p,mpair_00002373,eval,2,"HBA,RB",CCCCCNC(=O)Nc1c(C)cccc1SCCCn1cnc(-c2ccccc2)c1C,CCCCCNC(=O)Nc1c(SCCCn2cnc(-c3ccccc3)c2C)cccc1N(C)C,CCCCCNC(=O)Nc1c(SCCCn2cnc(-c3ccccc3)c2C)cccc1N(C)C,c1ccc(SCCCn2cnc(-c3ccccc3)c2)cc1,c1ccc(SCCCn2cnc(-c3ccccc3)c2)cc1,True,True,True,,0.8208955223880597,1.0,,,,,,,,,,,,,,,,,,,,,5.0,5.0,0.0,True,12.0,12.0,0.0,True
target_oracle,mpair_00002462_cond_01_2p,mpair_00002462,eval,2,"QED,HBA",COc1cc(NC(=O)c2cc(OCCCN(C)C)nn2Cc2ccccc2)cc(OC)c1OC,COc1ccc(NC(=O)c2cc(OCCCN(C)C)nn2Cc2ccccc2)cc1,COc1ccc(NC(=O)c2cc(OCCCN(C)C)nn2Cc2ccccc2)cc1,O=C(Nc1ccccc1)c1ccnn1Cc1ccccc1,O=C(Nc1ccccc1)c1ccnn1Cc1ccccc1,True,True,True,,0.7741935483870968,1.0,,,,,,,,,0.5200250404910086,0.5200250404910086,0.0,True,,,,,,,,,6.0,6.0,0.0,True,,,,
target_oracle,mpair_00002466_cond_02_2p,mpair_00002466,eval,2,"HBA,RB",CN(C)CCCOc1cc(C(=O)Nc2ccc(Cl)cc2F)n(Cc2ccccc2)n1,CN(C)CCCOc1cc(C(=O)Nc2ccc(OC(F)(F)F)cc2)n(Cc2ccccc2)n1,CN(C)CCCOc1cc(C(=O)Nc2ccc(OC(F)(F)F)cc2)n(Cc2ccccc2)n1,O=C(Nc1ccccc1)c1ccnn1Cc1ccccc1,O=C(Nc1ccccc1)c1ccnn1Cc1ccccc1,True,True,True,,0.6428571428571429,1.0,,,,,,,,,,,,,,,,,,,,,6.0,6.0,0.0,True,10.0,10.0,0.0,True
target_oracle,mpair_00002472_cond_00_2p,mpair_00002472,eval,2,"QED,RB",COc1ccc(NC(=O)c2cc(OCCCN(C)C)nn2Cc2ccccc2)cc1,CN(C)CCCOc1cc(C(=O)Nc2cc(F)cc(C(F)(F)F)c2)n(Cc2ccccc2)n1,CN(C)CCCOc1cc(C(=O)Nc2cc(F)cc(C(F)(F)F)c2)n(Cc2ccccc2)n1,O=C(Nc1ccccc1)c1ccnn1Cc1ccccc1,O=C(Nc1ccccc1)c1ccnn1Cc1ccccc1,True,True,True,,0.6764705882352942,1.0,,,,,,,,,0.369385517709234,0.369385517709234,0.0,True,,,,,,,,,,,,,9.0,9.0,0.0,True
target_oracle,mpair_00002475_cond_02_2p,mpair_00002475,eval,2,"LogP,TPSA",CN(C)CCCOc1cc(C(=O)Nc2ccc(OC(F)(F)F)cc2)n(Cc2ccccc2)n1,COc1cc(NC(=O)c2cc(OCCCN(C)C)nn2Cc2ccccc2)cc(OC)c1OC,COc1cc(NC(=O)c2cc(OCCCN(C)C)nn2Cc2ccccc2)cc(OC)c1OC,O=C(Nc1ccccc1)c1ccnn1Cc1ccccc1,O=C(Nc1ccccc1)c1ccnn1Cc1ccccc1,True,True,True,,0.6764705882352942,1.0,,,,,3.5400000000000027,3.5400000000000027,0.0,True,,,,,87.08000000000001,87.08000000000001,0.0,True,,,,,,,,,,,,
target_oracle,mpair_00002480_cond_01_2p,mpair_00002480,eval,2,"MW,QED",CN(C)CCCOc1cc(C(=O)Nc2cc(F)cc(C(F)(F)F)c2)n(Cc2ccccc2)n1,CN(C)CCCOc1cc(C(=O)Nc2cccc(Cl)c2)n(Cc2ccccc2)n1,CN(C)CCCOc1cc(C(=O)Nc2cccc(Cl)c2)n(Cc2ccccc2)n1,O=C(Nc1ccccc1)c1ccnn1Cc1ccccc1,O=C(Nc1ccccc1)c1ccnn1Cc1ccccc1,True,True,True,,0.6764705882352942,1.0,412.9210000000001,412.9210000000001,0.0,True,,,,,0.5357556879239462,0.5357556879239462,0.0,True,,,,,,,,,,,,,,,,
target_oracle,mpair_00002483_cond_01_2p,mpair_00002483,eval,2,"LogP,HBA",COc1cc(NC(=O)c2cc(OCCCN(C)C)nn2Cc2ccccc2)cc(OC)c1OC,CN(C)CCCOc1cc(C(=O)Nc2ccc(OC(F)(F)F)cc2)n(Cc2ccccc2)n1,CN(C)CCCOc1cc(C(=O)Nc2ccc(OC(F)(F)F)cc2)n(Cc2ccccc2)n1,O=C(Nc1ccccc1)c1ccnn1Cc1ccccc1,O=C(Nc1ccccc1)c1ccnn1Cc1ccccc1,True,True,True,,0.6764705882352942,1.0,,,,,4.412800000000003,4.412800000000003,0.0,True,,,,,,,,,,,,,6.0,6.0,0.0,True,,,,
target_oracle,mpair_00002487_cond_00_2p,mpair_00002487,eval,2,"QED,HBA",CN(C)CCCOc1cc(C(=O)Nc2ccc(OC(F)(F)F)cc2)n(Cc2ccccc2)n1,CN(C)CCCOc1cc(C(=O)Nc2cc(F)cc(C(F)(F)F)c2)n(Cc2ccccc2)n1,CN(C)CCCOc1cc(C(=O)Nc2cc(F)cc(C(F)(F)F)c2)n(Cc2ccccc2)n1,O=C(Nc1ccccc1)c1ccnn1Cc1ccccc1,O=C(Nc1ccccc1)c1ccnn1Cc1ccccc1,True,True,True,,0.7101449275362319,1.0,,,,,,,,,0.369385517709234,0.369385517709234,0.0,True,,,,,,,,,5.0,5.0,0.0,True,,,,
target_oracle,mpair_00002490_cond_02_2p,mpair_00002490,eval,2,"LogP,HBA",CCOC(=O)c1cc(C(C)O)cn1S(=O)(=O)c1cc(Cl)ccc1N,C=Cc1cc(C(=O)OCC)n(S(=O)(=O)c2cc(Cl)ccc2N)c1,C=Cc1cc(C(=O)OCC)n(S(=O)(=O)c2cc(Cl)ccc2N)c1,O=S(=O)(c1ccccc1)n1cccc1,O=S(=O)(c1ccccc1)n1cccc1,True,True,True,,0.7192982456140351,1.0,,,,,2.7804,2.7804,0.0,True,,,,,,,,,,,,,6.0,6.0,0.0,True,,,,
target_oracle,mpair_00002494_cond_02_2p,mpair_00002494,eval,2,"MW,LogP",O=C1C(Nc2ccccc2)=C(Cl)C(=O)c2ncncc21,O=C1C(Nc2cccc(Br)c2)=C(Cl)C(=O)c2ncncc21,O=C1C(Nc2cccc(Br)c2)=C(Cl)C(=O)c2ncncc21,O=C1C(Nc2ccccc2)=CC(=O)c2ncncc21,O=C1C(Nc2ccccc2)=CC(=O)c2ncncc21,True,True,True,,0.7272727272727273,1.0,364.58600000000007,364.58600000000007,0.0,True,3.180600000000001,3.180600000000001,0.0,True,,,,,,,,,,,,,,,,,,,,
target_oracle,mpair_00002496_cond_01_2p,mpair_00002496,eval,2,"MW,LogP",O=C1C(Nc2ccccc2)=C(Cl)C(=O)c2ncncc21,O=C1C(Nc2ccc(Br)cc2)=C(Cl)C(=O)c2ncncc21,O=C1C(Nc2ccc(Br)cc2)=C(Cl)C(=O)c2ncncc21,O=C1C(Nc2ccccc2)=CC(=O)c2ncncc21,O=C1C(Nc2ccccc2)=CC(=O)c2ncncc21,True,True,True,,0.7560975609756098,1.0,364.58600000000007,364.58600000000007,0.0,True,3.180600000000001,3.180600000000001,0.0,True,,,,,,,,,,,,,,,,,,,,
target_oracle,mpair_00002499_cond_00_2p,mpair_00002499,eval,2,"MW,LogP",O=C1C(Nc2cccc(Br)c2)=C(Cl)C(=O)c2ncncc21,O=C1C(Nc2ccccc2)=C(Cl)C(=O)c2ncncc21,O=C1C(Nc2ccccc2)=C(Cl)C(=O)c2ncncc21,O=C1C(Nc2ccccc2)=CC(=O)c2ncncc21,O=C1C(Nc2ccccc2)=CC(=O)c2ncncc21,True,True,True,,0.7272727272727273,1.0,285.69,285.69,0.0,True,2.4181,2.4181,0.0,True,,,,,,,,,,,,,,,,,,,,
target_oracle,mpair_00002501_cond_02_2p,mpair_00002501,eval,2,"LogP,RB",CCc1ccc(NC2=C(Cl)C(=O)c3ncncc3C2=O)cc1,O=C1C(Nc2ccccc2)=C(Cl)C(=O)c2ncncc21,O=C1C(Nc2ccccc2)=C(Cl)C(=O)c2ncncc21,O=C1C(Nc2ccccc2)=CC(=O)c2ncncc21,O=C1C(Nc2ccccc2)=CC(=O)c2ncncc21,True,True,True,,0.7045454545454546,1.0,,,,,2.4181,2.4181,0.0,True,,,,,,,,,,,,,,,,,2.0,2.0,0.0,True
target_oracle,mpair_00002504_cond_02_2p,mpair_00002504,eval,2,"HBA,RB",COc1ccc(C(=O)CN2c3ccccc3C(=O)N(Cc3ccccc3)S2(=O)=O)cc1,Cc1ccc(C(=O)CN2c3ccccc3C(=O)N(Cc3ccccc3)S2(=O)=O)cc1,Cc1ccc(C(=O)CN2c3ccccc3C(=O)N(Cc3ccccc3)S2(=O)=O)cc1,O=C(CN1c2ccccc2C(=O)N(Cc2ccccc2)S1(=O)=O)c1ccccc1,O=C(CN1c2ccccc2C(=O)N(Cc2ccccc2)S1(=O)=O)c1ccccc1,True,True,True,,0.7843137254901961,1.0,,,,,,,,,,,,,,,,,,,,,4.0,4.0,0.0,True,5.0,5.0,0.0,True
target_oracle,mpair_00002507_cond_01_2p,mpair_00002507,eval,2,"QED,RB",O=C(CN1c2ccccc2C(=O)N(Cc2ccccc2)S1(=O)=O)c1ccccc1,COc1ccc(C(=O)CN2c3ccccc3C(=O)N(Cc3ccccc3)S2(=O)=O)cc1,COc1ccc(C(=O)CN2c3ccccc3C(=O)N(Cc3ccccc3)S2(=O)=O)cc1,O=C(CN1c2ccccc2C(=O)N(Cc2ccccc2)S1(=O)=O)c1ccccc1,O=C(CN1c2ccccc2C(=O)N(Cc2ccccc2)S1(=O)=O)c1ccccc1,True,True,True,,0.7916666666666666,1.0,,,,,,,,,0.5539335722556151,0.5539335722556151,0.0,True,,,,,,,,,,,,,6.0,6.0,0.0,True
target_oracle,mpair_00002516_cond_00_2p,mpair_00002516,eval,2,"LogP,TPSA",CSc1cc(-c2ccc(Cl)cc2)oc(=O)c1Br,CSc1cc(-c2ccc(Br)cc2)oc(=O)c1C#N,CSc1cc(-c2ccc(Br)cc2)oc(=O)c1C#N,O=c1cccc(-c2ccccc2)o1,O=c1cccc(-c2ccccc2)o1,True,True,True,,0.5333333333333333,1.0,,,,,3.662880000000002,3.662880000000002,0.0,True,,,,,54.0,54.0,0.0,True,,,,,,,,,,,,
target_oracle,mpair_00002520_cond_01_2p,mpair_00002520,eval,2,"QED,TPSA",CSc1cc(-c2ccc(Br)cc2)oc(=O)c1C#N,CCOC(=O)c1c(SC)c(C#N)c(-c2ccc(Br)cc2)oc1=O,CCOC(=O)c1c(SC)c(C#N)c(-c2ccc(Br)cc2)oc1=O,O=c1cccc(-c2ccccc2)o1,O=c1cccc(-c2ccccc2)o1,True,True,True,,0.43103448275862066,1.0,,,,,,,,,0.5791804088529054,0.5791804088529054,0.0,True,80.30000000000001,80.30000000000001,0.0,True,,,,,,,,,,,,
target_oracle,mpair_00002530_cond_01_2p,mpair_00002530,eval,2,"MW,LogP",CSc1cc(-c2ccc(Cl)cc2)oc(=O)c1,CSc1cc(-c2ccc(Cl)cc2)oc(=O)c1Br,CSc1cc(-c2ccc(Cl)cc2)oc(=O)c1Br,O=c1cccc(-c2ccccc2)o1,O=c1cccc(-c2ccccc2)o1,True,True,True,,0.5365853658536586,1.0,331.61799999999994,331.61799999999994,0.0,True,4.444600000000001,4.444600000000001,0.0,True,,,,,,,,,,,,,,,,,,,,
target_oracle,mpair_00002538_cond_01_2p,mpair_00002538,eval,2,"MW,LogP",CSc1cc(-c2ccc(Br)cc2)oc(=O)c1Cl,CSc1cc(-c2ccc(Cl)cc2)oc(=O)c1,CSc1cc(-c2ccc(Cl)cc2)oc(=O)c1,O=c1cccc(-c2ccccc2)o1,O=c1cccc(-c2ccccc2)o1,True,True,True,,0.4318181818181818,1.0,252.72199999999998,252.72199999999998,0.0,True,3.682100000000002,3.682100000000002,0.0,True,,,,,,,,,,,,,,,,,,,,
target_oracle,mpair_00002548_cond_00_2p,mpair_00002548,eval,2,"MW,LogP",CSc1cc(-c2ccc(Cl)cc2)oc(=O)c1,CSc1cc(-c2ccc(Br)cc2)oc(=O)c1Cl,CSc1cc(-c2ccc(Br)cc2)oc(=O)c1Cl,O=c1cccc(-c2ccccc2)o1,O=c1cccc(-c2ccccc2)o1,True,True,True,,0.4318181818181818,1.0,331.61800000000005,331.61800000000005,0.0,True,4.444600000000002,4.444600000000002,0.0,True,,,,,,,,,,,,,,,,,,,,
target_oracle,mpair_00002556_cond_02_2p,mpair_00002556,eval,2,"MW,QED",CN(C(=O)n1nc(-c2ccc(Cl)cc2)nc1SCC(F)(F)F)c1ccccc1,CSc1nc(-c2ccc(Cl)cc2)nn1C(=O)N(C)c1ccccc1,CSc1nc(-c2ccc(Cl)cc2)nn1C(=O)N(C)c1ccccc1,O=C(Nc1ccccc1)n1cnc(-c2ccccc2)n1,O=C(Nc1ccccc1)n1cnc(-c2ccccc2)n1,True,True,True,,0.7222222222222222,1.0,358.85400000000004,358.85400000000004,0.0,True,,,,,0.6499636794176425,0.6499636794176425,0.0,True,,,,,,,,,,,,,,,,
target_oracle,mpair_00002560_cond_00_2p,mpair_00002560,eval,2,"QED,RB",CSc1nc(-c2ccc(Cl)cc2)nn1C(=O)N(C)c1ccccc1,CSc1nc(-c2ccc(OC(F)(F)F)cc2)nn1C(=O)N(C)c1ccccc1,CSc1nc(-c2ccc(OC(F)(F)F)cc2)nn1C(=O)N(C)c1ccccc1,O=C(Nc1ccccc1)n1cnc(-c2ccccc2)n1,O=C(Nc1ccccc1)n1cnc(-c2ccccc2)n1,True,True,True,,0.7037037037037037,1.0,,,,,,,,,0.5874043626188404,0.5874043626188404,0.0,True,,,,,,,,,,,,,4.0,4.0,0.0,True
target_oracle,mpair_00002562_cond_02_2p,mpair_00002562,eval,2,"LogP,RB",CSc1nc(-c2ccc(Cl)cc2)nn1C(=O)N(C)c1ccccc1,CN(C(=O)n1nc(-c2ccc(Cl)cc2)nc1SCC(F)(F)F)c1ccccc1,CN(C(=O)n1nc(-c2ccc(Cl)cc2)nc1SCC(F)(F)F)c1ccccc1,O=C(Nc1ccccc1)n1cnc(-c2ccccc2)n1,O=C(Nc1ccccc1)n1cnc(-c2ccccc2)n1,True,True,True,,0.7222222222222222,1.0,,,,,5.357400000000003,5.357400000000003,0.0,True,,,,,,,,,,,,,,,,,4.0,4.0,0.0,True
target_oracle,mpair_00002566_cond_00_2p,mpair_00002566,eval,2,"HBD,RB",COc1cc(C(=O)N2CCN(C(=O)c3cc(OC)c(OC)c(OC)c3)C(COC(=O)CC(C)(C)C)C2)cc(OC)c1OC,COc1cc(C(=O)N2CCN(C(=O)c3cc(OC)c(OC)c(OC)c3)C(COC(=O)NCCC(C)C)C2)cc(OC)c1OC,COc1cc(C(=O)N2CCN(C(=O)c3cc(OC)c(OC)c(OC)c3)C(COC(=O)NCCC(C)C)C2)cc(OC)c1OC,O=C(c1ccccc1)N1CCN(C(=O)c2ccccc2)CC1,O=C(c1ccccc1)N1CCN(C(=O)c2ccccc2)CC1,True,True,True,,0.6451612903225806,1.0,,,,,,,,,,,,,,,,,1.0,1.0,0.0,True,,,,,13.0,13.0,0.0,True
target_oracle,mpair_00002567_cond_02_2p,mpair_00002567,eval,2,"HBD,RB",COc1cc(C(=O)N2CCN(C(=O)c3cc(OC)c(OC)c(OC)c3)C(COC(=O)NCCC(C)C)C2)cc(OC)c1OC,CCN(CC)C(=O)OCC1CN(C(=O)c2cc(OC)c(OC)c(OC)c2)CCN1C(=O)c1cc(OC)c(OC)c(OC)c1,CCN(CC)C(=O)OCC1CN(C(=O)c2cc(OC)c(OC)c(OC)c2)CCN1C(=O)c1cc(OC)c(OC)c(OC)c1,O=C(c1ccccc1)N1CCN(C(=O)c2ccccc2)CC1,O=C(c1ccccc1)N1CCN(C(=O)c2ccccc2)CC1,True,True,True,,0.6451612903225806,1.0,,,,,,,,,,,,,,,,,0.0,0.0,0.0,True,,,,,12.0,12.0,0.0,True
target_oracle,mpair_00002571_cond_02_2p,mpair_00002571,eval,2,"HBD,RB",CCN(CC)C(=O)OCC1CN(C(=O)c2cc(OC)c(OC)c(OC)c2)CCN1C(=O)c1cc(OC)c(OC)c(OC)c1,COc1cc(C(=O)N2CCN(C(=O)c3cc(OC)c(OC)c(OC)c3)C(COC(=O)NCCC(C)C)C2)cc(OC)c1OC,COc1cc(C(=O)N2CCN(C(=O)c3cc(OC)c(OC)c(OC)c3)C(COC(=O)NCCC(C)C)C2)cc(OC)c1OC,O=C(c1ccccc1)N1CCN(C(=O)c2ccccc2)CC1,O=C(c1ccccc1)N1CCN(C(=O)c2ccccc2)CC1,True,True,True,,0.6451612903225806,1.0,,,,,,,,,,,,,,,,,1.0,1.0,0.0,True,,,,,13.0,13.0,0.0,True
target_oracle,mpair_00002574_cond_02_2p,mpair_00002574,eval,2,"LogP,RB",COc1cc(C(=O)N2CCN(C(=O)c3cc(OC)c(OC)c(OC)c3)C(COC(=O)CC(C)(C)C)C2)cc(OC)c1OC,CCN(CC)C(=O)OCC1CN(C(=O)c2cc(OC)c(OC)c(OC)c2)CCN1C(=O)c1cc(OC)c(OC)c(OC)c1,CCN(CC)C(=O)OCC1CN(C(=O)c2cc(OC)c(OC)c(OC)c2)CCN1C(=O)c1cc(OC)c(OC)c(OC)c1,O=C(c1ccccc1)N1CCN(C(=O)c2ccccc2)CC1,O=C(c1ccccc1)N1CCN(C(=O)c2ccccc2)CC1,True,True,True,,0.6896551724137931,1.0,,,,,3.1834000000000024,3.1834000000000024,0.0,True,,,,,,,,,,,,,,,,,12.0,12.0,0.0,True
target_oracle,mpair_00002577_cond_01_2p,mpair_00002577,eval,2,"HBD,RB",COc1cc(C(=O)N2CCN(C(=O)c3cc(OC)c(OC)c(OC)c3)C(COC(=O)NCCC(C)C)C2)cc(OC)c1OC,COc1cc(C(=O)N2CCN(C(=O)c3cc(OC)c(OC)c(OC)c3)C(COC(=O)CC(C)(C)C)C2)cc(OC)c1OC,COc1cc(C(=O)N2CCN(C(=O)c3cc(OC)c(OC)c(OC)c3)C(COC(=O)CC(C)(C)C)C2)cc(OC)c1OC,O=C(c1ccccc1)N1CCN(C(=O)c2ccccc2)CC1,O=C(c1ccccc1)N1CCN(C(=O)c2ccccc2)CC1,True,True,True,,0.6451612903225806,1.0,,,,,,,,,,,,,,,,,0.0,0.0,0.0,True,,,,,11.0,11.0,0.0,True
target_oracle,mpair_00002582_cond_02_2p,mpair_00002582,eval,2,"MW,LogP",COc1cc(C(=O)N2CCN(C(=O)c3cc(OC)c(OC)c(OC)c3)C(COC(C)=O)C2)cc(OC)c1OC,CCN(CC)C(=O)OCC1CN(C(=O)c2cc(OC)c(OC)c(OC)c2)CCN1C(=O)c1cc(OC)c(OC)c(OC)c1,CCN(CC)C(=O)OCC1CN(C(=O)c2cc(OC)c(OC)c(OC)c2)CCN1C(=O)c1cc(OC)c(OC)c(OC)c1,O=C(c1ccccc1)N1CCN(C(=O)c2ccccc2)CC1,O=C(c1ccccc1)N1CCN(C(=O)c2ccccc2)CC1,True,True,True,,0.7547169811320755,1.0,603.6690000000003,603.6690000000003,0.0,True,3.1834000000000024,3.1834000000000024,0.0,True,,,,,,,,,,,,,,,,,,,,
target_oracle,mpair_00002589_cond_02_2p,mpair_00002589,eval,2,"MW,QED",COc1cc(C(=O)N2CCN(C(=O)c3cc(OC)c(OC)c(OC)c3)C(CO)C2)cc(OC)c1OC,CCN(CC)C(=O)OCC1CN(C(=O)c2cc(OC)c(OC)c(OC)c2)CCN1C(=O)c1cc(OC)c(OC)c(OC)c1,CCN(CC)C(=O)OCC1CN(C(=O)c2cc(OC)c(OC)c(OC)c2)CCN1C(=O)c1cc(OC)c(OC)c(OC)c1,O=C(c1ccccc1)N1CCN(C(=O)c2ccccc2)CC1,O=C(c1ccccc1)N1CCN(C(=O)c2ccccc2)CC1,True,True,True,,0.6792452830188679,1.0,603.6690000000003,603.6690000000003,0.0,True,,,,,0.3571777118480848,0.3571777118480848,0.0,True,,,,,,,,,,,,,,,,
target_oracle,mpair_00002598_cond_01_2p,mpair_00002598,eval,2,"TPSA,HBA",COc1ccc(C(=O)Nc2c(Cl)cncc2Cl)c2ccc(C(C)=O)nc12,COc1ccc(C(=O)Nc2c(F)cncc2F)c2ccc(C(F)(F)F)nc12,COc1ccc(C(=O)Nc2c(F)cncc2F)c2ccc(C(F)(F)F)nc12,O=C(Nc1ccncc1)c1cccc2ncccc12,O=C(Nc1ccncc1)c1cccc2ncccc12,True,True,True,,0.55,1.0,,,,,,,,,,,,,64.11,64.11,0.0,True,,,,,4.0,4.0,0.0,True,,,,
target_oracle,mpair_00002600_cond_00_2p,mpair_00002600,eval,2,"LogP,RB",COc1ccc(C(=O)Nc2ccncc2Cl)c2cccnc12,CCc1ccc2c(C(=O)Nc3c(Cl)cncc3Cl)ccc(OC)c2n1,CCc1ccc2c(C(=O)Nc3c(Cl)cncc3Cl)ccc(OC)c2n1,O=C(Nc1ccncc1)c1cccc2ncccc12,O=C(Nc1ccncc1)c1cccc2ncccc12,True,True,True,,0.5,1.0,,,,,4.759900000000003,4.759900000000003,0.0,True,,,,,,,,,,,,,,,,,4.0,4.0,0.0,True
target_oracle,mpair_00002603_cond_02_2p,mpair_00002603,eval,2,"TPSA,HBA",COc1ccc(C(=O)Nc2c(Cl)cncc2Cl)c2ccc(C(C)O)nc12,CCc1ccc2c(C(=O)Nc3c(Cl)cncc3Cl)ccc(OC)c2n1,CCc1ccc2c(C(=O)Nc3c(Cl)cncc3Cl)ccc(OC)c2n1,O=C(Nc1ccncc1)c1cccc2ncccc12,O=C(Nc1ccncc1)c1cccc2ncccc12,True,True,True,,0.6964285714285714,1.0,,,,,,,,,,,,,64.11,64.11,0.0,True,,,,,4.0,4.0,0.0,True,,,,
target_oracle,mpair_00002608_cond_01_2p,mpair_00002608,eval,2,"MW,QED",COc1ccc(C(=O)Nc2ccncc2Cl)c2cccnc12,COc1ccc(C(=O)Nc2c(F)cncc2F)c2ccc(C(F)(F)F)nc12,COc1ccc(C(=O)Nc2c(F)cncc2F)c2ccc(C(F)(F)F)nc12,O=C(Nc1ccncc1)c1cccc2ncccc12,O=C(Nc1ccncc1)c1cccc2ncccc12,True,True,True,,0.4090909090909091,1.0,383.276,383.276,0.0,True,,,,,0.6893032571109005,0.6893032571109005,0.0,True,,,,,,,,,,,,,,,,
target_oracle,mpair_00002612_cond_00_2p,mpair_00002612,eval,2,"LogP,RB",CCc1ccc2c(C(=O)Nc3c(Cl)cncc3Cl)ccc(OC)c2n1,COc1ccc(C(=O)Nc2c(F)cncc2F)c2ccc(C(F)(F)F)nc12,COc1ccc(C(=O)Nc2c(F)cncc2F)c2ccc(C(F)(F)F)nc12,O=C(Nc1ccncc1)c1cccc2ncccc12,O=C(Nc1ccncc1)c1cccc2ncccc12,True,True,True,,0.5409836065573771,1.0,,,,,4.187700000000001,4.187700000000001,0.0,True,,,,,,,,,,,,,,,,,3.0,3.0,0.0,True
target_oracle,mpair_00002615_cond_01_2p,mpair_00002615,eval,2,"MW,QED",COc1ccc(C(=O)Nc2c(F)cncc2F)c2ccc(C(F)(F)F)nc12,COc1ccc(C(=O)Nc2c(Cl)cncc2Cl)c2cccnc12,COc1ccc(C(=O)Nc2c(Cl)cncc2Cl)c2cccnc12,O=C(Nc1ccncc1)c1cccc2ncccc12,O=C(Nc1ccncc1)c1cccc2ncccc12,True,True,True,,0.4918032786885246,1.0,348.1890000000001,348.1890000000001,0.0,True,,,,,0.7706046174674384,0.7706046174674384,0.0,True,,,,,,,,,,,,,,,,
target_oracle,mpair_00002620_cond_00_2p,mpair_00002620,eval,2,"QED,RB",CCc1ccc2c(C(=O)Nc3c(Cl)cncc3Cl)ccc(OC)c2n1,COc1ccc(C(=O)Nc2c(Cl)cncc2Cl)c2cccnc12,COc1ccc(C(=O)Nc2c(Cl)cncc2Cl)c2cccnc12,O=C(Nc1ccncc1)c1cccc2ncccc12,O=C(Nc1ccncc1)c1cccc2ncccc12,True,True,True,,0.6545454545454545,1.0,,,,,,,,,0.7706046174674384,0.7706046174674384,0.0,True,,,,,,,,,,,,,3.0,3.0,0.0,True
target_oracle,mpair_00002623_cond_01_2p,mpair_00002623,eval,2,"LogP,RB",COc1ccc(C(=O)Nc2c(F)cncc2F)c2ccc(C(F)(F)F)nc12,CCc1ccc2c(C(=O)Nc3c(Cl)cncc3Cl)ccc(OC)c2n1,CCc1ccc2c(C(=O)Nc3c(Cl)cncc3Cl)ccc(OC)c2n1,O=C(Nc1ccncc1)c1cccc2ncccc12,O=C(Nc1ccncc1)c1cccc2ncccc12,True,True,True,,0.5409836065573771,1.0,,,,,4.759900000000003,4.759900000000003,0.0,True,,,,,,,,,,,,,,,,,4.0,4.0,0.0,True
target_oracle,mpair_00002626_cond_02_2p,mpair_00002626,eval,2,"LogP,QED",COc1ccc(C(=O)Nc2c(F)cncc2F)c2ccc(C(F)(F)F)nc12,COc1ccc(C(=O)Nc2ccncc2Cl)c2cccnc12,COc1ccc(C(=O)Nc2ccncc2Cl)c2cccnc12,O=C(Nc1ccncc1)c1cccc2ncccc12,O=C(Nc1ccncc1)c1cccc2ncccc12,True,True,True,,0.4090909090909091,1.0,,,,,3.544100000000002,3.544100000000002,0.0,True,0.8029165077767629,0.8029165077767629,0.0,True,,,,,,,,,,,,,,,,
target_oracle,mpair_00003108_cond_01_2p,mpair_00003108,eval,2,"LogP,QED",CN1CCC[C@H]1COc1ccc(Cl)nn1,CN1CCC[C@H]1COc1cccnn1,CN1CCC[C@H]1COc1cccnn1,c1cnnc(OC[C@@H]2CCCN2)c1,c1cnnc(OC[C@@H]2CCCN2)c1,True,True,True,,0.6511627906976745,1.0,,,,,0.9495999999999998,0.9495999999999998,0.0,True,0.7160423680458043,0.7160423680458043,0.0,True,,,,,,,,,,,,,,,,
target_oracle,mpair_00003110_cond_00_2p,mpair_00003110,eval,2,"QED,RB",CCCCc1nnc2nc(C)c(C)c(=O)n2n1,Cc1nc2nnc(C(C)(C)C)nn2c(=O)c1C,Cc1nc2nnc(C(C)(C)C)nn2c(=O)c1C,O=c1ccnc2nncnn12,O=c1ccnc2nncnn12,True,True,True,,0.5238095238095238,1.0,,,,,,,,,0.6723856505150625,0.6723856505150625,0.0,True,,,,,,,,,,,,,0.0,0.0,0.0,True
target_oracle,mpair_00003111_cond_02_2p,mpair_00003111,eval,2,"QED,RB",Cc1nc2nnc(C(C)(C)C)nn2c(=O)c1C,CCCCc1nnc2nc(C)c(C)c(=O)n2n1,CCCCc1nnc2nc(C)c(C)c(=O)n2n1,O=c1ccnc2nncnn12,O=c1ccnc2nncnn12,True,True,True,,0.5238095238095238,1.0,,,,,,,,,0.7849999676400611,0.7849999676400611,0.0,True,,,,,,,,,,,,,3.0,3.0,0.0,True
target_oracle,mpair_00003117_cond_01_2p,mpair_00003117,eval,2,"MW,HBA",Cc1c[nH]c2c1C13CC1CN(C(=O)OC(C)(C)C)C3=CC2=O,COC(=O)c1cc2c([nH]1)C(=O)C=C1N(C(=O)OC(C)(C)C)CC3CC123,COC(=O)c1cc2c([nH]1)C(=O)C=C1N(C(=O)OC(C)(C)C)CC3CC123,O=C1C=C2NCC3CC23c2cc[nH]c21,O=C1C=C2NCC3CC23c2cc[nH]c21,True,True,True,,0.5873015873015873,1.0,344.36700000000013,344.36700000000013,0.0,True,,,,,,,,,,,,,,,,,5.0,5.0,0.0,True,,,,
target_oracle,mpair_00003202_cond_02_2p,mpair_00003202,eval,2,"TPSA,HBA",O=C(OCc1ccc(-c2ccccc2)cc1)n1cccn1,N#Cc1cnn(C(=O)OCc2ccc(-c3ccccc3)cc2)c1,N#Cc1cnn(C(=O)OCc2ccc(-c3ccccc3)cc2)c1,O=C(OCc1ccc(-c2ccccc2)cc1)n1cccn1,O=C(OCc1ccc(-c2ccccc2)cc1)n1cccn1,True,True,True,,0.5833333333333334,1.0,,,,,,,,,,,,,67.91,67.91,0.0,True,,,,,5.0,5.0,0.0,True,,,,
target_oracle,mpair_00003204_cond_01_2p,mpair_00003204,eval,2,"TPSA,HBA",Cc1cnn(C(=O)OCc2ccc(-c3ccccc3)cc2)c1,N#Cc1cnn(C(=O)OCc2ccc(-c3ccccc3)cc2)c1,N#Cc1cnn(C(=O)OCc2ccc(-c3ccccc3)cc2)c1,O=C(OCc1ccc(-c2ccccc2)cc1)n1cccn1,O=C(OCc1ccc(-c2ccccc2)cc1)n1cccn1,True,True,True,,0.6808510638297872,1.0,,,,,,,,,,,,,67.91,67.91,0.0,True,,,,,5.0,5.0,0.0,True,,,,
target_oracle,mpair_00003207_cond_01_2p,mpair_00003207,eval,2,"LogP,HBA",Cc1cc(-n2ncc(=O)[nH]c2=O)ccc1S(=O)(=O)N1CCN(C=O)CC1,CCOC(=O)N1CCN(S(=O)(=O)c2ccc(-n3ncc(=O)[nH]c3=O)cc2Cl)CC1,CCOC(=O)N1CCN(S(=O)(=O)c2ccc(-n3ncc(=O)[nH]c3=O)cc2Cl)CC1,O=c1cnn(-c2ccc(S(=O)(=O)N3CCNCC3)cc2)c(=O)[nH]1,O=c1cnn(-c2ccc(S(=O)(=O)N3CCNCC3)cc2)c(=O)[nH]1,True,True,True,,0.5625,1.0,,,,,0.037000000000000144,0.037000000000000144,0.0,True,,,,,,,,,,,,,8.0,8.0,0.0,True,,,,
target_oracle,mpair_00003209_cond_01_2p,mpair_00003209,eval,2,"QED,TPSA",NC(=S)N/N=C/c1cccc(OCc2ccc3no[n+]([O-])c3c2)c1,NC(=O)N/N=C\c1ccccc1OCc1ccc2no[n+]([O-])c2c1,NC(=O)N/N=C\c1ccccc1OCc1ccc2no[n+]([O-])c2c1,c1ccc(OCc2ccc3no[nH+]c3c2)cc1,c1ccc(OCc2ccc3no[nH+]c3c2)cc1,True,True,True,,0.5882352941176471,1.0,,,,,,,,,0.4106849547701945,0.4106849547701945,0.0,True,129.68,129.68,0.0,True,,,,,,,,,,,,
target_oracle,mpair_00003212_cond_02_2p,mpair_00003212,eval,2,"HBD,RB",CC(C)NC(=O)c1ccc2c(Nc3ccc(Cl)cc3)nc(N3CCOCC3)nc2c1,COC(=O)c1ccc2c(Nc3ccc(Cl)cc3)nc(N3CCOCC3)nc2c1,COC(=O)c1ccc2c(Nc3ccc(Cl)cc3)nc(N3CCOCC3)nc2c1,c1ccc(Nc2nc(N3CCOCC3)nc3ccccc23)cc1,c1ccc(Nc2nc(N3CCOCC3)nc3ccccc23)cc1,True,True,True,,0.7833333333333333,1.0,,,,,,,,,,,,,,,,,1.0,1.0,0.0,True,,,,,4.0,4.0,0.0,True
target_oracle,mpair_00003216_cond_02_2p,mpair_00003216,eval,2,"HBD,HBA",COC(=O)c1ccc2c(Nc3ccc(Cl)cc3)nc(N3CCOCC3)nc2c1,CC(C)NC(=O)c1ccc2c(Nc3ccc(Cl)cc3)nc(N3CCOCC3)nc2c1,CC(C)NC(=O)c1ccc2c(Nc3ccc(Cl)cc3)nc(N3CCOCC3)nc2c1,c1ccc(Nc2nc(N3CCOCC3)nc3ccccc23)cc1,c1ccc(Nc2nc(N3CCOCC3)nc3ccccc23)cc1,True,True,True,,0.7833333333333333,1.0,,,,,,,,,,,,,,,,,2.0,2.0,0.0,True,6.0,6.0,0.0,True,,,,
target_oracle,mpair_00003224_cond_01_2p,mpair_00003224,eval,2,"QED,RB",COCCCN(/C(S)=C1/C(=O)c2cc(Cl)ccc2N(C)C1=O)c1ccccc1,COc1ccc(N(C)/C(S)=C2/C(=O)c3cc(Cl)ccc3N(C)C2=O)cc1,COc1ccc(N(C)/C(S)=C2/C(=O)c3cc(Cl)ccc3N(C)C2=O)cc1,O=C1Nc2ccccc2C(=O)/C1=C/Nc1ccccc1,O=C1Nc2ccccc2C(=O)/C1=C/Nc1ccccc1,True,True,True,,0.5625,1.0,,,,,,,,,0.4935411914533051,0.4935411914533051,0.0,True,,,,,,,,,,,,,3.0,3.0,0.0,True
target_oracle,mpair_00003226_cond_00_2p,mpair_00003226,eval,2,"QED,RB",COc1cccc(N(C)/C(S)=C2/C(=O)c3cc(Cl)ccc3N(C)C2=O)c1,COCCCN(/C(S)=C1/C(=O)c2cc(Cl)ccc2N(C)C1=O)c1ccccc1,COCCCN(/C(S)=C1/C(=O)c2cc(Cl)ccc2N(C)C1=O)c1ccccc1,O=C1Nc2ccccc2C(=O)/C1=C/Nc1ccccc1,O=C1Nc2ccccc2C(=O)/C1=C/Nc1ccccc1,True,True,True,,0.5846153846153846,1.0,,,,,,,,,0.3319041471572704,0.3319041471572704,0.0,True,,,,,,,,,,,,,6.0,6.0,0.0,True
target_oracle,mpair_00003227_cond_02_2p,mpair_00003227,eval,2,"QED,RB",COc1ccc(N(C)/C(S)=C2/C(=O)c3cc(Cl)ccc3N(C)C2=O)cc1,COCCCN(/C(S)=C1/C(=O)c2cc(Cl)ccc2N(C)C1=O)c1ccccc1,COCCCN(/C(S)=C1/C(=O)c2cc(Cl)ccc2N(C)C1=O)c1ccccc1,O=C1Nc2ccccc2C(=O)/C1=C/Nc1ccccc1,O=C1Nc2ccccc2C(=O)/C1=C/Nc1ccccc1,True,True,True,,0.5625,1.0,,,,,,,,,0.3319041471572704,0.3319041471572704,0.0,True,,,,,,,,,,,,,6.0,6.0,0.0,True
target_oracle,mpair_00003531_cond_01_2p,mpair_00003531,eval,2,"TPSA,HBA",CC(C)Oc1cccc(N(Cc2cccnc2)S(=O)(=O)CC(F)(F)F)c1,CCOC(=O)C(C)Oc1cccc(N(Cc2cccnc2)S(=O)(=O)CC(F)(F)F)c1,CCOC(=O)C(C)Oc1cccc(N(Cc2cccnc2)S(=O)(=O)CC(F)(F)F)c1,c1ccc(NCc2cccnc2)cc1,c1ccc(NCc2cccnc2)cc1,True,True,True,,0.7796610169491526,1.0,,,,,,,,,,,,,85.80000000000001,85.80000000000001,0.0,True,,,,,6.0,6.0,0.0,True,,,,
target_oracle,mpair_00003535_cond_00_2p,mpair_00003535,eval,2,"MW,LogP",O=S(=O)(CC(F)(F)F)N(Cc1cccnc1)c1cccc(OC(F)(F)F)c1,COc1cccc(N(Cc2cccnc2)S(=O)(=O)CC(F)(F)F)c1,COc1cccc(N(Cc2cccnc2)S(=O)(=O)CC(F)(F)F)c1,c1ccc(NCc2cccnc2)cc1,c1ccc(NCc2cccnc2)cc1,True,True,True,,0.8076923076923077,1.0,360.3570000000001,360.3570000000001,0.0,True,2.988900000000002,2.988900000000002,0.0,True,,,,,,,,,,,,,,,,,,,,
target_oracle,mpair_00003540_cond_02_2p,mpair_00003540,eval,2,"LogP,TPSA",CCCC(C)Oc1cccc(N(Cc2cccnc2)S(=O)(=O)CC(F)(F)F)c1,CCOC(=O)C(C)Oc1cccc(N(Cc2cccnc2)S(=O)(=O)CC(F)(F)F)c1,CCOC(=O)C(C)Oc1cccc(N(Cc2cccnc2)S(=O)(=O)CC(F)(F)F)c1,c1ccc(NCc2cccnc2)cc1,c1ccc(NCc2cccnc2)cc1,True,True,True,,0.746031746031746,1.0,,,,,3.3107000000000024,3.3107000000000024,0.0,True,,,,,85.80000000000001,85.80000000000001,0.0,True,,,,,,,,,,,,
target_oracle,mpair_00003542_cond_02_2p,mpair_00003542,eval,2,"QED,RB",CC(C)COc1cccc(N(Cc2cccnc2)S(=O)(=O)CC(F)(F)F)c1,CCC(C)COc1cccc(N(Cc2cccnc2)S(=O)(=O)CC(F)(F)F)c1,CCC(C)COc1cccc(N(Cc2cccnc2)S(=O)(=O)CC(F)(F)F)c1,c1ccc(NCc2cccnc2)cc1,c1ccc(NCc2cccnc2)cc1,True,True,True,,0.8421052631578947,1.0,,,,,,,,,0.6078002459089881,0.6078002459089881,0.0,True,,,,,,,,,,,,,9.0,9.0,0.0,True
target_oracle,mpair_00003544_cond_01_2p,mpair_00003544,eval,2,"LogP,RB",CC(C)COc1cccc(N(Cc2cccnc2)S(=O)(=O)CC(F)(F)F)c1,CCCC(C)Oc1cccc(N(Cc2cccnc2)S(=O)(=O)CC(F)(F)F)c1,CCCC(C)Oc1cccc(N(Cc2cccnc2)S(=O)(=O)CC(F)(F)F)c1,c1ccc(NCc2cccnc2)cc1,c1ccc(NCc2cccnc2)cc1,True,True,True,,0.7213114754098361,1.0,,,,,4.547700000000003,4.547700000000003,0.0,True,,,,,,,,,,,,,,,,,9.0,9.0,0.0,True
target_oracle,mpair_00003547_cond_01_2p,mpair_00003547,eval,2,"QED,RB",CCC(C)COc1cccc(N(Cc2cccnc2)S(=O)(=O)CC(F)(F)F)c1,CC(C)COc1cccc(N(Cc2cccnc2)S(=O)(=O)CC(F)(F)F)c1,CC(C)COc1cccc(N(Cc2cccnc2)S(=O)(=O)CC(F)(F)F)c1,c1ccc(NCc2cccnc2)cc1,c1ccc(NCc2cccnc2)cc1,True,True,True,,0.8421052631578947,1.0,,,,,,,,,0.6693605971809802,0.6693605971809802,0.0,True,,,,,,,,,,,,,8.0,8.0,0.0,True
target_oracle,mpair_00000000_cond_02_3p,mpair_00000000,eval,3,"LogP,HBA,RB",O=C(c1cccc(Cl)c1)N1C[C@H](CN2CCC(c3ccccc3)CC2)[C@@H](c2ccccc2)C1,COc1cccc(C(=O)N2C[C@H](CN3CCC(c4ccccc4)CC3)[C@@H](c3ccccc3)C2)c1,COc1cccc(C(=O)N2C[C@H](CN3CCC(c4ccccc4)CC3)[C@@H](c3ccccc3)C2)c1,O=C(c1ccccc1)N1C[C@H](CN2CCC(c3ccccc3)CC2)[C@@H](c2ccccc2)C1,O=C(c1ccccc1)N1C[C@H](CN2CCC(c3ccccc3)CC2)[C@@H](c2ccccc2)C1,True,True,True,,0.7413793103448276,1.0,,,,,5.430600000000005,5.430600000000005,0.0,True,,,,,,,,,,,,,3.0,3.0,0.0,True,6.0,6.0,0.0,True
target_oracle,mpair_00000006_cond_02_3p,mpair_00000006,eval,3,"MW,LogP,QED",O=C(c1ccccc1F)N1C[C@H](CN2CCC(c3ccccc3)CC2)[C@@H](c2ccccc2)C1,O=C(c1ccccc1C(F)(F)F)N1C[C@H](CN2CCC(c3ccccc3)CC2)[C@@H](c2ccccc2)C1,O=C(c1ccccc1C(F)(F)F)N1C[C@H](CN2CCC(c3ccccc3)CC2)[C@@H](c2ccccc2)C1,O=C(c1ccccc1)N1C[C@H](CN2CCC(c3ccccc3)CC2)[C@@H](c2ccccc2)C1,O=C(c1ccccc1)N1C[C@H](CN2CCC(c3ccccc3)CC2)[C@@H](c2ccccc2)C1,True,True,True,,0.7592592592592593,1.0,492.5850000000002,492.5850000000002,0.0,True,6.4408000000000065,6.4408000000000065,0.0,True,0.4092272471712491,0.4092272471712491,0.0,True,,,,,,,,,,,,,,,,
target_oracle,mpair_00000012_cond_01_3p,mpair_00000012,eval,3,"MW,LogP,QED",O=C(c1ccccc1F)N1C[C@H](CN2CCC(c3ccccc3)CC2)[C@@H](c2ccccc2)C1,O=C(c1ccccc1Br)N1C[C@H](CN2CCC(c3ccccc3)CC2)[C@@H](c2ccccc2)C1,O=C(c1ccccc1Br)N1C[C@H](CN2CCC(c3ccccc3)CC2)[C@@H](c2ccccc2)C1,O=C(c1ccccc1)N1C[C@H](CN2CCC(c3ccccc3)CC2)[C@@H](c2ccccc2)C1,O=C(c1ccccc1)N1C[C@H](CN2CCC(c3ccccc3)CC2)[C@@H](c2ccccc2)C1,True,True,True,,0.7692307692307693,1.0,503.48400000000026,503.48400000000026,0.0,True,6.184500000000006,6.184500000000006,0.0,True,0.41502650656849366,0.41502650656849366,0.0,True,,,,,,,,,,,,,,,,
target_oracle,mpair_00000020_cond_01_3p,mpair_00000020,eval,3,"MW,TPSA,HBA",O=C(O)CCC/C=C/C[C@@H]1[C@@H](COCc2ccccc2)C2CC1(c1ccccc1)CO2,N#Cc1ccc(COC[C@H]2C3CC(c4ccc(F)cc4)(CO3)[C@@H]2C/C=C/CCCC(=O)O)cc1,N#Cc1ccc(COC[C@H]2C3CC(c4ccc(F)cc4)(CO3)[C@@H]2C/C=C/CCCC(=O)O)cc1,c1ccc(COC[C@@H]2CC3(c4ccccc4)COC2C3)cc1,c1ccc(COC[C@@H]2CC3(c4ccccc4)COC2C3)cc1,True,True,True,,0.7391304347826086,1.0,463.5490000000003,463.5490000000003,0.0,True,,,,,,,,,79.55,79.55,0.0,True,,,,,4.0,4.0,0.0,True,,,,
target_oracle,mpair_00000323_cond_02_3p,mpair_00000323,eval,3,"TPSA,HBD,HBA",N[C@@H](C(=O)N[C@@H]1C(=O)N2C(C(=O)O)=C(C(F)(F)F)CC[C@H]12)c1ccc(F)cc1,N[C@@H](C(=O)N[C@@H]1C(=O)N2C(C(=O)O)=C(C(F)(F)F)CC[C@H]12)c1ccc(O)cc1,N[C@@H](C(=O)N[C@@H]1C(=O)N2C(C(=O)O)=C(C(F)(F)F)CC[C@H]12)c1ccc(O)cc1,O=C(Cc1ccccc1)N[C@@H]1C(=O)N2C=CCC[C@H]12,O=C(Cc1ccccc1)N[C@@H]1C(=O)N2C=CCC[C@H]12,True,True,True,,0.8545454545454545,1.0,,,,,,,,,,,,,132.96,132.96,0.0,True,4.0,4.0,0.0,True,5.0,5.0,0.0,True,,,,
target_oracle,mpair_00000330_cond_01_3p,mpair_00000330,eval,3,"MW,LogP,HBD",N[C@@H](C(=O)N[C@@H]1C(=O)N2C(C(=O)O)=C(C(F)(F)F)CC[C@H]12)c1ccc(O)cc1,N[C@@H](C(=O)N[C@@H]1C(=O)N2C(C(=O)O)=C(C(F)(F)F)CC[C@H]12)c1cccc(C(F)(F)F)c1,N[C@@H](C(=O)N[C@@H]1C(=O)N2C(C(=O)O)=C(C(F)(F)F)CC[C@H]12)c1cccc(C(F)(F)F)c1,O=C(Cc1ccccc1)N[C@@H]1C(=O)N2C=CCC[C@H]12,O=C(Cc1ccccc1)N[C@@H]1C(=O)N2C=CCC[C@H]12,True,True,True,,0.7377049180327869,1.0,451.3230000000001,451.3230000000001,0.0,True,2.0955999999999997,2.0955999999999997,0.0,True,,,,,,,,,3.0,3.0,0.0,True,,,,,,,,
target_oracle,mpair_00000332_cond_02_3p,mpair_00000332,eval,3,"TPSA,HBD,HBA",N[C@@H](C(=O)N[C@@H]1C(=O)N2C(C(=O)O)=C(C(F)(F)F)CC[C@H]12)c1ccc(O)cc1,N[C@@H](C(=O)N[C@@H]1C(=O)N2C(C(=O)O)=C(C(F)(F)F)CC[C@H]12)c1cccc(Br)c1,N[C@@H](C(=O)N[C@@H]1C(=O)N2C(C(=O)O)=C(C(F)(F)F)CC[C@H]12)c1cccc(Br)c1,O=C(Cc1ccccc1)N[C@@H]1C(=O)N2C=CCC[C@H]12,O=C(Cc1ccccc1)N[C@@H]1C(=O)N2C=CCC[C@H]12,True,True,True,,0.7377049180327869,1.0,,,,,,,,,,,,,112.73,112.73,0.0,True,3.0,3.0,0.0,True,4.0,4.0,0.0,True,,,,
target_oracle,mpair_00000338_cond_00_3p,mpair_00000338,eval,3,"LogP,QED,RB",N[C@@H](C(=O)N[C@@H]1C(=O)N2C(C(=O)O)=C(C(F)(F)F)CC[C@H]12)c1cccc(Br)c1,CSC1=C(C(=O)O)N2C(=O)[C@@H](NC(=O)[C@H](N)c3ccccc3)[C@H]2CC1,CSC1=C(C(=O)O)N2C(=O)[C@@H](NC(=O)[C@H](N)c3ccccc3)[C@H]2CC1,O=C(Cc1ccccc1)N[C@@H]1C(=O)N2C=CCC[C@H]12,O=C(Cc1ccccc1)N[C@@H]1C(=O)N2C=CCC[C@H]12,True,True,True,,0.5757575757575758,1.0,,,,,0.8350000000000002,0.8350000000000002,0.0,True,0.6699274889764619,0.6699274889764619,0.0,True,,,,,,,,,,,,,5.0,5.0,0.0,True
target_oracle,mpair_00000597_cond_02_3p,mpair_00000597,eval,3,"QED,HBD,HBA",OC[C@@H]1N[C@@H](CCCCc2ccc(O)cc2)[C@H](O)[C@H]1O,OC[C@@H]1N[C@@H](CCCCc2ccc(F)cc2)[C@H](O)[C@H]1O,OC[C@@H]1N[C@@H](CCCCc2ccc(F)cc2)[C@H](O)[C@H]1O,c1ccc(CCCC[C@H]2CCCN2)cc1,c1ccc(CCCC[C@H]2CCCN2)cc1,True,True,True,,0.7567567567567568,1.0,,,,,,,,,0.5767746304019578,0.5767746304019578,0.0,True,,,,,4.0,4.0,0.0,True,4.0,4.0,0.0,True,,,,
target_oracle,mpair_00000728_cond_02_3p,mpair_00000728,eval,3,"LogP,QED,RB",C=CCc1cc(/C=C2\SC(=O)NC2=O)c(OC)cc1OC1CCCCO1,C=CCc1cc(/C=C2\SC(=O)N(CCCC)C2=O)c(OC)cc1OC1CCCCO1,C=CCc1cc(/C=C2\SC(=O)N(CCCC)C2=O)c(OC)cc1OC1CCCCO1,O=C1NC(=O)/C(=C/c2ccc(OC3CCCCO3)cc2)S1,O=C1NC(=O)/C(=C/c2ccc(OC3CCCCO3)cc2)S1,True,True,True,,0.6571428571428571,1.0,,,,,5.165500000000004,5.165500000000004,0.0,True,0.39718598618589046,0.39718598618589046,0.0,True,,,,,,,,,,,,,9.0,9.0,0.0,True
target_oracle,mpair_00000740_cond_00_3p,mpair_00000740,eval,3,"MW,QED,RB",C=CCc1cc(/C=C2\SC(=O)N(C)C2=O)c(OC)cc1OC1CCCCO1,C=CCc1cc(/C=C2\SC(=O)N(CCCC)C2=O)c(OC)cc1OC1CCCCO1,C=CCc1cc(/C=C2\SC(=O)N(CCCC)C2=O)c(OC)cc1OC1CCCCO1,O=C1NC(=O)/C(=C/c2ccc(OC3CCCCO3)cc2)S1,O=C1NC(=O)/C(=C/c2ccc(OC3CCCCO3)cc2)S1,True,True,True,,0.7878787878787878,1.0,431.55400000000026,431.55400000000026,0.0,True,,,,,0.39718598618589046,0.39718598618589046,0.0,True,,,,,,,,,,,,,9.0,9.0,0.0,True
target_oracle,mpair_00000742_cond_02_3p,mpair_00000742,eval,3,"MW,LogP,QED",C=CCc1cc(/C=C2\SC(=O)N(C)C2=O)c(OC)cc1OC1CCCCO1,C=CCc1cc(/C=C2\SC(=O)N(CC=C(C)C)C2=O)c(OC)cc1OC1CCCCO1,C=CCc1cc(/C=C2\SC(=O)N(CC=C(C)C)C2=O)c(OC)cc1OC1CCCCO1,O=C1NC(=O)/C(=C/c2ccc(OC3CCCCO3)cc2)S1,O=C1NC(=O)/C(=C/c2ccc(OC3CCCCO3)cc2)S1,True,True,True,,0.7761194029850746,1.0,443.5650000000003,443.5650000000003,0.0,True,5.331600000000005,5.331600000000005,0.0,True,0.3995752918375223,0.3995752918375223,0.0,True,,,,,,,,,,,,,,,,
target_oracle,mpair_00000747_cond_01_3p,mpair_00000747,eval,3,"LogP,QED,HBD",C=CCc1cc(/C=C2\SC(=O)N(CC=C)C2=O)c(OC)cc1OC1CCCCO1,C=CCc1cc(/C=C2\SC(=O)NC2=O)c(OC)cc1OC1CCCCO1,C=CCc1cc(/C=C2\SC(=O)NC2=O)c(OC)cc1OC1CCCCO1,O=C1NC(=O)/C(=C/c2ccc(OC3CCCCO3)cc2)S1,O=C1NC(=O)/C(=C/c2ccc(OC3CCCCO3)cc2)S1,True,True,True,,0.696969696969697,1.0,,,,,3.6530000000000022,3.6530000000000022,0.0,True,0.6042673504148035,0.6042673504148035,0.0,True,,,,,1.0,1.0,0.0,True,,,,,,,,
target_oracle,mpair_00000749_cond_00_3p,mpair_00000749,eval,3,"QED,HBD,RB",C=CCc1cc(/C=C2\SC(=O)N(C(C)C)C2=O)c(OC)cc1OC1CCCCO1,C=CCc1cc(/C=C2\SC(=O)NC2=O)c(OC)cc1OC1CCCCO1,C=CCc1cc(/C=C2\SC(=O)NC2=O)c(OC)cc1OC1CCCCO1,O=C1NC(=O)/C(=C/c2ccc(OC3CCCCO3)cc2)S1,O=C1NC(=O)/C(=C/c2ccc(OC3CCCCO3)cc2)S1,True,True,True,,0.6865671641791045,1.0,,,,,,,,,0.6042673504148035,0.6042673504148035,0.0,True,,,,,1.0,1.0,0.0,True,,,,,6.0,6.0,0.0,True
target_oracle,mpair_00000758_cond_02_3p,mpair_00000758,eval,3,"LogP,HBA,RB",Clc1cccc(-c2cncc(O[C@@H]3CCNC3)c2)c1,COc1cccc(-c2cncc(O[C@@H]3CCNC3)c2)c1,COc1cccc(-c2cncc(O[C@@H]3CCNC3)c2)c1,c1ccc(-c2cncc(O[C@@H]3CCNC3)c2)cc1,c1ccc(-c2cncc(O[C@@H]3CCNC3)c2)cc1,True,True,True,,0.7446808510638298,1.0,,,,,2.4979000000000005,2.4979000000000005,0.0,True,,,,,,,,,,,,,4.0,4.0,0.0,True,4.0,4.0,0.0,True
target_oracle,mpair_00001125_cond_00_3p,mpair_00001125,eval,3,"MW,QED,HBD",CN1C(=O)c2ccccc2C1CCN1CCN(c2ccc(Cl)cc2)CC1,O=C1NC(CCN2CCN(c3ccccc3)CC2)c2ccccc21,O=C1NC(CCN2CCN(c3ccccc3)CC2)c2ccccc21,O=C1NC(CCN2CCN(c3ccccc3)CC2)c2ccccc21,O=C1NC(CCN2CCN(c3ccccc3)CC2)c2ccccc21,True,True,True,,0.4909090909090909,1.0,321.4240000000001,321.4240000000001,0.0,True,,,,,0.9403172855884846,0.9403172855884846,0.0,True,,,,,1.0,1.0,0.0,True,,,,,,,,
target_oracle,mpair_00001132_cond_00_3p,mpair_00001132,eval,3,"QED,TPSA,HBA",O=C(Cc1ccccc1[N+](=O)[O-])NCCC1CCN(CC2COc3ccccc3O2)CC1,COc1ccccc1CC(=O)NCCC1CCN(CC2COc3ccccc3O2)CC1,COc1ccccc1CC(=O)NCCC1CCN(CC2COc3ccccc3O2)CC1,O=C(Cc1ccccc1)NCCC1CCN(CC2COc3ccccc3O2)CC1,O=C(Cc1ccccc1)NCCC1CCN(CC2COc3ccccc3O2)CC1,True,True,True,,0.7164179104477612,1.0,,,,,,,,,0.7047088784600517,0.7047088784600517,0.0,True,60.03,60.03,0.0,True,,,,,5.0,5.0,0.0,True,,,,
target_oracle,mpair_00001135_cond_01_3p,mpair_00001135,eval,3,"MW,LogP,QED",Fc1ccc(N2CCN(c3nc4ccsc4n4cccc34)CC2)cc1,FC(F)(F)c1cccc(N2CCN(c3nc4ccsc4n4cccc34)CC2)c1,FC(F)(F)c1cccc(N2CCN(c3nc4ccsc4n4cccc34)CC2)c1,c1ccc(N2CCN(c3nc4ccsc4n4cccc34)CC2)cc1,c1ccc(N2CCN(c3nc4ccsc4n4cccc34)CC2)cc1,True,True,True,,0.6666666666666666,1.0,402.4450000000001,402.4450000000001,0.0,True,4.894400000000004,4.894400000000004,0.0,True,0.47685586942313013,0.47685586942313013,0.0,True,,,,,,,,,,,,,,,,
target_oracle,mpair_00002371_cond_02_3p,mpair_00002371,eval,3,"QED,HBD,HBA",Cn1cc(C(=O)c2ccc(-n3ccnc3)cc2)cc1/C=C/C(=O)O,CCOC(=O)/C=C/c1cc(C(=O)c2ccc(-n3ccnc3)cc2)cn1C,CCOC(=O)/C=C/c1cc(C(=O)c2ccc(-n3ccnc3)cc2)cn1C,O=C(c1ccc(-n2ccnc2)cc1)c1cc[nH]c1,O=C(c1ccc(-n2ccnc2)cc1)c1cc[nH]c1,True,True,True,,0.7454545454545455,1.0,,,,,,,,,0.3897342663180413,0.3897342663180413,0.0,True,,,,,0.0,0.0,0.0,True,6.0,6.0,0.0,True,,,,
target_oracle,mpair_00002463_cond_00_3p,mpair_00002463,eval,3,"LogP,HBA,RB",COc1ccc(NC(=O)c2cc(OCCCN(C)C)nn2Cc2ccccc2)cc1,CN(C)CCCOc1cc(C(=O)Nc2ccc(Cl)cc2F)n(Cc2ccccc2)n1,CN(C)CCCOc1cc(C(=O)Nc2ccc(Cl)cc2F)n(Cc2ccccc2)n1,O=C(Nc1ccccc1)c1ccnn1Cc1ccccc1,O=C(Nc1ccccc1)c1ccnn1Cc1ccccc1,True,True,True,,0.6567164179104478,1.0,,,,,4.306700000000003,4.306700000000003,0.0,True,,,,,,,,,,,,,5.0,5.0,0.0,True,9.0,9.0,0.0,True
target_oracle,mpair_00002466_cond_01_3p,mpair_00002466,eval,3,"QED,HBA,RB",CN(C)CCCOc1cc(C(=O)Nc2ccc(Cl)cc2F)n(Cc2ccccc2)n1,CN(C)CCCOc1cc(C(=O)Nc2ccc(OC(F)(F)F)cc2)n(Cc2ccccc2)n1,CN(C)CCCOc1cc(C(=O)Nc2ccc(OC(F)(F)F)cc2)n(Cc2ccccc2)n1,O=C(Nc1ccccc1)c1ccnn1Cc1ccccc1,O=C(Nc1ccccc1)c1ccnn1Cc1ccccc1,True,True,True,,0.6428571428571429,1.0,,,,,,,,,0.4522382232340766,0.4522382232340766,0.0,True,,,,,,,,,6.0,6.0,0.0,True,10.0,10.0,0.0,True
target_oracle,mpair_00002470_cond_00_3p,mpair_00002470,eval,3,"LogP,HBA,RB",CN(C)CCCOc1cc(C(=O)Nc2ccc(Cl)cc2F)n(Cc2ccccc2)n1,COc1ccc(NC(=O)c2cc(OCCCN(C)C)nn2Cc2ccccc2)cc1,COc1ccc(NC(=O)c2cc(OCCCN(C)C)nn2Cc2ccccc2)cc1,O=C(Nc1ccccc1)c1ccnn1Cc1ccccc1,O=C(Nc1ccccc1)c1ccnn1Cc1ccccc1,True,True,True,,0.6567164179104478,1.0,,,,,3.522800000000002,3.522800000000002,0.0,True,,,,,,,,,,,,,6.0,6.0,0.0,True,10.0,10.0,0.0,True
target_oracle,mpair_00002473_cond_00_3p,mpair_00002473,eval,3,"LogP,HBA,RB",COc1ccc(NC(=O)c2cc(OCCCN(C)C)nn2Cc2ccccc2)cc1,CN(C)CCCOc1cc(C(=O)Nc2cccc(Cl)c2)n(Cc2ccccc2)n1,CN(C)CCCOc1cc(C(=O)Nc2cccc(Cl)c2)n(Cc2ccccc2)n1,O=C(Nc1ccccc1)c1ccnn1Cc1ccccc1,O=C(Nc1ccccc1)c1ccnn1Cc1ccccc1,True,True,True,,0.7419354838709677,1.0,,,,,4.167600000000003,4.167600000000003,0.0,True,,,,,,,,,,,,,5.0,5.0,0.0,True,9.0,9.0,0.0,True
target_oracle,mpair_00002478_cond_02_3p,mpair_00002478,eval,3,"MW,LogP,QED",CN(C)CCCOc1cc(C(=O)Nc2cccc(Cl)c2)n(Cc2ccccc2)n1,CN(C)CCCOc1cc(C(=O)Nc2cc(F)cc(C(F)(F)F)c2)n(Cc2ccccc2)n1,CN(C)CCCOc1cc(C(=O)Nc2cc(F)cc(C(F)(F)F)c2)n(Cc2ccccc2)n1,O=C(Nc1ccccc1)c1ccnn1Cc1ccccc1,O=C(Nc1ccccc1)c1ccnn1Cc1ccccc1,True,True,True,,0.6764705882352942,1.0,464.4630000000001,464.4630000000001,0.0,True,4.672100000000003,4.672100000000003,0.0,True,0.369385517709234,0.369385517709234,0.0,True,,,,,,,,,,,,,,,,
target_oracle,mpair_00002483_cond_00_3p,mpair_00002483,eval,3,"LogP,HBA,RB",COc1cc(NC(=O)c2cc(OCCCN(C)C)nn2Cc2ccccc2)cc(OC)c1OC,CN(C)CCCOc1cc(C(=O)Nc2ccc(OC(F)(F)F)cc2)n(Cc2ccccc2)n1,CN(C)CCCOc1cc(C(=O)Nc2ccc(OC(F)(F)F)cc2)n(Cc2ccccc2)n1,O=C(Nc1ccccc1)c1ccnn1Cc1ccccc1,O=C(Nc1ccccc1)c1ccnn1Cc1ccccc1,True,True,True,,0.6764705882352942,1.0,,,,,4.412800000000003,4.412800000000003,0.0,True,,,,,,,,,,,,,6.0,6.0,0.0,True,10.0,10.0,0.0,True
target_oracle,mpair_00002488_cond_01_3p,mpair_00002488,eval,3,"LogP,TPSA,HBD",C=Cc1cc(C(=O)OCC)n(S(=O)(=O)c2cc(Cl)ccc2N)c1,CC(C)OC(=O)c1cc(CO)cn1S(=O)(=O)c1cc(Cl)ccc1N,CC(C)OC(=O)c1cc(CO)cn1S(=O)(=O)c1cc(Cl)ccc1N,O=S(=O)(c1ccccc1)n1cccc1,O=S(=O)(c1ccccc1)n1cccc1,True,True,True,,0.5396825396825397,1.0,,,,,2.0182,2.0182,0.0,True,,,,,111.61999999999999,111.61999999999999,0.0,True,2.0,2.0,0.0,True,,,,,,,,
target_oracle,mpair_00002498_cond_01_3p,mpair_00002498,eval,3,"MW,QED,RB",CCc1ccc(NC2=C(Cl)C(=O)c3ncncc3C2=O)cc1,O=C1C(Nc2cccc(Br)c2)=C(Cl)C(=O)c2ncncc21,O=C1C(Nc2cccc(Br)c2)=C(Cl)C(=O)c2ncncc21,O=C1C(Nc2ccccc2)=CC(=O)c2ncncc21,O=C1C(Nc2ccccc2)=CC(=O)c2ncncc21,True,True,True,,0.5882352941176471,1.0,364.58600000000007,364.58600000000007,0.0,True,,,,,0.885902971993687,0.885902971993687,0.0,True,,,,,,,,,,,,,2.0,2.0,0.0,True
target_oracle,mpair_00002502_cond_02_3p,mpair_00002502,eval,3,"MW,QED,RB",O=C1C(Nc2cccc(Br)c2)=C(Cl)C(=O)c2ncncc21,CCc1ccc(NC2=C(Cl)C(=O)c3ncncc3C2=O)cc1,CCc1ccc(NC2=C(Cl)C(=O)c3ncncc3C2=O)cc1,O=C1C(Nc2ccccc2)=CC(=O)c2ncncc21,O=C1C(Nc2ccccc2)=CC(=O)c2ncncc21,True,True,True,,0.5882352941176471,1.0,313.744,313.744,0.0,True,,,,,0.9428073960459649,0.9428073960459649,0.0,True,,,,,,,,,,,,,3.0,3.0,0.0,True
target_oracle,mpair_00002505_cond_02_3p,mpair_00002505,eval,3,"QED,HBA,RB",COc1ccc(C(=O)CN2c3ccccc3C(=O)N(Cc3ccccc3)S2(=O)=O)cc1,O=C(CN1c2ccccc2C(=O)N(Cc2ccccc2)S1(=O)=O)c1ccccc1,O=C(CN1c2ccccc2C(=O)N(Cc2ccccc2)S1(=O)=O)c1ccccc1,O=C(CN1c2ccccc2C(=O)N(Cc2ccccc2)S1(=O)=O)c1ccccc1,O=C(CN1c2ccccc2C(=O)N(Cc2ccccc2)S1(=O)=O)c1ccccc1,True,True,True,,0.7916666666666666,1.0,,,,,,,,,0.6096951629926923,0.6096951629926923,0.0,True,,,,,,,,,4.0,4.0,0.0,True,5.0,5.0,0.0,True
target_oracle,mpair_00002516_cond_02_3p,mpair_00002516,eval,3,"LogP,TPSA,HBA",CSc1cc(-c2ccc(Cl)cc2)oc(=O)c1Br,CSc1cc(-c2ccc(Br)cc2)oc(=O)c1C#N,CSc1cc(-c2ccc(Br)cc2)oc(=O)c1C#N,O=c1cccc(-c2ccccc2)o1,O=c1cccc(-c2ccccc2)o1,True,True,True,,0.5333333333333333,1.0,,,,,3.662880000000002,3.662880000000002,0.0,True,,,,,54.0,54.0,0.0,True,,,,,4.0,4.0,0.0,True,,,,
target_oracle,mpair_00002546_cond_01_3p,mpair_00002546,eval,3,"MW,QED,HBA",CSc1cc(-c2ccc(Br)cc2)oc(=O)c1Br,CSc1cc(-c2ccc(Br)cc2)oc(=O)c1C#N,CSc1cc(-c2ccc(Br)cc2)oc(=O)c1C#N,O=c1cccc(-c2ccccc2)o1,O=c1cccc(-c2ccccc2)o1,True,True,True,,0.675,1.0,322.1830000000001,322.1830000000001,0.0,True,,,,,0.791886779601309,0.791886779601309,0.0,True,,,,,,,,,4.0,4.0,0.0,True,,,,
target_oracle,mpair_00002560_cond_02_3p,mpair_00002560,eval,3,"MW,QED,HBA",CSc1nc(-c2ccc(Cl)cc2)nn1C(=O)N(C)c1ccccc1,CSc1nc(-c2ccc(OC(F)(F)F)cc2)nn1C(=O)N(C)c1ccccc1,CSc1nc(-c2ccc(OC(F)(F)F)cc2)nn1C(=O)N(C)c1ccccc1,O=C(Nc1ccccc1)n1cnc(-c2ccccc2)n1,O=C(Nc1ccccc1)n1cnc(-c2ccccc2)n1,True,True,True,,0.7037037037037037,1.0,408.4050000000001,408.4050000000001,0.0,True,,,,,0.5874043626188404,0.5874043626188404,0.0,True,,,,,,,,,6.0,6.0,0.0,True,,,,
target_oracle,mpair_00002570_cond_01_3p,mpair_00002570,eval,3,"QED,TPSA,HBA",CCN(CC)C(=O)OCC1CN(C(=O)c2cc(OC)c(OC)c(OC)c2)CCN1C(=O)c1cc(OC)c(OC)c(OC)c1,COc1cc(C(=O)N2CCN(C(=O)c3cc(OC)c(OC)c(OC)c3)CC2)cc(OC)c1OC,COc1cc(C(=O)N2CCN(C(=O)c3cc(OC)c(OC)c(OC)c3)CC2)cc(OC)c1OC,O=C(c1ccccc1)N1CCN(C(=O)c2ccccc2)CC1,O=C(c1ccccc1)N1CCN(C(=O)c2ccccc2)CC1,True,True,True,,0.52,1.0,,,,,,,,,0.5754127815390553,0.5754127815390553,0.0,True,96.00000000000001,96.00000000000001,0.0,True,,,,,8.0,8.0,0.0,True,,,,
target_oracle,mpair_00002580_cond_00_3p,mpair_00002580,eval,3,"LogP,HBD,HBA",COc1cc(C(=O)N2CCN(C(=O)c3cc(OC)c(OC)c(OC)c3)C(COC(C)=O)C2)cc(OC)c1OC,COc1cc(C(=O)N2CCN(C(=O)c3cc(OC)c(OC)c(OC)c3)C(CO)C2)cc(OC)c1OC,COc1cc(C(=O)N2CCN(C(=O)c3cc(OC)c(OC)c(OC)c3)C(CO)C2)cc(OC)c1OC,O=C(c1ccccc1)N1CCN(C(=O)c2ccccc2)CC1,O=C(c1ccccc1)N1CCN(C(=O)c2ccccc2)CC1,True,True,True,,0.75,1.0,,,,,1.6973000000000003,1.6973000000000003,0.0,True,,,,,,,,,1.0,1.0,0.0,True,9.0,9.0,0.0,True,,,,
target_oracle,mpair_00002585_cond_01_3p,mpair_00002585,eval,3,"QED,TPSA,RB",COc1cc(C(=O)N2CCN(C(=O)c3cc(OC)c(OC)c(OC)c3)C(COC(C)=O)C2)cc(OC)c1OC,COc1cc(C(=O)N2CCN(C(=O)c3cc(OC)c(OC)c(OC)c3)CC2)cc(OC)c1OC,COc1cc(C(=O)N2CCN(C(=O)c3cc(OC)c(OC)c(OC)c3)CC2)cc(OC)c1OC,O=C(c1ccccc1)N1CCN(C(=O)c2ccccc2)CC1,O=C(c1ccccc1)N1CCN(C(=O)c2ccccc2)CC1,True,True,True,,0.5777777777777777,1.0,,,,,,,,,0.5754127815390553,0.5754127815390553,0.0,True,96.00000000000001,96.00000000000001,0.0,True,,,,,,,,,8.0,8.0,0.0,True
target_oracle,mpair_00002590_cond_00_3p,mpair_00002590,eval,3,"MW,HBD,RB",COc1cc(C(=O)N2CCN(C(=O)c3cc(OC)c(OC)c(OC)c3)C(COC(=O)NCCC(C)C)C2)cc(OC)c1OC,COc1cc(C(=O)N2CCN(C(=O)c3cc(OC)c(OC)c(OC)c3)C(COC(C)=O)C2)cc(OC)c1OC,COc1cc(C(=O)N2CCN(C(=O)c3cc(OC)c(OC)c(OC)c3)C(COC(C)=O)C2)cc(OC)c1OC,O=C(c1ccccc1)N1CCN(C(=O)c2ccccc2)CC1,O=C(c1ccccc1)N1CCN(C(=O)c2ccccc2)CC1,True,True,True,,0.7017543859649122,1.0,546.5730000000003,546.5730000000003,0.0,True,,,,,,,,,,,,,0.0,0.0,0.0,True,,,,,10.0,10.0,0.0,True
target_oracle,mpair_00002596_cond_02_3p,mpair_00002596,eval,3,"HBD,HBA,RB",COc1ccc(C(=O)Nc2c(F)cncc2F)c2ccc(C(F)(F)F)nc12,COc1ccc(C(=O)Nc2c(Cl)cncc2Cl)c2ccc(C(C)O)nc12,COc1ccc(C(=O)Nc2c(Cl)cncc2Cl)c2ccc(C(C)O)nc12,O=C(Nc1ccncc1)c1cccc2ncccc12,O=C(Nc1ccncc1)c1cccc2ncccc12,True,True,True,,0.532258064516129,1.0,,,,,,,,,,,,,,,,,2.0,2.0,0.0,True,5.0,5.0,0.0,True,4.0,4.0,0.0,True
target_oracle,mpair_00002601_cond_01_3p,mpair_00002601,eval,3,"MW,LogP,QED",COc1ccc(C(=O)Nc2ccncc2Cl)c2cccnc12,COc1ccc(C(=O)Nc2ccncc2Cl)c2ccc(C(F)(F)F)nc12,COc1ccc(C(=O)Nc2ccncc2Cl)c2ccc(C(F)(F)F)nc12,O=C(Nc1ccncc1)c1cccc2ncccc12,O=C(Nc1ccncc1)c1cccc2ncccc12,True,True,True,,0.6724137931034483,1.0,381.74100000000004,381.74100000000004,0.0,True,4.562900000000002,4.562900000000002,0.0,True,0.7218484507203837,0.7218484507203837,0.0,True,,,,,,,,,,,,,,,,
target_oracle,mpair_00002605_cond_01_3p,mpair_00002605,eval,3,"TPSA,HBD,HBA",COc1ccc(C(=O)Nc2c(Cl)cncc2Cl)c2ccc(C(C)O)nc12,COc1ccc(C(=O)Nc2c(F)cncc2F)c2ccc(C(F)(F)F)nc12,COc1ccc(C(=O)Nc2c(F)cncc2F)c2ccc(C(F)(F)F)nc12,O=C(Nc1ccncc1)c1cccc2ncccc12,O=C(Nc1ccncc1)c1cccc2ncccc12,True,True,True,,0.532258064516129,1.0,,,,,,,,,,,,,64.11,64.11,0.0,True,1.0,1.0,0.0,True,4.0,4.0,0.0,True,,,,
target_oracle,mpair_00002610_cond_02_3p,mpair_00002610,eval,3,"LogP,TPSA,HBD",CCc1ccc2c(C(=O)Nc3c(Cl)cncc3Cl)ccc(OC)c2n1,COc1ccc(C(=O)Nc2c(Cl)cncc2Cl)c2ccc(C(C)O)nc12,COc1ccc(C(=O)Nc2c(Cl)cncc2Cl)c2ccc(C(C)O)nc12,O=C(Nc1ccncc1)c1cccc2ncccc12,O=C(Nc1ccncc1)c1cccc2ncccc12,True,True,True,,0.6964285714285714,1.0,,,,,4.2508000000000035,4.2508000000000035,0.0,True,,,,,84.34,84.34,0.0,True,2.0,2.0,0.0,True,,,,,,,,
target_oracle,mpair_00002617_cond_00_3p,mpair_00002617,eval,3,"TPSA,HBA,RB",COc1ccc(C(=O)Nc2c(Cl)cncc2Cl)c2ccc(C(C)=O)nc12,COc1ccc(C(=O)Nc2ccncc2Cl)c2ccc(C(F)(F)F)nc12,COc1ccc(C(=O)Nc2ccncc2Cl)c2ccc(C(F)(F)F)nc12,O=C(Nc1ccncc1)c1cccc2ncccc12,O=C(Nc1ccncc1)c1cccc2ncccc12,True,True,True,,0.5396825396825397,1.0,,,,,,,,,,,,,64.11,64.11,0.0,True,,,,,4.0,4.0,0.0,True,3.0,3.0,0.0,True
target_oracle,mpair_00002624_cond_01_3p,mpair_00002624,eval,3,"MW,LogP,QED",COc1ccc(C(=O)Nc2ccncc2Cl)c2ccc(C(F)(F)F)nc12,COc1ccc(C(=O)Nc2ccncc2Cl)c2cccnc12,COc1ccc(C(=O)Nc2ccncc2Cl)c2cccnc12,O=C(Nc1ccncc1)c1cccc2ncccc12,O=C(Nc1ccncc1)c1cccc2ncccc12,True,True,True,,0.6724137931034483,1.0,313.744,313.744,0.0,True,3.544100000000002,3.544100000000002,0.0,True,0.8029165077767629,0.8029165077767629,0.0,True,,,,,,,,,,,,,,,,
target_oracle,mpair_00002631_cond_01_3p,mpair_00002631,eval,3,"LogP,HBD,HBA",CC(C)(C)[C@H](O)C(=O)N1C[C@H](c2ccccc2)C[C@H]1C(=O)N[C@@H](CC(F)F)C(=O)NCCc1c(F)cc(C(=O)O)cc1F,CC(C)CC(=O)N1C[C@H](c2ccccc2)C[C@H]1C(=O)N[C@@H](CC(F)F)C(=O)NCCc1c(F)cc(C(=O)O)cc1F,CC(C)CC(=O)N1C[C@H](c2ccccc2)C[C@H]1C(=O)N[C@@H](CC(F)F)C(=O)NCCc1c(F)cc(C(=O)O)cc1F,O=C(CNC(=O)[C@@H]1C[C@@H](c2ccccc2)CN1)NCCc1ccccc1,O=C(CNC(=O)[C@@H]1C[C@@H](c2ccccc2)CN1)NCCc1ccccc1,True,True,True,,0.7567567567567568,1.0,,,,,3.892500000000002,3.892500000000002,0.0,True,,,,,,,,,3.0,3.0,0.0,True,4.0,4.0,0.0,True,,,,
target_oracle,mpair_00003115_cond_01_3p,mpair_00003115,eval,3,"MW,LogP,QED",Cc1nc2nncnn2c(=O)c1C,Cc1nc2nnc(C(C)(C)C)nn2c(=O)c1C,Cc1nc2nnc(C(C)(C)C)nn2c(=O)c1C,O=c1ccnc2nncnn12,O=c1ccnc2nncnn12,True,True,True,,0.48717948717948717,1.0,233.27499999999998,233.27499999999998,0.0,True,0.7938399999999997,0.7938399999999997,0.0,True,0.6723856505150625,0.6723856505150625,0.0,True,,,,,,,,,,,,,,,,
target_oracle,mpair_00003206_cond_01_3p,mpair_00003206,eval,3,"MW,LogP,HBA",CCOC(=O)N1CCN(S(=O)(=O)c2ccc(-n3ncc(=O)[nH]c3=O)cc2Cl)CC1,Cc1cc(-n2ncc(=O)[nH]c2=O)ccc1S(=O)(=O)N1CCN(C=O)CC1,Cc1cc(-n2ncc(=O)[nH]c2=O)ccc1S(=O)(=O)N1CCN(C=O)CC1,O=c1cnn(-c2ccc(S(=O)(=O)N3CCNCC3)cc2)c(=O)[nH]1,O=c1cnn(-c2ccc(S(=O)(=O)N3CCNCC3)cc2)c(=O)[nH]1,True,True,True,,0.5625,1.0,379.39800000000025,379.39800000000025,0.0,True,-1.3080799999999981,-1.3080799999999981,0.0,True,,,,,,,,,,,,,7.0,7.0,0.0,True,,,,
target_oracle,mpair_00003210_cond_01_3p,mpair_00003210,eval,3,"MW,LogP,RB",CC[C@H]1OC(=O)[C@H](C)[C@@H](O)[C@H](C)[C@@H](OC2O[C@H](C)C[C@H](N(C)C)C2O)[C@@](C)(OC)C[C@@H](C)C(=O)[C@H](C)[C@@H](O)[C@]1(C)O,CC[C@H]1OC(=O)[C@H](C)[C@@H](OC(C)=O)[C@H](C)[C@@H](OC2O[C@H](C)C[C@H](N(C)C)C2O)[C@@](C)(OC)C[C@@H](C)C(=O)[C@H](C)[C@@H](O)[C@]1(C)O,CC[C@H]1OC(=O)[C@H](C)[C@@H](OC(C)=O)[C@H](C)[C@@H](OC2O[C@H](C)C[C@H](N(C)C)C2O)[C@@](C)(OC)C[C@@H](C)C(=O)[C@H](C)[C@@H](O)[C@]1(C)O,O=C1CCCCOC(=O)CCC[C@@H](OC2CCCCO2)CCC1,O=C1CCCCOC(=O)CCC[C@@H](OC2CCCCO2)CCC1,True,True,True,,0.821917808219178,1.0,631.8040000000003,631.8040000000003,0.0,True,2.0853000000000033,2.0853000000000033,0.0,True,,,,,,,,,,,,,,,,,6.0,6.0,0.0,True
target_oracle,mpair_00003219_cond_02_3p,mpair_00003219,eval,3,"MW,LogP,QED",COc1ccc(S(=O)(=O)N(Cc2cccnc2)c2c(C)cccc2C(=O)NO)cc1,COc1ccc(S(=O)(=O)N(Cc2cccnc2)c2c(C)cc(Br)cc2C(=O)NO)cc1,COc1ccc(S(=O)(=O)N(Cc2cccnc2)c2c(C)cc(Br)cc2C(=O)NO)cc1,O=S(=O)(c1ccccc1)N(Cc1cccnc1)c1ccccc1,O=S(=O)(c1ccccc1)N(Cc1cccnc1)c1ccccc1,True,True,True,,0.819672131147541,1.0,506.37800000000016,506.37800000000016,0.0,True,3.675620000000001,3.675620000000001,0.0,True,0.3740614499694089,0.3740614499694089,0.0,True,,,,,,,,,,,,,,,,
target_oracle,mpair_00003223_cond_01_3p,mpair_00003223,eval,3,"MW,LogP,QED",COc1ccc(S(=O)(=O)N(Cc2cccnc2)c2c(C)cc(Br)cc2C(=O)NO)cc1,COc1ccc(S(=O)(=O)N(Cc2cccnc2)c2c(C)cccc2C(=O)NO)cc1,COc1ccc(S(=O)(=O)N(Cc2cccnc2)c2c(C)cccc2C(=O)NO)cc1,O=S(=O)(c1ccccc1)N(Cc1cccnc1)c1ccccc1,O=S(=O)(c1ccccc1)N(Cc1cccnc1)c1ccccc1,True,True,True,,0.819672131147541,1.0,427.48200000000014,427.48200000000014,0.0,True,2.91312,2.91312,0.0,True,0.44330794633881315,0.44330794633881315,0.0,True,,,,,,,,,,,,,,,,
target_oracle,mpair_00003535_cond_02_3p,mpair_00003535,eval,3,"MW,LogP,QED",O=S(=O)(CC(F)(F)F)N(Cc1cccnc1)c1cccc(OC(F)(F)F)c1,COc1cccc(N(Cc2cccnc2)S(=O)(=O)CC(F)(F)F)c1,COc1cccc(N(Cc2cccnc2)S(=O)(=O)CC(F)(F)F)c1,c1ccc(NCc2cccnc2)cc1,c1ccc(NCc2cccnc2)cc1,True,True,True,,0.8076923076923077,1.0,360.3570000000001,360.3570000000001,0.0,True,2.988900000000002,2.988900000000002,0.0,True,0.7946521442277092,0.7946521442277092,0.0,True,,,,,,,,,,,,,,,,
target_oracle,mpair_00003540_cond_01_3p,mpair_00003540,eval,3,"QED,TPSA,HBA",CCCC(C)Oc1cccc(N(Cc2cccnc2)S(=O)(=O)CC(F)(F)F)c1,CCOC(=O)C(C)Oc1cccc(N(Cc2cccnc2)S(=O)(=O)CC(F)(F)F)c1,CCOC(=O)C(C)Oc1cccc(N(Cc2cccnc2)S(=O)(=O)CC(F)(F)F)c1,c1ccc(NCc2cccnc2)cc1,c1ccc(NCc2cccnc2)cc1,True,True,True,,0.746031746031746,1.0,,,,,,,,,0.5496815697636838,0.5496815697636838,0.0,True,85.80000000000001,85.80000000000001,0.0,True,,,,,6.0,6.0,0.0,True,,,,
target_oracle,mpair_00003546_cond_02_3p,mpair_00003546,eval,3,"MW,LogP,QED",COc1cccc(N(Cc2cccnc2)S(=O)(=O)CC(F)(F)F)c1,CCCC(C)Oc1cccc(N(Cc2cccnc2)S(=O)(=O)CC(F)(F)F)c1,CCCC(C)Oc1cccc(N(Cc2cccnc2)S(=O)(=O)CC(F)(F)F)c1,c1ccc(NCc2cccnc2)cc1,c1ccc(NCc2cccnc2)cc1,True,True,True,,0.7413793103448276,1.0,416.4650000000001,416.4650000000001,0.0,True,4.547700000000003,4.547700000000003,0.0,True,0.6018859517288218,0.6018859517288218,0.0,True,,,,,,,,,,,,,,,,
target_oracle,mpair_00000014_cond_02_4p,mpair_00000014,eval,4,"MW,LogP,TPSA,HBA",O=C(O)[C@@H]1C[C@H]2C[C@@H](CCS(=O)(=O)O)CC[C@H]2CN1,O=C(O)CC[C@H]1CC[C@H]2CN[C@H](C(=O)O)C[C@H]2C1,O=C(O)CC[C@H]1CC[C@H]2CN[C@H](C(=O)O)C[C@H]2C1,C1CC[C@H]2CNCC[C@H]2C1,C1CC[C@H]2CNCC[C@H]2C1,True,True,True,,0.6829268292682927,1.0,255.314,255.314,0.0,True,1.3301999999999996,1.3301999999999996,0.0,True,,,,,86.63000000000001,86.63000000000001,0.0,True,,,,,3.0,3.0,0.0,True,,,,
target_oracle,mpair_00000322_cond_02_4p,mpair_00000322,eval,4,"MW,LogP,QED,HBA",N[C@@H](C(=O)N[C@@H]1C(=O)N2C(C(=O)O)=C(C(F)(F)F)CC[C@H]12)c1cccc(C(F)(F)F)c1,CSC1=C(C(=O)O)N2C(=O)[C@@H](NC(=O)[C@H](N)c3ccccc3)[C@H]2CC1,CSC1=C(C(=O)O)N2C(=O)[C@@H](NC(=O)[C@H](N)c3ccccc3)[C@H]2CC1,O=C(Cc1ccccc1)N[C@@H]1C(=O)N2C=CCC[C@H]12,O=C(Cc1ccccc1)N[C@@H]1C(=O)N2C=CCC[C@H]12,True,True,True,,0.5757575757575758,1.0,361.42300000000006,361.42300000000006,0.0,True,0.8350000000000002,0.8350000000000002,0.0,True,0.6699274889764619,0.6699274889764619,0.0,True,,,,,,,,,5.0,5.0,0.0,True,,,,
target_oracle,mpair_00000326_cond_02_4p,mpair_00000326,eval,4,"MW,QED,TPSA,HBD",N[C@@H](C(=O)N[C@@H]1C(=O)N2C(C(=O)O)=C(C(F)(F)F)CC[C@H]12)c1ccc(O)cc1,CSC1=C(C(=O)O)N2C(=O)[C@@H](NC(=O)[C@H](N)c3ccccc3)[C@H]2CC1,CSC1=C(C(=O)O)N2C(=O)[C@@H](NC(=O)[C@H](N)c3ccccc3)[C@H]2CC1,O=C(Cc1ccccc1)N[C@@H]1C(=O)N2C=CCC[C@H]12,O=C(Cc1ccccc1)N[C@@H]1C(=O)N2C=CCC[C@H]12,True,True,True,,0.5873015873015873,1.0,361.42300000000006,361.42300000000006,0.0,True,,,,,0.6699274889764619,0.6699274889764619,0.0,True,112.73,112.73,0.0,True,3.0,3.0,0.0,True,,,,,,,,
target_oracle,mpair_00000339_cond_02_4p,mpair_00000339,eval,4,"MW,LogP,HBD,HBA",N[C@@H](C(=O)N[C@@H]1C(=O)N2C(C(=O)O)=C(C(F)(F)F)CC[C@H]12)c1cccc(C(F)(F)F)c1,N[C@@H](C(=O)N[C@@H]1C(=O)N2C(C(=O)O)=C(C(F)(F)F)CC[C@H]12)c1ccc(O)cc1,N[C@@H](C(=O)N[C@@H]1C(=O)N2C(C(=O)O)=C(C(F)(F)F)CC[C@H]12)c1ccc(O)cc1,O=C(Cc1ccccc1)N[C@@H]1C(=O)N2C=CCC[C@H]12,O=C(Cc1ccccc1)N[C@@H]1C(=O)N2C=CCC[C@H]12,True,True,True,,0.7377049180327869,1.0,399.3250000000001,399.3250000000001,0.0,True,0.7823999999999993,0.7823999999999993,0.0,True,,,,,,,,,4.0,4.0,0.0,True,5.0,5.0,0.0,True,,,,
target_oracle,mpair_00000588_cond_02_4p,mpair_00000588,eval,4,"QED,TPSA,HBD,HBA",OC[C@@H]1N[C@@H](CCCCc2ccc(O)cc2)[C@H](O)[C@H]1O,OC[C@@H]1N[C@@H](CCCCc2cc(F)cc(F)c2)[C@H](O)[C@H]1O,OC[C@@H]1N[C@@H](CCCCc2cc(F)cc(F)c2)[C@H](O)[C@H]1O,c1ccc(CCCC[C@H]2CCCN2)cc1,c1ccc(CCCC[C@H]2CCCN2)cc1,True,True,True,,0.625,1.0,,,,,,,,,0.5846986769843887,0.5846986769843887,0.0,True,72.72,72.72,0.0,True,4.0,4.0,0.0,True,4.0,4.0,0.0,True,,,,
target_oracle,mpair_00000728_cond_00_4p,mpair_00000728,eval,4,"MW,LogP,HBD,RB",C=CCc1cc(/C=C2\SC(=O)NC2=O)c(OC)cc1OC1CCCCO1,C=CCc1cc(/C=C2\SC(=O)N(CCCC)C2=O)c(OC)cc1OC1CCCCO1,C=CCc1cc(/C=C2\SC(=O)N(CCCC)C2=O)c(OC)cc1OC1CCCCO1,O=C1NC(=O)/C(=C/c2ccc(OC3CCCCO3)cc2)S1,O=C1NC(=O)/C(=C/c2ccc(OC3CCCCO3)cc2)S1,True,True,True,,0.6571428571428571,1.0,431.55400000000026,431.55400000000026,0.0,True,5.165500000000004,5.165500000000004,0.0,True,,,,,,,,,0.0,0.0,0.0,True,,,,,9.0,9.0,0.0,True
target_oracle,mpair_00000735_cond_02_4p,mpair_00000735,eval,4,"MW,LogP,QED,HBD",C=CCc1cc(/C=C2\SC(=O)N(CC=C(C)C)C2=O)c(OC)cc1OC1CCCCO1,C=CCc1cc(/C=C2\SC(=O)NC2=O)c(OC)cc1OC1CCCCO1,C=CCc1cc(/C=C2\SC(=O)NC2=O)c(OC)cc1OC1CCCCO1,O=C1NC(=O)/C(=C/c2ccc(OC3CCCCO3)cc2)S1,O=C1NC(=O)/C(=C/c2ccc(OC3CCCCO3)cc2)S1,True,True,True,,0.647887323943662,1.0,375.4460000000002,375.4460000000002,0.0,True,3.6530000000000022,3.6530000000000022,0.0,True,0.6042673504148035,0.6042673504148035,0.0,True,,,,,1.0,1.0,0.0,True,,,,,,,,
target_oracle,mpair_00000753_cond_02_4p,mpair_00000753,eval,4,"MW,TPSA,HBA,RB",O=C1CCC[C@H]2OC[C@@H](Cc3c[nH]c4ccccc34)N12,COC(=O)C[C@@H]1CC(=O)N2[C@H](Cc3c[nH]c4ccccc34)CO[C@@H]2C1,COC(=O)C[C@@H]1CC(=O)N2[C@H](Cc3c[nH]c4ccccc34)CO[C@@H]2C1,O=C1CCC[C@H]2OC[C@@H](Cc3c[nH]c4ccccc34)N12,O=C1CCC[C@H]2OC[C@@H](Cc3c[nH]c4ccccc34)N12,True,True,True,,0.578125,1.0,342.39500000000015,342.39500000000015,0.0,True,,,,,,,,,71.63000000000001,71.63000000000001,0.0,True,,,,,4.0,4.0,0.0,True,4.0,4.0,0.0,True
target_oracle,mpair_00001118_cond_00_4p,mpair_00001118,eval,4,"QED,HBD,HBA,RB",Cc1ccc(N2CCN(CCC3NC(=O)c4ccccc43)CC2)cc1C,COc1ccc(N2CCN(CCC3c4ccccc4C(=O)N3C)CC2)cc1,COc1ccc(N2CCN(CCC3c4ccccc4C(=O)N3C)CC2)cc1,O=C1NC(CCN2CCN(c3ccccc3)CC2)c2ccccc21,O=C1NC(CCN2CCN(c3ccccc3)CC2)c2ccccc21,True,True,True,,0.4444444444444444,1.0,,,,,,,,,0.8160326048332845,0.8160326048332845,0.0,True,,,,,0.0,0.0,0.0,True,4.0,4.0,0.0,True,5.0,5.0,0.0,True
target_oracle,mpair_00001616_cond_00_4p,mpair_00001616,eval,4,"QED,TPSA,HBA,RB",CC1CC(C)(C)Nc2ccc3c(c21)COc1c-3cc(F)cc1[N+](=O)[O-],CC1CC(C)(C)Nc2ccc3c(c21)COc1c(F)cc(F)cc1-3,CC1CC(C)(C)Nc2ccc3c(c21)COc1c(F)cc(F)cc1-3,c1ccc2c(c1)OCc1c-2ccc2c1CCCN2,c1ccc2c(c1)OCc1c-2ccc2c1CCCN2,True,True,True,,0.7321428571428571,1.0,,,,,,,,,0.719238819171056,0.719238819171056,0.0,True,21.259999999999998,21.259999999999998,0.0,True,,,,,2.0,2.0,0.0,True,0.0,0.0,0.0,True
target_oracle,mpair_00001619_cond_00_4p,mpair_00001619,eval,4,"QED,TPSA,HBA,RB",CC1CC(C)(C)Nc2ccc3c(c21)COc1c-3cc(F)cc1[N+](=O)[O-],Cc1cc(F)cc2c1OCc1c-2ccc2c1C(C)CC(C)(C)N2,Cc1cc(F)cc2c1OCc1c-2ccc2c1C(C)CC(C)(C)N2,c1ccc2c(c1)OCc1c-2ccc2c1CCCN2,c1ccc2c(c1)OCc1c-2ccc2c1CCCN2,True,True,True,,0.7192982456140351,1.0,,,,,,,,,0.7039179552802654,0.7039179552802654,0.0,True,21.259999999999998,21.259999999999998,0.0,True,,,,,2.0,2.0,0.0,True,0.0,0.0,0.0,True
target_oracle,mpair_00002471_cond_01_4p,mpair_00002471,eval,4,"MW,LogP,TPSA,RB",CN(C)CCCOc1cc(C(=O)Nc2ccc(Cl)cc2F)n(Cc2ccccc2)n1,COc1cc(NC(=O)c2cc(OCCCN(C)C)nn2Cc2ccccc2)cc(OC)c1OC,COc1cc(NC(=O)c2cc(OCCCN(C)C)nn2Cc2ccccc2)cc(OC)c1OC,O=C(Nc1ccccc1)c1ccnn1Cc1ccccc1,O=C(Nc1ccccc1)c1ccnn1Cc1ccccc1,True,True,True,,0.6376811594202898,1.0,468.5540000000002,468.5540000000002,0.0,True,3.5400000000000027,3.5400000000000027,0.0,True,,,,,87.08000000000001,87.08000000000001,0.0,True,,,,,,,,,12.0,12.0,0.0,True
target_oracle,mpair_00002483_cond_02_4p,mpair_00002483,eval,4,"LogP,TPSA,HBA,RB",COc1cc(NC(=O)c2cc(OCCCN(C)C)nn2Cc2ccccc2)cc(OC)c1OC,CN(C)CCCOc1cc(C(=O)Nc2ccc(OC(F)(F)F)cc2)n(Cc2ccccc2)n1,CN(C)CCCOc1cc(C(=O)Nc2ccc(OC(F)(F)F)cc2)n(Cc2ccccc2)n1,O=C(Nc1ccccc1)c1ccnn1Cc1ccccc1,O=C(Nc1ccccc1)c1ccnn1Cc1ccccc1,True,True,True,,0.6764705882352942,1.0,,,,,4.412800000000003,4.412800000000003,0.0,True,,,,,68.62,68.62,0.0,True,,,,,6.0,6.0,0.0,True,10.0,10.0,0.0,True
target_oracle,mpair_00002509_cond_01_4p,mpair_00002509,eval,4,"MW,LogP,QED,TPSA",CSc1cc(-c2ccc(Br)cc2)oc(=O)c1C#N,CSc1cc(-c2ccc(Br)cc2)oc(=O)c1Br,CSc1cc(-c2ccc(Br)cc2)oc(=O)c1Br,O=c1cccc(-c2ccccc2)o1,O=c1cccc(-c2ccccc2)o1,True,True,True,,0.675,1.0,376.0690000000001,376.0690000000001,0.0,True,4.553700000000002,4.553700000000002,0.0,True,0.7207772389894862,0.7207772389894862,0.0,True,30.21,30.21,0.0,True,,,,,,,,,,,,
target_oracle,mpair_00002541_cond_00_4p,mpair_00002541,eval,4,"MW,QED,TPSA,RB",CCOC(=O)c1c(SC)c(C#N)c(-c2ccc(Br)cc2)oc1=O,CSc1cc(-c2ccc(Br)cc2)oc(=O)c1C#N,CSc1cc(-c2ccc(Br)cc2)oc(=O)c1C#N,O=c1cccc(-c2ccccc2)o1,O=c1cccc(-c2ccccc2)o1,True,True,True,,0.43103448275862066,1.0,322.1830000000001,322.1830000000001,0.0,True,,,,,0.791886779601309,0.791886779601309,0.0,True,54.0,54.0,0.0,True,,,,,,,,,2.0,2.0,0.0,True
target_oracle,mpair_00002559_cond_00_4p,mpair_00002559,eval,4,"MW,LogP,QED,RB",CN(C(=O)n1nc(-c2ccc(Cl)cc2)nc1SCC(F)(F)F)c1ccccc1,CSc1nc(-c2ccc(C)cc2)nn1C(=O)N(C)c1ccccc1,CSc1nc(-c2ccc(C)cc2)nn1C(=O)N(C)c1ccccc1,O=C(Nc1ccccc1)n1cnc(-c2ccccc2)n1,O=C(Nc1ccccc1)n1cnc(-c2ccccc2)n1,True,True,True,,0.5862068965517241,1.0,338.43600000000004,338.43600000000004,0.0,True,4.079920000000002,4.079920000000002,0.0,True,0.6753188675979567,0.6753188675979567,0.0,True,,,,,,,,,,,,,3.0,3.0,0.0,True
target_oracle,mpair_00002569_cond_01_4p,mpair_00002569,eval,4,"TPSA,HBD,HBA,RB",COc1cc(C(=O)N2CCN(C(=O)c3cc(OC)c(OC)c(OC)c3)CC2)cc(OC)c1OC,COc1cc(C(=O)N2CCN(C(=O)c3cc(OC)c(OC)c(OC)c3)C(CO)C2)cc(OC)c1OC,COc1cc(C(=O)N2CCN(C(=O)c3cc(OC)c(OC)c(OC)c3)C(CO)C2)cc(OC)c1OC,O=C(c1ccccc1)N1CCN(C(=O)c2ccccc2)CC1,O=C(c1ccccc1)N1CCN(C(=O)c2ccccc2)CC1,True,True,True,,0.6341463414634146,1.0,,,,,,,,,,,,,116.23000000000002,116.23000000000002,0.0,True,1.0,1.0,0.0,True,9.0,9.0,0.0,True,9.0,9.0,0.0,True
target_oracle,mpair_00002581_cond_00_4p,mpair_00002581,eval,4,"LogP,QED,TPSA,HBA",COc1cc(C(=O)N2CCN(C(=O)c3cc(OC)c(OC)c(OC)c3)C(COC(=O)CC(C)(C)C)C2)cc(OC)c1OC,COc1cc(C(=O)N2CCN(C(=O)c3cc(OC)c(OC)c(OC)c3)CC2)cc(OC)c1OC,COc1cc(C(=O)N2CCN(C(=O)c3cc(OC)c(OC)c(OC)c3)CC2)cc(OC)c1OC,O=C(c1ccccc1)N1CCN(C(=O)c2ccccc2)CC1,O=C(c1ccccc1)N1CCN(C(=O)c2ccccc2)CC1,True,True,True,,0.52,1.0,,,,,2.3364000000000003,2.3364000000000003,0.0,True,0.5754127815390553,0.5754127815390553,0.0,True,96.00000000000001,96.00000000000001,0.0,True,,,,,8.0,8.0,0.0,True,,,,
target_oracle,mpair_00002592_cond_00_4p,mpair_00002592,eval,4,"MW,QED,TPSA,RB",COc1cc(C(=O)N2CCN(C(=O)c3cc(OC)c(OC)c(OC)c3)CC2)cc(OC)c1OC,COc1cc(C(=O)N2CCN(C(=O)c3cc(OC)c(OC)c(OC)c3)C(COC(C)=O)C2)cc(OC)c1OC,COc1cc(C(=O)N2CCN(C(=O)c3cc(OC)c(OC)c(OC)c3)C(COC(C)=O)C2)cc(OC)c1OC,O=C(c1ccccc1)N1CCN(C(=O)c2ccccc2)CC1,O=C(c1ccccc1)N1CCN(C(=O)c2ccccc2)CC1,True,True,True,,0.5777777777777777,1.0,546.5730000000003,546.5730000000003,0.0,True,,,,,0.41028124355120477,0.41028124355120477,0.0,True,122.30000000000001,122.30000000000001,0.0,True,,,,,,,,,10.0,10.0,0.0,True
target_oracle,mpair_00002596_cond_00_4p,mpair_00002596,eval,4,"TPSA,HBD,HBA,RB",COc1ccc(C(=O)Nc2c(F)cncc2F)c2ccc(C(F)(F)F)nc12,COc1ccc(C(=O)Nc2c(Cl)cncc2Cl)c2ccc(C(C)O)nc12,COc1ccc(C(=O)Nc2c(Cl)cncc2Cl)c2ccc(C(C)O)nc12,O=C(Nc1ccncc1)c1cccc2ncccc12,O=C(Nc1ccncc1)c1cccc2ncccc12,True,True,True,,0.532258064516129,1.0,,,,,,,,,,,,,84.34,84.34,0.0,True,2.0,2.0,0.0,True,5.0,5.0,0.0,True,4.0,4.0,0.0,True
target_oracle,mpair_00002607_cond_02_4p,mpair_00002607,eval,4,"MW,LogP,HBA,RB",COc1ccc(C(=O)Nc2ccncc2Cl)c2cccnc12,COc1ccc(C(=O)Nc2c(Cl)cncc2Cl)c2ccc(C(C)=O)nc12,COc1ccc(C(=O)Nc2c(Cl)cncc2Cl)c2ccc(C(C)=O)nc12,O=C(Nc1ccncc1)c1cccc2ncccc12,O=C(Nc1ccncc1)c1cccc2ncccc12,True,True,True,,0.5081967213114754,1.0,390.22600000000017,390.22600000000017,0.0,True,4.400100000000002,4.400100000000002,0.0,True,,,,,,,,,,,,,5.0,5.0,0.0,True,4.0,4.0,0.0,True
target_oracle,mpair_00002617_cond_01_4p,mpair_00002617,eval,4,"QED,TPSA,HBA,RB",COc1ccc(C(=O)Nc2c(Cl)cncc2Cl)c2ccc(C(C)=O)nc12,COc1ccc(C(=O)Nc2ccncc2Cl)c2ccc(C(F)(F)F)nc12,COc1ccc(C(=O)Nc2ccncc2Cl)c2ccc(C(F)(F)F)nc12,O=C(Nc1ccncc1)c1cccc2ncccc12,O=C(Nc1ccncc1)c1cccc2ncccc12,True,True,True,,0.5396825396825397,1.0,,,,,,,,,0.7218484507203837,0.7218484507203837,0.0,True,64.11,64.11,0.0,True,,,,,4.0,4.0,0.0,True,3.0,3.0,0.0,True
target_oracle,mpair_00002625_cond_00_4p,mpair_00002625,eval,4,"MW,QED,HBA,RB",COc1ccc(C(=O)Nc2c(Cl)cncc2Cl)c2ccc(C(C)O)nc12,COc1ccc(C(=O)Nc2c(Cl)cncc2Cl)c2cccnc12,COc1ccc(C(=O)Nc2c(Cl)cncc2Cl)c2cccnc12,O=C(Nc1ccncc1)c1cccc2ncccc12,O=C(Nc1ccncc1)c1cccc2ncccc12,True,True,True,,0.6428571428571429,1.0,348.1890000000001,348.1890000000001,0.0,True,,,,,0.7706046174674384,0.7706046174674384,0.0,True,,,,,,,,,4.0,4.0,0.0,True,3.0,3.0,0.0,True
target_oracle,mpair_00003114_cond_00_4p,mpair_00003114,eval,4,"MW,LogP,QED,RB",CCCCc1nnc2nc(C)c(C)c(=O)n2n1,Cc1nc2nncnn2c(=O)c1C,Cc1nc2nncnn2c(=O)c1C,O=c1ccnc2nncnn12,O=c1ccnc2nncnn12,True,True,True,,0.4418604651162791,1.0,177.167,177.167,0.0,True,-0.5036600000000002,-0.5036600000000002,0.0,True,0.541825521381232,0.541825521381232,0.0,True,,,,,,,,,,,,,0.0,0.0,0.0,True
target_oracle,mpair_00003200_cond_00_4p,mpair_00003200,eval,4,"QED,HBD,HBA,RB",CCOC(=O)c1ccc(NCCCCCCc2cccs2)cc1,O=C(O)c1ccc(NCCCCCCc2cccs2)cc1,O=C(O)c1ccc(NCCCCCCc2cccs2)cc1,c1ccc(NCCCCCCc2cccs2)cc1,c1ccc(NCCCCCCc2cccs2)cc1,True,True,True,,0.7021276595744681,1.0,,,,,,,,,0.6622761596792913,0.6622761596792913,0.0,True,,,,,2.0,2.0,0.0,True,3.0,3.0,0.0,True,9.0,9.0,0.0,True
target_oracle,mpair_00003215_cond_01_4p,mpair_00003215,eval,4,"QED,TPSA,HBA,RB",COC(=O)c1ccc2c(Nc3ccc(Cl)cc3)nc(N3CCOCC3)nc2c1,Clc1ccc(Nc2nc(N3CCOCC3)nc3ccccc23)cc1,Clc1ccc(Nc2nc(N3CCOCC3)nc3ccccc23)cc1,c1ccc(Nc2nc(N3CCOCC3)nc3ccccc23)cc1,c1ccc(Nc2nc(N3CCOCC3)nc3ccccc23)cc1,True,True,True,,0.631578947368421,1.0,,,,,,,,,0.784150666451108,0.784150666451108,0.0,True,50.28,50.28,0.0,True,,,,,5.0,5.0,0.0,True,3.0,3.0,0.0,True
target_oracle,mpair_00003222_cond_01_4p,mpair_00003222,eval,4,"QED,TPSA,HBA,RB",COc1ccc(S(=O)(=O)N(Cc2cccnc2)c2c(C)cc(Br)cc2C(=O)NO)cc1,COC(=O)c1cccc(C(=O)NO)c1N(Cc1cccnc1)S(=O)(=O)c1ccc(OC)cc1,COC(=O)c1cccc(C(=O)NO)c1N(Cc1cccnc1)S(=O)(=O)c1ccc(OC)cc1,O=S(=O)(c1ccccc1)N(Cc1cccnc1)c1ccccc1,O=S(=O)(c1ccccc1)N(Cc1cccnc1)c1ccccc1,True,True,True,,0.734375,1.0,,,,,,,,,0.29046454626646695,0.29046454626646695,0.0,True,135.13,135.13,0.0,True,,,,,8.0,8.0,0.0,True,8.0,8.0,0.0,True
target_oracle,mpair_00003532_cond_02_4p,mpair_00003532,eval,4,"LogP,QED,TPSA,HBA",CCOC(=O)C(C)Oc1cccc(N(Cc2cccnc2)S(=O)(=O)CC(F)(F)F)c1,CCCC(C)Oc1cccc(N(Cc2cccnc2)S(=O)(=O)CC(F)(F)F)c1,CCCC(C)Oc1cccc(N(Cc2cccnc2)S(=O)(=O)CC(F)(F)F)c1,c1ccc(NCc2cccnc2)cc1,c1ccc(NCc2cccnc2)cc1,True,True,True,,0.746031746031746,1.0,,,,,4.547700000000003,4.547700000000003,0.0,True,0.6018859517288218,0.6018859517288218,0.0,True,59.5,59.5,0.0,True,,,,,4.0,4.0,0.0,True,,,,
target_oracle,mpair_00003537_cond_01_4p,mpair_00003537,eval,4,"MW,LogP,TPSA,RB",CC(C)COc1cccc(N(Cc2cccnc2)S(=O)(=O)CC(F)(F)F)c1,CCOC(=O)C(C)Oc1cccc(N(Cc2cccnc2)S(=O)(=O)CC(F)(F)F)c1,CCOC(=O)C(C)Oc1cccc(N(Cc2cccnc2)S(=O)(=O)CC(F)(F)F)c1,c1ccc(NCc2cccnc2)cc1,c1ccc(NCc2cccnc2)cc1,True,True,True,,0.6984126984126984,1.0,446.4470000000001,446.4470000000001,0.0,True,3.3107000000000024,3.3107000000000024,0.0,True,,,,,85.80000000000001,85.80000000000001,0.0,True,,,,,,,,,9.0,9.0,0.0,True
target_oracle,mpair_00000013_cond_00_5p,mpair_00000013,eval,5,"MW,LogP,QED,HBA,RB",COc1cccc(C(=O)N2C[C@H](CN3CCC(c4ccccc4)CC3)[C@@H](c3ccccc3)C2)c1,O=C(c1ccccc1C(F)(F)F)N1C[C@H](CN2CCC(c3ccccc3)CC2)[C@@H](c2ccccc2)C1,O=C(c1ccccc1C(F)(F)F)N1C[C@H](CN2CCC(c3ccccc3)CC2)[C@@H](c2ccccc2)C1,O=C(c1ccccc1)N1C[C@H](CN2CCC(c3ccccc3)CC2)[C@@H](c2ccccc2)C1,O=C(c1ccccc1)N1C[C@H](CN2CCC(c3ccccc3)CC2)[C@@H](c2ccccc2)C1,True,True,True,,0.578125,1.0,492.5850000000002,492.5850000000002,0.0,True,6.4408000000000065,6.4408000000000065,0.0,True,0.4092272471712491,0.4092272471712491,0.0,True,,,,,,,,,2.0,2.0,0.0,True,5.0,5.0,0.0,True
target_oracle,mpair_00000327_cond_01_5p,mpair_00000327,eval,5,"MW,LogP,QED,HBA,RB",CSC1=C(C(=O)O)N2C(=O)[C@@H](NC(=O)[C@H](N)c3ccccc3)[C@H]2CC1,N[C@@H](C(=O)N[C@@H]1C(=O)N2C(C(=O)O)=C(C(F)(F)F)CC[C@H]12)c1cccc(C(F)(F)F)c1,N[C@@H](C(=O)N[C@@H]1C(=O)N2C(C(=O)O)=C(C(F)(F)F)CC[C@H]12)c1cccc(C(F)(F)F)c1,O=C(Cc1ccccc1)N[C@@H]1C(=O)N2C=CCC[C@H]12,O=C(Cc1ccccc1)N[C@@H]1C(=O)N2C=CCC[C@H]12,True,True,True,,0.5757575757575758,1.0,451.3230000000001,451.3230000000001,0.0,True,2.0955999999999997,2.0955999999999997,0.0,True,0.4795891963980345,0.4795891963980345,0.0,True,,,,,,,,,4.0,4.0,0.0,True,4.0,4.0,0.0,True
target_oracle,mpair_00000335_cond_02_5p,mpair_00000335,eval,5,"MW,LogP,TPSA,HBD,HBA",N[C@@H](C(=O)N[C@@H]1C(=O)N2C(C(=O)O)=C(C(F)(F)F)CC[C@H]12)c1cccc(Br)c1,N[C@@H](C(=O)N[C@@H]1C(=O)N2C(C(=O)O)=C(C(F)(F)F)CC[C@H]12)c1ccc(O)cc1,N[C@@H](C(=O)N[C@@H]1C(=O)N2C(C(=O)O)=C(C(F)(F)F)CC[C@H]12)c1ccc(O)cc1,O=C(Cc1ccccc1)N[C@@H]1C(=O)N2C=CCC[C@H]12,O=C(Cc1ccccc1)N[C@@H]1C(=O)N2C=CCC[C@H]12,True,True,True,,0.7377049180327869,1.0,399.3250000000001,399.3250000000001,0.0,True,0.7823999999999993,0.7823999999999993,0.0,True,,,,,132.96,132.96,0.0,True,4.0,4.0,0.0,True,5.0,5.0,0.0,True,,,,
target_oracle,mpair_00000588_cond_00_5p,mpair_00000588,eval,5,"LogP,QED,TPSA,HBD,HBA",OC[C@@H]1N[C@@H](CCCCc2ccc(O)cc2)[C@H](O)[C@H]1O,OC[C@@H]1N[C@@H](CCCCc2cc(F)cc(F)c2)[C@H](O)[C@H]1O,OC[C@@H]1N[C@@H](CCCCc2cc(F)cc(F)c2)[C@H](O)[C@H]1O,c1ccc(CCCC[C@H]2CCCN2)cc1,c1ccc(CCCC[C@H]2CCCN2)cc1,True,True,True,,0.625,1.0,,,,,0.7320999999999995,0.7320999999999995,0.0,True,0.5846986769843887,0.5846986769843887,0.0,True,72.72,72.72,0.0,True,4.0,4.0,0.0,True,4.0,4.0,0.0,True,,,,
target_oracle,mpair_00000765_cond_01_5p,mpair_00000765,eval,5,"MW,LogP,QED,HBA,RB",COc1cccc(-c2cncc(O[C@@H]3CCNC3)c2)c1,Clc1cccc(-c2cc(O[C@@H]3CCNC3)cnc2Cl)c1,Clc1cccc(-c2cc(O[C@@H]3CCNC3)cnc2Cl)c1,c1ccc(-c2cncc(O[C@@H]3CCNC3)c2)cc1,c1ccc(-c2cncc(O[C@@H]3CCNC3)c2)cc1,True,True,True,,0.5,1.0,309.196,309.196,0.0,True,3.796100000000002,3.796100000000002,0.0,True,0.8758671086324237,0.8758671086324237,0.0,True,,,,,,,,,3.0,3.0,0.0,True,3.0,3.0,0.0,True
target_oracle,mpair_00002474_cond_01_5p,mpair_00002474,eval,5,"MW,QED,TPSA,HBA,RB",COc1cc(NC(=O)c2cc(OCCCN(C)C)nn2Cc2ccccc2)cc(OC)c1OC,CN(C)CCCOc1cc(C(=O)Nc2ccc(Cl)cc2F)n(Cc2ccccc2)n1,CN(C)CCCOc1cc(C(=O)Nc2ccc(Cl)cc2F)n(Cc2ccccc2)n1,O=C(Nc1ccccc1)c1ccnn1Cc1ccccc1,O=C(Nc1ccccc1)c1ccnn1Cc1ccccc1,True,True,True,,0.6376811594202898,1.0,430.9110000000001,430.9110000000001,0.0,True,,,,,0.5138601191048354,0.5138601191048354,0.0,True,59.39,59.39,0.0,True,,,,,5.0,5.0,0.0,True,9.0,9.0,0.0,True
target_oracle,mpair_00002509_cond_00_5p,mpair_00002509,eval,5,"MW,LogP,QED,TPSA,HBA",CSc1cc(-c2ccc(Br)cc2)oc(=O)c1C#N,CSc1cc(-c2ccc(Br)cc2)oc(=O)c1Br,CSc1cc(-c2ccc(Br)cc2)oc(=O)c1Br,O=c1cccc(-c2ccccc2)o1,O=c1cccc(-c2ccccc2)o1,True,True,True,,0.675,1.0,376.0690000000001,376.0690000000001,0.0,True,4.553700000000002,4.553700000000002,0.0,True,0.7207772389894862,0.7207772389894862,0.0,True,30.21,30.21,0.0,True,,,,,3.0,3.0,0.0,True,,,,
target_oracle,mpair_00002543_cond_02_5p,mpair_00002543,eval,5,"MW,QED,TPSA,HBA,RB",CSc1cc(-c2ccc(Br)cc2)oc(=O)c1Cl,CSc1cc(-c2ccc(Cl)cc2)oc(=O)c1C(N)=O,CSc1cc(-c2ccc(Cl)cc2)oc(=O)c1C(N)=O,O=c1cccc(-c2ccccc2)o1,O=c1cccc(-c2ccccc2)o1,True,True,True,,0.5217391304347826,1.0,295.747,295.747,0.0,True,,,,,0.8837306867126842,0.8837306867126842,0.0,True,73.30000000000001,73.30000000000001,0.0,True,,,,,4.0,4.0,0.0,True,3.0,3.0,0.0,True
target_oracle,mpair_00002579_cond_00_5p,mpair_00002579,eval,5,"MW,LogP,QED,HBD,HBA",COc1cc(C(=O)N2CCN(C(=O)c3cc(OC)c(OC)c(OC)c3)CC2)cc(OC)c1OC,COc1cc(C(=O)N2CCN(C(=O)c3cc(OC)c(OC)c(OC)c3)C(COC(=O)NCCC(C)C)C2)cc(OC)c1OC,COc1cc(C(=O)N2CCN(C(=O)c3cc(OC)c(OC)c(OC)c3)C(COC(=O)NCCC(C)C)C2)cc(OC)c1OC,O=C(c1ccccc1)N1CCN(C(=O)c2ccccc2)CC1,O=C(c1ccccc1)N1CCN(C(=O)c2ccccc2)CC1,True,True,True,,0.48148148148148145,1.0,617.6960000000003,617.6960000000003,0.0,True,3.4773000000000023,3.4773000000000023,0.0,True,0.3561059094946873,0.3561059094946873,0.0,True,,,,,1.0,1.0,0.0,True,10.0,10.0,0.0,True,,,,
target_oracle,mpair_00002590_cond_01_5p,mpair_00002590,eval,5,"MW,LogP,QED,HBD,RB",COc1cc(C(=O)N2CCN(C(=O)c3cc(OC)c(OC)c(OC)c3)C(COC(=O)NCCC(C)C)C2)cc(OC)c1OC,COc1cc(C(=O)N2CCN(C(=O)c3cc(OC)c(OC)c(OC)c3)C(COC(C)=O)C2)cc(OC)c1OC,COc1cc(C(=O)N2CCN(C(=O)c3cc(OC)c(OC)c(OC)c3)C(COC(C)=O)C2)cc(OC)c1OC,O=C(c1ccccc1)N1CCN(C(=O)c2ccccc2)CC1,O=C(c1ccccc1)N1CCN(C(=O)c2ccccc2)CC1,True,True,True,,0.7017543859649122,1.0,546.5730000000003,546.5730000000003,0.0,True,2.2681000000000004,2.2681000000000004,0.0,True,0.41028124355120477,0.41028124355120477,0.0,True,,,,,0.0,0.0,0.0,True,,,,,10.0,10.0,0.0,True
target_oracle,mpair_00002625_cond_01_5p,mpair_00002625,eval,5,"MW,QED,TPSA,HBD,RB",COc1ccc(C(=O)Nc2c(Cl)cncc2Cl)c2ccc(C(C)O)nc12,COc1ccc(C(=O)Nc2c(Cl)cncc2Cl)c2cccnc12,COc1ccc(C(=O)Nc2c(Cl)cncc2Cl)c2cccnc12,O=C(Nc1ccncc1)c1cccc2ncccc12,O=C(Nc1ccncc1)c1cccc2ncccc12,True,True,True,,0.6428571428571429,1.0,348.1890000000001,348.1890000000001,0.0,True,,,,,0.7706046174674384,0.7706046174674384,0.0,True,64.11,64.11,0.0,True,1.0,1.0,0.0,True,,,,,3.0,3.0,0.0,True
target_oracle,mpair_00002631_cond_02_5p,mpair_00002631,eval,5,"LogP,TPSA,HBD,HBA,RB",CC(C)(C)[C@H](O)C(=O)N1C[C@H](c2ccccc2)C[C@H]1C(=O)N[C@@H](CC(F)F)C(=O)NCCc1c(F)cc(C(=O)O)cc1F,CC(C)CC(=O)N1C[C@H](c2ccccc2)C[C@H]1C(=O)N[C@@H](CC(F)F)C(=O)NCCc1c(F)cc(C(=O)O)cc1F,CC(C)CC(=O)N1C[C@H](c2ccccc2)C[C@H]1C(=O)N[C@@H](CC(F)F)C(=O)NCCc1c(F)cc(C(=O)O)cc1F,O=C(CNC(=O)[C@@H]1C[C@@H](c2ccccc2)CN1)NCCc1ccccc1,O=C(CNC(=O)[C@@H]1C[C@@H](c2ccccc2)CN1)NCCc1ccccc1,True,True,True,,0.7567567567567568,1.0,,,,,3.892500000000002,3.892500000000002,0.0,True,,,,,115.81000000000002,115.81000000000002,0.0,True,3.0,3.0,0.0,True,4.0,4.0,0.0,True,12.0,12.0,0.0,True
target_oracle,mpair_00003217_cond_00_5p,mpair_00003217,eval,5,"MW,QED,TPSA,HBA,RB",Clc1ccc(Nc2nc(N3CCOCC3)nc3ccccc23)cc1,COC(=O)c1ccc2c(Nc3ccc(Cl)cc3)nc(N3CCOCC3)nc2c1,COC(=O)c1ccc2c(Nc3ccc(Cl)cc3)nc(N3CCOCC3)nc2c1,c1ccc(Nc2nc(N3CCOCC3)nc3ccccc23)cc1,c1ccc(Nc2nc(N3CCOCC3)nc3ccccc23)cc1,True,True,True,,0.631578947368421,1.0,398.85000000000025,398.85000000000025,0.0,True,,,,,0.6719222545699903,0.6719222545699903,0.0,True,76.58,76.58,0.0,True,,,,,7.0,7.0,0.0,True,4.0,4.0,0.0,True
target_oracle,mpair_00000339_cond_01_6p,mpair_00000339,eval,6,"MW,LogP,QED,TPSA,HBD,HBA",N[C@@H](C(=O)N[C@@H]1C(=O)N2C(C(=O)O)=C(C(F)(F)F)CC[C@H]12)c1cccc(C(F)(F)F)c1,N[C@@H](C(=O)N[C@@H]1C(=O)N2C(C(=O)O)=C(C(F)(F)F)CC[C@H]12)c1ccc(O)cc1,N[C@@H](C(=O)N[C@@H]1C(=O)N2C(C(=O)O)=C(C(F)(F)F)CC[C@H]12)c1ccc(O)cc1,O=C(Cc1ccccc1)N[C@@H]1C(=O)N2C=CCC[C@H]12,O=C(Cc1ccccc1)N[C@@H]1C(=O)N2C=CCC[C@H]12,True,True,True,,0.7377049180327869,1.0,399.3250000000001,399.3250000000001,0.0,True,0.7823999999999993,0.7823999999999993,0.0,True,0.5533729404309352,0.5533729404309352,0.0,True,132.96,132.96,0.0,True,4.0,4.0,0.0,True,5.0,5.0,0.0,True,,,,
target_oracle,mpair_00001127_cond_01_6p,mpair_00001127,eval,6,"LogP,QED,TPSA,HBD,HBA,RB",CN1C(=O)c2ccccc2C1CCN1CCN(c2ccc(Cl)cc2)CC1,COc1ccc(N2CCN(CCC3NC(=O)c4ccccc43)CC2)cc1,COc1ccc(N2CCN(CCC3NC(=O)c4ccccc43)CC2)cc1,O=C1NC(CCN2CCN(c3ccccc3)CC2)c2ccccc21,O=C1NC(CCN2CCN(c3ccccc3)CC2)c2ccccc21,True,True,True,,0.48333333333333334,1.0,,,,,2.692000000000001,2.692000000000001,0.0,True,0.8996022198661571,0.8996022198661571,0.0,True,44.81,44.81,0.0,True,1.0,1.0,0.0,True,4.0,4.0,0.0,True,5.0,5.0,0.0,True
target_oracle,mpair_00002579_cond_01_6p,mpair_00002579,eval,6,"MW,LogP,QED,HBD,HBA,RB",COc1cc(C(=O)N2CCN(C(=O)c3cc(OC)c(OC)c(OC)c3)CC2)cc(OC)c1OC,COc1cc(C(=O)N2CCN(C(=O)c3cc(OC)c(OC)c(OC)c3)C(COC(=O)NCCC(C)C)C2)cc(OC)c1OC,COc1cc(C(=O)N2CCN(C(=O)c3cc(OC)c(OC)c(OC)c3)C(COC(=O)NCCC(C)C)C2)cc(OC)c1OC,O=C(c1ccccc1)N1CCN(C(=O)c2ccccc2)CC1,O=C(c1ccccc1)N1CCN(C(=O)c2ccccc2)CC1,True,True,True,,0.48148148148148145,1.0,617.6960000000003,617.6960000000003,0.0,True,3.4773000000000023,3.4773000000000023,0.0,True,0.3561059094946873,0.3561059094946873,0.0,True,,,,,1.0,1.0,0.0,True,10.0,10.0,0.0,True,13.0,13.0,0.0,True
target_oracle,mpair_00002586_cond_00_6p,mpair_00002586,eval,6,"MW,LogP,QED,HBD,HBA,RB",COc1cc(C(=O)N2CCN(C(=O)c3cc(OC)c(OC)c(OC)c3)C(COC(=O)CC(C)(C)C)C2)cc(OC)c1OC,COc1cc(C(=O)N2CCN(C(=O)c3cc(OC)c(OC)c(OC)c3)C(CO)C2)cc(OC)c1OC,COc1cc(C(=O)N2CCN(C(=O)c3cc(OC)c(OC)c(OC)c3)C(CO)C2)cc(OC)c1OC,O=C(c1ccccc1)N1CCN(C(=O)c2ccccc2)CC1,O=C(c1ccccc1)N1CCN(C(=O)c2ccccc2)CC1,True,True,True,,0.6792452830188679,1.0,504.53600000000034,504.53600000000034,0.0,True,1.6973000000000003,1.6973000000000003,0.0,True,0.544633228323374,0.544633228323374,0.0,True,,,,,1.0,1.0,0.0,True,9.0,9.0,0.0,True,9.0,9.0,0.0,True
target_oracle,mpair_00002613_cond_01_6p,mpair_00002613,eval,6,"LogP,QED,TPSA,HBD,HBA,RB",COc1ccc(C(=O)Nc2ccncc2Cl)c2cccnc12,COc1ccc(C(=O)Nc2c(Cl)cncc2Cl)c2ccc(C(C)O)nc12,COc1ccc(C(=O)Nc2c(Cl)cncc2Cl)c2ccc(C(C)O)nc12,O=C(Nc1ccncc1)c1cccc2ncccc12,O=C(Nc1ccncc1)c1cccc2ncccc12,True,True,True,,0.49206349206349204,1.0,,,,,4.2508000000000035,4.2508000000000035,0.0,True,0.6936033323496321,0.6936033323496321,0.0,True,84.34,84.34,0.0,True,2.0,2.0,0.0,True,5.0,5.0,0.0,True,4.0,4.0,0.0,True
target_oracle,mpair_00003218_cond_02_6p,mpair_00003218,eval,6,"MW,LogP,QED,TPSA,HBA,RB",COC(=O)c1cccc(C(=O)NO)c1N(Cc1cccnc1)S(=O)(=O)c1ccc(OC)cc1,COc1ccc(S(=O)(=O)N(Cc2cccnc2)c2c(C)cccc2C(=O)NO)cc1,COc1ccc(S(=O)(=O)N(Cc2cccnc2)c2c(C)cccc2C(=O)NO)cc1,O=S(=O)(c1ccccc1)N(Cc1cccnc1)c1ccccc1,O=S(=O)(c1ccccc1)N(Cc1cccnc1)c1ccccc1,True,True,True,,0.8333333333333334,1.0,427.48200000000014,427.48200000000014,0.0,True,2.91312,2.91312,0.0,True,0.44330794633881315,0.44330794633881315,0.0,True,108.83000000000001,108.83000000000001,0.0,True,,,,,6.0,6.0,0.0,True,7.0,7.0,0.0,True
target_oracle,mpair_00002522_cond_01_7p,mpair_00002522,eval,7,"MW,LogP,QED,TPSA,HBD,HBA,RB",CSc1cc(-c2ccc(Cl)cc2)oc(=O)c1,CSc1cc(-c2ccc(Cl)cc2)oc(=O)c1C(N)=O,CSc1cc(-c2ccc(Cl)cc2)oc(=O)c1C(N)=O,O=c1cccc(-c2ccccc2)o1,O=c1cccc(-c2ccccc2)o1,True,True,True,,0.4888888888888889,1.0,295.747,295.747,0.0,True,2.7810000000000006,2.7810000000000006,0.0,True,0.8837306867126842,0.8837306867126842,0.0,True,73.30000000000001,73.30000000000001,0.0,True,1.0,1.0,0.0,True,4.0,4.0,0.0,True,3.0,3.0,0.0,True
target_oracle,mpair_00002553_cond_02_7p,mpair_00002553,eval,7,"MW,LogP,QED,TPSA,HBD,HBA,RB",CSc1cc(-c2ccc(Cl)cc2)oc(=O)c1C(N)=O,CSc1cc(-c2ccc(Cl)cc2)oc(=O)c1Br,CSc1cc(-c2ccc(Cl)cc2)oc(=O)c1Br,O=c1cccc(-c2ccccc2)o1,O=c1cccc(-c2ccccc2)o1,True,True,True,,0.627906976744186,1.0,331.61799999999994,331.61799999999994,0.0,True,4.444600000000001,4.444600000000001,0.0,True,0.7618841288913729,0.7618841288913729,0.0,True,30.21,30.21,0.0,True,0.0,0.0,0.0,True,3.0,3.0,0.0,True,2.0,2.0,0.0,True
