method,condition_id,pair_id,split,property_count,condition_properties,source_smiles,target_smiles,generated_smiles,source_scaffold,generated_scaffold,scaffold_match,strict_success,joint_success,fallback,source_tanimoto,target_tanimoto,MW_target,MW_actual,MW_abs_error,MW_success,LogP_target,LogP_actual,LogP_abs_error,LogP_success,QED_target,QED_actual,QED_abs_error,QED_success,TPSA_target,TPSA_actual,TPSA_abs_error,TPSA_success,HBD_target,HBD_actual,HBD_abs_error,HBD_success,HBA_target,HBA_actual,HBA_abs_error,HBA_success,RB_target,RB_actual,RB_abs_error,RB_success
source_identity,mpair_00000001_cond_00_2p,mpair_00000001,eval,2,"MW,LogP",O=C(c1ccccc1C(F)(F)F)N1C[C@H](CN2CCC(c3ccccc3)CC2)[C@@H](c2ccccc2)C1,O=C(c1ccccc1F)N1C[C@H](CN2CCC(c3ccccc3)CC2)[C@@H](c2ccccc2)C1,O=C(c1ccccc1C(F)(F)F)N1C[C@H](CN2CCC(c3ccccc3)CC2)[C@@H](c2ccccc2)C1,O=C(c1ccccc1)N1C[C@H](CN2CCC(c3ccccc3)CC2)[C@@H](c2ccccc2)C1,O=C(c1ccccc1)N1C[C@H](CN2CCC(c3ccccc3)CC2)[C@@H](c2ccccc2)C1,True,False,False,,1.0,0.7592592592592593,442.57800000000015,492.5850000000002,50.00700000000006,False,5.561100000000006,6.4408000000000065,0.8797000000000006,True,,,,,,,,,,,,,,,,,,,,
source_identity,mpair_00000003_cond_02_2p,mpair_00000003,eval,2,"MW,RB",COc1cccc(C(=O)N2C[C@H](CN3CCC(c4ccccc4)CC3)[C@@H](c3ccccc3)C2)c1,O=C(c1ccccc1Br)N1C[C@H](CN2CCC(c3ccccc3)CC2)[C@@H](c2ccccc2)C1,COc1cccc(C(=O)N2C[C@H](CN3CCC(c4ccccc4)CC3)[C@@H](c3ccccc3)C2)c1,O=C(c1ccccc1)N1C[C@H](CN2CCC(c3ccccc3)CC2)[C@@H](c2ccccc2)C1,O=C(c1ccccc1)N1C[C@H](CN2CCC(c3ccccc3)CC2)[C@@H](c2ccccc2)C1,True,False,False,,1.0,0.6065573770491803,503.48400000000026,454.61400000000015,48.87000000000012,False,,,,,,,,,,,,,,,,,,,,,5.0,6.0,1.0,True
source_identity,mpair_00000006_cond_00_2p,mpair_00000006,eval,2,"MW,LogP",O=C(c1ccccc1F)N1C[C@H](CN2CCC(c3ccccc3)CC2)[C@@H](c2ccccc2)C1,O=C(c1ccccc1C(F)(F)F)N1C[C@H](CN2CCC(c3ccccc3)CC2)[C@@H](c2ccccc2)C1,O=C(c1ccccc1F)N1C[C@H](CN2CCC(c3ccccc3)CC2)[C@@H](c2ccccc2)C1,O=C(c1ccccc1)N1C[C@H](CN2CCC(c3ccccc3)CC2)[C@@H](c2ccccc2)C1,O=C(c1ccccc1)N1C[C@H](CN2CCC(c3ccccc3)CC2)[C@@H](c2ccccc2)C1,True,False,False,,1.0,0.7592592592592593,492.5850000000002,442.57800000000015,50.00700000000006,False,6.4408000000000065,5.561100000000006,0.8797000000000006,True,,,,,,,,,,,,,,,,,,,,
source_identity,mpair_00000008_cond_02_2p,mpair_00000008,eval,2,"MW,QED",O=C(c1ccccc1Br)N1C[C@H](CN2CCC(c3ccccc3)CC2)[C@@H](c2ccccc2)C1,O=C(c1ccccc1F)N1C[C@H](CN2CCC(c3ccccc3)CC2)[C@@H](c2ccccc2)C1,O=C(c1ccccc1Br)N1C[C@H](CN2CCC(c3ccccc3)CC2)[C@@H](c2ccccc2)C1,O=C(c1ccccc1)N1C[C@H](CN2CCC(c3ccccc3)CC2)[C@@H](c2ccccc2)C1,O=C(c1ccccc1)N1C[C@H](CN2CCC(c3ccccc3)CC2)[C@@H](c2ccccc2)C1,True,False,False,,1.0,0.7692307692307693,442.57800000000015,503.48400000000026,60.90600000000012,False,,,,,0.5164092889512721,0.41502650656849366,0.10138278238277848,False,,,,,,,,,,,,,,,,
source_identity,mpair_00000012_cond_00_2p,mpair_00000012,eval,2,"MW,LogP",O=C(c1ccccc1F)N1C[C@H](CN2CCC(c3ccccc3)CC2)[C@@H](c2ccccc2)C1,O=C(c1ccccc1Br)N1C[C@H](CN2CCC(c3ccccc3)CC2)[C@@H](c2ccccc2)C1,O=C(c1ccccc1F)N1C[C@H](CN2CCC(c3ccccc3)CC2)[C@@H](c2ccccc2)C1,O=C(c1ccccc1)N1C[C@H](CN2CCC(c3ccccc3)CC2)[C@@H](c2ccccc2)C1,O=C(c1ccccc1)N1C[C@H](CN2CCC(c3ccccc3)CC2)[C@@H](c2ccccc2)C1,True,False,False,,1.0,0.7692307692307693,503.48400000000026,442.57800000000015,60.90600000000012,False,6.184500000000006,5.561100000000006,0.6234000000000002,True,,,,,,,,,,,,,,,,,,,,
source_identity,mpair_00000020_cond_00_2p,mpair_00000020,eval,2,"MW,TPSA",O=C(O)CCC/C=C/C[C@@H]1[C@@H](COCc2ccccc2)C2CC1(c1ccccc1)CO2,N#Cc1ccc(COC[C@H]2C3CC(c4ccc(F)cc4)(CO3)[C@@H]2C/C=C/CCCC(=O)O)cc1,O=C(O)CCC/C=C/C[C@@H]1[C@@H](COCc2ccccc2)C2CC1(c1ccccc1)CO2,c1ccc(COC[C@@H]2CC3(c4ccccc4)COC2C3)cc1,c1ccc(COC[C@@H]2CC3(c4ccccc4)COC2C3)cc1,True,False,False,,1.0,0.7391304347826086,463.5490000000003,420.5490000000002,43.000000000000114,False,,,,,,,,,79.55,55.760000000000005,23.789999999999992,False,,,,,,,,,,,,
source_identity,mpair_00000325_cond_01_2p,mpair_00000325,eval,2,"MW,LogP",N[C@@H](C(=O)N[C@@H]1C(=O)N2C(C(=O)O)=C(C(F)(F)F)CC[C@H]12)c1ccc(F)cc1,N[C@@H](C(=O)N[C@@H]1C(=O)N2C(C(=O)O)=C(C(F)(F)F)CC[C@H]12)c1cccc(C(F)(F)F)c1,N[C@@H](C(=O)N[C@@H]1C(=O)N2C(C(=O)O)=C(C(F)(F)F)CC[C@H]12)c1ccc(F)cc1,O=C(Cc1ccccc1)N[C@@H]1C(=O)N2C=CCC[C@H]12,O=C(Cc1ccccc1)N[C@@H]1C(=O)N2C=CCC[C@H]12,True,False,False,,1.0,0.7377049180327869,451.3230000000001,401.3160000000001,50.007000000000005,False,2.0955999999999997,1.2158999999999993,0.8797000000000004,True,,,,,,,,,,,,,,,,,,,,
source_identity,mpair_00000335_cond_00_2p,mpair_00000335,eval,2,"MW,HBA",N[C@@H](C(=O)N[C@@H]1C(=O)N2C(C(=O)O)=C(C(F)(F)F)CC[C@H]12)c1cccc(Br)c1,N[C@@H](C(=O)N[C@@H]1C(=O)N2C(C(=O)O)=C(C(F)(F)F)CC[C@H]12)c1ccc(O)cc1,N[C@@H](C(=O)N[C@@H]1C(=O)N2C(C(=O)O)=C(C(F)(F)F)CC[C@H]12)c1cccc(Br)c1,O=C(Cc1ccccc1)N[C@@H]1C(=O)N2C=CCC[C@H]12,O=C(Cc1ccccc1)N[C@@H]1C(=O)N2C=CCC[C@H]12,True,False,False,,1.0,0.7377049180327869,399.3250000000001,462.2220000000001,62.89699999999999,False,,,,,,,,,,,,,,,,,5.0,4.0,1.0,True,,,,
source_identity,mpair_00000338_cond_01_2p,mpair_00000338,eval,2,"MW,QED",N[C@@H](C(=O)N[C@@H]1C(=O)N2C(C(=O)O)=C(C(F)(F)F)CC[C@H]12)c1cccc(Br)c1,CSC1=C(C(=O)O)N2C(=O)[C@@H](NC(=O)[C@H](N)c3ccccc3)[C@H]2CC1,N[C@@H](C(=O)N[C@@H]1C(=O)N2C(C(=O)O)=C(C(F)(F)F)CC[C@H]12)c1cccc(Br)c1,O=C(Cc1ccccc1)N[C@@H]1C(=O)N2C=CCC[C@H]12,O=C(Cc1ccccc1)N[C@@H]1C(=O)N2C=CCC[C@H]12,True,False,False,,1.0,0.5757575757575758,361.42300000000006,462.2220000000001,100.79900000000004,False,,,,,0.6699274889764619,0.5917241763797754,0.07820331259668656,True,,,,,,,,,,,,,,,,
source_identity,mpair_00000587_cond_01_2p,mpair_00000587,eval,2,"HBA,RB",Cc1ccc(CCCC[C@@H]2N[C@@H](CO)[C@H](O)[C@H]2O)cc1,COc1ccc(CCCC[C@@H]2N[C@@H](CO)[C@H](O)[C@H]2O)cc1,Cc1ccc(CCCC[C@@H]2N[C@@H](CO)[C@H](O)[C@H]2O)cc1,c1ccc(CCCC[C@H]2CCCN2)cc1,c1ccc(CCCC[C@H]2CCCN2)cc1,True,True,True,,1.0,0.725,,,,,,,,,,,,,,,,,,,,,5.0,4.0,1.0,True,7.0,6.0,1.0,True
source_identity,mpair_00000590_cond_00_2p,mpair_00000590,eval,2,"HBD,RB",OC[C@@H]1N[C@@H](CCCCc2ccc(O)cc2)[C@H](O)[C@H]1O,COc1ccc(CCCC[C@@H]2N[C@@H](CO)[C@H](O)[C@H]2O)cc1,OC[C@@H]1N[C@@H](CCCCc2ccc(O)cc2)[C@H](O)[C@H]1O,c1ccc(CCCC[C@H]2CCCN2)cc1,c1ccc(CCCC[C@H]2CCCN2)cc1,True,True,True,,1.0,0.7,,,,,,,,,,,,,,,,,4.0,5.0,1.0,True,,,,,7.0,6.0,1.0,True
source_identity,mpair_00000592_cond_00_2p,mpair_00000592,eval,2,"HBA,RB",COc1ccc(CCCC[C@@H]2N[C@@H](CO)[C@H](O)[C@H]2O)cc1,Cc1ccc(CCCC[C@@H]2N[C@@H](CO)[C@H](O)[C@H]2O)cc1,COc1ccc(CCCC[C@@H]2N[C@@H](CO)[C@H](O)[C@H]2O)cc1,c1ccc(CCCC[C@H]2CCCN2)cc1,c1ccc(CCCC[C@H]2CCCN2)cc1,True,True,True,,1.0,0.725,,,,,,,,,,,,,,,,,,,,,4.0,5.0,1.0,True,6.0,7.0,1.0,True
source_identity,mpair_00000593_cond_02_2p,mpair_00000593,eval,2,"HBA,RB",OC[C@@H]1N[C@@H](CCCCc2cc(F)cc(F)c2)[C@H](O)[C@H]1O,COc1ccc(CCCC[C@@H]2N[C@@H](CO)[C@H](O)[C@H]2O)cc1,OC[C@@H]1N[C@@H](CCCCc2cc(F)cc(F)c2)[C@H](O)[C@H]1O,c1ccc(CCCC[C@H]2CCCN2)cc1,c1ccc(CCCC[C@H]2CCCN2)cc1,True,True,True,,1.0,0.5681818181818182,,,,,,,,,,,,,,,,,,,,,5.0,4.0,1.0,True,7.0,6.0,1.0,True
source_identity,mpair_00000596_cond_00_2p,mpair_00000596,eval,2,"HBA,RB",OC[C@@H]1N[C@@H](CCCCc2ccc(F)cc2)[C@H](O)[C@H]1O,COc1ccc(CCCC[C@@H]2N[C@@H](CO)[C@H](O)[C@H]2O)cc1,OC[C@@H]1N[C@@H](CCCCc2ccc(F)cc2)[C@H](O)[C@H]1O,c1ccc(CCCC[C@H]2CCCN2)cc1,c1ccc(CCCC[C@H]2CCCN2)cc1,True,True,True,,1.0,0.6829268292682927,,,,,,,,,,,,,,,,,,,,,5.0,4.0,1.0,True,7.0,6.0,1.0,True
source_identity,mpair_00000599_cond_00_2p,mpair_00000599,eval,2,"QED,HBD",CC1=C(C)C(=O)C(C(c2ccccc2)c2cccnc2)=C(C)C1=O,CC1=C(C)C(=O)C(C(c2cccnc2)c2cccc(/C=C/C(=O)O)c2)=C(C)C1=O,CC1=C(C)C(=O)C(C(c2ccccc2)c2cccnc2)=C(C)C1=O,O=C1C=CC(=O)C(C(c2ccccc2)c2cccnc2)=C1,O=C1C=CC(=O)C(C(c2ccccc2)c2cccnc2)=C1,True,False,False,,1.0,0.6326530612244898,,,,,,,,,0.6163061688930161,0.803366149239095,0.18705998034607885,False,,,,,1.0,0.0,1.0,True,,,,,,,,
source_identity,mpair_00000727_cond_01_2p,mpair_00000727,eval,2,"QED,RB",C=CCc1cc(/C=C2\SC(=O)N(C(C)C)C2=O)c(OC)cc1OC1CCCCO1,C=CCc1cc(/C=C2\SC(=O)N(CCCC)C2=O)c(OC)cc1OC1CCCCO1,C=CCc1cc(/C=C2\SC(=O)N(C(C)C)C2=O)c(OC)cc1OC1CCCCO1,O=C1NC(=O)/C(=C/c2ccc(OC3CCCCO3)cc2)S1,O=C1NC(=O)/C(=C/c2ccc(OC3CCCCO3)cc2)S1,True,False,False,,1.0,0.7285714285714285,,,,,,,,,0.39718598618589046,0.4701504427149941,0.07296445652910366,True,,,,,,,,,,,,,9.0,7.0,2.0,False
source_identity,mpair_00000730_cond_00_2p,mpair_00000730,eval,2,"HBD,RB",C=CCc1cc(/C=C2\SC(=O)NC2=O)c(OC)cc1OC1CCCCO1,C=CCc1cc(/C=C2\SC(=O)N(C(C)C)C2=O)c(OC)cc1OC1CCCCO1,C=CCc1cc(/C=C2\SC(=O)NC2=O)c(OC)cc1OC1CCCCO1,O=C1NC(=O)/C(=C/c2ccc(OC3CCCCO3)cc2)S1,O=C1NC(=O)/C(=C/c2ccc(OC3CCCCO3)cc2)S1,True,True,True,,1.0,0.6865671641791045,,,,,,,,,,,,,,,,,0.0,1.0,1.0,True,,,,,7.0,6.0,1.0,True
source_identity,mpair_00000732_cond_01_2p,mpair_00000732,eval,2,"LogP,QED",C=CCc1cc(/C=C2\SC(=O)N(CC=C)C2=O)c(OC)cc1OC1CCCCO1,C=CCc1cc(/C=C2\SC(=O)N(CC=C(C)C)C2=O)c(OC)cc1OC1CCCCO1,C=CCc1cc(/C=C2\SC(=O)N(CC=C)C2=O)c(OC)cc1OC1CCCCO1,O=C1NC(=O)/C(=C/c2ccc(OC3CCCCO3)cc2)S1,O=C1NC(=O)/C(=C/c2ccc(OC3CCCCO3)cc2)S1,True,True,True,,1.0,0.8615384615384616,,,,,5.331600000000005,4.551400000000004,0.7802000000000016,True,0.3995752918375223,0.45838471716690443,0.05880942532938216,True,,,,,,,,,,,,,,,,
source_identity,mpair_00000736_cond_00_2p,mpair_00000736,eval,2,"QED,RB",C=CCc1cc(/C=C2\SC(=O)N(CCCC)C2=O)c(OC)cc1OC1CCCCO1,C=CCc1cc(/C=C2\SC(=O)N(C(C)C)C2=O)c(OC)cc1OC1CCCCO1,C=CCc1cc(/C=C2\SC(=O)N(CCCC)C2=O)c(OC)cc1OC1CCCCO1,O=C1NC(=O)/C(=C/c2ccc(OC3CCCCO3)cc2)S1,O=C1NC(=O)/C(=C/c2ccc(OC3CCCCO3)cc2)S1,True,False,False,,1.0,0.7285714285714285,,,,,,,,,0.4701504427149941,0.39718598618589046,0.07296445652910366,True,,,,,,,,,,,,,7.0,9.0,2.0,False
source_identity,mpair_00000737_cond_02_2p,mpair_00000737,eval,2,"QED,HBD",C=CCc1cc(/C=C2\SC(=O)NC2=O)c(OC)cc1OC1CCCCO1,C=CCc1cc(/C=C2\SC(=O)N(C)C2=O)c(OC)cc1OC1CCCCO1,C=CCc1cc(/C=C2\SC(=O)NC2=O)c(OC)cc1OC1CCCCO1,O=C1NC(=O)/C(=C/c2ccc(OC3CCCCO3)cc2)S1,O=C1NC(=O)/C(=C/c2ccc(OC3CCCCO3)cc2)S1,True,True,True,,1.0,0.71875,,,,,,,,,0.5413211960634129,0.6042673504148035,0.06294615435139062,True,,,,,0.0,1.0,1.0,True,,,,,,,,
source_identity,mpair_00000740_cond_02_2p,mpair_00000740,eval,2,"MW,QED",C=CCc1cc(/C=C2\SC(=O)N(C)C2=O)c(OC)cc1OC1CCCCO1,C=CCc1cc(/C=C2\SC(=O)N(CCCC)C2=O)c(OC)cc1OC1CCCCO1,C=CCc1cc(/C=C2\SC(=O)N(C)C2=O)c(OC)cc1OC1CCCCO1,O=C1NC(=O)/C(=C/c2ccc(OC3CCCCO3)cc2)S1,O=C1NC(=O)/C(=C/c2ccc(OC3CCCCO3)cc2)S1,True,False,False,,1.0,0.7878787878787878,431.55400000000026,389.4730000000002,42.081000000000074,False,,,,,0.39718598618589046,0.5413211960634129,0.14413520987752243,False,,,,,,,,,,,,,,,,
source_identity,mpair_00000744_cond_00_2p,mpair_00000744,eval,2,"LogP,RB",C=CCc1cc(/C=C2\SC(=O)N(CC=C(C)C)C2=O)c(OC)cc1OC1CCCCO1,C=CCc1cc(/C=C2\SC(=O)N(C(C)C)C2=O)c(OC)cc1OC1CCCCO1,C=CCc1cc(/C=C2\SC(=O)N(CC=C(C)C)C2=O)c(OC)cc1OC1CCCCO1,O=C1NC(=O)/C(=C/c2ccc(OC3CCCCO3)cc2)S1,O=C1NC(=O)/C(=C/c2ccc(OC3CCCCO3)cc2)S1,True,True,True,,1.0,0.7183098591549296,,,,,4.773800000000004,5.331600000000005,0.5578000000000012,True,,,,,,,,,,,,,,,,,7.0,8.0,1.0,True
source_identity,mpair_00000746_cond_00_2p,mpair_00000746,eval,2,"QED,RB",C=CCc1cc(/C=C2\SC(=O)N(CC=C)C2=O)c(OC)cc1OC1CCCCO1,C=CCc1cc(/C=C2\SC(=O)N(CCCC)C2=O)c(OC)cc1OC1CCCCO1,C=CCc1cc(/C=C2\SC(=O)N(CC=C)C2=O)c(OC)cc1OC1CCCCO1,O=C1NC(=O)/C(=C/c2ccc(OC3CCCCO3)cc2)S1,O=C1NC(=O)/C(=C/c2ccc(OC3CCCCO3)cc2)S1,True,True,True,,1.0,0.8181818181818182,,,,,,,,,0.39718598618589046,0.45838471716690443,0.06119873098101397,True,,,,,,,,,,,,,9.0,8.0,1.0,True
source_identity,mpair_00000751_cond_02_2p,mpair_00000751,eval,2,"LogP,RB",O=C1CCC[C@H]2OC[C@@H](Cc3c[nH]c4ccccc34)N12,CC[C@H]1CCC(=O)N2[C@H](Cc3c[nH]c4ccccc34)CO[C@H]12,O=C1CCC[C@H]2OC[C@@H](Cc3c[nH]c4ccccc34)N12,O=C1CCC[C@H]2OC[C@@H](Cc3c[nH]c4ccccc34)N12,O=C1CCC[C@H]2OC[C@@H](Cc3c[nH]c4ccccc34)N12,True,True,True,,1.0,0.6607142857142857,,,,,3.0839000000000016,2.447800000000001,0.6361000000000008,True,,,,,,,,,,,,,,,,,3.0,2.0,1.0,True
source_identity,mpair_00000755_cond_00_2p,mpair_00000755,eval,2,"LogP,RB",CC[C@H]1CCC(=O)N2[C@H](Cc3c[nH]c4ccccc34)CO[C@H]12,O=C1CCC[C@H]2OC[C@@H](Cc3c[nH]c4ccccc34)N12,CC[C@H]1CCC(=O)N2[C@H](Cc3c[nH]c4ccccc34)CO[C@H]12,O=C1CCC[C@H]2OC[C@@H](Cc3c[nH]c4ccccc34)N12,O=C1CCC[C@H]2OC[C@@H](Cc3c[nH]c4ccccc34)N12,True,True,True,,1.0,0.6607142857142857,,,,,2.447800000000001,3.0839000000000016,0.6361000000000008,True,,,,,,,,,,,,,,,,,2.0,3.0,1.0,True
source_identity,mpair_00000756_cond_02_2p,mpair_00000756,eval,2,"LogP,QED",Clc1cccc(-c2cncc(O[C@@H]3CCNC3)c2)c1,Clc1cccc(-c2cc(O[C@@H]3CCNC3)cnc2Cl)c1,Clc1cccc(-c2cncc(O[C@@H]3CCNC3)c2)c1,c1ccc(-c2cncc(O[C@@H]3CCNC3)c2)cc1,c1ccc(-c2cncc(O[C@@H]3CCNC3)c2)cc1,True,True,True,,1.0,0.68,,,,,3.796100000000002,3.1427000000000014,0.6534000000000004,True,0.8758671086324237,0.9336391660075258,0.05777205737510216,True,,,,,,,,,,,,,,,,
source_identity,mpair_00000759_cond_00_2p,mpair_00000759,eval,2,"MW,LogP",c1ccc(-c2cncc(O[C@@H]3CCNC3)c2)cc1,Clc1cccc(-c2cc(O[C@@H]3CCNC3)cnc2Cl)c1,c1ccc(-c2cncc(O[C@@H]3CCNC3)c2)cc1,c1ccc(-c2cncc(O[C@@H]3CCNC3)c2)cc1,c1ccc(-c2cncc(O[C@@H]3CCNC3)c2)cc1,True,False,False,,1.0,0.5192307692307693,309.196,240.30599999999998,68.89000000000004,False,3.796100000000002,2.4893,1.3068000000000017,False,,,,,,,,,,,,,,,,,,,,
source_identity,mpair_00000760_cond_02_2p,mpair_00000760,eval,2,"MW,LogP",Clc1cccc(-c2cc(O[C@@H]3CCNC3)cnc2Cl)c1,c1ccc(-c2cncc(O[C@@H]3CCNC3)c2)cc1,Clc1cccc(-c2cc(O[C@@H]3CCNC3)cnc2Cl)c1,c1ccc(-c2cncc(O[C@@H]3CCNC3)c2)cc1,c1ccc(-c2cncc(O[C@@H]3CCNC3)c2)cc1,True,False,False,,1.0,0.5192307692307693,240.30599999999998,309.196,68.89000000000004,False,2.4893,3.796100000000002,1.3068000000000017,False,,,,,,,,,,,,,,,,,,,,
source_identity,mpair_00000763_cond_01_2p,mpair_00000763,eval,2,"HBA,RB",COc1cccc(-c2cncc(O[C@@H]3CCNC3)c2)c1,c1ccc(-c2cncc(O[C@@H]3CCNC3)c2)cc1,COc1cccc(-c2cncc(O[C@@H]3CCNC3)c2)c1,c1ccc(-c2cncc(O[C@@H]3CCNC3)c2)cc1,c1ccc(-c2cncc(O[C@@H]3CCNC3)c2)cc1,True,True,True,,1.0,0.75,,,,,,,,,,,,,,,,,,,,,3.0,4.0,1.0,True,3.0,4.0,1.0,True
source_identity,mpair_00000765_cond_00_2p,mpair_00000765,eval,2,"QED,HBA",COc1cccc(-c2cncc(O[C@@H]3CCNC3)c2)c1,Clc1cccc(-c2cc(O[C@@H]3CCNC3)cnc2Cl)c1,COc1cccc(-c2cncc(O[C@@H]3CCNC3)c2)c1,c1ccc(-c2cncc(O[C@@H]3CCNC3)c2)cc1,c1ccc(-c2cncc(O[C@@H]3CCNC3)c2)cc1,True,True,True,,1.0,0.5,,,,,,,,,0.8758671086324237,0.9267061641096688,0.0508390554772451,True,,,,,,,,,3.0,4.0,1.0,True,,,,
source_identity,mpair_00001116_cond_00_2p,mpair_00001116,eval,2,"HBA,RB",COc1ccc(N2CCN(CCC3NC(=O)c4ccccc43)CC2)cc1,O=C1NC(CCN2CCN(c3ccccc3)CC2)c2ccccc21,COc1ccc(N2CCN(CCC3NC(=O)c4ccccc43)CC2)cc1,O=C1NC(CCN2CCN(c3ccccc3)CC2)c2ccccc21,O=C1NC(CCN2CCN(c3ccccc3)CC2)c2ccccc21,True,True,True,,1.0,0.7708333333333334,,,,,,,,,,,,,,,,,,,,,3.0,4.0,1.0,True,4.0,5.0,1.0,True
source_identity,mpair_00001119_cond_01_2p,mpair_00001119,eval,2,"HBA,RB",O=C1NC(CCN2CCN(c3ccccc3)CC2)c2ccccc21,COc1ccc(N2CCN(CCC3NC(=O)c4ccccc43)CC2)cc1,O=C1NC(CCN2CCN(c3ccccc3)CC2)c2ccccc21,O=C1NC(CCN2CCN(c3ccccc3)CC2)c2ccccc21,O=C1NC(CCN2CCN(c3ccccc3)CC2)c2ccccc21,True,True,True,,1.0,0.7708333333333334,,,,,,,,,,,,,,,,,,,,,4.0,3.0,1.0,True,5.0,4.0,1.0,True
source_identity,mpair_00001121_cond_00_2p,mpair_00001121,eval,2,"MW,QED",O=C1NC(CCN2CCN(c3ccccc3)CC2)c2ccccc21,CN1C(=O)c2ccccc2C1CCN1CCN(c2ccc(Cl)cc2)CC1,O=C1NC(CCN2CCN(c3ccccc3)CC2)c2ccccc21,O=C1NC(CCN2CCN(c3ccccc3)CC2)c2ccccc21,O=C1NC(CCN2CCN(c3ccccc3)CC2)c2ccccc21,True,False,False,,1.0,0.4909090909090909,369.8960000000001,321.4240000000001,48.47199999999998,False,,,,,0.8221231339252668,0.9403172855884846,0.11819415166321778,False,,,,,,,,,,,,,,,,
source_identity,mpair_00001122_cond_02_2p,mpair_00001122,eval,2,"QED,HBD",COc1ccc(N2CCN(CCC3c4ccccc4C(=O)N3C)CC2)cc1,COc1ccc(N2CCN(CCC3NC(=O)c4ccccc43)CC2)cc1,COc1ccc(N2CCN(CCC3c4ccccc4C(=O)N3C)CC2)cc1,O=C1NC(CCN2CCN(c3ccccc3)CC2)c2ccccc21,O=C1NC(CCN2CCN(c3ccccc3)CC2)c2ccccc21,True,True,True,,1.0,0.6545454545454545,,,,,,,,,0.8996022198661571,0.8160326048332845,0.08356961503287252,True,,,,,1.0,0.0,1.0,True,,,,,,,,
source_identity,mpair_00001126_cond_00_2p,mpair_00001126,eval,2,"LogP,HBA",Cc1ccc(N2CCN(CCC3NC(=O)c4ccccc43)CC2)cc1C,COc1ccc(N2CCN(CCC3NC(=O)c4ccccc43)CC2)cc1,Cc1ccc(N2CCN(CCC3NC(=O)c4ccccc43)CC2)cc1C,O=C1NC(CCN2CCN(c3ccccc3)CC2)c2ccccc21,O=C1NC(CCN2CCN(c3ccccc3)CC2)c2ccccc21,True,True,True,,1.0,0.7037037037037037,,,,,2.692000000000001,3.3002400000000023,0.6082400000000012,True,,,,,,,,,,,,,4.0,3.0,1.0,True,,,,
source_identity,mpair_00001129_cond_00_2p,mpair_00001129,eval,2,"QED,HBD",Cc1ccc(N2CCN(CCC3NC(=O)c4ccccc43)CC2)cc1C,CN1C(=O)c2ccccc2C1CCN1CCN(c2ccc(Cl)cc2)CC1,Cc1ccc(N2CCN(CCC3NC(=O)c4ccccc43)CC2)cc1C,O=C1NC(CCN2CCN(c3ccccc3)CC2)c2ccccc21,O=C1NC(CCN2CCN(c3ccccc3)CC2)c2ccccc21,True,True,True,,1.0,0.45901639344262296,,,,,,,,,0.8221231339252668,0.9198864151307602,0.09776328120549338,True,,,,,0.0,1.0,1.0,True,,,,,,,,
source_identity,mpair_00001130_cond_02_2p,mpair_00001130,eval,2,"LogP,RB",COc1ccc(N2CCN(CCC3c4ccccc4C(=O)N3C)CC2)cc1,CN1C(=O)c2ccccc2C1CCN1CCN(c2ccc(Cl)cc2)CC1,COc1ccc(N2CCN(CCC3c4ccccc4C(=O)N3C)CC2)cc1,O=C1NC(CCN2CCN(c3ccccc3)CC2)c2ccccc21,O=C1NC(CCN2CCN(c3ccccc3)CC2)c2ccccc21,True,True,True,,1.0,0.76,,,,,3.679000000000003,3.034200000000002,0.6448000000000009,True,,,,,,,,,,,,,,,,,4.0,5.0,1.0,True
source_identity,mpair_00001134_cond_02_2p,mpair_00001134,eval,2,"MW,QED",FC(F)(F)c1cccc(N2CCN(c3nc4ccsc4n4cccc34)CC2)c1,Fc1ccc(N2CCN(c3nc4ccsc4n4cccc34)CC2)cc1,FC(F)(F)c1cccc(N2CCN(c3nc4ccsc4n4cccc34)CC2)c1,c1ccc(N2CCN(c3nc4ccsc4n4cccc34)CC2)cc1,c1ccc(N2CCN(c3nc4ccsc4n4cccc34)CC2)cc1,True,False,False,,1.0,0.6666666666666666,352.43800000000016,402.4450000000001,50.00699999999995,False,,,,,0.5445182992427106,0.47685586942313013,0.06766242981958043,True,,,,,,,,,,,,,,,,
source_identity,mpair_00001617_cond_01_2p,mpair_00001617,eval,2,"QED,RB",Cc1cc(F)cc2c1OCc1c-2ccc2c1C(C)CC(C)(C)N2,CC1CC(C)(C)Nc2ccc3c(c21)COc1c-3cc(F)cc1[N+](=O)[O-],Cc1cc(F)cc2c1OCc1c-2ccc2c1C(C)CC(C)(C)N2,c1ccc2c(c1)OCc1c-2ccc2c1CCCN2,c1ccc2c(c1)OCc1c-2ccc2c1CCCN2,True,False,False,,1.0,0.7192982456140351,,,,,,,,,0.5855235809891088,0.7039179552802654,0.11839437429115651,False,,,,,,,,,,,,,1.0,0.0,1.0,True
source_identity,mpair_00001643_cond_01_2p,mpair_00001643,eval,2,"MW,QED",C=C(Br)CC1(C(C)C)C(=O)NC(=O)N(C)C1=O,C=CCC1(C(C)C#CCC)C(=O)NC(=O)N(C)C1=O,C=C(Br)CC1(C(C)C)C(=O)NC(=O)N(C)C1=O,O=C1CC(=O)NC(=O)N1,O=C1CC(=O)NC(=O)N1,True,False,False,,1.0,0.42857142857142855,262.30899999999997,303.15600000000006,40.847000000000094,False,,,,,0.47348972477403223,0.8059749860896003,0.33248526131556805,False,,,,,,,,,,,,,,,,
source_identity,mpair_00002259_cond_00_2p,mpair_00002259,eval,2,"LogP,QED",Cc1ccccc1NC(=O)c1c(C)n(-c2ccccc2C)c(C)cc1=O,Cc1cccc(C)c1NC(=O)c1c(C)n(-c2c(C)cccc2C)c(C)cc1=O,Cc1ccccc1NC(=O)c1c(C)n(-c2ccccc2C)c(C)cc1=O,O=C(Nc1ccccc1)c1cn(-c2ccccc2)ccc1=O,O=C(Nc1ccccc1)c1cn(-c2ccccc2)ccc1=O,True,True,True,,1.0,0.5833333333333334,,,,,4.940320000000004,4.3234800000000035,0.6168400000000007,True,0.7058233303377046,0.7675628277357767,0.06173949739807205,True,,,,,,,,,,,,,,,,
source_identity,mpair_00002372_cond_00_2p,mpair_00002372,eval,2,"HBA,RB",CCCCCNC(=O)Nc1c(SCCCn2cnc(-c3ccccc3)c2C)cccc1N(C)C,CCCCCNC(=O)Nc1c(C)cccc1SCCCn1cnc(-c2ccccc2)c1C,CCCCCNC(=O)Nc1c(SCCCn2cnc(-c3ccccc3)c2C)cccc1N(C)C,c1ccc(SCCCn2cnc(-c3ccccc3)c2)cc1,c1ccc(SCCCn2cnc(-c3ccccc3)c2)cc1,True,True,True,,1.0,0.8208955223880597,,,,,,,,,,,,,,,,,,,,,4.0,5.0,1.0,True,11.0,12.0,1.0,True
source_identity,mpair_00002373_cond_02_2p,mpair_00002373,eval,2,"HBA,RB",CCCCCNC(=O)Nc1c(C)cccc1SCCCn1cnc(-c2ccccc2)c1C,CCCCCNC(=O)Nc1c(SCCCn2cnc(-c3ccccc3)c2C)cccc1N(C)C,CCCCCNC(=O)Nc1c(C)cccc1SCCCn1cnc(-c2ccccc2)c1C,c1ccc(SCCCn2cnc(-c3ccccc3)c2)cc1,c1ccc(SCCCn2cnc(-c3ccccc3)c2)cc1,True,True,True,,1.0,0.8208955223880597,,,,,,,,,,,,,,,,,,,,,5.0,4.0,1.0,True,12.0,11.0,1.0,True
source_identity,mpair_00002463_cond_02_2p,mpair_00002463,eval,2,"LogP,RB",COc1ccc(NC(=O)c2cc(OCCCN(C)C)nn2Cc2ccccc2)cc1,CN(C)CCCOc1cc(C(=O)Nc2ccc(Cl)cc2F)n(Cc2ccccc2)n1,COc1ccc(NC(=O)c2cc(OCCCN(C)C)nn2Cc2ccccc2)cc1,O=C(Nc1ccccc1)c1ccnn1Cc1ccccc1,O=C(Nc1ccccc1)c1ccnn1Cc1ccccc1,True,True,True,,1.0,0.6567164179104478,,,,,4.306700000000003,3.522800000000002,0.7839000000000009,True,,,,,,,,,,,,,,,,,9.0,10.0,1.0,True
source_identity,mpair_00002468_cond_00_2p,mpair_00002468,eval,2,"MW,QED",CN(C)CCCOc1cc(C(=O)Nc2cc(F)cc(C(F)(F)F)c2)n(Cc2ccccc2)n1,COc1ccc(NC(=O)c2cc(OCCCN(C)C)nn2Cc2ccccc2)cc1,CN(C)CCCOc1cc(C(=O)Nc2cc(F)cc(C(F)(F)F)c2)n(Cc2ccccc2)n1,O=C(Nc1ccccc1)c1ccnn1Cc1ccccc1,O=C(Nc1ccccc1)c1ccnn1Cc1ccccc1,True,False,False,,1.0,0.6764705882352942,408.50200000000007,464.4630000000001,55.96100000000001,False,,,,,0.5200250404910086,0.369385517709234,0.15063952278177462,False,,,,,,,,,,,,,,,,
source_identity,mpair_00002474_cond_02_2p,mpair_00002474,eval,2,"QED,TPSA",COc1cc(NC(=O)c2cc(OCCCN(C)C)nn2Cc2ccccc2)cc(OC)c1OC,CN(C)CCCOc1cc(C(=O)Nc2ccc(Cl)cc2F)n(Cc2ccccc2)n1,COc1cc(NC(=O)c2cc(OCCCN(C)C)nn2Cc2ccccc2)cc(OC)c1OC,O=C(Nc1ccccc1)c1ccnn1Cc1ccccc1,O=C(Nc1ccccc1)c1ccnn1Cc1ccccc1,True,False,False,,1.0,0.6376811594202898,,,,,,,,,0.5138601191048354,0.4069700768443977,0.10689004226043775,False,59.39,87.08000000000001,27.690000000000012,False,,,,,,,,,,,,
source_identity,mpair_00002477_cond_01_2p,mpair_00002477,eval,2,"QED,RB",CN(C)CCCOc1cc(C(=O)Nc2cc(F)cc(C(F)(F)F)c2)n(Cc2ccccc2)n1,CN(C)CCCOc1cc(C(=O)Nc2ccc(OC(F)(F)F)cc2)n(Cc2ccccc2)n1,CN(C)CCCOc1cc(C(=O)Nc2cc(F)cc(C(F)(F)F)c2)n(Cc2ccccc2)n1,O=C(Nc1ccccc1)c1ccnn1Cc1ccccc1,O=C(Nc1ccccc1)c1ccnn1Cc1ccccc1,True,True,True,,1.0,0.7101449275362319,,,,,,,,,0.4522382232340766,0.369385517709234,0.08285270552484258,True,,,,,,,,,,,,,10.0,9.0,1.0,True
source_identity,mpair_00002481_cond_02_2p,mpair_00002481,eval,2,"TPSA,HBA",COc1cc(NC(=O)c2cc(OCCCN(C)C)nn2Cc2ccccc2)cc(OC)c1OC,CN(C)CCCOc1cc(C(=O)Nc2cc(F)cc(C(F)(F)F)c2)n(Cc2ccccc2)n1,COc1cc(NC(=O)c2cc(OCCCN(C)C)nn2Cc2ccccc2)cc(OC)c1OC,O=C(Nc1ccccc1)c1ccnn1Cc1ccccc1,O=C(Nc1ccccc1)c1ccnn1Cc1ccccc1,True,False,False,,1.0,0.6811594202898551,,,,,,,,,,,,,59.39,87.08000000000001,27.690000000000012,False,,,,,5.0,8.0,3.0,False,,,,
source_identity,mpair_00002484_cond_02_2p,mpair_00002484,eval,2,"LogP,RB",CN(C)CCCOc1cc(C(=O)Nc2cccc(Cl)c2)n(Cc2ccccc2)n1,COc1ccc(NC(=O)c2cc(OCCCN(C)C)nn2Cc2ccccc2)cc1,CN(C)CCCOc1cc(C(=O)Nc2cccc(Cl)c2)n(Cc2ccccc2)n1,O=C(Nc1ccccc1)c1ccnn1Cc1ccccc1,O=C(Nc1ccccc1)c1ccnn1Cc1ccccc1,True,True,True,,1.0,0.7419354838709677,,,,,3.522800000000002,4.167600000000003,0.6448000000000009,True,,,,,,,,,,,,,,,,,10.0,9.0,1.0,True
source_identity,mpair_00002487_cond_02_2p,mpair_00002487,eval,2,"QED,RB",CN(C)CCCOc1cc(C(=O)Nc2ccc(OC(F)(F)F)cc2)n(Cc2ccccc2)n1,CN(C)CCCOc1cc(C(=O)Nc2cc(F)cc(C(F)(F)F)c2)n(Cc2ccccc2)n1,CN(C)CCCOc1cc(C(=O)Nc2ccc(OC(F)(F)F)cc2)n(Cc2ccccc2)n1,O=C(Nc1ccccc1)c1ccnn1Cc1ccccc1,O=C(Nc1ccccc1)c1ccnn1Cc1ccccc1,True,True,True,,1.0,0.7101449275362319,,,,,,,,,0.369385517709234,0.4522382232340766,0.08285270552484258,True,,,,,,,,,,,,,9.0,10.0,1.0,True
source_identity,mpair_00002492_cond_02_2p,mpair_00002492,eval,2,"LogP,TPSA",CC(C)OC(=O)c1cc(CO)cn1S(=O)(=O)c1cc(Cl)ccc1N,C=Cc1cc(C(=O)OCC)n(S(=O)(=O)c2cc(Cl)ccc2N)c1,CC(C)OC(=O)c1cc(CO)cn1S(=O)(=O)c1cc(Cl)ccc1N,O=S(=O)(c1ccccc1)n1cccc1,O=S(=O)(c1ccccc1)n1cccc1,True,False,False,,1.0,0.5396825396825397,,,,,2.7804,2.0182,0.7622,True,,,,,91.39,111.61999999999999,20.22999999999999,False,,,,,,,,,,,,
source_identity,mpair_00002495_cond_01_2p,mpair_00002495,eval,2,"LogP,RB",O=C1C(Nc2ccccc2)=C(Cl)C(=O)c2ncncc21,CCc1ccc(NC2=C(Cl)C(=O)c3ncncc3C2=O)cc1,O=C1C(Nc2ccccc2)=C(Cl)C(=O)c2ncncc21,O=C1C(Nc2ccccc2)=CC(=O)c2ncncc21,O=C1C(Nc2ccccc2)=CC(=O)c2ncncc21,True,True,True,,1.0,0.7045454545454546,,,,,2.980500000000001,2.4181,0.5624000000000011,True,,,,,,,,,,,,,,,,,3.0,2.0,1.0,True
source_identity,mpair_00002497_cond_00_2p,mpair_00002497,eval,2,"MW,LogP",O=C1C(Nc2ccc(Br)cc2)=C(Cl)C(=O)c2ncncc21,O=C1C(Nc2ccccc2)=C(Cl)C(=O)c2ncncc21,O=C1C(Nc2ccc(Br)cc2)=C(Cl)C(=O)c2ncncc21,O=C1C(Nc2ccccc2)=CC(=O)c2ncncc21,O=C1C(Nc2ccccc2)=CC(=O)c2ncncc21,True,False,False,,1.0,0.7560975609756098,285.69,364.58600000000007,78.89600000000007,False,2.4181,3.180600000000001,0.7625000000000011,True,,,,,,,,,,,,,,,,,,,,
source_identity,mpair_00002499_cond_02_2p,mpair_00002499,eval,2,"MW,LogP",O=C1C(Nc2cccc(Br)c2)=C(Cl)C(=O)c2ncncc21,O=C1C(Nc2ccccc2)=C(Cl)C(=O)c2ncncc21,O=C1C(Nc2cccc(Br)c2)=C(Cl)C(=O)c2ncncc21,O=C1C(Nc2ccccc2)=CC(=O)c2ncncc21,O=C1C(Nc2ccccc2)=CC(=O)c2ncncc21,True,False,False,,1.0,0.7272727272727273,285.69,364.58600000000007,78.89600000000007,False,2.4181,3.180600000000001,0.7625000000000011,True,,,,,,,,,,,,,,,,,,,,
source_identity,mpair_00002502_cond_01_2p,mpair_00002502,eval,2,"MW,QED",O=C1C(Nc2cccc(Br)c2)=C(Cl)C(=O)c2ncncc21,CCc1ccc(NC2=C(Cl)C(=O)c3ncncc3C2=O)cc1,O=C1C(Nc2cccc(Br)c2)=C(Cl)C(=O)c2ncncc21,O=C1C(Nc2ccccc2)=CC(=O)c2ncncc21,O=C1C(Nc2ccccc2)=CC(=O)c2ncncc21,True,False,False,,1.0,0.5882352941176471,313.744,364.58600000000007,50.84200000000004,False,,,,,0.9428073960459649,0.885902971993687,0.05690442405227791,True,,,,,,,,,,,,,,,,
source_identity,mpair_00002506_cond_00_2p,mpair_00002506,eval,2,"HBA,RB",Cc1ccc(C(=O)CN2c3ccccc3C(=O)N(Cc3ccccc3)S2(=O)=O)cc1,COc1ccc(C(=O)CN2c3ccccc3C(=O)N(Cc3ccccc3)S2(=O)=O)cc1,Cc1ccc(C(=O)CN2c3ccccc3C(=O)N(Cc3ccccc3)S2(=O)=O)cc1,O=C(CN1c2ccccc2C(=O)N(Cc2ccccc2)S1(=O)=O)c1ccccc1,O=C(CN1c2ccccc2C(=O)N(Cc2ccccc2)S1(=O)=O)c1ccccc1,True,True,True,,1.0,0.7843137254901961,,,,,,,,,,,,,,,,,,,,,5.0,4.0,1.0,True,6.0,5.0,1.0,True
source_identity,mpair_00002510_cond_01_2p,mpair_00002510,eval,2,"LogP,HBA",CSc1cc(-c2ccc(Br)cc2)oc(=O)c1C#N,CSc1cc(-c2ccc(Br)cc2)oc(=O)c1Cl,CSc1cc(-c2ccc(Br)cc2)oc(=O)c1C#N,O=c1cccc(-c2ccccc2)o1,O=c1cccc(-c2ccccc2)o1,True,True,True,,1.0,0.6428571428571429,,,,,4.444600000000002,3.662880000000002,0.78172,True,,,,,,,,,,,,,3.0,4.0,1.0,True,,,,
source_identity,mpair_00002517_cond_00_2p,mpair_00002517,eval,2,"MW,LogP",CSc1cc(-c2ccc(Cl)cc2)oc(=O)c1Br,CSc1cc(-c2ccc(Cl)cc2)oc(=O)c1,CSc1cc(-c2ccc(Cl)cc2)oc(=O)c1Br,O=c1cccc(-c2ccccc2)o1,O=c1cccc(-c2ccccc2)o1,True,False,False,,1.0,0.5365853658536586,252.72199999999998,331.61799999999994,78.89599999999996,False,3.682100000000002,4.444600000000001,0.7624999999999993,True,,,,,,,,,,,,,,,,,,,,
source_identity,mpair_00002525_cond_00_2p,mpair_00002525,eval,2,"QED,RB",CSc1cc(-c2ccc(Cl)cc2)oc(=O)c1C(N)=O,CSc1cc(-c2ccc(Br)cc2)oc(=O)c1C#N,CSc1cc(-c2ccc(Cl)cc2)oc(=O)c1C(N)=O,O=c1cccc(-c2ccccc2)o1,O=c1cccc(-c2ccccc2)o1,True,True,True,,1.0,0.43137254901960786,,,,,,,,,0.791886779601309,0.8837306867126842,0.09184390711137513,True,,,,,,,,,,,,,2.0,3.0,1.0,True
source_identity,mpair_00002533_cond_01_2p,mpair_00002533,eval,2,"LogP,HBA",CSc1cc(-c2ccc(Br)cc2)oc(=O)c1C#N,CSc1cc(-c2ccc(Cl)cc2)oc(=O)c1Br,CSc1cc(-c2ccc(Br)cc2)oc(=O)c1C#N,O=c1cccc(-c2ccccc2)o1,O=c1cccc(-c2ccccc2)o1,True,True,True,,1.0,0.5333333333333333,,,,,4.444600000000001,3.662880000000002,0.7817199999999991,True,,,,,,,,,,,,,3.0,4.0,1.0,True,,,,
source_identity,mpair_00002543_cond_00_2p,mpair_00002543,eval,2,"TPSA,HBD",CSc1cc(-c2ccc(Br)cc2)oc(=O)c1Cl,CSc1cc(-c2ccc(Cl)cc2)oc(=O)c1C(N)=O,CSc1cc(-c2ccc(Br)cc2)oc(=O)c1Cl,O=c1cccc(-c2ccccc2)o1,O=c1cccc(-c2ccccc2)o1,True,False,False,,1.0,0.5217391304347826,,,,,,,,,,,,,73.30000000000001,30.21,43.09000000000001,False,1.0,0.0,1.0,True,,,,,,,,
source_identity,mpair_00002548_cond_02_2p,mpair_00002548,eval,2,"MW,LogP",CSc1cc(-c2ccc(Cl)cc2)oc(=O)c1,CSc1cc(-c2ccc(Br)cc2)oc(=O)c1Cl,CSc1cc(-c2ccc(Cl)cc2)oc(=O)c1,O=c1cccc(-c2ccccc2)o1,O=c1cccc(-c2ccccc2)o1,True,False,False,,1.0,0.4318181818181818,331.61800000000005,252.72199999999998,78.89600000000007,False,4.444600000000002,3.682100000000002,0.7625000000000002,True,,,,,,,,,,,,,,,,,,,,
source_identity,mpair_00002558_cond_00_2p,mpair_00002558,eval,2,"MW,HBA",CSc1nc(-c2ccc(OC(F)(F)F)cc2)nn1C(=O)N(C)c1ccccc1,CSc1nc(-c2ccc(Cl)cc2)nn1C(=O)N(C)c1ccccc1,CSc1nc(-c2ccc(OC(F)(F)F)cc2)nn1C(=O)N(C)c1ccccc1,O=C(Nc1ccccc1)n1cnc(-c2ccccc2)n1,O=C(Nc1ccccc1)n1cnc(-c2ccccc2)n1,True,False,False,,1.0,0.7037037037037037,358.85400000000004,408.4050000000001,49.551000000000045,False,,,,,,,,,,,,,,,,,5.0,6.0,1.0,True,,,,
source_identity,mpair_00002561_cond_02_2p,mpair_00002561,eval,2,"LogP,RB",CSc1nc(-c2ccc(C)cc2)nn1C(=O)N(C)c1ccccc1,CN(C(=O)n1nc(-c2ccc(Cl)cc2)nc1SCC(F)(F)F)c1ccccc1,CSc1nc(-c2ccc(C)cc2)nn1C(=O)N(C)c1ccccc1,O=C(Nc1ccccc1)n1cnc(-c2ccccc2)n1,O=C(Nc1ccccc1)n1cnc(-c2ccccc2)n1,True,False,False,,1.0,0.5862068965517241,,,,,5.357400000000003,4.079920000000002,1.2774800000000006,False,,,,,,,,,,,,,,,,,4.0,3.0,1.0,True
source_identity,mpair_00002564_cond_00_2p,mpair_00002564,eval,2,"LogP,HBA",CSc1nc(-c2ccc(OC(F)(F)F)cc2)nn1C(=O)N(C)c1ccccc1,CN(C(=O)n1nc(-c2ccc(Cl)cc2)nc1SCC(F)(F)F)c1ccccc1,CSc1nc(-c2ccc(OC(F)(F)F)cc2)nn1C(=O)N(C)c1ccccc1,O=C(Nc1ccccc1)n1cnc(-c2ccccc2)n1,O=C(Nc1ccccc1)n1cnc(-c2ccccc2)n1,True,True,True,,1.0,0.5967741935483871,,,,,5.357400000000003,4.670100000000003,0.6872999999999996,True,,,,,,,,,,,,,5.0,6.0,1.0,True,,,,
source_identity,mpair_00002566_cond_02_2p,mpair_00002566,eval,2,"HBD,RB",COc1cc(C(=O)N2CCN(C(=O)c3cc(OC)c(OC)c(OC)c3)C(COC(=O)CC(C)(C)C)C2)cc(OC)c1OC,COc1cc(C(=O)N2CCN(C(=O)c3cc(OC)c(OC)c(OC)c3)C(COC(=O)NCCC(C)C)C2)cc(OC)c1OC,COc1cc(C(=O)N2CCN(C(=O)c3cc(OC)c(OC)c(OC)c3)C(COC(=O)CC(C)(C)C)C2)cc(OC)c1OC,O=C(c1ccccc1)N1CCN(C(=O)c2ccccc2)CC1,O=C(c1ccccc1)N1CCN(C(=O)c2ccccc2)CC1,True,False,False,,1.0,0.6451612903225806,,,,,,,,,,,,,,,,,1.0,0.0,1.0,True,,,,,13.0,11.0,2.0,False
source_identity,mpair_00002569_cond_02_2p,mpair_00002569,eval,2,"TPSA,HBA",COc1cc(C(=O)N2CCN(C(=O)c3cc(OC)c(OC)c(OC)c3)CC2)cc(OC)c1OC,COc1cc(C(=O)N2CCN(C(=O)c3cc(OC)c(OC)c(OC)c3)C(CO)C2)cc(OC)c1OC,COc1cc(C(=O)N2CCN(C(=O)c3cc(OC)c(OC)c(OC)c3)CC2)cc(OC)c1OC,O=C(c1ccccc1)N1CCN(C(=O)c2ccccc2)CC1,O=C(c1ccccc1)N1CCN(C(=O)c2ccccc2)CC1,True,False,False,,1.0,0.6341463414634146,,,,,,,,,,,,,116.23000000000002,96.00000000000001,20.230000000000004,False,,,,,9.0,8.0,1.0,True,,,,
source_identity,mpair_00002573_cond_01_2p,mpair_00002573,eval,2,"LogP,RB",COc1cc(C(=O)N2CCN(C(=O)c3cc(OC)c(OC)c(OC)c3)C(COC(=O)CC(C)(C)C)C2)cc(OC)c1OC,COc1cc(C(=O)N2CCN(C(=O)c3cc(OC)c(OC)c(OC)c3)C(COC(C)=O)C2)cc(OC)c1OC,COc1cc(C(=O)N2CCN(C(=O)c3cc(OC)c(OC)c(OC)c3)C(COC(=O)CC(C)(C)C)C2)cc(OC)c1OC,O=C(c1ccccc1)N1CCN(C(=O)c2ccccc2)CC1,O=C(c1ccccc1)N1CCN(C(=O)c2ccccc2)CC1,True,False,False,,1.0,0.7547169811320755,,,,,2.2681000000000004,3.684400000000003,1.4163000000000023,False,,,,,,,,,,,,,,,,,10.0,11.0,1.0,True
source_identity,mpair_00002575_cond_02_2p,mpair_00002575,eval,2,"LogP,QED",COc1cc(C(=O)N2CCN(C(=O)c3cc(OC)c(OC)c(OC)c3)C(COC(C)=O)C2)cc(OC)c1OC,COc1cc(C(=O)N2CCN(C(=O)c3cc(OC)c(OC)c(OC)c3)C(COC(=O)CC(C)(C)C)C2)cc(OC)c1OC,COc1cc(C(=O)N2CCN(C(=O)c3cc(OC)c(OC)c(OC)c3)C(COC(C)=O)C2)cc(OC)c1OC,O=C(c1ccccc1)N1CCN(C(=O)c2ccccc2)CC1,O=C(c1ccccc1)N1CCN(C(=O)c2ccccc2)CC1,True,False,False,,1.0,0.7547169811320755,,,,,3.684400000000003,2.2681000000000004,1.4163000000000023,False,0.3521539372279048,0.41028124355120477,0.05812730632329999,True,,,,,,,,,,,,,,,,
source_identity,mpair_00002578_cond_00_2p,mpair_00002578,eval,2,"LogP,RB",CCN(CC)C(=O)OCC1CN(C(=O)c2cc(OC)c(OC)c(OC)c2)CCN1C(=O)c1cc(OC)c(OC)c(OC)c1,COc1cc(C(=O)N2CCN(C(=O)c3cc(OC)c(OC)c(OC)c3)C(COC(=O)CC(C)(C)C)C2)cc(OC)c1OC,CCN(CC)C(=O)OCC1CN(C(=O)c2cc(OC)c(OC)c(OC)c2)CCN1C(=O)c1cc(OC)c(OC)c(OC)c1,O=C(c1ccccc1)N1CCN(C(=O)c2ccccc2)CC1,O=C(c1ccccc1)N1CCN(C(=O)c2ccccc2)CC1,True,True,True,,1.0,0.6896551724137931,,,,,3.684400000000003,3.1834000000000024,0.5010000000000003,True,,,,,,,,,,,,,,,,,11.0,12.0,1.0,True
source_identity,mpair_00002585_cond_02_2p,mpair_00002585,eval,2,"TPSA,RB",COc1cc(C(=O)N2CCN(C(=O)c3cc(OC)c(OC)c(OC)c3)C(COC(C)=O)C2)cc(OC)c1OC,COc1cc(C(=O)N2CCN(C(=O)c3cc(OC)c(OC)c(OC)c3)CC2)cc(OC)c1OC,COc1cc(C(=O)N2CCN(C(=O)c3cc(OC)c(OC)c(OC)c3)C(COC(C)=O)C2)cc(OC)c1OC,O=C(c1ccccc1)N1CCN(C(=O)c2ccccc2)CC1,O=C(c1ccccc1)N1CCN(C(=O)c2ccccc2)CC1,True,False,False,,1.0,0.5777777777777777,,,,,,,,,,,,,96.00000000000001,122.30000000000001,26.299999999999997,False,,,,,,,,,8.0,10.0,2.0,False
source_identity,mpair_00002595_cond_02_2p,mpair_00002595,eval,2,"TPSA,HBA",COc1cc(C(=O)N2CCN(C(=O)c3cc(OC)c(OC)c(OC)c3)CC2)cc(OC)c1OC,COc1cc(C(=O)N2CCN(C(=O)c3cc(OC)c(OC)c(OC)c3)C(COC(=O)CC(C)(C)C)C2)cc(OC)c1OC,COc1cc(C(=O)N2CCN(C(=O)c3cc(OC)c(OC)c(OC)c3)CC2)cc(OC)c1OC,O=C(c1ccccc1)N1CCN(C(=O)c2ccccc2)CC1,O=C(c1ccccc1)N1CCN(C(=O)c2ccccc2)CC1,True,False,False,,1.0,0.52,,,,,,,,,,,,,122.30000000000001,96.00000000000001,26.299999999999997,False,,,,,10.0,8.0,2.0,False,,,,
source_identity,mpair_00002599_cond_00_2p,mpair_00002599,eval,2,"TPSA,HBA",COc1ccc(C(=O)Nc2c(Cl)cncc2Cl)c2ccc(C(C)=O)nc12,CCc1ccc2c(C(=O)Nc3c(Cl)cncc3Cl)ccc(OC)c2n1,COc1ccc(C(=O)Nc2c(Cl)cncc2Cl)c2ccc(C(C)=O)nc12,O=C(Nc1ccncc1)c1cccc2ncccc12,O=C(Nc1ccncc1)c1cccc2ncccc12,True,True,True,,1.0,0.7222222222222222,,,,,,,,,,,,,64.11,81.17999999999999,17.069999999999993,True,,,,,4.0,5.0,1.0,True,,,,
source_identity,mpair_00002602_cond_00_2p,mpair_00002602,eval,2,"TPSA,HBD",COc1ccc(C(=O)Nc2ccncc2Cl)c2ccc(C(F)(F)F)nc12,COc1ccc(C(=O)Nc2c(Cl)cncc2Cl)c2ccc(C(C)O)nc12,COc1ccc(C(=O)Nc2ccncc2Cl)c2ccc(C(F)(F)F)nc12,O=C(Nc1ccncc1)c1cccc2ncccc12,O=C(Nc1ccncc1)c1cccc2ncccc12,True,False,False,,1.0,0.5230769230769231,,,,,,,,,,,,,84.34,64.11,20.230000000000004,False,2.0,1.0,1.0,True,,,,,,,,
source_identity,mpair_00002604_cond_01_2p,mpair_00002604,eval,2,"TPSA,HBA",CCc1ccc2c(C(=O)Nc3c(Cl)cncc3Cl)ccc(OC)c2n1,COc1ccc(C(=O)Nc2c(Cl)cncc2Cl)c2ccc(C(C)=O)nc12,CCc1ccc2c(C(=O)Nc3c(Cl)cncc3Cl)ccc(OC)c2n1,O=C(Nc1ccncc1)c1cccc2ncccc12,O=C(Nc1ccncc1)c1cccc2ncccc12,True,True,True,,1.0,0.7222222222222222,,,,,,,,,,,,,81.17999999999999,64.11,17.069999999999993,True,,,,,5.0,4.0,1.0,True,,,,
source_identity,mpair_00002609_cond_00_2p,mpair_00002609,eval,2,"LogP,QED",COc1ccc(C(=O)Nc2c(Cl)cncc2Cl)c2cccnc12,CCc1ccc2c(C(=O)Nc3c(Cl)cncc3Cl)ccc(OC)c2n1,COc1ccc(C(=O)Nc2c(Cl)cncc2Cl)c2cccnc12,O=C(Nc1ccncc1)c1cccc2ncccc12,O=C(Nc1ccncc1)c1cccc2ncccc12,True,True,True,,1.0,0.6545454545454545,,,,,4.759900000000003,4.1975000000000025,0.5624000000000002,True,0.7131894410136064,0.7706046174674384,0.057415176453831984,True,,,,,,,,,,,,,,,,
source_identity,mpair_00002612_cond_02_2p,mpair_00002612,eval,2,"LogP,RB",CCc1ccc2c(C(=O)Nc3c(Cl)cncc3Cl)ccc(OC)c2n1,COc1ccc(C(=O)Nc2c(F)cncc2F)c2ccc(C(F)(F)F)nc12,CCc1ccc2c(C(=O)Nc3c(Cl)cncc3Cl)ccc(OC)c2n1,O=C(Nc1ccncc1)c1cccc2ncccc12,O=C(Nc1ccncc1)c1cccc2ncccc12,True,True,True,,1.0,0.5409836065573771,,,,,4.187700000000001,4.759900000000003,0.5722000000000014,True,,,,,,,,,,,,,,,,,3.0,4.0,1.0,True
source_identity,mpair_00002616_cond_02_2p,mpair_00002616,eval,2,"HBA,RB",COc1ccc(C(=O)Nc2c(F)cncc2F)c2ccc(C(F)(F)F)nc12,COc1ccc(C(=O)Nc2c(Cl)cncc2Cl)c2ccc(C(C)=O)nc12,COc1ccc(C(=O)Nc2c(F)cncc2F)c2ccc(C(F)(F)F)nc12,O=C(Nc1ccncc1)c1cccc2ncccc12,O=C(Nc1ccncc1)c1cccc2ncccc12,True,True,True,,1.0,0.55,,,,,,,,,,,,,,,,,,,,,5.0,4.0,1.0,True,4.0,3.0,1.0,True
source_identity,mpair_00002621_cond_01_2p,mpair_00002621,eval,2,"MW,QED",COc1ccc(C(=O)Nc2c(Cl)cncc2Cl)c2cccnc12,COc1ccc(C(=O)Nc2c(F)cncc2F)c2ccc(C(F)(F)F)nc12,COc1ccc(C(=O)Nc2c(Cl)cncc2Cl)c2cccnc12,O=C(Nc1ccncc1)c1cccc2ncccc12,O=C(Nc1ccncc1)c1cccc2ncccc12,True,False,False,,1.0,0.4918032786885246,383.276,348.1890000000001,35.08699999999993,False,,,,,0.6893032571109005,0.7706046174674384,0.0813013603565379,True,,,,,,,,,,,,,,,,
source_identity,mpair_00002624_cond_00_2p,mpair_00002624,eval,2,"LogP,QED",COc1ccc(C(=O)Nc2ccncc2Cl)c2ccc(C(F)(F)F)nc12,COc1ccc(C(=O)Nc2ccncc2Cl)c2cccnc12,COc1ccc(C(=O)Nc2ccncc2Cl)c2ccc(C(F)(F)F)nc12,O=C(Nc1ccncc1)c1cccc2ncccc12,O=C(Nc1ccncc1)c1cccc2ncccc12,True,False,False,,1.0,0.6724137931034483,,,,,3.544100000000002,4.562900000000002,1.0187999999999997,False,0.8029165077767629,0.7218484507203837,0.0810680570563792,True,,,,,,,,,,,,,,,,
source_identity,mpair_00002628_cond_02_2p,mpair_00002628,eval,2,"LogP,QED",CC(C)[C@@H](O)C(=O)N1C[C@H](c2ccccc2)C[C@H]1C(=O)N[C@@H](CC(F)F)C(=O)NCCc1c(F)cc(C(=O)O)cc1F,CC(C)CC(=O)N1C[C@H](c2ccccc2)C[C@H]1C(=O)N[C@@H](CC(F)F)C(=O)NCCc1c(F)cc(C(=O)O)cc1F,CC(C)[C@@H](O)C(=O)N1C[C@H](c2ccccc2)C[C@H]1C(=O)N[C@@H](CC(F)F)C(=O)NCCc1c(F)cc(C(=O)O)cc1F,O=C(CNC(=O)[C@@H]1C[C@@H](c2ccccc2)CN1)NCCc1ccccc1,O=C(CNC(=O)[C@@H]1C[C@@H](c2ccccc2)CN1)NCCc1ccccc1,True,False,False,,1.0,0.7916666666666666,,,,,3.892500000000002,2.8633000000000006,1.0292000000000012,False,0.3302613314122171,0.2789053789646464,0.051355952447570685,True,,,,,,,,,,,,,,,,
source_identity,mpair_00003109_cond_00_2p,mpair_00003109,eval,2,"LogP,QED",CN1CCC[C@H]1COc1cccnn1,CN1CCC[C@H]1COc1ccc(Cl)nn1,CN1CCC[C@H]1COc1cccnn1,c1cnnc(OC[C@@H]2CCCN2)c1,c1cnnc(OC[C@@H]2CCCN2)c1,True,True,True,,1.0,0.6511627906976745,,,,,1.6029999999999998,0.9495999999999998,0.6534,True,0.7864914737289573,0.7160423680458043,0.07044910568315299,True,,,,,,,,,,,,,,,,
source_identity,mpair_00003110_cond_02_2p,mpair_00003110,eval,2,"QED,RB",CCCCc1nnc2nc(C)c(C)c(=O)n2n1,Cc1nc2nnc(C(C)(C)C)nn2c(=O)c1C,CCCCc1nnc2nc(C)c(C)c(=O)n2n1,O=c1ccnc2nncnn12,O=c1ccnc2nncnn12,True,False,False,,1.0,0.5238095238095238,,,,,,,,,0.6723856505150625,0.7849999676400611,0.11261431712499859,False,,,,,,,,,,,,,0.0,3.0,3.0,False
source_identity,mpair_00003112_cond_01_2p,mpair_00003112,eval,2,"LogP,QED",Cc1nc2nnc(C(C)(C)C)nn2c(=O)c1C,Cc1nc2nncnn2c(=O)c1C,Cc1nc2nnc(C(C)(C)C)nn2c(=O)c1C,O=c1ccnc2nncnn12,O=c1ccnc2nncnn12,True,False,False,,1.0,0.48717948717948717,,,,,-0.5036600000000002,0.7938399999999997,1.2974999999999999,False,0.541825521381232,0.6723856505150625,0.13056012913383053,False,,,,,,,,,,,,,,,,
source_identity,mpair_00003201_cond_01_2p,mpair_00003201,eval,2,"HBD,HBA",O=C(O)c1ccc(NCCCCCCc2cccs2)cc1,CCOC(=O)c1ccc(NCCCCCCc2cccs2)cc1,O=C(O)c1ccc(NCCCCCCc2cccs2)cc1,c1ccc(NCCCCCCc2cccs2)cc1,c1ccc(NCCCCCCc2cccs2)cc1,True,True,True,,1.0,0.7021276595744681,,,,,,,,,,,,,,,,,1.0,2.0,1.0,True,4.0,3.0,1.0,True,,,,
source_identity,mpair_00003203_cond_01_2p,mpair_00003203,eval,2,"TPSA,HBA",N#Cc1cnn(C(=O)OCc2ccc(-c3ccccc3)cc2)c1,Cc1cnn(C(=O)OCc2ccc(-c3ccccc3)cc2)c1,N#Cc1cnn(C(=O)OCc2ccc(-c3ccccc3)cc2)c1,O=C(OCc1ccc(-c2ccccc2)cc1)n1cccn1,O=C(OCc1ccc(-c2ccccc2)cc1)n1cccn1,True,False,False,,1.0,0.6808510638297872,,,,,,,,,,,,,44.120000000000005,67.91,23.789999999999992,False,,,,,4.0,5.0,1.0,True,,,,
source_identity,mpair_00003205_cond_00_2p,mpair_00003205,eval,2,"TPSA,HBA",N#Cc1cnn(C(=O)OCc2ccc(-c3ccccc3)cc2)c1,O=C(OCc1ccc(-c2ccccc2)cc1)n1cccn1,N#Cc1cnn(C(=O)OCc2ccc(-c3ccccc3)cc2)c1,O=C(OCc1ccc(-c2ccccc2)cc1)n1cccn1,O=C(OCc1ccc(-c2ccccc2)cc1)n1cccn1,True,False,False,,1.0,0.5833333333333334,,,,,,,,,,,,,44.120000000000005,67.91,23.789999999999992,False,,,,,4.0,5.0,1.0,True,,,,
source_identity,mpair_00003208_cond_01_2p,mpair_00003208,eval,2,"QED,TPSA",NC(=O)N/N=C\c1ccccc1OCc1ccc2no[n+]([O-])c2c1,NC(=S)N/N=C/c1cccc(OCc2ccc3no[n+]([O-])c3c2)c1,NC(=O)N/N=C\c1ccccc1OCc1ccc2no[n+]([O-])c2c1,c1ccc(OCc2ccc3no[nH+]c3c2)cc1,c1ccc(OCc2ccc3no[nH+]c3c2)cc1,True,False,False,,1.0,0.5882352941176471,,,,,,,,,0.30972390933844063,0.4106849547701945,0.10096104543175388,False,112.61,129.68,17.070000000000007,True,,,,,,,,,,,,
source_identity,mpair_00003211_cond_01_2p,mpair_00003211,eval,2,"MW,LogP",CC[C@H]1OC(=O)[C@H](C)[C@@H](OC(C)=O)[C@H](C)[C@@H](OC2O[C@H](C)C[C@H](N(C)C)C2O)[C@@](C)(OC)C[C@@H](C)C(=O)[C@H](C)[C@@H](O)[C@]1(C)O,CC[C@H]1OC(=O)[C@H](C)[C@@H](O)[C@H](C)[C@@H](OC2O[C@H](C)C[C@H](N(C)C)C2O)[C@@](C)(OC)C[C@@H](C)C(=O)[C@H](C)[C@@H](O)[C@]1(C)O,CC[C@H]1OC(=O)[C@H](C)[C@@H](OC(C)=O)[C@H](C)[C@@H](OC2O[C@H](C)C[C@H](N(C)C)C2O)[C@@](C)(OC)C[C@@H](C)C(=O)[C@H](C)[C@@H](O)[C@]1(C)O,O=C1CCCCOC(=O)CCC[C@@H](OC2CCCCO2)CCC1,O=C1CCCCOC(=O)CCC[C@@H](OC2CCCCO2)CCC1,True,False,False,,1.0,0.821917808219178,589.7670000000004,631.8040000000003,42.03699999999992,False,1.5145000000000022,2.0853000000000033,0.5708000000000011,True,,,,,,,,,,,,,,,,,,,,
source_identity,mpair_00003215_cond_00_2p,mpair_00003215,eval,2,"MW,TPSA",COC(=O)c1ccc2c(Nc3ccc(Cl)cc3)nc(N3CCOCC3)nc2c1,Clc1ccc(Nc2nc(N3CCOCC3)nc3ccccc23)cc1,COC(=O)c1ccc2c(Nc3ccc(Cl)cc3)nc(N3CCOCC3)nc2c1,c1ccc(Nc2nc(N3CCOCC3)nc3ccccc23)cc1,c1ccc(Nc2nc(N3CCOCC3)nc3ccccc23)cc1,True,False,False,,1.0,0.631578947368421,340.81399999999996,398.85000000000025,58.036000000000286,False,,,,,,,,,50.28,76.58,26.299999999999997,False,,,,,,,,,,,,
source_identity,mpair_00003223_cond_00_2p,mpair_00003223,eval,2,"MW,QED",COc1ccc(S(=O)(=O)N(Cc2cccnc2)c2c(C)cc(Br)cc2C(=O)NO)cc1,COc1ccc(S(=O)(=O)N(Cc2cccnc2)c2c(C)cccc2C(=O)NO)cc1,COc1ccc(S(=O)(=O)N(Cc2cccnc2)c2c(C)cc(Br)cc2C(=O)NO)cc1,O=S(=O)(c1ccccc1)N(Cc1cccnc1)c1ccccc1,O=S(=O)(c1ccccc1)N(Cc1cccnc1)c1ccccc1,True,False,False,,1.0,0.819672131147541,427.48200000000014,506.37800000000016,78.89600000000002,False,,,,,0.44330794633881315,0.3740614499694089,0.06924649636940428,True,,,,,,,,,,,,,,,,
source_identity,mpair_00003225_cond_00_2p,mpair_00003225,eval,2,"QED,RB",COCCCN(/C(S)=C1/C(=O)c2cc(Cl)ccc2N(C)C1=O)c1ccccc1,COc1cccc(N(C)/C(S)=C2/C(=O)c3cc(Cl)ccc3N(C)C2=O)c1,COCCCN(/C(S)=C1/C(=O)c2cc(Cl)ccc2N(C)C1=O)c1ccccc1,O=C1Nc2ccccc2C(=O)/C1=C/Nc1ccccc1,O=C1Nc2ccccc2C(=O)/C1=C/Nc1ccccc1,True,False,False,,1.0,0.5846153846153846,,,,,,,,,0.4935411914533051,0.3319041471572704,0.1616370442960347,False,,,,,,,,,,,,,3.0,6.0,3.0,False
source_identity,mpair_00003226_cond_02_2p,mpair_00003226,eval,2,"QED,RB",COc1cccc(N(C)/C(S)=C2/C(=O)c3cc(Cl)ccc3N(C)C2=O)c1,COCCCN(/C(S)=C1/C(=O)c2cc(Cl)ccc2N(C)C1=O)c1ccccc1,COc1cccc(N(C)/C(S)=C2/C(=O)c3cc(Cl)ccc3N(C)C2=O)c1,O=C1Nc2ccccc2C(=O)/C1=C/Nc1ccccc1,O=C1Nc2ccccc2C(=O)/C1=C/Nc1ccccc1,True,False,False,,1.0,0.5846153846153846,,,,,,,,,0.3319041471572704,0.4935411914533051,0.1616370442960347,False,,,,,,,,,,,,,6.0,3.0,3.0,False
source_identity,mpair_00003229_cond_01_2p,mpair_00003229,eval,2,"HBD,HBA",CCCCc1nn(-c2ccccn2)c(C(=O)OCC)c1Cc1ccc(-c2ccccc2-c2nn[nH]n2)cc1,CCCCc1nn(-c2ccccn2)c(C(=O)O)c1Cc1ccc(-c2ccccc2-c2nn[nH]n2)cc1,CCCCc1nn(-c2ccccn2)c(C(=O)OCC)c1Cc1ccc(-c2ccccc2-c2nn[nH]n2)cc1,c1ccc(-n2cc(Cc3ccc(-c4ccccc4-c4nn[nH]n4)cc3)cn2)nc1,c1ccc(-n2cc(Cc3ccc(-c4ccccc4-c4nn[nH]n4)cc3)cn2)nc1,True,True,True,,1.0,0.8405797101449275,,,,,,,,,,,,,,,,,2.0,1.0,1.0,True,7.0,8.0,1.0,True,,,,
source_identity,mpair_00003534_cond_00_2p,mpair_00003534,eval,2,"QED,RB",O=S(=O)(CC(F)(F)F)N(Cc1cccnc1)c1cccc(OC(F)(F)F)c1,CC(C)Oc1cccc(N(Cc2cccnc2)S(=O)(=O)CC(F)(F)F)c1,O=S(=O)(CC(F)(F)F)N(Cc1cccnc1)c1cccc(OC(F)(F)F)c1,c1ccc(NCc2cccnc2)cc1,c1ccc(NCc2cccnc2)cc1,True,True,True,,1.0,0.7777777777777778,,,,,,,,,0.7245796953652621,0.6736163493728189,0.05096334599244323,True,,,,,,,,,,,,,7.0,6.0,1.0,True
source_identity,mpair_00003537_cond_00_2p,mpair_00003537,eval,2,"MW,QED",CC(C)COc1cccc(N(Cc2cccnc2)S(=O)(=O)CC(F)(F)F)c1,CCOC(=O)C(C)Oc1cccc(N(Cc2cccnc2)S(=O)(=O)CC(F)(F)F)c1,CC(C)COc1cccc(N(Cc2cccnc2)S(=O)(=O)CC(F)(F)F)c1,c1ccc(NCc2cccnc2)cc1,c1ccc(NCc2cccnc2)cc1,True,False,False,,1.0,0.6984126984126984,446.4470000000001,402.43800000000005,44.00900000000007,False,,,,,0.5496815697636838,0.6693605971809802,0.11967902741729641,False,,,,,,,,,,,,,,,,
source_identity,mpair_00003541_cond_02_2p,mpair_00003541,eval,2,"LogP,QED",CC(C)Oc1cccc(N(Cc2cccnc2)S(=O)(=O)CC(F)(F)F)c1,CCC(C)COc1cccc(N(Cc2cccnc2)S(=O)(=O)CC(F)(F)F)c1,CC(C)Oc1cccc(N(Cc2cccnc2)S(=O)(=O)CC(F)(F)F)c1,c1ccc(NCc2cccnc2)cc1,c1ccc(NCc2cccnc2)cc1,True,False,False,,1.0,0.7457627118644068,,,,,4.405200000000004,3.7675000000000027,0.6377000000000015,True,0.6078002459089881,0.7245796953652621,0.11677944945627405,False,,,,,,,,,,,,,,,,
source_identity,mpair_00003543_cond_01_2p,mpair_00003543,eval,2,"QED,RB",CC(C)Oc1cccc(N(Cc2cccnc2)S(=O)(=O)CC(F)(F)F)c1,COc1cccc(N(Cc2cccnc2)S(=O)(=O)CC(F)(F)F)c1,CC(C)Oc1cccc(N(Cc2cccnc2)S(=O)(=O)CC(F)(F)F)c1,c1ccc(NCc2cccnc2)cc1,c1ccc(NCc2cccnc2)cc1,True,True,True,,1.0,0.8113207547169812,,,,,,,,,0.7946521442277092,0.7245796953652621,0.07007244886244712,True,,,,,,,,,,,,,6.0,7.0,1.0,True
source_identity,mpair_00003546_cond_00_2p,mpair_00003546,eval,2,"MW,RB",COc1cccc(N(Cc2cccnc2)S(=O)(=O)CC(F)(F)F)c1,CCCC(C)Oc1cccc(N(Cc2cccnc2)S(=O)(=O)CC(F)(F)F)c1,COc1cccc(N(Cc2cccnc2)S(=O)(=O)CC(F)(F)F)c1,c1ccc(NCc2cccnc2)cc1,c1ccc(NCc2cccnc2)cc1,True,False,False,,1.0,0.7413793103448276,416.4650000000001,360.3570000000001,56.108000000000004,False,,,,,,,,,,,,,,,,,,,,,9.0,6.0,3.0,False
source_identity,mpair_00003548_cond_00_2p,mpair_00003548,eval,2,"QED,RB",CCOC(=O)C(C)Oc1cccc(N(Cc2cccnc2)S(=O)(=O)CC(F)(F)F)c1,O=S(=O)(CC(F)(F)F)N(Cc1cccnc1)c1cccc(OC(F)(F)F)c1,CCOC(=O)C(C)Oc1cccc(N(Cc2cccnc2)S(=O)(=O)CC(F)(F)F)c1,c1ccc(NCc2cccnc2)cc1,c1ccc(NCc2cccnc2)cc1,True,False,False,,1.0,0.6885245901639344,,,,,,,,,0.6736163493728189,0.5496815697636838,0.12393477960913513,False,,,,,,,,,,,,,6.0,9.0,3.0,False
source_identity,mpair_00003554_cond_02_2p,mpair_00003554,eval,2,"LogP,QED",O=S(=O)(CC(F)(F)F)N(Cc1cccnc1)c1cccc(OC(F)(F)F)c1,CCC(C)COc1cccc(N(Cc2cccnc2)S(=O)(=O)CC(F)(F)F)c1,O=S(=O)(CC(F)(F)F)N(Cc1cccnc1)c1cccc(OC(F)(F)F)c1,c1ccc(NCc2cccnc2)cc1,c1ccc(NCc2cccnc2)cc1,True,True,True,,1.0,0.711864406779661,,,,,4.405200000000004,3.8789000000000025,0.5263000000000018,True,0.6078002459089881,0.6736163493728189,0.06581610346383082,True,,,,,,,,,,,,,,,,
source_identity,mpair_00003558_cond_00_2p,mpair_00003558,eval,2,"QED,RB",CC(C)COc1cccc(N(Cc2cccnc2)S(=O)(=O)CC(F)(F)F)c1,CC(C)Oc1cccc(N(Cc2cccnc2)S(=O)(=O)CC(F)(F)F)c1,CC(C)COc1cccc(N(Cc2cccnc2)S(=O)(=O)CC(F)(F)F)c1,c1ccc(NCc2cccnc2)cc1,c1ccc(NCc2cccnc2)cc1,True,True,True,,1.0,0.7857142857142857,,,,,,,,,0.7245796953652621,0.6693605971809802,0.055219098184281945,True,,,,,,,,,,,,,7.0,8.0,1.0,True
source_identity,mpair_00003561_cond_01_2p,mpair_00003561,eval,2,"QED,HBA",CCOC(=O)C(C)Oc1cccc(N(Cc2cccnc2)S(=O)(=O)CC(F)(F)F)c1,COc1cccc(N(Cc2cccnc2)S(=O)(=O)CC(F)(F)F)c1,CCOC(=O)C(C)Oc1cccc(N(Cc2cccnc2)S(=O)(=O)CC(F)(F)F)c1,c1ccc(NCc2cccnc2)cc1,c1ccc(NCc2cccnc2)cc1,True,False,False,,1.0,0.7166666666666667,,,,,,,,,0.7946521442277092,0.5496815697636838,0.24497057446402548,False,,,,,,,,,4.0,6.0,2.0,False,,,,
source_identity,mpair_00003563_cond_02_2p,mpair_00003563,eval,2,"LogP,RB",COc1cccc(N(Cc2cccnc2)S(=O)(=O)CC(F)(F)F)c1,CC(C)Oc1cccc(N(Cc2cccnc2)S(=O)(=O)CC(F)(F)F)c1,COc1cccc(N(Cc2cccnc2)S(=O)(=O)CC(F)(F)F)c1,c1ccc(NCc2cccnc2)cc1,c1ccc(NCc2cccnc2)cc1,True,True,True,,1.0,0.8113207547169812,,,,,3.7675000000000027,2.988900000000002,0.7786000000000008,True,,,,,,,,,,,,,,,,,7.0,6.0,1.0,True
source_identity,mpair_00003566_cond_00_2p,mpair_00003566,eval,2,"LogP,QED",CCC(C)COc1cccc(N(Cc2cccnc2)S(=O)(=O)CC(F)(F)F)c1,O=S(=O)(CC(F)(F)F)N(Cc1cccnc1)c1cccc(OC(F)(F)F)c1,CCC(C)COc1cccc(N(Cc2cccnc2)S(=O)(=O)CC(F)(F)F)c1,c1ccc(NCc2cccnc2)cc1,c1ccc(NCc2cccnc2)cc1,True,True,True,,1.0,0.711864406779661,,,,,3.8789000000000025,4.405200000000004,0.5263000000000018,True,0.6736163493728189,0.6078002459089881,0.06581610346383082,True,,,,,,,,,,,,,,,,
source_identity,mpair_00003568_cond_00_2p,mpair_00003568,eval,2,"MW,RB",CCCCCc1nnc([S+]([O-])Cc2ncc(C)c(OC)c2C)o1,COc1c(C)cnc(C[S+]([O-])c2nnc(C)o2)c1C,CCCCCc1nnc([S+]([O-])Cc2ncc(C)c(OC)c2C)o1,c1ccc(C[SH+]c2nnco2)nc1,c1ccc(C[SH+]c2nnco2)nc1,True,False,False,,1.0,0.6862745098039216,281.337,337.4450000000001,56.10800000000012,False,,,,,,,,,,,,,,,,,,,,,4.0,8.0,4.0,False
source_identity,mpair_00003570_cond_00_2p,mpair_00003570,eval,2,"QED,RB",CCCc1nnc([S+]([O-])Cc2ncc(C)c(OC)c2C)o1,CCCCCc1nnc([S+]([O-])Cc2ncc(C)c(OC)c2C)o1,CCCc1nnc([S+]([O-])Cc2ncc(C)c(OC)c2C)o1,c1ccc(C[SH+]c2nnco2)nc1,c1ccc(C[SH+]c2nnco2)nc1,True,False,False,,1.0,0.8571428571428571,,,,,,,,,0.5433471711908145,0.76154174454175,0.2181945733509355,False,,,,,,,,,,,,,8.0,6.0,2.0,False
source_identity,mpair_00003573_cond_00_2p,mpair_00003573,eval,2,"LogP,RB",COc1c(C)cnc(C[S+]([O-])c2nnc(C)o2)c1C,CCCc1nnc([S+]([O-])Cc2ncc(C)c(OC)c2C)o1,COc1c(C)cnc(C[S+]([O-])c2nnc(C)o2)c1C,c1ccc(C[SH+]c2nnco2)nc1,c1ccc(C[SH+]c2nnco2)nc1,True,False,False,,1.0,0.7291666666666666,,,,,2.35034,1.7062599999999999,0.6440800000000002,True,,,,,,,,,,,,,,,,,6.0,4.0,2.0,False
source_identity,mpair_00003579_cond_01_2p,mpair_00003579,eval,2,"LogP,RB",CCCCCc1nnc([S+]([O-])Cc2ncc(C)c(OC)c2C)o1,CCc1nnc([S+]([O-])Cc2ncc(C)c(OC)c2C)o1,CCCCCc1nnc([S+]([O-])Cc2ncc(C)c(OC)c2C)o1,c1ccc(C[SH+]c2nnco2)nc1,c1ccc(C[SH+]c2nnco2)nc1,True,False,False,,1.0,0.78,,,,,1.96024,3.1305400000000017,1.1703000000000017,False,,,,,,,,,,,,,,,,,5.0,8.0,3.0,False
source_identity,mpair_00003586_cond_02_2p,mpair_00003586,eval,2,"MW,QED",CCc1nnc([S+]([O-])Cc2ncc(C)c(OC)c2C)o1,CCCCCc1nnc([S+]([O-])Cc2ncc(C)c(OC)c2C)o1,CCc1nnc([S+]([O-])Cc2ncc(C)c(OC)c2C)o1,c1ccc(C[SH+]c2nnco2)nc1,c1ccc(C[SH+]c2nnco2)nc1,True,False,False,,1.0,0.78,337.4450000000001,295.36400000000003,42.081000000000074,False,,,,,0.5433471711908145,0.7839512503434511,0.2406040791526366,False,,,,,,,,,,,,,,,,
source_identity,mpair_00003595_cond_01_2p,mpair_00003595,eval,2,"LogP,RB",O=C(O)CC/C(=C/c1cccc(OCc2ccccc2)c1)c1ccccc1,O=C(O)/C(=C/c1cccc(OCc2ccccc2)c1)c1ccccc1,O=C(O)CC/C(=C/c1cccc(OCc2ccccc2)c1)c1ccccc1,C(=Cc1cccc(OCc2ccccc2)c1)c1ccccc1,C(=Cc1cccc(OCc2ccccc2)c1)c1ccccc1,True,False,False,,1.0,0.6739130434782609,,,,,4.890800000000003,5.671000000000005,0.7802000000000016,True,,,,,,,,,,,,,,,,,6.0,8.0,2.0,False
source_identity,mpair_00003600_cond_00_2p,mpair_00003600,eval,2,"LogP,RB",CCN1C(=O)CC(c2noc3ccccc23)C1=O,CCCCN1C(=O)CC(c2noc3ccccc23)C1=O,CCN1C(=O)CC(c2noc3ccccc23)C1=O,O=C1CC(c2noc3ccccc23)C(=O)N1,O=C1CC(c2noc3ccccc23)C(=O)N1,True,False,False,,1.0,0.782608695652174,,,,,2.4704000000000006,1.6902,0.7802000000000007,True,,,,,,,,,,,,,,,,,4.0,2.0,2.0,False
source_identity,mpair_00003601_cond_02_2p,mpair_00003601,eval,2,"LogP,RB",CCCCN1C(=O)CC(c2noc3ccccc23)C1=O,CCN1C(=O)CC(c2noc3ccccc23)C1=O,CCCCN1C(=O)CC(c2noc3ccccc23)C1=O,O=C1CC(c2noc3ccccc23)C(=O)N1,O=C1CC(c2noc3ccccc23)C(=O)N1,True,False,False,,1.0,0.782608695652174,,,,,1.6902,2.4704000000000006,0.7802000000000007,True,,,,,,,,,,,,,,,,,2.0,4.0,2.0,False
source_identity,mpair_00003814_cond_00_2p,mpair_00003814,eval,2,"QED,RB",COc1ccc(C2=NN(C3CCCCCC3)C(=O)C3CC=CCC23)cc1OCCCCC(=O)O,COc1ccc(C2=NN(C3CCCCCC3)C(=O)C3CC=CCC23)cc1OCC(=O)O,COc1ccc(C2=NN(C3CCCCCC3)C(=O)C3CC=CCC23)cc1OCCCCC(=O)O,O=C1C2CC=CCC2C(c2ccccc2)=NN1C1CCCCCC1,O=C1C2CC=CCC2C(c2ccccc2)=NN1C1CCCCCC1,True,False,False,,1.0,0.8095238095238095,,,,,,,,,0.5484541992566154,0.3064371672067582,0.24201703204985725,False,,,,,,,,,,,,,6.0,9.0,3.0,False
source_identity,mpair_00003819_cond_00_2p,mpair_00003819,eval,2,"TPSA,HBD",COc1ccc(C2=NN(C3CCCCCC3)C(=O)C3CC=CCC23)cc1OCCCCC(=O)O,COc1ccc(C2=NN(C3CCCCCC3)C(=O)C3CC=CCC23)cc1OCCCCN(C)C,COc1ccc(C2=NN(C3CCCCCC3)C(=O)C3CC=CCC23)cc1OCCCCC(=O)O,O=C1C2CC=CCC2C(c2ccccc2)=NN1C1CCCCCC1,O=C1C2CC=CCC2C(c2ccccc2)=NN1C1CCCCCC1,True,False,False,,1.0,0.7727272727272727,,,,,,,,,,,,,54.37,88.42999999999999,34.059999999999995,False,0.0,1.0,1.0,True,,,,,,,,
source_identity,mpair_00003820_cond_02_2p,mpair_00003820,eval,2,"HBA,RB",COc1ccc(C2=NN(C3CCCCCC3)C(=O)C3CC=CCC23)cc1Cl,COc1ccc(C2=NN(C3CCCCCC3)C(=O)C3CC=CCC23)cc1OCCCCN(C)C,COc1ccc(C2=NN(C3CCCCCC3)C(=O)C3CC=CCC23)cc1Cl,O=C1C2CC=CCC2C(c2ccccc2)=NN1C1CCCCCC1,O=C1C2CC=CCC2C(c2ccccc2)=NN1C1CCCCCC1,True,False,False,,1.0,0.65625,,,,,,,,,,,,,,,,,,,,,5.0,3.0,2.0,False,9.0,3.0,6.0,False
source_identity,mpair_00003824_cond_01_2p,mpair_00003824,eval,2,"LogP,RB",CSc1ccc(Cn2ccc3c4c(N)nc(N)nc4ccc32)cc1,CC(C)(C)c1ccc(Cn2ccc3c4c(N)nc(N)nc4ccc32)cc1,CSc1ccc(Cn2ccc3c4c(N)nc(N)nc4ccc32)cc1,c1ccc(Cn2ccc3c4cncnc4ccc32)cc1,c1ccc(Cn2ccc3c4cncnc4ccc32)cc1,True,True,True,,1.0,0.72,,,,,4.094700000000002,3.519100000000001,0.5756000000000014,True,,,,,,,,,,,,,,,,,2.0,3.0,1.0,True
source_identity,mpair_00003830_cond_01_2p,mpair_00003830,eval,2,"MW,RB",CCc1ccc(Cn2ccc3c4c(N)nc(N)nc4ccc32)cc1,CC(C)c1ccc(Cn2ccc3c4c(N(C)C)nc(N(C)C)nc4ccc32)cc1,CCc1ccc(Cn2ccc3c4c(N)nc(N)nc4ccc32)cc1,c1ccc(Cn2ccc3c4cncnc4ccc32)cc1,c1ccc(Cn2ccc3c4cncnc4ccc32)cc1,True,False,False,,1.0,0.4827586206896552,387.5310000000001,317.396,70.1350000000001,False,,,,,,,,,,,,,,,,,,,,,5.0,3.0,2.0,False
source_identity,mpair_00003836_cond_01_2p,mpair_00003836,eval,2,"TPSA,HBA",Nc1cc(Cl)nc(SCc2ccc3ccccc3c2)n1,Clc1ccnc(SCc2ccc3ccccc3c2)n1,Nc1cc(Cl)nc(SCc2ccc3ccccc3c2)n1,c1cnc(SCc2ccc3ccccc3c2)nc1,c1cnc(SCc2ccc3ccccc3c2)nc1,True,False,False,,1.0,0.6428571428571429,,,,,,,,,,,,,25.78,51.8,26.019999999999996,False,,,,,3.0,4.0,1.0,True,,,,
source_identity,mpair_00003839_cond_02_2p,mpair_00003839,eval,2,"HBD,HBA",Clc1ccnc(SCc2ccc3ccccc3c2)n1,Nc1cc(Cl)nc(SCc2ccc3ccccc3c2)n1,Clc1ccnc(SCc2ccc3ccccc3c2)n1,c1cnc(SCc2ccc3ccccc3c2)nc1,c1cnc(SCc2ccc3ccccc3c2)nc1,True,True,True,,1.0,0.6428571428571429,,,,,,,,,,,,,,,,,1.0,0.0,1.0,True,4.0,3.0,1.0,True,,,,
source_identity,mpair_00004151_cond_01_2p,mpair_00004151,eval,2,"HBA,RB",c1ccc(CCCN2CCN(c3ccccc3)CC2)cc1,COc1ccccc1N1CCN(CCCc2ccccc2)CC1,c1ccc(CCCN2CCN(c3ccccc3)CC2)cc1,c1ccc(CCCN2CCN(c3ccccc3)CC2)cc1,c1ccc(CCCN2CCN(c3ccccc3)CC2)cc1,True,True,True,,1.0,0.6,,,,,,,,,,,,,,,,,,,,,3.0,2.0,1.0,True,6.0,5.0,1.0,True
source_identity,mpair_00004169_cond_01_2p,mpair_00004169,eval,2,"HBA,RB",COc1ccccc1N1CCN(CCCc2ccccc2)CC1,c1ccc(CCCN2CCN(c3ccccc3)CC2)cc1,COc1ccccc1N1CCN(CCCc2ccccc2)CC1,c1ccc(CCCN2CCN(c3ccccc3)CC2)cc1,c1ccc(CCCN2CCN(c3ccccc3)CC2)cc1,True,True,True,,1.0,0.6,,,,,,,,,,,,,,,,,,,,,2.0,3.0,1.0,True,5.0,6.0,1.0,True
source_identity,mpair_00004176_cond_00_2p,mpair_00004176,eval,2,"TPSA,HBD",Oc1nc2nc3ccnc(-c4ccccc4)c3cc2s1,O=[N+]([O-])c1cc(-c2nccc3nc4nc(O)sc4cc23)ccc1O,Oc1nc2nc3ccnc(-c4ccccc4)c3cc2s1,c1ccc(-c2nccc3nc4ncsc4cc23)cc1,c1ccc(-c2nccc3nc4ncsc4cc23)cc1,True,False,False,,1.0,0.6274509803921569,,,,,,,,,,,,,122.27000000000001,58.900000000000006,63.370000000000005,False,2.0,1.0,1.0,True,,,,,,,,
source_identity,mpair_00004326_cond_02_2p,mpair_00004326,eval,2,"TPSA,HBA",NS(=O)(=O)c1ccc(NC(=O)c2cc3ccccc3oc2=O)cc1,O=C(Nc1ccc(Br)cc1)c1c(O)c2ccccc2oc1=O,NS(=O)(=O)c1ccc(NC(=O)c2cc3ccccc3oc2=O)cc1,O=C(Nc1ccccc1)c1cc2ccccc2oc1=O,O=C(Nc1ccccc1)c1cc2ccccc2oc1=O,True,False,False,,1.0,0.4107142857142857,,,,,,,,,,,,,79.53999999999999,119.47,39.93000000000001,False,,,,,4.0,5.0,1.0,True,,,,
source_identity,mpair_00004330_cond_01_2p,mpair_00004330,eval,2,"QED,RB",CCCCC1=CC2Cc3nc4ccccc4c(N)c3C(C1)C2,CC1=CC2Cc3nc4cc(C)ccc4c(N)c3C(C1)C2,CCCCC1=CC2Cc3nc4ccccc4c(N)c3C(C1)C2,C1=CC2Cc3nc4ccccc4cc3C(C1)C2,C1=CC2Cc3nc4ccccc4cc3C(C1)C2,True,False,False,,1.0,0.5,,,,,,,,,0.7268324945600372,0.8099373252527274,0.08310483069269026,True,,,,,,,,,,,,,0.0,3.0,3.0,False
source_identity,mpair_00004334_cond_01_2p,mpair_00004334,eval,2,"LogP,RB",CC1=CC2Cc3nc4cccc(F)c4c(N)c3C(C1)C2,CCCCC1=CC2Cc3nc4ccccc4c(N)c3C(C1)C2,CC1=CC2Cc3nc4cccc(F)c4c(N)c3C(C1)C2,C1=CC2Cc3nc4ccccc4cc3C(C1)C2,C1=CC2Cc3nc4ccccc4cc3C(C1)C2,True,False,False,,1.0,0.45901639344262296,,,,,4.983300000000003,3.9521000000000024,1.031200000000001,False,,,,,,,,,,,,,,,,,3.0,0.0,3.0,False
source_identity,mpair_00004336_cond_02_2p,mpair_00004336,eval,2,"QED,RB",CC1=CC2Cc3nc4cc(C)ccc4c(N)c3C(C1)C2,CCCC1=CC2Cc3nc4ccccc4c(N)c3C(C1)C2,CC1=CC2Cc3nc4cc(C)ccc4c(N)c3C(C1)C2,C1=CC2Cc3nc4ccccc4cc3C(C1)C2,C1=CC2Cc3nc4ccccc4cc3C(C1)C2,True,False,False,,1.0,0.5178571428571429,,,,,,,,,0.8157359273844266,0.7268324945600372,0.0889034328243894,True,,,,,,,,,,,,,2.0,0.0,2.0,False
source_identity,mpair_00004339_cond_02_2p,mpair_00004339,eval,2,"LogP,RB",CC1=CC2Cc3nc4cc(C)ccc4c(N)c3C(C1)C2,CCCCC1=CC2Cc3nc4ccccc4c(N)c3C(C1)C2,CC1=CC2Cc3nc4cc(C)ccc4c(N)c3C(C1)C2,C1=CC2Cc3nc4ccccc4cc3C(C1)C2,C1=CC2Cc3nc4ccccc4cc3C(C1)C2,True,False,False,,1.0,0.5,,,,,4.983300000000003,4.121420000000002,0.8618800000000011,True,,,,,,,,,,,,,,,,,3.0,0.0,3.0,False
source_identity,mpair_00004346_cond_01_2p,mpair_00004346,eval,2,"LogP,TPSA",COc1cc(C(C)=O)ccc1OCCCN1CCC(CC(O)(c2ccc(F)cc2)c2ccc(F)cc2)CC1,COc1cc(C(C)=O)ccc1OCCCN1CCC(CC(c2ccc(F)cc2)c2ccc(F)cc2)CC1,COc1cc(C(C)=O)ccc1OCCCN1CCC(CC(O)(c2ccc(F)cc2)c2ccc(F)cc2)CC1,c1ccc(OCCCN2CCC(CC(c3ccccc3)c3ccccc3)CC2)cc1,c1ccc(OCCCN2CCC(CC(c3ccccc3)c3ccccc3)CC2)cc1,True,False,False,,1.0,0.7076923076923077,,,,,6.879100000000007,5.983100000000007,0.8959999999999999,True,,,,,38.77,59.0,20.229999999999997,False,,,,,,,,,,,,
source_identity,mpair_00004349_cond_01_2p,mpair_00004349,eval,2,"QED,HBA",COC(=O)[C@H](Cc1ccccc1)NC(=O)CSC1=C(C)C(=O)c2cccc(OC)c2C1=O,COC(=O)[C@H](Cc1ccccc1)NC(=O)CSC1=C(C)C(=O)c2ccccc2C1=O,COC(=O)[C@H](Cc1ccccc1)NC(=O)CSC1=C(C)C(=O)c2cccc(OC)c2C1=O,O=C(CSC1=CC(=O)c2ccccc2C1=O)NCCc1ccccc1,O=C(CSC1=CC(=O)c2ccccc2C1=O)NCCc1ccccc1,True,True,True,,1.0,0.8113207547169812,,,,,,,,,0.6889794254792466,0.6136959600945955,0.07528346538465114,True,,,,,,,,,6.0,7.0,1.0,True,,,,
source_identity,mpair_00004352_cond_02_2p,mpair_00004352,eval,2,"QED,HBA",COC(=O)[C@H](Cc1ccccc1)NC(=O)CSC1=C(C)C(=O)c2ccccc2C1=O,COC(=O)[C@H](Cc1ccccc1)NC(=O)CSC1=C(OC)C(=O)c2ccccc2C1=O,COC(=O)[C@H](Cc1ccccc1)NC(=O)CSC1=C(C)C(=O)c2ccccc2C1=O,O=C(CSC1=CC(=O)c2ccccc2C1=O)NCCc1ccccc1,O=C(CSC1=CC(=O)c2ccccc2C1=O)NCCc1ccccc1,True,True,True,,1.0,0.8163265306122449,,,,,,,,,0.6313340514980256,0.6889794254792466,0.05764537398122105,True,,,,,,,,,7.0,6.0,1.0,True,,,,
source_identity,mpair_00004357_cond_02_2p,mpair_00004357,eval,2,"TPSA,HBD",Cc1ccc(O)c(NCCCN2CCC(C(O)(c3ccccc3)c3ccc(Cl)cc3)CC2)c1,OC(c1ccc(F)cc1)(c1ccc(F)cc1)C1CCN(CCCNc2ccccc2)CC1,Cc1ccc(O)c(NCCCN2CCC(C(O)(c3ccccc3)c3ccc(Cl)cc3)CC2)c1,c1ccc(NCCCN2CCC(C(c3ccccc3)c3ccccc3)CC2)cc1,c1ccc(NCCCN2CCC(C(c3ccccc3)c3ccccc3)CC2)cc1,True,False,False,,1.0,0.5483870967741935,,,,,,,,,,,,,35.5,55.730000000000004,20.230000000000004,False,2.0,3.0,1.0,True,,,,,,,,
source_identity,mpair_00004359_cond_02_2p,mpair_00004359,eval,2,"QED,HBD",Cc1ccc(O)c(NCCCN2CCC(C(O)(c3ccccc3)c3ccccc3)CC2)c1,CN(CCCN1CCC(C(O)(c2ccc(F)cc2)c2ccc(F)cc2)CC1)c1ccccc1,Cc1ccc(O)c(NCCCN2CCC(C(O)(c3ccccc3)c3ccccc3)CC2)c1,c1ccc(NCCCN2CCC(C(c3ccccc3)c3ccccc3)CC2)cc1,c1ccc(NCCCN2CCC(C(c3ccccc3)c3ccccc3)CC2)cc1,True,False,False,,1.0,0.4603174603174603,,,,,,,,,0.4951549056938603,0.3416735318464589,0.1534813738474014,False,,,,,1.0,3.0,2.0,False,,,,,,,,
source_identity,mpair_00004372_cond_02_2p,mpair_00004372,eval,2,"QED,HBD",CN(CCCN1CCC(C(O)(c2ccc(F)cc2)c2ccc(F)cc2)CC1)c1ccccc1,Cc1ccc(O)c(NCCCN2CCC(C(O)(c3ccccc3)c3ccc(Cl)cc3)CC2)c1,CN(CCCN1CCC(C(O)(c2ccc(F)cc2)c2ccc(F)cc2)CC1)c1ccccc1,c1ccc(NCCCN2CCC(C(c3ccccc3)c3ccccc3)CC2)cc1,c1ccc(NCCCN2CCC(C(c3ccccc3)c3ccccc3)CC2)cc1,True,False,False,,1.0,0.4411764705882353,,,,,,,,,0.2908765692038643,0.4951549056938603,0.204278336489996,False,,,,,3.0,1.0,2.0,False,,,,,,,,
source_identity,mpair_00004376_cond_00_2p,mpair_00004376,eval,2,"TPSA,HBA",Cc1ccc(O)c(NCCCN2CCC(C(O)(c3ccccc3)c3ccccc3)CC2)c1,OC(c1ccc(F)cc1)(c1ccc(F)cc1)C1CCN(CCCNc2ccccc2)CC1,Cc1ccc(O)c(NCCCN2CCC(C(O)(c3ccccc3)c3ccccc3)CC2)c1,c1ccc(NCCCN2CCC(C(c3ccccc3)c3ccccc3)CC2)cc1,c1ccc(NCCCN2CCC(C(c3ccccc3)c3ccccc3)CC2)cc1,True,False,False,,1.0,0.5789473684210527,,,,,,,,,,,,,35.5,55.730000000000004,20.230000000000004,False,,,,,3.0,4.0,1.0,True,,,,
source_identity,mpair_00004599_cond_02_2p,mpair_00004599,eval,2,"LogP,HBA",C=C1CCCC2C1(C)CCC(C)C2(C)C/C=C1\[C@@H](OC(C)=O)O[C@H](OC(C)=O)[C@H]1OC(C)=O,C=C1CCCC2C1(C)CCC(C)C2(C)C/C=C1\[C@@H](OC(C)=O)O[C@H](OC(C)=O)[C@H]1O,C=C1CCCC2C1(C)CCC(C)C2(C)C/C=C1\[C@@H](OC(C)=O)O[C@H](OC(C)=O)[C@H]1OC(C)=O,C=C1CCCC2C(C/C=C3/CCOC3)CCCC12,C=C1CCCC2C(C/C=C3/CCOC3)CCCC12,True,True,True,,1.0,0.8448275862068966,,,,,4.271200000000004,4.842000000000004,0.5708000000000002,True,,,,,,,,,,,,,6.0,7.0,1.0,True,,,,
source_identity,mpair_00004603_cond_01_2p,mpair_00004603,eval,2,"QED,TPSA",C=C1CCCC2C1(C)CCC(C)C2(C)C/C=C1/C[C@@H](OC(C)=O)O[C@@H]1OC(C)=O,C=C1CCCC2C1(C)CCC(C)C2(C)C/C=C1\[C@@H](OC(C)=O)O[C@H](OC(C)=O)[C@H]1O,C=C1CCCC2C1(C)CCC(C)C2(C)C/C=C1/C[C@@H](OC(C)=O)O[C@@H]1OC(C)=O,C=C1CCCC2C(C/C=C3/CCOC3)CCCC12,C=C1CCCC2C(C/C=C3/CCOC3)CCCC12,True,False,False,,1.0,0.6825396825396826,,,,,,,,,0.540204408964813,0.4698739559537713,0.07033045301104174,True,82.06,61.830000000000005,20.229999999999997,False,,,,,,,,,,,,
source_identity,mpair_00004605_cond_02_2p,mpair_00004605,eval,2,"MW,LogP",N=c1sc2cc(OC(F)(F)F)ccc2n1CCN1CCC(c2ccccc2)CC1,N=c1sc2ccccc2n1CCN1CCC(c2ccc(F)cc2)CC1,N=c1sc2cc(OC(F)(F)F)ccc2n1CCN1CCC(c2ccccc2)CC1,N=c1sc2ccccc2n1CCN1CCC(c2ccccc2)CC1,N=c1sc2ccccc2n1CCN1CCC(c2ccccc2)CC1,True,False,False,,1.0,0.5862068965517241,355.482,421.4880000000002,66.0060000000002,False,4.200970000000003,4.9604700000000035,0.7595000000000001,True,,,,,,,,,,,,,,,,,,,,
source_identity,mpair_00004608_cond_02_2p,mpair_00004608,eval,2,"HBD,HBA",C=C1C[C@@]23O[C@]2(c2ccccc21)C1CC(OC(=O)[C@H](O)[C@@H](NC(=O)OCC)c2ccccc2)C3(C)C1(C)C,C=C1C[C@@]23O[C@]2(c2ccccc21)C1CC(OC(=O)[C@H](O)[C@@H](NC(=O)NCC)c2ccccc2)C3(C)C1(C)C,C=C1C[C@@]23O[C@]2(c2ccccc21)C1CC(OC(=O)[C@H](O)[C@@H](NC(=O)OCC)c2ccccc2)C3(C)C1(C)C,C=C1C[C@@]23O[C@]2(c2ccccc21)C1CC(OC(=O)CCc2ccccc2)C3C1,C=C1C[C@@]23O[C@]2(c2ccccc21)C1CC(OC(=O)CCc2ccccc2)C3C1,True,True,True,,1.0,0.8243243243243243,,,,,,,,,,,,,,,,,3.0,2.0,1.0,True,5.0,6.0,1.0,True,,,,
source_identity,mpair_00004610_cond_01_2p,mpair_00004610,eval,2,"LogP,QED",C=C1C[C@@]23O[C@]2(c2ccccc21)C1CC(OC(=O)[C@H](O)[C@@H](NC(=O)OCC)c2ccccc2)C3(C)C1(C)C,C=C1C[C@@]23O[C@]2(c2ccccc21)C1CC(OC(=O)[C@H](O)[C@@H](NC(=O)OCC)c2ccc(Cl)cc2)C3(C)C1(C)C,C=C1C[C@@]23O[C@]2(c2ccccc21)C1CC(OC(=O)[C@H](O)[C@@H](NC(=O)OCC)c2ccccc2)C3(C)C1(C)C,C=C1C[C@@]23O[C@]2(c2ccccc21)C1CC(OC(=O)CCc2ccccc2)C3C1,C=C1C[C@@]23O[C@]2(c2ccccc21)C1CC(OC(=O)CCc2ccccc2)C3C1,True,True,True,,1.0,0.8904109589041096,,,,,5.547300000000005,4.893900000000004,0.6534000000000013,True,0.3608776112070826,0.4182085424131654,0.05733093120608279,True,,,,,,,,,,,,,,,,
source_identity,mpair_00004612_cond_00_2p,mpair_00004612,eval,2,"TPSA,HBA",C=C1C[C@@]23O[C@]2(c2ccccc21)C1CC(OC(=O)[C@H](O)[C@@H](NC(=O)OCC)c2ccc(O)cc2)C3(C)C1(C)C,C=C1C[C@@]23O[C@]2(c2ccccc21)C1CC(OC(=O)[C@H](O)[C@@H](NC(=O)NCC)c2ccccc2)C3(C)C1(C)C,C=C1C[C@@]23O[C@]2(c2ccccc21)C1CC(OC(=O)[C@H](O)[C@@H](NC(=O)OCC)c2ccc(O)cc2)C3(C)C1(C)C,C=C1C[C@@]23O[C@]2(c2ccccc21)C1CC(OC(=O)CCc2ccccc2)C3C1,C=C1C[C@@]23O[C@]2(c2ccccc21)C1CC(OC(=O)CCc2ccccc2)C3C1,True,False,False,,1.0,0.7468354430379747,,,,,,,,,,,,,100.19,117.62,17.430000000000007,True,,,,,5.0,7.0,2.0,False,,,,
source_identity,mpair_00004614_cond_00_2p,mpair_00004614,eval,2,"HBD,RB",C=C1C[C@@]23O[C@]2(c2ccccc21)C1CC(OC(=O)[C@H](O)[C@@H](NC(=O)OCC)c2ccc(OC)cc2)C3(C)C1(C)C,C=C1C[C@@]23O[C@]2(c2ccccc21)C1CC(OC(=O)[C@H](O)[C@@H](NC(=O)NC(C)C)c2ccccc2)C3(C)C1(C)C,C=C1C[C@@]23O[C@]2(c2ccccc21)C1CC(OC(=O)[C@H](O)[C@@H](NC(=O)OCC)c2ccc(OC)cc2)C3(C)C1(C)C,C=C1C[C@@]23O[C@]2(c2ccccc21)C1CC(OC(=O)CCc2ccccc2)C3C1,C=C1C[C@@]23O[C@]2(c2ccccc21)C1CC(OC(=O)CCc2ccccc2)C3C1,True,True,True,,1.0,0.7037037037037037,,,,,,,,,,,,,,,,,3.0,2.0,1.0,True,,,,,6.0,7.0,1.0,True
source_identity,mpair_00004616_cond_00_2p,mpair_00004616,eval,2,"TPSA,HBA",C=C1C[C@@]23O[C@]2(c2ccccc21)C1CC(OC(=O)[C@H](O)[C@@H](NC(=O)OCC)c2ccc(O)cc2)C3(C)C1(C)C,C=C1C[C@@]23O[C@]2(c2ccccc21)C1CC(OC(=O)[C@H](O)[C@@H](NC(=O)NC(C)C)c2ccccc2)C3(C)C1(C)C,C=C1C[C@@]23O[C@]2(c2ccccc21)C1CC(OC(=O)[C@H](O)[C@@H](NC(=O)OCC)c2ccc(O)cc2)C3(C)C1(C)C,C=C1C[C@@]23O[C@]2(c2ccccc21)C1CC(OC(=O)CCc2ccccc2)C3C1,C=C1C[C@@]23O[C@]2(c2ccccc21)C1CC(OC(=O)CCc2ccccc2)C3C1,True,False,False,,1.0,0.7215189873417721,,,,,,,,,,,,,100.19,117.62,17.430000000000007,True,,,,,5.0,7.0,2.0,False,,,,
source_identity,mpair_00004617_cond_02_2p,mpair_00004617,eval,2,"HBA,RB",C=C1C[C@@]23O[C@]2(c2ccccc21)C1CC(OC(=O)[C@H](O)[C@@H](NC(=O)OCC)c2ccccc2)C3(C)C1(C)C,C=C1C[C@@]23O[C@]2(c2ccccc21)C1CC(OC(=O)[C@H](O)[C@@H](NC(=O)OCC)c2ccc(OC)cc2)C3(C)C1(C)C,C=C1C[C@@]23O[C@]2(c2ccccc21)C1CC(OC(=O)[C@H](O)[C@@H](NC(=O)OCC)c2ccccc2)C3(C)C1(C)C,C=C1C[C@@]23O[C@]2(c2ccccc21)C1CC(OC(=O)CCc2ccccc2)C3C1,C=C1C[C@@]23O[C@]2(c2ccccc21)C1CC(OC(=O)CCc2ccccc2)C3C1,True,True,True,,1.0,0.8783783783783784,,,,,,,,,,,,,,,,,,,,,7.0,6.0,1.0,True,7.0,6.0,1.0,True
source_identity,mpair_00004619_cond_01_2p,mpair_00004619,eval,2,"LogP,QED",C=C1C[C@@]23O[C@]2(c2ccccc21)C1CC(OC(=O)[C@H](O)[C@@H](NC(=O)OCC)c2ccc(Cl)cc2)C3(C)C1(C)C,C=C1C[C@@]23O[C@]2(c2ccccc21)C1CC(OC(=O)[C@H](O)[C@@H](NC(=O)OCC)c2ccccc2)C3(C)C1(C)C,C=C1C[C@@]23O[C@]2(c2ccccc21)C1CC(OC(=O)[C@H](O)[C@@H](NC(=O)OCC)c2ccc(Cl)cc2)C3(C)C1(C)C,C=C1C[C@@]23O[C@]2(c2ccccc21)C1CC(OC(=O)CCc2ccccc2)C3C1,C=C1C[C@@]23O[C@]2(c2ccccc21)C1CC(OC(=O)CCc2ccccc2)C3C1,True,True,True,,1.0,0.8904109589041096,,,,,4.893900000000004,5.547300000000005,0.6534000000000013,True,0.4182085424131654,0.3608776112070826,0.05733093120608279,True,,,,,,,,,,,,,,,,
source_identity,mpair_00004621_cond_02_2p,mpair_00004621,eval,2,"QED,HBA",C=C1C[C@@]23O[C@]2(c2ccccc21)C1CC(OC(=O)[C@H](O)[C@@H](NC(=O)NC(C)C)c2ccccc2)C3(C)C1(C)C,C=C1C[C@@]23O[C@]2(c2ccccc21)C1CC(OC(=O)[C@H](O)[C@@H](NC(=O)OCC)c2ccccc2)C3(C)C1(C)C,C=C1C[C@@]23O[C@]2(c2ccccc21)C1CC(OC(=O)[C@H](O)[C@@H](NC(=O)NC(C)C)c2ccccc2)C3(C)C1(C)C,C=C1C[C@@]23O[C@]2(c2ccccc21)C1CC(OC(=O)CCc2ccccc2)C3C1,C=C1C[C@@]23O[C@]2(c2ccccc21)C1CC(OC(=O)CCc2ccccc2)C3C1,True,True,True,,1.0,0.7972972972972973,,,,,,,,,0.4182085424131654,0.36609454720744955,0.05211399520571586,True,,,,,,,,,6.0,5.0,1.0,True,,,,
source_identity,mpair_00004623_cond_01_2p,mpair_00004623,eval,2,"LogP,HBA",C=C1C[C@@]23O[C@]2(c2ccccc21)C1CC(OC(=O)[C@H](O)[C@@H](NC(=O)OCC)c2ccc(Cl)cc2)C3(C)C1(C)C,C=C1C[C@@]23O[C@]2(c2ccccc21)C1CC(OC(=O)[C@H](O)[C@@H](NC(=O)NC(C)C)c2ccccc2)C3(C)C1(C)C,C=C1C[C@@]23O[C@]2(c2ccccc21)C1CC(OC(=O)[C@H](O)[C@@H](NC(=O)OCC)c2ccc(Cl)cc2)C3(C)C1(C)C,C=C1C[C@@]23O[C@]2(c2ccccc21)C1CC(OC(=O)CCc2ccccc2)C3C1,C=C1C[C@@]23O[C@]2(c2ccccc21)C1CC(OC(=O)CCc2ccccc2)C3C1,True,True,True,,1.0,0.7125,,,,,4.855400000000004,5.547300000000005,0.6919000000000013,True,,,,,,,,,,,,,5.0,6.0,1.0,True,,,,
source_identity,mpair_00004625_cond_02_2p,mpair_00004625,eval,2,"LogP,HBD",C=C1C[C@@]23O[C@]2(c2ccccc21)C1CC(OC(=O)[C@H](O)[C@@H](NC(=O)NC(C)C)c2ccccc2)C3(C)C1(C)C,C=C1C[C@@]23O[C@]2(c2ccccc21)C1CC(OC(=O)[C@H](O)[C@@H](NC(=O)OCC)c2ccc(Cl)cc2)C3(C)C1(C)C,C=C1C[C@@]23O[C@]2(c2ccccc21)C1CC(OC(=O)[C@H](O)[C@@H](NC(=O)NC(C)C)c2ccccc2)C3(C)C1(C)C,C=C1C[C@@]23O[C@]2(c2ccccc21)C1CC(OC(=O)CCc2ccccc2)C3C1,C=C1C[C@@]23O[C@]2(c2ccccc21)C1CC(OC(=O)CCc2ccccc2)C3C1,True,True,True,,1.0,0.7125,,,,,5.547300000000005,4.855400000000004,0.6919000000000013,True,,,,,,,,,2.0,3.0,1.0,True,,,,,,,,
source_identity,mpair_00004629_cond_00_2p,mpair_00004629,eval,2,"QED,HBD",C=C1C[C@@]23O[C@]2(c2ccccc21)C1CC(OC(=O)[C@H](O)[C@@H](NC(=O)OCC)c2ccccc2)C3(C)C1(C)C,C=C1C[C@@]23O[C@]2(c2ccccc21)C1CC(OC(=O)[C@H](O)[C@@H](NC(=O)NC(C)C)c2ccccc2)C3(C)C1(C)C,C=C1C[C@@]23O[C@]2(c2ccccc21)C1CC(OC(=O)[C@H](O)[C@@H](NC(=O)OCC)c2ccccc2)C3(C)C1(C)C,C=C1C[C@@]23O[C@]2(c2ccccc21)C1CC(OC(=O)CCc2ccccc2)C3C1,C=C1C[C@@]23O[C@]2(c2ccccc21)C1CC(OC(=O)CCc2ccccc2)C3C1,True,True,True,,1.0,0.7972972972972973,,,,,,,,,0.36609454720744955,0.4182085424131654,0.05211399520571586,True,,,,,3.0,2.0,1.0,True,,,,,,,,
source_identity,mpair_00004631_cond_02_2p,mpair_00004631,eval,2,"HBA,RB",C=C1C[C@@]23O[C@]2(c2ccccc21)C1CC(OC(=O)[C@H](O)[C@@H](NC(=O)OCC)c2ccc(OC)cc2)C3(C)C1(C)C,C=C1C[C@@]23O[C@]2(c2ccccc21)C1CC(OC(=O)[C@H](O)[C@@H](NC(=O)OCC)c2ccccc2)C3(C)C1(C)C,C=C1C[C@@]23O[C@]2(c2ccccc21)C1CC(OC(=O)[C@H](O)[C@@H](NC(=O)OCC)c2ccc(OC)cc2)C3(C)C1(C)C,C=C1C[C@@]23O[C@]2(c2ccccc21)C1CC(OC(=O)CCc2ccccc2)C3C1,C=C1C[C@@]23O[C@]2(c2ccccc21)C1CC(OC(=O)CCc2ccccc2)C3C1,True,True,True,,1.0,0.8783783783783784,,,,,,,,,,,,,,,,,,,,,6.0,7.0,1.0,True,6.0,7.0,1.0,True
source_identity,mpair_00004788_cond_01_2p,mpair_00004788,eval,2,"LogP,RB",CC(=O)Nc1ccc(C/N=C(\S)NCC(COC(=O)C(C)(C)C)Cc2ccc(C)c(C)c2)cc1,COc1cc(C/N=C(\S)NCC(COC(=O)C(C)(C)C)Cc2ccc(C)c(C)c2)ccc1NS(C)(=O)=O,CC(=O)Nc1ccc(C/N=C(\S)NCC(COC(=O)C(C)(C)C)Cc2ccc(C)c(C)c2)cc1,C(=NCc1ccccc1)NCCCc1ccccc1,C(=NCc1ccccc1)NCCCc1ccccc1,True,False,False,,1.0,0.6486486486486487,,,,,4.507140000000004,5.085440000000005,0.5783000000000005,True,,,,,,,,,,,,,,,,,11.0,9.0,2.0,False
source_identity,mpair_00004791_cond_00_2p,mpair_00004791,eval,2,"TPSA,HBA",COc1cc(C/N=C(\S)N(O)CC(COC(=O)C(C)(C)C)Cc2ccc(C)c(C)c2)ccc1NS(C)(=O)=O,CCS(=O)(=O)Nc1ccc(C/N=C(\S)NCC(COC(=O)C(C)(C)C)Cc2ccc(C)c(C)c2)cc1,COc1cc(C/N=C(\S)N(O)CC(COC(=O)C(C)(C)C)Cc2ccc(C)c(C)c2)ccc1NS(C)(=O)=O,C(=NCc1ccccc1)NCCCc1ccccc1,C(=NCc1ccccc1)NCCCc1ccccc1,True,False,False,,1.0,0.5180722891566265,,,,,,,,,,,,,96.86000000000001,117.53,20.669999999999987,False,,,,,5.0,7.0,2.0,False,,,,
source_identity,mpair_00004794_cond_01_2p,mpair_00004794,eval,2,"MW,LogP",Cc1ccc2cccc(OCc3c(C)ccc(N(C)C(=O)Cc4ccc(C(=O)c5ccc(C#N)nc5)n4C)c3C)c2n1,Cc1ccc2cccc(OCc3c(Cl)ccc(N(C)C(=O)Cc4ccc(C(=O)c5ccc(C#N)nc5)n4C)c3Cl)c2n1,Cc1ccc2cccc(OCc3c(C)ccc(N(C)C(=O)Cc4ccc(C(=O)c5ccc(C#N)nc5)n4C)c3C)c2n1,O=C(Cc1ccc(C(=O)c2cccnc2)[nH]1)Nc1cccc(COc2cccc3cccnc23)c1,O=C(Cc1ccc(C(=O)c2cccnc2)[nH]1)Nc1cccc(COc2cccc3cccnc23)c1,True,False,False,,1.0,0.8072289156626506,598.4900000000001,557.6540000000001,40.83600000000001,False,6.470700000000006,5.780740000000006,0.6899600000000001,True,,,,,,,,,,,,,,,,,,,,
source_identity,mpair_00004796_cond_00_2p,mpair_00004796,eval,2,"HBA,RB",COc1ccc2[nH]c(-c3ccccc3)c(CCNC(=O)CCc3ccccc3)c2c1,O=C(CCc1ccccc1)NCCc1c(-c2ccccc2)[nH]c2ccccc12,COc1ccc2[nH]c(-c3ccccc3)c(CCNC(=O)CCc3ccccc3)c2c1,O=C(CCc1ccccc1)NCCc1c(-c2ccccc2)[nH]c2ccccc12,O=C(CCc1ccccc1)NCCc1c(-c2ccccc2)[nH]c2ccccc12,True,True,True,,1.0,0.7307692307692307,,,,,,,,,,,,,,,,,,,,,1.0,2.0,1.0,True,7.0,8.0,1.0,True
source_identity,mpair_00004797_cond_02_2p,mpair_00004797,eval,2,"HBA,RB",O=C(CCc1ccccc1)NCCc1c(-c2ccccc2)[nH]c2ccccc12,COc1ccc2[nH]c(-c3ccccc3)c(CCNC(=O)CCc3ccccc3)c2c1,O=C(CCc1ccccc1)NCCc1c(-c2ccccc2)[nH]c2ccccc12,O=C(CCc1ccccc1)NCCc1c(-c2ccccc2)[nH]c2ccccc12,O=C(CCc1ccccc1)NCCc1c(-c2ccccc2)[nH]c2ccccc12,True,True,True,,1.0,0.7307692307692307,,,,,,,,,,,,,,,,,,,,,2.0,1.0,1.0,True,8.0,7.0,1.0,True
source_identity,mpair_00004804_cond_01_2p,mpair_00004804,eval,2,"HBA,RB",O=C(O)CCc1c(/C=C2\C(=O)Nc3cc(-c4ccccc4)ccc32)[nH]c2c1CCCC2,COc1ccc(-c2ccc3c(c2)NC(=O)/C3=C\c2[nH]c3c(c2CCC(=O)O)CCCC3)cc1,O=C(O)CCc1c(/C=C2\C(=O)Nc3cc(-c4ccccc4)ccc32)[nH]c2c1CCCC2,O=C1Nc2cc(-c3ccccc3)ccc2/C1=C/c1cc2c([nH]1)CCCC2,O=C1Nc2cc(-c3ccccc3)ccc2/C1=C/c1cc2c([nH]1)CCCC2,True,True,True,,1.0,0.8253968253968254,,,,,,,,,,,,,,,,,,,,,3.0,2.0,1.0,True,6.0,5.0,1.0,True
source_identity,mpair_00004809_cond_01_2p,mpair_00004809,eval,2,"HBA,RB",COc1ccc(-c2ccc3c(c2)NC(=O)/C3=C\c2[nH]c3c(c2CCC(=O)O)CCCC3)cc1,O=C(O)CCc1c(/C=C2\C(=O)Nc3cc(-c4ccccc4)ccc32)[nH]c2c1CCCC2,COc1ccc(-c2ccc3c(c2)NC(=O)/C3=C\c2[nH]c3c(c2CCC(=O)O)CCCC3)cc1,O=C1Nc2cc(-c3ccccc3)ccc2/C1=C/c1cc2c([nH]1)CCCC2,O=C1Nc2cc(-c3ccccc3)ccc2/C1=C/c1cc2c([nH]1)CCCC2,True,True,True,,1.0,0.8253968253968254,,,,,,,,,,,,,,,,,,,,,2.0,3.0,1.0,True,5.0,6.0,1.0,True
source_identity,mpair_00004815_cond_00_2p,mpair_00004815,eval,2,"LogP,RB",CCc1c(-c2cccc(O)c2)c2ccc3cccc1n32,Oc1ccc(-c2cc3cccc4ccc2n43)cc1,CCc1c(-c2cccc(O)c2)c2ccc3cccc1n32,c1ccc(-c2cc3cccc4ccc2n43)cc1,c1ccc(-c2cc3cccc4ccc2n43)cc1,True,True,True,,1.0,0.4,,,,,3.9029000000000025,4.465300000000003,0.5624000000000002,True,,,,,,,,,,,,,,,,,1.0,2.0,1.0,True
source_identity,mpair_00004817_cond_02_2p,mpair_00004817,eval,2,"LogP,RB",Oc1ccc(-c2cc3cccc4ccc2n43)cc1,CCc1c(-c2cccc(O)c2)c2ccc3cccc1n32,Oc1ccc(-c2cc3cccc4ccc2n43)cc1,c1ccc(-c2cc3cccc4ccc2n43)cc1,c1ccc(-c2cc3cccc4ccc2n43)cc1,True,True,True,,1.0,0.4,,,,,4.465300000000003,3.9029000000000025,0.5624000000000002,True,,,,,,,,,,,,,,,,,2.0,1.0,1.0,True
source_identity,mpair_00004820_cond_01_2p,mpair_00004820,eval,2,"HBD,RB",CCCCc1cc(OC2CCN(CCCS(=O)(=O)CC)CC2)c2ncccc2c1,CCCCc1cc(OC2CCN(CCCCNS(C)(=O)=O)CC2)c2ncccc2c1,CCCCc1cc(OC2CCN(CCCS(=O)(=O)CC)CC2)c2ncccc2c1,c1cnc2c(OC3CCNCC3)cccc2c1,c1cnc2c(OC3CCNCC3)cccc2c1,True,True,True,,1.0,0.7575757575757576,,,,,,,,,,,,,,,,,1.0,0.0,1.0,True,,,,,11.0,10.0,1.0,True
source_identity,mpair_00004948_cond_01_2p,mpair_00004948,eval,2,"HBA,RB",CCC1C(=O)N2C=CSC2=[N+](Cc2ccccc2)C1=O,CCC1C(=O)N2C=CSC2=[N+](Cc2cc(OC)cc(OC)c2)C1=O,CCC1C(=O)N2C=CSC2=[N+](Cc2ccccc2)C1=O,O=C1CC(=O)[N+](Cc2ccccc2)=C2SC=CN12,O=C1CC(=O)[N+](Cc2ccccc2)=C2SC=CN12,True,False,False,,1.0,0.6875,,,,,,,,,,,,,,,,,,,,,5.0,3.0,2.0,False,5.0,3.0,2.0,False
source_identity,mpair_00004958_cond_01_2p,mpair_00004958,eval,2,"MW,LogP",FC(F)(F)c1ccnc(N2CCN(Cc3nc4ccccc4[nH]3)CC2)n1,c1cnc(N2CCN(Cc3nc4ccccc4[nH]3)CC2)nc1,FC(F)(F)c1ccnc(N2CCN(Cc3nc4ccccc4[nH]3)CC2)n1,c1cnc(N2CCN(Cc3nc4ccccc4[nH]3)CC2)nc1,c1cnc(N2CCN(Cc3nc4ccccc4[nH]3)CC2)nc1,True,False,False,,1.0,0.7291666666666666,294.3620000000001,362.3590000000001,67.99700000000001,False,1.6750999999999998,2.6939,1.0188000000000004,False,,,,,,,,,,,,,,,,,,,,
source_identity,mpair_00004960_cond_00_2p,mpair_00004960,eval,2,"LogP,RB",CCc1cnc(N2CCN(Cc3nc4ccccc4[nH]3)CC2)nc1,c1cnc(N2CCN(Cc3nc4ccccc4[nH]3)CC2)nc1,CCc1cnc(N2CCN(Cc3nc4ccccc4[nH]3)CC2)nc1,c1cnc(N2CCN(Cc3nc4ccccc4[nH]3)CC2)nc1,c1cnc(N2CCN(Cc3nc4ccccc4[nH]3)CC2)nc1,True,True,True,,1.0,0.7391304347826086,,,,,1.6750999999999998,2.2375,0.5624,True,,,,,,,,,,,,,,,,,3.0,4.0,1.0,True
source_identity,mpair_00004961_cond_02_2p,mpair_00004961,eval,2,"MW,RB",CCc1cnc(N2CCN(Cc3nc4ccccc4[nH]3)CC2)nc1,FC(F)(F)c1ccnc(N2CCN(Cc3nc4ccccc4[nH]3)CC2)n1,CCc1cnc(N2CCN(Cc3nc4ccccc4[nH]3)CC2)nc1,c1cnc(N2CCN(Cc3nc4ccccc4[nH]3)CC2)nc1,c1cnc(N2CCN(Cc3nc4ccccc4[nH]3)CC2)nc1,True,False,False,,1.0,0.5892857142857143,362.3590000000001,322.41600000000005,39.94300000000004,False,,,,,,,,,,,,,,,,,,,,,3.0,4.0,1.0,True
source_identity,mpair_00004963_cond_01_2p,mpair_00004963,eval,2,"MW,RB",FC(F)(F)c1ccnc(N2CCN(Cc3nc4ccccc4[nH]3)CC2)n1,CCc1cnc(N2CCN(Cc3nc4ccccc4[nH]3)CC2)nc1,FC(F)(F)c1ccnc(N2CCN(Cc3nc4ccccc4[nH]3)CC2)n1,c1cnc(N2CCN(Cc3nc4ccccc4[nH]3)CC2)nc1,c1cnc(N2CCN(Cc3nc4ccccc4[nH]3)CC2)nc1,True,False,False,,1.0,0.5892857142857143,322.41600000000005,362.3590000000001,39.94300000000004,False,,,,,,,,,,,,,,,,,,,,,4.0,3.0,1.0,True
source_identity,mpair_00005202_cond_02_2p,mpair_00005202,eval,2,"MW,LogP",N=C(N)c1ccc2[nH]c(-c3ccc(OCc4cn(Cc5ccccc5)nn4)cc3)nc2c1,CC(C)NC(=N)c1ccc2[nH]c(-c3ccc(OCc4cn(Cc5ccccc5)nn4)cc3)nc2c1,N=C(N)c1ccc2[nH]c(-c3ccc(OCc4cn(Cc5ccccc5)nn4)cc3)nc2c1,c1ccc(Cn2cc(COc3ccc(-c4nc5ccccc5[nH]4)cc3)nn2)cc1,c1ccc(Cn2cc(COc3ccc(-c4nc5ccccc5[nH]4)cc3)nn2)cc1,True,False,False,,1.0,0.7714285714285715,465.5610000000001,423.4800000000001,42.08100000000002,False,4.772070000000003,3.732770000000003,1.0393,False,,,,,,,,,,,,,,,,,,,,
source_identity,mpair_00005391_cond_02_2p,mpair_00005391,eval,2,"HBD,HBA",CCOC(=O)c1ccc(C#Cc2ccc3c(c2)C(C)(C)CC(=O)N3)cc1,CC1(C)CC(=O)Nc2ccc(C#Cc3ccc(C(=O)O)cc3)cc21,CCOC(=O)c1ccc(C#Cc2ccc3c(c2)C(C)(C)CC(=O)N3)cc1,O=C1CCc2cc(C#Cc3ccccc3)ccc2N1,O=C1CCc2cc(C#Cc3ccccc3)ccc2N1,True,True,True,,1.0,0.7142857142857143,,,,,,,,,,,,,,,,,2.0,1.0,1.0,True,2.0,3.0,1.0,True,,,,
source_identity,mpair_00005394_cond_01_2p,mpair_00005394,eval,2,"QED,HBA",CCOC(=O)c1ccc(C#Cc2ccc3c(c2)C(C)(C)CC(=O)N3)cc1,CC(C)N1C(=O)CC(C)(C)c2cc(C#Cc3ccc(C(=O)O)cc3)ccc21,CCOC(=O)c1ccc(C#Cc2ccc3c(c2)C(C)(C)CC(=O)N3)cc1,O=C1CCc2cc(C#Cc3ccccc3)ccc2N1,O=C1CCc2cc(C#Cc3ccccc3)ccc2N1,True,False,False,,1.0,0.4126984126984127,,,,,,,,,0.8154931333270484,0.6624135235430156,0.1530796097840328,False,,,,,,,,,2.0,3.0,1.0,True,,,,
source_identity,mpair_00005398_cond_01_2p,mpair_00005398,eval,2,"LogP,QED",CCCn1c(=O)c2nc(-c3cc(C(=O)O)n(C)n3)[nH]c2n(CCC)c1=O,Cn1nc(-c2nc3c(=O)n(C)c(=O)n(C)c3[nH]2)cc1N,CCCn1c(=O)c2nc(-c3cc(C(=O)O)n(C)n3)[nH]c2n(CCC)c1=O,O=c1[nH]c(=O)c2nc(-c3cc[nH]n3)[nH]c2[nH]1,O=c1[nH]c(=O)c2nc(-c3cc[nH]n3)[nH]c2[nH]1,True,False,False,,1.0,0.44642857142857145,,,,,-1.0569999999999984,0.8049999999999995,1.8619999999999979,False,0.5870268940631196,0.6692302782436518,0.08220338418053219,True,,,,,,,,,,,,,,,,
source_identity,mpair_00005405_cond_02_2p,mpair_00005405,eval,2,"HBA,RB",CS(=O)(=O)Nc1ccc(S(=O)(=O)c2ccc(CN)s2)cc1,CCOc1cc(S(C)(=O)=O)cc(S(=O)(=O)c2ccc(CN)s2)c1,CS(=O)(=O)Nc1ccc(S(=O)(=O)c2ccc(CN)s2)cc1,O=S(=O)(c1ccccc1)c1cccs1,O=S(=O)(c1ccccc1)c1cccs1,True,True,True,,1.0,0.5,,,,,,,,,,,,,,,,,,,,,7.0,6.0,1.0,True,6.0,5.0,1.0,True
source_identity,mpair_00005414_cond_01_2p,mpair_00005414,eval,2,"LogP,QED",CCNC(=O)C(C)NC(=O)[C@H](Cc1ccc([N+](=O)[O-])cc1)NC(=O)c1cccc2ccccc12,O=C(N[C@@H](Cc1ccccc1)C(=O)O)c1cccc2ccccc12,CCNC(=O)C(C)NC(=O)[C@H](Cc1ccc([N+](=O)[O-])cc1)NC(=O)c1cccc2ccccc12,O=C(NCCc1ccccc1)c1cccc2ccccc12,O=C(NCCc1ccccc1)c1cccc2ccccc12,True,False,False,,1.0,0.5344827586206896,,,,,3.265500000000001,2.7299000000000007,0.5356000000000005,True,0.7583308263978528,0.332478065240171,0.4258527611576818,False,,,,,,,,,,,,,,,,
source_identity,mpair_00005417_cond_02_2p,mpair_00005417,eval,2,"HBD,HBA",CCNC(=O)C(C)NC(=O)[C@H](Cc1ccc([N+](=O)[O-])cc1)NC(=O)c1cccc2ccccc12,CCOC(=O)[C@@H](C)NC(=O)[C@H](Cc1ccc([N+](=O)[O-])cc1)NC(=O)c1cccc2ccccc12,CCNC(=O)C(C)NC(=O)[C@H](Cc1ccc([N+](=O)[O-])cc1)NC(=O)c1cccc2ccccc12,O=C(NCCc1ccccc1)c1cccc2ccccc12,O=C(NCCc1ccccc1)c1cccc2ccccc12,True,True,True,,1.0,0.8,,,,,,,,,,,,,,,,,2.0,3.0,1.0,True,6.0,5.0,1.0,True,,,,
source_identity,mpair_00005425_cond_00_2p,mpair_00005425,eval,2,"HBD,HBA",CCOC(=O)[C@@H](C)NC(=O)[C@H](Cc1ccc([N+](=O)[O-])cc1)NC(=O)c1cccc2ccccc12,CCNC(=O)C(C)NC(=O)[C@H](Cc1ccc([N+](=O)[O-])cc1)NC(=O)c1cccc2ccccc12,CCOC(=O)[C@@H](C)NC(=O)[C@H](Cc1ccc([N+](=O)[O-])cc1)NC(=O)c1cccc2ccccc12,O=C(NCCc1ccccc1)c1cccc2ccccc12,O=C(NCCc1ccccc1)c1cccc2ccccc12,True,True,True,,1.0,0.8,,,,,,,,,,,,,,,,,3.0,2.0,1.0,True,5.0,6.0,1.0,True,,,,
source_identity,mpair_00005432_cond_01_2p,mpair_00005432,eval,2,"QED,TPSA",CCOC(=O)[C@@H](C)NC(=O)[C@H](Cc1ccc([N+](=O)[O-])cc1)NC(=O)c1cccc2ccccc12,CC(C)OC(=O)[C@H](Cc1ccc([N+](=O)[O-])cc1)NC(=O)c1cccc2ccccc12,CCOC(=O)[C@@H](C)NC(=O)[C@H](Cc1ccc([N+](=O)[O-])cc1)NC(=O)c1cccc2ccccc12,O=C(NCCc1ccccc1)c1cccc2ccccc12,O=C(NCCc1ccccc1)c1cccc2ccccc12,True,False,False,,1.0,0.7333333333333333,,,,,,,,,0.36267930698305967,0.2850500955759326,0.07762921140712709,True,98.53999999999999,127.63999999999999,29.099999999999994,False,,,,,,,,,,,,
source_identity,mpair_00005439_cond_00_2p,mpair_00005439,eval,2,"LogP,RB",CC(C)OC(=O)[C@H](Cc1ccc([N+](=O)[O-])cc1)NC(=O)c1cccc2ccccc12,COC(=O)[C@H](Cc1ccc([N+](=O)[O-])cc1)NC(=O)c1cccc2ccccc12,CC(C)OC(=O)[C@H](Cc1ccc([N+](=O)[O-])cc1)NC(=O)c1cccc2ccccc12,O=C(NCCc1ccccc1)c1cccc2ccccc12,O=C(NCCc1ccccc1)c1cccc2ccccc12,True,True,True,,1.0,0.8301886792452831,,,,,3.262100000000001,4.040700000000003,0.7786000000000017,True,,,,,,,,,,,,,,,,,6.0,7.0,1.0,True
source_identity,mpair_00005441_cond_01_2p,mpair_00005441,eval,2,"HBD,HBA",CCNC(=O)C(C)NC(=O)[C@H](Cc1ccc([N+](=O)[O-])cc1)NC(=O)c1cccc2ccccc12,CCOC(=O)[C@H](C)NC(=O)[C@H](Cc1ccc([N+](=O)[O-])cc1)NC(=O)c1cccc2ccccc12,CCNC(=O)C(C)NC(=O)[C@H](Cc1ccc([N+](=O)[O-])cc1)NC(=O)c1cccc2ccccc12,O=C(NCCc1ccccc1)c1cccc2ccccc12,O=C(NCCc1ccccc1)c1cccc2ccccc12,True,True,True,,1.0,0.8,,,,,,,,,,,,,,,,,2.0,3.0,1.0,True,6.0,5.0,1.0,True,,,,
source_identity,mpair_00005443_cond_02_2p,mpair_00005443,eval,2,"MW,RB",CCOC(=O)[C@H](Cc1ccc([N+](=O)[O-])cc1)NC(=O)c1cccc2ccccc12,CCNC(=O)C(C)NC(=O)[C@H](Cc1ccc([N+](=O)[O-])cc1)NC(=O)c1cccc2ccccc12,CCOC(=O)[C@H](Cc1ccc([N+](=O)[O-])cc1)NC(=O)c1cccc2ccccc12,O=C(NCCc1ccccc1)c1cccc2ccccc12,O=C(NCCc1ccccc1)c1cccc2ccccc12,True,False,False,,1.0,0.6885245901639344,462.50600000000014,392.4110000000001,70.09500000000003,False,,,,,,,,,,,,,,,,,,,,,9.0,7.0,2.0,False
source_identity,mpair_00005447_cond_00_2p,mpair_00005447,eval,2,"MW,QED",CC(C)OC(Cc1ccc(OCCc2noc(-c3ccccc3)n2)cc1)C(=O)O,CC(C)OC(Cc1ccc(OCCc2noc(-c3cc(C(F)(F)F)cc(C(F)(F)F)c3)n2)cc1)C(=O)O,CC(C)OC(Cc1ccc(OCCc2noc(-c3ccccc3)n2)cc1)C(=O)O,c1ccc(OCCc2noc(-c3ccccc3)n2)cc1,c1ccc(OCCc2noc(-c3ccccc3)n2)cc1,True,False,False,,1.0,0.7580645161290323,532.4370000000001,396.44300000000004,135.99400000000009,False,,,,,0.3291726090856745,0.5571372247466911,0.22796461566101667,False,,,,,,,,,,,,,,,,
source_identity,mpair_00005451_cond_00_2p,mpair_00005451,eval,2,"QED,HBD",NC(=O)N(O)Cc1ccc(OCCc2noc(-c3ccccc3)n2)cc1,CC(C)OC(Cc1ccc(OCCc2noc(-c3cc(C(F)(F)F)cc(C(F)(F)F)c3)n2)cc1)C(=O)O,NC(=O)N(O)Cc1ccc(OCCc2noc(-c3ccccc3)n2)cc1,c1ccc(OCCc2noc(-c3ccccc3)n2)cc1,c1ccc(OCCc2noc(-c3ccccc3)n2)cc1,True,False,False,,1.0,0.4520547945205479,,,,,,,,,0.3291726090856745,0.4977625498777522,0.16858994079207773,False,,,,,1.0,2.0,1.0,True,,,,,,,,
source_identity,mpair_00005460_cond_01_2p,mpair_00005460,eval,2,"MW,HBD",NC(=O)N(O)Cc1ccc(OCCc2noc(-c3ccccc3)n2)cc1,CC(C)OC(Cc1ccc(OCCc2noc(-c3ccccc3)n2)cc1)C(=O)O,NC(=O)N(O)Cc1ccc(OCCc2noc(-c3ccccc3)n2)cc1,c1ccc(OCCc2noc(-c3ccccc3)n2)cc1,c1ccc(OCCc2noc(-c3ccccc3)n2)cc1,True,False,False,,1.0,0.5967741935483871,396.44300000000004,354.366,42.077000000000055,False,,,,,,,,,,,,,1.0,2.0,1.0,True,,,,,,,,
source_identity,mpair_00005462_cond_02_2p,mpair_00005462,eval,2,"QED,RB",COc1cccc2c1cc1c3c(cccc32)C(=O)N(CCN(C)C)C1=O,CN(C)CCN1C(=O)c2cccc3c2c(cc2cccc(N)c23)C1=O,COc1cccc2c1cc1c3c(cccc32)C(=O)N(CCN(C)C)C1=O,O=C1NC(=O)c2cc3ccccc3c3cccc1c23,O=C1NC(=O)c2cc3ccccc3c3cccc1c23,True,True,True,,1.0,0.5849056603773585,,,,,,,,,0.45458982820388494,0.5367814715093222,0.08219164330543727,True,,,,,,,,,,,,,3.0,4.0,1.0,True
source_identity,mpair_00005469_cond_00_2p,mpair_00005469,eval,2,"HBA,RB",CN(C)CCN1C(=O)c2cccc3c2c(cc2ccccc23)C1=O,COc1cccc2c1cc1c3c(cccc32)C(=O)N(CCN(C)C)C1=O,CN(C)CCN1C(=O)c2cccc3c2c(cc2ccccc23)C1=O,O=C1NC(=O)c2cc3ccccc3c3cccc1c23,O=C1NC(=O)c2cc3ccccc3c3cccc1c23,True,True,True,,1.0,0.6666666666666666,,,,,,,,,,,,,,,,,,,,,4.0,3.0,1.0,True,4.0,3.0,1.0,True
source_identity,mpair_00005473_cond_01_2p,mpair_00005473,eval,2,"LogP,RB",CN(C)CCN1C(=O)c2cccc3c2c(cc2cccc(Cl)c23)C1=O,COc1cccc2c1cc1c3c(cccc32)C(=O)N(CCN(C)C)C1=O,CN(C)CCN1C(=O)c2cccc3c2c(cc2cccc(Cl)c23)C1=O,O=C1NC(=O)c2cc3ccccc3c3cccc1c23,O=C1NC(=O)c2cc3ccccc3c3cccc1c23,True,True,True,,1.0,0.5849056603773585,,,,,3.159200000000002,3.804000000000003,0.6448000000000009,True,,,,,,,,,,,,,,,,,4.0,3.0,1.0,True
source_identity,mpair_00005477_cond_00_2p,mpair_00005477,eval,2,"HBD,HBA",CN(C)CCN1C(=O)c2cccc3c2c(cc2ccccc23)C1=O,CN(C)CCN1C(=O)c2cccc3c2c(cc2c(O)cccc23)C1=O,CN(C)CCN1C(=O)c2cccc3c2c(cc2ccccc23)C1=O,O=C1NC(=O)c2cc3ccccc3c3cccc1c23,O=C1NC(=O)c2cc3ccccc3c3cccc1c23,True,True,True,,1.0,0.6956521739130435,,,,,,,,,,,,,,,,,1.0,0.0,1.0,True,4.0,3.0,1.0,True,,,,
source_identity,mpair_00005482_cond_00_2p,mpair_00005482,eval,2,"LogP,RB",COc1cccc2c1cc1c3c(cccc32)C(=O)N(CCN(C)C)C1=O,CN(C)CCN1C(=O)c2cccc3c2c(cc2cccc(Cl)c23)C1=O,COc1cccc2c1cc1c3c(cccc32)C(=O)N(CCN(C)C)C1=O,O=C1NC(=O)c2cc3ccccc3c3cccc1c23,O=C1NC(=O)c2cc3ccccc3c3cccc1c23,True,True,True,,1.0,0.5849056603773585,,,,,3.804000000000003,3.159200000000002,0.6448000000000009,True,,,,,,,,,,,,,,,,,3.0,4.0,1.0,True
source_identity,mpair_00005485_cond_00_2p,mpair_00005485,eval,2,"LogP,RB",Cc1cccc(COc2nn3c(-c4nc(C(C)C)no4)nnc3c3c2C2CCC3CC2)n1,Cc1noc(-c2nnc3c4c(c(OCc5ccc(C)c(C)n5)nn23)C2CCC4CC2)n1,Cc1cccc(COc2nn3c(-c4nc(C(C)C)no4)nnc3c3c2C2CCC3CC2)n1,c1ccc(COc2nn3c(-c4ncno4)nnc3c3c2C2CCC3CC2)nc1,c1ccc(COc2nn3c(-c4ncno4)nnc3c3c2C2CCC3CC2)nc1,True,True,True,,1.0,0.6176470588235294,,,,,3.8283600000000026,4.334920000000003,0.5065600000000003,True,,,,,,,,,,,,,,,,,4.0,5.0,1.0,True
source_identity,mpair_00005487_cond_02_2p,mpair_00005487,eval,2,"LogP,RB",Cc1noc(-c2nnc3c4c(c(OCc5ccc(C)c(C)n5)nn23)C2CCC4CC2)n1,Cc1cccc(COc2nn3c(-c4nc(C(C)C)no4)nnc3c3c2C2CCC3CC2)n1,Cc1noc(-c2nnc3c4c(c(OCc5ccc(C)c(C)n5)nn23)C2CCC4CC2)n1,c1ccc(COc2nn3c(-c4ncno4)nnc3c3c2C2CCC3CC2)nc1,c1ccc(COc2nn3c(-c4ncno4)nnc3c3c2C2CCC3CC2)nc1,True,True,True,,1.0,0.6176470588235294,,,,,4.334920000000003,3.8283600000000026,0.5065600000000003,True,,,,,,,,,,,,,,,,,5.0,4.0,1.0,True
source_identity,mpair_00005489_cond_01_2p,mpair_00005489,eval,2,"QED,HBD",CN(CCOc1ccc(CC2SC(=O)NC2=O)cc1)c1ncccn1,O=C1NC(=O)C(Cc2ccc(OCCNc3ncccn3)cc2)S1,CN(CCOc1ccc(CC2SC(=O)NC2=O)cc1)c1ncccn1,O=C1NC(=O)C(Cc2ccc(OCCNc3ncccn3)cc2)S1,O=C1NC(=O)C(Cc2ccc(OCCNc3ncccn3)cc2)S1,True,True,True,,1.0,0.6415094339622641,,,,,,,,,0.7405705768383221,0.8088362225461297,0.06826564570780769,True,,,,,2.0,1.0,1.0,True,,,,,,,,
source_identity,mpair_00005491_cond_00_2p,mpair_00005491,eval,2,"QED,HBD",O=C1NC(=O)C(Cc2ccc(OCCNc3ncccn3)cc2)S1,CN(CCOc1ccc(CC2SC(=O)NC2=O)cc1)c1ncccn1,O=C1NC(=O)C(Cc2ccc(OCCNc3ncccn3)cc2)S1,O=C1NC(=O)C(Cc2ccc(OCCNc3ncccn3)cc2)S1,O=C1NC(=O)C(Cc2ccc(OCCNc3ncccn3)cc2)S1,True,True,True,,1.0,0.6415094339622641,,,,,,,,,0.8088362225461297,0.7405705768383221,0.06826564570780769,True,,,,,1.0,2.0,1.0,True,,,,,,,,
source_identity,mpair_00005492_cond_02_2p,mpair_00005492,eval,2,"LogP,RB",Cn1c(NC(=O)c2ccccc2)nc2ccccc2c1=O,CC(C)n1c(NC(=O)c2ccccc2)nc2ccccc2c1=O,Cn1c(NC(=O)c2ccccc2)nc2ccccc2c1=O,O=C(Nc1nc2ccccc2c(=O)[nH]1)c1ccccc1,O=C(Nc1nc2ccccc2c(=O)[nH]1)c1ccccc1,True,False,False,,1.0,0.7142857142857143,,,,,3.229700000000001,2.1857999999999995,1.0439000000000016,False,,,,,,,,,,,,,,,,,3.0,2.0,1.0,True
source_identity,mpair_00005494_cond_01_2p,mpair_00005494,eval,2,"LogP,RB",CC(C)n1c(NC(=O)c2ccccc2)nc2ccccc2c1=O,Cn1c(NC(=O)c2ccccc2)nc2ccccc2c1=O,CC(C)n1c(NC(=O)c2ccccc2)nc2ccccc2c1=O,O=C(Nc1nc2ccccc2c(=O)[nH]1)c1ccccc1,O=C(Nc1nc2ccccc2c(=O)[nH]1)c1ccccc1,True,False,False,,1.0,0.7142857142857143,,,,,2.1857999999999995,3.229700000000001,1.0439000000000016,False,,,,,,,,,,,,,,,,,2.0,3.0,1.0,True
source_identity,mpair_00005496_cond_00_2p,mpair_00005496,eval,2,"MW,QED",CCC(C)(C)C(=O)N[C@@H](Cc1ccc(NC(=O)c2ccnc3ccccc23)cc1)C(=O)O,CCCCC(C)(CC)C(=O)N[C@@H](Cc1ccc(NC(=O)c2ccnc3ccccc23)cc1)C(=O)O,CCC(C)(C)C(=O)N[C@@H](Cc1ccc(NC(=O)c2ccnc3ccccc23)cc1)C(=O)O,O=C(Nc1ccccc1)c1ccnc2ccccc12,O=C(Nc1ccccc1)c1ccnc2ccccc12,True,False,False,,1.0,0.78125,475.5890000000002,433.5080000000001,42.08100000000013,False,,,,,0.3529588307368051,0.4969151318732737,0.14395630113646857,False,,,,,,,,,,,,,,,,
source_identity,mpair_00005500_cond_01_2p,mpair_00005500,eval,2,"TPSA,HBA",Fc1cccc(CN2CCC(COc3c(F)c(F)c(F)c(F)c3F)CC2)c1,N#Cc1ccc(OCC2CCN(Cc3ccc(F)cc3)CC2)cc1,Fc1cccc(CN2CCC(COc3c(F)c(F)c(F)c(F)c3F)CC2)c1,c1ccc(CN2CCC(COc3ccccc3)CC2)cc1,c1ccc(CN2CCC(COc3ccccc3)CC2)cc1,True,False,False,,1.0,0.4716981132075472,,,,,,,,,,,,,36.26,12.47,23.79,False,,,,,3.0,2.0,1.0,True,,,,
source_identity,mpair_00005503_cond_01_2p,mpair_00005503,eval,2,"MW,QED",N#Cc1ccc(OCC2CCN(Cc3ccc(F)cc3)CC2)cc1,N#Cc1ccc(OCC2CCN(Cc3ccccc3I)CC2)cc1,N#Cc1ccc(OCC2CCN(Cc3ccc(F)cc3)CC2)cc1,c1ccc(CN2CCC(COc3ccccc3)CC2)cc1,c1ccc(CN2CCC(COc3ccccc3)CC2)cc1,True,False,False,,1.0,0.6,432.30500000000006,324.39900000000006,107.906,False,,,,,0.6554084459997837,0.8342316320055875,0.17882318600580382,False,,,,,,,,,,,,,,,,
source_identity,mpair_00005505_cond_00_2p,mpair_00005505,eval,2,"HBA,RB",Cn1c(=O)c2c(nc3n(CCCN4CCN(c5ccccc5)CC4)c(=O)ccn23)n(C)c1=O,COc1ccccc1N1CCN(CCCn2c(=O)ccn3c4c(=O)n(C)c(=O)n(C)c4nc23)CC1,Cn1c(=O)c2c(nc3n(CCCN4CCN(c5ccccc5)CC4)c(=O)ccn23)n(C)c1=O,O=c1[nH]c(=O)c2c(nc3n(CCCN4CCN(c5ccccc5)CC4)c(=O)ccn23)[nH]1,O=c1[nH]c(=O)c2c(nc3n(CCCN4CCN(c5ccccc5)CC4)c(=O)ccn23)[nH]1,True,True,True,,1.0,0.746031746031746,,,,,,,,,,,,,,,,,,,,,11.0,10.0,1.0,True,6.0,5.0,1.0,True
source_identity,mpair_00005510_cond_01_2p,mpair_00005510,eval,2,"HBA,RB",O=C(O)[C@H]1[C@H](c2ccccc2)c2ccccc2[C@@H]1c1ccccc1,COc1ccc([C@H]2c3ccccc3[C@@H](c3ccccc3)[C@@H]2C(=O)O)cc1,O=C(O)[C@H]1[C@H](c2ccccc2)c2ccccc2[C@@H]1c1ccccc1,c1ccc([C@H]2C[C@@H](c3ccccc3)c3ccccc32)cc1,c1ccc([C@H]2C[C@@H](c3ccccc3)c3ccccc32)cc1,True,True,True,,1.0,0.7096774193548387,,,,,,,,,,,,,,,,,,,,,2.0,1.0,1.0,True,4.0,3.0,1.0,True
source_identity,mpair_00005513_cond_01_2p,mpair_00005513,eval,2,"HBD,HBA",O=C1c2cccc(O)c2C(=O)c2c1ccc(Cc1ccccc1)c2O,O=C1c2ccccc2C(=O)c2c1ccc(Cc1ccccc1)c2O,O=C1c2cccc(O)c2C(=O)c2c1ccc(Cc1ccccc1)c2O,O=C1c2ccccc2C(=O)c2cc(Cc3ccccc3)ccc21,O=C1c2ccccc2C(=O)c2cc(Cc3ccccc3)ccc21,True,True,True,,1.0,0.7837837837837838,,,,,,,,,,,,,,,,,1.0,2.0,1.0,True,3.0,4.0,1.0,True,,,,
source_identity,mpair_00005528_cond_02_2p,mpair_00005528,eval,2,"LogP,TPSA",O=CNC(=O)c1cnn2c1n[n+]([O-])c1ccc(Cl)cc12,CCOC(=O)c1cnn2c1n[n+]([O-])c1ccc(Cl)cc12,O=CNC(=O)c1cnn2c1n[n+]([O-])c1ccc(Cl)cc12,c1ccc2c(c1)[nH+]nc1ccnn12,c1ccc2c(c1)[nH+]nc1ccnn12,True,False,False,,1.0,0.6428571428571429,,,,,1.3459999999999996,0.05550000000000005,1.2904999999999995,False,,,,,83.42999999999999,103.3,19.870000000000005,True,,,,,,,,,,,,
source_identity,mpair_00005534_cond_00_2p,mpair_00005534,eval,2,"MW,LogP",CC(C)(C)OC(=O)Nc1cnn2c1n[n+]([O-])c1ccc(Cl)cc12,O=CNC(=O)c1cnn2c1n[n+]([O-])c1ccc(Cl)cc12,CC(C)(C)OC(=O)Nc1cnn2c1n[n+]([O-])c1ccc(Cl)cc12,c1ccc2c(c1)[nH+]nc1ccnn12,c1ccc2c(c1)[nH+]nc1ccnn12,True,False,False,,1.0,0.5483870967741935,291.65400000000005,335.75100000000003,44.09699999999998,False,0.05550000000000005,2.516300000000001,2.460800000000001,False,,,,,,,,,,,,,,,,,,,,
source_identity,mpair_00005626_cond_00_2p,mpair_00005626,eval,2,"MW,QED",O=C1OC2(CCN(CCc3c[nH]c4ccc(F)cc34)CC2)CN1Cc1ccc(F)cc1F,O=C1OC2(CCN(CCc3c[nH]c4ccc(F)cc34)CC2)CN1Cc1ccccc1,O=C1OC2(CCN(CCc3c[nH]c4ccc(F)cc34)CC2)CN1Cc1ccc(F)cc1F,O=C1OC2(CCN(CCc3c[nH]c4ccccc34)CC2)CN1Cc1ccccc1,O=C1OC2(CCN(CCc3c[nH]c4ccccc34)CC2)CN1Cc1ccccc1,True,False,False,,1.0,0.7936507936507936,407.48900000000026,443.4690000000003,35.98000000000002,False,,,,,0.684658851889038,0.6264343160215629,0.05822453586747511,True,,,,,,,,,,,,,,,,
source_tanimoto_property_oracle,mpair_00000001_cond_00_2p,mpair_00000001,eval,2,"MW,LogP",O=C(c1ccccc1C(F)(F)F)N1C[C@H](CN2CCC(c3ccccc3)CC2)[C@@H](c2ccccc2)C1,O=C(c1ccccc1F)N1C[C@H](CN2CCC(c3ccccc3)CC2)[C@@H](c2ccccc2)C1,c1ccc(CN2C[C@H](CN3CCC(c4ccccc4)CC3)[C@@H](c3ccccc3)C2)cc1,O=C(c1ccccc1)N1C[C@H](CN2CCC(c3ccccc3)CC2)[C@@H](c2ccccc2)C1,c1ccc(CN2C[C@H](CN3CCC(c4ccccc4)CC3)[C@@H](c3ccccc3)C2)cc1,False,True,False,,0.5087719298245614,0.5370370370370371,442.57800000000015,410.6050000000002,31.972999999999956,True,5.561100000000006,5.781800000000006,0.2206999999999999,True,,,,,,,,,,,,,,,,,,,,
source_tanimoto_property_oracle,mpair_00000003_cond_02_2p,mpair_00000003,eval,2,"MW,RB",COc1cccc(C(=O)N2C[C@H](CN3CCC(c4ccccc4)CC3)[C@@H](c3ccccc3)C2)c1,O=C(c1ccccc1Br)N1C[C@H](CN2CCC(c3ccccc3)CC2)[C@@H](c2ccccc2)C1,O=C(Cc1ccccc1)N1C[C@H](CN2CCC(c3ccccc3)CC2)[C@@H](c2ccccc2)C1,O=C(c1ccccc1)N1C[C@H](CN2CCC(c3ccccc3)CC2)[C@@H](c2ccccc2)C1,O=C(Cc1ccccc1)N1C[C@H](CN2CCC(c3ccccc3)CC2)[C@@H](c2ccccc2)C1,False,False,False,,0.5833333333333334,0.6481481481481481,503.48400000000026,438.6150000000001,64.86900000000014,False,,,,,,,,,,,,,,,,,,,,,5.0,6.0,1.0,True
source_tanimoto_property_oracle,mpair_00000006_cond_00_2p,mpair_00000006,eval,2,"MW,LogP",O=C(c1ccccc1F)N1C[C@H](CN2CCC(c3ccccc3)CC2)[C@@H](c2ccccc2)C1,O=C(c1ccccc1C(F)(F)F)N1C[C@H](CN2CCC(c3ccccc3)CC2)[C@@H](c2ccccc2)C1,Clc1cccc([C@H]2CN(Cc3ccccc3)C[C@@H]2CN2CCC(c3ccccc3)CC2)c1,O=C(c1ccccc1)N1C[C@H](CN2CCC(c3ccccc3)CC2)[C@@H](c2ccccc2)C1,c1ccc(CN2C[C@H](CN3CCC(c4ccccc4)CC3)[C@@H](c3ccccc3)C2)cc1,False,False,False,,0.45161290322580644,0.4307692307692308,492.5850000000002,445.05000000000024,47.53499999999997,False,6.4408000000000065,6.435200000000006,0.005600000000000271,True,,,,,,,,,,,,,,,,,,,,
source_tanimoto_property_oracle,mpair_00000008_cond_02_2p,mpair_00000008,eval,2,"MW,QED",O=C(c1ccccc1Br)N1C[C@H](CN2CCC(c3ccccc3)CC2)[C@@H](c2ccccc2)C1,O=C(c1ccccc1F)N1C[C@H](CN2CCC(c3ccccc3)CC2)[C@@H](c2ccccc2)C1,,O=C(c1ccccc1)N1C[C@H](CN2CCC(c3ccccc3)CC2)[C@@H](c2ccccc2)C1,,False,False,False,empty_source_tanimoto_pool,0.0,0.0,442.57800000000015,,nan,False,,,,,0.5164092889512721,,nan,False,,,,,,,,,,,,,,,,
source_tanimoto_property_oracle,mpair_00000012_cond_00_2p,mpair_00000012,eval,2,"MW,LogP",O=C(c1ccccc1F)N1C[C@H](CN2CCC(c3ccccc3)CC2)[C@@H](c2ccccc2)C1,O=C(c1ccccc1Br)N1C[C@H](CN2CCC(c3ccccc3)CC2)[C@@H](c2ccccc2)C1,COC(=O)N(CC1CCCC1)C1CCN(C[C@H]2CN(C(=O)C3CCCCC3)C[C@@H]2c2ccccc2)CC1,O=C(c1ccccc1)N1C[C@H](CN2CCC(c3ccccc3)CC2)[C@@H](c2ccccc2)C1,O=C(C1CCCCC1)N1C[C@H](CN2CCC(NCC3CCCC3)CC2)[C@@H](c2ccccc2)C1,False,True,False,,0.4246575342465753,0.4246575342465753,503.48400000000026,509.73500000000035,6.25100000000009,True,6.184500000000006,5.531900000000006,0.6526000000000005,True,,,,,,,,,,,,,,,,,,,,
source_tanimoto_property_oracle,mpair_00000020_cond_00_2p,mpair_00000020,eval,2,"MW,TPSA",O=C(O)CCC/C=C/C[C@@H]1[C@@H](COCc2ccccc2)C2CC1(c1ccccc1)CO2,N#Cc1ccc(COC[C@H]2C3CC(c4ccc(F)cc4)(CO3)[C@@H]2C/C=C/CCCC(=O)O)cc1,O=C(O)CC/C=C\C[C@H]1[C@H](CNS(=O)(=O)c2ccc(Cl)cc2)C2CC1(c1ccc(-c3ccccc3)cc1)CO2,c1ccc(COC[C@@H]2CC3(c4ccccc4)COC2C3)cc1,O=S(=O)(NC[C@H]1CC2(c3ccc(-c4ccccc4)cc3)COC1C2)c1ccccc1,False,False,False,,0.4936708860759494,0.4222222222222222,463.5490000000003,566.1190000000001,102.56999999999982,False,,,,,,,,,79.55,92.7,13.150000000000006,True,,,,,,,,,,,,
source_tanimoto_property_oracle,mpair_00000325_cond_01_2p,mpair_00000325,eval,2,"MW,LogP",N[C@@H](C(=O)N[C@@H]1C(=O)N2C(C(=O)O)=C(C(F)(F)F)CC[C@H]12)c1ccc(F)cc1,N[C@@H](C(=O)N[C@@H]1C(=O)N2C(C(=O)O)=C(C(F)(F)F)CC[C@H]12)c1cccc(C(F)(F)F)c1,N[C@@H](C(=O)N[C@@H]1C(=O)N2C(C(=O)O)=C(Sc3nnc(SCC4CC4)s3)CC[C@H]12)c1ccccc1,O=C(Cc1ccccc1)N[C@@H]1C(=O)N2C=CCC[C@H]12,O=C(Cc1ccccc1)N[C@@H]1C(=O)N2C=C(Sc3nnc(SCC4CC4)s3)CC[C@H]12,False,False,False,,0.47435897435897434,0.4691358024691358,451.3230000000001,517.6580000000004,66.33500000000026,False,2.0955999999999997,2.6178999999999997,0.5223,True,,,,,,,,,,,,,,,,,,,,
source_tanimoto_property_oracle,mpair_00000335_cond_00_2p,mpair_00000335,eval,2,"MW,HBA",N[C@@H](C(=O)N[C@@H]1C(=O)N2C(C(=O)O)=C(C(F)(F)F)CC[C@H]12)c1cccc(Br)c1,N[C@@H](C(=O)N[C@@H]1C(=O)N2C(C(=O)O)=C(C(F)(F)F)CC[C@H]12)c1ccc(O)cc1,,O=C(Cc1ccccc1)N[C@@H]1C(=O)N2C=CCC[C@H]12,,False,False,False,empty_source_tanimoto_pool,0.0,0.0,399.3250000000001,,nan,False,,,,,,,,,,,,,,,,,5.0,,nan,False,,,,
source_tanimoto_property_oracle,mpair_00000338_cond_01_2p,mpair_00000338,eval,2,"MW,QED",N[C@@H](C(=O)N[C@@H]1C(=O)N2C(C(=O)O)=C(C(F)(F)F)CC[C@H]12)c1cccc(Br)c1,CSC1=C(C(=O)O)N2C(=O)[C@@H](NC(=O)[C@H](N)c3ccccc3)[C@H]2CC1,,O=C(Cc1ccccc1)N[C@@H]1C(=O)N2C=CCC[C@H]12,,False,False,False,empty_source_tanimoto_pool,0.0,0.0,361.42300000000006,,nan,False,,,,,0.6699274889764619,,nan,False,,,,,,,,,,,,,,,,
source_tanimoto_property_oracle,mpair_00000587_cond_01_2p,mpair_00000587,eval,2,"HBA,RB",Cc1ccc(CCCC[C@@H]2N[C@@H](CO)[C@H](O)[C@H]2O)cc1,COc1ccc(CCCC[C@@H]2N[C@@H](CO)[C@H](O)[C@H]2O)cc1,,c1ccc(CCCC[C@H]2CCCN2)cc1,,False,False,False,empty_source_tanimoto_pool,0.0,0.0,,,,,,,,,,,,,,,,,,,,,5.0,,nan,False,7.0,,nan,False
source_tanimoto_property_oracle,mpair_00000590_cond_00_2p,mpair_00000590,eval,2,"HBD,RB",OC[C@@H]1N[C@@H](CCCCc2ccc(O)cc2)[C@H](O)[C@H]1O,COc1ccc(CCCC[C@@H]2N[C@@H](CO)[C@H](O)[C@H]2O)cc1,,c1ccc(CCCC[C@H]2CCCN2)cc1,,False,False,False,empty_source_tanimoto_pool,0.0,0.0,,,,,,,,,,,,,,,,,4.0,,nan,False,,,,,7.0,,nan,False
source_tanimoto_property_oracle,mpair_00000592_cond_00_2p,mpair_00000592,eval,2,"HBA,RB",COc1ccc(CCCC[C@@H]2N[C@@H](CO)[C@H](O)[C@H]2O)cc1,Cc1ccc(CCCC[C@@H]2N[C@@H](CO)[C@H](O)[C@H]2O)cc1,COc1ccc(CCCNC(C)=O)cc1,c1ccc(CCCC[C@H]2CCCN2)cc1,c1ccccc1,False,False,False,,0.40425531914893614,0.23529411764705882,,,,,,,,,,,,,,,,,,,,,4.0,2.0,2.0,False,6.0,5.0,1.0,True
source_tanimoto_property_oracle,mpair_00000593_cond_02_2p,mpair_00000593,eval,2,"HBA,RB",OC[C@@H]1N[C@@H](CCCCc2cc(F)cc(F)c2)[C@H](O)[C@H]1O,COc1ccc(CCCC[C@@H]2N[C@@H](CO)[C@H](O)[C@H]2O)cc1,,c1ccc(CCCC[C@H]2CCCN2)cc1,,False,False,False,empty_source_tanimoto_pool,0.0,0.0,,,,,,,,,,,,,,,,,,,,,5.0,,nan,False,7.0,,nan,False
source_tanimoto_property_oracle,mpair_00000596_cond_00_2p,mpair_00000596,eval,2,"HBA,RB",OC[C@@H]1N[C@@H](CCCCc2ccc(F)cc2)[C@H](O)[C@H]1O,COc1ccc(CCCC[C@@H]2N[C@@H](CO)[C@H](O)[C@H]2O)cc1,,c1ccc(CCCC[C@H]2CCCN2)cc1,,False,False,False,empty_source_tanimoto_pool,0.0,0.0,,,,,,,,,,,,,,,,,,,,,5.0,,nan,False,7.0,,nan,False
source_tanimoto_property_oracle,mpair_00000599_cond_00_2p,mpair_00000599,eval,2,"QED,HBD",CC1=C(C)C(=O)C(C(c2ccccc2)c2cccnc2)=C(C)C1=O,CC1=C(C)C(=O)C(C(c2cccnc2)c2cccc(/C=C/C(=O)O)c2)=C(C)C1=O,CC1=C(C)C(=O)C(C(CCCCO)c2cccnc2)=C(C)C1=O,O=C1C=CC(=O)C(C(c2ccccc2)c2cccnc2)=C1,O=C1C=CC(=O)C(Cc2cccnc2)=C1,False,True,False,,0.5869565217391305,0.4745762711864407,,,,,,,,,0.6163061688930161,0.6469856878170728,0.030679518924056626,True,,,,,1.0,1.0,0.0,True,,,,,,,,
source_tanimoto_property_oracle,mpair_00000727_cond_01_2p,mpair_00000727,eval,2,"QED,RB",C=CCc1cc(/C=C2\SC(=O)N(C(C)C)C2=O)c(OC)cc1OC1CCCCO1,C=CCc1cc(/C=C2\SC(=O)N(CCCC)C2=O)c(OC)cc1OC1CCCCO1,C=CCc1cc(/C=C2\SC(=O)N(Cc3ccccc3)C2=O)c(OC)cc1OC1CCCCO1,O=C1NC(=O)/C(=C/c2ccc(OC3CCCCO3)cc2)S1,O=C1S/C(=C\c2ccc(OC3CCCCO3)cc2)C(=O)N1Cc1ccccc1,False,True,False,,0.7083333333333334,0.75,,,,,,,,,0.39718598618589046,0.37536239913571634,0.02182358705017412,True,,,,,,,,,,,,,9.0,8.0,1.0,True
source_tanimoto_property_oracle,mpair_00000730_cond_00_2p,mpair_00000730,eval,2,"HBD,RB",C=CCc1cc(/C=C2\SC(=O)NC2=O)c(OC)cc1OC1CCCCO1,C=CCc1cc(/C=C2\SC(=O)N(C(C)C)C2=O)c(OC)cc1OC1CCCCO1,,O=C1NC(=O)/C(=C/c2ccc(OC3CCCCO3)cc2)S1,,False,False,False,empty_source_tanimoto_pool,0.0,0.0,,,,,,,,,,,,,,,,,0.0,,nan,False,,,,,7.0,,nan,False
source_tanimoto_property_oracle,mpair_00000732_cond_01_2p,mpair_00000732,eval,2,"LogP,QED",C=CCc1cc(/C=C2\SC(=O)N(CC=C)C2=O)c(OC)cc1OC1CCCCO1,C=CCc1cc(/C=C2\SC(=O)N(CC=C(C)C)C2=O)c(OC)cc1OC1CCCCO1,C=CCc1cc(/C=C2\SC(=O)N(CCCC)C2=O)c(OC)cc1O,O=C1NC(=O)/C(=C/c2ccc(OC3CCCCO3)cc2)S1,O=C1NC(=O)/C(=C/c2ccccc2)S1,False,False,False,,0.5138888888888888,0.5,,,,,5.331600000000005,3.965700000000003,1.3659000000000021,False,0.3995752918375223,0.5971002769026875,0.19752498506516525,False,,,,,,,,,,,,,,,,
source_tanimoto_property_oracle,mpair_00000736_cond_00_2p,mpair_00000736,eval,2,"QED,RB",C=CCc1cc(/C=C2\SC(=O)N(CCCC)C2=O)c(OC)cc1OC1CCCCO1,C=CCc1cc(/C=C2\SC(=O)N(C(C)C)C2=O)c(OC)cc1OC1CCCCO1,CCCCOc1cc(OC)c(/C=C2\SC(=O)N(C)C2=O)cc1Br,O=C1NC(=O)/C(=C/c2ccc(OC3CCCCO3)cc2)S1,O=C1NC(=O)/C(=C/c2ccccc2)S1,False,True,False,,0.4266666666666667,0.35064935064935066,,,,,,,,,0.4701504427149941,0.5264886344093901,0.05633819169439597,True,,,,,,,,,,,,,7.0,6.0,1.0,True
source_tanimoto_property_oracle,mpair_00000737_cond_02_2p,mpair_00000737,eval,2,"QED,HBD",C=CCc1cc(/C=C2\SC(=O)NC2=O)c(OC)cc1OC1CCCCO1,C=CCc1cc(/C=C2\SC(=O)N(C)C2=O)c(OC)cc1OC1CCCCO1,,O=C1NC(=O)/C(=C/c2ccc(OC3CCCCO3)cc2)S1,,False,False,False,empty_source_tanimoto_pool,0.0,0.0,,,,,,,,,0.5413211960634129,,nan,False,,,,,0.0,,nan,False,,,,,,,,
source_tanimoto_property_oracle,mpair_00000740_cond_02_2p,mpair_00000740,eval,2,"MW,QED",C=CCc1cc(/C=C2\SC(=O)N(C)C2=O)c(OC)cc1OC1CCCCO1,C=CCc1cc(/C=C2\SC(=O)N(CCCC)C2=O)c(OC)cc1OC1CCCCO1,,O=C1NC(=O)/C(=C/c2ccc(OC3CCCCO3)cc2)S1,,False,False,False,empty_source_tanimoto_pool,0.0,0.0,431.55400000000026,,nan,False,,,,,0.39718598618589046,,nan,False,,,,,,,,,,,,,,,,
source_tanimoto_property_oracle,mpair_00000744_cond_00_2p,mpair_00000744,eval,2,"LogP,RB",C=CCc1cc(/C=C2\SC(=O)N(CC=C(C)C)C2=O)c(OC)cc1OC1CCCCO1,C=CCc1cc(/C=C2\SC(=O)N(C(C)C)C2=O)c(OC)cc1OC1CCCCO1,C=CCc1cc(/C=C2\SC(=O)NC2=O)c(OC)cc1O,O=C1NC(=O)/C(=C/c2ccc(OC3CCCCO3)cc2)S1,O=C1NC(=O)/C(=C/c2ccccc2)S1,False,False,False,,0.40789473684210525,0.410958904109589,,,,,4.773800000000004,2.4532000000000003,2.3206000000000038,False,,,,,,,,,,,,,,,,,7.0,4.0,3.0,False
source_tanimoto_property_oracle,mpair_00000746_cond_00_2p,mpair_00000746,eval,2,"QED,RB",C=CCc1cc(/C=C2\SC(=O)N(CC=C)C2=O)c(OC)cc1OC1CCCCO1,C=CCc1cc(/C=C2\SC(=O)N(CCCC)C2=O)c(OC)cc1OC1CCCCO1,,O=C1NC(=O)/C(=C/c2ccc(OC3CCCCO3)cc2)S1,,False,False,False,empty_source_tanimoto_pool,0.0,0.0,,,,,,,,,0.39718598618589046,,nan,False,,,,,,,,,,,,,9.0,,nan,False
source_tanimoto_property_oracle,mpair_00000751_cond_02_2p,mpair_00000751,eval,2,"LogP,RB",O=C1CCC[C@H]2OC[C@@H](Cc3c[nH]c4ccccc34)N12,CC[C@H]1CCC(=O)N2[C@H](Cc3c[nH]c4ccccc34)CO[C@H]12,CC[C@@H]1CCC(=O)N2[C@H](Cc3c[nH]c4ccccc34)CO[C@@H]12,O=C1CCC[C@H]2OC[C@@H](Cc3c[nH]c4ccccc34)N12,O=C1CCC[C@@H]2OC[C@@H](Cc3c[nH]c4ccccc34)N12,False,True,False,,0.6607142857142857,1.0,,,,,3.0839000000000016,3.0839000000000016,0.0,True,,,,,,,,,,,,,,,,,3.0,3.0,0.0,True
source_tanimoto_property_oracle,mpair_00000755_cond_00_2p,mpair_00000755,eval,2,"LogP,RB",CC[C@H]1CCC(=O)N2[C@H](Cc3c[nH]c4ccccc34)CO[C@H]12,O=C1CCC[C@H]2OC[C@@H](Cc3c[nH]c4ccccc34)N12,CC[C@@H]1CCC(=O)N2[C@@H](Cc3c[nH]c4ccccc34)CO[C@@H]12,O=C1CCC[C@H]2OC[C@@H](Cc3c[nH]c4ccccc34)N12,O=C1CCC[C@@H]2OC[C@H](Cc3c[nH]c4ccccc34)N12,False,True,False,,1.0,0.6607142857142857,,,,,2.447800000000001,3.0839000000000016,0.6361000000000008,True,,,,,,,,,,,,,,,,,2.0,3.0,1.0,True
source_tanimoto_property_oracle,mpair_00000756_cond_02_2p,mpair_00000756,eval,2,"LogP,QED",Clc1cccc(-c2cncc(O[C@@H]3CCNC3)c2)c1,Clc1cccc(-c2cc(O[C@@H]3CCNC3)cnc2Cl)c1,,c1ccc(-c2cncc(O[C@@H]3CCNC3)c2)cc1,,False,False,False,empty_source_tanimoto_pool,0.0,0.0,,,,,3.796100000000002,,nan,False,0.8758671086324237,,nan,False,,,,,,,,,,,,,,,,
source_tanimoto_property_oracle,mpair_00000759_cond_00_2p,mpair_00000759,eval,2,"MW,LogP",c1ccc(-c2cncc(O[C@@H]3CCNC3)c2)cc1,Clc1cccc(-c2cc(O[C@@H]3CCNC3)cnc2Cl)c1,Clc1cncc(OC2CCNC2)c1,c1ccc(-c2cncc(O[C@@H]3CCNC3)c2)cc1,c1cncc(OC2CCNC2)c1,False,False,False,,0.6341463414634146,0.5416666666666666,309.196,198.65299999999996,110.54300000000006,False,3.796100000000002,1.4756999999999998,2.320400000000002,False,,,,,,,,,,,,,,,,,,,,
source_tanimoto_property_oracle,mpair_00000760_cond_02_2p,mpair_00000760,eval,2,"MW,LogP",Clc1cccc(-c2cc(O[C@@H]3CCNC3)cnc2Cl)c1,c1ccc(-c2cncc(O[C@@H]3CCNC3)c2)cc1,,c1ccc(-c2cncc(O[C@@H]3CCNC3)c2)cc1,,False,False,False,empty_source_tanimoto_pool,0.0,0.0,240.30599999999998,,nan,False,2.4893,,nan,False,,,,,,,,,,,,,,,,,,,,
source_tanimoto_property_oracle,mpair_00000763_cond_01_2p,mpair_00000763,eval,2,"HBA,RB",COc1cccc(-c2cncc(O[C@@H]3CCNC3)c2)c1,c1ccc(-c2cncc(O[C@@H]3CCNC3)c2)cc1,,c1ccc(-c2cncc(O[C@@H]3CCNC3)c2)cc1,,False,False,False,empty_source_tanimoto_pool,0.0,0.0,,,,,,,,,,,,,,,,,,,,,3.0,,nan,False,3.0,,nan,False
source_tanimoto_property_oracle,mpair_00000765_cond_00_2p,mpair_00000765,eval,2,"QED,HBA",COc1cccc(-c2cncc(O[C@@H]3CCNC3)c2)c1,Clc1cccc(-c2cc(O[C@@H]3CCNC3)cnc2Cl)c1,,c1ccc(-c2cncc(O[C@@H]3CCNC3)c2)cc1,,False,False,False,empty_source_tanimoto_pool,0.0,0.0,,,,,,,,,0.8758671086324237,,nan,False,,,,,,,,,3.0,,nan,False,,,,
source_tanimoto_property_oracle,mpair_00001116_cond_00_2p,mpair_00001116,eval,2,"HBA,RB",COc1ccc(N2CCN(CCC3NC(=O)c4ccccc43)CC2)cc1,O=C1NC(CCN2CCN(c3ccccc3)CC2)c2ccccc21,COc1ccc(N2CCN(Cc3nc4ccccc4[nH]3)CC2)cc1,O=C1NC(CCN2CCN(c3ccccc3)CC2)c2ccccc21,c1ccc(N2CCN(Cc3nc4ccccc4[nH]3)CC2)cc1,False,True,False,,0.41935483870967744,0.265625,,,,,,,,,,,,,,,,,,,,,3.0,4.0,1.0,True,4.0,4.0,0.0,True
source_tanimoto_property_oracle,mpair_00001119_cond_01_2p,mpair_00001119,eval,2,"HBA,RB",O=C1NC(CCN2CCN(c3ccccc3)CC2)c2ccccc21,COc1ccc(N2CCN(CCC3NC(=O)c4ccccc43)CC2)cc1,,O=C1NC(CCN2CCN(c3ccccc3)CC2)c2ccccc21,,False,False,False,empty_source_tanimoto_pool,0.0,0.0,,,,,,,,,,,,,,,,,,,,,4.0,,nan,False,5.0,,nan,False
source_tanimoto_property_oracle,mpair_00001121_cond_00_2p,mpair_00001121,eval,2,"MW,QED",O=C1NC(CCN2CCN(c3ccccc3)CC2)c2ccccc21,CN1C(=O)c2ccccc2C1CCN1CCN(c2ccc(Cl)cc2)CC1,,O=C1NC(CCN2CCN(c3ccccc3)CC2)c2ccccc21,,False,False,False,empty_source_tanimoto_pool,0.0,0.0,369.8960000000001,,nan,False,,,,,0.8221231339252668,,nan,False,,,,,,,,,,,,,,,,
source_tanimoto_property_oracle,mpair_00001122_cond_02_2p,mpair_00001122,eval,2,"QED,HBD",COc1ccc(N2CCN(CCC3c4ccccc4C(=O)N3C)CC2)cc1,COc1ccc(N2CCN(CCC3NC(=O)c4ccccc43)CC2)cc1,O=C1NC(CCN2CCN(c3ccc4ccccc4c3)CC2)c2ccccc21,O=C1NC(CCN2CCN(c3ccccc3)CC2)c2ccccc21,O=C1NC(CCN2CCN(c3ccc4ccccc4c3)CC2)c2ccccc21,False,False,False,,0.45161290322580644,0.7169811320754716,,,,,,,,,0.8996022198661571,0.7569508134432963,0.14265140642286078,False,,,,,1.0,1.0,0.0,True,,,,,,,,
source_tanimoto_property_oracle,mpair_00001126_cond_00_2p,mpair_00001126,eval,2,"LogP,HBA",Cc1ccc(N2CCN(CCC3NC(=O)c4ccccc43)CC2)cc1C,COc1ccc(N2CCN(CCC3NC(=O)c4ccccc43)CC2)cc1,,O=C1NC(CCN2CCN(c3ccccc3)CC2)c2ccccc21,,False,False,False,empty_source_tanimoto_pool,0.0,0.0,,,,,2.692000000000001,,nan,False,,,,,,,,,,,,,4.0,,nan,False,,,,
source_tanimoto_property_oracle,mpair_00001129_cond_00_2p,mpair_00001129,eval,2,"QED,HBD",Cc1ccc(N2CCN(CCC3NC(=O)c4ccccc43)CC2)cc1C,CN1C(=O)c2ccccc2C1CCN1CCN(c2ccc(Cl)cc2)CC1,Cc1ccc(N2CCN(CC[C@H]3NC(=O)c4ccccc43)CC2)cc1C,O=C1NC(CCN2CCN(c3ccccc3)CC2)c2ccccc21,O=C1N[C@H](CCN2CCN(c3ccccc3)CC2)c2ccccc21,False,True,False,,1.0,0.45901639344262296,,,,,,,,,0.8221231339252668,0.9198864151307602,0.09776328120549338,True,,,,,0.0,1.0,1.0,True,,,,,,,,
source_tanimoto_property_oracle,mpair_00001130_cond_02_2p,mpair_00001130,eval,2,"LogP,RB",COc1ccc(N2CCN(CCC3c4ccccc4C(=O)N3C)CC2)cc1,CN1C(=O)c2ccccc2C1CCN1CCN(c2ccc(Cl)cc2)CC1,,O=C1NC(CCN2CCN(c3ccccc3)CC2)c2ccccc21,,False,False,False,empty_source_tanimoto_pool,0.0,0.0,,,,,3.679000000000003,,nan,False,,,,,,,,,,,,,,,,,4.0,,nan,False
source_tanimoto_property_oracle,mpair_00001134_cond_02_2p,mpair_00001134,eval,2,"MW,QED",FC(F)(F)c1cccc(N2CCN(c3nc4ccsc4n4cccc34)CC2)c1,Fc1ccc(N2CCN(c3nc4ccsc4n4cccc34)CC2)cc1,c1cc2c(N3CCN(CC4CC4)CC3)nc3ccsc3n2c1,c1ccc(N2CCN(c3nc4ccsc4n4cccc34)CC2)cc1,c1cc2c(N3CCN(CC4CC4)CC3)nc3ccsc3n2c1,False,False,False,,0.559322033898305,0.6226415094339622,352.43800000000016,312.442,39.99600000000015,False,,,,,0.5445182992427106,0.742476249321922,0.19795795007921146,False,,,,,,,,,,,,,,,,
source_tanimoto_property_oracle,mpair_00001617_cond_01_2p,mpair_00001617,eval,2,"QED,RB",Cc1cc(F)cc2c1OCc1c-2ccc2c1C(C)CC(C)(C)N2,CC1CC(C)(C)Nc2ccc3c(c21)COc1c-3cc(F)cc1[N+](=O)[O-],,c1ccc2c(c1)OCc1c-2ccc2c1CCCN2,,False,False,False,empty_source_tanimoto_pool,0.0,0.0,,,,,,,,,0.5855235809891088,,nan,False,,,,,,,,,,,,,1.0,,nan,False
source_tanimoto_property_oracle,mpair_00001643_cond_01_2p,mpair_00001643,eval,2,"MW,QED",C=C(Br)CC1(C(C)C)C(=O)NC(=O)N(C)C1=O,C=CCC1(C(C)C#CCC)C(=O)NC(=O)N(C)C1=O,,O=C1CC(=O)NC(=O)N1,,False,False,False,empty_source_tanimoto_pool,0.0,0.0,262.30899999999997,,nan,False,,,,,0.47348972477403223,,nan,False,,,,,,,,,,,,,,,,
source_tanimoto_property_oracle,mpair_00002259_cond_00_2p,mpair_00002259,eval,2,"LogP,QED",Cc1ccccc1NC(=O)c1c(C)n(-c2ccccc2C)c(C)cc1=O,Cc1cccc(C)c1NC(=O)c1c(C)n(-c2c(C)cccc2C)c(C)cc1=O,,O=C(Nc1ccccc1)c1cn(-c2ccccc2)ccc1=O,,False,False,False,empty_source_tanimoto_pool,0.0,0.0,,,,,4.940320000000004,,nan,False,0.7058233303377046,,nan,False,,,,,,,,,,,,,,,,
source_tanimoto_property_oracle,mpair_00002372_cond_00_2p,mpair_00002372,eval,2,"HBA,RB",CCCCCNC(=O)Nc1c(SCCCn2cnc(-c3ccccc3)c2C)cccc1N(C)C,CCCCCNC(=O)Nc1c(C)cccc1SCCCn1cnc(-c2ccccc2)c1C,CCCCCNC(=O)Nc1c(OCCCn2cnc(-c3ccc(CCCC)cc3)c2)cccc1N(C)C,c1ccc(SCCCn2cnc(-c3ccccc3)c2)cc1,c1ccc(OCCCn2cnc(-c3ccccc3)c2)cc1,False,False,False,,0.46511627906976744,0.3707865168539326,,,,,,,,,,,,,,,,,,,,,4.0,5.0,1.0,True,11.0,15.0,4.0,False
source_tanimoto_property_oracle,mpair_00002373_cond_02_2p,mpair_00002373,eval,2,"HBA,RB",CCCCCNC(=O)Nc1c(C)cccc1SCCCn1cnc(-c2ccccc2)c1C,CCCCCNC(=O)Nc1c(SCCCn2cnc(-c3ccccc3)c2C)cccc1N(C)C,CCCCCNC(=O)Nc1c(OCCCCn2cnc(-c3ccccc3)c2)cccc1N(C)C,c1ccc(SCCCn2cnc(-c3ccccc3)c2)cc1,c1ccc(OCCCCn2cnc(-c3ccccc3)c2)cc1,False,True,False,,0.42168674698795183,0.525,,,,,,,,,,,,,,,,,,,,,5.0,5.0,0.0,True,12.0,13.0,1.0,True
source_tanimoto_property_oracle,mpair_00002463_cond_02_2p,mpair_00002463,eval,2,"LogP,RB",COc1ccc(NC(=O)c2cc(OCCCN(C)C)nn2Cc2ccccc2)cc1,CN(C)CCCOc1cc(C(=O)Nc2ccc(Cl)cc2F)n(Cc2ccccc2)n1,,O=C(Nc1ccccc1)c1ccnn1Cc1ccccc1,,False,False,False,empty_source_tanimoto_pool,0.0,0.0,,,,,4.306700000000003,,nan,False,,,,,,,,,,,,,,,,,9.0,,nan,False
source_tanimoto_property_oracle,mpair_00002468_cond_00_2p,mpair_00002468,eval,2,"MW,QED",CN(C)CCCOc1cc(C(=O)Nc2cc(F)cc(C(F)(F)F)c2)n(Cc2ccccc2)n1,COc1ccc(NC(=O)c2cc(OCCCN(C)C)nn2Cc2ccccc2)cc1,CN(C)CCCOc1cc(C(=O)Nc2cnc3ccccc3c2)n(Cc2ccccc2)n1,O=C(Nc1ccccc1)c1ccnn1Cc1ccccc1,O=C(Nc1cnc2ccccc2c1)c1ccnn1Cc1ccccc1,False,False,False,,0.647887323943662,0.7076923076923077,408.50200000000007,429.5240000000001,21.022000000000048,True,,,,,0.5200250404910086,0.40634650543440276,0.11367853505660586,False,,,,,,,,,,,,,,,,
source_tanimoto_property_oracle,mpair_00002474_cond_02_2p,mpair_00002474,eval,2,"QED,TPSA",COc1cc(NC(=O)c2cc(OCCCN(C)C)nn2Cc2ccccc2)cc(OC)c1OC,CN(C)CCCOc1cc(C(=O)Nc2ccc(Cl)cc2F)n(Cc2ccccc2)n1,,O=C(Nc1ccccc1)c1ccnn1Cc1ccccc1,,False,False,False,empty_source_tanimoto_pool,0.0,0.0,,,,,,,,,0.5138601191048354,,nan,False,59.39,,nan,False,,,,,,,,,,,,
source_tanimoto_property_oracle,mpair_00002477_cond_01_2p,mpair_00002477,eval,2,"QED,RB",CN(C)CCCOc1cc(C(=O)Nc2cc(F)cc(C(F)(F)F)c2)n(Cc2ccccc2)n1,CN(C)CCCOc1cc(C(=O)Nc2ccc(OC(F)(F)F)cc2)n(Cc2ccccc2)n1,,O=C(Nc1ccccc1)c1ccnn1Cc1ccccc1,,False,False,False,empty_source_tanimoto_pool,0.0,0.0,,,,,,,,,0.4522382232340766,,nan,False,,,,,,,,,,,,,10.0,,nan,False
source_tanimoto_property_oracle,mpair_00002481_cond_02_2p,mpair_00002481,eval,2,"TPSA,HBA",COc1cc(NC(=O)c2cc(OCCCN(C)C)nn2Cc2ccccc2)cc(OC)c1OC,CN(C)CCCOc1cc(C(=O)Nc2cc(F)cc(C(F)(F)F)c2)n(Cc2ccccc2)n1,,O=C(Nc1ccccc1)c1ccnn1Cc1ccccc1,,False,False,False,empty_source_tanimoto_pool,0.0,0.0,,,,,,,,,,,,,59.39,,nan,False,,,,,5.0,,nan,False,,,,
source_tanimoto_property_oracle,mpair_00002484_cond_02_2p,mpair_00002484,eval,2,"LogP,RB",CN(C)CCCOc1cc(C(=O)Nc2cccc(Cl)c2)n(Cc2ccccc2)n1,COc1ccc(NC(=O)c2cc(OCCCN(C)C)nn2Cc2ccccc2)cc1,,O=C(Nc1ccccc1)c1ccnn1Cc1ccccc1,,False,False,False,empty_source_tanimoto_pool,0.0,0.0,,,,,3.522800000000002,,nan,False,,,,,,,,,,,,,,,,,10.0,,nan,False
source_tanimoto_property_oracle,mpair_00002487_cond_02_2p,mpair_00002487,eval,2,"QED,RB",CN(C)CCCOc1cc(C(=O)Nc2ccc(OC(F)(F)F)cc2)n(Cc2ccccc2)n1,CN(C)CCCOc1cc(C(=O)Nc2cc(F)cc(C(F)(F)F)c2)n(Cc2ccccc2)n1,,O=C(Nc1ccccc1)c1ccnn1Cc1ccccc1,,False,False,False,empty_source_tanimoto_pool,0.0,0.0,,,,,,,,,0.369385517709234,,nan,False,,,,,,,,,,,,,9.0,,nan,False
source_tanimoto_property_oracle,mpair_00002492_cond_02_2p,mpair_00002492,eval,2,"LogP,TPSA",CC(C)OC(=O)c1cc(CO)cn1S(=O)(=O)c1cc(Cl)ccc1N,C=Cc1cc(C(=O)OCC)n(S(=O)(=O)c2cc(Cl)ccc2N)c1,,O=S(=O)(c1ccccc1)n1cccc1,,False,False,False,empty_source_tanimoto_pool,0.0,0.0,,,,,2.7804,,nan,False,,,,,91.39,,nan,False,,,,,,,,,,,,
source_tanimoto_property_oracle,mpair_00002495_cond_01_2p,mpair_00002495,eval,2,"LogP,RB",O=C1C(Nc2ccccc2)=C(Cl)C(=O)c2ncncc21,CCc1ccc(NC2=C(Cl)C(=O)c3ncncc3C2=O)cc1,,O=C1C(Nc2ccccc2)=CC(=O)c2ncncc21,,False,False,False,empty_source_tanimoto_pool,0.0,0.0,,,,,2.980500000000001,,nan,False,,,,,,,,,,,,,,,,,3.0,,nan,False
source_tanimoto_property_oracle,mpair_00002497_cond_00_2p,mpair_00002497,eval,2,"MW,LogP",O=C1C(Nc2ccc(Br)cc2)=C(Cl)C(=O)c2ncncc21,O=C1C(Nc2ccccc2)=C(Cl)C(=O)c2ncncc21,Cc1ccc(NC2=C(Cl)C(=O)c3ccncc3C2=O)cc1,O=C1C(Nc2ccccc2)=CC(=O)c2ncncc21,O=C1C=C(Nc2ccccc2)C(=O)c2cnccc21,False,True,False,,0.46938775510204084,0.4583333333333333,285.69,298.72900000000004,13.039000000000044,True,2.4181,3.331520000000001,0.9134200000000012,True,,,,,,,,,,,,,,,,,,,,
source_tanimoto_property_oracle,mpair_00002499_cond_02_2p,mpair_00002499,eval,2,"MW,LogP",O=C1C(Nc2cccc(Br)c2)=C(Cl)C(=O)c2ncncc21,O=C1C(Nc2ccccc2)=C(Cl)C(=O)c2ncncc21,O=C1C(Nc2ccc3c(c2)OCO3)=C(Cl)C(=O)c2ncncc21,O=C1C(Nc2ccccc2)=CC(=O)c2ncncc21,O=C1C(Nc2ccc3c(c2)OCO3)=CC(=O)c2ncncc21,False,False,False,,0.6037735849056604,0.6122448979591837,285.69,329.699,44.009000000000015,False,2.4181,2.1468,0.2713000000000001,True,,,,,,,,,,,,,,,,,,,,
source_tanimoto_property_oracle,mpair_00002502_cond_01_2p,mpair_00002502,eval,2,"MW,QED",O=C1C(Nc2cccc(Br)c2)=C(Cl)C(=O)c2ncncc21,CCc1ccc(NC2=C(Cl)C(=O)c3ncncc3C2=O)cc1,,O=C1C(Nc2ccccc2)=CC(=O)c2ncncc21,,False,False,False,empty_source_tanimoto_pool,0.0,0.0,313.744,,nan,False,,,,,0.9428073960459649,,nan,False,,,,,,,,,,,,,,,,
source_tanimoto_property_oracle,mpair_00002506_cond_00_2p,mpair_00002506,eval,2,"HBA,RB",Cc1ccc(C(=O)CN2c3ccccc3C(=O)N(Cc3ccccc3)S2(=O)=O)cc1,COc1ccc(C(=O)CN2c3ccccc3C(=O)N(Cc3ccccc3)S2(=O)=O)cc1,O=C1c2ccccc2N(Cc2ccc([N+](=O)[O-])cc2)S(=O)(=O)N1Cc1ccc([N+](=O)[O-])cc1,O=C(CN1c2ccccc2C(=O)N(Cc2ccccc2)S1(=O)=O)c1ccccc1,O=C1c2ccccc2N(Cc2ccccc2)S(=O)(=O)N1Cc1ccccc1,False,False,False,,0.4909090909090909,0.46551724137931033,,,,,,,,,,,,,,,,,,,,,5.0,7.0,2.0,False,6.0,6.0,0.0,True
source_tanimoto_property_oracle,mpair_00002510_cond_01_2p,mpair_00002510,eval,2,"LogP,HBA",CSc1cc(-c2ccc(Br)cc2)oc(=O)c1C#N,CSc1cc(-c2ccc(Br)cc2)oc(=O)c1Cl,,O=c1cccc(-c2ccccc2)o1,,False,False,False,empty_source_tanimoto_pool,0.0,0.0,,,,,4.444600000000002,,nan,False,,,,,,,,,,,,,3.0,,nan,False,,,,
source_tanimoto_property_oracle,mpair_00002517_cond_00_2p,mpair_00002517,eval,2,"MW,LogP",CSc1cc(-c2ccc(Cl)cc2)oc(=O)c1Br,CSc1cc(-c2ccc(Cl)cc2)oc(=O)c1,,O=c1cccc(-c2ccccc2)o1,,False,False,False,empty_source_tanimoto_pool,0.0,0.0,252.72199999999998,,nan,False,3.682100000000002,,nan,False,,,,,,,,,,,,,,,,,,,,
source_tanimoto_property_oracle,mpair_00002525_cond_00_2p,mpair_00002525,eval,2,"QED,RB",CSc1cc(-c2ccc(Cl)cc2)oc(=O)c1C(N)=O,CSc1cc(-c2ccc(Br)cc2)oc(=O)c1C#N,,O=c1cccc(-c2ccccc2)o1,,False,False,False,empty_source_tanimoto_pool,0.0,0.0,,,,,,,,,0.791886779601309,,nan,False,,,,,,,,,,,,,2.0,,nan,False
source_tanimoto_property_oracle,mpair_00002533_cond_01_2p,mpair_00002533,eval,2,"LogP,HBA",CSc1cc(-c2ccc(Br)cc2)oc(=O)c1C#N,CSc1cc(-c2ccc(Cl)cc2)oc(=O)c1Br,CSc1cc(-c2cccs2)oc(=O)c1C#N,O=c1cccc(-c2ccccc2)o1,O=c1cccc(-c2cccs2)o1,False,False,False,,0.574468085106383,0.33962264150943394,,,,,4.444600000000001,2.9618800000000016,1.4827199999999996,False,,,,,,,,,,,,,3.0,5.0,2.0,False,,,,
source_tanimoto_property_oracle,mpair_00002543_cond_00_2p,mpair_00002543,eval,2,"TPSA,HBD",CSc1cc(-c2ccc(Br)cc2)oc(=O)c1Cl,CSc1cc(-c2ccc(Cl)cc2)oc(=O)c1C(N)=O,CSc1cc(-c2ccc(Br)cc2)oc(=O)c1Br,O=c1cccc(-c2ccccc2)o1,O=c1cccc(-c2ccccc2)o1,True,False,False,,0.7297297297297297,0.4782608695652174,,,,,,,,,,,,,73.30000000000001,30.21,43.09000000000001,False,1.0,0.0,1.0,True,,,,,,,,
source_tanimoto_property_oracle,mpair_00002548_cond_02_2p,mpair_00002548,eval,2,"MW,LogP",CSc1cc(-c2ccc(Cl)cc2)oc(=O)c1,CSc1cc(-c2ccc(Br)cc2)oc(=O)c1Cl,,O=c1cccc(-c2ccccc2)o1,,False,False,False,empty_source_tanimoto_pool,0.0,0.0,331.61800000000005,,nan,False,4.444600000000002,,nan,False,,,,,,,,,,,,,,,,,,,,
source_tanimoto_property_oracle,mpair_00002558_cond_00_2p,mpair_00002558,eval,2,"MW,HBA",CSc1nc(-c2ccc(OC(F)(F)F)cc2)nn1C(=O)N(C)c1ccccc1,CSc1nc(-c2ccc(Cl)cc2)nn1C(=O)N(C)c1ccccc1,,O=C(Nc1ccccc1)n1cnc(-c2ccccc2)n1,,False,False,False,empty_source_tanimoto_pool,0.0,0.0,358.85400000000004,,nan,False,,,,,,,,,,,,,,,,,5.0,,nan,False,,,,
source_tanimoto_property_oracle,mpair_00002561_cond_02_2p,mpair_00002561,eval,2,"LogP,RB",CSc1nc(-c2ccc(C)cc2)nn1C(=O)N(C)c1ccccc1,CN(C(=O)n1nc(-c2ccc(Cl)cc2)nc1SCC(F)(F)F)c1ccccc1,,O=C(Nc1ccccc1)n1cnc(-c2ccccc2)n1,,False,False,False,empty_source_tanimoto_pool,0.0,0.0,,,,,5.357400000000003,,nan,False,,,,,,,,,,,,,,,,,4.0,,nan,False
source_tanimoto_property_oracle,mpair_00002564_cond_00_2p,mpair_00002564,eval,2,"LogP,HBA",CSc1nc(-c2ccc(OC(F)(F)F)cc2)nn1C(=O)N(C)c1ccccc1,CN(C(=O)n1nc(-c2ccc(Cl)cc2)nc1SCC(F)(F)F)c1ccccc1,,O=C(Nc1ccccc1)n1cnc(-c2ccccc2)n1,,False,False,False,empty_source_tanimoto_pool,0.0,0.0,,,,,5.357400000000003,,nan,False,,,,,,,,,,,,,5.0,,nan,False,,,,
source_tanimoto_property_oracle,mpair_00002566_cond_02_2p,mpair_00002566,eval,2,"HBD,RB",COc1cc(C(=O)N2CCN(C(=O)c3cc(OC)c(OC)c(OC)c3)C(COC(=O)CC(C)(C)C)C2)cc(OC)c1OC,COc1cc(C(=O)N2CCN(C(=O)c3cc(OC)c(OC)c(OC)c3)C(COC(=O)NCCC(C)C)C2)cc(OC)c1OC,,O=C(c1ccccc1)N1CCN(C(=O)c2ccccc2)CC1,,False,False,False,empty_source_tanimoto_pool,0.0,0.0,,,,,,,,,,,,,,,,,1.0,,nan,False,,,,,13.0,,nan,False
source_tanimoto_property_oracle,mpair_00002569_cond_02_2p,mpair_00002569,eval,2,"TPSA,HBA",COc1cc(C(=O)N2CCN(C(=O)c3cc(OC)c(OC)c(OC)c3)CC2)cc(OC)c1OC,COc1cc(C(=O)N2CCN(C(=O)c3cc(OC)c(OC)c(OC)c3)C(CO)C2)cc(OC)c1OC,COc1cc(N)c(C(=O)c2cc(OC)c(OC)c(OC)c2)cc1OC,O=C(c1ccccc1)N1CCN(C(=O)c2ccccc2)CC1,O=C(c1ccccc1)c1ccccc1,False,False,False,,0.46153846153846156,0.34615384615384615,,,,,,,,,,,,,116.23000000000002,89.24000000000001,26.99000000000001,False,,,,,9.0,7.0,2.0,False,,,,
source_tanimoto_property_oracle,mpair_00002573_cond_01_2p,mpair_00002573,eval,2,"LogP,RB",COc1cc(C(=O)N2CCN(C(=O)c3cc(OC)c(OC)c(OC)c3)C(COC(=O)CC(C)(C)C)C2)cc(OC)c1OC,COc1cc(C(=O)N2CCN(C(=O)c3cc(OC)c(OC)c(OC)c3)C(COC(C)=O)C2)cc(OC)c1OC,,O=C(c1ccccc1)N1CCN(C(=O)c2ccccc2)CC1,,False,False,False,empty_source_tanimoto_pool,0.0,0.0,,,,,2.2681000000000004,,nan,False,,,,,,,,,,,,,,,,,10.0,,nan,False
source_tanimoto_property_oracle,mpair_00002575_cond_02_2p,mpair_00002575,eval,2,"LogP,QED",COc1cc(C(=O)N2CCN(C(=O)c3cc(OC)c(OC)c(OC)c3)C(COC(C)=O)C2)cc(OC)c1OC,COc1cc(C(=O)N2CCN(C(=O)c3cc(OC)c(OC)c(OC)c3)C(COC(=O)CC(C)(C)C)C2)cc(OC)c1OC,,O=C(c1ccccc1)N1CCN(C(=O)c2ccccc2)CC1,,False,False,False,empty_source_tanimoto_pool,0.0,0.0,,,,,3.684400000000003,,nan,False,0.3521539372279048,,nan,False,,,,,,,,,,,,,,,,
source_tanimoto_property_oracle,mpair_00002578_cond_00_2p,mpair_00002578,eval,2,"LogP,RB",CCN(CC)C(=O)OCC1CN(C(=O)c2cc(OC)c(OC)c(OC)c2)CCN1C(=O)c1cc(OC)c(OC)c(OC)c1,COc1cc(C(=O)N2CCN(C(=O)c3cc(OC)c(OC)c(OC)c3)C(COC(=O)CC(C)(C)C)C2)cc(OC)c1OC,,O=C(c1ccccc1)N1CCN(C(=O)c2ccccc2)CC1,,False,False,False,empty_source_tanimoto_pool,0.0,0.0,,,,,3.684400000000003,,nan,False,,,,,,,,,,,,,,,,,11.0,,nan,False
source_tanimoto_property_oracle,mpair_00002585_cond_02_2p,mpair_00002585,eval,2,"TPSA,RB",COc1cc(C(=O)N2CCN(C(=O)c3cc(OC)c(OC)c(OC)c3)C(COC(C)=O)C2)cc(OC)c1OC,COc1cc(C(=O)N2CCN(C(=O)c3cc(OC)c(OC)c(OC)c3)CC2)cc(OC)c1OC,,O=C(c1ccccc1)N1CCN(C(=O)c2ccccc2)CC1,,False,False,False,empty_source_tanimoto_pool,0.0,0.0,,,,,,,,,,,,,96.00000000000001,,nan,False,,,,,,,,,8.0,,nan,False
source_tanimoto_property_oracle,mpair_00002595_cond_02_2p,mpair_00002595,eval,2,"TPSA,HBA",COc1cc(C(=O)N2CCN(C(=O)c3cc(OC)c(OC)c(OC)c3)CC2)cc(OC)c1OC,COc1cc(C(=O)N2CCN(C(=O)c3cc(OC)c(OC)c(OC)c3)C(COC(=O)CC(C)(C)C)C2)cc(OC)c1OC,COc1ccc(-n2ccc(C(=O)c3cc(OC)c(OC)c(OC)c3)c2)cc1,O=C(c1ccccc1)N1CCN(C(=O)c2ccccc2)CC1,O=C(c1ccccc1)c1ccn(-c2ccccc2)c1,False,False,False,,0.41304347826086957,0.27941176470588236,,,,,,,,,,,,,122.30000000000001,58.92,63.38000000000001,False,,,,,10.0,6.0,4.0,False,,,,
source_tanimoto_property_oracle,mpair_00002599_cond_00_2p,mpair_00002599,eval,2,"TPSA,HBA",COc1ccc(C(=O)Nc2c(Cl)cncc2Cl)c2ccc(C(C)=O)nc12,CCc1ccc2c(C(=O)Nc3c(Cl)cncc3Cl)ccc(OC)c2n1,,O=C(Nc1ccncc1)c1cccc2ncccc12,,False,False,False,empty_source_tanimoto_pool,0.0,0.0,,,,,,,,,,,,,64.11,,nan,False,,,,,4.0,,nan,False,,,,
source_tanimoto_property_oracle,mpair_00002602_cond_00_2p,mpair_00002602,eval,2,"TPSA,HBD",COc1ccc(C(=O)Nc2ccncc2Cl)c2ccc(C(F)(F)F)nc12,COc1ccc(C(=O)Nc2c(Cl)cncc2Cl)c2ccc(C(C)O)nc12,,O=C(Nc1ccncc1)c1cccc2ncccc12,,False,False,False,empty_source_tanimoto_pool,0.0,0.0,,,,,,,,,,,,,84.34,,nan,False,2.0,,nan,False,,,,,,,,
source_tanimoto_property_oracle,mpair_00002604_cond_01_2p,mpair_00002604,eval,2,"TPSA,HBA",CCc1ccc2c(C(=O)Nc3c(Cl)cncc3Cl)ccc(OC)c2n1,COc1ccc(C(=O)Nc2c(Cl)cncc2Cl)c2ccc(C(C)=O)nc12,COc1ccc(C(=O)Nc2c(Cl)cncc2Cl)cc1OC1CCCC1,O=C(Nc1ccncc1)c1cccc2ncccc12,O=C(Nc1ccncc1)c1cccc(OC2CCCC2)c1,False,False,False,,0.4307692307692308,0.4375,,,,,,,,,,,,,81.17999999999999,60.45,20.72999999999999,False,,,,,5.0,4.0,1.0,True,,,,
source_tanimoto_property_oracle,mpair_00002609_cond_00_2p,mpair_00002609,eval,2,"LogP,QED",COc1ccc(C(=O)Nc2c(Cl)cncc2Cl)c2cccnc12,CCc1ccc2c(C(=O)Nc3c(Cl)cncc3Cl)ccc(OC)c2n1,COc1ccc(C(=O)Nc2c(Cl)cc(C#N)cc2Cl)c2cc(C(C)=O)oc12,O=C(Nc1ccncc1)c1cccc2ncccc12,O=C(Nc1ccccc1)c1cccc2occc12,False,True,False,,0.4090909090909091,0.391304347826087,,,,,4.759900000000003,5.074780000000001,0.3148799999999987,True,0.7131894410136064,0.6140032366122592,0.09918620440134718,True,,,,,,,,,,,,,,,,
source_tanimoto_property_oracle,mpair_00002612_cond_02_2p,mpair_00002612,eval,2,"LogP,RB",CCc1ccc2c(C(=O)Nc3c(Cl)cncc3Cl)ccc(OC)c2n1,COc1ccc(C(=O)Nc2c(F)cncc2F)c2ccc(C(F)(F)F)nc12,,O=C(Nc1ccncc1)c1cccc2ncccc12,,False,False,False,empty_source_tanimoto_pool,0.0,0.0,,,,,4.187700000000001,,nan,False,,,,,,,,,,,,,,,,,3.0,,nan,False
source_tanimoto_property_oracle,mpair_00002616_cond_02_2p,mpair_00002616,eval,2,"HBA,RB",COc1ccc(C(=O)Nc2c(F)cncc2F)c2ccc(C(F)(F)F)nc12,COc1ccc(C(=O)Nc2c(Cl)cncc2Cl)c2ccc(C(C)=O)nc12,,O=C(Nc1ccncc1)c1cccc2ncccc12,,False,False,False,empty_source_tanimoto_pool,0.0,0.0,,,,,,,,,,,,,,,,,,,,,5.0,,nan,False,4.0,,nan,False
source_tanimoto_property_oracle,mpair_00002621_cond_01_2p,mpair_00002621,eval,2,"MW,QED",COc1ccc(C(=O)Nc2c(Cl)cncc2Cl)c2cccnc12,COc1ccc(C(=O)Nc2c(F)cncc2F)c2ccc(C(F)(F)F)nc12,COc1ccc(C(=O)Nc2c(Cl)cncc2Cl)c2[nH]c(C3CC3)nc12,O=C(Nc1ccncc1)c1cccc2ncccc12,O=C(Nc1ccncc1)c1cccc2nc(C3CC3)[nH]c12,False,True,False,,0.5409836065573771,0.4057971014492754,383.276,377.23100000000017,6.044999999999845,True,,,,,0.6893032571109005,0.7062592542944063,0.016955997183505822,True,,,,,,,,,,,,,,,,
source_tanimoto_property_oracle,mpair_00002624_cond_00_2p,mpair_00002624,eval,2,"LogP,QED",COc1ccc(C(=O)Nc2ccncc2Cl)c2ccc(C(F)(F)F)nc12,COc1ccc(C(=O)Nc2ccncc2Cl)c2cccnc12,COc1ccc(C(=O)Nc2c(Cl)cncc2Cl)c2cc(C(=O)c3ccncc3)oc12,O=C(Nc1ccncc1)c1cccc2ncccc12,O=C(c1ccncc1)c1cc2c(C(=O)Nc3ccncc3)cccc2o1,False,False,False,,0.410958904109589,0.4411764705882353,,,,,3.544100000000002,5.021500000000002,1.4774000000000003,False,0.8029165077767629,0.4364055111594088,0.36651099661735415,False,,,,,,,,,,,,,,,,
source_tanimoto_property_oracle,mpair_00002628_cond_02_2p,mpair_00002628,eval,2,"LogP,QED",CC(C)[C@@H](O)C(=O)N1C[C@H](c2ccccc2)C[C@H]1C(=O)N[C@@H](CC(F)F)C(=O)NCCc1c(F)cc(C(=O)O)cc1F,CC(C)CC(=O)N1C[C@H](c2ccccc2)C[C@H]1C(=O)N[C@@H](CC(F)F)C(=O)NCCc1c(F)cc(C(=O)O)cc1F,,O=C(CNC(=O)[C@@H]1C[C@@H](c2ccccc2)CN1)NCCc1ccccc1,,False,False,False,empty_source_tanimoto_pool,0.0,0.0,,,,,3.892500000000002,,nan,False,0.3302613314122171,,nan,False,,,,,,,,,,,,,,,,
source_tanimoto_property_oracle,mpair_00003109_cond_00_2p,mpair_00003109,eval,2,"LogP,QED",CN1CCC[C@H]1COc1cccnn1,CN1CCC[C@H]1COc1ccc(Cl)nn1,CN1CCC[C@H]1COc1ccccn1,c1cnnc(OC[C@@H]2CCCN2)c1,c1ccc(OC[C@@H]2CCCN2)nc1,False,True,False,,0.725,0.5909090909090909,,,,,1.6029999999999998,1.5545999999999998,0.0484,True,0.7864914737289573,0.7262966235728063,0.060194850156151,True,,,,,,,,,,,,,,,,
source_tanimoto_property_oracle,mpair_00003110_cond_02_2p,mpair_00003110,eval,2,"QED,RB",CCCCc1nnc2nc(C)c(C)c(=O)n2n1,Cc1nc2nnc(C(C)(C)C)nn2c(=O)c1C,,O=c1ccnc2nncnn12,,False,False,False,empty_source_tanimoto_pool,0.0,0.0,,,,,,,,,0.6723856505150625,,nan,False,,,,,,,,,,,,,0.0,,nan,False
source_tanimoto_property_oracle,mpair_00003112_cond_01_2p,mpair_00003112,eval,2,"LogP,QED",Cc1nc2nnc(C(C)(C)C)nn2c(=O)c1C,Cc1nc2nncnn2c(=O)c1C,,O=c1ccnc2nncnn12,,False,False,False,empty_source_tanimoto_pool,0.0,0.0,,,,,-0.5036600000000002,,nan,False,0.541825521381232,,nan,False,,,,,,,,,,,,,,,,
source_tanimoto_property_oracle,mpair_00003201_cond_01_2p,mpair_00003201,eval,2,"HBD,HBA",O=C(O)c1ccc(NCCCCCCc2cccs2)cc1,CCOC(=O)c1ccc(NCCCCCCc2cccs2)cc1,CCCCCCCCc1ccc(CCCNc2ccc(C(=O)OCC)cc2)s1,c1ccc(NCCCCCCc2cccs2)cc1,c1ccc(NCCCc2cccs2)cc1,False,True,False,,0.43636363636363634,0.6666666666666666,,,,,,,,,,,,,,,,,1.0,1.0,0.0,True,4.0,4.0,0.0,True,,,,
source_tanimoto_property_oracle,mpair_00003203_cond_01_2p,mpair_00003203,eval,2,"TPSA,HBA",N#Cc1cnn(C(=O)OCc2ccc(-c3ccccc3)cc2)c1,Cc1cnn(C(=O)OCc2ccc(-c3ccccc3)cc2)c1,Cc1cnn(C(=O)NCc2ccc(-c3ccccc3)cc2)c1,O=C(OCc1ccc(-c2ccccc2)cc1)n1cccn1,O=C(NCc1ccc(-c2ccccc2)cc1)n1cccn1,False,True,False,,0.4107142857142857,0.6170212765957447,,,,,,,,,,,,,44.120000000000005,46.92,2.799999999999997,True,,,,,4.0,3.0,1.0,True,,,,
source_tanimoto_property_oracle,mpair_00003205_cond_00_2p,mpair_00003205,eval,2,"TPSA,HBA",N#Cc1cnn(C(=O)OCc2ccc(-c3ccccc3)cc2)c1,O=C(OCc1ccc(-c2ccccc2)cc1)n1cccn1,,O=C(OCc1ccc(-c2ccccc2)cc1)n1cccn1,,False,False,False,empty_source_tanimoto_pool,0.0,0.0,,,,,,,,,,,,,44.120000000000005,,nan,False,,,,,4.0,,nan,False,,,,
source_tanimoto_property_oracle,mpair_00003208_cond_01_2p,mpair_00003208,eval,2,"QED,TPSA",NC(=O)N/N=C\c1ccccc1OCc1ccc2no[n+]([O-])c2c1,NC(=S)N/N=C/c1cccc(OCc2ccc3no[n+]([O-])c3c2)c1,,c1ccc(OCc2ccc3no[nH+]c3c2)cc1,,False,False,False,empty_source_tanimoto_pool,0.0,0.0,,,,,,,,,0.30972390933844063,,nan,False,112.61,,nan,False,,,,,,,,,,,,
source_tanimoto_property_oracle,mpair_00003211_cond_01_2p,mpair_00003211,eval,2,"MW,LogP",CC[C@H]1OC(=O)[C@H](C)[C@@H](OC(C)=O)[C@H](C)[C@@H](OC2O[C@H](C)C[C@H](N(C)C)C2O)[C@@](C)(OC)C[C@@H](C)C(=O)[C@H](C)[C@@H](O)[C@]1(C)O,CC[C@H]1OC(=O)[C@H](C)[C@@H](O)[C@H](C)[C@@H](OC2O[C@H](C)C[C@H](N(C)C)C2O)[C@@](C)(OC)C[C@@H](C)C(=O)[C@H](C)[C@@H](O)[C@]1(C)O,,O=C1CCCCOC(=O)CCC[C@@H](OC2CCCCO2)CCC1,,False,False,False,empty_source_tanimoto_pool,0.0,0.0,589.7670000000004,,nan,False,1.5145000000000022,,nan,False,,,,,,,,,,,,,,,,,,,,
source_tanimoto_property_oracle,mpair_00003215_cond_00_2p,mpair_00003215,eval,2,"MW,TPSA",COC(=O)c1ccc2c(Nc3ccc(Cl)cc3)nc(N3CCOCC3)nc2c1,Clc1ccc(Nc2nc(N3CCOCC3)nc3ccccc23)cc1,,c1ccc(Nc2nc(N3CCOCC3)nc3ccccc23)cc1,,False,False,False,empty_source_tanimoto_pool,0.0,0.0,340.81399999999996,,nan,False,,,,,,,,,50.28,,nan,False,,,,,,,,,,,,
source_tanimoto_property_oracle,mpair_00003223_cond_00_2p,mpair_00003223,eval,2,"MW,QED",COc1ccc(S(=O)(=O)N(Cc2cccnc2)c2c(C)cc(Br)cc2C(=O)NO)cc1,COc1ccc(S(=O)(=O)N(Cc2cccnc2)c2c(C)cccc2C(=O)NO)cc1,Cc1cc(Br)cc(C(=O)NO)c1N(C)S(=O)(=O)c1ccc(OCC#CCO)cc1,O=S(=O)(c1ccccc1)N(Cc1cccnc1)c1ccccc1,O=S(=O)(Nc1ccccc1)c1ccccc1,False,False,False,,0.4794520547945205,0.3717948717948718,427.48200000000014,483.3400000000003,55.858000000000175,False,,,,,0.44330794633881315,0.32932455196686317,0.11398339437194999,False,,,,,,,,,,,,,,,,
source_tanimoto_property_oracle,mpair_00003225_cond_00_2p,mpair_00003225,eval,2,"QED,RB",COCCCN(/C(S)=C1/C(=O)c2cc(Cl)ccc2N(C)C1=O)c1ccccc1,COc1cccc(N(C)/C(S)=C2/C(=O)c3cc(Cl)ccc3N(C)C2=O)c1,,O=C1Nc2ccccc2C(=O)/C1=C/Nc1ccccc1,,False,False,False,empty_source_tanimoto_pool,0.0,0.0,,,,,,,,,0.4935411914533051,,nan,False,,,,,,,,,,,,,3.0,,nan,False
source_tanimoto_property_oracle,mpair_00003226_cond_02_2p,mpair_00003226,eval,2,"QED,RB",COc1cccc(N(C)/C(S)=C2/C(=O)c3cc(Cl)ccc3N(C)C2=O)c1,COCCCN(/C(S)=C1/C(=O)c2cc(Cl)ccc2N(C)C1=O)c1ccccc1,CN1C(=O)/C(=C(/S)N(C)c2cccc(C(F)(F)F)c2)C(=O)c2cc(Cl)ccc21,O=C1Nc2ccccc2C(=O)/C1=C/Nc1ccccc1,O=C1Nc2ccccc2C(=O)C1=CNc1ccccc1,False,False,False,,0.711864406779661,0.5294117647058824,,,,,,,,,0.3319041471572704,0.4259841445447436,0.09407999738747319,True,,,,,,,,,,,,,6.0,2.0,4.0,False
source_tanimoto_property_oracle,mpair_00003229_cond_01_2p,mpair_00003229,eval,2,"HBD,HBA",CCCCc1nn(-c2ccccn2)c(C(=O)OCC)c1Cc1ccc(-c2ccccc2-c2nn[nH]n2)cc1,CCCCc1nn(-c2ccccn2)c(C(=O)O)c1Cc1ccc(-c2ccccc2-c2nn[nH]n2)cc1,CCCCN(Cc1ccc(-c2ccccc2-c2nn[nH]n2)cc1)c1nnccc1C(=O)O,c1ccc(-n2cc(Cc3ccc(-c4ccccc4-c4nn[nH]n4)cc3)cn2)nc1,c1cnnc(NCc2ccc(-c3ccccc3-c3nn[nH]n3)cc2)c1,False,True,False,,0.4235294117647059,0.475,,,,,,,,,,,,,,,,,2.0,2.0,0.0,True,7.0,7.0,0.0,True,,,,
source_tanimoto_property_oracle,mpair_00003534_cond_00_2p,mpair_00003534,eval,2,"QED,RB",O=S(=O)(CC(F)(F)F)N(Cc1cccnc1)c1cccc(OC(F)(F)F)c1,CC(C)Oc1cccc(N(Cc2cccnc2)S(=O)(=O)CC(F)(F)F)c1,,c1ccc(NCc2cccnc2)cc1,,False,False,False,empty_source_tanimoto_pool,0.0,0.0,,,,,,,,,0.7245796953652621,,nan,False,,,,,,,,,,,,,7.0,,nan,False
source_tanimoto_property_oracle,mpair_00003537_cond_00_2p,mpair_00003537,eval,2,"MW,QED",CC(C)COc1cccc(N(Cc2cccnc2)S(=O)(=O)CC(F)(F)F)c1,CCOC(=O)C(C)Oc1cccc(N(Cc2cccnc2)S(=O)(=O)CC(F)(F)F)c1,,c1ccc(NCc2cccnc2)cc1,,False,False,False,empty_source_tanimoto_pool,0.0,0.0,446.4470000000001,,nan,False,,,,,0.5496815697636838,,nan,False,,,,,,,,,,,,,,,,
source_tanimoto_property_oracle,mpair_00003541_cond_02_2p,mpair_00003541,eval,2,"LogP,QED",CC(C)Oc1cccc(N(Cc2cccnc2)S(=O)(=O)CC(F)(F)F)c1,CCC(C)COc1cccc(N(Cc2cccnc2)S(=O)(=O)CC(F)(F)F)c1,CCS(=O)(=O)N(Cc1cccnc1)c1ccc(C(=O)c2ccccc2)cc1,c1ccc(NCc2cccnc2)cc1,O=C(c1ccccc1)c1ccc(NCc2cccnc2)cc1,False,True,False,,0.4444444444444444,0.4117647058823529,,,,,4.405200000000004,3.6689000000000034,0.7363000000000008,True,0.6078002459089881,0.5867068215408195,0.021093424368168523,True,,,,,,,,,,,,,,,,
source_tanimoto_property_oracle,mpair_00003543_cond_01_2p,mpair_00003543,eval,2,"QED,RB",CC(C)Oc1cccc(N(Cc2cccnc2)S(=O)(=O)CC(F)(F)F)c1,COc1cccc(N(Cc2cccnc2)S(=O)(=O)CC(F)(F)F)c1,,c1ccc(NCc2cccnc2)cc1,,False,False,False,empty_source_tanimoto_pool,0.0,0.0,,,,,,,,,0.7946521442277092,,nan,False,,,,,,,,,,,,,6.0,,nan,False
source_tanimoto_property_oracle,mpair_00003546_cond_00_2p,mpair_00003546,eval,2,"MW,RB",COc1cccc(N(Cc2cccnc2)S(=O)(=O)CC(F)(F)F)c1,CCCC(C)Oc1cccc(N(Cc2cccnc2)S(=O)(=O)CC(F)(F)F)c1,CCS(=O)(=O)N(Cc1cccnc1)c1ccc(C(=O)c2ccccc2)cc1,c1ccc(NCc2cccnc2)cc1,O=C(c1ccccc1)c1ccc(NCc2cccnc2)cc1,False,False,False,,0.43548387096774194,0.45454545454545453,416.4650000000001,380.4690000000001,35.99599999999998,False,,,,,,,,,,,,,,,,,,,,,9.0,7.0,2.0,False
source_tanimoto_property_oracle,mpair_00003548_cond_00_2p,mpair_00003548,eval,2,"QED,RB",CCOC(=O)C(C)Oc1cccc(N(Cc2cccnc2)S(=O)(=O)CC(F)(F)F)c1,O=S(=O)(CC(F)(F)F)N(Cc1cccnc1)c1cccc(OC(F)(F)F)c1,CCS(=O)(=O)N(Cc1cccnc1)c1cccc(C(O)c2ccccc2)c1,c1ccc(NCc2cccnc2)cc1,c1ccc(Cc2cccc(NCc3cccnc3)c2)cc1,False,True,False,,0.5,0.47619047619047616,,,,,,,,,0.6736163493728189,0.6787037886470156,0.005087439274196748,True,,,,,,,,,,,,,6.0,7.0,1.0,True
source_tanimoto_property_oracle,mpair_00003554_cond_02_2p,mpair_00003554,eval,2,"LogP,QED",O=S(=O)(CC(F)(F)F)N(Cc1cccnc1)c1cccc(OC(F)(F)F)c1,CCC(C)COc1cccc(N(Cc2cccnc2)S(=O)(=O)CC(F)(F)F)c1,,c1ccc(NCc2cccnc2)cc1,,False,False,False,empty_source_tanimoto_pool,0.0,0.0,,,,,4.405200000000004,,nan,False,0.6078002459089881,,nan,False,,,,,,,,,,,,,,,,
source_tanimoto_property_oracle,mpair_00003558_cond_00_2p,mpair_00003558,eval,2,"QED,RB",CC(C)COc1cccc(N(Cc2cccnc2)S(=O)(=O)CC(F)(F)F)c1,CC(C)Oc1cccc(N(Cc2cccnc2)S(=O)(=O)CC(F)(F)F)c1,COc1ccccc1Oc1ccc(N(Cc2cccnc2)S(=O)(=O)CC(F)(F)F)cc1,c1ccc(NCc2cccnc2)cc1,c1ccc(Oc2ccc(NCc3cccnc3)cc2)cc1,False,False,False,,0.5692307692307692,0.5873015873015873,,,,,,,,,0.7245796953652621,0.4920611516343995,0.23251854373086261,False,,,,,,,,,,,,,7.0,8.0,1.0,True
source_tanimoto_property_oracle,mpair_00003561_cond_01_2p,mpair_00003561,eval,2,"QED,HBA",CCOC(=O)C(C)Oc1cccc(N(Cc2cccnc2)S(=O)(=O)CC(F)(F)F)c1,COc1cccc(N(Cc2cccnc2)S(=O)(=O)CC(F)(F)F)c1,CCS(=O)(=O)N(Cc1cccnc1)c1cccc(C(O)c2ccccc2)c1,c1ccc(NCc2cccnc2)cc1,c1ccc(Cc2cccc(NCc3cccnc3)c2)cc1,False,False,False,,0.5,0.5,,,,,,,,,0.7946521442277092,0.6787037886470156,0.11594835558069361,False,,,,,,,,,4.0,4.0,0.0,True,,,,
source_tanimoto_property_oracle,mpair_00003563_cond_02_2p,mpair_00003563,eval,2,"LogP,RB",COc1cccc(N(Cc2cccnc2)S(=O)(=O)CC(F)(F)F)c1,CC(C)Oc1cccc(N(Cc2cccnc2)S(=O)(=O)CC(F)(F)F)c1,,c1ccc(NCc2cccnc2)cc1,,False,False,False,empty_source_tanimoto_pool,0.0,0.0,,,,,3.7675000000000027,,nan,False,,,,,,,,,,,,,,,,,7.0,,nan,False
source_tanimoto_property_oracle,mpair_00003566_cond_00_2p,mpair_00003566,eval,2,"LogP,QED",CCC(C)COc1cccc(N(Cc2cccnc2)S(=O)(=O)CC(F)(F)F)c1,O=S(=O)(CC(F)(F)F)N(Cc1cccnc1)c1cccc(OC(F)(F)F)c1,,c1ccc(NCc2cccnc2)cc1,,False,False,False,empty_source_tanimoto_pool,0.0,0.0,,,,,3.8789000000000025,,nan,False,0.6736163493728189,,nan,False,,,,,,,,,,,,,,,,
source_tanimoto_property_oracle,mpair_00003568_cond_00_2p,mpair_00003568,eval,2,"MW,RB",CCCCCc1nnc([S+]([O-])Cc2ncc(C)c(OC)c2C)o1,COc1c(C)cnc(C[S+]([O-])c2nnc(C)o2)c1C,COc1c(C)cnc(C[S+]([O-])c2nnc(-c3cccn3C)o2)c1C,c1ccc(C[SH+]c2nnco2)nc1,c1ccc(C[SH+]c2nnc(-c3ccc[nH]3)o2)nc1,False,False,False,,0.5555555555555556,0.6363636363636364,281.337,346.4120000000001,65.0750000000001,False,,,,,,,,,,,,,,,,,,,,,4.0,5.0,1.0,True
source_tanimoto_property_oracle,mpair_00003570_cond_00_2p,mpair_00003570,eval,2,"QED,RB",CCCc1nnc([S+]([O-])Cc2ncc(C)c(OC)c2C)o1,CCCCCc1nnc([S+]([O-])Cc2ncc(C)c(OC)c2C)o1,,c1ccc(C[SH+]c2nnco2)nc1,,False,False,False,empty_source_tanimoto_pool,0.0,0.0,,,,,,,,,0.5433471711908145,,nan,False,,,,,,,,,,,,,8.0,,nan,False
source_tanimoto_property_oracle,mpair_00003573_cond_00_2p,mpair_00003573,eval,2,"LogP,RB",COc1c(C)cnc(C[S+]([O-])c2nnc(C)o2)c1C,CCCc1nnc([S+]([O-])Cc2ncc(C)c(OC)c2C)o1,COc1c(C)cnc(C[S+]([O-])c2nc3cc(OC(F)F)ccc3[nH]2)c1C,c1ccc(C[SH+]c2nnco2)nc1,c1ccc(C[SH+]c2nc3ccccc3[nH]2)nc1,False,False,False,,0.4307692307692308,0.4,,,,,2.35034,3.4925400000000018,1.1422000000000017,False,,,,,,,,,,,,,,,,,6.0,6.0,0.0,True
source_tanimoto_property_oracle,mpair_00003579_cond_01_2p,mpair_00003579,eval,2,"LogP,RB",CCCCCc1nnc([S+]([O-])Cc2ncc(C)c(OC)c2C)o1,CCc1nnc([S+]([O-])Cc2ncc(C)c(OC)c2C)o1,COc1c(C)cnc(C[S+]([O-])c2nnc(-c3ccc(C(F)(F)F)cc3)o2)c1C,c1ccc(C[SH+]c2nnco2)nc1,c1ccc(-c2nnc([SH+]Cc3ccccn3)o2)cc1,False,False,False,,0.5555555555555556,0.603448275862069,,,,,1.96024,4.083640000000003,2.123400000000003,False,,,,,,,,,,,,,,,,,5.0,5.0,0.0,True
source_tanimoto_property_oracle,mpair_00003586_cond_02_2p,mpair_00003586,eval,2,"MW,QED",CCc1nnc([S+]([O-])Cc2ncc(C)c(OC)c2C)o1,CCCCCc1nnc([S+]([O-])Cc2ncc(C)c(OC)c2C)o1,,c1ccc(C[SH+]c2nnco2)nc1,,False,False,False,empty_source_tanimoto_pool,0.0,0.0,337.4450000000001,,nan,False,,,,,0.5433471711908145,,nan,False,,,,,,,,,,,,,,,,
source_tanimoto_property_oracle,mpair_00003595_cond_01_2p,mpair_00003595,eval,2,"LogP,RB",O=C(O)CC/C(=C/c1cccc(OCc2ccccc2)c1)c1ccccc1,O=C(O)/C(=C/c1cccc(OCc2ccccc2)c1)c1ccccc1,O=C(O)C(=O)/C=C(\O)c1cccc(OCc2ccccc2)c1,C(=Cc1cccc(OCc2ccccc2)c1)c1ccccc1,c1ccc(COc2ccccc2)cc1,False,False,False,,0.52,0.5869565217391305,,,,,4.890800000000003,2.818200000000001,2.072600000000002,False,,,,,,,,,,,,,,,,,6.0,6.0,0.0,True
source_tanimoto_property_oracle,mpair_00003600_cond_00_2p,mpair_00003600,eval,2,"LogP,RB",CCN1C(=O)CC(c2noc3ccccc23)C1=O,CCCCN1C(=O)CC(c2noc3ccccc23)C1=O,,O=C1CC(c2noc3ccccc23)C(=O)N1,,False,False,False,empty_source_tanimoto_pool,0.0,0.0,,,,,2.4704000000000006,,nan,False,,,,,,,,,,,,,,,,,4.0,,nan,False
source_tanimoto_property_oracle,mpair_00003601_cond_02_2p,mpair_00003601,eval,2,"LogP,RB",CCCCN1C(=O)CC(c2noc3ccccc23)C1=O,CCN1C(=O)CC(c2noc3ccccc23)C1=O,,O=C1CC(c2noc3ccccc23)C(=O)N1,,False,False,False,empty_source_tanimoto_pool,0.0,0.0,,,,,1.6902,,nan,False,,,,,,,,,,,,,,,,,2.0,,nan,False
source_tanimoto_property_oracle,mpair_00003814_cond_00_2p,mpair_00003814,eval,2,"QED,RB",COc1ccc(C2=NN(C3CCCCCC3)C(=O)C3CC=CCC23)cc1OCCCCC(=O)O,COc1ccc(C2=NN(C3CCCCCC3)C(=O)C3CC=CCC23)cc1OCC(=O)O,COC(=O)c1ccc(CN2N=C(c3ccc(OC)c(OC)c3)C3CCCCC3C2=O)cc1,O=C1C2CC=CCC2C(c2ccccc2)=NN1C1CCCCCC1,O=C1C2CCCCC2C(c2ccccc2)=NN1Cc1ccccc1,False,True,False,,0.4177215189873418,0.44,,,,,,,,,0.5484541992566154,0.6388842735064506,0.09043007424983518,True,,,,,,,,,,,,,6.0,6.0,0.0,True
source_tanimoto_property_oracle,mpair_00003819_cond_00_2p,mpair_00003819,eval,2,"TPSA,HBD",COc1ccc(C2=NN(C3CCCCCC3)C(=O)C3CC=CCC23)cc1OCCCCC(=O)O,COc1ccc(C2=NN(C3CCCCCC3)C(=O)C3CC=CCC23)cc1OCCCCN(C)C,COc1ccc(C2=NN(c3ccccc3)C(=O)C3CC=CCC23)cc1OC1CCCC1,O=C1C2CC=CCC2C(c2ccccc2)=NN1C1CCCCCC1,O=C1C2CC=CCC2C(c2cccc(OC3CCCC3)c2)=NN1c1ccccc1,False,True,False,,0.5,0.4864864864864865,,,,,,,,,,,,,54.37,51.129999999999995,3.240000000000002,True,0.0,0.0,0.0,True,,,,,,,,
source_tanimoto_property_oracle,mpair_00003820_cond_02_2p,mpair_00003820,eval,2,"HBA,RB",COc1ccc(C2=NN(C3CCCCCC3)C(=O)C3CC=CCC23)cc1Cl,COc1ccc(C2=NN(C3CCCCCC3)C(=O)C3CC=CCC23)cc1OCCCCN(C)C,COc1ccc(C2=NN(Cc3ccc(C(=O)O)cc3)C(=O)C3CCCCC23)cc1OC,O=C1C2CC=CCC2C(c2ccccc2)=NN1C1CCCCCC1,O=C1C2CCCCC2C(c2ccccc2)=NN1Cc1ccccc1,False,False,False,,0.4084507042253521,0.3924050632911392,,,,,,,,,,,,,,,,,,,,,5.0,5.0,0.0,True,9.0,6.0,3.0,False
source_tanimoto_property_oracle,mpair_00003824_cond_01_2p,mpair_00003824,eval,2,"LogP,RB",CSc1ccc(Cn2ccc3c4c(N)nc(N)nc4ccc32)cc1,CC(C)(C)c1ccc(Cn2ccc3c4c(N)nc(N)nc4ccc32)cc1,,c1ccc(Cn2ccc3c4cncnc4ccc32)cc1,,False,False,False,empty_source_tanimoto_pool,0.0,0.0,,,,,4.094700000000002,,nan,False,,,,,,,,,,,,,,,,,2.0,,nan,False
source_tanimoto_property_oracle,mpair_00003830_cond_01_2p,mpair_00003830,eval,2,"MW,RB",CCc1ccc(Cn2ccc3c4c(N)nc(N)nc4ccc32)cc1,CC(C)c1ccc(Cn2ccc3c4c(N(C)C)nc(N(C)C)nc4ccc32)cc1,Nc1nc(N)c2c(Cl)c(Cl)ccc2n1,c1ccc(Cn2ccc3c4cncnc4ccc32)cc1,c1ccc2ncncc2c1,False,False,False,,0.41304347826086957,0.2033898305084746,387.5310000000001,229.07000000000002,158.4610000000001,False,,,,,,,,,,,,,,,,,,,,,5.0,0.0,5.0,False
source_tanimoto_property_oracle,mpair_00003836_cond_01_2p,mpair_00003836,eval,2,"TPSA,HBA",Nc1cc(Cl)nc(SCc2ccc3ccccc3c2)n1,Clc1ccnc(SCc2ccc3ccccc3c2)n1,Nc1cc(Cl)nc(SCc2ccc(-c3ccccc3)cc2)n1,c1cnc(SCc2ccc3ccccc3c2)nc1,c1ccc(-c2ccc(CSc3ncccn3)cc2)cc1,False,False,False,,0.7073170731707317,0.4375,,,,,,,,,,,,,25.78,51.8,26.019999999999996,False,,,,,3.0,4.0,1.0,True,,,,
source_tanimoto_property_oracle,mpair_00003839_cond_02_2p,mpair_00003839,eval,2,"HBD,HBA",Clc1ccnc(SCc2ccc3ccccc3c2)n1,Nc1cc(Cl)nc(SCc2ccc3ccccc3c2)n1,,c1cnc(SCc2ccc3ccccc3c2)nc1,,False,False,False,empty_source_tanimoto_pool,0.0,0.0,,,,,,,,,,,,,,,,,1.0,,nan,False,4.0,,nan,False,,,,
source_tanimoto_property_oracle,mpair_00004151_cond_01_2p,mpair_00004151,eval,2,"HBA,RB",c1ccc(CCCN2CCN(c3ccccc3)CC2)cc1,COc1ccccc1N1CCN(CCCc2ccccc2)CC1,COc1ccccc1N1CCN(CCCCc2ccc(F)cc2)CC1,c1ccc(CCCN2CCN(c3ccccc3)CC2)cc1,c1ccc(CCCCN2CCN(c3ccccc3)CC2)cc1,False,True,False,,0.44680851063829785,0.7674418604651163,,,,,,,,,,,,,,,,,,,,,3.0,3.0,0.0,True,6.0,7.0,1.0,True
source_tanimoto_property_oracle,mpair_00004169_cond_01_2p,mpair_00004169,eval,2,"HBA,RB",COc1ccccc1N1CCN(CCCc2ccccc2)CC1,c1ccc(CCCN2CCN(c3ccccc3)CC2)cc1,Clc1cccc(N2CCN(CCc3ccccc3)CC2)c1,c1ccc(CCCN2CCN(c3ccccc3)CC2)cc1,c1ccc(CCN2CCN(c3ccccc3)CC2)cc1,False,True,False,,0.4,0.5897435897435898,,,,,,,,,,,,,,,,,,,,,2.0,2.0,0.0,True,5.0,4.0,1.0,True
source_tanimoto_property_oracle,mpair_00004176_cond_00_2p,mpair_00004176,eval,2,"TPSA,HBD",Oc1nc2nc3ccnc(-c4ccccc4)c3cc2s1,O=[N+]([O-])c1cc(-c2nccc3nc4nc(O)sc4cc23)ccc1O,Oc1nc2ncc(-c3ccncc3)cc2s1,c1ccc(-c2nccc3nc4ncsc4cc23)cc1,c1cc(-c2cnc3ncsc3c2)ccn1,False,False,False,,0.425531914893617,0.3448275862068966,,,,,,,,,,,,,122.27000000000001,58.900000000000006,63.370000000000005,False,2.0,1.0,1.0,True,,,,,,,,
source_tanimoto_property_oracle,mpair_00004326_cond_02_2p,mpair_00004326,eval,2,"TPSA,HBA",NS(=O)(=O)c1ccc(NC(=O)c2cc3ccccc3oc2=O)cc1,O=C(Nc1ccc(Br)cc1)c1c(O)c2ccccc2oc1=O,O=C(O)CCCCCCCNC(=O)c1cc2ccccc2oc1=O,O=C(Nc1ccccc1)c1cc2ccccc2oc1=O,O=c1ccc2ccccc2o1,False,True,False,,0.4642857142857143,0.27419354838709675,,,,,,,,,,,,,79.53999999999999,96.61000000000001,17.07000000000002,True,,,,,4.0,4.0,0.0,True,,,,
source_tanimoto_property_oracle,mpair_00004330_cond_01_2p,mpair_00004330,eval,2,"QED,RB",CCCCC1=CC2Cc3nc4ccccc4c(N)c3C(C1)C2,CC1=CC2Cc3nc4cc(C)ccc4c(N)c3C(C1)C2,CC1=C[C@@H]2Cc3nc4cc(F)ccc4c(N)c3[C@H](C1)C2,C1=CC2Cc3nc4ccccc4cc3C(C1)C2,C1=C[C@@H]2Cc3nc4ccccc4cc3[C@H](C1)C2,False,True,False,,0.48333333333333334,0.7872340425531915,,,,,,,,,0.7268324945600372,0.7346314661405667,0.007798971580529557,True,,,,,,,,,,,,,0.0,0.0,0.0,True
source_tanimoto_property_oracle,mpair_00004334_cond_01_2p,mpair_00004334,eval,2,"LogP,RB",CC1=CC2Cc3nc4cccc(F)c4c(N)c3C(C1)C2,CCCCC1=CC2Cc3nc4ccccc4c(N)c3C(C1)C2,,C1=CC2Cc3nc4ccccc4cc3C(C1)C2,,False,False,False,empty_source_tanimoto_pool,0.0,0.0,,,,,4.983300000000003,,nan,False,,,,,,,,,,,,,,,,,3.0,,nan,False
source_tanimoto_property_oracle,mpair_00004336_cond_02_2p,mpair_00004336,eval,2,"QED,RB",CC1=CC2Cc3nc4cc(C)ccc4c(N)c3C(C1)C2,CCCC1=CC2Cc3nc4ccccc4c(N)c3C(C1)C2,,C1=CC2Cc3nc4ccccc4cc3C(C1)C2,,False,False,False,empty_source_tanimoto_pool,0.0,0.0,,,,,,,,,0.8157359273844266,,nan,False,,,,,,,,,,,,,2.0,,nan,False
source_tanimoto_property_oracle,mpair_00004339_cond_02_2p,mpair_00004339,eval,2,"LogP,RB",CC1=CC2Cc3nc4cc(C)ccc4c(N)c3C(C1)C2,CCCCC1=CC2Cc3nc4ccccc4c(N)c3C(C1)C2,,C1=CC2Cc3nc4ccccc4cc3C(C1)C2,,False,False,False,empty_source_tanimoto_pool,0.0,0.0,,,,,4.983300000000003,,nan,False,,,,,,,,,,,,,,,,,3.0,,nan,False
source_tanimoto_property_oracle,mpair_00004346_cond_01_2p,mpair_00004346,eval,2,"LogP,TPSA",COc1cc(C(C)=O)ccc1OCCCN1CCC(CC(O)(c2ccc(F)cc2)c2ccc(F)cc2)CC1,COc1cc(C(C)=O)ccc1OCCCN1CCC(CC(c2ccc(F)cc2)c2ccc(F)cc2)CC1,C=C(C)c1ccc(OCCCN2CCC(c3noc4cc(F)ccc34)CC2)c(OC)c1,c1ccc(OCCCN2CCC(CC(c3ccccc3)c3ccccc3)CC2)cc1,c1ccc(OCCCN2CCC(c3noc4ccccc34)CC2)cc1,False,False,False,,0.4810126582278481,0.48717948717948717,,,,,6.879100000000007,5.657100000000006,1.2220000000000013,False,,,,,38.77,47.730000000000004,8.96,True,,,,,,,,,,,,
source_tanimoto_property_oracle,mpair_00004349_cond_01_2p,mpair_00004349,eval,2,"QED,HBA",COC(=O)[C@H](Cc1ccccc1)NC(=O)CSC1=C(C)C(=O)c2cccc(OC)c2C1=O,COC(=O)[C@H](Cc1ccccc1)NC(=O)CSC1=C(C)C(=O)c2ccccc2C1=O,CCOC(=O)[C@H](Cc1ccc(O)cc1)NC(=O)Cc1ccccc1,O=C(CSC1=CC(=O)c2ccccc2C1=O)NCCc1ccccc1,O=C(Cc1ccccc1)NCCc1ccccc1,False,False,False,,0.4,0.45614035087719296,,,,,,,,,0.6889794254792466,0.764767119327702,0.0757876938484554,True,,,,,,,,,6.0,4.0,2.0,False,,,,
source_tanimoto_property_oracle,mpair_00004352_cond_02_2p,mpair_00004352,eval,2,"QED,HBA",COC(=O)[C@H](Cc1ccccc1)NC(=O)CSC1=C(C)C(=O)c2ccccc2C1=O,COC(=O)[C@H](Cc1ccccc1)NC(=O)CSC1=C(OC)C(=O)c2ccccc2C1=O,COC(=O)CNC(=O)CSC1=C(OC)C(=O)c2ccccc2C1=O,O=C(CSC1=CC(=O)c2ccccc2C1=O)NCCc1ccccc1,O=C1C=CC(=O)c2ccccc21,False,False,False,,0.45614035087719296,0.5849056603773585,,,,,,,,,0.6313340514980256,0.7633481601966137,0.1320141086985881,False,,,,,,,,,7.0,7.0,0.0,True,,,,
source_tanimoto_property_oracle,mpair_00004357_cond_02_2p,mpair_00004357,eval,2,"TPSA,HBD",Cc1ccc(O)c(NCCCN2CCC(C(O)(c3ccccc3)c3ccc(Cl)cc3)CC2)c1,OC(c1ccc(F)cc1)(c1ccc(F)cc1)C1CCN(CCCNc2ccccc2)CC1,Cc1ccc(OCCCN2CCC(C(O)(c3ccc(F)cc3)c3ccc(F)cc3)CC2)cc1,c1ccc(NCCCN2CCC(C(c3ccccc3)c3ccccc3)CC2)cc1,c1ccc(OCCCN2CCC(C(c3ccccc3)c3ccccc3)CC2)cc1,False,True,False,,0.4411764705882353,0.5636363636363636,,,,,,,,,,,,,35.5,32.7,2.799999999999997,True,2.0,1.0,1.0,True,,,,,,,,
source_tanimoto_property_oracle,mpair_00004359_cond_02_2p,mpair_00004359,eval,2,"QED,HBD",Cc1ccc(O)c(NCCCN2CCC(C(O)(c3ccccc3)c3ccccc3)CC2)c1,CN(CCCN1CCC(C(O)(c2ccc(F)cc2)c2ccc(F)cc2)CC1)c1ccccc1,OC(c1ccc(F)cc1)(c1ccc(F)cc1)C1CCN(CCCOc2ccccc2)CC1,c1ccc(NCCCN2CCC(C(c3ccccc3)c3ccccc3)CC2)cc1,c1ccc(OCCCN2CCC(C(c3ccccc3)c3ccccc3)CC2)cc1,False,True,False,,0.45161290322580644,0.6538461538461539,,,,,,,,,0.4951549056938603,0.4803528415682593,0.014802064125600978,True,,,,,1.0,1.0,0.0,True,,,,,,,,
source_tanimoto_property_oracle,mpair_00004372_cond_02_2p,mpair_00004372,eval,2,"QED,HBD",CN(CCCN1CCC(C(O)(c2ccc(F)cc2)c2ccc(F)cc2)CC1)c1ccccc1,Cc1ccc(O)c(NCCCN2CCC(C(O)(c3ccccc3)c3ccc(Cl)cc3)CC2)c1,O=C(O)Cc1ccc(OCCCN2CCC(C(O)(c3ccc(F)cc3)c3ccc(F)cc3)CC2)cc1,c1ccc(NCCCN2CCC(C(c3ccccc3)c3ccccc3)CC2)cc1,c1ccc(OCCCN2CCC(C(c3ccccc3)c3ccccc3)CC2)cc1,False,True,False,,0.5245901639344263,0.35526315789473684,,,,,,,,,0.2908765692038643,0.3872361126142829,0.09635954341041864,True,,,,,3.0,2.0,1.0,True,,,,,,,,
source_tanimoto_property_oracle,mpair_00004376_cond_00_2p,mpair_00004376,eval,2,"TPSA,HBA",Cc1ccc(O)c(NCCCN2CCC(C(O)(c3ccccc3)c3ccccc3)CC2)c1,OC(c1ccc(F)cc1)(c1ccc(F)cc1)C1CCN(CCCNc2ccccc2)CC1,CC(C)(C)c1ccc(C(O)CCCN2CCC(C(O)(c3ccccc3)c3ccccc3)CC2)cc1,c1ccc(NCCCN2CCC(C(c3ccccc3)c3ccccc3)CC2)cc1,c1ccc(CCCCN2CCC(C(c3ccccc3)c3ccccc3)CC2)cc1,False,True,False,,0.4838709677419355,0.5087719298245614,,,,,,,,,,,,,35.5,43.7,8.200000000000003,True,,,,,3.0,3.0,0.0,True,,,,
source_tanimoto_property_oracle,mpair_00004599_cond_02_2p,mpair_00004599,eval,2,"LogP,HBA",C=C1CCCC2C1(C)CCC(C)C2(C)C/C=C1\[C@@H](OC(C)=O)O[C@H](OC(C)=O)[C@H]1OC(C)=O,C=C1CCCC2C1(C)CCC(C)C2(C)C/C=C1\[C@@H](OC(C)=O)O[C@H](OC(C)=O)[C@H]1O,,C=C1CCCC2C(C/C=C3/CCOC3)CCCC12,,False,False,False,empty_source_tanimoto_pool,0.0,0.0,,,,,4.271200000000004,,nan,False,,,,,,,,,,,,,6.0,,nan,False,,,,
source_tanimoto_property_oracle,mpair_00004603_cond_01_2p,mpair_00004603,eval,2,"QED,TPSA",C=C1CCCC2C1(C)CCC(C)C2(C)C/C=C1/C[C@@H](OC(C)=O)O[C@@H]1OC(C)=O,C=C1CCCC2C1(C)CCC(C)C2(C)C/C=C1\[C@@H](OC(C)=O)O[C@H](OC(C)=O)[C@H]1O,CC(=O)O[C@H]1O[C@H](OC(C)=O)[C@@H](OC(C)=O)/C1=C/CC1(C)C(C)CCC2(C)C1CCCC21CO1,C=C1CCCC2C(C/C=C3/CCOC3)CCCC12,C(\CC1CCCC2C1CCCC21CO1)=C1/CCOC1,False,False,False,,0.4788732394366197,0.5970149253731343,,,,,,,,,0.540204408964813,0.2524324663221505,0.28777194264266254,False,82.06,100.66,18.599999999999994,True,,,,,,,,,,,,
source_tanimoto_property_oracle,mpair_00004605_cond_02_2p,mpair_00004605,eval,2,"MW,LogP",N=c1sc2cc(OC(F)(F)F)ccc2n1CCN1CCC(c2ccccc2)CC1,N=c1sc2ccccc2n1CCN1CCC(c2ccc(F)cc2)CC1,N=c1sc2cc(OC(F)(F)F)ccc2n1CCN1CCCCC1,N=c1sc2ccccc2n1CCN1CCC(c2ccccc2)CC1,N=c1sc2ccccc2n1CCN1CCCCC1,False,True,False,,0.7222222222222222,0.4166666666666667,355.482,345.3900000000002,10.091999999999814,True,4.200970000000003,3.5667700000000018,0.6342000000000017,True,,,,,,,,,,,,,,,,,,,,
source_tanimoto_property_oracle,mpair_00004608_cond_02_2p,mpair_00004608,eval,2,"HBD,HBA",C=C1C[C@@]23O[C@]2(c2ccccc21)C1CC(OC(=O)[C@H](O)[C@@H](NC(=O)OCC)c2ccccc2)C3(C)C1(C)C,C=C1C[C@@]23O[C@]2(c2ccccc21)C1CC(OC(=O)[C@H](O)[C@@H](NC(=O)NCC)c2ccccc2)C3(C)C1(C)C,C=C1C[C@@]23O[C@]2(c2ccccc21)C1CC(OC(=O)[C@H](O)[C@@H](NC(=O)CCC2CCCC2)c2ccccc2)C3(C)C1(C)C,C=C1C[C@@]23O[C@]2(c2ccccc21)C1CC(OC(=O)CCc2ccccc2)C3C1,C=C1C[C@@]23O[C@]2(c2ccccc21)C1CC(OC(=O)C[C@@H](NC(=O)CCC2CCCC2)c2ccccc2)C3C1,False,True,False,,0.75,0.7407407407407407,,,,,,,,,,,,,,,,,3.0,2.0,1.0,True,5.0,5.0,0.0,True,,,,
source_tanimoto_property_oracle,mpair_00004610_cond_01_2p,mpair_00004610,eval,2,"LogP,QED",C=C1C[C@@]23O[C@]2(c2ccccc21)C1CC(OC(=O)[C@H](O)[C@@H](NC(=O)OCC)c2ccccc2)C3(C)C1(C)C,C=C1C[C@@]23O[C@]2(c2ccccc21)C1CC(OC(=O)[C@H](O)[C@@H](NC(=O)OCC)c2ccc(Cl)cc2)C3(C)C1(C)C,C[C@H]1C[C@@]23O[C@]2(c2ccccc21)C1CC(OC(=O)[C@H](O)[C@@H](NC(=O)OC(C)(C)C)c2ccccc2)C3(C)C1(C)C,C=C1C[C@@]23O[C@]2(c2ccccc21)C1CC(OC(=O)CCc2ccccc2)C3C1,O=C(CCc1ccccc1)OC1CC2CC1[C@@]13CCc4ccccc4[C@@]21O3,False,True,False,,0.5952380952380952,0.5333333333333333,,,,,5.547300000000005,5.762800000000006,0.21550000000000047,True,0.3608776112070826,0.3648098925770354,0.0039322813699527726,True,,,,,,,,,,,,,,,,
source_tanimoto_property_oracle,mpair_00004612_cond_00_2p,mpair_00004612,eval,2,"TPSA,HBA",C=C1C[C@@]23O[C@]2(c2ccccc21)C1CC(OC(=O)[C@H](O)[C@@H](NC(=O)OCC)c2ccc(O)cc2)C3(C)C1(C)C,C=C1C[C@@]23O[C@]2(c2ccccc21)C1CC(OC(=O)[C@H](O)[C@@H](NC(=O)NCC)c2ccccc2)C3(C)C1(C)C,CCOC(=O)N[C@@H](c1ccc(F)cc1)[C@@H](O)C(=O)OC1CC2C(C)(C)C1(C)[C@@]13C[C@H](C)c4ccccc4[C@@]21O3,C=C1C[C@@]23O[C@]2(c2ccccc21)C1CC(OC(=O)CCc2ccccc2)C3C1,O=C(CCc1ccccc1)OC1CC2CC1[C@@]13CCc4ccccc4[C@@]21O3,False,True,False,,0.6470588235294118,0.5333333333333333,,,,,,,,,,,,,100.19,97.39,2.799999999999997,True,,,,,5.0,6.0,1.0,True,,,,
source_tanimoto_property_oracle,mpair_00004614_cond_00_2p,mpair_00004614,eval,2,"HBD,RB",C=C1C[C@@]23O[C@]2(c2ccccc21)C1CC(OC(=O)[C@H](O)[C@@H](NC(=O)OCC)c2ccc(OC)cc2)C3(C)C1(C)C,C=C1C[C@@]23O[C@]2(c2ccccc21)C1CC(OC(=O)[C@H](O)[C@@H](NC(=O)NC(C)C)c2ccccc2)C3(C)C1(C)C,,C=C1C[C@@]23O[C@]2(c2ccccc21)C1CC(OC(=O)CCc2ccccc2)C3C1,,False,False,False,empty_source_tanimoto_pool,0.0,0.0,,,,,,,,,,,,,,,,,3.0,,nan,False,,,,,6.0,,nan,False
source_tanimoto_property_oracle,mpair_00004616_cond_00_2p,mpair_00004616,eval,2,"TPSA,HBA",C=C1C[C@@]23O[C@]2(c2ccccc21)C1CC(OC(=O)[C@H](O)[C@@H](NC(=O)OCC)c2ccc(O)cc2)C3(C)C1(C)C,C=C1C[C@@]23O[C@]2(c2ccccc21)C1CC(OC(=O)[C@H](O)[C@@H](NC(=O)NC(C)C)c2ccccc2)C3(C)C1(C)C,CCCC(=O)N[C@@H](c1ccsc1)[C@@H](O)C(=O)OC1CC2C(C)(C)C1(C)[C@@]13CC(C)c4ccccc4[C@@]21O3,C=C1C[C@@]23O[C@]2(c2ccccc21)C1CC(OC(=O)CCc2ccccc2)C3C1,O=C(CCc1ccsc1)OC1CC2CC1[C@@]13CCc4ccccc4[C@@]21O3,False,True,False,,0.4895833333333333,0.4787234042553192,,,,,,,,,,,,,100.19,88.16000000000001,12.029999999999987,True,,,,,5.0,6.0,1.0,True,,,,
source_tanimoto_property_oracle,mpair_00004617_cond_02_2p,mpair_00004617,eval,2,"HBA,RB",C=C1C[C@@]23O[C@]2(c2ccccc21)C1CC(OC(=O)[C@H](O)[C@@H](NC(=O)OCC)c2ccccc2)C3(C)C1(C)C,C=C1C[C@@]23O[C@]2(c2ccccc21)C1CC(OC(=O)[C@H](O)[C@@H](NC(=O)OCC)c2ccc(OC)cc2)C3(C)C1(C)C,,C=C1C[C@@]23O[C@]2(c2ccccc21)C1CC(OC(=O)CCc2ccccc2)C3C1,,False,False,False,empty_source_tanimoto_pool,0.0,0.0,,,,,,,,,,,,,,,,,,,,,7.0,,nan,False,7.0,,nan,False
source_tanimoto_property_oracle,mpair_00004619_cond_01_2p,mpair_00004619,eval,2,"LogP,QED",C=C1C[C@@]23O[C@]2(c2ccccc21)C1CC(OC(=O)[C@H](O)[C@@H](NC(=O)OCC)c2ccc(Cl)cc2)C3(C)C1(C)C,C=C1C[C@@]23O[C@]2(c2ccccc21)C1CC(OC(=O)[C@H](O)[C@@H](NC(=O)OCC)c2ccccc2)C3(C)C1(C)C,C=C1C[C@@]23O[C@]2(c2ccccc21)C1CC(OC(=O)[C@H](O)[C@@H](NC(=O)OCC)c2ccncc2)C3(C)C1(C)C,C=C1C[C@@]23O[C@]2(c2ccccc21)C1CC(OC(=O)CCc2ccccc2)C3C1,C=C1C[C@@]23O[C@]2(c2ccccc21)C1CC(OC(=O)CCc2ccncc2)C3C1,False,True,False,,0.8441558441558441,0.8904109589041096,,,,,4.893900000000004,4.2889000000000035,0.6050000000000004,True,0.4182085424131654,0.43362809019447573,0.015419547781310328,True,,,,,,,,,,,,,,,,
source_tanimoto_property_oracle,mpair_00004621_cond_02_2p,mpair_00004621,eval,2,"QED,HBA",C=C1C[C@@]23O[C@]2(c2ccccc21)C1CC(OC(=O)[C@H](O)[C@@H](NC(=O)NC(C)C)c2ccccc2)C3(C)C1(C)C,C=C1C[C@@]23O[C@]2(c2ccccc21)C1CC(OC(=O)[C@H](O)[C@@H](NC(=O)OCC)c2ccccc2)C3(C)C1(C)C,C[C@H]1C[C@@]23O[C@]2(c2ccccc21)C1CC(OC(=O)[C@H](O)[C@@H](NC(=O)OC(C)(C)C)c2ccccc2)C3(C)C1(C)C,C=C1C[C@@]23O[C@]2(c2ccccc21)C1CC(OC(=O)CCc2ccccc2)C3C1,O=C(CCc1ccccc1)OC1CC2CC1[C@@]13CCc4ccccc4[C@@]21O3,False,True,False,,0.5647058823529412,0.5952380952380952,,,,,,,,,0.4182085424131654,0.3648098925770354,0.05339864983613002,True,,,,,,,,,6.0,6.0,0.0,True,,,,
source_tanimoto_property_oracle,mpair_00004623_cond_01_2p,mpair_00004623,eval,2,"LogP,HBA",C=C1C[C@@]23O[C@]2(c2ccccc21)C1CC(OC(=O)[C@H](O)[C@@H](NC(=O)OCC)c2ccc(Cl)cc2)C3(C)C1(C)C,C=C1C[C@@]23O[C@]2(c2ccccc21)C1CC(OC(=O)[C@H](O)[C@@H](NC(=O)NC(C)C)c2ccccc2)C3(C)C1(C)C,CCOC(=O)N[C@@H](c1ccncc1)[C@@H](O)C(=O)OC1CC2C(C)(C)C1(C)[C@@]13C[C@H](C)c4ccccc4[C@@]21O3,C=C1C[C@@]23O[C@]2(c2ccccc21)C1CC(OC(=O)CCc2ccccc2)C3C1,O=C(CCc1ccncc1)OC1CC2CC1[C@@]13CCc4ccccc4[C@@]21O3,False,False,False,,0.6206896551724138,0.5111111111111111,,,,,4.855400000000004,4.379200000000004,0.4761999999999995,True,,,,,,,,,,,,,5.0,7.0,2.0,False,,,,
source_tanimoto_property_oracle,mpair_00004625_cond_02_2p,mpair_00004625,eval,2,"LogP,HBD",C=C1C[C@@]23O[C@]2(c2ccccc21)C1CC(OC(=O)[C@H](O)[C@@H](NC(=O)NC(C)C)c2ccccc2)C3(C)C1(C)C,C=C1C[C@@]23O[C@]2(c2ccccc21)C1CC(OC(=O)[C@H](O)[C@@H](NC(=O)OCC)c2ccc(Cl)cc2)C3(C)C1(C)C,,C=C1C[C@@]23O[C@]2(c2ccccc21)C1CC(OC(=O)CCc2ccccc2)C3C1,,False,False,False,empty_source_tanimoto_pool,0.0,0.0,,,,,5.547300000000005,,nan,False,,,,,,,,,2.0,,nan,False,,,,,,,,
source_tanimoto_property_oracle,mpair_00004629_cond_00_2p,mpair_00004629,eval,2,"QED,HBD",C=C1C[C@@]23O[C@]2(c2ccccc21)C1CC(OC(=O)[C@H](O)[C@@H](NC(=O)OCC)c2ccccc2)C3(C)C1(C)C,C=C1C[C@@]23O[C@]2(c2ccccc21)C1CC(OC(=O)[C@H](O)[C@@H](NC(=O)NC(C)C)c2ccccc2)C3(C)C1(C)C,CCCCOC(=O)N[C@@H](c1ccccc1)[C@@H](O)C(=O)OC1CC2C(C)(C)C1(C)[C@@]13C[C@H](C)c4ccccc4[C@@]21O3,C=C1C[C@@]23O[C@]2(c2ccccc21)C1CC(OC(=O)CCc2ccccc2)C3C1,O=C(CCc1ccccc1)OC1CC2CC1[C@@]13CCc4ccccc4[C@@]21O3,False,False,False,,0.6309523809523809,0.5454545454545454,,,,,,,,,0.36609454720744955,0.24764367851766772,0.11845086868978183,False,,,,,3.0,2.0,1.0,True,,,,,,,,
source_tanimoto_property_oracle,mpair_00004631_cond_02_2p,mpair_00004631,eval,2,"HBA,RB",C=C1C[C@@]23O[C@]2(c2ccccc21)C1CC(OC(=O)[C@H](O)[C@@H](NC(=O)OCC)c2ccc(OC)cc2)C3(C)C1(C)C,C=C1C[C@@]23O[C@]2(c2ccccc21)C1CC(OC(=O)[C@H](O)[C@@H](NC(=O)OCC)c2ccccc2)C3(C)C1(C)C,COC(=O)N[C@@H](c1ccc(O)cc1)[C@@H](O)C(=O)OC1CC2C(C)(C)C1(C)[C@@]13CC(C)c4ccccc4[C@@]21O3,C=C1C[C@@]23O[C@]2(c2ccccc21)C1CC(OC(=O)CCc2ccccc2)C3C1,O=C(CCc1ccccc1)OC1CC2CC1[C@@]13CCc4ccccc4[C@@]21O3,False,True,False,,0.5681818181818182,0.5647058823529412,,,,,,,,,,,,,,,,,,,,,6.0,7.0,1.0,True,6.0,5.0,1.0,True
source_tanimoto_property_oracle,mpair_00004788_cond_01_2p,mpair_00004788,eval,2,"LogP,RB",CC(=O)Nc1ccc(C/N=C(\S)NCC(COC(=O)C(C)(C)C)Cc2ccc(C)c(C)c2)cc1,COc1cc(C/N=C(\S)NCC(COC(=O)C(C)(C)C)Cc2ccc(C)c(C)c2)ccc1NS(C)(=O)=O,Cc1ccc(CC(CN/C(S)=N/Cc2cccc(NS(C)(=O)=O)c2)COC(=O)C(C)(C)C)cc1C,C(=NCc1ccccc1)NCCCc1ccccc1,C(=N/Cc1ccccc1)\NCCCc1ccccc1,False,True,False,,0.6901408450704225,0.7534246575342466,,,,,4.507140000000004,4.498540000000004,0.008600000000000385,True,,,,,,,,,,,,,,,,,11.0,10.0,1.0,True
source_tanimoto_property_oracle,mpair_00004791_cond_00_2p,mpair_00004791,eval,2,"TPSA,HBA",COc1cc(C/N=C(\S)N(O)CC(COC(=O)C(C)(C)C)Cc2ccc(C)c(C)c2)ccc1NS(C)(=O)=O,CCS(=O)(=O)Nc1ccc(C/N=C(\S)NCC(COC(=O)C(C)(C)C)Cc2ccc(C)c(C)c2)cc1,Cc1ccc(CC(COC(=O)C(C)(C)C)CN(O)/C(S)=N/Cc2ccc(NS(C)(=O)=O)c(F)c2)cc1C,C(=NCc1ccccc1)NCCCc1ccccc1,C(=N/Cc1ccccc1)\NCCCc1ccccc1,False,True,False,,0.8309859154929577,0.5308641975308642,,,,,,,,,,,,,96.86000000000001,108.29999999999998,11.43999999999997,True,,,,,5.0,6.0,1.0,True,,,,
source_tanimoto_property_oracle,mpair_00004794_cond_01_2p,mpair_00004794,eval,2,"MW,LogP",Cc1ccc2cccc(OCc3c(C)ccc(N(C)C(=O)Cc4ccc(C(=O)c5ccc(C#N)nc5)n4C)c3C)c2n1,Cc1ccc2cccc(OCc3c(Cl)ccc(N(C)C(=O)Cc4ccc(C(=O)c5ccc(C#N)nc5)n4C)c3Cl)c2n1,,O=C(Cc1ccc(C(=O)c2cccnc2)[nH]1)Nc1cccc(COc2cccc3cccnc23)c1,,False,False,False,empty_source_tanimoto_pool,0.0,0.0,598.4900000000001,,nan,False,6.470700000000006,,nan,False,,,,,,,,,,,,,,,,,,,,
source_tanimoto_property_oracle,mpair_00004796_cond_00_2p,mpair_00004796,eval,2,"HBA,RB",COc1ccc2[nH]c(-c3ccccc3)c(CCNC(=O)CCc3ccccc3)c2c1,O=C(CCc1ccccc1)NCCc1c(-c2ccccc2)[nH]c2ccccc12,CCCC(=O)NCCCc1ccc(OC)cc1,O=C(CCc1ccccc1)NCCc1c(-c2ccccc2)[nH]c2ccccc12,c1ccccc1,False,True,False,,0.423728813559322,0.32142857142857145,,,,,,,,,,,,,,,,,,,,,1.0,2.0,1.0,True,7.0,7.0,0.0,True
source_tanimoto_property_oracle,mpair_00004797_cond_02_2p,mpair_00004797,eval,2,"HBA,RB",O=C(CCc1ccccc1)NCCc1c(-c2ccccc2)[nH]c2ccccc12,COc1ccc2[nH]c(-c3ccccc3)c(CCNC(=O)CCc3ccccc3)c2c1,COc1ccc2[nH]c(-c3ccccc3)c(CCNC(=O)C3CC3)c2c1,O=C(CCc1ccccc1)NCCc1c(-c2ccccc2)[nH]c2ccccc12,O=C(NCCc1c(-c2ccccc2)[nH]c2ccccc12)C1CC1,False,False,False,,0.47540983606557374,0.6949152542372882,,,,,,,,,,,,,,,,,,,,,2.0,2.0,0.0,True,8.0,6.0,2.0,False
source_tanimoto_property_oracle,mpair_00004804_cond_01_2p,mpair_00004804,eval,2,"HBA,RB",O=C(O)CCc1c(/C=C2\C(=O)Nc3cc(-c4ccccc4)ccc32)[nH]c2c1CCCC2,COc1ccc(-c2ccc3c(c2)NC(=O)/C3=C\c2[nH]c3c(c2CCC(=O)O)CCCC3)cc1,Cc1c[nH]c(/C=C2\C(=O)Nc3ccccc32)c1CCC(=O)O,O=C1Nc2cc(-c3ccccc3)ccc2/C1=C/c1cc2c([nH]1)CCCC2,O=C1Nc2ccccc2/C1=C/c1ccc[nH]1,False,False,False,,0.4925373134328358,0.4383561643835616,,,,,,,,,,,,,,,,,,,,,3.0,2.0,1.0,True,6.0,4.0,2.0,False
source_tanimoto_property_oracle,mpair_00004809_cond_01_2p,mpair_00004809,eval,2,"HBA,RB",COc1ccc(-c2ccc3c(c2)NC(=O)/C3=C\c2[nH]c3c(c2CCC(=O)O)CCCC3)cc1,O=C(O)CCc1c(/C=C2\C(=O)Nc3cc(-c4ccccc4)ccc32)[nH]c2c1CCCC2,CNS(=O)(=O)c1ccc2c(c1)/C(=C/c1[nH]c3c(c1CCCN1CCNCC1)CCCC3)C(=O)N2,O=C1Nc2cc(-c3ccccc3)ccc2/C1=C/c1cc2c([nH]1)CCCC2,O=C1Nc2ccccc2/C1=C/c1[nH]c2c(c1CCCN1CCNCC1)CCCC2,False,False,False,,0.4157303370786517,0.4235294117647059,,,,,,,,,,,,,,,,,,,,,2.0,5.0,3.0,False,5.0,7.0,2.0,False
source_tanimoto_property_oracle,mpair_00004815_cond_00_2p,mpair_00004815,eval,2,"LogP,RB",CCc1c(-c2cccc(O)c2)c2ccc3cccc1n32,Oc1ccc(-c2cc3cccc4ccc2n43)cc1,,c1ccc(-c2cc3cccc4ccc2n43)cc1,,False,False,False,empty_source_tanimoto_pool,0.0,0.0,,,,,3.9029000000000025,,nan,False,,,,,,,,,,,,,,,,,1.0,,nan,False
source_tanimoto_property_oracle,mpair_00004817_cond_02_2p,mpair_00004817,eval,2,"LogP,RB",Oc1ccc(-c2cc3cccc4ccc2n43)cc1,CCc1c(-c2cccc(O)c2)c2ccc3cccc1n32,,c1ccc(-c2cc3cccc4ccc2n43)cc1,,False,False,False,empty_source_tanimoto_pool,0.0,0.0,,,,,4.465300000000003,,nan,False,,,,,,,,,,,,,,,,,2.0,,nan,False
source_tanimoto_property_oracle,mpair_00004820_cond_01_2p,mpair_00004820,eval,2,"HBD,RB",CCCCc1cc(OC2CCN(CCCS(=O)(=O)CC)CC2)c2ncccc2c1,CCCCc1cc(OC2CCN(CCCCNS(C)(=O)=O)CC2)c2ncccc2c1,,c1cnc2c(OC3CCNCC3)cccc2c1,,False,False,False,empty_source_tanimoto_pool,0.0,0.0,,,,,,,,,,,,,,,,,1.0,,nan,False,,,,,11.0,,nan,False
source_tanimoto_property_oracle,mpair_00004948_cond_01_2p,mpair_00004948,eval,2,"HBA,RB",CCC1C(=O)N2C=CSC2=[N+](Cc2ccccc2)C1=O,CCC1C(=O)N2C=CSC2=[N+](Cc2cc(OC)cc(OC)c2)C1=O,,O=C1CC(=O)[N+](Cc2ccccc2)=C2SC=CN12,,False,False,False,empty_source_tanimoto_pool,0.0,0.0,,,,,,,,,,,,,,,,,,,,,5.0,,nan,False,5.0,,nan,False
source_tanimoto_property_oracle,mpair_00004958_cond_01_2p,mpair_00004958,eval,2,"MW,LogP",FC(F)(F)c1ccnc(N2CCN(Cc3nc4ccccc4[nH]3)CC2)n1,c1cnc(N2CCN(Cc3nc4ccccc4[nH]3)CC2)nc1,c1ccc(N2CCN(Cc3nc4ccccc4[nH]3)CC2)c(C2CCCCC2)c1,c1cnc(N2CCN(Cc3nc4ccccc4[nH]3)CC2)nc1,c1ccc(N2CCN(Cc3nc4ccccc4[nH]3)CC2)c(C2CCCCC2)c1,False,False,False,,0.4918032786885246,0.5769230769230769,294.3620000000001,374.5320000000003,80.17000000000024,False,1.6750999999999998,4.932800000000005,3.257700000000005,False,,,,,,,,,,,,,,,,,,,,
source_tanimoto_property_oracle,mpair_00004960_cond_00_2p,mpair_00004960,eval,2,"LogP,RB",CCc1cnc(N2CCN(Cc3nc4ccccc4[nH]3)CC2)nc1,c1cnc(N2CCN(Cc3nc4ccccc4[nH]3)CC2)nc1,Clc1ccc(N2CCN(Cc3nc4ccccc4[nH]3)CC2)nn1,c1cnc(N2CCN(Cc3nc4ccccc4[nH]3)CC2)nc1,c1cnnc(N2CCN(Cc3nc4ccccc4[nH]3)CC2)c1,False,True,False,,0.5454545454545454,0.6122448979591837,,,,,1.6750999999999998,2.3285,0.6534000000000002,True,,,,,,,,,,,,,,,,,3.0,3.0,0.0,True
source_tanimoto_property_oracle,mpair_00004961_cond_02_2p,mpair_00004961,eval,2,"MW,RB",CCc1cnc(N2CCN(Cc3nc4ccccc4[nH]3)CC2)nc1,FC(F)(F)c1ccnc(N2CCN(Cc3nc4ccccc4[nH]3)CC2)n1,c1cnc(N2CCN(CCCOc3ccc(-c4nc5ccccc5[nH]4)cc3)CC2)nc1,c1cnc(N2CCN(Cc3nc4ccccc4[nH]3)CC2)nc1,c1cnc(N2CCN(CCCOc3ccc(-c4nc5ccccc5[nH]4)cc3)CC2)nc1,False,False,False,,0.421875,0.42424242424242425,362.3590000000001,414.5130000000001,52.153999999999996,False,,,,,,,,,,,,,,,,,,,,,3.0,7.0,4.0,False
source_tanimoto_property_oracle,mpair_00004963_cond_01_2p,mpair_00004963,eval,2,"MW,RB",FC(F)(F)c1ccnc(N2CCN(Cc3nc4ccccc4[nH]3)CC2)n1,CCc1cnc(N2CCN(Cc3nc4ccccc4[nH]3)CC2)nc1,,c1cnc(N2CCN(Cc3nc4ccccc4[nH]3)CC2)nc1,,False,False,False,empty_source_tanimoto_pool,0.0,0.0,322.41600000000005,,nan,False,,,,,,,,,,,,,,,,,,,,,4.0,,nan,False
source_tanimoto_property_oracle,mpair_00005202_cond_02_2p,mpair_00005202,eval,2,"MW,LogP",N=C(N)c1ccc2[nH]c(-c3ccc(OCc4cn(Cc5ccccc5)nn4)cc3)nc2c1,CC(C)NC(=N)c1ccc2[nH]c(-c3ccc(OCc4cn(Cc5ccccc5)nn4)cc3)nc2c1,Clc1ccc(-n2cc(COc3ccc(-c4nc5ccc(Cl)cc5[nH]4)cc3)nn2)cc1,c1ccc(Cn2cc(COc3ccc(-c4nc5ccccc5[nH]4)cc3)nn2)cc1,c1ccc(-n2cc(COc3ccc(-c4nc5ccccc5[nH]4)cc3)nn2)cc1,False,True,False,,0.4533333333333333,0.41975308641975306,465.5610000000001,436.3020000000001,29.259000000000015,True,4.772070000000003,5.696400000000003,0.9243300000000003,True,,,,,,,,,,,,,,,,,,,,
source_tanimoto_property_oracle,mpair_00005391_cond_02_2p,mpair_00005391,eval,2,"HBD,HBA",CCOC(=O)c1ccc(C#Cc2ccc3c(c2)C(C)(C)CC(=O)N3)cc1,CC1(C)CC(=O)Nc2ccc(C#Cc3ccc(C(=O)O)cc3)cc21,CC1(C)CC(=O)Nc2ccc(OCCCCCC(=O)NO)cc21,O=C1CCc2cc(C#Cc3ccccc3)ccc2N1,O=C1CCc2ccccc2N1,False,False,False,,0.421875,0.4166666666666667,,,,,,,,,,,,,,,,,2.0,3.0,1.0,True,2.0,4.0,2.0,False,,,,
source_tanimoto_property_oracle,mpair_00005394_cond_01_2p,mpair_00005394,eval,2,"QED,HBA",CCOC(=O)c1ccc(C#Cc2ccc3c(c2)C(C)(C)CC(=O)N3)cc1,CC(C)N1C(=O)CC(C)(C)c2cc(C#Cc3ccc(C(=O)O)cc3)ccc21,,O=C1CCc2cc(C#Cc3ccccc3)ccc2N1,,False,False,False,empty_source_tanimoto_pool,0.0,0.0,,,,,,,,,0.8154931333270484,,nan,False,,,,,,,,,2.0,,nan,False,,,,
source_tanimoto_property_oracle,mpair_00005398_cond_01_2p,mpair_00005398,eval,2,"LogP,QED",CCCn1c(=O)c2nc(-c3cc(C(=O)O)n(C)n3)[nH]c2n(CCC)c1=O,Cn1nc(-c2nc3c(=O)n(C)c(=O)n(C)c3[nH]2)cc1N,CCCn1c(=O)c2nc(CCNC(=O)CBr)[nH]c2n(CCC)c1=O,O=c1[nH]c(=O)c2nc(-c3cc[nH]n3)[nH]c2[nH]1,O=c1[nH]c(=O)c2nc[nH]c2[nH]1,False,False,False,,0.47540983606557374,0.24615384615384617,,,,,-1.0569999999999984,0.7598999999999994,1.8168999999999977,False,0.5870268940631196,0.6391196843555583,0.05209279029243874,True,,,,,,,,,,,,,,,,
source_tanimoto_property_oracle,mpair_00005405_cond_02_2p,mpair_00005405,eval,2,"HBA,RB",CS(=O)(=O)Nc1ccc(S(=O)(=O)c2ccc(CN)s2)cc1,CCOc1cc(S(C)(=O)=O)cc(S(=O)(=O)c2ccc(CN)s2)c1,,O=S(=O)(c1ccccc1)c1cccs1,,False,False,False,empty_source_tanimoto_pool,0.0,0.0,,,,,,,,,,,,,,,,,,,,,7.0,,nan,False,6.0,,nan,False
source_tanimoto_property_oracle,mpair_00005414_cond_01_2p,mpair_00005414,eval,2,"LogP,QED",CCNC(=O)C(C)NC(=O)[C@H](Cc1ccc([N+](=O)[O-])cc1)NC(=O)c1cccc2ccccc12,O=C(N[C@@H](Cc1ccccc1)C(=O)O)c1cccc2ccccc12,,O=C(NCCc1ccccc1)c1cccc2ccccc12,,False,False,False,empty_source_tanimoto_pool,0.0,0.0,,,,,3.265500000000001,,nan,False,0.7583308263978528,,nan,False,,,,,,,,,,,,,,,,
source_tanimoto_property_oracle,mpair_00005417_cond_02_2p,mpair_00005417,eval,2,"HBD,HBA",CCNC(=O)C(C)NC(=O)[C@H](Cc1ccc([N+](=O)[O-])cc1)NC(=O)c1cccc2ccccc12,CCOC(=O)[C@@H](C)NC(=O)[C@H](Cc1ccc([N+](=O)[O-])cc1)NC(=O)c1cccc2ccccc12,CC(=O)N[C@@H](Cc1ccccc1)C(=O)NN(C)C(=O)Oc1ccc([N+](=O)[O-])cc1,O=C(NCCc1ccccc1)c1cccc2ccccc12,O=C(CCc1ccccc1)NNC(=O)Oc1ccccc1,False,True,False,,0.40540540540540543,0.4246575342465753,,,,,,,,,,,,,,,,,2.0,2.0,0.0,True,6.0,6.0,0.0,True,,,,
source_tanimoto_property_oracle,mpair_00005425_cond_00_2p,mpair_00005425,eval,2,"HBD,HBA",CCOC(=O)[C@@H](C)NC(=O)[C@H](Cc1ccc([N+](=O)[O-])cc1)NC(=O)c1cccc2ccccc12,CCNC(=O)C(C)NC(=O)[C@H](Cc1ccc([N+](=O)[O-])cc1)NC(=O)c1cccc2ccccc12,,O=C(NCCc1ccccc1)c1cccc2ccccc12,,False,False,False,empty_source_tanimoto_pool,0.0,0.0,,,,,,,,,,,,,,,,,3.0,,nan,False,5.0,,nan,False,,,,
source_tanimoto_property_oracle,mpair_00005432_cond_01_2p,mpair_00005432,eval,2,"QED,TPSA",CCOC(=O)[C@@H](C)NC(=O)[C@H](Cc1ccc([N+](=O)[O-])cc1)NC(=O)c1cccc2ccccc12,CC(C)OC(=O)[C@H](Cc1ccc([N+](=O)[O-])cc1)NC(=O)c1cccc2ccccc12,C[C@H](NC(=O)[C@H](Cc1ccc(Cl)cc1)NC(=O)c1cccc2ccccc12)C(=O)Nc1cccnc1,O=C(NCCc1ccccc1)c1cccc2ccccc12,O=C(CNC(=O)[C@H](Cc1ccccc1)NC(=O)c1cccc2ccccc12)Nc1cccnc1,False,True,False,,0.5135135135135135,0.44,,,,,,,,,0.36267930698305967,0.3341804825306073,0.028498824452452387,True,98.53999999999999,100.19000000000001,1.65000000000002,True,,,,,,,,,,,,
source_tanimoto_property_oracle,mpair_00005439_cond_00_2p,mpair_00005439,eval,2,"LogP,RB",CC(C)OC(=O)[C@H](Cc1ccc([N+](=O)[O-])cc1)NC(=O)c1cccc2ccccc12,COC(=O)[C@H](Cc1ccc([N+](=O)[O-])cc1)NC(=O)c1cccc2ccccc12,CCOC(=O)c1coc([C@H](Cc2ccc([N+](=O)[O-])cc2)NC(=O)c2cccc3ccccc23)n1,O=C(NCCc1ccccc1)c1cccc2ccccc12,O=C(N[C@@H](Cc1ccccc1)c1ncco1)c1cccc2ccccc12,False,False,False,,0.5857142857142857,0.6119402985074627,,,,,3.262100000000001,4.626500000000004,1.3644000000000025,False,,,,,,,,,,,,,,,,,6.0,8.0,2.0,False
source_tanimoto_property_oracle,mpair_00005441_cond_01_2p,mpair_00005441,eval,2,"HBD,HBA",CCNC(=O)C(C)NC(=O)[C@H](Cc1ccc([N+](=O)[O-])cc1)NC(=O)c1cccc2ccccc12,CCOC(=O)[C@H](C)NC(=O)[C@H](Cc1ccc([N+](=O)[O-])cc1)NC(=O)c1cccc2ccccc12,O=C(N[C@@H](Cc1ccc([N+](=O)[O-])cc1)C1=NCCO1)c1cccc2ccccc12,O=C(NCCc1ccccc1)c1cccc2ccccc12,O=C(N[C@@H](Cc1ccccc1)C1=NCCO1)c1cccc2ccccc12,False,True,False,,0.5428571428571428,0.5428571428571428,,,,,,,,,,,,,,,,,2.0,1.0,1.0,True,6.0,5.0,1.0,True,,,,
source_tanimoto_property_oracle,mpair_00005443_cond_02_2p,mpair_00005443,eval,2,"MW,RB",CCOC(=O)[C@H](Cc1ccc([N+](=O)[O-])cc1)NC(=O)c1cccc2ccccc12,CCNC(=O)C(C)NC(=O)[C@H](Cc1ccc([N+](=O)[O-])cc1)NC(=O)c1cccc2ccccc12,O=C(N[C@@H](Cc1ccc([N+](=O)[O-])cc1)C1=NCCO1)c1cccc2ccccc12,O=C(NCCc1ccccc1)c1cccc2ccccc12,O=C(N[C@@H](Cc1ccccc1)C1=NCCO1)c1cccc2ccccc12,False,False,False,,0.5846153846153846,0.5428571428571428,462.50600000000014,389.41100000000006,73.09500000000008,False,,,,,,,,,,,,,,,,,,,,,9.0,6.0,3.0,False
source_tanimoto_property_oracle,mpair_00005447_cond_00_2p,mpair_00005447,eval,2,"MW,QED",CC(C)OC(Cc1ccc(OCCc2noc(-c3ccccc3)n2)cc1)C(=O)O,CC(C)OC(Cc1ccc(OCCc2noc(-c3cc(C(F)(F)F)cc(C(F)(F)F)c3)n2)cc1)C(=O)O,CN(CCOc1ccc(CC(OCCc2ccccc2)C(=O)O)cc1)c1nc2ccccc2o1,c1ccc(OCCc2noc(-c3ccccc3)n2)cc1,c1ccc(CCOCCc2ccc(OCCNc3nc4ccccc4o3)cc2)cc1,False,False,False,,0.40789473684210525,0.3411764705882353,532.4370000000001,460.53000000000014,71.90699999999998,False,,,,,0.3291726090856745,0.33074223478380704,0.0015696256981325707,True,,,,,,,,,,,,,,,,
source_tanimoto_property_oracle,mpair_00005451_cond_00_2p,mpair_00005451,eval,2,"QED,HBD",NC(=O)N(O)Cc1ccc(OCCc2noc(-c3ccccc3)n2)cc1,CC(C)OC(Cc1ccc(OCCc2noc(-c3cc(C(F)(F)F)cc(C(F)(F)F)c3)n2)cc1)C(=O)O,CCOC(=O)C(Cc1ccc(OCCc2nc(-c3ccccc3)oc2C)cc1)C(=O)O,c1ccc(OCCc2noc(-c3ccccc3)n2)cc1,c1ccc(OCCc2coc(-c3ccccc3)n2)cc1,False,True,False,,0.4,0.3670886075949367,,,,,,,,,0.3291726090856745,0.3874455730003945,0.05827296391472003,True,,,,,1.0,1.0,0.0,True,,,,,,,,
source_tanimoto_property_oracle,mpair_00005460_cond_01_2p,mpair_00005460,eval,2,"MW,HBD",NC(=O)N(O)Cc1ccc(OCCc2noc(-c3ccccc3)n2)cc1,CC(C)OC(Cc1ccc(OCCc2noc(-c3ccccc3)n2)cc1)C(=O)O,NC(=O)N(O)Cc1ccc(OCCc2coc(-c3ccccc3)n2)cc1,c1ccc(OCCc2noc(-c3ccccc3)n2)cc1,c1ccc(OCCc2coc(-c3ccccc3)n2)cc1,False,False,False,,0.6842105263157895,0.39436619718309857,396.44300000000004,353.378,43.065000000000055,False,,,,,,,,,,,,,1.0,2.0,1.0,True,,,,,,,,
source_tanimoto_property_oracle,mpair_00005462_cond_02_2p,mpair_00005462,eval,2,"QED,RB",COc1cccc2c1cc1c3c(cccc32)C(=O)N(CCN(C)C)C1=O,CN(C)CCN1C(=O)c2cccc3c2c(cc2cccc(N)c23)C1=O,CN(C)CCCN1C(=O)c2cccc3c([N+](=O)[O-])ccc(c23)C1=O,O=C1NC(=O)c2cc3ccccc3c3cccc1c23,O=C1NC(=O)c2cccc3cccc1c23,False,False,False,,0.47368421052631576,0.47368421052631576,,,,,,,,,0.45458982820388494,0.47782795916047566,0.02323813095659072,True,,,,,,,,,,,,,3.0,5.0,2.0,False
source_tanimoto_property_oracle,mpair_00005469_cond_00_2p,mpair_00005469,eval,2,"HBA,RB",CN(C)CCN1C(=O)c2cccc3c2c(cc2ccccc23)C1=O,COc1cccc2c1cc1c3c(cccc32)C(=O)N(CCN(C)C)C1=O,CN(C)CCN1C(=O)c2cccc3c2c(cc2ncccc23)C1=O,O=C1NC(=O)c2cc3ccccc3c3cccc1c23,O=C1NC(=O)c2cc3ncccc3c3cccc1c23,False,True,False,,0.6666666666666666,0.6470588235294118,,,,,,,,,,,,,,,,,,,,,4.0,4.0,0.0,True,4.0,3.0,1.0,True
source_tanimoto_property_oracle,mpair_00005473_cond_01_2p,mpair_00005473,eval,2,"LogP,RB",CN(C)CCN1C(=O)c2cccc3c2c(cc2cccc(Cl)c23)C1=O,COc1cccc2c1cc1c3c(cccc32)C(=O)N(CCN(C)C)C1=O,COc1ccc2c3c(c4ccccc4cc13)C(=O)N(CCN(C)C)C2=O,O=C1NC(=O)c2cc3ccccc3c3cccc1c23,O=C1NC(=O)c2c3ccccc3cc3cccc1c23,False,True,False,,0.5,0.6111111111111112,,,,,3.159200000000002,3.159200000000002,0.0,True,,,,,,,,,,,,,,,,,4.0,4.0,0.0,True
source_tanimoto_property_oracle,mpair_00005477_cond_00_2p,mpair_00005477,eval,2,"HBD,HBA",CN(C)CCN1C(=O)c2cccc3c2c(cc2ccccc23)C1=O,CN(C)CCN1C(=O)c2cccc3c2c(cc2c(O)cccc23)C1=O,CN(C)CCN1C(=O)c2cccc3c2c(cc2ccsc23)C1=O,O=C1NC(=O)c2cc3ccccc3c3cccc1c23,O=C1NC(=O)c2cc3ccsc3c3cccc1c23,False,True,False,,0.7021276595744681,0.6078431372549019,,,,,,,,,,,,,,,,,1.0,0.0,1.0,True,4.0,4.0,0.0,True,,,,
source_tanimoto_property_oracle,mpair_00005482_cond_00_2p,mpair_00005482,eval,2,"LogP,RB",COc1cccc2c1cc1c3c(cccc32)C(=O)N(CCN(C)C)C1=O,CN(C)CCN1C(=O)c2cccc3c2c(cc2cccc(Cl)c23)C1=O,COc1cc2cc3c4c(cccc4c2c(OC)c1O)C(=O)N3CCCCN(C)C,O=C1NC(=O)c2cc3ccccc3c3cccc1c23,O=C1Nc2cc3ccccc3c3cccc1c23,False,False,False,,0.47692307692307695,0.4117647058823529,,,,,3.804000000000003,4.017800000000002,0.2137999999999991,True,,,,,,,,,,,,,,,,,3.0,7.0,4.0,False
source_tanimoto_property_oracle,mpair_00005485_cond_00_2p,mpair_00005485,eval,2,"LogP,RB",Cc1cccc(COc2nn3c(-c4nc(C(C)C)no4)nnc3c3c2C2CCC3CC2)n1,Cc1noc(-c2nnc3c4c(c(OCc5ccc(C)c(C)n5)nn23)C2CCC4CC2)n1,Cc1cccc(COc2nn3c(-c4ncn(C)n4)nnc3c3c2C2CCC3CC2)n1,c1ccc(COc2nn3c(-c4ncno4)nnc3c3c2C2CCC3CC2)nc1,c1ccc(COc2nn3c(-c4nc[nH]n4)nnc3c3c2C2CCC3CC2)nc1,False,True,False,,0.6515151515151515,0.5217391304347826,,,,,3.8283600000000026,2.957020000000001,0.8713400000000018,True,,,,,,,,,,,,,,,,,4.0,4.0,0.0,True
source_tanimoto_property_oracle,mpair_00005487_cond_02_2p,mpair_00005487,eval,2,"LogP,RB",Cc1noc(-c2nnc3c4c(c(OCc5ccc(C)c(C)n5)nn23)C2CCC4CC2)n1,Cc1cccc(COc2nn3c(-c4nc(C(C)C)no4)nnc3c3c2C2CCC3CC2)n1,,c1ccc(COc2nn3c(-c4ncno4)nnc3c3c2C2CCC3CC2)nc1,,False,False,False,empty_source_tanimoto_pool,0.0,0.0,,,,,4.334920000000003,,nan,False,,,,,,,,,,,,,,,,,5.0,,nan,False
source_tanimoto_property_oracle,mpair_00005489_cond_01_2p,mpair_00005489,eval,2,"QED,HBD",CN(CCOc1ccc(CC2SC(=O)NC2=O)cc1)c1ncccn1,O=C1NC(=O)C(Cc2ccc(OCCNc3ncccn3)cc2)S1,Cn1c(COc2ccc(CC3SC(=O)NC3=O)cc2)nc2ccc(Cl)nc21,O=C1NC(=O)C(Cc2ccc(OCCNc3ncccn3)cc2)S1,O=C1NC(=O)C(Cc2ccc(OCc3nc4cccnc4[nH]3)cc2)S1,False,True,False,,0.4696969696969697,0.45454545454545453,,,,,,,,,0.7405705768383221,0.6598041058143775,0.08076647102394452,True,,,,,2.0,1.0,1.0,True,,,,,,,,
source_tanimoto_property_oracle,mpair_00005491_cond_00_2p,mpair_00005491,eval,2,"QED,HBD",O=C1NC(=O)C(Cc2ccc(OCCNc3ncccn3)cc2)S1,CN(CCOc1ccc(CC2SC(=O)NC2=O)cc1)c1ncccn1,Cc1nc(C(=O)COc2ccc(CC3SC(=O)NC3=O)cc2)c(C)o1,O=C1NC(=O)C(Cc2ccc(OCCNc3ncccn3)cc2)S1,O=C1NC(=O)C(Cc2ccc(OCC(=O)c3cocn3)cc2)S1,False,True,False,,0.5081967213114754,0.5,,,,,,,,,0.8088362225461297,0.7900509662663852,0.01878525627974459,True,,,,,1.0,1.0,0.0,True,,,,,,,,
source_tanimoto_property_oracle,mpair_00005492_cond_02_2p,mpair_00005492,eval,2,"LogP,RB",Cn1c(NC(=O)c2ccccc2)nc2ccccc2c1=O,CC(C)n1c(NC(=O)c2ccccc2)nc2ccccc2c1=O,O=C(Nc1ccccc1)c1ccccc1,O=C(Nc1nc2ccccc2c(=O)[nH]1)c1ccccc1,O=C(Nc1ccccc1)c1ccccc1,False,True,False,,0.41025641025641024,0.3902439024390244,,,,,3.229700000000001,2.938900000000001,0.29079999999999995,True,,,,,,,,,,,,,,,,,3.0,2.0,1.0,True
source_tanimoto_property_oracle,mpair_00005494_cond_01_2p,mpair_00005494,eval,2,"LogP,RB",CC(C)n1c(NC(=O)c2ccccc2)nc2ccccc2c1=O,Cn1c(NC(=O)c2ccccc2)nc2ccccc2c1=O,O=C(Nc1nc(O)c2ccccc2n1)c1ccccc1,O=C(Nc1nc2ccccc2c(=O)[nH]1)c1ccccc1,O=C(Nc1ncc2ccccc2n1)c1ccccc1,False,True,False,,0.4782608695652174,0.5,,,,,2.1857999999999995,2.5877,0.40190000000000037,True,,,,,,,,,,,,,,,,,2.0,2.0,0.0,True
source_tanimoto_property_oracle,mpair_00005496_cond_00_2p,mpair_00005496,eval,2,"MW,QED",CCC(C)(C)C(=O)N[C@@H](Cc1ccc(NC(=O)c2ccnc3ccccc23)cc1)C(=O)O,CCCCC(C)(CC)C(=O)N[C@@H](Cc1ccc(NC(=O)c2ccnc3ccccc23)cc1)C(=O)O,,O=C(Nc1ccccc1)c1ccnc2ccccc12,,False,False,False,empty_source_tanimoto_pool,0.0,0.0,475.5890000000002,,nan,False,,,,,0.3529588307368051,,nan,False,,,,,,,,,,,,,,,,
source_tanimoto_property_oracle,mpair_00005500_cond_01_2p,mpair_00005500,eval,2,"TPSA,HBA",Fc1cccc(CN2CCC(COc3c(F)c(F)c(F)c(F)c3F)CC2)c1,N#Cc1ccc(OCC2CCN(Cc3ccc(F)cc3)CC2)cc1,Fc1cccc(-c2cccc(CN3CCN(c4ncccn4)CC3)c2)c1,c1ccc(CN2CCC(COc3ccccc3)CC2)cc1,c1ccc(-c2cccc(CN3CCN(c4ncccn4)CC3)c2)cc1,False,True,False,,0.42592592592592593,0.26229508196721313,,,,,,,,,,,,,36.26,32.260000000000005,3.999999999999993,True,,,,,3.0,4.0,1.0,True,,,,
source_tanimoto_property_oracle,mpair_00005503_cond_01_2p,mpair_00005503,eval,2,"MW,QED",N#Cc1ccc(OCC2CCN(Cc3ccc(F)cc3)CC2)cc1,N#Cc1ccc(OCC2CCN(Cc3ccccc3I)CC2)cc1,Brc1ccc(OCC2CCN(CC3CC3)CC2)cc1,c1ccc(CN2CCC(COc3ccccc3)CC2)cc1,c1ccc(OCC2CCN(CC3CC3)CC2)cc1,False,False,False,,0.4489795918367347,0.43137254901960786,432.30500000000006,324.26200000000006,108.043,False,,,,,0.6554084459997837,0.8130764161790359,0.15766797017925227,False,,,,,,,,,,,,,,,,
source_tanimoto_property_oracle,mpair_00005505_cond_00_2p,mpair_00005505,eval,2,"HBA,RB",Cn1c(=O)c2c(nc3n(CCCN4CCN(c5ccccc5)CC4)c(=O)ccn23)n(C)c1=O,COc1ccccc1N1CCN(CCCn2c(=O)ccn3c4c(=O)n(C)c(=O)n(C)c4nc23)CC1,O=C1c2ccccc2C(=O)N1CCCN1CCN(c2ccccc2)CC1,O=c1[nH]c(=O)c2c(nc3n(CCCN4CCN(c5ccccc5)CC4)c(=O)ccn23)[nH]1,O=C1c2ccccc2C(=O)N1CCCN1CCN(c2ccccc2)CC1,False,False,False,,0.4166666666666667,0.28169014084507044,,,,,,,,,,,,,,,,,,,,,11.0,4.0,7.0,False,6.0,5.0,1.0,True
source_tanimoto_property_oracle,mpair_00005510_cond_01_2p,mpair_00005510,eval,2,"HBA,RB",O=C(O)[C@H]1[C@H](c2ccccc2)c2ccccc2[C@@H]1c1ccccc1,COc1ccc([C@H]2c3ccccc3[C@@H](c3ccccc3)[C@@H]2C(=O)O)cc1,,c1ccc([C@H]2C[C@@H](c3ccccc3)c3ccccc32)cc1,,False,False,False,empty_source_tanimoto_pool,0.0,0.0,,,,,,,,,,,,,,,,,,,,,2.0,,nan,False,4.0,,nan,False
source_tanimoto_property_oracle,mpair_00005513_cond_01_2p,mpair_00005513,eval,2,"HBD,HBA",O=C1c2cccc(O)c2C(=O)c2c1ccc(Cc1ccccc1)c2O,O=C1c2ccccc2C(=O)c2c1ccc(Cc1ccccc1)c2O,COc1cc(CBr)cc2c1C(=O)c1c(O)cccc1C2=O,O=C1c2ccccc2C(=O)c2cc(Cc3ccccc3)ccc21,O=C1c2ccccc2C(=O)c2ccccc21,False,True,False,,0.43137254901960786,0.3018867924528302,,,,,,,,,,,,,,,,,1.0,1.0,0.0,True,3.0,4.0,1.0,True,,,,
source_tanimoto_property_oracle,mpair_00005528_cond_02_2p,mpair_00005528,eval,2,"LogP,TPSA",O=CNC(=O)c1cnn2c1n[n+]([O-])c1ccc(Cl)cc12,CCOC(=O)c1cnn2c1n[n+]([O-])c1ccc(Cl)cc12,,c1ccc2c(c1)[nH+]nc1ccnn12,,False,False,False,empty_source_tanimoto_pool,0.0,0.0,,,,,1.3459999999999996,,nan,False,,,,,83.42999999999999,,nan,False,,,,,,,,,,,,
source_tanimoto_property_oracle,mpair_00005534_cond_00_2p,mpair_00005534,eval,2,"MW,LogP",CC(C)(C)OC(=O)Nc1cnn2c1n[n+]([O-])c1ccc(Cl)cc12,O=CNC(=O)c1cnn2c1n[n+]([O-])c1ccc(Cl)cc12,,c1ccc2c(c1)[nH+]nc1ccnn12,,False,False,False,empty_source_tanimoto_pool,0.0,0.0,291.65400000000005,,nan,False,0.05550000000000005,,nan,False,,,,,,,,,,,,,,,,,,,,
source_tanimoto_property_oracle,mpair_00005626_cond_00_2p,mpair_00005626,eval,2,"MW,QED",O=C1OC2(CCN(CCc3c[nH]c4ccc(F)cc34)CC2)CN1Cc1ccc(F)cc1F,O=C1OC2(CCN(CCc3c[nH]c4ccc(F)cc34)CC2)CN1Cc1ccccc1,O=C1OC2(CCN(CCc3c[nH]c4ccc(F)cc34)CC2)CN1Cc1cccc(F)c1,O=C1OC2(CCN(CCc3c[nH]c4ccccc34)CC2)CN1Cc1ccccc1,O=C1OC2(CCN(CCc3c[nH]c4ccccc34)CC2)CN1Cc1ccccc1,True,True,True,,0.78125,0.8852459016393442,407.48900000000026,425.47900000000027,17.99000000000001,True,,,,,0.684658851889038,0.6560186565368493,0.028640195352188647,True,,,,,,,,,,,,,,,,
edit_latent_source_first_rerank,mpair_00000001_cond_00_2p,mpair_00000001,eval,2,"MW,LogP",O=C(c1ccccc1C(F)(F)F)N1C[C@H](CN2CCC(c3ccccc3)CC2)[C@@H](c2ccccc2)C1,O=C(c1ccccc1F)N1C[C@H](CN2CCC(c3ccccc3)CC2)[C@@H](c2ccccc2)C1,c1ccc(CN2C[C@H](CN3CCC(c4ccccc4)CC3)[C@@H](c3ccccc3)C2)cc1,O=C(c1ccccc1)N1C[C@H](CN2CCC(c3ccccc3)CC2)[C@@H](c2ccccc2)C1,c1ccc(CN2C[C@H](CN3CCC(c4ccccc4)CC3)[C@@H](c3ccccc3)C2)cc1,False,True,False,,0.5087719298245614,0.5370370370370371,442.57800000000015,410.6050000000002,31.972999999999956,True,5.561100000000006,5.781800000000006,0.2206999999999999,True,,,,,,,,,,,,,,,,,,,,
edit_latent_source_first_rerank,mpair_00000003_cond_02_2p,mpair_00000003,eval,2,"MW,RB",COc1cccc(C(=O)N2C[C@H](CN3CCC(c4ccccc4)CC3)[C@@H](c3ccccc3)C2)c1,O=C(c1ccccc1Br)N1C[C@H](CN2CCC(c3ccccc3)CC2)[C@@H](c2ccccc2)C1,O=C(C1CCC1)N1C[C@H](CN2CCC(c3ccccc3)CC2)[C@@H](c2ccccc2)C1,O=C(c1ccccc1)N1C[C@H](CN2CCC(c3ccccc3)CC2)[C@@H](c2ccccc2)C1,O=C(C1CCC1)N1C[C@H](CN2CCC(c3ccccc3)CC2)[C@@H](c2ccccc2)C1,False,False,False,,0.5833333333333334,0.6481481481481481,503.48400000000026,402.58200000000016,100.9020000000001,False,,,,,,,,,,,,,,,,,,,,,5.0,5.0,0.0,True
edit_latent_source_first_rerank,mpair_00000006_cond_00_2p,mpair_00000006,eval,2,"MW,LogP",O=C(c1ccccc1F)N1C[C@H](CN2CCC(c3ccccc3)CC2)[C@@H](c2ccccc2)C1,O=C(c1ccccc1C(F)(F)F)N1C[C@H](CN2CCC(c3ccccc3)CC2)[C@@H](c2ccccc2)C1,Clc1cccc([C@H]2CN(Cc3ccccc3)C[C@@H]2CN2CCC(c3ccccc3)CC2)c1,O=C(c1ccccc1)N1C[C@H](CN2CCC(c3ccccc3)CC2)[C@@H](c2ccccc2)C1,c1ccc(CN2C[C@H](CN3CCC(c4ccccc4)CC3)[C@@H](c3ccccc3)C2)cc1,False,False,False,,0.45161290322580644,0.4307692307692308,492.5850000000002,445.05000000000024,47.53499999999997,False,6.4408000000000065,6.435200000000006,0.005600000000000271,True,,,,,,,,,,,,,,,,,,,,
edit_latent_source_first_rerank,mpair_00000008_cond_02_2p,mpair_00000008,eval,2,"MW,QED",O=C(c1ccccc1Br)N1C[C@H](CN2CCC(c3ccccc3)CC2)[C@@H](c2ccccc2)C1,O=C(c1ccccc1F)N1C[C@H](CN2CCC(c3ccccc3)CC2)[C@@H](c2ccccc2)C1,,O=C(c1ccccc1)N1C[C@H](CN2CCC(c3ccccc3)CC2)[C@@H](c2ccccc2)C1,,False,False,False,"empty_source_tanimoto_pool,empty_edit_latent_pool",0.0,0.0,442.57800000000015,,nan,False,,,,,0.5164092889512721,,nan,False,,,,,,,,,,,,,,,,
edit_latent_source_first_rerank,mpair_00000012_cond_00_2p,mpair_00000012,eval,2,"MW,LogP",O=C(c1ccccc1F)N1C[C@H](CN2CCC(c3ccccc3)CC2)[C@@H](c2ccccc2)C1,O=C(c1ccccc1Br)N1C[C@H](CN2CCC(c3ccccc3)CC2)[C@@H](c2ccccc2)C1,Clc1cccc([C@H]2CN(Cc3ccccc3)C[C@@H]2CN2CCC(c3ccccc3)CC2)c1,O=C(c1ccccc1)N1C[C@H](CN2CCC(c3ccccc3)CC2)[C@@H](c2ccccc2)C1,c1ccc(CN2C[C@H](CN3CCC(c4ccccc4)CC3)[C@@H](c3ccccc3)C2)cc1,False,False,False,,0.45161290322580644,0.45161290322580644,503.48400000000026,445.05000000000024,58.434000000000026,False,6.184500000000006,6.435200000000006,0.25070000000000014,True,,,,,,,,,,,,,,,,,,,,
edit_latent_source_first_rerank,mpair_00000020_cond_00_2p,mpair_00000020,eval,2,"MW,TPSA",O=C(O)CCC/C=C/C[C@@H]1[C@@H](COCc2ccccc2)C2CC1(c1ccccc1)CO2,N#Cc1ccc(COC[C@H]2C3CC(c4ccc(F)cc4)(CO3)[C@@H]2C/C=C/CCCC(=O)O)cc1,O=C(O)CC/C=C\C[C@H]1[C@H](CNS(=O)(=O)c2ccc(Cl)cc2)C2CC1(c1ccc(-c3ccccc3)cc1)CO2,c1ccc(COC[C@@H]2CC3(c4ccccc4)COC2C3)cc1,O=S(=O)(NC[C@H]1CC2(c3ccc(-c4ccccc4)cc3)COC1C2)c1ccccc1,False,False,False,,0.4936708860759494,0.4222222222222222,463.5490000000003,566.1190000000001,102.56999999999982,False,,,,,,,,,79.55,92.7,13.150000000000006,True,,,,,,,,,,,,
edit_latent_source_first_rerank,mpair_00000325_cond_01_2p,mpair_00000325,eval,2,"MW,LogP",N[C@@H](C(=O)N[C@@H]1C(=O)N2C(C(=O)O)=C(C(F)(F)F)CC[C@H]12)c1ccc(F)cc1,N[C@@H](C(=O)N[C@@H]1C(=O)N2C(C(=O)O)=C(C(F)(F)F)CC[C@H]12)c1cccc(C(F)(F)F)c1,N[C@@H](C(=O)N[C@@H]1C(=O)N2C(C(=O)O)=C(Sc3nnc(SCC4CC4)s3)CC[C@H]12)c1ccccc1,O=C(Cc1ccccc1)N[C@@H]1C(=O)N2C=CCC[C@H]12,O=C(Cc1ccccc1)N[C@@H]1C(=O)N2C=C(Sc3nnc(SCC4CC4)s3)CC[C@H]12,False,False,False,,0.47435897435897434,0.4691358024691358,451.3230000000001,517.6580000000004,66.33500000000026,False,2.0955999999999997,2.6178999999999997,0.5223,True,,,,,,,,,,,,,,,,,,,,
edit_latent_source_first_rerank,mpair_00000335_cond_00_2p,mpair_00000335,eval,2,"MW,HBA",N[C@@H](C(=O)N[C@@H]1C(=O)N2C(C(=O)O)=C(C(F)(F)F)CC[C@H]12)c1cccc(Br)c1,N[C@@H](C(=O)N[C@@H]1C(=O)N2C(C(=O)O)=C(C(F)(F)F)CC[C@H]12)c1ccc(O)cc1,,O=C(Cc1ccccc1)N[C@@H]1C(=O)N2C=CCC[C@H]12,,False,False,False,"empty_source_tanimoto_pool,empty_edit_latent_pool",0.0,0.0,399.3250000000001,,nan,False,,,,,,,,,,,,,,,,,5.0,,nan,False,,,,
edit_latent_source_first_rerank,mpair_00000338_cond_01_2p,mpair_00000338,eval,2,"MW,QED",N[C@@H](C(=O)N[C@@H]1C(=O)N2C(C(=O)O)=C(C(F)(F)F)CC[C@H]12)c1cccc(Br)c1,CSC1=C(C(=O)O)N2C(=O)[C@@H](NC(=O)[C@H](N)c3ccccc3)[C@H]2CC1,,O=C(Cc1ccccc1)N[C@@H]1C(=O)N2C=CCC[C@H]12,,False,False,False,"empty_source_tanimoto_pool,empty_edit_latent_pool",0.0,0.0,361.42300000000006,,nan,False,,,,,0.6699274889764619,,nan,False,,,,,,,,,,,,,,,,
edit_latent_source_first_rerank,mpair_00000587_cond_01_2p,mpair_00000587,eval,2,"HBA,RB",Cc1ccc(CCCC[C@@H]2N[C@@H](CO)[C@H](O)[C@H]2O)cc1,COc1ccc(CCCC[C@@H]2N[C@@H](CO)[C@H](O)[C@H]2O)cc1,,c1ccc(CCCC[C@H]2CCCN2)cc1,,False,False,False,"empty_source_tanimoto_pool,empty_edit_latent_pool",0.0,0.0,,,,,,,,,,,,,,,,,,,,,5.0,,nan,False,7.0,,nan,False
edit_latent_source_first_rerank,mpair_00000590_cond_00_2p,mpair_00000590,eval,2,"HBD,RB",OC[C@@H]1N[C@@H](CCCCc2ccc(O)cc2)[C@H](O)[C@H]1O,COc1ccc(CCCC[C@@H]2N[C@@H](CO)[C@H](O)[C@H]2O)cc1,,c1ccc(CCCC[C@H]2CCCN2)cc1,,False,False,False,"empty_source_tanimoto_pool,empty_edit_latent_pool",0.0,0.0,,,,,,,,,,,,,,,,,4.0,,nan,False,,,,,7.0,,nan,False
edit_latent_source_first_rerank,mpair_00000592_cond_00_2p,mpair_00000592,eval,2,"HBA,RB",COc1ccc(CCCC[C@@H]2N[C@@H](CO)[C@H](O)[C@H]2O)cc1,Cc1ccc(CCCC[C@@H]2N[C@@H](CO)[C@H](O)[C@H]2O)cc1,COc1ccc(CCCNC(C)=O)cc1,c1ccc(CCCC[C@H]2CCCN2)cc1,c1ccccc1,False,False,False,,0.40425531914893614,0.23529411764705882,,,,,,,,,,,,,,,,,,,,,4.0,2.0,2.0,False,6.0,5.0,1.0,True
edit_latent_source_first_rerank,mpair_00000593_cond_02_2p,mpair_00000593,eval,2,"HBA,RB",OC[C@@H]1N[C@@H](CCCCc2cc(F)cc(F)c2)[C@H](O)[C@H]1O,COc1ccc(CCCC[C@@H]2N[C@@H](CO)[C@H](O)[C@H]2O)cc1,,c1ccc(CCCC[C@H]2CCCN2)cc1,,False,False,False,"empty_source_tanimoto_pool,empty_edit_latent_pool",0.0,0.0,,,,,,,,,,,,,,,,,,,,,5.0,,nan,False,7.0,,nan,False
edit_latent_source_first_rerank,mpair_00000596_cond_00_2p,mpair_00000596,eval,2,"HBA,RB",OC[C@@H]1N[C@@H](CCCCc2ccc(F)cc2)[C@H](O)[C@H]1O,COc1ccc(CCCC[C@@H]2N[C@@H](CO)[C@H](O)[C@H]2O)cc1,,c1ccc(CCCC[C@H]2CCCN2)cc1,,False,False,False,"empty_source_tanimoto_pool,empty_edit_latent_pool",0.0,0.0,,,,,,,,,,,,,,,,,,,,,5.0,,nan,False,7.0,,nan,False
edit_latent_source_first_rerank,mpair_00000599_cond_00_2p,mpair_00000599,eval,2,"QED,HBD",CC1=C(C)C(=O)C(C(c2ccccc2)c2cccnc2)=C(C)C1=O,CC1=C(C)C(=O)C(C(c2cccnc2)c2cccc(/C=C/C(=O)O)c2)=C(C)C1=O,CC1=C(C)C(=O)C(C(CCCCO)c2cccnc2)=C(C)C1=O,O=C1C=CC(=O)C(C(c2ccccc2)c2cccnc2)=C1,O=C1C=CC(=O)C(Cc2cccnc2)=C1,False,True,False,,0.5869565217391305,0.4745762711864407,,,,,,,,,0.6163061688930161,0.6469856878170728,0.030679518924056626,True,,,,,1.0,1.0,0.0,True,,,,,,,,
edit_latent_source_first_rerank,mpair_00000727_cond_01_2p,mpair_00000727,eval,2,"QED,RB",C=CCc1cc(/C=C2\SC(=O)N(C(C)C)C2=O)c(OC)cc1OC1CCCCO1,C=CCc1cc(/C=C2\SC(=O)N(CCCC)C2=O)c(OC)cc1OC1CCCCO1,C=CCc1cc(/C=C2\SC(=O)N(Cc3ccccc3)C2=O)c(OC)cc1OC1CCCCO1,O=C1NC(=O)/C(=C/c2ccc(OC3CCCCO3)cc2)S1,O=C1S/C(=C\c2ccc(OC3CCCCO3)cc2)C(=O)N1Cc1ccccc1,False,True,False,,0.7083333333333334,0.75,,,,,,,,,0.39718598618589046,0.37536239913571634,0.02182358705017412,True,,,,,,,,,,,,,9.0,8.0,1.0,True
edit_latent_source_first_rerank,mpair_00000730_cond_00_2p,mpair_00000730,eval,2,"HBD,RB",C=CCc1cc(/C=C2\SC(=O)NC2=O)c(OC)cc1OC1CCCCO1,C=CCc1cc(/C=C2\SC(=O)N(C(C)C)C2=O)c(OC)cc1OC1CCCCO1,,O=C1NC(=O)/C(=C/c2ccc(OC3CCCCO3)cc2)S1,,False,False,False,"empty_source_tanimoto_pool,empty_edit_latent_pool",0.0,0.0,,,,,,,,,,,,,,,,,0.0,,nan,False,,,,,7.0,,nan,False
edit_latent_source_first_rerank,mpair_00000732_cond_01_2p,mpair_00000732,eval,2,"LogP,QED",C=CCc1cc(/C=C2\SC(=O)N(CC=C)C2=O)c(OC)cc1OC1CCCCO1,C=CCc1cc(/C=C2\SC(=O)N(CC=C(C)C)C2=O)c(OC)cc1OC1CCCCO1,C=CCc1cc(/C=C2\SC(=O)N(CCCC)C2=O)c(OC)cc1O,O=C1NC(=O)/C(=C/c2ccc(OC3CCCCO3)cc2)S1,O=C1NC(=O)/C(=C/c2ccccc2)S1,False,False,False,,0.5138888888888888,0.5,,,,,5.331600000000005,3.965700000000003,1.3659000000000021,False,0.3995752918375223,0.5971002769026875,0.19752498506516525,False,,,,,,,,,,,,,,,,
edit_latent_source_first_rerank,mpair_00000736_cond_00_2p,mpair_00000736,eval,2,"QED,RB",C=CCc1cc(/C=C2\SC(=O)N(CCCC)C2=O)c(OC)cc1OC1CCCCO1,C=CCc1cc(/C=C2\SC(=O)N(C(C)C)C2=O)c(OC)cc1OC1CCCCO1,CCCCOc1cc(OC)c(/C=C2\SC(=O)N(C)C2=O)cc1Br,O=C1NC(=O)/C(=C/c2ccc(OC3CCCCO3)cc2)S1,O=C1NC(=O)/C(=C/c2ccccc2)S1,False,True,False,,0.4266666666666667,0.35064935064935066,,,,,,,,,0.4701504427149941,0.5264886344093901,0.05633819169439597,True,,,,,,,,,,,,,7.0,6.0,1.0,True
edit_latent_source_first_rerank,mpair_00000737_cond_02_2p,mpair_00000737,eval,2,"QED,HBD",C=CCc1cc(/C=C2\SC(=O)NC2=O)c(OC)cc1OC1CCCCO1,C=CCc1cc(/C=C2\SC(=O)N(C)C2=O)c(OC)cc1OC1CCCCO1,,O=C1NC(=O)/C(=C/c2ccc(OC3CCCCO3)cc2)S1,,False,False,False,"empty_source_tanimoto_pool,empty_edit_latent_pool",0.0,0.0,,,,,,,,,0.5413211960634129,,nan,False,,,,,0.0,,nan,False,,,,,,,,
edit_latent_source_first_rerank,mpair_00000740_cond_02_2p,mpair_00000740,eval,2,"MW,QED",C=CCc1cc(/C=C2\SC(=O)N(C)C2=O)c(OC)cc1OC1CCCCO1,C=CCc1cc(/C=C2\SC(=O)N(CCCC)C2=O)c(OC)cc1OC1CCCCO1,,O=C1NC(=O)/C(=C/c2ccc(OC3CCCCO3)cc2)S1,,False,False,False,"empty_source_tanimoto_pool,empty_edit_latent_pool",0.0,0.0,431.55400000000026,,nan,False,,,,,0.39718598618589046,,nan,False,,,,,,,,,,,,,,,,
edit_latent_source_first_rerank,mpair_00000744_cond_00_2p,mpair_00000744,eval,2,"LogP,RB",C=CCc1cc(/C=C2\SC(=O)N(CC=C(C)C)C2=O)c(OC)cc1OC1CCCCO1,C=CCc1cc(/C=C2\SC(=O)N(C(C)C)C2=O)c(OC)cc1OC1CCCCO1,C=CCc1cc(/C=C2\SC(=O)NC2=O)c(OC)cc1O,O=C1NC(=O)/C(=C/c2ccc(OC3CCCCO3)cc2)S1,O=C1NC(=O)/C(=C/c2ccccc2)S1,False,False,False,,0.40789473684210525,0.410958904109589,,,,,4.773800000000004,2.4532000000000003,2.3206000000000038,False,,,,,,,,,,,,,,,,,7.0,4.0,3.0,False
edit_latent_source_first_rerank,mpair_00000746_cond_00_2p,mpair_00000746,eval,2,"QED,RB",C=CCc1cc(/C=C2\SC(=O)N(CC=C)C2=O)c(OC)cc1OC1CCCCO1,C=CCc1cc(/C=C2\SC(=O)N(CCCC)C2=O)c(OC)cc1OC1CCCCO1,,O=C1NC(=O)/C(=C/c2ccc(OC3CCCCO3)cc2)S1,,False,False,False,"empty_source_tanimoto_pool,empty_edit_latent_pool",0.0,0.0,,,,,,,,,0.39718598618589046,,nan,False,,,,,,,,,,,,,9.0,,nan,False
edit_latent_source_first_rerank,mpair_00000751_cond_02_2p,mpair_00000751,eval,2,"LogP,RB",O=C1CCC[C@H]2OC[C@@H](Cc3c[nH]c4ccccc34)N12,CC[C@H]1CCC(=O)N2[C@H](Cc3c[nH]c4ccccc34)CO[C@H]12,CC[C@@H]1CCC(=O)N2[C@H](Cc3c[nH]c4ccccc34)CO[C@@H]12,O=C1CCC[C@H]2OC[C@@H](Cc3c[nH]c4ccccc34)N12,O=C1CCC[C@@H]2OC[C@@H](Cc3c[nH]c4ccccc34)N12,False,True,False,,0.6607142857142857,1.0,,,,,3.0839000000000016,3.0839000000000016,0.0,True,,,,,,,,,,,,,,,,,3.0,3.0,0.0,True
edit_latent_source_first_rerank,mpair_00000755_cond_00_2p,mpair_00000755,eval,2,"LogP,RB",CC[C@H]1CCC(=O)N2[C@H](Cc3c[nH]c4ccccc34)CO[C@H]12,O=C1CCC[C@H]2OC[C@@H](Cc3c[nH]c4ccccc34)N12,CC[C@@H]1CCC(=O)N2[C@@H](Cc3c[nH]c4ccccc34)CO[C@@H]12,O=C1CCC[C@H]2OC[C@@H](Cc3c[nH]c4ccccc34)N12,O=C1CCC[C@@H]2OC[C@H](Cc3c[nH]c4ccccc34)N12,False,True,False,,1.0,0.6607142857142857,,,,,2.447800000000001,3.0839000000000016,0.6361000000000008,True,,,,,,,,,,,,,,,,,2.0,3.0,1.0,True
edit_latent_source_first_rerank,mpair_00000756_cond_02_2p,mpair_00000756,eval,2,"LogP,QED",Clc1cccc(-c2cncc(O[C@@H]3CCNC3)c2)c1,Clc1cccc(-c2cc(O[C@@H]3CCNC3)cnc2Cl)c1,,c1ccc(-c2cncc(O[C@@H]3CCNC3)c2)cc1,,False,False,False,"empty_source_tanimoto_pool,empty_edit_latent_pool",0.0,0.0,,,,,3.796100000000002,,nan,False,0.8758671086324237,,nan,False,,,,,,,,,,,,,,,,
edit_latent_source_first_rerank,mpair_00000759_cond_00_2p,mpair_00000759,eval,2,"MW,LogP",c1ccc(-c2cncc(O[C@@H]3CCNC3)c2)cc1,Clc1cccc(-c2cc(O[C@@H]3CCNC3)cnc2Cl)c1,Clc1cncc(OC2CCNC2)c1,c1ccc(-c2cncc(O[C@@H]3CCNC3)c2)cc1,c1cncc(OC2CCNC2)c1,False,False,False,,0.6341463414634146,0.5416666666666666,309.196,198.65299999999996,110.54300000000006,False,3.796100000000002,1.4756999999999998,2.320400000000002,False,,,,,,,,,,,,,,,,,,,,
edit_latent_source_first_rerank,mpair_00000760_cond_02_2p,mpair_00000760,eval,2,"MW,LogP",Clc1cccc(-c2cc(O[C@@H]3CCNC3)cnc2Cl)c1,c1ccc(-c2cncc(O[C@@H]3CCNC3)c2)cc1,,c1ccc(-c2cncc(O[C@@H]3CCNC3)c2)cc1,,False,False,False,"empty_source_tanimoto_pool,empty_edit_latent_pool",0.0,0.0,240.30599999999998,,nan,False,2.4893,,nan,False,,,,,,,,,,,,,,,,,,,,
edit_latent_source_first_rerank,mpair_00000763_cond_01_2p,mpair_00000763,eval,2,"HBA,RB",COc1cccc(-c2cncc(O[C@@H]3CCNC3)c2)c1,c1ccc(-c2cncc(O[C@@H]3CCNC3)c2)cc1,,c1ccc(-c2cncc(O[C@@H]3CCNC3)c2)cc1,,False,False,False,"empty_source_tanimoto_pool,empty_edit_latent_pool",0.0,0.0,,,,,,,,,,,,,,,,,,,,,3.0,,nan,False,3.0,,nan,False
edit_latent_source_first_rerank,mpair_00000765_cond_00_2p,mpair_00000765,eval,2,"QED,HBA",COc1cccc(-c2cncc(O[C@@H]3CCNC3)c2)c1,Clc1cccc(-c2cc(O[C@@H]3CCNC3)cnc2Cl)c1,,c1ccc(-c2cncc(O[C@@H]3CCNC3)c2)cc1,,False,False,False,"empty_source_tanimoto_pool,empty_edit_latent_pool",0.0,0.0,,,,,,,,,0.8758671086324237,,nan,False,,,,,,,,,3.0,,nan,False,,,,
edit_latent_source_first_rerank,mpair_00001116_cond_00_2p,mpair_00001116,eval,2,"HBA,RB",COc1ccc(N2CCN(CCC3NC(=O)c4ccccc43)CC2)cc1,O=C1NC(CCN2CCN(c3ccccc3)CC2)c2ccccc21,COc1ccc(N2CCN(Cc3nc4ccccc4[nH]3)CC2)cc1,O=C1NC(CCN2CCN(c3ccccc3)CC2)c2ccccc21,c1ccc(N2CCN(Cc3nc4ccccc4[nH]3)CC2)cc1,False,True,False,,0.41935483870967744,0.265625,,,,,,,,,,,,,,,,,,,,,3.0,4.0,1.0,True,4.0,4.0,0.0,True
edit_latent_source_first_rerank,mpair_00001119_cond_01_2p,mpair_00001119,eval,2,"HBA,RB",O=C1NC(CCN2CCN(c3ccccc3)CC2)c2ccccc21,COc1ccc(N2CCN(CCC3NC(=O)c4ccccc43)CC2)cc1,,O=C1NC(CCN2CCN(c3ccccc3)CC2)c2ccccc21,,False,False,False,"empty_source_tanimoto_pool,empty_edit_latent_pool",0.0,0.0,,,,,,,,,,,,,,,,,,,,,4.0,,nan,False,5.0,,nan,False
edit_latent_source_first_rerank,mpair_00001121_cond_00_2p,mpair_00001121,eval,2,"MW,QED",O=C1NC(CCN2CCN(c3ccccc3)CC2)c2ccccc21,CN1C(=O)c2ccccc2C1CCN1CCN(c2ccc(Cl)cc2)CC1,,O=C1NC(CCN2CCN(c3ccccc3)CC2)c2ccccc21,,False,False,False,"empty_source_tanimoto_pool,empty_edit_latent_pool",0.0,0.0,369.8960000000001,,nan,False,,,,,0.8221231339252668,,nan,False,,,,,,,,,,,,,,,,
edit_latent_source_first_rerank,mpair_00001122_cond_02_2p,mpair_00001122,eval,2,"QED,HBD",COc1ccc(N2CCN(CCC3c4ccccc4C(=O)N3C)CC2)cc1,COc1ccc(N2CCN(CCC3NC(=O)c4ccccc43)CC2)cc1,O=C1NC(CCN2CCN(c3ccc4ccccc4c3)CC2)c2ccccc21,O=C1NC(CCN2CCN(c3ccccc3)CC2)c2ccccc21,O=C1NC(CCN2CCN(c3ccc4ccccc4c3)CC2)c2ccccc21,False,False,False,,0.45161290322580644,0.7169811320754716,,,,,,,,,0.8996022198661571,0.7569508134432963,0.14265140642286078,False,,,,,1.0,1.0,0.0,True,,,,,,,,
edit_latent_source_first_rerank,mpair_00001126_cond_00_2p,mpair_00001126,eval,2,"LogP,HBA",Cc1ccc(N2CCN(CCC3NC(=O)c4ccccc43)CC2)cc1C,COc1ccc(N2CCN(CCC3NC(=O)c4ccccc43)CC2)cc1,,O=C1NC(CCN2CCN(c3ccccc3)CC2)c2ccccc21,,False,False,False,"empty_source_tanimoto_pool,empty_edit_latent_pool",0.0,0.0,,,,,2.692000000000001,,nan,False,,,,,,,,,,,,,4.0,,nan,False,,,,
edit_latent_source_first_rerank,mpair_00001129_cond_00_2p,mpair_00001129,eval,2,"QED,HBD",Cc1ccc(N2CCN(CCC3NC(=O)c4ccccc43)CC2)cc1C,CN1C(=O)c2ccccc2C1CCN1CCN(c2ccc(Cl)cc2)CC1,Cc1ccc(N2CCN(CC[C@H]3NC(=O)c4ccccc43)CC2)cc1C,O=C1NC(CCN2CCN(c3ccccc3)CC2)c2ccccc21,O=C1N[C@H](CCN2CCN(c3ccccc3)CC2)c2ccccc21,False,True,False,,1.0,0.45901639344262296,,,,,,,,,0.8221231339252668,0.9198864151307602,0.09776328120549338,True,,,,,0.0,1.0,1.0,True,,,,,,,,
edit_latent_source_first_rerank,mpair_00001130_cond_02_2p,mpair_00001130,eval,2,"LogP,RB",COc1ccc(N2CCN(CCC3c4ccccc4C(=O)N3C)CC2)cc1,CN1C(=O)c2ccccc2C1CCN1CCN(c2ccc(Cl)cc2)CC1,,O=C1NC(CCN2CCN(c3ccccc3)CC2)c2ccccc21,,False,False,False,"empty_source_tanimoto_pool,empty_edit_latent_pool",0.0,0.0,,,,,3.679000000000003,,nan,False,,,,,,,,,,,,,,,,,4.0,,nan,False
edit_latent_source_first_rerank,mpair_00001134_cond_02_2p,mpair_00001134,eval,2,"MW,QED",FC(F)(F)c1cccc(N2CCN(c3nc4ccsc4n4cccc34)CC2)c1,Fc1ccc(N2CCN(c3nc4ccsc4n4cccc34)CC2)cc1,c1cc2c(N3CCN(CC4CC4)CC3)nc3ccsc3n2c1,c1ccc(N2CCN(c3nc4ccsc4n4cccc34)CC2)cc1,c1cc2c(N3CCN(CC4CC4)CC3)nc3ccsc3n2c1,False,False,False,,0.559322033898305,0.6226415094339622,352.43800000000016,312.442,39.99600000000015,False,,,,,0.5445182992427106,0.742476249321922,0.19795795007921146,False,,,,,,,,,,,,,,,,
edit_latent_source_first_rerank,mpair_00001617_cond_01_2p,mpair_00001617,eval,2,"QED,RB",Cc1cc(F)cc2c1OCc1c-2ccc2c1C(C)CC(C)(C)N2,CC1CC(C)(C)Nc2ccc3c(c21)COc1c-3cc(F)cc1[N+](=O)[O-],,c1ccc2c(c1)OCc1c-2ccc2c1CCCN2,,False,False,False,"empty_source_tanimoto_pool,empty_edit_latent_pool",0.0,0.0,,,,,,,,,0.5855235809891088,,nan,False,,,,,,,,,,,,,1.0,,nan,False
edit_latent_source_first_rerank,mpair_00001643_cond_01_2p,mpair_00001643,eval,2,"MW,QED",C=C(Br)CC1(C(C)C)C(=O)NC(=O)N(C)C1=O,C=CCC1(C(C)C#CCC)C(=O)NC(=O)N(C)C1=O,,O=C1CC(=O)NC(=O)N1,,False,False,False,"empty_source_tanimoto_pool,empty_edit_latent_pool",0.0,0.0,262.30899999999997,,nan,False,,,,,0.47348972477403223,,nan,False,,,,,,,,,,,,,,,,
edit_latent_source_first_rerank,mpair_00002259_cond_00_2p,mpair_00002259,eval,2,"LogP,QED",Cc1ccccc1NC(=O)c1c(C)n(-c2ccccc2C)c(C)cc1=O,Cc1cccc(C)c1NC(=O)c1c(C)n(-c2c(C)cccc2C)c(C)cc1=O,,O=C(Nc1ccccc1)c1cn(-c2ccccc2)ccc1=O,,False,False,False,"empty_source_tanimoto_pool,empty_edit_latent_pool",0.0,0.0,,,,,4.940320000000004,,nan,False,0.7058233303377046,,nan,False,,,,,,,,,,,,,,,,
edit_latent_source_first_rerank,mpair_00002372_cond_00_2p,mpair_00002372,eval,2,"HBA,RB",CCCCCNC(=O)Nc1c(SCCCn2cnc(-c3ccccc3)c2C)cccc1N(C)C,CCCCCNC(=O)Nc1c(C)cccc1SCCCn1cnc(-c2ccccc2)c1C,CCCCCNC(=O)Nc1c(OCCCn2cnc(-c3ccc(CCCC)cc3)c2)cccc1N(C)C,c1ccc(SCCCn2cnc(-c3ccccc3)c2)cc1,c1ccc(OCCCn2cnc(-c3ccccc3)c2)cc1,False,False,False,,0.46511627906976744,0.3707865168539326,,,,,,,,,,,,,,,,,,,,,4.0,5.0,1.0,True,11.0,15.0,4.0,False
edit_latent_source_first_rerank,mpair_00002373_cond_02_2p,mpair_00002373,eval,2,"HBA,RB",CCCCCNC(=O)Nc1c(C)cccc1SCCCn1cnc(-c2ccccc2)c1C,CCCCCNC(=O)Nc1c(SCCCn2cnc(-c3ccccc3)c2C)cccc1N(C)C,CCCCCNC(=O)Nc1c(C)cccc1COCCn1cnc(-c2ccccc2)c1C,c1ccc(SCCCn2cnc(-c3ccccc3)c2)cc1,c1ccc(COCCn2cnc(-c3ccccc3)c2)cc1,False,True,False,,0.676056338028169,0.5769230769230769,,,,,,,,,,,,,,,,,,,,,5.0,4.0,1.0,True,12.0,11.0,1.0,True
edit_latent_source_first_rerank,mpair_00002463_cond_02_2p,mpair_00002463,eval,2,"LogP,RB",COc1ccc(NC(=O)c2cc(OCCCN(C)C)nn2Cc2ccccc2)cc1,CN(C)CCCOc1cc(C(=O)Nc2ccc(Cl)cc2F)n(Cc2ccccc2)n1,,O=C(Nc1ccccc1)c1ccnn1Cc1ccccc1,,False,False,False,"empty_source_tanimoto_pool,empty_edit_latent_pool",0.0,0.0,,,,,4.306700000000003,,nan,False,,,,,,,,,,,,,,,,,9.0,,nan,False
edit_latent_source_first_rerank,mpair_00002468_cond_00_2p,mpair_00002468,eval,2,"MW,QED",CN(C)CCCOc1cc(C(=O)Nc2cc(F)cc(C(F)(F)F)c2)n(Cc2ccccc2)n1,COc1ccc(NC(=O)c2cc(OCCCN(C)C)nn2Cc2ccccc2)cc1,CN(C)CCCOc1cc(C(=O)Nc2cnc3ccccc3c2)n(Cc2ccccc2)n1,O=C(Nc1ccccc1)c1ccnn1Cc1ccccc1,O=C(Nc1cnc2ccccc2c1)c1ccnn1Cc1ccccc1,False,False,False,,0.647887323943662,0.7076923076923077,408.50200000000007,429.5240000000001,21.022000000000048,True,,,,,0.5200250404910086,0.40634650543440276,0.11367853505660586,False,,,,,,,,,,,,,,,,
edit_latent_source_first_rerank,mpair_00002474_cond_02_2p,mpair_00002474,eval,2,"QED,TPSA",COc1cc(NC(=O)c2cc(OCCCN(C)C)nn2Cc2ccccc2)cc(OC)c1OC,CN(C)CCCOc1cc(C(=O)Nc2ccc(Cl)cc2F)n(Cc2ccccc2)n1,,O=C(Nc1ccccc1)c1ccnn1Cc1ccccc1,,False,False,False,"empty_source_tanimoto_pool,empty_edit_latent_pool",0.0,0.0,,,,,,,,,0.5138601191048354,,nan,False,59.39,,nan,False,,,,,,,,,,,,
edit_latent_source_first_rerank,mpair_00002477_cond_01_2p,mpair_00002477,eval,2,"QED,RB",CN(C)CCCOc1cc(C(=O)Nc2cc(F)cc(C(F)(F)F)c2)n(Cc2ccccc2)n1,CN(C)CCCOc1cc(C(=O)Nc2ccc(OC(F)(F)F)cc2)n(Cc2ccccc2)n1,,O=C(Nc1ccccc1)c1ccnn1Cc1ccccc1,,False,False,False,"empty_source_tanimoto_pool,empty_edit_latent_pool",0.0,0.0,,,,,,,,,0.4522382232340766,,nan,False,,,,,,,,,,,,,10.0,,nan,False
edit_latent_source_first_rerank,mpair_00002481_cond_02_2p,mpair_00002481,eval,2,"TPSA,HBA",COc1cc(NC(=O)c2cc(OCCCN(C)C)nn2Cc2ccccc2)cc(OC)c1OC,CN(C)CCCOc1cc(C(=O)Nc2cc(F)cc(C(F)(F)F)c2)n(Cc2ccccc2)n1,,O=C(Nc1ccccc1)c1ccnn1Cc1ccccc1,,False,False,False,"empty_source_tanimoto_pool,empty_edit_latent_pool",0.0,0.0,,,,,,,,,,,,,59.39,,nan,False,,,,,5.0,,nan,False,,,,
edit_latent_source_first_rerank,mpair_00002484_cond_02_2p,mpair_00002484,eval,2,"LogP,RB",CN(C)CCCOc1cc(C(=O)Nc2cccc(Cl)c2)n(Cc2ccccc2)n1,COc1ccc(NC(=O)c2cc(OCCCN(C)C)nn2Cc2ccccc2)cc1,,O=C(Nc1ccccc1)c1ccnn1Cc1ccccc1,,False,False,False,"empty_source_tanimoto_pool,empty_edit_latent_pool",0.0,0.0,,,,,3.522800000000002,,nan,False,,,,,,,,,,,,,,,,,10.0,,nan,False
edit_latent_source_first_rerank,mpair_00002487_cond_02_2p,mpair_00002487,eval,2,"QED,RB",CN(C)CCCOc1cc(C(=O)Nc2ccc(OC(F)(F)F)cc2)n(Cc2ccccc2)n1,CN(C)CCCOc1cc(C(=O)Nc2cc(F)cc(C(F)(F)F)c2)n(Cc2ccccc2)n1,,O=C(Nc1ccccc1)c1ccnn1Cc1ccccc1,,False,False,False,"empty_source_tanimoto_pool,empty_edit_latent_pool",0.0,0.0,,,,,,,,,0.369385517709234,,nan,False,,,,,,,,,,,,,9.0,,nan,False
edit_latent_source_first_rerank,mpair_00002492_cond_02_2p,mpair_00002492,eval,2,"LogP,TPSA",CC(C)OC(=O)c1cc(CO)cn1S(=O)(=O)c1cc(Cl)ccc1N,C=Cc1cc(C(=O)OCC)n(S(=O)(=O)c2cc(Cl)ccc2N)c1,,O=S(=O)(c1ccccc1)n1cccc1,,False,False,False,"empty_source_tanimoto_pool,empty_edit_latent_pool",0.0,0.0,,,,,2.7804,,nan,False,,,,,91.39,,nan,False,,,,,,,,,,,,
edit_latent_source_first_rerank,mpair_00002495_cond_01_2p,mpair_00002495,eval,2,"LogP,RB",O=C1C(Nc2ccccc2)=C(Cl)C(=O)c2ncncc21,CCc1ccc(NC2=C(Cl)C(=O)c3ncncc3C2=O)cc1,,O=C1C(Nc2ccccc2)=CC(=O)c2ncncc21,,False,False,False,"empty_source_tanimoto_pool,empty_edit_latent_pool",0.0,0.0,,,,,2.980500000000001,,nan,False,,,,,,,,,,,,,,,,,3.0,,nan,False
edit_latent_source_first_rerank,mpair_00002497_cond_00_2p,mpair_00002497,eval,2,"MW,LogP",O=C1C(Nc2ccc(Br)cc2)=C(Cl)C(=O)c2ncncc21,O=C1C(Nc2ccccc2)=C(Cl)C(=O)c2ncncc21,Cc1ccc(NC2=C(Cl)C(=O)c3ccncc3C2=O)cc1,O=C1C(Nc2ccccc2)=CC(=O)c2ncncc21,O=C1C=C(Nc2ccccc2)C(=O)c2cnccc21,False,True,False,,0.46938775510204084,0.4583333333333333,285.69,298.72900000000004,13.039000000000044,True,2.4181,3.331520000000001,0.9134200000000012,True,,,,,,,,,,,,,,,,,,,,
edit_latent_source_first_rerank,mpair_00002499_cond_02_2p,mpair_00002499,eval,2,"MW,LogP",O=C1C(Nc2cccc(Br)c2)=C(Cl)C(=O)c2ncncc21,O=C1C(Nc2ccccc2)=C(Cl)C(=O)c2ncncc21,O=C1C(Nc2ccc3c(c2)OCO3)=C(Cl)C(=O)c2ncncc21,O=C1C(Nc2ccccc2)=CC(=O)c2ncncc21,O=C1C(Nc2ccc3c(c2)OCO3)=CC(=O)c2ncncc21,False,False,False,,0.6037735849056604,0.6122448979591837,285.69,329.699,44.009000000000015,False,2.4181,2.1468,0.2713000000000001,True,,,,,,,,,,,,,,,,,,,,
edit_latent_source_first_rerank,mpair_00002502_cond_01_2p,mpair_00002502,eval,2,"MW,QED",O=C1C(Nc2cccc(Br)c2)=C(Cl)C(=O)c2ncncc21,CCc1ccc(NC2=C(Cl)C(=O)c3ncncc3C2=O)cc1,,O=C1C(Nc2ccccc2)=CC(=O)c2ncncc21,,False,False,False,"empty_source_tanimoto_pool,empty_edit_latent_pool",0.0,0.0,313.744,,nan,False,,,,,0.9428073960459649,,nan,False,,,,,,,,,,,,,,,,
edit_latent_source_first_rerank,mpair_00002506_cond_00_2p,mpair_00002506,eval,2,"HBA,RB",Cc1ccc(C(=O)CN2c3ccccc3C(=O)N(Cc3ccccc3)S2(=O)=O)cc1,COc1ccc(C(=O)CN2c3ccccc3C(=O)N(Cc3ccccc3)S2(=O)=O)cc1,O=C1c2ccccc2N(COCc2ccccc2)S(=O)(=O)N1COCc1ccccc1,O=C(CN1c2ccccc2C(=O)N(Cc2ccccc2)S1(=O)=O)c1ccccc1,O=C1c2ccccc2N(COCc2ccccc2)S(=O)(=O)N1COCc1ccccc1,False,False,False,,0.46296296296296297,0.4642857142857143,,,,,,,,,,,,,,,,,,,,,5.0,5.0,0.0,True,6.0,8.0,2.0,False
edit_latent_source_first_rerank,mpair_00002510_cond_01_2p,mpair_00002510,eval,2,"LogP,HBA",CSc1cc(-c2ccc(Br)cc2)oc(=O)c1C#N,CSc1cc(-c2ccc(Br)cc2)oc(=O)c1Cl,,O=c1cccc(-c2ccccc2)o1,,False,False,False,"empty_source_tanimoto_pool,empty_edit_latent_pool",0.0,0.0,,,,,4.444600000000002,,nan,False,,,,,,,,,,,,,3.0,,nan,False,,,,
edit_latent_source_first_rerank,mpair_00002517_cond_00_2p,mpair_00002517,eval,2,"MW,LogP",CSc1cc(-c2ccc(Cl)cc2)oc(=O)c1Br,CSc1cc(-c2ccc(Cl)cc2)oc(=O)c1,,O=c1cccc(-c2ccccc2)o1,,False,False,False,"empty_source_tanimoto_pool,empty_edit_latent_pool",0.0,0.0,252.72199999999998,,nan,False,3.682100000000002,,nan,False,,,,,,,,,,,,,,,,,,,,
edit_latent_source_first_rerank,mpair_00002525_cond_00_2p,mpair_00002525,eval,2,"QED,RB",CSc1cc(-c2ccc(Cl)cc2)oc(=O)c1C(N)=O,CSc1cc(-c2ccc(Br)cc2)oc(=O)c1C#N,,O=c1cccc(-c2ccccc2)o1,,False,False,False,"empty_source_tanimoto_pool,empty_edit_latent_pool",0.0,0.0,,,,,,,,,0.791886779601309,,nan,False,,,,,,,,,,,,,2.0,,nan,False
edit_latent_source_first_rerank,mpair_00002533_cond_01_2p,mpair_00002533,eval,2,"LogP,HBA",CSc1cc(-c2ccc(Br)cc2)oc(=O)c1C#N,CSc1cc(-c2ccc(Cl)cc2)oc(=O)c1Br,CSc1cc(-c2cccs2)oc(=O)c1C#N,O=c1cccc(-c2ccccc2)o1,O=c1cccc(-c2cccs2)o1,False,False,False,,0.574468085106383,0.33962264150943394,,,,,4.444600000000001,2.9618800000000016,1.4827199999999996,False,,,,,,,,,,,,,3.0,5.0,2.0,False,,,,
edit_latent_source_first_rerank,mpair_00002543_cond_00_2p,mpair_00002543,eval,2,"TPSA,HBD",CSc1cc(-c2ccc(Br)cc2)oc(=O)c1Cl,CSc1cc(-c2ccc(Cl)cc2)oc(=O)c1C(N)=O,CSc1cc(-c2ccc(Br)cc2)oc(=O)c1Br,O=c1cccc(-c2ccccc2)o1,O=c1cccc(-c2ccccc2)o1,True,False,False,,0.7297297297297297,0.4782608695652174,,,,,,,,,,,,,73.30000000000001,30.21,43.09000000000001,False,1.0,0.0,1.0,True,,,,,,,,
edit_latent_source_first_rerank,mpair_00002548_cond_02_2p,mpair_00002548,eval,2,"MW,LogP",CSc1cc(-c2ccc(Cl)cc2)oc(=O)c1,CSc1cc(-c2ccc(Br)cc2)oc(=O)c1Cl,,O=c1cccc(-c2ccccc2)o1,,False,False,False,"empty_source_tanimoto_pool,empty_edit_latent_pool",0.0,0.0,331.61800000000005,,nan,False,4.444600000000002,,nan,False,,,,,,,,,,,,,,,,,,,,
edit_latent_source_first_rerank,mpair_00002558_cond_00_2p,mpair_00002558,eval,2,"MW,HBA",CSc1nc(-c2ccc(OC(F)(F)F)cc2)nn1C(=O)N(C)c1ccccc1,CSc1nc(-c2ccc(Cl)cc2)nn1C(=O)N(C)c1ccccc1,,O=C(Nc1ccccc1)n1cnc(-c2ccccc2)n1,,False,False,False,"empty_source_tanimoto_pool,empty_edit_latent_pool",0.0,0.0,358.85400000000004,,nan,False,,,,,,,,,,,,,,,,,5.0,,nan,False,,,,
edit_latent_source_first_rerank,mpair_00002561_cond_02_2p,mpair_00002561,eval,2,"LogP,RB",CSc1nc(-c2ccc(C)cc2)nn1C(=O)N(C)c1ccccc1,CN(C(=O)n1nc(-c2ccc(Cl)cc2)nc1SCC(F)(F)F)c1ccccc1,,O=C(Nc1ccccc1)n1cnc(-c2ccccc2)n1,,False,False,False,"empty_source_tanimoto_pool,empty_edit_latent_pool",0.0,0.0,,,,,5.357400000000003,,nan,False,,,,,,,,,,,,,,,,,4.0,,nan,False
edit_latent_source_first_rerank,mpair_00002564_cond_00_2p,mpair_00002564,eval,2,"LogP,HBA",CSc1nc(-c2ccc(OC(F)(F)F)cc2)nn1C(=O)N(C)c1ccccc1,CN(C(=O)n1nc(-c2ccc(Cl)cc2)nc1SCC(F)(F)F)c1ccccc1,,O=C(Nc1ccccc1)n1cnc(-c2ccccc2)n1,,False,False,False,"empty_source_tanimoto_pool,empty_edit_latent_pool",0.0,0.0,,,,,5.357400000000003,,nan,False,,,,,,,,,,,,,5.0,,nan,False,,,,
edit_latent_source_first_rerank,mpair_00002566_cond_02_2p,mpair_00002566,eval,2,"HBD,RB",COc1cc(C(=O)N2CCN(C(=O)c3cc(OC)c(OC)c(OC)c3)C(COC(=O)CC(C)(C)C)C2)cc(OC)c1OC,COc1cc(C(=O)N2CCN(C(=O)c3cc(OC)c(OC)c(OC)c3)C(COC(=O)NCCC(C)C)C2)cc(OC)c1OC,,O=C(c1ccccc1)N1CCN(C(=O)c2ccccc2)CC1,,False,False,False,"empty_source_tanimoto_pool,empty_edit_latent_pool",0.0,0.0,,,,,,,,,,,,,,,,,1.0,,nan,False,,,,,13.0,,nan,False
edit_latent_source_first_rerank,mpair_00002569_cond_02_2p,mpair_00002569,eval,2,"TPSA,HBA",COc1cc(C(=O)N2CCN(C(=O)c3cc(OC)c(OC)c(OC)c3)CC2)cc(OC)c1OC,COc1cc(C(=O)N2CCN(C(=O)c3cc(OC)c(OC)c(OC)c3)C(CO)C2)cc(OC)c1OC,COc1cc(N)c(C(=O)c2cc(OC)c(OC)c(OC)c2)cc1OC,O=C(c1ccccc1)N1CCN(C(=O)c2ccccc2)CC1,O=C(c1ccccc1)c1ccccc1,False,False,False,,0.46153846153846156,0.34615384615384615,,,,,,,,,,,,,116.23000000000002,89.24000000000001,26.99000000000001,False,,,,,9.0,7.0,2.0,False,,,,
edit_latent_source_first_rerank,mpair_00002573_cond_01_2p,mpair_00002573,eval,2,"LogP,RB",COc1cc(C(=O)N2CCN(C(=O)c3cc(OC)c(OC)c(OC)c3)C(COC(=O)CC(C)(C)C)C2)cc(OC)c1OC,COc1cc(C(=O)N2CCN(C(=O)c3cc(OC)c(OC)c(OC)c3)C(COC(C)=O)C2)cc(OC)c1OC,,O=C(c1ccccc1)N1CCN(C(=O)c2ccccc2)CC1,,False,False,False,"empty_source_tanimoto_pool,empty_edit_latent_pool",0.0,0.0,,,,,2.2681000000000004,,nan,False,,,,,,,,,,,,,,,,,10.0,,nan,False
edit_latent_source_first_rerank,mpair_00002575_cond_02_2p,mpair_00002575,eval,2,"LogP,QED",COc1cc(C(=O)N2CCN(C(=O)c3cc(OC)c(OC)c(OC)c3)C(COC(C)=O)C2)cc(OC)c1OC,COc1cc(C(=O)N2CCN(C(=O)c3cc(OC)c(OC)c(OC)c3)C(COC(=O)CC(C)(C)C)C2)cc(OC)c1OC,,O=C(c1ccccc1)N1CCN(C(=O)c2ccccc2)CC1,,False,False,False,"empty_source_tanimoto_pool,empty_edit_latent_pool",0.0,0.0,,,,,3.684400000000003,,nan,False,0.3521539372279048,,nan,False,,,,,,,,,,,,,,,,
edit_latent_source_first_rerank,mpair_00002578_cond_00_2p,mpair_00002578,eval,2,"LogP,RB",CCN(CC)C(=O)OCC1CN(C(=O)c2cc(OC)c(OC)c(OC)c2)CCN1C(=O)c1cc(OC)c(OC)c(OC)c1,COc1cc(C(=O)N2CCN(C(=O)c3cc(OC)c(OC)c(OC)c3)C(COC(=O)CC(C)(C)C)C2)cc(OC)c1OC,,O=C(c1ccccc1)N1CCN(C(=O)c2ccccc2)CC1,,False,False,False,"empty_source_tanimoto_pool,empty_edit_latent_pool",0.0,0.0,,,,,3.684400000000003,,nan,False,,,,,,,,,,,,,,,,,11.0,,nan,False
edit_latent_source_first_rerank,mpair_00002585_cond_02_2p,mpair_00002585,eval,2,"TPSA,RB",COc1cc(C(=O)N2CCN(C(=O)c3cc(OC)c(OC)c(OC)c3)C(COC(C)=O)C2)cc(OC)c1OC,COc1cc(C(=O)N2CCN(C(=O)c3cc(OC)c(OC)c(OC)c3)CC2)cc(OC)c1OC,,O=C(c1ccccc1)N1CCN(C(=O)c2ccccc2)CC1,,False,False,False,"empty_source_tanimoto_pool,empty_edit_latent_pool",0.0,0.0,,,,,,,,,,,,,96.00000000000001,,nan,False,,,,,,,,,8.0,,nan,False
edit_latent_source_first_rerank,mpair_00002595_cond_02_2p,mpair_00002595,eval,2,"TPSA,HBA",COc1cc(C(=O)N2CCN(C(=O)c3cc(OC)c(OC)c(OC)c3)CC2)cc(OC)c1OC,COc1cc(C(=O)N2CCN(C(=O)c3cc(OC)c(OC)c(OC)c3)C(COC(=O)CC(C)(C)C)C2)cc(OC)c1OC,COc1ccc(-n2ccc(C(=O)c3cc(OC)c(OC)c(OC)c3)c2)cc1,O=C(c1ccccc1)N1CCN(C(=O)c2ccccc2)CC1,O=C(c1ccccc1)c1ccn(-c2ccccc2)c1,False,False,False,,0.41304347826086957,0.27941176470588236,,,,,,,,,,,,,122.30000000000001,58.92,63.38000000000001,False,,,,,10.0,6.0,4.0,False,,,,
edit_latent_source_first_rerank,mpair_00002599_cond_00_2p,mpair_00002599,eval,2,"TPSA,HBA",COc1ccc(C(=O)Nc2c(Cl)cncc2Cl)c2ccc(C(C)=O)nc12,CCc1ccc2c(C(=O)Nc3c(Cl)cncc3Cl)ccc(OC)c2n1,,O=C(Nc1ccncc1)c1cccc2ncccc12,,False,False,False,"empty_source_tanimoto_pool,empty_edit_latent_pool",0.0,0.0,,,,,,,,,,,,,64.11,,nan,False,,,,,4.0,,nan,False,,,,
edit_latent_source_first_rerank,mpair_00002602_cond_00_2p,mpair_00002602,eval,2,"TPSA,HBD",COc1ccc(C(=O)Nc2ccncc2Cl)c2ccc(C(F)(F)F)nc12,COc1ccc(C(=O)Nc2c(Cl)cncc2Cl)c2ccc(C(C)O)nc12,,O=C(Nc1ccncc1)c1cccc2ncccc12,,False,False,False,"empty_source_tanimoto_pool,empty_edit_latent_pool",0.0,0.0,,,,,,,,,,,,,84.34,,nan,False,2.0,,nan,False,,,,,,,,
edit_latent_source_first_rerank,mpair_00002604_cond_01_2p,mpair_00002604,eval,2,"TPSA,HBA",CCc1ccc2c(C(=O)Nc3c(Cl)cncc3Cl)ccc(OC)c2n1,COc1ccc(C(=O)Nc2c(Cl)cncc2Cl)c2ccc(C(C)=O)nc12,COc1ccc(C(=O)Nc2c(Cl)cncc2Cl)cc1OC1CCCC1,O=C(Nc1ccncc1)c1cccc2ncccc12,O=C(Nc1ccncc1)c1cccc(OC2CCCC2)c1,False,False,False,,0.4307692307692308,0.4375,,,,,,,,,,,,,81.17999999999999,60.45,20.72999999999999,False,,,,,5.0,4.0,1.0,True,,,,
edit_latent_source_first_rerank,mpair_00002609_cond_00_2p,mpair_00002609,eval,2,"LogP,QED",COc1ccc(C(=O)Nc2c(Cl)cncc2Cl)c2cccnc12,CCc1ccc2c(C(=O)Nc3c(Cl)cncc3Cl)ccc(OC)c2n1,COc1ccc(C(=O)Nc2c(Cl)cc(C#N)cc2Cl)c2cc(C(C)=O)oc12,O=C(Nc1ccncc1)c1cccc2ncccc12,O=C(Nc1ccccc1)c1cccc2occc12,False,True,False,,0.4090909090909091,0.391304347826087,,,,,4.759900000000003,5.074780000000001,0.3148799999999987,True,0.7131894410136064,0.6140032366122592,0.09918620440134718,True,,,,,,,,,,,,,,,,
edit_latent_source_first_rerank,mpair_00002612_cond_02_2p,mpair_00002612,eval,2,"LogP,RB",CCc1ccc2c(C(=O)Nc3c(Cl)cncc3Cl)ccc(OC)c2n1,COc1ccc(C(=O)Nc2c(F)cncc2F)c2ccc(C(F)(F)F)nc12,,O=C(Nc1ccncc1)c1cccc2ncccc12,,False,False,False,"empty_source_tanimoto_pool,empty_edit_latent_pool",0.0,0.0,,,,,4.187700000000001,,nan,False,,,,,,,,,,,,,,,,,3.0,,nan,False
edit_latent_source_first_rerank,mpair_00002616_cond_02_2p,mpair_00002616,eval,2,"HBA,RB",COc1ccc(C(=O)Nc2c(F)cncc2F)c2ccc(C(F)(F)F)nc12,COc1ccc(C(=O)Nc2c(Cl)cncc2Cl)c2ccc(C(C)=O)nc12,,O=C(Nc1ccncc1)c1cccc2ncccc12,,False,False,False,"empty_source_tanimoto_pool,empty_edit_latent_pool",0.0,0.0,,,,,,,,,,,,,,,,,,,,,5.0,,nan,False,4.0,,nan,False
edit_latent_source_first_rerank,mpair_00002621_cond_01_2p,mpair_00002621,eval,2,"MW,QED",COc1ccc(C(=O)Nc2c(Cl)cncc2Cl)c2cccnc12,COc1ccc(C(=O)Nc2c(F)cncc2F)c2ccc(C(F)(F)F)nc12,COc1ccc(C(=O)Nc2c(Cl)cncc2Cl)c2[nH]c(C3CC3)nc12,O=C(Nc1ccncc1)c1cccc2ncccc12,O=C(Nc1ccncc1)c1cccc2nc(C3CC3)[nH]c12,False,True,False,,0.5409836065573771,0.4057971014492754,383.276,377.23100000000017,6.044999999999845,True,,,,,0.6893032571109005,0.7062592542944063,0.016955997183505822,True,,,,,,,,,,,,,,,,
edit_latent_source_first_rerank,mpair_00002624_cond_00_2p,mpair_00002624,eval,2,"LogP,QED",COc1ccc(C(=O)Nc2ccncc2Cl)c2ccc(C(F)(F)F)nc12,COc1ccc(C(=O)Nc2ccncc2Cl)c2cccnc12,COc1ccc(C(=O)Nc2c(Cl)cncc2Cl)c2cc(C(=O)c3ccncc3)oc12,O=C(Nc1ccncc1)c1cccc2ncccc12,O=C(c1ccncc1)c1cc2c(C(=O)Nc3ccncc3)cccc2o1,False,False,False,,0.410958904109589,0.4411764705882353,,,,,3.544100000000002,5.021500000000002,1.4774000000000003,False,0.8029165077767629,0.4364055111594088,0.36651099661735415,False,,,,,,,,,,,,,,,,
edit_latent_source_first_rerank,mpair_00002628_cond_02_2p,mpair_00002628,eval,2,"LogP,QED",CC(C)[C@@H](O)C(=O)N1C[C@H](c2ccccc2)C[C@H]1C(=O)N[C@@H](CC(F)F)C(=O)NCCc1c(F)cc(C(=O)O)cc1F,CC(C)CC(=O)N1C[C@H](c2ccccc2)C[C@H]1C(=O)N[C@@H](CC(F)F)C(=O)NCCc1c(F)cc(C(=O)O)cc1F,,O=C(CNC(=O)[C@@H]1C[C@@H](c2ccccc2)CN1)NCCc1ccccc1,,False,False,False,"empty_source_tanimoto_pool,empty_edit_latent_pool",0.0,0.0,,,,,3.892500000000002,,nan,False,0.3302613314122171,,nan,False,,,,,,,,,,,,,,,,
edit_latent_source_first_rerank,mpair_00003109_cond_00_2p,mpair_00003109,eval,2,"LogP,QED",CN1CCC[C@H]1COc1cccnn1,CN1CCC[C@H]1COc1ccc(Cl)nn1,CN1CCC[C@H]1COc1ccccn1,c1cnnc(OC[C@@H]2CCCN2)c1,c1ccc(OC[C@@H]2CCCN2)nc1,False,True,False,,0.725,0.5909090909090909,,,,,1.6029999999999998,1.5545999999999998,0.0484,True,0.7864914737289573,0.7262966235728063,0.060194850156151,True,,,,,,,,,,,,,,,,
edit_latent_source_first_rerank,mpair_00003110_cond_02_2p,mpair_00003110,eval,2,"QED,RB",CCCCc1nnc2nc(C)c(C)c(=O)n2n1,Cc1nc2nnc(C(C)(C)C)nn2c(=O)c1C,,O=c1ccnc2nncnn12,,False,False,False,"empty_source_tanimoto_pool,empty_edit_latent_pool",0.0,0.0,,,,,,,,,0.6723856505150625,,nan,False,,,,,,,,,,,,,0.0,,nan,False
edit_latent_source_first_rerank,mpair_00003112_cond_01_2p,mpair_00003112,eval,2,"LogP,QED",Cc1nc2nnc(C(C)(C)C)nn2c(=O)c1C,Cc1nc2nncnn2c(=O)c1C,,O=c1ccnc2nncnn12,,False,False,False,"empty_source_tanimoto_pool,empty_edit_latent_pool",0.0,0.0,,,,,-0.5036600000000002,,nan,False,0.541825521381232,,nan,False,,,,,,,,,,,,,,,,
edit_latent_source_first_rerank,mpair_00003201_cond_01_2p,mpair_00003201,eval,2,"HBD,HBA",O=C(O)c1ccc(NCCCCCCc2cccs2)cc1,CCOC(=O)c1ccc(NCCCCCCc2cccs2)cc1,CCCCCCCCc1ccc(CCCNc2ccc(C(=O)OCC)cc2)s1,c1ccc(NCCCCCCc2cccs2)cc1,c1ccc(NCCCc2cccs2)cc1,False,True,False,,0.43636363636363634,0.6666666666666666,,,,,,,,,,,,,,,,,1.0,1.0,0.0,True,4.0,4.0,0.0,True,,,,
edit_latent_source_first_rerank,mpair_00003203_cond_01_2p,mpair_00003203,eval,2,"TPSA,HBA",N#Cc1cnn(C(=O)OCc2ccc(-c3ccccc3)cc2)c1,Cc1cnn(C(=O)OCc2ccc(-c3ccccc3)cc2)c1,Cc1cnn(C(=O)NCc2ccc(-c3ccccc3)cc2)c1,O=C(OCc1ccc(-c2ccccc2)cc1)n1cccn1,O=C(NCc1ccc(-c2ccccc2)cc1)n1cccn1,False,True,False,,0.4107142857142857,0.6170212765957447,,,,,,,,,,,,,44.120000000000005,46.92,2.799999999999997,True,,,,,4.0,3.0,1.0,True,,,,
edit_latent_source_first_rerank,mpair_00003205_cond_00_2p,mpair_00003205,eval,2,"TPSA,HBA",N#Cc1cnn(C(=O)OCc2ccc(-c3ccccc3)cc2)c1,O=C(OCc1ccc(-c2ccccc2)cc1)n1cccn1,,O=C(OCc1ccc(-c2ccccc2)cc1)n1cccn1,,False,False,False,"empty_source_tanimoto_pool,empty_edit_latent_pool",0.0,0.0,,,,,,,,,,,,,44.120000000000005,,nan,False,,,,,4.0,,nan,False,,,,
edit_latent_source_first_rerank,mpair_00003208_cond_01_2p,mpair_00003208,eval,2,"QED,TPSA",NC(=O)N/N=C\c1ccccc1OCc1ccc2no[n+]([O-])c2c1,NC(=S)N/N=C/c1cccc(OCc2ccc3no[n+]([O-])c3c2)c1,,c1ccc(OCc2ccc3no[nH+]c3c2)cc1,,False,False,False,"empty_source_tanimoto_pool,empty_edit_latent_pool",0.0,0.0,,,,,,,,,0.30972390933844063,,nan,False,112.61,,nan,False,,,,,,,,,,,,
edit_latent_source_first_rerank,mpair_00003211_cond_01_2p,mpair_00003211,eval,2,"MW,LogP",CC[C@H]1OC(=O)[C@H](C)[C@@H](OC(C)=O)[C@H](C)[C@@H](OC2O[C@H](C)C[C@H](N(C)C)C2O)[C@@](C)(OC)C[C@@H](C)C(=O)[C@H](C)[C@@H](O)[C@]1(C)O,CC[C@H]1OC(=O)[C@H](C)[C@@H](O)[C@H](C)[C@@H](OC2O[C@H](C)C[C@H](N(C)C)C2O)[C@@](C)(OC)C[C@@H](C)C(=O)[C@H](C)[C@@H](O)[C@]1(C)O,,O=C1CCCCOC(=O)CCC[C@@H](OC2CCCCO2)CCC1,,False,False,False,"empty_source_tanimoto_pool,empty_edit_latent_pool",0.0,0.0,589.7670000000004,,nan,False,1.5145000000000022,,nan,False,,,,,,,,,,,,,,,,,,,,
edit_latent_source_first_rerank,mpair_00003215_cond_00_2p,mpair_00003215,eval,2,"MW,TPSA",COC(=O)c1ccc2c(Nc3ccc(Cl)cc3)nc(N3CCOCC3)nc2c1,Clc1ccc(Nc2nc(N3CCOCC3)nc3ccccc23)cc1,,c1ccc(Nc2nc(N3CCOCC3)nc3ccccc23)cc1,,False,False,False,"empty_source_tanimoto_pool,empty_edit_latent_pool",0.0,0.0,340.81399999999996,,nan,False,,,,,,,,,50.28,,nan,False,,,,,,,,,,,,
edit_latent_source_first_rerank,mpair_00003223_cond_00_2p,mpair_00003223,eval,2,"MW,QED",COc1ccc(S(=O)(=O)N(Cc2cccnc2)c2c(C)cc(Br)cc2C(=O)NO)cc1,COc1ccc(S(=O)(=O)N(Cc2cccnc2)c2c(C)cccc2C(=O)NO)cc1,CC[C@@H](C(=O)NO)N(CC(C)C)S(=O)(=O)c1ccc(OC)cc1,O=S(=O)(c1ccccc1)N(Cc1cccnc1)c1ccccc1,c1ccccc1,False,False,False,,0.4,0.4057971014492754,427.48200000000014,344.43300000000005,83.04900000000009,False,,,,,0.44330794633881315,0.5518161190340428,0.10850817269522967,False,,,,,,,,,,,,,,,,
edit_latent_source_first_rerank,mpair_00003225_cond_00_2p,mpair_00003225,eval,2,"QED,RB",COCCCN(/C(S)=C1/C(=O)c2cc(Cl)ccc2N(C)C1=O)c1ccccc1,COc1cccc(N(C)/C(S)=C2/C(=O)c3cc(Cl)ccc3N(C)C2=O)c1,,O=C1Nc2ccccc2C(=O)/C1=C/Nc1ccccc1,,False,False,False,"empty_source_tanimoto_pool,empty_edit_latent_pool",0.0,0.0,,,,,,,,,0.4935411914533051,,nan,False,,,,,,,,,,,,,3.0,,nan,False
edit_latent_source_first_rerank,mpair_00003226_cond_02_2p,mpair_00003226,eval,2,"QED,RB",COc1cccc(N(C)/C(S)=C2/C(=O)c3cc(Cl)ccc3N(C)C2=O)c1,COCCCN(/C(S)=C1/C(=O)c2cc(Cl)ccc2N(C)C1=O)c1ccccc1,CN1C(=O)/C(=C(/S)N(C)c2cccc(C(F)(F)F)c2)C(=O)c2cc(Cl)ccc21,O=C1Nc2ccccc2C(=O)/C1=C/Nc1ccccc1,O=C1Nc2ccccc2C(=O)C1=CNc1ccccc1,False,False,False,,0.711864406779661,0.5294117647058824,,,,,,,,,0.3319041471572704,0.4259841445447436,0.09407999738747319,True,,,,,,,,,,,,,6.0,2.0,4.0,False
edit_latent_source_first_rerank,mpair_00003229_cond_01_2p,mpair_00003229,eval,2,"HBD,HBA",CCCCc1nn(-c2ccccn2)c(C(=O)OCC)c1Cc1ccc(-c2ccccc2-c2nn[nH]n2)cc1,CCCCc1nn(-c2ccccn2)c(C(=O)O)c1Cc1ccc(-c2ccccc2-c2nn[nH]n2)cc1,CCCCCc1ncc(C(=O)O)c(NCc2ccc(-c3ccccc3-c3nn[nH]n3)cc2)n1,c1ccc(-n2cc(Cc3ccc(-c4ccccc4-c4nn[nH]n4)cc3)cn2)nc1,c1ccc(-c2nn[nH]n2)c(-c2ccc(CNc3ccncn3)cc2)c1,False,True,False,,0.42528735632183906,0.47560975609756095,,,,,,,,,,,,,,,,,2.0,3.0,1.0,True,7.0,7.0,0.0,True,,,,
edit_latent_source_first_rerank,mpair_00003534_cond_00_2p,mpair_00003534,eval,2,"QED,RB",O=S(=O)(CC(F)(F)F)N(Cc1cccnc1)c1cccc(OC(F)(F)F)c1,CC(C)Oc1cccc(N(Cc2cccnc2)S(=O)(=O)CC(F)(F)F)c1,,c1ccc(NCc2cccnc2)cc1,,False,False,False,"empty_source_tanimoto_pool,empty_edit_latent_pool",0.0,0.0,,,,,,,,,0.7245796953652621,,nan,False,,,,,,,,,,,,,7.0,,nan,False
edit_latent_source_first_rerank,mpair_00003537_cond_00_2p,mpair_00003537,eval,2,"MW,QED",CC(C)COc1cccc(N(Cc2cccnc2)S(=O)(=O)CC(F)(F)F)c1,CCOC(=O)C(C)Oc1cccc(N(Cc2cccnc2)S(=O)(=O)CC(F)(F)F)c1,,c1ccc(NCc2cccnc2)cc1,,False,False,False,"empty_source_tanimoto_pool,empty_edit_latent_pool",0.0,0.0,446.4470000000001,,nan,False,,,,,0.5496815697636838,,nan,False,,,,,,,,,,,,,,,,
edit_latent_source_first_rerank,mpair_00003541_cond_02_2p,mpair_00003541,eval,2,"LogP,QED",CC(C)Oc1cccc(N(Cc2cccnc2)S(=O)(=O)CC(F)(F)F)c1,CCC(C)COc1cccc(N(Cc2cccnc2)S(=O)(=O)CC(F)(F)F)c1,CCS(=O)(=O)N(Cc1cccnc1)c1ccc(C(=O)c2ccccc2)cc1,c1ccc(NCc2cccnc2)cc1,O=C(c1ccccc1)c1ccc(NCc2cccnc2)cc1,False,True,False,,0.4444444444444444,0.4117647058823529,,,,,4.405200000000004,3.6689000000000034,0.7363000000000008,True,0.6078002459089881,0.5867068215408195,0.021093424368168523,True,,,,,,,,,,,,,,,,
edit_latent_source_first_rerank,mpair_00003543_cond_01_2p,mpair_00003543,eval,2,"QED,RB",CC(C)Oc1cccc(N(Cc2cccnc2)S(=O)(=O)CC(F)(F)F)c1,COc1cccc(N(Cc2cccnc2)S(=O)(=O)CC(F)(F)F)c1,,c1ccc(NCc2cccnc2)cc1,,False,False,False,"empty_source_tanimoto_pool,empty_edit_latent_pool",0.0,0.0,,,,,,,,,0.7946521442277092,,nan,False,,,,,,,,,,,,,6.0,,nan,False
edit_latent_source_first_rerank,mpair_00003546_cond_00_2p,mpair_00003546,eval,2,"MW,RB",COc1cccc(N(Cc2cccnc2)S(=O)(=O)CC(F)(F)F)c1,CCCC(C)Oc1cccc(N(Cc2cccnc2)S(=O)(=O)CC(F)(F)F)c1,CCS(=O)(=O)N(Cc1cccnc1)c1ccc(C(=O)c2ccccc2)cc1,c1ccc(NCc2cccnc2)cc1,O=C(c1ccccc1)c1ccc(NCc2cccnc2)cc1,False,False,False,,0.43548387096774194,0.45454545454545453,416.4650000000001,380.4690000000001,35.99599999999998,False,,,,,,,,,,,,,,,,,,,,,9.0,7.0,2.0,False
edit_latent_source_first_rerank,mpair_00003548_cond_00_2p,mpair_00003548,eval,2,"QED,RB",CCOC(=O)C(C)Oc1cccc(N(Cc2cccnc2)S(=O)(=O)CC(F)(F)F)c1,O=S(=O)(CC(F)(F)F)N(Cc1cccnc1)c1cccc(OC(F)(F)F)c1,CCS(=O)(=O)N(Cc1cccnc1)c1cccc(C(O)c2ccccc2)c1,c1ccc(NCc2cccnc2)cc1,c1ccc(Cc2cccc(NCc3cccnc3)c2)cc1,False,True,False,,0.5,0.47619047619047616,,,,,,,,,0.6736163493728189,0.6787037886470156,0.005087439274196748,True,,,,,,,,,,,,,6.0,7.0,1.0,True
edit_latent_source_first_rerank,mpair_00003554_cond_02_2p,mpair_00003554,eval,2,"LogP,QED",O=S(=O)(CC(F)(F)F)N(Cc1cccnc1)c1cccc(OC(F)(F)F)c1,CCC(C)COc1cccc(N(Cc2cccnc2)S(=O)(=O)CC(F)(F)F)c1,,c1ccc(NCc2cccnc2)cc1,,False,False,False,"empty_source_tanimoto_pool,empty_edit_latent_pool",0.0,0.0,,,,,4.405200000000004,,nan,False,0.6078002459089881,,nan,False,,,,,,,,,,,,,,,,
edit_latent_source_first_rerank,mpair_00003558_cond_00_2p,mpair_00003558,eval,2,"QED,RB",CC(C)COc1cccc(N(Cc2cccnc2)S(=O)(=O)CC(F)(F)F)c1,CC(C)Oc1cccc(N(Cc2cccnc2)S(=O)(=O)CC(F)(F)F)c1,COc1ccccc1Oc1ccc(N(Cc2cccnc2)S(=O)(=O)CC(F)(F)F)cc1,c1ccc(NCc2cccnc2)cc1,c1ccc(Oc2ccc(NCc3cccnc3)cc2)cc1,False,False,False,,0.5692307692307692,0.5873015873015873,,,,,,,,,0.7245796953652621,0.4920611516343995,0.23251854373086261,False,,,,,,,,,,,,,7.0,8.0,1.0,True
edit_latent_source_first_rerank,mpair_00003561_cond_01_2p,mpair_00003561,eval,2,"QED,HBA",CCOC(=O)C(C)Oc1cccc(N(Cc2cccnc2)S(=O)(=O)CC(F)(F)F)c1,COc1cccc(N(Cc2cccnc2)S(=O)(=O)CC(F)(F)F)c1,CCS(=O)(=O)N(Cc1cccnc1)c1cccc(C(O)c2ccccc2)c1,c1ccc(NCc2cccnc2)cc1,c1ccc(Cc2cccc(NCc3cccnc3)c2)cc1,False,False,False,,0.5,0.5,,,,,,,,,0.7946521442277092,0.6787037886470156,0.11594835558069361,False,,,,,,,,,4.0,4.0,0.0,True,,,,
edit_latent_source_first_rerank,mpair_00003563_cond_02_2p,mpair_00003563,eval,2,"LogP,RB",COc1cccc(N(Cc2cccnc2)S(=O)(=O)CC(F)(F)F)c1,CC(C)Oc1cccc(N(Cc2cccnc2)S(=O)(=O)CC(F)(F)F)c1,,c1ccc(NCc2cccnc2)cc1,,False,False,False,"empty_source_tanimoto_pool,empty_edit_latent_pool",0.0,0.0,,,,,3.7675000000000027,,nan,False,,,,,,,,,,,,,,,,,7.0,,nan,False
edit_latent_source_first_rerank,mpair_00003566_cond_00_2p,mpair_00003566,eval,2,"LogP,QED",CCC(C)COc1cccc(N(Cc2cccnc2)S(=O)(=O)CC(F)(F)F)c1,O=S(=O)(CC(F)(F)F)N(Cc1cccnc1)c1cccc(OC(F)(F)F)c1,,c1ccc(NCc2cccnc2)cc1,,False,False,False,"empty_source_tanimoto_pool,empty_edit_latent_pool",0.0,0.0,,,,,3.8789000000000025,,nan,False,0.6736163493728189,,nan,False,,,,,,,,,,,,,,,,
edit_latent_source_first_rerank,mpair_00003568_cond_00_2p,mpair_00003568,eval,2,"MW,RB",CCCCCc1nnc([S+]([O-])Cc2ncc(C)c(OC)c2C)o1,COc1c(C)cnc(C[S+]([O-])c2nnc(C)o2)c1C,COc1c(C)cnc(C[S+]([O-])c2nnc(-c3cccn3C)o2)c1C,c1ccc(C[SH+]c2nnco2)nc1,c1ccc(C[SH+]c2nnc(-c3ccc[nH]3)o2)nc1,False,False,False,,0.5555555555555556,0.6363636363636364,281.337,346.4120000000001,65.0750000000001,False,,,,,,,,,,,,,,,,,,,,,4.0,5.0,1.0,True
edit_latent_source_first_rerank,mpair_00003570_cond_00_2p,mpair_00003570,eval,2,"QED,RB",CCCc1nnc([S+]([O-])Cc2ncc(C)c(OC)c2C)o1,CCCCCc1nnc([S+]([O-])Cc2ncc(C)c(OC)c2C)o1,,c1ccc(C[SH+]c2nnco2)nc1,,False,False,False,"empty_source_tanimoto_pool,empty_edit_latent_pool",0.0,0.0,,,,,,,,,0.5433471711908145,,nan,False,,,,,,,,,,,,,8.0,,nan,False
edit_latent_source_first_rerank,mpair_00003573_cond_00_2p,mpair_00003573,eval,2,"LogP,RB",COc1c(C)cnc(C[S+]([O-])c2nnc(C)o2)c1C,CCCc1nnc([S+]([O-])Cc2ncc(C)c(OC)c2C)o1,COc1c(C)cnc(C[S+]([O-])c2nc3cc(OC(F)F)ccc3[nH]2)c1C,c1ccc(C[SH+]c2nnco2)nc1,c1ccc(C[SH+]c2nc3ccccc3[nH]2)nc1,False,False,False,,0.4307692307692308,0.4,,,,,2.35034,3.4925400000000018,1.1422000000000017,False,,,,,,,,,,,,,,,,,6.0,6.0,0.0,True
edit_latent_source_first_rerank,mpair_00003579_cond_01_2p,mpair_00003579,eval,2,"LogP,RB",CCCCCc1nnc([S+]([O-])Cc2ncc(C)c(OC)c2C)o1,CCc1nnc([S+]([O-])Cc2ncc(C)c(OC)c2C)o1,COc1c(C)cnc(C[S+]([O-])c2nnc(-c3ccc(C(F)(F)F)cc3)o2)c1C,c1ccc(C[SH+]c2nnco2)nc1,c1ccc(-c2nnc([SH+]Cc3ccccn3)o2)cc1,False,False,False,,0.5555555555555556,0.603448275862069,,,,,1.96024,4.083640000000003,2.123400000000003,False,,,,,,,,,,,,,,,,,5.0,5.0,0.0,True
edit_latent_source_first_rerank,mpair_00003586_cond_02_2p,mpair_00003586,eval,2,"MW,QED",CCc1nnc([S+]([O-])Cc2ncc(C)c(OC)c2C)o1,CCCCCc1nnc([S+]([O-])Cc2ncc(C)c(OC)c2C)o1,,c1ccc(C[SH+]c2nnco2)nc1,,False,False,False,"empty_source_tanimoto_pool,empty_edit_latent_pool",0.0,0.0,337.4450000000001,,nan,False,,,,,0.5433471711908145,,nan,False,,,,,,,,,,,,,,,,
edit_latent_source_first_rerank,mpair_00003595_cond_01_2p,mpair_00003595,eval,2,"LogP,RB",O=C(O)CC/C(=C/c1cccc(OCc2ccccc2)c1)c1ccccc1,O=C(O)/C(=C/c1cccc(OCc2ccccc2)c1)c1ccccc1,CCCCCC(=O)c1cccc(OCc2ccccc2)c1,C(=Cc1cccc(OCc2ccccc2)c1)c1ccccc1,c1ccc(COc2ccccc2)cc1,False,False,False,,0.5,0.5,,,,,4.890800000000003,5.028600000000004,0.13780000000000125,True,,,,,,,,,,,,,,,,,6.0,8.0,2.0,False
edit_latent_source_first_rerank,mpair_00003600_cond_00_2p,mpair_00003600,eval,2,"LogP,RB",CCN1C(=O)CC(c2noc3ccccc23)C1=O,CCCCN1C(=O)CC(c2noc3ccccc23)C1=O,,O=C1CC(c2noc3ccccc23)C(=O)N1,,False,False,False,"empty_source_tanimoto_pool,empty_edit_latent_pool",0.0,0.0,,,,,2.4704000000000006,,nan,False,,,,,,,,,,,,,,,,,4.0,,nan,False
edit_latent_source_first_rerank,mpair_00003601_cond_02_2p,mpair_00003601,eval,2,"LogP,RB",CCCCN1C(=O)CC(c2noc3ccccc23)C1=O,CCN1C(=O)CC(c2noc3ccccc23)C1=O,,O=C1CC(c2noc3ccccc23)C(=O)N1,,False,False,False,"empty_source_tanimoto_pool,empty_edit_latent_pool",0.0,0.0,,,,,1.6902,,nan,False,,,,,,,,,,,,,,,,,2.0,,nan,False
edit_latent_source_first_rerank,mpair_00003814_cond_00_2p,mpair_00003814,eval,2,"QED,RB",COc1ccc(C2=NN(C3CCCCCC3)C(=O)C3CC=CCC23)cc1OCCCCC(=O)O,COc1ccc(C2=NN(C3CCCCCC3)C(=O)C3CC=CCC23)cc1OCC(=O)O,COC(=O)c1ccc(CN2N=C(c3ccc(OC)c(OC)c3)C3CCCCC3C2=O)cc1,O=C1C2CC=CCC2C(c2ccccc2)=NN1C1CCCCCC1,O=C1C2CCCCC2C(c2ccccc2)=NN1Cc1ccccc1,False,True,False,,0.4177215189873418,0.44,,,,,,,,,0.5484541992566154,0.6388842735064506,0.09043007424983518,True,,,,,,,,,,,,,6.0,6.0,0.0,True
edit_latent_source_first_rerank,mpair_00003819_cond_00_2p,mpair_00003819,eval,2,"TPSA,HBD",COc1ccc(C2=NN(C3CCCCCC3)C(=O)C3CC=CCC23)cc1OCCCCC(=O)O,COc1ccc(C2=NN(C3CCCCCC3)C(=O)C3CC=CCC23)cc1OCCCCN(C)C,COc1ccc(C2=NN(c3ccccc3)C(=O)C3CC=CCC23)cc1OC1CCCC1,O=C1C2CC=CCC2C(c2ccccc2)=NN1C1CCCCCC1,O=C1C2CC=CCC2C(c2cccc(OC3CCCC3)c2)=NN1c1ccccc1,False,True,False,,0.5,0.4864864864864865,,,,,,,,,,,,,54.37,51.129999999999995,3.240000000000002,True,0.0,0.0,0.0,True,,,,,,,,
edit_latent_source_first_rerank,mpair_00003820_cond_02_2p,mpair_00003820,eval,2,"HBA,RB",COc1ccc(C2=NN(C3CCCCCC3)C(=O)C3CC=CCC23)cc1Cl,COc1ccc(C2=NN(C3CCCCCC3)C(=O)C3CC=CCC23)cc1OCCCCN(C)C,COc1ccc(C2=NN(Cc3ccc(C(=O)O)cc3)C(=O)C3CCCCC23)cc1OC,O=C1C2CC=CCC2C(c2ccccc2)=NN1C1CCCCCC1,O=C1C2CCCCC2C(c2ccccc2)=NN1Cc1ccccc1,False,False,False,,0.4084507042253521,0.3924050632911392,,,,,,,,,,,,,,,,,,,,,5.0,5.0,0.0,True,9.0,6.0,3.0,False
edit_latent_source_first_rerank,mpair_00003824_cond_01_2p,mpair_00003824,eval,2,"LogP,RB",CSc1ccc(Cn2ccc3c4c(N)nc(N)nc4ccc32)cc1,CC(C)(C)c1ccc(Cn2ccc3c4c(N)nc(N)nc4ccc32)cc1,,c1ccc(Cn2ccc3c4cncnc4ccc32)cc1,,False,False,False,"empty_source_tanimoto_pool,empty_edit_latent_pool",0.0,0.0,,,,,4.094700000000002,,nan,False,,,,,,,,,,,,,,,,,2.0,,nan,False
edit_latent_source_first_rerank,mpair_00003830_cond_01_2p,mpair_00003830,eval,2,"MW,RB",CCc1ccc(Cn2ccc3c4c(N)nc(N)nc4ccc32)cc1,CC(C)c1ccc(Cn2ccc3c4c(N(C)C)nc(N(C)C)nc4ccc32)cc1,Nc1nc(N)c2c(Cl)c(Cl)ccc2n1,c1ccc(Cn2ccc3c4cncnc4ccc32)cc1,c1ccc2ncncc2c1,False,False,False,,0.41304347826086957,0.2033898305084746,387.5310000000001,229.07000000000002,158.4610000000001,False,,,,,,,,,,,,,,,,,,,,,5.0,0.0,5.0,False
edit_latent_source_first_rerank,mpair_00003836_cond_01_2p,mpair_00003836,eval,2,"TPSA,HBA",Nc1cc(Cl)nc(SCc2ccc3ccccc3c2)n1,Clc1ccnc(SCc2ccc3ccccc3c2)n1,Nc1cc(Cl)nc(SCc2ccc(-c3ccccc3)cc2)n1,c1cnc(SCc2ccc3ccccc3c2)nc1,c1ccc(-c2ccc(CSc3ncccn3)cc2)cc1,False,False,False,,0.7073170731707317,0.4375,,,,,,,,,,,,,25.78,51.8,26.019999999999996,False,,,,,3.0,4.0,1.0,True,,,,
edit_latent_source_first_rerank,mpair_00003839_cond_02_2p,mpair_00003839,eval,2,"HBD,HBA",Clc1ccnc(SCc2ccc3ccccc3c2)n1,Nc1cc(Cl)nc(SCc2ccc3ccccc3c2)n1,,c1cnc(SCc2ccc3ccccc3c2)nc1,,False,False,False,"empty_source_tanimoto_pool,empty_edit_latent_pool",0.0,0.0,,,,,,,,,,,,,,,,,1.0,,nan,False,4.0,,nan,False,,,,
edit_latent_source_first_rerank,mpair_00004151_cond_01_2p,mpair_00004151,eval,2,"HBA,RB",c1ccc(CCCN2CCN(c3ccccc3)CC2)cc1,COc1ccccc1N1CCN(CCCc2ccccc2)CC1,COc1ccccc1N1CCN(CCCCc2ccc(F)cc2)CC1,c1ccc(CCCN2CCN(c3ccccc3)CC2)cc1,c1ccc(CCCCN2CCN(c3ccccc3)CC2)cc1,False,True,False,,0.44680851063829785,0.7674418604651163,,,,,,,,,,,,,,,,,,,,,3.0,3.0,0.0,True,6.0,7.0,1.0,True
edit_latent_source_first_rerank,mpair_00004169_cond_01_2p,mpair_00004169,eval,2,"HBA,RB",COc1ccccc1N1CCN(CCCc2ccccc2)CC1,c1ccc(CCCN2CCN(c3ccccc3)CC2)cc1,Clc1cccc(N2CCN(CCc3ccccc3)CC2)c1,c1ccc(CCCN2CCN(c3ccccc3)CC2)cc1,c1ccc(CCN2CCN(c3ccccc3)CC2)cc1,False,True,False,,0.4,0.5897435897435898,,,,,,,,,,,,,,,,,,,,,2.0,2.0,0.0,True,5.0,4.0,1.0,True
edit_latent_source_first_rerank,mpair_00004176_cond_00_2p,mpair_00004176,eval,2,"TPSA,HBD",Oc1nc2nc3ccnc(-c4ccccc4)c3cc2s1,O=[N+]([O-])c1cc(-c2nccc3nc4nc(O)sc4cc23)ccc1O,Oc1nc2ncc(-c3ccncc3)cc2s1,c1ccc(-c2nccc3nc4ncsc4cc23)cc1,c1cc(-c2cnc3ncsc3c2)ccn1,False,False,False,,0.425531914893617,0.3448275862068966,,,,,,,,,,,,,122.27000000000001,58.900000000000006,63.370000000000005,False,2.0,1.0,1.0,True,,,,,,,,
edit_latent_source_first_rerank,mpair_00004326_cond_02_2p,mpair_00004326,eval,2,"TPSA,HBA",NS(=O)(=O)c1ccc(NC(=O)c2cc3ccccc3oc2=O)cc1,O=C(Nc1ccc(Br)cc1)c1c(O)c2ccccc2oc1=O,O=C(O)CCCCCCCNC(=O)c1cc2ccccc2oc1=O,O=C(Nc1ccccc1)c1cc2ccccc2oc1=O,O=c1ccc2ccccc2o1,False,True,False,,0.4642857142857143,0.27419354838709675,,,,,,,,,,,,,79.53999999999999,96.61000000000001,17.07000000000002,True,,,,,4.0,4.0,0.0,True,,,,
edit_latent_source_first_rerank,mpair_00004330_cond_01_2p,mpair_00004330,eval,2,"QED,RB",CCCCC1=CC2Cc3nc4ccccc4c(N)c3C(C1)C2,CC1=CC2Cc3nc4cc(C)ccc4c(N)c3C(C1)C2,CC1=C[C@@H]2Cc3nc4cc(F)ccc4c(N)c3[C@H](C1)C2,C1=CC2Cc3nc4ccccc4cc3C(C1)C2,C1=C[C@@H]2Cc3nc4ccccc4cc3[C@H](C1)C2,False,True,False,,0.48333333333333334,0.7872340425531915,,,,,,,,,0.7268324945600372,0.7346314661405667,0.007798971580529557,True,,,,,,,,,,,,,0.0,0.0,0.0,True
edit_latent_source_first_rerank,mpair_00004334_cond_01_2p,mpair_00004334,eval,2,"LogP,RB",CC1=CC2Cc3nc4cccc(F)c4c(N)c3C(C1)C2,CCCCC1=CC2Cc3nc4ccccc4c(N)c3C(C1)C2,,C1=CC2Cc3nc4ccccc4cc3C(C1)C2,,False,False,False,"empty_source_tanimoto_pool,empty_edit_latent_pool",0.0,0.0,,,,,4.983300000000003,,nan,False,,,,,,,,,,,,,,,,,3.0,,nan,False
edit_latent_source_first_rerank,mpair_00004336_cond_02_2p,mpair_00004336,eval,2,"QED,RB",CC1=CC2Cc3nc4cc(C)ccc4c(N)c3C(C1)C2,CCCC1=CC2Cc3nc4ccccc4c(N)c3C(C1)C2,,C1=CC2Cc3nc4ccccc4cc3C(C1)C2,,False,False,False,"empty_source_tanimoto_pool,empty_edit_latent_pool",0.0,0.0,,,,,,,,,0.8157359273844266,,nan,False,,,,,,,,,,,,,2.0,,nan,False
edit_latent_source_first_rerank,mpair_00004339_cond_02_2p,mpair_00004339,eval,2,"LogP,RB",CC1=CC2Cc3nc4cc(C)ccc4c(N)c3C(C1)C2,CCCCC1=CC2Cc3nc4ccccc4c(N)c3C(C1)C2,,C1=CC2Cc3nc4ccccc4cc3C(C1)C2,,False,False,False,"empty_source_tanimoto_pool,empty_edit_latent_pool",0.0,0.0,,,,,4.983300000000003,,nan,False,,,,,,,,,,,,,,,,,3.0,,nan,False
edit_latent_source_first_rerank,mpair_00004346_cond_01_2p,mpair_00004346,eval,2,"LogP,TPSA",COc1cc(C(C)=O)ccc1OCCCN1CCC(CC(O)(c2ccc(F)cc2)c2ccc(F)cc2)CC1,COc1cc(C(C)=O)ccc1OCCCN1CCC(CC(c2ccc(F)cc2)c2ccc(F)cc2)CC1,C=C(C)c1ccc(OCCCN2CCC(c3noc4cc(F)ccc34)CC2)c(OC)c1,c1ccc(OCCCN2CCC(CC(c3ccccc3)c3ccccc3)CC2)cc1,c1ccc(OCCCN2CCC(c3noc4ccccc34)CC2)cc1,False,False,False,,0.4810126582278481,0.48717948717948717,,,,,6.879100000000007,5.657100000000006,1.2220000000000013,False,,,,,38.77,47.730000000000004,8.96,True,,,,,,,,,,,,
edit_latent_source_first_rerank,mpair_00004349_cond_01_2p,mpair_00004349,eval,2,"QED,HBA",COC(=O)[C@H](Cc1ccccc1)NC(=O)CSC1=C(C)C(=O)c2cccc(OC)c2C1=O,COC(=O)[C@H](Cc1ccccc1)NC(=O)CSC1=C(C)C(=O)c2ccccc2C1=O,CCOC(=O)[C@H](Cc1ccc(O)cc1)NC(=O)Cc1ccccc1,O=C(CSC1=CC(=O)c2ccccc2C1=O)NCCc1ccccc1,O=C(Cc1ccccc1)NCCc1ccccc1,False,False,False,,0.4,0.45614035087719296,,,,,,,,,0.6889794254792466,0.764767119327702,0.0757876938484554,True,,,,,,,,,6.0,4.0,2.0,False,,,,
edit_latent_source_first_rerank,mpair_00004352_cond_02_2p,mpair_00004352,eval,2,"QED,HBA",COC(=O)[C@H](Cc1ccccc1)NC(=O)CSC1=C(C)C(=O)c2ccccc2C1=O,COC(=O)[C@H](Cc1ccccc1)NC(=O)CSC1=C(OC)C(=O)c2ccccc2C1=O,COC(=O)[C@H](Cc1ccccc1)NC(=O)[C@H](CS)NC(=O)C(F)(F)F,O=C(CSC1=CC(=O)c2ccccc2C1=O)NCCc1ccccc1,c1ccccc1,False,False,False,,0.43333333333333335,0.4262295081967213,,,,,,,,,0.6313340514980256,0.4855348477678767,0.14579920373014887,False,,,,,,,,,7.0,5.0,2.0,False,,,,
edit_latent_source_first_rerank,mpair_00004357_cond_02_2p,mpair_00004357,eval,2,"TPSA,HBD",Cc1ccc(O)c(NCCCN2CCC(C(O)(c3ccccc3)c3ccc(Cl)cc3)CC2)c1,OC(c1ccc(F)cc1)(c1ccc(F)cc1)C1CCN(CCCNc2ccccc2)CC1,Cc1ccc(OCCCN2CCC(C(O)(c3ccc(F)cc3)c3ccc(F)cc3)CC2)cc1,c1ccc(NCCCN2CCC(C(c3ccccc3)c3ccccc3)CC2)cc1,c1ccc(OCCCN2CCC(C(c3ccccc3)c3ccccc3)CC2)cc1,False,True,False,,0.4411764705882353,0.5636363636363636,,,,,,,,,,,,,35.5,32.7,2.799999999999997,True,2.0,1.0,1.0,True,,,,,,,,
edit_latent_source_first_rerank,mpair_00004359_cond_02_2p,mpair_00004359,eval,2,"QED,HBD",Cc1ccc(O)c(NCCCN2CCC(C(O)(c3ccccc3)c3ccccc3)CC2)c1,CN(CCCN1CCC(C(O)(c2ccc(F)cc2)c2ccc(F)cc2)CC1)c1ccccc1,OC(c1ccc(F)cc1)(c1ccc(F)cc1)C1CCN(CCCOc2ccccc2)CC1,c1ccc(NCCCN2CCC(C(c3ccccc3)c3ccccc3)CC2)cc1,c1ccc(OCCCN2CCC(C(c3ccccc3)c3ccccc3)CC2)cc1,False,True,False,,0.45161290322580644,0.6538461538461539,,,,,,,,,0.4951549056938603,0.4803528415682593,0.014802064125600978,True,,,,,1.0,1.0,0.0,True,,,,,,,,
edit_latent_source_first_rerank,mpair_00004372_cond_02_2p,mpair_00004372,eval,2,"QED,HBD",CN(CCCN1CCC(C(O)(c2ccc(F)cc2)c2ccc(F)cc2)CC1)c1ccccc1,Cc1ccc(O)c(NCCCN2CCC(C(O)(c3ccccc3)c3ccc(Cl)cc3)CC2)c1,O=C(O)Cc1ccc(OCCCN2CCC(C(O)(c3ccc(F)cc3)c3ccc(F)cc3)CC2)cc1,c1ccc(NCCCN2CCC(C(c3ccccc3)c3ccccc3)CC2)cc1,c1ccc(OCCCN2CCC(C(c3ccccc3)c3ccccc3)CC2)cc1,False,True,False,,0.5245901639344263,0.35526315789473684,,,,,,,,,0.2908765692038643,0.3872361126142829,0.09635954341041864,True,,,,,3.0,2.0,1.0,True,,,,,,,,
edit_latent_source_first_rerank,mpair_00004376_cond_00_2p,mpair_00004376,eval,2,"TPSA,HBA",Cc1ccc(O)c(NCCCN2CCC(C(O)(c3ccccc3)c3ccccc3)CC2)c1,OC(c1ccc(F)cc1)(c1ccc(F)cc1)C1CCN(CCCNc2ccccc2)CC1,CC(C)(C)c1ccc(C(O)CCCN2CCC(C(O)(c3ccccc3)c3ccccc3)CC2)cc1,c1ccc(NCCCN2CCC(C(c3ccccc3)c3ccccc3)CC2)cc1,c1ccc(CCCCN2CCC(C(c3ccccc3)c3ccccc3)CC2)cc1,False,True,False,,0.4838709677419355,0.5087719298245614,,,,,,,,,,,,,35.5,43.7,8.200000000000003,True,,,,,3.0,3.0,0.0,True,,,,
edit_latent_source_first_rerank,mpair_00004599_cond_02_2p,mpair_00004599,eval,2,"LogP,HBA",C=C1CCCC2C1(C)CCC(C)C2(C)C/C=C1\[C@@H](OC(C)=O)O[C@H](OC(C)=O)[C@H]1OC(C)=O,C=C1CCCC2C1(C)CCC(C)C2(C)C/C=C1\[C@@H](OC(C)=O)O[C@H](OC(C)=O)[C@H]1O,,C=C1CCCC2C(C/C=C3/CCOC3)CCCC12,,False,False,False,"empty_source_tanimoto_pool,empty_edit_latent_pool",0.0,0.0,,,,,4.271200000000004,,nan,False,,,,,,,,,,,,,6.0,,nan,False,,,,
edit_latent_source_first_rerank,mpair_00004603_cond_01_2p,mpair_00004603,eval,2,"QED,TPSA",C=C1CCCC2C1(C)CCC(C)C2(C)C/C=C1/C[C@@H](OC(C)=O)O[C@@H]1OC(C)=O,C=C1CCCC2C1(C)CCC(C)C2(C)C/C=C1\[C@@H](OC(C)=O)O[C@H](OC(C)=O)[C@H]1O,CC(=O)O[C@H]1O[C@H](OC(C)=O)[C@@H](OC(C)=O)/C1=C/CC1(C)C(C)CCC2(C)C1CCCC21CO1,C=C1CCCC2C(C/C=C3/CCOC3)CCCC12,C(\CC1CCCC2C1CCCC21CO1)=C1/CCOC1,False,False,False,,0.4788732394366197,0.5970149253731343,,,,,,,,,0.540204408964813,0.2524324663221505,0.28777194264266254,False,82.06,100.66,18.599999999999994,True,,,,,,,,,,,,
edit_latent_source_first_rerank,mpair_00004605_cond_02_2p,mpair_00004605,eval,2,"MW,LogP",N=c1sc2cc(OC(F)(F)F)ccc2n1CCN1CCC(c2ccccc2)CC1,N=c1sc2ccccc2n1CCN1CCC(c2ccc(F)cc2)CC1,N=c1sc2cc(OC(F)(F)F)ccc2n1CCN1CCCCC1,N=c1sc2ccccc2n1CCN1CCC(c2ccccc2)CC1,N=c1sc2ccccc2n1CCN1CCCCC1,False,True,False,,0.7222222222222222,0.4166666666666667,355.482,345.3900000000002,10.091999999999814,True,4.200970000000003,3.5667700000000018,0.6342000000000017,True,,,,,,,,,,,,,,,,,,,,
edit_latent_source_first_rerank,mpair_00004608_cond_02_2p,mpair_00004608,eval,2,"HBD,HBA",C=C1C[C@@]23O[C@]2(c2ccccc21)C1CC(OC(=O)[C@H](O)[C@@H](NC(=O)OCC)c2ccccc2)C3(C)C1(C)C,C=C1C[C@@]23O[C@]2(c2ccccc21)C1CC(OC(=O)[C@H](O)[C@@H](NC(=O)NCC)c2ccccc2)C3(C)C1(C)C,CCCCOC(=O)N[C@@H](c1ccccc1)[C@@H](O)C(=O)OC1CC2C(C)(C)C1(C)[C@@]13C[C@H](C)c4ccccc4[C@@]21O3,C=C1C[C@@]23O[C@]2(c2ccccc21)C1CC(OC(=O)CCc2ccccc2)C3C1,O=C(CCc1ccccc1)OC1CC2CC1[C@@]13CCc4ccccc4[C@@]21O3,False,True,False,,0.6309523809523809,0.5681818181818182,,,,,,,,,,,,,,,,,3.0,2.0,1.0,True,5.0,6.0,1.0,True,,,,
edit_latent_source_first_rerank,mpair_00004610_cond_01_2p,mpair_00004610,eval,2,"LogP,QED",C=C1C[C@@]23O[C@]2(c2ccccc21)C1CC(OC(=O)[C@H](O)[C@@H](NC(=O)OCC)c2ccccc2)C3(C)C1(C)C,C=C1C[C@@]23O[C@]2(c2ccccc21)C1CC(OC(=O)[C@H](O)[C@@H](NC(=O)OCC)c2ccc(Cl)cc2)C3(C)C1(C)C,C[C@H]1C[C@@]23O[C@]2(c2ccccc21)C1CC(OC(=O)[C@H](O)[C@@H](NC(=O)OC(C)(C)C)c2ccccc2)C3(C)C1(C)C,C=C1C[C@@]23O[C@]2(c2ccccc21)C1CC(OC(=O)CCc2ccccc2)C3C1,O=C(CCc1ccccc1)OC1CC2CC1[C@@]13CCc4ccccc4[C@@]21O3,False,True,False,,0.5952380952380952,0.5333333333333333,,,,,5.547300000000005,5.762800000000006,0.21550000000000047,True,0.3608776112070826,0.3648098925770354,0.0039322813699527726,True,,,,,,,,,,,,,,,,
edit_latent_source_first_rerank,mpair_00004612_cond_00_2p,mpair_00004612,eval,2,"TPSA,HBA",C=C1C[C@@]23O[C@]2(c2ccccc21)C1CC(OC(=O)[C@H](O)[C@@H](NC(=O)OCC)c2ccc(O)cc2)C3(C)C1(C)C,C=C1C[C@@]23O[C@]2(c2ccccc21)C1CC(OC(=O)[C@H](O)[C@@H](NC(=O)NCC)c2ccccc2)C3(C)C1(C)C,CCOC(=O)N[C@@H](c1ccc(F)cc1)[C@@H](O)C(=O)OC1CC2C(C)(C)C1(C)[C@@]13C[C@H](C)c4ccccc4[C@@]21O3,C=C1C[C@@]23O[C@]2(c2ccccc21)C1CC(OC(=O)CCc2ccccc2)C3C1,O=C(CCc1ccccc1)OC1CC2CC1[C@@]13CCc4ccccc4[C@@]21O3,False,True,False,,0.6470588235294118,0.5333333333333333,,,,,,,,,,,,,100.19,97.39,2.799999999999997,True,,,,,5.0,6.0,1.0,True,,,,
edit_latent_source_first_rerank,mpair_00004614_cond_00_2p,mpair_00004614,eval,2,"HBD,RB",C=C1C[C@@]23O[C@]2(c2ccccc21)C1CC(OC(=O)[C@H](O)[C@@H](NC(=O)OCC)c2ccc(OC)cc2)C3(C)C1(C)C,C=C1C[C@@]23O[C@]2(c2ccccc21)C1CC(OC(=O)[C@H](O)[C@@H](NC(=O)NC(C)C)c2ccccc2)C3(C)C1(C)C,,C=C1C[C@@]23O[C@]2(c2ccccc21)C1CC(OC(=O)CCc2ccccc2)C3C1,,False,False,False,"empty_source_tanimoto_pool,empty_edit_latent_pool",0.0,0.0,,,,,,,,,,,,,,,,,3.0,,nan,False,,,,,6.0,,nan,False
edit_latent_source_first_rerank,mpair_00004616_cond_00_2p,mpair_00004616,eval,2,"TPSA,HBA",C=C1C[C@@]23O[C@]2(c2ccccc21)C1CC(OC(=O)[C@H](O)[C@@H](NC(=O)OCC)c2ccc(O)cc2)C3(C)C1(C)C,C=C1C[C@@]23O[C@]2(c2ccccc21)C1CC(OC(=O)[C@H](O)[C@@H](NC(=O)NC(C)C)c2ccccc2)C3(C)C1(C)C,CCCC(=O)N[C@@H](c1ccsc1)[C@@H](O)C(=O)OC1CC2C(C)(C)C1(C)[C@@]13CC(C)c4ccccc4[C@@]21O3,C=C1C[C@@]23O[C@]2(c2ccccc21)C1CC(OC(=O)CCc2ccccc2)C3C1,O=C(CCc1ccsc1)OC1CC2CC1[C@@]13CCc4ccccc4[C@@]21O3,False,True,False,,0.4895833333333333,0.4787234042553192,,,,,,,,,,,,,100.19,88.16000000000001,12.029999999999987,True,,,,,5.0,6.0,1.0,True,,,,
edit_latent_source_first_rerank,mpair_00004617_cond_02_2p,mpair_00004617,eval,2,"HBA,RB",C=C1C[C@@]23O[C@]2(c2ccccc21)C1CC(OC(=O)[C@H](O)[C@@H](NC(=O)OCC)c2ccccc2)C3(C)C1(C)C,C=C1C[C@@]23O[C@]2(c2ccccc21)C1CC(OC(=O)[C@H](O)[C@@H](NC(=O)OCC)c2ccc(OC)cc2)C3(C)C1(C)C,,C=C1C[C@@]23O[C@]2(c2ccccc21)C1CC(OC(=O)CCc2ccccc2)C3C1,,False,False,False,"empty_source_tanimoto_pool,empty_edit_latent_pool",0.0,0.0,,,,,,,,,,,,,,,,,,,,,7.0,,nan,False,7.0,,nan,False
edit_latent_source_first_rerank,mpair_00004619_cond_01_2p,mpair_00004619,eval,2,"LogP,QED",C=C1C[C@@]23O[C@]2(c2ccccc21)C1CC(OC(=O)[C@H](O)[C@@H](NC(=O)OCC)c2ccc(Cl)cc2)C3(C)C1(C)C,C=C1C[C@@]23O[C@]2(c2ccccc21)C1CC(OC(=O)[C@H](O)[C@@H](NC(=O)OCC)c2ccccc2)C3(C)C1(C)C,C=C1C[C@@]23O[C@]2(c2ccccc21)C1CC(OC(=O)[C@H](O)[C@@H](NC(=O)OCC)c2ccncc2)C3(C)C1(C)C,C=C1C[C@@]23O[C@]2(c2ccccc21)C1CC(OC(=O)CCc2ccccc2)C3C1,C=C1C[C@@]23O[C@]2(c2ccccc21)C1CC(OC(=O)CCc2ccncc2)C3C1,False,True,False,,0.8441558441558441,0.8904109589041096,,,,,4.893900000000004,4.2889000000000035,0.6050000000000004,True,0.4182085424131654,0.43362809019447573,0.015419547781310328,True,,,,,,,,,,,,,,,,
edit_latent_source_first_rerank,mpair_00004621_cond_02_2p,mpair_00004621,eval,2,"QED,HBA",C=C1C[C@@]23O[C@]2(c2ccccc21)C1CC(OC(=O)[C@H](O)[C@@H](NC(=O)NC(C)C)c2ccccc2)C3(C)C1(C)C,C=C1C[C@@]23O[C@]2(c2ccccc21)C1CC(OC(=O)[C@H](O)[C@@H](NC(=O)OCC)c2ccccc2)C3(C)C1(C)C,C[C@H]1C[C@@]23O[C@]2(c2ccccc21)C1CC(OC(=O)[C@H](O)[C@@H](NC(=O)OC(C)(C)C)c2ccccc2)C3(C)C1(C)C,C=C1C[C@@]23O[C@]2(c2ccccc21)C1CC(OC(=O)CCc2ccccc2)C3C1,O=C(CCc1ccccc1)OC1CC2CC1[C@@]13CCc4ccccc4[C@@]21O3,False,True,False,,0.5647058823529412,0.5952380952380952,,,,,,,,,0.4182085424131654,0.3648098925770354,0.05339864983613002,True,,,,,,,,,6.0,6.0,0.0,True,,,,
edit_latent_source_first_rerank,mpair_00004623_cond_01_2p,mpair_00004623,eval,2,"LogP,HBA",C=C1C[C@@]23O[C@]2(c2ccccc21)C1CC(OC(=O)[C@H](O)[C@@H](NC(=O)OCC)c2ccc(Cl)cc2)C3(C)C1(C)C,C=C1C[C@@]23O[C@]2(c2ccccc21)C1CC(OC(=O)[C@H](O)[C@@H](NC(=O)NC(C)C)c2ccccc2)C3(C)C1(C)C,CCOC(=O)N[C@@H](c1ccncc1)[C@@H](O)C(=O)OC1CC2C(C)(C)C1(C)[C@@]13C[C@H](C)c4ccccc4[C@@]21O3,C=C1C[C@@]23O[C@]2(c2ccccc21)C1CC(OC(=O)CCc2ccccc2)C3C1,O=C(CCc1ccncc1)OC1CC2CC1[C@@]13CCc4ccccc4[C@@]21O3,False,False,False,,0.6206896551724138,0.5111111111111111,,,,,4.855400000000004,4.379200000000004,0.4761999999999995,True,,,,,,,,,,,,,5.0,7.0,2.0,False,,,,
edit_latent_source_first_rerank,mpair_00004625_cond_02_2p,mpair_00004625,eval,2,"LogP,HBD",C=C1C[C@@]23O[C@]2(c2ccccc21)C1CC(OC(=O)[C@H](O)[C@@H](NC(=O)NC(C)C)c2ccccc2)C3(C)C1(C)C,C=C1C[C@@]23O[C@]2(c2ccccc21)C1CC(OC(=O)[C@H](O)[C@@H](NC(=O)OCC)c2ccc(Cl)cc2)C3(C)C1(C)C,,C=C1C[C@@]23O[C@]2(c2ccccc21)C1CC(OC(=O)CCc2ccccc2)C3C1,,False,False,False,"empty_source_tanimoto_pool,empty_edit_latent_pool",0.0,0.0,,,,,5.547300000000005,,nan,False,,,,,,,,,2.0,,nan,False,,,,,,,,
edit_latent_source_first_rerank,mpair_00004629_cond_00_2p,mpair_00004629,eval,2,"QED,HBD",C=C1C[C@@]23O[C@]2(c2ccccc21)C1CC(OC(=O)[C@H](O)[C@@H](NC(=O)OCC)c2ccccc2)C3(C)C1(C)C,C=C1C[C@@]23O[C@]2(c2ccccc21)C1CC(OC(=O)[C@H](O)[C@@H](NC(=O)NC(C)C)c2ccccc2)C3(C)C1(C)C,CCCCOC(=O)N[C@@H](c1ccccc1)[C@@H](O)C(=O)OC1CC2C(C)(C)C1(C)[C@@]13C[C@H](C)c4ccccc4[C@@]21O3,C=C1C[C@@]23O[C@]2(c2ccccc21)C1CC(OC(=O)CCc2ccccc2)C3C1,O=C(CCc1ccccc1)OC1CC2CC1[C@@]13CCc4ccccc4[C@@]21O3,False,False,False,,0.6309523809523809,0.5454545454545454,,,,,,,,,0.36609454720744955,0.24764367851766772,0.11845086868978183,False,,,,,3.0,2.0,1.0,True,,,,,,,,
edit_latent_source_first_rerank,mpair_00004631_cond_02_2p,mpair_00004631,eval,2,"HBA,RB",C=C1C[C@@]23O[C@]2(c2ccccc21)C1CC(OC(=O)[C@H](O)[C@@H](NC(=O)OCC)c2ccc(OC)cc2)C3(C)C1(C)C,C=C1C[C@@]23O[C@]2(c2ccccc21)C1CC(OC(=O)[C@H](O)[C@@H](NC(=O)OCC)c2ccccc2)C3(C)C1(C)C,COC(=O)N[C@@H](c1ccc(O)cc1)[C@@H](O)C(=O)OC1CC2C(C)(C)C1(C)[C@@]13CC(C)c4ccccc4[C@@]21O3,C=C1C[C@@]23O[C@]2(c2ccccc21)C1CC(OC(=O)CCc2ccccc2)C3C1,O=C(CCc1ccccc1)OC1CC2CC1[C@@]13CCc4ccccc4[C@@]21O3,False,True,False,,0.5681818181818182,0.5647058823529412,,,,,,,,,,,,,,,,,,,,,6.0,7.0,1.0,True,6.0,5.0,1.0,True
edit_latent_source_first_rerank,mpair_00004788_cond_01_2p,mpair_00004788,eval,2,"LogP,RB",CC(=O)Nc1ccc(C/N=C(\S)NCC(COC(=O)C(C)(C)C)Cc2ccc(C)c(C)c2)cc1,COc1cc(C/N=C(\S)NCC(COC(=O)C(C)(C)C)Cc2ccc(C)c(C)c2)ccc1NS(C)(=O)=O,Cc1ccc(CC(CN/C(S)=N/Cc2cccc(NS(C)(=O)=O)c2)COC(=O)C(C)(C)C)cc1C,C(=NCc1ccccc1)NCCCc1ccccc1,C(=N/Cc1ccccc1)\NCCCc1ccccc1,False,True,False,,0.6901408450704225,0.7534246575342466,,,,,4.507140000000004,4.498540000000004,0.008600000000000385,True,,,,,,,,,,,,,,,,,11.0,10.0,1.0,True
edit_latent_source_first_rerank,mpair_00004791_cond_00_2p,mpair_00004791,eval,2,"TPSA,HBA",COc1cc(C/N=C(\S)N(O)CC(COC(=O)C(C)(C)C)Cc2ccc(C)c(C)c2)ccc1NS(C)(=O)=O,CCS(=O)(=O)Nc1ccc(C/N=C(\S)NCC(COC(=O)C(C)(C)C)Cc2ccc(C)c(C)c2)cc1,Cc1ccc(CC(COC(=O)C(C)(C)C)CN(O)/C(S)=N/Cc2ccc(NS(C)(=O)=O)c(F)c2)cc1C,C(=NCc1ccccc1)NCCCc1ccccc1,C(=N/Cc1ccccc1)\NCCCc1ccccc1,False,True,False,,0.8309859154929577,0.5308641975308642,,,,,,,,,,,,,96.86000000000001,108.29999999999998,11.43999999999997,True,,,,,5.0,6.0,1.0,True,,,,
edit_latent_source_first_rerank,mpair_00004794_cond_01_2p,mpair_00004794,eval,2,"MW,LogP",Cc1ccc2cccc(OCc3c(C)ccc(N(C)C(=O)Cc4ccc(C(=O)c5ccc(C#N)nc5)n4C)c3C)c2n1,Cc1ccc2cccc(OCc3c(Cl)ccc(N(C)C(=O)Cc4ccc(C(=O)c5ccc(C#N)nc5)n4C)c3Cl)c2n1,,O=C(Cc1ccc(C(=O)c2cccnc2)[nH]1)Nc1cccc(COc2cccc3cccnc23)c1,,False,False,False,"empty_source_tanimoto_pool,empty_edit_latent_pool",0.0,0.0,598.4900000000001,,nan,False,6.470700000000006,,nan,False,,,,,,,,,,,,,,,,,,,,
edit_latent_source_first_rerank,mpair_00004796_cond_00_2p,mpair_00004796,eval,2,"HBA,RB",COc1ccc2[nH]c(-c3ccccc3)c(CCNC(=O)CCc3ccccc3)c2c1,O=C(CCc1ccccc1)NCCc1c(-c2ccccc2)[nH]c2ccccc12,CCCC(=O)NCCCc1ccc(OC)cc1,O=C(CCc1ccccc1)NCCc1c(-c2ccccc2)[nH]c2ccccc12,c1ccccc1,False,True,False,,0.423728813559322,0.32142857142857145,,,,,,,,,,,,,,,,,,,,,1.0,2.0,1.0,True,7.0,7.0,0.0,True
edit_latent_source_first_rerank,mpair_00004797_cond_02_2p,mpair_00004797,eval,2,"HBA,RB",O=C(CCc1ccccc1)NCCc1c(-c2ccccc2)[nH]c2ccccc12,COc1ccc2[nH]c(-c3ccccc3)c(CCNC(=O)CCc3ccccc3)c2c1,COc1ccc2[nH]c(-c3ccccc3)c(CCNC(=O)C3CC3)c2c1,O=C(CCc1ccccc1)NCCc1c(-c2ccccc2)[nH]c2ccccc12,O=C(NCCc1c(-c2ccccc2)[nH]c2ccccc12)C1CC1,False,False,False,,0.47540983606557374,0.6949152542372882,,,,,,,,,,,,,,,,,,,,,2.0,2.0,0.0,True,8.0,6.0,2.0,False
edit_latent_source_first_rerank,mpair_00004804_cond_01_2p,mpair_00004804,eval,2,"HBA,RB",O=C(O)CCc1c(/C=C2\C(=O)Nc3cc(-c4ccccc4)ccc32)[nH]c2c1CCCC2,COc1ccc(-c2ccc3c(c2)NC(=O)/C3=C\c2[nH]c3c(c2CCC(=O)O)CCCC3)cc1,Cc1c[nH]c(/C=C2\C(=O)Nc3ccccc32)c1CCC(=O)O,O=C1Nc2cc(-c3ccccc3)ccc2/C1=C/c1cc2c([nH]1)CCCC2,O=C1Nc2ccccc2/C1=C/c1ccc[nH]1,False,False,False,,0.4925373134328358,0.4383561643835616,,,,,,,,,,,,,,,,,,,,,3.0,2.0,1.0,True,6.0,4.0,2.0,False
edit_latent_source_first_rerank,mpair_00004809_cond_01_2p,mpair_00004809,eval,2,"HBA,RB",COc1ccc(-c2ccc3c(c2)NC(=O)/C3=C\c2[nH]c3c(c2CCC(=O)O)CCCC3)cc1,O=C(O)CCc1c(/C=C2\C(=O)Nc3cc(-c4ccccc4)ccc32)[nH]c2c1CCCC2,CNS(=O)(=O)c1ccc2c(c1)/C(=C/c1[nH]c3c(c1CCCN1CCNCC1)CCCC3)C(=O)N2,O=C1Nc2cc(-c3ccccc3)ccc2/C1=C/c1cc2c([nH]1)CCCC2,O=C1Nc2ccccc2/C1=C/c1[nH]c2c(c1CCCN1CCNCC1)CCCC2,False,False,False,,0.4157303370786517,0.4235294117647059,,,,,,,,,,,,,,,,,,,,,2.0,5.0,3.0,False,5.0,7.0,2.0,False
edit_latent_source_first_rerank,mpair_00004815_cond_00_2p,mpair_00004815,eval,2,"LogP,RB",CCc1c(-c2cccc(O)c2)c2ccc3cccc1n32,Oc1ccc(-c2cc3cccc4ccc2n43)cc1,,c1ccc(-c2cc3cccc4ccc2n43)cc1,,False,False,False,"empty_source_tanimoto_pool,empty_edit_latent_pool",0.0,0.0,,,,,3.9029000000000025,,nan,False,,,,,,,,,,,,,,,,,1.0,,nan,False
edit_latent_source_first_rerank,mpair_00004817_cond_02_2p,mpair_00004817,eval,2,"LogP,RB",Oc1ccc(-c2cc3cccc4ccc2n43)cc1,CCc1c(-c2cccc(O)c2)c2ccc3cccc1n32,,c1ccc(-c2cc3cccc4ccc2n43)cc1,,False,False,False,"empty_source_tanimoto_pool,empty_edit_latent_pool",0.0,0.0,,,,,4.465300000000003,,nan,False,,,,,,,,,,,,,,,,,2.0,,nan,False
edit_latent_source_first_rerank,mpair_00004820_cond_01_2p,mpair_00004820,eval,2,"HBD,RB",CCCCc1cc(OC2CCN(CCCS(=O)(=O)CC)CC2)c2ncccc2c1,CCCCc1cc(OC2CCN(CCCCNS(C)(=O)=O)CC2)c2ncccc2c1,,c1cnc2c(OC3CCNCC3)cccc2c1,,False,False,False,"empty_source_tanimoto_pool,empty_edit_latent_pool",0.0,0.0,,,,,,,,,,,,,,,,,1.0,,nan,False,,,,,11.0,,nan,False
edit_latent_source_first_rerank,mpair_00004948_cond_01_2p,mpair_00004948,eval,2,"HBA,RB",CCC1C(=O)N2C=CSC2=[N+](Cc2ccccc2)C1=O,CCC1C(=O)N2C=CSC2=[N+](Cc2cc(OC)cc(OC)c2)C1=O,,O=C1CC(=O)[N+](Cc2ccccc2)=C2SC=CN12,,False,False,False,"empty_source_tanimoto_pool,empty_edit_latent_pool",0.0,0.0,,,,,,,,,,,,,,,,,,,,,5.0,,nan,False,5.0,,nan,False
edit_latent_source_first_rerank,mpair_00004958_cond_01_2p,mpair_00004958,eval,2,"MW,LogP",FC(F)(F)c1ccnc(N2CCN(Cc3nc4ccccc4[nH]3)CC2)n1,c1cnc(N2CCN(Cc3nc4ccccc4[nH]3)CC2)nc1,c1ccc(N2CCN(Cc3nc4ccccc4[nH]3)CC2)c(C2CCCCC2)c1,c1cnc(N2CCN(Cc3nc4ccccc4[nH]3)CC2)nc1,c1ccc(N2CCN(Cc3nc4ccccc4[nH]3)CC2)c(C2CCCCC2)c1,False,False,False,,0.4918032786885246,0.5769230769230769,294.3620000000001,374.5320000000003,80.17000000000024,False,1.6750999999999998,4.932800000000005,3.257700000000005,False,,,,,,,,,,,,,,,,,,,,
edit_latent_source_first_rerank,mpair_00004960_cond_00_2p,mpair_00004960,eval,2,"LogP,RB",CCc1cnc(N2CCN(Cc3nc4ccccc4[nH]3)CC2)nc1,c1cnc(N2CCN(Cc3nc4ccccc4[nH]3)CC2)nc1,Clc1ccc(N2CCN(Cc3nc4ccccc4[nH]3)CC2)nn1,c1cnc(N2CCN(Cc3nc4ccccc4[nH]3)CC2)nc1,c1cnnc(N2CCN(Cc3nc4ccccc4[nH]3)CC2)c1,False,True,False,,0.5454545454545454,0.6122448979591837,,,,,1.6750999999999998,2.3285,0.6534000000000002,True,,,,,,,,,,,,,,,,,3.0,3.0,0.0,True
edit_latent_source_first_rerank,mpair_00004961_cond_02_2p,mpair_00004961,eval,2,"MW,RB",CCc1cnc(N2CCN(Cc3nc4ccccc4[nH]3)CC2)nc1,FC(F)(F)c1ccnc(N2CCN(Cc3nc4ccccc4[nH]3)CC2)n1,c1cnc(N2CCN(CCCOc3ccc(-c4nc5ccccc5[nH]4)cc3)CC2)nc1,c1cnc(N2CCN(Cc3nc4ccccc4[nH]3)CC2)nc1,c1cnc(N2CCN(CCCOc3ccc(-c4nc5ccccc5[nH]4)cc3)CC2)nc1,False,False,False,,0.421875,0.42424242424242425,362.3590000000001,414.5130000000001,52.153999999999996,False,,,,,,,,,,,,,,,,,,,,,3.0,7.0,4.0,False
edit_latent_source_first_rerank,mpair_00004963_cond_01_2p,mpair_00004963,eval,2,"MW,RB",FC(F)(F)c1ccnc(N2CCN(Cc3nc4ccccc4[nH]3)CC2)n1,CCc1cnc(N2CCN(Cc3nc4ccccc4[nH]3)CC2)nc1,,c1cnc(N2CCN(Cc3nc4ccccc4[nH]3)CC2)nc1,,False,False,False,"empty_source_tanimoto_pool,empty_edit_latent_pool",0.0,0.0,322.41600000000005,,nan,False,,,,,,,,,,,,,,,,,,,,,4.0,,nan,False
edit_latent_source_first_rerank,mpair_00005202_cond_02_2p,mpair_00005202,eval,2,"MW,LogP",N=C(N)c1ccc2[nH]c(-c3ccc(OCc4cn(Cc5ccccc5)nn4)cc3)nc2c1,CC(C)NC(=N)c1ccc2[nH]c(-c3ccc(OCc4cn(Cc5ccccc5)nn4)cc3)nc2c1,N=C(N)c1ccc2[nH]c(-c3ccc(OCc4cn(-c5ccc(I)cc5)nn4)cc3)nc2c1,c1ccc(Cn2cc(COc3ccc(-c4nc5ccccc5[nH]4)cc3)nn2)cc1,c1ccc(-n2cc(COc3ccc(-c4nc5ccccc5[nH]4)cc3)nn2)cc1,False,False,False,,0.6619718309859155,0.5121951219512195,465.5610000000001,535.349,69.78799999999995,False,4.772070000000003,4.278270000000003,0.49380000000000024,True,,,,,,,,,,,,,,,,,,,,
edit_latent_source_first_rerank,mpair_00005391_cond_02_2p,mpair_00005391,eval,2,"HBD,HBA",CCOC(=O)c1ccc(C#Cc2ccc3c(c2)C(C)(C)CC(=O)N3)cc1,CC1(C)CC(=O)Nc2ccc(C#Cc3ccc(C(=O)O)cc3)cc21,CC1(C)CC(=O)Nc2ccc(OCCCCCC(=O)NO)cc21,O=C1CCc2cc(C#Cc3ccccc3)ccc2N1,O=C1CCc2ccccc2N1,False,False,False,,0.421875,0.4166666666666667,,,,,,,,,,,,,,,,,2.0,3.0,1.0,True,2.0,4.0,2.0,False,,,,
edit_latent_source_first_rerank,mpair_00005394_cond_01_2p,mpair_00005394,eval,2,"QED,HBA",CCOC(=O)c1ccc(C#Cc2ccc3c(c2)C(C)(C)CC(=O)N3)cc1,CC(C)N1C(=O)CC(C)(C)c2cc(C#Cc3ccc(C(=O)O)cc3)ccc21,,O=C1CCc2cc(C#Cc3ccccc3)ccc2N1,,False,False,False,"empty_source_tanimoto_pool,empty_edit_latent_pool",0.0,0.0,,,,,,,,,0.8154931333270484,,nan,False,,,,,,,,,2.0,,nan,False,,,,
edit_latent_source_first_rerank,mpair_00005398_cond_01_2p,mpair_00005398,eval,2,"LogP,QED",CCCn1c(=O)c2nc(-c3cc(C(=O)O)n(C)n3)[nH]c2n(CCC)c1=O,Cn1nc(-c2nc3c(=O)n(C)c(=O)n(C)c3[nH]2)cc1N,CCCn1c(=O)c2nc(CCNC(=O)CBr)[nH]c2n(CCC)c1=O,O=c1[nH]c(=O)c2nc(-c3cc[nH]n3)[nH]c2[nH]1,O=c1[nH]c(=O)c2nc[nH]c2[nH]1,False,False,False,,0.47540983606557374,0.24615384615384617,,,,,-1.0569999999999984,0.7598999999999994,1.8168999999999977,False,0.5870268940631196,0.6391196843555583,0.05209279029243874,True,,,,,,,,,,,,,,,,
edit_latent_source_first_rerank,mpair_00005405_cond_02_2p,mpair_00005405,eval,2,"HBA,RB",CS(=O)(=O)Nc1ccc(S(=O)(=O)c2ccc(CN)s2)cc1,CCOc1cc(S(C)(=O)=O)cc(S(=O)(=O)c2ccc(CN)s2)c1,,O=S(=O)(c1ccccc1)c1cccs1,,False,False,False,"empty_source_tanimoto_pool,empty_edit_latent_pool",0.0,0.0,,,,,,,,,,,,,,,,,,,,,7.0,,nan,False,6.0,,nan,False
edit_latent_source_first_rerank,mpair_00005414_cond_01_2p,mpair_00005414,eval,2,"LogP,QED",CCNC(=O)C(C)NC(=O)[C@H](Cc1ccc([N+](=O)[O-])cc1)NC(=O)c1cccc2ccccc12,O=C(N[C@@H](Cc1ccccc1)C(=O)O)c1cccc2ccccc12,,O=C(NCCc1ccccc1)c1cccc2ccccc12,,False,False,False,"empty_source_tanimoto_pool,empty_edit_latent_pool",0.0,0.0,,,,,3.265500000000001,,nan,False,0.7583308263978528,,nan,False,,,,,,,,,,,,,,,,
edit_latent_source_first_rerank,mpair_00005417_cond_02_2p,mpair_00005417,eval,2,"HBD,HBA",CCNC(=O)C(C)NC(=O)[C@H](Cc1ccc([N+](=O)[O-])cc1)NC(=O)c1cccc2ccccc12,CCOC(=O)[C@@H](C)NC(=O)[C@H](Cc1ccc([N+](=O)[O-])cc1)NC(=O)c1cccc2ccccc12,CC(=O)N[C@@H](Cc1ccccc1)C(=O)NN(C)C(=O)Oc1ccc([N+](=O)[O-])cc1,O=C(NCCc1ccccc1)c1cccc2ccccc12,O=C(CCc1ccccc1)NNC(=O)Oc1ccccc1,False,True,False,,0.40540540540540543,0.4246575342465753,,,,,,,,,,,,,,,,,2.0,2.0,0.0,True,6.0,6.0,0.0,True,,,,
edit_latent_source_first_rerank,mpair_00005425_cond_00_2p,mpair_00005425,eval,2,"HBD,HBA",CCOC(=O)[C@@H](C)NC(=O)[C@H](Cc1ccc([N+](=O)[O-])cc1)NC(=O)c1cccc2ccccc12,CCNC(=O)C(C)NC(=O)[C@H](Cc1ccc([N+](=O)[O-])cc1)NC(=O)c1cccc2ccccc12,,O=C(NCCc1ccccc1)c1cccc2ccccc12,,False,False,False,"empty_source_tanimoto_pool,empty_edit_latent_pool",0.0,0.0,,,,,,,,,,,,,,,,,3.0,,nan,False,5.0,,nan,False,,,,
edit_latent_source_first_rerank,mpair_00005432_cond_01_2p,mpair_00005432,eval,2,"QED,TPSA",CCOC(=O)[C@@H](C)NC(=O)[C@H](Cc1ccc([N+](=O)[O-])cc1)NC(=O)c1cccc2ccccc12,CC(C)OC(=O)[C@H](Cc1ccc([N+](=O)[O-])cc1)NC(=O)c1cccc2ccccc12,O=C(N[C@@H](Cc1ccc([N+](=O)[O-])cc1)C1=NCCO1)c1cccc2ccccc12,O=C(NCCc1ccccc1)c1cccc2ccccc12,O=C(N[C@@H](Cc1ccccc1)C1=NCCO1)c1cccc2ccccc12,False,False,False,,0.5428571428571428,0.5757575757575758,,,,,,,,,0.36267930698305967,0.5155336817877483,0.1528543748046886,False,98.53999999999999,93.83,4.709999999999994,True,,,,,,,,,,,,
edit_latent_source_first_rerank,mpair_00005439_cond_00_2p,mpair_00005439,eval,2,"LogP,RB",CC(C)OC(=O)[C@H](Cc1ccc([N+](=O)[O-])cc1)NC(=O)c1cccc2ccccc12,COC(=O)[C@H](Cc1ccc([N+](=O)[O-])cc1)NC(=O)c1cccc2ccccc12,CCOC(=O)c1coc([C@H](Cc2ccc([N+](=O)[O-])cc2)NC(=O)c2cccc3ccccc23)n1,O=C(NCCc1ccccc1)c1cccc2ccccc12,O=C(N[C@@H](Cc1ccccc1)c1ncco1)c1cccc2ccccc12,False,False,False,,0.5857142857142857,0.6119402985074627,,,,,3.262100000000001,4.626500000000004,1.3644000000000025,False,,,,,,,,,,,,,,,,,6.0,8.0,2.0,False
edit_latent_source_first_rerank,mpair_00005441_cond_01_2p,mpair_00005441,eval,2,"HBD,HBA",CCNC(=O)C(C)NC(=O)[C@H](Cc1ccc([N+](=O)[O-])cc1)NC(=O)c1cccc2ccccc12,CCOC(=O)[C@H](C)NC(=O)[C@H](Cc1ccc([N+](=O)[O-])cc1)NC(=O)c1cccc2ccccc12,NCC(=O)NC(Cc1ccccc1)C(=O)Nc1ccc([N+](=O)[O-])cc1,O=C(NCCc1ccccc1)c1cccc2ccccc12,O=C(CCc1ccccc1)Nc1ccccc1,False,True,False,,0.4057971014492754,0.4057971014492754,,,,,,,,,,,,,,,,,2.0,3.0,1.0,True,6.0,5.0,1.0,True,,,,
edit_latent_source_first_rerank,mpair_00005443_cond_02_2p,mpair_00005443,eval,2,"MW,RB",CCOC(=O)[C@H](Cc1ccc([N+](=O)[O-])cc1)NC(=O)c1cccc2ccccc12,CCNC(=O)C(C)NC(=O)[C@H](Cc1ccc([N+](=O)[O-])cc1)NC(=O)c1cccc2ccccc12,O=C(N[C@@H](Cc1ccc([N+](=O)[O-])cc1)C1=NCCO1)c1cccc2ccccc12,O=C(NCCc1ccccc1)c1cccc2ccccc12,O=C(N[C@@H](Cc1ccccc1)C1=NCCO1)c1cccc2ccccc12,False,False,False,,0.5846153846153846,0.5428571428571428,462.50600000000014,389.41100000000006,73.09500000000008,False,,,,,,,,,,,,,,,,,,,,,9.0,6.0,3.0,False
edit_latent_source_first_rerank,mpair_00005447_cond_00_2p,mpair_00005447,eval,2,"MW,QED",CC(C)OC(Cc1ccc(OCCc2noc(-c3ccccc3)n2)cc1)C(=O)O,CC(C)OC(Cc1ccc(OCCc2noc(-c3cc(C(F)(F)F)cc(C(F)(F)F)c3)n2)cc1)C(=O)O,CN(CCOc1ccc(CC(OCCc2ccccc2)C(=O)O)cc1)c1nc2ccccc2o1,c1ccc(OCCc2noc(-c3ccccc3)n2)cc1,c1ccc(CCOCCc2ccc(OCCNc3nc4ccccc4o3)cc2)cc1,False,False,False,,0.40789473684210525,0.3411764705882353,532.4370000000001,460.53000000000014,71.90699999999998,False,,,,,0.3291726090856745,0.33074223478380704,0.0015696256981325707,True,,,,,,,,,,,,,,,,
edit_latent_source_first_rerank,mpair_00005451_cond_00_2p,mpair_00005451,eval,2,"QED,HBD",NC(=O)N(O)Cc1ccc(OCCc2noc(-c3ccccc3)n2)cc1,CC(C)OC(Cc1ccc(OCCc2noc(-c3cc(C(F)(F)F)cc(C(F)(F)F)c3)n2)cc1)C(=O)O,CCOC(=O)C(Cc1ccc(OCCc2nc(-c3ccccc3)oc2C)cc1)C(=O)O,c1ccc(OCCc2noc(-c3ccccc3)n2)cc1,c1ccc(OCCc2coc(-c3ccccc3)n2)cc1,False,True,False,,0.4,0.3670886075949367,,,,,,,,,0.3291726090856745,0.3874455730003945,0.05827296391472003,True,,,,,1.0,1.0,0.0,True,,,,,,,,
edit_latent_source_first_rerank,mpair_00005460_cond_01_2p,mpair_00005460,eval,2,"MW,HBD",NC(=O)N(O)Cc1ccc(OCCc2noc(-c3ccccc3)n2)cc1,CC(C)OC(Cc1ccc(OCCc2noc(-c3ccccc3)n2)cc1)C(=O)O,NC(=O)N(O)Cc1ccc(OCCc2coc(-c3ccccc3)n2)cc1,c1ccc(OCCc2noc(-c3ccccc3)n2)cc1,c1ccc(OCCc2coc(-c3ccccc3)n2)cc1,False,False,False,,0.6842105263157895,0.39436619718309857,396.44300000000004,353.378,43.065000000000055,False,,,,,,,,,,,,,1.0,2.0,1.0,True,,,,,,,,
edit_latent_source_first_rerank,mpair_00005462_cond_02_2p,mpair_00005462,eval,2,"QED,RB",COc1cccc2c1cc1c3c(cccc32)C(=O)N(CCN(C)C)C1=O,CN(C)CCN1C(=O)c2cccc3c2c(cc2cccc(N)c23)C1=O,CN(C)CCN1C(=O)c2ccc(Cl)c3c(Cl)ccc(c23)C1=O,O=C1NC(=O)c2cc3ccccc3c3cccc1c23,O=C1NC(=O)c2cccc3cccc1c23,False,False,False,,0.46,0.46,,,,,,,,,0.45458982820388494,0.8071636880015349,0.35257385979765,False,,,,,,,,,,,,,3.0,3.0,0.0,True
edit_latent_source_first_rerank,mpair_00005469_cond_00_2p,mpair_00005469,eval,2,"HBA,RB",CN(C)CCN1C(=O)c2cccc3c2c(cc2ccccc23)C1=O,COc1cccc2c1cc1c3c(cccc32)C(=O)N(CCN(C)C)C1=O,CCSc1ccc2c3c(c4ccccc4cc13)C(=O)N(CCN(C)C)C2=O,O=C1NC(=O)c2cc3ccccc3c3cccc1c23,O=C1NC(=O)c2c3ccccc3cc3cccc1c23,False,True,False,,0.5740740740740741,0.43548387096774194,,,,,,,,,,,,,,,,,,,,,4.0,4.0,0.0,True,4.0,5.0,1.0,True
edit_latent_source_first_rerank,mpair_00005473_cond_01_2p,mpair_00005473,eval,2,"LogP,RB",CN(C)CCN1C(=O)c2cccc3c2c(cc2cccc(Cl)c23)C1=O,COc1cccc2c1cc1c3c(cccc32)C(=O)N(CCN(C)C)C1=O,COc1ccc2c3c(c4ccccc4cc13)C(=O)N(CCN(C)C)C2=O,O=C1NC(=O)c2cc3ccccc3c3cccc1c23,O=C1NC(=O)c2c3ccccc3cc3cccc1c23,False,True,False,,0.5,0.6111111111111112,,,,,3.159200000000002,3.159200000000002,0.0,True,,,,,,,,,,,,,,,,,4.0,4.0,0.0,True
edit_latent_source_first_rerank,mpair_00005477_cond_00_2p,mpair_00005477,eval,2,"HBD,HBA",CN(C)CCN1C(=O)c2cccc3c2c(cc2ccccc23)C1=O,CN(C)CCN1C(=O)c2cccc3c2c(cc2c(O)cccc23)C1=O,CCN(CC)CCN1C(=O)c2cccc3c([N+](=O)[O-])ccc(c23)C1=O,O=C1NC(=O)c2cc3ccccc3c3cccc1c23,O=C1NC(=O)c2cccc3cccc1c23,False,True,False,,0.45454545454545453,0.43859649122807015,,,,,,,,,,,,,,,,,1.0,0.0,1.0,True,4.0,5.0,1.0,True,,,,
edit_latent_source_first_rerank,mpair_00005482_cond_00_2p,mpair_00005482,eval,2,"LogP,RB",COc1cccc2c1cc1c3c(cccc32)C(=O)N(CCN(C)C)C1=O,CN(C)CCN1C(=O)c2cccc3c2c(cc2cccc(Cl)c23)C1=O,COc1cc2cc3c4c(cccc4c2c(OC)c1O)C(=O)N3CCCCN(C)C,O=C1NC(=O)c2cc3ccccc3c3cccc1c23,O=C1Nc2cc3ccccc3c3cccc1c23,False,False,False,,0.47692307692307695,0.4117647058823529,,,,,3.804000000000003,4.017800000000002,0.2137999999999991,True,,,,,,,,,,,,,,,,,3.0,7.0,4.0,False
edit_latent_source_first_rerank,mpair_00005485_cond_00_2p,mpair_00005485,eval,2,"LogP,RB",Cc1cccc(COc2nn3c(-c4nc(C(C)C)no4)nnc3c3c2C2CCC3CC2)n1,Cc1noc(-c2nnc3c4c(c(OCc5ccc(C)c(C)n5)nn23)C2CCC4CC2)n1,Cc1cccc(COc2nn3c(-c4ncn(C)n4)nnc3c3c2C2CCC3CC2)n1,c1ccc(COc2nn3c(-c4ncno4)nnc3c3c2C2CCC3CC2)nc1,c1ccc(COc2nn3c(-c4nc[nH]n4)nnc3c3c2C2CCC3CC2)nc1,False,True,False,,0.6515151515151515,0.5217391304347826,,,,,3.8283600000000026,2.957020000000001,0.8713400000000018,True,,,,,,,,,,,,,,,,,4.0,4.0,0.0,True
edit_latent_source_first_rerank,mpair_00005487_cond_02_2p,mpair_00005487,eval,2,"LogP,RB",Cc1noc(-c2nnc3c4c(c(OCc5ccc(C)c(C)n5)nn23)C2CCC4CC2)n1,Cc1cccc(COc2nn3c(-c4nc(C(C)C)no4)nnc3c3c2C2CCC3CC2)n1,,c1ccc(COc2nn3c(-c4ncno4)nnc3c3c2C2CCC3CC2)nc1,,False,False,False,"empty_source_tanimoto_pool,empty_edit_latent_pool",0.0,0.0,,,,,4.334920000000003,,nan,False,,,,,,,,,,,,,,,,,5.0,,nan,False
edit_latent_source_first_rerank,mpair_00005489_cond_01_2p,mpair_00005489,eval,2,"QED,HBD",CN(CCOc1ccc(CC2SC(=O)NC2=O)cc1)c1ncccn1,O=C1NC(=O)C(Cc2ccc(OCCNc3ncccn3)cc2)S1,Cn1c(COc2ccc(CC3SC(=O)NC3=O)cc2)nc2ccc(Cl)nc21,O=C1NC(=O)C(Cc2ccc(OCCNc3ncccn3)cc2)S1,O=C1NC(=O)C(Cc2ccc(OCc3nc4cccnc4[nH]3)cc2)S1,False,True,False,,0.4696969696969697,0.45454545454545453,,,,,,,,,0.7405705768383221,0.6598041058143775,0.08076647102394452,True,,,,,2.0,1.0,1.0,True,,,,,,,,
edit_latent_source_first_rerank,mpair_00005491_cond_00_2p,mpair_00005491,eval,2,"QED,HBD",O=C1NC(=O)C(Cc2ccc(OCCNc3ncccn3)cc2)S1,CN(CCOc1ccc(CC2SC(=O)NC2=O)cc1)c1ncccn1,CN(CCOc1ccc(CC2SC(=O)NC2=O)cc1)c1nc2ccccc2o1,O=C1NC(=O)C(Cc2ccc(OCCNc3ncccn3)cc2)S1,O=C1NC(=O)C(Cc2ccc(OCCNc3nc4ccccc4o3)cc2)S1,False,False,False,,0.5238095238095238,0.6724137931034483,,,,,,,,,0.8088362225461297,0.6550469195594407,0.15378930298668902,False,,,,,1.0,1.0,0.0,True,,,,,,,,
edit_latent_source_first_rerank,mpair_00005492_cond_02_2p,mpair_00005492,eval,2,"LogP,RB",Cn1c(NC(=O)c2ccccc2)nc2ccccc2c1=O,CC(C)n1c(NC(=O)c2ccccc2)nc2ccccc2c1=O,O=C(Nc1ccccc1)c1ccccc1,O=C(Nc1nc2ccccc2c(=O)[nH]1)c1ccccc1,O=C(Nc1ccccc1)c1ccccc1,False,True,False,,0.41025641025641024,0.3902439024390244,,,,,3.229700000000001,2.938900000000001,0.29079999999999995,True,,,,,,,,,,,,,,,,,3.0,2.0,1.0,True
edit_latent_source_first_rerank,mpair_00005494_cond_01_2p,mpair_00005494,eval,2,"LogP,RB",CC(C)n1c(NC(=O)c2ccccc2)nc2ccccc2c1=O,Cn1c(NC(=O)c2ccccc2)nc2ccccc2c1=O,O=C(Nc1nc(O)c2ccccc2n1)c1ccccc1,O=C(Nc1nc2ccccc2c(=O)[nH]1)c1ccccc1,O=C(Nc1ncc2ccccc2n1)c1ccccc1,False,True,False,,0.4782608695652174,0.5,,,,,2.1857999999999995,2.5877,0.40190000000000037,True,,,,,,,,,,,,,,,,,2.0,2.0,0.0,True
edit_latent_source_first_rerank,mpair_00005496_cond_00_2p,mpair_00005496,eval,2,"MW,QED",CCC(C)(C)C(=O)N[C@@H](Cc1ccc(NC(=O)c2ccnc3ccccc23)cc1)C(=O)O,CCCCC(C)(CC)C(=O)N[C@@H](Cc1ccc(NC(=O)c2ccnc3ccccc23)cc1)C(=O)O,,O=C(Nc1ccccc1)c1ccnc2ccccc12,,False,False,False,"empty_source_tanimoto_pool,empty_edit_latent_pool",0.0,0.0,475.5890000000002,,nan,False,,,,,0.3529588307368051,,nan,False,,,,,,,,,,,,,,,,
edit_latent_source_first_rerank,mpair_00005500_cond_01_2p,mpair_00005500,eval,2,"TPSA,HBA",Fc1cccc(CN2CCC(COc3c(F)c(F)c(F)c(F)c3F)CC2)c1,N#Cc1ccc(OCC2CCN(Cc3ccc(F)cc3)CC2)cc1,Fc1cccc(-c2cccc(CN3CCN(c4ncccn4)CC3)c2)c1,c1ccc(CN2CCC(COc3ccccc3)CC2)cc1,c1ccc(-c2cccc(CN3CCN(c4ncccn4)CC3)c2)cc1,False,True,False,,0.42592592592592593,0.26229508196721313,,,,,,,,,,,,,36.26,32.260000000000005,3.999999999999993,True,,,,,3.0,4.0,1.0,True,,,,
edit_latent_source_first_rerank,mpair_00005503_cond_01_2p,mpair_00005503,eval,2,"MW,QED",N#Cc1ccc(OCC2CCN(Cc3ccc(F)cc3)CC2)cc1,N#Cc1ccc(OCC2CCN(Cc3ccccc3I)CC2)cc1,Brc1ccc(OCC2CCN(CC3CC3)CC2)cc1,c1ccc(CN2CCC(COc3ccccc3)CC2)cc1,c1ccc(OCC2CCN(CC3CC3)CC2)cc1,False,False,False,,0.4489795918367347,0.43137254901960786,432.30500000000006,324.26200000000006,108.043,False,,,,,0.6554084459997837,0.8130764161790359,0.15766797017925227,False,,,,,,,,,,,,,,,,
edit_latent_source_first_rerank,mpair_00005505_cond_00_2p,mpair_00005505,eval,2,"HBA,RB",Cn1c(=O)c2c(nc3n(CCCN4CCN(c5ccccc5)CC4)c(=O)ccn23)n(C)c1=O,COc1ccccc1N1CCN(CCCn2c(=O)ccn3c4c(=O)n(C)c(=O)n(C)c4nc23)CC1,O=C1c2ccccc2C(=O)N1CCCN1CCN(c2ccccc2)CC1,O=c1[nH]c(=O)c2c(nc3n(CCCN4CCN(c5ccccc5)CC4)c(=O)ccn23)[nH]1,O=C1c2ccccc2C(=O)N1CCCN1CCN(c2ccccc2)CC1,False,False,False,,0.4166666666666667,0.28169014084507044,,,,,,,,,,,,,,,,,,,,,11.0,4.0,7.0,False,6.0,5.0,1.0,True
edit_latent_source_first_rerank,mpair_00005510_cond_01_2p,mpair_00005510,eval,2,"HBA,RB",O=C(O)[C@H]1[C@H](c2ccccc2)c2ccccc2[C@@H]1c1ccccc1,COc1ccc([C@H]2c3ccccc3[C@@H](c3ccccc3)[C@@H]2C(=O)O)cc1,,c1ccc([C@H]2C[C@@H](c3ccccc3)c3ccccc32)cc1,,False,False,False,"empty_source_tanimoto_pool,empty_edit_latent_pool",0.0,0.0,,,,,,,,,,,,,,,,,,,,,2.0,,nan,False,4.0,,nan,False
edit_latent_source_first_rerank,mpair_00005513_cond_01_2p,mpair_00005513,eval,2,"HBD,HBA",O=C1c2cccc(O)c2C(=O)c2c1ccc(Cc1ccccc1)c2O,O=C1c2ccccc2C(=O)c2c1ccc(Cc1ccccc1)c2O,COc1cc(CBr)cc2c1C(=O)c1c(O)cccc1C2=O,O=C1c2ccccc2C(=O)c2cc(Cc3ccccc3)ccc21,O=C1c2ccccc2C(=O)c2ccccc21,False,True,False,,0.43137254901960786,0.3018867924528302,,,,,,,,,,,,,,,,,1.0,1.0,0.0,True,3.0,4.0,1.0,True,,,,
edit_latent_source_first_rerank,mpair_00005528_cond_02_2p,mpair_00005528,eval,2,"LogP,TPSA",O=CNC(=O)c1cnn2c1n[n+]([O-])c1ccc(Cl)cc12,CCOC(=O)c1cnn2c1n[n+]([O-])c1ccc(Cl)cc12,,c1ccc2c(c1)[nH+]nc1ccnn12,,False,False,False,"empty_source_tanimoto_pool,empty_edit_latent_pool",0.0,0.0,,,,,1.3459999999999996,,nan,False,,,,,83.42999999999999,,nan,False,,,,,,,,,,,,
edit_latent_source_first_rerank,mpair_00005534_cond_00_2p,mpair_00005534,eval,2,"MW,LogP",CC(C)(C)OC(=O)Nc1cnn2c1n[n+]([O-])c1ccc(Cl)cc12,O=CNC(=O)c1cnn2c1n[n+]([O-])c1ccc(Cl)cc12,,c1ccc2c(c1)[nH+]nc1ccnn12,,False,False,False,"empty_source_tanimoto_pool,empty_edit_latent_pool",0.0,0.0,291.65400000000005,,nan,False,0.05550000000000005,,nan,False,,,,,,,,,,,,,,,,,,,,
edit_latent_source_first_rerank,mpair_00005626_cond_00_2p,mpair_00005626,eval,2,"MW,QED",O=C1OC2(CCN(CCc3c[nH]c4ccc(F)cc34)CC2)CN1Cc1ccc(F)cc1F,O=C1OC2(CCN(CCc3c[nH]c4ccc(F)cc34)CC2)CN1Cc1ccccc1,O=C1OC2(CCN(CCc3c[nH]c4ccc(F)cc34)CC2)CN1Cc1cccc(F)c1,O=C1OC2(CCN(CCc3c[nH]c4ccccc34)CC2)CN1Cc1ccccc1,O=C1OC2(CCN(CCc3c[nH]c4ccccc34)CC2)CN1Cc1ccccc1,True,True,True,,0.78125,0.8852459016393442,407.48900000000026,425.47900000000027,17.99000000000001,True,,,,,0.684658851889038,0.6560186565368493,0.028640195352188647,True,,,,,,,,,,,,,,,,
edit_latent_source_similarity_rerank,mpair_00000001_cond_00_2p,mpair_00000001,eval,2,"MW,LogP",O=C(c1ccccc1C(F)(F)F)N1C[C@H](CN2CCC(c3ccccc3)CC2)[C@@H](c2ccccc2)C1,O=C(c1ccccc1F)N1C[C@H](CN2CCC(c3ccccc3)CC2)[C@@H](c2ccccc2)C1,CC(=O)Nc1ccc(C#CCCCN2CCC(Cc3ccccc3)CC2)cc1,O=C(c1ccccc1)N1C[C@H](CN2CCC(c3ccccc3)CC2)[C@@H](c2ccccc2)C1,C(#Cc1ccccc1)CCCN1CCC(Cc2ccccc2)CC1,False,False,False,,0.2073170731707317,0.21518987341772153,442.57800000000015,374.528,68.05000000000013,False,5.561100000000006,4.731400000000004,0.8297000000000017,True,,,,,,,,,,,,,,,,,,,,
edit_latent_source_similarity_rerank,mpair_00000003_cond_02_2p,mpair_00000003,eval,2,"MW,RB",COc1cccc(C(=O)N2C[C@H](CN3CCC(c4ccccc4)CC3)[C@@H](c3ccccc3)C2)c1,O=C(c1ccccc1Br)N1C[C@H](CN2CCC(c3ccccc3)CC2)[C@@H](c2ccccc2)C1,O=C(C1CCC1)N1C[C@H](CN2CCC(c3ccccc3)CC2)[C@@H](c2ccccc2)C1,O=C(c1ccccc1)N1C[C@H](CN2CCC(c3ccccc3)CC2)[C@@H](c2ccccc2)C1,O=C(C1CCC1)N1C[C@H](CN2CCC(c3ccccc3)CC2)[C@@H](c2ccccc2)C1,False,False,False,,0.5833333333333334,0.6481481481481481,503.48400000000026,402.58200000000016,100.9020000000001,False,,,,,,,,,,,,,,,,,,,,,5.0,5.0,0.0,True
edit_latent_source_similarity_rerank,mpair_00000006_cond_00_2p,mpair_00000006,eval,2,"MW,LogP",O=C(c1ccccc1F)N1C[C@H](CN2CCC(c3ccccc3)CC2)[C@@H](c2ccccc2)C1,O=C(c1ccccc1C(F)(F)F)N1C[C@H](CN2CCC(c3ccccc3)CC2)[C@@H](c2ccccc2)C1,CCCCn1c(N(C)C2CCN(CCc3ccccc3)CC2)nc2ccccc21,O=C(c1ccccc1)N1C[C@H](CN2CCC(c3ccccc3)CC2)[C@@H](c2ccccc2)C1,c1ccc(CCN2CCC(Nc3nc4ccccc4[nH]3)CC2)cc1,False,False,False,,0.189873417721519,0.19753086419753085,492.5850000000002,390.5750000000001,102.0100000000001,False,6.4408000000000065,4.979700000000005,1.4611000000000018,False,,,,,,,,,,,,,,,,,,,,
edit_latent_source_similarity_rerank,mpair_00000008_cond_02_2p,mpair_00000008,eval,2,"MW,QED",O=C(c1ccccc1Br)N1C[C@H](CN2CCC(c3ccccc3)CC2)[C@@H](c2ccccc2)C1,O=C(c1ccccc1F)N1C[C@H](CN2CCC(c3ccccc3)CC2)[C@@H](c2ccccc2)C1,CN(C)Cc1ccc2n1Cc1ccccc1SC2c1ccc(F)cc1,O=C(c1ccccc1)N1C[C@H](CN2CCC(c3ccccc3)CC2)[C@@H](c2ccccc2)C1,c1ccc(C2Sc3ccccc3Cn3cccc32)cc1,False,False,False,,0.13924050632911392,0.16883116883116883,442.57800000000015,352.47800000000007,90.10000000000008,False,,,,,0.5164092889512721,0.6601579302421808,0.1437486412909087,False,,,,,,,,,,,,,,,,
edit_latent_source_similarity_rerank,mpair_00000012_cond_00_2p,mpair_00000012,eval,2,"MW,LogP",O=C(c1ccccc1F)N1C[C@H](CN2CCC(c3ccccc3)CC2)[C@@H](c2ccccc2)C1,O=C(c1ccccc1Br)N1C[C@H](CN2CCC(c3ccccc3)CC2)[C@@H](c2ccccc2)C1,CCCCNC(=O)Cc1c(-c2ccccc2)nc2c(Cl)cc(Cl)cn12,O=C(c1ccccc1)N1C[C@H](CN2CCC(c3ccccc3)CC2)[C@@H](c2ccccc2)C1,c1ccc(-c2cn3ccccc3n2)cc1,False,False,False,,0.13095238095238096,0.13095238095238096,503.48400000000026,376.2870000000001,127.19700000000017,False,6.184500000000006,4.766900000000004,1.417600000000002,False,,,,,,,,,,,,,,,,,,,,
edit_latent_source_similarity_rerank,mpair_00000020_cond_00_2p,mpair_00000020,eval,2,"MW,TPSA",O=C(O)CCC/C=C/C[C@@H]1[C@@H](COCc2ccccc2)C2CC1(c1ccccc1)CO2,N#Cc1ccc(COC[C@H]2C3CC(c4ccc(F)cc4)(CO3)[C@@H]2C/C=C/CCCC(=O)O)cc1,CC/C(=C(/c1ccccc1)c1cccc(OC(C)=O)c1)c1ccc(OC(C)=O)c(OC(C)=O)c1,c1ccc(COC[C@@H]2CC3(c4ccccc4)COC2C3)cc1,C(=C(c1ccccc1)c1ccccc1)c1ccccc1,False,True,False,,0.17073170731707318,0.13978494623655913,463.5490000000003,458.5100000000002,5.039000000000101,True,,,,,,,,,79.55,78.9,0.6499999999999915,True,,,,,,,,,,,,
edit_latent_source_similarity_rerank,mpair_00000325_cond_01_2p,mpair_00000325,eval,2,"MW,LogP",N[C@@H](C(=O)N[C@@H]1C(=O)N2C(C(=O)O)=C(C(F)(F)F)CC[C@H]12)c1ccc(F)cc1,N[C@@H](C(=O)N[C@@H]1C(=O)N2C(C(=O)O)=C(C(F)(F)F)CC[C@H]12)c1cccc(C(F)(F)F)c1,COc1ccc(C(CC(=O)O)CC(=O)NNC(=O)CCCCNc2ccccn2)cc1,O=C(Cc1ccccc1)N[C@@H]1C(=O)N2C=CCC[C@H]12,O=C(CCCCNc1ccccn1)NNC(=O)CCc1ccccc1,False,True,False,,0.11827956989247312,0.1134020618556701,451.3230000000001,428.4890000000002,22.83399999999989,True,2.0955999999999997,2.468399999999999,0.37279999999999935,True,,,,,,,,,,,,,,,,,,,,
edit_latent_source_similarity_rerank,mpair_00000335_cond_00_2p,mpair_00000335,eval,2,"MW,HBA",N[C@@H](C(=O)N[C@@H]1C(=O)N2C(C(=O)O)=C(C(F)(F)F)CC[C@H]12)c1cccc(Br)c1,N[C@@H](C(=O)N[C@@H]1C(=O)N2C(C(=O)O)=C(C(F)(F)F)CC[C@H]12)c1ccc(O)cc1,CCn1cc(C(=O)O)c(=O)c2cc(F)c(N3CCC(CN)CC3)nc21,O=C(Cc1ccccc1)N[C@@H]1C(=O)N2C=CCC[C@H]12,O=c1cc[nH]c2nc(N3CCCCC3)ccc12,False,False,False,,0.17582417582417584,0.17045454545454544,399.3250000000001,348.3780000000001,50.947,False,,,,,,,,,,,,,,,,,5.0,6.0,1.0,True,,,,
edit_latent_source_similarity_rerank,mpair_00000338_cond_01_2p,mpair_00000338,eval,2,"MW,QED",N[C@@H](C(=O)N[C@@H]1C(=O)N2C(C(=O)O)=C(C(F)(F)F)CC[C@H]12)c1cccc(Br)c1,CSC1=C(C(=O)O)N2C(=O)[C@@H](NC(=O)[C@H](N)c3ccccc3)[C@H]2CC1,CCn1c2ccccc2c2ccc(NC(=O)CCc3ccncc3)cc21,O=C(Cc1ccccc1)N[C@@H]1C(=O)N2C=CCC[C@H]12,O=C(CCc1ccncc1)Nc1ccc2c(c1)[nH]c1ccccc12,False,False,False,,0.12222222222222222,0.14457831325301204,361.42300000000006,343.43,17.993000000000052,True,,,,,0.6699274889764619,0.5666775765896777,0.10324991238678427,False,,,,,,,,,,,,,,,,
edit_latent_source_similarity_rerank,mpair_00000587_cond_01_2p,mpair_00000587,eval,2,"HBA,RB",Cc1ccc(CCCC[C@@H]2N[C@@H](CO)[C@H](O)[C@H]2O)cc1,COc1ccc(CCCC[C@@H]2N[C@@H](CO)[C@H](O)[C@H]2O)cc1,CCCCc1ccc(C(=O)COC2=C(O)C(=O)OC2C(O)CO)cc1,c1ccc(CCCC[C@H]2CCCN2)cc1,O=C1C=C(OCC(=O)c2ccccc2)CO1,False,False,False,,0.208955223880597,0.21739130434782608,,,,,,,,,,,,,,,,,,,,,5.0,7.0,2.0,False,7.0,9.0,2.0,False
edit_latent_source_similarity_rerank,mpair_00000590_cond_00_2p,mpair_00000590,eval,2,"HBD,RB",OC[C@@H]1N[C@@H](CCCCc2ccc(O)cc2)[C@H](O)[C@H]1O,COc1ccc(CCCC[C@@H]2N[C@@H](CO)[C@H](O)[C@H]2O)cc1,O=C1c2ccccc2C(=O)c2c(NCC(Cl)CO)ccc(NCC(Cl)CO)c21,c1ccc(CCCC[C@H]2CCCN2)cc1,O=C1c2ccccc2C(=O)c2ccccc21,False,True,False,,0.10526315789473684,0.09836065573770492,,,,,,,,,,,,,,,,,4.0,4.0,0.0,True,,,,,7.0,8.0,1.0,True
edit_latent_source_similarity_rerank,mpair_00000592_cond_00_2p,mpair_00000592,eval,2,"HBA,RB",COc1ccc(CCCC[C@@H]2N[C@@H](CO)[C@H](O)[C@H]2O)cc1,Cc1ccc(CCCC[C@@H]2N[C@@H](CO)[C@H](O)[C@H]2O)cc1,COc1ccc(C[C@H](NC(=O)OC(C)(C)C)C(=O)N2CCC(=O)[C@@H]2Sc2ccccc2)cc1,c1ccc(CCCC[C@H]2CCCN2)cc1,O=C1CCN(C(=O)CCc2ccccc2)[C@H]1Sc1ccccc1,False,False,False,,0.21794871794871795,0.12195121951219512,,,,,,,,,,,,,,,,,,,,,4.0,6.0,2.0,False,6.0,7.0,1.0,True
edit_latent_source_similarity_rerank,mpair_00000593_cond_02_2p,mpair_00000593,eval,2,"HBA,RB",OC[C@@H]1N[C@@H](CCCCc2cc(F)cc(F)c2)[C@H](O)[C@H]1O,COc1ccc(CCCC[C@@H]2N[C@@H](CO)[C@H](O)[C@H]2O)cc1,CC(C)[C@H](NC(=O)OCc1ccccc1)C(=O)N[C@@H](C)C(=O)N[C@@H](C=O)CC(=O)O,c1ccc(CCCC[C@H]2CCCN2)cc1,c1ccccc1,False,False,False,,0.06666666666666667,0.10666666666666667,,,,,,,,,,,,,,,,,,,,,5.0,6.0,1.0,True,7.0,11.0,4.0,False
edit_latent_source_similarity_rerank,mpair_00000596_cond_00_2p,mpair_00000596,eval,2,"HBA,RB",OC[C@@H]1N[C@@H](CCCCc2ccc(F)cc2)[C@H](O)[C@H]1O,COc1ccc(CCCC[C@@H]2N[C@@H](CO)[C@H](O)[C@H]2O)cc1,CC(C)C[C@H](NC(=O)OCc1ccccc1)C(=O)NNC(=O)NNC(=O)[C@H](C)NC(=O)OCc1ccccc1,c1ccc(CCCC[C@H]2CCCN2)cc1,O=C(CNC(=O)OCc1ccccc1)NNC(=O)NNC(=O)CNC(=O)OCc1ccccc1,False,False,False,,0.08695652173913043,0.11428571428571428,,,,,,,,,,,,,,,,,,,,,5.0,7.0,2.0,False,7.0,10.0,3.0,False
edit_latent_source_similarity_rerank,mpair_00000599_cond_00_2p,mpair_00000599,eval,2,"QED,HBD",CC1=C(C)C(=O)C(C(c2ccccc2)c2cccnc2)=C(C)C1=O,CC1=C(C)C(=O)C(C(c2cccnc2)c2cccc(/C=C/C(=O)O)c2)=C(C)C1=O,COc1ccc(C(=O)Nc2ccc(-c3cccnc3)cc2F)c(OC)c1OC,O=C1C=CC(=O)C(C(c2ccccc2)c2cccnc2)=C1,O=C(Nc1ccc(-c2cccnc2)cc1)c1ccccc1,False,True,False,,0.18840579710144928,0.2,,,,,,,,,0.6163061688930161,0.6930726718858983,0.07676650299288212,True,,,,,1.0,1.0,0.0,True,,,,,,,,
edit_latent_source_similarity_rerank,mpair_00000727_cond_01_2p,mpair_00000727,eval,2,"QED,RB",C=CCc1cc(/C=C2\SC(=O)N(C(C)C)C2=O)c(OC)cc1OC1CCCCO1,C=CCc1cc(/C=C2\SC(=O)N(CCCC)C2=O)c(OC)cc1OC1CCCCO1,CC(C)(C)OC(=O)N[C@@H](Cc1ccccc1)C[C@H](O)[C@H](Cc1ccccc1)NC(=O)OC(C)(C)C,O=C1NC(=O)/C(=C/c2ccc(OC3CCCCO3)cc2)S1,c1ccc(CCCCCCc2ccccc2)cc1,False,True,False,,0.08791208791208792,0.07368421052631578,,,,,,,,,0.39718598618589046,0.4649203778487489,0.06773439166285844,True,,,,,,,,,,,,,9.0,9.0,0.0,True
edit_latent_source_similarity_rerank,mpair_00000730_cond_00_2p,mpair_00000730,eval,2,"HBD,RB",C=CCc1cc(/C=C2\SC(=O)NC2=O)c(OC)cc1OC1CCCCO1,C=CCc1cc(/C=C2\SC(=O)N(C(C)C)C2=O)c(OC)cc1OC1CCCCO1,Cc1[nH]c(C)c(C(=O)OC2CCN(CCCCc3ccccc3)CC2)c1C,O=C1NC(=O)/C(=C/c2ccc(OC3CCCCO3)cc2)S1,O=C(OC1CCN(CCCCc2ccccc2)CC1)c1cc[nH]c1,False,True,False,,0.10869565217391304,0.10309278350515463,,,,,,,,,,,,,,,,,0.0,1.0,1.0,True,,,,,7.0,7.0,0.0,True
edit_latent_source_similarity_rerank,mpair_00000732_cond_01_2p,mpair_00000732,eval,2,"LogP,QED",C=CCc1cc(/C=C2\SC(=O)N(CC=C)C2=O)c(OC)cc1OC1CCCCO1,C=CCc1cc(/C=C2\SC(=O)N(CC=C(C)C)C2=O)c(OC)cc1OC1CCCCO1,CCCc1nc(C(C)(O)CC)c(C(=O)O)n1Cc1ccc(-c2ccccc2C(=O)O)cc1,O=C1NC(=O)/C(=C/c2ccc(OC3CCCCO3)cc2)S1,c1ccc(-c2ccc(Cn3ccnc3)cc2)cc1,False,True,False,,0.0784313725490196,0.08490566037735849,,,,,5.331600000000005,4.5648000000000035,0.7668000000000017,True,0.3995752918375223,0.45306462755991855,0.05348933572239628,True,,,,,,,,,,,,,,,,
edit_latent_source_similarity_rerank,mpair_00000736_cond_00_2p,mpair_00000736,eval,2,"QED,RB",C=CCc1cc(/C=C2\SC(=O)N(CCCC)C2=O)c(OC)cc1OC1CCCCO1,C=CCc1cc(/C=C2\SC(=O)N(C(C)C)C2=O)c(OC)cc1OC1CCCCO1,COc1cc(C(C)=O)ccc1OCCCN1CCCCC1,O=C1NC(=O)/C(=C/c2ccc(OC3CCCCO3)cc2)S1,c1ccc(OCCCN2CCCCC2)cc1,False,False,False,,0.2,0.17857142857142858,,,,,,,,,0.4701504427149941,0.571230403276405,0.10107996056141083,False,,,,,,,,,,,,,7.0,7.0,0.0,True
edit_latent_source_similarity_rerank,mpair_00000737_cond_02_2p,mpair_00000737,eval,2,"QED,HBD",C=CCc1cc(/C=C2\SC(=O)NC2=O)c(OC)cc1OC1CCCCO1,C=CCc1cc(/C=C2\SC(=O)N(C)C2=O)c(OC)cc1OC1CCCCO1,O=c1cc(-c2ccccc2)oc2cccc(OCCCCN3CCC(O)CC3)c12,O=C1NC(=O)/C(=C/c2ccc(OC3CCCCO3)cc2)S1,O=c1cc(-c2ccccc2)oc2cccc(OCCCCN3CCCCC3)c12,False,True,False,,0.15384615384615385,0.18888888888888888,,,,,,,,,0.5413211960634129,0.6131357561733932,0.07181456010998033,True,,,,,0.0,1.0,1.0,True,,,,,,,,
edit_latent_source_similarity_rerank,mpair_00000740_cond_02_2p,mpair_00000740,eval,2,"MW,QED",C=CCc1cc(/C=C2\SC(=O)N(C)C2=O)c(OC)cc1OC1CCCCO1,C=CCc1cc(/C=C2\SC(=O)N(CCCC)C2=O)c(OC)cc1OC1CCCCO1,COc1ccc(C2(Cc3ccccc3)C(=O)c3ccccc3C2=O)cc1OC1CCCC1,O=C1NC(=O)/C(=C/c2ccc(OC3CCCCO3)cc2)S1,O=C1c2ccccc2C(=O)C1(Cc1ccccc1)c1cccc(OC2CCCC2)c1,False,True,False,,0.21428571428571427,0.2,431.55400000000026,426.51200000000034,5.041999999999916,True,,,,,0.39718598618589046,0.4832628225929092,0.08607683640701874,True,,,,,,,,,,,,,,,,
edit_latent_source_similarity_rerank,mpair_00000744_cond_00_2p,mpair_00000744,eval,2,"LogP,RB",C=CCc1cc(/C=C2\SC(=O)N(CC=C(C)C)C2=O)c(OC)cc1OC1CCCCO1,C=CCc1cc(/C=C2\SC(=O)N(C(C)C)C2=O)c(OC)cc1OC1CCCCO1,COc1cccc(CCNC2CCCc3c2ccc(=O)n3CC=C(C)C)c1,O=C1NC(=O)/C(=C/c2ccc(OC3CCCCO3)cc2)S1,O=c1ccc2c([nH]1)CCCC2NCCc1ccccc1,False,True,False,,0.25,0.1717171717171717,,,,,4.773800000000004,4.0328000000000035,0.7410000000000005,True,,,,,,,,,,,,,,,,,7.0,7.0,0.0,True
edit_latent_source_similarity_rerank,mpair_00000746_cond_00_2p,mpair_00000746,eval,2,"QED,RB",C=CCc1cc(/C=C2\SC(=O)N(CC=C)C2=O)c(OC)cc1OC1CCCCO1,C=CCc1cc(/C=C2\SC(=O)N(CCCC)C2=O)c(OC)cc1OC1CCCCO1,C=CC(=O)Nc1cccc(Nc2ncnc3cc(OC)c(OCCN4CCOCC4)cc23)c1,O=C1NC(=O)/C(=C/c2ccc(OC3CCCCO3)cc2)S1,c1ccc(Nc2ncnc3ccc(OCCN4CCOCC4)cc23)cc1,False,True,False,,0.18269230769230768,0.19811320754716982,,,,,,,,,0.39718598618589046,0.48081849626457346,0.083632510078683,True,,,,,,,,,,,,,9.0,9.0,0.0,True
edit_latent_source_similarity_rerank,mpair_00000751_cond_02_2p,mpair_00000751,eval,2,"LogP,RB",O=C1CCC[C@H]2OC[C@@H](Cc3c[nH]c4ccccc34)N12,CC[C@H]1CCC(=O)N2[C@H](Cc3c[nH]c4ccccc34)CO[C@H]12,OC1CCCc2nc3ccccc3c(NCc3cccs3)c21,O=C1CCC[C@H]2OC[C@@H](Cc3c[nH]c4ccccc34)N12,c1csc(CNc2c3c(nc4ccccc24)CCCC3)c1,False,False,False,,0.19480519480519481,0.15853658536585366,,,,,3.0839000000000016,4.278100000000003,1.1942000000000013,False,,,,,,,,,,,,,,,,,3.0,3.0,0.0,True
edit_latent_source_similarity_rerank,mpair_00000755_cond_00_2p,mpair_00000755,eval,2,"LogP,RB",CC[C@H]1CCC(=O)N2[C@H](Cc3c[nH]c4ccccc34)CO[C@H]12,O=C1CCC[C@H]2OC[C@@H](Cc3c[nH]c4ccccc34)N12,CC[C@@H]1CCC(=O)N2[C@@H](Cc3c[nH]c4ccccc34)CO[C@@H]12,O=C1CCC[C@H]2OC[C@@H](Cc3c[nH]c4ccccc34)N12,O=C1CCC[C@@H]2OC[C@H](Cc3c[nH]c4ccccc34)N12,False,True,False,,1.0,0.6607142857142857,,,,,2.447800000000001,3.0839000000000016,0.6361000000000008,True,,,,,,,,,,,,,,,,,2.0,3.0,1.0,True
edit_latent_source_similarity_rerank,mpair_00000756_cond_02_2p,mpair_00000756,eval,2,"LogP,QED",Clc1cccc(-c2cncc(O[C@@H]3CCNC3)c2)c1,Clc1cccc(-c2cc(O[C@@H]3CCNC3)cnc2Cl)c1,Oc1ccc(Cl)cc1-n1c(S)nnc1-c1ccc(C(F)(F)F)cc1,c1ccc(-c2cncc(O[C@@H]3CCNC3)c2)cc1,c1ccc(-c2nncn2-c2ccccc2)cc1,False,False,False,,0.1388888888888889,0.13513513513513514,,,,,3.796100000000002,4.600800000000002,0.8047000000000004,True,0.8758671086324237,0.647158561668115,0.22870854696430865,False,,,,,,,,,,,,,,,,
edit_latent_source_similarity_rerank,mpair_00000759_cond_00_2p,mpair_00000759,eval,2,"MW,LogP",c1ccc(-c2cncc(O[C@@H]3CCNC3)c2)cc1,Clc1cccc(-c2cc(O[C@@H]3CCNC3)cnc2Cl)c1,Cn1cncc1C(OCc1ncc(C#N)cc1-c1cccc(Cl)c1)c1ccc(C#N)cc1,c1ccc(-c2cncc(O[C@@H]3CCNC3)c2)cc1,c1ccc(-c2cccnc2COC(c2ccccc2)c2cnc[nH]2)cc1,False,False,False,,0.16049382716049382,0.2625,309.196,439.90600000000006,130.71000000000004,False,3.796100000000002,5.185060000000004,1.3889600000000026,False,,,,,,,,,,,,,,,,,,,,
edit_latent_source_similarity_rerank,mpair_00000760_cond_02_2p,mpair_00000760,eval,2,"MW,LogP",Clc1cccc(-c2cc(O[C@@H]3CCNC3)cnc2Cl)c1,c1ccc(-c2cncc(O[C@@H]3CCNC3)c2)cc1,O=C1c2ccccc2-c2ccc(OCCN3CCCCC3)cc21,c1ccc(-c2cncc(O[C@@H]3CCNC3)c2)cc1,O=C1c2ccccc2-c2ccc(OCCN3CCCCC3)cc21,False,False,False,,0.15942028985507245,0.15873015873015872,240.30599999999998,307.39300000000003,67.08700000000005,False,2.4893,3.7627000000000024,1.2734000000000023,False,,,,,,,,,,,,,,,,,,,,
edit_latent_source_similarity_rerank,mpair_00000763_cond_01_2p,mpair_00000763,eval,2,"HBA,RB",COc1cccc(-c2cncc(O[C@@H]3CCNC3)c2)c1,c1ccc(-c2cncc(O[C@@H]3CCNC3)c2)cc1,COc1ccc2cccc(N3CCN(C(=O)C4CC4)CC3)c2c1,c1ccc(-c2cncc(O[C@@H]3CCNC3)c2)cc1,O=C(C1CC1)N1CCN(c2cccc3ccccc23)CC1,False,True,False,,0.2537313432835821,0.16176470588235295,,,,,,,,,,,,,,,,,,,,,3.0,3.0,0.0,True,3.0,3.0,0.0,True
edit_latent_source_similarity_rerank,mpair_00000765_cond_00_2p,mpair_00000765,eval,2,"QED,HBA",COc1cccc(-c2cncc(O[C@@H]3CCNC3)c2)c1,Clc1cccc(-c2cc(O[C@@H]3CCNC3)cnc2Cl)c1,CC(C)(CC(=O)O)Cc1nc2ccccc2n1Cc1cccc(C(F)(F)F)c1,c1ccc(-c2cncc(O[C@@H]3CCNC3)c2)cc1,c1ccc(Cn2cnc3ccccc32)cc1,False,False,False,,0.10975609756097561,0.09411764705882353,,,,,,,,,0.8758671086324237,0.6335407429400036,0.24232636569242005,False,,,,,,,,,3.0,3.0,0.0,True,,,,
edit_latent_source_similarity_rerank,mpair_00001116_cond_00_2p,mpair_00001116,eval,2,"HBA,RB",COc1ccc(N2CCN(CCC3NC(=O)c4ccccc43)CC2)cc1,O=C1NC(CCN2CCN(c3ccccc3)CC2)c2ccccc21,COc1ccc(N2CCN(Cc3nc4ccccc4[nH]3)CC2)cc1,O=C1NC(CCN2CCN(c3ccccc3)CC2)c2ccccc21,c1ccc(N2CCN(Cc3nc4ccccc4[nH]3)CC2)cc1,False,True,False,,0.41935483870967744,0.265625,,,,,,,,,,,,,,,,,,,,,3.0,4.0,1.0,True,4.0,4.0,0.0,True
edit_latent_source_similarity_rerank,mpair_00001119_cond_01_2p,mpair_00001119,eval,2,"HBA,RB",O=C1NC(CCN2CCN(c3ccccc3)CC2)c2ccccc21,COc1ccc(N2CCN(CCC3NC(=O)c4ccccc43)CC2)cc1,COC(=O)C1CCN(CCC(=O)N2CCN(c3ccc(F)cc3)CC2)CC1,O=C1NC(CCN2CCN(c3ccccc3)CC2)c2ccccc21,O=C(CCN1CCCCC1)N1CCN(c2ccccc2)CC1,False,True,False,,0.2537313432835821,0.3,,,,,,,,,,,,,,,,,,,,,4.0,5.0,1.0,True,5.0,5.0,0.0,True
edit_latent_source_similarity_rerank,mpair_00001121_cond_00_2p,mpair_00001121,eval,2,"MW,QED",O=C1NC(CCN2CCN(c3ccccc3)CC2)c2ccccc21,CN1C(=O)c2ccccc2C1CCN1CCN(c2ccc(Cl)cc2)CC1,O=c1oc2ncccc2n1CCN1CCN(c2cccc(C(F)(F)F)c2)CC1,O=C1NC(CCN2CCN(c3ccccc3)CC2)c2ccccc21,O=c1oc2ncccc2n1CCN1CCN(c2ccccc2)CC1,False,False,False,,0.2676056338028169,0.23684210526315788,369.8960000000001,392.38100000000003,22.484999999999957,True,,,,,0.8221231339252668,0.6835763522147694,0.1385467817104974,False,,,,,,,,,,,,,,,,
edit_latent_source_similarity_rerank,mpair_00001122_cond_02_2p,mpair_00001122,eval,2,"QED,HBD",COc1ccc(N2CCN(CCC3c4ccccc4C(=O)N3C)CC2)cc1,COc1ccc(N2CCN(CCC3NC(=O)c4ccccc43)CC2)cc1,O=C1NC(CCN2CCN(c3ccc4ccccc4c3)CC2)c2ccccc21,O=C1NC(CCN2CCN(c3ccccc3)CC2)c2ccccc21,O=C1NC(CCN2CCN(c3ccc4ccccc4c3)CC2)c2ccccc21,False,False,False,,0.45161290322580644,0.7169811320754716,,,,,,,,,0.8996022198661571,0.7569508134432963,0.14265140642286078,False,,,,,1.0,1.0,0.0,True,,,,,,,,
edit_latent_source_similarity_rerank,mpair_00001126_cond_00_2p,mpair_00001126,eval,2,"LogP,HBA",Cc1ccc(N2CCN(CCC3NC(=O)c4ccccc43)CC2)cc1C,COc1ccc(N2CCN(CCC3NC(=O)c4ccccc43)CC2)cc1,CNC(=O)c1ccc2c(c1)CCO[C@H]2CCN1CCN(c2ccc(OC)cc2)CC1,O=C1NC(CCN2CCN(c3ccccc3)CC2)c2ccccc21,c1ccc(N2CCN(CC[C@@H]3OCCc4ccccc43)CC2)cc1,False,True,False,,0.3037974683544304,0.410958904109589,,,,,2.692000000000001,2.8809000000000013,0.1889000000000003,True,,,,,,,,,,,,,4.0,5.0,1.0,True,,,,
edit_latent_source_similarity_rerank,mpair_00001129_cond_00_2p,mpair_00001129,eval,2,"QED,HBD",Cc1ccc(N2CCN(CCC3NC(=O)c4ccccc43)CC2)cc1C,CN1C(=O)c2ccccc2C1CCN1CCN(c2ccc(Cl)cc2)CC1,COc1ccc2c(c1)CCC(CCN1CCC(c3ccccc3)CC1)C2=O,O=C1NC(CCN2CCN(c3ccccc3)CC2)c2ccccc21,O=C1c2ccccc2CCC1CCN1CCC(c2ccccc2)CC1,False,True,False,,0.26666666666666666,0.2602739726027397,,,,,,,,,0.8221231339252668,0.7703942478207849,0.0517288861044819,True,,,,,0.0,0.0,0.0,True,,,,,,,,
edit_latent_source_similarity_rerank,mpair_00001130_cond_02_2p,mpair_00001130,eval,2,"LogP,RB",COc1ccc(N2CCN(CCC3c4ccccc4C(=O)N3C)CC2)cc1,CN1C(=O)c2ccccc2C1CCN1CCN(c2ccc(Cl)cc2)CC1,Cc1cc(C)c2c(c1O)C(NC(=O)CN1CCN(c3cccc(F)c3)CC1)C(C)(C)C2,O=C1NC(CCN2CCN(c3ccccc3)CC2)c2ccccc21,O=C(CN1CCN(c2ccccc2)CC1)NC1CCc2ccccc21,False,True,False,,0.2,0.20481927710843373,,,,,3.679000000000003,3.709940000000003,0.03094000000000019,True,,,,,,,,,,,,,,,,,4.0,4.0,0.0,True
edit_latent_source_similarity_rerank,mpair_00001134_cond_02_2p,mpair_00001134,eval,2,"MW,QED",FC(F)(F)c1cccc(N2CCN(c3nc4ccsc4n4cccc34)CC2)c1,Fc1ccc(N2CCN(c3nc4ccsc4n4cccc34)CC2)cc1,c1cc2c(N3CCN(CC4CC4)CC3)nc3ccsc3n2c1,c1ccc(N2CCN(c3nc4ccsc4n4cccc34)CC2)cc1,c1cc2c(N3CCN(CC4CC4)CC3)nc3ccsc3n2c1,False,False,False,,0.559322033898305,0.6226415094339622,352.43800000000016,312.442,39.99600000000015,False,,,,,0.5445182992427106,0.742476249321922,0.19795795007921146,False,,,,,,,,,,,,,,,,
edit_latent_source_similarity_rerank,mpair_00001617_cond_01_2p,mpair_00001617,eval,2,"QED,RB",Cc1cc(F)cc2c1OCc1c-2ccc2c1C(C)CC(C)(C)N2,CC1CC(C)(C)Nc2ccc3c(c21)COc1c-3cc(F)cc1[N+](=O)[O-],COc1cc2cc(-c3ccccc3)cnc2cc1OC,c1ccc2c(c1)OCc1c-2ccc2c1CCCN2,c1ccc(-c2cnc3ccccc3c2)cc1,False,False,False,,0.08571428571428572,0.07894736842105263,,,,,,,,,0.5855235809891088,0.7189382981579603,0.13341471716885145,False,,,,,,,,,,,,,1.0,3.0,2.0,False
edit_latent_source_similarity_rerank,mpair_00001643_cond_01_2p,mpair_00001643,eval,2,"MW,QED",C=C(Br)CC1(C(C)C)C(=O)NC(=O)N(C)C1=O,C=CCC1(C(C)C#CCC)C(=O)NC(=O)N(C)C1=O,COc1ccc2c3c(c(=O)oc2c1)CN(C(=O)c1ccccc1)CC3,O=C1CC(=O)NC(=O)N1,O=C(c1ccccc1)N1CCc2c(c(=O)oc3ccccc23)C1,False,False,False,,0.08108108108108109,0.06172839506172839,262.30899999999997,335.35900000000004,73.05000000000007,False,,,,,0.47348972477403223,0.6756277555159312,0.202138030741899,False,,,,,,,,,,,,,,,,
edit_latent_source_similarity_rerank,mpair_00002259_cond_00_2p,mpair_00002259,eval,2,"LogP,QED",Cc1ccccc1NC(=O)c1c(C)n(-c2ccccc2C)c(C)cc1=O,Cc1cccc(C)c1NC(=O)c1c(C)n(-c2c(C)cccc2C)c(C)cc1=O,CNC(=O)Nc1ccc(Nc2c3ccccc3nc3ccccc23)c(C)c1,O=C(Nc1ccccc1)c1cn(-c2ccccc2)ccc1=O,c1ccc(Nc2c3ccccc3nc3ccccc23)cc1,False,False,False,,0.25,0.21875,,,,,4.940320000000004,5.191320000000003,0.25099999999999856,True,0.7058233303377046,0.4425403765381194,0.2632829537995852,False,,,,,,,,,,,,,,,,
edit_latent_source_similarity_rerank,mpair_00002372_cond_00_2p,mpair_00002372,eval,2,"HBA,RB",CCCCCNC(=O)Nc1c(SCCCn2cnc(-c3ccccc3)c2C)cccc1N(C)C,CCCCCNC(=O)Nc1c(C)cccc1SCCCn1cnc(-c2ccccc2)c1C,CCCC[C@@H](C=O)NC(=O)OC(Cc1ccccc1)Cc1ccccc1,c1ccc(SCCCn2cnc(-c3ccccc3)c2)cc1,c1ccc(CCCc2ccccc2)cc1,False,True,False,,0.1839080459770115,0.1927710843373494,,,,,,,,,,,,,,,,,,,,,4.0,3.0,1.0,True,11.0,10.0,1.0,True
edit_latent_source_similarity_rerank,mpair_00002373_cond_02_2p,mpair_00002373,eval,2,"HBA,RB",CCCCCNC(=O)Nc1c(C)cccc1SCCCn1cnc(-c2ccccc2)c1C,CCCCCNC(=O)Nc1c(SCCCn2cnc(-c3ccccc3)c2C)cccc1N(C)C,CCCCCNC(=O)Nc1c(C)cccc1COCCn1cnc(-c2ccccc2)c1C,c1ccc(SCCCn2cnc(-c3ccccc3)c2)cc1,c1ccc(COCCn2cnc(-c3ccccc3)c2)cc1,False,True,False,,0.676056338028169,0.5769230769230769,,,,,,,,,,,,,,,,,,,,,5.0,4.0,1.0,True,12.0,11.0,1.0,True
edit_latent_source_similarity_rerank,mpair_00002463_cond_02_2p,mpair_00002463,eval,2,"LogP,RB",COc1ccc(NC(=O)c2cc(OCCCN(C)C)nn2Cc2ccccc2)cc1,CN(C)CCCOc1cc(C(=O)Nc2ccc(Cl)cc2F)n(Cc2ccccc2)n1,COc1ccc(OC)c(/C=C\c2ccc(OC)c(C(=O)NCCc3ccccc3)c2)c1,O=C(Nc1ccccc1)c1ccnn1Cc1ccccc1,O=C(NCCc1ccccc1)c1cccc(/C=C\c2ccccc2)c1,False,True,False,,0.2716049382716049,0.19101123595505617,,,,,4.306700000000003,4.855300000000004,0.5486000000000013,True,,,,,,,,,,,,,,,,,9.0,9.0,0.0,True
edit_latent_source_similarity_rerank,mpair_00002468_cond_00_2p,mpair_00002468,eval,2,"MW,QED",CN(C)CCCOc1cc(C(=O)Nc2cc(F)cc(C(F)(F)F)c2)n(Cc2ccccc2)n1,COc1ccc(NC(=O)c2cc(OCCCN(C)C)nn2Cc2ccccc2)cc1,CN(CCO)CCCCCCOc1ccc2oc(-c3ccccc3)cc(=O)c2c1,O=C(Nc1ccccc1)c1ccnn1Cc1ccccc1,O=c1cc(-c2ccccc2)oc2ccccc12,False,True,False,,0.1956521739130435,0.23809523809523808,408.50200000000007,395.4990000000001,13.002999999999986,True,,,,,0.5200250404910086,0.48994033468193365,0.030084705809074963,True,,,,,,,,,,,,,,,,
edit_latent_source_similarity_rerank,mpair_00002474_cond_02_2p,mpair_00002474,eval,2,"QED,TPSA",COc1cc(NC(=O)c2cc(OCCCN(C)C)nn2Cc2ccccc2)cc(OC)c1OC,CN(C)CCCOc1cc(C(=O)Nc2ccc(Cl)cc2F)n(Cc2ccccc2)n1,CCn1c(-c2ccc(NC(=O)c3ccccc3)cc2)c(C#N)c2ccc(OC)cc21,O=C(Nc1ccccc1)c1ccnn1Cc1ccccc1,O=C(Nc1ccc(-c2cc3ccccc3[nH]2)cc1)c1ccccc1,False,True,False,,0.23595505617977527,0.1935483870967742,,,,,,,,,0.5138601191048354,0.4877905392019801,0.0260695799028553,True,59.39,67.05,7.659999999999997,True,,,,,,,,,,,,
edit_latent_source_similarity_rerank,mpair_00002477_cond_01_2p,mpair_00002477,eval,2,"QED,RB",CN(C)CCCOc1cc(C(=O)Nc2cc(F)cc(C(F)(F)F)c2)n(Cc2ccccc2)n1,CN(C)CCCOc1cc(C(=O)Nc2ccc(OC(F)(F)F)cc2)n(Cc2ccccc2)n1,COc1c(-c2ccccc2)oc2ccc(OCCCCCCN3CCC(O)CC3)cc2c1=O,O=C(Nc1ccccc1)c1ccnn1Cc1ccccc1,O=c1cc(-c2ccccc2)oc2ccc(OCCCCCCN3CCCCC3)cc12,False,True,False,,0.16831683168316833,0.1958762886597938,,,,,,,,,0.4522382232340766,0.44381162687723247,0.008426596356844118,True,,,,,,,,,,,,,10.0,10.0,0.0,True
edit_latent_source_similarity_rerank,mpair_00002481_cond_02_2p,mpair_00002481,eval,2,"TPSA,HBA",COc1cc(NC(=O)c2cc(OCCCN(C)C)nn2Cc2ccccc2)cc(OC)c1OC,CN(C)CCCOc1cc(C(=O)Nc2cc(F)cc(C(F)(F)F)c2)n(Cc2ccccc2)n1,COc1ccc(CCC(=O)N[C@@H](Cc2ccccc2)C(=O)CCl)cc1OC,O=C(Nc1ccccc1)c1ccnn1Cc1ccccc1,O=C(CCc1ccccc1)NCCc1ccccc1,False,True,False,,0.27848101265822783,0.20689655172413793,,,,,,,,,,,,,59.39,64.63,5.239999999999995,True,,,,,5.0,4.0,1.0,True,,,,
edit_latent_source_similarity_rerank,mpair_00002484_cond_02_2p,mpair_00002484,eval,2,"LogP,RB",CN(C)CCCOc1cc(C(=O)Nc2cccc(Cl)c2)n(Cc2ccccc2)n1,COc1ccc(NC(=O)c2cc(OCCCN(C)C)nn2Cc2ccccc2)cc1,CCCCOc1ccc(C(=O)NC(=N)NCCCCc2ccccc2)cc1,O=C(Nc1ccccc1)c1ccnn1Cc1ccccc1,N=C(NCCCCc1ccccc1)NC(=O)c1ccccc1,False,True,False,,0.25316455696202533,0.2692307692307692,,,,,3.522800000000002,4.142570000000003,0.6197700000000008,True,,,,,,,,,,,,,,,,,10.0,10.0,0.0,True
edit_latent_source_similarity_rerank,mpair_00002487_cond_02_2p,mpair_00002487,eval,2,"QED,RB",CN(C)CCCOc1cc(C(=O)Nc2ccc(OC(F)(F)F)cc2)n(Cc2ccccc2)n1,CN(C)CCCOc1cc(C(=O)Nc2cc(F)cc(C(F)(F)F)c2)n(Cc2ccccc2)n1,CCN(C(=O)NCc1cccc(F)c1)C1CCN(CCC(c2ccccc2)c2ccccc2)CC1,O=C(Nc1ccccc1)c1ccnn1Cc1ccccc1,O=C(NCc1ccccc1)NC1CCN(CCC(c2ccccc2)c2ccccc2)CC1,False,True,False,,0.18947368421052632,0.22340425531914893,,,,,,,,,0.369385517709234,0.4110136860183784,0.0416281683091444,True,,,,,,,,,,,,,9.0,9.0,0.0,True
edit_latent_source_similarity_rerank,mpair_00002492_cond_02_2p,mpair_00002492,eval,2,"LogP,TPSA",CC(C)OC(=O)c1cc(CO)cn1S(=O)(=O)c1cc(Cl)ccc1N,C=Cc1cc(C(=O)OCC)n(S(=O)(=O)c2cc(Cl)ccc2N)c1,CC1(C)CCN(NC(=O)C(CCC(=O)O)NC(=O)c2cccc(Cl)c2)CC1,O=S(=O)(c1ccccc1)n1cccc1,O=C(CNC(=O)c1ccccc1)NN1CCCCC1,False,True,False,,0.1927710843373494,0.19047619047619047,,,,,2.7804,2.4564000000000004,0.32399999999999984,True,,,,,91.39,98.74000000000001,7.3500000000000085,True,,,,,,,,,,,,
edit_latent_source_similarity_rerank,mpair_00002495_cond_01_2p,mpair_00002495,eval,2,"LogP,RB",O=C1C(Nc2ccccc2)=C(Cl)C(=O)c2ncncc21,CCc1ccc(NC2=C(Cl)C(=O)c3ncncc3C2=O)cc1,CCOC(=O)C1=C(O)C(=O)N(C2c3ccccc3-c3ccccc32)C1,O=C1C(Nc2ccccc2)=CC(=O)c2ncncc21,O=C1C=CCN1C1c2ccccc2-c2ccccc21,False,True,False,,0.11940298507462686,0.14285714285714285,,,,,2.980500000000001,2.9738000000000016,0.006699999999999484,True,,,,,,,,,,,,,,,,,3.0,3.0,0.0,True
edit_latent_source_similarity_rerank,mpair_00002497_cond_00_2p,mpair_00002497,eval,2,"MW,LogP",O=C1C(Nc2ccc(Br)cc2)=C(Cl)C(=O)c2ncncc21,O=C1C(Nc2ccccc2)=C(Cl)C(=O)c2ncncc21,CNC(=O)OCc1ccc2c(c1)C(=O)c1ccccc1C2=O,O=C1C(Nc2ccccc2)=CC(=O)c2ncncc21,O=C1c2ccccc2C(=O)c2ccccc21,False,True,False,,0.12698412698412698,0.1694915254237288,285.69,295.29400000000004,9.604000000000042,True,2.4181,2.3180000000000005,0.10009999999999941,True,,,,,,,,,,,,,,,,,,,,
edit_latent_source_similarity_rerank,mpair_00002499_cond_02_2p,mpair_00002499,eval,2,"MW,LogP",O=C1C(Nc2cccc(Br)c2)=C(Cl)C(=O)c2ncncc21,O=C1C(Nc2ccccc2)=C(Cl)C(=O)c2ncncc21,CCCCn1c(=O)cc(Nc2ccc3c(c2)CCC3)[nH]c1=O,O=C1C(Nc2ccccc2)=CC(=O)c2ncncc21,O=c1cc(Nc2ccc3c(c2)CCC3)[nH]c(=O)[nH]1,False,True,False,,0.14864864864864866,0.12857142857142856,285.69,299.37399999999997,13.683999999999969,True,2.4181,2.569,0.15090000000000003,True,,,,,,,,,,,,,,,,,,,,
edit_latent_source_similarity_rerank,mpair_00002502_cond_01_2p,mpair_00002502,eval,2,"MW,QED",O=C1C(Nc2cccc(Br)c2)=C(Cl)C(=O)c2ncncc21,CCc1ccc(NC2=C(Cl)C(=O)c3ncncc3C2=O)cc1,O=C1c2cccnc2C(=O)c2ncc(CBr)cc21,O=C1C(Nc2ccccc2)=CC(=O)c2ncncc21,O=C1c2cccnc2C(=O)c2ncccc21,False,False,False,,0.2542372881355932,0.23728813559322035,313.744,303.115,10.629000000000019,True,,,,,0.9428073960459649,0.6462985672133771,0.2965088288325878,False,,,,,,,,,,,,,,,,
edit_latent_source_similarity_rerank,mpair_00002506_cond_00_2p,mpair_00002506,eval,2,"HBA,RB",Cc1ccc(C(=O)CN2c3ccccc3C(=O)N(Cc3ccccc3)S2(=O)=O)cc1,COc1ccc(C(=O)CN2c3ccccc3C(=O)N(Cc3ccccc3)S2(=O)=O)cc1,CCCc1ncc(C(=O)O)n1Cc1ccc(-c2ccccc2-c2nn[nH]n2)cc1,O=C(CN1c2ccccc2C(=O)N(Cc2ccccc2)S1(=O)=O)c1ccccc1,c1ccc(-c2nn[nH]n2)c(-c2ccc(Cn3ccnc3)cc2)c1,False,True,False,,0.24358974358974358,0.21951219512195122,,,,,,,,,,,,,,,,,,,,,5.0,6.0,1.0,True,6.0,7.0,1.0,True
edit_latent_source_similarity_rerank,mpair_00002510_cond_01_2p,mpair_00002510,eval,2,"LogP,HBA",CSc1cc(-c2ccc(Br)cc2)oc(=O)c1C#N,CSc1cc(-c2ccc(Br)cc2)oc(=O)c1Cl,COc1ccccc1-c1ccc2c(c1)C(=O)C(=O)c1ccccc1-2,O=c1cccc(-c2ccccc2)o1,O=C1C(=O)c2cc(-c3ccccc3)ccc2-c2ccccc21,False,True,False,,0.16071428571428573,0.16981132075471697,,,,,4.444600000000002,4.408200000000003,0.036399999999999544,True,,,,,,,,,,,,,3.0,3.0,0.0,True,,,,
edit_latent_source_similarity_rerank,mpair_00002517_cond_00_2p,mpair_00002517,eval,2,"MW,LogP",CSc1cc(-c2ccc(Cl)cc2)oc(=O)c1Br,CSc1cc(-c2ccc(Cl)cc2)oc(=O)c1,COc1cc(O)cc(/C=C/c2ccc(OC)c(OC)c2)c1,O=c1cccc(-c2ccccc2)o1,C(=C/c1ccccc1)\c1ccccc1,False,True,False,,0.08620689655172414,0.09090909090909091,252.72199999999998,286.327,33.60500000000002,True,3.682100000000002,3.5884000000000027,0.09369999999999923,True,,,,,,,,,,,,,,,,,,,,
edit_latent_source_similarity_rerank,mpair_00002525_cond_00_2p,mpair_00002525,eval,2,"QED,RB",CSc1cc(-c2ccc(Cl)cc2)oc(=O)c1C(N)=O,CSc1cc(-c2ccc(Br)cc2)oc(=O)c1C#N,C[C@H]1C[C@H](N)CN1c1nc2c(cc1F)c(=O)c(C(=O)O)cn2-c1ccc(F)cc1,O=c1cccc(-c2ccccc2)o1,O=c1ccn(-c2ccccc2)c2nc(N3CCCC3)ccc12,False,True,False,,0.12048192771084337,0.08235294117647059,,,,,,,,,0.791886779601309,0.6996076158353439,0.09227916376596512,True,,,,,,,,,,,,,2.0,3.0,1.0,True
edit_latent_source_similarity_rerank,mpair_00002533_cond_01_2p,mpair_00002533,eval,2,"LogP,HBA",CSc1cc(-c2ccc(Br)cc2)oc(=O)c1C#N,CSc1cc(-c2ccc(Cl)cc2)oc(=O)c1Br,Nc1cccc2oc(-c3ccc(Br)cc3)cc(=O)c12,O=c1cccc(-c2ccccc2)o1,O=c1cc(-c2ccccc2)oc2ccccc12,False,True,False,,0.35294117647058826,0.29411764705882354,,,,,4.444600000000001,3.8047000000000013,0.6398999999999999,True,,,,,,,,,,,,,3.0,3.0,0.0,True,,,,
edit_latent_source_similarity_rerank,mpair_00002543_cond_00_2p,mpair_00002543,eval,2,"TPSA,HBD",CSc1cc(-c2ccc(Br)cc2)oc(=O)c1Cl,CSc1cc(-c2ccc(Cl)cc2)oc(=O)c1C(N)=O,CC(C)COC(=O)c1ccccc1CSc1c(O)cc(-c2ccccc2)oc1=O,O=c1cccc(-c2ccccc2)o1,O=c1oc(-c2ccccc2)ccc1SCc1ccccc1,False,True,False,,0.2537313432835821,0.2571428571428571,,,,,,,,,,,,,73.30000000000001,76.74000000000001,3.4399999999999977,True,1.0,1.0,0.0,True,,,,,,,,
edit_latent_source_similarity_rerank,mpair_00002548_cond_02_2p,mpair_00002548,eval,2,"MW,LogP",CSc1cc(-c2ccc(Cl)cc2)oc(=O)c1,CSc1cc(-c2ccc(Br)cc2)oc(=O)c1Cl,Cc1c(-c2cccc(C(F)(F)F)c2)c(=O)oc2cc(OC(=O)N(C)C)ccc12,O=c1cccc(-c2ccccc2)o1,O=c1oc2ccccc2cc1-c1ccccc1,False,False,False,,0.17391304347826086,0.18309859154929578,331.61800000000005,391.3450000000001,59.72700000000003,False,4.444600000000002,4.847620000000004,0.4030200000000015,True,,,,,,,,,,,,,,,,,,,,
edit_latent_source_similarity_rerank,mpair_00002558_cond_00_2p,mpair_00002558,eval,2,"MW,HBA",CSc1nc(-c2ccc(OC(F)(F)F)cc2)nn1C(=O)N(C)c1ccccc1,CSc1nc(-c2ccc(Cl)cc2)nn1C(=O)N(C)c1ccccc1,CC(C)(C)OC(=O)[C@H](Cc1ccccc1)NCc1cccc(F)c1,O=C(Nc1ccccc1)n1cnc(-c2ccccc2)n1,c1ccc(CCNCc2ccccc2)cc1,False,False,False,,0.16666666666666666,0.13333333333333333,358.85400000000004,329.415,29.43900000000002,True,,,,,,,,,,,,,,,,,5.0,3.0,2.0,False,,,,
edit_latent_source_similarity_rerank,mpair_00002561_cond_02_2p,mpair_00002561,eval,2,"LogP,RB",CSc1nc(-c2ccc(C)cc2)nn1C(=O)N(C)c1ccccc1,CN(C(=O)n1nc(-c2ccc(Cl)cc2)nc1SCC(F)(F)F)c1ccccc1,CC(=O)N[C@H]1CCN(C(=O)c2cc(C(F)(F)F)cc(C(F)(F)F)c2)[C@H](Cc2ccccc2)C1,O=C(Nc1ccccc1)n1cnc(-c2ccccc2)n1,O=C(c1ccccc1)N1CCCC[C@H]1Cc1ccccc1,False,True,False,,0.15,0.19047619047619047,,,,,5.357400000000003,5.076200000000004,0.28119999999999923,True,,,,,,,,,,,,,,,,,4.0,4.0,0.0,True
edit_latent_source_similarity_rerank,mpair_00002564_cond_00_2p,mpair_00002564,eval,2,"LogP,HBA",CSc1nc(-c2ccc(OC(F)(F)F)cc2)nn1C(=O)N(C)c1ccccc1,CN(C(=O)n1nc(-c2ccc(Cl)cc2)nc1SCC(F)(F)F)c1ccccc1,Cc1cc(C(=O)Nc2ccccc2-n2cccc2)nn1-c1cccc(C(F)(F)F)c1,O=C(Nc1ccccc1)n1cnc(-c2ccccc2)n1,O=C(Nc1ccccc1-n1cccc1)c1ccn(-c2ccccc2)n1,False,True,False,,0.17857142857142858,0.20481927710843373,,,,,5.357400000000003,5.2425200000000025,0.11488000000000032,True,,,,,,,,,,,,,5.0,4.0,1.0,True,,,,
edit_latent_source_similarity_rerank,mpair_00002566_cond_02_2p,mpair_00002566,eval,2,"HBD,RB",COc1cc(C(=O)N2CCN(C(=O)c3cc(OC)c(OC)c(OC)c3)C(COC(=O)CC(C)(C)C)C2)cc(OC)c1OC,COc1cc(C(=O)N2CCN(C(=O)c3cc(OC)c(OC)c(OC)c3)C(COC(=O)NCCC(C)C)C2)cc(OC)c1OC,COc1cc(C(=O)NS(=O)(=O)c2ccccc2OC)ccc1Cn1ccc2ccc(NC(=O)CC3CCCC3)cc21,O=C(c1ccccc1)N1CCN(C(=O)c2ccccc2)CC1,O=C(CC1CCCC1)Nc1ccc2ccn(Cc3ccc(C(=O)NS(=O)(=O)c4ccccc4)cc3)c2c1,False,False,False,,0.20408163265306123,0.19607843137254902,,,,,,,,,,,,,,,,,1.0,2.0,1.0,True,,,,,13.0,10.0,3.0,False
edit_latent_source_similarity_rerank,mpair_00002569_cond_02_2p,mpair_00002569,eval,2,"TPSA,HBA",COc1cc(C(=O)N2CCN(C(=O)c3cc(OC)c(OC)c(OC)c3)CC2)cc(OC)c1OC,COc1cc(C(=O)N2CCN(C(=O)c3cc(OC)c(OC)c(OC)c3)C(CO)C2)cc(OC)c1OC,COc1cc([C@@H]2c3cc4c(cc3[C@@H](NC(=O)c3cccc(F)c3)[C@H]3COC(=O)[C@H]23)OCO4)cc(OC)c1O,O=C(c1ccccc1)N1CCN(C(=O)c2ccccc2)CC1,O=C(N[C@@H]1c2cc3c(cc2[C@@H](c2ccccc2)[C@H]2C(=O)OC[C@@H]21)OCO3)c1ccccc1,False,True,False,,0.18666666666666668,0.1724137931034483,,,,,,,,,,,,,116.23000000000002,112.55000000000001,3.680000000000007,True,,,,,9.0,8.0,1.0,True,,,,
edit_latent_source_similarity_rerank,mpair_00002573_cond_01_2p,mpair_00002573,eval,2,"LogP,RB",COc1cc(C(=O)N2CCN(C(=O)c3cc(OC)c(OC)c(OC)c3)C(COC(=O)CC(C)(C)C)C2)cc(OC)c1OC,COc1cc(C(=O)N2CCN(C(=O)c3cc(OC)c(OC)c(OC)c3)C(COC(C)=O)C2)cc(OC)c1OC,COc1ccc(-c2cc(C(=O)OCCCN3CCOCC3)nn2-c2ccc(S(N)(=O)=O)cc2)cc1,O=C(c1ccccc1)N1CCN(C(=O)c2ccccc2)CC1,O=C(OCCCN1CCOCC1)c1cc(-c2ccccc2)n(-c2ccccc2)n1,False,True,False,,0.15625,0.16483516483516483,,,,,2.2681000000000004,2.0744,0.19370000000000065,True,,,,,,,,,,,,,,,,,10.0,9.0,1.0,True
edit_latent_source_similarity_rerank,mpair_00002575_cond_02_2p,mpair_00002575,eval,2,"LogP,QED",COc1cc(C(=O)N2CCN(C(=O)c3cc(OC)c(OC)c(OC)c3)C(COC(C)=O)C2)cc(OC)c1OC,COc1cc(C(=O)N2CCN(C(=O)c3cc(OC)c(OC)c(OC)c3)C(COC(=O)CC(C)(C)C)C2)cc(OC)c1OC,COc1ccccc1N1CCN(CCCCN2C(=O)C3CCCCN3C2=O)CC1,O=C(c1ccccc1)N1CCN(C(=O)c2ccccc2)CC1,O=C1C2CCCCN2C(=O)N1CCCCN1CCN(c2ccccc2)CC1,False,False,False,,0.17721518987341772,0.16666666666666666,,,,,3.684400000000003,2.4141000000000004,1.2703000000000024,False,0.3521539372279048,0.5197271169044166,0.16757317967651186,False,,,,,,,,,,,,,,,,
edit_latent_source_similarity_rerank,mpair_00002578_cond_00_2p,mpair_00002578,eval,2,"LogP,RB",CCN(CC)C(=O)OCC1CN(C(=O)c2cc(OC)c(OC)c(OC)c2)CCN1C(=O)c1cc(OC)c(OC)c(OC)c1,COc1cc(C(=O)N2CCN(C(=O)c3cc(OC)c(OC)c(OC)c3)C(COC(=O)CC(C)(C)C)C2)cc(OC)c1OC,COc1cc(C(=O)NC(=N)NCCCCc2ccccc2)cc(OC)c1OC,O=C(c1ccccc1)N1CCN(C(=O)c2ccccc2)CC1,N=C(NCCCCc1ccccc1)NC(=O)c1ccccc1,False,False,False,,0.2702702702702703,0.25333333333333335,,,,,3.684400000000003,2.9894700000000016,0.6949300000000012,True,,,,,,,,,,,,,,,,,11.0,9.0,2.0,False
edit_latent_source_similarity_rerank,mpair_00002585_cond_02_2p,mpair_00002585,eval,2,"TPSA,RB",COc1cc(C(=O)N2CCN(C(=O)c3cc(OC)c(OC)c(OC)c3)C(COC(C)=O)C2)cc(OC)c1OC,COc1cc(C(=O)N2CCN(C(=O)c3cc(OC)c(OC)c(OC)c3)CC2)cc(OC)c1OC,COc1ccc(/C=C/C(=O)N2CCN(c3ccc(N4C[C@H](CNC(C)=O)OC4=O)cc3F)CC2)cc1,O=C(c1ccccc1)N1CCN(C(=O)c2ccccc2)CC1,O=C(/C=C/c1ccccc1)N1CCN(c2ccc(N3CCOC3=O)cc2)CC1,False,True,False,,0.2087912087912088,0.19230769230769232,,,,,,,,,,,,,96.00000000000001,91.42000000000002,4.579999999999998,True,,,,,,,,,8.0,7.0,1.0,True
edit_latent_source_similarity_rerank,mpair_00002595_cond_02_2p,mpair_00002595,eval,2,"TPSA,HBA",COc1cc(C(=O)N2CCN(C(=O)c3cc(OC)c(OC)c(OC)c3)CC2)cc(OC)c1OC,COc1cc(C(=O)N2CCN(C(=O)c3cc(OC)c(OC)c(OC)c3)C(COC(=O)CC(C)(C)C)C2)cc(OC)c1OC,COc1cc(NS(C)(=O)=O)ccc1Nc1c2ccccc2nc2c(C(=O)NCCCN(C)C)cccc12,O=C(c1ccccc1)N1CCN(C(=O)c2ccccc2)CC1,c1ccc(Nc2c3ccccc3nc3ccccc23)cc1,False,False,False,,0.14814814814814814,0.13861386138613863,,,,,,,,,,,,,122.30000000000001,112.65999999999998,9.640000000000029,True,,,,,10.0,7.0,3.0,False,,,,
edit_latent_source_similarity_rerank,mpair_00002599_cond_00_2p,mpair_00002599,eval,2,"TPSA,HBA",COc1ccc(C(=O)Nc2c(Cl)cncc2Cl)c2ccc(C(C)=O)nc12,CCc1ccc2c(C(=O)Nc3c(Cl)cncc3Cl)ccc(OC)c2n1,CCCC(=O)c1cnc2c(OC)cccc2c1Nc1ccc(OC)cc1C,O=C(Nc1ccncc1)c1cccc2ncccc12,c1ccc(Nc2ccnc3ccccc23)cc1,False,True,False,,0.2564102564102564,0.2857142857142857,,,,,,,,,,,,,64.11,60.45,3.6599999999999966,True,,,,,4.0,5.0,1.0,True,,,,
edit_latent_source_similarity_rerank,mpair_00002602_cond_00_2p,mpair_00002602,eval,2,"TPSA,HBD",COc1ccc(C(=O)Nc2ccncc2Cl)c2ccc(C(F)(F)F)nc12,COc1ccc(C(=O)Nc2c(Cl)cncc2Cl)c2ccc(C(C)O)nc12,COc1cc(NC(=O)C2CCCC2)c(Cl)cc1C(=O)N[C@H]1CCN(Cc2ccccc2)C1,O=C(Nc1ccncc1)c1cccc2ncccc12,O=C(N[C@H]1CCN(Cc2ccccc2)C1)c1ccc(NC(=O)C2CCCC2)cc1,False,True,False,,0.23595505617977527,0.2159090909090909,,,,,,,,,,,,,84.34,70.66999999999999,13.670000000000016,True,2.0,2.0,0.0,True,,,,,,,,
edit_latent_source_similarity_rerank,mpair_00002604_cond_01_2p,mpair_00002604,eval,2,"TPSA,HBA",CCc1ccc2c(C(=O)Nc3c(Cl)cncc3Cl)ccc(OC)c2n1,COc1ccc(C(=O)Nc2c(Cl)cncc2Cl)c2ccc(C(C)=O)nc12,COC(=O)c1ccc2c(C(=O)O)c(OC)ccc2c1,O=C(Nc1ccncc1)c1cccc2ncccc12,c1ccc2ccccc2c1,False,True,False,,0.265625,0.2698412698412698,,,,,,,,,,,,,81.17999999999999,72.83000000000001,8.34999999999998,True,,,,,5.0,4.0,1.0,True,,,,
edit_latent_source_similarity_rerank,mpair_00002609_cond_00_2p,mpair_00002609,eval,2,"LogP,QED",COc1ccc(C(=O)Nc2c(Cl)cncc2Cl)c2cccnc12,CCc1ccc2c(C(=O)Nc3c(Cl)cncc3Cl)ccc(OC)c2n1,COc1cc(NS(C)(=O)=O)ccc1Nc1c2c(nc3ccccc13)CCCC2,O=C(Nc1ccncc1)c1cccc2ncccc12,c1ccc(Nc2c3c(nc4ccccc24)CCCC3)cc1,False,True,False,,0.2,0.1927710843373494,,,,,4.759900000000003,4.237300000000003,0.5225999999999997,True,0.7131894410136064,0.6731532224786766,0.04003621853492978,True,,,,,,,,,,,,,,,,
edit_latent_source_similarity_rerank,mpair_00002612_cond_02_2p,mpair_00002612,eval,2,"LogP,RB",CCc1ccc2c(C(=O)Nc3c(Cl)cncc3Cl)ccc(OC)c2n1,COc1ccc(C(=O)Nc2c(F)cncc2F)c2ccc(C(F)(F)F)nc12,COc1oc(=O)c2cc(NC(=O)Nc3ccccc3)ccc2c1Cl,O=C(Nc1ccncc1)c1cccc2ncccc12,O=C(Nc1ccccc1)Nc1ccc2ccoc(=O)c2c1,False,True,False,,0.2535211267605634,0.20270270270270271,,,,,4.187700000000001,4.099000000000002,0.08869999999999933,True,,,,,,,,,,,,,,,,,3.0,3.0,0.0,True
edit_latent_source_similarity_rerank,mpair_00002616_cond_02_2p,mpair_00002616,eval,2,"HBA,RB",COc1ccc(C(=O)Nc2c(F)cncc2F)c2ccc(C(F)(F)F)nc12,COc1ccc(C(=O)Nc2c(Cl)cncc2Cl)c2ccc(C(C)=O)nc12,COc1ccc(S(=O)(=O)n2ccc3ccccc3c2=O)cc1OC,O=C(Nc1ccncc1)c1cccc2ncccc12,O=c1c2ccccc2ccn1S(=O)(=O)c1ccccc1,False,True,False,,0.2112676056338028,0.18055555555555555,,,,,,,,,,,,,,,,,,,,,5.0,6.0,1.0,True,4.0,4.0,0.0,True
edit_latent_source_similarity_rerank,mpair_00002621_cond_01_2p,mpair_00002621,eval,2,"MW,QED",COc1ccc(C(=O)Nc2c(Cl)cncc2Cl)c2cccnc12,COc1ccc(C(=O)Nc2c(F)cncc2F)c2ccc(C(F)(F)F)nc12,COc1ccc(C(=O)Nc2c(Cl)cncc2Cl)c2[nH]c(C3CC3)nc12,O=C(Nc1ccncc1)c1cccc2ncccc12,O=C(Nc1ccncc1)c1cccc2nc(C3CC3)[nH]c12,False,True,False,,0.5409836065573771,0.4057971014492754,383.276,377.23100000000017,6.044999999999845,True,,,,,0.6893032571109005,0.7062592542944063,0.016955997183505822,True,,,,,,,,,,,,,,,,
edit_latent_source_similarity_rerank,mpair_00002624_cond_00_2p,mpair_00002624,eval,2,"LogP,QED",COc1ccc(C(=O)Nc2ccncc2Cl)c2ccc(C(F)(F)F)nc12,COc1ccc(C(=O)Nc2ccncc2Cl)c2cccnc12,COc1ccc(C(=O)Nc2ncncc2Cl)c2cc(C(C)=O)oc12,O=C(Nc1ccncc1)c1cccc2ncccc12,O=C(Nc1ccncn1)c1cccc2occc12,False,True,False,,0.3835616438356164,0.45454545454545453,,,,,3.544100000000002,3.3397000000000014,0.20440000000000058,True,0.8029165077767629,0.7286188206081692,0.07429768716859375,True,,,,,,,,,,,,,,,,
edit_latent_source_similarity_rerank,mpair_00002628_cond_02_2p,mpair_00002628,eval,2,"LogP,QED",CC(C)[C@@H](O)C(=O)N1C[C@H](c2ccccc2)C[C@H]1C(=O)N[C@@H](CC(F)F)C(=O)NCCc1c(F)cc(C(=O)O)cc1F,CC(C)CC(=O)N1C[C@H](c2ccccc2)C[C@H]1C(=O)N[C@@H](CC(F)F)C(=O)NCCc1c(F)cc(C(=O)O)cc1F,CC(C)C[C@H](O)[C@H](O)[C@H](CC1CCCCC1)NC(=O)[C@H](C)O[C@@H](Cc1ccccc1)C(=O)N1CCC1,O=C(CNC(=O)[C@@H]1C[C@@H](c2ccccc2)CN1)NCCc1ccccc1,O=C(CO[C@@H](Cc1ccccc1)C(=O)N1CCC1)NCCC1CCCCC1,False,True,False,,0.22549019607843138,0.21568627450980393,,,,,3.892500000000002,3.4582000000000015,0.43430000000000035,True,0.3302613314122171,0.3837169944100981,0.053455662997881015,True,,,,,,,,,,,,,,,,
edit_latent_source_similarity_rerank,mpair_00003109_cond_00_2p,mpair_00003109,eval,2,"LogP,QED",CN1CCC[C@H]1COc1cccnn1,CN1CCC[C@H]1COc1ccc(Cl)nn1,CN1CCC[C@H]1COc1ccccn1,c1cnnc(OC[C@@H]2CCCN2)c1,c1ccc(OC[C@@H]2CCCN2)nc1,False,True,False,,0.725,0.5909090909090909,,,,,1.6029999999999998,1.5545999999999998,0.0484,True,0.7864914737289573,0.7262966235728063,0.060194850156151,True,,,,,,,,,,,,,,,,
edit_latent_source_similarity_rerank,mpair_00003110_cond_02_2p,mpair_00003110,eval,2,"QED,RB",CCCCc1nnc2nc(C)c(C)c(=O)n2n1,Cc1nc2nnc(C(C)(C)C)nn2c(=O)c1C,CN1Cc2csc3c(C(=O)O)c(=O)c4cc(F)c(N5CCNCC5)c1c4n23,O=c1ccnc2nncnn12,O=c1cc2scc3n2c2c(c(N4CCNCC4)ccc12)NC3,False,False,False,,0.08641975308641975,0.09090909090909091,,,,,,,,,0.6723856505150625,0.6961387501653374,0.023753099650274945,True,,,,,,,,,,,,,0.0,2.0,2.0,False
edit_latent_source_similarity_rerank,mpair_00003112_cond_01_2p,mpair_00003112,eval,2,"LogP,QED",Cc1nc2nnc(C(C)(C)C)nn2c(=O)c1C,Cc1nc2nncnn2c(=O)c1C,O=c1[nH]c(=O)n(C2CC(CO)C(O)C2F)cc1I,O=c1ccnc2nncnn12,O=c1ccn(C2CCCC2)c(=O)[nH]1,False,True,False,,0.06060606060606061,0.07936507936507936,,,,,-0.5036600000000002,-0.6064999999999998,0.1028399999999996,True,0.541825521381232,0.6059893854331427,0.06416386405191077,True,,,,,,,,,,,,,,,,
edit_latent_source_similarity_rerank,mpair_00003201_cond_01_2p,mpair_00003201,eval,2,"HBD,HBA",O=C(O)c1ccc(NCCCCCCc2cccs2)cc1,CCOC(=O)c1ccc(NCCCCCCc2cccs2)cc1,CCCCNC(=O)Nc1c(C)cccc1OCCCn1cnc(-c2ccccc2)c1CC,c1ccc(NCCCCCCc2cccs2)cc1,c1ccc(OCCCn2cnc(-c3ccccc3)c2)cc1,False,True,False,,0.14457831325301204,0.1744186046511628,,,,,,,,,,,,,,,,,1.0,2.0,1.0,True,4.0,4.0,0.0,True,,,,
edit_latent_source_similarity_rerank,mpair_00003203_cond_01_2p,mpair_00003203,eval,2,"TPSA,HBA",N#Cc1cnn(C(=O)OCc2ccc(-c3ccccc3)cc2)c1,Cc1cnn(C(=O)OCc2ccc(-c3ccccc3)cc2)c1,Cc1cnn(C(=O)OCCCCCc2ccccc2)c1,O=C(OCc1ccc(-c2ccccc2)cc1)n1cccn1,O=C(OCCCCCc1ccccc1)n1cccn1,False,True,False,,0.39655172413793105,0.5918367346938775,,,,,,,,,,,,,44.120000000000005,44.120000000000005,0.0,True,,,,,4.0,4.0,0.0,True,,,,
edit_latent_source_similarity_rerank,mpair_00003205_cond_00_2p,mpair_00003205,eval,2,"TPSA,HBA",N#Cc1cnn(C(=O)OCc2ccc(-c3ccccc3)cc2)c1,O=C(OCc1ccc(-c2ccccc2)cc1)n1cccn1,O=C(OCc1ccccc1)c1cn(Cc2ccccc2)c2ccc(Cc3ccccc3)cc2c1=O,O=C(OCc1ccc(-c2ccccc2)cc1)n1cccn1,O=C(OCc1ccccc1)c1cn(Cc2ccccc2)c2ccc(Cc3ccccc3)cc2c1=O,False,True,False,,0.2835820895522388,0.3114754098360656,,,,,,,,,,,,,44.120000000000005,48.3,4.179999999999993,True,,,,,4.0,4.0,0.0,True,,,,
edit_latent_source_similarity_rerank,mpair_00003208_cond_01_2p,mpair_00003208,eval,2,"QED,TPSA",NC(=O)N/N=C\c1ccccc1OCc1ccc2no[n+]([O-])c2c1,NC(=S)N/N=C/c1cccc(OCc2ccc3no[n+]([O-])c3c2)c1,CCOC(=O)[C@@H]1[C@H](c2cc(OC)c(OC)c(OC)c2)c2cc3c(cc2[C@H](O)[C@H]1CO)OCO3,c1ccc(OCc2ccc3no[nH+]c3c2)cc1,c1ccc([C@H]2CCCc3cc4c(cc32)OCO4)cc1,False,False,False,,0.12903225806451613,0.08080808080808081,,,,,,,,,0.30972390933844063,0.6015525479778924,0.29182863863945174,False,112.61,112.91000000000003,0.3000000000000256,True,,,,,,,,,,,,
edit_latent_source_similarity_rerank,mpair_00003211_cond_01_2p,mpair_00003211,eval,2,"MW,LogP",CC[C@H]1OC(=O)[C@H](C)[C@@H](OC(C)=O)[C@H](C)[C@@H](OC2O[C@H](C)C[C@H](N(C)C)C2O)[C@@](C)(OC)C[C@@H](C)C(=O)[C@H](C)[C@@H](O)[C@]1(C)O,CC[C@H]1OC(=O)[C@H](C)[C@@H](O)[C@H](C)[C@@H](OC2O[C@H](C)C[C@H](N(C)C)C2O)[C@@](C)(OC)C[C@@H](C)C(=O)[C@H](C)[C@@H](O)[C@]1(C)O,CNn1cc(C(=O)O)c(=O)c2cc(F)c(N3CCN(C(C)C)CC3)cc21,O=C1CCCCOC(=O)CCC[C@@H](OC2CCCCO2)CCC1,O=c1cc[nH]c2cc(N3CCNCC3)ccc12,False,False,False,,0.08256880733944955,0.0673076923076923,589.7670000000004,362.4050000000001,227.3620000000003,False,1.5145000000000022,1.5424999999999998,0.027999999999997582,True,,,,,,,,,,,,,,,,,,,,
edit_latent_source_similarity_rerank,mpair_00003215_cond_00_2p,mpair_00003215,eval,2,"MW,TPSA",COC(=O)c1ccc2c(Nc3ccc(Cl)cc3)nc(N3CCOCC3)nc2c1,Clc1ccc(Nc2nc(N3CCOCC3)nc3ccccc23)cc1,O=C(CNC(=O)c1ccccc1)Oc1cc(Cl)cc(Cl)c1,c1ccc(Nc2nc(N3CCOCC3)nc3ccccc23)cc1,O=C(CNC(=O)c1ccccc1)Oc1ccccc1,False,True,False,,0.1780821917808219,0.15384615384615385,340.81399999999996,324.163,16.650999999999954,True,,,,,,,,,50.28,55.400000000000006,5.1200000000000045,True,,,,,,,,,,,,
edit_latent_source_similarity_rerank,mpair_00003223_cond_00_2p,mpair_00003223,eval,2,"MW,QED",COc1ccc(S(=O)(=O)N(Cc2cccnc2)c2c(C)cc(Br)cc2C(=O)NO)cc1,COc1ccc(S(=O)(=O)N(Cc2cccnc2)c2c(C)cccc2C(=O)NO)cc1,COc1ccc(S(=O)(=O)N2CCN(Cc3ccccc3)CC2C(=O)NO)cc1,O=S(=O)(c1ccccc1)N(Cc1cccnc1)c1ccccc1,O=S(=O)(c1ccccc1)N1CCN(Cc2ccccc2)CC1,False,False,False,,0.30864197530864196,0.3125,427.48200000000014,405.47600000000006,22.006000000000085,True,,,,,0.44330794633881315,0.5511365604834944,0.1078286141446812,False,,,,,,,,,,,,,,,,
edit_latent_source_similarity_rerank,mpair_00003225_cond_00_2p,mpair_00003225,eval,2,"QED,RB",COCCCN(/C(S)=C1/C(=O)c2cc(Cl)ccc2N(C)C1=O)c1ccccc1,COc1cccc(N(C)/C(S)=C2/C(=O)c3cc(Cl)ccc3N(C)C2=O)c1,CN(C)CCn1nc2n(c1=O)-c1ccc(Cl)cc1C(c1ccccc1)=NC2,O=C1Nc2ccccc2C(=O)/C1=C/Nc1ccccc1,O=c1[nH]nc2n1-c1ccccc1C(c1ccccc1)=NC2,False,False,False,,0.31645569620253167,0.27848101265822783,,,,,,,,,0.4935411914533051,0.6976465165803584,0.20410532512705326,False,,,,,,,,,,,,,3.0,4.0,1.0,True
edit_latent_source_similarity_rerank,mpair_00003226_cond_02_2p,mpair_00003226,eval,2,"QED,RB",COc1cccc(N(C)/C(S)=C2/C(=O)c3cc(Cl)ccc3N(C)C2=O)c1,COCCCN(/C(S)=C1/C(=O)c2cc(Cl)ccc2N(C)C1=O)c1ccccc1,COc1ccc(C2(C)NC(=O)N(CC(O)CN3CCN(c4ccccc4C#N)CC3)C2=O)cc1,O=C1Nc2ccccc2C(=O)/C1=C/Nc1ccccc1,O=C1NC(c2ccccc2)C(=O)N1CCCN1CCN(c2ccccc2)CC1,False,False,False,,0.16129032258064516,0.14432989690721648,,,,,,,,,0.3319041471572704,0.5994053333728268,0.26750118621555635,False,,,,,,,,,,,,,6.0,7.0,1.0,True
edit_latent_source_similarity_rerank,mpair_00003229_cond_01_2p,mpair_00003229,eval,2,"HBD,HBA",CCCCc1nn(-c2ccccn2)c(C(=O)OCC)c1Cc1ccc(-c2ccccc2-c2nn[nH]n2)cc1,CCCCc1nn(-c2ccccn2)c(C(=O)O)c1Cc1ccc(-c2ccccc2-c2nn[nH]n2)cc1,CC(C)(N)CC(=O)NC1Cc2ccccc2N(Cc2ccc(-c3ccccc3-c3nn[nH]n3)cc2)C1=O,c1ccc(-n2cc(Cc3ccc(-c4ccccc4-c4nn[nH]n4)cc3)cn2)nc1,O=C1CCc2ccccc2N1Cc1ccc(-c2ccccc2-c2nn[nH]n2)cc1,False,True,False,,0.32653061224489793,0.3368421052631579,,,,,,,,,,,,,,,,,2.0,3.0,1.0,True,7.0,6.0,1.0,True,,,,
edit_latent_source_similarity_rerank,mpair_00003534_cond_00_2p,mpair_00003534,eval,2,"QED,RB",O=S(=O)(CC(F)(F)F)N(Cc1cccnc1)c1cccc(OC(F)(F)F)c1,CC(C)Oc1cccc(N(Cc2cccnc2)S(=O)(=O)CC(F)(F)F)c1,COc1cc(C(=O)c2ccn(Cc3ccccc3)c2)cc(OC)c1OC,c1ccc(NCc2cccnc2)cc1,O=C(c1ccccc1)c1ccn(Cc2ccccc2)c1,False,False,False,,0.12987012987012986,0.17105263157894737,,,,,,,,,0.7245796953652621,0.6077920622531321,0.11678763311213003,False,,,,,,,,,,,,,7.0,7.0,0.0,True
edit_latent_source_similarity_rerank,mpair_00003537_cond_00_2p,mpair_00003537,eval,2,"MW,QED",CC(C)COc1cccc(N(Cc2cccnc2)S(=O)(=O)CC(F)(F)F)c1,CCOC(=O)C(C)Oc1cccc(N(Cc2cccnc2)S(=O)(=O)CC(F)(F)F)c1,C[C@@H](C(=O)N[C@H]1CC(=O)OC1O)N1CC[C@H](NC(=O)OCc2ccccc2)C1=O,c1ccc(NCc2cccnc2)cc1,O=C(CN1CC[C@H](NC(=O)OCc2ccccc2)C1=O)N[C@@H]1COC(=O)C1,False,False,False,,0.125,0.15306122448979592,446.4470000000001,405.40700000000015,41.039999999999964,False,,,,,0.5496815697636838,0.5509502856886977,0.0012687159250139857,True,,,,,,,,,,,,,,,,
edit_latent_source_similarity_rerank,mpair_00003541_cond_02_2p,mpair_00003541,eval,2,"LogP,QED",CC(C)Oc1cccc(N(Cc2cccnc2)S(=O)(=O)CC(F)(F)F)c1,CCC(C)COc1cccc(N(Cc2cccnc2)S(=O)(=O)CC(F)(F)F)c1,COc1cccc(CN2C(=O)CN(C(=O)c3ccc(C(F)(F)F)cn3)C[C@@H]2Cc2ccccc2)c1,c1ccc(NCc2cccnc2)cc1,O=C(c1ccccn1)N1CC(=O)N(Cc2ccccc2)[C@@H](Cc2ccccc2)C1,False,True,False,,0.21739130434782608,0.20618556701030927,,,,,4.405200000000004,4.204900000000004,0.20030000000000037,True,0.6078002459089881,0.5272937865983554,0.08050645931063272,True,,,,,,,,,,,,,,,,
edit_latent_source_similarity_rerank,mpair_00003543_cond_01_2p,mpair_00003543,eval,2,"QED,RB",CC(C)Oc1cccc(N(Cc2cccnc2)S(=O)(=O)CC(F)(F)F)c1,COc1cccc(N(Cc2cccnc2)S(=O)(=O)CC(F)(F)F)c1,COc1ccc(Cc2ccc(C(C)C(=O)O)c3cc(OC)ccc23)cc1,c1ccc(NCc2cccnc2)cc1,c1ccc(Cc2cccc3ccccc23)cc1,False,True,False,,0.17105263157894737,0.20833333333333334,,,,,,,,,0.7946521442277092,0.7037617009733192,0.09089044325439,True,,,,,,,,,,,,,6.0,6.0,0.0,True
edit_latent_source_similarity_rerank,mpair_00003546_cond_00_2p,mpair_00003546,eval,2,"MW,RB",COc1cccc(N(Cc2cccnc2)S(=O)(=O)CC(F)(F)F)c1,CCCC(C)Oc1cccc(N(Cc2cccnc2)S(=O)(=O)CC(F)(F)F)c1,O=C(NCCc1ccc(F)cc1)Nc1ccccc1CN1CCN(Cc2ccccc2)CC1,c1ccc(NCc2cccnc2)cc1,O=C(NCCc1ccccc1)Nc1ccccc1CN1CCN(Cc2ccccc2)CC1,False,True,False,,0.10714285714285714,0.1111111111111111,416.4650000000001,446.57000000000033,30.105000000000246,True,,,,,,,,,,,,,,,,,,,,,9.0,8.0,1.0,True
edit_latent_source_similarity_rerank,mpair_00003548_cond_00_2p,mpair_00003548,eval,2,"QED,RB",CCOC(=O)C(C)Oc1cccc(N(Cc2cccnc2)S(=O)(=O)CC(F)(F)F)c1,O=S(=O)(CC(F)(F)F)N(Cc1cccnc1)c1cccc(OC(F)(F)F)c1,COC(=O)c1cc2cc(NCc3ccccc3OC)cnc2[nH]1,c1ccc(NCc2cccnc2)cc1,c1ccc(CNc2cnc3[nH]ccc3c2)cc1,False,True,False,,0.14772727272727273,0.13580246913580246,,,,,,,,,0.6736163493728189,0.7084691095796067,0.03485276020678785,True,,,,,,,,,,,,,6.0,5.0,1.0,True
edit_latent_source_similarity_rerank,mpair_00003554_cond_02_2p,mpair_00003554,eval,2,"LogP,QED",O=S(=O)(CC(F)(F)F)N(Cc1cccnc1)c1cccc(OC(F)(F)F)c1,CCC(C)COc1cccc(N(Cc2cccnc2)S(=O)(=O)CC(F)(F)F)c1,CC(C)c1ccc(N(Cc2cc(F)cc(F)c2)S(=O)(=O)c2cccn3cnnc23)cc1,c1ccc(NCc2cccnc2)cc1,O=S(=O)(c1cccn2cnnc12)N(Cc1ccccc1)c1ccccc1,False,False,False,,0.21951219512195122,0.22988505747126436,,,,,4.405200000000004,4.526400000000004,0.12119999999999997,True,0.6078002459089881,0.4401707345328755,0.1676295113761126,False,,,,,,,,,,,,,,,,
edit_latent_source_similarity_rerank,mpair_00003558_cond_00_2p,mpair_00003558,eval,2,"QED,RB",CC(C)COc1cccc(N(Cc2cccnc2)S(=O)(=O)CC(F)(F)F)c1,CC(C)Oc1cccc(N(Cc2cccnc2)S(=O)(=O)CC(F)(F)F)c1,COc1cc(OC)c(C(=O)N(C)c2ccc(-c3cccnc3)cc2F)cc1OC,c1ccc(NCc2cccnc2)cc1,O=C(Nc1ccc(-c2cccnc2)cc1)c1ccccc1,False,True,False,,0.20987654320987653,0.23076923076923078,,,,,,,,,0.7245796953652621,0.6252895134552828,0.09929018190997929,True,,,,,,,,,,,,,7.0,6.0,1.0,True
edit_latent_source_similarity_rerank,mpair_00003561_cond_01_2p,mpair_00003561,eval,2,"QED,HBA",CCOC(=O)C(C)Oc1cccc(N(Cc2cccnc2)S(=O)(=O)CC(F)(F)F)c1,COc1cccc(N(Cc2cccnc2)S(=O)(=O)CC(F)(F)F)c1,COc1cc(CBr)cc2c1C(=O)c1c(O)cccc1C2=O,c1ccc(NCc2cccnc2)cc1,O=C1c2ccccc2C(=O)c2ccccc21,False,True,False,,0.16049382716049382,0.19718309859154928,,,,,,,,,0.7946521442277092,0.7239912687425218,0.0706608754851874,True,,,,,,,,,4.0,4.0,0.0,True,,,,
edit_latent_source_similarity_rerank,mpair_00003563_cond_02_2p,mpair_00003563,eval,2,"LogP,RB",COc1cccc(N(Cc2cccnc2)S(=O)(=O)CC(F)(F)F)c1,CC(C)Oc1cccc(N(Cc2cccnc2)S(=O)(=O)CC(F)(F)F)c1,COc1ccc(-c2cc(=O)n(Cc3cccnc3)nc2-c2ccc(OC)cc2)cc1,c1ccc(NCc2cccnc2)cc1,O=c1cc(-c2ccccc2)c(-c2ccccc2)nn1Cc1cccnc1,False,True,False,,0.3333333333333333,0.2702702702702703,,,,,3.7675000000000027,4.037800000000003,0.27030000000000065,True,,,,,,,,,,,,,,,,,7.0,6.0,1.0,True
edit_latent_source_similarity_rerank,mpair_00003566_cond_00_2p,mpair_00003566,eval,2,"LogP,QED",CCC(C)COc1cccc(N(Cc2cccnc2)S(=O)(=O)CC(F)(F)F)c1,O=S(=O)(CC(F)(F)F)N(Cc1cccnc1)c1cccc(OC(F)(F)F)c1,CCC(C)NC(=O)NCCCOc1cccc(CN2CCCCC2)c1,c1ccc(NCc2cccnc2)cc1,c1ccc(CN2CCCCC2)cc1,False,True,False,,0.23529411764705882,0.16666666666666666,,,,,3.8789000000000025,3.539100000000003,0.33979999999999944,True,0.6736163493728189,0.6719350675102576,0.0016812818625613346,True,,,,,,,,,,,,,,,,
edit_latent_source_similarity_rerank,mpair_00003568_cond_00_2p,mpair_00003568,eval,2,"MW,RB",CCCCCc1nnc([S+]([O-])Cc2ncc(C)c(OC)c2C)o1,COc1c(C)cnc(C[S+]([O-])c2nnc(C)o2)c1C,COc1ccc(OC)c(NCc2coc3nc(N)nc(N)c23)c1,c1ccc(C[SH+]c2nnco2)nc1,c1ccc(NCc2coc3ncncc23)cc1,False,True,False,,0.13414634146341464,0.14864864864864866,281.337,315.333,33.99600000000004,True,,,,,,,,,,,,,,,,,,,,,4.0,5.0,1.0,True
edit_latent_source_similarity_rerank,mpair_00003570_cond_00_2p,mpair_00003570,eval,2,"QED,RB",CCCc1nnc([S+]([O-])Cc2ncc(C)c(OC)c2C)o1,CCCCCc1nnc([S+]([O-])Cc2ncc(C)c(OC)c2C)o1,COc1ccc(N2C(=O)[C@H](CCCc3ccccc3)[C@H]2c2ccc(NC(C)=O)cc2)cc1,c1ccc(C[SH+]c2nnco2)nc1,O=C1[C@H](CCCc2ccccc2)[C@@H](c2ccccc2)N1c1ccccc1,False,True,False,,0.0898876404494382,0.0989010989010989,,,,,,,,,0.5433471711908145,0.490153362050853,0.05319380913996152,True,,,,,,,,,,,,,8.0,8.0,0.0,True
edit_latent_source_similarity_rerank,mpair_00003573_cond_00_2p,mpair_00003573,eval,2,"LogP,RB",COc1c(C)cnc(C[S+]([O-])c2nnc(C)o2)c1C,CCCc1nnc([S+]([O-])Cc2ncc(C)c(OC)c2C)o1,CCOC(=O)CCCn1c(Cl)nc2cc(OC)c(OC)cc2c1=O,c1ccc(C[SH+]c2nnco2)nc1,O=c1[nH]cnc2ccccc12,False,True,False,,0.11842105263157894,0.125,,,,,2.35034,2.4104,0.06006,True,,,,,,,,,,,,,,,,,6.0,7.0,1.0,True
edit_latent_source_similarity_rerank,mpair_00003579_cond_01_2p,mpair_00003579,eval,2,"LogP,RB",CCCCCc1nnc([S+]([O-])Cc2ncc(C)c(OC)c2C)o1,CCc1nnc([S+]([O-])Cc2ncc(C)c(OC)c2C)o1,CCOc1c(OC)cc(CC(C)N)cc1OC,c1ccc(C[SH+]c2nnco2)nc1,c1ccccc1,False,True,False,,0.15151515151515152,0.16393442622950818,,,,,1.96024,1.9922,0.03195999999999999,True,,,,,,,,,,,,,,,,,5.0,6.0,1.0,True
edit_latent_source_similarity_rerank,mpair_00003586_cond_02_2p,mpair_00003586,eval,2,"MW,QED",CCc1nnc([S+]([O-])Cc2ncc(C)c(OC)c2C)o1,CCCCCc1nnc([S+]([O-])Cc2ncc(C)c(OC)c2C)o1,COc1ccc(-n2ccc(C(=O)c3cc(OC)c(OC)c(OC)c3)c2)cc1OC(C)C,c1ccc(C[SH+]c2nnco2)nc1,O=C(c1ccccc1)c1ccn(-c2ccccc2)c1,False,False,False,,0.11842105263157894,0.125,337.4450000000001,425.48100000000017,88.03600000000006,False,,,,,0.5433471711908145,0.4694070064750908,0.07394016471572373,True,,,,,,,,,,,,,,,,
edit_latent_source_similarity_rerank,mpair_00003595_cond_01_2p,mpair_00003595,eval,2,"LogP,RB",O=C(O)CC/C(=C/c1cccc(OCc2ccccc2)c1)c1ccccc1,O=C(O)/C(=C/c1cccc(OCc2ccccc2)c1)c1ccccc1,CC(C)c1cccc(C(C)C)c1NC(=O)NCC(C)(C)c1ccccc1,C(=Cc1cccc(OCc2ccccc2)c1)c1ccccc1,O=C(NCCc1ccccc1)Nc1ccccc1,False,False,False,,0.16666666666666666,0.1746031746031746,,,,,4.890800000000003,6.0327000000000055,1.1419000000000024,False,,,,,,,,,,,,,,,,,6.0,6.0,0.0,True
edit_latent_source_similarity_rerank,mpair_00003600_cond_00_2p,mpair_00003600,eval,2,"LogP,RB",CCN1C(=O)CC(c2noc3ccccc23)C1=O,CCCCN1C(=O)CC(c2noc3ccccc23)C1=O,CCOC1N=C(c2ccccc2)c2cc(Cl)ccc2N(CCO)C1=O,O=C1CC(c2noc3ccccc23)C(=O)N1,O=C1CN=C(c2ccccc2)c2ccccc2N1,False,True,False,,0.2361111111111111,0.24,,,,,2.4704000000000006,2.878900000000002,0.4085000000000014,True,,,,,,,,,,,,,,,,,4.0,5.0,1.0,True
edit_latent_source_similarity_rerank,mpair_00003601_cond_02_2p,mpair_00003601,eval,2,"LogP,RB",CCCCN1C(=O)CC(c2noc3ccccc23)C1=O,CCN1C(=O)CC(c2noc3ccccc23)C1=O,CN1CCN(c2cc3c(cc2F)c(=O)c(C(=O)O)cn3-c2ccc(F)cc2)CC1=O,O=C1CC(c2noc3ccccc23)C(=O)N1,O=C1CN(c2ccc3c(=O)ccn(-c4ccccc4)c3c2)CCN1,False,True,False,,0.14457831325301204,0.1375,,,,,1.6902,2.2455,0.5552999999999999,True,,,,,,,,,,,,,,,,,2.0,3.0,1.0,True
edit_latent_source_similarity_rerank,mpair_00003814_cond_00_2p,mpair_00003814,eval,2,"QED,RB",COc1ccc(C2=NN(C3CCCCCC3)C(=O)C3CC=CCC23)cc1OCCCCC(=O)O,COc1ccc(C2=NN(C3CCCCCC3)C(=O)C3CC=CCC23)cc1OCC(=O)O,CN1C(=O)c2cc(OCCCC(=O)O)c(Cl)c(Cl)c2C1=O,O=C1C2CC=CCC2C(c2ccccc2)=NN1C1CCCCCC1,O=C1NC(=O)c2ccccc21,False,False,False,,0.2727272727272727,0.189873417721519,,,,,,,,,0.5484541992566154,0.6613824895277889,0.11292829027117346,False,,,,,,,,,,,,,6.0,5.0,1.0,True
edit_latent_source_similarity_rerank,mpair_00003819_cond_00_2p,mpair_00003819,eval,2,"TPSA,HBD",COc1ccc(C2=NN(C3CCCCCC3)C(=O)C3CC=CCC23)cc1OCCCCC(=O)O,COc1ccc(C2=NN(C3CCCCCC3)C(=O)C3CC=CCC23)cc1OCCCCN(C)C,CC(C)Oc1ccccc1N1CCN(Cc2cccc(C(=O)NC3CCCCC3)c2)CC1,O=C1C2CC=CCC2C(c2ccccc2)=NN1C1CCCCCC1,O=C(NC1CCCCC1)c1cccc(CN2CCN(c3ccccc3)CC2)c1,False,True,False,,0.21052631578947367,0.1875,,,,,,,,,,,,,54.37,44.81,9.559999999999995,True,0.0,1.0,1.0,True,,,,,,,,
edit_latent_source_similarity_rerank,mpair_00003820_cond_02_2p,mpair_00003820,eval,2,"HBA,RB",COc1ccc(C2=NN(C3CCCCCC3)C(=O)C3CC=CCC23)cc1Cl,COc1ccc(C2=NN(C3CCCCCC3)C(=O)C3CC=CCC23)cc1OCCCCN(C)C,COc1ccccc1N1CCN(CCCCC2CCCc3c(OC)cccc32)CC1,O=C1C2CC=CCC2C(c2ccccc2)=NN1C1CCCCCC1,c1ccc(N2CCN(CCCCC3CCCc4ccccc43)CC2)cc1,False,True,False,,0.1686746987951807,0.17582417582417584,,,,,,,,,,,,,,,,,,,,,5.0,4.0,1.0,True,9.0,8.0,1.0,True
edit_latent_source_similarity_rerank,mpair_00003824_cond_01_2p,mpair_00003824,eval,2,"LogP,RB",CSc1ccc(Cn2ccc3c4c(N)nc(N)nc4ccc32)cc1,CC(C)(C)c1ccc(Cn2ccc3c4c(N)nc(N)nc4ccc32)cc1,COc1ccc(Sc2cccc3nc(N)nc(N)c23)cc1OC,c1ccc(Cn2ccc3c4cncnc4ccc32)cc1,c1ccc(Sc2cccc3ncncc23)cc1,False,False,False,,0.31746031746031744,0.25757575757575757,,,,,4.094700000000002,2.9626,1.132100000000002,False,,,,,,,,,,,,,,,,,2.0,4.0,2.0,False
edit_latent_source_similarity_rerank,mpair_00003830_cond_01_2p,mpair_00003830,eval,2,"MW,RB",CCc1ccc(Cn2ccc3c4c(N)nc(N)nc4ccc32)cc1,CC(C)c1ccc(Cn2ccc3c4c(N(C)C)nc(N(C)C)nc4ccc32)cc1,CC(C)[C@H](NS(=O)(=O)c1ccc(-c2ccc(Br)cc2)cc1)C(=O)O,c1ccc(Cn2ccc3c4cncnc4ccc32)cc1,c1ccc(-c2ccccc2)cc1,False,True,False,,0.05714285714285714,0.08108108108108109,387.5310000000001,412.30500000000006,24.773999999999944,True,,,,,,,,,,,,,,,,,,,,,5.0,6.0,1.0,True
edit_latent_source_similarity_rerank,mpair_00003836_cond_01_2p,mpair_00003836,eval,2,"TPSA,HBA",Nc1cc(Cl)nc(SCc2ccc3ccccc3c2)n1,Clc1ccnc(SCc2ccc3ccccc3c2)n1,FC(Br)C(F)(F)Sc1nc(-c2ccccc2)c(-c2ccccc2)[nH]1,c1cnc(SCc2ccc3ccccc3c2)nc1,c1ccc(-c2nc[nH]c2-c2ccccc2)cc1,False,True,False,,0.12698412698412698,0.12903225806451613,,,,,,,,,,,,,25.78,28.68,2.8999999999999986,True,,,,,3.0,2.0,1.0,True,,,,
edit_latent_source_similarity_rerank,mpair_00003839_cond_02_2p,mpair_00003839,eval,2,"HBD,HBA",Clc1ccnc(SCc2ccc3ccccc3c2)n1,Nc1cc(Cl)nc(SCc2ccc3ccccc3c2)n1,O=C(O)c1ccc(CCCOc2ccc3ccc(OCc4ccc5ccccc5n4)cc3c2)cc1,c1cnc(SCc2ccc3ccccc3c2)nc1,c1ccc(CCCOc2ccc3ccc(OCc4ccc5ccccc5n4)cc3c2)cc1,False,True,False,,0.24242424242424243,0.22058823529411764,,,,,,,,,,,,,,,,,1.0,1.0,0.0,True,4.0,4.0,0.0,True,,,,
edit_latent_source_similarity_rerank,mpair_00004151_cond_01_2p,mpair_00004151,eval,2,"HBA,RB",c1ccc(CCCN2CCN(c3ccccc3)CC2)cc1,COc1ccccc1N1CCN(CCCc2ccccc2)CC1,COc1ccccc1N1CCN(CCCCc2ccc(F)cc2)CC1,c1ccc(CCCN2CCN(c3ccccc3)CC2)cc1,c1ccc(CCCCN2CCN(c3ccccc3)CC2)cc1,False,True,False,,0.44680851063829785,0.7674418604651163,,,,,,,,,,,,,,,,,,,,,3.0,3.0,0.0,True,6.0,7.0,1.0,True
edit_latent_source_similarity_rerank,mpair_00004169_cond_01_2p,mpair_00004169,eval,2,"HBA,RB",COc1ccccc1N1CCN(CCCc2ccccc2)CC1,c1ccc(CCCN2CCN(c3ccccc3)CC2)cc1,Clc1cccc(N2CCN(CCc3ccccc3)CC2)c1,c1ccc(CCCN2CCN(c3ccccc3)CC2)cc1,c1ccc(CCN2CCN(c3ccccc3)CC2)cc1,False,True,False,,0.4,0.5897435897435898,,,,,,,,,,,,,,,,,,,,,2.0,2.0,0.0,True,5.0,4.0,1.0,True
edit_latent_source_similarity_rerank,mpair_00004176_cond_00_2p,mpair_00004176,eval,2,"TPSA,HBD",Oc1nc2nc3ccnc(-c4ccccc4)c3cc2s1,O=[N+]([O-])c1cc(-c2nccc3nc4nc(O)sc4cc23)ccc1O,CC(=O)Nc1nc(O)c2cc(S(=O)(=O)c3ccc4ccccc4c3)ccc2n1,c1ccc(-c2nccc3nc4ncsc4cc23)cc1,O=S(=O)(c1ccc2ccccc2c1)c1ccc2ncncc2c1,False,True,False,,0.19696969696969696,0.16883116883116883,,,,,,,,,,,,,122.27000000000001,109.24999999999999,13.020000000000024,True,2.0,2.0,0.0,True,,,,,,,,
edit_latent_source_similarity_rerank,mpair_00004326_cond_02_2p,mpair_00004326,eval,2,"TPSA,HBA",NS(=O)(=O)c1ccc(NC(=O)c2cc3ccccc3oc2=O)cc1,O=C(Nc1ccc(Br)cc1)c1c(O)c2ccccc2oc1=O,CCCCS(=O)(=O)c1ccc(O)c(C(=O)Nc2ccc(C(F)(F)F)cc2)c1,O=C(Nc1ccccc1)c1cc2ccccc2oc1=O,O=C(Nc1ccccc1)c1ccccc1,False,True,False,,0.359375,0.21739130434782608,,,,,,,,,,,,,79.53999999999999,83.47,3.930000000000007,True,,,,,4.0,4.0,0.0,True,,,,
edit_latent_source_similarity_rerank,mpair_00004330_cond_01_2p,mpair_00004330,eval,2,"QED,RB",CCCCC1=CC2Cc3nc4ccccc4c(N)c3C(C1)C2,CC1=CC2Cc3nc4cc(C)ccc4c(N)c3C(C1)C2,CN1CCN(C(=O)N2CCN(c3ccccc3)CC2)CC1,C1=CC2Cc3nc4ccccc4cc3C(C1)C2,O=C(N1CCNCC1)N1CCN(c2ccccc2)CC1,False,True,False,,0.12121212121212122,0.078125,,,,,,,,,0.7268324945600372,0.7770716586778487,0.050239164117811486,True,,,,,,,,,,,,,0.0,1.0,1.0,True
edit_latent_source_similarity_rerank,mpair_00004334_cond_01_2p,mpair_00004334,eval,2,"LogP,RB",CC1=CC2Cc3nc4cccc(F)c4c(N)c3C(C1)C2,CCCCC1=CC2Cc3nc4ccccc4c(N)c3C(C1)C2,FC(F)(F)c1ccc(-c2cn(Cc3ccccc3)cn2)cc1,C1=CC2Cc3nc4ccccc4cc3C(C1)C2,c1ccc(Cn2cnc(-c3ccccc3)c2)cc1,False,True,False,,0.08333333333333333,0.1095890410958904,,,,,4.983300000000003,4.617200000000004,0.3660999999999994,True,,,,,,,,,,,,,,,,,3.0,3.0,0.0,True
edit_latent_source_similarity_rerank,mpair_00004336_cond_02_2p,mpair_00004336,eval,2,"QED,RB",CC1=CC2Cc3nc4cc(C)ccc4c(N)c3C(C1)C2,CCCC1=CC2Cc3nc4ccccc4c(N)c3C(C1)C2,CC(C)(C)OC(=O)CNC(=O)c1ccc2c(c1)C(=O)C(=O)c1ccccc1-2,C1=CC2Cc3nc4ccccc4cc3C(C1)C2,O=C1C(=O)c2ccccc2-c2ccccc21,False,False,False,,0.0958904109589041,0.12162162162162163,,,,,,,,,0.8157359273844266,0.66725714236431,0.14847878502011658,False,,,,,,,,,,,,,2.0,3.0,1.0,True
edit_latent_source_similarity_rerank,mpair_00004339_cond_02_2p,mpair_00004339,eval,2,"LogP,RB",CC1=CC2Cc3nc4cc(C)ccc4c(N)c3C(C1)C2,CCCCC1=CC2Cc3nc4ccccc4c(N)c3C(C1)C2,O=C(NCc1ccccc1)c1cc(-c2ccccc2)nc2ccccc12,C1=CC2Cc3nc4ccccc4cc3C(C1)C2,O=C(NCc1ccccc1)c1cc(-c2ccccc2)nc2ccccc12,False,True,False,,0.11594202898550725,0.18840579710144928,,,,,4.983300000000003,4.831800000000003,0.1515000000000004,True,,,,,,,,,,,,,,,,,3.0,4.0,1.0,True
edit_latent_source_similarity_rerank,mpair_00004346_cond_01_2p,mpair_00004346,eval,2,"LogP,TPSA",COc1cc(C(C)=O)ccc1OCCCN1CCC(CC(O)(c2ccc(F)cc2)c2ccc(F)cc2)CC1,COc1cc(C(C)=O)ccc1OCCCN1CCC(CC(c2ccc(F)cc2)c2ccc(F)cc2)CC1,COc1cc2ccccc2cc1CC(=O)CC1CCN(Cc2ccccc2)CC1,c1ccc(OCCCN2CCC(CC(c3ccccc3)c3ccccc3)CC2)cc1,O=C(Cc1ccc2ccccc2c1)CC1CCN(Cc2ccccc2)CC1,False,False,False,,0.2875,0.3076923076923077,,,,,6.879100000000007,5.262300000000005,1.6168000000000022,False,,,,,38.77,29.54,9.230000000000004,True,,,,,,,,,,,,
edit_latent_source_similarity_rerank,mpair_00004349_cond_01_2p,mpair_00004349,eval,2,"QED,HBA",COC(=O)[C@H](Cc1ccccc1)NC(=O)CSC1=C(C)C(=O)c2cccc(OC)c2C1=O,COC(=O)[C@H](Cc1ccccc1)NC(=O)CSC1=C(C)C(=O)c2ccccc2C1=O,COC(=O)c1ccccc1OCCCOc1cc2c(cc1O)CCO2,O=C(CSC1=CC(=O)c2ccccc2C1=O)NCCc1ccccc1,c1ccc(OCCCOc2ccc3c(c2)OCC3)cc1,False,True,False,,0.20987654320987653,0.2,,,,,,,,,0.6889794254792466,0.6148028466659893,0.07417657881325734,True,,,,,,,,,6.0,6.0,0.0,True,,,,
edit_latent_source_similarity_rerank,mpair_00004352_cond_02_2p,mpair_00004352,eval,2,"QED,HBA",COC(=O)[C@H](Cc1ccccc1)NC(=O)CSC1=C(C)C(=O)c2ccccc2C1=O,COC(=O)[C@H](Cc1ccccc1)NC(=O)CSC1=C(OC)C(=O)c2ccccc2C1=O,CO[C@H]1C(=O)N2C(C(=O)OC(c3ccccc3)c3ccccc3)=C(COC(C)=O)CSC12,O=C(CSC1=CC(=O)c2ccccc2C1=O)NCCc1ccccc1,O=C(OC(c1ccccc1)c1ccccc1)C1=CCSC2CC(=O)N12,False,False,False,,0.2125,0.20987654320987653,,,,,,,,,0.6313340514980256,0.4707176937668143,0.16061635773121125,False,,,,,,,,,7.0,7.0,0.0,True,,,,
edit_latent_source_similarity_rerank,mpair_00004357_cond_02_2p,mpair_00004357,eval,2,"TPSA,HBD",Cc1ccc(O)c(NCCCN2CCC(C(O)(c3ccccc3)c3ccc(Cl)cc3)CC2)c1,OC(c1ccc(F)cc1)(c1ccc(F)cc1)C1CCN(CCCNc2ccccc2)CC1,O=C(NCCCCN1CCC(Cc2ccccc2)CC1)c1ccc(F)cc1,c1ccc(NCCCN2CCC(C(c3ccccc3)c3ccccc3)CC2)cc1,O=C(NCCCCN1CCC(Cc2ccccc2)CC1)c1ccccc1,False,True,False,,0.28205128205128205,0.4426229508196721,,,,,,,,,,,,,35.5,32.34,3.1599999999999966,True,2.0,1.0,1.0,True,,,,,,,,
edit_latent_source_similarity_rerank,mpair_00004359_cond_02_2p,mpair_00004359,eval,2,"QED,HBD",Cc1ccc(O)c(NCCCN2CCC(C(O)(c3ccccc3)c3ccccc3)CC2)c1,CN(CCCN1CCC(C(O)(c2ccc(F)cc2)c2ccc(F)cc2)CC1)c1ccccc1,CC1=C(C(=O)NCCCN2CCC(c3ccc(F)cc3)CC2)[C@@H](c2ccc(F)c(F)c2)N(C)C(=O)N1C,c1ccc(NCCCN2CCC(C(c3ccccc3)c3ccccc3)CC2)cc1,O=C1NC=C(C(=O)NCCCN2CCC(c3ccccc3)CC2)[C@@H](c2ccccc2)N1,False,True,False,,0.2619047619047619,0.275,,,,,,,,,0.4951549056938603,0.5403369514343458,0.04518204574048551,True,,,,,1.0,1.0,0.0,True,,,,,,,,
edit_latent_source_similarity_rerank,mpair_00004372_cond_02_2p,mpair_00004372,eval,2,"QED,HBD",CN(CCCN1CCC(C(O)(c2ccc(F)cc2)c2ccc(F)cc2)CC1)c1ccccc1,Cc1ccc(O)c(NCCCN2CCC(C(O)(c3ccccc3)c3ccc(Cl)cc3)CC2)c1,CC(=O)c1cccc(NC(=O)NCCCN2CCC[C@H](Cc3ccc(F)cc3)C2)c1,c1ccc(NCCCN2CCC(C(c3ccccc3)c3ccccc3)CC2)cc1,O=C(NCCCN1CCC[C@H](Cc2ccccc2)C1)Nc1ccccc1,False,False,False,,0.25925925925925924,0.21739130434782608,,,,,,,,,0.2908765692038643,0.4968303673066538,0.20595379810278952,False,,,,,3.0,2.0,1.0,True,,,,,,,,
edit_latent_source_similarity_rerank,mpair_00004376_cond_00_2p,mpair_00004376,eval,2,"TPSA,HBA",Cc1ccc(O)c(NCCCN2CCC(C(O)(c3ccccc3)c3ccccc3)CC2)c1,OC(c1ccc(F)cc1)(c1ccc(F)cc1)C1CCN(CCCNc2ccccc2)CC1,CCN(CC)CCCNC(=O)C(c1ccccc1)c1ccccc1,c1ccc(NCCCN2CCC(C(c3ccccc3)c3ccccc3)CC2)cc1,c1ccc(Cc2ccccc2)cc1,False,True,False,,0.17391304347826086,0.171875,,,,,,,,,,,,,35.5,32.34,3.1599999999999966,True,,,,,3.0,2.0,1.0,True,,,,
edit_latent_source_similarity_rerank,mpair_00004599_cond_02_2p,mpair_00004599,eval,2,"LogP,HBA",C=C1CCCC2C1(C)CCC(C)C2(C)C/C=C1\[C@@H](OC(C)=O)O[C@H](OC(C)=O)[C@H]1OC(C)=O,C=C1CCCC2C1(C)CCC(C)C2(C)C/C=C1\[C@@H](OC(C)=O)O[C@H](OC(C)=O)[C@H]1O,COC(=O)C1CC(c2ccccc2OCc2ccc(OC)cc2)=NO1,C=C1CCCC2C(C/C=C3/CCOC3)CCCC12,c1ccc(COc2ccccc2C2=NOCC2)cc1,False,False,False,,0.14772727272727273,0.14606741573033707,,,,,4.271200000000004,2.9402000000000017,1.3310000000000022,False,,,,,,,,,,,,,6.0,6.0,0.0,True,,,,
edit_latent_source_similarity_rerank,mpair_00004603_cond_01_2p,mpair_00004603,eval,2,"QED,TPSA",C=C1CCCC2C1(C)CCC(C)C2(C)C/C=C1/C[C@@H](OC(C)=O)O[C@@H]1OC(C)=O,C=C1CCCC2C1(C)CCC(C)C2(C)C/C=C1\[C@@H](OC(C)=O)O[C@H](OC(C)=O)[C@H]1O,CN(CCN(C)c1cc(=O)n(C)c(=O)n1C)CC(O)COc1ccccc1,C=C1CCCC2C(C/C=C3/CCOC3)CCCC12,O=c1cc(NCCNCCCOc2ccccc2)[nH]c(=O)[nH]1,False,False,False,,0.08791208791208792,0.08602150537634409,,,,,,,,,0.540204408964813,0.6580142806320392,0.11780987166722612,False,82.06,79.94,2.1200000000000045,True,,,,,,,,,,,,
edit_latent_source_similarity_rerank,mpair_00004605_cond_02_2p,mpair_00004605,eval,2,"MW,LogP",N=c1sc2cc(OC(F)(F)F)ccc2n1CCN1CCC(c2ccccc2)CC1,N=c1sc2ccccc2n1CCN1CCC(c2ccc(F)cc2)CC1,CCOC(=O)c1ccc(NCCCc2ccc(OC)cc2)cc1,N=c1sc2ccccc2n1CCN1CCC(c2ccccc2)CC1,c1ccc(CCCNc2ccccc2)cc1,False,False,False,,0.125,0.07894736842105263,355.482,313.397,42.085000000000036,False,4.200970000000003,3.9166000000000034,0.28437,True,,,,,,,,,,,,,,,,,,,,
edit_latent_source_similarity_rerank,mpair_00004608_cond_02_2p,mpair_00004608,eval,2,"HBD,HBA",C=C1C[C@@]23O[C@]2(c2ccccc21)C1CC(OC(=O)[C@H](O)[C@@H](NC(=O)OCC)c2ccccc2)C3(C)C1(C)C,C=C1C[C@@]23O[C@]2(c2ccccc21)C1CC(OC(=O)[C@H](O)[C@@H](NC(=O)NCC)c2ccccc2)C3(C)C1(C)C,CCCCOC(=O)N[C@@H](c1ccccc1)[C@@H](O)C(=O)OC1CC2C(C)(C)C1(C)[C@@]13C[C@H](C)c4ccccc4[C@@]21O3,C=C1C[C@@]23O[C@]2(c2ccccc21)C1CC(OC(=O)CCc2ccccc2)C3C1,O=C(CCc1ccccc1)OC1CC2CC1[C@@]13CCc4ccccc4[C@@]21O3,False,True,False,,0.6309523809523809,0.5681818181818182,,,,,,,,,,,,,,,,,3.0,2.0,1.0,True,5.0,6.0,1.0,True,,,,
edit_latent_source_similarity_rerank,mpair_00004610_cond_01_2p,mpair_00004610,eval,2,"LogP,QED",C=C1C[C@@]23O[C@]2(c2ccccc21)C1CC(OC(=O)[C@H](O)[C@@H](NC(=O)OCC)c2ccccc2)C3(C)C1(C)C,C=C1C[C@@]23O[C@]2(c2ccccc21)C1CC(OC(=O)[C@H](O)[C@@H](NC(=O)OCC)c2ccc(Cl)cc2)C3(C)C1(C)C,C=CC(C(=O)OCCN(CC)CC)(c1ccccc1)c1ccccc1,C=C1C[C@@]23O[C@]2(c2ccccc21)C1CC(OC(=O)CCc2ccccc2)C3C1,c1ccc(Cc2ccccc2)cc1,False,False,False,,0.16853932584269662,0.14893617021276595,,,,,5.547300000000005,4.043700000000003,1.5036000000000023,False,0.3608776112070826,0.5107125321298462,0.14983492092276363,False,,,,,,,,,,,,,,,,
edit_latent_source_similarity_rerank,mpair_00004612_cond_00_2p,mpair_00004612,eval,2,"TPSA,HBA",C=C1C[C@@]23O[C@]2(c2ccccc21)C1CC(OC(=O)[C@H](O)[C@@H](NC(=O)OCC)c2ccc(O)cc2)C3(C)C1(C)C,C=C1C[C@@]23O[C@]2(c2ccccc21)C1CC(OC(=O)[C@H](O)[C@@H](NC(=O)NCC)c2ccccc2)C3(C)C1(C)C,COc1ccc(CS(=O)(=O)C(C)(Cc2ccccc2)C(=O)NO)cc1,C=C1C[C@@]23O[C@]2(c2ccccc21)C1CC(OC(=O)CCc2ccccc2)C3C1,O=S(=O)(CCc1ccccc1)Cc1ccccc1,False,True,False,,0.1326530612244898,0.14736842105263157,,,,,,,,,,,,,100.19,92.7,7.489999999999995,True,,,,,5.0,5.0,0.0,True,,,,
edit_latent_source_similarity_rerank,mpair_00004614_cond_00_2p,mpair_00004614,eval,2,"HBD,RB",C=C1C[C@@]23O[C@]2(c2ccccc21)C1CC(OC(=O)[C@H](O)[C@@H](NC(=O)OCC)c2ccc(OC)cc2)C3(C)C1(C)C,C=C1C[C@@]23O[C@]2(c2ccccc21)C1CC(OC(=O)[C@H](O)[C@@H](NC(=O)NC(C)C)c2ccccc2)C3(C)C1(C)C,COC(=O)[C@H](Cc1ccccc1)NC(=O)C1(CS)CCc2ccccc2C1,C=C1C[C@@]23O[C@]2(c2ccccc21)C1CC(OC(=O)CCc2ccccc2)C3C1,O=C(NCCc1ccccc1)C1CCc2ccccc2C1,False,True,False,,0.1919191919191919,0.19148936170212766,,,,,,,,,,,,,,,,,3.0,2.0,1.0,True,,,,,6.0,6.0,0.0,True
edit_latent_source_similarity_rerank,mpair_00004616_cond_00_2p,mpair_00004616,eval,2,"TPSA,HBA",C=C1C[C@@]23O[C@]2(c2ccccc21)C1CC(OC(=O)[C@H](O)[C@@H](NC(=O)OCC)c2ccc(O)cc2)C3(C)C1(C)C,C=C1C[C@@]23O[C@]2(c2ccccc21)C1CC(OC(=O)[C@H](O)[C@@H](NC(=O)NC(C)C)c2ccccc2)C3(C)C1(C)C,CC1=C([N+](=O)[O-])[C@@H](c2ccccc2C(F)(F)F)[C@H](C(=O)c2ccccc2)C(/C=C(\O)c2ccccc2)=N1,C=C1C[C@@]23O[C@]2(c2ccccc21)C1CC(OC(=O)CCc2ccccc2)C3C1,O=C(c1ccccc1)[C@@H]1C(C=Cc2ccccc2)=NC=C[C@H]1c1ccccc1,False,True,False,,0.11009174311926606,0.125,,,,,,,,,,,,,100.19,92.8,7.390000000000001,True,,,,,5.0,5.0,0.0,True,,,,
edit_latent_source_similarity_rerank,mpair_00004617_cond_02_2p,mpair_00004617,eval,2,"HBA,RB",C=C1C[C@@]23O[C@]2(c2ccccc21)C1CC(OC(=O)[C@H](O)[C@@H](NC(=O)OCC)c2ccccc2)C3(C)C1(C)C,C=C1C[C@@]23O[C@]2(c2ccccc21)C1CC(OC(=O)[C@H](O)[C@@H](NC(=O)OCC)c2ccc(OC)cc2)C3(C)C1(C)C,Cc1ccc(NC(=O)OCc2ccccc2)c(=O)n1CC(=O)NCC1CCN(C(=N)N)CC1,C=C1C[C@@]23O[C@]2(c2ccccc21)C1CC(OC(=O)CCc2ccccc2)C3C1,O=C(Cn1cccc(NC(=O)OCc2ccccc2)c1=O)NCC1CCNCC1,False,True,False,,0.18691588785046728,0.17857142857142858,,,,,,,,,,,,,,,,,,,,,7.0,6.0,1.0,True,7.0,7.0,0.0,True
edit_latent_source_similarity_rerank,mpair_00004619_cond_01_2p,mpair_00004619,eval,2,"LogP,QED",C=C1C[C@@]23O[C@]2(c2ccccc21)C1CC(OC(=O)[C@H](O)[C@@H](NC(=O)OCC)c2ccc(Cl)cc2)C3(C)C1(C)C,C=C1C[C@@]23O[C@]2(c2ccccc21)C1CC(OC(=O)[C@H](O)[C@@H](NC(=O)OCC)c2ccccc2)C3(C)C1(C)C,Cc1cccc(NCCNC(=O)[C@H](CC(C)C)NC(=O)OCc2ccccc2)c1,C=C1C[C@@]23O[C@]2(c2ccccc21)C1CC(OC(=O)CCc2ccccc2)C3C1,O=C(CNC(=O)OCc1ccccc1)NCCNc1ccccc1,False,False,False,,0.17307692307692307,0.1919191919191919,,,,,4.893900000000004,3.864220000000002,1.0296800000000017,False,0.4182085424131654,0.5319810715041854,0.11377252909101998,False,,,,,,,,,,,,,,,,
edit_latent_source_similarity_rerank,mpair_00004621_cond_02_2p,mpair_00004621,eval,2,"QED,HBA",C=C1C[C@@]23O[C@]2(c2ccccc21)C1CC(OC(=O)[C@H](O)[C@@H](NC(=O)NC(C)C)c2ccccc2)C3(C)C1(C)C,C=C1C[C@@]23O[C@]2(c2ccccc21)C1CC(OC(=O)[C@H](O)[C@@H](NC(=O)OCC)c2ccccc2)C3(C)C1(C)C,CC(=O)N1[C@H](CC23CC4CC(CC(C4)C2)C3)C(=O)N(Cc2ccccc2)c2ccccc2C(=O)C[C@H]1C(=O)N[C@H](C)C(=O)O,C=C1C[C@@]23O[C@]2(c2ccccc21)C1CC(OC(=O)CCc2ccccc2)C3C1,O=C1CCN[C@H](CC23CC4CC(CC(C4)C2)C3)C(=O)N(Cc2ccccc2)c2ccccc21,False,True,False,,0.2018348623853211,0.2,,,,,,,,,0.4182085424131654,0.4800459396333744,0.06183739722020898,True,,,,,,,,,6.0,5.0,1.0,True,,,,
edit_latent_source_similarity_rerank,mpair_00004623_cond_01_2p,mpair_00004623,eval,2,"LogP,HBA",C=C1C[C@@]23O[C@]2(c2ccccc21)C1CC(OC(=O)[C@H](O)[C@@H](NC(=O)OCC)c2ccc(Cl)cc2)C3(C)C1(C)C,C=C1C[C@@]23O[C@]2(c2ccccc21)C1CC(OC(=O)[C@H](O)[C@@H](NC(=O)NC(C)C)c2ccccc2)C3(C)C1(C)C,CCC1(CC)C(=O)N(COC(=O)Nc2ccc(C)cc2)C1S(=O)(=O)c1ccccc1,C=C1C[C@@]23O[C@]2(c2ccccc21)C1CC(OC(=O)CCc2ccccc2)C3C1,O=C(Nc1ccccc1)OCN1C(=O)CC1S(=O)(=O)c1ccccc1,False,True,False,,0.17475728155339806,0.1485148514851485,,,,,4.855400000000004,3.949620000000003,0.9057800000000009,True,,,,,,,,,,,,,5.0,5.0,0.0,True,,,,
edit_latent_source_similarity_rerank,mpair_00004625_cond_02_2p,mpair_00004625,eval,2,"LogP,HBD",C=C1C[C@@]23O[C@]2(c2ccccc21)C1CC(OC(=O)[C@H](O)[C@@H](NC(=O)NC(C)C)c2ccccc2)C3(C)C1(C)C,C=C1C[C@@]23O[C@]2(c2ccccc21)C1CC(OC(=O)[C@H](O)[C@@H](NC(=O)OCC)c2ccc(Cl)cc2)C3(C)C1(C)C,COc1ccccc1C(=O)NC[C@]1(c2ccccc2)CC[C@H](OC(=O)NC(C)C)CC1,C=C1C[C@@]23O[C@]2(c2ccccc21)C1CC(OC(=O)CCc2ccccc2)C3C1,O=C(NCC1(c2ccccc2)CCCCC1)c1ccccc1,False,False,False,,0.23157894736842105,0.19607843137254902,,,,,5.547300000000005,4.4402000000000035,1.1071000000000017,False,,,,,,,,,2.0,2.0,0.0,True,,,,,,,,
edit_latent_source_similarity_rerank,mpair_00004629_cond_00_2p,mpair_00004629,eval,2,"QED,HBD",C=C1C[C@@]23O[C@]2(c2ccccc21)C1CC(OC(=O)[C@H](O)[C@@H](NC(=O)OCC)c2ccccc2)C3(C)C1(C)C,C=C1C[C@@]23O[C@]2(c2ccccc21)C1CC(OC(=O)[C@H](O)[C@@H](NC(=O)NC(C)C)c2ccccc2)C3(C)C1(C)C,CCCc1nc(C(C)(C)O)c(C(=O)OCC)n1Cc1ccc(-c2ccccc2C(=O)O)cc1,C=C1C[C@@]23O[C@]2(c2ccccc21)C1CC(OC(=O)CCc2ccccc2)C3C1,c1ccc(-c2ccc(Cn3ccnc3)cc2)cc1,False,True,False,,0.18269230769230768,0.12962962962962962,,,,,,,,,0.36609454720744955,0.4601662599850796,0.09407171277763005,True,,,,,3.0,2.0,1.0,True,,,,,,,,
edit_latent_source_similarity_rerank,mpair_00004631_cond_02_2p,mpair_00004631,eval,2,"HBA,RB",C=C1C[C@@]23O[C@]2(c2ccccc21)C1CC(OC(=O)[C@H](O)[C@@H](NC(=O)OCC)c2ccc(OC)cc2)C3(C)C1(C)C,C=C1C[C@@]23O[C@]2(c2ccccc21)C1CC(OC(=O)[C@H](O)[C@@H](NC(=O)OCC)c2ccccc2)C3(C)C1(C)C,COc1ccc2c(O)c(-c3ccccc3)c(=O)n(Cc3ccc(-c4ccccc4C(=O)O)cc3)c2c1,C=C1C[C@@]23O[C@]2(c2ccccc21)C1CC(OC(=O)CCc2ccccc2)C3C1,O=c1c(-c2ccccc2)cc2ccccc2n1Cc1ccc(-c2ccccc2)cc1,False,True,False,,0.1792452830188679,0.14285714285714285,,,,,,,,,,,,,,,,,,,,,6.0,5.0,1.0,True,6.0,6.0,0.0,True
edit_latent_source_similarity_rerank,mpair_00004788_cond_01_2p,mpair_00004788,eval,2,"LogP,RB",CC(=O)Nc1ccc(C/N=C(\S)NCC(COC(=O)C(C)(C)C)Cc2ccc(C)c(C)c2)cc1,COc1cc(C/N=C(\S)NCC(COC(=O)C(C)(C)C)Cc2ccc(C)c(C)c2)ccc1NS(C)(=O)=O,O=C(O)CCCCCCCOc1ccc(NC(=O)C2=C(O)CN(c3ccccc3)C2=O)cc1,C(=NCc1ccccc1)NCCCc1ccccc1,O=C(Nc1ccccc1)C1=CCN(c2ccccc2)C1=O,False,True,False,,0.13829787234042554,0.08490566037735849,,,,,4.507140000000004,4.288000000000003,0.21914000000000122,True,,,,,,,,,,,,,,,,,11.0,12.0,1.0,True
edit_latent_source_similarity_rerank,mpair_00004791_cond_00_2p,mpair_00004791,eval,2,"TPSA,HBA",COc1cc(C/N=C(\S)N(O)CC(COC(=O)C(C)(C)C)Cc2ccc(C)c(C)c2)ccc1NS(C)(=O)=O,CCS(=O)(=O)Nc1ccc(C/N=C(\S)NCC(COC(=O)C(C)(C)C)Cc2ccc(C)c(C)c2)cc1,Cc1cccc(OCCCn2cnc(-c3ccccc3)c2CO)c1NC(=O)NCCC(C)C,C(=NCc1ccccc1)NCCCc1ccccc1,c1ccc(OCCCn2cnc(-c3ccccc3)c2)cc1,False,True,False,,0.14545454545454545,0.14285714285714285,,,,,,,,,,,,,96.86000000000001,88.41,8.450000000000017,True,,,,,5.0,5.0,0.0,True,,,,
edit_latent_source_similarity_rerank,mpair_00004794_cond_01_2p,mpair_00004794,eval,2,"MW,LogP",Cc1ccc2cccc(OCc3c(C)ccc(N(C)C(=O)Cc4ccc(C(=O)c5ccc(C#N)nc5)n4C)c3C)c2n1,Cc1ccc2cccc(OCc3c(Cl)ccc(N(C)C(=O)Cc4ccc(C(=O)c5ccc(C#N)nc5)n4C)c3Cl)c2n1,CCCOc1ccc2c(c1)[C@H](c1ccc(OC)cc1OCC(=O)O)[C@@H](C(=O)O)[C@@H]2c1ccc2c(c1)OCO2,O=C(Cc1ccc(C(=O)c2cccnc2)[nH]1)Nc1cccc(COc2cccc3cccnc23)c1,c1ccc([C@@H]2C[C@H](c3ccc4c(c3)OCO4)c3ccccc32)cc1,False,False,False,,0.125,0.12295081967213115,598.4900000000001,520.5340000000003,77.95599999999979,False,6.470700000000006,4.654300000000003,1.8164000000000033,False,,,,,,,,,,,,,,,,,,,,
edit_latent_source_similarity_rerank,mpair_00004796_cond_00_2p,mpair_00004796,eval,2,"HBA,RB",COc1ccc2[nH]c(-c3ccccc3)c(CCNC(=O)CCc3ccccc3)c2c1,O=C(CCc1ccccc1)NCCc1c(-c2ccccc2)[nH]c2ccccc12,CC(=O)N[C@H](CC1CCCCC1)C(=O)NCCc1ccccc1,O=C(CCc1ccccc1)NCCc1c(-c2ccccc2)[nH]c2ccccc12,O=C(CCC1CCCCC1)NCCc1ccccc1,False,True,False,,0.2777777777777778,0.30158730158730157,,,,,,,,,,,,,,,,,,,,,1.0,2.0,1.0,True,7.0,7.0,0.0,True
edit_latent_source_similarity_rerank,mpair_00004797_cond_02_2p,mpair_00004797,eval,2,"HBA,RB",O=C(CCc1ccccc1)NCCc1c(-c2ccccc2)[nH]c2ccccc12,COc1ccc2[nH]c(-c3ccccc3)c(CCNC(=O)CCc3ccccc3)c2c1,CCC(C)[C@H](NC[C@H](C)N)C(=O)NCCc1ccccc1,O=C(CCc1ccccc1)NCCc1c(-c2ccccc2)[nH]c2ccccc12,c1ccccc1,False,True,False,,0.2903225806451613,0.2676056338028169,,,,,,,,,,,,,,,,,,,,,2.0,3.0,1.0,True,8.0,9.0,1.0,True
edit_latent_source_similarity_rerank,mpair_00004804_cond_01_2p,mpair_00004804,eval,2,"HBA,RB",O=C(O)CCc1c(/C=C2\C(=O)Nc3cc(-c4ccccc4)ccc32)[nH]c2c1CCCC2,COc1ccc(-c2ccc3c(c2)NC(=O)/C3=C\c2[nH]c3c(c2CCC(=O)O)CCCC3)cc1,CCCc1nc2c(C)cc(C)nc2n1Cc1ccc(-c2c(C(=O)O)cnc3ccccc23)cc1,O=C1Nc2cc(-c3ccccc3)ccc2/C1=C/c1cc2c([nH]1)CCCC2,c1ccc2c(-c3ccc(Cn4cnc5cccnc54)cc3)ccnc2c1,False,False,False,,0.17346938775510204,0.15384615384615385,,,,,,,,,,,,,,,,,,,,,3.0,5.0,2.0,False,6.0,6.0,0.0,True
edit_latent_source_similarity_rerank,mpair_00004809_cond_01_2p,mpair_00004809,eval,2,"HBA,RB",COc1ccc(-c2ccc3c(c2)NC(=O)/C3=C\c2[nH]c3c(c2CCC(=O)O)CCCC3)cc1,O=C(O)CCc1c(/C=C2\C(=O)Nc3cc(-c4ccccc4)ccc32)[nH]c2c1CCCC2,Nc1cc(C(F)(F)F)ccc1Oc1ccccc1CC(=O)O,O=C1Nc2cc(-c3ccccc3)ccc2/C1=C/c1cc2c([nH]1)CCCC2,c1ccc(Oc2ccccc2)cc1,False,True,False,,0.13793103448275862,0.16049382716049382,,,,,,,,,,,,,,,,,,,,,2.0,3.0,1.0,True,5.0,4.0,1.0,True
edit_latent_source_similarity_rerank,mpair_00004815_cond_00_2p,mpair_00004815,eval,2,"LogP,RB",CCc1c(-c2cccc(O)c2)c2ccc3cccc1n32,Oc1ccc(-c2cc3cccc4ccc2n43)cc1,C[C@@H]1CN(C(=O)N2Cc3c(C(=O)OC(C)(C)C)ncn3-c3ccc(C(F)(F)F)cc32)C[C@H](C)N1,c1ccc(-c2cc3cccc4ccc2n43)cc1,O=C(N1CCNCC1)N1Cc2cncn2-c2ccccc21,False,True,False,,0.09411764705882353,0.08860759493670886,,,,,3.9029000000000025,3.968600000000003,0.06570000000000054,True,,,,,,,,,,,,,,,,,1.0,1.0,0.0,True
edit_latent_source_similarity_rerank,mpair_00004817_cond_02_2p,mpair_00004817,eval,2,"LogP,RB",Oc1ccc(-c2cc3cccc4ccc2n43)cc1,CCc1c(-c2cccc(O)c2)c2ccc3cccc1n32,O=C(Nc1nc(-c2cccc(Br)c2)cs1)c1ccccc1,c1ccc(-c2cc3cccc4ccc2n43)cc1,O=C(Nc1nc(-c2ccccc2)cs1)c1ccccc1,False,True,False,,0.13333333333333333,0.15384615384615385,,,,,4.465300000000003,4.824900000000002,0.3595999999999995,True,,,,,,,,,,,,,,,,,2.0,3.0,1.0,True
edit_latent_source_similarity_rerank,mpair_00004820_cond_01_2p,mpair_00004820,eval,2,"HBD,RB",CCCCc1cc(OC2CCN(CCCS(=O)(=O)CC)CC2)c2ncccc2c1,CCCCc1cc(OC2CCN(CCCCNS(C)(=O)=O)CC2)c2ncccc2c1,COc1cc(C(=O)NCC2(N(C)C)CCCC2)cc(OC)c1OCc1ccccc1,c1cnc2c(OC3CCNCC3)cccc2c1,O=C(NCC1CCCC1)c1ccc(OCc2ccccc2)cc1,False,False,False,,0.14285714285714285,0.14893617021276595,,,,,,,,,,,,,,,,,1.0,1.0,0.0,True,,,,,11.0,9.0,2.0,False
edit_latent_source_similarity_rerank,mpair_00004948_cond_01_2p,mpair_00004948,eval,2,"HBA,RB",CCC1C(=O)N2C=CSC2=[N+](Cc2ccccc2)C1=O,CCC1C(=O)N2C=CSC2=[N+](Cc2cc(OC)cc(OC)c2)C1=O,CCC1=C(C)NC(OC)C(C(O)CN2C(=O)c3ccccc3C2=O)=C1,O=C1CC(=O)[N+](Cc2ccccc2)=C2SC=CN12,O=C1c2ccccc2C(=O)N1CCC1=CC=CNC1,False,True,False,,0.21428571428571427,0.17333333333333334,,,,,,,,,,,,,,,,,,,,,5.0,5.0,0.0,True,5.0,5.0,0.0,True
edit_latent_source_similarity_rerank,mpair_00004958_cond_01_2p,mpair_00004958,eval,2,"MW,LogP",FC(F)(F)c1ccnc(N2CCN(Cc3nc4ccccc4[nH]3)CC2)n1,c1cnc(N2CCN(Cc3nc4ccccc4[nH]3)CC2)nc1,c1ccc(-c2nc(CN3CCN(c4ncccn4)CC3)c[nH]2)cc1,c1cnc(N2CCN(Cc3nc4ccccc4[nH]3)CC2)nc1,c1ccc(-c2nc(CN3CCN(c4ncccn4)CC3)c[nH]2)cc1,False,True,False,,0.3709677419354839,0.49019607843137253,294.3620000000001,320.40000000000003,26.037999999999954,True,1.6750999999999998,2.1889000000000003,0.5138000000000005,True,,,,,,,,,,,,,,,,,,,,
edit_latent_source_similarity_rerank,mpair_00004960_cond_00_2p,mpair_00004960,eval,2,"LogP,RB",CCc1cnc(N2CCN(Cc3nc4ccccc4[nH]3)CC2)nc1,c1cnc(N2CCN(Cc3nc4ccccc4[nH]3)CC2)nc1,Clc1ccc(N2CCN(Cc3nc4ccccc4[nH]3)CC2)nn1,c1cnc(N2CCN(Cc3nc4ccccc4[nH]3)CC2)nc1,c1cnnc(N2CCN(Cc3nc4ccccc4[nH]3)CC2)c1,False,True,False,,0.5454545454545454,0.6122448979591837,,,,,1.6750999999999998,2.3285,0.6534000000000002,True,,,,,,,,,,,,,,,,,3.0,3.0,0.0,True
edit_latent_source_similarity_rerank,mpair_00004961_cond_02_2p,mpair_00004961,eval,2,"MW,RB",CCc1cnc(N2CCN(Cc3nc4ccccc4[nH]3)CC2)nc1,FC(F)(F)c1ccnc(N2CCN(Cc3nc4ccccc4[nH]3)CC2)n1,CN1CCC2(CCN(c3c(F)cc4c(=O)c(C(=O)O)cn(C5CC5)c4c3F)C2)C1,c1cnc(N2CCN(Cc3nc4ccccc4[nH]3)CC2)nc1,O=c1ccn(C2CC2)c2cc(N3CCC4(CCNC4)C3)ccc12,False,False,False,,0.10465116279069768,0.08888888888888889,362.3590000000001,403.4290000000002,41.07000000000011,False,,,,,,,,,,,,,,,,,,,,,3.0,3.0,0.0,True
edit_latent_source_similarity_rerank,mpair_00004963_cond_01_2p,mpair_00004963,eval,2,"MW,RB",FC(F)(F)c1ccnc(N2CCN(Cc3nc4ccccc4[nH]3)CC2)n1,CCc1cnc(N2CCN(Cc3nc4ccccc4[nH]3)CC2)nc1,COc1cccc(-c2cccc(CN3CCN(c4ncccn4)CC3)c2)c1,c1cnc(N2CCN(Cc3nc4ccccc4[nH]3)CC2)nc1,c1ccc(-c2cccc(CN3CCN(c4ncccn4)CC3)c2)cc1,False,False,False,,0.29850746268656714,0.3333333333333333,322.41600000000005,360.46100000000007,38.045000000000016,False,,,,,,,,,,,,,,,,,,,,,4.0,5.0,1.0,True
edit_latent_source_similarity_rerank,mpair_00005202_cond_02_2p,mpair_00005202,eval,2,"MW,LogP",N=C(N)c1ccc2[nH]c(-c3ccc(OCc4cn(Cc5ccccc5)nn4)cc3)nc2c1,CC(C)NC(=N)c1ccc2[nH]c(-c3ccc(OCc4cn(Cc5ccccc5)nn4)cc3)nc2c1,COc1ccc(N(CC(=O)NCCCSc2ccccc2)C(=O)CNC(=O)OC(C)(C)C)cc1,c1ccc(Cn2cc(COc3ccc(-c4nc5ccccc5[nH]4)cc3)nn2)cc1,O=C(CNc1ccccc1)NCCCSc1ccccc1,False,True,False,,0.12745098039215685,0.14150943396226415,465.5610000000001,487.62200000000024,22.06100000000015,True,4.772070000000003,3.8515000000000024,0.9205700000000006,True,,,,,,,,,,,,,,,,,,,,
edit_latent_source_similarity_rerank,mpair_00005391_cond_02_2p,mpair_00005391,eval,2,"HBD,HBA",CCOC(=O)c1ccc(C#Cc2ccc3c(c2)C(C)(C)CC(=O)N3)cc1,CC1(C)CC(=O)Nc2ccc(C#Cc3ccc(C(=O)O)cc3)cc21,CCOC(=O)c1ccc(NC(=O)Nc2ccc3c(c2)C(C)=CC(C)(C)N3C)cc1,O=C1CCc2cc(C#Cc3ccccc3)ccc2N1,O=C(Nc1ccccc1)Nc1ccc2c(c1)C=CCN2,False,False,False,,0.3382352941176471,0.18055555555555555,,,,,,,,,,,,,,,,,2.0,2.0,0.0,True,2.0,4.0,2.0,False,,,,
edit_latent_source_similarity_rerank,mpair_00005394_cond_01_2p,mpair_00005394,eval,2,"QED,HBA",CCOC(=O)c1ccc(C#Cc2ccc3c(c2)C(C)(C)CC(=O)N3)cc1,CC(C)N1C(=O)CC(C)(C)c2cc(C#Cc3ccc(C(=O)O)cc3)ccc21,CCc1ccc(C(=O)c2c(C)n(CCN3CCOCC3)c3ccccc23)cc1,O=C1CCc2cc(C#Cc3ccccc3)ccc2N1,O=C(c1ccccc1)c1cn(CCN2CCOCC2)c2ccccc12,False,False,False,,0.18421052631578946,0.14102564102564102,,,,,,,,,0.8154931333270484,0.608272714252533,0.20722041907451538,False,,,,,,,,,2.0,4.0,2.0,False,,,,
edit_latent_source_similarity_rerank,mpair_00005398_cond_01_2p,mpair_00005398,eval,2,"LogP,QED",CCCn1c(=O)c2nc(-c3cc(C(=O)O)n(C)n3)[nH]c2n(CCC)c1=O,Cn1nc(-c2nc3c(=O)n(C)c(=O)n(C)c3[nH]2)cc1N,C[C@]1(CO)OCC(n2ccc(N)nc2=O)O1,O=c1[nH]c(=O)c2nc(-c3cc[nH]n3)[nH]c2[nH]1,O=c1ncccn1C1COCO1,False,True,False,,0.13157894736842105,0.14925373134328357,,,,,-1.0569999999999984,-0.9205999999999999,0.13639999999999852,True,0.5870268940631196,0.6774087601834009,0.09038186612028132,True,,,,,,,,,,,,,,,,
edit_latent_source_similarity_rerank,mpair_00005405_cond_02_2p,mpair_00005405,eval,2,"HBA,RB",CS(=O)(=O)Nc1ccc(S(=O)(=O)c2ccc(CN)s2)cc1,CCOc1cc(S(C)(=O)=O)cc(S(=O)(=O)c2ccc(CN)s2)c1,CNc1cc(NS(C)(=O)=O)ccc1Nc1c2cccc(OC)c2nc2c(OC)cccc12,O=S(=O)(c1ccccc1)c1cccs1,c1ccc(Nc2c3ccccc3nc3ccccc23)cc1,False,True,False,,0.22727272727272727,0.13157894736842105,,,,,,,,,,,,,,,,,,,,,7.0,7.0,0.0,True,6.0,7.0,1.0,True
edit_latent_source_similarity_rerank,mpair_00005414_cond_01_2p,mpair_00005414,eval,2,"LogP,QED",CCNC(=O)C(C)NC(=O)[C@H](Cc1ccc([N+](=O)[O-])cc1)NC(=O)c1cccc2ccccc12,O=C(N[C@@H](Cc1ccccc1)C(=O)O)c1cccc2ccccc12,CCOC(=O)c1ccc(NCC(O)COc2ccccc2C)cc1,O=C(NCCc1ccccc1)c1cccc2ccccc12,c1ccc(NCCCOc2ccccc2)cc1,False,True,False,,0.1566265060240964,0.16666666666666666,,,,,3.265500000000001,3.0235200000000013,0.24197999999999986,True,0.7583308263978528,0.7287772523625994,0.029553574035253383,True,,,,,,,,,,,,,,,,
edit_latent_source_similarity_rerank,mpair_00005417_cond_02_2p,mpair_00005417,eval,2,"HBD,HBA",CCNC(=O)C(C)NC(=O)[C@H](Cc1ccc([N+](=O)[O-])cc1)NC(=O)c1cccc2ccccc12,CCOC(=O)[C@@H](C)NC(=O)[C@H](Cc1ccc([N+](=O)[O-])cc1)NC(=O)c1cccc2ccccc12,CCOC(=O)/C=C/[C@H](CCC(N)=O)NC(=O)[C@H](Cc1ccccc1)NC(=O)OCc1ccccc1,O=C(NCCc1ccccc1)c1cccc2ccccc12,O=C(NCCc1ccccc1)OCc1ccccc1,False,True,False,,0.27058823529411763,0.3170731707317073,,,,,,,,,,,,,,,,,2.0,3.0,1.0,True,6.0,6.0,0.0,True,,,,
edit_latent_source_similarity_rerank,mpair_00005425_cond_00_2p,mpair_00005425,eval,2,"HBD,HBA",CCOC(=O)[C@@H](C)NC(=O)[C@H](Cc1ccc([N+](=O)[O-])cc1)NC(=O)c1cccc2ccccc12,CCNC(=O)C(C)NC(=O)[C@H](Cc1ccc([N+](=O)[O-])cc1)NC(=O)c1cccc2ccccc12,CC(C)C[C@H](NC(=O)OCc1ccccc1)C(=O)N[C@@H](CC(C)C)C(=O)N[C@@H](Cc1ccc(O)cc1)C(=O)CF,O=C(NCCc1ccccc1)c1cccc2ccccc12,O=C(CNC(=O)CNC(=O)OCc1ccccc1)NCCc1ccccc1,False,True,False,,0.3037974683544304,0.2716049382716049,,,,,,,,,,,,,,,,,3.0,4.0,1.0,True,5.0,6.0,1.0,True,,,,
edit_latent_source_similarity_rerank,mpair_00005432_cond_01_2p,mpair_00005432,eval,2,"QED,TPSA",CCOC(=O)[C@@H](C)NC(=O)[C@H](Cc1ccc([N+](=O)[O-])cc1)NC(=O)c1cccc2ccccc12,CC(C)OC(=O)[C@H](Cc1ccc([N+](=O)[O-])cc1)NC(=O)c1cccc2ccccc12,O=C(N[C@@H](Cc1ccc([N+](=O)[O-])cc1)C1=NCCO1)c1cccc2ccccc12,O=C(NCCc1ccccc1)c1cccc2ccccc12,O=C(N[C@@H](Cc1ccccc1)C1=NCCO1)c1cccc2ccccc12,False,False,False,,0.5428571428571428,0.5757575757575758,,,,,,,,,0.36267930698305967,0.5155336817877483,0.1528543748046886,False,98.53999999999999,93.83,4.709999999999994,True,,,,,,,,,,,,
edit_latent_source_similarity_rerank,mpair_00005439_cond_00_2p,mpair_00005439,eval,2,"LogP,RB",CC(C)OC(=O)[C@H](Cc1ccc([N+](=O)[O-])cc1)NC(=O)c1cccc2ccccc12,COC(=O)[C@H](Cc1ccc([N+](=O)[O-])cc1)NC(=O)c1cccc2ccccc12,COc1cccc(C(=O)NC2CCN(Cc3ccccc3)CC2)c1OC,O=C(NCCc1ccccc1)c1cccc2ccccc12,O=C(NC1CCN(Cc2ccccc2)CC1)c1ccccc1,False,True,False,,0.21518987341772153,0.24,,,,,3.262100000000001,3.098200000000001,0.16389999999999993,True,,,,,,,,,,,,,,,,,6.0,6.0,0.0,True
edit_latent_source_similarity_rerank,mpair_00005441_cond_01_2p,mpair_00005441,eval,2,"HBD,HBA",CCNC(=O)C(C)NC(=O)[C@H](Cc1ccc([N+](=O)[O-])cc1)NC(=O)c1cccc2ccccc12,CCOC(=O)[C@H](C)NC(=O)[C@H](Cc1ccc([N+](=O)[O-])cc1)NC(=O)c1cccc2ccccc12,CCOC(=O)/C=C/[C@H](CCC(N)=O)NC(=O)[C@H](Cc1ccccc1)NC(=O)OCc1ccccc1,O=C(NCCc1ccccc1)c1cccc2ccccc12,O=C(NCCc1ccccc1)OCc1ccccc1,False,True,False,,0.27058823529411763,0.3170731707317073,,,,,,,,,,,,,,,,,2.0,3.0,1.0,True,6.0,6.0,0.0,True,,,,
edit_latent_source_similarity_rerank,mpair_00005443_cond_02_2p,mpair_00005443,eval,2,"MW,RB",CCOC(=O)[C@H](Cc1ccc([N+](=O)[O-])cc1)NC(=O)c1cccc2ccccc12,CCNC(=O)C(C)NC(=O)[C@H](Cc1ccc([N+](=O)[O-])cc1)NC(=O)c1cccc2ccccc12,CC(C)C[C@H](NC(=O)OCc1ccccc1)C(=O)NNC(=O)NNC(=O)[C@H](C)NC(=O)OCc1ccccc1,O=C(NCCc1ccccc1)c1cccc2ccccc12,O=C(CNC(=O)OCc1ccccc1)NNC(=O)NNC(=O)CNC(=O)OCc1ccccc1,False,False,False,,0.22972972972972974,0.24675324675324675,462.50600000000014,542.5930000000002,80.08700000000005,False,,,,,,,,,,,,,,,,,,,,,9.0,10.0,1.0,True
edit_latent_source_similarity_rerank,mpair_00005447_cond_00_2p,mpair_00005447,eval,2,"MW,QED",CC(C)OC(Cc1ccc(OCCc2noc(-c3ccccc3)n2)cc1)C(=O)O,CC(C)OC(Cc1ccc(OCCc2noc(-c3cc(C(F)(F)F)cc(C(F)(F)F)c3)n2)cc1)C(=O)O,COc1ccc2c(c1NC(=O)C(C)(C)CCCCCCOc1ccc(Cl)cc1)C(=O)CCO2,c1ccc(OCCc2noc(-c3ccccc3)n2)cc1,O=C(CCCCCCCOc1ccccc1)Nc1cccc2c1C(=O)CCO2,False,False,False,,0.1702127659574468,0.17,532.4370000000001,473.99700000000024,58.439999999999884,False,,,,,0.3291726090856745,0.38700501812165466,0.05783240903598019,True,,,,,,,,,,,,,,,,
edit_latent_source_similarity_rerank,mpair_00005451_cond_00_2p,mpair_00005451,eval,2,"QED,HBD",NC(=O)N(O)Cc1ccc(OCCc2noc(-c3ccccc3)n2)cc1,CC(C)OC(Cc1ccc(OCCc2noc(-c3cc(C(F)(F)F)cc(C(F)(F)F)c3)n2)cc1)C(=O)O,Cc1oc(-c2ccccc2)nc1CCOc1ccc(C[C@H](Nc2ncccn2)C(=O)O)cc1,c1ccc(OCCc2noc(-c3ccccc3)n2)cc1,c1ccc(-c2nc(CCOc3ccc(CCNc4ncccn4)cc3)co2)cc1,False,True,False,,0.3835616438356164,0.35365853658536583,,,,,,,,,0.3291726090856745,0.3749975830226386,0.04582497393696411,True,,,,,1.0,2.0,1.0,True,,,,,,,,
edit_latent_source_similarity_rerank,mpair_00005460_cond_01_2p,mpair_00005460,eval,2,"MW,HBD",NC(=O)N(O)Cc1ccc(OCCc2noc(-c3ccccc3)n2)cc1,CC(C)OC(Cc1ccc(OCCc2noc(-c3ccccc3)n2)cc1)C(=O)O,COc1cc(N)c(Cl)cc1C(=O)NCCN(Cc1ccccc1)Cc1ccccc1,c1ccc(OCCc2noc(-c3ccccc3)n2)cc1,O=C(NCCN(Cc1ccccc1)Cc1ccccc1)c1ccccc1,False,True,False,,0.20253164556962025,0.15294117647058825,396.44300000000004,423.94400000000013,27.50100000000009,True,,,,,,,,,,,,,1.0,2.0,1.0,True,,,,,,,,
edit_latent_source_similarity_rerank,mpair_00005462_cond_02_2p,mpair_00005462,eval,2,"QED,RB",COc1cccc2c1cc1c3c(cccc32)C(=O)N(CCN(C)C)C1=O,CN(C)CCN1C(=O)c2cccc3c2c(cc2cccc(N)c23)C1=O,COc1c(OC)c(OC)c2c(c1O)c(=O)c1cccc(OC)c1n2C,O=C1NC(=O)c2cc3ccccc3c3cccc1c23,O=c1c2ccccc2[nH]c2ccccc12,False,False,False,,0.3333333333333333,0.21212121212121213,,,,,,,,,0.45458982820388494,0.7318335735863378,0.2772437453824529,False,,,,,,,,,,,,,3.0,4.0,1.0,True
edit_latent_source_similarity_rerank,mpair_00005469_cond_00_2p,mpair_00005469,eval,2,"HBA,RB",CN(C)CCN1C(=O)c2cccc3c2c(cc2ccccc23)C1=O,COc1cccc2c1cc1c3c(cccc32)C(=O)N(CCN(C)C)C1=O,CCSc1ccc2c3c(c4ccccc4cc13)C(=O)N(CCN(C)C)C2=O,O=C1NC(=O)c2cc3ccccc3c3cccc1c23,O=C1NC(=O)c2c3ccccc3cc3cccc1c23,False,True,False,,0.5740740740740741,0.43548387096774194,,,,,,,,,,,,,,,,,,,,,4.0,4.0,0.0,True,4.0,5.0,1.0,True
edit_latent_source_similarity_rerank,mpair_00005473_cond_01_2p,mpair_00005473,eval,2,"LogP,RB",CN(C)CCN1C(=O)c2cccc3c2c(cc2cccc(Cl)c23)C1=O,COc1cccc2c1cc1c3c(cccc32)C(=O)N(CCN(C)C)C1=O,COc1ccc2c3c(c4ccccc4cc13)C(=O)N(CCN(C)C)C2=O,O=C1NC(=O)c2cc3ccccc3c3cccc1c23,O=C1NC(=O)c2c3ccccc3cc3cccc1c23,False,True,False,,0.5,0.6111111111111112,,,,,3.159200000000002,3.159200000000002,0.0,True,,,,,,,,,,,,,,,,,4.0,4.0,0.0,True
edit_latent_source_similarity_rerank,mpair_00005477_cond_00_2p,mpair_00005477,eval,2,"HBD,HBA",CN(C)CCN1C(=O)c2cccc3c2c(cc2ccccc23)C1=O,CN(C)CCN1C(=O)c2cccc3c2c(cc2c(O)cccc23)C1=O,CCOC(=O)c1cnc2oc3ccc(O)cc3c2c1-c1ccccc1,O=C1NC(=O)c2cc3ccccc3c3cccc1c23,c1ccc(-c2ccnc3oc4ccccc4c23)cc1,False,True,False,,0.17567567567567569,0.18666666666666668,,,,,,,,,,,,,,,,,1.0,1.0,0.0,True,4.0,5.0,1.0,True,,,,
edit_latent_source_similarity_rerank,mpair_00005482_cond_00_2p,mpair_00005482,eval,2,"LogP,RB",COc1cccc2c1cc1c3c(cccc32)C(=O)N(CCN(C)C)C1=O,CN(C)CCN1C(=O)c2cccc3c2c(cc2cccc(Cl)c23)C1=O,COc1cccc2c1CC[C@H]1CN(CCn3c(=O)[nH]c4c(sc5c(Cl)cccc54)c3=O)C[C@@H]21,O=C1NC(=O)c2cc3ccccc3c3cccc1c23,O=c1[nH]c2c(sc3ccccc32)c(=O)n1CCN1C[C@@H]2CCc3ccccc3[C@@H]2C1,False,True,False,,0.23255813953488372,0.20454545454545456,,,,,3.804000000000003,4.228300000000003,0.4242999999999997,True,,,,,,,,,,,,,,,,,3.0,4.0,1.0,True
edit_latent_source_similarity_rerank,mpair_00005485_cond_00_2p,mpair_00005485,eval,2,"LogP,RB",Cc1cccc(COc2nn3c(-c4nc(C(C)C)no4)nnc3c3c2C2CCC3CC2)n1,Cc1noc(-c2nnc3c4c(c(OCc5ccc(C)c(C)n5)nn23)C2CCC4CC2)n1,Cc1cc(COc2ccc(N3CC[C@H]([C@H](N)C(=O)NO)C3=O)cc2)c2ccccc2n1,c1ccc(COc2nn3c(-c4ncno4)nnc3c3c2C2CCC3CC2)nc1,O=C1CCCN1c1ccc(OCc2ccnc3ccccc23)cc1,False,False,False,,0.18181818181818182,0.15306122448979592,,,,,3.8283600000000026,2.3078199999999995,1.5205400000000031,False,,,,,,,,,,,,,,,,,4.0,6.0,2.0,False
edit_latent_source_similarity_rerank,mpair_00005487_cond_02_2p,mpair_00005487,eval,2,"LogP,RB",Cc1noc(-c2nnc3c4c(c(OCc5ccc(C)c(C)n5)nn23)C2CCC4CC2)n1,Cc1cccc(COc2nn3c(-c4nc(C(C)C)no4)nnc3c3c2C2CCC3CC2)n1,CCOC(=O)C1=CNC2=C(/C=N/c3ccccc3C(=O)O)CCC(C)N2C1=O,c1ccc(COc2nn3c(-c4ncno4)nnc3c3c2C2CCC3CC2)nc1,O=C1C=CNC2=C(/C=N/c3ccccc3)CCCN12,False,False,False,,0.14285714285714285,0.1485148514851485,,,,,4.334920000000003,2.359800000000001,1.9751200000000022,False,,,,,,,,,,,,,,,,,5.0,5.0,0.0,True
edit_latent_source_similarity_rerank,mpair_00005489_cond_01_2p,mpair_00005489,eval,2,"QED,HBD",CN(CCOc1ccc(CC2SC(=O)NC2=O)cc1)c1ncccn1,O=C1NC(=O)C(Cc2ccc(OCCNc3ncccn3)cc2)S1,N#Cc1ccc(-c2ccc(OCCN(O)C(N)=O)cc2)cc1,O=C1NC(=O)C(Cc2ccc(OCCNc3ncccn3)cc2)S1,c1ccc(-c2ccccc2)cc1,False,True,False,,0.29508196721311475,0.23809523809523808,,,,,,,,,0.7405705768383221,0.6533056855386816,0.08726489129964043,True,,,,,2.0,2.0,0.0,True,,,,,,,,
edit_latent_source_similarity_rerank,mpair_00005491_cond_00_2p,mpair_00005491,eval,2,"QED,HBD",O=C1NC(=O)C(Cc2ccc(OCCNc3ncccn3)cc2)S1,CN(CCOc1ccc(CC2SC(=O)NC2=O)cc1)c1ncccn1,COc1ccc(NCCCNC(C)=O)c2c1C(=O)c1ccccc1C2=O,O=C1NC(=O)C(Cc2ccc(OCCNc3ncccn3)cc2)S1,O=C1c2ccccc2C(=O)c2ccccc21,False,False,False,,0.1643835616438356,0.13157894736842105,,,,,,,,,0.8088362225461297,0.6656958382257665,0.14314038432036325,False,,,,,1.0,2.0,1.0,True,,,,,,,,
edit_latent_source_similarity_rerank,mpair_00005492_cond_02_2p,mpair_00005492,eval,2,"LogP,RB",Cn1c(NC(=O)c2ccccc2)nc2ccccc2c1=O,CC(C)n1c(NC(=O)c2ccccc2)nc2ccccc2c1=O,N=C(N)c1ccc2cc(C(=O)Nc3ccccc3)ccc2c1,O=C(Nc1nc2ccccc2c(=O)[nH]1)c1ccccc1,O=C(Nc1ccccc1)c1ccc2ccccc2c1,False,True,False,,0.28846153846153844,0.2777777777777778,,,,,3.229700000000001,3.376170000000002,0.14647000000000077,True,,,,,,,,,,,,,,,,,3.0,3.0,0.0,True
edit_latent_source_similarity_rerank,mpair_00005494_cond_01_2p,mpair_00005494,eval,2,"LogP,RB",CC(C)n1c(NC(=O)c2ccccc2)nc2ccccc2c1=O,Cn1c(NC(=O)c2ccccc2)nc2ccccc2c1=O,COc1ccc(NC(=O)c2ccccc2C)nc1,O=C(Nc1nc2ccccc2c(=O)[nH]1)c1ccccc1,O=C(Nc1ccccn1)c1ccccc1,False,True,False,,0.21666666666666667,0.22413793103448276,,,,,2.1857999999999995,2.650920000000001,0.46512000000000153,True,,,,,,,,,,,,,,,,,2.0,3.0,1.0,True
edit_latent_source_similarity_rerank,mpair_00005496_cond_00_2p,mpair_00005496,eval,2,"MW,QED",CCC(C)(C)C(=O)N[C@@H](Cc1ccc(NC(=O)c2ccnc3ccccc23)cc1)C(=O)O,CCCCC(C)(CC)C(=O)N[C@@H](Cc1ccc(NC(=O)c2ccnc3ccccc23)cc1)C(=O)O,CCOC(=O)c1ccc2c(c1)NC(=O)/C2=C(\Nc1ccc(CN2CCCCC2)cc1)c1ccccc1,O=C(Nc1ccccc1)c1ccnc2ccccc12,O=C1Nc2ccccc2/C1=C(/Nc1ccc(CN2CCCCC2)cc1)c1ccccc1,False,True,False,,0.21052631578947367,0.19801980198019803,475.5890000000002,481.59600000000034,6.007000000000119,True,,,,,0.3529588307368051,0.33059280159947735,0.02236602913732777,True,,,,,,,,,,,,,,,,
edit_latent_source_similarity_rerank,mpair_00005500_cond_01_2p,mpair_00005500,eval,2,"TPSA,HBA",Fc1cccc(CN2CCC(COc3c(F)c(F)c(F)c(F)c3F)CC2)c1,N#Cc1ccc(OCC2CCN(Cc3ccc(F)cc3)CC2)cc1,COc1cccc([C@H](O)C2CCN(CCc3ccc(F)cc3)CC2)c1OC,c1ccc(CN2CCC(COc3ccccc3)CC2)cc1,c1ccc(CCN2CCC(Cc3ccccc3)CC2)cc1,False,True,False,,0.2835820895522388,0.2835820895522388,,,,,,,,,,,,,36.26,41.93000000000001,5.670000000000009,True,,,,,3.0,4.0,1.0,True,,,,
edit_latent_source_similarity_rerank,mpair_00005503_cond_01_2p,mpair_00005503,eval,2,"MW,QED",N#Cc1ccc(OCC2CCN(Cc3ccc(F)cc3)CC2)cc1,N#Cc1ccc(OCC2CCN(Cc3ccccc3I)CC2)cc1,CSc1cc2c(cc1C(F)(F)F)N(C(=O)Nc1ccc(Oc3cccnc3C)nc1)CC2,c1ccc(CN2CCC(COc3ccccc3)CC2)cc1,O=C(Nc1ccc(Oc2cccnc2)nc1)N1CCc2ccccc21,False,False,False,,0.13186813186813187,0.11702127659574468,432.30500000000006,460.4810000000002,28.17600000000016,True,,,,,0.6554084459997837,0.49030120662025634,0.16510723937952732,False,,,,,,,,,,,,,,,,
edit_latent_source_similarity_rerank,mpair_00005505_cond_00_2p,mpair_00005505,eval,2,"HBA,RB",Cn1c(=O)c2c(nc3n(CCCN4CCN(c5ccccc5)CC4)c(=O)ccn23)n(C)c1=O,COc1ccccc1N1CCN(CCCn2c(=O)ccn3c4c(=O)n(C)c(=O)n(C)c4nc23)CC1,CCn1c(=O)c2c(nc(NC3CCCC3)n2Cc2ccc(OC)c(F)c2)n(CC)c1=O,O=c1[nH]c(=O)c2c(nc3n(CCCN4CCN(c5ccccc5)CC4)c(=O)ccn23)[nH]1,O=c1[nH]c(=O)c2c(nc(NC3CCCC3)n2Cc2ccccc2)[nH]1,False,False,False,,0.17204301075268819,0.22340425531914893,,,,,,,,,,,,,,,,,,,,,11.0,8.0,3.0,False,6.0,7.0,1.0,True
edit_latent_source_similarity_rerank,mpair_00005510_cond_01_2p,mpair_00005510,eval,2,"HBA,RB",O=C(O)[C@H]1[C@H](c2ccccc2)c2ccccc2[C@@H]1c1ccccc1,COc1ccc([C@H]2c3ccccc3[C@@H](c3ccccc3)[C@@H]2C(=O)O)cc1,COC(=O)[C@@H](Cc1ccccc1)[C@H]1CO1,c1ccc([C@H]2C[C@@H](c3ccccc3)c3ccccc32)cc1,c1ccc(CC[C@H]2CO2)cc1,False,True,False,,0.2222222222222222,0.2549019607843137,,,,,,,,,,,,,,,,,,,,,2.0,3.0,1.0,True,4.0,4.0,0.0,True
edit_latent_source_similarity_rerank,mpair_00005513_cond_01_2p,mpair_00005513,eval,2,"HBD,HBA",O=C1c2cccc(O)c2C(=O)c2c1ccc(Cc1ccccc1)c2O,O=C1c2ccccc2C(=O)c2c1ccc(Cc1ccccc1)c2O,COc1cc(CBr)cc2c1C(=O)c1c(O)cccc1C2=O,O=C1c2ccccc2C(=O)c2cc(Cc3ccccc3)ccc21,O=C1c2ccccc2C(=O)c2ccccc21,False,True,False,,0.43137254901960786,0.3018867924528302,,,,,,,,,,,,,,,,,1.0,1.0,0.0,True,3.0,4.0,1.0,True,,,,
edit_latent_source_similarity_rerank,mpair_00005528_cond_02_2p,mpair_00005528,eval,2,"LogP,TPSA",O=CNC(=O)c1cnn2c1n[n+]([O-])c1ccc(Cl)cc12,CCOC(=O)c1cnn2c1n[n+]([O-])c1ccc(Cl)cc12,COc1cc(N2CC(CNC(C)=O)OC2=O)ccc1C(C)=O,c1ccc2c(c1)[nH+]nc1ccnn12,O=C1OCCN1c1ccccc1,False,True,False,,0.13414634146341464,0.1625,,,,,1.3459999999999996,1.3590999999999998,0.013100000000000112,True,,,,,83.42999999999999,84.94,1.5100000000000051,True,,,,,,,,,,,,
edit_latent_source_similarity_rerank,mpair_00005534_cond_00_2p,mpair_00005534,eval,2,"MW,LogP",CC(C)(C)OC(=O)Nc1cnn2c1n[n+]([O-])c1ccc(Cl)cc12,O=CNC(=O)c1cnn2c1n[n+]([O-])c1ccc(Cl)cc12,COc1cccc(C(=O)CC(NC(=O)C2CC2)C(=O)O)c1,c1ccc2c(c1)[nH+]nc1ccnn12,O=C(CCNC(=O)C1CC1)c1ccccc1,False,False,False,,0.12048192771084337,0.09876543209876543,291.65400000000005,291.303,0.35100000000005593,True,0.05550000000000005,1.2473999999999998,1.1918999999999997,False,,,,,,,,,,,,,,,,,,,,
edit_latent_source_similarity_rerank,mpair_00005626_cond_00_2p,mpair_00005626,eval,2,"MW,QED",O=C1OC2(CCN(CCc3c[nH]c4ccc(F)cc34)CC2)CN1Cc1ccc(F)cc1F,O=C1OC2(CCN(CCc3c[nH]c4ccc(F)cc34)CC2)CN1Cc1ccccc1,NC(=O)C1CCN(CCCCOc2ccccc2CCc2ccccc2)CC1,O=C1OC2(CCN(CCc3c[nH]c4ccccc34)CC2)CN1Cc1ccccc1,c1ccc(CCc2ccccc2OCCCCN2CCCCC2)cc1,False,True,False,,0.1590909090909091,0.2261904761904762,407.48900000000026,380.5320000000002,26.95700000000005,True,,,,,0.684658851889038,0.63752340493286,0.047135446956177995,True,,,,,,,,,,,,,,,,
target_oracle,mpair_00000001_cond_00_2p,mpair_00000001,eval,2,"MW,LogP",O=C(c1ccccc1C(F)(F)F)N1C[C@H](CN2CCC(c3ccccc3)CC2)[C@@H](c2ccccc2)C1,O=C(c1ccccc1F)N1C[C@H](CN2CCC(c3ccccc3)CC2)[C@@H](c2ccccc2)C1,O=C(c1ccccc1F)N1C[C@H](CN2CCC(c3ccccc3)CC2)[C@@H](c2ccccc2)C1,O=C(c1ccccc1)N1C[C@H](CN2CCC(c3ccccc3)CC2)[C@@H](c2ccccc2)C1,O=C(c1ccccc1)N1C[C@H](CN2CCC(c3ccccc3)CC2)[C@@H](c2ccccc2)C1,True,True,True,,0.7592592592592593,1.0,442.57800000000015,442.57800000000015,0.0,True,5.561100000000006,5.561100000000006,0.0,True,,,,,,,,,,,,,,,,,,,,
target_oracle,mpair_00000003_cond_02_2p,mpair_00000003,eval,2,"MW,RB",COc1cccc(C(=O)N2C[C@H](CN3CCC(c4ccccc4)CC3)[C@@H](c3ccccc3)C2)c1,O=C(c1ccccc1Br)N1C[C@H](CN2CCC(c3ccccc3)CC2)[C@@H](c2ccccc2)C1,O=C(c1ccccc1Br)N1C[C@H](CN2CCC(c3ccccc3)CC2)[C@@H](c2ccccc2)C1,O=C(c1ccccc1)N1C[C@H](CN2CCC(c3ccccc3)CC2)[C@@H](c2ccccc2)C1,O=C(c1ccccc1)N1C[C@H](CN2CCC(c3ccccc3)CC2)[C@@H](c2ccccc2)C1,True,True,True,,0.6065573770491803,1.0,503.48400000000026,503.48400000000026,0.0,True,,,,,,,,,,,,,,,,,,,,,5.0,5.0,0.0,True
target_oracle,mpair_00000006_cond_00_2p,mpair_00000006,eval,2,"MW,LogP",O=C(c1ccccc1F)N1C[C@H](CN2CCC(c3ccccc3)CC2)[C@@H](c2ccccc2)C1,O=C(c1ccccc1C(F)(F)F)N1C[C@H](CN2CCC(c3ccccc3)CC2)[C@@H](c2ccccc2)C1,O=C(c1ccccc1C(F)(F)F)N1C[C@H](CN2CCC(c3ccccc3)CC2)[C@@H](c2ccccc2)C1,O=C(c1ccccc1)N1C[C@H](CN2CCC(c3ccccc3)CC2)[C@@H](c2ccccc2)C1,O=C(c1ccccc1)N1C[C@H](CN2CCC(c3ccccc3)CC2)[C@@H](c2ccccc2)C1,True,True,True,,0.7592592592592593,1.0,492.5850000000002,492.5850000000002,0.0,True,6.4408000000000065,6.4408000000000065,0.0,True,,,,,,,,,,,,,,,,,,,,
target_oracle,mpair_00000008_cond_02_2p,mpair_00000008,eval,2,"MW,QED",O=C(c1ccccc1Br)N1C[C@H](CN2CCC(c3ccccc3)CC2)[C@@H](c2ccccc2)C1,O=C(c1ccccc1F)N1C[C@H](CN2CCC(c3ccccc3)CC2)[C@@H](c2ccccc2)C1,O=C(c1ccccc1F)N1C[C@H](CN2CCC(c3ccccc3)CC2)[C@@H](c2ccccc2)C1,O=C(c1ccccc1)N1C[C@H](CN2CCC(c3ccccc3)CC2)[C@@H](c2ccccc2)C1,O=C(c1ccccc1)N1C[C@H](CN2CCC(c3ccccc3)CC2)[C@@H](c2ccccc2)C1,True,True,True,,0.7692307692307693,1.0,442.57800000000015,442.57800000000015,0.0,True,,,,,0.5164092889512721,0.5164092889512721,0.0,True,,,,,,,,,,,,,,,,
target_oracle,mpair_00000012_cond_00_2p,mpair_00000012,eval,2,"MW,LogP",O=C(c1ccccc1F)N1C[C@H](CN2CCC(c3ccccc3)CC2)[C@@H](c2ccccc2)C1,O=C(c1ccccc1Br)N1C[C@H](CN2CCC(c3ccccc3)CC2)[C@@H](c2ccccc2)C1,O=C(c1ccccc1Br)N1C[C@H](CN2CCC(c3ccccc3)CC2)[C@@H](c2ccccc2)C1,O=C(c1ccccc1)N1C[C@H](CN2CCC(c3ccccc3)CC2)[C@@H](c2ccccc2)C1,O=C(c1ccccc1)N1C[C@H](CN2CCC(c3ccccc3)CC2)[C@@H](c2ccccc2)C1,True,True,True,,0.7692307692307693,1.0,503.48400000000026,503.48400000000026,0.0,True,6.184500000000006,6.184500000000006,0.0,True,,,,,,,,,,,,,,,,,,,,
target_oracle,mpair_00000020_cond_00_2p,mpair_00000020,eval,2,"MW,TPSA",O=C(O)CCC/C=C/C[C@@H]1[C@@H](COCc2ccccc2)C2CC1(c1ccccc1)CO2,N#Cc1ccc(COC[C@H]2C3CC(c4ccc(F)cc4)(CO3)[C@@H]2C/C=C/CCCC(=O)O)cc1,N#Cc1ccc(COC[C@H]2C3CC(c4ccc(F)cc4)(CO3)[C@@H]2C/C=C/CCCC(=O)O)cc1,c1ccc(COC[C@@H]2CC3(c4ccccc4)COC2C3)cc1,c1ccc(COC[C@@H]2CC3(c4ccccc4)COC2C3)cc1,True,True,True,,0.7391304347826086,1.0,463.5490000000003,463.5490000000003,0.0,True,,,,,,,,,79.55,79.55,0.0,True,,,,,,,,,,,,
target_oracle,mpair_00000325_cond_01_2p,mpair_00000325,eval,2,"MW,LogP",N[C@@H](C(=O)N[C@@H]1C(=O)N2C(C(=O)O)=C(C(F)(F)F)CC[C@H]12)c1ccc(F)cc1,N[C@@H](C(=O)N[C@@H]1C(=O)N2C(C(=O)O)=C(C(F)(F)F)CC[C@H]12)c1cccc(C(F)(F)F)c1,N[C@@H](C(=O)N[C@@H]1C(=O)N2C(C(=O)O)=C(C(F)(F)F)CC[C@H]12)c1cccc(C(F)(F)F)c1,O=C(Cc1ccccc1)N[C@@H]1C(=O)N2C=CCC[C@H]12,O=C(Cc1ccccc1)N[C@@H]1C(=O)N2C=CCC[C@H]12,True,True,True,,0.7377049180327869,1.0,451.3230000000001,451.3230000000001,0.0,True,2.0955999999999997,2.0955999999999997,0.0,True,,,,,,,,,,,,,,,,,,,,
target_oracle,mpair_00000335_cond_00_2p,mpair_00000335,eval,2,"MW,HBA",N[C@@H](C(=O)N[C@@H]1C(=O)N2C(C(=O)O)=C(C(F)(F)F)CC[C@H]12)c1cccc(Br)c1,N[C@@H](C(=O)N[C@@H]1C(=O)N2C(C(=O)O)=C(C(F)(F)F)CC[C@H]12)c1ccc(O)cc1,N[C@@H](C(=O)N[C@@H]1C(=O)N2C(C(=O)O)=C(C(F)(F)F)CC[C@H]12)c1ccc(O)cc1,O=C(Cc1ccccc1)N[C@@H]1C(=O)N2C=CCC[C@H]12,O=C(Cc1ccccc1)N[C@@H]1C(=O)N2C=CCC[C@H]12,True,True,True,,0.7377049180327869,1.0,399.3250000000001,399.3250000000001,0.0,True,,,,,,,,,,,,,,,,,5.0,5.0,0.0,True,,,,
target_oracle,mpair_00000338_cond_01_2p,mpair_00000338,eval,2,"MW,QED",N[C@@H](C(=O)N[C@@H]1C(=O)N2C(C(=O)O)=C(C(F)(F)F)CC[C@H]12)c1cccc(Br)c1,CSC1=C(C(=O)O)N2C(=O)[C@@H](NC(=O)[C@H](N)c3ccccc3)[C@H]2CC1,CSC1=C(C(=O)O)N2C(=O)[C@@H](NC(=O)[C@H](N)c3ccccc3)[C@H]2CC1,O=C(Cc1ccccc1)N[C@@H]1C(=O)N2C=CCC[C@H]12,O=C(Cc1ccccc1)N[C@@H]1C(=O)N2C=CCC[C@H]12,True,True,True,,0.5757575757575758,1.0,361.42300000000006,361.42300000000006,0.0,True,,,,,0.6699274889764619,0.6699274889764619,0.0,True,,,,,,,,,,,,,,,,
target_oracle,mpair_00000587_cond_01_2p,mpair_00000587,eval,2,"HBA,RB",Cc1ccc(CCCC[C@@H]2N[C@@H](CO)[C@H](O)[C@H]2O)cc1,COc1ccc(CCCC[C@@H]2N[C@@H](CO)[C@H](O)[C@H]2O)cc1,COc1ccc(CCCC[C@@H]2N[C@@H](CO)[C@H](O)[C@H]2O)cc1,c1ccc(CCCC[C@H]2CCCN2)cc1,c1ccc(CCCC[C@H]2CCCN2)cc1,True,True,True,,0.725,1.0,,,,,,,,,,,,,,,,,,,,,5.0,5.0,0.0,True,7.0,7.0,0.0,True
target_oracle,mpair_00000590_cond_00_2p,mpair_00000590,eval,2,"HBD,RB",OC[C@@H]1N[C@@H](CCCCc2ccc(O)cc2)[C@H](O)[C@H]1O,COc1ccc(CCCC[C@@H]2N[C@@H](CO)[C@H](O)[C@H]2O)cc1,COc1ccc(CCCC[C@@H]2N[C@@H](CO)[C@H](O)[C@H]2O)cc1,c1ccc(CCCC[C@H]2CCCN2)cc1,c1ccc(CCCC[C@H]2CCCN2)cc1,True,True,True,,0.7,1.0,,,,,,,,,,,,,,,,,4.0,4.0,0.0,True,,,,,7.0,7.0,0.0,True
target_oracle,mpair_00000592_cond_00_2p,mpair_00000592,eval,2,"HBA,RB",COc1ccc(CCCC[C@@H]2N[C@@H](CO)[C@H](O)[C@H]2O)cc1,Cc1ccc(CCCC[C@@H]2N[C@@H](CO)[C@H](O)[C@H]2O)cc1,Cc1ccc(CCCC[C@@H]2N[C@@H](CO)[C@H](O)[C@H]2O)cc1,c1ccc(CCCC[C@H]2CCCN2)cc1,c1ccc(CCCC[C@H]2CCCN2)cc1,True,True,True,,0.725,1.0,,,,,,,,,,,,,,,,,,,,,4.0,4.0,0.0,True,6.0,6.0,0.0,True
target_oracle,mpair_00000593_cond_02_2p,mpair_00000593,eval,2,"HBA,RB",OC[C@@H]1N[C@@H](CCCCc2cc(F)cc(F)c2)[C@H](O)[C@H]1O,COc1ccc(CCCC[C@@H]2N[C@@H](CO)[C@H](O)[C@H]2O)cc1,COc1ccc(CCCC[C@@H]2N[C@@H](CO)[C@H](O)[C@H]2O)cc1,c1ccc(CCCC[C@H]2CCCN2)cc1,c1ccc(CCCC[C@H]2CCCN2)cc1,True,True,True,,0.5681818181818182,1.0,,,,,,,,,,,,,,,,,,,,,5.0,5.0,0.0,True,7.0,7.0,0.0,True
target_oracle,mpair_00000596_cond_00_2p,mpair_00000596,eval,2,"HBA,RB",OC[C@@H]1N[C@@H](CCCCc2ccc(F)cc2)[C@H](O)[C@H]1O,COc1ccc(CCCC[C@@H]2N[C@@H](CO)[C@H](O)[C@H]2O)cc1,COc1ccc(CCCC[C@@H]2N[C@@H](CO)[C@H](O)[C@H]2O)cc1,c1ccc(CCCC[C@H]2CCCN2)cc1,c1ccc(CCCC[C@H]2CCCN2)cc1,True,True,True,,0.6829268292682927,1.0,,,,,,,,,,,,,,,,,,,,,5.0,5.0,0.0,True,7.0,7.0,0.0,True
target_oracle,mpair_00000599_cond_00_2p,mpair_00000599,eval,2,"QED,HBD",CC1=C(C)C(=O)C(C(c2ccccc2)c2cccnc2)=C(C)C1=O,CC1=C(C)C(=O)C(C(c2cccnc2)c2cccc(/C=C/C(=O)O)c2)=C(C)C1=O,CC1=C(C)C(=O)C(C(c2cccnc2)c2cccc(/C=C/C(=O)O)c2)=C(C)C1=O,O=C1C=CC(=O)C(C(c2ccccc2)c2cccnc2)=C1,O=C1C=CC(=O)C(C(c2ccccc2)c2cccnc2)=C1,True,True,True,,0.6326530612244898,1.0,,,,,,,,,0.6163061688930161,0.6163061688930161,0.0,True,,,,,1.0,1.0,0.0,True,,,,,,,,
target_oracle,mpair_00000727_cond_01_2p,mpair_00000727,eval,2,"QED,RB",C=CCc1cc(/C=C2\SC(=O)N(C(C)C)C2=O)c(OC)cc1OC1CCCCO1,C=CCc1cc(/C=C2\SC(=O)N(CCCC)C2=O)c(OC)cc1OC1CCCCO1,C=CCc1cc(/C=C2\SC(=O)N(CCCC)C2=O)c(OC)cc1OC1CCCCO1,O=C1NC(=O)/C(=C/c2ccc(OC3CCCCO3)cc2)S1,O=C1NC(=O)/C(=C/c2ccc(OC3CCCCO3)cc2)S1,True,True,True,,0.7285714285714285,1.0,,,,,,,,,0.39718598618589046,0.39718598618589046,0.0,True,,,,,,,,,,,,,9.0,9.0,0.0,True
target_oracle,mpair_00000730_cond_00_2p,mpair_00000730,eval,2,"HBD,RB",C=CCc1cc(/C=C2\SC(=O)NC2=O)c(OC)cc1OC1CCCCO1,C=CCc1cc(/C=C2\SC(=O)N(C(C)C)C2=O)c(OC)cc1OC1CCCCO1,C=CCc1cc(/C=C2\SC(=O)N(C(C)C)C2=O)c(OC)cc1OC1CCCCO1,O=C1NC(=O)/C(=C/c2ccc(OC3CCCCO3)cc2)S1,O=C1NC(=O)/C(=C/c2ccc(OC3CCCCO3)cc2)S1,True,True,True,,0.6865671641791045,1.0,,,,,,,,,,,,,,,,,0.0,0.0,0.0,True,,,,,7.0,7.0,0.0,True
target_oracle,mpair_00000732_cond_01_2p,mpair_00000732,eval,2,"LogP,QED",C=CCc1cc(/C=C2\SC(=O)N(CC=C)C2=O)c(OC)cc1OC1CCCCO1,C=CCc1cc(/C=C2\SC(=O)N(CC=C(C)C)C2=O)c(OC)cc1OC1CCCCO1,C=CCc1cc(/C=C2\SC(=O)N(CC=C(C)C)C2=O)c(OC)cc1OC1CCCCO1,O=C1NC(=O)/C(=C/c2ccc(OC3CCCCO3)cc2)S1,O=C1NC(=O)/C(=C/c2ccc(OC3CCCCO3)cc2)S1,True,True,True,,0.8615384615384616,1.0,,,,,5.331600000000005,5.331600000000005,0.0,True,0.3995752918375223,0.3995752918375223,0.0,True,,,,,,,,,,,,,,,,
target_oracle,mpair_00000736_cond_00_2p,mpair_00000736,eval,2,"QED,RB",C=CCc1cc(/C=C2\SC(=O)N(CCCC)C2=O)c(OC)cc1OC1CCCCO1,C=CCc1cc(/C=C2\SC(=O)N(C(C)C)C2=O)c(OC)cc1OC1CCCCO1,C=CCc1cc(/C=C2\SC(=O)N(C(C)C)C2=O)c(OC)cc1OC1CCCCO1,O=C1NC(=O)/C(=C/c2ccc(OC3CCCCO3)cc2)S1,O=C1NC(=O)/C(=C/c2ccc(OC3CCCCO3)cc2)S1,True,True,True,,0.7285714285714285,1.0,,,,,,,,,0.4701504427149941,0.4701504427149941,0.0,True,,,,,,,,,,,,,7.0,7.0,0.0,True
target_oracle,mpair_00000737_cond_02_2p,mpair_00000737,eval,2,"QED,HBD",C=CCc1cc(/C=C2\SC(=O)NC2=O)c(OC)cc1OC1CCCCO1,C=CCc1cc(/C=C2\SC(=O)N(C)C2=O)c(OC)cc1OC1CCCCO1,C=CCc1cc(/C=C2\SC(=O)N(C)C2=O)c(OC)cc1OC1CCCCO1,O=C1NC(=O)/C(=C/c2ccc(OC3CCCCO3)cc2)S1,O=C1NC(=O)/C(=C/c2ccc(OC3CCCCO3)cc2)S1,True,True,True,,0.71875,1.0,,,,,,,,,0.5413211960634129,0.5413211960634129,0.0,True,,,,,0.0,0.0,0.0,True,,,,,,,,
target_oracle,mpair_00000740_cond_02_2p,mpair_00000740,eval,2,"MW,QED",C=CCc1cc(/C=C2\SC(=O)N(C)C2=O)c(OC)cc1OC1CCCCO1,C=CCc1cc(/C=C2\SC(=O)N(CCCC)C2=O)c(OC)cc1OC1CCCCO1,C=CCc1cc(/C=C2\SC(=O)N(CCCC)C2=O)c(OC)cc1OC1CCCCO1,O=C1NC(=O)/C(=C/c2ccc(OC3CCCCO3)cc2)S1,O=C1NC(=O)/C(=C/c2ccc(OC3CCCCO3)cc2)S1,True,True,True,,0.7878787878787878,1.0,431.55400000000026,431.55400000000026,0.0,True,,,,,0.39718598618589046,0.39718598618589046,0.0,True,,,,,,,,,,,,,,,,
target_oracle,mpair_00000744_cond_00_2p,mpair_00000744,eval,2,"LogP,RB",C=CCc1cc(/C=C2\SC(=O)N(CC=C(C)C)C2=O)c(OC)cc1OC1CCCCO1,C=CCc1cc(/C=C2\SC(=O)N(C(C)C)C2=O)c(OC)cc1OC1CCCCO1,C=CCc1cc(/C=C2\SC(=O)N(C(C)C)C2=O)c(OC)cc1OC1CCCCO1,O=C1NC(=O)/C(=C/c2ccc(OC3CCCCO3)cc2)S1,O=C1NC(=O)/C(=C/c2ccc(OC3CCCCO3)cc2)S1,True,True,True,,0.7183098591549296,1.0,,,,,4.773800000000004,4.773800000000004,0.0,True,,,,,,,,,,,,,,,,,7.0,7.0,0.0,True
target_oracle,mpair_00000746_cond_00_2p,mpair_00000746,eval,2,"QED,RB",C=CCc1cc(/C=C2\SC(=O)N(CC=C)C2=O)c(OC)cc1OC1CCCCO1,C=CCc1cc(/C=C2\SC(=O)N(CCCC)C2=O)c(OC)cc1OC1CCCCO1,C=CCc1cc(/C=C2\SC(=O)N(CCCC)C2=O)c(OC)cc1OC1CCCCO1,O=C1NC(=O)/C(=C/c2ccc(OC3CCCCO3)cc2)S1,O=C1NC(=O)/C(=C/c2ccc(OC3CCCCO3)cc2)S1,True,True,True,,0.8181818181818182,1.0,,,,,,,,,0.39718598618589046,0.39718598618589046,0.0,True,,,,,,,,,,,,,9.0,9.0,0.0,True
target_oracle,mpair_00000751_cond_02_2p,mpair_00000751,eval,2,"LogP,RB",O=C1CCC[C@H]2OC[C@@H](Cc3c[nH]c4ccccc34)N12,CC[C@H]1CCC(=O)N2[C@H](Cc3c[nH]c4ccccc34)CO[C@H]12,CC[C@H]1CCC(=O)N2[C@H](Cc3c[nH]c4ccccc34)CO[C@H]12,O=C1CCC[C@H]2OC[C@@H](Cc3c[nH]c4ccccc34)N12,O=C1CCC[C@H]2OC[C@@H](Cc3c[nH]c4ccccc34)N12,True,True,True,,0.6607142857142857,1.0,,,,,3.0839000000000016,3.0839000000000016,0.0,True,,,,,,,,,,,,,,,,,3.0,3.0,0.0,True
target_oracle,mpair_00000755_cond_00_2p,mpair_00000755,eval,2,"LogP,RB",CC[C@H]1CCC(=O)N2[C@H](Cc3c[nH]c4ccccc34)CO[C@H]12,O=C1CCC[C@H]2OC[C@@H](Cc3c[nH]c4ccccc34)N12,O=C1CCC[C@H]2OC[C@@H](Cc3c[nH]c4ccccc34)N12,O=C1CCC[C@H]2OC[C@@H](Cc3c[nH]c4ccccc34)N12,O=C1CCC[C@H]2OC[C@@H](Cc3c[nH]c4ccccc34)N12,True,True,True,,0.6607142857142857,1.0,,,,,2.447800000000001,2.447800000000001,0.0,True,,,,,,,,,,,,,,,,,2.0,2.0,0.0,True
target_oracle,mpair_00000756_cond_02_2p,mpair_00000756,eval,2,"LogP,QED",Clc1cccc(-c2cncc(O[C@@H]3CCNC3)c2)c1,Clc1cccc(-c2cc(O[C@@H]3CCNC3)cnc2Cl)c1,Clc1cccc(-c2cc(O[C@@H]3CCNC3)cnc2Cl)c1,c1ccc(-c2cncc(O[C@@H]3CCNC3)c2)cc1,c1ccc(-c2cncc(O[C@@H]3CCNC3)c2)cc1,True,True,True,,0.68,1.0,,,,,3.796100000000002,3.796100000000002,0.0,True,0.8758671086324237,0.8758671086324237,0.0,True,,,,,,,,,,,,,,,,
target_oracle,mpair_00000759_cond_00_2p,mpair_00000759,eval,2,"MW,LogP",c1ccc(-c2cncc(O[C@@H]3CCNC3)c2)cc1,Clc1cccc(-c2cc(O[C@@H]3CCNC3)cnc2Cl)c1,Clc1cccc(-c2cc(O[C@@H]3CCNC3)cnc2Cl)c1,c1ccc(-c2cncc(O[C@@H]3CCNC3)c2)cc1,c1ccc(-c2cncc(O[C@@H]3CCNC3)c2)cc1,True,True,True,,0.5192307692307693,1.0,309.196,309.196,0.0,True,3.796100000000002,3.796100000000002,0.0,True,,,,,,,,,,,,,,,,,,,,
target_oracle,mpair_00000760_cond_02_2p,mpair_00000760,eval,2,"MW,LogP",Clc1cccc(-c2cc(O[C@@H]3CCNC3)cnc2Cl)c1,c1ccc(-c2cncc(O[C@@H]3CCNC3)c2)cc1,c1ccc(-c2cncc(O[C@@H]3CCNC3)c2)cc1,c1ccc(-c2cncc(O[C@@H]3CCNC3)c2)cc1,c1ccc(-c2cncc(O[C@@H]3CCNC3)c2)cc1,True,True,True,,0.5192307692307693,1.0,240.30599999999998,240.30599999999998,0.0,True,2.4893,2.4893,0.0,True,,,,,,,,,,,,,,,,,,,,
target_oracle,mpair_00000763_cond_01_2p,mpair_00000763,eval,2,"HBA,RB",COc1cccc(-c2cncc(O[C@@H]3CCNC3)c2)c1,c1ccc(-c2cncc(O[C@@H]3CCNC3)c2)cc1,c1ccc(-c2cncc(O[C@@H]3CCNC3)c2)cc1,c1ccc(-c2cncc(O[C@@H]3CCNC3)c2)cc1,c1ccc(-c2cncc(O[C@@H]3CCNC3)c2)cc1,True,True,True,,0.75,1.0,,,,,,,,,,,,,,,,,,,,,3.0,3.0,0.0,True,3.0,3.0,0.0,True
target_oracle,mpair_00000765_cond_00_2p,mpair_00000765,eval,2,"QED,HBA",COc1cccc(-c2cncc(O[C@@H]3CCNC3)c2)c1,Clc1cccc(-c2cc(O[C@@H]3CCNC3)cnc2Cl)c1,Clc1cccc(-c2cc(O[C@@H]3CCNC3)cnc2Cl)c1,c1ccc(-c2cncc(O[C@@H]3CCNC3)c2)cc1,c1ccc(-c2cncc(O[C@@H]3CCNC3)c2)cc1,True,True,True,,0.5,1.0,,,,,,,,,0.8758671086324237,0.8758671086324237,0.0,True,,,,,,,,,3.0,3.0,0.0,True,,,,
target_oracle,mpair_00001116_cond_00_2p,mpair_00001116,eval,2,"HBA,RB",COc1ccc(N2CCN(CCC3NC(=O)c4ccccc43)CC2)cc1,O=C1NC(CCN2CCN(c3ccccc3)CC2)c2ccccc21,O=C1NC(CCN2CCN(c3ccccc3)CC2)c2ccccc21,O=C1NC(CCN2CCN(c3ccccc3)CC2)c2ccccc21,O=C1NC(CCN2CCN(c3ccccc3)CC2)c2ccccc21,True,True,True,,0.7708333333333334,1.0,,,,,,,,,,,,,,,,,,,,,3.0,3.0,0.0,True,4.0,4.0,0.0,True
target_oracle,mpair_00001119_cond_01_2p,mpair_00001119,eval,2,"HBA,RB",O=C1NC(CCN2CCN(c3ccccc3)CC2)c2ccccc21,COc1ccc(N2CCN(CCC3NC(=O)c4ccccc43)CC2)cc1,COc1ccc(N2CCN(CCC3NC(=O)c4ccccc43)CC2)cc1,O=C1NC(CCN2CCN(c3ccccc3)CC2)c2ccccc21,O=C1NC(CCN2CCN(c3ccccc3)CC2)c2ccccc21,True,True,True,,0.7708333333333334,1.0,,,,,,,,,,,,,,,,,,,,,4.0,4.0,0.0,True,5.0,5.0,0.0,True
target_oracle,mpair_00001121_cond_00_2p,mpair_00001121,eval,2,"MW,QED",O=C1NC(CCN2CCN(c3ccccc3)CC2)c2ccccc21,CN1C(=O)c2ccccc2C1CCN1CCN(c2ccc(Cl)cc2)CC1,CN1C(=O)c2ccccc2C1CCN1CCN(c2ccc(Cl)cc2)CC1,O=C1NC(CCN2CCN(c3ccccc3)CC2)c2ccccc21,O=C1NC(CCN2CCN(c3ccccc3)CC2)c2ccccc21,True,True,True,,0.4909090909090909,1.0,369.8960000000001,369.8960000000001,0.0,True,,,,,0.8221231339252668,0.8221231339252668,0.0,True,,,,,,,,,,,,,,,,
target_oracle,mpair_00001122_cond_02_2p,mpair_00001122,eval,2,"QED,HBD",COc1ccc(N2CCN(CCC3c4ccccc4C(=O)N3C)CC2)cc1,COc1ccc(N2CCN(CCC3NC(=O)c4ccccc43)CC2)cc1,COc1ccc(N2CCN(CCC3NC(=O)c4ccccc43)CC2)cc1,O=C1NC(CCN2CCN(c3ccccc3)CC2)c2ccccc21,O=C1NC(CCN2CCN(c3ccccc3)CC2)c2ccccc21,True,True,True,,0.6545454545454545,1.0,,,,,,,,,0.8996022198661571,0.8996022198661571,0.0,True,,,,,1.0,1.0,0.0,True,,,,,,,,
target_oracle,mpair_00001126_cond_00_2p,mpair_00001126,eval,2,"LogP,HBA",Cc1ccc(N2CCN(CCC3NC(=O)c4ccccc43)CC2)cc1C,COc1ccc(N2CCN(CCC3NC(=O)c4ccccc43)CC2)cc1,COc1ccc(N2CCN(CCC3NC(=O)c4ccccc43)CC2)cc1,O=C1NC(CCN2CCN(c3ccccc3)CC2)c2ccccc21,O=C1NC(CCN2CCN(c3ccccc3)CC2)c2ccccc21,True,True,True,,0.7037037037037037,1.0,,,,,2.692000000000001,2.692000000000001,0.0,True,,,,,,,,,,,,,4.0,4.0,0.0,True,,,,
target_oracle,mpair_00001129_cond_00_2p,mpair_00001129,eval,2,"QED,HBD",Cc1ccc(N2CCN(CCC3NC(=O)c4ccccc43)CC2)cc1C,CN1C(=O)c2ccccc2C1CCN1CCN(c2ccc(Cl)cc2)CC1,CN1C(=O)c2ccccc2C1CCN1CCN(c2ccc(Cl)cc2)CC1,O=C1NC(CCN2CCN(c3ccccc3)CC2)c2ccccc21,O=C1NC(CCN2CCN(c3ccccc3)CC2)c2ccccc21,True,True,True,,0.45901639344262296,1.0,,,,,,,,,0.8221231339252668,0.8221231339252668,0.0,True,,,,,0.0,0.0,0.0,True,,,,,,,,
target_oracle,mpair_00001130_cond_02_2p,mpair_00001130,eval,2,"LogP,RB",COc1ccc(N2CCN(CCC3c4ccccc4C(=O)N3C)CC2)cc1,CN1C(=O)c2ccccc2C1CCN1CCN(c2ccc(Cl)cc2)CC1,CN1C(=O)c2ccccc2C1CCN1CCN(c2ccc(Cl)cc2)CC1,O=C1NC(CCN2CCN(c3ccccc3)CC2)c2ccccc21,O=C1NC(CCN2CCN(c3ccccc3)CC2)c2ccccc21,True,True,True,,0.76,1.0,,,,,3.679000000000003,3.679000000000003,0.0,True,,,,,,,,,,,,,,,,,4.0,4.0,0.0,True
target_oracle,mpair_00001134_cond_02_2p,mpair_00001134,eval,2,"MW,QED",FC(F)(F)c1cccc(N2CCN(c3nc4ccsc4n4cccc34)CC2)c1,Fc1ccc(N2CCN(c3nc4ccsc4n4cccc34)CC2)cc1,Fc1ccc(N2CCN(c3nc4ccsc4n4cccc34)CC2)cc1,c1ccc(N2CCN(c3nc4ccsc4n4cccc34)CC2)cc1,c1ccc(N2CCN(c3nc4ccsc4n4cccc34)CC2)cc1,True,True,True,,0.6666666666666666,1.0,352.43800000000016,352.43800000000016,0.0,True,,,,,0.5445182992427106,0.5445182992427106,0.0,True,,,,,,,,,,,,,,,,
target_oracle,mpair_00001617_cond_01_2p,mpair_00001617,eval,2,"QED,RB",Cc1cc(F)cc2c1OCc1c-2ccc2c1C(C)CC(C)(C)N2,CC1CC(C)(C)Nc2ccc3c(c21)COc1c-3cc(F)cc1[N+](=O)[O-],CC1CC(C)(C)Nc2ccc3c(c21)COc1c-3cc(F)cc1[N+](=O)[O-],c1ccc2c(c1)OCc1c-2ccc2c1CCCN2,c1ccc2c(c1)OCc1c-2ccc2c1CCCN2,True,True,True,,0.7192982456140351,1.0,,,,,,,,,0.5855235809891088,0.5855235809891088,0.0,True,,,,,,,,,,,,,1.0,1.0,0.0,True
target_oracle,mpair_00001643_cond_01_2p,mpair_00001643,eval,2,"MW,QED",C=C(Br)CC1(C(C)C)C(=O)NC(=O)N(C)C1=O,C=CCC1(C(C)C#CCC)C(=O)NC(=O)N(C)C1=O,C=CCC1(C(C)C#CCC)C(=O)NC(=O)N(C)C1=O,O=C1CC(=O)NC(=O)N1,O=C1CC(=O)NC(=O)N1,True,True,True,,0.42857142857142855,1.0,262.30899999999997,262.30899999999997,0.0,True,,,,,0.47348972477403223,0.47348972477403223,0.0,True,,,,,,,,,,,,,,,,
target_oracle,mpair_00002259_cond_00_2p,mpair_00002259,eval,2,"LogP,QED",Cc1ccccc1NC(=O)c1c(C)n(-c2ccccc2C)c(C)cc1=O,Cc1cccc(C)c1NC(=O)c1c(C)n(-c2c(C)cccc2C)c(C)cc1=O,Cc1cccc(C)c1NC(=O)c1c(C)n(-c2c(C)cccc2C)c(C)cc1=O,O=C(Nc1ccccc1)c1cn(-c2ccccc2)ccc1=O,O=C(Nc1ccccc1)c1cn(-c2ccccc2)ccc1=O,True,True,True,,0.5833333333333334,1.0,,,,,4.940320000000004,4.940320000000004,0.0,True,0.7058233303377046,0.7058233303377046,0.0,True,,,,,,,,,,,,,,,,
target_oracle,mpair_00002372_cond_00_2p,mpair_00002372,eval,2,"HBA,RB",CCCCCNC(=O)Nc1c(SCCCn2cnc(-c3ccccc3)c2C)cccc1N(C)C,CCCCCNC(=O)Nc1c(C)cccc1SCCCn1cnc(-c2ccccc2)c1C,CCCCCNC(=O)Nc1c(C)cccc1SCCCn1cnc(-c2ccccc2)c1C,c1ccc(SCCCn2cnc(-c3ccccc3)c2)cc1,c1ccc(SCCCn2cnc(-c3ccccc3)c2)cc1,True,True,True,,0.8208955223880597,1.0,,,,,,,,,,,,,,,,,,,,,4.0,4.0,0.0,True,11.0,11.0,0.0,True
target_oracle,mpair_00002373_cond_02_2p,mpair_00002373,eval,2,"HBA,RB",CCCCCNC(=O)Nc1c(C)cccc1SCCCn1cnc(-c2ccccc2)c1C,CCCCCNC(=O)Nc1c(SCCCn2cnc(-c3ccccc3)c2C)cccc1N(C)C,CCCCCNC(=O)Nc1c(SCCCn2cnc(-c3ccccc3)c2C)cccc1N(C)C,c1ccc(SCCCn2cnc(-c3ccccc3)c2)cc1,c1ccc(SCCCn2cnc(-c3ccccc3)c2)cc1,True,True,True,,0.8208955223880597,1.0,,,,,,,,,,,,,,,,,,,,,5.0,5.0,0.0,True,12.0,12.0,0.0,True
target_oracle,mpair_00002463_cond_02_2p,mpair_00002463,eval,2,"LogP,RB",COc1ccc(NC(=O)c2cc(OCCCN(C)C)nn2Cc2ccccc2)cc1,CN(C)CCCOc1cc(C(=O)Nc2ccc(Cl)cc2F)n(Cc2ccccc2)n1,CN(C)CCCOc1cc(C(=O)Nc2ccc(Cl)cc2F)n(Cc2ccccc2)n1,O=C(Nc1ccccc1)c1ccnn1Cc1ccccc1,O=C(Nc1ccccc1)c1ccnn1Cc1ccccc1,True,True,True,,0.6567164179104478,1.0,,,,,4.306700000000003,4.306700000000003,0.0,True,,,,,,,,,,,,,,,,,9.0,9.0,0.0,True
target_oracle,mpair_00002468_cond_00_2p,mpair_00002468,eval,2,"MW,QED",CN(C)CCCOc1cc(C(=O)Nc2cc(F)cc(C(F)(F)F)c2)n(Cc2ccccc2)n1,COc1ccc(NC(=O)c2cc(OCCCN(C)C)nn2Cc2ccccc2)cc1,COc1ccc(NC(=O)c2cc(OCCCN(C)C)nn2Cc2ccccc2)cc1,O=C(Nc1ccccc1)c1ccnn1Cc1ccccc1,O=C(Nc1ccccc1)c1ccnn1Cc1ccccc1,True,True,True,,0.6764705882352942,1.0,408.50200000000007,408.50200000000007,0.0,True,,,,,0.5200250404910086,0.5200250404910086,0.0,True,,,,,,,,,,,,,,,,
target_oracle,mpair_00002474_cond_02_2p,mpair_00002474,eval,2,"QED,TPSA",COc1cc(NC(=O)c2cc(OCCCN(C)C)nn2Cc2ccccc2)cc(OC)c1OC,CN(C)CCCOc1cc(C(=O)Nc2ccc(Cl)cc2F)n(Cc2ccccc2)n1,CN(C)CCCOc1cc(C(=O)Nc2ccc(Cl)cc2F)n(Cc2ccccc2)n1,O=C(Nc1ccccc1)c1ccnn1Cc1ccccc1,O=C(Nc1ccccc1)c1ccnn1Cc1ccccc1,True,True,True,,0.6376811594202898,1.0,,,,,,,,,0.5138601191048354,0.5138601191048354,0.0,True,59.39,59.39,0.0,True,,,,,,,,,,,,
target_oracle,mpair_00002477_cond_01_2p,mpair_00002477,eval,2,"QED,RB",CN(C)CCCOc1cc(C(=O)Nc2cc(F)cc(C(F)(F)F)c2)n(Cc2ccccc2)n1,CN(C)CCCOc1cc(C(=O)Nc2ccc(OC(F)(F)F)cc2)n(Cc2ccccc2)n1,CN(C)CCCOc1cc(C(=O)Nc2ccc(OC(F)(F)F)cc2)n(Cc2ccccc2)n1,O=C(Nc1ccccc1)c1ccnn1Cc1ccccc1,O=C(Nc1ccccc1)c1ccnn1Cc1ccccc1,True,True,True,,0.7101449275362319,1.0,,,,,,,,,0.4522382232340766,0.4522382232340766,0.0,True,,,,,,,,,,,,,10.0,10.0,0.0,True
target_oracle,mpair_00002481_cond_02_2p,mpair_00002481,eval,2,"TPSA,HBA",COc1cc(NC(=O)c2cc(OCCCN(C)C)nn2Cc2ccccc2)cc(OC)c1OC,CN(C)CCCOc1cc(C(=O)Nc2cc(F)cc(C(F)(F)F)c2)n(Cc2ccccc2)n1,CN(C)CCCOc1cc(C(=O)Nc2cc(F)cc(C(F)(F)F)c2)n(Cc2ccccc2)n1,O=C(Nc1ccccc1)c1ccnn1Cc1ccccc1,O=C(Nc1ccccc1)c1ccnn1Cc1ccccc1,True,True,True,,0.6811594202898551,1.0,,,,,,,,,,,,,59.39,59.39,0.0,True,,,,,5.0,5.0,0.0,True,,,,
target_oracle,mpair_00002484_cond_02_2p,mpair_00002484,eval,2,"LogP,RB",CN(C)CCCOc1cc(C(=O)Nc2cccc(Cl)c2)n(Cc2ccccc2)n1,COc1ccc(NC(=O)c2cc(OCCCN(C)C)nn2Cc2ccccc2)cc1,COc1ccc(NC(=O)c2cc(OCCCN(C)C)nn2Cc2ccccc2)cc1,O=C(Nc1ccccc1)c1ccnn1Cc1ccccc1,O=C(Nc1ccccc1)c1ccnn1Cc1ccccc1,True,True,True,,0.7419354838709677,1.0,,,,,3.522800000000002,3.522800000000002,0.0,True,,,,,,,,,,,,,,,,,10.0,10.0,0.0,True
target_oracle,mpair_00002487_cond_02_2p,mpair_00002487,eval,2,"QED,RB",CN(C)CCCOc1cc(C(=O)Nc2ccc(OC(F)(F)F)cc2)n(Cc2ccccc2)n1,CN(C)CCCOc1cc(C(=O)Nc2cc(F)cc(C(F)(F)F)c2)n(Cc2ccccc2)n1,CN(C)CCCOc1cc(C(=O)Nc2cc(F)cc(C(F)(F)F)c2)n(Cc2ccccc2)n1,O=C(Nc1ccccc1)c1ccnn1Cc1ccccc1,O=C(Nc1ccccc1)c1ccnn1Cc1ccccc1,True,True,True,,0.7101449275362319,1.0,,,,,,,,,0.369385517709234,0.369385517709234,0.0,True,,,,,,,,,,,,,9.0,9.0,0.0,True
target_oracle,mpair_00002492_cond_02_2p,mpair_00002492,eval,2,"LogP,TPSA",CC(C)OC(=O)c1cc(CO)cn1S(=O)(=O)c1cc(Cl)ccc1N,C=Cc1cc(C(=O)OCC)n(S(=O)(=O)c2cc(Cl)ccc2N)c1,C=Cc1cc(C(=O)OCC)n(S(=O)(=O)c2cc(Cl)ccc2N)c1,O=S(=O)(c1ccccc1)n1cccc1,O=S(=O)(c1ccccc1)n1cccc1,True,True,True,,0.5396825396825397,1.0,,,,,2.7804,2.7804,0.0,True,,,,,91.39,91.39,0.0,True,,,,,,,,,,,,
target_oracle,mpair_00002495_cond_01_2p,mpair_00002495,eval,2,"LogP,RB",O=C1C(Nc2ccccc2)=C(Cl)C(=O)c2ncncc21,CCc1ccc(NC2=C(Cl)C(=O)c3ncncc3C2=O)cc1,CCc1ccc(NC2=C(Cl)C(=O)c3ncncc3C2=O)cc1,O=C1C(Nc2ccccc2)=CC(=O)c2ncncc21,O=C1C(Nc2ccccc2)=CC(=O)c2ncncc21,True,True,True,,0.7045454545454546,1.0,,,,,2.980500000000001,2.980500000000001,0.0,True,,,,,,,,,,,,,,,,,3.0,3.0,0.0,True
target_oracle,mpair_00002497_cond_00_2p,mpair_00002497,eval,2,"MW,LogP",O=C1C(Nc2ccc(Br)cc2)=C(Cl)C(=O)c2ncncc21,O=C1C(Nc2ccccc2)=C(Cl)C(=O)c2ncncc21,O=C1C(Nc2ccccc2)=C(Cl)C(=O)c2ncncc21,O=C1C(Nc2ccccc2)=CC(=O)c2ncncc21,O=C1C(Nc2ccccc2)=CC(=O)c2ncncc21,True,True,True,,0.7560975609756098,1.0,285.69,285.69,0.0,True,2.4181,2.4181,0.0,True,,,,,,,,,,,,,,,,,,,,
target_oracle,mpair_00002499_cond_02_2p,mpair_00002499,eval,2,"MW,LogP",O=C1C(Nc2cccc(Br)c2)=C(Cl)C(=O)c2ncncc21,O=C1C(Nc2ccccc2)=C(Cl)C(=O)c2ncncc21,O=C1C(Nc2ccccc2)=C(Cl)C(=O)c2ncncc21,O=C1C(Nc2ccccc2)=CC(=O)c2ncncc21,O=C1C(Nc2ccccc2)=CC(=O)c2ncncc21,True,True,True,,0.7272727272727273,1.0,285.69,285.69,0.0,True,2.4181,2.4181,0.0,True,,,,,,,,,,,,,,,,,,,,
target_oracle,mpair_00002502_cond_01_2p,mpair_00002502,eval,2,"MW,QED",O=C1C(Nc2cccc(Br)c2)=C(Cl)C(=O)c2ncncc21,CCc1ccc(NC2=C(Cl)C(=O)c3ncncc3C2=O)cc1,CCc1ccc(NC2=C(Cl)C(=O)c3ncncc3C2=O)cc1,O=C1C(Nc2ccccc2)=CC(=O)c2ncncc21,O=C1C(Nc2ccccc2)=CC(=O)c2ncncc21,True,True,True,,0.5882352941176471,1.0,313.744,313.744,0.0,True,,,,,0.9428073960459649,0.9428073960459649,0.0,True,,,,,,,,,,,,,,,,
target_oracle,mpair_00002506_cond_00_2p,mpair_00002506,eval,2,"HBA,RB",Cc1ccc(C(=O)CN2c3ccccc3C(=O)N(Cc3ccccc3)S2(=O)=O)cc1,COc1ccc(C(=O)CN2c3ccccc3C(=O)N(Cc3ccccc3)S2(=O)=O)cc1,COc1ccc(C(=O)CN2c3ccccc3C(=O)N(Cc3ccccc3)S2(=O)=O)cc1,O=C(CN1c2ccccc2C(=O)N(Cc2ccccc2)S1(=O)=O)c1ccccc1,O=C(CN1c2ccccc2C(=O)N(Cc2ccccc2)S1(=O)=O)c1ccccc1,True,True,True,,0.7843137254901961,1.0,,,,,,,,,,,,,,,,,,,,,5.0,5.0,0.0,True,6.0,6.0,0.0,True
target_oracle,mpair_00002510_cond_01_2p,mpair_00002510,eval,2,"LogP,HBA",CSc1cc(-c2ccc(Br)cc2)oc(=O)c1C#N,CSc1cc(-c2ccc(Br)cc2)oc(=O)c1Cl,CSc1cc(-c2ccc(Br)cc2)oc(=O)c1Cl,O=c1cccc(-c2ccccc2)o1,O=c1cccc(-c2ccccc2)o1,True,True,True,,0.6428571428571429,1.0,,,,,4.444600000000002,4.444600000000002,0.0,True,,,,,,,,,,,,,3.0,3.0,0.0,True,,,,
target_oracle,mpair_00002517_cond_00_2p,mpair_00002517,eval,2,"MW,LogP",CSc1cc(-c2ccc(Cl)cc2)oc(=O)c1Br,CSc1cc(-c2ccc(Cl)cc2)oc(=O)c1,CSc1cc(-c2ccc(Cl)cc2)oc(=O)c1,O=c1cccc(-c2ccccc2)o1,O=c1cccc(-c2ccccc2)o1,True,True,True,,0.5365853658536586,1.0,252.72199999999998,252.72199999999998,0.0,True,3.682100000000002,3.682100000000002,0.0,True,,,,,,,,,,,,,,,,,,,,
target_oracle,mpair_00002525_cond_00_2p,mpair_00002525,eval,2,"QED,RB",CSc1cc(-c2ccc(Cl)cc2)oc(=O)c1C(N)=O,CSc1cc(-c2ccc(Br)cc2)oc(=O)c1C#N,CSc1cc(-c2ccc(Br)cc2)oc(=O)c1C#N,O=c1cccc(-c2ccccc2)o1,O=c1cccc(-c2ccccc2)o1,True,True,True,,0.43137254901960786,1.0,,,,,,,,,0.791886779601309,0.791886779601309,0.0,True,,,,,,,,,,,,,2.0,2.0,0.0,True
target_oracle,mpair_00002533_cond_01_2p,mpair_00002533,eval,2,"LogP,HBA",CSc1cc(-c2ccc(Br)cc2)oc(=O)c1C#N,CSc1cc(-c2ccc(Cl)cc2)oc(=O)c1Br,CSc1cc(-c2ccc(Cl)cc2)oc(=O)c1Br,O=c1cccc(-c2ccccc2)o1,O=c1cccc(-c2ccccc2)o1,True,True,True,,0.5333333333333333,1.0,,,,,4.444600000000001,4.444600000000001,0.0,True,,,,,,,,,,,,,3.0,3.0,0.0,True,,,,
target_oracle,mpair_00002543_cond_00_2p,mpair_00002543,eval,2,"TPSA,HBD",CSc1cc(-c2ccc(Br)cc2)oc(=O)c1Cl,CSc1cc(-c2ccc(Cl)cc2)oc(=O)c1C(N)=O,CSc1cc(-c2ccc(Cl)cc2)oc(=O)c1C(N)=O,O=c1cccc(-c2ccccc2)o1,O=c1cccc(-c2ccccc2)o1,True,True,True,,0.5217391304347826,1.0,,,,,,,,,,,,,73.30000000000001,73.30000000000001,0.0,True,1.0,1.0,0.0,True,,,,,,,,
target_oracle,mpair_00002548_cond_02_2p,mpair_00002548,eval,2,"MW,LogP",CSc1cc(-c2ccc(Cl)cc2)oc(=O)c1,CSc1cc(-c2ccc(Br)cc2)oc(=O)c1Cl,CSc1cc(-c2ccc(Br)cc2)oc(=O)c1Cl,O=c1cccc(-c2ccccc2)o1,O=c1cccc(-c2ccccc2)o1,True,True,True,,0.4318181818181818,1.0,331.61800000000005,331.61800000000005,0.0,True,4.444600000000002,4.444600000000002,0.0,True,,,,,,,,,,,,,,,,,,,,
target_oracle,mpair_00002558_cond_00_2p,mpair_00002558,eval,2,"MW,HBA",CSc1nc(-c2ccc(OC(F)(F)F)cc2)nn1C(=O)N(C)c1ccccc1,CSc1nc(-c2ccc(Cl)cc2)nn1C(=O)N(C)c1ccccc1,CSc1nc(-c2ccc(Cl)cc2)nn1C(=O)N(C)c1ccccc1,O=C(Nc1ccccc1)n1cnc(-c2ccccc2)n1,O=C(Nc1ccccc1)n1cnc(-c2ccccc2)n1,True,True,True,,0.7037037037037037,1.0,358.85400000000004,358.85400000000004,0.0,True,,,,,,,,,,,,,,,,,5.0,5.0,0.0,True,,,,
target_oracle,mpair_00002561_cond_02_2p,mpair_00002561,eval,2,"LogP,RB",CSc1nc(-c2ccc(C)cc2)nn1C(=O)N(C)c1ccccc1,CN(C(=O)n1nc(-c2ccc(Cl)cc2)nc1SCC(F)(F)F)c1ccccc1,CN(C(=O)n1nc(-c2ccc(Cl)cc2)nc1SCC(F)(F)F)c1ccccc1,O=C(Nc1ccccc1)n1cnc(-c2ccccc2)n1,O=C(Nc1ccccc1)n1cnc(-c2ccccc2)n1,True,True,True,,0.5862068965517241,1.0,,,,,5.357400000000003,5.357400000000003,0.0,True,,,,,,,,,,,,,,,,,4.0,4.0,0.0,True
target_oracle,mpair_00002564_cond_00_2p,mpair_00002564,eval,2,"LogP,HBA",CSc1nc(-c2ccc(OC(F)(F)F)cc2)nn1C(=O)N(C)c1ccccc1,CN(C(=O)n1nc(-c2ccc(Cl)cc2)nc1SCC(F)(F)F)c1ccccc1,CN(C(=O)n1nc(-c2ccc(Cl)cc2)nc1SCC(F)(F)F)c1ccccc1,O=C(Nc1ccccc1)n1cnc(-c2ccccc2)n1,O=C(Nc1ccccc1)n1cnc(-c2ccccc2)n1,True,True,True,,0.5967741935483871,1.0,,,,,5.357400000000003,5.357400000000003,0.0,True,,,,,,,,,,,,,5.0,5.0,0.0,True,,,,
target_oracle,mpair_00002566_cond_02_2p,mpair_00002566,eval,2,"HBD,RB",COc1cc(C(=O)N2CCN(C(=O)c3cc(OC)c(OC)c(OC)c3)C(COC(=O)CC(C)(C)C)C2)cc(OC)c1OC,COc1cc(C(=O)N2CCN(C(=O)c3cc(OC)c(OC)c(OC)c3)C(COC(=O)NCCC(C)C)C2)cc(OC)c1OC,COc1cc(C(=O)N2CCN(C(=O)c3cc(OC)c(OC)c(OC)c3)C(COC(=O)NCCC(C)C)C2)cc(OC)c1OC,O=C(c1ccccc1)N1CCN(C(=O)c2ccccc2)CC1,O=C(c1ccccc1)N1CCN(C(=O)c2ccccc2)CC1,True,True,True,,0.6451612903225806,1.0,,,,,,,,,,,,,,,,,1.0,1.0,0.0,True,,,,,13.0,13.0,0.0,True
target_oracle,mpair_00002569_cond_02_2p,mpair_00002569,eval,2,"TPSA,HBA",COc1cc(C(=O)N2CCN(C(=O)c3cc(OC)c(OC)c(OC)c3)CC2)cc(OC)c1OC,COc1cc(C(=O)N2CCN(C(=O)c3cc(OC)c(OC)c(OC)c3)C(CO)C2)cc(OC)c1OC,COc1cc(C(=O)N2CCN(C(=O)c3cc(OC)c(OC)c(OC)c3)C(CO)C2)cc(OC)c1OC,O=C(c1ccccc1)N1CCN(C(=O)c2ccccc2)CC1,O=C(c1ccccc1)N1CCN(C(=O)c2ccccc2)CC1,True,True,True,,0.6341463414634146,1.0,,,,,,,,,,,,,116.23000000000002,116.23000000000002,0.0,True,,,,,9.0,9.0,0.0,True,,,,
target_oracle,mpair_00002573_cond_01_2p,mpair_00002573,eval,2,"LogP,RB",COc1cc(C(=O)N2CCN(C(=O)c3cc(OC)c(OC)c(OC)c3)C(COC(=O)CC(C)(C)C)C2)cc(OC)c1OC,COc1cc(C(=O)N2CCN(C(=O)c3cc(OC)c(OC)c(OC)c3)C(COC(C)=O)C2)cc(OC)c1OC,COc1cc(C(=O)N2CCN(C(=O)c3cc(OC)c(OC)c(OC)c3)C(COC(C)=O)C2)cc(OC)c1OC,O=C(c1ccccc1)N1CCN(C(=O)c2ccccc2)CC1,O=C(c1ccccc1)N1CCN(C(=O)c2ccccc2)CC1,True,True,True,,0.7547169811320755,1.0,,,,,2.2681000000000004,2.2681000000000004,0.0,True,,,,,,,,,,,,,,,,,10.0,10.0,0.0,True
target_oracle,mpair_00002575_cond_02_2p,mpair_00002575,eval,2,"LogP,QED",COc1cc(C(=O)N2CCN(C(=O)c3cc(OC)c(OC)c(OC)c3)C(COC(C)=O)C2)cc(OC)c1OC,COc1cc(C(=O)N2CCN(C(=O)c3cc(OC)c(OC)c(OC)c3)C(COC(=O)CC(C)(C)C)C2)cc(OC)c1OC,COc1cc(C(=O)N2CCN(C(=O)c3cc(OC)c(OC)c(OC)c3)C(COC(=O)CC(C)(C)C)C2)cc(OC)c1OC,O=C(c1ccccc1)N1CCN(C(=O)c2ccccc2)CC1,O=C(c1ccccc1)N1CCN(C(=O)c2ccccc2)CC1,True,True,True,,0.7547169811320755,1.0,,,,,3.684400000000003,3.684400000000003,0.0,True,0.3521539372279048,0.3521539372279048,0.0,True,,,,,,,,,,,,,,,,
target_oracle,mpair_00002578_cond_00_2p,mpair_00002578,eval,2,"LogP,RB",CCN(CC)C(=O)OCC1CN(C(=O)c2cc(OC)c(OC)c(OC)c2)CCN1C(=O)c1cc(OC)c(OC)c(OC)c1,COc1cc(C(=O)N2CCN(C(=O)c3cc(OC)c(OC)c(OC)c3)C(COC(=O)CC(C)(C)C)C2)cc(OC)c1OC,COc1cc(C(=O)N2CCN(C(=O)c3cc(OC)c(OC)c(OC)c3)C(COC(=O)CC(C)(C)C)C2)cc(OC)c1OC,O=C(c1ccccc1)N1CCN(C(=O)c2ccccc2)CC1,O=C(c1ccccc1)N1CCN(C(=O)c2ccccc2)CC1,True,True,True,,0.6896551724137931,1.0,,,,,3.684400000000003,3.684400000000003,0.0,True,,,,,,,,,,,,,,,,,11.0,11.0,0.0,True
target_oracle,mpair_00002585_cond_02_2p,mpair_00002585,eval,2,"TPSA,RB",COc1cc(C(=O)N2CCN(C(=O)c3cc(OC)c(OC)c(OC)c3)C(COC(C)=O)C2)cc(OC)c1OC,COc1cc(C(=O)N2CCN(C(=O)c3cc(OC)c(OC)c(OC)c3)CC2)cc(OC)c1OC,COc1cc(C(=O)N2CCN(C(=O)c3cc(OC)c(OC)c(OC)c3)CC2)cc(OC)c1OC,O=C(c1ccccc1)N1CCN(C(=O)c2ccccc2)CC1,O=C(c1ccccc1)N1CCN(C(=O)c2ccccc2)CC1,True,True,True,,0.5777777777777777,1.0,,,,,,,,,,,,,96.00000000000001,96.00000000000001,0.0,True,,,,,,,,,8.0,8.0,0.0,True
target_oracle,mpair_00002595_cond_02_2p,mpair_00002595,eval,2,"TPSA,HBA",COc1cc(C(=O)N2CCN(C(=O)c3cc(OC)c(OC)c(OC)c3)CC2)cc(OC)c1OC,COc1cc(C(=O)N2CCN(C(=O)c3cc(OC)c(OC)c(OC)c3)C(COC(=O)CC(C)(C)C)C2)cc(OC)c1OC,COc1cc(C(=O)N2CCN(C(=O)c3cc(OC)c(OC)c(OC)c3)C(COC(=O)CC(C)(C)C)C2)cc(OC)c1OC,O=C(c1ccccc1)N1CCN(C(=O)c2ccccc2)CC1,O=C(c1ccccc1)N1CCN(C(=O)c2ccccc2)CC1,True,True,True,,0.52,1.0,,,,,,,,,,,,,122.30000000000001,122.30000000000001,0.0,True,,,,,10.0,10.0,0.0,True,,,,
target_oracle,mpair_00002599_cond_00_2p,mpair_00002599,eval,2,"TPSA,HBA",COc1ccc(C(=O)Nc2c(Cl)cncc2Cl)c2ccc(C(C)=O)nc12,CCc1ccc2c(C(=O)Nc3c(Cl)cncc3Cl)ccc(OC)c2n1,CCc1ccc2c(C(=O)Nc3c(Cl)cncc3Cl)ccc(OC)c2n1,O=C(Nc1ccncc1)c1cccc2ncccc12,O=C(Nc1ccncc1)c1cccc2ncccc12,True,True,True,,0.7222222222222222,1.0,,,,,,,,,,,,,64.11,64.11,0.0,True,,,,,4.0,4.0,0.0,True,,,,
target_oracle,mpair_00002602_cond_00_2p,mpair_00002602,eval,2,"TPSA,HBD",COc1ccc(C(=O)Nc2ccncc2Cl)c2ccc(C(F)(F)F)nc12,COc1ccc(C(=O)Nc2c(Cl)cncc2Cl)c2ccc(C(C)O)nc12,COc1ccc(C(=O)Nc2c(Cl)cncc2Cl)c2ccc(C(C)O)nc12,O=C(Nc1ccncc1)c1cccc2ncccc12,O=C(Nc1ccncc1)c1cccc2ncccc12,True,True,True,,0.5230769230769231,1.0,,,,,,,,,,,,,84.34,84.34,0.0,True,2.0,2.0,0.0,True,,,,,,,,
target_oracle,mpair_00002604_cond_01_2p,mpair_00002604,eval,2,"TPSA,HBA",CCc1ccc2c(C(=O)Nc3c(Cl)cncc3Cl)ccc(OC)c2n1,COc1ccc(C(=O)Nc2c(Cl)cncc2Cl)c2ccc(C(C)=O)nc12,COc1ccc(C(=O)Nc2c(Cl)cncc2Cl)c2ccc(C(C)=O)nc12,O=C(Nc1ccncc1)c1cccc2ncccc12,O=C(Nc1ccncc1)c1cccc2ncccc12,True,True,True,,0.7222222222222222,1.0,,,,,,,,,,,,,81.17999999999999,81.17999999999999,0.0,True,,,,,5.0,5.0,0.0,True,,,,
target_oracle,mpair_00002609_cond_00_2p,mpair_00002609,eval,2,"LogP,QED",COc1ccc(C(=O)Nc2c(Cl)cncc2Cl)c2cccnc12,CCc1ccc2c(C(=O)Nc3c(Cl)cncc3Cl)ccc(OC)c2n1,CCc1ccc2c(C(=O)Nc3c(Cl)cncc3Cl)ccc(OC)c2n1,O=C(Nc1ccncc1)c1cccc2ncccc12,O=C(Nc1ccncc1)c1cccc2ncccc12,True,True,True,,0.6545454545454545,1.0,,,,,4.759900000000003,4.759900000000003,0.0,True,0.7131894410136064,0.7131894410136064,0.0,True,,,,,,,,,,,,,,,,
target_oracle,mpair_00002612_cond_02_2p,mpair_00002612,eval,2,"LogP,RB",CCc1ccc2c(C(=O)Nc3c(Cl)cncc3Cl)ccc(OC)c2n1,COc1ccc(C(=O)Nc2c(F)cncc2F)c2ccc(C(F)(F)F)nc12,COc1ccc(C(=O)Nc2c(F)cncc2F)c2ccc(C(F)(F)F)nc12,O=C(Nc1ccncc1)c1cccc2ncccc12,O=C(Nc1ccncc1)c1cccc2ncccc12,True,True,True,,0.5409836065573771,1.0,,,,,4.187700000000001,4.187700000000001,0.0,True,,,,,,,,,,,,,,,,,3.0,3.0,0.0,True
target_oracle,mpair_00002616_cond_02_2p,mpair_00002616,eval,2,"HBA,RB",COc1ccc(C(=O)Nc2c(F)cncc2F)c2ccc(C(F)(F)F)nc12,COc1ccc(C(=O)Nc2c(Cl)cncc2Cl)c2ccc(C(C)=O)nc12,COc1ccc(C(=O)Nc2c(Cl)cncc2Cl)c2ccc(C(C)=O)nc12,O=C(Nc1ccncc1)c1cccc2ncccc12,O=C(Nc1ccncc1)c1cccc2ncccc12,True,True,True,,0.55,1.0,,,,,,,,,,,,,,,,,,,,,5.0,5.0,0.0,True,4.0,4.0,0.0,True
target_oracle,mpair_00002621_cond_01_2p,mpair_00002621,eval,2,"MW,QED",COc1ccc(C(=O)Nc2c(Cl)cncc2Cl)c2cccnc12,COc1ccc(C(=O)Nc2c(F)cncc2F)c2ccc(C(F)(F)F)nc12,COc1ccc(C(=O)Nc2c(F)cncc2F)c2ccc(C(F)(F)F)nc12,O=C(Nc1ccncc1)c1cccc2ncccc12,O=C(Nc1ccncc1)c1cccc2ncccc12,True,True,True,,0.4918032786885246,1.0,383.276,383.276,0.0,True,,,,,0.6893032571109005,0.6893032571109005,0.0,True,,,,,,,,,,,,,,,,
target_oracle,mpair_00002624_cond_00_2p,mpair_00002624,eval,2,"LogP,QED",COc1ccc(C(=O)Nc2ccncc2Cl)c2ccc(C(F)(F)F)nc12,COc1ccc(C(=O)Nc2ccncc2Cl)c2cccnc12,COc1ccc(C(=O)Nc2ccncc2Cl)c2cccnc12,O=C(Nc1ccncc1)c1cccc2ncccc12,O=C(Nc1ccncc1)c1cccc2ncccc12,True,True,True,,0.6724137931034483,1.0,,,,,3.544100000000002,3.544100000000002,0.0,True,0.8029165077767629,0.8029165077767629,0.0,True,,,,,,,,,,,,,,,,
target_oracle,mpair_00002628_cond_02_2p,mpair_00002628,eval,2,"LogP,QED",CC(C)[C@@H](O)C(=O)N1C[C@H](c2ccccc2)C[C@H]1C(=O)N[C@@H](CC(F)F)C(=O)NCCc1c(F)cc(C(=O)O)cc1F,CC(C)CC(=O)N1C[C@H](c2ccccc2)C[C@H]1C(=O)N[C@@H](CC(F)F)C(=O)NCCc1c(F)cc(C(=O)O)cc1F,CC(C)CC(=O)N1C[C@H](c2ccccc2)C[C@H]1C(=O)N[C@@H](CC(F)F)C(=O)NCCc1c(F)cc(C(=O)O)cc1F,O=C(CNC(=O)[C@@H]1C[C@@H](c2ccccc2)CN1)NCCc1ccccc1,O=C(CNC(=O)[C@@H]1C[C@@H](c2ccccc2)CN1)NCCc1ccccc1,True,True,True,,0.7916666666666666,1.0,,,,,3.892500000000002,3.892500000000002,0.0,True,0.3302613314122171,0.3302613314122171,0.0,True,,,,,,,,,,,,,,,,
target_oracle,mpair_00003109_cond_00_2p,mpair_00003109,eval,2,"LogP,QED",CN1CCC[C@H]1COc1cccnn1,CN1CCC[C@H]1COc1ccc(Cl)nn1,CN1CCC[C@H]1COc1ccc(Cl)nn1,c1cnnc(OC[C@@H]2CCCN2)c1,c1cnnc(OC[C@@H]2CCCN2)c1,True,True,True,,0.6511627906976745,1.0,,,,,1.6029999999999998,1.6029999999999998,0.0,True,0.7864914737289573,0.7864914737289573,0.0,True,,,,,,,,,,,,,,,,
target_oracle,mpair_00003110_cond_02_2p,mpair_00003110,eval,2,"QED,RB",CCCCc1nnc2nc(C)c(C)c(=O)n2n1,Cc1nc2nnc(C(C)(C)C)nn2c(=O)c1C,Cc1nc2nnc(C(C)(C)C)nn2c(=O)c1C,O=c1ccnc2nncnn12,O=c1ccnc2nncnn12,True,True,True,,0.5238095238095238,1.0,,,,,,,,,0.6723856505150625,0.6723856505150625,0.0,True,,,,,,,,,,,,,0.0,0.0,0.0,True
target_oracle,mpair_00003112_cond_01_2p,mpair_00003112,eval,2,"LogP,QED",Cc1nc2nnc(C(C)(C)C)nn2c(=O)c1C,Cc1nc2nncnn2c(=O)c1C,Cc1nc2nncnn2c(=O)c1C,O=c1ccnc2nncnn12,O=c1ccnc2nncnn12,True,True,True,,0.48717948717948717,1.0,,,,,-0.5036600000000002,-0.5036600000000002,0.0,True,0.541825521381232,0.541825521381232,0.0,True,,,,,,,,,,,,,,,,
target_oracle,mpair_00003201_cond_01_2p,mpair_00003201,eval,2,"HBD,HBA",O=C(O)c1ccc(NCCCCCCc2cccs2)cc1,CCOC(=O)c1ccc(NCCCCCCc2cccs2)cc1,CCOC(=O)c1ccc(NCCCCCCc2cccs2)cc1,c1ccc(NCCCCCCc2cccs2)cc1,c1ccc(NCCCCCCc2cccs2)cc1,True,True,True,,0.7021276595744681,1.0,,,,,,,,,,,,,,,,,1.0,1.0,0.0,True,4.0,4.0,0.0,True,,,,
target_oracle,mpair_00003203_cond_01_2p,mpair_00003203,eval,2,"TPSA,HBA",N#Cc1cnn(C(=O)OCc2ccc(-c3ccccc3)cc2)c1,Cc1cnn(C(=O)OCc2ccc(-c3ccccc3)cc2)c1,Cc1cnn(C(=O)OCc2ccc(-c3ccccc3)cc2)c1,O=C(OCc1ccc(-c2ccccc2)cc1)n1cccn1,O=C(OCc1ccc(-c2ccccc2)cc1)n1cccn1,True,True,True,,0.6808510638297872,1.0,,,,,,,,,,,,,44.120000000000005,44.120000000000005,0.0,True,,,,,4.0,4.0,0.0,True,,,,
target_oracle,mpair_00003205_cond_00_2p,mpair_00003205,eval,2,"TPSA,HBA",N#Cc1cnn(C(=O)OCc2ccc(-c3ccccc3)cc2)c1,O=C(OCc1ccc(-c2ccccc2)cc1)n1cccn1,O=C(OCc1ccc(-c2ccccc2)cc1)n1cccn1,O=C(OCc1ccc(-c2ccccc2)cc1)n1cccn1,O=C(OCc1ccc(-c2ccccc2)cc1)n1cccn1,True,True,True,,0.5833333333333334,1.0,,,,,,,,,,,,,44.120000000000005,44.120000000000005,0.0,True,,,,,4.0,4.0,0.0,True,,,,
target_oracle,mpair_00003208_cond_01_2p,mpair_00003208,eval,2,"QED,TPSA",NC(=O)N/N=C\c1ccccc1OCc1ccc2no[n+]([O-])c2c1,NC(=S)N/N=C/c1cccc(OCc2ccc3no[n+]([O-])c3c2)c1,NC(=S)N/N=C/c1cccc(OCc2ccc3no[n+]([O-])c3c2)c1,c1ccc(OCc2ccc3no[nH+]c3c2)cc1,c1ccc(OCc2ccc3no[nH+]c3c2)cc1,True,True,True,,0.5882352941176471,1.0,,,,,,,,,0.30972390933844063,0.30972390933844063,0.0,True,112.61,112.61,0.0,True,,,,,,,,,,,,
target_oracle,mpair_00003211_cond_01_2p,mpair_00003211,eval,2,"MW,LogP",CC[C@H]1OC(=O)[C@H](C)[C@@H](OC(C)=O)[C@H](C)[C@@H](OC2O[C@H](C)C[C@H](N(C)C)C2O)[C@@](C)(OC)C[C@@H](C)C(=O)[C@H](C)[C@@H](O)[C@]1(C)O,CC[C@H]1OC(=O)[C@H](C)[C@@H](O)[C@H](C)[C@@H](OC2O[C@H](C)C[C@H](N(C)C)C2O)[C@@](C)(OC)C[C@@H](C)C(=O)[C@H](C)[C@@H](O)[C@]1(C)O,CC[C@H]1OC(=O)[C@H](C)[C@@H](O)[C@H](C)[C@@H](OC2O[C@H](C)C[C@H](N(C)C)C2O)[C@@](C)(OC)C[C@@H](C)C(=O)[C@H](C)[C@@H](O)[C@]1(C)O,O=C1CCCCOC(=O)CCC[C@@H](OC2CCCCO2)CCC1,O=C1CCCCOC(=O)CCC[C@@H](OC2CCCCO2)CCC1,True,True,True,,0.821917808219178,1.0,589.7670000000004,589.7670000000004,0.0,True,1.5145000000000022,1.5145000000000022,0.0,True,,,,,,,,,,,,,,,,,,,,
target_oracle,mpair_00003215_cond_00_2p,mpair_00003215,eval,2,"MW,TPSA",COC(=O)c1ccc2c(Nc3ccc(Cl)cc3)nc(N3CCOCC3)nc2c1,Clc1ccc(Nc2nc(N3CCOCC3)nc3ccccc23)cc1,Clc1ccc(Nc2nc(N3CCOCC3)nc3ccccc23)cc1,c1ccc(Nc2nc(N3CCOCC3)nc3ccccc23)cc1,c1ccc(Nc2nc(N3CCOCC3)nc3ccccc23)cc1,True,True,True,,0.631578947368421,1.0,340.81399999999996,340.81399999999996,0.0,True,,,,,,,,,50.28,50.28,0.0,True,,,,,,,,,,,,
target_oracle,mpair_00003223_cond_00_2p,mpair_00003223,eval,2,"MW,QED",COc1ccc(S(=O)(=O)N(Cc2cccnc2)c2c(C)cc(Br)cc2C(=O)NO)cc1,COc1ccc(S(=O)(=O)N(Cc2cccnc2)c2c(C)cccc2C(=O)NO)cc1,COc1ccc(S(=O)(=O)N(Cc2cccnc2)c2c(C)cccc2C(=O)NO)cc1,O=S(=O)(c1ccccc1)N(Cc1cccnc1)c1ccccc1,O=S(=O)(c1ccccc1)N(Cc1cccnc1)c1ccccc1,True,True,True,,0.819672131147541,1.0,427.48200000000014,427.48200000000014,0.0,True,,,,,0.44330794633881315,0.44330794633881315,0.0,True,,,,,,,,,,,,,,,,
target_oracle,mpair_00003225_cond_00_2p,mpair_00003225,eval,2,"QED,RB",COCCCN(/C(S)=C1/C(=O)c2cc(Cl)ccc2N(C)C1=O)c1ccccc1,COc1cccc(N(C)/C(S)=C2/C(=O)c3cc(Cl)ccc3N(C)C2=O)c1,COc1cccc(N(C)/C(S)=C2/C(=O)c3cc(Cl)ccc3N(C)C2=O)c1,O=C1Nc2ccccc2C(=O)/C1=C/Nc1ccccc1,O=C1Nc2ccccc2C(=O)/C1=C/Nc1ccccc1,True,True,True,,0.5846153846153846,1.0,,,,,,,,,0.4935411914533051,0.4935411914533051,0.0,True,,,,,,,,,,,,,3.0,3.0,0.0,True
target_oracle,mpair_00003226_cond_02_2p,mpair_00003226,eval,2,"QED,RB",COc1cccc(N(C)/C(S)=C2/C(=O)c3cc(Cl)ccc3N(C)C2=O)c1,COCCCN(/C(S)=C1/C(=O)c2cc(Cl)ccc2N(C)C1=O)c1ccccc1,COCCCN(/C(S)=C1/C(=O)c2cc(Cl)ccc2N(C)C1=O)c1ccccc1,O=C1Nc2ccccc2C(=O)/C1=C/Nc1ccccc1,O=C1Nc2ccccc2C(=O)/C1=C/Nc1ccccc1,True,True,True,,0.5846153846153846,1.0,,,,,,,,,0.3319041471572704,0.3319041471572704,0.0,True,,,,,,,,,,,,,6.0,6.0,0.0,True
target_oracle,mpair_00003229_cond_01_2p,mpair_00003229,eval,2,"HBD,HBA",CCCCc1nn(-c2ccccn2)c(C(=O)OCC)c1Cc1ccc(-c2ccccc2-c2nn[nH]n2)cc1,CCCCc1nn(-c2ccccn2)c(C(=O)O)c1Cc1ccc(-c2ccccc2-c2nn[nH]n2)cc1,CCCCc1nn(-c2ccccn2)c(C(=O)O)c1Cc1ccc(-c2ccccc2-c2nn[nH]n2)cc1,c1ccc(-n2cc(Cc3ccc(-c4ccccc4-c4nn[nH]n4)cc3)cn2)nc1,c1ccc(-n2cc(Cc3ccc(-c4ccccc4-c4nn[nH]n4)cc3)cn2)nc1,True,True,True,,0.8405797101449275,1.0,,,,,,,,,,,,,,,,,2.0,2.0,0.0,True,7.0,7.0,0.0,True,,,,
target_oracle,mpair_00003534_cond_00_2p,mpair_00003534,eval,2,"QED,RB",O=S(=O)(CC(F)(F)F)N(Cc1cccnc1)c1cccc(OC(F)(F)F)c1,CC(C)Oc1cccc(N(Cc2cccnc2)S(=O)(=O)CC(F)(F)F)c1,CC(C)Oc1cccc(N(Cc2cccnc2)S(=O)(=O)CC(F)(F)F)c1,c1ccc(NCc2cccnc2)cc1,c1ccc(NCc2cccnc2)cc1,True,True,True,,0.7777777777777778,1.0,,,,,,,,,0.7245796953652621,0.7245796953652621,0.0,True,,,,,,,,,,,,,7.0,7.0,0.0,True
target_oracle,mpair_00003537_cond_00_2p,mpair_00003537,eval,2,"MW,QED",CC(C)COc1cccc(N(Cc2cccnc2)S(=O)(=O)CC(F)(F)F)c1,CCOC(=O)C(C)Oc1cccc(N(Cc2cccnc2)S(=O)(=O)CC(F)(F)F)c1,CCOC(=O)C(C)Oc1cccc(N(Cc2cccnc2)S(=O)(=O)CC(F)(F)F)c1,c1ccc(NCc2cccnc2)cc1,c1ccc(NCc2cccnc2)cc1,True,True,True,,0.6984126984126984,1.0,446.4470000000001,446.4470000000001,0.0,True,,,,,0.5496815697636838,0.5496815697636838,0.0,True,,,,,,,,,,,,,,,,
target_oracle,mpair_00003541_cond_02_2p,mpair_00003541,eval,2,"LogP,QED",CC(C)Oc1cccc(N(Cc2cccnc2)S(=O)(=O)CC(F)(F)F)c1,CCC(C)COc1cccc(N(Cc2cccnc2)S(=O)(=O)CC(F)(F)F)c1,CCC(C)COc1cccc(N(Cc2cccnc2)S(=O)(=O)CC(F)(F)F)c1,c1ccc(NCc2cccnc2)cc1,c1ccc(NCc2cccnc2)cc1,True,True,True,,0.7457627118644068,1.0,,,,,4.405200000000004,4.405200000000004,0.0,True,0.6078002459089881,0.6078002459089881,0.0,True,,,,,,,,,,,,,,,,
target_oracle,mpair_00003543_cond_01_2p,mpair_00003543,eval,2,"QED,RB",CC(C)Oc1cccc(N(Cc2cccnc2)S(=O)(=O)CC(F)(F)F)c1,COc1cccc(N(Cc2cccnc2)S(=O)(=O)CC(F)(F)F)c1,COc1cccc(N(Cc2cccnc2)S(=O)(=O)CC(F)(F)F)c1,c1ccc(NCc2cccnc2)cc1,c1ccc(NCc2cccnc2)cc1,True,True,True,,0.8113207547169812,1.0,,,,,,,,,0.7946521442277092,0.7946521442277092,0.0,True,,,,,,,,,,,,,6.0,6.0,0.0,True
target_oracle,mpair_00003546_cond_00_2p,mpair_00003546,eval,2,"MW,RB",COc1cccc(N(Cc2cccnc2)S(=O)(=O)CC(F)(F)F)c1,CCCC(C)Oc1cccc(N(Cc2cccnc2)S(=O)(=O)CC(F)(F)F)c1,CCCC(C)Oc1cccc(N(Cc2cccnc2)S(=O)(=O)CC(F)(F)F)c1,c1ccc(NCc2cccnc2)cc1,c1ccc(NCc2cccnc2)cc1,True,True,True,,0.7413793103448276,1.0,416.4650000000001,416.4650000000001,0.0,True,,,,,,,,,,,,,,,,,,,,,9.0,9.0,0.0,True
target_oracle,mpair_00003548_cond_00_2p,mpair_00003548,eval,2,"QED,RB",CCOC(=O)C(C)Oc1cccc(N(Cc2cccnc2)S(=O)(=O)CC(F)(F)F)c1,O=S(=O)(CC(F)(F)F)N(Cc1cccnc1)c1cccc(OC(F)(F)F)c1,O=S(=O)(CC(F)(F)F)N(Cc1cccnc1)c1cccc(OC(F)(F)F)c1,c1ccc(NCc2cccnc2)cc1,c1ccc(NCc2cccnc2)cc1,True,True,True,,0.6885245901639344,1.0,,,,,,,,,0.6736163493728189,0.6736163493728189,0.0,True,,,,,,,,,,,,,6.0,6.0,0.0,True
target_oracle,mpair_00003554_cond_02_2p,mpair_00003554,eval,2,"LogP,QED",O=S(=O)(CC(F)(F)F)N(Cc1cccnc1)c1cccc(OC(F)(F)F)c1,CCC(C)COc1cccc(N(Cc2cccnc2)S(=O)(=O)CC(F)(F)F)c1,CCC(C)COc1cccc(N(Cc2cccnc2)S(=O)(=O)CC(F)(F)F)c1,c1ccc(NCc2cccnc2)cc1,c1ccc(NCc2cccnc2)cc1,True,True,True,,0.711864406779661,1.0,,,,,4.405200000000004,4.405200000000004,0.0,True,0.6078002459089881,0.6078002459089881,0.0,True,,,,,,,,,,,,,,,,
target_oracle,mpair_00003558_cond_00_2p,mpair_00003558,eval,2,"QED,RB",CC(C)COc1cccc(N(Cc2cccnc2)S(=O)(=O)CC(F)(F)F)c1,CC(C)Oc1cccc(N(Cc2cccnc2)S(=O)(=O)CC(F)(F)F)c1,CC(C)Oc1cccc(N(Cc2cccnc2)S(=O)(=O)CC(F)(F)F)c1,c1ccc(NCc2cccnc2)cc1,c1ccc(NCc2cccnc2)cc1,True,True,True,,0.7857142857142857,1.0,,,,,,,,,0.7245796953652621,0.7245796953652621,0.0,True,,,,,,,,,,,,,7.0,7.0,0.0,True
target_oracle,mpair_00003561_cond_01_2p,mpair_00003561,eval,2,"QED,HBA",CCOC(=O)C(C)Oc1cccc(N(Cc2cccnc2)S(=O)(=O)CC(F)(F)F)c1,COc1cccc(N(Cc2cccnc2)S(=O)(=O)CC(F)(F)F)c1,COc1cccc(N(Cc2cccnc2)S(=O)(=O)CC(F)(F)F)c1,c1ccc(NCc2cccnc2)cc1,c1ccc(NCc2cccnc2)cc1,True,True,True,,0.7166666666666667,1.0,,,,,,,,,0.7946521442277092,0.7946521442277092,0.0,True,,,,,,,,,4.0,4.0,0.0,True,,,,
target_oracle,mpair_00003563_cond_02_2p,mpair_00003563,eval,2,"LogP,RB",COc1cccc(N(Cc2cccnc2)S(=O)(=O)CC(F)(F)F)c1,CC(C)Oc1cccc(N(Cc2cccnc2)S(=O)(=O)CC(F)(F)F)c1,CC(C)Oc1cccc(N(Cc2cccnc2)S(=O)(=O)CC(F)(F)F)c1,c1ccc(NCc2cccnc2)cc1,c1ccc(NCc2cccnc2)cc1,True,True,True,,0.8113207547169812,1.0,,,,,3.7675000000000027,3.7675000000000027,0.0,True,,,,,,,,,,,,,,,,,7.0,7.0,0.0,True
target_oracle,mpair_00003566_cond_00_2p,mpair_00003566,eval,2,"LogP,QED",CCC(C)COc1cccc(N(Cc2cccnc2)S(=O)(=O)CC(F)(F)F)c1,O=S(=O)(CC(F)(F)F)N(Cc1cccnc1)c1cccc(OC(F)(F)F)c1,O=S(=O)(CC(F)(F)F)N(Cc1cccnc1)c1cccc(OC(F)(F)F)c1,c1ccc(NCc2cccnc2)cc1,c1ccc(NCc2cccnc2)cc1,True,True,True,,0.711864406779661,1.0,,,,,3.8789000000000025,3.8789000000000025,0.0,True,0.6736163493728189,0.6736163493728189,0.0,True,,,,,,,,,,,,,,,,
target_oracle,mpair_00003568_cond_00_2p,mpair_00003568,eval,2,"MW,RB",CCCCCc1nnc([S+]([O-])Cc2ncc(C)c(OC)c2C)o1,COc1c(C)cnc(C[S+]([O-])c2nnc(C)o2)c1C,COc1c(C)cnc(C[S+]([O-])c2nnc(C)o2)c1C,c1ccc(C[SH+]c2nnco2)nc1,c1ccc(C[SH+]c2nnco2)nc1,True,True,True,,0.6862745098039216,1.0,281.337,281.337,0.0,True,,,,,,,,,,,,,,,,,,,,,4.0,4.0,0.0,True
target_oracle,mpair_00003570_cond_00_2p,mpair_00003570,eval,2,"QED,RB",CCCc1nnc([S+]([O-])Cc2ncc(C)c(OC)c2C)o1,CCCCCc1nnc([S+]([O-])Cc2ncc(C)c(OC)c2C)o1,CCCCCc1nnc([S+]([O-])Cc2ncc(C)c(OC)c2C)o1,c1ccc(C[SH+]c2nnco2)nc1,c1ccc(C[SH+]c2nnco2)nc1,True,True,True,,0.8571428571428571,1.0,,,,,,,,,0.5433471711908145,0.5433471711908145,0.0,True,,,,,,,,,,,,,8.0,8.0,0.0,True
target_oracle,mpair_00003573_cond_00_2p,mpair_00003573,eval,2,"LogP,RB",COc1c(C)cnc(C[S+]([O-])c2nnc(C)o2)c1C,CCCc1nnc([S+]([O-])Cc2ncc(C)c(OC)c2C)o1,CCCc1nnc([S+]([O-])Cc2ncc(C)c(OC)c2C)o1,c1ccc(C[SH+]c2nnco2)nc1,c1ccc(C[SH+]c2nnco2)nc1,True,True,True,,0.7291666666666666,1.0,,,,,2.35034,2.35034,0.0,True,,,,,,,,,,,,,,,,,6.0,6.0,0.0,True
target_oracle,mpair_00003579_cond_01_2p,mpair_00003579,eval,2,"LogP,RB",CCCCCc1nnc([S+]([O-])Cc2ncc(C)c(OC)c2C)o1,CCc1nnc([S+]([O-])Cc2ncc(C)c(OC)c2C)o1,CCc1nnc([S+]([O-])Cc2ncc(C)c(OC)c2C)o1,c1ccc(C[SH+]c2nnco2)nc1,c1ccc(C[SH+]c2nnco2)nc1,True,True,True,,0.78,1.0,,,,,1.96024,1.96024,0.0,True,,,,,,,,,,,,,,,,,5.0,5.0,0.0,True
target_oracle,mpair_00003586_cond_02_2p,mpair_00003586,eval,2,"MW,QED",CCc1nnc([S+]([O-])Cc2ncc(C)c(OC)c2C)o1,CCCCCc1nnc([S+]([O-])Cc2ncc(C)c(OC)c2C)o1,CCCCCc1nnc([S+]([O-])Cc2ncc(C)c(OC)c2C)o1,c1ccc(C[SH+]c2nnco2)nc1,c1ccc(C[SH+]c2nnco2)nc1,True,True,True,,0.78,1.0,337.4450000000001,337.4450000000001,0.0,True,,,,,0.5433471711908145,0.5433471711908145,0.0,True,,,,,,,,,,,,,,,,
target_oracle,mpair_00003595_cond_01_2p,mpair_00003595,eval,2,"LogP,RB",O=C(O)CC/C(=C/c1cccc(OCc2ccccc2)c1)c1ccccc1,O=C(O)/C(=C/c1cccc(OCc2ccccc2)c1)c1ccccc1,O=C(O)/C(=C/c1cccc(OCc2ccccc2)c1)c1ccccc1,C(=Cc1cccc(OCc2ccccc2)c1)c1ccccc1,C(=Cc1cccc(OCc2ccccc2)c1)c1ccccc1,True,True,True,,0.6739130434782609,1.0,,,,,4.890800000000003,4.890800000000003,0.0,True,,,,,,,,,,,,,,,,,6.0,6.0,0.0,True
target_oracle,mpair_00003600_cond_00_2p,mpair_00003600,eval,2,"LogP,RB",CCN1C(=O)CC(c2noc3ccccc23)C1=O,CCCCN1C(=O)CC(c2noc3ccccc23)C1=O,CCCCN1C(=O)CC(c2noc3ccccc23)C1=O,O=C1CC(c2noc3ccccc23)C(=O)N1,O=C1CC(c2noc3ccccc23)C(=O)N1,True,True,True,,0.782608695652174,1.0,,,,,2.4704000000000006,2.4704000000000006,0.0,True,,,,,,,,,,,,,,,,,4.0,4.0,0.0,True
target_oracle,mpair_00003601_cond_02_2p,mpair_00003601,eval,2,"LogP,RB",CCCCN1C(=O)CC(c2noc3ccccc23)C1=O,CCN1C(=O)CC(c2noc3ccccc23)C1=O,CCN1C(=O)CC(c2noc3ccccc23)C1=O,O=C1CC(c2noc3ccccc23)C(=O)N1,O=C1CC(c2noc3ccccc23)C(=O)N1,True,True,True,,0.782608695652174,1.0,,,,,1.6902,1.6902,0.0,True,,,,,,,,,,,,,,,,,2.0,2.0,0.0,True
target_oracle,mpair_00003814_cond_00_2p,mpair_00003814,eval,2,"QED,RB",COc1ccc(C2=NN(C3CCCCCC3)C(=O)C3CC=CCC23)cc1OCCCCC(=O)O,COc1ccc(C2=NN(C3CCCCCC3)C(=O)C3CC=CCC23)cc1OCC(=O)O,COc1ccc(C2=NN(C3CCCCCC3)C(=O)C3CC=CCC23)cc1OCC(=O)O,O=C1C2CC=CCC2C(c2ccccc2)=NN1C1CCCCCC1,O=C1C2CC=CCC2C(c2ccccc2)=NN1C1CCCCCC1,True,True,True,,0.8095238095238095,1.0,,,,,,,,,0.5484541992566154,0.5484541992566154,0.0,True,,,,,,,,,,,,,6.0,6.0,0.0,True
target_oracle,mpair_00003819_cond_00_2p,mpair_00003819,eval,2,"TPSA,HBD",COc1ccc(C2=NN(C3CCCCCC3)C(=O)C3CC=CCC23)cc1OCCCCC(=O)O,COc1ccc(C2=NN(C3CCCCCC3)C(=O)C3CC=CCC23)cc1OCCCCN(C)C,COc1ccc(C2=NN(C3CCCCCC3)C(=O)C3CC=CCC23)cc1OCCCCN(C)C,O=C1C2CC=CCC2C(c2ccccc2)=NN1C1CCCCCC1,O=C1C2CC=CCC2C(c2ccccc2)=NN1C1CCCCCC1,True,True,True,,0.7727272727272727,1.0,,,,,,,,,,,,,54.37,54.37,0.0,True,0.0,0.0,0.0,True,,,,,,,,
target_oracle,mpair_00003820_cond_02_2p,mpair_00003820,eval,2,"HBA,RB",COc1ccc(C2=NN(C3CCCCCC3)C(=O)C3CC=CCC23)cc1Cl,COc1ccc(C2=NN(C3CCCCCC3)C(=O)C3CC=CCC23)cc1OCCCCN(C)C,COc1ccc(C2=NN(C3CCCCCC3)C(=O)C3CC=CCC23)cc1OCCCCN(C)C,O=C1C2CC=CCC2C(c2ccccc2)=NN1C1CCCCCC1,O=C1C2CC=CCC2C(c2ccccc2)=NN1C1CCCCCC1,True,True,True,,0.65625,1.0,,,,,,,,,,,,,,,,,,,,,5.0,5.0,0.0,True,9.0,9.0,0.0,True
target_oracle,mpair_00003824_cond_01_2p,mpair_00003824,eval,2,"LogP,RB",CSc1ccc(Cn2ccc3c4c(N)nc(N)nc4ccc32)cc1,CC(C)(C)c1ccc(Cn2ccc3c4c(N)nc(N)nc4ccc32)cc1,CC(C)(C)c1ccc(Cn2ccc3c4c(N)nc(N)nc4ccc32)cc1,c1ccc(Cn2ccc3c4cncnc4ccc32)cc1,c1ccc(Cn2ccc3c4cncnc4ccc32)cc1,True,True,True,,0.72,1.0,,,,,4.094700000000002,4.094700000000002,0.0,True,,,,,,,,,,,,,,,,,2.0,2.0,0.0,True
target_oracle,mpair_00003830_cond_01_2p,mpair_00003830,eval,2,"MW,RB",CCc1ccc(Cn2ccc3c4c(N)nc(N)nc4ccc32)cc1,CC(C)c1ccc(Cn2ccc3c4c(N(C)C)nc(N(C)C)nc4ccc32)cc1,CC(C)c1ccc(Cn2ccc3c4c(N(C)C)nc(N(C)C)nc4ccc32)cc1,c1ccc(Cn2ccc3c4cncnc4ccc32)cc1,c1ccc(Cn2ccc3c4cncnc4ccc32)cc1,True,True,True,,0.4827586206896552,1.0,387.5310000000001,387.5310000000001,0.0,True,,,,,,,,,,,,,,,,,,,,,5.0,5.0,0.0,True
target_oracle,mpair_00003836_cond_01_2p,mpair_00003836,eval,2,"TPSA,HBA",Nc1cc(Cl)nc(SCc2ccc3ccccc3c2)n1,Clc1ccnc(SCc2ccc3ccccc3c2)n1,Clc1ccnc(SCc2ccc3ccccc3c2)n1,c1cnc(SCc2ccc3ccccc3c2)nc1,c1cnc(SCc2ccc3ccccc3c2)nc1,True,True,True,,0.6428571428571429,1.0,,,,,,,,,,,,,25.78,25.78,0.0,True,,,,,3.0,3.0,0.0,True,,,,
target_oracle,mpair_00003839_cond_02_2p,mpair_00003839,eval,2,"HBD,HBA",Clc1ccnc(SCc2ccc3ccccc3c2)n1,Nc1cc(Cl)nc(SCc2ccc3ccccc3c2)n1,Nc1cc(Cl)nc(SCc2ccc3ccccc3c2)n1,c1cnc(SCc2ccc3ccccc3c2)nc1,c1cnc(SCc2ccc3ccccc3c2)nc1,True,True,True,,0.6428571428571429,1.0,,,,,,,,,,,,,,,,,1.0,1.0,0.0,True,4.0,4.0,0.0,True,,,,
target_oracle,mpair_00004151_cond_01_2p,mpair_00004151,eval,2,"HBA,RB",c1ccc(CCCN2CCN(c3ccccc3)CC2)cc1,COc1ccccc1N1CCN(CCCc2ccccc2)CC1,COc1ccccc1N1CCN(CCCc2ccccc2)CC1,c1ccc(CCCN2CCN(c3ccccc3)CC2)cc1,c1ccc(CCCN2CCN(c3ccccc3)CC2)cc1,True,True,True,,0.6,1.0,,,,,,,,,,,,,,,,,,,,,3.0,3.0,0.0,True,6.0,6.0,0.0,True
target_oracle,mpair_00004169_cond_01_2p,mpair_00004169,eval,2,"HBA,RB",COc1ccccc1N1CCN(CCCc2ccccc2)CC1,c1ccc(CCCN2CCN(c3ccccc3)CC2)cc1,c1ccc(CCCN2CCN(c3ccccc3)CC2)cc1,c1ccc(CCCN2CCN(c3ccccc3)CC2)cc1,c1ccc(CCCN2CCN(c3ccccc3)CC2)cc1,True,True,True,,0.6,1.0,,,,,,,,,,,,,,,,,,,,,2.0,2.0,0.0,True,5.0,5.0,0.0,True
target_oracle,mpair_00004176_cond_00_2p,mpair_00004176,eval,2,"TPSA,HBD",Oc1nc2nc3ccnc(-c4ccccc4)c3cc2s1,O=[N+]([O-])c1cc(-c2nccc3nc4nc(O)sc4cc23)ccc1O,O=[N+]([O-])c1cc(-c2nccc3nc4nc(O)sc4cc23)ccc1O,c1ccc(-c2nccc3nc4ncsc4cc23)cc1,c1ccc(-c2nccc3nc4ncsc4cc23)cc1,True,True,True,,0.6274509803921569,1.0,,,,,,,,,,,,,122.27000000000001,122.27000000000001,0.0,True,2.0,2.0,0.0,True,,,,,,,,
target_oracle,mpair_00004326_cond_02_2p,mpair_00004326,eval,2,"TPSA,HBA",NS(=O)(=O)c1ccc(NC(=O)c2cc3ccccc3oc2=O)cc1,O=C(Nc1ccc(Br)cc1)c1c(O)c2ccccc2oc1=O,O=C(Nc1ccc(Br)cc1)c1c(O)c2ccccc2oc1=O,O=C(Nc1ccccc1)c1cc2ccccc2oc1=O,O=C(Nc1ccccc1)c1cc2ccccc2oc1=O,True,True,True,,0.4107142857142857,1.0,,,,,,,,,,,,,79.53999999999999,79.53999999999999,0.0,True,,,,,4.0,4.0,0.0,True,,,,
target_oracle,mpair_00004330_cond_01_2p,mpair_00004330,eval,2,"QED,RB",CCCCC1=CC2Cc3nc4ccccc4c(N)c3C(C1)C2,CC1=CC2Cc3nc4cc(C)ccc4c(N)c3C(C1)C2,CC1=CC2Cc3nc4cc(C)ccc4c(N)c3C(C1)C2,C1=CC2Cc3nc4ccccc4cc3C(C1)C2,C1=CC2Cc3nc4ccccc4cc3C(C1)C2,True,True,True,,0.5,1.0,,,,,,,,,0.7268324945600372,0.7268324945600372,0.0,True,,,,,,,,,,,,,0.0,0.0,0.0,True
target_oracle,mpair_00004334_cond_01_2p,mpair_00004334,eval,2,"LogP,RB",CC1=CC2Cc3nc4cccc(F)c4c(N)c3C(C1)C2,CCCCC1=CC2Cc3nc4ccccc4c(N)c3C(C1)C2,CCCCC1=CC2Cc3nc4ccccc4c(N)c3C(C1)C2,C1=CC2Cc3nc4ccccc4cc3C(C1)C2,C1=CC2Cc3nc4ccccc4cc3C(C1)C2,True,True,True,,0.45901639344262296,1.0,,,,,4.983300000000003,4.983300000000003,0.0,True,,,,,,,,,,,,,,,,,3.0,3.0,0.0,True
target_oracle,mpair_00004336_cond_02_2p,mpair_00004336,eval,2,"QED,RB",CC1=CC2Cc3nc4cc(C)ccc4c(N)c3C(C1)C2,CCCC1=CC2Cc3nc4ccccc4c(N)c3C(C1)C2,CCCC1=CC2Cc3nc4ccccc4c(N)c3C(C1)C2,C1=CC2Cc3nc4ccccc4cc3C(C1)C2,C1=CC2Cc3nc4ccccc4cc3C(C1)C2,True,True,True,,0.5178571428571429,1.0,,,,,,,,,0.8157359273844266,0.8157359273844266,0.0,True,,,,,,,,,,,,,2.0,2.0,0.0,True
target_oracle,mpair_00004339_cond_02_2p,mpair_00004339,eval,2,"LogP,RB",CC1=CC2Cc3nc4cc(C)ccc4c(N)c3C(C1)C2,CCCCC1=CC2Cc3nc4ccccc4c(N)c3C(C1)C2,CCCCC1=CC2Cc3nc4ccccc4c(N)c3C(C1)C2,C1=CC2Cc3nc4ccccc4cc3C(C1)C2,C1=CC2Cc3nc4ccccc4cc3C(C1)C2,True,True,True,,0.5,1.0,,,,,4.983300000000003,4.983300000000003,0.0,True,,,,,,,,,,,,,,,,,3.0,3.0,0.0,True
target_oracle,mpair_00004346_cond_01_2p,mpair_00004346,eval,2,"LogP,TPSA",COc1cc(C(C)=O)ccc1OCCCN1CCC(CC(O)(c2ccc(F)cc2)c2ccc(F)cc2)CC1,COc1cc(C(C)=O)ccc1OCCCN1CCC(CC(c2ccc(F)cc2)c2ccc(F)cc2)CC1,COc1cc(C(C)=O)ccc1OCCCN1CCC(CC(c2ccc(F)cc2)c2ccc(F)cc2)CC1,c1ccc(OCCCN2CCC(CC(c3ccccc3)c3ccccc3)CC2)cc1,c1ccc(OCCCN2CCC(CC(c3ccccc3)c3ccccc3)CC2)cc1,True,True,True,,0.7076923076923077,1.0,,,,,6.879100000000007,6.879100000000007,0.0,True,,,,,38.77,38.77,0.0,True,,,,,,,,,,,,
target_oracle,mpair_00004349_cond_01_2p,mpair_00004349,eval,2,"QED,HBA",COC(=O)[C@H](Cc1ccccc1)NC(=O)CSC1=C(C)C(=O)c2cccc(OC)c2C1=O,COC(=O)[C@H](Cc1ccccc1)NC(=O)CSC1=C(C)C(=O)c2ccccc2C1=O,COC(=O)[C@H](Cc1ccccc1)NC(=O)CSC1=C(C)C(=O)c2ccccc2C1=O,O=C(CSC1=CC(=O)c2ccccc2C1=O)NCCc1ccccc1,O=C(CSC1=CC(=O)c2ccccc2C1=O)NCCc1ccccc1,True,True,True,,0.8113207547169812,1.0,,,,,,,,,0.6889794254792466,0.6889794254792466,0.0,True,,,,,,,,,6.0,6.0,0.0,True,,,,
target_oracle,mpair_00004352_cond_02_2p,mpair_00004352,eval,2,"QED,HBA",COC(=O)[C@H](Cc1ccccc1)NC(=O)CSC1=C(C)C(=O)c2ccccc2C1=O,COC(=O)[C@H](Cc1ccccc1)NC(=O)CSC1=C(OC)C(=O)c2ccccc2C1=O,COC(=O)[C@H](Cc1ccccc1)NC(=O)CSC1=C(OC)C(=O)c2ccccc2C1=O,O=C(CSC1=CC(=O)c2ccccc2C1=O)NCCc1ccccc1,O=C(CSC1=CC(=O)c2ccccc2C1=O)NCCc1ccccc1,True,True,True,,0.8163265306122449,1.0,,,,,,,,,0.6313340514980256,0.6313340514980256,0.0,True,,,,,,,,,7.0,7.0,0.0,True,,,,
target_oracle,mpair_00004357_cond_02_2p,mpair_00004357,eval,2,"TPSA,HBD",Cc1ccc(O)c(NCCCN2CCC(C(O)(c3ccccc3)c3ccc(Cl)cc3)CC2)c1,OC(c1ccc(F)cc1)(c1ccc(F)cc1)C1CCN(CCCNc2ccccc2)CC1,OC(c1ccc(F)cc1)(c1ccc(F)cc1)C1CCN(CCCNc2ccccc2)CC1,c1ccc(NCCCN2CCC(C(c3ccccc3)c3ccccc3)CC2)cc1,c1ccc(NCCCN2CCC(C(c3ccccc3)c3ccccc3)CC2)cc1,True,True,True,,0.5483870967741935,1.0,,,,,,,,,,,,,35.5,35.5,0.0,True,2.0,2.0,0.0,True,,,,,,,,
target_oracle,mpair_00004359_cond_02_2p,mpair_00004359,eval,2,"QED,HBD",Cc1ccc(O)c(NCCCN2CCC(C(O)(c3ccccc3)c3ccccc3)CC2)c1,CN(CCCN1CCC(C(O)(c2ccc(F)cc2)c2ccc(F)cc2)CC1)c1ccccc1,CN(CCCN1CCC(C(O)(c2ccc(F)cc2)c2ccc(F)cc2)CC1)c1ccccc1,c1ccc(NCCCN2CCC(C(c3ccccc3)c3ccccc3)CC2)cc1,c1ccc(NCCCN2CCC(C(c3ccccc3)c3ccccc3)CC2)cc1,True,True,True,,0.4603174603174603,1.0,,,,,,,,,0.4951549056938603,0.4951549056938603,0.0,True,,,,,1.0,1.0,0.0,True,,,,,,,,
target_oracle,mpair_00004372_cond_02_2p,mpair_00004372,eval,2,"QED,HBD",CN(CCCN1CCC(C(O)(c2ccc(F)cc2)c2ccc(F)cc2)CC1)c1ccccc1,Cc1ccc(O)c(NCCCN2CCC(C(O)(c3ccccc3)c3ccc(Cl)cc3)CC2)c1,Cc1ccc(O)c(NCCCN2CCC(C(O)(c3ccccc3)c3ccc(Cl)cc3)CC2)c1,c1ccc(NCCCN2CCC(C(c3ccccc3)c3ccccc3)CC2)cc1,c1ccc(NCCCN2CCC(C(c3ccccc3)c3ccccc3)CC2)cc1,True,True,True,,0.4411764705882353,1.0,,,,,,,,,0.2908765692038643,0.2908765692038643,0.0,True,,,,,3.0,3.0,0.0,True,,,,,,,,
target_oracle,mpair_00004376_cond_00_2p,mpair_00004376,eval,2,"TPSA,HBA",Cc1ccc(O)c(NCCCN2CCC(C(O)(c3ccccc3)c3ccccc3)CC2)c1,OC(c1ccc(F)cc1)(c1ccc(F)cc1)C1CCN(CCCNc2ccccc2)CC1,OC(c1ccc(F)cc1)(c1ccc(F)cc1)C1CCN(CCCNc2ccccc2)CC1,c1ccc(NCCCN2CCC(C(c3ccccc3)c3ccccc3)CC2)cc1,c1ccc(NCCCN2CCC(C(c3ccccc3)c3ccccc3)CC2)cc1,True,True,True,,0.5789473684210527,1.0,,,,,,,,,,,,,35.5,35.5,0.0,True,,,,,3.0,3.0,0.0,True,,,,
target_oracle,mpair_00004599_cond_02_2p,mpair_00004599,eval,2,"LogP,HBA",C=C1CCCC2C1(C)CCC(C)C2(C)C/C=C1\[C@@H](OC(C)=O)O[C@H](OC(C)=O)[C@H]1OC(C)=O,C=C1CCCC2C1(C)CCC(C)C2(C)C/C=C1\[C@@H](OC(C)=O)O[C@H](OC(C)=O)[C@H]1O,C=C1CCCC2C1(C)CCC(C)C2(C)C/C=C1\[C@@H](OC(C)=O)O[C@H](OC(C)=O)[C@H]1O,C=C1CCCC2C(C/C=C3/CCOC3)CCCC12,C=C1CCCC2C(C/C=C3/CCOC3)CCCC12,True,True,True,,0.8448275862068966,1.0,,,,,4.271200000000004,4.271200000000004,0.0,True,,,,,,,,,,,,,6.0,6.0,0.0,True,,,,
target_oracle,mpair_00004603_cond_01_2p,mpair_00004603,eval,2,"QED,TPSA",C=C1CCCC2C1(C)CCC(C)C2(C)C/C=C1/C[C@@H](OC(C)=O)O[C@@H]1OC(C)=O,C=C1CCCC2C1(C)CCC(C)C2(C)C/C=C1\[C@@H](OC(C)=O)O[C@H](OC(C)=O)[C@H]1O,C=C1CCCC2C1(C)CCC(C)C2(C)C/C=C1\[C@@H](OC(C)=O)O[C@H](OC(C)=O)[C@H]1O,C=C1CCCC2C(C/C=C3/CCOC3)CCCC12,C=C1CCCC2C(C/C=C3/CCOC3)CCCC12,True,True,True,,0.6825396825396826,1.0,,,,,,,,,0.540204408964813,0.540204408964813,0.0,True,82.06,82.06,0.0,True,,,,,,,,,,,,
target_oracle,mpair_00004605_cond_02_2p,mpair_00004605,eval,2,"MW,LogP",N=c1sc2cc(OC(F)(F)F)ccc2n1CCN1CCC(c2ccccc2)CC1,N=c1sc2ccccc2n1CCN1CCC(c2ccc(F)cc2)CC1,N=c1sc2ccccc2n1CCN1CCC(c2ccc(F)cc2)CC1,N=c1sc2ccccc2n1CCN1CCC(c2ccccc2)CC1,N=c1sc2ccccc2n1CCN1CCC(c2ccccc2)CC1,True,True,True,,0.5862068965517241,1.0,355.482,355.482,0.0,True,4.200970000000003,4.200970000000003,0.0,True,,,,,,,,,,,,,,,,,,,,
target_oracle,mpair_00004608_cond_02_2p,mpair_00004608,eval,2,"HBD,HBA",C=C1C[C@@]23O[C@]2(c2ccccc21)C1CC(OC(=O)[C@H](O)[C@@H](NC(=O)OCC)c2ccccc2)C3(C)C1(C)C,C=C1C[C@@]23O[C@]2(c2ccccc21)C1CC(OC(=O)[C@H](O)[C@@H](NC(=O)NCC)c2ccccc2)C3(C)C1(C)C,C=C1C[C@@]23O[C@]2(c2ccccc21)C1CC(OC(=O)[C@H](O)[C@@H](NC(=O)NCC)c2ccccc2)C3(C)C1(C)C,C=C1C[C@@]23O[C@]2(c2ccccc21)C1CC(OC(=O)CCc2ccccc2)C3C1,C=C1C[C@@]23O[C@]2(c2ccccc21)C1CC(OC(=O)CCc2ccccc2)C3C1,True,True,True,,0.8243243243243243,1.0,,,,,,,,,,,,,,,,,3.0,3.0,0.0,True,5.0,5.0,0.0,True,,,,
target_oracle,mpair_00004610_cond_01_2p,mpair_00004610,eval,2,"LogP,QED",C=C1C[C@@]23O[C@]2(c2ccccc21)C1CC(OC(=O)[C@H](O)[C@@H](NC(=O)OCC)c2ccccc2)C3(C)C1(C)C,C=C1C[C@@]23O[C@]2(c2ccccc21)C1CC(OC(=O)[C@H](O)[C@@H](NC(=O)OCC)c2ccc(Cl)cc2)C3(C)C1(C)C,C=C1C[C@@]23O[C@]2(c2ccccc21)C1CC(OC(=O)[C@H](O)[C@@H](NC(=O)OCC)c2ccc(Cl)cc2)C3(C)C1(C)C,C=C1C[C@@]23O[C@]2(c2ccccc21)C1CC(OC(=O)CCc2ccccc2)C3C1,C=C1C[C@@]23O[C@]2(c2ccccc21)C1CC(OC(=O)CCc2ccccc2)C3C1,True,True,True,,0.8904109589041096,1.0,,,,,5.547300000000005,5.547300000000005,0.0,True,0.3608776112070826,0.3608776112070826,0.0,True,,,,,,,,,,,,,,,,
target_oracle,mpair_00004612_cond_00_2p,mpair_00004612,eval,2,"TPSA,HBA",C=C1C[C@@]23O[C@]2(c2ccccc21)C1CC(OC(=O)[C@H](O)[C@@H](NC(=O)OCC)c2ccc(O)cc2)C3(C)C1(C)C,C=C1C[C@@]23O[C@]2(c2ccccc21)C1CC(OC(=O)[C@H](O)[C@@H](NC(=O)NCC)c2ccccc2)C3(C)C1(C)C,C=C1C[C@@]23O[C@]2(c2ccccc21)C1CC(OC(=O)[C@H](O)[C@@H](NC(=O)NCC)c2ccccc2)C3(C)C1(C)C,C=C1C[C@@]23O[C@]2(c2ccccc21)C1CC(OC(=O)CCc2ccccc2)C3C1,C=C1C[C@@]23O[C@]2(c2ccccc21)C1CC(OC(=O)CCc2ccccc2)C3C1,True,True,True,,0.7468354430379747,1.0,,,,,,,,,,,,,100.19,100.19,0.0,True,,,,,5.0,5.0,0.0,True,,,,
target_oracle,mpair_00004614_cond_00_2p,mpair_00004614,eval,2,"HBD,RB",C=C1C[C@@]23O[C@]2(c2ccccc21)C1CC(OC(=O)[C@H](O)[C@@H](NC(=O)OCC)c2ccc(OC)cc2)C3(C)C1(C)C,C=C1C[C@@]23O[C@]2(c2ccccc21)C1CC(OC(=O)[C@H](O)[C@@H](NC(=O)NC(C)C)c2ccccc2)C3(C)C1(C)C,C=C1C[C@@]23O[C@]2(c2ccccc21)C1CC(OC(=O)[C@H](O)[C@@H](NC(=O)NC(C)C)c2ccccc2)C3(C)C1(C)C,C=C1C[C@@]23O[C@]2(c2ccccc21)C1CC(OC(=O)CCc2ccccc2)C3C1,C=C1C[C@@]23O[C@]2(c2ccccc21)C1CC(OC(=O)CCc2ccccc2)C3C1,True,True,True,,0.7037037037037037,1.0,,,,,,,,,,,,,,,,,3.0,3.0,0.0,True,,,,,6.0,6.0,0.0,True
target_oracle,mpair_00004616_cond_00_2p,mpair_00004616,eval,2,"TPSA,HBA",C=C1C[C@@]23O[C@]2(c2ccccc21)C1CC(OC(=O)[C@H](O)[C@@H](NC(=O)OCC)c2ccc(O)cc2)C3(C)C1(C)C,C=C1C[C@@]23O[C@]2(c2ccccc21)C1CC(OC(=O)[C@H](O)[C@@H](NC(=O)NC(C)C)c2ccccc2)C3(C)C1(C)C,C=C1C[C@@]23O[C@]2(c2ccccc21)C1CC(OC(=O)[C@H](O)[C@@H](NC(=O)NC(C)C)c2ccccc2)C3(C)C1(C)C,C=C1C[C@@]23O[C@]2(c2ccccc21)C1CC(OC(=O)CCc2ccccc2)C3C1,C=C1C[C@@]23O[C@]2(c2ccccc21)C1CC(OC(=O)CCc2ccccc2)C3C1,True,True,True,,0.7215189873417721,1.0,,,,,,,,,,,,,100.19,100.19,0.0,True,,,,,5.0,5.0,0.0,True,,,,
target_oracle,mpair_00004617_cond_02_2p,mpair_00004617,eval,2,"HBA,RB",C=C1C[C@@]23O[C@]2(c2ccccc21)C1CC(OC(=O)[C@H](O)[C@@H](NC(=O)OCC)c2ccccc2)C3(C)C1(C)C,C=C1C[C@@]23O[C@]2(c2ccccc21)C1CC(OC(=O)[C@H](O)[C@@H](NC(=O)OCC)c2ccc(OC)cc2)C3(C)C1(C)C,C=C1C[C@@]23O[C@]2(c2ccccc21)C1CC(OC(=O)[C@H](O)[C@@H](NC(=O)OCC)c2ccc(OC)cc2)C3(C)C1(C)C,C=C1C[C@@]23O[C@]2(c2ccccc21)C1CC(OC(=O)CCc2ccccc2)C3C1,C=C1C[C@@]23O[C@]2(c2ccccc21)C1CC(OC(=O)CCc2ccccc2)C3C1,True,True,True,,0.8783783783783784,1.0,,,,,,,,,,,,,,,,,,,,,7.0,7.0,0.0,True,7.0,7.0,0.0,True
target_oracle,mpair_00004619_cond_01_2p,mpair_00004619,eval,2,"LogP,QED",C=C1C[C@@]23O[C@]2(c2ccccc21)C1CC(OC(=O)[C@H](O)[C@@H](NC(=O)OCC)c2ccc(Cl)cc2)C3(C)C1(C)C,C=C1C[C@@]23O[C@]2(c2ccccc21)C1CC(OC(=O)[C@H](O)[C@@H](NC(=O)OCC)c2ccccc2)C3(C)C1(C)C,C=C1C[C@@]23O[C@]2(c2ccccc21)C1CC(OC(=O)[C@H](O)[C@@H](NC(=O)OCC)c2ccccc2)C3(C)C1(C)C,C=C1C[C@@]23O[C@]2(c2ccccc21)C1CC(OC(=O)CCc2ccccc2)C3C1,C=C1C[C@@]23O[C@]2(c2ccccc21)C1CC(OC(=O)CCc2ccccc2)C3C1,True,True,True,,0.8904109589041096,1.0,,,,,4.893900000000004,4.893900000000004,0.0,True,0.4182085424131654,0.4182085424131654,0.0,True,,,,,,,,,,,,,,,,
target_oracle,mpair_00004621_cond_02_2p,mpair_00004621,eval,2,"QED,HBA",C=C1C[C@@]23O[C@]2(c2ccccc21)C1CC(OC(=O)[C@H](O)[C@@H](NC(=O)NC(C)C)c2ccccc2)C3(C)C1(C)C,C=C1C[C@@]23O[C@]2(c2ccccc21)C1CC(OC(=O)[C@H](O)[C@@H](NC(=O)OCC)c2ccccc2)C3(C)C1(C)C,C=C1C[C@@]23O[C@]2(c2ccccc21)C1CC(OC(=O)[C@H](O)[C@@H](NC(=O)OCC)c2ccccc2)C3(C)C1(C)C,C=C1C[C@@]23O[C@]2(c2ccccc21)C1CC(OC(=O)CCc2ccccc2)C3C1,C=C1C[C@@]23O[C@]2(c2ccccc21)C1CC(OC(=O)CCc2ccccc2)C3C1,True,True,True,,0.7972972972972973,1.0,,,,,,,,,0.4182085424131654,0.4182085424131654,0.0,True,,,,,,,,,6.0,6.0,0.0,True,,,,
target_oracle,mpair_00004623_cond_01_2p,mpair_00004623,eval,2,"LogP,HBA",C=C1C[C@@]23O[C@]2(c2ccccc21)C1CC(OC(=O)[C@H](O)[C@@H](NC(=O)OCC)c2ccc(Cl)cc2)C3(C)C1(C)C,C=C1C[C@@]23O[C@]2(c2ccccc21)C1CC(OC(=O)[C@H](O)[C@@H](NC(=O)NC(C)C)c2ccccc2)C3(C)C1(C)C,C=C1C[C@@]23O[C@]2(c2ccccc21)C1CC(OC(=O)[C@H](O)[C@@H](NC(=O)NC(C)C)c2ccccc2)C3(C)C1(C)C,C=C1C[C@@]23O[C@]2(c2ccccc21)C1CC(OC(=O)CCc2ccccc2)C3C1,C=C1C[C@@]23O[C@]2(c2ccccc21)C1CC(OC(=O)CCc2ccccc2)C3C1,True,True,True,,0.7125,1.0,,,,,4.855400000000004,4.855400000000004,0.0,True,,,,,,,,,,,,,5.0,5.0,0.0,True,,,,
target_oracle,mpair_00004625_cond_02_2p,mpair_00004625,eval,2,"LogP,HBD",C=C1C[C@@]23O[C@]2(c2ccccc21)C1CC(OC(=O)[C@H](O)[C@@H](NC(=O)NC(C)C)c2ccccc2)C3(C)C1(C)C,C=C1C[C@@]23O[C@]2(c2ccccc21)C1CC(OC(=O)[C@H](O)[C@@H](NC(=O)OCC)c2ccc(Cl)cc2)C3(C)C1(C)C,C=C1C[C@@]23O[C@]2(c2ccccc21)C1CC(OC(=O)[C@H](O)[C@@H](NC(=O)OCC)c2ccc(Cl)cc2)C3(C)C1(C)C,C=C1C[C@@]23O[C@]2(c2ccccc21)C1CC(OC(=O)CCc2ccccc2)C3C1,C=C1C[C@@]23O[C@]2(c2ccccc21)C1CC(OC(=O)CCc2ccccc2)C3C1,True,True,True,,0.7125,1.0,,,,,5.547300000000005,5.547300000000005,0.0,True,,,,,,,,,2.0,2.0,0.0,True,,,,,,,,
target_oracle,mpair_00004629_cond_00_2p,mpair_00004629,eval,2,"QED,HBD",C=C1C[C@@]23O[C@]2(c2ccccc21)C1CC(OC(=O)[C@H](O)[C@@H](NC(=O)OCC)c2ccccc2)C3(C)C1(C)C,C=C1C[C@@]23O[C@]2(c2ccccc21)C1CC(OC(=O)[C@H](O)[C@@H](NC(=O)NC(C)C)c2ccccc2)C3(C)C1(C)C,C=C1C[C@@]23O[C@]2(c2ccccc21)C1CC(OC(=O)[C@H](O)[C@@H](NC(=O)NC(C)C)c2ccccc2)C3(C)C1(C)C,C=C1C[C@@]23O[C@]2(c2ccccc21)C1CC(OC(=O)CCc2ccccc2)C3C1,C=C1C[C@@]23O[C@]2(c2ccccc21)C1CC(OC(=O)CCc2ccccc2)C3C1,True,True,True,,0.7972972972972973,1.0,,,,,,,,,0.36609454720744955,0.36609454720744955,0.0,True,,,,,3.0,3.0,0.0,True,,,,,,,,
target_oracle,mpair_00004631_cond_02_2p,mpair_00004631,eval,2,"HBA,RB",C=C1C[C@@]23O[C@]2(c2ccccc21)C1CC(OC(=O)[C@H](O)[C@@H](NC(=O)OCC)c2ccc(OC)cc2)C3(C)C1(C)C,C=C1C[C@@]23O[C@]2(c2ccccc21)C1CC(OC(=O)[C@H](O)[C@@H](NC(=O)OCC)c2ccccc2)C3(C)C1(C)C,C=C1C[C@@]23O[C@]2(c2ccccc21)C1CC(OC(=O)[C@H](O)[C@@H](NC(=O)OCC)c2ccccc2)C3(C)C1(C)C,C=C1C[C@@]23O[C@]2(c2ccccc21)C1CC(OC(=O)CCc2ccccc2)C3C1,C=C1C[C@@]23O[C@]2(c2ccccc21)C1CC(OC(=O)CCc2ccccc2)C3C1,True,True,True,,0.8783783783783784,1.0,,,,,,,,,,,,,,,,,,,,,6.0,6.0,0.0,True,6.0,6.0,0.0,True
target_oracle,mpair_00004788_cond_01_2p,mpair_00004788,eval,2,"LogP,RB",CC(=O)Nc1ccc(C/N=C(\S)NCC(COC(=O)C(C)(C)C)Cc2ccc(C)c(C)c2)cc1,COc1cc(C/N=C(\S)NCC(COC(=O)C(C)(C)C)Cc2ccc(C)c(C)c2)ccc1NS(C)(=O)=O,COc1cc(C/N=C(\S)NCC(COC(=O)C(C)(C)C)Cc2ccc(C)c(C)c2)ccc1NS(C)(=O)=O,C(=NCc1ccccc1)NCCCc1ccccc1,C(=NCc1ccccc1)NCCCc1ccccc1,True,True,True,,0.6486486486486487,1.0,,,,,4.507140000000004,4.507140000000004,0.0,True,,,,,,,,,,,,,,,,,11.0,11.0,0.0,True
target_oracle,mpair_00004791_cond_00_2p,mpair_00004791,eval,2,"TPSA,HBA",COc1cc(C/N=C(\S)N(O)CC(COC(=O)C(C)(C)C)Cc2ccc(C)c(C)c2)ccc1NS(C)(=O)=O,CCS(=O)(=O)Nc1ccc(C/N=C(\S)NCC(COC(=O)C(C)(C)C)Cc2ccc(C)c(C)c2)cc1,CCS(=O)(=O)Nc1ccc(C/N=C(\S)NCC(COC(=O)C(C)(C)C)Cc2ccc(C)c(C)c2)cc1,C(=NCc1ccccc1)NCCCc1ccccc1,C(=NCc1ccccc1)NCCCc1ccccc1,True,True,True,,0.5180722891566265,1.0,,,,,,,,,,,,,96.86000000000001,96.86000000000001,0.0,True,,,,,5.0,5.0,0.0,True,,,,
target_oracle,mpair_00004794_cond_01_2p,mpair_00004794,eval,2,"MW,LogP",Cc1ccc2cccc(OCc3c(C)ccc(N(C)C(=O)Cc4ccc(C(=O)c5ccc(C#N)nc5)n4C)c3C)c2n1,Cc1ccc2cccc(OCc3c(Cl)ccc(N(C)C(=O)Cc4ccc(C(=O)c5ccc(C#N)nc5)n4C)c3Cl)c2n1,Cc1ccc2cccc(OCc3c(Cl)ccc(N(C)C(=O)Cc4ccc(C(=O)c5ccc(C#N)nc5)n4C)c3Cl)c2n1,O=C(Cc1ccc(C(=O)c2cccnc2)[nH]1)Nc1cccc(COc2cccc3cccnc23)c1,O=C(Cc1ccc(C(=O)c2cccnc2)[nH]1)Nc1cccc(COc2cccc3cccnc23)c1,True,True,True,,0.8072289156626506,1.0,598.4900000000001,598.4900000000001,0.0,True,6.470700000000006,6.470700000000006,0.0,True,,,,,,,,,,,,,,,,,,,,
target_oracle,mpair_00004796_cond_00_2p,mpair_00004796,eval,2,"HBA,RB",COc1ccc2[nH]c(-c3ccccc3)c(CCNC(=O)CCc3ccccc3)c2c1,O=C(CCc1ccccc1)NCCc1c(-c2ccccc2)[nH]c2ccccc12,O=C(CCc1ccccc1)NCCc1c(-c2ccccc2)[nH]c2ccccc12,O=C(CCc1ccccc1)NCCc1c(-c2ccccc2)[nH]c2ccccc12,O=C(CCc1ccccc1)NCCc1c(-c2ccccc2)[nH]c2ccccc12,True,True,True,,0.7307692307692307,1.0,,,,,,,,,,,,,,,,,,,,,1.0,1.0,0.0,True,7.0,7.0,0.0,True
target_oracle,mpair_00004797_cond_02_2p,mpair_00004797,eval,2,"HBA,RB",O=C(CCc1ccccc1)NCCc1c(-c2ccccc2)[nH]c2ccccc12,COc1ccc2[nH]c(-c3ccccc3)c(CCNC(=O)CCc3ccccc3)c2c1,COc1ccc2[nH]c(-c3ccccc3)c(CCNC(=O)CCc3ccccc3)c2c1,O=C(CCc1ccccc1)NCCc1c(-c2ccccc2)[nH]c2ccccc12,O=C(CCc1ccccc1)NCCc1c(-c2ccccc2)[nH]c2ccccc12,True,True,True,,0.7307692307692307,1.0,,,,,,,,,,,,,,,,,,,,,2.0,2.0,0.0,True,8.0,8.0,0.0,True
target_oracle,mpair_00004804_cond_01_2p,mpair_00004804,eval,2,"HBA,RB",O=C(O)CCc1c(/C=C2\C(=O)Nc3cc(-c4ccccc4)ccc32)[nH]c2c1CCCC2,COc1ccc(-c2ccc3c(c2)NC(=O)/C3=C\c2[nH]c3c(c2CCC(=O)O)CCCC3)cc1,COc1ccc(-c2ccc3c(c2)NC(=O)/C3=C\c2[nH]c3c(c2CCC(=O)O)CCCC3)cc1,O=C1Nc2cc(-c3ccccc3)ccc2/C1=C/c1cc2c([nH]1)CCCC2,O=C1Nc2cc(-c3ccccc3)ccc2/C1=C/c1cc2c([nH]1)CCCC2,True,True,True,,0.8253968253968254,1.0,,,,,,,,,,,,,,,,,,,,,3.0,3.0,0.0,True,6.0,6.0,0.0,True
target_oracle,mpair_00004809_cond_01_2p,mpair_00004809,eval,2,"HBA,RB",COc1ccc(-c2ccc3c(c2)NC(=O)/C3=C\c2[nH]c3c(c2CCC(=O)O)CCCC3)cc1,O=C(O)CCc1c(/C=C2\C(=O)Nc3cc(-c4ccccc4)ccc32)[nH]c2c1CCCC2,O=C(O)CCc1c(/C=C2\C(=O)Nc3cc(-c4ccccc4)ccc32)[nH]c2c1CCCC2,O=C1Nc2cc(-c3ccccc3)ccc2/C1=C/c1cc2c([nH]1)CCCC2,O=C1Nc2cc(-c3ccccc3)ccc2/C1=C/c1cc2c([nH]1)CCCC2,True,True,True,,0.8253968253968254,1.0,,,,,,,,,,,,,,,,,,,,,2.0,2.0,0.0,True,5.0,5.0,0.0,True
target_oracle,mpair_00004815_cond_00_2p,mpair_00004815,eval,2,"LogP,RB",CCc1c(-c2cccc(O)c2)c2ccc3cccc1n32,Oc1ccc(-c2cc3cccc4ccc2n43)cc1,Oc1ccc(-c2cc3cccc4ccc2n43)cc1,c1ccc(-c2cc3cccc4ccc2n43)cc1,c1ccc(-c2cc3cccc4ccc2n43)cc1,True,True,True,,0.4,1.0,,,,,3.9029000000000025,3.9029000000000025,0.0,True,,,,,,,,,,,,,,,,,1.0,1.0,0.0,True
target_oracle,mpair_00004817_cond_02_2p,mpair_00004817,eval,2,"LogP,RB",Oc1ccc(-c2cc3cccc4ccc2n43)cc1,CCc1c(-c2cccc(O)c2)c2ccc3cccc1n32,CCc1c(-c2cccc(O)c2)c2ccc3cccc1n32,c1ccc(-c2cc3cccc4ccc2n43)cc1,c1ccc(-c2cc3cccc4ccc2n43)cc1,True,True,True,,0.4,1.0,,,,,4.465300000000003,4.465300000000003,0.0,True,,,,,,,,,,,,,,,,,2.0,2.0,0.0,True
target_oracle,mpair_00004820_cond_01_2p,mpair_00004820,eval,2,"HBD,RB",CCCCc1cc(OC2CCN(CCCS(=O)(=O)CC)CC2)c2ncccc2c1,CCCCc1cc(OC2CCN(CCCCNS(C)(=O)=O)CC2)c2ncccc2c1,CCCCc1cc(OC2CCN(CCCCNS(C)(=O)=O)CC2)c2ncccc2c1,c1cnc2c(OC3CCNCC3)cccc2c1,c1cnc2c(OC3CCNCC3)cccc2c1,True,True,True,,0.7575757575757576,1.0,,,,,,,,,,,,,,,,,1.0,1.0,0.0,True,,,,,11.0,11.0,0.0,True
target_oracle,mpair_00004948_cond_01_2p,mpair_00004948,eval,2,"HBA,RB",CCC1C(=O)N2C=CSC2=[N+](Cc2ccccc2)C1=O,CCC1C(=O)N2C=CSC2=[N+](Cc2cc(OC)cc(OC)c2)C1=O,CCC1C(=O)N2C=CSC2=[N+](Cc2cc(OC)cc(OC)c2)C1=O,O=C1CC(=O)[N+](Cc2ccccc2)=C2SC=CN12,O=C1CC(=O)[N+](Cc2ccccc2)=C2SC=CN12,True,True,True,,0.6875,1.0,,,,,,,,,,,,,,,,,,,,,5.0,5.0,0.0,True,5.0,5.0,0.0,True
target_oracle,mpair_00004958_cond_01_2p,mpair_00004958,eval,2,"MW,LogP",FC(F)(F)c1ccnc(N2CCN(Cc3nc4ccccc4[nH]3)CC2)n1,c1cnc(N2CCN(Cc3nc4ccccc4[nH]3)CC2)nc1,c1cnc(N2CCN(Cc3nc4ccccc4[nH]3)CC2)nc1,c1cnc(N2CCN(Cc3nc4ccccc4[nH]3)CC2)nc1,c1cnc(N2CCN(Cc3nc4ccccc4[nH]3)CC2)nc1,True,True,True,,0.7291666666666666,1.0,294.3620000000001,294.3620000000001,0.0,True,1.6750999999999998,1.6750999999999998,0.0,True,,,,,,,,,,,,,,,,,,,,
target_oracle,mpair_00004960_cond_00_2p,mpair_00004960,eval,2,"LogP,RB",CCc1cnc(N2CCN(Cc3nc4ccccc4[nH]3)CC2)nc1,c1cnc(N2CCN(Cc3nc4ccccc4[nH]3)CC2)nc1,c1cnc(N2CCN(Cc3nc4ccccc4[nH]3)CC2)nc1,c1cnc(N2CCN(Cc3nc4ccccc4[nH]3)CC2)nc1,c1cnc(N2CCN(Cc3nc4ccccc4[nH]3)CC2)nc1,True,True,True,,0.7391304347826086,1.0,,,,,1.6750999999999998,1.6750999999999998,0.0,True,,,,,,,,,,,,,,,,,3.0,3.0,0.0,True
target_oracle,mpair_00004961_cond_02_2p,mpair_00004961,eval,2,"MW,RB",CCc1cnc(N2CCN(Cc3nc4ccccc4[nH]3)CC2)nc1,FC(F)(F)c1ccnc(N2CCN(Cc3nc4ccccc4[nH]3)CC2)n1,FC(F)(F)c1ccnc(N2CCN(Cc3nc4ccccc4[nH]3)CC2)n1,c1cnc(N2CCN(Cc3nc4ccccc4[nH]3)CC2)nc1,c1cnc(N2CCN(Cc3nc4ccccc4[nH]3)CC2)nc1,True,True,True,,0.5892857142857143,1.0,362.3590000000001,362.3590000000001,0.0,True,,,,,,,,,,,,,,,,,,,,,3.0,3.0,0.0,True
target_oracle,mpair_00004963_cond_01_2p,mpair_00004963,eval,2,"MW,RB",FC(F)(F)c1ccnc(N2CCN(Cc3nc4ccccc4[nH]3)CC2)n1,CCc1cnc(N2CCN(Cc3nc4ccccc4[nH]3)CC2)nc1,CCc1cnc(N2CCN(Cc3nc4ccccc4[nH]3)CC2)nc1,c1cnc(N2CCN(Cc3nc4ccccc4[nH]3)CC2)nc1,c1cnc(N2CCN(Cc3nc4ccccc4[nH]3)CC2)nc1,True,True,True,,0.5892857142857143,1.0,322.41600000000005,322.41600000000005,0.0,True,,,,,,,,,,,,,,,,,,,,,4.0,4.0,0.0,True
target_oracle,mpair_00005202_cond_02_2p,mpair_00005202,eval,2,"MW,LogP",N=C(N)c1ccc2[nH]c(-c3ccc(OCc4cn(Cc5ccccc5)nn4)cc3)nc2c1,CC(C)NC(=N)c1ccc2[nH]c(-c3ccc(OCc4cn(Cc5ccccc5)nn4)cc3)nc2c1,CC(C)NC(=N)c1ccc2[nH]c(-c3ccc(OCc4cn(Cc5ccccc5)nn4)cc3)nc2c1,c1ccc(Cn2cc(COc3ccc(-c4nc5ccccc5[nH]4)cc3)nn2)cc1,c1ccc(Cn2cc(COc3ccc(-c4nc5ccccc5[nH]4)cc3)nn2)cc1,True,True,True,,0.7714285714285715,1.0,465.5610000000001,465.5610000000001,0.0,True,4.772070000000003,4.772070000000003,0.0,True,,,,,,,,,,,,,,,,,,,,
target_oracle,mpair_00005391_cond_02_2p,mpair_00005391,eval,2,"HBD,HBA",CCOC(=O)c1ccc(C#Cc2ccc3c(c2)C(C)(C)CC(=O)N3)cc1,CC1(C)CC(=O)Nc2ccc(C#Cc3ccc(C(=O)O)cc3)cc21,CC1(C)CC(=O)Nc2ccc(C#Cc3ccc(C(=O)O)cc3)cc21,O=C1CCc2cc(C#Cc3ccccc3)ccc2N1,O=C1CCc2cc(C#Cc3ccccc3)ccc2N1,True,True,True,,0.7142857142857143,1.0,,,,,,,,,,,,,,,,,2.0,2.0,0.0,True,2.0,2.0,0.0,True,,,,
target_oracle,mpair_00005394_cond_01_2p,mpair_00005394,eval,2,"QED,HBA",CCOC(=O)c1ccc(C#Cc2ccc3c(c2)C(C)(C)CC(=O)N3)cc1,CC(C)N1C(=O)CC(C)(C)c2cc(C#Cc3ccc(C(=O)O)cc3)ccc21,CC(C)N1C(=O)CC(C)(C)c2cc(C#Cc3ccc(C(=O)O)cc3)ccc21,O=C1CCc2cc(C#Cc3ccccc3)ccc2N1,O=C1CCc2cc(C#Cc3ccccc3)ccc2N1,True,True,True,,0.4126984126984127,1.0,,,,,,,,,0.8154931333270484,0.8154931333270484,0.0,True,,,,,,,,,2.0,2.0,0.0,True,,,,
target_oracle,mpair_00005398_cond_01_2p,mpair_00005398,eval,2,"LogP,QED",CCCn1c(=O)c2nc(-c3cc(C(=O)O)n(C)n3)[nH]c2n(CCC)c1=O,Cn1nc(-c2nc3c(=O)n(C)c(=O)n(C)c3[nH]2)cc1N,Cn1nc(-c2nc3c(=O)n(C)c(=O)n(C)c3[nH]2)cc1N,O=c1[nH]c(=O)c2nc(-c3cc[nH]n3)[nH]c2[nH]1,O=c1[nH]c(=O)c2nc(-c3cc[nH]n3)[nH]c2[nH]1,True,True,True,,0.44642857142857145,1.0,,,,,-1.0569999999999984,-1.0569999999999984,0.0,True,0.5870268940631196,0.5870268940631196,0.0,True,,,,,,,,,,,,,,,,
target_oracle,mpair_00005405_cond_02_2p,mpair_00005405,eval,2,"HBA,RB",CS(=O)(=O)Nc1ccc(S(=O)(=O)c2ccc(CN)s2)cc1,CCOc1cc(S(C)(=O)=O)cc(S(=O)(=O)c2ccc(CN)s2)c1,CCOc1cc(S(C)(=O)=O)cc(S(=O)(=O)c2ccc(CN)s2)c1,O=S(=O)(c1ccccc1)c1cccs1,O=S(=O)(c1ccccc1)c1cccs1,True,True,True,,0.5,1.0,,,,,,,,,,,,,,,,,,,,,7.0,7.0,0.0,True,6.0,6.0,0.0,True
target_oracle,mpair_00005414_cond_01_2p,mpair_00005414,eval,2,"LogP,QED",CCNC(=O)C(C)NC(=O)[C@H](Cc1ccc([N+](=O)[O-])cc1)NC(=O)c1cccc2ccccc12,O=C(N[C@@H](Cc1ccccc1)C(=O)O)c1cccc2ccccc12,O=C(N[C@@H](Cc1ccccc1)C(=O)O)c1cccc2ccccc12,O=C(NCCc1ccccc1)c1cccc2ccccc12,O=C(NCCc1ccccc1)c1cccc2ccccc12,True,True,True,,0.5344827586206896,1.0,,,,,3.265500000000001,3.265500000000001,0.0,True,0.7583308263978528,0.7583308263978528,0.0,True,,,,,,,,,,,,,,,,
target_oracle,mpair_00005417_cond_02_2p,mpair_00005417,eval,2,"HBD,HBA",CCNC(=O)C(C)NC(=O)[C@H](Cc1ccc([N+](=O)[O-])cc1)NC(=O)c1cccc2ccccc12,CCOC(=O)[C@@H](C)NC(=O)[C@H](Cc1ccc([N+](=O)[O-])cc1)NC(=O)c1cccc2ccccc12,CCOC(=O)[C@@H](C)NC(=O)[C@H](Cc1ccc([N+](=O)[O-])cc1)NC(=O)c1cccc2ccccc12,O=C(NCCc1ccccc1)c1cccc2ccccc12,O=C(NCCc1ccccc1)c1cccc2ccccc12,True,True,True,,0.8,1.0,,,,,,,,,,,,,,,,,2.0,2.0,0.0,True,6.0,6.0,0.0,True,,,,
target_oracle,mpair_00005425_cond_00_2p,mpair_00005425,eval,2,"HBD,HBA",CCOC(=O)[C@@H](C)NC(=O)[C@H](Cc1ccc([N+](=O)[O-])cc1)NC(=O)c1cccc2ccccc12,CCNC(=O)C(C)NC(=O)[C@H](Cc1ccc([N+](=O)[O-])cc1)NC(=O)c1cccc2ccccc12,CCNC(=O)C(C)NC(=O)[C@H](Cc1ccc([N+](=O)[O-])cc1)NC(=O)c1cccc2ccccc12,O=C(NCCc1ccccc1)c1cccc2ccccc12,O=C(NCCc1ccccc1)c1cccc2ccccc12,True,True,True,,0.8,1.0,,,,,,,,,,,,,,,,,3.0,3.0,0.0,True,5.0,5.0,0.0,True,,,,
target_oracle,mpair_00005432_cond_01_2p,mpair_00005432,eval,2,"QED,TPSA",CCOC(=O)[C@@H](C)NC(=O)[C@H](Cc1ccc([N+](=O)[O-])cc1)NC(=O)c1cccc2ccccc12,CC(C)OC(=O)[C@H](Cc1ccc([N+](=O)[O-])cc1)NC(=O)c1cccc2ccccc12,CC(C)OC(=O)[C@H](Cc1ccc([N+](=O)[O-])cc1)NC(=O)c1cccc2ccccc12,O=C(NCCc1ccccc1)c1cccc2ccccc12,O=C(NCCc1ccccc1)c1cccc2ccccc12,True,True,True,,0.7333333333333333,1.0,,,,,,,,,0.36267930698305967,0.36267930698305967,0.0,True,98.53999999999999,98.53999999999999,0.0,True,,,,,,,,,,,,
target_oracle,mpair_00005439_cond_00_2p,mpair_00005439,eval,2,"LogP,RB",CC(C)OC(=O)[C@H](Cc1ccc([N+](=O)[O-])cc1)NC(=O)c1cccc2ccccc12,COC(=O)[C@H](Cc1ccc([N+](=O)[O-])cc1)NC(=O)c1cccc2ccccc12,COC(=O)[C@H](Cc1ccc([N+](=O)[O-])cc1)NC(=O)c1cccc2ccccc12,O=C(NCCc1ccccc1)c1cccc2ccccc12,O=C(NCCc1ccccc1)c1cccc2ccccc12,True,True,True,,0.8301886792452831,1.0,,,,,3.262100000000001,3.262100000000001,0.0,True,,,,,,,,,,,,,,,,,6.0,6.0,0.0,True
target_oracle,mpair_00005441_cond_01_2p,mpair_00005441,eval,2,"HBD,HBA",CCNC(=O)C(C)NC(=O)[C@H](Cc1ccc([N+](=O)[O-])cc1)NC(=O)c1cccc2ccccc12,CCOC(=O)[C@H](C)NC(=O)[C@H](Cc1ccc([N+](=O)[O-])cc1)NC(=O)c1cccc2ccccc12,CCOC(=O)[C@H](C)NC(=O)[C@H](Cc1ccc([N+](=O)[O-])cc1)NC(=O)c1cccc2ccccc12,O=C(NCCc1ccccc1)c1cccc2ccccc12,O=C(NCCc1ccccc1)c1cccc2ccccc12,True,True,True,,0.8,1.0,,,,,,,,,,,,,,,,,2.0,2.0,0.0,True,6.0,6.0,0.0,True,,,,
target_oracle,mpair_00005443_cond_02_2p,mpair_00005443,eval,2,"MW,RB",CCOC(=O)[C@H](Cc1ccc([N+](=O)[O-])cc1)NC(=O)c1cccc2ccccc12,CCNC(=O)C(C)NC(=O)[C@H](Cc1ccc([N+](=O)[O-])cc1)NC(=O)c1cccc2ccccc12,CCNC(=O)C(C)NC(=O)[C@H](Cc1ccc([N+](=O)[O-])cc1)NC(=O)c1cccc2ccccc12,O=C(NCCc1ccccc1)c1cccc2ccccc12,O=C(NCCc1ccccc1)c1cccc2ccccc12,True,True,True,,0.6885245901639344,1.0,462.50600000000014,462.50600000000014,0.0,True,,,,,,,,,,,,,,,,,,,,,9.0,9.0,0.0,True
target_oracle,mpair_00005447_cond_00_2p,mpair_00005447,eval,2,"MW,QED",CC(C)OC(Cc1ccc(OCCc2noc(-c3ccccc3)n2)cc1)C(=O)O,CC(C)OC(Cc1ccc(OCCc2noc(-c3cc(C(F)(F)F)cc(C(F)(F)F)c3)n2)cc1)C(=O)O,CC(C)OC(Cc1ccc(OCCc2noc(-c3cc(C(F)(F)F)cc(C(F)(F)F)c3)n2)cc1)C(=O)O,c1ccc(OCCc2noc(-c3ccccc3)n2)cc1,c1ccc(OCCc2noc(-c3ccccc3)n2)cc1,True,True,True,,0.7580645161290323,1.0,532.4370000000001,532.4370000000001,0.0,True,,,,,0.3291726090856745,0.3291726090856745,0.0,True,,,,,,,,,,,,,,,,
target_oracle,mpair_00005451_cond_00_2p,mpair_00005451,eval,2,"QED,HBD",NC(=O)N(O)Cc1ccc(OCCc2noc(-c3ccccc3)n2)cc1,CC(C)OC(Cc1ccc(OCCc2noc(-c3cc(C(F)(F)F)cc(C(F)(F)F)c3)n2)cc1)C(=O)O,CC(C)OC(Cc1ccc(OCCc2noc(-c3cc(C(F)(F)F)cc(C(F)(F)F)c3)n2)cc1)C(=O)O,c1ccc(OCCc2noc(-c3ccccc3)n2)cc1,c1ccc(OCCc2noc(-c3ccccc3)n2)cc1,True,True,True,,0.4520547945205479,1.0,,,,,,,,,0.3291726090856745,0.3291726090856745,0.0,True,,,,,1.0,1.0,0.0,True,,,,,,,,
target_oracle,mpair_00005460_cond_01_2p,mpair_00005460,eval,2,"MW,HBD",NC(=O)N(O)Cc1ccc(OCCc2noc(-c3ccccc3)n2)cc1,CC(C)OC(Cc1ccc(OCCc2noc(-c3ccccc3)n2)cc1)C(=O)O,CC(C)OC(Cc1ccc(OCCc2noc(-c3ccccc3)n2)cc1)C(=O)O,c1ccc(OCCc2noc(-c3ccccc3)n2)cc1,c1ccc(OCCc2noc(-c3ccccc3)n2)cc1,True,True,True,,0.5967741935483871,1.0,396.44300000000004,396.44300000000004,0.0,True,,,,,,,,,,,,,1.0,1.0,0.0,True,,,,,,,,
target_oracle,mpair_00005462_cond_02_2p,mpair_00005462,eval,2,"QED,RB",COc1cccc2c1cc1c3c(cccc32)C(=O)N(CCN(C)C)C1=O,CN(C)CCN1C(=O)c2cccc3c2c(cc2cccc(N)c23)C1=O,CN(C)CCN1C(=O)c2cccc3c2c(cc2cccc(N)c23)C1=O,O=C1NC(=O)c2cc3ccccc3c3cccc1c23,O=C1NC(=O)c2cc3ccccc3c3cccc1c23,True,True,True,,0.5849056603773585,1.0,,,,,,,,,0.45458982820388494,0.45458982820388494,0.0,True,,,,,,,,,,,,,3.0,3.0,0.0,True
target_oracle,mpair_00005469_cond_00_2p,mpair_00005469,eval,2,"HBA,RB",CN(C)CCN1C(=O)c2cccc3c2c(cc2ccccc23)C1=O,COc1cccc2c1cc1c3c(cccc32)C(=O)N(CCN(C)C)C1=O,COc1cccc2c1cc1c3c(cccc32)C(=O)N(CCN(C)C)C1=O,O=C1NC(=O)c2cc3ccccc3c3cccc1c23,O=C1NC(=O)c2cc3ccccc3c3cccc1c23,True,True,True,,0.6666666666666666,1.0,,,,,,,,,,,,,,,,,,,,,4.0,4.0,0.0,True,4.0,4.0,0.0,True
target_oracle,mpair_00005473_cond_01_2p,mpair_00005473,eval,2,"LogP,RB",CN(C)CCN1C(=O)c2cccc3c2c(cc2cccc(Cl)c23)C1=O,COc1cccc2c1cc1c3c(cccc32)C(=O)N(CCN(C)C)C1=O,COc1cccc2c1cc1c3c(cccc32)C(=O)N(CCN(C)C)C1=O,O=C1NC(=O)c2cc3ccccc3c3cccc1c23,O=C1NC(=O)c2cc3ccccc3c3cccc1c23,True,True,True,,0.5849056603773585,1.0,,,,,3.159200000000002,3.159200000000002,0.0,True,,,,,,,,,,,,,,,,,4.0,4.0,0.0,True
target_oracle,mpair_00005477_cond_00_2p,mpair_00005477,eval,2,"HBD,HBA",CN(C)CCN1C(=O)c2cccc3c2c(cc2ccccc23)C1=O,CN(C)CCN1C(=O)c2cccc3c2c(cc2c(O)cccc23)C1=O,CN(C)CCN1C(=O)c2cccc3c2c(cc2c(O)cccc23)C1=O,O=C1NC(=O)c2cc3ccccc3c3cccc1c23,O=C1NC(=O)c2cc3ccccc3c3cccc1c23,True,True,True,,0.6956521739130435,1.0,,,,,,,,,,,,,,,,,1.0,1.0,0.0,True,4.0,4.0,0.0,True,,,,
target_oracle,mpair_00005482_cond_00_2p,mpair_00005482,eval,2,"LogP,RB",COc1cccc2c1cc1c3c(cccc32)C(=O)N(CCN(C)C)C1=O,CN(C)CCN1C(=O)c2cccc3c2c(cc2cccc(Cl)c23)C1=O,CN(C)CCN1C(=O)c2cccc3c2c(cc2cccc(Cl)c23)C1=O,O=C1NC(=O)c2cc3ccccc3c3cccc1c23,O=C1NC(=O)c2cc3ccccc3c3cccc1c23,True,True,True,,0.5849056603773585,1.0,,,,,3.804000000000003,3.804000000000003,0.0,True,,,,,,,,,,,,,,,,,3.0,3.0,0.0,True
target_oracle,mpair_00005485_cond_00_2p,mpair_00005485,eval,2,"LogP,RB",Cc1cccc(COc2nn3c(-c4nc(C(C)C)no4)nnc3c3c2C2CCC3CC2)n1,Cc1noc(-c2nnc3c4c(c(OCc5ccc(C)c(C)n5)nn23)C2CCC4CC2)n1,Cc1noc(-c2nnc3c4c(c(OCc5ccc(C)c(C)n5)nn23)C2CCC4CC2)n1,c1ccc(COc2nn3c(-c4ncno4)nnc3c3c2C2CCC3CC2)nc1,c1ccc(COc2nn3c(-c4ncno4)nnc3c3c2C2CCC3CC2)nc1,True,True,True,,0.6176470588235294,1.0,,,,,3.8283600000000026,3.8283600000000026,0.0,True,,,,,,,,,,,,,,,,,4.0,4.0,0.0,True
target_oracle,mpair_00005487_cond_02_2p,mpair_00005487,eval,2,"LogP,RB",Cc1noc(-c2nnc3c4c(c(OCc5ccc(C)c(C)n5)nn23)C2CCC4CC2)n1,Cc1cccc(COc2nn3c(-c4nc(C(C)C)no4)nnc3c3c2C2CCC3CC2)n1,Cc1cccc(COc2nn3c(-c4nc(C(C)C)no4)nnc3c3c2C2CCC3CC2)n1,c1ccc(COc2nn3c(-c4ncno4)nnc3c3c2C2CCC3CC2)nc1,c1ccc(COc2nn3c(-c4ncno4)nnc3c3c2C2CCC3CC2)nc1,True,True,True,,0.6176470588235294,1.0,,,,,4.334920000000003,4.334920000000003,0.0,True,,,,,,,,,,,,,,,,,5.0,5.0,0.0,True
target_oracle,mpair_00005489_cond_01_2p,mpair_00005489,eval,2,"QED,HBD",CN(CCOc1ccc(CC2SC(=O)NC2=O)cc1)c1ncccn1,O=C1NC(=O)C(Cc2ccc(OCCNc3ncccn3)cc2)S1,O=C1NC(=O)C(Cc2ccc(OCCNc3ncccn3)cc2)S1,O=C1NC(=O)C(Cc2ccc(OCCNc3ncccn3)cc2)S1,O=C1NC(=O)C(Cc2ccc(OCCNc3ncccn3)cc2)S1,True,True,True,,0.6415094339622641,1.0,,,,,,,,,0.7405705768383221,0.7405705768383221,0.0,True,,,,,2.0,2.0,0.0,True,,,,,,,,
target_oracle,mpair_00005491_cond_00_2p,mpair_00005491,eval,2,"QED,HBD",O=C1NC(=O)C(Cc2ccc(OCCNc3ncccn3)cc2)S1,CN(CCOc1ccc(CC2SC(=O)NC2=O)cc1)c1ncccn1,CN(CCOc1ccc(CC2SC(=O)NC2=O)cc1)c1ncccn1,O=C1NC(=O)C(Cc2ccc(OCCNc3ncccn3)cc2)S1,O=C1NC(=O)C(Cc2ccc(OCCNc3ncccn3)cc2)S1,True,True,True,,0.6415094339622641,1.0,,,,,,,,,0.8088362225461297,0.8088362225461297,0.0,True,,,,,1.0,1.0,0.0,True,,,,,,,,
target_oracle,mpair_00005492_cond_02_2p,mpair_00005492,eval,2,"LogP,RB",Cn1c(NC(=O)c2ccccc2)nc2ccccc2c1=O,CC(C)n1c(NC(=O)c2ccccc2)nc2ccccc2c1=O,CC(C)n1c(NC(=O)c2ccccc2)nc2ccccc2c1=O,O=C(Nc1nc2ccccc2c(=O)[nH]1)c1ccccc1,O=C(Nc1nc2ccccc2c(=O)[nH]1)c1ccccc1,True,True,True,,0.7142857142857143,1.0,,,,,3.229700000000001,3.229700000000001,0.0,True,,,,,,,,,,,,,,,,,3.0,3.0,0.0,True
target_oracle,mpair_00005494_cond_01_2p,mpair_00005494,eval,2,"LogP,RB",CC(C)n1c(NC(=O)c2ccccc2)nc2ccccc2c1=O,Cn1c(NC(=O)c2ccccc2)nc2ccccc2c1=O,Cn1c(NC(=O)c2ccccc2)nc2ccccc2c1=O,O=C(Nc1nc2ccccc2c(=O)[nH]1)c1ccccc1,O=C(Nc1nc2ccccc2c(=O)[nH]1)c1ccccc1,True,True,True,,0.7142857142857143,1.0,,,,,2.1857999999999995,2.1857999999999995,0.0,True,,,,,,,,,,,,,,,,,2.0,2.0,0.0,True
target_oracle,mpair_00005496_cond_00_2p,mpair_00005496,eval,2,"MW,QED",CCC(C)(C)C(=O)N[C@@H](Cc1ccc(NC(=O)c2ccnc3ccccc23)cc1)C(=O)O,CCCCC(C)(CC)C(=O)N[C@@H](Cc1ccc(NC(=O)c2ccnc3ccccc23)cc1)C(=O)O,CCCCC(C)(CC)C(=O)N[C@@H](Cc1ccc(NC(=O)c2ccnc3ccccc23)cc1)C(=O)O,O=C(Nc1ccccc1)c1ccnc2ccccc12,O=C(Nc1ccccc1)c1ccnc2ccccc12,True,True,True,,0.78125,1.0,475.5890000000002,475.5890000000002,0.0,True,,,,,0.3529588307368051,0.3529588307368051,0.0,True,,,,,,,,,,,,,,,,
target_oracle,mpair_00005500_cond_01_2p,mpair_00005500,eval,2,"TPSA,HBA",Fc1cccc(CN2CCC(COc3c(F)c(F)c(F)c(F)c3F)CC2)c1,N#Cc1ccc(OCC2CCN(Cc3ccc(F)cc3)CC2)cc1,N#Cc1ccc(OCC2CCN(Cc3ccc(F)cc3)CC2)cc1,c1ccc(CN2CCC(COc3ccccc3)CC2)cc1,c1ccc(CN2CCC(COc3ccccc3)CC2)cc1,True,True,True,,0.4716981132075472,1.0,,,,,,,,,,,,,36.26,36.26,0.0,True,,,,,3.0,3.0,0.0,True,,,,
target_oracle,mpair_00005503_cond_01_2p,mpair_00005503,eval,2,"MW,QED",N#Cc1ccc(OCC2CCN(Cc3ccc(F)cc3)CC2)cc1,N#Cc1ccc(OCC2CCN(Cc3ccccc3I)CC2)cc1,N#Cc1ccc(OCC2CCN(Cc3ccccc3I)CC2)cc1,c1ccc(CN2CCC(COc3ccccc3)CC2)cc1,c1ccc(CN2CCC(COc3ccccc3)CC2)cc1,True,True,True,,0.6,1.0,432.30500000000006,432.30500000000006,0.0,True,,,,,0.6554084459997837,0.6554084459997837,0.0,True,,,,,,,,,,,,,,,,
target_oracle,mpair_00005505_cond_00_2p,mpair_00005505,eval,2,"HBA,RB",Cn1c(=O)c2c(nc3n(CCCN4CCN(c5ccccc5)CC4)c(=O)ccn23)n(C)c1=O,COc1ccccc1N1CCN(CCCn2c(=O)ccn3c4c(=O)n(C)c(=O)n(C)c4nc23)CC1,COc1ccccc1N1CCN(CCCn2c(=O)ccn3c4c(=O)n(C)c(=O)n(C)c4nc23)CC1,O=c1[nH]c(=O)c2c(nc3n(CCCN4CCN(c5ccccc5)CC4)c(=O)ccn23)[nH]1,O=c1[nH]c(=O)c2c(nc3n(CCCN4CCN(c5ccccc5)CC4)c(=O)ccn23)[nH]1,True,True,True,,0.746031746031746,1.0,,,,,,,,,,,,,,,,,,,,,11.0,11.0,0.0,True,6.0,6.0,0.0,True
target_oracle,mpair_00005510_cond_01_2p,mpair_00005510,eval,2,"HBA,RB",O=C(O)[C@H]1[C@H](c2ccccc2)c2ccccc2[C@@H]1c1ccccc1,COc1ccc([C@H]2c3ccccc3[C@@H](c3ccccc3)[C@@H]2C(=O)O)cc1,COc1ccc([C@H]2c3ccccc3[C@@H](c3ccccc3)[C@@H]2C(=O)O)cc1,c1ccc([C@H]2C[C@@H](c3ccccc3)c3ccccc32)cc1,c1ccc([C@H]2C[C@@H](c3ccccc3)c3ccccc32)cc1,True,True,True,,0.7096774193548387,1.0,,,,,,,,,,,,,,,,,,,,,2.0,2.0,0.0,True,4.0,4.0,0.0,True
target_oracle,mpair_00005513_cond_01_2p,mpair_00005513,eval,2,"HBD,HBA",O=C1c2cccc(O)c2C(=O)c2c1ccc(Cc1ccccc1)c2O,O=C1c2ccccc2C(=O)c2c1ccc(Cc1ccccc1)c2O,O=C1c2ccccc2C(=O)c2c1ccc(Cc1ccccc1)c2O,O=C1c2ccccc2C(=O)c2cc(Cc3ccccc3)ccc21,O=C1c2ccccc2C(=O)c2cc(Cc3ccccc3)ccc21,True,True,True,,0.7837837837837838,1.0,,,,,,,,,,,,,,,,,1.0,1.0,0.0,True,3.0,3.0,0.0,True,,,,
target_oracle,mpair_00005528_cond_02_2p,mpair_00005528,eval,2,"LogP,TPSA",O=CNC(=O)c1cnn2c1n[n+]([O-])c1ccc(Cl)cc12,CCOC(=O)c1cnn2c1n[n+]([O-])c1ccc(Cl)cc12,CCOC(=O)c1cnn2c1n[n+]([O-])c1ccc(Cl)cc12,c1ccc2c(c1)[nH+]nc1ccnn12,c1ccc2c(c1)[nH+]nc1ccnn12,True,True,True,,0.6428571428571429,1.0,,,,,1.3459999999999996,1.3459999999999996,0.0,True,,,,,83.42999999999999,83.42999999999999,0.0,True,,,,,,,,,,,,
target_oracle,mpair_00005534_cond_00_2p,mpair_00005534,eval,2,"MW,LogP",CC(C)(C)OC(=O)Nc1cnn2c1n[n+]([O-])c1ccc(Cl)cc12,O=CNC(=O)c1cnn2c1n[n+]([O-])c1ccc(Cl)cc12,O=CNC(=O)c1cnn2c1n[n+]([O-])c1ccc(Cl)cc12,c1ccc2c(c1)[nH+]nc1ccnn12,c1ccc2c(c1)[nH+]nc1ccnn12,True,True,True,,0.5483870967741935,1.0,291.65400000000005,291.65400000000005,0.0,True,0.05550000000000005,0.05550000000000005,0.0,True,,,,,,,,,,,,,,,,,,,,
target_oracle,mpair_00005626_cond_00_2p,mpair_00005626,eval,2,"MW,QED",O=C1OC2(CCN(CCc3c[nH]c4ccc(F)cc34)CC2)CN1Cc1ccc(F)cc1F,O=C1OC2(CCN(CCc3c[nH]c4ccc(F)cc34)CC2)CN1Cc1ccccc1,O=C1OC2(CCN(CCc3c[nH]c4ccc(F)cc34)CC2)CN1Cc1ccccc1,O=C1OC2(CCN(CCc3c[nH]c4ccccc34)CC2)CN1Cc1ccccc1,O=C1OC2(CCN(CCc3c[nH]c4ccccc34)CC2)CN1Cc1ccccc1,True,True,True,,0.7936507936507936,1.0,407.48900000000026,407.48900000000026,0.0,True,,,,,0.684658851889038,0.684658851889038,0.0,True,,,,,,,,,,,,,,,,
