{
  "HBA_mae": 0.546875,
  "HBD_mae": 0.09375,
  "LogP_mae": 0.6113748958333333,
  "MW_mae": 14.720495833333331,
  "QED_mae": 0.04646349423106346,
  "RB_mae": 0.4354166666666667,
  "SA_mae": 0.1576145833333334,
  "TPSA_mae": 11.479479166666666,
  "backend": "sklearn",
  "conditions": 6.0,
  "contrastive_train_retrieval_accuracy": 0.5,
  "druglike_rate": 1.0,
  "mean_candidates_per_condition": 160.0,
  "mean_pairwise_tanimoto": 0.14664980483678625,
  "n": 960.0,
  "novelty": 0.9555555555555556,
  "run_dir": "runs/20260430_020248_slurm_manual",
  "test_size": 6.0,
  "train_size": 24.0,
  "uniqueness": 0.046875,
  "validity": 1.0
}