{
  "HBA_mae": 2.5173625,
  "HBD_mae": 0.7082625,
  "LogP_mae": 0.7959586925000008,
  "MW_mae": 129.47833262500012,
  "QED_mae": 0.18405748536438843,
  "RB_mae": 1.5282625,
  "SA_mae": 0.8654856249999999,
  "TPSA_mae": 23.681338500000003,
  "backend": "torch",
  "conditions": 5000.0,
  "contrastive_train_retrieval_accuracy": 0.0048828125,
  "druglike_rate": 1.0,
  "mean_candidates_per_condition": 16.0,
  "mean_pairwise_tanimoto": 0.16851802911726774,
  "n": 80000.0,
  "novelty": 0.8931116389548693,
  "run_dir": "runs/20260504_164655_sketchmol_comparable_structure_v1",
  "test_size": 5000.0,
  "train_size": 95000.0,
  "uniqueness": 0.0052625,
  "validity": 1.0
}