method,condition_id,pair_id,split,property_count,condition_properties,source_smiles,target_smiles,generated_smiles,source_scaffold,generated_scaffold,scaffold_match,strict_success,joint_success,fallback,source_tanimoto,target_tanimoto,MW_target,MW_actual,MW_abs_error,MW_success,LogP_target,LogP_actual,LogP_abs_error,LogP_success,QED_target,QED_actual,QED_abs_error,QED_success,TPSA_target,TPSA_actual,TPSA_abs_error,TPSA_success,HBD_target,HBD_actual,HBD_abs_error,HBD_success,HBA_target,HBA_actual,HBA_abs_error,HBA_success,RB_target,RB_actual,RB_abs_error,RB_success
source_identity,mpair_00000002_cond_02_2p,mpair_00000002,eval,2,"LogP,QED",O=C(c1cccc(Cl)c1)N1C[C@H](CN2CCC(c3ccccc3)CC2)[C@@H](c2ccccc2)C1,O=C(c1ccccc1F)N1C[C@H](CN2CCC(c3ccccc3)CC2)[C@@H](c2ccccc2)C1,O=C(c1cccc(Cl)c1)N1C[C@H](CN2CCC(c3ccccc3)CC2)[C@@H](c2ccccc2)C1,O=C(c1ccccc1)N1C[C@H](CN2CCC(c3ccccc3)CC2)[C@@H](c2ccccc2)C1,O=C(c1ccccc1)N1C[C@H](CN2CCC(c3ccccc3)CC2)[C@@H](c2ccccc2)C1,True,True,True,,1.0,0.6379310344827587,,,,,5.561100000000006,6.075400000000006,0.5143000000000004,True,0.5164092889512721,0.4625029539066648,0.053906335044607345,True,,,,,,,,,,,,,,,,
source_identity,mpair_00000005_cond_01_2p,mpair_00000005,eval,2,"HBA,RB",O=C(c1ccccc1F)N1C[C@H](CN2CCC(c3ccccc3)CC2)[C@@H](c2ccccc2)C1,COc1cccc(C(=O)N2C[C@H](CN3CCC(c4ccccc4)CC3)[C@@H](c3ccccc3)C2)c1,O=C(c1ccccc1F)N1C[C@H](CN2CCC(c3ccccc3)CC2)[C@@H](c2ccccc2)C1,O=C(c1ccccc1)N1C[C@H](CN2CCC(c3ccccc3)CC2)[C@@H](c2ccccc2)C1,O=C(c1ccccc1)N1C[C@H](CN2CCC(c3ccccc3)CC2)[C@@H](c2ccccc2)C1,True,True,True,,1.0,0.6065573770491803,,,,,,,,,,,,,,,,,,,,,3.0,2.0,1.0,True,6.0,5.0,1.0,True
source_identity,mpair_00000007_cond_02_2p,mpair_00000007,eval,2,"LogP,QED",O=C(c1ccccc1F)N1C[C@H](CN2CCC(c3ccccc3)CC2)[C@@H](c2ccccc2)C1,O=C(c1cccc(Cl)c1)N1C[C@H](CN2CCC(c3ccccc3)CC2)[C@@H](c2ccccc2)C1,O=C(c1ccccc1F)N1C[C@H](CN2CCC(c3ccccc3)CC2)[C@@H](c2ccccc2)C1,O=C(c1ccccc1)N1C[C@H](CN2CCC(c3ccccc3)CC2)[C@@H](c2ccccc2)C1,O=C(c1ccccc1)N1C[C@H](CN2CCC(c3ccccc3)CC2)[C@@H](c2ccccc2)C1,True,True,True,,1.0,0.6379310344827587,,,,,6.075400000000006,5.561100000000006,0.5143000000000004,True,0.4625029539066648,0.5164092889512721,0.053906335044607345,True,,,,,,,,,,,,,,,,
source_identity,mpair_00000011_cond_01_2p,mpair_00000011,eval,2,"HBA,RB",COc1cccc(C(=O)N2C[C@H](CN3CCC(c4ccccc4)CC3)[C@@H](c3ccccc3)C2)c1,O=C(c1ccccc1F)N1C[C@H](CN2CCC(c3ccccc3)CC2)[C@@H](c2ccccc2)C1,COc1cccc(C(=O)N2C[C@H](CN3CCC(c4ccccc4)CC3)[C@@H](c3ccccc3)C2)c1,O=C(c1ccccc1)N1C[C@H](CN2CCC(c3ccccc3)CC2)[C@@H](c2ccccc2)C1,O=C(c1ccccc1)N1C[C@H](CN2CCC(c3ccccc3)CC2)[C@@H](c2ccccc2)C1,True,True,True,,1.0,0.6065573770491803,,,,,,,,,,,,,,,,,,,,,2.0,3.0,1.0,True,5.0,6.0,1.0,True
source_identity,mpair_00000015_cond_00_2p,mpair_00000015,eval,2,"LogP,TPSA",O=C(O)CC[C@H]1CC[C@H]2CN[C@H](C(=O)O)C[C@H]2C1,O=C(O)[C@@H]1C[C@H]2C[C@@H](CCS(=O)(=O)O)CC[C@H]2CN1,O=C(O)CC[C@H]1CC[C@H]2CN[C@H](C(=O)O)C[C@H]2C1,C1CC[C@H]2CNCC[C@H]2C1,C1CC[C@H]2CNCC[C@H]2C1,True,True,True,,1.0,0.6829268292682927,,,,,0.7433000000000001,1.3301999999999996,0.5868999999999995,True,,,,,103.7,86.63000000000001,17.069999999999993,True,,,,,,,,,,,,
source_identity,mpair_00000323_cond_01_2p,mpair_00000323,eval,2,"TPSA,HBA",N[C@@H](C(=O)N[C@@H]1C(=O)N2C(C(=O)O)=C(C(F)(F)F)CC[C@H]12)c1ccc(F)cc1,N[C@@H](C(=O)N[C@@H]1C(=O)N2C(C(=O)O)=C(C(F)(F)F)CC[C@H]12)c1ccc(O)cc1,N[C@@H](C(=O)N[C@@H]1C(=O)N2C(C(=O)O)=C(C(F)(F)F)CC[C@H]12)c1ccc(F)cc1,O=C(Cc1ccccc1)N[C@@H]1C(=O)N2C=CCC[C@H]12,O=C(Cc1ccccc1)N[C@@H]1C(=O)N2C=CCC[C@H]12,True,False,False,,1.0,0.8545454545454545,,,,,,,,,,,,,132.96,112.73,20.230000000000004,False,,,,,5.0,4.0,1.0,True,,,,
source_identity,mpair_00000330_cond_00_2p,mpair_00000330,eval,2,"QED,HBD",N[C@@H](C(=O)N[C@@H]1C(=O)N2C(C(=O)O)=C(C(F)(F)F)CC[C@H]12)c1ccc(O)cc1,N[C@@H](C(=O)N[C@@H]1C(=O)N2C(C(=O)O)=C(C(F)(F)F)CC[C@H]12)c1cccc(C(F)(F)F)c1,N[C@@H](C(=O)N[C@@H]1C(=O)N2C(C(=O)O)=C(C(F)(F)F)CC[C@H]12)c1ccc(O)cc1,O=C(Cc1ccccc1)N[C@@H]1C(=O)N2C=CCC[C@H]12,O=C(Cc1ccccc1)N[C@@H]1C(=O)N2C=CCC[C@H]12,True,True,True,,1.0,0.7377049180327869,,,,,,,,,0.4795891963980345,0.5533729404309352,0.07378374403290072,True,,,,,3.0,4.0,1.0,True,,,,,,,,
source_identity,mpair_00000337_cond_01_2p,mpair_00000337,eval,2,"MW,LogP",N[C@@H](C(=O)N[C@@H]1C(=O)N2C(C(=O)O)=C(C(F)(F)F)CC[C@H]12)c1cccc(C(F)(F)F)c1,N[C@@H](C(=O)N[C@@H]1C(=O)N2C(C(=O)O)=C(C(F)(F)F)CC[C@H]12)c1ccc(F)cc1,N[C@@H](C(=O)N[C@@H]1C(=O)N2C(C(=O)O)=C(C(F)(F)F)CC[C@H]12)c1cccc(C(F)(F)F)c1,O=C(Cc1ccccc1)N[C@@H]1C(=O)N2C=CCC[C@H]12,O=C(Cc1ccccc1)N[C@@H]1C(=O)N2C=CCC[C@H]12,True,False,False,,1.0,0.7377049180327869,401.3160000000001,451.3230000000001,50.007000000000005,False,1.2158999999999993,2.0955999999999997,0.8797000000000004,True,,,,,,,,,,,,,,,,,,,,
source_identity,mpair_00000586_cond_00_2p,mpair_00000586,eval,2,"LogP,HBD",OC[C@@H]1N[C@@H](CCCCc2cc(F)cc(F)c2)[C@H](O)[C@H]1O,OC[C@@H]1N[C@@H](CCCCc2ccc(O)cc2)[C@H](O)[C@H]1O,OC[C@@H]1N[C@@H](CCCCc2cc(F)cc(F)c2)[C@H](O)[C@H]1O,c1ccc(CCCC[C@H]2CCCN2)cc1,c1ccc(CCCC[C@H]2CCCN2)cc1,True,True,True,,1.0,0.625,,,,,0.15949999999999964,0.7320999999999995,0.5725999999999999,True,,,,,,,,,5.0,4.0,1.0,True,,,,,,,,
source_identity,mpair_00000589_cond_01_2p,mpair_00000589,eval,2,"HBA,RB",COc1ccc(CCCC[C@@H]2N[C@@H](CO)[C@H](O)[C@H]2O)cc1,OC[C@@H]1N[C@@H](CCCCc2ccc(F)cc2)[C@H](O)[C@H]1O,COc1ccc(CCCC[C@@H]2N[C@@H](CO)[C@H](O)[C@H]2O)cc1,c1ccc(CCCC[C@H]2CCCN2)cc1,c1ccc(CCCC[C@H]2CCCN2)cc1,True,True,True,,1.0,0.6829268292682927,,,,,,,,,,,,,,,,,,,,,4.0,5.0,1.0,True,6.0,7.0,1.0,True
source_identity,mpair_00000591_cond_00_2p,mpair_00000591,eval,2,"HBD,HBA",OC[C@@H]1N[C@@H](CCCCc2ccc(F)cc2)[C@H](O)[C@H]1O,OC[C@@H]1N[C@@H](CCCCc2ccc(O)cc2)[C@H](O)[C@H]1O,OC[C@@H]1N[C@@H](CCCCc2ccc(F)cc2)[C@H](O)[C@H]1O,c1ccc(CCCC[C@H]2CCCN2)cc1,c1ccc(CCCC[C@H]2CCCN2)cc1,True,True,True,,1.0,0.7567567567567568,,,,,,,,,,,,,,,,,5.0,4.0,1.0,True,5.0,4.0,1.0,True,,,,
source_identity,mpair_00000593_cond_00_2p,mpair_00000593,eval,2,"HBA,RB",OC[C@@H]1N[C@@H](CCCCc2cc(F)cc(F)c2)[C@H](O)[C@H]1O,COc1ccc(CCCC[C@@H]2N[C@@H](CO)[C@H](O)[C@H]2O)cc1,OC[C@@H]1N[C@@H](CCCCc2cc(F)cc(F)c2)[C@H](O)[C@H]1O,c1ccc(CCCC[C@H]2CCCN2)cc1,c1ccc(CCCC[C@H]2CCCN2)cc1,True,True,True,,1.0,0.5681818181818182,,,,,,,,,,,,,,,,,,,,,5.0,4.0,1.0,True,7.0,6.0,1.0,True
source_identity,mpair_00000594_cond_02_2p,mpair_00000594,eval,2,"HBA,RB",COc1ccc(CCCC[C@@H]2N[C@@H](CO)[C@H](O)[C@H]2O)cc1,OC[C@@H]1N[C@@H](CCCCc2cc(F)cc(F)c2)[C@H](O)[C@H]1O,COc1ccc(CCCC[C@@H]2N[C@@H](CO)[C@H](O)[C@H]2O)cc1,c1ccc(CCCC[C@H]2CCCN2)cc1,c1ccc(CCCC[C@H]2CCCN2)cc1,True,True,True,,1.0,0.5681818181818182,,,,,,,,,,,,,,,,,,,,,4.0,5.0,1.0,True,6.0,7.0,1.0,True
source_identity,mpair_00000597_cond_00_2p,mpair_00000597,eval,2,"QED,HBA",OC[C@@H]1N[C@@H](CCCCc2ccc(O)cc2)[C@H](O)[C@H]1O,OC[C@@H]1N[C@@H](CCCCc2ccc(F)cc2)[C@H](O)[C@H]1O,OC[C@@H]1N[C@@H](CCCCc2ccc(O)cc2)[C@H](O)[C@H]1O,c1ccc(CCCC[C@H]2CCCN2)cc1,c1ccc(CCCC[C@H]2CCCN2)cc1,True,True,True,,1.0,0.7567567567567568,,,,,,,,,0.5767746304019578,0.47902706341404183,0.09774756698791592,True,,,,,,,,,4.0,5.0,1.0,True,,,,
source_identity,mpair_00000725_cond_00_2p,mpair_00000725,eval,2,"LogP,RB",C=CCc1cc(/C=C2\SC(=O)NC2=O)c(OC)cc1OC1CCCCO1,C=CCc1cc(/C=C2\SC(=O)N(CC=C(C)C)C2=O)c(OC)cc1OC1CCCCO1,C=CCc1cc(/C=C2\SC(=O)NC2=O)c(OC)cc1OC1CCCCO1,O=C1NC(=O)/C(=C/c2ccc(OC3CCCCO3)cc2)S1,O=C1NC(=O)/C(=C/c2ccc(OC3CCCCO3)cc2)S1,True,False,False,,1.0,0.647887323943662,,,,,5.331600000000005,3.6530000000000022,1.678600000000003,False,,,,,,,,,,,,,,,,,8.0,6.0,2.0,False
source_identity,mpair_00000729_cond_01_2p,mpair_00000729,eval,2,"LogP,QED",C=CCc1cc(/C=C2\SC(=O)N(CC=C(C)C)C2=O)c(OC)cc1OC1CCCCO1,C=CCc1cc(/C=C2\SC(=O)N(CC=C)C2=O)c(OC)cc1OC1CCCCO1,C=CCc1cc(/C=C2\SC(=O)N(CC=C(C)C)C2=O)c(OC)cc1OC1CCCCO1,O=C1NC(=O)/C(=C/c2ccc(OC3CCCCO3)cc2)S1,O=C1NC(=O)/C(=C/c2ccc(OC3CCCCO3)cc2)S1,True,True,True,,1.0,0.8615384615384616,,,,,4.551400000000004,5.331600000000005,0.7802000000000016,True,0.45838471716690443,0.3995752918375223,0.05880942532938216,True,,,,,,,,,,,,,,,,
source_identity,mpair_00000731_cond_02_2p,mpair_00000731,eval,2,"LogP,RB",C=CCc1cc(/C=C2\SC(=O)N(C(C)C)C2=O)c(OC)cc1OC1CCCCO1,C=CCc1cc(/C=C2\SC(=O)N(CC=C(C)C)C2=O)c(OC)cc1OC1CCCCO1,C=CCc1cc(/C=C2\SC(=O)N(C(C)C)C2=O)c(OC)cc1OC1CCCCO1,O=C1NC(=O)/C(=C/c2ccc(OC3CCCCO3)cc2)S1,O=C1NC(=O)/C(=C/c2ccc(OC3CCCCO3)cc2)S1,True,True,True,,1.0,0.7183098591549296,,,,,5.331600000000005,4.773800000000004,0.5578000000000012,True,,,,,,,,,,,,,,,,,8.0,7.0,1.0,True
source_identity,mpair_00000734_cond_02_2p,mpair_00000734,eval,2,"MW,QED",C=CCc1cc(/C=C2\SC(=O)N(CCCC)C2=O)c(OC)cc1OC1CCCCO1,C=CCc1cc(/C=C2\SC(=O)N(C)C2=O)c(OC)cc1OC1CCCCO1,C=CCc1cc(/C=C2\SC(=O)N(CCCC)C2=O)c(OC)cc1OC1CCCCO1,O=C1NC(=O)/C(=C/c2ccc(OC3CCCCO3)cc2)S1,O=C1NC(=O)/C(=C/c2ccc(OC3CCCCO3)cc2)S1,True,False,False,,1.0,0.7878787878787878,389.4730000000002,431.55400000000026,42.081000000000074,False,,,,,0.5413211960634129,0.39718598618589046,0.14413520987752243,False,,,,,,,,,,,,,,,,
source_identity,mpair_00000737_cond_00_2p,mpair_00000737,eval,2,"QED,HBD",C=CCc1cc(/C=C2\SC(=O)NC2=O)c(OC)cc1OC1CCCCO1,C=CCc1cc(/C=C2\SC(=O)N(C)C2=O)c(OC)cc1OC1CCCCO1,C=CCc1cc(/C=C2\SC(=O)NC2=O)c(OC)cc1OC1CCCCO1,O=C1NC(=O)/C(=C/c2ccc(OC3CCCCO3)cc2)S1,O=C1NC(=O)/C(=C/c2ccc(OC3CCCCO3)cc2)S1,True,True,True,,1.0,0.71875,,,,,,,,,0.5413211960634129,0.6042673504148035,0.06294615435139062,True,,,,,0.0,1.0,1.0,True,,,,,,,,
source_identity,mpair_00000738_cond_02_2p,mpair_00000738,eval,2,"LogP,QED",C=CCc1cc(/C=C2\SC(=O)N(C(C)C)C2=O)c(OC)cc1OC1CCCCO1,C=CCc1cc(/C=C2\SC(=O)N(C)C2=O)c(OC)cc1OC1CCCCO1,C=CCc1cc(/C=C2\SC(=O)N(C(C)C)C2=O)c(OC)cc1OC1CCCCO1,O=C1NC(=O)/C(=C/c2ccc(OC3CCCCO3)cc2)S1,O=C1NC(=O)/C(=C/c2ccc(OC3CCCCO3)cc2)S1,True,True,True,,1.0,0.796875,,,,,3.9952000000000023,4.773800000000004,0.7786000000000017,True,0.5413211960634129,0.4701504427149941,0.07117075334841877,True,,,,,,,,,,,,,,,,
source_identity,mpair_00000743_cond_01_2p,mpair_00000743,eval,2,"LogP,RB",C=CCc1cc(/C=C2\SC(=O)N(CC=C)C2=O)c(OC)cc1OC1CCCCO1,C=CCc1cc(/C=C2\SC(=O)N(C)C2=O)c(OC)cc1OC1CCCCO1,C=CCc1cc(/C=C2\SC(=O)N(CC=C)C2=O)c(OC)cc1OC1CCCCO1,O=C1NC(=O)/C(=C/c2ccc(OC3CCCCO3)cc2)S1,O=C1NC(=O)/C(=C/c2ccc(OC3CCCCO3)cc2)S1,True,False,False,,1.0,0.8095238095238095,,,,,3.9952000000000023,4.551400000000004,0.5562000000000014,True,,,,,,,,,,,,,,,,,6.0,8.0,2.0,False
source_identity,mpair_00000745_cond_01_2p,mpair_00000745,eval,2,"QED,HBD",C=CCc1cc(/C=C2\SC(=O)N(C)C2=O)c(OC)cc1OC1CCCCO1,C=CCc1cc(/C=C2\SC(=O)NC2=O)c(OC)cc1OC1CCCCO1,C=CCc1cc(/C=C2\SC(=O)N(C)C2=O)c(OC)cc1OC1CCCCO1,O=C1NC(=O)/C(=C/c2ccc(OC3CCCCO3)cc2)S1,O=C1NC(=O)/C(=C/c2ccc(OC3CCCCO3)cc2)S1,True,True,True,,1.0,0.71875,,,,,,,,,0.6042673504148035,0.5413211960634129,0.06294615435139062,True,,,,,1.0,0.0,1.0,True,,,,,,,,
source_identity,mpair_00000751_cond_00_2p,mpair_00000751,eval,2,"LogP,RB",O=C1CCC[C@H]2OC[C@@H](Cc3c[nH]c4ccccc34)N12,CC[C@H]1CCC(=O)N2[C@H](Cc3c[nH]c4ccccc34)CO[C@H]12,O=C1CCC[C@H]2OC[C@@H](Cc3c[nH]c4ccccc34)N12,O=C1CCC[C@H]2OC[C@@H](Cc3c[nH]c4ccccc34)N12,O=C1CCC[C@H]2OC[C@@H](Cc3c[nH]c4ccccc34)N12,True,True,True,,1.0,0.6607142857142857,,,,,3.0839000000000016,2.447800000000001,0.6361000000000008,True,,,,,,,,,,,,,,,,,3.0,2.0,1.0,True
source_identity,mpair_00000752_cond_02_2p,mpair_00000752,eval,2,"QED,TPSA",CC[C@H]1CCC(=O)N2[C@H](Cc3c[nH]c4ccccc34)CO[C@H]12,COC(=O)C[C@@H]1CC(=O)N2[C@H](Cc3c[nH]c4ccccc34)CO[C@@H]2C1,CC[C@H]1CCC(=O)N2[C@H](Cc3c[nH]c4ccccc34)CO[C@H]12,O=C1CCC[C@H]2OC[C@@H](Cc3c[nH]c4ccccc34)N12,O=C1CCC[C@H]2OC[C@@H](Cc3c[nH]c4ccccc34)N12,True,False,False,,1.0,0.5072463768115942,,,,,,,,,0.8651865286551231,0.9461815070706311,0.08099497841550796,True,71.63000000000001,45.33,26.30000000000001,False,,,,,,,,,,,,
source_identity,mpair_00000756_cond_00_2p,mpair_00000756,eval,2,"LogP,QED",Clc1cccc(-c2cncc(O[C@@H]3CCNC3)c2)c1,Clc1cccc(-c2cc(O[C@@H]3CCNC3)cnc2Cl)c1,Clc1cccc(-c2cncc(O[C@@H]3CCNC3)c2)c1,c1ccc(-c2cncc(O[C@@H]3CCNC3)c2)cc1,c1ccc(-c2cncc(O[C@@H]3CCNC3)c2)cc1,True,True,True,,1.0,0.68,,,,,3.796100000000002,3.1427000000000014,0.6534000000000004,True,0.8758671086324237,0.9336391660075258,0.05777205737510216,True,,,,,,,,,,,,,,,,
source_identity,mpair_00000758_cond_00_2p,mpair_00000758,eval,2,"HBA,RB",Clc1cccc(-c2cncc(O[C@@H]3CCNC3)c2)c1,COc1cccc(-c2cncc(O[C@@H]3CCNC3)c2)c1,Clc1cccc(-c2cncc(O[C@@H]3CCNC3)c2)c1,c1ccc(-c2cncc(O[C@@H]3CCNC3)c2)cc1,c1ccc(-c2cncc(O[C@@H]3CCNC3)c2)cc1,True,True,True,,1.0,0.7446808510638298,,,,,,,,,,,,,,,,,,,,,4.0,3.0,1.0,True,4.0,3.0,1.0,True
source_identity,mpair_00000760_cond_00_2p,mpair_00000760,eval,2,"MW,LogP",Clc1cccc(-c2cc(O[C@@H]3CCNC3)cnc2Cl)c1,c1ccc(-c2cncc(O[C@@H]3CCNC3)c2)cc1,Clc1cccc(-c2cc(O[C@@H]3CCNC3)cnc2Cl)c1,c1ccc(-c2cncc(O[C@@H]3CCNC3)c2)cc1,c1ccc(-c2cncc(O[C@@H]3CCNC3)c2)cc1,True,False,False,,1.0,0.5192307692307693,240.30599999999998,309.196,68.89000000000004,False,2.4893,3.796100000000002,1.3068000000000017,False,,,,,,,,,,,,,,,,,,,,
source_identity,mpair_00000761_cond_02_2p,mpair_00000761,eval,2,"HBA,RB",c1ccc(-c2cncc(O[C@@H]3CCNC3)c2)cc1,COc1cccc(-c2cncc(O[C@@H]3CCNC3)c2)c1,c1ccc(-c2cncc(O[C@@H]3CCNC3)c2)cc1,c1ccc(-c2cncc(O[C@@H]3CCNC3)c2)cc1,c1ccc(-c2cncc(O[C@@H]3CCNC3)c2)cc1,True,True,True,,1.0,0.75,,,,,,,,,,,,,,,,,,,,,4.0,3.0,1.0,True,4.0,3.0,1.0,True
source_identity,mpair_00000764_cond_01_2p,mpair_00000764,eval,2,"LogP,QED",Clc1cccc(-c2cc(O[C@@H]3CCNC3)cnc2Cl)c1,Clc1cccc(-c2cncc(O[C@@H]3CCNC3)c2)c1,Clc1cccc(-c2cc(O[C@@H]3CCNC3)cnc2Cl)c1,c1ccc(-c2cncc(O[C@@H]3CCNC3)c2)cc1,c1ccc(-c2cncc(O[C@@H]3CCNC3)c2)cc1,True,True,True,,1.0,0.68,,,,,3.1427000000000014,3.796100000000002,0.6534000000000004,True,0.9336391660075258,0.8758671086324237,0.05777205737510216,True,,,,,,,,,,,,,,,,
source_identity,mpair_00001114_cond_02_2p,mpair_00001114,eval,2,"QED,HBD",COc1ccc(N2CCN(CCC3NC(=O)c4ccccc43)CC2)cc1,COc1ccc(N2CCN(CCC3c4ccccc4C(=O)N3C)CC2)cc1,COc1ccc(N2CCN(CCC3NC(=O)c4ccccc43)CC2)cc1,O=C1NC(CCN2CCN(c3ccccc3)CC2)c2ccccc21,O=C1NC(CCN2CCN(c3ccccc3)CC2)c2ccccc21,True,True,True,,1.0,0.6545454545454545,,,,,,,,,0.8160326048332845,0.8996022198661571,0.08356961503287252,True,,,,,0.0,1.0,1.0,True,,,,,,,,
source_identity,mpair_00001118_cond_02_2p,mpair_00001118,eval,2,"HBD,RB",Cc1ccc(N2CCN(CCC3NC(=O)c4ccccc43)CC2)cc1C,COc1ccc(N2CCN(CCC3c4ccccc4C(=O)N3C)CC2)cc1,Cc1ccc(N2CCN(CCC3NC(=O)c4ccccc43)CC2)cc1C,O=C1NC(CCN2CCN(c3ccccc3)CC2)c2ccccc21,O=C1NC(CCN2CCN(c3ccccc3)CC2)c2ccccc21,True,True,True,,1.0,0.4444444444444444,,,,,,,,,,,,,,,,,0.0,1.0,1.0,True,,,,,5.0,4.0,1.0,True
source_identity,mpair_00001120_cond_01_2p,mpair_00001120,eval,2,"QED,HBD",CN1C(=O)c2ccccc2C1CCN1CCN(c2ccc(Cl)cc2)CC1,Cc1ccc(N2CCN(CCC3NC(=O)c4ccccc43)CC2)cc1C,CN1C(=O)c2ccccc2C1CCN1CCN(c2ccc(Cl)cc2)CC1,O=C1NC(CCN2CCN(c3ccccc3)CC2)c2ccccc21,O=C1NC(CCN2CCN(c3ccccc3)CC2)c2ccccc21,True,True,True,,1.0,0.45901639344262296,,,,,,,,,0.9198864151307602,0.8221231339252668,0.09776328120549338,True,,,,,1.0,0.0,1.0,True,,,,,,,,
source_identity,mpair_00001122_cond_00_2p,mpair_00001122,eval,2,"QED,HBD",COc1ccc(N2CCN(CCC3c4ccccc4C(=O)N3C)CC2)cc1,COc1ccc(N2CCN(CCC3NC(=O)c4ccccc43)CC2)cc1,COc1ccc(N2CCN(CCC3c4ccccc4C(=O)N3C)CC2)cc1,O=C1NC(CCN2CCN(c3ccccc3)CC2)c2ccccc21,O=C1NC(CCN2CCN(c3ccccc3)CC2)c2ccccc21,True,True,True,,1.0,0.6545454545454545,,,,,,,,,0.8996022198661571,0.8160326048332845,0.08356961503287252,True,,,,,1.0,0.0,1.0,True,,,,,,,,
source_identity,mpair_00001124_cond_02_2p,mpair_00001124,eval,2,"LogP,RB",COc1ccc(N2CCN(CCC3NC(=O)c4ccccc43)CC2)cc1,Cc1ccc(N2CCN(CCC3NC(=O)c4ccccc43)CC2)cc1C,COc1ccc(N2CCN(CCC3NC(=O)c4ccccc43)CC2)cc1,O=C1NC(CCN2CCN(c3ccccc3)CC2)c2ccccc21,O=C1NC(CCN2CCN(c3ccccc3)CC2)c2ccccc21,True,True,True,,1.0,0.7037037037037037,,,,,3.3002400000000023,2.692000000000001,0.6082400000000012,True,,,,,,,,,,,,,,,,,4.0,5.0,1.0,True
source_identity,mpair_00001128_cond_01_2p,mpair_00001128,eval,2,"LogP,HBA",CN1C(=O)c2ccccc2C1CCN1CCN(c2ccc(Cl)cc2)CC1,COc1ccc(N2CCN(CCC3c4ccccc4C(=O)N3C)CC2)cc1,CN1C(=O)c2ccccc2C1CCN1CCN(c2ccc(Cl)cc2)CC1,O=C1NC(CCN2CCN(c3ccccc3)CC2)c2ccccc21,O=C1NC(CCN2CCN(c3ccccc3)CC2)c2ccccc21,True,True,True,,1.0,0.76,,,,,3.034200000000002,3.679000000000003,0.6448000000000009,True,,,,,,,,,,,,,4.0,3.0,1.0,True,,,,
source_identity,mpair_00001130_cond_00_2p,mpair_00001130,eval,2,"HBA,RB",COc1ccc(N2CCN(CCC3c4ccccc4C(=O)N3C)CC2)cc1,CN1C(=O)c2ccccc2C1CCN1CCN(c2ccc(Cl)cc2)CC1,COc1ccc(N2CCN(CCC3c4ccccc4C(=O)N3C)CC2)cc1,O=C1NC(CCN2CCN(c3ccccc3)CC2)c2ccccc21,O=C1NC(CCN2CCN(c3ccccc3)CC2)c2ccccc21,True,True,True,,1.0,0.76,,,,,,,,,,,,,,,,,,,,,3.0,4.0,1.0,True,4.0,5.0,1.0,True
source_identity,mpair_00001134_cond_00_2p,mpair_00001134,eval,2,"MW,LogP",FC(F)(F)c1cccc(N2CCN(c3nc4ccsc4n4cccc34)CC2)c1,Fc1ccc(N2CCN(c3nc4ccsc4n4cccc34)CC2)cc1,FC(F)(F)c1cccc(N2CCN(c3nc4ccsc4n4cccc34)CC2)c1,c1ccc(N2CCN(c3nc4ccsc4n4cccc34)CC2)cc1,c1ccc(N2CCN(c3nc4ccsc4n4cccc34)CC2)cc1,True,False,False,,1.0,0.6666666666666666,352.43800000000016,402.4450000000001,50.00699999999995,False,4.014700000000003,4.894400000000004,0.8797000000000006,True,,,,,,,,,,,,,,,,,,,,
source_identity,mpair_00001616_cond_01_2p,mpair_00001616,eval,2,"QED,TPSA",CC1CC(C)(C)Nc2ccc3c(c21)COc1c-3cc(F)cc1[N+](=O)[O-],CC1CC(C)(C)Nc2ccc3c(c21)COc1c(F)cc(F)cc1-3,CC1CC(C)(C)Nc2ccc3c(c21)COc1c-3cc(F)cc1[N+](=O)[O-],c1ccc2c(c1)OCc1c-2ccc2c1CCCN2,c1ccc2c(c1)OCc1c-2ccc2c1CCCN2,True,False,False,,1.0,0.7321428571428571,,,,,,,,,0.719238819171056,0.5855235809891088,0.1337152381819472,False,21.259999999999998,64.39999999999999,43.13999999999999,False,,,,,,,,,,,,
source_identity,mpair_00001633_cond_02_2p,mpair_00001633,eval,2,"MW,QED",C=CCC1(C(C)C#CCC)C(=O)NC(=O)N(C)C1=O,C=C(Br)CC1(C(C)C)C(=O)NC(=O)N(C)C1=O,C=CCC1(C(C)C#CCC)C(=O)NC(=O)N(C)C1=O,O=C1CC(=O)NC(=O)N1,O=C1CC(=O)NC(=O)N1,True,False,False,,1.0,0.42857142857142855,303.15600000000006,262.30899999999997,40.847000000000094,False,,,,,0.8059749860896003,0.47348972477403223,0.33248526131556805,False,,,,,,,,,,,,,,,,
source_identity,mpair_00002258_cond_01_2p,mpair_00002258,eval,2,"LogP,QED",Cc1cccc(C)c1NC(=O)c1c(C)n(-c2c(C)cccc2C)c(C)cc1=O,Cc1ccccc1NC(=O)c1c(C)n(-c2ccccc2C)c(C)cc1=O,Cc1cccc(C)c1NC(=O)c1c(C)n(-c2c(C)cccc2C)c(C)cc1=O,O=C(Nc1ccccc1)c1cn(-c2ccccc2)ccc1=O,O=C(Nc1ccccc1)c1cn(-c2ccccc2)ccc1=O,True,True,True,,1.0,0.5833333333333334,,,,,4.3234800000000035,4.940320000000004,0.6168400000000007,True,0.7675628277357767,0.7058233303377046,0.06173949739807205,True,,,,,,,,,,,,,,,,
source_identity,mpair_00002371_cond_00_2p,mpair_00002371,eval,2,"QED,HBD",Cn1cc(C(=O)c2ccc(-n3ccnc3)cc2)cc1/C=C/C(=O)O,CCOC(=O)/C=C/c1cc(C(=O)c2ccc(-n3ccnc3)cc2)cn1C,Cn1cc(C(=O)c2ccc(-n3ccnc3)cc2)cc1/C=C/C(=O)O,O=C(c1ccc(-n2ccnc2)cc1)c1cc[nH]c1,O=C(c1ccc(-n2ccnc2)cc1)c1cc[nH]c1,True,False,False,,1.0,0.7454545454545455,,,,,,,,,0.3897342663180413,0.5785260949639057,0.1887918286458644,False,,,,,0.0,1.0,1.0,True,,,,,,,,
source_identity,mpair_00002373_cond_00_2p,mpair_00002373,eval,2,"HBA,RB",CCCCCNC(=O)Nc1c(C)cccc1SCCCn1cnc(-c2ccccc2)c1C,CCCCCNC(=O)Nc1c(SCCCn2cnc(-c3ccccc3)c2C)cccc1N(C)C,CCCCCNC(=O)Nc1c(C)cccc1SCCCn1cnc(-c2ccccc2)c1C,c1ccc(SCCCn2cnc(-c3ccccc3)c2)cc1,c1ccc(SCCCn2cnc(-c3ccccc3)c2)cc1,True,True,True,,1.0,0.8208955223880597,,,,,,,,,,,,,,,,,,,,,5.0,4.0,1.0,True,12.0,11.0,1.0,True
source_identity,mpair_00002462_cond_01_2p,mpair_00002462,eval,2,"QED,HBA",COc1cc(NC(=O)c2cc(OCCCN(C)C)nn2Cc2ccccc2)cc(OC)c1OC,COc1ccc(NC(=O)c2cc(OCCCN(C)C)nn2Cc2ccccc2)cc1,COc1cc(NC(=O)c2cc(OCCCN(C)C)nn2Cc2ccccc2)cc(OC)c1OC,O=C(Nc1ccccc1)c1ccnn1Cc1ccccc1,O=C(Nc1ccccc1)c1ccnn1Cc1ccccc1,True,False,False,,1.0,0.7741935483870968,,,,,,,,,0.5200250404910086,0.4069700768443977,0.11305496364661094,False,,,,,,,,,6.0,8.0,2.0,False,,,,
source_identity,mpair_00002466_cond_02_2p,mpair_00002466,eval,2,"HBA,RB",CN(C)CCCOc1cc(C(=O)Nc2ccc(Cl)cc2F)n(Cc2ccccc2)n1,CN(C)CCCOc1cc(C(=O)Nc2ccc(OC(F)(F)F)cc2)n(Cc2ccccc2)n1,CN(C)CCCOc1cc(C(=O)Nc2ccc(Cl)cc2F)n(Cc2ccccc2)n1,O=C(Nc1ccccc1)c1ccnn1Cc1ccccc1,O=C(Nc1ccccc1)c1ccnn1Cc1ccccc1,True,True,True,,1.0,0.6428571428571429,,,,,,,,,,,,,,,,,,,,,6.0,5.0,1.0,True,10.0,9.0,1.0,True
source_identity,mpair_00002472_cond_00_2p,mpair_00002472,eval,2,"QED,RB",COc1ccc(NC(=O)c2cc(OCCCN(C)C)nn2Cc2ccccc2)cc1,CN(C)CCCOc1cc(C(=O)Nc2cc(F)cc(C(F)(F)F)c2)n(Cc2ccccc2)n1,COc1ccc(NC(=O)c2cc(OCCCN(C)C)nn2Cc2ccccc2)cc1,O=C(Nc1ccccc1)c1ccnn1Cc1ccccc1,O=C(Nc1ccccc1)c1ccnn1Cc1ccccc1,True,False,False,,1.0,0.6764705882352942,,,,,,,,,0.369385517709234,0.5200250404910086,0.15063952278177462,False,,,,,,,,,,,,,9.0,10.0,1.0,True
source_identity,mpair_00002475_cond_02_2p,mpair_00002475,eval,2,"LogP,TPSA",CN(C)CCCOc1cc(C(=O)Nc2ccc(OC(F)(F)F)cc2)n(Cc2ccccc2)n1,COc1cc(NC(=O)c2cc(OCCCN(C)C)nn2Cc2ccccc2)cc(OC)c1OC,CN(C)CCCOc1cc(C(=O)Nc2ccc(OC(F)(F)F)cc2)n(Cc2ccccc2)n1,O=C(Nc1ccccc1)c1ccnn1Cc1ccccc1,O=C(Nc1ccccc1)c1ccnn1Cc1ccccc1,True,True,True,,1.0,0.6764705882352942,,,,,3.5400000000000027,4.412800000000003,0.8728000000000007,True,,,,,87.08000000000001,68.62,18.460000000000008,True,,,,,,,,,,,,
source_identity,mpair_00002480_cond_01_2p,mpair_00002480,eval,2,"MW,QED",CN(C)CCCOc1cc(C(=O)Nc2cc(F)cc(C(F)(F)F)c2)n(Cc2ccccc2)n1,CN(C)CCCOc1cc(C(=O)Nc2cccc(Cl)c2)n(Cc2ccccc2)n1,CN(C)CCCOc1cc(C(=O)Nc2cc(F)cc(C(F)(F)F)c2)n(Cc2ccccc2)n1,O=C(Nc1ccccc1)c1ccnn1Cc1ccccc1,O=C(Nc1ccccc1)c1ccnn1Cc1ccccc1,True,False,False,,1.0,0.6764705882352942,412.9210000000001,464.4630000000001,51.54199999999997,False,,,,,0.5357556879239462,0.369385517709234,0.16637017021471223,False,,,,,,,,,,,,,,,,
source_identity,mpair_00002483_cond_01_2p,mpair_00002483,eval,2,"LogP,HBA",COc1cc(NC(=O)c2cc(OCCCN(C)C)nn2Cc2ccccc2)cc(OC)c1OC,CN(C)CCCOc1cc(C(=O)Nc2ccc(OC(F)(F)F)cc2)n(Cc2ccccc2)n1,COc1cc(NC(=O)c2cc(OCCCN(C)C)nn2Cc2ccccc2)cc(OC)c1OC,O=C(Nc1ccccc1)c1ccnn1Cc1ccccc1,O=C(Nc1ccccc1)c1ccnn1Cc1ccccc1,True,False,False,,1.0,0.6764705882352942,,,,,4.412800000000003,3.5400000000000027,0.8728000000000007,True,,,,,,,,,,,,,6.0,8.0,2.0,False,,,,
source_identity,mpair_00002487_cond_00_2p,mpair_00002487,eval,2,"QED,HBA",CN(C)CCCOc1cc(C(=O)Nc2ccc(OC(F)(F)F)cc2)n(Cc2ccccc2)n1,CN(C)CCCOc1cc(C(=O)Nc2cc(F)cc(C(F)(F)F)c2)n(Cc2ccccc2)n1,CN(C)CCCOc1cc(C(=O)Nc2ccc(OC(F)(F)F)cc2)n(Cc2ccccc2)n1,O=C(Nc1ccccc1)c1ccnn1Cc1ccccc1,O=C(Nc1ccccc1)c1ccnn1Cc1ccccc1,True,True,True,,1.0,0.7101449275362319,,,,,,,,,0.369385517709234,0.4522382232340766,0.08285270552484258,True,,,,,,,,,5.0,6.0,1.0,True,,,,
source_identity,mpair_00002490_cond_02_2p,mpair_00002490,eval,2,"LogP,HBA",CCOC(=O)c1cc(C(C)O)cn1S(=O)(=O)c1cc(Cl)ccc1N,C=Cc1cc(C(=O)OCC)n(S(=O)(=O)c2cc(Cl)ccc2N)c1,CCOC(=O)c1cc(C(C)O)cn1S(=O)(=O)c1cc(Cl)ccc1N,O=S(=O)(c1ccccc1)n1cccc1,O=S(=O)(c1ccccc1)n1cccc1,True,True,True,,1.0,0.7192982456140351,,,,,2.7804,2.1907,0.5897000000000001,True,,,,,,,,,,,,,6.0,7.0,1.0,True,,,,
source_identity,mpair_00002494_cond_02_2p,mpair_00002494,eval,2,"MW,LogP",O=C1C(Nc2ccccc2)=C(Cl)C(=O)c2ncncc21,O=C1C(Nc2cccc(Br)c2)=C(Cl)C(=O)c2ncncc21,O=C1C(Nc2ccccc2)=C(Cl)C(=O)c2ncncc21,O=C1C(Nc2ccccc2)=CC(=O)c2ncncc21,O=C1C(Nc2ccccc2)=CC(=O)c2ncncc21,True,False,False,,1.0,0.7272727272727273,364.58600000000007,285.69,78.89600000000007,False,3.180600000000001,2.4181,0.7625000000000011,True,,,,,,,,,,,,,,,,,,,,
source_identity,mpair_00002496_cond_01_2p,mpair_00002496,eval,2,"MW,LogP",O=C1C(Nc2ccccc2)=C(Cl)C(=O)c2ncncc21,O=C1C(Nc2ccc(Br)cc2)=C(Cl)C(=O)c2ncncc21,O=C1C(Nc2ccccc2)=C(Cl)C(=O)c2ncncc21,O=C1C(Nc2ccccc2)=CC(=O)c2ncncc21,O=C1C(Nc2ccccc2)=CC(=O)c2ncncc21,True,False,False,,1.0,0.7560975609756098,364.58600000000007,285.69,78.89600000000007,False,3.180600000000001,2.4181,0.7625000000000011,True,,,,,,,,,,,,,,,,,,,,
source_identity,mpair_00002499_cond_00_2p,mpair_00002499,eval,2,"MW,LogP",O=C1C(Nc2cccc(Br)c2)=C(Cl)C(=O)c2ncncc21,O=C1C(Nc2ccccc2)=C(Cl)C(=O)c2ncncc21,O=C1C(Nc2cccc(Br)c2)=C(Cl)C(=O)c2ncncc21,O=C1C(Nc2ccccc2)=CC(=O)c2ncncc21,O=C1C(Nc2ccccc2)=CC(=O)c2ncncc21,True,False,False,,1.0,0.7272727272727273,285.69,364.58600000000007,78.89600000000007,False,2.4181,3.180600000000001,0.7625000000000011,True,,,,,,,,,,,,,,,,,,,,
source_identity,mpair_00002501_cond_02_2p,mpair_00002501,eval,2,"LogP,RB",CCc1ccc(NC2=C(Cl)C(=O)c3ncncc3C2=O)cc1,O=C1C(Nc2ccccc2)=C(Cl)C(=O)c2ncncc21,CCc1ccc(NC2=C(Cl)C(=O)c3ncncc3C2=O)cc1,O=C1C(Nc2ccccc2)=CC(=O)c2ncncc21,O=C1C(Nc2ccccc2)=CC(=O)c2ncncc21,True,True,True,,1.0,0.7045454545454546,,,,,2.4181,2.980500000000001,0.5624000000000011,True,,,,,,,,,,,,,,,,,2.0,3.0,1.0,True
source_identity,mpair_00002504_cond_02_2p,mpair_00002504,eval,2,"HBA,RB",COc1ccc(C(=O)CN2c3ccccc3C(=O)N(Cc3ccccc3)S2(=O)=O)cc1,Cc1ccc(C(=O)CN2c3ccccc3C(=O)N(Cc3ccccc3)S2(=O)=O)cc1,COc1ccc(C(=O)CN2c3ccccc3C(=O)N(Cc3ccccc3)S2(=O)=O)cc1,O=C(CN1c2ccccc2C(=O)N(Cc2ccccc2)S1(=O)=O)c1ccccc1,O=C(CN1c2ccccc2C(=O)N(Cc2ccccc2)S1(=O)=O)c1ccccc1,True,True,True,,1.0,0.7843137254901961,,,,,,,,,,,,,,,,,,,,,4.0,5.0,1.0,True,5.0,6.0,1.0,True
source_identity,mpair_00002507_cond_01_2p,mpair_00002507,eval,2,"QED,RB",O=C(CN1c2ccccc2C(=O)N(Cc2ccccc2)S1(=O)=O)c1ccccc1,COc1ccc(C(=O)CN2c3ccccc3C(=O)N(Cc3ccccc3)S2(=O)=O)cc1,O=C(CN1c2ccccc2C(=O)N(Cc2ccccc2)S1(=O)=O)c1ccccc1,O=C(CN1c2ccccc2C(=O)N(Cc2ccccc2)S1(=O)=O)c1ccccc1,O=C(CN1c2ccccc2C(=O)N(Cc2ccccc2)S1(=O)=O)c1ccccc1,True,True,True,,1.0,0.7916666666666666,,,,,,,,,0.5539335722556151,0.6096951629926923,0.055761590737077205,True,,,,,,,,,,,,,6.0,5.0,1.0,True
source_identity,mpair_00002516_cond_00_2p,mpair_00002516,eval,2,"LogP,TPSA",CSc1cc(-c2ccc(Cl)cc2)oc(=O)c1Br,CSc1cc(-c2ccc(Br)cc2)oc(=O)c1C#N,CSc1cc(-c2ccc(Cl)cc2)oc(=O)c1Br,O=c1cccc(-c2ccccc2)o1,O=c1cccc(-c2ccccc2)o1,True,False,False,,1.0,0.5333333333333333,,,,,3.662880000000002,4.444600000000001,0.7817199999999991,True,,,,,54.0,30.21,23.79,False,,,,,,,,,,,,
source_identity,mpair_00002520_cond_01_2p,mpair_00002520,eval,2,"QED,TPSA",CSc1cc(-c2ccc(Br)cc2)oc(=O)c1C#N,CCOC(=O)c1c(SC)c(C#N)c(-c2ccc(Br)cc2)oc1=O,CSc1cc(-c2ccc(Br)cc2)oc(=O)c1C#N,O=c1cccc(-c2ccccc2)o1,O=c1cccc(-c2ccccc2)o1,True,False,False,,1.0,0.43103448275862066,,,,,,,,,0.5791804088529054,0.791886779601309,0.2127063707484036,False,80.30000000000001,54.0,26.30000000000001,False,,,,,,,,,,,,
source_identity,mpair_00002530_cond_01_2p,mpair_00002530,eval,2,"MW,LogP",CSc1cc(-c2ccc(Cl)cc2)oc(=O)c1,CSc1cc(-c2ccc(Cl)cc2)oc(=O)c1Br,CSc1cc(-c2ccc(Cl)cc2)oc(=O)c1,O=c1cccc(-c2ccccc2)o1,O=c1cccc(-c2ccccc2)o1,True,False,False,,1.0,0.5365853658536586,331.61799999999994,252.72199999999998,78.89599999999996,False,4.444600000000001,3.682100000000002,0.7624999999999993,True,,,,,,,,,,,,,,,,,,,,
source_identity,mpair_00002538_cond_01_2p,mpair_00002538,eval,2,"MW,LogP",CSc1cc(-c2ccc(Br)cc2)oc(=O)c1Cl,CSc1cc(-c2ccc(Cl)cc2)oc(=O)c1,CSc1cc(-c2ccc(Br)cc2)oc(=O)c1Cl,O=c1cccc(-c2ccccc2)o1,O=c1cccc(-c2ccccc2)o1,True,False,False,,1.0,0.4318181818181818,252.72199999999998,331.61800000000005,78.89600000000007,False,3.682100000000002,4.444600000000002,0.7625000000000002,True,,,,,,,,,,,,,,,,,,,,
source_identity,mpair_00002548_cond_00_2p,mpair_00002548,eval,2,"MW,LogP",CSc1cc(-c2ccc(Cl)cc2)oc(=O)c1,CSc1cc(-c2ccc(Br)cc2)oc(=O)c1Cl,CSc1cc(-c2ccc(Cl)cc2)oc(=O)c1,O=c1cccc(-c2ccccc2)o1,O=c1cccc(-c2ccccc2)o1,True,False,False,,1.0,0.4318181818181818,331.61800000000005,252.72199999999998,78.89600000000007,False,4.444600000000002,3.682100000000002,0.7625000000000002,True,,,,,,,,,,,,,,,,,,,,
source_identity,mpair_00002556_cond_02_2p,mpair_00002556,eval,2,"MW,QED",CN(C(=O)n1nc(-c2ccc(Cl)cc2)nc1SCC(F)(F)F)c1ccccc1,CSc1nc(-c2ccc(Cl)cc2)nn1C(=O)N(C)c1ccccc1,CN(C(=O)n1nc(-c2ccc(Cl)cc2)nc1SCC(F)(F)F)c1ccccc1,O=C(Nc1ccccc1)n1cnc(-c2ccccc2)n1,O=C(Nc1ccccc1)n1cnc(-c2ccccc2)n1,True,False,False,,1.0,0.7222222222222222,358.85400000000004,426.8510000000001,67.99700000000007,False,,,,,0.6499636794176425,0.5270344401044634,0.12292923931317912,False,,,,,,,,,,,,,,,,
source_identity,mpair_00002560_cond_00_2p,mpair_00002560,eval,2,"QED,RB",CSc1nc(-c2ccc(Cl)cc2)nn1C(=O)N(C)c1ccccc1,CSc1nc(-c2ccc(OC(F)(F)F)cc2)nn1C(=O)N(C)c1ccccc1,CSc1nc(-c2ccc(Cl)cc2)nn1C(=O)N(C)c1ccccc1,O=C(Nc1ccccc1)n1cnc(-c2ccccc2)n1,O=C(Nc1ccccc1)n1cnc(-c2ccccc2)n1,True,True,True,,1.0,0.7037037037037037,,,,,,,,,0.5874043626188404,0.6499636794176425,0.06255931679880211,True,,,,,,,,,,,,,4.0,3.0,1.0,True
source_identity,mpair_00002562_cond_02_2p,mpair_00002562,eval,2,"LogP,RB",CSc1nc(-c2ccc(Cl)cc2)nn1C(=O)N(C)c1ccccc1,CN(C(=O)n1nc(-c2ccc(Cl)cc2)nc1SCC(F)(F)F)c1ccccc1,CSc1nc(-c2ccc(Cl)cc2)nn1C(=O)N(C)c1ccccc1,O=C(Nc1ccccc1)n1cnc(-c2ccccc2)n1,O=C(Nc1ccccc1)n1cnc(-c2ccccc2)n1,True,True,True,,1.0,0.7222222222222222,,,,,5.357400000000003,4.424900000000004,0.9324999999999992,True,,,,,,,,,,,,,,,,,4.0,3.0,1.0,True
source_identity,mpair_00002566_cond_00_2p,mpair_00002566,eval,2,"HBD,RB",COc1cc(C(=O)N2CCN(C(=O)c3cc(OC)c(OC)c(OC)c3)C(COC(=O)CC(C)(C)C)C2)cc(OC)c1OC,COc1cc(C(=O)N2CCN(C(=O)c3cc(OC)c(OC)c(OC)c3)C(COC(=O)NCCC(C)C)C2)cc(OC)c1OC,COc1cc(C(=O)N2CCN(C(=O)c3cc(OC)c(OC)c(OC)c3)C(COC(=O)CC(C)(C)C)C2)cc(OC)c1OC,O=C(c1ccccc1)N1CCN(C(=O)c2ccccc2)CC1,O=C(c1ccccc1)N1CCN(C(=O)c2ccccc2)CC1,True,False,False,,1.0,0.6451612903225806,,,,,,,,,,,,,,,,,1.0,0.0,1.0,True,,,,,13.0,11.0,2.0,False
source_identity,mpair_00002567_cond_02_2p,mpair_00002567,eval,2,"HBD,RB",COc1cc(C(=O)N2CCN(C(=O)c3cc(OC)c(OC)c(OC)c3)C(COC(=O)NCCC(C)C)C2)cc(OC)c1OC,CCN(CC)C(=O)OCC1CN(C(=O)c2cc(OC)c(OC)c(OC)c2)CCN1C(=O)c1cc(OC)c(OC)c(OC)c1,COc1cc(C(=O)N2CCN(C(=O)c3cc(OC)c(OC)c(OC)c3)C(COC(=O)NCCC(C)C)C2)cc(OC)c1OC,O=C(c1ccccc1)N1CCN(C(=O)c2ccccc2)CC1,O=C(c1ccccc1)N1CCN(C(=O)c2ccccc2)CC1,True,True,True,,1.0,0.6451612903225806,,,,,,,,,,,,,,,,,0.0,1.0,1.0,True,,,,,12.0,13.0,1.0,True
source_identity,mpair_00002571_cond_02_2p,mpair_00002571,eval,2,"HBD,RB",CCN(CC)C(=O)OCC1CN(C(=O)c2cc(OC)c(OC)c(OC)c2)CCN1C(=O)c1cc(OC)c(OC)c(OC)c1,COc1cc(C(=O)N2CCN(C(=O)c3cc(OC)c(OC)c(OC)c3)C(COC(=O)NCCC(C)C)C2)cc(OC)c1OC,CCN(CC)C(=O)OCC1CN(C(=O)c2cc(OC)c(OC)c(OC)c2)CCN1C(=O)c1cc(OC)c(OC)c(OC)c1,O=C(c1ccccc1)N1CCN(C(=O)c2ccccc2)CC1,O=C(c1ccccc1)N1CCN(C(=O)c2ccccc2)CC1,True,True,True,,1.0,0.6451612903225806,,,,,,,,,,,,,,,,,1.0,0.0,1.0,True,,,,,13.0,12.0,1.0,True
source_identity,mpair_00002574_cond_02_2p,mpair_00002574,eval,2,"LogP,RB",COc1cc(C(=O)N2CCN(C(=O)c3cc(OC)c(OC)c(OC)c3)C(COC(=O)CC(C)(C)C)C2)cc(OC)c1OC,CCN(CC)C(=O)OCC1CN(C(=O)c2cc(OC)c(OC)c(OC)c2)CCN1C(=O)c1cc(OC)c(OC)c(OC)c1,COc1cc(C(=O)N2CCN(C(=O)c3cc(OC)c(OC)c(OC)c3)C(COC(=O)CC(C)(C)C)C2)cc(OC)c1OC,O=C(c1ccccc1)N1CCN(C(=O)c2ccccc2)CC1,O=C(c1ccccc1)N1CCN(C(=O)c2ccccc2)CC1,True,True,True,,1.0,0.6896551724137931,,,,,3.1834000000000024,3.684400000000003,0.5010000000000003,True,,,,,,,,,,,,,,,,,12.0,11.0,1.0,True
source_identity,mpair_00002577_cond_01_2p,mpair_00002577,eval,2,"HBD,RB",COc1cc(C(=O)N2CCN(C(=O)c3cc(OC)c(OC)c(OC)c3)C(COC(=O)NCCC(C)C)C2)cc(OC)c1OC,COc1cc(C(=O)N2CCN(C(=O)c3cc(OC)c(OC)c(OC)c3)C(COC(=O)CC(C)(C)C)C2)cc(OC)c1OC,COc1cc(C(=O)N2CCN(C(=O)c3cc(OC)c(OC)c(OC)c3)C(COC(=O)NCCC(C)C)C2)cc(OC)c1OC,O=C(c1ccccc1)N1CCN(C(=O)c2ccccc2)CC1,O=C(c1ccccc1)N1CCN(C(=O)c2ccccc2)CC1,True,False,False,,1.0,0.6451612903225806,,,,,,,,,,,,,,,,,0.0,1.0,1.0,True,,,,,11.0,13.0,2.0,False
source_identity,mpair_00002582_cond_02_2p,mpair_00002582,eval,2,"MW,LogP",COc1cc(C(=O)N2CCN(C(=O)c3cc(OC)c(OC)c(OC)c3)C(COC(C)=O)C2)cc(OC)c1OC,CCN(CC)C(=O)OCC1CN(C(=O)c2cc(OC)c(OC)c(OC)c2)CCN1C(=O)c1cc(OC)c(OC)c(OC)c1,COc1cc(C(=O)N2CCN(C(=O)c3cc(OC)c(OC)c(OC)c3)C(COC(C)=O)C2)cc(OC)c1OC,O=C(c1ccccc1)N1CCN(C(=O)c2ccccc2)CC1,O=C(c1ccccc1)N1CCN(C(=O)c2ccccc2)CC1,True,False,False,,1.0,0.7547169811320755,603.6690000000003,546.5730000000003,57.096000000000004,False,3.1834000000000024,2.2681000000000004,0.915300000000002,True,,,,,,,,,,,,,,,,,,,,
source_identity,mpair_00002589_cond_02_2p,mpair_00002589,eval,2,"MW,QED",COc1cc(C(=O)N2CCN(C(=O)c3cc(OC)c(OC)c(OC)c3)C(CO)C2)cc(OC)c1OC,CCN(CC)C(=O)OCC1CN(C(=O)c2cc(OC)c(OC)c(OC)c2)CCN1C(=O)c1cc(OC)c(OC)c(OC)c1,COc1cc(C(=O)N2CCN(C(=O)c3cc(OC)c(OC)c(OC)c3)C(CO)C2)cc(OC)c1OC,O=C(c1ccccc1)N1CCN(C(=O)c2ccccc2)CC1,O=C(c1ccccc1)N1CCN(C(=O)c2ccccc2)CC1,True,False,False,,1.0,0.6792452830188679,603.6690000000003,504.53600000000034,99.13299999999998,False,,,,,0.3571777118480848,0.544633228323374,0.18745551647528924,False,,,,,,,,,,,,,,,,
source_identity,mpair_00002598_cond_01_2p,mpair_00002598,eval,2,"TPSA,HBA",COc1ccc(C(=O)Nc2c(Cl)cncc2Cl)c2ccc(C(C)=O)nc12,COc1ccc(C(=O)Nc2c(F)cncc2F)c2ccc(C(F)(F)F)nc12,COc1ccc(C(=O)Nc2c(Cl)cncc2Cl)c2ccc(C(C)=O)nc12,O=C(Nc1ccncc1)c1cccc2ncccc12,O=C(Nc1ccncc1)c1cccc2ncccc12,True,True,True,,1.0,0.55,,,,,,,,,,,,,64.11,81.17999999999999,17.069999999999993,True,,,,,4.0,5.0,1.0,True,,,,
source_identity,mpair_00002600_cond_00_2p,mpair_00002600,eval,2,"LogP,RB",COc1ccc(C(=O)Nc2ccncc2Cl)c2cccnc12,CCc1ccc2c(C(=O)Nc3c(Cl)cncc3Cl)ccc(OC)c2n1,COc1ccc(C(=O)Nc2ccncc2Cl)c2cccnc12,O=C(Nc1ccncc1)c1cccc2ncccc12,O=C(Nc1ccncc1)c1cccc2ncccc12,True,False,False,,1.0,0.5,,,,,4.759900000000003,3.544100000000002,1.2158000000000007,False,,,,,,,,,,,,,,,,,4.0,3.0,1.0,True
source_identity,mpair_00002603_cond_02_2p,mpair_00002603,eval,2,"TPSA,HBA",COc1ccc(C(=O)Nc2c(Cl)cncc2Cl)c2ccc(C(C)O)nc12,CCc1ccc2c(C(=O)Nc3c(Cl)cncc3Cl)ccc(OC)c2n1,COc1ccc(C(=O)Nc2c(Cl)cncc2Cl)c2ccc(C(C)O)nc12,O=C(Nc1ccncc1)c1cccc2ncccc12,O=C(Nc1ccncc1)c1cccc2ncccc12,True,False,False,,1.0,0.6964285714285714,,,,,,,,,,,,,64.11,84.34,20.230000000000004,False,,,,,4.0,5.0,1.0,True,,,,
source_identity,mpair_00002608_cond_01_2p,mpair_00002608,eval,2,"MW,QED",COc1ccc(C(=O)Nc2ccncc2Cl)c2cccnc12,COc1ccc(C(=O)Nc2c(F)cncc2F)c2ccc(C(F)(F)F)nc12,COc1ccc(C(=O)Nc2ccncc2Cl)c2cccnc12,O=C(Nc1ccncc1)c1cccc2ncccc12,O=C(Nc1ccncc1)c1cccc2ncccc12,True,False,False,,1.0,0.4090909090909091,383.276,313.744,69.53199999999998,False,,,,,0.6893032571109005,0.8029165077767629,0.11361325066586248,False,,,,,,,,,,,,,,,,
source_identity,mpair_00002612_cond_00_2p,mpair_00002612,eval,2,"LogP,RB",CCc1ccc2c(C(=O)Nc3c(Cl)cncc3Cl)ccc(OC)c2n1,COc1ccc(C(=O)Nc2c(F)cncc2F)c2ccc(C(F)(F)F)nc12,CCc1ccc2c(C(=O)Nc3c(Cl)cncc3Cl)ccc(OC)c2n1,O=C(Nc1ccncc1)c1cccc2ncccc12,O=C(Nc1ccncc1)c1cccc2ncccc12,True,True,True,,1.0,0.5409836065573771,,,,,4.187700000000001,4.759900000000003,0.5722000000000014,True,,,,,,,,,,,,,,,,,3.0,4.0,1.0,True
source_identity,mpair_00002615_cond_01_2p,mpair_00002615,eval,2,"MW,QED",COc1ccc(C(=O)Nc2c(F)cncc2F)c2ccc(C(F)(F)F)nc12,COc1ccc(C(=O)Nc2c(Cl)cncc2Cl)c2cccnc12,COc1ccc(C(=O)Nc2c(F)cncc2F)c2ccc(C(F)(F)F)nc12,O=C(Nc1ccncc1)c1cccc2ncccc12,O=C(Nc1ccncc1)c1cccc2ncccc12,True,False,False,,1.0,0.4918032786885246,348.1890000000001,383.276,35.08699999999993,False,,,,,0.7706046174674384,0.6893032571109005,0.0813013603565379,True,,,,,,,,,,,,,,,,
source_identity,mpair_00002620_cond_00_2p,mpair_00002620,eval,2,"QED,RB",CCc1ccc2c(C(=O)Nc3c(Cl)cncc3Cl)ccc(OC)c2n1,COc1ccc(C(=O)Nc2c(Cl)cncc2Cl)c2cccnc12,CCc1ccc2c(C(=O)Nc3c(Cl)cncc3Cl)ccc(OC)c2n1,O=C(Nc1ccncc1)c1cccc2ncccc12,O=C(Nc1ccncc1)c1cccc2ncccc12,True,True,True,,1.0,0.6545454545454545,,,,,,,,,0.7706046174674384,0.7131894410136064,0.057415176453831984,True,,,,,,,,,,,,,3.0,4.0,1.0,True
source_identity,mpair_00002623_cond_01_2p,mpair_00002623,eval,2,"LogP,RB",COc1ccc(C(=O)Nc2c(F)cncc2F)c2ccc(C(F)(F)F)nc12,CCc1ccc2c(C(=O)Nc3c(Cl)cncc3Cl)ccc(OC)c2n1,COc1ccc(C(=O)Nc2c(F)cncc2F)c2ccc(C(F)(F)F)nc12,O=C(Nc1ccncc1)c1cccc2ncccc12,O=C(Nc1ccncc1)c1cccc2ncccc12,True,True,True,,1.0,0.5409836065573771,,,,,4.759900000000003,4.187700000000001,0.5722000000000014,True,,,,,,,,,,,,,,,,,4.0,3.0,1.0,True
source_identity,mpair_00002626_cond_02_2p,mpair_00002626,eval,2,"LogP,QED",COc1ccc(C(=O)Nc2c(F)cncc2F)c2ccc(C(F)(F)F)nc12,COc1ccc(C(=O)Nc2ccncc2Cl)c2cccnc12,COc1ccc(C(=O)Nc2c(F)cncc2F)c2ccc(C(F)(F)F)nc12,O=C(Nc1ccncc1)c1cccc2ncccc12,O=C(Nc1ccncc1)c1cccc2ncccc12,True,False,False,,1.0,0.4090909090909091,,,,,3.544100000000002,4.187700000000001,0.6435999999999993,True,0.8029165077767629,0.6893032571109005,0.11361325066586248,False,,,,,,,,,,,,,,,,
source_identity,mpair_00003108_cond_01_2p,mpair_00003108,eval,2,"LogP,QED",CN1CCC[C@H]1COc1ccc(Cl)nn1,CN1CCC[C@H]1COc1cccnn1,CN1CCC[C@H]1COc1ccc(Cl)nn1,c1cnnc(OC[C@@H]2CCCN2)c1,c1cnnc(OC[C@@H]2CCCN2)c1,True,True,True,,1.0,0.6511627906976745,,,,,0.9495999999999998,1.6029999999999998,0.6534,True,0.7160423680458043,0.7864914737289573,0.07044910568315299,True,,,,,,,,,,,,,,,,
source_identity,mpair_00003110_cond_00_2p,mpair_00003110,eval,2,"QED,RB",CCCCc1nnc2nc(C)c(C)c(=O)n2n1,Cc1nc2nnc(C(C)(C)C)nn2c(=O)c1C,CCCCc1nnc2nc(C)c(C)c(=O)n2n1,O=c1ccnc2nncnn12,O=c1ccnc2nncnn12,True,False,False,,1.0,0.5238095238095238,,,,,,,,,0.6723856505150625,0.7849999676400611,0.11261431712499859,False,,,,,,,,,,,,,0.0,3.0,3.0,False
source_identity,mpair_00003111_cond_02_2p,mpair_00003111,eval,2,"QED,RB",Cc1nc2nnc(C(C)(C)C)nn2c(=O)c1C,CCCCc1nnc2nc(C)c(C)c(=O)n2n1,Cc1nc2nnc(C(C)(C)C)nn2c(=O)c1C,O=c1ccnc2nncnn12,O=c1ccnc2nncnn12,True,False,False,,1.0,0.5238095238095238,,,,,,,,,0.7849999676400611,0.6723856505150625,0.11261431712499859,False,,,,,,,,,,,,,3.0,0.0,3.0,False
source_identity,mpair_00003117_cond_01_2p,mpair_00003117,eval,2,"MW,HBA",Cc1c[nH]c2c1C13CC1CN(C(=O)OC(C)(C)C)C3=CC2=O,COC(=O)c1cc2c([nH]1)C(=O)C=C1N(C(=O)OC(C)(C)C)CC3CC123,Cc1c[nH]c2c1C13CC1CN(C(=O)OC(C)(C)C)C3=CC2=O,O=C1C=C2NCC3CC23c2cc[nH]c21,O=C1C=C2NCC3CC23c2cc[nH]c21,True,False,False,,1.0,0.5873015873015873,344.36700000000013,300.358,44.00900000000013,False,,,,,,,,,,,,,,,,,5.0,3.0,2.0,False,,,,
source_identity,mpair_00003202_cond_02_2p,mpair_00003202,eval,2,"TPSA,HBA",O=C(OCc1ccc(-c2ccccc2)cc1)n1cccn1,N#Cc1cnn(C(=O)OCc2ccc(-c3ccccc3)cc2)c1,O=C(OCc1ccc(-c2ccccc2)cc1)n1cccn1,O=C(OCc1ccc(-c2ccccc2)cc1)n1cccn1,O=C(OCc1ccc(-c2ccccc2)cc1)n1cccn1,True,False,False,,1.0,0.5833333333333334,,,,,,,,,,,,,67.91,44.120000000000005,23.789999999999992,False,,,,,5.0,4.0,1.0,True,,,,
source_identity,mpair_00003204_cond_01_2p,mpair_00003204,eval,2,"TPSA,HBA",Cc1cnn(C(=O)OCc2ccc(-c3ccccc3)cc2)c1,N#Cc1cnn(C(=O)OCc2ccc(-c3ccccc3)cc2)c1,Cc1cnn(C(=O)OCc2ccc(-c3ccccc3)cc2)c1,O=C(OCc1ccc(-c2ccccc2)cc1)n1cccn1,O=C(OCc1ccc(-c2ccccc2)cc1)n1cccn1,True,False,False,,1.0,0.6808510638297872,,,,,,,,,,,,,67.91,44.120000000000005,23.789999999999992,False,,,,,5.0,4.0,1.0,True,,,,
source_identity,mpair_00003207_cond_01_2p,mpair_00003207,eval,2,"LogP,HBA",Cc1cc(-n2ncc(=O)[nH]c2=O)ccc1S(=O)(=O)N1CCN(C=O)CC1,CCOC(=O)N1CCN(S(=O)(=O)c2ccc(-n3ncc(=O)[nH]c3=O)cc2Cl)CC1,Cc1cc(-n2ncc(=O)[nH]c2=O)ccc1S(=O)(=O)N1CCN(C=O)CC1,O=c1cnn(-c2ccc(S(=O)(=O)N3CCNCC3)cc2)c(=O)[nH]1,O=c1cnn(-c2ccc(S(=O)(=O)N3CCNCC3)cc2)c(=O)[nH]1,True,False,False,,1.0,0.5625,,,,,0.037000000000000144,-1.3080799999999981,1.3450799999999983,False,,,,,,,,,,,,,8.0,7.0,1.0,True,,,,
source_identity,mpair_00003209_cond_01_2p,mpair_00003209,eval,2,"QED,TPSA",NC(=S)N/N=C/c1cccc(OCc2ccc3no[n+]([O-])c3c2)c1,NC(=O)N/N=C\c1ccccc1OCc1ccc2no[n+]([O-])c2c1,NC(=S)N/N=C/c1cccc(OCc2ccc3no[n+]([O-])c3c2)c1,c1ccc(OCc2ccc3no[nH+]c3c2)cc1,c1ccc(OCc2ccc3no[nH+]c3c2)cc1,True,False,False,,1.0,0.5882352941176471,,,,,,,,,0.4106849547701945,0.30972390933844063,0.10096104543175388,False,129.68,112.61,17.070000000000007,True,,,,,,,,,,,,
source_identity,mpair_00003212_cond_02_2p,mpair_00003212,eval,2,"HBD,RB",CC(C)NC(=O)c1ccc2c(Nc3ccc(Cl)cc3)nc(N3CCOCC3)nc2c1,COC(=O)c1ccc2c(Nc3ccc(Cl)cc3)nc(N3CCOCC3)nc2c1,CC(C)NC(=O)c1ccc2c(Nc3ccc(Cl)cc3)nc(N3CCOCC3)nc2c1,c1ccc(Nc2nc(N3CCOCC3)nc3ccccc23)cc1,c1ccc(Nc2nc(N3CCOCC3)nc3ccccc23)cc1,True,True,True,,1.0,0.7833333333333333,,,,,,,,,,,,,,,,,1.0,2.0,1.0,True,,,,,4.0,5.0,1.0,True
source_identity,mpair_00003216_cond_02_2p,mpair_00003216,eval,2,"HBD,HBA",COC(=O)c1ccc2c(Nc3ccc(Cl)cc3)nc(N3CCOCC3)nc2c1,CC(C)NC(=O)c1ccc2c(Nc3ccc(Cl)cc3)nc(N3CCOCC3)nc2c1,COC(=O)c1ccc2c(Nc3ccc(Cl)cc3)nc(N3CCOCC3)nc2c1,c1ccc(Nc2nc(N3CCOCC3)nc3ccccc23)cc1,c1ccc(Nc2nc(N3CCOCC3)nc3ccccc23)cc1,True,True,True,,1.0,0.7833333333333333,,,,,,,,,,,,,,,,,2.0,1.0,1.0,True,6.0,7.0,1.0,True,,,,
source_identity,mpair_00003224_cond_01_2p,mpair_00003224,eval,2,"QED,RB",COCCCN(/C(S)=C1/C(=O)c2cc(Cl)ccc2N(C)C1=O)c1ccccc1,COc1ccc(N(C)/C(S)=C2/C(=O)c3cc(Cl)ccc3N(C)C2=O)cc1,COCCCN(/C(S)=C1/C(=O)c2cc(Cl)ccc2N(C)C1=O)c1ccccc1,O=C1Nc2ccccc2C(=O)/C1=C/Nc1ccccc1,O=C1Nc2ccccc2C(=O)/C1=C/Nc1ccccc1,True,False,False,,1.0,0.5625,,,,,,,,,0.4935411914533051,0.3319041471572704,0.1616370442960347,False,,,,,,,,,,,,,3.0,6.0,3.0,False
source_identity,mpair_00003226_cond_00_2p,mpair_00003226,eval,2,"QED,RB",COc1cccc(N(C)/C(S)=C2/C(=O)c3cc(Cl)ccc3N(C)C2=O)c1,COCCCN(/C(S)=C1/C(=O)c2cc(Cl)ccc2N(C)C1=O)c1ccccc1,COc1cccc(N(C)/C(S)=C2/C(=O)c3cc(Cl)ccc3N(C)C2=O)c1,O=C1Nc2ccccc2C(=O)/C1=C/Nc1ccccc1,O=C1Nc2ccccc2C(=O)/C1=C/Nc1ccccc1,True,False,False,,1.0,0.5846153846153846,,,,,,,,,0.3319041471572704,0.4935411914533051,0.1616370442960347,False,,,,,,,,,,,,,6.0,3.0,3.0,False
source_identity,mpair_00003227_cond_02_2p,mpair_00003227,eval,2,"QED,RB",COc1ccc(N(C)/C(S)=C2/C(=O)c3cc(Cl)ccc3N(C)C2=O)cc1,COCCCN(/C(S)=C1/C(=O)c2cc(Cl)ccc2N(C)C1=O)c1ccccc1,COc1ccc(N(C)/C(S)=C2/C(=O)c3cc(Cl)ccc3N(C)C2=O)cc1,O=C1Nc2ccccc2C(=O)/C1=C/Nc1ccccc1,O=C1Nc2ccccc2C(=O)/C1=C/Nc1ccccc1,True,False,False,,1.0,0.5625,,,,,,,,,0.3319041471572704,0.4935411914533051,0.1616370442960347,False,,,,,,,,,,,,,6.0,3.0,3.0,False
source_identity,mpair_00003531_cond_01_2p,mpair_00003531,eval,2,"TPSA,HBA",CC(C)Oc1cccc(N(Cc2cccnc2)S(=O)(=O)CC(F)(F)F)c1,CCOC(=O)C(C)Oc1cccc(N(Cc2cccnc2)S(=O)(=O)CC(F)(F)F)c1,CC(C)Oc1cccc(N(Cc2cccnc2)S(=O)(=O)CC(F)(F)F)c1,c1ccc(NCc2cccnc2)cc1,c1ccc(NCc2cccnc2)cc1,True,False,False,,1.0,0.7796610169491526,,,,,,,,,,,,,85.80000000000001,59.5,26.30000000000001,False,,,,,6.0,4.0,2.0,False,,,,
source_identity,mpair_00003535_cond_00_2p,mpair_00003535,eval,2,"MW,LogP",O=S(=O)(CC(F)(F)F)N(Cc1cccnc1)c1cccc(OC(F)(F)F)c1,COc1cccc(N(Cc2cccnc2)S(=O)(=O)CC(F)(F)F)c1,O=S(=O)(CC(F)(F)F)N(Cc1cccnc1)c1cccc(OC(F)(F)F)c1,c1ccc(NCc2cccnc2)cc1,c1ccc(NCc2cccnc2)cc1,True,False,False,,1.0,0.8076923076923077,360.3570000000001,414.32700000000006,53.96999999999997,False,2.988900000000002,3.8789000000000025,0.8900000000000006,True,,,,,,,,,,,,,,,,,,,,
source_identity,mpair_00003540_cond_02_2p,mpair_00003540,eval,2,"LogP,TPSA",CCCC(C)Oc1cccc(N(Cc2cccnc2)S(=O)(=O)CC(F)(F)F)c1,CCOC(=O)C(C)Oc1cccc(N(Cc2cccnc2)S(=O)(=O)CC(F)(F)F)c1,CCCC(C)Oc1cccc(N(Cc2cccnc2)S(=O)(=O)CC(F)(F)F)c1,c1ccc(NCc2cccnc2)cc1,c1ccc(NCc2cccnc2)cc1,True,False,False,,1.0,0.746031746031746,,,,,3.3107000000000024,4.547700000000003,1.237000000000001,False,,,,,85.80000000000001,59.5,26.30000000000001,False,,,,,,,,,,,,
source_identity,mpair_00003542_cond_02_2p,mpair_00003542,eval,2,"QED,RB",CC(C)COc1cccc(N(Cc2cccnc2)S(=O)(=O)CC(F)(F)F)c1,CCC(C)COc1cccc(N(Cc2cccnc2)S(=O)(=O)CC(F)(F)F)c1,CC(C)COc1cccc(N(Cc2cccnc2)S(=O)(=O)CC(F)(F)F)c1,c1ccc(NCc2cccnc2)cc1,c1ccc(NCc2cccnc2)cc1,True,True,True,,1.0,0.8421052631578947,,,,,,,,,0.6078002459089881,0.6693605971809802,0.06156035127199211,True,,,,,,,,,,,,,9.0,8.0,1.0,True
source_identity,mpair_00003544_cond_01_2p,mpair_00003544,eval,2,"LogP,RB",CC(C)COc1cccc(N(Cc2cccnc2)S(=O)(=O)CC(F)(F)F)c1,CCCC(C)Oc1cccc(N(Cc2cccnc2)S(=O)(=O)CC(F)(F)F)c1,CC(C)COc1cccc(N(Cc2cccnc2)S(=O)(=O)CC(F)(F)F)c1,c1ccc(NCc2cccnc2)cc1,c1ccc(NCc2cccnc2)cc1,True,True,True,,1.0,0.7213114754098361,,,,,4.547700000000003,4.015100000000003,0.5326000000000004,True,,,,,,,,,,,,,,,,,9.0,8.0,1.0,True
source_identity,mpair_00003547_cond_01_2p,mpair_00003547,eval,2,"QED,RB",CCC(C)COc1cccc(N(Cc2cccnc2)S(=O)(=O)CC(F)(F)F)c1,CC(C)COc1cccc(N(Cc2cccnc2)S(=O)(=O)CC(F)(F)F)c1,CCC(C)COc1cccc(N(Cc2cccnc2)S(=O)(=O)CC(F)(F)F)c1,c1ccc(NCc2cccnc2)cc1,c1ccc(NCc2cccnc2)cc1,True,True,True,,1.0,0.8421052631578947,,,,,,,,,0.6693605971809802,0.6078002459089881,0.06156035127199211,True,,,,,,,,,,,,,8.0,9.0,1.0,True
source_identity,mpair_00000000_cond_02_3p,mpair_00000000,eval,3,"LogP,HBA,RB",O=C(c1cccc(Cl)c1)N1C[C@H](CN2CCC(c3ccccc3)CC2)[C@@H](c2ccccc2)C1,COc1cccc(C(=O)N2C[C@H](CN3CCC(c4ccccc4)CC3)[C@@H](c3ccccc3)C2)c1,O=C(c1cccc(Cl)c1)N1C[C@H](CN2CCC(c3ccccc3)CC2)[C@@H](c2ccccc2)C1,O=C(c1ccccc1)N1C[C@H](CN2CCC(c3ccccc3)CC2)[C@@H](c2ccccc2)C1,O=C(c1ccccc1)N1C[C@H](CN2CCC(c3ccccc3)CC2)[C@@H](c2ccccc2)C1,True,True,True,,1.0,0.7413793103448276,,,,,5.430600000000005,6.075400000000006,0.6448000000000009,True,,,,,,,,,,,,,3.0,2.0,1.0,True,6.0,5.0,1.0,True
source_identity,mpair_00000006_cond_02_3p,mpair_00000006,eval,3,"MW,LogP,QED",O=C(c1ccccc1F)N1C[C@H](CN2CCC(c3ccccc3)CC2)[C@@H](c2ccccc2)C1,O=C(c1ccccc1C(F)(F)F)N1C[C@H](CN2CCC(c3ccccc3)CC2)[C@@H](c2ccccc2)C1,O=C(c1ccccc1F)N1C[C@H](CN2CCC(c3ccccc3)CC2)[C@@H](c2ccccc2)C1,O=C(c1ccccc1)N1C[C@H](CN2CCC(c3ccccc3)CC2)[C@@H](c2ccccc2)C1,O=C(c1ccccc1)N1C[C@H](CN2CCC(c3ccccc3)CC2)[C@@H](c2ccccc2)C1,True,False,False,,1.0,0.7592592592592593,492.5850000000002,442.57800000000015,50.00700000000006,False,6.4408000000000065,5.561100000000006,0.8797000000000006,True,0.4092272471712491,0.5164092889512721,0.10718204178002305,False,,,,,,,,,,,,,,,,
source_identity,mpair_00000012_cond_01_3p,mpair_00000012,eval,3,"MW,LogP,QED",O=C(c1ccccc1F)N1C[C@H](CN2CCC(c3ccccc3)CC2)[C@@H](c2ccccc2)C1,O=C(c1ccccc1Br)N1C[C@H](CN2CCC(c3ccccc3)CC2)[C@@H](c2ccccc2)C1,O=C(c1ccccc1F)N1C[C@H](CN2CCC(c3ccccc3)CC2)[C@@H](c2ccccc2)C1,O=C(c1ccccc1)N1C[C@H](CN2CCC(c3ccccc3)CC2)[C@@H](c2ccccc2)C1,O=C(c1ccccc1)N1C[C@H](CN2CCC(c3ccccc3)CC2)[C@@H](c2ccccc2)C1,True,False,False,,1.0,0.7692307692307693,503.48400000000026,442.57800000000015,60.90600000000012,False,6.184500000000006,5.561100000000006,0.6234000000000002,True,0.41502650656849366,0.5164092889512721,0.10138278238277848,False,,,,,,,,,,,,,,,,
source_identity,mpair_00000020_cond_01_3p,mpair_00000020,eval,3,"MW,TPSA,HBA",O=C(O)CCC/C=C/C[C@@H]1[C@@H](COCc2ccccc2)C2CC1(c1ccccc1)CO2,N#Cc1ccc(COC[C@H]2C3CC(c4ccc(F)cc4)(CO3)[C@@H]2C/C=C/CCCC(=O)O)cc1,O=C(O)CCC/C=C/C[C@@H]1[C@@H](COCc2ccccc2)C2CC1(c1ccccc1)CO2,c1ccc(COC[C@@H]2CC3(c4ccccc4)COC2C3)cc1,c1ccc(COC[C@@H]2CC3(c4ccccc4)COC2C3)cc1,True,False,False,,1.0,0.7391304347826086,463.5490000000003,420.5490000000002,43.000000000000114,False,,,,,,,,,79.55,55.760000000000005,23.789999999999992,False,,,,,4.0,3.0,1.0,True,,,,
source_identity,mpair_00000323_cond_02_3p,mpair_00000323,eval,3,"TPSA,HBD,HBA",N[C@@H](C(=O)N[C@@H]1C(=O)N2C(C(=O)O)=C(C(F)(F)F)CC[C@H]12)c1ccc(F)cc1,N[C@@H](C(=O)N[C@@H]1C(=O)N2C(C(=O)O)=C(C(F)(F)F)CC[C@H]12)c1ccc(O)cc1,N[C@@H](C(=O)N[C@@H]1C(=O)N2C(C(=O)O)=C(C(F)(F)F)CC[C@H]12)c1ccc(F)cc1,O=C(Cc1ccccc1)N[C@@H]1C(=O)N2C=CCC[C@H]12,O=C(Cc1ccccc1)N[C@@H]1C(=O)N2C=CCC[C@H]12,True,False,False,,1.0,0.8545454545454545,,,,,,,,,,,,,132.96,112.73,20.230000000000004,False,4.0,3.0,1.0,True,5.0,4.0,1.0,True,,,,
source_identity,mpair_00000330_cond_01_3p,mpair_00000330,eval,3,"MW,LogP,HBD",N[C@@H](C(=O)N[C@@H]1C(=O)N2C(C(=O)O)=C(C(F)(F)F)CC[C@H]12)c1ccc(O)cc1,N[C@@H](C(=O)N[C@@H]1C(=O)N2C(C(=O)O)=C(C(F)(F)F)CC[C@H]12)c1cccc(C(F)(F)F)c1,N[C@@H](C(=O)N[C@@H]1C(=O)N2C(C(=O)O)=C(C(F)(F)F)CC[C@H]12)c1ccc(O)cc1,O=C(Cc1ccccc1)N[C@@H]1C(=O)N2C=CCC[C@H]12,O=C(Cc1ccccc1)N[C@@H]1C(=O)N2C=CCC[C@H]12,True,False,False,,1.0,0.7377049180327869,451.3230000000001,399.3250000000001,51.99799999999999,False,2.0955999999999997,0.7823999999999993,1.3132000000000004,False,,,,,,,,,3.0,4.0,1.0,True,,,,,,,,
source_identity,mpair_00000332_cond_02_3p,mpair_00000332,eval,3,"TPSA,HBD,HBA",N[C@@H](C(=O)N[C@@H]1C(=O)N2C(C(=O)O)=C(C(F)(F)F)CC[C@H]12)c1ccc(O)cc1,N[C@@H](C(=O)N[C@@H]1C(=O)N2C(C(=O)O)=C(C(F)(F)F)CC[C@H]12)c1cccc(Br)c1,N[C@@H](C(=O)N[C@@H]1C(=O)N2C(C(=O)O)=C(C(F)(F)F)CC[C@H]12)c1ccc(O)cc1,O=C(Cc1ccccc1)N[C@@H]1C(=O)N2C=CCC[C@H]12,O=C(Cc1ccccc1)N[C@@H]1C(=O)N2C=CCC[C@H]12,True,False,False,,1.0,0.7377049180327869,,,,,,,,,,,,,112.73,132.96,20.230000000000004,False,3.0,4.0,1.0,True,4.0,5.0,1.0,True,,,,
source_identity,mpair_00000338_cond_00_3p,mpair_00000338,eval,3,"LogP,QED,RB",N[C@@H](C(=O)N[C@@H]1C(=O)N2C(C(=O)O)=C(C(F)(F)F)CC[C@H]12)c1cccc(Br)c1,CSC1=C(C(=O)O)N2C(=O)[C@@H](NC(=O)[C@H](N)c3ccccc3)[C@H]2CC1,N[C@@H](C(=O)N[C@@H]1C(=O)N2C(C(=O)O)=C(C(F)(F)F)CC[C@H]12)c1cccc(Br)c1,O=C(Cc1ccccc1)N[C@@H]1C(=O)N2C=CCC[C@H]12,O=C(Cc1ccccc1)N[C@@H]1C(=O)N2C=CCC[C@H]12,True,False,False,,1.0,0.5757575757575758,,,,,0.8350000000000002,1.8392999999999997,1.0042999999999995,False,0.6699274889764619,0.5917241763797754,0.07820331259668656,True,,,,,,,,,,,,,5.0,4.0,1.0,True
source_identity,mpair_00000597_cond_02_3p,mpair_00000597,eval,3,"QED,HBD,HBA",OC[C@@H]1N[C@@H](CCCCc2ccc(O)cc2)[C@H](O)[C@H]1O,OC[C@@H]1N[C@@H](CCCCc2ccc(F)cc2)[C@H](O)[C@H]1O,OC[C@@H]1N[C@@H](CCCCc2ccc(O)cc2)[C@H](O)[C@H]1O,c1ccc(CCCC[C@H]2CCCN2)cc1,c1ccc(CCCC[C@H]2CCCN2)cc1,True,True,True,,1.0,0.7567567567567568,,,,,,,,,0.5767746304019578,0.47902706341404183,0.09774756698791592,True,,,,,4.0,5.0,1.0,True,4.0,5.0,1.0,True,,,,
source_identity,mpair_00000728_cond_02_3p,mpair_00000728,eval,3,"LogP,QED,RB",C=CCc1cc(/C=C2\SC(=O)NC2=O)c(OC)cc1OC1CCCCO1,C=CCc1cc(/C=C2\SC(=O)N(CCCC)C2=O)c(OC)cc1OC1CCCCO1,C=CCc1cc(/C=C2\SC(=O)NC2=O)c(OC)cc1OC1CCCCO1,O=C1NC(=O)/C(=C/c2ccc(OC3CCCCO3)cc2)S1,O=C1NC(=O)/C(=C/c2ccc(OC3CCCCO3)cc2)S1,True,False,False,,1.0,0.6571428571428571,,,,,5.165500000000004,3.6530000000000022,1.512500000000002,False,0.39718598618589046,0.6042673504148035,0.20708136422891305,False,,,,,,,,,,,,,9.0,6.0,3.0,False
source_identity,mpair_00000740_cond_00_3p,mpair_00000740,eval,3,"MW,QED,RB",C=CCc1cc(/C=C2\SC(=O)N(C)C2=O)c(OC)cc1OC1CCCCO1,C=CCc1cc(/C=C2\SC(=O)N(CCCC)C2=O)c(OC)cc1OC1CCCCO1,C=CCc1cc(/C=C2\SC(=O)N(C)C2=O)c(OC)cc1OC1CCCCO1,O=C1NC(=O)/C(=C/c2ccc(OC3CCCCO3)cc2)S1,O=C1NC(=O)/C(=C/c2ccc(OC3CCCCO3)cc2)S1,True,False,False,,1.0,0.7878787878787878,431.55400000000026,389.4730000000002,42.081000000000074,False,,,,,0.39718598618589046,0.5413211960634129,0.14413520987752243,False,,,,,,,,,,,,,9.0,6.0,3.0,False
source_identity,mpair_00000742_cond_02_3p,mpair_00000742,eval,3,"MW,LogP,QED",C=CCc1cc(/C=C2\SC(=O)N(C)C2=O)c(OC)cc1OC1CCCCO1,C=CCc1cc(/C=C2\SC(=O)N(CC=C(C)C)C2=O)c(OC)cc1OC1CCCCO1,C=CCc1cc(/C=C2\SC(=O)N(C)C2=O)c(OC)cc1OC1CCCCO1,O=C1NC(=O)/C(=C/c2ccc(OC3CCCCO3)cc2)S1,O=C1NC(=O)/C(=C/c2ccc(OC3CCCCO3)cc2)S1,True,False,False,,1.0,0.7761194029850746,443.5650000000003,389.4730000000002,54.0920000000001,False,5.331600000000005,3.9952000000000023,1.336400000000003,False,0.3995752918375223,0.5413211960634129,0.14174590422589062,False,,,,,,,,,,,,,,,,
source_identity,mpair_00000747_cond_01_3p,mpair_00000747,eval,3,"LogP,QED,HBD",C=CCc1cc(/C=C2\SC(=O)N(CC=C)C2=O)c(OC)cc1OC1CCCCO1,C=CCc1cc(/C=C2\SC(=O)NC2=O)c(OC)cc1OC1CCCCO1,C=CCc1cc(/C=C2\SC(=O)N(CC=C)C2=O)c(OC)cc1OC1CCCCO1,O=C1NC(=O)/C(=C/c2ccc(OC3CCCCO3)cc2)S1,O=C1NC(=O)/C(=C/c2ccc(OC3CCCCO3)cc2)S1,True,False,False,,1.0,0.696969696969697,,,,,3.6530000000000022,4.551400000000004,0.8984000000000014,True,0.6042673504148035,0.45838471716690443,0.14588263324789907,False,,,,,1.0,0.0,1.0,True,,,,,,,,
source_identity,mpair_00000749_cond_00_3p,mpair_00000749,eval,3,"QED,HBD,RB",C=CCc1cc(/C=C2\SC(=O)N(C(C)C)C2=O)c(OC)cc1OC1CCCCO1,C=CCc1cc(/C=C2\SC(=O)NC2=O)c(OC)cc1OC1CCCCO1,C=CCc1cc(/C=C2\SC(=O)N(C(C)C)C2=O)c(OC)cc1OC1CCCCO1,O=C1NC(=O)/C(=C/c2ccc(OC3CCCCO3)cc2)S1,O=C1NC(=O)/C(=C/c2ccc(OC3CCCCO3)cc2)S1,True,False,False,,1.0,0.6865671641791045,,,,,,,,,0.6042673504148035,0.4701504427149941,0.13411690769980938,False,,,,,1.0,0.0,1.0,True,,,,,6.0,7.0,1.0,True
source_identity,mpair_00000758_cond_02_3p,mpair_00000758,eval,3,"LogP,HBA,RB",Clc1cccc(-c2cncc(O[C@@H]3CCNC3)c2)c1,COc1cccc(-c2cncc(O[C@@H]3CCNC3)c2)c1,Clc1cccc(-c2cncc(O[C@@H]3CCNC3)c2)c1,c1ccc(-c2cncc(O[C@@H]3CCNC3)c2)cc1,c1ccc(-c2cncc(O[C@@H]3CCNC3)c2)cc1,True,True,True,,1.0,0.7446808510638298,,,,,2.4979000000000005,3.1427000000000014,0.6448000000000009,True,,,,,,,,,,,,,4.0,3.0,1.0,True,4.0,3.0,1.0,True
source_identity,mpair_00001125_cond_00_3p,mpair_00001125,eval,3,"MW,QED,HBD",CN1C(=O)c2ccccc2C1CCN1CCN(c2ccc(Cl)cc2)CC1,O=C1NC(CCN2CCN(c3ccccc3)CC2)c2ccccc21,CN1C(=O)c2ccccc2C1CCN1CCN(c2ccc(Cl)cc2)CC1,O=C1NC(CCN2CCN(c3ccccc3)CC2)c2ccccc21,O=C1NC(CCN2CCN(c3ccccc3)CC2)c2ccccc21,True,False,False,,1.0,0.4909090909090909,321.4240000000001,369.8960000000001,48.47199999999998,False,,,,,0.9403172855884846,0.8221231339252668,0.11819415166321778,False,,,,,1.0,0.0,1.0,True,,,,,,,,
source_identity,mpair_00001132_cond_00_3p,mpair_00001132,eval,3,"QED,TPSA,HBA",O=C(Cc1ccccc1[N+](=O)[O-])NCCC1CCN(CC2COc3ccccc3O2)CC1,COc1ccccc1CC(=O)NCCC1CCN(CC2COc3ccccc3O2)CC1,O=C(Cc1ccccc1[N+](=O)[O-])NCCC1CCN(CC2COc3ccccc3O2)CC1,O=C(Cc1ccccc1)NCCC1CCN(CC2COc3ccccc3O2)CC1,O=C(Cc1ccccc1)NCCC1CCN(CC2COc3ccccc3O2)CC1,True,False,False,,1.0,0.7164179104477612,,,,,,,,,0.7047088784600517,0.5015202818225966,0.20318859663745514,False,60.03,93.94,33.91,False,,,,,5.0,6.0,1.0,True,,,,
source_identity,mpair_00001135_cond_01_3p,mpair_00001135,eval,3,"MW,LogP,QED",Fc1ccc(N2CCN(c3nc4ccsc4n4cccc34)CC2)cc1,FC(F)(F)c1cccc(N2CCN(c3nc4ccsc4n4cccc34)CC2)c1,Fc1ccc(N2CCN(c3nc4ccsc4n4cccc34)CC2)cc1,c1ccc(N2CCN(c3nc4ccsc4n4cccc34)CC2)cc1,c1ccc(N2CCN(c3nc4ccsc4n4cccc34)CC2)cc1,True,False,False,,1.0,0.6666666666666666,402.4450000000001,352.43800000000016,50.00699999999995,False,4.894400000000004,4.014700000000003,0.8797000000000006,True,0.47685586942313013,0.5445182992427106,0.06766242981958043,True,,,,,,,,,,,,,,,,
source_identity,mpair_00002371_cond_02_3p,mpair_00002371,eval,3,"QED,HBD,HBA",Cn1cc(C(=O)c2ccc(-n3ccnc3)cc2)cc1/C=C/C(=O)O,CCOC(=O)/C=C/c1cc(C(=O)c2ccc(-n3ccnc3)cc2)cn1C,Cn1cc(C(=O)c2ccc(-n3ccnc3)cc2)cc1/C=C/C(=O)O,O=C(c1ccc(-n2ccnc2)cc1)c1cc[nH]c1,O=C(c1ccc(-n2ccnc2)cc1)c1cc[nH]c1,True,False,False,,1.0,0.7454545454545455,,,,,,,,,0.3897342663180413,0.5785260949639057,0.1887918286458644,False,,,,,0.0,1.0,1.0,True,6.0,5.0,1.0,True,,,,
source_identity,mpair_00002463_cond_00_3p,mpair_00002463,eval,3,"LogP,HBA,RB",COc1ccc(NC(=O)c2cc(OCCCN(C)C)nn2Cc2ccccc2)cc1,CN(C)CCCOc1cc(C(=O)Nc2ccc(Cl)cc2F)n(Cc2ccccc2)n1,COc1ccc(NC(=O)c2cc(OCCCN(C)C)nn2Cc2ccccc2)cc1,O=C(Nc1ccccc1)c1ccnn1Cc1ccccc1,O=C(Nc1ccccc1)c1ccnn1Cc1ccccc1,True,True,True,,1.0,0.6567164179104478,,,,,4.306700000000003,3.522800000000002,0.7839000000000009,True,,,,,,,,,,,,,5.0,6.0,1.0,True,9.0,10.0,1.0,True
source_identity,mpair_00002466_cond_01_3p,mpair_00002466,eval,3,"QED,HBA,RB",CN(C)CCCOc1cc(C(=O)Nc2ccc(Cl)cc2F)n(Cc2ccccc2)n1,CN(C)CCCOc1cc(C(=O)Nc2ccc(OC(F)(F)F)cc2)n(Cc2ccccc2)n1,CN(C)CCCOc1cc(C(=O)Nc2ccc(Cl)cc2F)n(Cc2ccccc2)n1,O=C(Nc1ccccc1)c1ccnn1Cc1ccccc1,O=C(Nc1ccccc1)c1ccnn1Cc1ccccc1,True,True,True,,1.0,0.6428571428571429,,,,,,,,,0.4522382232340766,0.5138601191048354,0.061621895870758836,True,,,,,,,,,6.0,5.0,1.0,True,10.0,9.0,1.0,True
source_identity,mpair_00002470_cond_00_3p,mpair_00002470,eval,3,"LogP,HBA,RB",CN(C)CCCOc1cc(C(=O)Nc2ccc(Cl)cc2F)n(Cc2ccccc2)n1,COc1ccc(NC(=O)c2cc(OCCCN(C)C)nn2Cc2ccccc2)cc1,CN(C)CCCOc1cc(C(=O)Nc2ccc(Cl)cc2F)n(Cc2ccccc2)n1,O=C(Nc1ccccc1)c1ccnn1Cc1ccccc1,O=C(Nc1ccccc1)c1ccnn1Cc1ccccc1,True,True,True,,1.0,0.6567164179104478,,,,,3.522800000000002,4.306700000000003,0.7839000000000009,True,,,,,,,,,,,,,6.0,5.0,1.0,True,10.0,9.0,1.0,True
source_identity,mpair_00002473_cond_00_3p,mpair_00002473,eval,3,"LogP,HBA,RB",COc1ccc(NC(=O)c2cc(OCCCN(C)C)nn2Cc2ccccc2)cc1,CN(C)CCCOc1cc(C(=O)Nc2cccc(Cl)c2)n(Cc2ccccc2)n1,COc1ccc(NC(=O)c2cc(OCCCN(C)C)nn2Cc2ccccc2)cc1,O=C(Nc1ccccc1)c1ccnn1Cc1ccccc1,O=C(Nc1ccccc1)c1ccnn1Cc1ccccc1,True,True,True,,1.0,0.7419354838709677,,,,,4.167600000000003,3.522800000000002,0.6448000000000009,True,,,,,,,,,,,,,5.0,6.0,1.0,True,9.0,10.0,1.0,True
source_identity,mpair_00002478_cond_02_3p,mpair_00002478,eval,3,"MW,LogP,QED",CN(C)CCCOc1cc(C(=O)Nc2cccc(Cl)c2)n(Cc2ccccc2)n1,CN(C)CCCOc1cc(C(=O)Nc2cc(F)cc(C(F)(F)F)c2)n(Cc2ccccc2)n1,CN(C)CCCOc1cc(C(=O)Nc2cccc(Cl)c2)n(Cc2ccccc2)n1,O=C(Nc1ccccc1)c1ccnn1Cc1ccccc1,O=C(Nc1ccccc1)c1ccnn1Cc1ccccc1,True,False,False,,1.0,0.6764705882352942,464.4630000000001,412.9210000000001,51.54199999999997,False,4.672100000000003,4.167600000000003,0.5045000000000002,True,0.369385517709234,0.5357556879239462,0.16637017021471223,False,,,,,,,,,,,,,,,,
source_identity,mpair_00002483_cond_00_3p,mpair_00002483,eval,3,"LogP,HBA,RB",COc1cc(NC(=O)c2cc(OCCCN(C)C)nn2Cc2ccccc2)cc(OC)c1OC,CN(C)CCCOc1cc(C(=O)Nc2ccc(OC(F)(F)F)cc2)n(Cc2ccccc2)n1,COc1cc(NC(=O)c2cc(OCCCN(C)C)nn2Cc2ccccc2)cc(OC)c1OC,O=C(Nc1ccccc1)c1ccnn1Cc1ccccc1,O=C(Nc1ccccc1)c1ccnn1Cc1ccccc1,True,False,False,,1.0,0.6764705882352942,,,,,4.412800000000003,3.5400000000000027,0.8728000000000007,True,,,,,,,,,,,,,6.0,8.0,2.0,False,10.0,12.0,2.0,False
source_identity,mpair_00002488_cond_01_3p,mpair_00002488,eval,3,"LogP,TPSA,HBD",C=Cc1cc(C(=O)OCC)n(S(=O)(=O)c2cc(Cl)ccc2N)c1,CC(C)OC(=O)c1cc(CO)cn1S(=O)(=O)c1cc(Cl)ccc1N,C=Cc1cc(C(=O)OCC)n(S(=O)(=O)c2cc(Cl)ccc2N)c1,O=S(=O)(c1ccccc1)n1cccc1,O=S(=O)(c1ccccc1)n1cccc1,True,False,False,,1.0,0.5396825396825397,,,,,2.0182,2.7804,0.7622,True,,,,,111.61999999999999,91.39,20.22999999999999,False,2.0,1.0,1.0,True,,,,,,,,
source_identity,mpair_00002498_cond_01_3p,mpair_00002498,eval,3,"MW,QED,RB",CCc1ccc(NC2=C(Cl)C(=O)c3ncncc3C2=O)cc1,O=C1C(Nc2cccc(Br)c2)=C(Cl)C(=O)c2ncncc21,CCc1ccc(NC2=C(Cl)C(=O)c3ncncc3C2=O)cc1,O=C1C(Nc2ccccc2)=CC(=O)c2ncncc21,O=C1C(Nc2ccccc2)=CC(=O)c2ncncc21,True,False,False,,1.0,0.5882352941176471,364.58600000000007,313.744,50.84200000000004,False,,,,,0.885902971993687,0.9428073960459649,0.05690442405227791,True,,,,,,,,,,,,,2.0,3.0,1.0,True
source_identity,mpair_00002502_cond_02_3p,mpair_00002502,eval,3,"MW,QED,RB",O=C1C(Nc2cccc(Br)c2)=C(Cl)C(=O)c2ncncc21,CCc1ccc(NC2=C(Cl)C(=O)c3ncncc3C2=O)cc1,O=C1C(Nc2cccc(Br)c2)=C(Cl)C(=O)c2ncncc21,O=C1C(Nc2ccccc2)=CC(=O)c2ncncc21,O=C1C(Nc2ccccc2)=CC(=O)c2ncncc21,True,False,False,,1.0,0.5882352941176471,313.744,364.58600000000007,50.84200000000004,False,,,,,0.9428073960459649,0.885902971993687,0.05690442405227791,True,,,,,,,,,,,,,3.0,2.0,1.0,True
source_identity,mpair_00002505_cond_02_3p,mpair_00002505,eval,3,"QED,HBA,RB",COc1ccc(C(=O)CN2c3ccccc3C(=O)N(Cc3ccccc3)S2(=O)=O)cc1,O=C(CN1c2ccccc2C(=O)N(Cc2ccccc2)S1(=O)=O)c1ccccc1,COc1ccc(C(=O)CN2c3ccccc3C(=O)N(Cc3ccccc3)S2(=O)=O)cc1,O=C(CN1c2ccccc2C(=O)N(Cc2ccccc2)S1(=O)=O)c1ccccc1,O=C(CN1c2ccccc2C(=O)N(Cc2ccccc2)S1(=O)=O)c1ccccc1,True,True,True,,1.0,0.7916666666666666,,,,,,,,,0.6096951629926923,0.5539335722556151,0.055761590737077205,True,,,,,,,,,4.0,5.0,1.0,True,5.0,6.0,1.0,True
source_identity,mpair_00002516_cond_02_3p,mpair_00002516,eval,3,"LogP,TPSA,HBA",CSc1cc(-c2ccc(Cl)cc2)oc(=O)c1Br,CSc1cc(-c2ccc(Br)cc2)oc(=O)c1C#N,CSc1cc(-c2ccc(Cl)cc2)oc(=O)c1Br,O=c1cccc(-c2ccccc2)o1,O=c1cccc(-c2ccccc2)o1,True,False,False,,1.0,0.5333333333333333,,,,,3.662880000000002,4.444600000000001,0.7817199999999991,True,,,,,54.0,30.21,23.79,False,,,,,4.0,3.0,1.0,True,,,,
source_identity,mpair_00002546_cond_01_3p,mpair_00002546,eval,3,"MW,QED,HBA",CSc1cc(-c2ccc(Br)cc2)oc(=O)c1Br,CSc1cc(-c2ccc(Br)cc2)oc(=O)c1C#N,CSc1cc(-c2ccc(Br)cc2)oc(=O)c1Br,O=c1cccc(-c2ccccc2)o1,O=c1cccc(-c2ccccc2)o1,True,False,False,,1.0,0.675,322.1830000000001,376.0690000000001,53.88599999999997,False,,,,,0.791886779601309,0.7207772389894862,0.07110954061182284,True,,,,,,,,,4.0,3.0,1.0,True,,,,
source_identity,mpair_00002560_cond_02_3p,mpair_00002560,eval,3,"MW,QED,HBA",CSc1nc(-c2ccc(Cl)cc2)nn1C(=O)N(C)c1ccccc1,CSc1nc(-c2ccc(OC(F)(F)F)cc2)nn1C(=O)N(C)c1ccccc1,CSc1nc(-c2ccc(Cl)cc2)nn1C(=O)N(C)c1ccccc1,O=C(Nc1ccccc1)n1cnc(-c2ccccc2)n1,O=C(Nc1ccccc1)n1cnc(-c2ccccc2)n1,True,False,False,,1.0,0.7037037037037037,408.4050000000001,358.85400000000004,49.551000000000045,False,,,,,0.5874043626188404,0.6499636794176425,0.06255931679880211,True,,,,,,,,,6.0,5.0,1.0,True,,,,
source_identity,mpair_00002570_cond_01_3p,mpair_00002570,eval,3,"QED,TPSA,HBA",CCN(CC)C(=O)OCC1CN(C(=O)c2cc(OC)c(OC)c(OC)c2)CCN1C(=O)c1cc(OC)c(OC)c(OC)c1,COc1cc(C(=O)N2CCN(C(=O)c3cc(OC)c(OC)c(OC)c3)CC2)cc(OC)c1OC,CCN(CC)C(=O)OCC1CN(C(=O)c2cc(OC)c(OC)c(OC)c2)CCN1C(=O)c1cc(OC)c(OC)c(OC)c1,O=C(c1ccccc1)N1CCN(C(=O)c2ccccc2)CC1,O=C(c1ccccc1)N1CCN(C(=O)c2ccccc2)CC1,True,False,False,,1.0,0.52,,,,,,,,,0.5754127815390553,0.3571777118480848,0.2182350696909705,False,96.00000000000001,125.54,29.539999999999992,False,,,,,8.0,10.0,2.0,False,,,,
source_identity,mpair_00002580_cond_00_3p,mpair_00002580,eval,3,"LogP,HBD,HBA",COc1cc(C(=O)N2CCN(C(=O)c3cc(OC)c(OC)c(OC)c3)C(COC(C)=O)C2)cc(OC)c1OC,COc1cc(C(=O)N2CCN(C(=O)c3cc(OC)c(OC)c(OC)c3)C(CO)C2)cc(OC)c1OC,COc1cc(C(=O)N2CCN(C(=O)c3cc(OC)c(OC)c(OC)c3)C(COC(C)=O)C2)cc(OC)c1OC,O=C(c1ccccc1)N1CCN(C(=O)c2ccccc2)CC1,O=C(c1ccccc1)N1CCN(C(=O)c2ccccc2)CC1,True,True,True,,1.0,0.75,,,,,1.6973000000000003,2.2681000000000004,0.5708000000000002,True,,,,,,,,,1.0,0.0,1.0,True,9.0,10.0,1.0,True,,,,
source_identity,mpair_00002585_cond_01_3p,mpair_00002585,eval,3,"QED,TPSA,RB",COc1cc(C(=O)N2CCN(C(=O)c3cc(OC)c(OC)c(OC)c3)C(COC(C)=O)C2)cc(OC)c1OC,COc1cc(C(=O)N2CCN(C(=O)c3cc(OC)c(OC)c(OC)c3)CC2)cc(OC)c1OC,COc1cc(C(=O)N2CCN(C(=O)c3cc(OC)c(OC)c(OC)c3)C(COC(C)=O)C2)cc(OC)c1OC,O=C(c1ccccc1)N1CCN(C(=O)c2ccccc2)CC1,O=C(c1ccccc1)N1CCN(C(=O)c2ccccc2)CC1,True,False,False,,1.0,0.5777777777777777,,,,,,,,,0.5754127815390553,0.41028124355120477,0.16513153798785052,False,96.00000000000001,122.30000000000001,26.299999999999997,False,,,,,,,,,8.0,10.0,2.0,False
source_identity,mpair_00002590_cond_00_3p,mpair_00002590,eval,3,"MW,HBD,RB",COc1cc(C(=O)N2CCN(C(=O)c3cc(OC)c(OC)c(OC)c3)C(COC(=O)NCCC(C)C)C2)cc(OC)c1OC,COc1cc(C(=O)N2CCN(C(=O)c3cc(OC)c(OC)c(OC)c3)C(COC(C)=O)C2)cc(OC)c1OC,COc1cc(C(=O)N2CCN(C(=O)c3cc(OC)c(OC)c(OC)c3)C(COC(=O)NCCC(C)C)C2)cc(OC)c1OC,O=C(c1ccccc1)N1CCN(C(=O)c2ccccc2)CC1,O=C(c1ccccc1)N1CCN(C(=O)c2ccccc2)CC1,True,False,False,,1.0,0.7017543859649122,546.5730000000003,617.6960000000003,71.12299999999993,False,,,,,,,,,,,,,0.0,1.0,1.0,True,,,,,10.0,13.0,3.0,False
source_identity,mpair_00002596_cond_02_3p,mpair_00002596,eval,3,"HBD,HBA,RB",COc1ccc(C(=O)Nc2c(F)cncc2F)c2ccc(C(F)(F)F)nc12,COc1ccc(C(=O)Nc2c(Cl)cncc2Cl)c2ccc(C(C)O)nc12,COc1ccc(C(=O)Nc2c(F)cncc2F)c2ccc(C(F)(F)F)nc12,O=C(Nc1ccncc1)c1cccc2ncccc12,O=C(Nc1ccncc1)c1cccc2ncccc12,True,True,True,,1.0,0.532258064516129,,,,,,,,,,,,,,,,,2.0,1.0,1.0,True,5.0,4.0,1.0,True,4.0,3.0,1.0,True
source_identity,mpair_00002601_cond_01_3p,mpair_00002601,eval,3,"MW,LogP,QED",COc1ccc(C(=O)Nc2ccncc2Cl)c2cccnc12,COc1ccc(C(=O)Nc2ccncc2Cl)c2ccc(C(F)(F)F)nc12,COc1ccc(C(=O)Nc2ccncc2Cl)c2cccnc12,O=C(Nc1ccncc1)c1cccc2ncccc12,O=C(Nc1ccncc1)c1cccc2ncccc12,True,False,False,,1.0,0.6724137931034483,381.74100000000004,313.744,67.99700000000001,False,4.562900000000002,3.544100000000002,1.0187999999999997,False,0.7218484507203837,0.8029165077767629,0.0810680570563792,True,,,,,,,,,,,,,,,,
source_identity,mpair_00002605_cond_01_3p,mpair_00002605,eval,3,"TPSA,HBD,HBA",COc1ccc(C(=O)Nc2c(Cl)cncc2Cl)c2ccc(C(C)O)nc12,COc1ccc(C(=O)Nc2c(F)cncc2F)c2ccc(C(F)(F)F)nc12,COc1ccc(C(=O)Nc2c(Cl)cncc2Cl)c2ccc(C(C)O)nc12,O=C(Nc1ccncc1)c1cccc2ncccc12,O=C(Nc1ccncc1)c1cccc2ncccc12,True,False,False,,1.0,0.532258064516129,,,,,,,,,,,,,64.11,84.34,20.230000000000004,False,1.0,2.0,1.0,True,4.0,5.0,1.0,True,,,,
source_identity,mpair_00002610_cond_02_3p,mpair_00002610,eval,3,"LogP,TPSA,HBD",CCc1ccc2c(C(=O)Nc3c(Cl)cncc3Cl)ccc(OC)c2n1,COc1ccc(C(=O)Nc2c(Cl)cncc2Cl)c2ccc(C(C)O)nc12,CCc1ccc2c(C(=O)Nc3c(Cl)cncc3Cl)ccc(OC)c2n1,O=C(Nc1ccncc1)c1cccc2ncccc12,O=C(Nc1ccncc1)c1cccc2ncccc12,True,False,False,,1.0,0.6964285714285714,,,,,4.2508000000000035,4.759900000000003,0.5090999999999992,True,,,,,84.34,64.11,20.230000000000004,False,2.0,1.0,1.0,True,,,,,,,,
source_identity,mpair_00002617_cond_00_3p,mpair_00002617,eval,3,"TPSA,HBA,RB",COc1ccc(C(=O)Nc2c(Cl)cncc2Cl)c2ccc(C(C)=O)nc12,COc1ccc(C(=O)Nc2ccncc2Cl)c2ccc(C(F)(F)F)nc12,COc1ccc(C(=O)Nc2c(Cl)cncc2Cl)c2ccc(C(C)=O)nc12,O=C(Nc1ccncc1)c1cccc2ncccc12,O=C(Nc1ccncc1)c1cccc2ncccc12,True,True,True,,1.0,0.5396825396825397,,,,,,,,,,,,,64.11,81.17999999999999,17.069999999999993,True,,,,,4.0,5.0,1.0,True,3.0,4.0,1.0,True
source_identity,mpair_00002624_cond_01_3p,mpair_00002624,eval,3,"MW,LogP,QED",COc1ccc(C(=O)Nc2ccncc2Cl)c2ccc(C(F)(F)F)nc12,COc1ccc(C(=O)Nc2ccncc2Cl)c2cccnc12,COc1ccc(C(=O)Nc2ccncc2Cl)c2ccc(C(F)(F)F)nc12,O=C(Nc1ccncc1)c1cccc2ncccc12,O=C(Nc1ccncc1)c1cccc2ncccc12,True,False,False,,1.0,0.6724137931034483,313.744,381.74100000000004,67.99700000000001,False,3.544100000000002,4.562900000000002,1.0187999999999997,False,0.8029165077767629,0.7218484507203837,0.0810680570563792,True,,,,,,,,,,,,,,,,
source_identity,mpair_00002631_cond_01_3p,mpair_00002631,eval,3,"LogP,HBD,HBA",CC(C)(C)[C@H](O)C(=O)N1C[C@H](c2ccccc2)C[C@H]1C(=O)N[C@@H](CC(F)F)C(=O)NCCc1c(F)cc(C(=O)O)cc1F,CC(C)CC(=O)N1C[C@H](c2ccccc2)C[C@H]1C(=O)N[C@@H](CC(F)F)C(=O)NCCc1c(F)cc(C(=O)O)cc1F,CC(C)(C)[C@H](O)C(=O)N1C[C@H](c2ccccc2)C[C@H]1C(=O)N[C@@H](CC(F)F)C(=O)NCCc1c(F)cc(C(=O)O)cc1F,O=C(CNC(=O)[C@@H]1C[C@@H](c2ccccc2)CN1)NCCc1ccccc1,O=C(CNC(=O)[C@@H]1C[C@@H](c2ccccc2)CN1)NCCc1ccccc1,True,True,True,,1.0,0.7567567567567568,,,,,3.892500000000002,3.253400000000001,0.6391000000000009,True,,,,,,,,,3.0,4.0,1.0,True,4.0,5.0,1.0,True,,,,
source_identity,mpair_00003115_cond_01_3p,mpair_00003115,eval,3,"MW,LogP,QED",Cc1nc2nncnn2c(=O)c1C,Cc1nc2nnc(C(C)(C)C)nn2c(=O)c1C,Cc1nc2nncnn2c(=O)c1C,O=c1ccnc2nncnn12,O=c1ccnc2nncnn12,True,False,False,,1.0,0.48717948717948717,233.27499999999998,177.167,56.107999999999976,False,0.7938399999999997,-0.5036600000000002,1.2974999999999999,False,0.6723856505150625,0.541825521381232,0.13056012913383053,False,,,,,,,,,,,,,,,,
source_identity,mpair_00003206_cond_01_3p,mpair_00003206,eval,3,"MW,LogP,HBA",CCOC(=O)N1CCN(S(=O)(=O)c2ccc(-n3ncc(=O)[nH]c3=O)cc2Cl)CC1,Cc1cc(-n2ncc(=O)[nH]c2=O)ccc1S(=O)(=O)N1CCN(C=O)CC1,CCOC(=O)N1CCN(S(=O)(=O)c2ccc(-n3ncc(=O)[nH]c3=O)cc2Cl)CC1,O=c1cnn(-c2ccc(S(=O)(=O)N3CCNCC3)cc2)c(=O)[nH]1,O=c1cnn(-c2ccc(S(=O)(=O)N3CCNCC3)cc2)c(=O)[nH]1,True,False,False,,1.0,0.5625,379.39800000000025,443.86900000000026,64.471,False,-1.3080799999999981,0.037000000000000144,1.3450799999999983,False,,,,,,,,,,,,,7.0,8.0,1.0,True,,,,
source_identity,mpair_00003210_cond_01_3p,mpair_00003210,eval,3,"MW,LogP,RB",CC[C@H]1OC(=O)[C@H](C)[C@@H](O)[C@H](C)[C@@H](OC2O[C@H](C)C[C@H](N(C)C)C2O)[C@@](C)(OC)C[C@@H](C)C(=O)[C@H](C)[C@@H](O)[C@]1(C)O,CC[C@H]1OC(=O)[C@H](C)[C@@H](OC(C)=O)[C@H](C)[C@@H](OC2O[C@H](C)C[C@H](N(C)C)C2O)[C@@](C)(OC)C[C@@H](C)C(=O)[C@H](C)[C@@H](O)[C@]1(C)O,CC[C@H]1OC(=O)[C@H](C)[C@@H](O)[C@H](C)[C@@H](OC2O[C@H](C)C[C@H](N(C)C)C2O)[C@@](C)(OC)C[C@@H](C)C(=O)[C@H](C)[C@@H](O)[C@]1(C)O,O=C1CCCCOC(=O)CCC[C@@H](OC2CCCCO2)CCC1,O=C1CCCCOC(=O)CCC[C@@H](OC2CCCCO2)CCC1,True,False,False,,1.0,0.821917808219178,631.8040000000003,589.7670000000004,42.03699999999992,False,2.0853000000000033,1.5145000000000022,0.5708000000000011,True,,,,,,,,,,,,,,,,,6.0,5.0,1.0,True
source_identity,mpair_00003219_cond_02_3p,mpair_00003219,eval,3,"MW,LogP,QED",COc1ccc(S(=O)(=O)N(Cc2cccnc2)c2c(C)cccc2C(=O)NO)cc1,COc1ccc(S(=O)(=O)N(Cc2cccnc2)c2c(C)cc(Br)cc2C(=O)NO)cc1,COc1ccc(S(=O)(=O)N(Cc2cccnc2)c2c(C)cccc2C(=O)NO)cc1,O=S(=O)(c1ccccc1)N(Cc1cccnc1)c1ccccc1,O=S(=O)(c1ccccc1)N(Cc1cccnc1)c1ccccc1,True,False,False,,1.0,0.819672131147541,506.37800000000016,427.48200000000014,78.89600000000002,False,3.675620000000001,2.91312,0.7625000000000011,True,0.3740614499694089,0.44330794633881315,0.06924649636940428,True,,,,,,,,,,,,,,,,
source_identity,mpair_00003223_cond_01_3p,mpair_00003223,eval,3,"MW,LogP,QED",COc1ccc(S(=O)(=O)N(Cc2cccnc2)c2c(C)cc(Br)cc2C(=O)NO)cc1,COc1ccc(S(=O)(=O)N(Cc2cccnc2)c2c(C)cccc2C(=O)NO)cc1,COc1ccc(S(=O)(=O)N(Cc2cccnc2)c2c(C)cc(Br)cc2C(=O)NO)cc1,O=S(=O)(c1ccccc1)N(Cc1cccnc1)c1ccccc1,O=S(=O)(c1ccccc1)N(Cc1cccnc1)c1ccccc1,True,False,False,,1.0,0.819672131147541,427.48200000000014,506.37800000000016,78.89600000000002,False,2.91312,3.675620000000001,0.7625000000000011,True,0.44330794633881315,0.3740614499694089,0.06924649636940428,True,,,,,,,,,,,,,,,,
source_identity,mpair_00003535_cond_02_3p,mpair_00003535,eval,3,"MW,LogP,QED",O=S(=O)(CC(F)(F)F)N(Cc1cccnc1)c1cccc(OC(F)(F)F)c1,COc1cccc(N(Cc2cccnc2)S(=O)(=O)CC(F)(F)F)c1,O=S(=O)(CC(F)(F)F)N(Cc1cccnc1)c1cccc(OC(F)(F)F)c1,c1ccc(NCc2cccnc2)cc1,c1ccc(NCc2cccnc2)cc1,True,False,False,,1.0,0.8076923076923077,360.3570000000001,414.32700000000006,53.96999999999997,False,2.988900000000002,3.8789000000000025,0.8900000000000006,True,0.7946521442277092,0.6736163493728189,0.12103579485489036,False,,,,,,,,,,,,,,,,
source_identity,mpair_00003540_cond_01_3p,mpair_00003540,eval,3,"QED,TPSA,HBA",CCCC(C)Oc1cccc(N(Cc2cccnc2)S(=O)(=O)CC(F)(F)F)c1,CCOC(=O)C(C)Oc1cccc(N(Cc2cccnc2)S(=O)(=O)CC(F)(F)F)c1,CCCC(C)Oc1cccc(N(Cc2cccnc2)S(=O)(=O)CC(F)(F)F)c1,c1ccc(NCc2cccnc2)cc1,c1ccc(NCc2cccnc2)cc1,True,False,False,,1.0,0.746031746031746,,,,,,,,,0.5496815697636838,0.6018859517288218,0.05220438196513799,True,85.80000000000001,59.5,26.30000000000001,False,,,,,6.0,4.0,2.0,False,,,,
source_identity,mpair_00003546_cond_02_3p,mpair_00003546,eval,3,"MW,LogP,QED",COc1cccc(N(Cc2cccnc2)S(=O)(=O)CC(F)(F)F)c1,CCCC(C)Oc1cccc(N(Cc2cccnc2)S(=O)(=O)CC(F)(F)F)c1,COc1cccc(N(Cc2cccnc2)S(=O)(=O)CC(F)(F)F)c1,c1ccc(NCc2cccnc2)cc1,c1ccc(NCc2cccnc2)cc1,True,False,False,,1.0,0.7413793103448276,416.4650000000001,360.3570000000001,56.108000000000004,False,4.547700000000003,2.988900000000002,1.5588000000000015,False,0.6018859517288218,0.7946521442277092,0.1927661924988875,False,,,,,,,,,,,,,,,,
source_identity,mpair_00000014_cond_02_4p,mpair_00000014,eval,4,"MW,LogP,TPSA,HBA",O=C(O)[C@@H]1C[C@H]2C[C@@H](CCS(=O)(=O)O)CC[C@H]2CN1,O=C(O)CC[C@H]1CC[C@H]2CN[C@H](C(=O)O)C[C@H]2C1,O=C(O)[C@@H]1C[C@H]2C[C@@H](CCS(=O)(=O)O)CC[C@H]2CN1,C1CC[C@H]2CNCC[C@H]2C1,C1CC[C@H]2CNCC[C@H]2C1,True,False,False,,1.0,0.6829268292682927,255.314,291.36899999999997,36.05499999999998,False,1.3301999999999996,0.7433000000000001,0.5868999999999995,True,,,,,86.63000000000001,103.7,17.069999999999993,True,,,,,3.0,4.0,1.0,True,,,,
source_identity,mpair_00000322_cond_02_4p,mpair_00000322,eval,4,"MW,LogP,QED,HBA",N[C@@H](C(=O)N[C@@H]1C(=O)N2C(C(=O)O)=C(C(F)(F)F)CC[C@H]12)c1cccc(C(F)(F)F)c1,CSC1=C(C(=O)O)N2C(=O)[C@@H](NC(=O)[C@H](N)c3ccccc3)[C@H]2CC1,N[C@@H](C(=O)N[C@@H]1C(=O)N2C(C(=O)O)=C(C(F)(F)F)CC[C@H]12)c1cccc(C(F)(F)F)c1,O=C(Cc1ccccc1)N[C@@H]1C(=O)N2C=CCC[C@H]12,O=C(Cc1ccccc1)N[C@@H]1C(=O)N2C=CCC[C@H]12,True,False,False,,1.0,0.5757575757575758,361.42300000000006,451.3230000000001,89.90000000000003,False,0.8350000000000002,2.0955999999999997,1.2605999999999995,False,0.6699274889764619,0.4795891963980345,0.19033829257842744,False,,,,,,,,,5.0,4.0,1.0,True,,,,
source_identity,mpair_00000326_cond_02_4p,mpair_00000326,eval,4,"MW,QED,TPSA,HBD",N[C@@H](C(=O)N[C@@H]1C(=O)N2C(C(=O)O)=C(C(F)(F)F)CC[C@H]12)c1ccc(O)cc1,CSC1=C(C(=O)O)N2C(=O)[C@@H](NC(=O)[C@H](N)c3ccccc3)[C@H]2CC1,N[C@@H](C(=O)N[C@@H]1C(=O)N2C(C(=O)O)=C(C(F)(F)F)CC[C@H]12)c1ccc(O)cc1,O=C(Cc1ccccc1)N[C@@H]1C(=O)N2C=CCC[C@H]12,O=C(Cc1ccccc1)N[C@@H]1C(=O)N2C=CCC[C@H]12,True,False,False,,1.0,0.5873015873015873,361.42300000000006,399.3250000000001,37.902000000000044,False,,,,,0.6699274889764619,0.5533729404309352,0.11655454854552671,False,112.73,132.96,20.230000000000004,False,3.0,4.0,1.0,True,,,,,,,,
source_identity,mpair_00000339_cond_02_4p,mpair_00000339,eval,4,"MW,LogP,HBD,HBA",N[C@@H](C(=O)N[C@@H]1C(=O)N2C(C(=O)O)=C(C(F)(F)F)CC[C@H]12)c1cccc(C(F)(F)F)c1,N[C@@H](C(=O)N[C@@H]1C(=O)N2C(C(=O)O)=C(C(F)(F)F)CC[C@H]12)c1ccc(O)cc1,N[C@@H](C(=O)N[C@@H]1C(=O)N2C(C(=O)O)=C(C(F)(F)F)CC[C@H]12)c1cccc(C(F)(F)F)c1,O=C(Cc1ccccc1)N[C@@H]1C(=O)N2C=CCC[C@H]12,O=C(Cc1ccccc1)N[C@@H]1C(=O)N2C=CCC[C@H]12,True,False,False,,1.0,0.7377049180327869,399.3250000000001,451.3230000000001,51.99799999999999,False,0.7823999999999993,2.0955999999999997,1.3132000000000004,False,,,,,,,,,4.0,3.0,1.0,True,5.0,4.0,1.0,True,,,,
source_identity,mpair_00000588_cond_02_4p,mpair_00000588,eval,4,"QED,TPSA,HBD,HBA",OC[C@@H]1N[C@@H](CCCCc2ccc(O)cc2)[C@H](O)[C@H]1O,OC[C@@H]1N[C@@H](CCCCc2cc(F)cc(F)c2)[C@H](O)[C@H]1O,OC[C@@H]1N[C@@H](CCCCc2ccc(O)cc2)[C@H](O)[C@H]1O,c1ccc(CCCC[C@H]2CCCN2)cc1,c1ccc(CCCC[C@H]2CCCN2)cc1,True,False,False,,1.0,0.625,,,,,,,,,0.5846986769843887,0.47902706341404183,0.10567161357034688,False,72.72,92.95,20.230000000000004,False,4.0,5.0,1.0,True,4.0,5.0,1.0,True,,,,
source_identity,mpair_00000728_cond_00_4p,mpair_00000728,eval,4,"MW,LogP,HBD,RB",C=CCc1cc(/C=C2\SC(=O)NC2=O)c(OC)cc1OC1CCCCO1,C=CCc1cc(/C=C2\SC(=O)N(CCCC)C2=O)c(OC)cc1OC1CCCCO1,C=CCc1cc(/C=C2\SC(=O)NC2=O)c(OC)cc1OC1CCCCO1,O=C1NC(=O)/C(=C/c2ccc(OC3CCCCO3)cc2)S1,O=C1NC(=O)/C(=C/c2ccc(OC3CCCCO3)cc2)S1,True,False,False,,1.0,0.6571428571428571,431.55400000000026,375.4460000000002,56.10800000000006,False,5.165500000000004,3.6530000000000022,1.512500000000002,False,,,,,,,,,0.0,1.0,1.0,True,,,,,9.0,6.0,3.0,False
source_identity,mpair_00000735_cond_02_4p,mpair_00000735,eval,4,"MW,LogP,QED,HBD",C=CCc1cc(/C=C2\SC(=O)N(CC=C(C)C)C2=O)c(OC)cc1OC1CCCCO1,C=CCc1cc(/C=C2\SC(=O)NC2=O)c(OC)cc1OC1CCCCO1,C=CCc1cc(/C=C2\SC(=O)N(CC=C(C)C)C2=O)c(OC)cc1OC1CCCCO1,O=C1NC(=O)/C(=C/c2ccc(OC3CCCCO3)cc2)S1,O=C1NC(=O)/C(=C/c2ccc(OC3CCCCO3)cc2)S1,True,False,False,,1.0,0.647887323943662,375.4460000000002,443.5650000000003,68.11900000000009,False,3.6530000000000022,5.331600000000005,1.678600000000003,False,0.6042673504148035,0.3995752918375223,0.20469205857728123,False,,,,,1.0,0.0,1.0,True,,,,,,,,
source_identity,mpair_00000753_cond_02_4p,mpair_00000753,eval,4,"MW,TPSA,HBA,RB",O=C1CCC[C@H]2OC[C@@H](Cc3c[nH]c4ccccc34)N12,COC(=O)C[C@@H]1CC(=O)N2[C@H](Cc3c[nH]c4ccccc34)CO[C@@H]2C1,O=C1CCC[C@H]2OC[C@@H](Cc3c[nH]c4ccccc34)N12,O=C1CCC[C@H]2OC[C@@H](Cc3c[nH]c4ccccc34)N12,O=C1CCC[C@H]2OC[C@@H](Cc3c[nH]c4ccccc34)N12,True,False,False,,1.0,0.578125,342.39500000000015,270.33200000000005,72.0630000000001,False,,,,,,,,,71.63000000000001,45.330000000000005,26.300000000000004,False,,,,,4.0,2.0,2.0,False,4.0,2.0,2.0,False
source_identity,mpair_00001118_cond_00_4p,mpair_00001118,eval,4,"QED,HBD,HBA,RB",Cc1ccc(N2CCN(CCC3NC(=O)c4ccccc43)CC2)cc1C,COc1ccc(N2CCN(CCC3c4ccccc4C(=O)N3C)CC2)cc1,Cc1ccc(N2CCN(CCC3NC(=O)c4ccccc43)CC2)cc1C,O=C1NC(CCN2CCN(c3ccccc3)CC2)c2ccccc21,O=C1NC(CCN2CCN(c3ccccc3)CC2)c2ccccc21,True,False,False,,1.0,0.4444444444444444,,,,,,,,,0.8160326048332845,0.9198864151307602,0.10385381029747565,False,,,,,0.0,1.0,1.0,True,4.0,3.0,1.0,True,5.0,4.0,1.0,True
source_identity,mpair_00001616_cond_00_4p,mpair_00001616,eval,4,"QED,TPSA,HBA,RB",CC1CC(C)(C)Nc2ccc3c(c21)COc1c-3cc(F)cc1[N+](=O)[O-],CC1CC(C)(C)Nc2ccc3c(c21)COc1c(F)cc(F)cc1-3,CC1CC(C)(C)Nc2ccc3c(c21)COc1c-3cc(F)cc1[N+](=O)[O-],c1ccc2c(c1)OCc1c-2ccc2c1CCCN2,c1ccc2c(c1)OCc1c-2ccc2c1CCCN2,True,False,False,,1.0,0.7321428571428571,,,,,,,,,0.719238819171056,0.5855235809891088,0.1337152381819472,False,21.259999999999998,64.39999999999999,43.13999999999999,False,,,,,2.0,4.0,2.0,False,0.0,1.0,1.0,True
source_identity,mpair_00001619_cond_00_4p,mpair_00001619,eval,4,"QED,TPSA,HBA,RB",CC1CC(C)(C)Nc2ccc3c(c21)COc1c-3cc(F)cc1[N+](=O)[O-],Cc1cc(F)cc2c1OCc1c-2ccc2c1C(C)CC(C)(C)N2,CC1CC(C)(C)Nc2ccc3c(c21)COc1c-3cc(F)cc1[N+](=O)[O-],c1ccc2c(c1)OCc1c-2ccc2c1CCCN2,c1ccc2c(c1)OCc1c-2ccc2c1CCCN2,True,False,False,,1.0,0.7192982456140351,,,,,,,,,0.7039179552802654,0.5855235809891088,0.11839437429115651,False,21.259999999999998,64.39999999999999,43.13999999999999,False,,,,,2.0,4.0,2.0,False,0.0,1.0,1.0,True
source_identity,mpair_00002471_cond_01_4p,mpair_00002471,eval,4,"MW,LogP,TPSA,RB",CN(C)CCCOc1cc(C(=O)Nc2ccc(Cl)cc2F)n(Cc2ccccc2)n1,COc1cc(NC(=O)c2cc(OCCCN(C)C)nn2Cc2ccccc2)cc(OC)c1OC,CN(C)CCCOc1cc(C(=O)Nc2ccc(Cl)cc2F)n(Cc2ccccc2)n1,O=C(Nc1ccccc1)c1ccnn1Cc1ccccc1,O=C(Nc1ccccc1)c1ccnn1Cc1ccccc1,True,False,False,,1.0,0.6376811594202898,468.5540000000002,430.9110000000001,37.643000000000086,False,3.5400000000000027,4.306700000000003,0.7667000000000002,True,,,,,87.08000000000001,59.39,27.690000000000012,False,,,,,,,,,12.0,9.0,3.0,False
source_identity,mpair_00002483_cond_02_4p,mpair_00002483,eval,4,"LogP,TPSA,HBA,RB",COc1cc(NC(=O)c2cc(OCCCN(C)C)nn2Cc2ccccc2)cc(OC)c1OC,CN(C)CCCOc1cc(C(=O)Nc2ccc(OC(F)(F)F)cc2)n(Cc2ccccc2)n1,COc1cc(NC(=O)c2cc(OCCCN(C)C)nn2Cc2ccccc2)cc(OC)c1OC,O=C(Nc1ccccc1)c1ccnn1Cc1ccccc1,O=C(Nc1ccccc1)c1ccnn1Cc1ccccc1,True,False,False,,1.0,0.6764705882352942,,,,,4.412800000000003,3.5400000000000027,0.8728000000000007,True,,,,,68.62,87.08000000000001,18.460000000000008,True,,,,,6.0,8.0,2.0,False,10.0,12.0,2.0,False
source_identity,mpair_00002509_cond_01_4p,mpair_00002509,eval,4,"MW,LogP,QED,TPSA",CSc1cc(-c2ccc(Br)cc2)oc(=O)c1C#N,CSc1cc(-c2ccc(Br)cc2)oc(=O)c1Br,CSc1cc(-c2ccc(Br)cc2)oc(=O)c1C#N,O=c1cccc(-c2ccccc2)o1,O=c1cccc(-c2ccccc2)o1,True,False,False,,1.0,0.675,376.0690000000001,322.1830000000001,53.88599999999997,False,4.553700000000002,3.662880000000002,0.8908199999999997,True,0.7207772389894862,0.791886779601309,0.07110954061182284,True,30.21,54.0,23.79,False,,,,,,,,,,,,
source_identity,mpair_00002541_cond_00_4p,mpair_00002541,eval,4,"MW,QED,TPSA,RB",CCOC(=O)c1c(SC)c(C#N)c(-c2ccc(Br)cc2)oc1=O,CSc1cc(-c2ccc(Br)cc2)oc(=O)c1C#N,CCOC(=O)c1c(SC)c(C#N)c(-c2ccc(Br)cc2)oc1=O,O=c1cccc(-c2ccccc2)o1,O=c1cccc(-c2ccccc2)o1,True,False,False,,1.0,0.43103448275862066,322.1830000000001,394.24600000000004,72.06299999999993,False,,,,,0.791886779601309,0.5791804088529054,0.2127063707484036,False,54.0,80.30000000000001,26.30000000000001,False,,,,,,,,,2.0,4.0,2.0,False
source_identity,mpair_00002559_cond_00_4p,mpair_00002559,eval,4,"MW,LogP,QED,RB",CN(C(=O)n1nc(-c2ccc(Cl)cc2)nc1SCC(F)(F)F)c1ccccc1,CSc1nc(-c2ccc(C)cc2)nn1C(=O)N(C)c1ccccc1,CN(C(=O)n1nc(-c2ccc(Cl)cc2)nc1SCC(F)(F)F)c1ccccc1,O=C(Nc1ccccc1)n1cnc(-c2ccccc2)n1,O=C(Nc1ccccc1)n1cnc(-c2ccccc2)n1,True,False,False,,1.0,0.5862068965517241,338.43600000000004,426.8510000000001,88.41500000000008,False,4.079920000000002,5.357400000000003,1.2774800000000006,False,0.6753188675979567,0.5270344401044634,0.14828442749349324,False,,,,,,,,,,,,,3.0,4.0,1.0,True
source_identity,mpair_00002569_cond_01_4p,mpair_00002569,eval,4,"TPSA,HBD,HBA,RB",COc1cc(C(=O)N2CCN(C(=O)c3cc(OC)c(OC)c(OC)c3)CC2)cc(OC)c1OC,COc1cc(C(=O)N2CCN(C(=O)c3cc(OC)c(OC)c(OC)c3)C(CO)C2)cc(OC)c1OC,COc1cc(C(=O)N2CCN(C(=O)c3cc(OC)c(OC)c(OC)c3)CC2)cc(OC)c1OC,O=C(c1ccccc1)N1CCN(C(=O)c2ccccc2)CC1,O=C(c1ccccc1)N1CCN(C(=O)c2ccccc2)CC1,True,False,False,,1.0,0.6341463414634146,,,,,,,,,,,,,116.23000000000002,96.00000000000001,20.230000000000004,False,1.0,0.0,1.0,True,9.0,8.0,1.0,True,9.0,8.0,1.0,True
source_identity,mpair_00002581_cond_00_4p,mpair_00002581,eval,4,"LogP,QED,TPSA,HBA",COc1cc(C(=O)N2CCN(C(=O)c3cc(OC)c(OC)c(OC)c3)C(COC(=O)CC(C)(C)C)C2)cc(OC)c1OC,COc1cc(C(=O)N2CCN(C(=O)c3cc(OC)c(OC)c(OC)c3)CC2)cc(OC)c1OC,COc1cc(C(=O)N2CCN(C(=O)c3cc(OC)c(OC)c(OC)c3)C(COC(=O)CC(C)(C)C)C2)cc(OC)c1OC,O=C(c1ccccc1)N1CCN(C(=O)c2ccccc2)CC1,O=C(c1ccccc1)N1CCN(C(=O)c2ccccc2)CC1,True,False,False,,1.0,0.52,,,,,2.3364000000000003,3.684400000000003,1.3480000000000025,False,0.5754127815390553,0.3521539372279048,0.2232588443111505,False,96.00000000000001,122.30000000000001,26.299999999999997,False,,,,,8.0,10.0,2.0,False,,,,
source_identity,mpair_00002592_cond_00_4p,mpair_00002592,eval,4,"MW,QED,TPSA,RB",COc1cc(C(=O)N2CCN(C(=O)c3cc(OC)c(OC)c(OC)c3)CC2)cc(OC)c1OC,COc1cc(C(=O)N2CCN(C(=O)c3cc(OC)c(OC)c(OC)c3)C(COC(C)=O)C2)cc(OC)c1OC,COc1cc(C(=O)N2CCN(C(=O)c3cc(OC)c(OC)c(OC)c3)CC2)cc(OC)c1OC,O=C(c1ccccc1)N1CCN(C(=O)c2ccccc2)CC1,O=C(c1ccccc1)N1CCN(C(=O)c2ccccc2)CC1,True,False,False,,1.0,0.5777777777777777,546.5730000000003,474.51000000000033,72.06299999999999,False,,,,,0.41028124355120477,0.5754127815390553,0.16513153798785052,False,122.30000000000001,96.00000000000001,26.299999999999997,False,,,,,,,,,10.0,8.0,2.0,False
source_identity,mpair_00002596_cond_00_4p,mpair_00002596,eval,4,"TPSA,HBD,HBA,RB",COc1ccc(C(=O)Nc2c(F)cncc2F)c2ccc(C(F)(F)F)nc12,COc1ccc(C(=O)Nc2c(Cl)cncc2Cl)c2ccc(C(C)O)nc12,COc1ccc(C(=O)Nc2c(F)cncc2F)c2ccc(C(F)(F)F)nc12,O=C(Nc1ccncc1)c1cccc2ncccc12,O=C(Nc1ccncc1)c1cccc2ncccc12,True,False,False,,1.0,0.532258064516129,,,,,,,,,,,,,84.34,64.11,20.230000000000004,False,2.0,1.0,1.0,True,5.0,4.0,1.0,True,4.0,3.0,1.0,True
source_identity,mpair_00002607_cond_02_4p,mpair_00002607,eval,4,"MW,LogP,HBA,RB",COc1ccc(C(=O)Nc2ccncc2Cl)c2cccnc12,COc1ccc(C(=O)Nc2c(Cl)cncc2Cl)c2ccc(C(C)=O)nc12,COc1ccc(C(=O)Nc2ccncc2Cl)c2cccnc12,O=C(Nc1ccncc1)c1cccc2ncccc12,O=C(Nc1ccncc1)c1cccc2ncccc12,True,False,False,,1.0,0.5081967213114754,390.22600000000017,313.744,76.48200000000014,False,4.400100000000002,3.544100000000002,0.8559999999999999,True,,,,,,,,,,,,,5.0,4.0,1.0,True,4.0,3.0,1.0,True
source_identity,mpair_00002617_cond_01_4p,mpair_00002617,eval,4,"QED,TPSA,HBA,RB",COc1ccc(C(=O)Nc2c(Cl)cncc2Cl)c2ccc(C(C)=O)nc12,COc1ccc(C(=O)Nc2ccncc2Cl)c2ccc(C(F)(F)F)nc12,COc1ccc(C(=O)Nc2c(Cl)cncc2Cl)c2ccc(C(C)=O)nc12,O=C(Nc1ccncc1)c1cccc2ncccc12,O=C(Nc1ccncc1)c1cccc2ncccc12,True,True,True,,1.0,0.5396825396825397,,,,,,,,,0.7218484507203837,0.6681926051832562,0.053655845537127544,True,64.11,81.17999999999999,17.069999999999993,True,,,,,4.0,5.0,1.0,True,3.0,4.0,1.0,True
source_identity,mpair_00002625_cond_00_4p,mpair_00002625,eval,4,"MW,QED,HBA,RB",COc1ccc(C(=O)Nc2c(Cl)cncc2Cl)c2ccc(C(C)O)nc12,COc1ccc(C(=O)Nc2c(Cl)cncc2Cl)c2cccnc12,COc1ccc(C(=O)Nc2c(Cl)cncc2Cl)c2ccc(C(C)O)nc12,O=C(Nc1ccncc1)c1cccc2ncccc12,O=C(Nc1ccncc1)c1cccc2ncccc12,True,False,False,,1.0,0.6428571428571429,348.1890000000001,392.24200000000013,44.053000000000054,False,,,,,0.7706046174674384,0.6936033323496321,0.07700128511780624,True,,,,,,,,,4.0,5.0,1.0,True,3.0,4.0,1.0,True
source_identity,mpair_00003114_cond_00_4p,mpair_00003114,eval,4,"MW,LogP,QED,RB",CCCCc1nnc2nc(C)c(C)c(=O)n2n1,Cc1nc2nncnn2c(=O)c1C,CCCCc1nnc2nc(C)c(C)c(=O)n2n1,O=c1ccnc2nncnn12,O=c1ccnc2nncnn12,True,False,False,,1.0,0.4418604651162791,177.167,233.275,56.108000000000004,False,-0.5036600000000002,0.8389399999999998,1.3426,False,0.541825521381232,0.7849999676400611,0.2431744462588291,False,,,,,,,,,,,,,0.0,3.0,3.0,False
source_identity,mpair_00003200_cond_00_4p,mpair_00003200,eval,4,"QED,HBD,HBA,RB",CCOC(=O)c1ccc(NCCCCCCc2cccs2)cc1,O=C(O)c1ccc(NCCCCCCc2cccs2)cc1,CCOC(=O)c1ccc(NCCCCCCc2cccs2)cc1,c1ccc(NCCCCCCc2cccs2)cc1,c1ccc(NCCCCCCc2cccs2)cc1,True,False,False,,1.0,0.7021276595744681,,,,,,,,,0.6622761596792913,0.48374526985121774,0.17853088982807358,False,,,,,2.0,1.0,1.0,True,3.0,4.0,1.0,True,9.0,10.0,1.0,True
source_identity,mpair_00003215_cond_01_4p,mpair_00003215,eval,4,"QED,TPSA,HBA,RB",COC(=O)c1ccc2c(Nc3ccc(Cl)cc3)nc(N3CCOCC3)nc2c1,Clc1ccc(Nc2nc(N3CCOCC3)nc3ccccc23)cc1,COC(=O)c1ccc2c(Nc3ccc(Cl)cc3)nc(N3CCOCC3)nc2c1,c1ccc(Nc2nc(N3CCOCC3)nc3ccccc23)cc1,c1ccc(Nc2nc(N3CCOCC3)nc3ccccc23)cc1,True,False,False,,1.0,0.631578947368421,,,,,,,,,0.784150666451108,0.6719222545699903,0.11222841188111765,False,50.28,76.58,26.299999999999997,False,,,,,5.0,7.0,2.0,False,3.0,4.0,1.0,True
source_identity,mpair_00003222_cond_01_4p,mpair_00003222,eval,4,"QED,TPSA,HBA,RB",COc1ccc(S(=O)(=O)N(Cc2cccnc2)c2c(C)cc(Br)cc2C(=O)NO)cc1,COC(=O)c1cccc(C(=O)NO)c1N(Cc1cccnc1)S(=O)(=O)c1ccc(OC)cc1,COc1ccc(S(=O)(=O)N(Cc2cccnc2)c2c(C)cc(Br)cc2C(=O)NO)cc1,O=S(=O)(c1ccccc1)N(Cc1cccnc1)c1ccccc1,O=S(=O)(c1ccccc1)N(Cc1cccnc1)c1ccccc1,True,False,False,,1.0,0.734375,,,,,,,,,0.29046454626646695,0.3740614499694089,0.08359690370294193,True,135.13,108.83000000000001,26.299999999999983,False,,,,,8.0,6.0,2.0,False,8.0,7.0,1.0,True
source_identity,mpair_00003532_cond_02_4p,mpair_00003532,eval,4,"LogP,QED,TPSA,HBA",CCOC(=O)C(C)Oc1cccc(N(Cc2cccnc2)S(=O)(=O)CC(F)(F)F)c1,CCCC(C)Oc1cccc(N(Cc2cccnc2)S(=O)(=O)CC(F)(F)F)c1,CCOC(=O)C(C)Oc1cccc(N(Cc2cccnc2)S(=O)(=O)CC(F)(F)F)c1,c1ccc(NCc2cccnc2)cc1,c1ccc(NCc2cccnc2)cc1,True,False,False,,1.0,0.746031746031746,,,,,4.547700000000003,3.3107000000000024,1.237000000000001,False,0.6018859517288218,0.5496815697636838,0.05220438196513799,True,59.5,85.80000000000001,26.30000000000001,False,,,,,4.0,6.0,2.0,False,,,,
source_identity,mpair_00003537_cond_01_4p,mpair_00003537,eval,4,"MW,LogP,TPSA,RB",CC(C)COc1cccc(N(Cc2cccnc2)S(=O)(=O)CC(F)(F)F)c1,CCOC(=O)C(C)Oc1cccc(N(Cc2cccnc2)S(=O)(=O)CC(F)(F)F)c1,CC(C)COc1cccc(N(Cc2cccnc2)S(=O)(=O)CC(F)(F)F)c1,c1ccc(NCc2cccnc2)cc1,c1ccc(NCc2cccnc2)cc1,True,False,False,,1.0,0.6984126984126984,446.4470000000001,402.43800000000005,44.00900000000007,False,3.3107000000000024,4.015100000000003,0.7044000000000006,True,,,,,85.80000000000001,59.5,26.30000000000001,False,,,,,,,,,9.0,8.0,1.0,True
source_identity,mpair_00000013_cond_00_5p,mpair_00000013,eval,5,"MW,LogP,QED,HBA,RB",COc1cccc(C(=O)N2C[C@H](CN3CCC(c4ccccc4)CC3)[C@@H](c3ccccc3)C2)c1,O=C(c1ccccc1C(F)(F)F)N1C[C@H](CN2CCC(c3ccccc3)CC2)[C@@H](c2ccccc2)C1,COc1cccc(C(=O)N2C[C@H](CN3CCC(c4ccccc4)CC3)[C@@H](c3ccccc3)C2)c1,O=C(c1ccccc1)N1C[C@H](CN2CCC(c3ccccc3)CC2)[C@@H](c2ccccc2)C1,O=C(c1ccccc1)N1C[C@H](CN2CCC(c3ccccc3)CC2)[C@@H](c2ccccc2)C1,True,False,False,,1.0,0.578125,492.5850000000002,454.61400000000015,37.97100000000006,False,6.4408000000000065,5.430600000000005,1.010200000000001,False,0.4092272471712491,0.49786269936596683,0.08863545219471775,True,,,,,,,,,2.0,3.0,1.0,True,5.0,6.0,1.0,True
source_identity,mpair_00000327_cond_01_5p,mpair_00000327,eval,5,"MW,LogP,QED,HBA,RB",CSC1=C(C(=O)O)N2C(=O)[C@@H](NC(=O)[C@H](N)c3ccccc3)[C@H]2CC1,N[C@@H](C(=O)N[C@@H]1C(=O)N2C(C(=O)O)=C(C(F)(F)F)CC[C@H]12)c1cccc(C(F)(F)F)c1,CSC1=C(C(=O)O)N2C(=O)[C@@H](NC(=O)[C@H](N)c3ccccc3)[C@H]2CC1,O=C(Cc1ccccc1)N[C@@H]1C(=O)N2C=CCC[C@H]12,O=C(Cc1ccccc1)N[C@@H]1C(=O)N2C=CCC[C@H]12,True,False,False,,1.0,0.5757575757575758,451.3230000000001,361.42300000000006,89.90000000000003,False,2.0955999999999997,0.8350000000000002,1.2605999999999995,False,0.4795891963980345,0.6699274889764619,0.19033829257842744,False,,,,,,,,,4.0,5.0,1.0,True,4.0,5.0,1.0,True
source_identity,mpair_00000335_cond_02_5p,mpair_00000335,eval,5,"MW,LogP,TPSA,HBD,HBA",N[C@@H](C(=O)N[C@@H]1C(=O)N2C(C(=O)O)=C(C(F)(F)F)CC[C@H]12)c1cccc(Br)c1,N[C@@H](C(=O)N[C@@H]1C(=O)N2C(C(=O)O)=C(C(F)(F)F)CC[C@H]12)c1ccc(O)cc1,N[C@@H](C(=O)N[C@@H]1C(=O)N2C(C(=O)O)=C(C(F)(F)F)CC[C@H]12)c1cccc(Br)c1,O=C(Cc1ccccc1)N[C@@H]1C(=O)N2C=CCC[C@H]12,O=C(Cc1ccccc1)N[C@@H]1C(=O)N2C=CCC[C@H]12,True,False,False,,1.0,0.7377049180327869,399.3250000000001,462.2220000000001,62.89699999999999,False,0.7823999999999993,1.8392999999999997,1.0569000000000004,False,,,,,132.96,112.73,20.230000000000004,False,4.0,3.0,1.0,True,5.0,4.0,1.0,True,,,,
source_identity,mpair_00000588_cond_00_5p,mpair_00000588,eval,5,"LogP,QED,TPSA,HBD,HBA",OC[C@@H]1N[C@@H](CCCCc2ccc(O)cc2)[C@H](O)[C@H]1O,OC[C@@H]1N[C@@H](CCCCc2cc(F)cc(F)c2)[C@H](O)[C@H]1O,OC[C@@H]1N[C@@H](CCCCc2ccc(O)cc2)[C@H](O)[C@H]1O,c1ccc(CCCC[C@H]2CCCN2)cc1,c1ccc(CCCC[C@H]2CCCN2)cc1,True,False,False,,1.0,0.625,,,,,0.7320999999999995,0.15949999999999964,0.5725999999999999,True,0.5846986769843887,0.47902706341404183,0.10567161357034688,False,72.72,92.95,20.230000000000004,False,4.0,5.0,1.0,True,4.0,5.0,1.0,True,,,,
source_identity,mpair_00000765_cond_01_5p,mpair_00000765,eval,5,"MW,LogP,QED,HBA,RB",COc1cccc(-c2cncc(O[C@@H]3CCNC3)c2)c1,Clc1cccc(-c2cc(O[C@@H]3CCNC3)cnc2Cl)c1,COc1cccc(-c2cncc(O[C@@H]3CCNC3)c2)c1,c1ccc(-c2cncc(O[C@@H]3CCNC3)c2)cc1,c1ccc(-c2cncc(O[C@@H]3CCNC3)c2)cc1,True,False,False,,1.0,0.5,309.196,270.33199999999994,38.86400000000009,False,3.796100000000002,2.4979000000000005,1.2982000000000014,False,0.8758671086324237,0.9267061641096688,0.0508390554772451,True,,,,,,,,,3.0,4.0,1.0,True,3.0,4.0,1.0,True
source_identity,mpair_00002474_cond_01_5p,mpair_00002474,eval,5,"MW,QED,TPSA,HBA,RB",COc1cc(NC(=O)c2cc(OCCCN(C)C)nn2Cc2ccccc2)cc(OC)c1OC,CN(C)CCCOc1cc(C(=O)Nc2ccc(Cl)cc2F)n(Cc2ccccc2)n1,COc1cc(NC(=O)c2cc(OCCCN(C)C)nn2Cc2ccccc2)cc(OC)c1OC,O=C(Nc1ccccc1)c1ccnn1Cc1ccccc1,O=C(Nc1ccccc1)c1ccnn1Cc1ccccc1,True,False,False,,1.0,0.6376811594202898,430.9110000000001,468.5540000000002,37.643000000000086,False,,,,,0.5138601191048354,0.4069700768443977,0.10689004226043775,False,59.39,87.08000000000001,27.690000000000012,False,,,,,5.0,8.0,3.0,False,9.0,12.0,3.0,False
source_identity,mpair_00002509_cond_00_5p,mpair_00002509,eval,5,"MW,LogP,QED,TPSA,HBA",CSc1cc(-c2ccc(Br)cc2)oc(=O)c1C#N,CSc1cc(-c2ccc(Br)cc2)oc(=O)c1Br,CSc1cc(-c2ccc(Br)cc2)oc(=O)c1C#N,O=c1cccc(-c2ccccc2)o1,O=c1cccc(-c2ccccc2)o1,True,False,False,,1.0,0.675,376.0690000000001,322.1830000000001,53.88599999999997,False,4.553700000000002,3.662880000000002,0.8908199999999997,True,0.7207772389894862,0.791886779601309,0.07110954061182284,True,30.21,54.0,23.79,False,,,,,3.0,4.0,1.0,True,,,,
source_identity,mpair_00002543_cond_02_5p,mpair_00002543,eval,5,"MW,QED,TPSA,HBA,RB",CSc1cc(-c2ccc(Br)cc2)oc(=O)c1Cl,CSc1cc(-c2ccc(Cl)cc2)oc(=O)c1C(N)=O,CSc1cc(-c2ccc(Br)cc2)oc(=O)c1Cl,O=c1cccc(-c2ccccc2)o1,O=c1cccc(-c2ccccc2)o1,True,False,False,,1.0,0.5217391304347826,295.747,331.61800000000005,35.87100000000004,False,,,,,0.8837306867126842,0.7618841288913727,0.12184655782131149,False,73.30000000000001,30.21,43.09000000000001,False,,,,,4.0,3.0,1.0,True,3.0,2.0,1.0,True
source_identity,mpair_00002579_cond_00_5p,mpair_00002579,eval,5,"MW,LogP,QED,HBD,HBA",COc1cc(C(=O)N2CCN(C(=O)c3cc(OC)c(OC)c(OC)c3)CC2)cc(OC)c1OC,COc1cc(C(=O)N2CCN(C(=O)c3cc(OC)c(OC)c(OC)c3)C(COC(=O)NCCC(C)C)C2)cc(OC)c1OC,COc1cc(C(=O)N2CCN(C(=O)c3cc(OC)c(OC)c(OC)c3)CC2)cc(OC)c1OC,O=C(c1ccccc1)N1CCN(C(=O)c2ccccc2)CC1,O=C(c1ccccc1)N1CCN(C(=O)c2ccccc2)CC1,True,False,False,,1.0,0.48148148148148145,617.6960000000003,474.51000000000033,143.18599999999992,False,3.4773000000000023,2.3364000000000003,1.140900000000002,False,0.3561059094946873,0.5754127815390553,0.219306872044368,False,,,,,1.0,0.0,1.0,True,10.0,8.0,2.0,False,,,,
source_identity,mpair_00002590_cond_01_5p,mpair_00002590,eval,5,"MW,LogP,QED,HBD,RB",COc1cc(C(=O)N2CCN(C(=O)c3cc(OC)c(OC)c(OC)c3)C(COC(=O)NCCC(C)C)C2)cc(OC)c1OC,COc1cc(C(=O)N2CCN(C(=O)c3cc(OC)c(OC)c(OC)c3)C(COC(C)=O)C2)cc(OC)c1OC,COc1cc(C(=O)N2CCN(C(=O)c3cc(OC)c(OC)c(OC)c3)C(COC(=O)NCCC(C)C)C2)cc(OC)c1OC,O=C(c1ccccc1)N1CCN(C(=O)c2ccccc2)CC1,O=C(c1ccccc1)N1CCN(C(=O)c2ccccc2)CC1,True,False,False,,1.0,0.7017543859649122,546.5730000000003,617.6960000000003,71.12299999999993,False,2.2681000000000004,3.4773000000000023,1.2092000000000018,False,0.41028124355120477,0.3561059094946873,0.05417533405651748,True,,,,,0.0,1.0,1.0,True,,,,,10.0,13.0,3.0,False
source_identity,mpair_00002625_cond_01_5p,mpair_00002625,eval,5,"MW,QED,TPSA,HBD,RB",COc1ccc(C(=O)Nc2c(Cl)cncc2Cl)c2ccc(C(C)O)nc12,COc1ccc(C(=O)Nc2c(Cl)cncc2Cl)c2cccnc12,COc1ccc(C(=O)Nc2c(Cl)cncc2Cl)c2ccc(C(C)O)nc12,O=C(Nc1ccncc1)c1cccc2ncccc12,O=C(Nc1ccncc1)c1cccc2ncccc12,True,False,False,,1.0,0.6428571428571429,348.1890000000001,392.24200000000013,44.053000000000054,False,,,,,0.7706046174674384,0.6936033323496321,0.07700128511780624,True,64.11,84.34,20.230000000000004,False,1.0,2.0,1.0,True,,,,,3.0,4.0,1.0,True
source_identity,mpair_00002631_cond_02_5p,mpair_00002631,eval,5,"LogP,TPSA,HBD,HBA,RB",CC(C)(C)[C@H](O)C(=O)N1C[C@H](c2ccccc2)C[C@H]1C(=O)N[C@@H](CC(F)F)C(=O)NCCc1c(F)cc(C(=O)O)cc1F,CC(C)CC(=O)N1C[C@H](c2ccccc2)C[C@H]1C(=O)N[C@@H](CC(F)F)C(=O)NCCc1c(F)cc(C(=O)O)cc1F,CC(C)(C)[C@H](O)C(=O)N1C[C@H](c2ccccc2)C[C@H]1C(=O)N[C@@H](CC(F)F)C(=O)NCCc1c(F)cc(C(=O)O)cc1F,O=C(CNC(=O)[C@@H]1C[C@@H](c2ccccc2)CN1)NCCc1ccccc1,O=C(CNC(=O)[C@@H]1C[C@@H](c2ccccc2)CN1)NCCc1ccccc1,True,False,False,,1.0,0.7567567567567568,,,,,3.892500000000002,3.253400000000001,0.6391000000000009,True,,,,,115.81000000000002,136.04,20.229999999999976,False,3.0,4.0,1.0,True,4.0,5.0,1.0,True,12.0,11.0,1.0,True
source_identity,mpair_00003217_cond_00_5p,mpair_00003217,eval,5,"MW,QED,TPSA,HBA,RB",Clc1ccc(Nc2nc(N3CCOCC3)nc3ccccc23)cc1,COC(=O)c1ccc2c(Nc3ccc(Cl)cc3)nc(N3CCOCC3)nc2c1,Clc1ccc(Nc2nc(N3CCOCC3)nc3ccccc23)cc1,c1ccc(Nc2nc(N3CCOCC3)nc3ccccc23)cc1,c1ccc(Nc2nc(N3CCOCC3)nc3ccccc23)cc1,True,False,False,,1.0,0.631578947368421,398.85000000000025,340.81399999999996,58.036000000000286,False,,,,,0.6719222545699903,0.784150666451108,0.11222841188111765,False,76.58,50.28,26.299999999999997,False,,,,,7.0,5.0,2.0,False,4.0,3.0,1.0,True
source_identity,mpair_00000339_cond_01_6p,mpair_00000339,eval,6,"MW,LogP,QED,TPSA,HBD,HBA",N[C@@H](C(=O)N[C@@H]1C(=O)N2C(C(=O)O)=C(C(F)(F)F)CC[C@H]12)c1cccc(C(F)(F)F)c1,N[C@@H](C(=O)N[C@@H]1C(=O)N2C(C(=O)O)=C(C(F)(F)F)CC[C@H]12)c1ccc(O)cc1,N[C@@H](C(=O)N[C@@H]1C(=O)N2C(C(=O)O)=C(C(F)(F)F)CC[C@H]12)c1cccc(C(F)(F)F)c1,O=C(Cc1ccccc1)N[C@@H]1C(=O)N2C=CCC[C@H]12,O=C(Cc1ccccc1)N[C@@H]1C(=O)N2C=CCC[C@H]12,True,False,False,,1.0,0.7377049180327869,399.3250000000001,451.3230000000001,51.99799999999999,False,0.7823999999999993,2.0955999999999997,1.3132000000000004,False,0.5533729404309352,0.4795891963980345,0.07378374403290072,True,132.96,112.73,20.230000000000004,False,4.0,3.0,1.0,True,5.0,4.0,1.0,True,,,,
source_identity,mpair_00001127_cond_01_6p,mpair_00001127,eval,6,"LogP,QED,TPSA,HBD,HBA,RB",CN1C(=O)c2ccccc2C1CCN1CCN(c2ccc(Cl)cc2)CC1,COc1ccc(N2CCN(CCC3NC(=O)c4ccccc43)CC2)cc1,CN1C(=O)c2ccccc2C1CCN1CCN(c2ccc(Cl)cc2)CC1,O=C1NC(CCN2CCN(c3ccccc3)CC2)c2ccccc21,O=C1NC(CCN2CCN(c3ccccc3)CC2)c2ccccc21,True,True,True,,1.0,0.48333333333333334,,,,,2.692000000000001,3.679000000000003,0.9870000000000019,True,0.8996022198661571,0.8221231339252668,0.07747908594089026,True,44.81,26.790000000000006,18.019999999999996,True,1.0,0.0,1.0,True,4.0,3.0,1.0,True,5.0,4.0,1.0,True
source_identity,mpair_00002579_cond_01_6p,mpair_00002579,eval,6,"MW,LogP,QED,HBD,HBA,RB",COc1cc(C(=O)N2CCN(C(=O)c3cc(OC)c(OC)c(OC)c3)CC2)cc(OC)c1OC,COc1cc(C(=O)N2CCN(C(=O)c3cc(OC)c(OC)c(OC)c3)C(COC(=O)NCCC(C)C)C2)cc(OC)c1OC,COc1cc(C(=O)N2CCN(C(=O)c3cc(OC)c(OC)c(OC)c3)CC2)cc(OC)c1OC,O=C(c1ccccc1)N1CCN(C(=O)c2ccccc2)CC1,O=C(c1ccccc1)N1CCN(C(=O)c2ccccc2)CC1,True,False,False,,1.0,0.48148148148148145,617.6960000000003,474.51000000000033,143.18599999999992,False,3.4773000000000023,2.3364000000000003,1.140900000000002,False,0.3561059094946873,0.5754127815390553,0.219306872044368,False,,,,,1.0,0.0,1.0,True,10.0,8.0,2.0,False,13.0,8.0,5.0,False
source_identity,mpair_00002586_cond_00_6p,mpair_00002586,eval,6,"MW,LogP,QED,HBD,HBA,RB",COc1cc(C(=O)N2CCN(C(=O)c3cc(OC)c(OC)c(OC)c3)C(COC(=O)CC(C)(C)C)C2)cc(OC)c1OC,COc1cc(C(=O)N2CCN(C(=O)c3cc(OC)c(OC)c(OC)c3)C(CO)C2)cc(OC)c1OC,COc1cc(C(=O)N2CCN(C(=O)c3cc(OC)c(OC)c(OC)c3)C(COC(=O)CC(C)(C)C)C2)cc(OC)c1OC,O=C(c1ccccc1)N1CCN(C(=O)c2ccccc2)CC1,O=C(c1ccccc1)N1CCN(C(=O)c2ccccc2)CC1,True,False,False,,1.0,0.6792452830188679,504.53600000000034,602.6810000000004,98.14500000000004,False,1.6973000000000003,3.684400000000003,1.9871000000000025,False,0.544633228323374,0.3521539372279048,0.19247929109546924,False,,,,,1.0,0.0,1.0,True,9.0,10.0,1.0,True,9.0,11.0,2.0,False
source_identity,mpair_00002613_cond_01_6p,mpair_00002613,eval,6,"LogP,QED,TPSA,HBD,HBA,RB",COc1ccc(C(=O)Nc2ccncc2Cl)c2cccnc12,COc1ccc(C(=O)Nc2c(Cl)cncc2Cl)c2ccc(C(C)O)nc12,COc1ccc(C(=O)Nc2ccncc2Cl)c2cccnc12,O=C(Nc1ccncc1)c1cccc2ncccc12,O=C(Nc1ccncc1)c1cccc2ncccc12,True,False,False,,1.0,0.49206349206349204,,,,,4.2508000000000035,3.544100000000002,0.7067000000000014,True,0.6936033323496321,0.8029165077767629,0.10931317542713082,False,84.34,64.11,20.230000000000004,False,2.0,1.0,1.0,True,5.0,4.0,1.0,True,4.0,3.0,1.0,True
source_identity,mpair_00003218_cond_02_6p,mpair_00003218,eval,6,"MW,LogP,QED,TPSA,HBA,RB",COC(=O)c1cccc(C(=O)NO)c1N(Cc1cccnc1)S(=O)(=O)c1ccc(OC)cc1,COc1ccc(S(=O)(=O)N(Cc2cccnc2)c2c(C)cccc2C(=O)NO)cc1,COC(=O)c1cccc(C(=O)NO)c1N(Cc1cccnc1)S(=O)(=O)c1ccc(OC)cc1,O=S(=O)(c1ccccc1)N(Cc1cccnc1)c1ccccc1,O=S(=O)(c1ccccc1)N(Cc1cccnc1)c1ccccc1,True,False,False,,1.0,0.8333333333333334,427.48200000000014,471.49100000000016,44.009000000000015,False,2.91312,2.391300000000001,0.5218199999999991,True,0.44330794633881315,0.29046454626646695,0.1528434000723462,False,108.83000000000001,135.13,26.299999999999983,False,,,,,6.0,8.0,2.0,False,7.0,8.0,1.0,True
source_identity,mpair_00002522_cond_01_7p,mpair_00002522,eval,7,"MW,LogP,QED,TPSA,HBD,HBA,RB",CSc1cc(-c2ccc(Cl)cc2)oc(=O)c1,CSc1cc(-c2ccc(Cl)cc2)oc(=O)c1C(N)=O,CSc1cc(-c2ccc(Cl)cc2)oc(=O)c1,O=c1cccc(-c2ccccc2)o1,O=c1cccc(-c2ccccc2)o1,True,False,False,,1.0,0.4888888888888889,295.747,252.72199999999998,43.025000000000034,False,2.7810000000000006,3.682100000000002,0.9011000000000013,True,0.8837306867126842,0.7640571553591999,0.11967353135348424,False,73.30000000000001,30.21,43.09000000000001,False,1.0,0.0,1.0,True,4.0,3.0,1.0,True,3.0,2.0,1.0,True
source_identity,mpair_00002553_cond_02_7p,mpair_00002553,eval,7,"MW,LogP,QED,TPSA,HBD,HBA,RB",CSc1cc(-c2ccc(Cl)cc2)oc(=O)c1C(N)=O,CSc1cc(-c2ccc(Cl)cc2)oc(=O)c1Br,CSc1cc(-c2ccc(Cl)cc2)oc(=O)c1C(N)=O,O=c1cccc(-c2ccccc2)o1,O=c1cccc(-c2ccccc2)o1,True,False,False,,1.0,0.627906976744186,331.61799999999994,295.747,35.870999999999924,False,4.444600000000001,2.7810000000000006,1.6636000000000006,False,0.7618841288913729,0.8837306867126842,0.12184655782131126,False,30.21,73.30000000000001,43.09000000000001,False,0.0,1.0,1.0,True,3.0,4.0,1.0,True,2.0,3.0,1.0,True
scaffold_property_retrieval,mpair_00000002_cond_02_2p,mpair_00000002,eval,2,"LogP,QED",O=C(c1cccc(Cl)c1)N1C[C@H](CN2CCC(c3ccccc3)CC2)[C@@H](c2ccccc2)C1,O=C(c1ccccc1F)N1C[C@H](CN2CCC(c3ccccc3)CC2)[C@@H](c2ccccc2)C1,O=C(c1cccc(Cl)c1)N1C[C@H](CN2CCC(c3ccccc3)CC2)[C@@H](c2ccccc2)C1,O=C(c1ccccc1)N1C[C@H](CN2CCC(c3ccccc3)CC2)[C@@H](c2ccccc2)C1,O=C(c1ccccc1)N1C[C@H](CN2CCC(c3ccccc3)CC2)[C@@H](c2ccccc2)C1,True,True,True,source_identity,1.0,0.6379310344827587,,,,,5.561100000000006,6.075400000000006,0.5143000000000004,True,0.5164092889512721,0.4625029539066648,0.053906335044607345,True,,,,,,,,,,,,,,,,
scaffold_property_retrieval,mpair_00000005_cond_01_2p,mpair_00000005,eval,2,"HBA,RB",O=C(c1ccccc1F)N1C[C@H](CN2CCC(c3ccccc3)CC2)[C@@H](c2ccccc2)C1,COc1cccc(C(=O)N2C[C@H](CN3CCC(c4ccccc4)CC3)[C@@H](c3ccccc3)C2)c1,O=C(c1ccccc1F)N1C[C@H](CN2CCC(c3ccccc3)CC2)[C@@H](c2ccccc2)C1,O=C(c1ccccc1)N1C[C@H](CN2CCC(c3ccccc3)CC2)[C@@H](c2ccccc2)C1,O=C(c1ccccc1)N1C[C@H](CN2CCC(c3ccccc3)CC2)[C@@H](c2ccccc2)C1,True,True,True,source_identity,1.0,0.6065573770491803,,,,,,,,,,,,,,,,,,,,,3.0,2.0,1.0,True,6.0,5.0,1.0,True
scaffold_property_retrieval,mpair_00000007_cond_02_2p,mpair_00000007,eval,2,"LogP,QED",O=C(c1ccccc1F)N1C[C@H](CN2CCC(c3ccccc3)CC2)[C@@H](c2ccccc2)C1,O=C(c1cccc(Cl)c1)N1C[C@H](CN2CCC(c3ccccc3)CC2)[C@@H](c2ccccc2)C1,O=C(c1ccccc1F)N1C[C@H](CN2CCC(c3ccccc3)CC2)[C@@H](c2ccccc2)C1,O=C(c1ccccc1)N1C[C@H](CN2CCC(c3ccccc3)CC2)[C@@H](c2ccccc2)C1,O=C(c1ccccc1)N1C[C@H](CN2CCC(c3ccccc3)CC2)[C@@H](c2ccccc2)C1,True,True,True,source_identity,1.0,0.6379310344827587,,,,,6.075400000000006,5.561100000000006,0.5143000000000004,True,0.4625029539066648,0.5164092889512721,0.053906335044607345,True,,,,,,,,,,,,,,,,
scaffold_property_retrieval,mpair_00000011_cond_01_2p,mpair_00000011,eval,2,"HBA,RB",COc1cccc(C(=O)N2C[C@H](CN3CCC(c4ccccc4)CC3)[C@@H](c3ccccc3)C2)c1,O=C(c1ccccc1F)N1C[C@H](CN2CCC(c3ccccc3)CC2)[C@@H](c2ccccc2)C1,COc1cccc(C(=O)N2C[C@H](CN3CCC(c4ccccc4)CC3)[C@@H](c3ccccc3)C2)c1,O=C(c1ccccc1)N1C[C@H](CN2CCC(c3ccccc3)CC2)[C@@H](c2ccccc2)C1,O=C(c1ccccc1)N1C[C@H](CN2CCC(c3ccccc3)CC2)[C@@H](c2ccccc2)C1,True,True,True,source_identity,1.0,0.6065573770491803,,,,,,,,,,,,,,,,,,,,,2.0,3.0,1.0,True,5.0,6.0,1.0,True
scaffold_property_retrieval,mpair_00000015_cond_00_2p,mpair_00000015,eval,2,"LogP,TPSA",O=C(O)CC[C@H]1CC[C@H]2CN[C@H](C(=O)O)C[C@H]2C1,O=C(O)[C@@H]1C[C@H]2C[C@@H](CCS(=O)(=O)O)CC[C@H]2CN1,O=C(O)CC[C@H]1CC[C@H]2CN[C@H](C(=O)O)C[C@H]2C1,C1CC[C@H]2CNCC[C@H]2C1,C1CC[C@H]2CNCC[C@H]2C1,True,True,True,source_identity,1.0,0.6829268292682927,,,,,0.7433000000000001,1.3301999999999996,0.5868999999999995,True,,,,,103.7,86.63000000000001,17.069999999999993,True,,,,,,,,,,,,
scaffold_property_retrieval,mpair_00000323_cond_01_2p,mpair_00000323,eval,2,"TPSA,HBA",N[C@@H](C(=O)N[C@@H]1C(=O)N2C(C(=O)O)=C(C(F)(F)F)CC[C@H]12)c1ccc(F)cc1,N[C@@H](C(=O)N[C@@H]1C(=O)N2C(C(=O)O)=C(C(F)(F)F)CC[C@H]12)c1ccc(O)cc1,N[C@@H](C(=O)N[C@@H]1C(=O)N2C(C(=O)O)=C(C(F)(F)F)CC[C@H]12)c1ccc(F)cc1,O=C(Cc1ccccc1)N[C@@H]1C(=O)N2C=CCC[C@H]12,O=C(Cc1ccccc1)N[C@@H]1C(=O)N2C=CCC[C@H]12,True,False,False,source_identity,1.0,0.8545454545454545,,,,,,,,,,,,,132.96,112.73,20.230000000000004,False,,,,,5.0,4.0,1.0,True,,,,
scaffold_property_retrieval,mpair_00000330_cond_00_2p,mpair_00000330,eval,2,"QED,HBD",N[C@@H](C(=O)N[C@@H]1C(=O)N2C(C(=O)O)=C(C(F)(F)F)CC[C@H]12)c1ccc(O)cc1,N[C@@H](C(=O)N[C@@H]1C(=O)N2C(C(=O)O)=C(C(F)(F)F)CC[C@H]12)c1cccc(C(F)(F)F)c1,N[C@@H](C(=O)N[C@@H]1C(=O)N2C(C(=O)O)=C(C(F)(F)F)CC[C@H]12)c1ccc(O)cc1,O=C(Cc1ccccc1)N[C@@H]1C(=O)N2C=CCC[C@H]12,O=C(Cc1ccccc1)N[C@@H]1C(=O)N2C=CCC[C@H]12,True,True,True,source_identity,1.0,0.7377049180327869,,,,,,,,,0.4795891963980345,0.5533729404309352,0.07378374403290072,True,,,,,3.0,4.0,1.0,True,,,,,,,,
scaffold_property_retrieval,mpair_00000337_cond_01_2p,mpair_00000337,eval,2,"MW,LogP",N[C@@H](C(=O)N[C@@H]1C(=O)N2C(C(=O)O)=C(C(F)(F)F)CC[C@H]12)c1cccc(C(F)(F)F)c1,N[C@@H](C(=O)N[C@@H]1C(=O)N2C(C(=O)O)=C(C(F)(F)F)CC[C@H]12)c1ccc(F)cc1,N[C@@H](C(=O)N[C@@H]1C(=O)N2C(C(=O)O)=C(C(F)(F)F)CC[C@H]12)c1cccc(C(F)(F)F)c1,O=C(Cc1ccccc1)N[C@@H]1C(=O)N2C=CCC[C@H]12,O=C(Cc1ccccc1)N[C@@H]1C(=O)N2C=CCC[C@H]12,True,False,False,source_identity,1.0,0.7377049180327869,401.3160000000001,451.3230000000001,50.007000000000005,False,1.2158999999999993,2.0955999999999997,0.8797000000000004,True,,,,,,,,,,,,,,,,,,,,
scaffold_property_retrieval,mpair_00000586_cond_00_2p,mpair_00000586,eval,2,"LogP,HBD",OC[C@@H]1N[C@@H](CCCCc2cc(F)cc(F)c2)[C@H](O)[C@H]1O,OC[C@@H]1N[C@@H](CCCCc2ccc(O)cc2)[C@H](O)[C@H]1O,OC[C@@H]1N[C@@H](CCCCc2cc(F)cc(F)c2)[C@H](O)[C@H]1O,c1ccc(CCCC[C@H]2CCCN2)cc1,c1ccc(CCCC[C@H]2CCCN2)cc1,True,True,True,source_identity,1.0,0.625,,,,,0.15949999999999964,0.7320999999999995,0.5725999999999999,True,,,,,,,,,5.0,4.0,1.0,True,,,,,,,,
scaffold_property_retrieval,mpair_00000589_cond_01_2p,mpair_00000589,eval,2,"HBA,RB",COc1ccc(CCCC[C@@H]2N[C@@H](CO)[C@H](O)[C@H]2O)cc1,OC[C@@H]1N[C@@H](CCCCc2ccc(F)cc2)[C@H](O)[C@H]1O,COc1ccc(CCCC[C@@H]2N[C@@H](CO)[C@H](O)[C@H]2O)cc1,c1ccc(CCCC[C@H]2CCCN2)cc1,c1ccc(CCCC[C@H]2CCCN2)cc1,True,True,True,source_identity,1.0,0.6829268292682927,,,,,,,,,,,,,,,,,,,,,4.0,5.0,1.0,True,6.0,7.0,1.0,True
scaffold_property_retrieval,mpair_00000591_cond_00_2p,mpair_00000591,eval,2,"HBD,HBA",OC[C@@H]1N[C@@H](CCCCc2ccc(F)cc2)[C@H](O)[C@H]1O,OC[C@@H]1N[C@@H](CCCCc2ccc(O)cc2)[C@H](O)[C@H]1O,OC[C@@H]1N[C@@H](CCCCc2ccc(F)cc2)[C@H](O)[C@H]1O,c1ccc(CCCC[C@H]2CCCN2)cc1,c1ccc(CCCC[C@H]2CCCN2)cc1,True,True,True,source_identity,1.0,0.7567567567567568,,,,,,,,,,,,,,,,,5.0,4.0,1.0,True,5.0,4.0,1.0,True,,,,
scaffold_property_retrieval,mpair_00000593_cond_00_2p,mpair_00000593,eval,2,"HBA,RB",OC[C@@H]1N[C@@H](CCCCc2cc(F)cc(F)c2)[C@H](O)[C@H]1O,COc1ccc(CCCC[C@@H]2N[C@@H](CO)[C@H](O)[C@H]2O)cc1,OC[C@@H]1N[C@@H](CCCCc2cc(F)cc(F)c2)[C@H](O)[C@H]1O,c1ccc(CCCC[C@H]2CCCN2)cc1,c1ccc(CCCC[C@H]2CCCN2)cc1,True,True,True,source_identity,1.0,0.5681818181818182,,,,,,,,,,,,,,,,,,,,,5.0,4.0,1.0,True,7.0,6.0,1.0,True
scaffold_property_retrieval,mpair_00000594_cond_02_2p,mpair_00000594,eval,2,"HBA,RB",COc1ccc(CCCC[C@@H]2N[C@@H](CO)[C@H](O)[C@H]2O)cc1,OC[C@@H]1N[C@@H](CCCCc2cc(F)cc(F)c2)[C@H](O)[C@H]1O,COc1ccc(CCCC[C@@H]2N[C@@H](CO)[C@H](O)[C@H]2O)cc1,c1ccc(CCCC[C@H]2CCCN2)cc1,c1ccc(CCCC[C@H]2CCCN2)cc1,True,True,True,source_identity,1.0,0.5681818181818182,,,,,,,,,,,,,,,,,,,,,4.0,5.0,1.0,True,6.0,7.0,1.0,True
scaffold_property_retrieval,mpair_00000597_cond_00_2p,mpair_00000597,eval,2,"QED,HBA",OC[C@@H]1N[C@@H](CCCCc2ccc(O)cc2)[C@H](O)[C@H]1O,OC[C@@H]1N[C@@H](CCCCc2ccc(F)cc2)[C@H](O)[C@H]1O,OC[C@@H]1N[C@@H](CCCCc2ccc(O)cc2)[C@H](O)[C@H]1O,c1ccc(CCCC[C@H]2CCCN2)cc1,c1ccc(CCCC[C@H]2CCCN2)cc1,True,True,True,source_identity,1.0,0.7567567567567568,,,,,,,,,0.5767746304019578,0.47902706341404183,0.09774756698791592,True,,,,,,,,,4.0,5.0,1.0,True,,,,
scaffold_property_retrieval,mpair_00000725_cond_00_2p,mpair_00000725,eval,2,"LogP,RB",C=CCc1cc(/C=C2\SC(=O)NC2=O)c(OC)cc1OC1CCCCO1,C=CCc1cc(/C=C2\SC(=O)N(CC=C(C)C)C2=O)c(OC)cc1OC1CCCCO1,C=CCc1cc(/C=C2\SC(=O)NC2=O)c(OC)cc1OC1CCCCO1,O=C1NC(=O)/C(=C/c2ccc(OC3CCCCO3)cc2)S1,O=C1NC(=O)/C(=C/c2ccc(OC3CCCCO3)cc2)S1,True,False,False,source_identity,1.0,0.647887323943662,,,,,5.331600000000005,3.6530000000000022,1.678600000000003,False,,,,,,,,,,,,,,,,,8.0,6.0,2.0,False
scaffold_property_retrieval,mpair_00000729_cond_01_2p,mpair_00000729,eval,2,"LogP,QED",C=CCc1cc(/C=C2\SC(=O)N(CC=C(C)C)C2=O)c(OC)cc1OC1CCCCO1,C=CCc1cc(/C=C2\SC(=O)N(CC=C)C2=O)c(OC)cc1OC1CCCCO1,C=CCc1cc(/C=C2\SC(=O)N(CC=C(C)C)C2=O)c(OC)cc1OC1CCCCO1,O=C1NC(=O)/C(=C/c2ccc(OC3CCCCO3)cc2)S1,O=C1NC(=O)/C(=C/c2ccc(OC3CCCCO3)cc2)S1,True,True,True,source_identity,1.0,0.8615384615384616,,,,,4.551400000000004,5.331600000000005,0.7802000000000016,True,0.45838471716690443,0.3995752918375223,0.05880942532938216,True,,,,,,,,,,,,,,,,
scaffold_property_retrieval,mpair_00000731_cond_02_2p,mpair_00000731,eval,2,"LogP,RB",C=CCc1cc(/C=C2\SC(=O)N(C(C)C)C2=O)c(OC)cc1OC1CCCCO1,C=CCc1cc(/C=C2\SC(=O)N(CC=C(C)C)C2=O)c(OC)cc1OC1CCCCO1,C=CCc1cc(/C=C2\SC(=O)N(C(C)C)C2=O)c(OC)cc1OC1CCCCO1,O=C1NC(=O)/C(=C/c2ccc(OC3CCCCO3)cc2)S1,O=C1NC(=O)/C(=C/c2ccc(OC3CCCCO3)cc2)S1,True,True,True,source_identity,1.0,0.7183098591549296,,,,,5.331600000000005,4.773800000000004,0.5578000000000012,True,,,,,,,,,,,,,,,,,8.0,7.0,1.0,True
scaffold_property_retrieval,mpair_00000734_cond_02_2p,mpair_00000734,eval,2,"MW,QED",C=CCc1cc(/C=C2\SC(=O)N(CCCC)C2=O)c(OC)cc1OC1CCCCO1,C=CCc1cc(/C=C2\SC(=O)N(C)C2=O)c(OC)cc1OC1CCCCO1,C=CCc1cc(/C=C2\SC(=O)N(CCCC)C2=O)c(OC)cc1OC1CCCCO1,O=C1NC(=O)/C(=C/c2ccc(OC3CCCCO3)cc2)S1,O=C1NC(=O)/C(=C/c2ccc(OC3CCCCO3)cc2)S1,True,False,False,source_identity,1.0,0.7878787878787878,389.4730000000002,431.55400000000026,42.081000000000074,False,,,,,0.5413211960634129,0.39718598618589046,0.14413520987752243,False,,,,,,,,,,,,,,,,
scaffold_property_retrieval,mpair_00000737_cond_00_2p,mpair_00000737,eval,2,"QED,HBD",C=CCc1cc(/C=C2\SC(=O)NC2=O)c(OC)cc1OC1CCCCO1,C=CCc1cc(/C=C2\SC(=O)N(C)C2=O)c(OC)cc1OC1CCCCO1,C=CCc1cc(/C=C2\SC(=O)NC2=O)c(OC)cc1OC1CCCCO1,O=C1NC(=O)/C(=C/c2ccc(OC3CCCCO3)cc2)S1,O=C1NC(=O)/C(=C/c2ccc(OC3CCCCO3)cc2)S1,True,True,True,source_identity,1.0,0.71875,,,,,,,,,0.5413211960634129,0.6042673504148035,0.06294615435139062,True,,,,,0.0,1.0,1.0,True,,,,,,,,
scaffold_property_retrieval,mpair_00000738_cond_02_2p,mpair_00000738,eval,2,"LogP,QED",C=CCc1cc(/C=C2\SC(=O)N(C(C)C)C2=O)c(OC)cc1OC1CCCCO1,C=CCc1cc(/C=C2\SC(=O)N(C)C2=O)c(OC)cc1OC1CCCCO1,C=CCc1cc(/C=C2\SC(=O)N(C(C)C)C2=O)c(OC)cc1OC1CCCCO1,O=C1NC(=O)/C(=C/c2ccc(OC3CCCCO3)cc2)S1,O=C1NC(=O)/C(=C/c2ccc(OC3CCCCO3)cc2)S1,True,True,True,source_identity,1.0,0.796875,,,,,3.9952000000000023,4.773800000000004,0.7786000000000017,True,0.5413211960634129,0.4701504427149941,0.07117075334841877,True,,,,,,,,,,,,,,,,
scaffold_property_retrieval,mpair_00000743_cond_01_2p,mpair_00000743,eval,2,"LogP,RB",C=CCc1cc(/C=C2\SC(=O)N(CC=C)C2=O)c(OC)cc1OC1CCCCO1,C=CCc1cc(/C=C2\SC(=O)N(C)C2=O)c(OC)cc1OC1CCCCO1,C=CCc1cc(/C=C2\SC(=O)N(CC=C)C2=O)c(OC)cc1OC1CCCCO1,O=C1NC(=O)/C(=C/c2ccc(OC3CCCCO3)cc2)S1,O=C1NC(=O)/C(=C/c2ccc(OC3CCCCO3)cc2)S1,True,False,False,source_identity,1.0,0.8095238095238095,,,,,3.9952000000000023,4.551400000000004,0.5562000000000014,True,,,,,,,,,,,,,,,,,6.0,8.0,2.0,False
scaffold_property_retrieval,mpair_00000745_cond_01_2p,mpair_00000745,eval,2,"QED,HBD",C=CCc1cc(/C=C2\SC(=O)N(C)C2=O)c(OC)cc1OC1CCCCO1,C=CCc1cc(/C=C2\SC(=O)NC2=O)c(OC)cc1OC1CCCCO1,C=CCc1cc(/C=C2\SC(=O)N(C)C2=O)c(OC)cc1OC1CCCCO1,O=C1NC(=O)/C(=C/c2ccc(OC3CCCCO3)cc2)S1,O=C1NC(=O)/C(=C/c2ccc(OC3CCCCO3)cc2)S1,True,True,True,source_identity,1.0,0.71875,,,,,,,,,0.6042673504148035,0.5413211960634129,0.06294615435139062,True,,,,,1.0,0.0,1.0,True,,,,,,,,
scaffold_property_retrieval,mpair_00000751_cond_00_2p,mpair_00000751,eval,2,"LogP,RB",O=C1CCC[C@H]2OC[C@@H](Cc3c[nH]c4ccccc34)N12,CC[C@H]1CCC(=O)N2[C@H](Cc3c[nH]c4ccccc34)CO[C@H]12,O=C1CCC[C@H]2OC[C@@H](Cc3c[nH]c4ccccc34)N12,O=C1CCC[C@H]2OC[C@@H](Cc3c[nH]c4ccccc34)N12,O=C1CCC[C@H]2OC[C@@H](Cc3c[nH]c4ccccc34)N12,True,True,True,source_identity,1.0,0.6607142857142857,,,,,3.0839000000000016,2.447800000000001,0.6361000000000008,True,,,,,,,,,,,,,,,,,3.0,2.0,1.0,True
scaffold_property_retrieval,mpair_00000752_cond_02_2p,mpair_00000752,eval,2,"QED,TPSA",CC[C@H]1CCC(=O)N2[C@H](Cc3c[nH]c4ccccc34)CO[C@H]12,COC(=O)C[C@@H]1CC(=O)N2[C@H](Cc3c[nH]c4ccccc34)CO[C@@H]2C1,CC[C@H]1CCC(=O)N2[C@H](Cc3c[nH]c4ccccc34)CO[C@H]12,O=C1CCC[C@H]2OC[C@@H](Cc3c[nH]c4ccccc34)N12,O=C1CCC[C@H]2OC[C@@H](Cc3c[nH]c4ccccc34)N12,True,False,False,source_identity,1.0,0.5072463768115942,,,,,,,,,0.8651865286551231,0.9461815070706311,0.08099497841550796,True,71.63000000000001,45.33,26.30000000000001,False,,,,,,,,,,,,
scaffold_property_retrieval,mpair_00000756_cond_00_2p,mpair_00000756,eval,2,"LogP,QED",Clc1cccc(-c2cncc(O[C@@H]3CCNC3)c2)c1,Clc1cccc(-c2cc(O[C@@H]3CCNC3)cnc2Cl)c1,Clc1cccc(-c2cncc(O[C@@H]3CCNC3)c2)c1,c1ccc(-c2cncc(O[C@@H]3CCNC3)c2)cc1,c1ccc(-c2cncc(O[C@@H]3CCNC3)c2)cc1,True,True,True,source_identity,1.0,0.68,,,,,3.796100000000002,3.1427000000000014,0.6534000000000004,True,0.8758671086324237,0.9336391660075258,0.05777205737510216,True,,,,,,,,,,,,,,,,
scaffold_property_retrieval,mpair_00000758_cond_00_2p,mpair_00000758,eval,2,"HBA,RB",Clc1cccc(-c2cncc(O[C@@H]3CCNC3)c2)c1,COc1cccc(-c2cncc(O[C@@H]3CCNC3)c2)c1,Clc1cccc(-c2cncc(O[C@@H]3CCNC3)c2)c1,c1ccc(-c2cncc(O[C@@H]3CCNC3)c2)cc1,c1ccc(-c2cncc(O[C@@H]3CCNC3)c2)cc1,True,True,True,source_identity,1.0,0.7446808510638298,,,,,,,,,,,,,,,,,,,,,4.0,3.0,1.0,True,4.0,3.0,1.0,True
scaffold_property_retrieval,mpair_00000760_cond_00_2p,mpair_00000760,eval,2,"MW,LogP",Clc1cccc(-c2cc(O[C@@H]3CCNC3)cnc2Cl)c1,c1ccc(-c2cncc(O[C@@H]3CCNC3)c2)cc1,Clc1cccc(-c2cc(O[C@@H]3CCNC3)cnc2Cl)c1,c1ccc(-c2cncc(O[C@@H]3CCNC3)c2)cc1,c1ccc(-c2cncc(O[C@@H]3CCNC3)c2)cc1,True,False,False,source_identity,1.0,0.5192307692307693,240.30599999999998,309.196,68.89000000000004,False,2.4893,3.796100000000002,1.3068000000000017,False,,,,,,,,,,,,,,,,,,,,
scaffold_property_retrieval,mpair_00000761_cond_02_2p,mpair_00000761,eval,2,"HBA,RB",c1ccc(-c2cncc(O[C@@H]3CCNC3)c2)cc1,COc1cccc(-c2cncc(O[C@@H]3CCNC3)c2)c1,c1ccc(-c2cncc(O[C@@H]3CCNC3)c2)cc1,c1ccc(-c2cncc(O[C@@H]3CCNC3)c2)cc1,c1ccc(-c2cncc(O[C@@H]3CCNC3)c2)cc1,True,True,True,source_identity,1.0,0.75,,,,,,,,,,,,,,,,,,,,,4.0,3.0,1.0,True,4.0,3.0,1.0,True
scaffold_property_retrieval,mpair_00000764_cond_01_2p,mpair_00000764,eval,2,"LogP,QED",Clc1cccc(-c2cc(O[C@@H]3CCNC3)cnc2Cl)c1,Clc1cccc(-c2cncc(O[C@@H]3CCNC3)c2)c1,Clc1cccc(-c2cc(O[C@@H]3CCNC3)cnc2Cl)c1,c1ccc(-c2cncc(O[C@@H]3CCNC3)c2)cc1,c1ccc(-c2cncc(O[C@@H]3CCNC3)c2)cc1,True,True,True,source_identity,1.0,0.68,,,,,3.1427000000000014,3.796100000000002,0.6534000000000004,True,0.9336391660075258,0.8758671086324237,0.05777205737510216,True,,,,,,,,,,,,,,,,
scaffold_property_retrieval,mpair_00001114_cond_02_2p,mpair_00001114,eval,2,"QED,HBD",COc1ccc(N2CCN(CCC3NC(=O)c4ccccc43)CC2)cc1,COc1ccc(N2CCN(CCC3c4ccccc4C(=O)N3C)CC2)cc1,COc1ccc(N2CCN(CCC3NC(=O)c4ccccc43)CC2)cc1,O=C1NC(CCN2CCN(c3ccccc3)CC2)c2ccccc21,O=C1NC(CCN2CCN(c3ccccc3)CC2)c2ccccc21,True,True,True,source_identity,1.0,0.6545454545454545,,,,,,,,,0.8160326048332845,0.8996022198661571,0.08356961503287252,True,,,,,0.0,1.0,1.0,True,,,,,,,,
scaffold_property_retrieval,mpair_00001118_cond_02_2p,mpair_00001118,eval,2,"HBD,RB",Cc1ccc(N2CCN(CCC3NC(=O)c4ccccc43)CC2)cc1C,COc1ccc(N2CCN(CCC3c4ccccc4C(=O)N3C)CC2)cc1,Cc1ccc(N2CCN(CCC3NC(=O)c4ccccc43)CC2)cc1C,O=C1NC(CCN2CCN(c3ccccc3)CC2)c2ccccc21,O=C1NC(CCN2CCN(c3ccccc3)CC2)c2ccccc21,True,True,True,source_identity,1.0,0.4444444444444444,,,,,,,,,,,,,,,,,0.0,1.0,1.0,True,,,,,5.0,4.0,1.0,True
scaffold_property_retrieval,mpair_00001120_cond_01_2p,mpair_00001120,eval,2,"QED,HBD",CN1C(=O)c2ccccc2C1CCN1CCN(c2ccc(Cl)cc2)CC1,Cc1ccc(N2CCN(CCC3NC(=O)c4ccccc43)CC2)cc1C,CN1C(=O)c2ccccc2C1CCN1CCN(c2ccc(Cl)cc2)CC1,O=C1NC(CCN2CCN(c3ccccc3)CC2)c2ccccc21,O=C1NC(CCN2CCN(c3ccccc3)CC2)c2ccccc21,True,True,True,source_identity,1.0,0.45901639344262296,,,,,,,,,0.9198864151307602,0.8221231339252668,0.09776328120549338,True,,,,,1.0,0.0,1.0,True,,,,,,,,
scaffold_property_retrieval,mpair_00001122_cond_00_2p,mpair_00001122,eval,2,"QED,HBD",COc1ccc(N2CCN(CCC3c4ccccc4C(=O)N3C)CC2)cc1,COc1ccc(N2CCN(CCC3NC(=O)c4ccccc43)CC2)cc1,COc1ccc(N2CCN(CCC3c4ccccc4C(=O)N3C)CC2)cc1,O=C1NC(CCN2CCN(c3ccccc3)CC2)c2ccccc21,O=C1NC(CCN2CCN(c3ccccc3)CC2)c2ccccc21,True,True,True,source_identity,1.0,0.6545454545454545,,,,,,,,,0.8996022198661571,0.8160326048332845,0.08356961503287252,True,,,,,1.0,0.0,1.0,True,,,,,,,,
scaffold_property_retrieval,mpair_00001124_cond_02_2p,mpair_00001124,eval,2,"LogP,RB",COc1ccc(N2CCN(CCC3NC(=O)c4ccccc43)CC2)cc1,Cc1ccc(N2CCN(CCC3NC(=O)c4ccccc43)CC2)cc1C,COc1ccc(N2CCN(CCC3NC(=O)c4ccccc43)CC2)cc1,O=C1NC(CCN2CCN(c3ccccc3)CC2)c2ccccc21,O=C1NC(CCN2CCN(c3ccccc3)CC2)c2ccccc21,True,True,True,source_identity,1.0,0.7037037037037037,,,,,3.3002400000000023,2.692000000000001,0.6082400000000012,True,,,,,,,,,,,,,,,,,4.0,5.0,1.0,True
scaffold_property_retrieval,mpair_00001128_cond_01_2p,mpair_00001128,eval,2,"LogP,HBA",CN1C(=O)c2ccccc2C1CCN1CCN(c2ccc(Cl)cc2)CC1,COc1ccc(N2CCN(CCC3c4ccccc4C(=O)N3C)CC2)cc1,CN1C(=O)c2ccccc2C1CCN1CCN(c2ccc(Cl)cc2)CC1,O=C1NC(CCN2CCN(c3ccccc3)CC2)c2ccccc21,O=C1NC(CCN2CCN(c3ccccc3)CC2)c2ccccc21,True,True,True,source_identity,1.0,0.76,,,,,3.034200000000002,3.679000000000003,0.6448000000000009,True,,,,,,,,,,,,,4.0,3.0,1.0,True,,,,
scaffold_property_retrieval,mpair_00001130_cond_00_2p,mpair_00001130,eval,2,"HBA,RB",COc1ccc(N2CCN(CCC3c4ccccc4C(=O)N3C)CC2)cc1,CN1C(=O)c2ccccc2C1CCN1CCN(c2ccc(Cl)cc2)CC1,COc1ccc(N2CCN(CCC3c4ccccc4C(=O)N3C)CC2)cc1,O=C1NC(CCN2CCN(c3ccccc3)CC2)c2ccccc21,O=C1NC(CCN2CCN(c3ccccc3)CC2)c2ccccc21,True,True,True,source_identity,1.0,0.76,,,,,,,,,,,,,,,,,,,,,3.0,4.0,1.0,True,4.0,5.0,1.0,True
scaffold_property_retrieval,mpair_00001134_cond_00_2p,mpair_00001134,eval,2,"MW,LogP",FC(F)(F)c1cccc(N2CCN(c3nc4ccsc4n4cccc34)CC2)c1,Fc1ccc(N2CCN(c3nc4ccsc4n4cccc34)CC2)cc1,Clc1ccc(N2CCN(c3nc4ccsc4n4cccc34)CC2)cc1,c1ccc(N2CCN(c3nc4ccsc4n4cccc34)CC2)cc1,c1ccc(N2CCN(c3nc4ccsc4n4cccc34)CC2)cc1,True,True,True,,0.6363636363636364,0.7872340425531915,352.43800000000016,368.89300000000014,16.454999999999984,True,4.014700000000003,4.5290000000000035,0.5143000000000004,True,,,,,,,,,,,,,,,,,,,,
scaffold_property_retrieval,mpair_00001616_cond_01_2p,mpair_00001616,eval,2,"QED,TPSA",CC1CC(C)(C)Nc2ccc3c(c21)COc1c-3cc(F)cc1[N+](=O)[O-],CC1CC(C)(C)Nc2ccc3c(c21)COc1c(F)cc(F)cc1-3,CC1CC(C)(C)Nc2ccc3c(c21)COc1c-3cc(F)cc1[N+](=O)[O-],c1ccc2c(c1)OCc1c-2ccc2c1CCCN2,c1ccc2c(c1)OCc1c-2ccc2c1CCCN2,True,False,False,source_identity,1.0,0.7321428571428571,,,,,,,,,0.719238819171056,0.5855235809891088,0.1337152381819472,False,21.259999999999998,64.39999999999999,43.13999999999999,False,,,,,,,,,,,,
scaffold_property_retrieval,mpair_00001633_cond_02_2p,mpair_00001633,eval,2,"MW,QED",C=CCC1(C(C)C#CCC)C(=O)NC(=O)N(C)C1=O,C=C(Br)CC1(C(C)C)C(=O)NC(=O)N(C)C1=O,CCC(C)C1(CC)C(=O)NC(=O)NC1=O,O=C1CC(=O)NC(=O)N1,O=C1CC(=O)NC(=O)N1,True,False,False,,0.2708333333333333,0.27906976744186046,303.15600000000006,212.249,90.90700000000007,False,,,,,0.8059749860896003,0.6791427219817272,0.12683226410787307,False,,,,,,,,,,,,,,,,
scaffold_property_retrieval,mpair_00002258_cond_01_2p,mpair_00002258,eval,2,"LogP,QED",Cc1cccc(C)c1NC(=O)c1c(C)n(-c2c(C)cccc2C)c(C)cc1=O,Cc1ccccc1NC(=O)c1c(C)n(-c2ccccc2C)c(C)cc1=O,Cc1c(Br)c(=O)c(C(=O)Nc2ccccc2)c(C)n1-c1ccccc1,O=C(Nc1ccccc1)c1cn(-c2ccccc2)ccc1=O,O=C(Nc1ccccc1)c1cn(-c2ccccc2)ccc1=O,True,True,True,,0.34545454545454546,0.35714285714285715,,,,,4.3234800000000035,4.469140000000003,0.14565999999999946,True,0.7675628277357767,0.709239916031685,0.05832291170409165,True,,,,,,,,,,,,,,,,
scaffold_property_retrieval,mpair_00002371_cond_00_2p,mpair_00002371,eval,2,"QED,HBD",Cn1cc(C(=O)c2ccc(-n3ccnc3)cc2)cc1/C=C/C(=O)O,CCOC(=O)/C=C/c1cc(C(=O)c2ccc(-n3ccnc3)cc2)cn1C,Cn1cc(C(=O)c2ccc(-n3ccnc3)cc2)cc1/C=C/C(=O)O,O=C(c1ccc(-n2ccnc2)cc1)c1cc[nH]c1,O=C(c1ccc(-n2ccnc2)cc1)c1cc[nH]c1,True,False,False,source_identity,1.0,0.7454545454545455,,,,,,,,,0.3897342663180413,0.5785260949639057,0.1887918286458644,False,,,,,0.0,1.0,1.0,True,,,,,,,,
scaffold_property_retrieval,mpair_00002373_cond_00_2p,mpair_00002373,eval,2,"HBA,RB",CCCCCNC(=O)Nc1c(C)cccc1SCCCn1cnc(-c2ccccc2)c1C,CCCCCNC(=O)Nc1c(SCCCn2cnc(-c3ccccc3)c2C)cccc1N(C)C,CCCCCNC(=O)Nc1c(C)cccc1SCCCn1cnc(-c2ccccc2)c1C,c1ccc(SCCCn2cnc(-c3ccccc3)c2)cc1,c1ccc(SCCCn2cnc(-c3ccccc3)c2)cc1,True,True,True,source_identity,1.0,0.8208955223880597,,,,,,,,,,,,,,,,,,,,,5.0,4.0,1.0,True,12.0,11.0,1.0,True
scaffold_property_retrieval,mpair_00002462_cond_01_2p,mpair_00002462,eval,2,"QED,HBA",COc1cc(NC(=O)c2cc(OCCCN(C)C)nn2Cc2ccccc2)cc(OC)c1OC,COc1ccc(NC(=O)c2cc(OCCCN(C)C)nn2Cc2ccccc2)cc1,COc1cc(NC(=O)c2cc(OCCCN(C)C)nn2Cc2ccccc2)cc(OC)c1OC,O=C(Nc1ccccc1)c1ccnn1Cc1ccccc1,O=C(Nc1ccccc1)c1ccnn1Cc1ccccc1,True,False,False,source_identity,1.0,0.7741935483870968,,,,,,,,,0.5200250404910086,0.4069700768443977,0.11305496364661094,False,,,,,,,,,6.0,8.0,2.0,False,,,,
scaffold_property_retrieval,mpair_00002466_cond_02_2p,mpair_00002466,eval,2,"HBA,RB",CN(C)CCCOc1cc(C(=O)Nc2ccc(Cl)cc2F)n(Cc2ccccc2)n1,CN(C)CCCOc1cc(C(=O)Nc2ccc(OC(F)(F)F)cc2)n(Cc2ccccc2)n1,CN(C)CCCOc1cc(C(=O)Nc2ccc(Cl)cc2F)n(Cc2ccccc2)n1,O=C(Nc1ccccc1)c1ccnn1Cc1ccccc1,O=C(Nc1ccccc1)c1ccnn1Cc1ccccc1,True,True,True,source_identity,1.0,0.6428571428571429,,,,,,,,,,,,,,,,,,,,,6.0,5.0,1.0,True,10.0,9.0,1.0,True
scaffold_property_retrieval,mpair_00002472_cond_00_2p,mpair_00002472,eval,2,"QED,RB",COc1ccc(NC(=O)c2cc(OCCCN(C)C)nn2Cc2ccccc2)cc1,CN(C)CCCOc1cc(C(=O)Nc2cc(F)cc(C(F)(F)F)c2)n(Cc2ccccc2)n1,COc1ccc(NC(=O)c2cc(OCCCN(C)C)nn2Cc2ccccc2)cc1,O=C(Nc1ccccc1)c1ccnn1Cc1ccccc1,O=C(Nc1ccccc1)c1ccnn1Cc1ccccc1,True,False,False,source_identity,1.0,0.6764705882352942,,,,,,,,,0.369385517709234,0.5200250404910086,0.15063952278177462,False,,,,,,,,,,,,,9.0,10.0,1.0,True
scaffold_property_retrieval,mpair_00002475_cond_02_2p,mpair_00002475,eval,2,"LogP,TPSA",CN(C)CCCOc1cc(C(=O)Nc2ccc(OC(F)(F)F)cc2)n(Cc2ccccc2)n1,COc1cc(NC(=O)c2cc(OCCCN(C)C)nn2Cc2ccccc2)cc(OC)c1OC,CN(C)CCCOc1cc(C(=O)Nc2ccc(OC(F)(F)F)cc2)n(Cc2ccccc2)n1,O=C(Nc1ccccc1)c1ccnn1Cc1ccccc1,O=C(Nc1ccccc1)c1ccnn1Cc1ccccc1,True,True,True,source_identity,1.0,0.6764705882352942,,,,,3.5400000000000027,4.412800000000003,0.8728000000000007,True,,,,,87.08000000000001,68.62,18.460000000000008,True,,,,,,,,,,,,
scaffold_property_retrieval,mpair_00002480_cond_01_2p,mpair_00002480,eval,2,"MW,QED",CN(C)CCCOc1cc(C(=O)Nc2cc(F)cc(C(F)(F)F)c2)n(Cc2ccccc2)n1,CN(C)CCCOc1cc(C(=O)Nc2cccc(Cl)c2)n(Cc2ccccc2)n1,CN(C)CCCOc1cc(C(=O)Nc2cc(F)cc(C(F)(F)F)c2)n(Cc2ccccc2)n1,O=C(Nc1ccccc1)c1ccnn1Cc1ccccc1,O=C(Nc1ccccc1)c1ccnn1Cc1ccccc1,True,False,False,source_identity,1.0,0.6764705882352942,412.9210000000001,464.4630000000001,51.54199999999997,False,,,,,0.5357556879239462,0.369385517709234,0.16637017021471223,False,,,,,,,,,,,,,,,,
scaffold_property_retrieval,mpair_00002483_cond_01_2p,mpair_00002483,eval,2,"LogP,HBA",COc1cc(NC(=O)c2cc(OCCCN(C)C)nn2Cc2ccccc2)cc(OC)c1OC,CN(C)CCCOc1cc(C(=O)Nc2ccc(OC(F)(F)F)cc2)n(Cc2ccccc2)n1,COc1cc(NC(=O)c2cc(OCCCN(C)C)nn2Cc2ccccc2)cc(OC)c1OC,O=C(Nc1ccccc1)c1ccnn1Cc1ccccc1,O=C(Nc1ccccc1)c1ccnn1Cc1ccccc1,True,False,False,source_identity,1.0,0.6764705882352942,,,,,4.412800000000003,3.5400000000000027,0.8728000000000007,True,,,,,,,,,,,,,6.0,8.0,2.0,False,,,,
scaffold_property_retrieval,mpair_00002487_cond_00_2p,mpair_00002487,eval,2,"QED,HBA",CN(C)CCCOc1cc(C(=O)Nc2ccc(OC(F)(F)F)cc2)n(Cc2ccccc2)n1,CN(C)CCCOc1cc(C(=O)Nc2cc(F)cc(C(F)(F)F)c2)n(Cc2ccccc2)n1,CN(C)CCCOc1cc(C(=O)Nc2ccc(OC(F)(F)F)cc2)n(Cc2ccccc2)n1,O=C(Nc1ccccc1)c1ccnn1Cc1ccccc1,O=C(Nc1ccccc1)c1ccnn1Cc1ccccc1,True,True,True,source_identity,1.0,0.7101449275362319,,,,,,,,,0.369385517709234,0.4522382232340766,0.08285270552484258,True,,,,,,,,,5.0,6.0,1.0,True,,,,
scaffold_property_retrieval,mpair_00002490_cond_02_2p,mpair_00002490,eval,2,"LogP,HBA",CCOC(=O)c1cc(C(C)O)cn1S(=O)(=O)c1cc(Cl)ccc1N,C=Cc1cc(C(=O)OCC)n(S(=O)(=O)c2cc(Cl)ccc2N)c1,N/C(S)=N/N=C/c1cccn1S(=O)(=O)c1ccccc1,O=S(=O)(c1ccccc1)n1cccc1,O=S(=O)(c1ccccc1)n1cccc1,True,False,False,,0.14473684210526316,0.16,,,,,2.7804,1.3035,1.4769,False,,,,,,,,,,,,,6.0,5.0,1.0,True,,,,
scaffold_property_retrieval,mpair_00002494_cond_02_2p,mpair_00002494,eval,2,"MW,LogP",O=C1C(Nc2ccccc2)=C(Cl)C(=O)c2ncncc21,O=C1C(Nc2cccc(Br)c2)=C(Cl)C(=O)c2ncncc21,O=C1C(Nc2cccc(Cl)c2)=C(Cl)C(=O)c2ncncc21,O=C1C(Nc2ccccc2)=CC(=O)c2ncncc21,O=C1C(Nc2ccccc2)=CC(=O)c2ncncc21,True,False,False,,0.7619047619047619,0.7777777777777778,364.58600000000007,320.135,44.45100000000008,False,3.180600000000001,3.0715000000000003,0.10910000000000064,True,,,,,,,,,,,,,,,,,,,,
scaffold_property_retrieval,mpair_00002496_cond_01_2p,mpair_00002496,eval,2,"MW,LogP",O=C1C(Nc2ccccc2)=C(Cl)C(=O)c2ncncc21,O=C1C(Nc2ccc(Br)cc2)=C(Cl)C(=O)c2ncncc21,O=C1C(Nc2cccc(Cl)c2)=C(Cl)C(=O)c2ncncc21,O=C1C(Nc2ccccc2)=CC(=O)c2ncncc21,O=C1C(Nc2ccccc2)=CC(=O)c2ncncc21,True,False,False,,0.7619047619047619,0.6521739130434783,364.58600000000007,320.135,44.45100000000008,False,3.180600000000001,3.0715000000000003,0.10910000000000064,True,,,,,,,,,,,,,,,,,,,,
scaffold_property_retrieval,mpair_00002499_cond_00_2p,mpair_00002499,eval,2,"MW,LogP",O=C1C(Nc2cccc(Br)c2)=C(Cl)C(=O)c2ncncc21,O=C1C(Nc2ccccc2)=C(Cl)C(=O)c2ncncc21,Cc1ccc(NC2=C(Cl)C(=O)c3ncncc3C2=O)cc1,O=C1C(Nc2ccccc2)=CC(=O)c2ncncc21,O=C1C(Nc2ccccc2)=CC(=O)c2ncncc21,True,True,True,,0.625,0.7560975609756098,285.69,299.71700000000004,14.027000000000044,True,2.4181,2.7265200000000007,0.3084200000000008,True,,,,,,,,,,,,,,,,,,,,
scaffold_property_retrieval,mpair_00002501_cond_02_2p,mpair_00002501,eval,2,"LogP,RB",CCc1ccc(NC2=C(Cl)C(=O)c3ncncc3C2=O)cc1,O=C1C(Nc2ccccc2)=C(Cl)C(=O)c2ncncc21,Cc1ccc(NC2=C(Cl)C(=O)c3ncncc3C2=O)cc1,O=C1C(Nc2ccccc2)=CC(=O)c2ncncc21,O=C1C(Nc2ccccc2)=CC(=O)c2ncncc21,True,True,True,,0.75,0.7560975609756098,,,,,2.4181,2.7265200000000007,0.3084200000000008,True,,,,,,,,,,,,,,,,,2.0,2.0,0.0,True
scaffold_property_retrieval,mpair_00002504_cond_02_2p,mpair_00002504,eval,2,"HBA,RB",COc1ccc(C(=O)CN2c3ccccc3C(=O)N(Cc3ccccc3)S2(=O)=O)cc1,Cc1ccc(C(=O)CN2c3ccccc3C(=O)N(Cc3ccccc3)S2(=O)=O)cc1,COc1ccc(C(=O)CN2c3ccccc3C(=O)N(Cc3ccccc3)S2(=O)=O)cc1,O=C(CN1c2ccccc2C(=O)N(Cc2ccccc2)S1(=O)=O)c1ccccc1,O=C(CN1c2ccccc2C(=O)N(Cc2ccccc2)S1(=O)=O)c1ccccc1,True,True,True,source_identity,1.0,0.7843137254901961,,,,,,,,,,,,,,,,,,,,,4.0,5.0,1.0,True,5.0,6.0,1.0,True
scaffold_property_retrieval,mpair_00002507_cond_01_2p,mpair_00002507,eval,2,"QED,RB",O=C(CN1c2ccccc2C(=O)N(Cc2ccccc2)S1(=O)=O)c1ccccc1,COc1ccc(C(=O)CN2c3ccccc3C(=O)N(Cc3ccccc3)S2(=O)=O)cc1,O=C(CN1c2ccccc2C(=O)N(Cc2ccccc2)S1(=O)=O)c1ccccc1,O=C(CN1c2ccccc2C(=O)N(Cc2ccccc2)S1(=O)=O)c1ccccc1,O=C(CN1c2ccccc2C(=O)N(Cc2ccccc2)S1(=O)=O)c1ccccc1,True,True,True,source_identity,1.0,0.7916666666666666,,,,,,,,,0.5539335722556151,0.6096951629926923,0.055761590737077205,True,,,,,,,,,,,,,6.0,5.0,1.0,True
scaffold_property_retrieval,mpair_00002516_cond_00_2p,mpair_00002516,eval,2,"LogP,TPSA",CSc1cc(-c2ccc(Cl)cc2)oc(=O)c1Br,CSc1cc(-c2ccc(Br)cc2)oc(=O)c1C#N,CSc1cc(-c2ccc(F)cc2)oc(=O)c1,O=c1cccc(-c2ccccc2)o1,O=c1cccc(-c2ccccc2)o1,True,False,False,,0.3695652173913043,0.3469387755102041,,,,,3.662880000000002,3.1678000000000024,0.49507999999999974,True,,,,,54.0,30.21,23.79,False,,,,,,,,,,,,
scaffold_property_retrieval,mpair_00002520_cond_01_2p,mpair_00002520,eval,2,"QED,TPSA",CSc1cc(-c2ccc(Br)cc2)oc(=O)c1C#N,CCOC(=O)c1c(SC)c(C#N)c(-c2ccc(Br)cc2)oc1=O,CSc1cc(-c2ccc(F)cc2)oc(=O)c1,O=c1cccc(-c2ccccc2)o1,O=c1cccc(-c2ccccc2)o1,True,False,False,,0.3469387755102041,0.203125,,,,,,,,,0.5791804088529054,0.7501191134076561,0.1709387045547507,False,80.30000000000001,30.21,50.09000000000001,False,,,,,,,,,,,,
scaffold_property_retrieval,mpair_00002530_cond_01_2p,mpair_00002530,eval,2,"MW,LogP",CSc1cc(-c2ccc(Cl)cc2)oc(=O)c1,CSc1cc(-c2ccc(Cl)cc2)oc(=O)c1Br,CSc1cc(-c2ccc(F)cc2)oc(=O)c1,O=c1cccc(-c2ccccc2)o1,O=c1cccc(-c2ccccc2)o1,True,False,False,,0.7142857142857143,0.3695652173913043,331.61799999999994,236.26699999999997,95.35099999999997,False,4.444600000000001,3.1678000000000024,1.2767999999999988,False,,,,,,,,,,,,,,,,,,,,
scaffold_property_retrieval,mpair_00002538_cond_01_2p,mpair_00002538,eval,2,"MW,LogP",CSc1cc(-c2ccc(Br)cc2)oc(=O)c1Cl,CSc1cc(-c2ccc(Cl)cc2)oc(=O)c1,CSc1cc(-c2ccc(F)cc2)oc(=O)c1,O=c1cccc(-c2ccccc2)o1,O=c1cccc(-c2ccccc2)o1,True,True,True,,0.3695652173913043,0.7142857142857143,252.72199999999998,236.26699999999997,16.455000000000013,True,3.682100000000002,3.1678000000000024,0.5142999999999995,True,,,,,,,,,,,,,,,,,,,,
scaffold_property_retrieval,mpair_00002548_cond_00_2p,mpair_00002548,eval,2,"MW,LogP",CSc1cc(-c2ccc(Cl)cc2)oc(=O)c1,CSc1cc(-c2ccc(Br)cc2)oc(=O)c1Cl,CSc1cc(-c2ccc(F)cc2)oc(=O)c1,O=c1cccc(-c2ccccc2)o1,O=c1cccc(-c2ccccc2)o1,True,False,False,,0.7142857142857143,0.3695652173913043,331.61800000000005,236.26699999999997,95.35100000000008,False,4.444600000000002,3.1678000000000024,1.2767999999999997,False,,,,,,,,,,,,,,,,,,,,
scaffold_property_retrieval,mpair_00002556_cond_02_2p,mpair_00002556,eval,2,"MW,QED",CN(C(=O)n1nc(-c2ccc(Cl)cc2)nc1SCC(F)(F)F)c1ccccc1,CSc1nc(-c2ccc(Cl)cc2)nn1C(=O)N(C)c1ccccc1,CN(C(=O)n1nc(-c2ccc(Cl)cc2)nc1SCC(F)(F)F)c1ccccc1,O=C(Nc1ccccc1)n1cnc(-c2ccccc2)n1,O=C(Nc1ccccc1)n1cnc(-c2ccccc2)n1,True,False,False,source_identity,1.0,0.7222222222222222,358.85400000000004,426.8510000000001,67.99700000000007,False,,,,,0.6499636794176425,0.5270344401044634,0.12292923931317912,False,,,,,,,,,,,,,,,,
scaffold_property_retrieval,mpair_00002560_cond_00_2p,mpair_00002560,eval,2,"QED,RB",CSc1nc(-c2ccc(Cl)cc2)nn1C(=O)N(C)c1ccccc1,CSc1nc(-c2ccc(OC(F)(F)F)cc2)nn1C(=O)N(C)c1ccccc1,CSc1nc(-c2ccc(Cl)cc2)nn1C(=O)N(C)c1ccccc1,O=C(Nc1ccccc1)n1cnc(-c2ccccc2)n1,O=C(Nc1ccccc1)n1cnc(-c2ccccc2)n1,True,True,True,source_identity,1.0,0.7037037037037037,,,,,,,,,0.5874043626188404,0.6499636794176425,0.06255931679880211,True,,,,,,,,,,,,,4.0,3.0,1.0,True
scaffold_property_retrieval,mpair_00002562_cond_02_2p,mpair_00002562,eval,2,"LogP,RB",CSc1nc(-c2ccc(Cl)cc2)nn1C(=O)N(C)c1ccccc1,CN(C(=O)n1nc(-c2ccc(Cl)cc2)nc1SCC(F)(F)F)c1ccccc1,CSc1nc(-c2ccc(Cl)cc2)nn1C(=O)N(C)c1ccccc1,O=C(Nc1ccccc1)n1cnc(-c2ccccc2)n1,O=C(Nc1ccccc1)n1cnc(-c2ccccc2)n1,True,True,True,source_identity,1.0,0.7222222222222222,,,,,5.357400000000003,4.424900000000004,0.9324999999999992,True,,,,,,,,,,,,,,,,,4.0,3.0,1.0,True
scaffold_property_retrieval,mpair_00002566_cond_00_2p,mpair_00002566,eval,2,"HBD,RB",COc1cc(C(=O)N2CCN(C(=O)c3cc(OC)c(OC)c(OC)c3)C(COC(=O)CC(C)(C)C)C2)cc(OC)c1OC,COc1cc(C(=O)N2CCN(C(=O)c3cc(OC)c(OC)c(OC)c3)C(COC(=O)NCCC(C)C)C2)cc(OC)c1OC,COc1cc(C(=O)N2CCN(C(=O)c3cc(OC)c(OC)c(OC)c3)C(COC(=O)CC(C)(C)C)C2)cc(OC)c1OC,O=C(c1ccccc1)N1CCN(C(=O)c2ccccc2)CC1,O=C(c1ccccc1)N1CCN(C(=O)c2ccccc2)CC1,True,False,False,source_identity,1.0,0.6451612903225806,,,,,,,,,,,,,,,,,1.0,0.0,1.0,True,,,,,13.0,11.0,2.0,False
scaffold_property_retrieval,mpair_00002567_cond_02_2p,mpair_00002567,eval,2,"HBD,RB",COc1cc(C(=O)N2CCN(C(=O)c3cc(OC)c(OC)c(OC)c3)C(COC(=O)NCCC(C)C)C2)cc(OC)c1OC,CCN(CC)C(=O)OCC1CN(C(=O)c2cc(OC)c(OC)c(OC)c2)CCN1C(=O)c1cc(OC)c(OC)c(OC)c1,COc1cc(C(=O)N2CCN(C(=O)c3cc(OC)c(OC)c(OC)c3)C(COC(=O)NCCC(C)C)C2)cc(OC)c1OC,O=C(c1ccccc1)N1CCN(C(=O)c2ccccc2)CC1,O=C(c1ccccc1)N1CCN(C(=O)c2ccccc2)CC1,True,True,True,source_identity,1.0,0.6451612903225806,,,,,,,,,,,,,,,,,0.0,1.0,1.0,True,,,,,12.0,13.0,1.0,True
scaffold_property_retrieval,mpair_00002571_cond_02_2p,mpair_00002571,eval,2,"HBD,RB",CCN(CC)C(=O)OCC1CN(C(=O)c2cc(OC)c(OC)c(OC)c2)CCN1C(=O)c1cc(OC)c(OC)c(OC)c1,COc1cc(C(=O)N2CCN(C(=O)c3cc(OC)c(OC)c(OC)c3)C(COC(=O)NCCC(C)C)C2)cc(OC)c1OC,CCN(CC)C(=O)OCC1CN(C(=O)c2cc(OC)c(OC)c(OC)c2)CCN1C(=O)c1cc(OC)c(OC)c(OC)c1,O=C(c1ccccc1)N1CCN(C(=O)c2ccccc2)CC1,O=C(c1ccccc1)N1CCN(C(=O)c2ccccc2)CC1,True,True,True,source_identity,1.0,0.6451612903225806,,,,,,,,,,,,,,,,,1.0,0.0,1.0,True,,,,,13.0,12.0,1.0,True
scaffold_property_retrieval,mpair_00002574_cond_02_2p,mpair_00002574,eval,2,"LogP,RB",COc1cc(C(=O)N2CCN(C(=O)c3cc(OC)c(OC)c(OC)c3)C(COC(=O)CC(C)(C)C)C2)cc(OC)c1OC,CCN(CC)C(=O)OCC1CN(C(=O)c2cc(OC)c(OC)c(OC)c2)CCN1C(=O)c1cc(OC)c(OC)c(OC)c1,COc1cc(C(=O)N2CCN(C(=O)c3cc(OC)c(OC)c(OC)c3)C(COC(=O)CC(C)(C)C)C2)cc(OC)c1OC,O=C(c1ccccc1)N1CCN(C(=O)c2ccccc2)CC1,O=C(c1ccccc1)N1CCN(C(=O)c2ccccc2)CC1,True,True,True,source_identity,1.0,0.6896551724137931,,,,,3.1834000000000024,3.684400000000003,0.5010000000000003,True,,,,,,,,,,,,,,,,,12.0,11.0,1.0,True
scaffold_property_retrieval,mpair_00002577_cond_01_2p,mpair_00002577,eval,2,"HBD,RB",COc1cc(C(=O)N2CCN(C(=O)c3cc(OC)c(OC)c(OC)c3)C(COC(=O)NCCC(C)C)C2)cc(OC)c1OC,COc1cc(C(=O)N2CCN(C(=O)c3cc(OC)c(OC)c(OC)c3)C(COC(=O)CC(C)(C)C)C2)cc(OC)c1OC,COc1cc(C(=O)N2CCN(C(=O)c3cc(OC)c(OC)c(OC)c3)C(COC(=O)NCCC(C)C)C2)cc(OC)c1OC,O=C(c1ccccc1)N1CCN(C(=O)c2ccccc2)CC1,O=C(c1ccccc1)N1CCN(C(=O)c2ccccc2)CC1,True,False,False,source_identity,1.0,0.6451612903225806,,,,,,,,,,,,,,,,,0.0,1.0,1.0,True,,,,,11.0,13.0,2.0,False
scaffold_property_retrieval,mpair_00002582_cond_02_2p,mpair_00002582,eval,2,"MW,LogP",COc1cc(C(=O)N2CCN(C(=O)c3cc(OC)c(OC)c(OC)c3)C(COC(C)=O)C2)cc(OC)c1OC,CCN(CC)C(=O)OCC1CN(C(=O)c2cc(OC)c(OC)c(OC)c2)CCN1C(=O)c1cc(OC)c(OC)c(OC)c1,COc1cc(C(=O)N2CCN(C(=O)c3cc(OC)c(OC)c(OC)c3)C(COC(C)=O)C2)cc(OC)c1OC,O=C(c1ccccc1)N1CCN(C(=O)c2ccccc2)CC1,O=C(c1ccccc1)N1CCN(C(=O)c2ccccc2)CC1,True,False,False,source_identity,1.0,0.7547169811320755,603.6690000000003,546.5730000000003,57.096000000000004,False,3.1834000000000024,2.2681000000000004,0.915300000000002,True,,,,,,,,,,,,,,,,,,,,
scaffold_property_retrieval,mpair_00002589_cond_02_2p,mpair_00002589,eval,2,"MW,QED",COc1cc(C(=O)N2CCN(C(=O)c3cc(OC)c(OC)c(OC)c3)C(CO)C2)cc(OC)c1OC,CCN(CC)C(=O)OCC1CN(C(=O)c2cc(OC)c(OC)c(OC)c2)CCN1C(=O)c1cc(OC)c(OC)c(OC)c1,COc1cc(C(=O)N2CCN(C(=O)c3cc(OC)c(OC)c(OC)c3)C(CO)C2)cc(OC)c1OC,O=C(c1ccccc1)N1CCN(C(=O)c2ccccc2)CC1,O=C(c1ccccc1)N1CCN(C(=O)c2ccccc2)CC1,True,False,False,source_identity,1.0,0.6792452830188679,603.6690000000003,504.53600000000034,99.13299999999998,False,,,,,0.3571777118480848,0.544633228323374,0.18745551647528924,False,,,,,,,,,,,,,,,,
scaffold_property_retrieval,mpair_00002598_cond_01_2p,mpair_00002598,eval,2,"TPSA,HBA",COc1ccc(C(=O)Nc2c(Cl)cncc2Cl)c2ccc(C(C)=O)nc12,COc1ccc(C(=O)Nc2c(F)cncc2F)c2ccc(C(F)(F)F)nc12,COc1ccc(C(=O)Nc2c(Cl)cncc2Cl)c2ccc(C(C)=O)nc12,O=C(Nc1ccncc1)c1cccc2ncccc12,O=C(Nc1ccncc1)c1cccc2ncccc12,True,True,True,source_identity,1.0,0.55,,,,,,,,,,,,,64.11,81.17999999999999,17.069999999999993,True,,,,,4.0,5.0,1.0,True,,,,
scaffold_property_retrieval,mpair_00002600_cond_00_2p,mpair_00002600,eval,2,"LogP,RB",COc1ccc(C(=O)Nc2ccncc2Cl)c2cccnc12,CCc1ccc2c(C(=O)Nc3c(Cl)cncc3Cl)ccc(OC)c2n1,COc1ccc(C(=O)Nc2ccncc2Cl)c2cccnc12,O=C(Nc1ccncc1)c1cccc2ncccc12,O=C(Nc1ccncc1)c1cccc2ncccc12,True,False,False,source_identity,1.0,0.5,,,,,4.759900000000003,3.544100000000002,1.2158000000000007,False,,,,,,,,,,,,,,,,,4.0,3.0,1.0,True
scaffold_property_retrieval,mpair_00002603_cond_02_2p,mpair_00002603,eval,2,"TPSA,HBA",COc1ccc(C(=O)Nc2c(Cl)cncc2Cl)c2ccc(C(C)O)nc12,CCc1ccc2c(C(=O)Nc3c(Cl)cncc3Cl)ccc(OC)c2n1,COc1ccc(C(=O)Nc2c(Cl)cncc2Cl)c2ccc(C(C)O)nc12,O=C(Nc1ccncc1)c1cccc2ncccc12,O=C(Nc1ccncc1)c1cccc2ncccc12,True,False,False,source_identity,1.0,0.6964285714285714,,,,,,,,,,,,,64.11,84.34,20.230000000000004,False,,,,,4.0,5.0,1.0,True,,,,
scaffold_property_retrieval,mpair_00002608_cond_01_2p,mpair_00002608,eval,2,"MW,QED",COc1ccc(C(=O)Nc2ccncc2Cl)c2cccnc12,COc1ccc(C(=O)Nc2c(F)cncc2F)c2ccc(C(F)(F)F)nc12,COc1ccc(C(=O)Nc2ccncc2Cl)c2cccnc12,O=C(Nc1ccncc1)c1cccc2ncccc12,O=C(Nc1ccncc1)c1cccc2ncccc12,True,False,False,source_identity,1.0,0.4090909090909091,383.276,313.744,69.53199999999998,False,,,,,0.6893032571109005,0.8029165077767629,0.11361325066586248,False,,,,,,,,,,,,,,,,
scaffold_property_retrieval,mpair_00002612_cond_00_2p,mpair_00002612,eval,2,"LogP,RB",CCc1ccc2c(C(=O)Nc3c(Cl)cncc3Cl)ccc(OC)c2n1,COc1ccc(C(=O)Nc2c(F)cncc2F)c2ccc(C(F)(F)F)nc12,CCc1ccc2c(C(=O)Nc3c(Cl)cncc3Cl)ccc(OC)c2n1,O=C(Nc1ccncc1)c1cccc2ncccc12,O=C(Nc1ccncc1)c1cccc2ncccc12,True,True,True,source_identity,1.0,0.5409836065573771,,,,,4.187700000000001,4.759900000000003,0.5722000000000014,True,,,,,,,,,,,,,,,,,3.0,4.0,1.0,True
scaffold_property_retrieval,mpair_00002615_cond_01_2p,mpair_00002615,eval,2,"MW,QED",COc1ccc(C(=O)Nc2c(F)cncc2F)c2ccc(C(F)(F)F)nc12,COc1ccc(C(=O)Nc2c(Cl)cncc2Cl)c2cccnc12,COc1ccc(C(=O)Nc2c(F)cncc2F)c2ccc(C(F)(F)F)nc12,O=C(Nc1ccncc1)c1cccc2ncccc12,O=C(Nc1ccncc1)c1cccc2ncccc12,True,False,False,source_identity,1.0,0.4918032786885246,348.1890000000001,383.276,35.08699999999993,False,,,,,0.7706046174674384,0.6893032571109005,0.0813013603565379,True,,,,,,,,,,,,,,,,
scaffold_property_retrieval,mpair_00002620_cond_00_2p,mpair_00002620,eval,2,"QED,RB",CCc1ccc2c(C(=O)Nc3c(Cl)cncc3Cl)ccc(OC)c2n1,COc1ccc(C(=O)Nc2c(Cl)cncc2Cl)c2cccnc12,CCc1ccc2c(C(=O)Nc3c(Cl)cncc3Cl)ccc(OC)c2n1,O=C(Nc1ccncc1)c1cccc2ncccc12,O=C(Nc1ccncc1)c1cccc2ncccc12,True,True,True,source_identity,1.0,0.6545454545454545,,,,,,,,,0.7706046174674384,0.7131894410136064,0.057415176453831984,True,,,,,,,,,,,,,3.0,4.0,1.0,True
scaffold_property_retrieval,mpair_00002623_cond_01_2p,mpair_00002623,eval,2,"LogP,RB",COc1ccc(C(=O)Nc2c(F)cncc2F)c2ccc(C(F)(F)F)nc12,CCc1ccc2c(C(=O)Nc3c(Cl)cncc3Cl)ccc(OC)c2n1,COc1ccc(C(=O)Nc2c(F)cncc2F)c2ccc(C(F)(F)F)nc12,O=C(Nc1ccncc1)c1cccc2ncccc12,O=C(Nc1ccncc1)c1cccc2ncccc12,True,True,True,source_identity,1.0,0.5409836065573771,,,,,4.759900000000003,4.187700000000001,0.5722000000000014,True,,,,,,,,,,,,,,,,,4.0,3.0,1.0,True
scaffold_property_retrieval,mpair_00002626_cond_02_2p,mpair_00002626,eval,2,"LogP,QED",COc1ccc(C(=O)Nc2c(F)cncc2F)c2ccc(C(F)(F)F)nc12,COc1ccc(C(=O)Nc2ccncc2Cl)c2cccnc12,COc1ccc(C(=O)Nc2c(F)cncc2F)c2ccc(C(F)(F)F)nc12,O=C(Nc1ccncc1)c1cccc2ncccc12,O=C(Nc1ccncc1)c1cccc2ncccc12,True,False,False,source_identity,1.0,0.4090909090909091,,,,,3.544100000000002,4.187700000000001,0.6435999999999993,True,0.8029165077767629,0.6893032571109005,0.11361325066586248,False,,,,,,,,,,,,,,,,
scaffold_property_retrieval,mpair_00003108_cond_01_2p,mpair_00003108,eval,2,"LogP,QED",CN1CCC[C@H]1COc1ccc(Cl)nn1,CN1CCC[C@H]1COc1cccnn1,CN1CCC[C@H]1COc1ccc(Cl)nn1,c1cnnc(OC[C@@H]2CCCN2)c1,c1cnnc(OC[C@@H]2CCCN2)c1,True,True,True,source_identity,1.0,0.6511627906976745,,,,,0.9495999999999998,1.6029999999999998,0.6534,True,0.7160423680458043,0.7864914737289573,0.07044910568315299,True,,,,,,,,,,,,,,,,
scaffold_property_retrieval,mpair_00003110_cond_00_2p,mpair_00003110,eval,2,"QED,RB",CCCCc1nnc2nc(C)c(C)c(=O)n2n1,Cc1nc2nnc(C(C)(C)C)nn2c(=O)c1C,CCCCc1nnc2nc(C)c(C)c(=O)n2n1,O=c1ccnc2nncnn12,O=c1ccnc2nncnn12,True,False,False,source_identity,1.0,0.5238095238095238,,,,,,,,,0.6723856505150625,0.7849999676400611,0.11261431712499859,False,,,,,,,,,,,,,0.0,3.0,3.0,False
scaffold_property_retrieval,mpair_00003111_cond_02_2p,mpair_00003111,eval,2,"QED,RB",Cc1nc2nnc(C(C)(C)C)nn2c(=O)c1C,CCCCc1nnc2nc(C)c(C)c(=O)n2n1,Cc1nc2nnc(C(C)(C)C)nn2c(=O)c1C,O=c1ccnc2nncnn12,O=c1ccnc2nncnn12,True,False,False,source_identity,1.0,0.5238095238095238,,,,,,,,,0.7849999676400611,0.6723856505150625,0.11261431712499859,False,,,,,,,,,,,,,3.0,0.0,3.0,False
scaffold_property_retrieval,mpair_00003117_cond_01_2p,mpair_00003117,eval,2,"MW,HBA",Cc1c[nH]c2c1C13CC1CN(C(=O)OC(C)(C)C)C3=CC2=O,COC(=O)c1cc2c([nH]1)C(=O)C=C1N(C(=O)OC(C)(C)C)CC3CC123,Cc1c[nH]c2c1C13CC1CN(C(=O)OC(C)(C)C)C3=CC2=O,O=C1C=C2NCC3CC23c2cc[nH]c21,O=C1C=C2NCC3CC23c2cc[nH]c21,True,False,False,source_identity,1.0,0.5873015873015873,344.36700000000013,300.358,44.00900000000013,False,,,,,,,,,,,,,,,,,5.0,3.0,2.0,False,,,,
scaffold_property_retrieval,mpair_00003202_cond_02_2p,mpair_00003202,eval,2,"TPSA,HBA",O=C(OCc1ccc(-c2ccccc2)cc1)n1cccn1,N#Cc1cnn(C(=O)OCc2ccc(-c3ccccc3)cc2)c1,O=C(OCc1ccc(-c2ccccc2)cc1)n1cccn1,O=C(OCc1ccc(-c2ccccc2)cc1)n1cccn1,O=C(OCc1ccc(-c2ccccc2)cc1)n1cccn1,True,False,False,source_identity,1.0,0.5833333333333334,,,,,,,,,,,,,67.91,44.120000000000005,23.789999999999992,False,,,,,5.0,4.0,1.0,True,,,,
scaffold_property_retrieval,mpair_00003204_cond_01_2p,mpair_00003204,eval,2,"TPSA,HBA",Cc1cnn(C(=O)OCc2ccc(-c3ccccc3)cc2)c1,N#Cc1cnn(C(=O)OCc2ccc(-c3ccccc3)cc2)c1,Cc1cnn(C(=O)OCc2ccc(-c3ccccc3)cc2)c1,O=C(OCc1ccc(-c2ccccc2)cc1)n1cccn1,O=C(OCc1ccc(-c2ccccc2)cc1)n1cccn1,True,False,False,source_identity,1.0,0.6808510638297872,,,,,,,,,,,,,67.91,44.120000000000005,23.789999999999992,False,,,,,5.0,4.0,1.0,True,,,,
scaffold_property_retrieval,mpair_00003207_cond_01_2p,mpair_00003207,eval,2,"LogP,HBA",Cc1cc(-n2ncc(=O)[nH]c2=O)ccc1S(=O)(=O)N1CCN(C=O)CC1,CCOC(=O)N1CCN(S(=O)(=O)c2ccc(-n3ncc(=O)[nH]c3=O)cc2Cl)CC1,Cc1cc(-n2ncc(=O)[nH]c2=O)ccc1S(=O)(=O)N1CCN(C=O)CC1,O=c1cnn(-c2ccc(S(=O)(=O)N3CCNCC3)cc2)c(=O)[nH]1,O=c1cnn(-c2ccc(S(=O)(=O)N3CCNCC3)cc2)c(=O)[nH]1,True,False,False,source_identity,1.0,0.5625,,,,,0.037000000000000144,-1.3080799999999981,1.3450799999999983,False,,,,,,,,,,,,,8.0,7.0,1.0,True,,,,
scaffold_property_retrieval,mpair_00003209_cond_01_2p,mpair_00003209,eval,2,"QED,TPSA",NC(=S)N/N=C/c1cccc(OCc2ccc3no[n+]([O-])c3c2)c1,NC(=O)N/N=C\c1ccccc1OCc1ccc2no[n+]([O-])c2c1,NC(=S)N/N=C/c1cccc(OCc2ccc3no[n+]([O-])c3c2)c1,c1ccc(OCc2ccc3no[nH+]c3c2)cc1,c1ccc(OCc2ccc3no[nH+]c3c2)cc1,True,False,False,source_identity,1.0,0.5882352941176471,,,,,,,,,0.4106849547701945,0.30972390933844063,0.10096104543175388,False,129.68,112.61,17.070000000000007,True,,,,,,,,,,,,
scaffold_property_retrieval,mpair_00003212_cond_02_2p,mpair_00003212,eval,2,"HBD,RB",CC(C)NC(=O)c1ccc2c(Nc3ccc(Cl)cc3)nc(N3CCOCC3)nc2c1,COC(=O)c1ccc2c(Nc3ccc(Cl)cc3)nc(N3CCOCC3)nc2c1,CC(C)NC(=O)c1ccc2c(Nc3ccc(Cl)cc3)nc(N3CCOCC3)nc2c1,c1ccc(Nc2nc(N3CCOCC3)nc3ccccc23)cc1,c1ccc(Nc2nc(N3CCOCC3)nc3ccccc23)cc1,True,True,True,source_identity,1.0,0.7833333333333333,,,,,,,,,,,,,,,,,1.0,2.0,1.0,True,,,,,4.0,5.0,1.0,True
scaffold_property_retrieval,mpair_00003216_cond_02_2p,mpair_00003216,eval,2,"HBD,HBA",COC(=O)c1ccc2c(Nc3ccc(Cl)cc3)nc(N3CCOCC3)nc2c1,CC(C)NC(=O)c1ccc2c(Nc3ccc(Cl)cc3)nc(N3CCOCC3)nc2c1,COC(=O)c1ccc2c(Nc3ccc(Cl)cc3)nc(N3CCOCC3)nc2c1,c1ccc(Nc2nc(N3CCOCC3)nc3ccccc23)cc1,c1ccc(Nc2nc(N3CCOCC3)nc3ccccc23)cc1,True,True,True,source_identity,1.0,0.7833333333333333,,,,,,,,,,,,,,,,,2.0,1.0,1.0,True,6.0,7.0,1.0,True,,,,
scaffold_property_retrieval,mpair_00003224_cond_01_2p,mpair_00003224,eval,2,"QED,RB",COCCCN(/C(S)=C1/C(=O)c2cc(Cl)ccc2N(C)C1=O)c1ccccc1,COc1ccc(N(C)/C(S)=C2/C(=O)c3cc(Cl)ccc3N(C)C2=O)cc1,COCCCN(/C(S)=C1/C(=O)c2cc(Cl)ccc2N(C)C1=O)c1ccccc1,O=C1Nc2ccccc2C(=O)/C1=C/Nc1ccccc1,O=C1Nc2ccccc2C(=O)/C1=C/Nc1ccccc1,True,False,False,source_identity,1.0,0.5625,,,,,,,,,0.4935411914533051,0.3319041471572704,0.1616370442960347,False,,,,,,,,,,,,,3.0,6.0,3.0,False
scaffold_property_retrieval,mpair_00003226_cond_00_2p,mpair_00003226,eval,2,"QED,RB",COc1cccc(N(C)/C(S)=C2/C(=O)c3cc(Cl)ccc3N(C)C2=O)c1,COCCCN(/C(S)=C1/C(=O)c2cc(Cl)ccc2N(C)C1=O)c1ccccc1,COc1cccc(N(C)/C(S)=C2/C(=O)c3cc(Cl)ccc3N(C)C2=O)c1,O=C1Nc2ccccc2C(=O)/C1=C/Nc1ccccc1,O=C1Nc2ccccc2C(=O)/C1=C/Nc1ccccc1,True,False,False,source_identity,1.0,0.5846153846153846,,,,,,,,,0.3319041471572704,0.4935411914533051,0.1616370442960347,False,,,,,,,,,,,,,6.0,3.0,3.0,False
scaffold_property_retrieval,mpair_00003227_cond_02_2p,mpair_00003227,eval,2,"QED,RB",COc1ccc(N(C)/C(S)=C2/C(=O)c3cc(Cl)ccc3N(C)C2=O)cc1,COCCCN(/C(S)=C1/C(=O)c2cc(Cl)ccc2N(C)C1=O)c1ccccc1,COc1ccc(N(C)/C(S)=C2/C(=O)c3cc(Cl)ccc3N(C)C2=O)cc1,O=C1Nc2ccccc2C(=O)/C1=C/Nc1ccccc1,O=C1Nc2ccccc2C(=O)/C1=C/Nc1ccccc1,True,False,False,source_identity,1.0,0.5625,,,,,,,,,0.3319041471572704,0.4935411914533051,0.1616370442960347,False,,,,,,,,,,,,,6.0,3.0,3.0,False
scaffold_property_retrieval,mpair_00003531_cond_01_2p,mpair_00003531,eval,2,"TPSA,HBA",CC(C)Oc1cccc(N(Cc2cccnc2)S(=O)(=O)CC(F)(F)F)c1,CCOC(=O)C(C)Oc1cccc(N(Cc2cccnc2)S(=O)(=O)CC(F)(F)F)c1,CC(C)Oc1cccc(N(Cc2cccnc2)S(=O)(=O)CC(F)(F)F)c1,c1ccc(NCc2cccnc2)cc1,c1ccc(NCc2cccnc2)cc1,True,False,False,source_identity,1.0,0.7796610169491526,,,,,,,,,,,,,85.80000000000001,59.5,26.30000000000001,False,,,,,6.0,4.0,2.0,False,,,,
scaffold_property_retrieval,mpair_00003535_cond_00_2p,mpair_00003535,eval,2,"MW,LogP",O=S(=O)(CC(F)(F)F)N(Cc1cccnc1)c1cccc(OC(F)(F)F)c1,COc1cccc(N(Cc2cccnc2)S(=O)(=O)CC(F)(F)F)c1,O=S(=O)(CC(F)(F)F)N(Cc1cccnc1)c1cccc(OC(F)(F)F)c1,c1ccc(NCc2cccnc2)cc1,c1ccc(NCc2cccnc2)cc1,True,False,False,source_identity,1.0,0.8076923076923077,360.3570000000001,414.32700000000006,53.96999999999997,False,2.988900000000002,3.8789000000000025,0.8900000000000006,True,,,,,,,,,,,,,,,,,,,,
scaffold_property_retrieval,mpair_00003540_cond_02_2p,mpair_00003540,eval,2,"LogP,TPSA",CCCC(C)Oc1cccc(N(Cc2cccnc2)S(=O)(=O)CC(F)(F)F)c1,CCOC(=O)C(C)Oc1cccc(N(Cc2cccnc2)S(=O)(=O)CC(F)(F)F)c1,CCCC(C)Oc1cccc(N(Cc2cccnc2)S(=O)(=O)CC(F)(F)F)c1,c1ccc(NCc2cccnc2)cc1,c1ccc(NCc2cccnc2)cc1,True,False,False,source_identity,1.0,0.746031746031746,,,,,3.3107000000000024,4.547700000000003,1.237000000000001,False,,,,,85.80000000000001,59.5,26.30000000000001,False,,,,,,,,,,,,
scaffold_property_retrieval,mpair_00003542_cond_02_2p,mpair_00003542,eval,2,"QED,RB",CC(C)COc1cccc(N(Cc2cccnc2)S(=O)(=O)CC(F)(F)F)c1,CCC(C)COc1cccc(N(Cc2cccnc2)S(=O)(=O)CC(F)(F)F)c1,CC(C)COc1cccc(N(Cc2cccnc2)S(=O)(=O)CC(F)(F)F)c1,c1ccc(NCc2cccnc2)cc1,c1ccc(NCc2cccnc2)cc1,True,True,True,source_identity,1.0,0.8421052631578947,,,,,,,,,0.6078002459089881,0.6693605971809802,0.06156035127199211,True,,,,,,,,,,,,,9.0,8.0,1.0,True
scaffold_property_retrieval,mpair_00003544_cond_01_2p,mpair_00003544,eval,2,"LogP,RB",CC(C)COc1cccc(N(Cc2cccnc2)S(=O)(=O)CC(F)(F)F)c1,CCCC(C)Oc1cccc(N(Cc2cccnc2)S(=O)(=O)CC(F)(F)F)c1,CC(C)COc1cccc(N(Cc2cccnc2)S(=O)(=O)CC(F)(F)F)c1,c1ccc(NCc2cccnc2)cc1,c1ccc(NCc2cccnc2)cc1,True,True,True,source_identity,1.0,0.7213114754098361,,,,,4.547700000000003,4.015100000000003,0.5326000000000004,True,,,,,,,,,,,,,,,,,9.0,8.0,1.0,True
scaffold_property_retrieval,mpair_00003547_cond_01_2p,mpair_00003547,eval,2,"QED,RB",CCC(C)COc1cccc(N(Cc2cccnc2)S(=O)(=O)CC(F)(F)F)c1,CC(C)COc1cccc(N(Cc2cccnc2)S(=O)(=O)CC(F)(F)F)c1,CCC(C)COc1cccc(N(Cc2cccnc2)S(=O)(=O)CC(F)(F)F)c1,c1ccc(NCc2cccnc2)cc1,c1ccc(NCc2cccnc2)cc1,True,True,True,source_identity,1.0,0.8421052631578947,,,,,,,,,0.6693605971809802,0.6078002459089881,0.06156035127199211,True,,,,,,,,,,,,,8.0,9.0,1.0,True
scaffold_property_retrieval,mpair_00000000_cond_02_3p,mpair_00000000,eval,3,"LogP,HBA,RB",O=C(c1cccc(Cl)c1)N1C[C@H](CN2CCC(c3ccccc3)CC2)[C@@H](c2ccccc2)C1,COc1cccc(C(=O)N2C[C@H](CN3CCC(c4ccccc4)CC3)[C@@H](c3ccccc3)C2)c1,O=C(c1cccc(Cl)c1)N1C[C@H](CN2CCC(c3ccccc3)CC2)[C@@H](c2ccccc2)C1,O=C(c1ccccc1)N1C[C@H](CN2CCC(c3ccccc3)CC2)[C@@H](c2ccccc2)C1,O=C(c1ccccc1)N1C[C@H](CN2CCC(c3ccccc3)CC2)[C@@H](c2ccccc2)C1,True,True,True,source_identity,1.0,0.7413793103448276,,,,,5.430600000000005,6.075400000000006,0.6448000000000009,True,,,,,,,,,,,,,3.0,2.0,1.0,True,6.0,5.0,1.0,True
scaffold_property_retrieval,mpair_00000006_cond_02_3p,mpair_00000006,eval,3,"MW,LogP,QED",O=C(c1ccccc1F)N1C[C@H](CN2CCC(c3ccccc3)CC2)[C@@H](c2ccccc2)C1,O=C(c1ccccc1C(F)(F)F)N1C[C@H](CN2CCC(c3ccccc3)CC2)[C@@H](c2ccccc2)C1,O=C(c1ccccc1F)N1C[C@H](CN2CCC(c3ccccc3)CC2)[C@@H](c2ccccc2)C1,O=C(c1ccccc1)N1C[C@H](CN2CCC(c3ccccc3)CC2)[C@@H](c2ccccc2)C1,O=C(c1ccccc1)N1C[C@H](CN2CCC(c3ccccc3)CC2)[C@@H](c2ccccc2)C1,True,False,False,source_identity,1.0,0.7592592592592593,492.5850000000002,442.57800000000015,50.00700000000006,False,6.4408000000000065,5.561100000000006,0.8797000000000006,True,0.4092272471712491,0.5164092889512721,0.10718204178002305,False,,,,,,,,,,,,,,,,
scaffold_property_retrieval,mpair_00000012_cond_01_3p,mpair_00000012,eval,3,"MW,LogP,QED",O=C(c1ccccc1F)N1C[C@H](CN2CCC(c3ccccc3)CC2)[C@@H](c2ccccc2)C1,O=C(c1ccccc1Br)N1C[C@H](CN2CCC(c3ccccc3)CC2)[C@@H](c2ccccc2)C1,O=C(c1ccccc1F)N1C[C@H](CN2CCC(c3ccccc3)CC2)[C@@H](c2ccccc2)C1,O=C(c1ccccc1)N1C[C@H](CN2CCC(c3ccccc3)CC2)[C@@H](c2ccccc2)C1,O=C(c1ccccc1)N1C[C@H](CN2CCC(c3ccccc3)CC2)[C@@H](c2ccccc2)C1,True,False,False,source_identity,1.0,0.7692307692307693,503.48400000000026,442.57800000000015,60.90600000000012,False,6.184500000000006,5.561100000000006,0.6234000000000002,True,0.41502650656849366,0.5164092889512721,0.10138278238277848,False,,,,,,,,,,,,,,,,
scaffold_property_retrieval,mpair_00000020_cond_01_3p,mpair_00000020,eval,3,"MW,TPSA,HBA",O=C(O)CCC/C=C/C[C@@H]1[C@@H](COCc2ccccc2)C2CC1(c1ccccc1)CO2,N#Cc1ccc(COC[C@H]2C3CC(c4ccc(F)cc4)(CO3)[C@@H]2C/C=C/CCCC(=O)O)cc1,O=C(O)CCC/C=C/C[C@@H]1[C@@H](COCc2ccccc2)C2CC1(c1ccccc1)CO2,c1ccc(COC[C@@H]2CC3(c4ccccc4)COC2C3)cc1,c1ccc(COC[C@@H]2CC3(c4ccccc4)COC2C3)cc1,True,False,False,source_identity,1.0,0.7391304347826086,463.5490000000003,420.5490000000002,43.000000000000114,False,,,,,,,,,79.55,55.760000000000005,23.789999999999992,False,,,,,4.0,3.0,1.0,True,,,,
scaffold_property_retrieval,mpair_00000323_cond_02_3p,mpair_00000323,eval,3,"TPSA,HBD,HBA",N[C@@H](C(=O)N[C@@H]1C(=O)N2C(C(=O)O)=C(C(F)(F)F)CC[C@H]12)c1ccc(F)cc1,N[C@@H](C(=O)N[C@@H]1C(=O)N2C(C(=O)O)=C(C(F)(F)F)CC[C@H]12)c1ccc(O)cc1,N[C@@H](C(=O)N[C@@H]1C(=O)N2C(C(=O)O)=C(C(F)(F)F)CC[C@H]12)c1ccc(F)cc1,O=C(Cc1ccccc1)N[C@@H]1C(=O)N2C=CCC[C@H]12,O=C(Cc1ccccc1)N[C@@H]1C(=O)N2C=CCC[C@H]12,True,False,False,source_identity,1.0,0.8545454545454545,,,,,,,,,,,,,132.96,112.73,20.230000000000004,False,4.0,3.0,1.0,True,5.0,4.0,1.0,True,,,,
scaffold_property_retrieval,mpair_00000330_cond_01_3p,mpair_00000330,eval,3,"MW,LogP,HBD",N[C@@H](C(=O)N[C@@H]1C(=O)N2C(C(=O)O)=C(C(F)(F)F)CC[C@H]12)c1ccc(O)cc1,N[C@@H](C(=O)N[C@@H]1C(=O)N2C(C(=O)O)=C(C(F)(F)F)CC[C@H]12)c1cccc(C(F)(F)F)c1,N[C@@H](C(=O)N[C@@H]1C(=O)N2C(C(=O)O)=C(C(F)(F)F)CC[C@H]12)c1ccc(O)cc1,O=C(Cc1ccccc1)N[C@@H]1C(=O)N2C=CCC[C@H]12,O=C(Cc1ccccc1)N[C@@H]1C(=O)N2C=CCC[C@H]12,True,False,False,source_identity,1.0,0.7377049180327869,451.3230000000001,399.3250000000001,51.99799999999999,False,2.0955999999999997,0.7823999999999993,1.3132000000000004,False,,,,,,,,,3.0,4.0,1.0,True,,,,,,,,
scaffold_property_retrieval,mpair_00000332_cond_02_3p,mpair_00000332,eval,3,"TPSA,HBD,HBA",N[C@@H](C(=O)N[C@@H]1C(=O)N2C(C(=O)O)=C(C(F)(F)F)CC[C@H]12)c1ccc(O)cc1,N[C@@H](C(=O)N[C@@H]1C(=O)N2C(C(=O)O)=C(C(F)(F)F)CC[C@H]12)c1cccc(Br)c1,N[C@@H](C(=O)N[C@@H]1C(=O)N2C(C(=O)O)=C(C(F)(F)F)CC[C@H]12)c1ccc(O)cc1,O=C(Cc1ccccc1)N[C@@H]1C(=O)N2C=CCC[C@H]12,O=C(Cc1ccccc1)N[C@@H]1C(=O)N2C=CCC[C@H]12,True,False,False,source_identity,1.0,0.7377049180327869,,,,,,,,,,,,,112.73,132.96,20.230000000000004,False,3.0,4.0,1.0,True,4.0,5.0,1.0,True,,,,
scaffold_property_retrieval,mpair_00000338_cond_00_3p,mpair_00000338,eval,3,"LogP,QED,RB",N[C@@H](C(=O)N[C@@H]1C(=O)N2C(C(=O)O)=C(C(F)(F)F)CC[C@H]12)c1cccc(Br)c1,CSC1=C(C(=O)O)N2C(=O)[C@@H](NC(=O)[C@H](N)c3ccccc3)[C@H]2CC1,N[C@@H](C(=O)N[C@@H]1C(=O)N2C(C(=O)O)=C(C(F)(F)F)CC[C@H]12)c1cccc(Br)c1,O=C(Cc1ccccc1)N[C@@H]1C(=O)N2C=CCC[C@H]12,O=C(Cc1ccccc1)N[C@@H]1C(=O)N2C=CCC[C@H]12,True,False,False,source_identity,1.0,0.5757575757575758,,,,,0.8350000000000002,1.8392999999999997,1.0042999999999995,False,0.6699274889764619,0.5917241763797754,0.07820331259668656,True,,,,,,,,,,,,,5.0,4.0,1.0,True
scaffold_property_retrieval,mpair_00000597_cond_02_3p,mpair_00000597,eval,3,"QED,HBD,HBA",OC[C@@H]1N[C@@H](CCCCc2ccc(O)cc2)[C@H](O)[C@H]1O,OC[C@@H]1N[C@@H](CCCCc2ccc(F)cc2)[C@H](O)[C@H]1O,OC[C@@H]1N[C@@H](CCCCc2ccc(O)cc2)[C@H](O)[C@H]1O,c1ccc(CCCC[C@H]2CCCN2)cc1,c1ccc(CCCC[C@H]2CCCN2)cc1,True,True,True,source_identity,1.0,0.7567567567567568,,,,,,,,,0.5767746304019578,0.47902706341404183,0.09774756698791592,True,,,,,4.0,5.0,1.0,True,4.0,5.0,1.0,True,,,,
scaffold_property_retrieval,mpair_00000728_cond_02_3p,mpair_00000728,eval,3,"LogP,QED,RB",C=CCc1cc(/C=C2\SC(=O)NC2=O)c(OC)cc1OC1CCCCO1,C=CCc1cc(/C=C2\SC(=O)N(CCCC)C2=O)c(OC)cc1OC1CCCCO1,C=CCc1cc(/C=C2\SC(=O)NC2=O)c(OC)cc1OC1CCCCO1,O=C1NC(=O)/C(=C/c2ccc(OC3CCCCO3)cc2)S1,O=C1NC(=O)/C(=C/c2ccc(OC3CCCCO3)cc2)S1,True,False,False,source_identity,1.0,0.6571428571428571,,,,,5.165500000000004,3.6530000000000022,1.512500000000002,False,0.39718598618589046,0.6042673504148035,0.20708136422891305,False,,,,,,,,,,,,,9.0,6.0,3.0,False
scaffold_property_retrieval,mpair_00000740_cond_00_3p,mpair_00000740,eval,3,"MW,QED,RB",C=CCc1cc(/C=C2\SC(=O)N(C)C2=O)c(OC)cc1OC1CCCCO1,C=CCc1cc(/C=C2\SC(=O)N(CCCC)C2=O)c(OC)cc1OC1CCCCO1,C=CCc1cc(/C=C2\SC(=O)N(C)C2=O)c(OC)cc1OC1CCCCO1,O=C1NC(=O)/C(=C/c2ccc(OC3CCCCO3)cc2)S1,O=C1NC(=O)/C(=C/c2ccc(OC3CCCCO3)cc2)S1,True,False,False,source_identity,1.0,0.7878787878787878,431.55400000000026,389.4730000000002,42.081000000000074,False,,,,,0.39718598618589046,0.5413211960634129,0.14413520987752243,False,,,,,,,,,,,,,9.0,6.0,3.0,False
scaffold_property_retrieval,mpair_00000742_cond_02_3p,mpair_00000742,eval,3,"MW,LogP,QED",C=CCc1cc(/C=C2\SC(=O)N(C)C2=O)c(OC)cc1OC1CCCCO1,C=CCc1cc(/C=C2\SC(=O)N(CC=C(C)C)C2=O)c(OC)cc1OC1CCCCO1,C=CCc1cc(/C=C2\SC(=O)N(C)C2=O)c(OC)cc1OC1CCCCO1,O=C1NC(=O)/C(=C/c2ccc(OC3CCCCO3)cc2)S1,O=C1NC(=O)/C(=C/c2ccc(OC3CCCCO3)cc2)S1,True,False,False,source_identity,1.0,0.7761194029850746,443.5650000000003,389.4730000000002,54.0920000000001,False,5.331600000000005,3.9952000000000023,1.336400000000003,False,0.3995752918375223,0.5413211960634129,0.14174590422589062,False,,,,,,,,,,,,,,,,
scaffold_property_retrieval,mpair_00000747_cond_01_3p,mpair_00000747,eval,3,"LogP,QED,HBD",C=CCc1cc(/C=C2\SC(=O)N(CC=C)C2=O)c(OC)cc1OC1CCCCO1,C=CCc1cc(/C=C2\SC(=O)NC2=O)c(OC)cc1OC1CCCCO1,C=CCc1cc(/C=C2\SC(=O)N(CC=C)C2=O)c(OC)cc1OC1CCCCO1,O=C1NC(=O)/C(=C/c2ccc(OC3CCCCO3)cc2)S1,O=C1NC(=O)/C(=C/c2ccc(OC3CCCCO3)cc2)S1,True,False,False,source_identity,1.0,0.696969696969697,,,,,3.6530000000000022,4.551400000000004,0.8984000000000014,True,0.6042673504148035,0.45838471716690443,0.14588263324789907,False,,,,,1.0,0.0,1.0,True,,,,,,,,
scaffold_property_retrieval,mpair_00000749_cond_00_3p,mpair_00000749,eval,3,"QED,HBD,RB",C=CCc1cc(/C=C2\SC(=O)N(C(C)C)C2=O)c(OC)cc1OC1CCCCO1,C=CCc1cc(/C=C2\SC(=O)NC2=O)c(OC)cc1OC1CCCCO1,C=CCc1cc(/C=C2\SC(=O)N(C(C)C)C2=O)c(OC)cc1OC1CCCCO1,O=C1NC(=O)/C(=C/c2ccc(OC3CCCCO3)cc2)S1,O=C1NC(=O)/C(=C/c2ccc(OC3CCCCO3)cc2)S1,True,False,False,source_identity,1.0,0.6865671641791045,,,,,,,,,0.6042673504148035,0.4701504427149941,0.13411690769980938,False,,,,,1.0,0.0,1.0,True,,,,,6.0,7.0,1.0,True
scaffold_property_retrieval,mpair_00000758_cond_02_3p,mpair_00000758,eval,3,"LogP,HBA,RB",Clc1cccc(-c2cncc(O[C@@H]3CCNC3)c2)c1,COc1cccc(-c2cncc(O[C@@H]3CCNC3)c2)c1,Clc1cccc(-c2cncc(O[C@@H]3CCNC3)c2)c1,c1ccc(-c2cncc(O[C@@H]3CCNC3)c2)cc1,c1ccc(-c2cncc(O[C@@H]3CCNC3)c2)cc1,True,True,True,source_identity,1.0,0.7446808510638298,,,,,2.4979000000000005,3.1427000000000014,0.6448000000000009,True,,,,,,,,,,,,,4.0,3.0,1.0,True,4.0,3.0,1.0,True
scaffold_property_retrieval,mpair_00001125_cond_00_3p,mpair_00001125,eval,3,"MW,QED,HBD",CN1C(=O)c2ccccc2C1CCN1CCN(c2ccc(Cl)cc2)CC1,O=C1NC(CCN2CCN(c3ccccc3)CC2)c2ccccc21,CN1C(=O)c2ccccc2C1CCN1CCN(c2ccc(Cl)cc2)CC1,O=C1NC(CCN2CCN(c3ccccc3)CC2)c2ccccc21,O=C1NC(CCN2CCN(c3ccccc3)CC2)c2ccccc21,True,False,False,source_identity,1.0,0.4909090909090909,321.4240000000001,369.8960000000001,48.47199999999998,False,,,,,0.9403172855884846,0.8221231339252668,0.11819415166321778,False,,,,,1.0,0.0,1.0,True,,,,,,,,
scaffold_property_retrieval,mpair_00001132_cond_00_3p,mpair_00001132,eval,3,"QED,TPSA,HBA",O=C(Cc1ccccc1[N+](=O)[O-])NCCC1CCN(CC2COc3ccccc3O2)CC1,COc1ccccc1CC(=O)NCCC1CCN(CC2COc3ccccc3O2)CC1,O=C(Cc1ccccc1[N+](=O)[O-])NCCC1CCN(CC2COc3ccccc3O2)CC1,O=C(Cc1ccccc1)NCCC1CCN(CC2COc3ccccc3O2)CC1,O=C(Cc1ccccc1)NCCC1CCN(CC2COc3ccccc3O2)CC1,True,False,False,source_identity,1.0,0.7164179104477612,,,,,,,,,0.7047088784600517,0.5015202818225966,0.20318859663745514,False,60.03,93.94,33.91,False,,,,,5.0,6.0,1.0,True,,,,
scaffold_property_retrieval,mpair_00001135_cond_01_3p,mpair_00001135,eval,3,"MW,LogP,QED",Fc1ccc(N2CCN(c3nc4ccsc4n4cccc34)CC2)cc1,FC(F)(F)c1cccc(N2CCN(c3nc4ccsc4n4cccc34)CC2)c1,Clc1ccc(N2CCN(c3nc4ccsc4n4cccc34)CC2)cc1,c1ccc(N2CCN(c3nc4ccsc4n4cccc34)CC2)cc1,c1ccc(N2CCN(c3nc4ccsc4n4cccc34)CC2)cc1,True,True,True,,0.7872340425531915,0.6363636363636364,402.4450000000001,368.89300000000014,33.551999999999964,True,4.894400000000004,4.5290000000000035,0.36540000000000017,True,0.47685586942313013,0.5191234865371509,0.04226761711402077,True,,,,,,,,,,,,,,,,
scaffold_property_retrieval,mpair_00002371_cond_02_3p,mpair_00002371,eval,3,"QED,HBD,HBA",Cn1cc(C(=O)c2ccc(-n3ccnc3)cc2)cc1/C=C/C(=O)O,CCOC(=O)/C=C/c1cc(C(=O)c2ccc(-n3ccnc3)cc2)cn1C,Cn1cc(C(=O)c2ccc(-n3ccnc3)cc2)cc1/C=C/C(=O)O,O=C(c1ccc(-n2ccnc2)cc1)c1cc[nH]c1,O=C(c1ccc(-n2ccnc2)cc1)c1cc[nH]c1,True,False,False,source_identity,1.0,0.7454545454545455,,,,,,,,,0.3897342663180413,0.5785260949639057,0.1887918286458644,False,,,,,0.0,1.0,1.0,True,6.0,5.0,1.0,True,,,,
scaffold_property_retrieval,mpair_00002463_cond_00_3p,mpair_00002463,eval,3,"LogP,HBA,RB",COc1ccc(NC(=O)c2cc(OCCCN(C)C)nn2Cc2ccccc2)cc1,CN(C)CCCOc1cc(C(=O)Nc2ccc(Cl)cc2F)n(Cc2ccccc2)n1,COc1ccc(NC(=O)c2cc(OCCCN(C)C)nn2Cc2ccccc2)cc1,O=C(Nc1ccccc1)c1ccnn1Cc1ccccc1,O=C(Nc1ccccc1)c1ccnn1Cc1ccccc1,True,True,True,source_identity,1.0,0.6567164179104478,,,,,4.306700000000003,3.522800000000002,0.7839000000000009,True,,,,,,,,,,,,,5.0,6.0,1.0,True,9.0,10.0,1.0,True
scaffold_property_retrieval,mpair_00002466_cond_01_3p,mpair_00002466,eval,3,"QED,HBA,RB",CN(C)CCCOc1cc(C(=O)Nc2ccc(Cl)cc2F)n(Cc2ccccc2)n1,CN(C)CCCOc1cc(C(=O)Nc2ccc(OC(F)(F)F)cc2)n(Cc2ccccc2)n1,CN(C)CCCOc1cc(C(=O)Nc2ccc(Cl)cc2F)n(Cc2ccccc2)n1,O=C(Nc1ccccc1)c1ccnn1Cc1ccccc1,O=C(Nc1ccccc1)c1ccnn1Cc1ccccc1,True,True,True,source_identity,1.0,0.6428571428571429,,,,,,,,,0.4522382232340766,0.5138601191048354,0.061621895870758836,True,,,,,,,,,6.0,5.0,1.0,True,10.0,9.0,1.0,True
scaffold_property_retrieval,mpair_00002470_cond_00_3p,mpair_00002470,eval,3,"LogP,HBA,RB",CN(C)CCCOc1cc(C(=O)Nc2ccc(Cl)cc2F)n(Cc2ccccc2)n1,COc1ccc(NC(=O)c2cc(OCCCN(C)C)nn2Cc2ccccc2)cc1,CN(C)CCCOc1cc(C(=O)Nc2ccc(Cl)cc2F)n(Cc2ccccc2)n1,O=C(Nc1ccccc1)c1ccnn1Cc1ccccc1,O=C(Nc1ccccc1)c1ccnn1Cc1ccccc1,True,True,True,source_identity,1.0,0.6567164179104478,,,,,3.522800000000002,4.306700000000003,0.7839000000000009,True,,,,,,,,,,,,,6.0,5.0,1.0,True,10.0,9.0,1.0,True
scaffold_property_retrieval,mpair_00002473_cond_00_3p,mpair_00002473,eval,3,"LogP,HBA,RB",COc1ccc(NC(=O)c2cc(OCCCN(C)C)nn2Cc2ccccc2)cc1,CN(C)CCCOc1cc(C(=O)Nc2cccc(Cl)c2)n(Cc2ccccc2)n1,COc1ccc(NC(=O)c2cc(OCCCN(C)C)nn2Cc2ccccc2)cc1,O=C(Nc1ccccc1)c1ccnn1Cc1ccccc1,O=C(Nc1ccccc1)c1ccnn1Cc1ccccc1,True,True,True,source_identity,1.0,0.7419354838709677,,,,,4.167600000000003,3.522800000000002,0.6448000000000009,True,,,,,,,,,,,,,5.0,6.0,1.0,True,9.0,10.0,1.0,True
scaffold_property_retrieval,mpair_00002478_cond_02_3p,mpair_00002478,eval,3,"MW,LogP,QED",CN(C)CCCOc1cc(C(=O)Nc2cccc(Cl)c2)n(Cc2ccccc2)n1,CN(C)CCCOc1cc(C(=O)Nc2cc(F)cc(C(F)(F)F)c2)n(Cc2ccccc2)n1,CN(C)CCCOc1cc(C(=O)Nc2cccc(Cl)c2)n(Cc2ccccc2)n1,O=C(Nc1ccccc1)c1ccnn1Cc1ccccc1,O=C(Nc1ccccc1)c1ccnn1Cc1ccccc1,True,False,False,source_identity,1.0,0.6764705882352942,464.4630000000001,412.9210000000001,51.54199999999997,False,4.672100000000003,4.167600000000003,0.5045000000000002,True,0.369385517709234,0.5357556879239462,0.16637017021471223,False,,,,,,,,,,,,,,,,
scaffold_property_retrieval,mpair_00002483_cond_00_3p,mpair_00002483,eval,3,"LogP,HBA,RB",COc1cc(NC(=O)c2cc(OCCCN(C)C)nn2Cc2ccccc2)cc(OC)c1OC,CN(C)CCCOc1cc(C(=O)Nc2ccc(OC(F)(F)F)cc2)n(Cc2ccccc2)n1,COc1cc(NC(=O)c2cc(OCCCN(C)C)nn2Cc2ccccc2)cc(OC)c1OC,O=C(Nc1ccccc1)c1ccnn1Cc1ccccc1,O=C(Nc1ccccc1)c1ccnn1Cc1ccccc1,True,False,False,source_identity,1.0,0.6764705882352942,,,,,4.412800000000003,3.5400000000000027,0.8728000000000007,True,,,,,,,,,,,,,6.0,8.0,2.0,False,10.0,12.0,2.0,False
scaffold_property_retrieval,mpair_00002488_cond_01_3p,mpair_00002488,eval,3,"LogP,TPSA,HBD",C=Cc1cc(C(=O)OCC)n(S(=O)(=O)c2cc(Cl)ccc2N)c1,CC(C)OC(=O)c1cc(CO)cn1S(=O)(=O)c1cc(Cl)ccc1N,N/C(S)=N/N=C/c1cccn1S(=O)(=O)c1ccccc1,O=S(=O)(c1ccccc1)n1cccc1,O=S(=O)(c1ccccc1)n1cccc1,True,False,False,,0.16,0.14666666666666667,,,,,2.0182,1.3035,0.7147000000000001,True,,,,,111.61999999999999,89.81,21.809999999999988,False,2.0,2.0,0.0,True,,,,,,,,
scaffold_property_retrieval,mpair_00002498_cond_01_3p,mpair_00002498,eval,3,"MW,QED,RB",CCc1ccc(NC2=C(Cl)C(=O)c3ncncc3C2=O)cc1,O=C1C(Nc2cccc(Br)c2)=C(Cl)C(=O)c2ncncc21,O=C1C(Nc2cccc(Cl)c2)=C(Cl)C(=O)c2ncncc21,O=C1C(Nc2ccccc2)=CC(=O)c2ncncc21,O=C1C(Nc2ccccc2)=CC(=O)c2ncncc21,True,False,False,,0.6122448979591837,0.7777777777777778,364.58600000000007,320.135,44.45100000000008,False,,,,,0.885902971993687,0.9205249949064266,0.034622022912739636,True,,,,,,,,,,,,,2.0,2.0,0.0,True
scaffold_property_retrieval,mpair_00002502_cond_02_3p,mpair_00002502,eval,3,"MW,QED,RB",O=C1C(Nc2cccc(Br)c2)=C(Cl)C(=O)c2ncncc21,CCc1ccc(NC2=C(Cl)C(=O)c3ncncc3C2=O)cc1,O=C1C(Nc2cccc(Cl)c2)=C(Cl)C(=O)c2ncncc21,O=C1C(Nc2ccccc2)=CC(=O)c2ncncc21,O=C1C(Nc2ccccc2)=CC(=O)c2ncncc21,True,True,True,,0.7777777777777778,0.6122448979591837,313.744,320.135,6.390999999999963,True,,,,,0.9428073960459649,0.9205249949064266,0.022282401139538277,True,,,,,,,,,,,,,3.0,2.0,1.0,True
scaffold_property_retrieval,mpair_00002505_cond_02_3p,mpair_00002505,eval,3,"QED,HBA,RB",COc1ccc(C(=O)CN2c3ccccc3C(=O)N(Cc3ccccc3)S2(=O)=O)cc1,O=C(CN1c2ccccc2C(=O)N(Cc2ccccc2)S1(=O)=O)c1ccccc1,COc1ccc(C(=O)CN2c3ccccc3C(=O)N(Cc3ccccc3)S2(=O)=O)cc1,O=C(CN1c2ccccc2C(=O)N(Cc2ccccc2)S1(=O)=O)c1ccccc1,O=C(CN1c2ccccc2C(=O)N(Cc2ccccc2)S1(=O)=O)c1ccccc1,True,True,True,source_identity,1.0,0.7916666666666666,,,,,,,,,0.6096951629926923,0.5539335722556151,0.055761590737077205,True,,,,,,,,,4.0,5.0,1.0,True,5.0,6.0,1.0,True
scaffold_property_retrieval,mpair_00002516_cond_02_3p,mpair_00002516,eval,3,"LogP,TPSA,HBA",CSc1cc(-c2ccc(Cl)cc2)oc(=O)c1Br,CSc1cc(-c2ccc(Br)cc2)oc(=O)c1C#N,CSc1cc(-c2ccc(F)cc2)oc(=O)c1,O=c1cccc(-c2ccccc2)o1,O=c1cccc(-c2ccccc2)o1,True,False,False,,0.3695652173913043,0.3469387755102041,,,,,3.662880000000002,3.1678000000000024,0.49507999999999974,True,,,,,54.0,30.21,23.79,False,,,,,4.0,3.0,1.0,True,,,,
scaffold_property_retrieval,mpair_00002546_cond_01_3p,mpair_00002546,eval,3,"MW,QED,HBA",CSc1cc(-c2ccc(Br)cc2)oc(=O)c1Br,CSc1cc(-c2ccc(Br)cc2)oc(=O)c1C#N,CSc1cc(-c2ccc(F)cc2)oc(=O)c1,O=c1cccc(-c2ccccc2)o1,O=c1cccc(-c2ccccc2)o1,True,False,False,,0.38636363636363635,0.3469387755102041,322.1830000000001,236.26699999999997,85.91600000000014,False,,,,,0.791886779601309,0.7501191134076561,0.04176766619365291,True,,,,,,,,,4.0,3.0,1.0,True,,,,
scaffold_property_retrieval,mpair_00002560_cond_02_3p,mpair_00002560,eval,3,"MW,QED,HBA",CSc1nc(-c2ccc(Cl)cc2)nn1C(=O)N(C)c1ccccc1,CSc1nc(-c2ccc(OC(F)(F)F)cc2)nn1C(=O)N(C)c1ccccc1,CSc1nc(-c2ccc(Cl)cc2)nn1C(=O)N(C)c1ccccc1,O=C(Nc1ccccc1)n1cnc(-c2ccccc2)n1,O=C(Nc1ccccc1)n1cnc(-c2ccccc2)n1,True,False,False,source_identity,1.0,0.7037037037037037,408.4050000000001,358.85400000000004,49.551000000000045,False,,,,,0.5874043626188404,0.6499636794176425,0.06255931679880211,True,,,,,,,,,6.0,5.0,1.0,True,,,,
scaffold_property_retrieval,mpair_00002570_cond_01_3p,mpair_00002570,eval,3,"QED,TPSA,HBA",CCN(CC)C(=O)OCC1CN(C(=O)c2cc(OC)c(OC)c(OC)c2)CCN1C(=O)c1cc(OC)c(OC)c(OC)c1,COc1cc(C(=O)N2CCN(C(=O)c3cc(OC)c(OC)c(OC)c3)CC2)cc(OC)c1OC,CCN(CC)C(=O)OCC1CN(C(=O)c2cc(OC)c(OC)c(OC)c2)CCN1C(=O)c1cc(OC)c(OC)c(OC)c1,O=C(c1ccccc1)N1CCN(C(=O)c2ccccc2)CC1,O=C(c1ccccc1)N1CCN(C(=O)c2ccccc2)CC1,True,False,False,source_identity,1.0,0.52,,,,,,,,,0.5754127815390553,0.3571777118480848,0.2182350696909705,False,96.00000000000001,125.54,29.539999999999992,False,,,,,8.0,10.0,2.0,False,,,,
scaffold_property_retrieval,mpair_00002580_cond_00_3p,mpair_00002580,eval,3,"LogP,HBD,HBA",COc1cc(C(=O)N2CCN(C(=O)c3cc(OC)c(OC)c(OC)c3)C(COC(C)=O)C2)cc(OC)c1OC,COc1cc(C(=O)N2CCN(C(=O)c3cc(OC)c(OC)c(OC)c3)C(CO)C2)cc(OC)c1OC,COc1cc(C(=O)N2CCN(C(=O)c3cc(OC)c(OC)c(OC)c3)C(COC(C)=O)C2)cc(OC)c1OC,O=C(c1ccccc1)N1CCN(C(=O)c2ccccc2)CC1,O=C(c1ccccc1)N1CCN(C(=O)c2ccccc2)CC1,True,True,True,source_identity,1.0,0.75,,,,,1.6973000000000003,2.2681000000000004,0.5708000000000002,True,,,,,,,,,1.0,0.0,1.0,True,9.0,10.0,1.0,True,,,,
scaffold_property_retrieval,mpair_00002585_cond_01_3p,mpair_00002585,eval,3,"QED,TPSA,RB",COc1cc(C(=O)N2CCN(C(=O)c3cc(OC)c(OC)c(OC)c3)C(COC(C)=O)C2)cc(OC)c1OC,COc1cc(C(=O)N2CCN(C(=O)c3cc(OC)c(OC)c(OC)c3)CC2)cc(OC)c1OC,COc1cc(C(=O)N2CCN(C(=O)c3cc(OC)c(OC)c(OC)c3)C(COC(C)=O)C2)cc(OC)c1OC,O=C(c1ccccc1)N1CCN(C(=O)c2ccccc2)CC1,O=C(c1ccccc1)N1CCN(C(=O)c2ccccc2)CC1,True,False,False,source_identity,1.0,0.5777777777777777,,,,,,,,,0.5754127815390553,0.41028124355120477,0.16513153798785052,False,96.00000000000001,122.30000000000001,26.299999999999997,False,,,,,,,,,8.0,10.0,2.0,False
scaffold_property_retrieval,mpair_00002590_cond_00_3p,mpair_00002590,eval,3,"MW,HBD,RB",COc1cc(C(=O)N2CCN(C(=O)c3cc(OC)c(OC)c(OC)c3)C(COC(=O)NCCC(C)C)C2)cc(OC)c1OC,COc1cc(C(=O)N2CCN(C(=O)c3cc(OC)c(OC)c(OC)c3)C(COC(C)=O)C2)cc(OC)c1OC,COc1cc(C(=O)N2CCN(C(=O)c3cc(OC)c(OC)c(OC)c3)C(COC(=O)NCCC(C)C)C2)cc(OC)c1OC,O=C(c1ccccc1)N1CCN(C(=O)c2ccccc2)CC1,O=C(c1ccccc1)N1CCN(C(=O)c2ccccc2)CC1,True,False,False,source_identity,1.0,0.7017543859649122,546.5730000000003,617.6960000000003,71.12299999999993,False,,,,,,,,,,,,,0.0,1.0,1.0,True,,,,,10.0,13.0,3.0,False
scaffold_property_retrieval,mpair_00002596_cond_02_3p,mpair_00002596,eval,3,"HBD,HBA,RB",COc1ccc(C(=O)Nc2c(F)cncc2F)c2ccc(C(F)(F)F)nc12,COc1ccc(C(=O)Nc2c(Cl)cncc2Cl)c2ccc(C(C)O)nc12,COc1ccc(C(=O)Nc2c(F)cncc2F)c2ccc(C(F)(F)F)nc12,O=C(Nc1ccncc1)c1cccc2ncccc12,O=C(Nc1ccncc1)c1cccc2ncccc12,True,True,True,source_identity,1.0,0.532258064516129,,,,,,,,,,,,,,,,,2.0,1.0,1.0,True,5.0,4.0,1.0,True,4.0,3.0,1.0,True
scaffold_property_retrieval,mpair_00002601_cond_01_3p,mpair_00002601,eval,3,"MW,LogP,QED",COc1ccc(C(=O)Nc2ccncc2Cl)c2cccnc12,COc1ccc(C(=O)Nc2ccncc2Cl)c2ccc(C(F)(F)F)nc12,COc1ccc(C(=O)Nc2ccncc2Cl)c2cccnc12,O=C(Nc1ccncc1)c1cccc2ncccc12,O=C(Nc1ccncc1)c1cccc2ncccc12,True,False,False,source_identity,1.0,0.6724137931034483,381.74100000000004,313.744,67.99700000000001,False,4.562900000000002,3.544100000000002,1.0187999999999997,False,0.7218484507203837,0.8029165077767629,0.0810680570563792,True,,,,,,,,,,,,,,,,
scaffold_property_retrieval,mpair_00002605_cond_01_3p,mpair_00002605,eval,3,"TPSA,HBD,HBA",COc1ccc(C(=O)Nc2c(Cl)cncc2Cl)c2ccc(C(C)O)nc12,COc1ccc(C(=O)Nc2c(F)cncc2F)c2ccc(C(F)(F)F)nc12,COc1ccc(C(=O)Nc2c(Cl)cncc2Cl)c2ccc(C(C)O)nc12,O=C(Nc1ccncc1)c1cccc2ncccc12,O=C(Nc1ccncc1)c1cccc2ncccc12,True,False,False,source_identity,1.0,0.532258064516129,,,,,,,,,,,,,64.11,84.34,20.230000000000004,False,1.0,2.0,1.0,True,4.0,5.0,1.0,True,,,,
scaffold_property_retrieval,mpair_00002610_cond_02_3p,mpair_00002610,eval,3,"LogP,TPSA,HBD",CCc1ccc2c(C(=O)Nc3c(Cl)cncc3Cl)ccc(OC)c2n1,COc1ccc(C(=O)Nc2c(Cl)cncc2Cl)c2ccc(C(C)O)nc12,CCc1ccc2c(C(=O)Nc3c(Cl)cncc3Cl)ccc(OC)c2n1,O=C(Nc1ccncc1)c1cccc2ncccc12,O=C(Nc1ccncc1)c1cccc2ncccc12,True,False,False,source_identity,1.0,0.6964285714285714,,,,,4.2508000000000035,4.759900000000003,0.5090999999999992,True,,,,,84.34,64.11,20.230000000000004,False,2.0,1.0,1.0,True,,,,,,,,
scaffold_property_retrieval,mpair_00002617_cond_00_3p,mpair_00002617,eval,3,"TPSA,HBA,RB",COc1ccc(C(=O)Nc2c(Cl)cncc2Cl)c2ccc(C(C)=O)nc12,COc1ccc(C(=O)Nc2ccncc2Cl)c2ccc(C(F)(F)F)nc12,COc1ccc(C(=O)Nc2c(Cl)cncc2Cl)c2ccc(C(C)=O)nc12,O=C(Nc1ccncc1)c1cccc2ncccc12,O=C(Nc1ccncc1)c1cccc2ncccc12,True,True,True,source_identity,1.0,0.5396825396825397,,,,,,,,,,,,,64.11,81.17999999999999,17.069999999999993,True,,,,,4.0,5.0,1.0,True,3.0,4.0,1.0,True
scaffold_property_retrieval,mpair_00002624_cond_01_3p,mpair_00002624,eval,3,"MW,LogP,QED",COc1ccc(C(=O)Nc2ccncc2Cl)c2ccc(C(F)(F)F)nc12,COc1ccc(C(=O)Nc2ccncc2Cl)c2cccnc12,COc1ccc(C(=O)Nc2ccncc2Cl)c2ccc(C(F)(F)F)nc12,O=C(Nc1ccncc1)c1cccc2ncccc12,O=C(Nc1ccncc1)c1cccc2ncccc12,True,False,False,source_identity,1.0,0.6724137931034483,313.744,381.74100000000004,67.99700000000001,False,3.544100000000002,4.562900000000002,1.0187999999999997,False,0.8029165077767629,0.7218484507203837,0.0810680570563792,True,,,,,,,,,,,,,,,,
scaffold_property_retrieval,mpair_00002631_cond_01_3p,mpair_00002631,eval,3,"LogP,HBD,HBA",CC(C)(C)[C@H](O)C(=O)N1C[C@H](c2ccccc2)C[C@H]1C(=O)N[C@@H](CC(F)F)C(=O)NCCc1c(F)cc(C(=O)O)cc1F,CC(C)CC(=O)N1C[C@H](c2ccccc2)C[C@H]1C(=O)N[C@@H](CC(F)F)C(=O)NCCc1c(F)cc(C(=O)O)cc1F,CC(C)(C)[C@H](O)C(=O)N1C[C@H](c2ccccc2)C[C@H]1C(=O)N[C@@H](CC(F)F)C(=O)NCCc1c(F)cc(C(=O)O)cc1F,O=C(CNC(=O)[C@@H]1C[C@@H](c2ccccc2)CN1)NCCc1ccccc1,O=C(CNC(=O)[C@@H]1C[C@@H](c2ccccc2)CN1)NCCc1ccccc1,True,True,True,source_identity,1.0,0.7567567567567568,,,,,3.892500000000002,3.253400000000001,0.6391000000000009,True,,,,,,,,,3.0,4.0,1.0,True,4.0,5.0,1.0,True,,,,
scaffold_property_retrieval,mpair_00003115_cond_01_3p,mpair_00003115,eval,3,"MW,LogP,QED",Cc1nc2nncnn2c(=O)c1C,Cc1nc2nnc(C(C)(C)C)nn2c(=O)c1C,Cc1nc2nncnn2c(=O)c1C,O=c1ccnc2nncnn12,O=c1ccnc2nncnn12,True,False,False,source_identity,1.0,0.48717948717948717,233.27499999999998,177.167,56.107999999999976,False,0.7938399999999997,-0.5036600000000002,1.2974999999999999,False,0.6723856505150625,0.541825521381232,0.13056012913383053,False,,,,,,,,,,,,,,,,
scaffold_property_retrieval,mpair_00003206_cond_01_3p,mpair_00003206,eval,3,"MW,LogP,HBA",CCOC(=O)N1CCN(S(=O)(=O)c2ccc(-n3ncc(=O)[nH]c3=O)cc2Cl)CC1,Cc1cc(-n2ncc(=O)[nH]c2=O)ccc1S(=O)(=O)N1CCN(C=O)CC1,CCOC(=O)N1CCN(S(=O)(=O)c2ccc(-n3ncc(=O)[nH]c3=O)cc2Cl)CC1,O=c1cnn(-c2ccc(S(=O)(=O)N3CCNCC3)cc2)c(=O)[nH]1,O=c1cnn(-c2ccc(S(=O)(=O)N3CCNCC3)cc2)c(=O)[nH]1,True,False,False,source_identity,1.0,0.5625,379.39800000000025,443.86900000000026,64.471,False,-1.3080799999999981,0.037000000000000144,1.3450799999999983,False,,,,,,,,,,,,,7.0,8.0,1.0,True,,,,
scaffold_property_retrieval,mpair_00003210_cond_01_3p,mpair_00003210,eval,3,"MW,LogP,RB",CC[C@H]1OC(=O)[C@H](C)[C@@H](O)[C@H](C)[C@@H](OC2O[C@H](C)C[C@H](N(C)C)C2O)[C@@](C)(OC)C[C@@H](C)C(=O)[C@H](C)[C@@H](O)[C@]1(C)O,CC[C@H]1OC(=O)[C@H](C)[C@@H](OC(C)=O)[C@H](C)[C@@H](OC2O[C@H](C)C[C@H](N(C)C)C2O)[C@@](C)(OC)C[C@@H](C)C(=O)[C@H](C)[C@@H](O)[C@]1(C)O,CC[C@H]1OC(=O)[C@H](C)[C@@H](O)[C@H](C)[C@@H](OC2O[C@H](C)C[C@H](N(C)C)C2O)[C@@](C)(OC)C[C@@H](C)C(=O)[C@H](C)[C@@H](O)[C@]1(C)O,O=C1CCCCOC(=O)CCC[C@@H](OC2CCCCO2)CCC1,O=C1CCCCOC(=O)CCC[C@@H](OC2CCCCO2)CCC1,True,False,False,source_identity,1.0,0.821917808219178,631.8040000000003,589.7670000000004,42.03699999999992,False,2.0853000000000033,1.5145000000000022,0.5708000000000011,True,,,,,,,,,,,,,,,,,6.0,5.0,1.0,True
scaffold_property_retrieval,mpair_00003219_cond_02_3p,mpair_00003219,eval,3,"MW,LogP,QED",COc1ccc(S(=O)(=O)N(Cc2cccnc2)c2c(C)cccc2C(=O)NO)cc1,COc1ccc(S(=O)(=O)N(Cc2cccnc2)c2c(C)cc(Br)cc2C(=O)NO)cc1,COc1ccc(S(=O)(=O)N(Cc2cccnc2)c2c(C)cccc2C(=O)NO)cc1,O=S(=O)(c1ccccc1)N(Cc1cccnc1)c1ccccc1,O=S(=O)(c1ccccc1)N(Cc1cccnc1)c1ccccc1,True,False,False,source_identity,1.0,0.819672131147541,506.37800000000016,427.48200000000014,78.89600000000002,False,3.675620000000001,2.91312,0.7625000000000011,True,0.3740614499694089,0.44330794633881315,0.06924649636940428,True,,,,,,,,,,,,,,,,
scaffold_property_retrieval,mpair_00003223_cond_01_3p,mpair_00003223,eval,3,"MW,LogP,QED",COc1ccc(S(=O)(=O)N(Cc2cccnc2)c2c(C)cc(Br)cc2C(=O)NO)cc1,COc1ccc(S(=O)(=O)N(Cc2cccnc2)c2c(C)cccc2C(=O)NO)cc1,COc1ccc(S(=O)(=O)N(Cc2cccnc2)c2c(C)cc(Br)cc2C(=O)NO)cc1,O=S(=O)(c1ccccc1)N(Cc1cccnc1)c1ccccc1,O=S(=O)(c1ccccc1)N(Cc1cccnc1)c1ccccc1,True,False,False,source_identity,1.0,0.819672131147541,427.48200000000014,506.37800000000016,78.89600000000002,False,2.91312,3.675620000000001,0.7625000000000011,True,0.44330794633881315,0.3740614499694089,0.06924649636940428,True,,,,,,,,,,,,,,,,
scaffold_property_retrieval,mpair_00003535_cond_02_3p,mpair_00003535,eval,3,"MW,LogP,QED",O=S(=O)(CC(F)(F)F)N(Cc1cccnc1)c1cccc(OC(F)(F)F)c1,COc1cccc(N(Cc2cccnc2)S(=O)(=O)CC(F)(F)F)c1,O=S(=O)(CC(F)(F)F)N(Cc1cccnc1)c1cccc(OC(F)(F)F)c1,c1ccc(NCc2cccnc2)cc1,c1ccc(NCc2cccnc2)cc1,True,False,False,source_identity,1.0,0.8076923076923077,360.3570000000001,414.32700000000006,53.96999999999997,False,2.988900000000002,3.8789000000000025,0.8900000000000006,True,0.7946521442277092,0.6736163493728189,0.12103579485489036,False,,,,,,,,,,,,,,,,
scaffold_property_retrieval,mpair_00003540_cond_01_3p,mpair_00003540,eval,3,"QED,TPSA,HBA",CCCC(C)Oc1cccc(N(Cc2cccnc2)S(=O)(=O)CC(F)(F)F)c1,CCOC(=O)C(C)Oc1cccc(N(Cc2cccnc2)S(=O)(=O)CC(F)(F)F)c1,CCCC(C)Oc1cccc(N(Cc2cccnc2)S(=O)(=O)CC(F)(F)F)c1,c1ccc(NCc2cccnc2)cc1,c1ccc(NCc2cccnc2)cc1,True,False,False,source_identity,1.0,0.746031746031746,,,,,,,,,0.5496815697636838,0.6018859517288218,0.05220438196513799,True,85.80000000000001,59.5,26.30000000000001,False,,,,,6.0,4.0,2.0,False,,,,
scaffold_property_retrieval,mpair_00003546_cond_02_3p,mpair_00003546,eval,3,"MW,LogP,QED",COc1cccc(N(Cc2cccnc2)S(=O)(=O)CC(F)(F)F)c1,CCCC(C)Oc1cccc(N(Cc2cccnc2)S(=O)(=O)CC(F)(F)F)c1,COc1cccc(N(Cc2cccnc2)S(=O)(=O)CC(F)(F)F)c1,c1ccc(NCc2cccnc2)cc1,c1ccc(NCc2cccnc2)cc1,True,False,False,source_identity,1.0,0.7413793103448276,416.4650000000001,360.3570000000001,56.108000000000004,False,4.547700000000003,2.988900000000002,1.5588000000000015,False,0.6018859517288218,0.7946521442277092,0.1927661924988875,False,,,,,,,,,,,,,,,,
scaffold_property_retrieval,mpair_00000014_cond_02_4p,mpair_00000014,eval,4,"MW,LogP,TPSA,HBA",O=C(O)[C@@H]1C[C@H]2C[C@@H](CCS(=O)(=O)O)CC[C@H]2CN1,O=C(O)CC[C@H]1CC[C@H]2CN[C@H](C(=O)O)C[C@H]2C1,O=C(O)[C@@H]1C[C@H]2C[C@@H](CCS(=O)(=O)O)CC[C@H]2CN1,C1CC[C@H]2CNCC[C@H]2C1,C1CC[C@H]2CNCC[C@H]2C1,True,False,False,source_identity,1.0,0.6829268292682927,255.314,291.36899999999997,36.05499999999998,False,1.3301999999999996,0.7433000000000001,0.5868999999999995,True,,,,,86.63000000000001,103.7,17.069999999999993,True,,,,,3.0,4.0,1.0,True,,,,
scaffold_property_retrieval,mpair_00000322_cond_02_4p,mpair_00000322,eval,4,"MW,LogP,QED,HBA",N[C@@H](C(=O)N[C@@H]1C(=O)N2C(C(=O)O)=C(C(F)(F)F)CC[C@H]12)c1cccc(C(F)(F)F)c1,CSC1=C(C(=O)O)N2C(=O)[C@@H](NC(=O)[C@H](N)c3ccccc3)[C@H]2CC1,N[C@@H](C(=O)N[C@@H]1C(=O)N2C(C(=O)O)=C(C(F)(F)F)CC[C@H]12)c1cccc(C(F)(F)F)c1,O=C(Cc1ccccc1)N[C@@H]1C(=O)N2C=CCC[C@H]12,O=C(Cc1ccccc1)N[C@@H]1C(=O)N2C=CCC[C@H]12,True,False,False,source_identity,1.0,0.5757575757575758,361.42300000000006,451.3230000000001,89.90000000000003,False,0.8350000000000002,2.0955999999999997,1.2605999999999995,False,0.6699274889764619,0.4795891963980345,0.19033829257842744,False,,,,,,,,,5.0,4.0,1.0,True,,,,
scaffold_property_retrieval,mpair_00000326_cond_02_4p,mpair_00000326,eval,4,"MW,QED,TPSA,HBD",N[C@@H](C(=O)N[C@@H]1C(=O)N2C(C(=O)O)=C(C(F)(F)F)CC[C@H]12)c1ccc(O)cc1,CSC1=C(C(=O)O)N2C(=O)[C@@H](NC(=O)[C@H](N)c3ccccc3)[C@H]2CC1,N[C@@H](C(=O)N[C@@H]1C(=O)N2C(C(=O)O)=C(C(F)(F)F)CC[C@H]12)c1ccc(O)cc1,O=C(Cc1ccccc1)N[C@@H]1C(=O)N2C=CCC[C@H]12,O=C(Cc1ccccc1)N[C@@H]1C(=O)N2C=CCC[C@H]12,True,False,False,source_identity,1.0,0.5873015873015873,361.42300000000006,399.3250000000001,37.902000000000044,False,,,,,0.6699274889764619,0.5533729404309352,0.11655454854552671,False,112.73,132.96,20.230000000000004,False,3.0,4.0,1.0,True,,,,,,,,
scaffold_property_retrieval,mpair_00000339_cond_02_4p,mpair_00000339,eval,4,"MW,LogP,HBD,HBA",N[C@@H](C(=O)N[C@@H]1C(=O)N2C(C(=O)O)=C(C(F)(F)F)CC[C@H]12)c1cccc(C(F)(F)F)c1,N[C@@H](C(=O)N[C@@H]1C(=O)N2C(C(=O)O)=C(C(F)(F)F)CC[C@H]12)c1ccc(O)cc1,N[C@@H](C(=O)N[C@@H]1C(=O)N2C(C(=O)O)=C(C(F)(F)F)CC[C@H]12)c1cccc(C(F)(F)F)c1,O=C(Cc1ccccc1)N[C@@H]1C(=O)N2C=CCC[C@H]12,O=C(Cc1ccccc1)N[C@@H]1C(=O)N2C=CCC[C@H]12,True,False,False,source_identity,1.0,0.7377049180327869,399.3250000000001,451.3230000000001,51.99799999999999,False,0.7823999999999993,2.0955999999999997,1.3132000000000004,False,,,,,,,,,4.0,3.0,1.0,True,5.0,4.0,1.0,True,,,,
scaffold_property_retrieval,mpair_00000588_cond_02_4p,mpair_00000588,eval,4,"QED,TPSA,HBD,HBA",OC[C@@H]1N[C@@H](CCCCc2ccc(O)cc2)[C@H](O)[C@H]1O,OC[C@@H]1N[C@@H](CCCCc2cc(F)cc(F)c2)[C@H](O)[C@H]1O,OC[C@@H]1N[C@@H](CCCCc2ccc(O)cc2)[C@H](O)[C@H]1O,c1ccc(CCCC[C@H]2CCCN2)cc1,c1ccc(CCCC[C@H]2CCCN2)cc1,True,False,False,source_identity,1.0,0.625,,,,,,,,,0.5846986769843887,0.47902706341404183,0.10567161357034688,False,72.72,92.95,20.230000000000004,False,4.0,5.0,1.0,True,4.0,5.0,1.0,True,,,,
scaffold_property_retrieval,mpair_00000728_cond_00_4p,mpair_00000728,eval,4,"MW,LogP,HBD,RB",C=CCc1cc(/C=C2\SC(=O)NC2=O)c(OC)cc1OC1CCCCO1,C=CCc1cc(/C=C2\SC(=O)N(CCCC)C2=O)c(OC)cc1OC1CCCCO1,C=CCc1cc(/C=C2\SC(=O)NC2=O)c(OC)cc1OC1CCCCO1,O=C1NC(=O)/C(=C/c2ccc(OC3CCCCO3)cc2)S1,O=C1NC(=O)/C(=C/c2ccc(OC3CCCCO3)cc2)S1,True,False,False,source_identity,1.0,0.6571428571428571,431.55400000000026,375.4460000000002,56.10800000000006,False,5.165500000000004,3.6530000000000022,1.512500000000002,False,,,,,,,,,0.0,1.0,1.0,True,,,,,9.0,6.0,3.0,False
scaffold_property_retrieval,mpair_00000735_cond_02_4p,mpair_00000735,eval,4,"MW,LogP,QED,HBD",C=CCc1cc(/C=C2\SC(=O)N(CC=C(C)C)C2=O)c(OC)cc1OC1CCCCO1,C=CCc1cc(/C=C2\SC(=O)NC2=O)c(OC)cc1OC1CCCCO1,C=CCc1cc(/C=C2\SC(=O)N(CC=C(C)C)C2=O)c(OC)cc1OC1CCCCO1,O=C1NC(=O)/C(=C/c2ccc(OC3CCCCO3)cc2)S1,O=C1NC(=O)/C(=C/c2ccc(OC3CCCCO3)cc2)S1,True,False,False,source_identity,1.0,0.647887323943662,375.4460000000002,443.5650000000003,68.11900000000009,False,3.6530000000000022,5.331600000000005,1.678600000000003,False,0.6042673504148035,0.3995752918375223,0.20469205857728123,False,,,,,1.0,0.0,1.0,True,,,,,,,,
scaffold_property_retrieval,mpair_00000753_cond_02_4p,mpair_00000753,eval,4,"MW,TPSA,HBA,RB",O=C1CCC[C@H]2OC[C@@H](Cc3c[nH]c4ccccc34)N12,COC(=O)C[C@@H]1CC(=O)N2[C@H](Cc3c[nH]c4ccccc34)CO[C@@H]2C1,O=C1CCC[C@H]2OC[C@@H](Cc3c[nH]c4ccccc34)N12,O=C1CCC[C@H]2OC[C@@H](Cc3c[nH]c4ccccc34)N12,O=C1CCC[C@H]2OC[C@@H](Cc3c[nH]c4ccccc34)N12,True,False,False,source_identity,1.0,0.578125,342.39500000000015,270.33200000000005,72.0630000000001,False,,,,,,,,,71.63000000000001,45.330000000000005,26.300000000000004,False,,,,,4.0,2.0,2.0,False,4.0,2.0,2.0,False
scaffold_property_retrieval,mpair_00001118_cond_00_4p,mpair_00001118,eval,4,"QED,HBD,HBA,RB",Cc1ccc(N2CCN(CCC3NC(=O)c4ccccc43)CC2)cc1C,COc1ccc(N2CCN(CCC3c4ccccc4C(=O)N3C)CC2)cc1,Cc1ccc(N2CCN(CCC3NC(=O)c4ccccc43)CC2)cc1C,O=C1NC(CCN2CCN(c3ccccc3)CC2)c2ccccc21,O=C1NC(CCN2CCN(c3ccccc3)CC2)c2ccccc21,True,False,False,source_identity,1.0,0.4444444444444444,,,,,,,,,0.8160326048332845,0.9198864151307602,0.10385381029747565,False,,,,,0.0,1.0,1.0,True,4.0,3.0,1.0,True,5.0,4.0,1.0,True
scaffold_property_retrieval,mpair_00001616_cond_00_4p,mpair_00001616,eval,4,"QED,TPSA,HBA,RB",CC1CC(C)(C)Nc2ccc3c(c21)COc1c-3cc(F)cc1[N+](=O)[O-],CC1CC(C)(C)Nc2ccc3c(c21)COc1c(F)cc(F)cc1-3,CC1CC(C)(C)Nc2ccc3c(c21)COc1c-3cc(F)cc1[N+](=O)[O-],c1ccc2c(c1)OCc1c-2ccc2c1CCCN2,c1ccc2c(c1)OCc1c-2ccc2c1CCCN2,True,False,False,source_identity,1.0,0.7321428571428571,,,,,,,,,0.719238819171056,0.5855235809891088,0.1337152381819472,False,21.259999999999998,64.39999999999999,43.13999999999999,False,,,,,2.0,4.0,2.0,False,0.0,1.0,1.0,True
scaffold_property_retrieval,mpair_00001619_cond_00_4p,mpair_00001619,eval,4,"QED,TPSA,HBA,RB",CC1CC(C)(C)Nc2ccc3c(c21)COc1c-3cc(F)cc1[N+](=O)[O-],Cc1cc(F)cc2c1OCc1c-2ccc2c1C(C)CC(C)(C)N2,CC1CC(C)(C)Nc2ccc3c(c21)COc1c-3cc(F)cc1[N+](=O)[O-],c1ccc2c(c1)OCc1c-2ccc2c1CCCN2,c1ccc2c(c1)OCc1c-2ccc2c1CCCN2,True,False,False,source_identity,1.0,0.7192982456140351,,,,,,,,,0.7039179552802654,0.5855235809891088,0.11839437429115651,False,21.259999999999998,64.39999999999999,43.13999999999999,False,,,,,2.0,4.0,2.0,False,0.0,1.0,1.0,True
scaffold_property_retrieval,mpair_00002471_cond_01_4p,mpair_00002471,eval,4,"MW,LogP,TPSA,RB",CN(C)CCCOc1cc(C(=O)Nc2ccc(Cl)cc2F)n(Cc2ccccc2)n1,COc1cc(NC(=O)c2cc(OCCCN(C)C)nn2Cc2ccccc2)cc(OC)c1OC,CN(C)CCCOc1cc(C(=O)Nc2ccc(Cl)cc2F)n(Cc2ccccc2)n1,O=C(Nc1ccccc1)c1ccnn1Cc1ccccc1,O=C(Nc1ccccc1)c1ccnn1Cc1ccccc1,True,False,False,source_identity,1.0,0.6376811594202898,468.5540000000002,430.9110000000001,37.643000000000086,False,3.5400000000000027,4.306700000000003,0.7667000000000002,True,,,,,87.08000000000001,59.39,27.690000000000012,False,,,,,,,,,12.0,9.0,3.0,False
scaffold_property_retrieval,mpair_00002483_cond_02_4p,mpair_00002483,eval,4,"LogP,TPSA,HBA,RB",COc1cc(NC(=O)c2cc(OCCCN(C)C)nn2Cc2ccccc2)cc(OC)c1OC,CN(C)CCCOc1cc(C(=O)Nc2ccc(OC(F)(F)F)cc2)n(Cc2ccccc2)n1,COc1cc(NC(=O)c2cc(OCCCN(C)C)nn2Cc2ccccc2)cc(OC)c1OC,O=C(Nc1ccccc1)c1ccnn1Cc1ccccc1,O=C(Nc1ccccc1)c1ccnn1Cc1ccccc1,True,False,False,source_identity,1.0,0.6764705882352942,,,,,4.412800000000003,3.5400000000000027,0.8728000000000007,True,,,,,68.62,87.08000000000001,18.460000000000008,True,,,,,6.0,8.0,2.0,False,10.0,12.0,2.0,False
scaffold_property_retrieval,mpair_00002509_cond_01_4p,mpair_00002509,eval,4,"MW,LogP,QED,TPSA",CSc1cc(-c2ccc(Br)cc2)oc(=O)c1C#N,CSc1cc(-c2ccc(Br)cc2)oc(=O)c1Br,CSc1cc(-c2ccc(F)cc2)oc(=O)c1,O=c1cccc(-c2ccccc2)o1,O=c1cccc(-c2ccccc2)o1,True,False,False,,0.3469387755102041,0.38636363636363635,376.0690000000001,236.26699999999997,139.8020000000001,False,4.553700000000002,3.1678000000000024,1.3858999999999995,False,0.7207772389894862,0.7501191134076561,0.029341874418169933,True,30.21,30.21,0.0,True,,,,,,,,,,,,
scaffold_property_retrieval,mpair_00002541_cond_00_4p,mpair_00002541,eval,4,"MW,QED,TPSA,RB",CCOC(=O)c1c(SC)c(C#N)c(-c2ccc(Br)cc2)oc1=O,CSc1cc(-c2ccc(Br)cc2)oc(=O)c1C#N,CSc1cc(-c2ccc(F)cc2)oc(=O)c1,O=c1cccc(-c2ccccc2)o1,O=c1cccc(-c2ccccc2)o1,True,False,False,,0.203125,0.3469387755102041,322.1830000000001,236.26699999999997,85.91600000000014,False,,,,,0.791886779601309,0.7501191134076561,0.04176766619365291,True,54.0,30.21,23.79,False,,,,,,,,,2.0,2.0,0.0,True
scaffold_property_retrieval,mpair_00002559_cond_00_4p,mpair_00002559,eval,4,"MW,LogP,QED,RB",CN(C(=O)n1nc(-c2ccc(Cl)cc2)nc1SCC(F)(F)F)c1ccccc1,CSc1nc(-c2ccc(C)cc2)nn1C(=O)N(C)c1ccccc1,CN(C(=O)n1nc(-c2ccc(Cl)cc2)nc1SCC(F)(F)F)c1ccccc1,O=C(Nc1ccccc1)n1cnc(-c2ccccc2)n1,O=C(Nc1ccccc1)n1cnc(-c2ccccc2)n1,True,False,False,source_identity,1.0,0.5862068965517241,338.43600000000004,426.8510000000001,88.41500000000008,False,4.079920000000002,5.357400000000003,1.2774800000000006,False,0.6753188675979567,0.5270344401044634,0.14828442749349324,False,,,,,,,,,,,,,3.0,4.0,1.0,True
scaffold_property_retrieval,mpair_00002569_cond_01_4p,mpair_00002569,eval,4,"TPSA,HBD,HBA,RB",COc1cc(C(=O)N2CCN(C(=O)c3cc(OC)c(OC)c(OC)c3)CC2)cc(OC)c1OC,COc1cc(C(=O)N2CCN(C(=O)c3cc(OC)c(OC)c(OC)c3)C(CO)C2)cc(OC)c1OC,COc1cc(C(=O)N2CCN(C(=O)c3cc(OC)c(OC)c(OC)c3)CC2)cc(OC)c1OC,O=C(c1ccccc1)N1CCN(C(=O)c2ccccc2)CC1,O=C(c1ccccc1)N1CCN(C(=O)c2ccccc2)CC1,True,False,False,source_identity,1.0,0.6341463414634146,,,,,,,,,,,,,116.23000000000002,96.00000000000001,20.230000000000004,False,1.0,0.0,1.0,True,9.0,8.0,1.0,True,9.0,8.0,1.0,True
scaffold_property_retrieval,mpair_00002581_cond_00_4p,mpair_00002581,eval,4,"LogP,QED,TPSA,HBA",COc1cc(C(=O)N2CCN(C(=O)c3cc(OC)c(OC)c(OC)c3)C(COC(=O)CC(C)(C)C)C2)cc(OC)c1OC,COc1cc(C(=O)N2CCN(C(=O)c3cc(OC)c(OC)c(OC)c3)CC2)cc(OC)c1OC,COc1cc(C(=O)N2CCN(C(=O)c3cc(OC)c(OC)c(OC)c3)C(COC(=O)CC(C)(C)C)C2)cc(OC)c1OC,O=C(c1ccccc1)N1CCN(C(=O)c2ccccc2)CC1,O=C(c1ccccc1)N1CCN(C(=O)c2ccccc2)CC1,True,False,False,source_identity,1.0,0.52,,,,,2.3364000000000003,3.684400000000003,1.3480000000000025,False,0.5754127815390553,0.3521539372279048,0.2232588443111505,False,96.00000000000001,122.30000000000001,26.299999999999997,False,,,,,8.0,10.0,2.0,False,,,,
scaffold_property_retrieval,mpair_00002592_cond_00_4p,mpair_00002592,eval,4,"MW,QED,TPSA,RB",COc1cc(C(=O)N2CCN(C(=O)c3cc(OC)c(OC)c(OC)c3)CC2)cc(OC)c1OC,COc1cc(C(=O)N2CCN(C(=O)c3cc(OC)c(OC)c(OC)c3)C(COC(C)=O)C2)cc(OC)c1OC,COc1cc(C(=O)N2CCN(C(=O)c3cc(OC)c(OC)c(OC)c3)CC2)cc(OC)c1OC,O=C(c1ccccc1)N1CCN(C(=O)c2ccccc2)CC1,O=C(c1ccccc1)N1CCN(C(=O)c2ccccc2)CC1,True,False,False,source_identity,1.0,0.5777777777777777,546.5730000000003,474.51000000000033,72.06299999999999,False,,,,,0.41028124355120477,0.5754127815390553,0.16513153798785052,False,122.30000000000001,96.00000000000001,26.299999999999997,False,,,,,,,,,10.0,8.0,2.0,False
scaffold_property_retrieval,mpair_00002596_cond_00_4p,mpair_00002596,eval,4,"TPSA,HBD,HBA,RB",COc1ccc(C(=O)Nc2c(F)cncc2F)c2ccc(C(F)(F)F)nc12,COc1ccc(C(=O)Nc2c(Cl)cncc2Cl)c2ccc(C(C)O)nc12,COc1ccc(C(=O)Nc2c(F)cncc2F)c2ccc(C(F)(F)F)nc12,O=C(Nc1ccncc1)c1cccc2ncccc12,O=C(Nc1ccncc1)c1cccc2ncccc12,True,False,False,source_identity,1.0,0.532258064516129,,,,,,,,,,,,,84.34,64.11,20.230000000000004,False,2.0,1.0,1.0,True,5.0,4.0,1.0,True,4.0,3.0,1.0,True
scaffold_property_retrieval,mpair_00002607_cond_02_4p,mpair_00002607,eval,4,"MW,LogP,HBA,RB",COc1ccc(C(=O)Nc2ccncc2Cl)c2cccnc12,COc1ccc(C(=O)Nc2c(Cl)cncc2Cl)c2ccc(C(C)=O)nc12,COc1ccc(C(=O)Nc2ccncc2Cl)c2cccnc12,O=C(Nc1ccncc1)c1cccc2ncccc12,O=C(Nc1ccncc1)c1cccc2ncccc12,True,False,False,source_identity,1.0,0.5081967213114754,390.22600000000017,313.744,76.48200000000014,False,4.400100000000002,3.544100000000002,0.8559999999999999,True,,,,,,,,,,,,,5.0,4.0,1.0,True,4.0,3.0,1.0,True
scaffold_property_retrieval,mpair_00002617_cond_01_4p,mpair_00002617,eval,4,"QED,TPSA,HBA,RB",COc1ccc(C(=O)Nc2c(Cl)cncc2Cl)c2ccc(C(C)=O)nc12,COc1ccc(C(=O)Nc2ccncc2Cl)c2ccc(C(F)(F)F)nc12,COc1ccc(C(=O)Nc2c(Cl)cncc2Cl)c2ccc(C(C)=O)nc12,O=C(Nc1ccncc1)c1cccc2ncccc12,O=C(Nc1ccncc1)c1cccc2ncccc12,True,True,True,source_identity,1.0,0.5396825396825397,,,,,,,,,0.7218484507203837,0.6681926051832562,0.053655845537127544,True,64.11,81.17999999999999,17.069999999999993,True,,,,,4.0,5.0,1.0,True,3.0,4.0,1.0,True
scaffold_property_retrieval,mpair_00002625_cond_00_4p,mpair_00002625,eval,4,"MW,QED,HBA,RB",COc1ccc(C(=O)Nc2c(Cl)cncc2Cl)c2ccc(C(C)O)nc12,COc1ccc(C(=O)Nc2c(Cl)cncc2Cl)c2cccnc12,COc1ccc(C(=O)Nc2c(Cl)cncc2Cl)c2ccc(C(C)O)nc12,O=C(Nc1ccncc1)c1cccc2ncccc12,O=C(Nc1ccncc1)c1cccc2ncccc12,True,False,False,source_identity,1.0,0.6428571428571429,348.1890000000001,392.24200000000013,44.053000000000054,False,,,,,0.7706046174674384,0.6936033323496321,0.07700128511780624,True,,,,,,,,,4.0,5.0,1.0,True,3.0,4.0,1.0,True
scaffold_property_retrieval,mpair_00003114_cond_00_4p,mpair_00003114,eval,4,"MW,LogP,QED,RB",CCCCc1nnc2nc(C)c(C)c(=O)n2n1,Cc1nc2nncnn2c(=O)c1C,CCCCc1nnc2nc(C)c(C)c(=O)n2n1,O=c1ccnc2nncnn12,O=c1ccnc2nncnn12,True,False,False,source_identity,1.0,0.4418604651162791,177.167,233.275,56.108000000000004,False,-0.5036600000000002,0.8389399999999998,1.3426,False,0.541825521381232,0.7849999676400611,0.2431744462588291,False,,,,,,,,,,,,,0.0,3.0,3.0,False
scaffold_property_retrieval,mpair_00003200_cond_00_4p,mpair_00003200,eval,4,"QED,HBD,HBA,RB",CCOC(=O)c1ccc(NCCCCCCc2cccs2)cc1,O=C(O)c1ccc(NCCCCCCc2cccs2)cc1,CCOC(=O)c1ccc(NCCCCCCc2cccs2)cc1,c1ccc(NCCCCCCc2cccs2)cc1,c1ccc(NCCCCCCc2cccs2)cc1,True,False,False,source_identity,1.0,0.7021276595744681,,,,,,,,,0.6622761596792913,0.48374526985121774,0.17853088982807358,False,,,,,2.0,1.0,1.0,True,3.0,4.0,1.0,True,9.0,10.0,1.0,True
scaffold_property_retrieval,mpair_00003215_cond_01_4p,mpair_00003215,eval,4,"QED,TPSA,HBA,RB",COC(=O)c1ccc2c(Nc3ccc(Cl)cc3)nc(N3CCOCC3)nc2c1,Clc1ccc(Nc2nc(N3CCOCC3)nc3ccccc23)cc1,COC(=O)c1ccc2c(Nc3ccc(Cl)cc3)nc(N3CCOCC3)nc2c1,c1ccc(Nc2nc(N3CCOCC3)nc3ccccc23)cc1,c1ccc(Nc2nc(N3CCOCC3)nc3ccccc23)cc1,True,False,False,source_identity,1.0,0.631578947368421,,,,,,,,,0.784150666451108,0.6719222545699903,0.11222841188111765,False,50.28,76.58,26.299999999999997,False,,,,,5.0,7.0,2.0,False,3.0,4.0,1.0,True
scaffold_property_retrieval,mpair_00003222_cond_01_4p,mpair_00003222,eval,4,"QED,TPSA,HBA,RB",COc1ccc(S(=O)(=O)N(Cc2cccnc2)c2c(C)cc(Br)cc2C(=O)NO)cc1,COC(=O)c1cccc(C(=O)NO)c1N(Cc1cccnc1)S(=O)(=O)c1ccc(OC)cc1,COc1ccc(S(=O)(=O)N(Cc2cccnc2)c2c(C)cc(Br)cc2C(=O)NO)cc1,O=S(=O)(c1ccccc1)N(Cc1cccnc1)c1ccccc1,O=S(=O)(c1ccccc1)N(Cc1cccnc1)c1ccccc1,True,False,False,source_identity,1.0,0.734375,,,,,,,,,0.29046454626646695,0.3740614499694089,0.08359690370294193,True,135.13,108.83000000000001,26.299999999999983,False,,,,,8.0,6.0,2.0,False,8.0,7.0,1.0,True
scaffold_property_retrieval,mpair_00003532_cond_02_4p,mpair_00003532,eval,4,"LogP,QED,TPSA,HBA",CCOC(=O)C(C)Oc1cccc(N(Cc2cccnc2)S(=O)(=O)CC(F)(F)F)c1,CCCC(C)Oc1cccc(N(Cc2cccnc2)S(=O)(=O)CC(F)(F)F)c1,CCOC(=O)C(C)Oc1cccc(N(Cc2cccnc2)S(=O)(=O)CC(F)(F)F)c1,c1ccc(NCc2cccnc2)cc1,c1ccc(NCc2cccnc2)cc1,True,False,False,source_identity,1.0,0.746031746031746,,,,,4.547700000000003,3.3107000000000024,1.237000000000001,False,0.6018859517288218,0.5496815697636838,0.05220438196513799,True,59.5,85.80000000000001,26.30000000000001,False,,,,,4.0,6.0,2.0,False,,,,
scaffold_property_retrieval,mpair_00003537_cond_01_4p,mpair_00003537,eval,4,"MW,LogP,TPSA,RB",CC(C)COc1cccc(N(Cc2cccnc2)S(=O)(=O)CC(F)(F)F)c1,CCOC(=O)C(C)Oc1cccc(N(Cc2cccnc2)S(=O)(=O)CC(F)(F)F)c1,CC(C)COc1cccc(N(Cc2cccnc2)S(=O)(=O)CC(F)(F)F)c1,c1ccc(NCc2cccnc2)cc1,c1ccc(NCc2cccnc2)cc1,True,False,False,source_identity,1.0,0.6984126984126984,446.4470000000001,402.43800000000005,44.00900000000007,False,3.3107000000000024,4.015100000000003,0.7044000000000006,True,,,,,85.80000000000001,59.5,26.30000000000001,False,,,,,,,,,9.0,8.0,1.0,True
scaffold_property_retrieval,mpair_00000013_cond_00_5p,mpair_00000013,eval,5,"MW,LogP,QED,HBA,RB",COc1cccc(C(=O)N2C[C@H](CN3CCC(c4ccccc4)CC3)[C@@H](c3ccccc3)C2)c1,O=C(c1ccccc1C(F)(F)F)N1C[C@H](CN2CCC(c3ccccc3)CC2)[C@@H](c2ccccc2)C1,COc1cccc(C(=O)N2C[C@H](CN3CCC(c4ccccc4)CC3)[C@@H](c3ccccc3)C2)c1,O=C(c1ccccc1)N1C[C@H](CN2CCC(c3ccccc3)CC2)[C@@H](c2ccccc2)C1,O=C(c1ccccc1)N1C[C@H](CN2CCC(c3ccccc3)CC2)[C@@H](c2ccccc2)C1,True,False,False,source_identity,1.0,0.578125,492.5850000000002,454.61400000000015,37.97100000000006,False,6.4408000000000065,5.430600000000005,1.010200000000001,False,0.4092272471712491,0.49786269936596683,0.08863545219471775,True,,,,,,,,,2.0,3.0,1.0,True,5.0,6.0,1.0,True
scaffold_property_retrieval,mpair_00000327_cond_01_5p,mpair_00000327,eval,5,"MW,LogP,QED,HBA,RB",CSC1=C(C(=O)O)N2C(=O)[C@@H](NC(=O)[C@H](N)c3ccccc3)[C@H]2CC1,N[C@@H](C(=O)N[C@@H]1C(=O)N2C(C(=O)O)=C(C(F)(F)F)CC[C@H]12)c1cccc(C(F)(F)F)c1,CSC1=C(C(=O)O)N2C(=O)[C@@H](NC(=O)[C@H](N)c3ccccc3)[C@H]2CC1,O=C(Cc1ccccc1)N[C@@H]1C(=O)N2C=CCC[C@H]12,O=C(Cc1ccccc1)N[C@@H]1C(=O)N2C=CCC[C@H]12,True,False,False,source_identity,1.0,0.5757575757575758,451.3230000000001,361.42300000000006,89.90000000000003,False,2.0955999999999997,0.8350000000000002,1.2605999999999995,False,0.4795891963980345,0.6699274889764619,0.19033829257842744,False,,,,,,,,,4.0,5.0,1.0,True,4.0,5.0,1.0,True
scaffold_property_retrieval,mpair_00000335_cond_02_5p,mpair_00000335,eval,5,"MW,LogP,TPSA,HBD,HBA",N[C@@H](C(=O)N[C@@H]1C(=O)N2C(C(=O)O)=C(C(F)(F)F)CC[C@H]12)c1cccc(Br)c1,N[C@@H](C(=O)N[C@@H]1C(=O)N2C(C(=O)O)=C(C(F)(F)F)CC[C@H]12)c1ccc(O)cc1,N[C@@H](C(=O)N[C@@H]1C(=O)N2C(C(=O)O)=C(C(F)(F)F)CC[C@H]12)c1cccc(Br)c1,O=C(Cc1ccccc1)N[C@@H]1C(=O)N2C=CCC[C@H]12,O=C(Cc1ccccc1)N[C@@H]1C(=O)N2C=CCC[C@H]12,True,False,False,source_identity,1.0,0.7377049180327869,399.3250000000001,462.2220000000001,62.89699999999999,False,0.7823999999999993,1.8392999999999997,1.0569000000000004,False,,,,,132.96,112.73,20.230000000000004,False,4.0,3.0,1.0,True,5.0,4.0,1.0,True,,,,
scaffold_property_retrieval,mpair_00000588_cond_00_5p,mpair_00000588,eval,5,"LogP,QED,TPSA,HBD,HBA",OC[C@@H]1N[C@@H](CCCCc2ccc(O)cc2)[C@H](O)[C@H]1O,OC[C@@H]1N[C@@H](CCCCc2cc(F)cc(F)c2)[C@H](O)[C@H]1O,OC[C@@H]1N[C@@H](CCCCc2ccc(O)cc2)[C@H](O)[C@H]1O,c1ccc(CCCC[C@H]2CCCN2)cc1,c1ccc(CCCC[C@H]2CCCN2)cc1,True,False,False,source_identity,1.0,0.625,,,,,0.7320999999999995,0.15949999999999964,0.5725999999999999,True,0.5846986769843887,0.47902706341404183,0.10567161357034688,False,72.72,92.95,20.230000000000004,False,4.0,5.0,1.0,True,4.0,5.0,1.0,True,,,,
scaffold_property_retrieval,mpair_00000765_cond_01_5p,mpair_00000765,eval,5,"MW,LogP,QED,HBA,RB",COc1cccc(-c2cncc(O[C@@H]3CCNC3)c2)c1,Clc1cccc(-c2cc(O[C@@H]3CCNC3)cnc2Cl)c1,COc1cccc(-c2cncc(O[C@@H]3CCNC3)c2)c1,c1ccc(-c2cncc(O[C@@H]3CCNC3)c2)cc1,c1ccc(-c2cncc(O[C@@H]3CCNC3)c2)cc1,True,False,False,source_identity,1.0,0.5,309.196,270.33199999999994,38.86400000000009,False,3.796100000000002,2.4979000000000005,1.2982000000000014,False,0.8758671086324237,0.9267061641096688,0.0508390554772451,True,,,,,,,,,3.0,4.0,1.0,True,3.0,4.0,1.0,True
scaffold_property_retrieval,mpair_00002474_cond_01_5p,mpair_00002474,eval,5,"MW,QED,TPSA,HBA,RB",COc1cc(NC(=O)c2cc(OCCCN(C)C)nn2Cc2ccccc2)cc(OC)c1OC,CN(C)CCCOc1cc(C(=O)Nc2ccc(Cl)cc2F)n(Cc2ccccc2)n1,COc1cc(NC(=O)c2cc(OCCCN(C)C)nn2Cc2ccccc2)cc(OC)c1OC,O=C(Nc1ccccc1)c1ccnn1Cc1ccccc1,O=C(Nc1ccccc1)c1ccnn1Cc1ccccc1,True,False,False,source_identity,1.0,0.6376811594202898,430.9110000000001,468.5540000000002,37.643000000000086,False,,,,,0.5138601191048354,0.4069700768443977,0.10689004226043775,False,59.39,87.08000000000001,27.690000000000012,False,,,,,5.0,8.0,3.0,False,9.0,12.0,3.0,False
scaffold_property_retrieval,mpair_00002509_cond_00_5p,mpair_00002509,eval,5,"MW,LogP,QED,TPSA,HBA",CSc1cc(-c2ccc(Br)cc2)oc(=O)c1C#N,CSc1cc(-c2ccc(Br)cc2)oc(=O)c1Br,CSc1cc(-c2ccc(F)cc2)oc(=O)c1,O=c1cccc(-c2ccccc2)o1,O=c1cccc(-c2ccccc2)o1,True,False,False,,0.3469387755102041,0.38636363636363635,376.0690000000001,236.26699999999997,139.8020000000001,False,4.553700000000002,3.1678000000000024,1.3858999999999995,False,0.7207772389894862,0.7501191134076561,0.029341874418169933,True,30.21,30.21,0.0,True,,,,,3.0,3.0,0.0,True,,,,
scaffold_property_retrieval,mpair_00002543_cond_02_5p,mpair_00002543,eval,5,"MW,QED,TPSA,HBA,RB",CSc1cc(-c2ccc(Br)cc2)oc(=O)c1Cl,CSc1cc(-c2ccc(Cl)cc2)oc(=O)c1C(N)=O,CSc1cc(-c2ccc(F)cc2)oc(=O)c1,O=c1cccc(-c2ccccc2)o1,O=c1cccc(-c2ccccc2)o1,True,False,False,,0.3695652173913043,0.34,295.747,236.26699999999997,59.48000000000005,False,,,,,0.8837306867126842,0.7501191134076561,0.13361157330502804,False,73.30000000000001,30.21,43.09000000000001,False,,,,,4.0,3.0,1.0,True,3.0,2.0,1.0,True
scaffold_property_retrieval,mpair_00002579_cond_00_5p,mpair_00002579,eval,5,"MW,LogP,QED,HBD,HBA",COc1cc(C(=O)N2CCN(C(=O)c3cc(OC)c(OC)c(OC)c3)CC2)cc(OC)c1OC,COc1cc(C(=O)N2CCN(C(=O)c3cc(OC)c(OC)c(OC)c3)C(COC(=O)NCCC(C)C)C2)cc(OC)c1OC,COc1cc(C(=O)N2CCN(C(=O)c3cc(OC)c(OC)c(OC)c3)CC2)cc(OC)c1OC,O=C(c1ccccc1)N1CCN(C(=O)c2ccccc2)CC1,O=C(c1ccccc1)N1CCN(C(=O)c2ccccc2)CC1,True,False,False,source_identity,1.0,0.48148148148148145,617.6960000000003,474.51000000000033,143.18599999999992,False,3.4773000000000023,2.3364000000000003,1.140900000000002,False,0.3561059094946873,0.5754127815390553,0.219306872044368,False,,,,,1.0,0.0,1.0,True,10.0,8.0,2.0,False,,,,
scaffold_property_retrieval,mpair_00002590_cond_01_5p,mpair_00002590,eval,5,"MW,LogP,QED,HBD,RB",COc1cc(C(=O)N2CCN(C(=O)c3cc(OC)c(OC)c(OC)c3)C(COC(=O)NCCC(C)C)C2)cc(OC)c1OC,COc1cc(C(=O)N2CCN(C(=O)c3cc(OC)c(OC)c(OC)c3)C(COC(C)=O)C2)cc(OC)c1OC,COc1cc(C(=O)N2CCN(C(=O)c3cc(OC)c(OC)c(OC)c3)C(COC(=O)NCCC(C)C)C2)cc(OC)c1OC,O=C(c1ccccc1)N1CCN(C(=O)c2ccccc2)CC1,O=C(c1ccccc1)N1CCN(C(=O)c2ccccc2)CC1,True,False,False,source_identity,1.0,0.7017543859649122,546.5730000000003,617.6960000000003,71.12299999999993,False,2.2681000000000004,3.4773000000000023,1.2092000000000018,False,0.41028124355120477,0.3561059094946873,0.05417533405651748,True,,,,,0.0,1.0,1.0,True,,,,,10.0,13.0,3.0,False
scaffold_property_retrieval,mpair_00002625_cond_01_5p,mpair_00002625,eval,5,"MW,QED,TPSA,HBD,RB",COc1ccc(C(=O)Nc2c(Cl)cncc2Cl)c2ccc(C(C)O)nc12,COc1ccc(C(=O)Nc2c(Cl)cncc2Cl)c2cccnc12,COc1ccc(C(=O)Nc2c(Cl)cncc2Cl)c2ccc(C(C)O)nc12,O=C(Nc1ccncc1)c1cccc2ncccc12,O=C(Nc1ccncc1)c1cccc2ncccc12,True,False,False,source_identity,1.0,0.6428571428571429,348.1890000000001,392.24200000000013,44.053000000000054,False,,,,,0.7706046174674384,0.6936033323496321,0.07700128511780624,True,64.11,84.34,20.230000000000004,False,1.0,2.0,1.0,True,,,,,3.0,4.0,1.0,True
scaffold_property_retrieval,mpair_00002631_cond_02_5p,mpair_00002631,eval,5,"LogP,TPSA,HBD,HBA,RB",CC(C)(C)[C@H](O)C(=O)N1C[C@H](c2ccccc2)C[C@H]1C(=O)N[C@@H](CC(F)F)C(=O)NCCc1c(F)cc(C(=O)O)cc1F,CC(C)CC(=O)N1C[C@H](c2ccccc2)C[C@H]1C(=O)N[C@@H](CC(F)F)C(=O)NCCc1c(F)cc(C(=O)O)cc1F,CC(C)(C)[C@H](O)C(=O)N1C[C@H](c2ccccc2)C[C@H]1C(=O)N[C@@H](CC(F)F)C(=O)NCCc1c(F)cc(C(=O)O)cc1F,O=C(CNC(=O)[C@@H]1C[C@@H](c2ccccc2)CN1)NCCc1ccccc1,O=C(CNC(=O)[C@@H]1C[C@@H](c2ccccc2)CN1)NCCc1ccccc1,True,False,False,source_identity,1.0,0.7567567567567568,,,,,3.892500000000002,3.253400000000001,0.6391000000000009,True,,,,,115.81000000000002,136.04,20.229999999999976,False,3.0,4.0,1.0,True,4.0,5.0,1.0,True,12.0,11.0,1.0,True
scaffold_property_retrieval,mpair_00003217_cond_00_5p,mpair_00003217,eval,5,"MW,QED,TPSA,HBA,RB",Clc1ccc(Nc2nc(N3CCOCC3)nc3ccccc23)cc1,COC(=O)c1ccc2c(Nc3ccc(Cl)cc3)nc(N3CCOCC3)nc2c1,Clc1ccc(Nc2nc(N3CCOCC3)nc3ccccc23)cc1,c1ccc(Nc2nc(N3CCOCC3)nc3ccccc23)cc1,c1ccc(Nc2nc(N3CCOCC3)nc3ccccc23)cc1,True,False,False,source_identity,1.0,0.631578947368421,398.85000000000025,340.81399999999996,58.036000000000286,False,,,,,0.6719222545699903,0.784150666451108,0.11222841188111765,False,76.58,50.28,26.299999999999997,False,,,,,7.0,5.0,2.0,False,4.0,3.0,1.0,True
scaffold_property_retrieval,mpair_00000339_cond_01_6p,mpair_00000339,eval,6,"MW,LogP,QED,TPSA,HBD,HBA",N[C@@H](C(=O)N[C@@H]1C(=O)N2C(C(=O)O)=C(C(F)(F)F)CC[C@H]12)c1cccc(C(F)(F)F)c1,N[C@@H](C(=O)N[C@@H]1C(=O)N2C(C(=O)O)=C(C(F)(F)F)CC[C@H]12)c1ccc(O)cc1,N[C@@H](C(=O)N[C@@H]1C(=O)N2C(C(=O)O)=C(C(F)(F)F)CC[C@H]12)c1cccc(C(F)(F)F)c1,O=C(Cc1ccccc1)N[C@@H]1C(=O)N2C=CCC[C@H]12,O=C(Cc1ccccc1)N[C@@H]1C(=O)N2C=CCC[C@H]12,True,False,False,source_identity,1.0,0.7377049180327869,399.3250000000001,451.3230000000001,51.99799999999999,False,0.7823999999999993,2.0955999999999997,1.3132000000000004,False,0.5533729404309352,0.4795891963980345,0.07378374403290072,True,132.96,112.73,20.230000000000004,False,4.0,3.0,1.0,True,5.0,4.0,1.0,True,,,,
scaffold_property_retrieval,mpair_00001127_cond_01_6p,mpair_00001127,eval,6,"LogP,QED,TPSA,HBD,HBA,RB",CN1C(=O)c2ccccc2C1CCN1CCN(c2ccc(Cl)cc2)CC1,COc1ccc(N2CCN(CCC3NC(=O)c4ccccc43)CC2)cc1,CN1C(=O)c2ccccc2C1CCN1CCN(c2ccc(Cl)cc2)CC1,O=C1NC(CCN2CCN(c3ccccc3)CC2)c2ccccc21,O=C1NC(CCN2CCN(c3ccccc3)CC2)c2ccccc21,True,True,True,source_identity,1.0,0.48333333333333334,,,,,2.692000000000001,3.679000000000003,0.9870000000000019,True,0.8996022198661571,0.8221231339252668,0.07747908594089026,True,44.81,26.790000000000006,18.019999999999996,True,1.0,0.0,1.0,True,4.0,3.0,1.0,True,5.0,4.0,1.0,True
scaffold_property_retrieval,mpair_00002579_cond_01_6p,mpair_00002579,eval,6,"MW,LogP,QED,HBD,HBA,RB",COc1cc(C(=O)N2CCN(C(=O)c3cc(OC)c(OC)c(OC)c3)CC2)cc(OC)c1OC,COc1cc(C(=O)N2CCN(C(=O)c3cc(OC)c(OC)c(OC)c3)C(COC(=O)NCCC(C)C)C2)cc(OC)c1OC,COc1cc(C(=O)N2CCN(C(=O)c3cc(OC)c(OC)c(OC)c3)CC2)cc(OC)c1OC,O=C(c1ccccc1)N1CCN(C(=O)c2ccccc2)CC1,O=C(c1ccccc1)N1CCN(C(=O)c2ccccc2)CC1,True,False,False,source_identity,1.0,0.48148148148148145,617.6960000000003,474.51000000000033,143.18599999999992,False,3.4773000000000023,2.3364000000000003,1.140900000000002,False,0.3561059094946873,0.5754127815390553,0.219306872044368,False,,,,,1.0,0.0,1.0,True,10.0,8.0,2.0,False,13.0,8.0,5.0,False
scaffold_property_retrieval,mpair_00002586_cond_00_6p,mpair_00002586,eval,6,"MW,LogP,QED,HBD,HBA,RB",COc1cc(C(=O)N2CCN(C(=O)c3cc(OC)c(OC)c(OC)c3)C(COC(=O)CC(C)(C)C)C2)cc(OC)c1OC,COc1cc(C(=O)N2CCN(C(=O)c3cc(OC)c(OC)c(OC)c3)C(CO)C2)cc(OC)c1OC,COc1cc(C(=O)N2CCN(C(=O)c3cc(OC)c(OC)c(OC)c3)C(COC(=O)CC(C)(C)C)C2)cc(OC)c1OC,O=C(c1ccccc1)N1CCN(C(=O)c2ccccc2)CC1,O=C(c1ccccc1)N1CCN(C(=O)c2ccccc2)CC1,True,False,False,source_identity,1.0,0.6792452830188679,504.53600000000034,602.6810000000004,98.14500000000004,False,1.6973000000000003,3.684400000000003,1.9871000000000025,False,0.544633228323374,0.3521539372279048,0.19247929109546924,False,,,,,1.0,0.0,1.0,True,9.0,10.0,1.0,True,9.0,11.0,2.0,False
scaffold_property_retrieval,mpair_00002613_cond_01_6p,mpair_00002613,eval,6,"LogP,QED,TPSA,HBD,HBA,RB",COc1ccc(C(=O)Nc2ccncc2Cl)c2cccnc12,COc1ccc(C(=O)Nc2c(Cl)cncc2Cl)c2ccc(C(C)O)nc12,COc1ccc(C(=O)Nc2ccncc2Cl)c2cccnc12,O=C(Nc1ccncc1)c1cccc2ncccc12,O=C(Nc1ccncc1)c1cccc2ncccc12,True,False,False,source_identity,1.0,0.49206349206349204,,,,,4.2508000000000035,3.544100000000002,0.7067000000000014,True,0.6936033323496321,0.8029165077767629,0.10931317542713082,False,84.34,64.11,20.230000000000004,False,2.0,1.0,1.0,True,5.0,4.0,1.0,True,4.0,3.0,1.0,True
scaffold_property_retrieval,mpair_00003218_cond_02_6p,mpair_00003218,eval,6,"MW,LogP,QED,TPSA,HBA,RB",COC(=O)c1cccc(C(=O)NO)c1N(Cc1cccnc1)S(=O)(=O)c1ccc(OC)cc1,COc1ccc(S(=O)(=O)N(Cc2cccnc2)c2c(C)cccc2C(=O)NO)cc1,COC(=O)c1cccc(C(=O)NO)c1N(Cc1cccnc1)S(=O)(=O)c1ccc(OC)cc1,O=S(=O)(c1ccccc1)N(Cc1cccnc1)c1ccccc1,O=S(=O)(c1ccccc1)N(Cc1cccnc1)c1ccccc1,True,False,False,source_identity,1.0,0.8333333333333334,427.48200000000014,471.49100000000016,44.009000000000015,False,2.91312,2.391300000000001,0.5218199999999991,True,0.44330794633881315,0.29046454626646695,0.1528434000723462,False,108.83000000000001,135.13,26.299999999999983,False,,,,,6.0,8.0,2.0,False,7.0,8.0,1.0,True
scaffold_property_retrieval,mpair_00002522_cond_01_7p,mpair_00002522,eval,7,"MW,LogP,QED,TPSA,HBD,HBA,RB",CSc1cc(-c2ccc(Cl)cc2)oc(=O)c1,CSc1cc(-c2ccc(Cl)cc2)oc(=O)c1C(N)=O,CSc1cc(-c2ccc(F)cc2)oc(=O)c1,O=c1cccc(-c2ccccc2)o1,O=c1cccc(-c2ccccc2)o1,True,False,False,,0.7142857142857143,0.34,295.747,236.26699999999997,59.48000000000005,False,2.7810000000000006,3.1678000000000024,0.3868000000000018,True,0.8837306867126842,0.7501191134076561,0.13361157330502804,False,73.30000000000001,30.21,43.09000000000001,False,1.0,0.0,1.0,True,4.0,3.0,1.0,True,3.0,2.0,1.0,True
scaffold_property_retrieval,mpair_00002553_cond_02_7p,mpair_00002553,eval,7,"MW,LogP,QED,TPSA,HBD,HBA,RB",CSc1cc(-c2ccc(Cl)cc2)oc(=O)c1C(N)=O,CSc1cc(-c2ccc(Cl)cc2)oc(=O)c1Br,CSc1cc(-c2ccc(F)cc2)oc(=O)c1,O=c1cccc(-c2ccccc2)o1,O=c1cccc(-c2ccccc2)o1,True,False,False,,0.34,0.3695652173913043,331.61799999999994,236.26699999999997,95.35099999999997,False,4.444600000000001,3.1678000000000024,1.2767999999999988,False,0.7618841288913729,0.7501191134076561,0.011765015483716779,True,30.21,30.21,0.0,True,0.0,0.0,0.0,True,3.0,3.0,0.0,True,2.0,2.0,0.0,True
edit_latent_source_similarity_rerank,mpair_00000002_cond_02_2p,mpair_00000002,eval,2,"LogP,QED",O=C(c1cccc(Cl)c1)N1C[C@H](CN2CCC(c3ccccc3)CC2)[C@@H](c2ccccc2)C1,O=C(c1ccccc1F)N1C[C@H](CN2CCC(c3ccccc3)CC2)[C@@H](c2ccccc2)C1,c1ccc(CN2C[C@H](CN3CCC(c4ccccc4)CC3)[C@@H](c3ccccc3)C2)cc1,O=C(c1ccccc1)N1C[C@H](CN2CCC(c3ccccc3)CC2)[C@@H](c2ccccc2)C1,c1ccc(CN2C[C@H](CN3CCC(c4ccccc4)CC3)[C@@H](c3ccccc3)C2)cc1,False,True,False,,0.5357142857142857,0.5370370370370371,,,,,5.561100000000006,5.781800000000006,0.2206999999999999,True,0.5164092889512721,0.5080206300929883,0.008388658858283882,True,,,,,,,,,,,,,,,,
edit_latent_source_similarity_rerank,mpair_00000005_cond_01_2p,mpair_00000005,eval,2,"HBA,RB",O=C(c1ccccc1F)N1C[C@H](CN2CCC(c3ccccc3)CC2)[C@@H](c2ccccc2)C1,COc1cccc(C(=O)N2C[C@H](CN3CCC(c4ccccc4)CC3)[C@@H](c3ccccc3)C2)c1,COc1ccccc1N1CCN(CCCc2ccccc2)CC1,O=C(c1ccccc1)N1C[C@H](CN2CCC(c3ccccc3)CC2)[C@@H](c2ccccc2)C1,c1ccc(CCCN2CCN(c3ccccc3)CC2)cc1,False,True,False,,0.15492957746478872,0.2054794520547945,,,,,,,,,,,,,,,,,,,,,3.0,3.0,0.0,True,6.0,6.0,0.0,True
edit_latent_source_similarity_rerank,mpair_00000007_cond_02_2p,mpair_00000007,eval,2,"LogP,QED",O=C(c1ccccc1F)N1C[C@H](CN2CCC(c3ccccc3)CC2)[C@@H](c2ccccc2)C1,O=C(c1cccc(Cl)c1)N1C[C@H](CN2CCC(c3ccccc3)CC2)[C@@H](c2ccccc2)C1,c1ccc(CN2C[C@H](CN3CCC(c4ccccc4)CC3)[C@@H](c3ccccc3)C2)cc1,O=C(c1ccccc1)N1C[C@H](CN2CCC(c3ccccc3)CC2)[C@@H](c2ccccc2)C1,c1ccc(CN2C[C@H](CN3CCC(c4ccccc4)CC3)[C@@H](c3ccccc3)C2)cc1,False,True,False,,0.5370370370370371,0.5357142857142857,,,,,6.075400000000006,5.781800000000006,0.2936000000000005,True,0.4625029539066648,0.5080206300929883,0.045517676186323464,True,,,,,,,,,,,,,,,,
edit_latent_source_similarity_rerank,mpair_00000011_cond_01_2p,mpair_00000011,eval,2,"HBA,RB",COc1cccc(C(=O)N2C[C@H](CN3CCC(c4ccccc4)CC3)[C@@H](c3ccccc3)C2)c1,O=C(c1ccccc1F)N1C[C@H](CN2CCC(c3ccccc3)CC2)[C@@H](c2ccccc2)C1,CN1CC[C@H](c2ccc(Cl)cc2)[C@@H](CC(=O)NCc2ccccc2)C1,O=C(c1ccccc1)N1C[C@H](CN2CCC(c3ccccc3)CC2)[C@@H](c2ccccc2)C1,O=C(C[C@H]1CNCC[C@@H]1c1ccccc1)NCc1ccccc1,False,True,False,,0.2692307692307692,0.273972602739726,,,,,,,,,,,,,,,,,,,,,2.0,2.0,0.0,True,5.0,5.0,0.0,True
edit_latent_source_similarity_rerank,mpair_00000015_cond_00_2p,mpair_00000015,eval,2,"LogP,TPSA",O=C(O)CC[C@H]1CC[C@H]2CN[C@H](C(=O)O)C[C@H]2C1,O=C(O)[C@@H]1C[C@H]2C[C@@H](CCS(=O)(=O)O)CC[C@H]2CN1,CC(=O)Nc1ccc(Cc2cnc(N)nc2N)cc1[N+](=O)[O-],C1CC[C@H]2CNCC[C@H]2C1,c1ccc(Cc2cncnc2)cc1,False,False,False,,0.05263157894736842,0.05063291139240506,,,,,0.7433000000000001,1.0983999999999998,0.35509999999999975,True,,,,,103.7,150.06,46.36,False,,,,,,,,,,,,
edit_latent_source_similarity_rerank,mpair_00000323_cond_01_2p,mpair_00000323,eval,2,"TPSA,HBA",N[C@@H](C(=O)N[C@@H]1C(=O)N2C(C(=O)O)=C(C(F)(F)F)CC[C@H]12)c1ccc(F)cc1,N[C@@H](C(=O)N[C@@H]1C(=O)N2C(C(=O)O)=C(C(F)(F)F)CC[C@H]12)c1ccc(O)cc1,CC(C)[C@H](NC(=O)COc1cccc2ccccc12)C(=O)N[C@@H](CC(=O)O)C(=O)COc1cc(F)ccc1F,O=C(Cc1ccccc1)N[C@@H]1C(=O)N2C=CCC[C@H]12,O=C(CNC(=O)CNC(=O)COc1cccc2ccccc12)COc1ccccc1,False,True,False,,0.15789473684210525,0.12244897959183673,,,,,,,,,,,,,132.96,131.03,1.9300000000000068,True,,,,,5.0,6.0,1.0,True,,,,
edit_latent_source_similarity_rerank,mpair_00000330_cond_00_2p,mpair_00000330,eval,2,"QED,HBD",N[C@@H](C(=O)N[C@@H]1C(=O)N2C(C(=O)O)=C(C(F)(F)F)CC[C@H]12)c1ccc(O)cc1,N[C@@H](C(=O)N[C@@H]1C(=O)N2C(C(=O)O)=C(C(F)(F)F)CC[C@H]12)c1cccc(C(F)(F)F)c1,COc1cccc(NCCNC(=O)[C@H](CC(C)C)NC(=O)OCc2ccccc2)c1,O=C(Cc1ccccc1)N[C@@H]1C(=O)N2C=CCC[C@H]12,O=C(CNC(=O)OCc1ccccc1)NCCNc1ccccc1,False,True,False,,0.13043478260869565,0.14893617021276595,,,,,,,,,0.4795891963980345,0.49033082878050205,0.010741632382467559,True,,,,,3.0,3.0,0.0,True,,,,,,,,
edit_latent_source_similarity_rerank,mpair_00000337_cond_01_2p,mpair_00000337,eval,2,"MW,LogP",N[C@@H](C(=O)N[C@@H]1C(=O)N2C(C(=O)O)=C(C(F)(F)F)CC[C@H]12)c1cccc(C(F)(F)F)c1,N[C@@H](C(=O)N[C@@H]1C(=O)N2C(C(=O)O)=C(C(F)(F)F)CC[C@H]12)c1ccc(F)cc1,N=C(N)c1ccc(NC(=O)CC2CC(c3cccc(C(=N)N)c3)=NO2)cc1,O=C(Cc1ccccc1)N[C@@H]1C(=O)N2C=CCC[C@H]12,O=C(CC1CC(c2ccccc2)=NO1)Nc1ccccc1,False,False,False,,0.14285714285714285,0.1111111111111111,401.3160000000001,364.40900000000005,36.90700000000004,False,1.2158999999999993,1.7765399999999993,0.56064,True,,,,,,,,,,,,,,,,,,,,
edit_latent_source_similarity_rerank,mpair_00000586_cond_00_2p,mpair_00000586,eval,2,"LogP,HBD",OC[C@@H]1N[C@@H](CCCCc2cc(F)cc(F)c2)[C@H](O)[C@H]1O,OC[C@@H]1N[C@@H](CCCCc2ccc(O)cc2)[C@H](O)[C@H]1O,CCCCCNC(=O)C(Cc1ccc(OCCO)c(C(=O)O)c1)NC(=O)CCC(=O)O,c1ccc(CCCC[C@H]2CCCN2)cc1,c1ccccc1,False,True,False,,0.1,0.11538461538461539,,,,,0.15949999999999964,0.9544000000000006,0.7949000000000009,True,,,,,,,,,5.0,5.0,0.0,True,,,,,,,,
edit_latent_source_similarity_rerank,mpair_00000589_cond_01_2p,mpair_00000589,eval,2,"HBA,RB",COc1ccc(CCCC[C@@H]2N[C@@H](CO)[C@H](O)[C@H]2O)cc1,OC[C@@H]1N[C@@H](CCCCc2ccc(F)cc2)[C@H](O)[C@H]1O,Cn1cc([N+](=O)[O-])cc1C(=O)NNC(=O)NCCc1ccccc1,c1ccc(CCCC[C@H]2CCCN2)cc1,O=C(NCCc1ccccc1)NNC(=O)c1ccc[nH]1,False,True,False,,0.1232876712328767,0.11267605633802817,,,,,,,,,,,,,,,,,,,,,4.0,5.0,1.0,True,6.0,5.0,1.0,True
edit_latent_source_similarity_rerank,mpair_00000591_cond_00_2p,mpair_00000591,eval,2,"HBD,HBA",OC[C@@H]1N[C@@H](CCCCc2ccc(F)cc2)[C@H](O)[C@H]1O,OC[C@@H]1N[C@@H](CCCCc2ccc(O)cc2)[C@H](O)[C@H]1O,COc1ccc(NC(=O)N[C@@H](CCSC)C(=O)N[C@@H](CC(C)C)C(=O)NC(Cc2ccccc2)C(=O)O)cc1,c1ccc(CCCC[C@H]2CCCN2)cc1,O=C(CNC(=O)CNC(=O)Nc1ccccc1)NCCc1ccccc1,False,True,False,,0.08536585365853659,0.08641975308641975,,,,,,,,,,,,,,,,,5.0,5.0,0.0,True,5.0,6.0,1.0,True,,,,
edit_latent_source_similarity_rerank,mpair_00000593_cond_00_2p,mpair_00000593,eval,2,"HBA,RB",OC[C@@H]1N[C@@H](CCCCc2cc(F)cc(F)c2)[C@H](O)[C@H]1O,COc1ccc(CCCC[C@@H]2N[C@@H](CO)[C@H](O)[C@H]2O)cc1,COc1ccc(COC(=O)N/N=C/c2c(CO)cnc(C)c2O)cc1,c1ccc(CCCC[C@H]2CCCN2)cc1,O=C(N/N=C/c1ccncc1)OCc1ccccc1,False,False,False,,0.07692307692307693,0.22535211267605634,,,,,,,,,,,,,,,,,,,,,5.0,7.0,2.0,False,7.0,6.0,1.0,True
edit_latent_source_similarity_rerank,mpair_00000594_cond_02_2p,mpair_00000594,eval,2,"HBA,RB",COc1ccc(CCCC[C@@H]2N[C@@H](CO)[C@H](O)[C@H]2O)cc1,OC[C@@H]1N[C@@H](CCCCc2cc(F)cc(F)c2)[C@H](O)[C@H]1O,CCCCc1cccc(Nc2cc(O)nc(O)n2)c1,c1ccc(CCCC[C@H]2CCCN2)cc1,c1ccc(Nc2ccncn2)cc1,False,True,False,,0.15625,0.14516129032258066,,,,,,,,,,,,,,,,,,,,,4.0,5.0,1.0,True,6.0,5.0,1.0,True
edit_latent_source_similarity_rerank,mpair_00000597_cond_00_2p,mpair_00000597,eval,2,"QED,HBA",OC[C@@H]1N[C@@H](CCCCc2ccc(O)cc2)[C@H](O)[C@H]1O,OC[C@@H]1N[C@@H](CCCCc2ccc(F)cc2)[C@H](O)[C@H]1O,CC(C)(C)COC(=O)[C@H](Cc1ccccc1)NCc1cc([N+](=O)[O-])ccc1O,c1ccc(CCCC[C@H]2CCCN2)cc1,c1ccc(CCNCc2ccccc2)cc1,False,False,False,,0.09333333333333334,0.07792207792207792,,,,,,,,,0.5767746304019578,0.4083489462422418,0.16842568415971598,False,,,,,,,,,4.0,6.0,2.0,False,,,,
edit_latent_source_similarity_rerank,mpair_00000725_cond_00_2p,mpair_00000725,eval,2,"LogP,RB",C=CCc1cc(/C=C2\SC(=O)NC2=O)c(OC)cc1OC1CCCCO1,C=CCc1cc(/C=C2\SC(=O)N(CC=C(C)C)C2=O)c(OC)cc1OC1CCCCO1,CCCN(CC1CC1)c1cc(C)nc2c(-c3ccc(OC)cc3OC)c(C)nn12,O=C1NC(=O)/C(=C/c2ccc(OC3CCCCO3)cc2)S1,c1ccc(-c2cnn3c(NCC4CC4)ccnc23)cc1,False,True,False,,0.14583333333333334,0.1553398058252427,,,,,5.331600000000005,4.656740000000004,0.6748600000000016,True,,,,,,,,,,,,,,,,,8.0,8.0,0.0,True
edit_latent_source_similarity_rerank,mpair_00000729_cond_01_2p,mpair_00000729,eval,2,"LogP,QED",C=CCc1cc(/C=C2\SC(=O)N(CC=C(C)C)C2=O)c(OC)cc1OC1CCCCO1,C=CCc1cc(/C=C2\SC(=O)N(CC=C)C2=O)c(OC)cc1OC1CCCCO1,COC(=O)C1c2ccccc2NC(=O)CN1C(=O)N(C)Cc1cc(C(F)(F)F)cc(C(F)(F)F)c1,O=C1NC(=O)/C(=C/c2ccc(OC3CCCCO3)cc2)S1,O=C1CN(C(=O)NCc2ccccc2)Cc2ccccc2N1,False,True,False,,0.15384615384615385,0.15,,,,,4.551400000000004,4.4444000000000035,0.1070000000000002,True,0.45838471716690443,0.49632936353982504,0.03794464637292061,True,,,,,,,,,,,,,,,,
edit_latent_source_similarity_rerank,mpair_00000731_cond_02_2p,mpair_00000731,eval,2,"LogP,RB",C=CCc1cc(/C=C2\SC(=O)N(C(C)C)C2=O)c(OC)cc1OC1CCCCO1,C=CCc1cc(/C=C2\SC(=O)N(CC=C(C)C)C2=O)c(OC)cc1OC1CCCCO1,O=c1cc(-c2ccccc2)oc2ccc(OCCCCCCN3CCC(O)CC3)cc12,O=C1NC(=O)/C(=C/c2ccc(OC3CCCCO3)cc2)S1,O=c1cc(-c2ccccc2)oc2ccc(OCCCCCCN3CCCCC3)cc12,False,True,False,,0.13131313131313133,0.1485148514851485,,,,,5.331600000000005,4.8559000000000045,0.4757000000000007,True,,,,,,,,,,,,,,,,,8.0,9.0,1.0,True
edit_latent_source_similarity_rerank,mpair_00000734_cond_02_2p,mpair_00000734,eval,2,"MW,QED",C=CCc1cc(/C=C2\SC(=O)N(CCCC)C2=O)c(OC)cc1OC1CCCCO1,C=CCc1cc(/C=C2\SC(=O)N(C)C2=O)c(OC)cc1OC1CCCCO1,COc1ccccc1N1CCN(CCCCNC(=O)C2CCCCC2)CC1,O=C1NC(=O)/C(=C/c2ccc(OC3CCCCO3)cc2)S1,O=C(NCCCCN1CCN(c2ccccc2)CC1)C1CCCCC1,False,False,False,,0.1935483870967742,0.19318181818181818,389.4730000000002,373.5410000000002,15.93199999999996,True,,,,,0.5413211960634129,0.7104097899875398,0.1690885939241269,False,,,,,,,,,,,,,,,,
edit_latent_source_similarity_rerank,mpair_00000737_cond_00_2p,mpair_00000737,eval,2,"QED,HBD",C=CCc1cc(/C=C2\SC(=O)NC2=O)c(OC)cc1OC1CCCCO1,C=CCc1cc(/C=C2\SC(=O)N(C)C2=O)c(OC)cc1OC1CCCCO1,COc1ccc(C(Cc2cncn2C)c2ccccc2)cc1OC1CCCC1,O=C1NC(=O)/C(=C/c2ccc(OC3CCCCO3)cc2)S1,c1ccc(C(Cc2cnc[nH]2)c2cccc(OC3CCCC3)c2)cc1,False,True,False,,0.18181818181818182,0.21839080459770116,,,,,,,,,0.5413211960634129,0.5738080858568532,0.03248688979344028,True,,,,,0.0,0.0,0.0,True,,,,,,,,
edit_latent_source_similarity_rerank,mpair_00000738_cond_02_2p,mpair_00000738,eval,2,"LogP,QED",C=CCc1cc(/C=C2\SC(=O)N(C(C)C)C2=O)c(OC)cc1OC1CCCCO1,C=CCc1cc(/C=C2\SC(=O)N(C)C2=O)c(OC)cc1OC1CCCCO1,COc1cccc(-c2cccc(CN3CCN(c4ncccn4)CC3)c2)c1,O=C1NC(=O)/C(=C/c2ccc(OC3CCCCO3)cc2)S1,c1ccc(-c2cccc(CN3CCN(c4ncccn4)CC3)c2)cc1,False,False,False,,0.1111111111111111,0.11494252873563218,,,,,3.9952000000000023,3.474400000000002,0.5208000000000004,True,0.5413211960634129,0.696812086890712,0.15549089082729906,False,,,,,,,,,,,,,,,,
edit_latent_source_similarity_rerank,mpair_00000743_cond_01_2p,mpair_00000743,eval,2,"LogP,RB",C=CCc1cc(/C=C2\SC(=O)N(CC=C)C2=O)c(OC)cc1OC1CCCCO1,C=CCc1cc(/C=C2\SC(=O)N(C)C2=O)c(OC)cc1OC1CCCCO1,COc1ccc(C(=O)c2cn(C(C)CN3CCOCC3)c3ccccc23)cc1,O=C1NC(=O)/C(=C/c2ccc(OC3CCCCO3)cc2)S1,O=C(c1ccccc1)c1cn(CCN2CCOCC2)c2ccccc12,False,True,False,,0.13541666666666666,0.13829787234042554,,,,,3.9952000000000023,3.7741000000000025,0.22109999999999985,True,,,,,,,,,,,,,,,,,6.0,6.0,0.0,True
edit_latent_source_similarity_rerank,mpair_00000745_cond_01_2p,mpair_00000745,eval,2,"QED,HBD",C=CCc1cc(/C=C2\SC(=O)N(C)C2=O)c(OC)cc1OC1CCCCO1,C=CCc1cc(/C=C2\SC(=O)NC2=O)c(OC)cc1OC1CCCCO1,COc1ccc(F)cc1-c1cccn(C(CN2CCC(O)C2)c2ccccc2)c1=O,O=C1NC(=O)/C(=C/c2ccc(OC3CCCCO3)cc2)S1,O=c1c(-c2ccccc2)cccn1C(CN1CCCC1)c1ccccc1,False,True,False,,0.1875,0.16666666666666666,,,,,,,,,0.6042673504148035,0.6799774401186393,0.07571008970383575,True,,,,,1.0,1.0,0.0,True,,,,,,,,
edit_latent_source_similarity_rerank,mpair_00000751_cond_00_2p,mpair_00000751,eval,2,"LogP,RB",O=C1CCC[C@H]2OC[C@@H](Cc3c[nH]c4ccccc34)N12,CC[C@H]1CCC(=O)N2[C@H](Cc3c[nH]c4ccccc34)CO[C@H]12,COc1ccccc1N1CCN(CC2CC(=O)c3c([nH]c4ccccc34)C2)CC1,O=C1CCC[C@H]2OC[C@@H](Cc3c[nH]c4ccccc34)N12,O=C1CC(CN2CCN(c3ccccc3)CC2)Cc2[nH]c3ccccc3c21,False,True,False,,0.20253164556962025,0.20987654320987653,,,,,3.0839000000000016,3.743800000000002,0.6599000000000004,True,,,,,,,,,,,,,,,,,3.0,4.0,1.0,True
edit_latent_source_similarity_rerank,mpair_00000752_cond_02_2p,mpair_00000752,eval,2,"QED,TPSA",CC[C@H]1CCC(=O)N2[C@H](Cc3c[nH]c4ccccc34)CO[C@H]12,COC(=O)C[C@@H]1CC(=O)N2[C@H](Cc3c[nH]c4ccccc34)CO[C@@H]2C1,Cc1nc2ccc(NC(=O)Nc3ccnc4ccccc34)cc2o1,O=C1CCC[C@H]2OC[C@@H](Cc3c[nH]c4ccccc34)N12,O=C(Nc1ccc2ncoc2c1)Nc1ccnc2ccccc12,False,False,False,,0.11904761904761904,0.14606741573033707,,,,,,,,,0.8651865286551231,0.5763085826500032,0.28887794600511996,False,71.63000000000001,80.05,8.419999999999987,True,,,,,,,,,,,,
edit_latent_source_similarity_rerank,mpair_00000756_cond_00_2p,mpair_00000756,eval,2,"LogP,QED",Clc1cccc(-c2cncc(O[C@@H]3CCNC3)c2)c1,Clc1cccc(-c2cc(O[C@@H]3CCNC3)cnc2Cl)c1,Cc1ccc(S(=O)(=O)NC(=O)Nc2ccc(Cl)cc2C(F)(F)F)cc1,c1ccc(-c2cncc(O[C@@H]3CCNC3)c2)cc1,O=C(Nc1ccccc1)NS(=O)(=O)c1ccccc1,False,True,False,,0.10666666666666667,0.1038961038961039,,,,,3.796100000000002,4.177620000000002,0.3815200000000001,True,0.8758671086324237,0.8224521020709663,0.05341500656145737,True,,,,,,,,,,,,,,,,
edit_latent_source_similarity_rerank,mpair_00000758_cond_00_2p,mpair_00000758,eval,2,"HBA,RB",Clc1cccc(-c2cncc(O[C@@H]3CCNC3)c2)c1,COc1cccc(-c2cncc(O[C@@H]3CCNC3)c2)c1,COc1ccc2c(C3=C(c4cn(C)c5ccccc45)C(=O)NC3=O)cn(C)c2c1,c1ccc(-c2cncc(O[C@@H]3CCNC3)c2)cc1,O=C1NC(=O)C(c2c[nH]c3ccccc23)=C1c1c[nH]c2ccccc12,False,True,False,,0.1095890410958904,0.19117647058823528,,,,,,,,,,,,,,,,,,,,,4.0,5.0,1.0,True,4.0,3.0,1.0,True
edit_latent_source_similarity_rerank,mpair_00000760_cond_00_2p,mpair_00000760,eval,2,"MW,LogP",Clc1cccc(-c2cc(O[C@@H]3CCNC3)cnc2Cl)c1,c1ccc(-c2cncc(O[C@@H]3CCNC3)c2)cc1,CS(=O)(=O)c1ccc(-n2ccnc2-c2ccccc2)cc1,c1ccc(-c2cncc(O[C@@H]3CCNC3)c2)cc1,c1ccc(-c2nccn2-c2ccccc2)cc1,False,False,False,,0.1323529411764706,0.14754098360655737,240.30599999999998,298.367,58.061000000000035,False,2.4893,2.942800000000001,0.4535000000000009,True,,,,,,,,,,,,,,,,,,,,
edit_latent_source_similarity_rerank,mpair_00000761_cond_02_2p,mpair_00000761,eval,2,"HBA,RB",c1ccc(-c2cncc(O[C@@H]3CCNC3)c2)cc1,COc1cccc(-c2cncc(O[C@@H]3CCNC3)c2)c1,COc1cccc(-c2nnc(CN)o2)c1,c1ccc(-c2cncc(O[C@@H]3CCNC3)c2)cc1,c1ccc(-c2nnco2)cc1,False,True,False,,0.1864406779661017,0.3157894736842105,,,,,,,,,,,,,,,,,,,,,4.0,5.0,1.0,True,4.0,3.0,1.0,True
edit_latent_source_similarity_rerank,mpair_00000764_cond_01_2p,mpair_00000764,eval,2,"LogP,QED",Clc1cccc(-c2cc(O[C@@H]3CCNC3)cnc2Cl)c1,Clc1cccc(-c2cncc(O[C@@H]3CCNC3)c2)c1,COC(=O)[C@H](c1cccc(Cl)c1)[C@H]1CCCCN1C,c1ccc(-c2cncc(O[C@@H]3CCNC3)c2)cc1,c1ccc(C[C@H]2CCCCN2)cc1,False,False,False,,0.21428571428571427,0.22058823529411764,,,,,3.1427000000000014,3.0809000000000015,0.061799999999999855,True,0.9336391660075258,0.7976495910202727,0.13598957498725317,False,,,,,,,,,,,,,,,,
edit_latent_source_similarity_rerank,mpair_00001114_cond_02_2p,mpair_00001114,eval,2,"QED,HBD",COc1ccc(N2CCN(CCC3NC(=O)c4ccccc43)CC2)cc1,COc1ccc(N2CCN(CCC3c4ccccc4C(=O)N3C)CC2)cc1,COc1ccc(OC)c(-c2cccn(C(CN3CCCC3)c3ccccc3)c2=O)c1,O=C1NC(CCN2CCN(c3ccccc3)CC2)c2ccccc21,O=c1c(-c2ccccc2)cccn1C(CN1CCCC1)c1ccccc1,False,False,False,,0.28,0.28378378378378377,,,,,,,,,0.8160326048332845,0.5914967505692761,0.22453585426400846,False,,,,,0.0,0.0,0.0,True,,,,,,,,
edit_latent_source_similarity_rerank,mpair_00001118_cond_02_2p,mpair_00001118,eval,2,"HBD,RB",Cc1ccc(N2CCN(CCC3NC(=O)c4ccccc43)CC2)cc1C,COc1ccc(N2CCN(CCC3c4ccccc4C(=O)N3C)CC2)cc1,COc1cc(-n2sc3ncccc3c2=O)cc(OC)c1OC,O=C1NC(CCN2CCN(c3ccccc3)CC2)c2ccccc21,O=c1c2cccnc2sn1-c1ccccc1,False,True,False,,0.13333333333333333,0.16666666666666666,,,,,,,,,,,,,,,,,0.0,0.0,0.0,True,,,,,5.0,4.0,1.0,True
edit_latent_source_similarity_rerank,mpair_00001120_cond_01_2p,mpair_00001120,eval,2,"QED,HBD",CN1C(=O)c2ccccc2C1CCN1CCN(c2ccc(Cl)cc2)CC1,Cc1ccc(N2CCN(CCC3NC(=O)c4ccccc43)CC2)cc1C,Cn1nc2n(c1=O)-c1ccc(Cl)cc1C(c1ccccc1Cl)=NC2,O=C1NC(CCN2CCN(c3ccccc3)CC2)c2ccccc21,O=c1[nH]nc2n1-c1ccccc1C(c1ccccc1)=NC2,False,False,False,,0.24285714285714285,0.18421052631578946,,,,,,,,,0.9198864151307602,0.6699567156021122,0.24992969952864796,False,,,,,1.0,0.0,1.0,True,,,,,,,,
edit_latent_source_similarity_rerank,mpair_00001122_cond_00_2p,mpair_00001122,eval,2,"QED,HBD",COc1ccc(N2CCN(CCC3c4ccccc4C(=O)N3C)CC2)cc1,COc1ccc(N2CCN(CCC3NC(=O)c4ccccc43)CC2)cc1,COc1cccc2c1CCCC2C(=O)NCCCN1CCN(c2ccccc2)CC1,O=C1NC(CCN2CCN(c3ccccc3)CC2)c2ccccc21,O=C(NCCCN1CCN(c2ccccc2)CC1)C1CCCc2ccccc21,False,False,False,,0.3466666666666667,0.34210526315789475,,,,,,,,,0.8996022198661571,0.7144123531038982,0.1851898667622589,False,,,,,1.0,1.0,0.0,True,,,,,,,,
edit_latent_source_similarity_rerank,mpair_00001124_cond_02_2p,mpair_00001124,eval,2,"LogP,RB",COc1ccc(N2CCN(CCC3NC(=O)c4ccccc43)CC2)cc1,Cc1ccc(N2CCN(CCC3NC(=O)c4ccccc43)CC2)cc1C,O=C1CS(=O)(=O)Nc2cc(OCc3ccc4ccccc4n3)ccc21,O=C1NC(CCN2CCN(c3ccccc3)CC2)c2ccccc21,O=C1CS(=O)(=O)Nc2cc(OCc3ccc4ccccc4n3)ccc21,False,True,False,,0.21052631578947367,0.1794871794871795,,,,,3.3002400000000023,2.751800000000001,0.5484400000000011,True,,,,,,,,,,,,,,,,,4.0,3.0,1.0,True
edit_latent_source_similarity_rerank,mpair_00001128_cond_01_2p,mpair_00001128,eval,2,"LogP,HBA",CN1C(=O)c2ccccc2C1CCN1CCN(c2ccc(Cl)cc2)CC1,COc1ccc(N2CCN(CCC3c4ccccc4C(=O)N3C)CC2)cc1,COc1ccc(-n2sc3c(Cl)nccc3c2=O)cc1,O=C1NC(CCN2CCN(c3ccccc3)CC2)c2ccccc21,O=c1c2ccncc2sn1-c1ccccc1,False,True,False,,0.15942028985507245,0.24242424242424243,,,,,3.034200000000002,3.109200000000002,0.07500000000000018,True,,,,,,,,,,,,,4.0,5.0,1.0,True,,,,
edit_latent_source_similarity_rerank,mpair_00001130_cond_00_2p,mpair_00001130,eval,2,"HBA,RB",COc1ccc(N2CCN(CCC3c4ccccc4C(=O)N3C)CC2)cc1,CN1C(=O)c2ccccc2C1CCN1CCN(c2ccc(Cl)cc2)CC1,CCc1ccc2c(c1)C(n1ccccc1=O)=CC(C)(C)C2=O,O=C1NC(CCN2CCN(c3ccccc3)CC2)c2ccccc21,O=C1CC=C(n2ccccc2=O)c2ccccc21,False,False,False,,0.14864864864864866,0.1527777777777778,,,,,,,,,,,,,,,,,,,,,3.0,3.0,0.0,True,4.0,2.0,2.0,False
edit_latent_source_similarity_rerank,mpair_00001134_cond_00_2p,mpair_00001134,eval,2,"MW,LogP",FC(F)(F)c1cccc(N2CCN(c3nc4ccsc4n4cccc34)CC2)c1,Fc1ccc(N2CCN(c3nc4ccsc4n4cccc34)CC2)cc1,COc1ccc(/C=C/CN(C)Cc2ccc3c(c2)CCO3)c(F)c1,c1ccc(N2CCN(c3nc4ccsc4n4cccc34)CC2)cc1,C(=C/c1ccccc1)\CNCc1ccc2c(c1)CCO2,False,True,False,,0.0898876404494382,0.0963855421686747,352.43800000000016,327.399,25.039000000000158,True,4.014700000000003,3.914400000000003,0.10029999999999983,True,,,,,,,,,,,,,,,,,,,,
edit_latent_source_similarity_rerank,mpair_00001616_cond_01_2p,mpair_00001616,eval,2,"QED,TPSA",CC1CC(C)(C)Nc2ccc3c(c21)COc1c-3cc(F)cc1[N+](=O)[O-],CC1CC(C)(C)Nc2ccc3c(c21)COc1c(F)cc(F)cc1-3,CC1Cc2c(ccc3c2ncn3-c2ccccc2)O1,c1ccc2c(c1)OCc1c-2ccc2c1CCCN2,c1ccc(-n2cnc3c4c(ccc32)OCC4)cc1,False,True,False,,0.1111111111111111,0.12162162162162163,,,,,,,,,0.719238819171056,0.6619329190105205,0.057305900160535495,True,21.259999999999998,27.05,5.790000000000003,True,,,,,,,,,,,,
edit_latent_source_similarity_rerank,mpair_00001633_cond_02_2p,mpair_00001633,eval,2,"MW,QED",C=CCC1(C(C)C#CCC)C(=O)NC(=O)N(C)C1=O,C=C(Br)CC1(C(C)C)C(=O)NC(=O)N(C)C1=O,CC(C)CC(=O)OC1c2c(ccc3ccc(=O)oc23)OC(C)(C)C1O,O=C1CC(=O)NC(=O)N1,O=c1ccc2ccc3c(c2o1)CCCO3,False,False,False,,0.11842105263157894,0.14492753623188406,303.15600000000006,346.3790000000001,43.22300000000001,False,,,,,0.8059749860896003,0.6791723260694534,0.12680266002014684,False,,,,,,,,,,,,,,,,
edit_latent_source_similarity_rerank,mpair_00002258_cond_01_2p,mpair_00002258,eval,2,"LogP,QED",Cc1cccc(C)c1NC(=O)c1c(C)n(-c2c(C)cccc2C)c(C)cc1=O,Cc1ccccc1NC(=O)c1c(C)n(-c2ccccc2C)c(C)cc1=O,CCN1CCCC1CNC(=O)c1cccc(CN2CCN(c3ccccc3OC(C)C)CC2)c1,O=C(Nc1ccccc1)c1cn(-c2ccccc2)ccc1=O,O=C(NCC1CCCN1)c1cccc(CN2CCN(c3ccccc3)CC2)c1,False,False,False,,0.14942528735632185,0.1724137931034483,,,,,4.3234800000000035,4.010100000000003,0.31338000000000044,True,0.7675628277357767,0.6077026084512676,0.1598602192845091,False,,,,,,,,,,,,,,,,
edit_latent_source_similarity_rerank,mpair_00002371_cond_00_2p,mpair_00002371,eval,2,"QED,HBD",Cn1cc(C(=O)c2ccc(-n3ccnc3)cc2)cc1/C=C/C(=O)O,CCOC(=O)/C=C/c1cc(C(=O)c2ccc(-n3ccnc3)cc2)cn1C,COc1ccc(-c2c(C)c3ccc(OC(=O)N(C)C)cc3oc2=O)cc1,O=C(c1ccc(-n2ccnc2)cc1)c1cc[nH]c1,O=c1oc2ccccc2cc1-c1ccccc1,False,False,False,,0.09876543209876543,0.11764705882352941,,,,,,,,,0.3897342663180413,0.6693483051130926,0.2796140387950513,False,,,,,0.0,0.0,0.0,True,,,,,,,,
edit_latent_source_similarity_rerank,mpair_00002373_cond_00_2p,mpair_00002373,eval,2,"HBA,RB",CCCCCNC(=O)Nc1c(C)cccc1SCCCn1cnc(-c2ccccc2)c1C,CCCCCNC(=O)Nc1c(SCCCn2cnc(-c3ccccc3)c2C)cccc1N(C)C,CCCCCNC(=O)Nc1c(OCCCN2CCN(c3ccccc3)CC2)cccc1N(C)C,c1ccc(SCCCn2cnc(-c3ccccc3)c2)cc1,c1ccc(OCCCN2CCN(c3ccccc3)CC2)cc1,False,True,False,,0.36904761904761907,0.4691358024691358,,,,,,,,,,,,,,,,,,,,,5.0,5.0,0.0,True,12.0,12.0,0.0,True
edit_latent_source_similarity_rerank,mpair_00002462_cond_01_2p,mpair_00002462,eval,2,"QED,HBA",COc1cc(NC(=O)c2cc(OCCCN(C)C)nn2Cc2ccccc2)cc(OC)c1OC,COc1ccc(NC(=O)c2cc(OCCCN(C)C)nn2Cc2ccccc2)cc1,CCCCOCCN1C[C@@H](c2ccc3c(c2)OCO3)[C@H](C(=O)O)[C@H]1c1ccc(OC)cc1,O=C(Nc1ccccc1)c1ccnn1Cc1ccccc1,c1ccc([C@@H]2C[C@H](c3ccc4c(c3)OCO4)CN2)cc1,False,True,False,,0.16494845360824742,0.21978021978021978,,,,,,,,,0.5200250404910086,0.5567849822382125,0.03675994174720387,True,,,,,,,,,6.0,6.0,0.0,True,,,,
edit_latent_source_similarity_rerank,mpair_00002466_cond_02_2p,mpair_00002466,eval,2,"HBA,RB",CN(C)CCCOc1cc(C(=O)Nc2ccc(Cl)cc2F)n(Cc2ccccc2)n1,CN(C)CCCOc1cc(C(=O)Nc2ccc(OC(F)(F)F)cc2)n(Cc2ccccc2)n1,CCCCOc1ccc(C2Oc3ccc(OCCCC)cc3C(c3ccc4c(c3)OCO4)=C2C(=O)O)cc1,O=C(Nc1ccccc1)c1ccnn1Cc1ccccc1,C1=C(c2ccc3c(c2)OCO3)c2ccccc2OC1c1ccccc1,False,True,False,,0.14583333333333334,0.16842105263157894,,,,,,,,,,,,,,,,,,,,,6.0,6.0,0.0,True,10.0,11.0,1.0,True
edit_latent_source_similarity_rerank,mpair_00002472_cond_00_2p,mpair_00002472,eval,2,"QED,RB",COc1ccc(NC(=O)c2cc(OCCCN(C)C)nn2Cc2ccccc2)cc1,CN(C)CCCOc1cc(C(=O)Nc2cc(F)cc(C(F)(F)F)c2)n(Cc2ccccc2)n1,CN(CCc1ccccc1)C(=O)Cn1c(C(=O)O)cc2cc(OCc3ccccc3)ccc21,O=C(Nc1ccccc1)c1ccnn1Cc1ccccc1,O=C(Cn1ccc2cc(OCc3ccccc3)ccc21)NCCc1ccccc1,False,True,False,,0.2839506172839506,0.23595505617977527,,,,,,,,,0.369385517709234,0.4106141113457355,0.0412285936365015,True,,,,,,,,,,,,,9.0,9.0,0.0,True
edit_latent_source_similarity_rerank,mpair_00002475_cond_02_2p,mpair_00002475,eval,2,"LogP,TPSA",CN(C)CCCOc1cc(C(=O)Nc2ccc(OC(F)(F)F)cc2)n(Cc2ccccc2)n1,COc1cc(NC(=O)c2cc(OCCCN(C)C)nn2Cc2ccccc2)cc(OC)c1OC,CC(C)Oc1c(C(=O)Nc2nn[nH]n2)n(-c2ccccc2)c2ccc(OCc3ccccc3)cc12,O=C(Nc1ccccc1)c1ccnn1Cc1ccccc1,O=C(Nc1nn[nH]n1)c1cc2cc(OCc3ccccc3)ccc2n1-c1ccccc1,False,False,False,,0.2631578947368421,0.2553191489361702,,,,,3.5400000000000027,4.762100000000003,1.2221000000000002,False,,,,,87.08000000000001,106.95,19.86999999999999,True,,,,,,,,,,,,
edit_latent_source_similarity_rerank,mpair_00002480_cond_01_2p,mpair_00002480,eval,2,"MW,QED",CN(C)CCCOc1cc(C(=O)Nc2cc(F)cc(C(F)(F)F)c2)n(Cc2ccccc2)n1,CN(C)CCCOc1cc(C(=O)Nc2cccc(Cl)c2)n(Cc2ccccc2)n1,CC(C)Nc1nc2cc(NC(=O)C(C)NC(=O)OCc3ccccc3)ccc2c(=O)o1,O=C(Nc1ccccc1)c1ccnn1Cc1ccccc1,O=C(CNC(=O)OCc1ccccc1)Nc1ccc2c(=O)ocnc2c1,False,True,False,,0.20618556701030927,0.23333333333333334,412.9210000000001,424.45700000000016,11.536000000000058,True,,,,,0.5357556879239462,0.5319217669269886,0.0038339209969576737,True,,,,,,,,,,,,,,,,
edit_latent_source_similarity_rerank,mpair_00002483_cond_01_2p,mpair_00002483,eval,2,"LogP,HBA",COc1cc(NC(=O)c2cc(OCCCN(C)C)nn2Cc2ccccc2)cc(OC)c1OC,CN(C)CCCOc1cc(C(=O)Nc2ccc(OC(F)(F)F)cc2)n(Cc2ccccc2)n1,CC(=O)c1cccc(NC(=O)Nc2cc3c(cc2CN2CCC(Cc4ccccc4)CC2)OCO3)c1,O=C(Nc1ccccc1)c1ccnn1Cc1ccccc1,O=C(Nc1ccccc1)Nc1cc2c(cc1CN1CCC(Cc3ccccc3)CC1)OCO2,False,False,False,,0.21505376344086022,0.21052631578947367,,,,,4.412800000000003,5.716600000000006,1.3038000000000025,False,,,,,,,,,,,,,6.0,5.0,1.0,True,,,,
edit_latent_source_similarity_rerank,mpair_00002487_cond_00_2p,mpair_00002487,eval,2,"QED,HBA",CN(C)CCCOc1cc(C(=O)Nc2ccc(OC(F)(F)F)cc2)n(Cc2ccccc2)n1,CN(C)CCCOc1cc(C(=O)Nc2cc(F)cc(C(F)(F)F)c2)n(Cc2ccccc2)n1,CC(C)C(NC(=O)C1CCCN1C(=O)[C@@H](NC(=O)c1cc2ccccc2cc1C(=O)O)C(C)C)C(=O)C(F)(F)F,O=C(Nc1ccccc1)c1ccnn1Cc1ccccc1,O=C(NCC(=O)N1CCCC1)c1ccc2ccccc2c1,False,True,False,,0.21052631578947367,0.19387755102040816,,,,,,,,,0.369385517709234,0.42754259821563295,0.05815708050639895,True,,,,,,,,,5.0,5.0,0.0,True,,,,
edit_latent_source_similarity_rerank,mpair_00002490_cond_02_2p,mpair_00002490,eval,2,"LogP,HBA",CCOC(=O)c1cc(C(C)O)cn1S(=O)(=O)c1cc(Cl)ccc1N,C=Cc1cc(C(=O)OCC)n(S(=O)(=O)c2cc(Cl)ccc2N)c1,CCOC(=O)c1c(C)nc2c(cnn2CC(C)CC)c1N,O=S(=O)(c1ccccc1)n1cccc1,c1cnc2[nH]ncc2c1,False,True,False,,0.25333333333333335,0.22077922077922077,,,,,2.7804,2.54472,0.23568000000000033,True,,,,,,,,,,,,,6.0,6.0,0.0,True,,,,
edit_latent_source_similarity_rerank,mpair_00002494_cond_02_2p,mpair_00002494,eval,2,"MW,LogP",O=C1C(Nc2ccccc2)=C(Cl)C(=O)c2ncncc21,O=C1C(Nc2cccc(Br)c2)=C(Cl)C(=O)c2ncncc21,COCCCOc1cncc(C2NC(=S)NC3=C2C(=O)c2ccccc23)c1,O=C1C(Nc2ccccc2)=CC(=O)c2ncncc21,O=C1C2=C(NC(=S)NC2c2cccnc2)c2ccccc21,False,True,False,,0.17333333333333334,0.16049382716049382,364.58600000000007,381.45700000000016,16.871000000000095,True,3.180600000000001,2.6233000000000013,0.5572999999999997,True,,,,,,,,,,,,,,,,,,,,
edit_latent_source_similarity_rerank,mpair_00002496_cond_01_2p,mpair_00002496,eval,2,"MW,LogP",O=C1C(Nc2ccccc2)=C(Cl)C(=O)c2ncncc21,O=C1C(Nc2ccc(Br)cc2)=C(Cl)C(=O)c2ncncc21,CN1C2CC(NC(=O)c3nn(C)c4ccccc34)CC1CN(c1ccccc1)C2,O=C1C(Nc2ccccc2)=CC(=O)c2ncncc21,O=C(NC1CC2CN(c3ccccc3)CC(C1)N2)c1n[nH]c2ccccc12,False,True,False,,0.1232876712328767,0.07692307692307693,364.58600000000007,389.50300000000016,24.917000000000087,True,3.180600000000001,2.654700000000001,0.5259,True,,,,,,,,,,,,,,,,,,,,
edit_latent_source_similarity_rerank,mpair_00002499_cond_00_2p,mpair_00002499,eval,2,"MW,LogP",O=C1C(Nc2cccc(Br)c2)=C(Cl)C(=O)c2ncncc21,O=C1C(Nc2ccccc2)=C(Cl)C(=O)c2ncncc21,COc1cccc(S(=O)(=O)c2cccc(N)c2C#N)c1,O=C1C(Nc2ccccc2)=CC(=O)c2ncncc21,O=S(=O)(c1ccccc1)c1ccccc1,False,True,False,,0.12857142857142856,0.10606060606060606,285.69,288.328,2.637999999999977,True,2.4181,1.98188,0.43621999999999983,True,,,,,,,,,,,,,,,,,,,,
edit_latent_source_similarity_rerank,mpair_00002501_cond_02_2p,mpair_00002501,eval,2,"LogP,RB",CCc1ccc(NC2=C(Cl)C(=O)c3ncncc3C2=O)cc1,O=C1C(Nc2ccccc2)=C(Cl)C(=O)c2ncncc21,CNc1nc2cn(-c3cccc(OC)c3)c(=O)c-2c[nH]1,O=C1C(Nc2ccccc2)=CC(=O)c2ncncc21,O=c1c2c[nH]cnc-2cn1-c1ccccc1,False,True,False,,0.12162162162162163,0.13043478260869565,,,,,2.4181,1.7156999999999996,0.7024000000000004,True,,,,,,,,,,,,,,,,,2.0,3.0,1.0,True
edit_latent_source_similarity_rerank,mpair_00002504_cond_02_2p,mpair_00002504,eval,2,"HBA,RB",COc1ccc(C(=O)CN2c3ccccc3C(=O)N(Cc3ccccc3)S2(=O)=O)cc1,Cc1ccc(C(=O)CN2c3ccccc3C(=O)N(Cc3ccccc3)S2(=O)=O)cc1,COc1cccc(C(=O)NCCN2CCN(c3ccc(Cl)cc3)CC2)c1,O=C(CN1c2ccccc2C(=O)N(Cc2ccccc2)S1(=O)=O)c1ccccc1,O=C(NCCN1CCN(c2ccccc2)CC1)c1ccccc1,False,True,False,,0.21794871794871795,0.15,,,,,,,,,,,,,,,,,,,,,4.0,4.0,0.0,True,5.0,6.0,1.0,True
edit_latent_source_similarity_rerank,mpair_00002507_cond_01_2p,mpair_00002507,eval,2,"QED,RB",O=C(CN1c2ccccc2C(=O)N(Cc2ccccc2)S1(=O)=O)c1ccccc1,COc1ccc(C(=O)CN2c3ccccc3C(=O)N(Cc3ccccc3)S2(=O)=O)cc1,C=CCN1CCN(C(c2ccccc2)c2ccc(C(=O)Nc3ccc(OC)cc3)cc2)CC1,O=C(CN1c2ccccc2C(=O)N(Cc2ccccc2)S1(=O)=O)c1ccccc1,O=C(Nc1ccccc1)c1ccc(C(c2ccccc2)N2CCNCC2)cc1,False,False,False,,0.1518987341772152,0.2692307692307692,,,,,,,,,0.5539335722556151,0.5082565835682868,0.04567698868732828,True,,,,,,,,,,,,,6.0,8.0,2.0,False
edit_latent_source_similarity_rerank,mpair_00002516_cond_00_2p,mpair_00002516,eval,2,"LogP,TPSA",CSc1cc(-c2ccc(Cl)cc2)oc(=O)c1Br,CSc1cc(-c2ccc(Br)cc2)oc(=O)c1C#N,COc1cccc2oc(-c3ccccc3)cc(=O)c12,O=c1cccc(-c2ccccc2)o1,O=c1cc(-c2ccccc2)oc2ccccc12,False,True,False,,0.24528301886792453,0.23214285714285715,,,,,3.662880000000002,3.468600000000002,0.19428,True,,,,,54.0,39.44,14.560000000000002,True,,,,,,,,,,,,
edit_latent_source_similarity_rerank,mpair_00002520_cond_01_2p,mpair_00002520,eval,2,"QED,TPSA",CSc1cc(-c2ccc(Br)cc2)oc(=O)c1C#N,CCOC(=O)c1c(SC)c(C#N)c(-c2ccc(Br)cc2)oc1=O,COc1cc(C(=O)Nc2ccc(-c3cc(F)cc(F)c3)cn2)cc(OC)c1OC,O=c1cccc(-c2ccccc2)o1,O=C(Nc1ccc(-c2ccccc2)cn1)c1ccccc1,False,True,False,,0.11267605633802817,0.125,,,,,,,,,0.5791804088529054,0.6679980971062867,0.08881768825338121,True,80.30000000000001,69.68,10.620000000000005,True,,,,,,,,,,,,
edit_latent_source_similarity_rerank,mpair_00002530_cond_01_2p,mpair_00002530,eval,2,"MW,LogP",CSc1cc(-c2ccc(Cl)cc2)oc(=O)c1,CSc1cc(-c2ccc(Cl)cc2)oc(=O)c1Br,COc1c(-c2ccc(Br)cc2)oc2ccccc2c1=O,O=c1cccc(-c2ccccc2)o1,O=c1cc(-c2ccccc2)oc2ccccc12,False,True,False,,0.18518518518518517,0.21818181818181817,331.61799999999994,331.1650000000001,0.45299999999986085,True,4.444600000000001,4.231100000000003,0.21349999999999802,True,,,,,,,,,,,,,,,,,,,,
edit_latent_source_similarity_rerank,mpair_00002538_cond_01_2p,mpair_00002538,eval,2,"MW,LogP",CSc1cc(-c2ccc(Br)cc2)oc(=O)c1Cl,CSc1cc(-c2ccc(Cl)cc2)oc(=O)c1,Cc1ccc2nc3n(c(=O)c2c1)Cc1cc2ccccc2nc1-3,O=c1cccc(-c2ccccc2)o1,O=c1c2ccccc2nc2n1Cc1cc3ccccc3nc1-2,False,False,False,,0.1044776119402985,0.109375,252.72199999999998,299.3330000000001,46.611000000000104,False,3.682100000000002,3.2818200000000015,0.4002800000000004,True,,,,,,,,,,,,,,,,,,,,
edit_latent_source_similarity_rerank,mpair_00002548_cond_00_2p,mpair_00002548,eval,2,"MW,LogP",CSc1cc(-c2ccc(Cl)cc2)oc(=O)c1,CSc1cc(-c2ccc(Br)cc2)oc(=O)c1Cl,CN1C(=O)c2cc(Nc3ccccc3)c(Nc3ccccc3)cc2C1=O,O=c1cccc(-c2ccccc2)o1,O=C1NC(=O)c2cc(Nc3ccccc3)c(Nc3ccccc3)cc21,False,True,False,,0.14,0.1320754716981132,331.61800000000005,343.38600000000014,11.768000000000086,True,4.444600000000002,4.399600000000002,0.04499999999999993,True,,,,,,,,,,,,,,,,,,,,
edit_latent_source_similarity_rerank,mpair_00002556_cond_02_2p,mpair_00002556,eval,2,"MW,QED",CN(C(=O)n1nc(-c2ccc(Cl)cc2)nc1SCC(F)(F)F)c1ccccc1,CSc1nc(-c2ccc(Cl)cc2)nn1C(=O)N(C)c1ccccc1,CN(C)CCNc1cc(-c2ccc(N3CCCCC3)cc2)nc2ccccc12,O=C(Nc1ccccc1)n1cnc(-c2ccccc2)n1,c1ccc2nc(-c3ccc(N4CCCCC4)cc3)ccc2c1,False,True,False,,0.18072289156626506,0.18181818181818182,358.85400000000004,374.53200000000004,15.677999999999997,True,,,,,0.6499636794176425,0.6672036124822582,0.017239933064615687,True,,,,,,,,,,,,,,,,
edit_latent_source_similarity_rerank,mpair_00002560_cond_00_2p,mpair_00002560,eval,2,"QED,RB",CSc1nc(-c2ccc(Cl)cc2)nn1C(=O)N(C)c1ccccc1,CSc1nc(-c2ccc(OC(F)(F)F)cc2)nn1C(=O)N(C)c1ccccc1,COc1ccc(C)cc1NC(=O)N(Cc1ccccc1)Cc1ccccc1,O=C(Nc1ccccc1)n1cnc(-c2ccccc2)n1,O=C(Nc1ccccc1)N(Cc1ccccc1)Cc1ccccc1,False,False,False,,0.15492957746478872,0.15789473684210525,,,,,,,,,0.5874043626188404,0.6531792406116153,0.06577487799277482,True,,,,,,,,,,,,,4.0,6.0,2.0,False
edit_latent_source_similarity_rerank,mpair_00002562_cond_02_2p,mpair_00002562,eval,2,"LogP,RB",CSc1nc(-c2ccc(Cl)cc2)nn1C(=O)N(C)c1ccccc1,CN(C(=O)n1nc(-c2ccc(Cl)cc2)nc1SCC(F)(F)F)c1ccccc1,CCOC(=O)Cc1nc(-c2ccc(Cl)cc2)sc1-c1ccco1,O=C(Nc1ccccc1)n1cnc(-c2ccccc2)n1,c1ccc(-c2ncc(-c3ccco3)s2)cc1,False,True,False,,0.22972972972972974,0.24050632911392406,,,,,5.357400000000003,4.829100000000003,0.5282999999999998,True,,,,,,,,,,,,,,,,,4.0,5.0,1.0,True
edit_latent_source_similarity_rerank,mpair_00002566_cond_00_2p,mpair_00002566,eval,2,"HBD,RB",COc1cc(C(=O)N2CCN(C(=O)c3cc(OC)c(OC)c(OC)c3)C(COC(=O)CC(C)(C)C)C2)cc(OC)c1OC,COc1cc(C(=O)N2CCN(C(=O)c3cc(OC)c(OC)c(OC)c3)C(COC(=O)NCCC(C)C)C2)cc(OC)c1OC,COCCOC(=O)N(C)C1CCC([C@@H](NS(=O)(=O)c2ccc(-c3ccc(OC)cc3)cc2)C(=O)O)CC1,O=C(c1ccccc1)N1CCN(C(=O)c2ccccc2)CC1,O=S(=O)(NCC1CCCCC1)c1ccc(-c2ccccc2)cc1,False,False,False,,0.14130434782608695,0.1595744680851064,,,,,,,,,,,,,,,,,1.0,2.0,1.0,True,,,,,13.0,11.0,2.0,False
edit_latent_source_similarity_rerank,mpair_00002567_cond_02_2p,mpair_00002567,eval,2,"HBD,RB",COc1cc(C(=O)N2CCN(C(=O)c3cc(OC)c(OC)c(OC)c3)C(COC(=O)NCCC(C)C)C2)cc(OC)c1OC,CCN(CC)C(=O)OCC1CN(C(=O)c2cc(OC)c(OC)c(OC)c2)CCN1C(=O)c1cc(OC)c(OC)c(OC)c1,COc1cc(C(=O)N2CCC(CCN3CCC(C(N)=O)(c4ccccc4)CC3)(c3cccnc3)C2)cc(OC)c1OC,O=C(c1ccccc1)N1CCN(C(=O)c2ccccc2)CC1,O=C(c1ccccc1)N1CCC(CCN2CCC(c3ccccc3)CC2)(c2cccnc2)C1,False,False,False,,0.2967032967032967,0.29545454545454547,,,,,,,,,,,,,,,,,0.0,1.0,1.0,True,,,,,12.0,10.0,2.0,False
edit_latent_source_similarity_rerank,mpair_00002571_cond_02_2p,mpair_00002571,eval,2,"HBD,RB",CCN(CC)C(=O)OCC1CN(C(=O)c2cc(OC)c(OC)c(OC)c2)CCN1C(=O)c1cc(OC)c(OC)c(OC)c1,COc1cc(C(=O)N2CCN(C(=O)c3cc(OC)c(OC)c(OC)c3)C(COC(=O)NCCC(C)C)C2)cc(OC)c1OC,COc1ccc(CN2C(=O)N(Cc3ccc(OC)cc3)[C@H](Cc3ccccc3)[C@H](O)[C@@H](O)[C@H]2Cc2ccccc2)cc1,O=C(c1ccccc1)N1CCN(C(=O)c2ccccc2)CC1,O=C1N(Cc2ccccc2)[C@H](Cc2ccccc2)CC[C@@H](Cc2ccccc2)N1Cc1ccccc1,False,False,False,,0.14473684210526316,0.1518987341772152,,,,,,,,,,,,,,,,,1.0,2.0,1.0,True,,,,,13.0,10.0,3.0,False
edit_latent_source_similarity_rerank,mpair_00002574_cond_02_2p,mpair_00002574,eval,2,"LogP,RB",COc1cc(C(=O)N2CCN(C(=O)c3cc(OC)c(OC)c(OC)c3)C(COC(=O)CC(C)(C)C)C2)cc(OC)c1OC,CCN(CC)C(=O)OCC1CN(C(=O)c2cc(OC)c(OC)c(OC)c2)CCN1C(=O)c1cc(OC)c(OC)c(OC)c1,CCCCN(CCCC)C(=O)N1C[C@@H](c2ccc3c(c2)OCO3)[C@H](C(=O)O)[C@H]1c1ccc(OC)cc1,O=C(c1ccccc1)N1CCN(C(=O)c2ccccc2)CC1,c1ccc([C@@H]2C[C@H](c3ccc4c(c3)OCO4)CN2)cc1,False,False,False,,0.18888888888888888,0.22988505747126436,,,,,3.1834000000000024,5.287400000000005,2.1040000000000028,False,,,,,,,,,,,,,,,,,12.0,10.0,2.0,False
edit_latent_source_similarity_rerank,mpair_00002577_cond_01_2p,mpair_00002577,eval,2,"HBD,RB",COc1cc(C(=O)N2CCN(C(=O)c3cc(OC)c(OC)c(OC)c3)C(COC(=O)NCCC(C)C)C2)cc(OC)c1OC,COc1cc(C(=O)N2CCN(C(=O)c3cc(OC)c(OC)c(OC)c3)C(COC(=O)CC(C)(C)C)C2)cc(OC)c1OC,CCCCNC(=O)C1=Cc2ccc(OC)cc2OC1c1cc(OC)c(OC)c(OC)c1,O=C(c1ccccc1)N1CCN(C(=O)c2ccccc2)CC1,C1=CC(c2ccccc2)Oc2ccccc21,False,False,False,,0.24705882352941178,0.21428571428571427,,,,,,,,,,,,,,,,,0.0,1.0,1.0,True,,,,,11.0,9.0,2.0,False
edit_latent_source_similarity_rerank,mpair_00002582_cond_02_2p,mpair_00002582,eval,2,"MW,LogP",COc1cc(C(=O)N2CCN(C(=O)c3cc(OC)c(OC)c(OC)c3)C(COC(C)=O)C2)cc(OC)c1OC,CCN(CC)C(=O)OCC1CN(C(=O)c2cc(OC)c(OC)c(OC)c2)CCN1C(=O)c1cc(OC)c(OC)c(OC)c1,COC[C@H](Cc1ccccc1)NC(=O)c1c(C)n(CCN2CCOCC2)c2c(OC)cccc12,O=C(c1ccccc1)N1CCN(C(=O)c2ccccc2)CC1,O=C(NCCc1ccccc1)c1cn(CCN2CCOCC2)c2ccccc12,False,False,False,,0.18181818181818182,0.17204301075268819,603.6690000000003,465.5940000000004,138.07499999999993,False,3.1834000000000024,3.2780200000000015,0.09461999999999904,True,,,,,,,,,,,,,,,,,,,,
edit_latent_source_similarity_rerank,mpair_00002589_cond_02_2p,mpair_00002589,eval,2,"MW,QED",COc1cc(C(=O)N2CCN(C(=O)c3cc(OC)c(OC)c(OC)c3)C(CO)C2)cc(OC)c1OC,CCN(CC)C(=O)OCC1CN(C(=O)c2cc(OC)c(OC)c(OC)c2)CCN1C(=O)c1cc(OC)c(OC)c(OC)c1,COc1ccc(/C=C\C(=O)O)c(OCc2cn(-c3ccc(CO)cc3)nn2)c1CC=C(C)C,O=C(c1ccccc1)N1CCN(C(=O)c2ccccc2)CC1,c1ccc(OCc2cn(-c3ccccc3)nn2)cc1,False,False,False,,0.20238095238095238,0.15789473684210525,603.6690000000003,449.5070000000002,154.16200000000015,False,,,,,0.3571777118480848,0.35642577020797983,0.0007519416401049472,True,,,,,,,,,,,,,,,,
edit_latent_source_similarity_rerank,mpair_00002598_cond_01_2p,mpair_00002598,eval,2,"TPSA,HBA",COc1ccc(C(=O)Nc2c(Cl)cncc2Cl)c2ccc(C(C)=O)nc12,COc1ccc(C(=O)Nc2c(F)cncc2F)c2ccc(C(F)(F)F)nc12,COc1ccc(-c2cc(NC[C@H](C)O)c3ccccc3n2)cc1C,O=C(Nc1ccncc1)c1cccc2ncccc12,c1ccc(-c2ccc3ccccc3n2)cc1,False,True,False,,0.2077922077922078,0.22077922077922077,,,,,,,,,,,,,64.11,54.379999999999995,9.730000000000004,True,,,,,4.0,4.0,0.0,True,,,,
edit_latent_source_similarity_rerank,mpair_00002600_cond_00_2p,mpair_00002600,eval,2,"LogP,RB",COc1ccc(C(=O)Nc2ccncc2Cl)c2cccnc12,CCc1ccc2c(C(=O)Nc3c(Cl)cncc3Cl)ccc(OC)c2n1,COc1ccc(C(=O)Nc2ccccc2Cl)cc1OC(=O)C(C)(C)C,O=C(Nc1ccncc1)c1cccc2ncccc12,O=C(Nc1ccccc1)c1ccccc1,False,True,False,,0.3484848484848485,0.2676056338028169,,,,,4.759900000000003,4.552400000000003,0.20749999999999957,True,,,,,,,,,,,,,,,,,4.0,4.0,0.0,True
edit_latent_source_similarity_rerank,mpair_00002603_cond_02_2p,mpair_00002603,eval,2,"TPSA,HBA",COc1ccc(C(=O)Nc2c(Cl)cncc2Cl)c2ccc(C(C)O)nc12,CCc1ccc2c(C(=O)Nc3c(Cl)cncc3Cl)ccc(OC)c2n1,CCCC(=O)c1cnc2c(OC)cccc2c1Nc1ccc(F)cc1C,O=C(Nc1ccncc1)c1cccc2ncccc12,c1ccc(Nc2ccnc3ccccc23)cc1,False,True,False,,0.25,0.2857142857142857,,,,,,,,,,,,,64.11,51.22,12.89,True,,,,,4.0,4.0,0.0,True,,,,
edit_latent_source_similarity_rerank,mpair_00002608_cond_01_2p,mpair_00002608,eval,2,"MW,QED",COc1ccc(C(=O)Nc2ccncc2Cl)c2cccnc12,COc1ccc(C(=O)Nc2c(F)cncc2F)c2ccc(C(F)(F)F)nc12,CN1CCC(c2c[nH]c3ccc(NC(=O)c4ccccn4)nc23)CC1,O=C(Nc1ccncc1)c1cccc2ncccc12,O=C(Nc1ccc2[nH]cc(C3CCNCC3)c2n1)c1ccccn1,False,False,False,,0.22784810126582278,0.15294117647058825,383.276,335.4110000000001,47.864999999999895,False,,,,,0.6893032571109005,0.7714803326137677,0.08217707550286724,True,,,,,,,,,,,,,,,,
edit_latent_source_similarity_rerank,mpair_00002612_cond_00_2p,mpair_00002612,eval,2,"LogP,RB",CCc1ccc2c(C(=O)Nc3c(Cl)cncc3Cl)ccc(OC)c2n1,COc1ccc(C(=O)Nc2c(F)cncc2F)c2ccc(C(F)(F)F)nc12,COc1ccc2c(c1)CN(C(C)=O)N=C2Cc1c(Cl)cncc1Cl,O=C(Nc1ccncc1)c1cccc2ncccc12,c1ccc2c(c1)CNN=C2Cc1ccncc1,False,True,False,,0.25,0.1728395061728395,,,,,4.187700000000001,3.7059000000000024,0.4817999999999989,True,,,,,,,,,,,,,,,,,3.0,3.0,0.0,True
edit_latent_source_similarity_rerank,mpair_00002615_cond_01_2p,mpair_00002615,eval,2,"MW,QED",COc1ccc(C(=O)Nc2c(F)cncc2F)c2ccc(C(F)(F)F)nc12,COc1ccc(C(=O)Nc2c(Cl)cncc2Cl)c2cccnc12,COc1ccc(CN(CCN(C)CCCCN)c2ccccn2)cc1,O=C(Nc1ccncc1)c1cccc2ncccc12,c1ccc(CNc2ccccn2)cc1,False,False,False,,0.10843373493975904,0.15584415584415584,348.1890000000001,342.48699999999997,5.702000000000112,True,,,,,0.7706046174674384,0.6365026211308188,0.13410199633661957,False,,,,,,,,,,,,,,,,
edit_latent_source_similarity_rerank,mpair_00002620_cond_00_2p,mpair_00002620,eval,2,"QED,RB",CCc1ccc2c(C(=O)Nc3c(Cl)cncc3Cl)ccc(OC)c2n1,COc1ccc(C(=O)Nc2c(Cl)cncc2Cl)c2cccnc12,COC(=O)[C@@H]1CSCc2c(O)cc(OC)c(C)c2C(=O)OC/C(S)=N/1,O=C(Nc1ccncc1)c1cccc2ncccc12,O=C1OC/C=N/CCSCc2ccccc21,False,False,False,,0.16279069767441862,0.1686746987951807,,,,,,,,,0.7706046174674384,0.593735626877931,0.17686899058950734,False,,,,,,,,,,,,,3.0,2.0,1.0,True
edit_latent_source_similarity_rerank,mpair_00002623_cond_01_2p,mpair_00002623,eval,2,"LogP,RB",COc1ccc(C(=O)Nc2c(F)cncc2F)c2ccc(C(F)(F)F)nc12,CCc1ccc2c(C(=O)Nc3c(Cl)cncc3Cl)ccc(OC)c2n1,COc1ccc(C(=O)Nc2ccc(C(=O)N3CCCc4ccccc43)cc2)cc1,O=C(Nc1ccncc1)c1cccc2ncccc12,O=C(Nc1ccc(C(=O)N2CCCc3ccccc32)cc1)c1ccccc1,False,True,False,,0.1625,0.1625,,,,,4.759900000000003,4.540500000000003,0.21939999999999937,True,,,,,,,,,,,,,,,,,4.0,4.0,0.0,True
edit_latent_source_similarity_rerank,mpair_00002626_cond_02_2p,mpair_00002626,eval,2,"LogP,QED",COc1ccc(C(=O)Nc2c(F)cncc2F)c2ccc(C(F)(F)F)nc12,COc1ccc(C(=O)Nc2ccncc2Cl)c2cccnc12,COc1cc(-c2cncc(-c3ccc(N4CCN(C)CC4)cc3)c2C)cc(OC)c1C(N)=O,O=C(Nc1ccncc1)c1cccc2ncccc12,c1ccc(-c2cncc(-c3ccc(N4CCNCC4)cc3)c2)cc1,False,False,False,,0.20253164556962025,0.189873417721519,,,,,3.544100000000002,3.591920000000002,0.04781999999999975,True,0.8029165077767629,0.6233060003089977,0.1796105074677652,False,,,,,,,,,,,,,,,,
edit_latent_source_similarity_rerank,mpair_00003108_cond_01_2p,mpair_00003108,eval,2,"LogP,QED",CN1CCC[C@H]1COc1ccc(Cl)nn1,CN1CCC[C@H]1COc1cccnn1,COc1ccc2c(c1)C(CN)CCO2,c1cnnc(OC[C@@H]2CCCN2)c1,c1ccc2c(c1)CCCO2,False,True,False,,0.14754098360655737,0.15,,,,,0.9495999999999998,1.52,0.5704000000000002,True,0.7160423680458043,0.77409835134944,0.058055983303635705,True,,,,,,,,,,,,,,,,
edit_latent_source_similarity_rerank,mpair_00003110_cond_00_2p,mpair_00003110,eval,2,"QED,RB",CCCCc1nnc2nc(C)c(C)c(=O)n2n1,Cc1nc2nnc(C(C)(C)C)nn2c(=O)c1C,NC(=O)[C@@H]1C[C@]2(NC(=O)NC2=O)c2cc(F)ccc2O1,O=c1ccnc2nncnn12,O=C1NC(=O)[C@@]2(CCOc3ccccc32)N1,False,True,False,,0.0410958904109589,0.043478260869565216,,,,,,,,,0.6723856505150625,0.6014958684301971,0.0708897820848654,True,,,,,,,,,,,,,0.0,1.0,1.0,True
edit_latent_source_similarity_rerank,mpair_00003111_cond_02_2p,mpair_00003111,eval,2,"QED,RB",Cc1nc2nnc(C(C)(C)C)nn2c(=O)c1C,CCCCc1nnc2nc(C)c(C)c(=O)n2n1,COc1ccc2c3c(c(=O)oc2c1)CN(Cc1ccccc1Cl)CC3,O=c1ccnc2nncnn12,O=c1oc2ccccc2c2c1CN(Cc1ccccc1)CC2,False,False,False,,0.08,0.0759493670886076,,,,,,,,,0.7849999676400611,0.665589009199046,0.11941095844101512,False,,,,,,,,,,,,,3.0,3.0,0.0,True
edit_latent_source_similarity_rerank,mpair_00003117_cond_01_2p,mpair_00003117,eval,2,"MW,HBA",Cc1c[nH]c2c1C13CC1CN(C(=O)OC(C)(C)C)C3=CC2=O,COC(=O)c1cc2c([nH]1)C(=O)C=C1N(C(=O)OC(C)(C)C)CC3CC123,COc1cccc(C(=O)N[C@@H]2CON(CCc3c[nH]cn3)C2=O)c1OC,O=C1C=C2NCC3CC23c2cc[nH]c21,O=C(N[C@@H]1CON(CCc2c[nH]cn2)C1=O)c1ccccc1,False,True,False,,0.15217391304347827,0.14583333333333334,344.36700000000013,360.37000000000006,16.00299999999993,True,,,,,,,,,,,,,,,,,5.0,6.0,1.0,True,,,,
edit_latent_source_similarity_rerank,mpair_00003202_cond_02_2p,mpair_00003202,eval,2,"TPSA,HBA",O=C(OCc1ccc(-c2ccccc2)cc1)n1cccn1,N#Cc1cnn(C(=O)OCc2ccc(-c3ccccc3)cc2)c1,COc1ccc(-c2cc(=O)n(CC3CCCC3)nc2-c2ccc(OC)cc2)cc1,O=C(OCc1ccc(-c2ccccc2)cc1)n1cccn1,O=c1cc(-c2ccccc2)c(-c2ccccc2)nn1CC1CCCC1,False,True,False,,0.14925373134328357,0.136986301369863,,,,,,,,,,,,,67.91,53.35000000000001,14.559999999999988,True,,,,,5.0,5.0,0.0,True,,,,
edit_latent_source_similarity_rerank,mpair_00003204_cond_01_2p,mpair_00003204,eval,2,"TPSA,HBA",Cc1cnn(C(=O)OCc2ccc(-c3ccccc3)cc2)c1,N#Cc1cnn(C(=O)OCc2ccc(-c3ccccc3)cc2)c1,CCOC(=O)c1cc2c3cc(OCc4ccccc4)ccc3n(C)c2cn1,O=C(OCc1ccc(-c2ccccc2)cc1)n1cccn1,c1ccc(COc2ccc3[nH]c4cnccc4c3c2)cc1,False,True,False,,0.3230769230769231,0.2714285714285714,,,,,,,,,,,,,67.91,53.35,14.559999999999995,True,,,,,5.0,5.0,0.0,True,,,,
edit_latent_source_similarity_rerank,mpair_00003207_cond_01_2p,mpair_00003207,eval,2,"LogP,HBA",Cc1cc(-n2ncc(=O)[nH]c2=O)ccc1S(=O)(=O)N1CCN(C=O)CC1,CCOC(=O)N1CCN(S(=O)(=O)c2ccc(-n3ncc(=O)[nH]c3=O)cc2Cl)CC1,COC1=C(C)C(=O)c2c(c(COC(N)=O)c3n2CC/C3=N\O)C1=O,O=c1cnn(-c2ccc(S(=O)(=O)N3CCNCC3)cc2)c(=O)[nH]1,N=C1CCn2c1cc1c2C(=O)C=CC1=O,False,True,False,,0.11764705882352941,0.1744186046511628,,,,,0.037000000000000144,0.9648000000000003,0.9278000000000002,True,,,,,,,,,,,,,8.0,8.0,0.0,True,,,,
edit_latent_source_similarity_rerank,mpair_00003209_cond_01_2p,mpair_00003209,eval,2,"QED,TPSA",NC(=S)N/N=C/c1cccc(OCc2ccc3no[n+]([O-])c3c2)c1,NC(=O)N/N=C\c1ccccc1OCc1ccc2no[n+]([O-])c2c1,COc1cc(C[C@@]2(O)CO[C@H](c3ccc(O)c(OC)c3)[C@H]2COC(C)=O)ccc1O,c1ccc(OCc2ccc3no[nH+]c3c2)cc1,c1ccc(CC2CO[C@H](c3ccccc3)C2)cc1,False,False,False,,0.11578947368421053,0.15555555555555556,,,,,,,,,0.4106849547701945,0.5872530640430884,0.1765681092728939,False,129.68,114.68000000000002,14.999999999999986,True,,,,,,,,,,,,
edit_latent_source_similarity_rerank,mpair_00003212_cond_02_2p,mpair_00003212,eval,2,"HBD,RB",CC(C)NC(=O)c1ccc2c(Nc3ccc(Cl)cc3)nc(N3CCOCC3)nc2c1,COC(=O)c1ccc2c(Nc3ccc(Cl)cc3)nc(N3CCOCC3)nc2c1,COc1ccccc1N1CCN(CNC(=O)c2cccc(Cl)c2)CC1,c1ccc(Nc2nc(N3CCOCC3)nc3ccccc23)cc1,O=C(NCN1CCN(c2ccccc2)CC1)c1ccccc1,False,True,False,,0.24390243902439024,0.2375,,,,,,,,,,,,,,,,,1.0,1.0,0.0,True,,,,,4.0,5.0,1.0,True
edit_latent_source_similarity_rerank,mpair_00003216_cond_02_2p,mpair_00003216,eval,2,"HBD,HBA",COC(=O)c1ccc2c(Nc3ccc(Cl)cc3)nc(N3CCOCC3)nc2c1,CC(C)NC(=O)c1ccc2c(Nc3ccc(Cl)cc3)nc(N3CCOCC3)nc2c1,O=C(NCCN1CCOCC1)c1ccc2c(c1)nc(O)c1cc(F)ccc12,c1ccc(Nc2nc(N3CCOCC3)nc3ccccc23)cc1,O=C(NCCN1CCOCC1)c1ccc2c(c1)ncc1ccccc12,False,True,False,,0.33766233766233766,0.358974358974359,,,,,,,,,,,,,,,,,2.0,2.0,0.0,True,6.0,5.0,1.0,True,,,,
edit_latent_source_similarity_rerank,mpair_00003224_cond_01_2p,mpair_00003224,eval,2,"QED,RB",COCCCN(/C(S)=C1/C(=O)c2cc(Cl)ccc2N(C)C1=O)c1ccccc1,COc1ccc(N(C)/C(S)=C2/C(=O)c3cc(Cl)ccc3N(C)C2=O)cc1,Cc1cc(C(=O)Nc2cc(Cl)cc(Cl)c2)nn1-c1ccccc1C(F)(F)F,O=C1Nc2ccccc2C(=O)/C1=C/Nc1ccccc1,O=C(Nc1ccccc1)c1ccn(-c2ccccc2)n1,False,True,False,,0.18292682926829268,0.1518987341772152,,,,,,,,,0.4935411914533051,0.5927046893842871,0.099163497930982,True,,,,,,,,,,,,,3.0,3.0,0.0,True
edit_latent_source_similarity_rerank,mpair_00003226_cond_00_2p,mpair_00003226,eval,2,"QED,RB",COc1cccc(N(C)/C(S)=C2/C(=O)c3cc(Cl)ccc3N(C)C2=O)c1,COCCCN(/C(S)=C1/C(=O)c2cc(Cl)ccc2N(C)C1=O)c1ccccc1,O=C(Nc1cccc(N2CCC(Cc3ccccc3)CC2)c1)c1ccc([N+](=O)[O-])o1,O=C1Nc2ccccc2C(=O)/C1=C/Nc1ccccc1,O=C(Nc1cccc(N2CCC(Cc3ccccc3)CC2)c1)c1ccco1,False,False,False,,0.11827956989247312,0.13829787234042554,,,,,,,,,0.3319041471572704,0.4654280602239109,0.13352391306664052,False,,,,,,,,,,,,,6.0,6.0,0.0,True
edit_latent_source_similarity_rerank,mpair_00003227_cond_02_2p,mpair_00003227,eval,2,"QED,RB",COc1ccc(N(C)/C(S)=C2/C(=O)c3cc(Cl)ccc3N(C)C2=O)cc1,COCCCN(/C(S)=C1/C(=O)c2cc(Cl)ccc2N(C)C1=O)c1ccccc1,COc1ccc(S(=O)(=O)N2CCN(C(=O)NCc3ccccc3)CC2C(=O)NO)cc1,O=C1Nc2ccccc2C(=O)/C1=C/Nc1ccccc1,O=C(NCc1ccccc1)N1CCN(S(=O)(=O)c2ccccc2)CC1,False,False,False,,0.17647058823529413,0.15217391304347827,,,,,,,,,0.3319041471572704,0.4427133730989772,0.11080922594170678,False,,,,,,,,,,,,,6.0,6.0,0.0,True
edit_latent_source_similarity_rerank,mpair_00003531_cond_01_2p,mpair_00003531,eval,2,"TPSA,HBA",CC(C)Oc1cccc(N(Cc2cccnc2)S(=O)(=O)CC(F)(F)F)c1,CCOC(=O)C(C)Oc1cccc(N(Cc2cccnc2)S(=O)(=O)CC(F)(F)F)c1,COc1cccc(-c2nc(SC)n(C)c(=O)c2C#N)c1,c1ccc(NCc2cccnc2)cc1,O=c1cc(-c2ccccc2)nc[nH]1,False,True,False,,0.1625,0.14942528735632185,,,,,,,,,,,,,85.80000000000001,67.91,17.890000000000015,True,,,,,6.0,6.0,0.0,True,,,,
edit_latent_source_similarity_rerank,mpair_00003535_cond_00_2p,mpair_00003535,eval,2,"MW,LogP",O=S(=O)(CC(F)(F)F)N(Cc1cccnc1)c1cccc(OC(F)(F)F)c1,COc1cccc(N(Cc2cccnc2)S(=O)(=O)CC(F)(F)F)c1,COc1ccccc1N1CCN(CCCC(O)c2ccc(F)cc2)CC1,c1ccc(NCc2cccnc2)cc1,c1ccc(CCCCN2CCN(c3ccccc3)CC2)cc1,False,True,False,,0.0975609756097561,0.125,360.3570000000001,358.45700000000005,1.900000000000034,True,2.988900000000002,3.470100000000002,0.4812000000000003,True,,,,,,,,,,,,,,,,,,,,
edit_latent_source_similarity_rerank,mpair_00003540_cond_02_2p,mpair_00003540,eval,2,"LogP,TPSA",CCCC(C)Oc1cccc(N(Cc2cccnc2)S(=O)(=O)CC(F)(F)F)c1,CCOC(=O)C(C)Oc1cccc(N(Cc2cccnc2)S(=O)(=O)CC(F)(F)F)c1,CCC(CC)C1NC(C(=O)O)Cc2c1[nH]c1cc(OC)ccc21,c1ccc(NCc2cccnc2)cc1,c1ccc2c3c([nH]c2c1)CNCC3,False,True,False,,0.13333333333333333,0.14285714285714285,,,,,3.3107000000000024,3.2527000000000017,0.05800000000000072,True,,,,,85.80000000000001,74.35000000000001,11.450000000000003,True,,,,,,,,,,,,
edit_latent_source_similarity_rerank,mpair_00003542_cond_02_2p,mpair_00003542,eval,2,"QED,RB",CC(C)COc1cccc(N(Cc2cccnc2)S(=O)(=O)CC(F)(F)F)c1,CCC(C)COc1cccc(N(Cc2cccnc2)S(=O)(=O)CC(F)(F)F)c1,Cn1c(N2CCN(CC(O)COc3ccc(NS(C)(=O)=O)cc3)CC2)nc2ccccc21,c1ccc(NCc2cccnc2)cc1,c1ccc(OCCCN2CCN(c3nc4ccccc4[nH]3)CC2)cc1,False,True,False,,0.17582417582417584,0.1702127659574468,,,,,,,,,0.6078002459089881,0.5266784313220088,0.08112181458697931,True,,,,,,,,,,,,,9.0,8.0,1.0,True
edit_latent_source_similarity_rerank,mpair_00003544_cond_01_2p,mpair_00003544,eval,2,"LogP,RB",CC(C)COc1cccc(N(Cc2cccnc2)S(=O)(=O)CC(F)(F)F)c1,CCCC(C)Oc1cccc(N(Cc2cccnc2)S(=O)(=O)CC(F)(F)F)c1,COc1ccc(-c2cc(=O)c3cc(OCCCCCN4CCC(O)CC4)ccc3o2)cc1,c1ccc(NCc2cccnc2)cc1,O=c1cc(-c2ccccc2)oc2ccc(OCCCCCN3CCCCC3)cc12,False,True,False,,0.11578947368421053,0.09,,,,,4.547700000000003,4.474400000000005,0.07329999999999881,True,,,,,,,,,,,,,,,,,9.0,9.0,0.0,True
edit_latent_source_similarity_rerank,mpair_00003547_cond_01_2p,mpair_00003547,eval,2,"QED,RB",CCC(C)COc1cccc(N(Cc2cccnc2)S(=O)(=O)CC(F)(F)F)c1,CC(C)COc1cccc(N(Cc2cccnc2)S(=O)(=O)CC(F)(F)F)c1,COc1cccc2c1CCC(=O)N2CCCN1CCN(c2cccc(O)c2)CC1,c1ccc(NCc2cccnc2)cc1,O=C1CCc2ccccc2N1CCCN1CCN(c2ccccc2)CC1,False,False,False,,0.10416666666666667,0.10752688172043011,,,,,,,,,0.6693605971809802,0.8151559359210248,0.14579533874004458,False,,,,,,,,,,,,,8.0,6.0,2.0,False
edit_latent_source_similarity_rerank,mpair_00000000_cond_02_3p,mpair_00000000,eval,3,"LogP,HBA,RB",O=C(c1cccc(Cl)c1)N1C[C@H](CN2CCC(c3ccccc3)CC2)[C@@H](c2ccccc2)C1,COc1cccc(C(=O)N2C[C@H](CN3CCC(c4ccccc4)CC3)[C@@H](c3ccccc3)C2)c1,Oc1ccc2c(c1)CC[C@@H](c1ccccc1)[C@H]2c1ccc(OCCN2CCCC2)cc1,O=C(c1ccccc1)N1C[C@H](CN2CCC(c3ccccc3)CC2)[C@@H](c2ccccc2)C1,c1ccc([C@@H]2CCc3ccccc3[C@@H]2c2ccc(OCCN3CCCC3)cc2)cc1,False,True,False,,0.26582278481012656,0.2716049382716049,,,,,5.430600000000005,5.728700000000006,0.2981000000000007,True,,,,,,,,,,,,,3.0,3.0,0.0,True,6.0,6.0,0.0,True
edit_latent_source_similarity_rerank,mpair_00000006_cond_02_3p,mpair_00000006,eval,3,"MW,LogP,QED",O=C(c1ccccc1F)N1C[C@H](CN2CCC(c3ccccc3)CC2)[C@@H](c2ccccc2)C1,O=C(c1ccccc1C(F)(F)F)N1C[C@H](CN2CCC(c3ccccc3)CC2)[C@@H](c2ccccc2)C1,Fc1ccc(-c2[nH]c(-c3cccc(Br)c3)nc2-c2ccncc2)cc1,O=C(c1ccccc1)N1C[C@H](CN2CCC(c3ccccc3)CC2)[C@@H](c2ccccc2)C1,c1ccc(-c2nc(-c3ccncc3)c(-c3ccccc3)[nH]2)cc1,False,False,False,,0.08860759493670886,0.07228915662650602,492.5850000000002,394.24700000000007,98.33800000000014,False,6.4408000000000065,5.707300000000004,0.7335000000000029,True,0.4092272471712491,0.4838892721338153,0.07466202496256619,True,,,,,,,,,,,,,,,,
edit_latent_source_similarity_rerank,mpair_00000012_cond_01_3p,mpair_00000012,eval,3,"MW,LogP,QED",O=C(c1ccccc1F)N1C[C@H](CN2CCC(c3ccccc3)CC2)[C@@H](c2ccccc2)C1,O=C(c1ccccc1Br)N1C[C@H](CN2CCC(c3ccccc3)CC2)[C@@H](c2ccccc2)C1,Cc1c(C)c2c(c(C(CCCCCC(=O)O)c3ccc(F)cc3)c1O)CCC2,O=C(c1ccccc1)N1C[C@H](CN2CCC(c3ccccc3)CC2)[C@@H](c2ccccc2)C1,c1ccc(Cc2cccc3c2CCC3)cc1,False,False,False,,0.15,0.12195121951219512,503.48400000000026,384.4910000000001,118.99300000000017,False,6.184500000000006,5.8038400000000046,0.38066000000000155,True,0.41502650656849366,0.56526275706056,0.1502362504920663,False,,,,,,,,,,,,,,,,
edit_latent_source_similarity_rerank,mpair_00000020_cond_01_3p,mpair_00000020,eval,3,"MW,TPSA,HBA",O=C(O)CCC/C=C/C[C@@H]1[C@@H](COCc2ccccc2)C2CC1(c1ccccc1)CO2,N#Cc1ccc(COC[C@H]2C3CC(c4ccc(F)cc4)(CO3)[C@@H]2C/C=C/CCCC(=O)O)cc1,CCC(Oc1ccc(C(=O)N2CCC(N3C(=O)OCc4ccccc43)CC2)c(OC)c1)c1ccccc1,c1ccc(COC[C@@H]2CC3(c4ccccc4)COC2C3)cc1,O=C(c1ccc(OCc2ccccc2)cc1)N1CCC(N2C(=O)OCc3ccccc32)CC1,False,False,False,,0.13333333333333333,0.10256410256410256,463.5490000000003,500.59500000000025,37.045999999999935,False,,,,,,,,,79.55,68.31,11.239999999999995,True,,,,,4.0,5.0,1.0,True,,,,
edit_latent_source_similarity_rerank,mpair_00000323_cond_02_3p,mpair_00000323,eval,3,"TPSA,HBD,HBA",N[C@@H](C(=O)N[C@@H]1C(=O)N2C(C(=O)O)=C(C(F)(F)F)CC[C@H]12)c1ccc(F)cc1,N[C@@H](C(=O)N[C@@H]1C(=O)N2C(C(=O)O)=C(C(F)(F)F)CC[C@H]12)c1ccc(O)cc1,N=C(N)c1cccc(Oc2cccc(Oc3cccc(C(=N)N)c3)n2)c1,O=C(Cc1ccccc1)N[C@@H]1C(=O)N2C=CCC[C@H]12,c1ccc(Oc2cccc(Oc3ccccc3)n2)cc1,False,True,False,,0.08108108108108109,0.08108108108108109,,,,,,,,,,,,,132.96,131.09,1.8700000000000045,True,4.0,4.0,0.0,True,5.0,5.0,0.0,True,,,,
edit_latent_source_similarity_rerank,mpair_00000330_cond_01_3p,mpair_00000330,eval,3,"MW,LogP,HBD",N[C@@H](C(=O)N[C@@H]1C(=O)N2C(C(=O)O)=C(C(F)(F)F)CC[C@H]12)c1ccc(O)cc1,N[C@@H](C(=O)N[C@@H]1C(=O)N2C(C(=O)O)=C(C(F)(F)F)CC[C@H]12)c1cccc(C(F)(F)F)c1,NC(=O)c1ccc(N/C(=N\C(=O)c2ccccc2)NC(=O)c2cccc([N+](=O)[O-])c2)cc1,O=C(Cc1ccccc1)N[C@@H]1C(=O)N2C=CCC[C@H]12,O=C(/N=C(/NC(=O)c1ccccc1)Nc1ccccc1)c1ccccc1,False,True,False,,0.1,0.13186813186813187,451.3230000000001,431.4080000000002,19.914999999999907,True,2.0955999999999997,2.732000000000001,0.6364000000000014,True,,,,,,,,,3.0,3.0,0.0,True,,,,,,,,
edit_latent_source_similarity_rerank,mpair_00000332_cond_02_3p,mpair_00000332,eval,3,"TPSA,HBD,HBA",N[C@@H](C(=O)N[C@@H]1C(=O)N2C(C(=O)O)=C(C(F)(F)F)CC[C@H]12)c1ccc(O)cc1,N[C@@H](C(=O)N[C@@H]1C(=O)N2C(C(=O)O)=C(C(F)(F)F)CC[C@H]12)c1cccc(Br)c1,CC(C)C[C@H](NC(=O)OCc1ccccc1)C(=O)N[C@@H](CCc1ccccc1)C(=O)CO,O=C(Cc1ccccc1)N[C@@H]1C(=O)N2C=CCC[C@H]12,O=C(CNC(=O)OCc1ccccc1)NCCCc1ccccc1,False,True,False,,0.12941176470588237,0.12359550561797752,,,,,,,,,,,,,112.73,104.73,8.0,True,3.0,3.0,0.0,True,4.0,5.0,1.0,True,,,,
edit_latent_source_similarity_rerank,mpair_00000338_cond_00_3p,mpair_00000338,eval,3,"LogP,QED,RB",N[C@@H](C(=O)N[C@@H]1C(=O)N2C(C(=O)O)=C(C(F)(F)F)CC[C@H]12)c1cccc(Br)c1,CSC1=C(C(=O)O)N2C(=O)[C@@H](NC(=O)[C@H](N)c3ccccc3)[C@H]2CC1,COc1cc(OC)c(-c2nc3c(N)nc(N)nc3[nH]2)c(OC)c1,O=C(Cc1ccccc1)N[C@@H]1C(=O)N2C=CCC[C@H]12,c1ccc(-c2nc3cncnc3[nH]2)cc1,False,True,False,,0.07058823529411765,0.0759493670886076,,,,,0.8350000000000002,1.2100999999999995,0.3750999999999993,True,0.6699274889764619,0.6534874848567203,0.01644000411974167,True,,,,,,,,,,,,,5.0,4.0,1.0,True
edit_latent_source_similarity_rerank,mpair_00000597_cond_02_3p,mpair_00000597,eval,3,"QED,HBD,HBA",OC[C@@H]1N[C@@H](CCCCc2ccc(O)cc2)[C@H](O)[C@H]1O,OC[C@@H]1N[C@@H](CCCCc2ccc(F)cc2)[C@H](O)[C@H]1O,O=C(NCCCCc1ccccc1)Nc1nnc(S)s1,c1ccc(CCCC[C@H]2CCCN2)cc1,O=C(NCCCCc1ccccc1)Nc1nncs1,False,False,False,,0.18032786885245902,0.1774193548387097,,,,,,,,,0.5767746304019578,0.43649129483479787,0.14028333556715988,False,,,,,4.0,3.0,1.0,True,4.0,5.0,1.0,True,,,,
edit_latent_source_similarity_rerank,mpair_00000728_cond_02_3p,mpair_00000728,eval,3,"LogP,QED,RB",C=CCc1cc(/C=C2\SC(=O)NC2=O)c(OC)cc1OC1CCCCO1,C=CCc1cc(/C=C2\SC(=O)N(CCCC)C2=O)c(OC)cc1OC1CCCCO1,CC(C)[C@@H](CN1CC[C@@](C)(c2cccc(O)c2)[C@@H](C)C1)NC(=O)CCc1ccc(O)cc1,O=C1NC(=O)/C(=C/c2ccc(OC3CCCCO3)cc2)S1,O=C(CCc1ccccc1)NCCN1CCC(c2ccccc2)CC1,False,False,False,,0.10784313725490197,0.09009009009009009,,,,,5.165500000000004,4.470900000000005,0.6945999999999994,True,0.39718598618589046,0.5685480491995416,0.17136206301365114,False,,,,,,,,,,,,,9.0,8.0,1.0,True
edit_latent_source_similarity_rerank,mpair_00000740_cond_00_3p,mpair_00000740,eval,3,"MW,QED,RB",C=CCc1cc(/C=C2\SC(=O)N(C)C2=O)c(OC)cc1OC1CCCCO1,C=CCc1cc(/C=C2\SC(=O)N(CCCC)C2=O)c(OC)cc1OC1CCCCO1,CCCCCCOc1c(-c2ccc(O)c(O)c2)oc2c(OC)c(OC)cc(O)c2c1=O,O=C1NC(=O)/C(=C/c2ccc(OC3CCCCO3)cc2)S1,O=c1cc(-c2ccccc2)oc2ccccc12,False,True,False,,0.16304347826086957,0.20212765957446807,431.55400000000026,430.45300000000026,1.100999999999999,True,,,,,0.39718598618589046,0.3340898597640046,0.06309612642188583,True,,,,,,,,,,,,,9.0,9.0,0.0,True
edit_latent_source_similarity_rerank,mpair_00000742_cond_02_3p,mpair_00000742,eval,3,"MW,LogP,QED",C=CCc1cc(/C=C2\SC(=O)N(C)C2=O)c(OC)cc1OC1CCCCO1,C=CCc1cc(/C=C2\SC(=O)N(CC=C(C)C)C2=O)c(OC)cc1OC1CCCCO1,CN1CCC[C@@H]1Cc1c[nH]c2ccc(C3=CCN(/C(S)=N/C4CCCCC4)CC3)cc12,O=C1NC(=O)/C(=C/c2ccc(OC3CCCCO3)cc2)S1,C1=C(c2ccc3[nH]cc(C[C@H]4CCCN4)c3c2)CCN(/C=N/C2CCCCC2)C1,False,True,False,,0.13592233009708737,0.12727272727272726,443.5650000000003,436.6690000000003,6.895999999999958,True,5.331600000000005,5.512200000000005,0.1806000000000001,True,0.3995752918375223,0.3763441489912948,0.02323114284622746,True,,,,,,,,,,,,,,,,
edit_latent_source_similarity_rerank,mpair_00000747_cond_01_3p,mpair_00000747,eval,3,"LogP,QED,HBD",C=CCc1cc(/C=C2\SC(=O)N(CC=C)C2=O)c(OC)cc1OC1CCCCO1,C=CCc1cc(/C=C2\SC(=O)NC2=O)c(OC)cc1OC1CCCCO1,COc1ccc(C2(C#N)CCN(CC(=O)O)CC2)cc1OC1Cc2ccccc2C1,O=C1NC(=O)/C(=C/c2ccc(OC3CCCCO3)cc2)S1,c1cc(OC2Cc3ccccc3C2)cc(C2CCNCC2)c1,False,False,False,,0.15463917525773196,0.16129032258064516,,,,,3.6530000000000022,3.183180000000002,0.46982000000000035,True,0.6042673504148035,0.7933998802381288,0.1891325298233253,False,,,,,1.0,1.0,0.0,True,,,,,,,,
edit_latent_source_similarity_rerank,mpair_00000749_cond_00_3p,mpair_00000749,eval,3,"QED,HBD,RB",C=CCc1cc(/C=C2\SC(=O)N(C(C)C)C2=O)c(OC)cc1OC1CCCCO1,C=CCc1cc(/C=C2\SC(=O)NC2=O)c(OC)cc1OC1CCCCO1,CC(=O)Nc1ccc(OC(=O)c2cccc(CN3CCN(C)CC3)c2)cc1,O=C1NC(=O)/C(=C/c2ccc(OC3CCCCO3)cc2)S1,O=C(Oc1ccccc1)c1cccc(CN2CCNCC2)c1,False,True,False,,0.09278350515463918,0.08602150537634409,,,,,,,,,0.6042673504148035,0.6501918576609178,0.0459245072461143,True,,,,,1.0,1.0,0.0,True,,,,,6.0,5.0,1.0,True
edit_latent_source_similarity_rerank,mpair_00000758_cond_02_3p,mpair_00000758,eval,3,"LogP,HBA,RB",Clc1cccc(-c2cncc(O[C@@H]3CCNC3)c2)c1,COc1cccc(-c2cncc(O[C@@H]3CCNC3)c2)c1,COc1cccc(-c2cc(=O)cc(N3CCOCC3)o2)c1,c1ccc(-c2cncc(O[C@@H]3CCNC3)c2)cc1,O=c1cc(-c2ccccc2)oc(N2CCOCC2)c1,False,True,False,,0.17142857142857143,0.28125,,,,,2.4979000000000005,2.152,0.3459000000000003,True,,,,,,,,,,,,,4.0,5.0,1.0,True,4.0,3.0,1.0,True
edit_latent_source_similarity_rerank,mpair_00001125_cond_00_3p,mpair_00001125,eval,3,"MW,QED,HBD",CN1C(=O)c2ccccc2C1CCN1CCN(c2ccc(Cl)cc2)CC1,O=C1NC(CCN2CCN(c3ccccc3)CC2)c2ccccc21,Cc1cc2c(cc1O)CC1c3c(cccc3-2)CCN1C,O=C1NC(CCN2CCN(c3ccccc3)CC2)c2ccccc21,c1ccc2c(c1)CC1NCCc3cccc-2c31,False,False,False,,0.18571428571428572,0.16176470588235295,321.4240000000001,265.356,56.0680000000001,False,,,,,0.9403172855884846,0.7883218525823624,0.15199543300612217,False,,,,,1.0,1.0,0.0,True,,,,,,,,
edit_latent_source_similarity_rerank,mpair_00001132_cond_00_3p,mpair_00001132,eval,3,"QED,TPSA,HBA",O=C(Cc1ccccc1[N+](=O)[O-])NCCC1CCN(CC2COc3ccccc3O2)CC1,COc1ccccc1CC(=O)NCCC1CCN(CC2COc3ccccc3O2)CC1,O=c1c2ccccc2oc2ccc(OCCOC3CCCCO3)cc12,O=C(Cc1ccccc1)NCCC1CCN(CC2COc3ccccc3O2)CC1,O=c1c2ccccc2oc2ccc(OCCOC3CCCCO3)cc12,False,False,False,,0.12903225806451613,0.14285714285714285,,,,,,,,,0.7047088784600517,0.5211904517920684,0.18351842666798335,False,60.03,57.900000000000006,2.1299999999999955,True,,,,,5.0,5.0,0.0,True,,,,
edit_latent_source_similarity_rerank,mpair_00001135_cond_01_3p,mpair_00001135,eval,3,"MW,LogP,QED",Fc1ccc(N2CCN(c3nc4ccsc4n4cccc34)CC2)cc1,FC(F)(F)c1cccc(N2CCN(c3nc4ccsc4n4cccc34)CC2)c1,CCCN(Cc1ccc(F)cc1)[C@@H]1CCc2c(cccc2OC)C1,c1ccc(N2CCN(c3nc4ccsc4n4cccc34)CC2)cc1,c1ccc(CN[C@@H]2CCc3ccccc3C2)cc1,False,False,False,,0.1282051282051282,0.09302325581395349,402.4450000000001,327.44300000000004,75.00200000000007,False,4.894400000000004,4.603800000000004,0.2905999999999995,True,0.47685586942313013,0.7684168808531079,0.29156101142997776,False,,,,,,,,,,,,,,,,
edit_latent_source_similarity_rerank,mpair_00002371_cond_02_3p,mpair_00002371,eval,3,"QED,HBD,HBA",Cn1cc(C(=O)c2ccc(-n3ccnc3)cc2)cc1/C=C/C(=O)O,CCOC(=O)/C=C/c1cc(C(=O)c2ccc(-n3ccnc3)cc2)cn1C,COc1cc(CN2N=C(c3ccc(OC)c(OC)c3)C3CCCCC3C2=O)cc(OC)c1,O=C(c1ccc(-n2ccnc2)cc1)c1cc[nH]c1,O=C1C2CCCCC2C(c2ccccc2)=NN1Cc1ccccc1,False,False,False,,0.09411764705882353,0.11235955056179775,,,,,,,,,0.3897342663180413,0.6456233333787073,0.25588906706066594,False,,,,,0.0,0.0,0.0,True,6.0,6.0,0.0,True,,,,
edit_latent_source_similarity_rerank,mpair_00002463_cond_00_3p,mpair_00002463,eval,3,"LogP,HBA,RB",COc1ccc(NC(=O)c2cc(OCCCN(C)C)nn2Cc2ccccc2)cc1,CN(C)CCCOc1cc(C(=O)Nc2ccc(Cl)cc2F)n(Cc2ccccc2)n1,Cc1c(C2CCCCC2)oc2ccc(OCCCCCCN3CCC(O)CC3)cc2c1=O,O=C(Nc1ccccc1)c1ccnn1Cc1ccccc1,O=c1cc(C2CCCCC2)oc2ccc(OCCCCCCN3CCCCC3)cc12,False,False,False,,0.1702127659574468,0.1414141414141414,,,,,4.306700000000003,5.545020000000006,1.2383200000000034,False,,,,,,,,,,,,,5.0,5.0,0.0,True,9.0,9.0,0.0,True
edit_latent_source_similarity_rerank,mpair_00002466_cond_01_3p,mpair_00002466,eval,3,"QED,HBA,RB",CN(C)CCCOc1cc(C(=O)Nc2ccc(Cl)cc2F)n(Cc2ccccc2)n1,CN(C)CCCOc1cc(C(=O)Nc2ccc(OC(F)(F)F)cc2)n(Cc2ccccc2)n1,CCCCN(CCCC)C(=O)CN1C[C@H](c2ccc3c(c2)OCO3)[C@@H](C(=O)O)[C@H]1c1ccc(OC)cc1,O=C(Nc1ccccc1)c1ccnn1Cc1ccccc1,c1ccc([C@@H]2C[C@@H](c3ccc4c(c3)OCO4)CN2)cc1,False,False,False,,0.14705882352941177,0.16831683168316833,,,,,,,,,0.4522382232340766,0.44300197112127093,0.009236252112805654,True,,,,,,,,,6.0,6.0,0.0,True,10.0,12.0,2.0,False
edit_latent_source_similarity_rerank,mpair_00002470_cond_00_3p,mpair_00002470,eval,3,"LogP,HBA,RB",CN(C)CCCOc1cc(C(=O)Nc2ccc(Cl)cc2F)n(Cc2ccccc2)n1,COc1ccc(NC(=O)c2cc(OCCCN(C)C)nn2Cc2ccccc2)cc1,CCCN(c1ncc(C(=O)OC)c(-c2ccc(OC)cc2OC)n1)C(C1CC1)C1CC1,O=C(Nc1ccccc1)c1ccnn1Cc1ccccc1,c1ccc(-c2ccnc(NC(C3CC3)C3CC3)n2)cc1,False,True,False,,0.15151515151515152,0.23333333333333334,,,,,3.522800000000002,4.352400000000004,0.8296000000000019,True,,,,,,,,,,,,,6.0,7.0,1.0,True,10.0,10.0,0.0,True
edit_latent_source_similarity_rerank,mpair_00002473_cond_00_3p,mpair_00002473,eval,3,"LogP,HBA,RB",COc1ccc(NC(=O)c2cc(OCCCN(C)C)nn2Cc2ccccc2)cc1,CN(C)CCCOc1cc(C(=O)Nc2cccc(Cl)c2)n(Cc2ccccc2)n1,CCNC(=O)Oc1cccc(CN(C)CCCOc2ccc3c(=O)c4ccccc4oc3c2)c1,O=C(Nc1ccccc1)c1ccnn1Cc1ccccc1,O=c1c2ccccc2oc2cc(OCCCNCc3ccccc3)ccc12,False,True,False,,0.26666666666666666,0.26666666666666666,,,,,4.167600000000003,4.9554000000000045,0.7878000000000016,True,,,,,,,,,,,,,5.0,6.0,1.0,True,9.0,9.0,0.0,True
edit_latent_source_similarity_rerank,mpair_00002478_cond_02_3p,mpair_00002478,eval,3,"MW,LogP,QED",CN(C)CCCOc1cc(C(=O)Nc2cccc(Cl)c2)n(Cc2ccccc2)n1,CN(C)CCCOc1cc(C(=O)Nc2cc(F)cc(C(F)(F)F)c2)n(Cc2ccccc2)n1,Cc1ccccc1N1CCN(CC[C@H](CN(C)S(=O)(=O)c2ccccc2)c2cccc(Cl)c2)CC1,O=C(Nc1ccccc1)c1ccnn1Cc1ccccc1,O=S(=O)(NC[C@@H](CCN1CCN(c2ccccc2)CC1)c1ccccc1)c1ccccc1,False,False,False,,0.2222222222222222,0.13725490196078433,464.4630000000001,512.1190000000003,47.656000000000176,False,4.672100000000003,5.265020000000006,0.592920000000003,True,0.369385517709234,0.39257006382193244,0.023184546112698434,True,,,,,,,,,,,,,,,,
edit_latent_source_similarity_rerank,mpair_00002483_cond_00_3p,mpair_00002483,eval,3,"LogP,HBA,RB",COc1cc(NC(=O)c2cc(OCCCN(C)C)nn2Cc2ccccc2)cc(OC)c1OC,CN(C)CCCOc1cc(C(=O)Nc2ccc(OC(F)(F)F)cc2)n(Cc2ccccc2)n1,CCCN(CCCOc1ccc2c(=O)c3ccccc3oc2c1)Cc1cccc(OC(=O)NC)c1,O=C(Nc1ccccc1)c1ccnn1Cc1ccccc1,O=c1c2ccccc2oc2cc(OCCCNCc3ccccc3)ccc12,False,True,False,,0.21875,0.23958333333333334,,,,,4.412800000000003,5.345500000000005,0.9327000000000014,True,,,,,,,,,,,,,6.0,6.0,0.0,True,10.0,10.0,0.0,True
edit_latent_source_similarity_rerank,mpair_00002488_cond_01_3p,mpair_00002488,eval,3,"LogP,TPSA,HBD",C=Cc1cc(C(=O)OCC)n(S(=O)(=O)c2cc(Cl)ccc2N)c1,CC(C)OC(=O)c1cc(CO)cn1S(=O)(=O)c1cc(Cl)ccc1N,Cn1cc(C(=O)O)c(=O)c2cc(N)c(N3CCN(c4ccccn4)CC3)cc21,O=S(=O)(c1ccccc1)n1cccc1,O=c1cc[nH]c2cc(N3CCN(c4ccccn4)CC3)ccc12,False,True,False,,0.16279069767441862,0.1511627906976744,,,,,2.0182,1.5404999999999993,0.4777000000000009,True,,,,,111.61999999999999,104.69,6.929999999999993,True,2.0,2.0,0.0,True,,,,,,,,
edit_latent_source_similarity_rerank,mpair_00002498_cond_01_3p,mpair_00002498,eval,3,"MW,QED,RB",CCc1ccc(NC2=C(Cl)C(=O)c3ncncc3C2=O)cc1,O=C1C(Nc2cccc(Br)c2)=C(Cl)C(=O)c2ncncc21,CCOC(=O)Nc1cccc2c1C(=O)C(=O)C=C2c1ccccc1,O=C1C(Nc2ccccc2)=CC(=O)c2ncncc21,O=C1C=C(c2ccccc2)c2ccccc2C1=O,False,False,False,,0.15492957746478872,0.1527777777777778,364.58600000000007,321.332,43.254000000000076,False,,,,,0.885902971993687,0.8788689336291358,0.007034038364551187,True,,,,,,,,,,,,,2.0,3.0,1.0,True
edit_latent_source_similarity_rerank,mpair_00002502_cond_02_3p,mpair_00002502,eval,3,"MW,QED,RB",O=C1C(Nc2cccc(Br)c2)=C(Cl)C(=O)c2ncncc21,CCc1ccc(NC2=C(Cl)C(=O)c3ncncc3C2=O)cc1,CN1c2ncc(-c3cccc([N+](=O)[O-])c3)nc2C(N)=NS1(=O)=O,O=C1C(Nc2ccccc2)=CC(=O)c2ncncc21,O=S1(=O)N=Cc2nc(-c3ccccc3)cnc2N1,False,False,False,,0.14102564102564102,0.11392405063291139,313.744,334.31700000000006,20.573000000000036,True,,,,,0.9428073960459649,0.6195903972286622,0.3232169988173027,False,,,,,,,,,,,,,3.0,2.0,1.0,True
edit_latent_source_similarity_rerank,mpair_00002505_cond_02_3p,mpair_00002505,eval,3,"QED,HBA,RB",COc1ccc(C(=O)CN2c3ccccc3C(=O)N(Cc3ccccc3)S2(=O)=O)cc1,O=C(CN1c2ccccc2C(=O)N(Cc2ccccc2)S1(=O)=O)c1ccccc1,CC(=O)N1CCN(c2ccc(CN(C(C)(C)C)S(=O)(=O)Cc3ccccc3)cc2)CC1,O=C(CN1c2ccccc2C(=O)N(Cc2ccccc2)S1(=O)=O)c1ccccc1,O=S(=O)(Cc1ccccc1)NCc1ccc(N2CCNCC2)cc1,False,True,False,,0.19230769230769232,0.19718309859154928,,,,,,,,,0.6096951629926923,0.6857892104390259,0.07609404744633352,True,,,,,,,,,4.0,4.0,0.0,True,5.0,6.0,1.0,True
edit_latent_source_similarity_rerank,mpair_00002516_cond_02_3p,mpair_00002516,eval,3,"LogP,TPSA,HBA",CSc1cc(-c2ccc(Cl)cc2)oc(=O)c1Br,CSc1cc(-c2ccc(Br)cc2)oc(=O)c1C#N,CCN(CC)C(=O)c1ccc(C(c2cccc(OC)c2)N2CCNCC2)cc1,O=c1cccc(-c2ccccc2)o1,c1ccc(C(c2ccccc2)N2CCNCC2)cc1,False,True,False,,0.07894736842105263,0.0759493670886076,,,,,3.662880000000002,3.171800000000001,0.49108000000000107,True,,,,,54.0,44.81,9.189999999999998,True,,,,,4.0,4.0,0.0,True,,,,
edit_latent_source_similarity_rerank,mpair_00002546_cond_01_3p,mpair_00002546,eval,3,"MW,QED,HBA",CSc1cc(-c2ccc(Br)cc2)oc(=O)c1Br,CSc1cc(-c2ccc(Br)cc2)oc(=O)c1C#N,COc1cccc(-c2cc(O)c3cc(N4CCCC4)ccc3n2)c1,O=c1cccc(-c2ccccc2)o1,c1ccc(-c2ccc3cc(N4CCCC4)ccc3n2)cc1,False,True,False,,0.08571428571428572,0.08,322.1830000000001,320.39199999999994,1.7910000000001673,True,,,,,0.791886779601309,0.7847766513274592,0.007110128273849825,True,,,,,,,,,4.0,4.0,0.0,True,,,,
edit_latent_source_similarity_rerank,mpair_00002560_cond_02_3p,mpair_00002560,eval,3,"MW,QED,HBA",CSc1nc(-c2ccc(Cl)cc2)nn1C(=O)N(C)c1ccccc1,CSc1nc(-c2ccc(OC(F)(F)F)cc2)nn1C(=O)N(C)c1ccccc1,COc1ccccc1N1CCN(CCCCNC(=O)c2cc3ccccc3cn2)CC1,O=C(Nc1ccccc1)n1cnc(-c2ccccc2)n1,O=C(NCCCCN1CCN(c2ccccc2)CC1)c1cc2ccccc2cn1,False,True,False,,0.15476190476190477,0.17045454545454544,408.4050000000001,418.5410000000001,10.136000000000024,True,,,,,0.5874043626188404,0.5669409712183154,0.020463391400525,True,,,,,,,,,6.0,5.0,1.0,True,,,,
edit_latent_source_similarity_rerank,mpair_00002570_cond_01_3p,mpair_00002570,eval,3,"QED,TPSA,HBA",CCN(CC)C(=O)OCC1CN(C(=O)c2cc(OC)c(OC)c(OC)c2)CCN1C(=O)c1cc(OC)c(OC)c(OC)c1,COc1cc(C(=O)N2CCN(C(=O)c3cc(OC)c(OC)c(OC)c3)CC2)cc(OC)c1OC,CCOc1cc(C(CC(=O)OC)N2C(=O)c3ccccc3C2=O)ccc1OC,O=C(c1ccccc1)N1CCN(C(=O)c2ccccc2)CC1,O=C1c2ccccc2C(=O)N1Cc1ccccc1,False,False,False,,0.1875,0.21666666666666667,,,,,,,,,0.5754127815390553,0.5400018555569635,0.035410925982091834,True,96.00000000000001,82.14,13.860000000000014,True,,,,,8.0,6.0,2.0,False,,,,
edit_latent_source_similarity_rerank,mpair_00002580_cond_00_3p,mpair_00002580,eval,3,"LogP,HBD,HBA",COc1cc(C(=O)N2CCN(C(=O)c3cc(OC)c(OC)c(OC)c3)C(COC(C)=O)C2)cc(OC)c1OC,COc1cc(C(=O)N2CCN(C(=O)c3cc(OC)c(OC)c(OC)c3)C(CO)C2)cc(OC)c1OC,COc1ccc(-n2nc3c(NC(=O)c4ccncc4)nc4ccccc4n3c2=O)cc1,O=C(c1ccccc1)N1CCN(C(=O)c2ccccc2)CC1,O=C(Nc1nc2ccccc2n2c(=O)n(-c3ccccc3)nc12)c1ccncc1,False,True,False,,0.13953488372093023,0.14634146341463414,,,,,1.6973000000000003,2.6893000000000002,0.992,True,,,,,,,,,1.0,1.0,0.0,True,9.0,8.0,1.0,True,,,,
edit_latent_source_similarity_rerank,mpair_00002585_cond_01_3p,mpair_00002585,eval,3,"QED,TPSA,RB",COc1cc(C(=O)N2CCN(C(=O)c3cc(OC)c(OC)c(OC)c3)C(COC(C)=O)C2)cc(OC)c1OC,COc1cc(C(=O)N2CCN(C(=O)c3cc(OC)c(OC)c(OC)c3)CC2)cc(OC)c1OC,COc1cc(/C=N/N(C)c2ncnc3c2cnn3-c2ccccc2)ccc1O,O=C(c1ccccc1)N1CCN(C(=O)c2ccccc2)CC1,C(=N/Nc1ncnc2c1cnn2-c1ccccc1)\c1ccccc1,False,False,False,,0.125,0.15492957746478872,,,,,,,,,0.5754127815390553,0.426698816003488,0.14871396553556726,False,96.00000000000001,88.66000000000001,7.340000000000003,True,,,,,,,,,8.0,5.0,3.0,False
edit_latent_source_similarity_rerank,mpair_00002590_cond_00_3p,mpair_00002590,eval,3,"MW,HBD,RB",COc1cc(C(=O)N2CCN(C(=O)c3cc(OC)c(OC)c(OC)c3)C(COC(=O)NCCC(C)C)C2)cc(OC)c1OC,COc1cc(C(=O)N2CCN(C(=O)c3cc(OC)c(OC)c(OC)c3)C(COC(C)=O)C2)cc(OC)c1OC,COc1ccc(Br)cc1-c1nc(CNC[C@@H]2CCN(Cc3ccccc3)C2)co1,O=C(c1ccccc1)N1CCN(C(=O)c2ccccc2)CC1,c1ccc(CN2CC[C@@H](CNCc3coc(-c4ccccc4)n3)C2)cc1,False,False,False,,0.17525773195876287,0.1797752808988764,546.5730000000003,456.3840000000003,90.18900000000002,False,,,,,,,,,,,,,0.0,1.0,1.0,True,,,,,10.0,8.0,2.0,False
edit_latent_source_similarity_rerank,mpair_00002596_cond_02_3p,mpair_00002596,eval,3,"HBD,HBA,RB",COc1ccc(C(=O)Nc2c(F)cncc2F)c2ccc(C(F)(F)F)nc12,COc1ccc(C(=O)Nc2c(Cl)cncc2Cl)c2ccc(C(C)O)nc12,O=C(Nc1c(F)cccc1F)C1=C(O)CCn2c1nc1cnccc12,O=C(Nc1ccncc1)c1cccc2ncccc12,O=C(Nc1ccccc1)C1=CCCn2c1nc1cnccc12,False,False,False,,0.2631578947368421,0.19753086419753085,,,,,,,,,,,,,,,,,2.0,2.0,0.0,True,5.0,5.0,0.0,True,4.0,2.0,2.0,False
edit_latent_source_similarity_rerank,mpair_00002601_cond_01_3p,mpair_00002601,eval,3,"MW,LogP,QED",COc1ccc(C(=O)Nc2ccncc2Cl)c2cccnc12,COc1ccc(C(=O)Nc2ccncc2Cl)c2ccc(C(F)(F)F)nc12,COc1cc2ncnc(Nc3ccc(F)c(Cl)c3)c2cc1OCCCN(C)C,O=C(Nc1ccncc1)c1cccc2ncccc12,c1ccc(Nc2ncnc3ccccc23)cc1,False,False,False,,0.2073170731707317,0.18181818181818182,381.74100000000004,404.8730000000003,23.132000000000232,True,4.562900000000002,4.5050000000000034,0.057899999999998286,True,0.7218484507203837,0.5574662574306787,0.16438219328970505,False,,,,,,,,,,,,,,,,
edit_latent_source_similarity_rerank,mpair_00002605_cond_01_3p,mpair_00002605,eval,3,"TPSA,HBD,HBA",COc1ccc(C(=O)Nc2c(Cl)cncc2Cl)c2ccc(C(C)O)nc12,COc1ccc(C(=O)Nc2c(F)cncc2F)c2ccc(C(F)(F)F)nc12,COc1ccc(C(=O)Nc2c(Cl)cncc2Cl)cc1OC,O=C(Nc1ccncc1)c1cccc2ncccc12,O=C(Nc1ccncc1)c1ccccc1,False,True,False,,0.5,0.36065573770491804,,,,,,,,,,,,,64.11,60.45,3.6599999999999966,True,1.0,1.0,0.0,True,4.0,4.0,0.0,True,,,,
edit_latent_source_similarity_rerank,mpair_00002610_cond_02_3p,mpair_00002610,eval,3,"LogP,TPSA,HBD",CCc1ccc2c(C(=O)Nc3c(Cl)cncc3Cl)ccc(OC)c2n1,COc1ccc(C(=O)Nc2c(Cl)cncc2Cl)c2ccc(C(C)O)nc12,CCOc1ccc(C(NC(=O)c2ccccc2)NC(=O)c2ccccc2)cc1OC,O=C(Nc1ccncc1)c1cccc2ncccc12,O=C(NC(NC(=O)c1ccccc1)c1ccccc1)c1ccccc1,False,True,False,,0.24285714285714285,0.2222222222222222,,,,,4.2508000000000035,3.9525000000000023,0.2983000000000011,True,,,,,84.34,76.66000000000001,7.679999999999993,True,2.0,2.0,0.0,True,,,,,,,,
edit_latent_source_similarity_rerank,mpair_00002617_cond_00_3p,mpair_00002617,eval,3,"TPSA,HBA,RB",COc1ccc(C(=O)Nc2c(Cl)cncc2Cl)c2ccc(C(C)=O)nc12,COc1ccc(C(=O)Nc2ccncc2Cl)c2ccc(C(F)(F)F)nc12,CS(=O)(=O)c1ccc(-n2cc(C(F)(F)F)nc2-c2cccc(Cl)c2)cc1,O=C(Nc1ccncc1)c1cccc2ncccc12,c1ccc(-c2nccn2-c2ccccc2)cc1,False,True,False,,0.1111111111111111,0.21794871794871795,,,,,,,,,,,,,64.11,51.96,12.149999999999999,True,,,,,4.0,4.0,0.0,True,3.0,3.0,0.0,True
edit_latent_source_similarity_rerank,mpair_00002624_cond_01_3p,mpair_00002624,eval,3,"MW,LogP,QED",COc1ccc(C(=O)Nc2ccncc2Cl)c2ccc(C(F)(F)F)nc12,COc1ccc(C(=O)Nc2ccncc2Cl)c2cccnc12,CCC(C)C(=O)C(=O)NCCc1c(-c2cccnc2)[nH]c2ccccc12,O=C(Nc1ccncc1)c1cccc2ncccc12,c1cncc(-c2cc3ccccc3[nH]2)c1,False,False,False,,0.1724137931034483,0.22784810126582278,313.744,349.434,35.69,False,3.544100000000002,3.503800000000002,0.040300000000000225,True,0.8029165077767629,0.6411298505760291,0.16178665720073382,False,,,,,,,,,,,,,,,,
edit_latent_source_similarity_rerank,mpair_00002631_cond_01_3p,mpair_00002631,eval,3,"LogP,HBD,HBA",CC(C)(C)[C@H](O)C(=O)N1C[C@H](c2ccccc2)C[C@H]1C(=O)N[C@@H](CC(F)F)C(=O)NCCc1c(F)cc(C(=O)O)cc1F,CC(C)CC(=O)N1C[C@H](c2ccccc2)C[C@H]1C(=O)N[C@@H](CC(F)F)C(=O)NCCc1c(F)cc(C(=O)O)cc1F,CCCCc1nn(CCC)c(C(=O)O)c1Cc1ccc(-c2ccccc2-c2nn[nH]n2)cc1,O=C(CNC(=O)[C@@H]1C[C@@H](c2ccccc2)CN1)NCCc1ccccc1,c1ccc(-c2nn[nH]n2)c(-c2ccc(Cc3cn[nH]c3)cc2)c1,False,False,False,,0.16037735849056603,0.1523809523809524,,,,,3.892500000000002,4.771800000000003,0.8793000000000015,True,,,,,,,,,3.0,2.0,1.0,True,4.0,6.0,2.0,False,,,,
edit_latent_source_similarity_rerank,mpair_00003115_cond_01_3p,mpair_00003115,eval,3,"MW,LogP,QED",Cc1nc2nncnn2c(=O)c1C,Cc1nc2nnc(C(C)(C)C)nn2c(=O)c1C,CCCCC(=O)N[C@H]1CCC(=O)NC1=O,O=c1ccnc2nncnn12,O=C1CCCC(=O)N1,False,True,False,,0.06896551724137931,0.06666666666666667,233.27499999999998,212.24899999999997,21.02600000000001,True,0.7938399999999997,0.09799999999999992,0.6958399999999998,True,0.6723856505150625,0.6487693056538648,0.02361634486119768,True,,,,,,,,,,,,,,,,
edit_latent_source_similarity_rerank,mpair_00003206_cond_01_3p,mpair_00003206,eval,3,"MW,LogP,HBA",CCOC(=O)N1CCN(S(=O)(=O)c2ccc(-n3ncc(=O)[nH]c3=O)cc2Cl)CC1,Cc1cc(-n2ncc(=O)[nH]c2=O)ccc1S(=O)(=O)N1CCN(C=O)CC1,CCN1CCC2c3c([nH]c(=O)n(O)c3=O)SC2C1,O=c1cnn(-c2ccc(S(=O)(=O)N3CCNCC3)cc2)c(=O)[nH]1,O=c1[nH]c2c(c(=O)[nH]1)C1CCNCC1S2,False,False,False,,0.16049382716049382,0.1282051282051282,379.39800000000025,269.326,110.07200000000023,False,-1.3080799999999981,0.05739999999999995,1.365479999999998,False,,,,,,,,,,,,,7.0,6.0,1.0,True,,,,
edit_latent_source_similarity_rerank,mpair_00003210_cond_01_3p,mpair_00003210,eval,3,"MW,LogP,RB",CC[C@H]1OC(=O)[C@H](C)[C@@H](O)[C@H](C)[C@@H](OC2O[C@H](C)C[C@H](N(C)C)C2O)[C@@](C)(OC)C[C@@H](C)C(=O)[C@H](C)[C@@H](O)[C@]1(C)O,CC[C@H]1OC(=O)[C@H](C)[C@@H](OC(C)=O)[C@H](C)[C@@H](OC2O[C@H](C)C[C@H](N(C)C)C2O)[C@@](C)(OC)C[C@@H](C)C(=O)[C@H](C)[C@@H](O)[C@]1(C)O,COc1ccc(S(=O)(=O)N2CCC(Oc3ccccc3)CC2)c(C(=O)NO)c1OC,O=C1CCCCOC(=O)CCC[C@@H](OC2CCCCO2)CCC1,O=S(=O)(c1ccccc1)N1CCC(Oc2ccccc2)CC1,False,False,False,,0.08571428571428572,0.09009009009009009,631.8040000000003,436.4860000000002,195.3180000000001,False,2.0853000000000033,2.0549,0.030400000000003313,True,,,,,,,,,,,,,,,,,6.0,7.0,1.0,True
edit_latent_source_similarity_rerank,mpair_00003219_cond_02_3p,mpair_00003219,eval,3,"MW,LogP,QED",COc1ccc(S(=O)(=O)N(Cc2cccnc2)c2c(C)cccc2C(=O)NO)cc1,COc1ccc(S(=O)(=O)N(Cc2cccnc2)c2c(C)cc(Br)cc2C(=O)NO)cc1,NS(=O)(=O)c1ccc(NC(NC(=O)c2ccc(Br)cc2)C(Cl)(Cl)Cl)cc1,O=S(=O)(c1ccccc1)N(Cc1cccnc1)c1ccccc1,O=C(NCNc1ccccc1)c1ccccc1,False,True,False,,0.17073170731707318,0.18292682926829268,506.37800000000016,501.61699999999996,4.761000000000195,True,3.675620000000001,3.6347000000000023,0.04091999999999896,True,0.3740614499694089,0.43017894638916326,0.05611749641975439,True,,,,,,,,,,,,,,,,
edit_latent_source_similarity_rerank,mpair_00003223_cond_01_3p,mpair_00003223,eval,3,"MW,LogP,QED",COc1ccc(S(=O)(=O)N(Cc2cccnc2)c2c(C)cc(Br)cc2C(=O)NO)cc1,COc1ccc(S(=O)(=O)N(Cc2cccnc2)c2c(C)cccc2C(=O)NO)cc1,CN1CCN(C2=Nc3ccccc3Nc3ccc(OS(=O)(=O)C(F)(F)F)cc32)CC1,O=S(=O)(c1ccccc1)N(Cc1cccnc1)c1ccccc1,c1ccc2c(c1)N=C(N1CCNCC1)c1ccccc1N2,False,False,False,,0.15217391304347827,0.14130434782608695,427.48200000000014,440.4470000000002,12.965000000000032,True,2.91312,3.2977000000000016,0.3845800000000015,True,0.44330794633881315,0.5707665357932288,0.12745858945441563,False,,,,,,,,,,,,,,,,
edit_latent_source_similarity_rerank,mpair_00003535_cond_02_3p,mpair_00003535,eval,3,"MW,LogP,QED",O=S(=O)(CC(F)(F)F)N(Cc1cccnc1)c1cccc(OC(F)(F)F)c1,COc1cccc(N(Cc2cccnc2)S(=O)(=O)CC(F)(F)F)c1,CN(C)CCNC(=O)c1cccc2cc3cccc(C(F)(F)F)c3nc12,c1ccc(NCc2cccnc2)cc1,c1ccc2nc3ccccc3cc2c1,False,True,False,,0.16883116883116883,0.18421052631578946,360.3570000000001,361.3670000000001,1.009999999999991,True,2.988900000000002,3.6982000000000026,0.7093000000000007,True,0.7946521442277092,0.7210200425582313,0.07363210166947798,True,,,,,,,,,,,,,,,,
edit_latent_source_similarity_rerank,mpair_00003540_cond_01_3p,mpair_00003540,eval,3,"QED,TPSA,HBA",CCCC(C)Oc1cccc(N(Cc2cccnc2)S(=O)(=O)CC(F)(F)F)c1,CCOC(=O)C(C)Oc1cccc(N(Cc2cccnc2)S(=O)(=O)CC(F)(F)F)c1,COc1ccc(NC(=O)Nc2nnc(S)s2)cc1,c1ccc(NCc2cccnc2)cc1,O=C(Nc1ccccc1)Nc1nncs1,False,True,False,,0.125,0.12195121951219512,,,,,,,,,0.5496815697636838,0.5968923697271977,0.04721079996351396,True,85.80000000000001,76.14,9.66000000000001,True,,,,,6.0,6.0,0.0,True,,,,
edit_latent_source_similarity_rerank,mpair_00003546_cond_02_3p,mpair_00003546,eval,3,"MW,LogP,QED",COc1cccc(N(Cc2cccnc2)S(=O)(=O)CC(F)(F)F)c1,CCCC(C)Oc1cccc(N(Cc2cccnc2)S(=O)(=O)CC(F)(F)F)c1,CCCC(=O)C1=Cc2ccc(OC)cc2OC1c1cc(OC)c(OC)c(OC)c1,c1ccc(NCc2cccnc2)cc1,C1=CC(c2ccccc2)Oc2ccccc21,False,True,False,,0.1728395061728395,0.14606741573033707,416.4650000000001,398.45500000000015,18.009999999999934,True,4.547700000000003,4.607300000000005,0.05960000000000143,True,0.6018859517288218,0.6472113063864455,0.04532535465762377,True,,,,,,,,,,,,,,,,
edit_latent_source_similarity_rerank,mpair_00000014_cond_02_4p,mpair_00000014,eval,4,"MW,LogP,TPSA,HBA",O=C(O)[C@@H]1C[C@H]2C[C@@H](CCS(=O)(=O)O)CC[C@H]2CN1,O=C(O)CC[C@H]1CC[C@H]2CN[C@H](C(=O)O)C[C@H]2C1,NS(=O)(=O)c1ccc(NC(=O)c2cccc(C(=O)O)n2)c(Cl)c1,C1CC[C@H]2CNCC[C@H]2C1,O=C(Nc1ccccc1)c1ccccn1,False,False,False,,0.08571428571428572,0.057971014492753624,255.314,355.759,100.44500000000002,False,1.3301999999999996,1.3329000000000002,0.002700000000000591,True,,,,,86.63000000000001,139.45,52.81999999999998,False,,,,,3.0,5.0,2.0,False,,,,
edit_latent_source_similarity_rerank,mpair_00000322_cond_02_4p,mpair_00000322,eval,4,"MW,LogP,QED,HBA",N[C@@H](C(=O)N[C@@H]1C(=O)N2C(C(=O)O)=C(C(F)(F)F)CC[C@H]12)c1cccc(C(F)(F)F)c1,CSC1=C(C(=O)O)N2C(=O)[C@@H](NC(=O)[C@H](N)c3ccccc3)[C@H]2CC1,COc1ccc(C2=NC(C(=O)NO)CO2)cc1OC(F)(F)F,O=C(Cc1ccccc1)N[C@@H]1C(=O)N2C=CCC[C@H]12,c1ccc(C2=NCCO2)cc1,False,False,False,,0.14606741573033707,0.11627906976744186,361.42300000000006,320.22299999999996,41.2000000000001,False,0.8350000000000002,1.2445999999999997,0.4095999999999995,True,0.6699274889764619,0.6435504539588599,0.026377035017602024,True,,,,,,,,,5.0,6.0,1.0,True,,,,
edit_latent_source_similarity_rerank,mpair_00000326_cond_02_4p,mpair_00000326,eval,4,"MW,QED,TPSA,HBD",N[C@@H](C(=O)N[C@@H]1C(=O)N2C(C(=O)O)=C(C(F)(F)F)CC[C@H]12)c1ccc(O)cc1,CSC1=C(C(=O)O)N2C(=O)[C@@H](NC(=O)[C@H](N)c3ccccc3)[C@H]2CC1,COC(=O)CC(c1cccc(Cl)c1)c1c[nH]c2c(O)nc(N)nc12,O=C(Cc1ccccc1)N[C@@H]1C(=O)N2C=CCC[C@H]12,c1ccc(Cc2c[nH]c3cncnc23)cc1,False,True,False,,0.14285714285714285,0.1724137931034483,361.42300000000006,346.7740000000001,14.648999999999944,True,,,,,0.6699274889764619,0.6254679610561679,0.04445952792029406,True,112.73,114.12,1.3900000000000006,True,3.0,3.0,0.0,True,,,,,,,,
edit_latent_source_similarity_rerank,mpair_00000339_cond_02_4p,mpair_00000339,eval,4,"MW,LogP,HBD,HBA",N[C@@H](C(=O)N[C@@H]1C(=O)N2C(C(=O)O)=C(C(F)(F)F)CC[C@H]12)c1cccc(C(F)(F)F)c1,N[C@@H](C(=O)N[C@@H]1C(=O)N2C(C(=O)O)=C(C(F)(F)F)CC[C@H]12)c1ccc(O)cc1,COc1ccc(NC(=O)NCCNCC(O)COc2ccccc2)cc1,O=C(Cc1ccccc1)N[C@@H]1C(=O)N2C=CCC[C@H]12,O=C(NCCNCCCOc1ccccc1)Nc1ccccc1,False,False,False,,0.1111111111111111,0.10344827586206896,399.3250000000001,359.42600000000004,39.89900000000006,False,0.7823999999999993,1.8461999999999992,1.0637999999999999,False,,,,,,,,,4.0,4.0,0.0,True,5.0,5.0,0.0,True,,,,
edit_latent_source_similarity_rerank,mpair_00000588_cond_02_4p,mpair_00000588,eval,4,"QED,TPSA,HBD,HBA",OC[C@@H]1N[C@@H](CCCCc2ccc(O)cc2)[C@H](O)[C@H]1O,OC[C@@H]1N[C@@H](CCCCc2cc(F)cc(F)c2)[C@H](O)[C@H]1O,O=C(NNC(=O)c1cc([N+](=O)[O-])c[nH]1)Nc1ccccc1,c1ccc(CCCC[C@H]2CCCN2)cc1,O=C(NNC(=O)c1ccc[nH]1)Nc1ccccc1,False,False,False,,0.09230769230769231,0.07462686567164178,,,,,,,,,0.5846986769843887,0.5021834366989929,0.08251524028539581,True,72.72,129.16,56.44,False,4.0,4.0,0.0,True,4.0,4.0,0.0,True,,,,
edit_latent_source_similarity_rerank,mpair_00000728_cond_00_4p,mpair_00000728,eval,4,"MW,LogP,HBD,RB",C=CCc1cc(/C=C2\SC(=O)NC2=O)c(OC)cc1OC1CCCCO1,C=CCc1cc(/C=C2\SC(=O)N(CCCC)C2=O)c(OC)cc1OC1CCCCO1,COc1ccc(N2C(=O)[C@H](CCCc3ccccc3)[C@H]2c2ccc(S(C)(=O)=O)cc2)cc1,O=C1NC(=O)/C(=C/c2ccc(OC3CCCCO3)cc2)S1,O=C1[C@H](CCCc2ccccc2)[C@@H](c2ccccc2)N1c1ccccc1,False,True,False,,0.10638297872340426,0.12,431.55400000000026,449.5720000000001,18.01799999999986,True,5.165500000000004,4.825700000000005,0.33979999999999944,True,,,,,,,,,0.0,0.0,0.0,True,,,,,9.0,8.0,1.0,True
edit_latent_source_similarity_rerank,mpair_00000735_cond_02_4p,mpair_00000735,eval,4,"MW,LogP,QED,HBD",C=CCc1cc(/C=C2\SC(=O)N(CC=C(C)C)C2=O)c(OC)cc1OC1CCCCO1,C=CCc1cc(/C=C2\SC(=O)NC2=O)c(OC)cc1OC1CCCCO1,CC(=O)c1ccc(-c2cccn(C(CN3CCC(O)C3)c3ccccc3)c2=O)s1,O=C1NC(=O)/C(=C/c2ccc(OC3CCCCO3)cc2)S1,O=c1c(-c2cccs2)cccn1C(CN1CCCC1)c1ccccc1,False,True,False,,0.1553398058252427,0.12244897959183673,375.4460000000002,408.5230000000001,33.076999999999884,True,3.6530000000000022,3.4354000000000022,0.21760000000000002,True,0.6042673504148035,0.6349716251322491,0.030704274717445634,True,,,,,1.0,1.0,0.0,True,,,,,,,,
edit_latent_source_similarity_rerank,mpair_00000753_cond_02_4p,mpair_00000753,eval,4,"MW,TPSA,HBA,RB",O=C1CCC[C@H]2OC[C@@H](Cc3c[nH]c4ccccc34)N12,COC(=O)C[C@@H]1CC(=O)N2[C@H](Cc3c[nH]c4ccccc34)CO[C@@H]2C1,COc1ccc2c(c1)c(=O)c1c(NCCN(C)C)ccc3nnn2c31,O=C1CCC[C@H]2OC[C@@H](Cc3c[nH]c4ccccc34)N12,O=c1c2ccccc2n2nnc3cccc1c32,False,False,False,,0.10227272727272728,0.1368421052631579,342.39500000000015,337.38300000000004,5.012000000000114,True,,,,,,,,,71.63000000000001,71.75999999999999,0.12999999999998124,True,,,,,4.0,7.0,3.0,False,4.0,5.0,1.0,True
edit_latent_source_similarity_rerank,mpair_00001118_cond_00_4p,mpair_00001118,eval,4,"QED,HBD,HBA,RB",Cc1ccc(N2CCN(CCC3NC(=O)c4ccccc43)CC2)cc1C,COc1ccc(N2CCN(CCC3c4ccccc4C(=O)N3C)CC2)cc1,COc1ccc(C2=NOC(=O)/C2=C\c2cccs2)cc1,O=C1NC(CCN2CCN(c3ccccc3)CC2)c2ccccc21,O=C1ON=C(c2ccccc2)/C1=C/c1cccs1,False,False,False,,0.10256410256410256,0.21428571428571427,,,,,,,,,0.8160326048332845,0.6428428920231335,0.17318971281015105,False,,,,,0.0,0.0,0.0,True,4.0,5.0,1.0,True,5.0,3.0,2.0,False
edit_latent_source_similarity_rerank,mpair_00001616_cond_00_4p,mpair_00001616,eval,4,"QED,TPSA,HBA,RB",CC1CC(C)(C)Nc2ccc3c(c21)COc1c-3cc(F)cc1[N+](=O)[O-],CC1CC(C)(C)Nc2ccc3c(c21)COc1c(F)cc(F)cc1-3,O=C1Nc2ccc(Br)cc2/C1=C\C(=O)c1ccc(F)cc1,c1ccc2c(c1)OCc1c-2ccc2c1CCCN2,O=C1Nc2ccccc2/C1=C\C(=O)c1ccccc1,False,False,False,,0.16666666666666666,0.16666666666666666,,,,,,,,,0.719238819171056,0.6640698610565245,0.055168958114531486,True,21.259999999999998,46.17,24.910000000000004,False,,,,,2.0,2.0,0.0,True,0.0,2.0,2.0,False
edit_latent_source_similarity_rerank,mpair_00001619_cond_00_4p,mpair_00001619,eval,4,"QED,TPSA,HBA,RB",CC1CC(C)(C)Nc2ccc3c(c21)COc1c-3cc(F)cc1[N+](=O)[O-],Cc1cc(F)cc2c1OCc1c-2ccc2c1C(C)CC(C)(C)N2,C[C@@H]1C[C@H](Nc2ccc(F)cc2)c2cc(F)ccc2N1C(=O)c1cccc(F)c1,c1ccc2c(c1)OCc1c-2ccc2c1CCCN2,O=C(c1ccccc1)N1CC[C@H](Nc2ccccc2)c2ccccc21,False,False,False,,0.1511627906976744,0.14814814814814814,,,,,,,,,0.7039179552802654,0.6163024183354208,0.08761553694484459,True,21.259999999999998,32.34,11.080000000000005,True,,,,,2.0,2.0,0.0,True,0.0,3.0,3.0,False
edit_latent_source_similarity_rerank,mpair_00002471_cond_01_4p,mpair_00002471,eval,4,"MW,LogP,TPSA,RB",CN(C)CCCOc1cc(C(=O)Nc2ccc(Cl)cc2F)n(Cc2ccccc2)n1,COc1cc(NC(=O)c2cc(OCCCN(C)C)nn2Cc2ccccc2)cc(OC)c1OC,COc1ccccc1CN(CC(Cc1c[nH]c2ccccc12)NC(=O)COc1ccc(CO)cc1)C(C)=O,O=C(Nc1ccccc1)c1ccnn1Cc1ccccc1,O=C(COc1ccccc1)NC(CNCc1ccccc1)Cc1c[nH]c2ccccc12,False,False,False,,0.1523809523809524,0.2,468.5540000000002,515.6100000000002,47.05600000000004,False,3.5400000000000027,3.823800000000003,0.2838000000000003,True,,,,,87.08000000000001,103.89000000000001,16.810000000000002,True,,,,,,,,,12.0,12.0,0.0,True
edit_latent_source_similarity_rerank,mpair_00002483_cond_02_4p,mpair_00002483,eval,4,"LogP,TPSA,HBA,RB",COc1cc(NC(=O)c2cc(OCCCN(C)C)nn2Cc2ccccc2)cc(OC)c1OC,CN(C)CCCOc1cc(C(=O)Nc2ccc(OC(F)(F)F)cc2)n(Cc2ccccc2)n1,CCCCc1nc(Cl)c(COC(C)=O)n1Cc1ccc(-c2cccc(C(=O)O)c2)cc1,O=C(Nc1ccccc1)c1ccnn1Cc1ccccc1,c1ccc(-c2ccc(Cn3ccnc3)cc2)cc1,False,True,False,,0.20430107526881722,0.1875,,,,,4.412800000000003,5.355700000000005,0.9429000000000016,True,,,,,68.62,81.42,12.799999999999997,True,,,,,6.0,5.0,1.0,True,10.0,9.0,1.0,True
edit_latent_source_similarity_rerank,mpair_00002509_cond_01_4p,mpair_00002509,eval,4,"MW,LogP,QED,TPSA",CSc1cc(-c2ccc(Br)cc2)oc(=O)c1C#N,CSc1cc(-c2ccc(Br)cc2)oc(=O)c1Br,CCN1C(=O)Cc2c([nH]c3ccc(Br)cc23)-c2ccccc21,O=c1cccc(-c2ccccc2)o1,O=C1Cc2c([nH]c3ccccc23)-c2ccccc2N1,False,True,False,,0.15714285714285714,0.16923076923076924,376.0690000000001,355.23500000000007,20.834000000000003,True,4.553700000000002,4.506400000000003,0.04729999999999901,True,0.7207772389894862,0.6852506183482323,0.03552662064125389,True,30.21,36.1,5.890000000000001,True,,,,,,,,,,,,
edit_latent_source_similarity_rerank,mpair_00002541_cond_00_4p,mpair_00002541,eval,4,"MW,QED,TPSA,RB",CCOC(=O)c1c(SC)c(C#N)c(-c2ccc(Br)cc2)oc1=O,CSc1cc(-c2ccc(Br)cc2)oc(=O)c1C#N,COc1ccc2c(c1)C(n1ccccc1=O)=CC(C)(C)C2=O,O=c1cccc(-c2ccccc2)o1,O=C1CC=C(n2ccccc2=O)c2ccccc21,False,True,False,,0.0875,0.10144927536231885,322.1830000000001,295.338,26.845000000000084,True,,,,,0.791886779601309,0.8555047311163742,0.06361795151506511,True,54.0,48.3,5.700000000000003,True,,,,,,,,,2.0,2.0,0.0,True
edit_latent_source_similarity_rerank,mpair_00002559_cond_00_4p,mpair_00002559,eval,4,"MW,LogP,QED,RB",CN(C(=O)n1nc(-c2ccc(Cl)cc2)nc1SCC(F)(F)F)c1ccccc1,CSc1nc(-c2ccc(C)cc2)nn1C(=O)N(C)c1ccccc1,CN(Cc1cc2ccccc2n1C)C(=O)/C=C/c1cnc2c(c1)CCCN2,O=C(Nc1ccccc1)n1cnc(-c2ccccc2)n1,O=C(/C=C/c1cnc2c(c1)CCCN2)NCc1cc2ccccc2[nH]1,False,True,False,,0.16129032258064516,0.16279069767441862,338.43600000000004,360.4610000000001,22.02500000000009,True,4.079920000000002,3.603200000000002,0.47672000000000025,True,0.6753188675979567,0.7234035114449836,0.04808464384702693,True,,,,,,,,,,,,,3.0,4.0,1.0,True
edit_latent_source_similarity_rerank,mpair_00002569_cond_01_4p,mpair_00002569,eval,4,"TPSA,HBD,HBA,RB",COc1cc(C(=O)N2CCN(C(=O)c3cc(OC)c(OC)c(OC)c3)CC2)cc(OC)c1OC,COc1cc(C(=O)N2CCN(C(=O)c3cc(OC)c(OC)c(OC)c3)C(CO)C2)cc(OC)c1OC,COc1cc(Nc2ncc(-c3ccccc3N(C)C(=O)Cn3cccn3)o2)ccc1-c1cnco1,O=C(c1ccccc1)N1CCN(C(=O)c2ccccc2)CC1,O=C(Cn1cccn1)Nc1ccccc1-c1cnc(Nc2ccc(-c3cnco3)cc2)o1,False,True,False,,0.15476190476190477,0.15789473684210525,,,,,,,,,,,,,116.23000000000002,111.45,4.780000000000015,True,1.0,1.0,0.0,True,9.0,9.0,0.0,True,9.0,8.0,1.0,True
edit_latent_source_similarity_rerank,mpair_00002581_cond_00_4p,mpair_00002581,eval,4,"LogP,QED,TPSA,HBA",COc1cc(C(=O)N2CCN(C(=O)c3cc(OC)c(OC)c(OC)c3)C(COC(=O)CC(C)(C)C)C2)cc(OC)c1OC,COc1cc(C(=O)N2CCN(C(=O)c3cc(OC)c(OC)c(OC)c3)CC2)cc(OC)c1OC,CC(C)(C)c1ccc(S(=O)(=O)Oc2cccc3c2C(=O)C(N2CC2)=C(N2CC2)C3=O)cc1,O=C(c1ccccc1)N1CCN(C(=O)c2ccccc2)CC1,O=C1C(N2CC2)=C(N2CC2)C(=O)c2c(OS(=O)(=O)c3ccccc3)cccc21,False,True,False,,0.13580246913580246,0.14754098360655737,,,,,2.3364000000000003,2.973600000000002,0.6372000000000018,True,0.5754127815390553,0.5094242313553218,0.06598855018373351,True,96.00000000000001,83.53,12.470000000000013,True,,,,,8.0,7.0,1.0,True,,,,
edit_latent_source_similarity_rerank,mpair_00002592_cond_00_4p,mpair_00002592,eval,4,"MW,QED,TPSA,RB",COc1cc(C(=O)N2CCN(C(=O)c3cc(OC)c(OC)c(OC)c3)CC2)cc(OC)c1OC,COc1cc(C(=O)N2CCN(C(=O)c3cc(OC)c(OC)c(OC)c3)C(COC(C)=O)C2)cc(OC)c1OC,CCOC(=O)CCCn1ccc2cc(OC(=O)OCC)c(OC(=O)OCC)cc2c1=O,O=C(c1ccccc1)N1CCN(C(=O)c2ccccc2)CC1,O=c1[nH]ccc2ccccc12,False,False,False,,0.16129032258064516,0.17105263157894737,546.5730000000003,435.4290000000003,111.144,False,,,,,0.41028124355120477,0.3313823866741372,0.07889885687706755,True,122.30000000000001,119.36000000000001,2.9399999999999977,True,,,,,,,,,10.0,9.0,1.0,True
edit_latent_source_similarity_rerank,mpair_00002596_cond_00_4p,mpair_00002596,eval,4,"TPSA,HBD,HBA,RB",COc1ccc(C(=O)Nc2c(F)cncc2F)c2ccc(C(F)(F)F)nc12,COc1ccc(C(=O)Nc2c(Cl)cncc2Cl)c2ccc(C(C)O)nc12,Cc1cnc(NC(=O)c2cnc3c(C(F)(F)F)cccc3c2O)s1,O=C(Nc1ccncc1)c1cccc2ncccc12,O=C(Nc1nccs1)c1cnc2ccccc2c1,False,False,False,,0.273972602739726,0.20512820512820512,,,,,,,,,,,,,84.34,75.11,9.230000000000004,True,2.0,2.0,0.0,True,5.0,5.0,0.0,True,4.0,2.0,2.0,False
edit_latent_source_similarity_rerank,mpair_00002607_cond_02_4p,mpair_00002607,eval,4,"MW,LogP,HBA,RB",COc1ccc(C(=O)Nc2ccncc2Cl)c2cccnc12,COc1ccc(C(=O)Nc2c(Cl)cncc2Cl)c2ccc(C(C)=O)nc12,COc1cc2cc(C(=O)N3CC(CCl)c4ccc(O)cc43)[nH]c2c(OC)c1OC,O=C(Nc1ccncc1)c1cccc2ncccc12,O=C(c1cc2ccccc2[nH]1)N1CCc2ccccc21,False,True,False,,0.16091954022988506,0.1744186046511628,390.22600000000017,416.86100000000016,26.63499999999999,True,4.400100000000002,3.882100000000002,0.5179999999999998,True,,,,,,,,,,,,,5.0,5.0,0.0,True,4.0,5.0,1.0,True
edit_latent_source_similarity_rerank,mpair_00002617_cond_01_4p,mpair_00002617,eval,4,"QED,TPSA,HBA,RB",COc1ccc(C(=O)Nc2c(Cl)cncc2Cl)c2ccc(C(C)=O)nc12,COc1ccc(C(=O)Nc2ccncc2Cl)c2ccc(C(F)(F)F)nc12,COc1ccc(C(=O)Nc2c(Cl)cncc2Cl)c2[nH]c(C(F)(F)F)nc12,O=C(Nc1ccncc1)c1cccc2ncccc12,O=C(Nc1ccncc1)c1cccc2nc[nH]c12,False,True,False,,0.5573770491803278,0.4925373134328358,,,,,,,,,0.7218484507203837,0.6706039058698374,0.0512445448505463,True,64.11,79.89999999999999,15.789999999999992,True,,,,,4.0,4.0,0.0,True,3.0,3.0,0.0,True
edit_latent_source_similarity_rerank,mpair_00002625_cond_00_4p,mpair_00002625,eval,4,"MW,QED,HBA,RB",COc1ccc(C(=O)Nc2c(Cl)cncc2Cl)c2ccc(C(C)O)nc12,COc1ccc(C(=O)Nc2c(Cl)cncc2Cl)c2cccnc12,COc1cc2c(c(OC)c1OC)-c1ccc(SC)c(=O)cc1C=CC2,O=C(Nc1ccncc1)c1cccc2ncccc12,O=c1cccc2c(c1)C=CCc1ccccc1-2,False,True,False,,0.13580246913580246,0.14285714285714285,348.1890000000001,356.44300000000015,8.254000000000076,True,,,,,0.7706046174674384,0.7740897122890241,0.0034850948215857658,True,,,,,,,,,4.0,5.0,1.0,True,3.0,4.0,1.0,True
edit_latent_source_similarity_rerank,mpair_00003114_cond_00_4p,mpair_00003114,eval,4,"MW,LogP,QED,RB",CCCCc1nnc2nc(C)c(C)c(=O)n2n1,Cc1nc2nncnn2c(=O)c1C,CC(C)n1c(=O)[nH]c(=O)c2[nH]cnc21,O=c1ccnc2nncnn12,O=c1[nH]c(=O)c2[nH]cnc2[nH]1,False,False,False,,0.10344827586206896,0.13725490196078433,177.167,194.19400000000002,17.027000000000015,True,-0.5036600000000002,-0.006200000000000538,0.4974599999999997,True,0.541825521381232,0.6694518431193618,0.12762632173812982,False,,,,,,,,,,,,,0.0,1.0,1.0,True
edit_latent_source_similarity_rerank,mpair_00003200_cond_00_4p,mpair_00003200,eval,4,"QED,HBD,HBA,RB",CCOC(=O)c1ccc(NCCCCCCc2cccs2)cc1,O=C(O)c1ccc(NCCCCCCc2cccs2)cc1,CCOC(=O)c1ccc(NCCCCc2cccs2)cc1,c1ccc(NCCCCCCc2cccs2)cc1,c1ccc(NCCCCc2cccs2)cc1,False,True,False,,0.9767441860465116,0.6808510638297872,,,,,,,,,0.6622761596792913,0.5814553201359077,0.0808208395433836,True,,,,,2.0,1.0,1.0,True,3.0,4.0,1.0,True,9.0,8.0,1.0,True
edit_latent_source_similarity_rerank,mpair_00003215_cond_01_4p,mpair_00003215,eval,4,"QED,TPSA,HBA,RB",COC(=O)c1ccc2c(Nc3ccc(Cl)cc3)nc(N3CCOCC3)nc2c1,Clc1ccc(Nc2nc(N3CCOCC3)nc3ccccc23)cc1,COC(=O)c1cc(-c2ccccc2)c(-c2ccccc2)n(C)c1=O,c1ccc(Nc2nc(N3CCOCC3)nc3ccccc23)cc1,O=c1ccc(-c2ccccc2)c(-c2ccccc2)[nH]1,False,True,False,,0.1917808219178082,0.13432835820895522,,,,,,,,,0.784150666451108,0.6942052757756845,0.08994539067542351,True,50.28,48.3,1.980000000000004,True,,,,,5.0,4.0,1.0,True,3.0,3.0,0.0,True
edit_latent_source_similarity_rerank,mpair_00003222_cond_01_4p,mpair_00003222,eval,4,"QED,TPSA,HBA,RB",COc1ccc(S(=O)(=O)N(Cc2cccnc2)c2c(C)cc(Br)cc2C(=O)NO)cc1,COC(=O)c1cccc(C(=O)NO)c1N(Cc1cccnc1)S(=O)(=O)c1ccc(OC)cc1,O=C(CN(Cc1ccc([N+](=O)[O-])cc1)S(=O)(=O)C(Cl)(Cl)Cl)NO,O=S(=O)(c1ccccc1)N(Cc1cccnc1)c1ccccc1,c1ccccc1,False,False,False,,0.19753086419753085,0.2,,,,,,,,,0.29046454626646695,0.31899908233318336,0.02853453606671641,True,135.13,129.85,5.280000000000001,True,,,,,8.0,6.0,2.0,False,8.0,6.0,2.0,False
edit_latent_source_similarity_rerank,mpair_00003532_cond_02_4p,mpair_00003532,eval,4,"LogP,QED,TPSA,HBA",CCOC(=O)C(C)Oc1cccc(N(Cc2cccnc2)S(=O)(=O)CC(F)(F)F)c1,CCCC(C)Oc1cccc(N(Cc2cccnc2)S(=O)(=O)CC(F)(F)F)c1,CCOC(=O)[C@]1(CCCc2ccccc2)CC[C@@]2(c3ccccc3)O[N@@]12,c1ccc(NCc2cccnc2)cc1,c1ccc(CCCC2CC[C@@]3(c4ccccc4)O[N@@]23)cc1,False,True,False,,0.2,0.14942528735632185,,,,,4.547700000000003,4.205200000000003,0.34250000000000025,True,0.6018859517288218,0.5535936494450001,0.04829230228382164,True,59.5,41.839999999999996,17.660000000000004,True,,,,,4.0,4.0,0.0,True,,,,
edit_latent_source_similarity_rerank,mpair_00003537_cond_01_4p,mpair_00003537,eval,4,"MW,LogP,TPSA,RB",CC(C)COc1cccc(N(Cc2cccnc2)S(=O)(=O)CC(F)(F)F)c1,CCOC(=O)C(C)Oc1cccc(N(Cc2cccnc2)S(=O)(=O)CC(F)(F)F)c1,CN(Cc1ccc(Cl)cc1)CC(O)COc1ccc2nc(O)ccc2c1,c1ccc(NCc2cccnc2)cc1,c1ccc(CNCCCOc2ccc3ncccc3c2)cc1,False,False,False,,0.2222222222222222,0.18181818181818182,446.4470000000001,372.8520000000001,73.59500000000003,False,3.3107000000000024,3.4655000000000022,0.15479999999999983,True,,,,,85.80000000000001,65.82000000000001,19.980000000000004,True,,,,,,,,,9.0,7.0,2.0,False
edit_latent_source_similarity_rerank,mpair_00000013_cond_00_5p,mpair_00000013,eval,5,"MW,LogP,QED,HBA,RB",COc1cccc(C(=O)N2C[C@H](CN3CCC(c4ccccc4)CC3)[C@@H](c3ccccc3)C2)c1,O=C(c1ccccc1C(F)(F)F)N1C[C@H](CN2CCC(c3ccccc3)CC2)[C@@H](c2ccccc2)C1,Cc1cc(-c2c(F)cc3c(=O)c(Cc4ccccc4)cn(C4CC4)c3c2F)cc(C)n1,O=C(c1ccccc1)N1C[C@H](CN2CCC(c3ccccc3)CC2)[C@@H](c2ccccc2)C1,O=c1c(Cc2ccccc2)cn(C2CC2)c2cc(-c3ccncc3)ccc12,False,False,False,,0.15384615384615385,0.14606741573033707,492.5850000000002,416.4710000000002,76.11400000000003,False,6.4408000000000065,5.884240000000004,0.5565600000000028,True,0.4092272471712491,0.41612730039840784,0.006900053227158753,True,,,,,,,,,2.0,3.0,1.0,True,5.0,4.0,1.0,True
edit_latent_source_similarity_rerank,mpair_00000327_cond_01_5p,mpair_00000327,eval,5,"MW,LogP,QED,HBA,RB",CSC1=C(C(=O)O)N2C(=O)[C@@H](NC(=O)[C@H](N)c3ccccc3)[C@H]2CC1,N[C@@H](C(=O)N[C@@H]1C(=O)N2C(C(=O)O)=C(C(F)(F)F)CC[C@H]12)c1cccc(C(F)(F)F)c1,Cn1c(-c2cccc(NC(=O)C(=O)O)c2)c(I)c2cc(C(=O)O)c(O)cc21,O=C(Cc1ccccc1)N[C@@H]1C(=O)N2C=CCC[C@H]12,c1ccc(-c2cc3ccccc3[nH]2)cc1,False,False,False,,0.1411764705882353,0.14444444444444443,451.3230000000001,480.2140000000001,28.89100000000002,True,2.0955999999999997,2.8768000000000002,0.7812000000000006,True,0.4795891963980345,0.3373103135445637,0.1422788828534708,False,,,,,,,,,4.0,5.0,1.0,True,4.0,3.0,1.0,True
edit_latent_source_similarity_rerank,mpair_00000335_cond_02_5p,mpair_00000335,eval,5,"MW,LogP,TPSA,HBD,HBA",N[C@@H](C(=O)N[C@@H]1C(=O)N2C(C(=O)O)=C(C(F)(F)F)CC[C@H]12)c1cccc(Br)c1,N[C@@H](C(=O)N[C@@H]1C(=O)N2C(C(=O)O)=C(C(F)(F)F)CC[C@H]12)c1ccc(O)cc1,C#C[C@H](CC(=O)OCC)NC(=O)CCC(=O)Nc1ccc(C(=N)N)cc1,O=C(Cc1ccccc1)N[C@@H]1C(=O)N2C=CCC[C@H]12,c1ccccc1,False,False,False,,0.09574468085106383,0.1,399.3250000000001,358.398,40.92700000000008,False,0.7823999999999993,0.7605700000000011,0.02182999999999824,True,,,,,132.96,134.37,1.4099999999999966,True,4.0,4.0,0.0,True,5.0,5.0,0.0,True,,,,
edit_latent_source_similarity_rerank,mpair_00000588_cond_00_5p,mpair_00000588,eval,5,"LogP,QED,TPSA,HBD,HBA",OC[C@@H]1N[C@@H](CCCCc2ccc(O)cc2)[C@H](O)[C@H]1O,OC[C@@H]1N[C@@H](CCCCc2cc(F)cc(F)c2)[C@H](O)[C@H]1O,O=C(NNC(=S)NCCc1ccccc1)c1cc([N+](=O)[O-])c[nH]1,c1ccc(CCCC[C@H]2CCCN2)cc1,O=C(NNC(=S)NCCc1ccccc1)c1ccc[nH]1,False,False,False,,0.14705882352941177,0.11267605633802817,,,,,0.7320999999999995,1.274499999999999,0.5423999999999995,True,0.5846986769843887,0.37241304211803655,0.21228563486635216,False,72.72,112.09,39.370000000000005,False,4.0,4.0,0.0,True,4.0,4.0,0.0,True,,,,
edit_latent_source_similarity_rerank,mpair_00000765_cond_01_5p,mpair_00000765,eval,5,"MW,LogP,QED,HBA,RB",COc1cccc(-c2cncc(O[C@@H]3CCNC3)c2)c1,Clc1cccc(-c2cc(O[C@@H]3CCNC3)cnc2Cl)c1,O=C1c2ccccc2-c2nnc(-c3cccc(Br)c3)cc21,c1ccc(-c2cncc(O[C@@H]3CCNC3)c2)cc1,O=C1c2ccccc2-c2nnc(-c3ccccc3)cc21,False,False,False,,0.15625,0.16923076923076924,309.196,337.176,27.97999999999996,True,3.796100000000002,4.1175000000000015,0.3213999999999997,True,0.8758671086324237,0.5247740717760102,0.35109303685641347,False,,,,,,,,,3.0,3.0,0.0,True,3.0,1.0,2.0,False
edit_latent_source_similarity_rerank,mpair_00002474_cond_01_5p,mpair_00002474,eval,5,"MW,QED,TPSA,HBA,RB",COc1cc(NC(=O)c2cc(OCCCN(C)C)nn2Cc2ccccc2)cc(OC)c1OC,CN(C)CCCOc1cc(C(=O)Nc2ccc(Cl)cc2F)n(Cc2ccccc2)n1,Cc1cccc(OCCCn2cnc(-c3ccccc3)c2)c1NC(=O)NCC(C)(C)C,O=C(Nc1ccccc1)c1ccnn1Cc1ccccc1,c1ccc(OCCCn2cnc(-c3ccccc3)c2)cc1,False,True,False,,0.23076923076923078,0.21505376344086022,430.9110000000001,420.5570000000002,10.353999999999928,True,,,,,0.5138601191048354,0.47322295139070186,0.04063716771413356,True,59.39,68.17999999999999,8.789999999999992,True,,,,,5.0,4.0,1.0,True,9.0,8.0,1.0,True
edit_latent_source_similarity_rerank,mpair_00002509_cond_00_5p,mpair_00002509,eval,5,"MW,LogP,QED,TPSA,HBA",CSc1cc(-c2ccc(Br)cc2)oc(=O)c1C#N,CSc1cc(-c2ccc(Br)cc2)oc(=O)c1Br,CC(C)(C)c1ccc(-c2nc3ccc(C(F)(F)F)cc3c(=O)o2)cc1,O=c1cccc(-c2ccccc2)o1,O=c1oc(-c2ccccc2)nc2ccccc12,False,False,False,,0.1935483870967742,0.21052631578947367,376.0690000000001,347.336,28.73300000000006,True,4.553700000000002,5.171300000000004,0.6176000000000021,True,0.7207772389894862,0.6097165139985472,0.111060724990939,False,30.21,43.1,12.89,True,,,,,3.0,3.0,0.0,True,,,,
edit_latent_source_similarity_rerank,mpair_00002543_cond_02_5p,mpair_00002543,eval,5,"MW,QED,TPSA,HBA,RB",CSc1cc(-c2ccc(Br)cc2)oc(=O)c1Cl,CSc1cc(-c2ccc(Cl)cc2)oc(=O)c1C(N)=O,COc1ccc(-c2oc3cc(OC)ccc3c(=O)c2O)cc1,O=c1cccc(-c2ccccc2)o1,O=c1cc(-c2ccccc2)oc2ccccc12,False,True,False,,0.21428571428571427,0.22033898305084745,295.747,298.294,2.5469999999999686,True,,,,,0.8837306867126842,0.8039282567987951,0.07980242991388908,True,73.30000000000001,68.9,4.400000000000006,True,,,,,4.0,5.0,1.0,True,3.0,3.0,0.0,True
edit_latent_source_similarity_rerank,mpair_00002579_cond_00_5p,mpair_00002579,eval,5,"MW,LogP,QED,HBD,HBA",COc1cc(C(=O)N2CCN(C(=O)c3cc(OC)c(OC)c(OC)c3)CC2)cc(OC)c1OC,COc1cc(C(=O)N2CCN(C(=O)c3cc(OC)c(OC)c(OC)c3)C(COC(=O)NCCC(C)C)C2)cc(OC)c1OC,COc1ccc(CSC[C@H](C(=O)NO)N(Cc2ccc3c(c2)OCO3)S(=O)(=O)c2ccc(OC)cc2)cc1,O=C(c1ccccc1)N1CCN(C(=O)c2ccccc2)CC1,O=S(=O)(c1ccccc1)N(CCSCc1ccccc1)Cc1ccc2c(c1)OCO2,False,False,False,,0.14666666666666667,0.14285714285714285,617.6960000000003,560.6500000000003,57.045999999999935,False,3.4773000000000023,3.4308000000000023,0.046499999999999986,True,0.3561059094946873,0.2532865896732885,0.1028193198213988,False,,,,,1.0,2.0,1.0,True,10.0,9.0,1.0,True,,,,
edit_latent_source_similarity_rerank,mpair_00002590_cond_01_5p,mpair_00002590,eval,5,"MW,LogP,QED,HBD,RB",COc1cc(C(=O)N2CCN(C(=O)c3cc(OC)c(OC)c(OC)c3)C(COC(=O)NCCC(C)C)C2)cc(OC)c1OC,COc1cc(C(=O)N2CCN(C(=O)c3cc(OC)c(OC)c(OC)c3)C(COC(C)=O)C2)cc(OC)c1OC,O=c1n(-c2ccccc2[N+](=O)[O-])nc(C2CC2)n1Cc1ccc(-c2ccccc2-c2nn[nH]n2)cc1,O=C(c1ccccc1)N1CCN(C(=O)c2ccccc2)CC1,O=c1n(-c2ccccc2)nc(C2CC2)n1Cc1ccc(-c2ccccc2-c2nn[nH]n2)cc1,False,False,False,,0.0761904761904762,0.08333333333333333,546.5730000000003,480.4880000000001,66.0850000000002,False,2.2681000000000004,3.7150000000000016,1.4469000000000012,False,0.41028124355120477,0.2767604719399334,0.13352077161127135,False,,,,,0.0,1.0,1.0,True,,,,,10.0,7.0,3.0,False
edit_latent_source_similarity_rerank,mpair_00002625_cond_01_5p,mpair_00002625,eval,5,"MW,QED,TPSA,HBD,RB",COc1ccc(C(=O)Nc2c(Cl)cncc2Cl)c2ccc(C(C)O)nc12,COc1ccc(C(=O)Nc2c(Cl)cncc2Cl)c2cccnc12,COc1cccc2c1cc(C(=O)O)n2Cc1ccc(Cl)c(Cl)c1,O=C(Nc1ccncc1)c1cccc2ncccc12,c1ccc(Cn2ccc3ccccc32)cc1,False,True,False,,0.21052631578947367,0.23943661971830985,348.1890000000001,350.201,2.0119999999999436,True,,,,,0.7706046174674384,0.7418497668867416,0.02875485058069671,True,64.11,51.46,12.649999999999999,True,1.0,1.0,0.0,True,,,,,3.0,4.0,1.0,True
edit_latent_source_similarity_rerank,mpair_00002631_cond_02_5p,mpair_00002631,eval,5,"LogP,TPSA,HBD,HBA,RB",CC(C)(C)[C@H](O)C(=O)N1C[C@H](c2ccccc2)C[C@H]1C(=O)N[C@@H](CC(F)F)C(=O)NCCc1c(F)cc(C(=O)O)cc1F,CC(C)CC(=O)N1C[C@H](c2ccccc2)C[C@H]1C(=O)N[C@@H](CC(F)F)C(=O)NCCc1c(F)cc(C(=O)O)cc1F,CCCCc1nc(CC(=O)OC)c(Cl)n1Cc1ccc(NC(=O)c2ccccc2C(=O)O)cc1,O=C(CNC(=O)[C@@H]1C[C@@H](c2ccccc2)CN1)NCCc1ccccc1,O=C(Nc1ccc(Cn2ccnc2)cc1)c1ccccc1,False,False,False,,0.14018691588785046,0.14285714285714285,,,,,3.892500000000002,4.5934000000000035,0.7009000000000016,True,,,,,115.81000000000002,110.52,5.2900000000000205,True,3.0,2.0,1.0,True,4.0,6.0,2.0,False,12.0,10.0,2.0,False
edit_latent_source_similarity_rerank,mpair_00003217_cond_00_5p,mpair_00003217,eval,5,"MW,QED,TPSA,HBA,RB",Clc1ccc(Nc2nc(N3CCOCC3)nc3ccccc23)cc1,COC(=O)c1ccc2c(Nc3ccc(Cl)cc3)nc(N3CCOCC3)nc2c1,CCC(C)(O)C#Cc1nc(Nc2ccc(Cl)c(Cl)c2)c2ncn(C(C)C)c2n1,c1ccc(Nc2nc(N3CCOCC3)nc3ccccc23)cc1,c1ccc(Nc2ncnc3[nH]cnc23)cc1,False,True,False,,0.1686746987951807,0.18681318681318682,398.85000000000025,418.32800000000015,19.477999999999895,True,,,,,0.6719222545699903,0.5854458050394709,0.08647644953051947,True,76.58,75.86000000000001,0.7199999999999847,True,,,,,7.0,6.0,1.0,True,4.0,4.0,0.0,True
edit_latent_source_similarity_rerank,mpair_00000339_cond_01_6p,mpair_00000339,eval,6,"MW,LogP,QED,TPSA,HBD,HBA",N[C@@H](C(=O)N[C@@H]1C(=O)N2C(C(=O)O)=C(C(F)(F)F)CC[C@H]12)c1cccc(C(F)(F)F)c1,N[C@@H](C(=O)N[C@@H]1C(=O)N2C(C(=O)O)=C(C(F)(F)F)CC[C@H]12)c1ccc(O)cc1,CC(=O)N[C@@H](CCCCNCc1cccc(OCC(=O)O)c1)C(N)=O,O=C(Cc1ccccc1)N[C@@H]1C(=O)N2C=CCC[C@H]12,c1ccccc1,False,False,False,,0.14130434782608695,0.10989010989010989,399.3250000000001,351.4030000000001,47.922000000000025,False,0.7823999999999993,0.39990000000000064,0.3824999999999987,True,0.5533729404309352,0.4032422922916508,0.1501306481392844,False,132.96,130.75,2.210000000000008,True,4.0,4.0,0.0,True,5.0,5.0,0.0,True,,,,
edit_latent_source_similarity_rerank,mpair_00001127_cond_01_6p,mpair_00001127,eval,6,"LogP,QED,TPSA,HBD,HBA,RB",CN1C(=O)c2ccccc2C1CCN1CCN(c2ccc(Cl)cc2)CC1,COc1ccc(N2CCN(CCC3NC(=O)c4ccccc43)CC2)cc1,CCOC(=O)c1cc2c(cn1)C(=O)c1ccccc1-2,O=C1NC(CCN2CCN(c3ccccc3)CC2)c2ccccc21,O=C1c2ccccc2-c2ccncc21,False,False,False,,0.16176470588235295,0.17142857142857143,,,,,2.692000000000001,2.4697000000000005,0.2223000000000006,True,0.8996022198661571,0.6582041687572927,0.24139805110886436,False,44.81,56.26,11.449999999999996,True,1.0,0.0,1.0,True,4.0,4.0,0.0,True,5.0,2.0,3.0,False
edit_latent_source_similarity_rerank,mpair_00002579_cond_01_6p,mpair_00002579,eval,6,"MW,LogP,QED,HBD,HBA,RB",COc1cc(C(=O)N2CCN(C(=O)c3cc(OC)c(OC)c(OC)c3)CC2)cc(OC)c1OC,COc1cc(C(=O)N2CCN(C(=O)c3cc(OC)c(OC)c(OC)c3)C(COC(=O)NCCC(C)C)C2)cc(OC)c1OC,CCCCCCNC(=O)CN1CC(=O)N[C@@H](Cc2ccc(-c3cc(OC)c(OC)c(OC)c3)cc2)C1=O,O=C(c1ccccc1)N1CCN(C(=O)c2ccccc2)CC1,O=C1CNC(=O)[C@H](Cc2ccc(-c3ccccc3)cc2)N1,False,False,False,,0.2571428571428571,0.25274725274725274,617.6960000000003,511.6190000000003,106.07699999999994,False,3.4773000000000023,2.945400000000002,0.5319000000000003,True,0.3561059094946873,0.4007680349378696,0.04466212544318232,True,,,,,1.0,2.0,1.0,True,10.0,6.0,4.0,False,13.0,13.0,0.0,True
edit_latent_source_similarity_rerank,mpair_00002586_cond_00_6p,mpair_00002586,eval,6,"MW,LogP,QED,HBD,HBA,RB",COc1cc(C(=O)N2CCN(C(=O)c3cc(OC)c(OC)c(OC)c3)C(COC(=O)CC(C)(C)C)C2)cc(OC)c1OC,COc1cc(C(=O)N2CCN(C(=O)c3cc(OC)c(OC)c(OC)c3)C(CO)C2)cc(OC)c1OC,COc1ccccc1CNC(=O)c1nn(CCN2CCOCC2)c2c(OC)cccc12,O=C(c1ccccc1)N1CCN(C(=O)c2ccccc2)CC1,O=C(NCc1ccccc1)c1nn(CCN2CCOCC2)c2ccccc12,False,False,False,,0.17045454545454544,0.189873417721519,504.53600000000034,424.50100000000026,80.03500000000008,False,1.6973000000000003,2.3157000000000005,0.6184000000000003,True,0.544633228323374,0.5980628275254911,0.053429599202117095,True,,,,,1.0,1.0,0.0,True,9.0,7.0,2.0,False,9.0,8.0,1.0,True
edit_latent_source_similarity_rerank,mpair_00002613_cond_01_6p,mpair_00002613,eval,6,"LogP,QED,TPSA,HBD,HBA,RB",COc1ccc(C(=O)Nc2ccncc2Cl)c2cccnc12,COc1ccc(C(=O)Nc2c(Cl)cncc2Cl)c2ccc(C(C)O)nc12,COc1ccc(C(=O)Nc2nc(-c3ccccn3)cc3ccccc23)cc1,O=C(Nc1ccncc1)c1cccc2ncccc12,O=C(Nc1nc(-c2ccccn2)cc2ccccc12)c1ccccc1,False,False,False,,0.28169014084507044,0.2077922077922078,,,,,4.2508000000000035,4.557700000000003,0.30689999999999973,True,0.6936033323496321,0.5828673996009817,0.11073593274865046,False,84.34,64.11,20.230000000000004,False,2.0,1.0,1.0,True,5.0,4.0,1.0,True,4.0,4.0,0.0,True
edit_latent_source_similarity_rerank,mpair_00003218_cond_02_6p,mpair_00003218,eval,6,"MW,LogP,QED,TPSA,HBA,RB",COC(=O)c1cccc(C(=O)NO)c1N(Cc1cccnc1)S(=O)(=O)c1ccc(OC)cc1,COc1ccc(S(=O)(=O)N(Cc2cccnc2)c2c(C)cccc2C(=O)NO)cc1,O=C(CCCOc1ccc2[nH]c3nc(O)nc-3cc2c1)N1CCN(c2ccccc2)CC1,O=S(=O)(c1ccccc1)N(Cc1cccnc1)c1ccccc1,O=C(CCCOc1ccc2[nH]c3ncnc-3cc2c1)N1CCN(c2ccccc2)CC1,False,True,False,,0.1326530612244898,0.1326530612244898,427.48200000000014,431.49600000000027,4.014000000000124,True,2.91312,3.2761000000000022,0.3629800000000021,True,0.44330794633881315,0.4552082311594136,0.01190028482060046,True,108.83000000000001,94.58,14.250000000000014,True,,,,,6.0,6.0,0.0,True,7.0,6.0,1.0,True
edit_latent_source_similarity_rerank,mpair_00002522_cond_01_7p,mpair_00002522,eval,7,"MW,LogP,QED,TPSA,HBD,HBA,RB",CSc1cc(-c2ccc(Cl)cc2)oc(=O)c1,CSc1cc(-c2ccc(Cl)cc2)oc(=O)c1C(N)=O,COC1=CC(=O)c2c(c(CO)c(C3CCCCC3)n2C)C1=O,O=c1cccc(-c2ccccc2)o1,O=C1C=CC(=O)c2[nH]c(C3CCCCC3)cc21,False,True,False,,0.07352941176470588,0.08108108108108109,295.747,303.358,7.61099999999999,True,2.7810000000000006,2.474400000000001,0.30659999999999954,True,0.8837306867126842,0.9311198872515016,0.047389200538817455,True,73.30000000000001,68.53,4.77000000000001,True,1.0,1.0,0.0,True,4.0,5.0,1.0,True,3.0,3.0,0.0,True
edit_latent_source_similarity_rerank,mpair_00002553_cond_02_7p,mpair_00002553,eval,7,"MW,LogP,QED,TPSA,HBD,HBA,RB",CSc1cc(-c2ccc(Cl)cc2)oc(=O)c1C(N)=O,CSc1cc(-c2ccc(Cl)cc2)oc(=O)c1Br,CN(C(=O)c1ccccc1)c1nc(-c2cccc(Br)c2)cs1,O=c1cccc(-c2ccccc2)o1,O=C(Nc1nc(-c2ccccc2)cs1)c1ccccc1,False,False,False,,0.12857142857142856,0.13636363636363635,331.61799999999994,373.275,41.65700000000004,False,4.444600000000001,4.849200000000002,0.4046000000000012,True,0.7618841288913729,0.6577110845232806,0.10417304436809227,False,30.21,33.2,2.990000000000002,True,0.0,0.0,0.0,True,3.0,3.0,0.0,True,2.0,3.0,1.0,True
edit_latent_scaffold_source_rerank,mpair_00000002_cond_02_2p,mpair_00000002,eval,2,"LogP,QED",O=C(c1cccc(Cl)c1)N1C[C@H](CN2CCC(c3ccccc3)CC2)[C@@H](c2ccccc2)C1,O=C(c1ccccc1F)N1C[C@H](CN2CCC(c3ccccc3)CC2)[C@@H](c2ccccc2)C1,O=C(c1cccc(Cl)c1)N1C[C@H](CN2CCC(c3ccccc3)CC2)[C@@H](c2ccccc2)C1,O=C(c1ccccc1)N1C[C@H](CN2CCC(c3ccccc3)CC2)[C@@H](c2ccccc2)C1,O=C(c1ccccc1)N1C[C@H](CN2CCC(c3ccccc3)CC2)[C@@H](c2ccccc2)C1,True,True,True,source_identity,1.0,0.6379310344827587,,,,,5.561100000000006,6.075400000000006,0.5143000000000004,True,0.5164092889512721,0.4625029539066648,0.053906335044607345,True,,,,,,,,,,,,,,,,
edit_latent_scaffold_source_rerank,mpair_00000005_cond_01_2p,mpair_00000005,eval,2,"HBA,RB",O=C(c1ccccc1F)N1C[C@H](CN2CCC(c3ccccc3)CC2)[C@@H](c2ccccc2)C1,COc1cccc(C(=O)N2C[C@H](CN3CCC(c4ccccc4)CC3)[C@@H](c3ccccc3)C2)c1,O=C(c1ccccc1F)N1C[C@H](CN2CCC(c3ccccc3)CC2)[C@@H](c2ccccc2)C1,O=C(c1ccccc1)N1C[C@H](CN2CCC(c3ccccc3)CC2)[C@@H](c2ccccc2)C1,O=C(c1ccccc1)N1C[C@H](CN2CCC(c3ccccc3)CC2)[C@@H](c2ccccc2)C1,True,True,True,source_identity,1.0,0.6065573770491803,,,,,,,,,,,,,,,,,,,,,3.0,2.0,1.0,True,6.0,5.0,1.0,True
edit_latent_scaffold_source_rerank,mpair_00000007_cond_02_2p,mpair_00000007,eval,2,"LogP,QED",O=C(c1ccccc1F)N1C[C@H](CN2CCC(c3ccccc3)CC2)[C@@H](c2ccccc2)C1,O=C(c1cccc(Cl)c1)N1C[C@H](CN2CCC(c3ccccc3)CC2)[C@@H](c2ccccc2)C1,O=C(c1ccccc1F)N1C[C@H](CN2CCC(c3ccccc3)CC2)[C@@H](c2ccccc2)C1,O=C(c1ccccc1)N1C[C@H](CN2CCC(c3ccccc3)CC2)[C@@H](c2ccccc2)C1,O=C(c1ccccc1)N1C[C@H](CN2CCC(c3ccccc3)CC2)[C@@H](c2ccccc2)C1,True,True,True,source_identity,1.0,0.6379310344827587,,,,,6.075400000000006,5.561100000000006,0.5143000000000004,True,0.4625029539066648,0.5164092889512721,0.053906335044607345,True,,,,,,,,,,,,,,,,
edit_latent_scaffold_source_rerank,mpair_00000011_cond_01_2p,mpair_00000011,eval,2,"HBA,RB",COc1cccc(C(=O)N2C[C@H](CN3CCC(c4ccccc4)CC3)[C@@H](c3ccccc3)C2)c1,O=C(c1ccccc1F)N1C[C@H](CN2CCC(c3ccccc3)CC2)[C@@H](c2ccccc2)C1,COc1cccc(C(=O)N2C[C@H](CN3CCC(c4ccccc4)CC3)[C@@H](c3ccccc3)C2)c1,O=C(c1ccccc1)N1C[C@H](CN2CCC(c3ccccc3)CC2)[C@@H](c2ccccc2)C1,O=C(c1ccccc1)N1C[C@H](CN2CCC(c3ccccc3)CC2)[C@@H](c2ccccc2)C1,True,True,True,source_identity,1.0,0.6065573770491803,,,,,,,,,,,,,,,,,,,,,2.0,3.0,1.0,True,5.0,6.0,1.0,True
edit_latent_scaffold_source_rerank,mpair_00000015_cond_00_2p,mpair_00000015,eval,2,"LogP,TPSA",O=C(O)CC[C@H]1CC[C@H]2CN[C@H](C(=O)O)C[C@H]2C1,O=C(O)[C@@H]1C[C@H]2C[C@@H](CCS(=O)(=O)O)CC[C@H]2CN1,O=C(O)CC[C@H]1CC[C@H]2CN[C@H](C(=O)O)C[C@H]2C1,C1CC[C@H]2CNCC[C@H]2C1,C1CC[C@H]2CNCC[C@H]2C1,True,True,True,source_identity,1.0,0.6829268292682927,,,,,0.7433000000000001,1.3301999999999996,0.5868999999999995,True,,,,,103.7,86.63000000000001,17.069999999999993,True,,,,,,,,,,,,
edit_latent_scaffold_source_rerank,mpair_00000323_cond_01_2p,mpair_00000323,eval,2,"TPSA,HBA",N[C@@H](C(=O)N[C@@H]1C(=O)N2C(C(=O)O)=C(C(F)(F)F)CC[C@H]12)c1ccc(F)cc1,N[C@@H](C(=O)N[C@@H]1C(=O)N2C(C(=O)O)=C(C(F)(F)F)CC[C@H]12)c1ccc(O)cc1,N[C@@H](C(=O)N[C@@H]1C(=O)N2C(C(=O)O)=C(C(F)(F)F)CC[C@H]12)c1ccc(F)cc1,O=C(Cc1ccccc1)N[C@@H]1C(=O)N2C=CCC[C@H]12,O=C(Cc1ccccc1)N[C@@H]1C(=O)N2C=CCC[C@H]12,True,False,False,source_identity,1.0,0.8545454545454545,,,,,,,,,,,,,132.96,112.73,20.230000000000004,False,,,,,5.0,4.0,1.0,True,,,,
edit_latent_scaffold_source_rerank,mpair_00000330_cond_00_2p,mpair_00000330,eval,2,"QED,HBD",N[C@@H](C(=O)N[C@@H]1C(=O)N2C(C(=O)O)=C(C(F)(F)F)CC[C@H]12)c1ccc(O)cc1,N[C@@H](C(=O)N[C@@H]1C(=O)N2C(C(=O)O)=C(C(F)(F)F)CC[C@H]12)c1cccc(C(F)(F)F)c1,N[C@@H](C(=O)N[C@@H]1C(=O)N2C(C(=O)O)=C(C(F)(F)F)CC[C@H]12)c1ccc(O)cc1,O=C(Cc1ccccc1)N[C@@H]1C(=O)N2C=CCC[C@H]12,O=C(Cc1ccccc1)N[C@@H]1C(=O)N2C=CCC[C@H]12,True,True,True,source_identity,1.0,0.7377049180327869,,,,,,,,,0.4795891963980345,0.5533729404309352,0.07378374403290072,True,,,,,3.0,4.0,1.0,True,,,,,,,,
edit_latent_scaffold_source_rerank,mpair_00000337_cond_01_2p,mpair_00000337,eval,2,"MW,LogP",N[C@@H](C(=O)N[C@@H]1C(=O)N2C(C(=O)O)=C(C(F)(F)F)CC[C@H]12)c1cccc(C(F)(F)F)c1,N[C@@H](C(=O)N[C@@H]1C(=O)N2C(C(=O)O)=C(C(F)(F)F)CC[C@H]12)c1ccc(F)cc1,N[C@@H](C(=O)N[C@@H]1C(=O)N2C(C(=O)O)=C(C(F)(F)F)CC[C@H]12)c1cccc(C(F)(F)F)c1,O=C(Cc1ccccc1)N[C@@H]1C(=O)N2C=CCC[C@H]12,O=C(Cc1ccccc1)N[C@@H]1C(=O)N2C=CCC[C@H]12,True,False,False,source_identity,1.0,0.7377049180327869,401.3160000000001,451.3230000000001,50.007000000000005,False,1.2158999999999993,2.0955999999999997,0.8797000000000004,True,,,,,,,,,,,,,,,,,,,,
edit_latent_scaffold_source_rerank,mpair_00000586_cond_00_2p,mpair_00000586,eval,2,"LogP,HBD",OC[C@@H]1N[C@@H](CCCCc2cc(F)cc(F)c2)[C@H](O)[C@H]1O,OC[C@@H]1N[C@@H](CCCCc2ccc(O)cc2)[C@H](O)[C@H]1O,OC[C@@H]1N[C@@H](CCCCc2cc(F)cc(F)c2)[C@H](O)[C@H]1O,c1ccc(CCCC[C@H]2CCCN2)cc1,c1ccc(CCCC[C@H]2CCCN2)cc1,True,True,True,source_identity,1.0,0.625,,,,,0.15949999999999964,0.7320999999999995,0.5725999999999999,True,,,,,,,,,5.0,4.0,1.0,True,,,,,,,,
edit_latent_scaffold_source_rerank,mpair_00000589_cond_01_2p,mpair_00000589,eval,2,"HBA,RB",COc1ccc(CCCC[C@@H]2N[C@@H](CO)[C@H](O)[C@H]2O)cc1,OC[C@@H]1N[C@@H](CCCCc2ccc(F)cc2)[C@H](O)[C@H]1O,COc1ccc(CCCC[C@@H]2N[C@@H](CO)[C@H](O)[C@H]2O)cc1,c1ccc(CCCC[C@H]2CCCN2)cc1,c1ccc(CCCC[C@H]2CCCN2)cc1,True,True,True,source_identity,1.0,0.6829268292682927,,,,,,,,,,,,,,,,,,,,,4.0,5.0,1.0,True,6.0,7.0,1.0,True
edit_latent_scaffold_source_rerank,mpair_00000591_cond_00_2p,mpair_00000591,eval,2,"HBD,HBA",OC[C@@H]1N[C@@H](CCCCc2ccc(F)cc2)[C@H](O)[C@H]1O,OC[C@@H]1N[C@@H](CCCCc2ccc(O)cc2)[C@H](O)[C@H]1O,OC[C@@H]1N[C@@H](CCCCc2ccc(F)cc2)[C@H](O)[C@H]1O,c1ccc(CCCC[C@H]2CCCN2)cc1,c1ccc(CCCC[C@H]2CCCN2)cc1,True,True,True,source_identity,1.0,0.7567567567567568,,,,,,,,,,,,,,,,,5.0,4.0,1.0,True,5.0,4.0,1.0,True,,,,
edit_latent_scaffold_source_rerank,mpair_00000593_cond_00_2p,mpair_00000593,eval,2,"HBA,RB",OC[C@@H]1N[C@@H](CCCCc2cc(F)cc(F)c2)[C@H](O)[C@H]1O,COc1ccc(CCCC[C@@H]2N[C@@H](CO)[C@H](O)[C@H]2O)cc1,OC[C@@H]1N[C@@H](CCCCc2cc(F)cc(F)c2)[C@H](O)[C@H]1O,c1ccc(CCCC[C@H]2CCCN2)cc1,c1ccc(CCCC[C@H]2CCCN2)cc1,True,True,True,source_identity,1.0,0.5681818181818182,,,,,,,,,,,,,,,,,,,,,5.0,4.0,1.0,True,7.0,6.0,1.0,True
edit_latent_scaffold_source_rerank,mpair_00000594_cond_02_2p,mpair_00000594,eval,2,"HBA,RB",COc1ccc(CCCC[C@@H]2N[C@@H](CO)[C@H](O)[C@H]2O)cc1,OC[C@@H]1N[C@@H](CCCCc2cc(F)cc(F)c2)[C@H](O)[C@H]1O,COc1ccc(CCCC[C@@H]2N[C@@H](CO)[C@H](O)[C@H]2O)cc1,c1ccc(CCCC[C@H]2CCCN2)cc1,c1ccc(CCCC[C@H]2CCCN2)cc1,True,True,True,source_identity,1.0,0.5681818181818182,,,,,,,,,,,,,,,,,,,,,4.0,5.0,1.0,True,6.0,7.0,1.0,True
edit_latent_scaffold_source_rerank,mpair_00000597_cond_00_2p,mpair_00000597,eval,2,"QED,HBA",OC[C@@H]1N[C@@H](CCCCc2ccc(O)cc2)[C@H](O)[C@H]1O,OC[C@@H]1N[C@@H](CCCCc2ccc(F)cc2)[C@H](O)[C@H]1O,OC[C@@H]1N[C@@H](CCCCc2ccc(O)cc2)[C@H](O)[C@H]1O,c1ccc(CCCC[C@H]2CCCN2)cc1,c1ccc(CCCC[C@H]2CCCN2)cc1,True,True,True,source_identity,1.0,0.7567567567567568,,,,,,,,,0.5767746304019578,0.47902706341404183,0.09774756698791592,True,,,,,,,,,4.0,5.0,1.0,True,,,,
edit_latent_scaffold_source_rerank,mpair_00000725_cond_00_2p,mpair_00000725,eval,2,"LogP,RB",C=CCc1cc(/C=C2\SC(=O)NC2=O)c(OC)cc1OC1CCCCO1,C=CCc1cc(/C=C2\SC(=O)N(CC=C(C)C)C2=O)c(OC)cc1OC1CCCCO1,C=CCc1cc(/C=C2\SC(=O)NC2=O)c(OC)cc1OC1CCCCO1,O=C1NC(=O)/C(=C/c2ccc(OC3CCCCO3)cc2)S1,O=C1NC(=O)/C(=C/c2ccc(OC3CCCCO3)cc2)S1,True,False,False,source_identity,1.0,0.647887323943662,,,,,5.331600000000005,3.6530000000000022,1.678600000000003,False,,,,,,,,,,,,,,,,,8.0,6.0,2.0,False
edit_latent_scaffold_source_rerank,mpair_00000729_cond_01_2p,mpair_00000729,eval,2,"LogP,QED",C=CCc1cc(/C=C2\SC(=O)N(CC=C(C)C)C2=O)c(OC)cc1OC1CCCCO1,C=CCc1cc(/C=C2\SC(=O)N(CC=C)C2=O)c(OC)cc1OC1CCCCO1,C=CCc1cc(/C=C2\SC(=O)N(CC=C(C)C)C2=O)c(OC)cc1OC1CCCCO1,O=C1NC(=O)/C(=C/c2ccc(OC3CCCCO3)cc2)S1,O=C1NC(=O)/C(=C/c2ccc(OC3CCCCO3)cc2)S1,True,True,True,source_identity,1.0,0.8615384615384616,,,,,4.551400000000004,5.331600000000005,0.7802000000000016,True,0.45838471716690443,0.3995752918375223,0.05880942532938216,True,,,,,,,,,,,,,,,,
edit_latent_scaffold_source_rerank,mpair_00000731_cond_02_2p,mpair_00000731,eval,2,"LogP,RB",C=CCc1cc(/C=C2\SC(=O)N(C(C)C)C2=O)c(OC)cc1OC1CCCCO1,C=CCc1cc(/C=C2\SC(=O)N(CC=C(C)C)C2=O)c(OC)cc1OC1CCCCO1,C=CCc1cc(/C=C2\SC(=O)N(C(C)C)C2=O)c(OC)cc1OC1CCCCO1,O=C1NC(=O)/C(=C/c2ccc(OC3CCCCO3)cc2)S1,O=C1NC(=O)/C(=C/c2ccc(OC3CCCCO3)cc2)S1,True,True,True,source_identity,1.0,0.7183098591549296,,,,,5.331600000000005,4.773800000000004,0.5578000000000012,True,,,,,,,,,,,,,,,,,8.0,7.0,1.0,True
edit_latent_scaffold_source_rerank,mpair_00000734_cond_02_2p,mpair_00000734,eval,2,"MW,QED",C=CCc1cc(/C=C2\SC(=O)N(CCCC)C2=O)c(OC)cc1OC1CCCCO1,C=CCc1cc(/C=C2\SC(=O)N(C)C2=O)c(OC)cc1OC1CCCCO1,C=CCc1cc(/C=C2\SC(=O)N(CCCC)C2=O)c(OC)cc1OC1CCCCO1,O=C1NC(=O)/C(=C/c2ccc(OC3CCCCO3)cc2)S1,O=C1NC(=O)/C(=C/c2ccc(OC3CCCCO3)cc2)S1,True,False,False,source_identity,1.0,0.7878787878787878,389.4730000000002,431.55400000000026,42.081000000000074,False,,,,,0.5413211960634129,0.39718598618589046,0.14413520987752243,False,,,,,,,,,,,,,,,,
edit_latent_scaffold_source_rerank,mpair_00000737_cond_00_2p,mpair_00000737,eval,2,"QED,HBD",C=CCc1cc(/C=C2\SC(=O)NC2=O)c(OC)cc1OC1CCCCO1,C=CCc1cc(/C=C2\SC(=O)N(C)C2=O)c(OC)cc1OC1CCCCO1,C=CCc1cc(/C=C2\SC(=O)NC2=O)c(OC)cc1OC1CCCCO1,O=C1NC(=O)/C(=C/c2ccc(OC3CCCCO3)cc2)S1,O=C1NC(=O)/C(=C/c2ccc(OC3CCCCO3)cc2)S1,True,True,True,source_identity,1.0,0.71875,,,,,,,,,0.5413211960634129,0.6042673504148035,0.06294615435139062,True,,,,,0.0,1.0,1.0,True,,,,,,,,
edit_latent_scaffold_source_rerank,mpair_00000738_cond_02_2p,mpair_00000738,eval,2,"LogP,QED",C=CCc1cc(/C=C2\SC(=O)N(C(C)C)C2=O)c(OC)cc1OC1CCCCO1,C=CCc1cc(/C=C2\SC(=O)N(C)C2=O)c(OC)cc1OC1CCCCO1,C=CCc1cc(/C=C2\SC(=O)N(C(C)C)C2=O)c(OC)cc1OC1CCCCO1,O=C1NC(=O)/C(=C/c2ccc(OC3CCCCO3)cc2)S1,O=C1NC(=O)/C(=C/c2ccc(OC3CCCCO3)cc2)S1,True,True,True,source_identity,1.0,0.796875,,,,,3.9952000000000023,4.773800000000004,0.7786000000000017,True,0.5413211960634129,0.4701504427149941,0.07117075334841877,True,,,,,,,,,,,,,,,,
edit_latent_scaffold_source_rerank,mpair_00000743_cond_01_2p,mpair_00000743,eval,2,"LogP,RB",C=CCc1cc(/C=C2\SC(=O)N(CC=C)C2=O)c(OC)cc1OC1CCCCO1,C=CCc1cc(/C=C2\SC(=O)N(C)C2=O)c(OC)cc1OC1CCCCO1,C=CCc1cc(/C=C2\SC(=O)N(CC=C)C2=O)c(OC)cc1OC1CCCCO1,O=C1NC(=O)/C(=C/c2ccc(OC3CCCCO3)cc2)S1,O=C1NC(=O)/C(=C/c2ccc(OC3CCCCO3)cc2)S1,True,False,False,source_identity,1.0,0.8095238095238095,,,,,3.9952000000000023,4.551400000000004,0.5562000000000014,True,,,,,,,,,,,,,,,,,6.0,8.0,2.0,False
edit_latent_scaffold_source_rerank,mpair_00000745_cond_01_2p,mpair_00000745,eval,2,"QED,HBD",C=CCc1cc(/C=C2\SC(=O)N(C)C2=O)c(OC)cc1OC1CCCCO1,C=CCc1cc(/C=C2\SC(=O)NC2=O)c(OC)cc1OC1CCCCO1,C=CCc1cc(/C=C2\SC(=O)N(C)C2=O)c(OC)cc1OC1CCCCO1,O=C1NC(=O)/C(=C/c2ccc(OC3CCCCO3)cc2)S1,O=C1NC(=O)/C(=C/c2ccc(OC3CCCCO3)cc2)S1,True,True,True,source_identity,1.0,0.71875,,,,,,,,,0.6042673504148035,0.5413211960634129,0.06294615435139062,True,,,,,1.0,0.0,1.0,True,,,,,,,,
edit_latent_scaffold_source_rerank,mpair_00000751_cond_00_2p,mpair_00000751,eval,2,"LogP,RB",O=C1CCC[C@H]2OC[C@@H](Cc3c[nH]c4ccccc34)N12,CC[C@H]1CCC(=O)N2[C@H](Cc3c[nH]c4ccccc34)CO[C@H]12,O=C1CCC[C@H]2OC[C@@H](Cc3c[nH]c4ccccc34)N12,O=C1CCC[C@H]2OC[C@@H](Cc3c[nH]c4ccccc34)N12,O=C1CCC[C@H]2OC[C@@H](Cc3c[nH]c4ccccc34)N12,True,True,True,source_identity,1.0,0.6607142857142857,,,,,3.0839000000000016,2.447800000000001,0.6361000000000008,True,,,,,,,,,,,,,,,,,3.0,2.0,1.0,True
edit_latent_scaffold_source_rerank,mpair_00000752_cond_02_2p,mpair_00000752,eval,2,"QED,TPSA",CC[C@H]1CCC(=O)N2[C@H](Cc3c[nH]c4ccccc34)CO[C@H]12,COC(=O)C[C@@H]1CC(=O)N2[C@H](Cc3c[nH]c4ccccc34)CO[C@@H]2C1,CC[C@H]1CCC(=O)N2[C@H](Cc3c[nH]c4ccccc34)CO[C@H]12,O=C1CCC[C@H]2OC[C@@H](Cc3c[nH]c4ccccc34)N12,O=C1CCC[C@H]2OC[C@@H](Cc3c[nH]c4ccccc34)N12,True,False,False,source_identity,1.0,0.5072463768115942,,,,,,,,,0.8651865286551231,0.9461815070706311,0.08099497841550796,True,71.63000000000001,45.33,26.30000000000001,False,,,,,,,,,,,,
edit_latent_scaffold_source_rerank,mpair_00000756_cond_00_2p,mpair_00000756,eval,2,"LogP,QED",Clc1cccc(-c2cncc(O[C@@H]3CCNC3)c2)c1,Clc1cccc(-c2cc(O[C@@H]3CCNC3)cnc2Cl)c1,Clc1cccc(-c2cncc(O[C@@H]3CCNC3)c2)c1,c1ccc(-c2cncc(O[C@@H]3CCNC3)c2)cc1,c1ccc(-c2cncc(O[C@@H]3CCNC3)c2)cc1,True,True,True,source_identity,1.0,0.68,,,,,3.796100000000002,3.1427000000000014,0.6534000000000004,True,0.8758671086324237,0.9336391660075258,0.05777205737510216,True,,,,,,,,,,,,,,,,
edit_latent_scaffold_source_rerank,mpair_00000758_cond_00_2p,mpair_00000758,eval,2,"HBA,RB",Clc1cccc(-c2cncc(O[C@@H]3CCNC3)c2)c1,COc1cccc(-c2cncc(O[C@@H]3CCNC3)c2)c1,Clc1cccc(-c2cncc(O[C@@H]3CCNC3)c2)c1,c1ccc(-c2cncc(O[C@@H]3CCNC3)c2)cc1,c1ccc(-c2cncc(O[C@@H]3CCNC3)c2)cc1,True,True,True,source_identity,1.0,0.7446808510638298,,,,,,,,,,,,,,,,,,,,,4.0,3.0,1.0,True,4.0,3.0,1.0,True
edit_latent_scaffold_source_rerank,mpair_00000760_cond_00_2p,mpair_00000760,eval,2,"MW,LogP",Clc1cccc(-c2cc(O[C@@H]3CCNC3)cnc2Cl)c1,c1ccc(-c2cncc(O[C@@H]3CCNC3)c2)cc1,Clc1cccc(-c2cc(O[C@@H]3CCNC3)cnc2Cl)c1,c1ccc(-c2cncc(O[C@@H]3CCNC3)c2)cc1,c1ccc(-c2cncc(O[C@@H]3CCNC3)c2)cc1,True,False,False,source_identity,1.0,0.5192307692307693,240.30599999999998,309.196,68.89000000000004,False,2.4893,3.796100000000002,1.3068000000000017,False,,,,,,,,,,,,,,,,,,,,
edit_latent_scaffold_source_rerank,mpair_00000761_cond_02_2p,mpair_00000761,eval,2,"HBA,RB",c1ccc(-c2cncc(O[C@@H]3CCNC3)c2)cc1,COc1cccc(-c2cncc(O[C@@H]3CCNC3)c2)c1,c1ccc(-c2cncc(O[C@@H]3CCNC3)c2)cc1,c1ccc(-c2cncc(O[C@@H]3CCNC3)c2)cc1,c1ccc(-c2cncc(O[C@@H]3CCNC3)c2)cc1,True,True,True,source_identity,1.0,0.75,,,,,,,,,,,,,,,,,,,,,4.0,3.0,1.0,True,4.0,3.0,1.0,True
edit_latent_scaffold_source_rerank,mpair_00000764_cond_01_2p,mpair_00000764,eval,2,"LogP,QED",Clc1cccc(-c2cc(O[C@@H]3CCNC3)cnc2Cl)c1,Clc1cccc(-c2cncc(O[C@@H]3CCNC3)c2)c1,Clc1cccc(-c2cc(O[C@@H]3CCNC3)cnc2Cl)c1,c1ccc(-c2cncc(O[C@@H]3CCNC3)c2)cc1,c1ccc(-c2cncc(O[C@@H]3CCNC3)c2)cc1,True,True,True,source_identity,1.0,0.68,,,,,3.1427000000000014,3.796100000000002,0.6534000000000004,True,0.9336391660075258,0.8758671086324237,0.05777205737510216,True,,,,,,,,,,,,,,,,
edit_latent_scaffold_source_rerank,mpair_00001114_cond_02_2p,mpair_00001114,eval,2,"QED,HBD",COc1ccc(N2CCN(CCC3NC(=O)c4ccccc43)CC2)cc1,COc1ccc(N2CCN(CCC3c4ccccc4C(=O)N3C)CC2)cc1,COc1ccc(N2CCN(CCC3NC(=O)c4ccccc43)CC2)cc1,O=C1NC(CCN2CCN(c3ccccc3)CC2)c2ccccc21,O=C1NC(CCN2CCN(c3ccccc3)CC2)c2ccccc21,True,True,True,source_identity,1.0,0.6545454545454545,,,,,,,,,0.8160326048332845,0.8996022198661571,0.08356961503287252,True,,,,,0.0,1.0,1.0,True,,,,,,,,
edit_latent_scaffold_source_rerank,mpair_00001118_cond_02_2p,mpair_00001118,eval,2,"HBD,RB",Cc1ccc(N2CCN(CCC3NC(=O)c4ccccc43)CC2)cc1C,COc1ccc(N2CCN(CCC3c4ccccc4C(=O)N3C)CC2)cc1,Cc1ccc(N2CCN(CCC3NC(=O)c4ccccc43)CC2)cc1C,O=C1NC(CCN2CCN(c3ccccc3)CC2)c2ccccc21,O=C1NC(CCN2CCN(c3ccccc3)CC2)c2ccccc21,True,True,True,source_identity,1.0,0.4444444444444444,,,,,,,,,,,,,,,,,0.0,1.0,1.0,True,,,,,5.0,4.0,1.0,True
edit_latent_scaffold_source_rerank,mpair_00001120_cond_01_2p,mpair_00001120,eval,2,"QED,HBD",CN1C(=O)c2ccccc2C1CCN1CCN(c2ccc(Cl)cc2)CC1,Cc1ccc(N2CCN(CCC3NC(=O)c4ccccc43)CC2)cc1C,CN1C(=O)c2ccccc2C1CCN1CCN(c2ccc(Cl)cc2)CC1,O=C1NC(CCN2CCN(c3ccccc3)CC2)c2ccccc21,O=C1NC(CCN2CCN(c3ccccc3)CC2)c2ccccc21,True,True,True,source_identity,1.0,0.45901639344262296,,,,,,,,,0.9198864151307602,0.8221231339252668,0.09776328120549338,True,,,,,1.0,0.0,1.0,True,,,,,,,,
edit_latent_scaffold_source_rerank,mpair_00001122_cond_00_2p,mpair_00001122,eval,2,"QED,HBD",COc1ccc(N2CCN(CCC3c4ccccc4C(=O)N3C)CC2)cc1,COc1ccc(N2CCN(CCC3NC(=O)c4ccccc43)CC2)cc1,COc1ccc(N2CCN(CCC3c4ccccc4C(=O)N3C)CC2)cc1,O=C1NC(CCN2CCN(c3ccccc3)CC2)c2ccccc21,O=C1NC(CCN2CCN(c3ccccc3)CC2)c2ccccc21,True,True,True,source_identity,1.0,0.6545454545454545,,,,,,,,,0.8996022198661571,0.8160326048332845,0.08356961503287252,True,,,,,1.0,0.0,1.0,True,,,,,,,,
edit_latent_scaffold_source_rerank,mpair_00001124_cond_02_2p,mpair_00001124,eval,2,"LogP,RB",COc1ccc(N2CCN(CCC3NC(=O)c4ccccc43)CC2)cc1,Cc1ccc(N2CCN(CCC3NC(=O)c4ccccc43)CC2)cc1C,COc1ccc(N2CCN(CCC3NC(=O)c4ccccc43)CC2)cc1,O=C1NC(CCN2CCN(c3ccccc3)CC2)c2ccccc21,O=C1NC(CCN2CCN(c3ccccc3)CC2)c2ccccc21,True,True,True,source_identity,1.0,0.7037037037037037,,,,,3.3002400000000023,2.692000000000001,0.6082400000000012,True,,,,,,,,,,,,,,,,,4.0,5.0,1.0,True
edit_latent_scaffold_source_rerank,mpair_00001128_cond_01_2p,mpair_00001128,eval,2,"LogP,HBA",CN1C(=O)c2ccccc2C1CCN1CCN(c2ccc(Cl)cc2)CC1,COc1ccc(N2CCN(CCC3c4ccccc4C(=O)N3C)CC2)cc1,CN1C(=O)c2ccccc2C1CCN1CCN(c2ccc(Cl)cc2)CC1,O=C1NC(CCN2CCN(c3ccccc3)CC2)c2ccccc21,O=C1NC(CCN2CCN(c3ccccc3)CC2)c2ccccc21,True,True,True,source_identity,1.0,0.76,,,,,3.034200000000002,3.679000000000003,0.6448000000000009,True,,,,,,,,,,,,,4.0,3.0,1.0,True,,,,
edit_latent_scaffold_source_rerank,mpair_00001130_cond_00_2p,mpair_00001130,eval,2,"HBA,RB",COc1ccc(N2CCN(CCC3c4ccccc4C(=O)N3C)CC2)cc1,CN1C(=O)c2ccccc2C1CCN1CCN(c2ccc(Cl)cc2)CC1,COc1ccc(N2CCN(CCC3c4ccccc4C(=O)N3C)CC2)cc1,O=C1NC(CCN2CCN(c3ccccc3)CC2)c2ccccc21,O=C1NC(CCN2CCN(c3ccccc3)CC2)c2ccccc21,True,True,True,source_identity,1.0,0.76,,,,,,,,,,,,,,,,,,,,,3.0,4.0,1.0,True,4.0,5.0,1.0,True
edit_latent_scaffold_source_rerank,mpair_00001134_cond_00_2p,mpair_00001134,eval,2,"MW,LogP",FC(F)(F)c1cccc(N2CCN(c3nc4ccsc4n4cccc34)CC2)c1,Fc1ccc(N2CCN(c3nc4ccsc4n4cccc34)CC2)cc1,Clc1ccc(N2CCN(c3nc4ccsc4n4cccc34)CC2)cc1,c1ccc(N2CCN(c3nc4ccsc4n4cccc34)CC2)cc1,c1ccc(N2CCN(c3nc4ccsc4n4cccc34)CC2)cc1,True,True,True,,0.6363636363636364,0.7872340425531915,352.43800000000016,368.89300000000014,16.454999999999984,True,4.014700000000003,4.5290000000000035,0.5143000000000004,True,,,,,,,,,,,,,,,,,,,,
edit_latent_scaffold_source_rerank,mpair_00001616_cond_01_2p,mpair_00001616,eval,2,"QED,TPSA",CC1CC(C)(C)Nc2ccc3c(c21)COc1c-3cc(F)cc1[N+](=O)[O-],CC1CC(C)(C)Nc2ccc3c(c21)COc1c(F)cc(F)cc1-3,CC1CC(C)(C)Nc2ccc3c(c21)COc1c-3cc(F)cc1[N+](=O)[O-],c1ccc2c(c1)OCc1c-2ccc2c1CCCN2,c1ccc2c(c1)OCc1c-2ccc2c1CCCN2,True,False,False,source_identity,1.0,0.7321428571428571,,,,,,,,,0.719238819171056,0.5855235809891088,0.1337152381819472,False,21.259999999999998,64.39999999999999,43.13999999999999,False,,,,,,,,,,,,
edit_latent_scaffold_source_rerank,mpair_00001633_cond_02_2p,mpair_00001633,eval,2,"MW,QED",C=CCC1(C(C)C#CCC)C(=O)NC(=O)N(C)C1=O,C=C(Br)CC1(C(C)C)C(=O)NC(=O)N(C)C1=O,CCC(C)C1(CC)C(=O)NC(=O)NC1=O,O=C1CC(=O)NC(=O)N1,O=C1CC(=O)NC(=O)N1,True,False,False,,0.2708333333333333,0.27906976744186046,303.15600000000006,212.249,90.90700000000007,False,,,,,0.8059749860896003,0.6791427219817272,0.12683226410787307,False,,,,,,,,,,,,,,,,
edit_latent_scaffold_source_rerank,mpair_00002258_cond_01_2p,mpair_00002258,eval,2,"LogP,QED",Cc1cccc(C)c1NC(=O)c1c(C)n(-c2c(C)cccc2C)c(C)cc1=O,Cc1ccccc1NC(=O)c1c(C)n(-c2ccccc2C)c(C)cc1=O,Cc1c(Br)c(=O)c(C(=O)Nc2ccccc2)c(C)n1-c1ccccc1,O=C(Nc1ccccc1)c1cn(-c2ccccc2)ccc1=O,O=C(Nc1ccccc1)c1cn(-c2ccccc2)ccc1=O,True,True,True,,0.34545454545454546,0.35714285714285715,,,,,4.3234800000000035,4.469140000000003,0.14565999999999946,True,0.7675628277357767,0.709239916031685,0.05832291170409165,True,,,,,,,,,,,,,,,,
edit_latent_scaffold_source_rerank,mpair_00002371_cond_00_2p,mpair_00002371,eval,2,"QED,HBD",Cn1cc(C(=O)c2ccc(-n3ccnc3)cc2)cc1/C=C/C(=O)O,CCOC(=O)/C=C/c1cc(C(=O)c2ccc(-n3ccnc3)cc2)cn1C,Cn1cc(C(=O)c2ccc(-n3ccnc3)cc2)cc1/C=C/C(=O)O,O=C(c1ccc(-n2ccnc2)cc1)c1cc[nH]c1,O=C(c1ccc(-n2ccnc2)cc1)c1cc[nH]c1,True,False,False,source_identity,1.0,0.7454545454545455,,,,,,,,,0.3897342663180413,0.5785260949639057,0.1887918286458644,False,,,,,0.0,1.0,1.0,True,,,,,,,,
edit_latent_scaffold_source_rerank,mpair_00002373_cond_00_2p,mpair_00002373,eval,2,"HBA,RB",CCCCCNC(=O)Nc1c(C)cccc1SCCCn1cnc(-c2ccccc2)c1C,CCCCCNC(=O)Nc1c(SCCCn2cnc(-c3ccccc3)c2C)cccc1N(C)C,CCCCCNC(=O)Nc1c(C)cccc1SCCCn1cnc(-c2ccccc2)c1C,c1ccc(SCCCn2cnc(-c3ccccc3)c2)cc1,c1ccc(SCCCn2cnc(-c3ccccc3)c2)cc1,True,True,True,source_identity,1.0,0.8208955223880597,,,,,,,,,,,,,,,,,,,,,5.0,4.0,1.0,True,12.0,11.0,1.0,True
edit_latent_scaffold_source_rerank,mpair_00002462_cond_01_2p,mpair_00002462,eval,2,"QED,HBA",COc1cc(NC(=O)c2cc(OCCCN(C)C)nn2Cc2ccccc2)cc(OC)c1OC,COc1ccc(NC(=O)c2cc(OCCCN(C)C)nn2Cc2ccccc2)cc1,COc1cc(NC(=O)c2cc(OCCCN(C)C)nn2Cc2ccccc2)cc(OC)c1OC,O=C(Nc1ccccc1)c1ccnn1Cc1ccccc1,O=C(Nc1ccccc1)c1ccnn1Cc1ccccc1,True,False,False,source_identity,1.0,0.7741935483870968,,,,,,,,,0.5200250404910086,0.4069700768443977,0.11305496364661094,False,,,,,,,,,6.0,8.0,2.0,False,,,,
edit_latent_scaffold_source_rerank,mpair_00002466_cond_02_2p,mpair_00002466,eval,2,"HBA,RB",CN(C)CCCOc1cc(C(=O)Nc2ccc(Cl)cc2F)n(Cc2ccccc2)n1,CN(C)CCCOc1cc(C(=O)Nc2ccc(OC(F)(F)F)cc2)n(Cc2ccccc2)n1,CN(C)CCCOc1cc(C(=O)Nc2ccc(Cl)cc2F)n(Cc2ccccc2)n1,O=C(Nc1ccccc1)c1ccnn1Cc1ccccc1,O=C(Nc1ccccc1)c1ccnn1Cc1ccccc1,True,True,True,source_identity,1.0,0.6428571428571429,,,,,,,,,,,,,,,,,,,,,6.0,5.0,1.0,True,10.0,9.0,1.0,True
edit_latent_scaffold_source_rerank,mpair_00002472_cond_00_2p,mpair_00002472,eval,2,"QED,RB",COc1ccc(NC(=O)c2cc(OCCCN(C)C)nn2Cc2ccccc2)cc1,CN(C)CCCOc1cc(C(=O)Nc2cc(F)cc(C(F)(F)F)c2)n(Cc2ccccc2)n1,COc1ccc(NC(=O)c2cc(OCCCN(C)C)nn2Cc2ccccc2)cc1,O=C(Nc1ccccc1)c1ccnn1Cc1ccccc1,O=C(Nc1ccccc1)c1ccnn1Cc1ccccc1,True,False,False,source_identity,1.0,0.6764705882352942,,,,,,,,,0.369385517709234,0.5200250404910086,0.15063952278177462,False,,,,,,,,,,,,,9.0,10.0,1.0,True
edit_latent_scaffold_source_rerank,mpair_00002475_cond_02_2p,mpair_00002475,eval,2,"LogP,TPSA",CN(C)CCCOc1cc(C(=O)Nc2ccc(OC(F)(F)F)cc2)n(Cc2ccccc2)n1,COc1cc(NC(=O)c2cc(OCCCN(C)C)nn2Cc2ccccc2)cc(OC)c1OC,CN(C)CCCOc1cc(C(=O)Nc2ccc(OC(F)(F)F)cc2)n(Cc2ccccc2)n1,O=C(Nc1ccccc1)c1ccnn1Cc1ccccc1,O=C(Nc1ccccc1)c1ccnn1Cc1ccccc1,True,True,True,source_identity,1.0,0.6764705882352942,,,,,3.5400000000000027,4.412800000000003,0.8728000000000007,True,,,,,87.08000000000001,68.62,18.460000000000008,True,,,,,,,,,,,,
edit_latent_scaffold_source_rerank,mpair_00002480_cond_01_2p,mpair_00002480,eval,2,"MW,QED",CN(C)CCCOc1cc(C(=O)Nc2cc(F)cc(C(F)(F)F)c2)n(Cc2ccccc2)n1,CN(C)CCCOc1cc(C(=O)Nc2cccc(Cl)c2)n(Cc2ccccc2)n1,CN(C)CCCOc1cc(C(=O)Nc2cc(F)cc(C(F)(F)F)c2)n(Cc2ccccc2)n1,O=C(Nc1ccccc1)c1ccnn1Cc1ccccc1,O=C(Nc1ccccc1)c1ccnn1Cc1ccccc1,True,False,False,source_identity,1.0,0.6764705882352942,412.9210000000001,464.4630000000001,51.54199999999997,False,,,,,0.5357556879239462,0.369385517709234,0.16637017021471223,False,,,,,,,,,,,,,,,,
edit_latent_scaffold_source_rerank,mpair_00002483_cond_01_2p,mpair_00002483,eval,2,"LogP,HBA",COc1cc(NC(=O)c2cc(OCCCN(C)C)nn2Cc2ccccc2)cc(OC)c1OC,CN(C)CCCOc1cc(C(=O)Nc2ccc(OC(F)(F)F)cc2)n(Cc2ccccc2)n1,COc1cc(NC(=O)c2cc(OCCCN(C)C)nn2Cc2ccccc2)cc(OC)c1OC,O=C(Nc1ccccc1)c1ccnn1Cc1ccccc1,O=C(Nc1ccccc1)c1ccnn1Cc1ccccc1,True,False,False,source_identity,1.0,0.6764705882352942,,,,,4.412800000000003,3.5400000000000027,0.8728000000000007,True,,,,,,,,,,,,,6.0,8.0,2.0,False,,,,
edit_latent_scaffold_source_rerank,mpair_00002487_cond_00_2p,mpair_00002487,eval,2,"QED,HBA",CN(C)CCCOc1cc(C(=O)Nc2ccc(OC(F)(F)F)cc2)n(Cc2ccccc2)n1,CN(C)CCCOc1cc(C(=O)Nc2cc(F)cc(C(F)(F)F)c2)n(Cc2ccccc2)n1,CN(C)CCCOc1cc(C(=O)Nc2ccc(OC(F)(F)F)cc2)n(Cc2ccccc2)n1,O=C(Nc1ccccc1)c1ccnn1Cc1ccccc1,O=C(Nc1ccccc1)c1ccnn1Cc1ccccc1,True,True,True,source_identity,1.0,0.7101449275362319,,,,,,,,,0.369385517709234,0.4522382232340766,0.08285270552484258,True,,,,,,,,,5.0,6.0,1.0,True,,,,
edit_latent_scaffold_source_rerank,mpair_00002490_cond_02_2p,mpair_00002490,eval,2,"LogP,HBA",CCOC(=O)c1cc(C(C)O)cn1S(=O)(=O)c1cc(Cl)ccc1N,C=Cc1cc(C(=O)OCC)n(S(=O)(=O)c2cc(Cl)ccc2N)c1,N/C(S)=N/N=C/c1cccn1S(=O)(=O)c1ccccc1,O=S(=O)(c1ccccc1)n1cccc1,O=S(=O)(c1ccccc1)n1cccc1,True,False,False,,0.14473684210526316,0.16,,,,,2.7804,1.3035,1.4769,False,,,,,,,,,,,,,6.0,5.0,1.0,True,,,,
edit_latent_scaffold_source_rerank,mpair_00002494_cond_02_2p,mpair_00002494,eval,2,"MW,LogP",O=C1C(Nc2ccccc2)=C(Cl)C(=O)c2ncncc21,O=C1C(Nc2cccc(Br)c2)=C(Cl)C(=O)c2ncncc21,O=C1C(Nc2cccc(Cl)c2)=C(Cl)C(=O)c2ncncc21,O=C1C(Nc2ccccc2)=CC(=O)c2ncncc21,O=C1C(Nc2ccccc2)=CC(=O)c2ncncc21,True,False,False,,0.7619047619047619,0.7777777777777778,364.58600000000007,320.135,44.45100000000008,False,3.180600000000001,3.0715000000000003,0.10910000000000064,True,,,,,,,,,,,,,,,,,,,,
edit_latent_scaffold_source_rerank,mpair_00002496_cond_01_2p,mpair_00002496,eval,2,"MW,LogP",O=C1C(Nc2ccccc2)=C(Cl)C(=O)c2ncncc21,O=C1C(Nc2ccc(Br)cc2)=C(Cl)C(=O)c2ncncc21,O=C1C(Nc2cccc(Cl)c2)=C(Cl)C(=O)c2ncncc21,O=C1C(Nc2ccccc2)=CC(=O)c2ncncc21,O=C1C(Nc2ccccc2)=CC(=O)c2ncncc21,True,False,False,,0.7619047619047619,0.6521739130434783,364.58600000000007,320.135,44.45100000000008,False,3.180600000000001,3.0715000000000003,0.10910000000000064,True,,,,,,,,,,,,,,,,,,,,
edit_latent_scaffold_source_rerank,mpair_00002499_cond_00_2p,mpair_00002499,eval,2,"MW,LogP",O=C1C(Nc2cccc(Br)c2)=C(Cl)C(=O)c2ncncc21,O=C1C(Nc2ccccc2)=C(Cl)C(=O)c2ncncc21,Cc1cccc(NC2=C(Cl)C(=O)c3ncncc3C2=O)c1,O=C1C(Nc2ccccc2)=CC(=O)c2ncncc21,O=C1C(Nc2ccccc2)=CC(=O)c2ncncc21,True,True,True,,0.7446808510638298,0.7272727272727273,285.69,299.71700000000004,14.027000000000044,True,2.4181,2.7265200000000007,0.3084200000000008,True,,,,,,,,,,,,,,,,,,,,
edit_latent_scaffold_source_rerank,mpair_00002501_cond_02_2p,mpair_00002501,eval,2,"LogP,RB",CCc1ccc(NC2=C(Cl)C(=O)c3ncncc3C2=O)cc1,O=C1C(Nc2ccccc2)=C(Cl)C(=O)c2ncncc21,Cc1ccc(NC2=C(Cl)C(=O)c3ncncc3C2=O)cc1,O=C1C(Nc2ccccc2)=CC(=O)c2ncncc21,O=C1C(Nc2ccccc2)=CC(=O)c2ncncc21,True,True,True,,0.75,0.7560975609756098,,,,,2.4181,2.7265200000000007,0.3084200000000008,True,,,,,,,,,,,,,,,,,2.0,2.0,0.0,True
edit_latent_scaffold_source_rerank,mpair_00002504_cond_02_2p,mpair_00002504,eval,2,"HBA,RB",COc1ccc(C(=O)CN2c3ccccc3C(=O)N(Cc3ccccc3)S2(=O)=O)cc1,Cc1ccc(C(=O)CN2c3ccccc3C(=O)N(Cc3ccccc3)S2(=O)=O)cc1,COc1ccc(C(=O)CN2c3ccccc3C(=O)N(Cc3ccccc3)S2(=O)=O)cc1,O=C(CN1c2ccccc2C(=O)N(Cc2ccccc2)S1(=O)=O)c1ccccc1,O=C(CN1c2ccccc2C(=O)N(Cc2ccccc2)S1(=O)=O)c1ccccc1,True,True,True,source_identity,1.0,0.7843137254901961,,,,,,,,,,,,,,,,,,,,,4.0,5.0,1.0,True,5.0,6.0,1.0,True
edit_latent_scaffold_source_rerank,mpair_00002507_cond_01_2p,mpair_00002507,eval,2,"QED,RB",O=C(CN1c2ccccc2C(=O)N(Cc2ccccc2)S1(=O)=O)c1ccccc1,COc1ccc(C(=O)CN2c3ccccc3C(=O)N(Cc3ccccc3)S2(=O)=O)cc1,O=C(CN1c2ccccc2C(=O)N(Cc2ccccc2)S1(=O)=O)c1ccccc1,O=C(CN1c2ccccc2C(=O)N(Cc2ccccc2)S1(=O)=O)c1ccccc1,O=C(CN1c2ccccc2C(=O)N(Cc2ccccc2)S1(=O)=O)c1ccccc1,True,True,True,source_identity,1.0,0.7916666666666666,,,,,,,,,0.5539335722556151,0.6096951629926923,0.055761590737077205,True,,,,,,,,,,,,,6.0,5.0,1.0,True
edit_latent_scaffold_source_rerank,mpair_00002516_cond_00_2p,mpair_00002516,eval,2,"LogP,TPSA",CSc1cc(-c2ccc(Cl)cc2)oc(=O)c1Br,CSc1cc(-c2ccc(Br)cc2)oc(=O)c1C#N,CSc1cc(-c2ccc(F)cc2)oc(=O)c1,O=c1cccc(-c2ccccc2)o1,O=c1cccc(-c2ccccc2)o1,True,False,False,,0.3695652173913043,0.3469387755102041,,,,,3.662880000000002,3.1678000000000024,0.49507999999999974,True,,,,,54.0,30.21,23.79,False,,,,,,,,,,,,
edit_latent_scaffold_source_rerank,mpair_00002520_cond_01_2p,mpair_00002520,eval,2,"QED,TPSA",CSc1cc(-c2ccc(Br)cc2)oc(=O)c1C#N,CCOC(=O)c1c(SC)c(C#N)c(-c2ccc(Br)cc2)oc1=O,CSc1cc(-c2ccc(F)cc2)oc(=O)c1,O=c1cccc(-c2ccccc2)o1,O=c1cccc(-c2ccccc2)o1,True,False,False,,0.3469387755102041,0.203125,,,,,,,,,0.5791804088529054,0.7501191134076561,0.1709387045547507,False,80.30000000000001,30.21,50.09000000000001,False,,,,,,,,,,,,
edit_latent_scaffold_source_rerank,mpair_00002530_cond_01_2p,mpair_00002530,eval,2,"MW,LogP",CSc1cc(-c2ccc(Cl)cc2)oc(=O)c1,CSc1cc(-c2ccc(Cl)cc2)oc(=O)c1Br,CSc1cc(-c2ccc(F)cc2)oc(=O)c1,O=c1cccc(-c2ccccc2)o1,O=c1cccc(-c2ccccc2)o1,True,False,False,,0.7142857142857143,0.3695652173913043,331.61799999999994,236.26699999999997,95.35099999999997,False,4.444600000000001,3.1678000000000024,1.2767999999999988,False,,,,,,,,,,,,,,,,,,,,
edit_latent_scaffold_source_rerank,mpair_00002538_cond_01_2p,mpair_00002538,eval,2,"MW,LogP",CSc1cc(-c2ccc(Br)cc2)oc(=O)c1Cl,CSc1cc(-c2ccc(Cl)cc2)oc(=O)c1,CSc1cc(-c2ccc(F)cc2)oc(=O)c1,O=c1cccc(-c2ccccc2)o1,O=c1cccc(-c2ccccc2)o1,True,True,True,,0.3695652173913043,0.7142857142857143,252.72199999999998,236.26699999999997,16.455000000000013,True,3.682100000000002,3.1678000000000024,0.5142999999999995,True,,,,,,,,,,,,,,,,,,,,
edit_latent_scaffold_source_rerank,mpair_00002548_cond_00_2p,mpair_00002548,eval,2,"MW,LogP",CSc1cc(-c2ccc(Cl)cc2)oc(=O)c1,CSc1cc(-c2ccc(Br)cc2)oc(=O)c1Cl,CSc1cc(-c2ccc(F)cc2)oc(=O)c1,O=c1cccc(-c2ccccc2)o1,O=c1cccc(-c2ccccc2)o1,True,False,False,,0.7142857142857143,0.3695652173913043,331.61800000000005,236.26699999999997,95.35100000000008,False,4.444600000000002,3.1678000000000024,1.2767999999999997,False,,,,,,,,,,,,,,,,,,,,
edit_latent_scaffold_source_rerank,mpair_00002556_cond_02_2p,mpair_00002556,eval,2,"MW,QED",CN(C(=O)n1nc(-c2ccc(Cl)cc2)nc1SCC(F)(F)F)c1ccccc1,CSc1nc(-c2ccc(Cl)cc2)nn1C(=O)N(C)c1ccccc1,CN(C(=O)n1nc(-c2ccc(Cl)cc2)nc1SCC(F)(F)F)c1ccccc1,O=C(Nc1ccccc1)n1cnc(-c2ccccc2)n1,O=C(Nc1ccccc1)n1cnc(-c2ccccc2)n1,True,False,False,source_identity,1.0,0.7222222222222222,358.85400000000004,426.8510000000001,67.99700000000007,False,,,,,0.6499636794176425,0.5270344401044634,0.12292923931317912,False,,,,,,,,,,,,,,,,
edit_latent_scaffold_source_rerank,mpair_00002560_cond_00_2p,mpair_00002560,eval,2,"QED,RB",CSc1nc(-c2ccc(Cl)cc2)nn1C(=O)N(C)c1ccccc1,CSc1nc(-c2ccc(OC(F)(F)F)cc2)nn1C(=O)N(C)c1ccccc1,CSc1nc(-c2ccc(Cl)cc2)nn1C(=O)N(C)c1ccccc1,O=C(Nc1ccccc1)n1cnc(-c2ccccc2)n1,O=C(Nc1ccccc1)n1cnc(-c2ccccc2)n1,True,True,True,source_identity,1.0,0.7037037037037037,,,,,,,,,0.5874043626188404,0.6499636794176425,0.06255931679880211,True,,,,,,,,,,,,,4.0,3.0,1.0,True
edit_latent_scaffold_source_rerank,mpair_00002562_cond_02_2p,mpair_00002562,eval,2,"LogP,RB",CSc1nc(-c2ccc(Cl)cc2)nn1C(=O)N(C)c1ccccc1,CN(C(=O)n1nc(-c2ccc(Cl)cc2)nc1SCC(F)(F)F)c1ccccc1,CSc1nc(-c2ccc(Cl)cc2)nn1C(=O)N(C)c1ccccc1,O=C(Nc1ccccc1)n1cnc(-c2ccccc2)n1,O=C(Nc1ccccc1)n1cnc(-c2ccccc2)n1,True,True,True,source_identity,1.0,0.7222222222222222,,,,,5.357400000000003,4.424900000000004,0.9324999999999992,True,,,,,,,,,,,,,,,,,4.0,3.0,1.0,True
edit_latent_scaffold_source_rerank,mpair_00002566_cond_00_2p,mpair_00002566,eval,2,"HBD,RB",COc1cc(C(=O)N2CCN(C(=O)c3cc(OC)c(OC)c(OC)c3)C(COC(=O)CC(C)(C)C)C2)cc(OC)c1OC,COc1cc(C(=O)N2CCN(C(=O)c3cc(OC)c(OC)c(OC)c3)C(COC(=O)NCCC(C)C)C2)cc(OC)c1OC,COc1cc(C(=O)N2CCN(C(=O)c3cc(OC)c(OC)c(OC)c3)C(COC(=O)CC(C)(C)C)C2)cc(OC)c1OC,O=C(c1ccccc1)N1CCN(C(=O)c2ccccc2)CC1,O=C(c1ccccc1)N1CCN(C(=O)c2ccccc2)CC1,True,False,False,source_identity,1.0,0.6451612903225806,,,,,,,,,,,,,,,,,1.0,0.0,1.0,True,,,,,13.0,11.0,2.0,False
edit_latent_scaffold_source_rerank,mpair_00002567_cond_02_2p,mpair_00002567,eval,2,"HBD,RB",COc1cc(C(=O)N2CCN(C(=O)c3cc(OC)c(OC)c(OC)c3)C(COC(=O)NCCC(C)C)C2)cc(OC)c1OC,CCN(CC)C(=O)OCC1CN(C(=O)c2cc(OC)c(OC)c(OC)c2)CCN1C(=O)c1cc(OC)c(OC)c(OC)c1,COc1cc(C(=O)N2CCN(C(=O)c3cc(OC)c(OC)c(OC)c3)C(COC(=O)NCCC(C)C)C2)cc(OC)c1OC,O=C(c1ccccc1)N1CCN(C(=O)c2ccccc2)CC1,O=C(c1ccccc1)N1CCN(C(=O)c2ccccc2)CC1,True,True,True,source_identity,1.0,0.6451612903225806,,,,,,,,,,,,,,,,,0.0,1.0,1.0,True,,,,,12.0,13.0,1.0,True
edit_latent_scaffold_source_rerank,mpair_00002571_cond_02_2p,mpair_00002571,eval,2,"HBD,RB",CCN(CC)C(=O)OCC1CN(C(=O)c2cc(OC)c(OC)c(OC)c2)CCN1C(=O)c1cc(OC)c(OC)c(OC)c1,COc1cc(C(=O)N2CCN(C(=O)c3cc(OC)c(OC)c(OC)c3)C(COC(=O)NCCC(C)C)C2)cc(OC)c1OC,CCN(CC)C(=O)OCC1CN(C(=O)c2cc(OC)c(OC)c(OC)c2)CCN1C(=O)c1cc(OC)c(OC)c(OC)c1,O=C(c1ccccc1)N1CCN(C(=O)c2ccccc2)CC1,O=C(c1ccccc1)N1CCN(C(=O)c2ccccc2)CC1,True,True,True,source_identity,1.0,0.6451612903225806,,,,,,,,,,,,,,,,,1.0,0.0,1.0,True,,,,,13.0,12.0,1.0,True
edit_latent_scaffold_source_rerank,mpair_00002574_cond_02_2p,mpair_00002574,eval,2,"LogP,RB",COc1cc(C(=O)N2CCN(C(=O)c3cc(OC)c(OC)c(OC)c3)C(COC(=O)CC(C)(C)C)C2)cc(OC)c1OC,CCN(CC)C(=O)OCC1CN(C(=O)c2cc(OC)c(OC)c(OC)c2)CCN1C(=O)c1cc(OC)c(OC)c(OC)c1,COc1cc(C(=O)N2CCN(C(=O)c3cc(OC)c(OC)c(OC)c3)C(COC(=O)CC(C)(C)C)C2)cc(OC)c1OC,O=C(c1ccccc1)N1CCN(C(=O)c2ccccc2)CC1,O=C(c1ccccc1)N1CCN(C(=O)c2ccccc2)CC1,True,True,True,source_identity,1.0,0.6896551724137931,,,,,3.1834000000000024,3.684400000000003,0.5010000000000003,True,,,,,,,,,,,,,,,,,12.0,11.0,1.0,True
edit_latent_scaffold_source_rerank,mpair_00002577_cond_01_2p,mpair_00002577,eval,2,"HBD,RB",COc1cc(C(=O)N2CCN(C(=O)c3cc(OC)c(OC)c(OC)c3)C(COC(=O)NCCC(C)C)C2)cc(OC)c1OC,COc1cc(C(=O)N2CCN(C(=O)c3cc(OC)c(OC)c(OC)c3)C(COC(=O)CC(C)(C)C)C2)cc(OC)c1OC,COc1cc(C(=O)N2CCN(C(=O)c3cc(OC)c(OC)c(OC)c3)C(COC(=O)NCCC(C)C)C2)cc(OC)c1OC,O=C(c1ccccc1)N1CCN(C(=O)c2ccccc2)CC1,O=C(c1ccccc1)N1CCN(C(=O)c2ccccc2)CC1,True,False,False,source_identity,1.0,0.6451612903225806,,,,,,,,,,,,,,,,,0.0,1.0,1.0,True,,,,,11.0,13.0,2.0,False
edit_latent_scaffold_source_rerank,mpair_00002582_cond_02_2p,mpair_00002582,eval,2,"MW,LogP",COc1cc(C(=O)N2CCN(C(=O)c3cc(OC)c(OC)c(OC)c3)C(COC(C)=O)C2)cc(OC)c1OC,CCN(CC)C(=O)OCC1CN(C(=O)c2cc(OC)c(OC)c(OC)c2)CCN1C(=O)c1cc(OC)c(OC)c(OC)c1,COc1cc(C(=O)N2CCN(C(=O)c3cc(OC)c(OC)c(OC)c3)C(COC(C)=O)C2)cc(OC)c1OC,O=C(c1ccccc1)N1CCN(C(=O)c2ccccc2)CC1,O=C(c1ccccc1)N1CCN(C(=O)c2ccccc2)CC1,True,False,False,source_identity,1.0,0.7547169811320755,603.6690000000003,546.5730000000003,57.096000000000004,False,3.1834000000000024,2.2681000000000004,0.915300000000002,True,,,,,,,,,,,,,,,,,,,,
edit_latent_scaffold_source_rerank,mpair_00002589_cond_02_2p,mpair_00002589,eval,2,"MW,QED",COc1cc(C(=O)N2CCN(C(=O)c3cc(OC)c(OC)c(OC)c3)C(CO)C2)cc(OC)c1OC,CCN(CC)C(=O)OCC1CN(C(=O)c2cc(OC)c(OC)c(OC)c2)CCN1C(=O)c1cc(OC)c(OC)c(OC)c1,COc1cc(C(=O)N2CCN(C(=O)c3cc(OC)c(OC)c(OC)c3)C(CO)C2)cc(OC)c1OC,O=C(c1ccccc1)N1CCN(C(=O)c2ccccc2)CC1,O=C(c1ccccc1)N1CCN(C(=O)c2ccccc2)CC1,True,False,False,source_identity,1.0,0.6792452830188679,603.6690000000003,504.53600000000034,99.13299999999998,False,,,,,0.3571777118480848,0.544633228323374,0.18745551647528924,False,,,,,,,,,,,,,,,,
edit_latent_scaffold_source_rerank,mpair_00002598_cond_01_2p,mpair_00002598,eval,2,"TPSA,HBA",COc1ccc(C(=O)Nc2c(Cl)cncc2Cl)c2ccc(C(C)=O)nc12,COc1ccc(C(=O)Nc2c(F)cncc2F)c2ccc(C(F)(F)F)nc12,COc1ccc(C(=O)Nc2c(Cl)cncc2Cl)c2ccc(C(C)=O)nc12,O=C(Nc1ccncc1)c1cccc2ncccc12,O=C(Nc1ccncc1)c1cccc2ncccc12,True,True,True,source_identity,1.0,0.55,,,,,,,,,,,,,64.11,81.17999999999999,17.069999999999993,True,,,,,4.0,5.0,1.0,True,,,,
edit_latent_scaffold_source_rerank,mpair_00002600_cond_00_2p,mpair_00002600,eval,2,"LogP,RB",COc1ccc(C(=O)Nc2ccncc2Cl)c2cccnc12,CCc1ccc2c(C(=O)Nc3c(Cl)cncc3Cl)ccc(OC)c2n1,COc1ccc(C(=O)Nc2ccncc2Cl)c2cccnc12,O=C(Nc1ccncc1)c1cccc2ncccc12,O=C(Nc1ccncc1)c1cccc2ncccc12,True,False,False,source_identity,1.0,0.5,,,,,4.759900000000003,3.544100000000002,1.2158000000000007,False,,,,,,,,,,,,,,,,,4.0,3.0,1.0,True
edit_latent_scaffold_source_rerank,mpair_00002603_cond_02_2p,mpair_00002603,eval,2,"TPSA,HBA",COc1ccc(C(=O)Nc2c(Cl)cncc2Cl)c2ccc(C(C)O)nc12,CCc1ccc2c(C(=O)Nc3c(Cl)cncc3Cl)ccc(OC)c2n1,COc1ccc(C(=O)Nc2c(Cl)cncc2Cl)c2ccc(C(C)O)nc12,O=C(Nc1ccncc1)c1cccc2ncccc12,O=C(Nc1ccncc1)c1cccc2ncccc12,True,False,False,source_identity,1.0,0.6964285714285714,,,,,,,,,,,,,64.11,84.34,20.230000000000004,False,,,,,4.0,5.0,1.0,True,,,,
edit_latent_scaffold_source_rerank,mpair_00002608_cond_01_2p,mpair_00002608,eval,2,"MW,QED",COc1ccc(C(=O)Nc2ccncc2Cl)c2cccnc12,COc1ccc(C(=O)Nc2c(F)cncc2F)c2ccc(C(F)(F)F)nc12,COc1ccc(C(=O)Nc2ccncc2Cl)c2cccnc12,O=C(Nc1ccncc1)c1cccc2ncccc12,O=C(Nc1ccncc1)c1cccc2ncccc12,True,False,False,source_identity,1.0,0.4090909090909091,383.276,313.744,69.53199999999998,False,,,,,0.6893032571109005,0.8029165077767629,0.11361325066586248,False,,,,,,,,,,,,,,,,
edit_latent_scaffold_source_rerank,mpair_00002612_cond_00_2p,mpair_00002612,eval,2,"LogP,RB",CCc1ccc2c(C(=O)Nc3c(Cl)cncc3Cl)ccc(OC)c2n1,COc1ccc(C(=O)Nc2c(F)cncc2F)c2ccc(C(F)(F)F)nc12,CCc1ccc2c(C(=O)Nc3c(Cl)cncc3Cl)ccc(OC)c2n1,O=C(Nc1ccncc1)c1cccc2ncccc12,O=C(Nc1ccncc1)c1cccc2ncccc12,True,True,True,source_identity,1.0,0.5409836065573771,,,,,4.187700000000001,4.759900000000003,0.5722000000000014,True,,,,,,,,,,,,,,,,,3.0,4.0,1.0,True
edit_latent_scaffold_source_rerank,mpair_00002615_cond_01_2p,mpair_00002615,eval,2,"MW,QED",COc1ccc(C(=O)Nc2c(F)cncc2F)c2ccc(C(F)(F)F)nc12,COc1ccc(C(=O)Nc2c(Cl)cncc2Cl)c2cccnc12,COc1ccc(C(=O)Nc2c(F)cncc2F)c2ccc(C(F)(F)F)nc12,O=C(Nc1ccncc1)c1cccc2ncccc12,O=C(Nc1ccncc1)c1cccc2ncccc12,True,False,False,source_identity,1.0,0.4918032786885246,348.1890000000001,383.276,35.08699999999993,False,,,,,0.7706046174674384,0.6893032571109005,0.0813013603565379,True,,,,,,,,,,,,,,,,
edit_latent_scaffold_source_rerank,mpair_00002620_cond_00_2p,mpair_00002620,eval,2,"QED,RB",CCc1ccc2c(C(=O)Nc3c(Cl)cncc3Cl)ccc(OC)c2n1,COc1ccc(C(=O)Nc2c(Cl)cncc2Cl)c2cccnc12,CCc1ccc2c(C(=O)Nc3c(Cl)cncc3Cl)ccc(OC)c2n1,O=C(Nc1ccncc1)c1cccc2ncccc12,O=C(Nc1ccncc1)c1cccc2ncccc12,True,True,True,source_identity,1.0,0.6545454545454545,,,,,,,,,0.7706046174674384,0.7131894410136064,0.057415176453831984,True,,,,,,,,,,,,,3.0,4.0,1.0,True
edit_latent_scaffold_source_rerank,mpair_00002623_cond_01_2p,mpair_00002623,eval,2,"LogP,RB",COc1ccc(C(=O)Nc2c(F)cncc2F)c2ccc(C(F)(F)F)nc12,CCc1ccc2c(C(=O)Nc3c(Cl)cncc3Cl)ccc(OC)c2n1,COc1ccc(C(=O)Nc2c(F)cncc2F)c2ccc(C(F)(F)F)nc12,O=C(Nc1ccncc1)c1cccc2ncccc12,O=C(Nc1ccncc1)c1cccc2ncccc12,True,True,True,source_identity,1.0,0.5409836065573771,,,,,4.759900000000003,4.187700000000001,0.5722000000000014,True,,,,,,,,,,,,,,,,,4.0,3.0,1.0,True
edit_latent_scaffold_source_rerank,mpair_00002626_cond_02_2p,mpair_00002626,eval,2,"LogP,QED",COc1ccc(C(=O)Nc2c(F)cncc2F)c2ccc(C(F)(F)F)nc12,COc1ccc(C(=O)Nc2ccncc2Cl)c2cccnc12,COc1ccc(C(=O)Nc2c(F)cncc2F)c2ccc(C(F)(F)F)nc12,O=C(Nc1ccncc1)c1cccc2ncccc12,O=C(Nc1ccncc1)c1cccc2ncccc12,True,False,False,source_identity,1.0,0.4090909090909091,,,,,3.544100000000002,4.187700000000001,0.6435999999999993,True,0.8029165077767629,0.6893032571109005,0.11361325066586248,False,,,,,,,,,,,,,,,,
edit_latent_scaffold_source_rerank,mpair_00003108_cond_01_2p,mpair_00003108,eval,2,"LogP,QED",CN1CCC[C@H]1COc1ccc(Cl)nn1,CN1CCC[C@H]1COc1cccnn1,CN1CCC[C@H]1COc1ccc(Cl)nn1,c1cnnc(OC[C@@H]2CCCN2)c1,c1cnnc(OC[C@@H]2CCCN2)c1,True,True,True,source_identity,1.0,0.6511627906976745,,,,,0.9495999999999998,1.6029999999999998,0.6534,True,0.7160423680458043,0.7864914737289573,0.07044910568315299,True,,,,,,,,,,,,,,,,
edit_latent_scaffold_source_rerank,mpair_00003110_cond_00_2p,mpair_00003110,eval,2,"QED,RB",CCCCc1nnc2nc(C)c(C)c(=O)n2n1,Cc1nc2nnc(C(C)(C)C)nn2c(=O)c1C,CCCCc1nnc2nc(C)c(C)c(=O)n2n1,O=c1ccnc2nncnn12,O=c1ccnc2nncnn12,True,False,False,source_identity,1.0,0.5238095238095238,,,,,,,,,0.6723856505150625,0.7849999676400611,0.11261431712499859,False,,,,,,,,,,,,,0.0,3.0,3.0,False
edit_latent_scaffold_source_rerank,mpair_00003111_cond_02_2p,mpair_00003111,eval,2,"QED,RB",Cc1nc2nnc(C(C)(C)C)nn2c(=O)c1C,CCCCc1nnc2nc(C)c(C)c(=O)n2n1,Cc1nc2nnc(C(C)(C)C)nn2c(=O)c1C,O=c1ccnc2nncnn12,O=c1ccnc2nncnn12,True,False,False,source_identity,1.0,0.5238095238095238,,,,,,,,,0.7849999676400611,0.6723856505150625,0.11261431712499859,False,,,,,,,,,,,,,3.0,0.0,3.0,False
edit_latent_scaffold_source_rerank,mpair_00003117_cond_01_2p,mpair_00003117,eval,2,"MW,HBA",Cc1c[nH]c2c1C13CC1CN(C(=O)OC(C)(C)C)C3=CC2=O,COC(=O)c1cc2c([nH]1)C(=O)C=C1N(C(=O)OC(C)(C)C)CC3CC123,Cc1c[nH]c2c1C13CC1CN(C(=O)OC(C)(C)C)C3=CC2=O,O=C1C=C2NCC3CC23c2cc[nH]c21,O=C1C=C2NCC3CC23c2cc[nH]c21,True,False,False,source_identity,1.0,0.5873015873015873,344.36700000000013,300.358,44.00900000000013,False,,,,,,,,,,,,,,,,,5.0,3.0,2.0,False,,,,
edit_latent_scaffold_source_rerank,mpair_00003202_cond_02_2p,mpair_00003202,eval,2,"TPSA,HBA",O=C(OCc1ccc(-c2ccccc2)cc1)n1cccn1,N#Cc1cnn(C(=O)OCc2ccc(-c3ccccc3)cc2)c1,O=C(OCc1ccc(-c2ccccc2)cc1)n1cccn1,O=C(OCc1ccc(-c2ccccc2)cc1)n1cccn1,O=C(OCc1ccc(-c2ccccc2)cc1)n1cccn1,True,False,False,source_identity,1.0,0.5833333333333334,,,,,,,,,,,,,67.91,44.120000000000005,23.789999999999992,False,,,,,5.0,4.0,1.0,True,,,,
edit_latent_scaffold_source_rerank,mpair_00003204_cond_01_2p,mpair_00003204,eval,2,"TPSA,HBA",Cc1cnn(C(=O)OCc2ccc(-c3ccccc3)cc2)c1,N#Cc1cnn(C(=O)OCc2ccc(-c3ccccc3)cc2)c1,Cc1cnn(C(=O)OCc2ccc(-c3ccccc3)cc2)c1,O=C(OCc1ccc(-c2ccccc2)cc1)n1cccn1,O=C(OCc1ccc(-c2ccccc2)cc1)n1cccn1,True,False,False,source_identity,1.0,0.6808510638297872,,,,,,,,,,,,,67.91,44.120000000000005,23.789999999999992,False,,,,,5.0,4.0,1.0,True,,,,
edit_latent_scaffold_source_rerank,mpair_00003207_cond_01_2p,mpair_00003207,eval,2,"LogP,HBA",Cc1cc(-n2ncc(=O)[nH]c2=O)ccc1S(=O)(=O)N1CCN(C=O)CC1,CCOC(=O)N1CCN(S(=O)(=O)c2ccc(-n3ncc(=O)[nH]c3=O)cc2Cl)CC1,Cc1cc(-n2ncc(=O)[nH]c2=O)ccc1S(=O)(=O)N1CCN(C=O)CC1,O=c1cnn(-c2ccc(S(=O)(=O)N3CCNCC3)cc2)c(=O)[nH]1,O=c1cnn(-c2ccc(S(=O)(=O)N3CCNCC3)cc2)c(=O)[nH]1,True,False,False,source_identity,1.0,0.5625,,,,,0.037000000000000144,-1.3080799999999981,1.3450799999999983,False,,,,,,,,,,,,,8.0,7.0,1.0,True,,,,
edit_latent_scaffold_source_rerank,mpair_00003209_cond_01_2p,mpair_00003209,eval,2,"QED,TPSA",NC(=S)N/N=C/c1cccc(OCc2ccc3no[n+]([O-])c3c2)c1,NC(=O)N/N=C\c1ccccc1OCc1ccc2no[n+]([O-])c2c1,NC(=S)N/N=C/c1cccc(OCc2ccc3no[n+]([O-])c3c2)c1,c1ccc(OCc2ccc3no[nH+]c3c2)cc1,c1ccc(OCc2ccc3no[nH+]c3c2)cc1,True,False,False,source_identity,1.0,0.5882352941176471,,,,,,,,,0.4106849547701945,0.30972390933844063,0.10096104543175388,False,129.68,112.61,17.070000000000007,True,,,,,,,,,,,,
edit_latent_scaffold_source_rerank,mpair_00003212_cond_02_2p,mpair_00003212,eval,2,"HBD,RB",CC(C)NC(=O)c1ccc2c(Nc3ccc(Cl)cc3)nc(N3CCOCC3)nc2c1,COC(=O)c1ccc2c(Nc3ccc(Cl)cc3)nc(N3CCOCC3)nc2c1,CC(C)NC(=O)c1ccc2c(Nc3ccc(Cl)cc3)nc(N3CCOCC3)nc2c1,c1ccc(Nc2nc(N3CCOCC3)nc3ccccc23)cc1,c1ccc(Nc2nc(N3CCOCC3)nc3ccccc23)cc1,True,True,True,source_identity,1.0,0.7833333333333333,,,,,,,,,,,,,,,,,1.0,2.0,1.0,True,,,,,4.0,5.0,1.0,True
edit_latent_scaffold_source_rerank,mpair_00003216_cond_02_2p,mpair_00003216,eval,2,"HBD,HBA",COC(=O)c1ccc2c(Nc3ccc(Cl)cc3)nc(N3CCOCC3)nc2c1,CC(C)NC(=O)c1ccc2c(Nc3ccc(Cl)cc3)nc(N3CCOCC3)nc2c1,COC(=O)c1ccc2c(Nc3ccc(Cl)cc3)nc(N3CCOCC3)nc2c1,c1ccc(Nc2nc(N3CCOCC3)nc3ccccc23)cc1,c1ccc(Nc2nc(N3CCOCC3)nc3ccccc23)cc1,True,True,True,source_identity,1.0,0.7833333333333333,,,,,,,,,,,,,,,,,2.0,1.0,1.0,True,6.0,7.0,1.0,True,,,,
edit_latent_scaffold_source_rerank,mpair_00003224_cond_01_2p,mpair_00003224,eval,2,"QED,RB",COCCCN(/C(S)=C1/C(=O)c2cc(Cl)ccc2N(C)C1=O)c1ccccc1,COc1ccc(N(C)/C(S)=C2/C(=O)c3cc(Cl)ccc3N(C)C2=O)cc1,COCCCN(/C(S)=C1/C(=O)c2cc(Cl)ccc2N(C)C1=O)c1ccccc1,O=C1Nc2ccccc2C(=O)/C1=C/Nc1ccccc1,O=C1Nc2ccccc2C(=O)/C1=C/Nc1ccccc1,True,False,False,source_identity,1.0,0.5625,,,,,,,,,0.4935411914533051,0.3319041471572704,0.1616370442960347,False,,,,,,,,,,,,,3.0,6.0,3.0,False
edit_latent_scaffold_source_rerank,mpair_00003226_cond_00_2p,mpair_00003226,eval,2,"QED,RB",COc1cccc(N(C)/C(S)=C2/C(=O)c3cc(Cl)ccc3N(C)C2=O)c1,COCCCN(/C(S)=C1/C(=O)c2cc(Cl)ccc2N(C)C1=O)c1ccccc1,COc1cccc(N(C)/C(S)=C2/C(=O)c3cc(Cl)ccc3N(C)C2=O)c1,O=C1Nc2ccccc2C(=O)/C1=C/Nc1ccccc1,O=C1Nc2ccccc2C(=O)/C1=C/Nc1ccccc1,True,False,False,source_identity,1.0,0.5846153846153846,,,,,,,,,0.3319041471572704,0.4935411914533051,0.1616370442960347,False,,,,,,,,,,,,,6.0,3.0,3.0,False
edit_latent_scaffold_source_rerank,mpair_00003227_cond_02_2p,mpair_00003227,eval,2,"QED,RB",COc1ccc(N(C)/C(S)=C2/C(=O)c3cc(Cl)ccc3N(C)C2=O)cc1,COCCCN(/C(S)=C1/C(=O)c2cc(Cl)ccc2N(C)C1=O)c1ccccc1,COc1ccc(N(C)/C(S)=C2/C(=O)c3cc(Cl)ccc3N(C)C2=O)cc1,O=C1Nc2ccccc2C(=O)/C1=C/Nc1ccccc1,O=C1Nc2ccccc2C(=O)/C1=C/Nc1ccccc1,True,False,False,source_identity,1.0,0.5625,,,,,,,,,0.3319041471572704,0.4935411914533051,0.1616370442960347,False,,,,,,,,,,,,,6.0,3.0,3.0,False
edit_latent_scaffold_source_rerank,mpair_00003531_cond_01_2p,mpair_00003531,eval,2,"TPSA,HBA",CC(C)Oc1cccc(N(Cc2cccnc2)S(=O)(=O)CC(F)(F)F)c1,CCOC(=O)C(C)Oc1cccc(N(Cc2cccnc2)S(=O)(=O)CC(F)(F)F)c1,CC(C)Oc1cccc(N(Cc2cccnc2)S(=O)(=O)CC(F)(F)F)c1,c1ccc(NCc2cccnc2)cc1,c1ccc(NCc2cccnc2)cc1,True,False,False,source_identity,1.0,0.7796610169491526,,,,,,,,,,,,,85.80000000000001,59.5,26.30000000000001,False,,,,,6.0,4.0,2.0,False,,,,
edit_latent_scaffold_source_rerank,mpair_00003535_cond_00_2p,mpair_00003535,eval,2,"MW,LogP",O=S(=O)(CC(F)(F)F)N(Cc1cccnc1)c1cccc(OC(F)(F)F)c1,COc1cccc(N(Cc2cccnc2)S(=O)(=O)CC(F)(F)F)c1,O=S(=O)(CC(F)(F)F)N(Cc1cccnc1)c1cccc(OC(F)(F)F)c1,c1ccc(NCc2cccnc2)cc1,c1ccc(NCc2cccnc2)cc1,True,False,False,source_identity,1.0,0.8076923076923077,360.3570000000001,414.32700000000006,53.96999999999997,False,2.988900000000002,3.8789000000000025,0.8900000000000006,True,,,,,,,,,,,,,,,,,,,,
edit_latent_scaffold_source_rerank,mpair_00003540_cond_02_2p,mpair_00003540,eval,2,"LogP,TPSA",CCCC(C)Oc1cccc(N(Cc2cccnc2)S(=O)(=O)CC(F)(F)F)c1,CCOC(=O)C(C)Oc1cccc(N(Cc2cccnc2)S(=O)(=O)CC(F)(F)F)c1,CCCC(C)Oc1cccc(N(Cc2cccnc2)S(=O)(=O)CC(F)(F)F)c1,c1ccc(NCc2cccnc2)cc1,c1ccc(NCc2cccnc2)cc1,True,False,False,source_identity,1.0,0.746031746031746,,,,,3.3107000000000024,4.547700000000003,1.237000000000001,False,,,,,85.80000000000001,59.5,26.30000000000001,False,,,,,,,,,,,,
edit_latent_scaffold_source_rerank,mpair_00003542_cond_02_2p,mpair_00003542,eval,2,"QED,RB",CC(C)COc1cccc(N(Cc2cccnc2)S(=O)(=O)CC(F)(F)F)c1,CCC(C)COc1cccc(N(Cc2cccnc2)S(=O)(=O)CC(F)(F)F)c1,CC(C)COc1cccc(N(Cc2cccnc2)S(=O)(=O)CC(F)(F)F)c1,c1ccc(NCc2cccnc2)cc1,c1ccc(NCc2cccnc2)cc1,True,True,True,source_identity,1.0,0.8421052631578947,,,,,,,,,0.6078002459089881,0.6693605971809802,0.06156035127199211,True,,,,,,,,,,,,,9.0,8.0,1.0,True
edit_latent_scaffold_source_rerank,mpair_00003544_cond_01_2p,mpair_00003544,eval,2,"LogP,RB",CC(C)COc1cccc(N(Cc2cccnc2)S(=O)(=O)CC(F)(F)F)c1,CCCC(C)Oc1cccc(N(Cc2cccnc2)S(=O)(=O)CC(F)(F)F)c1,CC(C)COc1cccc(N(Cc2cccnc2)S(=O)(=O)CC(F)(F)F)c1,c1ccc(NCc2cccnc2)cc1,c1ccc(NCc2cccnc2)cc1,True,True,True,source_identity,1.0,0.7213114754098361,,,,,4.547700000000003,4.015100000000003,0.5326000000000004,True,,,,,,,,,,,,,,,,,9.0,8.0,1.0,True
edit_latent_scaffold_source_rerank,mpair_00003547_cond_01_2p,mpair_00003547,eval,2,"QED,RB",CCC(C)COc1cccc(N(Cc2cccnc2)S(=O)(=O)CC(F)(F)F)c1,CC(C)COc1cccc(N(Cc2cccnc2)S(=O)(=O)CC(F)(F)F)c1,CCC(C)COc1cccc(N(Cc2cccnc2)S(=O)(=O)CC(F)(F)F)c1,c1ccc(NCc2cccnc2)cc1,c1ccc(NCc2cccnc2)cc1,True,True,True,source_identity,1.0,0.8421052631578947,,,,,,,,,0.6693605971809802,0.6078002459089881,0.06156035127199211,True,,,,,,,,,,,,,8.0,9.0,1.0,True
edit_latent_scaffold_source_rerank,mpair_00000000_cond_02_3p,mpair_00000000,eval,3,"LogP,HBA,RB",O=C(c1cccc(Cl)c1)N1C[C@H](CN2CCC(c3ccccc3)CC2)[C@@H](c2ccccc2)C1,COc1cccc(C(=O)N2C[C@H](CN3CCC(c4ccccc4)CC3)[C@@H](c3ccccc3)C2)c1,O=C(c1cccc(Cl)c1)N1C[C@H](CN2CCC(c3ccccc3)CC2)[C@@H](c2ccccc2)C1,O=C(c1ccccc1)N1C[C@H](CN2CCC(c3ccccc3)CC2)[C@@H](c2ccccc2)C1,O=C(c1ccccc1)N1C[C@H](CN2CCC(c3ccccc3)CC2)[C@@H](c2ccccc2)C1,True,True,True,source_identity,1.0,0.7413793103448276,,,,,5.430600000000005,6.075400000000006,0.6448000000000009,True,,,,,,,,,,,,,3.0,2.0,1.0,True,6.0,5.0,1.0,True
edit_latent_scaffold_source_rerank,mpair_00000006_cond_02_3p,mpair_00000006,eval,3,"MW,LogP,QED",O=C(c1ccccc1F)N1C[C@H](CN2CCC(c3ccccc3)CC2)[C@@H](c2ccccc2)C1,O=C(c1ccccc1C(F)(F)F)N1C[C@H](CN2CCC(c3ccccc3)CC2)[C@@H](c2ccccc2)C1,O=C(c1ccccc1F)N1C[C@H](CN2CCC(c3ccccc3)CC2)[C@@H](c2ccccc2)C1,O=C(c1ccccc1)N1C[C@H](CN2CCC(c3ccccc3)CC2)[C@@H](c2ccccc2)C1,O=C(c1ccccc1)N1C[C@H](CN2CCC(c3ccccc3)CC2)[C@@H](c2ccccc2)C1,True,False,False,source_identity,1.0,0.7592592592592593,492.5850000000002,442.57800000000015,50.00700000000006,False,6.4408000000000065,5.561100000000006,0.8797000000000006,True,0.4092272471712491,0.5164092889512721,0.10718204178002305,False,,,,,,,,,,,,,,,,
edit_latent_scaffold_source_rerank,mpair_00000012_cond_01_3p,mpair_00000012,eval,3,"MW,LogP,QED",O=C(c1ccccc1F)N1C[C@H](CN2CCC(c3ccccc3)CC2)[C@@H](c2ccccc2)C1,O=C(c1ccccc1Br)N1C[C@H](CN2CCC(c3ccccc3)CC2)[C@@H](c2ccccc2)C1,O=C(c1ccccc1F)N1C[C@H](CN2CCC(c3ccccc3)CC2)[C@@H](c2ccccc2)C1,O=C(c1ccccc1)N1C[C@H](CN2CCC(c3ccccc3)CC2)[C@@H](c2ccccc2)C1,O=C(c1ccccc1)N1C[C@H](CN2CCC(c3ccccc3)CC2)[C@@H](c2ccccc2)C1,True,False,False,source_identity,1.0,0.7692307692307693,503.48400000000026,442.57800000000015,60.90600000000012,False,6.184500000000006,5.561100000000006,0.6234000000000002,True,0.41502650656849366,0.5164092889512721,0.10138278238277848,False,,,,,,,,,,,,,,,,
edit_latent_scaffold_source_rerank,mpair_00000020_cond_01_3p,mpair_00000020,eval,3,"MW,TPSA,HBA",O=C(O)CCC/C=C/C[C@@H]1[C@@H](COCc2ccccc2)C2CC1(c1ccccc1)CO2,N#Cc1ccc(COC[C@H]2C3CC(c4ccc(F)cc4)(CO3)[C@@H]2C/C=C/CCCC(=O)O)cc1,O=C(O)CCC/C=C/C[C@@H]1[C@@H](COCc2ccccc2)C2CC1(c1ccccc1)CO2,c1ccc(COC[C@@H]2CC3(c4ccccc4)COC2C3)cc1,c1ccc(COC[C@@H]2CC3(c4ccccc4)COC2C3)cc1,True,False,False,source_identity,1.0,0.7391304347826086,463.5490000000003,420.5490000000002,43.000000000000114,False,,,,,,,,,79.55,55.760000000000005,23.789999999999992,False,,,,,4.0,3.0,1.0,True,,,,
edit_latent_scaffold_source_rerank,mpair_00000323_cond_02_3p,mpair_00000323,eval,3,"TPSA,HBD,HBA",N[C@@H](C(=O)N[C@@H]1C(=O)N2C(C(=O)O)=C(C(F)(F)F)CC[C@H]12)c1ccc(F)cc1,N[C@@H](C(=O)N[C@@H]1C(=O)N2C(C(=O)O)=C(C(F)(F)F)CC[C@H]12)c1ccc(O)cc1,N[C@@H](C(=O)N[C@@H]1C(=O)N2C(C(=O)O)=C(C(F)(F)F)CC[C@H]12)c1ccc(F)cc1,O=C(Cc1ccccc1)N[C@@H]1C(=O)N2C=CCC[C@H]12,O=C(Cc1ccccc1)N[C@@H]1C(=O)N2C=CCC[C@H]12,True,False,False,source_identity,1.0,0.8545454545454545,,,,,,,,,,,,,132.96,112.73,20.230000000000004,False,4.0,3.0,1.0,True,5.0,4.0,1.0,True,,,,
edit_latent_scaffold_source_rerank,mpair_00000330_cond_01_3p,mpair_00000330,eval,3,"MW,LogP,HBD",N[C@@H](C(=O)N[C@@H]1C(=O)N2C(C(=O)O)=C(C(F)(F)F)CC[C@H]12)c1ccc(O)cc1,N[C@@H](C(=O)N[C@@H]1C(=O)N2C(C(=O)O)=C(C(F)(F)F)CC[C@H]12)c1cccc(C(F)(F)F)c1,N[C@@H](C(=O)N[C@@H]1C(=O)N2C(C(=O)O)=C(C(F)(F)F)CC[C@H]12)c1ccc(O)cc1,O=C(Cc1ccccc1)N[C@@H]1C(=O)N2C=CCC[C@H]12,O=C(Cc1ccccc1)N[C@@H]1C(=O)N2C=CCC[C@H]12,True,False,False,source_identity,1.0,0.7377049180327869,451.3230000000001,399.3250000000001,51.99799999999999,False,2.0955999999999997,0.7823999999999993,1.3132000000000004,False,,,,,,,,,3.0,4.0,1.0,True,,,,,,,,
edit_latent_scaffold_source_rerank,mpair_00000332_cond_02_3p,mpair_00000332,eval,3,"TPSA,HBD,HBA",N[C@@H](C(=O)N[C@@H]1C(=O)N2C(C(=O)O)=C(C(F)(F)F)CC[C@H]12)c1ccc(O)cc1,N[C@@H](C(=O)N[C@@H]1C(=O)N2C(C(=O)O)=C(C(F)(F)F)CC[C@H]12)c1cccc(Br)c1,N[C@@H](C(=O)N[C@@H]1C(=O)N2C(C(=O)O)=C(C(F)(F)F)CC[C@H]12)c1ccc(O)cc1,O=C(Cc1ccccc1)N[C@@H]1C(=O)N2C=CCC[C@H]12,O=C(Cc1ccccc1)N[C@@H]1C(=O)N2C=CCC[C@H]12,True,False,False,source_identity,1.0,0.7377049180327869,,,,,,,,,,,,,112.73,132.96,20.230000000000004,False,3.0,4.0,1.0,True,4.0,5.0,1.0,True,,,,
edit_latent_scaffold_source_rerank,mpair_00000338_cond_00_3p,mpair_00000338,eval,3,"LogP,QED,RB",N[C@@H](C(=O)N[C@@H]1C(=O)N2C(C(=O)O)=C(C(F)(F)F)CC[C@H]12)c1cccc(Br)c1,CSC1=C(C(=O)O)N2C(=O)[C@@H](NC(=O)[C@H](N)c3ccccc3)[C@H]2CC1,N[C@@H](C(=O)N[C@@H]1C(=O)N2C(C(=O)O)=C(C(F)(F)F)CC[C@H]12)c1cccc(Br)c1,O=C(Cc1ccccc1)N[C@@H]1C(=O)N2C=CCC[C@H]12,O=C(Cc1ccccc1)N[C@@H]1C(=O)N2C=CCC[C@H]12,True,False,False,source_identity,1.0,0.5757575757575758,,,,,0.8350000000000002,1.8392999999999997,1.0042999999999995,False,0.6699274889764619,0.5917241763797754,0.07820331259668656,True,,,,,,,,,,,,,5.0,4.0,1.0,True
edit_latent_scaffold_source_rerank,mpair_00000597_cond_02_3p,mpair_00000597,eval,3,"QED,HBD,HBA",OC[C@@H]1N[C@@H](CCCCc2ccc(O)cc2)[C@H](O)[C@H]1O,OC[C@@H]1N[C@@H](CCCCc2ccc(F)cc2)[C@H](O)[C@H]1O,OC[C@@H]1N[C@@H](CCCCc2ccc(O)cc2)[C@H](O)[C@H]1O,c1ccc(CCCC[C@H]2CCCN2)cc1,c1ccc(CCCC[C@H]2CCCN2)cc1,True,True,True,source_identity,1.0,0.7567567567567568,,,,,,,,,0.5767746304019578,0.47902706341404183,0.09774756698791592,True,,,,,4.0,5.0,1.0,True,4.0,5.0,1.0,True,,,,
edit_latent_scaffold_source_rerank,mpair_00000728_cond_02_3p,mpair_00000728,eval,3,"LogP,QED,RB",C=CCc1cc(/C=C2\SC(=O)NC2=O)c(OC)cc1OC1CCCCO1,C=CCc1cc(/C=C2\SC(=O)N(CCCC)C2=O)c(OC)cc1OC1CCCCO1,C=CCc1cc(/C=C2\SC(=O)NC2=O)c(OC)cc1OC1CCCCO1,O=C1NC(=O)/C(=C/c2ccc(OC3CCCCO3)cc2)S1,O=C1NC(=O)/C(=C/c2ccc(OC3CCCCO3)cc2)S1,True,False,False,source_identity,1.0,0.6571428571428571,,,,,5.165500000000004,3.6530000000000022,1.512500000000002,False,0.39718598618589046,0.6042673504148035,0.20708136422891305,False,,,,,,,,,,,,,9.0,6.0,3.0,False
edit_latent_scaffold_source_rerank,mpair_00000740_cond_00_3p,mpair_00000740,eval,3,"MW,QED,RB",C=CCc1cc(/C=C2\SC(=O)N(C)C2=O)c(OC)cc1OC1CCCCO1,C=CCc1cc(/C=C2\SC(=O)N(CCCC)C2=O)c(OC)cc1OC1CCCCO1,C=CCc1cc(/C=C2\SC(=O)N(C)C2=O)c(OC)cc1OC1CCCCO1,O=C1NC(=O)/C(=C/c2ccc(OC3CCCCO3)cc2)S1,O=C1NC(=O)/C(=C/c2ccc(OC3CCCCO3)cc2)S1,True,False,False,source_identity,1.0,0.7878787878787878,431.55400000000026,389.4730000000002,42.081000000000074,False,,,,,0.39718598618589046,0.5413211960634129,0.14413520987752243,False,,,,,,,,,,,,,9.0,6.0,3.0,False
edit_latent_scaffold_source_rerank,mpair_00000742_cond_02_3p,mpair_00000742,eval,3,"MW,LogP,QED",C=CCc1cc(/C=C2\SC(=O)N(C)C2=O)c(OC)cc1OC1CCCCO1,C=CCc1cc(/C=C2\SC(=O)N(CC=C(C)C)C2=O)c(OC)cc1OC1CCCCO1,C=CCc1cc(/C=C2\SC(=O)N(C)C2=O)c(OC)cc1OC1CCCCO1,O=C1NC(=O)/C(=C/c2ccc(OC3CCCCO3)cc2)S1,O=C1NC(=O)/C(=C/c2ccc(OC3CCCCO3)cc2)S1,True,False,False,source_identity,1.0,0.7761194029850746,443.5650000000003,389.4730000000002,54.0920000000001,False,5.331600000000005,3.9952000000000023,1.336400000000003,False,0.3995752918375223,0.5413211960634129,0.14174590422589062,False,,,,,,,,,,,,,,,,
edit_latent_scaffold_source_rerank,mpair_00000747_cond_01_3p,mpair_00000747,eval,3,"LogP,QED,HBD",C=CCc1cc(/C=C2\SC(=O)N(CC=C)C2=O)c(OC)cc1OC1CCCCO1,C=CCc1cc(/C=C2\SC(=O)NC2=O)c(OC)cc1OC1CCCCO1,C=CCc1cc(/C=C2\SC(=O)N(CC=C)C2=O)c(OC)cc1OC1CCCCO1,O=C1NC(=O)/C(=C/c2ccc(OC3CCCCO3)cc2)S1,O=C1NC(=O)/C(=C/c2ccc(OC3CCCCO3)cc2)S1,True,False,False,source_identity,1.0,0.696969696969697,,,,,3.6530000000000022,4.551400000000004,0.8984000000000014,True,0.6042673504148035,0.45838471716690443,0.14588263324789907,False,,,,,1.0,0.0,1.0,True,,,,,,,,
edit_latent_scaffold_source_rerank,mpair_00000749_cond_00_3p,mpair_00000749,eval,3,"QED,HBD,RB",C=CCc1cc(/C=C2\SC(=O)N(C(C)C)C2=O)c(OC)cc1OC1CCCCO1,C=CCc1cc(/C=C2\SC(=O)NC2=O)c(OC)cc1OC1CCCCO1,C=CCc1cc(/C=C2\SC(=O)N(C(C)C)C2=O)c(OC)cc1OC1CCCCO1,O=C1NC(=O)/C(=C/c2ccc(OC3CCCCO3)cc2)S1,O=C1NC(=O)/C(=C/c2ccc(OC3CCCCO3)cc2)S1,True,False,False,source_identity,1.0,0.6865671641791045,,,,,,,,,0.6042673504148035,0.4701504427149941,0.13411690769980938,False,,,,,1.0,0.0,1.0,True,,,,,6.0,7.0,1.0,True
edit_latent_scaffold_source_rerank,mpair_00000758_cond_02_3p,mpair_00000758,eval,3,"LogP,HBA,RB",Clc1cccc(-c2cncc(O[C@@H]3CCNC3)c2)c1,COc1cccc(-c2cncc(O[C@@H]3CCNC3)c2)c1,Clc1cccc(-c2cncc(O[C@@H]3CCNC3)c2)c1,c1ccc(-c2cncc(O[C@@H]3CCNC3)c2)cc1,c1ccc(-c2cncc(O[C@@H]3CCNC3)c2)cc1,True,True,True,source_identity,1.0,0.7446808510638298,,,,,2.4979000000000005,3.1427000000000014,0.6448000000000009,True,,,,,,,,,,,,,4.0,3.0,1.0,True,4.0,3.0,1.0,True
edit_latent_scaffold_source_rerank,mpair_00001125_cond_00_3p,mpair_00001125,eval,3,"MW,QED,HBD",CN1C(=O)c2ccccc2C1CCN1CCN(c2ccc(Cl)cc2)CC1,O=C1NC(CCN2CCN(c3ccccc3)CC2)c2ccccc21,CN1C(=O)c2ccccc2C1CCN1CCN(c2ccc(Cl)cc2)CC1,O=C1NC(CCN2CCN(c3ccccc3)CC2)c2ccccc21,O=C1NC(CCN2CCN(c3ccccc3)CC2)c2ccccc21,True,False,False,source_identity,1.0,0.4909090909090909,321.4240000000001,369.8960000000001,48.47199999999998,False,,,,,0.9403172855884846,0.8221231339252668,0.11819415166321778,False,,,,,1.0,0.0,1.0,True,,,,,,,,
edit_latent_scaffold_source_rerank,mpair_00001132_cond_00_3p,mpair_00001132,eval,3,"QED,TPSA,HBA",O=C(Cc1ccccc1[N+](=O)[O-])NCCC1CCN(CC2COc3ccccc3O2)CC1,COc1ccccc1CC(=O)NCCC1CCN(CC2COc3ccccc3O2)CC1,O=C(Cc1ccccc1[N+](=O)[O-])NCCC1CCN(CC2COc3ccccc3O2)CC1,O=C(Cc1ccccc1)NCCC1CCN(CC2COc3ccccc3O2)CC1,O=C(Cc1ccccc1)NCCC1CCN(CC2COc3ccccc3O2)CC1,True,False,False,source_identity,1.0,0.7164179104477612,,,,,,,,,0.7047088784600517,0.5015202818225966,0.20318859663745514,False,60.03,93.94,33.91,False,,,,,5.0,6.0,1.0,True,,,,
edit_latent_scaffold_source_rerank,mpair_00001135_cond_01_3p,mpair_00001135,eval,3,"MW,LogP,QED",Fc1ccc(N2CCN(c3nc4ccsc4n4cccc34)CC2)cc1,FC(F)(F)c1cccc(N2CCN(c3nc4ccsc4n4cccc34)CC2)c1,Clc1ccc(N2CCN(c3nc4ccsc4n4cccc34)CC2)cc1,c1ccc(N2CCN(c3nc4ccsc4n4cccc34)CC2)cc1,c1ccc(N2CCN(c3nc4ccsc4n4cccc34)CC2)cc1,True,True,True,,0.7872340425531915,0.6363636363636364,402.4450000000001,368.89300000000014,33.551999999999964,True,4.894400000000004,4.5290000000000035,0.36540000000000017,True,0.47685586942313013,0.5191234865371509,0.04226761711402077,True,,,,,,,,,,,,,,,,
edit_latent_scaffold_source_rerank,mpair_00002371_cond_02_3p,mpair_00002371,eval,3,"QED,HBD,HBA",Cn1cc(C(=O)c2ccc(-n3ccnc3)cc2)cc1/C=C/C(=O)O,CCOC(=O)/C=C/c1cc(C(=O)c2ccc(-n3ccnc3)cc2)cn1C,Cn1cc(C(=O)c2ccc(-n3ccnc3)cc2)cc1/C=C/C(=O)O,O=C(c1ccc(-n2ccnc2)cc1)c1cc[nH]c1,O=C(c1ccc(-n2ccnc2)cc1)c1cc[nH]c1,True,False,False,source_identity,1.0,0.7454545454545455,,,,,,,,,0.3897342663180413,0.5785260949639057,0.1887918286458644,False,,,,,0.0,1.0,1.0,True,6.0,5.0,1.0,True,,,,
edit_latent_scaffold_source_rerank,mpair_00002463_cond_00_3p,mpair_00002463,eval,3,"LogP,HBA,RB",COc1ccc(NC(=O)c2cc(OCCCN(C)C)nn2Cc2ccccc2)cc1,CN(C)CCCOc1cc(C(=O)Nc2ccc(Cl)cc2F)n(Cc2ccccc2)n1,COc1ccc(NC(=O)c2cc(OCCCN(C)C)nn2Cc2ccccc2)cc1,O=C(Nc1ccccc1)c1ccnn1Cc1ccccc1,O=C(Nc1ccccc1)c1ccnn1Cc1ccccc1,True,True,True,source_identity,1.0,0.6567164179104478,,,,,4.306700000000003,3.522800000000002,0.7839000000000009,True,,,,,,,,,,,,,5.0,6.0,1.0,True,9.0,10.0,1.0,True
edit_latent_scaffold_source_rerank,mpair_00002466_cond_01_3p,mpair_00002466,eval,3,"QED,HBA,RB",CN(C)CCCOc1cc(C(=O)Nc2ccc(Cl)cc2F)n(Cc2ccccc2)n1,CN(C)CCCOc1cc(C(=O)Nc2ccc(OC(F)(F)F)cc2)n(Cc2ccccc2)n1,CN(C)CCCOc1cc(C(=O)Nc2ccc(Cl)cc2F)n(Cc2ccccc2)n1,O=C(Nc1ccccc1)c1ccnn1Cc1ccccc1,O=C(Nc1ccccc1)c1ccnn1Cc1ccccc1,True,True,True,source_identity,1.0,0.6428571428571429,,,,,,,,,0.4522382232340766,0.5138601191048354,0.061621895870758836,True,,,,,,,,,6.0,5.0,1.0,True,10.0,9.0,1.0,True
edit_latent_scaffold_source_rerank,mpair_00002470_cond_00_3p,mpair_00002470,eval,3,"LogP,HBA,RB",CN(C)CCCOc1cc(C(=O)Nc2ccc(Cl)cc2F)n(Cc2ccccc2)n1,COc1ccc(NC(=O)c2cc(OCCCN(C)C)nn2Cc2ccccc2)cc1,CN(C)CCCOc1cc(C(=O)Nc2ccc(Cl)cc2F)n(Cc2ccccc2)n1,O=C(Nc1ccccc1)c1ccnn1Cc1ccccc1,O=C(Nc1ccccc1)c1ccnn1Cc1ccccc1,True,True,True,source_identity,1.0,0.6567164179104478,,,,,3.522800000000002,4.306700000000003,0.7839000000000009,True,,,,,,,,,,,,,6.0,5.0,1.0,True,10.0,9.0,1.0,True
edit_latent_scaffold_source_rerank,mpair_00002473_cond_00_3p,mpair_00002473,eval,3,"LogP,HBA,RB",COc1ccc(NC(=O)c2cc(OCCCN(C)C)nn2Cc2ccccc2)cc1,CN(C)CCCOc1cc(C(=O)Nc2cccc(Cl)c2)n(Cc2ccccc2)n1,COc1ccc(NC(=O)c2cc(OCCCN(C)C)nn2Cc2ccccc2)cc1,O=C(Nc1ccccc1)c1ccnn1Cc1ccccc1,O=C(Nc1ccccc1)c1ccnn1Cc1ccccc1,True,True,True,source_identity,1.0,0.7419354838709677,,,,,4.167600000000003,3.522800000000002,0.6448000000000009,True,,,,,,,,,,,,,5.0,6.0,1.0,True,9.0,10.0,1.0,True
edit_latent_scaffold_source_rerank,mpair_00002478_cond_02_3p,mpair_00002478,eval,3,"MW,LogP,QED",CN(C)CCCOc1cc(C(=O)Nc2cccc(Cl)c2)n(Cc2ccccc2)n1,CN(C)CCCOc1cc(C(=O)Nc2cc(F)cc(C(F)(F)F)c2)n(Cc2ccccc2)n1,CN(C)CCCOc1cc(C(=O)Nc2cccc(Cl)c2)n(Cc2ccccc2)n1,O=C(Nc1ccccc1)c1ccnn1Cc1ccccc1,O=C(Nc1ccccc1)c1ccnn1Cc1ccccc1,True,False,False,source_identity,1.0,0.6764705882352942,464.4630000000001,412.9210000000001,51.54199999999997,False,4.672100000000003,4.167600000000003,0.5045000000000002,True,0.369385517709234,0.5357556879239462,0.16637017021471223,False,,,,,,,,,,,,,,,,
edit_latent_scaffold_source_rerank,mpair_00002483_cond_00_3p,mpair_00002483,eval,3,"LogP,HBA,RB",COc1cc(NC(=O)c2cc(OCCCN(C)C)nn2Cc2ccccc2)cc(OC)c1OC,CN(C)CCCOc1cc(C(=O)Nc2ccc(OC(F)(F)F)cc2)n(Cc2ccccc2)n1,COc1cc(NC(=O)c2cc(OCCCN(C)C)nn2Cc2ccccc2)cc(OC)c1OC,O=C(Nc1ccccc1)c1ccnn1Cc1ccccc1,O=C(Nc1ccccc1)c1ccnn1Cc1ccccc1,True,False,False,source_identity,1.0,0.6764705882352942,,,,,4.412800000000003,3.5400000000000027,0.8728000000000007,True,,,,,,,,,,,,,6.0,8.0,2.0,False,10.0,12.0,2.0,False
edit_latent_scaffold_source_rerank,mpair_00002488_cond_01_3p,mpair_00002488,eval,3,"LogP,TPSA,HBD",C=Cc1cc(C(=O)OCC)n(S(=O)(=O)c2cc(Cl)ccc2N)c1,CC(C)OC(=O)c1cc(CO)cn1S(=O)(=O)c1cc(Cl)ccc1N,N/C(S)=N/N=C/c1cccn1S(=O)(=O)c1ccccc1,O=S(=O)(c1ccccc1)n1cccc1,O=S(=O)(c1ccccc1)n1cccc1,True,False,False,,0.16,0.14666666666666667,,,,,2.0182,1.3035,0.7147000000000001,True,,,,,111.61999999999999,89.81,21.809999999999988,False,2.0,2.0,0.0,True,,,,,,,,
edit_latent_scaffold_source_rerank,mpair_00002498_cond_01_3p,mpair_00002498,eval,3,"MW,QED,RB",CCc1ccc(NC2=C(Cl)C(=O)c3ncncc3C2=O)cc1,O=C1C(Nc2cccc(Br)c2)=C(Cl)C(=O)c2ncncc21,O=C1C(Nc2cccc(Cl)c2)=C(Cl)C(=O)c2ncncc21,O=C1C(Nc2ccccc2)=CC(=O)c2ncncc21,O=C1C(Nc2ccccc2)=CC(=O)c2ncncc21,True,False,False,,0.6122448979591837,0.7777777777777778,364.58600000000007,320.135,44.45100000000008,False,,,,,0.885902971993687,0.9205249949064266,0.034622022912739636,True,,,,,,,,,,,,,2.0,2.0,0.0,True
edit_latent_scaffold_source_rerank,mpair_00002502_cond_02_3p,mpair_00002502,eval,3,"MW,QED,RB",O=C1C(Nc2cccc(Br)c2)=C(Cl)C(=O)c2ncncc21,CCc1ccc(NC2=C(Cl)C(=O)c3ncncc3C2=O)cc1,O=C1C(Nc2cccc(Cl)c2)=C(Cl)C(=O)c2ncncc21,O=C1C(Nc2ccccc2)=CC(=O)c2ncncc21,O=C1C(Nc2ccccc2)=CC(=O)c2ncncc21,True,True,True,,0.7777777777777778,0.6122448979591837,313.744,320.135,6.390999999999963,True,,,,,0.9428073960459649,0.9205249949064266,0.022282401139538277,True,,,,,,,,,,,,,3.0,2.0,1.0,True
edit_latent_scaffold_source_rerank,mpair_00002505_cond_02_3p,mpair_00002505,eval,3,"QED,HBA,RB",COc1ccc(C(=O)CN2c3ccccc3C(=O)N(Cc3ccccc3)S2(=O)=O)cc1,O=C(CN1c2ccccc2C(=O)N(Cc2ccccc2)S1(=O)=O)c1ccccc1,COc1ccc(C(=O)CN2c3ccccc3C(=O)N(Cc3ccccc3)S2(=O)=O)cc1,O=C(CN1c2ccccc2C(=O)N(Cc2ccccc2)S1(=O)=O)c1ccccc1,O=C(CN1c2ccccc2C(=O)N(Cc2ccccc2)S1(=O)=O)c1ccccc1,True,True,True,source_identity,1.0,0.7916666666666666,,,,,,,,,0.6096951629926923,0.5539335722556151,0.055761590737077205,True,,,,,,,,,4.0,5.0,1.0,True,5.0,6.0,1.0,True
edit_latent_scaffold_source_rerank,mpair_00002516_cond_02_3p,mpair_00002516,eval,3,"LogP,TPSA,HBA",CSc1cc(-c2ccc(Cl)cc2)oc(=O)c1Br,CSc1cc(-c2ccc(Br)cc2)oc(=O)c1C#N,CSc1cc(-c2ccc(F)cc2)oc(=O)c1,O=c1cccc(-c2ccccc2)o1,O=c1cccc(-c2ccccc2)o1,True,False,False,,0.3695652173913043,0.3469387755102041,,,,,3.662880000000002,3.1678000000000024,0.49507999999999974,True,,,,,54.0,30.21,23.79,False,,,,,4.0,3.0,1.0,True,,,,
edit_latent_scaffold_source_rerank,mpair_00002546_cond_01_3p,mpair_00002546,eval,3,"MW,QED,HBA",CSc1cc(-c2ccc(Br)cc2)oc(=O)c1Br,CSc1cc(-c2ccc(Br)cc2)oc(=O)c1C#N,CSc1cc(-c2ccc(F)cc2)oc(=O)c1,O=c1cccc(-c2ccccc2)o1,O=c1cccc(-c2ccccc2)o1,True,False,False,,0.38636363636363635,0.3469387755102041,322.1830000000001,236.26699999999997,85.91600000000014,False,,,,,0.791886779601309,0.7501191134076561,0.04176766619365291,True,,,,,,,,,4.0,3.0,1.0,True,,,,
edit_latent_scaffold_source_rerank,mpair_00002560_cond_02_3p,mpair_00002560,eval,3,"MW,QED,HBA",CSc1nc(-c2ccc(Cl)cc2)nn1C(=O)N(C)c1ccccc1,CSc1nc(-c2ccc(OC(F)(F)F)cc2)nn1C(=O)N(C)c1ccccc1,CSc1nc(-c2ccc(Cl)cc2)nn1C(=O)N(C)c1ccccc1,O=C(Nc1ccccc1)n1cnc(-c2ccccc2)n1,O=C(Nc1ccccc1)n1cnc(-c2ccccc2)n1,True,False,False,source_identity,1.0,0.7037037037037037,408.4050000000001,358.85400000000004,49.551000000000045,False,,,,,0.5874043626188404,0.6499636794176425,0.06255931679880211,True,,,,,,,,,6.0,5.0,1.0,True,,,,
edit_latent_scaffold_source_rerank,mpair_00002570_cond_01_3p,mpair_00002570,eval,3,"QED,TPSA,HBA",CCN(CC)C(=O)OCC1CN(C(=O)c2cc(OC)c(OC)c(OC)c2)CCN1C(=O)c1cc(OC)c(OC)c(OC)c1,COc1cc(C(=O)N2CCN(C(=O)c3cc(OC)c(OC)c(OC)c3)CC2)cc(OC)c1OC,CCN(CC)C(=O)OCC1CN(C(=O)c2cc(OC)c(OC)c(OC)c2)CCN1C(=O)c1cc(OC)c(OC)c(OC)c1,O=C(c1ccccc1)N1CCN(C(=O)c2ccccc2)CC1,O=C(c1ccccc1)N1CCN(C(=O)c2ccccc2)CC1,True,False,False,source_identity,1.0,0.52,,,,,,,,,0.5754127815390553,0.3571777118480848,0.2182350696909705,False,96.00000000000001,125.54,29.539999999999992,False,,,,,8.0,10.0,2.0,False,,,,
edit_latent_scaffold_source_rerank,mpair_00002580_cond_00_3p,mpair_00002580,eval,3,"LogP,HBD,HBA",COc1cc(C(=O)N2CCN(C(=O)c3cc(OC)c(OC)c(OC)c3)C(COC(C)=O)C2)cc(OC)c1OC,COc1cc(C(=O)N2CCN(C(=O)c3cc(OC)c(OC)c(OC)c3)C(CO)C2)cc(OC)c1OC,COc1cc(C(=O)N2CCN(C(=O)c3cc(OC)c(OC)c(OC)c3)C(COC(C)=O)C2)cc(OC)c1OC,O=C(c1ccccc1)N1CCN(C(=O)c2ccccc2)CC1,O=C(c1ccccc1)N1CCN(C(=O)c2ccccc2)CC1,True,True,True,source_identity,1.0,0.75,,,,,1.6973000000000003,2.2681000000000004,0.5708000000000002,True,,,,,,,,,1.0,0.0,1.0,True,9.0,10.0,1.0,True,,,,
edit_latent_scaffold_source_rerank,mpair_00002585_cond_01_3p,mpair_00002585,eval,3,"QED,TPSA,RB",COc1cc(C(=O)N2CCN(C(=O)c3cc(OC)c(OC)c(OC)c3)C(COC(C)=O)C2)cc(OC)c1OC,COc1cc(C(=O)N2CCN(C(=O)c3cc(OC)c(OC)c(OC)c3)CC2)cc(OC)c1OC,COc1cc(C(=O)N2CCN(C(=O)c3cc(OC)c(OC)c(OC)c3)C(COC(C)=O)C2)cc(OC)c1OC,O=C(c1ccccc1)N1CCN(C(=O)c2ccccc2)CC1,O=C(c1ccccc1)N1CCN(C(=O)c2ccccc2)CC1,True,False,False,source_identity,1.0,0.5777777777777777,,,,,,,,,0.5754127815390553,0.41028124355120477,0.16513153798785052,False,96.00000000000001,122.30000000000001,26.299999999999997,False,,,,,,,,,8.0,10.0,2.0,False
edit_latent_scaffold_source_rerank,mpair_00002590_cond_00_3p,mpair_00002590,eval,3,"MW,HBD,RB",COc1cc(C(=O)N2CCN(C(=O)c3cc(OC)c(OC)c(OC)c3)C(COC(=O)NCCC(C)C)C2)cc(OC)c1OC,COc1cc(C(=O)N2CCN(C(=O)c3cc(OC)c(OC)c(OC)c3)C(COC(C)=O)C2)cc(OC)c1OC,COc1cc(C(=O)N2CCN(C(=O)c3cc(OC)c(OC)c(OC)c3)C(COC(=O)NCCC(C)C)C2)cc(OC)c1OC,O=C(c1ccccc1)N1CCN(C(=O)c2ccccc2)CC1,O=C(c1ccccc1)N1CCN(C(=O)c2ccccc2)CC1,True,False,False,source_identity,1.0,0.7017543859649122,546.5730000000003,617.6960000000003,71.12299999999993,False,,,,,,,,,,,,,0.0,1.0,1.0,True,,,,,10.0,13.0,3.0,False
edit_latent_scaffold_source_rerank,mpair_00002596_cond_02_3p,mpair_00002596,eval,3,"HBD,HBA,RB",COc1ccc(C(=O)Nc2c(F)cncc2F)c2ccc(C(F)(F)F)nc12,COc1ccc(C(=O)Nc2c(Cl)cncc2Cl)c2ccc(C(C)O)nc12,COc1ccc(C(=O)Nc2c(F)cncc2F)c2ccc(C(F)(F)F)nc12,O=C(Nc1ccncc1)c1cccc2ncccc12,O=C(Nc1ccncc1)c1cccc2ncccc12,True,True,True,source_identity,1.0,0.532258064516129,,,,,,,,,,,,,,,,,2.0,1.0,1.0,True,5.0,4.0,1.0,True,4.0,3.0,1.0,True
edit_latent_scaffold_source_rerank,mpair_00002601_cond_01_3p,mpair_00002601,eval,3,"MW,LogP,QED",COc1ccc(C(=O)Nc2ccncc2Cl)c2cccnc12,COc1ccc(C(=O)Nc2ccncc2Cl)c2ccc(C(F)(F)F)nc12,COc1ccc(C(=O)Nc2ccncc2Cl)c2cccnc12,O=C(Nc1ccncc1)c1cccc2ncccc12,O=C(Nc1ccncc1)c1cccc2ncccc12,True,False,False,source_identity,1.0,0.6724137931034483,381.74100000000004,313.744,67.99700000000001,False,4.562900000000002,3.544100000000002,1.0187999999999997,False,0.7218484507203837,0.8029165077767629,0.0810680570563792,True,,,,,,,,,,,,,,,,
edit_latent_scaffold_source_rerank,mpair_00002605_cond_01_3p,mpair_00002605,eval,3,"TPSA,HBD,HBA",COc1ccc(C(=O)Nc2c(Cl)cncc2Cl)c2ccc(C(C)O)nc12,COc1ccc(C(=O)Nc2c(F)cncc2F)c2ccc(C(F)(F)F)nc12,COc1ccc(C(=O)Nc2c(Cl)cncc2Cl)c2ccc(C(C)O)nc12,O=C(Nc1ccncc1)c1cccc2ncccc12,O=C(Nc1ccncc1)c1cccc2ncccc12,True,False,False,source_identity,1.0,0.532258064516129,,,,,,,,,,,,,64.11,84.34,20.230000000000004,False,1.0,2.0,1.0,True,4.0,5.0,1.0,True,,,,
edit_latent_scaffold_source_rerank,mpair_00002610_cond_02_3p,mpair_00002610,eval,3,"LogP,TPSA,HBD",CCc1ccc2c(C(=O)Nc3c(Cl)cncc3Cl)ccc(OC)c2n1,COc1ccc(C(=O)Nc2c(Cl)cncc2Cl)c2ccc(C(C)O)nc12,CCc1ccc2c(C(=O)Nc3c(Cl)cncc3Cl)ccc(OC)c2n1,O=C(Nc1ccncc1)c1cccc2ncccc12,O=C(Nc1ccncc1)c1cccc2ncccc12,True,False,False,source_identity,1.0,0.6964285714285714,,,,,4.2508000000000035,4.759900000000003,0.5090999999999992,True,,,,,84.34,64.11,20.230000000000004,False,2.0,1.0,1.0,True,,,,,,,,
edit_latent_scaffold_source_rerank,mpair_00002617_cond_00_3p,mpair_00002617,eval,3,"TPSA,HBA,RB",COc1ccc(C(=O)Nc2c(Cl)cncc2Cl)c2ccc(C(C)=O)nc12,COc1ccc(C(=O)Nc2ccncc2Cl)c2ccc(C(F)(F)F)nc12,COc1ccc(C(=O)Nc2c(Cl)cncc2Cl)c2ccc(C(C)=O)nc12,O=C(Nc1ccncc1)c1cccc2ncccc12,O=C(Nc1ccncc1)c1cccc2ncccc12,True,True,True,source_identity,1.0,0.5396825396825397,,,,,,,,,,,,,64.11,81.17999999999999,17.069999999999993,True,,,,,4.0,5.0,1.0,True,3.0,4.0,1.0,True
edit_latent_scaffold_source_rerank,mpair_00002624_cond_01_3p,mpair_00002624,eval,3,"MW,LogP,QED",COc1ccc(C(=O)Nc2ccncc2Cl)c2ccc(C(F)(F)F)nc12,COc1ccc(C(=O)Nc2ccncc2Cl)c2cccnc12,COc1ccc(C(=O)Nc2ccncc2Cl)c2ccc(C(F)(F)F)nc12,O=C(Nc1ccncc1)c1cccc2ncccc12,O=C(Nc1ccncc1)c1cccc2ncccc12,True,False,False,source_identity,1.0,0.6724137931034483,313.744,381.74100000000004,67.99700000000001,False,3.544100000000002,4.562900000000002,1.0187999999999997,False,0.8029165077767629,0.7218484507203837,0.0810680570563792,True,,,,,,,,,,,,,,,,
edit_latent_scaffold_source_rerank,mpair_00002631_cond_01_3p,mpair_00002631,eval,3,"LogP,HBD,HBA",CC(C)(C)[C@H](O)C(=O)N1C[C@H](c2ccccc2)C[C@H]1C(=O)N[C@@H](CC(F)F)C(=O)NCCc1c(F)cc(C(=O)O)cc1F,CC(C)CC(=O)N1C[C@H](c2ccccc2)C[C@H]1C(=O)N[C@@H](CC(F)F)C(=O)NCCc1c(F)cc(C(=O)O)cc1F,CC(C)(C)[C@H](O)C(=O)N1C[C@H](c2ccccc2)C[C@H]1C(=O)N[C@@H](CC(F)F)C(=O)NCCc1c(F)cc(C(=O)O)cc1F,O=C(CNC(=O)[C@@H]1C[C@@H](c2ccccc2)CN1)NCCc1ccccc1,O=C(CNC(=O)[C@@H]1C[C@@H](c2ccccc2)CN1)NCCc1ccccc1,True,True,True,source_identity,1.0,0.7567567567567568,,,,,3.892500000000002,3.253400000000001,0.6391000000000009,True,,,,,,,,,3.0,4.0,1.0,True,4.0,5.0,1.0,True,,,,
edit_latent_scaffold_source_rerank,mpair_00003115_cond_01_3p,mpair_00003115,eval,3,"MW,LogP,QED",Cc1nc2nncnn2c(=O)c1C,Cc1nc2nnc(C(C)(C)C)nn2c(=O)c1C,Cc1nc2nncnn2c(=O)c1C,O=c1ccnc2nncnn12,O=c1ccnc2nncnn12,True,False,False,source_identity,1.0,0.48717948717948717,233.27499999999998,177.167,56.107999999999976,False,0.7938399999999997,-0.5036600000000002,1.2974999999999999,False,0.6723856505150625,0.541825521381232,0.13056012913383053,False,,,,,,,,,,,,,,,,
edit_latent_scaffold_source_rerank,mpair_00003206_cond_01_3p,mpair_00003206,eval,3,"MW,LogP,HBA",CCOC(=O)N1CCN(S(=O)(=O)c2ccc(-n3ncc(=O)[nH]c3=O)cc2Cl)CC1,Cc1cc(-n2ncc(=O)[nH]c2=O)ccc1S(=O)(=O)N1CCN(C=O)CC1,CCOC(=O)N1CCN(S(=O)(=O)c2ccc(-n3ncc(=O)[nH]c3=O)cc2Cl)CC1,O=c1cnn(-c2ccc(S(=O)(=O)N3CCNCC3)cc2)c(=O)[nH]1,O=c1cnn(-c2ccc(S(=O)(=O)N3CCNCC3)cc2)c(=O)[nH]1,True,False,False,source_identity,1.0,0.5625,379.39800000000025,443.86900000000026,64.471,False,-1.3080799999999981,0.037000000000000144,1.3450799999999983,False,,,,,,,,,,,,,7.0,8.0,1.0,True,,,,
edit_latent_scaffold_source_rerank,mpair_00003210_cond_01_3p,mpair_00003210,eval,3,"MW,LogP,RB",CC[C@H]1OC(=O)[C@H](C)[C@@H](O)[C@H](C)[C@@H](OC2O[C@H](C)C[C@H](N(C)C)C2O)[C@@](C)(OC)C[C@@H](C)C(=O)[C@H](C)[C@@H](O)[C@]1(C)O,CC[C@H]1OC(=O)[C@H](C)[C@@H](OC(C)=O)[C@H](C)[C@@H](OC2O[C@H](C)C[C@H](N(C)C)C2O)[C@@](C)(OC)C[C@@H](C)C(=O)[C@H](C)[C@@H](O)[C@]1(C)O,CC[C@H]1OC(=O)[C@H](C)[C@@H](O)[C@H](C)[C@@H](OC2O[C@H](C)C[C@H](N(C)C)C2O)[C@@](C)(OC)C[C@@H](C)C(=O)[C@H](C)[C@@H](O)[C@]1(C)O,O=C1CCCCOC(=O)CCC[C@@H](OC2CCCCO2)CCC1,O=C1CCCCOC(=O)CCC[C@@H](OC2CCCCO2)CCC1,True,False,False,source_identity,1.0,0.821917808219178,631.8040000000003,589.7670000000004,42.03699999999992,False,2.0853000000000033,1.5145000000000022,0.5708000000000011,True,,,,,,,,,,,,,,,,,6.0,5.0,1.0,True
edit_latent_scaffold_source_rerank,mpair_00003219_cond_02_3p,mpair_00003219,eval,3,"MW,LogP,QED",COc1ccc(S(=O)(=O)N(Cc2cccnc2)c2c(C)cccc2C(=O)NO)cc1,COc1ccc(S(=O)(=O)N(Cc2cccnc2)c2c(C)cc(Br)cc2C(=O)NO)cc1,COc1ccc(S(=O)(=O)N(Cc2cccnc2)c2c(C)cccc2C(=O)NO)cc1,O=S(=O)(c1ccccc1)N(Cc1cccnc1)c1ccccc1,O=S(=O)(c1ccccc1)N(Cc1cccnc1)c1ccccc1,True,False,False,source_identity,1.0,0.819672131147541,506.37800000000016,427.48200000000014,78.89600000000002,False,3.675620000000001,2.91312,0.7625000000000011,True,0.3740614499694089,0.44330794633881315,0.06924649636940428,True,,,,,,,,,,,,,,,,
edit_latent_scaffold_source_rerank,mpair_00003223_cond_01_3p,mpair_00003223,eval,3,"MW,LogP,QED",COc1ccc(S(=O)(=O)N(Cc2cccnc2)c2c(C)cc(Br)cc2C(=O)NO)cc1,COc1ccc(S(=O)(=O)N(Cc2cccnc2)c2c(C)cccc2C(=O)NO)cc1,COc1ccc(S(=O)(=O)N(Cc2cccnc2)c2c(C)cc(Br)cc2C(=O)NO)cc1,O=S(=O)(c1ccccc1)N(Cc1cccnc1)c1ccccc1,O=S(=O)(c1ccccc1)N(Cc1cccnc1)c1ccccc1,True,False,False,source_identity,1.0,0.819672131147541,427.48200000000014,506.37800000000016,78.89600000000002,False,2.91312,3.675620000000001,0.7625000000000011,True,0.44330794633881315,0.3740614499694089,0.06924649636940428,True,,,,,,,,,,,,,,,,
edit_latent_scaffold_source_rerank,mpair_00003535_cond_02_3p,mpair_00003535,eval,3,"MW,LogP,QED",O=S(=O)(CC(F)(F)F)N(Cc1cccnc1)c1cccc(OC(F)(F)F)c1,COc1cccc(N(Cc2cccnc2)S(=O)(=O)CC(F)(F)F)c1,O=S(=O)(CC(F)(F)F)N(Cc1cccnc1)c1cccc(OC(F)(F)F)c1,c1ccc(NCc2cccnc2)cc1,c1ccc(NCc2cccnc2)cc1,True,False,False,source_identity,1.0,0.8076923076923077,360.3570000000001,414.32700000000006,53.96999999999997,False,2.988900000000002,3.8789000000000025,0.8900000000000006,True,0.7946521442277092,0.6736163493728189,0.12103579485489036,False,,,,,,,,,,,,,,,,
edit_latent_scaffold_source_rerank,mpair_00003540_cond_01_3p,mpair_00003540,eval,3,"QED,TPSA,HBA",CCCC(C)Oc1cccc(N(Cc2cccnc2)S(=O)(=O)CC(F)(F)F)c1,CCOC(=O)C(C)Oc1cccc(N(Cc2cccnc2)S(=O)(=O)CC(F)(F)F)c1,CCCC(C)Oc1cccc(N(Cc2cccnc2)S(=O)(=O)CC(F)(F)F)c1,c1ccc(NCc2cccnc2)cc1,c1ccc(NCc2cccnc2)cc1,True,False,False,source_identity,1.0,0.746031746031746,,,,,,,,,0.5496815697636838,0.6018859517288218,0.05220438196513799,True,85.80000000000001,59.5,26.30000000000001,False,,,,,6.0,4.0,2.0,False,,,,
edit_latent_scaffold_source_rerank,mpair_00003546_cond_02_3p,mpair_00003546,eval,3,"MW,LogP,QED",COc1cccc(N(Cc2cccnc2)S(=O)(=O)CC(F)(F)F)c1,CCCC(C)Oc1cccc(N(Cc2cccnc2)S(=O)(=O)CC(F)(F)F)c1,COc1cccc(N(Cc2cccnc2)S(=O)(=O)CC(F)(F)F)c1,c1ccc(NCc2cccnc2)cc1,c1ccc(NCc2cccnc2)cc1,True,False,False,source_identity,1.0,0.7413793103448276,416.4650000000001,360.3570000000001,56.108000000000004,False,4.547700000000003,2.988900000000002,1.5588000000000015,False,0.6018859517288218,0.7946521442277092,0.1927661924988875,False,,,,,,,,,,,,,,,,
edit_latent_scaffold_source_rerank,mpair_00000014_cond_02_4p,mpair_00000014,eval,4,"MW,LogP,TPSA,HBA",O=C(O)[C@@H]1C[C@H]2C[C@@H](CCS(=O)(=O)O)CC[C@H]2CN1,O=C(O)CC[C@H]1CC[C@H]2CN[C@H](C(=O)O)C[C@H]2C1,O=C(O)[C@@H]1C[C@H]2C[C@@H](CCS(=O)(=O)O)CC[C@H]2CN1,C1CC[C@H]2CNCC[C@H]2C1,C1CC[C@H]2CNCC[C@H]2C1,True,False,False,source_identity,1.0,0.6829268292682927,255.314,291.36899999999997,36.05499999999998,False,1.3301999999999996,0.7433000000000001,0.5868999999999995,True,,,,,86.63000000000001,103.7,17.069999999999993,True,,,,,3.0,4.0,1.0,True,,,,
edit_latent_scaffold_source_rerank,mpair_00000322_cond_02_4p,mpair_00000322,eval,4,"MW,LogP,QED,HBA",N[C@@H](C(=O)N[C@@H]1C(=O)N2C(C(=O)O)=C(C(F)(F)F)CC[C@H]12)c1cccc(C(F)(F)F)c1,CSC1=C(C(=O)O)N2C(=O)[C@@H](NC(=O)[C@H](N)c3ccccc3)[C@H]2CC1,N[C@@H](C(=O)N[C@@H]1C(=O)N2C(C(=O)O)=C(C(F)(F)F)CC[C@H]12)c1cccc(C(F)(F)F)c1,O=C(Cc1ccccc1)N[C@@H]1C(=O)N2C=CCC[C@H]12,O=C(Cc1ccccc1)N[C@@H]1C(=O)N2C=CCC[C@H]12,True,False,False,source_identity,1.0,0.5757575757575758,361.42300000000006,451.3230000000001,89.90000000000003,False,0.8350000000000002,2.0955999999999997,1.2605999999999995,False,0.6699274889764619,0.4795891963980345,0.19033829257842744,False,,,,,,,,,5.0,4.0,1.0,True,,,,
edit_latent_scaffold_source_rerank,mpair_00000326_cond_02_4p,mpair_00000326,eval,4,"MW,QED,TPSA,HBD",N[C@@H](C(=O)N[C@@H]1C(=O)N2C(C(=O)O)=C(C(F)(F)F)CC[C@H]12)c1ccc(O)cc1,CSC1=C(C(=O)O)N2C(=O)[C@@H](NC(=O)[C@H](N)c3ccccc3)[C@H]2CC1,N[C@@H](C(=O)N[C@@H]1C(=O)N2C(C(=O)O)=C(C(F)(F)F)CC[C@H]12)c1ccc(O)cc1,O=C(Cc1ccccc1)N[C@@H]1C(=O)N2C=CCC[C@H]12,O=C(Cc1ccccc1)N[C@@H]1C(=O)N2C=CCC[C@H]12,True,False,False,source_identity,1.0,0.5873015873015873,361.42300000000006,399.3250000000001,37.902000000000044,False,,,,,0.6699274889764619,0.5533729404309352,0.11655454854552671,False,112.73,132.96,20.230000000000004,False,3.0,4.0,1.0,True,,,,,,,,
edit_latent_scaffold_source_rerank,mpair_00000339_cond_02_4p,mpair_00000339,eval,4,"MW,LogP,HBD,HBA",N[C@@H](C(=O)N[C@@H]1C(=O)N2C(C(=O)O)=C(C(F)(F)F)CC[C@H]12)c1cccc(C(F)(F)F)c1,N[C@@H](C(=O)N[C@@H]1C(=O)N2C(C(=O)O)=C(C(F)(F)F)CC[C@H]12)c1ccc(O)cc1,N[C@@H](C(=O)N[C@@H]1C(=O)N2C(C(=O)O)=C(C(F)(F)F)CC[C@H]12)c1cccc(C(F)(F)F)c1,O=C(Cc1ccccc1)N[C@@H]1C(=O)N2C=CCC[C@H]12,O=C(Cc1ccccc1)N[C@@H]1C(=O)N2C=CCC[C@H]12,True,False,False,source_identity,1.0,0.7377049180327869,399.3250000000001,451.3230000000001,51.99799999999999,False,0.7823999999999993,2.0955999999999997,1.3132000000000004,False,,,,,,,,,4.0,3.0,1.0,True,5.0,4.0,1.0,True,,,,
edit_latent_scaffold_source_rerank,mpair_00000588_cond_02_4p,mpair_00000588,eval,4,"QED,TPSA,HBD,HBA",OC[C@@H]1N[C@@H](CCCCc2ccc(O)cc2)[C@H](O)[C@H]1O,OC[C@@H]1N[C@@H](CCCCc2cc(F)cc(F)c2)[C@H](O)[C@H]1O,OC[C@@H]1N[C@@H](CCCCc2ccc(O)cc2)[C@H](O)[C@H]1O,c1ccc(CCCC[C@H]2CCCN2)cc1,c1ccc(CCCC[C@H]2CCCN2)cc1,True,False,False,source_identity,1.0,0.625,,,,,,,,,0.5846986769843887,0.47902706341404183,0.10567161357034688,False,72.72,92.95,20.230000000000004,False,4.0,5.0,1.0,True,4.0,5.0,1.0,True,,,,
edit_latent_scaffold_source_rerank,mpair_00000728_cond_00_4p,mpair_00000728,eval,4,"MW,LogP,HBD,RB",C=CCc1cc(/C=C2\SC(=O)NC2=O)c(OC)cc1OC1CCCCO1,C=CCc1cc(/C=C2\SC(=O)N(CCCC)C2=O)c(OC)cc1OC1CCCCO1,C=CCc1cc(/C=C2\SC(=O)NC2=O)c(OC)cc1OC1CCCCO1,O=C1NC(=O)/C(=C/c2ccc(OC3CCCCO3)cc2)S1,O=C1NC(=O)/C(=C/c2ccc(OC3CCCCO3)cc2)S1,True,False,False,source_identity,1.0,0.6571428571428571,431.55400000000026,375.4460000000002,56.10800000000006,False,5.165500000000004,3.6530000000000022,1.512500000000002,False,,,,,,,,,0.0,1.0,1.0,True,,,,,9.0,6.0,3.0,False
edit_latent_scaffold_source_rerank,mpair_00000735_cond_02_4p,mpair_00000735,eval,4,"MW,LogP,QED,HBD",C=CCc1cc(/C=C2\SC(=O)N(CC=C(C)C)C2=O)c(OC)cc1OC1CCCCO1,C=CCc1cc(/C=C2\SC(=O)NC2=O)c(OC)cc1OC1CCCCO1,C=CCc1cc(/C=C2\SC(=O)N(CC=C(C)C)C2=O)c(OC)cc1OC1CCCCO1,O=C1NC(=O)/C(=C/c2ccc(OC3CCCCO3)cc2)S1,O=C1NC(=O)/C(=C/c2ccc(OC3CCCCO3)cc2)S1,True,False,False,source_identity,1.0,0.647887323943662,375.4460000000002,443.5650000000003,68.11900000000009,False,3.6530000000000022,5.331600000000005,1.678600000000003,False,0.6042673504148035,0.3995752918375223,0.20469205857728123,False,,,,,1.0,0.0,1.0,True,,,,,,,,
edit_latent_scaffold_source_rerank,mpair_00000753_cond_02_4p,mpair_00000753,eval,4,"MW,TPSA,HBA,RB",O=C1CCC[C@H]2OC[C@@H](Cc3c[nH]c4ccccc34)N12,COC(=O)C[C@@H]1CC(=O)N2[C@H](Cc3c[nH]c4ccccc34)CO[C@@H]2C1,O=C1CCC[C@H]2OC[C@@H](Cc3c[nH]c4ccccc34)N12,O=C1CCC[C@H]2OC[C@@H](Cc3c[nH]c4ccccc34)N12,O=C1CCC[C@H]2OC[C@@H](Cc3c[nH]c4ccccc34)N12,True,False,False,source_identity,1.0,0.578125,342.39500000000015,270.33200000000005,72.0630000000001,False,,,,,,,,,71.63000000000001,45.330000000000005,26.300000000000004,False,,,,,4.0,2.0,2.0,False,4.0,2.0,2.0,False
edit_latent_scaffold_source_rerank,mpair_00001118_cond_00_4p,mpair_00001118,eval,4,"QED,HBD,HBA,RB",Cc1ccc(N2CCN(CCC3NC(=O)c4ccccc43)CC2)cc1C,COc1ccc(N2CCN(CCC3c4ccccc4C(=O)N3C)CC2)cc1,Cc1ccc(N2CCN(CCC3NC(=O)c4ccccc43)CC2)cc1C,O=C1NC(CCN2CCN(c3ccccc3)CC2)c2ccccc21,O=C1NC(CCN2CCN(c3ccccc3)CC2)c2ccccc21,True,False,False,source_identity,1.0,0.4444444444444444,,,,,,,,,0.8160326048332845,0.9198864151307602,0.10385381029747565,False,,,,,0.0,1.0,1.0,True,4.0,3.0,1.0,True,5.0,4.0,1.0,True
edit_latent_scaffold_source_rerank,mpair_00001616_cond_00_4p,mpair_00001616,eval,4,"QED,TPSA,HBA,RB",CC1CC(C)(C)Nc2ccc3c(c21)COc1c-3cc(F)cc1[N+](=O)[O-],CC1CC(C)(C)Nc2ccc3c(c21)COc1c(F)cc(F)cc1-3,CC1CC(C)(C)Nc2ccc3c(c21)COc1c-3cc(F)cc1[N+](=O)[O-],c1ccc2c(c1)OCc1c-2ccc2c1CCCN2,c1ccc2c(c1)OCc1c-2ccc2c1CCCN2,True,False,False,source_identity,1.0,0.7321428571428571,,,,,,,,,0.719238819171056,0.5855235809891088,0.1337152381819472,False,21.259999999999998,64.39999999999999,43.13999999999999,False,,,,,2.0,4.0,2.0,False,0.0,1.0,1.0,True
edit_latent_scaffold_source_rerank,mpair_00001619_cond_00_4p,mpair_00001619,eval,4,"QED,TPSA,HBA,RB",CC1CC(C)(C)Nc2ccc3c(c21)COc1c-3cc(F)cc1[N+](=O)[O-],Cc1cc(F)cc2c1OCc1c-2ccc2c1C(C)CC(C)(C)N2,CC1CC(C)(C)Nc2ccc3c(c21)COc1c-3cc(F)cc1[N+](=O)[O-],c1ccc2c(c1)OCc1c-2ccc2c1CCCN2,c1ccc2c(c1)OCc1c-2ccc2c1CCCN2,True,False,False,source_identity,1.0,0.7192982456140351,,,,,,,,,0.7039179552802654,0.5855235809891088,0.11839437429115651,False,21.259999999999998,64.39999999999999,43.13999999999999,False,,,,,2.0,4.0,2.0,False,0.0,1.0,1.0,True
edit_latent_scaffold_source_rerank,mpair_00002471_cond_01_4p,mpair_00002471,eval,4,"MW,LogP,TPSA,RB",CN(C)CCCOc1cc(C(=O)Nc2ccc(Cl)cc2F)n(Cc2ccccc2)n1,COc1cc(NC(=O)c2cc(OCCCN(C)C)nn2Cc2ccccc2)cc(OC)c1OC,CN(C)CCCOc1cc(C(=O)Nc2ccc(Cl)cc2F)n(Cc2ccccc2)n1,O=C(Nc1ccccc1)c1ccnn1Cc1ccccc1,O=C(Nc1ccccc1)c1ccnn1Cc1ccccc1,True,False,False,source_identity,1.0,0.6376811594202898,468.5540000000002,430.9110000000001,37.643000000000086,False,3.5400000000000027,4.306700000000003,0.7667000000000002,True,,,,,87.08000000000001,59.39,27.690000000000012,False,,,,,,,,,12.0,9.0,3.0,False
edit_latent_scaffold_source_rerank,mpair_00002483_cond_02_4p,mpair_00002483,eval,4,"LogP,TPSA,HBA,RB",COc1cc(NC(=O)c2cc(OCCCN(C)C)nn2Cc2ccccc2)cc(OC)c1OC,CN(C)CCCOc1cc(C(=O)Nc2ccc(OC(F)(F)F)cc2)n(Cc2ccccc2)n1,COc1cc(NC(=O)c2cc(OCCCN(C)C)nn2Cc2ccccc2)cc(OC)c1OC,O=C(Nc1ccccc1)c1ccnn1Cc1ccccc1,O=C(Nc1ccccc1)c1ccnn1Cc1ccccc1,True,False,False,source_identity,1.0,0.6764705882352942,,,,,4.412800000000003,3.5400000000000027,0.8728000000000007,True,,,,,68.62,87.08000000000001,18.460000000000008,True,,,,,6.0,8.0,2.0,False,10.0,12.0,2.0,False
edit_latent_scaffold_source_rerank,mpair_00002509_cond_01_4p,mpair_00002509,eval,4,"MW,LogP,QED,TPSA",CSc1cc(-c2ccc(Br)cc2)oc(=O)c1C#N,CSc1cc(-c2ccc(Br)cc2)oc(=O)c1Br,CSc1cc(-c2ccc(F)cc2)oc(=O)c1,O=c1cccc(-c2ccccc2)o1,O=c1cccc(-c2ccccc2)o1,True,False,False,,0.3469387755102041,0.38636363636363635,376.0690000000001,236.26699999999997,139.8020000000001,False,4.553700000000002,3.1678000000000024,1.3858999999999995,False,0.7207772389894862,0.7501191134076561,0.029341874418169933,True,30.21,30.21,0.0,True,,,,,,,,,,,,
edit_latent_scaffold_source_rerank,mpair_00002541_cond_00_4p,mpair_00002541,eval,4,"MW,QED,TPSA,RB",CCOC(=O)c1c(SC)c(C#N)c(-c2ccc(Br)cc2)oc1=O,CSc1cc(-c2ccc(Br)cc2)oc(=O)c1C#N,CSc1cc(-c2ccc(F)cc2)oc(=O)c1,O=c1cccc(-c2ccccc2)o1,O=c1cccc(-c2ccccc2)o1,True,False,False,,0.203125,0.3469387755102041,322.1830000000001,236.26699999999997,85.91600000000014,False,,,,,0.791886779601309,0.7501191134076561,0.04176766619365291,True,54.0,30.21,23.79,False,,,,,,,,,2.0,2.0,0.0,True
edit_latent_scaffold_source_rerank,mpair_00002559_cond_00_4p,mpair_00002559,eval,4,"MW,LogP,QED,RB",CN(C(=O)n1nc(-c2ccc(Cl)cc2)nc1SCC(F)(F)F)c1ccccc1,CSc1nc(-c2ccc(C)cc2)nn1C(=O)N(C)c1ccccc1,CN(C(=O)n1nc(-c2ccc(Cl)cc2)nc1SCC(F)(F)F)c1ccccc1,O=C(Nc1ccccc1)n1cnc(-c2ccccc2)n1,O=C(Nc1ccccc1)n1cnc(-c2ccccc2)n1,True,False,False,source_identity,1.0,0.5862068965517241,338.43600000000004,426.8510000000001,88.41500000000008,False,4.079920000000002,5.357400000000003,1.2774800000000006,False,0.6753188675979567,0.5270344401044634,0.14828442749349324,False,,,,,,,,,,,,,3.0,4.0,1.0,True
edit_latent_scaffold_source_rerank,mpair_00002569_cond_01_4p,mpair_00002569,eval,4,"TPSA,HBD,HBA,RB",COc1cc(C(=O)N2CCN(C(=O)c3cc(OC)c(OC)c(OC)c3)CC2)cc(OC)c1OC,COc1cc(C(=O)N2CCN(C(=O)c3cc(OC)c(OC)c(OC)c3)C(CO)C2)cc(OC)c1OC,COc1cc(C(=O)N2CCN(C(=O)c3cc(OC)c(OC)c(OC)c3)CC2)cc(OC)c1OC,O=C(c1ccccc1)N1CCN(C(=O)c2ccccc2)CC1,O=C(c1ccccc1)N1CCN(C(=O)c2ccccc2)CC1,True,False,False,source_identity,1.0,0.6341463414634146,,,,,,,,,,,,,116.23000000000002,96.00000000000001,20.230000000000004,False,1.0,0.0,1.0,True,9.0,8.0,1.0,True,9.0,8.0,1.0,True
edit_latent_scaffold_source_rerank,mpair_00002581_cond_00_4p,mpair_00002581,eval,4,"LogP,QED,TPSA,HBA",COc1cc(C(=O)N2CCN(C(=O)c3cc(OC)c(OC)c(OC)c3)C(COC(=O)CC(C)(C)C)C2)cc(OC)c1OC,COc1cc(C(=O)N2CCN(C(=O)c3cc(OC)c(OC)c(OC)c3)CC2)cc(OC)c1OC,COc1cc(C(=O)N2CCN(C(=O)c3cc(OC)c(OC)c(OC)c3)C(COC(=O)CC(C)(C)C)C2)cc(OC)c1OC,O=C(c1ccccc1)N1CCN(C(=O)c2ccccc2)CC1,O=C(c1ccccc1)N1CCN(C(=O)c2ccccc2)CC1,True,False,False,source_identity,1.0,0.52,,,,,2.3364000000000003,3.684400000000003,1.3480000000000025,False,0.5754127815390553,0.3521539372279048,0.2232588443111505,False,96.00000000000001,122.30000000000001,26.299999999999997,False,,,,,8.0,10.0,2.0,False,,,,
edit_latent_scaffold_source_rerank,mpair_00002592_cond_00_4p,mpair_00002592,eval,4,"MW,QED,TPSA,RB",COc1cc(C(=O)N2CCN(C(=O)c3cc(OC)c(OC)c(OC)c3)CC2)cc(OC)c1OC,COc1cc(C(=O)N2CCN(C(=O)c3cc(OC)c(OC)c(OC)c3)C(COC(C)=O)C2)cc(OC)c1OC,COc1cc(C(=O)N2CCN(C(=O)c3cc(OC)c(OC)c(OC)c3)CC2)cc(OC)c1OC,O=C(c1ccccc1)N1CCN(C(=O)c2ccccc2)CC1,O=C(c1ccccc1)N1CCN(C(=O)c2ccccc2)CC1,True,False,False,source_identity,1.0,0.5777777777777777,546.5730000000003,474.51000000000033,72.06299999999999,False,,,,,0.41028124355120477,0.5754127815390553,0.16513153798785052,False,122.30000000000001,96.00000000000001,26.299999999999997,False,,,,,,,,,10.0,8.0,2.0,False
edit_latent_scaffold_source_rerank,mpair_00002596_cond_00_4p,mpair_00002596,eval,4,"TPSA,HBD,HBA,RB",COc1ccc(C(=O)Nc2c(F)cncc2F)c2ccc(C(F)(F)F)nc12,COc1ccc(C(=O)Nc2c(Cl)cncc2Cl)c2ccc(C(C)O)nc12,COc1ccc(C(=O)Nc2c(F)cncc2F)c2ccc(C(F)(F)F)nc12,O=C(Nc1ccncc1)c1cccc2ncccc12,O=C(Nc1ccncc1)c1cccc2ncccc12,True,False,False,source_identity,1.0,0.532258064516129,,,,,,,,,,,,,84.34,64.11,20.230000000000004,False,2.0,1.0,1.0,True,5.0,4.0,1.0,True,4.0,3.0,1.0,True
edit_latent_scaffold_source_rerank,mpair_00002607_cond_02_4p,mpair_00002607,eval,4,"MW,LogP,HBA,RB",COc1ccc(C(=O)Nc2ccncc2Cl)c2cccnc12,COc1ccc(C(=O)Nc2c(Cl)cncc2Cl)c2ccc(C(C)=O)nc12,COc1ccc(C(=O)Nc2ccncc2Cl)c2cccnc12,O=C(Nc1ccncc1)c1cccc2ncccc12,O=C(Nc1ccncc1)c1cccc2ncccc12,True,False,False,source_identity,1.0,0.5081967213114754,390.22600000000017,313.744,76.48200000000014,False,4.400100000000002,3.544100000000002,0.8559999999999999,True,,,,,,,,,,,,,5.0,4.0,1.0,True,4.0,3.0,1.0,True
edit_latent_scaffold_source_rerank,mpair_00002617_cond_01_4p,mpair_00002617,eval,4,"QED,TPSA,HBA,RB",COc1ccc(C(=O)Nc2c(Cl)cncc2Cl)c2ccc(C(C)=O)nc12,COc1ccc(C(=O)Nc2ccncc2Cl)c2ccc(C(F)(F)F)nc12,COc1ccc(C(=O)Nc2c(Cl)cncc2Cl)c2ccc(C(C)=O)nc12,O=C(Nc1ccncc1)c1cccc2ncccc12,O=C(Nc1ccncc1)c1cccc2ncccc12,True,True,True,source_identity,1.0,0.5396825396825397,,,,,,,,,0.7218484507203837,0.6681926051832562,0.053655845537127544,True,64.11,81.17999999999999,17.069999999999993,True,,,,,4.0,5.0,1.0,True,3.0,4.0,1.0,True
edit_latent_scaffold_source_rerank,mpair_00002625_cond_00_4p,mpair_00002625,eval,4,"MW,QED,HBA,RB",COc1ccc(C(=O)Nc2c(Cl)cncc2Cl)c2ccc(C(C)O)nc12,COc1ccc(C(=O)Nc2c(Cl)cncc2Cl)c2cccnc12,COc1ccc(C(=O)Nc2c(Cl)cncc2Cl)c2ccc(C(C)O)nc12,O=C(Nc1ccncc1)c1cccc2ncccc12,O=C(Nc1ccncc1)c1cccc2ncccc12,True,False,False,source_identity,1.0,0.6428571428571429,348.1890000000001,392.24200000000013,44.053000000000054,False,,,,,0.7706046174674384,0.6936033323496321,0.07700128511780624,True,,,,,,,,,4.0,5.0,1.0,True,3.0,4.0,1.0,True
edit_latent_scaffold_source_rerank,mpair_00003114_cond_00_4p,mpair_00003114,eval,4,"MW,LogP,QED,RB",CCCCc1nnc2nc(C)c(C)c(=O)n2n1,Cc1nc2nncnn2c(=O)c1C,CCCCc1nnc2nc(C)c(C)c(=O)n2n1,O=c1ccnc2nncnn12,O=c1ccnc2nncnn12,True,False,False,source_identity,1.0,0.4418604651162791,177.167,233.275,56.108000000000004,False,-0.5036600000000002,0.8389399999999998,1.3426,False,0.541825521381232,0.7849999676400611,0.2431744462588291,False,,,,,,,,,,,,,0.0,3.0,3.0,False
edit_latent_scaffold_source_rerank,mpair_00003200_cond_00_4p,mpair_00003200,eval,4,"QED,HBD,HBA,RB",CCOC(=O)c1ccc(NCCCCCCc2cccs2)cc1,O=C(O)c1ccc(NCCCCCCc2cccs2)cc1,CCOC(=O)c1ccc(NCCCCCCc2cccs2)cc1,c1ccc(NCCCCCCc2cccs2)cc1,c1ccc(NCCCCCCc2cccs2)cc1,True,False,False,source_identity,1.0,0.7021276595744681,,,,,,,,,0.6622761596792913,0.48374526985121774,0.17853088982807358,False,,,,,2.0,1.0,1.0,True,3.0,4.0,1.0,True,9.0,10.0,1.0,True
edit_latent_scaffold_source_rerank,mpair_00003215_cond_01_4p,mpair_00003215,eval,4,"QED,TPSA,HBA,RB",COC(=O)c1ccc2c(Nc3ccc(Cl)cc3)nc(N3CCOCC3)nc2c1,Clc1ccc(Nc2nc(N3CCOCC3)nc3ccccc23)cc1,COC(=O)c1ccc2c(Nc3ccc(Cl)cc3)nc(N3CCOCC3)nc2c1,c1ccc(Nc2nc(N3CCOCC3)nc3ccccc23)cc1,c1ccc(Nc2nc(N3CCOCC3)nc3ccccc23)cc1,True,False,False,source_identity,1.0,0.631578947368421,,,,,,,,,0.784150666451108,0.6719222545699903,0.11222841188111765,False,50.28,76.58,26.299999999999997,False,,,,,5.0,7.0,2.0,False,3.0,4.0,1.0,True
edit_latent_scaffold_source_rerank,mpair_00003222_cond_01_4p,mpair_00003222,eval,4,"QED,TPSA,HBA,RB",COc1ccc(S(=O)(=O)N(Cc2cccnc2)c2c(C)cc(Br)cc2C(=O)NO)cc1,COC(=O)c1cccc(C(=O)NO)c1N(Cc1cccnc1)S(=O)(=O)c1ccc(OC)cc1,COc1ccc(S(=O)(=O)N(Cc2cccnc2)c2c(C)cc(Br)cc2C(=O)NO)cc1,O=S(=O)(c1ccccc1)N(Cc1cccnc1)c1ccccc1,O=S(=O)(c1ccccc1)N(Cc1cccnc1)c1ccccc1,True,False,False,source_identity,1.0,0.734375,,,,,,,,,0.29046454626646695,0.3740614499694089,0.08359690370294193,True,135.13,108.83000000000001,26.299999999999983,False,,,,,8.0,6.0,2.0,False,8.0,7.0,1.0,True
edit_latent_scaffold_source_rerank,mpair_00003532_cond_02_4p,mpair_00003532,eval,4,"LogP,QED,TPSA,HBA",CCOC(=O)C(C)Oc1cccc(N(Cc2cccnc2)S(=O)(=O)CC(F)(F)F)c1,CCCC(C)Oc1cccc(N(Cc2cccnc2)S(=O)(=O)CC(F)(F)F)c1,CCOC(=O)C(C)Oc1cccc(N(Cc2cccnc2)S(=O)(=O)CC(F)(F)F)c1,c1ccc(NCc2cccnc2)cc1,c1ccc(NCc2cccnc2)cc1,True,False,False,source_identity,1.0,0.746031746031746,,,,,4.547700000000003,3.3107000000000024,1.237000000000001,False,0.6018859517288218,0.5496815697636838,0.05220438196513799,True,59.5,85.80000000000001,26.30000000000001,False,,,,,4.0,6.0,2.0,False,,,,
edit_latent_scaffold_source_rerank,mpair_00003537_cond_01_4p,mpair_00003537,eval,4,"MW,LogP,TPSA,RB",CC(C)COc1cccc(N(Cc2cccnc2)S(=O)(=O)CC(F)(F)F)c1,CCOC(=O)C(C)Oc1cccc(N(Cc2cccnc2)S(=O)(=O)CC(F)(F)F)c1,CC(C)COc1cccc(N(Cc2cccnc2)S(=O)(=O)CC(F)(F)F)c1,c1ccc(NCc2cccnc2)cc1,c1ccc(NCc2cccnc2)cc1,True,False,False,source_identity,1.0,0.6984126984126984,446.4470000000001,402.43800000000005,44.00900000000007,False,3.3107000000000024,4.015100000000003,0.7044000000000006,True,,,,,85.80000000000001,59.5,26.30000000000001,False,,,,,,,,,9.0,8.0,1.0,True
edit_latent_scaffold_source_rerank,mpair_00000013_cond_00_5p,mpair_00000013,eval,5,"MW,LogP,QED,HBA,RB",COc1cccc(C(=O)N2C[C@H](CN3CCC(c4ccccc4)CC3)[C@@H](c3ccccc3)C2)c1,O=C(c1ccccc1C(F)(F)F)N1C[C@H](CN2CCC(c3ccccc3)CC2)[C@@H](c2ccccc2)C1,COc1cccc(C(=O)N2C[C@H](CN3CCC(c4ccccc4)CC3)[C@@H](c3ccccc3)C2)c1,O=C(c1ccccc1)N1C[C@H](CN2CCC(c3ccccc3)CC2)[C@@H](c2ccccc2)C1,O=C(c1ccccc1)N1C[C@H](CN2CCC(c3ccccc3)CC2)[C@@H](c2ccccc2)C1,True,False,False,source_identity,1.0,0.578125,492.5850000000002,454.61400000000015,37.97100000000006,False,6.4408000000000065,5.430600000000005,1.010200000000001,False,0.4092272471712491,0.49786269936596683,0.08863545219471775,True,,,,,,,,,2.0,3.0,1.0,True,5.0,6.0,1.0,True
edit_latent_scaffold_source_rerank,mpair_00000327_cond_01_5p,mpair_00000327,eval,5,"MW,LogP,QED,HBA,RB",CSC1=C(C(=O)O)N2C(=O)[C@@H](NC(=O)[C@H](N)c3ccccc3)[C@H]2CC1,N[C@@H](C(=O)N[C@@H]1C(=O)N2C(C(=O)O)=C(C(F)(F)F)CC[C@H]12)c1cccc(C(F)(F)F)c1,CSC1=C(C(=O)O)N2C(=O)[C@@H](NC(=O)[C@H](N)c3ccccc3)[C@H]2CC1,O=C(Cc1ccccc1)N[C@@H]1C(=O)N2C=CCC[C@H]12,O=C(Cc1ccccc1)N[C@@H]1C(=O)N2C=CCC[C@H]12,True,False,False,source_identity,1.0,0.5757575757575758,451.3230000000001,361.42300000000006,89.90000000000003,False,2.0955999999999997,0.8350000000000002,1.2605999999999995,False,0.4795891963980345,0.6699274889764619,0.19033829257842744,False,,,,,,,,,4.0,5.0,1.0,True,4.0,5.0,1.0,True
edit_latent_scaffold_source_rerank,mpair_00000335_cond_02_5p,mpair_00000335,eval,5,"MW,LogP,TPSA,HBD,HBA",N[C@@H](C(=O)N[C@@H]1C(=O)N2C(C(=O)O)=C(C(F)(F)F)CC[C@H]12)c1cccc(Br)c1,N[C@@H](C(=O)N[C@@H]1C(=O)N2C(C(=O)O)=C(C(F)(F)F)CC[C@H]12)c1ccc(O)cc1,N[C@@H](C(=O)N[C@@H]1C(=O)N2C(C(=O)O)=C(C(F)(F)F)CC[C@H]12)c1cccc(Br)c1,O=C(Cc1ccccc1)N[C@@H]1C(=O)N2C=CCC[C@H]12,O=C(Cc1ccccc1)N[C@@H]1C(=O)N2C=CCC[C@H]12,True,False,False,source_identity,1.0,0.7377049180327869,399.3250000000001,462.2220000000001,62.89699999999999,False,0.7823999999999993,1.8392999999999997,1.0569000000000004,False,,,,,132.96,112.73,20.230000000000004,False,4.0,3.0,1.0,True,5.0,4.0,1.0,True,,,,
edit_latent_scaffold_source_rerank,mpair_00000588_cond_00_5p,mpair_00000588,eval,5,"LogP,QED,TPSA,HBD,HBA",OC[C@@H]1N[C@@H](CCCCc2ccc(O)cc2)[C@H](O)[C@H]1O,OC[C@@H]1N[C@@H](CCCCc2cc(F)cc(F)c2)[C@H](O)[C@H]1O,OC[C@@H]1N[C@@H](CCCCc2ccc(O)cc2)[C@H](O)[C@H]1O,c1ccc(CCCC[C@H]2CCCN2)cc1,c1ccc(CCCC[C@H]2CCCN2)cc1,True,False,False,source_identity,1.0,0.625,,,,,0.7320999999999995,0.15949999999999964,0.5725999999999999,True,0.5846986769843887,0.47902706341404183,0.10567161357034688,False,72.72,92.95,20.230000000000004,False,4.0,5.0,1.0,True,4.0,5.0,1.0,True,,,,
edit_latent_scaffold_source_rerank,mpair_00000765_cond_01_5p,mpair_00000765,eval,5,"MW,LogP,QED,HBA,RB",COc1cccc(-c2cncc(O[C@@H]3CCNC3)c2)c1,Clc1cccc(-c2cc(O[C@@H]3CCNC3)cnc2Cl)c1,COc1cccc(-c2cncc(O[C@@H]3CCNC3)c2)c1,c1ccc(-c2cncc(O[C@@H]3CCNC3)c2)cc1,c1ccc(-c2cncc(O[C@@H]3CCNC3)c2)cc1,True,False,False,source_identity,1.0,0.5,309.196,270.33199999999994,38.86400000000009,False,3.796100000000002,2.4979000000000005,1.2982000000000014,False,0.8758671086324237,0.9267061641096688,0.0508390554772451,True,,,,,,,,,3.0,4.0,1.0,True,3.0,4.0,1.0,True
edit_latent_scaffold_source_rerank,mpair_00002474_cond_01_5p,mpair_00002474,eval,5,"MW,QED,TPSA,HBA,RB",COc1cc(NC(=O)c2cc(OCCCN(C)C)nn2Cc2ccccc2)cc(OC)c1OC,CN(C)CCCOc1cc(C(=O)Nc2ccc(Cl)cc2F)n(Cc2ccccc2)n1,COc1cc(NC(=O)c2cc(OCCCN(C)C)nn2Cc2ccccc2)cc(OC)c1OC,O=C(Nc1ccccc1)c1ccnn1Cc1ccccc1,O=C(Nc1ccccc1)c1ccnn1Cc1ccccc1,True,False,False,source_identity,1.0,0.6376811594202898,430.9110000000001,468.5540000000002,37.643000000000086,False,,,,,0.5138601191048354,0.4069700768443977,0.10689004226043775,False,59.39,87.08000000000001,27.690000000000012,False,,,,,5.0,8.0,3.0,False,9.0,12.0,3.0,False
edit_latent_scaffold_source_rerank,mpair_00002509_cond_00_5p,mpair_00002509,eval,5,"MW,LogP,QED,TPSA,HBA",CSc1cc(-c2ccc(Br)cc2)oc(=O)c1C#N,CSc1cc(-c2ccc(Br)cc2)oc(=O)c1Br,CSc1cc(-c2ccc(F)cc2)oc(=O)c1,O=c1cccc(-c2ccccc2)o1,O=c1cccc(-c2ccccc2)o1,True,False,False,,0.3469387755102041,0.38636363636363635,376.0690000000001,236.26699999999997,139.8020000000001,False,4.553700000000002,3.1678000000000024,1.3858999999999995,False,0.7207772389894862,0.7501191134076561,0.029341874418169933,True,30.21,30.21,0.0,True,,,,,3.0,3.0,0.0,True,,,,
edit_latent_scaffold_source_rerank,mpair_00002543_cond_02_5p,mpair_00002543,eval,5,"MW,QED,TPSA,HBA,RB",CSc1cc(-c2ccc(Br)cc2)oc(=O)c1Cl,CSc1cc(-c2ccc(Cl)cc2)oc(=O)c1C(N)=O,CSc1cc(-c2ccc(F)cc2)oc(=O)c1,O=c1cccc(-c2ccccc2)o1,O=c1cccc(-c2ccccc2)o1,True,False,False,,0.3695652173913043,0.34,295.747,236.26699999999997,59.48000000000005,False,,,,,0.8837306867126842,0.7501191134076561,0.13361157330502804,False,73.30000000000001,30.21,43.09000000000001,False,,,,,4.0,3.0,1.0,True,3.0,2.0,1.0,True
edit_latent_scaffold_source_rerank,mpair_00002579_cond_00_5p,mpair_00002579,eval,5,"MW,LogP,QED,HBD,HBA",COc1cc(C(=O)N2CCN(C(=O)c3cc(OC)c(OC)c(OC)c3)CC2)cc(OC)c1OC,COc1cc(C(=O)N2CCN(C(=O)c3cc(OC)c(OC)c(OC)c3)C(COC(=O)NCCC(C)C)C2)cc(OC)c1OC,COc1cc(C(=O)N2CCN(C(=O)c3cc(OC)c(OC)c(OC)c3)CC2)cc(OC)c1OC,O=C(c1ccccc1)N1CCN(C(=O)c2ccccc2)CC1,O=C(c1ccccc1)N1CCN(C(=O)c2ccccc2)CC1,True,False,False,source_identity,1.0,0.48148148148148145,617.6960000000003,474.51000000000033,143.18599999999992,False,3.4773000000000023,2.3364000000000003,1.140900000000002,False,0.3561059094946873,0.5754127815390553,0.219306872044368,False,,,,,1.0,0.0,1.0,True,10.0,8.0,2.0,False,,,,
edit_latent_scaffold_source_rerank,mpair_00002590_cond_01_5p,mpair_00002590,eval,5,"MW,LogP,QED,HBD,RB",COc1cc(C(=O)N2CCN(C(=O)c3cc(OC)c(OC)c(OC)c3)C(COC(=O)NCCC(C)C)C2)cc(OC)c1OC,COc1cc(C(=O)N2CCN(C(=O)c3cc(OC)c(OC)c(OC)c3)C(COC(C)=O)C2)cc(OC)c1OC,COc1cc(C(=O)N2CCN(C(=O)c3cc(OC)c(OC)c(OC)c3)C(COC(=O)NCCC(C)C)C2)cc(OC)c1OC,O=C(c1ccccc1)N1CCN(C(=O)c2ccccc2)CC1,O=C(c1ccccc1)N1CCN(C(=O)c2ccccc2)CC1,True,False,False,source_identity,1.0,0.7017543859649122,546.5730000000003,617.6960000000003,71.12299999999993,False,2.2681000000000004,3.4773000000000023,1.2092000000000018,False,0.41028124355120477,0.3561059094946873,0.05417533405651748,True,,,,,0.0,1.0,1.0,True,,,,,10.0,13.0,3.0,False
edit_latent_scaffold_source_rerank,mpair_00002625_cond_01_5p,mpair_00002625,eval,5,"MW,QED,TPSA,HBD,RB",COc1ccc(C(=O)Nc2c(Cl)cncc2Cl)c2ccc(C(C)O)nc12,COc1ccc(C(=O)Nc2c(Cl)cncc2Cl)c2cccnc12,COc1ccc(C(=O)Nc2c(Cl)cncc2Cl)c2ccc(C(C)O)nc12,O=C(Nc1ccncc1)c1cccc2ncccc12,O=C(Nc1ccncc1)c1cccc2ncccc12,True,False,False,source_identity,1.0,0.6428571428571429,348.1890000000001,392.24200000000013,44.053000000000054,False,,,,,0.7706046174674384,0.6936033323496321,0.07700128511780624,True,64.11,84.34,20.230000000000004,False,1.0,2.0,1.0,True,,,,,3.0,4.0,1.0,True
edit_latent_scaffold_source_rerank,mpair_00002631_cond_02_5p,mpair_00002631,eval,5,"LogP,TPSA,HBD,HBA,RB",CC(C)(C)[C@H](O)C(=O)N1C[C@H](c2ccccc2)C[C@H]1C(=O)N[C@@H](CC(F)F)C(=O)NCCc1c(F)cc(C(=O)O)cc1F,CC(C)CC(=O)N1C[C@H](c2ccccc2)C[C@H]1C(=O)N[C@@H](CC(F)F)C(=O)NCCc1c(F)cc(C(=O)O)cc1F,CC(C)(C)[C@H](O)C(=O)N1C[C@H](c2ccccc2)C[C@H]1C(=O)N[C@@H](CC(F)F)C(=O)NCCc1c(F)cc(C(=O)O)cc1F,O=C(CNC(=O)[C@@H]1C[C@@H](c2ccccc2)CN1)NCCc1ccccc1,O=C(CNC(=O)[C@@H]1C[C@@H](c2ccccc2)CN1)NCCc1ccccc1,True,False,False,source_identity,1.0,0.7567567567567568,,,,,3.892500000000002,3.253400000000001,0.6391000000000009,True,,,,,115.81000000000002,136.04,20.229999999999976,False,3.0,4.0,1.0,True,4.0,5.0,1.0,True,12.0,11.0,1.0,True
edit_latent_scaffold_source_rerank,mpair_00003217_cond_00_5p,mpair_00003217,eval,5,"MW,QED,TPSA,HBA,RB",Clc1ccc(Nc2nc(N3CCOCC3)nc3ccccc23)cc1,COC(=O)c1ccc2c(Nc3ccc(Cl)cc3)nc(N3CCOCC3)nc2c1,Clc1ccc(Nc2nc(N3CCOCC3)nc3ccccc23)cc1,c1ccc(Nc2nc(N3CCOCC3)nc3ccccc23)cc1,c1ccc(Nc2nc(N3CCOCC3)nc3ccccc23)cc1,True,False,False,source_identity,1.0,0.631578947368421,398.85000000000025,340.81399999999996,58.036000000000286,False,,,,,0.6719222545699903,0.784150666451108,0.11222841188111765,False,76.58,50.28,26.299999999999997,False,,,,,7.0,5.0,2.0,False,4.0,3.0,1.0,True
edit_latent_scaffold_source_rerank,mpair_00000339_cond_01_6p,mpair_00000339,eval,6,"MW,LogP,QED,TPSA,HBD,HBA",N[C@@H](C(=O)N[C@@H]1C(=O)N2C(C(=O)O)=C(C(F)(F)F)CC[C@H]12)c1cccc(C(F)(F)F)c1,N[C@@H](C(=O)N[C@@H]1C(=O)N2C(C(=O)O)=C(C(F)(F)F)CC[C@H]12)c1ccc(O)cc1,N[C@@H](C(=O)N[C@@H]1C(=O)N2C(C(=O)O)=C(C(F)(F)F)CC[C@H]12)c1cccc(C(F)(F)F)c1,O=C(Cc1ccccc1)N[C@@H]1C(=O)N2C=CCC[C@H]12,O=C(Cc1ccccc1)N[C@@H]1C(=O)N2C=CCC[C@H]12,True,False,False,source_identity,1.0,0.7377049180327869,399.3250000000001,451.3230000000001,51.99799999999999,False,0.7823999999999993,2.0955999999999997,1.3132000000000004,False,0.5533729404309352,0.4795891963980345,0.07378374403290072,True,132.96,112.73,20.230000000000004,False,4.0,3.0,1.0,True,5.0,4.0,1.0,True,,,,
edit_latent_scaffold_source_rerank,mpair_00001127_cond_01_6p,mpair_00001127,eval,6,"LogP,QED,TPSA,HBD,HBA,RB",CN1C(=O)c2ccccc2C1CCN1CCN(c2ccc(Cl)cc2)CC1,COc1ccc(N2CCN(CCC3NC(=O)c4ccccc43)CC2)cc1,CN1C(=O)c2ccccc2C1CCN1CCN(c2ccc(Cl)cc2)CC1,O=C1NC(CCN2CCN(c3ccccc3)CC2)c2ccccc21,O=C1NC(CCN2CCN(c3ccccc3)CC2)c2ccccc21,True,True,True,source_identity,1.0,0.48333333333333334,,,,,2.692000000000001,3.679000000000003,0.9870000000000019,True,0.8996022198661571,0.8221231339252668,0.07747908594089026,True,44.81,26.790000000000006,18.019999999999996,True,1.0,0.0,1.0,True,4.0,3.0,1.0,True,5.0,4.0,1.0,True
edit_latent_scaffold_source_rerank,mpair_00002579_cond_01_6p,mpair_00002579,eval,6,"MW,LogP,QED,HBD,HBA,RB",COc1cc(C(=O)N2CCN(C(=O)c3cc(OC)c(OC)c(OC)c3)CC2)cc(OC)c1OC,COc1cc(C(=O)N2CCN(C(=O)c3cc(OC)c(OC)c(OC)c3)C(COC(=O)NCCC(C)C)C2)cc(OC)c1OC,COc1cc(C(=O)N2CCN(C(=O)c3cc(OC)c(OC)c(OC)c3)CC2)cc(OC)c1OC,O=C(c1ccccc1)N1CCN(C(=O)c2ccccc2)CC1,O=C(c1ccccc1)N1CCN(C(=O)c2ccccc2)CC1,True,False,False,source_identity,1.0,0.48148148148148145,617.6960000000003,474.51000000000033,143.18599999999992,False,3.4773000000000023,2.3364000000000003,1.140900000000002,False,0.3561059094946873,0.5754127815390553,0.219306872044368,False,,,,,1.0,0.0,1.0,True,10.0,8.0,2.0,False,13.0,8.0,5.0,False
edit_latent_scaffold_source_rerank,mpair_00002586_cond_00_6p,mpair_00002586,eval,6,"MW,LogP,QED,HBD,HBA,RB",COc1cc(C(=O)N2CCN(C(=O)c3cc(OC)c(OC)c(OC)c3)C(COC(=O)CC(C)(C)C)C2)cc(OC)c1OC,COc1cc(C(=O)N2CCN(C(=O)c3cc(OC)c(OC)c(OC)c3)C(CO)C2)cc(OC)c1OC,COc1cc(C(=O)N2CCN(C(=O)c3cc(OC)c(OC)c(OC)c3)C(COC(=O)CC(C)(C)C)C2)cc(OC)c1OC,O=C(c1ccccc1)N1CCN(C(=O)c2ccccc2)CC1,O=C(c1ccccc1)N1CCN(C(=O)c2ccccc2)CC1,True,False,False,source_identity,1.0,0.6792452830188679,504.53600000000034,602.6810000000004,98.14500000000004,False,1.6973000000000003,3.684400000000003,1.9871000000000025,False,0.544633228323374,0.3521539372279048,0.19247929109546924,False,,,,,1.0,0.0,1.0,True,9.0,10.0,1.0,True,9.0,11.0,2.0,False
edit_latent_scaffold_source_rerank,mpair_00002613_cond_01_6p,mpair_00002613,eval,6,"LogP,QED,TPSA,HBD,HBA,RB",COc1ccc(C(=O)Nc2ccncc2Cl)c2cccnc12,COc1ccc(C(=O)Nc2c(Cl)cncc2Cl)c2ccc(C(C)O)nc12,COc1ccc(C(=O)Nc2ccncc2Cl)c2cccnc12,O=C(Nc1ccncc1)c1cccc2ncccc12,O=C(Nc1ccncc1)c1cccc2ncccc12,True,False,False,source_identity,1.0,0.49206349206349204,,,,,4.2508000000000035,3.544100000000002,0.7067000000000014,True,0.6936033323496321,0.8029165077767629,0.10931317542713082,False,84.34,64.11,20.230000000000004,False,2.0,1.0,1.0,True,5.0,4.0,1.0,True,4.0,3.0,1.0,True
edit_latent_scaffold_source_rerank,mpair_00003218_cond_02_6p,mpair_00003218,eval,6,"MW,LogP,QED,TPSA,HBA,RB",COC(=O)c1cccc(C(=O)NO)c1N(Cc1cccnc1)S(=O)(=O)c1ccc(OC)cc1,COc1ccc(S(=O)(=O)N(Cc2cccnc2)c2c(C)cccc2C(=O)NO)cc1,COC(=O)c1cccc(C(=O)NO)c1N(Cc1cccnc1)S(=O)(=O)c1ccc(OC)cc1,O=S(=O)(c1ccccc1)N(Cc1cccnc1)c1ccccc1,O=S(=O)(c1ccccc1)N(Cc1cccnc1)c1ccccc1,True,False,False,source_identity,1.0,0.8333333333333334,427.48200000000014,471.49100000000016,44.009000000000015,False,2.91312,2.391300000000001,0.5218199999999991,True,0.44330794633881315,0.29046454626646695,0.1528434000723462,False,108.83000000000001,135.13,26.299999999999983,False,,,,,6.0,8.0,2.0,False,7.0,8.0,1.0,True
edit_latent_scaffold_source_rerank,mpair_00002522_cond_01_7p,mpair_00002522,eval,7,"MW,LogP,QED,TPSA,HBD,HBA,RB",CSc1cc(-c2ccc(Cl)cc2)oc(=O)c1,CSc1cc(-c2ccc(Cl)cc2)oc(=O)c1C(N)=O,CSc1cc(-c2ccc(F)cc2)oc(=O)c1,O=c1cccc(-c2ccccc2)o1,O=c1cccc(-c2ccccc2)o1,True,False,False,,0.7142857142857143,0.34,295.747,236.26699999999997,59.48000000000005,False,2.7810000000000006,3.1678000000000024,0.3868000000000018,True,0.8837306867126842,0.7501191134076561,0.13361157330502804,False,73.30000000000001,30.21,43.09000000000001,False,1.0,0.0,1.0,True,4.0,3.0,1.0,True,3.0,2.0,1.0,True
edit_latent_scaffold_source_rerank,mpair_00002553_cond_02_7p,mpair_00002553,eval,7,"MW,LogP,QED,TPSA,HBD,HBA,RB",CSc1cc(-c2ccc(Cl)cc2)oc(=O)c1C(N)=O,CSc1cc(-c2ccc(Cl)cc2)oc(=O)c1Br,CSc1cc(-c2ccc(F)cc2)oc(=O)c1,O=c1cccc(-c2ccccc2)o1,O=c1cccc(-c2ccccc2)o1,True,False,False,,0.34,0.3695652173913043,331.61799999999994,236.26699999999997,95.35099999999997,False,4.444600000000001,3.1678000000000024,1.2767999999999988,False,0.7618841288913729,0.7501191134076561,0.011765015483716779,True,30.21,30.21,0.0,True,0.0,0.0,0.0,True,3.0,3.0,0.0,True,2.0,2.0,0.0,True
target_oracle,mpair_00000002_cond_02_2p,mpair_00000002,eval,2,"LogP,QED",O=C(c1cccc(Cl)c1)N1C[C@H](CN2CCC(c3ccccc3)CC2)[C@@H](c2ccccc2)C1,O=C(c1ccccc1F)N1C[C@H](CN2CCC(c3ccccc3)CC2)[C@@H](c2ccccc2)C1,O=C(c1ccccc1F)N1C[C@H](CN2CCC(c3ccccc3)CC2)[C@@H](c2ccccc2)C1,O=C(c1ccccc1)N1C[C@H](CN2CCC(c3ccccc3)CC2)[C@@H](c2ccccc2)C1,O=C(c1ccccc1)N1C[C@H](CN2CCC(c3ccccc3)CC2)[C@@H](c2ccccc2)C1,True,True,True,,0.6379310344827587,1.0,,,,,5.561100000000006,5.561100000000006,0.0,True,0.5164092889512721,0.5164092889512721,0.0,True,,,,,,,,,,,,,,,,
target_oracle,mpair_00000005_cond_01_2p,mpair_00000005,eval,2,"HBA,RB",O=C(c1ccccc1F)N1C[C@H](CN2CCC(c3ccccc3)CC2)[C@@H](c2ccccc2)C1,COc1cccc(C(=O)N2C[C@H](CN3CCC(c4ccccc4)CC3)[C@@H](c3ccccc3)C2)c1,COc1cccc(C(=O)N2C[C@H](CN3CCC(c4ccccc4)CC3)[C@@H](c3ccccc3)C2)c1,O=C(c1ccccc1)N1C[C@H](CN2CCC(c3ccccc3)CC2)[C@@H](c2ccccc2)C1,O=C(c1ccccc1)N1C[C@H](CN2CCC(c3ccccc3)CC2)[C@@H](c2ccccc2)C1,True,True,True,,0.6065573770491803,1.0,,,,,,,,,,,,,,,,,,,,,3.0,3.0,0.0,True,6.0,6.0,0.0,True
target_oracle,mpair_00000007_cond_02_2p,mpair_00000007,eval,2,"LogP,QED",O=C(c1ccccc1F)N1C[C@H](CN2CCC(c3ccccc3)CC2)[C@@H](c2ccccc2)C1,O=C(c1cccc(Cl)c1)N1C[C@H](CN2CCC(c3ccccc3)CC2)[C@@H](c2ccccc2)C1,O=C(c1cccc(Cl)c1)N1C[C@H](CN2CCC(c3ccccc3)CC2)[C@@H](c2ccccc2)C1,O=C(c1ccccc1)N1C[C@H](CN2CCC(c3ccccc3)CC2)[C@@H](c2ccccc2)C1,O=C(c1ccccc1)N1C[C@H](CN2CCC(c3ccccc3)CC2)[C@@H](c2ccccc2)C1,True,True,True,,0.6379310344827587,1.0,,,,,6.075400000000006,6.075400000000006,0.0,True,0.4625029539066648,0.4625029539066648,0.0,True,,,,,,,,,,,,,,,,
target_oracle,mpair_00000011_cond_01_2p,mpair_00000011,eval,2,"HBA,RB",COc1cccc(C(=O)N2C[C@H](CN3CCC(c4ccccc4)CC3)[C@@H](c3ccccc3)C2)c1,O=C(c1ccccc1F)N1C[C@H](CN2CCC(c3ccccc3)CC2)[C@@H](c2ccccc2)C1,O=C(c1ccccc1F)N1C[C@H](CN2CCC(c3ccccc3)CC2)[C@@H](c2ccccc2)C1,O=C(c1ccccc1)N1C[C@H](CN2CCC(c3ccccc3)CC2)[C@@H](c2ccccc2)C1,O=C(c1ccccc1)N1C[C@H](CN2CCC(c3ccccc3)CC2)[C@@H](c2ccccc2)C1,True,True,True,,0.6065573770491803,1.0,,,,,,,,,,,,,,,,,,,,,2.0,2.0,0.0,True,5.0,5.0,0.0,True
target_oracle,mpair_00000015_cond_00_2p,mpair_00000015,eval,2,"LogP,TPSA",O=C(O)CC[C@H]1CC[C@H]2CN[C@H](C(=O)O)C[C@H]2C1,O=C(O)[C@@H]1C[C@H]2C[C@@H](CCS(=O)(=O)O)CC[C@H]2CN1,O=C(O)[C@@H]1C[C@H]2C[C@@H](CCS(=O)(=O)O)CC[C@H]2CN1,C1CC[C@H]2CNCC[C@H]2C1,C1CC[C@H]2CNCC[C@H]2C1,True,True,True,,0.6829268292682927,1.0,,,,,0.7433000000000001,0.7433000000000001,0.0,True,,,,,103.7,103.7,0.0,True,,,,,,,,,,,,
target_oracle,mpair_00000323_cond_01_2p,mpair_00000323,eval,2,"TPSA,HBA",N[C@@H](C(=O)N[C@@H]1C(=O)N2C(C(=O)O)=C(C(F)(F)F)CC[C@H]12)c1ccc(F)cc1,N[C@@H](C(=O)N[C@@H]1C(=O)N2C(C(=O)O)=C(C(F)(F)F)CC[C@H]12)c1ccc(O)cc1,N[C@@H](C(=O)N[C@@H]1C(=O)N2C(C(=O)O)=C(C(F)(F)F)CC[C@H]12)c1ccc(O)cc1,O=C(Cc1ccccc1)N[C@@H]1C(=O)N2C=CCC[C@H]12,O=C(Cc1ccccc1)N[C@@H]1C(=O)N2C=CCC[C@H]12,True,True,True,,0.8545454545454545,1.0,,,,,,,,,,,,,132.96,132.96,0.0,True,,,,,5.0,5.0,0.0,True,,,,
target_oracle,mpair_00000330_cond_00_2p,mpair_00000330,eval,2,"QED,HBD",N[C@@H](C(=O)N[C@@H]1C(=O)N2C(C(=O)O)=C(C(F)(F)F)CC[C@H]12)c1ccc(O)cc1,N[C@@H](C(=O)N[C@@H]1C(=O)N2C(C(=O)O)=C(C(F)(F)F)CC[C@H]12)c1cccc(C(F)(F)F)c1,N[C@@H](C(=O)N[C@@H]1C(=O)N2C(C(=O)O)=C(C(F)(F)F)CC[C@H]12)c1cccc(C(F)(F)F)c1,O=C(Cc1ccccc1)N[C@@H]1C(=O)N2C=CCC[C@H]12,O=C(Cc1ccccc1)N[C@@H]1C(=O)N2C=CCC[C@H]12,True,True,True,,0.7377049180327869,1.0,,,,,,,,,0.4795891963980345,0.4795891963980345,0.0,True,,,,,3.0,3.0,0.0,True,,,,,,,,
target_oracle,mpair_00000337_cond_01_2p,mpair_00000337,eval,2,"MW,LogP",N[C@@H](C(=O)N[C@@H]1C(=O)N2C(C(=O)O)=C(C(F)(F)F)CC[C@H]12)c1cccc(C(F)(F)F)c1,N[C@@H](C(=O)N[C@@H]1C(=O)N2C(C(=O)O)=C(C(F)(F)F)CC[C@H]12)c1ccc(F)cc1,N[C@@H](C(=O)N[C@@H]1C(=O)N2C(C(=O)O)=C(C(F)(F)F)CC[C@H]12)c1ccc(F)cc1,O=C(Cc1ccccc1)N[C@@H]1C(=O)N2C=CCC[C@H]12,O=C(Cc1ccccc1)N[C@@H]1C(=O)N2C=CCC[C@H]12,True,True,True,,0.7377049180327869,1.0,401.3160000000001,401.3160000000001,0.0,True,1.2158999999999993,1.2158999999999993,0.0,True,,,,,,,,,,,,,,,,,,,,
target_oracle,mpair_00000586_cond_00_2p,mpair_00000586,eval,2,"LogP,HBD",OC[C@@H]1N[C@@H](CCCCc2cc(F)cc(F)c2)[C@H](O)[C@H]1O,OC[C@@H]1N[C@@H](CCCCc2ccc(O)cc2)[C@H](O)[C@H]1O,OC[C@@H]1N[C@@H](CCCCc2ccc(O)cc2)[C@H](O)[C@H]1O,c1ccc(CCCC[C@H]2CCCN2)cc1,c1ccc(CCCC[C@H]2CCCN2)cc1,True,True,True,,0.625,1.0,,,,,0.15949999999999964,0.15949999999999964,0.0,True,,,,,,,,,5.0,5.0,0.0,True,,,,,,,,
target_oracle,mpair_00000589_cond_01_2p,mpair_00000589,eval,2,"HBA,RB",COc1ccc(CCCC[C@@H]2N[C@@H](CO)[C@H](O)[C@H]2O)cc1,OC[C@@H]1N[C@@H](CCCCc2ccc(F)cc2)[C@H](O)[C@H]1O,OC[C@@H]1N[C@@H](CCCCc2ccc(F)cc2)[C@H](O)[C@H]1O,c1ccc(CCCC[C@H]2CCCN2)cc1,c1ccc(CCCC[C@H]2CCCN2)cc1,True,True,True,,0.6829268292682927,1.0,,,,,,,,,,,,,,,,,,,,,4.0,4.0,0.0,True,6.0,6.0,0.0,True
target_oracle,mpair_00000591_cond_00_2p,mpair_00000591,eval,2,"HBD,HBA",OC[C@@H]1N[C@@H](CCCCc2ccc(F)cc2)[C@H](O)[C@H]1O,OC[C@@H]1N[C@@H](CCCCc2ccc(O)cc2)[C@H](O)[C@H]1O,OC[C@@H]1N[C@@H](CCCCc2ccc(O)cc2)[C@H](O)[C@H]1O,c1ccc(CCCC[C@H]2CCCN2)cc1,c1ccc(CCCC[C@H]2CCCN2)cc1,True,True,True,,0.7567567567567568,1.0,,,,,,,,,,,,,,,,,5.0,5.0,0.0,True,5.0,5.0,0.0,True,,,,
target_oracle,mpair_00000593_cond_00_2p,mpair_00000593,eval,2,"HBA,RB",OC[C@@H]1N[C@@H](CCCCc2cc(F)cc(F)c2)[C@H](O)[C@H]1O,COc1ccc(CCCC[C@@H]2N[C@@H](CO)[C@H](O)[C@H]2O)cc1,COc1ccc(CCCC[C@@H]2N[C@@H](CO)[C@H](O)[C@H]2O)cc1,c1ccc(CCCC[C@H]2CCCN2)cc1,c1ccc(CCCC[C@H]2CCCN2)cc1,True,True,True,,0.5681818181818182,1.0,,,,,,,,,,,,,,,,,,,,,5.0,5.0,0.0,True,7.0,7.0,0.0,True
target_oracle,mpair_00000594_cond_02_2p,mpair_00000594,eval,2,"HBA,RB",COc1ccc(CCCC[C@@H]2N[C@@H](CO)[C@H](O)[C@H]2O)cc1,OC[C@@H]1N[C@@H](CCCCc2cc(F)cc(F)c2)[C@H](O)[C@H]1O,OC[C@@H]1N[C@@H](CCCCc2cc(F)cc(F)c2)[C@H](O)[C@H]1O,c1ccc(CCCC[C@H]2CCCN2)cc1,c1ccc(CCCC[C@H]2CCCN2)cc1,True,True,True,,0.5681818181818182,1.0,,,,,,,,,,,,,,,,,,,,,4.0,4.0,0.0,True,6.0,6.0,0.0,True
target_oracle,mpair_00000597_cond_00_2p,mpair_00000597,eval,2,"QED,HBA",OC[C@@H]1N[C@@H](CCCCc2ccc(O)cc2)[C@H](O)[C@H]1O,OC[C@@H]1N[C@@H](CCCCc2ccc(F)cc2)[C@H](O)[C@H]1O,OC[C@@H]1N[C@@H](CCCCc2ccc(F)cc2)[C@H](O)[C@H]1O,c1ccc(CCCC[C@H]2CCCN2)cc1,c1ccc(CCCC[C@H]2CCCN2)cc1,True,True,True,,0.7567567567567568,1.0,,,,,,,,,0.5767746304019578,0.5767746304019578,0.0,True,,,,,,,,,4.0,4.0,0.0,True,,,,
target_oracle,mpair_00000725_cond_00_2p,mpair_00000725,eval,2,"LogP,RB",C=CCc1cc(/C=C2\SC(=O)NC2=O)c(OC)cc1OC1CCCCO1,C=CCc1cc(/C=C2\SC(=O)N(CC=C(C)C)C2=O)c(OC)cc1OC1CCCCO1,C=CCc1cc(/C=C2\SC(=O)N(CC=C(C)C)C2=O)c(OC)cc1OC1CCCCO1,O=C1NC(=O)/C(=C/c2ccc(OC3CCCCO3)cc2)S1,O=C1NC(=O)/C(=C/c2ccc(OC3CCCCO3)cc2)S1,True,True,True,,0.647887323943662,1.0,,,,,5.331600000000005,5.331600000000005,0.0,True,,,,,,,,,,,,,,,,,8.0,8.0,0.0,True
target_oracle,mpair_00000729_cond_01_2p,mpair_00000729,eval,2,"LogP,QED",C=CCc1cc(/C=C2\SC(=O)N(CC=C(C)C)C2=O)c(OC)cc1OC1CCCCO1,C=CCc1cc(/C=C2\SC(=O)N(CC=C)C2=O)c(OC)cc1OC1CCCCO1,C=CCc1cc(/C=C2\SC(=O)N(CC=C)C2=O)c(OC)cc1OC1CCCCO1,O=C1NC(=O)/C(=C/c2ccc(OC3CCCCO3)cc2)S1,O=C1NC(=O)/C(=C/c2ccc(OC3CCCCO3)cc2)S1,True,True,True,,0.8615384615384616,1.0,,,,,4.551400000000004,4.551400000000004,0.0,True,0.45838471716690443,0.45838471716690443,0.0,True,,,,,,,,,,,,,,,,
target_oracle,mpair_00000731_cond_02_2p,mpair_00000731,eval,2,"LogP,RB",C=CCc1cc(/C=C2\SC(=O)N(C(C)C)C2=O)c(OC)cc1OC1CCCCO1,C=CCc1cc(/C=C2\SC(=O)N(CC=C(C)C)C2=O)c(OC)cc1OC1CCCCO1,C=CCc1cc(/C=C2\SC(=O)N(CC=C(C)C)C2=O)c(OC)cc1OC1CCCCO1,O=C1NC(=O)/C(=C/c2ccc(OC3CCCCO3)cc2)S1,O=C1NC(=O)/C(=C/c2ccc(OC3CCCCO3)cc2)S1,True,True,True,,0.7183098591549296,1.0,,,,,5.331600000000005,5.331600000000005,0.0,True,,,,,,,,,,,,,,,,,8.0,8.0,0.0,True
target_oracle,mpair_00000734_cond_02_2p,mpair_00000734,eval,2,"MW,QED",C=CCc1cc(/C=C2\SC(=O)N(CCCC)C2=O)c(OC)cc1OC1CCCCO1,C=CCc1cc(/C=C2\SC(=O)N(C)C2=O)c(OC)cc1OC1CCCCO1,C=CCc1cc(/C=C2\SC(=O)N(C)C2=O)c(OC)cc1OC1CCCCO1,O=C1NC(=O)/C(=C/c2ccc(OC3CCCCO3)cc2)S1,O=C1NC(=O)/C(=C/c2ccc(OC3CCCCO3)cc2)S1,True,True,True,,0.7878787878787878,1.0,389.4730000000002,389.4730000000002,0.0,True,,,,,0.5413211960634129,0.5413211960634129,0.0,True,,,,,,,,,,,,,,,,
target_oracle,mpair_00000737_cond_00_2p,mpair_00000737,eval,2,"QED,HBD",C=CCc1cc(/C=C2\SC(=O)NC2=O)c(OC)cc1OC1CCCCO1,C=CCc1cc(/C=C2\SC(=O)N(C)C2=O)c(OC)cc1OC1CCCCO1,C=CCc1cc(/C=C2\SC(=O)N(C)C2=O)c(OC)cc1OC1CCCCO1,O=C1NC(=O)/C(=C/c2ccc(OC3CCCCO3)cc2)S1,O=C1NC(=O)/C(=C/c2ccc(OC3CCCCO3)cc2)S1,True,True,True,,0.71875,1.0,,,,,,,,,0.5413211960634129,0.5413211960634129,0.0,True,,,,,0.0,0.0,0.0,True,,,,,,,,
target_oracle,mpair_00000738_cond_02_2p,mpair_00000738,eval,2,"LogP,QED",C=CCc1cc(/C=C2\SC(=O)N(C(C)C)C2=O)c(OC)cc1OC1CCCCO1,C=CCc1cc(/C=C2\SC(=O)N(C)C2=O)c(OC)cc1OC1CCCCO1,C=CCc1cc(/C=C2\SC(=O)N(C)C2=O)c(OC)cc1OC1CCCCO1,O=C1NC(=O)/C(=C/c2ccc(OC3CCCCO3)cc2)S1,O=C1NC(=O)/C(=C/c2ccc(OC3CCCCO3)cc2)S1,True,True,True,,0.796875,1.0,,,,,3.9952000000000023,3.9952000000000023,0.0,True,0.5413211960634129,0.5413211960634129,0.0,True,,,,,,,,,,,,,,,,
target_oracle,mpair_00000743_cond_01_2p,mpair_00000743,eval,2,"LogP,RB",C=CCc1cc(/C=C2\SC(=O)N(CC=C)C2=O)c(OC)cc1OC1CCCCO1,C=CCc1cc(/C=C2\SC(=O)N(C)C2=O)c(OC)cc1OC1CCCCO1,C=CCc1cc(/C=C2\SC(=O)N(C)C2=O)c(OC)cc1OC1CCCCO1,O=C1NC(=O)/C(=C/c2ccc(OC3CCCCO3)cc2)S1,O=C1NC(=O)/C(=C/c2ccc(OC3CCCCO3)cc2)S1,True,True,True,,0.8095238095238095,1.0,,,,,3.9952000000000023,3.9952000000000023,0.0,True,,,,,,,,,,,,,,,,,6.0,6.0,0.0,True
target_oracle,mpair_00000745_cond_01_2p,mpair_00000745,eval,2,"QED,HBD",C=CCc1cc(/C=C2\SC(=O)N(C)C2=O)c(OC)cc1OC1CCCCO1,C=CCc1cc(/C=C2\SC(=O)NC2=O)c(OC)cc1OC1CCCCO1,C=CCc1cc(/C=C2\SC(=O)NC2=O)c(OC)cc1OC1CCCCO1,O=C1NC(=O)/C(=C/c2ccc(OC3CCCCO3)cc2)S1,O=C1NC(=O)/C(=C/c2ccc(OC3CCCCO3)cc2)S1,True,True,True,,0.71875,1.0,,,,,,,,,0.6042673504148035,0.6042673504148035,0.0,True,,,,,1.0,1.0,0.0,True,,,,,,,,
target_oracle,mpair_00000751_cond_00_2p,mpair_00000751,eval,2,"LogP,RB",O=C1CCC[C@H]2OC[C@@H](Cc3c[nH]c4ccccc34)N12,CC[C@H]1CCC(=O)N2[C@H](Cc3c[nH]c4ccccc34)CO[C@H]12,CC[C@H]1CCC(=O)N2[C@H](Cc3c[nH]c4ccccc34)CO[C@H]12,O=C1CCC[C@H]2OC[C@@H](Cc3c[nH]c4ccccc34)N12,O=C1CCC[C@H]2OC[C@@H](Cc3c[nH]c4ccccc34)N12,True,True,True,,0.6607142857142857,1.0,,,,,3.0839000000000016,3.0839000000000016,0.0,True,,,,,,,,,,,,,,,,,3.0,3.0,0.0,True
target_oracle,mpair_00000752_cond_02_2p,mpair_00000752,eval,2,"QED,TPSA",CC[C@H]1CCC(=O)N2[C@H](Cc3c[nH]c4ccccc34)CO[C@H]12,COC(=O)C[C@@H]1CC(=O)N2[C@H](Cc3c[nH]c4ccccc34)CO[C@@H]2C1,COC(=O)C[C@@H]1CC(=O)N2[C@H](Cc3c[nH]c4ccccc34)CO[C@@H]2C1,O=C1CCC[C@H]2OC[C@@H](Cc3c[nH]c4ccccc34)N12,O=C1CCC[C@H]2OC[C@@H](Cc3c[nH]c4ccccc34)N12,True,True,True,,0.5072463768115942,1.0,,,,,,,,,0.8651865286551231,0.8651865286551231,0.0,True,71.63000000000001,71.63000000000001,0.0,True,,,,,,,,,,,,
target_oracle,mpair_00000756_cond_00_2p,mpair_00000756,eval,2,"LogP,QED",Clc1cccc(-c2cncc(O[C@@H]3CCNC3)c2)c1,Clc1cccc(-c2cc(O[C@@H]3CCNC3)cnc2Cl)c1,Clc1cccc(-c2cc(O[C@@H]3CCNC3)cnc2Cl)c1,c1ccc(-c2cncc(O[C@@H]3CCNC3)c2)cc1,c1ccc(-c2cncc(O[C@@H]3CCNC3)c2)cc1,True,True,True,,0.68,1.0,,,,,3.796100000000002,3.796100000000002,0.0,True,0.8758671086324237,0.8758671086324237,0.0,True,,,,,,,,,,,,,,,,
target_oracle,mpair_00000758_cond_00_2p,mpair_00000758,eval,2,"HBA,RB",Clc1cccc(-c2cncc(O[C@@H]3CCNC3)c2)c1,COc1cccc(-c2cncc(O[C@@H]3CCNC3)c2)c1,COc1cccc(-c2cncc(O[C@@H]3CCNC3)c2)c1,c1ccc(-c2cncc(O[C@@H]3CCNC3)c2)cc1,c1ccc(-c2cncc(O[C@@H]3CCNC3)c2)cc1,True,True,True,,0.7446808510638298,1.0,,,,,,,,,,,,,,,,,,,,,4.0,4.0,0.0,True,4.0,4.0,0.0,True
target_oracle,mpair_00000760_cond_00_2p,mpair_00000760,eval,2,"MW,LogP",Clc1cccc(-c2cc(O[C@@H]3CCNC3)cnc2Cl)c1,c1ccc(-c2cncc(O[C@@H]3CCNC3)c2)cc1,c1ccc(-c2cncc(O[C@@H]3CCNC3)c2)cc1,c1ccc(-c2cncc(O[C@@H]3CCNC3)c2)cc1,c1ccc(-c2cncc(O[C@@H]3CCNC3)c2)cc1,True,True,True,,0.5192307692307693,1.0,240.30599999999998,240.30599999999998,0.0,True,2.4893,2.4893,0.0,True,,,,,,,,,,,,,,,,,,,,
target_oracle,mpair_00000761_cond_02_2p,mpair_00000761,eval,2,"HBA,RB",c1ccc(-c2cncc(O[C@@H]3CCNC3)c2)cc1,COc1cccc(-c2cncc(O[C@@H]3CCNC3)c2)c1,COc1cccc(-c2cncc(O[C@@H]3CCNC3)c2)c1,c1ccc(-c2cncc(O[C@@H]3CCNC3)c2)cc1,c1ccc(-c2cncc(O[C@@H]3CCNC3)c2)cc1,True,True,True,,0.75,1.0,,,,,,,,,,,,,,,,,,,,,4.0,4.0,0.0,True,4.0,4.0,0.0,True
target_oracle,mpair_00000764_cond_01_2p,mpair_00000764,eval,2,"LogP,QED",Clc1cccc(-c2cc(O[C@@H]3CCNC3)cnc2Cl)c1,Clc1cccc(-c2cncc(O[C@@H]3CCNC3)c2)c1,Clc1cccc(-c2cncc(O[C@@H]3CCNC3)c2)c1,c1ccc(-c2cncc(O[C@@H]3CCNC3)c2)cc1,c1ccc(-c2cncc(O[C@@H]3CCNC3)c2)cc1,True,True,True,,0.68,1.0,,,,,3.1427000000000014,3.1427000000000014,0.0,True,0.9336391660075258,0.9336391660075258,0.0,True,,,,,,,,,,,,,,,,
target_oracle,mpair_00001114_cond_02_2p,mpair_00001114,eval,2,"QED,HBD",COc1ccc(N2CCN(CCC3NC(=O)c4ccccc43)CC2)cc1,COc1ccc(N2CCN(CCC3c4ccccc4C(=O)N3C)CC2)cc1,COc1ccc(N2CCN(CCC3c4ccccc4C(=O)N3C)CC2)cc1,O=C1NC(CCN2CCN(c3ccccc3)CC2)c2ccccc21,O=C1NC(CCN2CCN(c3ccccc3)CC2)c2ccccc21,True,True,True,,0.6545454545454545,1.0,,,,,,,,,0.8160326048332845,0.8160326048332845,0.0,True,,,,,0.0,0.0,0.0,True,,,,,,,,
target_oracle,mpair_00001118_cond_02_2p,mpair_00001118,eval,2,"HBD,RB",Cc1ccc(N2CCN(CCC3NC(=O)c4ccccc43)CC2)cc1C,COc1ccc(N2CCN(CCC3c4ccccc4C(=O)N3C)CC2)cc1,COc1ccc(N2CCN(CCC3c4ccccc4C(=O)N3C)CC2)cc1,O=C1NC(CCN2CCN(c3ccccc3)CC2)c2ccccc21,O=C1NC(CCN2CCN(c3ccccc3)CC2)c2ccccc21,True,True,True,,0.4444444444444444,1.0,,,,,,,,,,,,,,,,,0.0,0.0,0.0,True,,,,,5.0,5.0,0.0,True
target_oracle,mpair_00001120_cond_01_2p,mpair_00001120,eval,2,"QED,HBD",CN1C(=O)c2ccccc2C1CCN1CCN(c2ccc(Cl)cc2)CC1,Cc1ccc(N2CCN(CCC3NC(=O)c4ccccc43)CC2)cc1C,Cc1ccc(N2CCN(CCC3NC(=O)c4ccccc43)CC2)cc1C,O=C1NC(CCN2CCN(c3ccccc3)CC2)c2ccccc21,O=C1NC(CCN2CCN(c3ccccc3)CC2)c2ccccc21,True,True,True,,0.45901639344262296,1.0,,,,,,,,,0.9198864151307602,0.9198864151307602,0.0,True,,,,,1.0,1.0,0.0,True,,,,,,,,
target_oracle,mpair_00001122_cond_00_2p,mpair_00001122,eval,2,"QED,HBD",COc1ccc(N2CCN(CCC3c4ccccc4C(=O)N3C)CC2)cc1,COc1ccc(N2CCN(CCC3NC(=O)c4ccccc43)CC2)cc1,COc1ccc(N2CCN(CCC3NC(=O)c4ccccc43)CC2)cc1,O=C1NC(CCN2CCN(c3ccccc3)CC2)c2ccccc21,O=C1NC(CCN2CCN(c3ccccc3)CC2)c2ccccc21,True,True,True,,0.6545454545454545,1.0,,,,,,,,,0.8996022198661571,0.8996022198661571,0.0,True,,,,,1.0,1.0,0.0,True,,,,,,,,
target_oracle,mpair_00001124_cond_02_2p,mpair_00001124,eval,2,"LogP,RB",COc1ccc(N2CCN(CCC3NC(=O)c4ccccc43)CC2)cc1,Cc1ccc(N2CCN(CCC3NC(=O)c4ccccc43)CC2)cc1C,Cc1ccc(N2CCN(CCC3NC(=O)c4ccccc43)CC2)cc1C,O=C1NC(CCN2CCN(c3ccccc3)CC2)c2ccccc21,O=C1NC(CCN2CCN(c3ccccc3)CC2)c2ccccc21,True,True,True,,0.7037037037037037,1.0,,,,,3.3002400000000023,3.3002400000000023,0.0,True,,,,,,,,,,,,,,,,,4.0,4.0,0.0,True
target_oracle,mpair_00001128_cond_01_2p,mpair_00001128,eval,2,"LogP,HBA",CN1C(=O)c2ccccc2C1CCN1CCN(c2ccc(Cl)cc2)CC1,COc1ccc(N2CCN(CCC3c4ccccc4C(=O)N3C)CC2)cc1,COc1ccc(N2CCN(CCC3c4ccccc4C(=O)N3C)CC2)cc1,O=C1NC(CCN2CCN(c3ccccc3)CC2)c2ccccc21,O=C1NC(CCN2CCN(c3ccccc3)CC2)c2ccccc21,True,True,True,,0.76,1.0,,,,,3.034200000000002,3.034200000000002,0.0,True,,,,,,,,,,,,,4.0,4.0,0.0,True,,,,
target_oracle,mpair_00001130_cond_00_2p,mpair_00001130,eval,2,"HBA,RB",COc1ccc(N2CCN(CCC3c4ccccc4C(=O)N3C)CC2)cc1,CN1C(=O)c2ccccc2C1CCN1CCN(c2ccc(Cl)cc2)CC1,CN1C(=O)c2ccccc2C1CCN1CCN(c2ccc(Cl)cc2)CC1,O=C1NC(CCN2CCN(c3ccccc3)CC2)c2ccccc21,O=C1NC(CCN2CCN(c3ccccc3)CC2)c2ccccc21,True,True,True,,0.76,1.0,,,,,,,,,,,,,,,,,,,,,3.0,3.0,0.0,True,4.0,4.0,0.0,True
target_oracle,mpair_00001134_cond_00_2p,mpair_00001134,eval,2,"MW,LogP",FC(F)(F)c1cccc(N2CCN(c3nc4ccsc4n4cccc34)CC2)c1,Fc1ccc(N2CCN(c3nc4ccsc4n4cccc34)CC2)cc1,Fc1ccc(N2CCN(c3nc4ccsc4n4cccc34)CC2)cc1,c1ccc(N2CCN(c3nc4ccsc4n4cccc34)CC2)cc1,c1ccc(N2CCN(c3nc4ccsc4n4cccc34)CC2)cc1,True,True,True,,0.6666666666666666,1.0,352.43800000000016,352.43800000000016,0.0,True,4.014700000000003,4.014700000000003,0.0,True,,,,,,,,,,,,,,,,,,,,
target_oracle,mpair_00001616_cond_01_2p,mpair_00001616,eval,2,"QED,TPSA",CC1CC(C)(C)Nc2ccc3c(c21)COc1c-3cc(F)cc1[N+](=O)[O-],CC1CC(C)(C)Nc2ccc3c(c21)COc1c(F)cc(F)cc1-3,CC1CC(C)(C)Nc2ccc3c(c21)COc1c(F)cc(F)cc1-3,c1ccc2c(c1)OCc1c-2ccc2c1CCCN2,c1ccc2c(c1)OCc1c-2ccc2c1CCCN2,True,True,True,,0.7321428571428571,1.0,,,,,,,,,0.719238819171056,0.719238819171056,0.0,True,21.259999999999998,21.259999999999998,0.0,True,,,,,,,,,,,,
target_oracle,mpair_00001633_cond_02_2p,mpair_00001633,eval,2,"MW,QED",C=CCC1(C(C)C#CCC)C(=O)NC(=O)N(C)C1=O,C=C(Br)CC1(C(C)C)C(=O)NC(=O)N(C)C1=O,C=C(Br)CC1(C(C)C)C(=O)NC(=O)N(C)C1=O,O=C1CC(=O)NC(=O)N1,O=C1CC(=O)NC(=O)N1,True,True,True,,0.42857142857142855,1.0,303.15600000000006,303.15600000000006,0.0,True,,,,,0.8059749860896003,0.8059749860896003,0.0,True,,,,,,,,,,,,,,,,
target_oracle,mpair_00002258_cond_01_2p,mpair_00002258,eval,2,"LogP,QED",Cc1cccc(C)c1NC(=O)c1c(C)n(-c2c(C)cccc2C)c(C)cc1=O,Cc1ccccc1NC(=O)c1c(C)n(-c2ccccc2C)c(C)cc1=O,Cc1ccccc1NC(=O)c1c(C)n(-c2ccccc2C)c(C)cc1=O,O=C(Nc1ccccc1)c1cn(-c2ccccc2)ccc1=O,O=C(Nc1ccccc1)c1cn(-c2ccccc2)ccc1=O,True,True,True,,0.5833333333333334,1.0,,,,,4.3234800000000035,4.3234800000000035,0.0,True,0.7675628277357767,0.7675628277357767,0.0,True,,,,,,,,,,,,,,,,
target_oracle,mpair_00002371_cond_00_2p,mpair_00002371,eval,2,"QED,HBD",Cn1cc(C(=O)c2ccc(-n3ccnc3)cc2)cc1/C=C/C(=O)O,CCOC(=O)/C=C/c1cc(C(=O)c2ccc(-n3ccnc3)cc2)cn1C,CCOC(=O)/C=C/c1cc(C(=O)c2ccc(-n3ccnc3)cc2)cn1C,O=C(c1ccc(-n2ccnc2)cc1)c1cc[nH]c1,O=C(c1ccc(-n2ccnc2)cc1)c1cc[nH]c1,True,True,True,,0.7454545454545455,1.0,,,,,,,,,0.3897342663180413,0.3897342663180413,0.0,True,,,,,0.0,0.0,0.0,True,,,,,,,,
target_oracle,mpair_00002373_cond_00_2p,mpair_00002373,eval,2,"HBA,RB",CCCCCNC(=O)Nc1c(C)cccc1SCCCn1cnc(-c2ccccc2)c1C,CCCCCNC(=O)Nc1c(SCCCn2cnc(-c3ccccc3)c2C)cccc1N(C)C,CCCCCNC(=O)Nc1c(SCCCn2cnc(-c3ccccc3)c2C)cccc1N(C)C,c1ccc(SCCCn2cnc(-c3ccccc3)c2)cc1,c1ccc(SCCCn2cnc(-c3ccccc3)c2)cc1,True,True,True,,0.8208955223880597,1.0,,,,,,,,,,,,,,,,,,,,,5.0,5.0,0.0,True,12.0,12.0,0.0,True
target_oracle,mpair_00002462_cond_01_2p,mpair_00002462,eval,2,"QED,HBA",COc1cc(NC(=O)c2cc(OCCCN(C)C)nn2Cc2ccccc2)cc(OC)c1OC,COc1ccc(NC(=O)c2cc(OCCCN(C)C)nn2Cc2ccccc2)cc1,COc1ccc(NC(=O)c2cc(OCCCN(C)C)nn2Cc2ccccc2)cc1,O=C(Nc1ccccc1)c1ccnn1Cc1ccccc1,O=C(Nc1ccccc1)c1ccnn1Cc1ccccc1,True,True,True,,0.7741935483870968,1.0,,,,,,,,,0.5200250404910086,0.5200250404910086,0.0,True,,,,,,,,,6.0,6.0,0.0,True,,,,
target_oracle,mpair_00002466_cond_02_2p,mpair_00002466,eval,2,"HBA,RB",CN(C)CCCOc1cc(C(=O)Nc2ccc(Cl)cc2F)n(Cc2ccccc2)n1,CN(C)CCCOc1cc(C(=O)Nc2ccc(OC(F)(F)F)cc2)n(Cc2ccccc2)n1,CN(C)CCCOc1cc(C(=O)Nc2ccc(OC(F)(F)F)cc2)n(Cc2ccccc2)n1,O=C(Nc1ccccc1)c1ccnn1Cc1ccccc1,O=C(Nc1ccccc1)c1ccnn1Cc1ccccc1,True,True,True,,0.6428571428571429,1.0,,,,,,,,,,,,,,,,,,,,,6.0,6.0,0.0,True,10.0,10.0,0.0,True
target_oracle,mpair_00002472_cond_00_2p,mpair_00002472,eval,2,"QED,RB",COc1ccc(NC(=O)c2cc(OCCCN(C)C)nn2Cc2ccccc2)cc1,CN(C)CCCOc1cc(C(=O)Nc2cc(F)cc(C(F)(F)F)c2)n(Cc2ccccc2)n1,CN(C)CCCOc1cc(C(=O)Nc2cc(F)cc(C(F)(F)F)c2)n(Cc2ccccc2)n1,O=C(Nc1ccccc1)c1ccnn1Cc1ccccc1,O=C(Nc1ccccc1)c1ccnn1Cc1ccccc1,True,True,True,,0.6764705882352942,1.0,,,,,,,,,0.369385517709234,0.369385517709234,0.0,True,,,,,,,,,,,,,9.0,9.0,0.0,True
target_oracle,mpair_00002475_cond_02_2p,mpair_00002475,eval,2,"LogP,TPSA",CN(C)CCCOc1cc(C(=O)Nc2ccc(OC(F)(F)F)cc2)n(Cc2ccccc2)n1,COc1cc(NC(=O)c2cc(OCCCN(C)C)nn2Cc2ccccc2)cc(OC)c1OC,COc1cc(NC(=O)c2cc(OCCCN(C)C)nn2Cc2ccccc2)cc(OC)c1OC,O=C(Nc1ccccc1)c1ccnn1Cc1ccccc1,O=C(Nc1ccccc1)c1ccnn1Cc1ccccc1,True,True,True,,0.6764705882352942,1.0,,,,,3.5400000000000027,3.5400000000000027,0.0,True,,,,,87.08000000000001,87.08000000000001,0.0,True,,,,,,,,,,,,
target_oracle,mpair_00002480_cond_01_2p,mpair_00002480,eval,2,"MW,QED",CN(C)CCCOc1cc(C(=O)Nc2cc(F)cc(C(F)(F)F)c2)n(Cc2ccccc2)n1,CN(C)CCCOc1cc(C(=O)Nc2cccc(Cl)c2)n(Cc2ccccc2)n1,CN(C)CCCOc1cc(C(=O)Nc2cccc(Cl)c2)n(Cc2ccccc2)n1,O=C(Nc1ccccc1)c1ccnn1Cc1ccccc1,O=C(Nc1ccccc1)c1ccnn1Cc1ccccc1,True,True,True,,0.6764705882352942,1.0,412.9210000000001,412.9210000000001,0.0,True,,,,,0.5357556879239462,0.5357556879239462,0.0,True,,,,,,,,,,,,,,,,
target_oracle,mpair_00002483_cond_01_2p,mpair_00002483,eval,2,"LogP,HBA",COc1cc(NC(=O)c2cc(OCCCN(C)C)nn2Cc2ccccc2)cc(OC)c1OC,CN(C)CCCOc1cc(C(=O)Nc2ccc(OC(F)(F)F)cc2)n(Cc2ccccc2)n1,CN(C)CCCOc1cc(C(=O)Nc2ccc(OC(F)(F)F)cc2)n(Cc2ccccc2)n1,O=C(Nc1ccccc1)c1ccnn1Cc1ccccc1,O=C(Nc1ccccc1)c1ccnn1Cc1ccccc1,True,True,True,,0.6764705882352942,1.0,,,,,4.412800000000003,4.412800000000003,0.0,True,,,,,,,,,,,,,6.0,6.0,0.0,True,,,,
target_oracle,mpair_00002487_cond_00_2p,mpair_00002487,eval,2,"QED,HBA",CN(C)CCCOc1cc(C(=O)Nc2ccc(OC(F)(F)F)cc2)n(Cc2ccccc2)n1,CN(C)CCCOc1cc(C(=O)Nc2cc(F)cc(C(F)(F)F)c2)n(Cc2ccccc2)n1,CN(C)CCCOc1cc(C(=O)Nc2cc(F)cc(C(F)(F)F)c2)n(Cc2ccccc2)n1,O=C(Nc1ccccc1)c1ccnn1Cc1ccccc1,O=C(Nc1ccccc1)c1ccnn1Cc1ccccc1,True,True,True,,0.7101449275362319,1.0,,,,,,,,,0.369385517709234,0.369385517709234,0.0,True,,,,,,,,,5.0,5.0,0.0,True,,,,
target_oracle,mpair_00002490_cond_02_2p,mpair_00002490,eval,2,"LogP,HBA",CCOC(=O)c1cc(C(C)O)cn1S(=O)(=O)c1cc(Cl)ccc1N,C=Cc1cc(C(=O)OCC)n(S(=O)(=O)c2cc(Cl)ccc2N)c1,C=Cc1cc(C(=O)OCC)n(S(=O)(=O)c2cc(Cl)ccc2N)c1,O=S(=O)(c1ccccc1)n1cccc1,O=S(=O)(c1ccccc1)n1cccc1,True,True,True,,0.7192982456140351,1.0,,,,,2.7804,2.7804,0.0,True,,,,,,,,,,,,,6.0,6.0,0.0,True,,,,
target_oracle,mpair_00002494_cond_02_2p,mpair_00002494,eval,2,"MW,LogP",O=C1C(Nc2ccccc2)=C(Cl)C(=O)c2ncncc21,O=C1C(Nc2cccc(Br)c2)=C(Cl)C(=O)c2ncncc21,O=C1C(Nc2cccc(Br)c2)=C(Cl)C(=O)c2ncncc21,O=C1C(Nc2ccccc2)=CC(=O)c2ncncc21,O=C1C(Nc2ccccc2)=CC(=O)c2ncncc21,True,True,True,,0.7272727272727273,1.0,364.58600000000007,364.58600000000007,0.0,True,3.180600000000001,3.180600000000001,0.0,True,,,,,,,,,,,,,,,,,,,,
target_oracle,mpair_00002496_cond_01_2p,mpair_00002496,eval,2,"MW,LogP",O=C1C(Nc2ccccc2)=C(Cl)C(=O)c2ncncc21,O=C1C(Nc2ccc(Br)cc2)=C(Cl)C(=O)c2ncncc21,O=C1C(Nc2ccc(Br)cc2)=C(Cl)C(=O)c2ncncc21,O=C1C(Nc2ccccc2)=CC(=O)c2ncncc21,O=C1C(Nc2ccccc2)=CC(=O)c2ncncc21,True,True,True,,0.7560975609756098,1.0,364.58600000000007,364.58600000000007,0.0,True,3.180600000000001,3.180600000000001,0.0,True,,,,,,,,,,,,,,,,,,,,
target_oracle,mpair_00002499_cond_00_2p,mpair_00002499,eval,2,"MW,LogP",O=C1C(Nc2cccc(Br)c2)=C(Cl)C(=O)c2ncncc21,O=C1C(Nc2ccccc2)=C(Cl)C(=O)c2ncncc21,O=C1C(Nc2ccccc2)=C(Cl)C(=O)c2ncncc21,O=C1C(Nc2ccccc2)=CC(=O)c2ncncc21,O=C1C(Nc2ccccc2)=CC(=O)c2ncncc21,True,True,True,,0.7272727272727273,1.0,285.69,285.69,0.0,True,2.4181,2.4181,0.0,True,,,,,,,,,,,,,,,,,,,,
target_oracle,mpair_00002501_cond_02_2p,mpair_00002501,eval,2,"LogP,RB",CCc1ccc(NC2=C(Cl)C(=O)c3ncncc3C2=O)cc1,O=C1C(Nc2ccccc2)=C(Cl)C(=O)c2ncncc21,O=C1C(Nc2ccccc2)=C(Cl)C(=O)c2ncncc21,O=C1C(Nc2ccccc2)=CC(=O)c2ncncc21,O=C1C(Nc2ccccc2)=CC(=O)c2ncncc21,True,True,True,,0.7045454545454546,1.0,,,,,2.4181,2.4181,0.0,True,,,,,,,,,,,,,,,,,2.0,2.0,0.0,True
target_oracle,mpair_00002504_cond_02_2p,mpair_00002504,eval,2,"HBA,RB",COc1ccc(C(=O)CN2c3ccccc3C(=O)N(Cc3ccccc3)S2(=O)=O)cc1,Cc1ccc(C(=O)CN2c3ccccc3C(=O)N(Cc3ccccc3)S2(=O)=O)cc1,Cc1ccc(C(=O)CN2c3ccccc3C(=O)N(Cc3ccccc3)S2(=O)=O)cc1,O=C(CN1c2ccccc2C(=O)N(Cc2ccccc2)S1(=O)=O)c1ccccc1,O=C(CN1c2ccccc2C(=O)N(Cc2ccccc2)S1(=O)=O)c1ccccc1,True,True,True,,0.7843137254901961,1.0,,,,,,,,,,,,,,,,,,,,,4.0,4.0,0.0,True,5.0,5.0,0.0,True
target_oracle,mpair_00002507_cond_01_2p,mpair_00002507,eval,2,"QED,RB",O=C(CN1c2ccccc2C(=O)N(Cc2ccccc2)S1(=O)=O)c1ccccc1,COc1ccc(C(=O)CN2c3ccccc3C(=O)N(Cc3ccccc3)S2(=O)=O)cc1,COc1ccc(C(=O)CN2c3ccccc3C(=O)N(Cc3ccccc3)S2(=O)=O)cc1,O=C(CN1c2ccccc2C(=O)N(Cc2ccccc2)S1(=O)=O)c1ccccc1,O=C(CN1c2ccccc2C(=O)N(Cc2ccccc2)S1(=O)=O)c1ccccc1,True,True,True,,0.7916666666666666,1.0,,,,,,,,,0.5539335722556151,0.5539335722556151,0.0,True,,,,,,,,,,,,,6.0,6.0,0.0,True
target_oracle,mpair_00002516_cond_00_2p,mpair_00002516,eval,2,"LogP,TPSA",CSc1cc(-c2ccc(Cl)cc2)oc(=O)c1Br,CSc1cc(-c2ccc(Br)cc2)oc(=O)c1C#N,CSc1cc(-c2ccc(Br)cc2)oc(=O)c1C#N,O=c1cccc(-c2ccccc2)o1,O=c1cccc(-c2ccccc2)o1,True,True,True,,0.5333333333333333,1.0,,,,,3.662880000000002,3.662880000000002,0.0,True,,,,,54.0,54.0,0.0,True,,,,,,,,,,,,
target_oracle,mpair_00002520_cond_01_2p,mpair_00002520,eval,2,"QED,TPSA",CSc1cc(-c2ccc(Br)cc2)oc(=O)c1C#N,CCOC(=O)c1c(SC)c(C#N)c(-c2ccc(Br)cc2)oc1=O,CCOC(=O)c1c(SC)c(C#N)c(-c2ccc(Br)cc2)oc1=O,O=c1cccc(-c2ccccc2)o1,O=c1cccc(-c2ccccc2)o1,True,True,True,,0.43103448275862066,1.0,,,,,,,,,0.5791804088529054,0.5791804088529054,0.0,True,80.30000000000001,80.30000000000001,0.0,True,,,,,,,,,,,,
target_oracle,mpair_00002530_cond_01_2p,mpair_00002530,eval,2,"MW,LogP",CSc1cc(-c2ccc(Cl)cc2)oc(=O)c1,CSc1cc(-c2ccc(Cl)cc2)oc(=O)c1Br,CSc1cc(-c2ccc(Cl)cc2)oc(=O)c1Br,O=c1cccc(-c2ccccc2)o1,O=c1cccc(-c2ccccc2)o1,True,True,True,,0.5365853658536586,1.0,331.61799999999994,331.61799999999994,0.0,True,4.444600000000001,4.444600000000001,0.0,True,,,,,,,,,,,,,,,,,,,,
target_oracle,mpair_00002538_cond_01_2p,mpair_00002538,eval,2,"MW,LogP",CSc1cc(-c2ccc(Br)cc2)oc(=O)c1Cl,CSc1cc(-c2ccc(Cl)cc2)oc(=O)c1,CSc1cc(-c2ccc(Cl)cc2)oc(=O)c1,O=c1cccc(-c2ccccc2)o1,O=c1cccc(-c2ccccc2)o1,True,True,True,,0.4318181818181818,1.0,252.72199999999998,252.72199999999998,0.0,True,3.682100000000002,3.682100000000002,0.0,True,,,,,,,,,,,,,,,,,,,,
target_oracle,mpair_00002548_cond_00_2p,mpair_00002548,eval,2,"MW,LogP",CSc1cc(-c2ccc(Cl)cc2)oc(=O)c1,CSc1cc(-c2ccc(Br)cc2)oc(=O)c1Cl,CSc1cc(-c2ccc(Br)cc2)oc(=O)c1Cl,O=c1cccc(-c2ccccc2)o1,O=c1cccc(-c2ccccc2)o1,True,True,True,,0.4318181818181818,1.0,331.61800000000005,331.61800000000005,0.0,True,4.444600000000002,4.444600000000002,0.0,True,,,,,,,,,,,,,,,,,,,,
target_oracle,mpair_00002556_cond_02_2p,mpair_00002556,eval,2,"MW,QED",CN(C(=O)n1nc(-c2ccc(Cl)cc2)nc1SCC(F)(F)F)c1ccccc1,CSc1nc(-c2ccc(Cl)cc2)nn1C(=O)N(C)c1ccccc1,CSc1nc(-c2ccc(Cl)cc2)nn1C(=O)N(C)c1ccccc1,O=C(Nc1ccccc1)n1cnc(-c2ccccc2)n1,O=C(Nc1ccccc1)n1cnc(-c2ccccc2)n1,True,True,True,,0.7222222222222222,1.0,358.85400000000004,358.85400000000004,0.0,True,,,,,0.6499636794176425,0.6499636794176425,0.0,True,,,,,,,,,,,,,,,,
target_oracle,mpair_00002560_cond_00_2p,mpair_00002560,eval,2,"QED,RB",CSc1nc(-c2ccc(Cl)cc2)nn1C(=O)N(C)c1ccccc1,CSc1nc(-c2ccc(OC(F)(F)F)cc2)nn1C(=O)N(C)c1ccccc1,CSc1nc(-c2ccc(OC(F)(F)F)cc2)nn1C(=O)N(C)c1ccccc1,O=C(Nc1ccccc1)n1cnc(-c2ccccc2)n1,O=C(Nc1ccccc1)n1cnc(-c2ccccc2)n1,True,True,True,,0.7037037037037037,1.0,,,,,,,,,0.5874043626188404,0.5874043626188404,0.0,True,,,,,,,,,,,,,4.0,4.0,0.0,True
target_oracle,mpair_00002562_cond_02_2p,mpair_00002562,eval,2,"LogP,RB",CSc1nc(-c2ccc(Cl)cc2)nn1C(=O)N(C)c1ccccc1,CN(C(=O)n1nc(-c2ccc(Cl)cc2)nc1SCC(F)(F)F)c1ccccc1,CN(C(=O)n1nc(-c2ccc(Cl)cc2)nc1SCC(F)(F)F)c1ccccc1,O=C(Nc1ccccc1)n1cnc(-c2ccccc2)n1,O=C(Nc1ccccc1)n1cnc(-c2ccccc2)n1,True,True,True,,0.7222222222222222,1.0,,,,,5.357400000000003,5.357400000000003,0.0,True,,,,,,,,,,,,,,,,,4.0,4.0,0.0,True
target_oracle,mpair_00002566_cond_00_2p,mpair_00002566,eval,2,"HBD,RB",COc1cc(C(=O)N2CCN(C(=O)c3cc(OC)c(OC)c(OC)c3)C(COC(=O)CC(C)(C)C)C2)cc(OC)c1OC,COc1cc(C(=O)N2CCN(C(=O)c3cc(OC)c(OC)c(OC)c3)C(COC(=O)NCCC(C)C)C2)cc(OC)c1OC,COc1cc(C(=O)N2CCN(C(=O)c3cc(OC)c(OC)c(OC)c3)C(COC(=O)NCCC(C)C)C2)cc(OC)c1OC,O=C(c1ccccc1)N1CCN(C(=O)c2ccccc2)CC1,O=C(c1ccccc1)N1CCN(C(=O)c2ccccc2)CC1,True,True,True,,0.6451612903225806,1.0,,,,,,,,,,,,,,,,,1.0,1.0,0.0,True,,,,,13.0,13.0,0.0,True
target_oracle,mpair_00002567_cond_02_2p,mpair_00002567,eval,2,"HBD,RB",COc1cc(C(=O)N2CCN(C(=O)c3cc(OC)c(OC)c(OC)c3)C(COC(=O)NCCC(C)C)C2)cc(OC)c1OC,CCN(CC)C(=O)OCC1CN(C(=O)c2cc(OC)c(OC)c(OC)c2)CCN1C(=O)c1cc(OC)c(OC)c(OC)c1,CCN(CC)C(=O)OCC1CN(C(=O)c2cc(OC)c(OC)c(OC)c2)CCN1C(=O)c1cc(OC)c(OC)c(OC)c1,O=C(c1ccccc1)N1CCN(C(=O)c2ccccc2)CC1,O=C(c1ccccc1)N1CCN(C(=O)c2ccccc2)CC1,True,True,True,,0.6451612903225806,1.0,,,,,,,,,,,,,,,,,0.0,0.0,0.0,True,,,,,12.0,12.0,0.0,True
target_oracle,mpair_00002571_cond_02_2p,mpair_00002571,eval,2,"HBD,RB",CCN(CC)C(=O)OCC1CN(C(=O)c2cc(OC)c(OC)c(OC)c2)CCN1C(=O)c1cc(OC)c(OC)c(OC)c1,COc1cc(C(=O)N2CCN(C(=O)c3cc(OC)c(OC)c(OC)c3)C(COC(=O)NCCC(C)C)C2)cc(OC)c1OC,COc1cc(C(=O)N2CCN(C(=O)c3cc(OC)c(OC)c(OC)c3)C(COC(=O)NCCC(C)C)C2)cc(OC)c1OC,O=C(c1ccccc1)N1CCN(C(=O)c2ccccc2)CC1,O=C(c1ccccc1)N1CCN(C(=O)c2ccccc2)CC1,True,True,True,,0.6451612903225806,1.0,,,,,,,,,,,,,,,,,1.0,1.0,0.0,True,,,,,13.0,13.0,0.0,True
target_oracle,mpair_00002574_cond_02_2p,mpair_00002574,eval,2,"LogP,RB",COc1cc(C(=O)N2CCN(C(=O)c3cc(OC)c(OC)c(OC)c3)C(COC(=O)CC(C)(C)C)C2)cc(OC)c1OC,CCN(CC)C(=O)OCC1CN(C(=O)c2cc(OC)c(OC)c(OC)c2)CCN1C(=O)c1cc(OC)c(OC)c(OC)c1,CCN(CC)C(=O)OCC1CN(C(=O)c2cc(OC)c(OC)c(OC)c2)CCN1C(=O)c1cc(OC)c(OC)c(OC)c1,O=C(c1ccccc1)N1CCN(C(=O)c2ccccc2)CC1,O=C(c1ccccc1)N1CCN(C(=O)c2ccccc2)CC1,True,True,True,,0.6896551724137931,1.0,,,,,3.1834000000000024,3.1834000000000024,0.0,True,,,,,,,,,,,,,,,,,12.0,12.0,0.0,True
target_oracle,mpair_00002577_cond_01_2p,mpair_00002577,eval,2,"HBD,RB",COc1cc(C(=O)N2CCN(C(=O)c3cc(OC)c(OC)c(OC)c3)C(COC(=O)NCCC(C)C)C2)cc(OC)c1OC,COc1cc(C(=O)N2CCN(C(=O)c3cc(OC)c(OC)c(OC)c3)C(COC(=O)CC(C)(C)C)C2)cc(OC)c1OC,COc1cc(C(=O)N2CCN(C(=O)c3cc(OC)c(OC)c(OC)c3)C(COC(=O)CC(C)(C)C)C2)cc(OC)c1OC,O=C(c1ccccc1)N1CCN(C(=O)c2ccccc2)CC1,O=C(c1ccccc1)N1CCN(C(=O)c2ccccc2)CC1,True,True,True,,0.6451612903225806,1.0,,,,,,,,,,,,,,,,,0.0,0.0,0.0,True,,,,,11.0,11.0,0.0,True
target_oracle,mpair_00002582_cond_02_2p,mpair_00002582,eval,2,"MW,LogP",COc1cc(C(=O)N2CCN(C(=O)c3cc(OC)c(OC)c(OC)c3)C(COC(C)=O)C2)cc(OC)c1OC,CCN(CC)C(=O)OCC1CN(C(=O)c2cc(OC)c(OC)c(OC)c2)CCN1C(=O)c1cc(OC)c(OC)c(OC)c1,CCN(CC)C(=O)OCC1CN(C(=O)c2cc(OC)c(OC)c(OC)c2)CCN1C(=O)c1cc(OC)c(OC)c(OC)c1,O=C(c1ccccc1)N1CCN(C(=O)c2ccccc2)CC1,O=C(c1ccccc1)N1CCN(C(=O)c2ccccc2)CC1,True,True,True,,0.7547169811320755,1.0,603.6690000000003,603.6690000000003,0.0,True,3.1834000000000024,3.1834000000000024,0.0,True,,,,,,,,,,,,,,,,,,,,
target_oracle,mpair_00002589_cond_02_2p,mpair_00002589,eval,2,"MW,QED",COc1cc(C(=O)N2CCN(C(=O)c3cc(OC)c(OC)c(OC)c3)C(CO)C2)cc(OC)c1OC,CCN(CC)C(=O)OCC1CN(C(=O)c2cc(OC)c(OC)c(OC)c2)CCN1C(=O)c1cc(OC)c(OC)c(OC)c1,CCN(CC)C(=O)OCC1CN(C(=O)c2cc(OC)c(OC)c(OC)c2)CCN1C(=O)c1cc(OC)c(OC)c(OC)c1,O=C(c1ccccc1)N1CCN(C(=O)c2ccccc2)CC1,O=C(c1ccccc1)N1CCN(C(=O)c2ccccc2)CC1,True,True,True,,0.6792452830188679,1.0,603.6690000000003,603.6690000000003,0.0,True,,,,,0.3571777118480848,0.3571777118480848,0.0,True,,,,,,,,,,,,,,,,
target_oracle,mpair_00002598_cond_01_2p,mpair_00002598,eval,2,"TPSA,HBA",COc1ccc(C(=O)Nc2c(Cl)cncc2Cl)c2ccc(C(C)=O)nc12,COc1ccc(C(=O)Nc2c(F)cncc2F)c2ccc(C(F)(F)F)nc12,COc1ccc(C(=O)Nc2c(F)cncc2F)c2ccc(C(F)(F)F)nc12,O=C(Nc1ccncc1)c1cccc2ncccc12,O=C(Nc1ccncc1)c1cccc2ncccc12,True,True,True,,0.55,1.0,,,,,,,,,,,,,64.11,64.11,0.0,True,,,,,4.0,4.0,0.0,True,,,,
target_oracle,mpair_00002600_cond_00_2p,mpair_00002600,eval,2,"LogP,RB",COc1ccc(C(=O)Nc2ccncc2Cl)c2cccnc12,CCc1ccc2c(C(=O)Nc3c(Cl)cncc3Cl)ccc(OC)c2n1,CCc1ccc2c(C(=O)Nc3c(Cl)cncc3Cl)ccc(OC)c2n1,O=C(Nc1ccncc1)c1cccc2ncccc12,O=C(Nc1ccncc1)c1cccc2ncccc12,True,True,True,,0.5,1.0,,,,,4.759900000000003,4.759900000000003,0.0,True,,,,,,,,,,,,,,,,,4.0,4.0,0.0,True
target_oracle,mpair_00002603_cond_02_2p,mpair_00002603,eval,2,"TPSA,HBA",COc1ccc(C(=O)Nc2c(Cl)cncc2Cl)c2ccc(C(C)O)nc12,CCc1ccc2c(C(=O)Nc3c(Cl)cncc3Cl)ccc(OC)c2n1,CCc1ccc2c(C(=O)Nc3c(Cl)cncc3Cl)ccc(OC)c2n1,O=C(Nc1ccncc1)c1cccc2ncccc12,O=C(Nc1ccncc1)c1cccc2ncccc12,True,True,True,,0.6964285714285714,1.0,,,,,,,,,,,,,64.11,64.11,0.0,True,,,,,4.0,4.0,0.0,True,,,,
target_oracle,mpair_00002608_cond_01_2p,mpair_00002608,eval,2,"MW,QED",COc1ccc(C(=O)Nc2ccncc2Cl)c2cccnc12,COc1ccc(C(=O)Nc2c(F)cncc2F)c2ccc(C(F)(F)F)nc12,COc1ccc(C(=O)Nc2c(F)cncc2F)c2ccc(C(F)(F)F)nc12,O=C(Nc1ccncc1)c1cccc2ncccc12,O=C(Nc1ccncc1)c1cccc2ncccc12,True,True,True,,0.4090909090909091,1.0,383.276,383.276,0.0,True,,,,,0.6893032571109005,0.6893032571109005,0.0,True,,,,,,,,,,,,,,,,
target_oracle,mpair_00002612_cond_00_2p,mpair_00002612,eval,2,"LogP,RB",CCc1ccc2c(C(=O)Nc3c(Cl)cncc3Cl)ccc(OC)c2n1,COc1ccc(C(=O)Nc2c(F)cncc2F)c2ccc(C(F)(F)F)nc12,COc1ccc(C(=O)Nc2c(F)cncc2F)c2ccc(C(F)(F)F)nc12,O=C(Nc1ccncc1)c1cccc2ncccc12,O=C(Nc1ccncc1)c1cccc2ncccc12,True,True,True,,0.5409836065573771,1.0,,,,,4.187700000000001,4.187700000000001,0.0,True,,,,,,,,,,,,,,,,,3.0,3.0,0.0,True
target_oracle,mpair_00002615_cond_01_2p,mpair_00002615,eval,2,"MW,QED",COc1ccc(C(=O)Nc2c(F)cncc2F)c2ccc(C(F)(F)F)nc12,COc1ccc(C(=O)Nc2c(Cl)cncc2Cl)c2cccnc12,COc1ccc(C(=O)Nc2c(Cl)cncc2Cl)c2cccnc12,O=C(Nc1ccncc1)c1cccc2ncccc12,O=C(Nc1ccncc1)c1cccc2ncccc12,True,True,True,,0.4918032786885246,1.0,348.1890000000001,348.1890000000001,0.0,True,,,,,0.7706046174674384,0.7706046174674384,0.0,True,,,,,,,,,,,,,,,,
target_oracle,mpair_00002620_cond_00_2p,mpair_00002620,eval,2,"QED,RB",CCc1ccc2c(C(=O)Nc3c(Cl)cncc3Cl)ccc(OC)c2n1,COc1ccc(C(=O)Nc2c(Cl)cncc2Cl)c2cccnc12,COc1ccc(C(=O)Nc2c(Cl)cncc2Cl)c2cccnc12,O=C(Nc1ccncc1)c1cccc2ncccc12,O=C(Nc1ccncc1)c1cccc2ncccc12,True,True,True,,0.6545454545454545,1.0,,,,,,,,,0.7706046174674384,0.7706046174674384,0.0,True,,,,,,,,,,,,,3.0,3.0,0.0,True
target_oracle,mpair_00002623_cond_01_2p,mpair_00002623,eval,2,"LogP,RB",COc1ccc(C(=O)Nc2c(F)cncc2F)c2ccc(C(F)(F)F)nc12,CCc1ccc2c(C(=O)Nc3c(Cl)cncc3Cl)ccc(OC)c2n1,CCc1ccc2c(C(=O)Nc3c(Cl)cncc3Cl)ccc(OC)c2n1,O=C(Nc1ccncc1)c1cccc2ncccc12,O=C(Nc1ccncc1)c1cccc2ncccc12,True,True,True,,0.5409836065573771,1.0,,,,,4.759900000000003,4.759900000000003,0.0,True,,,,,,,,,,,,,,,,,4.0,4.0,0.0,True
target_oracle,mpair_00002626_cond_02_2p,mpair_00002626,eval,2,"LogP,QED",COc1ccc(C(=O)Nc2c(F)cncc2F)c2ccc(C(F)(F)F)nc12,COc1ccc(C(=O)Nc2ccncc2Cl)c2cccnc12,COc1ccc(C(=O)Nc2ccncc2Cl)c2cccnc12,O=C(Nc1ccncc1)c1cccc2ncccc12,O=C(Nc1ccncc1)c1cccc2ncccc12,True,True,True,,0.4090909090909091,1.0,,,,,3.544100000000002,3.544100000000002,0.0,True,0.8029165077767629,0.8029165077767629,0.0,True,,,,,,,,,,,,,,,,
target_oracle,mpair_00003108_cond_01_2p,mpair_00003108,eval,2,"LogP,QED",CN1CCC[C@H]1COc1ccc(Cl)nn1,CN1CCC[C@H]1COc1cccnn1,CN1CCC[C@H]1COc1cccnn1,c1cnnc(OC[C@@H]2CCCN2)c1,c1cnnc(OC[C@@H]2CCCN2)c1,True,True,True,,0.6511627906976745,1.0,,,,,0.9495999999999998,0.9495999999999998,0.0,True,0.7160423680458043,0.7160423680458043,0.0,True,,,,,,,,,,,,,,,,
target_oracle,mpair_00003110_cond_00_2p,mpair_00003110,eval,2,"QED,RB",CCCCc1nnc2nc(C)c(C)c(=O)n2n1,Cc1nc2nnc(C(C)(C)C)nn2c(=O)c1C,Cc1nc2nnc(C(C)(C)C)nn2c(=O)c1C,O=c1ccnc2nncnn12,O=c1ccnc2nncnn12,True,True,True,,0.5238095238095238,1.0,,,,,,,,,0.6723856505150625,0.6723856505150625,0.0,True,,,,,,,,,,,,,0.0,0.0,0.0,True
target_oracle,mpair_00003111_cond_02_2p,mpair_00003111,eval,2,"QED,RB",Cc1nc2nnc(C(C)(C)C)nn2c(=O)c1C,CCCCc1nnc2nc(C)c(C)c(=O)n2n1,CCCCc1nnc2nc(C)c(C)c(=O)n2n1,O=c1ccnc2nncnn12,O=c1ccnc2nncnn12,True,True,True,,0.5238095238095238,1.0,,,,,,,,,0.7849999676400611,0.7849999676400611,0.0,True,,,,,,,,,,,,,3.0,3.0,0.0,True
target_oracle,mpair_00003117_cond_01_2p,mpair_00003117,eval,2,"MW,HBA",Cc1c[nH]c2c1C13CC1CN(C(=O)OC(C)(C)C)C3=CC2=O,COC(=O)c1cc2c([nH]1)C(=O)C=C1N(C(=O)OC(C)(C)C)CC3CC123,COC(=O)c1cc2c([nH]1)C(=O)C=C1N(C(=O)OC(C)(C)C)CC3CC123,O=C1C=C2NCC3CC23c2cc[nH]c21,O=C1C=C2NCC3CC23c2cc[nH]c21,True,True,True,,0.5873015873015873,1.0,344.36700000000013,344.36700000000013,0.0,True,,,,,,,,,,,,,,,,,5.0,5.0,0.0,True,,,,
target_oracle,mpair_00003202_cond_02_2p,mpair_00003202,eval,2,"TPSA,HBA",O=C(OCc1ccc(-c2ccccc2)cc1)n1cccn1,N#Cc1cnn(C(=O)OCc2ccc(-c3ccccc3)cc2)c1,N#Cc1cnn(C(=O)OCc2ccc(-c3ccccc3)cc2)c1,O=C(OCc1ccc(-c2ccccc2)cc1)n1cccn1,O=C(OCc1ccc(-c2ccccc2)cc1)n1cccn1,True,True,True,,0.5833333333333334,1.0,,,,,,,,,,,,,67.91,67.91,0.0,True,,,,,5.0,5.0,0.0,True,,,,
target_oracle,mpair_00003204_cond_01_2p,mpair_00003204,eval,2,"TPSA,HBA",Cc1cnn(C(=O)OCc2ccc(-c3ccccc3)cc2)c1,N#Cc1cnn(C(=O)OCc2ccc(-c3ccccc3)cc2)c1,N#Cc1cnn(C(=O)OCc2ccc(-c3ccccc3)cc2)c1,O=C(OCc1ccc(-c2ccccc2)cc1)n1cccn1,O=C(OCc1ccc(-c2ccccc2)cc1)n1cccn1,True,True,True,,0.6808510638297872,1.0,,,,,,,,,,,,,67.91,67.91,0.0,True,,,,,5.0,5.0,0.0,True,,,,
target_oracle,mpair_00003207_cond_01_2p,mpair_00003207,eval,2,"LogP,HBA",Cc1cc(-n2ncc(=O)[nH]c2=O)ccc1S(=O)(=O)N1CCN(C=O)CC1,CCOC(=O)N1CCN(S(=O)(=O)c2ccc(-n3ncc(=O)[nH]c3=O)cc2Cl)CC1,CCOC(=O)N1CCN(S(=O)(=O)c2ccc(-n3ncc(=O)[nH]c3=O)cc2Cl)CC1,O=c1cnn(-c2ccc(S(=O)(=O)N3CCNCC3)cc2)c(=O)[nH]1,O=c1cnn(-c2ccc(S(=O)(=O)N3CCNCC3)cc2)c(=O)[nH]1,True,True,True,,0.5625,1.0,,,,,0.037000000000000144,0.037000000000000144,0.0,True,,,,,,,,,,,,,8.0,8.0,0.0,True,,,,
target_oracle,mpair_00003209_cond_01_2p,mpair_00003209,eval,2,"QED,TPSA",NC(=S)N/N=C/c1cccc(OCc2ccc3no[n+]([O-])c3c2)c1,NC(=O)N/N=C\c1ccccc1OCc1ccc2no[n+]([O-])c2c1,NC(=O)N/N=C\c1ccccc1OCc1ccc2no[n+]([O-])c2c1,c1ccc(OCc2ccc3no[nH+]c3c2)cc1,c1ccc(OCc2ccc3no[nH+]c3c2)cc1,True,True,True,,0.5882352941176471,1.0,,,,,,,,,0.4106849547701945,0.4106849547701945,0.0,True,129.68,129.68,0.0,True,,,,,,,,,,,,
target_oracle,mpair_00003212_cond_02_2p,mpair_00003212,eval,2,"HBD,RB",CC(C)NC(=O)c1ccc2c(Nc3ccc(Cl)cc3)nc(N3CCOCC3)nc2c1,COC(=O)c1ccc2c(Nc3ccc(Cl)cc3)nc(N3CCOCC3)nc2c1,COC(=O)c1ccc2c(Nc3ccc(Cl)cc3)nc(N3CCOCC3)nc2c1,c1ccc(Nc2nc(N3CCOCC3)nc3ccccc23)cc1,c1ccc(Nc2nc(N3CCOCC3)nc3ccccc23)cc1,True,True,True,,0.7833333333333333,1.0,,,,,,,,,,,,,,,,,1.0,1.0,0.0,True,,,,,4.0,4.0,0.0,True
target_oracle,mpair_00003216_cond_02_2p,mpair_00003216,eval,2,"HBD,HBA",COC(=O)c1ccc2c(Nc3ccc(Cl)cc3)nc(N3CCOCC3)nc2c1,CC(C)NC(=O)c1ccc2c(Nc3ccc(Cl)cc3)nc(N3CCOCC3)nc2c1,CC(C)NC(=O)c1ccc2c(Nc3ccc(Cl)cc3)nc(N3CCOCC3)nc2c1,c1ccc(Nc2nc(N3CCOCC3)nc3ccccc23)cc1,c1ccc(Nc2nc(N3CCOCC3)nc3ccccc23)cc1,True,True,True,,0.7833333333333333,1.0,,,,,,,,,,,,,,,,,2.0,2.0,0.0,True,6.0,6.0,0.0,True,,,,
target_oracle,mpair_00003224_cond_01_2p,mpair_00003224,eval,2,"QED,RB",COCCCN(/C(S)=C1/C(=O)c2cc(Cl)ccc2N(C)C1=O)c1ccccc1,COc1ccc(N(C)/C(S)=C2/C(=O)c3cc(Cl)ccc3N(C)C2=O)cc1,COc1ccc(N(C)/C(S)=C2/C(=O)c3cc(Cl)ccc3N(C)C2=O)cc1,O=C1Nc2ccccc2C(=O)/C1=C/Nc1ccccc1,O=C1Nc2ccccc2C(=O)/C1=C/Nc1ccccc1,True,True,True,,0.5625,1.0,,,,,,,,,0.4935411914533051,0.4935411914533051,0.0,True,,,,,,,,,,,,,3.0,3.0,0.0,True
target_oracle,mpair_00003226_cond_00_2p,mpair_00003226,eval,2,"QED,RB",COc1cccc(N(C)/C(S)=C2/C(=O)c3cc(Cl)ccc3N(C)C2=O)c1,COCCCN(/C(S)=C1/C(=O)c2cc(Cl)ccc2N(C)C1=O)c1ccccc1,COCCCN(/C(S)=C1/C(=O)c2cc(Cl)ccc2N(C)C1=O)c1ccccc1,O=C1Nc2ccccc2C(=O)/C1=C/Nc1ccccc1,O=C1Nc2ccccc2C(=O)/C1=C/Nc1ccccc1,True,True,True,,0.5846153846153846,1.0,,,,,,,,,0.3319041471572704,0.3319041471572704,0.0,True,,,,,,,,,,,,,6.0,6.0,0.0,True
target_oracle,mpair_00003227_cond_02_2p,mpair_00003227,eval,2,"QED,RB",COc1ccc(N(C)/C(S)=C2/C(=O)c3cc(Cl)ccc3N(C)C2=O)cc1,COCCCN(/C(S)=C1/C(=O)c2cc(Cl)ccc2N(C)C1=O)c1ccccc1,COCCCN(/C(S)=C1/C(=O)c2cc(Cl)ccc2N(C)C1=O)c1ccccc1,O=C1Nc2ccccc2C(=O)/C1=C/Nc1ccccc1,O=C1Nc2ccccc2C(=O)/C1=C/Nc1ccccc1,True,True,True,,0.5625,1.0,,,,,,,,,0.3319041471572704,0.3319041471572704,0.0,True,,,,,,,,,,,,,6.0,6.0,0.0,True
target_oracle,mpair_00003531_cond_01_2p,mpair_00003531,eval,2,"TPSA,HBA",CC(C)Oc1cccc(N(Cc2cccnc2)S(=O)(=O)CC(F)(F)F)c1,CCOC(=O)C(C)Oc1cccc(N(Cc2cccnc2)S(=O)(=O)CC(F)(F)F)c1,CCOC(=O)C(C)Oc1cccc(N(Cc2cccnc2)S(=O)(=O)CC(F)(F)F)c1,c1ccc(NCc2cccnc2)cc1,c1ccc(NCc2cccnc2)cc1,True,True,True,,0.7796610169491526,1.0,,,,,,,,,,,,,85.80000000000001,85.80000000000001,0.0,True,,,,,6.0,6.0,0.0,True,,,,
target_oracle,mpair_00003535_cond_00_2p,mpair_00003535,eval,2,"MW,LogP",O=S(=O)(CC(F)(F)F)N(Cc1cccnc1)c1cccc(OC(F)(F)F)c1,COc1cccc(N(Cc2cccnc2)S(=O)(=O)CC(F)(F)F)c1,COc1cccc(N(Cc2cccnc2)S(=O)(=O)CC(F)(F)F)c1,c1ccc(NCc2cccnc2)cc1,c1ccc(NCc2cccnc2)cc1,True,True,True,,0.8076923076923077,1.0,360.3570000000001,360.3570000000001,0.0,True,2.988900000000002,2.988900000000002,0.0,True,,,,,,,,,,,,,,,,,,,,
target_oracle,mpair_00003540_cond_02_2p,mpair_00003540,eval,2,"LogP,TPSA",CCCC(C)Oc1cccc(N(Cc2cccnc2)S(=O)(=O)CC(F)(F)F)c1,CCOC(=O)C(C)Oc1cccc(N(Cc2cccnc2)S(=O)(=O)CC(F)(F)F)c1,CCOC(=O)C(C)Oc1cccc(N(Cc2cccnc2)S(=O)(=O)CC(F)(F)F)c1,c1ccc(NCc2cccnc2)cc1,c1ccc(NCc2cccnc2)cc1,True,True,True,,0.746031746031746,1.0,,,,,3.3107000000000024,3.3107000000000024,0.0,True,,,,,85.80000000000001,85.80000000000001,0.0,True,,,,,,,,,,,,
target_oracle,mpair_00003542_cond_02_2p,mpair_00003542,eval,2,"QED,RB",CC(C)COc1cccc(N(Cc2cccnc2)S(=O)(=O)CC(F)(F)F)c1,CCC(C)COc1cccc(N(Cc2cccnc2)S(=O)(=O)CC(F)(F)F)c1,CCC(C)COc1cccc(N(Cc2cccnc2)S(=O)(=O)CC(F)(F)F)c1,c1ccc(NCc2cccnc2)cc1,c1ccc(NCc2cccnc2)cc1,True,True,True,,0.8421052631578947,1.0,,,,,,,,,0.6078002459089881,0.6078002459089881,0.0,True,,,,,,,,,,,,,9.0,9.0,0.0,True
target_oracle,mpair_00003544_cond_01_2p,mpair_00003544,eval,2,"LogP,RB",CC(C)COc1cccc(N(Cc2cccnc2)S(=O)(=O)CC(F)(F)F)c1,CCCC(C)Oc1cccc(N(Cc2cccnc2)S(=O)(=O)CC(F)(F)F)c1,CCCC(C)Oc1cccc(N(Cc2cccnc2)S(=O)(=O)CC(F)(F)F)c1,c1ccc(NCc2cccnc2)cc1,c1ccc(NCc2cccnc2)cc1,True,True,True,,0.7213114754098361,1.0,,,,,4.547700000000003,4.547700000000003,0.0,True,,,,,,,,,,,,,,,,,9.0,9.0,0.0,True
target_oracle,mpair_00003547_cond_01_2p,mpair_00003547,eval,2,"QED,RB",CCC(C)COc1cccc(N(Cc2cccnc2)S(=O)(=O)CC(F)(F)F)c1,CC(C)COc1cccc(N(Cc2cccnc2)S(=O)(=O)CC(F)(F)F)c1,CC(C)COc1cccc(N(Cc2cccnc2)S(=O)(=O)CC(F)(F)F)c1,c1ccc(NCc2cccnc2)cc1,c1ccc(NCc2cccnc2)cc1,True,True,True,,0.8421052631578947,1.0,,,,,,,,,0.6693605971809802,0.6693605971809802,0.0,True,,,,,,,,,,,,,8.0,8.0,0.0,True
target_oracle,mpair_00000000_cond_02_3p,mpair_00000000,eval,3,"LogP,HBA,RB",O=C(c1cccc(Cl)c1)N1C[C@H](CN2CCC(c3ccccc3)CC2)[C@@H](c2ccccc2)C1,COc1cccc(C(=O)N2C[C@H](CN3CCC(c4ccccc4)CC3)[C@@H](c3ccccc3)C2)c1,COc1cccc(C(=O)N2C[C@H](CN3CCC(c4ccccc4)CC3)[C@@H](c3ccccc3)C2)c1,O=C(c1ccccc1)N1C[C@H](CN2CCC(c3ccccc3)CC2)[C@@H](c2ccccc2)C1,O=C(c1ccccc1)N1C[C@H](CN2CCC(c3ccccc3)CC2)[C@@H](c2ccccc2)C1,True,True,True,,0.7413793103448276,1.0,,,,,5.430600000000005,5.430600000000005,0.0,True,,,,,,,,,,,,,3.0,3.0,0.0,True,6.0,6.0,0.0,True
target_oracle,mpair_00000006_cond_02_3p,mpair_00000006,eval,3,"MW,LogP,QED",O=C(c1ccccc1F)N1C[C@H](CN2CCC(c3ccccc3)CC2)[C@@H](c2ccccc2)C1,O=C(c1ccccc1C(F)(F)F)N1C[C@H](CN2CCC(c3ccccc3)CC2)[C@@H](c2ccccc2)C1,O=C(c1ccccc1C(F)(F)F)N1C[C@H](CN2CCC(c3ccccc3)CC2)[C@@H](c2ccccc2)C1,O=C(c1ccccc1)N1C[C@H](CN2CCC(c3ccccc3)CC2)[C@@H](c2ccccc2)C1,O=C(c1ccccc1)N1C[C@H](CN2CCC(c3ccccc3)CC2)[C@@H](c2ccccc2)C1,True,True,True,,0.7592592592592593,1.0,492.5850000000002,492.5850000000002,0.0,True,6.4408000000000065,6.4408000000000065,0.0,True,0.4092272471712491,0.4092272471712491,0.0,True,,,,,,,,,,,,,,,,
target_oracle,mpair_00000012_cond_01_3p,mpair_00000012,eval,3,"MW,LogP,QED",O=C(c1ccccc1F)N1C[C@H](CN2CCC(c3ccccc3)CC2)[C@@H](c2ccccc2)C1,O=C(c1ccccc1Br)N1C[C@H](CN2CCC(c3ccccc3)CC2)[C@@H](c2ccccc2)C1,O=C(c1ccccc1Br)N1C[C@H](CN2CCC(c3ccccc3)CC2)[C@@H](c2ccccc2)C1,O=C(c1ccccc1)N1C[C@H](CN2CCC(c3ccccc3)CC2)[C@@H](c2ccccc2)C1,O=C(c1ccccc1)N1C[C@H](CN2CCC(c3ccccc3)CC2)[C@@H](c2ccccc2)C1,True,True,True,,0.7692307692307693,1.0,503.48400000000026,503.48400000000026,0.0,True,6.184500000000006,6.184500000000006,0.0,True,0.41502650656849366,0.41502650656849366,0.0,True,,,,,,,,,,,,,,,,
target_oracle,mpair_00000020_cond_01_3p,mpair_00000020,eval,3,"MW,TPSA,HBA",O=C(O)CCC/C=C/C[C@@H]1[C@@H](COCc2ccccc2)C2CC1(c1ccccc1)CO2,N#Cc1ccc(COC[C@H]2C3CC(c4ccc(F)cc4)(CO3)[C@@H]2C/C=C/CCCC(=O)O)cc1,N#Cc1ccc(COC[C@H]2C3CC(c4ccc(F)cc4)(CO3)[C@@H]2C/C=C/CCCC(=O)O)cc1,c1ccc(COC[C@@H]2CC3(c4ccccc4)COC2C3)cc1,c1ccc(COC[C@@H]2CC3(c4ccccc4)COC2C3)cc1,True,True,True,,0.7391304347826086,1.0,463.5490000000003,463.5490000000003,0.0,True,,,,,,,,,79.55,79.55,0.0,True,,,,,4.0,4.0,0.0,True,,,,
target_oracle,mpair_00000323_cond_02_3p,mpair_00000323,eval,3,"TPSA,HBD,HBA",N[C@@H](C(=O)N[C@@H]1C(=O)N2C(C(=O)O)=C(C(F)(F)F)CC[C@H]12)c1ccc(F)cc1,N[C@@H](C(=O)N[C@@H]1C(=O)N2C(C(=O)O)=C(C(F)(F)F)CC[C@H]12)c1ccc(O)cc1,N[C@@H](C(=O)N[C@@H]1C(=O)N2C(C(=O)O)=C(C(F)(F)F)CC[C@H]12)c1ccc(O)cc1,O=C(Cc1ccccc1)N[C@@H]1C(=O)N2C=CCC[C@H]12,O=C(Cc1ccccc1)N[C@@H]1C(=O)N2C=CCC[C@H]12,True,True,True,,0.8545454545454545,1.0,,,,,,,,,,,,,132.96,132.96,0.0,True,4.0,4.0,0.0,True,5.0,5.0,0.0,True,,,,
target_oracle,mpair_00000330_cond_01_3p,mpair_00000330,eval,3,"MW,LogP,HBD",N[C@@H](C(=O)N[C@@H]1C(=O)N2C(C(=O)O)=C(C(F)(F)F)CC[C@H]12)c1ccc(O)cc1,N[C@@H](C(=O)N[C@@H]1C(=O)N2C(C(=O)O)=C(C(F)(F)F)CC[C@H]12)c1cccc(C(F)(F)F)c1,N[C@@H](C(=O)N[C@@H]1C(=O)N2C(C(=O)O)=C(C(F)(F)F)CC[C@H]12)c1cccc(C(F)(F)F)c1,O=C(Cc1ccccc1)N[C@@H]1C(=O)N2C=CCC[C@H]12,O=C(Cc1ccccc1)N[C@@H]1C(=O)N2C=CCC[C@H]12,True,True,True,,0.7377049180327869,1.0,451.3230000000001,451.3230000000001,0.0,True,2.0955999999999997,2.0955999999999997,0.0,True,,,,,,,,,3.0,3.0,0.0,True,,,,,,,,
target_oracle,mpair_00000332_cond_02_3p,mpair_00000332,eval,3,"TPSA,HBD,HBA",N[C@@H](C(=O)N[C@@H]1C(=O)N2C(C(=O)O)=C(C(F)(F)F)CC[C@H]12)c1ccc(O)cc1,N[C@@H](C(=O)N[C@@H]1C(=O)N2C(C(=O)O)=C(C(F)(F)F)CC[C@H]12)c1cccc(Br)c1,N[C@@H](C(=O)N[C@@H]1C(=O)N2C(C(=O)O)=C(C(F)(F)F)CC[C@H]12)c1cccc(Br)c1,O=C(Cc1ccccc1)N[C@@H]1C(=O)N2C=CCC[C@H]12,O=C(Cc1ccccc1)N[C@@H]1C(=O)N2C=CCC[C@H]12,True,True,True,,0.7377049180327869,1.0,,,,,,,,,,,,,112.73,112.73,0.0,True,3.0,3.0,0.0,True,4.0,4.0,0.0,True,,,,
target_oracle,mpair_00000338_cond_00_3p,mpair_00000338,eval,3,"LogP,QED,RB",N[C@@H](C(=O)N[C@@H]1C(=O)N2C(C(=O)O)=C(C(F)(F)F)CC[C@H]12)c1cccc(Br)c1,CSC1=C(C(=O)O)N2C(=O)[C@@H](NC(=O)[C@H](N)c3ccccc3)[C@H]2CC1,CSC1=C(C(=O)O)N2C(=O)[C@@H](NC(=O)[C@H](N)c3ccccc3)[C@H]2CC1,O=C(Cc1ccccc1)N[C@@H]1C(=O)N2C=CCC[C@H]12,O=C(Cc1ccccc1)N[C@@H]1C(=O)N2C=CCC[C@H]12,True,True,True,,0.5757575757575758,1.0,,,,,0.8350000000000002,0.8350000000000002,0.0,True,0.6699274889764619,0.6699274889764619,0.0,True,,,,,,,,,,,,,5.0,5.0,0.0,True
target_oracle,mpair_00000597_cond_02_3p,mpair_00000597,eval,3,"QED,HBD,HBA",OC[C@@H]1N[C@@H](CCCCc2ccc(O)cc2)[C@H](O)[C@H]1O,OC[C@@H]1N[C@@H](CCCCc2ccc(F)cc2)[C@H](O)[C@H]1O,OC[C@@H]1N[C@@H](CCCCc2ccc(F)cc2)[C@H](O)[C@H]1O,c1ccc(CCCC[C@H]2CCCN2)cc1,c1ccc(CCCC[C@H]2CCCN2)cc1,True,True,True,,0.7567567567567568,1.0,,,,,,,,,0.5767746304019578,0.5767746304019578,0.0,True,,,,,4.0,4.0,0.0,True,4.0,4.0,0.0,True,,,,
target_oracle,mpair_00000728_cond_02_3p,mpair_00000728,eval,3,"LogP,QED,RB",C=CCc1cc(/C=C2\SC(=O)NC2=O)c(OC)cc1OC1CCCCO1,C=CCc1cc(/C=C2\SC(=O)N(CCCC)C2=O)c(OC)cc1OC1CCCCO1,C=CCc1cc(/C=C2\SC(=O)N(CCCC)C2=O)c(OC)cc1OC1CCCCO1,O=C1NC(=O)/C(=C/c2ccc(OC3CCCCO3)cc2)S1,O=C1NC(=O)/C(=C/c2ccc(OC3CCCCO3)cc2)S1,True,True,True,,0.6571428571428571,1.0,,,,,5.165500000000004,5.165500000000004,0.0,True,0.39718598618589046,0.39718598618589046,0.0,True,,,,,,,,,,,,,9.0,9.0,0.0,True
target_oracle,mpair_00000740_cond_00_3p,mpair_00000740,eval,3,"MW,QED,RB",C=CCc1cc(/C=C2\SC(=O)N(C)C2=O)c(OC)cc1OC1CCCCO1,C=CCc1cc(/C=C2\SC(=O)N(CCCC)C2=O)c(OC)cc1OC1CCCCO1,C=CCc1cc(/C=C2\SC(=O)N(CCCC)C2=O)c(OC)cc1OC1CCCCO1,O=C1NC(=O)/C(=C/c2ccc(OC3CCCCO3)cc2)S1,O=C1NC(=O)/C(=C/c2ccc(OC3CCCCO3)cc2)S1,True,True,True,,0.7878787878787878,1.0,431.55400000000026,431.55400000000026,0.0,True,,,,,0.39718598618589046,0.39718598618589046,0.0,True,,,,,,,,,,,,,9.0,9.0,0.0,True
target_oracle,mpair_00000742_cond_02_3p,mpair_00000742,eval,3,"MW,LogP,QED",C=CCc1cc(/C=C2\SC(=O)N(C)C2=O)c(OC)cc1OC1CCCCO1,C=CCc1cc(/C=C2\SC(=O)N(CC=C(C)C)C2=O)c(OC)cc1OC1CCCCO1,C=CCc1cc(/C=C2\SC(=O)N(CC=C(C)C)C2=O)c(OC)cc1OC1CCCCO1,O=C1NC(=O)/C(=C/c2ccc(OC3CCCCO3)cc2)S1,O=C1NC(=O)/C(=C/c2ccc(OC3CCCCO3)cc2)S1,True,True,True,,0.7761194029850746,1.0,443.5650000000003,443.5650000000003,0.0,True,5.331600000000005,5.331600000000005,0.0,True,0.3995752918375223,0.3995752918375223,0.0,True,,,,,,,,,,,,,,,,
target_oracle,mpair_00000747_cond_01_3p,mpair_00000747,eval,3,"LogP,QED,HBD",C=CCc1cc(/C=C2\SC(=O)N(CC=C)C2=O)c(OC)cc1OC1CCCCO1,C=CCc1cc(/C=C2\SC(=O)NC2=O)c(OC)cc1OC1CCCCO1,C=CCc1cc(/C=C2\SC(=O)NC2=O)c(OC)cc1OC1CCCCO1,O=C1NC(=O)/C(=C/c2ccc(OC3CCCCO3)cc2)S1,O=C1NC(=O)/C(=C/c2ccc(OC3CCCCO3)cc2)S1,True,True,True,,0.696969696969697,1.0,,,,,3.6530000000000022,3.6530000000000022,0.0,True,0.6042673504148035,0.6042673504148035,0.0,True,,,,,1.0,1.0,0.0,True,,,,,,,,
target_oracle,mpair_00000749_cond_00_3p,mpair_00000749,eval,3,"QED,HBD,RB",C=CCc1cc(/C=C2\SC(=O)N(C(C)C)C2=O)c(OC)cc1OC1CCCCO1,C=CCc1cc(/C=C2\SC(=O)NC2=O)c(OC)cc1OC1CCCCO1,C=CCc1cc(/C=C2\SC(=O)NC2=O)c(OC)cc1OC1CCCCO1,O=C1NC(=O)/C(=C/c2ccc(OC3CCCCO3)cc2)S1,O=C1NC(=O)/C(=C/c2ccc(OC3CCCCO3)cc2)S1,True,True,True,,0.6865671641791045,1.0,,,,,,,,,0.6042673504148035,0.6042673504148035,0.0,True,,,,,1.0,1.0,0.0,True,,,,,6.0,6.0,0.0,True
target_oracle,mpair_00000758_cond_02_3p,mpair_00000758,eval,3,"LogP,HBA,RB",Clc1cccc(-c2cncc(O[C@@H]3CCNC3)c2)c1,COc1cccc(-c2cncc(O[C@@H]3CCNC3)c2)c1,COc1cccc(-c2cncc(O[C@@H]3CCNC3)c2)c1,c1ccc(-c2cncc(O[C@@H]3CCNC3)c2)cc1,c1ccc(-c2cncc(O[C@@H]3CCNC3)c2)cc1,True,True,True,,0.7446808510638298,1.0,,,,,2.4979000000000005,2.4979000000000005,0.0,True,,,,,,,,,,,,,4.0,4.0,0.0,True,4.0,4.0,0.0,True
target_oracle,mpair_00001125_cond_00_3p,mpair_00001125,eval,3,"MW,QED,HBD",CN1C(=O)c2ccccc2C1CCN1CCN(c2ccc(Cl)cc2)CC1,O=C1NC(CCN2CCN(c3ccccc3)CC2)c2ccccc21,O=C1NC(CCN2CCN(c3ccccc3)CC2)c2ccccc21,O=C1NC(CCN2CCN(c3ccccc3)CC2)c2ccccc21,O=C1NC(CCN2CCN(c3ccccc3)CC2)c2ccccc21,True,True,True,,0.4909090909090909,1.0,321.4240000000001,321.4240000000001,0.0,True,,,,,0.9403172855884846,0.9403172855884846,0.0,True,,,,,1.0,1.0,0.0,True,,,,,,,,
target_oracle,mpair_00001132_cond_00_3p,mpair_00001132,eval,3,"QED,TPSA,HBA",O=C(Cc1ccccc1[N+](=O)[O-])NCCC1CCN(CC2COc3ccccc3O2)CC1,COc1ccccc1CC(=O)NCCC1CCN(CC2COc3ccccc3O2)CC1,COc1ccccc1CC(=O)NCCC1CCN(CC2COc3ccccc3O2)CC1,O=C(Cc1ccccc1)NCCC1CCN(CC2COc3ccccc3O2)CC1,O=C(Cc1ccccc1)NCCC1CCN(CC2COc3ccccc3O2)CC1,True,True,True,,0.7164179104477612,1.0,,,,,,,,,0.7047088784600517,0.7047088784600517,0.0,True,60.03,60.03,0.0,True,,,,,5.0,5.0,0.0,True,,,,
target_oracle,mpair_00001135_cond_01_3p,mpair_00001135,eval,3,"MW,LogP,QED",Fc1ccc(N2CCN(c3nc4ccsc4n4cccc34)CC2)cc1,FC(F)(F)c1cccc(N2CCN(c3nc4ccsc4n4cccc34)CC2)c1,FC(F)(F)c1cccc(N2CCN(c3nc4ccsc4n4cccc34)CC2)c1,c1ccc(N2CCN(c3nc4ccsc4n4cccc34)CC2)cc1,c1ccc(N2CCN(c3nc4ccsc4n4cccc34)CC2)cc1,True,True,True,,0.6666666666666666,1.0,402.4450000000001,402.4450000000001,0.0,True,4.894400000000004,4.894400000000004,0.0,True,0.47685586942313013,0.47685586942313013,0.0,True,,,,,,,,,,,,,,,,
target_oracle,mpair_00002371_cond_02_3p,mpair_00002371,eval,3,"QED,HBD,HBA",Cn1cc(C(=O)c2ccc(-n3ccnc3)cc2)cc1/C=C/C(=O)O,CCOC(=O)/C=C/c1cc(C(=O)c2ccc(-n3ccnc3)cc2)cn1C,CCOC(=O)/C=C/c1cc(C(=O)c2ccc(-n3ccnc3)cc2)cn1C,O=C(c1ccc(-n2ccnc2)cc1)c1cc[nH]c1,O=C(c1ccc(-n2ccnc2)cc1)c1cc[nH]c1,True,True,True,,0.7454545454545455,1.0,,,,,,,,,0.3897342663180413,0.3897342663180413,0.0,True,,,,,0.0,0.0,0.0,True,6.0,6.0,0.0,True,,,,
target_oracle,mpair_00002463_cond_00_3p,mpair_00002463,eval,3,"LogP,HBA,RB",COc1ccc(NC(=O)c2cc(OCCCN(C)C)nn2Cc2ccccc2)cc1,CN(C)CCCOc1cc(C(=O)Nc2ccc(Cl)cc2F)n(Cc2ccccc2)n1,CN(C)CCCOc1cc(C(=O)Nc2ccc(Cl)cc2F)n(Cc2ccccc2)n1,O=C(Nc1ccccc1)c1ccnn1Cc1ccccc1,O=C(Nc1ccccc1)c1ccnn1Cc1ccccc1,True,True,True,,0.6567164179104478,1.0,,,,,4.306700000000003,4.306700000000003,0.0,True,,,,,,,,,,,,,5.0,5.0,0.0,True,9.0,9.0,0.0,True
target_oracle,mpair_00002466_cond_01_3p,mpair_00002466,eval,3,"QED,HBA,RB",CN(C)CCCOc1cc(C(=O)Nc2ccc(Cl)cc2F)n(Cc2ccccc2)n1,CN(C)CCCOc1cc(C(=O)Nc2ccc(OC(F)(F)F)cc2)n(Cc2ccccc2)n1,CN(C)CCCOc1cc(C(=O)Nc2ccc(OC(F)(F)F)cc2)n(Cc2ccccc2)n1,O=C(Nc1ccccc1)c1ccnn1Cc1ccccc1,O=C(Nc1ccccc1)c1ccnn1Cc1ccccc1,True,True,True,,0.6428571428571429,1.0,,,,,,,,,0.4522382232340766,0.4522382232340766,0.0,True,,,,,,,,,6.0,6.0,0.0,True,10.0,10.0,0.0,True
target_oracle,mpair_00002470_cond_00_3p,mpair_00002470,eval,3,"LogP,HBA,RB",CN(C)CCCOc1cc(C(=O)Nc2ccc(Cl)cc2F)n(Cc2ccccc2)n1,COc1ccc(NC(=O)c2cc(OCCCN(C)C)nn2Cc2ccccc2)cc1,COc1ccc(NC(=O)c2cc(OCCCN(C)C)nn2Cc2ccccc2)cc1,O=C(Nc1ccccc1)c1ccnn1Cc1ccccc1,O=C(Nc1ccccc1)c1ccnn1Cc1ccccc1,True,True,True,,0.6567164179104478,1.0,,,,,3.522800000000002,3.522800000000002,0.0,True,,,,,,,,,,,,,6.0,6.0,0.0,True,10.0,10.0,0.0,True
target_oracle,mpair_00002473_cond_00_3p,mpair_00002473,eval,3,"LogP,HBA,RB",COc1ccc(NC(=O)c2cc(OCCCN(C)C)nn2Cc2ccccc2)cc1,CN(C)CCCOc1cc(C(=O)Nc2cccc(Cl)c2)n(Cc2ccccc2)n1,CN(C)CCCOc1cc(C(=O)Nc2cccc(Cl)c2)n(Cc2ccccc2)n1,O=C(Nc1ccccc1)c1ccnn1Cc1ccccc1,O=C(Nc1ccccc1)c1ccnn1Cc1ccccc1,True,True,True,,0.7419354838709677,1.0,,,,,4.167600000000003,4.167600000000003,0.0,True,,,,,,,,,,,,,5.0,5.0,0.0,True,9.0,9.0,0.0,True
target_oracle,mpair_00002478_cond_02_3p,mpair_00002478,eval,3,"MW,LogP,QED",CN(C)CCCOc1cc(C(=O)Nc2cccc(Cl)c2)n(Cc2ccccc2)n1,CN(C)CCCOc1cc(C(=O)Nc2cc(F)cc(C(F)(F)F)c2)n(Cc2ccccc2)n1,CN(C)CCCOc1cc(C(=O)Nc2cc(F)cc(C(F)(F)F)c2)n(Cc2ccccc2)n1,O=C(Nc1ccccc1)c1ccnn1Cc1ccccc1,O=C(Nc1ccccc1)c1ccnn1Cc1ccccc1,True,True,True,,0.6764705882352942,1.0,464.4630000000001,464.4630000000001,0.0,True,4.672100000000003,4.672100000000003,0.0,True,0.369385517709234,0.369385517709234,0.0,True,,,,,,,,,,,,,,,,
target_oracle,mpair_00002483_cond_00_3p,mpair_00002483,eval,3,"LogP,HBA,RB",COc1cc(NC(=O)c2cc(OCCCN(C)C)nn2Cc2ccccc2)cc(OC)c1OC,CN(C)CCCOc1cc(C(=O)Nc2ccc(OC(F)(F)F)cc2)n(Cc2ccccc2)n1,CN(C)CCCOc1cc(C(=O)Nc2ccc(OC(F)(F)F)cc2)n(Cc2ccccc2)n1,O=C(Nc1ccccc1)c1ccnn1Cc1ccccc1,O=C(Nc1ccccc1)c1ccnn1Cc1ccccc1,True,True,True,,0.6764705882352942,1.0,,,,,4.412800000000003,4.412800000000003,0.0,True,,,,,,,,,,,,,6.0,6.0,0.0,True,10.0,10.0,0.0,True
target_oracle,mpair_00002488_cond_01_3p,mpair_00002488,eval,3,"LogP,TPSA,HBD",C=Cc1cc(C(=O)OCC)n(S(=O)(=O)c2cc(Cl)ccc2N)c1,CC(C)OC(=O)c1cc(CO)cn1S(=O)(=O)c1cc(Cl)ccc1N,CC(C)OC(=O)c1cc(CO)cn1S(=O)(=O)c1cc(Cl)ccc1N,O=S(=O)(c1ccccc1)n1cccc1,O=S(=O)(c1ccccc1)n1cccc1,True,True,True,,0.5396825396825397,1.0,,,,,2.0182,2.0182,0.0,True,,,,,111.61999999999999,111.61999999999999,0.0,True,2.0,2.0,0.0,True,,,,,,,,
target_oracle,mpair_00002498_cond_01_3p,mpair_00002498,eval,3,"MW,QED,RB",CCc1ccc(NC2=C(Cl)C(=O)c3ncncc3C2=O)cc1,O=C1C(Nc2cccc(Br)c2)=C(Cl)C(=O)c2ncncc21,O=C1C(Nc2cccc(Br)c2)=C(Cl)C(=O)c2ncncc21,O=C1C(Nc2ccccc2)=CC(=O)c2ncncc21,O=C1C(Nc2ccccc2)=CC(=O)c2ncncc21,True,True,True,,0.5882352941176471,1.0,364.58600000000007,364.58600000000007,0.0,True,,,,,0.885902971993687,0.885902971993687,0.0,True,,,,,,,,,,,,,2.0,2.0,0.0,True
target_oracle,mpair_00002502_cond_02_3p,mpair_00002502,eval,3,"MW,QED,RB",O=C1C(Nc2cccc(Br)c2)=C(Cl)C(=O)c2ncncc21,CCc1ccc(NC2=C(Cl)C(=O)c3ncncc3C2=O)cc1,CCc1ccc(NC2=C(Cl)C(=O)c3ncncc3C2=O)cc1,O=C1C(Nc2ccccc2)=CC(=O)c2ncncc21,O=C1C(Nc2ccccc2)=CC(=O)c2ncncc21,True,True,True,,0.5882352941176471,1.0,313.744,313.744,0.0,True,,,,,0.9428073960459649,0.9428073960459649,0.0,True,,,,,,,,,,,,,3.0,3.0,0.0,True
target_oracle,mpair_00002505_cond_02_3p,mpair_00002505,eval,3,"QED,HBA,RB",COc1ccc(C(=O)CN2c3ccccc3C(=O)N(Cc3ccccc3)S2(=O)=O)cc1,O=C(CN1c2ccccc2C(=O)N(Cc2ccccc2)S1(=O)=O)c1ccccc1,O=C(CN1c2ccccc2C(=O)N(Cc2ccccc2)S1(=O)=O)c1ccccc1,O=C(CN1c2ccccc2C(=O)N(Cc2ccccc2)S1(=O)=O)c1ccccc1,O=C(CN1c2ccccc2C(=O)N(Cc2ccccc2)S1(=O)=O)c1ccccc1,True,True,True,,0.7916666666666666,1.0,,,,,,,,,0.6096951629926923,0.6096951629926923,0.0,True,,,,,,,,,4.0,4.0,0.0,True,5.0,5.0,0.0,True
target_oracle,mpair_00002516_cond_02_3p,mpair_00002516,eval,3,"LogP,TPSA,HBA",CSc1cc(-c2ccc(Cl)cc2)oc(=O)c1Br,CSc1cc(-c2ccc(Br)cc2)oc(=O)c1C#N,CSc1cc(-c2ccc(Br)cc2)oc(=O)c1C#N,O=c1cccc(-c2ccccc2)o1,O=c1cccc(-c2ccccc2)o1,True,True,True,,0.5333333333333333,1.0,,,,,3.662880000000002,3.662880000000002,0.0,True,,,,,54.0,54.0,0.0,True,,,,,4.0,4.0,0.0,True,,,,
target_oracle,mpair_00002546_cond_01_3p,mpair_00002546,eval,3,"MW,QED,HBA",CSc1cc(-c2ccc(Br)cc2)oc(=O)c1Br,CSc1cc(-c2ccc(Br)cc2)oc(=O)c1C#N,CSc1cc(-c2ccc(Br)cc2)oc(=O)c1C#N,O=c1cccc(-c2ccccc2)o1,O=c1cccc(-c2ccccc2)o1,True,True,True,,0.675,1.0,322.1830000000001,322.1830000000001,0.0,True,,,,,0.791886779601309,0.791886779601309,0.0,True,,,,,,,,,4.0,4.0,0.0,True,,,,
target_oracle,mpair_00002560_cond_02_3p,mpair_00002560,eval,3,"MW,QED,HBA",CSc1nc(-c2ccc(Cl)cc2)nn1C(=O)N(C)c1ccccc1,CSc1nc(-c2ccc(OC(F)(F)F)cc2)nn1C(=O)N(C)c1ccccc1,CSc1nc(-c2ccc(OC(F)(F)F)cc2)nn1C(=O)N(C)c1ccccc1,O=C(Nc1ccccc1)n1cnc(-c2ccccc2)n1,O=C(Nc1ccccc1)n1cnc(-c2ccccc2)n1,True,True,True,,0.7037037037037037,1.0,408.4050000000001,408.4050000000001,0.0,True,,,,,0.5874043626188404,0.5874043626188404,0.0,True,,,,,,,,,6.0,6.0,0.0,True,,,,
target_oracle,mpair_00002570_cond_01_3p,mpair_00002570,eval,3,"QED,TPSA,HBA",CCN(CC)C(=O)OCC1CN(C(=O)c2cc(OC)c(OC)c(OC)c2)CCN1C(=O)c1cc(OC)c(OC)c(OC)c1,COc1cc(C(=O)N2CCN(C(=O)c3cc(OC)c(OC)c(OC)c3)CC2)cc(OC)c1OC,COc1cc(C(=O)N2CCN(C(=O)c3cc(OC)c(OC)c(OC)c3)CC2)cc(OC)c1OC,O=C(c1ccccc1)N1CCN(C(=O)c2ccccc2)CC1,O=C(c1ccccc1)N1CCN(C(=O)c2ccccc2)CC1,True,True,True,,0.52,1.0,,,,,,,,,0.5754127815390553,0.5754127815390553,0.0,True,96.00000000000001,96.00000000000001,0.0,True,,,,,8.0,8.0,0.0,True,,,,
target_oracle,mpair_00002580_cond_00_3p,mpair_00002580,eval,3,"LogP,HBD,HBA",COc1cc(C(=O)N2CCN(C(=O)c3cc(OC)c(OC)c(OC)c3)C(COC(C)=O)C2)cc(OC)c1OC,COc1cc(C(=O)N2CCN(C(=O)c3cc(OC)c(OC)c(OC)c3)C(CO)C2)cc(OC)c1OC,COc1cc(C(=O)N2CCN(C(=O)c3cc(OC)c(OC)c(OC)c3)C(CO)C2)cc(OC)c1OC,O=C(c1ccccc1)N1CCN(C(=O)c2ccccc2)CC1,O=C(c1ccccc1)N1CCN(C(=O)c2ccccc2)CC1,True,True,True,,0.75,1.0,,,,,1.6973000000000003,1.6973000000000003,0.0,True,,,,,,,,,1.0,1.0,0.0,True,9.0,9.0,0.0,True,,,,
target_oracle,mpair_00002585_cond_01_3p,mpair_00002585,eval,3,"QED,TPSA,RB",COc1cc(C(=O)N2CCN(C(=O)c3cc(OC)c(OC)c(OC)c3)C(COC(C)=O)C2)cc(OC)c1OC,COc1cc(C(=O)N2CCN(C(=O)c3cc(OC)c(OC)c(OC)c3)CC2)cc(OC)c1OC,COc1cc(C(=O)N2CCN(C(=O)c3cc(OC)c(OC)c(OC)c3)CC2)cc(OC)c1OC,O=C(c1ccccc1)N1CCN(C(=O)c2ccccc2)CC1,O=C(c1ccccc1)N1CCN(C(=O)c2ccccc2)CC1,True,True,True,,0.5777777777777777,1.0,,,,,,,,,0.5754127815390553,0.5754127815390553,0.0,True,96.00000000000001,96.00000000000001,0.0,True,,,,,,,,,8.0,8.0,0.0,True
target_oracle,mpair_00002590_cond_00_3p,mpair_00002590,eval,3,"MW,HBD,RB",COc1cc(C(=O)N2CCN(C(=O)c3cc(OC)c(OC)c(OC)c3)C(COC(=O)NCCC(C)C)C2)cc(OC)c1OC,COc1cc(C(=O)N2CCN(C(=O)c3cc(OC)c(OC)c(OC)c3)C(COC(C)=O)C2)cc(OC)c1OC,COc1cc(C(=O)N2CCN(C(=O)c3cc(OC)c(OC)c(OC)c3)C(COC(C)=O)C2)cc(OC)c1OC,O=C(c1ccccc1)N1CCN(C(=O)c2ccccc2)CC1,O=C(c1ccccc1)N1CCN(C(=O)c2ccccc2)CC1,True,True,True,,0.7017543859649122,1.0,546.5730000000003,546.5730000000003,0.0,True,,,,,,,,,,,,,0.0,0.0,0.0,True,,,,,10.0,10.0,0.0,True
target_oracle,mpair_00002596_cond_02_3p,mpair_00002596,eval,3,"HBD,HBA,RB",COc1ccc(C(=O)Nc2c(F)cncc2F)c2ccc(C(F)(F)F)nc12,COc1ccc(C(=O)Nc2c(Cl)cncc2Cl)c2ccc(C(C)O)nc12,COc1ccc(C(=O)Nc2c(Cl)cncc2Cl)c2ccc(C(C)O)nc12,O=C(Nc1ccncc1)c1cccc2ncccc12,O=C(Nc1ccncc1)c1cccc2ncccc12,True,True,True,,0.532258064516129,1.0,,,,,,,,,,,,,,,,,2.0,2.0,0.0,True,5.0,5.0,0.0,True,4.0,4.0,0.0,True
target_oracle,mpair_00002601_cond_01_3p,mpair_00002601,eval,3,"MW,LogP,QED",COc1ccc(C(=O)Nc2ccncc2Cl)c2cccnc12,COc1ccc(C(=O)Nc2ccncc2Cl)c2ccc(C(F)(F)F)nc12,COc1ccc(C(=O)Nc2ccncc2Cl)c2ccc(C(F)(F)F)nc12,O=C(Nc1ccncc1)c1cccc2ncccc12,O=C(Nc1ccncc1)c1cccc2ncccc12,True,True,True,,0.6724137931034483,1.0,381.74100000000004,381.74100000000004,0.0,True,4.562900000000002,4.562900000000002,0.0,True,0.7218484507203837,0.7218484507203837,0.0,True,,,,,,,,,,,,,,,,
target_oracle,mpair_00002605_cond_01_3p,mpair_00002605,eval,3,"TPSA,HBD,HBA",COc1ccc(C(=O)Nc2c(Cl)cncc2Cl)c2ccc(C(C)O)nc12,COc1ccc(C(=O)Nc2c(F)cncc2F)c2ccc(C(F)(F)F)nc12,COc1ccc(C(=O)Nc2c(F)cncc2F)c2ccc(C(F)(F)F)nc12,O=C(Nc1ccncc1)c1cccc2ncccc12,O=C(Nc1ccncc1)c1cccc2ncccc12,True,True,True,,0.532258064516129,1.0,,,,,,,,,,,,,64.11,64.11,0.0,True,1.0,1.0,0.0,True,4.0,4.0,0.0,True,,,,
target_oracle,mpair_00002610_cond_02_3p,mpair_00002610,eval,3,"LogP,TPSA,HBD",CCc1ccc2c(C(=O)Nc3c(Cl)cncc3Cl)ccc(OC)c2n1,COc1ccc(C(=O)Nc2c(Cl)cncc2Cl)c2ccc(C(C)O)nc12,COc1ccc(C(=O)Nc2c(Cl)cncc2Cl)c2ccc(C(C)O)nc12,O=C(Nc1ccncc1)c1cccc2ncccc12,O=C(Nc1ccncc1)c1cccc2ncccc12,True,True,True,,0.6964285714285714,1.0,,,,,4.2508000000000035,4.2508000000000035,0.0,True,,,,,84.34,84.34,0.0,True,2.0,2.0,0.0,True,,,,,,,,
target_oracle,mpair_00002617_cond_00_3p,mpair_00002617,eval,3,"TPSA,HBA,RB",COc1ccc(C(=O)Nc2c(Cl)cncc2Cl)c2ccc(C(C)=O)nc12,COc1ccc(C(=O)Nc2ccncc2Cl)c2ccc(C(F)(F)F)nc12,COc1ccc(C(=O)Nc2ccncc2Cl)c2ccc(C(F)(F)F)nc12,O=C(Nc1ccncc1)c1cccc2ncccc12,O=C(Nc1ccncc1)c1cccc2ncccc12,True,True,True,,0.5396825396825397,1.0,,,,,,,,,,,,,64.11,64.11,0.0,True,,,,,4.0,4.0,0.0,True,3.0,3.0,0.0,True
target_oracle,mpair_00002624_cond_01_3p,mpair_00002624,eval,3,"MW,LogP,QED",COc1ccc(C(=O)Nc2ccncc2Cl)c2ccc(C(F)(F)F)nc12,COc1ccc(C(=O)Nc2ccncc2Cl)c2cccnc12,COc1ccc(C(=O)Nc2ccncc2Cl)c2cccnc12,O=C(Nc1ccncc1)c1cccc2ncccc12,O=C(Nc1ccncc1)c1cccc2ncccc12,True,True,True,,0.6724137931034483,1.0,313.744,313.744,0.0,True,3.544100000000002,3.544100000000002,0.0,True,0.8029165077767629,0.8029165077767629,0.0,True,,,,,,,,,,,,,,,,
target_oracle,mpair_00002631_cond_01_3p,mpair_00002631,eval,3,"LogP,HBD,HBA",CC(C)(C)[C@H](O)C(=O)N1C[C@H](c2ccccc2)C[C@H]1C(=O)N[C@@H](CC(F)F)C(=O)NCCc1c(F)cc(C(=O)O)cc1F,CC(C)CC(=O)N1C[C@H](c2ccccc2)C[C@H]1C(=O)N[C@@H](CC(F)F)C(=O)NCCc1c(F)cc(C(=O)O)cc1F,CC(C)CC(=O)N1C[C@H](c2ccccc2)C[C@H]1C(=O)N[C@@H](CC(F)F)C(=O)NCCc1c(F)cc(C(=O)O)cc1F,O=C(CNC(=O)[C@@H]1C[C@@H](c2ccccc2)CN1)NCCc1ccccc1,O=C(CNC(=O)[C@@H]1C[C@@H](c2ccccc2)CN1)NCCc1ccccc1,True,True,True,,0.7567567567567568,1.0,,,,,3.892500000000002,3.892500000000002,0.0,True,,,,,,,,,3.0,3.0,0.0,True,4.0,4.0,0.0,True,,,,
target_oracle,mpair_00003115_cond_01_3p,mpair_00003115,eval,3,"MW,LogP,QED",Cc1nc2nncnn2c(=O)c1C,Cc1nc2nnc(C(C)(C)C)nn2c(=O)c1C,Cc1nc2nnc(C(C)(C)C)nn2c(=O)c1C,O=c1ccnc2nncnn12,O=c1ccnc2nncnn12,True,True,True,,0.48717948717948717,1.0,233.27499999999998,233.27499999999998,0.0,True,0.7938399999999997,0.7938399999999997,0.0,True,0.6723856505150625,0.6723856505150625,0.0,True,,,,,,,,,,,,,,,,
target_oracle,mpair_00003206_cond_01_3p,mpair_00003206,eval,3,"MW,LogP,HBA",CCOC(=O)N1CCN(S(=O)(=O)c2ccc(-n3ncc(=O)[nH]c3=O)cc2Cl)CC1,Cc1cc(-n2ncc(=O)[nH]c2=O)ccc1S(=O)(=O)N1CCN(C=O)CC1,Cc1cc(-n2ncc(=O)[nH]c2=O)ccc1S(=O)(=O)N1CCN(C=O)CC1,O=c1cnn(-c2ccc(S(=O)(=O)N3CCNCC3)cc2)c(=O)[nH]1,O=c1cnn(-c2ccc(S(=O)(=O)N3CCNCC3)cc2)c(=O)[nH]1,True,True,True,,0.5625,1.0,379.39800000000025,379.39800000000025,0.0,True,-1.3080799999999981,-1.3080799999999981,0.0,True,,,,,,,,,,,,,7.0,7.0,0.0,True,,,,
target_oracle,mpair_00003210_cond_01_3p,mpair_00003210,eval,3,"MW,LogP,RB",CC[C@H]1OC(=O)[C@H](C)[C@@H](O)[C@H](C)[C@@H](OC2O[C@H](C)C[C@H](N(C)C)C2O)[C@@](C)(OC)C[C@@H](C)C(=O)[C@H](C)[C@@H](O)[C@]1(C)O,CC[C@H]1OC(=O)[C@H](C)[C@@H](OC(C)=O)[C@H](C)[C@@H](OC2O[C@H](C)C[C@H](N(C)C)C2O)[C@@](C)(OC)C[C@@H](C)C(=O)[C@H](C)[C@@H](O)[C@]1(C)O,CC[C@H]1OC(=O)[C@H](C)[C@@H](OC(C)=O)[C@H](C)[C@@H](OC2O[C@H](C)C[C@H](N(C)C)C2O)[C@@](C)(OC)C[C@@H](C)C(=O)[C@H](C)[C@@H](O)[C@]1(C)O,O=C1CCCCOC(=O)CCC[C@@H](OC2CCCCO2)CCC1,O=C1CCCCOC(=O)CCC[C@@H](OC2CCCCO2)CCC1,True,True,True,,0.821917808219178,1.0,631.8040000000003,631.8040000000003,0.0,True,2.0853000000000033,2.0853000000000033,0.0,True,,,,,,,,,,,,,,,,,6.0,6.0,0.0,True
target_oracle,mpair_00003219_cond_02_3p,mpair_00003219,eval,3,"MW,LogP,QED",COc1ccc(S(=O)(=O)N(Cc2cccnc2)c2c(C)cccc2C(=O)NO)cc1,COc1ccc(S(=O)(=O)N(Cc2cccnc2)c2c(C)cc(Br)cc2C(=O)NO)cc1,COc1ccc(S(=O)(=O)N(Cc2cccnc2)c2c(C)cc(Br)cc2C(=O)NO)cc1,O=S(=O)(c1ccccc1)N(Cc1cccnc1)c1ccccc1,O=S(=O)(c1ccccc1)N(Cc1cccnc1)c1ccccc1,True,True,True,,0.819672131147541,1.0,506.37800000000016,506.37800000000016,0.0,True,3.675620000000001,3.675620000000001,0.0,True,0.3740614499694089,0.3740614499694089,0.0,True,,,,,,,,,,,,,,,,
target_oracle,mpair_00003223_cond_01_3p,mpair_00003223,eval,3,"MW,LogP,QED",COc1ccc(S(=O)(=O)N(Cc2cccnc2)c2c(C)cc(Br)cc2C(=O)NO)cc1,COc1ccc(S(=O)(=O)N(Cc2cccnc2)c2c(C)cccc2C(=O)NO)cc1,COc1ccc(S(=O)(=O)N(Cc2cccnc2)c2c(C)cccc2C(=O)NO)cc1,O=S(=O)(c1ccccc1)N(Cc1cccnc1)c1ccccc1,O=S(=O)(c1ccccc1)N(Cc1cccnc1)c1ccccc1,True,True,True,,0.819672131147541,1.0,427.48200000000014,427.48200000000014,0.0,True,2.91312,2.91312,0.0,True,0.44330794633881315,0.44330794633881315,0.0,True,,,,,,,,,,,,,,,,
target_oracle,mpair_00003535_cond_02_3p,mpair_00003535,eval,3,"MW,LogP,QED",O=S(=O)(CC(F)(F)F)N(Cc1cccnc1)c1cccc(OC(F)(F)F)c1,COc1cccc(N(Cc2cccnc2)S(=O)(=O)CC(F)(F)F)c1,COc1cccc(N(Cc2cccnc2)S(=O)(=O)CC(F)(F)F)c1,c1ccc(NCc2cccnc2)cc1,c1ccc(NCc2cccnc2)cc1,True,True,True,,0.8076923076923077,1.0,360.3570000000001,360.3570000000001,0.0,True,2.988900000000002,2.988900000000002,0.0,True,0.7946521442277092,0.7946521442277092,0.0,True,,,,,,,,,,,,,,,,
target_oracle,mpair_00003540_cond_01_3p,mpair_00003540,eval,3,"QED,TPSA,HBA",CCCC(C)Oc1cccc(N(Cc2cccnc2)S(=O)(=O)CC(F)(F)F)c1,CCOC(=O)C(C)Oc1cccc(N(Cc2cccnc2)S(=O)(=O)CC(F)(F)F)c1,CCOC(=O)C(C)Oc1cccc(N(Cc2cccnc2)S(=O)(=O)CC(F)(F)F)c1,c1ccc(NCc2cccnc2)cc1,c1ccc(NCc2cccnc2)cc1,True,True,True,,0.746031746031746,1.0,,,,,,,,,0.5496815697636838,0.5496815697636838,0.0,True,85.80000000000001,85.80000000000001,0.0,True,,,,,6.0,6.0,0.0,True,,,,
target_oracle,mpair_00003546_cond_02_3p,mpair_00003546,eval,3,"MW,LogP,QED",COc1cccc(N(Cc2cccnc2)S(=O)(=O)CC(F)(F)F)c1,CCCC(C)Oc1cccc(N(Cc2cccnc2)S(=O)(=O)CC(F)(F)F)c1,CCCC(C)Oc1cccc(N(Cc2cccnc2)S(=O)(=O)CC(F)(F)F)c1,c1ccc(NCc2cccnc2)cc1,c1ccc(NCc2cccnc2)cc1,True,True,True,,0.7413793103448276,1.0,416.4650000000001,416.4650000000001,0.0,True,4.547700000000003,4.547700000000003,0.0,True,0.6018859517288218,0.6018859517288218,0.0,True,,,,,,,,,,,,,,,,
target_oracle,mpair_00000014_cond_02_4p,mpair_00000014,eval,4,"MW,LogP,TPSA,HBA",O=C(O)[C@@H]1C[C@H]2C[C@@H](CCS(=O)(=O)O)CC[C@H]2CN1,O=C(O)CC[C@H]1CC[C@H]2CN[C@H](C(=O)O)C[C@H]2C1,O=C(O)CC[C@H]1CC[C@H]2CN[C@H](C(=O)O)C[C@H]2C1,C1CC[C@H]2CNCC[C@H]2C1,C1CC[C@H]2CNCC[C@H]2C1,True,True,True,,0.6829268292682927,1.0,255.314,255.314,0.0,True,1.3301999999999996,1.3301999999999996,0.0,True,,,,,86.63000000000001,86.63000000000001,0.0,True,,,,,3.0,3.0,0.0,True,,,,
target_oracle,mpair_00000322_cond_02_4p,mpair_00000322,eval,4,"MW,LogP,QED,HBA",N[C@@H](C(=O)N[C@@H]1C(=O)N2C(C(=O)O)=C(C(F)(F)F)CC[C@H]12)c1cccc(C(F)(F)F)c1,CSC1=C(C(=O)O)N2C(=O)[C@@H](NC(=O)[C@H](N)c3ccccc3)[C@H]2CC1,CSC1=C(C(=O)O)N2C(=O)[C@@H](NC(=O)[C@H](N)c3ccccc3)[C@H]2CC1,O=C(Cc1ccccc1)N[C@@H]1C(=O)N2C=CCC[C@H]12,O=C(Cc1ccccc1)N[C@@H]1C(=O)N2C=CCC[C@H]12,True,True,True,,0.5757575757575758,1.0,361.42300000000006,361.42300000000006,0.0,True,0.8350000000000002,0.8350000000000002,0.0,True,0.6699274889764619,0.6699274889764619,0.0,True,,,,,,,,,5.0,5.0,0.0,True,,,,
target_oracle,mpair_00000326_cond_02_4p,mpair_00000326,eval,4,"MW,QED,TPSA,HBD",N[C@@H](C(=O)N[C@@H]1C(=O)N2C(C(=O)O)=C(C(F)(F)F)CC[C@H]12)c1ccc(O)cc1,CSC1=C(C(=O)O)N2C(=O)[C@@H](NC(=O)[C@H](N)c3ccccc3)[C@H]2CC1,CSC1=C(C(=O)O)N2C(=O)[C@@H](NC(=O)[C@H](N)c3ccccc3)[C@H]2CC1,O=C(Cc1ccccc1)N[C@@H]1C(=O)N2C=CCC[C@H]12,O=C(Cc1ccccc1)N[C@@H]1C(=O)N2C=CCC[C@H]12,True,True,True,,0.5873015873015873,1.0,361.42300000000006,361.42300000000006,0.0,True,,,,,0.6699274889764619,0.6699274889764619,0.0,True,112.73,112.73,0.0,True,3.0,3.0,0.0,True,,,,,,,,
target_oracle,mpair_00000339_cond_02_4p,mpair_00000339,eval,4,"MW,LogP,HBD,HBA",N[C@@H](C(=O)N[C@@H]1C(=O)N2C(C(=O)O)=C(C(F)(F)F)CC[C@H]12)c1cccc(C(F)(F)F)c1,N[C@@H](C(=O)N[C@@H]1C(=O)N2C(C(=O)O)=C(C(F)(F)F)CC[C@H]12)c1ccc(O)cc1,N[C@@H](C(=O)N[C@@H]1C(=O)N2C(C(=O)O)=C(C(F)(F)F)CC[C@H]12)c1ccc(O)cc1,O=C(Cc1ccccc1)N[C@@H]1C(=O)N2C=CCC[C@H]12,O=C(Cc1ccccc1)N[C@@H]1C(=O)N2C=CCC[C@H]12,True,True,True,,0.7377049180327869,1.0,399.3250000000001,399.3250000000001,0.0,True,0.7823999999999993,0.7823999999999993,0.0,True,,,,,,,,,4.0,4.0,0.0,True,5.0,5.0,0.0,True,,,,
target_oracle,mpair_00000588_cond_02_4p,mpair_00000588,eval,4,"QED,TPSA,HBD,HBA",OC[C@@H]1N[C@@H](CCCCc2ccc(O)cc2)[C@H](O)[C@H]1O,OC[C@@H]1N[C@@H](CCCCc2cc(F)cc(F)c2)[C@H](O)[C@H]1O,OC[C@@H]1N[C@@H](CCCCc2cc(F)cc(F)c2)[C@H](O)[C@H]1O,c1ccc(CCCC[C@H]2CCCN2)cc1,c1ccc(CCCC[C@H]2CCCN2)cc1,True,True,True,,0.625,1.0,,,,,,,,,0.5846986769843887,0.5846986769843887,0.0,True,72.72,72.72,0.0,True,4.0,4.0,0.0,True,4.0,4.0,0.0,True,,,,
target_oracle,mpair_00000728_cond_00_4p,mpair_00000728,eval,4,"MW,LogP,HBD,RB",C=CCc1cc(/C=C2\SC(=O)NC2=O)c(OC)cc1OC1CCCCO1,C=CCc1cc(/C=C2\SC(=O)N(CCCC)C2=O)c(OC)cc1OC1CCCCO1,C=CCc1cc(/C=C2\SC(=O)N(CCCC)C2=O)c(OC)cc1OC1CCCCO1,O=C1NC(=O)/C(=C/c2ccc(OC3CCCCO3)cc2)S1,O=C1NC(=O)/C(=C/c2ccc(OC3CCCCO3)cc2)S1,True,True,True,,0.6571428571428571,1.0,431.55400000000026,431.55400000000026,0.0,True,5.165500000000004,5.165500000000004,0.0,True,,,,,,,,,0.0,0.0,0.0,True,,,,,9.0,9.0,0.0,True
target_oracle,mpair_00000735_cond_02_4p,mpair_00000735,eval,4,"MW,LogP,QED,HBD",C=CCc1cc(/C=C2\SC(=O)N(CC=C(C)C)C2=O)c(OC)cc1OC1CCCCO1,C=CCc1cc(/C=C2\SC(=O)NC2=O)c(OC)cc1OC1CCCCO1,C=CCc1cc(/C=C2\SC(=O)NC2=O)c(OC)cc1OC1CCCCO1,O=C1NC(=O)/C(=C/c2ccc(OC3CCCCO3)cc2)S1,O=C1NC(=O)/C(=C/c2ccc(OC3CCCCO3)cc2)S1,True,True,True,,0.647887323943662,1.0,375.4460000000002,375.4460000000002,0.0,True,3.6530000000000022,3.6530000000000022,0.0,True,0.6042673504148035,0.6042673504148035,0.0,True,,,,,1.0,1.0,0.0,True,,,,,,,,
target_oracle,mpair_00000753_cond_02_4p,mpair_00000753,eval,4,"MW,TPSA,HBA,RB",O=C1CCC[C@H]2OC[C@@H](Cc3c[nH]c4ccccc34)N12,COC(=O)C[C@@H]1CC(=O)N2[C@H](Cc3c[nH]c4ccccc34)CO[C@@H]2C1,COC(=O)C[C@@H]1CC(=O)N2[C@H](Cc3c[nH]c4ccccc34)CO[C@@H]2C1,O=C1CCC[C@H]2OC[C@@H](Cc3c[nH]c4ccccc34)N12,O=C1CCC[C@H]2OC[C@@H](Cc3c[nH]c4ccccc34)N12,True,True,True,,0.578125,1.0,342.39500000000015,342.39500000000015,0.0,True,,,,,,,,,71.63000000000001,71.63000000000001,0.0,True,,,,,4.0,4.0,0.0,True,4.0,4.0,0.0,True
target_oracle,mpair_00001118_cond_00_4p,mpair_00001118,eval,4,"QED,HBD,HBA,RB",Cc1ccc(N2CCN(CCC3NC(=O)c4ccccc43)CC2)cc1C,COc1ccc(N2CCN(CCC3c4ccccc4C(=O)N3C)CC2)cc1,COc1ccc(N2CCN(CCC3c4ccccc4C(=O)N3C)CC2)cc1,O=C1NC(CCN2CCN(c3ccccc3)CC2)c2ccccc21,O=C1NC(CCN2CCN(c3ccccc3)CC2)c2ccccc21,True,True,True,,0.4444444444444444,1.0,,,,,,,,,0.8160326048332845,0.8160326048332845,0.0,True,,,,,0.0,0.0,0.0,True,4.0,4.0,0.0,True,5.0,5.0,0.0,True
target_oracle,mpair_00001616_cond_00_4p,mpair_00001616,eval,4,"QED,TPSA,HBA,RB",CC1CC(C)(C)Nc2ccc3c(c21)COc1c-3cc(F)cc1[N+](=O)[O-],CC1CC(C)(C)Nc2ccc3c(c21)COc1c(F)cc(F)cc1-3,CC1CC(C)(C)Nc2ccc3c(c21)COc1c(F)cc(F)cc1-3,c1ccc2c(c1)OCc1c-2ccc2c1CCCN2,c1ccc2c(c1)OCc1c-2ccc2c1CCCN2,True,True,True,,0.7321428571428571,1.0,,,,,,,,,0.719238819171056,0.719238819171056,0.0,True,21.259999999999998,21.259999999999998,0.0,True,,,,,2.0,2.0,0.0,True,0.0,0.0,0.0,True
target_oracle,mpair_00001619_cond_00_4p,mpair_00001619,eval,4,"QED,TPSA,HBA,RB",CC1CC(C)(C)Nc2ccc3c(c21)COc1c-3cc(F)cc1[N+](=O)[O-],Cc1cc(F)cc2c1OCc1c-2ccc2c1C(C)CC(C)(C)N2,Cc1cc(F)cc2c1OCc1c-2ccc2c1C(C)CC(C)(C)N2,c1ccc2c(c1)OCc1c-2ccc2c1CCCN2,c1ccc2c(c1)OCc1c-2ccc2c1CCCN2,True,True,True,,0.7192982456140351,1.0,,,,,,,,,0.7039179552802654,0.7039179552802654,0.0,True,21.259999999999998,21.259999999999998,0.0,True,,,,,2.0,2.0,0.0,True,0.0,0.0,0.0,True
target_oracle,mpair_00002471_cond_01_4p,mpair_00002471,eval,4,"MW,LogP,TPSA,RB",CN(C)CCCOc1cc(C(=O)Nc2ccc(Cl)cc2F)n(Cc2ccccc2)n1,COc1cc(NC(=O)c2cc(OCCCN(C)C)nn2Cc2ccccc2)cc(OC)c1OC,COc1cc(NC(=O)c2cc(OCCCN(C)C)nn2Cc2ccccc2)cc(OC)c1OC,O=C(Nc1ccccc1)c1ccnn1Cc1ccccc1,O=C(Nc1ccccc1)c1ccnn1Cc1ccccc1,True,True,True,,0.6376811594202898,1.0,468.5540000000002,468.5540000000002,0.0,True,3.5400000000000027,3.5400000000000027,0.0,True,,,,,87.08000000000001,87.08000000000001,0.0,True,,,,,,,,,12.0,12.0,0.0,True
target_oracle,mpair_00002483_cond_02_4p,mpair_00002483,eval,4,"LogP,TPSA,HBA,RB",COc1cc(NC(=O)c2cc(OCCCN(C)C)nn2Cc2ccccc2)cc(OC)c1OC,CN(C)CCCOc1cc(C(=O)Nc2ccc(OC(F)(F)F)cc2)n(Cc2ccccc2)n1,CN(C)CCCOc1cc(C(=O)Nc2ccc(OC(F)(F)F)cc2)n(Cc2ccccc2)n1,O=C(Nc1ccccc1)c1ccnn1Cc1ccccc1,O=C(Nc1ccccc1)c1ccnn1Cc1ccccc1,True,True,True,,0.6764705882352942,1.0,,,,,4.412800000000003,4.412800000000003,0.0,True,,,,,68.62,68.62,0.0,True,,,,,6.0,6.0,0.0,True,10.0,10.0,0.0,True
target_oracle,mpair_00002509_cond_01_4p,mpair_00002509,eval,4,"MW,LogP,QED,TPSA",CSc1cc(-c2ccc(Br)cc2)oc(=O)c1C#N,CSc1cc(-c2ccc(Br)cc2)oc(=O)c1Br,CSc1cc(-c2ccc(Br)cc2)oc(=O)c1Br,O=c1cccc(-c2ccccc2)o1,O=c1cccc(-c2ccccc2)o1,True,True,True,,0.675,1.0,376.0690000000001,376.0690000000001,0.0,True,4.553700000000002,4.553700000000002,0.0,True,0.7207772389894862,0.7207772389894862,0.0,True,30.21,30.21,0.0,True,,,,,,,,,,,,
target_oracle,mpair_00002541_cond_00_4p,mpair_00002541,eval,4,"MW,QED,TPSA,RB",CCOC(=O)c1c(SC)c(C#N)c(-c2ccc(Br)cc2)oc1=O,CSc1cc(-c2ccc(Br)cc2)oc(=O)c1C#N,CSc1cc(-c2ccc(Br)cc2)oc(=O)c1C#N,O=c1cccc(-c2ccccc2)o1,O=c1cccc(-c2ccccc2)o1,True,True,True,,0.43103448275862066,1.0,322.1830000000001,322.1830000000001,0.0,True,,,,,0.791886779601309,0.791886779601309,0.0,True,54.0,54.0,0.0,True,,,,,,,,,2.0,2.0,0.0,True
target_oracle,mpair_00002559_cond_00_4p,mpair_00002559,eval,4,"MW,LogP,QED,RB",CN(C(=O)n1nc(-c2ccc(Cl)cc2)nc1SCC(F)(F)F)c1ccccc1,CSc1nc(-c2ccc(C)cc2)nn1C(=O)N(C)c1ccccc1,CSc1nc(-c2ccc(C)cc2)nn1C(=O)N(C)c1ccccc1,O=C(Nc1ccccc1)n1cnc(-c2ccccc2)n1,O=C(Nc1ccccc1)n1cnc(-c2ccccc2)n1,True,True,True,,0.5862068965517241,1.0,338.43600000000004,338.43600000000004,0.0,True,4.079920000000002,4.079920000000002,0.0,True,0.6753188675979567,0.6753188675979567,0.0,True,,,,,,,,,,,,,3.0,3.0,0.0,True
target_oracle,mpair_00002569_cond_01_4p,mpair_00002569,eval,4,"TPSA,HBD,HBA,RB",COc1cc(C(=O)N2CCN(C(=O)c3cc(OC)c(OC)c(OC)c3)CC2)cc(OC)c1OC,COc1cc(C(=O)N2CCN(C(=O)c3cc(OC)c(OC)c(OC)c3)C(CO)C2)cc(OC)c1OC,COc1cc(C(=O)N2CCN(C(=O)c3cc(OC)c(OC)c(OC)c3)C(CO)C2)cc(OC)c1OC,O=C(c1ccccc1)N1CCN(C(=O)c2ccccc2)CC1,O=C(c1ccccc1)N1CCN(C(=O)c2ccccc2)CC1,True,True,True,,0.6341463414634146,1.0,,,,,,,,,,,,,116.23000000000002,116.23000000000002,0.0,True,1.0,1.0,0.0,True,9.0,9.0,0.0,True,9.0,9.0,0.0,True
target_oracle,mpair_00002581_cond_00_4p,mpair_00002581,eval,4,"LogP,QED,TPSA,HBA",COc1cc(C(=O)N2CCN(C(=O)c3cc(OC)c(OC)c(OC)c3)C(COC(=O)CC(C)(C)C)C2)cc(OC)c1OC,COc1cc(C(=O)N2CCN(C(=O)c3cc(OC)c(OC)c(OC)c3)CC2)cc(OC)c1OC,COc1cc(C(=O)N2CCN(C(=O)c3cc(OC)c(OC)c(OC)c3)CC2)cc(OC)c1OC,O=C(c1ccccc1)N1CCN(C(=O)c2ccccc2)CC1,O=C(c1ccccc1)N1CCN(C(=O)c2ccccc2)CC1,True,True,True,,0.52,1.0,,,,,2.3364000000000003,2.3364000000000003,0.0,True,0.5754127815390553,0.5754127815390553,0.0,True,96.00000000000001,96.00000000000001,0.0,True,,,,,8.0,8.0,0.0,True,,,,
target_oracle,mpair_00002592_cond_00_4p,mpair_00002592,eval,4,"MW,QED,TPSA,RB",COc1cc(C(=O)N2CCN(C(=O)c3cc(OC)c(OC)c(OC)c3)CC2)cc(OC)c1OC,COc1cc(C(=O)N2CCN(C(=O)c3cc(OC)c(OC)c(OC)c3)C(COC(C)=O)C2)cc(OC)c1OC,COc1cc(C(=O)N2CCN(C(=O)c3cc(OC)c(OC)c(OC)c3)C(COC(C)=O)C2)cc(OC)c1OC,O=C(c1ccccc1)N1CCN(C(=O)c2ccccc2)CC1,O=C(c1ccccc1)N1CCN(C(=O)c2ccccc2)CC1,True,True,True,,0.5777777777777777,1.0,546.5730000000003,546.5730000000003,0.0,True,,,,,0.41028124355120477,0.41028124355120477,0.0,True,122.30000000000001,122.30000000000001,0.0,True,,,,,,,,,10.0,10.0,0.0,True
target_oracle,mpair_00002596_cond_00_4p,mpair_00002596,eval,4,"TPSA,HBD,HBA,RB",COc1ccc(C(=O)Nc2c(F)cncc2F)c2ccc(C(F)(F)F)nc12,COc1ccc(C(=O)Nc2c(Cl)cncc2Cl)c2ccc(C(C)O)nc12,COc1ccc(C(=O)Nc2c(Cl)cncc2Cl)c2ccc(C(C)O)nc12,O=C(Nc1ccncc1)c1cccc2ncccc12,O=C(Nc1ccncc1)c1cccc2ncccc12,True,True,True,,0.532258064516129,1.0,,,,,,,,,,,,,84.34,84.34,0.0,True,2.0,2.0,0.0,True,5.0,5.0,0.0,True,4.0,4.0,0.0,True
target_oracle,mpair_00002607_cond_02_4p,mpair_00002607,eval,4,"MW,LogP,HBA,RB",COc1ccc(C(=O)Nc2ccncc2Cl)c2cccnc12,COc1ccc(C(=O)Nc2c(Cl)cncc2Cl)c2ccc(C(C)=O)nc12,COc1ccc(C(=O)Nc2c(Cl)cncc2Cl)c2ccc(C(C)=O)nc12,O=C(Nc1ccncc1)c1cccc2ncccc12,O=C(Nc1ccncc1)c1cccc2ncccc12,True,True,True,,0.5081967213114754,1.0,390.22600000000017,390.22600000000017,0.0,True,4.400100000000002,4.400100000000002,0.0,True,,,,,,,,,,,,,5.0,5.0,0.0,True,4.0,4.0,0.0,True
target_oracle,mpair_00002617_cond_01_4p,mpair_00002617,eval,4,"QED,TPSA,HBA,RB",COc1ccc(C(=O)Nc2c(Cl)cncc2Cl)c2ccc(C(C)=O)nc12,COc1ccc(C(=O)Nc2ccncc2Cl)c2ccc(C(F)(F)F)nc12,COc1ccc(C(=O)Nc2ccncc2Cl)c2ccc(C(F)(F)F)nc12,O=C(Nc1ccncc1)c1cccc2ncccc12,O=C(Nc1ccncc1)c1cccc2ncccc12,True,True,True,,0.5396825396825397,1.0,,,,,,,,,0.7218484507203837,0.7218484507203837,0.0,True,64.11,64.11,0.0,True,,,,,4.0,4.0,0.0,True,3.0,3.0,0.0,True
target_oracle,mpair_00002625_cond_00_4p,mpair_00002625,eval,4,"MW,QED,HBA,RB",COc1ccc(C(=O)Nc2c(Cl)cncc2Cl)c2ccc(C(C)O)nc12,COc1ccc(C(=O)Nc2c(Cl)cncc2Cl)c2cccnc12,COc1ccc(C(=O)Nc2c(Cl)cncc2Cl)c2cccnc12,O=C(Nc1ccncc1)c1cccc2ncccc12,O=C(Nc1ccncc1)c1cccc2ncccc12,True,True,True,,0.6428571428571429,1.0,348.1890000000001,348.1890000000001,0.0,True,,,,,0.7706046174674384,0.7706046174674384,0.0,True,,,,,,,,,4.0,4.0,0.0,True,3.0,3.0,0.0,True
target_oracle,mpair_00003114_cond_00_4p,mpair_00003114,eval,4,"MW,LogP,QED,RB",CCCCc1nnc2nc(C)c(C)c(=O)n2n1,Cc1nc2nncnn2c(=O)c1C,Cc1nc2nncnn2c(=O)c1C,O=c1ccnc2nncnn12,O=c1ccnc2nncnn12,True,True,True,,0.4418604651162791,1.0,177.167,177.167,0.0,True,-0.5036600000000002,-0.5036600000000002,0.0,True,0.541825521381232,0.541825521381232,0.0,True,,,,,,,,,,,,,0.0,0.0,0.0,True
target_oracle,mpair_00003200_cond_00_4p,mpair_00003200,eval,4,"QED,HBD,HBA,RB",CCOC(=O)c1ccc(NCCCCCCc2cccs2)cc1,O=C(O)c1ccc(NCCCCCCc2cccs2)cc1,O=C(O)c1ccc(NCCCCCCc2cccs2)cc1,c1ccc(NCCCCCCc2cccs2)cc1,c1ccc(NCCCCCCc2cccs2)cc1,True,True,True,,0.7021276595744681,1.0,,,,,,,,,0.6622761596792913,0.6622761596792913,0.0,True,,,,,2.0,2.0,0.0,True,3.0,3.0,0.0,True,9.0,9.0,0.0,True
target_oracle,mpair_00003215_cond_01_4p,mpair_00003215,eval,4,"QED,TPSA,HBA,RB",COC(=O)c1ccc2c(Nc3ccc(Cl)cc3)nc(N3CCOCC3)nc2c1,Clc1ccc(Nc2nc(N3CCOCC3)nc3ccccc23)cc1,Clc1ccc(Nc2nc(N3CCOCC3)nc3ccccc23)cc1,c1ccc(Nc2nc(N3CCOCC3)nc3ccccc23)cc1,c1ccc(Nc2nc(N3CCOCC3)nc3ccccc23)cc1,True,True,True,,0.631578947368421,1.0,,,,,,,,,0.784150666451108,0.784150666451108,0.0,True,50.28,50.28,0.0,True,,,,,5.0,5.0,0.0,True,3.0,3.0,0.0,True
target_oracle,mpair_00003222_cond_01_4p,mpair_00003222,eval,4,"QED,TPSA,HBA,RB",COc1ccc(S(=O)(=O)N(Cc2cccnc2)c2c(C)cc(Br)cc2C(=O)NO)cc1,COC(=O)c1cccc(C(=O)NO)c1N(Cc1cccnc1)S(=O)(=O)c1ccc(OC)cc1,COC(=O)c1cccc(C(=O)NO)c1N(Cc1cccnc1)S(=O)(=O)c1ccc(OC)cc1,O=S(=O)(c1ccccc1)N(Cc1cccnc1)c1ccccc1,O=S(=O)(c1ccccc1)N(Cc1cccnc1)c1ccccc1,True,True,True,,0.734375,1.0,,,,,,,,,0.29046454626646695,0.29046454626646695,0.0,True,135.13,135.13,0.0,True,,,,,8.0,8.0,0.0,True,8.0,8.0,0.0,True
target_oracle,mpair_00003532_cond_02_4p,mpair_00003532,eval,4,"LogP,QED,TPSA,HBA",CCOC(=O)C(C)Oc1cccc(N(Cc2cccnc2)S(=O)(=O)CC(F)(F)F)c1,CCCC(C)Oc1cccc(N(Cc2cccnc2)S(=O)(=O)CC(F)(F)F)c1,CCCC(C)Oc1cccc(N(Cc2cccnc2)S(=O)(=O)CC(F)(F)F)c1,c1ccc(NCc2cccnc2)cc1,c1ccc(NCc2cccnc2)cc1,True,True,True,,0.746031746031746,1.0,,,,,4.547700000000003,4.547700000000003,0.0,True,0.6018859517288218,0.6018859517288218,0.0,True,59.5,59.5,0.0,True,,,,,4.0,4.0,0.0,True,,,,
target_oracle,mpair_00003537_cond_01_4p,mpair_00003537,eval,4,"MW,LogP,TPSA,RB",CC(C)COc1cccc(N(Cc2cccnc2)S(=O)(=O)CC(F)(F)F)c1,CCOC(=O)C(C)Oc1cccc(N(Cc2cccnc2)S(=O)(=O)CC(F)(F)F)c1,CCOC(=O)C(C)Oc1cccc(N(Cc2cccnc2)S(=O)(=O)CC(F)(F)F)c1,c1ccc(NCc2cccnc2)cc1,c1ccc(NCc2cccnc2)cc1,True,True,True,,0.6984126984126984,1.0,446.4470000000001,446.4470000000001,0.0,True,3.3107000000000024,3.3107000000000024,0.0,True,,,,,85.80000000000001,85.80000000000001,0.0,True,,,,,,,,,9.0,9.0,0.0,True
target_oracle,mpair_00000013_cond_00_5p,mpair_00000013,eval,5,"MW,LogP,QED,HBA,RB",COc1cccc(C(=O)N2C[C@H](CN3CCC(c4ccccc4)CC3)[C@@H](c3ccccc3)C2)c1,O=C(c1ccccc1C(F)(F)F)N1C[C@H](CN2CCC(c3ccccc3)CC2)[C@@H](c2ccccc2)C1,O=C(c1ccccc1C(F)(F)F)N1C[C@H](CN2CCC(c3ccccc3)CC2)[C@@H](c2ccccc2)C1,O=C(c1ccccc1)N1C[C@H](CN2CCC(c3ccccc3)CC2)[C@@H](c2ccccc2)C1,O=C(c1ccccc1)N1C[C@H](CN2CCC(c3ccccc3)CC2)[C@@H](c2ccccc2)C1,True,True,True,,0.578125,1.0,492.5850000000002,492.5850000000002,0.0,True,6.4408000000000065,6.4408000000000065,0.0,True,0.4092272471712491,0.4092272471712491,0.0,True,,,,,,,,,2.0,2.0,0.0,True,5.0,5.0,0.0,True
target_oracle,mpair_00000327_cond_01_5p,mpair_00000327,eval,5,"MW,LogP,QED,HBA,RB",CSC1=C(C(=O)O)N2C(=O)[C@@H](NC(=O)[C@H](N)c3ccccc3)[C@H]2CC1,N[C@@H](C(=O)N[C@@H]1C(=O)N2C(C(=O)O)=C(C(F)(F)F)CC[C@H]12)c1cccc(C(F)(F)F)c1,N[C@@H](C(=O)N[C@@H]1C(=O)N2C(C(=O)O)=C(C(F)(F)F)CC[C@H]12)c1cccc(C(F)(F)F)c1,O=C(Cc1ccccc1)N[C@@H]1C(=O)N2C=CCC[C@H]12,O=C(Cc1ccccc1)N[C@@H]1C(=O)N2C=CCC[C@H]12,True,True,True,,0.5757575757575758,1.0,451.3230000000001,451.3230000000001,0.0,True,2.0955999999999997,2.0955999999999997,0.0,True,0.4795891963980345,0.4795891963980345,0.0,True,,,,,,,,,4.0,4.0,0.0,True,4.0,4.0,0.0,True
target_oracle,mpair_00000335_cond_02_5p,mpair_00000335,eval,5,"MW,LogP,TPSA,HBD,HBA",N[C@@H](C(=O)N[C@@H]1C(=O)N2C(C(=O)O)=C(C(F)(F)F)CC[C@H]12)c1cccc(Br)c1,N[C@@H](C(=O)N[C@@H]1C(=O)N2C(C(=O)O)=C(C(F)(F)F)CC[C@H]12)c1ccc(O)cc1,N[C@@H](C(=O)N[C@@H]1C(=O)N2C(C(=O)O)=C(C(F)(F)F)CC[C@H]12)c1ccc(O)cc1,O=C(Cc1ccccc1)N[C@@H]1C(=O)N2C=CCC[C@H]12,O=C(Cc1ccccc1)N[C@@H]1C(=O)N2C=CCC[C@H]12,True,True,True,,0.7377049180327869,1.0,399.3250000000001,399.3250000000001,0.0,True,0.7823999999999993,0.7823999999999993,0.0,True,,,,,132.96,132.96,0.0,True,4.0,4.0,0.0,True,5.0,5.0,0.0,True,,,,
target_oracle,mpair_00000588_cond_00_5p,mpair_00000588,eval,5,"LogP,QED,TPSA,HBD,HBA",OC[C@@H]1N[C@@H](CCCCc2ccc(O)cc2)[C@H](O)[C@H]1O,OC[C@@H]1N[C@@H](CCCCc2cc(F)cc(F)c2)[C@H](O)[C@H]1O,OC[C@@H]1N[C@@H](CCCCc2cc(F)cc(F)c2)[C@H](O)[C@H]1O,c1ccc(CCCC[C@H]2CCCN2)cc1,c1ccc(CCCC[C@H]2CCCN2)cc1,True,True,True,,0.625,1.0,,,,,0.7320999999999995,0.7320999999999995,0.0,True,0.5846986769843887,0.5846986769843887,0.0,True,72.72,72.72,0.0,True,4.0,4.0,0.0,True,4.0,4.0,0.0,True,,,,
target_oracle,mpair_00000765_cond_01_5p,mpair_00000765,eval,5,"MW,LogP,QED,HBA,RB",COc1cccc(-c2cncc(O[C@@H]3CCNC3)c2)c1,Clc1cccc(-c2cc(O[C@@H]3CCNC3)cnc2Cl)c1,Clc1cccc(-c2cc(O[C@@H]3CCNC3)cnc2Cl)c1,c1ccc(-c2cncc(O[C@@H]3CCNC3)c2)cc1,c1ccc(-c2cncc(O[C@@H]3CCNC3)c2)cc1,True,True,True,,0.5,1.0,309.196,309.196,0.0,True,3.796100000000002,3.796100000000002,0.0,True,0.8758671086324237,0.8758671086324237,0.0,True,,,,,,,,,3.0,3.0,0.0,True,3.0,3.0,0.0,True
target_oracle,mpair_00002474_cond_01_5p,mpair_00002474,eval,5,"MW,QED,TPSA,HBA,RB",COc1cc(NC(=O)c2cc(OCCCN(C)C)nn2Cc2ccccc2)cc(OC)c1OC,CN(C)CCCOc1cc(C(=O)Nc2ccc(Cl)cc2F)n(Cc2ccccc2)n1,CN(C)CCCOc1cc(C(=O)Nc2ccc(Cl)cc2F)n(Cc2ccccc2)n1,O=C(Nc1ccccc1)c1ccnn1Cc1ccccc1,O=C(Nc1ccccc1)c1ccnn1Cc1ccccc1,True,True,True,,0.6376811594202898,1.0,430.9110000000001,430.9110000000001,0.0,True,,,,,0.5138601191048354,0.5138601191048354,0.0,True,59.39,59.39,0.0,True,,,,,5.0,5.0,0.0,True,9.0,9.0,0.0,True
target_oracle,mpair_00002509_cond_00_5p,mpair_00002509,eval,5,"MW,LogP,QED,TPSA,HBA",CSc1cc(-c2ccc(Br)cc2)oc(=O)c1C#N,CSc1cc(-c2ccc(Br)cc2)oc(=O)c1Br,CSc1cc(-c2ccc(Br)cc2)oc(=O)c1Br,O=c1cccc(-c2ccccc2)o1,O=c1cccc(-c2ccccc2)o1,True,True,True,,0.675,1.0,376.0690000000001,376.0690000000001,0.0,True,4.553700000000002,4.553700000000002,0.0,True,0.7207772389894862,0.7207772389894862,0.0,True,30.21,30.21,0.0,True,,,,,3.0,3.0,0.0,True,,,,
target_oracle,mpair_00002543_cond_02_5p,mpair_00002543,eval,5,"MW,QED,TPSA,HBA,RB",CSc1cc(-c2ccc(Br)cc2)oc(=O)c1Cl,CSc1cc(-c2ccc(Cl)cc2)oc(=O)c1C(N)=O,CSc1cc(-c2ccc(Cl)cc2)oc(=O)c1C(N)=O,O=c1cccc(-c2ccccc2)o1,O=c1cccc(-c2ccccc2)o1,True,True,True,,0.5217391304347826,1.0,295.747,295.747,0.0,True,,,,,0.8837306867126842,0.8837306867126842,0.0,True,73.30000000000001,73.30000000000001,0.0,True,,,,,4.0,4.0,0.0,True,3.0,3.0,0.0,True
target_oracle,mpair_00002579_cond_00_5p,mpair_00002579,eval,5,"MW,LogP,QED,HBD,HBA",COc1cc(C(=O)N2CCN(C(=O)c3cc(OC)c(OC)c(OC)c3)CC2)cc(OC)c1OC,COc1cc(C(=O)N2CCN(C(=O)c3cc(OC)c(OC)c(OC)c3)C(COC(=O)NCCC(C)C)C2)cc(OC)c1OC,COc1cc(C(=O)N2CCN(C(=O)c3cc(OC)c(OC)c(OC)c3)C(COC(=O)NCCC(C)C)C2)cc(OC)c1OC,O=C(c1ccccc1)N1CCN(C(=O)c2ccccc2)CC1,O=C(c1ccccc1)N1CCN(C(=O)c2ccccc2)CC1,True,True,True,,0.48148148148148145,1.0,617.6960000000003,617.6960000000003,0.0,True,3.4773000000000023,3.4773000000000023,0.0,True,0.3561059094946873,0.3561059094946873,0.0,True,,,,,1.0,1.0,0.0,True,10.0,10.0,0.0,True,,,,
target_oracle,mpair_00002590_cond_01_5p,mpair_00002590,eval,5,"MW,LogP,QED,HBD,RB",COc1cc(C(=O)N2CCN(C(=O)c3cc(OC)c(OC)c(OC)c3)C(COC(=O)NCCC(C)C)C2)cc(OC)c1OC,COc1cc(C(=O)N2CCN(C(=O)c3cc(OC)c(OC)c(OC)c3)C(COC(C)=O)C2)cc(OC)c1OC,COc1cc(C(=O)N2CCN(C(=O)c3cc(OC)c(OC)c(OC)c3)C(COC(C)=O)C2)cc(OC)c1OC,O=C(c1ccccc1)N1CCN(C(=O)c2ccccc2)CC1,O=C(c1ccccc1)N1CCN(C(=O)c2ccccc2)CC1,True,True,True,,0.7017543859649122,1.0,546.5730000000003,546.5730000000003,0.0,True,2.2681000000000004,2.2681000000000004,0.0,True,0.41028124355120477,0.41028124355120477,0.0,True,,,,,0.0,0.0,0.0,True,,,,,10.0,10.0,0.0,True
target_oracle,mpair_00002625_cond_01_5p,mpair_00002625,eval,5,"MW,QED,TPSA,HBD,RB",COc1ccc(C(=O)Nc2c(Cl)cncc2Cl)c2ccc(C(C)O)nc12,COc1ccc(C(=O)Nc2c(Cl)cncc2Cl)c2cccnc12,COc1ccc(C(=O)Nc2c(Cl)cncc2Cl)c2cccnc12,O=C(Nc1ccncc1)c1cccc2ncccc12,O=C(Nc1ccncc1)c1cccc2ncccc12,True,True,True,,0.6428571428571429,1.0,348.1890000000001,348.1890000000001,0.0,True,,,,,0.7706046174674384,0.7706046174674384,0.0,True,64.11,64.11,0.0,True,1.0,1.0,0.0,True,,,,,3.0,3.0,0.0,True
target_oracle,mpair_00002631_cond_02_5p,mpair_00002631,eval,5,"LogP,TPSA,HBD,HBA,RB",CC(C)(C)[C@H](O)C(=O)N1C[C@H](c2ccccc2)C[C@H]1C(=O)N[C@@H](CC(F)F)C(=O)NCCc1c(F)cc(C(=O)O)cc1F,CC(C)CC(=O)N1C[C@H](c2ccccc2)C[C@H]1C(=O)N[C@@H](CC(F)F)C(=O)NCCc1c(F)cc(C(=O)O)cc1F,CC(C)CC(=O)N1C[C@H](c2ccccc2)C[C@H]1C(=O)N[C@@H](CC(F)F)C(=O)NCCc1c(F)cc(C(=O)O)cc1F,O=C(CNC(=O)[C@@H]1C[C@@H](c2ccccc2)CN1)NCCc1ccccc1,O=C(CNC(=O)[C@@H]1C[C@@H](c2ccccc2)CN1)NCCc1ccccc1,True,True,True,,0.7567567567567568,1.0,,,,,3.892500000000002,3.892500000000002,0.0,True,,,,,115.81000000000002,115.81000000000002,0.0,True,3.0,3.0,0.0,True,4.0,4.0,0.0,True,12.0,12.0,0.0,True
target_oracle,mpair_00003217_cond_00_5p,mpair_00003217,eval,5,"MW,QED,TPSA,HBA,RB",Clc1ccc(Nc2nc(N3CCOCC3)nc3ccccc23)cc1,COC(=O)c1ccc2c(Nc3ccc(Cl)cc3)nc(N3CCOCC3)nc2c1,COC(=O)c1ccc2c(Nc3ccc(Cl)cc3)nc(N3CCOCC3)nc2c1,c1ccc(Nc2nc(N3CCOCC3)nc3ccccc23)cc1,c1ccc(Nc2nc(N3CCOCC3)nc3ccccc23)cc1,True,True,True,,0.631578947368421,1.0,398.85000000000025,398.85000000000025,0.0,True,,,,,0.6719222545699903,0.6719222545699903,0.0,True,76.58,76.58,0.0,True,,,,,7.0,7.0,0.0,True,4.0,4.0,0.0,True
target_oracle,mpair_00000339_cond_01_6p,mpair_00000339,eval,6,"MW,LogP,QED,TPSA,HBD,HBA",N[C@@H](C(=O)N[C@@H]1C(=O)N2C(C(=O)O)=C(C(F)(F)F)CC[C@H]12)c1cccc(C(F)(F)F)c1,N[C@@H](C(=O)N[C@@H]1C(=O)N2C(C(=O)O)=C(C(F)(F)F)CC[C@H]12)c1ccc(O)cc1,N[C@@H](C(=O)N[C@@H]1C(=O)N2C(C(=O)O)=C(C(F)(F)F)CC[C@H]12)c1ccc(O)cc1,O=C(Cc1ccccc1)N[C@@H]1C(=O)N2C=CCC[C@H]12,O=C(Cc1ccccc1)N[C@@H]1C(=O)N2C=CCC[C@H]12,True,True,True,,0.7377049180327869,1.0,399.3250000000001,399.3250000000001,0.0,True,0.7823999999999993,0.7823999999999993,0.0,True,0.5533729404309352,0.5533729404309352,0.0,True,132.96,132.96,0.0,True,4.0,4.0,0.0,True,5.0,5.0,0.0,True,,,,
target_oracle,mpair_00001127_cond_01_6p,mpair_00001127,eval,6,"LogP,QED,TPSA,HBD,HBA,RB",CN1C(=O)c2ccccc2C1CCN1CCN(c2ccc(Cl)cc2)CC1,COc1ccc(N2CCN(CCC3NC(=O)c4ccccc43)CC2)cc1,COc1ccc(N2CCN(CCC3NC(=O)c4ccccc43)CC2)cc1,O=C1NC(CCN2CCN(c3ccccc3)CC2)c2ccccc21,O=C1NC(CCN2CCN(c3ccccc3)CC2)c2ccccc21,True,True,True,,0.48333333333333334,1.0,,,,,2.692000000000001,2.692000000000001,0.0,True,0.8996022198661571,0.8996022198661571,0.0,True,44.81,44.81,0.0,True,1.0,1.0,0.0,True,4.0,4.0,0.0,True,5.0,5.0,0.0,True
target_oracle,mpair_00002579_cond_01_6p,mpair_00002579,eval,6,"MW,LogP,QED,HBD,HBA,RB",COc1cc(C(=O)N2CCN(C(=O)c3cc(OC)c(OC)c(OC)c3)CC2)cc(OC)c1OC,COc1cc(C(=O)N2CCN(C(=O)c3cc(OC)c(OC)c(OC)c3)C(COC(=O)NCCC(C)C)C2)cc(OC)c1OC,COc1cc(C(=O)N2CCN(C(=O)c3cc(OC)c(OC)c(OC)c3)C(COC(=O)NCCC(C)C)C2)cc(OC)c1OC,O=C(c1ccccc1)N1CCN(C(=O)c2ccccc2)CC1,O=C(c1ccccc1)N1CCN(C(=O)c2ccccc2)CC1,True,True,True,,0.48148148148148145,1.0,617.6960000000003,617.6960000000003,0.0,True,3.4773000000000023,3.4773000000000023,0.0,True,0.3561059094946873,0.3561059094946873,0.0,True,,,,,1.0,1.0,0.0,True,10.0,10.0,0.0,True,13.0,13.0,0.0,True
target_oracle,mpair_00002586_cond_00_6p,mpair_00002586,eval,6,"MW,LogP,QED,HBD,HBA,RB",COc1cc(C(=O)N2CCN(C(=O)c3cc(OC)c(OC)c(OC)c3)C(COC(=O)CC(C)(C)C)C2)cc(OC)c1OC,COc1cc(C(=O)N2CCN(C(=O)c3cc(OC)c(OC)c(OC)c3)C(CO)C2)cc(OC)c1OC,COc1cc(C(=O)N2CCN(C(=O)c3cc(OC)c(OC)c(OC)c3)C(CO)C2)cc(OC)c1OC,O=C(c1ccccc1)N1CCN(C(=O)c2ccccc2)CC1,O=C(c1ccccc1)N1CCN(C(=O)c2ccccc2)CC1,True,True,True,,0.6792452830188679,1.0,504.53600000000034,504.53600000000034,0.0,True,1.6973000000000003,1.6973000000000003,0.0,True,0.544633228323374,0.544633228323374,0.0,True,,,,,1.0,1.0,0.0,True,9.0,9.0,0.0,True,9.0,9.0,0.0,True
target_oracle,mpair_00002613_cond_01_6p,mpair_00002613,eval,6,"LogP,QED,TPSA,HBD,HBA,RB",COc1ccc(C(=O)Nc2ccncc2Cl)c2cccnc12,COc1ccc(C(=O)Nc2c(Cl)cncc2Cl)c2ccc(C(C)O)nc12,COc1ccc(C(=O)Nc2c(Cl)cncc2Cl)c2ccc(C(C)O)nc12,O=C(Nc1ccncc1)c1cccc2ncccc12,O=C(Nc1ccncc1)c1cccc2ncccc12,True,True,True,,0.49206349206349204,1.0,,,,,4.2508000000000035,4.2508000000000035,0.0,True,0.6936033323496321,0.6936033323496321,0.0,True,84.34,84.34,0.0,True,2.0,2.0,0.0,True,5.0,5.0,0.0,True,4.0,4.0,0.0,True
target_oracle,mpair_00003218_cond_02_6p,mpair_00003218,eval,6,"MW,LogP,QED,TPSA,HBA,RB",COC(=O)c1cccc(C(=O)NO)c1N(Cc1cccnc1)S(=O)(=O)c1ccc(OC)cc1,COc1ccc(S(=O)(=O)N(Cc2cccnc2)c2c(C)cccc2C(=O)NO)cc1,COc1ccc(S(=O)(=O)N(Cc2cccnc2)c2c(C)cccc2C(=O)NO)cc1,O=S(=O)(c1ccccc1)N(Cc1cccnc1)c1ccccc1,O=S(=O)(c1ccccc1)N(Cc1cccnc1)c1ccccc1,True,True,True,,0.8333333333333334,1.0,427.48200000000014,427.48200000000014,0.0,True,2.91312,2.91312,0.0,True,0.44330794633881315,0.44330794633881315,0.0,True,108.83000000000001,108.83000000000001,0.0,True,,,,,6.0,6.0,0.0,True,7.0,7.0,0.0,True
target_oracle,mpair_00002522_cond_01_7p,mpair_00002522,eval,7,"MW,LogP,QED,TPSA,HBD,HBA,RB",CSc1cc(-c2ccc(Cl)cc2)oc(=O)c1,CSc1cc(-c2ccc(Cl)cc2)oc(=O)c1C(N)=O,CSc1cc(-c2ccc(Cl)cc2)oc(=O)c1C(N)=O,O=c1cccc(-c2ccccc2)o1,O=c1cccc(-c2ccccc2)o1,True,True,True,,0.4888888888888889,1.0,295.747,295.747,0.0,True,2.7810000000000006,2.7810000000000006,0.0,True,0.8837306867126842,0.8837306867126842,0.0,True,73.30000000000001,73.30000000000001,0.0,True,1.0,1.0,0.0,True,4.0,4.0,0.0,True,3.0,3.0,0.0,True
target_oracle,mpair_00002553_cond_02_7p,mpair_00002553,eval,7,"MW,LogP,QED,TPSA,HBD,HBA,RB",CSc1cc(-c2ccc(Cl)cc2)oc(=O)c1C(N)=O,CSc1cc(-c2ccc(Cl)cc2)oc(=O)c1Br,CSc1cc(-c2ccc(Cl)cc2)oc(=O)c1Br,O=c1cccc(-c2ccccc2)o1,O=c1cccc(-c2ccccc2)o1,True,True,True,,0.627906976744186,1.0,331.61799999999994,331.61799999999994,0.0,True,4.444600000000001,4.444600000000001,0.0,True,0.7618841288913729,0.7618841288913729,0.0,True,30.21,30.21,0.0,True,0.0,0.0,0.0,True,3.0,3.0,0.0,True,2.0,2.0,0.0,True
