{
  "LogP_wasserstein_approx": 0.8297102615577898,
  "MW_wasserstein_approx": 53.81252816582918,
  "QED_wasserstein_approx": 0.10355849124745953,
  "TPSA_wasserstein_approx": 15.200251507537692
}