{
  "HBA_mae": 2.49295,
  "HBD_mae": 0.70115,
  "LogP_mae": 0.7932690057500009,
  "MW_mae": 128.85105536250012,
  "QED_mae": 0.1841411320918386,
  "RB_mae": 1.5191125,
  "SA_mae": 0.8615294999999998,
  "TPSA_mae": 23.138293,
  "backend": "torch",
  "conditions": 5000.0,
  "contrastive_train_retrieval_accuracy": 0.0048828125,
  "druglike_rate": 1.0,
  "mean_candidates_per_condition": 16.0,
  "mean_pairwise_tanimoto": 0.16704682724266837,
  "n": 80000.0,
  "novelty": 0.8888888888888888,
  "property_mask_conditioning": true,
  "property_mask_dim": 8.0,
  "run_dir": "runs/20260505_165904_sketchmol_comparable_structure_v1",
  "sketchmol_benchmark_mean_success": 0.34136206896551724,
  "sketchmol_benchmark_mean_success_sketchmol_tolerance": 0.5098103448275861,
  "structure_prompt_mean_joint_success_sketchmol_tolerance": 0.3104622805468369,
  "structure_prompt_mean_joint_success_strict": 0.16652228430875202,
  "test_size": 5000.0,
  "train_size": 95000.0,
  "uniqueness": 0.0052875,
  "validity": 1.0
}