method,condition_id,pair_id,split,property_count,condition_properties,source_smiles,target_smiles,generated_smiles,source_scaffold,generated_scaffold,scaffold_match,strict_success,joint_success,fallback,source_tanimoto,target_tanimoto,MW_target,MW_actual,MW_abs_error,MW_success,LogP_target,LogP_actual,LogP_abs_error,LogP_success,QED_target,QED_actual,QED_abs_error,QED_success,TPSA_target,TPSA_actual,TPSA_abs_error,TPSA_success,HBD_target,HBD_actual,HBD_abs_error,HBD_success,HBA_target,HBA_actual,HBA_abs_error,HBA_success,RB_target,RB_actual,RB_abs_error,RB_success
source_identity,mpair_00000001_cond_00_2p,mpair_00000001,eval,2,"MW,LogP",O=C(c1ccccc1C(F)(F)F)N1C[C@H](CN2CCC(c3ccccc3)CC2)[C@@H](c2ccccc2)C1,O=C(c1ccccc1F)N1C[C@H](CN2CCC(c3ccccc3)CC2)[C@@H](c2ccccc2)C1,O=C(c1ccccc1C(F)(F)F)N1C[C@H](CN2CCC(c3ccccc3)CC2)[C@@H](c2ccccc2)C1,O=C(c1ccccc1)N1C[C@H](CN2CCC(c3ccccc3)CC2)[C@@H](c2ccccc2)C1,O=C(c1ccccc1)N1C[C@H](CN2CCC(c3ccccc3)CC2)[C@@H](c2ccccc2)C1,True,False,False,,1.0,0.7592592592592593,442.57800000000015,492.5850000000002,50.00700000000006,False,5.561100000000006,6.4408000000000065,0.8797000000000006,True,,,,,,,,,,,,,,,,,,,,
source_identity,mpair_00000003_cond_02_2p,mpair_00000003,eval,2,"MW,RB",COc1cccc(C(=O)N2C[C@H](CN3CCC(c4ccccc4)CC3)[C@@H](c3ccccc3)C2)c1,O=C(c1ccccc1Br)N1C[C@H](CN2CCC(c3ccccc3)CC2)[C@@H](c2ccccc2)C1,COc1cccc(C(=O)N2C[C@H](CN3CCC(c4ccccc4)CC3)[C@@H](c3ccccc3)C2)c1,O=C(c1ccccc1)N1C[C@H](CN2CCC(c3ccccc3)CC2)[C@@H](c2ccccc2)C1,O=C(c1ccccc1)N1C[C@H](CN2CCC(c3ccccc3)CC2)[C@@H](c2ccccc2)C1,True,False,False,,1.0,0.6065573770491803,503.48400000000026,454.61400000000015,48.87000000000012,False,,,,,,,,,,,,,,,,,,,,,5.0,6.0,1.0,True
source_identity,mpair_00000006_cond_00_2p,mpair_00000006,eval,2,"MW,LogP",O=C(c1ccccc1F)N1C[C@H](CN2CCC(c3ccccc3)CC2)[C@@H](c2ccccc2)C1,O=C(c1ccccc1C(F)(F)F)N1C[C@H](CN2CCC(c3ccccc3)CC2)[C@@H](c2ccccc2)C1,O=C(c1ccccc1F)N1C[C@H](CN2CCC(c3ccccc3)CC2)[C@@H](c2ccccc2)C1,O=C(c1ccccc1)N1C[C@H](CN2CCC(c3ccccc3)CC2)[C@@H](c2ccccc2)C1,O=C(c1ccccc1)N1C[C@H](CN2CCC(c3ccccc3)CC2)[C@@H](c2ccccc2)C1,True,False,False,,1.0,0.7592592592592593,492.5850000000002,442.57800000000015,50.00700000000006,False,6.4408000000000065,5.561100000000006,0.8797000000000006,True,,,,,,,,,,,,,,,,,,,,
source_identity,mpair_00000008_cond_02_2p,mpair_00000008,eval,2,"MW,QED",O=C(c1ccccc1Br)N1C[C@H](CN2CCC(c3ccccc3)CC2)[C@@H](c2ccccc2)C1,O=C(c1ccccc1F)N1C[C@H](CN2CCC(c3ccccc3)CC2)[C@@H](c2ccccc2)C1,O=C(c1ccccc1Br)N1C[C@H](CN2CCC(c3ccccc3)CC2)[C@@H](c2ccccc2)C1,O=C(c1ccccc1)N1C[C@H](CN2CCC(c3ccccc3)CC2)[C@@H](c2ccccc2)C1,O=C(c1ccccc1)N1C[C@H](CN2CCC(c3ccccc3)CC2)[C@@H](c2ccccc2)C1,True,False,False,,1.0,0.7692307692307693,442.57800000000015,503.48400000000026,60.90600000000012,False,,,,,0.5164092889512721,0.41502650656849366,0.10138278238277848,False,,,,,,,,,,,,,,,,
source_identity,mpair_00000012_cond_00_2p,mpair_00000012,eval,2,"MW,LogP",O=C(c1ccccc1F)N1C[C@H](CN2CCC(c3ccccc3)CC2)[C@@H](c2ccccc2)C1,O=C(c1ccccc1Br)N1C[C@H](CN2CCC(c3ccccc3)CC2)[C@@H](c2ccccc2)C1,O=C(c1ccccc1F)N1C[C@H](CN2CCC(c3ccccc3)CC2)[C@@H](c2ccccc2)C1,O=C(c1ccccc1)N1C[C@H](CN2CCC(c3ccccc3)CC2)[C@@H](c2ccccc2)C1,O=C(c1ccccc1)N1C[C@H](CN2CCC(c3ccccc3)CC2)[C@@H](c2ccccc2)C1,True,False,False,,1.0,0.7692307692307693,503.48400000000026,442.57800000000015,60.90600000000012,False,6.184500000000006,5.561100000000006,0.6234000000000002,True,,,,,,,,,,,,,,,,,,,,
source_identity,mpair_00000020_cond_00_2p,mpair_00000020,eval,2,"MW,TPSA",O=C(O)CCC/C=C/C[C@@H]1[C@@H](COCc2ccccc2)C2CC1(c1ccccc1)CO2,N#Cc1ccc(COC[C@H]2C3CC(c4ccc(F)cc4)(CO3)[C@@H]2C/C=C/CCCC(=O)O)cc1,O=C(O)CCC/C=C/C[C@@H]1[C@@H](COCc2ccccc2)C2CC1(c1ccccc1)CO2,c1ccc(COC[C@@H]2CC3(c4ccccc4)COC2C3)cc1,c1ccc(COC[C@@H]2CC3(c4ccccc4)COC2C3)cc1,True,False,False,,1.0,0.7391304347826086,463.5490000000003,420.5490000000002,43.000000000000114,False,,,,,,,,,79.55,55.760000000000005,23.789999999999992,False,,,,,,,,,,,,
source_identity,mpair_00000325_cond_01_2p,mpair_00000325,eval,2,"MW,LogP",N[C@@H](C(=O)N[C@@H]1C(=O)N2C(C(=O)O)=C(C(F)(F)F)CC[C@H]12)c1ccc(F)cc1,N[C@@H](C(=O)N[C@@H]1C(=O)N2C(C(=O)O)=C(C(F)(F)F)CC[C@H]12)c1cccc(C(F)(F)F)c1,N[C@@H](C(=O)N[C@@H]1C(=O)N2C(C(=O)O)=C(C(F)(F)F)CC[C@H]12)c1ccc(F)cc1,O=C(Cc1ccccc1)N[C@@H]1C(=O)N2C=CCC[C@H]12,O=C(Cc1ccccc1)N[C@@H]1C(=O)N2C=CCC[C@H]12,True,False,False,,1.0,0.7377049180327869,451.3230000000001,401.3160000000001,50.007000000000005,False,2.0955999999999997,1.2158999999999993,0.8797000000000004,True,,,,,,,,,,,,,,,,,,,,
source_identity,mpair_00000335_cond_00_2p,mpair_00000335,eval,2,"MW,HBA",N[C@@H](C(=O)N[C@@H]1C(=O)N2C(C(=O)O)=C(C(F)(F)F)CC[C@H]12)c1cccc(Br)c1,N[C@@H](C(=O)N[C@@H]1C(=O)N2C(C(=O)O)=C(C(F)(F)F)CC[C@H]12)c1ccc(O)cc1,N[C@@H](C(=O)N[C@@H]1C(=O)N2C(C(=O)O)=C(C(F)(F)F)CC[C@H]12)c1cccc(Br)c1,O=C(Cc1ccccc1)N[C@@H]1C(=O)N2C=CCC[C@H]12,O=C(Cc1ccccc1)N[C@@H]1C(=O)N2C=CCC[C@H]12,True,False,False,,1.0,0.7377049180327869,399.3250000000001,462.2220000000001,62.89699999999999,False,,,,,,,,,,,,,,,,,5.0,4.0,1.0,True,,,,
source_identity,mpair_00000338_cond_01_2p,mpair_00000338,eval,2,"MW,QED",N[C@@H](C(=O)N[C@@H]1C(=O)N2C(C(=O)O)=C(C(F)(F)F)CC[C@H]12)c1cccc(Br)c1,CSC1=C(C(=O)O)N2C(=O)[C@@H](NC(=O)[C@H](N)c3ccccc3)[C@H]2CC1,N[C@@H](C(=O)N[C@@H]1C(=O)N2C(C(=O)O)=C(C(F)(F)F)CC[C@H]12)c1cccc(Br)c1,O=C(Cc1ccccc1)N[C@@H]1C(=O)N2C=CCC[C@H]12,O=C(Cc1ccccc1)N[C@@H]1C(=O)N2C=CCC[C@H]12,True,False,False,,1.0,0.5757575757575758,361.42300000000006,462.2220000000001,100.79900000000004,False,,,,,0.6699274889764619,0.5917241763797754,0.07820331259668656,True,,,,,,,,,,,,,,,,
source_identity,mpair_00000587_cond_01_2p,mpair_00000587,eval,2,"HBA,RB",Cc1ccc(CCCC[C@@H]2N[C@@H](CO)[C@H](O)[C@H]2O)cc1,COc1ccc(CCCC[C@@H]2N[C@@H](CO)[C@H](O)[C@H]2O)cc1,Cc1ccc(CCCC[C@@H]2N[C@@H](CO)[C@H](O)[C@H]2O)cc1,c1ccc(CCCC[C@H]2CCCN2)cc1,c1ccc(CCCC[C@H]2CCCN2)cc1,True,True,True,,1.0,0.725,,,,,,,,,,,,,,,,,,,,,5.0,4.0,1.0,True,7.0,6.0,1.0,True
source_identity,mpair_00000590_cond_00_2p,mpair_00000590,eval,2,"HBD,RB",OC[C@@H]1N[C@@H](CCCCc2ccc(O)cc2)[C@H](O)[C@H]1O,COc1ccc(CCCC[C@@H]2N[C@@H](CO)[C@H](O)[C@H]2O)cc1,OC[C@@H]1N[C@@H](CCCCc2ccc(O)cc2)[C@H](O)[C@H]1O,c1ccc(CCCC[C@H]2CCCN2)cc1,c1ccc(CCCC[C@H]2CCCN2)cc1,True,True,True,,1.0,0.7,,,,,,,,,,,,,,,,,4.0,5.0,1.0,True,,,,,7.0,6.0,1.0,True
source_identity,mpair_00000592_cond_00_2p,mpair_00000592,eval,2,"HBA,RB",COc1ccc(CCCC[C@@H]2N[C@@H](CO)[C@H](O)[C@H]2O)cc1,Cc1ccc(CCCC[C@@H]2N[C@@H](CO)[C@H](O)[C@H]2O)cc1,COc1ccc(CCCC[C@@H]2N[C@@H](CO)[C@H](O)[C@H]2O)cc1,c1ccc(CCCC[C@H]2CCCN2)cc1,c1ccc(CCCC[C@H]2CCCN2)cc1,True,True,True,,1.0,0.725,,,,,,,,,,,,,,,,,,,,,4.0,5.0,1.0,True,6.0,7.0,1.0,True
source_identity,mpair_00000593_cond_02_2p,mpair_00000593,eval,2,"HBA,RB",OC[C@@H]1N[C@@H](CCCCc2cc(F)cc(F)c2)[C@H](O)[C@H]1O,COc1ccc(CCCC[C@@H]2N[C@@H](CO)[C@H](O)[C@H]2O)cc1,OC[C@@H]1N[C@@H](CCCCc2cc(F)cc(F)c2)[C@H](O)[C@H]1O,c1ccc(CCCC[C@H]2CCCN2)cc1,c1ccc(CCCC[C@H]2CCCN2)cc1,True,True,True,,1.0,0.5681818181818182,,,,,,,,,,,,,,,,,,,,,5.0,4.0,1.0,True,7.0,6.0,1.0,True
source_identity,mpair_00000596_cond_00_2p,mpair_00000596,eval,2,"HBA,RB",OC[C@@H]1N[C@@H](CCCCc2ccc(F)cc2)[C@H](O)[C@H]1O,COc1ccc(CCCC[C@@H]2N[C@@H](CO)[C@H](O)[C@H]2O)cc1,OC[C@@H]1N[C@@H](CCCCc2ccc(F)cc2)[C@H](O)[C@H]1O,c1ccc(CCCC[C@H]2CCCN2)cc1,c1ccc(CCCC[C@H]2CCCN2)cc1,True,True,True,,1.0,0.6829268292682927,,,,,,,,,,,,,,,,,,,,,5.0,4.0,1.0,True,7.0,6.0,1.0,True
source_identity,mpair_00000599_cond_00_2p,mpair_00000599,eval,2,"QED,HBD",CC1=C(C)C(=O)C(C(c2ccccc2)c2cccnc2)=C(C)C1=O,CC1=C(C)C(=O)C(C(c2cccnc2)c2cccc(/C=C/C(=O)O)c2)=C(C)C1=O,CC1=C(C)C(=O)C(C(c2ccccc2)c2cccnc2)=C(C)C1=O,O=C1C=CC(=O)C(C(c2ccccc2)c2cccnc2)=C1,O=C1C=CC(=O)C(C(c2ccccc2)c2cccnc2)=C1,True,False,False,,1.0,0.6326530612244898,,,,,,,,,0.6163061688930161,0.803366149239095,0.18705998034607885,False,,,,,1.0,0.0,1.0,True,,,,,,,,
source_identity,mpair_00000727_cond_01_2p,mpair_00000727,eval,2,"QED,RB",C=CCc1cc(/C=C2\SC(=O)N(C(C)C)C2=O)c(OC)cc1OC1CCCCO1,C=CCc1cc(/C=C2\SC(=O)N(CCCC)C2=O)c(OC)cc1OC1CCCCO1,C=CCc1cc(/C=C2\SC(=O)N(C(C)C)C2=O)c(OC)cc1OC1CCCCO1,O=C1NC(=O)/C(=C/c2ccc(OC3CCCCO3)cc2)S1,O=C1NC(=O)/C(=C/c2ccc(OC3CCCCO3)cc2)S1,True,False,False,,1.0,0.7285714285714285,,,,,,,,,0.39718598618589046,0.4701504427149941,0.07296445652910366,True,,,,,,,,,,,,,9.0,7.0,2.0,False
source_identity,mpair_00000730_cond_00_2p,mpair_00000730,eval,2,"HBD,RB",C=CCc1cc(/C=C2\SC(=O)NC2=O)c(OC)cc1OC1CCCCO1,C=CCc1cc(/C=C2\SC(=O)N(C(C)C)C2=O)c(OC)cc1OC1CCCCO1,C=CCc1cc(/C=C2\SC(=O)NC2=O)c(OC)cc1OC1CCCCO1,O=C1NC(=O)/C(=C/c2ccc(OC3CCCCO3)cc2)S1,O=C1NC(=O)/C(=C/c2ccc(OC3CCCCO3)cc2)S1,True,True,True,,1.0,0.6865671641791045,,,,,,,,,,,,,,,,,0.0,1.0,1.0,True,,,,,7.0,6.0,1.0,True
source_identity,mpair_00000732_cond_01_2p,mpair_00000732,eval,2,"LogP,QED",C=CCc1cc(/C=C2\SC(=O)N(CC=C)C2=O)c(OC)cc1OC1CCCCO1,C=CCc1cc(/C=C2\SC(=O)N(CC=C(C)C)C2=O)c(OC)cc1OC1CCCCO1,C=CCc1cc(/C=C2\SC(=O)N(CC=C)C2=O)c(OC)cc1OC1CCCCO1,O=C1NC(=O)/C(=C/c2ccc(OC3CCCCO3)cc2)S1,O=C1NC(=O)/C(=C/c2ccc(OC3CCCCO3)cc2)S1,True,True,True,,1.0,0.8615384615384616,,,,,5.331600000000005,4.551400000000004,0.7802000000000016,True,0.3995752918375223,0.45838471716690443,0.05880942532938216,True,,,,,,,,,,,,,,,,
source_identity,mpair_00000736_cond_00_2p,mpair_00000736,eval,2,"QED,RB",C=CCc1cc(/C=C2\SC(=O)N(CCCC)C2=O)c(OC)cc1OC1CCCCO1,C=CCc1cc(/C=C2\SC(=O)N(C(C)C)C2=O)c(OC)cc1OC1CCCCO1,C=CCc1cc(/C=C2\SC(=O)N(CCCC)C2=O)c(OC)cc1OC1CCCCO1,O=C1NC(=O)/C(=C/c2ccc(OC3CCCCO3)cc2)S1,O=C1NC(=O)/C(=C/c2ccc(OC3CCCCO3)cc2)S1,True,False,False,,1.0,0.7285714285714285,,,,,,,,,0.4701504427149941,0.39718598618589046,0.07296445652910366,True,,,,,,,,,,,,,7.0,9.0,2.0,False
source_identity,mpair_00000737_cond_02_2p,mpair_00000737,eval,2,"QED,HBD",C=CCc1cc(/C=C2\SC(=O)NC2=O)c(OC)cc1OC1CCCCO1,C=CCc1cc(/C=C2\SC(=O)N(C)C2=O)c(OC)cc1OC1CCCCO1,C=CCc1cc(/C=C2\SC(=O)NC2=O)c(OC)cc1OC1CCCCO1,O=C1NC(=O)/C(=C/c2ccc(OC3CCCCO3)cc2)S1,O=C1NC(=O)/C(=C/c2ccc(OC3CCCCO3)cc2)S1,True,True,True,,1.0,0.71875,,,,,,,,,0.5413211960634129,0.6042673504148035,0.06294615435139062,True,,,,,0.0,1.0,1.0,True,,,,,,,,
source_identity,mpair_00000740_cond_02_2p,mpair_00000740,eval,2,"MW,QED",C=CCc1cc(/C=C2\SC(=O)N(C)C2=O)c(OC)cc1OC1CCCCO1,C=CCc1cc(/C=C2\SC(=O)N(CCCC)C2=O)c(OC)cc1OC1CCCCO1,C=CCc1cc(/C=C2\SC(=O)N(C)C2=O)c(OC)cc1OC1CCCCO1,O=C1NC(=O)/C(=C/c2ccc(OC3CCCCO3)cc2)S1,O=C1NC(=O)/C(=C/c2ccc(OC3CCCCO3)cc2)S1,True,False,False,,1.0,0.7878787878787878,431.55400000000026,389.4730000000002,42.081000000000074,False,,,,,0.39718598618589046,0.5413211960634129,0.14413520987752243,False,,,,,,,,,,,,,,,,
source_identity,mpair_00000744_cond_00_2p,mpair_00000744,eval,2,"LogP,RB",C=CCc1cc(/C=C2\SC(=O)N(CC=C(C)C)C2=O)c(OC)cc1OC1CCCCO1,C=CCc1cc(/C=C2\SC(=O)N(C(C)C)C2=O)c(OC)cc1OC1CCCCO1,C=CCc1cc(/C=C2\SC(=O)N(CC=C(C)C)C2=O)c(OC)cc1OC1CCCCO1,O=C1NC(=O)/C(=C/c2ccc(OC3CCCCO3)cc2)S1,O=C1NC(=O)/C(=C/c2ccc(OC3CCCCO3)cc2)S1,True,True,True,,1.0,0.7183098591549296,,,,,4.773800000000004,5.331600000000005,0.5578000000000012,True,,,,,,,,,,,,,,,,,7.0,8.0,1.0,True
source_identity,mpair_00000746_cond_00_2p,mpair_00000746,eval,2,"QED,RB",C=CCc1cc(/C=C2\SC(=O)N(CC=C)C2=O)c(OC)cc1OC1CCCCO1,C=CCc1cc(/C=C2\SC(=O)N(CCCC)C2=O)c(OC)cc1OC1CCCCO1,C=CCc1cc(/C=C2\SC(=O)N(CC=C)C2=O)c(OC)cc1OC1CCCCO1,O=C1NC(=O)/C(=C/c2ccc(OC3CCCCO3)cc2)S1,O=C1NC(=O)/C(=C/c2ccc(OC3CCCCO3)cc2)S1,True,True,True,,1.0,0.8181818181818182,,,,,,,,,0.39718598618589046,0.45838471716690443,0.06119873098101397,True,,,,,,,,,,,,,9.0,8.0,1.0,True
source_identity,mpair_00000751_cond_02_2p,mpair_00000751,eval,2,"LogP,RB",O=C1CCC[C@H]2OC[C@@H](Cc3c[nH]c4ccccc34)N12,CC[C@H]1CCC(=O)N2[C@H](Cc3c[nH]c4ccccc34)CO[C@H]12,O=C1CCC[C@H]2OC[C@@H](Cc3c[nH]c4ccccc34)N12,O=C1CCC[C@H]2OC[C@@H](Cc3c[nH]c4ccccc34)N12,O=C1CCC[C@H]2OC[C@@H](Cc3c[nH]c4ccccc34)N12,True,True,True,,1.0,0.6607142857142857,,,,,3.0839000000000016,2.447800000000001,0.6361000000000008,True,,,,,,,,,,,,,,,,,3.0,2.0,1.0,True
source_identity,mpair_00000755_cond_00_2p,mpair_00000755,eval,2,"LogP,RB",CC[C@H]1CCC(=O)N2[C@H](Cc3c[nH]c4ccccc34)CO[C@H]12,O=C1CCC[C@H]2OC[C@@H](Cc3c[nH]c4ccccc34)N12,CC[C@H]1CCC(=O)N2[C@H](Cc3c[nH]c4ccccc34)CO[C@H]12,O=C1CCC[C@H]2OC[C@@H](Cc3c[nH]c4ccccc34)N12,O=C1CCC[C@H]2OC[C@@H](Cc3c[nH]c4ccccc34)N12,True,True,True,,1.0,0.6607142857142857,,,,,2.447800000000001,3.0839000000000016,0.6361000000000008,True,,,,,,,,,,,,,,,,,2.0,3.0,1.0,True
source_identity,mpair_00000756_cond_02_2p,mpair_00000756,eval,2,"LogP,QED",Clc1cccc(-c2cncc(O[C@@H]3CCNC3)c2)c1,Clc1cccc(-c2cc(O[C@@H]3CCNC3)cnc2Cl)c1,Clc1cccc(-c2cncc(O[C@@H]3CCNC3)c2)c1,c1ccc(-c2cncc(O[C@@H]3CCNC3)c2)cc1,c1ccc(-c2cncc(O[C@@H]3CCNC3)c2)cc1,True,True,True,,1.0,0.68,,,,,3.796100000000002,3.1427000000000014,0.6534000000000004,True,0.8758671086324237,0.9336391660075258,0.05777205737510216,True,,,,,,,,,,,,,,,,
source_identity,mpair_00000759_cond_00_2p,mpair_00000759,eval,2,"MW,LogP",c1ccc(-c2cncc(O[C@@H]3CCNC3)c2)cc1,Clc1cccc(-c2cc(O[C@@H]3CCNC3)cnc2Cl)c1,c1ccc(-c2cncc(O[C@@H]3CCNC3)c2)cc1,c1ccc(-c2cncc(O[C@@H]3CCNC3)c2)cc1,c1ccc(-c2cncc(O[C@@H]3CCNC3)c2)cc1,True,False,False,,1.0,0.5192307692307693,309.196,240.30599999999998,68.89000000000004,False,3.796100000000002,2.4893,1.3068000000000017,False,,,,,,,,,,,,,,,,,,,,
source_identity,mpair_00000760_cond_02_2p,mpair_00000760,eval,2,"MW,LogP",Clc1cccc(-c2cc(O[C@@H]3CCNC3)cnc2Cl)c1,c1ccc(-c2cncc(O[C@@H]3CCNC3)c2)cc1,Clc1cccc(-c2cc(O[C@@H]3CCNC3)cnc2Cl)c1,c1ccc(-c2cncc(O[C@@H]3CCNC3)c2)cc1,c1ccc(-c2cncc(O[C@@H]3CCNC3)c2)cc1,True,False,False,,1.0,0.5192307692307693,240.30599999999998,309.196,68.89000000000004,False,2.4893,3.796100000000002,1.3068000000000017,False,,,,,,,,,,,,,,,,,,,,
source_identity,mpair_00000763_cond_01_2p,mpair_00000763,eval,2,"HBA,RB",COc1cccc(-c2cncc(O[C@@H]3CCNC3)c2)c1,c1ccc(-c2cncc(O[C@@H]3CCNC3)c2)cc1,COc1cccc(-c2cncc(O[C@@H]3CCNC3)c2)c1,c1ccc(-c2cncc(O[C@@H]3CCNC3)c2)cc1,c1ccc(-c2cncc(O[C@@H]3CCNC3)c2)cc1,True,True,True,,1.0,0.75,,,,,,,,,,,,,,,,,,,,,3.0,4.0,1.0,True,3.0,4.0,1.0,True
source_identity,mpair_00000765_cond_00_2p,mpair_00000765,eval,2,"QED,HBA",COc1cccc(-c2cncc(O[C@@H]3CCNC3)c2)c1,Clc1cccc(-c2cc(O[C@@H]3CCNC3)cnc2Cl)c1,COc1cccc(-c2cncc(O[C@@H]3CCNC3)c2)c1,c1ccc(-c2cncc(O[C@@H]3CCNC3)c2)cc1,c1ccc(-c2cncc(O[C@@H]3CCNC3)c2)cc1,True,True,True,,1.0,0.5,,,,,,,,,0.8758671086324237,0.9267061641096688,0.0508390554772451,True,,,,,,,,,3.0,4.0,1.0,True,,,,
source_identity,mpair_00001116_cond_00_2p,mpair_00001116,eval,2,"HBA,RB",COc1ccc(N2CCN(CCC3NC(=O)c4ccccc43)CC2)cc1,O=C1NC(CCN2CCN(c3ccccc3)CC2)c2ccccc21,COc1ccc(N2CCN(CCC3NC(=O)c4ccccc43)CC2)cc1,O=C1NC(CCN2CCN(c3ccccc3)CC2)c2ccccc21,O=C1NC(CCN2CCN(c3ccccc3)CC2)c2ccccc21,True,True,True,,1.0,0.7708333333333334,,,,,,,,,,,,,,,,,,,,,3.0,4.0,1.0,True,4.0,5.0,1.0,True
source_identity,mpair_00001119_cond_01_2p,mpair_00001119,eval,2,"HBA,RB",O=C1NC(CCN2CCN(c3ccccc3)CC2)c2ccccc21,COc1ccc(N2CCN(CCC3NC(=O)c4ccccc43)CC2)cc1,O=C1NC(CCN2CCN(c3ccccc3)CC2)c2ccccc21,O=C1NC(CCN2CCN(c3ccccc3)CC2)c2ccccc21,O=C1NC(CCN2CCN(c3ccccc3)CC2)c2ccccc21,True,True,True,,1.0,0.7708333333333334,,,,,,,,,,,,,,,,,,,,,4.0,3.0,1.0,True,5.0,4.0,1.0,True
source_identity,mpair_00001121_cond_00_2p,mpair_00001121,eval,2,"MW,QED",O=C1NC(CCN2CCN(c3ccccc3)CC2)c2ccccc21,CN1C(=O)c2ccccc2C1CCN1CCN(c2ccc(Cl)cc2)CC1,O=C1NC(CCN2CCN(c3ccccc3)CC2)c2ccccc21,O=C1NC(CCN2CCN(c3ccccc3)CC2)c2ccccc21,O=C1NC(CCN2CCN(c3ccccc3)CC2)c2ccccc21,True,False,False,,1.0,0.4909090909090909,369.8960000000001,321.4240000000001,48.47199999999998,False,,,,,0.8221231339252668,0.9403172855884846,0.11819415166321778,False,,,,,,,,,,,,,,,,
source_identity,mpair_00001122_cond_02_2p,mpair_00001122,eval,2,"QED,HBD",COc1ccc(N2CCN(CCC3c4ccccc4C(=O)N3C)CC2)cc1,COc1ccc(N2CCN(CCC3NC(=O)c4ccccc43)CC2)cc1,COc1ccc(N2CCN(CCC3c4ccccc4C(=O)N3C)CC2)cc1,O=C1NC(CCN2CCN(c3ccccc3)CC2)c2ccccc21,O=C1NC(CCN2CCN(c3ccccc3)CC2)c2ccccc21,True,True,True,,1.0,0.6545454545454545,,,,,,,,,0.8996022198661571,0.8160326048332845,0.08356961503287252,True,,,,,1.0,0.0,1.0,True,,,,,,,,
source_identity,mpair_00001126_cond_00_2p,mpair_00001126,eval,2,"LogP,HBA",Cc1ccc(N2CCN(CCC3NC(=O)c4ccccc43)CC2)cc1C,COc1ccc(N2CCN(CCC3NC(=O)c4ccccc43)CC2)cc1,Cc1ccc(N2CCN(CCC3NC(=O)c4ccccc43)CC2)cc1C,O=C1NC(CCN2CCN(c3ccccc3)CC2)c2ccccc21,O=C1NC(CCN2CCN(c3ccccc3)CC2)c2ccccc21,True,True,True,,1.0,0.7037037037037037,,,,,2.692000000000001,3.3002400000000023,0.6082400000000012,True,,,,,,,,,,,,,4.0,3.0,1.0,True,,,,
source_identity,mpair_00001129_cond_00_2p,mpair_00001129,eval,2,"QED,HBD",Cc1ccc(N2CCN(CCC3NC(=O)c4ccccc43)CC2)cc1C,CN1C(=O)c2ccccc2C1CCN1CCN(c2ccc(Cl)cc2)CC1,Cc1ccc(N2CCN(CCC3NC(=O)c4ccccc43)CC2)cc1C,O=C1NC(CCN2CCN(c3ccccc3)CC2)c2ccccc21,O=C1NC(CCN2CCN(c3ccccc3)CC2)c2ccccc21,True,True,True,,1.0,0.45901639344262296,,,,,,,,,0.8221231339252668,0.9198864151307602,0.09776328120549338,True,,,,,0.0,1.0,1.0,True,,,,,,,,
source_identity,mpair_00001130_cond_02_2p,mpair_00001130,eval,2,"LogP,RB",COc1ccc(N2CCN(CCC3c4ccccc4C(=O)N3C)CC2)cc1,CN1C(=O)c2ccccc2C1CCN1CCN(c2ccc(Cl)cc2)CC1,COc1ccc(N2CCN(CCC3c4ccccc4C(=O)N3C)CC2)cc1,O=C1NC(CCN2CCN(c3ccccc3)CC2)c2ccccc21,O=C1NC(CCN2CCN(c3ccccc3)CC2)c2ccccc21,True,True,True,,1.0,0.76,,,,,3.679000000000003,3.034200000000002,0.6448000000000009,True,,,,,,,,,,,,,,,,,4.0,5.0,1.0,True
source_identity,mpair_00001134_cond_02_2p,mpair_00001134,eval,2,"MW,QED",FC(F)(F)c1cccc(N2CCN(c3nc4ccsc4n4cccc34)CC2)c1,Fc1ccc(N2CCN(c3nc4ccsc4n4cccc34)CC2)cc1,FC(F)(F)c1cccc(N2CCN(c3nc4ccsc4n4cccc34)CC2)c1,c1ccc(N2CCN(c3nc4ccsc4n4cccc34)CC2)cc1,c1ccc(N2CCN(c3nc4ccsc4n4cccc34)CC2)cc1,True,False,False,,1.0,0.6666666666666666,352.43800000000016,402.4450000000001,50.00699999999995,False,,,,,0.5445182992427106,0.47685586942313013,0.06766242981958043,True,,,,,,,,,,,,,,,,
source_identity,mpair_00001617_cond_01_2p,mpair_00001617,eval,2,"QED,RB",Cc1cc(F)cc2c1OCc1c-2ccc2c1C(C)CC(C)(C)N2,CC1CC(C)(C)Nc2ccc3c(c21)COc1c-3cc(F)cc1[N+](=O)[O-],Cc1cc(F)cc2c1OCc1c-2ccc2c1C(C)CC(C)(C)N2,c1ccc2c(c1)OCc1c-2ccc2c1CCCN2,c1ccc2c(c1)OCc1c-2ccc2c1CCCN2,True,False,False,,1.0,0.7192982456140351,,,,,,,,,0.5855235809891088,0.7039179552802654,0.11839437429115651,False,,,,,,,,,,,,,1.0,0.0,1.0,True
source_identity,mpair_00001643_cond_01_2p,mpair_00001643,eval,2,"MW,QED",C=C(Br)CC1(C(C)C)C(=O)NC(=O)N(C)C1=O,C=CCC1(C(C)C#CCC)C(=O)NC(=O)N(C)C1=O,C=C(Br)CC1(C(C)C)C(=O)NC(=O)N(C)C1=O,O=C1CC(=O)NC(=O)N1,O=C1CC(=O)NC(=O)N1,True,False,False,,1.0,0.42857142857142855,262.30899999999997,303.15600000000006,40.847000000000094,False,,,,,0.47348972477403223,0.8059749860896003,0.33248526131556805,False,,,,,,,,,,,,,,,,
source_identity,mpair_00002259_cond_00_2p,mpair_00002259,eval,2,"LogP,QED",Cc1ccccc1NC(=O)c1c(C)n(-c2ccccc2C)c(C)cc1=O,Cc1cccc(C)c1NC(=O)c1c(C)n(-c2c(C)cccc2C)c(C)cc1=O,Cc1ccccc1NC(=O)c1c(C)n(-c2ccccc2C)c(C)cc1=O,O=C(Nc1ccccc1)c1cn(-c2ccccc2)ccc1=O,O=C(Nc1ccccc1)c1cn(-c2ccccc2)ccc1=O,True,True,True,,1.0,0.5833333333333334,,,,,4.940320000000004,4.3234800000000035,0.6168400000000007,True,0.7058233303377046,0.7675628277357767,0.06173949739807205,True,,,,,,,,,,,,,,,,
source_identity,mpair_00002372_cond_00_2p,mpair_00002372,eval,2,"HBA,RB",CCCCCNC(=O)Nc1c(SCCCn2cnc(-c3ccccc3)c2C)cccc1N(C)C,CCCCCNC(=O)Nc1c(C)cccc1SCCCn1cnc(-c2ccccc2)c1C,CCCCCNC(=O)Nc1c(SCCCn2cnc(-c3ccccc3)c2C)cccc1N(C)C,c1ccc(SCCCn2cnc(-c3ccccc3)c2)cc1,c1ccc(SCCCn2cnc(-c3ccccc3)c2)cc1,True,True,True,,1.0,0.8208955223880597,,,,,,,,,,,,,,,,,,,,,4.0,5.0,1.0,True,11.0,12.0,1.0,True
source_identity,mpair_00002373_cond_02_2p,mpair_00002373,eval,2,"HBA,RB",CCCCCNC(=O)Nc1c(C)cccc1SCCCn1cnc(-c2ccccc2)c1C,CCCCCNC(=O)Nc1c(SCCCn2cnc(-c3ccccc3)c2C)cccc1N(C)C,CCCCCNC(=O)Nc1c(C)cccc1SCCCn1cnc(-c2ccccc2)c1C,c1ccc(SCCCn2cnc(-c3ccccc3)c2)cc1,c1ccc(SCCCn2cnc(-c3ccccc3)c2)cc1,True,True,True,,1.0,0.8208955223880597,,,,,,,,,,,,,,,,,,,,,5.0,4.0,1.0,True,12.0,11.0,1.0,True
source_identity,mpair_00002463_cond_02_2p,mpair_00002463,eval,2,"LogP,RB",COc1ccc(NC(=O)c2cc(OCCCN(C)C)nn2Cc2ccccc2)cc1,CN(C)CCCOc1cc(C(=O)Nc2ccc(Cl)cc2F)n(Cc2ccccc2)n1,COc1ccc(NC(=O)c2cc(OCCCN(C)C)nn2Cc2ccccc2)cc1,O=C(Nc1ccccc1)c1ccnn1Cc1ccccc1,O=C(Nc1ccccc1)c1ccnn1Cc1ccccc1,True,True,True,,1.0,0.6567164179104478,,,,,4.306700000000003,3.522800000000002,0.7839000000000009,True,,,,,,,,,,,,,,,,,9.0,10.0,1.0,True
source_identity,mpair_00002468_cond_00_2p,mpair_00002468,eval,2,"MW,QED",CN(C)CCCOc1cc(C(=O)Nc2cc(F)cc(C(F)(F)F)c2)n(Cc2ccccc2)n1,COc1ccc(NC(=O)c2cc(OCCCN(C)C)nn2Cc2ccccc2)cc1,CN(C)CCCOc1cc(C(=O)Nc2cc(F)cc(C(F)(F)F)c2)n(Cc2ccccc2)n1,O=C(Nc1ccccc1)c1ccnn1Cc1ccccc1,O=C(Nc1ccccc1)c1ccnn1Cc1ccccc1,True,False,False,,1.0,0.6764705882352942,408.50200000000007,464.4630000000001,55.96100000000001,False,,,,,0.5200250404910086,0.369385517709234,0.15063952278177462,False,,,,,,,,,,,,,,,,
source_identity,mpair_00002474_cond_02_2p,mpair_00002474,eval,2,"QED,TPSA",COc1cc(NC(=O)c2cc(OCCCN(C)C)nn2Cc2ccccc2)cc(OC)c1OC,CN(C)CCCOc1cc(C(=O)Nc2ccc(Cl)cc2F)n(Cc2ccccc2)n1,COc1cc(NC(=O)c2cc(OCCCN(C)C)nn2Cc2ccccc2)cc(OC)c1OC,O=C(Nc1ccccc1)c1ccnn1Cc1ccccc1,O=C(Nc1ccccc1)c1ccnn1Cc1ccccc1,True,False,False,,1.0,0.6376811594202898,,,,,,,,,0.5138601191048354,0.4069700768443977,0.10689004226043775,False,59.39,87.08000000000001,27.690000000000012,False,,,,,,,,,,,,
source_identity,mpair_00002477_cond_01_2p,mpair_00002477,eval,2,"QED,RB",CN(C)CCCOc1cc(C(=O)Nc2cc(F)cc(C(F)(F)F)c2)n(Cc2ccccc2)n1,CN(C)CCCOc1cc(C(=O)Nc2ccc(OC(F)(F)F)cc2)n(Cc2ccccc2)n1,CN(C)CCCOc1cc(C(=O)Nc2cc(F)cc(C(F)(F)F)c2)n(Cc2ccccc2)n1,O=C(Nc1ccccc1)c1ccnn1Cc1ccccc1,O=C(Nc1ccccc1)c1ccnn1Cc1ccccc1,True,True,True,,1.0,0.7101449275362319,,,,,,,,,0.4522382232340766,0.369385517709234,0.08285270552484258,True,,,,,,,,,,,,,10.0,9.0,1.0,True
source_identity,mpair_00002481_cond_02_2p,mpair_00002481,eval,2,"TPSA,HBA",COc1cc(NC(=O)c2cc(OCCCN(C)C)nn2Cc2ccccc2)cc(OC)c1OC,CN(C)CCCOc1cc(C(=O)Nc2cc(F)cc(C(F)(F)F)c2)n(Cc2ccccc2)n1,COc1cc(NC(=O)c2cc(OCCCN(C)C)nn2Cc2ccccc2)cc(OC)c1OC,O=C(Nc1ccccc1)c1ccnn1Cc1ccccc1,O=C(Nc1ccccc1)c1ccnn1Cc1ccccc1,True,False,False,,1.0,0.6811594202898551,,,,,,,,,,,,,59.39,87.08000000000001,27.690000000000012,False,,,,,5.0,8.0,3.0,False,,,,
source_identity,mpair_00002484_cond_02_2p,mpair_00002484,eval,2,"LogP,RB",CN(C)CCCOc1cc(C(=O)Nc2cccc(Cl)c2)n(Cc2ccccc2)n1,COc1ccc(NC(=O)c2cc(OCCCN(C)C)nn2Cc2ccccc2)cc1,CN(C)CCCOc1cc(C(=O)Nc2cccc(Cl)c2)n(Cc2ccccc2)n1,O=C(Nc1ccccc1)c1ccnn1Cc1ccccc1,O=C(Nc1ccccc1)c1ccnn1Cc1ccccc1,True,True,True,,1.0,0.7419354838709677,,,,,3.522800000000002,4.167600000000003,0.6448000000000009,True,,,,,,,,,,,,,,,,,10.0,9.0,1.0,True
source_identity,mpair_00002487_cond_02_2p,mpair_00002487,eval,2,"QED,RB",CN(C)CCCOc1cc(C(=O)Nc2ccc(OC(F)(F)F)cc2)n(Cc2ccccc2)n1,CN(C)CCCOc1cc(C(=O)Nc2cc(F)cc(C(F)(F)F)c2)n(Cc2ccccc2)n1,CN(C)CCCOc1cc(C(=O)Nc2ccc(OC(F)(F)F)cc2)n(Cc2ccccc2)n1,O=C(Nc1ccccc1)c1ccnn1Cc1ccccc1,O=C(Nc1ccccc1)c1ccnn1Cc1ccccc1,True,True,True,,1.0,0.7101449275362319,,,,,,,,,0.369385517709234,0.4522382232340766,0.08285270552484258,True,,,,,,,,,,,,,9.0,10.0,1.0,True
source_identity,mpair_00002492_cond_02_2p,mpair_00002492,eval,2,"LogP,TPSA",CC(C)OC(=O)c1cc(CO)cn1S(=O)(=O)c1cc(Cl)ccc1N,C=Cc1cc(C(=O)OCC)n(S(=O)(=O)c2cc(Cl)ccc2N)c1,CC(C)OC(=O)c1cc(CO)cn1S(=O)(=O)c1cc(Cl)ccc1N,O=S(=O)(c1ccccc1)n1cccc1,O=S(=O)(c1ccccc1)n1cccc1,True,False,False,,1.0,0.5396825396825397,,,,,2.7804,2.0182,0.7622,True,,,,,91.39,111.61999999999999,20.22999999999999,False,,,,,,,,,,,,
source_identity,mpair_00002495_cond_01_2p,mpair_00002495,eval,2,"LogP,RB",O=C1C(Nc2ccccc2)=C(Cl)C(=O)c2ncncc21,CCc1ccc(NC2=C(Cl)C(=O)c3ncncc3C2=O)cc1,O=C1C(Nc2ccccc2)=C(Cl)C(=O)c2ncncc21,O=C1C(Nc2ccccc2)=CC(=O)c2ncncc21,O=C1C(Nc2ccccc2)=CC(=O)c2ncncc21,True,True,True,,1.0,0.7045454545454546,,,,,2.980500000000001,2.4181,0.5624000000000011,True,,,,,,,,,,,,,,,,,3.0,2.0,1.0,True
source_identity,mpair_00002497_cond_00_2p,mpair_00002497,eval,2,"MW,LogP",O=C1C(Nc2ccc(Br)cc2)=C(Cl)C(=O)c2ncncc21,O=C1C(Nc2ccccc2)=C(Cl)C(=O)c2ncncc21,O=C1C(Nc2ccc(Br)cc2)=C(Cl)C(=O)c2ncncc21,O=C1C(Nc2ccccc2)=CC(=O)c2ncncc21,O=C1C(Nc2ccccc2)=CC(=O)c2ncncc21,True,False,False,,1.0,0.7560975609756098,285.69,364.58600000000007,78.89600000000007,False,2.4181,3.180600000000001,0.7625000000000011,True,,,,,,,,,,,,,,,,,,,,
source_identity,mpair_00002499_cond_02_2p,mpair_00002499,eval,2,"MW,LogP",O=C1C(Nc2cccc(Br)c2)=C(Cl)C(=O)c2ncncc21,O=C1C(Nc2ccccc2)=C(Cl)C(=O)c2ncncc21,O=C1C(Nc2cccc(Br)c2)=C(Cl)C(=O)c2ncncc21,O=C1C(Nc2ccccc2)=CC(=O)c2ncncc21,O=C1C(Nc2ccccc2)=CC(=O)c2ncncc21,True,False,False,,1.0,0.7272727272727273,285.69,364.58600000000007,78.89600000000007,False,2.4181,3.180600000000001,0.7625000000000011,True,,,,,,,,,,,,,,,,,,,,
source_identity,mpair_00002502_cond_01_2p,mpair_00002502,eval,2,"MW,QED",O=C1C(Nc2cccc(Br)c2)=C(Cl)C(=O)c2ncncc21,CCc1ccc(NC2=C(Cl)C(=O)c3ncncc3C2=O)cc1,O=C1C(Nc2cccc(Br)c2)=C(Cl)C(=O)c2ncncc21,O=C1C(Nc2ccccc2)=CC(=O)c2ncncc21,O=C1C(Nc2ccccc2)=CC(=O)c2ncncc21,True,False,False,,1.0,0.5882352941176471,313.744,364.58600000000007,50.84200000000004,False,,,,,0.9428073960459649,0.885902971993687,0.05690442405227791,True,,,,,,,,,,,,,,,,
source_identity,mpair_00002506_cond_00_2p,mpair_00002506,eval,2,"HBA,RB",Cc1ccc(C(=O)CN2c3ccccc3C(=O)N(Cc3ccccc3)S2(=O)=O)cc1,COc1ccc(C(=O)CN2c3ccccc3C(=O)N(Cc3ccccc3)S2(=O)=O)cc1,Cc1ccc(C(=O)CN2c3ccccc3C(=O)N(Cc3ccccc3)S2(=O)=O)cc1,O=C(CN1c2ccccc2C(=O)N(Cc2ccccc2)S1(=O)=O)c1ccccc1,O=C(CN1c2ccccc2C(=O)N(Cc2ccccc2)S1(=O)=O)c1ccccc1,True,True,True,,1.0,0.7843137254901961,,,,,,,,,,,,,,,,,,,,,5.0,4.0,1.0,True,6.0,5.0,1.0,True
source_identity,mpair_00002510_cond_01_2p,mpair_00002510,eval,2,"LogP,HBA",CSc1cc(-c2ccc(Br)cc2)oc(=O)c1C#N,CSc1cc(-c2ccc(Br)cc2)oc(=O)c1Cl,CSc1cc(-c2ccc(Br)cc2)oc(=O)c1C#N,O=c1cccc(-c2ccccc2)o1,O=c1cccc(-c2ccccc2)o1,True,True,True,,1.0,0.6428571428571429,,,,,4.444600000000002,3.662880000000002,0.78172,True,,,,,,,,,,,,,3.0,4.0,1.0,True,,,,
source_identity,mpair_00002517_cond_00_2p,mpair_00002517,eval,2,"MW,LogP",CSc1cc(-c2ccc(Cl)cc2)oc(=O)c1Br,CSc1cc(-c2ccc(Cl)cc2)oc(=O)c1,CSc1cc(-c2ccc(Cl)cc2)oc(=O)c1Br,O=c1cccc(-c2ccccc2)o1,O=c1cccc(-c2ccccc2)o1,True,False,False,,1.0,0.5365853658536586,252.72199999999998,331.61799999999994,78.89599999999996,False,3.682100000000002,4.444600000000001,0.7624999999999993,True,,,,,,,,,,,,,,,,,,,,
source_identity,mpair_00002525_cond_00_2p,mpair_00002525,eval,2,"QED,RB",CSc1cc(-c2ccc(Cl)cc2)oc(=O)c1C(N)=O,CSc1cc(-c2ccc(Br)cc2)oc(=O)c1C#N,CSc1cc(-c2ccc(Cl)cc2)oc(=O)c1C(N)=O,O=c1cccc(-c2ccccc2)o1,O=c1cccc(-c2ccccc2)o1,True,True,True,,1.0,0.43137254901960786,,,,,,,,,0.791886779601309,0.8837306867126842,0.09184390711137513,True,,,,,,,,,,,,,2.0,3.0,1.0,True
source_identity,mpair_00002533_cond_01_2p,mpair_00002533,eval,2,"LogP,HBA",CSc1cc(-c2ccc(Br)cc2)oc(=O)c1C#N,CSc1cc(-c2ccc(Cl)cc2)oc(=O)c1Br,CSc1cc(-c2ccc(Br)cc2)oc(=O)c1C#N,O=c1cccc(-c2ccccc2)o1,O=c1cccc(-c2ccccc2)o1,True,True,True,,1.0,0.5333333333333333,,,,,4.444600000000001,3.662880000000002,0.7817199999999991,True,,,,,,,,,,,,,3.0,4.0,1.0,True,,,,
source_identity,mpair_00002543_cond_00_2p,mpair_00002543,eval,2,"TPSA,HBD",CSc1cc(-c2ccc(Br)cc2)oc(=O)c1Cl,CSc1cc(-c2ccc(Cl)cc2)oc(=O)c1C(N)=O,CSc1cc(-c2ccc(Br)cc2)oc(=O)c1Cl,O=c1cccc(-c2ccccc2)o1,O=c1cccc(-c2ccccc2)o1,True,False,False,,1.0,0.5217391304347826,,,,,,,,,,,,,73.30000000000001,30.21,43.09000000000001,False,1.0,0.0,1.0,True,,,,,,,,
source_identity,mpair_00002548_cond_02_2p,mpair_00002548,eval,2,"MW,LogP",CSc1cc(-c2ccc(Cl)cc2)oc(=O)c1,CSc1cc(-c2ccc(Br)cc2)oc(=O)c1Cl,CSc1cc(-c2ccc(Cl)cc2)oc(=O)c1,O=c1cccc(-c2ccccc2)o1,O=c1cccc(-c2ccccc2)o1,True,False,False,,1.0,0.4318181818181818,331.61800000000005,252.72199999999998,78.89600000000007,False,4.444600000000002,3.682100000000002,0.7625000000000002,True,,,,,,,,,,,,,,,,,,,,
source_identity,mpair_00002558_cond_00_2p,mpair_00002558,eval,2,"MW,HBA",CSc1nc(-c2ccc(OC(F)(F)F)cc2)nn1C(=O)N(C)c1ccccc1,CSc1nc(-c2ccc(Cl)cc2)nn1C(=O)N(C)c1ccccc1,CSc1nc(-c2ccc(OC(F)(F)F)cc2)nn1C(=O)N(C)c1ccccc1,O=C(Nc1ccccc1)n1cnc(-c2ccccc2)n1,O=C(Nc1ccccc1)n1cnc(-c2ccccc2)n1,True,False,False,,1.0,0.7037037037037037,358.85400000000004,408.4050000000001,49.551000000000045,False,,,,,,,,,,,,,,,,,5.0,6.0,1.0,True,,,,
source_identity,mpair_00002561_cond_02_2p,mpair_00002561,eval,2,"LogP,RB",CSc1nc(-c2ccc(C)cc2)nn1C(=O)N(C)c1ccccc1,CN(C(=O)n1nc(-c2ccc(Cl)cc2)nc1SCC(F)(F)F)c1ccccc1,CSc1nc(-c2ccc(C)cc2)nn1C(=O)N(C)c1ccccc1,O=C(Nc1ccccc1)n1cnc(-c2ccccc2)n1,O=C(Nc1ccccc1)n1cnc(-c2ccccc2)n1,True,False,False,,1.0,0.5862068965517241,,,,,5.357400000000003,4.079920000000002,1.2774800000000006,False,,,,,,,,,,,,,,,,,4.0,3.0,1.0,True
source_identity,mpair_00002564_cond_00_2p,mpair_00002564,eval,2,"LogP,HBA",CSc1nc(-c2ccc(OC(F)(F)F)cc2)nn1C(=O)N(C)c1ccccc1,CN(C(=O)n1nc(-c2ccc(Cl)cc2)nc1SCC(F)(F)F)c1ccccc1,CSc1nc(-c2ccc(OC(F)(F)F)cc2)nn1C(=O)N(C)c1ccccc1,O=C(Nc1ccccc1)n1cnc(-c2ccccc2)n1,O=C(Nc1ccccc1)n1cnc(-c2ccccc2)n1,True,True,True,,1.0,0.5967741935483871,,,,,5.357400000000003,4.670100000000003,0.6872999999999996,True,,,,,,,,,,,,,5.0,6.0,1.0,True,,,,
source_identity,mpair_00002566_cond_02_2p,mpair_00002566,eval,2,"HBD,RB",COc1cc(C(=O)N2CCN(C(=O)c3cc(OC)c(OC)c(OC)c3)C(COC(=O)CC(C)(C)C)C2)cc(OC)c1OC,COc1cc(C(=O)N2CCN(C(=O)c3cc(OC)c(OC)c(OC)c3)C(COC(=O)NCCC(C)C)C2)cc(OC)c1OC,COc1cc(C(=O)N2CCN(C(=O)c3cc(OC)c(OC)c(OC)c3)C(COC(=O)CC(C)(C)C)C2)cc(OC)c1OC,O=C(c1ccccc1)N1CCN(C(=O)c2ccccc2)CC1,O=C(c1ccccc1)N1CCN(C(=O)c2ccccc2)CC1,True,False,False,,1.0,0.6451612903225806,,,,,,,,,,,,,,,,,1.0,0.0,1.0,True,,,,,13.0,11.0,2.0,False
source_identity,mpair_00002569_cond_02_2p,mpair_00002569,eval,2,"TPSA,HBA",COc1cc(C(=O)N2CCN(C(=O)c3cc(OC)c(OC)c(OC)c3)CC2)cc(OC)c1OC,COc1cc(C(=O)N2CCN(C(=O)c3cc(OC)c(OC)c(OC)c3)C(CO)C2)cc(OC)c1OC,COc1cc(C(=O)N2CCN(C(=O)c3cc(OC)c(OC)c(OC)c3)CC2)cc(OC)c1OC,O=C(c1ccccc1)N1CCN(C(=O)c2ccccc2)CC1,O=C(c1ccccc1)N1CCN(C(=O)c2ccccc2)CC1,True,False,False,,1.0,0.6341463414634146,,,,,,,,,,,,,116.23000000000002,96.00000000000001,20.230000000000004,False,,,,,9.0,8.0,1.0,True,,,,
source_identity,mpair_00002573_cond_01_2p,mpair_00002573,eval,2,"LogP,RB",COc1cc(C(=O)N2CCN(C(=O)c3cc(OC)c(OC)c(OC)c3)C(COC(=O)CC(C)(C)C)C2)cc(OC)c1OC,COc1cc(C(=O)N2CCN(C(=O)c3cc(OC)c(OC)c(OC)c3)C(COC(C)=O)C2)cc(OC)c1OC,COc1cc(C(=O)N2CCN(C(=O)c3cc(OC)c(OC)c(OC)c3)C(COC(=O)CC(C)(C)C)C2)cc(OC)c1OC,O=C(c1ccccc1)N1CCN(C(=O)c2ccccc2)CC1,O=C(c1ccccc1)N1CCN(C(=O)c2ccccc2)CC1,True,False,False,,1.0,0.7547169811320755,,,,,2.2681000000000004,3.684400000000003,1.4163000000000023,False,,,,,,,,,,,,,,,,,10.0,11.0,1.0,True
source_identity,mpair_00002575_cond_02_2p,mpair_00002575,eval,2,"LogP,QED",COc1cc(C(=O)N2CCN(C(=O)c3cc(OC)c(OC)c(OC)c3)C(COC(C)=O)C2)cc(OC)c1OC,COc1cc(C(=O)N2CCN(C(=O)c3cc(OC)c(OC)c(OC)c3)C(COC(=O)CC(C)(C)C)C2)cc(OC)c1OC,COc1cc(C(=O)N2CCN(C(=O)c3cc(OC)c(OC)c(OC)c3)C(COC(C)=O)C2)cc(OC)c1OC,O=C(c1ccccc1)N1CCN(C(=O)c2ccccc2)CC1,O=C(c1ccccc1)N1CCN(C(=O)c2ccccc2)CC1,True,False,False,,1.0,0.7547169811320755,,,,,3.684400000000003,2.2681000000000004,1.4163000000000023,False,0.3521539372279048,0.41028124355120477,0.05812730632329999,True,,,,,,,,,,,,,,,,
source_identity,mpair_00002578_cond_00_2p,mpair_00002578,eval,2,"LogP,RB",CCN(CC)C(=O)OCC1CN(C(=O)c2cc(OC)c(OC)c(OC)c2)CCN1C(=O)c1cc(OC)c(OC)c(OC)c1,COc1cc(C(=O)N2CCN(C(=O)c3cc(OC)c(OC)c(OC)c3)C(COC(=O)CC(C)(C)C)C2)cc(OC)c1OC,CCN(CC)C(=O)OCC1CN(C(=O)c2cc(OC)c(OC)c(OC)c2)CCN1C(=O)c1cc(OC)c(OC)c(OC)c1,O=C(c1ccccc1)N1CCN(C(=O)c2ccccc2)CC1,O=C(c1ccccc1)N1CCN(C(=O)c2ccccc2)CC1,True,True,True,,1.0,0.6896551724137931,,,,,3.684400000000003,3.1834000000000024,0.5010000000000003,True,,,,,,,,,,,,,,,,,11.0,12.0,1.0,True
source_identity,mpair_00002585_cond_02_2p,mpair_00002585,eval,2,"TPSA,RB",COc1cc(C(=O)N2CCN(C(=O)c3cc(OC)c(OC)c(OC)c3)C(COC(C)=O)C2)cc(OC)c1OC,COc1cc(C(=O)N2CCN(C(=O)c3cc(OC)c(OC)c(OC)c3)CC2)cc(OC)c1OC,COc1cc(C(=O)N2CCN(C(=O)c3cc(OC)c(OC)c(OC)c3)C(COC(C)=O)C2)cc(OC)c1OC,O=C(c1ccccc1)N1CCN(C(=O)c2ccccc2)CC1,O=C(c1ccccc1)N1CCN(C(=O)c2ccccc2)CC1,True,False,False,,1.0,0.5777777777777777,,,,,,,,,,,,,96.00000000000001,122.30000000000001,26.299999999999997,False,,,,,,,,,8.0,10.0,2.0,False
source_identity,mpair_00002595_cond_02_2p,mpair_00002595,eval,2,"TPSA,HBA",COc1cc(C(=O)N2CCN(C(=O)c3cc(OC)c(OC)c(OC)c3)CC2)cc(OC)c1OC,COc1cc(C(=O)N2CCN(C(=O)c3cc(OC)c(OC)c(OC)c3)C(COC(=O)CC(C)(C)C)C2)cc(OC)c1OC,COc1cc(C(=O)N2CCN(C(=O)c3cc(OC)c(OC)c(OC)c3)CC2)cc(OC)c1OC,O=C(c1ccccc1)N1CCN(C(=O)c2ccccc2)CC1,O=C(c1ccccc1)N1CCN(C(=O)c2ccccc2)CC1,True,False,False,,1.0,0.52,,,,,,,,,,,,,122.30000000000001,96.00000000000001,26.299999999999997,False,,,,,10.0,8.0,2.0,False,,,,
source_identity,mpair_00002599_cond_00_2p,mpair_00002599,eval,2,"TPSA,HBA",COc1ccc(C(=O)Nc2c(Cl)cncc2Cl)c2ccc(C(C)=O)nc12,CCc1ccc2c(C(=O)Nc3c(Cl)cncc3Cl)ccc(OC)c2n1,COc1ccc(C(=O)Nc2c(Cl)cncc2Cl)c2ccc(C(C)=O)nc12,O=C(Nc1ccncc1)c1cccc2ncccc12,O=C(Nc1ccncc1)c1cccc2ncccc12,True,True,True,,1.0,0.7222222222222222,,,,,,,,,,,,,64.11,81.17999999999999,17.069999999999993,True,,,,,4.0,5.0,1.0,True,,,,
source_identity,mpair_00002602_cond_00_2p,mpair_00002602,eval,2,"TPSA,HBD",COc1ccc(C(=O)Nc2ccncc2Cl)c2ccc(C(F)(F)F)nc12,COc1ccc(C(=O)Nc2c(Cl)cncc2Cl)c2ccc(C(C)O)nc12,COc1ccc(C(=O)Nc2ccncc2Cl)c2ccc(C(F)(F)F)nc12,O=C(Nc1ccncc1)c1cccc2ncccc12,O=C(Nc1ccncc1)c1cccc2ncccc12,True,False,False,,1.0,0.5230769230769231,,,,,,,,,,,,,84.34,64.11,20.230000000000004,False,2.0,1.0,1.0,True,,,,,,,,
source_identity,mpair_00002604_cond_01_2p,mpair_00002604,eval,2,"TPSA,HBA",CCc1ccc2c(C(=O)Nc3c(Cl)cncc3Cl)ccc(OC)c2n1,COc1ccc(C(=O)Nc2c(Cl)cncc2Cl)c2ccc(C(C)=O)nc12,CCc1ccc2c(C(=O)Nc3c(Cl)cncc3Cl)ccc(OC)c2n1,O=C(Nc1ccncc1)c1cccc2ncccc12,O=C(Nc1ccncc1)c1cccc2ncccc12,True,True,True,,1.0,0.7222222222222222,,,,,,,,,,,,,81.17999999999999,64.11,17.069999999999993,True,,,,,5.0,4.0,1.0,True,,,,
source_identity,mpair_00002609_cond_00_2p,mpair_00002609,eval,2,"LogP,QED",COc1ccc(C(=O)Nc2c(Cl)cncc2Cl)c2cccnc12,CCc1ccc2c(C(=O)Nc3c(Cl)cncc3Cl)ccc(OC)c2n1,COc1ccc(C(=O)Nc2c(Cl)cncc2Cl)c2cccnc12,O=C(Nc1ccncc1)c1cccc2ncccc12,O=C(Nc1ccncc1)c1cccc2ncccc12,True,True,True,,1.0,0.6545454545454545,,,,,4.759900000000003,4.1975000000000025,0.5624000000000002,True,0.7131894410136064,0.7706046174674384,0.057415176453831984,True,,,,,,,,,,,,,,,,
source_identity,mpair_00002612_cond_02_2p,mpair_00002612,eval,2,"LogP,RB",CCc1ccc2c(C(=O)Nc3c(Cl)cncc3Cl)ccc(OC)c2n1,COc1ccc(C(=O)Nc2c(F)cncc2F)c2ccc(C(F)(F)F)nc12,CCc1ccc2c(C(=O)Nc3c(Cl)cncc3Cl)ccc(OC)c2n1,O=C(Nc1ccncc1)c1cccc2ncccc12,O=C(Nc1ccncc1)c1cccc2ncccc12,True,True,True,,1.0,0.5409836065573771,,,,,4.187700000000001,4.759900000000003,0.5722000000000014,True,,,,,,,,,,,,,,,,,3.0,4.0,1.0,True
source_identity,mpair_00002616_cond_02_2p,mpair_00002616,eval,2,"HBA,RB",COc1ccc(C(=O)Nc2c(F)cncc2F)c2ccc(C(F)(F)F)nc12,COc1ccc(C(=O)Nc2c(Cl)cncc2Cl)c2ccc(C(C)=O)nc12,COc1ccc(C(=O)Nc2c(F)cncc2F)c2ccc(C(F)(F)F)nc12,O=C(Nc1ccncc1)c1cccc2ncccc12,O=C(Nc1ccncc1)c1cccc2ncccc12,True,True,True,,1.0,0.55,,,,,,,,,,,,,,,,,,,,,5.0,4.0,1.0,True,4.0,3.0,1.0,True
source_identity,mpair_00002621_cond_01_2p,mpair_00002621,eval,2,"MW,QED",COc1ccc(C(=O)Nc2c(Cl)cncc2Cl)c2cccnc12,COc1ccc(C(=O)Nc2c(F)cncc2F)c2ccc(C(F)(F)F)nc12,COc1ccc(C(=O)Nc2c(Cl)cncc2Cl)c2cccnc12,O=C(Nc1ccncc1)c1cccc2ncccc12,O=C(Nc1ccncc1)c1cccc2ncccc12,True,False,False,,1.0,0.4918032786885246,383.276,348.1890000000001,35.08699999999993,False,,,,,0.6893032571109005,0.7706046174674384,0.0813013603565379,True,,,,,,,,,,,,,,,,
source_identity,mpair_00002624_cond_00_2p,mpair_00002624,eval,2,"LogP,QED",COc1ccc(C(=O)Nc2ccncc2Cl)c2ccc(C(F)(F)F)nc12,COc1ccc(C(=O)Nc2ccncc2Cl)c2cccnc12,COc1ccc(C(=O)Nc2ccncc2Cl)c2ccc(C(F)(F)F)nc12,O=C(Nc1ccncc1)c1cccc2ncccc12,O=C(Nc1ccncc1)c1cccc2ncccc12,True,False,False,,1.0,0.6724137931034483,,,,,3.544100000000002,4.562900000000002,1.0187999999999997,False,0.8029165077767629,0.7218484507203837,0.0810680570563792,True,,,,,,,,,,,,,,,,
source_identity,mpair_00002628_cond_02_2p,mpair_00002628,eval,2,"LogP,QED",CC(C)[C@@H](O)C(=O)N1C[C@H](c2ccccc2)C[C@H]1C(=O)N[C@@H](CC(F)F)C(=O)NCCc1c(F)cc(C(=O)O)cc1F,CC(C)CC(=O)N1C[C@H](c2ccccc2)C[C@H]1C(=O)N[C@@H](CC(F)F)C(=O)NCCc1c(F)cc(C(=O)O)cc1F,CC(C)[C@@H](O)C(=O)N1C[C@H](c2ccccc2)C[C@H]1C(=O)N[C@@H](CC(F)F)C(=O)NCCc1c(F)cc(C(=O)O)cc1F,O=C(CNC(=O)[C@@H]1C[C@@H](c2ccccc2)CN1)NCCc1ccccc1,O=C(CNC(=O)[C@@H]1C[C@@H](c2ccccc2)CN1)NCCc1ccccc1,True,False,False,,1.0,0.7916666666666666,,,,,3.892500000000002,2.8633000000000006,1.0292000000000012,False,0.3302613314122171,0.2789053789646464,0.051355952447570685,True,,,,,,,,,,,,,,,,
source_identity,mpair_00003109_cond_00_2p,mpair_00003109,eval,2,"LogP,QED",CN1CCC[C@H]1COc1cccnn1,CN1CCC[C@H]1COc1ccc(Cl)nn1,CN1CCC[C@H]1COc1cccnn1,c1cnnc(OC[C@@H]2CCCN2)c1,c1cnnc(OC[C@@H]2CCCN2)c1,True,True,True,,1.0,0.6511627906976745,,,,,1.6029999999999998,0.9495999999999998,0.6534,True,0.7864914737289573,0.7160423680458043,0.07044910568315299,True,,,,,,,,,,,,,,,,
source_identity,mpair_00003110_cond_02_2p,mpair_00003110,eval,2,"QED,RB",CCCCc1nnc2nc(C)c(C)c(=O)n2n1,Cc1nc2nnc(C(C)(C)C)nn2c(=O)c1C,CCCCc1nnc2nc(C)c(C)c(=O)n2n1,O=c1ccnc2nncnn12,O=c1ccnc2nncnn12,True,False,False,,1.0,0.5238095238095238,,,,,,,,,0.6723856505150625,0.7849999676400611,0.11261431712499859,False,,,,,,,,,,,,,0.0,3.0,3.0,False
source_identity,mpair_00003112_cond_01_2p,mpair_00003112,eval,2,"LogP,QED",Cc1nc2nnc(C(C)(C)C)nn2c(=O)c1C,Cc1nc2nncnn2c(=O)c1C,Cc1nc2nnc(C(C)(C)C)nn2c(=O)c1C,O=c1ccnc2nncnn12,O=c1ccnc2nncnn12,True,False,False,,1.0,0.48717948717948717,,,,,-0.5036600000000002,0.7938399999999997,1.2974999999999999,False,0.541825521381232,0.6723856505150625,0.13056012913383053,False,,,,,,,,,,,,,,,,
source_identity,mpair_00003201_cond_01_2p,mpair_00003201,eval,2,"HBD,HBA",O=C(O)c1ccc(NCCCCCCc2cccs2)cc1,CCOC(=O)c1ccc(NCCCCCCc2cccs2)cc1,O=C(O)c1ccc(NCCCCCCc2cccs2)cc1,c1ccc(NCCCCCCc2cccs2)cc1,c1ccc(NCCCCCCc2cccs2)cc1,True,True,True,,1.0,0.7021276595744681,,,,,,,,,,,,,,,,,1.0,2.0,1.0,True,4.0,3.0,1.0,True,,,,
source_identity,mpair_00003203_cond_01_2p,mpair_00003203,eval,2,"TPSA,HBA",N#Cc1cnn(C(=O)OCc2ccc(-c3ccccc3)cc2)c1,Cc1cnn(C(=O)OCc2ccc(-c3ccccc3)cc2)c1,N#Cc1cnn(C(=O)OCc2ccc(-c3ccccc3)cc2)c1,O=C(OCc1ccc(-c2ccccc2)cc1)n1cccn1,O=C(OCc1ccc(-c2ccccc2)cc1)n1cccn1,True,False,False,,1.0,0.6808510638297872,,,,,,,,,,,,,44.120000000000005,67.91,23.789999999999992,False,,,,,4.0,5.0,1.0,True,,,,
source_identity,mpair_00003205_cond_00_2p,mpair_00003205,eval,2,"TPSA,HBA",N#Cc1cnn(C(=O)OCc2ccc(-c3ccccc3)cc2)c1,O=C(OCc1ccc(-c2ccccc2)cc1)n1cccn1,N#Cc1cnn(C(=O)OCc2ccc(-c3ccccc3)cc2)c1,O=C(OCc1ccc(-c2ccccc2)cc1)n1cccn1,O=C(OCc1ccc(-c2ccccc2)cc1)n1cccn1,True,False,False,,1.0,0.5833333333333334,,,,,,,,,,,,,44.120000000000005,67.91,23.789999999999992,False,,,,,4.0,5.0,1.0,True,,,,
source_identity,mpair_00003208_cond_01_2p,mpair_00003208,eval,2,"QED,TPSA",NC(=O)N/N=C\c1ccccc1OCc1ccc2no[n+]([O-])c2c1,NC(=S)N/N=C/c1cccc(OCc2ccc3no[n+]([O-])c3c2)c1,NC(=O)N/N=C\c1ccccc1OCc1ccc2no[n+]([O-])c2c1,c1ccc(OCc2ccc3no[nH+]c3c2)cc1,c1ccc(OCc2ccc3no[nH+]c3c2)cc1,True,False,False,,1.0,0.5882352941176471,,,,,,,,,0.30972390933844063,0.4106849547701945,0.10096104543175388,False,112.61,129.68,17.070000000000007,True,,,,,,,,,,,,
source_identity,mpair_00003211_cond_01_2p,mpair_00003211,eval,2,"MW,LogP",CC[C@H]1OC(=O)[C@H](C)[C@@H](OC(C)=O)[C@H](C)[C@@H](OC2O[C@H](C)C[C@H](N(C)C)C2O)[C@@](C)(OC)C[C@@H](C)C(=O)[C@H](C)[C@@H](O)[C@]1(C)O,CC[C@H]1OC(=O)[C@H](C)[C@@H](O)[C@H](C)[C@@H](OC2O[C@H](C)C[C@H](N(C)C)C2O)[C@@](C)(OC)C[C@@H](C)C(=O)[C@H](C)[C@@H](O)[C@]1(C)O,CC[C@H]1OC(=O)[C@H](C)[C@@H](OC(C)=O)[C@H](C)[C@@H](OC2O[C@H](C)C[C@H](N(C)C)C2O)[C@@](C)(OC)C[C@@H](C)C(=O)[C@H](C)[C@@H](O)[C@]1(C)O,O=C1CCCCOC(=O)CCC[C@@H](OC2CCCCO2)CCC1,O=C1CCCCOC(=O)CCC[C@@H](OC2CCCCO2)CCC1,True,False,False,,1.0,0.821917808219178,589.7670000000004,631.8040000000003,42.03699999999992,False,1.5145000000000022,2.0853000000000033,0.5708000000000011,True,,,,,,,,,,,,,,,,,,,,
source_identity,mpair_00003215_cond_00_2p,mpair_00003215,eval,2,"MW,TPSA",COC(=O)c1ccc2c(Nc3ccc(Cl)cc3)nc(N3CCOCC3)nc2c1,Clc1ccc(Nc2nc(N3CCOCC3)nc3ccccc23)cc1,COC(=O)c1ccc2c(Nc3ccc(Cl)cc3)nc(N3CCOCC3)nc2c1,c1ccc(Nc2nc(N3CCOCC3)nc3ccccc23)cc1,c1ccc(Nc2nc(N3CCOCC3)nc3ccccc23)cc1,True,False,False,,1.0,0.631578947368421,340.81399999999996,398.85000000000025,58.036000000000286,False,,,,,,,,,50.28,76.58,26.299999999999997,False,,,,,,,,,,,,
source_identity,mpair_00003223_cond_00_2p,mpair_00003223,eval,2,"MW,QED",COc1ccc(S(=O)(=O)N(Cc2cccnc2)c2c(C)cc(Br)cc2C(=O)NO)cc1,COc1ccc(S(=O)(=O)N(Cc2cccnc2)c2c(C)cccc2C(=O)NO)cc1,COc1ccc(S(=O)(=O)N(Cc2cccnc2)c2c(C)cc(Br)cc2C(=O)NO)cc1,O=S(=O)(c1ccccc1)N(Cc1cccnc1)c1ccccc1,O=S(=O)(c1ccccc1)N(Cc1cccnc1)c1ccccc1,True,False,False,,1.0,0.819672131147541,427.48200000000014,506.37800000000016,78.89600000000002,False,,,,,0.44330794633881315,0.3740614499694089,0.06924649636940428,True,,,,,,,,,,,,,,,,
source_identity,mpair_00003225_cond_00_2p,mpair_00003225,eval,2,"QED,RB",COCCCN(/C(S)=C1/C(=O)c2cc(Cl)ccc2N(C)C1=O)c1ccccc1,COc1cccc(N(C)/C(S)=C2/C(=O)c3cc(Cl)ccc3N(C)C2=O)c1,COCCCN(/C(S)=C1/C(=O)c2cc(Cl)ccc2N(C)C1=O)c1ccccc1,O=C1Nc2ccccc2C(=O)/C1=C/Nc1ccccc1,O=C1Nc2ccccc2C(=O)/C1=C/Nc1ccccc1,True,False,False,,1.0,0.5846153846153846,,,,,,,,,0.4935411914533051,0.3319041471572704,0.1616370442960347,False,,,,,,,,,,,,,3.0,6.0,3.0,False
source_identity,mpair_00003226_cond_02_2p,mpair_00003226,eval,2,"QED,RB",COc1cccc(N(C)/C(S)=C2/C(=O)c3cc(Cl)ccc3N(C)C2=O)c1,COCCCN(/C(S)=C1/C(=O)c2cc(Cl)ccc2N(C)C1=O)c1ccccc1,COc1cccc(N(C)/C(S)=C2/C(=O)c3cc(Cl)ccc3N(C)C2=O)c1,O=C1Nc2ccccc2C(=O)/C1=C/Nc1ccccc1,O=C1Nc2ccccc2C(=O)/C1=C/Nc1ccccc1,True,False,False,,1.0,0.5846153846153846,,,,,,,,,0.3319041471572704,0.4935411914533051,0.1616370442960347,False,,,,,,,,,,,,,6.0,3.0,3.0,False
source_identity,mpair_00003229_cond_01_2p,mpair_00003229,eval,2,"HBD,HBA",CCCCc1nn(-c2ccccn2)c(C(=O)OCC)c1Cc1ccc(-c2ccccc2-c2nn[nH]n2)cc1,CCCCc1nn(-c2ccccn2)c(C(=O)O)c1Cc1ccc(-c2ccccc2-c2nn[nH]n2)cc1,CCCCc1nn(-c2ccccn2)c(C(=O)OCC)c1Cc1ccc(-c2ccccc2-c2nn[nH]n2)cc1,c1ccc(-n2cc(Cc3ccc(-c4ccccc4-c4nn[nH]n4)cc3)cn2)nc1,c1ccc(-n2cc(Cc3ccc(-c4ccccc4-c4nn[nH]n4)cc3)cn2)nc1,True,True,True,,1.0,0.8405797101449275,,,,,,,,,,,,,,,,,2.0,1.0,1.0,True,7.0,8.0,1.0,True,,,,
source_identity,mpair_00003534_cond_00_2p,mpair_00003534,eval,2,"QED,RB",O=S(=O)(CC(F)(F)F)N(Cc1cccnc1)c1cccc(OC(F)(F)F)c1,CC(C)Oc1cccc(N(Cc2cccnc2)S(=O)(=O)CC(F)(F)F)c1,O=S(=O)(CC(F)(F)F)N(Cc1cccnc1)c1cccc(OC(F)(F)F)c1,c1ccc(NCc2cccnc2)cc1,c1ccc(NCc2cccnc2)cc1,True,True,True,,1.0,0.7777777777777778,,,,,,,,,0.7245796953652621,0.6736163493728189,0.05096334599244323,True,,,,,,,,,,,,,7.0,6.0,1.0,True
source_identity,mpair_00003537_cond_00_2p,mpair_00003537,eval,2,"MW,QED",CC(C)COc1cccc(N(Cc2cccnc2)S(=O)(=O)CC(F)(F)F)c1,CCOC(=O)C(C)Oc1cccc(N(Cc2cccnc2)S(=O)(=O)CC(F)(F)F)c1,CC(C)COc1cccc(N(Cc2cccnc2)S(=O)(=O)CC(F)(F)F)c1,c1ccc(NCc2cccnc2)cc1,c1ccc(NCc2cccnc2)cc1,True,False,False,,1.0,0.6984126984126984,446.4470000000001,402.43800000000005,44.00900000000007,False,,,,,0.5496815697636838,0.6693605971809802,0.11967902741729641,False,,,,,,,,,,,,,,,,
source_identity,mpair_00003541_cond_02_2p,mpair_00003541,eval,2,"LogP,QED",CC(C)Oc1cccc(N(Cc2cccnc2)S(=O)(=O)CC(F)(F)F)c1,CCC(C)COc1cccc(N(Cc2cccnc2)S(=O)(=O)CC(F)(F)F)c1,CC(C)Oc1cccc(N(Cc2cccnc2)S(=O)(=O)CC(F)(F)F)c1,c1ccc(NCc2cccnc2)cc1,c1ccc(NCc2cccnc2)cc1,True,False,False,,1.0,0.7457627118644068,,,,,4.405200000000004,3.7675000000000027,0.6377000000000015,True,0.6078002459089881,0.7245796953652621,0.11677944945627405,False,,,,,,,,,,,,,,,,
source_identity,mpair_00003543_cond_01_2p,mpair_00003543,eval,2,"QED,RB",CC(C)Oc1cccc(N(Cc2cccnc2)S(=O)(=O)CC(F)(F)F)c1,COc1cccc(N(Cc2cccnc2)S(=O)(=O)CC(F)(F)F)c1,CC(C)Oc1cccc(N(Cc2cccnc2)S(=O)(=O)CC(F)(F)F)c1,c1ccc(NCc2cccnc2)cc1,c1ccc(NCc2cccnc2)cc1,True,True,True,,1.0,0.8113207547169812,,,,,,,,,0.7946521442277092,0.7245796953652621,0.07007244886244712,True,,,,,,,,,,,,,6.0,7.0,1.0,True
source_identity,mpair_00003546_cond_00_2p,mpair_00003546,eval,2,"MW,RB",COc1cccc(N(Cc2cccnc2)S(=O)(=O)CC(F)(F)F)c1,CCCC(C)Oc1cccc(N(Cc2cccnc2)S(=O)(=O)CC(F)(F)F)c1,COc1cccc(N(Cc2cccnc2)S(=O)(=O)CC(F)(F)F)c1,c1ccc(NCc2cccnc2)cc1,c1ccc(NCc2cccnc2)cc1,True,False,False,,1.0,0.7413793103448276,416.4650000000001,360.3570000000001,56.108000000000004,False,,,,,,,,,,,,,,,,,,,,,9.0,6.0,3.0,False
source_identity,mpair_00003548_cond_00_2p,mpair_00003548,eval,2,"QED,RB",CCOC(=O)C(C)Oc1cccc(N(Cc2cccnc2)S(=O)(=O)CC(F)(F)F)c1,O=S(=O)(CC(F)(F)F)N(Cc1cccnc1)c1cccc(OC(F)(F)F)c1,CCOC(=O)C(C)Oc1cccc(N(Cc2cccnc2)S(=O)(=O)CC(F)(F)F)c1,c1ccc(NCc2cccnc2)cc1,c1ccc(NCc2cccnc2)cc1,True,False,False,,1.0,0.6885245901639344,,,,,,,,,0.6736163493728189,0.5496815697636838,0.12393477960913513,False,,,,,,,,,,,,,6.0,9.0,3.0,False
source_identity,mpair_00000001_cond_02_3p,mpair_00000001,eval,3,"MW,LogP,QED",O=C(c1ccccc1C(F)(F)F)N1C[C@H](CN2CCC(c3ccccc3)CC2)[C@@H](c2ccccc2)C1,O=C(c1ccccc1F)N1C[C@H](CN2CCC(c3ccccc3)CC2)[C@@H](c2ccccc2)C1,O=C(c1ccccc1C(F)(F)F)N1C[C@H](CN2CCC(c3ccccc3)CC2)[C@@H](c2ccccc2)C1,O=C(c1ccccc1)N1C[C@H](CN2CCC(c3ccccc3)CC2)[C@@H](c2ccccc2)C1,O=C(c1ccccc1)N1C[C@H](CN2CCC(c3ccccc3)CC2)[C@@H](c2ccccc2)C1,True,False,False,,1.0,0.7592592592592593,442.57800000000015,492.5850000000002,50.00700000000006,False,5.561100000000006,6.4408000000000065,0.8797000000000006,True,0.5164092889512721,0.4092272471712491,0.10718204178002305,False,,,,,,,,,,,,,,,,
source_identity,mpair_00000009_cond_00_3p,mpair_00000009,eval,3,"LogP,HBA,RB",COc1cccc(C(=O)N2C[C@H](CN3CCC(c4ccccc4)CC3)[C@@H](c3ccccc3)C2)c1,O=C(c1cccc(Cl)c1)N1C[C@H](CN2CCC(c3ccccc3)CC2)[C@@H](c2ccccc2)C1,COc1cccc(C(=O)N2C[C@H](CN3CCC(c4ccccc4)CC3)[C@@H](c3ccccc3)C2)c1,O=C(c1ccccc1)N1C[C@H](CN2CCC(c3ccccc3)CC2)[C@@H](c2ccccc2)C1,O=C(c1ccccc1)N1C[C@H](CN2CCC(c3ccccc3)CC2)[C@@H](c2ccccc2)C1,True,True,True,,1.0,0.7413793103448276,,,,,6.075400000000006,5.430600000000005,0.6448000000000009,True,,,,,,,,,,,,,2.0,3.0,1.0,True,5.0,6.0,1.0,True
source_identity,mpair_00000014_cond_00_3p,mpair_00000014,eval,3,"MW,TPSA,HBA",O=C(O)[C@@H]1C[C@H]2C[C@@H](CCS(=O)(=O)O)CC[C@H]2CN1,O=C(O)CC[C@H]1CC[C@H]2CN[C@H](C(=O)O)C[C@H]2C1,O=C(O)[C@@H]1C[C@H]2C[C@@H](CCS(=O)(=O)O)CC[C@H]2CN1,C1CC[C@H]2CNCC[C@H]2C1,C1CC[C@H]2CNCC[C@H]2C1,True,False,False,,1.0,0.6829268292682927,255.314,291.36899999999997,36.05499999999998,False,,,,,,,,,86.63000000000001,103.7,17.069999999999993,True,,,,,3.0,4.0,1.0,True,,,,
source_identity,mpair_00000021_cond_01_3p,mpair_00000021,eval,3,"MW,TPSA,HBA",N#Cc1ccc(COC[C@H]2C3CC(c4ccc(F)cc4)(CO3)[C@@H]2C/C=C/CCCC(=O)O)cc1,O=C(O)CCC/C=C/C[C@@H]1[C@@H](COCc2ccccc2)C2CC1(c1ccccc1)CO2,N#Cc1ccc(COC[C@H]2C3CC(c4ccc(F)cc4)(CO3)[C@@H]2C/C=C/CCCC(=O)O)cc1,c1ccc(COC[C@@H]2CC3(c4ccccc4)COC2C3)cc1,c1ccc(COC[C@@H]2CC3(c4ccccc4)COC2C3)cc1,True,False,False,,1.0,0.7391304347826086,420.5490000000002,463.5490000000003,43.000000000000114,False,,,,,,,,,55.760000000000005,79.55,23.789999999999992,False,,,,,3.0,4.0,1.0,True,,,,
source_identity,mpair_00000328_cond_02_3p,mpair_00000328,eval,3,"MW,LogP,QED",N[C@@H](C(=O)N[C@@H]1C(=O)N2C(C(=O)O)=C(C(F)(F)F)CC[C@H]12)c1ccc(F)cc1,N[C@@H](C(=O)N[C@@H]1C(=O)N2C(C(=O)O)=C(C(F)(F)F)CC[C@H]12)c1cccc(Br)c1,N[C@@H](C(=O)N[C@@H]1C(=O)N2C(C(=O)O)=C(C(F)(F)F)CC[C@H]12)c1ccc(F)cc1,O=C(Cc1ccccc1)N[C@@H]1C(=O)N2C=CCC[C@H]12,O=C(Cc1ccccc1)N[C@@H]1C(=O)N2C=CCC[C@H]12,True,False,False,,1.0,0.7377049180327869,462.2220000000001,401.3160000000001,60.906000000000006,False,1.8392999999999997,1.2158999999999993,0.6234000000000004,True,0.5917241763797754,0.5187711593734389,0.0729530170063365,True,,,,,,,,,,,,,,,,
source_identity,mpair_00000331_cond_00_3p,mpair_00000331,eval,3,"TPSA,HBD,HBA",N[C@@H](C(=O)N[C@@H]1C(=O)N2C(C(=O)O)=C(C(F)(F)F)CC[C@H]12)c1ccc(O)cc1,N[C@@H](C(=O)N[C@@H]1C(=O)N2C(C(=O)O)=C(C(F)(F)F)CC[C@H]12)c1ccc(F)cc1,N[C@@H](C(=O)N[C@@H]1C(=O)N2C(C(=O)O)=C(C(F)(F)F)CC[C@H]12)c1ccc(O)cc1,O=C(Cc1ccccc1)N[C@@H]1C(=O)N2C=CCC[C@H]12,O=C(Cc1ccccc1)N[C@@H]1C(=O)N2C=CCC[C@H]12,True,False,False,,1.0,0.8545454545454545,,,,,,,,,,,,,112.73,132.96,20.230000000000004,False,3.0,4.0,1.0,True,4.0,5.0,1.0,True,,,,
source_identity,mpair_00000333_cond_02_3p,mpair_00000333,eval,3,"MW,QED,RB",N[C@@H](C(=O)N[C@@H]1C(=O)N2C(C(=O)O)=C(C(F)(F)F)CC[C@H]12)c1ccc(F)cc1,CSC1=C(C(=O)O)N2C(=O)[C@@H](NC(=O)[C@H](N)c3ccccc3)[C@H]2CC1,N[C@@H](C(=O)N[C@@H]1C(=O)N2C(C(=O)O)=C(C(F)(F)F)CC[C@H]12)c1ccc(F)cc1,O=C(Cc1ccccc1)N[C@@H]1C(=O)N2C=CCC[C@H]12,O=C(Cc1ccccc1)N[C@@H]1C(=O)N2C=CCC[C@H]12,True,False,False,,1.0,0.5873015873015873,361.42300000000006,401.3160000000001,39.89300000000003,False,,,,,0.6699274889764619,0.5187711593734389,0.15115632960302305,False,,,,,,,,,,,,,5.0,4.0,1.0,True
source_identity,mpair_00000591_cond_02_3p,mpair_00000591,eval,3,"TPSA,HBD,HBA",OC[C@@H]1N[C@@H](CCCCc2ccc(F)cc2)[C@H](O)[C@H]1O,OC[C@@H]1N[C@@H](CCCCc2ccc(O)cc2)[C@H](O)[C@H]1O,OC[C@@H]1N[C@@H](CCCCc2ccc(F)cc2)[C@H](O)[C@H]1O,c1ccc(CCCC[C@H]2CCCN2)cc1,c1ccc(CCCC[C@H]2CCCN2)cc1,True,False,False,,1.0,0.7567567567567568,,,,,,,,,,,,,92.95,72.72,20.230000000000004,False,5.0,4.0,1.0,True,5.0,4.0,1.0,True,,,,
source_identity,mpair_00000599_cond_02_3p,mpair_00000599,eval,3,"QED,TPSA,RB",CC1=C(C)C(=O)C(C(c2ccccc2)c2cccnc2)=C(C)C1=O,CC1=C(C)C(=O)C(C(c2cccnc2)c2cccc(/C=C/C(=O)O)c2)=C(C)C1=O,CC1=C(C)C(=O)C(C(c2ccccc2)c2cccnc2)=C(C)C1=O,O=C1C=CC(=O)C(C(c2ccccc2)c2cccnc2)=C1,O=C1C=CC(=O)C(C(c2ccccc2)c2cccnc2)=C1,True,False,False,,1.0,0.6326530612244898,,,,,,,,,0.6163061688930161,0.803366149239095,0.18705998034607885,False,84.33000000000001,47.03,37.30000000000001,False,,,,,,,,,5.0,3.0,2.0,False
source_identity,mpair_00000735_cond_01_3p,mpair_00000735,eval,3,"LogP,QED,HBD",C=CCc1cc(/C=C2\SC(=O)N(CC=C(C)C)C2=O)c(OC)cc1OC1CCCCO1,C=CCc1cc(/C=C2\SC(=O)NC2=O)c(OC)cc1OC1CCCCO1,C=CCc1cc(/C=C2\SC(=O)N(CC=C(C)C)C2=O)c(OC)cc1OC1CCCCO1,O=C1NC(=O)/C(=C/c2ccc(OC3CCCCO3)cc2)S1,O=C1NC(=O)/C(=C/c2ccc(OC3CCCCO3)cc2)S1,True,False,False,,1.0,0.647887323943662,,,,,3.6530000000000022,5.331600000000005,1.678600000000003,False,0.6042673504148035,0.3995752918375223,0.20469205857728123,False,,,,,1.0,0.0,1.0,True,,,,,,,,
source_identity,mpair_00000741_cond_00_3p,mpair_00000741,eval,3,"LogP,QED,RB",C=CCc1cc(/C=C2\SC(=O)N(C)C2=O)c(OC)cc1OC1CCCCO1,C=CCc1cc(/C=C2\SC(=O)N(C(C)C)C2=O)c(OC)cc1OC1CCCCO1,C=CCc1cc(/C=C2\SC(=O)N(C)C2=O)c(OC)cc1OC1CCCCO1,O=C1NC(=O)/C(=C/c2ccc(OC3CCCCO3)cc2)S1,O=C1NC(=O)/C(=C/c2ccc(OC3CCCCO3)cc2)S1,True,True,True,,1.0,0.796875,,,,,4.773800000000004,3.9952000000000023,0.7786000000000017,True,0.4701504427149941,0.5413211960634129,0.07117075334841877,True,,,,,,,,,,,,,7.0,6.0,1.0,True
source_identity,mpair_00000744_cond_02_3p,mpair_00000744,eval,3,"LogP,QED,RB",C=CCc1cc(/C=C2\SC(=O)N(CC=C(C)C)C2=O)c(OC)cc1OC1CCCCO1,C=CCc1cc(/C=C2\SC(=O)N(C(C)C)C2=O)c(OC)cc1OC1CCCCO1,C=CCc1cc(/C=C2\SC(=O)N(CC=C(C)C)C2=O)c(OC)cc1OC1CCCCO1,O=C1NC(=O)/C(=C/c2ccc(OC3CCCCO3)cc2)S1,O=C1NC(=O)/C(=C/c2ccc(OC3CCCCO3)cc2)S1,True,True,True,,1.0,0.7183098591549296,,,,,4.773800000000004,5.331600000000005,0.5578000000000012,True,0.4701504427149941,0.3995752918375223,0.07057515087747185,True,,,,,,,,,,,,,7.0,8.0,1.0,True
source_identity,mpair_00000748_cond_00_3p,mpair_00000748,eval,3,"LogP,QED,RB",C=CCc1cc(/C=C2\SC(=O)N(C)C2=O)c(OC)cc1OC1CCCCO1,C=CCc1cc(/C=C2\SC(=O)N(CC=C)C2=O)c(OC)cc1OC1CCCCO1,C=CCc1cc(/C=C2\SC(=O)N(C)C2=O)c(OC)cc1OC1CCCCO1,O=C1NC(=O)/C(=C/c2ccc(OC3CCCCO3)cc2)S1,O=C1NC(=O)/C(=C/c2ccc(OC3CCCCO3)cc2)S1,True,False,False,,1.0,0.8095238095238095,,,,,4.551400000000004,3.9952000000000023,0.5562000000000014,True,0.45838471716690443,0.5413211960634129,0.08293647889650846,True,,,,,,,,,,,,,8.0,6.0,2.0,False
source_identity,mpair_00000750_cond_02_3p,mpair_00000750,eval,3,"MW,TPSA,HBA",COC(=O)C[C@@H]1CC(=O)N2[C@H](Cc3c[nH]c4ccccc34)CO[C@@H]2C1,O=C1CCC[C@H]2OC[C@@H](Cc3c[nH]c4ccccc34)N12,COC(=O)C[C@@H]1CC(=O)N2[C@H](Cc3c[nH]c4ccccc34)CO[C@@H]2C1,O=C1CCC[C@H]2OC[C@@H](Cc3c[nH]c4ccccc34)N12,O=C1CCC[C@H]2OC[C@@H](Cc3c[nH]c4ccccc34)N12,True,False,False,,1.0,0.578125,270.33200000000005,342.39500000000015,72.0630000000001,False,,,,,,,,,45.330000000000005,71.63000000000001,26.300000000000004,False,,,,,2.0,4.0,2.0,False,,,,
source_identity,mpair_00001115_cond_02_3p,mpair_00001115,eval,3,"HBD,HBA,RB",COc1ccc(N2CCN(CCC3NC(=O)c4ccccc43)CC2)cc1,CN1C(=O)c2ccccc2C1CCN1CCN(c2ccc(Cl)cc2)CC1,COc1ccc(N2CCN(CCC3NC(=O)c4ccccc43)CC2)cc1,O=C1NC(CCN2CCN(c3ccccc3)CC2)c2ccccc21,O=C1NC(CCN2CCN(c3ccccc3)CC2)c2ccccc21,True,True,True,,1.0,0.48333333333333334,,,,,,,,,,,,,,,,,0.0,1.0,1.0,True,3.0,4.0,1.0,True,4.0,5.0,1.0,True
source_identity,mpair_00001126_cond_02_3p,mpair_00001126,eval,3,"LogP,HBA,RB",Cc1ccc(N2CCN(CCC3NC(=O)c4ccccc43)CC2)cc1C,COc1ccc(N2CCN(CCC3NC(=O)c4ccccc43)CC2)cc1,Cc1ccc(N2CCN(CCC3NC(=O)c4ccccc43)CC2)cc1C,O=C1NC(CCN2CCN(c3ccccc3)CC2)c2ccccc21,O=C1NC(CCN2CCN(c3ccccc3)CC2)c2ccccc21,True,True,True,,1.0,0.7037037037037037,,,,,2.692000000000001,3.3002400000000023,0.6082400000000012,True,,,,,,,,,,,,,4.0,3.0,1.0,True,5.0,4.0,1.0,True
source_identity,mpair_00001133_cond_00_3p,mpair_00001133,eval,3,"QED,TPSA,HBA",COc1ccccc1CC(=O)NCCC1CCN(CC2COc3ccccc3O2)CC1,O=C(Cc1ccccc1[N+](=O)[O-])NCCC1CCN(CC2COc3ccccc3O2)CC1,COc1ccccc1CC(=O)NCCC1CCN(CC2COc3ccccc3O2)CC1,O=C(Cc1ccccc1)NCCC1CCN(CC2COc3ccccc3O2)CC1,O=C(Cc1ccccc1)NCCC1CCN(CC2COc3ccccc3O2)CC1,True,False,False,,1.0,0.7164179104477612,,,,,,,,,0.5015202818225966,0.7047088784600517,0.20318859663745514,False,93.94,60.03,33.91,False,,,,,6.0,5.0,1.0,True,,,,
source_identity,mpair_00001619_cond_01_3p,mpair_00001619,eval,3,"TPSA,HBA,RB",CC1CC(C)(C)Nc2ccc3c(c21)COc1c-3cc(F)cc1[N+](=O)[O-],Cc1cc(F)cc2c1OCc1c-2ccc2c1C(C)CC(C)(C)N2,CC1CC(C)(C)Nc2ccc3c(c21)COc1c-3cc(F)cc1[N+](=O)[O-],c1ccc2c(c1)OCc1c-2ccc2c1CCCN2,c1ccc2c(c1)OCc1c-2ccc2c1CCCN2,True,False,False,,1.0,0.7192982456140351,,,,,,,,,,,,,21.259999999999998,64.39999999999999,43.13999999999999,False,,,,,2.0,4.0,2.0,False,0.0,1.0,1.0,True
source_identity,mpair_00002375_cond_00_3p,mpair_00002375,eval,3,"TPSA,HBD,HBA",COc1cccc2sc([C@@H]3C[C@H]4CC[C@@H](C3)N4C[C@H](O)COc3cccc4[nH]c(C(N)=O)cc34)cc12,COc1cccc2sc([C@@H]3C[C@H]4CC[C@@H](C3)N4C[C@H](O)COc3cccc4[nH]c(C)cc34)cc12,COc1cccc2sc([C@@H]3C[C@H]4CC[C@@H](C3)N4C[C@H](O)COc3cccc4[nH]c(C(N)=O)cc34)cc12,c1ccc2sc([C@@H]3C[C@H]4CC[C@@H](C3)N4CCCOc3cccc4[nH]ccc34)cc2c1,c1ccc2sc([C@@H]3C[C@H]4CC[C@@H](C3)N4CCCOc3cccc4[nH]ccc34)cc2c1,True,False,False,,1.0,0.7916666666666666,,,,,,,,,,,,,57.720000000000006,100.81,43.089999999999996,False,2.0,3.0,1.0,True,5.0,6.0,1.0,True,,,,
source_identity,mpair_00002464_cond_00_3p,mpair_00002464,eval,3,"QED,HBA,RB",CN(C)CCCOc1cc(C(=O)Nc2ccc(OC(F)(F)F)cc2)n(Cc2ccccc2)n1,CN(C)CCCOc1cc(C(=O)Nc2ccc(Cl)cc2F)n(Cc2ccccc2)n1,CN(C)CCCOc1cc(C(=O)Nc2ccc(OC(F)(F)F)cc2)n(Cc2ccccc2)n1,O=C(Nc1ccccc1)c1ccnn1Cc1ccccc1,O=C(Nc1ccccc1)c1ccnn1Cc1ccccc1,True,True,True,,1.0,0.6428571428571429,,,,,,,,,0.5138601191048354,0.4522382232340766,0.061621895870758836,True,,,,,,,,,5.0,6.0,1.0,True,9.0,10.0,1.0,True
source_identity,mpair_00002467_cond_02_3p,mpair_00002467,eval,3,"MW,LogP,QED",CN(C)CCCOc1cc(C(=O)Nc2ccc(OC(F)(F)F)cc2)n(Cc2ccccc2)n1,COc1ccc(NC(=O)c2cc(OCCCN(C)C)nn2Cc2ccccc2)cc1,CN(C)CCCOc1cc(C(=O)Nc2ccc(OC(F)(F)F)cc2)n(Cc2ccccc2)n1,O=C(Nc1ccccc1)c1ccnn1Cc1ccccc1,O=C(Nc1ccccc1)c1ccnn1Cc1ccccc1,True,False,False,,1.0,0.8064516129032258,408.50200000000007,462.4720000000001,53.97000000000003,False,3.522800000000002,4.412800000000003,0.8900000000000015,True,0.5200250404910086,0.4522382232340766,0.06778681725693203,True,,,,,,,,,,,,,,,,
source_identity,mpair_00002470_cond_02_3p,mpair_00002470,eval,3,"LogP,HBA,RB",CN(C)CCCOc1cc(C(=O)Nc2ccc(Cl)cc2F)n(Cc2ccccc2)n1,COc1ccc(NC(=O)c2cc(OCCCN(C)C)nn2Cc2ccccc2)cc1,CN(C)CCCOc1cc(C(=O)Nc2ccc(Cl)cc2F)n(Cc2ccccc2)n1,O=C(Nc1ccccc1)c1ccnn1Cc1ccccc1,O=C(Nc1ccccc1)c1ccnn1Cc1ccccc1,True,True,True,,1.0,0.6567164179104478,,,,,3.522800000000002,4.306700000000003,0.7839000000000009,True,,,,,,,,,,,,,6.0,5.0,1.0,True,10.0,9.0,1.0,True
source_identity,mpair_00002477_cond_00_3p,mpair_00002477,eval,3,"QED,HBA,RB",CN(C)CCCOc1cc(C(=O)Nc2cc(F)cc(C(F)(F)F)c2)n(Cc2ccccc2)n1,CN(C)CCCOc1cc(C(=O)Nc2ccc(OC(F)(F)F)cc2)n(Cc2ccccc2)n1,CN(C)CCCOc1cc(C(=O)Nc2cc(F)cc(C(F)(F)F)c2)n(Cc2ccccc2)n1,O=C(Nc1ccccc1)c1ccnn1Cc1ccccc1,O=C(Nc1ccccc1)c1ccnn1Cc1ccccc1,True,True,True,,1.0,0.7101449275362319,,,,,,,,,0.4522382232340766,0.369385517709234,0.08285270552484258,True,,,,,,,,,6.0,5.0,1.0,True,10.0,9.0,1.0,True
source_identity,mpair_00002479_cond_02_3p,mpair_00002479,eval,3,"LogP,TPSA,RB",COc1cc(NC(=O)c2cc(OCCCN(C)C)nn2Cc2ccccc2)cc(OC)c1OC,CN(C)CCCOc1cc(C(=O)Nc2cccc(Cl)c2)n(Cc2ccccc2)n1,COc1cc(NC(=O)c2cc(OCCCN(C)C)nn2Cc2ccccc2)cc(OC)c1OC,O=C(Nc1ccccc1)c1ccnn1Cc1ccccc1,O=C(Nc1ccccc1)c1ccnn1Cc1ccccc1,True,False,False,,1.0,0.71875,,,,,4.167600000000003,3.5400000000000027,0.6276000000000002,True,,,,,59.39,87.08000000000001,27.690000000000012,False,,,,,,,,,9.0,12.0,3.0,False
source_identity,mpair_00002485_cond_00_3p,mpair_00002485,eval,3,"LogP,TPSA,HBA",CN(C)CCCOc1cc(C(=O)Nc2cc(F)cc(C(F)(F)F)c2)n(Cc2ccccc2)n1,COc1cc(NC(=O)c2cc(OCCCN(C)C)nn2Cc2ccccc2)cc(OC)c1OC,CN(C)CCCOc1cc(C(=O)Nc2cc(F)cc(C(F)(F)F)c2)n(Cc2ccccc2)n1,O=C(Nc1ccccc1)c1ccnn1Cc1ccccc1,O=C(Nc1ccccc1)c1ccnn1Cc1ccccc1,True,False,False,,1.0,0.6811594202898551,,,,,3.5400000000000027,4.672100000000003,1.1321000000000003,False,,,,,87.08000000000001,59.39,27.690000000000012,False,,,,,8.0,5.0,3.0,False,,,,
source_identity,mpair_00002489_cond_02_3p,mpair_00002489,eval,3,"TPSA,HBD,HBA",C=Cc1cc(C(=O)OCC)n(S(=O)(=O)c2cc(Cl)ccc2N)c1,CCOC(=O)c1cc(C(C)O)cn1S(=O)(=O)c1cc(Cl)ccc1N,C=Cc1cc(C(=O)OCC)n(S(=O)(=O)c2cc(Cl)ccc2N)c1,O=S(=O)(c1ccccc1)n1cccc1,O=S(=O)(c1ccccc1)n1cccc1,True,False,False,,1.0,0.7192982456140351,,,,,,,,,,,,,111.61999999999999,91.39,20.22999999999999,False,2.0,1.0,1.0,True,7.0,6.0,1.0,True,,,,
source_identity,mpair_00002500_cond_00_3p,mpair_00002500,eval,3,"MW,QED,RB",O=C1C(Nc2ccc(Br)cc2)=C(Cl)C(=O)c2ncncc21,CCc1ccc(NC2=C(Cl)C(=O)c3ncncc3C2=O)cc1,O=C1C(Nc2ccc(Br)cc2)=C(Cl)C(=O)c2ncncc21,O=C1C(Nc2ccccc2)=CC(=O)c2ncncc21,O=C1C(Nc2ccccc2)=CC(=O)c2ncncc21,True,False,False,,1.0,0.7111111111111111,313.744,364.58600000000007,50.84200000000004,False,,,,,0.9428073960459649,0.885902971993687,0.05690442405227791,True,,,,,,,,,,,,,3.0,2.0,1.0,True
source_identity,mpair_00002503_cond_01_3p,mpair_00002503,eval,3,"MW,QED,RB",CCc1ccc(NC2=C(Cl)C(=O)c3ncncc3C2=O)cc1,O=C1C(Nc2ccc(Br)cc2)=C(Cl)C(=O)c2ncncc21,CCc1ccc(NC2=C(Cl)C(=O)c3ncncc3C2=O)cc1,O=C1C(Nc2ccccc2)=CC(=O)c2ncncc21,O=C1C(Nc2ccccc2)=CC(=O)c2ncncc21,True,False,False,,1.0,0.7111111111111111,364.58600000000007,313.744,50.84200000000004,False,,,,,0.885902971993687,0.9428073960459649,0.05690442405227791,True,,,,,,,,,,,,,2.0,3.0,1.0,True
source_identity,mpair_00002507_cond_02_3p,mpair_00002507,eval,3,"QED,HBA,RB",O=C(CN1c2ccccc2C(=O)N(Cc2ccccc2)S1(=O)=O)c1ccccc1,COc1ccc(C(=O)CN2c3ccccc3C(=O)N(Cc3ccccc3)S2(=O)=O)cc1,O=C(CN1c2ccccc2C(=O)N(Cc2ccccc2)S1(=O)=O)c1ccccc1,O=C(CN1c2ccccc2C(=O)N(Cc2ccccc2)S1(=O)=O)c1ccccc1,O=C(CN1c2ccccc2C(=O)N(Cc2ccccc2)S1(=O)=O)c1ccccc1,True,True,True,,1.0,0.7916666666666666,,,,,,,,,0.5539335722556151,0.6096951629926923,0.055761590737077205,True,,,,,,,,,5.0,4.0,1.0,True,6.0,5.0,1.0,True
source_identity,mpair_00002524_cond_02_3p,mpair_00002524,eval,3,"LogP,TPSA,HBA",CSc1cc(-c2ccc(Br)cc2)oc(=O)c1Cl,CSc1cc(-c2ccc(Br)cc2)oc(=O)c1C#N,CSc1cc(-c2ccc(Br)cc2)oc(=O)c1Cl,O=c1cccc(-c2ccccc2)o1,O=c1cccc(-c2ccccc2)o1,True,False,False,,1.0,0.6428571428571429,,,,,3.662880000000002,4.444600000000002,0.78172,True,,,,,54.0,30.21,23.79,False,,,,,4.0,3.0,1.0,True,,,,
source_identity,mpair_00002556_cond_01_3p,mpair_00002556,eval,3,"MW,QED,RB",CN(C(=O)n1nc(-c2ccc(Cl)cc2)nc1SCC(F)(F)F)c1ccccc1,CSc1nc(-c2ccc(Cl)cc2)nn1C(=O)N(C)c1ccccc1,CN(C(=O)n1nc(-c2ccc(Cl)cc2)nc1SCC(F)(F)F)c1ccccc1,O=C(Nc1ccccc1)n1cnc(-c2ccccc2)n1,O=C(Nc1ccccc1)n1cnc(-c2ccccc2)n1,True,False,False,,1.0,0.7222222222222222,358.85400000000004,426.8510000000001,67.99700000000007,False,,,,,0.6499636794176425,0.5270344401044634,0.12292923931317912,False,,,,,,,,,,,,,3.0,4.0,1.0,True
source_identity,mpair_00002563_cond_01_3p,mpair_00002563,eval,3,"LogP,QED,HBA",CN(C(=O)n1nc(-c2ccc(Cl)cc2)nc1SCC(F)(F)F)c1ccccc1,CSc1nc(-c2ccc(OC(F)(F)F)cc2)nn1C(=O)N(C)c1ccccc1,CN(C(=O)n1nc(-c2ccc(Cl)cc2)nc1SCC(F)(F)F)c1ccccc1,O=C(Nc1ccccc1)n1cnc(-c2ccccc2)n1,O=C(Nc1ccccc1)n1cnc(-c2ccccc2)n1,True,True,True,,1.0,0.5967741935483871,,,,,4.670100000000003,5.357400000000003,0.6872999999999996,True,0.5874043626188404,0.5270344401044634,0.060369922514377006,True,,,,,,,,,6.0,5.0,1.0,True,,,,
source_identity,mpair_00002572_cond_01_3p,mpair_00002572,eval,3,"MW,QED,HBD",COc1cc(C(=O)N2CCN(C(=O)c3cc(OC)c(OC)c(OC)c3)C(CO)C2)cc(OC)c1OC,COc1cc(C(=O)N2CCN(C(=O)c3cc(OC)c(OC)c(OC)c3)C(COC(=O)CC(C)(C)C)C2)cc(OC)c1OC,COc1cc(C(=O)N2CCN(C(=O)c3cc(OC)c(OC)c(OC)c3)C(CO)C2)cc(OC)c1OC,O=C(c1ccccc1)N1CCN(C(=O)c2ccccc2)CC1,O=C(c1ccccc1)N1CCN(C(=O)c2ccccc2)CC1,True,False,False,,1.0,0.6792452830188679,602.6810000000004,504.53600000000034,98.14500000000004,False,,,,,0.3521539372279048,0.544633228323374,0.19247929109546924,False,,,,,0.0,1.0,1.0,True,,,,,,,,
source_identity,mpair_00002582_cond_01_3p,mpair_00002582,eval,3,"MW,QED,RB",COc1cc(C(=O)N2CCN(C(=O)c3cc(OC)c(OC)c(OC)c3)C(COC(C)=O)C2)cc(OC)c1OC,CCN(CC)C(=O)OCC1CN(C(=O)c2cc(OC)c(OC)c(OC)c2)CCN1C(=O)c1cc(OC)c(OC)c(OC)c1,COc1cc(C(=O)N2CCN(C(=O)c3cc(OC)c(OC)c(OC)c3)C(COC(C)=O)C2)cc(OC)c1OC,O=C(c1ccccc1)N1CCN(C(=O)c2ccccc2)CC1,O=C(c1ccccc1)N1CCN(C(=O)c2ccccc2)CC1,True,False,False,,1.0,0.7547169811320755,603.6690000000003,546.5730000000003,57.096000000000004,False,,,,,0.3571777118480848,0.41028124355120477,0.05310353170311999,True,,,,,,,,,,,,,12.0,10.0,2.0,False
source_identity,mpair_00002587_cond_01_3p,mpair_00002587,eval,3,"HBD,HBA,RB",COc1cc(C(=O)N2CCN(C(=O)c3cc(OC)c(OC)c(OC)c3)C(CO)C2)cc(OC)c1OC,COc1cc(C(=O)N2CCN(C(=O)c3cc(OC)c(OC)c(OC)c3)CC2)cc(OC)c1OC,COc1cc(C(=O)N2CCN(C(=O)c3cc(OC)c(OC)c(OC)c3)C(CO)C2)cc(OC)c1OC,O=C(c1ccccc1)N1CCN(C(=O)c2ccccc2)CC1,O=C(c1ccccc1)N1CCN(C(=O)c2ccccc2)CC1,True,True,True,,1.0,0.6341463414634146,,,,,,,,,,,,,,,,,0.0,1.0,1.0,True,8.0,9.0,1.0,True,8.0,9.0,1.0,True
source_identity,mpair_00002593_cond_01_3p,mpair_00002593,eval,3,"MW,TPSA,RB",COc1cc(C(=O)N2CCN(C(=O)c3cc(OC)c(OC)c(OC)c3)C(COC(=O)NCCC(C)C)C2)cc(OC)c1OC,COc1cc(C(=O)N2CCN(C(=O)c3cc(OC)c(OC)c(OC)c3)C(CO)C2)cc(OC)c1OC,COc1cc(C(=O)N2CCN(C(=O)c3cc(OC)c(OC)c(OC)c3)C(COC(=O)NCCC(C)C)C2)cc(OC)c1OC,O=C(c1ccccc1)N1CCN(C(=O)c2ccccc2)CC1,O=C(c1ccccc1)N1CCN(C(=O)c2ccccc2)CC1,True,False,False,,1.0,0.631578947368421,504.53600000000034,617.6960000000003,113.15999999999991,False,,,,,,,,,116.23000000000002,134.33,18.099999999999994,True,,,,,,,,,9.0,13.0,4.0,False
source_identity,mpair_00002598_cond_00_3p,mpair_00002598,eval,3,"TPSA,HBA,RB",COc1ccc(C(=O)Nc2c(Cl)cncc2Cl)c2ccc(C(C)=O)nc12,COc1ccc(C(=O)Nc2c(F)cncc2F)c2ccc(C(F)(F)F)nc12,COc1ccc(C(=O)Nc2c(Cl)cncc2Cl)c2ccc(C(C)=O)nc12,O=C(Nc1ccncc1)c1cccc2ncccc12,O=C(Nc1ccncc1)c1cccc2ncccc12,True,True,True,,1.0,0.55,,,,,,,,,,,,,64.11,81.17999999999999,17.069999999999993,True,,,,,4.0,5.0,1.0,True,3.0,4.0,1.0,True
source_identity,mpair_00002602_cond_01_3p,mpair_00002602,eval,3,"HBD,HBA,RB",COc1ccc(C(=O)Nc2ccncc2Cl)c2ccc(C(F)(F)F)nc12,COc1ccc(C(=O)Nc2c(Cl)cncc2Cl)c2ccc(C(C)O)nc12,COc1ccc(C(=O)Nc2ccncc2Cl)c2ccc(C(F)(F)F)nc12,O=C(Nc1ccncc1)c1cccc2ncccc12,O=C(Nc1ccncc1)c1cccc2ncccc12,True,True,True,,1.0,0.5230769230769231,,,,,,,,,,,,,,,,,2.0,1.0,1.0,True,5.0,4.0,1.0,True,4.0,3.0,1.0,True
source_identity,mpair_00002609_cond_02_3p,mpair_00002609,eval,3,"LogP,QED,RB",COc1ccc(C(=O)Nc2c(Cl)cncc2Cl)c2cccnc12,CCc1ccc2c(C(=O)Nc3c(Cl)cncc3Cl)ccc(OC)c2n1,COc1ccc(C(=O)Nc2c(Cl)cncc2Cl)c2cccnc12,O=C(Nc1ccncc1)c1cccc2ncccc12,O=C(Nc1ccncc1)c1cccc2ncccc12,True,True,True,,1.0,0.6545454545454545,,,,,4.759900000000003,4.1975000000000025,0.5624000000000002,True,0.7131894410136064,0.7706046174674384,0.057415176453831984,True,,,,,,,,,,,,,4.0,3.0,1.0,True
source_identity,mpair_00002614_cond_01_3p,mpair_00002614,eval,3,"MW,QED,HBA",COc1ccc(C(=O)Nc2c(Cl)cncc2Cl)c2cccnc12,COc1ccc(C(=O)Nc2c(Cl)cncc2Cl)c2ccc(C(C)=O)nc12,COc1ccc(C(=O)Nc2c(Cl)cncc2Cl)c2cccnc12,O=C(Nc1ccncc1)c1cccc2ncccc12,O=C(Nc1ccncc1)c1cccc2ncccc12,True,False,False,,1.0,0.6666666666666666,390.22600000000017,348.1890000000001,42.03700000000009,False,,,,,0.6681926051832562,0.7706046174674384,0.10241201228418217,False,,,,,,,,,5.0,4.0,1.0,True,,,,
source_identity,mpair_00002620_cond_01_3p,mpair_00002620,eval,3,"LogP,QED,RB",CCc1ccc2c(C(=O)Nc3c(Cl)cncc3Cl)ccc(OC)c2n1,COc1ccc(C(=O)Nc2c(Cl)cncc2Cl)c2cccnc12,CCc1ccc2c(C(=O)Nc3c(Cl)cncc3Cl)ccc(OC)c2n1,O=C(Nc1ccncc1)c1cccc2ncccc12,O=C(Nc1ccncc1)c1cccc2ncccc12,True,True,True,,1.0,0.6545454545454545,,,,,4.1975000000000025,4.759900000000003,0.5624000000000002,True,0.7706046174674384,0.7131894410136064,0.057415176453831984,True,,,,,,,,,,,,,3.0,4.0,1.0,True
source_identity,mpair_00002628_cond_00_3p,mpair_00002628,eval,3,"LogP,QED,HBA",CC(C)[C@@H](O)C(=O)N1C[C@H](c2ccccc2)C[C@H]1C(=O)N[C@@H](CC(F)F)C(=O)NCCc1c(F)cc(C(=O)O)cc1F,CC(C)CC(=O)N1C[C@H](c2ccccc2)C[C@H]1C(=O)N[C@@H](CC(F)F)C(=O)NCCc1c(F)cc(C(=O)O)cc1F,CC(C)[C@@H](O)C(=O)N1C[C@H](c2ccccc2)C[C@H]1C(=O)N[C@@H](CC(F)F)C(=O)NCCc1c(F)cc(C(=O)O)cc1F,O=C(CNC(=O)[C@@H]1C[C@@H](c2ccccc2)CN1)NCCc1ccccc1,O=C(CNC(=O)[C@@H]1C[C@@H](c2ccccc2)CN1)NCCc1ccccc1,True,False,False,,1.0,0.7916666666666666,,,,,3.892500000000002,2.8633000000000006,1.0292000000000012,False,0.3302613314122171,0.2789053789646464,0.051355952447570685,True,,,,,,,,,4.0,5.0,1.0,True,,,,
source_identity,mpair_00003113_cond_01_3p,mpair_00003113,eval,3,"LogP,QED,RB",Cc1nc2nncnn2c(=O)c1C,CCCCc1nnc2nc(C)c(C)c(=O)n2n1,Cc1nc2nncnn2c(=O)c1C,O=c1ccnc2nncnn12,O=c1ccnc2nncnn12,True,False,False,,1.0,0.4418604651162791,,,,,0.8389399999999998,-0.5036600000000002,1.3426,False,0.7849999676400611,0.541825521381232,0.2431744462588291,False,,,,,,,,,,,,,3.0,0.0,3.0,False
source_identity,mpair_00003200_cond_01_3p,mpair_00003200,eval,3,"QED,HBD,RB",CCOC(=O)c1ccc(NCCCCCCc2cccs2)cc1,O=C(O)c1ccc(NCCCCCCc2cccs2)cc1,CCOC(=O)c1ccc(NCCCCCCc2cccs2)cc1,c1ccc(NCCCCCCc2cccs2)cc1,c1ccc(NCCCCCCc2cccs2)cc1,True,False,False,,1.0,0.7021276595744681,,,,,,,,,0.6622761596792913,0.48374526985121774,0.17853088982807358,False,,,,,2.0,1.0,1.0,True,,,,,9.0,10.0,1.0,True
source_identity,mpair_00003207_cond_00_3p,mpair_00003207,eval,3,"MW,LogP,HBA",Cc1cc(-n2ncc(=O)[nH]c2=O)ccc1S(=O)(=O)N1CCN(C=O)CC1,CCOC(=O)N1CCN(S(=O)(=O)c2ccc(-n3ncc(=O)[nH]c3=O)cc2Cl)CC1,Cc1cc(-n2ncc(=O)[nH]c2=O)ccc1S(=O)(=O)N1CCN(C=O)CC1,O=c1cnn(-c2ccc(S(=O)(=O)N3CCNCC3)cc2)c(=O)[nH]1,O=c1cnn(-c2ccc(S(=O)(=O)N3CCNCC3)cc2)c(=O)[nH]1,True,False,False,,1.0,0.5625,443.86900000000026,379.39800000000025,64.471,False,0.037000000000000144,-1.3080799999999981,1.3450799999999983,False,,,,,,,,,,,,,8.0,7.0,1.0,True,,,,
source_identity,mpair_00003218_cond_00_3p,mpair_00003218,eval,3,"MW,TPSA,HBA",COC(=O)c1cccc(C(=O)NO)c1N(Cc1cccnc1)S(=O)(=O)c1ccc(OC)cc1,COc1ccc(S(=O)(=O)N(Cc2cccnc2)c2c(C)cccc2C(=O)NO)cc1,COC(=O)c1cccc(C(=O)NO)c1N(Cc1cccnc1)S(=O)(=O)c1ccc(OC)cc1,O=S(=O)(c1ccccc1)N(Cc1cccnc1)c1ccccc1,O=S(=O)(c1ccccc1)N(Cc1cccnc1)c1ccccc1,True,False,False,,1.0,0.8333333333333334,427.48200000000014,471.49100000000016,44.009000000000015,False,,,,,,,,,108.83000000000001,135.13,26.299999999999983,False,,,,,6.0,8.0,2.0,False,,,,
source_identity,mpair_00003220_cond_02_3p,mpair_00003220,eval,3,"LogP,QED,RB",COC(=O)c1cccc(C(=O)NO)c1N(Cc1cccnc1)S(=O)(=O)c1ccc(OC)cc1,COc1ccc(S(=O)(=O)N(Cc2cccnc2)c2c(C)cc(Br)cc2C(=O)NO)cc1,COC(=O)c1cccc(C(=O)NO)c1N(Cc1cccnc1)S(=O)(=O)c1ccc(OC)cc1,O=S(=O)(c1ccccc1)N(Cc1cccnc1)c1ccccc1,O=S(=O)(c1ccccc1)N(Cc1cccnc1)c1ccccc1,True,False,False,,1.0,0.734375,,,,,3.675620000000001,2.391300000000001,1.2843200000000001,False,0.3740614499694089,0.29046454626646695,0.08359690370294193,True,,,,,,,,,,,,,7.0,8.0,1.0,True
source_identity,mpair_00003530_cond_01_3p,mpair_00003530,eval,3,"MW,LogP,RB",CCOC(=O)C(C)Oc1cccc(N(Cc2cccnc2)S(=O)(=O)CC(F)(F)F)c1,CC(C)COc1cccc(N(Cc2cccnc2)S(=O)(=O)CC(F)(F)F)c1,CCOC(=O)C(C)Oc1cccc(N(Cc2cccnc2)S(=O)(=O)CC(F)(F)F)c1,c1ccc(NCc2cccnc2)cc1,c1ccc(NCc2cccnc2)cc1,True,False,False,,1.0,0.6984126984126984,402.43800000000005,446.4470000000001,44.00900000000007,False,4.015100000000003,3.3107000000000024,0.7044000000000006,True,,,,,,,,,,,,,,,,,8.0,9.0,1.0,True
source_identity,mpair_00003538_cond_00_3p,mpair_00003538,eval,3,"LogP,TPSA,HBA",CCC(C)COc1cccc(N(Cc2cccnc2)S(=O)(=O)CC(F)(F)F)c1,CCOC(=O)C(C)Oc1cccc(N(Cc2cccnc2)S(=O)(=O)CC(F)(F)F)c1,CCC(C)COc1cccc(N(Cc2cccnc2)S(=O)(=O)CC(F)(F)F)c1,c1ccc(NCc2cccnc2)cc1,c1ccc(NCc2cccnc2)cc1,True,False,False,,1.0,0.6923076923076923,,,,,3.3107000000000024,4.405200000000004,1.0945000000000018,False,,,,,85.80000000000001,59.5,26.30000000000001,False,,,,,6.0,4.0,2.0,False,,,,
source_identity,mpair_00003544_cond_02_3p,mpair_00003544,eval,3,"LogP,QED,RB",CC(C)COc1cccc(N(Cc2cccnc2)S(=O)(=O)CC(F)(F)F)c1,CCCC(C)Oc1cccc(N(Cc2cccnc2)S(=O)(=O)CC(F)(F)F)c1,CC(C)COc1cccc(N(Cc2cccnc2)S(=O)(=O)CC(F)(F)F)c1,c1ccc(NCc2cccnc2)cc1,c1ccc(NCc2cccnc2)cc1,True,True,True,,1.0,0.7213114754098361,,,,,4.547700000000003,4.015100000000003,0.5326000000000004,True,0.6018859517288218,0.6693605971809802,0.06747464545215842,True,,,,,,,,,,,,,9.0,8.0,1.0,True
source_identity,mpair_00000004_cond_02_4p,mpair_00000004,eval,4,"MW,LogP,QED,RB",O=C(c1ccccc1Br)N1C[C@H](CN2CCC(c3ccccc3)CC2)[C@@H](c2ccccc2)C1,COc1cccc(C(=O)N2C[C@H](CN3CCC(c4ccccc4)CC3)[C@@H](c3ccccc3)C2)c1,O=C(c1ccccc1Br)N1C[C@H](CN2CCC(c3ccccc3)CC2)[C@@H](c2ccccc2)C1,O=C(c1ccccc1)N1C[C@H](CN2CCC(c3ccccc3)CC2)[C@@H](c2ccccc2)C1,O=C(c1ccccc1)N1C[C@H](CN2CCC(c3ccccc3)CC2)[C@@H](c2ccccc2)C1,True,False,False,,1.0,0.6065573770491803,454.61400000000015,503.48400000000026,48.87000000000012,False,5.430600000000005,6.184500000000006,0.7539000000000007,True,0.49786269936596683,0.41502650656849366,0.08283619279747317,True,,,,,,,,,,,,,6.0,5.0,1.0,True
source_identity,mpair_00000018_cond_00_4p,mpair_00000018,eval,4,"MW,QED,TPSA,RB",COC(=O)C1=C(c2ccc(Cl)nc2)CC2CCC1N2C,CN1C2C=C(c3ccc(Cl)nc3)CC1CC2,COC(=O)C1=C(c2ccc(Cl)nc2)CC2CCC1N2C,C1=C(c2cccnc2)CC2CCC1N2,C1=C(c2cccnc2)CC2CCC1N2,True,False,False,,1.0,0.48148148148148145,234.72999999999996,292.76599999999996,58.036,False,,,,,0.6949032404938756,0.6204382047485277,0.07446503574534791,True,16.130000000000003,42.43,26.299999999999997,False,,,,,,,,,1.0,2.0,1.0,True
source_identity,mpair_00000324_cond_01_4p,mpair_00000324,eval,4,"LogP,QED,HBA,RB",CSC1=C(C(=O)O)N2C(=O)[C@@H](NC(=O)[C@H](N)c3ccccc3)[C@H]2CC1,N[C@@H](C(=O)N[C@@H]1C(=O)N2C(C(=O)O)=C(C(F)(F)F)CC[C@H]12)c1cccc(Br)c1,CSC1=C(C(=O)O)N2C(=O)[C@@H](NC(=O)[C@H](N)c3ccccc3)[C@H]2CC1,O=C(Cc1ccccc1)N[C@@H]1C(=O)N2C=CCC[C@H]12,O=C(Cc1ccccc1)N[C@@H]1C(=O)N2C=CCC[C@H]12,True,False,False,,1.0,0.5757575757575758,,,,,1.8392999999999997,0.8350000000000002,1.0042999999999995,False,0.5917241763797754,0.6699274889764619,0.07820331259668656,True,,,,,,,,,4.0,5.0,1.0,True,4.0,5.0,1.0,True
source_identity,mpair_00000329_cond_00_4p,mpair_00000329,eval,4,"MW,QED,HBA,RB",CSC1=C(C(=O)O)N2C(=O)[C@@H](NC(=O)[C@H](N)c3ccccc3)[C@H]2CC1,N[C@@H](C(=O)N[C@@H]1C(=O)N2C(C(=O)O)=C(C(F)(F)F)CC[C@H]12)c1ccc(F)cc1,CSC1=C(C(=O)O)N2C(=O)[C@@H](NC(=O)[C@H](N)c3ccccc3)[C@H]2CC1,O=C(Cc1ccccc1)N[C@@H]1C(=O)N2C=CCC[C@H]12,O=C(Cc1ccccc1)N[C@@H]1C(=O)N2C=CCC[C@H]12,True,False,False,,1.0,0.5873015873015873,401.3160000000001,361.42300000000006,39.89300000000003,False,,,,,0.5187711593734389,0.6699274889764619,0.15115632960302305,False,,,,,,,,,4.0,5.0,1.0,True,4.0,5.0,1.0,True
source_identity,mpair_00000585_cond_01_4p,mpair_00000585,eval,4,"LogP,QED,TPSA,HBA",Cc1ccc(CCCC[C@@H]2N[C@@H](CO)[C@H](O)[C@H]2O)cc1,OC[C@@H]1N[C@@H](CCCCc2ccc(O)cc2)[C@H](O)[C@H]1O,Cc1ccc(CCCC[C@@H]2N[C@@H](CO)[C@H](O)[C@H]2O)cc1,c1ccc(CCCC[C@H]2CCCN2)cc1,c1ccc(CCCC[C@H]2CCCN2)cc1,True,False,False,,1.0,0.7567567567567568,,,,,0.15949999999999964,0.7623199999999992,0.6028199999999996,True,0.47902706341404183,0.5802758268226561,0.10124876340861427,False,92.95,72.72,20.230000000000004,False,,,,,5.0,4.0,1.0,True,,,,
source_identity,mpair_00000724_cond_01_4p,mpair_00000724,eval,4,"MW,LogP,QED,RB",C=CCc1cc(/C=C2\SC(=O)N(CC=C(C)C)C2=O)c(OC)cc1OC1CCCCO1,C=CCc1cc(/C=C2\SC(=O)N(C)C2=O)c(OC)cc1OC1CCCCO1,C=CCc1cc(/C=C2\SC(=O)N(CC=C(C)C)C2=O)c(OC)cc1OC1CCCCO1,O=C1NC(=O)/C(=C/c2ccc(OC3CCCCO3)cc2)S1,O=C1NC(=O)/C(=C/c2ccc(OC3CCCCO3)cc2)S1,True,False,False,,1.0,0.7761194029850746,389.4730000000002,443.5650000000003,54.0920000000001,False,3.9952000000000023,5.331600000000005,1.336400000000003,False,0.5413211960634129,0.3995752918375223,0.14174590422589062,False,,,,,,,,,,,,,6.0,8.0,2.0,False
source_identity,mpair_00000733_cond_00_4p,mpair_00000733,eval,4,"LogP,QED,HBD,RB",C=CCc1cc(/C=C2\SC(=O)N(CCCC)C2=O)c(OC)cc1OC1CCCCO1,C=CCc1cc(/C=C2\SC(=O)NC2=O)c(OC)cc1OC1CCCCO1,C=CCc1cc(/C=C2\SC(=O)N(CCCC)C2=O)c(OC)cc1OC1CCCCO1,O=C1NC(=O)/C(=C/c2ccc(OC3CCCCO3)cc2)S1,O=C1NC(=O)/C(=C/c2ccc(OC3CCCCO3)cc2)S1,True,False,False,,1.0,0.6571428571428571,,,,,3.6530000000000022,5.165500000000004,1.512500000000002,False,0.6042673504148035,0.39718598618589046,0.20708136422891305,False,,,,,1.0,0.0,1.0,True,,,,,6.0,9.0,3.0,False
source_identity,mpair_00000750_cond_00_4p,mpair_00000750,eval,4,"MW,TPSA,HBA,RB",COC(=O)C[C@@H]1CC(=O)N2[C@H](Cc3c[nH]c4ccccc34)CO[C@@H]2C1,O=C1CCC[C@H]2OC[C@@H](Cc3c[nH]c4ccccc34)N12,COC(=O)C[C@@H]1CC(=O)N2[C@H](Cc3c[nH]c4ccccc34)CO[C@@H]2C1,O=C1CCC[C@H]2OC[C@@H](Cc3c[nH]c4ccccc34)N12,O=C1CCC[C@H]2OC[C@@H](Cc3c[nH]c4ccccc34)N12,True,False,False,,1.0,0.578125,270.33200000000005,342.39500000000015,72.0630000000001,False,,,,,,,,,45.330000000000005,71.63000000000001,26.300000000000004,False,,,,,2.0,4.0,2.0,False,2.0,4.0,2.0,False
source_identity,mpair_00000765_cond_02_4p,mpair_00000765,eval,4,"MW,QED,HBA,RB",COc1cccc(-c2cncc(O[C@@H]3CCNC3)c2)c1,Clc1cccc(-c2cc(O[C@@H]3CCNC3)cnc2Cl)c1,COc1cccc(-c2cncc(O[C@@H]3CCNC3)c2)c1,c1ccc(-c2cncc(O[C@@H]3CCNC3)c2)cc1,c1ccc(-c2cncc(O[C@@H]3CCNC3)c2)cc1,True,False,False,,1.0,0.5,309.196,270.33199999999994,38.86400000000009,False,,,,,0.8758671086324237,0.9267061641096688,0.0508390554772451,True,,,,,,,,,3.0,4.0,1.0,True,3.0,4.0,1.0,True
source_identity,mpair_00001123_cond_00_4p,mpair_00001123,eval,4,"QED,HBD,HBA,RB",O=C1NC(CCN2CCN(c3ccccc3)CC2)c2ccccc21,COc1ccc(N2CCN(CCC3c4ccccc4C(=O)N3C)CC2)cc1,O=C1NC(CCN2CCN(c3ccccc3)CC2)c2ccccc21,O=C1NC(CCN2CCN(c3ccccc3)CC2)c2ccccc21,O=C1NC(CCN2CCN(c3ccccc3)CC2)c2ccccc21,True,False,False,,1.0,0.47368421052631576,,,,,,,,,0.8160326048332845,0.9403172855884846,0.12428468075520005,False,,,,,0.0,1.0,1.0,True,4.0,3.0,1.0,True,5.0,4.0,1.0,True
source_identity,mpair_00001617_cond_02_4p,mpair_00001617,eval,4,"QED,TPSA,HBA,RB",Cc1cc(F)cc2c1OCc1c-2ccc2c1C(C)CC(C)(C)N2,CC1CC(C)(C)Nc2ccc3c(c21)COc1c-3cc(F)cc1[N+](=O)[O-],Cc1cc(F)cc2c1OCc1c-2ccc2c1C(C)CC(C)(C)N2,c1ccc2c(c1)OCc1c-2ccc2c1CCCN2,c1ccc2c(c1)OCc1c-2ccc2c1CCCN2,True,False,False,,1.0,0.7192982456140351,,,,,,,,,0.5855235809891088,0.7039179552802654,0.11839437429115651,False,64.39999999999999,21.259999999999998,43.13999999999999,False,,,,,4.0,2.0,2.0,False,1.0,0.0,1.0,True
source_identity,mpair_00002370_cond_00_4p,mpair_00002370,eval,4,"QED,HBD,HBA,RB",CCOC(=O)/C=C/c1cc(C(=O)c2ccc(-n3ccnc3)cc2)cn1C,Cn1cc(C(=O)c2ccc(-n3ccnc3)cc2)cc1/C=C/C(=O)O,CCOC(=O)/C=C/c1cc(C(=O)c2ccc(-n3ccnc3)cc2)cn1C,O=C(c1ccc(-n2ccnc2)cc1)c1cc[nH]c1,O=C(c1ccc(-n2ccnc2)cc1)c1cc[nH]c1,True,False,False,,1.0,0.7454545454545455,,,,,,,,,0.5785260949639057,0.3897342663180413,0.1887918286458644,False,,,,,1.0,0.0,1.0,True,5.0,6.0,1.0,True,5.0,6.0,1.0,True
source_identity,mpair_00002474_cond_00_4p,mpair_00002474,eval,4,"MW,QED,TPSA,RB",COc1cc(NC(=O)c2cc(OCCCN(C)C)nn2Cc2ccccc2)cc(OC)c1OC,CN(C)CCCOc1cc(C(=O)Nc2ccc(Cl)cc2F)n(Cc2ccccc2)n1,COc1cc(NC(=O)c2cc(OCCCN(C)C)nn2Cc2ccccc2)cc(OC)c1OC,O=C(Nc1ccccc1)c1ccnn1Cc1ccccc1,O=C(Nc1ccccc1)c1ccnn1Cc1ccccc1,True,False,False,,1.0,0.6376811594202898,430.9110000000001,468.5540000000002,37.643000000000086,False,,,,,0.5138601191048354,0.4069700768443977,0.10689004226043775,False,59.39,87.08000000000001,27.690000000000012,False,,,,,,,,,9.0,12.0,3.0,False
source_identity,mpair_00002486_cond_01_4p,mpair_00002486,eval,4,"MW,QED,HBA,RB",CN(C)CCCOc1cc(C(=O)Nc2cccc(Cl)c2)n(Cc2ccccc2)n1,CN(C)CCCOc1cc(C(=O)Nc2ccc(OC(F)(F)F)cc2)n(Cc2ccccc2)n1,CN(C)CCCOc1cc(C(=O)Nc2cccc(Cl)c2)n(Cc2ccccc2)n1,O=C(Nc1ccccc1)c1ccnn1Cc1ccccc1,O=C(Nc1ccccc1)c1ccnn1Cc1ccccc1,True,False,False,,1.0,0.696969696969697,462.4720000000001,412.9210000000001,49.55099999999999,False,,,,,0.4522382232340766,0.5357556879239462,0.08351746468986965,True,,,,,,,,,6.0,5.0,1.0,True,10.0,9.0,1.0,True
source_identity,mpair_00002520_cond_00_4p,mpair_00002520,eval,4,"MW,TPSA,HBA,RB",CSc1cc(-c2ccc(Br)cc2)oc(=O)c1C#N,CCOC(=O)c1c(SC)c(C#N)c(-c2ccc(Br)cc2)oc1=O,CSc1cc(-c2ccc(Br)cc2)oc(=O)c1C#N,O=c1cccc(-c2ccccc2)o1,O=c1cccc(-c2ccccc2)o1,True,False,False,,1.0,0.43103448275862066,394.24600000000004,322.1830000000001,72.06299999999993,False,,,,,,,,,80.30000000000001,54.0,26.30000000000001,False,,,,,6.0,4.0,2.0,False,4.0,2.0,2.0,False
source_identity,mpair_00002551_cond_01_4p,mpair_00002551,eval,4,"MW,QED,HBA,RB",CSc1cc(-c2ccc(Cl)cc2)oc(=O)c1C(N)=O,CSc1cc(-c2ccc(Br)cc2)oc(=O)c1Cl,CSc1cc(-c2ccc(Cl)cc2)oc(=O)c1C(N)=O,O=c1cccc(-c2ccccc2)o1,O=c1cccc(-c2ccccc2)o1,True,False,False,,1.0,0.5217391304347826,331.61800000000005,295.747,35.87100000000004,False,,,,,0.7618841288913727,0.8837306867126842,0.12184655782131149,False,,,,,,,,,3.0,4.0,1.0,True,2.0,3.0,1.0,True
source_identity,mpair_00002561_cond_01_4p,mpair_00002561,eval,4,"MW,LogP,QED,RB",CSc1nc(-c2ccc(C)cc2)nn1C(=O)N(C)c1ccccc1,CN(C(=O)n1nc(-c2ccc(Cl)cc2)nc1SCC(F)(F)F)c1ccccc1,CSc1nc(-c2ccc(C)cc2)nn1C(=O)N(C)c1ccccc1,O=C(Nc1ccccc1)n1cnc(-c2ccccc2)n1,O=C(Nc1ccccc1)n1cnc(-c2ccccc2)n1,True,False,False,,1.0,0.5862068965517241,426.8510000000001,338.43600000000004,88.41500000000008,False,5.357400000000003,4.079920000000002,1.2774800000000006,False,0.5270344401044634,0.6753188675979567,0.14828442749349324,False,,,,,,,,,,,,,4.0,3.0,1.0,True
source_identity,mpair_00002575_cond_00_4p,mpair_00002575,eval,4,"MW,LogP,QED,RB",COc1cc(C(=O)N2CCN(C(=O)c3cc(OC)c(OC)c(OC)c3)C(COC(C)=O)C2)cc(OC)c1OC,COc1cc(C(=O)N2CCN(C(=O)c3cc(OC)c(OC)c(OC)c3)C(COC(=O)CC(C)(C)C)C2)cc(OC)c1OC,COc1cc(C(=O)N2CCN(C(=O)c3cc(OC)c(OC)c(OC)c3)C(COC(C)=O)C2)cc(OC)c1OC,O=C(c1ccccc1)N1CCN(C(=O)c2ccccc2)CC1,O=C(c1ccccc1)N1CCN(C(=O)c2ccccc2)CC1,True,False,False,,1.0,0.7547169811320755,602.6810000000004,546.5730000000003,56.10800000000006,False,3.684400000000003,2.2681000000000004,1.4163000000000023,False,0.3521539372279048,0.41028124355120477,0.05812730632329999,True,,,,,,,,,,,,,11.0,10.0,1.0,True
source_identity,mpair_00002584_cond_02_4p,mpair_00002584,eval,4,"MW,LogP,HBD,HBA",COc1cc(C(=O)N2CCN(C(=O)c3cc(OC)c(OC)c(OC)c3)C(CO)C2)cc(OC)c1OC,COc1cc(C(=O)N2CCN(C(=O)c3cc(OC)c(OC)c(OC)c3)C(COC(C)=O)C2)cc(OC)c1OC,COc1cc(C(=O)N2CCN(C(=O)c3cc(OC)c(OC)c(OC)c3)C(CO)C2)cc(OC)c1OC,O=C(c1ccccc1)N1CCN(C(=O)c2ccccc2)CC1,O=C(c1ccccc1)N1CCN(C(=O)c2ccccc2)CC1,True,False,False,,1.0,0.75,546.5730000000003,504.53600000000034,42.03699999999998,False,2.2681000000000004,1.6973000000000003,0.5708000000000002,True,,,,,,,,,0.0,1.0,1.0,True,10.0,9.0,1.0,True,,,,
source_identity,mpair_00002592_cond_02_4p,mpair_00002592,eval,4,"MW,TPSA,HBA,RB",COc1cc(C(=O)N2CCN(C(=O)c3cc(OC)c(OC)c(OC)c3)CC2)cc(OC)c1OC,COc1cc(C(=O)N2CCN(C(=O)c3cc(OC)c(OC)c(OC)c3)C(COC(C)=O)C2)cc(OC)c1OC,COc1cc(C(=O)N2CCN(C(=O)c3cc(OC)c(OC)c(OC)c3)CC2)cc(OC)c1OC,O=C(c1ccccc1)N1CCN(C(=O)c2ccccc2)CC1,O=C(c1ccccc1)N1CCN(C(=O)c2ccccc2)CC1,True,False,False,,1.0,0.5777777777777777,546.5730000000003,474.51000000000033,72.06299999999999,False,,,,,,,,,122.30000000000001,96.00000000000001,26.299999999999997,False,,,,,10.0,8.0,2.0,False,10.0,8.0,2.0,False
source_identity,mpair_00002605_cond_02_4p,mpair_00002605,eval,4,"TPSA,HBD,HBA,RB",COc1ccc(C(=O)Nc2c(Cl)cncc2Cl)c2ccc(C(C)O)nc12,COc1ccc(C(=O)Nc2c(F)cncc2F)c2ccc(C(F)(F)F)nc12,COc1ccc(C(=O)Nc2c(Cl)cncc2Cl)c2ccc(C(C)O)nc12,O=C(Nc1ccncc1)c1cccc2ncccc12,O=C(Nc1ccncc1)c1cccc2ncccc12,True,False,False,,1.0,0.532258064516129,,,,,,,,,,,,,64.11,84.34,20.230000000000004,False,1.0,2.0,1.0,True,4.0,5.0,1.0,True,3.0,4.0,1.0,True
source_identity,mpair_00002611_cond_01_4p,mpair_00002611,eval,4,"QED,TPSA,HBA,RB",COc1ccc(C(=O)Nc2ccncc2Cl)c2ccc(C(F)(F)F)nc12,COc1ccc(C(=O)Nc2c(Cl)cncc2Cl)c2ccc(C(C)=O)nc12,COc1ccc(C(=O)Nc2ccncc2Cl)c2ccc(C(F)(F)F)nc12,O=C(Nc1ccncc1)c1cccc2ncccc12,O=C(Nc1ccncc1)c1cccc2ncccc12,True,True,True,,1.0,0.5396825396825397,,,,,,,,,0.6681926051832562,0.7218484507203837,0.053655845537127544,True,81.17999999999999,64.11,17.069999999999993,True,,,,,5.0,4.0,1.0,True,4.0,3.0,1.0,True
source_identity,mpair_00002619_cond_02_4p,mpair_00002619,eval,4,"TPSA,HBD,HBA,RB",COc1ccc(C(=O)Nc2c(Cl)cncc2Cl)c2ccc(C(C)O)nc12,COc1ccc(C(=O)Nc2ccncc2Cl)c2ccc(C(F)(F)F)nc12,COc1ccc(C(=O)Nc2c(Cl)cncc2Cl)c2ccc(C(C)O)nc12,O=C(Nc1ccncc1)c1cccc2ncccc12,O=C(Nc1ccncc1)c1cccc2ncccc12,True,False,False,,1.0,0.5230769230769231,,,,,,,,,,,,,64.11,84.34,20.230000000000004,False,1.0,2.0,1.0,True,4.0,5.0,1.0,True,3.0,4.0,1.0,True
source_identity,mpair_00002627_cond_00_4p,mpair_00002627,eval,4,"QED,TPSA,HBA,RB",COc1ccc(C(=O)Nc2c(Cl)cncc2Cl)c2ccc(C(C)=O)nc12,COc1ccc(C(=O)Nc2c(Cl)cncc2Cl)c2cccnc12,COc1ccc(C(=O)Nc2c(Cl)cncc2Cl)c2ccc(C(C)=O)nc12,O=C(Nc1ccncc1)c1cccc2ncccc12,O=C(Nc1ccncc1)c1cccc2ncccc12,True,False,False,,1.0,0.6666666666666666,,,,,,,,,0.7706046174674384,0.6681926051832562,0.10241201228418217,False,64.11,81.17999999999999,17.069999999999993,True,,,,,4.0,5.0,1.0,True,3.0,4.0,1.0,True
source_identity,mpair_00003116_cond_00_4p,mpair_00003116,eval,4,"LogP,TPSA,HBA,RB",COC(=O)c1cc2c([nH]1)C(=O)C=C1N(C(=O)OC(C)(C)C)CC3CC123,Cc1c[nH]c2c1C13CC1CN(C(=O)OC(C)(C)C)C3=CC2=O,COC(=O)c1cc2c([nH]1)C(=O)C=C1N(C(=O)OC(C)(C)C)CC3CC123,O=C1C=C2NCC3CC23c2cc[nH]c21,O=C1C=C2NCC3CC23c2cc[nH]c21,True,False,False,,1.0,0.5873015873015873,,,,,2.9117200000000016,2.389900000000001,0.5218200000000008,True,,,,,62.4,88.7,26.300000000000004,False,,,,,3.0,5.0,2.0,False,0.0,1.0,1.0,True
source_identity,mpair_00003211_cond_02_4p,mpair_00003211,eval,4,"MW,HBD,HBA,RB",CC[C@H]1OC(=O)[C@H](C)[C@@H](OC(C)=O)[C@H](C)[C@@H](OC2O[C@H](C)C[C@H](N(C)C)C2O)[C@@](C)(OC)C[C@@H](C)C(=O)[C@H](C)[C@@H](O)[C@]1(C)O,CC[C@H]1OC(=O)[C@H](C)[C@@H](O)[C@H](C)[C@@H](OC2O[C@H](C)C[C@H](N(C)C)C2O)[C@@](C)(OC)C[C@@H](C)C(=O)[C@H](C)[C@@H](O)[C@]1(C)O,CC[C@H]1OC(=O)[C@H](C)[C@@H](OC(C)=O)[C@H](C)[C@@H](OC2O[C@H](C)C[C@H](N(C)C)C2O)[C@@](C)(OC)C[C@@H](C)C(=O)[C@H](C)[C@@H](O)[C@]1(C)O,O=C1CCCCOC(=O)CCC[C@@H](OC2CCCCO2)CCC1,O=C1CCCCOC(=O)CCC[C@@H](OC2CCCCO2)CCC1,True,False,False,,1.0,0.821917808219178,589.7670000000004,631.8040000000003,42.03699999999992,False,,,,,,,,,,,,,4.0,3.0,1.0,True,11.0,12.0,1.0,True,5.0,6.0,1.0,True
source_identity,mpair_00003217_cond_01_4p,mpair_00003217,eval,4,"MW,QED,TPSA,HBA",Clc1ccc(Nc2nc(N3CCOCC3)nc3ccccc23)cc1,COC(=O)c1ccc2c(Nc3ccc(Cl)cc3)nc(N3CCOCC3)nc2c1,Clc1ccc(Nc2nc(N3CCOCC3)nc3ccccc23)cc1,c1ccc(Nc2nc(N3CCOCC3)nc3ccccc23)cc1,c1ccc(Nc2nc(N3CCOCC3)nc3ccccc23)cc1,True,False,False,,1.0,0.631578947368421,398.85000000000025,340.81399999999996,58.036000000000286,False,,,,,0.6719222545699903,0.784150666451108,0.11222841188111765,False,76.58,50.28,26.299999999999997,False,,,,,7.0,5.0,2.0,False,,,,
source_identity,mpair_00003228_cond_01_4p,mpair_00003228,eval,4,"QED,HBD,HBA,RB",CCCCc1nn(-c2ccccn2)c(C(=O)O)c1Cc1ccc(-c2ccccc2-c2nn[nH]n2)cc1,CCCCc1nn(-c2ccccn2)c(C(=O)OCC)c1Cc1ccc(-c2ccccc2-c2nn[nH]n2)cc1,CCCCc1nn(-c2ccccn2)c(C(=O)O)c1Cc1ccc(-c2ccccc2-c2nn[nH]n2)cc1,c1ccc(-n2cc(Cc3ccc(-c4ccccc4-c4nn[nH]n4)cc3)cn2)nc1,c1ccc(-n2cc(Cc3ccc(-c4ccccc4-c4nn[nH]n4)cc3)cn2)nc1,True,True,True,,1.0,0.8405797101449275,,,,,,,,,0.25784000650209704,0.31281238062525013,0.05497237412315309,True,,,,,1.0,2.0,1.0,True,8.0,7.0,1.0,True,10.0,9.0,1.0,True
source_identity,mpair_00003533_cond_01_4p,mpair_00003533,eval,4,"MW,LogP,QED,RB",CCCC(C)Oc1cccc(N(Cc2cccnc2)S(=O)(=O)CC(F)(F)F)c1,COc1cccc(N(Cc2cccnc2)S(=O)(=O)CC(F)(F)F)c1,CCCC(C)Oc1cccc(N(Cc2cccnc2)S(=O)(=O)CC(F)(F)F)c1,c1ccc(NCc2cccnc2)cc1,c1ccc(NCc2cccnc2)cc1,True,False,False,,1.0,0.7413793103448276,360.3570000000001,416.4650000000001,56.108000000000004,False,2.988900000000002,4.547700000000003,1.5588000000000015,False,0.7946521442277092,0.6018859517288218,0.1927661924988875,False,,,,,,,,,,,,,6.0,9.0,3.0,False
source_identity,mpair_00003549_cond_00_4p,mpair_00003549,eval,4,"LogP,QED,TPSA,HBA",CCOC(=O)C(C)Oc1cccc(N(Cc2cccnc2)S(=O)(=O)CC(F)(F)F)c1,CCC(C)COc1cccc(N(Cc2cccnc2)S(=O)(=O)CC(F)(F)F)c1,CCOC(=O)C(C)Oc1cccc(N(Cc2cccnc2)S(=O)(=O)CC(F)(F)F)c1,c1ccc(NCc2cccnc2)cc1,c1ccc(NCc2cccnc2)cc1,True,False,False,,1.0,0.6923076923076923,,,,,4.405200000000004,3.3107000000000024,1.0945000000000018,False,0.6078002459089881,0.5496815697636838,0.058118676145304304,True,59.5,85.80000000000001,26.30000000000001,False,,,,,4.0,6.0,2.0,False,,,,
source_identity,mpair_00000019_cond_01_5p,mpair_00000019,eval,5,"MW,QED,TPSA,HBA,RB",CN1C2C=C(c3ccc(Cl)nc3)CC1CC2,COC(=O)C1=C(c2ccc(Cl)nc2)CC2CCC1N2C,CN1C2C=C(c3ccc(Cl)nc3)CC1CC2,C1=C(c2cccnc2)CC2CCC1N2,C1=C(c2cccnc2)CC2CCC1N2,True,False,False,,1.0,0.48148148148148145,292.76599999999996,234.72999999999996,58.036,False,,,,,0.6204382047485277,0.6949032404938756,0.07446503574534791,True,42.43,16.130000000000003,26.299999999999997,False,,,,,4.0,2.0,2.0,False,2.0,1.0,1.0,True
source_identity,mpair_00000332_cond_01_5p,mpair_00000332,eval,5,"MW,LogP,TPSA,HBD,HBA",N[C@@H](C(=O)N[C@@H]1C(=O)N2C(C(=O)O)=C(C(F)(F)F)CC[C@H]12)c1ccc(O)cc1,N[C@@H](C(=O)N[C@@H]1C(=O)N2C(C(=O)O)=C(C(F)(F)F)CC[C@H]12)c1cccc(Br)c1,N[C@@H](C(=O)N[C@@H]1C(=O)N2C(C(=O)O)=C(C(F)(F)F)CC[C@H]12)c1ccc(O)cc1,O=C(Cc1ccccc1)N[C@@H]1C(=O)N2C=CCC[C@H]12,O=C(Cc1ccccc1)N[C@@H]1C(=O)N2C=CCC[C@H]12,True,False,False,,1.0,0.7377049180327869,462.2220000000001,399.3250000000001,62.89699999999999,False,1.8392999999999997,0.7823999999999993,1.0569000000000004,False,,,,,112.73,132.96,20.230000000000004,False,3.0,4.0,1.0,True,4.0,5.0,1.0,True,,,,
source_identity,mpair_00000584_cond_02_5p,mpair_00000584,eval,5,"LogP,QED,TPSA,HBD,HBA",OC[C@@H]1N[C@@H](CCCCc2ccc(O)cc2)[C@H](O)[C@H]1O,Cc1ccc(CCCC[C@@H]2N[C@@H](CO)[C@H](O)[C@H]2O)cc1,OC[C@@H]1N[C@@H](CCCCc2ccc(O)cc2)[C@H](O)[C@H]1O,c1ccc(CCCC[C@H]2CCCN2)cc1,c1ccc(CCCC[C@H]2CCCN2)cc1,True,False,False,,1.0,0.7567567567567568,,,,,0.7623199999999992,0.15949999999999964,0.6028199999999996,True,0.5802758268226561,0.47902706341404183,0.10124876340861427,False,72.72,92.95,20.230000000000004,False,4.0,5.0,1.0,True,4.0,5.0,1.0,True,,,,
source_identity,mpair_00000730_cond_01_5p,mpair_00000730,eval,5,"MW,LogP,QED,HBD,RB",C=CCc1cc(/C=C2\SC(=O)NC2=O)c(OC)cc1OC1CCCCO1,C=CCc1cc(/C=C2\SC(=O)N(C(C)C)C2=O)c(OC)cc1OC1CCCCO1,C=CCc1cc(/C=C2\SC(=O)NC2=O)c(OC)cc1OC1CCCCO1,O=C1NC(=O)/C(=C/c2ccc(OC3CCCCO3)cc2)S1,O=C1NC(=O)/C(=C/c2ccc(OC3CCCCO3)cc2)S1,True,False,False,,1.0,0.6865671641791045,417.52700000000027,375.4460000000002,42.081000000000074,False,4.773800000000004,3.6530000000000022,1.1208000000000018,False,0.4701504427149941,0.6042673504148035,0.13411690769980938,False,,,,,0.0,1.0,1.0,True,,,,,7.0,6.0,1.0,True
source_identity,mpair_00002374_cond_00_5p,mpair_00002374,eval,5,"LogP,TPSA,HBD,HBA,RB",COc1cccc2sc([C@@H]3C[C@H]4CC[C@@H](C3)N4C[C@H](O)COc3cccc4[nH]c(C)cc34)cc12,COc1cccc2sc([C@@H]3C[C@H]4CC[C@@H](C3)N4C[C@H](O)COc3cccc4[nH]c(C(N)=O)cc34)cc12,COc1cccc2sc([C@@H]3C[C@H]4CC[C@@H](C3)N4C[C@H](O)COc3cccc4[nH]c(C)cc34)cc12,c1ccc2sc([C@@H]3C[C@H]4CC[C@@H](C3)N4CCCOc3cccc4[nH]ccc34)cc2c1,c1ccc2sc([C@@H]3C[C@H]4CC[C@@H](C3)N4CCCOc3cccc4[nH]ccc34)cc2c1,True,False,False,,1.0,0.7916666666666666,,,,,4.640400000000003,5.849920000000006,1.209520000000003,False,,,,,100.81,57.720000000000006,43.089999999999996,False,3.0,2.0,1.0,True,6.0,5.0,1.0,True,8.0,7.0,1.0,True
source_identity,mpair_00002479_cond_01_5p,mpair_00002479,eval,5,"MW,QED,TPSA,HBA,RB",COc1cc(NC(=O)c2cc(OCCCN(C)C)nn2Cc2ccccc2)cc(OC)c1OC,CN(C)CCCOc1cc(C(=O)Nc2cccc(Cl)c2)n(Cc2ccccc2)n1,COc1cc(NC(=O)c2cc(OCCCN(C)C)nn2Cc2ccccc2)cc(OC)c1OC,O=C(Nc1ccccc1)c1ccnn1Cc1ccccc1,O=C(Nc1ccccc1)c1ccnn1Cc1ccccc1,True,False,False,,1.0,0.71875,412.9210000000001,468.5540000000002,55.633000000000095,False,,,,,0.5357556879239462,0.4069700768443977,0.12878561107954856,False,59.39,87.08000000000001,27.690000000000012,False,,,,,5.0,8.0,3.0,False,9.0,12.0,3.0,False
source_identity,mpair_00002511_cond_02_5p,mpair_00002511,eval,5,"LogP,QED,TPSA,HBA,RB",CSc1cc(-c2ccc(Br)cc2)oc(=O)c1Br,CSc1cc(-c2ccc(Cl)cc2)oc(=O)c1C(N)=O,CSc1cc(-c2ccc(Br)cc2)oc(=O)c1Br,O=c1cccc(-c2ccccc2)o1,O=c1cccc(-c2ccccc2)o1,True,False,False,,1.0,0.4782608695652174,,,,,2.7810000000000006,4.553700000000002,1.7727000000000013,False,0.8837306867126842,0.7207772389894862,0.16295344772319797,False,73.30000000000001,30.21,43.09000000000001,False,,,,,4.0,3.0,1.0,True,3.0,2.0,1.0,True
source_identity,mpair_00002557_cond_00_5p,mpair_00002557,eval,5,"MW,LogP,QED,HBA,RB",CSc1nc(-c2ccc(C)cc2)nn1C(=O)N(C)c1ccccc1,CSc1nc(-c2ccc(OC(F)(F)F)cc2)nn1C(=O)N(C)c1ccccc1,CSc1nc(-c2ccc(C)cc2)nn1C(=O)N(C)c1ccccc1,O=C(Nc1ccccc1)n1cnc(-c2ccccc2)n1,O=C(Nc1ccccc1)n1cnc(-c2ccccc2)n1,True,False,False,,1.0,0.7169811320754716,408.4050000000001,338.43600000000004,69.96900000000005,False,4.670100000000003,4.079920000000002,0.590180000000001,True,0.5874043626188404,0.6753188675979567,0.08791450497911624,True,,,,,,,,,6.0,5.0,1.0,True,4.0,3.0,1.0,True
source_identity,mpair_00002581_cond_01_5p,mpair_00002581,eval,5,"MW,QED,TPSA,HBA,RB",COc1cc(C(=O)N2CCN(C(=O)c3cc(OC)c(OC)c(OC)c3)C(COC(=O)CC(C)(C)C)C2)cc(OC)c1OC,COc1cc(C(=O)N2CCN(C(=O)c3cc(OC)c(OC)c(OC)c3)CC2)cc(OC)c1OC,COc1cc(C(=O)N2CCN(C(=O)c3cc(OC)c(OC)c(OC)c3)C(COC(=O)CC(C)(C)C)C2)cc(OC)c1OC,O=C(c1ccccc1)N1CCN(C(=O)c2ccccc2)CC1,O=C(c1ccccc1)N1CCN(C(=O)c2ccccc2)CC1,True,False,False,,1.0,0.52,474.51000000000033,602.6810000000004,128.17100000000005,False,,,,,0.5754127815390553,0.3521539372279048,0.2232588443111505,False,96.00000000000001,122.30000000000001,26.299999999999997,False,,,,,8.0,10.0,2.0,False,8.0,11.0,3.0,False
source_identity,mpair_00002591_cond_02_5p,mpair_00002591,eval,5,"LogP,QED,TPSA,HBD,RB",COc1cc(C(=O)N2CCN(C(=O)c3cc(OC)c(OC)c(OC)c3)C(COC(=O)NCCC(C)C)C2)cc(OC)c1OC,COc1cc(C(=O)N2CCN(C(=O)c3cc(OC)c(OC)c(OC)c3)CC2)cc(OC)c1OC,COc1cc(C(=O)N2CCN(C(=O)c3cc(OC)c(OC)c(OC)c3)C(COC(=O)NCCC(C)C)C2)cc(OC)c1OC,O=C(c1ccccc1)N1CCN(C(=O)c2ccccc2)CC1,O=C(c1ccccc1)N1CCN(C(=O)c2ccccc2)CC1,True,False,False,,1.0,0.48148148148148145,,,,,2.3364000000000003,3.4773000000000023,1.140900000000002,False,0.5754127815390553,0.3561059094946873,0.219306872044368,False,96.00000000000001,134.33,38.33,False,0.0,1.0,1.0,True,,,,,8.0,13.0,5.0,False
source_identity,mpair_00002629_cond_02_5p,mpair_00002629,eval,5,"LogP,TPSA,HBD,HBA,RB",CC(C)CC(=O)N1C[C@H](c2ccccc2)C[C@H]1C(=O)N[C@@H](CC(F)F)C(=O)NCCc1c(F)cc(C(=O)O)cc1F,CC(C)(C)[C@H](O)C(=O)N1C[C@H](c2ccccc2)C[C@H]1C(=O)N[C@@H](CC(F)F)C(=O)NCCc1c(F)cc(C(=O)O)cc1F,CC(C)CC(=O)N1C[C@H](c2ccccc2)C[C@H]1C(=O)N[C@@H](CC(F)F)C(=O)NCCc1c(F)cc(C(=O)O)cc1F,O=C(CNC(=O)[C@@H]1C[C@@H](c2ccccc2)CN1)NCCc1ccccc1,O=C(CNC(=O)[C@@H]1C[C@@H](c2ccccc2)CN1)NCCc1ccccc1,True,False,False,,1.0,0.7567567567567568,,,,,3.253400000000001,3.892500000000002,0.6391000000000009,True,,,,,136.04,115.81000000000002,20.229999999999976,False,4.0,3.0,1.0,True,5.0,4.0,1.0,True,11.0,12.0,1.0,True
source_identity,mpair_00003117_cond_02_5p,mpair_00003117,eval,5,"MW,LogP,TPSA,HBA,RB",Cc1c[nH]c2c1C13CC1CN(C(=O)OC(C)(C)C)C3=CC2=O,COC(=O)c1cc2c([nH]1)C(=O)C=C1N(C(=O)OC(C)(C)C)CC3CC123,Cc1c[nH]c2c1C13CC1CN(C(=O)OC(C)(C)C)C3=CC2=O,O=C1C=C2NCC3CC23c2cc[nH]c21,O=C1C=C2NCC3CC23c2cc[nH]c21,True,False,False,,1.0,0.5873015873015873,344.36700000000013,300.358,44.00900000000013,False,2.389900000000001,2.9117200000000016,0.5218200000000008,True,,,,,88.7,62.4,26.300000000000004,False,,,,,5.0,3.0,2.0,False,1.0,0.0,1.0,True
source_identity,mpair_00003218_cond_01_5p,mpair_00003218,eval,5,"MW,LogP,QED,TPSA,HBA",COC(=O)c1cccc(C(=O)NO)c1N(Cc1cccnc1)S(=O)(=O)c1ccc(OC)cc1,COc1ccc(S(=O)(=O)N(Cc2cccnc2)c2c(C)cccc2C(=O)NO)cc1,COC(=O)c1cccc(C(=O)NO)c1N(Cc1cccnc1)S(=O)(=O)c1ccc(OC)cc1,O=S(=O)(c1ccccc1)N(Cc1cccnc1)c1ccccc1,O=S(=O)(c1ccccc1)N(Cc1cccnc1)c1ccccc1,True,False,False,,1.0,0.8333333333333334,427.48200000000014,471.49100000000016,44.009000000000015,False,2.91312,2.391300000000001,0.5218199999999991,True,0.44330794633881315,0.29046454626646695,0.1528434000723462,False,108.83000000000001,135.13,26.299999999999983,False,,,,,6.0,8.0,2.0,False,,,,
source_identity,mpair_00000599_cond_01_6p,mpair_00000599,eval,6,"MW,QED,TPSA,HBD,HBA,RB",CC1=C(C)C(=O)C(C(c2ccccc2)c2cccnc2)=C(C)C1=O,CC1=C(C)C(=O)C(C(c2cccnc2)c2cccc(/C=C/C(=O)O)c2)=C(C)C1=O,CC1=C(C)C(=O)C(C(c2ccccc2)c2cccnc2)=C(C)C1=O,O=C1C=CC(=O)C(C(c2ccccc2)c2cccnc2)=C1,O=C1C=CC(=O)C(C(c2ccccc2)c2cccnc2)=C1,True,False,False,,1.0,0.6326530612244898,387.4350000000002,317.3880000000001,70.04700000000008,False,,,,,0.6163061688930161,0.803366149239095,0.18705998034607885,False,84.33000000000001,47.03,37.30000000000001,False,1.0,0.0,1.0,True,4.0,3.0,1.0,True,5.0,3.0,2.0,False
source_identity,mpair_00002553_cond_01_6p,mpair_00002553,eval,6,"MW,LogP,QED,TPSA,HBD,RB",CSc1cc(-c2ccc(Cl)cc2)oc(=O)c1C(N)=O,CSc1cc(-c2ccc(Cl)cc2)oc(=O)c1Br,CSc1cc(-c2ccc(Cl)cc2)oc(=O)c1C(N)=O,O=c1cccc(-c2ccccc2)o1,O=c1cccc(-c2ccccc2)o1,True,False,False,,1.0,0.627906976744186,331.61799999999994,295.747,35.870999999999924,False,4.444600000000001,2.7810000000000006,1.6636000000000006,False,0.7618841288913729,0.8837306867126842,0.12184655782131126,False,30.21,73.30000000000001,43.09000000000001,False,0.0,1.0,1.0,True,,,,,2.0,3.0,1.0,True
source_identity,mpair_00002580_cond_02_6p,mpair_00002580,eval,6,"MW,LogP,QED,HBD,HBA,RB",COc1cc(C(=O)N2CCN(C(=O)c3cc(OC)c(OC)c(OC)c3)C(COC(C)=O)C2)cc(OC)c1OC,COc1cc(C(=O)N2CCN(C(=O)c3cc(OC)c(OC)c(OC)c3)C(CO)C2)cc(OC)c1OC,COc1cc(C(=O)N2CCN(C(=O)c3cc(OC)c(OC)c(OC)c3)C(COC(C)=O)C2)cc(OC)c1OC,O=C(c1ccccc1)N1CCN(C(=O)c2ccccc2)CC1,O=C(c1ccccc1)N1CCN(C(=O)c2ccccc2)CC1,True,False,False,,1.0,0.75,504.53600000000034,546.5730000000003,42.03699999999998,False,1.6973000000000003,2.2681000000000004,0.5708000000000002,True,0.544633228323374,0.41028124355120477,0.13435198477216925,False,,,,,1.0,0.0,1.0,True,9.0,10.0,1.0,True,9.0,10.0,1.0,True
source_identity,mpair_00002588_cond_01_6p,mpair_00002588,eval,6,"MW,LogP,QED,TPSA,HBA,RB",COc1cc(C(=O)N2CCN(C(=O)c3cc(OC)c(OC)c(OC)c3)CC2)cc(OC)c1OC,CCN(CC)C(=O)OCC1CN(C(=O)c2cc(OC)c(OC)c(OC)c2)CCN1C(=O)c1cc(OC)c(OC)c(OC)c1,COc1cc(C(=O)N2CCN(C(=O)c3cc(OC)c(OC)c(OC)c3)CC2)cc(OC)c1OC,O=C(c1ccccc1)N1CCN(C(=O)c2ccccc2)CC1,O=C(c1ccccc1)N1CCN(C(=O)c2ccccc2)CC1,True,False,False,,1.0,0.52,603.6690000000003,474.51000000000033,129.159,False,3.1834000000000024,2.3364000000000003,0.8470000000000022,True,0.3571777118480848,0.5754127815390553,0.2182350696909705,False,125.54,96.00000000000001,29.539999999999992,False,,,,,10.0,8.0,2.0,False,12.0,8.0,4.0,False
source_identity,mpair_00002618_cond_01_6p,mpair_00002618,eval,6,"MW,LogP,QED,TPSA,HBD,HBA",COc1ccc(C(=O)Nc2c(Cl)cncc2Cl)c2ccc(C(C)O)nc12,COc1ccc(C(=O)Nc2ccncc2Cl)c2cccnc12,COc1ccc(C(=O)Nc2c(Cl)cncc2Cl)c2ccc(C(C)O)nc12,O=C(Nc1ccncc1)c1cccc2ncccc12,O=C(Nc1ccncc1)c1cccc2ncccc12,True,False,False,,1.0,0.49206349206349204,313.744,392.24200000000013,78.4980000000001,False,3.544100000000002,4.2508000000000035,0.7067000000000014,True,0.8029165077767629,0.6936033323496321,0.10931317542713082,False,64.11,84.34,20.230000000000004,False,1.0,2.0,1.0,True,4.0,5.0,1.0,True,,,,
source_identity,mpair_00003530_cond_00_6p,mpair_00003530,eval,6,"MW,LogP,QED,TPSA,HBA,RB",CCOC(=O)C(C)Oc1cccc(N(Cc2cccnc2)S(=O)(=O)CC(F)(F)F)c1,CC(C)COc1cccc(N(Cc2cccnc2)S(=O)(=O)CC(F)(F)F)c1,CCOC(=O)C(C)Oc1cccc(N(Cc2cccnc2)S(=O)(=O)CC(F)(F)F)c1,c1ccc(NCc2cccnc2)cc1,c1ccc(NCc2cccnc2)cc1,True,False,False,,1.0,0.6984126984126984,402.43800000000005,446.4470000000001,44.00900000000007,False,4.015100000000003,3.3107000000000024,0.7044000000000006,True,0.6693605971809802,0.5496815697636838,0.11967902741729641,False,59.5,85.80000000000001,26.30000000000001,False,,,,,4.0,6.0,2.0,False,8.0,9.0,1.0,True
source_identity,mpair_00002544_cond_01_7p,mpair_00002544,eval,7,"MW,LogP,QED,TPSA,HBD,HBA,RB",CSc1cc(-c2ccc(Cl)cc2)oc(=O)c1C(N)=O,CSc1cc(-c2ccc(Br)cc2)oc(=O)c1Br,CSc1cc(-c2ccc(Cl)cc2)oc(=O)c1C(N)=O,O=c1cccc(-c2ccccc2)o1,O=c1cccc(-c2ccccc2)o1,True,False,False,,1.0,0.4782608695652174,376.0690000000001,295.747,80.32200000000006,False,4.553700000000002,2.7810000000000006,1.7727000000000013,False,0.7207772389894862,0.8837306867126842,0.16295344772319797,False,30.21,73.30000000000001,43.09000000000001,False,0.0,1.0,1.0,True,3.0,4.0,1.0,True,2.0,3.0,1.0,True
scaffold_property_retrieval,mpair_00000001_cond_00_2p,mpair_00000001,eval,2,"MW,LogP",O=C(c1ccccc1C(F)(F)F)N1C[C@H](CN2CCC(c3ccccc3)CC2)[C@@H](c2ccccc2)C1,O=C(c1ccccc1F)N1C[C@H](CN2CCC(c3ccccc3)CC2)[C@@H](c2ccccc2)C1,O=C(c1ccccc1C(F)(F)F)N1C[C@H](CN2CCC(c3ccccc3)CC2)[C@@H](c2ccccc2)C1,O=C(c1ccccc1)N1C[C@H](CN2CCC(c3ccccc3)CC2)[C@@H](c2ccccc2)C1,O=C(c1ccccc1)N1C[C@H](CN2CCC(c3ccccc3)CC2)[C@@H](c2ccccc2)C1,True,False,False,source_identity,1.0,0.7592592592592593,442.57800000000015,492.5850000000002,50.00700000000006,False,5.561100000000006,6.4408000000000065,0.8797000000000006,True,,,,,,,,,,,,,,,,,,,,
scaffold_property_retrieval,mpair_00000003_cond_02_2p,mpair_00000003,eval,2,"MW,RB",COc1cccc(C(=O)N2C[C@H](CN3CCC(c4ccccc4)CC3)[C@@H](c3ccccc3)C2)c1,O=C(c1ccccc1Br)N1C[C@H](CN2CCC(c3ccccc3)CC2)[C@@H](c2ccccc2)C1,COc1cccc(C(=O)N2C[C@H](CN3CCC(c4ccccc4)CC3)[C@@H](c3ccccc3)C2)c1,O=C(c1ccccc1)N1C[C@H](CN2CCC(c3ccccc3)CC2)[C@@H](c2ccccc2)C1,O=C(c1ccccc1)N1C[C@H](CN2CCC(c3ccccc3)CC2)[C@@H](c2ccccc2)C1,True,False,False,source_identity,1.0,0.6065573770491803,503.48400000000026,454.61400000000015,48.87000000000012,False,,,,,,,,,,,,,,,,,,,,,5.0,6.0,1.0,True
scaffold_property_retrieval,mpair_00000006_cond_00_2p,mpair_00000006,eval,2,"MW,LogP",O=C(c1ccccc1F)N1C[C@H](CN2CCC(c3ccccc3)CC2)[C@@H](c2ccccc2)C1,O=C(c1ccccc1C(F)(F)F)N1C[C@H](CN2CCC(c3ccccc3)CC2)[C@@H](c2ccccc2)C1,O=C(c1ccccc1F)N1C[C@H](CN2CCC(c3ccccc3)CC2)[C@@H](c2ccccc2)C1,O=C(c1ccccc1)N1C[C@H](CN2CCC(c3ccccc3)CC2)[C@@H](c2ccccc2)C1,O=C(c1ccccc1)N1C[C@H](CN2CCC(c3ccccc3)CC2)[C@@H](c2ccccc2)C1,True,False,False,source_identity,1.0,0.7592592592592593,492.5850000000002,442.57800000000015,50.00700000000006,False,6.4408000000000065,5.561100000000006,0.8797000000000006,True,,,,,,,,,,,,,,,,,,,,
scaffold_property_retrieval,mpair_00000008_cond_02_2p,mpair_00000008,eval,2,"MW,QED",O=C(c1ccccc1Br)N1C[C@H](CN2CCC(c3ccccc3)CC2)[C@@H](c2ccccc2)C1,O=C(c1ccccc1F)N1C[C@H](CN2CCC(c3ccccc3)CC2)[C@@H](c2ccccc2)C1,O=C(c1ccccc1Br)N1C[C@H](CN2CCC(c3ccccc3)CC2)[C@@H](c2ccccc2)C1,O=C(c1ccccc1)N1C[C@H](CN2CCC(c3ccccc3)CC2)[C@@H](c2ccccc2)C1,O=C(c1ccccc1)N1C[C@H](CN2CCC(c3ccccc3)CC2)[C@@H](c2ccccc2)C1,True,False,False,source_identity,1.0,0.7692307692307693,442.57800000000015,503.48400000000026,60.90600000000012,False,,,,,0.5164092889512721,0.41502650656849366,0.10138278238277848,False,,,,,,,,,,,,,,,,
scaffold_property_retrieval,mpair_00000012_cond_00_2p,mpair_00000012,eval,2,"MW,LogP",O=C(c1ccccc1F)N1C[C@H](CN2CCC(c3ccccc3)CC2)[C@@H](c2ccccc2)C1,O=C(c1ccccc1Br)N1C[C@H](CN2CCC(c3ccccc3)CC2)[C@@H](c2ccccc2)C1,O=C(c1ccccc1F)N1C[C@H](CN2CCC(c3ccccc3)CC2)[C@@H](c2ccccc2)C1,O=C(c1ccccc1)N1C[C@H](CN2CCC(c3ccccc3)CC2)[C@@H](c2ccccc2)C1,O=C(c1ccccc1)N1C[C@H](CN2CCC(c3ccccc3)CC2)[C@@H](c2ccccc2)C1,True,False,False,source_identity,1.0,0.7692307692307693,503.48400000000026,442.57800000000015,60.90600000000012,False,6.184500000000006,5.561100000000006,0.6234000000000002,True,,,,,,,,,,,,,,,,,,,,
scaffold_property_retrieval,mpair_00000020_cond_00_2p,mpair_00000020,eval,2,"MW,TPSA",O=C(O)CCC/C=C/C[C@@H]1[C@@H](COCc2ccccc2)C2CC1(c1ccccc1)CO2,N#Cc1ccc(COC[C@H]2C3CC(c4ccc(F)cc4)(CO3)[C@@H]2C/C=C/CCCC(=O)O)cc1,O=C(O)CCC/C=C/C[C@@H]1[C@@H](COCc2ccccc2)C2CC1(c1ccccc1)CO2,c1ccc(COC[C@@H]2CC3(c4ccccc4)COC2C3)cc1,c1ccc(COC[C@@H]2CC3(c4ccccc4)COC2C3)cc1,True,False,False,source_identity,1.0,0.7391304347826086,463.5490000000003,420.5490000000002,43.000000000000114,False,,,,,,,,,79.55,55.760000000000005,23.789999999999992,False,,,,,,,,,,,,
scaffold_property_retrieval,mpair_00000325_cond_01_2p,mpair_00000325,eval,2,"MW,LogP",N[C@@H](C(=O)N[C@@H]1C(=O)N2C(C(=O)O)=C(C(F)(F)F)CC[C@H]12)c1ccc(F)cc1,N[C@@H](C(=O)N[C@@H]1C(=O)N2C(C(=O)O)=C(C(F)(F)F)CC[C@H]12)c1cccc(C(F)(F)F)c1,N[C@@H](C(=O)N[C@@H]1C(=O)N2C(C(=O)O)=C(C(F)(F)F)CC[C@H]12)c1ccc(F)cc1,O=C(Cc1ccccc1)N[C@@H]1C(=O)N2C=CCC[C@H]12,O=C(Cc1ccccc1)N[C@@H]1C(=O)N2C=CCC[C@H]12,True,False,False,source_identity,1.0,0.7377049180327869,451.3230000000001,401.3160000000001,50.007000000000005,False,2.0955999999999997,1.2158999999999993,0.8797000000000004,True,,,,,,,,,,,,,,,,,,,,
scaffold_property_retrieval,mpair_00000335_cond_00_2p,mpair_00000335,eval,2,"MW,HBA",N[C@@H](C(=O)N[C@@H]1C(=O)N2C(C(=O)O)=C(C(F)(F)F)CC[C@H]12)c1cccc(Br)c1,N[C@@H](C(=O)N[C@@H]1C(=O)N2C(C(=O)O)=C(C(F)(F)F)CC[C@H]12)c1ccc(O)cc1,N[C@@H](C(=O)N[C@@H]1C(=O)N2C(C(=O)O)=C(C(F)(F)F)CC[C@H]12)c1cccc(Br)c1,O=C(Cc1ccccc1)N[C@@H]1C(=O)N2C=CCC[C@H]12,O=C(Cc1ccccc1)N[C@@H]1C(=O)N2C=CCC[C@H]12,True,False,False,source_identity,1.0,0.7377049180327869,399.3250000000001,462.2220000000001,62.89699999999999,False,,,,,,,,,,,,,,,,,5.0,4.0,1.0,True,,,,
scaffold_property_retrieval,mpair_00000338_cond_01_2p,mpair_00000338,eval,2,"MW,QED",N[C@@H](C(=O)N[C@@H]1C(=O)N2C(C(=O)O)=C(C(F)(F)F)CC[C@H]12)c1cccc(Br)c1,CSC1=C(C(=O)O)N2C(=O)[C@@H](NC(=O)[C@H](N)c3ccccc3)[C@H]2CC1,N[C@@H](C(=O)N[C@@H]1C(=O)N2C(C(=O)O)=C(C(F)(F)F)CC[C@H]12)c1cccc(Br)c1,O=C(Cc1ccccc1)N[C@@H]1C(=O)N2C=CCC[C@H]12,O=C(Cc1ccccc1)N[C@@H]1C(=O)N2C=CCC[C@H]12,True,False,False,source_identity,1.0,0.5757575757575758,361.42300000000006,462.2220000000001,100.79900000000004,False,,,,,0.6699274889764619,0.5917241763797754,0.07820331259668656,True,,,,,,,,,,,,,,,,
scaffold_property_retrieval,mpair_00000587_cond_01_2p,mpair_00000587,eval,2,"HBA,RB",Cc1ccc(CCCC[C@@H]2N[C@@H](CO)[C@H](O)[C@H]2O)cc1,COc1ccc(CCCC[C@@H]2N[C@@H](CO)[C@H](O)[C@H]2O)cc1,Cc1ccc(CCCC[C@@H]2N[C@@H](CO)[C@H](O)[C@H]2O)cc1,c1ccc(CCCC[C@H]2CCCN2)cc1,c1ccc(CCCC[C@H]2CCCN2)cc1,True,True,True,source_identity,1.0,0.725,,,,,,,,,,,,,,,,,,,,,5.0,4.0,1.0,True,7.0,6.0,1.0,True
scaffold_property_retrieval,mpair_00000590_cond_00_2p,mpair_00000590,eval,2,"HBD,RB",OC[C@@H]1N[C@@H](CCCCc2ccc(O)cc2)[C@H](O)[C@H]1O,COc1ccc(CCCC[C@@H]2N[C@@H](CO)[C@H](O)[C@H]2O)cc1,OC[C@@H]1N[C@@H](CCCCc2ccc(O)cc2)[C@H](O)[C@H]1O,c1ccc(CCCC[C@H]2CCCN2)cc1,c1ccc(CCCC[C@H]2CCCN2)cc1,True,True,True,source_identity,1.0,0.7,,,,,,,,,,,,,,,,,4.0,5.0,1.0,True,,,,,7.0,6.0,1.0,True
scaffold_property_retrieval,mpair_00000592_cond_00_2p,mpair_00000592,eval,2,"HBA,RB",COc1ccc(CCCC[C@@H]2N[C@@H](CO)[C@H](O)[C@H]2O)cc1,Cc1ccc(CCCC[C@@H]2N[C@@H](CO)[C@H](O)[C@H]2O)cc1,COc1ccc(CCCC[C@@H]2N[C@@H](CO)[C@H](O)[C@H]2O)cc1,c1ccc(CCCC[C@H]2CCCN2)cc1,c1ccc(CCCC[C@H]2CCCN2)cc1,True,True,True,source_identity,1.0,0.725,,,,,,,,,,,,,,,,,,,,,4.0,5.0,1.0,True,6.0,7.0,1.0,True
scaffold_property_retrieval,mpair_00000593_cond_02_2p,mpair_00000593,eval,2,"HBA,RB",OC[C@@H]1N[C@@H](CCCCc2cc(F)cc(F)c2)[C@H](O)[C@H]1O,COc1ccc(CCCC[C@@H]2N[C@@H](CO)[C@H](O)[C@H]2O)cc1,OC[C@@H]1N[C@@H](CCCCc2cc(F)cc(F)c2)[C@H](O)[C@H]1O,c1ccc(CCCC[C@H]2CCCN2)cc1,c1ccc(CCCC[C@H]2CCCN2)cc1,True,True,True,source_identity,1.0,0.5681818181818182,,,,,,,,,,,,,,,,,,,,,5.0,4.0,1.0,True,7.0,6.0,1.0,True
scaffold_property_retrieval,mpair_00000596_cond_00_2p,mpair_00000596,eval,2,"HBA,RB",OC[C@@H]1N[C@@H](CCCCc2ccc(F)cc2)[C@H](O)[C@H]1O,COc1ccc(CCCC[C@@H]2N[C@@H](CO)[C@H](O)[C@H]2O)cc1,OC[C@@H]1N[C@@H](CCCCc2ccc(F)cc2)[C@H](O)[C@H]1O,c1ccc(CCCC[C@H]2CCCN2)cc1,c1ccc(CCCC[C@H]2CCCN2)cc1,True,True,True,source_identity,1.0,0.6829268292682927,,,,,,,,,,,,,,,,,,,,,5.0,4.0,1.0,True,7.0,6.0,1.0,True
scaffold_property_retrieval,mpair_00000599_cond_00_2p,mpair_00000599,eval,2,"QED,HBD",CC1=C(C)C(=O)C(C(c2ccccc2)c2cccnc2)=C(C)C1=O,CC1=C(C)C(=O)C(C(c2cccnc2)c2cccc(/C=C/C(=O)O)c2)=C(C)C1=O,CC1=C(C)C(=O)C(C(c2ccccc2)c2cccnc2)=C(C)C1=O,O=C1C=CC(=O)C(C(c2ccccc2)c2cccnc2)=C1,O=C1C=CC(=O)C(C(c2ccccc2)c2cccnc2)=C1,True,False,False,source_identity,1.0,0.6326530612244898,,,,,,,,,0.6163061688930161,0.803366149239095,0.18705998034607885,False,,,,,1.0,0.0,1.0,True,,,,,,,,
scaffold_property_retrieval,mpair_00000727_cond_01_2p,mpair_00000727,eval,2,"QED,RB",C=CCc1cc(/C=C2\SC(=O)N(C(C)C)C2=O)c(OC)cc1OC1CCCCO1,C=CCc1cc(/C=C2\SC(=O)N(CCCC)C2=O)c(OC)cc1OC1CCCCO1,C=CCc1cc(/C=C2\SC(=O)N(C(C)C)C2=O)c(OC)cc1OC1CCCCO1,O=C1NC(=O)/C(=C/c2ccc(OC3CCCCO3)cc2)S1,O=C1NC(=O)/C(=C/c2ccc(OC3CCCCO3)cc2)S1,True,False,False,source_identity,1.0,0.7285714285714285,,,,,,,,,0.39718598618589046,0.4701504427149941,0.07296445652910366,True,,,,,,,,,,,,,9.0,7.0,2.0,False
scaffold_property_retrieval,mpair_00000730_cond_00_2p,mpair_00000730,eval,2,"HBD,RB",C=CCc1cc(/C=C2\SC(=O)NC2=O)c(OC)cc1OC1CCCCO1,C=CCc1cc(/C=C2\SC(=O)N(C(C)C)C2=O)c(OC)cc1OC1CCCCO1,C=CCc1cc(/C=C2\SC(=O)NC2=O)c(OC)cc1OC1CCCCO1,O=C1NC(=O)/C(=C/c2ccc(OC3CCCCO3)cc2)S1,O=C1NC(=O)/C(=C/c2ccc(OC3CCCCO3)cc2)S1,True,True,True,source_identity,1.0,0.6865671641791045,,,,,,,,,,,,,,,,,0.0,1.0,1.0,True,,,,,7.0,6.0,1.0,True
scaffold_property_retrieval,mpair_00000732_cond_01_2p,mpair_00000732,eval,2,"LogP,QED",C=CCc1cc(/C=C2\SC(=O)N(CC=C)C2=O)c(OC)cc1OC1CCCCO1,C=CCc1cc(/C=C2\SC(=O)N(CC=C(C)C)C2=O)c(OC)cc1OC1CCCCO1,C=CCc1cc(/C=C2\SC(=O)N(CC=C)C2=O)c(OC)cc1OC1CCCCO1,O=C1NC(=O)/C(=C/c2ccc(OC3CCCCO3)cc2)S1,O=C1NC(=O)/C(=C/c2ccc(OC3CCCCO3)cc2)S1,True,True,True,source_identity,1.0,0.8615384615384616,,,,,5.331600000000005,4.551400000000004,0.7802000000000016,True,0.3995752918375223,0.45838471716690443,0.05880942532938216,True,,,,,,,,,,,,,,,,
scaffold_property_retrieval,mpair_00000736_cond_00_2p,mpair_00000736,eval,2,"QED,RB",C=CCc1cc(/C=C2\SC(=O)N(CCCC)C2=O)c(OC)cc1OC1CCCCO1,C=CCc1cc(/C=C2\SC(=O)N(C(C)C)C2=O)c(OC)cc1OC1CCCCO1,C=CCc1cc(/C=C2\SC(=O)N(CCCC)C2=O)c(OC)cc1OC1CCCCO1,O=C1NC(=O)/C(=C/c2ccc(OC3CCCCO3)cc2)S1,O=C1NC(=O)/C(=C/c2ccc(OC3CCCCO3)cc2)S1,True,False,False,source_identity,1.0,0.7285714285714285,,,,,,,,,0.4701504427149941,0.39718598618589046,0.07296445652910366,True,,,,,,,,,,,,,7.0,9.0,2.0,False
scaffold_property_retrieval,mpair_00000737_cond_02_2p,mpair_00000737,eval,2,"QED,HBD",C=CCc1cc(/C=C2\SC(=O)NC2=O)c(OC)cc1OC1CCCCO1,C=CCc1cc(/C=C2\SC(=O)N(C)C2=O)c(OC)cc1OC1CCCCO1,C=CCc1cc(/C=C2\SC(=O)NC2=O)c(OC)cc1OC1CCCCO1,O=C1NC(=O)/C(=C/c2ccc(OC3CCCCO3)cc2)S1,O=C1NC(=O)/C(=C/c2ccc(OC3CCCCO3)cc2)S1,True,True,True,source_identity,1.0,0.71875,,,,,,,,,0.5413211960634129,0.6042673504148035,0.06294615435139062,True,,,,,0.0,1.0,1.0,True,,,,,,,,
scaffold_property_retrieval,mpair_00000740_cond_02_2p,mpair_00000740,eval,2,"MW,QED",C=CCc1cc(/C=C2\SC(=O)N(C)C2=O)c(OC)cc1OC1CCCCO1,C=CCc1cc(/C=C2\SC(=O)N(CCCC)C2=O)c(OC)cc1OC1CCCCO1,C=CCc1cc(/C=C2\SC(=O)N(C)C2=O)c(OC)cc1OC1CCCCO1,O=C1NC(=O)/C(=C/c2ccc(OC3CCCCO3)cc2)S1,O=C1NC(=O)/C(=C/c2ccc(OC3CCCCO3)cc2)S1,True,False,False,source_identity,1.0,0.7878787878787878,431.55400000000026,389.4730000000002,42.081000000000074,False,,,,,0.39718598618589046,0.5413211960634129,0.14413520987752243,False,,,,,,,,,,,,,,,,
scaffold_property_retrieval,mpair_00000744_cond_00_2p,mpair_00000744,eval,2,"LogP,RB",C=CCc1cc(/C=C2\SC(=O)N(CC=C(C)C)C2=O)c(OC)cc1OC1CCCCO1,C=CCc1cc(/C=C2\SC(=O)N(C(C)C)C2=O)c(OC)cc1OC1CCCCO1,C=CCc1cc(/C=C2\SC(=O)N(CC=C(C)C)C2=O)c(OC)cc1OC1CCCCO1,O=C1NC(=O)/C(=C/c2ccc(OC3CCCCO3)cc2)S1,O=C1NC(=O)/C(=C/c2ccc(OC3CCCCO3)cc2)S1,True,True,True,source_identity,1.0,0.7183098591549296,,,,,4.773800000000004,5.331600000000005,0.5578000000000012,True,,,,,,,,,,,,,,,,,7.0,8.0,1.0,True
scaffold_property_retrieval,mpair_00000746_cond_00_2p,mpair_00000746,eval,2,"QED,RB",C=CCc1cc(/C=C2\SC(=O)N(CC=C)C2=O)c(OC)cc1OC1CCCCO1,C=CCc1cc(/C=C2\SC(=O)N(CCCC)C2=O)c(OC)cc1OC1CCCCO1,C=CCc1cc(/C=C2\SC(=O)N(CC=C)C2=O)c(OC)cc1OC1CCCCO1,O=C1NC(=O)/C(=C/c2ccc(OC3CCCCO3)cc2)S1,O=C1NC(=O)/C(=C/c2ccc(OC3CCCCO3)cc2)S1,True,True,True,source_identity,1.0,0.8181818181818182,,,,,,,,,0.39718598618589046,0.45838471716690443,0.06119873098101397,True,,,,,,,,,,,,,9.0,8.0,1.0,True
scaffold_property_retrieval,mpair_00000751_cond_02_2p,mpair_00000751,eval,2,"LogP,RB",O=C1CCC[C@H]2OC[C@@H](Cc3c[nH]c4ccccc34)N12,CC[C@H]1CCC(=O)N2[C@H](Cc3c[nH]c4ccccc34)CO[C@H]12,O=C1CCC[C@H]2OC[C@@H](Cc3c[nH]c4ccccc34)N12,O=C1CCC[C@H]2OC[C@@H](Cc3c[nH]c4ccccc34)N12,O=C1CCC[C@H]2OC[C@@H](Cc3c[nH]c4ccccc34)N12,True,True,True,source_identity,1.0,0.6607142857142857,,,,,3.0839000000000016,2.447800000000001,0.6361000000000008,True,,,,,,,,,,,,,,,,,3.0,2.0,1.0,True
scaffold_property_retrieval,mpair_00000755_cond_00_2p,mpair_00000755,eval,2,"LogP,RB",CC[C@H]1CCC(=O)N2[C@H](Cc3c[nH]c4ccccc34)CO[C@H]12,O=C1CCC[C@H]2OC[C@@H](Cc3c[nH]c4ccccc34)N12,CC[C@H]1CCC(=O)N2[C@H](Cc3c[nH]c4ccccc34)CO[C@H]12,O=C1CCC[C@H]2OC[C@@H](Cc3c[nH]c4ccccc34)N12,O=C1CCC[C@H]2OC[C@@H](Cc3c[nH]c4ccccc34)N12,True,True,True,source_identity,1.0,0.6607142857142857,,,,,2.447800000000001,3.0839000000000016,0.6361000000000008,True,,,,,,,,,,,,,,,,,2.0,3.0,1.0,True
scaffold_property_retrieval,mpair_00000756_cond_02_2p,mpair_00000756,eval,2,"LogP,QED",Clc1cccc(-c2cncc(O[C@@H]3CCNC3)c2)c1,Clc1cccc(-c2cc(O[C@@H]3CCNC3)cnc2Cl)c1,Clc1cccc(-c2cncc(O[C@@H]3CCNC3)c2)c1,c1ccc(-c2cncc(O[C@@H]3CCNC3)c2)cc1,c1ccc(-c2cncc(O[C@@H]3CCNC3)c2)cc1,True,True,True,source_identity,1.0,0.68,,,,,3.796100000000002,3.1427000000000014,0.6534000000000004,True,0.8758671086324237,0.9336391660075258,0.05777205737510216,True,,,,,,,,,,,,,,,,
scaffold_property_retrieval,mpair_00000759_cond_00_2p,mpair_00000759,eval,2,"MW,LogP",c1ccc(-c2cncc(O[C@@H]3CCNC3)c2)cc1,Clc1cccc(-c2cc(O[C@@H]3CCNC3)cnc2Cl)c1,c1ccc(-c2cncc(O[C@@H]3CCNC3)c2)cc1,c1ccc(-c2cncc(O[C@@H]3CCNC3)c2)cc1,c1ccc(-c2cncc(O[C@@H]3CCNC3)c2)cc1,True,False,False,source_identity,1.0,0.5192307692307693,309.196,240.30599999999998,68.89000000000004,False,3.796100000000002,2.4893,1.3068000000000017,False,,,,,,,,,,,,,,,,,,,,
scaffold_property_retrieval,mpair_00000760_cond_02_2p,mpair_00000760,eval,2,"MW,LogP",Clc1cccc(-c2cc(O[C@@H]3CCNC3)cnc2Cl)c1,c1ccc(-c2cncc(O[C@@H]3CCNC3)c2)cc1,Clc1cccc(-c2cc(O[C@@H]3CCNC3)cnc2Cl)c1,c1ccc(-c2cncc(O[C@@H]3CCNC3)c2)cc1,c1ccc(-c2cncc(O[C@@H]3CCNC3)c2)cc1,True,False,False,source_identity,1.0,0.5192307692307693,240.30599999999998,309.196,68.89000000000004,False,2.4893,3.796100000000002,1.3068000000000017,False,,,,,,,,,,,,,,,,,,,,
scaffold_property_retrieval,mpair_00000763_cond_01_2p,mpair_00000763,eval,2,"HBA,RB",COc1cccc(-c2cncc(O[C@@H]3CCNC3)c2)c1,c1ccc(-c2cncc(O[C@@H]3CCNC3)c2)cc1,COc1cccc(-c2cncc(O[C@@H]3CCNC3)c2)c1,c1ccc(-c2cncc(O[C@@H]3CCNC3)c2)cc1,c1ccc(-c2cncc(O[C@@H]3CCNC3)c2)cc1,True,True,True,source_identity,1.0,0.75,,,,,,,,,,,,,,,,,,,,,3.0,4.0,1.0,True,3.0,4.0,1.0,True
scaffold_property_retrieval,mpair_00000765_cond_00_2p,mpair_00000765,eval,2,"QED,HBA",COc1cccc(-c2cncc(O[C@@H]3CCNC3)c2)c1,Clc1cccc(-c2cc(O[C@@H]3CCNC3)cnc2Cl)c1,COc1cccc(-c2cncc(O[C@@H]3CCNC3)c2)c1,c1ccc(-c2cncc(O[C@@H]3CCNC3)c2)cc1,c1ccc(-c2cncc(O[C@@H]3CCNC3)c2)cc1,True,True,True,source_identity,1.0,0.5,,,,,,,,,0.8758671086324237,0.9267061641096688,0.0508390554772451,True,,,,,,,,,3.0,4.0,1.0,True,,,,
scaffold_property_retrieval,mpair_00001116_cond_00_2p,mpair_00001116,eval,2,"HBA,RB",COc1ccc(N2CCN(CCC3NC(=O)c4ccccc43)CC2)cc1,O=C1NC(CCN2CCN(c3ccccc3)CC2)c2ccccc21,COc1ccc(N2CCN(CCC3NC(=O)c4ccccc43)CC2)cc1,O=C1NC(CCN2CCN(c3ccccc3)CC2)c2ccccc21,O=C1NC(CCN2CCN(c3ccccc3)CC2)c2ccccc21,True,True,True,source_identity,1.0,0.7708333333333334,,,,,,,,,,,,,,,,,,,,,3.0,4.0,1.0,True,4.0,5.0,1.0,True
scaffold_property_retrieval,mpair_00001119_cond_01_2p,mpair_00001119,eval,2,"HBA,RB",O=C1NC(CCN2CCN(c3ccccc3)CC2)c2ccccc21,COc1ccc(N2CCN(CCC3NC(=O)c4ccccc43)CC2)cc1,O=C1NC(CCN2CCN(c3ccccc3)CC2)c2ccccc21,O=C1NC(CCN2CCN(c3ccccc3)CC2)c2ccccc21,O=C1NC(CCN2CCN(c3ccccc3)CC2)c2ccccc21,True,True,True,source_identity,1.0,0.7708333333333334,,,,,,,,,,,,,,,,,,,,,4.0,3.0,1.0,True,5.0,4.0,1.0,True
scaffold_property_retrieval,mpair_00001121_cond_00_2p,mpair_00001121,eval,2,"MW,QED",O=C1NC(CCN2CCN(c3ccccc3)CC2)c2ccccc21,CN1C(=O)c2ccccc2C1CCN1CCN(c2ccc(Cl)cc2)CC1,O=C1NC(CCN2CCN(c3ccccc3)CC2)c2ccccc21,O=C1NC(CCN2CCN(c3ccccc3)CC2)c2ccccc21,O=C1NC(CCN2CCN(c3ccccc3)CC2)c2ccccc21,True,False,False,source_identity,1.0,0.4909090909090909,369.8960000000001,321.4240000000001,48.47199999999998,False,,,,,0.8221231339252668,0.9403172855884846,0.11819415166321778,False,,,,,,,,,,,,,,,,
scaffold_property_retrieval,mpair_00001122_cond_02_2p,mpair_00001122,eval,2,"QED,HBD",COc1ccc(N2CCN(CCC3c4ccccc4C(=O)N3C)CC2)cc1,COc1ccc(N2CCN(CCC3NC(=O)c4ccccc43)CC2)cc1,COc1ccc(N2CCN(CCC3c4ccccc4C(=O)N3C)CC2)cc1,O=C1NC(CCN2CCN(c3ccccc3)CC2)c2ccccc21,O=C1NC(CCN2CCN(c3ccccc3)CC2)c2ccccc21,True,True,True,source_identity,1.0,0.6545454545454545,,,,,,,,,0.8996022198661571,0.8160326048332845,0.08356961503287252,True,,,,,1.0,0.0,1.0,True,,,,,,,,
scaffold_property_retrieval,mpair_00001126_cond_00_2p,mpair_00001126,eval,2,"LogP,HBA",Cc1ccc(N2CCN(CCC3NC(=O)c4ccccc43)CC2)cc1C,COc1ccc(N2CCN(CCC3NC(=O)c4ccccc43)CC2)cc1,Cc1ccc(N2CCN(CCC3NC(=O)c4ccccc43)CC2)cc1C,O=C1NC(CCN2CCN(c3ccccc3)CC2)c2ccccc21,O=C1NC(CCN2CCN(c3ccccc3)CC2)c2ccccc21,True,True,True,source_identity,1.0,0.7037037037037037,,,,,2.692000000000001,3.3002400000000023,0.6082400000000012,True,,,,,,,,,,,,,4.0,3.0,1.0,True,,,,
scaffold_property_retrieval,mpair_00001129_cond_00_2p,mpair_00001129,eval,2,"QED,HBD",Cc1ccc(N2CCN(CCC3NC(=O)c4ccccc43)CC2)cc1C,CN1C(=O)c2ccccc2C1CCN1CCN(c2ccc(Cl)cc2)CC1,Cc1ccc(N2CCN(CCC3NC(=O)c4ccccc43)CC2)cc1C,O=C1NC(CCN2CCN(c3ccccc3)CC2)c2ccccc21,O=C1NC(CCN2CCN(c3ccccc3)CC2)c2ccccc21,True,True,True,source_identity,1.0,0.45901639344262296,,,,,,,,,0.8221231339252668,0.9198864151307602,0.09776328120549338,True,,,,,0.0,1.0,1.0,True,,,,,,,,
scaffold_property_retrieval,mpair_00001130_cond_02_2p,mpair_00001130,eval,2,"LogP,RB",COc1ccc(N2CCN(CCC3c4ccccc4C(=O)N3C)CC2)cc1,CN1C(=O)c2ccccc2C1CCN1CCN(c2ccc(Cl)cc2)CC1,COc1ccc(N2CCN(CCC3c4ccccc4C(=O)N3C)CC2)cc1,O=C1NC(CCN2CCN(c3ccccc3)CC2)c2ccccc21,O=C1NC(CCN2CCN(c3ccccc3)CC2)c2ccccc21,True,True,True,source_identity,1.0,0.76,,,,,3.679000000000003,3.034200000000002,0.6448000000000009,True,,,,,,,,,,,,,,,,,4.0,5.0,1.0,True
scaffold_property_retrieval,mpair_00001134_cond_02_2p,mpair_00001134,eval,2,"MW,QED",FC(F)(F)c1cccc(N2CCN(c3nc4ccsc4n4cccc34)CC2)c1,Fc1ccc(N2CCN(c3nc4ccsc4n4cccc34)CC2)cc1,Clc1ccc(N2CCN(c3nc4ccsc4n4cccc34)CC2)cc1,c1ccc(N2CCN(c3nc4ccsc4n4cccc34)CC2)cc1,c1ccc(N2CCN(c3nc4ccsc4n4cccc34)CC2)cc1,True,True,True,,0.6363636363636364,0.7872340425531915,352.43800000000016,368.89300000000014,16.454999999999984,True,,,,,0.5445182992427106,0.5191234865371509,0.025394812705559655,True,,,,,,,,,,,,,,,,
scaffold_property_retrieval,mpair_00001617_cond_01_2p,mpair_00001617,eval,2,"QED,RB",Cc1cc(F)cc2c1OCc1c-2ccc2c1C(C)CC(C)(C)N2,CC1CC(C)(C)Nc2ccc3c(c21)COc1c-3cc(F)cc1[N+](=O)[O-],Cc1cc(F)cc2c1OCc1c-2ccc2c1C(C)CC(C)(C)N2,c1ccc2c(c1)OCc1c-2ccc2c1CCCN2,c1ccc2c(c1)OCc1c-2ccc2c1CCCN2,True,False,False,source_identity,1.0,0.7192982456140351,,,,,,,,,0.5855235809891088,0.7039179552802654,0.11839437429115651,False,,,,,,,,,,,,,1.0,0.0,1.0,True
scaffold_property_retrieval,mpair_00001643_cond_01_2p,mpair_00001643,eval,2,"MW,QED",C=C(Br)CC1(C(C)C)C(=O)NC(=O)N(C)C1=O,C=CCC1(C(C)C#CCC)C(=O)NC(=O)N(C)C1=O,O=C(O)CCCCC/N=C/C1C(=O)NC(=O)NC1=O,O=C1CC(=O)NC(=O)N1,O=C1CC(=O)NC(=O)N1,True,False,False,,0.1206896551724138,0.109375,262.30899999999997,269.25700000000006,6.948000000000093,True,,,,,0.47348972477403223,0.33175190254623743,0.1417378222277948,False,,,,,,,,,,,,,,,,
scaffold_property_retrieval,mpair_00002259_cond_00_2p,mpair_00002259,eval,2,"LogP,QED",Cc1ccccc1NC(=O)c1c(C)n(-c2ccccc2C)c(C)cc1=O,Cc1cccc(C)c1NC(=O)c1c(C)n(-c2c(C)cccc2C)c(C)cc1=O,Cc1c(Br)c(=O)c(C(=O)Nc2ccccc2)c(C)n1-c1ccccc1,O=C(Nc1ccccc1)c1cn(-c2ccccc2)ccc1=O,O=C(Nc1ccccc1)c1cn(-c2ccccc2)ccc1=O,True,True,True,,0.35714285714285715,0.34545454545454546,,,,,4.940320000000004,4.469140000000003,0.47118000000000126,True,0.7058233303377046,0.709239916031685,0.0034165856939804007,True,,,,,,,,,,,,,,,,
scaffold_property_retrieval,mpair_00002372_cond_00_2p,mpair_00002372,eval,2,"HBA,RB",CCCCCNC(=O)Nc1c(SCCCn2cnc(-c3ccccc3)c2C)cccc1N(C)C,CCCCCNC(=O)Nc1c(C)cccc1SCCCn1cnc(-c2ccccc2)c1C,CCCCCNC(=O)Nc1c(SCCCn2cnc(-c3ccccc3)c2C)cccc1N(C)C,c1ccc(SCCCn2cnc(-c3ccccc3)c2)cc1,c1ccc(SCCCn2cnc(-c3ccccc3)c2)cc1,True,True,True,source_identity,1.0,0.8208955223880597,,,,,,,,,,,,,,,,,,,,,4.0,5.0,1.0,True,11.0,12.0,1.0,True
scaffold_property_retrieval,mpair_00002373_cond_02_2p,mpair_00002373,eval,2,"HBA,RB",CCCCCNC(=O)Nc1c(C)cccc1SCCCn1cnc(-c2ccccc2)c1C,CCCCCNC(=O)Nc1c(SCCCn2cnc(-c3ccccc3)c2C)cccc1N(C)C,CCCCCNC(=O)Nc1c(C)cccc1SCCCn1cnc(-c2ccccc2)c1C,c1ccc(SCCCn2cnc(-c3ccccc3)c2)cc1,c1ccc(SCCCn2cnc(-c3ccccc3)c2)cc1,True,True,True,source_identity,1.0,0.8208955223880597,,,,,,,,,,,,,,,,,,,,,5.0,4.0,1.0,True,12.0,11.0,1.0,True
scaffold_property_retrieval,mpair_00002463_cond_02_2p,mpair_00002463,eval,2,"LogP,RB",COc1ccc(NC(=O)c2cc(OCCCN(C)C)nn2Cc2ccccc2)cc1,CN(C)CCCOc1cc(C(=O)Nc2ccc(Cl)cc2F)n(Cc2ccccc2)n1,COc1ccc(NC(=O)c2cc(OCCCN(C)C)nn2Cc2ccccc2)cc1,O=C(Nc1ccccc1)c1ccnn1Cc1ccccc1,O=C(Nc1ccccc1)c1ccnn1Cc1ccccc1,True,True,True,source_identity,1.0,0.6567164179104478,,,,,4.306700000000003,3.522800000000002,0.7839000000000009,True,,,,,,,,,,,,,,,,,9.0,10.0,1.0,True
scaffold_property_retrieval,mpair_00002468_cond_00_2p,mpair_00002468,eval,2,"MW,QED",CN(C)CCCOc1cc(C(=O)Nc2cc(F)cc(C(F)(F)F)c2)n(Cc2ccccc2)n1,COc1ccc(NC(=O)c2cc(OCCCN(C)C)nn2Cc2ccccc2)cc1,CN(C)CCCOc1cc(C(=O)Nc2cc(F)cc(C(F)(F)F)c2)n(Cc2ccccc2)n1,O=C(Nc1ccccc1)c1ccnn1Cc1ccccc1,O=C(Nc1ccccc1)c1ccnn1Cc1ccccc1,True,False,False,source_identity,1.0,0.6764705882352942,408.50200000000007,464.4630000000001,55.96100000000001,False,,,,,0.5200250404910086,0.369385517709234,0.15063952278177462,False,,,,,,,,,,,,,,,,
scaffold_property_retrieval,mpair_00002474_cond_02_2p,mpair_00002474,eval,2,"QED,TPSA",COc1cc(NC(=O)c2cc(OCCCN(C)C)nn2Cc2ccccc2)cc(OC)c1OC,CN(C)CCCOc1cc(C(=O)Nc2ccc(Cl)cc2F)n(Cc2ccccc2)n1,COc1cc(NC(=O)c2cc(OCCCN(C)C)nn2Cc2ccccc2)cc(OC)c1OC,O=C(Nc1ccccc1)c1ccnn1Cc1ccccc1,O=C(Nc1ccccc1)c1ccnn1Cc1ccccc1,True,False,False,source_identity,1.0,0.6376811594202898,,,,,,,,,0.5138601191048354,0.4069700768443977,0.10689004226043775,False,59.39,87.08000000000001,27.690000000000012,False,,,,,,,,,,,,
scaffold_property_retrieval,mpair_00002477_cond_01_2p,mpair_00002477,eval,2,"QED,RB",CN(C)CCCOc1cc(C(=O)Nc2cc(F)cc(C(F)(F)F)c2)n(Cc2ccccc2)n1,CN(C)CCCOc1cc(C(=O)Nc2ccc(OC(F)(F)F)cc2)n(Cc2ccccc2)n1,CN(C)CCCOc1cc(C(=O)Nc2cc(F)cc(C(F)(F)F)c2)n(Cc2ccccc2)n1,O=C(Nc1ccccc1)c1ccnn1Cc1ccccc1,O=C(Nc1ccccc1)c1ccnn1Cc1ccccc1,True,True,True,source_identity,1.0,0.7101449275362319,,,,,,,,,0.4522382232340766,0.369385517709234,0.08285270552484258,True,,,,,,,,,,,,,10.0,9.0,1.0,True
scaffold_property_retrieval,mpair_00002481_cond_02_2p,mpair_00002481,eval,2,"TPSA,HBA",COc1cc(NC(=O)c2cc(OCCCN(C)C)nn2Cc2ccccc2)cc(OC)c1OC,CN(C)CCCOc1cc(C(=O)Nc2cc(F)cc(C(F)(F)F)c2)n(Cc2ccccc2)n1,COc1cc(NC(=O)c2cc(OCCCN(C)C)nn2Cc2ccccc2)cc(OC)c1OC,O=C(Nc1ccccc1)c1ccnn1Cc1ccccc1,O=C(Nc1ccccc1)c1ccnn1Cc1ccccc1,True,False,False,source_identity,1.0,0.6811594202898551,,,,,,,,,,,,,59.39,87.08000000000001,27.690000000000012,False,,,,,5.0,8.0,3.0,False,,,,
scaffold_property_retrieval,mpair_00002484_cond_02_2p,mpair_00002484,eval,2,"LogP,RB",CN(C)CCCOc1cc(C(=O)Nc2cccc(Cl)c2)n(Cc2ccccc2)n1,COc1ccc(NC(=O)c2cc(OCCCN(C)C)nn2Cc2ccccc2)cc1,CN(C)CCCOc1cc(C(=O)Nc2cccc(Cl)c2)n(Cc2ccccc2)n1,O=C(Nc1ccccc1)c1ccnn1Cc1ccccc1,O=C(Nc1ccccc1)c1ccnn1Cc1ccccc1,True,True,True,source_identity,1.0,0.7419354838709677,,,,,3.522800000000002,4.167600000000003,0.6448000000000009,True,,,,,,,,,,,,,,,,,10.0,9.0,1.0,True
scaffold_property_retrieval,mpair_00002487_cond_02_2p,mpair_00002487,eval,2,"QED,RB",CN(C)CCCOc1cc(C(=O)Nc2ccc(OC(F)(F)F)cc2)n(Cc2ccccc2)n1,CN(C)CCCOc1cc(C(=O)Nc2cc(F)cc(C(F)(F)F)c2)n(Cc2ccccc2)n1,CN(C)CCCOc1cc(C(=O)Nc2ccc(OC(F)(F)F)cc2)n(Cc2ccccc2)n1,O=C(Nc1ccccc1)c1ccnn1Cc1ccccc1,O=C(Nc1ccccc1)c1ccnn1Cc1ccccc1,True,True,True,source_identity,1.0,0.7101449275362319,,,,,,,,,0.369385517709234,0.4522382232340766,0.08285270552484258,True,,,,,,,,,,,,,9.0,10.0,1.0,True
scaffold_property_retrieval,mpair_00002492_cond_02_2p,mpair_00002492,eval,2,"LogP,TPSA",CC(C)OC(=O)c1cc(CO)cn1S(=O)(=O)c1cc(Cl)ccc1N,C=Cc1cc(C(=O)OCC)n(S(=O)(=O)c2cc(Cl)ccc2N)c1,N/C(S)=N/N=C/c1cccn1S(=O)(=O)c1ccccc1,O=S(=O)(c1ccccc1)n1cccc1,O=S(=O)(c1ccccc1)n1cccc1,True,False,False,,0.14666666666666667,0.16,,,,,2.7804,1.3035,1.4769,False,,,,,91.39,89.81,1.5799999999999983,True,,,,,,,,,,,,
scaffold_property_retrieval,mpair_00002495_cond_01_2p,mpair_00002495,eval,2,"LogP,RB",O=C1C(Nc2ccccc2)=C(Cl)C(=O)c2ncncc21,CCc1ccc(NC2=C(Cl)C(=O)c3ncncc3C2=O)cc1,O=C1C(Nc2cccc(Cl)c2)=C(Cl)C(=O)c2ncncc21,O=C1C(Nc2ccccc2)=CC(=O)c2ncncc21,O=C1C(Nc2ccccc2)=CC(=O)c2ncncc21,True,True,True,,0.7619047619047619,0.6122448979591837,,,,,2.980500000000001,3.0715000000000003,0.0909999999999993,True,,,,,,,,,,,,,,,,,3.0,2.0,1.0,True
scaffold_property_retrieval,mpair_00002497_cond_00_2p,mpair_00002497,eval,2,"MW,LogP",O=C1C(Nc2ccc(Br)cc2)=C(Cl)C(=O)c2ncncc21,O=C1C(Nc2ccccc2)=C(Cl)C(=O)c2ncncc21,Cc1ccc(NC2=C(Cl)C(=O)c3ncncc3C2=O)cc1,O=C1C(Nc2ccccc2)=CC(=O)c2ncncc21,O=C1C(Nc2ccccc2)=CC(=O)c2ncncc21,True,True,True,,0.7619047619047619,0.7560975609756098,285.69,299.71700000000004,14.027000000000044,True,2.4181,2.7265200000000007,0.3084200000000008,True,,,,,,,,,,,,,,,,,,,,
scaffold_property_retrieval,mpair_00002499_cond_02_2p,mpair_00002499,eval,2,"MW,LogP",O=C1C(Nc2cccc(Br)c2)=C(Cl)C(=O)c2ncncc21,O=C1C(Nc2ccccc2)=C(Cl)C(=O)c2ncncc21,Cc1ccc(NC2=C(Cl)C(=O)c3ncncc3C2=O)cc1,O=C1C(Nc2ccccc2)=CC(=O)c2ncncc21,O=C1C(Nc2ccccc2)=CC(=O)c2ncncc21,True,True,True,,0.625,0.7560975609756098,285.69,299.71700000000004,14.027000000000044,True,2.4181,2.7265200000000007,0.3084200000000008,True,,,,,,,,,,,,,,,,,,,,
scaffold_property_retrieval,mpair_00002502_cond_01_2p,mpair_00002502,eval,2,"MW,QED",O=C1C(Nc2cccc(Br)c2)=C(Cl)C(=O)c2ncncc21,CCc1ccc(NC2=C(Cl)C(=O)c3ncncc3C2=O)cc1,O=C1C(Nc2cccc(Cl)c2)=C(Cl)C(=O)c2ncncc21,O=C1C(Nc2ccccc2)=CC(=O)c2ncncc21,O=C1C(Nc2ccccc2)=CC(=O)c2ncncc21,True,True,True,,0.7777777777777778,0.6122448979591837,313.744,320.135,6.390999999999963,True,,,,,0.9428073960459649,0.9205249949064266,0.022282401139538277,True,,,,,,,,,,,,,,,,
scaffold_property_retrieval,mpair_00002506_cond_00_2p,mpair_00002506,eval,2,"HBA,RB",Cc1ccc(C(=O)CN2c3ccccc3C(=O)N(Cc3ccccc3)S2(=O)=O)cc1,COc1ccc(C(=O)CN2c3ccccc3C(=O)N(Cc3ccccc3)S2(=O)=O)cc1,Cc1ccc(C(=O)CN2c3ccccc3C(=O)N(Cc3ccccc3)S2(=O)=O)cc1,O=C(CN1c2ccccc2C(=O)N(Cc2ccccc2)S1(=O)=O)c1ccccc1,O=C(CN1c2ccccc2C(=O)N(Cc2ccccc2)S1(=O)=O)c1ccccc1,True,True,True,source_identity,1.0,0.7843137254901961,,,,,,,,,,,,,,,,,,,,,5.0,4.0,1.0,True,6.0,5.0,1.0,True
scaffold_property_retrieval,mpair_00002510_cond_01_2p,mpair_00002510,eval,2,"LogP,HBA",CSc1cc(-c2ccc(Br)cc2)oc(=O)c1C#N,CSc1cc(-c2ccc(Br)cc2)oc(=O)c1Cl,CSc1cc(-c2ccc(F)cc2)oc(=O)c1,O=c1cccc(-c2ccccc2)o1,O=c1cccc(-c2ccccc2)o1,True,False,False,,0.3469387755102041,0.3695652173913043,,,,,4.444600000000002,3.1678000000000024,1.2767999999999997,False,,,,,,,,,,,,,3.0,3.0,0.0,True,,,,
scaffold_property_retrieval,mpair_00002517_cond_00_2p,mpair_00002517,eval,2,"MW,LogP",CSc1cc(-c2ccc(Cl)cc2)oc(=O)c1Br,CSc1cc(-c2ccc(Cl)cc2)oc(=O)c1,CSc1cc(-c2ccc(F)cc2)oc(=O)c1,O=c1cccc(-c2ccccc2)o1,O=c1cccc(-c2ccccc2)o1,True,True,True,,0.3695652173913043,0.7142857142857143,252.72199999999998,236.26699999999997,16.455000000000013,True,3.682100000000002,3.1678000000000024,0.5142999999999995,True,,,,,,,,,,,,,,,,,,,,
scaffold_property_retrieval,mpair_00002525_cond_00_2p,mpair_00002525,eval,2,"QED,RB",CSc1cc(-c2ccc(Cl)cc2)oc(=O)c1C(N)=O,CSc1cc(-c2ccc(Br)cc2)oc(=O)c1C#N,CSc1cc(-c2ccc(F)cc2)oc(=O)c1,O=c1cccc(-c2ccccc2)o1,O=c1cccc(-c2ccccc2)o1,True,True,True,,0.34,0.3469387755102041,,,,,,,,,0.791886779601309,0.7501191134076561,0.04176766619365291,True,,,,,,,,,,,,,2.0,2.0,0.0,True
scaffold_property_retrieval,mpair_00002533_cond_01_2p,mpair_00002533,eval,2,"LogP,HBA",CSc1cc(-c2ccc(Br)cc2)oc(=O)c1C#N,CSc1cc(-c2ccc(Cl)cc2)oc(=O)c1Br,CSc1cc(-c2ccc(F)cc2)oc(=O)c1,O=c1cccc(-c2ccccc2)o1,O=c1cccc(-c2ccccc2)o1,True,False,False,,0.3469387755102041,0.3695652173913043,,,,,4.444600000000001,3.1678000000000024,1.2767999999999988,False,,,,,,,,,,,,,3.0,3.0,0.0,True,,,,
scaffold_property_retrieval,mpair_00002543_cond_00_2p,mpair_00002543,eval,2,"TPSA,HBD",CSc1cc(-c2ccc(Br)cc2)oc(=O)c1Cl,CSc1cc(-c2ccc(Cl)cc2)oc(=O)c1C(N)=O,CSc1cc(-c2ccc(F)cc2)oc(=O)c1,O=c1cccc(-c2ccccc2)o1,O=c1cccc(-c2ccccc2)o1,True,False,False,,0.3695652173913043,0.34,,,,,,,,,,,,,73.30000000000001,30.21,43.09000000000001,False,1.0,0.0,1.0,True,,,,,,,,
scaffold_property_retrieval,mpair_00002548_cond_02_2p,mpair_00002548,eval,2,"MW,LogP",CSc1cc(-c2ccc(Cl)cc2)oc(=O)c1,CSc1cc(-c2ccc(Br)cc2)oc(=O)c1Cl,CSc1cc(-c2ccc(F)cc2)oc(=O)c1,O=c1cccc(-c2ccccc2)o1,O=c1cccc(-c2ccccc2)o1,True,False,False,,0.7142857142857143,0.3695652173913043,331.61800000000005,236.26699999999997,95.35100000000008,False,4.444600000000002,3.1678000000000024,1.2767999999999997,False,,,,,,,,,,,,,,,,,,,,
scaffold_property_retrieval,mpair_00002558_cond_00_2p,mpair_00002558,eval,2,"MW,HBA",CSc1nc(-c2ccc(OC(F)(F)F)cc2)nn1C(=O)N(C)c1ccccc1,CSc1nc(-c2ccc(Cl)cc2)nn1C(=O)N(C)c1ccccc1,CSc1nc(-c2ccc(OC(F)(F)F)cc2)nn1C(=O)N(C)c1ccccc1,O=C(Nc1ccccc1)n1cnc(-c2ccccc2)n1,O=C(Nc1ccccc1)n1cnc(-c2ccccc2)n1,True,False,False,source_identity,1.0,0.7037037037037037,358.85400000000004,408.4050000000001,49.551000000000045,False,,,,,,,,,,,,,,,,,5.0,6.0,1.0,True,,,,
scaffold_property_retrieval,mpair_00002561_cond_02_2p,mpair_00002561,eval,2,"LogP,RB",CSc1nc(-c2ccc(C)cc2)nn1C(=O)N(C)c1ccccc1,CN(C(=O)n1nc(-c2ccc(Cl)cc2)nc1SCC(F)(F)F)c1ccccc1,CSc1nc(-c2ccc(C)cc2)nn1C(=O)N(C)c1ccccc1,O=C(Nc1ccccc1)n1cnc(-c2ccccc2)n1,O=C(Nc1ccccc1)n1cnc(-c2ccccc2)n1,True,False,False,source_identity,1.0,0.5862068965517241,,,,,5.357400000000003,4.079920000000002,1.2774800000000006,False,,,,,,,,,,,,,,,,,4.0,3.0,1.0,True
scaffold_property_retrieval,mpair_00002564_cond_00_2p,mpair_00002564,eval,2,"LogP,HBA",CSc1nc(-c2ccc(OC(F)(F)F)cc2)nn1C(=O)N(C)c1ccccc1,CN(C(=O)n1nc(-c2ccc(Cl)cc2)nc1SCC(F)(F)F)c1ccccc1,CSc1nc(-c2ccc(OC(F)(F)F)cc2)nn1C(=O)N(C)c1ccccc1,O=C(Nc1ccccc1)n1cnc(-c2ccccc2)n1,O=C(Nc1ccccc1)n1cnc(-c2ccccc2)n1,True,True,True,source_identity,1.0,0.5967741935483871,,,,,5.357400000000003,4.670100000000003,0.6872999999999996,True,,,,,,,,,,,,,5.0,6.0,1.0,True,,,,
scaffold_property_retrieval,mpair_00002566_cond_02_2p,mpair_00002566,eval,2,"HBD,RB",COc1cc(C(=O)N2CCN(C(=O)c3cc(OC)c(OC)c(OC)c3)C(COC(=O)CC(C)(C)C)C2)cc(OC)c1OC,COc1cc(C(=O)N2CCN(C(=O)c3cc(OC)c(OC)c(OC)c3)C(COC(=O)NCCC(C)C)C2)cc(OC)c1OC,COc1cc(C(=O)N2CCN(C(=O)c3cc(OC)c(OC)c(OC)c3)C(COC(=O)CC(C)(C)C)C2)cc(OC)c1OC,O=C(c1ccccc1)N1CCN(C(=O)c2ccccc2)CC1,O=C(c1ccccc1)N1CCN(C(=O)c2ccccc2)CC1,True,False,False,source_identity,1.0,0.6451612903225806,,,,,,,,,,,,,,,,,1.0,0.0,1.0,True,,,,,13.0,11.0,2.0,False
scaffold_property_retrieval,mpair_00002569_cond_02_2p,mpair_00002569,eval,2,"TPSA,HBA",COc1cc(C(=O)N2CCN(C(=O)c3cc(OC)c(OC)c(OC)c3)CC2)cc(OC)c1OC,COc1cc(C(=O)N2CCN(C(=O)c3cc(OC)c(OC)c(OC)c3)C(CO)C2)cc(OC)c1OC,COc1cc(C(=O)N2CCN(C(=O)c3cc(OC)c(OC)c(OC)c3)CC2)cc(OC)c1OC,O=C(c1ccccc1)N1CCN(C(=O)c2ccccc2)CC1,O=C(c1ccccc1)N1CCN(C(=O)c2ccccc2)CC1,True,False,False,source_identity,1.0,0.6341463414634146,,,,,,,,,,,,,116.23000000000002,96.00000000000001,20.230000000000004,False,,,,,9.0,8.0,1.0,True,,,,
scaffold_property_retrieval,mpair_00002573_cond_01_2p,mpair_00002573,eval,2,"LogP,RB",COc1cc(C(=O)N2CCN(C(=O)c3cc(OC)c(OC)c(OC)c3)C(COC(=O)CC(C)(C)C)C2)cc(OC)c1OC,COc1cc(C(=O)N2CCN(C(=O)c3cc(OC)c(OC)c(OC)c3)C(COC(C)=O)C2)cc(OC)c1OC,COc1cc(C(=O)N2CCN(C(=O)c3cc(OC)c(OC)c(OC)c3)C(COC(=O)CC(C)(C)C)C2)cc(OC)c1OC,O=C(c1ccccc1)N1CCN(C(=O)c2ccccc2)CC1,O=C(c1ccccc1)N1CCN(C(=O)c2ccccc2)CC1,True,False,False,source_identity,1.0,0.7547169811320755,,,,,2.2681000000000004,3.684400000000003,1.4163000000000023,False,,,,,,,,,,,,,,,,,10.0,11.0,1.0,True
scaffold_property_retrieval,mpair_00002575_cond_02_2p,mpair_00002575,eval,2,"LogP,QED",COc1cc(C(=O)N2CCN(C(=O)c3cc(OC)c(OC)c(OC)c3)C(COC(C)=O)C2)cc(OC)c1OC,COc1cc(C(=O)N2CCN(C(=O)c3cc(OC)c(OC)c(OC)c3)C(COC(=O)CC(C)(C)C)C2)cc(OC)c1OC,COc1cc(C(=O)N2CCN(C(=O)c3cc(OC)c(OC)c(OC)c3)C(COC(C)=O)C2)cc(OC)c1OC,O=C(c1ccccc1)N1CCN(C(=O)c2ccccc2)CC1,O=C(c1ccccc1)N1CCN(C(=O)c2ccccc2)CC1,True,False,False,source_identity,1.0,0.7547169811320755,,,,,3.684400000000003,2.2681000000000004,1.4163000000000023,False,0.3521539372279048,0.41028124355120477,0.05812730632329999,True,,,,,,,,,,,,,,,,
scaffold_property_retrieval,mpair_00002578_cond_00_2p,mpair_00002578,eval,2,"LogP,RB",CCN(CC)C(=O)OCC1CN(C(=O)c2cc(OC)c(OC)c(OC)c2)CCN1C(=O)c1cc(OC)c(OC)c(OC)c1,COc1cc(C(=O)N2CCN(C(=O)c3cc(OC)c(OC)c(OC)c3)C(COC(=O)CC(C)(C)C)C2)cc(OC)c1OC,CCN(CC)C(=O)OCC1CN(C(=O)c2cc(OC)c(OC)c(OC)c2)CCN1C(=O)c1cc(OC)c(OC)c(OC)c1,O=C(c1ccccc1)N1CCN(C(=O)c2ccccc2)CC1,O=C(c1ccccc1)N1CCN(C(=O)c2ccccc2)CC1,True,True,True,source_identity,1.0,0.6896551724137931,,,,,3.684400000000003,3.1834000000000024,0.5010000000000003,True,,,,,,,,,,,,,,,,,11.0,12.0,1.0,True
scaffold_property_retrieval,mpair_00002585_cond_02_2p,mpair_00002585,eval,2,"TPSA,RB",COc1cc(C(=O)N2CCN(C(=O)c3cc(OC)c(OC)c(OC)c3)C(COC(C)=O)C2)cc(OC)c1OC,COc1cc(C(=O)N2CCN(C(=O)c3cc(OC)c(OC)c(OC)c3)CC2)cc(OC)c1OC,COc1cc(C(=O)N2CCN(C(=O)c3cc(OC)c(OC)c(OC)c3)C(COC(C)=O)C2)cc(OC)c1OC,O=C(c1ccccc1)N1CCN(C(=O)c2ccccc2)CC1,O=C(c1ccccc1)N1CCN(C(=O)c2ccccc2)CC1,True,False,False,source_identity,1.0,0.5777777777777777,,,,,,,,,,,,,96.00000000000001,122.30000000000001,26.299999999999997,False,,,,,,,,,8.0,10.0,2.0,False
scaffold_property_retrieval,mpair_00002595_cond_02_2p,mpair_00002595,eval,2,"TPSA,HBA",COc1cc(C(=O)N2CCN(C(=O)c3cc(OC)c(OC)c(OC)c3)CC2)cc(OC)c1OC,COc1cc(C(=O)N2CCN(C(=O)c3cc(OC)c(OC)c(OC)c3)C(COC(=O)CC(C)(C)C)C2)cc(OC)c1OC,COc1cc(C(=O)N2CCN(C(=O)c3cc(OC)c(OC)c(OC)c3)CC2)cc(OC)c1OC,O=C(c1ccccc1)N1CCN(C(=O)c2ccccc2)CC1,O=C(c1ccccc1)N1CCN(C(=O)c2ccccc2)CC1,True,False,False,source_identity,1.0,0.52,,,,,,,,,,,,,122.30000000000001,96.00000000000001,26.299999999999997,False,,,,,10.0,8.0,2.0,False,,,,
scaffold_property_retrieval,mpair_00002599_cond_00_2p,mpair_00002599,eval,2,"TPSA,HBA",COc1ccc(C(=O)Nc2c(Cl)cncc2Cl)c2ccc(C(C)=O)nc12,CCc1ccc2c(C(=O)Nc3c(Cl)cncc3Cl)ccc(OC)c2n1,COc1ccc(C(=O)Nc2c(Cl)cncc2Cl)c2ccc(C(C)=O)nc12,O=C(Nc1ccncc1)c1cccc2ncccc12,O=C(Nc1ccncc1)c1cccc2ncccc12,True,True,True,source_identity,1.0,0.7222222222222222,,,,,,,,,,,,,64.11,81.17999999999999,17.069999999999993,True,,,,,4.0,5.0,1.0,True,,,,
scaffold_property_retrieval,mpair_00002602_cond_00_2p,mpair_00002602,eval,2,"TPSA,HBD",COc1ccc(C(=O)Nc2ccncc2Cl)c2ccc(C(F)(F)F)nc12,COc1ccc(C(=O)Nc2c(Cl)cncc2Cl)c2ccc(C(C)O)nc12,COc1ccc(C(=O)Nc2ccncc2Cl)c2ccc(C(F)(F)F)nc12,O=C(Nc1ccncc1)c1cccc2ncccc12,O=C(Nc1ccncc1)c1cccc2ncccc12,True,False,False,source_identity,1.0,0.5230769230769231,,,,,,,,,,,,,84.34,64.11,20.230000000000004,False,2.0,1.0,1.0,True,,,,,,,,
scaffold_property_retrieval,mpair_00002604_cond_01_2p,mpair_00002604,eval,2,"TPSA,HBA",CCc1ccc2c(C(=O)Nc3c(Cl)cncc3Cl)ccc(OC)c2n1,COc1ccc(C(=O)Nc2c(Cl)cncc2Cl)c2ccc(C(C)=O)nc12,CCc1ccc2c(C(=O)Nc3c(Cl)cncc3Cl)ccc(OC)c2n1,O=C(Nc1ccncc1)c1cccc2ncccc12,O=C(Nc1ccncc1)c1cccc2ncccc12,True,True,True,source_identity,1.0,0.7222222222222222,,,,,,,,,,,,,81.17999999999999,64.11,17.069999999999993,True,,,,,5.0,4.0,1.0,True,,,,
scaffold_property_retrieval,mpair_00002609_cond_00_2p,mpair_00002609,eval,2,"LogP,QED",COc1ccc(C(=O)Nc2c(Cl)cncc2Cl)c2cccnc12,CCc1ccc2c(C(=O)Nc3c(Cl)cncc3Cl)ccc(OC)c2n1,COc1ccc(C(=O)Nc2c(Cl)cncc2Cl)c2cccnc12,O=C(Nc1ccncc1)c1cccc2ncccc12,O=C(Nc1ccncc1)c1cccc2ncccc12,True,True,True,source_identity,1.0,0.6545454545454545,,,,,4.759900000000003,4.1975000000000025,0.5624000000000002,True,0.7131894410136064,0.7706046174674384,0.057415176453831984,True,,,,,,,,,,,,,,,,
scaffold_property_retrieval,mpair_00002612_cond_02_2p,mpair_00002612,eval,2,"LogP,RB",CCc1ccc2c(C(=O)Nc3c(Cl)cncc3Cl)ccc(OC)c2n1,COc1ccc(C(=O)Nc2c(F)cncc2F)c2ccc(C(F)(F)F)nc12,CCc1ccc2c(C(=O)Nc3c(Cl)cncc3Cl)ccc(OC)c2n1,O=C(Nc1ccncc1)c1cccc2ncccc12,O=C(Nc1ccncc1)c1cccc2ncccc12,True,True,True,source_identity,1.0,0.5409836065573771,,,,,4.187700000000001,4.759900000000003,0.5722000000000014,True,,,,,,,,,,,,,,,,,3.0,4.0,1.0,True
scaffold_property_retrieval,mpair_00002616_cond_02_2p,mpair_00002616,eval,2,"HBA,RB",COc1ccc(C(=O)Nc2c(F)cncc2F)c2ccc(C(F)(F)F)nc12,COc1ccc(C(=O)Nc2c(Cl)cncc2Cl)c2ccc(C(C)=O)nc12,COc1ccc(C(=O)Nc2c(F)cncc2F)c2ccc(C(F)(F)F)nc12,O=C(Nc1ccncc1)c1cccc2ncccc12,O=C(Nc1ccncc1)c1cccc2ncccc12,True,True,True,source_identity,1.0,0.55,,,,,,,,,,,,,,,,,,,,,5.0,4.0,1.0,True,4.0,3.0,1.0,True
scaffold_property_retrieval,mpair_00002621_cond_01_2p,mpair_00002621,eval,2,"MW,QED",COc1ccc(C(=O)Nc2c(Cl)cncc2Cl)c2cccnc12,COc1ccc(C(=O)Nc2c(F)cncc2F)c2ccc(C(F)(F)F)nc12,COc1ccc(C(=O)Nc2c(Cl)cncc2Cl)c2cccnc12,O=C(Nc1ccncc1)c1cccc2ncccc12,O=C(Nc1ccncc1)c1cccc2ncccc12,True,False,False,source_identity,1.0,0.4918032786885246,383.276,348.1890000000001,35.08699999999993,False,,,,,0.6893032571109005,0.7706046174674384,0.0813013603565379,True,,,,,,,,,,,,,,,,
scaffold_property_retrieval,mpair_00002624_cond_00_2p,mpair_00002624,eval,2,"LogP,QED",COc1ccc(C(=O)Nc2ccncc2Cl)c2ccc(C(F)(F)F)nc12,COc1ccc(C(=O)Nc2ccncc2Cl)c2cccnc12,COc1ccc(C(=O)Nc2ccncc2Cl)c2ccc(C(F)(F)F)nc12,O=C(Nc1ccncc1)c1cccc2ncccc12,O=C(Nc1ccncc1)c1cccc2ncccc12,True,False,False,source_identity,1.0,0.6724137931034483,,,,,3.544100000000002,4.562900000000002,1.0187999999999997,False,0.8029165077767629,0.7218484507203837,0.0810680570563792,True,,,,,,,,,,,,,,,,
scaffold_property_retrieval,mpair_00002628_cond_02_2p,mpair_00002628,eval,2,"LogP,QED",CC(C)[C@@H](O)C(=O)N1C[C@H](c2ccccc2)C[C@H]1C(=O)N[C@@H](CC(F)F)C(=O)NCCc1c(F)cc(C(=O)O)cc1F,CC(C)CC(=O)N1C[C@H](c2ccccc2)C[C@H]1C(=O)N[C@@H](CC(F)F)C(=O)NCCc1c(F)cc(C(=O)O)cc1F,CC(C)[C@@H](O)C(=O)N1C[C@H](c2ccccc2)C[C@H]1C(=O)N[C@@H](CC(F)F)C(=O)NCCc1c(F)cc(C(=O)O)cc1F,O=C(CNC(=O)[C@@H]1C[C@@H](c2ccccc2)CN1)NCCc1ccccc1,O=C(CNC(=O)[C@@H]1C[C@@H](c2ccccc2)CN1)NCCc1ccccc1,True,False,False,source_identity,1.0,0.7916666666666666,,,,,3.892500000000002,2.8633000000000006,1.0292000000000012,False,0.3302613314122171,0.2789053789646464,0.051355952447570685,True,,,,,,,,,,,,,,,,
scaffold_property_retrieval,mpair_00003109_cond_00_2p,mpair_00003109,eval,2,"LogP,QED",CN1CCC[C@H]1COc1cccnn1,CN1CCC[C@H]1COc1ccc(Cl)nn1,CN1CCC[C@H]1COc1cccnn1,c1cnnc(OC[C@@H]2CCCN2)c1,c1cnnc(OC[C@@H]2CCCN2)c1,True,True,True,source_identity,1.0,0.6511627906976745,,,,,1.6029999999999998,0.9495999999999998,0.6534,True,0.7864914737289573,0.7160423680458043,0.07044910568315299,True,,,,,,,,,,,,,,,,
scaffold_property_retrieval,mpair_00003110_cond_02_2p,mpair_00003110,eval,2,"QED,RB",CCCCc1nnc2nc(C)c(C)c(=O)n2n1,Cc1nc2nnc(C(C)(C)C)nn2c(=O)c1C,CCCCc1nnc2nc(C)c(C)c(=O)n2n1,O=c1ccnc2nncnn12,O=c1ccnc2nncnn12,True,False,False,source_identity,1.0,0.5238095238095238,,,,,,,,,0.6723856505150625,0.7849999676400611,0.11261431712499859,False,,,,,,,,,,,,,0.0,3.0,3.0,False
scaffold_property_retrieval,mpair_00003112_cond_01_2p,mpair_00003112,eval,2,"LogP,QED",Cc1nc2nnc(C(C)(C)C)nn2c(=O)c1C,Cc1nc2nncnn2c(=O)c1C,Cc1nc2nnc(C(C)(C)C)nn2c(=O)c1C,O=c1ccnc2nncnn12,O=c1ccnc2nncnn12,True,False,False,source_identity,1.0,0.48717948717948717,,,,,-0.5036600000000002,0.7938399999999997,1.2974999999999999,False,0.541825521381232,0.6723856505150625,0.13056012913383053,False,,,,,,,,,,,,,,,,
scaffold_property_retrieval,mpair_00003201_cond_01_2p,mpair_00003201,eval,2,"HBD,HBA",O=C(O)c1ccc(NCCCCCCc2cccs2)cc1,CCOC(=O)c1ccc(NCCCCCCc2cccs2)cc1,O=C(O)c1ccc(NCCCCCCc2cccs2)cc1,c1ccc(NCCCCCCc2cccs2)cc1,c1ccc(NCCCCCCc2cccs2)cc1,True,True,True,source_identity,1.0,0.7021276595744681,,,,,,,,,,,,,,,,,1.0,2.0,1.0,True,4.0,3.0,1.0,True,,,,
scaffold_property_retrieval,mpair_00003203_cond_01_2p,mpair_00003203,eval,2,"TPSA,HBA",N#Cc1cnn(C(=O)OCc2ccc(-c3ccccc3)cc2)c1,Cc1cnn(C(=O)OCc2ccc(-c3ccccc3)cc2)c1,N#Cc1cnn(C(=O)OCc2ccc(-c3ccccc3)cc2)c1,O=C(OCc1ccc(-c2ccccc2)cc1)n1cccn1,O=C(OCc1ccc(-c2ccccc2)cc1)n1cccn1,True,False,False,source_identity,1.0,0.6808510638297872,,,,,,,,,,,,,44.120000000000005,67.91,23.789999999999992,False,,,,,4.0,5.0,1.0,True,,,,
scaffold_property_retrieval,mpair_00003205_cond_00_2p,mpair_00003205,eval,2,"TPSA,HBA",N#Cc1cnn(C(=O)OCc2ccc(-c3ccccc3)cc2)c1,O=C(OCc1ccc(-c2ccccc2)cc1)n1cccn1,N#Cc1cnn(C(=O)OCc2ccc(-c3ccccc3)cc2)c1,O=C(OCc1ccc(-c2ccccc2)cc1)n1cccn1,O=C(OCc1ccc(-c2ccccc2)cc1)n1cccn1,True,False,False,source_identity,1.0,0.5833333333333334,,,,,,,,,,,,,44.120000000000005,67.91,23.789999999999992,False,,,,,4.0,5.0,1.0,True,,,,
scaffold_property_retrieval,mpair_00003208_cond_01_2p,mpair_00003208,eval,2,"QED,TPSA",NC(=O)N/N=C\c1ccccc1OCc1ccc2no[n+]([O-])c2c1,NC(=S)N/N=C/c1cccc(OCc2ccc3no[n+]([O-])c3c2)c1,NC(=O)N/N=C\c1ccccc1OCc1ccc2no[n+]([O-])c2c1,c1ccc(OCc2ccc3no[nH+]c3c2)cc1,c1ccc(OCc2ccc3no[nH+]c3c2)cc1,True,False,False,source_identity,1.0,0.5882352941176471,,,,,,,,,0.30972390933844063,0.4106849547701945,0.10096104543175388,False,112.61,129.68,17.070000000000007,True,,,,,,,,,,,,
scaffold_property_retrieval,mpair_00003211_cond_01_2p,mpair_00003211,eval,2,"MW,LogP",CC[C@H]1OC(=O)[C@H](C)[C@@H](OC(C)=O)[C@H](C)[C@@H](OC2O[C@H](C)C[C@H](N(C)C)C2O)[C@@](C)(OC)C[C@@H](C)C(=O)[C@H](C)[C@@H](O)[C@]1(C)O,CC[C@H]1OC(=O)[C@H](C)[C@@H](O)[C@H](C)[C@@H](OC2O[C@H](C)C[C@H](N(C)C)C2O)[C@@](C)(OC)C[C@@H](C)C(=O)[C@H](C)[C@@H](O)[C@]1(C)O,CC[C@H]1OC(=O)[C@H](C)[C@@H](OC(C)=O)[C@H](C)[C@@H](OC2O[C@H](C)C[C@H](N(C)C)C2O)[C@@](C)(OC)C[C@@H](C)C(=O)[C@H](C)[C@@H](O)[C@]1(C)O,O=C1CCCCOC(=O)CCC[C@@H](OC2CCCCO2)CCC1,O=C1CCCCOC(=O)CCC[C@@H](OC2CCCCO2)CCC1,True,False,False,source_identity,1.0,0.821917808219178,589.7670000000004,631.8040000000003,42.03699999999992,False,1.5145000000000022,2.0853000000000033,0.5708000000000011,True,,,,,,,,,,,,,,,,,,,,
scaffold_property_retrieval,mpair_00003215_cond_00_2p,mpair_00003215,eval,2,"MW,TPSA",COC(=O)c1ccc2c(Nc3ccc(Cl)cc3)nc(N3CCOCC3)nc2c1,Clc1ccc(Nc2nc(N3CCOCC3)nc3ccccc23)cc1,COC(=O)c1ccc2c(Nc3ccc(Cl)cc3)nc(N3CCOCC3)nc2c1,c1ccc(Nc2nc(N3CCOCC3)nc3ccccc23)cc1,c1ccc(Nc2nc(N3CCOCC3)nc3ccccc23)cc1,True,False,False,source_identity,1.0,0.631578947368421,340.81399999999996,398.85000000000025,58.036000000000286,False,,,,,,,,,50.28,76.58,26.299999999999997,False,,,,,,,,,,,,
scaffold_property_retrieval,mpair_00003223_cond_00_2p,mpair_00003223,eval,2,"MW,QED",COc1ccc(S(=O)(=O)N(Cc2cccnc2)c2c(C)cc(Br)cc2C(=O)NO)cc1,COc1ccc(S(=O)(=O)N(Cc2cccnc2)c2c(C)cccc2C(=O)NO)cc1,COc1ccc(S(=O)(=O)N(Cc2cccnc2)c2c(C)cc(Br)cc2C(=O)NO)cc1,O=S(=O)(c1ccccc1)N(Cc1cccnc1)c1ccccc1,O=S(=O)(c1ccccc1)N(Cc1cccnc1)c1ccccc1,True,False,False,source_identity,1.0,0.819672131147541,427.48200000000014,506.37800000000016,78.89600000000002,False,,,,,0.44330794633881315,0.3740614499694089,0.06924649636940428,True,,,,,,,,,,,,,,,,
scaffold_property_retrieval,mpair_00003225_cond_00_2p,mpair_00003225,eval,2,"QED,RB",COCCCN(/C(S)=C1/C(=O)c2cc(Cl)ccc2N(C)C1=O)c1ccccc1,COc1cccc(N(C)/C(S)=C2/C(=O)c3cc(Cl)ccc3N(C)C2=O)c1,COCCCN(/C(S)=C1/C(=O)c2cc(Cl)ccc2N(C)C1=O)c1ccccc1,O=C1Nc2ccccc2C(=O)/C1=C/Nc1ccccc1,O=C1Nc2ccccc2C(=O)/C1=C/Nc1ccccc1,True,False,False,source_identity,1.0,0.5846153846153846,,,,,,,,,0.4935411914533051,0.3319041471572704,0.1616370442960347,False,,,,,,,,,,,,,3.0,6.0,3.0,False
scaffold_property_retrieval,mpair_00003226_cond_02_2p,mpair_00003226,eval,2,"QED,RB",COc1cccc(N(C)/C(S)=C2/C(=O)c3cc(Cl)ccc3N(C)C2=O)c1,COCCCN(/C(S)=C1/C(=O)c2cc(Cl)ccc2N(C)C1=O)c1ccccc1,COc1cccc(N(C)/C(S)=C2/C(=O)c3cc(Cl)ccc3N(C)C2=O)c1,O=C1Nc2ccccc2C(=O)/C1=C/Nc1ccccc1,O=C1Nc2ccccc2C(=O)/C1=C/Nc1ccccc1,True,False,False,source_identity,1.0,0.5846153846153846,,,,,,,,,0.3319041471572704,0.4935411914533051,0.1616370442960347,False,,,,,,,,,,,,,6.0,3.0,3.0,False
scaffold_property_retrieval,mpair_00003229_cond_01_2p,mpair_00003229,eval,2,"HBD,HBA",CCCCc1nn(-c2ccccn2)c(C(=O)OCC)c1Cc1ccc(-c2ccccc2-c2nn[nH]n2)cc1,CCCCc1nn(-c2ccccn2)c(C(=O)O)c1Cc1ccc(-c2ccccc2-c2nn[nH]n2)cc1,CCCCc1nn(-c2ccccn2)c(C(=O)OCC)c1Cc1ccc(-c2ccccc2-c2nn[nH]n2)cc1,c1ccc(-n2cc(Cc3ccc(-c4ccccc4-c4nn[nH]n4)cc3)cn2)nc1,c1ccc(-n2cc(Cc3ccc(-c4ccccc4-c4nn[nH]n4)cc3)cn2)nc1,True,True,True,source_identity,1.0,0.8405797101449275,,,,,,,,,,,,,,,,,2.0,1.0,1.0,True,7.0,8.0,1.0,True,,,,
scaffold_property_retrieval,mpair_00003534_cond_00_2p,mpair_00003534,eval,2,"QED,RB",O=S(=O)(CC(F)(F)F)N(Cc1cccnc1)c1cccc(OC(F)(F)F)c1,CC(C)Oc1cccc(N(Cc2cccnc2)S(=O)(=O)CC(F)(F)F)c1,O=S(=O)(CC(F)(F)F)N(Cc1cccnc1)c1cccc(OC(F)(F)F)c1,c1ccc(NCc2cccnc2)cc1,c1ccc(NCc2cccnc2)cc1,True,True,True,source_identity,1.0,0.7777777777777778,,,,,,,,,0.7245796953652621,0.6736163493728189,0.05096334599244323,True,,,,,,,,,,,,,7.0,6.0,1.0,True
scaffold_property_retrieval,mpair_00003537_cond_00_2p,mpair_00003537,eval,2,"MW,QED",CC(C)COc1cccc(N(Cc2cccnc2)S(=O)(=O)CC(F)(F)F)c1,CCOC(=O)C(C)Oc1cccc(N(Cc2cccnc2)S(=O)(=O)CC(F)(F)F)c1,CC(C)COc1cccc(N(Cc2cccnc2)S(=O)(=O)CC(F)(F)F)c1,c1ccc(NCc2cccnc2)cc1,c1ccc(NCc2cccnc2)cc1,True,False,False,source_identity,1.0,0.6984126984126984,446.4470000000001,402.43800000000005,44.00900000000007,False,,,,,0.5496815697636838,0.6693605971809802,0.11967902741729641,False,,,,,,,,,,,,,,,,
scaffold_property_retrieval,mpair_00003541_cond_02_2p,mpair_00003541,eval,2,"LogP,QED",CC(C)Oc1cccc(N(Cc2cccnc2)S(=O)(=O)CC(F)(F)F)c1,CCC(C)COc1cccc(N(Cc2cccnc2)S(=O)(=O)CC(F)(F)F)c1,CC(C)Oc1cccc(N(Cc2cccnc2)S(=O)(=O)CC(F)(F)F)c1,c1ccc(NCc2cccnc2)cc1,c1ccc(NCc2cccnc2)cc1,True,False,False,source_identity,1.0,0.7457627118644068,,,,,4.405200000000004,3.7675000000000027,0.6377000000000015,True,0.6078002459089881,0.7245796953652621,0.11677944945627405,False,,,,,,,,,,,,,,,,
scaffold_property_retrieval,mpair_00003543_cond_01_2p,mpair_00003543,eval,2,"QED,RB",CC(C)Oc1cccc(N(Cc2cccnc2)S(=O)(=O)CC(F)(F)F)c1,COc1cccc(N(Cc2cccnc2)S(=O)(=O)CC(F)(F)F)c1,CC(C)Oc1cccc(N(Cc2cccnc2)S(=O)(=O)CC(F)(F)F)c1,c1ccc(NCc2cccnc2)cc1,c1ccc(NCc2cccnc2)cc1,True,True,True,source_identity,1.0,0.8113207547169812,,,,,,,,,0.7946521442277092,0.7245796953652621,0.07007244886244712,True,,,,,,,,,,,,,6.0,7.0,1.0,True
scaffold_property_retrieval,mpair_00003546_cond_00_2p,mpair_00003546,eval,2,"MW,RB",COc1cccc(N(Cc2cccnc2)S(=O)(=O)CC(F)(F)F)c1,CCCC(C)Oc1cccc(N(Cc2cccnc2)S(=O)(=O)CC(F)(F)F)c1,COc1cccc(N(Cc2cccnc2)S(=O)(=O)CC(F)(F)F)c1,c1ccc(NCc2cccnc2)cc1,c1ccc(NCc2cccnc2)cc1,True,False,False,source_identity,1.0,0.7413793103448276,416.4650000000001,360.3570000000001,56.108000000000004,False,,,,,,,,,,,,,,,,,,,,,9.0,6.0,3.0,False
scaffold_property_retrieval,mpair_00003548_cond_00_2p,mpair_00003548,eval,2,"QED,RB",CCOC(=O)C(C)Oc1cccc(N(Cc2cccnc2)S(=O)(=O)CC(F)(F)F)c1,O=S(=O)(CC(F)(F)F)N(Cc1cccnc1)c1cccc(OC(F)(F)F)c1,CCOC(=O)C(C)Oc1cccc(N(Cc2cccnc2)S(=O)(=O)CC(F)(F)F)c1,c1ccc(NCc2cccnc2)cc1,c1ccc(NCc2cccnc2)cc1,True,False,False,source_identity,1.0,0.6885245901639344,,,,,,,,,0.6736163493728189,0.5496815697636838,0.12393477960913513,False,,,,,,,,,,,,,6.0,9.0,3.0,False
scaffold_property_retrieval,mpair_00000001_cond_02_3p,mpair_00000001,eval,3,"MW,LogP,QED",O=C(c1ccccc1C(F)(F)F)N1C[C@H](CN2CCC(c3ccccc3)CC2)[C@@H](c2ccccc2)C1,O=C(c1ccccc1F)N1C[C@H](CN2CCC(c3ccccc3)CC2)[C@@H](c2ccccc2)C1,O=C(c1ccccc1C(F)(F)F)N1C[C@H](CN2CCC(c3ccccc3)CC2)[C@@H](c2ccccc2)C1,O=C(c1ccccc1)N1C[C@H](CN2CCC(c3ccccc3)CC2)[C@@H](c2ccccc2)C1,O=C(c1ccccc1)N1C[C@H](CN2CCC(c3ccccc3)CC2)[C@@H](c2ccccc2)C1,True,False,False,source_identity,1.0,0.7592592592592593,442.57800000000015,492.5850000000002,50.00700000000006,False,5.561100000000006,6.4408000000000065,0.8797000000000006,True,0.5164092889512721,0.4092272471712491,0.10718204178002305,False,,,,,,,,,,,,,,,,
scaffold_property_retrieval,mpair_00000009_cond_00_3p,mpair_00000009,eval,3,"LogP,HBA,RB",COc1cccc(C(=O)N2C[C@H](CN3CCC(c4ccccc4)CC3)[C@@H](c3ccccc3)C2)c1,O=C(c1cccc(Cl)c1)N1C[C@H](CN2CCC(c3ccccc3)CC2)[C@@H](c2ccccc2)C1,COc1cccc(C(=O)N2C[C@H](CN3CCC(c4ccccc4)CC3)[C@@H](c3ccccc3)C2)c1,O=C(c1ccccc1)N1C[C@H](CN2CCC(c3ccccc3)CC2)[C@@H](c2ccccc2)C1,O=C(c1ccccc1)N1C[C@H](CN2CCC(c3ccccc3)CC2)[C@@H](c2ccccc2)C1,True,True,True,source_identity,1.0,0.7413793103448276,,,,,6.075400000000006,5.430600000000005,0.6448000000000009,True,,,,,,,,,,,,,2.0,3.0,1.0,True,5.0,6.0,1.0,True
scaffold_property_retrieval,mpair_00000014_cond_00_3p,mpair_00000014,eval,3,"MW,TPSA,HBA",O=C(O)[C@@H]1C[C@H]2C[C@@H](CCS(=O)(=O)O)CC[C@H]2CN1,O=C(O)CC[C@H]1CC[C@H]2CN[C@H](C(=O)O)C[C@H]2C1,O=C(O)[C@@H]1C[C@H]2C[C@@H](CCS(=O)(=O)O)CC[C@H]2CN1,C1CC[C@H]2CNCC[C@H]2C1,C1CC[C@H]2CNCC[C@H]2C1,True,False,False,source_identity,1.0,0.6829268292682927,255.314,291.36899999999997,36.05499999999998,False,,,,,,,,,86.63000000000001,103.7,17.069999999999993,True,,,,,3.0,4.0,1.0,True,,,,
scaffold_property_retrieval,mpair_00000021_cond_01_3p,mpair_00000021,eval,3,"MW,TPSA,HBA",N#Cc1ccc(COC[C@H]2C3CC(c4ccc(F)cc4)(CO3)[C@@H]2C/C=C/CCCC(=O)O)cc1,O=C(O)CCC/C=C/C[C@@H]1[C@@H](COCc2ccccc2)C2CC1(c1ccccc1)CO2,N#Cc1ccc(COC[C@H]2C3CC(c4ccc(F)cc4)(CO3)[C@@H]2C/C=C/CCCC(=O)O)cc1,c1ccc(COC[C@@H]2CC3(c4ccccc4)COC2C3)cc1,c1ccc(COC[C@@H]2CC3(c4ccccc4)COC2C3)cc1,True,False,False,source_identity,1.0,0.7391304347826086,420.5490000000002,463.5490000000003,43.000000000000114,False,,,,,,,,,55.760000000000005,79.55,23.789999999999992,False,,,,,3.0,4.0,1.0,True,,,,
scaffold_property_retrieval,mpair_00000328_cond_02_3p,mpair_00000328,eval,3,"MW,LogP,QED",N[C@@H](C(=O)N[C@@H]1C(=O)N2C(C(=O)O)=C(C(F)(F)F)CC[C@H]12)c1ccc(F)cc1,N[C@@H](C(=O)N[C@@H]1C(=O)N2C(C(=O)O)=C(C(F)(F)F)CC[C@H]12)c1cccc(Br)c1,N[C@@H](C(=O)N[C@@H]1C(=O)N2C(C(=O)O)=C(C(F)(F)F)CC[C@H]12)c1ccc(F)cc1,O=C(Cc1ccccc1)N[C@@H]1C(=O)N2C=CCC[C@H]12,O=C(Cc1ccccc1)N[C@@H]1C(=O)N2C=CCC[C@H]12,True,False,False,source_identity,1.0,0.7377049180327869,462.2220000000001,401.3160000000001,60.906000000000006,False,1.8392999999999997,1.2158999999999993,0.6234000000000004,True,0.5917241763797754,0.5187711593734389,0.0729530170063365,True,,,,,,,,,,,,,,,,
scaffold_property_retrieval,mpair_00000331_cond_00_3p,mpair_00000331,eval,3,"TPSA,HBD,HBA",N[C@@H](C(=O)N[C@@H]1C(=O)N2C(C(=O)O)=C(C(F)(F)F)CC[C@H]12)c1ccc(O)cc1,N[C@@H](C(=O)N[C@@H]1C(=O)N2C(C(=O)O)=C(C(F)(F)F)CC[C@H]12)c1ccc(F)cc1,N[C@@H](C(=O)N[C@@H]1C(=O)N2C(C(=O)O)=C(C(F)(F)F)CC[C@H]12)c1ccc(O)cc1,O=C(Cc1ccccc1)N[C@@H]1C(=O)N2C=CCC[C@H]12,O=C(Cc1ccccc1)N[C@@H]1C(=O)N2C=CCC[C@H]12,True,False,False,source_identity,1.0,0.8545454545454545,,,,,,,,,,,,,112.73,132.96,20.230000000000004,False,3.0,4.0,1.0,True,4.0,5.0,1.0,True,,,,
scaffold_property_retrieval,mpair_00000333_cond_02_3p,mpair_00000333,eval,3,"MW,QED,RB",N[C@@H](C(=O)N[C@@H]1C(=O)N2C(C(=O)O)=C(C(F)(F)F)CC[C@H]12)c1ccc(F)cc1,CSC1=C(C(=O)O)N2C(=O)[C@@H](NC(=O)[C@H](N)c3ccccc3)[C@H]2CC1,N[C@@H](C(=O)N[C@@H]1C(=O)N2C(C(=O)O)=C(C(F)(F)F)CC[C@H]12)c1ccc(F)cc1,O=C(Cc1ccccc1)N[C@@H]1C(=O)N2C=CCC[C@H]12,O=C(Cc1ccccc1)N[C@@H]1C(=O)N2C=CCC[C@H]12,True,False,False,source_identity,1.0,0.5873015873015873,361.42300000000006,401.3160000000001,39.89300000000003,False,,,,,0.6699274889764619,0.5187711593734389,0.15115632960302305,False,,,,,,,,,,,,,5.0,4.0,1.0,True
scaffold_property_retrieval,mpair_00000591_cond_02_3p,mpair_00000591,eval,3,"TPSA,HBD,HBA",OC[C@@H]1N[C@@H](CCCCc2ccc(F)cc2)[C@H](O)[C@H]1O,OC[C@@H]1N[C@@H](CCCCc2ccc(O)cc2)[C@H](O)[C@H]1O,OC[C@@H]1N[C@@H](CCCCc2ccc(F)cc2)[C@H](O)[C@H]1O,c1ccc(CCCC[C@H]2CCCN2)cc1,c1ccc(CCCC[C@H]2CCCN2)cc1,True,False,False,source_identity,1.0,0.7567567567567568,,,,,,,,,,,,,92.95,72.72,20.230000000000004,False,5.0,4.0,1.0,True,5.0,4.0,1.0,True,,,,
scaffold_property_retrieval,mpair_00000599_cond_02_3p,mpair_00000599,eval,3,"QED,TPSA,RB",CC1=C(C)C(=O)C(C(c2ccccc2)c2cccnc2)=C(C)C1=O,CC1=C(C)C(=O)C(C(c2cccnc2)c2cccc(/C=C/C(=O)O)c2)=C(C)C1=O,CC1=C(C)C(=O)C(C(c2ccccc2)c2cccnc2)=C(C)C1=O,O=C1C=CC(=O)C(C(c2ccccc2)c2cccnc2)=C1,O=C1C=CC(=O)C(C(c2ccccc2)c2cccnc2)=C1,True,False,False,source_identity,1.0,0.6326530612244898,,,,,,,,,0.6163061688930161,0.803366149239095,0.18705998034607885,False,84.33000000000001,47.03,37.30000000000001,False,,,,,,,,,5.0,3.0,2.0,False
scaffold_property_retrieval,mpair_00000735_cond_01_3p,mpair_00000735,eval,3,"LogP,QED,HBD",C=CCc1cc(/C=C2\SC(=O)N(CC=C(C)C)C2=O)c(OC)cc1OC1CCCCO1,C=CCc1cc(/C=C2\SC(=O)NC2=O)c(OC)cc1OC1CCCCO1,C=CCc1cc(/C=C2\SC(=O)N(CC=C(C)C)C2=O)c(OC)cc1OC1CCCCO1,O=C1NC(=O)/C(=C/c2ccc(OC3CCCCO3)cc2)S1,O=C1NC(=O)/C(=C/c2ccc(OC3CCCCO3)cc2)S1,True,False,False,source_identity,1.0,0.647887323943662,,,,,3.6530000000000022,5.331600000000005,1.678600000000003,False,0.6042673504148035,0.3995752918375223,0.20469205857728123,False,,,,,1.0,0.0,1.0,True,,,,,,,,
scaffold_property_retrieval,mpair_00000741_cond_00_3p,mpair_00000741,eval,3,"LogP,QED,RB",C=CCc1cc(/C=C2\SC(=O)N(C)C2=O)c(OC)cc1OC1CCCCO1,C=CCc1cc(/C=C2\SC(=O)N(C(C)C)C2=O)c(OC)cc1OC1CCCCO1,C=CCc1cc(/C=C2\SC(=O)N(C)C2=O)c(OC)cc1OC1CCCCO1,O=C1NC(=O)/C(=C/c2ccc(OC3CCCCO3)cc2)S1,O=C1NC(=O)/C(=C/c2ccc(OC3CCCCO3)cc2)S1,True,True,True,source_identity,1.0,0.796875,,,,,4.773800000000004,3.9952000000000023,0.7786000000000017,True,0.4701504427149941,0.5413211960634129,0.07117075334841877,True,,,,,,,,,,,,,7.0,6.0,1.0,True
scaffold_property_retrieval,mpair_00000744_cond_02_3p,mpair_00000744,eval,3,"LogP,QED,RB",C=CCc1cc(/C=C2\SC(=O)N(CC=C(C)C)C2=O)c(OC)cc1OC1CCCCO1,C=CCc1cc(/C=C2\SC(=O)N(C(C)C)C2=O)c(OC)cc1OC1CCCCO1,C=CCc1cc(/C=C2\SC(=O)N(CC=C(C)C)C2=O)c(OC)cc1OC1CCCCO1,O=C1NC(=O)/C(=C/c2ccc(OC3CCCCO3)cc2)S1,O=C1NC(=O)/C(=C/c2ccc(OC3CCCCO3)cc2)S1,True,True,True,source_identity,1.0,0.7183098591549296,,,,,4.773800000000004,5.331600000000005,0.5578000000000012,True,0.4701504427149941,0.3995752918375223,0.07057515087747185,True,,,,,,,,,,,,,7.0,8.0,1.0,True
scaffold_property_retrieval,mpair_00000748_cond_00_3p,mpair_00000748,eval,3,"LogP,QED,RB",C=CCc1cc(/C=C2\SC(=O)N(C)C2=O)c(OC)cc1OC1CCCCO1,C=CCc1cc(/C=C2\SC(=O)N(CC=C)C2=O)c(OC)cc1OC1CCCCO1,C=CCc1cc(/C=C2\SC(=O)N(C)C2=O)c(OC)cc1OC1CCCCO1,O=C1NC(=O)/C(=C/c2ccc(OC3CCCCO3)cc2)S1,O=C1NC(=O)/C(=C/c2ccc(OC3CCCCO3)cc2)S1,True,False,False,source_identity,1.0,0.8095238095238095,,,,,4.551400000000004,3.9952000000000023,0.5562000000000014,True,0.45838471716690443,0.5413211960634129,0.08293647889650846,True,,,,,,,,,,,,,8.0,6.0,2.0,False
scaffold_property_retrieval,mpair_00000750_cond_02_3p,mpair_00000750,eval,3,"MW,TPSA,HBA",COC(=O)C[C@@H]1CC(=O)N2[C@H](Cc3c[nH]c4ccccc34)CO[C@@H]2C1,O=C1CCC[C@H]2OC[C@@H](Cc3c[nH]c4ccccc34)N12,COC(=O)C[C@@H]1CC(=O)N2[C@H](Cc3c[nH]c4ccccc34)CO[C@@H]2C1,O=C1CCC[C@H]2OC[C@@H](Cc3c[nH]c4ccccc34)N12,O=C1CCC[C@H]2OC[C@@H](Cc3c[nH]c4ccccc34)N12,True,False,False,source_identity,1.0,0.578125,270.33200000000005,342.39500000000015,72.0630000000001,False,,,,,,,,,45.330000000000005,71.63000000000001,26.300000000000004,False,,,,,2.0,4.0,2.0,False,,,,
scaffold_property_retrieval,mpair_00001115_cond_02_3p,mpair_00001115,eval,3,"HBD,HBA,RB",COc1ccc(N2CCN(CCC3NC(=O)c4ccccc43)CC2)cc1,CN1C(=O)c2ccccc2C1CCN1CCN(c2ccc(Cl)cc2)CC1,COc1ccc(N2CCN(CCC3NC(=O)c4ccccc43)CC2)cc1,O=C1NC(CCN2CCN(c3ccccc3)CC2)c2ccccc21,O=C1NC(CCN2CCN(c3ccccc3)CC2)c2ccccc21,True,True,True,source_identity,1.0,0.48333333333333334,,,,,,,,,,,,,,,,,0.0,1.0,1.0,True,3.0,4.0,1.0,True,4.0,5.0,1.0,True
scaffold_property_retrieval,mpair_00001126_cond_02_3p,mpair_00001126,eval,3,"LogP,HBA,RB",Cc1ccc(N2CCN(CCC3NC(=O)c4ccccc43)CC2)cc1C,COc1ccc(N2CCN(CCC3NC(=O)c4ccccc43)CC2)cc1,Cc1ccc(N2CCN(CCC3NC(=O)c4ccccc43)CC2)cc1C,O=C1NC(CCN2CCN(c3ccccc3)CC2)c2ccccc21,O=C1NC(CCN2CCN(c3ccccc3)CC2)c2ccccc21,True,True,True,source_identity,1.0,0.7037037037037037,,,,,2.692000000000001,3.3002400000000023,0.6082400000000012,True,,,,,,,,,,,,,4.0,3.0,1.0,True,5.0,4.0,1.0,True
scaffold_property_retrieval,mpair_00001133_cond_00_3p,mpair_00001133,eval,3,"QED,TPSA,HBA",COc1ccccc1CC(=O)NCCC1CCN(CC2COc3ccccc3O2)CC1,O=C(Cc1ccccc1[N+](=O)[O-])NCCC1CCN(CC2COc3ccccc3O2)CC1,COc1ccccc1CC(=O)NCCC1CCN(CC2COc3ccccc3O2)CC1,O=C(Cc1ccccc1)NCCC1CCN(CC2COc3ccccc3O2)CC1,O=C(Cc1ccccc1)NCCC1CCN(CC2COc3ccccc3O2)CC1,True,False,False,source_identity,1.0,0.7164179104477612,,,,,,,,,0.5015202818225966,0.7047088784600517,0.20318859663745514,False,93.94,60.03,33.91,False,,,,,6.0,5.0,1.0,True,,,,
scaffold_property_retrieval,mpair_00001619_cond_01_3p,mpair_00001619,eval,3,"TPSA,HBA,RB",CC1CC(C)(C)Nc2ccc3c(c21)COc1c-3cc(F)cc1[N+](=O)[O-],Cc1cc(F)cc2c1OCc1c-2ccc2c1C(C)CC(C)(C)N2,CC1CC(C)(C)Nc2ccc3c(c21)COc1c-3cc(F)cc1[N+](=O)[O-],c1ccc2c(c1)OCc1c-2ccc2c1CCCN2,c1ccc2c(c1)OCc1c-2ccc2c1CCCN2,True,False,False,source_identity,1.0,0.7192982456140351,,,,,,,,,,,,,21.259999999999998,64.39999999999999,43.13999999999999,False,,,,,2.0,4.0,2.0,False,0.0,1.0,1.0,True
scaffold_property_retrieval,mpair_00002375_cond_00_3p,mpair_00002375,eval,3,"TPSA,HBD,HBA",COc1cccc2sc([C@@H]3C[C@H]4CC[C@@H](C3)N4C[C@H](O)COc3cccc4[nH]c(C(N)=O)cc34)cc12,COc1cccc2sc([C@@H]3C[C@H]4CC[C@@H](C3)N4C[C@H](O)COc3cccc4[nH]c(C)cc34)cc12,COc1cccc2sc([C@@H]3C[C@H]4CC[C@@H](C3)N4C[C@H](O)COc3cccc4[nH]c(C(N)=O)cc34)cc12,c1ccc2sc([C@@H]3C[C@H]4CC[C@@H](C3)N4CCCOc3cccc4[nH]ccc34)cc2c1,c1ccc2sc([C@@H]3C[C@H]4CC[C@@H](C3)N4CCCOc3cccc4[nH]ccc34)cc2c1,True,False,False,source_identity,1.0,0.7916666666666666,,,,,,,,,,,,,57.720000000000006,100.81,43.089999999999996,False,2.0,3.0,1.0,True,5.0,6.0,1.0,True,,,,
scaffold_property_retrieval,mpair_00002464_cond_00_3p,mpair_00002464,eval,3,"QED,HBA,RB",CN(C)CCCOc1cc(C(=O)Nc2ccc(OC(F)(F)F)cc2)n(Cc2ccccc2)n1,CN(C)CCCOc1cc(C(=O)Nc2ccc(Cl)cc2F)n(Cc2ccccc2)n1,CN(C)CCCOc1cc(C(=O)Nc2ccc(OC(F)(F)F)cc2)n(Cc2ccccc2)n1,O=C(Nc1ccccc1)c1ccnn1Cc1ccccc1,O=C(Nc1ccccc1)c1ccnn1Cc1ccccc1,True,True,True,source_identity,1.0,0.6428571428571429,,,,,,,,,0.5138601191048354,0.4522382232340766,0.061621895870758836,True,,,,,,,,,5.0,6.0,1.0,True,9.0,10.0,1.0,True
scaffold_property_retrieval,mpair_00002467_cond_02_3p,mpair_00002467,eval,3,"MW,LogP,QED",CN(C)CCCOc1cc(C(=O)Nc2ccc(OC(F)(F)F)cc2)n(Cc2ccccc2)n1,COc1ccc(NC(=O)c2cc(OCCCN(C)C)nn2Cc2ccccc2)cc1,CN(C)CCCOc1cc(C(=O)Nc2ccc(OC(F)(F)F)cc2)n(Cc2ccccc2)n1,O=C(Nc1ccccc1)c1ccnn1Cc1ccccc1,O=C(Nc1ccccc1)c1ccnn1Cc1ccccc1,True,False,False,source_identity,1.0,0.8064516129032258,408.50200000000007,462.4720000000001,53.97000000000003,False,3.522800000000002,4.412800000000003,0.8900000000000015,True,0.5200250404910086,0.4522382232340766,0.06778681725693203,True,,,,,,,,,,,,,,,,
scaffold_property_retrieval,mpair_00002470_cond_02_3p,mpair_00002470,eval,3,"LogP,HBA,RB",CN(C)CCCOc1cc(C(=O)Nc2ccc(Cl)cc2F)n(Cc2ccccc2)n1,COc1ccc(NC(=O)c2cc(OCCCN(C)C)nn2Cc2ccccc2)cc1,CN(C)CCCOc1cc(C(=O)Nc2ccc(Cl)cc2F)n(Cc2ccccc2)n1,O=C(Nc1ccccc1)c1ccnn1Cc1ccccc1,O=C(Nc1ccccc1)c1ccnn1Cc1ccccc1,True,True,True,source_identity,1.0,0.6567164179104478,,,,,3.522800000000002,4.306700000000003,0.7839000000000009,True,,,,,,,,,,,,,6.0,5.0,1.0,True,10.0,9.0,1.0,True
scaffold_property_retrieval,mpair_00002477_cond_00_3p,mpair_00002477,eval,3,"QED,HBA,RB",CN(C)CCCOc1cc(C(=O)Nc2cc(F)cc(C(F)(F)F)c2)n(Cc2ccccc2)n1,CN(C)CCCOc1cc(C(=O)Nc2ccc(OC(F)(F)F)cc2)n(Cc2ccccc2)n1,CN(C)CCCOc1cc(C(=O)Nc2cc(F)cc(C(F)(F)F)c2)n(Cc2ccccc2)n1,O=C(Nc1ccccc1)c1ccnn1Cc1ccccc1,O=C(Nc1ccccc1)c1ccnn1Cc1ccccc1,True,True,True,source_identity,1.0,0.7101449275362319,,,,,,,,,0.4522382232340766,0.369385517709234,0.08285270552484258,True,,,,,,,,,6.0,5.0,1.0,True,10.0,9.0,1.0,True
scaffold_property_retrieval,mpair_00002479_cond_02_3p,mpair_00002479,eval,3,"LogP,TPSA,RB",COc1cc(NC(=O)c2cc(OCCCN(C)C)nn2Cc2ccccc2)cc(OC)c1OC,CN(C)CCCOc1cc(C(=O)Nc2cccc(Cl)c2)n(Cc2ccccc2)n1,COc1cc(NC(=O)c2cc(OCCCN(C)C)nn2Cc2ccccc2)cc(OC)c1OC,O=C(Nc1ccccc1)c1ccnn1Cc1ccccc1,O=C(Nc1ccccc1)c1ccnn1Cc1ccccc1,True,False,False,source_identity,1.0,0.71875,,,,,4.167600000000003,3.5400000000000027,0.6276000000000002,True,,,,,59.39,87.08000000000001,27.690000000000012,False,,,,,,,,,9.0,12.0,3.0,False
scaffold_property_retrieval,mpair_00002485_cond_00_3p,mpair_00002485,eval,3,"LogP,TPSA,HBA",CN(C)CCCOc1cc(C(=O)Nc2cc(F)cc(C(F)(F)F)c2)n(Cc2ccccc2)n1,COc1cc(NC(=O)c2cc(OCCCN(C)C)nn2Cc2ccccc2)cc(OC)c1OC,CN(C)CCCOc1cc(C(=O)Nc2cc(F)cc(C(F)(F)F)c2)n(Cc2ccccc2)n1,O=C(Nc1ccccc1)c1ccnn1Cc1ccccc1,O=C(Nc1ccccc1)c1ccnn1Cc1ccccc1,True,False,False,source_identity,1.0,0.6811594202898551,,,,,3.5400000000000027,4.672100000000003,1.1321000000000003,False,,,,,87.08000000000001,59.39,27.690000000000012,False,,,,,8.0,5.0,3.0,False,,,,
scaffold_property_retrieval,mpair_00002489_cond_02_3p,mpair_00002489,eval,3,"TPSA,HBD,HBA",C=Cc1cc(C(=O)OCC)n(S(=O)(=O)c2cc(Cl)ccc2N)c1,CCOC(=O)c1cc(C(C)O)cn1S(=O)(=O)c1cc(Cl)ccc1N,N/C(S)=N/N=C/c1cccn1S(=O)(=O)c1ccccc1,O=S(=O)(c1ccccc1)n1cccc1,O=S(=O)(c1ccccc1)n1cccc1,True,False,False,,0.16,0.14473684210526316,,,,,,,,,,,,,111.61999999999999,89.81,21.809999999999988,False,2.0,2.0,0.0,True,7.0,5.0,2.0,False,,,,
scaffold_property_retrieval,mpair_00002500_cond_00_3p,mpair_00002500,eval,3,"MW,QED,RB",O=C1C(Nc2ccc(Br)cc2)=C(Cl)C(=O)c2ncncc21,CCc1ccc(NC2=C(Cl)C(=O)c3ncncc3C2=O)cc1,O=C1C(Nc2cccc(Cl)c2)=C(Cl)C(=O)c2ncncc21,O=C1C(Nc2ccccc2)=CC(=O)c2ncncc21,O=C1C(Nc2ccccc2)=CC(=O)c2ncncc21,True,True,True,,0.6521739130434783,0.6122448979591837,313.744,320.135,6.390999999999963,True,,,,,0.9428073960459649,0.9205249949064266,0.022282401139538277,True,,,,,,,,,,,,,3.0,2.0,1.0,True
scaffold_property_retrieval,mpair_00002503_cond_01_3p,mpair_00002503,eval,3,"MW,QED,RB",CCc1ccc(NC2=C(Cl)C(=O)c3ncncc3C2=O)cc1,O=C1C(Nc2ccc(Br)cc2)=C(Cl)C(=O)c2ncncc21,O=C1C(Nc2cccc(Cl)c2)=C(Cl)C(=O)c2ncncc21,O=C1C(Nc2ccccc2)=CC(=O)c2ncncc21,O=C1C(Nc2ccccc2)=CC(=O)c2ncncc21,True,False,False,,0.6122448979591837,0.6521739130434783,364.58600000000007,320.135,44.45100000000008,False,,,,,0.885902971993687,0.9205249949064266,0.034622022912739636,True,,,,,,,,,,,,,2.0,2.0,0.0,True
scaffold_property_retrieval,mpair_00002507_cond_02_3p,mpair_00002507,eval,3,"QED,HBA,RB",O=C(CN1c2ccccc2C(=O)N(Cc2ccccc2)S1(=O)=O)c1ccccc1,COc1ccc(C(=O)CN2c3ccccc3C(=O)N(Cc3ccccc3)S2(=O)=O)cc1,O=C(CN1c2ccccc2C(=O)N(Cc2ccccc2)S1(=O)=O)c1ccccc1,O=C(CN1c2ccccc2C(=O)N(Cc2ccccc2)S1(=O)=O)c1ccccc1,O=C(CN1c2ccccc2C(=O)N(Cc2ccccc2)S1(=O)=O)c1ccccc1,True,True,True,source_identity,1.0,0.7916666666666666,,,,,,,,,0.5539335722556151,0.6096951629926923,0.055761590737077205,True,,,,,,,,,5.0,4.0,1.0,True,6.0,5.0,1.0,True
scaffold_property_retrieval,mpair_00002524_cond_02_3p,mpair_00002524,eval,3,"LogP,TPSA,HBA",CSc1cc(-c2ccc(Br)cc2)oc(=O)c1Cl,CSc1cc(-c2ccc(Br)cc2)oc(=O)c1C#N,CSc1cc(-c2ccc(F)cc2)oc(=O)c1,O=c1cccc(-c2ccccc2)o1,O=c1cccc(-c2ccccc2)o1,True,False,False,,0.3695652173913043,0.3469387755102041,,,,,3.662880000000002,3.1678000000000024,0.49507999999999974,True,,,,,54.0,30.21,23.79,False,,,,,4.0,3.0,1.0,True,,,,
scaffold_property_retrieval,mpair_00002556_cond_01_3p,mpair_00002556,eval,3,"MW,QED,RB",CN(C(=O)n1nc(-c2ccc(Cl)cc2)nc1SCC(F)(F)F)c1ccccc1,CSc1nc(-c2ccc(Cl)cc2)nn1C(=O)N(C)c1ccccc1,CN(C(=O)n1nc(-c2ccc(Cl)cc2)nc1SCC(F)(F)F)c1ccccc1,O=C(Nc1ccccc1)n1cnc(-c2ccccc2)n1,O=C(Nc1ccccc1)n1cnc(-c2ccccc2)n1,True,False,False,source_identity,1.0,0.7222222222222222,358.85400000000004,426.8510000000001,67.99700000000007,False,,,,,0.6499636794176425,0.5270344401044634,0.12292923931317912,False,,,,,,,,,,,,,3.0,4.0,1.0,True
scaffold_property_retrieval,mpair_00002563_cond_01_3p,mpair_00002563,eval,3,"LogP,QED,HBA",CN(C(=O)n1nc(-c2ccc(Cl)cc2)nc1SCC(F)(F)F)c1ccccc1,CSc1nc(-c2ccc(OC(F)(F)F)cc2)nn1C(=O)N(C)c1ccccc1,CN(C(=O)n1nc(-c2ccc(Cl)cc2)nc1SCC(F)(F)F)c1ccccc1,O=C(Nc1ccccc1)n1cnc(-c2ccccc2)n1,O=C(Nc1ccccc1)n1cnc(-c2ccccc2)n1,True,True,True,source_identity,1.0,0.5967741935483871,,,,,4.670100000000003,5.357400000000003,0.6872999999999996,True,0.5874043626188404,0.5270344401044634,0.060369922514377006,True,,,,,,,,,6.0,5.0,1.0,True,,,,
scaffold_property_retrieval,mpair_00002572_cond_01_3p,mpair_00002572,eval,3,"MW,QED,HBD",COc1cc(C(=O)N2CCN(C(=O)c3cc(OC)c(OC)c(OC)c3)C(CO)C2)cc(OC)c1OC,COc1cc(C(=O)N2CCN(C(=O)c3cc(OC)c(OC)c(OC)c3)C(COC(=O)CC(C)(C)C)C2)cc(OC)c1OC,COc1cc(C(=O)N2CCN(C(=O)c3cc(OC)c(OC)c(OC)c3)C(CO)C2)cc(OC)c1OC,O=C(c1ccccc1)N1CCN(C(=O)c2ccccc2)CC1,O=C(c1ccccc1)N1CCN(C(=O)c2ccccc2)CC1,True,False,False,source_identity,1.0,0.6792452830188679,602.6810000000004,504.53600000000034,98.14500000000004,False,,,,,0.3521539372279048,0.544633228323374,0.19247929109546924,False,,,,,0.0,1.0,1.0,True,,,,,,,,
scaffold_property_retrieval,mpair_00002582_cond_01_3p,mpair_00002582,eval,3,"MW,QED,RB",COc1cc(C(=O)N2CCN(C(=O)c3cc(OC)c(OC)c(OC)c3)C(COC(C)=O)C2)cc(OC)c1OC,CCN(CC)C(=O)OCC1CN(C(=O)c2cc(OC)c(OC)c(OC)c2)CCN1C(=O)c1cc(OC)c(OC)c(OC)c1,COc1cc(C(=O)N2CCN(C(=O)c3cc(OC)c(OC)c(OC)c3)C(COC(C)=O)C2)cc(OC)c1OC,O=C(c1ccccc1)N1CCN(C(=O)c2ccccc2)CC1,O=C(c1ccccc1)N1CCN(C(=O)c2ccccc2)CC1,True,False,False,source_identity,1.0,0.7547169811320755,603.6690000000003,546.5730000000003,57.096000000000004,False,,,,,0.3571777118480848,0.41028124355120477,0.05310353170311999,True,,,,,,,,,,,,,12.0,10.0,2.0,False
scaffold_property_retrieval,mpair_00002587_cond_01_3p,mpair_00002587,eval,3,"HBD,HBA,RB",COc1cc(C(=O)N2CCN(C(=O)c3cc(OC)c(OC)c(OC)c3)C(CO)C2)cc(OC)c1OC,COc1cc(C(=O)N2CCN(C(=O)c3cc(OC)c(OC)c(OC)c3)CC2)cc(OC)c1OC,COc1cc(C(=O)N2CCN(C(=O)c3cc(OC)c(OC)c(OC)c3)C(CO)C2)cc(OC)c1OC,O=C(c1ccccc1)N1CCN(C(=O)c2ccccc2)CC1,O=C(c1ccccc1)N1CCN(C(=O)c2ccccc2)CC1,True,True,True,source_identity,1.0,0.6341463414634146,,,,,,,,,,,,,,,,,0.0,1.0,1.0,True,8.0,9.0,1.0,True,8.0,9.0,1.0,True
scaffold_property_retrieval,mpair_00002593_cond_01_3p,mpair_00002593,eval,3,"MW,TPSA,RB",COc1cc(C(=O)N2CCN(C(=O)c3cc(OC)c(OC)c(OC)c3)C(COC(=O)NCCC(C)C)C2)cc(OC)c1OC,COc1cc(C(=O)N2CCN(C(=O)c3cc(OC)c(OC)c(OC)c3)C(CO)C2)cc(OC)c1OC,COc1cc(C(=O)N2CCN(C(=O)c3cc(OC)c(OC)c(OC)c3)C(COC(=O)NCCC(C)C)C2)cc(OC)c1OC,O=C(c1ccccc1)N1CCN(C(=O)c2ccccc2)CC1,O=C(c1ccccc1)N1CCN(C(=O)c2ccccc2)CC1,True,False,False,source_identity,1.0,0.631578947368421,504.53600000000034,617.6960000000003,113.15999999999991,False,,,,,,,,,116.23000000000002,134.33,18.099999999999994,True,,,,,,,,,9.0,13.0,4.0,False
scaffold_property_retrieval,mpair_00002598_cond_00_3p,mpair_00002598,eval,3,"TPSA,HBA,RB",COc1ccc(C(=O)Nc2c(Cl)cncc2Cl)c2ccc(C(C)=O)nc12,COc1ccc(C(=O)Nc2c(F)cncc2F)c2ccc(C(F)(F)F)nc12,COc1ccc(C(=O)Nc2c(Cl)cncc2Cl)c2ccc(C(C)=O)nc12,O=C(Nc1ccncc1)c1cccc2ncccc12,O=C(Nc1ccncc1)c1cccc2ncccc12,True,True,True,source_identity,1.0,0.55,,,,,,,,,,,,,64.11,81.17999999999999,17.069999999999993,True,,,,,4.0,5.0,1.0,True,3.0,4.0,1.0,True
scaffold_property_retrieval,mpair_00002602_cond_01_3p,mpair_00002602,eval,3,"HBD,HBA,RB",COc1ccc(C(=O)Nc2ccncc2Cl)c2ccc(C(F)(F)F)nc12,COc1ccc(C(=O)Nc2c(Cl)cncc2Cl)c2ccc(C(C)O)nc12,COc1ccc(C(=O)Nc2ccncc2Cl)c2ccc(C(F)(F)F)nc12,O=C(Nc1ccncc1)c1cccc2ncccc12,O=C(Nc1ccncc1)c1cccc2ncccc12,True,True,True,source_identity,1.0,0.5230769230769231,,,,,,,,,,,,,,,,,2.0,1.0,1.0,True,5.0,4.0,1.0,True,4.0,3.0,1.0,True
scaffold_property_retrieval,mpair_00002609_cond_02_3p,mpair_00002609,eval,3,"LogP,QED,RB",COc1ccc(C(=O)Nc2c(Cl)cncc2Cl)c2cccnc12,CCc1ccc2c(C(=O)Nc3c(Cl)cncc3Cl)ccc(OC)c2n1,COc1ccc(C(=O)Nc2c(Cl)cncc2Cl)c2cccnc12,O=C(Nc1ccncc1)c1cccc2ncccc12,O=C(Nc1ccncc1)c1cccc2ncccc12,True,True,True,source_identity,1.0,0.6545454545454545,,,,,4.759900000000003,4.1975000000000025,0.5624000000000002,True,0.7131894410136064,0.7706046174674384,0.057415176453831984,True,,,,,,,,,,,,,4.0,3.0,1.0,True
scaffold_property_retrieval,mpair_00002614_cond_01_3p,mpair_00002614,eval,3,"MW,QED,HBA",COc1ccc(C(=O)Nc2c(Cl)cncc2Cl)c2cccnc12,COc1ccc(C(=O)Nc2c(Cl)cncc2Cl)c2ccc(C(C)=O)nc12,COc1ccc(C(=O)Nc2c(Cl)cncc2Cl)c2cccnc12,O=C(Nc1ccncc1)c1cccc2ncccc12,O=C(Nc1ccncc1)c1cccc2ncccc12,True,False,False,source_identity,1.0,0.6666666666666666,390.22600000000017,348.1890000000001,42.03700000000009,False,,,,,0.6681926051832562,0.7706046174674384,0.10241201228418217,False,,,,,,,,,5.0,4.0,1.0,True,,,,
scaffold_property_retrieval,mpair_00002620_cond_01_3p,mpair_00002620,eval,3,"LogP,QED,RB",CCc1ccc2c(C(=O)Nc3c(Cl)cncc3Cl)ccc(OC)c2n1,COc1ccc(C(=O)Nc2c(Cl)cncc2Cl)c2cccnc12,CCc1ccc2c(C(=O)Nc3c(Cl)cncc3Cl)ccc(OC)c2n1,O=C(Nc1ccncc1)c1cccc2ncccc12,O=C(Nc1ccncc1)c1cccc2ncccc12,True,True,True,source_identity,1.0,0.6545454545454545,,,,,4.1975000000000025,4.759900000000003,0.5624000000000002,True,0.7706046174674384,0.7131894410136064,0.057415176453831984,True,,,,,,,,,,,,,3.0,4.0,1.0,True
scaffold_property_retrieval,mpair_00002628_cond_00_3p,mpair_00002628,eval,3,"LogP,QED,HBA",CC(C)[C@@H](O)C(=O)N1C[C@H](c2ccccc2)C[C@H]1C(=O)N[C@@H](CC(F)F)C(=O)NCCc1c(F)cc(C(=O)O)cc1F,CC(C)CC(=O)N1C[C@H](c2ccccc2)C[C@H]1C(=O)N[C@@H](CC(F)F)C(=O)NCCc1c(F)cc(C(=O)O)cc1F,CC(C)[C@@H](O)C(=O)N1C[C@H](c2ccccc2)C[C@H]1C(=O)N[C@@H](CC(F)F)C(=O)NCCc1c(F)cc(C(=O)O)cc1F,O=C(CNC(=O)[C@@H]1C[C@@H](c2ccccc2)CN1)NCCc1ccccc1,O=C(CNC(=O)[C@@H]1C[C@@H](c2ccccc2)CN1)NCCc1ccccc1,True,False,False,source_identity,1.0,0.7916666666666666,,,,,3.892500000000002,2.8633000000000006,1.0292000000000012,False,0.3302613314122171,0.2789053789646464,0.051355952447570685,True,,,,,,,,,4.0,5.0,1.0,True,,,,
scaffold_property_retrieval,mpair_00003113_cond_01_3p,mpair_00003113,eval,3,"LogP,QED,RB",Cc1nc2nncnn2c(=O)c1C,CCCCc1nnc2nc(C)c(C)c(=O)n2n1,Cc1nc2nncnn2c(=O)c1C,O=c1ccnc2nncnn12,O=c1ccnc2nncnn12,True,False,False,source_identity,1.0,0.4418604651162791,,,,,0.8389399999999998,-0.5036600000000002,1.3426,False,0.7849999676400611,0.541825521381232,0.2431744462588291,False,,,,,,,,,,,,,3.0,0.0,3.0,False
scaffold_property_retrieval,mpair_00003200_cond_01_3p,mpair_00003200,eval,3,"QED,HBD,RB",CCOC(=O)c1ccc(NCCCCCCc2cccs2)cc1,O=C(O)c1ccc(NCCCCCCc2cccs2)cc1,CCOC(=O)c1ccc(NCCCCCCc2cccs2)cc1,c1ccc(NCCCCCCc2cccs2)cc1,c1ccc(NCCCCCCc2cccs2)cc1,True,False,False,source_identity,1.0,0.7021276595744681,,,,,,,,,0.6622761596792913,0.48374526985121774,0.17853088982807358,False,,,,,2.0,1.0,1.0,True,,,,,9.0,10.0,1.0,True
scaffold_property_retrieval,mpair_00003207_cond_00_3p,mpair_00003207,eval,3,"MW,LogP,HBA",Cc1cc(-n2ncc(=O)[nH]c2=O)ccc1S(=O)(=O)N1CCN(C=O)CC1,CCOC(=O)N1CCN(S(=O)(=O)c2ccc(-n3ncc(=O)[nH]c3=O)cc2Cl)CC1,Cc1cc(-n2ncc(=O)[nH]c2=O)ccc1S(=O)(=O)N1CCN(C=O)CC1,O=c1cnn(-c2ccc(S(=O)(=O)N3CCNCC3)cc2)c(=O)[nH]1,O=c1cnn(-c2ccc(S(=O)(=O)N3CCNCC3)cc2)c(=O)[nH]1,True,False,False,source_identity,1.0,0.5625,443.86900000000026,379.39800000000025,64.471,False,0.037000000000000144,-1.3080799999999981,1.3450799999999983,False,,,,,,,,,,,,,8.0,7.0,1.0,True,,,,
scaffold_property_retrieval,mpair_00003218_cond_00_3p,mpair_00003218,eval,3,"MW,TPSA,HBA",COC(=O)c1cccc(C(=O)NO)c1N(Cc1cccnc1)S(=O)(=O)c1ccc(OC)cc1,COc1ccc(S(=O)(=O)N(Cc2cccnc2)c2c(C)cccc2C(=O)NO)cc1,COC(=O)c1cccc(C(=O)NO)c1N(Cc1cccnc1)S(=O)(=O)c1ccc(OC)cc1,O=S(=O)(c1ccccc1)N(Cc1cccnc1)c1ccccc1,O=S(=O)(c1ccccc1)N(Cc1cccnc1)c1ccccc1,True,False,False,source_identity,1.0,0.8333333333333334,427.48200000000014,471.49100000000016,44.009000000000015,False,,,,,,,,,108.83000000000001,135.13,26.299999999999983,False,,,,,6.0,8.0,2.0,False,,,,
scaffold_property_retrieval,mpair_00003220_cond_02_3p,mpair_00003220,eval,3,"LogP,QED,RB",COC(=O)c1cccc(C(=O)NO)c1N(Cc1cccnc1)S(=O)(=O)c1ccc(OC)cc1,COc1ccc(S(=O)(=O)N(Cc2cccnc2)c2c(C)cc(Br)cc2C(=O)NO)cc1,COC(=O)c1cccc(C(=O)NO)c1N(Cc1cccnc1)S(=O)(=O)c1ccc(OC)cc1,O=S(=O)(c1ccccc1)N(Cc1cccnc1)c1ccccc1,O=S(=O)(c1ccccc1)N(Cc1cccnc1)c1ccccc1,True,False,False,source_identity,1.0,0.734375,,,,,3.675620000000001,2.391300000000001,1.2843200000000001,False,0.3740614499694089,0.29046454626646695,0.08359690370294193,True,,,,,,,,,,,,,7.0,8.0,1.0,True
scaffold_property_retrieval,mpair_00003530_cond_01_3p,mpair_00003530,eval,3,"MW,LogP,RB",CCOC(=O)C(C)Oc1cccc(N(Cc2cccnc2)S(=O)(=O)CC(F)(F)F)c1,CC(C)COc1cccc(N(Cc2cccnc2)S(=O)(=O)CC(F)(F)F)c1,CCOC(=O)C(C)Oc1cccc(N(Cc2cccnc2)S(=O)(=O)CC(F)(F)F)c1,c1ccc(NCc2cccnc2)cc1,c1ccc(NCc2cccnc2)cc1,True,False,False,source_identity,1.0,0.6984126984126984,402.43800000000005,446.4470000000001,44.00900000000007,False,4.015100000000003,3.3107000000000024,0.7044000000000006,True,,,,,,,,,,,,,,,,,8.0,9.0,1.0,True
scaffold_property_retrieval,mpair_00003538_cond_00_3p,mpair_00003538,eval,3,"LogP,TPSA,HBA",CCC(C)COc1cccc(N(Cc2cccnc2)S(=O)(=O)CC(F)(F)F)c1,CCOC(=O)C(C)Oc1cccc(N(Cc2cccnc2)S(=O)(=O)CC(F)(F)F)c1,CCC(C)COc1cccc(N(Cc2cccnc2)S(=O)(=O)CC(F)(F)F)c1,c1ccc(NCc2cccnc2)cc1,c1ccc(NCc2cccnc2)cc1,True,False,False,source_identity,1.0,0.6923076923076923,,,,,3.3107000000000024,4.405200000000004,1.0945000000000018,False,,,,,85.80000000000001,59.5,26.30000000000001,False,,,,,6.0,4.0,2.0,False,,,,
scaffold_property_retrieval,mpair_00003544_cond_02_3p,mpair_00003544,eval,3,"LogP,QED,RB",CC(C)COc1cccc(N(Cc2cccnc2)S(=O)(=O)CC(F)(F)F)c1,CCCC(C)Oc1cccc(N(Cc2cccnc2)S(=O)(=O)CC(F)(F)F)c1,CC(C)COc1cccc(N(Cc2cccnc2)S(=O)(=O)CC(F)(F)F)c1,c1ccc(NCc2cccnc2)cc1,c1ccc(NCc2cccnc2)cc1,True,True,True,source_identity,1.0,0.7213114754098361,,,,,4.547700000000003,4.015100000000003,0.5326000000000004,True,0.6018859517288218,0.6693605971809802,0.06747464545215842,True,,,,,,,,,,,,,9.0,8.0,1.0,True
scaffold_property_retrieval,mpair_00000004_cond_02_4p,mpair_00000004,eval,4,"MW,LogP,QED,RB",O=C(c1ccccc1Br)N1C[C@H](CN2CCC(c3ccccc3)CC2)[C@@H](c2ccccc2)C1,COc1cccc(C(=O)N2C[C@H](CN3CCC(c4ccccc4)CC3)[C@@H](c3ccccc3)C2)c1,O=C(c1ccccc1Br)N1C[C@H](CN2CCC(c3ccccc3)CC2)[C@@H](c2ccccc2)C1,O=C(c1ccccc1)N1C[C@H](CN2CCC(c3ccccc3)CC2)[C@@H](c2ccccc2)C1,O=C(c1ccccc1)N1C[C@H](CN2CCC(c3ccccc3)CC2)[C@@H](c2ccccc2)C1,True,False,False,source_identity,1.0,0.6065573770491803,454.61400000000015,503.48400000000026,48.87000000000012,False,5.430600000000005,6.184500000000006,0.7539000000000007,True,0.49786269936596683,0.41502650656849366,0.08283619279747317,True,,,,,,,,,,,,,6.0,5.0,1.0,True
scaffold_property_retrieval,mpair_00000018_cond_00_4p,mpair_00000018,eval,4,"MW,QED,TPSA,RB",COC(=O)C1=C(c2ccc(Cl)nc2)CC2CCC1N2C,CN1C2C=C(c3ccc(Cl)nc3)CC1CC2,C1=C(c2cccnc2)CC2CCC1N2,C1=C(c2cccnc2)CC2CCC1N2,C1=C(c2cccnc2)CC2CCC1N2,True,False,False,,0.14925373134328357,0.2545454545454545,234.72999999999996,186.258,48.47199999999995,False,,,,,0.6949032404938756,0.725160453067101,0.030257212573225334,True,16.130000000000003,24.92,8.79,True,,,,,,,,,1.0,1.0,0.0,True
scaffold_property_retrieval,mpair_00000324_cond_01_4p,mpair_00000324,eval,4,"LogP,QED,HBA,RB",CSC1=C(C(=O)O)N2C(=O)[C@@H](NC(=O)[C@H](N)c3ccccc3)[C@H]2CC1,N[C@@H](C(=O)N[C@@H]1C(=O)N2C(C(=O)O)=C(C(F)(F)F)CC[C@H]12)c1cccc(Br)c1,CSC1=C(C(=O)O)N2C(=O)[C@@H](NC(=O)[C@H](N)c3ccccc3)[C@H]2CC1,O=C(Cc1ccccc1)N[C@@H]1C(=O)N2C=CCC[C@H]12,O=C(Cc1ccccc1)N[C@@H]1C(=O)N2C=CCC[C@H]12,True,False,False,source_identity,1.0,0.5757575757575758,,,,,1.8392999999999997,0.8350000000000002,1.0042999999999995,False,0.5917241763797754,0.6699274889764619,0.07820331259668656,True,,,,,,,,,4.0,5.0,1.0,True,4.0,5.0,1.0,True
scaffold_property_retrieval,mpair_00000329_cond_00_4p,mpair_00000329,eval,4,"MW,QED,HBA,RB",CSC1=C(C(=O)O)N2C(=O)[C@@H](NC(=O)[C@H](N)c3ccccc3)[C@H]2CC1,N[C@@H](C(=O)N[C@@H]1C(=O)N2C(C(=O)O)=C(C(F)(F)F)CC[C@H]12)c1ccc(F)cc1,CSC1=C(C(=O)O)N2C(=O)[C@@H](NC(=O)[C@H](N)c3ccccc3)[C@H]2CC1,O=C(Cc1ccccc1)N[C@@H]1C(=O)N2C=CCC[C@H]12,O=C(Cc1ccccc1)N[C@@H]1C(=O)N2C=CCC[C@H]12,True,False,False,source_identity,1.0,0.5873015873015873,401.3160000000001,361.42300000000006,39.89300000000003,False,,,,,0.5187711593734389,0.6699274889764619,0.15115632960302305,False,,,,,,,,,4.0,5.0,1.0,True,4.0,5.0,1.0,True
scaffold_property_retrieval,mpair_00000585_cond_01_4p,mpair_00000585,eval,4,"LogP,QED,TPSA,HBA",Cc1ccc(CCCC[C@@H]2N[C@@H](CO)[C@H](O)[C@H]2O)cc1,OC[C@@H]1N[C@@H](CCCCc2ccc(O)cc2)[C@H](O)[C@H]1O,Cc1ccc(CCCC[C@@H]2N[C@@H](CO)[C@H](O)[C@H]2O)cc1,c1ccc(CCCC[C@H]2CCCN2)cc1,c1ccc(CCCC[C@H]2CCCN2)cc1,True,False,False,source_identity,1.0,0.7567567567567568,,,,,0.15949999999999964,0.7623199999999992,0.6028199999999996,True,0.47902706341404183,0.5802758268226561,0.10124876340861427,False,92.95,72.72,20.230000000000004,False,,,,,5.0,4.0,1.0,True,,,,
scaffold_property_retrieval,mpair_00000724_cond_01_4p,mpair_00000724,eval,4,"MW,LogP,QED,RB",C=CCc1cc(/C=C2\SC(=O)N(CC=C(C)C)C2=O)c(OC)cc1OC1CCCCO1,C=CCc1cc(/C=C2\SC(=O)N(C)C2=O)c(OC)cc1OC1CCCCO1,C=CCc1cc(/C=C2\SC(=O)N(CC=C(C)C)C2=O)c(OC)cc1OC1CCCCO1,O=C1NC(=O)/C(=C/c2ccc(OC3CCCCO3)cc2)S1,O=C1NC(=O)/C(=C/c2ccc(OC3CCCCO3)cc2)S1,True,False,False,source_identity,1.0,0.7761194029850746,389.4730000000002,443.5650000000003,54.0920000000001,False,3.9952000000000023,5.331600000000005,1.336400000000003,False,0.5413211960634129,0.3995752918375223,0.14174590422589062,False,,,,,,,,,,,,,6.0,8.0,2.0,False
scaffold_property_retrieval,mpair_00000733_cond_00_4p,mpair_00000733,eval,4,"LogP,QED,HBD,RB",C=CCc1cc(/C=C2\SC(=O)N(CCCC)C2=O)c(OC)cc1OC1CCCCO1,C=CCc1cc(/C=C2\SC(=O)NC2=O)c(OC)cc1OC1CCCCO1,C=CCc1cc(/C=C2\SC(=O)N(CCCC)C2=O)c(OC)cc1OC1CCCCO1,O=C1NC(=O)/C(=C/c2ccc(OC3CCCCO3)cc2)S1,O=C1NC(=O)/C(=C/c2ccc(OC3CCCCO3)cc2)S1,True,False,False,source_identity,1.0,0.6571428571428571,,,,,3.6530000000000022,5.165500000000004,1.512500000000002,False,0.6042673504148035,0.39718598618589046,0.20708136422891305,False,,,,,1.0,0.0,1.0,True,,,,,6.0,9.0,3.0,False
scaffold_property_retrieval,mpair_00000750_cond_00_4p,mpair_00000750,eval,4,"MW,TPSA,HBA,RB",COC(=O)C[C@@H]1CC(=O)N2[C@H](Cc3c[nH]c4ccccc34)CO[C@@H]2C1,O=C1CCC[C@H]2OC[C@@H](Cc3c[nH]c4ccccc34)N12,COC(=O)C[C@@H]1CC(=O)N2[C@H](Cc3c[nH]c4ccccc34)CO[C@@H]2C1,O=C1CCC[C@H]2OC[C@@H](Cc3c[nH]c4ccccc34)N12,O=C1CCC[C@H]2OC[C@@H](Cc3c[nH]c4ccccc34)N12,True,False,False,source_identity,1.0,0.578125,270.33200000000005,342.39500000000015,72.0630000000001,False,,,,,,,,,45.330000000000005,71.63000000000001,26.300000000000004,False,,,,,2.0,4.0,2.0,False,2.0,4.0,2.0,False
scaffold_property_retrieval,mpair_00000765_cond_02_4p,mpair_00000765,eval,4,"MW,QED,HBA,RB",COc1cccc(-c2cncc(O[C@@H]3CCNC3)c2)c1,Clc1cccc(-c2cc(O[C@@H]3CCNC3)cnc2Cl)c1,COc1cccc(-c2cncc(O[C@@H]3CCNC3)c2)c1,c1ccc(-c2cncc(O[C@@H]3CCNC3)c2)cc1,c1ccc(-c2cncc(O[C@@H]3CCNC3)c2)cc1,True,False,False,source_identity,1.0,0.5,309.196,270.33199999999994,38.86400000000009,False,,,,,0.8758671086324237,0.9267061641096688,0.0508390554772451,True,,,,,,,,,3.0,4.0,1.0,True,3.0,4.0,1.0,True
scaffold_property_retrieval,mpair_00001123_cond_00_4p,mpair_00001123,eval,4,"QED,HBD,HBA,RB",O=C1NC(CCN2CCN(c3ccccc3)CC2)c2ccccc21,COc1ccc(N2CCN(CCC3c4ccccc4C(=O)N3C)CC2)cc1,O=C1NC(CCN2CCN(c3ccccc3)CC2)c2ccccc21,O=C1NC(CCN2CCN(c3ccccc3)CC2)c2ccccc21,O=C1NC(CCN2CCN(c3ccccc3)CC2)c2ccccc21,True,False,False,source_identity,1.0,0.47368421052631576,,,,,,,,,0.8160326048332845,0.9403172855884846,0.12428468075520005,False,,,,,0.0,1.0,1.0,True,4.0,3.0,1.0,True,5.0,4.0,1.0,True
scaffold_property_retrieval,mpair_00001617_cond_02_4p,mpair_00001617,eval,4,"QED,TPSA,HBA,RB",Cc1cc(F)cc2c1OCc1c-2ccc2c1C(C)CC(C)(C)N2,CC1CC(C)(C)Nc2ccc3c(c21)COc1c-3cc(F)cc1[N+](=O)[O-],Cc1cc(F)cc2c1OCc1c-2ccc2c1C(C)CC(C)(C)N2,c1ccc2c(c1)OCc1c-2ccc2c1CCCN2,c1ccc2c(c1)OCc1c-2ccc2c1CCCN2,True,False,False,source_identity,1.0,0.7192982456140351,,,,,,,,,0.5855235809891088,0.7039179552802654,0.11839437429115651,False,64.39999999999999,21.259999999999998,43.13999999999999,False,,,,,4.0,2.0,2.0,False,1.0,0.0,1.0,True
scaffold_property_retrieval,mpair_00002370_cond_00_4p,mpair_00002370,eval,4,"QED,HBD,HBA,RB",CCOC(=O)/C=C/c1cc(C(=O)c2ccc(-n3ccnc3)cc2)cn1C,Cn1cc(C(=O)c2ccc(-n3ccnc3)cc2)cc1/C=C/C(=O)O,CCOC(=O)/C=C/c1cc(C(=O)c2ccc(-n3ccnc3)cc2)cn1C,O=C(c1ccc(-n2ccnc2)cc1)c1cc[nH]c1,O=C(c1ccc(-n2ccnc2)cc1)c1cc[nH]c1,True,False,False,source_identity,1.0,0.7454545454545455,,,,,,,,,0.5785260949639057,0.3897342663180413,0.1887918286458644,False,,,,,1.0,0.0,1.0,True,5.0,6.0,1.0,True,5.0,6.0,1.0,True
scaffold_property_retrieval,mpair_00002474_cond_00_4p,mpair_00002474,eval,4,"MW,QED,TPSA,RB",COc1cc(NC(=O)c2cc(OCCCN(C)C)nn2Cc2ccccc2)cc(OC)c1OC,CN(C)CCCOc1cc(C(=O)Nc2ccc(Cl)cc2F)n(Cc2ccccc2)n1,COc1cc(NC(=O)c2cc(OCCCN(C)C)nn2Cc2ccccc2)cc(OC)c1OC,O=C(Nc1ccccc1)c1ccnn1Cc1ccccc1,O=C(Nc1ccccc1)c1ccnn1Cc1ccccc1,True,False,False,source_identity,1.0,0.6376811594202898,430.9110000000001,468.5540000000002,37.643000000000086,False,,,,,0.5138601191048354,0.4069700768443977,0.10689004226043775,False,59.39,87.08000000000001,27.690000000000012,False,,,,,,,,,9.0,12.0,3.0,False
scaffold_property_retrieval,mpair_00002486_cond_01_4p,mpair_00002486,eval,4,"MW,QED,HBA,RB",CN(C)CCCOc1cc(C(=O)Nc2cccc(Cl)c2)n(Cc2ccccc2)n1,CN(C)CCCOc1cc(C(=O)Nc2ccc(OC(F)(F)F)cc2)n(Cc2ccccc2)n1,CN(C)CCCOc1cc(C(=O)Nc2cccc(Cl)c2)n(Cc2ccccc2)n1,O=C(Nc1ccccc1)c1ccnn1Cc1ccccc1,O=C(Nc1ccccc1)c1ccnn1Cc1ccccc1,True,False,False,source_identity,1.0,0.696969696969697,462.4720000000001,412.9210000000001,49.55099999999999,False,,,,,0.4522382232340766,0.5357556879239462,0.08351746468986965,True,,,,,,,,,6.0,5.0,1.0,True,10.0,9.0,1.0,True
scaffold_property_retrieval,mpair_00002520_cond_00_4p,mpair_00002520,eval,4,"MW,TPSA,HBA,RB",CSc1cc(-c2ccc(Br)cc2)oc(=O)c1C#N,CCOC(=O)c1c(SC)c(C#N)c(-c2ccc(Br)cc2)oc1=O,CSc1cc(-c2ccc(F)cc2)oc(=O)c1,O=c1cccc(-c2ccccc2)o1,O=c1cccc(-c2ccccc2)o1,True,False,False,,0.3469387755102041,0.203125,394.24600000000004,236.26699999999997,157.97900000000007,False,,,,,,,,,80.30000000000001,30.21,50.09000000000001,False,,,,,6.0,3.0,3.0,False,4.0,2.0,2.0,False
scaffold_property_retrieval,mpair_00002551_cond_01_4p,mpair_00002551,eval,4,"MW,QED,HBA,RB",CSc1cc(-c2ccc(Cl)cc2)oc(=O)c1C(N)=O,CSc1cc(-c2ccc(Br)cc2)oc(=O)c1Cl,CSc1cc(-c2ccc(F)cc2)oc(=O)c1,O=c1cccc(-c2ccccc2)o1,O=c1cccc(-c2ccccc2)o1,True,False,False,,0.34,0.3695652173913043,331.61800000000005,236.26699999999997,95.35100000000008,False,,,,,0.7618841288913727,0.7501191134076561,0.011765015483716557,True,,,,,,,,,3.0,3.0,0.0,True,2.0,2.0,0.0,True
scaffold_property_retrieval,mpair_00002561_cond_01_4p,mpair_00002561,eval,4,"MW,LogP,QED,RB",CSc1nc(-c2ccc(C)cc2)nn1C(=O)N(C)c1ccccc1,CN(C(=O)n1nc(-c2ccc(Cl)cc2)nc1SCC(F)(F)F)c1ccccc1,CSc1nc(-c2ccc(C)cc2)nn1C(=O)N(C)c1ccccc1,O=C(Nc1ccccc1)n1cnc(-c2ccccc2)n1,O=C(Nc1ccccc1)n1cnc(-c2ccccc2)n1,True,False,False,source_identity,1.0,0.5862068965517241,426.8510000000001,338.43600000000004,88.41500000000008,False,5.357400000000003,4.079920000000002,1.2774800000000006,False,0.5270344401044634,0.6753188675979567,0.14828442749349324,False,,,,,,,,,,,,,4.0,3.0,1.0,True
scaffold_property_retrieval,mpair_00002575_cond_00_4p,mpair_00002575,eval,4,"MW,LogP,QED,RB",COc1cc(C(=O)N2CCN(C(=O)c3cc(OC)c(OC)c(OC)c3)C(COC(C)=O)C2)cc(OC)c1OC,COc1cc(C(=O)N2CCN(C(=O)c3cc(OC)c(OC)c(OC)c3)C(COC(=O)CC(C)(C)C)C2)cc(OC)c1OC,COc1cc(C(=O)N2CCN(C(=O)c3cc(OC)c(OC)c(OC)c3)C(COC(C)=O)C2)cc(OC)c1OC,O=C(c1ccccc1)N1CCN(C(=O)c2ccccc2)CC1,O=C(c1ccccc1)N1CCN(C(=O)c2ccccc2)CC1,True,False,False,source_identity,1.0,0.7547169811320755,602.6810000000004,546.5730000000003,56.10800000000006,False,3.684400000000003,2.2681000000000004,1.4163000000000023,False,0.3521539372279048,0.41028124355120477,0.05812730632329999,True,,,,,,,,,,,,,11.0,10.0,1.0,True
scaffold_property_retrieval,mpair_00002584_cond_02_4p,mpair_00002584,eval,4,"MW,LogP,HBD,HBA",COc1cc(C(=O)N2CCN(C(=O)c3cc(OC)c(OC)c(OC)c3)C(CO)C2)cc(OC)c1OC,COc1cc(C(=O)N2CCN(C(=O)c3cc(OC)c(OC)c(OC)c3)C(COC(C)=O)C2)cc(OC)c1OC,COc1cc(C(=O)N2CCN(C(=O)c3cc(OC)c(OC)c(OC)c3)C(CO)C2)cc(OC)c1OC,O=C(c1ccccc1)N1CCN(C(=O)c2ccccc2)CC1,O=C(c1ccccc1)N1CCN(C(=O)c2ccccc2)CC1,True,False,False,source_identity,1.0,0.75,546.5730000000003,504.53600000000034,42.03699999999998,False,2.2681000000000004,1.6973000000000003,0.5708000000000002,True,,,,,,,,,0.0,1.0,1.0,True,10.0,9.0,1.0,True,,,,
scaffold_property_retrieval,mpair_00002592_cond_02_4p,mpair_00002592,eval,4,"MW,TPSA,HBA,RB",COc1cc(C(=O)N2CCN(C(=O)c3cc(OC)c(OC)c(OC)c3)CC2)cc(OC)c1OC,COc1cc(C(=O)N2CCN(C(=O)c3cc(OC)c(OC)c(OC)c3)C(COC(C)=O)C2)cc(OC)c1OC,COc1cc(C(=O)N2CCN(C(=O)c3cc(OC)c(OC)c(OC)c3)CC2)cc(OC)c1OC,O=C(c1ccccc1)N1CCN(C(=O)c2ccccc2)CC1,O=C(c1ccccc1)N1CCN(C(=O)c2ccccc2)CC1,True,False,False,source_identity,1.0,0.5777777777777777,546.5730000000003,474.51000000000033,72.06299999999999,False,,,,,,,,,122.30000000000001,96.00000000000001,26.299999999999997,False,,,,,10.0,8.0,2.0,False,10.0,8.0,2.0,False
scaffold_property_retrieval,mpair_00002605_cond_02_4p,mpair_00002605,eval,4,"TPSA,HBD,HBA,RB",COc1ccc(C(=O)Nc2c(Cl)cncc2Cl)c2ccc(C(C)O)nc12,COc1ccc(C(=O)Nc2c(F)cncc2F)c2ccc(C(F)(F)F)nc12,COc1ccc(C(=O)Nc2c(Cl)cncc2Cl)c2ccc(C(C)O)nc12,O=C(Nc1ccncc1)c1cccc2ncccc12,O=C(Nc1ccncc1)c1cccc2ncccc12,True,False,False,source_identity,1.0,0.532258064516129,,,,,,,,,,,,,64.11,84.34,20.230000000000004,False,1.0,2.0,1.0,True,4.0,5.0,1.0,True,3.0,4.0,1.0,True
scaffold_property_retrieval,mpair_00002611_cond_01_4p,mpair_00002611,eval,4,"QED,TPSA,HBA,RB",COc1ccc(C(=O)Nc2ccncc2Cl)c2ccc(C(F)(F)F)nc12,COc1ccc(C(=O)Nc2c(Cl)cncc2Cl)c2ccc(C(C)=O)nc12,COc1ccc(C(=O)Nc2ccncc2Cl)c2ccc(C(F)(F)F)nc12,O=C(Nc1ccncc1)c1cccc2ncccc12,O=C(Nc1ccncc1)c1cccc2ncccc12,True,True,True,source_identity,1.0,0.5396825396825397,,,,,,,,,0.6681926051832562,0.7218484507203837,0.053655845537127544,True,81.17999999999999,64.11,17.069999999999993,True,,,,,5.0,4.0,1.0,True,4.0,3.0,1.0,True
scaffold_property_retrieval,mpair_00002619_cond_02_4p,mpair_00002619,eval,4,"TPSA,HBD,HBA,RB",COc1ccc(C(=O)Nc2c(Cl)cncc2Cl)c2ccc(C(C)O)nc12,COc1ccc(C(=O)Nc2ccncc2Cl)c2ccc(C(F)(F)F)nc12,COc1ccc(C(=O)Nc2c(Cl)cncc2Cl)c2ccc(C(C)O)nc12,O=C(Nc1ccncc1)c1cccc2ncccc12,O=C(Nc1ccncc1)c1cccc2ncccc12,True,False,False,source_identity,1.0,0.5230769230769231,,,,,,,,,,,,,64.11,84.34,20.230000000000004,False,1.0,2.0,1.0,True,4.0,5.0,1.0,True,3.0,4.0,1.0,True
scaffold_property_retrieval,mpair_00002627_cond_00_4p,mpair_00002627,eval,4,"QED,TPSA,HBA,RB",COc1ccc(C(=O)Nc2c(Cl)cncc2Cl)c2ccc(C(C)=O)nc12,COc1ccc(C(=O)Nc2c(Cl)cncc2Cl)c2cccnc12,COc1ccc(C(=O)Nc2c(Cl)cncc2Cl)c2ccc(C(C)=O)nc12,O=C(Nc1ccncc1)c1cccc2ncccc12,O=C(Nc1ccncc1)c1cccc2ncccc12,True,False,False,source_identity,1.0,0.6666666666666666,,,,,,,,,0.7706046174674384,0.6681926051832562,0.10241201228418217,False,64.11,81.17999999999999,17.069999999999993,True,,,,,4.0,5.0,1.0,True,3.0,4.0,1.0,True
scaffold_property_retrieval,mpair_00003116_cond_00_4p,mpair_00003116,eval,4,"LogP,TPSA,HBA,RB",COC(=O)c1cc2c([nH]1)C(=O)C=C1N(C(=O)OC(C)(C)C)CC3CC123,Cc1c[nH]c2c1C13CC1CN(C(=O)OC(C)(C)C)C3=CC2=O,COC(=O)c1cc2c([nH]1)C(=O)C=C1N(C(=O)OC(C)(C)C)CC3CC123,O=C1C=C2NCC3CC23c2cc[nH]c21,O=C1C=C2NCC3CC23c2cc[nH]c21,True,False,False,source_identity,1.0,0.5873015873015873,,,,,2.9117200000000016,2.389900000000001,0.5218200000000008,True,,,,,62.4,88.7,26.300000000000004,False,,,,,3.0,5.0,2.0,False,0.0,1.0,1.0,True
scaffold_property_retrieval,mpair_00003211_cond_02_4p,mpair_00003211,eval,4,"MW,HBD,HBA,RB",CC[C@H]1OC(=O)[C@H](C)[C@@H](OC(C)=O)[C@H](C)[C@@H](OC2O[C@H](C)C[C@H](N(C)C)C2O)[C@@](C)(OC)C[C@@H](C)C(=O)[C@H](C)[C@@H](O)[C@]1(C)O,CC[C@H]1OC(=O)[C@H](C)[C@@H](O)[C@H](C)[C@@H](OC2O[C@H](C)C[C@H](N(C)C)C2O)[C@@](C)(OC)C[C@@H](C)C(=O)[C@H](C)[C@@H](O)[C@]1(C)O,CC[C@H]1OC(=O)[C@H](C)[C@@H](OC(C)=O)[C@H](C)[C@@H](OC2O[C@H](C)C[C@H](N(C)C)C2O)[C@@](C)(OC)C[C@@H](C)C(=O)[C@H](C)[C@@H](O)[C@]1(C)O,O=C1CCCCOC(=O)CCC[C@@H](OC2CCCCO2)CCC1,O=C1CCCCOC(=O)CCC[C@@H](OC2CCCCO2)CCC1,True,False,False,source_identity,1.0,0.821917808219178,589.7670000000004,631.8040000000003,42.03699999999992,False,,,,,,,,,,,,,4.0,3.0,1.0,True,11.0,12.0,1.0,True,5.0,6.0,1.0,True
scaffold_property_retrieval,mpair_00003217_cond_01_4p,mpair_00003217,eval,4,"MW,QED,TPSA,HBA",Clc1ccc(Nc2nc(N3CCOCC3)nc3ccccc23)cc1,COC(=O)c1ccc2c(Nc3ccc(Cl)cc3)nc(N3CCOCC3)nc2c1,Clc1ccc(Nc2nc(N3CCOCC3)nc3ccccc23)cc1,c1ccc(Nc2nc(N3CCOCC3)nc3ccccc23)cc1,c1ccc(Nc2nc(N3CCOCC3)nc3ccccc23)cc1,True,False,False,source_identity,1.0,0.631578947368421,398.85000000000025,340.81399999999996,58.036000000000286,False,,,,,0.6719222545699903,0.784150666451108,0.11222841188111765,False,76.58,50.28,26.299999999999997,False,,,,,7.0,5.0,2.0,False,,,,
scaffold_property_retrieval,mpair_00003228_cond_01_4p,mpair_00003228,eval,4,"QED,HBD,HBA,RB",CCCCc1nn(-c2ccccn2)c(C(=O)O)c1Cc1ccc(-c2ccccc2-c2nn[nH]n2)cc1,CCCCc1nn(-c2ccccn2)c(C(=O)OCC)c1Cc1ccc(-c2ccccc2-c2nn[nH]n2)cc1,CCCCc1nn(-c2ccccn2)c(C(=O)O)c1Cc1ccc(-c2ccccc2-c2nn[nH]n2)cc1,c1ccc(-n2cc(Cc3ccc(-c4ccccc4-c4nn[nH]n4)cc3)cn2)nc1,c1ccc(-n2cc(Cc3ccc(-c4ccccc4-c4nn[nH]n4)cc3)cn2)nc1,True,True,True,source_identity,1.0,0.8405797101449275,,,,,,,,,0.25784000650209704,0.31281238062525013,0.05497237412315309,True,,,,,1.0,2.0,1.0,True,8.0,7.0,1.0,True,10.0,9.0,1.0,True
scaffold_property_retrieval,mpair_00003533_cond_01_4p,mpair_00003533,eval,4,"MW,LogP,QED,RB",CCCC(C)Oc1cccc(N(Cc2cccnc2)S(=O)(=O)CC(F)(F)F)c1,COc1cccc(N(Cc2cccnc2)S(=O)(=O)CC(F)(F)F)c1,CCCC(C)Oc1cccc(N(Cc2cccnc2)S(=O)(=O)CC(F)(F)F)c1,c1ccc(NCc2cccnc2)cc1,c1ccc(NCc2cccnc2)cc1,True,False,False,source_identity,1.0,0.7413793103448276,360.3570000000001,416.4650000000001,56.108000000000004,False,2.988900000000002,4.547700000000003,1.5588000000000015,False,0.7946521442277092,0.6018859517288218,0.1927661924988875,False,,,,,,,,,,,,,6.0,9.0,3.0,False
scaffold_property_retrieval,mpair_00003549_cond_00_4p,mpair_00003549,eval,4,"LogP,QED,TPSA,HBA",CCOC(=O)C(C)Oc1cccc(N(Cc2cccnc2)S(=O)(=O)CC(F)(F)F)c1,CCC(C)COc1cccc(N(Cc2cccnc2)S(=O)(=O)CC(F)(F)F)c1,CCOC(=O)C(C)Oc1cccc(N(Cc2cccnc2)S(=O)(=O)CC(F)(F)F)c1,c1ccc(NCc2cccnc2)cc1,c1ccc(NCc2cccnc2)cc1,True,False,False,source_identity,1.0,0.6923076923076923,,,,,4.405200000000004,3.3107000000000024,1.0945000000000018,False,0.6078002459089881,0.5496815697636838,0.058118676145304304,True,59.5,85.80000000000001,26.30000000000001,False,,,,,4.0,6.0,2.0,False,,,,
scaffold_property_retrieval,mpair_00000019_cond_01_5p,mpair_00000019,eval,5,"MW,QED,TPSA,HBA,RB",CN1C2C=C(c3ccc(Cl)nc3)CC1CC2,COC(=O)C1=C(c2ccc(Cl)nc2)CC2CCC1N2C,C1=C(c2cccnc2)CC2CCC1N2,C1=C(c2cccnc2)CC2CCC1N2,C1=C(c2cccnc2)CC2CCC1N2,True,False,False,,0.2545454545454545,0.14925373134328357,292.76599999999996,186.258,106.50799999999995,False,,,,,0.6204382047485277,0.725160453067101,0.10472224831857324,False,42.43,24.92,17.509999999999998,True,,,,,4.0,2.0,2.0,False,2.0,1.0,1.0,True
scaffold_property_retrieval,mpair_00000332_cond_01_5p,mpair_00000332,eval,5,"MW,LogP,TPSA,HBD,HBA",N[C@@H](C(=O)N[C@@H]1C(=O)N2C(C(=O)O)=C(C(F)(F)F)CC[C@H]12)c1ccc(O)cc1,N[C@@H](C(=O)N[C@@H]1C(=O)N2C(C(=O)O)=C(C(F)(F)F)CC[C@H]12)c1cccc(Br)c1,N[C@@H](C(=O)N[C@@H]1C(=O)N2C(C(=O)O)=C(C(F)(F)F)CC[C@H]12)c1ccc(O)cc1,O=C(Cc1ccccc1)N[C@@H]1C(=O)N2C=CCC[C@H]12,O=C(Cc1ccccc1)N[C@@H]1C(=O)N2C=CCC[C@H]12,True,False,False,source_identity,1.0,0.7377049180327869,462.2220000000001,399.3250000000001,62.89699999999999,False,1.8392999999999997,0.7823999999999993,1.0569000000000004,False,,,,,112.73,132.96,20.230000000000004,False,3.0,4.0,1.0,True,4.0,5.0,1.0,True,,,,
scaffold_property_retrieval,mpair_00000584_cond_02_5p,mpair_00000584,eval,5,"LogP,QED,TPSA,HBD,HBA",OC[C@@H]1N[C@@H](CCCCc2ccc(O)cc2)[C@H](O)[C@H]1O,Cc1ccc(CCCC[C@@H]2N[C@@H](CO)[C@H](O)[C@H]2O)cc1,OC[C@@H]1N[C@@H](CCCCc2ccc(O)cc2)[C@H](O)[C@H]1O,c1ccc(CCCC[C@H]2CCCN2)cc1,c1ccc(CCCC[C@H]2CCCN2)cc1,True,False,False,source_identity,1.0,0.7567567567567568,,,,,0.7623199999999992,0.15949999999999964,0.6028199999999996,True,0.5802758268226561,0.47902706341404183,0.10124876340861427,False,72.72,92.95,20.230000000000004,False,4.0,5.0,1.0,True,4.0,5.0,1.0,True,,,,
scaffold_property_retrieval,mpair_00000730_cond_01_5p,mpair_00000730,eval,5,"MW,LogP,QED,HBD,RB",C=CCc1cc(/C=C2\SC(=O)NC2=O)c(OC)cc1OC1CCCCO1,C=CCc1cc(/C=C2\SC(=O)N(C(C)C)C2=O)c(OC)cc1OC1CCCCO1,C=CCc1cc(/C=C2\SC(=O)NC2=O)c(OC)cc1OC1CCCCO1,O=C1NC(=O)/C(=C/c2ccc(OC3CCCCO3)cc2)S1,O=C1NC(=O)/C(=C/c2ccc(OC3CCCCO3)cc2)S1,True,False,False,source_identity,1.0,0.6865671641791045,417.52700000000027,375.4460000000002,42.081000000000074,False,4.773800000000004,3.6530000000000022,1.1208000000000018,False,0.4701504427149941,0.6042673504148035,0.13411690769980938,False,,,,,0.0,1.0,1.0,True,,,,,7.0,6.0,1.0,True
scaffold_property_retrieval,mpair_00002374_cond_00_5p,mpair_00002374,eval,5,"LogP,TPSA,HBD,HBA,RB",COc1cccc2sc([C@@H]3C[C@H]4CC[C@@H](C3)N4C[C@H](O)COc3cccc4[nH]c(C)cc34)cc12,COc1cccc2sc([C@@H]3C[C@H]4CC[C@@H](C3)N4C[C@H](O)COc3cccc4[nH]c(C(N)=O)cc34)cc12,COc1cccc2sc([C@@H]3C[C@H]4CC[C@@H](C3)N4C[C@H](O)COc3cccc4[nH]c(C)cc34)cc12,c1ccc2sc([C@@H]3C[C@H]4CC[C@@H](C3)N4CCCOc3cccc4[nH]ccc34)cc2c1,c1ccc2sc([C@@H]3C[C@H]4CC[C@@H](C3)N4CCCOc3cccc4[nH]ccc34)cc2c1,True,False,False,source_identity,1.0,0.7916666666666666,,,,,4.640400000000003,5.849920000000006,1.209520000000003,False,,,,,100.81,57.720000000000006,43.089999999999996,False,3.0,2.0,1.0,True,6.0,5.0,1.0,True,8.0,7.0,1.0,True
scaffold_property_retrieval,mpair_00002479_cond_01_5p,mpair_00002479,eval,5,"MW,QED,TPSA,HBA,RB",COc1cc(NC(=O)c2cc(OCCCN(C)C)nn2Cc2ccccc2)cc(OC)c1OC,CN(C)CCCOc1cc(C(=O)Nc2cccc(Cl)c2)n(Cc2ccccc2)n1,COc1cc(NC(=O)c2cc(OCCCN(C)C)nn2Cc2ccccc2)cc(OC)c1OC,O=C(Nc1ccccc1)c1ccnn1Cc1ccccc1,O=C(Nc1ccccc1)c1ccnn1Cc1ccccc1,True,False,False,source_identity,1.0,0.71875,412.9210000000001,468.5540000000002,55.633000000000095,False,,,,,0.5357556879239462,0.4069700768443977,0.12878561107954856,False,59.39,87.08000000000001,27.690000000000012,False,,,,,5.0,8.0,3.0,False,9.0,12.0,3.0,False
scaffold_property_retrieval,mpair_00002511_cond_02_5p,mpair_00002511,eval,5,"LogP,QED,TPSA,HBA,RB",CSc1cc(-c2ccc(Br)cc2)oc(=O)c1Br,CSc1cc(-c2ccc(Cl)cc2)oc(=O)c1C(N)=O,CSc1cc(-c2ccc(F)cc2)oc(=O)c1,O=c1cccc(-c2ccccc2)o1,O=c1cccc(-c2ccccc2)o1,True,False,False,,0.38636363636363635,0.34,,,,,2.7810000000000006,3.1678000000000024,0.3868000000000018,True,0.8837306867126842,0.7501191134076561,0.13361157330502804,False,73.30000000000001,30.21,43.09000000000001,False,,,,,4.0,3.0,1.0,True,3.0,2.0,1.0,True
scaffold_property_retrieval,mpair_00002557_cond_00_5p,mpair_00002557,eval,5,"MW,LogP,QED,HBA,RB",CSc1nc(-c2ccc(C)cc2)nn1C(=O)N(C)c1ccccc1,CSc1nc(-c2ccc(OC(F)(F)F)cc2)nn1C(=O)N(C)c1ccccc1,CSc1nc(-c2ccc(C)cc2)nn1C(=O)N(C)c1ccccc1,O=C(Nc1ccccc1)n1cnc(-c2ccccc2)n1,O=C(Nc1ccccc1)n1cnc(-c2ccccc2)n1,True,False,False,source_identity,1.0,0.7169811320754716,408.4050000000001,338.43600000000004,69.96900000000005,False,4.670100000000003,4.079920000000002,0.590180000000001,True,0.5874043626188404,0.6753188675979567,0.08791450497911624,True,,,,,,,,,6.0,5.0,1.0,True,4.0,3.0,1.0,True
scaffold_property_retrieval,mpair_00002581_cond_01_5p,mpair_00002581,eval,5,"MW,QED,TPSA,HBA,RB",COc1cc(C(=O)N2CCN(C(=O)c3cc(OC)c(OC)c(OC)c3)C(COC(=O)CC(C)(C)C)C2)cc(OC)c1OC,COc1cc(C(=O)N2CCN(C(=O)c3cc(OC)c(OC)c(OC)c3)CC2)cc(OC)c1OC,COc1cc(C(=O)N2CCN(C(=O)c3cc(OC)c(OC)c(OC)c3)C(COC(=O)CC(C)(C)C)C2)cc(OC)c1OC,O=C(c1ccccc1)N1CCN(C(=O)c2ccccc2)CC1,O=C(c1ccccc1)N1CCN(C(=O)c2ccccc2)CC1,True,False,False,source_identity,1.0,0.52,474.51000000000033,602.6810000000004,128.17100000000005,False,,,,,0.5754127815390553,0.3521539372279048,0.2232588443111505,False,96.00000000000001,122.30000000000001,26.299999999999997,False,,,,,8.0,10.0,2.0,False,8.0,11.0,3.0,False
scaffold_property_retrieval,mpair_00002591_cond_02_5p,mpair_00002591,eval,5,"LogP,QED,TPSA,HBD,RB",COc1cc(C(=O)N2CCN(C(=O)c3cc(OC)c(OC)c(OC)c3)C(COC(=O)NCCC(C)C)C2)cc(OC)c1OC,COc1cc(C(=O)N2CCN(C(=O)c3cc(OC)c(OC)c(OC)c3)CC2)cc(OC)c1OC,COc1cc(C(=O)N2CCN(C(=O)c3cc(OC)c(OC)c(OC)c3)C(COC(=O)NCCC(C)C)C2)cc(OC)c1OC,O=C(c1ccccc1)N1CCN(C(=O)c2ccccc2)CC1,O=C(c1ccccc1)N1CCN(C(=O)c2ccccc2)CC1,True,False,False,source_identity,1.0,0.48148148148148145,,,,,2.3364000000000003,3.4773000000000023,1.140900000000002,False,0.5754127815390553,0.3561059094946873,0.219306872044368,False,96.00000000000001,134.33,38.33,False,0.0,1.0,1.0,True,,,,,8.0,13.0,5.0,False
scaffold_property_retrieval,mpair_00002629_cond_02_5p,mpair_00002629,eval,5,"LogP,TPSA,HBD,HBA,RB",CC(C)CC(=O)N1C[C@H](c2ccccc2)C[C@H]1C(=O)N[C@@H](CC(F)F)C(=O)NCCc1c(F)cc(C(=O)O)cc1F,CC(C)(C)[C@H](O)C(=O)N1C[C@H](c2ccccc2)C[C@H]1C(=O)N[C@@H](CC(F)F)C(=O)NCCc1c(F)cc(C(=O)O)cc1F,CC(C)CC(=O)N1C[C@H](c2ccccc2)C[C@H]1C(=O)N[C@@H](CC(F)F)C(=O)NCCc1c(F)cc(C(=O)O)cc1F,O=C(CNC(=O)[C@@H]1C[C@@H](c2ccccc2)CN1)NCCc1ccccc1,O=C(CNC(=O)[C@@H]1C[C@@H](c2ccccc2)CN1)NCCc1ccccc1,True,False,False,source_identity,1.0,0.7567567567567568,,,,,3.253400000000001,3.892500000000002,0.6391000000000009,True,,,,,136.04,115.81000000000002,20.229999999999976,False,4.0,3.0,1.0,True,5.0,4.0,1.0,True,11.0,12.0,1.0,True
scaffold_property_retrieval,mpair_00003117_cond_02_5p,mpair_00003117,eval,5,"MW,LogP,TPSA,HBA,RB",Cc1c[nH]c2c1C13CC1CN(C(=O)OC(C)(C)C)C3=CC2=O,COC(=O)c1cc2c([nH]1)C(=O)C=C1N(C(=O)OC(C)(C)C)CC3CC123,Cc1c[nH]c2c1C13CC1CN(C(=O)OC(C)(C)C)C3=CC2=O,O=C1C=C2NCC3CC23c2cc[nH]c21,O=C1C=C2NCC3CC23c2cc[nH]c21,True,False,False,source_identity,1.0,0.5873015873015873,344.36700000000013,300.358,44.00900000000013,False,2.389900000000001,2.9117200000000016,0.5218200000000008,True,,,,,88.7,62.4,26.300000000000004,False,,,,,5.0,3.0,2.0,False,1.0,0.0,1.0,True
scaffold_property_retrieval,mpair_00003218_cond_01_5p,mpair_00003218,eval,5,"MW,LogP,QED,TPSA,HBA",COC(=O)c1cccc(C(=O)NO)c1N(Cc1cccnc1)S(=O)(=O)c1ccc(OC)cc1,COc1ccc(S(=O)(=O)N(Cc2cccnc2)c2c(C)cccc2C(=O)NO)cc1,COC(=O)c1cccc(C(=O)NO)c1N(Cc1cccnc1)S(=O)(=O)c1ccc(OC)cc1,O=S(=O)(c1ccccc1)N(Cc1cccnc1)c1ccccc1,O=S(=O)(c1ccccc1)N(Cc1cccnc1)c1ccccc1,True,False,False,source_identity,1.0,0.8333333333333334,427.48200000000014,471.49100000000016,44.009000000000015,False,2.91312,2.391300000000001,0.5218199999999991,True,0.44330794633881315,0.29046454626646695,0.1528434000723462,False,108.83000000000001,135.13,26.299999999999983,False,,,,,6.0,8.0,2.0,False,,,,
scaffold_property_retrieval,mpair_00000599_cond_01_6p,mpair_00000599,eval,6,"MW,QED,TPSA,HBD,HBA,RB",CC1=C(C)C(=O)C(C(c2ccccc2)c2cccnc2)=C(C)C1=O,CC1=C(C)C(=O)C(C(c2cccnc2)c2cccc(/C=C/C(=O)O)c2)=C(C)C1=O,CC1=C(C)C(=O)C(C(c2ccccc2)c2cccnc2)=C(C)C1=O,O=C1C=CC(=O)C(C(c2ccccc2)c2cccnc2)=C1,O=C1C=CC(=O)C(C(c2ccccc2)c2cccnc2)=C1,True,False,False,source_identity,1.0,0.6326530612244898,387.4350000000002,317.3880000000001,70.04700000000008,False,,,,,0.6163061688930161,0.803366149239095,0.18705998034607885,False,84.33000000000001,47.03,37.30000000000001,False,1.0,0.0,1.0,True,4.0,3.0,1.0,True,5.0,3.0,2.0,False
scaffold_property_retrieval,mpair_00002553_cond_01_6p,mpair_00002553,eval,6,"MW,LogP,QED,TPSA,HBD,RB",CSc1cc(-c2ccc(Cl)cc2)oc(=O)c1C(N)=O,CSc1cc(-c2ccc(Cl)cc2)oc(=O)c1Br,CSc1cc(-c2ccc(F)cc2)oc(=O)c1,O=c1cccc(-c2ccccc2)o1,O=c1cccc(-c2ccccc2)o1,True,False,False,,0.34,0.3695652173913043,331.61799999999994,236.26699999999997,95.35099999999997,False,4.444600000000001,3.1678000000000024,1.2767999999999988,False,0.7618841288913729,0.7501191134076561,0.011765015483716779,True,30.21,30.21,0.0,True,0.0,0.0,0.0,True,,,,,2.0,2.0,0.0,True
scaffold_property_retrieval,mpair_00002580_cond_02_6p,mpair_00002580,eval,6,"MW,LogP,QED,HBD,HBA,RB",COc1cc(C(=O)N2CCN(C(=O)c3cc(OC)c(OC)c(OC)c3)C(COC(C)=O)C2)cc(OC)c1OC,COc1cc(C(=O)N2CCN(C(=O)c3cc(OC)c(OC)c(OC)c3)C(CO)C2)cc(OC)c1OC,COc1cc(C(=O)N2CCN(C(=O)c3cc(OC)c(OC)c(OC)c3)C(COC(C)=O)C2)cc(OC)c1OC,O=C(c1ccccc1)N1CCN(C(=O)c2ccccc2)CC1,O=C(c1ccccc1)N1CCN(C(=O)c2ccccc2)CC1,True,False,False,source_identity,1.0,0.75,504.53600000000034,546.5730000000003,42.03699999999998,False,1.6973000000000003,2.2681000000000004,0.5708000000000002,True,0.544633228323374,0.41028124355120477,0.13435198477216925,False,,,,,1.0,0.0,1.0,True,9.0,10.0,1.0,True,9.0,10.0,1.0,True
scaffold_property_retrieval,mpair_00002588_cond_01_6p,mpair_00002588,eval,6,"MW,LogP,QED,TPSA,HBA,RB",COc1cc(C(=O)N2CCN(C(=O)c3cc(OC)c(OC)c(OC)c3)CC2)cc(OC)c1OC,CCN(CC)C(=O)OCC1CN(C(=O)c2cc(OC)c(OC)c(OC)c2)CCN1C(=O)c1cc(OC)c(OC)c(OC)c1,COc1cc(C(=O)N2CCN(C(=O)c3cc(OC)c(OC)c(OC)c3)CC2)cc(OC)c1OC,O=C(c1ccccc1)N1CCN(C(=O)c2ccccc2)CC1,O=C(c1ccccc1)N1CCN(C(=O)c2ccccc2)CC1,True,False,False,source_identity,1.0,0.52,603.6690000000003,474.51000000000033,129.159,False,3.1834000000000024,2.3364000000000003,0.8470000000000022,True,0.3571777118480848,0.5754127815390553,0.2182350696909705,False,125.54,96.00000000000001,29.539999999999992,False,,,,,10.0,8.0,2.0,False,12.0,8.0,4.0,False
scaffold_property_retrieval,mpair_00002618_cond_01_6p,mpair_00002618,eval,6,"MW,LogP,QED,TPSA,HBD,HBA",COc1ccc(C(=O)Nc2c(Cl)cncc2Cl)c2ccc(C(C)O)nc12,COc1ccc(C(=O)Nc2ccncc2Cl)c2cccnc12,COc1ccc(C(=O)Nc2c(Cl)cncc2Cl)c2ccc(C(C)O)nc12,O=C(Nc1ccncc1)c1cccc2ncccc12,O=C(Nc1ccncc1)c1cccc2ncccc12,True,False,False,source_identity,1.0,0.49206349206349204,313.744,392.24200000000013,78.4980000000001,False,3.544100000000002,4.2508000000000035,0.7067000000000014,True,0.8029165077767629,0.6936033323496321,0.10931317542713082,False,64.11,84.34,20.230000000000004,False,1.0,2.0,1.0,True,4.0,5.0,1.0,True,,,,
scaffold_property_retrieval,mpair_00003530_cond_00_6p,mpair_00003530,eval,6,"MW,LogP,QED,TPSA,HBA,RB",CCOC(=O)C(C)Oc1cccc(N(Cc2cccnc2)S(=O)(=O)CC(F)(F)F)c1,CC(C)COc1cccc(N(Cc2cccnc2)S(=O)(=O)CC(F)(F)F)c1,CCOC(=O)C(C)Oc1cccc(N(Cc2cccnc2)S(=O)(=O)CC(F)(F)F)c1,c1ccc(NCc2cccnc2)cc1,c1ccc(NCc2cccnc2)cc1,True,False,False,source_identity,1.0,0.6984126984126984,402.43800000000005,446.4470000000001,44.00900000000007,False,4.015100000000003,3.3107000000000024,0.7044000000000006,True,0.6693605971809802,0.5496815697636838,0.11967902741729641,False,59.5,85.80000000000001,26.30000000000001,False,,,,,4.0,6.0,2.0,False,8.0,9.0,1.0,True
scaffold_property_retrieval,mpair_00002544_cond_01_7p,mpair_00002544,eval,7,"MW,LogP,QED,TPSA,HBD,HBA,RB",CSc1cc(-c2ccc(Cl)cc2)oc(=O)c1C(N)=O,CSc1cc(-c2ccc(Br)cc2)oc(=O)c1Br,CSc1cc(-c2ccc(F)cc2)oc(=O)c1,O=c1cccc(-c2ccccc2)o1,O=c1cccc(-c2ccccc2)o1,True,False,False,,0.34,0.38636363636363635,376.0690000000001,236.26699999999997,139.8020000000001,False,4.553700000000002,3.1678000000000024,1.3858999999999995,False,0.7207772389894862,0.7501191134076561,0.029341874418169933,True,30.21,30.21,0.0,True,0.0,0.0,0.0,True,3.0,3.0,0.0,True,2.0,2.0,0.0,True
edit_latent_source_similarity_rerank,mpair_00000001_cond_00_2p,mpair_00000001,eval,2,"MW,LogP",O=C(c1ccccc1C(F)(F)F)N1C[C@H](CN2CCC(c3ccccc3)CC2)[C@@H](c2ccccc2)C1,O=C(c1ccccc1F)N1C[C@H](CN2CCC(c3ccccc3)CC2)[C@@H](c2ccccc2)C1,Fc1ccc(C2=CCC[C@@H](CN3CC=C(c4ccccc4)CC3)C2)cc1,O=C(c1ccccc1)N1C[C@H](CN2CCC(c3ccccc3)CC2)[C@@H](c2ccccc2)C1,C1=C(c2ccccc2)CCN(C[C@@H]2CCC=C(c3ccccc3)C2)C1,False,False,False,,0.19736842105263158,0.2222222222222222,442.57800000000015,347.47700000000015,95.101,False,5.561100000000006,5.798500000000005,0.23739999999999917,True,,,,,,,,,,,,,,,,,,,,
edit_latent_source_similarity_rerank,mpair_00000003_cond_02_2p,mpair_00000003,eval,2,"MW,RB",COc1cccc(C(=O)N2C[C@H](CN3CCC(c4ccccc4)CC3)[C@@H](c3ccccc3)C2)c1,O=C(c1ccccc1Br)N1C[C@H](CN2CCC(c3ccccc3)CC2)[C@@H](c2ccccc2)C1,CC(CN1CCN(c2cccc(Cl)c2)C(C)C1)Cn1nc2ccccn2c1=O,O=C(c1ccccc1)N1C[C@H](CN2CCC(c3ccccc3)CC2)[C@@H](c2ccccc2)C1,O=c1n(CCCN2CCN(c3ccccc3)CC2)nc2ccccn12,False,False,False,,0.18681318681318682,0.14606741573033707,503.48400000000026,399.92600000000016,103.5580000000001,False,,,,,,,,,,,,,,,,,,,,,5.0,5.0,0.0,True
edit_latent_source_similarity_rerank,mpair_00000006_cond_00_2p,mpair_00000006,eval,2,"MW,LogP",O=C(c1ccccc1F)N1C[C@H](CN2CCC(c3ccccc3)CC2)[C@@H](c2ccccc2)C1,O=C(c1ccccc1C(F)(F)F)N1C[C@H](CN2CCC(c3ccccc3)CC2)[C@@H](c2ccccc2)C1,O=C(C1CCCCC1)N1C[C@H](CN2CCC(c3ccccc3)CC2)[C@@H](c2ccccc2)C1,O=C(c1ccccc1)N1C[C@H](CN2CCC(c3ccccc3)CC2)[C@@H](c2ccccc2)C1,O=C(C1CCCCC1)N1C[C@H](CN2CCC(c3ccccc3)CC2)[C@@H](c2ccccc2)C1,False,False,False,,0.6363636363636364,0.603448275862069,492.5850000000002,430.6360000000002,61.94900000000001,False,6.4408000000000065,5.6885000000000066,0.7523,True,,,,,,,,,,,,,,,,,,,,
edit_latent_source_similarity_rerank,mpair_00000008_cond_02_2p,mpair_00000008,eval,2,"MW,QED",O=C(c1ccccc1Br)N1C[C@H](CN2CCC(c3ccccc3)CC2)[C@@H](c2ccccc2)C1,O=C(c1ccccc1F)N1C[C@H](CN2CCC(c3ccccc3)CC2)[C@@H](c2ccccc2)C1,COc1ccccc1C(=O)NCCCCCCCCCCCC(=O)O,O=C(c1ccccc1)N1C[C@H](CN2CCC(c3ccccc3)CC2)[C@@H](c2ccccc2)C1,c1ccccc1,False,False,False,,0.17142857142857143,0.17142857142857143,442.57800000000015,349.4710000000001,93.10700000000003,False,,,,,0.5164092889512721,0.4878251366954589,0.028584152255813233,True,,,,,,,,,,,,,,,,
edit_latent_source_similarity_rerank,mpair_00000012_cond_00_2p,mpair_00000012,eval,2,"MW,LogP",O=C(c1ccccc1F)N1C[C@H](CN2CCC(c3ccccc3)CC2)[C@@H](c2ccccc2)C1,O=C(c1ccccc1Br)N1C[C@H](CN2CCC(c3ccccc3)CC2)[C@@H](c2ccccc2)C1,CCCCc1nc2ccccc2n1Cc1ccc(-c2ccccc2C(=O)O)cc1,O=C(c1ccccc1)N1C[C@H](CN2CCC(c3ccccc3)CC2)[C@@H](c2ccccc2)C1,c1ccc(-c2ccc(Cn3cnc4ccccc43)cc2)cc1,False,False,False,,0.175,0.175,503.48400000000026,384.4790000000001,119.00500000000017,False,6.184500000000006,5.792400000000006,0.3921000000000001,True,,,,,,,,,,,,,,,,,,,,
edit_latent_source_similarity_rerank,mpair_00000020_cond_00_2p,mpair_00000020,eval,2,"MW,TPSA",O=C(O)CCC/C=C/C[C@@H]1[C@@H](COCc2ccccc2)C2CC1(c1ccccc1)CO2,N#Cc1ccc(COC[C@H]2C3CC(c4ccc(F)cc4)(CO3)[C@@H]2C/C=C/CCCC(=O)O)cc1,COc1cccc(OC)c1N1CCN(CCC2CCN(CC3COc4ccccc4O3)CC2)C1=O,c1ccc(COC[C@@H]2CC3(c4ccccc4)COC2C3)cc1,O=C1N(CCC2CCN(CC3COc4ccccc4O3)CC2)CCN1c1ccccc1,False,True,False,,0.10891089108910891,0.08928571428571429,463.5490000000003,481.5930000000003,18.043999999999983,True,,,,,,,,,79.55,63.710000000000015,15.839999999999982,True,,,,,,,,,,,,
edit_latent_source_similarity_rerank,mpair_00000325_cond_01_2p,mpair_00000325,eval,2,"MW,LogP",N[C@@H](C(=O)N[C@@H]1C(=O)N2C(C(=O)O)=C(C(F)(F)F)CC[C@H]12)c1ccc(F)cc1,N[C@@H](C(=O)N[C@@H]1C(=O)N2C(C(=O)O)=C(C(F)(F)F)CC[C@H]12)c1cccc(C(F)(F)F)c1,CC(=O)Nc1ccc(OC[C@@](C)(O)C(=O)Nc2ccc(C#N)c(C(F)(F)F)c2)cc1,O=C(Cc1ccccc1)N[C@@H]1C(=O)N2C=CCC[C@H]12,O=C(CCOc1ccccc1)Nc1ccccc1,False,False,False,,0.12222222222222222,0.12903225806451613,451.3230000000001,421.37500000000006,29.948000000000036,True,2.0955999999999997,3.303980000000002,1.2083800000000022,False,,,,,,,,,,,,,,,,,,,,
edit_latent_source_similarity_rerank,mpair_00000335_cond_00_2p,mpair_00000335,eval,2,"MW,HBA",N[C@@H](C(=O)N[C@@H]1C(=O)N2C(C(=O)O)=C(C(F)(F)F)CC[C@H]12)c1cccc(Br)c1,N[C@@H](C(=O)N[C@@H]1C(=O)N2C(C(=O)O)=C(C(F)(F)F)CC[C@H]12)c1ccc(O)cc1,Cn1cc([N+](=O)[O-])cc1C(=O)NNC(=S)NCCc1ccccc1,O=C(Cc1ccccc1)N[C@@H]1C(=O)N2C=CCC[C@H]12,O=C(NNC(=S)NCCc1ccccc1)c1ccc[nH]1,False,False,False,,0.13186813186813187,0.11235955056179775,399.3250000000001,347.40000000000015,51.924999999999955,False,,,,,,,,,,,,,,,,,5.0,5.0,0.0,True,,,,
edit_latent_source_similarity_rerank,mpair_00000338_cond_01_2p,mpair_00000338,eval,2,"MW,QED",N[C@@H](C(=O)N[C@@H]1C(=O)N2C(C(=O)O)=C(C(F)(F)F)CC[C@H]12)c1cccc(Br)c1,CSC1=C(C(=O)O)N2C(=O)[C@@H](NC(=O)[C@H](N)c3ccccc3)[C@H]2CC1,C[N+](C)(C)CC(=O)Nc1ccc2nc(O)c3ccccc3c2c1,O=C(Cc1ccccc1)N[C@@H]1C(=O)N2C=CCC[C@H]12,c1ccc2c(c1)cnc1ccccc12,False,False,False,,0.11764705882352941,0.14102564102564102,361.42300000000006,310.37700000000007,51.04599999999999,False,,,,,0.6699274889764619,0.5774237411471197,0.09250374782934223,True,,,,,,,,,,,,,,,,
edit_latent_source_similarity_rerank,mpair_00000587_cond_01_2p,mpair_00000587,eval,2,"HBA,RB",Cc1ccc(CCCC[C@@H]2N[C@@H](CO)[C@H](O)[C@H]2O)cc1,COc1ccc(CCCC[C@@H]2N[C@@H](CO)[C@H](O)[C@H]2O)cc1,COc1ccc2nc3cc([N+](=O)[O-])ccc3c(Nc3ccc(NS(C)(=O)=O)cc3)c2c1,c1ccc(CCCC[C@H]2CCCN2)cc1,c1ccc(Nc2c3ccccc3nc3ccccc23)cc1,False,False,False,,0.06329113924050633,0.14473684210526316,,,,,,,,,,,,,,,,,,,,,5.0,7.0,2.0,False,7.0,6.0,1.0,True
edit_latent_source_similarity_rerank,mpair_00000590_cond_00_2p,mpair_00000590,eval,2,"HBD,RB",OC[C@@H]1N[C@@H](CCCCc2ccc(O)cc2)[C@H](O)[C@H]1O,COc1ccc(CCCC[C@@H]2N[C@@H](CO)[C@H](O)[C@H]2O)cc1,O=C(NCCCCc1ccccc1)Nc1nnc(S)s1,c1ccc(CCCC[C@H]2CCCN2)cc1,O=C(NCCCCc1ccccc1)Nc1nncs1,False,True,False,,0.18032786885245902,0.16923076923076924,,,,,,,,,,,,,,,,,4.0,3.0,1.0,True,,,,,7.0,6.0,1.0,True
edit_latent_source_similarity_rerank,mpair_00000592_cond_00_2p,mpair_00000592,eval,2,"HBA,RB",COc1ccc(CCCC[C@@H]2N[C@@H](CO)[C@H](O)[C@H]2O)cc1,Cc1ccc(CCCC[C@@H]2N[C@@H](CO)[C@H](O)[C@H]2O)cc1,COc1ccc2c(O)cc(=O)n(Cc3ccc(-c4ccccc4C(=O)O)cc3)c2c1,c1ccc(CCCC[C@H]2CCCN2)cc1,O=c1ccc2ccccc2n1Cc1ccc(-c2ccccc2)cc1,False,True,False,,0.20833333333333334,0.12,,,,,,,,,,,,,,,,,,,,,4.0,5.0,1.0,True,6.0,5.0,1.0,True
edit_latent_source_similarity_rerank,mpair_00000593_cond_02_2p,mpair_00000593,eval,2,"HBA,RB",OC[C@@H]1N[C@@H](CCCCc2cc(F)cc(F)c2)[C@H](O)[C@H]1O,COc1ccc(CCCC[C@@H]2N[C@@H](CO)[C@H](O)[C@H]2O)cc1,COc1ccccc1SCC1NC(CO)C(O)C1O,c1ccc(CCCC[C@H]2CCCN2)cc1,c1ccc(SCC2CCCN2)cc1,False,False,False,,0.3018867924528302,0.4117647058823529,,,,,,,,,,,,,,,,,,,,,5.0,6.0,1.0,True,7.0,5.0,2.0,False
edit_latent_source_similarity_rerank,mpair_00000596_cond_00_2p,mpair_00000596,eval,2,"HBA,RB",OC[C@@H]1N[C@@H](CCCCc2ccc(F)cc2)[C@H](O)[C@H]1O,COc1ccc(CCCC[C@@H]2N[C@@H](CO)[C@H](O)[C@H]2O)cc1,COc1ccc2nc3cc([N+](=O)[O-])ccc3c(Nc3ccc(NS(C)(=O)=O)cc3)c2c1,c1ccc(CCCC[C@H]2CCCN2)cc1,c1ccc(Nc2c3ccccc3nc3ccccc23)cc1,False,False,False,,0.05,0.14473684210526316,,,,,,,,,,,,,,,,,,,,,5.0,7.0,2.0,False,7.0,6.0,1.0,True
edit_latent_source_similarity_rerank,mpair_00000599_cond_00_2p,mpair_00000599,eval,2,"QED,HBD",CC1=C(C)C(=O)C(C(c2ccccc2)c2cccnc2)=C(C)C1=O,CC1=C(C)C(=O)C(C(c2cccnc2)c2cccc(/C=C/C(=O)O)c2)=C(C)C1=O,Cc1nn(C)c(OCC(O)CN(C(C)C)C(C)C)c1C(=O)c1ccccc1,O=C1C=CC(=O)C(C(c2ccccc2)c2cccnc2)=C1,O=C(c1ccccc1)c1cn[nH]c1,False,True,False,,0.18181818181818182,0.16455696202531644,,,,,,,,,0.6163061688930161,0.6847891632171902,0.06848299432417404,True,,,,,1.0,1.0,0.0,True,,,,,,,,
edit_latent_source_similarity_rerank,mpair_00000727_cond_01_2p,mpair_00000727,eval,2,"QED,RB",C=CCc1cc(/C=C2\SC(=O)N(C(C)C)C2=O)c(OC)cc1OC1CCCCO1,C=CCc1cc(/C=C2\SC(=O)N(CCCC)C2=O)c(OC)cc1OC1CCCCO1,COc1cc(C(C)=O)cc(OC)c1OCCCN1CCC(c2noc3cc(F)ccc23)CC1,O=C1NC(=O)/C(=C/c2ccc(OC3CCCCO3)cc2)S1,c1ccc(OCCCN2CCC(c3noc4ccccc34)CC2)cc1,False,True,False,,0.16666666666666666,0.18446601941747573,,,,,,,,,0.39718598618589046,0.33706427483836504,0.06012171134752542,True,,,,,,,,,,,,,9.0,9.0,0.0,True
edit_latent_source_similarity_rerank,mpair_00000730_cond_00_2p,mpair_00000730,eval,2,"HBD,RB",C=CCc1cc(/C=C2\SC(=O)NC2=O)c(OC)cc1OC1CCCCO1,C=CCc1cc(/C=C2\SC(=O)N(C(C)C)C2=O)c(OC)cc1OC1CCCCO1,COc1ccc(OC)c(CN(C(C)=O)c2cc(F)ccc2Oc2ccccc2)c1,O=C1NC(=O)/C(=C/c2ccc(OC3CCCCO3)cc2)S1,c1ccc(CNc2ccccc2Oc2ccccc2)cc1,False,True,False,,0.13636363636363635,0.12903225806451613,,,,,,,,,,,,,,,,,0.0,0.0,0.0,True,,,,,7.0,7.0,0.0,True
edit_latent_source_similarity_rerank,mpair_00000732_cond_01_2p,mpair_00000732,eval,2,"LogP,QED",C=CCc1cc(/C=C2\SC(=O)N(CC=C)C2=O)c(OC)cc1OC1CCCCO1,C=CCc1cc(/C=C2\SC(=O)N(CC=C(C)C)C2=O)c(OC)cc1OC1CCCCO1,COc1cc(OC)c(-c2coc3cc(OCc4ccc(F)cc4)ccc3c2=O)cc1OC,O=C1NC(=O)/C(=C/c2ccc(OC3CCCCO3)cc2)S1,O=c1c(-c2ccccc2)coc2cc(OCc3ccccc3)ccc12,False,True,False,,0.16483516483516483,0.15625,,,,,5.331600000000005,5.203900000000004,0.1277000000000008,True,0.3995752918375223,0.3965574675370951,0.0030178243004271854,True,,,,,,,,,,,,,,,,
edit_latent_source_similarity_rerank,mpair_00000736_cond_00_2p,mpair_00000736,eval,2,"QED,RB",C=CCc1cc(/C=C2\SC(=O)N(CCCC)C2=O)c(OC)cc1OC1CCCCO1,C=CCc1cc(/C=C2\SC(=O)N(C(C)C)C2=O)c(OC)cc1OC1CCCCO1,COc1c(C(=O)NC[C@@H]2CCCN2Cc2ccccc2)cc(Br)c2ccccc12,O=C1NC(=O)/C(=C/c2ccc(OC3CCCCO3)cc2)S1,O=C(NC[C@@H]1CCCN1Cc1ccccc1)c1ccc2ccccc2c1,False,False,False,,0.13725490196078433,0.1414141414141414,,,,,,,,,0.4701504427149941,0.5710551278136167,0.10090468509862255,False,,,,,,,,,,,,,7.0,6.0,1.0,True
edit_latent_source_similarity_rerank,mpair_00000737_cond_02_2p,mpair_00000737,eval,2,"QED,HBD",C=CCc1cc(/C=C2\SC(=O)NC2=O)c(OC)cc1OC1CCCCO1,C=CCc1cc(/C=C2\SC(=O)N(C)C2=O)c(OC)cc1OC1CCCCO1,COc1cccc2c(CCC3CCN(Cc4ccccc4)CC3)noc12,O=C1NC(=O)/C(=C/c2ccc(OC3CCCCO3)cc2)S1,c1ccc(CN2CCC(CCc3noc4ccccc34)CC2)cc1,False,False,False,,0.15730337078651685,0.16666666666666666,,,,,,,,,0.5413211960634129,0.646828867661836,0.10550767159842311,False,,,,,0.0,0.0,0.0,True,,,,,,,,
edit_latent_source_similarity_rerank,mpair_00000740_cond_02_2p,mpair_00000740,eval,2,"MW,QED",C=CCc1cc(/C=C2\SC(=O)N(C)C2=O)c(OC)cc1OC1CCCCO1,C=CCc1cc(/C=C2\SC(=O)N(CCCC)C2=O)c(OC)cc1OC1CCCCO1,CCCCOc1cc(OC)c(/C=C2\SC(=O)N(CCCC)C2=O)cc1Br,O=C1NC(=O)/C(=C/c2ccc(OC3CCCCO3)cc2)S1,O=C1NC(=O)/C(=C/c2ccccc2)S1,False,True,False,,0.37333333333333335,0.5352112676056338,431.55400000000026,442.37500000000017,10.820999999999913,True,,,,,0.39718598618589046,0.3749071660992246,0.022278820086665874,True,,,,,,,,,,,,,,,,
edit_latent_source_similarity_rerank,mpair_00000744_cond_00_2p,mpair_00000744,eval,2,"LogP,RB",C=CCc1cc(/C=C2\SC(=O)N(CC=C(C)C)C2=O)c(OC)cc1OC1CCCCO1,C=CCc1cc(/C=C2\SC(=O)N(C(C)C)C2=O)c(OC)cc1OC1CCCCO1,C[N+]1(Cc2ccccc2)CCC(CCC(=O)c2ccc3c(c2)OCCO3)CC1,O=C1NC(=O)/C(=C/c2ccc(OC3CCCCO3)cc2)S1,O=C(CCC1CC[NH+](Cc2ccccc2)CC1)c1ccc2c(c1)OCCO2,False,True,False,,0.1326530612244898,0.12631578947368421,,,,,4.773800000000004,4.4775000000000045,0.29629999999999956,True,,,,,,,,,,,,,,,,,7.0,6.0,1.0,True
edit_latent_source_similarity_rerank,mpair_00000746_cond_00_2p,mpair_00000746,eval,2,"QED,RB",C=CCc1cc(/C=C2\SC(=O)N(CC=C)C2=O)c(OC)cc1OC1CCCCO1,C=CCc1cc(/C=C2\SC(=O)N(CCCC)C2=O)c(OC)cc1OC1CCCCO1,Cc1ccc(CCNN2CCOC(CC(=O)NCc3ccc(C(=N)N)cc3)C2=O)cc1,O=C1NC(=O)/C(=C/c2ccc(OC3CCCCO3)cc2)S1,O=C(CC1OCCN(NCCc2ccccc2)C1=O)NCc1ccccc1,False,True,False,,0.13861386138613863,0.13333333333333333,,,,,,,,,0.39718598618589046,0.3574768129706651,0.03970917321522538,True,,,,,,,,,,,,,9.0,9.0,0.0,True
edit_latent_source_similarity_rerank,mpair_00000751_cond_02_2p,mpair_00000751,eval,2,"LogP,RB",O=C1CCC[C@H]2OC[C@@H](Cc3c[nH]c4ccccc34)N12,CC[C@H]1CCC(=O)N2[C@H](Cc3c[nH]c4ccccc34)CO[C@H]12,Cc1c2cccc-2c(OCCO)cc2c1[nH]c1ccccc12,O=C1CCC[C@H]2OC[C@@H](Cc3c[nH]c4ccccc34)N12,c1cc2ccc3c(cc-2c1)[nH]c1ccccc13,False,False,False,,0.1643835616438356,0.15789473684210525,,,,,3.0839000000000016,4.105420000000002,1.0215200000000006,False,,,,,,,,,,,,,,,,,3.0,3.0,0.0,True
edit_latent_source_similarity_rerank,mpair_00000755_cond_00_2p,mpair_00000755,eval,2,"LogP,RB",CC[C@H]1CCC(=O)N2[C@H](Cc3c[nH]c4ccccc34)CO[C@H]12,O=C1CCC[C@H]2OC[C@@H](Cc3c[nH]c4ccccc34)N12,O=C1c2ccccc2-c2nnc(-c3ccc(O)cc3)cc21,O=C1CCC[C@H]2OC[C@@H](Cc3c[nH]c4ccccc34)N12,O=C1c2ccccc2-c2nnc(-c3ccccc3)cc21,False,True,False,,0.09722222222222222,0.10144927536231885,,,,,2.447800000000001,3.060600000000001,0.6128,True,,,,,,,,,,,,,,,,,2.0,1.0,1.0,True
edit_latent_source_similarity_rerank,mpair_00000756_cond_02_2p,mpair_00000756,eval,2,"LogP,QED",Clc1cccc(-c2cncc(O[C@@H]3CCNC3)c2)c1,Clc1cccc(-c2cc(O[C@@H]3CCNC3)cnc2Cl)c1,Nc1nc2c(s1)CN=C(c1ccccc1)c1cc(Cl)ccc1-2,c1ccc(-c2cncc(O[C@@H]3CCNC3)c2)cc1,c1ccc(C2=NCc3scnc3-c3ccccc32)cc1,False,False,False,,0.18840579710144928,0.2,,,,,3.796100000000002,4.396700000000003,0.6006000000000009,True,0.8758671086324237,0.7207287639492339,0.15513834468318977,False,,,,,,,,,,,,,,,,
edit_latent_source_similarity_rerank,mpair_00000759_cond_00_2p,mpair_00000759,eval,2,"MW,LogP",c1ccc(-c2cncc(O[C@@H]3CCNC3)c2)cc1,Clc1cccc(-c2cc(O[C@@H]3CCNC3)cnc2Cl)c1,CCOC(=O)c1cc2c3cc(OCc4ccccc4)ccc3n(C)c2cn1,c1ccc(-c2cncc(O[C@@H]3CCNC3)c2)cc1,c1ccc(COc2ccc3[nH]c4cnccc4c3c2)cc1,False,False,False,,0.16666666666666666,0.12345679012345678,309.196,360.41300000000007,51.21700000000004,False,3.796100000000002,4.482200000000003,0.6861000000000015,True,,,,,,,,,,,,,,,,,,,,
edit_latent_source_similarity_rerank,mpair_00000760_cond_02_2p,mpair_00000760,eval,2,"MW,LogP",Clc1cccc(-c2cc(O[C@@H]3CCNC3)cnc2Cl)c1,c1ccc(-c2cncc(O[C@@H]3CCNC3)c2)cc1,Cc1cccc(C)c1-n1sc2ncccc2c1=O,c1ccc(-c2cncc(O[C@@H]3CCNC3)c2)cc1,O=c1c2cccnc2sn1-c1ccccc1,False,True,False,,0.10144927536231885,0.078125,240.30599999999998,256.33000000000004,16.024000000000058,True,2.4893,3.064040000000001,0.5747400000000011,True,,,,,,,,,,,,,,,,,,,,
edit_latent_source_similarity_rerank,mpair_00000763_cond_01_2p,mpair_00000763,eval,2,"HBA,RB",COc1cccc(-c2cncc(O[C@@H]3CCNC3)c2)c1,c1ccc(-c2cncc(O[C@@H]3CCNC3)c2)cc1,CCN1c2ccccc2N(C)C(=O)c2cc(Cl)cnc21,c1ccc(-c2cncc(O[C@@H]3CCNC3)c2)cc1,O=C1Nc2ccccc2Nc2ncccc21,False,False,False,,0.16176470588235295,0.1746031746031746,,,,,,,,,,,,,,,,,,,,,3.0,3.0,0.0,True,3.0,1.0,2.0,False
edit_latent_source_similarity_rerank,mpair_00000765_cond_00_2p,mpair_00000765,eval,2,"QED,HBA",COc1cccc(-c2cncc(O[C@@H]3CCNC3)c2)c1,Clc1cccc(-c2cc(O[C@@H]3CCNC3)cnc2Cl)c1,COc1ccc2nc(-c3ccc4ccccc4c3)[nH]c(=O)c2c1,c1ccc(-c2cncc(O[C@@H]3CCNC3)c2)cc1,O=c1[nH]c(-c2ccc3ccccc3c2)nc2ccccc12,False,False,False,,0.23076923076923078,0.1388888888888889,,,,,,,,,0.8758671086324237,0.6132733700835461,0.2625937385488776,False,,,,,,,,,3.0,3.0,0.0,True,,,,
edit_latent_source_similarity_rerank,mpair_00001116_cond_00_2p,mpair_00001116,eval,2,"HBA,RB",COc1ccc(N2CCN(CCC3NC(=O)c4ccccc43)CC2)cc1,O=C1NC(CCN2CCN(c3ccccc3)CC2)c2ccccc21,COc1cccc(-c2cc3c(nn2)-c2ccccc2C3=O)c1,O=C1NC(CCN2CCN(c3ccccc3)CC2)c2ccccc21,O=C1c2ccccc2-c2nnc(-c3ccccc3)cc21,False,False,False,,0.22388059701492538,0.13636363636363635,,,,,,,,,,,,,,,,,,,,,3.0,4.0,1.0,True,4.0,2.0,2.0,False
edit_latent_source_similarity_rerank,mpair_00001119_cond_01_2p,mpair_00001119,eval,2,"HBA,RB",O=C1NC(CCN2CCN(c3ccccc3)CC2)c2ccccc21,COc1ccc(N2CCN(CCC3NC(=O)c4ccccc43)CC2)cc1,COc1ccc(-c2csc3c2-n2cccc2C3=O)cc1OC,O=C1NC(CCN2CCN(c3ccccc3)CC2)c2ccccc21,O=C1c2scc(-c3ccccc3)c2-n2cccc21,False,False,False,,0.1095890410958904,0.15789473684210525,,,,,,,,,,,,,,,,,,,,,4.0,5.0,1.0,True,5.0,3.0,2.0,False
edit_latent_source_similarity_rerank,mpair_00001121_cond_00_2p,mpair_00001121,eval,2,"MW,QED",O=C1NC(CCN2CCN(c3ccccc3)CC2)c2ccccc21,CN1C(=O)c2ccccc2C1CCN1CCN(c2ccc(Cl)cc2)CC1,O=C1c2ccccc2CC12CCN(CCc1cccc3ccccc13)CC2,O=C1NC(CCN2CCN(c3ccccc3)CC2)c2ccccc21,O=C1c2ccccc2CC12CCN(CCc1cccc3ccccc13)CC2,False,False,False,,0.26153846153846155,0.2463768115942029,369.8960000000001,355.4810000000001,14.414999999999964,True,,,,,0.8221231339252668,0.6656736615296941,0.15644947239557272,False,,,,,,,,,,,,,,,,
edit_latent_source_similarity_rerank,mpair_00001122_cond_02_2p,mpair_00001122,eval,2,"QED,HBD",COc1ccc(N2CCN(CCC3c4ccccc4C(=O)N3C)CC2)cc1,COc1ccc(N2CCN(CCC3NC(=O)c4ccccc43)CC2)cc1,CNC(=O)c1ccc2c(c1)C(=O)c1ccccc1C2=O,O=C1NC(CCN2CCN(c3ccccc3)CC2)c2ccccc21,O=C1c2ccccc2C(=O)c2ccccc21,False,False,False,,0.15873015873015872,0.15625,,,,,,,,,0.8996022198661571,0.729648254039139,0.16995396582701805,False,,,,,1.0,1.0,0.0,True,,,,,,,,
edit_latent_source_similarity_rerank,mpair_00001126_cond_00_2p,mpair_00001126,eval,2,"LogP,HBA",Cc1ccc(N2CCN(CCC3NC(=O)c4ccccc43)CC2)cc1C,COc1ccc(N2CCN(CCC3NC(=O)c4ccccc43)CC2)cc1,COc1ccccc1N1CCN(CCCCN2C(=O)c3ccccc3C2=O)CC1,O=C1NC(CCN2CCN(c3ccccc3)CC2)c2ccccc21,O=C1c2ccccc2C(=O)N1CCCCN1CCN(c2ccccc2)CC1,False,True,False,,0.30303030303030304,0.36507936507936506,,,,,2.692000000000001,2.893600000000001,0.2016,True,,,,,,,,,,,,,4.0,5.0,1.0,True,,,,
edit_latent_source_similarity_rerank,mpair_00001129_cond_00_2p,mpair_00001129,eval,2,"QED,HBD",Cc1ccc(N2CCN(CCC3NC(=O)c4ccccc43)CC2)cc1C,CN1C(=O)c2ccccc2C1CCN1CCN(c2ccc(Cl)cc2)CC1,O=C1c2ccccc2C(=O)N1c1ccccc1-c1ccccc1,O=C1NC(CCN2CCN(c3ccccc3)CC2)c2ccccc21,O=C1c2ccccc2C(=O)N1c1ccccc1-c1ccccc1,False,False,False,,0.1694915254237288,0.2,,,,,,,,,0.8221231339252668,0.6664543538385427,0.15566878008672413,False,,,,,0.0,0.0,0.0,True,,,,,,,,
edit_latent_source_similarity_rerank,mpair_00001130_cond_02_2p,mpair_00001130,eval,2,"LogP,RB",COc1ccc(N2CCN(CCC3c4ccccc4C(=O)N3C)CC2)cc1,CN1C(=O)c2ccccc2C1CCN1CCN(c2ccc(Cl)cc2)CC1,COc1ccc2sc3c(c2c1)N[C@H](Cc1ccccc1)CNC3=O,O=C1NC(CCN2CCN(c3ccccc3)CC2)c2ccccc21,O=C1NC[C@@H](Cc2ccccc2)Nc2c1sc1ccccc21,False,True,False,,0.2236842105263158,0.1375,,,,,3.679000000000003,3.6765000000000017,0.002500000000001279,True,,,,,,,,,,,,,,,,,4.0,3.0,1.0,True
edit_latent_source_similarity_rerank,mpair_00001134_cond_02_2p,mpair_00001134,eval,2,"MW,QED",FC(F)(F)c1cccc(N2CCN(c3nc4ccsc4n4cccc34)CC2)c1,Fc1ccc(N2CCN(c3nc4ccsc4n4cccc34)CC2)cc1,c1cc2c(N3CCN(CC4CC4)CC3)nc3ccsc3n2c1,c1ccc(N2CCN(c3nc4ccsc4n4cccc34)CC2)cc1,c1cc2c(N3CCN(CC4CC4)CC3)nc3ccsc3n2c1,False,False,False,,0.559322033898305,0.6226415094339622,352.43800000000016,312.442,39.99600000000015,False,,,,,0.5445182992427106,0.742476249321922,0.19795795007921146,False,,,,,,,,,,,,,,,,
edit_latent_source_similarity_rerank,mpair_00001617_cond_01_2p,mpair_00001617,eval,2,"QED,RB",Cc1cc(F)cc2c1OCc1c-2ccc2c1C(C)CC(C)(C)N2,CC1CC(C)(C)Nc2ccc3c(c21)COc1c-3cc(F)cc1[N+](=O)[O-],COc1ccc(-c2ccccc2-c2ccc(S(C)(=O)=O)cc2)cc1F,c1ccc2c(c1)OCc1c-2ccc2c1CCCN2,c1ccc(-c2ccccc2-c2ccccc2)cc1,False,False,False,,0.1095890410958904,0.12987012987012986,,,,,,,,,0.5855235809891088,0.6875833423710994,0.10205976138199058,False,,,,,,,,,,,,,1.0,4.0,3.0,False
edit_latent_source_similarity_rerank,mpair_00001643_cond_01_2p,mpair_00001643,eval,2,"MW,QED",C=C(Br)CC1(C(C)C)C(=O)NC(=O)N(C)C1=O,C=CCC1(C(C)C#CCC)C(=O)NC(=O)N(C)C1=O,CN1CCC23c4c5ccc(O)c4OC2C(=O)C=CC3C1C5,O=C1CC(=O)NC(=O)N1,O=C1C=CC2C3Cc4cccc5c4C2(CCN3)C1O5,False,False,False,,0.11267605633802817,0.1038961038961039,262.30899999999997,283.327,21.01800000000003,True,,,,,0.47348972477403223,0.7818622215062127,0.3083724967321804,False,,,,,,,,,,,,,,,,
edit_latent_source_similarity_rerank,mpair_00002259_cond_00_2p,mpair_00002259,eval,2,"LogP,QED",Cc1ccccc1NC(=O)c1c(C)n(-c2ccccc2C)c(C)cc1=O,Cc1cccc(C)c1NC(=O)c1c(C)n(-c2c(C)cccc2C)c(C)cc1=O,Cn1cccc(C(=O)Nc2cc(C#N)ccc2N2CCC([C@H](F)c3ccc(F)cc3F)CC2)c1=O,O=C(Nc1ccccc1)c1cn(-c2ccccc2)ccc1=O,O=C(Nc1ccccc1N1CCC(Cc2ccccc2)CC1)c1ccc[nH]c1=O,False,False,False,,0.20689655172413793,0.17045454545454544,,,,,4.940320000000004,4.714680000000004,0.22564000000000028,True,0.7058233303377046,0.5736428493842852,0.1321804809534194,False,,,,,,,,,,,,,,,,
edit_latent_source_similarity_rerank,mpair_00002372_cond_00_2p,mpair_00002372,eval,2,"HBA,RB",CCCCCNC(=O)Nc1c(SCCCn2cnc(-c3ccccc3)c2C)cccc1N(C)C,CCCCCNC(=O)Nc1c(C)cccc1SCCCn1cnc(-c2ccccc2)c1C,CCCCCNC(=O)Nc1c(C)cccc1C(=O)NCCn1cnc(-c2ccccc2)c1C,c1ccc(SCCCn2cnc(-c3ccccc3)c2)cc1,O=C(NCCn1cnc(-c2ccccc2)c1)c1ccccc1,False,True,False,,0.6,0.7058823529411765,,,,,,,,,,,,,,,,,,,,,4.0,4.0,0.0,True,11.0,10.0,1.0,True
edit_latent_source_similarity_rerank,mpair_00002373_cond_02_2p,mpair_00002373,eval,2,"HBA,RB",CCCCCNC(=O)Nc1c(C)cccc1SCCCn1cnc(-c2ccccc2)c1C,CCCCCNC(=O)Nc1c(SCCCn2cnc(-c3ccccc3)c2C)cccc1N(C)C,CN(C)CCCNC(=O)Nc1cccc(NC(=O)c2ccc(C(=O)NCCCN(C)C)cc2)c1,c1ccc(SCCCn2cnc(-c3ccccc3)c2)cc1,O=C(Nc1ccccc1)c1ccccc1,False,True,False,,0.2375,0.25609756097560976,,,,,,,,,,,,,,,,,,,,,5.0,5.0,0.0,True,12.0,12.0,0.0,True
edit_latent_source_similarity_rerank,mpair_00002463_cond_02_2p,mpair_00002463,eval,2,"LogP,RB",COc1ccc(NC(=O)c2cc(OCCCN(C)C)nn2Cc2ccccc2)cc1,CN(C)CCCOc1cc(C(=O)Nc2ccc(Cl)cc2F)n(Cc2ccccc2)n1,COc1ccc([C@@H]2c3nc(NC(C)C)ccc3[C@H](c3ccc4c(c3)OCO4)[C@H]2C(=O)O)c(CCC(C)(C)O)c1,O=C(Nc1ccccc1)c1ccnn1Cc1ccccc1,c1ccc([C@H]2C[C@@H](c3ccc4c(c3)OCO4)c3cccnc32)cc1,False,False,False,,0.17142857142857143,0.11504424778761062,,,,,4.306700000000003,5.320900000000005,1.0142000000000024,False,,,,,,,,,,,,,,,,,9.0,9.0,0.0,True
edit_latent_source_similarity_rerank,mpair_00002468_cond_00_2p,mpair_00002468,eval,2,"MW,QED",CN(C)CCCOc1cc(C(=O)Nc2cc(F)cc(C(F)(F)F)c2)n(Cc2ccccc2)n1,COc1ccc(NC(=O)c2cc(OCCCN(C)C)nn2Cc2ccccc2)cc1,CN(C)CCCOc1cc(C(=O)Nc2ccc3ccccc3n2)n(Cc2ccccc2)n1,O=C(Nc1ccccc1)c1ccnn1Cc1ccccc1,O=C(Nc1ccc2ccccc2n1)c1ccnn1Cc1ccccc1,False,False,False,,0.6197183098591549,0.676923076923077,408.50200000000007,429.5240000000001,21.022000000000048,True,,,,,0.5200250404910086,0.40634650543440276,0.11367853505660586,False,,,,,,,,,,,,,,,,
edit_latent_source_similarity_rerank,mpair_00002474_cond_02_2p,mpair_00002474,eval,2,"QED,TPSA",COc1cc(NC(=O)c2cc(OCCCN(C)C)nn2Cc2ccccc2)cc(OC)c1OC,CN(C)CCCOc1cc(C(=O)Nc2ccc(Cl)cc2F)n(Cc2ccccc2)n1,COc1cccc(NC(=O)NCc2ccccc2CN2CCC(Cc3ccccc3)CC2)c1,O=C(Nc1ccccc1)c1ccnn1Cc1ccccc1,O=C(NCc1ccccc1CN1CCC(Cc2ccccc2)CC1)Nc1ccccc1,False,True,False,,0.25,0.20652173913043478,,,,,,,,,0.5138601191048354,0.48527289116686045,0.02858722793797497,True,59.39,53.6,5.789999999999999,True,,,,,,,,,,,,
edit_latent_source_similarity_rerank,mpair_00002477_cond_01_2p,mpair_00002477,eval,2,"QED,RB",CN(C)CCCOc1cc(C(=O)Nc2cc(F)cc(C(F)(F)F)c2)n(Cc2ccccc2)n1,CN(C)CCCOc1cc(C(=O)Nc2ccc(OC(F)(F)F)cc2)n(Cc2ccccc2)n1,CCCCc1nc(CC(=O)OC)c(Cl)n1Cc1ccc(NC(=O)c2ccccc2C(=O)O)cc1,O=C(Nc1ccccc1)c1ccnn1Cc1ccccc1,O=C(Nc1ccc(Cn2ccnc2)cc1)c1ccccc1,False,True,False,,0.24731182795698925,0.2808988764044944,,,,,,,,,0.4522382232340766,0.4078042664523647,0.04443395678171186,True,,,,,,,,,,,,,10.0,10.0,0.0,True
edit_latent_source_similarity_rerank,mpair_00002481_cond_02_2p,mpair_00002481,eval,2,"TPSA,HBA",COc1cc(NC(=O)c2cc(OCCCN(C)C)nn2Cc2ccccc2)cc(OC)c1OC,CN(C)CCCOc1cc(C(=O)Nc2cc(F)cc(C(F)(F)F)c2)n(Cc2ccccc2)n1,CCCCc1nc(Cl)c(COC)n1Cc1ccc(-c2cccc(C(=O)O)c2)cc1,O=C(Nc1ccccc1)c1ccnn1Cc1ccccc1,c1ccc(-c2ccc(Cn3ccnc3)cc2)cc1,False,True,False,,0.2222222222222222,0.1875,,,,,,,,,,,,,59.39,64.35000000000001,4.960000000000008,True,,,,,5.0,4.0,1.0,True,,,,
edit_latent_source_similarity_rerank,mpair_00002484_cond_02_2p,mpair_00002484,eval,2,"LogP,RB",CN(C)CCCOc1cc(C(=O)Nc2cccc(Cl)c2)n(Cc2ccccc2)n1,COc1ccc(NC(=O)c2cc(OCCCN(C)C)nn2Cc2ccccc2)cc1,CN(CCc1ccccc1)C(=O)Cn1cc(/C=C/C(=O)O)c2ccc(OCc3ccccc3)cc21,O=C(Nc1ccccc1)c1ccnn1Cc1ccccc1,O=C(Cn1ccc2ccc(OCc3ccccc3)cc21)NCCc1ccccc1,False,False,False,,0.2222222222222222,0.25,,,,,3.522800000000002,5.019200000000005,1.496400000000003,False,,,,,,,,,,,,,,,,,10.0,10.0,0.0,True
edit_latent_source_similarity_rerank,mpair_00002487_cond_02_2p,mpair_00002487,eval,2,"QED,RB",CN(C)CCCOc1cc(C(=O)Nc2ccc(OC(F)(F)F)cc2)n(Cc2ccccc2)n1,CN(C)CCCOc1cc(C(=O)Nc2cc(F)cc(C(F)(F)F)c2)n(Cc2ccccc2)n1,Cc1cccc(C)c1OCC(=O)N[C@@H](Cc1ccccc1)[C@H](O)C(=O)N1CSC[C@H]1C(=O)NC(C)(C)C,O=C(Nc1ccccc1)c1ccnn1Cc1ccccc1,O=C(COc1ccccc1)N[C@H](CC(=O)N1CCSC1)Cc1ccccc1,False,True,False,,0.18627450980392157,0.18269230769230768,,,,,,,,,0.369385517709234,0.46279648586531913,0.09341096815608513,True,,,,,,,,,,,,,9.0,9.0,0.0,True
edit_latent_source_similarity_rerank,mpair_00002492_cond_02_2p,mpair_00002492,eval,2,"LogP,TPSA",CC(C)OC(=O)c1cc(CO)cn1S(=O)(=O)c1cc(Cl)ccc1N,C=Cc1cc(C(=O)OCC)n(S(=O)(=O)c2cc(Cl)ccc2N)c1,COc1ccc(Cl)cc1NC(=O)NCCc1c[nH]cn1,O=S(=O)(c1ccccc1)n1cccc1,O=C(NCCc1c[nH]cn1)Nc1ccccc1,False,True,False,,0.1875,0.18518518518518517,,,,,2.7804,2.4358999999999993,0.3445000000000009,True,,,,,91.39,79.04,12.349999999999994,True,,,,,,,,,,,,
edit_latent_source_similarity_rerank,mpair_00002495_cond_01_2p,mpair_00002495,eval,2,"LogP,RB",O=C1C(Nc2ccccc2)=C(Cl)C(=O)c2ncncc21,CCc1ccc(NC2=C(Cl)C(=O)c3ncncc3C2=O)cc1,CN(C)CCN1C(=O)c2ccc(N)c3cc4ccccc4c(c23)C1=O,O=C1C(Nc2ccccc2)=CC(=O)c2ncncc21,O=C1NC(=O)c2c3ccccc3cc3cccc1c23,False,True,False,,0.11428571428571428,0.10666666666666667,,,,,2.980500000000001,2.732800000000001,0.24770000000000003,True,,,,,,,,,,,,,,,,,3.0,3.0,0.0,True
edit_latent_source_similarity_rerank,mpair_00002497_cond_00_2p,mpair_00002497,eval,2,"MW,LogP",O=C1C(Nc2ccc(Br)cc2)=C(Cl)C(=O)c2ncncc21,O=C1C(Nc2ccccc2)=C(Cl)C(=O)c2ncncc21,COC(=O)c1ccc(-n2sc3ncccc3c2=O)cc1,O=C1C(Nc2ccccc2)=CC(=O)c2ncncc21,O=c1c2cccnc2sn1-c1ccccc1,False,True,False,,0.11594202898550725,0.13636363636363635,285.69,286.312,0.6220000000000141,True,2.4181,2.2337999999999996,0.18430000000000035,True,,,,,,,,,,,,,,,,,,,,
edit_latent_source_similarity_rerank,mpair_00002499_cond_02_2p,mpair_00002499,eval,2,"MW,LogP",O=C1C(Nc2cccc(Br)c2)=C(Cl)C(=O)c2ncncc21,O=C1C(Nc2ccccc2)=C(Cl)C(=O)c2ncncc21,CN(Cc1cccc(Cl)c1)c1ccc(C(N)=O)nc1,O=C1C(Nc2ccccc2)=CC(=O)c2ncncc21,c1ccc(CNc2cccnc2)cc1,False,True,False,,0.17391304347826086,0.15384615384615385,285.69,275.739,9.951000000000022,True,2.4181,2.4703,0.052200000000000024,True,,,,,,,,,,,,,,,,,,,,
edit_latent_source_similarity_rerank,mpair_00002502_cond_01_2p,mpair_00002502,eval,2,"MW,QED",O=C1C(Nc2cccc(Br)c2)=C(Cl)C(=O)c2ncncc21,CCc1ccc(NC2=C(Cl)C(=O)c3ncncc3C2=O)cc1,CN(C)CCCN1C(=O)c2cccc3c(N)ccc(c23)C1=O,O=C1C(Nc2ccccc2)=CC(=O)c2ncncc21,O=C1NC(=O)c2cccc3cccc1c23,False,False,False,,0.11267605633802817,0.11428571428571428,313.744,297.3580000000001,16.38599999999991,True,,,,,0.9428073960459649,0.6918884603986338,0.25091893564733103,False,,,,,,,,,,,,,,,,
edit_latent_source_similarity_rerank,mpair_00002506_cond_00_2p,mpair_00002506,eval,2,"HBA,RB",Cc1ccc(C(=O)CN2c3ccccc3C(=O)N(Cc3ccccc3)S2(=O)=O)cc1,COc1ccc(C(=O)CN2c3ccccc3C(=O)N(Cc3ccccc3)S2(=O)=O)cc1,COc1ccccc1N1CCN(CCN(C(=O)c2ccc(F)c(C)c2)c2ccccn2)CC1,O=C(CN1c2ccccc2C(=O)N(Cc2ccccc2)S1(=O)=O)c1ccccc1,O=C(c1ccccc1)N(CCN1CCN(c2ccccc2)CC1)c1ccccn1,False,True,False,,0.18181818181818182,0.20224719101123595,,,,,,,,,,,,,,,,,,,,,5.0,5.0,0.0,True,6.0,7.0,1.0,True
edit_latent_source_similarity_rerank,mpair_00002510_cond_01_2p,mpair_00002510,eval,2,"LogP,HBA",CSc1cc(-c2ccc(Br)cc2)oc(=O)c1C#N,CSc1cc(-c2ccc(Br)cc2)oc(=O)c1Cl,Cn1c(-c2ccccc2)c(C2c3ccccc3C(=O)N2CCO)c2ccccc21,O=c1cccc(-c2ccccc2)o1,O=C1NC(c2c(-c3ccccc3)[nH]c3ccccc23)c2ccccc21,False,True,False,,0.0945945945945946,0.09859154929577464,,,,,4.444600000000002,4.382800000000003,0.06179999999999897,True,,,,,,,,,,,,,3.0,3.0,0.0,True,,,,
edit_latent_source_similarity_rerank,mpair_00002517_cond_00_2p,mpair_00002517,eval,2,"MW,LogP",CSc1cc(-c2ccc(Cl)cc2)oc(=O)c1Br,CSc1cc(-c2ccc(Cl)cc2)oc(=O)c1,CCCC1CN(C)CCc2cc(Cl)c(O)cc21,O=c1cccc(-c2ccccc2)o1,c1ccc2c(c1)CCNCC2,False,True,False,,0.09230769230769231,0.0967741935483871,252.72199999999998,253.77300000000002,1.0510000000000446,True,3.682100000000002,3.417200000000002,0.2648999999999999,True,,,,,,,,,,,,,,,,,,,,
edit_latent_source_similarity_rerank,mpair_00002525_cond_00_2p,mpair_00002525,eval,2,"QED,RB",CSc1cc(-c2ccc(Cl)cc2)oc(=O)c1C(N)=O,CSc1cc(-c2ccc(Br)cc2)oc(=O)c1C#N,COc1ccccc1-c1nc(N)c(CN)c(-c2ccc(Cl)cc2Cl)n1,O=c1cccc(-c2ccccc2)o1,c1ccc(-c2ccnc(-c3ccccc3)n2)cc1,False,False,False,,0.1388888888888889,0.06578947368421052,,,,,,,,,0.791886779601309,0.714866740006794,0.07702003959451509,True,,,,,,,,,,,,,2.0,4.0,2.0,False
edit_latent_source_similarity_rerank,mpair_00002533_cond_01_2p,mpair_00002533,eval,2,"LogP,HBA",CSc1cc(-c2ccc(Br)cc2)oc(=O)c1C#N,CSc1cc(-c2ccc(Cl)cc2)oc(=O)c1Br,CSc1cc(-c2ccccc2)nc2nc(C)ccc12,O=c1cccc(-c2ccccc2)o1,c1ccc(-c2ccc3cccnc3n2)cc1,False,True,False,,0.19298245614035087,0.2037037037037037,,,,,4.444600000000001,4.327120000000003,0.11747999999999781,True,,,,,,,,,,,,,3.0,3.0,0.0,True,,,,
edit_latent_source_similarity_rerank,mpair_00002543_cond_00_2p,mpair_00002543,eval,2,"TPSA,HBD",CSc1cc(-c2ccc(Br)cc2)oc(=O)c1Cl,CSc1cc(-c2ccc(Cl)cc2)oc(=O)c1C(N)=O,O=C(O)CCc1cc2c(nn1)-c1ccccc1C2=O,O=c1cccc(-c2ccccc2)o1,O=C1c2ccccc2-c2nnccc21,False,True,False,,0.09836065573770492,0.12698412698412698,,,,,,,,,,,,,73.30000000000001,80.15,6.849999999999994,True,1.0,1.0,0.0,True,,,,,,,,
edit_latent_source_similarity_rerank,mpair_00002548_cond_02_2p,mpair_00002548,eval,2,"MW,LogP",CSc1cc(-c2ccc(Cl)cc2)oc(=O)c1,CSc1cc(-c2ccc(Br)cc2)oc(=O)c1Cl,CC(C)NCCCOc1ccc2c(=O)cc(-c3ccccc3)oc2c1,O=c1cccc(-c2ccccc2)o1,O=c1cc(-c2ccccc2)oc2ccccc12,False,True,False,,0.20967741935483872,0.2,331.61800000000005,337.41900000000004,5.800999999999988,True,4.444600000000002,4.226900000000003,0.2176999999999989,True,,,,,,,,,,,,,,,,,,,,
edit_latent_source_similarity_rerank,mpair_00002558_cond_00_2p,mpair_00002558,eval,2,"MW,HBA",CSc1nc(-c2ccc(OC(F)(F)F)cc2)nn1C(=O)N(C)c1ccccc1,CSc1nc(-c2ccc(Cl)cc2)nn1C(=O)N(C)c1ccccc1,CCOC(=O)c1ccc(NCc2ccc(-c3ccccc3)cc2)cc1,O=C(Nc1ccccc1)n1cnc(-c2ccccc2)n1,c1ccc(NCc2ccc(-c3ccccc3)cc2)cc1,False,False,False,,0.2112676056338028,0.19402985074626866,358.85400000000004,331.415,27.43900000000002,True,,,,,,,,,,,,,,,,,5.0,3.0,2.0,False,,,,
edit_latent_source_similarity_rerank,mpair_00002561_cond_02_2p,mpair_00002561,eval,2,"LogP,RB",CSc1nc(-c2ccc(C)cc2)nn1C(=O)N(C)c1ccccc1,CN(C(=O)n1nc(-c2ccc(Cl)cc2)nc1SCC(F)(F)F)c1ccccc1,CN1c2ccc(Cl)cc2C(c2ccccc2)=NCC1CCNC(=O)c1ccc(F)cc1,O=C(Nc1ccccc1)n1cnc(-c2ccccc2)n1,O=C(NCCC1CN=C(c2ccccc2)c2ccccc2N1)c1ccccc1,False,True,False,,0.17647058823529413,0.2413793103448276,,,,,5.357400000000003,4.955000000000004,0.4023999999999992,True,,,,,,,,,,,,,,,,,4.0,5.0,1.0,True
edit_latent_source_similarity_rerank,mpair_00002564_cond_00_2p,mpair_00002564,eval,2,"LogP,HBA",CSc1nc(-c2ccc(OC(F)(F)F)cc2)nn1C(=O)N(C)c1ccccc1,CN(C(=O)n1nc(-c2ccc(Cl)cc2)nc1SCC(F)(F)F)c1ccccc1,COc1ccc2c(c1)CN(C(=O)c1ccccc1)N=C2Cc1c(Cl)cncc1Cl,O=C(Nc1ccccc1)n1cnc(-c2ccccc2)n1,O=C(c1ccccc1)N1Cc2ccccc2C(Cc2ccncc2)=N1,False,True,False,,0.18604651162790697,0.1839080459770115,,,,,5.357400000000003,4.999800000000003,0.3575999999999997,True,,,,,,,,,,,,,5.0,4.0,1.0,True,,,,
edit_latent_source_similarity_rerank,mpair_00002566_cond_02_2p,mpair_00002566,eval,2,"HBD,RB",COc1cc(C(=O)N2CCN(C(=O)c3cc(OC)c(OC)c(OC)c3)C(COC(=O)CC(C)(C)C)C2)cc(OC)c1OC,COc1cc(C(=O)N2CCN(C(=O)c3cc(OC)c(OC)c(OC)c3)C(COC(=O)NCCC(C)C)C2)cc(OC)c1OC,CCCCOc1c(OC)cc(C(=O)NCC(c2ccccc2)N(C)C)cc1OC,O=C(c1ccccc1)N1CCN(C(=O)c2ccccc2)CC1,O=C(NCCc1ccccc1)c1ccccc1,False,False,False,,0.2125,0.24691358024691357,,,,,,,,,,,,,,,,,1.0,1.0,0.0,True,,,,,13.0,11.0,2.0,False
edit_latent_source_similarity_rerank,mpair_00002569_cond_02_2p,mpair_00002569,eval,2,"TPSA,HBA",COc1cc(C(=O)N2CCN(C(=O)c3cc(OC)c(OC)c(OC)c3)CC2)cc(OC)c1OC,COc1cc(C(=O)N2CCN(C(=O)c3cc(OC)c(OC)c(OC)c3)C(CO)C2)cc(OC)c1OC,CNC(=O)O[C@H]1C(=O)N2C(C(=O)OC(C)(C)C)=C(COC(C)=O)CS[C@H]12,O=C(c1ccccc1)N1CCN(C(=O)c2ccccc2)CC1,O=C1C[C@H]2SCC=CN12,False,True,False,,0.11428571428571428,0.12345679012345678,,,,,,,,,,,,,116.23000000000002,111.24000000000001,4.990000000000009,True,,,,,9.0,8.0,1.0,True,,,,
edit_latent_source_similarity_rerank,mpair_00002573_cond_01_2p,mpair_00002573,eval,2,"LogP,RB",COc1cc(C(=O)N2CCN(C(=O)c3cc(OC)c(OC)c(OC)c3)C(COC(=O)CC(C)(C)C)C2)cc(OC)c1OC,COc1cc(C(=O)N2CCN(C(=O)c3cc(OC)c(OC)c(OC)c3)C(COC(C)=O)C2)cc(OC)c1OC,COc1ccccc1-c1ccc(C[C@H](NC(=O)[C@@H]2[C@@H](O)CCN2S(=O)(=O)c2cc(Cl)cc(Cl)c2)C(=O)O)cc1,O=C(c1ccccc1)N1CCN(C(=O)c2ccccc2)CC1,O=C(NCCc1ccc(-c2ccccc2)cc1)[C@@H]1CCCN1S(=O)(=O)c1ccccc1,False,False,False,,0.17708333333333334,0.18681318681318682,,,,,2.2681000000000004,3.6050000000000013,1.3369000000000009,False,,,,,,,,,,,,,,,,,10.0,9.0,1.0,True
edit_latent_source_similarity_rerank,mpair_00002575_cond_02_2p,mpair_00002575,eval,2,"LogP,QED",COc1cc(C(=O)N2CCN(C(=O)c3cc(OC)c(OC)c(OC)c3)C(COC(C)=O)C2)cc(OC)c1OC,COc1cc(C(=O)N2CCN(C(=O)c3cc(OC)c(OC)c(OC)c3)C(COC(=O)CC(C)(C)C)C2)cc(OC)c1OC,COc1ccc(CCCOC(=O)C2CCCCN2S(=O)(=O)Cc2ccccc2)cc1OC,O=C(c1ccccc1)N1CCN(C(=O)c2ccccc2)CC1,O=C(OCCCc1ccccc1)C1CCCCN1S(=O)(=O)Cc1ccccc1,False,True,False,,0.2222222222222222,0.20930232558139536,,,,,3.684400000000003,3.5641000000000025,0.1203000000000003,True,0.3521539372279048,0.3974748154503349,0.04532087822243014,True,,,,,,,,,,,,,,,,
edit_latent_source_similarity_rerank,mpair_00002578_cond_00_2p,mpair_00002578,eval,2,"LogP,RB",CCN(CC)C(=O)OCC1CN(C(=O)c2cc(OC)c(OC)c(OC)c2)CCN1C(=O)c1cc(OC)c(OC)c(OC)c1,COc1cc(C(=O)N2CCN(C(=O)c3cc(OC)c(OC)c(OC)c3)C(COC(=O)CC(C)(C)C)C2)cc(OC)c1OC,CCOC(=O)C(Cc1ccc(OCCc2nc(-c3ccccc3)oc2C)cc1)C(=O)O,O=C(c1ccccc1)N1CCN(C(=O)c2ccccc2)CC1,c1ccc(OCCc2coc(-c3ccccc3)n2)cc1,False,True,False,,0.11235955056179775,0.1,,,,,3.684400000000003,4.077920000000002,0.39351999999999965,True,,,,,,,,,,,,,,,,,11.0,10.0,1.0,True
edit_latent_source_similarity_rerank,mpair_00002585_cond_02_2p,mpair_00002585,eval,2,"TPSA,RB",COc1cc(C(=O)N2CCN(C(=O)c3cc(OC)c(OC)c(OC)c3)C(COC(C)=O)C2)cc(OC)c1OC,COc1cc(C(=O)N2CCN(C(=O)c3cc(OC)c(OC)c(OC)c3)CC2)cc(OC)c1OC,COc1ccc(N)c(C(=O)c2cc(OC)c(OC)c(OC)c2)c1,O=C(c1ccccc1)N1CCN(C(=O)c2ccccc2)CC1,O=C(c1ccccc1)c1ccccc1,False,False,False,,0.3,0.4186046511627907,,,,,,,,,,,,,96.00000000000001,80.01,15.990000000000009,True,,,,,,,,,8.0,6.0,2.0,False
edit_latent_source_similarity_rerank,mpair_00002595_cond_02_2p,mpair_00002595,eval,2,"TPSA,HBA",COc1cc(C(=O)N2CCN(C(=O)c3cc(OC)c(OC)c(OC)c3)CC2)cc(OC)c1OC,COc1cc(C(=O)N2CCN(C(=O)c3cc(OC)c(OC)c(OC)c3)C(COC(=O)CC(C)(C)C)C2)cc(OC)c1OC,CCOC(=O)CCCn1cnc2cc(OC)c(OC)c(NC(C)=O)c2c1=O,O=C(c1ccccc1)N1CCN(C(=O)c2ccccc2)CC1,O=c1[nH]cnc2ccccc12,False,False,False,,0.24615384615384617,0.2261904761904762,,,,,,,,,,,,,122.30000000000001,108.75,13.550000000000011,True,,,,,10.0,8.0,2.0,False,,,,
edit_latent_source_similarity_rerank,mpair_00002599_cond_00_2p,mpair_00002599,eval,2,"TPSA,HBA",COc1ccc(C(=O)Nc2c(Cl)cncc2Cl)c2ccc(C(C)=O)nc12,CCc1ccc2c(C(=O)Nc3c(Cl)cncc3Cl)ccc(OC)c2n1,COc1ccc(C(=O)Nc2c(Cl)cncc2Cl)cc1OC1CCCC1,O=C(Nc1ccncc1)c1cccc2ncccc12,O=C(Nc1ccncc1)c1cccc(OC2CCCC2)c1,False,True,False,,0.4375,0.4307692307692308,,,,,,,,,,,,,64.11,60.45,3.6599999999999966,True,,,,,4.0,4.0,0.0,True,,,,
edit_latent_source_similarity_rerank,mpair_00002602_cond_00_2p,mpair_00002602,eval,2,"TPSA,HBD",COc1ccc(C(=O)Nc2ccncc2Cl)c2ccc(C(F)(F)F)nc12,COc1ccc(C(=O)Nc2c(Cl)cncc2Cl)c2ccc(C(C)O)nc12,CCN(CCNC(=O)c1cc(Cl)c(N)cc1OC)Cc1ccccn1,O=C(Nc1ccncc1)c1cccc2ncccc12,O=C(NCCNCc1ccccn1)c1ccccc1,False,True,False,,0.23255813953488372,0.2261904761904762,,,,,,,,,,,,,84.34,80.48,3.8599999999999994,True,2.0,2.0,0.0,True,,,,,,,,
edit_latent_source_similarity_rerank,mpair_00002604_cond_01_2p,mpair_00002604,eval,2,"TPSA,HBA",CCc1ccc2c(C(=O)Nc3c(Cl)cncc3Cl)ccc(OC)c2n1,COc1ccc(C(=O)Nc2c(Cl)cncc2Cl)c2ccc(C(C)=O)nc12,CCCC(=O)c1cnc2c(OC)cccc2c1Nc1ccc(O)c(Cl)c1,O=C(Nc1ccncc1)c1cccc2ncccc12,c1ccc(Nc2ccnc3ccccc23)cc1,False,True,False,,0.35135135135135137,0.32,,,,,,,,,,,,,81.17999999999999,71.45,9.72999999999999,True,,,,,5.0,5.0,0.0,True,,,,
edit_latent_source_similarity_rerank,mpair_00002609_cond_00_2p,mpair_00002609,eval,2,"LogP,QED",COc1ccc(C(=O)Nc2c(Cl)cncc2Cl)c2cccnc12,CCc1ccc2c(C(=O)Nc3c(Cl)cncc3Cl)ccc(OC)c2n1,COc1ccc(-c2c(Cl)ncn2-c2ccc(S(C)(=O)=O)cc2)cc1Cl,O=C(Nc1ccncc1)c1cccc2ncccc12,c1ccc(-c2cncn2-c2ccccc2)cc1,False,True,False,,0.2222222222222222,0.21333333333333335,,,,,4.759900000000003,4.258200000000002,0.5017000000000005,True,0.7131894410136064,0.660250085184885,0.052939355828721335,True,,,,,,,,,,,,,,,,
edit_latent_source_similarity_rerank,mpair_00002612_cond_02_2p,mpair_00002612,eval,2,"LogP,RB",CCc1ccc2c(C(=O)Nc3c(Cl)cncc3Cl)ccc(OC)c2n1,COc1ccc(C(=O)Nc2c(F)cncc2F)c2ccc(C(F)(F)F)nc12,CN1CCN(c2ncc3c(n2)-c2ccc(Cl)cc2C(c2ccccc2F)=NC3)CC1,O=C(Nc1ccncc1)c1cccc2ncccc12,c1ccc(C2=NCc3cnc(N4CCNCC4)nc3-c3ccccc32)cc1,False,True,False,,0.11235955056179775,0.11235955056179775,,,,,4.187700000000001,4.038900000000003,0.1487999999999987,True,,,,,,,,,,,,,,,,,3.0,2.0,1.0,True
edit_latent_source_similarity_rerank,mpair_00002616_cond_02_2p,mpair_00002616,eval,2,"HBA,RB",COc1ccc(C(=O)Nc2c(F)cncc2F)c2ccc(C(F)(F)F)nc12,COc1ccc(C(=O)Nc2c(Cl)cncc2Cl)c2ccc(C(C)=O)nc12,COc1ccc(C(=O)Nc2c(Cl)cc(C#N)cc2Cl)c2cc(C(C)=O)oc12,O=C(Nc1ccncc1)c1cccc2ncccc12,O=C(Nc1ccccc1)c1cccc2occc12,False,True,False,,0.3150684931506849,0.4393939393939394,,,,,,,,,,,,,,,,,,,,,5.0,5.0,0.0,True,4.0,4.0,0.0,True
edit_latent_source_similarity_rerank,mpair_00002621_cond_01_2p,mpair_00002621,eval,2,"MW,QED",COc1ccc(C(=O)Nc2c(Cl)cncc2Cl)c2cccnc12,COc1ccc(C(=O)Nc2c(F)cncc2F)c2ccc(C(F)(F)F)nc12,COc1ccc(NC(=O)Nc2ccnc3ccccc23)cc1Cl,O=C(Nc1ccncc1)c1cccc2ncccc12,O=C(Nc1ccccc1)Nc1ccnc2ccccc12,False,False,False,,0.36923076923076925,0.22666666666666666,383.276,327.7710000000001,55.50499999999994,False,,,,,0.6893032571109005,0.7419225675189711,0.05261931040807066,True,,,,,,,,,,,,,,,,
edit_latent_source_similarity_rerank,mpair_00002624_cond_00_2p,mpair_00002624,eval,2,"LogP,QED",COc1ccc(C(=O)Nc2ccncc2Cl)c2ccc(C(F)(F)F)nc12,COc1ccc(C(=O)Nc2ccncc2Cl)c2cccnc12,CN1CCN(C(=O)[C@H](Cc2ccccc2)Nc2ccnc3cc(Cl)ccc23)CC1,O=C(Nc1ccncc1)c1cccc2ncccc12,O=C([C@H](Cc1ccccc1)Nc1ccnc2ccccc12)N1CCNCC1,False,False,False,,0.19318181818181818,0.20481927710843373,,,,,3.544100000000002,3.6854000000000013,0.14129999999999932,True,0.8029165077767629,0.6991316990192632,0.10378480875749974,False,,,,,,,,,,,,,,,,
edit_latent_source_similarity_rerank,mpair_00002628_cond_02_2p,mpair_00002628,eval,2,"LogP,QED",CC(C)[C@@H](O)C(=O)N1C[C@H](c2ccccc2)C[C@H]1C(=O)N[C@@H](CC(F)F)C(=O)NCCc1c(F)cc(C(=O)O)cc1F,CC(C)CC(=O)N1C[C@H](c2ccccc2)C[C@H]1C(=O)N[C@@H](CC(F)F)C(=O)NCCc1c(F)cc(C(=O)O)cc1F,O=C(N[C@@H](Cc1c[nH]c2ccccc12)C(=O)NCCc1c[nH]c2ccccc12)OCc1ccccc1,O=C(CNC(=O)[C@@H]1C[C@@H](c2ccccc2)CN1)NCCc1ccccc1,O=C(N[C@@H](Cc1c[nH]c2ccccc12)C(=O)NCCc1c[nH]c2ccccc12)OCc1ccccc1,False,True,False,,0.22340425531914893,0.22580645161290322,,,,,3.892500000000002,4.845600000000004,0.9531000000000018,True,0.3302613314122171,0.24280208078772206,0.08745925062449503,True,,,,,,,,,,,,,,,,
edit_latent_source_similarity_rerank,mpair_00003109_cond_00_2p,mpair_00003109,eval,2,"LogP,QED",CN1CCC[C@H]1COc1cccnn1,CN1CCC[C@H]1COc1ccc(Cl)nn1,COC[C@H]1C[C@@H](c2cccnc2)N(C)C1,c1cnnc(OC[C@@H]2CCCN2)c1,c1cncc([C@@H]2CCCN2)c1,False,True,False,,0.2857142857142857,0.21666666666666667,,,,,1.6029999999999998,1.7208,0.11780000000000035,True,0.7864914737289573,0.752669046887777,0.03382242684118031,True,,,,,,,,,,,,,,,,
edit_latent_source_similarity_rerank,mpair_00003110_cond_02_2p,mpair_00003110,eval,2,"QED,RB",CCCCc1nnc2nc(C)c(C)c(=O)n2n1,Cc1nc2nnc(C(C)(C)C)nn2c(=O)c1C,Cc1cn(N2CC(O)C(CO)C2)c(=O)[nH]c1=O,O=c1ccnc2nncnn12,O=c1ccn(N2CCCC2)c(=O)[nH]1,False,False,False,,0.109375,0.09836065573770492,,,,,,,,,0.6723856505150625,0.5438754244878491,0.1285102260272134,False,,,,,,,,,,,,,0.0,2.0,2.0,False
edit_latent_source_similarity_rerank,mpair_00003112_cond_01_2p,mpair_00003112,eval,2,"LogP,QED",Cc1nc2nnc(C(C)(C)C)nn2c(=O)c1C,Cc1nc2nncnn2c(=O)c1C,Cc1c(O)c(=O)ccn1C,O=c1ccnc2nncnn12,O=c1cc[nH]cc1,False,True,False,,0.13043478260869565,0.16279069767441862,,,,,-0.5036600000000002,0.39931999999999984,0.9029800000000001,True,0.541825521381232,0.5649178764789872,0.0230923550977552,True,,,,,,,,,,,,,,,,
edit_latent_source_similarity_rerank,mpair_00003201_cond_01_2p,mpair_00003201,eval,2,"HBD,HBA",O=C(O)c1ccc(NCCCCCCc2cccs2)cc1,CCOC(=O)c1ccc(NCCCCCCc2cccs2)cc1,COc1cccc2c1CCCC2C(=O)N(C)CCCN1CCN(c2ccccc2)CC1,c1ccc(NCCCCCCc2cccs2)cc1,O=C(NCCCN1CCN(c2ccccc2)CC1)C1CCCc2ccccc21,False,True,False,,0.11904761904761904,0.12359550561797752,,,,,,,,,,,,,,,,,1.0,0.0,1.0,True,4.0,4.0,0.0,True,,,,
edit_latent_source_similarity_rerank,mpair_00003203_cond_01_2p,mpair_00003203,eval,2,"TPSA,HBA",N#Cc1cnn(C(=O)OCc2ccc(-c3ccccc3)cc2)c1,Cc1cnn(C(=O)OCc2ccc(-c3ccccc3)cc2)c1,Cc1ccc(COC(=O)n2cccn2)cc1,O=C(OCc1ccc(-c2ccccc2)cc1)n1cccn1,O=C(OCc1ccccc1)n1cccn1,False,True,False,,0.41509433962264153,0.5319148936170213,,,,,,,,,,,,,44.120000000000005,44.120000000000005,0.0,True,,,,,4.0,4.0,0.0,True,,,,
edit_latent_source_similarity_rerank,mpair_00003205_cond_00_2p,mpair_00003205,eval,2,"TPSA,HBA",N#Cc1cnn(C(=O)OCc2ccc(-c3ccccc3)cc2)c1,O=C(OCc1ccc(-c2ccccc2)cc1)n1cccn1,O=C(OCCCc1ccccc1)n1cccn1,O=C(OCc1ccc(-c2ccccc2)cc1)n1cccn1,O=C(OCCCc1ccccc1)n1cccn1,False,True,False,,0.3333333333333333,0.5909090909090909,,,,,,,,,,,,,44.120000000000005,44.120000000000005,0.0,True,,,,,4.0,4.0,0.0,True,,,,
edit_latent_source_similarity_rerank,mpair_00003208_cond_01_2p,mpair_00003208,eval,2,"QED,TPSA",NC(=O)N/N=C\c1ccccc1OCc1ccc2no[n+]([O-])c2c1,NC(=S)N/N=C/c1cccc(OCc2ccc3no[n+]([O-])c3c2)c1,CCCc1c(OCCc2cccc(O)c2O)ccc(C(=O)O)c1O,c1ccc(OCc2ccc3no[nH+]c3c2)cc1,c1ccc(CCOc2ccccc2)cc1,False,False,False,,0.14457831325301204,0.10227272727272728,,,,,,,,,0.30972390933844063,0.5805073521059423,0.27078344276750166,False,112.61,107.22,5.390000000000001,True,,,,,,,,,,,,
edit_latent_source_similarity_rerank,mpair_00003211_cond_01_2p,mpair_00003211,eval,2,"MW,LogP",CC[C@H]1OC(=O)[C@H](C)[C@@H](OC(C)=O)[C@H](C)[C@@H](OC2O[C@H](C)C[C@H](N(C)C)C2O)[C@@](C)(OC)C[C@@H](C)C(=O)[C@H](C)[C@@H](O)[C@]1(C)O,CC[C@H]1OC(=O)[C@H](C)[C@@H](O)[C@H](C)[C@@H](OC2O[C@H](C)C[C@H](N(C)C)C2O)[C@@](C)(OC)C[C@@H](C)C(=O)[C@H](C)[C@@H](O)[C@]1(C)O,CC[C@]1(CO)CC2C3Cc4ccc(OC)c5c4C2(CCN3C)C(O5)[C@@H]1O,O=C1CCCCOC(=O)CCC[C@@H](OC2CCCCO2)CCC1,c1cc2c3c(c1)OC1CCCC4C(C2)NCCC314,False,False,False,,0.14545454545454545,0.14423076923076922,589.7670000000004,359.46600000000007,230.30100000000033,False,1.5145000000000022,1.7236999999999998,0.2091999999999976,True,,,,,,,,,,,,,,,,,,,,
edit_latent_source_similarity_rerank,mpair_00003215_cond_00_2p,mpair_00003215,eval,2,"MW,TPSA",COC(=O)c1ccc2c(Nc3ccc(Cl)cc3)nc(N3CCOCC3)nc2c1,Clc1ccc(Nc2nc(N3CCOCC3)nc3ccccc23)cc1,Cn1cc2cc(C(=O)Nc3ccc(Cl)c(Cl)c3)ccc2n1,c1ccc(Nc2nc(N3CCOCC3)nc3ccccc23)cc1,O=C(Nc1ccccc1)c1ccc2n[nH]cc2c1,False,True,False,,0.25675675675675674,0.17142857142857143,340.81399999999996,320.17900000000003,20.634999999999934,True,,,,,,,,,50.28,46.92,3.3599999999999994,True,,,,,,,,,,,,
edit_latent_source_similarity_rerank,mpair_00003223_cond_00_2p,mpair_00003223,eval,2,"MW,QED",COc1ccc(S(=O)(=O)N(Cc2cccnc2)c2c(C)cc(Br)cc2C(=O)NO)cc1,COc1ccc(S(=O)(=O)N(Cc2cccnc2)c2c(C)cccc2C(=O)NO)cc1,COc1cc(CC(=O)c2ccccc2C(=O)N2CCCCC2)cc(OC)c1OC,O=S(=O)(c1ccccc1)N(Cc1cccnc1)c1ccccc1,O=C(Cc1ccccc1)c1ccccc1C(=O)N1CCCCC1,False,False,False,,0.1951219512195122,0.19753086419753085,427.48200000000014,397.4710000000003,30.010999999999854,True,,,,,0.44330794633881315,0.665770820571357,0.2224628742325438,False,,,,,,,,,,,,,,,,
edit_latent_source_similarity_rerank,mpair_00003225_cond_00_2p,mpair_00003225,eval,2,"QED,RB",COCCCN(/C(S)=C1/C(=O)c2cc(Cl)ccc2N(C)C1=O)c1ccccc1,COc1cccc(N(C)/C(S)=C2/C(=O)c3cc(Cl)ccc3N(C)C2=O)c1,Cc1cccc(-n2nc(C(C)(C)C)cc2NC(=O)Nc2ccccc2)c1,O=C1Nc2ccccc2C(=O)/C1=C/Nc1ccccc1,O=C(Nc1ccccc1)Nc1ccnn1-c1ccccc1,False,False,False,,0.12941176470588237,0.12048192771084337,,,,,,,,,0.4935411914533051,0.6897959107204383,0.19625471926713323,False,,,,,,,,,,,,,3.0,3.0,0.0,True
edit_latent_source_similarity_rerank,mpair_00003226_cond_02_2p,mpair_00003226,eval,2,"QED,RB",COc1cccc(N(C)/C(S)=C2/C(=O)c3cc(Cl)ccc3N(C)C2=O)c1,COCCCN(/C(S)=C1/C(=O)c2cc(Cl)ccc2N(C)C1=O)c1ccccc1,COc1cccc(Cn2c(=O)c(C(=O)O)c(-c3ccc4c(c3)OCO4)c3ccccc32)c1,O=C1Nc2ccccc2C(=O)/C1=C/Nc1ccccc1,O=c1cc(-c2ccc3c(c2)OCO3)c2ccccc2n1Cc1ccccc1,False,False,False,,0.21348314606741572,0.16842105263157894,,,,,,,,,0.3319041471572704,0.5128761402878754,0.18097199313060502,False,,,,,,,,,,,,,6.0,5.0,1.0,True
edit_latent_source_similarity_rerank,mpair_00003229_cond_01_2p,mpair_00003229,eval,2,"HBD,HBA",CCCCc1nn(-c2ccccn2)c(C(=O)OCC)c1Cc1ccc(-c2ccccc2-c2nn[nH]n2)cc1,CCCCc1nn(-c2ccccn2)c(C(=O)O)c1Cc1ccc(-c2ccccc2-c2nn[nH]n2)cc1,CCCCc1nn(CC)c(C(=O)NC)c1Cc1ccc(-c2ccccc2-c2nn[nH]n2)cc1,c1ccc(-n2cc(Cc3ccc(-c4ccccc4-c4nn[nH]n4)cc3)cn2)nc1,c1ccc(-c2nn[nH]n2)c(-c2ccc(Cc3cn[nH]c3)cc2)c1,False,True,False,,0.618421052631579,0.6438356164383562,,,,,,,,,,,,,,,,,2.0,2.0,0.0,True,7.0,6.0,1.0,True,,,,
edit_latent_source_similarity_rerank,mpair_00003534_cond_00_2p,mpair_00003534,eval,2,"QED,RB",O=S(=O)(CC(F)(F)F)N(Cc1cccnc1)c1cccc(OC(F)(F)F)c1,CC(C)Oc1cccc(N(Cc2cccnc2)S(=O)(=O)CC(F)(F)F)c1,CC(=O)N1CCN(c2ccc(CN(C(C)(C)C)S(=O)(=O)Cc3ccccc3)cc2)CC1,c1ccc(NCc2cccnc2)cc1,O=S(=O)(Cc1ccccc1)NCc1ccc(N2CCNCC2)cc1,False,True,False,,0.17721518987341772,0.20253164556962025,,,,,,,,,0.7245796953652621,0.6857892104390259,0.03879048492623627,True,,,,,,,,,,,,,7.0,6.0,1.0,True
edit_latent_source_similarity_rerank,mpair_00003537_cond_00_2p,mpair_00003537,eval,2,"MW,QED",CC(C)COc1cccc(N(Cc2cccnc2)S(=O)(=O)CC(F)(F)F)c1,CCOC(=O)C(C)Oc1cccc(N(Cc2cccnc2)S(=O)(=O)CC(F)(F)F)c1,COc1ccc(CC(C)N(C)C(=O)Nc2ccc(Oc3ccccc3)cc2)cc1,c1ccc(NCc2cccnc2)cc1,O=C(NCCc1ccccc1)Nc1ccc(Oc2ccccc2)cc1,False,False,False,,0.17721518987341772,0.1951219512195122,446.4470000000001,390.48300000000006,55.964000000000055,False,,,,,0.5496815697636838,0.5726703097804987,0.022988740016814946,True,,,,,,,,,,,,,,,,
edit_latent_source_similarity_rerank,mpair_00003541_cond_02_2p,mpair_00003541,eval,2,"LogP,QED",CC(C)Oc1cccc(N(Cc2cccnc2)S(=O)(=O)CC(F)(F)F)c1,CCC(C)COc1cccc(N(Cc2cccnc2)S(=O)(=O)CC(F)(F)F)c1,CCCCCC(O)c1cccc(OCc2cccc(C(=O)OC)c2)c1,c1ccc(NCc2cccnc2)cc1,c1ccc(COc2ccccc2)cc1,False,True,False,,0.20253164556962025,0.21951219512195122,,,,,4.405200000000004,4.665900000000003,0.26069999999999904,True,0.6078002459089881,0.5315174442824351,0.07628280162655299,True,,,,,,,,,,,,,,,,
edit_latent_source_similarity_rerank,mpair_00003543_cond_01_2p,mpair_00003543,eval,2,"QED,RB",CC(C)Oc1cccc(N(Cc2cccnc2)S(=O)(=O)CC(F)(F)F)c1,COc1cccc(N(Cc2cccnc2)S(=O)(=O)CC(F)(F)F)c1,COc1ccc(CC(=O)N2CCC(N3C(=O)OCc4ccccc43)CC2)c(OC)c1,c1ccc(NCc2cccnc2)cc1,O=C(Cc1ccccc1)N1CCC(N2C(=O)OCc3ccccc32)CC1,False,True,False,,0.11702127659574468,0.15730337078651685,,,,,,,,,0.7946521442277092,0.7558522480664583,0.0387998961612509,True,,,,,,,,,,,,,6.0,5.0,1.0,True
edit_latent_source_similarity_rerank,mpair_00003546_cond_00_2p,mpair_00003546,eval,2,"MW,RB",COc1cccc(N(Cc2cccnc2)S(=O)(=O)CC(F)(F)F)c1,CCCC(C)Oc1cccc(N(Cc2cccnc2)S(=O)(=O)CC(F)(F)F)c1,CC#CCOc1ccc(S(=O)(=O)N(CC(=O)NO)Cc2cccnc2)cc1,c1ccc(NCc2cccnc2)cc1,O=S(=O)(NCc1cccnc1)c1ccccc1,False,True,False,,0.3116883116883117,0.30120481927710846,416.4650000000001,389.43300000000005,27.03200000000004,True,,,,,,,,,,,,,,,,,,,,,9.0,8.0,1.0,True
edit_latent_source_similarity_rerank,mpair_00003548_cond_00_2p,mpair_00003548,eval,2,"QED,RB",CCOC(=O)C(C)Oc1cccc(N(Cc2cccnc2)S(=O)(=O)CC(F)(F)F)c1,O=S(=O)(CC(F)(F)F)N(Cc1cccnc1)c1cccc(OC(F)(F)F)c1,O=S(=O)(Nc1cccc(OCc2cnc3ccccc3c2)c1)C(F)(F)F,c1ccc(NCc2cccnc2)cc1,c1ccc(OCc2cnc3ccccc3c2)cc1,False,True,False,,0.24390243902439024,0.273972602739726,,,,,,,,,0.6736163493728189,0.7221785497631078,0.04856220039028891,True,,,,,,,,,,,,,6.0,5.0,1.0,True
edit_latent_source_similarity_rerank,mpair_00000001_cond_02_3p,mpair_00000001,eval,3,"MW,LogP,QED",O=C(c1ccccc1C(F)(F)F)N1C[C@H](CN2CCC(c3ccccc3)CC2)[C@@H](c2ccccc2)C1,O=C(c1ccccc1F)N1C[C@H](CN2CCC(c3ccccc3)CC2)[C@@H](c2ccccc2)C1,CC(C)c1ccc(-c2nc(-c3ccc(F)cc3)c(-c3ccncc3)[nH]2)cc1,O=C(c1ccccc1)N1C[C@H](CN2CCC(c3ccccc3)CC2)[C@@H](c2ccccc2)C1,c1ccc(-c2nc(-c3ccccc3)c(-c3ccncc3)[nH]2)cc1,False,False,False,,0.06097560975609756,0.07692307692307693,442.57800000000015,357.43199999999996,85.14600000000019,False,5.561100000000006,6.068200000000005,0.5070999999999994,True,0.5164092889512721,0.4815903229003091,0.03481896605096302,True,,,,,,,,,,,,,,,,
edit_latent_source_similarity_rerank,mpair_00000009_cond_00_3p,mpair_00000009,eval,3,"LogP,HBA,RB",COc1cccc(C(=O)N2C[C@H](CN3CCC(c4ccccc4)CC3)[C@@H](c3ccccc3)C2)c1,O=C(c1cccc(Cl)c1)N1C[C@H](CN2CCC(c3ccccc3)CC2)[C@@H](c2ccccc2)C1,O=C(c1cccs1)N(c1ccc(Cl)cc1)C1CCN(Cc2ccccc2)CC1,O=C(c1ccccc1)N1C[C@H](CN2CCC(c3ccccc3)CC2)[C@@H](c2ccccc2)C1,O=C(c1cccs1)N(c1ccccc1)C1CCN(Cc2ccccc2)CC1,False,True,False,,0.2073170731707317,0.2631578947368421,,,,,6.075400000000006,5.712900000000006,0.3625000000000007,True,,,,,,,,,,,,,2.0,3.0,1.0,True,5.0,5.0,0.0,True
edit_latent_source_similarity_rerank,mpair_00000014_cond_00_3p,mpair_00000014,eval,3,"MW,TPSA,HBA",O=C(O)[C@@H]1C[C@H]2C[C@@H](CCS(=O)(=O)O)CC[C@H]2CN1,O=C(O)CC[C@H]1CC[C@H]2CN[C@H](C(=O)O)C[C@H]2C1,N=C(N)c1ccc(Cn2cnc3cc(C(=O)NCCC(=O)O)ccc32)cc1,C1CC[C@H]2CNCC[C@H]2C1,c1ccc(Cn2cnc3ccccc32)cc1,False,False,False,,0.0759493670886076,0.10810810810810811,255.314,365.3930000000001,110.0790000000001,False,,,,,,,,,86.63000000000001,134.08999999999997,47.459999999999965,False,,,,,3.0,5.0,2.0,False,,,,
edit_latent_source_similarity_rerank,mpair_00000021_cond_01_3p,mpair_00000021,eval,3,"MW,TPSA,HBA",N#Cc1ccc(COC[C@H]2C3CC(c4ccc(F)cc4)(CO3)[C@@H]2C/C=C/CCCC(=O)O)cc1,O=C(O)CCC/C=C/C[C@@H]1[C@@H](COCc2ccccc2)C2CC1(c1ccccc1)CO2,COc1ccccc1N1CCN(CCCNC(=O)C(c2ccccc2)c2ccccc2)CC1,c1ccc(COC[C@@H]2CC3(c4ccccc4)COC2C3)cc1,O=C(NCCCN1CCN(c2ccccc2)CC1)C(c1ccccc1)c1ccccc1,False,True,False,,0.13131313131313133,0.1590909090909091,420.5490000000002,443.5910000000001,23.041999999999916,True,,,,,,,,,55.760000000000005,44.81,10.950000000000003,True,,,,,3.0,4.0,1.0,True,,,,
edit_latent_source_similarity_rerank,mpair_00000328_cond_02_3p,mpair_00000328,eval,3,"MW,LogP,QED",N[C@@H](C(=O)N[C@@H]1C(=O)N2C(C(=O)O)=C(C(F)(F)F)CC[C@H]12)c1ccc(F)cc1,N[C@@H](C(=O)N[C@@H]1C(=O)N2C(C(=O)O)=C(C(F)(F)F)CC[C@H]12)c1cccc(Br)c1,O=C(O)c1cccc(S(=O)(=O)c2ccc(C(=O)Nc3ccc(F)cc3)c[n+]2[O-])c1,O=C(Cc1ccccc1)N[C@@H]1C(=O)N2C=CCC[C@H]12,O=C(Nc1ccccc1)c1ccc(S(=O)(=O)c2ccccc2)[nH+]c1,False,False,False,,0.16666666666666666,0.14606741573033707,462.2220000000001,416.386,45.83600000000007,False,1.8392999999999997,2.2424,0.40310000000000024,True,0.5917241763797754,0.485037138632073,0.10668703774770238,False,,,,,,,,,,,,,,,,
edit_latent_source_similarity_rerank,mpair_00000331_cond_00_3p,mpair_00000331,eval,3,"TPSA,HBD,HBA",N[C@@H](C(=O)N[C@@H]1C(=O)N2C(C(=O)O)=C(C(F)(F)F)CC[C@H]12)c1ccc(O)cc1,N[C@@H](C(=O)N[C@@H]1C(=O)N2C(C(=O)O)=C(C(F)(F)F)CC[C@H]12)c1ccc(F)cc1,Nc1nc(N)c2cc(CNC(=O)c3ccc(Cl)c(Cl)c3)ccc2n1,O=C(Cc1ccccc1)N[C@@H]1C(=O)N2C=CCC[C@H]12,O=C(NCc1ccc2ncncc2c1)c1ccccc1,False,True,False,,0.10465116279069768,0.10465116279069768,,,,,,,,,,,,,112.73,106.92,5.810000000000002,True,3.0,3.0,0.0,True,4.0,5.0,1.0,True,,,,
edit_latent_source_similarity_rerank,mpair_00000333_cond_02_3p,mpair_00000333,eval,3,"MW,QED,RB",N[C@@H](C(=O)N[C@@H]1C(=O)N2C(C(=O)O)=C(C(F)(F)F)CC[C@H]12)c1ccc(F)cc1,CSC1=C(C(=O)O)N2C(=O)[C@@H](NC(=O)[C@H](N)c3ccccc3)[C@H]2CC1,COC(=O)c1ccc(-c2nn(Cc3ccccc3)c3ccccc23)o1,O=C(Cc1ccccc1)N[C@@H]1C(=O)N2C=CCC[C@H]12,c1ccc(Cn2nc(-c3ccco3)c3ccccc32)cc1,False,False,False,,0.10588235294117647,0.15,361.42300000000006,332.35900000000004,29.06400000000002,True,,,,,0.6699274889764619,0.5272810919461726,0.14264639703028936,False,,,,,,,,,,,,,5.0,4.0,1.0,True
edit_latent_source_similarity_rerank,mpair_00000591_cond_02_3p,mpair_00000591,eval,3,"TPSA,HBD,HBA",OC[C@@H]1N[C@@H](CCCCc2ccc(F)cc2)[C@H](O)[C@H]1O,OC[C@@H]1N[C@@H](CCCCc2ccc(O)cc2)[C@H](O)[C@H]1O,CCCCCCCC(C(=O)N[C@H](C(=O)NCCc1ccc(S(N)(=O)=O)cc1)C(C)(C)C)C(O)CS,c1ccc(CCCC[C@H]2CCCN2)cc1,c1ccccc1,False,False,False,,0.14102564102564102,0.1282051282051282,,,,,,,,,,,,,92.95,138.58999999999997,45.63999999999997,False,5.0,5.0,0.0,True,5.0,6.0,1.0,True,,,,
edit_latent_source_similarity_rerank,mpair_00000599_cond_02_3p,mpair_00000599,eval,3,"QED,TPSA,RB",CC1=C(C)C(=O)C(C(c2ccccc2)c2cccnc2)=C(C)C1=O,CC1=C(C)C(=O)C(C(c2cccnc2)c2cccc(/C=C/C(=O)O)c2)=C(C)C1=O,CCOc1cc(-c2ccccc2)c(-c2ccc(S(C)(=O)=O)cc2)c(=O)o1,O=C1C=CC(=O)C(C(c2ccccc2)c2cccnc2)=C1,O=c1occc(-c2ccccc2)c1-c1ccccc1,False,True,False,,0.15384615384615385,0.12658227848101267,,,,,,,,,0.6163061688930161,0.68333336626592,0.06702719737290386,True,84.33000000000001,73.58000000000001,10.75,True,,,,,,,,,5.0,5.0,0.0,True
edit_latent_source_similarity_rerank,mpair_00000735_cond_01_3p,mpair_00000735,eval,3,"LogP,QED,HBD",C=CCc1cc(/C=C2\SC(=O)N(CC=C(C)C)C2=O)c(OC)cc1OC1CCCCO1,C=CCc1cc(/C=C2\SC(=O)NC2=O)c(OC)cc1OC1CCCCO1,COc1ccc(Cl)cc1-c1cccn(C(CN2CCC(O)C2)c2ccccc2)c1=O,O=C1NC(=O)/C(=C/c2ccc(OC3CCCCO3)cc2)S1,O=c1c(-c2ccccc2)cccn1C(CN1CCCC1)c1ccccc1,False,True,False,,0.18627450980392157,0.16666666666666666,,,,,3.6530000000000022,3.833300000000003,0.1803000000000008,True,0.6042673504148035,0.6529588890114555,0.048691538596651984,True,,,,,1.0,1.0,0.0,True,,,,,,,,
edit_latent_source_similarity_rerank,mpair_00000741_cond_00_3p,mpair_00000741,eval,3,"LogP,QED,RB",C=CCc1cc(/C=C2\SC(=O)N(C)C2=O)c(OC)cc1OC1CCCCO1,C=CCc1cc(/C=C2\SC(=O)N(C(C)C)C2=O)c(OC)cc1OC1CCCCO1,CCCN(CCCCN1C(=O)CC(C)(C)CC1=O)C1CCc2ccc3[nH]ccc3c2C1,O=C1NC(=O)/C(=C/c2ccc(OC3CCCCO3)cc2)S1,O=C1CCCC(=O)N1CCCCNC1CCc2ccc3[nH]ccc3c2C1,False,True,False,,0.12871287128712872,0.11428571428571428,,,,,4.773800000000004,4.692600000000004,0.08119999999999994,True,0.4701504427149941,0.49485985679377226,0.024709414078778136,True,,,,,,,,,,,,,7.0,8.0,1.0,True
edit_latent_source_similarity_rerank,mpair_00000744_cond_02_3p,mpair_00000744,eval,3,"LogP,QED,RB",C=CCc1cc(/C=C2\SC(=O)N(CC=C(C)C)C2=O)c(OC)cc1OC1CCCCO1,C=CCc1cc(/C=C2\SC(=O)N(C(C)C)C2=O)c(OC)cc1OC1CCCCO1,COc1cc2ncc(C#N)c(Nc3ccc(F)c(Cl)c3)c2cc1NC(=O)/C=C/CN(C)C,O=C1NC(=O)/C(=C/c2ccc(OC3CCCCO3)cc2)S1,c1ccc(Nc2ccnc3ccccc23)cc1,False,True,False,,0.1391304347826087,0.13392857142857142,,,,,4.773800000000004,4.707480000000004,0.06632000000000016,True,0.4701504427149941,0.503476766345089,0.033326323630094856,True,,,,,,,,,,,,,7.0,7.0,0.0,True
edit_latent_source_similarity_rerank,mpair_00000748_cond_00_3p,mpair_00000748,eval,3,"LogP,QED,RB",C=CCc1cc(/C=C2\SC(=O)N(C)C2=O)c(OC)cc1OC1CCCCO1,C=CCc1cc(/C=C2\SC(=O)N(CC=C)C2=O)c(OC)cc1OC1CCCCO1,Cc1ccc(C(O)(C(=O)NCCCN2CCC(C#N)(c3ccccc3)CC2)c2ccc(C)cc2)cc1,O=C1NC(=O)/C(=C/c2ccc(OC3CCCCO3)cc2)S1,O=C(NCCCN1CCC(c2ccccc2)CC1)C(c1ccccc1)c1ccccc1,False,True,False,,0.09090909090909091,0.0784313725490196,,,,,4.551400000000004,4.603020000000004,0.051620000000000665,True,0.45838471716690443,0.46113144935593436,0.0027467321890299323,True,,,,,,,,,,,,,8.0,8.0,0.0,True
edit_latent_source_similarity_rerank,mpair_00000750_cond_02_3p,mpair_00000750,eval,3,"MW,TPSA,HBA",COC(=O)C[C@@H]1CC(=O)N2[C@H](Cc3c[nH]c4ccccc34)CO[C@@H]2C1,O=C1CCC[C@H]2OC[C@@H](Cc3c[nH]c4ccccc34)N12,O=C1CC[C@@H]2OC[C@@H](Cc3c[nH]c4ccccc34)N12,O=C1CCC[C@H]2OC[C@@H](Cc3c[nH]c4ccccc34)N12,O=C1CC[C@@H]2OC[C@@H](Cc3c[nH]c4ccccc34)N12,False,True,False,,0.5967741935483871,0.8723404255319149,270.33200000000005,256.305,14.027000000000044,True,,,,,,,,,45.330000000000005,45.330000000000005,0.0,True,,,,,2.0,2.0,0.0,True,,,,
edit_latent_source_similarity_rerank,mpair_00001115_cond_02_3p,mpair_00001115,eval,3,"HBD,HBA,RB",COc1ccc(N2CCN(CCC3NC(=O)c4ccccc43)CC2)cc1,CN1C(=O)c2ccccc2C1CCN1CCN(c2ccc(Cl)cc2)CC1,COc1ccc(N2CCN(C)CC2)cc1,O=C1NC(CCN2CCN(c3ccccc3)CC2)c2ccccc21,c1ccc(N2CCNCC2)cc1,False,False,False,,0.42857142857142855,0.2641509433962264,,,,,,,,,,,,,,,,,0.0,0.0,0.0,True,3.0,3.0,0.0,True,4.0,2.0,2.0,False
edit_latent_source_similarity_rerank,mpair_00001126_cond_02_3p,mpair_00001126,eval,3,"LogP,HBA,RB",Cc1ccc(N2CCN(CCC3NC(=O)c4ccccc43)CC2)cc1C,COc1ccc(N2CCN(CCC3NC(=O)c4ccccc43)CC2)cc1,COC(=N)c1ccc2c(c1)C(n1ccccc1=O)=CC(C)(C)C2=O,O=C1NC(CCN2CCN(c3ccccc3)CC2)c2ccccc21,O=C1CC=C(n2ccccc2=O)c2ccccc21,False,False,False,,0.1518987341772152,0.1518987341772152,,,,,2.692000000000001,2.931770000000001,0.23977000000000004,True,,,,,,,,,,,,,4.0,5.0,1.0,True,5.0,2.0,3.0,False
edit_latent_source_similarity_rerank,mpair_00001133_cond_00_3p,mpair_00001133,eval,3,"QED,TPSA,HBA",COc1ccccc1CC(=O)NCCC1CCN(CC2COc3ccccc3O2)CC1,O=C(Cc1ccccc1[N+](=O)[O-])NCCC1CCN(CC2COc3ccccc3O2)CC1,COCCNC(=O)CN1C[C@@H](c2ccc3c(c2)OCO3)[C@H](C(=O)O)[C@H]1c1ccc(OC)cc1,O=C(Cc1ccccc1)NCCC1CCN(CC2COc3ccccc3O2)CC1,c1ccc([C@@H]2C[C@H](c3ccc4c(c3)OCO4)CN2)cc1,False,True,False,,0.2608695652173913,0.20618556701030927,,,,,,,,,0.5015202818225966,0.5523778989316954,0.05085761710909886,True,93.94,106.56,12.620000000000005,True,,,,,6.0,7.0,1.0,True,,,,
edit_latent_source_similarity_rerank,mpair_00001619_cond_01_3p,mpair_00001619,eval,3,"TPSA,HBA,RB",CC1CC(C)(C)Nc2ccc3c(c21)COc1c-3cc(F)cc1[N+](=O)[O-],Cc1cc(F)cc2c1OCc1c-2ccc2c1C(C)CC(C)(C)N2,CSc1nc(-c2ccc(C(F)(F)F)cc2)c(-c2ccccc2)[nH]1,c1ccc2c(c1)OCc1c-2ccc2c1CCCN2,c1ccc(-c2nc[nH]c2-c2ccccc2)cc1,False,False,False,,0.08641975308641975,0.09333333333333334,,,,,,,,,,,,,21.259999999999998,28.68,7.420000000000002,True,,,,,2.0,2.0,0.0,True,0.0,3.0,3.0,False
edit_latent_source_similarity_rerank,mpair_00002375_cond_00_3p,mpair_00002375,eval,3,"TPSA,HBD,HBA",COc1cccc2sc([C@@H]3C[C@H]4CC[C@@H](C3)N4C[C@H](O)COc3cccc4[nH]c(C(N)=O)cc34)cc12,COc1cccc2sc([C@@H]3C[C@H]4CC[C@@H](C3)N4C[C@H](O)COc3cccc4[nH]c(C)cc34)cc12,CN1C2CCC1CC(NC(=O)Nc1ccccc1OCc1ccccc1)C2,c1ccc2sc([C@@H]3C[C@H]4CC[C@@H](C3)N4CCCOc3cccc4[nH]ccc34)cc2c1,O=C(Nc1ccccc1OCc1ccccc1)NC1CC2CCC(C1)N2,False,False,False,,0.24175824175824176,0.22727272727272727,,,,,,,,,,,,,57.720000000000006,53.60000000000001,4.119999999999997,True,2.0,2.0,0.0,True,5.0,3.0,2.0,False,,,,
edit_latent_source_similarity_rerank,mpair_00002464_cond_00_3p,mpair_00002464,eval,3,"QED,HBA,RB",CN(C)CCCOc1cc(C(=O)Nc2ccc(OC(F)(F)F)cc2)n(Cc2ccccc2)n1,CN(C)CCCOc1cc(C(=O)Nc2ccc(Cl)cc2F)n(Cc2ccccc2)n1,COc1ccccc1N1CCN(CCCNC(=O)C(c2ccccc2)c2ccccc2)CC1,O=C(Nc1ccccc1)c1ccnn1Cc1ccccc1,O=C(NCCCN1CCN(c2ccccc2)CC1)C(c1ccccc1)c1ccccc1,False,True,False,,0.16666666666666666,0.16853932584269662,,,,,,,,,0.5138601191048354,0.5047374785310157,0.00912264057381973,True,,,,,,,,,5.0,4.0,1.0,True,9.0,9.0,0.0,True
edit_latent_source_similarity_rerank,mpair_00002467_cond_02_3p,mpair_00002467,eval,3,"MW,LogP,QED",CN(C)CCCOc1cc(C(=O)Nc2ccc(OC(F)(F)F)cc2)n(Cc2ccccc2)n1,COc1ccc(NC(=O)c2cc(OCCCN(C)C)nn2Cc2ccccc2)cc1,CC(C)OC(Cc1ccc(OCc2noc(-c3ccc(OC(F)(F)F)cc3)n2)cc1)C(=O)O,O=C(Nc1ccccc1)c1ccnn1Cc1ccccc1,c1ccc(OCc2noc(-c3ccccc3)n2)cc1,False,False,False,,0.2696629213483146,0.17204301075268819,408.50200000000007,466.4120000000001,57.910000000000025,False,3.522800000000002,4.634900000000004,1.1121000000000016,False,0.5200250404910086,0.46115536031041726,0.058869680180591355,True,,,,,,,,,,,,,,,,
edit_latent_source_similarity_rerank,mpair_00002470_cond_02_3p,mpair_00002470,eval,3,"LogP,HBA,RB",CN(C)CCCOc1cc(C(=O)Nc2ccc(Cl)cc2F)n(Cc2ccccc2)n1,COc1ccc(NC(=O)c2cc(OCCCN(C)C)nn2Cc2ccccc2)cc1,CCCCc1nc(Cl)c(CNC(=O)OC)n1Cc1ccc(C(=O)c2ccccc2C(=O)O)cc1,O=C(Nc1ccccc1)c1ccnn1Cc1ccccc1,O=C(c1ccccc1)c1ccc(Cn2ccnc2)cc1,False,False,False,,0.21505376344086022,0.2222222222222222,,,,,3.522800000000002,4.712600000000004,1.1898000000000017,False,,,,,,,,,,,,,6.0,6.0,0.0,True,10.0,10.0,0.0,True
edit_latent_source_similarity_rerank,mpair_00002477_cond_00_3p,mpair_00002477,eval,3,"QED,HBA,RB",CN(C)CCCOc1cc(C(=O)Nc2cc(F)cc(C(F)(F)F)c2)n(Cc2ccccc2)n1,CN(C)CCCOc1cc(C(=O)Nc2ccc(OC(F)(F)F)cc2)n(Cc2ccccc2)n1,CCCCc1nn(CC)c(C(=O)O)c1Cc1ccc(-c2ccccc2NS(=O)(=O)C(F)(F)F)cc1,O=C(Nc1ccccc1)c1ccnn1Cc1ccccc1,c1ccc(-c2ccc(Cc3cn[nH]c3)cc2)cc1,False,True,False,,0.21212121212121213,0.21649484536082475,,,,,,,,,0.4522382232340766,0.3778295388658874,0.0744086843681892,True,,,,,,,,,6.0,5.0,1.0,True,10.0,10.0,0.0,True
edit_latent_source_similarity_rerank,mpair_00002479_cond_02_3p,mpair_00002479,eval,3,"LogP,TPSA,RB",COc1cc(NC(=O)c2cc(OCCCN(C)C)nn2Cc2ccccc2)cc(OC)c1OC,CN(C)CCCOc1cc(C(=O)Nc2cccc(Cl)c2)n(Cc2ccccc2)n1,COc1cccc(NC(=O)NCc2ccccc2CN2CCC(Cc3ccccc3)CC2)c1,O=C(Nc1ccccc1)c1ccnn1Cc1ccccc1,O=C(NCc1ccccc1CN1CCC(Cc2ccccc2)CC1)Nc1ccccc1,False,False,False,,0.25,0.27058823529411763,,,,,4.167600000000003,5.471600000000005,1.304000000000002,False,,,,,59.39,53.6,5.789999999999999,True,,,,,,,,,9.0,8.0,1.0,True
edit_latent_source_similarity_rerank,mpair_00002485_cond_00_3p,mpair_00002485,eval,3,"LogP,TPSA,HBA",CN(C)CCCOc1cc(C(=O)Nc2cc(F)cc(C(F)(F)F)c2)n(Cc2ccccc2)n1,COc1cc(NC(=O)c2cc(OCCCN(C)C)nn2Cc2ccccc2)cc(OC)c1OC,CCCc1nc(-n2c(C)ccc2C)c(/C=C/C(=O)OC)n1Cc1ccc(-c2ccccc2-c2nn[nH]n2)cc1,O=C(Nc1ccccc1)c1ccnn1Cc1ccccc1,c1ccc(-c2nn[nH]n2)c(-c2ccc(Cn3cnc(-n4cccc4)c3)cc2)c1,False,False,False,,0.16666666666666666,0.18446601941747573,,,,,3.5400000000000027,5.324740000000005,1.784740000000002,False,,,,,87.08000000000001,103.51,16.429999999999993,True,,,,,8.0,8.0,0.0,True,,,,
edit_latent_source_similarity_rerank,mpair_00002489_cond_02_3p,mpair_00002489,eval,3,"TPSA,HBD,HBA",C=Cc1cc(C(=O)OCC)n(S(=O)(=O)c2cc(Cl)ccc2N)c1,CCOC(=O)c1cc(C(C)O)cn1S(=O)(=O)c1cc(Cl)ccc1N,COc1ccc(N2CCN(c3cc4c(cc3N)c(=O)c(C(=O)O)cn4C(C)(C)C)CC2)cc1,O=S(=O)(c1ccccc1)n1cccc1,O=c1cc[nH]c2cc(N3CCN(c4ccccc4)CC3)ccc12,False,True,False,,0.18604651162790697,0.1724137931034483,,,,,,,,,,,,,111.61999999999999,101.03,10.58999999999999,True,2.0,2.0,0.0,True,7.0,7.0,0.0,True,,,,
edit_latent_source_similarity_rerank,mpair_00002500_cond_00_3p,mpair_00002500,eval,3,"MW,QED,RB",O=C1C(Nc2ccc(Br)cc2)=C(Cl)C(=O)c2ncncc21,CCc1ccc(NC2=C(Cl)C(=O)c3ncncc3C2=O)cc1,CC1CCCN(c2cc(-c3ccccn3)nc3ccccc23)C1,O=C1C(Nc2ccccc2)=CC(=O)c2ncncc21,c1ccc(-c2cc(N3CCCCC3)c3ccccc3n2)nc1,False,False,False,,0.0945945945945946,0.10526315789473684,313.744,303.4090000000001,10.334999999999923,True,,,,,0.9428073960459649,0.6960618976246363,0.24674549842132854,False,,,,,,,,,,,,,3.0,2.0,1.0,True
edit_latent_source_similarity_rerank,mpair_00002503_cond_01_3p,mpair_00002503,eval,3,"MW,QED,RB",CCc1ccc(NC2=C(Cl)C(=O)c3ncncc3C2=O)cc1,O=C1C(Nc2ccc(Br)cc2)=C(Cl)C(=O)c2ncncc21,CC1=C2CCc3cc(OCc4ccccc4)ccc3N2CCC1=O,O=C1C(Nc2ccccc2)=CC(=O)c2ncncc21,O=C1C=C2CCc3cc(OCc4ccccc4)ccc3N2CC1,False,False,False,,0.13333333333333333,0.09333333333333334,364.58600000000007,319.4040000000001,45.18199999999996,False,,,,,0.885902971993687,0.8461549260489631,0.03974804594472381,True,,,,,,,,,,,,,2.0,3.0,1.0,True
edit_latent_source_similarity_rerank,mpair_00002507_cond_02_3p,mpair_00002507,eval,3,"QED,HBA,RB",O=C(CN1c2ccccc2C(=O)N(Cc2ccccc2)S1(=O)=O)c1ccccc1,COc1ccc(C(=O)CN2c3ccccc3C(=O)N(Cc3ccccc3)S2(=O)=O)cc1,O=C1CC(SCc2ccccn2)N1C(=O)NCCOCc1ccccc1,O=C(CN1c2ccccc2C(=O)N(Cc2ccccc2)S1(=O)=O)c1ccccc1,O=C1CC(SCc2ccccn2)N1C(=O)NCCOCc1ccccc1,False,False,False,,0.19480519480519481,0.19047619047619047,,,,,,,,,0.5539335722556151,0.5706564942774227,0.016722922021807585,True,,,,,,,,,5.0,5.0,0.0,True,6.0,8.0,2.0,False
edit_latent_source_similarity_rerank,mpair_00002524_cond_02_3p,mpair_00002524,eval,3,"LogP,TPSA,HBA",CSc1cc(-c2ccc(Br)cc2)oc(=O)c1Cl,CSc1cc(-c2ccc(Br)cc2)oc(=O)c1C#N,CSc1cc(-c2ccncc2)oc(=O)c1Br,O=c1cccc(-c2ccccc2)o1,O=c1cccc(-c2ccncc2)o1,False,True,False,,0.5348837209302325,0.5,,,,,3.662880000000002,3.1862000000000013,0.4766800000000009,True,,,,,54.0,43.1,10.899999999999999,True,,,,,4.0,4.0,0.0,True,,,,
edit_latent_source_similarity_rerank,mpair_00002556_cond_01_3p,mpair_00002556,eval,3,"MW,QED,RB",CN(C(=O)n1nc(-c2ccc(Cl)cc2)nc1SCC(F)(F)F)c1ccccc1,CSc1nc(-c2ccc(Cl)cc2)nn1C(=O)N(C)c1ccccc1,CN(Cc1cc2ccccc2n1C)C(=O)/C=C/c1cnc(N)nc1,O=C(Nc1ccccc1)n1cnc(-c2ccccc2)n1,O=C(/C=C/c1cncnc1)NCc1cc2ccccc2[nH]1,False,False,False,,0.18292682926829268,0.18421052631578946,358.85400000000004,321.384,37.47000000000003,False,,,,,0.6499636794176425,0.7475626086313878,0.09759892921374524,True,,,,,,,,,,,,,3.0,4.0,1.0,True
edit_latent_source_similarity_rerank,mpair_00002563_cond_01_3p,mpair_00002563,eval,3,"LogP,QED,HBA",CN(C(=O)n1nc(-c2ccc(Cl)cc2)nc1SCC(F)(F)F)c1ccccc1,CSc1nc(-c2ccc(OC(F)(F)F)cc2)nn1C(=O)N(C)c1ccccc1,CCc1nc(Nc2ccc(CC(=O)O)cc2)nc(-c2cccc(Cl)c2)n1,O=C(Nc1ccccc1)n1cnc(-c2ccccc2)n1,c1ccc(Nc2ncnc(-c3ccccc3)n2)cc1,False,True,False,,0.225,0.15476190476190477,,,,,4.670100000000003,4.125100000000002,0.5450000000000008,True,0.5874043626188404,0.6798640578149199,0.09245969519607944,True,,,,,,,,,6.0,5.0,1.0,True,,,,
edit_latent_source_similarity_rerank,mpair_00002572_cond_01_3p,mpair_00002572,eval,3,"MW,QED,HBD",COc1cc(C(=O)N2CCN(C(=O)c3cc(OC)c(OC)c(OC)c3)C(CO)C2)cc(OC)c1OC,COc1cc(C(=O)N2CCN(C(=O)c3cc(OC)c(OC)c(OC)c3)C(COC(=O)CC(C)(C)C)C2)cc(OC)c1OC,COc1ccc(/C=C\C(=O)O)c(OCc2cn(-c3ccc4c(c3)OCO4)nn2)c1CC=C(C)C,O=C(c1ccccc1)N1CCN(C(=O)c2ccccc2)CC1,c1ccc(OCc2cn(-c3ccc4c(c3)OCO4)nn2)cc1,False,False,False,,0.19101123595505617,0.16161616161616163,602.6810000000004,463.49000000000024,139.19100000000014,False,,,,,0.3521539372279048,0.3720665320425127,0.019912594814607942,True,,,,,0.0,1.0,1.0,True,,,,,,,,
edit_latent_source_similarity_rerank,mpair_00002582_cond_01_3p,mpair_00002582,eval,3,"MW,QED,RB",COc1cc(C(=O)N2CCN(C(=O)c3cc(OC)c(OC)c(OC)c3)C(COC(C)=O)C2)cc(OC)c1OC,CCN(CC)C(=O)OCC1CN(C(=O)c2cc(OC)c(OC)c(OC)c2)CCN1C(=O)c1cc(OC)c(OC)c(OC)c1,COC(=O)C(CCSC)NC(=O)C1Cc2ccccc2CN1CC(=O)NCCS,O=C(c1ccccc1)N1CCN(C(=O)c2ccccc2)CC1,c1ccc2c(c1)CCNC2,False,False,False,,0.1590909090909091,0.15053763440860216,603.6690000000003,439.60300000000024,164.0660000000001,False,,,,,0.3571777118480848,0.3704682982445007,0.013290586396415949,True,,,,,,,,,,,,,12.0,10.0,2.0,False
edit_latent_source_similarity_rerank,mpair_00002587_cond_01_3p,mpair_00002587,eval,3,"HBD,HBA,RB",COc1cc(C(=O)N2CCN(C(=O)c3cc(OC)c(OC)c(OC)c3)C(CO)C2)cc(OC)c1OC,COc1cc(C(=O)N2CCN(C(=O)c3cc(OC)c(OC)c(OC)c3)CC2)cc(OC)c1OC,CC(=O)OCC1=C(C(=O)OC(C)(C)C)N2C(=O)[C@H](OCc3ccccc3)[C@H]2S(=O)(=O)C1,O=C(c1ccccc1)N1CCN(C(=O)c2ccccc2)CC1,O=C1[C@H](OCc2ccccc2)[C@@H]2N1C=CCS2(=O)=O,False,False,False,,0.13095238095238096,0.1232876712328767,,,,,,,,,,,,,,,,,0.0,0.0,0.0,True,8.0,8.0,0.0,True,8.0,6.0,2.0,False
edit_latent_source_similarity_rerank,mpair_00002593_cond_01_3p,mpair_00002593,eval,3,"MW,TPSA,RB",COc1cc(C(=O)N2CCN(C(=O)c3cc(OC)c(OC)c(OC)c3)C(COC(=O)NCCC(C)C)C2)cc(OC)c1OC,COc1cc(C(=O)N2CCN(C(=O)c3cc(OC)c(OC)c(OC)c3)C(CO)C2)cc(OC)c1OC,N=C(N)c1ccc(CNC(=O)[C@H]2CCC[C@@H]2C(=O)NCc2ccccc2)cc1,O=C(c1ccccc1)N1CCN(C(=O)c2ccccc2)CC1,O=C(NCc1ccccc1)[C@H]1CCC[C@@H]1C(=O)NCc1ccccc1,False,False,False,,0.1518987341772152,0.14705882352941177,504.53600000000034,378.476,126.06000000000034,False,,,,,,,,,116.23000000000002,108.07,8.160000000000025,True,,,,,,,,,9.0,7.0,2.0,False
edit_latent_source_similarity_rerank,mpair_00002598_cond_00_3p,mpair_00002598,eval,3,"TPSA,HBA,RB",COc1ccc(C(=O)Nc2c(Cl)cncc2Cl)c2ccc(C(C)=O)nc12,COc1ccc(C(=O)Nc2c(F)cncc2F)c2ccc(C(F)(F)F)nc12,COc1cccc2c(-c3ccncc3)cc(O)nc12,O=C(Nc1ccncc1)c1cccc2ncccc12,c1ccc2c(-c3ccncc3)ccnc2c1,False,True,False,,0.265625,0.26153846153846155,,,,,,,,,,,,,64.11,55.24,8.869999999999997,True,,,,,4.0,4.0,0.0,True,3.0,2.0,1.0,True
edit_latent_source_similarity_rerank,mpair_00002602_cond_01_3p,mpair_00002602,eval,3,"HBD,HBA,RB",COc1ccc(C(=O)Nc2ccncc2Cl)c2ccc(C(F)(F)F)nc12,COc1ccc(C(=O)Nc2c(Cl)cncc2Cl)c2ccc(C(C)O)nc12,O=C(Nc1nccs1)c1cnc2c(Cl)cccc2c1O,O=C(Nc1ccncc1)c1cccc2ncccc12,O=C(Nc1nccs1)c1cnc2ccccc2c1,False,False,False,,0.25333333333333335,0.2638888888888889,,,,,,,,,,,,,,,,,2.0,2.0,0.0,True,5.0,5.0,0.0,True,4.0,2.0,2.0,False
edit_latent_source_similarity_rerank,mpair_00002609_cond_02_3p,mpair_00002609,eval,3,"LogP,QED,RB",COc1ccc(C(=O)Nc2c(Cl)cncc2Cl)c2cccnc12,CCc1ccc2c(C(=O)Nc3c(Cl)cncc3Cl)ccc(OC)c2n1,COc1ccc(CC(=O)OC2Cc3ccccc3N(C(N)=O)c3ccccc32)cc1,O=C(Nc1ccncc1)c1cccc2ncccc12,O=C(Cc1ccccc1)OC1Cc2ccccc2Nc2ccccc21,False,True,False,,0.13414634146341464,0.12941176470588237,,,,,4.759900000000003,4.295100000000003,0.46479999999999944,True,0.7131894410136064,0.660053857253114,0.05313558376049232,True,,,,,,,,,,,,,4.0,4.0,0.0,True
edit_latent_source_similarity_rerank,mpair_00002614_cond_01_3p,mpair_00002614,eval,3,"MW,QED,HBA",COc1ccc(C(=O)Nc2c(Cl)cncc2Cl)c2cccnc12,COc1ccc(C(=O)Nc2c(Cl)cncc2Cl)c2ccc(C(C)=O)nc12,CON(C)C(=O)c1cc2c(Sc3ccc(C)cc3)cncc2s1,O=C(Nc1ccncc1)c1cccc2ncccc12,c1ccc(Sc2cncc3sccc23)cc1,False,False,False,,0.18421052631578946,0.1794871794871795,390.22600000000017,344.461,45.76500000000016,False,,,,,0.6681926051832562,0.6584382276678251,0.009754377515431067,True,,,,,,,,,5.0,5.0,0.0,True,,,,
edit_latent_source_similarity_rerank,mpair_00002620_cond_01_3p,mpair_00002620,eval,3,"LogP,QED,RB",CCc1ccc2c(C(=O)Nc3c(Cl)cncc3Cl)ccc(OC)c2n1,COc1ccc(C(=O)Nc2c(Cl)cncc2Cl)c2cccnc12,Cc1nc(NC(=O)c2cccc3ccccc23)c(C)c(C)c1O,O=C(Nc1ccncc1)c1cccc2ncccc12,O=C(Nc1ccccn1)c1cccc2ccccc12,False,True,False,,0.23529411764705882,0.265625,,,,,4.1975000000000025,4.117960000000004,0.07953999999999883,True,0.7706046174674384,0.7484125853247209,0.022192032142717477,True,,,,,,,,,,,,,3.0,2.0,1.0,True
edit_latent_source_similarity_rerank,mpair_00002628_cond_00_3p,mpair_00002628,eval,3,"LogP,QED,HBA",CC(C)[C@@H](O)C(=O)N1C[C@H](c2ccccc2)C[C@H]1C(=O)N[C@@H](CC(F)F)C(=O)NCCc1c(F)cc(C(=O)O)cc1F,CC(C)CC(=O)N1C[C@H](c2ccccc2)C[C@H]1C(=O)N[C@@H](CC(F)F)C(=O)NCCc1c(F)cc(C(=O)O)cc1F,CC(C)[C@H](NC(=O)OCc1ccccc1)C(=O)N[C@@H](Cc1ccccc1)C1(O)CCN(CCc2ccccc2)CC1,O=C(CNC(=O)[C@@H]1C[C@@H](c2ccccc2)CN1)NCCc1ccccc1,O=C(CNC(=O)OCc1ccccc1)N[C@@H](Cc1ccccc1)C1CCN(CCc2ccccc2)CC1,False,True,False,,0.2,0.19,,,,,3.892500000000002,4.734500000000004,0.8420000000000023,True,0.3302613314122171,0.2995009704734747,0.030760360938742404,True,,,,,,,,,4.0,5.0,1.0,True,,,,
edit_latent_source_similarity_rerank,mpair_00003113_cond_01_3p,mpair_00003113,eval,3,"LogP,QED,RB",Cc1nc2nncnn2c(=O)c1C,CCCCc1nnc2nc(C)c(C)c(=O)n2n1,CC1(C)OC2C(NCc3c[nH]c4nc(N)nc(O)c34)C=C[C@@H]2O1,O=c1ccnc2nncnn12,C1=C[C@@H]2OCOC2C1NCc1c[nH]c2ncncc12,False,False,False,,0.06944444444444445,0.0641025641025641,,,,,0.8389399999999998,0.7938000000000001,0.045139999999999736,True,0.7849999676400611,0.6181068742154179,0.1668930934246432,False,,,,,,,,,,,,,3.0,3.0,0.0,True
edit_latent_source_similarity_rerank,mpair_00003200_cond_01_3p,mpair_00003200,eval,3,"QED,HBD,RB",CCOC(=O)c1ccc(NCCCCCCc2cccs2)cc1,O=C(O)c1ccc(NCCCCCCc2cccs2)cc1,CNCCCCCc1ccccc1,c1ccc(NCCCCCCc2cccs2)cc1,c1ccccc1,False,False,False,,0.24528301886792453,0.2765957446808511,,,,,,,,,0.6622761596792913,0.6585910235099811,0.0036851361693102103,True,,,,,2.0,1.0,1.0,True,,,,,9.0,6.0,3.0,False
edit_latent_source_similarity_rerank,mpair_00003207_cond_00_3p,mpair_00003207,eval,3,"MW,LogP,HBA",Cc1cc(-n2ncc(=O)[nH]c2=O)ccc1S(=O)(=O)N1CCN(C=O)CC1,CCOC(=O)N1CCN(S(=O)(=O)c2ccc(-n3ncc(=O)[nH]c3=O)cc2Cl)CC1,CCOC(=O)c1cnc(NN2C(=O)C=C(C)C2=O)nc1CC,O=c1cnn(-c2ccc(S(=O)(=O)N3CCNCC3)cc2)c(=O)[nH]1,O=C1C=CC(=O)N1Nc1ncccn1,False,False,False,,0.10843373493975904,0.1951219512195122,443.86900000000026,304.30600000000004,139.56300000000022,False,0.037000000000000144,0.8576999999999997,0.8206999999999995,True,,,,,,,,,,,,,8.0,7.0,1.0,True,,,,
edit_latent_source_similarity_rerank,mpair_00003218_cond_00_3p,mpair_00003218,eval,3,"MW,TPSA,HBA",COC(=O)c1cccc(C(=O)NO)c1N(Cc1cccnc1)S(=O)(=O)c1ccc(OC)cc1,COc1ccc(S(=O)(=O)N(Cc2cccnc2)c2c(C)cccc2C(=O)NO)cc1,COc1ccc(S(=O)(=O)N(Cc2ccccc2)c2cccc(C(=O)NO)c2)cc1,O=S(=O)(c1ccccc1)N(Cc1cccnc1)c1ccccc1,O=S(=O)(c1ccccc1)N(Cc1ccccc1)c1ccccc1,False,True,False,,0.5147058823529411,0.5147058823529411,427.48200000000014,412.4670000000001,15.015000000000043,True,,,,,,,,,108.83000000000001,95.94000000000001,12.89,True,,,,,6.0,5.0,1.0,True,,,,
edit_latent_source_similarity_rerank,mpair_00003220_cond_02_3p,mpair_00003220,eval,3,"LogP,QED,RB",COC(=O)c1cccc(C(=O)NO)c1N(Cc1cccnc1)S(=O)(=O)c1ccc(OC)cc1,COc1ccc(S(=O)(=O)N(Cc2cccnc2)c2c(C)cc(Br)cc2C(=O)NO)cc1,COc1ccc(S(=O)(=O)N(Cc2ccccc2)c2ccc(C)cc2C(=O)NO)cc1,O=S(=O)(c1ccccc1)N(Cc1cccnc1)c1ccccc1,O=S(=O)(c1ccccc1)N(Cc1ccccc1)c1ccccc1,False,True,False,,0.5294117647058824,0.5671641791044776,,,,,3.675620000000001,3.5181200000000015,0.15749999999999975,True,0.3740614499694089,0.4451888921507793,0.0711274421813704,True,,,,,,,,,,,,,7.0,7.0,0.0,True
edit_latent_source_similarity_rerank,mpair_00003530_cond_01_3p,mpair_00003530,eval,3,"MW,LogP,RB",CCOC(=O)C(C)Oc1cccc(N(Cc2cccnc2)S(=O)(=O)CC(F)(F)F)c1,CC(C)COc1cccc(N(Cc2cccnc2)S(=O)(=O)CC(F)(F)F)c1,CC(C)(CC(N)=O)Cc1nc2ccccc2n1Cc1ccc(Cl)cc1,c1ccc(NCc2cccnc2)cc1,c1ccc(Cn2cnc3ccccc32)cc1,False,False,False,,0.1348314606741573,0.11627906976744186,402.43800000000005,355.869,46.56900000000002,False,4.015100000000003,4.182100000000003,0.16699999999999982,True,,,,,,,,,,,,,,,,,8.0,6.0,2.0,False
edit_latent_source_similarity_rerank,mpair_00003538_cond_00_3p,mpair_00003538,eval,3,"LogP,TPSA,HBA",CCC(C)COc1cccc(N(Cc2cccnc2)S(=O)(=O)CC(F)(F)F)c1,CCOC(=O)C(C)Oc1cccc(N(Cc2cccnc2)S(=O)(=O)CC(F)(F)F)c1,COc1ccc(S(=O)(=O)N(Cc2ccccc2)Cc2ccccn2)cc1OC,c1ccc(NCc2cccnc2)cc1,O=S(=O)(c1ccccc1)N(Cc1ccccc1)Cc1ccccn1,False,True,False,,0.225,0.20481927710843373,,,,,3.3107000000000024,3.4899000000000022,0.1791999999999998,True,,,,,85.80000000000001,68.73,17.070000000000007,True,,,,,6.0,5.0,1.0,True,,,,
edit_latent_source_similarity_rerank,mpair_00003544_cond_02_3p,mpair_00003544,eval,3,"LogP,QED,RB",CC(C)COc1cccc(N(Cc2cccnc2)S(=O)(=O)CC(F)(F)F)c1,CCCC(C)Oc1cccc(N(Cc2cccnc2)S(=O)(=O)CC(F)(F)F)c1,CCCC(=O)c1cnc2c(OC)cccc2c1Nc1ccc(NS(C)(=O)=O)cc1C,c1ccc(NCc2cccnc2)cc1,c1ccc(Nc2ccnc3ccccc23)cc1,False,True,False,,0.1595744680851064,0.17894736842105263,,,,,4.547700000000003,4.649720000000003,0.10201999999999956,True,0.6018859517288218,0.5080134458721727,0.09387250585664908,True,,,,,,,,,,,,,9.0,8.0,1.0,True
edit_latent_source_similarity_rerank,mpair_00000004_cond_02_4p,mpair_00000004,eval,4,"MW,LogP,QED,RB",O=C(c1ccccc1Br)N1C[C@H](CN2CCC(c3ccccc3)CC2)[C@@H](c2ccccc2)C1,COc1cccc(C(=O)N2C[C@H](CN3CCC(c4ccccc4)CC3)[C@@H](c3ccccc3)C2)c1,CC(C)(NC(=O)c1cc(-c2ccccc2)nc2ccccc12)c1ccccc1,O=C(c1ccccc1)N1C[C@H](CN2CCC(c3ccccc3)CC2)[C@@H](c2ccccc2)C1,O=C(NCc1ccccc1)c1cc(-c2ccccc2)nc2ccccc12,False,False,False,,0.13333333333333333,0.1375,454.61400000000015,366.4640000000001,88.15000000000003,False,5.430600000000005,5.566900000000005,0.13629999999999942,True,0.49786269936596683,0.5131391054746137,0.01527640610864689,True,,,,,,,,,,,,,6.0,4.0,2.0,False
edit_latent_source_similarity_rerank,mpair_00000018_cond_00_4p,mpair_00000018,eval,4,"MW,QED,TPSA,RB",COC(=O)C1=C(c2ccc(Cl)nc2)CC2CCC1N2C,CN1C2C=C(c3ccc(Cl)nc3)CC1CC2,Oc1cc2ccccc2cc1Cc1ccccc1,C1=C(c2cccnc2)CC2CCC1N2,c1ccc(Cc2ccc3ccccc3c2)cc1,False,True,False,,0.0625,0.05263157894736842,234.72999999999996,234.29799999999997,0.43199999999998795,True,,,,,0.6949032404938756,0.7062876774122971,0.011384436918421503,True,16.130000000000003,20.23,4.099999999999998,True,,,,,,,,,1.0,2.0,1.0,True
edit_latent_source_similarity_rerank,mpair_00000324_cond_01_4p,mpair_00000324,eval,4,"LogP,QED,HBA,RB",CSC1=C(C(=O)O)N2C(=O)[C@@H](NC(=O)[C@H](N)c3ccccc3)[C@H]2CC1,N[C@@H](C(=O)N[C@@H]1C(=O)N2C(C(=O)O)=C(C(F)(F)F)CC[C@H]12)c1cccc(Br)c1,CSc1cc(C)n2cc(C(=O)c3ccccc3)nc2n1,O=C(Cc1ccccc1)N[C@@H]1C(=O)N2C=CCC[C@H]12,O=C(c1ccccc1)c1cn2cccnc2n1,False,False,False,,0.1891891891891892,0.11904761904761904,,,,,1.8392999999999997,2.9906200000000016,1.151320000000002,False,0.5917241763797754,0.42101778972659826,0.1707063866531771,False,,,,,,,,,4.0,5.0,1.0,True,4.0,3.0,1.0,True
edit_latent_source_similarity_rerank,mpair_00000329_cond_00_4p,mpair_00000329,eval,4,"MW,QED,HBA,RB",CSC1=C(C(=O)O)N2C(=O)[C@@H](NC(=O)[C@H](N)c3ccccc3)[C@H]2CC1,N[C@@H](C(=O)N[C@@H]1C(=O)N2C(C(=O)O)=C(C(F)(F)F)CC[C@H]12)c1ccc(F)cc1,CSc1cc(C(F)(F)F)nn1-c1ccc(NC(=O)c2ccncc2F)cc1,O=C(Cc1ccccc1)N[C@@H]1C(=O)N2C=CCC[C@H]12,O=C(Nc1ccc(-n2cccn2)cc1)c1ccncc1,False,True,False,,0.14942528735632185,0.1590909090909091,401.3160000000001,396.3690000000001,4.947000000000003,True,,,,,0.5187711593734389,0.5246568192475122,0.005885659874073301,True,,,,,,,,,4.0,5.0,1.0,True,4.0,4.0,0.0,True
edit_latent_source_similarity_rerank,mpair_00000585_cond_01_4p,mpair_00000585,eval,4,"LogP,QED,TPSA,HBA",Cc1ccc(CCCC[C@@H]2N[C@@H](CO)[C@H](O)[C@H]2O)cc1,OC[C@@H]1N[C@@H](CCCCc2ccc(O)cc2)[C@H](O)[C@H]1O,CCOC(=O)CN1C(=O)CC[C@H](NC(=O)[C@@H](N)Cc2c[nH]c3ccccc23)C1=O,c1ccc(CCCC[C@H]2CCCN2)cc1,O=C1CC[C@H](NC(=O)CCc2c[nH]c3ccccc23)C(=O)N1,False,False,False,,0.10588235294117647,0.08139534883720931,,,,,0.15949999999999964,0.2346000000000022,0.07510000000000255,True,0.47902706341404183,0.44997794007337094,0.02904912334067089,True,92.95,134.59,41.64,False,,,,,5.0,6.0,1.0,True,,,,
edit_latent_source_similarity_rerank,mpair_00000724_cond_01_4p,mpair_00000724,eval,4,"MW,LogP,QED,RB",C=CCc1cc(/C=C2\SC(=O)N(CC=C(C)C)C2=O)c(OC)cc1OC1CCCCO1,C=CCc1cc(/C=C2\SC(=O)N(C)C2=O)c(OC)cc1OC1CCCCO1,Cc1ccccc1OCC1(O)CCN(CCc2c[nH]c3ccc(F)cc23)CC1,O=C1NC(=O)/C(=C/c2ccc(OC3CCCCO3)cc2)S1,c1ccc(OCC2CCN(CCc3c[nH]c4ccccc34)CC2)cc1,False,False,False,,0.10377358490566038,0.1111111111111111,389.4730000000002,382.4790000000001,6.994000000000085,True,3.9952000000000023,4.063820000000003,0.06862000000000101,True,0.5413211960634129,0.6758231601633564,0.13450196409994353,False,,,,,,,,,,,,,6.0,6.0,0.0,True
edit_latent_source_similarity_rerank,mpair_00000733_cond_00_4p,mpair_00000733,eval,4,"LogP,QED,HBD,RB",C=CCc1cc(/C=C2\SC(=O)N(CCCC)C2=O)c(OC)cc1OC1CCCCO1,C=CCc1cc(/C=C2\SC(=O)NC2=O)c(OC)cc1OC1CCCCO1,O=C(O)CCn1c(C2CC2)c(Cn2ccnc2)c2ccccc21,O=C1NC(=O)/C(=C/c2ccc(OC3CCCCO3)cc2)S1,c1ccc2c(Cn3ccnc3)c(C3CC3)[nH]c2c1,False,False,False,,0.1,0.0967741935483871,,,,,3.6530000000000022,3.2382000000000017,0.4148000000000005,True,0.6042673504148035,0.7601778789646193,0.1559105285498158,False,,,,,1.0,1.0,0.0,True,,,,,6.0,6.0,0.0,True
edit_latent_source_similarity_rerank,mpair_00000750_cond_00_4p,mpair_00000750,eval,4,"MW,TPSA,HBA,RB",COC(=O)C[C@@H]1CC(=O)N2[C@H](Cc3c[nH]c4ccccc34)CO[C@@H]2C1,O=C1CCC[C@H]2OC[C@@H](Cc3c[nH]c4ccccc34)N12,CC1(C)Oc2ccccc2C(N2CCCC2=O)[C@@H]1O,O=C1CCC[C@H]2OC[C@@H](Cc3c[nH]c4ccccc34)N12,O=C1CCCN1C1CCOc2ccccc21,False,True,False,,0.1875,0.23529411764705882,270.33200000000005,261.3209999999999,9.011000000000138,True,,,,,,,,,45.330000000000005,49.769999999999996,4.439999999999991,True,,,,,2.0,3.0,1.0,True,2.0,1.0,1.0,True
edit_latent_source_similarity_rerank,mpair_00000765_cond_02_4p,mpair_00000765,eval,4,"MW,QED,HBA,RB",COc1cccc(-c2cncc(O[C@@H]3CCNC3)c2)c1,Clc1cccc(-c2cc(O[C@@H]3CCNC3)cnc2Cl)c1,CC(C)(C)c1ccc(-c2nc3ccc(C(C)(C)C)cc3c(=O)o2)cc1,c1ccc(-c2cncc(O[C@@H]3CCNC3)c2)cc1,O=c1oc(-c2ccccc2)nc2ccccc12,False,False,False,,0.10294117647058823,0.08450704225352113,309.196,335.44700000000006,26.251000000000033,True,,,,,0.8758671086324237,0.5936640508374547,0.282203057794969,False,,,,,,,,,3.0,3.0,0.0,True,3.0,1.0,2.0,False
edit_latent_source_similarity_rerank,mpair_00001123_cond_00_4p,mpair_00001123,eval,4,"QED,HBD,HBA,RB",O=C1NC(CCN2CCN(c3ccccc3)CC2)c2ccccc21,COc1ccc(N2CCN(CCC3c4ccccc4C(=O)N3C)CC2)cc1,COC1(c2cc(F)cc(OCc3cc4ccccc4n(C)c3=O)c2)CCOCC1,O=C1NC(CCN2CCN(c3ccccc3)CC2)c2ccccc21,O=c1[nH]c2ccccc2cc1COc1cccc(C2CCOCC2)c1,False,False,False,,0.14634146341463414,0.19047619047619047,,,,,,,,,0.8160326048332845,0.6550970736342921,0.1609355311989924,False,,,,,0.0,0.0,0.0,True,4.0,5.0,1.0,True,5.0,5.0,0.0,True
edit_latent_source_similarity_rerank,mpair_00001617_cond_02_4p,mpair_00001617,eval,4,"QED,TPSA,HBA,RB",Cc1cc(F)cc2c1OCc1c-2ccc2c1C(C)CC(C)(C)N2,CC1CC(C)(C)Nc2ccc3c(c21)COc1c-3cc(F)cc1[N+](=O)[O-],CCc1nn(-c2ccc(F)cc2)c2c1CCN(c1ccccc1OC)C2=O,c1ccc2c(c1)OCc1c-2ccc2c1CCCN2,O=C1c2c(cnn2-c2ccccc2)CCN1c1ccccc1,False,False,False,,0.10344827586206896,0.10869565217391304,,,,,,,,,0.5855235809891088,0.7068130950243423,0.12128951403523347,False,64.39999999999999,47.36,17.039999999999992,True,,,,,4.0,4.0,0.0,True,1.0,4.0,3.0,False
edit_latent_source_similarity_rerank,mpair_00002370_cond_00_4p,mpair_00002370,eval,4,"QED,HBD,HBA,RB",CCOC(=O)/C=C/c1cc(C(=O)c2ccc(-n3ccnc3)cc2)cn1C,Cn1cc(C(=O)c2ccc(-n3ccnc3)cc2)cc1/C=C/C(=O)O,CCCCn1c(=O)c2nc(C(=O)O)cn2c2ccccc21,O=C(c1ccc(-n2ccnc2)cc1)c1cc[nH]c1,O=c1[nH]c2ccccc2n2ccnc12,False,False,False,,0.16455696202531644,0.16216216216216217,,,,,,,,,0.5785260949639057,0.7964692063521678,0.21794311138826206,False,,,,,1.0,1.0,0.0,True,5.0,5.0,0.0,True,5.0,4.0,1.0,True
edit_latent_source_similarity_rerank,mpair_00002474_cond_00_4p,mpair_00002474,eval,4,"MW,QED,TPSA,RB",COc1cc(NC(=O)c2cc(OCCCN(C)C)nn2Cc2ccccc2)cc(OC)c1OC,CN(C)CCCOc1cc(C(=O)Nc2ccc(Cl)cc2F)n(Cc2ccccc2)n1,CC(=O)c1cccc(NC(=O)NCCCN2CCC[C@@H](Cc3ccc(F)cc3)C2)c1,O=C(Nc1ccccc1)c1ccnn1Cc1ccccc1,O=C(NCCCN1CCC[C@@H](Cc2ccccc2)C1)Nc1ccccc1,False,True,False,,0.16326530612244897,0.17346938775510204,430.9110000000001,411.52100000000013,19.389999999999986,True,,,,,0.5138601191048354,0.4968303673066538,0.017029751798181614,True,59.39,61.440000000000005,2.0500000000000043,True,,,,,,,,,9.0,8.0,1.0,True
edit_latent_source_similarity_rerank,mpair_00002486_cond_01_4p,mpair_00002486,eval,4,"MW,QED,HBA,RB",CN(C)CCCOc1cc(C(=O)Nc2cccc(Cl)c2)n(Cc2ccccc2)n1,CN(C)CCCOc1cc(C(=O)Nc2ccc(OC(F)(F)F)cc2)n(Cc2ccccc2)n1,O=S(=O)(NCCCN1CCN(CCCNc2ccnc3cc(Cl)ccc23)CC1)c1ccccc1,O=C(Nc1ccccc1)c1ccnn1Cc1ccccc1,O=S(=O)(NCCCN1CCN(CCCNc2ccnc3ccccc23)CC1)c1ccccc1,False,False,False,,0.20224719101123595,0.16842105263157894,462.4720000000001,502.0840000000002,39.61200000000008,False,,,,,0.4522382232340766,0.3902370877846928,0.06200113544938379,True,,,,,,,,,6.0,6.0,0.0,True,10.0,11.0,1.0,True
edit_latent_source_similarity_rerank,mpair_00002520_cond_00_4p,mpair_00002520,eval,4,"MW,TPSA,HBA,RB",CSc1cc(-c2ccc(Br)cc2)oc(=O)c1C#N,CCOC(=O)c1c(SC)c(C#N)c(-c2ccc(Br)cc2)oc1=O,CCOC(=O)c1cc2c(n1CC)C(=O)C(Oc1ccccc1C)=CC2=O,O=c1cccc(-c2ccccc2)o1,O=C1C=C(Oc2ccccc2)C(=O)c2[nH]ccc21,False,False,False,,0.10666666666666667,0.22077922077922077,394.24600000000004,353.374,40.872000000000014,False,,,,,,,,,80.30000000000001,74.6,5.700000000000017,True,,,,,6.0,6.0,0.0,True,4.0,5.0,1.0,True
edit_latent_source_similarity_rerank,mpair_00002551_cond_01_4p,mpair_00002551,eval,4,"MW,QED,HBA,RB",CSc1cc(-c2ccc(Cl)cc2)oc(=O)c1C(N)=O,CSc1cc(-c2ccc(Br)cc2)oc(=O)c1Cl,O=c1[nH]c(-c2ccc3ccccc3c2)nc2ccc(N3CCCC3)cc12,O=c1cccc(-c2ccccc2)o1,O=c1[nH]c(-c2ccc3ccccc3c2)nc2ccc(N3CCCC3)cc12,False,False,False,,0.1111111111111111,0.13432835820895522,331.61800000000005,341.4140000000002,9.796000000000163,True,,,,,0.7618841288913727,0.5897906137445047,0.172093515146868,False,,,,,,,,,3.0,3.0,0.0,True,2.0,2.0,0.0,True
edit_latent_source_similarity_rerank,mpair_00002561_cond_01_4p,mpair_00002561,eval,4,"MW,LogP,QED,RB",CSc1nc(-c2ccc(C)cc2)nn1C(=O)N(C)c1ccccc1,CN(C(=O)n1nc(-c2ccc(Cl)cc2)nc1SCC(F)(F)F)c1ccccc1,CC(C)(C)C(=O)Oc1coc(COC(=O)c2ccc(-c3ccccc3)cc2)cc1=O,O=C(Nc1ccccc1)n1cnc(-c2ccccc2)n1,O=C(OCc1cc(=O)cco1)c1ccc(-c2ccccc2)cc1,False,True,False,,0.17105263157894737,0.18292682926829268,426.8510000000001,406.4340000000001,20.41700000000003,True,5.357400000000003,4.615300000000005,0.742099999999998,True,0.5270344401044634,0.5753707732820161,0.048336333177552704,True,,,,,,,,,,,,,4.0,5.0,1.0,True
edit_latent_source_similarity_rerank,mpair_00002575_cond_00_4p,mpair_00002575,eval,4,"MW,LogP,QED,RB",COc1cc(C(=O)N2CCN(C(=O)c3cc(OC)c(OC)c(OC)c3)C(COC(C)=O)C2)cc(OC)c1OC,COc1cc(C(=O)N2CCN(C(=O)c3cc(OC)c(OC)c(OC)c3)C(COC(=O)CC(C)(C)C)C2)cc(OC)c1OC,COc1cc(CCCOC(=O)[C@@H]2CCCCN2S(=O)(=O)Cc2ccccc2)cc(OC)c1OC,O=C(c1ccccc1)N1CCN(C(=O)c2ccccc2)CC1,O=C(OCCCc1ccccc1)[C@@H]1CCCCN1S(=O)(=O)Cc1ccccc1,False,False,False,,0.2857142857142857,0.2682926829268293,602.6810000000004,491.6060000000002,111.07500000000016,False,3.684400000000003,3.572700000000002,0.1117000000000008,True,0.3521539372279048,0.35050833552043154,0.0016456017074732432,True,,,,,,,,,,,,,11.0,11.0,0.0,True
edit_latent_source_similarity_rerank,mpair_00002584_cond_02_4p,mpair_00002584,eval,4,"MW,LogP,HBD,HBA",COc1cc(C(=O)N2CCN(C(=O)c3cc(OC)c(OC)c(OC)c3)C(CO)C2)cc(OC)c1OC,COc1cc(C(=O)N2CCN(C(=O)c3cc(OC)c(OC)c(OC)c3)C(COC(C)=O)C2)cc(OC)c1OC,COc1cc2ncnc(N3CCN(C(=O)Nc4ccccc4[N+](=O)[O-])CC3)c2cc1OC,O=C(c1ccccc1)N1CCN(C(=O)c2ccccc2)CC1,O=C(Nc1ccccc1)N1CCN(c2ncnc3ccccc23)CC1,False,False,False,,0.21794871794871795,0.2073170731707317,546.5730000000003,438.44400000000024,108.12900000000008,False,2.2681000000000004,2.9093000000000018,0.6412000000000013,True,,,,,,,,,0.0,1.0,1.0,True,10.0,8.0,2.0,False,,,,
edit_latent_source_similarity_rerank,mpair_00002592_cond_02_4p,mpair_00002592,eval,4,"MW,TPSA,HBA,RB",COc1cc(C(=O)N2CCN(C(=O)c3cc(OC)c(OC)c(OC)c3)CC2)cc(OC)c1OC,COc1cc(C(=O)N2CCN(C(=O)c3cc(OC)c(OC)c(OC)c3)C(COC(C)=O)C2)cc(OC)c1OC,COc1cc(OC)c(OS(=O)(=O)NC(=O)Oc2c(C(C)C)cccc2C(C)C)c(OC)c1,O=C(c1ccccc1)N1CCN(C(=O)c2ccccc2)CC1,O=C(NS(=O)(=O)Oc1ccccc1)Oc1ccccc1,False,False,False,,0.25,0.1917808219178082,546.5730000000003,467.54000000000025,79.03300000000007,False,,,,,,,,,122.30000000000001,109.39000000000001,12.909999999999997,True,,,,,10.0,8.0,2.0,False,10.0,9.0,1.0,True
edit_latent_source_similarity_rerank,mpair_00002605_cond_02_4p,mpair_00002605,eval,4,"TPSA,HBD,HBA,RB",COc1ccc(C(=O)Nc2c(Cl)cncc2Cl)c2ccc(C(C)O)nc12,COc1ccc(C(=O)Nc2c(F)cncc2F)c2ccc(C(F)(F)F)nc12,COc1ccccc1NC(=O)Oc1cccc2cccnc12,O=C(Nc1ccncc1)c1cccc2ncccc12,O=C(Nc1ccccc1)Oc1cccc2cccnc12,False,True,False,,0.24285714285714285,0.2463768115942029,,,,,,,,,,,,,64.11,60.45,3.6599999999999966,True,1.0,1.0,0.0,True,4.0,4.0,0.0,True,3.0,3.0,0.0,True
edit_latent_source_similarity_rerank,mpair_00002611_cond_01_4p,mpair_00002611,eval,4,"QED,TPSA,HBA,RB",COc1ccc(C(=O)Nc2ccncc2Cl)c2ccc(C(F)(F)F)nc12,COc1ccc(C(=O)Nc2c(Cl)cncc2Cl)c2ccc(C(C)=O)nc12,Cc1cc2c(cc1C(F)(F)F)N(C(=O)Nc1ccc(COc3ccccn3)nc1)CC2,O=C(Nc1ccncc1)c1cccc2ncccc12,O=C(Nc1ccc(COc2ccccn2)nc1)N1CCc2ccccc21,False,True,False,,0.18947368421052632,0.1368421052631579,,,,,,,,,0.6681926051832562,0.6367363239634095,0.03145628121984667,True,81.17999999999999,67.35000000000001,13.829999999999984,True,,,,,5.0,4.0,1.0,True,4.0,4.0,0.0,True
edit_latent_source_similarity_rerank,mpair_00002619_cond_02_4p,mpair_00002619,eval,4,"TPSA,HBD,HBA,RB",COc1ccc(C(=O)Nc2c(Cl)cncc2Cl)c2ccc(C(C)O)nc12,COc1ccc(C(=O)Nc2ccncc2Cl)c2ccc(C(F)(F)F)nc12,Cc1ccc2c(=O)oc(Nc3ccccc3Cl)nc2c1,O=C(Nc1ccncc1)c1cccc2ncccc12,O=c1oc(Nc2ccccc2)nc2ccccc12,False,True,False,,0.17333333333333334,0.18181818181818182,,,,,,,,,,,,,64.11,55.13,8.979999999999997,True,1.0,1.0,0.0,True,4.0,4.0,0.0,True,3.0,2.0,1.0,True
edit_latent_source_similarity_rerank,mpair_00002627_cond_00_4p,mpair_00002627,eval,4,"QED,TPSA,HBA,RB",COc1ccc(C(=O)Nc2c(Cl)cncc2Cl)c2ccc(C(C)=O)nc12,COc1ccc(C(=O)Nc2c(Cl)cncc2Cl)c2cccnc12,CS(=O)(=O)c1ccc(-c2cc(Cl)cnc2-c2ccccn2)cc1,O=C(Nc1ccncc1)c1cccc2ncccc12,c1ccc(-c2cccnc2-c2ccccn2)cc1,False,True,False,,0.11688311688311688,0.18309859154929578,,,,,,,,,0.7706046174674384,0.7233250185365494,0.047279598930888955,True,64.11,59.92,4.189999999999998,True,,,,,4.0,4.0,0.0,True,3.0,3.0,0.0,True
edit_latent_source_similarity_rerank,mpair_00003116_cond_00_4p,mpair_00003116,eval,4,"LogP,TPSA,HBA,RB",COC(=O)c1cc2c([nH]1)C(=O)C=C1N(C(=O)OC(C)(C)C)CC3CC123,Cc1c[nH]c2c1C13CC1CN(C(=O)OC(C)(C)C)C3=CC2=O,COC(=O)C1Cc2c([nH]c3ccccc23)C(c2ccccc2)N1,O=C1C=C2NCC3CC23c2cc[nH]c21,c1ccc(C2NCCc3c2[nH]c2ccccc32)cc1,False,False,False,,0.19230769230769232,0.14102564102564102,,,,,2.9117200000000016,2.9446000000000003,0.03287999999999869,True,,,,,62.4,54.120000000000005,8.279999999999994,True,,,,,3.0,3.0,0.0,True,0.0,2.0,2.0,False
edit_latent_source_similarity_rerank,mpair_00003211_cond_02_4p,mpair_00003211,eval,4,"MW,HBD,HBA,RB",CC[C@H]1OC(=O)[C@H](C)[C@@H](OC(C)=O)[C@H](C)[C@@H](OC2O[C@H](C)C[C@H](N(C)C)C2O)[C@@](C)(OC)C[C@@H](C)C(=O)[C@H](C)[C@@H](O)[C@]1(C)O,CC[C@H]1OC(=O)[C@H](C)[C@@H](O)[C@H](C)[C@@H](OC2O[C@H](C)C[C@H](N(C)C)C2O)[C@@](C)(OC)C[C@@H](C)C(=O)[C@H](C)[C@@H](O)[C@]1(C)O,COc1ccc(C(=O)O)cc1CCCn1cnc2c1NC=NCC2O,O=C1CCCCOC(=O)CCC[C@@H](OC2CCCCO2)CCC1,C1=NCCc2ncn(CCCc3ccccc3)c2N1,False,False,False,,0.10434782608695652,0.09090909090909091,589.7670000000004,344.37100000000004,245.39600000000036,False,,,,,,,,,,,,,4.0,3.0,1.0,True,11.0,7.0,4.0,False,5.0,6.0,1.0,True
edit_latent_source_similarity_rerank,mpair_00003217_cond_01_4p,mpair_00003217,eval,4,"MW,QED,TPSA,HBA",Clc1ccc(Nc2nc(N3CCOCC3)nc3ccccc23)cc1,COC(=O)c1ccc2c(Nc3ccc(Cl)cc3)nc(N3CCOCC3)nc2c1,COC(=O)C(CC1=C(c2ccccc2)CC(C)(C)ON1C(C)=O)C(=O)OC,c1ccc(Nc2nc(N3CCOCC3)nc3ccccc23)cc1,C1=C(c2ccccc2)CCON1,False,True,False,,0.13333333333333333,0.1566265060240964,398.85000000000025,375.42100000000016,23.429000000000087,True,,,,,0.6719222545699903,0.5813233246464069,0.09059892992358343,True,76.58,82.14,5.560000000000002,True,,,,,7.0,6.0,1.0,True,,,,
edit_latent_source_similarity_rerank,mpair_00003228_cond_01_4p,mpair_00003228,eval,4,"QED,HBD,HBA,RB",CCCCc1nn(-c2ccccn2)c(C(=O)O)c1Cc1ccc(-c2ccccc2-c2nn[nH]n2)cc1,CCCCc1nn(-c2ccccn2)c(C(=O)OCC)c1Cc1ccc(-c2ccccc2-c2nn[nH]n2)cc1,CCCCc1nn(-c2ccccc2C(F)(F)F)c(=O)n1Cc1ccc(-c2ccccc2S(=O)(=O)NC(=O)C(C)C)cc1,c1ccc(-n2cc(Cc3ccc(-c4ccccc4-c4nn[nH]n4)cc3)cn2)nc1,O=c1n(Cc2ccc(-c3ccccc3)cc2)cnn1-c1ccccc1,False,True,False,,0.2621359223300971,0.25471698113207547,,,,,,,,,0.25784000650209704,0.25642190887694816,0.0014180976251488842,True,,,,,1.0,1.0,0.0,True,8.0,7.0,1.0,True,10.0,10.0,0.0,True
edit_latent_source_similarity_rerank,mpair_00003533_cond_01_4p,mpair_00003533,eval,4,"MW,LogP,QED,RB",CCCC(C)Oc1cccc(N(Cc2cccnc2)S(=O)(=O)CC(F)(F)F)c1,COc1cccc(N(Cc2cccnc2)S(=O)(=O)CC(F)(F)F)c1,CCN(Cc1ccccc1)C(=O)N1C(=O)C[C@@H]1Cc1ccccc1,c1ccc(NCc2cccnc2)cc1,O=C1C[C@H](Cc2ccccc2)N1C(=O)NCc1ccccc1,False,False,False,,0.17721518987341772,0.16216216216216217,360.3570000000001,322.40799999999996,37.949000000000126,False,2.988900000000002,3.472100000000002,0.4832000000000001,True,0.7946521442277092,0.7909260218869607,0.003726122340748539,True,,,,,,,,,,,,,6.0,5.0,1.0,True
edit_latent_source_similarity_rerank,mpair_00003549_cond_00_4p,mpair_00003549,eval,4,"LogP,QED,TPSA,HBA",CCOC(=O)C(C)Oc1cccc(N(Cc2cccnc2)S(=O)(=O)CC(F)(F)F)c1,CCC(C)COc1cccc(N(Cc2cccnc2)S(=O)(=O)CC(F)(F)F)c1,O=S(=O)(CC(F)(F)F)N(Cc1cccnc1)c1cccc(OC2CCCCC2)c1,c1ccc(NCc2cccnc2)cc1,c1cncc(CNc2cccc(OC3CCCCC3)c2)c1,False,True,False,,0.6176470588235294,0.6363636363636364,,,,,4.405200000000004,4.691800000000004,0.28659999999999997,True,0.6078002459089881,0.6419324221515578,0.0341321762425697,True,59.5,59.5,0.0,True,,,,,4.0,4.0,0.0,True,,,,
edit_latent_source_similarity_rerank,mpair_00000019_cond_01_5p,mpair_00000019,eval,5,"MW,QED,TPSA,HBA,RB",CN1C2C=C(c3ccc(Cl)nc3)CC1CC2,COC(=O)C1=C(c2ccc(Cl)nc2)CC2CCC1N2C,COc1ccc(N(C)c2nccc(-c3cccnc3)n2)cc1,C1=C(c2cccnc2)CC2CCC1N2,c1ccc(Nc2nccc(-c3cccnc3)n2)cc1,False,False,False,,0.11940298507462686,0.1527777777777778,292.76599999999996,292.34200000000004,0.42399999999992133,True,,,,,0.6204382047485277,0.7380726505802397,0.11763444583171201,False,42.43,51.14,8.71,True,,,,,4.0,5.0,1.0,True,2.0,4.0,2.0,False
edit_latent_source_similarity_rerank,mpair_00000332_cond_01_5p,mpair_00000332,eval,5,"MW,LogP,TPSA,HBD,HBA",N[C@@H](C(=O)N[C@@H]1C(=O)N2C(C(=O)O)=C(C(F)(F)F)CC[C@H]12)c1ccc(O)cc1,N[C@@H](C(=O)N[C@@H]1C(=O)N2C(C(=O)O)=C(C(F)(F)F)CC[C@H]12)c1cccc(Br)c1,N=C(c1ccc(C(=O)Nc2ccc3c(c2)CC(CC(=O)O)CC3)cc1)N1CCOCC1,O=C(Cc1ccccc1)N[C@@H]1C(=O)N2C=CCC[C@H]12,N=C(c1ccc(C(=O)Nc2ccc3c(c2)CCCC3)cc1)N1CCOCC1,False,False,False,,0.14130434782608695,0.14736842105263157,462.2220000000001,421.4970000000003,40.724999999999795,False,1.8392999999999997,3.176070000000002,1.3367700000000022,False,,,,,112.73,102.72000000000001,10.009999999999991,True,3.0,3.0,0.0,True,4.0,4.0,0.0,True,,,,
edit_latent_source_similarity_rerank,mpair_00000584_cond_02_5p,mpair_00000584,eval,5,"LogP,QED,TPSA,HBD,HBA",OC[C@@H]1N[C@@H](CCCCc2ccc(O)cc2)[C@H](O)[C@H]1O,Cc1ccc(CCCC[C@@H]2N[C@@H](CO)[C@H](O)[C@H]2O)cc1,O=C1N(CCCO)[C@H](Cc2ccccc2)[C@H](O)[C@@H](O)[C@@H](Cc2ccccc2)N1CCCO,c1ccc(CCCC[C@H]2CCCN2)cc1,O=C1N[C@H](Cc2ccccc2)CC[C@@H](Cc2ccccc2)N1,False,False,False,,0.2037037037037037,0.2,,,,,0.7623199999999992,1.4332,0.6708800000000008,True,0.5802758268226561,0.4457246581909329,0.13455116863172323,False,72.72,104.47000000000001,31.750000000000014,False,4.0,4.0,0.0,True,4.0,5.0,1.0,True,,,,
edit_latent_source_similarity_rerank,mpair_00000730_cond_01_5p,mpair_00000730,eval,5,"MW,LogP,QED,HBD,RB",C=CCc1cc(/C=C2\SC(=O)NC2=O)c(OC)cc1OC1CCCCO1,C=CCc1cc(/C=C2\SC(=O)N(C(C)C)C2=O)c(OC)cc1OC1CCCCO1,C=CCOc1ccc2c(=O)c(-c3cc(OC)c(OC)cc3OC)coc2c1,O=C1NC(=O)/C(=C/c2ccc(OC3CCCCO3)cc2)S1,O=c1c(-c2ccccc2)coc2ccccc12,False,False,False,,0.2222222222222222,0.20930232558139536,417.52700000000027,368.38500000000005,49.14200000000022,False,4.773800000000004,4.050600000000004,0.7232000000000003,True,0.4701504427149941,0.5862703055415356,0.11611986282654146,False,,,,,0.0,0.0,0.0,True,,,,,7.0,7.0,0.0,True
edit_latent_source_similarity_rerank,mpair_00002374_cond_00_5p,mpair_00002374,eval,5,"LogP,TPSA,HBD,HBA,RB",COc1cccc2sc([C@@H]3C[C@H]4CC[C@@H](C3)N4C[C@H](O)COc3cccc4[nH]c(C)cc34)cc12,COc1cccc2sc([C@@H]3C[C@H]4CC[C@@H](C3)N4C[C@H](O)COc3cccc4[nH]c(C(N)=O)cc34)cc12,N[C@@H](Cc1cc(I)c(Oc2ccc(O)c(Cc3ccccn3)c2)c(I)c1)C(=O)O,c1ccc2sc([C@@H]3C[C@H]4CC[C@@H](C3)N4CCCOc3cccc4[nH]ccc34)cc2c1,c1ccc(Oc2cccc(Cc3ccccn3)c2)cc1,False,True,False,,0.09523809523809523,0.12149532710280374,,,,,4.640400000000003,4.3339000000000025,0.30650000000000066,True,,,,,100.81,105.67,4.859999999999999,True,3.0,3.0,0.0,True,6.0,5.0,1.0,True,8.0,7.0,1.0,True
edit_latent_source_similarity_rerank,mpair_00002479_cond_01_5p,mpair_00002479,eval,5,"MW,QED,TPSA,HBA,RB",COc1cc(NC(=O)c2cc(OCCCN(C)C)nn2Cc2ccccc2)cc(OC)c1OC,CN(C)CCCOc1cc(C(=O)Nc2cccc(Cl)c2)n(Cc2ccccc2)n1,COC(=O)C1(c2ccccc2)CCN(CCCNC(=O)Cc2ccc(C)cc2)CC1,O=C(Nc1ccccc1)c1ccnn1Cc1ccccc1,O=C(Cc1ccccc1)NCCCN1CCC(c2ccccc2)CC1,False,True,False,,0.19101123595505617,0.18181818181818182,412.9210000000001,408.5420000000002,4.378999999999905,True,,,,,0.5357556879239462,0.5381210046581312,0.0023653167341849413,True,59.39,58.64,0.75,True,,,,,5.0,4.0,1.0,True,9.0,8.0,1.0,True
edit_latent_source_similarity_rerank,mpair_00002511_cond_02_5p,mpair_00002511,eval,5,"LogP,QED,TPSA,HBA,RB",CSc1cc(-c2ccc(Br)cc2)oc(=O)c1Br,CSc1cc(-c2ccc(Cl)cc2)oc(=O)c1C(N)=O,CSc1cc(-c2cccnc2)oc(=O)c1C#N,O=c1cccc(-c2ccccc2)o1,O=c1cccc(-c2cccnc2)o1,False,False,False,,0.39215686274509803,0.3508771929824561,,,,,2.7810000000000006,2.2953800000000006,0.48561999999999994,True,0.8837306867126842,0.7580961300549466,0.1256345566577376,False,73.30000000000001,66.89,6.410000000000011,True,,,,,4.0,5.0,1.0,True,3.0,2.0,1.0,True
edit_latent_source_similarity_rerank,mpair_00002557_cond_00_5p,mpair_00002557,eval,5,"MW,LogP,QED,HBA,RB",CSc1nc(-c2ccc(C)cc2)nn1C(=O)N(C)c1ccccc1,CSc1nc(-c2ccc(OC(F)(F)F)cc2)nn1C(=O)N(C)c1ccccc1,O=C(OCCc1ccccc1)c1cc2c(OC3CCNCC3)cccc2s1,O=C(Nc1ccccc1)n1cnc(-c2ccccc2)n1,O=C(OCCc1ccccc1)c1cc2c(OC3CCNCC3)cccc2s1,False,False,False,,0.13414634146341464,0.14942528735632185,408.4050000000001,381.49700000000007,26.908000000000015,True,4.670100000000003,4.431600000000004,0.23849999999999927,True,0.5874043626188404,0.6418128836293421,0.05440852101050164,True,,,,,,,,,6.0,5.0,1.0,True,4.0,6.0,2.0,False
edit_latent_source_similarity_rerank,mpair_00002581_cond_01_5p,mpair_00002581,eval,5,"MW,QED,TPSA,HBA,RB",COc1cc(C(=O)N2CCN(C(=O)c3cc(OC)c(OC)c(OC)c3)C(COC(=O)CC(C)(C)C)C2)cc(OC)c1OC,COc1cc(C(=O)N2CCN(C(=O)c3cc(OC)c(OC)c(OC)c3)CC2)cc(OC)c1OC,CCOC(=O)/C=C/c1cc(CN2CCN(c3ccccn3)CC2)cc(C(N)=O)c1,O=C(c1ccccc1)N1CCN(C(=O)c2ccccc2)CC1,c1ccc(CN2CCN(c3ccccn3)CC2)cc1,False,False,False,,0.16483516483516483,0.16666666666666666,474.51000000000033,394.47500000000014,80.0350000000002,False,,,,,0.5754127815390553,0.5713526125474048,0.004060168991650515,True,96.00000000000001,88.75999999999999,7.240000000000023,True,,,,,8.0,6.0,2.0,False,8.0,7.0,1.0,True
edit_latent_source_similarity_rerank,mpair_00002591_cond_02_5p,mpair_00002591,eval,5,"LogP,QED,TPSA,HBD,RB",COc1cc(C(=O)N2CCN(C(=O)c3cc(OC)c(OC)c(OC)c3)C(COC(=O)NCCC(C)C)C2)cc(OC)c1OC,COc1cc(C(=O)N2CCN(C(=O)c3cc(OC)c(OC)c(OC)c3)CC2)cc(OC)c1OC,CCCc1c(C)c(=O)n(C)c(=O)n1Cc1ccc(-c2ccccc2-c2nn[nH]n2)cc1,O=C(c1ccccc1)N1CCN(C(=O)c2ccccc2)CC1,O=c1ccn(Cc2ccc(-c3ccccc3-c3nn[nH]n3)cc2)c(=O)[nH]1,False,False,False,,0.0707070707070707,0.08108108108108109,,,,,2.3364000000000003,2.7033199999999997,0.36691999999999947,True,0.5754127815390553,0.5210829244361108,0.05432985710294447,True,96.00000000000001,98.46,2.4599999999999795,True,0.0,1.0,1.0,True,,,,,8.0,6.0,2.0,False
edit_latent_source_similarity_rerank,mpair_00002629_cond_02_5p,mpair_00002629,eval,5,"LogP,TPSA,HBD,HBA,RB",CC(C)CC(=O)N1C[C@H](c2ccccc2)C[C@H]1C(=O)N[C@@H](CC(F)F)C(=O)NCCc1c(F)cc(C(=O)O)cc1F,CC(C)(C)[C@H](O)C(=O)N1C[C@H](c2ccccc2)C[C@H]1C(=O)N[C@@H](CC(F)F)C(=O)NCCc1c(F)cc(C(=O)O)cc1F,CC(C)[C@H](NC(=O)C(=O)N(C)c1cccc2ccccc12)C(=O)N[C@@H](CC(=O)O)C(=O)COc1c(F)c(F)cc(F)c1F,O=C(CNC(=O)[C@@H]1C[C@@H](c2ccccc2)CN1)NCCc1ccccc1,O=C(CNC(=O)CNC(=O)C(=O)Nc1cccc2ccccc12)COc1ccccc1,False,True,False,,0.21904761904761905,0.2037037037037037,,,,,3.253400000000001,3.1074,0.1460000000000008,True,,,,,136.04,142.11,6.070000000000022,True,4.0,3.0,1.0,True,5.0,6.0,1.0,True,11.0,11.0,0.0,True
edit_latent_source_similarity_rerank,mpair_00003117_cond_02_5p,mpair_00003117,eval,5,"MW,LogP,TPSA,HBA,RB",Cc1c[nH]c2c1C13CC1CN(C(=O)OC(C)(C)C)C3=CC2=O,COC(=O)c1cc2c([nH]1)C(=O)C=C1N(C(=O)OC(C)(C)C)CC3CC123,CS(=O)(=O)Nc1ccc(-n2sc3ncccc3c2=O)cc1,O=C1C=C2NCC3CC23c2cc[nH]c21,O=c1c2cccnc2sn1-c1ccccc1,False,False,False,,0.08641975308641975,0.09523809523809523,344.36700000000013,321.3830000000001,22.984000000000037,True,2.389900000000001,1.8187,0.5712000000000008,True,,,,,88.7,81.06,7.640000000000001,True,,,,,5.0,6.0,1.0,True,1.0,3.0,2.0,False
edit_latent_source_similarity_rerank,mpair_00003218_cond_01_5p,mpair_00003218,eval,5,"MW,LogP,QED,TPSA,HBA",COC(=O)c1cccc(C(=O)NO)c1N(Cc1cccnc1)S(=O)(=O)c1ccc(OC)cc1,COc1ccc(S(=O)(=O)N(Cc2cccnc2)c2c(C)cccc2C(=O)NO)cc1,COc1ccc(S(=O)(=O)N(Cc2ccccc2)c2c(C(=O)NO)cccc2N(C)C)cc1,O=S(=O)(c1ccccc1)N(Cc1cccnc1)c1ccccc1,O=S(=O)(c1ccccc1)N(Cc1ccccc1)c1ccccc1,False,True,False,,0.6307692307692307,0.6307692307692307,427.48200000000014,455.5360000000002,28.05400000000003,True,2.91312,3.2757000000000023,0.3625800000000021,True,0.44330794633881315,0.3995553762070813,0.04375257013173184,True,108.83000000000001,99.18,9.650000000000006,True,,,,,6.0,6.0,0.0,True,,,,
edit_latent_source_similarity_rerank,mpair_00000599_cond_01_6p,mpair_00000599,eval,6,"MW,QED,TPSA,HBD,HBA,RB",CC1=C(C)C(=O)C(C(c2ccccc2)c2cccnc2)=C(C)C1=O,CC1=C(C)C(=O)C(C(c2cccnc2)c2cccc(/C=C/C(=O)O)c2)=C(C)C1=O,CC(C)C(=O)c1cccnc1N1CCN(C(=O)c2cc3ccccc3[nH]2)CC1,O=C1C=CC(=O)C(C(c2ccccc2)c2cccnc2)=C1,O=C(c1cc2ccccc2[nH]1)N1CCN(c2ccccn2)CC1,False,True,False,,0.1527777777777778,0.15476190476190477,387.4350000000002,376.46000000000004,10.975000000000136,True,,,,,0.6163061688930161,0.7090860571429208,0.09277988824990469,True,84.33000000000001,69.30000000000001,15.030000000000001,True,1.0,1.0,0.0,True,4.0,4.0,0.0,True,5.0,4.0,1.0,True
edit_latent_source_similarity_rerank,mpair_00002553_cond_01_6p,mpair_00002553,eval,6,"MW,LogP,QED,TPSA,HBD,RB",CSc1cc(-c2ccc(Cl)cc2)oc(=O)c1C(N)=O,CSc1cc(-c2ccc(Cl)cc2)oc(=O)c1Br,Cc1nsc(-c2ccc(N3CCN(c4cccc(C(F)(F)F)c4)CC3)cc2)n1,O=c1cccc(-c2ccccc2)o1,c1ccc(N2CCN(c3ccc(-c4ncns4)cc3)CC2)cc1,False,False,False,,0.1111111111111111,0.11764705882352941,331.61799999999994,404.46100000000007,72.84300000000013,False,4.444600000000001,4.858920000000004,0.4143200000000027,True,0.7618841288913729,0.6241898471009087,0.13769428179046417,False,30.21,32.260000000000005,2.0500000000000043,True,0.0,0.0,0.0,True,,,,,2.0,3.0,1.0,True
edit_latent_source_similarity_rerank,mpair_00002580_cond_02_6p,mpair_00002580,eval,6,"MW,LogP,QED,HBD,HBA,RB",COc1cc(C(=O)N2CCN(C(=O)c3cc(OC)c(OC)c(OC)c3)C(COC(C)=O)C2)cc(OC)c1OC,COc1cc(C(=O)N2CCN(C(=O)c3cc(OC)c(OC)c(OC)c3)C(CO)C2)cc(OC)c1OC,COc1ccc(C(=O)Oc2cccc3c2C(=O)C(N2CC2)=C(N2CC2)C3=O)cc1,O=C(c1ccccc1)N1CCN(C(=O)c2ccccc2)CC1,O=C(Oc1cccc2c1C(=O)C(N1CC1)=C(N1CC1)C2=O)c1ccccc1,False,False,False,,0.1917808219178082,0.2028985507246377,504.53600000000034,390.3950000000002,114.14100000000013,False,1.6973000000000003,2.1361999999999997,0.4388999999999994,True,0.544633228323374,0.4398130577240088,0.10482017059936521,False,,,,,1.0,0.0,1.0,True,9.0,7.0,2.0,False,9.0,5.0,4.0,False
edit_latent_source_similarity_rerank,mpair_00002588_cond_01_6p,mpair_00002588,eval,6,"MW,LogP,QED,TPSA,HBA,RB",COc1cc(C(=O)N2CCN(C(=O)c3cc(OC)c(OC)c(OC)c3)CC2)cc(OC)c1OC,CCN(CC)C(=O)OCC1CN(C(=O)c2cc(OC)c(OC)c(OC)c2)CCN1C(=O)c1cc(OC)c(OC)c(OC)c1,CCOC(=O)C1=C(C)NC(C)=C(C(=O)OCC)C1c1ccc(OCCCN2CCCC2)c(OC)c1,O=C(c1ccccc1)N1CCN(C(=O)c2ccccc2)CC1,C1=CC(c2ccc(OCCCN3CCCC3)cc2)C=CN1,False,False,False,,0.234375,0.23170731707317074,603.6690000000003,486.60900000000044,117.05999999999989,False,3.1834000000000024,3.920900000000003,0.7375000000000007,True,0.3571777118480848,0.37210992506091856,0.014932213212833778,True,125.54,86.33,39.21000000000001,False,,,,,10.0,8.0,2.0,False,12.0,11.0,1.0,True
edit_latent_source_similarity_rerank,mpair_00002618_cond_01_6p,mpair_00002618,eval,6,"MW,LogP,QED,TPSA,HBD,HBA",COc1ccc(C(=O)Nc2c(Cl)cncc2Cl)c2ccc(C(C)O)nc12,COc1ccc(C(=O)Nc2ccncc2Cl)c2cccnc12,COc1cc2cc(C(=O)O)n(C)c2cc1OCc1ccccc1,O=C(Nc1ccncc1)c1cccc2ncccc12,c1ccc(COc2ccc3cc[nH]c3c2)cc1,False,True,False,,0.18666666666666668,0.1917808219178082,313.744,311.337,2.407000000000039,True,3.544100000000002,3.464100000000002,0.08000000000000007,True,0.8029165077767629,0.7835970698446059,0.01931943793215707,True,64.11,60.69,3.4200000000000017,True,1.0,1.0,0.0,True,4.0,4.0,0.0,True,,,,
edit_latent_source_similarity_rerank,mpair_00003530_cond_00_6p,mpair_00003530,eval,6,"MW,LogP,QED,TPSA,HBA,RB",CCOC(=O)C(C)Oc1cccc(N(Cc2cccnc2)S(=O)(=O)CC(F)(F)F)c1,CC(C)COc1cccc(N(Cc2cccnc2)S(=O)(=O)CC(F)(F)F)c1,c1ccc(CCN2CCC(N(c3nc4ccccc4[nH]3)C3CC3)CC2)cc1,c1ccc(NCc2cccnc2)cc1,c1ccc(CCN2CCC(N(c3nc4ccccc4[nH]3)C3CC3)CC2)cc1,False,False,False,,0.1,0.10588235294117647,402.43800000000005,360.5050000000002,41.93299999999982,False,4.015100000000003,4.238800000000003,0.2237,True,0.6693605971809802,0.714066333932992,0.04470573675201184,True,59.5,35.16,24.340000000000003,False,,,,,4.0,3.0,1.0,True,8.0,6.0,2.0,False
edit_latent_source_similarity_rerank,mpair_00002544_cond_01_7p,mpair_00002544,eval,7,"MW,LogP,QED,TPSA,HBD,HBA,RB",CSc1cc(-c2ccc(Cl)cc2)oc(=O)c1C(N)=O,CSc1cc(-c2ccc(Br)cc2)oc(=O)c1Br,CN1CCCC(n2nc(Cc3ccc(Cl)cc3)c3ccccc3c2=O)CC1,O=c1cccc(-c2ccccc2)o1,O=c1c2ccccc2c(Cc2ccccc2)nn1C1CCCNCC1,False,True,False,,0.14864864864864866,0.0821917808219178,376.0690000000001,381.9070000000002,5.838000000000136,True,4.553700000000002,4.297500000000004,0.256199999999998,True,0.7207772389894862,0.678552511607709,0.04222472738177718,True,30.21,38.13,7.920000000000002,True,0.0,0.0,0.0,True,3.0,4.0,1.0,True,2.0,3.0,1.0,True
edit_latent_scaffold_source_rerank,mpair_00000001_cond_00_2p,mpair_00000001,eval,2,"MW,LogP",O=C(c1ccccc1C(F)(F)F)N1C[C@H](CN2CCC(c3ccccc3)CC2)[C@@H](c2ccccc2)C1,O=C(c1ccccc1F)N1C[C@H](CN2CCC(c3ccccc3)CC2)[C@@H](c2ccccc2)C1,O=C(c1ccccc1C(F)(F)F)N1C[C@H](CN2CCC(c3ccccc3)CC2)[C@@H](c2ccccc2)C1,O=C(c1ccccc1)N1C[C@H](CN2CCC(c3ccccc3)CC2)[C@@H](c2ccccc2)C1,O=C(c1ccccc1)N1C[C@H](CN2CCC(c3ccccc3)CC2)[C@@H](c2ccccc2)C1,True,False,False,source_identity,1.0,0.7592592592592593,442.57800000000015,492.5850000000002,50.00700000000006,False,5.561100000000006,6.4408000000000065,0.8797000000000006,True,,,,,,,,,,,,,,,,,,,,
edit_latent_scaffold_source_rerank,mpair_00000003_cond_02_2p,mpair_00000003,eval,2,"MW,RB",COc1cccc(C(=O)N2C[C@H](CN3CCC(c4ccccc4)CC3)[C@@H](c3ccccc3)C2)c1,O=C(c1ccccc1Br)N1C[C@H](CN2CCC(c3ccccc3)CC2)[C@@H](c2ccccc2)C1,COc1cccc(C(=O)N2C[C@H](CN3CCC(c4ccccc4)CC3)[C@@H](c3ccccc3)C2)c1,O=C(c1ccccc1)N1C[C@H](CN2CCC(c3ccccc3)CC2)[C@@H](c2ccccc2)C1,O=C(c1ccccc1)N1C[C@H](CN2CCC(c3ccccc3)CC2)[C@@H](c2ccccc2)C1,True,False,False,source_identity,1.0,0.6065573770491803,503.48400000000026,454.61400000000015,48.87000000000012,False,,,,,,,,,,,,,,,,,,,,,5.0,6.0,1.0,True
edit_latent_scaffold_source_rerank,mpair_00000006_cond_00_2p,mpair_00000006,eval,2,"MW,LogP",O=C(c1ccccc1F)N1C[C@H](CN2CCC(c3ccccc3)CC2)[C@@H](c2ccccc2)C1,O=C(c1ccccc1C(F)(F)F)N1C[C@H](CN2CCC(c3ccccc3)CC2)[C@@H](c2ccccc2)C1,O=C(c1ccccc1F)N1C[C@H](CN2CCC(c3ccccc3)CC2)[C@@H](c2ccccc2)C1,O=C(c1ccccc1)N1C[C@H](CN2CCC(c3ccccc3)CC2)[C@@H](c2ccccc2)C1,O=C(c1ccccc1)N1C[C@H](CN2CCC(c3ccccc3)CC2)[C@@H](c2ccccc2)C1,True,False,False,source_identity,1.0,0.7592592592592593,492.5850000000002,442.57800000000015,50.00700000000006,False,6.4408000000000065,5.561100000000006,0.8797000000000006,True,,,,,,,,,,,,,,,,,,,,
edit_latent_scaffold_source_rerank,mpair_00000008_cond_02_2p,mpair_00000008,eval,2,"MW,QED",O=C(c1ccccc1Br)N1C[C@H](CN2CCC(c3ccccc3)CC2)[C@@H](c2ccccc2)C1,O=C(c1ccccc1F)N1C[C@H](CN2CCC(c3ccccc3)CC2)[C@@H](c2ccccc2)C1,O=C(c1ccccc1Br)N1C[C@H](CN2CCC(c3ccccc3)CC2)[C@@H](c2ccccc2)C1,O=C(c1ccccc1)N1C[C@H](CN2CCC(c3ccccc3)CC2)[C@@H](c2ccccc2)C1,O=C(c1ccccc1)N1C[C@H](CN2CCC(c3ccccc3)CC2)[C@@H](c2ccccc2)C1,True,False,False,source_identity,1.0,0.7692307692307693,442.57800000000015,503.48400000000026,60.90600000000012,False,,,,,0.5164092889512721,0.41502650656849366,0.10138278238277848,False,,,,,,,,,,,,,,,,
edit_latent_scaffold_source_rerank,mpair_00000012_cond_00_2p,mpair_00000012,eval,2,"MW,LogP",O=C(c1ccccc1F)N1C[C@H](CN2CCC(c3ccccc3)CC2)[C@@H](c2ccccc2)C1,O=C(c1ccccc1Br)N1C[C@H](CN2CCC(c3ccccc3)CC2)[C@@H](c2ccccc2)C1,O=C(c1ccccc1F)N1C[C@H](CN2CCC(c3ccccc3)CC2)[C@@H](c2ccccc2)C1,O=C(c1ccccc1)N1C[C@H](CN2CCC(c3ccccc3)CC2)[C@@H](c2ccccc2)C1,O=C(c1ccccc1)N1C[C@H](CN2CCC(c3ccccc3)CC2)[C@@H](c2ccccc2)C1,True,False,False,source_identity,1.0,0.7692307692307693,503.48400000000026,442.57800000000015,60.90600000000012,False,6.184500000000006,5.561100000000006,0.6234000000000002,True,,,,,,,,,,,,,,,,,,,,
edit_latent_scaffold_source_rerank,mpair_00000020_cond_00_2p,mpair_00000020,eval,2,"MW,TPSA",O=C(O)CCC/C=C/C[C@@H]1[C@@H](COCc2ccccc2)C2CC1(c1ccccc1)CO2,N#Cc1ccc(COC[C@H]2C3CC(c4ccc(F)cc4)(CO3)[C@@H]2C/C=C/CCCC(=O)O)cc1,O=C(O)CCC/C=C/C[C@@H]1[C@@H](COCc2ccccc2)C2CC1(c1ccccc1)CO2,c1ccc(COC[C@@H]2CC3(c4ccccc4)COC2C3)cc1,c1ccc(COC[C@@H]2CC3(c4ccccc4)COC2C3)cc1,True,False,False,source_identity,1.0,0.7391304347826086,463.5490000000003,420.5490000000002,43.000000000000114,False,,,,,,,,,79.55,55.760000000000005,23.789999999999992,False,,,,,,,,,,,,
edit_latent_scaffold_source_rerank,mpair_00000325_cond_01_2p,mpair_00000325,eval,2,"MW,LogP",N[C@@H](C(=O)N[C@@H]1C(=O)N2C(C(=O)O)=C(C(F)(F)F)CC[C@H]12)c1ccc(F)cc1,N[C@@H](C(=O)N[C@@H]1C(=O)N2C(C(=O)O)=C(C(F)(F)F)CC[C@H]12)c1cccc(C(F)(F)F)c1,N[C@@H](C(=O)N[C@@H]1C(=O)N2C(C(=O)O)=C(C(F)(F)F)CC[C@H]12)c1ccc(F)cc1,O=C(Cc1ccccc1)N[C@@H]1C(=O)N2C=CCC[C@H]12,O=C(Cc1ccccc1)N[C@@H]1C(=O)N2C=CCC[C@H]12,True,False,False,source_identity,1.0,0.7377049180327869,451.3230000000001,401.3160000000001,50.007000000000005,False,2.0955999999999997,1.2158999999999993,0.8797000000000004,True,,,,,,,,,,,,,,,,,,,,
edit_latent_scaffold_source_rerank,mpair_00000335_cond_00_2p,mpair_00000335,eval,2,"MW,HBA",N[C@@H](C(=O)N[C@@H]1C(=O)N2C(C(=O)O)=C(C(F)(F)F)CC[C@H]12)c1cccc(Br)c1,N[C@@H](C(=O)N[C@@H]1C(=O)N2C(C(=O)O)=C(C(F)(F)F)CC[C@H]12)c1ccc(O)cc1,N[C@@H](C(=O)N[C@@H]1C(=O)N2C(C(=O)O)=C(C(F)(F)F)CC[C@H]12)c1cccc(Br)c1,O=C(Cc1ccccc1)N[C@@H]1C(=O)N2C=CCC[C@H]12,O=C(Cc1ccccc1)N[C@@H]1C(=O)N2C=CCC[C@H]12,True,False,False,source_identity,1.0,0.7377049180327869,399.3250000000001,462.2220000000001,62.89699999999999,False,,,,,,,,,,,,,,,,,5.0,4.0,1.0,True,,,,
edit_latent_scaffold_source_rerank,mpair_00000338_cond_01_2p,mpair_00000338,eval,2,"MW,QED",N[C@@H](C(=O)N[C@@H]1C(=O)N2C(C(=O)O)=C(C(F)(F)F)CC[C@H]12)c1cccc(Br)c1,CSC1=C(C(=O)O)N2C(=O)[C@@H](NC(=O)[C@H](N)c3ccccc3)[C@H]2CC1,N[C@@H](C(=O)N[C@@H]1C(=O)N2C(C(=O)O)=C(C(F)(F)F)CC[C@H]12)c1cccc(Br)c1,O=C(Cc1ccccc1)N[C@@H]1C(=O)N2C=CCC[C@H]12,O=C(Cc1ccccc1)N[C@@H]1C(=O)N2C=CCC[C@H]12,True,False,False,source_identity,1.0,0.5757575757575758,361.42300000000006,462.2220000000001,100.79900000000004,False,,,,,0.6699274889764619,0.5917241763797754,0.07820331259668656,True,,,,,,,,,,,,,,,,
edit_latent_scaffold_source_rerank,mpair_00000587_cond_01_2p,mpair_00000587,eval,2,"HBA,RB",Cc1ccc(CCCC[C@@H]2N[C@@H](CO)[C@H](O)[C@H]2O)cc1,COc1ccc(CCCC[C@@H]2N[C@@H](CO)[C@H](O)[C@H]2O)cc1,Cc1ccc(CCCC[C@@H]2N[C@@H](CO)[C@H](O)[C@H]2O)cc1,c1ccc(CCCC[C@H]2CCCN2)cc1,c1ccc(CCCC[C@H]2CCCN2)cc1,True,True,True,source_identity,1.0,0.725,,,,,,,,,,,,,,,,,,,,,5.0,4.0,1.0,True,7.0,6.0,1.0,True
edit_latent_scaffold_source_rerank,mpair_00000590_cond_00_2p,mpair_00000590,eval,2,"HBD,RB",OC[C@@H]1N[C@@H](CCCCc2ccc(O)cc2)[C@H](O)[C@H]1O,COc1ccc(CCCC[C@@H]2N[C@@H](CO)[C@H](O)[C@H]2O)cc1,OC[C@@H]1N[C@@H](CCCCc2ccc(O)cc2)[C@H](O)[C@H]1O,c1ccc(CCCC[C@H]2CCCN2)cc1,c1ccc(CCCC[C@H]2CCCN2)cc1,True,True,True,source_identity,1.0,0.7,,,,,,,,,,,,,,,,,4.0,5.0,1.0,True,,,,,7.0,6.0,1.0,True
edit_latent_scaffold_source_rerank,mpair_00000592_cond_00_2p,mpair_00000592,eval,2,"HBA,RB",COc1ccc(CCCC[C@@H]2N[C@@H](CO)[C@H](O)[C@H]2O)cc1,Cc1ccc(CCCC[C@@H]2N[C@@H](CO)[C@H](O)[C@H]2O)cc1,COc1ccc(CCCC[C@@H]2N[C@@H](CO)[C@H](O)[C@H]2O)cc1,c1ccc(CCCC[C@H]2CCCN2)cc1,c1ccc(CCCC[C@H]2CCCN2)cc1,True,True,True,source_identity,1.0,0.725,,,,,,,,,,,,,,,,,,,,,4.0,5.0,1.0,True,6.0,7.0,1.0,True
edit_latent_scaffold_source_rerank,mpair_00000593_cond_02_2p,mpair_00000593,eval,2,"HBA,RB",OC[C@@H]1N[C@@H](CCCCc2cc(F)cc(F)c2)[C@H](O)[C@H]1O,COc1ccc(CCCC[C@@H]2N[C@@H](CO)[C@H](O)[C@H]2O)cc1,OC[C@@H]1N[C@@H](CCCCc2cc(F)cc(F)c2)[C@H](O)[C@H]1O,c1ccc(CCCC[C@H]2CCCN2)cc1,c1ccc(CCCC[C@H]2CCCN2)cc1,True,True,True,source_identity,1.0,0.5681818181818182,,,,,,,,,,,,,,,,,,,,,5.0,4.0,1.0,True,7.0,6.0,1.0,True
edit_latent_scaffold_source_rerank,mpair_00000596_cond_00_2p,mpair_00000596,eval,2,"HBA,RB",OC[C@@H]1N[C@@H](CCCCc2ccc(F)cc2)[C@H](O)[C@H]1O,COc1ccc(CCCC[C@@H]2N[C@@H](CO)[C@H](O)[C@H]2O)cc1,OC[C@@H]1N[C@@H](CCCCc2ccc(F)cc2)[C@H](O)[C@H]1O,c1ccc(CCCC[C@H]2CCCN2)cc1,c1ccc(CCCC[C@H]2CCCN2)cc1,True,True,True,source_identity,1.0,0.6829268292682927,,,,,,,,,,,,,,,,,,,,,5.0,4.0,1.0,True,7.0,6.0,1.0,True
edit_latent_scaffold_source_rerank,mpair_00000599_cond_00_2p,mpair_00000599,eval,2,"QED,HBD",CC1=C(C)C(=O)C(C(c2ccccc2)c2cccnc2)=C(C)C1=O,CC1=C(C)C(=O)C(C(c2cccnc2)c2cccc(/C=C/C(=O)O)c2)=C(C)C1=O,CC1=C(C)C(=O)C(C(c2ccccc2)c2cccnc2)=C(C)C1=O,O=C1C=CC(=O)C(C(c2ccccc2)c2cccnc2)=C1,O=C1C=CC(=O)C(C(c2ccccc2)c2cccnc2)=C1,True,False,False,source_identity,1.0,0.6326530612244898,,,,,,,,,0.6163061688930161,0.803366149239095,0.18705998034607885,False,,,,,1.0,0.0,1.0,True,,,,,,,,
edit_latent_scaffold_source_rerank,mpair_00000727_cond_01_2p,mpair_00000727,eval,2,"QED,RB",C=CCc1cc(/C=C2\SC(=O)N(C(C)C)C2=O)c(OC)cc1OC1CCCCO1,C=CCc1cc(/C=C2\SC(=O)N(CCCC)C2=O)c(OC)cc1OC1CCCCO1,C=CCc1cc(/C=C2\SC(=O)N(C(C)C)C2=O)c(OC)cc1OC1CCCCO1,O=C1NC(=O)/C(=C/c2ccc(OC3CCCCO3)cc2)S1,O=C1NC(=O)/C(=C/c2ccc(OC3CCCCO3)cc2)S1,True,False,False,source_identity,1.0,0.7285714285714285,,,,,,,,,0.39718598618589046,0.4701504427149941,0.07296445652910366,True,,,,,,,,,,,,,9.0,7.0,2.0,False
edit_latent_scaffold_source_rerank,mpair_00000730_cond_00_2p,mpair_00000730,eval,2,"HBD,RB",C=CCc1cc(/C=C2\SC(=O)NC2=O)c(OC)cc1OC1CCCCO1,C=CCc1cc(/C=C2\SC(=O)N(C(C)C)C2=O)c(OC)cc1OC1CCCCO1,C=CCc1cc(/C=C2\SC(=O)NC2=O)c(OC)cc1OC1CCCCO1,O=C1NC(=O)/C(=C/c2ccc(OC3CCCCO3)cc2)S1,O=C1NC(=O)/C(=C/c2ccc(OC3CCCCO3)cc2)S1,True,True,True,source_identity,1.0,0.6865671641791045,,,,,,,,,,,,,,,,,0.0,1.0,1.0,True,,,,,7.0,6.0,1.0,True
edit_latent_scaffold_source_rerank,mpair_00000732_cond_01_2p,mpair_00000732,eval,2,"LogP,QED",C=CCc1cc(/C=C2\SC(=O)N(CC=C)C2=O)c(OC)cc1OC1CCCCO1,C=CCc1cc(/C=C2\SC(=O)N(CC=C(C)C)C2=O)c(OC)cc1OC1CCCCO1,C=CCc1cc(/C=C2\SC(=O)N(CC=C)C2=O)c(OC)cc1OC1CCCCO1,O=C1NC(=O)/C(=C/c2ccc(OC3CCCCO3)cc2)S1,O=C1NC(=O)/C(=C/c2ccc(OC3CCCCO3)cc2)S1,True,True,True,source_identity,1.0,0.8615384615384616,,,,,5.331600000000005,4.551400000000004,0.7802000000000016,True,0.3995752918375223,0.45838471716690443,0.05880942532938216,True,,,,,,,,,,,,,,,,
edit_latent_scaffold_source_rerank,mpair_00000736_cond_00_2p,mpair_00000736,eval,2,"QED,RB",C=CCc1cc(/C=C2\SC(=O)N(CCCC)C2=O)c(OC)cc1OC1CCCCO1,C=CCc1cc(/C=C2\SC(=O)N(C(C)C)C2=O)c(OC)cc1OC1CCCCO1,C=CCc1cc(/C=C2\SC(=O)N(CCCC)C2=O)c(OC)cc1OC1CCCCO1,O=C1NC(=O)/C(=C/c2ccc(OC3CCCCO3)cc2)S1,O=C1NC(=O)/C(=C/c2ccc(OC3CCCCO3)cc2)S1,True,False,False,source_identity,1.0,0.7285714285714285,,,,,,,,,0.4701504427149941,0.39718598618589046,0.07296445652910366,True,,,,,,,,,,,,,7.0,9.0,2.0,False
edit_latent_scaffold_source_rerank,mpair_00000737_cond_02_2p,mpair_00000737,eval,2,"QED,HBD",C=CCc1cc(/C=C2\SC(=O)NC2=O)c(OC)cc1OC1CCCCO1,C=CCc1cc(/C=C2\SC(=O)N(C)C2=O)c(OC)cc1OC1CCCCO1,C=CCc1cc(/C=C2\SC(=O)NC2=O)c(OC)cc1OC1CCCCO1,O=C1NC(=O)/C(=C/c2ccc(OC3CCCCO3)cc2)S1,O=C1NC(=O)/C(=C/c2ccc(OC3CCCCO3)cc2)S1,True,True,True,source_identity,1.0,0.71875,,,,,,,,,0.5413211960634129,0.6042673504148035,0.06294615435139062,True,,,,,0.0,1.0,1.0,True,,,,,,,,
edit_latent_scaffold_source_rerank,mpair_00000740_cond_02_2p,mpair_00000740,eval,2,"MW,QED",C=CCc1cc(/C=C2\SC(=O)N(C)C2=O)c(OC)cc1OC1CCCCO1,C=CCc1cc(/C=C2\SC(=O)N(CCCC)C2=O)c(OC)cc1OC1CCCCO1,C=CCc1cc(/C=C2\SC(=O)N(C)C2=O)c(OC)cc1OC1CCCCO1,O=C1NC(=O)/C(=C/c2ccc(OC3CCCCO3)cc2)S1,O=C1NC(=O)/C(=C/c2ccc(OC3CCCCO3)cc2)S1,True,False,False,source_identity,1.0,0.7878787878787878,431.55400000000026,389.4730000000002,42.081000000000074,False,,,,,0.39718598618589046,0.5413211960634129,0.14413520987752243,False,,,,,,,,,,,,,,,,
edit_latent_scaffold_source_rerank,mpair_00000744_cond_00_2p,mpair_00000744,eval,2,"LogP,RB",C=CCc1cc(/C=C2\SC(=O)N(CC=C(C)C)C2=O)c(OC)cc1OC1CCCCO1,C=CCc1cc(/C=C2\SC(=O)N(C(C)C)C2=O)c(OC)cc1OC1CCCCO1,C=CCc1cc(/C=C2\SC(=O)N(CC=C(C)C)C2=O)c(OC)cc1OC1CCCCO1,O=C1NC(=O)/C(=C/c2ccc(OC3CCCCO3)cc2)S1,O=C1NC(=O)/C(=C/c2ccc(OC3CCCCO3)cc2)S1,True,True,True,source_identity,1.0,0.7183098591549296,,,,,4.773800000000004,5.331600000000005,0.5578000000000012,True,,,,,,,,,,,,,,,,,7.0,8.0,1.0,True
edit_latent_scaffold_source_rerank,mpair_00000746_cond_00_2p,mpair_00000746,eval,2,"QED,RB",C=CCc1cc(/C=C2\SC(=O)N(CC=C)C2=O)c(OC)cc1OC1CCCCO1,C=CCc1cc(/C=C2\SC(=O)N(CCCC)C2=O)c(OC)cc1OC1CCCCO1,C=CCc1cc(/C=C2\SC(=O)N(CC=C)C2=O)c(OC)cc1OC1CCCCO1,O=C1NC(=O)/C(=C/c2ccc(OC3CCCCO3)cc2)S1,O=C1NC(=O)/C(=C/c2ccc(OC3CCCCO3)cc2)S1,True,True,True,source_identity,1.0,0.8181818181818182,,,,,,,,,0.39718598618589046,0.45838471716690443,0.06119873098101397,True,,,,,,,,,,,,,9.0,8.0,1.0,True
edit_latent_scaffold_source_rerank,mpair_00000751_cond_02_2p,mpair_00000751,eval,2,"LogP,RB",O=C1CCC[C@H]2OC[C@@H](Cc3c[nH]c4ccccc34)N12,CC[C@H]1CCC(=O)N2[C@H](Cc3c[nH]c4ccccc34)CO[C@H]12,O=C1CCC[C@H]2OC[C@@H](Cc3c[nH]c4ccccc34)N12,O=C1CCC[C@H]2OC[C@@H](Cc3c[nH]c4ccccc34)N12,O=C1CCC[C@H]2OC[C@@H](Cc3c[nH]c4ccccc34)N12,True,True,True,source_identity,1.0,0.6607142857142857,,,,,3.0839000000000016,2.447800000000001,0.6361000000000008,True,,,,,,,,,,,,,,,,,3.0,2.0,1.0,True
edit_latent_scaffold_source_rerank,mpair_00000755_cond_00_2p,mpair_00000755,eval,2,"LogP,RB",CC[C@H]1CCC(=O)N2[C@H](Cc3c[nH]c4ccccc34)CO[C@H]12,O=C1CCC[C@H]2OC[C@@H](Cc3c[nH]c4ccccc34)N12,CC[C@H]1CCC(=O)N2[C@H](Cc3c[nH]c4ccccc34)CO[C@H]12,O=C1CCC[C@H]2OC[C@@H](Cc3c[nH]c4ccccc34)N12,O=C1CCC[C@H]2OC[C@@H](Cc3c[nH]c4ccccc34)N12,True,True,True,source_identity,1.0,0.6607142857142857,,,,,2.447800000000001,3.0839000000000016,0.6361000000000008,True,,,,,,,,,,,,,,,,,2.0,3.0,1.0,True
edit_latent_scaffold_source_rerank,mpair_00000756_cond_02_2p,mpair_00000756,eval,2,"LogP,QED",Clc1cccc(-c2cncc(O[C@@H]3CCNC3)c2)c1,Clc1cccc(-c2cc(O[C@@H]3CCNC3)cnc2Cl)c1,Clc1cccc(-c2cncc(O[C@@H]3CCNC3)c2)c1,c1ccc(-c2cncc(O[C@@H]3CCNC3)c2)cc1,c1ccc(-c2cncc(O[C@@H]3CCNC3)c2)cc1,True,True,True,source_identity,1.0,0.68,,,,,3.796100000000002,3.1427000000000014,0.6534000000000004,True,0.8758671086324237,0.9336391660075258,0.05777205737510216,True,,,,,,,,,,,,,,,,
edit_latent_scaffold_source_rerank,mpair_00000759_cond_00_2p,mpair_00000759,eval,2,"MW,LogP",c1ccc(-c2cncc(O[C@@H]3CCNC3)c2)cc1,Clc1cccc(-c2cc(O[C@@H]3CCNC3)cnc2Cl)c1,c1ccc(-c2cncc(O[C@@H]3CCNC3)c2)cc1,c1ccc(-c2cncc(O[C@@H]3CCNC3)c2)cc1,c1ccc(-c2cncc(O[C@@H]3CCNC3)c2)cc1,True,False,False,source_identity,1.0,0.5192307692307693,309.196,240.30599999999998,68.89000000000004,False,3.796100000000002,2.4893,1.3068000000000017,False,,,,,,,,,,,,,,,,,,,,
edit_latent_scaffold_source_rerank,mpair_00000760_cond_02_2p,mpair_00000760,eval,2,"MW,LogP",Clc1cccc(-c2cc(O[C@@H]3CCNC3)cnc2Cl)c1,c1ccc(-c2cncc(O[C@@H]3CCNC3)c2)cc1,Clc1cccc(-c2cc(O[C@@H]3CCNC3)cnc2Cl)c1,c1ccc(-c2cncc(O[C@@H]3CCNC3)c2)cc1,c1ccc(-c2cncc(O[C@@H]3CCNC3)c2)cc1,True,False,False,source_identity,1.0,0.5192307692307693,240.30599999999998,309.196,68.89000000000004,False,2.4893,3.796100000000002,1.3068000000000017,False,,,,,,,,,,,,,,,,,,,,
edit_latent_scaffold_source_rerank,mpair_00000763_cond_01_2p,mpair_00000763,eval,2,"HBA,RB",COc1cccc(-c2cncc(O[C@@H]3CCNC3)c2)c1,c1ccc(-c2cncc(O[C@@H]3CCNC3)c2)cc1,COc1cccc(-c2cncc(O[C@@H]3CCNC3)c2)c1,c1ccc(-c2cncc(O[C@@H]3CCNC3)c2)cc1,c1ccc(-c2cncc(O[C@@H]3CCNC3)c2)cc1,True,True,True,source_identity,1.0,0.75,,,,,,,,,,,,,,,,,,,,,3.0,4.0,1.0,True,3.0,4.0,1.0,True
edit_latent_scaffold_source_rerank,mpair_00000765_cond_00_2p,mpair_00000765,eval,2,"QED,HBA",COc1cccc(-c2cncc(O[C@@H]3CCNC3)c2)c1,Clc1cccc(-c2cc(O[C@@H]3CCNC3)cnc2Cl)c1,COc1cccc(-c2cncc(O[C@@H]3CCNC3)c2)c1,c1ccc(-c2cncc(O[C@@H]3CCNC3)c2)cc1,c1ccc(-c2cncc(O[C@@H]3CCNC3)c2)cc1,True,True,True,source_identity,1.0,0.5,,,,,,,,,0.8758671086324237,0.9267061641096688,0.0508390554772451,True,,,,,,,,,3.0,4.0,1.0,True,,,,
edit_latent_scaffold_source_rerank,mpair_00001116_cond_00_2p,mpair_00001116,eval,2,"HBA,RB",COc1ccc(N2CCN(CCC3NC(=O)c4ccccc43)CC2)cc1,O=C1NC(CCN2CCN(c3ccccc3)CC2)c2ccccc21,COc1ccc(N2CCN(CCC3NC(=O)c4ccccc43)CC2)cc1,O=C1NC(CCN2CCN(c3ccccc3)CC2)c2ccccc21,O=C1NC(CCN2CCN(c3ccccc3)CC2)c2ccccc21,True,True,True,source_identity,1.0,0.7708333333333334,,,,,,,,,,,,,,,,,,,,,3.0,4.0,1.0,True,4.0,5.0,1.0,True
edit_latent_scaffold_source_rerank,mpair_00001119_cond_01_2p,mpair_00001119,eval,2,"HBA,RB",O=C1NC(CCN2CCN(c3ccccc3)CC2)c2ccccc21,COc1ccc(N2CCN(CCC3NC(=O)c4ccccc43)CC2)cc1,O=C1NC(CCN2CCN(c3ccccc3)CC2)c2ccccc21,O=C1NC(CCN2CCN(c3ccccc3)CC2)c2ccccc21,O=C1NC(CCN2CCN(c3ccccc3)CC2)c2ccccc21,True,True,True,source_identity,1.0,0.7708333333333334,,,,,,,,,,,,,,,,,,,,,4.0,3.0,1.0,True,5.0,4.0,1.0,True
edit_latent_scaffold_source_rerank,mpair_00001121_cond_00_2p,mpair_00001121,eval,2,"MW,QED",O=C1NC(CCN2CCN(c3ccccc3)CC2)c2ccccc21,CN1C(=O)c2ccccc2C1CCN1CCN(c2ccc(Cl)cc2)CC1,O=C1NC(CCN2CCN(c3ccccc3)CC2)c2ccccc21,O=C1NC(CCN2CCN(c3ccccc3)CC2)c2ccccc21,O=C1NC(CCN2CCN(c3ccccc3)CC2)c2ccccc21,True,False,False,source_identity,1.0,0.4909090909090909,369.8960000000001,321.4240000000001,48.47199999999998,False,,,,,0.8221231339252668,0.9403172855884846,0.11819415166321778,False,,,,,,,,,,,,,,,,
edit_latent_scaffold_source_rerank,mpair_00001122_cond_02_2p,mpair_00001122,eval,2,"QED,HBD",COc1ccc(N2CCN(CCC3c4ccccc4C(=O)N3C)CC2)cc1,COc1ccc(N2CCN(CCC3NC(=O)c4ccccc43)CC2)cc1,COc1ccc(N2CCN(CCC3c4ccccc4C(=O)N3C)CC2)cc1,O=C1NC(CCN2CCN(c3ccccc3)CC2)c2ccccc21,O=C1NC(CCN2CCN(c3ccccc3)CC2)c2ccccc21,True,True,True,source_identity,1.0,0.6545454545454545,,,,,,,,,0.8996022198661571,0.8160326048332845,0.08356961503287252,True,,,,,1.0,0.0,1.0,True,,,,,,,,
edit_latent_scaffold_source_rerank,mpair_00001126_cond_00_2p,mpair_00001126,eval,2,"LogP,HBA",Cc1ccc(N2CCN(CCC3NC(=O)c4ccccc43)CC2)cc1C,COc1ccc(N2CCN(CCC3NC(=O)c4ccccc43)CC2)cc1,Cc1ccc(N2CCN(CCC3NC(=O)c4ccccc43)CC2)cc1C,O=C1NC(CCN2CCN(c3ccccc3)CC2)c2ccccc21,O=C1NC(CCN2CCN(c3ccccc3)CC2)c2ccccc21,True,True,True,source_identity,1.0,0.7037037037037037,,,,,2.692000000000001,3.3002400000000023,0.6082400000000012,True,,,,,,,,,,,,,4.0,3.0,1.0,True,,,,
edit_latent_scaffold_source_rerank,mpair_00001129_cond_00_2p,mpair_00001129,eval,2,"QED,HBD",Cc1ccc(N2CCN(CCC3NC(=O)c4ccccc43)CC2)cc1C,CN1C(=O)c2ccccc2C1CCN1CCN(c2ccc(Cl)cc2)CC1,Cc1ccc(N2CCN(CCC3NC(=O)c4ccccc43)CC2)cc1C,O=C1NC(CCN2CCN(c3ccccc3)CC2)c2ccccc21,O=C1NC(CCN2CCN(c3ccccc3)CC2)c2ccccc21,True,True,True,source_identity,1.0,0.45901639344262296,,,,,,,,,0.8221231339252668,0.9198864151307602,0.09776328120549338,True,,,,,0.0,1.0,1.0,True,,,,,,,,
edit_latent_scaffold_source_rerank,mpair_00001130_cond_02_2p,mpair_00001130,eval,2,"LogP,RB",COc1ccc(N2CCN(CCC3c4ccccc4C(=O)N3C)CC2)cc1,CN1C(=O)c2ccccc2C1CCN1CCN(c2ccc(Cl)cc2)CC1,COc1ccc(N2CCN(CCC3c4ccccc4C(=O)N3C)CC2)cc1,O=C1NC(CCN2CCN(c3ccccc3)CC2)c2ccccc21,O=C1NC(CCN2CCN(c3ccccc3)CC2)c2ccccc21,True,True,True,source_identity,1.0,0.76,,,,,3.679000000000003,3.034200000000002,0.6448000000000009,True,,,,,,,,,,,,,,,,,4.0,5.0,1.0,True
edit_latent_scaffold_source_rerank,mpair_00001134_cond_02_2p,mpair_00001134,eval,2,"MW,QED",FC(F)(F)c1cccc(N2CCN(c3nc4ccsc4n4cccc34)CC2)c1,Fc1ccc(N2CCN(c3nc4ccsc4n4cccc34)CC2)cc1,Clc1ccc(N2CCN(c3nc4ccsc4n4cccc34)CC2)cc1,c1ccc(N2CCN(c3nc4ccsc4n4cccc34)CC2)cc1,c1ccc(N2CCN(c3nc4ccsc4n4cccc34)CC2)cc1,True,True,True,,0.6363636363636364,0.7872340425531915,352.43800000000016,368.89300000000014,16.454999999999984,True,,,,,0.5445182992427106,0.5191234865371509,0.025394812705559655,True,,,,,,,,,,,,,,,,
edit_latent_scaffold_source_rerank,mpair_00001617_cond_01_2p,mpair_00001617,eval,2,"QED,RB",Cc1cc(F)cc2c1OCc1c-2ccc2c1C(C)CC(C)(C)N2,CC1CC(C)(C)Nc2ccc3c(c21)COc1c-3cc(F)cc1[N+](=O)[O-],Cc1cc(F)cc2c1OCc1c-2ccc2c1C(C)CC(C)(C)N2,c1ccc2c(c1)OCc1c-2ccc2c1CCCN2,c1ccc2c(c1)OCc1c-2ccc2c1CCCN2,True,False,False,source_identity,1.0,0.7192982456140351,,,,,,,,,0.5855235809891088,0.7039179552802654,0.11839437429115651,False,,,,,,,,,,,,,1.0,0.0,1.0,True
edit_latent_scaffold_source_rerank,mpair_00001643_cond_01_2p,mpair_00001643,eval,2,"MW,QED",C=C(Br)CC1(C(C)C)C(=O)NC(=O)N(C)C1=O,C=CCC1(C(C)C#CCC)C(=O)NC(=O)N(C)C1=O,CCC(C)C1(CC)C(=O)NC(=O)NC1=O,O=C1CC(=O)NC(=O)N1,O=C1CC(=O)NC(=O)N1,True,False,False,,0.27906976744186046,0.2708333333333333,262.30899999999997,212.249,50.059999999999974,False,,,,,0.47348972477403223,0.6791427219817272,0.20565299720769498,False,,,,,,,,,,,,,,,,
edit_latent_scaffold_source_rerank,mpair_00002259_cond_00_2p,mpair_00002259,eval,2,"LogP,QED",Cc1ccccc1NC(=O)c1c(C)n(-c2ccccc2C)c(C)cc1=O,Cc1cccc(C)c1NC(=O)c1c(C)n(-c2c(C)cccc2C)c(C)cc1=O,Cc1c(Br)c(=O)c(C(=O)Nc2ccccc2)c(C)n1-c1ccccc1,O=C(Nc1ccccc1)c1cn(-c2ccccc2)ccc1=O,O=C(Nc1ccccc1)c1cn(-c2ccccc2)ccc1=O,True,True,True,,0.35714285714285715,0.34545454545454546,,,,,4.940320000000004,4.469140000000003,0.47118000000000126,True,0.7058233303377046,0.709239916031685,0.0034165856939804007,True,,,,,,,,,,,,,,,,
edit_latent_scaffold_source_rerank,mpair_00002372_cond_00_2p,mpair_00002372,eval,2,"HBA,RB",CCCCCNC(=O)Nc1c(SCCCn2cnc(-c3ccccc3)c2C)cccc1N(C)C,CCCCCNC(=O)Nc1c(C)cccc1SCCCn1cnc(-c2ccccc2)c1C,CCCCCNC(=O)Nc1c(SCCCn2cnc(-c3ccccc3)c2C)cccc1N(C)C,c1ccc(SCCCn2cnc(-c3ccccc3)c2)cc1,c1ccc(SCCCn2cnc(-c3ccccc3)c2)cc1,True,True,True,source_identity,1.0,0.8208955223880597,,,,,,,,,,,,,,,,,,,,,4.0,5.0,1.0,True,11.0,12.0,1.0,True
edit_latent_scaffold_source_rerank,mpair_00002373_cond_02_2p,mpair_00002373,eval,2,"HBA,RB",CCCCCNC(=O)Nc1c(C)cccc1SCCCn1cnc(-c2ccccc2)c1C,CCCCCNC(=O)Nc1c(SCCCn2cnc(-c3ccccc3)c2C)cccc1N(C)C,CCCCCNC(=O)Nc1c(C)cccc1SCCCn1cnc(-c2ccccc2)c1C,c1ccc(SCCCn2cnc(-c3ccccc3)c2)cc1,c1ccc(SCCCn2cnc(-c3ccccc3)c2)cc1,True,True,True,source_identity,1.0,0.8208955223880597,,,,,,,,,,,,,,,,,,,,,5.0,4.0,1.0,True,12.0,11.0,1.0,True
edit_latent_scaffold_source_rerank,mpair_00002463_cond_02_2p,mpair_00002463,eval,2,"LogP,RB",COc1ccc(NC(=O)c2cc(OCCCN(C)C)nn2Cc2ccccc2)cc1,CN(C)CCCOc1cc(C(=O)Nc2ccc(Cl)cc2F)n(Cc2ccccc2)n1,COc1ccc(NC(=O)c2cc(OCCCN(C)C)nn2Cc2ccccc2)cc1,O=C(Nc1ccccc1)c1ccnn1Cc1ccccc1,O=C(Nc1ccccc1)c1ccnn1Cc1ccccc1,True,True,True,source_identity,1.0,0.6567164179104478,,,,,4.306700000000003,3.522800000000002,0.7839000000000009,True,,,,,,,,,,,,,,,,,9.0,10.0,1.0,True
edit_latent_scaffold_source_rerank,mpair_00002468_cond_00_2p,mpair_00002468,eval,2,"MW,QED",CN(C)CCCOc1cc(C(=O)Nc2cc(F)cc(C(F)(F)F)c2)n(Cc2ccccc2)n1,COc1ccc(NC(=O)c2cc(OCCCN(C)C)nn2Cc2ccccc2)cc1,CN(C)CCCOc1cc(C(=O)Nc2cc(F)cc(C(F)(F)F)c2)n(Cc2ccccc2)n1,O=C(Nc1ccccc1)c1ccnn1Cc1ccccc1,O=C(Nc1ccccc1)c1ccnn1Cc1ccccc1,True,False,False,source_identity,1.0,0.6764705882352942,408.50200000000007,464.4630000000001,55.96100000000001,False,,,,,0.5200250404910086,0.369385517709234,0.15063952278177462,False,,,,,,,,,,,,,,,,
edit_latent_scaffold_source_rerank,mpair_00002474_cond_02_2p,mpair_00002474,eval,2,"QED,TPSA",COc1cc(NC(=O)c2cc(OCCCN(C)C)nn2Cc2ccccc2)cc(OC)c1OC,CN(C)CCCOc1cc(C(=O)Nc2ccc(Cl)cc2F)n(Cc2ccccc2)n1,COc1cc(NC(=O)c2cc(OCCCN(C)C)nn2Cc2ccccc2)cc(OC)c1OC,O=C(Nc1ccccc1)c1ccnn1Cc1ccccc1,O=C(Nc1ccccc1)c1ccnn1Cc1ccccc1,True,False,False,source_identity,1.0,0.6376811594202898,,,,,,,,,0.5138601191048354,0.4069700768443977,0.10689004226043775,False,59.39,87.08000000000001,27.690000000000012,False,,,,,,,,,,,,
edit_latent_scaffold_source_rerank,mpair_00002477_cond_01_2p,mpair_00002477,eval,2,"QED,RB",CN(C)CCCOc1cc(C(=O)Nc2cc(F)cc(C(F)(F)F)c2)n(Cc2ccccc2)n1,CN(C)CCCOc1cc(C(=O)Nc2ccc(OC(F)(F)F)cc2)n(Cc2ccccc2)n1,CN(C)CCCOc1cc(C(=O)Nc2cc(F)cc(C(F)(F)F)c2)n(Cc2ccccc2)n1,O=C(Nc1ccccc1)c1ccnn1Cc1ccccc1,O=C(Nc1ccccc1)c1ccnn1Cc1ccccc1,True,True,True,source_identity,1.0,0.7101449275362319,,,,,,,,,0.4522382232340766,0.369385517709234,0.08285270552484258,True,,,,,,,,,,,,,10.0,9.0,1.0,True
edit_latent_scaffold_source_rerank,mpair_00002481_cond_02_2p,mpair_00002481,eval,2,"TPSA,HBA",COc1cc(NC(=O)c2cc(OCCCN(C)C)nn2Cc2ccccc2)cc(OC)c1OC,CN(C)CCCOc1cc(C(=O)Nc2cc(F)cc(C(F)(F)F)c2)n(Cc2ccccc2)n1,COc1cc(NC(=O)c2cc(OCCCN(C)C)nn2Cc2ccccc2)cc(OC)c1OC,O=C(Nc1ccccc1)c1ccnn1Cc1ccccc1,O=C(Nc1ccccc1)c1ccnn1Cc1ccccc1,True,False,False,source_identity,1.0,0.6811594202898551,,,,,,,,,,,,,59.39,87.08000000000001,27.690000000000012,False,,,,,5.0,8.0,3.0,False,,,,
edit_latent_scaffold_source_rerank,mpair_00002484_cond_02_2p,mpair_00002484,eval,2,"LogP,RB",CN(C)CCCOc1cc(C(=O)Nc2cccc(Cl)c2)n(Cc2ccccc2)n1,COc1ccc(NC(=O)c2cc(OCCCN(C)C)nn2Cc2ccccc2)cc1,CN(C)CCCOc1cc(C(=O)Nc2cccc(Cl)c2)n(Cc2ccccc2)n1,O=C(Nc1ccccc1)c1ccnn1Cc1ccccc1,O=C(Nc1ccccc1)c1ccnn1Cc1ccccc1,True,True,True,source_identity,1.0,0.7419354838709677,,,,,3.522800000000002,4.167600000000003,0.6448000000000009,True,,,,,,,,,,,,,,,,,10.0,9.0,1.0,True
edit_latent_scaffold_source_rerank,mpair_00002487_cond_02_2p,mpair_00002487,eval,2,"QED,RB",CN(C)CCCOc1cc(C(=O)Nc2ccc(OC(F)(F)F)cc2)n(Cc2ccccc2)n1,CN(C)CCCOc1cc(C(=O)Nc2cc(F)cc(C(F)(F)F)c2)n(Cc2ccccc2)n1,CN(C)CCCOc1cc(C(=O)Nc2ccc(OC(F)(F)F)cc2)n(Cc2ccccc2)n1,O=C(Nc1ccccc1)c1ccnn1Cc1ccccc1,O=C(Nc1ccccc1)c1ccnn1Cc1ccccc1,True,True,True,source_identity,1.0,0.7101449275362319,,,,,,,,,0.369385517709234,0.4522382232340766,0.08285270552484258,True,,,,,,,,,,,,,9.0,10.0,1.0,True
edit_latent_scaffold_source_rerank,mpair_00002492_cond_02_2p,mpair_00002492,eval,2,"LogP,TPSA",CC(C)OC(=O)c1cc(CO)cn1S(=O)(=O)c1cc(Cl)ccc1N,C=Cc1cc(C(=O)OCC)n(S(=O)(=O)c2cc(Cl)ccc2N)c1,N/C(S)=N/N=C/c1cccn1S(=O)(=O)c1ccccc1,O=S(=O)(c1ccccc1)n1cccc1,O=S(=O)(c1ccccc1)n1cccc1,True,False,False,,0.14666666666666667,0.16,,,,,2.7804,1.3035,1.4769,False,,,,,91.39,89.81,1.5799999999999983,True,,,,,,,,,,,,
edit_latent_scaffold_source_rerank,mpair_00002495_cond_01_2p,mpair_00002495,eval,2,"LogP,RB",O=C1C(Nc2ccccc2)=C(Cl)C(=O)c2ncncc21,CCc1ccc(NC2=C(Cl)C(=O)c3ncncc3C2=O)cc1,Cc1cccc(NC2=C(Cl)C(=O)c3ncncc3C2=O)c1,O=C1C(Nc2ccccc2)=CC(=O)c2ncncc21,O=C1C(Nc2ccccc2)=CC(=O)c2ncncc21,True,True,True,,0.7272727272727273,0.62,,,,,2.980500000000001,2.7265200000000007,0.2539800000000003,True,,,,,,,,,,,,,,,,,3.0,2.0,1.0,True
edit_latent_scaffold_source_rerank,mpair_00002497_cond_00_2p,mpair_00002497,eval,2,"MW,LogP",O=C1C(Nc2ccc(Br)cc2)=C(Cl)C(=O)c2ncncc21,O=C1C(Nc2ccccc2)=C(Cl)C(=O)c2ncncc21,Cc1ccc(NC2=C(Cl)C(=O)c3ncncc3C2=O)cc1,O=C1C(Nc2ccccc2)=CC(=O)c2ncncc21,O=C1C(Nc2ccccc2)=CC(=O)c2ncncc21,True,True,True,,0.7619047619047619,0.7560975609756098,285.69,299.71700000000004,14.027000000000044,True,2.4181,2.7265200000000007,0.3084200000000008,True,,,,,,,,,,,,,,,,,,,,
edit_latent_scaffold_source_rerank,mpair_00002499_cond_02_2p,mpair_00002499,eval,2,"MW,LogP",O=C1C(Nc2cccc(Br)c2)=C(Cl)C(=O)c2ncncc21,O=C1C(Nc2ccccc2)=C(Cl)C(=O)c2ncncc21,Cc1cccc(NC2=C(Cl)C(=O)c3ncncc3C2=O)c1,O=C1C(Nc2ccccc2)=CC(=O)c2ncncc21,O=C1C(Nc2ccccc2)=CC(=O)c2ncncc21,True,True,True,,0.7446808510638298,0.7272727272727273,285.69,299.71700000000004,14.027000000000044,True,2.4181,2.7265200000000007,0.3084200000000008,True,,,,,,,,,,,,,,,,,,,,
edit_latent_scaffold_source_rerank,mpair_00002502_cond_01_2p,mpair_00002502,eval,2,"MW,QED",O=C1C(Nc2cccc(Br)c2)=C(Cl)C(=O)c2ncncc21,CCc1ccc(NC2=C(Cl)C(=O)c3ncncc3C2=O)cc1,Cc1cccc(NC2=C(Cl)C(=O)c3ncncc3C2=O)c1,O=C1C(Nc2ccccc2)=CC(=O)c2ncncc21,O=C1C(Nc2ccccc2)=CC(=O)c2ncncc21,True,True,True,,0.7446808510638298,0.62,313.744,299.71700000000004,14.026999999999987,True,,,,,0.9428073960459649,0.9228598789693654,0.019947517076599475,True,,,,,,,,,,,,,,,,
edit_latent_scaffold_source_rerank,mpair_00002506_cond_00_2p,mpair_00002506,eval,2,"HBA,RB",Cc1ccc(C(=O)CN2c3ccccc3C(=O)N(Cc3ccccc3)S2(=O)=O)cc1,COc1ccc(C(=O)CN2c3ccccc3C(=O)N(Cc3ccccc3)S2(=O)=O)cc1,Cc1ccc(C(=O)CN2c3ccccc3C(=O)N(Cc3ccccc3)S2(=O)=O)cc1,O=C(CN1c2ccccc2C(=O)N(Cc2ccccc2)S1(=O)=O)c1ccccc1,O=C(CN1c2ccccc2C(=O)N(Cc2ccccc2)S1(=O)=O)c1ccccc1,True,True,True,source_identity,1.0,0.7843137254901961,,,,,,,,,,,,,,,,,,,,,5.0,4.0,1.0,True,6.0,5.0,1.0,True
edit_latent_scaffold_source_rerank,mpair_00002510_cond_01_2p,mpair_00002510,eval,2,"LogP,HBA",CSc1cc(-c2ccc(Br)cc2)oc(=O)c1C#N,CSc1cc(-c2ccc(Br)cc2)oc(=O)c1Cl,CSc1cc(-c2ccc(F)cc2)oc(=O)c1,O=c1cccc(-c2ccccc2)o1,O=c1cccc(-c2ccccc2)o1,True,False,False,,0.3469387755102041,0.3695652173913043,,,,,4.444600000000002,3.1678000000000024,1.2767999999999997,False,,,,,,,,,,,,,3.0,3.0,0.0,True,,,,
edit_latent_scaffold_source_rerank,mpair_00002517_cond_00_2p,mpair_00002517,eval,2,"MW,LogP",CSc1cc(-c2ccc(Cl)cc2)oc(=O)c1Br,CSc1cc(-c2ccc(Cl)cc2)oc(=O)c1,CSc1cc(-c2ccc(F)cc2)oc(=O)c1,O=c1cccc(-c2ccccc2)o1,O=c1cccc(-c2ccccc2)o1,True,True,True,,0.3695652173913043,0.7142857142857143,252.72199999999998,236.26699999999997,16.455000000000013,True,3.682100000000002,3.1678000000000024,0.5142999999999995,True,,,,,,,,,,,,,,,,,,,,
edit_latent_scaffold_source_rerank,mpair_00002525_cond_00_2p,mpair_00002525,eval,2,"QED,RB",CSc1cc(-c2ccc(Cl)cc2)oc(=O)c1C(N)=O,CSc1cc(-c2ccc(Br)cc2)oc(=O)c1C#N,CSc1cc(-c2ccc(F)cc2)oc(=O)c1,O=c1cccc(-c2ccccc2)o1,O=c1cccc(-c2ccccc2)o1,True,True,True,,0.34,0.3469387755102041,,,,,,,,,0.791886779601309,0.7501191134076561,0.04176766619365291,True,,,,,,,,,,,,,2.0,2.0,0.0,True
edit_latent_scaffold_source_rerank,mpair_00002533_cond_01_2p,mpair_00002533,eval,2,"LogP,HBA",CSc1cc(-c2ccc(Br)cc2)oc(=O)c1C#N,CSc1cc(-c2ccc(Cl)cc2)oc(=O)c1Br,CSc1cc(-c2ccc(F)cc2)oc(=O)c1,O=c1cccc(-c2ccccc2)o1,O=c1cccc(-c2ccccc2)o1,True,False,False,,0.3469387755102041,0.3695652173913043,,,,,4.444600000000001,3.1678000000000024,1.2767999999999988,False,,,,,,,,,,,,,3.0,3.0,0.0,True,,,,
edit_latent_scaffold_source_rerank,mpair_00002543_cond_00_2p,mpair_00002543,eval,2,"TPSA,HBD",CSc1cc(-c2ccc(Br)cc2)oc(=O)c1Cl,CSc1cc(-c2ccc(Cl)cc2)oc(=O)c1C(N)=O,CSc1cc(-c2ccc(F)cc2)oc(=O)c1,O=c1cccc(-c2ccccc2)o1,O=c1cccc(-c2ccccc2)o1,True,False,False,,0.3695652173913043,0.34,,,,,,,,,,,,,73.30000000000001,30.21,43.09000000000001,False,1.0,0.0,1.0,True,,,,,,,,
edit_latent_scaffold_source_rerank,mpair_00002548_cond_02_2p,mpair_00002548,eval,2,"MW,LogP",CSc1cc(-c2ccc(Cl)cc2)oc(=O)c1,CSc1cc(-c2ccc(Br)cc2)oc(=O)c1Cl,CSc1cc(-c2ccc(F)cc2)oc(=O)c1,O=c1cccc(-c2ccccc2)o1,O=c1cccc(-c2ccccc2)o1,True,False,False,,0.7142857142857143,0.3695652173913043,331.61800000000005,236.26699999999997,95.35100000000008,False,4.444600000000002,3.1678000000000024,1.2767999999999997,False,,,,,,,,,,,,,,,,,,,,
edit_latent_scaffold_source_rerank,mpair_00002558_cond_00_2p,mpair_00002558,eval,2,"MW,HBA",CSc1nc(-c2ccc(OC(F)(F)F)cc2)nn1C(=O)N(C)c1ccccc1,CSc1nc(-c2ccc(Cl)cc2)nn1C(=O)N(C)c1ccccc1,CSc1nc(-c2ccc(OC(F)(F)F)cc2)nn1C(=O)N(C)c1ccccc1,O=C(Nc1ccccc1)n1cnc(-c2ccccc2)n1,O=C(Nc1ccccc1)n1cnc(-c2ccccc2)n1,True,False,False,source_identity,1.0,0.7037037037037037,358.85400000000004,408.4050000000001,49.551000000000045,False,,,,,,,,,,,,,,,,,5.0,6.0,1.0,True,,,,
edit_latent_scaffold_source_rerank,mpair_00002561_cond_02_2p,mpair_00002561,eval,2,"LogP,RB",CSc1nc(-c2ccc(C)cc2)nn1C(=O)N(C)c1ccccc1,CN(C(=O)n1nc(-c2ccc(Cl)cc2)nc1SCC(F)(F)F)c1ccccc1,CSc1nc(-c2ccc(C)cc2)nn1C(=O)N(C)c1ccccc1,O=C(Nc1ccccc1)n1cnc(-c2ccccc2)n1,O=C(Nc1ccccc1)n1cnc(-c2ccccc2)n1,True,False,False,source_identity,1.0,0.5862068965517241,,,,,5.357400000000003,4.079920000000002,1.2774800000000006,False,,,,,,,,,,,,,,,,,4.0,3.0,1.0,True
edit_latent_scaffold_source_rerank,mpair_00002564_cond_00_2p,mpair_00002564,eval,2,"LogP,HBA",CSc1nc(-c2ccc(OC(F)(F)F)cc2)nn1C(=O)N(C)c1ccccc1,CN(C(=O)n1nc(-c2ccc(Cl)cc2)nc1SCC(F)(F)F)c1ccccc1,CSc1nc(-c2ccc(OC(F)(F)F)cc2)nn1C(=O)N(C)c1ccccc1,O=C(Nc1ccccc1)n1cnc(-c2ccccc2)n1,O=C(Nc1ccccc1)n1cnc(-c2ccccc2)n1,True,True,True,source_identity,1.0,0.5967741935483871,,,,,5.357400000000003,4.670100000000003,0.6872999999999996,True,,,,,,,,,,,,,5.0,6.0,1.0,True,,,,
edit_latent_scaffold_source_rerank,mpair_00002566_cond_02_2p,mpair_00002566,eval,2,"HBD,RB",COc1cc(C(=O)N2CCN(C(=O)c3cc(OC)c(OC)c(OC)c3)C(COC(=O)CC(C)(C)C)C2)cc(OC)c1OC,COc1cc(C(=O)N2CCN(C(=O)c3cc(OC)c(OC)c(OC)c3)C(COC(=O)NCCC(C)C)C2)cc(OC)c1OC,COc1cc(C(=O)N2CCN(C(=O)c3cc(OC)c(OC)c(OC)c3)C(COC(=O)CC(C)(C)C)C2)cc(OC)c1OC,O=C(c1ccccc1)N1CCN(C(=O)c2ccccc2)CC1,O=C(c1ccccc1)N1CCN(C(=O)c2ccccc2)CC1,True,False,False,source_identity,1.0,0.6451612903225806,,,,,,,,,,,,,,,,,1.0,0.0,1.0,True,,,,,13.0,11.0,2.0,False
edit_latent_scaffold_source_rerank,mpair_00002569_cond_02_2p,mpair_00002569,eval,2,"TPSA,HBA",COc1cc(C(=O)N2CCN(C(=O)c3cc(OC)c(OC)c(OC)c3)CC2)cc(OC)c1OC,COc1cc(C(=O)N2CCN(C(=O)c3cc(OC)c(OC)c(OC)c3)C(CO)C2)cc(OC)c1OC,COc1cc(C(=O)N2CCN(C(=O)c3cc(OC)c(OC)c(OC)c3)CC2)cc(OC)c1OC,O=C(c1ccccc1)N1CCN(C(=O)c2ccccc2)CC1,O=C(c1ccccc1)N1CCN(C(=O)c2ccccc2)CC1,True,False,False,source_identity,1.0,0.6341463414634146,,,,,,,,,,,,,116.23000000000002,96.00000000000001,20.230000000000004,False,,,,,9.0,8.0,1.0,True,,,,
edit_latent_scaffold_source_rerank,mpair_00002573_cond_01_2p,mpair_00002573,eval,2,"LogP,RB",COc1cc(C(=O)N2CCN(C(=O)c3cc(OC)c(OC)c(OC)c3)C(COC(=O)CC(C)(C)C)C2)cc(OC)c1OC,COc1cc(C(=O)N2CCN(C(=O)c3cc(OC)c(OC)c(OC)c3)C(COC(C)=O)C2)cc(OC)c1OC,COc1cc(C(=O)N2CCN(C(=O)c3cc(OC)c(OC)c(OC)c3)C(COC(=O)CC(C)(C)C)C2)cc(OC)c1OC,O=C(c1ccccc1)N1CCN(C(=O)c2ccccc2)CC1,O=C(c1ccccc1)N1CCN(C(=O)c2ccccc2)CC1,True,False,False,source_identity,1.0,0.7547169811320755,,,,,2.2681000000000004,3.684400000000003,1.4163000000000023,False,,,,,,,,,,,,,,,,,10.0,11.0,1.0,True
edit_latent_scaffold_source_rerank,mpair_00002575_cond_02_2p,mpair_00002575,eval,2,"LogP,QED",COc1cc(C(=O)N2CCN(C(=O)c3cc(OC)c(OC)c(OC)c3)C(COC(C)=O)C2)cc(OC)c1OC,COc1cc(C(=O)N2CCN(C(=O)c3cc(OC)c(OC)c(OC)c3)C(COC(=O)CC(C)(C)C)C2)cc(OC)c1OC,COc1cc(C(=O)N2CCN(C(=O)c3cc(OC)c(OC)c(OC)c3)C(COC(C)=O)C2)cc(OC)c1OC,O=C(c1ccccc1)N1CCN(C(=O)c2ccccc2)CC1,O=C(c1ccccc1)N1CCN(C(=O)c2ccccc2)CC1,True,False,False,source_identity,1.0,0.7547169811320755,,,,,3.684400000000003,2.2681000000000004,1.4163000000000023,False,0.3521539372279048,0.41028124355120477,0.05812730632329999,True,,,,,,,,,,,,,,,,
edit_latent_scaffold_source_rerank,mpair_00002578_cond_00_2p,mpair_00002578,eval,2,"LogP,RB",CCN(CC)C(=O)OCC1CN(C(=O)c2cc(OC)c(OC)c(OC)c2)CCN1C(=O)c1cc(OC)c(OC)c(OC)c1,COc1cc(C(=O)N2CCN(C(=O)c3cc(OC)c(OC)c(OC)c3)C(COC(=O)CC(C)(C)C)C2)cc(OC)c1OC,CCN(CC)C(=O)OCC1CN(C(=O)c2cc(OC)c(OC)c(OC)c2)CCN1C(=O)c1cc(OC)c(OC)c(OC)c1,O=C(c1ccccc1)N1CCN(C(=O)c2ccccc2)CC1,O=C(c1ccccc1)N1CCN(C(=O)c2ccccc2)CC1,True,True,True,source_identity,1.0,0.6896551724137931,,,,,3.684400000000003,3.1834000000000024,0.5010000000000003,True,,,,,,,,,,,,,,,,,11.0,12.0,1.0,True
edit_latent_scaffold_source_rerank,mpair_00002585_cond_02_2p,mpair_00002585,eval,2,"TPSA,RB",COc1cc(C(=O)N2CCN(C(=O)c3cc(OC)c(OC)c(OC)c3)C(COC(C)=O)C2)cc(OC)c1OC,COc1cc(C(=O)N2CCN(C(=O)c3cc(OC)c(OC)c(OC)c3)CC2)cc(OC)c1OC,COc1cc(C(=O)N2CCN(C(=O)c3cc(OC)c(OC)c(OC)c3)C(COC(C)=O)C2)cc(OC)c1OC,O=C(c1ccccc1)N1CCN(C(=O)c2ccccc2)CC1,O=C(c1ccccc1)N1CCN(C(=O)c2ccccc2)CC1,True,False,False,source_identity,1.0,0.5777777777777777,,,,,,,,,,,,,96.00000000000001,122.30000000000001,26.299999999999997,False,,,,,,,,,8.0,10.0,2.0,False
edit_latent_scaffold_source_rerank,mpair_00002595_cond_02_2p,mpair_00002595,eval,2,"TPSA,HBA",COc1cc(C(=O)N2CCN(C(=O)c3cc(OC)c(OC)c(OC)c3)CC2)cc(OC)c1OC,COc1cc(C(=O)N2CCN(C(=O)c3cc(OC)c(OC)c(OC)c3)C(COC(=O)CC(C)(C)C)C2)cc(OC)c1OC,COc1cc(C(=O)N2CCN(C(=O)c3cc(OC)c(OC)c(OC)c3)CC2)cc(OC)c1OC,O=C(c1ccccc1)N1CCN(C(=O)c2ccccc2)CC1,O=C(c1ccccc1)N1CCN(C(=O)c2ccccc2)CC1,True,False,False,source_identity,1.0,0.52,,,,,,,,,,,,,122.30000000000001,96.00000000000001,26.299999999999997,False,,,,,10.0,8.0,2.0,False,,,,
edit_latent_scaffold_source_rerank,mpair_00002599_cond_00_2p,mpair_00002599,eval,2,"TPSA,HBA",COc1ccc(C(=O)Nc2c(Cl)cncc2Cl)c2ccc(C(C)=O)nc12,CCc1ccc2c(C(=O)Nc3c(Cl)cncc3Cl)ccc(OC)c2n1,COc1ccc(C(=O)Nc2c(Cl)cncc2Cl)c2ccc(C(C)=O)nc12,O=C(Nc1ccncc1)c1cccc2ncccc12,O=C(Nc1ccncc1)c1cccc2ncccc12,True,True,True,source_identity,1.0,0.7222222222222222,,,,,,,,,,,,,64.11,81.17999999999999,17.069999999999993,True,,,,,4.0,5.0,1.0,True,,,,
edit_latent_scaffold_source_rerank,mpair_00002602_cond_00_2p,mpair_00002602,eval,2,"TPSA,HBD",COc1ccc(C(=O)Nc2ccncc2Cl)c2ccc(C(F)(F)F)nc12,COc1ccc(C(=O)Nc2c(Cl)cncc2Cl)c2ccc(C(C)O)nc12,COc1ccc(C(=O)Nc2ccncc2Cl)c2ccc(C(F)(F)F)nc12,O=C(Nc1ccncc1)c1cccc2ncccc12,O=C(Nc1ccncc1)c1cccc2ncccc12,True,False,False,source_identity,1.0,0.5230769230769231,,,,,,,,,,,,,84.34,64.11,20.230000000000004,False,2.0,1.0,1.0,True,,,,,,,,
edit_latent_scaffold_source_rerank,mpair_00002604_cond_01_2p,mpair_00002604,eval,2,"TPSA,HBA",CCc1ccc2c(C(=O)Nc3c(Cl)cncc3Cl)ccc(OC)c2n1,COc1ccc(C(=O)Nc2c(Cl)cncc2Cl)c2ccc(C(C)=O)nc12,CCc1ccc2c(C(=O)Nc3c(Cl)cncc3Cl)ccc(OC)c2n1,O=C(Nc1ccncc1)c1cccc2ncccc12,O=C(Nc1ccncc1)c1cccc2ncccc12,True,True,True,source_identity,1.0,0.7222222222222222,,,,,,,,,,,,,81.17999999999999,64.11,17.069999999999993,True,,,,,5.0,4.0,1.0,True,,,,
edit_latent_scaffold_source_rerank,mpair_00002609_cond_00_2p,mpair_00002609,eval,2,"LogP,QED",COc1ccc(C(=O)Nc2c(Cl)cncc2Cl)c2cccnc12,CCc1ccc2c(C(=O)Nc3c(Cl)cncc3Cl)ccc(OC)c2n1,COc1ccc(C(=O)Nc2c(Cl)cncc2Cl)c2cccnc12,O=C(Nc1ccncc1)c1cccc2ncccc12,O=C(Nc1ccncc1)c1cccc2ncccc12,True,True,True,source_identity,1.0,0.6545454545454545,,,,,4.759900000000003,4.1975000000000025,0.5624000000000002,True,0.7131894410136064,0.7706046174674384,0.057415176453831984,True,,,,,,,,,,,,,,,,
edit_latent_scaffold_source_rerank,mpair_00002612_cond_02_2p,mpair_00002612,eval,2,"LogP,RB",CCc1ccc2c(C(=O)Nc3c(Cl)cncc3Cl)ccc(OC)c2n1,COc1ccc(C(=O)Nc2c(F)cncc2F)c2ccc(C(F)(F)F)nc12,CCc1ccc2c(C(=O)Nc3c(Cl)cncc3Cl)ccc(OC)c2n1,O=C(Nc1ccncc1)c1cccc2ncccc12,O=C(Nc1ccncc1)c1cccc2ncccc12,True,True,True,source_identity,1.0,0.5409836065573771,,,,,4.187700000000001,4.759900000000003,0.5722000000000014,True,,,,,,,,,,,,,,,,,3.0,4.0,1.0,True
edit_latent_scaffold_source_rerank,mpair_00002616_cond_02_2p,mpair_00002616,eval,2,"HBA,RB",COc1ccc(C(=O)Nc2c(F)cncc2F)c2ccc(C(F)(F)F)nc12,COc1ccc(C(=O)Nc2c(Cl)cncc2Cl)c2ccc(C(C)=O)nc12,COc1ccc(C(=O)Nc2c(F)cncc2F)c2ccc(C(F)(F)F)nc12,O=C(Nc1ccncc1)c1cccc2ncccc12,O=C(Nc1ccncc1)c1cccc2ncccc12,True,True,True,source_identity,1.0,0.55,,,,,,,,,,,,,,,,,,,,,5.0,4.0,1.0,True,4.0,3.0,1.0,True
edit_latent_scaffold_source_rerank,mpair_00002621_cond_01_2p,mpair_00002621,eval,2,"MW,QED",COc1ccc(C(=O)Nc2c(Cl)cncc2Cl)c2cccnc12,COc1ccc(C(=O)Nc2c(F)cncc2F)c2ccc(C(F)(F)F)nc12,COc1ccc(C(=O)Nc2c(Cl)cncc2Cl)c2cccnc12,O=C(Nc1ccncc1)c1cccc2ncccc12,O=C(Nc1ccncc1)c1cccc2ncccc12,True,False,False,source_identity,1.0,0.4918032786885246,383.276,348.1890000000001,35.08699999999993,False,,,,,0.6893032571109005,0.7706046174674384,0.0813013603565379,True,,,,,,,,,,,,,,,,
edit_latent_scaffold_source_rerank,mpair_00002624_cond_00_2p,mpair_00002624,eval,2,"LogP,QED",COc1ccc(C(=O)Nc2ccncc2Cl)c2ccc(C(F)(F)F)nc12,COc1ccc(C(=O)Nc2ccncc2Cl)c2cccnc12,COc1ccc(C(=O)Nc2ccncc2Cl)c2ccc(C(F)(F)F)nc12,O=C(Nc1ccncc1)c1cccc2ncccc12,O=C(Nc1ccncc1)c1cccc2ncccc12,True,False,False,source_identity,1.0,0.6724137931034483,,,,,3.544100000000002,4.562900000000002,1.0187999999999997,False,0.8029165077767629,0.7218484507203837,0.0810680570563792,True,,,,,,,,,,,,,,,,
edit_latent_scaffold_source_rerank,mpair_00002628_cond_02_2p,mpair_00002628,eval,2,"LogP,QED",CC(C)[C@@H](O)C(=O)N1C[C@H](c2ccccc2)C[C@H]1C(=O)N[C@@H](CC(F)F)C(=O)NCCc1c(F)cc(C(=O)O)cc1F,CC(C)CC(=O)N1C[C@H](c2ccccc2)C[C@H]1C(=O)N[C@@H](CC(F)F)C(=O)NCCc1c(F)cc(C(=O)O)cc1F,CC(C)[C@@H](O)C(=O)N1C[C@H](c2ccccc2)C[C@H]1C(=O)N[C@@H](CC(F)F)C(=O)NCCc1c(F)cc(C(=O)O)cc1F,O=C(CNC(=O)[C@@H]1C[C@@H](c2ccccc2)CN1)NCCc1ccccc1,O=C(CNC(=O)[C@@H]1C[C@@H](c2ccccc2)CN1)NCCc1ccccc1,True,False,False,source_identity,1.0,0.7916666666666666,,,,,3.892500000000002,2.8633000000000006,1.0292000000000012,False,0.3302613314122171,0.2789053789646464,0.051355952447570685,True,,,,,,,,,,,,,,,,
edit_latent_scaffold_source_rerank,mpair_00003109_cond_00_2p,mpair_00003109,eval,2,"LogP,QED",CN1CCC[C@H]1COc1cccnn1,CN1CCC[C@H]1COc1ccc(Cl)nn1,CN1CCC[C@H]1COc1cccnn1,c1cnnc(OC[C@@H]2CCCN2)c1,c1cnnc(OC[C@@H]2CCCN2)c1,True,True,True,source_identity,1.0,0.6511627906976745,,,,,1.6029999999999998,0.9495999999999998,0.6534,True,0.7864914737289573,0.7160423680458043,0.07044910568315299,True,,,,,,,,,,,,,,,,
edit_latent_scaffold_source_rerank,mpair_00003110_cond_02_2p,mpair_00003110,eval,2,"QED,RB",CCCCc1nnc2nc(C)c(C)c(=O)n2n1,Cc1nc2nnc(C(C)(C)C)nn2c(=O)c1C,CCCCc1nnc2nc(C)c(C)c(=O)n2n1,O=c1ccnc2nncnn12,O=c1ccnc2nncnn12,True,False,False,source_identity,1.0,0.5238095238095238,,,,,,,,,0.6723856505150625,0.7849999676400611,0.11261431712499859,False,,,,,,,,,,,,,0.0,3.0,3.0,False
edit_latent_scaffold_source_rerank,mpair_00003112_cond_01_2p,mpair_00003112,eval,2,"LogP,QED",Cc1nc2nnc(C(C)(C)C)nn2c(=O)c1C,Cc1nc2nncnn2c(=O)c1C,Cc1nc2nnc(C(C)(C)C)nn2c(=O)c1C,O=c1ccnc2nncnn12,O=c1ccnc2nncnn12,True,False,False,source_identity,1.0,0.48717948717948717,,,,,-0.5036600000000002,0.7938399999999997,1.2974999999999999,False,0.541825521381232,0.6723856505150625,0.13056012913383053,False,,,,,,,,,,,,,,,,
edit_latent_scaffold_source_rerank,mpair_00003201_cond_01_2p,mpair_00003201,eval,2,"HBD,HBA",O=C(O)c1ccc(NCCCCCCc2cccs2)cc1,CCOC(=O)c1ccc(NCCCCCCc2cccs2)cc1,O=C(O)c1ccc(NCCCCCCc2cccs2)cc1,c1ccc(NCCCCCCc2cccs2)cc1,c1ccc(NCCCCCCc2cccs2)cc1,True,True,True,source_identity,1.0,0.7021276595744681,,,,,,,,,,,,,,,,,1.0,2.0,1.0,True,4.0,3.0,1.0,True,,,,
edit_latent_scaffold_source_rerank,mpair_00003203_cond_01_2p,mpair_00003203,eval,2,"TPSA,HBA",N#Cc1cnn(C(=O)OCc2ccc(-c3ccccc3)cc2)c1,Cc1cnn(C(=O)OCc2ccc(-c3ccccc3)cc2)c1,N#Cc1cnn(C(=O)OCc2ccc(-c3ccccc3)cc2)c1,O=C(OCc1ccc(-c2ccccc2)cc1)n1cccn1,O=C(OCc1ccc(-c2ccccc2)cc1)n1cccn1,True,False,False,source_identity,1.0,0.6808510638297872,,,,,,,,,,,,,44.120000000000005,67.91,23.789999999999992,False,,,,,4.0,5.0,1.0,True,,,,
edit_latent_scaffold_source_rerank,mpair_00003205_cond_00_2p,mpair_00003205,eval,2,"TPSA,HBA",N#Cc1cnn(C(=O)OCc2ccc(-c3ccccc3)cc2)c1,O=C(OCc1ccc(-c2ccccc2)cc1)n1cccn1,N#Cc1cnn(C(=O)OCc2ccc(-c3ccccc3)cc2)c1,O=C(OCc1ccc(-c2ccccc2)cc1)n1cccn1,O=C(OCc1ccc(-c2ccccc2)cc1)n1cccn1,True,False,False,source_identity,1.0,0.5833333333333334,,,,,,,,,,,,,44.120000000000005,67.91,23.789999999999992,False,,,,,4.0,5.0,1.0,True,,,,
edit_latent_scaffold_source_rerank,mpair_00003208_cond_01_2p,mpair_00003208,eval,2,"QED,TPSA",NC(=O)N/N=C\c1ccccc1OCc1ccc2no[n+]([O-])c2c1,NC(=S)N/N=C/c1cccc(OCc2ccc3no[n+]([O-])c3c2)c1,NC(=O)N/N=C\c1ccccc1OCc1ccc2no[n+]([O-])c2c1,c1ccc(OCc2ccc3no[nH+]c3c2)cc1,c1ccc(OCc2ccc3no[nH+]c3c2)cc1,True,False,False,source_identity,1.0,0.5882352941176471,,,,,,,,,0.30972390933844063,0.4106849547701945,0.10096104543175388,False,112.61,129.68,17.070000000000007,True,,,,,,,,,,,,
edit_latent_scaffold_source_rerank,mpair_00003211_cond_01_2p,mpair_00003211,eval,2,"MW,LogP",CC[C@H]1OC(=O)[C@H](C)[C@@H](OC(C)=O)[C@H](C)[C@@H](OC2O[C@H](C)C[C@H](N(C)C)C2O)[C@@](C)(OC)C[C@@H](C)C(=O)[C@H](C)[C@@H](O)[C@]1(C)O,CC[C@H]1OC(=O)[C@H](C)[C@@H](O)[C@H](C)[C@@H](OC2O[C@H](C)C[C@H](N(C)C)C2O)[C@@](C)(OC)C[C@@H](C)C(=O)[C@H](C)[C@@H](O)[C@]1(C)O,CC[C@H]1OC(=O)[C@H](C)[C@@H](OC(C)=O)[C@H](C)[C@@H](OC2O[C@H](C)C[C@H](N(C)C)C2O)[C@@](C)(OC)C[C@@H](C)C(=O)[C@H](C)[C@@H](O)[C@]1(C)O,O=C1CCCCOC(=O)CCC[C@@H](OC2CCCCO2)CCC1,O=C1CCCCOC(=O)CCC[C@@H](OC2CCCCO2)CCC1,True,False,False,source_identity,1.0,0.821917808219178,589.7670000000004,631.8040000000003,42.03699999999992,False,1.5145000000000022,2.0853000000000033,0.5708000000000011,True,,,,,,,,,,,,,,,,,,,,
edit_latent_scaffold_source_rerank,mpair_00003215_cond_00_2p,mpair_00003215,eval,2,"MW,TPSA",COC(=O)c1ccc2c(Nc3ccc(Cl)cc3)nc(N3CCOCC3)nc2c1,Clc1ccc(Nc2nc(N3CCOCC3)nc3ccccc23)cc1,COC(=O)c1ccc2c(Nc3ccc(Cl)cc3)nc(N3CCOCC3)nc2c1,c1ccc(Nc2nc(N3CCOCC3)nc3ccccc23)cc1,c1ccc(Nc2nc(N3CCOCC3)nc3ccccc23)cc1,True,False,False,source_identity,1.0,0.631578947368421,340.81399999999996,398.85000000000025,58.036000000000286,False,,,,,,,,,50.28,76.58,26.299999999999997,False,,,,,,,,,,,,
edit_latent_scaffold_source_rerank,mpair_00003223_cond_00_2p,mpair_00003223,eval,2,"MW,QED",COc1ccc(S(=O)(=O)N(Cc2cccnc2)c2c(C)cc(Br)cc2C(=O)NO)cc1,COc1ccc(S(=O)(=O)N(Cc2cccnc2)c2c(C)cccc2C(=O)NO)cc1,COc1ccc(S(=O)(=O)N(Cc2cccnc2)c2c(C)cc(Br)cc2C(=O)NO)cc1,O=S(=O)(c1ccccc1)N(Cc1cccnc1)c1ccccc1,O=S(=O)(c1ccccc1)N(Cc1cccnc1)c1ccccc1,True,False,False,source_identity,1.0,0.819672131147541,427.48200000000014,506.37800000000016,78.89600000000002,False,,,,,0.44330794633881315,0.3740614499694089,0.06924649636940428,True,,,,,,,,,,,,,,,,
edit_latent_scaffold_source_rerank,mpair_00003225_cond_00_2p,mpair_00003225,eval,2,"QED,RB",COCCCN(/C(S)=C1/C(=O)c2cc(Cl)ccc2N(C)C1=O)c1ccccc1,COc1cccc(N(C)/C(S)=C2/C(=O)c3cc(Cl)ccc3N(C)C2=O)c1,COCCCN(/C(S)=C1/C(=O)c2cc(Cl)ccc2N(C)C1=O)c1ccccc1,O=C1Nc2ccccc2C(=O)/C1=C/Nc1ccccc1,O=C1Nc2ccccc2C(=O)/C1=C/Nc1ccccc1,True,False,False,source_identity,1.0,0.5846153846153846,,,,,,,,,0.4935411914533051,0.3319041471572704,0.1616370442960347,False,,,,,,,,,,,,,3.0,6.0,3.0,False
edit_latent_scaffold_source_rerank,mpair_00003226_cond_02_2p,mpair_00003226,eval,2,"QED,RB",COc1cccc(N(C)/C(S)=C2/C(=O)c3cc(Cl)ccc3N(C)C2=O)c1,COCCCN(/C(S)=C1/C(=O)c2cc(Cl)ccc2N(C)C1=O)c1ccccc1,COc1cccc(N(C)/C(S)=C2/C(=O)c3cc(Cl)ccc3N(C)C2=O)c1,O=C1Nc2ccccc2C(=O)/C1=C/Nc1ccccc1,O=C1Nc2ccccc2C(=O)/C1=C/Nc1ccccc1,True,False,False,source_identity,1.0,0.5846153846153846,,,,,,,,,0.3319041471572704,0.4935411914533051,0.1616370442960347,False,,,,,,,,,,,,,6.0,3.0,3.0,False
edit_latent_scaffold_source_rerank,mpair_00003229_cond_01_2p,mpair_00003229,eval,2,"HBD,HBA",CCCCc1nn(-c2ccccn2)c(C(=O)OCC)c1Cc1ccc(-c2ccccc2-c2nn[nH]n2)cc1,CCCCc1nn(-c2ccccn2)c(C(=O)O)c1Cc1ccc(-c2ccccc2-c2nn[nH]n2)cc1,CCCCc1nn(-c2ccccn2)c(C(=O)OCC)c1Cc1ccc(-c2ccccc2-c2nn[nH]n2)cc1,c1ccc(-n2cc(Cc3ccc(-c4ccccc4-c4nn[nH]n4)cc3)cn2)nc1,c1ccc(-n2cc(Cc3ccc(-c4ccccc4-c4nn[nH]n4)cc3)cn2)nc1,True,True,True,source_identity,1.0,0.8405797101449275,,,,,,,,,,,,,,,,,2.0,1.0,1.0,True,7.0,8.0,1.0,True,,,,
edit_latent_scaffold_source_rerank,mpair_00003534_cond_00_2p,mpair_00003534,eval,2,"QED,RB",O=S(=O)(CC(F)(F)F)N(Cc1cccnc1)c1cccc(OC(F)(F)F)c1,CC(C)Oc1cccc(N(Cc2cccnc2)S(=O)(=O)CC(F)(F)F)c1,O=S(=O)(CC(F)(F)F)N(Cc1cccnc1)c1cccc(OC(F)(F)F)c1,c1ccc(NCc2cccnc2)cc1,c1ccc(NCc2cccnc2)cc1,True,True,True,source_identity,1.0,0.7777777777777778,,,,,,,,,0.7245796953652621,0.6736163493728189,0.05096334599244323,True,,,,,,,,,,,,,7.0,6.0,1.0,True
edit_latent_scaffold_source_rerank,mpair_00003537_cond_00_2p,mpair_00003537,eval,2,"MW,QED",CC(C)COc1cccc(N(Cc2cccnc2)S(=O)(=O)CC(F)(F)F)c1,CCOC(=O)C(C)Oc1cccc(N(Cc2cccnc2)S(=O)(=O)CC(F)(F)F)c1,CC(C)COc1cccc(N(Cc2cccnc2)S(=O)(=O)CC(F)(F)F)c1,c1ccc(NCc2cccnc2)cc1,c1ccc(NCc2cccnc2)cc1,True,False,False,source_identity,1.0,0.6984126984126984,446.4470000000001,402.43800000000005,44.00900000000007,False,,,,,0.5496815697636838,0.6693605971809802,0.11967902741729641,False,,,,,,,,,,,,,,,,
edit_latent_scaffold_source_rerank,mpair_00003541_cond_02_2p,mpair_00003541,eval,2,"LogP,QED",CC(C)Oc1cccc(N(Cc2cccnc2)S(=O)(=O)CC(F)(F)F)c1,CCC(C)COc1cccc(N(Cc2cccnc2)S(=O)(=O)CC(F)(F)F)c1,CC(C)Oc1cccc(N(Cc2cccnc2)S(=O)(=O)CC(F)(F)F)c1,c1ccc(NCc2cccnc2)cc1,c1ccc(NCc2cccnc2)cc1,True,False,False,source_identity,1.0,0.7457627118644068,,,,,4.405200000000004,3.7675000000000027,0.6377000000000015,True,0.6078002459089881,0.7245796953652621,0.11677944945627405,False,,,,,,,,,,,,,,,,
edit_latent_scaffold_source_rerank,mpair_00003543_cond_01_2p,mpair_00003543,eval,2,"QED,RB",CC(C)Oc1cccc(N(Cc2cccnc2)S(=O)(=O)CC(F)(F)F)c1,COc1cccc(N(Cc2cccnc2)S(=O)(=O)CC(F)(F)F)c1,CC(C)Oc1cccc(N(Cc2cccnc2)S(=O)(=O)CC(F)(F)F)c1,c1ccc(NCc2cccnc2)cc1,c1ccc(NCc2cccnc2)cc1,True,True,True,source_identity,1.0,0.8113207547169812,,,,,,,,,0.7946521442277092,0.7245796953652621,0.07007244886244712,True,,,,,,,,,,,,,6.0,7.0,1.0,True
edit_latent_scaffold_source_rerank,mpair_00003546_cond_00_2p,mpair_00003546,eval,2,"MW,RB",COc1cccc(N(Cc2cccnc2)S(=O)(=O)CC(F)(F)F)c1,CCCC(C)Oc1cccc(N(Cc2cccnc2)S(=O)(=O)CC(F)(F)F)c1,COc1cccc(N(Cc2cccnc2)S(=O)(=O)CC(F)(F)F)c1,c1ccc(NCc2cccnc2)cc1,c1ccc(NCc2cccnc2)cc1,True,False,False,source_identity,1.0,0.7413793103448276,416.4650000000001,360.3570000000001,56.108000000000004,False,,,,,,,,,,,,,,,,,,,,,9.0,6.0,3.0,False
edit_latent_scaffold_source_rerank,mpair_00003548_cond_00_2p,mpair_00003548,eval,2,"QED,RB",CCOC(=O)C(C)Oc1cccc(N(Cc2cccnc2)S(=O)(=O)CC(F)(F)F)c1,O=S(=O)(CC(F)(F)F)N(Cc1cccnc1)c1cccc(OC(F)(F)F)c1,CCOC(=O)C(C)Oc1cccc(N(Cc2cccnc2)S(=O)(=O)CC(F)(F)F)c1,c1ccc(NCc2cccnc2)cc1,c1ccc(NCc2cccnc2)cc1,True,False,False,source_identity,1.0,0.6885245901639344,,,,,,,,,0.6736163493728189,0.5496815697636838,0.12393477960913513,False,,,,,,,,,,,,,6.0,9.0,3.0,False
edit_latent_scaffold_source_rerank,mpair_00000001_cond_02_3p,mpair_00000001,eval,3,"MW,LogP,QED",O=C(c1ccccc1C(F)(F)F)N1C[C@H](CN2CCC(c3ccccc3)CC2)[C@@H](c2ccccc2)C1,O=C(c1ccccc1F)N1C[C@H](CN2CCC(c3ccccc3)CC2)[C@@H](c2ccccc2)C1,O=C(c1ccccc1C(F)(F)F)N1C[C@H](CN2CCC(c3ccccc3)CC2)[C@@H](c2ccccc2)C1,O=C(c1ccccc1)N1C[C@H](CN2CCC(c3ccccc3)CC2)[C@@H](c2ccccc2)C1,O=C(c1ccccc1)N1C[C@H](CN2CCC(c3ccccc3)CC2)[C@@H](c2ccccc2)C1,True,False,False,source_identity,1.0,0.7592592592592593,442.57800000000015,492.5850000000002,50.00700000000006,False,5.561100000000006,6.4408000000000065,0.8797000000000006,True,0.5164092889512721,0.4092272471712491,0.10718204178002305,False,,,,,,,,,,,,,,,,
edit_latent_scaffold_source_rerank,mpair_00000009_cond_00_3p,mpair_00000009,eval,3,"LogP,HBA,RB",COc1cccc(C(=O)N2C[C@H](CN3CCC(c4ccccc4)CC3)[C@@H](c3ccccc3)C2)c1,O=C(c1cccc(Cl)c1)N1C[C@H](CN2CCC(c3ccccc3)CC2)[C@@H](c2ccccc2)C1,COc1cccc(C(=O)N2C[C@H](CN3CCC(c4ccccc4)CC3)[C@@H](c3ccccc3)C2)c1,O=C(c1ccccc1)N1C[C@H](CN2CCC(c3ccccc3)CC2)[C@@H](c2ccccc2)C1,O=C(c1ccccc1)N1C[C@H](CN2CCC(c3ccccc3)CC2)[C@@H](c2ccccc2)C1,True,True,True,source_identity,1.0,0.7413793103448276,,,,,6.075400000000006,5.430600000000005,0.6448000000000009,True,,,,,,,,,,,,,2.0,3.0,1.0,True,5.0,6.0,1.0,True
edit_latent_scaffold_source_rerank,mpair_00000014_cond_00_3p,mpair_00000014,eval,3,"MW,TPSA,HBA",O=C(O)[C@@H]1C[C@H]2C[C@@H](CCS(=O)(=O)O)CC[C@H]2CN1,O=C(O)CC[C@H]1CC[C@H]2CN[C@H](C(=O)O)C[C@H]2C1,O=C(O)[C@@H]1C[C@H]2C[C@@H](CCS(=O)(=O)O)CC[C@H]2CN1,C1CC[C@H]2CNCC[C@H]2C1,C1CC[C@H]2CNCC[C@H]2C1,True,False,False,source_identity,1.0,0.6829268292682927,255.314,291.36899999999997,36.05499999999998,False,,,,,,,,,86.63000000000001,103.7,17.069999999999993,True,,,,,3.0,4.0,1.0,True,,,,
edit_latent_scaffold_source_rerank,mpair_00000021_cond_01_3p,mpair_00000021,eval,3,"MW,TPSA,HBA",N#Cc1ccc(COC[C@H]2C3CC(c4ccc(F)cc4)(CO3)[C@@H]2C/C=C/CCCC(=O)O)cc1,O=C(O)CCC/C=C/C[C@@H]1[C@@H](COCc2ccccc2)C2CC1(c1ccccc1)CO2,N#Cc1ccc(COC[C@H]2C3CC(c4ccc(F)cc4)(CO3)[C@@H]2C/C=C/CCCC(=O)O)cc1,c1ccc(COC[C@@H]2CC3(c4ccccc4)COC2C3)cc1,c1ccc(COC[C@@H]2CC3(c4ccccc4)COC2C3)cc1,True,False,False,source_identity,1.0,0.7391304347826086,420.5490000000002,463.5490000000003,43.000000000000114,False,,,,,,,,,55.760000000000005,79.55,23.789999999999992,False,,,,,3.0,4.0,1.0,True,,,,
edit_latent_scaffold_source_rerank,mpair_00000328_cond_02_3p,mpair_00000328,eval,3,"MW,LogP,QED",N[C@@H](C(=O)N[C@@H]1C(=O)N2C(C(=O)O)=C(C(F)(F)F)CC[C@H]12)c1ccc(F)cc1,N[C@@H](C(=O)N[C@@H]1C(=O)N2C(C(=O)O)=C(C(F)(F)F)CC[C@H]12)c1cccc(Br)c1,N[C@@H](C(=O)N[C@@H]1C(=O)N2C(C(=O)O)=C(C(F)(F)F)CC[C@H]12)c1ccc(F)cc1,O=C(Cc1ccccc1)N[C@@H]1C(=O)N2C=CCC[C@H]12,O=C(Cc1ccccc1)N[C@@H]1C(=O)N2C=CCC[C@H]12,True,False,False,source_identity,1.0,0.7377049180327869,462.2220000000001,401.3160000000001,60.906000000000006,False,1.8392999999999997,1.2158999999999993,0.6234000000000004,True,0.5917241763797754,0.5187711593734389,0.0729530170063365,True,,,,,,,,,,,,,,,,
edit_latent_scaffold_source_rerank,mpair_00000331_cond_00_3p,mpair_00000331,eval,3,"TPSA,HBD,HBA",N[C@@H](C(=O)N[C@@H]1C(=O)N2C(C(=O)O)=C(C(F)(F)F)CC[C@H]12)c1ccc(O)cc1,N[C@@H](C(=O)N[C@@H]1C(=O)N2C(C(=O)O)=C(C(F)(F)F)CC[C@H]12)c1ccc(F)cc1,N[C@@H](C(=O)N[C@@H]1C(=O)N2C(C(=O)O)=C(C(F)(F)F)CC[C@H]12)c1ccc(O)cc1,O=C(Cc1ccccc1)N[C@@H]1C(=O)N2C=CCC[C@H]12,O=C(Cc1ccccc1)N[C@@H]1C(=O)N2C=CCC[C@H]12,True,False,False,source_identity,1.0,0.8545454545454545,,,,,,,,,,,,,112.73,132.96,20.230000000000004,False,3.0,4.0,1.0,True,4.0,5.0,1.0,True,,,,
edit_latent_scaffold_source_rerank,mpair_00000333_cond_02_3p,mpair_00000333,eval,3,"MW,QED,RB",N[C@@H](C(=O)N[C@@H]1C(=O)N2C(C(=O)O)=C(C(F)(F)F)CC[C@H]12)c1ccc(F)cc1,CSC1=C(C(=O)O)N2C(=O)[C@@H](NC(=O)[C@H](N)c3ccccc3)[C@H]2CC1,N[C@@H](C(=O)N[C@@H]1C(=O)N2C(C(=O)O)=C(C(F)(F)F)CC[C@H]12)c1ccc(F)cc1,O=C(Cc1ccccc1)N[C@@H]1C(=O)N2C=CCC[C@H]12,O=C(Cc1ccccc1)N[C@@H]1C(=O)N2C=CCC[C@H]12,True,False,False,source_identity,1.0,0.5873015873015873,361.42300000000006,401.3160000000001,39.89300000000003,False,,,,,0.6699274889764619,0.5187711593734389,0.15115632960302305,False,,,,,,,,,,,,,5.0,4.0,1.0,True
edit_latent_scaffold_source_rerank,mpair_00000591_cond_02_3p,mpair_00000591,eval,3,"TPSA,HBD,HBA",OC[C@@H]1N[C@@H](CCCCc2ccc(F)cc2)[C@H](O)[C@H]1O,OC[C@@H]1N[C@@H](CCCCc2ccc(O)cc2)[C@H](O)[C@H]1O,OC[C@@H]1N[C@@H](CCCCc2ccc(F)cc2)[C@H](O)[C@H]1O,c1ccc(CCCC[C@H]2CCCN2)cc1,c1ccc(CCCC[C@H]2CCCN2)cc1,True,False,False,source_identity,1.0,0.7567567567567568,,,,,,,,,,,,,92.95,72.72,20.230000000000004,False,5.0,4.0,1.0,True,5.0,4.0,1.0,True,,,,
edit_latent_scaffold_source_rerank,mpair_00000599_cond_02_3p,mpair_00000599,eval,3,"QED,TPSA,RB",CC1=C(C)C(=O)C(C(c2ccccc2)c2cccnc2)=C(C)C1=O,CC1=C(C)C(=O)C(C(c2cccnc2)c2cccc(/C=C/C(=O)O)c2)=C(C)C1=O,CC1=C(C)C(=O)C(C(c2ccccc2)c2cccnc2)=C(C)C1=O,O=C1C=CC(=O)C(C(c2ccccc2)c2cccnc2)=C1,O=C1C=CC(=O)C(C(c2ccccc2)c2cccnc2)=C1,True,False,False,source_identity,1.0,0.6326530612244898,,,,,,,,,0.6163061688930161,0.803366149239095,0.18705998034607885,False,84.33000000000001,47.03,37.30000000000001,False,,,,,,,,,5.0,3.0,2.0,False
edit_latent_scaffold_source_rerank,mpair_00000735_cond_01_3p,mpair_00000735,eval,3,"LogP,QED,HBD",C=CCc1cc(/C=C2\SC(=O)N(CC=C(C)C)C2=O)c(OC)cc1OC1CCCCO1,C=CCc1cc(/C=C2\SC(=O)NC2=O)c(OC)cc1OC1CCCCO1,C=CCc1cc(/C=C2\SC(=O)N(CC=C(C)C)C2=O)c(OC)cc1OC1CCCCO1,O=C1NC(=O)/C(=C/c2ccc(OC3CCCCO3)cc2)S1,O=C1NC(=O)/C(=C/c2ccc(OC3CCCCO3)cc2)S1,True,False,False,source_identity,1.0,0.647887323943662,,,,,3.6530000000000022,5.331600000000005,1.678600000000003,False,0.6042673504148035,0.3995752918375223,0.20469205857728123,False,,,,,1.0,0.0,1.0,True,,,,,,,,
edit_latent_scaffold_source_rerank,mpair_00000741_cond_00_3p,mpair_00000741,eval,3,"LogP,QED,RB",C=CCc1cc(/C=C2\SC(=O)N(C)C2=O)c(OC)cc1OC1CCCCO1,C=CCc1cc(/C=C2\SC(=O)N(C(C)C)C2=O)c(OC)cc1OC1CCCCO1,C=CCc1cc(/C=C2\SC(=O)N(C)C2=O)c(OC)cc1OC1CCCCO1,O=C1NC(=O)/C(=C/c2ccc(OC3CCCCO3)cc2)S1,O=C1NC(=O)/C(=C/c2ccc(OC3CCCCO3)cc2)S1,True,True,True,source_identity,1.0,0.796875,,,,,4.773800000000004,3.9952000000000023,0.7786000000000017,True,0.4701504427149941,0.5413211960634129,0.07117075334841877,True,,,,,,,,,,,,,7.0,6.0,1.0,True
edit_latent_scaffold_source_rerank,mpair_00000744_cond_02_3p,mpair_00000744,eval,3,"LogP,QED,RB",C=CCc1cc(/C=C2\SC(=O)N(CC=C(C)C)C2=O)c(OC)cc1OC1CCCCO1,C=CCc1cc(/C=C2\SC(=O)N(C(C)C)C2=O)c(OC)cc1OC1CCCCO1,C=CCc1cc(/C=C2\SC(=O)N(CC=C(C)C)C2=O)c(OC)cc1OC1CCCCO1,O=C1NC(=O)/C(=C/c2ccc(OC3CCCCO3)cc2)S1,O=C1NC(=O)/C(=C/c2ccc(OC3CCCCO3)cc2)S1,True,True,True,source_identity,1.0,0.7183098591549296,,,,,4.773800000000004,5.331600000000005,0.5578000000000012,True,0.4701504427149941,0.3995752918375223,0.07057515087747185,True,,,,,,,,,,,,,7.0,8.0,1.0,True
edit_latent_scaffold_source_rerank,mpair_00000748_cond_00_3p,mpair_00000748,eval,3,"LogP,QED,RB",C=CCc1cc(/C=C2\SC(=O)N(C)C2=O)c(OC)cc1OC1CCCCO1,C=CCc1cc(/C=C2\SC(=O)N(CC=C)C2=O)c(OC)cc1OC1CCCCO1,C=CCc1cc(/C=C2\SC(=O)N(C)C2=O)c(OC)cc1OC1CCCCO1,O=C1NC(=O)/C(=C/c2ccc(OC3CCCCO3)cc2)S1,O=C1NC(=O)/C(=C/c2ccc(OC3CCCCO3)cc2)S1,True,False,False,source_identity,1.0,0.8095238095238095,,,,,4.551400000000004,3.9952000000000023,0.5562000000000014,True,0.45838471716690443,0.5413211960634129,0.08293647889650846,True,,,,,,,,,,,,,8.0,6.0,2.0,False
edit_latent_scaffold_source_rerank,mpair_00000750_cond_02_3p,mpair_00000750,eval,3,"MW,TPSA,HBA",COC(=O)C[C@@H]1CC(=O)N2[C@H](Cc3c[nH]c4ccccc34)CO[C@@H]2C1,O=C1CCC[C@H]2OC[C@@H](Cc3c[nH]c4ccccc34)N12,COC(=O)C[C@@H]1CC(=O)N2[C@H](Cc3c[nH]c4ccccc34)CO[C@@H]2C1,O=C1CCC[C@H]2OC[C@@H](Cc3c[nH]c4ccccc34)N12,O=C1CCC[C@H]2OC[C@@H](Cc3c[nH]c4ccccc34)N12,True,False,False,source_identity,1.0,0.578125,270.33200000000005,342.39500000000015,72.0630000000001,False,,,,,,,,,45.330000000000005,71.63000000000001,26.300000000000004,False,,,,,2.0,4.0,2.0,False,,,,
edit_latent_scaffold_source_rerank,mpair_00001115_cond_02_3p,mpair_00001115,eval,3,"HBD,HBA,RB",COc1ccc(N2CCN(CCC3NC(=O)c4ccccc43)CC2)cc1,CN1C(=O)c2ccccc2C1CCN1CCN(c2ccc(Cl)cc2)CC1,COc1ccc(N2CCN(CCC3NC(=O)c4ccccc43)CC2)cc1,O=C1NC(CCN2CCN(c3ccccc3)CC2)c2ccccc21,O=C1NC(CCN2CCN(c3ccccc3)CC2)c2ccccc21,True,True,True,source_identity,1.0,0.48333333333333334,,,,,,,,,,,,,,,,,0.0,1.0,1.0,True,3.0,4.0,1.0,True,4.0,5.0,1.0,True
edit_latent_scaffold_source_rerank,mpair_00001126_cond_02_3p,mpair_00001126,eval,3,"LogP,HBA,RB",Cc1ccc(N2CCN(CCC3NC(=O)c4ccccc43)CC2)cc1C,COc1ccc(N2CCN(CCC3NC(=O)c4ccccc43)CC2)cc1,Cc1ccc(N2CCN(CCC3NC(=O)c4ccccc43)CC2)cc1C,O=C1NC(CCN2CCN(c3ccccc3)CC2)c2ccccc21,O=C1NC(CCN2CCN(c3ccccc3)CC2)c2ccccc21,True,True,True,source_identity,1.0,0.7037037037037037,,,,,2.692000000000001,3.3002400000000023,0.6082400000000012,True,,,,,,,,,,,,,4.0,3.0,1.0,True,5.0,4.0,1.0,True
edit_latent_scaffold_source_rerank,mpair_00001133_cond_00_3p,mpair_00001133,eval,3,"QED,TPSA,HBA",COc1ccccc1CC(=O)NCCC1CCN(CC2COc3ccccc3O2)CC1,O=C(Cc1ccccc1[N+](=O)[O-])NCCC1CCN(CC2COc3ccccc3O2)CC1,COc1ccccc1CC(=O)NCCC1CCN(CC2COc3ccccc3O2)CC1,O=C(Cc1ccccc1)NCCC1CCN(CC2COc3ccccc3O2)CC1,O=C(Cc1ccccc1)NCCC1CCN(CC2COc3ccccc3O2)CC1,True,False,False,source_identity,1.0,0.7164179104477612,,,,,,,,,0.5015202818225966,0.7047088784600517,0.20318859663745514,False,93.94,60.03,33.91,False,,,,,6.0,5.0,1.0,True,,,,
edit_latent_scaffold_source_rerank,mpair_00001619_cond_01_3p,mpair_00001619,eval,3,"TPSA,HBA,RB",CC1CC(C)(C)Nc2ccc3c(c21)COc1c-3cc(F)cc1[N+](=O)[O-],Cc1cc(F)cc2c1OCc1c-2ccc2c1C(C)CC(C)(C)N2,CC1CC(C)(C)Nc2ccc3c(c21)COc1c-3cc(F)cc1[N+](=O)[O-],c1ccc2c(c1)OCc1c-2ccc2c1CCCN2,c1ccc2c(c1)OCc1c-2ccc2c1CCCN2,True,False,False,source_identity,1.0,0.7192982456140351,,,,,,,,,,,,,21.259999999999998,64.39999999999999,43.13999999999999,False,,,,,2.0,4.0,2.0,False,0.0,1.0,1.0,True
edit_latent_scaffold_source_rerank,mpair_00002375_cond_00_3p,mpair_00002375,eval,3,"TPSA,HBD,HBA",COc1cccc2sc([C@@H]3C[C@H]4CC[C@@H](C3)N4C[C@H](O)COc3cccc4[nH]c(C(N)=O)cc34)cc12,COc1cccc2sc([C@@H]3C[C@H]4CC[C@@H](C3)N4C[C@H](O)COc3cccc4[nH]c(C)cc34)cc12,COc1cccc2sc([C@@H]3C[C@H]4CC[C@@H](C3)N4C[C@H](O)COc3cccc4[nH]c(C(N)=O)cc34)cc12,c1ccc2sc([C@@H]3C[C@H]4CC[C@@H](C3)N4CCCOc3cccc4[nH]ccc34)cc2c1,c1ccc2sc([C@@H]3C[C@H]4CC[C@@H](C3)N4CCCOc3cccc4[nH]ccc34)cc2c1,True,False,False,source_identity,1.0,0.7916666666666666,,,,,,,,,,,,,57.720000000000006,100.81,43.089999999999996,False,2.0,3.0,1.0,True,5.0,6.0,1.0,True,,,,
edit_latent_scaffold_source_rerank,mpair_00002464_cond_00_3p,mpair_00002464,eval,3,"QED,HBA,RB",CN(C)CCCOc1cc(C(=O)Nc2ccc(OC(F)(F)F)cc2)n(Cc2ccccc2)n1,CN(C)CCCOc1cc(C(=O)Nc2ccc(Cl)cc2F)n(Cc2ccccc2)n1,CN(C)CCCOc1cc(C(=O)Nc2ccc(OC(F)(F)F)cc2)n(Cc2ccccc2)n1,O=C(Nc1ccccc1)c1ccnn1Cc1ccccc1,O=C(Nc1ccccc1)c1ccnn1Cc1ccccc1,True,True,True,source_identity,1.0,0.6428571428571429,,,,,,,,,0.5138601191048354,0.4522382232340766,0.061621895870758836,True,,,,,,,,,5.0,6.0,1.0,True,9.0,10.0,1.0,True
edit_latent_scaffold_source_rerank,mpair_00002467_cond_02_3p,mpair_00002467,eval,3,"MW,LogP,QED",CN(C)CCCOc1cc(C(=O)Nc2ccc(OC(F)(F)F)cc2)n(Cc2ccccc2)n1,COc1ccc(NC(=O)c2cc(OCCCN(C)C)nn2Cc2ccccc2)cc1,CN(C)CCCOc1cc(C(=O)Nc2ccc(OC(F)(F)F)cc2)n(Cc2ccccc2)n1,O=C(Nc1ccccc1)c1ccnn1Cc1ccccc1,O=C(Nc1ccccc1)c1ccnn1Cc1ccccc1,True,False,False,source_identity,1.0,0.8064516129032258,408.50200000000007,462.4720000000001,53.97000000000003,False,3.522800000000002,4.412800000000003,0.8900000000000015,True,0.5200250404910086,0.4522382232340766,0.06778681725693203,True,,,,,,,,,,,,,,,,
edit_latent_scaffold_source_rerank,mpair_00002470_cond_02_3p,mpair_00002470,eval,3,"LogP,HBA,RB",CN(C)CCCOc1cc(C(=O)Nc2ccc(Cl)cc2F)n(Cc2ccccc2)n1,COc1ccc(NC(=O)c2cc(OCCCN(C)C)nn2Cc2ccccc2)cc1,CN(C)CCCOc1cc(C(=O)Nc2ccc(Cl)cc2F)n(Cc2ccccc2)n1,O=C(Nc1ccccc1)c1ccnn1Cc1ccccc1,O=C(Nc1ccccc1)c1ccnn1Cc1ccccc1,True,True,True,source_identity,1.0,0.6567164179104478,,,,,3.522800000000002,4.306700000000003,0.7839000000000009,True,,,,,,,,,,,,,6.0,5.0,1.0,True,10.0,9.0,1.0,True
edit_latent_scaffold_source_rerank,mpair_00002477_cond_00_3p,mpair_00002477,eval,3,"QED,HBA,RB",CN(C)CCCOc1cc(C(=O)Nc2cc(F)cc(C(F)(F)F)c2)n(Cc2ccccc2)n1,CN(C)CCCOc1cc(C(=O)Nc2ccc(OC(F)(F)F)cc2)n(Cc2ccccc2)n1,CN(C)CCCOc1cc(C(=O)Nc2cc(F)cc(C(F)(F)F)c2)n(Cc2ccccc2)n1,O=C(Nc1ccccc1)c1ccnn1Cc1ccccc1,O=C(Nc1ccccc1)c1ccnn1Cc1ccccc1,True,True,True,source_identity,1.0,0.7101449275362319,,,,,,,,,0.4522382232340766,0.369385517709234,0.08285270552484258,True,,,,,,,,,6.0,5.0,1.0,True,10.0,9.0,1.0,True
edit_latent_scaffold_source_rerank,mpair_00002479_cond_02_3p,mpair_00002479,eval,3,"LogP,TPSA,RB",COc1cc(NC(=O)c2cc(OCCCN(C)C)nn2Cc2ccccc2)cc(OC)c1OC,CN(C)CCCOc1cc(C(=O)Nc2cccc(Cl)c2)n(Cc2ccccc2)n1,COc1cc(NC(=O)c2cc(OCCCN(C)C)nn2Cc2ccccc2)cc(OC)c1OC,O=C(Nc1ccccc1)c1ccnn1Cc1ccccc1,O=C(Nc1ccccc1)c1ccnn1Cc1ccccc1,True,False,False,source_identity,1.0,0.71875,,,,,4.167600000000003,3.5400000000000027,0.6276000000000002,True,,,,,59.39,87.08000000000001,27.690000000000012,False,,,,,,,,,9.0,12.0,3.0,False
edit_latent_scaffold_source_rerank,mpair_00002485_cond_00_3p,mpair_00002485,eval,3,"LogP,TPSA,HBA",CN(C)CCCOc1cc(C(=O)Nc2cc(F)cc(C(F)(F)F)c2)n(Cc2ccccc2)n1,COc1cc(NC(=O)c2cc(OCCCN(C)C)nn2Cc2ccccc2)cc(OC)c1OC,CN(C)CCCOc1cc(C(=O)Nc2cc(F)cc(C(F)(F)F)c2)n(Cc2ccccc2)n1,O=C(Nc1ccccc1)c1ccnn1Cc1ccccc1,O=C(Nc1ccccc1)c1ccnn1Cc1ccccc1,True,False,False,source_identity,1.0,0.6811594202898551,,,,,3.5400000000000027,4.672100000000003,1.1321000000000003,False,,,,,87.08000000000001,59.39,27.690000000000012,False,,,,,8.0,5.0,3.0,False,,,,
edit_latent_scaffold_source_rerank,mpair_00002489_cond_02_3p,mpair_00002489,eval,3,"TPSA,HBD,HBA",C=Cc1cc(C(=O)OCC)n(S(=O)(=O)c2cc(Cl)ccc2N)c1,CCOC(=O)c1cc(C(C)O)cn1S(=O)(=O)c1cc(Cl)ccc1N,N/C(S)=N/N=C/c1cccn1S(=O)(=O)c1ccccc1,O=S(=O)(c1ccccc1)n1cccc1,O=S(=O)(c1ccccc1)n1cccc1,True,False,False,,0.16,0.14473684210526316,,,,,,,,,,,,,111.61999999999999,89.81,21.809999999999988,False,2.0,2.0,0.0,True,7.0,5.0,2.0,False,,,,
edit_latent_scaffold_source_rerank,mpair_00002500_cond_00_3p,mpair_00002500,eval,3,"MW,QED,RB",O=C1C(Nc2ccc(Br)cc2)=C(Cl)C(=O)c2ncncc21,CCc1ccc(NC2=C(Cl)C(=O)c3ncncc3C2=O)cc1,Cc1ccc(NC2=C(Cl)C(=O)c3ncncc3C2=O)cc1,O=C1C(Nc2ccccc2)=CC(=O)c2ncncc21,O=C1C(Nc2ccccc2)=CC(=O)c2ncncc21,True,True,True,,0.7619047619047619,0.75,313.744,299.71700000000004,14.026999999999987,True,,,,,0.9428073960459649,0.9228598789693654,0.019947517076599475,True,,,,,,,,,,,,,3.0,2.0,1.0,True
edit_latent_scaffold_source_rerank,mpair_00002503_cond_01_3p,mpair_00002503,eval,3,"MW,QED,RB",CCc1ccc(NC2=C(Cl)C(=O)c3ncncc3C2=O)cc1,O=C1C(Nc2ccc(Br)cc2)=C(Cl)C(=O)c2ncncc21,O=C1C(Nc2cccc(Cl)c2)=C(Cl)C(=O)c2ncncc21,O=C1C(Nc2ccccc2)=CC(=O)c2ncncc21,O=C1C(Nc2ccccc2)=CC(=O)c2ncncc21,True,False,False,,0.6122448979591837,0.6521739130434783,364.58600000000007,320.135,44.45100000000008,False,,,,,0.885902971993687,0.9205249949064266,0.034622022912739636,True,,,,,,,,,,,,,2.0,2.0,0.0,True
edit_latent_scaffold_source_rerank,mpair_00002507_cond_02_3p,mpair_00002507,eval,3,"QED,HBA,RB",O=C(CN1c2ccccc2C(=O)N(Cc2ccccc2)S1(=O)=O)c1ccccc1,COc1ccc(C(=O)CN2c3ccccc3C(=O)N(Cc3ccccc3)S2(=O)=O)cc1,O=C(CN1c2ccccc2C(=O)N(Cc2ccccc2)S1(=O)=O)c1ccccc1,O=C(CN1c2ccccc2C(=O)N(Cc2ccccc2)S1(=O)=O)c1ccccc1,O=C(CN1c2ccccc2C(=O)N(Cc2ccccc2)S1(=O)=O)c1ccccc1,True,True,True,source_identity,1.0,0.7916666666666666,,,,,,,,,0.5539335722556151,0.6096951629926923,0.055761590737077205,True,,,,,,,,,5.0,4.0,1.0,True,6.0,5.0,1.0,True
edit_latent_scaffold_source_rerank,mpair_00002524_cond_02_3p,mpair_00002524,eval,3,"LogP,TPSA,HBA",CSc1cc(-c2ccc(Br)cc2)oc(=O)c1Cl,CSc1cc(-c2ccc(Br)cc2)oc(=O)c1C#N,CSc1cc(-c2ccc(F)cc2)oc(=O)c1,O=c1cccc(-c2ccccc2)o1,O=c1cccc(-c2ccccc2)o1,True,False,False,,0.3695652173913043,0.3469387755102041,,,,,3.662880000000002,3.1678000000000024,0.49507999999999974,True,,,,,54.0,30.21,23.79,False,,,,,4.0,3.0,1.0,True,,,,
edit_latent_scaffold_source_rerank,mpair_00002556_cond_01_3p,mpair_00002556,eval,3,"MW,QED,RB",CN(C(=O)n1nc(-c2ccc(Cl)cc2)nc1SCC(F)(F)F)c1ccccc1,CSc1nc(-c2ccc(Cl)cc2)nn1C(=O)N(C)c1ccccc1,CN(C(=O)n1nc(-c2ccc(Cl)cc2)nc1SCC(F)(F)F)c1ccccc1,O=C(Nc1ccccc1)n1cnc(-c2ccccc2)n1,O=C(Nc1ccccc1)n1cnc(-c2ccccc2)n1,True,False,False,source_identity,1.0,0.7222222222222222,358.85400000000004,426.8510000000001,67.99700000000007,False,,,,,0.6499636794176425,0.5270344401044634,0.12292923931317912,False,,,,,,,,,,,,,3.0,4.0,1.0,True
edit_latent_scaffold_source_rerank,mpair_00002563_cond_01_3p,mpair_00002563,eval,3,"LogP,QED,HBA",CN(C(=O)n1nc(-c2ccc(Cl)cc2)nc1SCC(F)(F)F)c1ccccc1,CSc1nc(-c2ccc(OC(F)(F)F)cc2)nn1C(=O)N(C)c1ccccc1,CN(C(=O)n1nc(-c2ccc(Cl)cc2)nc1SCC(F)(F)F)c1ccccc1,O=C(Nc1ccccc1)n1cnc(-c2ccccc2)n1,O=C(Nc1ccccc1)n1cnc(-c2ccccc2)n1,True,True,True,source_identity,1.0,0.5967741935483871,,,,,4.670100000000003,5.357400000000003,0.6872999999999996,True,0.5874043626188404,0.5270344401044634,0.060369922514377006,True,,,,,,,,,6.0,5.0,1.0,True,,,,
edit_latent_scaffold_source_rerank,mpair_00002572_cond_01_3p,mpair_00002572,eval,3,"MW,QED,HBD",COc1cc(C(=O)N2CCN(C(=O)c3cc(OC)c(OC)c(OC)c3)C(CO)C2)cc(OC)c1OC,COc1cc(C(=O)N2CCN(C(=O)c3cc(OC)c(OC)c(OC)c3)C(COC(=O)CC(C)(C)C)C2)cc(OC)c1OC,COc1cc(C(=O)N2CCN(C(=O)c3cc(OC)c(OC)c(OC)c3)C(CO)C2)cc(OC)c1OC,O=C(c1ccccc1)N1CCN(C(=O)c2ccccc2)CC1,O=C(c1ccccc1)N1CCN(C(=O)c2ccccc2)CC1,True,False,False,source_identity,1.0,0.6792452830188679,602.6810000000004,504.53600000000034,98.14500000000004,False,,,,,0.3521539372279048,0.544633228323374,0.19247929109546924,False,,,,,0.0,1.0,1.0,True,,,,,,,,
edit_latent_scaffold_source_rerank,mpair_00002582_cond_01_3p,mpair_00002582,eval,3,"MW,QED,RB",COc1cc(C(=O)N2CCN(C(=O)c3cc(OC)c(OC)c(OC)c3)C(COC(C)=O)C2)cc(OC)c1OC,CCN(CC)C(=O)OCC1CN(C(=O)c2cc(OC)c(OC)c(OC)c2)CCN1C(=O)c1cc(OC)c(OC)c(OC)c1,COc1cc(C(=O)N2CCN(C(=O)c3cc(OC)c(OC)c(OC)c3)C(COC(C)=O)C2)cc(OC)c1OC,O=C(c1ccccc1)N1CCN(C(=O)c2ccccc2)CC1,O=C(c1ccccc1)N1CCN(C(=O)c2ccccc2)CC1,True,False,False,source_identity,1.0,0.7547169811320755,603.6690000000003,546.5730000000003,57.096000000000004,False,,,,,0.3571777118480848,0.41028124355120477,0.05310353170311999,True,,,,,,,,,,,,,12.0,10.0,2.0,False
edit_latent_scaffold_source_rerank,mpair_00002587_cond_01_3p,mpair_00002587,eval,3,"HBD,HBA,RB",COc1cc(C(=O)N2CCN(C(=O)c3cc(OC)c(OC)c(OC)c3)C(CO)C2)cc(OC)c1OC,COc1cc(C(=O)N2CCN(C(=O)c3cc(OC)c(OC)c(OC)c3)CC2)cc(OC)c1OC,COc1cc(C(=O)N2CCN(C(=O)c3cc(OC)c(OC)c(OC)c3)C(CO)C2)cc(OC)c1OC,O=C(c1ccccc1)N1CCN(C(=O)c2ccccc2)CC1,O=C(c1ccccc1)N1CCN(C(=O)c2ccccc2)CC1,True,True,True,source_identity,1.0,0.6341463414634146,,,,,,,,,,,,,,,,,0.0,1.0,1.0,True,8.0,9.0,1.0,True,8.0,9.0,1.0,True
edit_latent_scaffold_source_rerank,mpair_00002593_cond_01_3p,mpair_00002593,eval,3,"MW,TPSA,RB",COc1cc(C(=O)N2CCN(C(=O)c3cc(OC)c(OC)c(OC)c3)C(COC(=O)NCCC(C)C)C2)cc(OC)c1OC,COc1cc(C(=O)N2CCN(C(=O)c3cc(OC)c(OC)c(OC)c3)C(CO)C2)cc(OC)c1OC,COc1cc(C(=O)N2CCN(C(=O)c3cc(OC)c(OC)c(OC)c3)C(COC(=O)NCCC(C)C)C2)cc(OC)c1OC,O=C(c1ccccc1)N1CCN(C(=O)c2ccccc2)CC1,O=C(c1ccccc1)N1CCN(C(=O)c2ccccc2)CC1,True,False,False,source_identity,1.0,0.631578947368421,504.53600000000034,617.6960000000003,113.15999999999991,False,,,,,,,,,116.23000000000002,134.33,18.099999999999994,True,,,,,,,,,9.0,13.0,4.0,False
edit_latent_scaffold_source_rerank,mpair_00002598_cond_00_3p,mpair_00002598,eval,3,"TPSA,HBA,RB",COc1ccc(C(=O)Nc2c(Cl)cncc2Cl)c2ccc(C(C)=O)nc12,COc1ccc(C(=O)Nc2c(F)cncc2F)c2ccc(C(F)(F)F)nc12,COc1ccc(C(=O)Nc2c(Cl)cncc2Cl)c2ccc(C(C)=O)nc12,O=C(Nc1ccncc1)c1cccc2ncccc12,O=C(Nc1ccncc1)c1cccc2ncccc12,True,True,True,source_identity,1.0,0.55,,,,,,,,,,,,,64.11,81.17999999999999,17.069999999999993,True,,,,,4.0,5.0,1.0,True,3.0,4.0,1.0,True
edit_latent_scaffold_source_rerank,mpair_00002602_cond_01_3p,mpair_00002602,eval,3,"HBD,HBA,RB",COc1ccc(C(=O)Nc2ccncc2Cl)c2ccc(C(F)(F)F)nc12,COc1ccc(C(=O)Nc2c(Cl)cncc2Cl)c2ccc(C(C)O)nc12,COc1ccc(C(=O)Nc2ccncc2Cl)c2ccc(C(F)(F)F)nc12,O=C(Nc1ccncc1)c1cccc2ncccc12,O=C(Nc1ccncc1)c1cccc2ncccc12,True,True,True,source_identity,1.0,0.5230769230769231,,,,,,,,,,,,,,,,,2.0,1.0,1.0,True,5.0,4.0,1.0,True,4.0,3.0,1.0,True
edit_latent_scaffold_source_rerank,mpair_00002609_cond_02_3p,mpair_00002609,eval,3,"LogP,QED,RB",COc1ccc(C(=O)Nc2c(Cl)cncc2Cl)c2cccnc12,CCc1ccc2c(C(=O)Nc3c(Cl)cncc3Cl)ccc(OC)c2n1,COc1ccc(C(=O)Nc2c(Cl)cncc2Cl)c2cccnc12,O=C(Nc1ccncc1)c1cccc2ncccc12,O=C(Nc1ccncc1)c1cccc2ncccc12,True,True,True,source_identity,1.0,0.6545454545454545,,,,,4.759900000000003,4.1975000000000025,0.5624000000000002,True,0.7131894410136064,0.7706046174674384,0.057415176453831984,True,,,,,,,,,,,,,4.0,3.0,1.0,True
edit_latent_scaffold_source_rerank,mpair_00002614_cond_01_3p,mpair_00002614,eval,3,"MW,QED,HBA",COc1ccc(C(=O)Nc2c(Cl)cncc2Cl)c2cccnc12,COc1ccc(C(=O)Nc2c(Cl)cncc2Cl)c2ccc(C(C)=O)nc12,COc1ccc(C(=O)Nc2c(Cl)cncc2Cl)c2cccnc12,O=C(Nc1ccncc1)c1cccc2ncccc12,O=C(Nc1ccncc1)c1cccc2ncccc12,True,False,False,source_identity,1.0,0.6666666666666666,390.22600000000017,348.1890000000001,42.03700000000009,False,,,,,0.6681926051832562,0.7706046174674384,0.10241201228418217,False,,,,,,,,,5.0,4.0,1.0,True,,,,
edit_latent_scaffold_source_rerank,mpair_00002620_cond_01_3p,mpair_00002620,eval,3,"LogP,QED,RB",CCc1ccc2c(C(=O)Nc3c(Cl)cncc3Cl)ccc(OC)c2n1,COc1ccc(C(=O)Nc2c(Cl)cncc2Cl)c2cccnc12,CCc1ccc2c(C(=O)Nc3c(Cl)cncc3Cl)ccc(OC)c2n1,O=C(Nc1ccncc1)c1cccc2ncccc12,O=C(Nc1ccncc1)c1cccc2ncccc12,True,True,True,source_identity,1.0,0.6545454545454545,,,,,4.1975000000000025,4.759900000000003,0.5624000000000002,True,0.7706046174674384,0.7131894410136064,0.057415176453831984,True,,,,,,,,,,,,,3.0,4.0,1.0,True
edit_latent_scaffold_source_rerank,mpair_00002628_cond_00_3p,mpair_00002628,eval,3,"LogP,QED,HBA",CC(C)[C@@H](O)C(=O)N1C[C@H](c2ccccc2)C[C@H]1C(=O)N[C@@H](CC(F)F)C(=O)NCCc1c(F)cc(C(=O)O)cc1F,CC(C)CC(=O)N1C[C@H](c2ccccc2)C[C@H]1C(=O)N[C@@H](CC(F)F)C(=O)NCCc1c(F)cc(C(=O)O)cc1F,CC(C)[C@@H](O)C(=O)N1C[C@H](c2ccccc2)C[C@H]1C(=O)N[C@@H](CC(F)F)C(=O)NCCc1c(F)cc(C(=O)O)cc1F,O=C(CNC(=O)[C@@H]1C[C@@H](c2ccccc2)CN1)NCCc1ccccc1,O=C(CNC(=O)[C@@H]1C[C@@H](c2ccccc2)CN1)NCCc1ccccc1,True,False,False,source_identity,1.0,0.7916666666666666,,,,,3.892500000000002,2.8633000000000006,1.0292000000000012,False,0.3302613314122171,0.2789053789646464,0.051355952447570685,True,,,,,,,,,4.0,5.0,1.0,True,,,,
edit_latent_scaffold_source_rerank,mpair_00003113_cond_01_3p,mpair_00003113,eval,3,"LogP,QED,RB",Cc1nc2nncnn2c(=O)c1C,CCCCc1nnc2nc(C)c(C)c(=O)n2n1,Cc1nc2nncnn2c(=O)c1C,O=c1ccnc2nncnn12,O=c1ccnc2nncnn12,True,False,False,source_identity,1.0,0.4418604651162791,,,,,0.8389399999999998,-0.5036600000000002,1.3426,False,0.7849999676400611,0.541825521381232,0.2431744462588291,False,,,,,,,,,,,,,3.0,0.0,3.0,False
edit_latent_scaffold_source_rerank,mpair_00003200_cond_01_3p,mpair_00003200,eval,3,"QED,HBD,RB",CCOC(=O)c1ccc(NCCCCCCc2cccs2)cc1,O=C(O)c1ccc(NCCCCCCc2cccs2)cc1,CCOC(=O)c1ccc(NCCCCCCc2cccs2)cc1,c1ccc(NCCCCCCc2cccs2)cc1,c1ccc(NCCCCCCc2cccs2)cc1,True,False,False,source_identity,1.0,0.7021276595744681,,,,,,,,,0.6622761596792913,0.48374526985121774,0.17853088982807358,False,,,,,2.0,1.0,1.0,True,,,,,9.0,10.0,1.0,True
edit_latent_scaffold_source_rerank,mpair_00003207_cond_00_3p,mpair_00003207,eval,3,"MW,LogP,HBA",Cc1cc(-n2ncc(=O)[nH]c2=O)ccc1S(=O)(=O)N1CCN(C=O)CC1,CCOC(=O)N1CCN(S(=O)(=O)c2ccc(-n3ncc(=O)[nH]c3=O)cc2Cl)CC1,Cc1cc(-n2ncc(=O)[nH]c2=O)ccc1S(=O)(=O)N1CCN(C=O)CC1,O=c1cnn(-c2ccc(S(=O)(=O)N3CCNCC3)cc2)c(=O)[nH]1,O=c1cnn(-c2ccc(S(=O)(=O)N3CCNCC3)cc2)c(=O)[nH]1,True,False,False,source_identity,1.0,0.5625,443.86900000000026,379.39800000000025,64.471,False,0.037000000000000144,-1.3080799999999981,1.3450799999999983,False,,,,,,,,,,,,,8.0,7.0,1.0,True,,,,
edit_latent_scaffold_source_rerank,mpair_00003218_cond_00_3p,mpair_00003218,eval,3,"MW,TPSA,HBA",COC(=O)c1cccc(C(=O)NO)c1N(Cc1cccnc1)S(=O)(=O)c1ccc(OC)cc1,COc1ccc(S(=O)(=O)N(Cc2cccnc2)c2c(C)cccc2C(=O)NO)cc1,COC(=O)c1cccc(C(=O)NO)c1N(Cc1cccnc1)S(=O)(=O)c1ccc(OC)cc1,O=S(=O)(c1ccccc1)N(Cc1cccnc1)c1ccccc1,O=S(=O)(c1ccccc1)N(Cc1cccnc1)c1ccccc1,True,False,False,source_identity,1.0,0.8333333333333334,427.48200000000014,471.49100000000016,44.009000000000015,False,,,,,,,,,108.83000000000001,135.13,26.299999999999983,False,,,,,6.0,8.0,2.0,False,,,,
edit_latent_scaffold_source_rerank,mpair_00003220_cond_02_3p,mpair_00003220,eval,3,"LogP,QED,RB",COC(=O)c1cccc(C(=O)NO)c1N(Cc1cccnc1)S(=O)(=O)c1ccc(OC)cc1,COc1ccc(S(=O)(=O)N(Cc2cccnc2)c2c(C)cc(Br)cc2C(=O)NO)cc1,COC(=O)c1cccc(C(=O)NO)c1N(Cc1cccnc1)S(=O)(=O)c1ccc(OC)cc1,O=S(=O)(c1ccccc1)N(Cc1cccnc1)c1ccccc1,O=S(=O)(c1ccccc1)N(Cc1cccnc1)c1ccccc1,True,False,False,source_identity,1.0,0.734375,,,,,3.675620000000001,2.391300000000001,1.2843200000000001,False,0.3740614499694089,0.29046454626646695,0.08359690370294193,True,,,,,,,,,,,,,7.0,8.0,1.0,True
edit_latent_scaffold_source_rerank,mpair_00003530_cond_01_3p,mpair_00003530,eval,3,"MW,LogP,RB",CCOC(=O)C(C)Oc1cccc(N(Cc2cccnc2)S(=O)(=O)CC(F)(F)F)c1,CC(C)COc1cccc(N(Cc2cccnc2)S(=O)(=O)CC(F)(F)F)c1,CCOC(=O)C(C)Oc1cccc(N(Cc2cccnc2)S(=O)(=O)CC(F)(F)F)c1,c1ccc(NCc2cccnc2)cc1,c1ccc(NCc2cccnc2)cc1,True,False,False,source_identity,1.0,0.6984126984126984,402.43800000000005,446.4470000000001,44.00900000000007,False,4.015100000000003,3.3107000000000024,0.7044000000000006,True,,,,,,,,,,,,,,,,,8.0,9.0,1.0,True
edit_latent_scaffold_source_rerank,mpair_00003538_cond_00_3p,mpair_00003538,eval,3,"LogP,TPSA,HBA",CCC(C)COc1cccc(N(Cc2cccnc2)S(=O)(=O)CC(F)(F)F)c1,CCOC(=O)C(C)Oc1cccc(N(Cc2cccnc2)S(=O)(=O)CC(F)(F)F)c1,CCC(C)COc1cccc(N(Cc2cccnc2)S(=O)(=O)CC(F)(F)F)c1,c1ccc(NCc2cccnc2)cc1,c1ccc(NCc2cccnc2)cc1,True,False,False,source_identity,1.0,0.6923076923076923,,,,,3.3107000000000024,4.405200000000004,1.0945000000000018,False,,,,,85.80000000000001,59.5,26.30000000000001,False,,,,,6.0,4.0,2.0,False,,,,
edit_latent_scaffold_source_rerank,mpair_00003544_cond_02_3p,mpair_00003544,eval,3,"LogP,QED,RB",CC(C)COc1cccc(N(Cc2cccnc2)S(=O)(=O)CC(F)(F)F)c1,CCCC(C)Oc1cccc(N(Cc2cccnc2)S(=O)(=O)CC(F)(F)F)c1,CC(C)COc1cccc(N(Cc2cccnc2)S(=O)(=O)CC(F)(F)F)c1,c1ccc(NCc2cccnc2)cc1,c1ccc(NCc2cccnc2)cc1,True,True,True,source_identity,1.0,0.7213114754098361,,,,,4.547700000000003,4.015100000000003,0.5326000000000004,True,0.6018859517288218,0.6693605971809802,0.06747464545215842,True,,,,,,,,,,,,,9.0,8.0,1.0,True
edit_latent_scaffold_source_rerank,mpair_00000004_cond_02_4p,mpair_00000004,eval,4,"MW,LogP,QED,RB",O=C(c1ccccc1Br)N1C[C@H](CN2CCC(c3ccccc3)CC2)[C@@H](c2ccccc2)C1,COc1cccc(C(=O)N2C[C@H](CN3CCC(c4ccccc4)CC3)[C@@H](c3ccccc3)C2)c1,O=C(c1ccccc1Br)N1C[C@H](CN2CCC(c3ccccc3)CC2)[C@@H](c2ccccc2)C1,O=C(c1ccccc1)N1C[C@H](CN2CCC(c3ccccc3)CC2)[C@@H](c2ccccc2)C1,O=C(c1ccccc1)N1C[C@H](CN2CCC(c3ccccc3)CC2)[C@@H](c2ccccc2)C1,True,False,False,source_identity,1.0,0.6065573770491803,454.61400000000015,503.48400000000026,48.87000000000012,False,5.430600000000005,6.184500000000006,0.7539000000000007,True,0.49786269936596683,0.41502650656849366,0.08283619279747317,True,,,,,,,,,,,,,6.0,5.0,1.0,True
edit_latent_scaffold_source_rerank,mpair_00000018_cond_00_4p,mpair_00000018,eval,4,"MW,QED,TPSA,RB",COC(=O)C1=C(c2ccc(Cl)nc2)CC2CCC1N2C,CN1C2C=C(c3ccc(Cl)nc3)CC1CC2,C1=C(c2cccnc2)CC2CCC1N2,C1=C(c2cccnc2)CC2CCC1N2,C1=C(c2cccnc2)CC2CCC1N2,True,False,False,,0.14925373134328357,0.2545454545454545,234.72999999999996,186.258,48.47199999999995,False,,,,,0.6949032404938756,0.725160453067101,0.030257212573225334,True,16.130000000000003,24.92,8.79,True,,,,,,,,,1.0,1.0,0.0,True
edit_latent_scaffold_source_rerank,mpair_00000324_cond_01_4p,mpair_00000324,eval,4,"LogP,QED,HBA,RB",CSC1=C(C(=O)O)N2C(=O)[C@@H](NC(=O)[C@H](N)c3ccccc3)[C@H]2CC1,N[C@@H](C(=O)N[C@@H]1C(=O)N2C(C(=O)O)=C(C(F)(F)F)CC[C@H]12)c1cccc(Br)c1,CSC1=C(C(=O)O)N2C(=O)[C@@H](NC(=O)[C@H](N)c3ccccc3)[C@H]2CC1,O=C(Cc1ccccc1)N[C@@H]1C(=O)N2C=CCC[C@H]12,O=C(Cc1ccccc1)N[C@@H]1C(=O)N2C=CCC[C@H]12,True,False,False,source_identity,1.0,0.5757575757575758,,,,,1.8392999999999997,0.8350000000000002,1.0042999999999995,False,0.5917241763797754,0.6699274889764619,0.07820331259668656,True,,,,,,,,,4.0,5.0,1.0,True,4.0,5.0,1.0,True
edit_latent_scaffold_source_rerank,mpair_00000329_cond_00_4p,mpair_00000329,eval,4,"MW,QED,HBA,RB",CSC1=C(C(=O)O)N2C(=O)[C@@H](NC(=O)[C@H](N)c3ccccc3)[C@H]2CC1,N[C@@H](C(=O)N[C@@H]1C(=O)N2C(C(=O)O)=C(C(F)(F)F)CC[C@H]12)c1ccc(F)cc1,CSC1=C(C(=O)O)N2C(=O)[C@@H](NC(=O)[C@H](N)c3ccccc3)[C@H]2CC1,O=C(Cc1ccccc1)N[C@@H]1C(=O)N2C=CCC[C@H]12,O=C(Cc1ccccc1)N[C@@H]1C(=O)N2C=CCC[C@H]12,True,False,False,source_identity,1.0,0.5873015873015873,401.3160000000001,361.42300000000006,39.89300000000003,False,,,,,0.5187711593734389,0.6699274889764619,0.15115632960302305,False,,,,,,,,,4.0,5.0,1.0,True,4.0,5.0,1.0,True
edit_latent_scaffold_source_rerank,mpair_00000585_cond_01_4p,mpair_00000585,eval,4,"LogP,QED,TPSA,HBA",Cc1ccc(CCCC[C@@H]2N[C@@H](CO)[C@H](O)[C@H]2O)cc1,OC[C@@H]1N[C@@H](CCCCc2ccc(O)cc2)[C@H](O)[C@H]1O,Cc1ccc(CCCC[C@@H]2N[C@@H](CO)[C@H](O)[C@H]2O)cc1,c1ccc(CCCC[C@H]2CCCN2)cc1,c1ccc(CCCC[C@H]2CCCN2)cc1,True,False,False,source_identity,1.0,0.7567567567567568,,,,,0.15949999999999964,0.7623199999999992,0.6028199999999996,True,0.47902706341404183,0.5802758268226561,0.10124876340861427,False,92.95,72.72,20.230000000000004,False,,,,,5.0,4.0,1.0,True,,,,
edit_latent_scaffold_source_rerank,mpair_00000724_cond_01_4p,mpair_00000724,eval,4,"MW,LogP,QED,RB",C=CCc1cc(/C=C2\SC(=O)N(CC=C(C)C)C2=O)c(OC)cc1OC1CCCCO1,C=CCc1cc(/C=C2\SC(=O)N(C)C2=O)c(OC)cc1OC1CCCCO1,C=CCc1cc(/C=C2\SC(=O)N(CC=C(C)C)C2=O)c(OC)cc1OC1CCCCO1,O=C1NC(=O)/C(=C/c2ccc(OC3CCCCO3)cc2)S1,O=C1NC(=O)/C(=C/c2ccc(OC3CCCCO3)cc2)S1,True,False,False,source_identity,1.0,0.7761194029850746,389.4730000000002,443.5650000000003,54.0920000000001,False,3.9952000000000023,5.331600000000005,1.336400000000003,False,0.5413211960634129,0.3995752918375223,0.14174590422589062,False,,,,,,,,,,,,,6.0,8.0,2.0,False
edit_latent_scaffold_source_rerank,mpair_00000733_cond_00_4p,mpair_00000733,eval,4,"LogP,QED,HBD,RB",C=CCc1cc(/C=C2\SC(=O)N(CCCC)C2=O)c(OC)cc1OC1CCCCO1,C=CCc1cc(/C=C2\SC(=O)NC2=O)c(OC)cc1OC1CCCCO1,C=CCc1cc(/C=C2\SC(=O)N(CCCC)C2=O)c(OC)cc1OC1CCCCO1,O=C1NC(=O)/C(=C/c2ccc(OC3CCCCO3)cc2)S1,O=C1NC(=O)/C(=C/c2ccc(OC3CCCCO3)cc2)S1,True,False,False,source_identity,1.0,0.6571428571428571,,,,,3.6530000000000022,5.165500000000004,1.512500000000002,False,0.6042673504148035,0.39718598618589046,0.20708136422891305,False,,,,,1.0,0.0,1.0,True,,,,,6.0,9.0,3.0,False
edit_latent_scaffold_source_rerank,mpair_00000750_cond_00_4p,mpair_00000750,eval,4,"MW,TPSA,HBA,RB",COC(=O)C[C@@H]1CC(=O)N2[C@H](Cc3c[nH]c4ccccc34)CO[C@@H]2C1,O=C1CCC[C@H]2OC[C@@H](Cc3c[nH]c4ccccc34)N12,COC(=O)C[C@@H]1CC(=O)N2[C@H](Cc3c[nH]c4ccccc34)CO[C@@H]2C1,O=C1CCC[C@H]2OC[C@@H](Cc3c[nH]c4ccccc34)N12,O=C1CCC[C@H]2OC[C@@H](Cc3c[nH]c4ccccc34)N12,True,False,False,source_identity,1.0,0.578125,270.33200000000005,342.39500000000015,72.0630000000001,False,,,,,,,,,45.330000000000005,71.63000000000001,26.300000000000004,False,,,,,2.0,4.0,2.0,False,2.0,4.0,2.0,False
edit_latent_scaffold_source_rerank,mpair_00000765_cond_02_4p,mpair_00000765,eval,4,"MW,QED,HBA,RB",COc1cccc(-c2cncc(O[C@@H]3CCNC3)c2)c1,Clc1cccc(-c2cc(O[C@@H]3CCNC3)cnc2Cl)c1,COc1cccc(-c2cncc(O[C@@H]3CCNC3)c2)c1,c1ccc(-c2cncc(O[C@@H]3CCNC3)c2)cc1,c1ccc(-c2cncc(O[C@@H]3CCNC3)c2)cc1,True,False,False,source_identity,1.0,0.5,309.196,270.33199999999994,38.86400000000009,False,,,,,0.8758671086324237,0.9267061641096688,0.0508390554772451,True,,,,,,,,,3.0,4.0,1.0,True,3.0,4.0,1.0,True
edit_latent_scaffold_source_rerank,mpair_00001123_cond_00_4p,mpair_00001123,eval,4,"QED,HBD,HBA,RB",O=C1NC(CCN2CCN(c3ccccc3)CC2)c2ccccc21,COc1ccc(N2CCN(CCC3c4ccccc4C(=O)N3C)CC2)cc1,O=C1NC(CCN2CCN(c3ccccc3)CC2)c2ccccc21,O=C1NC(CCN2CCN(c3ccccc3)CC2)c2ccccc21,O=C1NC(CCN2CCN(c3ccccc3)CC2)c2ccccc21,True,False,False,source_identity,1.0,0.47368421052631576,,,,,,,,,0.8160326048332845,0.9403172855884846,0.12428468075520005,False,,,,,0.0,1.0,1.0,True,4.0,3.0,1.0,True,5.0,4.0,1.0,True
edit_latent_scaffold_source_rerank,mpair_00001617_cond_02_4p,mpair_00001617,eval,4,"QED,TPSA,HBA,RB",Cc1cc(F)cc2c1OCc1c-2ccc2c1C(C)CC(C)(C)N2,CC1CC(C)(C)Nc2ccc3c(c21)COc1c-3cc(F)cc1[N+](=O)[O-],Cc1cc(F)cc2c1OCc1c-2ccc2c1C(C)CC(C)(C)N2,c1ccc2c(c1)OCc1c-2ccc2c1CCCN2,c1ccc2c(c1)OCc1c-2ccc2c1CCCN2,True,False,False,source_identity,1.0,0.7192982456140351,,,,,,,,,0.5855235809891088,0.7039179552802654,0.11839437429115651,False,64.39999999999999,21.259999999999998,43.13999999999999,False,,,,,4.0,2.0,2.0,False,1.0,0.0,1.0,True
edit_latent_scaffold_source_rerank,mpair_00002370_cond_00_4p,mpair_00002370,eval,4,"QED,HBD,HBA,RB",CCOC(=O)/C=C/c1cc(C(=O)c2ccc(-n3ccnc3)cc2)cn1C,Cn1cc(C(=O)c2ccc(-n3ccnc3)cc2)cc1/C=C/C(=O)O,CCOC(=O)/C=C/c1cc(C(=O)c2ccc(-n3ccnc3)cc2)cn1C,O=C(c1ccc(-n2ccnc2)cc1)c1cc[nH]c1,O=C(c1ccc(-n2ccnc2)cc1)c1cc[nH]c1,True,False,False,source_identity,1.0,0.7454545454545455,,,,,,,,,0.5785260949639057,0.3897342663180413,0.1887918286458644,False,,,,,1.0,0.0,1.0,True,5.0,6.0,1.0,True,5.0,6.0,1.0,True
edit_latent_scaffold_source_rerank,mpair_00002474_cond_00_4p,mpair_00002474,eval,4,"MW,QED,TPSA,RB",COc1cc(NC(=O)c2cc(OCCCN(C)C)nn2Cc2ccccc2)cc(OC)c1OC,CN(C)CCCOc1cc(C(=O)Nc2ccc(Cl)cc2F)n(Cc2ccccc2)n1,COc1cc(NC(=O)c2cc(OCCCN(C)C)nn2Cc2ccccc2)cc(OC)c1OC,O=C(Nc1ccccc1)c1ccnn1Cc1ccccc1,O=C(Nc1ccccc1)c1ccnn1Cc1ccccc1,True,False,False,source_identity,1.0,0.6376811594202898,430.9110000000001,468.5540000000002,37.643000000000086,False,,,,,0.5138601191048354,0.4069700768443977,0.10689004226043775,False,59.39,87.08000000000001,27.690000000000012,False,,,,,,,,,9.0,12.0,3.0,False
edit_latent_scaffold_source_rerank,mpair_00002486_cond_01_4p,mpair_00002486,eval,4,"MW,QED,HBA,RB",CN(C)CCCOc1cc(C(=O)Nc2cccc(Cl)c2)n(Cc2ccccc2)n1,CN(C)CCCOc1cc(C(=O)Nc2ccc(OC(F)(F)F)cc2)n(Cc2ccccc2)n1,CN(C)CCCOc1cc(C(=O)Nc2cccc(Cl)c2)n(Cc2ccccc2)n1,O=C(Nc1ccccc1)c1ccnn1Cc1ccccc1,O=C(Nc1ccccc1)c1ccnn1Cc1ccccc1,True,False,False,source_identity,1.0,0.696969696969697,462.4720000000001,412.9210000000001,49.55099999999999,False,,,,,0.4522382232340766,0.5357556879239462,0.08351746468986965,True,,,,,,,,,6.0,5.0,1.0,True,10.0,9.0,1.0,True
edit_latent_scaffold_source_rerank,mpair_00002520_cond_00_4p,mpair_00002520,eval,4,"MW,TPSA,HBA,RB",CSc1cc(-c2ccc(Br)cc2)oc(=O)c1C#N,CCOC(=O)c1c(SC)c(C#N)c(-c2ccc(Br)cc2)oc1=O,CSc1cc(-c2ccc(F)cc2)oc(=O)c1,O=c1cccc(-c2ccccc2)o1,O=c1cccc(-c2ccccc2)o1,True,False,False,,0.3469387755102041,0.203125,394.24600000000004,236.26699999999997,157.97900000000007,False,,,,,,,,,80.30000000000001,30.21,50.09000000000001,False,,,,,6.0,3.0,3.0,False,4.0,2.0,2.0,False
edit_latent_scaffold_source_rerank,mpair_00002551_cond_01_4p,mpair_00002551,eval,4,"MW,QED,HBA,RB",CSc1cc(-c2ccc(Cl)cc2)oc(=O)c1C(N)=O,CSc1cc(-c2ccc(Br)cc2)oc(=O)c1Cl,CSc1cc(-c2ccc(F)cc2)oc(=O)c1,O=c1cccc(-c2ccccc2)o1,O=c1cccc(-c2ccccc2)o1,True,False,False,,0.34,0.3695652173913043,331.61800000000005,236.26699999999997,95.35100000000008,False,,,,,0.7618841288913727,0.7501191134076561,0.011765015483716557,True,,,,,,,,,3.0,3.0,0.0,True,2.0,2.0,0.0,True
edit_latent_scaffold_source_rerank,mpair_00002561_cond_01_4p,mpair_00002561,eval,4,"MW,LogP,QED,RB",CSc1nc(-c2ccc(C)cc2)nn1C(=O)N(C)c1ccccc1,CN(C(=O)n1nc(-c2ccc(Cl)cc2)nc1SCC(F)(F)F)c1ccccc1,CSc1nc(-c2ccc(C)cc2)nn1C(=O)N(C)c1ccccc1,O=C(Nc1ccccc1)n1cnc(-c2ccccc2)n1,O=C(Nc1ccccc1)n1cnc(-c2ccccc2)n1,True,False,False,source_identity,1.0,0.5862068965517241,426.8510000000001,338.43600000000004,88.41500000000008,False,5.357400000000003,4.079920000000002,1.2774800000000006,False,0.5270344401044634,0.6753188675979567,0.14828442749349324,False,,,,,,,,,,,,,4.0,3.0,1.0,True
edit_latent_scaffold_source_rerank,mpair_00002575_cond_00_4p,mpair_00002575,eval,4,"MW,LogP,QED,RB",COc1cc(C(=O)N2CCN(C(=O)c3cc(OC)c(OC)c(OC)c3)C(COC(C)=O)C2)cc(OC)c1OC,COc1cc(C(=O)N2CCN(C(=O)c3cc(OC)c(OC)c(OC)c3)C(COC(=O)CC(C)(C)C)C2)cc(OC)c1OC,COc1cc(C(=O)N2CCN(C(=O)c3cc(OC)c(OC)c(OC)c3)C(COC(C)=O)C2)cc(OC)c1OC,O=C(c1ccccc1)N1CCN(C(=O)c2ccccc2)CC1,O=C(c1ccccc1)N1CCN(C(=O)c2ccccc2)CC1,True,False,False,source_identity,1.0,0.7547169811320755,602.6810000000004,546.5730000000003,56.10800000000006,False,3.684400000000003,2.2681000000000004,1.4163000000000023,False,0.3521539372279048,0.41028124355120477,0.05812730632329999,True,,,,,,,,,,,,,11.0,10.0,1.0,True
edit_latent_scaffold_source_rerank,mpair_00002584_cond_02_4p,mpair_00002584,eval,4,"MW,LogP,HBD,HBA",COc1cc(C(=O)N2CCN(C(=O)c3cc(OC)c(OC)c(OC)c3)C(CO)C2)cc(OC)c1OC,COc1cc(C(=O)N2CCN(C(=O)c3cc(OC)c(OC)c(OC)c3)C(COC(C)=O)C2)cc(OC)c1OC,COc1cc(C(=O)N2CCN(C(=O)c3cc(OC)c(OC)c(OC)c3)C(CO)C2)cc(OC)c1OC,O=C(c1ccccc1)N1CCN(C(=O)c2ccccc2)CC1,O=C(c1ccccc1)N1CCN(C(=O)c2ccccc2)CC1,True,False,False,source_identity,1.0,0.75,546.5730000000003,504.53600000000034,42.03699999999998,False,2.2681000000000004,1.6973000000000003,0.5708000000000002,True,,,,,,,,,0.0,1.0,1.0,True,10.0,9.0,1.0,True,,,,
edit_latent_scaffold_source_rerank,mpair_00002592_cond_02_4p,mpair_00002592,eval,4,"MW,TPSA,HBA,RB",COc1cc(C(=O)N2CCN(C(=O)c3cc(OC)c(OC)c(OC)c3)CC2)cc(OC)c1OC,COc1cc(C(=O)N2CCN(C(=O)c3cc(OC)c(OC)c(OC)c3)C(COC(C)=O)C2)cc(OC)c1OC,COc1cc(C(=O)N2CCN(C(=O)c3cc(OC)c(OC)c(OC)c3)CC2)cc(OC)c1OC,O=C(c1ccccc1)N1CCN(C(=O)c2ccccc2)CC1,O=C(c1ccccc1)N1CCN(C(=O)c2ccccc2)CC1,True,False,False,source_identity,1.0,0.5777777777777777,546.5730000000003,474.51000000000033,72.06299999999999,False,,,,,,,,,122.30000000000001,96.00000000000001,26.299999999999997,False,,,,,10.0,8.0,2.0,False,10.0,8.0,2.0,False
edit_latent_scaffold_source_rerank,mpair_00002605_cond_02_4p,mpair_00002605,eval,4,"TPSA,HBD,HBA,RB",COc1ccc(C(=O)Nc2c(Cl)cncc2Cl)c2ccc(C(C)O)nc12,COc1ccc(C(=O)Nc2c(F)cncc2F)c2ccc(C(F)(F)F)nc12,COc1ccc(C(=O)Nc2c(Cl)cncc2Cl)c2ccc(C(C)O)nc12,O=C(Nc1ccncc1)c1cccc2ncccc12,O=C(Nc1ccncc1)c1cccc2ncccc12,True,False,False,source_identity,1.0,0.532258064516129,,,,,,,,,,,,,64.11,84.34,20.230000000000004,False,1.0,2.0,1.0,True,4.0,5.0,1.0,True,3.0,4.0,1.0,True
edit_latent_scaffold_source_rerank,mpair_00002611_cond_01_4p,mpair_00002611,eval,4,"QED,TPSA,HBA,RB",COc1ccc(C(=O)Nc2ccncc2Cl)c2ccc(C(F)(F)F)nc12,COc1ccc(C(=O)Nc2c(Cl)cncc2Cl)c2ccc(C(C)=O)nc12,COc1ccc(C(=O)Nc2ccncc2Cl)c2ccc(C(F)(F)F)nc12,O=C(Nc1ccncc1)c1cccc2ncccc12,O=C(Nc1ccncc1)c1cccc2ncccc12,True,True,True,source_identity,1.0,0.5396825396825397,,,,,,,,,0.6681926051832562,0.7218484507203837,0.053655845537127544,True,81.17999999999999,64.11,17.069999999999993,True,,,,,5.0,4.0,1.0,True,4.0,3.0,1.0,True
edit_latent_scaffold_source_rerank,mpair_00002619_cond_02_4p,mpair_00002619,eval,4,"TPSA,HBD,HBA,RB",COc1ccc(C(=O)Nc2c(Cl)cncc2Cl)c2ccc(C(C)O)nc12,COc1ccc(C(=O)Nc2ccncc2Cl)c2ccc(C(F)(F)F)nc12,COc1ccc(C(=O)Nc2c(Cl)cncc2Cl)c2ccc(C(C)O)nc12,O=C(Nc1ccncc1)c1cccc2ncccc12,O=C(Nc1ccncc1)c1cccc2ncccc12,True,False,False,source_identity,1.0,0.5230769230769231,,,,,,,,,,,,,64.11,84.34,20.230000000000004,False,1.0,2.0,1.0,True,4.0,5.0,1.0,True,3.0,4.0,1.0,True
edit_latent_scaffold_source_rerank,mpair_00002627_cond_00_4p,mpair_00002627,eval,4,"QED,TPSA,HBA,RB",COc1ccc(C(=O)Nc2c(Cl)cncc2Cl)c2ccc(C(C)=O)nc12,COc1ccc(C(=O)Nc2c(Cl)cncc2Cl)c2cccnc12,COc1ccc(C(=O)Nc2c(Cl)cncc2Cl)c2ccc(C(C)=O)nc12,O=C(Nc1ccncc1)c1cccc2ncccc12,O=C(Nc1ccncc1)c1cccc2ncccc12,True,False,False,source_identity,1.0,0.6666666666666666,,,,,,,,,0.7706046174674384,0.6681926051832562,0.10241201228418217,False,64.11,81.17999999999999,17.069999999999993,True,,,,,4.0,5.0,1.0,True,3.0,4.0,1.0,True
edit_latent_scaffold_source_rerank,mpair_00003116_cond_00_4p,mpair_00003116,eval,4,"LogP,TPSA,HBA,RB",COC(=O)c1cc2c([nH]1)C(=O)C=C1N(C(=O)OC(C)(C)C)CC3CC123,Cc1c[nH]c2c1C13CC1CN(C(=O)OC(C)(C)C)C3=CC2=O,COC(=O)c1cc2c([nH]1)C(=O)C=C1N(C(=O)OC(C)(C)C)CC3CC123,O=C1C=C2NCC3CC23c2cc[nH]c21,O=C1C=C2NCC3CC23c2cc[nH]c21,True,False,False,source_identity,1.0,0.5873015873015873,,,,,2.9117200000000016,2.389900000000001,0.5218200000000008,True,,,,,62.4,88.7,26.300000000000004,False,,,,,3.0,5.0,2.0,False,0.0,1.0,1.0,True
edit_latent_scaffold_source_rerank,mpair_00003211_cond_02_4p,mpair_00003211,eval,4,"MW,HBD,HBA,RB",CC[C@H]1OC(=O)[C@H](C)[C@@H](OC(C)=O)[C@H](C)[C@@H](OC2O[C@H](C)C[C@H](N(C)C)C2O)[C@@](C)(OC)C[C@@H](C)C(=O)[C@H](C)[C@@H](O)[C@]1(C)O,CC[C@H]1OC(=O)[C@H](C)[C@@H](O)[C@H](C)[C@@H](OC2O[C@H](C)C[C@H](N(C)C)C2O)[C@@](C)(OC)C[C@@H](C)C(=O)[C@H](C)[C@@H](O)[C@]1(C)O,CC[C@H]1OC(=O)[C@H](C)[C@@H](OC(C)=O)[C@H](C)[C@@H](OC2O[C@H](C)C[C@H](N(C)C)C2O)[C@@](C)(OC)C[C@@H](C)C(=O)[C@H](C)[C@@H](O)[C@]1(C)O,O=C1CCCCOC(=O)CCC[C@@H](OC2CCCCO2)CCC1,O=C1CCCCOC(=O)CCC[C@@H](OC2CCCCO2)CCC1,True,False,False,source_identity,1.0,0.821917808219178,589.7670000000004,631.8040000000003,42.03699999999992,False,,,,,,,,,,,,,4.0,3.0,1.0,True,11.0,12.0,1.0,True,5.0,6.0,1.0,True
edit_latent_scaffold_source_rerank,mpair_00003217_cond_01_4p,mpair_00003217,eval,4,"MW,QED,TPSA,HBA",Clc1ccc(Nc2nc(N3CCOCC3)nc3ccccc23)cc1,COC(=O)c1ccc2c(Nc3ccc(Cl)cc3)nc(N3CCOCC3)nc2c1,Clc1ccc(Nc2nc(N3CCOCC3)nc3ccccc23)cc1,c1ccc(Nc2nc(N3CCOCC3)nc3ccccc23)cc1,c1ccc(Nc2nc(N3CCOCC3)nc3ccccc23)cc1,True,False,False,source_identity,1.0,0.631578947368421,398.85000000000025,340.81399999999996,58.036000000000286,False,,,,,0.6719222545699903,0.784150666451108,0.11222841188111765,False,76.58,50.28,26.299999999999997,False,,,,,7.0,5.0,2.0,False,,,,
edit_latent_scaffold_source_rerank,mpair_00003228_cond_01_4p,mpair_00003228,eval,4,"QED,HBD,HBA,RB",CCCCc1nn(-c2ccccn2)c(C(=O)O)c1Cc1ccc(-c2ccccc2-c2nn[nH]n2)cc1,CCCCc1nn(-c2ccccn2)c(C(=O)OCC)c1Cc1ccc(-c2ccccc2-c2nn[nH]n2)cc1,CCCCc1nn(-c2ccccn2)c(C(=O)O)c1Cc1ccc(-c2ccccc2-c2nn[nH]n2)cc1,c1ccc(-n2cc(Cc3ccc(-c4ccccc4-c4nn[nH]n4)cc3)cn2)nc1,c1ccc(-n2cc(Cc3ccc(-c4ccccc4-c4nn[nH]n4)cc3)cn2)nc1,True,True,True,source_identity,1.0,0.8405797101449275,,,,,,,,,0.25784000650209704,0.31281238062525013,0.05497237412315309,True,,,,,1.0,2.0,1.0,True,8.0,7.0,1.0,True,10.0,9.0,1.0,True
edit_latent_scaffold_source_rerank,mpair_00003533_cond_01_4p,mpair_00003533,eval,4,"MW,LogP,QED,RB",CCCC(C)Oc1cccc(N(Cc2cccnc2)S(=O)(=O)CC(F)(F)F)c1,COc1cccc(N(Cc2cccnc2)S(=O)(=O)CC(F)(F)F)c1,CCCC(C)Oc1cccc(N(Cc2cccnc2)S(=O)(=O)CC(F)(F)F)c1,c1ccc(NCc2cccnc2)cc1,c1ccc(NCc2cccnc2)cc1,True,False,False,source_identity,1.0,0.7413793103448276,360.3570000000001,416.4650000000001,56.108000000000004,False,2.988900000000002,4.547700000000003,1.5588000000000015,False,0.7946521442277092,0.6018859517288218,0.1927661924988875,False,,,,,,,,,,,,,6.0,9.0,3.0,False
edit_latent_scaffold_source_rerank,mpair_00003549_cond_00_4p,mpair_00003549,eval,4,"LogP,QED,TPSA,HBA",CCOC(=O)C(C)Oc1cccc(N(Cc2cccnc2)S(=O)(=O)CC(F)(F)F)c1,CCC(C)COc1cccc(N(Cc2cccnc2)S(=O)(=O)CC(F)(F)F)c1,CCOC(=O)C(C)Oc1cccc(N(Cc2cccnc2)S(=O)(=O)CC(F)(F)F)c1,c1ccc(NCc2cccnc2)cc1,c1ccc(NCc2cccnc2)cc1,True,False,False,source_identity,1.0,0.6923076923076923,,,,,4.405200000000004,3.3107000000000024,1.0945000000000018,False,0.6078002459089881,0.5496815697636838,0.058118676145304304,True,59.5,85.80000000000001,26.30000000000001,False,,,,,4.0,6.0,2.0,False,,,,
edit_latent_scaffold_source_rerank,mpair_00000019_cond_01_5p,mpair_00000019,eval,5,"MW,QED,TPSA,HBA,RB",CN1C2C=C(c3ccc(Cl)nc3)CC1CC2,COC(=O)C1=C(c2ccc(Cl)nc2)CC2CCC1N2C,C1=C(c2cccnc2)CC2CCC1N2,C1=C(c2cccnc2)CC2CCC1N2,C1=C(c2cccnc2)CC2CCC1N2,True,False,False,,0.2545454545454545,0.14925373134328357,292.76599999999996,186.258,106.50799999999995,False,,,,,0.6204382047485277,0.725160453067101,0.10472224831857324,False,42.43,24.92,17.509999999999998,True,,,,,4.0,2.0,2.0,False,2.0,1.0,1.0,True
edit_latent_scaffold_source_rerank,mpair_00000332_cond_01_5p,mpair_00000332,eval,5,"MW,LogP,TPSA,HBD,HBA",N[C@@H](C(=O)N[C@@H]1C(=O)N2C(C(=O)O)=C(C(F)(F)F)CC[C@H]12)c1ccc(O)cc1,N[C@@H](C(=O)N[C@@H]1C(=O)N2C(C(=O)O)=C(C(F)(F)F)CC[C@H]12)c1cccc(Br)c1,N[C@@H](C(=O)N[C@@H]1C(=O)N2C(C(=O)O)=C(C(F)(F)F)CC[C@H]12)c1ccc(O)cc1,O=C(Cc1ccccc1)N[C@@H]1C(=O)N2C=CCC[C@H]12,O=C(Cc1ccccc1)N[C@@H]1C(=O)N2C=CCC[C@H]12,True,False,False,source_identity,1.0,0.7377049180327869,462.2220000000001,399.3250000000001,62.89699999999999,False,1.8392999999999997,0.7823999999999993,1.0569000000000004,False,,,,,112.73,132.96,20.230000000000004,False,3.0,4.0,1.0,True,4.0,5.0,1.0,True,,,,
edit_latent_scaffold_source_rerank,mpair_00000584_cond_02_5p,mpair_00000584,eval,5,"LogP,QED,TPSA,HBD,HBA",OC[C@@H]1N[C@@H](CCCCc2ccc(O)cc2)[C@H](O)[C@H]1O,Cc1ccc(CCCC[C@@H]2N[C@@H](CO)[C@H](O)[C@H]2O)cc1,OC[C@@H]1N[C@@H](CCCCc2ccc(O)cc2)[C@H](O)[C@H]1O,c1ccc(CCCC[C@H]2CCCN2)cc1,c1ccc(CCCC[C@H]2CCCN2)cc1,True,False,False,source_identity,1.0,0.7567567567567568,,,,,0.7623199999999992,0.15949999999999964,0.6028199999999996,True,0.5802758268226561,0.47902706341404183,0.10124876340861427,False,72.72,92.95,20.230000000000004,False,4.0,5.0,1.0,True,4.0,5.0,1.0,True,,,,
edit_latent_scaffold_source_rerank,mpair_00000730_cond_01_5p,mpair_00000730,eval,5,"MW,LogP,QED,HBD,RB",C=CCc1cc(/C=C2\SC(=O)NC2=O)c(OC)cc1OC1CCCCO1,C=CCc1cc(/C=C2\SC(=O)N(C(C)C)C2=O)c(OC)cc1OC1CCCCO1,C=CCc1cc(/C=C2\SC(=O)NC2=O)c(OC)cc1OC1CCCCO1,O=C1NC(=O)/C(=C/c2ccc(OC3CCCCO3)cc2)S1,O=C1NC(=O)/C(=C/c2ccc(OC3CCCCO3)cc2)S1,True,False,False,source_identity,1.0,0.6865671641791045,417.52700000000027,375.4460000000002,42.081000000000074,False,4.773800000000004,3.6530000000000022,1.1208000000000018,False,0.4701504427149941,0.6042673504148035,0.13411690769980938,False,,,,,0.0,1.0,1.0,True,,,,,7.0,6.0,1.0,True
edit_latent_scaffold_source_rerank,mpair_00002374_cond_00_5p,mpair_00002374,eval,5,"LogP,TPSA,HBD,HBA,RB",COc1cccc2sc([C@@H]3C[C@H]4CC[C@@H](C3)N4C[C@H](O)COc3cccc4[nH]c(C)cc34)cc12,COc1cccc2sc([C@@H]3C[C@H]4CC[C@@H](C3)N4C[C@H](O)COc3cccc4[nH]c(C(N)=O)cc34)cc12,COc1cccc2sc([C@@H]3C[C@H]4CC[C@@H](C3)N4C[C@H](O)COc3cccc4[nH]c(C)cc34)cc12,c1ccc2sc([C@@H]3C[C@H]4CC[C@@H](C3)N4CCCOc3cccc4[nH]ccc34)cc2c1,c1ccc2sc([C@@H]3C[C@H]4CC[C@@H](C3)N4CCCOc3cccc4[nH]ccc34)cc2c1,True,False,False,source_identity,1.0,0.7916666666666666,,,,,4.640400000000003,5.849920000000006,1.209520000000003,False,,,,,100.81,57.720000000000006,43.089999999999996,False,3.0,2.0,1.0,True,6.0,5.0,1.0,True,8.0,7.0,1.0,True
edit_latent_scaffold_source_rerank,mpair_00002479_cond_01_5p,mpair_00002479,eval,5,"MW,QED,TPSA,HBA,RB",COc1cc(NC(=O)c2cc(OCCCN(C)C)nn2Cc2ccccc2)cc(OC)c1OC,CN(C)CCCOc1cc(C(=O)Nc2cccc(Cl)c2)n(Cc2ccccc2)n1,COc1cc(NC(=O)c2cc(OCCCN(C)C)nn2Cc2ccccc2)cc(OC)c1OC,O=C(Nc1ccccc1)c1ccnn1Cc1ccccc1,O=C(Nc1ccccc1)c1ccnn1Cc1ccccc1,True,False,False,source_identity,1.0,0.71875,412.9210000000001,468.5540000000002,55.633000000000095,False,,,,,0.5357556879239462,0.4069700768443977,0.12878561107954856,False,59.39,87.08000000000001,27.690000000000012,False,,,,,5.0,8.0,3.0,False,9.0,12.0,3.0,False
edit_latent_scaffold_source_rerank,mpair_00002511_cond_02_5p,mpair_00002511,eval,5,"LogP,QED,TPSA,HBA,RB",CSc1cc(-c2ccc(Br)cc2)oc(=O)c1Br,CSc1cc(-c2ccc(Cl)cc2)oc(=O)c1C(N)=O,CSc1cc(-c2ccc(F)cc2)oc(=O)c1,O=c1cccc(-c2ccccc2)o1,O=c1cccc(-c2ccccc2)o1,True,False,False,,0.38636363636363635,0.34,,,,,2.7810000000000006,3.1678000000000024,0.3868000000000018,True,0.8837306867126842,0.7501191134076561,0.13361157330502804,False,73.30000000000001,30.21,43.09000000000001,False,,,,,4.0,3.0,1.0,True,3.0,2.0,1.0,True
edit_latent_scaffold_source_rerank,mpair_00002557_cond_00_5p,mpair_00002557,eval,5,"MW,LogP,QED,HBA,RB",CSc1nc(-c2ccc(C)cc2)nn1C(=O)N(C)c1ccccc1,CSc1nc(-c2ccc(OC(F)(F)F)cc2)nn1C(=O)N(C)c1ccccc1,CSc1nc(-c2ccc(C)cc2)nn1C(=O)N(C)c1ccccc1,O=C(Nc1ccccc1)n1cnc(-c2ccccc2)n1,O=C(Nc1ccccc1)n1cnc(-c2ccccc2)n1,True,False,False,source_identity,1.0,0.7169811320754716,408.4050000000001,338.43600000000004,69.96900000000005,False,4.670100000000003,4.079920000000002,0.590180000000001,True,0.5874043626188404,0.6753188675979567,0.08791450497911624,True,,,,,,,,,6.0,5.0,1.0,True,4.0,3.0,1.0,True
edit_latent_scaffold_source_rerank,mpair_00002581_cond_01_5p,mpair_00002581,eval,5,"MW,QED,TPSA,HBA,RB",COc1cc(C(=O)N2CCN(C(=O)c3cc(OC)c(OC)c(OC)c3)C(COC(=O)CC(C)(C)C)C2)cc(OC)c1OC,COc1cc(C(=O)N2CCN(C(=O)c3cc(OC)c(OC)c(OC)c3)CC2)cc(OC)c1OC,COc1cc(C(=O)N2CCN(C(=O)c3cc(OC)c(OC)c(OC)c3)C(COC(=O)CC(C)(C)C)C2)cc(OC)c1OC,O=C(c1ccccc1)N1CCN(C(=O)c2ccccc2)CC1,O=C(c1ccccc1)N1CCN(C(=O)c2ccccc2)CC1,True,False,False,source_identity,1.0,0.52,474.51000000000033,602.6810000000004,128.17100000000005,False,,,,,0.5754127815390553,0.3521539372279048,0.2232588443111505,False,96.00000000000001,122.30000000000001,26.299999999999997,False,,,,,8.0,10.0,2.0,False,8.0,11.0,3.0,False
edit_latent_scaffold_source_rerank,mpair_00002591_cond_02_5p,mpair_00002591,eval,5,"LogP,QED,TPSA,HBD,RB",COc1cc(C(=O)N2CCN(C(=O)c3cc(OC)c(OC)c(OC)c3)C(COC(=O)NCCC(C)C)C2)cc(OC)c1OC,COc1cc(C(=O)N2CCN(C(=O)c3cc(OC)c(OC)c(OC)c3)CC2)cc(OC)c1OC,COc1cc(C(=O)N2CCN(C(=O)c3cc(OC)c(OC)c(OC)c3)C(COC(=O)NCCC(C)C)C2)cc(OC)c1OC,O=C(c1ccccc1)N1CCN(C(=O)c2ccccc2)CC1,O=C(c1ccccc1)N1CCN(C(=O)c2ccccc2)CC1,True,False,False,source_identity,1.0,0.48148148148148145,,,,,2.3364000000000003,3.4773000000000023,1.140900000000002,False,0.5754127815390553,0.3561059094946873,0.219306872044368,False,96.00000000000001,134.33,38.33,False,0.0,1.0,1.0,True,,,,,8.0,13.0,5.0,False
edit_latent_scaffold_source_rerank,mpair_00002629_cond_02_5p,mpair_00002629,eval,5,"LogP,TPSA,HBD,HBA,RB",CC(C)CC(=O)N1C[C@H](c2ccccc2)C[C@H]1C(=O)N[C@@H](CC(F)F)C(=O)NCCc1c(F)cc(C(=O)O)cc1F,CC(C)(C)[C@H](O)C(=O)N1C[C@H](c2ccccc2)C[C@H]1C(=O)N[C@@H](CC(F)F)C(=O)NCCc1c(F)cc(C(=O)O)cc1F,CC(C)CC(=O)N1C[C@H](c2ccccc2)C[C@H]1C(=O)N[C@@H](CC(F)F)C(=O)NCCc1c(F)cc(C(=O)O)cc1F,O=C(CNC(=O)[C@@H]1C[C@@H](c2ccccc2)CN1)NCCc1ccccc1,O=C(CNC(=O)[C@@H]1C[C@@H](c2ccccc2)CN1)NCCc1ccccc1,True,False,False,source_identity,1.0,0.7567567567567568,,,,,3.253400000000001,3.892500000000002,0.6391000000000009,True,,,,,136.04,115.81000000000002,20.229999999999976,False,4.0,3.0,1.0,True,5.0,4.0,1.0,True,11.0,12.0,1.0,True
edit_latent_scaffold_source_rerank,mpair_00003117_cond_02_5p,mpair_00003117,eval,5,"MW,LogP,TPSA,HBA,RB",Cc1c[nH]c2c1C13CC1CN(C(=O)OC(C)(C)C)C3=CC2=O,COC(=O)c1cc2c([nH]1)C(=O)C=C1N(C(=O)OC(C)(C)C)CC3CC123,Cc1c[nH]c2c1C13CC1CN(C(=O)OC(C)(C)C)C3=CC2=O,O=C1C=C2NCC3CC23c2cc[nH]c21,O=C1C=C2NCC3CC23c2cc[nH]c21,True,False,False,source_identity,1.0,0.5873015873015873,344.36700000000013,300.358,44.00900000000013,False,2.389900000000001,2.9117200000000016,0.5218200000000008,True,,,,,88.7,62.4,26.300000000000004,False,,,,,5.0,3.0,2.0,False,1.0,0.0,1.0,True
edit_latent_scaffold_source_rerank,mpair_00003218_cond_01_5p,mpair_00003218,eval,5,"MW,LogP,QED,TPSA,HBA",COC(=O)c1cccc(C(=O)NO)c1N(Cc1cccnc1)S(=O)(=O)c1ccc(OC)cc1,COc1ccc(S(=O)(=O)N(Cc2cccnc2)c2c(C)cccc2C(=O)NO)cc1,COC(=O)c1cccc(C(=O)NO)c1N(Cc1cccnc1)S(=O)(=O)c1ccc(OC)cc1,O=S(=O)(c1ccccc1)N(Cc1cccnc1)c1ccccc1,O=S(=O)(c1ccccc1)N(Cc1cccnc1)c1ccccc1,True,False,False,source_identity,1.0,0.8333333333333334,427.48200000000014,471.49100000000016,44.009000000000015,False,2.91312,2.391300000000001,0.5218199999999991,True,0.44330794633881315,0.29046454626646695,0.1528434000723462,False,108.83000000000001,135.13,26.299999999999983,False,,,,,6.0,8.0,2.0,False,,,,
edit_latent_scaffold_source_rerank,mpair_00000599_cond_01_6p,mpair_00000599,eval,6,"MW,QED,TPSA,HBD,HBA,RB",CC1=C(C)C(=O)C(C(c2ccccc2)c2cccnc2)=C(C)C1=O,CC1=C(C)C(=O)C(C(c2cccnc2)c2cccc(/C=C/C(=O)O)c2)=C(C)C1=O,CC1=C(C)C(=O)C(C(c2ccccc2)c2cccnc2)=C(C)C1=O,O=C1C=CC(=O)C(C(c2ccccc2)c2cccnc2)=C1,O=C1C=CC(=O)C(C(c2ccccc2)c2cccnc2)=C1,True,False,False,source_identity,1.0,0.6326530612244898,387.4350000000002,317.3880000000001,70.04700000000008,False,,,,,0.6163061688930161,0.803366149239095,0.18705998034607885,False,84.33000000000001,47.03,37.30000000000001,False,1.0,0.0,1.0,True,4.0,3.0,1.0,True,5.0,3.0,2.0,False
edit_latent_scaffold_source_rerank,mpair_00002553_cond_01_6p,mpair_00002553,eval,6,"MW,LogP,QED,TPSA,HBD,RB",CSc1cc(-c2ccc(Cl)cc2)oc(=O)c1C(N)=O,CSc1cc(-c2ccc(Cl)cc2)oc(=O)c1Br,CSc1cc(-c2ccc(F)cc2)oc(=O)c1,O=c1cccc(-c2ccccc2)o1,O=c1cccc(-c2ccccc2)o1,True,False,False,,0.34,0.3695652173913043,331.61799999999994,236.26699999999997,95.35099999999997,False,4.444600000000001,3.1678000000000024,1.2767999999999988,False,0.7618841288913729,0.7501191134076561,0.011765015483716779,True,30.21,30.21,0.0,True,0.0,0.0,0.0,True,,,,,2.0,2.0,0.0,True
edit_latent_scaffold_source_rerank,mpair_00002580_cond_02_6p,mpair_00002580,eval,6,"MW,LogP,QED,HBD,HBA,RB",COc1cc(C(=O)N2CCN(C(=O)c3cc(OC)c(OC)c(OC)c3)C(COC(C)=O)C2)cc(OC)c1OC,COc1cc(C(=O)N2CCN(C(=O)c3cc(OC)c(OC)c(OC)c3)C(CO)C2)cc(OC)c1OC,COc1cc(C(=O)N2CCN(C(=O)c3cc(OC)c(OC)c(OC)c3)C(COC(C)=O)C2)cc(OC)c1OC,O=C(c1ccccc1)N1CCN(C(=O)c2ccccc2)CC1,O=C(c1ccccc1)N1CCN(C(=O)c2ccccc2)CC1,True,False,False,source_identity,1.0,0.75,504.53600000000034,546.5730000000003,42.03699999999998,False,1.6973000000000003,2.2681000000000004,0.5708000000000002,True,0.544633228323374,0.41028124355120477,0.13435198477216925,False,,,,,1.0,0.0,1.0,True,9.0,10.0,1.0,True,9.0,10.0,1.0,True
edit_latent_scaffold_source_rerank,mpair_00002588_cond_01_6p,mpair_00002588,eval,6,"MW,LogP,QED,TPSA,HBA,RB",COc1cc(C(=O)N2CCN(C(=O)c3cc(OC)c(OC)c(OC)c3)CC2)cc(OC)c1OC,CCN(CC)C(=O)OCC1CN(C(=O)c2cc(OC)c(OC)c(OC)c2)CCN1C(=O)c1cc(OC)c(OC)c(OC)c1,COc1cc(C(=O)N2CCN(C(=O)c3cc(OC)c(OC)c(OC)c3)CC2)cc(OC)c1OC,O=C(c1ccccc1)N1CCN(C(=O)c2ccccc2)CC1,O=C(c1ccccc1)N1CCN(C(=O)c2ccccc2)CC1,True,False,False,source_identity,1.0,0.52,603.6690000000003,474.51000000000033,129.159,False,3.1834000000000024,2.3364000000000003,0.8470000000000022,True,0.3571777118480848,0.5754127815390553,0.2182350696909705,False,125.54,96.00000000000001,29.539999999999992,False,,,,,10.0,8.0,2.0,False,12.0,8.0,4.0,False
edit_latent_scaffold_source_rerank,mpair_00002618_cond_01_6p,mpair_00002618,eval,6,"MW,LogP,QED,TPSA,HBD,HBA",COc1ccc(C(=O)Nc2c(Cl)cncc2Cl)c2ccc(C(C)O)nc12,COc1ccc(C(=O)Nc2ccncc2Cl)c2cccnc12,COc1ccc(C(=O)Nc2c(Cl)cncc2Cl)c2ccc(C(C)O)nc12,O=C(Nc1ccncc1)c1cccc2ncccc12,O=C(Nc1ccncc1)c1cccc2ncccc12,True,False,False,source_identity,1.0,0.49206349206349204,313.744,392.24200000000013,78.4980000000001,False,3.544100000000002,4.2508000000000035,0.7067000000000014,True,0.8029165077767629,0.6936033323496321,0.10931317542713082,False,64.11,84.34,20.230000000000004,False,1.0,2.0,1.0,True,4.0,5.0,1.0,True,,,,
edit_latent_scaffold_source_rerank,mpair_00003530_cond_00_6p,mpair_00003530,eval,6,"MW,LogP,QED,TPSA,HBA,RB",CCOC(=O)C(C)Oc1cccc(N(Cc2cccnc2)S(=O)(=O)CC(F)(F)F)c1,CC(C)COc1cccc(N(Cc2cccnc2)S(=O)(=O)CC(F)(F)F)c1,CCOC(=O)C(C)Oc1cccc(N(Cc2cccnc2)S(=O)(=O)CC(F)(F)F)c1,c1ccc(NCc2cccnc2)cc1,c1ccc(NCc2cccnc2)cc1,True,False,False,source_identity,1.0,0.6984126984126984,402.43800000000005,446.4470000000001,44.00900000000007,False,4.015100000000003,3.3107000000000024,0.7044000000000006,True,0.6693605971809802,0.5496815697636838,0.11967902741729641,False,59.5,85.80000000000001,26.30000000000001,False,,,,,4.0,6.0,2.0,False,8.0,9.0,1.0,True
edit_latent_scaffold_source_rerank,mpair_00002544_cond_01_7p,mpair_00002544,eval,7,"MW,LogP,QED,TPSA,HBD,HBA,RB",CSc1cc(-c2ccc(Cl)cc2)oc(=O)c1C(N)=O,CSc1cc(-c2ccc(Br)cc2)oc(=O)c1Br,CSc1cc(-c2ccc(F)cc2)oc(=O)c1,O=c1cccc(-c2ccccc2)o1,O=c1cccc(-c2ccccc2)o1,True,False,False,,0.34,0.38636363636363635,376.0690000000001,236.26699999999997,139.8020000000001,False,4.553700000000002,3.1678000000000024,1.3858999999999995,False,0.7207772389894862,0.7501191134076561,0.029341874418169933,True,30.21,30.21,0.0,True,0.0,0.0,0.0,True,3.0,3.0,0.0,True,2.0,2.0,0.0,True
target_oracle,mpair_00000001_cond_00_2p,mpair_00000001,eval,2,"MW,LogP",O=C(c1ccccc1C(F)(F)F)N1C[C@H](CN2CCC(c3ccccc3)CC2)[C@@H](c2ccccc2)C1,O=C(c1ccccc1F)N1C[C@H](CN2CCC(c3ccccc3)CC2)[C@@H](c2ccccc2)C1,O=C(c1ccccc1F)N1C[C@H](CN2CCC(c3ccccc3)CC2)[C@@H](c2ccccc2)C1,O=C(c1ccccc1)N1C[C@H](CN2CCC(c3ccccc3)CC2)[C@@H](c2ccccc2)C1,O=C(c1ccccc1)N1C[C@H](CN2CCC(c3ccccc3)CC2)[C@@H](c2ccccc2)C1,True,True,True,,0.7592592592592593,1.0,442.57800000000015,442.57800000000015,0.0,True,5.561100000000006,5.561100000000006,0.0,True,,,,,,,,,,,,,,,,,,,,
target_oracle,mpair_00000003_cond_02_2p,mpair_00000003,eval,2,"MW,RB",COc1cccc(C(=O)N2C[C@H](CN3CCC(c4ccccc4)CC3)[C@@H](c3ccccc3)C2)c1,O=C(c1ccccc1Br)N1C[C@H](CN2CCC(c3ccccc3)CC2)[C@@H](c2ccccc2)C1,O=C(c1ccccc1Br)N1C[C@H](CN2CCC(c3ccccc3)CC2)[C@@H](c2ccccc2)C1,O=C(c1ccccc1)N1C[C@H](CN2CCC(c3ccccc3)CC2)[C@@H](c2ccccc2)C1,O=C(c1ccccc1)N1C[C@H](CN2CCC(c3ccccc3)CC2)[C@@H](c2ccccc2)C1,True,True,True,,0.6065573770491803,1.0,503.48400000000026,503.48400000000026,0.0,True,,,,,,,,,,,,,,,,,,,,,5.0,5.0,0.0,True
target_oracle,mpair_00000006_cond_00_2p,mpair_00000006,eval,2,"MW,LogP",O=C(c1ccccc1F)N1C[C@H](CN2CCC(c3ccccc3)CC2)[C@@H](c2ccccc2)C1,O=C(c1ccccc1C(F)(F)F)N1C[C@H](CN2CCC(c3ccccc3)CC2)[C@@H](c2ccccc2)C1,O=C(c1ccccc1C(F)(F)F)N1C[C@H](CN2CCC(c3ccccc3)CC2)[C@@H](c2ccccc2)C1,O=C(c1ccccc1)N1C[C@H](CN2CCC(c3ccccc3)CC2)[C@@H](c2ccccc2)C1,O=C(c1ccccc1)N1C[C@H](CN2CCC(c3ccccc3)CC2)[C@@H](c2ccccc2)C1,True,True,True,,0.7592592592592593,1.0,492.5850000000002,492.5850000000002,0.0,True,6.4408000000000065,6.4408000000000065,0.0,True,,,,,,,,,,,,,,,,,,,,
target_oracle,mpair_00000008_cond_02_2p,mpair_00000008,eval,2,"MW,QED",O=C(c1ccccc1Br)N1C[C@H](CN2CCC(c3ccccc3)CC2)[C@@H](c2ccccc2)C1,O=C(c1ccccc1F)N1C[C@H](CN2CCC(c3ccccc3)CC2)[C@@H](c2ccccc2)C1,O=C(c1ccccc1F)N1C[C@H](CN2CCC(c3ccccc3)CC2)[C@@H](c2ccccc2)C1,O=C(c1ccccc1)N1C[C@H](CN2CCC(c3ccccc3)CC2)[C@@H](c2ccccc2)C1,O=C(c1ccccc1)N1C[C@H](CN2CCC(c3ccccc3)CC2)[C@@H](c2ccccc2)C1,True,True,True,,0.7692307692307693,1.0,442.57800000000015,442.57800000000015,0.0,True,,,,,0.5164092889512721,0.5164092889512721,0.0,True,,,,,,,,,,,,,,,,
target_oracle,mpair_00000012_cond_00_2p,mpair_00000012,eval,2,"MW,LogP",O=C(c1ccccc1F)N1C[C@H](CN2CCC(c3ccccc3)CC2)[C@@H](c2ccccc2)C1,O=C(c1ccccc1Br)N1C[C@H](CN2CCC(c3ccccc3)CC2)[C@@H](c2ccccc2)C1,O=C(c1ccccc1Br)N1C[C@H](CN2CCC(c3ccccc3)CC2)[C@@H](c2ccccc2)C1,O=C(c1ccccc1)N1C[C@H](CN2CCC(c3ccccc3)CC2)[C@@H](c2ccccc2)C1,O=C(c1ccccc1)N1C[C@H](CN2CCC(c3ccccc3)CC2)[C@@H](c2ccccc2)C1,True,True,True,,0.7692307692307693,1.0,503.48400000000026,503.48400000000026,0.0,True,6.184500000000006,6.184500000000006,0.0,True,,,,,,,,,,,,,,,,,,,,
target_oracle,mpair_00000020_cond_00_2p,mpair_00000020,eval,2,"MW,TPSA",O=C(O)CCC/C=C/C[C@@H]1[C@@H](COCc2ccccc2)C2CC1(c1ccccc1)CO2,N#Cc1ccc(COC[C@H]2C3CC(c4ccc(F)cc4)(CO3)[C@@H]2C/C=C/CCCC(=O)O)cc1,N#Cc1ccc(COC[C@H]2C3CC(c4ccc(F)cc4)(CO3)[C@@H]2C/C=C/CCCC(=O)O)cc1,c1ccc(COC[C@@H]2CC3(c4ccccc4)COC2C3)cc1,c1ccc(COC[C@@H]2CC3(c4ccccc4)COC2C3)cc1,True,True,True,,0.7391304347826086,1.0,463.5490000000003,463.5490000000003,0.0,True,,,,,,,,,79.55,79.55,0.0,True,,,,,,,,,,,,
target_oracle,mpair_00000325_cond_01_2p,mpair_00000325,eval,2,"MW,LogP",N[C@@H](C(=O)N[C@@H]1C(=O)N2C(C(=O)O)=C(C(F)(F)F)CC[C@H]12)c1ccc(F)cc1,N[C@@H](C(=O)N[C@@H]1C(=O)N2C(C(=O)O)=C(C(F)(F)F)CC[C@H]12)c1cccc(C(F)(F)F)c1,N[C@@H](C(=O)N[C@@H]1C(=O)N2C(C(=O)O)=C(C(F)(F)F)CC[C@H]12)c1cccc(C(F)(F)F)c1,O=C(Cc1ccccc1)N[C@@H]1C(=O)N2C=CCC[C@H]12,O=C(Cc1ccccc1)N[C@@H]1C(=O)N2C=CCC[C@H]12,True,True,True,,0.7377049180327869,1.0,451.3230000000001,451.3230000000001,0.0,True,2.0955999999999997,2.0955999999999997,0.0,True,,,,,,,,,,,,,,,,,,,,
target_oracle,mpair_00000335_cond_00_2p,mpair_00000335,eval,2,"MW,HBA",N[C@@H](C(=O)N[C@@H]1C(=O)N2C(C(=O)O)=C(C(F)(F)F)CC[C@H]12)c1cccc(Br)c1,N[C@@H](C(=O)N[C@@H]1C(=O)N2C(C(=O)O)=C(C(F)(F)F)CC[C@H]12)c1ccc(O)cc1,N[C@@H](C(=O)N[C@@H]1C(=O)N2C(C(=O)O)=C(C(F)(F)F)CC[C@H]12)c1ccc(O)cc1,O=C(Cc1ccccc1)N[C@@H]1C(=O)N2C=CCC[C@H]12,O=C(Cc1ccccc1)N[C@@H]1C(=O)N2C=CCC[C@H]12,True,True,True,,0.7377049180327869,1.0,399.3250000000001,399.3250000000001,0.0,True,,,,,,,,,,,,,,,,,5.0,5.0,0.0,True,,,,
target_oracle,mpair_00000338_cond_01_2p,mpair_00000338,eval,2,"MW,QED",N[C@@H](C(=O)N[C@@H]1C(=O)N2C(C(=O)O)=C(C(F)(F)F)CC[C@H]12)c1cccc(Br)c1,CSC1=C(C(=O)O)N2C(=O)[C@@H](NC(=O)[C@H](N)c3ccccc3)[C@H]2CC1,CSC1=C(C(=O)O)N2C(=O)[C@@H](NC(=O)[C@H](N)c3ccccc3)[C@H]2CC1,O=C(Cc1ccccc1)N[C@@H]1C(=O)N2C=CCC[C@H]12,O=C(Cc1ccccc1)N[C@@H]1C(=O)N2C=CCC[C@H]12,True,True,True,,0.5757575757575758,1.0,361.42300000000006,361.42300000000006,0.0,True,,,,,0.6699274889764619,0.6699274889764619,0.0,True,,,,,,,,,,,,,,,,
target_oracle,mpair_00000587_cond_01_2p,mpair_00000587,eval,2,"HBA,RB",Cc1ccc(CCCC[C@@H]2N[C@@H](CO)[C@H](O)[C@H]2O)cc1,COc1ccc(CCCC[C@@H]2N[C@@H](CO)[C@H](O)[C@H]2O)cc1,COc1ccc(CCCC[C@@H]2N[C@@H](CO)[C@H](O)[C@H]2O)cc1,c1ccc(CCCC[C@H]2CCCN2)cc1,c1ccc(CCCC[C@H]2CCCN2)cc1,True,True,True,,0.725,1.0,,,,,,,,,,,,,,,,,,,,,5.0,5.0,0.0,True,7.0,7.0,0.0,True
target_oracle,mpair_00000590_cond_00_2p,mpair_00000590,eval,2,"HBD,RB",OC[C@@H]1N[C@@H](CCCCc2ccc(O)cc2)[C@H](O)[C@H]1O,COc1ccc(CCCC[C@@H]2N[C@@H](CO)[C@H](O)[C@H]2O)cc1,COc1ccc(CCCC[C@@H]2N[C@@H](CO)[C@H](O)[C@H]2O)cc1,c1ccc(CCCC[C@H]2CCCN2)cc1,c1ccc(CCCC[C@H]2CCCN2)cc1,True,True,True,,0.7,1.0,,,,,,,,,,,,,,,,,4.0,4.0,0.0,True,,,,,7.0,7.0,0.0,True
target_oracle,mpair_00000592_cond_00_2p,mpair_00000592,eval,2,"HBA,RB",COc1ccc(CCCC[C@@H]2N[C@@H](CO)[C@H](O)[C@H]2O)cc1,Cc1ccc(CCCC[C@@H]2N[C@@H](CO)[C@H](O)[C@H]2O)cc1,Cc1ccc(CCCC[C@@H]2N[C@@H](CO)[C@H](O)[C@H]2O)cc1,c1ccc(CCCC[C@H]2CCCN2)cc1,c1ccc(CCCC[C@H]2CCCN2)cc1,True,True,True,,0.725,1.0,,,,,,,,,,,,,,,,,,,,,4.0,4.0,0.0,True,6.0,6.0,0.0,True
target_oracle,mpair_00000593_cond_02_2p,mpair_00000593,eval,2,"HBA,RB",OC[C@@H]1N[C@@H](CCCCc2cc(F)cc(F)c2)[C@H](O)[C@H]1O,COc1ccc(CCCC[C@@H]2N[C@@H](CO)[C@H](O)[C@H]2O)cc1,COc1ccc(CCCC[C@@H]2N[C@@H](CO)[C@H](O)[C@H]2O)cc1,c1ccc(CCCC[C@H]2CCCN2)cc1,c1ccc(CCCC[C@H]2CCCN2)cc1,True,True,True,,0.5681818181818182,1.0,,,,,,,,,,,,,,,,,,,,,5.0,5.0,0.0,True,7.0,7.0,0.0,True
target_oracle,mpair_00000596_cond_00_2p,mpair_00000596,eval,2,"HBA,RB",OC[C@@H]1N[C@@H](CCCCc2ccc(F)cc2)[C@H](O)[C@H]1O,COc1ccc(CCCC[C@@H]2N[C@@H](CO)[C@H](O)[C@H]2O)cc1,COc1ccc(CCCC[C@@H]2N[C@@H](CO)[C@H](O)[C@H]2O)cc1,c1ccc(CCCC[C@H]2CCCN2)cc1,c1ccc(CCCC[C@H]2CCCN2)cc1,True,True,True,,0.6829268292682927,1.0,,,,,,,,,,,,,,,,,,,,,5.0,5.0,0.0,True,7.0,7.0,0.0,True
target_oracle,mpair_00000599_cond_00_2p,mpair_00000599,eval,2,"QED,HBD",CC1=C(C)C(=O)C(C(c2ccccc2)c2cccnc2)=C(C)C1=O,CC1=C(C)C(=O)C(C(c2cccnc2)c2cccc(/C=C/C(=O)O)c2)=C(C)C1=O,CC1=C(C)C(=O)C(C(c2cccnc2)c2cccc(/C=C/C(=O)O)c2)=C(C)C1=O,O=C1C=CC(=O)C(C(c2ccccc2)c2cccnc2)=C1,O=C1C=CC(=O)C(C(c2ccccc2)c2cccnc2)=C1,True,True,True,,0.6326530612244898,1.0,,,,,,,,,0.6163061688930161,0.6163061688930161,0.0,True,,,,,1.0,1.0,0.0,True,,,,,,,,
target_oracle,mpair_00000727_cond_01_2p,mpair_00000727,eval,2,"QED,RB",C=CCc1cc(/C=C2\SC(=O)N(C(C)C)C2=O)c(OC)cc1OC1CCCCO1,C=CCc1cc(/C=C2\SC(=O)N(CCCC)C2=O)c(OC)cc1OC1CCCCO1,C=CCc1cc(/C=C2\SC(=O)N(CCCC)C2=O)c(OC)cc1OC1CCCCO1,O=C1NC(=O)/C(=C/c2ccc(OC3CCCCO3)cc2)S1,O=C1NC(=O)/C(=C/c2ccc(OC3CCCCO3)cc2)S1,True,True,True,,0.7285714285714285,1.0,,,,,,,,,0.39718598618589046,0.39718598618589046,0.0,True,,,,,,,,,,,,,9.0,9.0,0.0,True
target_oracle,mpair_00000730_cond_00_2p,mpair_00000730,eval,2,"HBD,RB",C=CCc1cc(/C=C2\SC(=O)NC2=O)c(OC)cc1OC1CCCCO1,C=CCc1cc(/C=C2\SC(=O)N(C(C)C)C2=O)c(OC)cc1OC1CCCCO1,C=CCc1cc(/C=C2\SC(=O)N(C(C)C)C2=O)c(OC)cc1OC1CCCCO1,O=C1NC(=O)/C(=C/c2ccc(OC3CCCCO3)cc2)S1,O=C1NC(=O)/C(=C/c2ccc(OC3CCCCO3)cc2)S1,True,True,True,,0.6865671641791045,1.0,,,,,,,,,,,,,,,,,0.0,0.0,0.0,True,,,,,7.0,7.0,0.0,True
target_oracle,mpair_00000732_cond_01_2p,mpair_00000732,eval,2,"LogP,QED",C=CCc1cc(/C=C2\SC(=O)N(CC=C)C2=O)c(OC)cc1OC1CCCCO1,C=CCc1cc(/C=C2\SC(=O)N(CC=C(C)C)C2=O)c(OC)cc1OC1CCCCO1,C=CCc1cc(/C=C2\SC(=O)N(CC=C(C)C)C2=O)c(OC)cc1OC1CCCCO1,O=C1NC(=O)/C(=C/c2ccc(OC3CCCCO3)cc2)S1,O=C1NC(=O)/C(=C/c2ccc(OC3CCCCO3)cc2)S1,True,True,True,,0.8615384615384616,1.0,,,,,5.331600000000005,5.331600000000005,0.0,True,0.3995752918375223,0.3995752918375223,0.0,True,,,,,,,,,,,,,,,,
target_oracle,mpair_00000736_cond_00_2p,mpair_00000736,eval,2,"QED,RB",C=CCc1cc(/C=C2\SC(=O)N(CCCC)C2=O)c(OC)cc1OC1CCCCO1,C=CCc1cc(/C=C2\SC(=O)N(C(C)C)C2=O)c(OC)cc1OC1CCCCO1,C=CCc1cc(/C=C2\SC(=O)N(C(C)C)C2=O)c(OC)cc1OC1CCCCO1,O=C1NC(=O)/C(=C/c2ccc(OC3CCCCO3)cc2)S1,O=C1NC(=O)/C(=C/c2ccc(OC3CCCCO3)cc2)S1,True,True,True,,0.7285714285714285,1.0,,,,,,,,,0.4701504427149941,0.4701504427149941,0.0,True,,,,,,,,,,,,,7.0,7.0,0.0,True
target_oracle,mpair_00000737_cond_02_2p,mpair_00000737,eval,2,"QED,HBD",C=CCc1cc(/C=C2\SC(=O)NC2=O)c(OC)cc1OC1CCCCO1,C=CCc1cc(/C=C2\SC(=O)N(C)C2=O)c(OC)cc1OC1CCCCO1,C=CCc1cc(/C=C2\SC(=O)N(C)C2=O)c(OC)cc1OC1CCCCO1,O=C1NC(=O)/C(=C/c2ccc(OC3CCCCO3)cc2)S1,O=C1NC(=O)/C(=C/c2ccc(OC3CCCCO3)cc2)S1,True,True,True,,0.71875,1.0,,,,,,,,,0.5413211960634129,0.5413211960634129,0.0,True,,,,,0.0,0.0,0.0,True,,,,,,,,
target_oracle,mpair_00000740_cond_02_2p,mpair_00000740,eval,2,"MW,QED",C=CCc1cc(/C=C2\SC(=O)N(C)C2=O)c(OC)cc1OC1CCCCO1,C=CCc1cc(/C=C2\SC(=O)N(CCCC)C2=O)c(OC)cc1OC1CCCCO1,C=CCc1cc(/C=C2\SC(=O)N(CCCC)C2=O)c(OC)cc1OC1CCCCO1,O=C1NC(=O)/C(=C/c2ccc(OC3CCCCO3)cc2)S1,O=C1NC(=O)/C(=C/c2ccc(OC3CCCCO3)cc2)S1,True,True,True,,0.7878787878787878,1.0,431.55400000000026,431.55400000000026,0.0,True,,,,,0.39718598618589046,0.39718598618589046,0.0,True,,,,,,,,,,,,,,,,
target_oracle,mpair_00000744_cond_00_2p,mpair_00000744,eval,2,"LogP,RB",C=CCc1cc(/C=C2\SC(=O)N(CC=C(C)C)C2=O)c(OC)cc1OC1CCCCO1,C=CCc1cc(/C=C2\SC(=O)N(C(C)C)C2=O)c(OC)cc1OC1CCCCO1,C=CCc1cc(/C=C2\SC(=O)N(C(C)C)C2=O)c(OC)cc1OC1CCCCO1,O=C1NC(=O)/C(=C/c2ccc(OC3CCCCO3)cc2)S1,O=C1NC(=O)/C(=C/c2ccc(OC3CCCCO3)cc2)S1,True,True,True,,0.7183098591549296,1.0,,,,,4.773800000000004,4.773800000000004,0.0,True,,,,,,,,,,,,,,,,,7.0,7.0,0.0,True
target_oracle,mpair_00000746_cond_00_2p,mpair_00000746,eval,2,"QED,RB",C=CCc1cc(/C=C2\SC(=O)N(CC=C)C2=O)c(OC)cc1OC1CCCCO1,C=CCc1cc(/C=C2\SC(=O)N(CCCC)C2=O)c(OC)cc1OC1CCCCO1,C=CCc1cc(/C=C2\SC(=O)N(CCCC)C2=O)c(OC)cc1OC1CCCCO1,O=C1NC(=O)/C(=C/c2ccc(OC3CCCCO3)cc2)S1,O=C1NC(=O)/C(=C/c2ccc(OC3CCCCO3)cc2)S1,True,True,True,,0.8181818181818182,1.0,,,,,,,,,0.39718598618589046,0.39718598618589046,0.0,True,,,,,,,,,,,,,9.0,9.0,0.0,True
target_oracle,mpair_00000751_cond_02_2p,mpair_00000751,eval,2,"LogP,RB",O=C1CCC[C@H]2OC[C@@H](Cc3c[nH]c4ccccc34)N12,CC[C@H]1CCC(=O)N2[C@H](Cc3c[nH]c4ccccc34)CO[C@H]12,CC[C@H]1CCC(=O)N2[C@H](Cc3c[nH]c4ccccc34)CO[C@H]12,O=C1CCC[C@H]2OC[C@@H](Cc3c[nH]c4ccccc34)N12,O=C1CCC[C@H]2OC[C@@H](Cc3c[nH]c4ccccc34)N12,True,True,True,,0.6607142857142857,1.0,,,,,3.0839000000000016,3.0839000000000016,0.0,True,,,,,,,,,,,,,,,,,3.0,3.0,0.0,True
target_oracle,mpair_00000755_cond_00_2p,mpair_00000755,eval,2,"LogP,RB",CC[C@H]1CCC(=O)N2[C@H](Cc3c[nH]c4ccccc34)CO[C@H]12,O=C1CCC[C@H]2OC[C@@H](Cc3c[nH]c4ccccc34)N12,O=C1CCC[C@H]2OC[C@@H](Cc3c[nH]c4ccccc34)N12,O=C1CCC[C@H]2OC[C@@H](Cc3c[nH]c4ccccc34)N12,O=C1CCC[C@H]2OC[C@@H](Cc3c[nH]c4ccccc34)N12,True,True,True,,0.6607142857142857,1.0,,,,,2.447800000000001,2.447800000000001,0.0,True,,,,,,,,,,,,,,,,,2.0,2.0,0.0,True
target_oracle,mpair_00000756_cond_02_2p,mpair_00000756,eval,2,"LogP,QED",Clc1cccc(-c2cncc(O[C@@H]3CCNC3)c2)c1,Clc1cccc(-c2cc(O[C@@H]3CCNC3)cnc2Cl)c1,Clc1cccc(-c2cc(O[C@@H]3CCNC3)cnc2Cl)c1,c1ccc(-c2cncc(O[C@@H]3CCNC3)c2)cc1,c1ccc(-c2cncc(O[C@@H]3CCNC3)c2)cc1,True,True,True,,0.68,1.0,,,,,3.796100000000002,3.796100000000002,0.0,True,0.8758671086324237,0.8758671086324237,0.0,True,,,,,,,,,,,,,,,,
target_oracle,mpair_00000759_cond_00_2p,mpair_00000759,eval,2,"MW,LogP",c1ccc(-c2cncc(O[C@@H]3CCNC3)c2)cc1,Clc1cccc(-c2cc(O[C@@H]3CCNC3)cnc2Cl)c1,Clc1cccc(-c2cc(O[C@@H]3CCNC3)cnc2Cl)c1,c1ccc(-c2cncc(O[C@@H]3CCNC3)c2)cc1,c1ccc(-c2cncc(O[C@@H]3CCNC3)c2)cc1,True,True,True,,0.5192307692307693,1.0,309.196,309.196,0.0,True,3.796100000000002,3.796100000000002,0.0,True,,,,,,,,,,,,,,,,,,,,
target_oracle,mpair_00000760_cond_02_2p,mpair_00000760,eval,2,"MW,LogP",Clc1cccc(-c2cc(O[C@@H]3CCNC3)cnc2Cl)c1,c1ccc(-c2cncc(O[C@@H]3CCNC3)c2)cc1,c1ccc(-c2cncc(O[C@@H]3CCNC3)c2)cc1,c1ccc(-c2cncc(O[C@@H]3CCNC3)c2)cc1,c1ccc(-c2cncc(O[C@@H]3CCNC3)c2)cc1,True,True,True,,0.5192307692307693,1.0,240.30599999999998,240.30599999999998,0.0,True,2.4893,2.4893,0.0,True,,,,,,,,,,,,,,,,,,,,
target_oracle,mpair_00000763_cond_01_2p,mpair_00000763,eval,2,"HBA,RB",COc1cccc(-c2cncc(O[C@@H]3CCNC3)c2)c1,c1ccc(-c2cncc(O[C@@H]3CCNC3)c2)cc1,c1ccc(-c2cncc(O[C@@H]3CCNC3)c2)cc1,c1ccc(-c2cncc(O[C@@H]3CCNC3)c2)cc1,c1ccc(-c2cncc(O[C@@H]3CCNC3)c2)cc1,True,True,True,,0.75,1.0,,,,,,,,,,,,,,,,,,,,,3.0,3.0,0.0,True,3.0,3.0,0.0,True
target_oracle,mpair_00000765_cond_00_2p,mpair_00000765,eval,2,"QED,HBA",COc1cccc(-c2cncc(O[C@@H]3CCNC3)c2)c1,Clc1cccc(-c2cc(O[C@@H]3CCNC3)cnc2Cl)c1,Clc1cccc(-c2cc(O[C@@H]3CCNC3)cnc2Cl)c1,c1ccc(-c2cncc(O[C@@H]3CCNC3)c2)cc1,c1ccc(-c2cncc(O[C@@H]3CCNC3)c2)cc1,True,True,True,,0.5,1.0,,,,,,,,,0.8758671086324237,0.8758671086324237,0.0,True,,,,,,,,,3.0,3.0,0.0,True,,,,
target_oracle,mpair_00001116_cond_00_2p,mpair_00001116,eval,2,"HBA,RB",COc1ccc(N2CCN(CCC3NC(=O)c4ccccc43)CC2)cc1,O=C1NC(CCN2CCN(c3ccccc3)CC2)c2ccccc21,O=C1NC(CCN2CCN(c3ccccc3)CC2)c2ccccc21,O=C1NC(CCN2CCN(c3ccccc3)CC2)c2ccccc21,O=C1NC(CCN2CCN(c3ccccc3)CC2)c2ccccc21,True,True,True,,0.7708333333333334,1.0,,,,,,,,,,,,,,,,,,,,,3.0,3.0,0.0,True,4.0,4.0,0.0,True
target_oracle,mpair_00001119_cond_01_2p,mpair_00001119,eval,2,"HBA,RB",O=C1NC(CCN2CCN(c3ccccc3)CC2)c2ccccc21,COc1ccc(N2CCN(CCC3NC(=O)c4ccccc43)CC2)cc1,COc1ccc(N2CCN(CCC3NC(=O)c4ccccc43)CC2)cc1,O=C1NC(CCN2CCN(c3ccccc3)CC2)c2ccccc21,O=C1NC(CCN2CCN(c3ccccc3)CC2)c2ccccc21,True,True,True,,0.7708333333333334,1.0,,,,,,,,,,,,,,,,,,,,,4.0,4.0,0.0,True,5.0,5.0,0.0,True
target_oracle,mpair_00001121_cond_00_2p,mpair_00001121,eval,2,"MW,QED",O=C1NC(CCN2CCN(c3ccccc3)CC2)c2ccccc21,CN1C(=O)c2ccccc2C1CCN1CCN(c2ccc(Cl)cc2)CC1,CN1C(=O)c2ccccc2C1CCN1CCN(c2ccc(Cl)cc2)CC1,O=C1NC(CCN2CCN(c3ccccc3)CC2)c2ccccc21,O=C1NC(CCN2CCN(c3ccccc3)CC2)c2ccccc21,True,True,True,,0.4909090909090909,1.0,369.8960000000001,369.8960000000001,0.0,True,,,,,0.8221231339252668,0.8221231339252668,0.0,True,,,,,,,,,,,,,,,,
target_oracle,mpair_00001122_cond_02_2p,mpair_00001122,eval,2,"QED,HBD",COc1ccc(N2CCN(CCC3c4ccccc4C(=O)N3C)CC2)cc1,COc1ccc(N2CCN(CCC3NC(=O)c4ccccc43)CC2)cc1,COc1ccc(N2CCN(CCC3NC(=O)c4ccccc43)CC2)cc1,O=C1NC(CCN2CCN(c3ccccc3)CC2)c2ccccc21,O=C1NC(CCN2CCN(c3ccccc3)CC2)c2ccccc21,True,True,True,,0.6545454545454545,1.0,,,,,,,,,0.8996022198661571,0.8996022198661571,0.0,True,,,,,1.0,1.0,0.0,True,,,,,,,,
target_oracle,mpair_00001126_cond_00_2p,mpair_00001126,eval,2,"LogP,HBA",Cc1ccc(N2CCN(CCC3NC(=O)c4ccccc43)CC2)cc1C,COc1ccc(N2CCN(CCC3NC(=O)c4ccccc43)CC2)cc1,COc1ccc(N2CCN(CCC3NC(=O)c4ccccc43)CC2)cc1,O=C1NC(CCN2CCN(c3ccccc3)CC2)c2ccccc21,O=C1NC(CCN2CCN(c3ccccc3)CC2)c2ccccc21,True,True,True,,0.7037037037037037,1.0,,,,,2.692000000000001,2.692000000000001,0.0,True,,,,,,,,,,,,,4.0,4.0,0.0,True,,,,
target_oracle,mpair_00001129_cond_00_2p,mpair_00001129,eval,2,"QED,HBD",Cc1ccc(N2CCN(CCC3NC(=O)c4ccccc43)CC2)cc1C,CN1C(=O)c2ccccc2C1CCN1CCN(c2ccc(Cl)cc2)CC1,CN1C(=O)c2ccccc2C1CCN1CCN(c2ccc(Cl)cc2)CC1,O=C1NC(CCN2CCN(c3ccccc3)CC2)c2ccccc21,O=C1NC(CCN2CCN(c3ccccc3)CC2)c2ccccc21,True,True,True,,0.45901639344262296,1.0,,,,,,,,,0.8221231339252668,0.8221231339252668,0.0,True,,,,,0.0,0.0,0.0,True,,,,,,,,
target_oracle,mpair_00001130_cond_02_2p,mpair_00001130,eval,2,"LogP,RB",COc1ccc(N2CCN(CCC3c4ccccc4C(=O)N3C)CC2)cc1,CN1C(=O)c2ccccc2C1CCN1CCN(c2ccc(Cl)cc2)CC1,CN1C(=O)c2ccccc2C1CCN1CCN(c2ccc(Cl)cc2)CC1,O=C1NC(CCN2CCN(c3ccccc3)CC2)c2ccccc21,O=C1NC(CCN2CCN(c3ccccc3)CC2)c2ccccc21,True,True,True,,0.76,1.0,,,,,3.679000000000003,3.679000000000003,0.0,True,,,,,,,,,,,,,,,,,4.0,4.0,0.0,True
target_oracle,mpair_00001134_cond_02_2p,mpair_00001134,eval,2,"MW,QED",FC(F)(F)c1cccc(N2CCN(c3nc4ccsc4n4cccc34)CC2)c1,Fc1ccc(N2CCN(c3nc4ccsc4n4cccc34)CC2)cc1,Fc1ccc(N2CCN(c3nc4ccsc4n4cccc34)CC2)cc1,c1ccc(N2CCN(c3nc4ccsc4n4cccc34)CC2)cc1,c1ccc(N2CCN(c3nc4ccsc4n4cccc34)CC2)cc1,True,True,True,,0.6666666666666666,1.0,352.43800000000016,352.43800000000016,0.0,True,,,,,0.5445182992427106,0.5445182992427106,0.0,True,,,,,,,,,,,,,,,,
target_oracle,mpair_00001617_cond_01_2p,mpair_00001617,eval,2,"QED,RB",Cc1cc(F)cc2c1OCc1c-2ccc2c1C(C)CC(C)(C)N2,CC1CC(C)(C)Nc2ccc3c(c21)COc1c-3cc(F)cc1[N+](=O)[O-],CC1CC(C)(C)Nc2ccc3c(c21)COc1c-3cc(F)cc1[N+](=O)[O-],c1ccc2c(c1)OCc1c-2ccc2c1CCCN2,c1ccc2c(c1)OCc1c-2ccc2c1CCCN2,True,True,True,,0.7192982456140351,1.0,,,,,,,,,0.5855235809891088,0.5855235809891088,0.0,True,,,,,,,,,,,,,1.0,1.0,0.0,True
target_oracle,mpair_00001643_cond_01_2p,mpair_00001643,eval,2,"MW,QED",C=C(Br)CC1(C(C)C)C(=O)NC(=O)N(C)C1=O,C=CCC1(C(C)C#CCC)C(=O)NC(=O)N(C)C1=O,C=CCC1(C(C)C#CCC)C(=O)NC(=O)N(C)C1=O,O=C1CC(=O)NC(=O)N1,O=C1CC(=O)NC(=O)N1,True,True,True,,0.42857142857142855,1.0,262.30899999999997,262.30899999999997,0.0,True,,,,,0.47348972477403223,0.47348972477403223,0.0,True,,,,,,,,,,,,,,,,
target_oracle,mpair_00002259_cond_00_2p,mpair_00002259,eval,2,"LogP,QED",Cc1ccccc1NC(=O)c1c(C)n(-c2ccccc2C)c(C)cc1=O,Cc1cccc(C)c1NC(=O)c1c(C)n(-c2c(C)cccc2C)c(C)cc1=O,Cc1cccc(C)c1NC(=O)c1c(C)n(-c2c(C)cccc2C)c(C)cc1=O,O=C(Nc1ccccc1)c1cn(-c2ccccc2)ccc1=O,O=C(Nc1ccccc1)c1cn(-c2ccccc2)ccc1=O,True,True,True,,0.5833333333333334,1.0,,,,,4.940320000000004,4.940320000000004,0.0,True,0.7058233303377046,0.7058233303377046,0.0,True,,,,,,,,,,,,,,,,
target_oracle,mpair_00002372_cond_00_2p,mpair_00002372,eval,2,"HBA,RB",CCCCCNC(=O)Nc1c(SCCCn2cnc(-c3ccccc3)c2C)cccc1N(C)C,CCCCCNC(=O)Nc1c(C)cccc1SCCCn1cnc(-c2ccccc2)c1C,CCCCCNC(=O)Nc1c(C)cccc1SCCCn1cnc(-c2ccccc2)c1C,c1ccc(SCCCn2cnc(-c3ccccc3)c2)cc1,c1ccc(SCCCn2cnc(-c3ccccc3)c2)cc1,True,True,True,,0.8208955223880597,1.0,,,,,,,,,,,,,,,,,,,,,4.0,4.0,0.0,True,11.0,11.0,0.0,True
target_oracle,mpair_00002373_cond_02_2p,mpair_00002373,eval,2,"HBA,RB",CCCCCNC(=O)Nc1c(C)cccc1SCCCn1cnc(-c2ccccc2)c1C,CCCCCNC(=O)Nc1c(SCCCn2cnc(-c3ccccc3)c2C)cccc1N(C)C,CCCCCNC(=O)Nc1c(SCCCn2cnc(-c3ccccc3)c2C)cccc1N(C)C,c1ccc(SCCCn2cnc(-c3ccccc3)c2)cc1,c1ccc(SCCCn2cnc(-c3ccccc3)c2)cc1,True,True,True,,0.8208955223880597,1.0,,,,,,,,,,,,,,,,,,,,,5.0,5.0,0.0,True,12.0,12.0,0.0,True
target_oracle,mpair_00002463_cond_02_2p,mpair_00002463,eval,2,"LogP,RB",COc1ccc(NC(=O)c2cc(OCCCN(C)C)nn2Cc2ccccc2)cc1,CN(C)CCCOc1cc(C(=O)Nc2ccc(Cl)cc2F)n(Cc2ccccc2)n1,CN(C)CCCOc1cc(C(=O)Nc2ccc(Cl)cc2F)n(Cc2ccccc2)n1,O=C(Nc1ccccc1)c1ccnn1Cc1ccccc1,O=C(Nc1ccccc1)c1ccnn1Cc1ccccc1,True,True,True,,0.6567164179104478,1.0,,,,,4.306700000000003,4.306700000000003,0.0,True,,,,,,,,,,,,,,,,,9.0,9.0,0.0,True
target_oracle,mpair_00002468_cond_00_2p,mpair_00002468,eval,2,"MW,QED",CN(C)CCCOc1cc(C(=O)Nc2cc(F)cc(C(F)(F)F)c2)n(Cc2ccccc2)n1,COc1ccc(NC(=O)c2cc(OCCCN(C)C)nn2Cc2ccccc2)cc1,COc1ccc(NC(=O)c2cc(OCCCN(C)C)nn2Cc2ccccc2)cc1,O=C(Nc1ccccc1)c1ccnn1Cc1ccccc1,O=C(Nc1ccccc1)c1ccnn1Cc1ccccc1,True,True,True,,0.6764705882352942,1.0,408.50200000000007,408.50200000000007,0.0,True,,,,,0.5200250404910086,0.5200250404910086,0.0,True,,,,,,,,,,,,,,,,
target_oracle,mpair_00002474_cond_02_2p,mpair_00002474,eval,2,"QED,TPSA",COc1cc(NC(=O)c2cc(OCCCN(C)C)nn2Cc2ccccc2)cc(OC)c1OC,CN(C)CCCOc1cc(C(=O)Nc2ccc(Cl)cc2F)n(Cc2ccccc2)n1,CN(C)CCCOc1cc(C(=O)Nc2ccc(Cl)cc2F)n(Cc2ccccc2)n1,O=C(Nc1ccccc1)c1ccnn1Cc1ccccc1,O=C(Nc1ccccc1)c1ccnn1Cc1ccccc1,True,True,True,,0.6376811594202898,1.0,,,,,,,,,0.5138601191048354,0.5138601191048354,0.0,True,59.39,59.39,0.0,True,,,,,,,,,,,,
target_oracle,mpair_00002477_cond_01_2p,mpair_00002477,eval,2,"QED,RB",CN(C)CCCOc1cc(C(=O)Nc2cc(F)cc(C(F)(F)F)c2)n(Cc2ccccc2)n1,CN(C)CCCOc1cc(C(=O)Nc2ccc(OC(F)(F)F)cc2)n(Cc2ccccc2)n1,CN(C)CCCOc1cc(C(=O)Nc2ccc(OC(F)(F)F)cc2)n(Cc2ccccc2)n1,O=C(Nc1ccccc1)c1ccnn1Cc1ccccc1,O=C(Nc1ccccc1)c1ccnn1Cc1ccccc1,True,True,True,,0.7101449275362319,1.0,,,,,,,,,0.4522382232340766,0.4522382232340766,0.0,True,,,,,,,,,,,,,10.0,10.0,0.0,True
target_oracle,mpair_00002481_cond_02_2p,mpair_00002481,eval,2,"TPSA,HBA",COc1cc(NC(=O)c2cc(OCCCN(C)C)nn2Cc2ccccc2)cc(OC)c1OC,CN(C)CCCOc1cc(C(=O)Nc2cc(F)cc(C(F)(F)F)c2)n(Cc2ccccc2)n1,CN(C)CCCOc1cc(C(=O)Nc2cc(F)cc(C(F)(F)F)c2)n(Cc2ccccc2)n1,O=C(Nc1ccccc1)c1ccnn1Cc1ccccc1,O=C(Nc1ccccc1)c1ccnn1Cc1ccccc1,True,True,True,,0.6811594202898551,1.0,,,,,,,,,,,,,59.39,59.39,0.0,True,,,,,5.0,5.0,0.0,True,,,,
target_oracle,mpair_00002484_cond_02_2p,mpair_00002484,eval,2,"LogP,RB",CN(C)CCCOc1cc(C(=O)Nc2cccc(Cl)c2)n(Cc2ccccc2)n1,COc1ccc(NC(=O)c2cc(OCCCN(C)C)nn2Cc2ccccc2)cc1,COc1ccc(NC(=O)c2cc(OCCCN(C)C)nn2Cc2ccccc2)cc1,O=C(Nc1ccccc1)c1ccnn1Cc1ccccc1,O=C(Nc1ccccc1)c1ccnn1Cc1ccccc1,True,True,True,,0.7419354838709677,1.0,,,,,3.522800000000002,3.522800000000002,0.0,True,,,,,,,,,,,,,,,,,10.0,10.0,0.0,True
target_oracle,mpair_00002487_cond_02_2p,mpair_00002487,eval,2,"QED,RB",CN(C)CCCOc1cc(C(=O)Nc2ccc(OC(F)(F)F)cc2)n(Cc2ccccc2)n1,CN(C)CCCOc1cc(C(=O)Nc2cc(F)cc(C(F)(F)F)c2)n(Cc2ccccc2)n1,CN(C)CCCOc1cc(C(=O)Nc2cc(F)cc(C(F)(F)F)c2)n(Cc2ccccc2)n1,O=C(Nc1ccccc1)c1ccnn1Cc1ccccc1,O=C(Nc1ccccc1)c1ccnn1Cc1ccccc1,True,True,True,,0.7101449275362319,1.0,,,,,,,,,0.369385517709234,0.369385517709234,0.0,True,,,,,,,,,,,,,9.0,9.0,0.0,True
target_oracle,mpair_00002492_cond_02_2p,mpair_00002492,eval,2,"LogP,TPSA",CC(C)OC(=O)c1cc(CO)cn1S(=O)(=O)c1cc(Cl)ccc1N,C=Cc1cc(C(=O)OCC)n(S(=O)(=O)c2cc(Cl)ccc2N)c1,C=Cc1cc(C(=O)OCC)n(S(=O)(=O)c2cc(Cl)ccc2N)c1,O=S(=O)(c1ccccc1)n1cccc1,O=S(=O)(c1ccccc1)n1cccc1,True,True,True,,0.5396825396825397,1.0,,,,,2.7804,2.7804,0.0,True,,,,,91.39,91.39,0.0,True,,,,,,,,,,,,
target_oracle,mpair_00002495_cond_01_2p,mpair_00002495,eval,2,"LogP,RB",O=C1C(Nc2ccccc2)=C(Cl)C(=O)c2ncncc21,CCc1ccc(NC2=C(Cl)C(=O)c3ncncc3C2=O)cc1,CCc1ccc(NC2=C(Cl)C(=O)c3ncncc3C2=O)cc1,O=C1C(Nc2ccccc2)=CC(=O)c2ncncc21,O=C1C(Nc2ccccc2)=CC(=O)c2ncncc21,True,True,True,,0.7045454545454546,1.0,,,,,2.980500000000001,2.980500000000001,0.0,True,,,,,,,,,,,,,,,,,3.0,3.0,0.0,True
target_oracle,mpair_00002497_cond_00_2p,mpair_00002497,eval,2,"MW,LogP",O=C1C(Nc2ccc(Br)cc2)=C(Cl)C(=O)c2ncncc21,O=C1C(Nc2ccccc2)=C(Cl)C(=O)c2ncncc21,O=C1C(Nc2ccccc2)=C(Cl)C(=O)c2ncncc21,O=C1C(Nc2ccccc2)=CC(=O)c2ncncc21,O=C1C(Nc2ccccc2)=CC(=O)c2ncncc21,True,True,True,,0.7560975609756098,1.0,285.69,285.69,0.0,True,2.4181,2.4181,0.0,True,,,,,,,,,,,,,,,,,,,,
target_oracle,mpair_00002499_cond_02_2p,mpair_00002499,eval,2,"MW,LogP",O=C1C(Nc2cccc(Br)c2)=C(Cl)C(=O)c2ncncc21,O=C1C(Nc2ccccc2)=C(Cl)C(=O)c2ncncc21,O=C1C(Nc2ccccc2)=C(Cl)C(=O)c2ncncc21,O=C1C(Nc2ccccc2)=CC(=O)c2ncncc21,O=C1C(Nc2ccccc2)=CC(=O)c2ncncc21,True,True,True,,0.7272727272727273,1.0,285.69,285.69,0.0,True,2.4181,2.4181,0.0,True,,,,,,,,,,,,,,,,,,,,
target_oracle,mpair_00002502_cond_01_2p,mpair_00002502,eval,2,"MW,QED",O=C1C(Nc2cccc(Br)c2)=C(Cl)C(=O)c2ncncc21,CCc1ccc(NC2=C(Cl)C(=O)c3ncncc3C2=O)cc1,CCc1ccc(NC2=C(Cl)C(=O)c3ncncc3C2=O)cc1,O=C1C(Nc2ccccc2)=CC(=O)c2ncncc21,O=C1C(Nc2ccccc2)=CC(=O)c2ncncc21,True,True,True,,0.5882352941176471,1.0,313.744,313.744,0.0,True,,,,,0.9428073960459649,0.9428073960459649,0.0,True,,,,,,,,,,,,,,,,
target_oracle,mpair_00002506_cond_00_2p,mpair_00002506,eval,2,"HBA,RB",Cc1ccc(C(=O)CN2c3ccccc3C(=O)N(Cc3ccccc3)S2(=O)=O)cc1,COc1ccc(C(=O)CN2c3ccccc3C(=O)N(Cc3ccccc3)S2(=O)=O)cc1,COc1ccc(C(=O)CN2c3ccccc3C(=O)N(Cc3ccccc3)S2(=O)=O)cc1,O=C(CN1c2ccccc2C(=O)N(Cc2ccccc2)S1(=O)=O)c1ccccc1,O=C(CN1c2ccccc2C(=O)N(Cc2ccccc2)S1(=O)=O)c1ccccc1,True,True,True,,0.7843137254901961,1.0,,,,,,,,,,,,,,,,,,,,,5.0,5.0,0.0,True,6.0,6.0,0.0,True
target_oracle,mpair_00002510_cond_01_2p,mpair_00002510,eval,2,"LogP,HBA",CSc1cc(-c2ccc(Br)cc2)oc(=O)c1C#N,CSc1cc(-c2ccc(Br)cc2)oc(=O)c1Cl,CSc1cc(-c2ccc(Br)cc2)oc(=O)c1Cl,O=c1cccc(-c2ccccc2)o1,O=c1cccc(-c2ccccc2)o1,True,True,True,,0.6428571428571429,1.0,,,,,4.444600000000002,4.444600000000002,0.0,True,,,,,,,,,,,,,3.0,3.0,0.0,True,,,,
target_oracle,mpair_00002517_cond_00_2p,mpair_00002517,eval,2,"MW,LogP",CSc1cc(-c2ccc(Cl)cc2)oc(=O)c1Br,CSc1cc(-c2ccc(Cl)cc2)oc(=O)c1,CSc1cc(-c2ccc(Cl)cc2)oc(=O)c1,O=c1cccc(-c2ccccc2)o1,O=c1cccc(-c2ccccc2)o1,True,True,True,,0.5365853658536586,1.0,252.72199999999998,252.72199999999998,0.0,True,3.682100000000002,3.682100000000002,0.0,True,,,,,,,,,,,,,,,,,,,,
target_oracle,mpair_00002525_cond_00_2p,mpair_00002525,eval,2,"QED,RB",CSc1cc(-c2ccc(Cl)cc2)oc(=O)c1C(N)=O,CSc1cc(-c2ccc(Br)cc2)oc(=O)c1C#N,CSc1cc(-c2ccc(Br)cc2)oc(=O)c1C#N,O=c1cccc(-c2ccccc2)o1,O=c1cccc(-c2ccccc2)o1,True,True,True,,0.43137254901960786,1.0,,,,,,,,,0.791886779601309,0.791886779601309,0.0,True,,,,,,,,,,,,,2.0,2.0,0.0,True
target_oracle,mpair_00002533_cond_01_2p,mpair_00002533,eval,2,"LogP,HBA",CSc1cc(-c2ccc(Br)cc2)oc(=O)c1C#N,CSc1cc(-c2ccc(Cl)cc2)oc(=O)c1Br,CSc1cc(-c2ccc(Cl)cc2)oc(=O)c1Br,O=c1cccc(-c2ccccc2)o1,O=c1cccc(-c2ccccc2)o1,True,True,True,,0.5333333333333333,1.0,,,,,4.444600000000001,4.444600000000001,0.0,True,,,,,,,,,,,,,3.0,3.0,0.0,True,,,,
target_oracle,mpair_00002543_cond_00_2p,mpair_00002543,eval,2,"TPSA,HBD",CSc1cc(-c2ccc(Br)cc2)oc(=O)c1Cl,CSc1cc(-c2ccc(Cl)cc2)oc(=O)c1C(N)=O,CSc1cc(-c2ccc(Cl)cc2)oc(=O)c1C(N)=O,O=c1cccc(-c2ccccc2)o1,O=c1cccc(-c2ccccc2)o1,True,True,True,,0.5217391304347826,1.0,,,,,,,,,,,,,73.30000000000001,73.30000000000001,0.0,True,1.0,1.0,0.0,True,,,,,,,,
target_oracle,mpair_00002548_cond_02_2p,mpair_00002548,eval,2,"MW,LogP",CSc1cc(-c2ccc(Cl)cc2)oc(=O)c1,CSc1cc(-c2ccc(Br)cc2)oc(=O)c1Cl,CSc1cc(-c2ccc(Br)cc2)oc(=O)c1Cl,O=c1cccc(-c2ccccc2)o1,O=c1cccc(-c2ccccc2)o1,True,True,True,,0.4318181818181818,1.0,331.61800000000005,331.61800000000005,0.0,True,4.444600000000002,4.444600000000002,0.0,True,,,,,,,,,,,,,,,,,,,,
target_oracle,mpair_00002558_cond_00_2p,mpair_00002558,eval,2,"MW,HBA",CSc1nc(-c2ccc(OC(F)(F)F)cc2)nn1C(=O)N(C)c1ccccc1,CSc1nc(-c2ccc(Cl)cc2)nn1C(=O)N(C)c1ccccc1,CSc1nc(-c2ccc(Cl)cc2)nn1C(=O)N(C)c1ccccc1,O=C(Nc1ccccc1)n1cnc(-c2ccccc2)n1,O=C(Nc1ccccc1)n1cnc(-c2ccccc2)n1,True,True,True,,0.7037037037037037,1.0,358.85400000000004,358.85400000000004,0.0,True,,,,,,,,,,,,,,,,,5.0,5.0,0.0,True,,,,
target_oracle,mpair_00002561_cond_02_2p,mpair_00002561,eval,2,"LogP,RB",CSc1nc(-c2ccc(C)cc2)nn1C(=O)N(C)c1ccccc1,CN(C(=O)n1nc(-c2ccc(Cl)cc2)nc1SCC(F)(F)F)c1ccccc1,CN(C(=O)n1nc(-c2ccc(Cl)cc2)nc1SCC(F)(F)F)c1ccccc1,O=C(Nc1ccccc1)n1cnc(-c2ccccc2)n1,O=C(Nc1ccccc1)n1cnc(-c2ccccc2)n1,True,True,True,,0.5862068965517241,1.0,,,,,5.357400000000003,5.357400000000003,0.0,True,,,,,,,,,,,,,,,,,4.0,4.0,0.0,True
target_oracle,mpair_00002564_cond_00_2p,mpair_00002564,eval,2,"LogP,HBA",CSc1nc(-c2ccc(OC(F)(F)F)cc2)nn1C(=O)N(C)c1ccccc1,CN(C(=O)n1nc(-c2ccc(Cl)cc2)nc1SCC(F)(F)F)c1ccccc1,CN(C(=O)n1nc(-c2ccc(Cl)cc2)nc1SCC(F)(F)F)c1ccccc1,O=C(Nc1ccccc1)n1cnc(-c2ccccc2)n1,O=C(Nc1ccccc1)n1cnc(-c2ccccc2)n1,True,True,True,,0.5967741935483871,1.0,,,,,5.357400000000003,5.357400000000003,0.0,True,,,,,,,,,,,,,5.0,5.0,0.0,True,,,,
target_oracle,mpair_00002566_cond_02_2p,mpair_00002566,eval,2,"HBD,RB",COc1cc(C(=O)N2CCN(C(=O)c3cc(OC)c(OC)c(OC)c3)C(COC(=O)CC(C)(C)C)C2)cc(OC)c1OC,COc1cc(C(=O)N2CCN(C(=O)c3cc(OC)c(OC)c(OC)c3)C(COC(=O)NCCC(C)C)C2)cc(OC)c1OC,COc1cc(C(=O)N2CCN(C(=O)c3cc(OC)c(OC)c(OC)c3)C(COC(=O)NCCC(C)C)C2)cc(OC)c1OC,O=C(c1ccccc1)N1CCN(C(=O)c2ccccc2)CC1,O=C(c1ccccc1)N1CCN(C(=O)c2ccccc2)CC1,True,True,True,,0.6451612903225806,1.0,,,,,,,,,,,,,,,,,1.0,1.0,0.0,True,,,,,13.0,13.0,0.0,True
target_oracle,mpair_00002569_cond_02_2p,mpair_00002569,eval,2,"TPSA,HBA",COc1cc(C(=O)N2CCN(C(=O)c3cc(OC)c(OC)c(OC)c3)CC2)cc(OC)c1OC,COc1cc(C(=O)N2CCN(C(=O)c3cc(OC)c(OC)c(OC)c3)C(CO)C2)cc(OC)c1OC,COc1cc(C(=O)N2CCN(C(=O)c3cc(OC)c(OC)c(OC)c3)C(CO)C2)cc(OC)c1OC,O=C(c1ccccc1)N1CCN(C(=O)c2ccccc2)CC1,O=C(c1ccccc1)N1CCN(C(=O)c2ccccc2)CC1,True,True,True,,0.6341463414634146,1.0,,,,,,,,,,,,,116.23000000000002,116.23000000000002,0.0,True,,,,,9.0,9.0,0.0,True,,,,
target_oracle,mpair_00002573_cond_01_2p,mpair_00002573,eval,2,"LogP,RB",COc1cc(C(=O)N2CCN(C(=O)c3cc(OC)c(OC)c(OC)c3)C(COC(=O)CC(C)(C)C)C2)cc(OC)c1OC,COc1cc(C(=O)N2CCN(C(=O)c3cc(OC)c(OC)c(OC)c3)C(COC(C)=O)C2)cc(OC)c1OC,COc1cc(C(=O)N2CCN(C(=O)c3cc(OC)c(OC)c(OC)c3)C(COC(C)=O)C2)cc(OC)c1OC,O=C(c1ccccc1)N1CCN(C(=O)c2ccccc2)CC1,O=C(c1ccccc1)N1CCN(C(=O)c2ccccc2)CC1,True,True,True,,0.7547169811320755,1.0,,,,,2.2681000000000004,2.2681000000000004,0.0,True,,,,,,,,,,,,,,,,,10.0,10.0,0.0,True
target_oracle,mpair_00002575_cond_02_2p,mpair_00002575,eval,2,"LogP,QED",COc1cc(C(=O)N2CCN(C(=O)c3cc(OC)c(OC)c(OC)c3)C(COC(C)=O)C2)cc(OC)c1OC,COc1cc(C(=O)N2CCN(C(=O)c3cc(OC)c(OC)c(OC)c3)C(COC(=O)CC(C)(C)C)C2)cc(OC)c1OC,COc1cc(C(=O)N2CCN(C(=O)c3cc(OC)c(OC)c(OC)c3)C(COC(=O)CC(C)(C)C)C2)cc(OC)c1OC,O=C(c1ccccc1)N1CCN(C(=O)c2ccccc2)CC1,O=C(c1ccccc1)N1CCN(C(=O)c2ccccc2)CC1,True,True,True,,0.7547169811320755,1.0,,,,,3.684400000000003,3.684400000000003,0.0,True,0.3521539372279048,0.3521539372279048,0.0,True,,,,,,,,,,,,,,,,
target_oracle,mpair_00002578_cond_00_2p,mpair_00002578,eval,2,"LogP,RB",CCN(CC)C(=O)OCC1CN(C(=O)c2cc(OC)c(OC)c(OC)c2)CCN1C(=O)c1cc(OC)c(OC)c(OC)c1,COc1cc(C(=O)N2CCN(C(=O)c3cc(OC)c(OC)c(OC)c3)C(COC(=O)CC(C)(C)C)C2)cc(OC)c1OC,COc1cc(C(=O)N2CCN(C(=O)c3cc(OC)c(OC)c(OC)c3)C(COC(=O)CC(C)(C)C)C2)cc(OC)c1OC,O=C(c1ccccc1)N1CCN(C(=O)c2ccccc2)CC1,O=C(c1ccccc1)N1CCN(C(=O)c2ccccc2)CC1,True,True,True,,0.6896551724137931,1.0,,,,,3.684400000000003,3.684400000000003,0.0,True,,,,,,,,,,,,,,,,,11.0,11.0,0.0,True
target_oracle,mpair_00002585_cond_02_2p,mpair_00002585,eval,2,"TPSA,RB",COc1cc(C(=O)N2CCN(C(=O)c3cc(OC)c(OC)c(OC)c3)C(COC(C)=O)C2)cc(OC)c1OC,COc1cc(C(=O)N2CCN(C(=O)c3cc(OC)c(OC)c(OC)c3)CC2)cc(OC)c1OC,COc1cc(C(=O)N2CCN(C(=O)c3cc(OC)c(OC)c(OC)c3)CC2)cc(OC)c1OC,O=C(c1ccccc1)N1CCN(C(=O)c2ccccc2)CC1,O=C(c1ccccc1)N1CCN(C(=O)c2ccccc2)CC1,True,True,True,,0.5777777777777777,1.0,,,,,,,,,,,,,96.00000000000001,96.00000000000001,0.0,True,,,,,,,,,8.0,8.0,0.0,True
target_oracle,mpair_00002595_cond_02_2p,mpair_00002595,eval,2,"TPSA,HBA",COc1cc(C(=O)N2CCN(C(=O)c3cc(OC)c(OC)c(OC)c3)CC2)cc(OC)c1OC,COc1cc(C(=O)N2CCN(C(=O)c3cc(OC)c(OC)c(OC)c3)C(COC(=O)CC(C)(C)C)C2)cc(OC)c1OC,COc1cc(C(=O)N2CCN(C(=O)c3cc(OC)c(OC)c(OC)c3)C(COC(=O)CC(C)(C)C)C2)cc(OC)c1OC,O=C(c1ccccc1)N1CCN(C(=O)c2ccccc2)CC1,O=C(c1ccccc1)N1CCN(C(=O)c2ccccc2)CC1,True,True,True,,0.52,1.0,,,,,,,,,,,,,122.30000000000001,122.30000000000001,0.0,True,,,,,10.0,10.0,0.0,True,,,,
target_oracle,mpair_00002599_cond_00_2p,mpair_00002599,eval,2,"TPSA,HBA",COc1ccc(C(=O)Nc2c(Cl)cncc2Cl)c2ccc(C(C)=O)nc12,CCc1ccc2c(C(=O)Nc3c(Cl)cncc3Cl)ccc(OC)c2n1,CCc1ccc2c(C(=O)Nc3c(Cl)cncc3Cl)ccc(OC)c2n1,O=C(Nc1ccncc1)c1cccc2ncccc12,O=C(Nc1ccncc1)c1cccc2ncccc12,True,True,True,,0.7222222222222222,1.0,,,,,,,,,,,,,64.11,64.11,0.0,True,,,,,4.0,4.0,0.0,True,,,,
target_oracle,mpair_00002602_cond_00_2p,mpair_00002602,eval,2,"TPSA,HBD",COc1ccc(C(=O)Nc2ccncc2Cl)c2ccc(C(F)(F)F)nc12,COc1ccc(C(=O)Nc2c(Cl)cncc2Cl)c2ccc(C(C)O)nc12,COc1ccc(C(=O)Nc2c(Cl)cncc2Cl)c2ccc(C(C)O)nc12,O=C(Nc1ccncc1)c1cccc2ncccc12,O=C(Nc1ccncc1)c1cccc2ncccc12,True,True,True,,0.5230769230769231,1.0,,,,,,,,,,,,,84.34,84.34,0.0,True,2.0,2.0,0.0,True,,,,,,,,
target_oracle,mpair_00002604_cond_01_2p,mpair_00002604,eval,2,"TPSA,HBA",CCc1ccc2c(C(=O)Nc3c(Cl)cncc3Cl)ccc(OC)c2n1,COc1ccc(C(=O)Nc2c(Cl)cncc2Cl)c2ccc(C(C)=O)nc12,COc1ccc(C(=O)Nc2c(Cl)cncc2Cl)c2ccc(C(C)=O)nc12,O=C(Nc1ccncc1)c1cccc2ncccc12,O=C(Nc1ccncc1)c1cccc2ncccc12,True,True,True,,0.7222222222222222,1.0,,,,,,,,,,,,,81.17999999999999,81.17999999999999,0.0,True,,,,,5.0,5.0,0.0,True,,,,
target_oracle,mpair_00002609_cond_00_2p,mpair_00002609,eval,2,"LogP,QED",COc1ccc(C(=O)Nc2c(Cl)cncc2Cl)c2cccnc12,CCc1ccc2c(C(=O)Nc3c(Cl)cncc3Cl)ccc(OC)c2n1,CCc1ccc2c(C(=O)Nc3c(Cl)cncc3Cl)ccc(OC)c2n1,O=C(Nc1ccncc1)c1cccc2ncccc12,O=C(Nc1ccncc1)c1cccc2ncccc12,True,True,True,,0.6545454545454545,1.0,,,,,4.759900000000003,4.759900000000003,0.0,True,0.7131894410136064,0.7131894410136064,0.0,True,,,,,,,,,,,,,,,,
target_oracle,mpair_00002612_cond_02_2p,mpair_00002612,eval,2,"LogP,RB",CCc1ccc2c(C(=O)Nc3c(Cl)cncc3Cl)ccc(OC)c2n1,COc1ccc(C(=O)Nc2c(F)cncc2F)c2ccc(C(F)(F)F)nc12,COc1ccc(C(=O)Nc2c(F)cncc2F)c2ccc(C(F)(F)F)nc12,O=C(Nc1ccncc1)c1cccc2ncccc12,O=C(Nc1ccncc1)c1cccc2ncccc12,True,True,True,,0.5409836065573771,1.0,,,,,4.187700000000001,4.187700000000001,0.0,True,,,,,,,,,,,,,,,,,3.0,3.0,0.0,True
target_oracle,mpair_00002616_cond_02_2p,mpair_00002616,eval,2,"HBA,RB",COc1ccc(C(=O)Nc2c(F)cncc2F)c2ccc(C(F)(F)F)nc12,COc1ccc(C(=O)Nc2c(Cl)cncc2Cl)c2ccc(C(C)=O)nc12,COc1ccc(C(=O)Nc2c(Cl)cncc2Cl)c2ccc(C(C)=O)nc12,O=C(Nc1ccncc1)c1cccc2ncccc12,O=C(Nc1ccncc1)c1cccc2ncccc12,True,True,True,,0.55,1.0,,,,,,,,,,,,,,,,,,,,,5.0,5.0,0.0,True,4.0,4.0,0.0,True
target_oracle,mpair_00002621_cond_01_2p,mpair_00002621,eval,2,"MW,QED",COc1ccc(C(=O)Nc2c(Cl)cncc2Cl)c2cccnc12,COc1ccc(C(=O)Nc2c(F)cncc2F)c2ccc(C(F)(F)F)nc12,COc1ccc(C(=O)Nc2c(F)cncc2F)c2ccc(C(F)(F)F)nc12,O=C(Nc1ccncc1)c1cccc2ncccc12,O=C(Nc1ccncc1)c1cccc2ncccc12,True,True,True,,0.4918032786885246,1.0,383.276,383.276,0.0,True,,,,,0.6893032571109005,0.6893032571109005,0.0,True,,,,,,,,,,,,,,,,
target_oracle,mpair_00002624_cond_00_2p,mpair_00002624,eval,2,"LogP,QED",COc1ccc(C(=O)Nc2ccncc2Cl)c2ccc(C(F)(F)F)nc12,COc1ccc(C(=O)Nc2ccncc2Cl)c2cccnc12,COc1ccc(C(=O)Nc2ccncc2Cl)c2cccnc12,O=C(Nc1ccncc1)c1cccc2ncccc12,O=C(Nc1ccncc1)c1cccc2ncccc12,True,True,True,,0.6724137931034483,1.0,,,,,3.544100000000002,3.544100000000002,0.0,True,0.8029165077767629,0.8029165077767629,0.0,True,,,,,,,,,,,,,,,,
target_oracle,mpair_00002628_cond_02_2p,mpair_00002628,eval,2,"LogP,QED",CC(C)[C@@H](O)C(=O)N1C[C@H](c2ccccc2)C[C@H]1C(=O)N[C@@H](CC(F)F)C(=O)NCCc1c(F)cc(C(=O)O)cc1F,CC(C)CC(=O)N1C[C@H](c2ccccc2)C[C@H]1C(=O)N[C@@H](CC(F)F)C(=O)NCCc1c(F)cc(C(=O)O)cc1F,CC(C)CC(=O)N1C[C@H](c2ccccc2)C[C@H]1C(=O)N[C@@H](CC(F)F)C(=O)NCCc1c(F)cc(C(=O)O)cc1F,O=C(CNC(=O)[C@@H]1C[C@@H](c2ccccc2)CN1)NCCc1ccccc1,O=C(CNC(=O)[C@@H]1C[C@@H](c2ccccc2)CN1)NCCc1ccccc1,True,True,True,,0.7916666666666666,1.0,,,,,3.892500000000002,3.892500000000002,0.0,True,0.3302613314122171,0.3302613314122171,0.0,True,,,,,,,,,,,,,,,,
target_oracle,mpair_00003109_cond_00_2p,mpair_00003109,eval,2,"LogP,QED",CN1CCC[C@H]1COc1cccnn1,CN1CCC[C@H]1COc1ccc(Cl)nn1,CN1CCC[C@H]1COc1ccc(Cl)nn1,c1cnnc(OC[C@@H]2CCCN2)c1,c1cnnc(OC[C@@H]2CCCN2)c1,True,True,True,,0.6511627906976745,1.0,,,,,1.6029999999999998,1.6029999999999998,0.0,True,0.7864914737289573,0.7864914737289573,0.0,True,,,,,,,,,,,,,,,,
target_oracle,mpair_00003110_cond_02_2p,mpair_00003110,eval,2,"QED,RB",CCCCc1nnc2nc(C)c(C)c(=O)n2n1,Cc1nc2nnc(C(C)(C)C)nn2c(=O)c1C,Cc1nc2nnc(C(C)(C)C)nn2c(=O)c1C,O=c1ccnc2nncnn12,O=c1ccnc2nncnn12,True,True,True,,0.5238095238095238,1.0,,,,,,,,,0.6723856505150625,0.6723856505150625,0.0,True,,,,,,,,,,,,,0.0,0.0,0.0,True
target_oracle,mpair_00003112_cond_01_2p,mpair_00003112,eval,2,"LogP,QED",Cc1nc2nnc(C(C)(C)C)nn2c(=O)c1C,Cc1nc2nncnn2c(=O)c1C,Cc1nc2nncnn2c(=O)c1C,O=c1ccnc2nncnn12,O=c1ccnc2nncnn12,True,True,True,,0.48717948717948717,1.0,,,,,-0.5036600000000002,-0.5036600000000002,0.0,True,0.541825521381232,0.541825521381232,0.0,True,,,,,,,,,,,,,,,,
target_oracle,mpair_00003201_cond_01_2p,mpair_00003201,eval,2,"HBD,HBA",O=C(O)c1ccc(NCCCCCCc2cccs2)cc1,CCOC(=O)c1ccc(NCCCCCCc2cccs2)cc1,CCOC(=O)c1ccc(NCCCCCCc2cccs2)cc1,c1ccc(NCCCCCCc2cccs2)cc1,c1ccc(NCCCCCCc2cccs2)cc1,True,True,True,,0.7021276595744681,1.0,,,,,,,,,,,,,,,,,1.0,1.0,0.0,True,4.0,4.0,0.0,True,,,,
target_oracle,mpair_00003203_cond_01_2p,mpair_00003203,eval,2,"TPSA,HBA",N#Cc1cnn(C(=O)OCc2ccc(-c3ccccc3)cc2)c1,Cc1cnn(C(=O)OCc2ccc(-c3ccccc3)cc2)c1,Cc1cnn(C(=O)OCc2ccc(-c3ccccc3)cc2)c1,O=C(OCc1ccc(-c2ccccc2)cc1)n1cccn1,O=C(OCc1ccc(-c2ccccc2)cc1)n1cccn1,True,True,True,,0.6808510638297872,1.0,,,,,,,,,,,,,44.120000000000005,44.120000000000005,0.0,True,,,,,4.0,4.0,0.0,True,,,,
target_oracle,mpair_00003205_cond_00_2p,mpair_00003205,eval,2,"TPSA,HBA",N#Cc1cnn(C(=O)OCc2ccc(-c3ccccc3)cc2)c1,O=C(OCc1ccc(-c2ccccc2)cc1)n1cccn1,O=C(OCc1ccc(-c2ccccc2)cc1)n1cccn1,O=C(OCc1ccc(-c2ccccc2)cc1)n1cccn1,O=C(OCc1ccc(-c2ccccc2)cc1)n1cccn1,True,True,True,,0.5833333333333334,1.0,,,,,,,,,,,,,44.120000000000005,44.120000000000005,0.0,True,,,,,4.0,4.0,0.0,True,,,,
target_oracle,mpair_00003208_cond_01_2p,mpair_00003208,eval,2,"QED,TPSA",NC(=O)N/N=C\c1ccccc1OCc1ccc2no[n+]([O-])c2c1,NC(=S)N/N=C/c1cccc(OCc2ccc3no[n+]([O-])c3c2)c1,NC(=S)N/N=C/c1cccc(OCc2ccc3no[n+]([O-])c3c2)c1,c1ccc(OCc2ccc3no[nH+]c3c2)cc1,c1ccc(OCc2ccc3no[nH+]c3c2)cc1,True,True,True,,0.5882352941176471,1.0,,,,,,,,,0.30972390933844063,0.30972390933844063,0.0,True,112.61,112.61,0.0,True,,,,,,,,,,,,
target_oracle,mpair_00003211_cond_01_2p,mpair_00003211,eval,2,"MW,LogP",CC[C@H]1OC(=O)[C@H](C)[C@@H](OC(C)=O)[C@H](C)[C@@H](OC2O[C@H](C)C[C@H](N(C)C)C2O)[C@@](C)(OC)C[C@@H](C)C(=O)[C@H](C)[C@@H](O)[C@]1(C)O,CC[C@H]1OC(=O)[C@H](C)[C@@H](O)[C@H](C)[C@@H](OC2O[C@H](C)C[C@H](N(C)C)C2O)[C@@](C)(OC)C[C@@H](C)C(=O)[C@H](C)[C@@H](O)[C@]1(C)O,CC[C@H]1OC(=O)[C@H](C)[C@@H](O)[C@H](C)[C@@H](OC2O[C@H](C)C[C@H](N(C)C)C2O)[C@@](C)(OC)C[C@@H](C)C(=O)[C@H](C)[C@@H](O)[C@]1(C)O,O=C1CCCCOC(=O)CCC[C@@H](OC2CCCCO2)CCC1,O=C1CCCCOC(=O)CCC[C@@H](OC2CCCCO2)CCC1,True,True,True,,0.821917808219178,1.0,589.7670000000004,589.7670000000004,0.0,True,1.5145000000000022,1.5145000000000022,0.0,True,,,,,,,,,,,,,,,,,,,,
target_oracle,mpair_00003215_cond_00_2p,mpair_00003215,eval,2,"MW,TPSA",COC(=O)c1ccc2c(Nc3ccc(Cl)cc3)nc(N3CCOCC3)nc2c1,Clc1ccc(Nc2nc(N3CCOCC3)nc3ccccc23)cc1,Clc1ccc(Nc2nc(N3CCOCC3)nc3ccccc23)cc1,c1ccc(Nc2nc(N3CCOCC3)nc3ccccc23)cc1,c1ccc(Nc2nc(N3CCOCC3)nc3ccccc23)cc1,True,True,True,,0.631578947368421,1.0,340.81399999999996,340.81399999999996,0.0,True,,,,,,,,,50.28,50.28,0.0,True,,,,,,,,,,,,
target_oracle,mpair_00003223_cond_00_2p,mpair_00003223,eval,2,"MW,QED",COc1ccc(S(=O)(=O)N(Cc2cccnc2)c2c(C)cc(Br)cc2C(=O)NO)cc1,COc1ccc(S(=O)(=O)N(Cc2cccnc2)c2c(C)cccc2C(=O)NO)cc1,COc1ccc(S(=O)(=O)N(Cc2cccnc2)c2c(C)cccc2C(=O)NO)cc1,O=S(=O)(c1ccccc1)N(Cc1cccnc1)c1ccccc1,O=S(=O)(c1ccccc1)N(Cc1cccnc1)c1ccccc1,True,True,True,,0.819672131147541,1.0,427.48200000000014,427.48200000000014,0.0,True,,,,,0.44330794633881315,0.44330794633881315,0.0,True,,,,,,,,,,,,,,,,
target_oracle,mpair_00003225_cond_00_2p,mpair_00003225,eval,2,"QED,RB",COCCCN(/C(S)=C1/C(=O)c2cc(Cl)ccc2N(C)C1=O)c1ccccc1,COc1cccc(N(C)/C(S)=C2/C(=O)c3cc(Cl)ccc3N(C)C2=O)c1,COc1cccc(N(C)/C(S)=C2/C(=O)c3cc(Cl)ccc3N(C)C2=O)c1,O=C1Nc2ccccc2C(=O)/C1=C/Nc1ccccc1,O=C1Nc2ccccc2C(=O)/C1=C/Nc1ccccc1,True,True,True,,0.5846153846153846,1.0,,,,,,,,,0.4935411914533051,0.4935411914533051,0.0,True,,,,,,,,,,,,,3.0,3.0,0.0,True
target_oracle,mpair_00003226_cond_02_2p,mpair_00003226,eval,2,"QED,RB",COc1cccc(N(C)/C(S)=C2/C(=O)c3cc(Cl)ccc3N(C)C2=O)c1,COCCCN(/C(S)=C1/C(=O)c2cc(Cl)ccc2N(C)C1=O)c1ccccc1,COCCCN(/C(S)=C1/C(=O)c2cc(Cl)ccc2N(C)C1=O)c1ccccc1,O=C1Nc2ccccc2C(=O)/C1=C/Nc1ccccc1,O=C1Nc2ccccc2C(=O)/C1=C/Nc1ccccc1,True,True,True,,0.5846153846153846,1.0,,,,,,,,,0.3319041471572704,0.3319041471572704,0.0,True,,,,,,,,,,,,,6.0,6.0,0.0,True
target_oracle,mpair_00003229_cond_01_2p,mpair_00003229,eval,2,"HBD,HBA",CCCCc1nn(-c2ccccn2)c(C(=O)OCC)c1Cc1ccc(-c2ccccc2-c2nn[nH]n2)cc1,CCCCc1nn(-c2ccccn2)c(C(=O)O)c1Cc1ccc(-c2ccccc2-c2nn[nH]n2)cc1,CCCCc1nn(-c2ccccn2)c(C(=O)O)c1Cc1ccc(-c2ccccc2-c2nn[nH]n2)cc1,c1ccc(-n2cc(Cc3ccc(-c4ccccc4-c4nn[nH]n4)cc3)cn2)nc1,c1ccc(-n2cc(Cc3ccc(-c4ccccc4-c4nn[nH]n4)cc3)cn2)nc1,True,True,True,,0.8405797101449275,1.0,,,,,,,,,,,,,,,,,2.0,2.0,0.0,True,7.0,7.0,0.0,True,,,,
target_oracle,mpair_00003534_cond_00_2p,mpair_00003534,eval,2,"QED,RB",O=S(=O)(CC(F)(F)F)N(Cc1cccnc1)c1cccc(OC(F)(F)F)c1,CC(C)Oc1cccc(N(Cc2cccnc2)S(=O)(=O)CC(F)(F)F)c1,CC(C)Oc1cccc(N(Cc2cccnc2)S(=O)(=O)CC(F)(F)F)c1,c1ccc(NCc2cccnc2)cc1,c1ccc(NCc2cccnc2)cc1,True,True,True,,0.7777777777777778,1.0,,,,,,,,,0.7245796953652621,0.7245796953652621,0.0,True,,,,,,,,,,,,,7.0,7.0,0.0,True
target_oracle,mpair_00003537_cond_00_2p,mpair_00003537,eval,2,"MW,QED",CC(C)COc1cccc(N(Cc2cccnc2)S(=O)(=O)CC(F)(F)F)c1,CCOC(=O)C(C)Oc1cccc(N(Cc2cccnc2)S(=O)(=O)CC(F)(F)F)c1,CCOC(=O)C(C)Oc1cccc(N(Cc2cccnc2)S(=O)(=O)CC(F)(F)F)c1,c1ccc(NCc2cccnc2)cc1,c1ccc(NCc2cccnc2)cc1,True,True,True,,0.6984126984126984,1.0,446.4470000000001,446.4470000000001,0.0,True,,,,,0.5496815697636838,0.5496815697636838,0.0,True,,,,,,,,,,,,,,,,
target_oracle,mpair_00003541_cond_02_2p,mpair_00003541,eval,2,"LogP,QED",CC(C)Oc1cccc(N(Cc2cccnc2)S(=O)(=O)CC(F)(F)F)c1,CCC(C)COc1cccc(N(Cc2cccnc2)S(=O)(=O)CC(F)(F)F)c1,CCC(C)COc1cccc(N(Cc2cccnc2)S(=O)(=O)CC(F)(F)F)c1,c1ccc(NCc2cccnc2)cc1,c1ccc(NCc2cccnc2)cc1,True,True,True,,0.7457627118644068,1.0,,,,,4.405200000000004,4.405200000000004,0.0,True,0.6078002459089881,0.6078002459089881,0.0,True,,,,,,,,,,,,,,,,
target_oracle,mpair_00003543_cond_01_2p,mpair_00003543,eval,2,"QED,RB",CC(C)Oc1cccc(N(Cc2cccnc2)S(=O)(=O)CC(F)(F)F)c1,COc1cccc(N(Cc2cccnc2)S(=O)(=O)CC(F)(F)F)c1,COc1cccc(N(Cc2cccnc2)S(=O)(=O)CC(F)(F)F)c1,c1ccc(NCc2cccnc2)cc1,c1ccc(NCc2cccnc2)cc1,True,True,True,,0.8113207547169812,1.0,,,,,,,,,0.7946521442277092,0.7946521442277092,0.0,True,,,,,,,,,,,,,6.0,6.0,0.0,True
target_oracle,mpair_00003546_cond_00_2p,mpair_00003546,eval,2,"MW,RB",COc1cccc(N(Cc2cccnc2)S(=O)(=O)CC(F)(F)F)c1,CCCC(C)Oc1cccc(N(Cc2cccnc2)S(=O)(=O)CC(F)(F)F)c1,CCCC(C)Oc1cccc(N(Cc2cccnc2)S(=O)(=O)CC(F)(F)F)c1,c1ccc(NCc2cccnc2)cc1,c1ccc(NCc2cccnc2)cc1,True,True,True,,0.7413793103448276,1.0,416.4650000000001,416.4650000000001,0.0,True,,,,,,,,,,,,,,,,,,,,,9.0,9.0,0.0,True
target_oracle,mpair_00003548_cond_00_2p,mpair_00003548,eval,2,"QED,RB",CCOC(=O)C(C)Oc1cccc(N(Cc2cccnc2)S(=O)(=O)CC(F)(F)F)c1,O=S(=O)(CC(F)(F)F)N(Cc1cccnc1)c1cccc(OC(F)(F)F)c1,O=S(=O)(CC(F)(F)F)N(Cc1cccnc1)c1cccc(OC(F)(F)F)c1,c1ccc(NCc2cccnc2)cc1,c1ccc(NCc2cccnc2)cc1,True,True,True,,0.6885245901639344,1.0,,,,,,,,,0.6736163493728189,0.6736163493728189,0.0,True,,,,,,,,,,,,,6.0,6.0,0.0,True
target_oracle,mpair_00000001_cond_02_3p,mpair_00000001,eval,3,"MW,LogP,QED",O=C(c1ccccc1C(F)(F)F)N1C[C@H](CN2CCC(c3ccccc3)CC2)[C@@H](c2ccccc2)C1,O=C(c1ccccc1F)N1C[C@H](CN2CCC(c3ccccc3)CC2)[C@@H](c2ccccc2)C1,O=C(c1ccccc1F)N1C[C@H](CN2CCC(c3ccccc3)CC2)[C@@H](c2ccccc2)C1,O=C(c1ccccc1)N1C[C@H](CN2CCC(c3ccccc3)CC2)[C@@H](c2ccccc2)C1,O=C(c1ccccc1)N1C[C@H](CN2CCC(c3ccccc3)CC2)[C@@H](c2ccccc2)C1,True,True,True,,0.7592592592592593,1.0,442.57800000000015,442.57800000000015,0.0,True,5.561100000000006,5.561100000000006,0.0,True,0.5164092889512721,0.5164092889512721,0.0,True,,,,,,,,,,,,,,,,
target_oracle,mpair_00000009_cond_00_3p,mpair_00000009,eval,3,"LogP,HBA,RB",COc1cccc(C(=O)N2C[C@H](CN3CCC(c4ccccc4)CC3)[C@@H](c3ccccc3)C2)c1,O=C(c1cccc(Cl)c1)N1C[C@H](CN2CCC(c3ccccc3)CC2)[C@@H](c2ccccc2)C1,O=C(c1cccc(Cl)c1)N1C[C@H](CN2CCC(c3ccccc3)CC2)[C@@H](c2ccccc2)C1,O=C(c1ccccc1)N1C[C@H](CN2CCC(c3ccccc3)CC2)[C@@H](c2ccccc2)C1,O=C(c1ccccc1)N1C[C@H](CN2CCC(c3ccccc3)CC2)[C@@H](c2ccccc2)C1,True,True,True,,0.7413793103448276,1.0,,,,,6.075400000000006,6.075400000000006,0.0,True,,,,,,,,,,,,,2.0,2.0,0.0,True,5.0,5.0,0.0,True
target_oracle,mpair_00000014_cond_00_3p,mpair_00000014,eval,3,"MW,TPSA,HBA",O=C(O)[C@@H]1C[C@H]2C[C@@H](CCS(=O)(=O)O)CC[C@H]2CN1,O=C(O)CC[C@H]1CC[C@H]2CN[C@H](C(=O)O)C[C@H]2C1,O=C(O)CC[C@H]1CC[C@H]2CN[C@H](C(=O)O)C[C@H]2C1,C1CC[C@H]2CNCC[C@H]2C1,C1CC[C@H]2CNCC[C@H]2C1,True,True,True,,0.6829268292682927,1.0,255.314,255.314,0.0,True,,,,,,,,,86.63000000000001,86.63000000000001,0.0,True,,,,,3.0,3.0,0.0,True,,,,
target_oracle,mpair_00000021_cond_01_3p,mpair_00000021,eval,3,"MW,TPSA,HBA",N#Cc1ccc(COC[C@H]2C3CC(c4ccc(F)cc4)(CO3)[C@@H]2C/C=C/CCCC(=O)O)cc1,O=C(O)CCC/C=C/C[C@@H]1[C@@H](COCc2ccccc2)C2CC1(c1ccccc1)CO2,O=C(O)CCC/C=C/C[C@@H]1[C@@H](COCc2ccccc2)C2CC1(c1ccccc1)CO2,c1ccc(COC[C@@H]2CC3(c4ccccc4)COC2C3)cc1,c1ccc(COC[C@@H]2CC3(c4ccccc4)COC2C3)cc1,True,True,True,,0.7391304347826086,1.0,420.5490000000002,420.5490000000002,0.0,True,,,,,,,,,55.760000000000005,55.760000000000005,0.0,True,,,,,3.0,3.0,0.0,True,,,,
target_oracle,mpair_00000328_cond_02_3p,mpair_00000328,eval,3,"MW,LogP,QED",N[C@@H](C(=O)N[C@@H]1C(=O)N2C(C(=O)O)=C(C(F)(F)F)CC[C@H]12)c1ccc(F)cc1,N[C@@H](C(=O)N[C@@H]1C(=O)N2C(C(=O)O)=C(C(F)(F)F)CC[C@H]12)c1cccc(Br)c1,N[C@@H](C(=O)N[C@@H]1C(=O)N2C(C(=O)O)=C(C(F)(F)F)CC[C@H]12)c1cccc(Br)c1,O=C(Cc1ccccc1)N[C@@H]1C(=O)N2C=CCC[C@H]12,O=C(Cc1ccccc1)N[C@@H]1C(=O)N2C=CCC[C@H]12,True,True,True,,0.7377049180327869,1.0,462.2220000000001,462.2220000000001,0.0,True,1.8392999999999997,1.8392999999999997,0.0,True,0.5917241763797754,0.5917241763797754,0.0,True,,,,,,,,,,,,,,,,
target_oracle,mpair_00000331_cond_00_3p,mpair_00000331,eval,3,"TPSA,HBD,HBA",N[C@@H](C(=O)N[C@@H]1C(=O)N2C(C(=O)O)=C(C(F)(F)F)CC[C@H]12)c1ccc(O)cc1,N[C@@H](C(=O)N[C@@H]1C(=O)N2C(C(=O)O)=C(C(F)(F)F)CC[C@H]12)c1ccc(F)cc1,N[C@@H](C(=O)N[C@@H]1C(=O)N2C(C(=O)O)=C(C(F)(F)F)CC[C@H]12)c1ccc(F)cc1,O=C(Cc1ccccc1)N[C@@H]1C(=O)N2C=CCC[C@H]12,O=C(Cc1ccccc1)N[C@@H]1C(=O)N2C=CCC[C@H]12,True,True,True,,0.8545454545454545,1.0,,,,,,,,,,,,,112.73,112.73,0.0,True,3.0,3.0,0.0,True,4.0,4.0,0.0,True,,,,
target_oracle,mpair_00000333_cond_02_3p,mpair_00000333,eval,3,"MW,QED,RB",N[C@@H](C(=O)N[C@@H]1C(=O)N2C(C(=O)O)=C(C(F)(F)F)CC[C@H]12)c1ccc(F)cc1,CSC1=C(C(=O)O)N2C(=O)[C@@H](NC(=O)[C@H](N)c3ccccc3)[C@H]2CC1,CSC1=C(C(=O)O)N2C(=O)[C@@H](NC(=O)[C@H](N)c3ccccc3)[C@H]2CC1,O=C(Cc1ccccc1)N[C@@H]1C(=O)N2C=CCC[C@H]12,O=C(Cc1ccccc1)N[C@@H]1C(=O)N2C=CCC[C@H]12,True,True,True,,0.5873015873015873,1.0,361.42300000000006,361.42300000000006,0.0,True,,,,,0.6699274889764619,0.6699274889764619,0.0,True,,,,,,,,,,,,,5.0,5.0,0.0,True
target_oracle,mpair_00000591_cond_02_3p,mpair_00000591,eval,3,"TPSA,HBD,HBA",OC[C@@H]1N[C@@H](CCCCc2ccc(F)cc2)[C@H](O)[C@H]1O,OC[C@@H]1N[C@@H](CCCCc2ccc(O)cc2)[C@H](O)[C@H]1O,OC[C@@H]1N[C@@H](CCCCc2ccc(O)cc2)[C@H](O)[C@H]1O,c1ccc(CCCC[C@H]2CCCN2)cc1,c1ccc(CCCC[C@H]2CCCN2)cc1,True,True,True,,0.7567567567567568,1.0,,,,,,,,,,,,,92.95,92.95,0.0,True,5.0,5.0,0.0,True,5.0,5.0,0.0,True,,,,
target_oracle,mpair_00000599_cond_02_3p,mpair_00000599,eval,3,"QED,TPSA,RB",CC1=C(C)C(=O)C(C(c2ccccc2)c2cccnc2)=C(C)C1=O,CC1=C(C)C(=O)C(C(c2cccnc2)c2cccc(/C=C/C(=O)O)c2)=C(C)C1=O,CC1=C(C)C(=O)C(C(c2cccnc2)c2cccc(/C=C/C(=O)O)c2)=C(C)C1=O,O=C1C=CC(=O)C(C(c2ccccc2)c2cccnc2)=C1,O=C1C=CC(=O)C(C(c2ccccc2)c2cccnc2)=C1,True,True,True,,0.6326530612244898,1.0,,,,,,,,,0.6163061688930161,0.6163061688930161,0.0,True,84.33000000000001,84.33000000000001,0.0,True,,,,,,,,,5.0,5.0,0.0,True
target_oracle,mpair_00000735_cond_01_3p,mpair_00000735,eval,3,"LogP,QED,HBD",C=CCc1cc(/C=C2\SC(=O)N(CC=C(C)C)C2=O)c(OC)cc1OC1CCCCO1,C=CCc1cc(/C=C2\SC(=O)NC2=O)c(OC)cc1OC1CCCCO1,C=CCc1cc(/C=C2\SC(=O)NC2=O)c(OC)cc1OC1CCCCO1,O=C1NC(=O)/C(=C/c2ccc(OC3CCCCO3)cc2)S1,O=C1NC(=O)/C(=C/c2ccc(OC3CCCCO3)cc2)S1,True,True,True,,0.647887323943662,1.0,,,,,3.6530000000000022,3.6530000000000022,0.0,True,0.6042673504148035,0.6042673504148035,0.0,True,,,,,1.0,1.0,0.0,True,,,,,,,,
target_oracle,mpair_00000741_cond_00_3p,mpair_00000741,eval,3,"LogP,QED,RB",C=CCc1cc(/C=C2\SC(=O)N(C)C2=O)c(OC)cc1OC1CCCCO1,C=CCc1cc(/C=C2\SC(=O)N(C(C)C)C2=O)c(OC)cc1OC1CCCCO1,C=CCc1cc(/C=C2\SC(=O)N(C(C)C)C2=O)c(OC)cc1OC1CCCCO1,O=C1NC(=O)/C(=C/c2ccc(OC3CCCCO3)cc2)S1,O=C1NC(=O)/C(=C/c2ccc(OC3CCCCO3)cc2)S1,True,True,True,,0.796875,1.0,,,,,4.773800000000004,4.773800000000004,0.0,True,0.4701504427149941,0.4701504427149941,0.0,True,,,,,,,,,,,,,7.0,7.0,0.0,True
target_oracle,mpair_00000744_cond_02_3p,mpair_00000744,eval,3,"LogP,QED,RB",C=CCc1cc(/C=C2\SC(=O)N(CC=C(C)C)C2=O)c(OC)cc1OC1CCCCO1,C=CCc1cc(/C=C2\SC(=O)N(C(C)C)C2=O)c(OC)cc1OC1CCCCO1,C=CCc1cc(/C=C2\SC(=O)N(C(C)C)C2=O)c(OC)cc1OC1CCCCO1,O=C1NC(=O)/C(=C/c2ccc(OC3CCCCO3)cc2)S1,O=C1NC(=O)/C(=C/c2ccc(OC3CCCCO3)cc2)S1,True,True,True,,0.7183098591549296,1.0,,,,,4.773800000000004,4.773800000000004,0.0,True,0.4701504427149941,0.4701504427149941,0.0,True,,,,,,,,,,,,,7.0,7.0,0.0,True
target_oracle,mpair_00000748_cond_00_3p,mpair_00000748,eval,3,"LogP,QED,RB",C=CCc1cc(/C=C2\SC(=O)N(C)C2=O)c(OC)cc1OC1CCCCO1,C=CCc1cc(/C=C2\SC(=O)N(CC=C)C2=O)c(OC)cc1OC1CCCCO1,C=CCc1cc(/C=C2\SC(=O)N(CC=C)C2=O)c(OC)cc1OC1CCCCO1,O=C1NC(=O)/C(=C/c2ccc(OC3CCCCO3)cc2)S1,O=C1NC(=O)/C(=C/c2ccc(OC3CCCCO3)cc2)S1,True,True,True,,0.8095238095238095,1.0,,,,,4.551400000000004,4.551400000000004,0.0,True,0.45838471716690443,0.45838471716690443,0.0,True,,,,,,,,,,,,,8.0,8.0,0.0,True
target_oracle,mpair_00000750_cond_02_3p,mpair_00000750,eval,3,"MW,TPSA,HBA",COC(=O)C[C@@H]1CC(=O)N2[C@H](Cc3c[nH]c4ccccc34)CO[C@@H]2C1,O=C1CCC[C@H]2OC[C@@H](Cc3c[nH]c4ccccc34)N12,O=C1CCC[C@H]2OC[C@@H](Cc3c[nH]c4ccccc34)N12,O=C1CCC[C@H]2OC[C@@H](Cc3c[nH]c4ccccc34)N12,O=C1CCC[C@H]2OC[C@@H](Cc3c[nH]c4ccccc34)N12,True,True,True,,0.578125,1.0,270.33200000000005,270.33200000000005,0.0,True,,,,,,,,,45.330000000000005,45.330000000000005,0.0,True,,,,,2.0,2.0,0.0,True,,,,
target_oracle,mpair_00001115_cond_02_3p,mpair_00001115,eval,3,"HBD,HBA,RB",COc1ccc(N2CCN(CCC3NC(=O)c4ccccc43)CC2)cc1,CN1C(=O)c2ccccc2C1CCN1CCN(c2ccc(Cl)cc2)CC1,CN1C(=O)c2ccccc2C1CCN1CCN(c2ccc(Cl)cc2)CC1,O=C1NC(CCN2CCN(c3ccccc3)CC2)c2ccccc21,O=C1NC(CCN2CCN(c3ccccc3)CC2)c2ccccc21,True,True,True,,0.48333333333333334,1.0,,,,,,,,,,,,,,,,,0.0,0.0,0.0,True,3.0,3.0,0.0,True,4.0,4.0,0.0,True
target_oracle,mpair_00001126_cond_02_3p,mpair_00001126,eval,3,"LogP,HBA,RB",Cc1ccc(N2CCN(CCC3NC(=O)c4ccccc43)CC2)cc1C,COc1ccc(N2CCN(CCC3NC(=O)c4ccccc43)CC2)cc1,COc1ccc(N2CCN(CCC3NC(=O)c4ccccc43)CC2)cc1,O=C1NC(CCN2CCN(c3ccccc3)CC2)c2ccccc21,O=C1NC(CCN2CCN(c3ccccc3)CC2)c2ccccc21,True,True,True,,0.7037037037037037,1.0,,,,,2.692000000000001,2.692000000000001,0.0,True,,,,,,,,,,,,,4.0,4.0,0.0,True,5.0,5.0,0.0,True
target_oracle,mpair_00001133_cond_00_3p,mpair_00001133,eval,3,"QED,TPSA,HBA",COc1ccccc1CC(=O)NCCC1CCN(CC2COc3ccccc3O2)CC1,O=C(Cc1ccccc1[N+](=O)[O-])NCCC1CCN(CC2COc3ccccc3O2)CC1,O=C(Cc1ccccc1[N+](=O)[O-])NCCC1CCN(CC2COc3ccccc3O2)CC1,O=C(Cc1ccccc1)NCCC1CCN(CC2COc3ccccc3O2)CC1,O=C(Cc1ccccc1)NCCC1CCN(CC2COc3ccccc3O2)CC1,True,True,True,,0.7164179104477612,1.0,,,,,,,,,0.5015202818225966,0.5015202818225966,0.0,True,93.94,93.94,0.0,True,,,,,6.0,6.0,0.0,True,,,,
target_oracle,mpair_00001619_cond_01_3p,mpair_00001619,eval,3,"TPSA,HBA,RB",CC1CC(C)(C)Nc2ccc3c(c21)COc1c-3cc(F)cc1[N+](=O)[O-],Cc1cc(F)cc2c1OCc1c-2ccc2c1C(C)CC(C)(C)N2,Cc1cc(F)cc2c1OCc1c-2ccc2c1C(C)CC(C)(C)N2,c1ccc2c(c1)OCc1c-2ccc2c1CCCN2,c1ccc2c(c1)OCc1c-2ccc2c1CCCN2,True,True,True,,0.7192982456140351,1.0,,,,,,,,,,,,,21.259999999999998,21.259999999999998,0.0,True,,,,,2.0,2.0,0.0,True,0.0,0.0,0.0,True
target_oracle,mpair_00002375_cond_00_3p,mpair_00002375,eval,3,"TPSA,HBD,HBA",COc1cccc2sc([C@@H]3C[C@H]4CC[C@@H](C3)N4C[C@H](O)COc3cccc4[nH]c(C(N)=O)cc34)cc12,COc1cccc2sc([C@@H]3C[C@H]4CC[C@@H](C3)N4C[C@H](O)COc3cccc4[nH]c(C)cc34)cc12,COc1cccc2sc([C@@H]3C[C@H]4CC[C@@H](C3)N4C[C@H](O)COc3cccc4[nH]c(C)cc34)cc12,c1ccc2sc([C@@H]3C[C@H]4CC[C@@H](C3)N4CCCOc3cccc4[nH]ccc34)cc2c1,c1ccc2sc([C@@H]3C[C@H]4CC[C@@H](C3)N4CCCOc3cccc4[nH]ccc34)cc2c1,True,True,True,,0.7916666666666666,1.0,,,,,,,,,,,,,57.720000000000006,57.720000000000006,0.0,True,2.0,2.0,0.0,True,5.0,5.0,0.0,True,,,,
target_oracle,mpair_00002464_cond_00_3p,mpair_00002464,eval,3,"QED,HBA,RB",CN(C)CCCOc1cc(C(=O)Nc2ccc(OC(F)(F)F)cc2)n(Cc2ccccc2)n1,CN(C)CCCOc1cc(C(=O)Nc2ccc(Cl)cc2F)n(Cc2ccccc2)n1,CN(C)CCCOc1cc(C(=O)Nc2ccc(Cl)cc2F)n(Cc2ccccc2)n1,O=C(Nc1ccccc1)c1ccnn1Cc1ccccc1,O=C(Nc1ccccc1)c1ccnn1Cc1ccccc1,True,True,True,,0.6428571428571429,1.0,,,,,,,,,0.5138601191048354,0.5138601191048354,0.0,True,,,,,,,,,5.0,5.0,0.0,True,9.0,9.0,0.0,True
target_oracle,mpair_00002467_cond_02_3p,mpair_00002467,eval,3,"MW,LogP,QED",CN(C)CCCOc1cc(C(=O)Nc2ccc(OC(F)(F)F)cc2)n(Cc2ccccc2)n1,COc1ccc(NC(=O)c2cc(OCCCN(C)C)nn2Cc2ccccc2)cc1,COc1ccc(NC(=O)c2cc(OCCCN(C)C)nn2Cc2ccccc2)cc1,O=C(Nc1ccccc1)c1ccnn1Cc1ccccc1,O=C(Nc1ccccc1)c1ccnn1Cc1ccccc1,True,True,True,,0.8064516129032258,1.0,408.50200000000007,408.50200000000007,0.0,True,3.522800000000002,3.522800000000002,0.0,True,0.5200250404910086,0.5200250404910086,0.0,True,,,,,,,,,,,,,,,,
target_oracle,mpair_00002470_cond_02_3p,mpair_00002470,eval,3,"LogP,HBA,RB",CN(C)CCCOc1cc(C(=O)Nc2ccc(Cl)cc2F)n(Cc2ccccc2)n1,COc1ccc(NC(=O)c2cc(OCCCN(C)C)nn2Cc2ccccc2)cc1,COc1ccc(NC(=O)c2cc(OCCCN(C)C)nn2Cc2ccccc2)cc1,O=C(Nc1ccccc1)c1ccnn1Cc1ccccc1,O=C(Nc1ccccc1)c1ccnn1Cc1ccccc1,True,True,True,,0.6567164179104478,1.0,,,,,3.522800000000002,3.522800000000002,0.0,True,,,,,,,,,,,,,6.0,6.0,0.0,True,10.0,10.0,0.0,True
target_oracle,mpair_00002477_cond_00_3p,mpair_00002477,eval,3,"QED,HBA,RB",CN(C)CCCOc1cc(C(=O)Nc2cc(F)cc(C(F)(F)F)c2)n(Cc2ccccc2)n1,CN(C)CCCOc1cc(C(=O)Nc2ccc(OC(F)(F)F)cc2)n(Cc2ccccc2)n1,CN(C)CCCOc1cc(C(=O)Nc2ccc(OC(F)(F)F)cc2)n(Cc2ccccc2)n1,O=C(Nc1ccccc1)c1ccnn1Cc1ccccc1,O=C(Nc1ccccc1)c1ccnn1Cc1ccccc1,True,True,True,,0.7101449275362319,1.0,,,,,,,,,0.4522382232340766,0.4522382232340766,0.0,True,,,,,,,,,6.0,6.0,0.0,True,10.0,10.0,0.0,True
target_oracle,mpair_00002479_cond_02_3p,mpair_00002479,eval,3,"LogP,TPSA,RB",COc1cc(NC(=O)c2cc(OCCCN(C)C)nn2Cc2ccccc2)cc(OC)c1OC,CN(C)CCCOc1cc(C(=O)Nc2cccc(Cl)c2)n(Cc2ccccc2)n1,CN(C)CCCOc1cc(C(=O)Nc2cccc(Cl)c2)n(Cc2ccccc2)n1,O=C(Nc1ccccc1)c1ccnn1Cc1ccccc1,O=C(Nc1ccccc1)c1ccnn1Cc1ccccc1,True,True,True,,0.71875,1.0,,,,,4.167600000000003,4.167600000000003,0.0,True,,,,,59.39,59.39,0.0,True,,,,,,,,,9.0,9.0,0.0,True
target_oracle,mpair_00002485_cond_00_3p,mpair_00002485,eval,3,"LogP,TPSA,HBA",CN(C)CCCOc1cc(C(=O)Nc2cc(F)cc(C(F)(F)F)c2)n(Cc2ccccc2)n1,COc1cc(NC(=O)c2cc(OCCCN(C)C)nn2Cc2ccccc2)cc(OC)c1OC,COc1cc(NC(=O)c2cc(OCCCN(C)C)nn2Cc2ccccc2)cc(OC)c1OC,O=C(Nc1ccccc1)c1ccnn1Cc1ccccc1,O=C(Nc1ccccc1)c1ccnn1Cc1ccccc1,True,True,True,,0.6811594202898551,1.0,,,,,3.5400000000000027,3.5400000000000027,0.0,True,,,,,87.08000000000001,87.08000000000001,0.0,True,,,,,8.0,8.0,0.0,True,,,,
target_oracle,mpair_00002489_cond_02_3p,mpair_00002489,eval,3,"TPSA,HBD,HBA",C=Cc1cc(C(=O)OCC)n(S(=O)(=O)c2cc(Cl)ccc2N)c1,CCOC(=O)c1cc(C(C)O)cn1S(=O)(=O)c1cc(Cl)ccc1N,CCOC(=O)c1cc(C(C)O)cn1S(=O)(=O)c1cc(Cl)ccc1N,O=S(=O)(c1ccccc1)n1cccc1,O=S(=O)(c1ccccc1)n1cccc1,True,True,True,,0.7192982456140351,1.0,,,,,,,,,,,,,111.61999999999999,111.61999999999999,0.0,True,2.0,2.0,0.0,True,7.0,7.0,0.0,True,,,,
target_oracle,mpair_00002500_cond_00_3p,mpair_00002500,eval,3,"MW,QED,RB",O=C1C(Nc2ccc(Br)cc2)=C(Cl)C(=O)c2ncncc21,CCc1ccc(NC2=C(Cl)C(=O)c3ncncc3C2=O)cc1,CCc1ccc(NC2=C(Cl)C(=O)c3ncncc3C2=O)cc1,O=C1C(Nc2ccccc2)=CC(=O)c2ncncc21,O=C1C(Nc2ccccc2)=CC(=O)c2ncncc21,True,True,True,,0.7111111111111111,1.0,313.744,313.744,0.0,True,,,,,0.9428073960459649,0.9428073960459649,0.0,True,,,,,,,,,,,,,3.0,3.0,0.0,True
target_oracle,mpair_00002503_cond_01_3p,mpair_00002503,eval,3,"MW,QED,RB",CCc1ccc(NC2=C(Cl)C(=O)c3ncncc3C2=O)cc1,O=C1C(Nc2ccc(Br)cc2)=C(Cl)C(=O)c2ncncc21,O=C1C(Nc2ccc(Br)cc2)=C(Cl)C(=O)c2ncncc21,O=C1C(Nc2ccccc2)=CC(=O)c2ncncc21,O=C1C(Nc2ccccc2)=CC(=O)c2ncncc21,True,True,True,,0.7111111111111111,1.0,364.58600000000007,364.58600000000007,0.0,True,,,,,0.885902971993687,0.885902971993687,0.0,True,,,,,,,,,,,,,2.0,2.0,0.0,True
target_oracle,mpair_00002507_cond_02_3p,mpair_00002507,eval,3,"QED,HBA,RB",O=C(CN1c2ccccc2C(=O)N(Cc2ccccc2)S1(=O)=O)c1ccccc1,COc1ccc(C(=O)CN2c3ccccc3C(=O)N(Cc3ccccc3)S2(=O)=O)cc1,COc1ccc(C(=O)CN2c3ccccc3C(=O)N(Cc3ccccc3)S2(=O)=O)cc1,O=C(CN1c2ccccc2C(=O)N(Cc2ccccc2)S1(=O)=O)c1ccccc1,O=C(CN1c2ccccc2C(=O)N(Cc2ccccc2)S1(=O)=O)c1ccccc1,True,True,True,,0.7916666666666666,1.0,,,,,,,,,0.5539335722556151,0.5539335722556151,0.0,True,,,,,,,,,5.0,5.0,0.0,True,6.0,6.0,0.0,True
target_oracle,mpair_00002524_cond_02_3p,mpair_00002524,eval,3,"LogP,TPSA,HBA",CSc1cc(-c2ccc(Br)cc2)oc(=O)c1Cl,CSc1cc(-c2ccc(Br)cc2)oc(=O)c1C#N,CSc1cc(-c2ccc(Br)cc2)oc(=O)c1C#N,O=c1cccc(-c2ccccc2)o1,O=c1cccc(-c2ccccc2)o1,True,True,True,,0.6428571428571429,1.0,,,,,3.662880000000002,3.662880000000002,0.0,True,,,,,54.0,54.0,0.0,True,,,,,4.0,4.0,0.0,True,,,,
target_oracle,mpair_00002556_cond_01_3p,mpair_00002556,eval,3,"MW,QED,RB",CN(C(=O)n1nc(-c2ccc(Cl)cc2)nc1SCC(F)(F)F)c1ccccc1,CSc1nc(-c2ccc(Cl)cc2)nn1C(=O)N(C)c1ccccc1,CSc1nc(-c2ccc(Cl)cc2)nn1C(=O)N(C)c1ccccc1,O=C(Nc1ccccc1)n1cnc(-c2ccccc2)n1,O=C(Nc1ccccc1)n1cnc(-c2ccccc2)n1,True,True,True,,0.7222222222222222,1.0,358.85400000000004,358.85400000000004,0.0,True,,,,,0.6499636794176425,0.6499636794176425,0.0,True,,,,,,,,,,,,,3.0,3.0,0.0,True
target_oracle,mpair_00002563_cond_01_3p,mpair_00002563,eval,3,"LogP,QED,HBA",CN(C(=O)n1nc(-c2ccc(Cl)cc2)nc1SCC(F)(F)F)c1ccccc1,CSc1nc(-c2ccc(OC(F)(F)F)cc2)nn1C(=O)N(C)c1ccccc1,CSc1nc(-c2ccc(OC(F)(F)F)cc2)nn1C(=O)N(C)c1ccccc1,O=C(Nc1ccccc1)n1cnc(-c2ccccc2)n1,O=C(Nc1ccccc1)n1cnc(-c2ccccc2)n1,True,True,True,,0.5967741935483871,1.0,,,,,4.670100000000003,4.670100000000003,0.0,True,0.5874043626188404,0.5874043626188404,0.0,True,,,,,,,,,6.0,6.0,0.0,True,,,,
target_oracle,mpair_00002572_cond_01_3p,mpair_00002572,eval,3,"MW,QED,HBD",COc1cc(C(=O)N2CCN(C(=O)c3cc(OC)c(OC)c(OC)c3)C(CO)C2)cc(OC)c1OC,COc1cc(C(=O)N2CCN(C(=O)c3cc(OC)c(OC)c(OC)c3)C(COC(=O)CC(C)(C)C)C2)cc(OC)c1OC,COc1cc(C(=O)N2CCN(C(=O)c3cc(OC)c(OC)c(OC)c3)C(COC(=O)CC(C)(C)C)C2)cc(OC)c1OC,O=C(c1ccccc1)N1CCN(C(=O)c2ccccc2)CC1,O=C(c1ccccc1)N1CCN(C(=O)c2ccccc2)CC1,True,True,True,,0.6792452830188679,1.0,602.6810000000004,602.6810000000004,0.0,True,,,,,0.3521539372279048,0.3521539372279048,0.0,True,,,,,0.0,0.0,0.0,True,,,,,,,,
target_oracle,mpair_00002582_cond_01_3p,mpair_00002582,eval,3,"MW,QED,RB",COc1cc(C(=O)N2CCN(C(=O)c3cc(OC)c(OC)c(OC)c3)C(COC(C)=O)C2)cc(OC)c1OC,CCN(CC)C(=O)OCC1CN(C(=O)c2cc(OC)c(OC)c(OC)c2)CCN1C(=O)c1cc(OC)c(OC)c(OC)c1,CCN(CC)C(=O)OCC1CN(C(=O)c2cc(OC)c(OC)c(OC)c2)CCN1C(=O)c1cc(OC)c(OC)c(OC)c1,O=C(c1ccccc1)N1CCN(C(=O)c2ccccc2)CC1,O=C(c1ccccc1)N1CCN(C(=O)c2ccccc2)CC1,True,True,True,,0.7547169811320755,1.0,603.6690000000003,603.6690000000003,0.0,True,,,,,0.3571777118480848,0.3571777118480848,0.0,True,,,,,,,,,,,,,12.0,12.0,0.0,True
target_oracle,mpair_00002587_cond_01_3p,mpair_00002587,eval,3,"HBD,HBA,RB",COc1cc(C(=O)N2CCN(C(=O)c3cc(OC)c(OC)c(OC)c3)C(CO)C2)cc(OC)c1OC,COc1cc(C(=O)N2CCN(C(=O)c3cc(OC)c(OC)c(OC)c3)CC2)cc(OC)c1OC,COc1cc(C(=O)N2CCN(C(=O)c3cc(OC)c(OC)c(OC)c3)CC2)cc(OC)c1OC,O=C(c1ccccc1)N1CCN(C(=O)c2ccccc2)CC1,O=C(c1ccccc1)N1CCN(C(=O)c2ccccc2)CC1,True,True,True,,0.6341463414634146,1.0,,,,,,,,,,,,,,,,,0.0,0.0,0.0,True,8.0,8.0,0.0,True,8.0,8.0,0.0,True
target_oracle,mpair_00002593_cond_01_3p,mpair_00002593,eval,3,"MW,TPSA,RB",COc1cc(C(=O)N2CCN(C(=O)c3cc(OC)c(OC)c(OC)c3)C(COC(=O)NCCC(C)C)C2)cc(OC)c1OC,COc1cc(C(=O)N2CCN(C(=O)c3cc(OC)c(OC)c(OC)c3)C(CO)C2)cc(OC)c1OC,COc1cc(C(=O)N2CCN(C(=O)c3cc(OC)c(OC)c(OC)c3)C(CO)C2)cc(OC)c1OC,O=C(c1ccccc1)N1CCN(C(=O)c2ccccc2)CC1,O=C(c1ccccc1)N1CCN(C(=O)c2ccccc2)CC1,True,True,True,,0.631578947368421,1.0,504.53600000000034,504.53600000000034,0.0,True,,,,,,,,,116.23000000000002,116.23000000000002,0.0,True,,,,,,,,,9.0,9.0,0.0,True
target_oracle,mpair_00002598_cond_00_3p,mpair_00002598,eval,3,"TPSA,HBA,RB",COc1ccc(C(=O)Nc2c(Cl)cncc2Cl)c2ccc(C(C)=O)nc12,COc1ccc(C(=O)Nc2c(F)cncc2F)c2ccc(C(F)(F)F)nc12,COc1ccc(C(=O)Nc2c(F)cncc2F)c2ccc(C(F)(F)F)nc12,O=C(Nc1ccncc1)c1cccc2ncccc12,O=C(Nc1ccncc1)c1cccc2ncccc12,True,True,True,,0.55,1.0,,,,,,,,,,,,,64.11,64.11,0.0,True,,,,,4.0,4.0,0.0,True,3.0,3.0,0.0,True
target_oracle,mpair_00002602_cond_01_3p,mpair_00002602,eval,3,"HBD,HBA,RB",COc1ccc(C(=O)Nc2ccncc2Cl)c2ccc(C(F)(F)F)nc12,COc1ccc(C(=O)Nc2c(Cl)cncc2Cl)c2ccc(C(C)O)nc12,COc1ccc(C(=O)Nc2c(Cl)cncc2Cl)c2ccc(C(C)O)nc12,O=C(Nc1ccncc1)c1cccc2ncccc12,O=C(Nc1ccncc1)c1cccc2ncccc12,True,True,True,,0.5230769230769231,1.0,,,,,,,,,,,,,,,,,2.0,2.0,0.0,True,5.0,5.0,0.0,True,4.0,4.0,0.0,True
target_oracle,mpair_00002609_cond_02_3p,mpair_00002609,eval,3,"LogP,QED,RB",COc1ccc(C(=O)Nc2c(Cl)cncc2Cl)c2cccnc12,CCc1ccc2c(C(=O)Nc3c(Cl)cncc3Cl)ccc(OC)c2n1,CCc1ccc2c(C(=O)Nc3c(Cl)cncc3Cl)ccc(OC)c2n1,O=C(Nc1ccncc1)c1cccc2ncccc12,O=C(Nc1ccncc1)c1cccc2ncccc12,True,True,True,,0.6545454545454545,1.0,,,,,4.759900000000003,4.759900000000003,0.0,True,0.7131894410136064,0.7131894410136064,0.0,True,,,,,,,,,,,,,4.0,4.0,0.0,True
target_oracle,mpair_00002614_cond_01_3p,mpair_00002614,eval,3,"MW,QED,HBA",COc1ccc(C(=O)Nc2c(Cl)cncc2Cl)c2cccnc12,COc1ccc(C(=O)Nc2c(Cl)cncc2Cl)c2ccc(C(C)=O)nc12,COc1ccc(C(=O)Nc2c(Cl)cncc2Cl)c2ccc(C(C)=O)nc12,O=C(Nc1ccncc1)c1cccc2ncccc12,O=C(Nc1ccncc1)c1cccc2ncccc12,True,True,True,,0.6666666666666666,1.0,390.22600000000017,390.22600000000017,0.0,True,,,,,0.6681926051832562,0.6681926051832562,0.0,True,,,,,,,,,5.0,5.0,0.0,True,,,,
target_oracle,mpair_00002620_cond_01_3p,mpair_00002620,eval,3,"LogP,QED,RB",CCc1ccc2c(C(=O)Nc3c(Cl)cncc3Cl)ccc(OC)c2n1,COc1ccc(C(=O)Nc2c(Cl)cncc2Cl)c2cccnc12,COc1ccc(C(=O)Nc2c(Cl)cncc2Cl)c2cccnc12,O=C(Nc1ccncc1)c1cccc2ncccc12,O=C(Nc1ccncc1)c1cccc2ncccc12,True,True,True,,0.6545454545454545,1.0,,,,,4.1975000000000025,4.1975000000000025,0.0,True,0.7706046174674384,0.7706046174674384,0.0,True,,,,,,,,,,,,,3.0,3.0,0.0,True
target_oracle,mpair_00002628_cond_00_3p,mpair_00002628,eval,3,"LogP,QED,HBA",CC(C)[C@@H](O)C(=O)N1C[C@H](c2ccccc2)C[C@H]1C(=O)N[C@@H](CC(F)F)C(=O)NCCc1c(F)cc(C(=O)O)cc1F,CC(C)CC(=O)N1C[C@H](c2ccccc2)C[C@H]1C(=O)N[C@@H](CC(F)F)C(=O)NCCc1c(F)cc(C(=O)O)cc1F,CC(C)CC(=O)N1C[C@H](c2ccccc2)C[C@H]1C(=O)N[C@@H](CC(F)F)C(=O)NCCc1c(F)cc(C(=O)O)cc1F,O=C(CNC(=O)[C@@H]1C[C@@H](c2ccccc2)CN1)NCCc1ccccc1,O=C(CNC(=O)[C@@H]1C[C@@H](c2ccccc2)CN1)NCCc1ccccc1,True,True,True,,0.7916666666666666,1.0,,,,,3.892500000000002,3.892500000000002,0.0,True,0.3302613314122171,0.3302613314122171,0.0,True,,,,,,,,,4.0,4.0,0.0,True,,,,
target_oracle,mpair_00003113_cond_01_3p,mpair_00003113,eval,3,"LogP,QED,RB",Cc1nc2nncnn2c(=O)c1C,CCCCc1nnc2nc(C)c(C)c(=O)n2n1,CCCCc1nnc2nc(C)c(C)c(=O)n2n1,O=c1ccnc2nncnn12,O=c1ccnc2nncnn12,True,True,True,,0.4418604651162791,1.0,,,,,0.8389399999999998,0.8389399999999998,0.0,True,0.7849999676400611,0.7849999676400611,0.0,True,,,,,,,,,,,,,3.0,3.0,0.0,True
target_oracle,mpair_00003200_cond_01_3p,mpair_00003200,eval,3,"QED,HBD,RB",CCOC(=O)c1ccc(NCCCCCCc2cccs2)cc1,O=C(O)c1ccc(NCCCCCCc2cccs2)cc1,O=C(O)c1ccc(NCCCCCCc2cccs2)cc1,c1ccc(NCCCCCCc2cccs2)cc1,c1ccc(NCCCCCCc2cccs2)cc1,True,True,True,,0.7021276595744681,1.0,,,,,,,,,0.6622761596792913,0.6622761596792913,0.0,True,,,,,2.0,2.0,0.0,True,,,,,9.0,9.0,0.0,True
target_oracle,mpair_00003207_cond_00_3p,mpair_00003207,eval,3,"MW,LogP,HBA",Cc1cc(-n2ncc(=O)[nH]c2=O)ccc1S(=O)(=O)N1CCN(C=O)CC1,CCOC(=O)N1CCN(S(=O)(=O)c2ccc(-n3ncc(=O)[nH]c3=O)cc2Cl)CC1,CCOC(=O)N1CCN(S(=O)(=O)c2ccc(-n3ncc(=O)[nH]c3=O)cc2Cl)CC1,O=c1cnn(-c2ccc(S(=O)(=O)N3CCNCC3)cc2)c(=O)[nH]1,O=c1cnn(-c2ccc(S(=O)(=O)N3CCNCC3)cc2)c(=O)[nH]1,True,True,True,,0.5625,1.0,443.86900000000026,443.86900000000026,0.0,True,0.037000000000000144,0.037000000000000144,0.0,True,,,,,,,,,,,,,8.0,8.0,0.0,True,,,,
target_oracle,mpair_00003218_cond_00_3p,mpair_00003218,eval,3,"MW,TPSA,HBA",COC(=O)c1cccc(C(=O)NO)c1N(Cc1cccnc1)S(=O)(=O)c1ccc(OC)cc1,COc1ccc(S(=O)(=O)N(Cc2cccnc2)c2c(C)cccc2C(=O)NO)cc1,COc1ccc(S(=O)(=O)N(Cc2cccnc2)c2c(C)cccc2C(=O)NO)cc1,O=S(=O)(c1ccccc1)N(Cc1cccnc1)c1ccccc1,O=S(=O)(c1ccccc1)N(Cc1cccnc1)c1ccccc1,True,True,True,,0.8333333333333334,1.0,427.48200000000014,427.48200000000014,0.0,True,,,,,,,,,108.83000000000001,108.83000000000001,0.0,True,,,,,6.0,6.0,0.0,True,,,,
target_oracle,mpair_00003220_cond_02_3p,mpair_00003220,eval,3,"LogP,QED,RB",COC(=O)c1cccc(C(=O)NO)c1N(Cc1cccnc1)S(=O)(=O)c1ccc(OC)cc1,COc1ccc(S(=O)(=O)N(Cc2cccnc2)c2c(C)cc(Br)cc2C(=O)NO)cc1,COc1ccc(S(=O)(=O)N(Cc2cccnc2)c2c(C)cc(Br)cc2C(=O)NO)cc1,O=S(=O)(c1ccccc1)N(Cc1cccnc1)c1ccccc1,O=S(=O)(c1ccccc1)N(Cc1cccnc1)c1ccccc1,True,True,True,,0.734375,1.0,,,,,3.675620000000001,3.675620000000001,0.0,True,0.3740614499694089,0.3740614499694089,0.0,True,,,,,,,,,,,,,7.0,7.0,0.0,True
target_oracle,mpair_00003530_cond_01_3p,mpair_00003530,eval,3,"MW,LogP,RB",CCOC(=O)C(C)Oc1cccc(N(Cc2cccnc2)S(=O)(=O)CC(F)(F)F)c1,CC(C)COc1cccc(N(Cc2cccnc2)S(=O)(=O)CC(F)(F)F)c1,CC(C)COc1cccc(N(Cc2cccnc2)S(=O)(=O)CC(F)(F)F)c1,c1ccc(NCc2cccnc2)cc1,c1ccc(NCc2cccnc2)cc1,True,True,True,,0.6984126984126984,1.0,402.43800000000005,402.43800000000005,0.0,True,4.015100000000003,4.015100000000003,0.0,True,,,,,,,,,,,,,,,,,8.0,8.0,0.0,True
target_oracle,mpair_00003538_cond_00_3p,mpair_00003538,eval,3,"LogP,TPSA,HBA",CCC(C)COc1cccc(N(Cc2cccnc2)S(=O)(=O)CC(F)(F)F)c1,CCOC(=O)C(C)Oc1cccc(N(Cc2cccnc2)S(=O)(=O)CC(F)(F)F)c1,CCOC(=O)C(C)Oc1cccc(N(Cc2cccnc2)S(=O)(=O)CC(F)(F)F)c1,c1ccc(NCc2cccnc2)cc1,c1ccc(NCc2cccnc2)cc1,True,True,True,,0.6923076923076923,1.0,,,,,3.3107000000000024,3.3107000000000024,0.0,True,,,,,85.80000000000001,85.80000000000001,0.0,True,,,,,6.0,6.0,0.0,True,,,,
target_oracle,mpair_00003544_cond_02_3p,mpair_00003544,eval,3,"LogP,QED,RB",CC(C)COc1cccc(N(Cc2cccnc2)S(=O)(=O)CC(F)(F)F)c1,CCCC(C)Oc1cccc(N(Cc2cccnc2)S(=O)(=O)CC(F)(F)F)c1,CCCC(C)Oc1cccc(N(Cc2cccnc2)S(=O)(=O)CC(F)(F)F)c1,c1ccc(NCc2cccnc2)cc1,c1ccc(NCc2cccnc2)cc1,True,True,True,,0.7213114754098361,1.0,,,,,4.547700000000003,4.547700000000003,0.0,True,0.6018859517288218,0.6018859517288218,0.0,True,,,,,,,,,,,,,9.0,9.0,0.0,True
target_oracle,mpair_00000004_cond_02_4p,mpair_00000004,eval,4,"MW,LogP,QED,RB",O=C(c1ccccc1Br)N1C[C@H](CN2CCC(c3ccccc3)CC2)[C@@H](c2ccccc2)C1,COc1cccc(C(=O)N2C[C@H](CN3CCC(c4ccccc4)CC3)[C@@H](c3ccccc3)C2)c1,COc1cccc(C(=O)N2C[C@H](CN3CCC(c4ccccc4)CC3)[C@@H](c3ccccc3)C2)c1,O=C(c1ccccc1)N1C[C@H](CN2CCC(c3ccccc3)CC2)[C@@H](c2ccccc2)C1,O=C(c1ccccc1)N1C[C@H](CN2CCC(c3ccccc3)CC2)[C@@H](c2ccccc2)C1,True,True,True,,0.6065573770491803,1.0,454.61400000000015,454.61400000000015,0.0,True,5.430600000000005,5.430600000000005,0.0,True,0.49786269936596683,0.49786269936596683,0.0,True,,,,,,,,,,,,,6.0,6.0,0.0,True
target_oracle,mpair_00000018_cond_00_4p,mpair_00000018,eval,4,"MW,QED,TPSA,RB",COC(=O)C1=C(c2ccc(Cl)nc2)CC2CCC1N2C,CN1C2C=C(c3ccc(Cl)nc3)CC1CC2,CN1C2C=C(c3ccc(Cl)nc3)CC1CC2,C1=C(c2cccnc2)CC2CCC1N2,C1=C(c2cccnc2)CC2CCC1N2,True,True,True,,0.48148148148148145,1.0,234.72999999999996,234.72999999999996,0.0,True,,,,,0.6949032404938756,0.6949032404938756,0.0,True,16.130000000000003,16.130000000000003,0.0,True,,,,,,,,,1.0,1.0,0.0,True
target_oracle,mpair_00000324_cond_01_4p,mpair_00000324,eval,4,"LogP,QED,HBA,RB",CSC1=C(C(=O)O)N2C(=O)[C@@H](NC(=O)[C@H](N)c3ccccc3)[C@H]2CC1,N[C@@H](C(=O)N[C@@H]1C(=O)N2C(C(=O)O)=C(C(F)(F)F)CC[C@H]12)c1cccc(Br)c1,N[C@@H](C(=O)N[C@@H]1C(=O)N2C(C(=O)O)=C(C(F)(F)F)CC[C@H]12)c1cccc(Br)c1,O=C(Cc1ccccc1)N[C@@H]1C(=O)N2C=CCC[C@H]12,O=C(Cc1ccccc1)N[C@@H]1C(=O)N2C=CCC[C@H]12,True,True,True,,0.5757575757575758,1.0,,,,,1.8392999999999997,1.8392999999999997,0.0,True,0.5917241763797754,0.5917241763797754,0.0,True,,,,,,,,,4.0,4.0,0.0,True,4.0,4.0,0.0,True
target_oracle,mpair_00000329_cond_00_4p,mpair_00000329,eval,4,"MW,QED,HBA,RB",CSC1=C(C(=O)O)N2C(=O)[C@@H](NC(=O)[C@H](N)c3ccccc3)[C@H]2CC1,N[C@@H](C(=O)N[C@@H]1C(=O)N2C(C(=O)O)=C(C(F)(F)F)CC[C@H]12)c1ccc(F)cc1,N[C@@H](C(=O)N[C@@H]1C(=O)N2C(C(=O)O)=C(C(F)(F)F)CC[C@H]12)c1ccc(F)cc1,O=C(Cc1ccccc1)N[C@@H]1C(=O)N2C=CCC[C@H]12,O=C(Cc1ccccc1)N[C@@H]1C(=O)N2C=CCC[C@H]12,True,True,True,,0.5873015873015873,1.0,401.3160000000001,401.3160000000001,0.0,True,,,,,0.5187711593734389,0.5187711593734389,0.0,True,,,,,,,,,4.0,4.0,0.0,True,4.0,4.0,0.0,True
target_oracle,mpair_00000585_cond_01_4p,mpair_00000585,eval,4,"LogP,QED,TPSA,HBA",Cc1ccc(CCCC[C@@H]2N[C@@H](CO)[C@H](O)[C@H]2O)cc1,OC[C@@H]1N[C@@H](CCCCc2ccc(O)cc2)[C@H](O)[C@H]1O,OC[C@@H]1N[C@@H](CCCCc2ccc(O)cc2)[C@H](O)[C@H]1O,c1ccc(CCCC[C@H]2CCCN2)cc1,c1ccc(CCCC[C@H]2CCCN2)cc1,True,True,True,,0.7567567567567568,1.0,,,,,0.15949999999999964,0.15949999999999964,0.0,True,0.47902706341404183,0.47902706341404183,0.0,True,92.95,92.95,0.0,True,,,,,5.0,5.0,0.0,True,,,,
target_oracle,mpair_00000724_cond_01_4p,mpair_00000724,eval,4,"MW,LogP,QED,RB",C=CCc1cc(/C=C2\SC(=O)N(CC=C(C)C)C2=O)c(OC)cc1OC1CCCCO1,C=CCc1cc(/C=C2\SC(=O)N(C)C2=O)c(OC)cc1OC1CCCCO1,C=CCc1cc(/C=C2\SC(=O)N(C)C2=O)c(OC)cc1OC1CCCCO1,O=C1NC(=O)/C(=C/c2ccc(OC3CCCCO3)cc2)S1,O=C1NC(=O)/C(=C/c2ccc(OC3CCCCO3)cc2)S1,True,True,True,,0.7761194029850746,1.0,389.4730000000002,389.4730000000002,0.0,True,3.9952000000000023,3.9952000000000023,0.0,True,0.5413211960634129,0.5413211960634129,0.0,True,,,,,,,,,,,,,6.0,6.0,0.0,True
target_oracle,mpair_00000733_cond_00_4p,mpair_00000733,eval,4,"LogP,QED,HBD,RB",C=CCc1cc(/C=C2\SC(=O)N(CCCC)C2=O)c(OC)cc1OC1CCCCO1,C=CCc1cc(/C=C2\SC(=O)NC2=O)c(OC)cc1OC1CCCCO1,C=CCc1cc(/C=C2\SC(=O)NC2=O)c(OC)cc1OC1CCCCO1,O=C1NC(=O)/C(=C/c2ccc(OC3CCCCO3)cc2)S1,O=C1NC(=O)/C(=C/c2ccc(OC3CCCCO3)cc2)S1,True,True,True,,0.6571428571428571,1.0,,,,,3.6530000000000022,3.6530000000000022,0.0,True,0.6042673504148035,0.6042673504148035,0.0,True,,,,,1.0,1.0,0.0,True,,,,,6.0,6.0,0.0,True
target_oracle,mpair_00000750_cond_00_4p,mpair_00000750,eval,4,"MW,TPSA,HBA,RB",COC(=O)C[C@@H]1CC(=O)N2[C@H](Cc3c[nH]c4ccccc34)CO[C@@H]2C1,O=C1CCC[C@H]2OC[C@@H](Cc3c[nH]c4ccccc34)N12,O=C1CCC[C@H]2OC[C@@H](Cc3c[nH]c4ccccc34)N12,O=C1CCC[C@H]2OC[C@@H](Cc3c[nH]c4ccccc34)N12,O=C1CCC[C@H]2OC[C@@H](Cc3c[nH]c4ccccc34)N12,True,True,True,,0.578125,1.0,270.33200000000005,270.33200000000005,0.0,True,,,,,,,,,45.330000000000005,45.330000000000005,0.0,True,,,,,2.0,2.0,0.0,True,2.0,2.0,0.0,True
target_oracle,mpair_00000765_cond_02_4p,mpair_00000765,eval,4,"MW,QED,HBA,RB",COc1cccc(-c2cncc(O[C@@H]3CCNC3)c2)c1,Clc1cccc(-c2cc(O[C@@H]3CCNC3)cnc2Cl)c1,Clc1cccc(-c2cc(O[C@@H]3CCNC3)cnc2Cl)c1,c1ccc(-c2cncc(O[C@@H]3CCNC3)c2)cc1,c1ccc(-c2cncc(O[C@@H]3CCNC3)c2)cc1,True,True,True,,0.5,1.0,309.196,309.196,0.0,True,,,,,0.8758671086324237,0.8758671086324237,0.0,True,,,,,,,,,3.0,3.0,0.0,True,3.0,3.0,0.0,True
target_oracle,mpair_00001123_cond_00_4p,mpair_00001123,eval,4,"QED,HBD,HBA,RB",O=C1NC(CCN2CCN(c3ccccc3)CC2)c2ccccc21,COc1ccc(N2CCN(CCC3c4ccccc4C(=O)N3C)CC2)cc1,COc1ccc(N2CCN(CCC3c4ccccc4C(=O)N3C)CC2)cc1,O=C1NC(CCN2CCN(c3ccccc3)CC2)c2ccccc21,O=C1NC(CCN2CCN(c3ccccc3)CC2)c2ccccc21,True,True,True,,0.47368421052631576,1.0,,,,,,,,,0.8160326048332845,0.8160326048332845,0.0,True,,,,,0.0,0.0,0.0,True,4.0,4.0,0.0,True,5.0,5.0,0.0,True
target_oracle,mpair_00001617_cond_02_4p,mpair_00001617,eval,4,"QED,TPSA,HBA,RB",Cc1cc(F)cc2c1OCc1c-2ccc2c1C(C)CC(C)(C)N2,CC1CC(C)(C)Nc2ccc3c(c21)COc1c-3cc(F)cc1[N+](=O)[O-],CC1CC(C)(C)Nc2ccc3c(c21)COc1c-3cc(F)cc1[N+](=O)[O-],c1ccc2c(c1)OCc1c-2ccc2c1CCCN2,c1ccc2c(c1)OCc1c-2ccc2c1CCCN2,True,True,True,,0.7192982456140351,1.0,,,,,,,,,0.5855235809891088,0.5855235809891088,0.0,True,64.39999999999999,64.39999999999999,0.0,True,,,,,4.0,4.0,0.0,True,1.0,1.0,0.0,True
target_oracle,mpair_00002370_cond_00_4p,mpair_00002370,eval,4,"QED,HBD,HBA,RB",CCOC(=O)/C=C/c1cc(C(=O)c2ccc(-n3ccnc3)cc2)cn1C,Cn1cc(C(=O)c2ccc(-n3ccnc3)cc2)cc1/C=C/C(=O)O,Cn1cc(C(=O)c2ccc(-n3ccnc3)cc2)cc1/C=C/C(=O)O,O=C(c1ccc(-n2ccnc2)cc1)c1cc[nH]c1,O=C(c1ccc(-n2ccnc2)cc1)c1cc[nH]c1,True,True,True,,0.7454545454545455,1.0,,,,,,,,,0.5785260949639057,0.5785260949639057,0.0,True,,,,,1.0,1.0,0.0,True,5.0,5.0,0.0,True,5.0,5.0,0.0,True
target_oracle,mpair_00002474_cond_00_4p,mpair_00002474,eval,4,"MW,QED,TPSA,RB",COc1cc(NC(=O)c2cc(OCCCN(C)C)nn2Cc2ccccc2)cc(OC)c1OC,CN(C)CCCOc1cc(C(=O)Nc2ccc(Cl)cc2F)n(Cc2ccccc2)n1,CN(C)CCCOc1cc(C(=O)Nc2ccc(Cl)cc2F)n(Cc2ccccc2)n1,O=C(Nc1ccccc1)c1ccnn1Cc1ccccc1,O=C(Nc1ccccc1)c1ccnn1Cc1ccccc1,True,True,True,,0.6376811594202898,1.0,430.9110000000001,430.9110000000001,0.0,True,,,,,0.5138601191048354,0.5138601191048354,0.0,True,59.39,59.39,0.0,True,,,,,,,,,9.0,9.0,0.0,True
target_oracle,mpair_00002486_cond_01_4p,mpair_00002486,eval,4,"MW,QED,HBA,RB",CN(C)CCCOc1cc(C(=O)Nc2cccc(Cl)c2)n(Cc2ccccc2)n1,CN(C)CCCOc1cc(C(=O)Nc2ccc(OC(F)(F)F)cc2)n(Cc2ccccc2)n1,CN(C)CCCOc1cc(C(=O)Nc2ccc(OC(F)(F)F)cc2)n(Cc2ccccc2)n1,O=C(Nc1ccccc1)c1ccnn1Cc1ccccc1,O=C(Nc1ccccc1)c1ccnn1Cc1ccccc1,True,True,True,,0.696969696969697,1.0,462.4720000000001,462.4720000000001,0.0,True,,,,,0.4522382232340766,0.4522382232340766,0.0,True,,,,,,,,,6.0,6.0,0.0,True,10.0,10.0,0.0,True
target_oracle,mpair_00002520_cond_00_4p,mpair_00002520,eval,4,"MW,TPSA,HBA,RB",CSc1cc(-c2ccc(Br)cc2)oc(=O)c1C#N,CCOC(=O)c1c(SC)c(C#N)c(-c2ccc(Br)cc2)oc1=O,CCOC(=O)c1c(SC)c(C#N)c(-c2ccc(Br)cc2)oc1=O,O=c1cccc(-c2ccccc2)o1,O=c1cccc(-c2ccccc2)o1,True,True,True,,0.43103448275862066,1.0,394.24600000000004,394.24600000000004,0.0,True,,,,,,,,,80.30000000000001,80.30000000000001,0.0,True,,,,,6.0,6.0,0.0,True,4.0,4.0,0.0,True
target_oracle,mpair_00002551_cond_01_4p,mpair_00002551,eval,4,"MW,QED,HBA,RB",CSc1cc(-c2ccc(Cl)cc2)oc(=O)c1C(N)=O,CSc1cc(-c2ccc(Br)cc2)oc(=O)c1Cl,CSc1cc(-c2ccc(Br)cc2)oc(=O)c1Cl,O=c1cccc(-c2ccccc2)o1,O=c1cccc(-c2ccccc2)o1,True,True,True,,0.5217391304347826,1.0,331.61800000000005,331.61800000000005,0.0,True,,,,,0.7618841288913727,0.7618841288913727,0.0,True,,,,,,,,,3.0,3.0,0.0,True,2.0,2.0,0.0,True
target_oracle,mpair_00002561_cond_01_4p,mpair_00002561,eval,4,"MW,LogP,QED,RB",CSc1nc(-c2ccc(C)cc2)nn1C(=O)N(C)c1ccccc1,CN(C(=O)n1nc(-c2ccc(Cl)cc2)nc1SCC(F)(F)F)c1ccccc1,CN(C(=O)n1nc(-c2ccc(Cl)cc2)nc1SCC(F)(F)F)c1ccccc1,O=C(Nc1ccccc1)n1cnc(-c2ccccc2)n1,O=C(Nc1ccccc1)n1cnc(-c2ccccc2)n1,True,True,True,,0.5862068965517241,1.0,426.8510000000001,426.8510000000001,0.0,True,5.357400000000003,5.357400000000003,0.0,True,0.5270344401044634,0.5270344401044634,0.0,True,,,,,,,,,,,,,4.0,4.0,0.0,True
target_oracle,mpair_00002575_cond_00_4p,mpair_00002575,eval,4,"MW,LogP,QED,RB",COc1cc(C(=O)N2CCN(C(=O)c3cc(OC)c(OC)c(OC)c3)C(COC(C)=O)C2)cc(OC)c1OC,COc1cc(C(=O)N2CCN(C(=O)c3cc(OC)c(OC)c(OC)c3)C(COC(=O)CC(C)(C)C)C2)cc(OC)c1OC,COc1cc(C(=O)N2CCN(C(=O)c3cc(OC)c(OC)c(OC)c3)C(COC(=O)CC(C)(C)C)C2)cc(OC)c1OC,O=C(c1ccccc1)N1CCN(C(=O)c2ccccc2)CC1,O=C(c1ccccc1)N1CCN(C(=O)c2ccccc2)CC1,True,True,True,,0.7547169811320755,1.0,602.6810000000004,602.6810000000004,0.0,True,3.684400000000003,3.684400000000003,0.0,True,0.3521539372279048,0.3521539372279048,0.0,True,,,,,,,,,,,,,11.0,11.0,0.0,True
target_oracle,mpair_00002584_cond_02_4p,mpair_00002584,eval,4,"MW,LogP,HBD,HBA",COc1cc(C(=O)N2CCN(C(=O)c3cc(OC)c(OC)c(OC)c3)C(CO)C2)cc(OC)c1OC,COc1cc(C(=O)N2CCN(C(=O)c3cc(OC)c(OC)c(OC)c3)C(COC(C)=O)C2)cc(OC)c1OC,COc1cc(C(=O)N2CCN(C(=O)c3cc(OC)c(OC)c(OC)c3)C(COC(C)=O)C2)cc(OC)c1OC,O=C(c1ccccc1)N1CCN(C(=O)c2ccccc2)CC1,O=C(c1ccccc1)N1CCN(C(=O)c2ccccc2)CC1,True,True,True,,0.75,1.0,546.5730000000003,546.5730000000003,0.0,True,2.2681000000000004,2.2681000000000004,0.0,True,,,,,,,,,0.0,0.0,0.0,True,10.0,10.0,0.0,True,,,,
target_oracle,mpair_00002592_cond_02_4p,mpair_00002592,eval,4,"MW,TPSA,HBA,RB",COc1cc(C(=O)N2CCN(C(=O)c3cc(OC)c(OC)c(OC)c3)CC2)cc(OC)c1OC,COc1cc(C(=O)N2CCN(C(=O)c3cc(OC)c(OC)c(OC)c3)C(COC(C)=O)C2)cc(OC)c1OC,COc1cc(C(=O)N2CCN(C(=O)c3cc(OC)c(OC)c(OC)c3)C(COC(C)=O)C2)cc(OC)c1OC,O=C(c1ccccc1)N1CCN(C(=O)c2ccccc2)CC1,O=C(c1ccccc1)N1CCN(C(=O)c2ccccc2)CC1,True,True,True,,0.5777777777777777,1.0,546.5730000000003,546.5730000000003,0.0,True,,,,,,,,,122.30000000000001,122.30000000000001,0.0,True,,,,,10.0,10.0,0.0,True,10.0,10.0,0.0,True
target_oracle,mpair_00002605_cond_02_4p,mpair_00002605,eval,4,"TPSA,HBD,HBA,RB",COc1ccc(C(=O)Nc2c(Cl)cncc2Cl)c2ccc(C(C)O)nc12,COc1ccc(C(=O)Nc2c(F)cncc2F)c2ccc(C(F)(F)F)nc12,COc1ccc(C(=O)Nc2c(F)cncc2F)c2ccc(C(F)(F)F)nc12,O=C(Nc1ccncc1)c1cccc2ncccc12,O=C(Nc1ccncc1)c1cccc2ncccc12,True,True,True,,0.532258064516129,1.0,,,,,,,,,,,,,64.11,64.11,0.0,True,1.0,1.0,0.0,True,4.0,4.0,0.0,True,3.0,3.0,0.0,True
target_oracle,mpair_00002611_cond_01_4p,mpair_00002611,eval,4,"QED,TPSA,HBA,RB",COc1ccc(C(=O)Nc2ccncc2Cl)c2ccc(C(F)(F)F)nc12,COc1ccc(C(=O)Nc2c(Cl)cncc2Cl)c2ccc(C(C)=O)nc12,COc1ccc(C(=O)Nc2c(Cl)cncc2Cl)c2ccc(C(C)=O)nc12,O=C(Nc1ccncc1)c1cccc2ncccc12,O=C(Nc1ccncc1)c1cccc2ncccc12,True,True,True,,0.5396825396825397,1.0,,,,,,,,,0.6681926051832562,0.6681926051832562,0.0,True,81.17999999999999,81.17999999999999,0.0,True,,,,,5.0,5.0,0.0,True,4.0,4.0,0.0,True
target_oracle,mpair_00002619_cond_02_4p,mpair_00002619,eval,4,"TPSA,HBD,HBA,RB",COc1ccc(C(=O)Nc2c(Cl)cncc2Cl)c2ccc(C(C)O)nc12,COc1ccc(C(=O)Nc2ccncc2Cl)c2ccc(C(F)(F)F)nc12,COc1ccc(C(=O)Nc2ccncc2Cl)c2ccc(C(F)(F)F)nc12,O=C(Nc1ccncc1)c1cccc2ncccc12,O=C(Nc1ccncc1)c1cccc2ncccc12,True,True,True,,0.5230769230769231,1.0,,,,,,,,,,,,,64.11,64.11,0.0,True,1.0,1.0,0.0,True,4.0,4.0,0.0,True,3.0,3.0,0.0,True
target_oracle,mpair_00002627_cond_00_4p,mpair_00002627,eval,4,"QED,TPSA,HBA,RB",COc1ccc(C(=O)Nc2c(Cl)cncc2Cl)c2ccc(C(C)=O)nc12,COc1ccc(C(=O)Nc2c(Cl)cncc2Cl)c2cccnc12,COc1ccc(C(=O)Nc2c(Cl)cncc2Cl)c2cccnc12,O=C(Nc1ccncc1)c1cccc2ncccc12,O=C(Nc1ccncc1)c1cccc2ncccc12,True,True,True,,0.6666666666666666,1.0,,,,,,,,,0.7706046174674384,0.7706046174674384,0.0,True,64.11,64.11,0.0,True,,,,,4.0,4.0,0.0,True,3.0,3.0,0.0,True
target_oracle,mpair_00003116_cond_00_4p,mpair_00003116,eval,4,"LogP,TPSA,HBA,RB",COC(=O)c1cc2c([nH]1)C(=O)C=C1N(C(=O)OC(C)(C)C)CC3CC123,Cc1c[nH]c2c1C13CC1CN(C(=O)OC(C)(C)C)C3=CC2=O,Cc1c[nH]c2c1C13CC1CN(C(=O)OC(C)(C)C)C3=CC2=O,O=C1C=C2NCC3CC23c2cc[nH]c21,O=C1C=C2NCC3CC23c2cc[nH]c21,True,True,True,,0.5873015873015873,1.0,,,,,2.9117200000000016,2.9117200000000016,0.0,True,,,,,62.4,62.4,0.0,True,,,,,3.0,3.0,0.0,True,0.0,0.0,0.0,True
target_oracle,mpair_00003211_cond_02_4p,mpair_00003211,eval,4,"MW,HBD,HBA,RB",CC[C@H]1OC(=O)[C@H](C)[C@@H](OC(C)=O)[C@H](C)[C@@H](OC2O[C@H](C)C[C@H](N(C)C)C2O)[C@@](C)(OC)C[C@@H](C)C(=O)[C@H](C)[C@@H](O)[C@]1(C)O,CC[C@H]1OC(=O)[C@H](C)[C@@H](O)[C@H](C)[C@@H](OC2O[C@H](C)C[C@H](N(C)C)C2O)[C@@](C)(OC)C[C@@H](C)C(=O)[C@H](C)[C@@H](O)[C@]1(C)O,CC[C@H]1OC(=O)[C@H](C)[C@@H](O)[C@H](C)[C@@H](OC2O[C@H](C)C[C@H](N(C)C)C2O)[C@@](C)(OC)C[C@@H](C)C(=O)[C@H](C)[C@@H](O)[C@]1(C)O,O=C1CCCCOC(=O)CCC[C@@H](OC2CCCCO2)CCC1,O=C1CCCCOC(=O)CCC[C@@H](OC2CCCCO2)CCC1,True,True,True,,0.821917808219178,1.0,589.7670000000004,589.7670000000004,0.0,True,,,,,,,,,,,,,4.0,4.0,0.0,True,11.0,11.0,0.0,True,5.0,5.0,0.0,True
target_oracle,mpair_00003217_cond_01_4p,mpair_00003217,eval,4,"MW,QED,TPSA,HBA",Clc1ccc(Nc2nc(N3CCOCC3)nc3ccccc23)cc1,COC(=O)c1ccc2c(Nc3ccc(Cl)cc3)nc(N3CCOCC3)nc2c1,COC(=O)c1ccc2c(Nc3ccc(Cl)cc3)nc(N3CCOCC3)nc2c1,c1ccc(Nc2nc(N3CCOCC3)nc3ccccc23)cc1,c1ccc(Nc2nc(N3CCOCC3)nc3ccccc23)cc1,True,True,True,,0.631578947368421,1.0,398.85000000000025,398.85000000000025,0.0,True,,,,,0.6719222545699903,0.6719222545699903,0.0,True,76.58,76.58,0.0,True,,,,,7.0,7.0,0.0,True,,,,
target_oracle,mpair_00003228_cond_01_4p,mpair_00003228,eval,4,"QED,HBD,HBA,RB",CCCCc1nn(-c2ccccn2)c(C(=O)O)c1Cc1ccc(-c2ccccc2-c2nn[nH]n2)cc1,CCCCc1nn(-c2ccccn2)c(C(=O)OCC)c1Cc1ccc(-c2ccccc2-c2nn[nH]n2)cc1,CCCCc1nn(-c2ccccn2)c(C(=O)OCC)c1Cc1ccc(-c2ccccc2-c2nn[nH]n2)cc1,c1ccc(-n2cc(Cc3ccc(-c4ccccc4-c4nn[nH]n4)cc3)cn2)nc1,c1ccc(-n2cc(Cc3ccc(-c4ccccc4-c4nn[nH]n4)cc3)cn2)nc1,True,True,True,,0.8405797101449275,1.0,,,,,,,,,0.25784000650209704,0.25784000650209704,0.0,True,,,,,1.0,1.0,0.0,True,8.0,8.0,0.0,True,10.0,10.0,0.0,True
target_oracle,mpair_00003533_cond_01_4p,mpair_00003533,eval,4,"MW,LogP,QED,RB",CCCC(C)Oc1cccc(N(Cc2cccnc2)S(=O)(=O)CC(F)(F)F)c1,COc1cccc(N(Cc2cccnc2)S(=O)(=O)CC(F)(F)F)c1,COc1cccc(N(Cc2cccnc2)S(=O)(=O)CC(F)(F)F)c1,c1ccc(NCc2cccnc2)cc1,c1ccc(NCc2cccnc2)cc1,True,True,True,,0.7413793103448276,1.0,360.3570000000001,360.3570000000001,0.0,True,2.988900000000002,2.988900000000002,0.0,True,0.7946521442277092,0.7946521442277092,0.0,True,,,,,,,,,,,,,6.0,6.0,0.0,True
target_oracle,mpair_00003549_cond_00_4p,mpair_00003549,eval,4,"LogP,QED,TPSA,HBA",CCOC(=O)C(C)Oc1cccc(N(Cc2cccnc2)S(=O)(=O)CC(F)(F)F)c1,CCC(C)COc1cccc(N(Cc2cccnc2)S(=O)(=O)CC(F)(F)F)c1,CCC(C)COc1cccc(N(Cc2cccnc2)S(=O)(=O)CC(F)(F)F)c1,c1ccc(NCc2cccnc2)cc1,c1ccc(NCc2cccnc2)cc1,True,True,True,,0.6923076923076923,1.0,,,,,4.405200000000004,4.405200000000004,0.0,True,0.6078002459089881,0.6078002459089881,0.0,True,59.5,59.5,0.0,True,,,,,4.0,4.0,0.0,True,,,,
target_oracle,mpair_00000019_cond_01_5p,mpair_00000019,eval,5,"MW,QED,TPSA,HBA,RB",CN1C2C=C(c3ccc(Cl)nc3)CC1CC2,COC(=O)C1=C(c2ccc(Cl)nc2)CC2CCC1N2C,COC(=O)C1=C(c2ccc(Cl)nc2)CC2CCC1N2C,C1=C(c2cccnc2)CC2CCC1N2,C1=C(c2cccnc2)CC2CCC1N2,True,True,True,,0.48148148148148145,1.0,292.76599999999996,292.76599999999996,0.0,True,,,,,0.6204382047485277,0.6204382047485277,0.0,True,42.43,42.43,0.0,True,,,,,4.0,4.0,0.0,True,2.0,2.0,0.0,True
target_oracle,mpair_00000332_cond_01_5p,mpair_00000332,eval,5,"MW,LogP,TPSA,HBD,HBA",N[C@@H](C(=O)N[C@@H]1C(=O)N2C(C(=O)O)=C(C(F)(F)F)CC[C@H]12)c1ccc(O)cc1,N[C@@H](C(=O)N[C@@H]1C(=O)N2C(C(=O)O)=C(C(F)(F)F)CC[C@H]12)c1cccc(Br)c1,N[C@@H](C(=O)N[C@@H]1C(=O)N2C(C(=O)O)=C(C(F)(F)F)CC[C@H]12)c1cccc(Br)c1,O=C(Cc1ccccc1)N[C@@H]1C(=O)N2C=CCC[C@H]12,O=C(Cc1ccccc1)N[C@@H]1C(=O)N2C=CCC[C@H]12,True,True,True,,0.7377049180327869,1.0,462.2220000000001,462.2220000000001,0.0,True,1.8392999999999997,1.8392999999999997,0.0,True,,,,,112.73,112.73,0.0,True,3.0,3.0,0.0,True,4.0,4.0,0.0,True,,,,
target_oracle,mpair_00000584_cond_02_5p,mpair_00000584,eval,5,"LogP,QED,TPSA,HBD,HBA",OC[C@@H]1N[C@@H](CCCCc2ccc(O)cc2)[C@H](O)[C@H]1O,Cc1ccc(CCCC[C@@H]2N[C@@H](CO)[C@H](O)[C@H]2O)cc1,Cc1ccc(CCCC[C@@H]2N[C@@H](CO)[C@H](O)[C@H]2O)cc1,c1ccc(CCCC[C@H]2CCCN2)cc1,c1ccc(CCCC[C@H]2CCCN2)cc1,True,True,True,,0.7567567567567568,1.0,,,,,0.7623199999999992,0.7623199999999992,0.0,True,0.5802758268226561,0.5802758268226561,0.0,True,72.72,72.72,0.0,True,4.0,4.0,0.0,True,4.0,4.0,0.0,True,,,,
target_oracle,mpair_00000730_cond_01_5p,mpair_00000730,eval,5,"MW,LogP,QED,HBD,RB",C=CCc1cc(/C=C2\SC(=O)NC2=O)c(OC)cc1OC1CCCCO1,C=CCc1cc(/C=C2\SC(=O)N(C(C)C)C2=O)c(OC)cc1OC1CCCCO1,C=CCc1cc(/C=C2\SC(=O)N(C(C)C)C2=O)c(OC)cc1OC1CCCCO1,O=C1NC(=O)/C(=C/c2ccc(OC3CCCCO3)cc2)S1,O=C1NC(=O)/C(=C/c2ccc(OC3CCCCO3)cc2)S1,True,True,True,,0.6865671641791045,1.0,417.52700000000027,417.52700000000027,0.0,True,4.773800000000004,4.773800000000004,0.0,True,0.4701504427149941,0.4701504427149941,0.0,True,,,,,0.0,0.0,0.0,True,,,,,7.0,7.0,0.0,True
target_oracle,mpair_00002374_cond_00_5p,mpair_00002374,eval,5,"LogP,TPSA,HBD,HBA,RB",COc1cccc2sc([C@@H]3C[C@H]4CC[C@@H](C3)N4C[C@H](O)COc3cccc4[nH]c(C)cc34)cc12,COc1cccc2sc([C@@H]3C[C@H]4CC[C@@H](C3)N4C[C@H](O)COc3cccc4[nH]c(C(N)=O)cc34)cc12,COc1cccc2sc([C@@H]3C[C@H]4CC[C@@H](C3)N4C[C@H](O)COc3cccc4[nH]c(C(N)=O)cc34)cc12,c1ccc2sc([C@@H]3C[C@H]4CC[C@@H](C3)N4CCCOc3cccc4[nH]ccc34)cc2c1,c1ccc2sc([C@@H]3C[C@H]4CC[C@@H](C3)N4CCCOc3cccc4[nH]ccc34)cc2c1,True,True,True,,0.7916666666666666,1.0,,,,,4.640400000000003,4.640400000000003,0.0,True,,,,,100.81,100.81,0.0,True,3.0,3.0,0.0,True,6.0,6.0,0.0,True,8.0,8.0,0.0,True
target_oracle,mpair_00002479_cond_01_5p,mpair_00002479,eval,5,"MW,QED,TPSA,HBA,RB",COc1cc(NC(=O)c2cc(OCCCN(C)C)nn2Cc2ccccc2)cc(OC)c1OC,CN(C)CCCOc1cc(C(=O)Nc2cccc(Cl)c2)n(Cc2ccccc2)n1,CN(C)CCCOc1cc(C(=O)Nc2cccc(Cl)c2)n(Cc2ccccc2)n1,O=C(Nc1ccccc1)c1ccnn1Cc1ccccc1,O=C(Nc1ccccc1)c1ccnn1Cc1ccccc1,True,True,True,,0.71875,1.0,412.9210000000001,412.9210000000001,0.0,True,,,,,0.5357556879239462,0.5357556879239462,0.0,True,59.39,59.39,0.0,True,,,,,5.0,5.0,0.0,True,9.0,9.0,0.0,True
target_oracle,mpair_00002511_cond_02_5p,mpair_00002511,eval,5,"LogP,QED,TPSA,HBA,RB",CSc1cc(-c2ccc(Br)cc2)oc(=O)c1Br,CSc1cc(-c2ccc(Cl)cc2)oc(=O)c1C(N)=O,CSc1cc(-c2ccc(Cl)cc2)oc(=O)c1C(N)=O,O=c1cccc(-c2ccccc2)o1,O=c1cccc(-c2ccccc2)o1,True,True,True,,0.4782608695652174,1.0,,,,,2.7810000000000006,2.7810000000000006,0.0,True,0.8837306867126842,0.8837306867126842,0.0,True,73.30000000000001,73.30000000000001,0.0,True,,,,,4.0,4.0,0.0,True,3.0,3.0,0.0,True
target_oracle,mpair_00002557_cond_00_5p,mpair_00002557,eval,5,"MW,LogP,QED,HBA,RB",CSc1nc(-c2ccc(C)cc2)nn1C(=O)N(C)c1ccccc1,CSc1nc(-c2ccc(OC(F)(F)F)cc2)nn1C(=O)N(C)c1ccccc1,CSc1nc(-c2ccc(OC(F)(F)F)cc2)nn1C(=O)N(C)c1ccccc1,O=C(Nc1ccccc1)n1cnc(-c2ccccc2)n1,O=C(Nc1ccccc1)n1cnc(-c2ccccc2)n1,True,True,True,,0.7169811320754716,1.0,408.4050000000001,408.4050000000001,0.0,True,4.670100000000003,4.670100000000003,0.0,True,0.5874043626188404,0.5874043626188404,0.0,True,,,,,,,,,6.0,6.0,0.0,True,4.0,4.0,0.0,True
target_oracle,mpair_00002581_cond_01_5p,mpair_00002581,eval,5,"MW,QED,TPSA,HBA,RB",COc1cc(C(=O)N2CCN(C(=O)c3cc(OC)c(OC)c(OC)c3)C(COC(=O)CC(C)(C)C)C2)cc(OC)c1OC,COc1cc(C(=O)N2CCN(C(=O)c3cc(OC)c(OC)c(OC)c3)CC2)cc(OC)c1OC,COc1cc(C(=O)N2CCN(C(=O)c3cc(OC)c(OC)c(OC)c3)CC2)cc(OC)c1OC,O=C(c1ccccc1)N1CCN(C(=O)c2ccccc2)CC1,O=C(c1ccccc1)N1CCN(C(=O)c2ccccc2)CC1,True,True,True,,0.52,1.0,474.51000000000033,474.51000000000033,0.0,True,,,,,0.5754127815390553,0.5754127815390553,0.0,True,96.00000000000001,96.00000000000001,0.0,True,,,,,8.0,8.0,0.0,True,8.0,8.0,0.0,True
target_oracle,mpair_00002591_cond_02_5p,mpair_00002591,eval,5,"LogP,QED,TPSA,HBD,RB",COc1cc(C(=O)N2CCN(C(=O)c3cc(OC)c(OC)c(OC)c3)C(COC(=O)NCCC(C)C)C2)cc(OC)c1OC,COc1cc(C(=O)N2CCN(C(=O)c3cc(OC)c(OC)c(OC)c3)CC2)cc(OC)c1OC,COc1cc(C(=O)N2CCN(C(=O)c3cc(OC)c(OC)c(OC)c3)CC2)cc(OC)c1OC,O=C(c1ccccc1)N1CCN(C(=O)c2ccccc2)CC1,O=C(c1ccccc1)N1CCN(C(=O)c2ccccc2)CC1,True,True,True,,0.48148148148148145,1.0,,,,,2.3364000000000003,2.3364000000000003,0.0,True,0.5754127815390553,0.5754127815390553,0.0,True,96.00000000000001,96.00000000000001,0.0,True,0.0,0.0,0.0,True,,,,,8.0,8.0,0.0,True
target_oracle,mpair_00002629_cond_02_5p,mpair_00002629,eval,5,"LogP,TPSA,HBD,HBA,RB",CC(C)CC(=O)N1C[C@H](c2ccccc2)C[C@H]1C(=O)N[C@@H](CC(F)F)C(=O)NCCc1c(F)cc(C(=O)O)cc1F,CC(C)(C)[C@H](O)C(=O)N1C[C@H](c2ccccc2)C[C@H]1C(=O)N[C@@H](CC(F)F)C(=O)NCCc1c(F)cc(C(=O)O)cc1F,CC(C)(C)[C@H](O)C(=O)N1C[C@H](c2ccccc2)C[C@H]1C(=O)N[C@@H](CC(F)F)C(=O)NCCc1c(F)cc(C(=O)O)cc1F,O=C(CNC(=O)[C@@H]1C[C@@H](c2ccccc2)CN1)NCCc1ccccc1,O=C(CNC(=O)[C@@H]1C[C@@H](c2ccccc2)CN1)NCCc1ccccc1,True,True,True,,0.7567567567567568,1.0,,,,,3.253400000000001,3.253400000000001,0.0,True,,,,,136.04,136.04,0.0,True,4.0,4.0,0.0,True,5.0,5.0,0.0,True,11.0,11.0,0.0,True
target_oracle,mpair_00003117_cond_02_5p,mpair_00003117,eval,5,"MW,LogP,TPSA,HBA,RB",Cc1c[nH]c2c1C13CC1CN(C(=O)OC(C)(C)C)C3=CC2=O,COC(=O)c1cc2c([nH]1)C(=O)C=C1N(C(=O)OC(C)(C)C)CC3CC123,COC(=O)c1cc2c([nH]1)C(=O)C=C1N(C(=O)OC(C)(C)C)CC3CC123,O=C1C=C2NCC3CC23c2cc[nH]c21,O=C1C=C2NCC3CC23c2cc[nH]c21,True,True,True,,0.5873015873015873,1.0,344.36700000000013,344.36700000000013,0.0,True,2.389900000000001,2.389900000000001,0.0,True,,,,,88.7,88.7,0.0,True,,,,,5.0,5.0,0.0,True,1.0,1.0,0.0,True
target_oracle,mpair_00003218_cond_01_5p,mpair_00003218,eval,5,"MW,LogP,QED,TPSA,HBA",COC(=O)c1cccc(C(=O)NO)c1N(Cc1cccnc1)S(=O)(=O)c1ccc(OC)cc1,COc1ccc(S(=O)(=O)N(Cc2cccnc2)c2c(C)cccc2C(=O)NO)cc1,COc1ccc(S(=O)(=O)N(Cc2cccnc2)c2c(C)cccc2C(=O)NO)cc1,O=S(=O)(c1ccccc1)N(Cc1cccnc1)c1ccccc1,O=S(=O)(c1ccccc1)N(Cc1cccnc1)c1ccccc1,True,True,True,,0.8333333333333334,1.0,427.48200000000014,427.48200000000014,0.0,True,2.91312,2.91312,0.0,True,0.44330794633881315,0.44330794633881315,0.0,True,108.83000000000001,108.83000000000001,0.0,True,,,,,6.0,6.0,0.0,True,,,,
target_oracle,mpair_00000599_cond_01_6p,mpair_00000599,eval,6,"MW,QED,TPSA,HBD,HBA,RB",CC1=C(C)C(=O)C(C(c2ccccc2)c2cccnc2)=C(C)C1=O,CC1=C(C)C(=O)C(C(c2cccnc2)c2cccc(/C=C/C(=O)O)c2)=C(C)C1=O,CC1=C(C)C(=O)C(C(c2cccnc2)c2cccc(/C=C/C(=O)O)c2)=C(C)C1=O,O=C1C=CC(=O)C(C(c2ccccc2)c2cccnc2)=C1,O=C1C=CC(=O)C(C(c2ccccc2)c2cccnc2)=C1,True,True,True,,0.6326530612244898,1.0,387.4350000000002,387.4350000000002,0.0,True,,,,,0.6163061688930161,0.6163061688930161,0.0,True,84.33000000000001,84.33000000000001,0.0,True,1.0,1.0,0.0,True,4.0,4.0,0.0,True,5.0,5.0,0.0,True
target_oracle,mpair_00002553_cond_01_6p,mpair_00002553,eval,6,"MW,LogP,QED,TPSA,HBD,RB",CSc1cc(-c2ccc(Cl)cc2)oc(=O)c1C(N)=O,CSc1cc(-c2ccc(Cl)cc2)oc(=O)c1Br,CSc1cc(-c2ccc(Cl)cc2)oc(=O)c1Br,O=c1cccc(-c2ccccc2)o1,O=c1cccc(-c2ccccc2)o1,True,True,True,,0.627906976744186,1.0,331.61799999999994,331.61799999999994,0.0,True,4.444600000000001,4.444600000000001,0.0,True,0.7618841288913729,0.7618841288913729,0.0,True,30.21,30.21,0.0,True,0.0,0.0,0.0,True,,,,,2.0,2.0,0.0,True
target_oracle,mpair_00002580_cond_02_6p,mpair_00002580,eval,6,"MW,LogP,QED,HBD,HBA,RB",COc1cc(C(=O)N2CCN(C(=O)c3cc(OC)c(OC)c(OC)c3)C(COC(C)=O)C2)cc(OC)c1OC,COc1cc(C(=O)N2CCN(C(=O)c3cc(OC)c(OC)c(OC)c3)C(CO)C2)cc(OC)c1OC,COc1cc(C(=O)N2CCN(C(=O)c3cc(OC)c(OC)c(OC)c3)C(CO)C2)cc(OC)c1OC,O=C(c1ccccc1)N1CCN(C(=O)c2ccccc2)CC1,O=C(c1ccccc1)N1CCN(C(=O)c2ccccc2)CC1,True,True,True,,0.75,1.0,504.53600000000034,504.53600000000034,0.0,True,1.6973000000000003,1.6973000000000003,0.0,True,0.544633228323374,0.544633228323374,0.0,True,,,,,1.0,1.0,0.0,True,9.0,9.0,0.0,True,9.0,9.0,0.0,True
target_oracle,mpair_00002588_cond_01_6p,mpair_00002588,eval,6,"MW,LogP,QED,TPSA,HBA,RB",COc1cc(C(=O)N2CCN(C(=O)c3cc(OC)c(OC)c(OC)c3)CC2)cc(OC)c1OC,CCN(CC)C(=O)OCC1CN(C(=O)c2cc(OC)c(OC)c(OC)c2)CCN1C(=O)c1cc(OC)c(OC)c(OC)c1,CCN(CC)C(=O)OCC1CN(C(=O)c2cc(OC)c(OC)c(OC)c2)CCN1C(=O)c1cc(OC)c(OC)c(OC)c1,O=C(c1ccccc1)N1CCN(C(=O)c2ccccc2)CC1,O=C(c1ccccc1)N1CCN(C(=O)c2ccccc2)CC1,True,True,True,,0.52,1.0,603.6690000000003,603.6690000000003,0.0,True,3.1834000000000024,3.1834000000000024,0.0,True,0.3571777118480848,0.3571777118480848,0.0,True,125.54,125.54,0.0,True,,,,,10.0,10.0,0.0,True,12.0,12.0,0.0,True
target_oracle,mpair_00002618_cond_01_6p,mpair_00002618,eval,6,"MW,LogP,QED,TPSA,HBD,HBA",COc1ccc(C(=O)Nc2c(Cl)cncc2Cl)c2ccc(C(C)O)nc12,COc1ccc(C(=O)Nc2ccncc2Cl)c2cccnc12,COc1ccc(C(=O)Nc2ccncc2Cl)c2cccnc12,O=C(Nc1ccncc1)c1cccc2ncccc12,O=C(Nc1ccncc1)c1cccc2ncccc12,True,True,True,,0.49206349206349204,1.0,313.744,313.744,0.0,True,3.544100000000002,3.544100000000002,0.0,True,0.8029165077767629,0.8029165077767629,0.0,True,64.11,64.11,0.0,True,1.0,1.0,0.0,True,4.0,4.0,0.0,True,,,,
target_oracle,mpair_00003530_cond_00_6p,mpair_00003530,eval,6,"MW,LogP,QED,TPSA,HBA,RB",CCOC(=O)C(C)Oc1cccc(N(Cc2cccnc2)S(=O)(=O)CC(F)(F)F)c1,CC(C)COc1cccc(N(Cc2cccnc2)S(=O)(=O)CC(F)(F)F)c1,CC(C)COc1cccc(N(Cc2cccnc2)S(=O)(=O)CC(F)(F)F)c1,c1ccc(NCc2cccnc2)cc1,c1ccc(NCc2cccnc2)cc1,True,True,True,,0.6984126984126984,1.0,402.43800000000005,402.43800000000005,0.0,True,4.015100000000003,4.015100000000003,0.0,True,0.6693605971809802,0.6693605971809802,0.0,True,59.5,59.5,0.0,True,,,,,4.0,4.0,0.0,True,8.0,8.0,0.0,True
target_oracle,mpair_00002544_cond_01_7p,mpair_00002544,eval,7,"MW,LogP,QED,TPSA,HBD,HBA,RB",CSc1cc(-c2ccc(Cl)cc2)oc(=O)c1C(N)=O,CSc1cc(-c2ccc(Br)cc2)oc(=O)c1Br,CSc1cc(-c2ccc(Br)cc2)oc(=O)c1Br,O=c1cccc(-c2ccccc2)o1,O=c1cccc(-c2ccccc2)o1,True,True,True,,0.4782608695652174,1.0,376.0690000000001,376.0690000000001,0.0,True,4.553700000000002,4.553700000000002,0.0,True,0.7207772389894862,0.7207772389894862,0.0,True,30.21,30.21,0.0,True,0.0,0.0,0.0,True,3.0,3.0,0.0,True,2.0,2.0,0.0,True
