{
  "HBA_mae": 0.2708333333333333,
  "HBD_mae": 0.3125,
  "LogP_mae": 0.3889895833333333,
  "MW_mae": 11.321250000000008,
  "QED_mae": 0.054153297050755035,
  "RB_mae": 0.5,
  "SA_mae": 0.15208333333333332,
  "TPSA_mae": 13.354583333333332,
  "backend": "sklearn",
  "conditions": 6.0,
  "contrastive_train_retrieval_accuracy": 0.7083333333333334,
  "druglike_rate": 1.0,
  "mean_candidates_per_condition": 8.0,
  "mean_pairwise_tanimoto": 0.24859534861252094,
  "n": 48.0,
  "novelty": 0.9375,
  "run_dir": "runs/20260430_014238_slurm_smoke_sklearn",
  "test_size": 6.0,
  "train_size": 24.0,
  "uniqueness": 0.3333333333333333,
  "validity": 1.0
}