{
  "HBA_mae": 0.4061375,
  "HBD_mae": 0.1453375,
  "LogP_mae": 0.40322470225000034,
  "MW_mae": 16.67520109480779,
  "QED_mae": 0.03857809140757222,
  "RB_mae": 0.4155,
  "SA_mae": 0.182917,
  "TPSA_mae": 7.775088750000001,
  "backend": "torch",
  "conditions": 5000.0,
  "contrastive_train_retrieval_accuracy": 0.0048828125,
  "decoder_mode": "hybrid",
  "druglike_rate": 0.9726875,
  "mean_candidates_per_condition": 16.0,
  "mean_pairwise_tanimoto": 0.12354516727146476,
  "n": 80000.0,
  "novelty": 0.9696785562374673,
  "property_mask_conditioning": true,
  "property_mask_dim": 8.0,
  "retrieval_candidates": 95000.0,
  "run_dir": "runs/20260508_025814_sketchmol_comparable_structure_v1",
  "sketchmol_benchmark_mean_success": 0.6236206896551726,
  "sketchmol_benchmark_mean_success_sketchmol_tolerance": 0.7516379310344828,
  "structure_prompt_mean_joint_success_sketchmol_tolerance": 0.31470928465606546,
  "structure_prompt_mean_joint_success_strict": 0.16951699426738984,
  "test_size": 5000.0,
  "train_size": 95000.0,
  "uniqueness": 0.82285,
  "validity": 1.0
}