method,condition_id,pair_id,split,property_count,condition_properties,source_smiles,target_smiles,generated_smiles,source_scaffold,generated_scaffold,scaffold_match,strict_success,joint_success,fallback,source_tanimoto,target_tanimoto,MW_target,MW_actual,MW_abs_error,MW_success,LogP_target,LogP_actual,LogP_abs_error,LogP_success,QED_target,QED_actual,QED_abs_error,QED_success,TPSA_target,TPSA_actual,TPSA_abs_error,TPSA_success,HBD_target,HBD_actual,HBD_abs_error,HBD_success,HBA_target,HBA_actual,HBA_abs_error,HBA_success,RB_target,RB_actual,RB_abs_error,RB_success
source_identity,mpair_00000002_cond_01_2p,mpair_00000002,eval,2,"LogP,QED",O=C(c1cccc(Cl)c1)N1C[C@H](CN2CCC(c3ccccc3)CC2)[C@@H](c2ccccc2)C1,O=C(c1ccccc1F)N1C[C@H](CN2CCC(c3ccccc3)CC2)[C@@H](c2ccccc2)C1,O=C(c1cccc(Cl)c1)N1C[C@H](CN2CCC(c3ccccc3)CC2)[C@@H](c2ccccc2)C1,O=C(c1ccccc1)N1C[C@H](CN2CCC(c3ccccc3)CC2)[C@@H](c2ccccc2)C1,O=C(c1ccccc1)N1C[C@H](CN2CCC(c3ccccc3)CC2)[C@@H](c2ccccc2)C1,True,True,True,,1.0,0.6379310344827587,,,,,5.561100000000006,6.075400000000006,0.5143000000000004,True,0.5164092889512721,0.4625029539066648,0.053906335044607345,True,,,,,,,,,,,,,,,,
source_identity,mpair_00000005_cond_00_2p,mpair_00000005,eval,2,"HBA,RB",O=C(c1ccccc1F)N1C[C@H](CN2CCC(c3ccccc3)CC2)[C@@H](c2ccccc2)C1,COc1cccc(C(=O)N2C[C@H](CN3CCC(c4ccccc4)CC3)[C@@H](c3ccccc3)C2)c1,O=C(c1ccccc1F)N1C[C@H](CN2CCC(c3ccccc3)CC2)[C@@H](c2ccccc2)C1,O=C(c1ccccc1)N1C[C@H](CN2CCC(c3ccccc3)CC2)[C@@H](c2ccccc2)C1,O=C(c1ccccc1)N1C[C@H](CN2CCC(c3ccccc3)CC2)[C@@H](c2ccccc2)C1,True,True,True,,1.0,0.6065573770491803,,,,,,,,,,,,,,,,,,,,,3.0,2.0,1.0,True,6.0,5.0,1.0,True
source_identity,mpair_00000007_cond_01_2p,mpair_00000007,eval,2,"LogP,QED",O=C(c1ccccc1F)N1C[C@H](CN2CCC(c3ccccc3)CC2)[C@@H](c2ccccc2)C1,O=C(c1cccc(Cl)c1)N1C[C@H](CN2CCC(c3ccccc3)CC2)[C@@H](c2ccccc2)C1,O=C(c1ccccc1F)N1C[C@H](CN2CCC(c3ccccc3)CC2)[C@@H](c2ccccc2)C1,O=C(c1ccccc1)N1C[C@H](CN2CCC(c3ccccc3)CC2)[C@@H](c2ccccc2)C1,O=C(c1ccccc1)N1C[C@H](CN2CCC(c3ccccc3)CC2)[C@@H](c2ccccc2)C1,True,True,True,,1.0,0.6379310344827587,,,,,6.075400000000006,5.561100000000006,0.5143000000000004,True,0.4625029539066648,0.5164092889512721,0.053906335044607345,True,,,,,,,,,,,,,,,,
source_identity,mpair_00000011_cond_00_2p,mpair_00000011,eval,2,"HBA,RB",COc1cccc(C(=O)N2C[C@H](CN3CCC(c4ccccc4)CC3)[C@@H](c3ccccc3)C2)c1,O=C(c1ccccc1F)N1C[C@H](CN2CCC(c3ccccc3)CC2)[C@@H](c2ccccc2)C1,COc1cccc(C(=O)N2C[C@H](CN3CCC(c4ccccc4)CC3)[C@@H](c3ccccc3)C2)c1,O=C(c1ccccc1)N1C[C@H](CN2CCC(c3ccccc3)CC2)[C@@H](c2ccccc2)C1,O=C(c1ccccc1)N1C[C@H](CN2CCC(c3ccccc3)CC2)[C@@H](c2ccccc2)C1,True,True,True,,1.0,0.6065573770491803,,,,,,,,,,,,,,,,,,,,,2.0,3.0,1.0,True,5.0,6.0,1.0,True
source_identity,mpair_00000013_cond_01_2p,mpair_00000013,eval,2,"MW,LogP",COc1cccc(C(=O)N2C[C@H](CN3CCC(c4ccccc4)CC3)[C@@H](c3ccccc3)C2)c1,O=C(c1ccccc1C(F)(F)F)N1C[C@H](CN2CCC(c3ccccc3)CC2)[C@@H](c2ccccc2)C1,COc1cccc(C(=O)N2C[C@H](CN3CCC(c4ccccc4)CC3)[C@@H](c3ccccc3)C2)c1,O=C(c1ccccc1)N1C[C@H](CN2CCC(c3ccccc3)CC2)[C@@H](c2ccccc2)C1,O=C(c1ccccc1)N1C[C@H](CN2CCC(c3ccccc3)CC2)[C@@H](c2ccccc2)C1,True,False,False,,1.0,0.578125,492.5850000000002,454.61400000000015,37.97100000000006,False,6.4408000000000065,5.430600000000005,1.010200000000001,False,,,,,,,,,,,,,,,,,,,,
source_identity,mpair_00000021_cond_02_2p,mpair_00000021,eval,2,"TPSA,HBA",N#Cc1ccc(COC[C@H]2C3CC(c4ccc(F)cc4)(CO3)[C@@H]2C/C=C/CCCC(=O)O)cc1,O=C(O)CCC/C=C/C[C@@H]1[C@@H](COCc2ccccc2)C2CC1(c1ccccc1)CO2,N#Cc1ccc(COC[C@H]2C3CC(c4ccc(F)cc4)(CO3)[C@@H]2C/C=C/CCCC(=O)O)cc1,c1ccc(COC[C@@H]2CC3(c4ccccc4)COC2C3)cc1,c1ccc(COC[C@@H]2CC3(c4ccccc4)COC2C3)cc1,True,False,False,,1.0,0.7391304347826086,,,,,,,,,,,,,55.760000000000005,79.55,23.789999999999992,False,,,,,3.0,4.0,1.0,True,,,,
source_identity,mpair_00000328_cond_00_2p,mpair_00000328,eval,2,"MW,QED",N[C@@H](C(=O)N[C@@H]1C(=O)N2C(C(=O)O)=C(C(F)(F)F)CC[C@H]12)c1ccc(F)cc1,N[C@@H](C(=O)N[C@@H]1C(=O)N2C(C(=O)O)=C(C(F)(F)F)CC[C@H]12)c1cccc(Br)c1,N[C@@H](C(=O)N[C@@H]1C(=O)N2C(C(=O)O)=C(C(F)(F)F)CC[C@H]12)c1ccc(F)cc1,O=C(Cc1ccccc1)N[C@@H]1C(=O)N2C=CCC[C@H]12,O=C(Cc1ccccc1)N[C@@H]1C(=O)N2C=CCC[C@H]12,True,False,False,,1.0,0.7377049180327869,462.2220000000001,401.3160000000001,60.906000000000006,False,,,,,0.5917241763797754,0.5187711593734389,0.0729530170063365,True,,,,,,,,,,,,,,,,
source_identity,mpair_00000337_cond_00_2p,mpair_00000337,eval,2,"MW,LogP",N[C@@H](C(=O)N[C@@H]1C(=O)N2C(C(=O)O)=C(C(F)(F)F)CC[C@H]12)c1cccc(C(F)(F)F)c1,N[C@@H](C(=O)N[C@@H]1C(=O)N2C(C(=O)O)=C(C(F)(F)F)CC[C@H]12)c1ccc(F)cc1,N[C@@H](C(=O)N[C@@H]1C(=O)N2C(C(=O)O)=C(C(F)(F)F)CC[C@H]12)c1cccc(C(F)(F)F)c1,O=C(Cc1ccccc1)N[C@@H]1C(=O)N2C=CCC[C@H]12,O=C(Cc1ccccc1)N[C@@H]1C(=O)N2C=CCC[C@H]12,True,False,False,,1.0,0.7377049180327869,401.3160000000001,451.3230000000001,50.007000000000005,False,1.2158999999999993,2.0955999999999997,0.8797000000000004,True,,,,,,,,,,,,,,,,,,,,
source_identity,mpair_00000584_cond_00_2p,mpair_00000584,eval,2,"TPSA,HBD",OC[C@@H]1N[C@@H](CCCCc2ccc(O)cc2)[C@H](O)[C@H]1O,Cc1ccc(CCCC[C@@H]2N[C@@H](CO)[C@H](O)[C@H]2O)cc1,OC[C@@H]1N[C@@H](CCCCc2ccc(O)cc2)[C@H](O)[C@H]1O,c1ccc(CCCC[C@H]2CCCN2)cc1,c1ccc(CCCC[C@H]2CCCN2)cc1,True,False,False,,1.0,0.7567567567567568,,,,,,,,,,,,,72.72,92.95,20.230000000000004,False,4.0,5.0,1.0,True,,,,,,,,
source_identity,mpair_00000589_cond_00_2p,mpair_00000589,eval,2,"HBA,RB",COc1ccc(CCCC[C@@H]2N[C@@H](CO)[C@H](O)[C@H]2O)cc1,OC[C@@H]1N[C@@H](CCCCc2ccc(F)cc2)[C@H](O)[C@H]1O,COc1ccc(CCCC[C@@H]2N[C@@H](CO)[C@H](O)[C@H]2O)cc1,c1ccc(CCCC[C@H]2CCCN2)cc1,c1ccc(CCCC[C@H]2CCCN2)cc1,True,True,True,,1.0,0.6829268292682927,,,,,,,,,,,,,,,,,,,,,4.0,5.0,1.0,True,6.0,7.0,1.0,True
source_identity,mpair_00000590_cond_02_2p,mpair_00000590,eval,2,"HBD,RB",OC[C@@H]1N[C@@H](CCCCc2ccc(O)cc2)[C@H](O)[C@H]1O,COc1ccc(CCCC[C@@H]2N[C@@H](CO)[C@H](O)[C@H]2O)cc1,OC[C@@H]1N[C@@H](CCCCc2ccc(O)cc2)[C@H](O)[C@H]1O,c1ccc(CCCC[C@H]2CCCN2)cc1,c1ccc(CCCC[C@H]2CCCN2)cc1,True,True,True,,1.0,0.7,,,,,,,,,,,,,,,,,4.0,5.0,1.0,True,,,,,7.0,6.0,1.0,True
source_identity,mpair_00000592_cond_02_2p,mpair_00000592,eval,2,"HBA,RB",COc1ccc(CCCC[C@@H]2N[C@@H](CO)[C@H](O)[C@H]2O)cc1,Cc1ccc(CCCC[C@@H]2N[C@@H](CO)[C@H](O)[C@H]2O)cc1,COc1ccc(CCCC[C@@H]2N[C@@H](CO)[C@H](O)[C@H]2O)cc1,c1ccc(CCCC[C@H]2CCCN2)cc1,c1ccc(CCCC[C@H]2CCCN2)cc1,True,True,True,,1.0,0.725,,,,,,,,,,,,,,,,,,,,,4.0,5.0,1.0,True,6.0,7.0,1.0,True
source_identity,mpair_00000594_cond_01_2p,mpair_00000594,eval,2,"HBA,RB",COc1ccc(CCCC[C@@H]2N[C@@H](CO)[C@H](O)[C@H]2O)cc1,OC[C@@H]1N[C@@H](CCCCc2cc(F)cc(F)c2)[C@H](O)[C@H]1O,COc1ccc(CCCC[C@@H]2N[C@@H](CO)[C@H](O)[C@H]2O)cc1,c1ccc(CCCC[C@H]2CCCN2)cc1,c1ccc(CCCC[C@H]2CCCN2)cc1,True,True,True,,1.0,0.5681818181818182,,,,,,,,,,,,,,,,,,,,,4.0,5.0,1.0,True,6.0,7.0,1.0,True
source_identity,mpair_00000596_cond_02_2p,mpair_00000596,eval,2,"HBA,RB",OC[C@@H]1N[C@@H](CCCCc2ccc(F)cc2)[C@H](O)[C@H]1O,COc1ccc(CCCC[C@@H]2N[C@@H](CO)[C@H](O)[C@H]2O)cc1,OC[C@@H]1N[C@@H](CCCCc2ccc(F)cc2)[C@H](O)[C@H]1O,c1ccc(CCCC[C@H]2CCCN2)cc1,c1ccc(CCCC[C@H]2CCCN2)cc1,True,True,True,,1.0,0.6829268292682927,,,,,,,,,,,,,,,,,,,,,5.0,4.0,1.0,True,7.0,6.0,1.0,True
source_identity,mpair_00000724_cond_02_2p,mpair_00000724,eval,2,"MW,RB",C=CCc1cc(/C=C2\SC(=O)N(CC=C(C)C)C2=O)c(OC)cc1OC1CCCCO1,C=CCc1cc(/C=C2\SC(=O)N(C)C2=O)c(OC)cc1OC1CCCCO1,C=CCc1cc(/C=C2\SC(=O)N(CC=C(C)C)C2=O)c(OC)cc1OC1CCCCO1,O=C1NC(=O)/C(=C/c2ccc(OC3CCCCO3)cc2)S1,O=C1NC(=O)/C(=C/c2ccc(OC3CCCCO3)cc2)S1,True,False,False,,1.0,0.7761194029850746,389.4730000000002,443.5650000000003,54.0920000000001,False,,,,,,,,,,,,,,,,,,,,,6.0,8.0,2.0,False
source_identity,mpair_00000729_cond_00_2p,mpair_00000729,eval,2,"LogP,QED",C=CCc1cc(/C=C2\SC(=O)N(CC=C(C)C)C2=O)c(OC)cc1OC1CCCCO1,C=CCc1cc(/C=C2\SC(=O)N(CC=C)C2=O)c(OC)cc1OC1CCCCO1,C=CCc1cc(/C=C2\SC(=O)N(CC=C(C)C)C2=O)c(OC)cc1OC1CCCCO1,O=C1NC(=O)/C(=C/c2ccc(OC3CCCCO3)cc2)S1,O=C1NC(=O)/C(=C/c2ccc(OC3CCCCO3)cc2)S1,True,True,True,,1.0,0.8615384615384616,,,,,4.551400000000004,5.331600000000005,0.7802000000000016,True,0.45838471716690443,0.3995752918375223,0.05880942532938216,True,,,,,,,,,,,,,,,,
source_identity,mpair_00000731_cond_00_2p,mpair_00000731,eval,2,"QED,RB",C=CCc1cc(/C=C2\SC(=O)N(C(C)C)C2=O)c(OC)cc1OC1CCCCO1,C=CCc1cc(/C=C2\SC(=O)N(CC=C(C)C)C2=O)c(OC)cc1OC1CCCCO1,C=CCc1cc(/C=C2\SC(=O)N(C(C)C)C2=O)c(OC)cc1OC1CCCCO1,O=C1NC(=O)/C(=C/c2ccc(OC3CCCCO3)cc2)S1,O=C1NC(=O)/C(=C/c2ccc(OC3CCCCO3)cc2)S1,True,True,True,,1.0,0.7183098591549296,,,,,,,,,0.3995752918375223,0.4701504427149941,0.07057515087747185,True,,,,,,,,,,,,,8.0,7.0,1.0,True
source_identity,mpair_00000734_cond_01_2p,mpair_00000734,eval,2,"LogP,QED",C=CCc1cc(/C=C2\SC(=O)N(CCCC)C2=O)c(OC)cc1OC1CCCCO1,C=CCc1cc(/C=C2\SC(=O)N(C)C2=O)c(OC)cc1OC1CCCCO1,C=CCc1cc(/C=C2\SC(=O)N(CCCC)C2=O)c(OC)cc1OC1CCCCO1,O=C1NC(=O)/C(=C/c2ccc(OC3CCCCO3)cc2)S1,O=C1NC(=O)/C(=C/c2ccc(OC3CCCCO3)cc2)S1,True,False,False,,1.0,0.7878787878787878,,,,,3.9952000000000023,5.165500000000004,1.170300000000002,False,0.5413211960634129,0.39718598618589046,0.14413520987752243,False,,,,,,,,,,,,,,,,
source_identity,mpair_00000736_cond_02_2p,mpair_00000736,eval,2,"QED,RB",C=CCc1cc(/C=C2\SC(=O)N(CCCC)C2=O)c(OC)cc1OC1CCCCO1,C=CCc1cc(/C=C2\SC(=O)N(C(C)C)C2=O)c(OC)cc1OC1CCCCO1,C=CCc1cc(/C=C2\SC(=O)N(CCCC)C2=O)c(OC)cc1OC1CCCCO1,O=C1NC(=O)/C(=C/c2ccc(OC3CCCCO3)cc2)S1,O=C1NC(=O)/C(=C/c2ccc(OC3CCCCO3)cc2)S1,True,False,False,,1.0,0.7285714285714285,,,,,,,,,0.4701504427149941,0.39718598618589046,0.07296445652910366,True,,,,,,,,,,,,,7.0,9.0,2.0,False
source_identity,mpair_00000738_cond_01_2p,mpair_00000738,eval,2,"LogP,RB",C=CCc1cc(/C=C2\SC(=O)N(C(C)C)C2=O)c(OC)cc1OC1CCCCO1,C=CCc1cc(/C=C2\SC(=O)N(C)C2=O)c(OC)cc1OC1CCCCO1,C=CCc1cc(/C=C2\SC(=O)N(C(C)C)C2=O)c(OC)cc1OC1CCCCO1,O=C1NC(=O)/C(=C/c2ccc(OC3CCCCO3)cc2)S1,O=C1NC(=O)/C(=C/c2ccc(OC3CCCCO3)cc2)S1,True,True,True,,1.0,0.796875,,,,,3.9952000000000023,4.773800000000004,0.7786000000000017,True,,,,,,,,,,,,,,,,,6.0,7.0,1.0,True
source_identity,mpair_00000742_cond_01_2p,mpair_00000742,eval,2,"MW,RB",C=CCc1cc(/C=C2\SC(=O)N(C)C2=O)c(OC)cc1OC1CCCCO1,C=CCc1cc(/C=C2\SC(=O)N(CC=C(C)C)C2=O)c(OC)cc1OC1CCCCO1,C=CCc1cc(/C=C2\SC(=O)N(C)C2=O)c(OC)cc1OC1CCCCO1,O=C1NC(=O)/C(=C/c2ccc(OC3CCCCO3)cc2)S1,O=C1NC(=O)/C(=C/c2ccc(OC3CCCCO3)cc2)S1,True,False,False,,1.0,0.7761194029850746,443.5650000000003,389.4730000000002,54.0920000000001,False,,,,,,,,,,,,,,,,,,,,,8.0,6.0,2.0,False
source_identity,mpair_00000745_cond_00_2p,mpair_00000745,eval,2,"QED,HBD",C=CCc1cc(/C=C2\SC(=O)N(C)C2=O)c(OC)cc1OC1CCCCO1,C=CCc1cc(/C=C2\SC(=O)NC2=O)c(OC)cc1OC1CCCCO1,C=CCc1cc(/C=C2\SC(=O)N(C)C2=O)c(OC)cc1OC1CCCCO1,O=C1NC(=O)/C(=C/c2ccc(OC3CCCCO3)cc2)S1,O=C1NC(=O)/C(=C/c2ccc(OC3CCCCO3)cc2)S1,True,True,True,,1.0,0.71875,,,,,,,,,0.6042673504148035,0.5413211960634129,0.06294615435139062,True,,,,,1.0,0.0,1.0,True,,,,,,,,
source_identity,mpair_00000750_cond_01_2p,mpair_00000750,eval,2,"MW,HBA",COC(=O)C[C@@H]1CC(=O)N2[C@H](Cc3c[nH]c4ccccc34)CO[C@@H]2C1,O=C1CCC[C@H]2OC[C@@H](Cc3c[nH]c4ccccc34)N12,COC(=O)C[C@@H]1CC(=O)N2[C@H](Cc3c[nH]c4ccccc34)CO[C@@H]2C1,O=C1CCC[C@H]2OC[C@@H](Cc3c[nH]c4ccccc34)N12,O=C1CCC[C@H]2OC[C@@H](Cc3c[nH]c4ccccc34)N12,True,False,False,,1.0,0.578125,270.33200000000005,342.39500000000015,72.0630000000001,False,,,,,,,,,,,,,,,,,2.0,4.0,2.0,False,,,,
source_identity,mpair_00000752_cond_01_2p,mpair_00000752,eval,2,"TPSA,HBA",CC[C@H]1CCC(=O)N2[C@H](Cc3c[nH]c4ccccc34)CO[C@H]12,COC(=O)C[C@@H]1CC(=O)N2[C@H](Cc3c[nH]c4ccccc34)CO[C@@H]2C1,CC[C@H]1CCC(=O)N2[C@H](Cc3c[nH]c4ccccc34)CO[C@H]12,O=C1CCC[C@H]2OC[C@@H](Cc3c[nH]c4ccccc34)N12,O=C1CCC[C@H]2OC[C@@H](Cc3c[nH]c4ccccc34)N12,True,False,False,,1.0,0.5072463768115942,,,,,,,,,,,,,71.63000000000001,45.33,26.30000000000001,False,,,,,4.0,2.0,2.0,False,,,,
source_identity,mpair_00000755_cond_02_2p,mpair_00000755,eval,2,"LogP,RB",CC[C@H]1CCC(=O)N2[C@H](Cc3c[nH]c4ccccc34)CO[C@H]12,O=C1CCC[C@H]2OC[C@@H](Cc3c[nH]c4ccccc34)N12,CC[C@H]1CCC(=O)N2[C@H](Cc3c[nH]c4ccccc34)CO[C@H]12,O=C1CCC[C@H]2OC[C@@H](Cc3c[nH]c4ccccc34)N12,O=C1CCC[C@H]2OC[C@@H](Cc3c[nH]c4ccccc34)N12,True,True,True,,1.0,0.6607142857142857,,,,,2.447800000000001,3.0839000000000016,0.6361000000000008,True,,,,,,,,,,,,,,,,,2.0,3.0,1.0,True
source_identity,mpair_00000757_cond_01_2p,mpair_00000757,eval,2,"LogP,RB",COc1cccc(-c2cncc(O[C@@H]3CCNC3)c2)c1,Clc1cccc(-c2cncc(O[C@@H]3CCNC3)c2)c1,COc1cccc(-c2cncc(O[C@@H]3CCNC3)c2)c1,c1ccc(-c2cncc(O[C@@H]3CCNC3)c2)cc1,c1ccc(-c2cncc(O[C@@H]3CCNC3)c2)cc1,True,True,True,,1.0,0.7446808510638298,,,,,3.1427000000000014,2.4979000000000005,0.6448000000000009,True,,,,,,,,,,,,,,,,,3.0,4.0,1.0,True
source_identity,mpair_00000759_cond_02_2p,mpair_00000759,eval,2,"MW,LogP",c1ccc(-c2cncc(O[C@@H]3CCNC3)c2)cc1,Clc1cccc(-c2cc(O[C@@H]3CCNC3)cnc2Cl)c1,c1ccc(-c2cncc(O[C@@H]3CCNC3)c2)cc1,c1ccc(-c2cncc(O[C@@H]3CCNC3)c2)cc1,c1ccc(-c2cncc(O[C@@H]3CCNC3)c2)cc1,True,False,False,,1.0,0.5192307692307693,309.196,240.30599999999998,68.89000000000004,False,3.796100000000002,2.4893,1.3068000000000017,False,,,,,,,,,,,,,,,,,,,,
source_identity,mpair_00000761_cond_01_2p,mpair_00000761,eval,2,"HBA,RB",c1ccc(-c2cncc(O[C@@H]3CCNC3)c2)cc1,COc1cccc(-c2cncc(O[C@@H]3CCNC3)c2)c1,c1ccc(-c2cncc(O[C@@H]3CCNC3)c2)cc1,c1ccc(-c2cncc(O[C@@H]3CCNC3)c2)cc1,c1ccc(-c2cncc(O[C@@H]3CCNC3)c2)cc1,True,True,True,,1.0,0.75,,,,,,,,,,,,,,,,,,,,,4.0,3.0,1.0,True,4.0,3.0,1.0,True
source_identity,mpair_00000764_cond_00_2p,mpair_00000764,eval,2,"LogP,QED",Clc1cccc(-c2cc(O[C@@H]3CCNC3)cnc2Cl)c1,Clc1cccc(-c2cncc(O[C@@H]3CCNC3)c2)c1,Clc1cccc(-c2cc(O[C@@H]3CCNC3)cnc2Cl)c1,c1ccc(-c2cncc(O[C@@H]3CCNC3)c2)cc1,c1ccc(-c2cncc(O[C@@H]3CCNC3)c2)cc1,True,True,True,,1.0,0.68,,,,,3.1427000000000014,3.796100000000002,0.6534000000000004,True,0.9336391660075258,0.8758671086324237,0.05777205737510216,True,,,,,,,,,,,,,,,,
source_identity,mpair_00001114_cond_01_2p,mpair_00001114,eval,2,"QED,HBD",COc1ccc(N2CCN(CCC3NC(=O)c4ccccc43)CC2)cc1,COc1ccc(N2CCN(CCC3c4ccccc4C(=O)N3C)CC2)cc1,COc1ccc(N2CCN(CCC3NC(=O)c4ccccc43)CC2)cc1,O=C1NC(CCN2CCN(c3ccccc3)CC2)c2ccccc21,O=C1NC(CCN2CCN(c3ccccc3)CC2)c2ccccc21,True,True,True,,1.0,0.6545454545454545,,,,,,,,,0.8160326048332845,0.8996022198661571,0.08356961503287252,True,,,,,0.0,1.0,1.0,True,,,,,,,,
source_identity,mpair_00001116_cond_02_2p,mpair_00001116,eval,2,"HBA,RB",COc1ccc(N2CCN(CCC3NC(=O)c4ccccc43)CC2)cc1,O=C1NC(CCN2CCN(c3ccccc3)CC2)c2ccccc21,COc1ccc(N2CCN(CCC3NC(=O)c4ccccc43)CC2)cc1,O=C1NC(CCN2CCN(c3ccccc3)CC2)c2ccccc21,O=C1NC(CCN2CCN(c3ccccc3)CC2)c2ccccc21,True,True,True,,1.0,0.7708333333333334,,,,,,,,,,,,,,,,,,,,,3.0,4.0,1.0,True,4.0,5.0,1.0,True
source_identity,mpair_00001120_cond_00_2p,mpair_00001120,eval,2,"QED,HBD",CN1C(=O)c2ccccc2C1CCN1CCN(c2ccc(Cl)cc2)CC1,Cc1ccc(N2CCN(CCC3NC(=O)c4ccccc43)CC2)cc1C,CN1C(=O)c2ccccc2C1CCN1CCN(c2ccc(Cl)cc2)CC1,O=C1NC(CCN2CCN(c3ccccc3)CC2)c2ccccc21,O=C1NC(CCN2CCN(c3ccccc3)CC2)c2ccccc21,True,True,True,,1.0,0.45901639344262296,,,,,,,,,0.9198864151307602,0.8221231339252668,0.09776328120549338,True,,,,,1.0,0.0,1.0,True,,,,,,,,
source_identity,mpair_00001121_cond_02_2p,mpair_00001121,eval,2,"QED,HBD",O=C1NC(CCN2CCN(c3ccccc3)CC2)c2ccccc21,CN1C(=O)c2ccccc2C1CCN1CCN(c2ccc(Cl)cc2)CC1,O=C1NC(CCN2CCN(c3ccccc3)CC2)c2ccccc21,O=C1NC(CCN2CCN(c3ccccc3)CC2)c2ccccc21,O=C1NC(CCN2CCN(c3ccccc3)CC2)c2ccccc21,True,False,False,,1.0,0.4909090909090909,,,,,,,,,0.8221231339252668,0.9403172855884846,0.11819415166321778,False,,,,,0.0,1.0,1.0,True,,,,,,,,
source_identity,mpair_00001124_cond_00_2p,mpair_00001124,eval,2,"LogP,RB",COc1ccc(N2CCN(CCC3NC(=O)c4ccccc43)CC2)cc1,Cc1ccc(N2CCN(CCC3NC(=O)c4ccccc43)CC2)cc1C,COc1ccc(N2CCN(CCC3NC(=O)c4ccccc43)CC2)cc1,O=C1NC(CCN2CCN(c3ccccc3)CC2)c2ccccc21,O=C1NC(CCN2CCN(c3ccccc3)CC2)c2ccccc21,True,True,True,,1.0,0.7037037037037037,,,,,3.3002400000000023,2.692000000000001,0.6082400000000012,True,,,,,,,,,,,,,,,,,4.0,5.0,1.0,True
source_identity,mpair_00001128_cond_00_2p,mpair_00001128,eval,2,"LogP,RB",CN1C(=O)c2ccccc2C1CCN1CCN(c2ccc(Cl)cc2)CC1,COc1ccc(N2CCN(CCC3c4ccccc4C(=O)N3C)CC2)cc1,CN1C(=O)c2ccccc2C1CCN1CCN(c2ccc(Cl)cc2)CC1,O=C1NC(CCN2CCN(c3ccccc3)CC2)c2ccccc21,O=C1NC(CCN2CCN(c3ccccc3)CC2)c2ccccc21,True,True,True,,1.0,0.76,,,,,3.034200000000002,3.679000000000003,0.6448000000000009,True,,,,,,,,,,,,,,,,,5.0,4.0,1.0,True
source_identity,mpair_00001129_cond_02_2p,mpair_00001129,eval,2,"QED,HBD",Cc1ccc(N2CCN(CCC3NC(=O)c4ccccc43)CC2)cc1C,CN1C(=O)c2ccccc2C1CCN1CCN(c2ccc(Cl)cc2)CC1,Cc1ccc(N2CCN(CCC3NC(=O)c4ccccc43)CC2)cc1C,O=C1NC(CCN2CCN(c3ccccc3)CC2)c2ccccc21,O=C1NC(CCN2CCN(c3ccccc3)CC2)c2ccccc21,True,True,True,,1.0,0.45901639344262296,,,,,,,,,0.8221231339252668,0.9198864151307602,0.09776328120549338,True,,,,,0.0,1.0,1.0,True,,,,,,,,
source_identity,mpair_00001132_cond_01_2p,mpair_00001132,eval,2,"QED,TPSA",O=C(Cc1ccccc1[N+](=O)[O-])NCCC1CCN(CC2COc3ccccc3O2)CC1,COc1ccccc1CC(=O)NCCC1CCN(CC2COc3ccccc3O2)CC1,O=C(Cc1ccccc1[N+](=O)[O-])NCCC1CCN(CC2COc3ccccc3O2)CC1,O=C(Cc1ccccc1)NCCC1CCN(CC2COc3ccccc3O2)CC1,O=C(Cc1ccccc1)NCCC1CCN(CC2COc3ccccc3O2)CC1,True,False,False,,1.0,0.7164179104477612,,,,,,,,,0.7047088784600517,0.5015202818225966,0.20318859663745514,False,60.03,93.94,33.91,False,,,,,,,,,,,,
source_identity,mpair_00001135_cond_02_2p,mpair_00001135,eval,2,"MW,LogP",Fc1ccc(N2CCN(c3nc4ccsc4n4cccc34)CC2)cc1,FC(F)(F)c1cccc(N2CCN(c3nc4ccsc4n4cccc34)CC2)c1,Fc1ccc(N2CCN(c3nc4ccsc4n4cccc34)CC2)cc1,c1ccc(N2CCN(c3nc4ccsc4n4cccc34)CC2)cc1,c1ccc(N2CCN(c3nc4ccsc4n4cccc34)CC2)cc1,True,False,False,,1.0,0.6666666666666666,402.4450000000001,352.43800000000016,50.00699999999995,False,4.894400000000004,4.014700000000003,0.8797000000000006,True,,,,,,,,,,,,,,,,,,,,
source_identity,mpair_00001633_cond_01_2p,mpair_00001633,eval,2,"MW,QED",C=CCC1(C(C)C#CCC)C(=O)NC(=O)N(C)C1=O,C=C(Br)CC1(C(C)C)C(=O)NC(=O)N(C)C1=O,C=CCC1(C(C)C#CCC)C(=O)NC(=O)N(C)C1=O,O=C1CC(=O)NC(=O)N1,O=C1CC(=O)NC(=O)N1,True,False,False,,1.0,0.42857142857142855,303.15600000000006,262.30899999999997,40.847000000000094,False,,,,,0.8059749860896003,0.47348972477403223,0.33248526131556805,False,,,,,,,,,,,,,,,,
source_identity,mpair_00002258_cond_00_2p,mpair_00002258,eval,2,"LogP,QED",Cc1cccc(C)c1NC(=O)c1c(C)n(-c2c(C)cccc2C)c(C)cc1=O,Cc1ccccc1NC(=O)c1c(C)n(-c2ccccc2C)c(C)cc1=O,Cc1cccc(C)c1NC(=O)c1c(C)n(-c2c(C)cccc2C)c(C)cc1=O,O=C(Nc1ccccc1)c1cn(-c2ccccc2)ccc1=O,O=C(Nc1ccccc1)c1cn(-c2ccccc2)ccc1=O,True,True,True,,1.0,0.5833333333333334,,,,,4.3234800000000035,4.940320000000004,0.6168400000000007,True,0.7675628277357767,0.7058233303377046,0.06173949739807205,True,,,,,,,,,,,,,,,,
source_identity,mpair_00002259_cond_02_2p,mpair_00002259,eval,2,"LogP,QED",Cc1ccccc1NC(=O)c1c(C)n(-c2ccccc2C)c(C)cc1=O,Cc1cccc(C)c1NC(=O)c1c(C)n(-c2c(C)cccc2C)c(C)cc1=O,Cc1ccccc1NC(=O)c1c(C)n(-c2ccccc2C)c(C)cc1=O,O=C(Nc1ccccc1)c1cn(-c2ccccc2)ccc1=O,O=C(Nc1ccccc1)c1cn(-c2ccccc2)ccc1=O,True,True,True,,1.0,0.5833333333333334,,,,,4.940320000000004,4.3234800000000035,0.6168400000000007,True,0.7058233303377046,0.7675628277357767,0.06173949739807205,True,,,,,,,,,,,,,,,,
source_identity,mpair_00002372_cond_02_2p,mpair_00002372,eval,2,"HBA,RB",CCCCCNC(=O)Nc1c(SCCCn2cnc(-c3ccccc3)c2C)cccc1N(C)C,CCCCCNC(=O)Nc1c(C)cccc1SCCCn1cnc(-c2ccccc2)c1C,CCCCCNC(=O)Nc1c(SCCCn2cnc(-c3ccccc3)c2C)cccc1N(C)C,c1ccc(SCCCn2cnc(-c3ccccc3)c2)cc1,c1ccc(SCCCn2cnc(-c3ccccc3)c2)cc1,True,True,True,,1.0,0.8208955223880597,,,,,,,,,,,,,,,,,,,,,4.0,5.0,1.0,True,11.0,12.0,1.0,True
source_identity,mpair_00002462_cond_00_2p,mpair_00002462,eval,2,"TPSA,RB",COc1cc(NC(=O)c2cc(OCCCN(C)C)nn2Cc2ccccc2)cc(OC)c1OC,COc1ccc(NC(=O)c2cc(OCCCN(C)C)nn2Cc2ccccc2)cc1,COc1cc(NC(=O)c2cc(OCCCN(C)C)nn2Cc2ccccc2)cc(OC)c1OC,O=C(Nc1ccccc1)c1ccnn1Cc1ccccc1,O=C(Nc1ccccc1)c1ccnn1Cc1ccccc1,True,False,False,,1.0,0.7741935483870968,,,,,,,,,,,,,68.62,87.08000000000001,18.460000000000008,True,,,,,,,,,10.0,12.0,2.0,False
source_identity,mpair_00002465_cond_00_2p,mpair_00002465,eval,2,"HBA,RB",CN(C)CCCOc1cc(C(=O)Nc2ccc(OC(F)(F)F)cc2)n(Cc2ccccc2)n1,CN(C)CCCOc1cc(C(=O)Nc2cccc(Cl)c2)n(Cc2ccccc2)n1,CN(C)CCCOc1cc(C(=O)Nc2ccc(OC(F)(F)F)cc2)n(Cc2ccccc2)n1,O=C(Nc1ccccc1)c1ccnn1Cc1ccccc1,O=C(Nc1ccccc1)c1ccnn1Cc1ccccc1,True,True,True,,1.0,0.696969696969697,,,,,,,,,,,,,,,,,,,,,5.0,6.0,1.0,True,9.0,10.0,1.0,True
source_identity,mpair_00002469_cond_01_2p,mpair_00002469,eval,2,"TPSA,HBA",COc1ccc(NC(=O)c2cc(OCCCN(C)C)nn2Cc2ccccc2)cc1,COc1cc(NC(=O)c2cc(OCCCN(C)C)nn2Cc2ccccc2)cc(OC)c1OC,COc1ccc(NC(=O)c2cc(OCCCN(C)C)nn2Cc2ccccc2)cc1,O=C(Nc1ccccc1)c1ccnn1Cc1ccccc1,O=C(Nc1ccccc1)c1ccnn1Cc1ccccc1,True,False,False,,1.0,0.7741935483870968,,,,,,,,,,,,,87.08000000000001,68.62,18.460000000000008,True,,,,,8.0,6.0,2.0,False,,,,
source_identity,mpair_00002475_cond_01_2p,mpair_00002475,eval,2,"TPSA,RB",CN(C)CCCOc1cc(C(=O)Nc2ccc(OC(F)(F)F)cc2)n(Cc2ccccc2)n1,COc1cc(NC(=O)c2cc(OCCCN(C)C)nn2Cc2ccccc2)cc(OC)c1OC,CN(C)CCCOc1cc(C(=O)Nc2ccc(OC(F)(F)F)cc2)n(Cc2ccccc2)n1,O=C(Nc1ccccc1)c1ccnn1Cc1ccccc1,O=C(Nc1ccccc1)c1ccnn1Cc1ccccc1,True,False,False,,1.0,0.6764705882352942,,,,,,,,,,,,,87.08000000000001,68.62,18.460000000000008,True,,,,,,,,,12.0,10.0,2.0,False
source_identity,mpair_00002480_cond_00_2p,mpair_00002480,eval,2,"LogP,QED",CN(C)CCCOc1cc(C(=O)Nc2cc(F)cc(C(F)(F)F)c2)n(Cc2ccccc2)n1,CN(C)CCCOc1cc(C(=O)Nc2cccc(Cl)c2)n(Cc2ccccc2)n1,CN(C)CCCOc1cc(C(=O)Nc2cc(F)cc(C(F)(F)F)c2)n(Cc2ccccc2)n1,O=C(Nc1ccccc1)c1ccnn1Cc1ccccc1,O=C(Nc1ccccc1)c1ccnn1Cc1ccccc1,True,False,False,,1.0,0.6764705882352942,,,,,4.167600000000003,4.672100000000003,0.5045000000000002,True,0.5357556879239462,0.369385517709234,0.16637017021471223,False,,,,,,,,,,,,,,,,
source_identity,mpair_00002482_cond_02_2p,mpair_00002482,eval,2,"LogP,QED",COc1ccc(NC(=O)c2cc(OCCCN(C)C)nn2Cc2ccccc2)cc1,CN(C)CCCOc1cc(C(=O)Nc2ccc(OC(F)(F)F)cc2)n(Cc2ccccc2)n1,COc1ccc(NC(=O)c2cc(OCCCN(C)C)nn2Cc2ccccc2)cc1,O=C(Nc1ccccc1)c1ccnn1Cc1ccccc1,O=C(Nc1ccccc1)c1ccnn1Cc1ccccc1,True,True,True,,1.0,0.8064516129032258,,,,,4.412800000000003,3.522800000000002,0.8900000000000015,True,0.4522382232340766,0.5200250404910086,0.06778681725693203,True,,,,,,,,,,,,,,,,
source_identity,mpair_00002486_cond_02_2p,mpair_00002486,eval,2,"QED,HBA",CN(C)CCCOc1cc(C(=O)Nc2cccc(Cl)c2)n(Cc2ccccc2)n1,CN(C)CCCOc1cc(C(=O)Nc2ccc(OC(F)(F)F)cc2)n(Cc2ccccc2)n1,CN(C)CCCOc1cc(C(=O)Nc2cccc(Cl)c2)n(Cc2ccccc2)n1,O=C(Nc1ccccc1)c1ccnn1Cc1ccccc1,O=C(Nc1ccccc1)c1ccnn1Cc1ccccc1,True,True,True,,1.0,0.696969696969697,,,,,,,,,0.4522382232340766,0.5357556879239462,0.08351746468986965,True,,,,,,,,,6.0,5.0,1.0,True,,,,
source_identity,mpair_00002490_cond_01_2p,mpair_00002490,eval,2,"TPSA,HBA",CCOC(=O)c1cc(C(C)O)cn1S(=O)(=O)c1cc(Cl)ccc1N,C=Cc1cc(C(=O)OCC)n(S(=O)(=O)c2cc(Cl)ccc2N)c1,CCOC(=O)c1cc(C(C)O)cn1S(=O)(=O)c1cc(Cl)ccc1N,O=S(=O)(c1ccccc1)n1cccc1,O=S(=O)(c1ccccc1)n1cccc1,True,False,False,,1.0,0.7192982456140351,,,,,,,,,,,,,91.39,111.61999999999999,20.22999999999999,False,,,,,6.0,7.0,1.0,True,,,,
source_identity,mpair_00002494_cond_01_2p,mpair_00002494,eval,2,"MW,LogP",O=C1C(Nc2ccccc2)=C(Cl)C(=O)c2ncncc21,O=C1C(Nc2cccc(Br)c2)=C(Cl)C(=O)c2ncncc21,O=C1C(Nc2ccccc2)=C(Cl)C(=O)c2ncncc21,O=C1C(Nc2ccccc2)=CC(=O)c2ncncc21,O=C1C(Nc2ccccc2)=CC(=O)c2ncncc21,True,False,False,,1.0,0.7272727272727273,364.58600000000007,285.69,78.89600000000007,False,3.180600000000001,2.4181,0.7625000000000011,True,,,,,,,,,,,,,,,,,,,,
source_identity,mpair_00002496_cond_00_2p,mpair_00002496,eval,2,"MW,LogP",O=C1C(Nc2ccccc2)=C(Cl)C(=O)c2ncncc21,O=C1C(Nc2ccc(Br)cc2)=C(Cl)C(=O)c2ncncc21,O=C1C(Nc2ccccc2)=C(Cl)C(=O)c2ncncc21,O=C1C(Nc2ccccc2)=CC(=O)c2ncncc21,O=C1C(Nc2ccccc2)=CC(=O)c2ncncc21,True,False,False,,1.0,0.7560975609756098,364.58600000000007,285.69,78.89600000000007,False,3.180600000000001,2.4181,0.7625000000000011,True,,,,,,,,,,,,,,,,,,,,
source_identity,mpair_00002497_cond_02_2p,mpair_00002497,eval,2,"MW,LogP",O=C1C(Nc2ccc(Br)cc2)=C(Cl)C(=O)c2ncncc21,O=C1C(Nc2ccccc2)=C(Cl)C(=O)c2ncncc21,O=C1C(Nc2ccc(Br)cc2)=C(Cl)C(=O)c2ncncc21,O=C1C(Nc2ccccc2)=CC(=O)c2ncncc21,O=C1C(Nc2ccccc2)=CC(=O)c2ncncc21,True,False,False,,1.0,0.7560975609756098,285.69,364.58600000000007,78.89600000000007,False,2.4181,3.180600000000001,0.7625000000000011,True,,,,,,,,,,,,,,,,,,,,
source_identity,mpair_00002501_cond_01_2p,mpair_00002501,eval,2,"LogP,RB",CCc1ccc(NC2=C(Cl)C(=O)c3ncncc3C2=O)cc1,O=C1C(Nc2ccccc2)=C(Cl)C(=O)c2ncncc21,CCc1ccc(NC2=C(Cl)C(=O)c3ncncc3C2=O)cc1,O=C1C(Nc2ccccc2)=CC(=O)c2ncncc21,O=C1C(Nc2ccccc2)=CC(=O)c2ncncc21,True,True,True,,1.0,0.7045454545454546,,,,,2.4181,2.980500000000001,0.5624000000000011,True,,,,,,,,,,,,,,,,,2.0,3.0,1.0,True
source_identity,mpair_00002504_cond_01_2p,mpair_00002504,eval,2,"HBA,RB",COc1ccc(C(=O)CN2c3ccccc3C(=O)N(Cc3ccccc3)S2(=O)=O)cc1,Cc1ccc(C(=O)CN2c3ccccc3C(=O)N(Cc3ccccc3)S2(=O)=O)cc1,COc1ccc(C(=O)CN2c3ccccc3C(=O)N(Cc3ccccc3)S2(=O)=O)cc1,O=C(CN1c2ccccc2C(=O)N(Cc2ccccc2)S1(=O)=O)c1ccccc1,O=C(CN1c2ccccc2C(=O)N(Cc2ccccc2)S1(=O)=O)c1ccccc1,True,True,True,,1.0,0.7843137254901961,,,,,,,,,,,,,,,,,,,,,4.0,5.0,1.0,True,5.0,6.0,1.0,True
source_identity,mpair_00002506_cond_02_2p,mpair_00002506,eval,2,"HBA,RB",Cc1ccc(C(=O)CN2c3ccccc3C(=O)N(Cc3ccccc3)S2(=O)=O)cc1,COc1ccc(C(=O)CN2c3ccccc3C(=O)N(Cc3ccccc3)S2(=O)=O)cc1,Cc1ccc(C(=O)CN2c3ccccc3C(=O)N(Cc3ccccc3)S2(=O)=O)cc1,O=C(CN1c2ccccc2C(=O)N(Cc2ccccc2)S1(=O)=O)c1ccccc1,O=C(CN1c2ccccc2C(=O)N(Cc2ccccc2)S1(=O)=O)c1ccccc1,True,True,True,,1.0,0.7843137254901961,,,,,,,,,,,,,,,,,,,,,5.0,4.0,1.0,True,6.0,5.0,1.0,True
source_identity,mpair_00002514_cond_02_2p,mpair_00002514,eval,2,"MW,QED",CSc1cc(-c2ccc(Cl)cc2)oc(=O)c1Br,CSc1cc(-c2ccc(Cl)cc2)oc(=O)c1C(N)=O,CSc1cc(-c2ccc(Cl)cc2)oc(=O)c1Br,O=c1cccc(-c2ccccc2)o1,O=c1cccc(-c2ccccc2)o1,True,False,False,,1.0,0.627906976744186,295.747,331.61799999999994,35.870999999999924,False,,,,,0.8837306867126842,0.7618841288913729,0.12184655782131126,False,,,,,,,,,,,,,,,,
source_identity,mpair_00002517_cond_02_2p,mpair_00002517,eval,2,"MW,LogP",CSc1cc(-c2ccc(Cl)cc2)oc(=O)c1Br,CSc1cc(-c2ccc(Cl)cc2)oc(=O)c1,CSc1cc(-c2ccc(Cl)cc2)oc(=O)c1Br,O=c1cccc(-c2ccccc2)o1,O=c1cccc(-c2ccccc2)o1,True,False,False,,1.0,0.5365853658536586,252.72199999999998,331.61799999999994,78.89599999999996,False,3.682100000000002,4.444600000000001,0.7624999999999993,True,,,,,,,,,,,,,,,,,,,,
source_identity,mpair_00002530_cond_00_2p,mpair_00002530,eval,2,"MW,LogP",CSc1cc(-c2ccc(Cl)cc2)oc(=O)c1,CSc1cc(-c2ccc(Cl)cc2)oc(=O)c1Br,CSc1cc(-c2ccc(Cl)cc2)oc(=O)c1,O=c1cccc(-c2ccccc2)o1,O=c1cccc(-c2ccccc2)o1,True,False,False,,1.0,0.5365853658536586,331.61799999999994,252.72199999999998,78.89599999999996,False,4.444600000000001,3.682100000000002,0.7624999999999993,True,,,,,,,,,,,,,,,,,,,,
source_identity,mpair_00002538_cond_00_2p,mpair_00002538,eval,2,"MW,LogP",CSc1cc(-c2ccc(Br)cc2)oc(=O)c1Cl,CSc1cc(-c2ccc(Cl)cc2)oc(=O)c1,CSc1cc(-c2ccc(Br)cc2)oc(=O)c1Cl,O=c1cccc(-c2ccccc2)o1,O=c1cccc(-c2ccccc2)o1,True,False,False,,1.0,0.4318181818181818,252.72199999999998,331.61800000000005,78.89600000000007,False,3.682100000000002,4.444600000000002,0.7625000000000002,True,,,,,,,,,,,,,,,,,,,,
source_identity,mpair_00002546_cond_02_2p,mpair_00002546,eval,2,"LogP,TPSA",CSc1cc(-c2ccc(Br)cc2)oc(=O)c1Br,CSc1cc(-c2ccc(Br)cc2)oc(=O)c1C#N,CSc1cc(-c2ccc(Br)cc2)oc(=O)c1Br,O=c1cccc(-c2ccccc2)o1,O=c1cccc(-c2ccccc2)o1,True,False,False,,1.0,0.675,,,,,3.662880000000002,4.553700000000002,0.8908199999999997,True,,,,,54.0,30.21,23.79,False,,,,,,,,,,,,
source_identity,mpair_00002556_cond_00_2p,mpair_00002556,eval,2,"MW,QED",CN(C(=O)n1nc(-c2ccc(Cl)cc2)nc1SCC(F)(F)F)c1ccccc1,CSc1nc(-c2ccc(Cl)cc2)nn1C(=O)N(C)c1ccccc1,CN(C(=O)n1nc(-c2ccc(Cl)cc2)nc1SCC(F)(F)F)c1ccccc1,O=C(Nc1ccccc1)n1cnc(-c2ccccc2)n1,O=C(Nc1ccccc1)n1cnc(-c2ccccc2)n1,True,False,False,,1.0,0.7222222222222222,358.85400000000004,426.8510000000001,67.99700000000007,False,,,,,0.6499636794176425,0.5270344401044634,0.12292923931317912,False,,,,,,,,,,,,,,,,
source_identity,mpair_00002559_cond_01_2p,mpair_00002559,eval,2,"LogP,QED",CN(C(=O)n1nc(-c2ccc(Cl)cc2)nc1SCC(F)(F)F)c1ccccc1,CSc1nc(-c2ccc(C)cc2)nn1C(=O)N(C)c1ccccc1,CN(C(=O)n1nc(-c2ccc(Cl)cc2)nc1SCC(F)(F)F)c1ccccc1,O=C(Nc1ccccc1)n1cnc(-c2ccccc2)n1,O=C(Nc1ccccc1)n1cnc(-c2ccccc2)n1,True,False,False,,1.0,0.5862068965517241,,,,,4.079920000000002,5.357400000000003,1.2774800000000006,False,0.6753188675979567,0.5270344401044634,0.14828442749349324,False,,,,,,,,,,,,,,,,
source_identity,mpair_00002562_cond_01_2p,mpair_00002562,eval,2,"LogP,RB",CSc1nc(-c2ccc(Cl)cc2)nn1C(=O)N(C)c1ccccc1,CN(C(=O)n1nc(-c2ccc(Cl)cc2)nc1SCC(F)(F)F)c1ccccc1,CSc1nc(-c2ccc(Cl)cc2)nn1C(=O)N(C)c1ccccc1,O=C(Nc1ccccc1)n1cnc(-c2ccccc2)n1,O=C(Nc1ccccc1)n1cnc(-c2ccccc2)n1,True,True,True,,1.0,0.7222222222222222,,,,,5.357400000000003,4.424900000000004,0.9324999999999992,True,,,,,,,,,,,,,,,,,4.0,3.0,1.0,True
source_identity,mpair_00002565_cond_01_2p,mpair_00002565,eval,2,"LogP,HBA",CSc1nc(-c2ccc(OC(F)(F)F)cc2)nn1C(=O)N(C)c1ccccc1,CSc1nc(-c2ccc(C)cc2)nn1C(=O)N(C)c1ccccc1,CSc1nc(-c2ccc(OC(F)(F)F)cc2)nn1C(=O)N(C)c1ccccc1,O=C(Nc1ccccc1)n1cnc(-c2ccccc2)n1,O=C(Nc1ccccc1)n1cnc(-c2ccccc2)n1,True,True,True,,1.0,0.7169811320754716,,,,,4.079920000000002,4.670100000000003,0.590180000000001,True,,,,,,,,,,,,,5.0,6.0,1.0,True,,,,
source_identity,mpair_00002567_cond_01_2p,mpair_00002567,eval,2,"HBD,RB",COc1cc(C(=O)N2CCN(C(=O)c3cc(OC)c(OC)c(OC)c3)C(COC(=O)NCCC(C)C)C2)cc(OC)c1OC,CCN(CC)C(=O)OCC1CN(C(=O)c2cc(OC)c(OC)c(OC)c2)CCN1C(=O)c1cc(OC)c(OC)c(OC)c1,COc1cc(C(=O)N2CCN(C(=O)c3cc(OC)c(OC)c(OC)c3)C(COC(=O)NCCC(C)C)C2)cc(OC)c1OC,O=C(c1ccccc1)N1CCN(C(=O)c2ccccc2)CC1,O=C(c1ccccc1)N1CCN(C(=O)c2ccccc2)CC1,True,True,True,,1.0,0.6451612903225806,,,,,,,,,,,,,,,,,0.0,1.0,1.0,True,,,,,12.0,13.0,1.0,True
source_identity,mpair_00002571_cond_01_2p,mpair_00002571,eval,2,"HBD,RB",CCN(CC)C(=O)OCC1CN(C(=O)c2cc(OC)c(OC)c(OC)c2)CCN1C(=O)c1cc(OC)c(OC)c(OC)c1,COc1cc(C(=O)N2CCN(C(=O)c3cc(OC)c(OC)c(OC)c3)C(COC(=O)NCCC(C)C)C2)cc(OC)c1OC,CCN(CC)C(=O)OCC1CN(C(=O)c2cc(OC)c(OC)c(OC)c2)CCN1C(=O)c1cc(OC)c(OC)c(OC)c1,O=C(c1ccccc1)N1CCN(C(=O)c2ccccc2)CC1,O=C(c1ccccc1)N1CCN(C(=O)c2ccccc2)CC1,True,True,True,,1.0,0.6451612903225806,,,,,,,,,,,,,,,,,1.0,0.0,1.0,True,,,,,13.0,12.0,1.0,True
source_identity,mpair_00002574_cond_01_2p,mpair_00002574,eval,2,"LogP,RB",COc1cc(C(=O)N2CCN(C(=O)c3cc(OC)c(OC)c(OC)c3)C(COC(=O)CC(C)(C)C)C2)cc(OC)c1OC,CCN(CC)C(=O)OCC1CN(C(=O)c2cc(OC)c(OC)c(OC)c2)CCN1C(=O)c1cc(OC)c(OC)c(OC)c1,COc1cc(C(=O)N2CCN(C(=O)c3cc(OC)c(OC)c(OC)c3)C(COC(=O)CC(C)(C)C)C2)cc(OC)c1OC,O=C(c1ccccc1)N1CCN(C(=O)c2ccccc2)CC1,O=C(c1ccccc1)N1CCN(C(=O)c2ccccc2)CC1,True,True,True,,1.0,0.6896551724137931,,,,,3.1834000000000024,3.684400000000003,0.5010000000000003,True,,,,,,,,,,,,,,,,,12.0,11.0,1.0,True
source_identity,mpair_00002577_cond_00_2p,mpair_00002577,eval,2,"HBD,RB",COc1cc(C(=O)N2CCN(C(=O)c3cc(OC)c(OC)c(OC)c3)C(COC(=O)NCCC(C)C)C2)cc(OC)c1OC,COc1cc(C(=O)N2CCN(C(=O)c3cc(OC)c(OC)c(OC)c3)C(COC(=O)CC(C)(C)C)C2)cc(OC)c1OC,COc1cc(C(=O)N2CCN(C(=O)c3cc(OC)c(OC)c(OC)c3)C(COC(=O)NCCC(C)C)C2)cc(OC)c1OC,O=C(c1ccccc1)N1CCN(C(=O)c2ccccc2)CC1,O=C(c1ccccc1)N1CCN(C(=O)c2ccccc2)CC1,True,False,False,,1.0,0.6451612903225806,,,,,,,,,,,,,,,,,0.0,1.0,1.0,True,,,,,11.0,13.0,2.0,False
source_identity,mpair_00002578_cond_02_2p,mpair_00002578,eval,2,"LogP,RB",CCN(CC)C(=O)OCC1CN(C(=O)c2cc(OC)c(OC)c(OC)c2)CCN1C(=O)c1cc(OC)c(OC)c(OC)c1,COc1cc(C(=O)N2CCN(C(=O)c3cc(OC)c(OC)c(OC)c3)C(COC(=O)CC(C)(C)C)C2)cc(OC)c1OC,CCN(CC)C(=O)OCC1CN(C(=O)c2cc(OC)c(OC)c(OC)c2)CCN1C(=O)c1cc(OC)c(OC)c(OC)c1,O=C(c1ccccc1)N1CCN(C(=O)c2ccccc2)CC1,O=C(c1ccccc1)N1CCN(C(=O)c2ccccc2)CC1,True,True,True,,1.0,0.6896551724137931,,,,,3.684400000000003,3.1834000000000024,0.5010000000000003,True,,,,,,,,,,,,,,,,,11.0,12.0,1.0,True
source_identity,mpair_00002589_cond_00_2p,mpair_00002589,eval,2,"QED,HBA",COc1cc(C(=O)N2CCN(C(=O)c3cc(OC)c(OC)c(OC)c3)C(CO)C2)cc(OC)c1OC,CCN(CC)C(=O)OCC1CN(C(=O)c2cc(OC)c(OC)c(OC)c2)CCN1C(=O)c1cc(OC)c(OC)c(OC)c1,COc1cc(C(=O)N2CCN(C(=O)c3cc(OC)c(OC)c(OC)c3)C(CO)C2)cc(OC)c1OC,O=C(c1ccccc1)N1CCN(C(=O)c2ccccc2)CC1,O=C(c1ccccc1)N1CCN(C(=O)c2ccccc2)CC1,True,False,False,,1.0,0.6792452830188679,,,,,,,,,0.3571777118480848,0.544633228323374,0.18745551647528924,False,,,,,,,,,10.0,9.0,1.0,True,,,,
source_identity,mpair_00002597_cond_01_2p,mpair_00002597,eval,2,"MW,LogP",COc1ccc(C(=O)Nc2c(Cl)cncc2Cl)c2ccc(C(C)=O)nc12,COc1ccc(C(=O)Nc2ccncc2Cl)c2cccnc12,COc1ccc(C(=O)Nc2c(Cl)cncc2Cl)c2ccc(C(C)=O)nc12,O=C(Nc1ccncc1)c1cccc2ncccc12,O=C(Nc1ccncc1)c1cccc2ncccc12,True,False,False,,1.0,0.5081967213114754,313.744,390.22600000000017,76.48200000000014,False,3.544100000000002,4.400100000000002,0.8559999999999999,True,,,,,,,,,,,,,,,,,,,,
source_identity,mpair_00002599_cond_02_2p,mpair_00002599,eval,2,"TPSA,HBA",COc1ccc(C(=O)Nc2c(Cl)cncc2Cl)c2ccc(C(C)=O)nc12,CCc1ccc2c(C(=O)Nc3c(Cl)cncc3Cl)ccc(OC)c2n1,COc1ccc(C(=O)Nc2c(Cl)cncc2Cl)c2ccc(C(C)=O)nc12,O=C(Nc1ccncc1)c1cccc2ncccc12,O=C(Nc1ccncc1)c1cccc2ncccc12,True,True,True,,1.0,0.7222222222222222,,,,,,,,,,,,,64.11,81.17999999999999,17.069999999999993,True,,,,,4.0,5.0,1.0,True,,,,
source_identity,mpair_00002603_cond_00_2p,mpair_00002603,eval,2,"LogP,HBD",COc1ccc(C(=O)Nc2c(Cl)cncc2Cl)c2ccc(C(C)O)nc12,CCc1ccc2c(C(=O)Nc3c(Cl)cncc3Cl)ccc(OC)c2n1,COc1ccc(C(=O)Nc2c(Cl)cncc2Cl)c2ccc(C(C)O)nc12,O=C(Nc1ccncc1)c1cccc2ncccc12,O=C(Nc1ccncc1)c1cccc2ncccc12,True,True,True,,1.0,0.6964285714285714,,,,,4.759900000000003,4.2508000000000035,0.5090999999999992,True,,,,,,,,,1.0,2.0,1.0,True,,,,,,,,
source_identity,mpair_00002608_cond_00_2p,mpair_00002608,eval,2,"MW,LogP",COc1ccc(C(=O)Nc2ccncc2Cl)c2cccnc12,COc1ccc(C(=O)Nc2c(F)cncc2F)c2ccc(C(F)(F)F)nc12,COc1ccc(C(=O)Nc2ccncc2Cl)c2cccnc12,O=C(Nc1ccncc1)c1cccc2ncccc12,O=C(Nc1ccncc1)c1cccc2ncccc12,True,False,False,,1.0,0.4090909090909091,383.276,313.744,69.53199999999998,False,4.187700000000001,3.544100000000002,0.6435999999999993,True,,,,,,,,,,,,,,,,,,,,
source_identity,mpair_00002611_cond_02_2p,mpair_00002611,eval,2,"QED,TPSA",COc1ccc(C(=O)Nc2ccncc2Cl)c2ccc(C(F)(F)F)nc12,COc1ccc(C(=O)Nc2c(Cl)cncc2Cl)c2ccc(C(C)=O)nc12,COc1ccc(C(=O)Nc2ccncc2Cl)c2ccc(C(F)(F)F)nc12,O=C(Nc1ccncc1)c1cccc2ncccc12,O=C(Nc1ccncc1)c1cccc2ncccc12,True,True,True,,1.0,0.5396825396825397,,,,,,,,,0.6681926051832562,0.7218484507203837,0.053655845537127544,True,81.17999999999999,64.11,17.069999999999993,True,,,,,,,,,,,,
source_identity,mpair_00002615_cond_00_2p,mpair_00002615,eval,2,"MW,QED",COc1ccc(C(=O)Nc2c(F)cncc2F)c2ccc(C(F)(F)F)nc12,COc1ccc(C(=O)Nc2c(Cl)cncc2Cl)c2cccnc12,COc1ccc(C(=O)Nc2c(F)cncc2F)c2ccc(C(F)(F)F)nc12,O=C(Nc1ccncc1)c1cccc2ncccc12,O=C(Nc1ccncc1)c1cccc2ncccc12,True,False,False,,1.0,0.4918032786885246,348.1890000000001,383.276,35.08699999999993,False,,,,,0.7706046174674384,0.6893032571109005,0.0813013603565379,True,,,,,,,,,,,,,,,,
source_identity,mpair_00002619_cond_00_2p,mpair_00002619,eval,2,"TPSA,RB",COc1ccc(C(=O)Nc2c(Cl)cncc2Cl)c2ccc(C(C)O)nc12,COc1ccc(C(=O)Nc2ccncc2Cl)c2ccc(C(F)(F)F)nc12,COc1ccc(C(=O)Nc2c(Cl)cncc2Cl)c2ccc(C(C)O)nc12,O=C(Nc1ccncc1)c1cccc2ncccc12,O=C(Nc1ccncc1)c1cccc2ncccc12,True,False,False,,1.0,0.5230769230769231,,,,,,,,,,,,,64.11,84.34,20.230000000000004,False,,,,,,,,,3.0,4.0,1.0,True
source_identity,mpair_00002623_cond_00_2p,mpair_00002623,eval,2,"LogP,RB",COc1ccc(C(=O)Nc2c(F)cncc2F)c2ccc(C(F)(F)F)nc12,CCc1ccc2c(C(=O)Nc3c(Cl)cncc3Cl)ccc(OC)c2n1,COc1ccc(C(=O)Nc2c(F)cncc2F)c2ccc(C(F)(F)F)nc12,O=C(Nc1ccncc1)c1cccc2ncccc12,O=C(Nc1ccncc1)c1cccc2ncccc12,True,True,True,,1.0,0.5409836065573771,,,,,4.759900000000003,4.187700000000001,0.5722000000000014,True,,,,,,,,,,,,,,,,,4.0,3.0,1.0,True
source_identity,mpair_00002626_cond_01_2p,mpair_00002626,eval,2,"LogP,QED",COc1ccc(C(=O)Nc2c(F)cncc2F)c2ccc(C(F)(F)F)nc12,COc1ccc(C(=O)Nc2ccncc2Cl)c2cccnc12,COc1ccc(C(=O)Nc2c(F)cncc2F)c2ccc(C(F)(F)F)nc12,O=C(Nc1ccncc1)c1cccc2ncccc12,O=C(Nc1ccncc1)c1cccc2ncccc12,True,False,False,,1.0,0.4090909090909091,,,,,3.544100000000002,4.187700000000001,0.6435999999999993,True,0.8029165077767629,0.6893032571109005,0.11361325066586248,False,,,,,,,,,,,,,,,,
source_identity,mpair_00003108_cond_00_2p,mpair_00003108,eval,2,"LogP,QED",CN1CCC[C@H]1COc1ccc(Cl)nn1,CN1CCC[C@H]1COc1cccnn1,CN1CCC[C@H]1COc1ccc(Cl)nn1,c1cnnc(OC[C@@H]2CCCN2)c1,c1cnnc(OC[C@@H]2CCCN2)c1,True,True,True,,1.0,0.6511627906976745,,,,,0.9495999999999998,1.6029999999999998,0.6534,True,0.7160423680458043,0.7864914737289573,0.07044910568315299,True,,,,,,,,,,,,,,,,
source_identity,mpair_00003109_cond_02_2p,mpair_00003109,eval,2,"LogP,QED",CN1CCC[C@H]1COc1cccnn1,CN1CCC[C@H]1COc1ccc(Cl)nn1,CN1CCC[C@H]1COc1cccnn1,c1cnnc(OC[C@@H]2CCCN2)c1,c1cnnc(OC[C@@H]2CCCN2)c1,True,True,True,,1.0,0.6511627906976745,,,,,1.6029999999999998,0.9495999999999998,0.6534,True,0.7864914737289573,0.7160423680458043,0.07044910568315299,True,,,,,,,,,,,,,,,,
source_identity,mpair_00003111_cond_01_2p,mpair_00003111,eval,2,"QED,RB",Cc1nc2nnc(C(C)(C)C)nn2c(=O)c1C,CCCCc1nnc2nc(C)c(C)c(=O)n2n1,Cc1nc2nnc(C(C)(C)C)nn2c(=O)c1C,O=c1ccnc2nncnn12,O=c1ccnc2nncnn12,True,False,False,,1.0,0.5238095238095238,,,,,,,,,0.7849999676400611,0.6723856505150625,0.11261431712499859,False,,,,,,,,,,,,,3.0,0.0,3.0,False
source_identity,mpair_00003113_cond_02_2p,mpair_00003113,eval,2,"MW,RB",Cc1nc2nncnn2c(=O)c1C,CCCCc1nnc2nc(C)c(C)c(=O)n2n1,Cc1nc2nncnn2c(=O)c1C,O=c1ccnc2nncnn12,O=c1ccnc2nncnn12,True,False,False,,1.0,0.4418604651162791,233.275,177.167,56.108000000000004,False,,,,,,,,,,,,,,,,,,,,,3.0,0.0,3.0,False
source_identity,mpair_00003202_cond_01_2p,mpair_00003202,eval,2,"TPSA,HBA",O=C(OCc1ccc(-c2ccccc2)cc1)n1cccn1,N#Cc1cnn(C(=O)OCc2ccc(-c3ccccc3)cc2)c1,O=C(OCc1ccc(-c2ccccc2)cc1)n1cccn1,O=C(OCc1ccc(-c2ccccc2)cc1)n1cccn1,O=C(OCc1ccc(-c2ccccc2)cc1)n1cccn1,True,False,False,,1.0,0.5833333333333334,,,,,,,,,,,,,67.91,44.120000000000005,23.789999999999992,False,,,,,5.0,4.0,1.0,True,,,,
source_identity,mpair_00003204_cond_00_2p,mpair_00003204,eval,2,"TPSA,HBA",Cc1cnn(C(=O)OCc2ccc(-c3ccccc3)cc2)c1,N#Cc1cnn(C(=O)OCc2ccc(-c3ccccc3)cc2)c1,Cc1cnn(C(=O)OCc2ccc(-c3ccccc3)cc2)c1,O=C(OCc1ccc(-c2ccccc2)cc1)n1cccn1,O=C(OCc1ccc(-c2ccccc2)cc1)n1cccn1,True,False,False,,1.0,0.6808510638297872,,,,,,,,,,,,,67.91,44.120000000000005,23.789999999999992,False,,,,,5.0,4.0,1.0,True,,,,
source_identity,mpair_00003205_cond_02_2p,mpair_00003205,eval,2,"TPSA,HBA",N#Cc1cnn(C(=O)OCc2ccc(-c3ccccc3)cc2)c1,O=C(OCc1ccc(-c2ccccc2)cc1)n1cccn1,N#Cc1cnn(C(=O)OCc2ccc(-c3ccccc3)cc2)c1,O=C(OCc1ccc(-c2ccccc2)cc1)n1cccn1,O=C(OCc1ccc(-c2ccccc2)cc1)n1cccn1,True,False,False,,1.0,0.5833333333333334,,,,,,,,,,,,,44.120000000000005,67.91,23.789999999999992,False,,,,,4.0,5.0,1.0,True,,,,
source_identity,mpair_00003209_cond_00_2p,mpair_00003209,eval,2,"QED,TPSA",NC(=S)N/N=C/c1cccc(OCc2ccc3no[n+]([O-])c3c2)c1,NC(=O)N/N=C\c1ccccc1OCc1ccc2no[n+]([O-])c2c1,NC(=S)N/N=C/c1cccc(OCc2ccc3no[n+]([O-])c3c2)c1,c1ccc(OCc2ccc3no[nH+]c3c2)cc1,c1ccc(OCc2ccc3no[nH+]c3c2)cc1,True,False,False,,1.0,0.5882352941176471,,,,,,,,,0.4106849547701945,0.30972390933844063,0.10096104543175388,False,129.68,112.61,17.070000000000007,True,,,,,,,,,,,,
source_identity,mpair_00003212_cond_01_2p,mpair_00003212,eval,2,"HBD,RB",CC(C)NC(=O)c1ccc2c(Nc3ccc(Cl)cc3)nc(N3CCOCC3)nc2c1,COC(=O)c1ccc2c(Nc3ccc(Cl)cc3)nc(N3CCOCC3)nc2c1,CC(C)NC(=O)c1ccc2c(Nc3ccc(Cl)cc3)nc(N3CCOCC3)nc2c1,c1ccc(Nc2nc(N3CCOCC3)nc3ccccc23)cc1,c1ccc(Nc2nc(N3CCOCC3)nc3ccccc23)cc1,True,True,True,,1.0,0.7833333333333333,,,,,,,,,,,,,,,,,1.0,2.0,1.0,True,,,,,4.0,5.0,1.0,True
source_identity,mpair_00003216_cond_01_2p,mpair_00003216,eval,2,"HBD,HBA",COC(=O)c1ccc2c(Nc3ccc(Cl)cc3)nc(N3CCOCC3)nc2c1,CC(C)NC(=O)c1ccc2c(Nc3ccc(Cl)cc3)nc(N3CCOCC3)nc2c1,COC(=O)c1ccc2c(Nc3ccc(Cl)cc3)nc(N3CCOCC3)nc2c1,c1ccc(Nc2nc(N3CCOCC3)nc3ccccc23)cc1,c1ccc(Nc2nc(N3CCOCC3)nc3ccccc23)cc1,True,True,True,,1.0,0.7833333333333333,,,,,,,,,,,,,,,,,2.0,1.0,1.0,True,6.0,7.0,1.0,True,,,,
source_identity,mpair_00003224_cond_00_2p,mpair_00003224,eval,2,"QED,RB",COCCCN(/C(S)=C1/C(=O)c2cc(Cl)ccc2N(C)C1=O)c1ccccc1,COc1ccc(N(C)/C(S)=C2/C(=O)c3cc(Cl)ccc3N(C)C2=O)cc1,COCCCN(/C(S)=C1/C(=O)c2cc(Cl)ccc2N(C)C1=O)c1ccccc1,O=C1Nc2ccccc2C(=O)/C1=C/Nc1ccccc1,O=C1Nc2ccccc2C(=O)/C1=C/Nc1ccccc1,True,False,False,,1.0,0.5625,,,,,,,,,0.4935411914533051,0.3319041471572704,0.1616370442960347,False,,,,,,,,,,,,,3.0,6.0,3.0,False
source_identity,mpair_00003225_cond_02_2p,mpair_00003225,eval,2,"QED,RB",COCCCN(/C(S)=C1/C(=O)c2cc(Cl)ccc2N(C)C1=O)c1ccccc1,COc1cccc(N(C)/C(S)=C2/C(=O)c3cc(Cl)ccc3N(C)C2=O)c1,COCCCN(/C(S)=C1/C(=O)c2cc(Cl)ccc2N(C)C1=O)c1ccccc1,O=C1Nc2ccccc2C(=O)/C1=C/Nc1ccccc1,O=C1Nc2ccccc2C(=O)/C1=C/Nc1ccccc1,True,False,False,,1.0,0.5846153846153846,,,,,,,,,0.4935411914533051,0.3319041471572704,0.1616370442960347,False,,,,,,,,,,,,,3.0,6.0,3.0,False
source_identity,mpair_00003227_cond_01_2p,mpair_00003227,eval,2,"QED,RB",COc1ccc(N(C)/C(S)=C2/C(=O)c3cc(Cl)ccc3N(C)C2=O)cc1,COCCCN(/C(S)=C1/C(=O)c2cc(Cl)ccc2N(C)C1=O)c1ccccc1,COc1ccc(N(C)/C(S)=C2/C(=O)c3cc(Cl)ccc3N(C)C2=O)cc1,O=C1Nc2ccccc2C(=O)/C1=C/Nc1ccccc1,O=C1Nc2ccccc2C(=O)/C1=C/Nc1ccccc1,True,False,False,,1.0,0.5625,,,,,,,,,0.3319041471572704,0.4935411914533051,0.1616370442960347,False,,,,,,,,,,,,,6.0,3.0,3.0,False
source_identity,mpair_00003531_cond_00_2p,mpair_00003531,eval,2,"TPSA,HBA",CC(C)Oc1cccc(N(Cc2cccnc2)S(=O)(=O)CC(F)(F)F)c1,CCOC(=O)C(C)Oc1cccc(N(Cc2cccnc2)S(=O)(=O)CC(F)(F)F)c1,CC(C)Oc1cccc(N(Cc2cccnc2)S(=O)(=O)CC(F)(F)F)c1,c1ccc(NCc2cccnc2)cc1,c1ccc(NCc2cccnc2)cc1,True,False,False,,1.0,0.7796610169491526,,,,,,,,,,,,,85.80000000000001,59.5,26.30000000000001,False,,,,,6.0,4.0,2.0,False,,,,
source_identity,mpair_00003534_cond_02_2p,mpair_00003534,eval,2,"QED,RB",O=S(=O)(CC(F)(F)F)N(Cc1cccnc1)c1cccc(OC(F)(F)F)c1,CC(C)Oc1cccc(N(Cc2cccnc2)S(=O)(=O)CC(F)(F)F)c1,O=S(=O)(CC(F)(F)F)N(Cc1cccnc1)c1cccc(OC(F)(F)F)c1,c1ccc(NCc2cccnc2)cc1,c1ccc(NCc2cccnc2)cc1,True,True,True,,1.0,0.7777777777777778,,,,,,,,,0.7245796953652621,0.6736163493728189,0.05096334599244323,True,,,,,,,,,,,,,7.0,6.0,1.0,True
source_identity,mpair_00003538_cond_02_2p,mpair_00003538,eval,2,"LogP,HBA",CCC(C)COc1cccc(N(Cc2cccnc2)S(=O)(=O)CC(F)(F)F)c1,CCOC(=O)C(C)Oc1cccc(N(Cc2cccnc2)S(=O)(=O)CC(F)(F)F)c1,CCC(C)COc1cccc(N(Cc2cccnc2)S(=O)(=O)CC(F)(F)F)c1,c1ccc(NCc2cccnc2)cc1,c1ccc(NCc2cccnc2)cc1,True,False,False,,1.0,0.6923076923076923,,,,,3.3107000000000024,4.405200000000004,1.0945000000000018,False,,,,,,,,,,,,,6.0,4.0,2.0,False,,,,
source_identity,mpair_00003542_cond_01_2p,mpair_00003542,eval,2,"QED,RB",CC(C)COc1cccc(N(Cc2cccnc2)S(=O)(=O)CC(F)(F)F)c1,CCC(C)COc1cccc(N(Cc2cccnc2)S(=O)(=O)CC(F)(F)F)c1,CC(C)COc1cccc(N(Cc2cccnc2)S(=O)(=O)CC(F)(F)F)c1,c1ccc(NCc2cccnc2)cc1,c1ccc(NCc2cccnc2)cc1,True,True,True,,1.0,0.8421052631578947,,,,,,,,,0.6078002459089881,0.6693605971809802,0.06156035127199211,True,,,,,,,,,,,,,9.0,8.0,1.0,True
source_identity,mpair_00003544_cond_00_2p,mpair_00003544,eval,2,"LogP,RB",CC(C)COc1cccc(N(Cc2cccnc2)S(=O)(=O)CC(F)(F)F)c1,CCCC(C)Oc1cccc(N(Cc2cccnc2)S(=O)(=O)CC(F)(F)F)c1,CC(C)COc1cccc(N(Cc2cccnc2)S(=O)(=O)CC(F)(F)F)c1,c1ccc(NCc2cccnc2)cc1,c1ccc(NCc2cccnc2)cc1,True,True,True,,1.0,0.7213114754098361,,,,,4.547700000000003,4.015100000000003,0.5326000000000004,True,,,,,,,,,,,,,,,,,9.0,8.0,1.0,True
source_identity,mpair_00003547_cond_00_2p,mpair_00003547,eval,2,"QED,RB",CCC(C)COc1cccc(N(Cc2cccnc2)S(=O)(=O)CC(F)(F)F)c1,CC(C)COc1cccc(N(Cc2cccnc2)S(=O)(=O)CC(F)(F)F)c1,CCC(C)COc1cccc(N(Cc2cccnc2)S(=O)(=O)CC(F)(F)F)c1,c1ccc(NCc2cccnc2)cc1,c1ccc(NCc2cccnc2)cc1,True,True,True,,1.0,0.8421052631578947,,,,,,,,,0.6693605971809802,0.6078002459089881,0.06156035127199211,True,,,,,,,,,,,,,8.0,9.0,1.0,True
source_identity,mpair_00000000_cond_00_3p,mpair_00000000,eval,3,"LogP,HBA,RB",O=C(c1cccc(Cl)c1)N1C[C@H](CN2CCC(c3ccccc3)CC2)[C@@H](c2ccccc2)C1,COc1cccc(C(=O)N2C[C@H](CN3CCC(c4ccccc4)CC3)[C@@H](c3ccccc3)C2)c1,O=C(c1cccc(Cl)c1)N1C[C@H](CN2CCC(c3ccccc3)CC2)[C@@H](c2ccccc2)C1,O=C(c1ccccc1)N1C[C@H](CN2CCC(c3ccccc3)CC2)[C@@H](c2ccccc2)C1,O=C(c1ccccc1)N1C[C@H](CN2CCC(c3ccccc3)CC2)[C@@H](c2ccccc2)C1,True,True,True,,1.0,0.7413793103448276,,,,,5.430600000000005,6.075400000000006,0.6448000000000009,True,,,,,,,,,,,,,3.0,2.0,1.0,True,6.0,5.0,1.0,True
source_identity,mpair_00000006_cond_01_3p,mpair_00000006,eval,3,"MW,LogP,QED",O=C(c1ccccc1F)N1C[C@H](CN2CCC(c3ccccc3)CC2)[C@@H](c2ccccc2)C1,O=C(c1ccccc1C(F)(F)F)N1C[C@H](CN2CCC(c3ccccc3)CC2)[C@@H](c2ccccc2)C1,O=C(c1ccccc1F)N1C[C@H](CN2CCC(c3ccccc3)CC2)[C@@H](c2ccccc2)C1,O=C(c1ccccc1)N1C[C@H](CN2CCC(c3ccccc3)CC2)[C@@H](c2ccccc2)C1,O=C(c1ccccc1)N1C[C@H](CN2CCC(c3ccccc3)CC2)[C@@H](c2ccccc2)C1,True,False,False,,1.0,0.7592592592592593,492.5850000000002,442.57800000000015,50.00700000000006,False,6.4408000000000065,5.561100000000006,0.8797000000000006,True,0.4092272471712491,0.5164092889512721,0.10718204178002305,False,,,,,,,,,,,,,,,,
source_identity,mpair_00000010_cond_00_3p,mpair_00000010,eval,3,"QED,HBA,RB",O=C(c1ccccc1C(F)(F)F)N1C[C@H](CN2CCC(c3ccccc3)CC2)[C@@H](c2ccccc2)C1,COc1cccc(C(=O)N2C[C@H](CN3CCC(c4ccccc4)CC3)[C@@H](c3ccccc3)C2)c1,O=C(c1ccccc1C(F)(F)F)N1C[C@H](CN2CCC(c3ccccc3)CC2)[C@@H](c2ccccc2)C1,O=C(c1ccccc1)N1C[C@H](CN2CCC(c3ccccc3)CC2)[C@@H](c2ccccc2)C1,O=C(c1ccccc1)N1C[C@H](CN2CCC(c3ccccc3)CC2)[C@@H](c2ccccc2)C1,True,True,True,,1.0,0.578125,,,,,,,,,0.49786269936596683,0.4092272471712491,0.08863545219471775,True,,,,,,,,,3.0,2.0,1.0,True,6.0,5.0,1.0,True
source_identity,mpair_00000018_cond_01_3p,mpair_00000018,eval,3,"MW,QED,RB",COC(=O)C1=C(c2ccc(Cl)nc2)CC2CCC1N2C,CN1C2C=C(c3ccc(Cl)nc3)CC1CC2,COC(=O)C1=C(c2ccc(Cl)nc2)CC2CCC1N2C,C1=C(c2cccnc2)CC2CCC1N2,C1=C(c2cccnc2)CC2CCC1N2,True,False,False,,1.0,0.48148148148148145,234.72999999999996,292.76599999999996,58.036,False,,,,,0.6949032404938756,0.6204382047485277,0.07446503574534791,True,,,,,,,,,,,,,1.0,2.0,1.0,True
source_identity,mpair_00000323_cond_00_3p,mpair_00000323,eval,3,"TPSA,HBD,HBA",N[C@@H](C(=O)N[C@@H]1C(=O)N2C(C(=O)O)=C(C(F)(F)F)CC[C@H]12)c1ccc(F)cc1,N[C@@H](C(=O)N[C@@H]1C(=O)N2C(C(=O)O)=C(C(F)(F)F)CC[C@H]12)c1ccc(O)cc1,N[C@@H](C(=O)N[C@@H]1C(=O)N2C(C(=O)O)=C(C(F)(F)F)CC[C@H]12)c1ccc(F)cc1,O=C(Cc1ccccc1)N[C@@H]1C(=O)N2C=CCC[C@H]12,O=C(Cc1ccccc1)N[C@@H]1C(=O)N2C=CCC[C@H]12,True,False,False,,1.0,0.8545454545454545,,,,,,,,,,,,,132.96,112.73,20.230000000000004,False,4.0,3.0,1.0,True,5.0,4.0,1.0,True,,,,
source_identity,mpair_00000329_cond_02_3p,mpair_00000329,eval,3,"QED,HBA,RB",CSC1=C(C(=O)O)N2C(=O)[C@@H](NC(=O)[C@H](N)c3ccccc3)[C@H]2CC1,N[C@@H](C(=O)N[C@@H]1C(=O)N2C(C(=O)O)=C(C(F)(F)F)CC[C@H]12)c1ccc(F)cc1,CSC1=C(C(=O)O)N2C(=O)[C@@H](NC(=O)[C@H](N)c3ccccc3)[C@H]2CC1,O=C(Cc1ccccc1)N[C@@H]1C(=O)N2C=CCC[C@H]12,O=C(Cc1ccccc1)N[C@@H]1C(=O)N2C=CCC[C@H]12,True,False,False,,1.0,0.5873015873015873,,,,,,,,,0.5187711593734389,0.6699274889764619,0.15115632960302305,False,,,,,,,,,4.0,5.0,1.0,True,4.0,5.0,1.0,True
source_identity,mpair_00000331_cond_02_3p,mpair_00000331,eval,3,"TPSA,HBD,HBA",N[C@@H](C(=O)N[C@@H]1C(=O)N2C(C(=O)O)=C(C(F)(F)F)CC[C@H]12)c1ccc(O)cc1,N[C@@H](C(=O)N[C@@H]1C(=O)N2C(C(=O)O)=C(C(F)(F)F)CC[C@H]12)c1ccc(F)cc1,N[C@@H](C(=O)N[C@@H]1C(=O)N2C(C(=O)O)=C(C(F)(F)F)CC[C@H]12)c1ccc(O)cc1,O=C(Cc1ccccc1)N[C@@H]1C(=O)N2C=CCC[C@H]12,O=C(Cc1ccccc1)N[C@@H]1C(=O)N2C=CCC[C@H]12,True,False,False,,1.0,0.8545454545454545,,,,,,,,,,,,,112.73,132.96,20.230000000000004,False,3.0,4.0,1.0,True,4.0,5.0,1.0,True,,,,
source_identity,mpair_00000336_cond_01_3p,mpair_00000336,eval,3,"MW,LogP,QED",N[C@@H](C(=O)N[C@@H]1C(=O)N2C(C(=O)O)=C(C(F)(F)F)CC[C@H]12)c1cccc(Br)c1,N[C@@H](C(=O)N[C@@H]1C(=O)N2C(C(=O)O)=C(C(F)(F)F)CC[C@H]12)c1ccc(F)cc1,N[C@@H](C(=O)N[C@@H]1C(=O)N2C(C(=O)O)=C(C(F)(F)F)CC[C@H]12)c1cccc(Br)c1,O=C(Cc1ccccc1)N[C@@H]1C(=O)N2C=CCC[C@H]12,O=C(Cc1ccccc1)N[C@@H]1C(=O)N2C=CCC[C@H]12,True,False,False,,1.0,0.7377049180327869,401.3160000000001,462.2220000000001,60.906000000000006,False,1.2158999999999993,1.8392999999999997,0.6234000000000004,True,0.5187711593734389,0.5917241763797754,0.0729530170063365,True,,,,,,,,,,,,,,,,
source_identity,mpair_00000595_cond_02_3p,mpair_00000595,eval,3,"QED,HBD,RB",COc1ccc(CCCC[C@@H]2N[C@@H](CO)[C@H](O)[C@H]2O)cc1,OC[C@@H]1N[C@@H](CCCCc2ccc(O)cc2)[C@H](O)[C@H]1O,COc1ccc(CCCC[C@@H]2N[C@@H](CO)[C@H](O)[C@H]2O)cc1,c1ccc(CCCC[C@H]2CCCN2)cc1,c1ccc(CCCC[C@H]2CCCN2)cc1,True,True,True,,1.0,0.7,,,,,,,,,0.47902706341404183,0.5496005244071775,0.07057346099313572,True,,,,,5.0,4.0,1.0,True,,,,,6.0,7.0,1.0,True
source_identity,mpair_00000726_cond_02_3p,mpair_00000726,eval,3,"MW,QED,HBD",C=CCc1cc(/C=C2\SC(=O)NC2=O)c(OC)cc1OC1CCCCO1,C=CCc1cc(/C=C2\SC(=O)N(CC=C)C2=O)c(OC)cc1OC1CCCCO1,C=CCc1cc(/C=C2\SC(=O)NC2=O)c(OC)cc1OC1CCCCO1,O=C1NC(=O)/C(=C/c2ccc(OC3CCCCO3)cc2)S1,O=C1NC(=O)/C(=C/c2ccc(OC3CCCCO3)cc2)S1,True,False,False,,1.0,0.696969696969697,415.51100000000025,375.4460000000002,40.065000000000055,False,,,,,0.45838471716690443,0.6042673504148035,0.14588263324789907,False,,,,,0.0,1.0,1.0,True,,,,,,,,
source_identity,mpair_00000739_cond_02_3p,mpair_00000739,eval,3,"LogP,QED,RB",C=CCc1cc(/C=C2\SC(=O)N(CCCC)C2=O)c(OC)cc1OC1CCCCO1,C=CCc1cc(/C=C2\SC(=O)N(CC=C)C2=O)c(OC)cc1OC1CCCCO1,C=CCc1cc(/C=C2\SC(=O)N(CCCC)C2=O)c(OC)cc1OC1CCCCO1,O=C1NC(=O)/C(=C/c2ccc(OC3CCCCO3)cc2)S1,O=C1NC(=O)/C(=C/c2ccc(OC3CCCCO3)cc2)S1,True,True,True,,1.0,0.8181818181818182,,,,,4.551400000000004,5.165500000000004,0.6141000000000005,True,0.45838471716690443,0.39718598618589046,0.06119873098101397,True,,,,,,,,,,,,,8.0,9.0,1.0,True
source_identity,mpair_00000742_cond_00_3p,mpair_00000742,eval,3,"LogP,QED,RB",C=CCc1cc(/C=C2\SC(=O)N(C)C2=O)c(OC)cc1OC1CCCCO1,C=CCc1cc(/C=C2\SC(=O)N(CC=C(C)C)C2=O)c(OC)cc1OC1CCCCO1,C=CCc1cc(/C=C2\SC(=O)N(C)C2=O)c(OC)cc1OC1CCCCO1,O=C1NC(=O)/C(=C/c2ccc(OC3CCCCO3)cc2)S1,O=C1NC(=O)/C(=C/c2ccc(OC3CCCCO3)cc2)S1,True,False,False,,1.0,0.7761194029850746,,,,,5.331600000000005,3.9952000000000023,1.336400000000003,False,0.3995752918375223,0.5413211960634129,0.14174590422589062,False,,,,,,,,,,,,,8.0,6.0,2.0,False
source_identity,mpair_00000747_cond_00_3p,mpair_00000747,eval,3,"LogP,HBD,RB",C=CCc1cc(/C=C2\SC(=O)N(CC=C)C2=O)c(OC)cc1OC1CCCCO1,C=CCc1cc(/C=C2\SC(=O)NC2=O)c(OC)cc1OC1CCCCO1,C=CCc1cc(/C=C2\SC(=O)N(CC=C)C2=O)c(OC)cc1OC1CCCCO1,O=C1NC(=O)/C(=C/c2ccc(OC3CCCCO3)cc2)S1,O=C1NC(=O)/C(=C/c2ccc(OC3CCCCO3)cc2)S1,True,False,False,,1.0,0.696969696969697,,,,,3.6530000000000022,4.551400000000004,0.8984000000000014,True,,,,,,,,,1.0,0.0,1.0,True,,,,,6.0,8.0,2.0,False
source_identity,mpair_00000748_cond_02_3p,mpair_00000748,eval,3,"LogP,QED,RB",C=CCc1cc(/C=C2\SC(=O)N(C)C2=O)c(OC)cc1OC1CCCCO1,C=CCc1cc(/C=C2\SC(=O)N(CC=C)C2=O)c(OC)cc1OC1CCCCO1,C=CCc1cc(/C=C2\SC(=O)N(C)C2=O)c(OC)cc1OC1CCCCO1,O=C1NC(=O)/C(=C/c2ccc(OC3CCCCO3)cc2)S1,O=C1NC(=O)/C(=C/c2ccc(OC3CCCCO3)cc2)S1,True,False,False,,1.0,0.8095238095238095,,,,,4.551400000000004,3.9952000000000023,0.5562000000000014,True,0.45838471716690443,0.5413211960634129,0.08293647889650846,True,,,,,,,,,,,,,8.0,6.0,2.0,False
source_identity,mpair_00000757_cond_02_3p,mpair_00000757,eval,3,"LogP,HBA,RB",COc1cccc(-c2cncc(O[C@@H]3CCNC3)c2)c1,Clc1cccc(-c2cncc(O[C@@H]3CCNC3)c2)c1,COc1cccc(-c2cncc(O[C@@H]3CCNC3)c2)c1,c1ccc(-c2cncc(O[C@@H]3CCNC3)c2)cc1,c1ccc(-c2cncc(O[C@@H]3CCNC3)c2)cc1,True,True,True,,1.0,0.7446808510638298,,,,,3.1427000000000014,2.4979000000000005,0.6448000000000009,True,,,,,,,,,,,,,3.0,4.0,1.0,True,3.0,4.0,1.0,True
source_identity,mpair_00001124_cond_01_3p,mpair_00001124,eval,3,"LogP,HBA,RB",COc1ccc(N2CCN(CCC3NC(=O)c4ccccc43)CC2)cc1,Cc1ccc(N2CCN(CCC3NC(=O)c4ccccc43)CC2)cc1C,COc1ccc(N2CCN(CCC3NC(=O)c4ccccc43)CC2)cc1,O=C1NC(CCN2CCN(c3ccccc3)CC2)c2ccccc21,O=C1NC(CCN2CCN(c3ccccc3)CC2)c2ccccc21,True,True,True,,1.0,0.7037037037037037,,,,,3.3002400000000023,2.692000000000001,0.6082400000000012,True,,,,,,,,,,,,,3.0,4.0,1.0,True,4.0,5.0,1.0,True
source_identity,mpair_00001131_cond_01_3p,mpair_00001131,eval,3,"HBD,HBA,RB",COc1ccc(N2CCN(CCC3c4ccccc4C(=O)N3C)CC2)cc1,Cc1ccc(N2CCN(CCC3NC(=O)c4ccccc43)CC2)cc1C,COc1ccc(N2CCN(CCC3c4ccccc4C(=O)N3C)CC2)cc1,O=C1NC(CCN2CCN(c3ccccc3)CC2)c2ccccc21,O=C1NC(CCN2CCN(c3ccccc3)CC2)c2ccccc21,True,True,True,,1.0,0.4444444444444444,,,,,,,,,,,,,,,,,1.0,0.0,1.0,True,3.0,4.0,1.0,True,4.0,5.0,1.0,True
source_identity,mpair_00001133_cond_02_3p,mpair_00001133,eval,3,"QED,TPSA,HBA",COc1ccccc1CC(=O)NCCC1CCN(CC2COc3ccccc3O2)CC1,O=C(Cc1ccccc1[N+](=O)[O-])NCCC1CCN(CC2COc3ccccc3O2)CC1,COc1ccccc1CC(=O)NCCC1CCN(CC2COc3ccccc3O2)CC1,O=C(Cc1ccccc1)NCCC1CCN(CC2COc3ccccc3O2)CC1,O=C(Cc1ccccc1)NCCC1CCN(CC2COc3ccccc3O2)CC1,True,False,False,,1.0,0.7164179104477612,,,,,,,,,0.5015202818225966,0.7047088784600517,0.20318859663745514,False,93.94,60.03,33.91,False,,,,,6.0,5.0,1.0,True,,,,
source_identity,mpair_00002370_cond_02_3p,mpair_00002370,eval,3,"HBD,HBA,RB",CCOC(=O)/C=C/c1cc(C(=O)c2ccc(-n3ccnc3)cc2)cn1C,Cn1cc(C(=O)c2ccc(-n3ccnc3)cc2)cc1/C=C/C(=O)O,CCOC(=O)/C=C/c1cc(C(=O)c2ccc(-n3ccnc3)cc2)cn1C,O=C(c1ccc(-n2ccnc2)cc1)c1cc[nH]c1,O=C(c1ccc(-n2ccnc2)cc1)c1cc[nH]c1,True,True,True,,1.0,0.7454545454545455,,,,,,,,,,,,,,,,,1.0,0.0,1.0,True,5.0,6.0,1.0,True,5.0,6.0,1.0,True
source_identity,mpair_00002375_cond_02_3p,mpair_00002375,eval,3,"TPSA,HBD,HBA",COc1cccc2sc([C@@H]3C[C@H]4CC[C@@H](C3)N4C[C@H](O)COc3cccc4[nH]c(C(N)=O)cc34)cc12,COc1cccc2sc([C@@H]3C[C@H]4CC[C@@H](C3)N4C[C@H](O)COc3cccc4[nH]c(C)cc34)cc12,COc1cccc2sc([C@@H]3C[C@H]4CC[C@@H](C3)N4C[C@H](O)COc3cccc4[nH]c(C(N)=O)cc34)cc12,c1ccc2sc([C@@H]3C[C@H]4CC[C@@H](C3)N4CCCOc3cccc4[nH]ccc34)cc2c1,c1ccc2sc([C@@H]3C[C@H]4CC[C@@H](C3)N4CCCOc3cccc4[nH]ccc34)cc2c1,True,False,False,,1.0,0.7916666666666666,,,,,,,,,,,,,57.720000000000006,100.81,43.089999999999996,False,2.0,3.0,1.0,True,5.0,6.0,1.0,True,,,,
source_identity,mpair_00002466_cond_00_3p,mpair_00002466,eval,3,"QED,HBA,RB",CN(C)CCCOc1cc(C(=O)Nc2ccc(Cl)cc2F)n(Cc2ccccc2)n1,CN(C)CCCOc1cc(C(=O)Nc2ccc(OC(F)(F)F)cc2)n(Cc2ccccc2)n1,CN(C)CCCOc1cc(C(=O)Nc2ccc(Cl)cc2F)n(Cc2ccccc2)n1,O=C(Nc1ccccc1)c1ccnn1Cc1ccccc1,O=C(Nc1ccccc1)c1ccnn1Cc1ccccc1,True,True,True,,1.0,0.6428571428571429,,,,,,,,,0.4522382232340766,0.5138601191048354,0.061621895870758836,True,,,,,,,,,6.0,5.0,1.0,True,10.0,9.0,1.0,True
source_identity,mpair_00002469_cond_02_3p,mpair_00002469,eval,3,"MW,TPSA,HBA",COc1ccc(NC(=O)c2cc(OCCCN(C)C)nn2Cc2ccccc2)cc1,COc1cc(NC(=O)c2cc(OCCCN(C)C)nn2Cc2ccccc2)cc(OC)c1OC,COc1ccc(NC(=O)c2cc(OCCCN(C)C)nn2Cc2ccccc2)cc1,O=C(Nc1ccccc1)c1ccnn1Cc1ccccc1,O=C(Nc1ccccc1)c1ccnn1Cc1ccccc1,True,False,False,,1.0,0.7741935483870968,468.5540000000002,408.50200000000007,60.052000000000135,False,,,,,,,,,87.08000000000001,68.62,18.460000000000008,True,,,,,8.0,6.0,2.0,False,,,,
source_identity,mpair_00002472_cond_02_3p,mpair_00002472,eval,3,"MW,LogP,QED",COc1ccc(NC(=O)c2cc(OCCCN(C)C)nn2Cc2ccccc2)cc1,CN(C)CCCOc1cc(C(=O)Nc2cc(F)cc(C(F)(F)F)c2)n(Cc2ccccc2)n1,COc1ccc(NC(=O)c2cc(OCCCN(C)C)nn2Cc2ccccc2)cc1,O=C(Nc1ccccc1)c1ccnn1Cc1ccccc1,O=C(Nc1ccccc1)c1ccnn1Cc1ccccc1,True,False,False,,1.0,0.6764705882352942,464.4630000000001,408.50200000000007,55.96100000000001,False,4.672100000000003,3.522800000000002,1.149300000000001,False,0.369385517709234,0.5200250404910086,0.15063952278177462,False,,,,,,,,,,,,,,,,
source_identity,mpair_00002478_cond_01_3p,mpair_00002478,eval,3,"MW,LogP,QED",CN(C)CCCOc1cc(C(=O)Nc2cccc(Cl)c2)n(Cc2ccccc2)n1,CN(C)CCCOc1cc(C(=O)Nc2cc(F)cc(C(F)(F)F)c2)n(Cc2ccccc2)n1,CN(C)CCCOc1cc(C(=O)Nc2cccc(Cl)c2)n(Cc2ccccc2)n1,O=C(Nc1ccccc1)c1ccnn1Cc1ccccc1,O=C(Nc1ccccc1)c1ccnn1Cc1ccccc1,True,False,False,,1.0,0.6764705882352942,464.4630000000001,412.9210000000001,51.54199999999997,False,4.672100000000003,4.167600000000003,0.5045000000000002,True,0.369385517709234,0.5357556879239462,0.16637017021471223,False,,,,,,,,,,,,,,,,
source_identity,mpair_00002482_cond_00_3p,mpair_00002482,eval,3,"MW,LogP,QED",COc1ccc(NC(=O)c2cc(OCCCN(C)C)nn2Cc2ccccc2)cc1,CN(C)CCCOc1cc(C(=O)Nc2ccc(OC(F)(F)F)cc2)n(Cc2ccccc2)n1,COc1ccc(NC(=O)c2cc(OCCCN(C)C)nn2Cc2ccccc2)cc1,O=C(Nc1ccccc1)c1ccnn1Cc1ccccc1,O=C(Nc1ccccc1)c1ccnn1Cc1ccccc1,True,False,False,,1.0,0.8064516129032258,462.4720000000001,408.50200000000007,53.97000000000003,False,4.412800000000003,3.522800000000002,0.8900000000000015,True,0.4522382232340766,0.5200250404910086,0.06778681725693203,True,,,,,,,,,,,,,,,,
source_identity,mpair_00002488_cond_00_3p,mpair_00002488,eval,3,"LogP,TPSA,HBA",C=Cc1cc(C(=O)OCC)n(S(=O)(=O)c2cc(Cl)ccc2N)c1,CC(C)OC(=O)c1cc(CO)cn1S(=O)(=O)c1cc(Cl)ccc1N,C=Cc1cc(C(=O)OCC)n(S(=O)(=O)c2cc(Cl)ccc2N)c1,O=S(=O)(c1ccccc1)n1cccc1,O=S(=O)(c1ccccc1)n1cccc1,True,False,False,,1.0,0.5396825396825397,,,,,2.0182,2.7804,0.7622,True,,,,,111.61999999999999,91.39,20.22999999999999,False,,,,,7.0,6.0,1.0,True,,,,
source_identity,mpair_00002498_cond_00_3p,mpair_00002498,eval,3,"MW,QED,RB",CCc1ccc(NC2=C(Cl)C(=O)c3ncncc3C2=O)cc1,O=C1C(Nc2cccc(Br)c2)=C(Cl)C(=O)c2ncncc21,CCc1ccc(NC2=C(Cl)C(=O)c3ncncc3C2=O)cc1,O=C1C(Nc2ccccc2)=CC(=O)c2ncncc21,O=C1C(Nc2ccccc2)=CC(=O)c2ncncc21,True,False,False,,1.0,0.5882352941176471,364.58600000000007,313.744,50.84200000000004,False,,,,,0.885902971993687,0.9428073960459649,0.05690442405227791,True,,,,,,,,,,,,,2.0,3.0,1.0,True
source_identity,mpair_00002500_cond_02_3p,mpair_00002500,eval,3,"MW,QED,RB",O=C1C(Nc2ccc(Br)cc2)=C(Cl)C(=O)c2ncncc21,CCc1ccc(NC2=C(Cl)C(=O)c3ncncc3C2=O)cc1,O=C1C(Nc2ccc(Br)cc2)=C(Cl)C(=O)c2ncncc21,O=C1C(Nc2ccccc2)=CC(=O)c2ncncc21,O=C1C(Nc2ccccc2)=CC(=O)c2ncncc21,True,False,False,,1.0,0.7111111111111111,313.744,364.58600000000007,50.84200000000004,False,,,,,0.9428073960459649,0.885902971993687,0.05690442405227791,True,,,,,,,,,,,,,3.0,2.0,1.0,True
source_identity,mpair_00002505_cond_01_3p,mpair_00002505,eval,3,"QED,HBA,RB",COc1ccc(C(=O)CN2c3ccccc3C(=O)N(Cc3ccccc3)S2(=O)=O)cc1,O=C(CN1c2ccccc2C(=O)N(Cc2ccccc2)S1(=O)=O)c1ccccc1,COc1ccc(C(=O)CN2c3ccccc3C(=O)N(Cc3ccccc3)S2(=O)=O)cc1,O=C(CN1c2ccccc2C(=O)N(Cc2ccccc2)S1(=O)=O)c1ccccc1,O=C(CN1c2ccccc2C(=O)N(Cc2ccccc2)S1(=O)=O)c1ccccc1,True,True,True,,1.0,0.7916666666666666,,,,,,,,,0.6096951629926923,0.5539335722556151,0.055761590737077205,True,,,,,,,,,4.0,5.0,1.0,True,5.0,6.0,1.0,True
source_identity,mpair_00002510_cond_00_3p,mpair_00002510,eval,3,"LogP,TPSA,HBA",CSc1cc(-c2ccc(Br)cc2)oc(=O)c1C#N,CSc1cc(-c2ccc(Br)cc2)oc(=O)c1Cl,CSc1cc(-c2ccc(Br)cc2)oc(=O)c1C#N,O=c1cccc(-c2ccccc2)o1,O=c1cccc(-c2ccccc2)o1,True,False,False,,1.0,0.6428571428571429,,,,,4.444600000000002,3.662880000000002,0.78172,True,,,,,30.21,54.0,23.79,False,,,,,3.0,4.0,1.0,True,,,,
source_identity,mpair_00002543_cond_01_3p,mpair_00002543,eval,3,"TPSA,HBD,RB",CSc1cc(-c2ccc(Br)cc2)oc(=O)c1Cl,CSc1cc(-c2ccc(Cl)cc2)oc(=O)c1C(N)=O,CSc1cc(-c2ccc(Br)cc2)oc(=O)c1Cl,O=c1cccc(-c2ccccc2)o1,O=c1cccc(-c2ccccc2)o1,True,False,False,,1.0,0.5217391304347826,,,,,,,,,,,,,73.30000000000001,30.21,43.09000000000001,False,1.0,0.0,1.0,True,,,,,3.0,2.0,1.0,True
source_identity,mpair_00002559_cond_02_3p,mpair_00002559,eval,3,"LogP,QED,RB",CN(C(=O)n1nc(-c2ccc(Cl)cc2)nc1SCC(F)(F)F)c1ccccc1,CSc1nc(-c2ccc(C)cc2)nn1C(=O)N(C)c1ccccc1,CN(C(=O)n1nc(-c2ccc(Cl)cc2)nc1SCC(F)(F)F)c1ccccc1,O=C(Nc1ccccc1)n1cnc(-c2ccccc2)n1,O=C(Nc1ccccc1)n1cnc(-c2ccccc2)n1,True,False,False,,1.0,0.5862068965517241,,,,,4.079920000000002,5.357400000000003,1.2774800000000006,False,0.6753188675979567,0.5270344401044634,0.14828442749349324,False,,,,,,,,,,,,,3.0,4.0,1.0,True
source_identity,mpair_00002564_cond_02_3p,mpair_00002564,eval,3,"LogP,QED,HBA",CSc1nc(-c2ccc(OC(F)(F)F)cc2)nn1C(=O)N(C)c1ccccc1,CN(C(=O)n1nc(-c2ccc(Cl)cc2)nc1SCC(F)(F)F)c1ccccc1,CSc1nc(-c2ccc(OC(F)(F)F)cc2)nn1C(=O)N(C)c1ccccc1,O=C(Nc1ccccc1)n1cnc(-c2ccccc2)n1,O=C(Nc1ccccc1)n1cnc(-c2ccccc2)n1,True,True,True,,1.0,0.5967741935483871,,,,,5.357400000000003,4.670100000000003,0.6872999999999996,True,0.5270344401044634,0.5874043626188404,0.060369922514377006,True,,,,,,,,,5.0,6.0,1.0,True,,,,
source_identity,mpair_00002573_cond_02_3p,mpair_00002573,eval,3,"MW,LogP,QED",COc1cc(C(=O)N2CCN(C(=O)c3cc(OC)c(OC)c(OC)c3)C(COC(=O)CC(C)(C)C)C2)cc(OC)c1OC,COc1cc(C(=O)N2CCN(C(=O)c3cc(OC)c(OC)c(OC)c3)C(COC(C)=O)C2)cc(OC)c1OC,COc1cc(C(=O)N2CCN(C(=O)c3cc(OC)c(OC)c(OC)c3)C(COC(=O)CC(C)(C)C)C2)cc(OC)c1OC,O=C(c1ccccc1)N1CCN(C(=O)c2ccccc2)CC1,O=C(c1ccccc1)N1CCN(C(=O)c2ccccc2)CC1,True,False,False,,1.0,0.7547169811320755,546.5730000000003,602.6810000000004,56.10800000000006,False,2.2681000000000004,3.684400000000003,1.4163000000000023,False,0.41028124355120477,0.3521539372279048,0.05812730632329999,True,,,,,,,,,,,,,,,,
source_identity,mpair_00002584_cond_00_3p,mpair_00002584,eval,3,"LogP,QED,HBA",COc1cc(C(=O)N2CCN(C(=O)c3cc(OC)c(OC)c(OC)c3)C(CO)C2)cc(OC)c1OC,COc1cc(C(=O)N2CCN(C(=O)c3cc(OC)c(OC)c(OC)c3)C(COC(C)=O)C2)cc(OC)c1OC,COc1cc(C(=O)N2CCN(C(=O)c3cc(OC)c(OC)c(OC)c3)C(CO)C2)cc(OC)c1OC,O=C(c1ccccc1)N1CCN(C(=O)c2ccccc2)CC1,O=C(c1ccccc1)N1CCN(C(=O)c2ccccc2)CC1,True,False,False,,1.0,0.75,,,,,2.2681000000000004,1.6973000000000003,0.5708000000000002,True,0.41028124355120477,0.544633228323374,0.13435198477216925,False,,,,,,,,,10.0,9.0,1.0,True,,,,
source_identity,mpair_00002589_cond_01_3p,mpair_00002589,eval,3,"MW,LogP,HBA",COc1cc(C(=O)N2CCN(C(=O)c3cc(OC)c(OC)c(OC)c3)C(CO)C2)cc(OC)c1OC,CCN(CC)C(=O)OCC1CN(C(=O)c2cc(OC)c(OC)c(OC)c2)CCN1C(=O)c1cc(OC)c(OC)c(OC)c1,COc1cc(C(=O)N2CCN(C(=O)c3cc(OC)c(OC)c(OC)c3)C(CO)C2)cc(OC)c1OC,O=C(c1ccccc1)N1CCN(C(=O)c2ccccc2)CC1,O=C(c1ccccc1)N1CCN(C(=O)c2ccccc2)CC1,True,False,False,,1.0,0.6792452830188679,603.6690000000003,504.53600000000034,99.13299999999998,False,3.1834000000000024,1.6973000000000003,1.4861000000000022,False,,,,,,,,,,,,,10.0,9.0,1.0,True,,,,
source_identity,mpair_00002594_cond_02_3p,mpair_00002594,eval,3,"MW,LogP,RB",CCN(CC)C(=O)OCC1CN(C(=O)c2cc(OC)c(OC)c(OC)c2)CCN1C(=O)c1cc(OC)c(OC)c(OC)c1,COc1cc(C(=O)N2CCN(C(=O)c3cc(OC)c(OC)c(OC)c3)C(COC(C)=O)C2)cc(OC)c1OC,CCN(CC)C(=O)OCC1CN(C(=O)c2cc(OC)c(OC)c(OC)c2)CCN1C(=O)c1cc(OC)c(OC)c(OC)c1,O=C(c1ccccc1)N1CCN(C(=O)c2ccccc2)CC1,O=C(c1ccccc1)N1CCN(C(=O)c2ccccc2)CC1,True,False,False,,1.0,0.7547169811320755,546.5730000000003,603.6690000000003,57.096000000000004,False,2.2681000000000004,3.1834000000000024,0.915300000000002,True,,,,,,,,,,,,,,,,,10.0,12.0,2.0,False
source_identity,mpair_00002601_cond_00_3p,mpair_00002601,eval,3,"MW,LogP,QED",COc1ccc(C(=O)Nc2ccncc2Cl)c2cccnc12,COc1ccc(C(=O)Nc2ccncc2Cl)c2ccc(C(F)(F)F)nc12,COc1ccc(C(=O)Nc2ccncc2Cl)c2cccnc12,O=C(Nc1ccncc1)c1cccc2ncccc12,O=C(Nc1ccncc1)c1cccc2ncccc12,True,False,False,,1.0,0.6724137931034483,381.74100000000004,313.744,67.99700000000001,False,4.562900000000002,3.544100000000002,1.0187999999999997,False,0.7218484507203837,0.8029165077767629,0.0810680570563792,True,,,,,,,,,,,,,,,,
source_identity,mpair_00002605_cond_00_3p,mpair_00002605,eval,3,"TPSA,HBD,RB",COc1ccc(C(=O)Nc2c(Cl)cncc2Cl)c2ccc(C(C)O)nc12,COc1ccc(C(=O)Nc2c(F)cncc2F)c2ccc(C(F)(F)F)nc12,COc1ccc(C(=O)Nc2c(Cl)cncc2Cl)c2ccc(C(C)O)nc12,O=C(Nc1ccncc1)c1cccc2ncccc12,O=C(Nc1ccncc1)c1cccc2ncccc12,True,False,False,,1.0,0.532258064516129,,,,,,,,,,,,,64.11,84.34,20.230000000000004,False,1.0,2.0,1.0,True,,,,,3.0,4.0,1.0,True
source_identity,mpair_00002610_cond_01_3p,mpair_00002610,eval,3,"LogP,TPSA,HBD",CCc1ccc2c(C(=O)Nc3c(Cl)cncc3Cl)ccc(OC)c2n1,COc1ccc(C(=O)Nc2c(Cl)cncc2Cl)c2ccc(C(C)O)nc12,CCc1ccc2c(C(=O)Nc3c(Cl)cncc3Cl)ccc(OC)c2n1,O=C(Nc1ccncc1)c1cccc2ncccc12,O=C(Nc1ccncc1)c1cccc2ncccc12,True,False,False,,1.0,0.6964285714285714,,,,,4.2508000000000035,4.759900000000003,0.5090999999999992,True,,,,,84.34,64.11,20.230000000000004,False,2.0,1.0,1.0,True,,,,,,,,
source_identity,mpair_00002616_cond_01_3p,mpair_00002616,eval,3,"TPSA,HBA,RB",COc1ccc(C(=O)Nc2c(F)cncc2F)c2ccc(C(F)(F)F)nc12,COc1ccc(C(=O)Nc2c(Cl)cncc2Cl)c2ccc(C(C)=O)nc12,COc1ccc(C(=O)Nc2c(F)cncc2F)c2ccc(C(F)(F)F)nc12,O=C(Nc1ccncc1)c1cccc2ncccc12,O=C(Nc1ccncc1)c1cccc2ncccc12,True,True,True,,1.0,0.55,,,,,,,,,,,,,81.17999999999999,64.11,17.069999999999993,True,,,,,5.0,4.0,1.0,True,4.0,3.0,1.0,True
source_identity,mpair_00002622_cond_00_3p,mpair_00002622,eval,3,"MW,QED,RB",CCc1ccc2c(C(=O)Nc3c(Cl)cncc3Cl)ccc(OC)c2n1,COc1ccc(C(=O)Nc2ccncc2Cl)c2cccnc12,CCc1ccc2c(C(=O)Nc3c(Cl)cncc3Cl)ccc(OC)c2n1,O=C(Nc1ccncc1)c1cccc2ncccc12,O=C(Nc1ccncc1)c1cccc2ncccc12,True,False,False,,1.0,0.5,313.744,376.2430000000001,62.49900000000008,False,,,,,0.8029165077767629,0.7131894410136064,0.08972706676315656,True,,,,,,,,,,,,,3.0,4.0,1.0,True
source_identity,mpair_00002629_cond_00_3p,mpair_00002629,eval,3,"TPSA,HBA,RB",CC(C)CC(=O)N1C[C@H](c2ccccc2)C[C@H]1C(=O)N[C@@H](CC(F)F)C(=O)NCCc1c(F)cc(C(=O)O)cc1F,CC(C)(C)[C@H](O)C(=O)N1C[C@H](c2ccccc2)C[C@H]1C(=O)N[C@@H](CC(F)F)C(=O)NCCc1c(F)cc(C(=O)O)cc1F,CC(C)CC(=O)N1C[C@H](c2ccccc2)C[C@H]1C(=O)N[C@@H](CC(F)F)C(=O)NCCc1c(F)cc(C(=O)O)cc1F,O=C(CNC(=O)[C@@H]1C[C@@H](c2ccccc2)CN1)NCCc1ccccc1,O=C(CNC(=O)[C@@H]1C[C@@H](c2ccccc2)CN1)NCCc1ccccc1,True,False,False,,1.0,0.7567567567567568,,,,,,,,,,,,,136.04,115.81000000000002,20.229999999999976,False,,,,,5.0,4.0,1.0,True,11.0,12.0,1.0,True
source_identity,mpair_00003115_cond_00_3p,mpair_00003115,eval,3,"MW,LogP,QED",Cc1nc2nncnn2c(=O)c1C,Cc1nc2nnc(C(C)(C)C)nn2c(=O)c1C,Cc1nc2nncnn2c(=O)c1C,O=c1ccnc2nncnn12,O=c1ccnc2nncnn12,True,False,False,,1.0,0.48717948717948717,233.27499999999998,177.167,56.107999999999976,False,0.7938399999999997,-0.5036600000000002,1.2974999999999999,False,0.6723856505150625,0.541825521381232,0.13056012913383053,False,,,,,,,,,,,,,,,,
source_identity,mpair_00003206_cond_00_3p,mpair_00003206,eval,3,"MW,LogP,HBA",CCOC(=O)N1CCN(S(=O)(=O)c2ccc(-n3ncc(=O)[nH]c3=O)cc2Cl)CC1,Cc1cc(-n2ncc(=O)[nH]c2=O)ccc1S(=O)(=O)N1CCN(C=O)CC1,CCOC(=O)N1CCN(S(=O)(=O)c2ccc(-n3ncc(=O)[nH]c3=O)cc2Cl)CC1,O=c1cnn(-c2ccc(S(=O)(=O)N3CCNCC3)cc2)c(=O)[nH]1,O=c1cnn(-c2ccc(S(=O)(=O)N3CCNCC3)cc2)c(=O)[nH]1,True,False,False,,1.0,0.5625,379.39800000000025,443.86900000000026,64.471,False,-1.3080799999999981,0.037000000000000144,1.3450799999999983,False,,,,,,,,,,,,,7.0,8.0,1.0,True,,,,
source_identity,mpair_00003210_cond_00_3p,mpair_00003210,eval,3,"MW,LogP,HBA",CC[C@H]1OC(=O)[C@H](C)[C@@H](O)[C@H](C)[C@@H](OC2O[C@H](C)C[C@H](N(C)C)C2O)[C@@](C)(OC)C[C@@H](C)C(=O)[C@H](C)[C@@H](O)[C@]1(C)O,CC[C@H]1OC(=O)[C@H](C)[C@@H](OC(C)=O)[C@H](C)[C@@H](OC2O[C@H](C)C[C@H](N(C)C)C2O)[C@@](C)(OC)C[C@@H](C)C(=O)[C@H](C)[C@@H](O)[C@]1(C)O,CC[C@H]1OC(=O)[C@H](C)[C@@H](O)[C@H](C)[C@@H](OC2O[C@H](C)C[C@H](N(C)C)C2O)[C@@](C)(OC)C[C@@H](C)C(=O)[C@H](C)[C@@H](O)[C@]1(C)O,O=C1CCCCOC(=O)CCC[C@@H](OC2CCCCO2)CCC1,O=C1CCCCOC(=O)CCC[C@@H](OC2CCCCO2)CCC1,True,False,False,,1.0,0.821917808219178,631.8040000000003,589.7670000000004,42.03699999999992,False,2.0853000000000033,1.5145000000000022,0.5708000000000011,True,,,,,,,,,,,,,12.0,11.0,1.0,True,,,,
source_identity,mpair_00003219_cond_01_3p,mpair_00003219,eval,3,"MW,LogP,QED",COc1ccc(S(=O)(=O)N(Cc2cccnc2)c2c(C)cccc2C(=O)NO)cc1,COc1ccc(S(=O)(=O)N(Cc2cccnc2)c2c(C)cc(Br)cc2C(=O)NO)cc1,COc1ccc(S(=O)(=O)N(Cc2cccnc2)c2c(C)cccc2C(=O)NO)cc1,O=S(=O)(c1ccccc1)N(Cc1cccnc1)c1ccccc1,O=S(=O)(c1ccccc1)N(Cc1cccnc1)c1ccccc1,True,False,False,,1.0,0.819672131147541,506.37800000000016,427.48200000000014,78.89600000000002,False,3.675620000000001,2.91312,0.7625000000000011,True,0.3740614499694089,0.44330794633881315,0.06924649636940428,True,,,,,,,,,,,,,,,,
source_identity,mpair_00003222_cond_02_3p,mpair_00003222,eval,3,"QED,TPSA,RB",COc1ccc(S(=O)(=O)N(Cc2cccnc2)c2c(C)cc(Br)cc2C(=O)NO)cc1,COC(=O)c1cccc(C(=O)NO)c1N(Cc1cccnc1)S(=O)(=O)c1ccc(OC)cc1,COc1ccc(S(=O)(=O)N(Cc2cccnc2)c2c(C)cc(Br)cc2C(=O)NO)cc1,O=S(=O)(c1ccccc1)N(Cc1cccnc1)c1ccccc1,O=S(=O)(c1ccccc1)N(Cc1cccnc1)c1ccccc1,True,False,False,,1.0,0.734375,,,,,,,,,0.29046454626646695,0.3740614499694089,0.08359690370294193,True,135.13,108.83000000000001,26.299999999999983,False,,,,,,,,,8.0,7.0,1.0,True
source_identity,mpair_00003531_cond_02_3p,mpair_00003531,eval,3,"TPSA,HBA,RB",CC(C)Oc1cccc(N(Cc2cccnc2)S(=O)(=O)CC(F)(F)F)c1,CCOC(=O)C(C)Oc1cccc(N(Cc2cccnc2)S(=O)(=O)CC(F)(F)F)c1,CC(C)Oc1cccc(N(Cc2cccnc2)S(=O)(=O)CC(F)(F)F)c1,c1ccc(NCc2cccnc2)cc1,c1ccc(NCc2cccnc2)cc1,True,False,False,,1.0,0.7796610169491526,,,,,,,,,,,,,85.80000000000001,59.5,26.30000000000001,False,,,,,6.0,4.0,2.0,False,9.0,7.0,2.0,False
source_identity,mpair_00003540_cond_00_3p,mpair_00003540,eval,3,"QED,TPSA,HBA",CCCC(C)Oc1cccc(N(Cc2cccnc2)S(=O)(=O)CC(F)(F)F)c1,CCOC(=O)C(C)Oc1cccc(N(Cc2cccnc2)S(=O)(=O)CC(F)(F)F)c1,CCCC(C)Oc1cccc(N(Cc2cccnc2)S(=O)(=O)CC(F)(F)F)c1,c1ccc(NCc2cccnc2)cc1,c1ccc(NCc2cccnc2)cc1,True,False,False,,1.0,0.746031746031746,,,,,,,,,0.5496815697636838,0.6018859517288218,0.05220438196513799,True,85.80000000000001,59.5,26.30000000000001,False,,,,,6.0,4.0,2.0,False,,,,
source_identity,mpair_00003545_cond_01_3p,mpair_00003545,eval,3,"LogP,QED,RB",CCCC(C)Oc1cccc(N(Cc2cccnc2)S(=O)(=O)CC(F)(F)F)c1,CC(C)Oc1cccc(N(Cc2cccnc2)S(=O)(=O)CC(F)(F)F)c1,CCCC(C)Oc1cccc(N(Cc2cccnc2)S(=O)(=O)CC(F)(F)F)c1,c1ccc(NCc2cccnc2)cc1,c1ccc(NCc2cccnc2)cc1,True,False,False,,1.0,0.8070175438596491,,,,,3.7675000000000027,4.547700000000003,0.7802000000000007,True,0.7245796953652621,0.6018859517288218,0.12269374363644037,False,,,,,,,,,,,,,7.0,9.0,2.0,False
source_identity,mpair_00000014_cond_01_4p,mpair_00000014,eval,4,"MW,LogP,TPSA,HBA",O=C(O)[C@@H]1C[C@H]2C[C@@H](CCS(=O)(=O)O)CC[C@H]2CN1,O=C(O)CC[C@H]1CC[C@H]2CN[C@H](C(=O)O)C[C@H]2C1,O=C(O)[C@@H]1C[C@H]2C[C@@H](CCS(=O)(=O)O)CC[C@H]2CN1,C1CC[C@H]2CNCC[C@H]2C1,C1CC[C@H]2CNCC[C@H]2C1,True,False,False,,1.0,0.6829268292682927,255.314,291.36899999999997,36.05499999999998,False,1.3301999999999996,0.7433000000000001,0.5868999999999995,True,,,,,86.63000000000001,103.7,17.069999999999993,True,,,,,3.0,4.0,1.0,True,,,,
source_identity,mpair_00000322_cond_01_4p,mpair_00000322,eval,4,"MW,QED,HBA,RB",N[C@@H](C(=O)N[C@@H]1C(=O)N2C(C(=O)O)=C(C(F)(F)F)CC[C@H]12)c1cccc(C(F)(F)F)c1,CSC1=C(C(=O)O)N2C(=O)[C@@H](NC(=O)[C@H](N)c3ccccc3)[C@H]2CC1,N[C@@H](C(=O)N[C@@H]1C(=O)N2C(C(=O)O)=C(C(F)(F)F)CC[C@H]12)c1cccc(C(F)(F)F)c1,O=C(Cc1ccccc1)N[C@@H]1C(=O)N2C=CCC[C@H]12,O=C(Cc1ccccc1)N[C@@H]1C(=O)N2C=CCC[C@H]12,True,False,False,,1.0,0.5757575757575758,361.42300000000006,451.3230000000001,89.90000000000003,False,,,,,0.6699274889764619,0.4795891963980345,0.19033829257842744,False,,,,,,,,,5.0,4.0,1.0,True,5.0,4.0,1.0,True
source_identity,mpair_00000326_cond_01_4p,mpair_00000326,eval,4,"QED,TPSA,HBD,RB",N[C@@H](C(=O)N[C@@H]1C(=O)N2C(C(=O)O)=C(C(F)(F)F)CC[C@H]12)c1ccc(O)cc1,CSC1=C(C(=O)O)N2C(=O)[C@@H](NC(=O)[C@H](N)c3ccccc3)[C@H]2CC1,N[C@@H](C(=O)N[C@@H]1C(=O)N2C(C(=O)O)=C(C(F)(F)F)CC[C@H]12)c1ccc(O)cc1,O=C(Cc1ccccc1)N[C@@H]1C(=O)N2C=CCC[C@H]12,O=C(Cc1ccccc1)N[C@@H]1C(=O)N2C=CCC[C@H]12,True,False,False,,1.0,0.5873015873015873,,,,,,,,,0.6699274889764619,0.5533729404309352,0.11655454854552671,False,112.73,132.96,20.230000000000004,False,3.0,4.0,1.0,True,,,,,5.0,4.0,1.0,True
source_identity,mpair_00000334_cond_02_4p,mpair_00000334,eval,4,"MW,QED,TPSA,RB",CSC1=C(C(=O)O)N2C(=O)[C@@H](NC(=O)[C@H](N)c3ccccc3)[C@H]2CC1,N[C@@H](C(=O)N[C@@H]1C(=O)N2C(C(=O)O)=C(C(F)(F)F)CC[C@H]12)c1ccc(O)cc1,CSC1=C(C(=O)O)N2C(=O)[C@@H](NC(=O)[C@H](N)c3ccccc3)[C@H]2CC1,O=C(Cc1ccccc1)N[C@@H]1C(=O)N2C=CCC[C@H]12,O=C(Cc1ccccc1)N[C@@H]1C(=O)N2C=CCC[C@H]12,True,False,False,,1.0,0.5873015873015873,399.3250000000001,361.42300000000006,37.902000000000044,False,,,,,0.5533729404309352,0.6699274889764619,0.11655454854552671,False,132.96,112.73,20.230000000000004,False,,,,,,,,,4.0,5.0,1.0,True
source_identity,mpair_00000586_cond_02_4p,mpair_00000586,eval,4,"QED,TPSA,HBD,HBA",OC[C@@H]1N[C@@H](CCCCc2cc(F)cc(F)c2)[C@H](O)[C@H]1O,OC[C@@H]1N[C@@H](CCCCc2ccc(O)cc2)[C@H](O)[C@H]1O,OC[C@@H]1N[C@@H](CCCCc2cc(F)cc(F)c2)[C@H](O)[C@H]1O,c1ccc(CCCC[C@H]2CCCN2)cc1,c1ccc(CCCC[C@H]2CCCN2)cc1,True,False,False,,1.0,0.625,,,,,,,,,0.47902706341404183,0.5846986769843887,0.10567161357034688,False,92.95,72.72,20.230000000000004,False,5.0,4.0,1.0,True,5.0,4.0,1.0,True,,,,
source_identity,mpair_00000726_cond_01_4p,mpair_00000726,eval,4,"MW,LogP,QED,HBD",C=CCc1cc(/C=C2\SC(=O)NC2=O)c(OC)cc1OC1CCCCO1,C=CCc1cc(/C=C2\SC(=O)N(CC=C)C2=O)c(OC)cc1OC1CCCCO1,C=CCc1cc(/C=C2\SC(=O)NC2=O)c(OC)cc1OC1CCCCO1,O=C1NC(=O)/C(=C/c2ccc(OC3CCCCO3)cc2)S1,O=C1NC(=O)/C(=C/c2ccc(OC3CCCCO3)cc2)S1,True,False,False,,1.0,0.696969696969697,415.51100000000025,375.4460000000002,40.065000000000055,False,4.551400000000004,3.6530000000000022,0.8984000000000014,True,0.45838471716690443,0.6042673504148035,0.14588263324789907,False,,,,,0.0,1.0,1.0,True,,,,,,,,
source_identity,mpair_00000734_cond_00_4p,mpair_00000734,eval,4,"MW,LogP,QED,RB",C=CCc1cc(/C=C2\SC(=O)N(CCCC)C2=O)c(OC)cc1OC1CCCCO1,C=CCc1cc(/C=C2\SC(=O)N(C)C2=O)c(OC)cc1OC1CCCCO1,C=CCc1cc(/C=C2\SC(=O)N(CCCC)C2=O)c(OC)cc1OC1CCCCO1,O=C1NC(=O)/C(=C/c2ccc(OC3CCCCO3)cc2)S1,O=C1NC(=O)/C(=C/c2ccc(OC3CCCCO3)cc2)S1,True,False,False,,1.0,0.7878787878787878,389.4730000000002,431.55400000000026,42.081000000000074,False,3.9952000000000023,5.165500000000004,1.170300000000002,False,0.5413211960634129,0.39718598618589046,0.14413520987752243,False,,,,,,,,,,,,,6.0,9.0,3.0,False
source_identity,mpair_00000753_cond_01_4p,mpair_00000753,eval,4,"MW,TPSA,HBA,RB",O=C1CCC[C@H]2OC[C@@H](Cc3c[nH]c4ccccc34)N12,COC(=O)C[C@@H]1CC(=O)N2[C@H](Cc3c[nH]c4ccccc34)CO[C@@H]2C1,O=C1CCC[C@H]2OC[C@@H](Cc3c[nH]c4ccccc34)N12,O=C1CCC[C@H]2OC[C@@H](Cc3c[nH]c4ccccc34)N12,O=C1CCC[C@H]2OC[C@@H](Cc3c[nH]c4ccccc34)N12,True,False,False,,1.0,0.578125,342.39500000000015,270.33200000000005,72.0630000000001,False,,,,,,,,,71.63000000000001,45.330000000000005,26.300000000000004,False,,,,,4.0,2.0,2.0,False,4.0,2.0,2.0,False
source_identity,mpair_00001117_cond_02_4p,mpair_00001117,eval,4,"MW,HBD,HBA,RB",COc1ccc(N2CCN(CCC3c4ccccc4C(=O)N3C)CC2)cc1,O=C1NC(CCN2CCN(c3ccccc3)CC2)c2ccccc21,COc1ccc(N2CCN(CCC3c4ccccc4C(=O)N3C)CC2)cc1,O=C1NC(CCN2CCN(c3ccccc3)CC2)c2ccccc21,O=C1NC(CCN2CCN(c3ccccc3)CC2)c2ccccc21,True,False,False,,1.0,0.47368421052631576,321.4240000000001,365.47700000000015,44.053000000000054,False,,,,,,,,,,,,,1.0,0.0,1.0,True,3.0,4.0,1.0,True,4.0,5.0,1.0,True
source_identity,mpair_00001131_cond_02_4p,mpair_00001131,eval,4,"QED,HBD,HBA,RB",COc1ccc(N2CCN(CCC3c4ccccc4C(=O)N3C)CC2)cc1,Cc1ccc(N2CCN(CCC3NC(=O)c4ccccc43)CC2)cc1C,COc1ccc(N2CCN(CCC3c4ccccc4C(=O)N3C)CC2)cc1,O=C1NC(CCN2CCN(c3ccccc3)CC2)c2ccccc21,O=C1NC(CCN2CCN(c3ccccc3)CC2)c2ccccc21,True,False,False,,1.0,0.4444444444444444,,,,,,,,,0.9198864151307602,0.8160326048332845,0.10385381029747565,False,,,,,1.0,0.0,1.0,True,3.0,4.0,1.0,True,4.0,5.0,1.0,True
source_identity,mpair_00001618_cond_02_4p,mpair_00001618,eval,4,"QED,TPSA,HBA,RB",CC1CC(C)(C)Nc2ccc3c(c21)COc1c(F)cc(F)cc1-3,CC1CC(C)(C)Nc2ccc3c(c21)COc1c-3cc(F)cc1[N+](=O)[O-],CC1CC(C)(C)Nc2ccc3c(c21)COc1c(F)cc(F)cc1-3,c1ccc2c(c1)OCc1c-2ccc2c1CCCN2,c1ccc2c(c1)OCc1c-2ccc2c1CCCN2,True,False,False,,1.0,0.7321428571428571,,,,,,,,,0.5855235809891088,0.719238819171056,0.1337152381819472,False,64.39999999999999,21.259999999999998,43.13999999999999,False,,,,,4.0,2.0,2.0,False,1.0,0.0,1.0,True
source_identity,mpair_00002465_cond_02_4p,mpair_00002465,eval,4,"MW,QED,HBA,RB",CN(C)CCCOc1cc(C(=O)Nc2ccc(OC(F)(F)F)cc2)n(Cc2ccccc2)n1,CN(C)CCCOc1cc(C(=O)Nc2cccc(Cl)c2)n(Cc2ccccc2)n1,CN(C)CCCOc1cc(C(=O)Nc2ccc(OC(F)(F)F)cc2)n(Cc2ccccc2)n1,O=C(Nc1ccccc1)c1ccnn1Cc1ccccc1,O=C(Nc1ccccc1)c1ccnn1Cc1ccccc1,True,False,False,,1.0,0.696969696969697,412.9210000000001,462.4720000000001,49.55099999999999,False,,,,,0.5357556879239462,0.4522382232340766,0.08351746468986965,True,,,,,,,,,5.0,6.0,1.0,True,9.0,10.0,1.0,True
source_identity,mpair_00002481_cond_01_4p,mpair_00002481,eval,4,"LogP,TPSA,HBA,RB",COc1cc(NC(=O)c2cc(OCCCN(C)C)nn2Cc2ccccc2)cc(OC)c1OC,CN(C)CCCOc1cc(C(=O)Nc2cc(F)cc(C(F)(F)F)c2)n(Cc2ccccc2)n1,COc1cc(NC(=O)c2cc(OCCCN(C)C)nn2Cc2ccccc2)cc(OC)c1OC,O=C(Nc1ccccc1)c1ccnn1Cc1ccccc1,O=C(Nc1ccccc1)c1ccnn1Cc1ccccc1,True,False,False,,1.0,0.6811594202898551,,,,,4.672100000000003,3.5400000000000027,1.1321000000000003,False,,,,,59.39,87.08000000000001,27.690000000000012,False,,,,,5.0,8.0,3.0,False,9.0,12.0,3.0,False
source_identity,mpair_00002492_cond_00_4p,mpair_00002492,eval,4,"LogP,TPSA,HBD,HBA",CC(C)OC(=O)c1cc(CO)cn1S(=O)(=O)c1cc(Cl)ccc1N,C=Cc1cc(C(=O)OCC)n(S(=O)(=O)c2cc(Cl)ccc2N)c1,CC(C)OC(=O)c1cc(CO)cn1S(=O)(=O)c1cc(Cl)ccc1N,O=S(=O)(c1ccccc1)n1cccc1,O=S(=O)(c1ccccc1)n1cccc1,True,False,False,,1.0,0.5396825396825397,,,,,2.7804,2.0182,0.7622,True,,,,,91.39,111.61999999999999,20.22999999999999,False,1.0,2.0,1.0,True,6.0,7.0,1.0,True,,,,
source_identity,mpair_00002522_cond_00_4p,mpair_00002522,eval,4,"MW,LogP,TPSA,HBD",CSc1cc(-c2ccc(Cl)cc2)oc(=O)c1,CSc1cc(-c2ccc(Cl)cc2)oc(=O)c1C(N)=O,CSc1cc(-c2ccc(Cl)cc2)oc(=O)c1,O=c1cccc(-c2ccccc2)o1,O=c1cccc(-c2ccccc2)o1,True,False,False,,1.0,0.4888888888888889,295.747,252.72199999999998,43.025000000000034,False,2.7810000000000006,3.682100000000002,0.9011000000000013,True,,,,,73.30000000000001,30.21,43.09000000000001,False,1.0,0.0,1.0,True,,,,,,,,
source_identity,mpair_00002558_cond_01_4p,mpair_00002558,eval,4,"MW,QED,HBA,RB",CSc1nc(-c2ccc(OC(F)(F)F)cc2)nn1C(=O)N(C)c1ccccc1,CSc1nc(-c2ccc(Cl)cc2)nn1C(=O)N(C)c1ccccc1,CSc1nc(-c2ccc(OC(F)(F)F)cc2)nn1C(=O)N(C)c1ccccc1,O=C(Nc1ccccc1)n1cnc(-c2ccccc2)n1,O=C(Nc1ccccc1)n1cnc(-c2ccccc2)n1,True,False,False,,1.0,0.7037037037037037,358.85400000000004,408.4050000000001,49.551000000000045,False,,,,,0.6499636794176425,0.5874043626188404,0.06255931679880211,True,,,,,,,,,5.0,6.0,1.0,True,3.0,4.0,1.0,True
source_identity,mpair_00002568_cond_01_4p,mpair_00002568,eval,4,"MW,QED,TPSA,RB",COc1cc(C(=O)N2CCN(C(=O)c3cc(OC)c(OC)c(OC)c3)C(CO)C2)cc(OC)c1OC,COc1cc(C(=O)N2CCN(C(=O)c3cc(OC)c(OC)c(OC)c3)C(COC(=O)NCCC(C)C)C2)cc(OC)c1OC,COc1cc(C(=O)N2CCN(C(=O)c3cc(OC)c(OC)c(OC)c3)C(CO)C2)cc(OC)c1OC,O=C(c1ccccc1)N1CCN(C(=O)c2ccccc2)CC1,O=C(c1ccccc1)N1CCN(C(=O)c2ccccc2)CC1,True,False,False,,1.0,0.631578947368421,617.6960000000003,504.53600000000034,113.15999999999991,False,,,,,0.3561059094946873,0.544633228323374,0.18852731882868673,False,134.33,116.23000000000002,18.099999999999994,True,,,,,,,,,13.0,9.0,4.0,False
source_identity,mpair_00002576_cond_02_4p,mpair_00002576,eval,4,"MW,QED,HBD,RB",COc1cc(C(=O)N2CCN(C(=O)c3cc(OC)c(OC)c(OC)c3)C(COC(C)=O)C2)cc(OC)c1OC,COc1cc(C(=O)N2CCN(C(=O)c3cc(OC)c(OC)c(OC)c3)C(COC(=O)NCCC(C)C)C2)cc(OC)c1OC,COc1cc(C(=O)N2CCN(C(=O)c3cc(OC)c(OC)c(OC)c3)C(COC(C)=O)C2)cc(OC)c1OC,O=C(c1ccccc1)N1CCN(C(=O)c2ccccc2)CC1,O=C(c1ccccc1)N1CCN(C(=O)c2ccccc2)CC1,True,False,False,,1.0,0.7017543859649122,617.6960000000003,546.5730000000003,71.12299999999993,False,,,,,0.3561059094946873,0.41028124355120477,0.05417533405651748,True,,,,,1.0,0.0,1.0,True,,,,,13.0,10.0,3.0,False
source_identity,mpair_00002591_cond_01_4p,mpair_00002591,eval,4,"MW,LogP,QED,HBD",COc1cc(C(=O)N2CCN(C(=O)c3cc(OC)c(OC)c(OC)c3)C(COC(=O)NCCC(C)C)C2)cc(OC)c1OC,COc1cc(C(=O)N2CCN(C(=O)c3cc(OC)c(OC)c(OC)c3)CC2)cc(OC)c1OC,COc1cc(C(=O)N2CCN(C(=O)c3cc(OC)c(OC)c(OC)c3)C(COC(=O)NCCC(C)C)C2)cc(OC)c1OC,O=C(c1ccccc1)N1CCN(C(=O)c2ccccc2)CC1,O=C(c1ccccc1)N1CCN(C(=O)c2ccccc2)CC1,True,False,False,,1.0,0.48148148148148145,474.51000000000033,617.6960000000003,143.18599999999992,False,2.3364000000000003,3.4773000000000023,1.140900000000002,False,0.5754127815390553,0.3561059094946873,0.219306872044368,False,,,,,0.0,1.0,1.0,True,,,,,,,,
source_identity,mpair_00002595_cond_00_4p,mpair_00002595,eval,4,"MW,QED,HBA,RB",COc1cc(C(=O)N2CCN(C(=O)c3cc(OC)c(OC)c(OC)c3)CC2)cc(OC)c1OC,COc1cc(C(=O)N2CCN(C(=O)c3cc(OC)c(OC)c(OC)c3)C(COC(=O)CC(C)(C)C)C2)cc(OC)c1OC,COc1cc(C(=O)N2CCN(C(=O)c3cc(OC)c(OC)c(OC)c3)CC2)cc(OC)c1OC,O=C(c1ccccc1)N1CCN(C(=O)c2ccccc2)CC1,O=C(c1ccccc1)N1CCN(C(=O)c2ccccc2)CC1,True,False,False,,1.0,0.52,602.6810000000004,474.51000000000033,128.17100000000005,False,,,,,0.3521539372279048,0.5754127815390553,0.2232588443111505,False,,,,,,,,,10.0,8.0,2.0,False,11.0,8.0,3.0,False
source_identity,mpair_00002607_cond_01_4p,mpair_00002607,eval,4,"LogP,QED,TPSA,HBA",COc1ccc(C(=O)Nc2ccncc2Cl)c2cccnc12,COc1ccc(C(=O)Nc2c(Cl)cncc2Cl)c2ccc(C(C)=O)nc12,COc1ccc(C(=O)Nc2ccncc2Cl)c2cccnc12,O=C(Nc1ccncc1)c1cccc2ncccc12,O=C(Nc1ccncc1)c1cccc2ncccc12,True,False,False,,1.0,0.5081967213114754,,,,,4.400100000000002,3.544100000000002,0.8559999999999999,True,0.6681926051832562,0.8029165077767629,0.13472390259350675,False,81.17999999999999,64.11,17.069999999999993,True,,,,,5.0,4.0,1.0,True,,,,
source_identity,mpair_00002614_cond_00_4p,mpair_00002614,eval,4,"MW,QED,HBA,RB",COc1ccc(C(=O)Nc2c(Cl)cncc2Cl)c2cccnc12,COc1ccc(C(=O)Nc2c(Cl)cncc2Cl)c2ccc(C(C)=O)nc12,COc1ccc(C(=O)Nc2c(Cl)cncc2Cl)c2cccnc12,O=C(Nc1ccncc1)c1cccc2ncccc12,O=C(Nc1ccncc1)c1cccc2ncccc12,True,False,False,,1.0,0.6666666666666666,390.22600000000017,348.1890000000001,42.03700000000009,False,,,,,0.6681926051832562,0.7706046174674384,0.10241201228418217,False,,,,,,,,,5.0,4.0,1.0,True,4.0,3.0,1.0,True
source_identity,mpair_00002622_cond_02_4p,mpair_00002622,eval,4,"MW,LogP,QED,RB",CCc1ccc2c(C(=O)Nc3c(Cl)cncc3Cl)ccc(OC)c2n1,COc1ccc(C(=O)Nc2ccncc2Cl)c2cccnc12,CCc1ccc2c(C(=O)Nc3c(Cl)cncc3Cl)ccc(OC)c2n1,O=C(Nc1ccncc1)c1cccc2ncccc12,O=C(Nc1ccncc1)c1cccc2ncccc12,True,False,False,,1.0,0.5,313.744,376.2430000000001,62.49900000000008,False,3.544100000000002,4.759900000000003,1.2158000000000007,False,0.8029165077767629,0.7131894410136064,0.08972706676315656,True,,,,,,,,,,,,,3.0,4.0,1.0,True
source_identity,mpair_00002631_cond_00_4p,mpair_00002631,eval,4,"LogP,TPSA,HBD,HBA",CC(C)(C)[C@H](O)C(=O)N1C[C@H](c2ccccc2)C[C@H]1C(=O)N[C@@H](CC(F)F)C(=O)NCCc1c(F)cc(C(=O)O)cc1F,CC(C)CC(=O)N1C[C@H](c2ccccc2)C[C@H]1C(=O)N[C@@H](CC(F)F)C(=O)NCCc1c(F)cc(C(=O)O)cc1F,CC(C)(C)[C@H](O)C(=O)N1C[C@H](c2ccccc2)C[C@H]1C(=O)N[C@@H](CC(F)F)C(=O)NCCc1c(F)cc(C(=O)O)cc1F,O=C(CNC(=O)[C@@H]1C[C@@H](c2ccccc2)CN1)NCCc1ccccc1,O=C(CNC(=O)[C@@H]1C[C@@H](c2ccccc2)CN1)NCCc1ccccc1,True,False,False,,1.0,0.7567567567567568,,,,,3.892500000000002,3.253400000000001,0.6391000000000009,True,,,,,115.81000000000002,136.04,20.229999999999976,False,3.0,4.0,1.0,True,4.0,5.0,1.0,True,,,,
source_identity,mpair_00003117_cond_00_4p,mpair_00003117,eval,4,"MW,LogP,TPSA,HBA",Cc1c[nH]c2c1C13CC1CN(C(=O)OC(C)(C)C)C3=CC2=O,COC(=O)c1cc2c([nH]1)C(=O)C=C1N(C(=O)OC(C)(C)C)CC3CC123,Cc1c[nH]c2c1C13CC1CN(C(=O)OC(C)(C)C)C3=CC2=O,O=C1C=C2NCC3CC23c2cc[nH]c21,O=C1C=C2NCC3CC23c2cc[nH]c21,True,False,False,,1.0,0.5873015873015873,344.36700000000013,300.358,44.00900000000013,False,2.389900000000001,2.9117200000000016,0.5218200000000008,True,,,,,88.7,62.4,26.300000000000004,False,,,,,5.0,3.0,2.0,False,,,,
source_identity,mpair_00003213_cond_01_4p,mpair_00003213,eval,4,"MW,QED,HBA,RB",CC(C)NC(=O)c1ccc2c(Nc3ccc(Cl)cc3)nc(N3CCOCC3)nc2c1,Clc1ccc(Nc2nc(N3CCOCC3)nc3ccccc23)cc1,CC(C)NC(=O)c1ccc2c(Nc3ccc(Cl)cc3)nc(N3CCOCC3)nc2c1,c1ccc(Nc2nc(N3CCOCC3)nc3ccccc23)cc1,c1ccc(Nc2nc(N3CCOCC3)nc3ccccc23)cc1,True,False,False,,1.0,0.6,340.81399999999996,425.92000000000024,85.10600000000028,False,,,,,0.784150666451108,0.6427710577069246,0.14137960874418343,False,,,,,,,,,5.0,6.0,1.0,True,3.0,5.0,2.0,False
source_identity,mpair_00003222_cond_00_4p,mpair_00003222,eval,4,"LogP,QED,TPSA,RB",COc1ccc(S(=O)(=O)N(Cc2cccnc2)c2c(C)cc(Br)cc2C(=O)NO)cc1,COC(=O)c1cccc(C(=O)NO)c1N(Cc1cccnc1)S(=O)(=O)c1ccc(OC)cc1,COc1ccc(S(=O)(=O)N(Cc2cccnc2)c2c(C)cc(Br)cc2C(=O)NO)cc1,O=S(=O)(c1ccccc1)N(Cc1cccnc1)c1ccccc1,O=S(=O)(c1ccccc1)N(Cc1cccnc1)c1ccccc1,True,False,False,,1.0,0.734375,,,,,2.391300000000001,3.675620000000001,1.2843200000000001,False,0.29046454626646695,0.3740614499694089,0.08359690370294193,True,135.13,108.83000000000001,26.299999999999983,False,,,,,,,,,8.0,7.0,1.0,True
source_identity,mpair_00003532_cond_01_4p,mpair_00003532,eval,4,"LogP,QED,TPSA,HBA",CCOC(=O)C(C)Oc1cccc(N(Cc2cccnc2)S(=O)(=O)CC(F)(F)F)c1,CCCC(C)Oc1cccc(N(Cc2cccnc2)S(=O)(=O)CC(F)(F)F)c1,CCOC(=O)C(C)Oc1cccc(N(Cc2cccnc2)S(=O)(=O)CC(F)(F)F)c1,c1ccc(NCc2cccnc2)cc1,c1ccc(NCc2cccnc2)cc1,True,False,False,,1.0,0.746031746031746,,,,,4.547700000000003,3.3107000000000024,1.237000000000001,False,0.6018859517288218,0.5496815697636838,0.05220438196513799,True,59.5,85.80000000000001,26.30000000000001,False,,,,,4.0,6.0,2.0,False,,,,
source_identity,mpair_00003536_cond_02_4p,mpair_00003536,eval,4,"MW,LogP,QED,RB",COc1cccc(N(Cc2cccnc2)S(=O)(=O)CC(F)(F)F)c1,CCC(C)COc1cccc(N(Cc2cccnc2)S(=O)(=O)CC(F)(F)F)c1,COc1cccc(N(Cc2cccnc2)S(=O)(=O)CC(F)(F)F)c1,c1ccc(NCc2cccnc2)cc1,c1ccc(NCc2cccnc2)cc1,True,False,False,,1.0,0.7413793103448276,416.4650000000001,360.3570000000001,56.108000000000004,False,4.405200000000004,2.988900000000002,1.4163000000000023,False,0.6078002459089881,0.7946521442277092,0.18685189831872118,False,,,,,,,,,,,,,9.0,6.0,3.0,False
source_identity,mpair_00000010_cond_02_5p,mpair_00000010,eval,5,"MW,LogP,QED,HBA,RB",O=C(c1ccccc1C(F)(F)F)N1C[C@H](CN2CCC(c3ccccc3)CC2)[C@@H](c2ccccc2)C1,COc1cccc(C(=O)N2C[C@H](CN3CCC(c4ccccc4)CC3)[C@@H](c3ccccc3)C2)c1,O=C(c1ccccc1C(F)(F)F)N1C[C@H](CN2CCC(c3ccccc3)CC2)[C@@H](c2ccccc2)C1,O=C(c1ccccc1)N1C[C@H](CN2CCC(c3ccccc3)CC2)[C@@H](c2ccccc2)C1,O=C(c1ccccc1)N1C[C@H](CN2CCC(c3ccccc3)CC2)[C@@H](c2ccccc2)C1,True,False,False,,1.0,0.578125,454.61400000000015,492.5850000000002,37.97100000000006,False,5.430600000000005,6.4408000000000065,1.010200000000001,False,0.49786269936596683,0.4092272471712491,0.08863545219471775,True,,,,,,,,,3.0,2.0,1.0,True,6.0,5.0,1.0,True
source_identity,mpair_00000327_cond_00_5p,mpair_00000327,eval,5,"MW,LogP,QED,HBA,RB",CSC1=C(C(=O)O)N2C(=O)[C@@H](NC(=O)[C@H](N)c3ccccc3)[C@H]2CC1,N[C@@H](C(=O)N[C@@H]1C(=O)N2C(C(=O)O)=C(C(F)(F)F)CC[C@H]12)c1cccc(C(F)(F)F)c1,CSC1=C(C(=O)O)N2C(=O)[C@@H](NC(=O)[C@H](N)c3ccccc3)[C@H]2CC1,O=C(Cc1ccccc1)N[C@@H]1C(=O)N2C=CCC[C@H]12,O=C(Cc1ccccc1)N[C@@H]1C(=O)N2C=CCC[C@H]12,True,False,False,,1.0,0.5757575757575758,451.3230000000001,361.42300000000006,89.90000000000003,False,2.0955999999999997,0.8350000000000002,1.2605999999999995,False,0.4795891963980345,0.6699274889764619,0.19033829257842744,False,,,,,,,,,4.0,5.0,1.0,True,4.0,5.0,1.0,True
source_identity,mpair_00000335_cond_01_5p,mpair_00000335,eval,5,"MW,LogP,TPSA,HBD,HBA",N[C@@H](C(=O)N[C@@H]1C(=O)N2C(C(=O)O)=C(C(F)(F)F)CC[C@H]12)c1cccc(Br)c1,N[C@@H](C(=O)N[C@@H]1C(=O)N2C(C(=O)O)=C(C(F)(F)F)CC[C@H]12)c1ccc(O)cc1,N[C@@H](C(=O)N[C@@H]1C(=O)N2C(C(=O)O)=C(C(F)(F)F)CC[C@H]12)c1cccc(Br)c1,O=C(Cc1ccccc1)N[C@@H]1C(=O)N2C=CCC[C@H]12,O=C(Cc1ccccc1)N[C@@H]1C(=O)N2C=CCC[C@H]12,True,False,False,,1.0,0.7377049180327869,399.3250000000001,462.2220000000001,62.89699999999999,False,0.7823999999999993,1.8392999999999997,1.0569000000000004,False,,,,,132.96,112.73,20.230000000000004,False,4.0,3.0,1.0,True,5.0,4.0,1.0,True,,,,
source_identity,mpair_00000586_cond_01_5p,mpair_00000586,eval,5,"LogP,QED,TPSA,HBD,HBA",OC[C@@H]1N[C@@H](CCCCc2cc(F)cc(F)c2)[C@H](O)[C@H]1O,OC[C@@H]1N[C@@H](CCCCc2ccc(O)cc2)[C@H](O)[C@H]1O,OC[C@@H]1N[C@@H](CCCCc2cc(F)cc(F)c2)[C@H](O)[C@H]1O,c1ccc(CCCC[C@H]2CCCN2)cc1,c1ccc(CCCC[C@H]2CCCN2)cc1,True,False,False,,1.0,0.625,,,,,0.15949999999999964,0.7320999999999995,0.5725999999999999,True,0.47902706341404183,0.5846986769843887,0.10567161357034688,False,92.95,72.72,20.230000000000004,False,5.0,4.0,1.0,True,5.0,4.0,1.0,True,,,,
source_identity,mpair_00000762_cond_00_5p,mpair_00000762,eval,5,"MW,LogP,QED,HBA,RB",Clc1cccc(-c2cc(O[C@@H]3CCNC3)cnc2Cl)c1,COc1cccc(-c2cncc(O[C@@H]3CCNC3)c2)c1,Clc1cccc(-c2cc(O[C@@H]3CCNC3)cnc2Cl)c1,c1ccc(-c2cncc(O[C@@H]3CCNC3)c2)cc1,c1ccc(-c2cncc(O[C@@H]3CCNC3)c2)cc1,True,False,False,,1.0,0.5,270.33199999999994,309.196,38.86400000000009,False,2.4979000000000005,3.796100000000002,1.2982000000000014,False,0.9267061641096688,0.8758671086324237,0.0508390554772451,True,,,,,,,,,4.0,3.0,1.0,True,4.0,3.0,1.0,True
source_identity,mpair_00002472_cond_01_5p,mpair_00002472,eval,5,"MW,LogP,QED,HBA,RB",COc1ccc(NC(=O)c2cc(OCCCN(C)C)nn2Cc2ccccc2)cc1,CN(C)CCCOc1cc(C(=O)Nc2cc(F)cc(C(F)(F)F)c2)n(Cc2ccccc2)n1,COc1ccc(NC(=O)c2cc(OCCCN(C)C)nn2Cc2ccccc2)cc1,O=C(Nc1ccccc1)c1ccnn1Cc1ccccc1,O=C(Nc1ccccc1)c1ccnn1Cc1ccccc1,True,False,False,,1.0,0.6764705882352942,464.4630000000001,408.50200000000007,55.96100000000001,False,4.672100000000003,3.522800000000002,1.149300000000001,False,0.369385517709234,0.5200250404910086,0.15063952278177462,False,,,,,,,,,5.0,6.0,1.0,True,9.0,10.0,1.0,True
source_identity,mpair_00002508_cond_02_5p,mpair_00002508,eval,5,"LogP,QED,TPSA,HBD,RB",CSc1cc(-c2ccc(Br)cc2)oc(=O)c1C#N,CSc1cc(-c2ccc(Cl)cc2)oc(=O)c1C(N)=O,CSc1cc(-c2ccc(Br)cc2)oc(=O)c1C#N,O=c1cccc(-c2ccccc2)o1,O=c1cccc(-c2ccccc2)o1,True,True,True,,1.0,0.43137254901960786,,,,,2.7810000000000006,3.662880000000002,0.8818800000000016,True,0.8837306867126842,0.791886779601309,0.09184390711137513,True,73.30000000000001,54.0,19.30000000000001,True,1.0,0.0,1.0,True,,,,,3.0,2.0,1.0,True
source_identity,mpair_00002541_cond_02_5p,mpair_00002541,eval,5,"MW,QED,TPSA,HBA,RB",CCOC(=O)c1c(SC)c(C#N)c(-c2ccc(Br)cc2)oc1=O,CSc1cc(-c2ccc(Br)cc2)oc(=O)c1C#N,CCOC(=O)c1c(SC)c(C#N)c(-c2ccc(Br)cc2)oc1=O,O=c1cccc(-c2ccccc2)o1,O=c1cccc(-c2ccccc2)o1,True,False,False,,1.0,0.43103448275862066,322.1830000000001,394.24600000000004,72.06299999999993,False,,,,,0.791886779601309,0.5791804088529054,0.2127063707484036,False,54.0,80.30000000000001,26.30000000000001,False,,,,,4.0,6.0,2.0,False,2.0,4.0,2.0,False
source_identity,mpair_00002570_cond_00_5p,mpair_00002570,eval,5,"MW,LogP,QED,HBA,RB",CCN(CC)C(=O)OCC1CN(C(=O)c2cc(OC)c(OC)c(OC)c2)CCN1C(=O)c1cc(OC)c(OC)c(OC)c1,COc1cc(C(=O)N2CCN(C(=O)c3cc(OC)c(OC)c(OC)c3)CC2)cc(OC)c1OC,CCN(CC)C(=O)OCC1CN(C(=O)c2cc(OC)c(OC)c(OC)c2)CCN1C(=O)c1cc(OC)c(OC)c(OC)c1,O=C(c1ccccc1)N1CCN(C(=O)c2ccccc2)CC1,O=C(c1ccccc1)N1CCN(C(=O)c2ccccc2)CC1,True,False,False,,1.0,0.52,474.51000000000033,603.6690000000003,129.159,False,2.3364000000000003,3.1834000000000024,0.8470000000000022,True,0.5754127815390553,0.3571777118480848,0.2182350696909705,False,,,,,,,,,8.0,10.0,2.0,False,8.0,12.0,4.0,False
source_identity,mpair_00002587_cond_02_5p,mpair_00002587,eval,5,"LogP,TPSA,HBD,HBA,RB",COc1cc(C(=O)N2CCN(C(=O)c3cc(OC)c(OC)c(OC)c3)C(CO)C2)cc(OC)c1OC,COc1cc(C(=O)N2CCN(C(=O)c3cc(OC)c(OC)c(OC)c3)CC2)cc(OC)c1OC,COc1cc(C(=O)N2CCN(C(=O)c3cc(OC)c(OC)c(OC)c3)C(CO)C2)cc(OC)c1OC,O=C(c1ccccc1)N1CCN(C(=O)c2ccccc2)CC1,O=C(c1ccccc1)N1CCN(C(=O)c2ccccc2)CC1,True,False,False,,1.0,0.6341463414634146,,,,,2.3364000000000003,1.6973000000000003,0.6391,True,,,,,96.00000000000001,116.23000000000002,20.230000000000004,False,0.0,1.0,1.0,True,8.0,9.0,1.0,True,8.0,9.0,1.0,True
source_identity,mpair_00002595_cond_01_5p,mpair_00002595,eval,5,"LogP,QED,TPSA,HBA,RB",COc1cc(C(=O)N2CCN(C(=O)c3cc(OC)c(OC)c(OC)c3)CC2)cc(OC)c1OC,COc1cc(C(=O)N2CCN(C(=O)c3cc(OC)c(OC)c(OC)c3)C(COC(=O)CC(C)(C)C)C2)cc(OC)c1OC,COc1cc(C(=O)N2CCN(C(=O)c3cc(OC)c(OC)c(OC)c3)CC2)cc(OC)c1OC,O=C(c1ccccc1)N1CCN(C(=O)c2ccccc2)CC1,O=C(c1ccccc1)N1CCN(C(=O)c2ccccc2)CC1,True,False,False,,1.0,0.52,,,,,3.684400000000003,2.3364000000000003,1.3480000000000025,False,0.3521539372279048,0.5754127815390553,0.2232588443111505,False,122.30000000000001,96.00000000000001,26.299999999999997,False,,,,,10.0,8.0,2.0,False,11.0,8.0,3.0,False
source_identity,mpair_00002630_cond_02_5p,mpair_00002630,eval,5,"LogP,QED,TPSA,HBD,HBA",CC(C)CC(=O)N1C[C@H](c2ccccc2)C[C@H]1C(=O)N[C@@H](CC(F)F)C(=O)NCCc1c(F)cc(C(=O)O)cc1F,CC(C)[C@@H](O)C(=O)N1C[C@H](c2ccccc2)C[C@H]1C(=O)N[C@@H](CC(F)F)C(=O)NCCc1c(F)cc(C(=O)O)cc1F,CC(C)CC(=O)N1C[C@H](c2ccccc2)C[C@H]1C(=O)N[C@@H](CC(F)F)C(=O)NCCc1c(F)cc(C(=O)O)cc1F,O=C(CNC(=O)[C@@H]1C[C@@H](c2ccccc2)CN1)NCCc1ccccc1,O=C(CNC(=O)[C@@H]1C[C@@H](c2ccccc2)CN1)NCCc1ccccc1,True,False,False,,1.0,0.7916666666666666,,,,,2.8633000000000006,3.892500000000002,1.0292000000000012,False,0.2789053789646464,0.3302613314122171,0.051355952447570685,True,136.04,115.81000000000002,20.229999999999976,False,4.0,3.0,1.0,True,5.0,4.0,1.0,True,,,,
source_identity,mpair_00003214_cond_02_5p,mpair_00003214,eval,5,"MW,TPSA,HBD,HBA,RB",Clc1ccc(Nc2nc(N3CCOCC3)nc3ccccc23)cc1,CC(C)NC(=O)c1ccc2c(Nc3ccc(Cl)cc3)nc(N3CCOCC3)nc2c1,Clc1ccc(Nc2nc(N3CCOCC3)nc3ccccc23)cc1,c1ccc(Nc2nc(N3CCOCC3)nc3ccccc23)cc1,c1ccc(Nc2nc(N3CCOCC3)nc3ccccc23)cc1,True,False,False,,1.0,0.6,425.92000000000024,340.81399999999996,85.10600000000028,False,,,,,,,,,79.38000000000001,50.28,29.10000000000001,False,2.0,1.0,1.0,True,6.0,5.0,1.0,True,5.0,3.0,2.0,False
source_identity,mpair_00003539_cond_02_5p,mpair_00003539,eval,5,"LogP,QED,TPSA,HBA,RB",O=S(=O)(CC(F)(F)F)N(Cc1cccnc1)c1cccc(OC(F)(F)F)c1,CCOC(=O)C(C)Oc1cccc(N(Cc2cccnc2)S(=O)(=O)CC(F)(F)F)c1,O=S(=O)(CC(F)(F)F)N(Cc1cccnc1)c1cccc(OC(F)(F)F)c1,c1ccc(NCc2cccnc2)cc1,c1ccc(NCc2cccnc2)cc1,True,False,False,,1.0,0.6885245901639344,,,,,3.3107000000000024,3.8789000000000025,0.5682,True,0.5496815697636838,0.6736163493728189,0.12393477960913513,False,85.80000000000001,59.5,26.30000000000001,False,,,,,6.0,4.0,2.0,False,9.0,6.0,3.0,False
source_identity,mpair_00001115_cond_00_6p,mpair_00001115,eval,6,"LogP,QED,TPSA,HBD,HBA,RB",COc1ccc(N2CCN(CCC3NC(=O)c4ccccc43)CC2)cc1,CN1C(=O)c2ccccc2C1CCN1CCN(c2ccc(Cl)cc2)CC1,COc1ccc(N2CCN(CCC3NC(=O)c4ccccc43)CC2)cc1,O=C1NC(CCN2CCN(c3ccccc3)CC2)c2ccccc21,O=C1NC(CCN2CCN(c3ccccc3)CC2)c2ccccc21,True,True,True,,1.0,0.48333333333333334,,,,,3.679000000000003,2.692000000000001,0.9870000000000019,True,0.8221231339252668,0.8996022198661571,0.07747908594089026,True,26.790000000000006,44.81,18.019999999999996,True,0.0,1.0,1.0,True,3.0,4.0,1.0,True,4.0,5.0,1.0,True
source_identity,mpair_00002568_cond_02_6p,mpair_00002568,eval,6,"MW,LogP,QED,TPSA,HBA,RB",COc1cc(C(=O)N2CCN(C(=O)c3cc(OC)c(OC)c(OC)c3)C(CO)C2)cc(OC)c1OC,COc1cc(C(=O)N2CCN(C(=O)c3cc(OC)c(OC)c(OC)c3)C(COC(=O)NCCC(C)C)C2)cc(OC)c1OC,COc1cc(C(=O)N2CCN(C(=O)c3cc(OC)c(OC)c(OC)c3)C(CO)C2)cc(OC)c1OC,O=C(c1ccccc1)N1CCN(C(=O)c2ccccc2)CC1,O=C(c1ccccc1)N1CCN(C(=O)c2ccccc2)CC1,True,False,False,,1.0,0.631578947368421,617.6960000000003,504.53600000000034,113.15999999999991,False,3.4773000000000023,1.6973000000000003,1.780000000000002,False,0.3561059094946873,0.544633228323374,0.18852731882868673,False,134.33,116.23000000000002,18.099999999999994,True,,,,,10.0,9.0,1.0,True,13.0,9.0,4.0,False
source_identity,mpair_00002583_cond_00_6p,mpair_00002583,eval,6,"MW,LogP,QED,HBD,HBA,RB",CCN(CC)C(=O)OCC1CN(C(=O)c2cc(OC)c(OC)c(OC)c2)CCN1C(=O)c1cc(OC)c(OC)c(OC)c1,COc1cc(C(=O)N2CCN(C(=O)c3cc(OC)c(OC)c(OC)c3)C(CO)C2)cc(OC)c1OC,CCN(CC)C(=O)OCC1CN(C(=O)c2cc(OC)c(OC)c(OC)c2)CCN1C(=O)c1cc(OC)c(OC)c(OC)c1,O=C(c1ccccc1)N1CCN(C(=O)c2ccccc2)CC1,O=C(c1ccccc1)N1CCN(C(=O)c2ccccc2)CC1,True,False,False,,1.0,0.6792452830188679,504.53600000000034,603.6690000000003,99.13299999999998,False,1.6973000000000003,3.1834000000000024,1.4861000000000022,False,0.544633228323374,0.3571777118480848,0.18745551647528924,False,,,,,1.0,0.0,1.0,True,9.0,10.0,1.0,True,9.0,12.0,3.0,False
source_identity,mpair_00002607_cond_00_6p,mpair_00002607,eval,6,"MW,LogP,QED,TPSA,HBA,RB",COc1ccc(C(=O)Nc2ccncc2Cl)c2cccnc12,COc1ccc(C(=O)Nc2c(Cl)cncc2Cl)c2ccc(C(C)=O)nc12,COc1ccc(C(=O)Nc2ccncc2Cl)c2cccnc12,O=C(Nc1ccncc1)c1cccc2ncccc12,O=C(Nc1ccncc1)c1cccc2ncccc12,True,False,False,,1.0,0.5081967213114754,390.22600000000017,313.744,76.48200000000014,False,4.400100000000002,3.544100000000002,0.8559999999999999,True,0.6681926051832562,0.8029165077767629,0.13472390259350675,False,81.17999999999999,64.11,17.069999999999993,True,,,,,5.0,4.0,1.0,True,4.0,3.0,1.0,True
source_identity,mpair_00003214_cond_00_6p,mpair_00003214,eval,6,"MW,QED,TPSA,HBD,HBA,RB",Clc1ccc(Nc2nc(N3CCOCC3)nc3ccccc23)cc1,CC(C)NC(=O)c1ccc2c(Nc3ccc(Cl)cc3)nc(N3CCOCC3)nc2c1,Clc1ccc(Nc2nc(N3CCOCC3)nc3ccccc23)cc1,c1ccc(Nc2nc(N3CCOCC3)nc3ccccc23)cc1,c1ccc(Nc2nc(N3CCOCC3)nc3ccccc23)cc1,True,False,False,,1.0,0.6,425.92000000000024,340.81399999999996,85.10600000000028,False,,,,,0.6427710577069246,0.784150666451108,0.14137960874418343,False,79.38000000000001,50.28,29.10000000000001,False,2.0,1.0,1.0,True,6.0,5.0,1.0,True,5.0,3.0,2.0,False
source_identity,mpair_00002514_cond_01_7p,mpair_00002514,eval,7,"MW,LogP,QED,TPSA,HBD,HBA,RB",CSc1cc(-c2ccc(Cl)cc2)oc(=O)c1Br,CSc1cc(-c2ccc(Cl)cc2)oc(=O)c1C(N)=O,CSc1cc(-c2ccc(Cl)cc2)oc(=O)c1Br,O=c1cccc(-c2ccccc2)o1,O=c1cccc(-c2ccccc2)o1,True,False,False,,1.0,0.627906976744186,295.747,331.61799999999994,35.870999999999924,False,2.7810000000000006,4.444600000000001,1.6636000000000006,False,0.8837306867126842,0.7618841288913729,0.12184655782131126,False,73.30000000000001,30.21,43.09000000000001,False,1.0,0.0,1.0,True,4.0,3.0,1.0,True,3.0,2.0,1.0,True
source_identity,mpair_00002551_cond_02_7p,mpair_00002551,eval,7,"MW,LogP,QED,TPSA,HBD,HBA,RB",CSc1cc(-c2ccc(Cl)cc2)oc(=O)c1C(N)=O,CSc1cc(-c2ccc(Br)cc2)oc(=O)c1Cl,CSc1cc(-c2ccc(Cl)cc2)oc(=O)c1C(N)=O,O=c1cccc(-c2ccccc2)o1,O=c1cccc(-c2ccccc2)o1,True,False,False,,1.0,0.5217391304347826,331.61800000000005,295.747,35.87100000000004,False,4.444600000000002,2.7810000000000006,1.6636000000000015,False,0.7618841288913727,0.8837306867126842,0.12184655782131149,False,30.21,73.30000000000001,43.09000000000001,False,0.0,1.0,1.0,True,3.0,4.0,1.0,True,2.0,3.0,1.0,True
scaffold_property_retrieval,mpair_00000002_cond_01_2p,mpair_00000002,eval,2,"LogP,QED",O=C(c1cccc(Cl)c1)N1C[C@H](CN2CCC(c3ccccc3)CC2)[C@@H](c2ccccc2)C1,O=C(c1ccccc1F)N1C[C@H](CN2CCC(c3ccccc3)CC2)[C@@H](c2ccccc2)C1,O=C(c1cccc(Cl)c1)N1C[C@H](CN2CCC(c3ccccc3)CC2)[C@@H](c2ccccc2)C1,O=C(c1ccccc1)N1C[C@H](CN2CCC(c3ccccc3)CC2)[C@@H](c2ccccc2)C1,O=C(c1ccccc1)N1C[C@H](CN2CCC(c3ccccc3)CC2)[C@@H](c2ccccc2)C1,True,True,True,source_identity,1.0,0.6379310344827587,,,,,5.561100000000006,6.075400000000006,0.5143000000000004,True,0.5164092889512721,0.4625029539066648,0.053906335044607345,True,,,,,,,,,,,,,,,,
scaffold_property_retrieval,mpair_00000005_cond_00_2p,mpair_00000005,eval,2,"HBA,RB",O=C(c1ccccc1F)N1C[C@H](CN2CCC(c3ccccc3)CC2)[C@@H](c2ccccc2)C1,COc1cccc(C(=O)N2C[C@H](CN3CCC(c4ccccc4)CC3)[C@@H](c3ccccc3)C2)c1,O=C(c1ccccc1F)N1C[C@H](CN2CCC(c3ccccc3)CC2)[C@@H](c2ccccc2)C1,O=C(c1ccccc1)N1C[C@H](CN2CCC(c3ccccc3)CC2)[C@@H](c2ccccc2)C1,O=C(c1ccccc1)N1C[C@H](CN2CCC(c3ccccc3)CC2)[C@@H](c2ccccc2)C1,True,True,True,source_identity,1.0,0.6065573770491803,,,,,,,,,,,,,,,,,,,,,3.0,2.0,1.0,True,6.0,5.0,1.0,True
scaffold_property_retrieval,mpair_00000007_cond_01_2p,mpair_00000007,eval,2,"LogP,QED",O=C(c1ccccc1F)N1C[C@H](CN2CCC(c3ccccc3)CC2)[C@@H](c2ccccc2)C1,O=C(c1cccc(Cl)c1)N1C[C@H](CN2CCC(c3ccccc3)CC2)[C@@H](c2ccccc2)C1,O=C(c1ccccc1F)N1C[C@H](CN2CCC(c3ccccc3)CC2)[C@@H](c2ccccc2)C1,O=C(c1ccccc1)N1C[C@H](CN2CCC(c3ccccc3)CC2)[C@@H](c2ccccc2)C1,O=C(c1ccccc1)N1C[C@H](CN2CCC(c3ccccc3)CC2)[C@@H](c2ccccc2)C1,True,True,True,source_identity,1.0,0.6379310344827587,,,,,6.075400000000006,5.561100000000006,0.5143000000000004,True,0.4625029539066648,0.5164092889512721,0.053906335044607345,True,,,,,,,,,,,,,,,,
scaffold_property_retrieval,mpair_00000011_cond_00_2p,mpair_00000011,eval,2,"HBA,RB",COc1cccc(C(=O)N2C[C@H](CN3CCC(c4ccccc4)CC3)[C@@H](c3ccccc3)C2)c1,O=C(c1ccccc1F)N1C[C@H](CN2CCC(c3ccccc3)CC2)[C@@H](c2ccccc2)C1,COc1cccc(C(=O)N2C[C@H](CN3CCC(c4ccccc4)CC3)[C@@H](c3ccccc3)C2)c1,O=C(c1ccccc1)N1C[C@H](CN2CCC(c3ccccc3)CC2)[C@@H](c2ccccc2)C1,O=C(c1ccccc1)N1C[C@H](CN2CCC(c3ccccc3)CC2)[C@@H](c2ccccc2)C1,True,True,True,source_identity,1.0,0.6065573770491803,,,,,,,,,,,,,,,,,,,,,2.0,3.0,1.0,True,5.0,6.0,1.0,True
scaffold_property_retrieval,mpair_00000013_cond_01_2p,mpair_00000013,eval,2,"MW,LogP",COc1cccc(C(=O)N2C[C@H](CN3CCC(c4ccccc4)CC3)[C@@H](c3ccccc3)C2)c1,O=C(c1ccccc1C(F)(F)F)N1C[C@H](CN2CCC(c3ccccc3)CC2)[C@@H](c2ccccc2)C1,COc1cccc(C(=O)N2C[C@H](CN3CCC(c4ccccc4)CC3)[C@@H](c3ccccc3)C2)c1,O=C(c1ccccc1)N1C[C@H](CN2CCC(c3ccccc3)CC2)[C@@H](c2ccccc2)C1,O=C(c1ccccc1)N1C[C@H](CN2CCC(c3ccccc3)CC2)[C@@H](c2ccccc2)C1,True,False,False,source_identity,1.0,0.578125,492.5850000000002,454.61400000000015,37.97100000000006,False,6.4408000000000065,5.430600000000005,1.010200000000001,False,,,,,,,,,,,,,,,,,,,,
scaffold_property_retrieval,mpair_00000021_cond_02_2p,mpair_00000021,eval,2,"TPSA,HBA",N#Cc1ccc(COC[C@H]2C3CC(c4ccc(F)cc4)(CO3)[C@@H]2C/C=C/CCCC(=O)O)cc1,O=C(O)CCC/C=C/C[C@@H]1[C@@H](COCc2ccccc2)C2CC1(c1ccccc1)CO2,N#Cc1ccc(COC[C@H]2C3CC(c4ccc(F)cc4)(CO3)[C@@H]2C/C=C/CCCC(=O)O)cc1,c1ccc(COC[C@@H]2CC3(c4ccccc4)COC2C3)cc1,c1ccc(COC[C@@H]2CC3(c4ccccc4)COC2C3)cc1,True,False,False,source_identity,1.0,0.7391304347826086,,,,,,,,,,,,,55.760000000000005,79.55,23.789999999999992,False,,,,,3.0,4.0,1.0,True,,,,
scaffold_property_retrieval,mpair_00000328_cond_00_2p,mpair_00000328,eval,2,"MW,QED",N[C@@H](C(=O)N[C@@H]1C(=O)N2C(C(=O)O)=C(C(F)(F)F)CC[C@H]12)c1ccc(F)cc1,N[C@@H](C(=O)N[C@@H]1C(=O)N2C(C(=O)O)=C(C(F)(F)F)CC[C@H]12)c1cccc(Br)c1,N[C@@H](C(=O)N[C@@H]1C(=O)N2C(C(=O)O)=C(C(F)(F)F)CC[C@H]12)c1ccc(F)cc1,O=C(Cc1ccccc1)N[C@@H]1C(=O)N2C=CCC[C@H]12,O=C(Cc1ccccc1)N[C@@H]1C(=O)N2C=CCC[C@H]12,True,False,False,source_identity,1.0,0.7377049180327869,462.2220000000001,401.3160000000001,60.906000000000006,False,,,,,0.5917241763797754,0.5187711593734389,0.0729530170063365,True,,,,,,,,,,,,,,,,
scaffold_property_retrieval,mpair_00000337_cond_00_2p,mpair_00000337,eval,2,"MW,LogP",N[C@@H](C(=O)N[C@@H]1C(=O)N2C(C(=O)O)=C(C(F)(F)F)CC[C@H]12)c1cccc(C(F)(F)F)c1,N[C@@H](C(=O)N[C@@H]1C(=O)N2C(C(=O)O)=C(C(F)(F)F)CC[C@H]12)c1ccc(F)cc1,N[C@@H](C(=O)N[C@@H]1C(=O)N2C(C(=O)O)=C(C(F)(F)F)CC[C@H]12)c1cccc(C(F)(F)F)c1,O=C(Cc1ccccc1)N[C@@H]1C(=O)N2C=CCC[C@H]12,O=C(Cc1ccccc1)N[C@@H]1C(=O)N2C=CCC[C@H]12,True,False,False,source_identity,1.0,0.7377049180327869,401.3160000000001,451.3230000000001,50.007000000000005,False,1.2158999999999993,2.0955999999999997,0.8797000000000004,True,,,,,,,,,,,,,,,,,,,,
scaffold_property_retrieval,mpair_00000584_cond_00_2p,mpair_00000584,eval,2,"TPSA,HBD",OC[C@@H]1N[C@@H](CCCCc2ccc(O)cc2)[C@H](O)[C@H]1O,Cc1ccc(CCCC[C@@H]2N[C@@H](CO)[C@H](O)[C@H]2O)cc1,OC[C@@H]1N[C@@H](CCCCc2ccc(O)cc2)[C@H](O)[C@H]1O,c1ccc(CCCC[C@H]2CCCN2)cc1,c1ccc(CCCC[C@H]2CCCN2)cc1,True,False,False,source_identity,1.0,0.7567567567567568,,,,,,,,,,,,,72.72,92.95,20.230000000000004,False,4.0,5.0,1.0,True,,,,,,,,
scaffold_property_retrieval,mpair_00000589_cond_00_2p,mpair_00000589,eval,2,"HBA,RB",COc1ccc(CCCC[C@@H]2N[C@@H](CO)[C@H](O)[C@H]2O)cc1,OC[C@@H]1N[C@@H](CCCCc2ccc(F)cc2)[C@H](O)[C@H]1O,COc1ccc(CCCC[C@@H]2N[C@@H](CO)[C@H](O)[C@H]2O)cc1,c1ccc(CCCC[C@H]2CCCN2)cc1,c1ccc(CCCC[C@H]2CCCN2)cc1,True,True,True,source_identity,1.0,0.6829268292682927,,,,,,,,,,,,,,,,,,,,,4.0,5.0,1.0,True,6.0,7.0,1.0,True
scaffold_property_retrieval,mpair_00000590_cond_02_2p,mpair_00000590,eval,2,"HBD,RB",OC[C@@H]1N[C@@H](CCCCc2ccc(O)cc2)[C@H](O)[C@H]1O,COc1ccc(CCCC[C@@H]2N[C@@H](CO)[C@H](O)[C@H]2O)cc1,OC[C@@H]1N[C@@H](CCCCc2ccc(O)cc2)[C@H](O)[C@H]1O,c1ccc(CCCC[C@H]2CCCN2)cc1,c1ccc(CCCC[C@H]2CCCN2)cc1,True,True,True,source_identity,1.0,0.7,,,,,,,,,,,,,,,,,4.0,5.0,1.0,True,,,,,7.0,6.0,1.0,True
scaffold_property_retrieval,mpair_00000592_cond_02_2p,mpair_00000592,eval,2,"HBA,RB",COc1ccc(CCCC[C@@H]2N[C@@H](CO)[C@H](O)[C@H]2O)cc1,Cc1ccc(CCCC[C@@H]2N[C@@H](CO)[C@H](O)[C@H]2O)cc1,COc1ccc(CCCC[C@@H]2N[C@@H](CO)[C@H](O)[C@H]2O)cc1,c1ccc(CCCC[C@H]2CCCN2)cc1,c1ccc(CCCC[C@H]2CCCN2)cc1,True,True,True,source_identity,1.0,0.725,,,,,,,,,,,,,,,,,,,,,4.0,5.0,1.0,True,6.0,7.0,1.0,True
scaffold_property_retrieval,mpair_00000594_cond_01_2p,mpair_00000594,eval,2,"HBA,RB",COc1ccc(CCCC[C@@H]2N[C@@H](CO)[C@H](O)[C@H]2O)cc1,OC[C@@H]1N[C@@H](CCCCc2cc(F)cc(F)c2)[C@H](O)[C@H]1O,COc1ccc(CCCC[C@@H]2N[C@@H](CO)[C@H](O)[C@H]2O)cc1,c1ccc(CCCC[C@H]2CCCN2)cc1,c1ccc(CCCC[C@H]2CCCN2)cc1,True,True,True,source_identity,1.0,0.5681818181818182,,,,,,,,,,,,,,,,,,,,,4.0,5.0,1.0,True,6.0,7.0,1.0,True
scaffold_property_retrieval,mpair_00000596_cond_02_2p,mpair_00000596,eval,2,"HBA,RB",OC[C@@H]1N[C@@H](CCCCc2ccc(F)cc2)[C@H](O)[C@H]1O,COc1ccc(CCCC[C@@H]2N[C@@H](CO)[C@H](O)[C@H]2O)cc1,OC[C@@H]1N[C@@H](CCCCc2ccc(F)cc2)[C@H](O)[C@H]1O,c1ccc(CCCC[C@H]2CCCN2)cc1,c1ccc(CCCC[C@H]2CCCN2)cc1,True,True,True,source_identity,1.0,0.6829268292682927,,,,,,,,,,,,,,,,,,,,,5.0,4.0,1.0,True,7.0,6.0,1.0,True
scaffold_property_retrieval,mpair_00000724_cond_02_2p,mpair_00000724,eval,2,"MW,RB",C=CCc1cc(/C=C2\SC(=O)N(CC=C(C)C)C2=O)c(OC)cc1OC1CCCCO1,C=CCc1cc(/C=C2\SC(=O)N(C)C2=O)c(OC)cc1OC1CCCCO1,C=CCc1cc(/C=C2\SC(=O)N(CC=C(C)C)C2=O)c(OC)cc1OC1CCCCO1,O=C1NC(=O)/C(=C/c2ccc(OC3CCCCO3)cc2)S1,O=C1NC(=O)/C(=C/c2ccc(OC3CCCCO3)cc2)S1,True,False,False,source_identity,1.0,0.7761194029850746,389.4730000000002,443.5650000000003,54.0920000000001,False,,,,,,,,,,,,,,,,,,,,,6.0,8.0,2.0,False
scaffold_property_retrieval,mpair_00000729_cond_00_2p,mpair_00000729,eval,2,"LogP,QED",C=CCc1cc(/C=C2\SC(=O)N(CC=C(C)C)C2=O)c(OC)cc1OC1CCCCO1,C=CCc1cc(/C=C2\SC(=O)N(CC=C)C2=O)c(OC)cc1OC1CCCCO1,C=CCc1cc(/C=C2\SC(=O)N(CC=C(C)C)C2=O)c(OC)cc1OC1CCCCO1,O=C1NC(=O)/C(=C/c2ccc(OC3CCCCO3)cc2)S1,O=C1NC(=O)/C(=C/c2ccc(OC3CCCCO3)cc2)S1,True,True,True,source_identity,1.0,0.8615384615384616,,,,,4.551400000000004,5.331600000000005,0.7802000000000016,True,0.45838471716690443,0.3995752918375223,0.05880942532938216,True,,,,,,,,,,,,,,,,
scaffold_property_retrieval,mpair_00000731_cond_00_2p,mpair_00000731,eval,2,"QED,RB",C=CCc1cc(/C=C2\SC(=O)N(C(C)C)C2=O)c(OC)cc1OC1CCCCO1,C=CCc1cc(/C=C2\SC(=O)N(CC=C(C)C)C2=O)c(OC)cc1OC1CCCCO1,C=CCc1cc(/C=C2\SC(=O)N(C(C)C)C2=O)c(OC)cc1OC1CCCCO1,O=C1NC(=O)/C(=C/c2ccc(OC3CCCCO3)cc2)S1,O=C1NC(=O)/C(=C/c2ccc(OC3CCCCO3)cc2)S1,True,True,True,source_identity,1.0,0.7183098591549296,,,,,,,,,0.3995752918375223,0.4701504427149941,0.07057515087747185,True,,,,,,,,,,,,,8.0,7.0,1.0,True
scaffold_property_retrieval,mpair_00000734_cond_01_2p,mpair_00000734,eval,2,"LogP,QED",C=CCc1cc(/C=C2\SC(=O)N(CCCC)C2=O)c(OC)cc1OC1CCCCO1,C=CCc1cc(/C=C2\SC(=O)N(C)C2=O)c(OC)cc1OC1CCCCO1,C=CCc1cc(/C=C2\SC(=O)N(CCCC)C2=O)c(OC)cc1OC1CCCCO1,O=C1NC(=O)/C(=C/c2ccc(OC3CCCCO3)cc2)S1,O=C1NC(=O)/C(=C/c2ccc(OC3CCCCO3)cc2)S1,True,False,False,source_identity,1.0,0.7878787878787878,,,,,3.9952000000000023,5.165500000000004,1.170300000000002,False,0.5413211960634129,0.39718598618589046,0.14413520987752243,False,,,,,,,,,,,,,,,,
scaffold_property_retrieval,mpair_00000736_cond_02_2p,mpair_00000736,eval,2,"QED,RB",C=CCc1cc(/C=C2\SC(=O)N(CCCC)C2=O)c(OC)cc1OC1CCCCO1,C=CCc1cc(/C=C2\SC(=O)N(C(C)C)C2=O)c(OC)cc1OC1CCCCO1,C=CCc1cc(/C=C2\SC(=O)N(CCCC)C2=O)c(OC)cc1OC1CCCCO1,O=C1NC(=O)/C(=C/c2ccc(OC3CCCCO3)cc2)S1,O=C1NC(=O)/C(=C/c2ccc(OC3CCCCO3)cc2)S1,True,False,False,source_identity,1.0,0.7285714285714285,,,,,,,,,0.4701504427149941,0.39718598618589046,0.07296445652910366,True,,,,,,,,,,,,,7.0,9.0,2.0,False
scaffold_property_retrieval,mpair_00000738_cond_01_2p,mpair_00000738,eval,2,"LogP,RB",C=CCc1cc(/C=C2\SC(=O)N(C(C)C)C2=O)c(OC)cc1OC1CCCCO1,C=CCc1cc(/C=C2\SC(=O)N(C)C2=O)c(OC)cc1OC1CCCCO1,C=CCc1cc(/C=C2\SC(=O)N(C(C)C)C2=O)c(OC)cc1OC1CCCCO1,O=C1NC(=O)/C(=C/c2ccc(OC3CCCCO3)cc2)S1,O=C1NC(=O)/C(=C/c2ccc(OC3CCCCO3)cc2)S1,True,True,True,source_identity,1.0,0.796875,,,,,3.9952000000000023,4.773800000000004,0.7786000000000017,True,,,,,,,,,,,,,,,,,6.0,7.0,1.0,True
scaffold_property_retrieval,mpair_00000742_cond_01_2p,mpair_00000742,eval,2,"MW,RB",C=CCc1cc(/C=C2\SC(=O)N(C)C2=O)c(OC)cc1OC1CCCCO1,C=CCc1cc(/C=C2\SC(=O)N(CC=C(C)C)C2=O)c(OC)cc1OC1CCCCO1,C=CCc1cc(/C=C2\SC(=O)N(C)C2=O)c(OC)cc1OC1CCCCO1,O=C1NC(=O)/C(=C/c2ccc(OC3CCCCO3)cc2)S1,O=C1NC(=O)/C(=C/c2ccc(OC3CCCCO3)cc2)S1,True,False,False,source_identity,1.0,0.7761194029850746,443.5650000000003,389.4730000000002,54.0920000000001,False,,,,,,,,,,,,,,,,,,,,,8.0,6.0,2.0,False
scaffold_property_retrieval,mpair_00000745_cond_00_2p,mpair_00000745,eval,2,"QED,HBD",C=CCc1cc(/C=C2\SC(=O)N(C)C2=O)c(OC)cc1OC1CCCCO1,C=CCc1cc(/C=C2\SC(=O)NC2=O)c(OC)cc1OC1CCCCO1,C=CCc1cc(/C=C2\SC(=O)N(C)C2=O)c(OC)cc1OC1CCCCO1,O=C1NC(=O)/C(=C/c2ccc(OC3CCCCO3)cc2)S1,O=C1NC(=O)/C(=C/c2ccc(OC3CCCCO3)cc2)S1,True,True,True,source_identity,1.0,0.71875,,,,,,,,,0.6042673504148035,0.5413211960634129,0.06294615435139062,True,,,,,1.0,0.0,1.0,True,,,,,,,,
scaffold_property_retrieval,mpair_00000750_cond_01_2p,mpair_00000750,eval,2,"MW,HBA",COC(=O)C[C@@H]1CC(=O)N2[C@H](Cc3c[nH]c4ccccc34)CO[C@@H]2C1,O=C1CCC[C@H]2OC[C@@H](Cc3c[nH]c4ccccc34)N12,COC(=O)C[C@@H]1CC(=O)N2[C@H](Cc3c[nH]c4ccccc34)CO[C@@H]2C1,O=C1CCC[C@H]2OC[C@@H](Cc3c[nH]c4ccccc34)N12,O=C1CCC[C@H]2OC[C@@H](Cc3c[nH]c4ccccc34)N12,True,False,False,source_identity,1.0,0.578125,270.33200000000005,342.39500000000015,72.0630000000001,False,,,,,,,,,,,,,,,,,2.0,4.0,2.0,False,,,,
scaffold_property_retrieval,mpair_00000752_cond_01_2p,mpair_00000752,eval,2,"TPSA,HBA",CC[C@H]1CCC(=O)N2[C@H](Cc3c[nH]c4ccccc34)CO[C@H]12,COC(=O)C[C@@H]1CC(=O)N2[C@H](Cc3c[nH]c4ccccc34)CO[C@@H]2C1,CC[C@H]1CCC(=O)N2[C@H](Cc3c[nH]c4ccccc34)CO[C@H]12,O=C1CCC[C@H]2OC[C@@H](Cc3c[nH]c4ccccc34)N12,O=C1CCC[C@H]2OC[C@@H](Cc3c[nH]c4ccccc34)N12,True,False,False,source_identity,1.0,0.5072463768115942,,,,,,,,,,,,,71.63000000000001,45.33,26.30000000000001,False,,,,,4.0,2.0,2.0,False,,,,
scaffold_property_retrieval,mpair_00000755_cond_02_2p,mpair_00000755,eval,2,"LogP,RB",CC[C@H]1CCC(=O)N2[C@H](Cc3c[nH]c4ccccc34)CO[C@H]12,O=C1CCC[C@H]2OC[C@@H](Cc3c[nH]c4ccccc34)N12,CC[C@H]1CCC(=O)N2[C@H](Cc3c[nH]c4ccccc34)CO[C@H]12,O=C1CCC[C@H]2OC[C@@H](Cc3c[nH]c4ccccc34)N12,O=C1CCC[C@H]2OC[C@@H](Cc3c[nH]c4ccccc34)N12,True,True,True,source_identity,1.0,0.6607142857142857,,,,,2.447800000000001,3.0839000000000016,0.6361000000000008,True,,,,,,,,,,,,,,,,,2.0,3.0,1.0,True
scaffold_property_retrieval,mpair_00000757_cond_01_2p,mpair_00000757,eval,2,"LogP,RB",COc1cccc(-c2cncc(O[C@@H]3CCNC3)c2)c1,Clc1cccc(-c2cncc(O[C@@H]3CCNC3)c2)c1,COc1cccc(-c2cncc(O[C@@H]3CCNC3)c2)c1,c1ccc(-c2cncc(O[C@@H]3CCNC3)c2)cc1,c1ccc(-c2cncc(O[C@@H]3CCNC3)c2)cc1,True,True,True,source_identity,1.0,0.7446808510638298,,,,,3.1427000000000014,2.4979000000000005,0.6448000000000009,True,,,,,,,,,,,,,,,,,3.0,4.0,1.0,True
scaffold_property_retrieval,mpair_00000759_cond_02_2p,mpair_00000759,eval,2,"MW,LogP",c1ccc(-c2cncc(O[C@@H]3CCNC3)c2)cc1,Clc1cccc(-c2cc(O[C@@H]3CCNC3)cnc2Cl)c1,c1ccc(-c2cncc(O[C@@H]3CCNC3)c2)cc1,c1ccc(-c2cncc(O[C@@H]3CCNC3)c2)cc1,c1ccc(-c2cncc(O[C@@H]3CCNC3)c2)cc1,True,False,False,source_identity,1.0,0.5192307692307693,309.196,240.30599999999998,68.89000000000004,False,3.796100000000002,2.4893,1.3068000000000017,False,,,,,,,,,,,,,,,,,,,,
scaffold_property_retrieval,mpair_00000761_cond_01_2p,mpair_00000761,eval,2,"HBA,RB",c1ccc(-c2cncc(O[C@@H]3CCNC3)c2)cc1,COc1cccc(-c2cncc(O[C@@H]3CCNC3)c2)c1,c1ccc(-c2cncc(O[C@@H]3CCNC3)c2)cc1,c1ccc(-c2cncc(O[C@@H]3CCNC3)c2)cc1,c1ccc(-c2cncc(O[C@@H]3CCNC3)c2)cc1,True,True,True,source_identity,1.0,0.75,,,,,,,,,,,,,,,,,,,,,4.0,3.0,1.0,True,4.0,3.0,1.0,True
scaffold_property_retrieval,mpair_00000764_cond_00_2p,mpair_00000764,eval,2,"LogP,QED",Clc1cccc(-c2cc(O[C@@H]3CCNC3)cnc2Cl)c1,Clc1cccc(-c2cncc(O[C@@H]3CCNC3)c2)c1,Clc1cccc(-c2cc(O[C@@H]3CCNC3)cnc2Cl)c1,c1ccc(-c2cncc(O[C@@H]3CCNC3)c2)cc1,c1ccc(-c2cncc(O[C@@H]3CCNC3)c2)cc1,True,True,True,source_identity,1.0,0.68,,,,,3.1427000000000014,3.796100000000002,0.6534000000000004,True,0.9336391660075258,0.8758671086324237,0.05777205737510216,True,,,,,,,,,,,,,,,,
scaffold_property_retrieval,mpair_00001114_cond_01_2p,mpair_00001114,eval,2,"QED,HBD",COc1ccc(N2CCN(CCC3NC(=O)c4ccccc43)CC2)cc1,COc1ccc(N2CCN(CCC3c4ccccc4C(=O)N3C)CC2)cc1,COc1ccc(N2CCN(CCC3NC(=O)c4ccccc43)CC2)cc1,O=C1NC(CCN2CCN(c3ccccc3)CC2)c2ccccc21,O=C1NC(CCN2CCN(c3ccccc3)CC2)c2ccccc21,True,True,True,source_identity,1.0,0.6545454545454545,,,,,,,,,0.8160326048332845,0.8996022198661571,0.08356961503287252,True,,,,,0.0,1.0,1.0,True,,,,,,,,
scaffold_property_retrieval,mpair_00001116_cond_02_2p,mpair_00001116,eval,2,"HBA,RB",COc1ccc(N2CCN(CCC3NC(=O)c4ccccc43)CC2)cc1,O=C1NC(CCN2CCN(c3ccccc3)CC2)c2ccccc21,COc1ccc(N2CCN(CCC3NC(=O)c4ccccc43)CC2)cc1,O=C1NC(CCN2CCN(c3ccccc3)CC2)c2ccccc21,O=C1NC(CCN2CCN(c3ccccc3)CC2)c2ccccc21,True,True,True,source_identity,1.0,0.7708333333333334,,,,,,,,,,,,,,,,,,,,,3.0,4.0,1.0,True,4.0,5.0,1.0,True
scaffold_property_retrieval,mpair_00001120_cond_00_2p,mpair_00001120,eval,2,"QED,HBD",CN1C(=O)c2ccccc2C1CCN1CCN(c2ccc(Cl)cc2)CC1,Cc1ccc(N2CCN(CCC3NC(=O)c4ccccc43)CC2)cc1C,CN1C(=O)c2ccccc2C1CCN1CCN(c2ccc(Cl)cc2)CC1,O=C1NC(CCN2CCN(c3ccccc3)CC2)c2ccccc21,O=C1NC(CCN2CCN(c3ccccc3)CC2)c2ccccc21,True,True,True,source_identity,1.0,0.45901639344262296,,,,,,,,,0.9198864151307602,0.8221231339252668,0.09776328120549338,True,,,,,1.0,0.0,1.0,True,,,,,,,,
scaffold_property_retrieval,mpair_00001121_cond_02_2p,mpair_00001121,eval,2,"QED,HBD",O=C1NC(CCN2CCN(c3ccccc3)CC2)c2ccccc21,CN1C(=O)c2ccccc2C1CCN1CCN(c2ccc(Cl)cc2)CC1,O=C1NC(CCN2CCN(c3ccccc3)CC2)c2ccccc21,O=C1NC(CCN2CCN(c3ccccc3)CC2)c2ccccc21,O=C1NC(CCN2CCN(c3ccccc3)CC2)c2ccccc21,True,False,False,source_identity,1.0,0.4909090909090909,,,,,,,,,0.8221231339252668,0.9403172855884846,0.11819415166321778,False,,,,,0.0,1.0,1.0,True,,,,,,,,
scaffold_property_retrieval,mpair_00001124_cond_00_2p,mpair_00001124,eval,2,"LogP,RB",COc1ccc(N2CCN(CCC3NC(=O)c4ccccc43)CC2)cc1,Cc1ccc(N2CCN(CCC3NC(=O)c4ccccc43)CC2)cc1C,COc1ccc(N2CCN(CCC3NC(=O)c4ccccc43)CC2)cc1,O=C1NC(CCN2CCN(c3ccccc3)CC2)c2ccccc21,O=C1NC(CCN2CCN(c3ccccc3)CC2)c2ccccc21,True,True,True,source_identity,1.0,0.7037037037037037,,,,,3.3002400000000023,2.692000000000001,0.6082400000000012,True,,,,,,,,,,,,,,,,,4.0,5.0,1.0,True
scaffold_property_retrieval,mpair_00001128_cond_00_2p,mpair_00001128,eval,2,"LogP,RB",CN1C(=O)c2ccccc2C1CCN1CCN(c2ccc(Cl)cc2)CC1,COc1ccc(N2CCN(CCC3c4ccccc4C(=O)N3C)CC2)cc1,CN1C(=O)c2ccccc2C1CCN1CCN(c2ccc(Cl)cc2)CC1,O=C1NC(CCN2CCN(c3ccccc3)CC2)c2ccccc21,O=C1NC(CCN2CCN(c3ccccc3)CC2)c2ccccc21,True,True,True,source_identity,1.0,0.76,,,,,3.034200000000002,3.679000000000003,0.6448000000000009,True,,,,,,,,,,,,,,,,,5.0,4.0,1.0,True
scaffold_property_retrieval,mpair_00001129_cond_02_2p,mpair_00001129,eval,2,"QED,HBD",Cc1ccc(N2CCN(CCC3NC(=O)c4ccccc43)CC2)cc1C,CN1C(=O)c2ccccc2C1CCN1CCN(c2ccc(Cl)cc2)CC1,Cc1ccc(N2CCN(CCC3NC(=O)c4ccccc43)CC2)cc1C,O=C1NC(CCN2CCN(c3ccccc3)CC2)c2ccccc21,O=C1NC(CCN2CCN(c3ccccc3)CC2)c2ccccc21,True,True,True,source_identity,1.0,0.45901639344262296,,,,,,,,,0.8221231339252668,0.9198864151307602,0.09776328120549338,True,,,,,0.0,1.0,1.0,True,,,,,,,,
scaffold_property_retrieval,mpair_00001132_cond_01_2p,mpair_00001132,eval,2,"QED,TPSA",O=C(Cc1ccccc1[N+](=O)[O-])NCCC1CCN(CC2COc3ccccc3O2)CC1,COc1ccccc1CC(=O)NCCC1CCN(CC2COc3ccccc3O2)CC1,O=C(Cc1ccccc1[N+](=O)[O-])NCCC1CCN(CC2COc3ccccc3O2)CC1,O=C(Cc1ccccc1)NCCC1CCN(CC2COc3ccccc3O2)CC1,O=C(Cc1ccccc1)NCCC1CCN(CC2COc3ccccc3O2)CC1,True,False,False,source_identity,1.0,0.7164179104477612,,,,,,,,,0.7047088784600517,0.5015202818225966,0.20318859663745514,False,60.03,93.94,33.91,False,,,,,,,,,,,,
scaffold_property_retrieval,mpair_00001135_cond_02_2p,mpair_00001135,eval,2,"MW,LogP",Fc1ccc(N2CCN(c3nc4ccsc4n4cccc34)CC2)cc1,FC(F)(F)c1cccc(N2CCN(c3nc4ccsc4n4cccc34)CC2)c1,Clc1ccc(N2CCN(c3nc4ccsc4n4cccc34)CC2)cc1,c1ccc(N2CCN(c3nc4ccsc4n4cccc34)CC2)cc1,c1ccc(N2CCN(c3nc4ccsc4n4cccc34)CC2)cc1,True,True,True,,0.7872340425531915,0.6363636363636364,402.4450000000001,368.89300000000014,33.551999999999964,True,4.894400000000004,4.5290000000000035,0.36540000000000017,True,,,,,,,,,,,,,,,,,,,,
scaffold_property_retrieval,mpair_00001633_cond_01_2p,mpair_00001633,eval,2,"MW,QED",C=CCC1(C(C)C#CCC)C(=O)NC(=O)N(C)C1=O,C=C(Br)CC1(C(C)C)C(=O)NC(=O)N(C)C1=O,CCC(C)C1(CC)C(=O)NC(=O)NC1=O,O=C1CC(=O)NC(=O)N1,O=C1CC(=O)NC(=O)N1,True,False,False,,0.2708333333333333,0.27906976744186046,303.15600000000006,212.249,90.90700000000007,False,,,,,0.8059749860896003,0.6791427219817272,0.12683226410787307,False,,,,,,,,,,,,,,,,
scaffold_property_retrieval,mpair_00002258_cond_00_2p,mpair_00002258,eval,2,"LogP,QED",Cc1cccc(C)c1NC(=O)c1c(C)n(-c2c(C)cccc2C)c(C)cc1=O,Cc1ccccc1NC(=O)c1c(C)n(-c2ccccc2C)c(C)cc1=O,Cc1c(Br)c(=O)c(C(=O)Nc2ccccc2)c(C)n1-c1ccccc1,O=C(Nc1ccccc1)c1cn(-c2ccccc2)ccc1=O,O=C(Nc1ccccc1)c1cn(-c2ccccc2)ccc1=O,True,True,True,,0.34545454545454546,0.35714285714285715,,,,,4.3234800000000035,4.469140000000003,0.14565999999999946,True,0.7675628277357767,0.709239916031685,0.05832291170409165,True,,,,,,,,,,,,,,,,
scaffold_property_retrieval,mpair_00002259_cond_02_2p,mpair_00002259,eval,2,"LogP,QED",Cc1ccccc1NC(=O)c1c(C)n(-c2ccccc2C)c(C)cc1=O,Cc1cccc(C)c1NC(=O)c1c(C)n(-c2c(C)cccc2C)c(C)cc1=O,Cc1c(Br)c(=O)c(C(=O)Nc2ccccc2)c(C)n1-c1ccccc1,O=C(Nc1ccccc1)c1cn(-c2ccccc2)ccc1=O,O=C(Nc1ccccc1)c1cn(-c2ccccc2)ccc1=O,True,True,True,,0.35714285714285715,0.34545454545454546,,,,,4.940320000000004,4.469140000000003,0.47118000000000126,True,0.7058233303377046,0.709239916031685,0.0034165856939804007,True,,,,,,,,,,,,,,,,
scaffold_property_retrieval,mpair_00002372_cond_02_2p,mpair_00002372,eval,2,"HBA,RB",CCCCCNC(=O)Nc1c(SCCCn2cnc(-c3ccccc3)c2C)cccc1N(C)C,CCCCCNC(=O)Nc1c(C)cccc1SCCCn1cnc(-c2ccccc2)c1C,CCCCCNC(=O)Nc1c(SCCCn2cnc(-c3ccccc3)c2C)cccc1N(C)C,c1ccc(SCCCn2cnc(-c3ccccc3)c2)cc1,c1ccc(SCCCn2cnc(-c3ccccc3)c2)cc1,True,True,True,source_identity,1.0,0.8208955223880597,,,,,,,,,,,,,,,,,,,,,4.0,5.0,1.0,True,11.0,12.0,1.0,True
scaffold_property_retrieval,mpair_00002462_cond_00_2p,mpair_00002462,eval,2,"TPSA,RB",COc1cc(NC(=O)c2cc(OCCCN(C)C)nn2Cc2ccccc2)cc(OC)c1OC,COc1ccc(NC(=O)c2cc(OCCCN(C)C)nn2Cc2ccccc2)cc1,COc1cc(NC(=O)c2cc(OCCCN(C)C)nn2Cc2ccccc2)cc(OC)c1OC,O=C(Nc1ccccc1)c1ccnn1Cc1ccccc1,O=C(Nc1ccccc1)c1ccnn1Cc1ccccc1,True,False,False,source_identity,1.0,0.7741935483870968,,,,,,,,,,,,,68.62,87.08000000000001,18.460000000000008,True,,,,,,,,,10.0,12.0,2.0,False
scaffold_property_retrieval,mpair_00002465_cond_00_2p,mpair_00002465,eval,2,"HBA,RB",CN(C)CCCOc1cc(C(=O)Nc2ccc(OC(F)(F)F)cc2)n(Cc2ccccc2)n1,CN(C)CCCOc1cc(C(=O)Nc2cccc(Cl)c2)n(Cc2ccccc2)n1,CN(C)CCCOc1cc(C(=O)Nc2ccc(OC(F)(F)F)cc2)n(Cc2ccccc2)n1,O=C(Nc1ccccc1)c1ccnn1Cc1ccccc1,O=C(Nc1ccccc1)c1ccnn1Cc1ccccc1,True,True,True,source_identity,1.0,0.696969696969697,,,,,,,,,,,,,,,,,,,,,5.0,6.0,1.0,True,9.0,10.0,1.0,True
scaffold_property_retrieval,mpair_00002469_cond_01_2p,mpair_00002469,eval,2,"TPSA,HBA",COc1ccc(NC(=O)c2cc(OCCCN(C)C)nn2Cc2ccccc2)cc1,COc1cc(NC(=O)c2cc(OCCCN(C)C)nn2Cc2ccccc2)cc(OC)c1OC,COc1ccc(NC(=O)c2cc(OCCCN(C)C)nn2Cc2ccccc2)cc1,O=C(Nc1ccccc1)c1ccnn1Cc1ccccc1,O=C(Nc1ccccc1)c1ccnn1Cc1ccccc1,True,False,False,source_identity,1.0,0.7741935483870968,,,,,,,,,,,,,87.08000000000001,68.62,18.460000000000008,True,,,,,8.0,6.0,2.0,False,,,,
scaffold_property_retrieval,mpair_00002475_cond_01_2p,mpair_00002475,eval,2,"TPSA,RB",CN(C)CCCOc1cc(C(=O)Nc2ccc(OC(F)(F)F)cc2)n(Cc2ccccc2)n1,COc1cc(NC(=O)c2cc(OCCCN(C)C)nn2Cc2ccccc2)cc(OC)c1OC,CN(C)CCCOc1cc(C(=O)Nc2ccc(OC(F)(F)F)cc2)n(Cc2ccccc2)n1,O=C(Nc1ccccc1)c1ccnn1Cc1ccccc1,O=C(Nc1ccccc1)c1ccnn1Cc1ccccc1,True,False,False,source_identity,1.0,0.6764705882352942,,,,,,,,,,,,,87.08000000000001,68.62,18.460000000000008,True,,,,,,,,,12.0,10.0,2.0,False
scaffold_property_retrieval,mpair_00002480_cond_00_2p,mpair_00002480,eval,2,"LogP,QED",CN(C)CCCOc1cc(C(=O)Nc2cc(F)cc(C(F)(F)F)c2)n(Cc2ccccc2)n1,CN(C)CCCOc1cc(C(=O)Nc2cccc(Cl)c2)n(Cc2ccccc2)n1,CN(C)CCCOc1cc(C(=O)Nc2cc(F)cc(C(F)(F)F)c2)n(Cc2ccccc2)n1,O=C(Nc1ccccc1)c1ccnn1Cc1ccccc1,O=C(Nc1ccccc1)c1ccnn1Cc1ccccc1,True,False,False,source_identity,1.0,0.6764705882352942,,,,,4.167600000000003,4.672100000000003,0.5045000000000002,True,0.5357556879239462,0.369385517709234,0.16637017021471223,False,,,,,,,,,,,,,,,,
scaffold_property_retrieval,mpair_00002482_cond_02_2p,mpair_00002482,eval,2,"LogP,QED",COc1ccc(NC(=O)c2cc(OCCCN(C)C)nn2Cc2ccccc2)cc1,CN(C)CCCOc1cc(C(=O)Nc2ccc(OC(F)(F)F)cc2)n(Cc2ccccc2)n1,COc1ccc(NC(=O)c2cc(OCCCN(C)C)nn2Cc2ccccc2)cc1,O=C(Nc1ccccc1)c1ccnn1Cc1ccccc1,O=C(Nc1ccccc1)c1ccnn1Cc1ccccc1,True,True,True,source_identity,1.0,0.8064516129032258,,,,,4.412800000000003,3.522800000000002,0.8900000000000015,True,0.4522382232340766,0.5200250404910086,0.06778681725693203,True,,,,,,,,,,,,,,,,
scaffold_property_retrieval,mpair_00002486_cond_02_2p,mpair_00002486,eval,2,"QED,HBA",CN(C)CCCOc1cc(C(=O)Nc2cccc(Cl)c2)n(Cc2ccccc2)n1,CN(C)CCCOc1cc(C(=O)Nc2ccc(OC(F)(F)F)cc2)n(Cc2ccccc2)n1,CN(C)CCCOc1cc(C(=O)Nc2cccc(Cl)c2)n(Cc2ccccc2)n1,O=C(Nc1ccccc1)c1ccnn1Cc1ccccc1,O=C(Nc1ccccc1)c1ccnn1Cc1ccccc1,True,True,True,source_identity,1.0,0.696969696969697,,,,,,,,,0.4522382232340766,0.5357556879239462,0.08351746468986965,True,,,,,,,,,6.0,5.0,1.0,True,,,,
scaffold_property_retrieval,mpair_00002490_cond_01_2p,mpair_00002490,eval,2,"TPSA,HBA",CCOC(=O)c1cc(C(C)O)cn1S(=O)(=O)c1cc(Cl)ccc1N,C=Cc1cc(C(=O)OCC)n(S(=O)(=O)c2cc(Cl)ccc2N)c1,N/C(S)=N/N=C/c1cccn1S(=O)(=O)c1ccccc1,O=S(=O)(c1ccccc1)n1cccc1,O=S(=O)(c1ccccc1)n1cccc1,True,True,True,,0.14473684210526316,0.16,,,,,,,,,,,,,91.39,89.81,1.5799999999999983,True,,,,,6.0,5.0,1.0,True,,,,
scaffold_property_retrieval,mpair_00002494_cond_01_2p,mpair_00002494,eval,2,"MW,LogP",O=C1C(Nc2ccccc2)=C(Cl)C(=O)c2ncncc21,O=C1C(Nc2cccc(Br)c2)=C(Cl)C(=O)c2ncncc21,O=C1C(Nc2cccc(Cl)c2)=C(Cl)C(=O)c2ncncc21,O=C1C(Nc2ccccc2)=CC(=O)c2ncncc21,O=C1C(Nc2ccccc2)=CC(=O)c2ncncc21,True,False,False,,0.7619047619047619,0.7777777777777778,364.58600000000007,320.135,44.45100000000008,False,3.180600000000001,3.0715000000000003,0.10910000000000064,True,,,,,,,,,,,,,,,,,,,,
scaffold_property_retrieval,mpair_00002496_cond_00_2p,mpair_00002496,eval,2,"MW,LogP",O=C1C(Nc2ccccc2)=C(Cl)C(=O)c2ncncc21,O=C1C(Nc2ccc(Br)cc2)=C(Cl)C(=O)c2ncncc21,O=C1C(Nc2cccc(Cl)c2)=C(Cl)C(=O)c2ncncc21,O=C1C(Nc2ccccc2)=CC(=O)c2ncncc21,O=C1C(Nc2ccccc2)=CC(=O)c2ncncc21,True,False,False,,0.7619047619047619,0.6521739130434783,364.58600000000007,320.135,44.45100000000008,False,3.180600000000001,3.0715000000000003,0.10910000000000064,True,,,,,,,,,,,,,,,,,,,,
scaffold_property_retrieval,mpair_00002497_cond_02_2p,mpair_00002497,eval,2,"MW,LogP",O=C1C(Nc2ccc(Br)cc2)=C(Cl)C(=O)c2ncncc21,O=C1C(Nc2ccccc2)=C(Cl)C(=O)c2ncncc21,Cc1ccc(NC2=C(Cl)C(=O)c3ncncc3C2=O)cc1,O=C1C(Nc2ccccc2)=CC(=O)c2ncncc21,O=C1C(Nc2ccccc2)=CC(=O)c2ncncc21,True,True,True,,0.7619047619047619,0.7560975609756098,285.69,299.71700000000004,14.027000000000044,True,2.4181,2.7265200000000007,0.3084200000000008,True,,,,,,,,,,,,,,,,,,,,
scaffold_property_retrieval,mpair_00002501_cond_01_2p,mpair_00002501,eval,2,"LogP,RB",CCc1ccc(NC2=C(Cl)C(=O)c3ncncc3C2=O)cc1,O=C1C(Nc2ccccc2)=C(Cl)C(=O)c2ncncc21,Cc1ccc(NC2=C(Cl)C(=O)c3ncncc3C2=O)cc1,O=C1C(Nc2ccccc2)=CC(=O)c2ncncc21,O=C1C(Nc2ccccc2)=CC(=O)c2ncncc21,True,True,True,,0.75,0.7560975609756098,,,,,2.4181,2.7265200000000007,0.3084200000000008,True,,,,,,,,,,,,,,,,,2.0,2.0,0.0,True
scaffold_property_retrieval,mpair_00002504_cond_01_2p,mpair_00002504,eval,2,"HBA,RB",COc1ccc(C(=O)CN2c3ccccc3C(=O)N(Cc3ccccc3)S2(=O)=O)cc1,Cc1ccc(C(=O)CN2c3ccccc3C(=O)N(Cc3ccccc3)S2(=O)=O)cc1,COc1ccc(C(=O)CN2c3ccccc3C(=O)N(Cc3ccccc3)S2(=O)=O)cc1,O=C(CN1c2ccccc2C(=O)N(Cc2ccccc2)S1(=O)=O)c1ccccc1,O=C(CN1c2ccccc2C(=O)N(Cc2ccccc2)S1(=O)=O)c1ccccc1,True,True,True,source_identity,1.0,0.7843137254901961,,,,,,,,,,,,,,,,,,,,,4.0,5.0,1.0,True,5.0,6.0,1.0,True
scaffold_property_retrieval,mpair_00002506_cond_02_2p,mpair_00002506,eval,2,"HBA,RB",Cc1ccc(C(=O)CN2c3ccccc3C(=O)N(Cc3ccccc3)S2(=O)=O)cc1,COc1ccc(C(=O)CN2c3ccccc3C(=O)N(Cc3ccccc3)S2(=O)=O)cc1,Cc1ccc(C(=O)CN2c3ccccc3C(=O)N(Cc3ccccc3)S2(=O)=O)cc1,O=C(CN1c2ccccc2C(=O)N(Cc2ccccc2)S1(=O)=O)c1ccccc1,O=C(CN1c2ccccc2C(=O)N(Cc2ccccc2)S1(=O)=O)c1ccccc1,True,True,True,source_identity,1.0,0.7843137254901961,,,,,,,,,,,,,,,,,,,,,5.0,4.0,1.0,True,6.0,5.0,1.0,True
scaffold_property_retrieval,mpair_00002514_cond_02_2p,mpair_00002514,eval,2,"MW,QED",CSc1cc(-c2ccc(Cl)cc2)oc(=O)c1Br,CSc1cc(-c2ccc(Cl)cc2)oc(=O)c1C(N)=O,CSc1cc(-c2ccc(F)cc2)oc(=O)c1,O=c1cccc(-c2ccccc2)o1,O=c1cccc(-c2ccccc2)o1,True,False,False,,0.3695652173913043,0.34,295.747,236.26699999999997,59.48000000000005,False,,,,,0.8837306867126842,0.7501191134076561,0.13361157330502804,False,,,,,,,,,,,,,,,,
scaffold_property_retrieval,mpair_00002517_cond_02_2p,mpair_00002517,eval,2,"MW,LogP",CSc1cc(-c2ccc(Cl)cc2)oc(=O)c1Br,CSc1cc(-c2ccc(Cl)cc2)oc(=O)c1,CSc1cc(-c2ccc(F)cc2)oc(=O)c1,O=c1cccc(-c2ccccc2)o1,O=c1cccc(-c2ccccc2)o1,True,True,True,,0.3695652173913043,0.7142857142857143,252.72199999999998,236.26699999999997,16.455000000000013,True,3.682100000000002,3.1678000000000024,0.5142999999999995,True,,,,,,,,,,,,,,,,,,,,
scaffold_property_retrieval,mpair_00002530_cond_00_2p,mpair_00002530,eval,2,"MW,LogP",CSc1cc(-c2ccc(Cl)cc2)oc(=O)c1,CSc1cc(-c2ccc(Cl)cc2)oc(=O)c1Br,CSc1cc(-c2ccc(F)cc2)oc(=O)c1,O=c1cccc(-c2ccccc2)o1,O=c1cccc(-c2ccccc2)o1,True,False,False,,0.7142857142857143,0.3695652173913043,331.61799999999994,236.26699999999997,95.35099999999997,False,4.444600000000001,3.1678000000000024,1.2767999999999988,False,,,,,,,,,,,,,,,,,,,,
scaffold_property_retrieval,mpair_00002538_cond_00_2p,mpair_00002538,eval,2,"MW,LogP",CSc1cc(-c2ccc(Br)cc2)oc(=O)c1Cl,CSc1cc(-c2ccc(Cl)cc2)oc(=O)c1,CSc1cc(-c2ccc(F)cc2)oc(=O)c1,O=c1cccc(-c2ccccc2)o1,O=c1cccc(-c2ccccc2)o1,True,True,True,,0.3695652173913043,0.7142857142857143,252.72199999999998,236.26699999999997,16.455000000000013,True,3.682100000000002,3.1678000000000024,0.5142999999999995,True,,,,,,,,,,,,,,,,,,,,
scaffold_property_retrieval,mpair_00002546_cond_02_2p,mpair_00002546,eval,2,"LogP,TPSA",CSc1cc(-c2ccc(Br)cc2)oc(=O)c1Br,CSc1cc(-c2ccc(Br)cc2)oc(=O)c1C#N,CSc1cc(-c2ccc(F)cc2)oc(=O)c1,O=c1cccc(-c2ccccc2)o1,O=c1cccc(-c2ccccc2)o1,True,False,False,,0.38636363636363635,0.3469387755102041,,,,,3.662880000000002,3.1678000000000024,0.49507999999999974,True,,,,,54.0,30.21,23.79,False,,,,,,,,,,,,
scaffold_property_retrieval,mpair_00002556_cond_00_2p,mpair_00002556,eval,2,"MW,QED",CN(C(=O)n1nc(-c2ccc(Cl)cc2)nc1SCC(F)(F)F)c1ccccc1,CSc1nc(-c2ccc(Cl)cc2)nn1C(=O)N(C)c1ccccc1,CN(C(=O)n1nc(-c2ccc(Cl)cc2)nc1SCC(F)(F)F)c1ccccc1,O=C(Nc1ccccc1)n1cnc(-c2ccccc2)n1,O=C(Nc1ccccc1)n1cnc(-c2ccccc2)n1,True,False,False,source_identity,1.0,0.7222222222222222,358.85400000000004,426.8510000000001,67.99700000000007,False,,,,,0.6499636794176425,0.5270344401044634,0.12292923931317912,False,,,,,,,,,,,,,,,,
scaffold_property_retrieval,mpair_00002559_cond_01_2p,mpair_00002559,eval,2,"LogP,QED",CN(C(=O)n1nc(-c2ccc(Cl)cc2)nc1SCC(F)(F)F)c1ccccc1,CSc1nc(-c2ccc(C)cc2)nn1C(=O)N(C)c1ccccc1,CN(C(=O)n1nc(-c2ccc(Cl)cc2)nc1SCC(F)(F)F)c1ccccc1,O=C(Nc1ccccc1)n1cnc(-c2ccccc2)n1,O=C(Nc1ccccc1)n1cnc(-c2ccccc2)n1,True,False,False,source_identity,1.0,0.5862068965517241,,,,,4.079920000000002,5.357400000000003,1.2774800000000006,False,0.6753188675979567,0.5270344401044634,0.14828442749349324,False,,,,,,,,,,,,,,,,
scaffold_property_retrieval,mpair_00002562_cond_01_2p,mpair_00002562,eval,2,"LogP,RB",CSc1nc(-c2ccc(Cl)cc2)nn1C(=O)N(C)c1ccccc1,CN(C(=O)n1nc(-c2ccc(Cl)cc2)nc1SCC(F)(F)F)c1ccccc1,CSc1nc(-c2ccc(Cl)cc2)nn1C(=O)N(C)c1ccccc1,O=C(Nc1ccccc1)n1cnc(-c2ccccc2)n1,O=C(Nc1ccccc1)n1cnc(-c2ccccc2)n1,True,True,True,source_identity,1.0,0.7222222222222222,,,,,5.357400000000003,4.424900000000004,0.9324999999999992,True,,,,,,,,,,,,,,,,,4.0,3.0,1.0,True
scaffold_property_retrieval,mpair_00002565_cond_01_2p,mpair_00002565,eval,2,"LogP,HBA",CSc1nc(-c2ccc(OC(F)(F)F)cc2)nn1C(=O)N(C)c1ccccc1,CSc1nc(-c2ccc(C)cc2)nn1C(=O)N(C)c1ccccc1,CSc1nc(-c2ccc(OC(F)(F)F)cc2)nn1C(=O)N(C)c1ccccc1,O=C(Nc1ccccc1)n1cnc(-c2ccccc2)n1,O=C(Nc1ccccc1)n1cnc(-c2ccccc2)n1,True,True,True,source_identity,1.0,0.7169811320754716,,,,,4.079920000000002,4.670100000000003,0.590180000000001,True,,,,,,,,,,,,,5.0,6.0,1.0,True,,,,
scaffold_property_retrieval,mpair_00002567_cond_01_2p,mpair_00002567,eval,2,"HBD,RB",COc1cc(C(=O)N2CCN(C(=O)c3cc(OC)c(OC)c(OC)c3)C(COC(=O)NCCC(C)C)C2)cc(OC)c1OC,CCN(CC)C(=O)OCC1CN(C(=O)c2cc(OC)c(OC)c(OC)c2)CCN1C(=O)c1cc(OC)c(OC)c(OC)c1,COc1cc(C(=O)N2CCN(C(=O)c3cc(OC)c(OC)c(OC)c3)C(COC(=O)NCCC(C)C)C2)cc(OC)c1OC,O=C(c1ccccc1)N1CCN(C(=O)c2ccccc2)CC1,O=C(c1ccccc1)N1CCN(C(=O)c2ccccc2)CC1,True,True,True,source_identity,1.0,0.6451612903225806,,,,,,,,,,,,,,,,,0.0,1.0,1.0,True,,,,,12.0,13.0,1.0,True
scaffold_property_retrieval,mpair_00002571_cond_01_2p,mpair_00002571,eval,2,"HBD,RB",CCN(CC)C(=O)OCC1CN(C(=O)c2cc(OC)c(OC)c(OC)c2)CCN1C(=O)c1cc(OC)c(OC)c(OC)c1,COc1cc(C(=O)N2CCN(C(=O)c3cc(OC)c(OC)c(OC)c3)C(COC(=O)NCCC(C)C)C2)cc(OC)c1OC,CCN(CC)C(=O)OCC1CN(C(=O)c2cc(OC)c(OC)c(OC)c2)CCN1C(=O)c1cc(OC)c(OC)c(OC)c1,O=C(c1ccccc1)N1CCN(C(=O)c2ccccc2)CC1,O=C(c1ccccc1)N1CCN(C(=O)c2ccccc2)CC1,True,True,True,source_identity,1.0,0.6451612903225806,,,,,,,,,,,,,,,,,1.0,0.0,1.0,True,,,,,13.0,12.0,1.0,True
scaffold_property_retrieval,mpair_00002574_cond_01_2p,mpair_00002574,eval,2,"LogP,RB",COc1cc(C(=O)N2CCN(C(=O)c3cc(OC)c(OC)c(OC)c3)C(COC(=O)CC(C)(C)C)C2)cc(OC)c1OC,CCN(CC)C(=O)OCC1CN(C(=O)c2cc(OC)c(OC)c(OC)c2)CCN1C(=O)c1cc(OC)c(OC)c(OC)c1,COc1cc(C(=O)N2CCN(C(=O)c3cc(OC)c(OC)c(OC)c3)C(COC(=O)CC(C)(C)C)C2)cc(OC)c1OC,O=C(c1ccccc1)N1CCN(C(=O)c2ccccc2)CC1,O=C(c1ccccc1)N1CCN(C(=O)c2ccccc2)CC1,True,True,True,source_identity,1.0,0.6896551724137931,,,,,3.1834000000000024,3.684400000000003,0.5010000000000003,True,,,,,,,,,,,,,,,,,12.0,11.0,1.0,True
scaffold_property_retrieval,mpair_00002577_cond_00_2p,mpair_00002577,eval,2,"HBD,RB",COc1cc(C(=O)N2CCN(C(=O)c3cc(OC)c(OC)c(OC)c3)C(COC(=O)NCCC(C)C)C2)cc(OC)c1OC,COc1cc(C(=O)N2CCN(C(=O)c3cc(OC)c(OC)c(OC)c3)C(COC(=O)CC(C)(C)C)C2)cc(OC)c1OC,COc1cc(C(=O)N2CCN(C(=O)c3cc(OC)c(OC)c(OC)c3)C(COC(=O)NCCC(C)C)C2)cc(OC)c1OC,O=C(c1ccccc1)N1CCN(C(=O)c2ccccc2)CC1,O=C(c1ccccc1)N1CCN(C(=O)c2ccccc2)CC1,True,False,False,source_identity,1.0,0.6451612903225806,,,,,,,,,,,,,,,,,0.0,1.0,1.0,True,,,,,11.0,13.0,2.0,False
scaffold_property_retrieval,mpair_00002578_cond_02_2p,mpair_00002578,eval,2,"LogP,RB",CCN(CC)C(=O)OCC1CN(C(=O)c2cc(OC)c(OC)c(OC)c2)CCN1C(=O)c1cc(OC)c(OC)c(OC)c1,COc1cc(C(=O)N2CCN(C(=O)c3cc(OC)c(OC)c(OC)c3)C(COC(=O)CC(C)(C)C)C2)cc(OC)c1OC,CCN(CC)C(=O)OCC1CN(C(=O)c2cc(OC)c(OC)c(OC)c2)CCN1C(=O)c1cc(OC)c(OC)c(OC)c1,O=C(c1ccccc1)N1CCN(C(=O)c2ccccc2)CC1,O=C(c1ccccc1)N1CCN(C(=O)c2ccccc2)CC1,True,True,True,source_identity,1.0,0.6896551724137931,,,,,3.684400000000003,3.1834000000000024,0.5010000000000003,True,,,,,,,,,,,,,,,,,11.0,12.0,1.0,True
scaffold_property_retrieval,mpair_00002589_cond_00_2p,mpair_00002589,eval,2,"QED,HBA",COc1cc(C(=O)N2CCN(C(=O)c3cc(OC)c(OC)c(OC)c3)C(CO)C2)cc(OC)c1OC,CCN(CC)C(=O)OCC1CN(C(=O)c2cc(OC)c(OC)c(OC)c2)CCN1C(=O)c1cc(OC)c(OC)c(OC)c1,COc1cc(C(=O)N2CCN(C(=O)c3cc(OC)c(OC)c(OC)c3)C(CO)C2)cc(OC)c1OC,O=C(c1ccccc1)N1CCN(C(=O)c2ccccc2)CC1,O=C(c1ccccc1)N1CCN(C(=O)c2ccccc2)CC1,True,False,False,source_identity,1.0,0.6792452830188679,,,,,,,,,0.3571777118480848,0.544633228323374,0.18745551647528924,False,,,,,,,,,10.0,9.0,1.0,True,,,,
scaffold_property_retrieval,mpair_00002597_cond_01_2p,mpair_00002597,eval,2,"MW,LogP",COc1ccc(C(=O)Nc2c(Cl)cncc2Cl)c2ccc(C(C)=O)nc12,COc1ccc(C(=O)Nc2ccncc2Cl)c2cccnc12,COc1ccc(C(=O)Nc2c(Cl)cncc2Cl)c2ccc(C(C)=O)nc12,O=C(Nc1ccncc1)c1cccc2ncccc12,O=C(Nc1ccncc1)c1cccc2ncccc12,True,False,False,source_identity,1.0,0.5081967213114754,313.744,390.22600000000017,76.48200000000014,False,3.544100000000002,4.400100000000002,0.8559999999999999,True,,,,,,,,,,,,,,,,,,,,
scaffold_property_retrieval,mpair_00002599_cond_02_2p,mpair_00002599,eval,2,"TPSA,HBA",COc1ccc(C(=O)Nc2c(Cl)cncc2Cl)c2ccc(C(C)=O)nc12,CCc1ccc2c(C(=O)Nc3c(Cl)cncc3Cl)ccc(OC)c2n1,COc1ccc(C(=O)Nc2c(Cl)cncc2Cl)c2ccc(C(C)=O)nc12,O=C(Nc1ccncc1)c1cccc2ncccc12,O=C(Nc1ccncc1)c1cccc2ncccc12,True,True,True,source_identity,1.0,0.7222222222222222,,,,,,,,,,,,,64.11,81.17999999999999,17.069999999999993,True,,,,,4.0,5.0,1.0,True,,,,
scaffold_property_retrieval,mpair_00002603_cond_00_2p,mpair_00002603,eval,2,"LogP,HBD",COc1ccc(C(=O)Nc2c(Cl)cncc2Cl)c2ccc(C(C)O)nc12,CCc1ccc2c(C(=O)Nc3c(Cl)cncc3Cl)ccc(OC)c2n1,COc1ccc(C(=O)Nc2c(Cl)cncc2Cl)c2ccc(C(C)O)nc12,O=C(Nc1ccncc1)c1cccc2ncccc12,O=C(Nc1ccncc1)c1cccc2ncccc12,True,True,True,source_identity,1.0,0.6964285714285714,,,,,4.759900000000003,4.2508000000000035,0.5090999999999992,True,,,,,,,,,1.0,2.0,1.0,True,,,,,,,,
scaffold_property_retrieval,mpair_00002608_cond_00_2p,mpair_00002608,eval,2,"MW,LogP",COc1ccc(C(=O)Nc2ccncc2Cl)c2cccnc12,COc1ccc(C(=O)Nc2c(F)cncc2F)c2ccc(C(F)(F)F)nc12,COc1ccc(C(=O)Nc2ccncc2Cl)c2cccnc12,O=C(Nc1ccncc1)c1cccc2ncccc12,O=C(Nc1ccncc1)c1cccc2ncccc12,True,False,False,source_identity,1.0,0.4090909090909091,383.276,313.744,69.53199999999998,False,4.187700000000001,3.544100000000002,0.6435999999999993,True,,,,,,,,,,,,,,,,,,,,
scaffold_property_retrieval,mpair_00002611_cond_02_2p,mpair_00002611,eval,2,"QED,TPSA",COc1ccc(C(=O)Nc2ccncc2Cl)c2ccc(C(F)(F)F)nc12,COc1ccc(C(=O)Nc2c(Cl)cncc2Cl)c2ccc(C(C)=O)nc12,COc1ccc(C(=O)Nc2ccncc2Cl)c2ccc(C(F)(F)F)nc12,O=C(Nc1ccncc1)c1cccc2ncccc12,O=C(Nc1ccncc1)c1cccc2ncccc12,True,True,True,source_identity,1.0,0.5396825396825397,,,,,,,,,0.6681926051832562,0.7218484507203837,0.053655845537127544,True,81.17999999999999,64.11,17.069999999999993,True,,,,,,,,,,,,
scaffold_property_retrieval,mpair_00002615_cond_00_2p,mpair_00002615,eval,2,"MW,QED",COc1ccc(C(=O)Nc2c(F)cncc2F)c2ccc(C(F)(F)F)nc12,COc1ccc(C(=O)Nc2c(Cl)cncc2Cl)c2cccnc12,COc1ccc(C(=O)Nc2c(F)cncc2F)c2ccc(C(F)(F)F)nc12,O=C(Nc1ccncc1)c1cccc2ncccc12,O=C(Nc1ccncc1)c1cccc2ncccc12,True,False,False,source_identity,1.0,0.4918032786885246,348.1890000000001,383.276,35.08699999999993,False,,,,,0.7706046174674384,0.6893032571109005,0.0813013603565379,True,,,,,,,,,,,,,,,,
scaffold_property_retrieval,mpair_00002619_cond_00_2p,mpair_00002619,eval,2,"TPSA,RB",COc1ccc(C(=O)Nc2c(Cl)cncc2Cl)c2ccc(C(C)O)nc12,COc1ccc(C(=O)Nc2ccncc2Cl)c2ccc(C(F)(F)F)nc12,COc1ccc(C(=O)Nc2c(Cl)cncc2Cl)c2ccc(C(C)O)nc12,O=C(Nc1ccncc1)c1cccc2ncccc12,O=C(Nc1ccncc1)c1cccc2ncccc12,True,False,False,source_identity,1.0,0.5230769230769231,,,,,,,,,,,,,64.11,84.34,20.230000000000004,False,,,,,,,,,3.0,4.0,1.0,True
scaffold_property_retrieval,mpair_00002623_cond_00_2p,mpair_00002623,eval,2,"LogP,RB",COc1ccc(C(=O)Nc2c(F)cncc2F)c2ccc(C(F)(F)F)nc12,CCc1ccc2c(C(=O)Nc3c(Cl)cncc3Cl)ccc(OC)c2n1,COc1ccc(C(=O)Nc2c(F)cncc2F)c2ccc(C(F)(F)F)nc12,O=C(Nc1ccncc1)c1cccc2ncccc12,O=C(Nc1ccncc1)c1cccc2ncccc12,True,True,True,source_identity,1.0,0.5409836065573771,,,,,4.759900000000003,4.187700000000001,0.5722000000000014,True,,,,,,,,,,,,,,,,,4.0,3.0,1.0,True
scaffold_property_retrieval,mpair_00002626_cond_01_2p,mpair_00002626,eval,2,"LogP,QED",COc1ccc(C(=O)Nc2c(F)cncc2F)c2ccc(C(F)(F)F)nc12,COc1ccc(C(=O)Nc2ccncc2Cl)c2cccnc12,COc1ccc(C(=O)Nc2c(F)cncc2F)c2ccc(C(F)(F)F)nc12,O=C(Nc1ccncc1)c1cccc2ncccc12,O=C(Nc1ccncc1)c1cccc2ncccc12,True,False,False,source_identity,1.0,0.4090909090909091,,,,,3.544100000000002,4.187700000000001,0.6435999999999993,True,0.8029165077767629,0.6893032571109005,0.11361325066586248,False,,,,,,,,,,,,,,,,
scaffold_property_retrieval,mpair_00003108_cond_00_2p,mpair_00003108,eval,2,"LogP,QED",CN1CCC[C@H]1COc1ccc(Cl)nn1,CN1CCC[C@H]1COc1cccnn1,CN1CCC[C@H]1COc1ccc(Cl)nn1,c1cnnc(OC[C@@H]2CCCN2)c1,c1cnnc(OC[C@@H]2CCCN2)c1,True,True,True,source_identity,1.0,0.6511627906976745,,,,,0.9495999999999998,1.6029999999999998,0.6534,True,0.7160423680458043,0.7864914737289573,0.07044910568315299,True,,,,,,,,,,,,,,,,
scaffold_property_retrieval,mpair_00003109_cond_02_2p,mpair_00003109,eval,2,"LogP,QED",CN1CCC[C@H]1COc1cccnn1,CN1CCC[C@H]1COc1ccc(Cl)nn1,CN1CCC[C@H]1COc1cccnn1,c1cnnc(OC[C@@H]2CCCN2)c1,c1cnnc(OC[C@@H]2CCCN2)c1,True,True,True,source_identity,1.0,0.6511627906976745,,,,,1.6029999999999998,0.9495999999999998,0.6534,True,0.7864914737289573,0.7160423680458043,0.07044910568315299,True,,,,,,,,,,,,,,,,
scaffold_property_retrieval,mpair_00003111_cond_01_2p,mpair_00003111,eval,2,"QED,RB",Cc1nc2nnc(C(C)(C)C)nn2c(=O)c1C,CCCCc1nnc2nc(C)c(C)c(=O)n2n1,Cc1nc2nnc(C(C)(C)C)nn2c(=O)c1C,O=c1ccnc2nncnn12,O=c1ccnc2nncnn12,True,False,False,source_identity,1.0,0.5238095238095238,,,,,,,,,0.7849999676400611,0.6723856505150625,0.11261431712499859,False,,,,,,,,,,,,,3.0,0.0,3.0,False
scaffold_property_retrieval,mpair_00003113_cond_02_2p,mpair_00003113,eval,2,"MW,RB",Cc1nc2nncnn2c(=O)c1C,CCCCc1nnc2nc(C)c(C)c(=O)n2n1,Cc1nc2nncnn2c(=O)c1C,O=c1ccnc2nncnn12,O=c1ccnc2nncnn12,True,False,False,source_identity,1.0,0.4418604651162791,233.275,177.167,56.108000000000004,False,,,,,,,,,,,,,,,,,,,,,3.0,0.0,3.0,False
scaffold_property_retrieval,mpair_00003202_cond_01_2p,mpair_00003202,eval,2,"TPSA,HBA",O=C(OCc1ccc(-c2ccccc2)cc1)n1cccn1,N#Cc1cnn(C(=O)OCc2ccc(-c3ccccc3)cc2)c1,O=C(OCc1ccc(-c2ccccc2)cc1)n1cccn1,O=C(OCc1ccc(-c2ccccc2)cc1)n1cccn1,O=C(OCc1ccc(-c2ccccc2)cc1)n1cccn1,True,False,False,source_identity,1.0,0.5833333333333334,,,,,,,,,,,,,67.91,44.120000000000005,23.789999999999992,False,,,,,5.0,4.0,1.0,True,,,,
scaffold_property_retrieval,mpair_00003204_cond_00_2p,mpair_00003204,eval,2,"TPSA,HBA",Cc1cnn(C(=O)OCc2ccc(-c3ccccc3)cc2)c1,N#Cc1cnn(C(=O)OCc2ccc(-c3ccccc3)cc2)c1,Cc1cnn(C(=O)OCc2ccc(-c3ccccc3)cc2)c1,O=C(OCc1ccc(-c2ccccc2)cc1)n1cccn1,O=C(OCc1ccc(-c2ccccc2)cc1)n1cccn1,True,False,False,source_identity,1.0,0.6808510638297872,,,,,,,,,,,,,67.91,44.120000000000005,23.789999999999992,False,,,,,5.0,4.0,1.0,True,,,,
scaffold_property_retrieval,mpair_00003205_cond_02_2p,mpair_00003205,eval,2,"TPSA,HBA",N#Cc1cnn(C(=O)OCc2ccc(-c3ccccc3)cc2)c1,O=C(OCc1ccc(-c2ccccc2)cc1)n1cccn1,N#Cc1cnn(C(=O)OCc2ccc(-c3ccccc3)cc2)c1,O=C(OCc1ccc(-c2ccccc2)cc1)n1cccn1,O=C(OCc1ccc(-c2ccccc2)cc1)n1cccn1,True,False,False,source_identity,1.0,0.5833333333333334,,,,,,,,,,,,,44.120000000000005,67.91,23.789999999999992,False,,,,,4.0,5.0,1.0,True,,,,
scaffold_property_retrieval,mpair_00003209_cond_00_2p,mpair_00003209,eval,2,"QED,TPSA",NC(=S)N/N=C/c1cccc(OCc2ccc3no[n+]([O-])c3c2)c1,NC(=O)N/N=C\c1ccccc1OCc1ccc2no[n+]([O-])c2c1,NC(=S)N/N=C/c1cccc(OCc2ccc3no[n+]([O-])c3c2)c1,c1ccc(OCc2ccc3no[nH+]c3c2)cc1,c1ccc(OCc2ccc3no[nH+]c3c2)cc1,True,False,False,source_identity,1.0,0.5882352941176471,,,,,,,,,0.4106849547701945,0.30972390933844063,0.10096104543175388,False,129.68,112.61,17.070000000000007,True,,,,,,,,,,,,
scaffold_property_retrieval,mpair_00003212_cond_01_2p,mpair_00003212,eval,2,"HBD,RB",CC(C)NC(=O)c1ccc2c(Nc3ccc(Cl)cc3)nc(N3CCOCC3)nc2c1,COC(=O)c1ccc2c(Nc3ccc(Cl)cc3)nc(N3CCOCC3)nc2c1,CC(C)NC(=O)c1ccc2c(Nc3ccc(Cl)cc3)nc(N3CCOCC3)nc2c1,c1ccc(Nc2nc(N3CCOCC3)nc3ccccc23)cc1,c1ccc(Nc2nc(N3CCOCC3)nc3ccccc23)cc1,True,True,True,source_identity,1.0,0.7833333333333333,,,,,,,,,,,,,,,,,1.0,2.0,1.0,True,,,,,4.0,5.0,1.0,True
scaffold_property_retrieval,mpair_00003216_cond_01_2p,mpair_00003216,eval,2,"HBD,HBA",COC(=O)c1ccc2c(Nc3ccc(Cl)cc3)nc(N3CCOCC3)nc2c1,CC(C)NC(=O)c1ccc2c(Nc3ccc(Cl)cc3)nc(N3CCOCC3)nc2c1,COC(=O)c1ccc2c(Nc3ccc(Cl)cc3)nc(N3CCOCC3)nc2c1,c1ccc(Nc2nc(N3CCOCC3)nc3ccccc23)cc1,c1ccc(Nc2nc(N3CCOCC3)nc3ccccc23)cc1,True,True,True,source_identity,1.0,0.7833333333333333,,,,,,,,,,,,,,,,,2.0,1.0,1.0,True,6.0,7.0,1.0,True,,,,
scaffold_property_retrieval,mpair_00003224_cond_00_2p,mpair_00003224,eval,2,"QED,RB",COCCCN(/C(S)=C1/C(=O)c2cc(Cl)ccc2N(C)C1=O)c1ccccc1,COc1ccc(N(C)/C(S)=C2/C(=O)c3cc(Cl)ccc3N(C)C2=O)cc1,COCCCN(/C(S)=C1/C(=O)c2cc(Cl)ccc2N(C)C1=O)c1ccccc1,O=C1Nc2ccccc2C(=O)/C1=C/Nc1ccccc1,O=C1Nc2ccccc2C(=O)/C1=C/Nc1ccccc1,True,False,False,source_identity,1.0,0.5625,,,,,,,,,0.4935411914533051,0.3319041471572704,0.1616370442960347,False,,,,,,,,,,,,,3.0,6.0,3.0,False
scaffold_property_retrieval,mpair_00003225_cond_02_2p,mpair_00003225,eval,2,"QED,RB",COCCCN(/C(S)=C1/C(=O)c2cc(Cl)ccc2N(C)C1=O)c1ccccc1,COc1cccc(N(C)/C(S)=C2/C(=O)c3cc(Cl)ccc3N(C)C2=O)c1,COCCCN(/C(S)=C1/C(=O)c2cc(Cl)ccc2N(C)C1=O)c1ccccc1,O=C1Nc2ccccc2C(=O)/C1=C/Nc1ccccc1,O=C1Nc2ccccc2C(=O)/C1=C/Nc1ccccc1,True,False,False,source_identity,1.0,0.5846153846153846,,,,,,,,,0.4935411914533051,0.3319041471572704,0.1616370442960347,False,,,,,,,,,,,,,3.0,6.0,3.0,False
scaffold_property_retrieval,mpair_00003227_cond_01_2p,mpair_00003227,eval,2,"QED,RB",COc1ccc(N(C)/C(S)=C2/C(=O)c3cc(Cl)ccc3N(C)C2=O)cc1,COCCCN(/C(S)=C1/C(=O)c2cc(Cl)ccc2N(C)C1=O)c1ccccc1,COc1ccc(N(C)/C(S)=C2/C(=O)c3cc(Cl)ccc3N(C)C2=O)cc1,O=C1Nc2ccccc2C(=O)/C1=C/Nc1ccccc1,O=C1Nc2ccccc2C(=O)/C1=C/Nc1ccccc1,True,False,False,source_identity,1.0,0.5625,,,,,,,,,0.3319041471572704,0.4935411914533051,0.1616370442960347,False,,,,,,,,,,,,,6.0,3.0,3.0,False
scaffold_property_retrieval,mpair_00003531_cond_00_2p,mpair_00003531,eval,2,"TPSA,HBA",CC(C)Oc1cccc(N(Cc2cccnc2)S(=O)(=O)CC(F)(F)F)c1,CCOC(=O)C(C)Oc1cccc(N(Cc2cccnc2)S(=O)(=O)CC(F)(F)F)c1,CC(C)Oc1cccc(N(Cc2cccnc2)S(=O)(=O)CC(F)(F)F)c1,c1ccc(NCc2cccnc2)cc1,c1ccc(NCc2cccnc2)cc1,True,False,False,source_identity,1.0,0.7796610169491526,,,,,,,,,,,,,85.80000000000001,59.5,26.30000000000001,False,,,,,6.0,4.0,2.0,False,,,,
scaffold_property_retrieval,mpair_00003534_cond_02_2p,mpair_00003534,eval,2,"QED,RB",O=S(=O)(CC(F)(F)F)N(Cc1cccnc1)c1cccc(OC(F)(F)F)c1,CC(C)Oc1cccc(N(Cc2cccnc2)S(=O)(=O)CC(F)(F)F)c1,O=S(=O)(CC(F)(F)F)N(Cc1cccnc1)c1cccc(OC(F)(F)F)c1,c1ccc(NCc2cccnc2)cc1,c1ccc(NCc2cccnc2)cc1,True,True,True,source_identity,1.0,0.7777777777777778,,,,,,,,,0.7245796953652621,0.6736163493728189,0.05096334599244323,True,,,,,,,,,,,,,7.0,6.0,1.0,True
scaffold_property_retrieval,mpair_00003538_cond_02_2p,mpair_00003538,eval,2,"LogP,HBA",CCC(C)COc1cccc(N(Cc2cccnc2)S(=O)(=O)CC(F)(F)F)c1,CCOC(=O)C(C)Oc1cccc(N(Cc2cccnc2)S(=O)(=O)CC(F)(F)F)c1,CCC(C)COc1cccc(N(Cc2cccnc2)S(=O)(=O)CC(F)(F)F)c1,c1ccc(NCc2cccnc2)cc1,c1ccc(NCc2cccnc2)cc1,True,False,False,source_identity,1.0,0.6923076923076923,,,,,3.3107000000000024,4.405200000000004,1.0945000000000018,False,,,,,,,,,,,,,6.0,4.0,2.0,False,,,,
scaffold_property_retrieval,mpair_00003542_cond_01_2p,mpair_00003542,eval,2,"QED,RB",CC(C)COc1cccc(N(Cc2cccnc2)S(=O)(=O)CC(F)(F)F)c1,CCC(C)COc1cccc(N(Cc2cccnc2)S(=O)(=O)CC(F)(F)F)c1,CC(C)COc1cccc(N(Cc2cccnc2)S(=O)(=O)CC(F)(F)F)c1,c1ccc(NCc2cccnc2)cc1,c1ccc(NCc2cccnc2)cc1,True,True,True,source_identity,1.0,0.8421052631578947,,,,,,,,,0.6078002459089881,0.6693605971809802,0.06156035127199211,True,,,,,,,,,,,,,9.0,8.0,1.0,True
scaffold_property_retrieval,mpair_00003544_cond_00_2p,mpair_00003544,eval,2,"LogP,RB",CC(C)COc1cccc(N(Cc2cccnc2)S(=O)(=O)CC(F)(F)F)c1,CCCC(C)Oc1cccc(N(Cc2cccnc2)S(=O)(=O)CC(F)(F)F)c1,CC(C)COc1cccc(N(Cc2cccnc2)S(=O)(=O)CC(F)(F)F)c1,c1ccc(NCc2cccnc2)cc1,c1ccc(NCc2cccnc2)cc1,True,True,True,source_identity,1.0,0.7213114754098361,,,,,4.547700000000003,4.015100000000003,0.5326000000000004,True,,,,,,,,,,,,,,,,,9.0,8.0,1.0,True
scaffold_property_retrieval,mpair_00003547_cond_00_2p,mpair_00003547,eval,2,"QED,RB",CCC(C)COc1cccc(N(Cc2cccnc2)S(=O)(=O)CC(F)(F)F)c1,CC(C)COc1cccc(N(Cc2cccnc2)S(=O)(=O)CC(F)(F)F)c1,CCC(C)COc1cccc(N(Cc2cccnc2)S(=O)(=O)CC(F)(F)F)c1,c1ccc(NCc2cccnc2)cc1,c1ccc(NCc2cccnc2)cc1,True,True,True,source_identity,1.0,0.8421052631578947,,,,,,,,,0.6693605971809802,0.6078002459089881,0.06156035127199211,True,,,,,,,,,,,,,8.0,9.0,1.0,True
scaffold_property_retrieval,mpair_00000000_cond_00_3p,mpair_00000000,eval,3,"LogP,HBA,RB",O=C(c1cccc(Cl)c1)N1C[C@H](CN2CCC(c3ccccc3)CC2)[C@@H](c2ccccc2)C1,COc1cccc(C(=O)N2C[C@H](CN3CCC(c4ccccc4)CC3)[C@@H](c3ccccc3)C2)c1,O=C(c1cccc(Cl)c1)N1C[C@H](CN2CCC(c3ccccc3)CC2)[C@@H](c2ccccc2)C1,O=C(c1ccccc1)N1C[C@H](CN2CCC(c3ccccc3)CC2)[C@@H](c2ccccc2)C1,O=C(c1ccccc1)N1C[C@H](CN2CCC(c3ccccc3)CC2)[C@@H](c2ccccc2)C1,True,True,True,source_identity,1.0,0.7413793103448276,,,,,5.430600000000005,6.075400000000006,0.6448000000000009,True,,,,,,,,,,,,,3.0,2.0,1.0,True,6.0,5.0,1.0,True
scaffold_property_retrieval,mpair_00000006_cond_01_3p,mpair_00000006,eval,3,"MW,LogP,QED",O=C(c1ccccc1F)N1C[C@H](CN2CCC(c3ccccc3)CC2)[C@@H](c2ccccc2)C1,O=C(c1ccccc1C(F)(F)F)N1C[C@H](CN2CCC(c3ccccc3)CC2)[C@@H](c2ccccc2)C1,O=C(c1ccccc1F)N1C[C@H](CN2CCC(c3ccccc3)CC2)[C@@H](c2ccccc2)C1,O=C(c1ccccc1)N1C[C@H](CN2CCC(c3ccccc3)CC2)[C@@H](c2ccccc2)C1,O=C(c1ccccc1)N1C[C@H](CN2CCC(c3ccccc3)CC2)[C@@H](c2ccccc2)C1,True,False,False,source_identity,1.0,0.7592592592592593,492.5850000000002,442.57800000000015,50.00700000000006,False,6.4408000000000065,5.561100000000006,0.8797000000000006,True,0.4092272471712491,0.5164092889512721,0.10718204178002305,False,,,,,,,,,,,,,,,,
scaffold_property_retrieval,mpair_00000010_cond_00_3p,mpair_00000010,eval,3,"QED,HBA,RB",O=C(c1ccccc1C(F)(F)F)N1C[C@H](CN2CCC(c3ccccc3)CC2)[C@@H](c2ccccc2)C1,COc1cccc(C(=O)N2C[C@H](CN3CCC(c4ccccc4)CC3)[C@@H](c3ccccc3)C2)c1,O=C(c1ccccc1C(F)(F)F)N1C[C@H](CN2CCC(c3ccccc3)CC2)[C@@H](c2ccccc2)C1,O=C(c1ccccc1)N1C[C@H](CN2CCC(c3ccccc3)CC2)[C@@H](c2ccccc2)C1,O=C(c1ccccc1)N1C[C@H](CN2CCC(c3ccccc3)CC2)[C@@H](c2ccccc2)C1,True,True,True,source_identity,1.0,0.578125,,,,,,,,,0.49786269936596683,0.4092272471712491,0.08863545219471775,True,,,,,,,,,3.0,2.0,1.0,True,6.0,5.0,1.0,True
scaffold_property_retrieval,mpair_00000018_cond_01_3p,mpair_00000018,eval,3,"MW,QED,RB",COC(=O)C1=C(c2ccc(Cl)nc2)CC2CCC1N2C,CN1C2C=C(c3ccc(Cl)nc3)CC1CC2,C1=C(c2cccnc2)CC2CCC1N2,C1=C(c2cccnc2)CC2CCC1N2,C1=C(c2cccnc2)CC2CCC1N2,True,False,False,,0.14925373134328357,0.2545454545454545,234.72999999999996,186.258,48.47199999999995,False,,,,,0.6949032404938756,0.725160453067101,0.030257212573225334,True,,,,,,,,,,,,,1.0,1.0,0.0,True
scaffold_property_retrieval,mpair_00000323_cond_00_3p,mpair_00000323,eval,3,"TPSA,HBD,HBA",N[C@@H](C(=O)N[C@@H]1C(=O)N2C(C(=O)O)=C(C(F)(F)F)CC[C@H]12)c1ccc(F)cc1,N[C@@H](C(=O)N[C@@H]1C(=O)N2C(C(=O)O)=C(C(F)(F)F)CC[C@H]12)c1ccc(O)cc1,N[C@@H](C(=O)N[C@@H]1C(=O)N2C(C(=O)O)=C(C(F)(F)F)CC[C@H]12)c1ccc(F)cc1,O=C(Cc1ccccc1)N[C@@H]1C(=O)N2C=CCC[C@H]12,O=C(Cc1ccccc1)N[C@@H]1C(=O)N2C=CCC[C@H]12,True,False,False,source_identity,1.0,0.8545454545454545,,,,,,,,,,,,,132.96,112.73,20.230000000000004,False,4.0,3.0,1.0,True,5.0,4.0,1.0,True,,,,
scaffold_property_retrieval,mpair_00000329_cond_02_3p,mpair_00000329,eval,3,"QED,HBA,RB",CSC1=C(C(=O)O)N2C(=O)[C@@H](NC(=O)[C@H](N)c3ccccc3)[C@H]2CC1,N[C@@H](C(=O)N[C@@H]1C(=O)N2C(C(=O)O)=C(C(F)(F)F)CC[C@H]12)c1ccc(F)cc1,CSC1=C(C(=O)O)N2C(=O)[C@@H](NC(=O)[C@H](N)c3ccccc3)[C@H]2CC1,O=C(Cc1ccccc1)N[C@@H]1C(=O)N2C=CCC[C@H]12,O=C(Cc1ccccc1)N[C@@H]1C(=O)N2C=CCC[C@H]12,True,False,False,source_identity,1.0,0.5873015873015873,,,,,,,,,0.5187711593734389,0.6699274889764619,0.15115632960302305,False,,,,,,,,,4.0,5.0,1.0,True,4.0,5.0,1.0,True
scaffold_property_retrieval,mpair_00000331_cond_02_3p,mpair_00000331,eval,3,"TPSA,HBD,HBA",N[C@@H](C(=O)N[C@@H]1C(=O)N2C(C(=O)O)=C(C(F)(F)F)CC[C@H]12)c1ccc(O)cc1,N[C@@H](C(=O)N[C@@H]1C(=O)N2C(C(=O)O)=C(C(F)(F)F)CC[C@H]12)c1ccc(F)cc1,N[C@@H](C(=O)N[C@@H]1C(=O)N2C(C(=O)O)=C(C(F)(F)F)CC[C@H]12)c1ccc(O)cc1,O=C(Cc1ccccc1)N[C@@H]1C(=O)N2C=CCC[C@H]12,O=C(Cc1ccccc1)N[C@@H]1C(=O)N2C=CCC[C@H]12,True,False,False,source_identity,1.0,0.8545454545454545,,,,,,,,,,,,,112.73,132.96,20.230000000000004,False,3.0,4.0,1.0,True,4.0,5.0,1.0,True,,,,
scaffold_property_retrieval,mpair_00000336_cond_01_3p,mpair_00000336,eval,3,"MW,LogP,QED",N[C@@H](C(=O)N[C@@H]1C(=O)N2C(C(=O)O)=C(C(F)(F)F)CC[C@H]12)c1cccc(Br)c1,N[C@@H](C(=O)N[C@@H]1C(=O)N2C(C(=O)O)=C(C(F)(F)F)CC[C@H]12)c1ccc(F)cc1,N[C@@H](C(=O)N[C@@H]1C(=O)N2C(C(=O)O)=C(C(F)(F)F)CC[C@H]12)c1cccc(Br)c1,O=C(Cc1ccccc1)N[C@@H]1C(=O)N2C=CCC[C@H]12,O=C(Cc1ccccc1)N[C@@H]1C(=O)N2C=CCC[C@H]12,True,False,False,source_identity,1.0,0.7377049180327869,401.3160000000001,462.2220000000001,60.906000000000006,False,1.2158999999999993,1.8392999999999997,0.6234000000000004,True,0.5187711593734389,0.5917241763797754,0.0729530170063365,True,,,,,,,,,,,,,,,,
scaffold_property_retrieval,mpair_00000595_cond_02_3p,mpair_00000595,eval,3,"QED,HBD,RB",COc1ccc(CCCC[C@@H]2N[C@@H](CO)[C@H](O)[C@H]2O)cc1,OC[C@@H]1N[C@@H](CCCCc2ccc(O)cc2)[C@H](O)[C@H]1O,COc1ccc(CCCC[C@@H]2N[C@@H](CO)[C@H](O)[C@H]2O)cc1,c1ccc(CCCC[C@H]2CCCN2)cc1,c1ccc(CCCC[C@H]2CCCN2)cc1,True,True,True,source_identity,1.0,0.7,,,,,,,,,0.47902706341404183,0.5496005244071775,0.07057346099313572,True,,,,,5.0,4.0,1.0,True,,,,,6.0,7.0,1.0,True
scaffold_property_retrieval,mpair_00000726_cond_02_3p,mpair_00000726,eval,3,"MW,QED,HBD",C=CCc1cc(/C=C2\SC(=O)NC2=O)c(OC)cc1OC1CCCCO1,C=CCc1cc(/C=C2\SC(=O)N(CC=C)C2=O)c(OC)cc1OC1CCCCO1,C=CCc1cc(/C=C2\SC(=O)NC2=O)c(OC)cc1OC1CCCCO1,O=C1NC(=O)/C(=C/c2ccc(OC3CCCCO3)cc2)S1,O=C1NC(=O)/C(=C/c2ccc(OC3CCCCO3)cc2)S1,True,False,False,source_identity,1.0,0.696969696969697,415.51100000000025,375.4460000000002,40.065000000000055,False,,,,,0.45838471716690443,0.6042673504148035,0.14588263324789907,False,,,,,0.0,1.0,1.0,True,,,,,,,,
scaffold_property_retrieval,mpair_00000739_cond_02_3p,mpair_00000739,eval,3,"LogP,QED,RB",C=CCc1cc(/C=C2\SC(=O)N(CCCC)C2=O)c(OC)cc1OC1CCCCO1,C=CCc1cc(/C=C2\SC(=O)N(CC=C)C2=O)c(OC)cc1OC1CCCCO1,C=CCc1cc(/C=C2\SC(=O)N(CCCC)C2=O)c(OC)cc1OC1CCCCO1,O=C1NC(=O)/C(=C/c2ccc(OC3CCCCO3)cc2)S1,O=C1NC(=O)/C(=C/c2ccc(OC3CCCCO3)cc2)S1,True,True,True,source_identity,1.0,0.8181818181818182,,,,,4.551400000000004,5.165500000000004,0.6141000000000005,True,0.45838471716690443,0.39718598618589046,0.06119873098101397,True,,,,,,,,,,,,,8.0,9.0,1.0,True
scaffold_property_retrieval,mpair_00000742_cond_00_3p,mpair_00000742,eval,3,"LogP,QED,RB",C=CCc1cc(/C=C2\SC(=O)N(C)C2=O)c(OC)cc1OC1CCCCO1,C=CCc1cc(/C=C2\SC(=O)N(CC=C(C)C)C2=O)c(OC)cc1OC1CCCCO1,C=CCc1cc(/C=C2\SC(=O)N(C)C2=O)c(OC)cc1OC1CCCCO1,O=C1NC(=O)/C(=C/c2ccc(OC3CCCCO3)cc2)S1,O=C1NC(=O)/C(=C/c2ccc(OC3CCCCO3)cc2)S1,True,False,False,source_identity,1.0,0.7761194029850746,,,,,5.331600000000005,3.9952000000000023,1.336400000000003,False,0.3995752918375223,0.5413211960634129,0.14174590422589062,False,,,,,,,,,,,,,8.0,6.0,2.0,False
scaffold_property_retrieval,mpair_00000747_cond_00_3p,mpair_00000747,eval,3,"LogP,HBD,RB",C=CCc1cc(/C=C2\SC(=O)N(CC=C)C2=O)c(OC)cc1OC1CCCCO1,C=CCc1cc(/C=C2\SC(=O)NC2=O)c(OC)cc1OC1CCCCO1,C=CCc1cc(/C=C2\SC(=O)N(CC=C)C2=O)c(OC)cc1OC1CCCCO1,O=C1NC(=O)/C(=C/c2ccc(OC3CCCCO3)cc2)S1,O=C1NC(=O)/C(=C/c2ccc(OC3CCCCO3)cc2)S1,True,False,False,source_identity,1.0,0.696969696969697,,,,,3.6530000000000022,4.551400000000004,0.8984000000000014,True,,,,,,,,,1.0,0.0,1.0,True,,,,,6.0,8.0,2.0,False
scaffold_property_retrieval,mpair_00000748_cond_02_3p,mpair_00000748,eval,3,"LogP,QED,RB",C=CCc1cc(/C=C2\SC(=O)N(C)C2=O)c(OC)cc1OC1CCCCO1,C=CCc1cc(/C=C2\SC(=O)N(CC=C)C2=O)c(OC)cc1OC1CCCCO1,C=CCc1cc(/C=C2\SC(=O)N(C)C2=O)c(OC)cc1OC1CCCCO1,O=C1NC(=O)/C(=C/c2ccc(OC3CCCCO3)cc2)S1,O=C1NC(=O)/C(=C/c2ccc(OC3CCCCO3)cc2)S1,True,False,False,source_identity,1.0,0.8095238095238095,,,,,4.551400000000004,3.9952000000000023,0.5562000000000014,True,0.45838471716690443,0.5413211960634129,0.08293647889650846,True,,,,,,,,,,,,,8.0,6.0,2.0,False
scaffold_property_retrieval,mpair_00000757_cond_02_3p,mpair_00000757,eval,3,"LogP,HBA,RB",COc1cccc(-c2cncc(O[C@@H]3CCNC3)c2)c1,Clc1cccc(-c2cncc(O[C@@H]3CCNC3)c2)c1,COc1cccc(-c2cncc(O[C@@H]3CCNC3)c2)c1,c1ccc(-c2cncc(O[C@@H]3CCNC3)c2)cc1,c1ccc(-c2cncc(O[C@@H]3CCNC3)c2)cc1,True,True,True,source_identity,1.0,0.7446808510638298,,,,,3.1427000000000014,2.4979000000000005,0.6448000000000009,True,,,,,,,,,,,,,3.0,4.0,1.0,True,3.0,4.0,1.0,True
scaffold_property_retrieval,mpair_00001124_cond_01_3p,mpair_00001124,eval,3,"LogP,HBA,RB",COc1ccc(N2CCN(CCC3NC(=O)c4ccccc43)CC2)cc1,Cc1ccc(N2CCN(CCC3NC(=O)c4ccccc43)CC2)cc1C,COc1ccc(N2CCN(CCC3NC(=O)c4ccccc43)CC2)cc1,O=C1NC(CCN2CCN(c3ccccc3)CC2)c2ccccc21,O=C1NC(CCN2CCN(c3ccccc3)CC2)c2ccccc21,True,True,True,source_identity,1.0,0.7037037037037037,,,,,3.3002400000000023,2.692000000000001,0.6082400000000012,True,,,,,,,,,,,,,3.0,4.0,1.0,True,4.0,5.0,1.0,True
scaffold_property_retrieval,mpair_00001131_cond_01_3p,mpair_00001131,eval,3,"HBD,HBA,RB",COc1ccc(N2CCN(CCC3c4ccccc4C(=O)N3C)CC2)cc1,Cc1ccc(N2CCN(CCC3NC(=O)c4ccccc43)CC2)cc1C,COc1ccc(N2CCN(CCC3c4ccccc4C(=O)N3C)CC2)cc1,O=C1NC(CCN2CCN(c3ccccc3)CC2)c2ccccc21,O=C1NC(CCN2CCN(c3ccccc3)CC2)c2ccccc21,True,True,True,source_identity,1.0,0.4444444444444444,,,,,,,,,,,,,,,,,1.0,0.0,1.0,True,3.0,4.0,1.0,True,4.0,5.0,1.0,True
scaffold_property_retrieval,mpair_00001133_cond_02_3p,mpair_00001133,eval,3,"QED,TPSA,HBA",COc1ccccc1CC(=O)NCCC1CCN(CC2COc3ccccc3O2)CC1,O=C(Cc1ccccc1[N+](=O)[O-])NCCC1CCN(CC2COc3ccccc3O2)CC1,COc1ccccc1CC(=O)NCCC1CCN(CC2COc3ccccc3O2)CC1,O=C(Cc1ccccc1)NCCC1CCN(CC2COc3ccccc3O2)CC1,O=C(Cc1ccccc1)NCCC1CCN(CC2COc3ccccc3O2)CC1,True,False,False,source_identity,1.0,0.7164179104477612,,,,,,,,,0.5015202818225966,0.7047088784600517,0.20318859663745514,False,93.94,60.03,33.91,False,,,,,6.0,5.0,1.0,True,,,,
scaffold_property_retrieval,mpair_00002370_cond_02_3p,mpair_00002370,eval,3,"HBD,HBA,RB",CCOC(=O)/C=C/c1cc(C(=O)c2ccc(-n3ccnc3)cc2)cn1C,Cn1cc(C(=O)c2ccc(-n3ccnc3)cc2)cc1/C=C/C(=O)O,CCOC(=O)/C=C/c1cc(C(=O)c2ccc(-n3ccnc3)cc2)cn1C,O=C(c1ccc(-n2ccnc2)cc1)c1cc[nH]c1,O=C(c1ccc(-n2ccnc2)cc1)c1cc[nH]c1,True,True,True,source_identity,1.0,0.7454545454545455,,,,,,,,,,,,,,,,,1.0,0.0,1.0,True,5.0,6.0,1.0,True,5.0,6.0,1.0,True
scaffold_property_retrieval,mpair_00002375_cond_02_3p,mpair_00002375,eval,3,"TPSA,HBD,HBA",COc1cccc2sc([C@@H]3C[C@H]4CC[C@@H](C3)N4C[C@H](O)COc3cccc4[nH]c(C(N)=O)cc34)cc12,COc1cccc2sc([C@@H]3C[C@H]4CC[C@@H](C3)N4C[C@H](O)COc3cccc4[nH]c(C)cc34)cc12,COc1cccc2sc([C@@H]3C[C@H]4CC[C@@H](C3)N4C[C@H](O)COc3cccc4[nH]c(C(N)=O)cc34)cc12,c1ccc2sc([C@@H]3C[C@H]4CC[C@@H](C3)N4CCCOc3cccc4[nH]ccc34)cc2c1,c1ccc2sc([C@@H]3C[C@H]4CC[C@@H](C3)N4CCCOc3cccc4[nH]ccc34)cc2c1,True,False,False,source_identity,1.0,0.7916666666666666,,,,,,,,,,,,,57.720000000000006,100.81,43.089999999999996,False,2.0,3.0,1.0,True,5.0,6.0,1.0,True,,,,
scaffold_property_retrieval,mpair_00002466_cond_00_3p,mpair_00002466,eval,3,"QED,HBA,RB",CN(C)CCCOc1cc(C(=O)Nc2ccc(Cl)cc2F)n(Cc2ccccc2)n1,CN(C)CCCOc1cc(C(=O)Nc2ccc(OC(F)(F)F)cc2)n(Cc2ccccc2)n1,CN(C)CCCOc1cc(C(=O)Nc2ccc(Cl)cc2F)n(Cc2ccccc2)n1,O=C(Nc1ccccc1)c1ccnn1Cc1ccccc1,O=C(Nc1ccccc1)c1ccnn1Cc1ccccc1,True,True,True,source_identity,1.0,0.6428571428571429,,,,,,,,,0.4522382232340766,0.5138601191048354,0.061621895870758836,True,,,,,,,,,6.0,5.0,1.0,True,10.0,9.0,1.0,True
scaffold_property_retrieval,mpair_00002469_cond_02_3p,mpair_00002469,eval,3,"MW,TPSA,HBA",COc1ccc(NC(=O)c2cc(OCCCN(C)C)nn2Cc2ccccc2)cc1,COc1cc(NC(=O)c2cc(OCCCN(C)C)nn2Cc2ccccc2)cc(OC)c1OC,COc1ccc(NC(=O)c2cc(OCCCN(C)C)nn2Cc2ccccc2)cc1,O=C(Nc1ccccc1)c1ccnn1Cc1ccccc1,O=C(Nc1ccccc1)c1ccnn1Cc1ccccc1,True,False,False,source_identity,1.0,0.7741935483870968,468.5540000000002,408.50200000000007,60.052000000000135,False,,,,,,,,,87.08000000000001,68.62,18.460000000000008,True,,,,,8.0,6.0,2.0,False,,,,
scaffold_property_retrieval,mpair_00002472_cond_02_3p,mpair_00002472,eval,3,"MW,LogP,QED",COc1ccc(NC(=O)c2cc(OCCCN(C)C)nn2Cc2ccccc2)cc1,CN(C)CCCOc1cc(C(=O)Nc2cc(F)cc(C(F)(F)F)c2)n(Cc2ccccc2)n1,COc1ccc(NC(=O)c2cc(OCCCN(C)C)nn2Cc2ccccc2)cc1,O=C(Nc1ccccc1)c1ccnn1Cc1ccccc1,O=C(Nc1ccccc1)c1ccnn1Cc1ccccc1,True,False,False,source_identity,1.0,0.6764705882352942,464.4630000000001,408.50200000000007,55.96100000000001,False,4.672100000000003,3.522800000000002,1.149300000000001,False,0.369385517709234,0.5200250404910086,0.15063952278177462,False,,,,,,,,,,,,,,,,
scaffold_property_retrieval,mpair_00002478_cond_01_3p,mpair_00002478,eval,3,"MW,LogP,QED",CN(C)CCCOc1cc(C(=O)Nc2cccc(Cl)c2)n(Cc2ccccc2)n1,CN(C)CCCOc1cc(C(=O)Nc2cc(F)cc(C(F)(F)F)c2)n(Cc2ccccc2)n1,CN(C)CCCOc1cc(C(=O)Nc2cccc(Cl)c2)n(Cc2ccccc2)n1,O=C(Nc1ccccc1)c1ccnn1Cc1ccccc1,O=C(Nc1ccccc1)c1ccnn1Cc1ccccc1,True,False,False,source_identity,1.0,0.6764705882352942,464.4630000000001,412.9210000000001,51.54199999999997,False,4.672100000000003,4.167600000000003,0.5045000000000002,True,0.369385517709234,0.5357556879239462,0.16637017021471223,False,,,,,,,,,,,,,,,,
scaffold_property_retrieval,mpair_00002482_cond_00_3p,mpair_00002482,eval,3,"MW,LogP,QED",COc1ccc(NC(=O)c2cc(OCCCN(C)C)nn2Cc2ccccc2)cc1,CN(C)CCCOc1cc(C(=O)Nc2ccc(OC(F)(F)F)cc2)n(Cc2ccccc2)n1,COc1ccc(NC(=O)c2cc(OCCCN(C)C)nn2Cc2ccccc2)cc1,O=C(Nc1ccccc1)c1ccnn1Cc1ccccc1,O=C(Nc1ccccc1)c1ccnn1Cc1ccccc1,True,False,False,source_identity,1.0,0.8064516129032258,462.4720000000001,408.50200000000007,53.97000000000003,False,4.412800000000003,3.522800000000002,0.8900000000000015,True,0.4522382232340766,0.5200250404910086,0.06778681725693203,True,,,,,,,,,,,,,,,,
scaffold_property_retrieval,mpair_00002488_cond_00_3p,mpair_00002488,eval,3,"LogP,TPSA,HBA",C=Cc1cc(C(=O)OCC)n(S(=O)(=O)c2cc(Cl)ccc2N)c1,CC(C)OC(=O)c1cc(CO)cn1S(=O)(=O)c1cc(Cl)ccc1N,N/C(S)=N/N=C/c1cccn1S(=O)(=O)c1ccccc1,O=S(=O)(c1ccccc1)n1cccc1,O=S(=O)(c1ccccc1)n1cccc1,True,False,False,,0.16,0.14666666666666667,,,,,2.0182,1.3035,0.7147000000000001,True,,,,,111.61999999999999,89.81,21.809999999999988,False,,,,,7.0,5.0,2.0,False,,,,
scaffold_property_retrieval,mpair_00002498_cond_00_3p,mpair_00002498,eval,3,"MW,QED,RB",CCc1ccc(NC2=C(Cl)C(=O)c3ncncc3C2=O)cc1,O=C1C(Nc2cccc(Br)c2)=C(Cl)C(=O)c2ncncc21,O=C1C(Nc2cccc(Cl)c2)=C(Cl)C(=O)c2ncncc21,O=C1C(Nc2ccccc2)=CC(=O)c2ncncc21,O=C1C(Nc2ccccc2)=CC(=O)c2ncncc21,True,False,False,,0.6122448979591837,0.7777777777777778,364.58600000000007,320.135,44.45100000000008,False,,,,,0.885902971993687,0.9205249949064266,0.034622022912739636,True,,,,,,,,,,,,,2.0,2.0,0.0,True
scaffold_property_retrieval,mpair_00002500_cond_02_3p,mpair_00002500,eval,3,"MW,QED,RB",O=C1C(Nc2ccc(Br)cc2)=C(Cl)C(=O)c2ncncc21,CCc1ccc(NC2=C(Cl)C(=O)c3ncncc3C2=O)cc1,O=C1C(Nc2cccc(Cl)c2)=C(Cl)C(=O)c2ncncc21,O=C1C(Nc2ccccc2)=CC(=O)c2ncncc21,O=C1C(Nc2ccccc2)=CC(=O)c2ncncc21,True,True,True,,0.6521739130434783,0.6122448979591837,313.744,320.135,6.390999999999963,True,,,,,0.9428073960459649,0.9205249949064266,0.022282401139538277,True,,,,,,,,,,,,,3.0,2.0,1.0,True
scaffold_property_retrieval,mpair_00002505_cond_01_3p,mpair_00002505,eval,3,"QED,HBA,RB",COc1ccc(C(=O)CN2c3ccccc3C(=O)N(Cc3ccccc3)S2(=O)=O)cc1,O=C(CN1c2ccccc2C(=O)N(Cc2ccccc2)S1(=O)=O)c1ccccc1,COc1ccc(C(=O)CN2c3ccccc3C(=O)N(Cc3ccccc3)S2(=O)=O)cc1,O=C(CN1c2ccccc2C(=O)N(Cc2ccccc2)S1(=O)=O)c1ccccc1,O=C(CN1c2ccccc2C(=O)N(Cc2ccccc2)S1(=O)=O)c1ccccc1,True,True,True,source_identity,1.0,0.7916666666666666,,,,,,,,,0.6096951629926923,0.5539335722556151,0.055761590737077205,True,,,,,,,,,4.0,5.0,1.0,True,5.0,6.0,1.0,True
scaffold_property_retrieval,mpair_00002510_cond_00_3p,mpair_00002510,eval,3,"LogP,TPSA,HBA",CSc1cc(-c2ccc(Br)cc2)oc(=O)c1C#N,CSc1cc(-c2ccc(Br)cc2)oc(=O)c1Cl,CSc1cc(-c2ccc(F)cc2)oc(=O)c1,O=c1cccc(-c2ccccc2)o1,O=c1cccc(-c2ccccc2)o1,True,False,False,,0.3469387755102041,0.3695652173913043,,,,,4.444600000000002,3.1678000000000024,1.2767999999999997,False,,,,,30.21,30.21,0.0,True,,,,,3.0,3.0,0.0,True,,,,
scaffold_property_retrieval,mpair_00002543_cond_01_3p,mpair_00002543,eval,3,"TPSA,HBD,RB",CSc1cc(-c2ccc(Br)cc2)oc(=O)c1Cl,CSc1cc(-c2ccc(Cl)cc2)oc(=O)c1C(N)=O,CSc1cc(-c2ccc(F)cc2)oc(=O)c1,O=c1cccc(-c2ccccc2)o1,O=c1cccc(-c2ccccc2)o1,True,False,False,,0.3695652173913043,0.34,,,,,,,,,,,,,73.30000000000001,30.21,43.09000000000001,False,1.0,0.0,1.0,True,,,,,3.0,2.0,1.0,True
scaffold_property_retrieval,mpair_00002559_cond_02_3p,mpair_00002559,eval,3,"LogP,QED,RB",CN(C(=O)n1nc(-c2ccc(Cl)cc2)nc1SCC(F)(F)F)c1ccccc1,CSc1nc(-c2ccc(C)cc2)nn1C(=O)N(C)c1ccccc1,CN(C(=O)n1nc(-c2ccc(Cl)cc2)nc1SCC(F)(F)F)c1ccccc1,O=C(Nc1ccccc1)n1cnc(-c2ccccc2)n1,O=C(Nc1ccccc1)n1cnc(-c2ccccc2)n1,True,False,False,source_identity,1.0,0.5862068965517241,,,,,4.079920000000002,5.357400000000003,1.2774800000000006,False,0.6753188675979567,0.5270344401044634,0.14828442749349324,False,,,,,,,,,,,,,3.0,4.0,1.0,True
scaffold_property_retrieval,mpair_00002564_cond_02_3p,mpair_00002564,eval,3,"LogP,QED,HBA",CSc1nc(-c2ccc(OC(F)(F)F)cc2)nn1C(=O)N(C)c1ccccc1,CN(C(=O)n1nc(-c2ccc(Cl)cc2)nc1SCC(F)(F)F)c1ccccc1,CSc1nc(-c2ccc(OC(F)(F)F)cc2)nn1C(=O)N(C)c1ccccc1,O=C(Nc1ccccc1)n1cnc(-c2ccccc2)n1,O=C(Nc1ccccc1)n1cnc(-c2ccccc2)n1,True,True,True,source_identity,1.0,0.5967741935483871,,,,,5.357400000000003,4.670100000000003,0.6872999999999996,True,0.5270344401044634,0.5874043626188404,0.060369922514377006,True,,,,,,,,,5.0,6.0,1.0,True,,,,
scaffold_property_retrieval,mpair_00002573_cond_02_3p,mpair_00002573,eval,3,"MW,LogP,QED",COc1cc(C(=O)N2CCN(C(=O)c3cc(OC)c(OC)c(OC)c3)C(COC(=O)CC(C)(C)C)C2)cc(OC)c1OC,COc1cc(C(=O)N2CCN(C(=O)c3cc(OC)c(OC)c(OC)c3)C(COC(C)=O)C2)cc(OC)c1OC,COc1cc(C(=O)N2CCN(C(=O)c3cc(OC)c(OC)c(OC)c3)C(COC(=O)CC(C)(C)C)C2)cc(OC)c1OC,O=C(c1ccccc1)N1CCN(C(=O)c2ccccc2)CC1,O=C(c1ccccc1)N1CCN(C(=O)c2ccccc2)CC1,True,False,False,source_identity,1.0,0.7547169811320755,546.5730000000003,602.6810000000004,56.10800000000006,False,2.2681000000000004,3.684400000000003,1.4163000000000023,False,0.41028124355120477,0.3521539372279048,0.05812730632329999,True,,,,,,,,,,,,,,,,
scaffold_property_retrieval,mpair_00002584_cond_00_3p,mpair_00002584,eval,3,"LogP,QED,HBA",COc1cc(C(=O)N2CCN(C(=O)c3cc(OC)c(OC)c(OC)c3)C(CO)C2)cc(OC)c1OC,COc1cc(C(=O)N2CCN(C(=O)c3cc(OC)c(OC)c(OC)c3)C(COC(C)=O)C2)cc(OC)c1OC,COc1cc(C(=O)N2CCN(C(=O)c3cc(OC)c(OC)c(OC)c3)C(CO)C2)cc(OC)c1OC,O=C(c1ccccc1)N1CCN(C(=O)c2ccccc2)CC1,O=C(c1ccccc1)N1CCN(C(=O)c2ccccc2)CC1,True,False,False,source_identity,1.0,0.75,,,,,2.2681000000000004,1.6973000000000003,0.5708000000000002,True,0.41028124355120477,0.544633228323374,0.13435198477216925,False,,,,,,,,,10.0,9.0,1.0,True,,,,
scaffold_property_retrieval,mpair_00002589_cond_01_3p,mpair_00002589,eval,3,"MW,LogP,HBA",COc1cc(C(=O)N2CCN(C(=O)c3cc(OC)c(OC)c(OC)c3)C(CO)C2)cc(OC)c1OC,CCN(CC)C(=O)OCC1CN(C(=O)c2cc(OC)c(OC)c(OC)c2)CCN1C(=O)c1cc(OC)c(OC)c(OC)c1,COc1cc(C(=O)N2CCN(C(=O)c3cc(OC)c(OC)c(OC)c3)C(CO)C2)cc(OC)c1OC,O=C(c1ccccc1)N1CCN(C(=O)c2ccccc2)CC1,O=C(c1ccccc1)N1CCN(C(=O)c2ccccc2)CC1,True,False,False,source_identity,1.0,0.6792452830188679,603.6690000000003,504.53600000000034,99.13299999999998,False,3.1834000000000024,1.6973000000000003,1.4861000000000022,False,,,,,,,,,,,,,10.0,9.0,1.0,True,,,,
scaffold_property_retrieval,mpair_00002594_cond_02_3p,mpair_00002594,eval,3,"MW,LogP,RB",CCN(CC)C(=O)OCC1CN(C(=O)c2cc(OC)c(OC)c(OC)c2)CCN1C(=O)c1cc(OC)c(OC)c(OC)c1,COc1cc(C(=O)N2CCN(C(=O)c3cc(OC)c(OC)c(OC)c3)C(COC(C)=O)C2)cc(OC)c1OC,CCN(CC)C(=O)OCC1CN(C(=O)c2cc(OC)c(OC)c(OC)c2)CCN1C(=O)c1cc(OC)c(OC)c(OC)c1,O=C(c1ccccc1)N1CCN(C(=O)c2ccccc2)CC1,O=C(c1ccccc1)N1CCN(C(=O)c2ccccc2)CC1,True,False,False,source_identity,1.0,0.7547169811320755,546.5730000000003,603.6690000000003,57.096000000000004,False,2.2681000000000004,3.1834000000000024,0.915300000000002,True,,,,,,,,,,,,,,,,,10.0,12.0,2.0,False
scaffold_property_retrieval,mpair_00002601_cond_00_3p,mpair_00002601,eval,3,"MW,LogP,QED",COc1ccc(C(=O)Nc2ccncc2Cl)c2cccnc12,COc1ccc(C(=O)Nc2ccncc2Cl)c2ccc(C(F)(F)F)nc12,COc1ccc(C(=O)Nc2ccncc2Cl)c2cccnc12,O=C(Nc1ccncc1)c1cccc2ncccc12,O=C(Nc1ccncc1)c1cccc2ncccc12,True,False,False,source_identity,1.0,0.6724137931034483,381.74100000000004,313.744,67.99700000000001,False,4.562900000000002,3.544100000000002,1.0187999999999997,False,0.7218484507203837,0.8029165077767629,0.0810680570563792,True,,,,,,,,,,,,,,,,
scaffold_property_retrieval,mpair_00002605_cond_00_3p,mpair_00002605,eval,3,"TPSA,HBD,RB",COc1ccc(C(=O)Nc2c(Cl)cncc2Cl)c2ccc(C(C)O)nc12,COc1ccc(C(=O)Nc2c(F)cncc2F)c2ccc(C(F)(F)F)nc12,COc1ccc(C(=O)Nc2c(Cl)cncc2Cl)c2ccc(C(C)O)nc12,O=C(Nc1ccncc1)c1cccc2ncccc12,O=C(Nc1ccncc1)c1cccc2ncccc12,True,False,False,source_identity,1.0,0.532258064516129,,,,,,,,,,,,,64.11,84.34,20.230000000000004,False,1.0,2.0,1.0,True,,,,,3.0,4.0,1.0,True
scaffold_property_retrieval,mpair_00002610_cond_01_3p,mpair_00002610,eval,3,"LogP,TPSA,HBD",CCc1ccc2c(C(=O)Nc3c(Cl)cncc3Cl)ccc(OC)c2n1,COc1ccc(C(=O)Nc2c(Cl)cncc2Cl)c2ccc(C(C)O)nc12,CCc1ccc2c(C(=O)Nc3c(Cl)cncc3Cl)ccc(OC)c2n1,O=C(Nc1ccncc1)c1cccc2ncccc12,O=C(Nc1ccncc1)c1cccc2ncccc12,True,False,False,source_identity,1.0,0.6964285714285714,,,,,4.2508000000000035,4.759900000000003,0.5090999999999992,True,,,,,84.34,64.11,20.230000000000004,False,2.0,1.0,1.0,True,,,,,,,,
scaffold_property_retrieval,mpair_00002616_cond_01_3p,mpair_00002616,eval,3,"TPSA,HBA,RB",COc1ccc(C(=O)Nc2c(F)cncc2F)c2ccc(C(F)(F)F)nc12,COc1ccc(C(=O)Nc2c(Cl)cncc2Cl)c2ccc(C(C)=O)nc12,COc1ccc(C(=O)Nc2c(F)cncc2F)c2ccc(C(F)(F)F)nc12,O=C(Nc1ccncc1)c1cccc2ncccc12,O=C(Nc1ccncc1)c1cccc2ncccc12,True,True,True,source_identity,1.0,0.55,,,,,,,,,,,,,81.17999999999999,64.11,17.069999999999993,True,,,,,5.0,4.0,1.0,True,4.0,3.0,1.0,True
scaffold_property_retrieval,mpair_00002622_cond_00_3p,mpair_00002622,eval,3,"MW,QED,RB",CCc1ccc2c(C(=O)Nc3c(Cl)cncc3Cl)ccc(OC)c2n1,COc1ccc(C(=O)Nc2ccncc2Cl)c2cccnc12,CCc1ccc2c(C(=O)Nc3c(Cl)cncc3Cl)ccc(OC)c2n1,O=C(Nc1ccncc1)c1cccc2ncccc12,O=C(Nc1ccncc1)c1cccc2ncccc12,True,False,False,source_identity,1.0,0.5,313.744,376.2430000000001,62.49900000000008,False,,,,,0.8029165077767629,0.7131894410136064,0.08972706676315656,True,,,,,,,,,,,,,3.0,4.0,1.0,True
scaffold_property_retrieval,mpair_00002629_cond_00_3p,mpair_00002629,eval,3,"TPSA,HBA,RB",CC(C)CC(=O)N1C[C@H](c2ccccc2)C[C@H]1C(=O)N[C@@H](CC(F)F)C(=O)NCCc1c(F)cc(C(=O)O)cc1F,CC(C)(C)[C@H](O)C(=O)N1C[C@H](c2ccccc2)C[C@H]1C(=O)N[C@@H](CC(F)F)C(=O)NCCc1c(F)cc(C(=O)O)cc1F,CC(C)CC(=O)N1C[C@H](c2ccccc2)C[C@H]1C(=O)N[C@@H](CC(F)F)C(=O)NCCc1c(F)cc(C(=O)O)cc1F,O=C(CNC(=O)[C@@H]1C[C@@H](c2ccccc2)CN1)NCCc1ccccc1,O=C(CNC(=O)[C@@H]1C[C@@H](c2ccccc2)CN1)NCCc1ccccc1,True,False,False,source_identity,1.0,0.7567567567567568,,,,,,,,,,,,,136.04,115.81000000000002,20.229999999999976,False,,,,,5.0,4.0,1.0,True,11.0,12.0,1.0,True
scaffold_property_retrieval,mpair_00003115_cond_00_3p,mpair_00003115,eval,3,"MW,LogP,QED",Cc1nc2nncnn2c(=O)c1C,Cc1nc2nnc(C(C)(C)C)nn2c(=O)c1C,Cc1nc2nncnn2c(=O)c1C,O=c1ccnc2nncnn12,O=c1ccnc2nncnn12,True,False,False,source_identity,1.0,0.48717948717948717,233.27499999999998,177.167,56.107999999999976,False,0.7938399999999997,-0.5036600000000002,1.2974999999999999,False,0.6723856505150625,0.541825521381232,0.13056012913383053,False,,,,,,,,,,,,,,,,
scaffold_property_retrieval,mpair_00003206_cond_00_3p,mpair_00003206,eval,3,"MW,LogP,HBA",CCOC(=O)N1CCN(S(=O)(=O)c2ccc(-n3ncc(=O)[nH]c3=O)cc2Cl)CC1,Cc1cc(-n2ncc(=O)[nH]c2=O)ccc1S(=O)(=O)N1CCN(C=O)CC1,CCOC(=O)N1CCN(S(=O)(=O)c2ccc(-n3ncc(=O)[nH]c3=O)cc2Cl)CC1,O=c1cnn(-c2ccc(S(=O)(=O)N3CCNCC3)cc2)c(=O)[nH]1,O=c1cnn(-c2ccc(S(=O)(=O)N3CCNCC3)cc2)c(=O)[nH]1,True,False,False,source_identity,1.0,0.5625,379.39800000000025,443.86900000000026,64.471,False,-1.3080799999999981,0.037000000000000144,1.3450799999999983,False,,,,,,,,,,,,,7.0,8.0,1.0,True,,,,
scaffold_property_retrieval,mpair_00003210_cond_00_3p,mpair_00003210,eval,3,"MW,LogP,HBA",CC[C@H]1OC(=O)[C@H](C)[C@@H](O)[C@H](C)[C@@H](OC2O[C@H](C)C[C@H](N(C)C)C2O)[C@@](C)(OC)C[C@@H](C)C(=O)[C@H](C)[C@@H](O)[C@]1(C)O,CC[C@H]1OC(=O)[C@H](C)[C@@H](OC(C)=O)[C@H](C)[C@@H](OC2O[C@H](C)C[C@H](N(C)C)C2O)[C@@](C)(OC)C[C@@H](C)C(=O)[C@H](C)[C@@H](O)[C@]1(C)O,CC[C@H]1OC(=O)[C@H](C)[C@@H](O)[C@H](C)[C@@H](OC2O[C@H](C)C[C@H](N(C)C)C2O)[C@@](C)(OC)C[C@@H](C)C(=O)[C@H](C)[C@@H](O)[C@]1(C)O,O=C1CCCCOC(=O)CCC[C@@H](OC2CCCCO2)CCC1,O=C1CCCCOC(=O)CCC[C@@H](OC2CCCCO2)CCC1,True,False,False,source_identity,1.0,0.821917808219178,631.8040000000003,589.7670000000004,42.03699999999992,False,2.0853000000000033,1.5145000000000022,0.5708000000000011,True,,,,,,,,,,,,,12.0,11.0,1.0,True,,,,
scaffold_property_retrieval,mpair_00003219_cond_01_3p,mpair_00003219,eval,3,"MW,LogP,QED",COc1ccc(S(=O)(=O)N(Cc2cccnc2)c2c(C)cccc2C(=O)NO)cc1,COc1ccc(S(=O)(=O)N(Cc2cccnc2)c2c(C)cc(Br)cc2C(=O)NO)cc1,COc1ccc(S(=O)(=O)N(Cc2cccnc2)c2c(C)cccc2C(=O)NO)cc1,O=S(=O)(c1ccccc1)N(Cc1cccnc1)c1ccccc1,O=S(=O)(c1ccccc1)N(Cc1cccnc1)c1ccccc1,True,False,False,source_identity,1.0,0.819672131147541,506.37800000000016,427.48200000000014,78.89600000000002,False,3.675620000000001,2.91312,0.7625000000000011,True,0.3740614499694089,0.44330794633881315,0.06924649636940428,True,,,,,,,,,,,,,,,,
scaffold_property_retrieval,mpair_00003222_cond_02_3p,mpair_00003222,eval,3,"QED,TPSA,RB",COc1ccc(S(=O)(=O)N(Cc2cccnc2)c2c(C)cc(Br)cc2C(=O)NO)cc1,COC(=O)c1cccc(C(=O)NO)c1N(Cc1cccnc1)S(=O)(=O)c1ccc(OC)cc1,COc1ccc(S(=O)(=O)N(Cc2cccnc2)c2c(C)cc(Br)cc2C(=O)NO)cc1,O=S(=O)(c1ccccc1)N(Cc1cccnc1)c1ccccc1,O=S(=O)(c1ccccc1)N(Cc1cccnc1)c1ccccc1,True,False,False,source_identity,1.0,0.734375,,,,,,,,,0.29046454626646695,0.3740614499694089,0.08359690370294193,True,135.13,108.83000000000001,26.299999999999983,False,,,,,,,,,8.0,7.0,1.0,True
scaffold_property_retrieval,mpair_00003531_cond_02_3p,mpair_00003531,eval,3,"TPSA,HBA,RB",CC(C)Oc1cccc(N(Cc2cccnc2)S(=O)(=O)CC(F)(F)F)c1,CCOC(=O)C(C)Oc1cccc(N(Cc2cccnc2)S(=O)(=O)CC(F)(F)F)c1,CC(C)Oc1cccc(N(Cc2cccnc2)S(=O)(=O)CC(F)(F)F)c1,c1ccc(NCc2cccnc2)cc1,c1ccc(NCc2cccnc2)cc1,True,False,False,source_identity,1.0,0.7796610169491526,,,,,,,,,,,,,85.80000000000001,59.5,26.30000000000001,False,,,,,6.0,4.0,2.0,False,9.0,7.0,2.0,False
scaffold_property_retrieval,mpair_00003540_cond_00_3p,mpair_00003540,eval,3,"QED,TPSA,HBA",CCCC(C)Oc1cccc(N(Cc2cccnc2)S(=O)(=O)CC(F)(F)F)c1,CCOC(=O)C(C)Oc1cccc(N(Cc2cccnc2)S(=O)(=O)CC(F)(F)F)c1,CCCC(C)Oc1cccc(N(Cc2cccnc2)S(=O)(=O)CC(F)(F)F)c1,c1ccc(NCc2cccnc2)cc1,c1ccc(NCc2cccnc2)cc1,True,False,False,source_identity,1.0,0.746031746031746,,,,,,,,,0.5496815697636838,0.6018859517288218,0.05220438196513799,True,85.80000000000001,59.5,26.30000000000001,False,,,,,6.0,4.0,2.0,False,,,,
scaffold_property_retrieval,mpair_00003545_cond_01_3p,mpair_00003545,eval,3,"LogP,QED,RB",CCCC(C)Oc1cccc(N(Cc2cccnc2)S(=O)(=O)CC(F)(F)F)c1,CC(C)Oc1cccc(N(Cc2cccnc2)S(=O)(=O)CC(F)(F)F)c1,CCCC(C)Oc1cccc(N(Cc2cccnc2)S(=O)(=O)CC(F)(F)F)c1,c1ccc(NCc2cccnc2)cc1,c1ccc(NCc2cccnc2)cc1,True,False,False,source_identity,1.0,0.8070175438596491,,,,,3.7675000000000027,4.547700000000003,0.7802000000000007,True,0.7245796953652621,0.6018859517288218,0.12269374363644037,False,,,,,,,,,,,,,7.0,9.0,2.0,False
scaffold_property_retrieval,mpair_00000014_cond_01_4p,mpair_00000014,eval,4,"MW,LogP,TPSA,HBA",O=C(O)[C@@H]1C[C@H]2C[C@@H](CCS(=O)(=O)O)CC[C@H]2CN1,O=C(O)CC[C@H]1CC[C@H]2CN[C@H](C(=O)O)C[C@H]2C1,O=C(O)[C@@H]1C[C@H]2C[C@@H](CCS(=O)(=O)O)CC[C@H]2CN1,C1CC[C@H]2CNCC[C@H]2C1,C1CC[C@H]2CNCC[C@H]2C1,True,False,False,source_identity,1.0,0.6829268292682927,255.314,291.36899999999997,36.05499999999998,False,1.3301999999999996,0.7433000000000001,0.5868999999999995,True,,,,,86.63000000000001,103.7,17.069999999999993,True,,,,,3.0,4.0,1.0,True,,,,
scaffold_property_retrieval,mpair_00000322_cond_01_4p,mpair_00000322,eval,4,"MW,QED,HBA,RB",N[C@@H](C(=O)N[C@@H]1C(=O)N2C(C(=O)O)=C(C(F)(F)F)CC[C@H]12)c1cccc(C(F)(F)F)c1,CSC1=C(C(=O)O)N2C(=O)[C@@H](NC(=O)[C@H](N)c3ccccc3)[C@H]2CC1,N[C@@H](C(=O)N[C@@H]1C(=O)N2C(C(=O)O)=C(C(F)(F)F)CC[C@H]12)c1cccc(C(F)(F)F)c1,O=C(Cc1ccccc1)N[C@@H]1C(=O)N2C=CCC[C@H]12,O=C(Cc1ccccc1)N[C@@H]1C(=O)N2C=CCC[C@H]12,True,False,False,source_identity,1.0,0.5757575757575758,361.42300000000006,451.3230000000001,89.90000000000003,False,,,,,0.6699274889764619,0.4795891963980345,0.19033829257842744,False,,,,,,,,,5.0,4.0,1.0,True,5.0,4.0,1.0,True
scaffold_property_retrieval,mpair_00000326_cond_01_4p,mpair_00000326,eval,4,"QED,TPSA,HBD,RB",N[C@@H](C(=O)N[C@@H]1C(=O)N2C(C(=O)O)=C(C(F)(F)F)CC[C@H]12)c1ccc(O)cc1,CSC1=C(C(=O)O)N2C(=O)[C@@H](NC(=O)[C@H](N)c3ccccc3)[C@H]2CC1,N[C@@H](C(=O)N[C@@H]1C(=O)N2C(C(=O)O)=C(C(F)(F)F)CC[C@H]12)c1ccc(O)cc1,O=C(Cc1ccccc1)N[C@@H]1C(=O)N2C=CCC[C@H]12,O=C(Cc1ccccc1)N[C@@H]1C(=O)N2C=CCC[C@H]12,True,False,False,source_identity,1.0,0.5873015873015873,,,,,,,,,0.6699274889764619,0.5533729404309352,0.11655454854552671,False,112.73,132.96,20.230000000000004,False,3.0,4.0,1.0,True,,,,,5.0,4.0,1.0,True
scaffold_property_retrieval,mpair_00000334_cond_02_4p,mpair_00000334,eval,4,"MW,QED,TPSA,RB",CSC1=C(C(=O)O)N2C(=O)[C@@H](NC(=O)[C@H](N)c3ccccc3)[C@H]2CC1,N[C@@H](C(=O)N[C@@H]1C(=O)N2C(C(=O)O)=C(C(F)(F)F)CC[C@H]12)c1ccc(O)cc1,CSC1=C(C(=O)O)N2C(=O)[C@@H](NC(=O)[C@H](N)c3ccccc3)[C@H]2CC1,O=C(Cc1ccccc1)N[C@@H]1C(=O)N2C=CCC[C@H]12,O=C(Cc1ccccc1)N[C@@H]1C(=O)N2C=CCC[C@H]12,True,False,False,source_identity,1.0,0.5873015873015873,399.3250000000001,361.42300000000006,37.902000000000044,False,,,,,0.5533729404309352,0.6699274889764619,0.11655454854552671,False,132.96,112.73,20.230000000000004,False,,,,,,,,,4.0,5.0,1.0,True
scaffold_property_retrieval,mpair_00000586_cond_02_4p,mpair_00000586,eval,4,"QED,TPSA,HBD,HBA",OC[C@@H]1N[C@@H](CCCCc2cc(F)cc(F)c2)[C@H](O)[C@H]1O,OC[C@@H]1N[C@@H](CCCCc2ccc(O)cc2)[C@H](O)[C@H]1O,OC[C@@H]1N[C@@H](CCCCc2cc(F)cc(F)c2)[C@H](O)[C@H]1O,c1ccc(CCCC[C@H]2CCCN2)cc1,c1ccc(CCCC[C@H]2CCCN2)cc1,True,False,False,source_identity,1.0,0.625,,,,,,,,,0.47902706341404183,0.5846986769843887,0.10567161357034688,False,92.95,72.72,20.230000000000004,False,5.0,4.0,1.0,True,5.0,4.0,1.0,True,,,,
scaffold_property_retrieval,mpair_00000726_cond_01_4p,mpair_00000726,eval,4,"MW,LogP,QED,HBD",C=CCc1cc(/C=C2\SC(=O)NC2=O)c(OC)cc1OC1CCCCO1,C=CCc1cc(/C=C2\SC(=O)N(CC=C)C2=O)c(OC)cc1OC1CCCCO1,C=CCc1cc(/C=C2\SC(=O)NC2=O)c(OC)cc1OC1CCCCO1,O=C1NC(=O)/C(=C/c2ccc(OC3CCCCO3)cc2)S1,O=C1NC(=O)/C(=C/c2ccc(OC3CCCCO3)cc2)S1,True,False,False,source_identity,1.0,0.696969696969697,415.51100000000025,375.4460000000002,40.065000000000055,False,4.551400000000004,3.6530000000000022,0.8984000000000014,True,0.45838471716690443,0.6042673504148035,0.14588263324789907,False,,,,,0.0,1.0,1.0,True,,,,,,,,
scaffold_property_retrieval,mpair_00000734_cond_00_4p,mpair_00000734,eval,4,"MW,LogP,QED,RB",C=CCc1cc(/C=C2\SC(=O)N(CCCC)C2=O)c(OC)cc1OC1CCCCO1,C=CCc1cc(/C=C2\SC(=O)N(C)C2=O)c(OC)cc1OC1CCCCO1,C=CCc1cc(/C=C2\SC(=O)N(CCCC)C2=O)c(OC)cc1OC1CCCCO1,O=C1NC(=O)/C(=C/c2ccc(OC3CCCCO3)cc2)S1,O=C1NC(=O)/C(=C/c2ccc(OC3CCCCO3)cc2)S1,True,False,False,source_identity,1.0,0.7878787878787878,389.4730000000002,431.55400000000026,42.081000000000074,False,3.9952000000000023,5.165500000000004,1.170300000000002,False,0.5413211960634129,0.39718598618589046,0.14413520987752243,False,,,,,,,,,,,,,6.0,9.0,3.0,False
scaffold_property_retrieval,mpair_00000753_cond_01_4p,mpair_00000753,eval,4,"MW,TPSA,HBA,RB",O=C1CCC[C@H]2OC[C@@H](Cc3c[nH]c4ccccc34)N12,COC(=O)C[C@@H]1CC(=O)N2[C@H](Cc3c[nH]c4ccccc34)CO[C@@H]2C1,O=C1CCC[C@H]2OC[C@@H](Cc3c[nH]c4ccccc34)N12,O=C1CCC[C@H]2OC[C@@H](Cc3c[nH]c4ccccc34)N12,O=C1CCC[C@H]2OC[C@@H](Cc3c[nH]c4ccccc34)N12,True,False,False,source_identity,1.0,0.578125,342.39500000000015,270.33200000000005,72.0630000000001,False,,,,,,,,,71.63000000000001,45.330000000000005,26.300000000000004,False,,,,,4.0,2.0,2.0,False,4.0,2.0,2.0,False
scaffold_property_retrieval,mpair_00001117_cond_02_4p,mpair_00001117,eval,4,"MW,HBD,HBA,RB",COc1ccc(N2CCN(CCC3c4ccccc4C(=O)N3C)CC2)cc1,O=C1NC(CCN2CCN(c3ccccc3)CC2)c2ccccc21,COc1ccc(N2CCN(CCC3c4ccccc4C(=O)N3C)CC2)cc1,O=C1NC(CCN2CCN(c3ccccc3)CC2)c2ccccc21,O=C1NC(CCN2CCN(c3ccccc3)CC2)c2ccccc21,True,False,False,source_identity,1.0,0.47368421052631576,321.4240000000001,365.47700000000015,44.053000000000054,False,,,,,,,,,,,,,1.0,0.0,1.0,True,3.0,4.0,1.0,True,4.0,5.0,1.0,True
scaffold_property_retrieval,mpair_00001131_cond_02_4p,mpair_00001131,eval,4,"QED,HBD,HBA,RB",COc1ccc(N2CCN(CCC3c4ccccc4C(=O)N3C)CC2)cc1,Cc1ccc(N2CCN(CCC3NC(=O)c4ccccc43)CC2)cc1C,COc1ccc(N2CCN(CCC3c4ccccc4C(=O)N3C)CC2)cc1,O=C1NC(CCN2CCN(c3ccccc3)CC2)c2ccccc21,O=C1NC(CCN2CCN(c3ccccc3)CC2)c2ccccc21,True,False,False,source_identity,1.0,0.4444444444444444,,,,,,,,,0.9198864151307602,0.8160326048332845,0.10385381029747565,False,,,,,1.0,0.0,1.0,True,3.0,4.0,1.0,True,4.0,5.0,1.0,True
scaffold_property_retrieval,mpair_00001618_cond_02_4p,mpair_00001618,eval,4,"QED,TPSA,HBA,RB",CC1CC(C)(C)Nc2ccc3c(c21)COc1c(F)cc(F)cc1-3,CC1CC(C)(C)Nc2ccc3c(c21)COc1c-3cc(F)cc1[N+](=O)[O-],CC1CC(C)(C)Nc2ccc3c(c21)COc1c(F)cc(F)cc1-3,c1ccc2c(c1)OCc1c-2ccc2c1CCCN2,c1ccc2c(c1)OCc1c-2ccc2c1CCCN2,True,False,False,source_identity,1.0,0.7321428571428571,,,,,,,,,0.5855235809891088,0.719238819171056,0.1337152381819472,False,64.39999999999999,21.259999999999998,43.13999999999999,False,,,,,4.0,2.0,2.0,False,1.0,0.0,1.0,True
scaffold_property_retrieval,mpair_00002465_cond_02_4p,mpair_00002465,eval,4,"MW,QED,HBA,RB",CN(C)CCCOc1cc(C(=O)Nc2ccc(OC(F)(F)F)cc2)n(Cc2ccccc2)n1,CN(C)CCCOc1cc(C(=O)Nc2cccc(Cl)c2)n(Cc2ccccc2)n1,CN(C)CCCOc1cc(C(=O)Nc2ccc(OC(F)(F)F)cc2)n(Cc2ccccc2)n1,O=C(Nc1ccccc1)c1ccnn1Cc1ccccc1,O=C(Nc1ccccc1)c1ccnn1Cc1ccccc1,True,False,False,source_identity,1.0,0.696969696969697,412.9210000000001,462.4720000000001,49.55099999999999,False,,,,,0.5357556879239462,0.4522382232340766,0.08351746468986965,True,,,,,,,,,5.0,6.0,1.0,True,9.0,10.0,1.0,True
scaffold_property_retrieval,mpair_00002481_cond_01_4p,mpair_00002481,eval,4,"LogP,TPSA,HBA,RB",COc1cc(NC(=O)c2cc(OCCCN(C)C)nn2Cc2ccccc2)cc(OC)c1OC,CN(C)CCCOc1cc(C(=O)Nc2cc(F)cc(C(F)(F)F)c2)n(Cc2ccccc2)n1,COc1cc(NC(=O)c2cc(OCCCN(C)C)nn2Cc2ccccc2)cc(OC)c1OC,O=C(Nc1ccccc1)c1ccnn1Cc1ccccc1,O=C(Nc1ccccc1)c1ccnn1Cc1ccccc1,True,False,False,source_identity,1.0,0.6811594202898551,,,,,4.672100000000003,3.5400000000000027,1.1321000000000003,False,,,,,59.39,87.08000000000001,27.690000000000012,False,,,,,5.0,8.0,3.0,False,9.0,12.0,3.0,False
scaffold_property_retrieval,mpair_00002492_cond_00_4p,mpair_00002492,eval,4,"LogP,TPSA,HBD,HBA",CC(C)OC(=O)c1cc(CO)cn1S(=O)(=O)c1cc(Cl)ccc1N,C=Cc1cc(C(=O)OCC)n(S(=O)(=O)c2cc(Cl)ccc2N)c1,N/C(S)=N/N=C/c1cccn1S(=O)(=O)c1ccccc1,O=S(=O)(c1ccccc1)n1cccc1,O=S(=O)(c1ccccc1)n1cccc1,True,False,False,,0.14666666666666667,0.16,,,,,2.7804,1.3035,1.4769,False,,,,,91.39,89.81,1.5799999999999983,True,1.0,2.0,1.0,True,6.0,5.0,1.0,True,,,,
scaffold_property_retrieval,mpair_00002522_cond_00_4p,mpair_00002522,eval,4,"MW,LogP,TPSA,HBD",CSc1cc(-c2ccc(Cl)cc2)oc(=O)c1,CSc1cc(-c2ccc(Cl)cc2)oc(=O)c1C(N)=O,CSc1cc(-c2ccc(F)cc2)oc(=O)c1,O=c1cccc(-c2ccccc2)o1,O=c1cccc(-c2ccccc2)o1,True,False,False,,0.7142857142857143,0.34,295.747,236.26699999999997,59.48000000000005,False,2.7810000000000006,3.1678000000000024,0.3868000000000018,True,,,,,73.30000000000001,30.21,43.09000000000001,False,1.0,0.0,1.0,True,,,,,,,,
scaffold_property_retrieval,mpair_00002558_cond_01_4p,mpair_00002558,eval,4,"MW,QED,HBA,RB",CSc1nc(-c2ccc(OC(F)(F)F)cc2)nn1C(=O)N(C)c1ccccc1,CSc1nc(-c2ccc(Cl)cc2)nn1C(=O)N(C)c1ccccc1,CSc1nc(-c2ccc(OC(F)(F)F)cc2)nn1C(=O)N(C)c1ccccc1,O=C(Nc1ccccc1)n1cnc(-c2ccccc2)n1,O=C(Nc1ccccc1)n1cnc(-c2ccccc2)n1,True,False,False,source_identity,1.0,0.7037037037037037,358.85400000000004,408.4050000000001,49.551000000000045,False,,,,,0.6499636794176425,0.5874043626188404,0.06255931679880211,True,,,,,,,,,5.0,6.0,1.0,True,3.0,4.0,1.0,True
scaffold_property_retrieval,mpair_00002568_cond_01_4p,mpair_00002568,eval,4,"MW,QED,TPSA,RB",COc1cc(C(=O)N2CCN(C(=O)c3cc(OC)c(OC)c(OC)c3)C(CO)C2)cc(OC)c1OC,COc1cc(C(=O)N2CCN(C(=O)c3cc(OC)c(OC)c(OC)c3)C(COC(=O)NCCC(C)C)C2)cc(OC)c1OC,COc1cc(C(=O)N2CCN(C(=O)c3cc(OC)c(OC)c(OC)c3)C(CO)C2)cc(OC)c1OC,O=C(c1ccccc1)N1CCN(C(=O)c2ccccc2)CC1,O=C(c1ccccc1)N1CCN(C(=O)c2ccccc2)CC1,True,False,False,source_identity,1.0,0.631578947368421,617.6960000000003,504.53600000000034,113.15999999999991,False,,,,,0.3561059094946873,0.544633228323374,0.18852731882868673,False,134.33,116.23000000000002,18.099999999999994,True,,,,,,,,,13.0,9.0,4.0,False
scaffold_property_retrieval,mpair_00002576_cond_02_4p,mpair_00002576,eval,4,"MW,QED,HBD,RB",COc1cc(C(=O)N2CCN(C(=O)c3cc(OC)c(OC)c(OC)c3)C(COC(C)=O)C2)cc(OC)c1OC,COc1cc(C(=O)N2CCN(C(=O)c3cc(OC)c(OC)c(OC)c3)C(COC(=O)NCCC(C)C)C2)cc(OC)c1OC,COc1cc(C(=O)N2CCN(C(=O)c3cc(OC)c(OC)c(OC)c3)C(COC(C)=O)C2)cc(OC)c1OC,O=C(c1ccccc1)N1CCN(C(=O)c2ccccc2)CC1,O=C(c1ccccc1)N1CCN(C(=O)c2ccccc2)CC1,True,False,False,source_identity,1.0,0.7017543859649122,617.6960000000003,546.5730000000003,71.12299999999993,False,,,,,0.3561059094946873,0.41028124355120477,0.05417533405651748,True,,,,,1.0,0.0,1.0,True,,,,,13.0,10.0,3.0,False
scaffold_property_retrieval,mpair_00002591_cond_01_4p,mpair_00002591,eval,4,"MW,LogP,QED,HBD",COc1cc(C(=O)N2CCN(C(=O)c3cc(OC)c(OC)c(OC)c3)C(COC(=O)NCCC(C)C)C2)cc(OC)c1OC,COc1cc(C(=O)N2CCN(C(=O)c3cc(OC)c(OC)c(OC)c3)CC2)cc(OC)c1OC,COc1cc(C(=O)N2CCN(C(=O)c3cc(OC)c(OC)c(OC)c3)C(COC(=O)NCCC(C)C)C2)cc(OC)c1OC,O=C(c1ccccc1)N1CCN(C(=O)c2ccccc2)CC1,O=C(c1ccccc1)N1CCN(C(=O)c2ccccc2)CC1,True,False,False,source_identity,1.0,0.48148148148148145,474.51000000000033,617.6960000000003,143.18599999999992,False,2.3364000000000003,3.4773000000000023,1.140900000000002,False,0.5754127815390553,0.3561059094946873,0.219306872044368,False,,,,,0.0,1.0,1.0,True,,,,,,,,
scaffold_property_retrieval,mpair_00002595_cond_00_4p,mpair_00002595,eval,4,"MW,QED,HBA,RB",COc1cc(C(=O)N2CCN(C(=O)c3cc(OC)c(OC)c(OC)c3)CC2)cc(OC)c1OC,COc1cc(C(=O)N2CCN(C(=O)c3cc(OC)c(OC)c(OC)c3)C(COC(=O)CC(C)(C)C)C2)cc(OC)c1OC,COc1cc(C(=O)N2CCN(C(=O)c3cc(OC)c(OC)c(OC)c3)CC2)cc(OC)c1OC,O=C(c1ccccc1)N1CCN(C(=O)c2ccccc2)CC1,O=C(c1ccccc1)N1CCN(C(=O)c2ccccc2)CC1,True,False,False,source_identity,1.0,0.52,602.6810000000004,474.51000000000033,128.17100000000005,False,,,,,0.3521539372279048,0.5754127815390553,0.2232588443111505,False,,,,,,,,,10.0,8.0,2.0,False,11.0,8.0,3.0,False
scaffold_property_retrieval,mpair_00002607_cond_01_4p,mpair_00002607,eval,4,"LogP,QED,TPSA,HBA",COc1ccc(C(=O)Nc2ccncc2Cl)c2cccnc12,COc1ccc(C(=O)Nc2c(Cl)cncc2Cl)c2ccc(C(C)=O)nc12,COc1ccc(C(=O)Nc2ccncc2Cl)c2cccnc12,O=C(Nc1ccncc1)c1cccc2ncccc12,O=C(Nc1ccncc1)c1cccc2ncccc12,True,False,False,source_identity,1.0,0.5081967213114754,,,,,4.400100000000002,3.544100000000002,0.8559999999999999,True,0.6681926051832562,0.8029165077767629,0.13472390259350675,False,81.17999999999999,64.11,17.069999999999993,True,,,,,5.0,4.0,1.0,True,,,,
scaffold_property_retrieval,mpair_00002614_cond_00_4p,mpair_00002614,eval,4,"MW,QED,HBA,RB",COc1ccc(C(=O)Nc2c(Cl)cncc2Cl)c2cccnc12,COc1ccc(C(=O)Nc2c(Cl)cncc2Cl)c2ccc(C(C)=O)nc12,COc1ccc(C(=O)Nc2c(Cl)cncc2Cl)c2cccnc12,O=C(Nc1ccncc1)c1cccc2ncccc12,O=C(Nc1ccncc1)c1cccc2ncccc12,True,False,False,source_identity,1.0,0.6666666666666666,390.22600000000017,348.1890000000001,42.03700000000009,False,,,,,0.6681926051832562,0.7706046174674384,0.10241201228418217,False,,,,,,,,,5.0,4.0,1.0,True,4.0,3.0,1.0,True
scaffold_property_retrieval,mpair_00002622_cond_02_4p,mpair_00002622,eval,4,"MW,LogP,QED,RB",CCc1ccc2c(C(=O)Nc3c(Cl)cncc3Cl)ccc(OC)c2n1,COc1ccc(C(=O)Nc2ccncc2Cl)c2cccnc12,CCc1ccc2c(C(=O)Nc3c(Cl)cncc3Cl)ccc(OC)c2n1,O=C(Nc1ccncc1)c1cccc2ncccc12,O=C(Nc1ccncc1)c1cccc2ncccc12,True,False,False,source_identity,1.0,0.5,313.744,376.2430000000001,62.49900000000008,False,3.544100000000002,4.759900000000003,1.2158000000000007,False,0.8029165077767629,0.7131894410136064,0.08972706676315656,True,,,,,,,,,,,,,3.0,4.0,1.0,True
scaffold_property_retrieval,mpair_00002631_cond_00_4p,mpair_00002631,eval,4,"LogP,TPSA,HBD,HBA",CC(C)(C)[C@H](O)C(=O)N1C[C@H](c2ccccc2)C[C@H]1C(=O)N[C@@H](CC(F)F)C(=O)NCCc1c(F)cc(C(=O)O)cc1F,CC(C)CC(=O)N1C[C@H](c2ccccc2)C[C@H]1C(=O)N[C@@H](CC(F)F)C(=O)NCCc1c(F)cc(C(=O)O)cc1F,CC(C)(C)[C@H](O)C(=O)N1C[C@H](c2ccccc2)C[C@H]1C(=O)N[C@@H](CC(F)F)C(=O)NCCc1c(F)cc(C(=O)O)cc1F,O=C(CNC(=O)[C@@H]1C[C@@H](c2ccccc2)CN1)NCCc1ccccc1,O=C(CNC(=O)[C@@H]1C[C@@H](c2ccccc2)CN1)NCCc1ccccc1,True,False,False,source_identity,1.0,0.7567567567567568,,,,,3.892500000000002,3.253400000000001,0.6391000000000009,True,,,,,115.81000000000002,136.04,20.229999999999976,False,3.0,4.0,1.0,True,4.0,5.0,1.0,True,,,,
scaffold_property_retrieval,mpair_00003117_cond_00_4p,mpair_00003117,eval,4,"MW,LogP,TPSA,HBA",Cc1c[nH]c2c1C13CC1CN(C(=O)OC(C)(C)C)C3=CC2=O,COC(=O)c1cc2c([nH]1)C(=O)C=C1N(C(=O)OC(C)(C)C)CC3CC123,Cc1c[nH]c2c1C13CC1CN(C(=O)OC(C)(C)C)C3=CC2=O,O=C1C=C2NCC3CC23c2cc[nH]c21,O=C1C=C2NCC3CC23c2cc[nH]c21,True,False,False,source_identity,1.0,0.5873015873015873,344.36700000000013,300.358,44.00900000000013,False,2.389900000000001,2.9117200000000016,0.5218200000000008,True,,,,,88.7,62.4,26.300000000000004,False,,,,,5.0,3.0,2.0,False,,,,
scaffold_property_retrieval,mpair_00003213_cond_01_4p,mpair_00003213,eval,4,"MW,QED,HBA,RB",CC(C)NC(=O)c1ccc2c(Nc3ccc(Cl)cc3)nc(N3CCOCC3)nc2c1,Clc1ccc(Nc2nc(N3CCOCC3)nc3ccccc23)cc1,CC(C)NC(=O)c1ccc2c(Nc3ccc(Cl)cc3)nc(N3CCOCC3)nc2c1,c1ccc(Nc2nc(N3CCOCC3)nc3ccccc23)cc1,c1ccc(Nc2nc(N3CCOCC3)nc3ccccc23)cc1,True,False,False,source_identity,1.0,0.6,340.81399999999996,425.92000000000024,85.10600000000028,False,,,,,0.784150666451108,0.6427710577069246,0.14137960874418343,False,,,,,,,,,5.0,6.0,1.0,True,3.0,5.0,2.0,False
scaffold_property_retrieval,mpair_00003222_cond_00_4p,mpair_00003222,eval,4,"LogP,QED,TPSA,RB",COc1ccc(S(=O)(=O)N(Cc2cccnc2)c2c(C)cc(Br)cc2C(=O)NO)cc1,COC(=O)c1cccc(C(=O)NO)c1N(Cc1cccnc1)S(=O)(=O)c1ccc(OC)cc1,COc1ccc(S(=O)(=O)N(Cc2cccnc2)c2c(C)cc(Br)cc2C(=O)NO)cc1,O=S(=O)(c1ccccc1)N(Cc1cccnc1)c1ccccc1,O=S(=O)(c1ccccc1)N(Cc1cccnc1)c1ccccc1,True,False,False,source_identity,1.0,0.734375,,,,,2.391300000000001,3.675620000000001,1.2843200000000001,False,0.29046454626646695,0.3740614499694089,0.08359690370294193,True,135.13,108.83000000000001,26.299999999999983,False,,,,,,,,,8.0,7.0,1.0,True
scaffold_property_retrieval,mpair_00003532_cond_01_4p,mpair_00003532,eval,4,"LogP,QED,TPSA,HBA",CCOC(=O)C(C)Oc1cccc(N(Cc2cccnc2)S(=O)(=O)CC(F)(F)F)c1,CCCC(C)Oc1cccc(N(Cc2cccnc2)S(=O)(=O)CC(F)(F)F)c1,CCOC(=O)C(C)Oc1cccc(N(Cc2cccnc2)S(=O)(=O)CC(F)(F)F)c1,c1ccc(NCc2cccnc2)cc1,c1ccc(NCc2cccnc2)cc1,True,False,False,source_identity,1.0,0.746031746031746,,,,,4.547700000000003,3.3107000000000024,1.237000000000001,False,0.6018859517288218,0.5496815697636838,0.05220438196513799,True,59.5,85.80000000000001,26.30000000000001,False,,,,,4.0,6.0,2.0,False,,,,
scaffold_property_retrieval,mpair_00003536_cond_02_4p,mpair_00003536,eval,4,"MW,LogP,QED,RB",COc1cccc(N(Cc2cccnc2)S(=O)(=O)CC(F)(F)F)c1,CCC(C)COc1cccc(N(Cc2cccnc2)S(=O)(=O)CC(F)(F)F)c1,COc1cccc(N(Cc2cccnc2)S(=O)(=O)CC(F)(F)F)c1,c1ccc(NCc2cccnc2)cc1,c1ccc(NCc2cccnc2)cc1,True,False,False,source_identity,1.0,0.7413793103448276,416.4650000000001,360.3570000000001,56.108000000000004,False,4.405200000000004,2.988900000000002,1.4163000000000023,False,0.6078002459089881,0.7946521442277092,0.18685189831872118,False,,,,,,,,,,,,,9.0,6.0,3.0,False
scaffold_property_retrieval,mpair_00000010_cond_02_5p,mpair_00000010,eval,5,"MW,LogP,QED,HBA,RB",O=C(c1ccccc1C(F)(F)F)N1C[C@H](CN2CCC(c3ccccc3)CC2)[C@@H](c2ccccc2)C1,COc1cccc(C(=O)N2C[C@H](CN3CCC(c4ccccc4)CC3)[C@@H](c3ccccc3)C2)c1,O=C(c1ccccc1C(F)(F)F)N1C[C@H](CN2CCC(c3ccccc3)CC2)[C@@H](c2ccccc2)C1,O=C(c1ccccc1)N1C[C@H](CN2CCC(c3ccccc3)CC2)[C@@H](c2ccccc2)C1,O=C(c1ccccc1)N1C[C@H](CN2CCC(c3ccccc3)CC2)[C@@H](c2ccccc2)C1,True,False,False,source_identity,1.0,0.578125,454.61400000000015,492.5850000000002,37.97100000000006,False,5.430600000000005,6.4408000000000065,1.010200000000001,False,0.49786269936596683,0.4092272471712491,0.08863545219471775,True,,,,,,,,,3.0,2.0,1.0,True,6.0,5.0,1.0,True
scaffold_property_retrieval,mpair_00000327_cond_00_5p,mpair_00000327,eval,5,"MW,LogP,QED,HBA,RB",CSC1=C(C(=O)O)N2C(=O)[C@@H](NC(=O)[C@H](N)c3ccccc3)[C@H]2CC1,N[C@@H](C(=O)N[C@@H]1C(=O)N2C(C(=O)O)=C(C(F)(F)F)CC[C@H]12)c1cccc(C(F)(F)F)c1,CSC1=C(C(=O)O)N2C(=O)[C@@H](NC(=O)[C@H](N)c3ccccc3)[C@H]2CC1,O=C(Cc1ccccc1)N[C@@H]1C(=O)N2C=CCC[C@H]12,O=C(Cc1ccccc1)N[C@@H]1C(=O)N2C=CCC[C@H]12,True,False,False,source_identity,1.0,0.5757575757575758,451.3230000000001,361.42300000000006,89.90000000000003,False,2.0955999999999997,0.8350000000000002,1.2605999999999995,False,0.4795891963980345,0.6699274889764619,0.19033829257842744,False,,,,,,,,,4.0,5.0,1.0,True,4.0,5.0,1.0,True
scaffold_property_retrieval,mpair_00000335_cond_01_5p,mpair_00000335,eval,5,"MW,LogP,TPSA,HBD,HBA",N[C@@H](C(=O)N[C@@H]1C(=O)N2C(C(=O)O)=C(C(F)(F)F)CC[C@H]12)c1cccc(Br)c1,N[C@@H](C(=O)N[C@@H]1C(=O)N2C(C(=O)O)=C(C(F)(F)F)CC[C@H]12)c1ccc(O)cc1,N[C@@H](C(=O)N[C@@H]1C(=O)N2C(C(=O)O)=C(C(F)(F)F)CC[C@H]12)c1cccc(Br)c1,O=C(Cc1ccccc1)N[C@@H]1C(=O)N2C=CCC[C@H]12,O=C(Cc1ccccc1)N[C@@H]1C(=O)N2C=CCC[C@H]12,True,False,False,source_identity,1.0,0.7377049180327869,399.3250000000001,462.2220000000001,62.89699999999999,False,0.7823999999999993,1.8392999999999997,1.0569000000000004,False,,,,,132.96,112.73,20.230000000000004,False,4.0,3.0,1.0,True,5.0,4.0,1.0,True,,,,
scaffold_property_retrieval,mpair_00000586_cond_01_5p,mpair_00000586,eval,5,"LogP,QED,TPSA,HBD,HBA",OC[C@@H]1N[C@@H](CCCCc2cc(F)cc(F)c2)[C@H](O)[C@H]1O,OC[C@@H]1N[C@@H](CCCCc2ccc(O)cc2)[C@H](O)[C@H]1O,OC[C@@H]1N[C@@H](CCCCc2cc(F)cc(F)c2)[C@H](O)[C@H]1O,c1ccc(CCCC[C@H]2CCCN2)cc1,c1ccc(CCCC[C@H]2CCCN2)cc1,True,False,False,source_identity,1.0,0.625,,,,,0.15949999999999964,0.7320999999999995,0.5725999999999999,True,0.47902706341404183,0.5846986769843887,0.10567161357034688,False,92.95,72.72,20.230000000000004,False,5.0,4.0,1.0,True,5.0,4.0,1.0,True,,,,
scaffold_property_retrieval,mpair_00000762_cond_00_5p,mpair_00000762,eval,5,"MW,LogP,QED,HBA,RB",Clc1cccc(-c2cc(O[C@@H]3CCNC3)cnc2Cl)c1,COc1cccc(-c2cncc(O[C@@H]3CCNC3)c2)c1,Clc1cccc(-c2cc(O[C@@H]3CCNC3)cnc2Cl)c1,c1ccc(-c2cncc(O[C@@H]3CCNC3)c2)cc1,c1ccc(-c2cncc(O[C@@H]3CCNC3)c2)cc1,True,False,False,source_identity,1.0,0.5,270.33199999999994,309.196,38.86400000000009,False,2.4979000000000005,3.796100000000002,1.2982000000000014,False,0.9267061641096688,0.8758671086324237,0.0508390554772451,True,,,,,,,,,4.0,3.0,1.0,True,4.0,3.0,1.0,True
scaffold_property_retrieval,mpair_00002472_cond_01_5p,mpair_00002472,eval,5,"MW,LogP,QED,HBA,RB",COc1ccc(NC(=O)c2cc(OCCCN(C)C)nn2Cc2ccccc2)cc1,CN(C)CCCOc1cc(C(=O)Nc2cc(F)cc(C(F)(F)F)c2)n(Cc2ccccc2)n1,COc1ccc(NC(=O)c2cc(OCCCN(C)C)nn2Cc2ccccc2)cc1,O=C(Nc1ccccc1)c1ccnn1Cc1ccccc1,O=C(Nc1ccccc1)c1ccnn1Cc1ccccc1,True,False,False,source_identity,1.0,0.6764705882352942,464.4630000000001,408.50200000000007,55.96100000000001,False,4.672100000000003,3.522800000000002,1.149300000000001,False,0.369385517709234,0.5200250404910086,0.15063952278177462,False,,,,,,,,,5.0,6.0,1.0,True,9.0,10.0,1.0,True
scaffold_property_retrieval,mpair_00002508_cond_02_5p,mpair_00002508,eval,5,"LogP,QED,TPSA,HBD,RB",CSc1cc(-c2ccc(Br)cc2)oc(=O)c1C#N,CSc1cc(-c2ccc(Cl)cc2)oc(=O)c1C(N)=O,CSc1cc(-c2ccc(F)cc2)oc(=O)c1,O=c1cccc(-c2ccccc2)o1,O=c1cccc(-c2ccccc2)o1,True,False,False,,0.3469387755102041,0.34,,,,,2.7810000000000006,3.1678000000000024,0.3868000000000018,True,0.8837306867126842,0.7501191134076561,0.13361157330502804,False,73.30000000000001,30.21,43.09000000000001,False,1.0,0.0,1.0,True,,,,,3.0,2.0,1.0,True
scaffold_property_retrieval,mpair_00002541_cond_02_5p,mpair_00002541,eval,5,"MW,QED,TPSA,HBA,RB",CCOC(=O)c1c(SC)c(C#N)c(-c2ccc(Br)cc2)oc1=O,CSc1cc(-c2ccc(Br)cc2)oc(=O)c1C#N,CSc1cc(-c2ccc(F)cc2)oc(=O)c1,O=c1cccc(-c2ccccc2)o1,O=c1cccc(-c2ccccc2)o1,True,False,False,,0.203125,0.3469387755102041,322.1830000000001,236.26699999999997,85.91600000000014,False,,,,,0.791886779601309,0.7501191134076561,0.04176766619365291,True,54.0,30.21,23.79,False,,,,,4.0,3.0,1.0,True,2.0,2.0,0.0,True
scaffold_property_retrieval,mpair_00002570_cond_00_5p,mpair_00002570,eval,5,"MW,LogP,QED,HBA,RB",CCN(CC)C(=O)OCC1CN(C(=O)c2cc(OC)c(OC)c(OC)c2)CCN1C(=O)c1cc(OC)c(OC)c(OC)c1,COc1cc(C(=O)N2CCN(C(=O)c3cc(OC)c(OC)c(OC)c3)CC2)cc(OC)c1OC,CCN(CC)C(=O)OCC1CN(C(=O)c2cc(OC)c(OC)c(OC)c2)CCN1C(=O)c1cc(OC)c(OC)c(OC)c1,O=C(c1ccccc1)N1CCN(C(=O)c2ccccc2)CC1,O=C(c1ccccc1)N1CCN(C(=O)c2ccccc2)CC1,True,False,False,source_identity,1.0,0.52,474.51000000000033,603.6690000000003,129.159,False,2.3364000000000003,3.1834000000000024,0.8470000000000022,True,0.5754127815390553,0.3571777118480848,0.2182350696909705,False,,,,,,,,,8.0,10.0,2.0,False,8.0,12.0,4.0,False
scaffold_property_retrieval,mpair_00002587_cond_02_5p,mpair_00002587,eval,5,"LogP,TPSA,HBD,HBA,RB",COc1cc(C(=O)N2CCN(C(=O)c3cc(OC)c(OC)c(OC)c3)C(CO)C2)cc(OC)c1OC,COc1cc(C(=O)N2CCN(C(=O)c3cc(OC)c(OC)c(OC)c3)CC2)cc(OC)c1OC,COc1cc(C(=O)N2CCN(C(=O)c3cc(OC)c(OC)c(OC)c3)C(CO)C2)cc(OC)c1OC,O=C(c1ccccc1)N1CCN(C(=O)c2ccccc2)CC1,O=C(c1ccccc1)N1CCN(C(=O)c2ccccc2)CC1,True,False,False,source_identity,1.0,0.6341463414634146,,,,,2.3364000000000003,1.6973000000000003,0.6391,True,,,,,96.00000000000001,116.23000000000002,20.230000000000004,False,0.0,1.0,1.0,True,8.0,9.0,1.0,True,8.0,9.0,1.0,True
scaffold_property_retrieval,mpair_00002595_cond_01_5p,mpair_00002595,eval,5,"LogP,QED,TPSA,HBA,RB",COc1cc(C(=O)N2CCN(C(=O)c3cc(OC)c(OC)c(OC)c3)CC2)cc(OC)c1OC,COc1cc(C(=O)N2CCN(C(=O)c3cc(OC)c(OC)c(OC)c3)C(COC(=O)CC(C)(C)C)C2)cc(OC)c1OC,COc1cc(C(=O)N2CCN(C(=O)c3cc(OC)c(OC)c(OC)c3)CC2)cc(OC)c1OC,O=C(c1ccccc1)N1CCN(C(=O)c2ccccc2)CC1,O=C(c1ccccc1)N1CCN(C(=O)c2ccccc2)CC1,True,False,False,source_identity,1.0,0.52,,,,,3.684400000000003,2.3364000000000003,1.3480000000000025,False,0.3521539372279048,0.5754127815390553,0.2232588443111505,False,122.30000000000001,96.00000000000001,26.299999999999997,False,,,,,10.0,8.0,2.0,False,11.0,8.0,3.0,False
scaffold_property_retrieval,mpair_00002630_cond_02_5p,mpair_00002630,eval,5,"LogP,QED,TPSA,HBD,HBA",CC(C)CC(=O)N1C[C@H](c2ccccc2)C[C@H]1C(=O)N[C@@H](CC(F)F)C(=O)NCCc1c(F)cc(C(=O)O)cc1F,CC(C)[C@@H](O)C(=O)N1C[C@H](c2ccccc2)C[C@H]1C(=O)N[C@@H](CC(F)F)C(=O)NCCc1c(F)cc(C(=O)O)cc1F,CC(C)CC(=O)N1C[C@H](c2ccccc2)C[C@H]1C(=O)N[C@@H](CC(F)F)C(=O)NCCc1c(F)cc(C(=O)O)cc1F,O=C(CNC(=O)[C@@H]1C[C@@H](c2ccccc2)CN1)NCCc1ccccc1,O=C(CNC(=O)[C@@H]1C[C@@H](c2ccccc2)CN1)NCCc1ccccc1,True,False,False,source_identity,1.0,0.7916666666666666,,,,,2.8633000000000006,3.892500000000002,1.0292000000000012,False,0.2789053789646464,0.3302613314122171,0.051355952447570685,True,136.04,115.81000000000002,20.229999999999976,False,4.0,3.0,1.0,True,5.0,4.0,1.0,True,,,,
scaffold_property_retrieval,mpair_00003214_cond_02_5p,mpair_00003214,eval,5,"MW,TPSA,HBD,HBA,RB",Clc1ccc(Nc2nc(N3CCOCC3)nc3ccccc23)cc1,CC(C)NC(=O)c1ccc2c(Nc3ccc(Cl)cc3)nc(N3CCOCC3)nc2c1,Clc1ccc(Nc2nc(N3CCOCC3)nc3ccccc23)cc1,c1ccc(Nc2nc(N3CCOCC3)nc3ccccc23)cc1,c1ccc(Nc2nc(N3CCOCC3)nc3ccccc23)cc1,True,False,False,source_identity,1.0,0.6,425.92000000000024,340.81399999999996,85.10600000000028,False,,,,,,,,,79.38000000000001,50.28,29.10000000000001,False,2.0,1.0,1.0,True,6.0,5.0,1.0,True,5.0,3.0,2.0,False
scaffold_property_retrieval,mpair_00003539_cond_02_5p,mpair_00003539,eval,5,"LogP,QED,TPSA,HBA,RB",O=S(=O)(CC(F)(F)F)N(Cc1cccnc1)c1cccc(OC(F)(F)F)c1,CCOC(=O)C(C)Oc1cccc(N(Cc2cccnc2)S(=O)(=O)CC(F)(F)F)c1,O=S(=O)(CC(F)(F)F)N(Cc1cccnc1)c1cccc(OC(F)(F)F)c1,c1ccc(NCc2cccnc2)cc1,c1ccc(NCc2cccnc2)cc1,True,False,False,source_identity,1.0,0.6885245901639344,,,,,3.3107000000000024,3.8789000000000025,0.5682,True,0.5496815697636838,0.6736163493728189,0.12393477960913513,False,85.80000000000001,59.5,26.30000000000001,False,,,,,6.0,4.0,2.0,False,9.0,6.0,3.0,False
scaffold_property_retrieval,mpair_00001115_cond_00_6p,mpair_00001115,eval,6,"LogP,QED,TPSA,HBD,HBA,RB",COc1ccc(N2CCN(CCC3NC(=O)c4ccccc43)CC2)cc1,CN1C(=O)c2ccccc2C1CCN1CCN(c2ccc(Cl)cc2)CC1,COc1ccc(N2CCN(CCC3NC(=O)c4ccccc43)CC2)cc1,O=C1NC(CCN2CCN(c3ccccc3)CC2)c2ccccc21,O=C1NC(CCN2CCN(c3ccccc3)CC2)c2ccccc21,True,True,True,source_identity,1.0,0.48333333333333334,,,,,3.679000000000003,2.692000000000001,0.9870000000000019,True,0.8221231339252668,0.8996022198661571,0.07747908594089026,True,26.790000000000006,44.81,18.019999999999996,True,0.0,1.0,1.0,True,3.0,4.0,1.0,True,4.0,5.0,1.0,True
scaffold_property_retrieval,mpair_00002568_cond_02_6p,mpair_00002568,eval,6,"MW,LogP,QED,TPSA,HBA,RB",COc1cc(C(=O)N2CCN(C(=O)c3cc(OC)c(OC)c(OC)c3)C(CO)C2)cc(OC)c1OC,COc1cc(C(=O)N2CCN(C(=O)c3cc(OC)c(OC)c(OC)c3)C(COC(=O)NCCC(C)C)C2)cc(OC)c1OC,COc1cc(C(=O)N2CCN(C(=O)c3cc(OC)c(OC)c(OC)c3)C(CO)C2)cc(OC)c1OC,O=C(c1ccccc1)N1CCN(C(=O)c2ccccc2)CC1,O=C(c1ccccc1)N1CCN(C(=O)c2ccccc2)CC1,True,False,False,source_identity,1.0,0.631578947368421,617.6960000000003,504.53600000000034,113.15999999999991,False,3.4773000000000023,1.6973000000000003,1.780000000000002,False,0.3561059094946873,0.544633228323374,0.18852731882868673,False,134.33,116.23000000000002,18.099999999999994,True,,,,,10.0,9.0,1.0,True,13.0,9.0,4.0,False
scaffold_property_retrieval,mpair_00002583_cond_00_6p,mpair_00002583,eval,6,"MW,LogP,QED,HBD,HBA,RB",CCN(CC)C(=O)OCC1CN(C(=O)c2cc(OC)c(OC)c(OC)c2)CCN1C(=O)c1cc(OC)c(OC)c(OC)c1,COc1cc(C(=O)N2CCN(C(=O)c3cc(OC)c(OC)c(OC)c3)C(CO)C2)cc(OC)c1OC,CCN(CC)C(=O)OCC1CN(C(=O)c2cc(OC)c(OC)c(OC)c2)CCN1C(=O)c1cc(OC)c(OC)c(OC)c1,O=C(c1ccccc1)N1CCN(C(=O)c2ccccc2)CC1,O=C(c1ccccc1)N1CCN(C(=O)c2ccccc2)CC1,True,False,False,source_identity,1.0,0.6792452830188679,504.53600000000034,603.6690000000003,99.13299999999998,False,1.6973000000000003,3.1834000000000024,1.4861000000000022,False,0.544633228323374,0.3571777118480848,0.18745551647528924,False,,,,,1.0,0.0,1.0,True,9.0,10.0,1.0,True,9.0,12.0,3.0,False
scaffold_property_retrieval,mpair_00002607_cond_00_6p,mpair_00002607,eval,6,"MW,LogP,QED,TPSA,HBA,RB",COc1ccc(C(=O)Nc2ccncc2Cl)c2cccnc12,COc1ccc(C(=O)Nc2c(Cl)cncc2Cl)c2ccc(C(C)=O)nc12,COc1ccc(C(=O)Nc2ccncc2Cl)c2cccnc12,O=C(Nc1ccncc1)c1cccc2ncccc12,O=C(Nc1ccncc1)c1cccc2ncccc12,True,False,False,source_identity,1.0,0.5081967213114754,390.22600000000017,313.744,76.48200000000014,False,4.400100000000002,3.544100000000002,0.8559999999999999,True,0.6681926051832562,0.8029165077767629,0.13472390259350675,False,81.17999999999999,64.11,17.069999999999993,True,,,,,5.0,4.0,1.0,True,4.0,3.0,1.0,True
scaffold_property_retrieval,mpair_00003214_cond_00_6p,mpair_00003214,eval,6,"MW,QED,TPSA,HBD,HBA,RB",Clc1ccc(Nc2nc(N3CCOCC3)nc3ccccc23)cc1,CC(C)NC(=O)c1ccc2c(Nc3ccc(Cl)cc3)nc(N3CCOCC3)nc2c1,Clc1ccc(Nc2nc(N3CCOCC3)nc3ccccc23)cc1,c1ccc(Nc2nc(N3CCOCC3)nc3ccccc23)cc1,c1ccc(Nc2nc(N3CCOCC3)nc3ccccc23)cc1,True,False,False,source_identity,1.0,0.6,425.92000000000024,340.81399999999996,85.10600000000028,False,,,,,0.6427710577069246,0.784150666451108,0.14137960874418343,False,79.38000000000001,50.28,29.10000000000001,False,2.0,1.0,1.0,True,6.0,5.0,1.0,True,5.0,3.0,2.0,False
scaffold_property_retrieval,mpair_00002514_cond_01_7p,mpair_00002514,eval,7,"MW,LogP,QED,TPSA,HBD,HBA,RB",CSc1cc(-c2ccc(Cl)cc2)oc(=O)c1Br,CSc1cc(-c2ccc(Cl)cc2)oc(=O)c1C(N)=O,CSc1cc(-c2ccc(F)cc2)oc(=O)c1,O=c1cccc(-c2ccccc2)o1,O=c1cccc(-c2ccccc2)o1,True,False,False,,0.3695652173913043,0.34,295.747,236.26699999999997,59.48000000000005,False,2.7810000000000006,3.1678000000000024,0.3868000000000018,True,0.8837306867126842,0.7501191134076561,0.13361157330502804,False,73.30000000000001,30.21,43.09000000000001,False,1.0,0.0,1.0,True,4.0,3.0,1.0,True,3.0,2.0,1.0,True
scaffold_property_retrieval,mpair_00002551_cond_02_7p,mpair_00002551,eval,7,"MW,LogP,QED,TPSA,HBD,HBA,RB",CSc1cc(-c2ccc(Cl)cc2)oc(=O)c1C(N)=O,CSc1cc(-c2ccc(Br)cc2)oc(=O)c1Cl,CSc1cc(-c2ccc(F)cc2)oc(=O)c1,O=c1cccc(-c2ccccc2)o1,O=c1cccc(-c2ccccc2)o1,True,False,False,,0.34,0.3695652173913043,331.61800000000005,236.26699999999997,95.35100000000008,False,4.444600000000002,3.1678000000000024,1.2767999999999997,False,0.7618841288913727,0.7501191134076561,0.011765015483716557,True,30.21,30.21,0.0,True,0.0,0.0,0.0,True,3.0,3.0,0.0,True,2.0,2.0,0.0,True
edit_latent_source_similarity_rerank,mpair_00000002_cond_01_2p,mpair_00000002,eval,2,"LogP,QED",O=C(c1cccc(Cl)c1)N1C[C@H](CN2CCC(c3ccccc3)CC2)[C@@H](c2ccccc2)C1,O=C(c1ccccc1F)N1C[C@H](CN2CCC(c3ccccc3)CC2)[C@@H](c2ccccc2)C1,Cc1c(-c2ccc(Oc3ccccc3)cc2)nc2ccc(F)cc2c1C(=O)O,O=C(c1ccccc1)N1C[C@H](CN2CCC(c3ccccc3)CC2)[C@@H](c2ccccc2)C1,c1ccc(Oc2ccc(-c3ccc4ccccc4n3)cc2)cc1,False,True,False,,0.12345679012345678,0.14285714285714285,,,,,5.561100000000006,5.839820000000004,0.2787199999999981,True,0.5164092889512721,0.4881411329109268,0.028268156040345327,True,,,,,,,,,,,,,,,,
edit_latent_source_similarity_rerank,mpair_00000005_cond_00_2p,mpair_00000005,eval,2,"HBA,RB",O=C(c1ccccc1F)N1C[C@H](CN2CCC(c3ccccc3)CC2)[C@@H](c2ccccc2)C1,COc1cccc(C(=O)N2C[C@H](CN3CCC(c4ccccc4)CC3)[C@@H](c3ccccc3)C2)c1,COc1cccc(CC(O)CN2CCC(c3ccccc3)CC2)c1,O=C(c1ccccc1)N1C[C@H](CN2CCC(c3ccccc3)CC2)[C@@H](c2ccccc2)C1,c1ccc(CCCN2CCC(c3ccccc3)CC2)cc1,False,True,False,,0.30434782608695654,0.47692307692307695,,,,,,,,,,,,,,,,,,,,,3.0,3.0,0.0,True,6.0,6.0,0.0,True
edit_latent_source_similarity_rerank,mpair_00000007_cond_01_2p,mpair_00000007,eval,2,"LogP,QED",O=C(c1ccccc1F)N1C[C@H](CN2CCC(c3ccccc3)CC2)[C@@H](c2ccccc2)C1,O=C(c1cccc(Cl)c1)N1C[C@H](CN2CCC(c3ccccc3)CC2)[C@@H](c2ccccc2)C1,COC(=O)c1cc(-c2ccccc2F)c2c(c1)N(c1c(Cl)cccc1Cl)C(=O)NC2,O=C(c1ccccc1)N1C[C@H](CN2CCC(c3ccccc3)CC2)[C@@H](c2ccccc2)C1,O=C1NCc2c(-c3ccccc3)cccc2N1c1ccccc1,False,True,False,,0.16666666666666666,0.1744186046511628,,,,,6.075400000000006,5.947400000000004,0.12800000000000278,True,0.4625029539066648,0.5074427577815838,0.04493980387491897,True,,,,,,,,,,,,,,,,
edit_latent_source_similarity_rerank,mpair_00000011_cond_00_2p,mpair_00000011,eval,2,"HBA,RB",COc1cccc(C(=O)N2C[C@H](CN3CCC(c4ccccc4)CC3)[C@@H](c3ccccc3)C2)c1,O=C(c1ccccc1F)N1C[C@H](CN2CCC(c3ccccc3)CC2)[C@@H](c2ccccc2)C1,CCC(CN1CCC(c2ccccc2)CC1)OC(C)=O,O=C(c1ccccc1)N1C[C@H](CN2CCC(c3ccccc3)CC2)[C@@H](c2ccccc2)C1,c1ccc(C2CCNCC2)cc1,False,True,False,,0.3787878787878788,0.3709677419354839,,,,,,,,,,,,,,,,,,,,,2.0,3.0,1.0,True,5.0,5.0,0.0,True
edit_latent_source_similarity_rerank,mpair_00000013_cond_01_2p,mpair_00000013,eval,2,"MW,LogP",COc1cccc(C(=O)N2C[C@H](CN3CCC(c4ccccc4)CC3)[C@@H](c3ccccc3)C2)c1,O=C(c1ccccc1C(F)(F)F)N1C[C@H](CN2CCC(c3ccccc3)CC2)[C@@H](c2ccccc2)C1,COc1ccc2ncc(NC(=O)Nc3ccc(F)cc3F)c(-c3ccccc3)c2c1,O=C(c1ccccc1)N1C[C@H](CN2CCC(c3ccccc3)CC2)[C@@H](c2ccccc2)C1,O=C(Nc1ccccc1)Nc1cnc2ccccc2c1-c1ccccc1,False,False,False,,0.19767441860465115,0.1111111111111111,492.5850000000002,405.4040000000001,87.1810000000001,False,6.4408000000000065,5.832600000000004,0.6082000000000027,True,,,,,,,,,,,,,,,,,,,,
edit_latent_source_similarity_rerank,mpair_00000021_cond_02_2p,mpair_00000021,eval,2,"TPSA,HBA",N#Cc1ccc(COC[C@H]2C3CC(c4ccc(F)cc4)(CO3)[C@@H]2C/C=C/CCCC(=O)O)cc1,O=C(O)CCC/C=C/C[C@@H]1[C@@H](COCc2ccccc2)C2CC1(c1ccccc1)CO2,CN(C[C@@H](CCN1CCC(c2ccc(Cl)cc2)CC1)c1cccc(Cl)c1)S(=O)(=O)c1ccccc1,c1ccc(COC[C@@H]2CC3(c4ccccc4)COC2C3)cc1,O=S(=O)(NC[C@@H](CCN1CCC(c2ccccc2)CC1)c1ccccc1)c1ccccc1,False,True,False,,0.09009009009009009,0.12121212121212122,,,,,,,,,,,,,55.760000000000005,40.620000000000005,15.14,True,,,,,3.0,3.0,0.0,True,,,,
edit_latent_source_similarity_rerank,mpair_00000328_cond_00_2p,mpair_00000328,eval,2,"MW,QED",N[C@@H](C(=O)N[C@@H]1C(=O)N2C(C(=O)O)=C(C(F)(F)F)CC[C@H]12)c1ccc(F)cc1,N[C@@H](C(=O)N[C@@H]1C(=O)N2C(C(=O)O)=C(C(F)(F)F)CC[C@H]12)c1cccc(Br)c1,COC(=O)c1sc(C(C)(C)C)cc1NC(=O)Nc1ccc(Oc2ccccc2)cc1,O=C(Cc1ccccc1)N[C@@H]1C(=O)N2C=CCC[C@H]12,O=C(Nc1ccc(Oc2ccccc2)cc1)Nc1ccsc1,False,False,False,,0.11627906976744186,0.13636363636363635,462.2220000000001,424.52200000000016,37.69999999999993,False,,,,,0.5917241763797754,0.47343143664640636,0.11829273973336901,False,,,,,,,,,,,,,,,,
edit_latent_source_similarity_rerank,mpair_00000337_cond_00_2p,mpair_00000337,eval,2,"MW,LogP",N[C@@H](C(=O)N[C@@H]1C(=O)N2C(C(=O)O)=C(C(F)(F)F)CC[C@H]12)c1cccc(C(F)(F)F)c1,N[C@@H](C(=O)N[C@@H]1C(=O)N2C(C(=O)O)=C(C(F)(F)F)CC[C@H]12)c1ccc(F)cc1,CN1CCN(c2c(F)cc3c(=O)c(C(=O)O)cn(C4CC4)c3c2F)CC1,O=C(Cc1ccccc1)N[C@@H]1C(=O)N2C=CCC[C@H]12,O=c1ccn(C2CC2)c2cc(N3CCNCC3)ccc12,False,False,False,,0.1744186046511628,0.18292682926829268,401.3160000000001,363.3640000000002,37.951999999999884,False,1.2158999999999993,2.0646,0.8487000000000007,True,,,,,,,,,,,,,,,,,,,,
edit_latent_source_similarity_rerank,mpair_00000584_cond_00_2p,mpair_00000584,eval,2,"TPSA,HBD",OC[C@@H]1N[C@@H](CCCCc2ccc(O)cc2)[C@H](O)[C@H]1O,Cc1ccc(CCCC[C@@H]2N[C@@H](CO)[C@H](O)[C@H]2O)cc1,N[C@@H](Cc1ccc(O)cc1)C(=O)N[C@H](C(=O)O)c1ccccc1,c1ccc(CCCC[C@H]2CCCN2)cc1,O=C(CCc1ccccc1)NCc1ccccc1,False,False,False,,0.19298245614035087,0.11290322580645161,,,,,,,,,,,,,72.72,112.64999999999999,39.92999999999999,False,4.0,4.0,0.0,True,,,,,,,,
edit_latent_source_similarity_rerank,mpair_00000589_cond_00_2p,mpair_00000589,eval,2,"HBA,RB",COc1ccc(CCCC[C@@H]2N[C@@H](CO)[C@H](O)[C@H]2O)cc1,OC[C@@H]1N[C@@H](CCCCc2ccc(F)cc2)[C@H](O)[C@H]1O,COC(=O)CCCc1nc(N)nc(N)c1-c1ccccc1,c1ccc(CCCC[C@H]2CCCN2)cc1,c1ccc(-c2cncnc2)cc1,False,False,False,,0.15151515151515152,0.10606060606060606,,,,,,,,,,,,,,,,,,,,,4.0,6.0,2.0,False,6.0,5.0,1.0,True
edit_latent_source_similarity_rerank,mpair_00000590_cond_02_2p,mpair_00000590,eval,2,"HBD,RB",OC[C@@H]1N[C@@H](CCCCc2ccc(O)cc2)[C@H](O)[C@H]1O,COc1ccc(CCCC[C@@H]2N[C@@H](CO)[C@H](O)[C@H]2O)cc1,CC(C)NCC(O)COC(=O)c1ccc(O)cc1,c1ccc(CCCC[C@H]2CCCN2)cc1,c1ccccc1,False,True,False,,0.16071428571428573,0.11290322580645161,,,,,,,,,,,,,,,,,4.0,3.0,1.0,True,,,,,7.0,6.0,1.0,True
edit_latent_source_similarity_rerank,mpair_00000592_cond_02_2p,mpair_00000592,eval,2,"HBA,RB",COc1ccc(CCCC[C@@H]2N[C@@H](CO)[C@H](O)[C@H]2O)cc1,Cc1ccc(CCCC[C@@H]2N[C@@H](CO)[C@H](O)[C@H]2O)cc1,CCO/C(O)=C1\C(C)=NC(C)=C(C(=O)OC)C1c1ccc(OC)cc1,c1ccc(CCCC[C@H]2CCCN2)cc1,C=C1C=NC=CC1c1ccccc1,False,False,False,,0.2153846153846154,0.11764705882352941,,,,,,,,,,,,,,,,,,,,,4.0,6.0,2.0,False,6.0,5.0,1.0,True
edit_latent_source_similarity_rerank,mpair_00000594_cond_01_2p,mpair_00000594,eval,2,"HBA,RB",COc1ccc(CCCC[C@@H]2N[C@@H](CO)[C@H](O)[C@H]2O)cc1,OC[C@@H]1N[C@@H](CCCCc2cc(F)cc(F)c2)[C@H](O)[C@H]1O,COc1ccc2c(O)cc(=O)n(Cc3ccc(-c4ccccc4C(=O)O)cc3)c2c1,c1ccc(CCCC[C@H]2CCCN2)cc1,O=c1ccc2ccccc2n1Cc1ccc(-c2ccccc2)cc1,False,True,False,,0.20833333333333334,0.09090909090909091,,,,,,,,,,,,,,,,,,,,,4.0,5.0,1.0,True,6.0,5.0,1.0,True
edit_latent_source_similarity_rerank,mpair_00000596_cond_02_2p,mpair_00000596,eval,2,"HBA,RB",OC[C@@H]1N[C@@H](CCCCc2ccc(F)cc2)[C@H](O)[C@H]1O,COc1ccc(CCCC[C@@H]2N[C@@H](CO)[C@H](O)[C@H]2O)cc1,COc1cc(NS(C)(=O)=O)ccc1Nc1c2ccc([N+](=O)[O-])cc2nc2c(C)cccc12,c1ccc(CCCC[C@H]2CCCN2)cc1,c1ccc(Nc2c3ccccc3nc3ccccc23)cc1,False,False,False,,0.08235294117647059,0.13095238095238096,,,,,,,,,,,,,,,,,,,,,5.0,7.0,2.0,False,7.0,6.0,1.0,True
edit_latent_source_similarity_rerank,mpair_00000724_cond_02_2p,mpair_00000724,eval,2,"MW,RB",C=CCc1cc(/C=C2\SC(=O)N(CC=C(C)C)C2=O)c(OC)cc1OC1CCCCO1,C=CCc1cc(/C=C2\SC(=O)N(C)C2=O)c(OC)cc1OC1CCCCO1,CCc1ccc(OCCN2CCN(C(=O)c3cc4ccccc4[nH]3)CC2)cc1,O=C1NC(=O)/C(=C/c2ccc(OC3CCCCO3)cc2)S1,O=C(c1cc2ccccc2[nH]1)N1CCN(CCOc2ccccc2)CC1,False,True,False,,0.0970873786407767,0.10416666666666667,389.4730000000002,377.48800000000006,11.985000000000127,True,,,,,,,,,,,,,,,,,,,,,6.0,6.0,0.0,True
edit_latent_source_similarity_rerank,mpair_00000729_cond_00_2p,mpair_00000729,eval,2,"LogP,QED",C=CCc1cc(/C=C2\SC(=O)N(CC=C(C)C)C2=O)c(OC)cc1OC1CCCCO1,C=CCc1cc(/C=C2\SC(=O)N(CC=C)C2=O)c(OC)cc1OC1CCCCO1,COc1cccc(C(=O)CCCCN2CCN(c3ccc(Cl)cc3)CC2)c1,O=C1NC(=O)/C(=C/c2ccc(OC3CCCCO3)cc2)S1,O=C(CCCCN1CCN(c2ccccc2)CC1)c1ccccc1,False,True,False,,0.12121212121212122,0.11578947368421053,,,,,4.551400000000004,4.523800000000004,0.027599999999999625,True,0.45838471716690443,0.49280804986914006,0.03442333270223563,True,,,,,,,,,,,,,,,,
edit_latent_source_similarity_rerank,mpair_00000731_cond_00_2p,mpair_00000731,eval,2,"QED,RB",C=CCc1cc(/C=C2\SC(=O)N(C(C)C)C2=O)c(OC)cc1OC1CCCCO1,C=CCc1cc(/C=C2\SC(=O)N(CC=C(C)C)C2=O)c(OC)cc1OC1CCCCO1,CC[C@@H](C(=O)Nc1ccc2ccn(Cc3ccc(C(=O)O)cc3OC)c2c1)c1ccccc1,O=C1NC(=O)/C(=C/c2ccc(OC3CCCCO3)cc2)S1,O=C(Cc1ccccc1)Nc1ccc2ccn(Cc3ccccc3)c2c1,False,True,False,,0.14705882352941177,0.14150943396226415,,,,,,,,,0.3995752918375223,0.3760363167900869,0.02353897504743535,True,,,,,,,,,,,,,8.0,8.0,0.0,True
edit_latent_source_similarity_rerank,mpair_00000734_cond_01_2p,mpair_00000734,eval,2,"LogP,QED",C=CCc1cc(/C=C2\SC(=O)N(CCCC)C2=O)c(OC)cc1OC1CCCCO1,C=CCc1cc(/C=C2\SC(=O)N(C)C2=O)c(OC)cc1OC1CCCCO1,COc1ccccc1N1CCN(Cc2ccn(-c3ccccc3)c2)CC1,O=C1NC(=O)/C(=C/c2ccc(OC3CCCCO3)cc2)S1,c1ccc(N2CCN(Cc3ccn(-c4ccccc4)c3)CC2)cc1,False,False,False,,0.11956521739130435,0.12790697674418605,,,,,3.9952000000000023,3.808100000000003,0.18709999999999916,True,0.5413211960634129,0.7001159740296066,0.15879477796619368,False,,,,,,,,,,,,,,,,
edit_latent_source_similarity_rerank,mpair_00000736_cond_02_2p,mpair_00000736,eval,2,"QED,RB",C=CCc1cc(/C=C2\SC(=O)N(CCCC)C2=O)c(OC)cc1OC1CCCCO1,C=CCc1cc(/C=C2\SC(=O)N(C(C)C)C2=O)c(OC)cc1OC1CCCCO1,COc1ccc(C2(O)OC(=O)C(c3ccc4c(c3)OCO4)=C2Cc2ccccc2)c(OC)c1,O=C1NC(=O)/C(=C/c2ccc(OC3CCCCO3)cc2)S1,O=C1OC(c2ccccc2)C(Cc2ccccc2)=C1c1ccc2c(c1)OCO2,False,False,False,,0.15841584158415842,0.16326530612244897,,,,,,,,,0.4701504427149941,0.5763885753668812,0.10623813265188703,False,,,,,,,,,,,,,7.0,6.0,1.0,True
edit_latent_source_similarity_rerank,mpair_00000738_cond_01_2p,mpair_00000738,eval,2,"LogP,RB",C=CCc1cc(/C=C2\SC(=O)N(C(C)C)C2=O)c(OC)cc1OC1CCCCO1,C=CCc1cc(/C=C2\SC(=O)N(C)C2=O)c(OC)cc1OC1CCCCO1,COc1cc(Br)cc(C(=O)NC2CCN(Cc3ccc(F)cc3)CC2)c1OC,O=C1NC(=O)/C(=C/c2ccc(OC3CCCCO3)cc2)S1,O=C(NC1CCN(Cc2ccccc2)CC1)c1ccccc1,False,True,False,,0.15625,0.16129032258064516,,,,,3.9952000000000023,3.999800000000003,0.004600000000000826,True,,,,,,,,,,,,,,,,,6.0,6.0,0.0,True
edit_latent_source_similarity_rerank,mpair_00000742_cond_01_2p,mpair_00000742,eval,2,"MW,RB",C=CCc1cc(/C=C2\SC(=O)N(C)C2=O)c(OC)cc1OC1CCCCO1,C=CCc1cc(/C=C2\SC(=O)N(CC=C(C)C)C2=O)c(OC)cc1OC1CCCCO1,COc1ccc(NC(=O)CCCOc2cc3c(cc2OC)C(=O)N2CCC[C@H]2C=N3)cc1,O=C1NC(=O)/C(=C/c2ccc(OC3CCCCO3)cc2)S1,O=C(CCCOc1ccc2c(c1)N=C[C@@H]1CCCN1C2=O)Nc1ccccc1,False,True,False,,0.1919191919191919,0.20192307692307693,443.5650000000003,437.4960000000002,6.069000000000074,True,,,,,,,,,,,,,,,,,,,,,8.0,8.0,0.0,True
edit_latent_source_similarity_rerank,mpair_00000745_cond_00_2p,mpair_00000745,eval,2,"QED,HBD",C=CCc1cc(/C=C2\SC(=O)N(C)C2=O)c(OC)cc1OC1CCCCO1,C=CCc1cc(/C=C2\SC(=O)NC2=O)c(OC)cc1OC1CCCCO1,COc1cc(Br)cc(C(=O)NC2CCN(Cc3ccc(F)cc3)CC2)c1OC,O=C1NC(=O)/C(=C/c2ccc(OC3CCCCO3)cc2)S1,O=C(NC1CCN(Cc2ccccc2)CC1)c1ccccc1,False,False,False,,0.16129032258064516,0.15217391304347827,,,,,,,,,0.6042673504148035,0.7217944525665064,0.11752710215170292,False,,,,,1.0,1.0,0.0,True,,,,,,,,
edit_latent_source_similarity_rerank,mpair_00000750_cond_01_2p,mpair_00000750,eval,2,"MW,HBA",COC(=O)C[C@@H]1CC(=O)N2[C@H](Cc3c[nH]c4ccccc34)CO[C@@H]2C1,O=C1CCC[C@H]2OC[C@@H](Cc3c[nH]c4ccccc34)N12,CC(=O)Nc1cccc2c1C(=O)c1ccccc1C2=O,O=C1CCC[C@H]2OC[C@@H](Cc3c[nH]c4ccccc34)N12,O=C1c2ccccc2C(=O)c2ccccc21,False,True,False,,0.1643835616438356,0.1044776119402985,270.33200000000005,265.268,5.064000000000078,True,,,,,,,,,,,,,,,,,2.0,3.0,1.0,True,,,,
edit_latent_source_similarity_rerank,mpair_00000752_cond_01_2p,mpair_00000752,eval,2,"TPSA,HBA",CC[C@H]1CCC(=O)N2[C@H](Cc3c[nH]c4ccccc34)CO[C@H]12,COC(=O)C[C@@H]1CC(=O)N2[C@H](Cc3c[nH]c4ccccc34)CO[C@@H]2C1,COC(=O)c1c(C)c(C)cc2c(=O)n(-c3ccccn3)c(C)nc12,O=C1CCC[C@H]2OC[C@@H](Cc3c[nH]c4ccccc34)N12,O=c1c2ccccc2ncn1-c1ccccn1,False,False,False,,0.11764705882352941,0.17045454545454544,,,,,,,,,,,,,71.63000000000001,74.08000000000001,2.450000000000003,True,,,,,4.0,6.0,2.0,False,,,,
edit_latent_source_similarity_rerank,mpair_00000755_cond_02_2p,mpair_00000755,eval,2,"LogP,RB",CC[C@H]1CCC(=O)N2[C@H](Cc3c[nH]c4ccccc34)CO[C@H]12,O=C1CCC[C@H]2OC[C@@H](Cc3c[nH]c4ccccc34)N12,CCN1c2ccccc2N(C)C(=O)c2cc(Cl)cnc21,O=C1CCC[C@H]2OC[C@@H](Cc3c[nH]c4ccccc34)N12,O=C1Nc2ccccc2Nc2ncccc21,False,False,False,,0.1780821917808219,0.1527777777777778,,,,,2.447800000000001,3.4830000000000023,1.0352000000000015,False,,,,,,,,,,,,,,,,,2.0,1.0,1.0,True
edit_latent_source_similarity_rerank,mpair_00000757_cond_01_2p,mpair_00000757,eval,2,"LogP,RB",COc1cccc(-c2cncc(O[C@@H]3CCNC3)c2)c1,Clc1cccc(-c2cncc(O[C@@H]3CCNC3)c2)c1,O=C1C=C(c2ccc(Br)cc2)c2ccccc2C1=O,c1ccc(-c2cncc(O[C@@H]3CCNC3)c2)cc1,O=C1C=C(c2ccccc2)c2ccccc2C1=O,False,False,False,,0.09836065573770492,0.08064516129032258,,,,,3.1427000000000014,3.646200000000002,0.5035000000000007,True,,,,,,,,,,,,,,,,,3.0,1.0,2.0,False
edit_latent_source_similarity_rerank,mpair_00000759_cond_02_2p,mpair_00000759,eval,2,"MW,LogP",c1ccc(-c2cncc(O[C@@H]3CCNC3)c2)cc1,Clc1cccc(-c2cc(O[C@@H]3CCNC3)cnc2Cl)c1,Cc1cccc(-c2cc(NCCCN3CCOCC3)c3ccccc3n2)c1,c1ccc(-c2cncc(O[C@@H]3CCNC3)c2)cc1,c1ccc(-c2cc(NCCCN3CCOCC3)c3ccccc3n2)cc1,False,False,False,,0.14473684210526316,0.11904761904761904,309.196,361.48900000000003,52.293000000000006,False,3.796100000000002,4.344420000000003,0.5483200000000013,True,,,,,,,,,,,,,,,,,,,,
edit_latent_source_similarity_rerank,mpair_00000761_cond_01_2p,mpair_00000761,eval,2,"HBA,RB",c1ccc(-c2cncc(O[C@@H]3CCNC3)c2)cc1,COc1cccc(-c2cncc(O[C@@H]3CCNC3)c2)c1,COc1ccc(C2C(=O)c3ccccc3C2=O)c(OC)c1,c1ccc(-c2cncc(O[C@@H]3CCNC3)c2)cc1,O=C1c2ccccc2C(=O)C1c1ccccc1,False,True,False,,0.15517241379310345,0.2413793103448276,,,,,,,,,,,,,,,,,,,,,4.0,4.0,0.0,True,4.0,3.0,1.0,True
edit_latent_source_similarity_rerank,mpair_00000764_cond_00_2p,mpair_00000764,eval,2,"LogP,QED",Clc1cccc(-c2cc(O[C@@H]3CCNC3)cnc2Cl)c1,Clc1cccc(-c2cncc(O[C@@H]3CCNC3)c2)c1,Cc1cccc(C)c1N1C(=O)c2ccccc2C1=O,c1ccc(-c2cncc(O[C@@H]3CCNC3)c2)cc1,O=C1c2ccccc2C(=O)N1c1ccccc1,False,False,False,,0.1,0.0847457627118644,,,,,3.1427000000000014,3.1040400000000012,0.03866000000000014,True,0.9336391660075258,0.7302046522434893,0.20343451376403654,False,,,,,,,,,,,,,,,,
edit_latent_source_similarity_rerank,mpair_00001114_cond_01_2p,mpair_00001114,eval,2,"QED,HBD",COc1ccc(N2CCN(CCC3NC(=O)c4ccccc43)CC2)cc1,COc1ccc(N2CCN(CCC3c4ccccc4C(=O)N3C)CC2)cc1,COc1ccc2c3c(c(=O)oc2c1)CCN(Cc1ccccc1)C3,O=C1NC(CCN2CCN(c3ccccc3)CC2)c2ccccc21,O=c1oc2ccccc2c2c1CCN(Cc1ccccc1)C2,False,False,False,,0.25675675675675674,0.2602739726027397,,,,,,,,,0.8160326048332845,0.6938598245182145,0.12217278031507006,False,,,,,0.0,0.0,0.0,True,,,,,,,,
edit_latent_source_similarity_rerank,mpair_00001116_cond_02_2p,mpair_00001116,eval,2,"HBA,RB",COc1ccc(N2CCN(CCC3NC(=O)c4ccccc43)CC2)cc1,O=C1NC(CCN2CCN(c3ccccc3)CC2)c2ccccc21,CCOC(=O)c1cc2c(cn1)C(=O)c1ccccc1-2,O=C1NC(CCN2CCN(c3ccccc3)CC2)c2ccccc21,O=C1c2ccccc2-c2ccncc21,False,False,False,,0.17142857142857143,0.15384615384615385,,,,,,,,,,,,,,,,,,,,,3.0,4.0,1.0,True,4.0,2.0,2.0,False
edit_latent_source_similarity_rerank,mpair_00001120_cond_00_2p,mpair_00001120,eval,2,"QED,HBD",CN1C(=O)c2ccccc2C1CCN1CCN(c2ccc(Cl)cc2)CC1,Cc1ccc(N2CCN(CCC3NC(=O)c4ccccc43)CC2)cc1C,CN(C)CCN1C(=O)c2cccc3c(-c4ccccc4)ccc(c23)C1=O,O=C1NC(CCN2CCN(c3ccccc3)CC2)c2ccccc21,O=C1NC(=O)c2ccc(-c3ccccc3)c3cccc1c23,False,False,False,,0.21212121212121213,0.18571428571428572,,,,,,,,,0.9198864151307602,0.6782811216560732,0.24160529347468696,False,,,,,1.0,0.0,1.0,True,,,,,,,,
edit_latent_source_similarity_rerank,mpair_00001121_cond_02_2p,mpair_00001121,eval,2,"QED,HBD",O=C1NC(CCN2CCN(c3ccccc3)CC2)c2ccccc21,CN1C(=O)c2ccccc2C1CCN1CCN(c2ccc(Cl)cc2)CC1,Cc1nnc2n1-c1ccc(Cl)cc1C(c1ccccc1)=NC2,O=C1NC(CCN2CCN(c3ccccc3)CC2)c2ccccc21,c1ccc(C2=NCc3nncn3-c3ccccc32)cc1,False,False,False,,0.1267605633802817,0.18309859154929578,,,,,,,,,0.8221231339252668,0.6893709827759431,0.1327521511493237,False,,,,,0.0,0.0,0.0,True,,,,,,,,
edit_latent_source_similarity_rerank,mpair_00001124_cond_00_2p,mpair_00001124,eval,2,"LogP,RB",COc1ccc(N2CCN(CCC3NC(=O)c4ccccc43)CC2)cc1,Cc1ccc(N2CCN(CCC3NC(=O)c4ccccc43)CC2)cc1C,O=c1c2cccnc2sn1-c1cccc(Cl)c1,O=C1NC(CCN2CCN(c3ccccc3)CC2)c2ccccc21,O=c1c2cccnc2sn1-c1ccccc1,False,False,False,,0.1095890410958904,0.125,,,,,3.3002400000000023,3.100600000000002,0.19964000000000048,True,,,,,,,,,,,,,,,,,4.0,1.0,3.0,False
edit_latent_source_similarity_rerank,mpair_00001128_cond_00_2p,mpair_00001128,eval,2,"LogP,RB",CN1C(=O)c2ccccc2C1CCN1CCN(c2ccc(Cl)cc2)CC1,COc1ccc(N2CCN(CCC3c4ccccc4C(=O)N3C)CC2)cc1,Cc1ccc(N2CCN(CC[C@H]3NC(=O)c4ccccc43)CC2)cc1C,O=C1NC(CCN2CCN(c3ccccc3)CC2)c2ccccc21,O=C1N[C@H](CCN2CCN(c3ccccc3)CC2)c2ccccc21,False,True,False,,0.45901639344262296,0.4444444444444444,,,,,3.034200000000002,3.3002400000000023,0.2660400000000003,True,,,,,,,,,,,,,,,,,5.0,4.0,1.0,True
edit_latent_source_similarity_rerank,mpair_00001129_cond_02_2p,mpair_00001129,eval,2,"QED,HBD",Cc1ccc(N2CCN(CCC3NC(=O)c4ccccc43)CC2)cc1C,CN1C(=O)c2ccccc2C1CCN1CCN(c2ccc(Cl)cc2)CC1,CN(C)CCc1nnc2n1-c1ccc(Br)cc1C(c1ccccn1)=NC2,O=C1NC(CCN2CCN(c3ccccc3)CC2)c2ccccc21,c1ccc(C2=NCc3nncn3-c3ccccc32)nc1,False,False,False,,0.12643678160919541,0.11764705882352941,,,,,,,,,0.8221231339252668,0.662725855327828,0.1593972785974388,False,,,,,0.0,0.0,0.0,True,,,,,,,,
edit_latent_source_similarity_rerank,mpair_00001132_cond_01_2p,mpair_00001132,eval,2,"QED,TPSA",O=C(Cc1ccccc1[N+](=O)[O-])NCCC1CCN(CC2COc3ccccc3O2)CC1,COc1ccccc1CC(=O)NCCC1CCN(CC2COc3ccccc3O2)CC1,C[C@@H]1OC(=O)N(C(=O)NCCCN2CCC(c3ccc(F)cc3)CC2)[C@H]1c1ccc(F)c(F)c1,O=C(Cc1ccccc1)NCCC1CCN(CC2COc3ccccc3O2)CC1,O=C(NCCCN1CCC(c2ccccc2)CC1)N1C(=O)OC[C@@H]1c1ccccc1,False,False,False,,0.1958762886597938,0.22340425531914893,,,,,,,,,0.7047088784600517,0.5999609055415442,0.10474797291850746,False,60.03,61.88,1.8500000000000014,True,,,,,,,,,,,,
edit_latent_source_similarity_rerank,mpair_00001135_cond_02_2p,mpair_00001135,eval,2,"MW,LogP",Fc1ccc(N2CCN(c3nc4ccsc4n4cccc34)CC2)cc1,FC(F)(F)c1cccc(N2CCN(c3nc4ccsc4n4cccc34)CC2)c1,COc1cccc2c1CCC[C@H]2CN(C)CCc1ccc2ncccc2c1,c1ccc(N2CCN(c3nc4ccsc4n4cccc34)CC2)cc1,c1ccc2c(c1)CCC[C@H]2CNCCc1ccc2ncccc2c1,False,False,False,,0.11363636363636363,0.11827956989247312,402.4450000000001,360.501,41.94400000000013,False,4.894400000000004,4.837800000000005,0.05659999999999865,True,,,,,,,,,,,,,,,,,,,,
edit_latent_source_similarity_rerank,mpair_00001633_cond_01_2p,mpair_00001633,eval,2,"MW,QED",C=CCC1(C(C)C#CCC)C(=O)NC(=O)N(C)C1=O,C=C(Br)CC1(C(C)C)C(=O)NC(=O)N(C)C1=O,CCC(=O)N(c1ccc(C(C)=O)cc1)C1CCCC1N(C)C,O=C1CC(=O)NC(=O)N1,c1ccc(NC2CCCC2)cc1,False,True,False,,0.07142857142857142,0.078125,303.15600000000006,302.418,0.7380000000000564,True,,,,,0.8059749860896003,0.7847190114661793,0.021255974623420992,True,,,,,,,,,,,,,,,,
edit_latent_source_similarity_rerank,mpair_00002258_cond_00_2p,mpair_00002258,eval,2,"LogP,QED",Cc1cccc(C)c1NC(=O)c1c(C)n(-c2c(C)cccc2C)c(C)cc1=O,Cc1ccccc1NC(=O)c1c(C)n(-c2ccccc2C)c(C)cc1=O,Cc1s/c(=N\C(=O)c2ccccc2)n(C)c1-c1ccc(F)cc1,O=C(Nc1ccccc1)c1cn(-c2ccccc2)ccc1=O,O=C(/N=c1/[nH]c(-c2ccccc2)cs1)c1ccccc1,False,True,False,,0.14925373134328357,0.16176470588235295,,,,,4.3234800000000035,3.9422200000000025,0.38126000000000104,True,0.7675628277357767,0.7021520583896184,0.0654107693461583,True,,,,,,,,,,,,,,,,
edit_latent_source_similarity_rerank,mpair_00002259_cond_02_2p,mpair_00002259,eval,2,"LogP,QED",Cc1ccccc1NC(=O)c1c(C)n(-c2ccccc2C)c(C)cc1=O,Cc1cccc(C)c1NC(=O)c1c(C)n(-c2c(C)cccc2C)c(C)cc1=O,Cc1ccccc1NC(=O)Nc1nc(-c2cccnc2)nc2ccccc12,O=C(Nc1ccccc1)c1cn(-c2ccccc2)ccc1=O,O=C(Nc1ccccc1)Nc1nc(-c2cccnc2)nc2ccccc12,False,False,False,,0.26865671641791045,0.18571428571428572,,,,,4.940320000000004,4.6442200000000025,0.2961000000000018,True,0.7058233303377046,0.5607492153739232,0.14507411496378142,False,,,,,,,,,,,,,,,,
edit_latent_source_similarity_rerank,mpair_00002372_cond_02_2p,mpair_00002372,eval,2,"HBA,RB",CCCCCNC(=O)Nc1c(SCCCn2cnc(-c3ccccc3)c2C)cccc1N(C)C,CCCCCNC(=O)Nc1c(C)cccc1SCCCn1cnc(-c2ccccc2)c1C,O=C(O)CCCCCCCCn1nc(-c2ccccc2)c(-c2ccccc2)cc1=O,c1ccc(SCCCn2cnc(-c3ccccc3)c2)cc1,O=c1cc(-c2ccccc2)c(-c2ccccc2)n[nH]1,False,True,False,,0.21428571428571427,0.225,,,,,,,,,,,,,,,,,,,,,4.0,4.0,0.0,True,11.0,11.0,0.0,True
edit_latent_source_similarity_rerank,mpair_00002462_cond_00_2p,mpair_00002462,eval,2,"TPSA,RB",COc1cc(NC(=O)c2cc(OCCCN(C)C)nn2Cc2ccccc2)cc(OC)c1OC,COc1ccc(NC(=O)c2cc(OCCCN(C)C)nn2Cc2ccccc2)cc1,COc1cc(N)c(Cl)cc1C(=O)NCCN(Cc1ccccc1)Cc1ccccc1,O=C(Nc1ccccc1)c1ccnn1Cc1ccccc1,O=C(NCCN(Cc1ccccc1)Cc1ccccc1)c1ccccc1,False,True,False,,0.3037974683544304,0.27848101265822783,,,,,,,,,,,,,68.62,67.58999999999999,1.0300000000000153,True,,,,,,,,,10.0,9.0,1.0,True
edit_latent_source_similarity_rerank,mpair_00002465_cond_00_2p,mpair_00002465,eval,2,"HBA,RB",CN(C)CCCOc1cc(C(=O)Nc2ccc(OC(F)(F)F)cc2)n(Cc2ccccc2)n1,CN(C)CCCOc1cc(C(=O)Nc2cccc(Cl)c2)n(Cc2ccccc2)n1,CC1=C(c2ccccc2)Cc2ccc(OCCCCCCN3CCC(O)CC3)cc2C1=O,O=C(Nc1ccccc1)c1ccnn1Cc1ccccc1,O=C1C=C(c2ccccc2)Cc2ccc(OCCCCCCN3CCCCC3)cc21,False,True,False,,0.20212765957446807,0.18478260869565216,,,,,,,,,,,,,,,,,,,,,5.0,4.0,1.0,True,9.0,9.0,0.0,True
edit_latent_source_similarity_rerank,mpair_00002469_cond_01_2p,mpair_00002469,eval,2,"TPSA,HBA",COc1ccc(NC(=O)c2cc(OCCCN(C)C)nn2Cc2ccccc2)cc1,COc1cc(NC(=O)c2cc(OCCCN(C)C)nn2Cc2ccccc2)cc(OC)c1OC,COc1ccc(S(=O)(=O)C2(C(=O)NO)CCN(Cc3ccc(-c4ccccn4)cc3)CC2)cc1,O=C(Nc1ccccc1)c1ccnn1Cc1ccccc1,O=S(=O)(c1ccccc1)C1CCN(Cc2ccc(-c3ccccn3)cc2)CC1,False,False,False,,0.27586206896551724,0.21505376344086022,,,,,,,,,,,,,87.08000000000001,108.83,21.749999999999986,False,,,,,8.0,7.0,1.0,True,,,,
edit_latent_source_similarity_rerank,mpair_00002475_cond_01_2p,mpair_00002475,eval,2,"TPSA,RB",CN(C)CCCOc1cc(C(=O)Nc2ccc(OC(F)(F)F)cc2)n(Cc2ccccc2)n1,COc1cc(NC(=O)c2cc(OCCCN(C)C)nn2Cc2ccccc2)cc(OC)c1OC,CCCCc1nn(CCc2ccccc2)c(C(=O)O)c1Cc1ccc(-c2ccccc2-c2nn[nH]n2)cc1,O=C(Nc1ccccc1)c1ccnn1Cc1ccccc1,c1ccc(CCn2cc(Cc3ccc(-c4ccccc4-c4nn[nH]n4)cc3)cn2)cc1,False,False,False,,0.18181818181818182,0.19791666666666666,,,,,,,,,,,,,87.08000000000001,109.58,22.499999999999986,False,,,,,,,,,12.0,11.0,1.0,True
edit_latent_source_similarity_rerank,mpair_00002480_cond_00_2p,mpair_00002480,eval,2,"LogP,QED",CN(C)CCCOc1cc(C(=O)Nc2cc(F)cc(C(F)(F)F)c2)n(Cc2ccccc2)n1,CN(C)CCCOc1cc(C(=O)Nc2cccc(Cl)c2)n(Cc2ccccc2)n1,O=C(O)CCCCCCOc1ccc2c(=O)c(-c3ccc(O)cc3)coc2c1,O=C(Nc1ccccc1)c1ccnn1Cc1ccccc1,O=c1c(-c2ccccc2)coc2ccccc12,False,True,False,,0.13829787234042554,0.14772727272727273,,,,,4.167600000000003,4.579500000000005,0.41190000000000193,True,0.5357556879239462,0.5259085701454244,0.009847117778521874,True,,,,,,,,,,,,,,,,
edit_latent_source_similarity_rerank,mpair_00002482_cond_02_2p,mpair_00002482,eval,2,"LogP,QED",COc1ccc(NC(=O)c2cc(OCCCN(C)C)nn2Cc2ccccc2)cc1,CN(C)CCCOc1cc(C(=O)Nc2ccc(OC(F)(F)F)cc2)n(Cc2ccccc2)n1,CCOC(=O)N1CCN(C(=O)Nc2ccc(Nc3c4ccccc4nc4ccccc34)cc2)CC1,O=C(Nc1ccccc1)c1ccnn1Cc1ccccc1,O=C(Nc1ccc(Nc2c3ccccc3nc3ccccc23)cc1)N1CCNCC1,False,False,False,,0.2345679012345679,0.2235294117647059,,,,,4.412800000000003,5.437600000000005,1.0248000000000017,False,0.4522382232340766,0.38893946145151337,0.06329876178256322,True,,,,,,,,,,,,,,,,
edit_latent_source_similarity_rerank,mpair_00002486_cond_02_2p,mpair_00002486,eval,2,"QED,HBA",CN(C)CCCOc1cc(C(=O)Nc2cccc(Cl)c2)n(Cc2ccccc2)n1,CN(C)CCCOc1cc(C(=O)Nc2ccc(OC(F)(F)F)cc2)n(Cc2ccccc2)n1,COc1ccc2c(=O)n3cc(C(=O)NCCCCc4cccnc4)ccc3nc2c1,O=C(Nc1ccccc1)c1ccnn1Cc1ccccc1,O=C(NCCCCc1cccnc1)c1ccc2nc3ccccc3c(=O)n2c1,False,True,False,,0.1958762886597938,0.2,,,,,,,,,0.4522382232340766,0.37939398197732427,0.07284424125675232,True,,,,,,,,,6.0,6.0,0.0,True,,,,
edit_latent_source_similarity_rerank,mpair_00002490_cond_01_2p,mpair_00002490,eval,2,"TPSA,HBA",CCOC(=O)c1cc(C(C)O)cn1S(=O)(=O)c1cc(Cl)ccc1N,C=Cc1cc(C(=O)OCC)n(S(=O)(=O)c2cc(Cl)ccc2N)c1,CCn1cc(C(=O)O)c(=O)c2cc(F)c(N3CCN(Cc4ccccc4)CC3)nc21,O=S(=O)(c1ccccc1)n1cccc1,O=c1cc[nH]c2nc(N3CCN(Cc4ccccc4)CC3)ccc12,False,True,False,,0.14444444444444443,0.15730337078651685,,,,,,,,,,,,,91.39,78.67,12.719999999999999,True,,,,,6.0,6.0,0.0,True,,,,
edit_latent_source_similarity_rerank,mpair_00002494_cond_01_2p,mpair_00002494,eval,2,"MW,LogP",O=C1C(Nc2ccccc2)=C(Cl)C(=O)c2ncncc21,O=C1C(Nc2cccc(Br)c2)=C(Cl)C(=O)c2ncncc21,CC(=O)NC[C@@H]1OC(=O)N2c3ccc(-c4cccnc4)cc3CC[C@@H]12,O=C1C(Nc2ccccc2)=CC(=O)c2ncncc21,O=C1OC[C@@H]2CCc3cc(-c4cccnc4)ccc3N12,False,True,False,,0.13924050632911392,0.14285714285714285,364.58600000000007,337.37900000000013,27.206999999999937,True,3.180600000000001,2.5247,0.6559000000000008,True,,,,,,,,,,,,,,,,,,,,
edit_latent_source_similarity_rerank,mpair_00002496_cond_00_2p,mpair_00002496,eval,2,"MW,LogP",O=C1C(Nc2ccccc2)=C(Cl)C(=O)c2ncncc21,O=C1C(Nc2ccc(Br)cc2)=C(Cl)C(=O)c2ncncc21,NOCc1nnc2n1-c1ccc(Cl)cc1C(c1ccccc1)=NC2,O=C1C(Nc2ccccc2)=CC(=O)c2ncncc21,c1ccc(C2=NCc3nncn3-c3ccccc32)cc1,False,True,False,,0.1388888888888889,0.10526315789473684,364.58600000000007,339.78600000000006,24.80000000000001,True,3.180600000000001,2.662000000000001,0.5186000000000002,True,,,,,,,,,,,,,,,,,,,,
edit_latent_source_similarity_rerank,mpair_00002497_cond_02_2p,mpair_00002497,eval,2,"MW,LogP",O=C1C(Nc2ccc(Br)cc2)=C(Cl)C(=O)c2ncncc21,O=C1C(Nc2ccccc2)=C(Cl)C(=O)c2ncncc21,CCN1c2ccc(CN)cc2N(C)C(=O)c2cccnc21,O=C1C(Nc2ccccc2)=CC(=O)c2ncncc21,O=C1Nc2ccccc2Nc2ncccc21,False,True,False,,0.1111111111111111,0.14705882352941177,285.69,282.34700000000004,3.342999999999961,True,2.4181,2.2883000000000004,0.12979999999999947,True,,,,,,,,,,,,,,,,,,,,
edit_latent_source_similarity_rerank,mpair_00002501_cond_01_2p,mpair_00002501,eval,2,"LogP,RB",CCc1ccc(NC2=C(Cl)C(=O)c3ncncc3C2=O)cc1,O=C1C(Nc2ccccc2)=C(Cl)C(=O)c2ncncc21,CN(C)CC(=O)N1c2ccccc2C(=O)Nc2cccnc21,O=C1C(Nc2ccccc2)=CC(=O)c2ncncc21,O=C1Nc2cccnc2Nc2ccccc21,False,True,False,,0.13513513513513514,0.14492753623188406,,,,,2.4181,1.8735999999999997,0.5445000000000002,True,,,,,,,,,,,,,,,,,2.0,2.0,0.0,True
edit_latent_source_similarity_rerank,mpair_00002504_cond_01_2p,mpair_00002504,eval,2,"HBA,RB",COc1ccc(C(=O)CN2c3ccccc3C(=O)N(Cc3ccccc3)S2(=O)=O)cc1,Cc1ccc(C(=O)CN2c3ccccc3C(=O)N(Cc3ccccc3)S2(=O)=O)cc1,COc1ccccc1N1CCN(CCNC(C)=O)CC1,O=C(CN1c2ccccc2C(=O)N(Cc2ccccc2)S1(=O)=O)c1ccccc1,c1ccc(N2CCNCC2)cc1,False,True,False,,0.2463768115942029,0.2028985507246377,,,,,,,,,,,,,,,,,,,,,4.0,4.0,0.0,True,5.0,5.0,0.0,True
edit_latent_source_similarity_rerank,mpair_00002506_cond_02_2p,mpair_00002506,eval,2,"HBA,RB",Cc1ccc(C(=O)CN2c3ccccc3C(=O)N(Cc3ccccc3)S2(=O)=O)cc1,COc1ccc(C(=O)CN2c3ccccc3C(=O)N(Cc3ccccc3)S2(=O)=O)cc1,O=C1c2ccccc2N(COCc2ccccc2)S(=O)(=O)N1COCc1ccccc1,O=C(CN1c2ccccc2C(=O)N(Cc2ccccc2)S1(=O)=O)c1ccccc1,O=C1c2ccccc2N(COCc2ccccc2)S(=O)(=O)N1COCc1ccccc1,False,False,False,,0.46296296296296297,0.4642857142857143,,,,,,,,,,,,,,,,,,,,,5.0,5.0,0.0,True,6.0,8.0,2.0,False
edit_latent_source_similarity_rerank,mpair_00002514_cond_02_2p,mpair_00002514,eval,2,"MW,QED",CSc1cc(-c2ccc(Cl)cc2)oc(=O)c1Br,CSc1cc(-c2ccc(Cl)cc2)oc(=O)c1C(N)=O,Cc1ccc(-c2cscc2-c2ccc(S(C)(=O)=O)cc2)cc1,O=c1cccc(-c2ccccc2)o1,c1ccc(-c2cscc2-c2ccccc2)cc1,False,False,False,,0.1320754716981132,0.14285714285714285,295.747,328.4580000000001,32.71100000000007,True,,,,,0.8837306867126842,0.6922576240265693,0.19147306268611486,False,,,,,,,,,,,,,,,,
edit_latent_source_similarity_rerank,mpair_00002517_cond_02_2p,mpair_00002517,eval,2,"MW,LogP",CSc1cc(-c2ccc(Cl)cc2)oc(=O)c1Br,CSc1cc(-c2ccc(Cl)cc2)oc(=O)c1,O=C1C=C(C2CCCCC2)c2ccccc2C1=O,O=c1cccc(-c2ccccc2)o1,O=C1C=C(C2CCCCC2)c2ccccc2C1=O,False,True,False,,0.08928571428571429,0.09433962264150944,252.72199999999998,240.302,12.419999999999987,True,3.682100000000002,3.415700000000002,0.26639999999999997,True,,,,,,,,,,,,,,,,,,,,
edit_latent_source_similarity_rerank,mpair_00002530_cond_00_2p,mpair_00002530,eval,2,"MW,LogP",CSc1cc(-c2ccc(Cl)cc2)oc(=O)c1,CSc1cc(-c2ccc(Cl)cc2)oc(=O)c1Br,Cc1cccnc1N1C(=O)CSC1c1c(Cl)cccc1Cl,O=c1cccc(-c2ccccc2)o1,O=C1CSC(c2ccccc2)N1c1ccccn1,False,True,False,,0.12698412698412698,0.12121212121212122,331.61799999999994,339.24700000000007,7.629000000000133,True,4.444600000000001,4.475420000000002,0.03082000000000118,True,,,,,,,,,,,,,,,,,,,,
edit_latent_source_similarity_rerank,mpair_00002538_cond_00_2p,mpair_00002538,eval,2,"MW,LogP",CSc1cc(-c2ccc(Br)cc2)oc(=O)c1Cl,CSc1cc(-c2ccc(Cl)cc2)oc(=O)c1,Cc1ccc(-c2cc(=O)c3c(O)cccc3o2)cc1,O=c1cccc(-c2ccccc2)o1,O=c1cc(-c2ccccc2)oc2ccccc12,False,True,False,,0.2692307692307692,0.2857142857142857,252.72199999999998,252.269,0.45299999999997453,True,3.682100000000002,3.474020000000002,0.20807999999999982,True,,,,,,,,,,,,,,,,,,,,
edit_latent_source_similarity_rerank,mpair_00002546_cond_02_2p,mpair_00002546,eval,2,"LogP,TPSA",CSc1cc(-c2ccc(Br)cc2)oc(=O)c1Br,CSc1cc(-c2ccc(Br)cc2)oc(=O)c1C#N,Cc1ccc(N2CCN(CC[C@@H]3NC(=O)c4ccccc43)CC2)cc1C,O=c1cccc(-c2ccccc2)o1,O=C1N[C@@H](CCN2CCN(c3ccccc3)CC2)c2ccccc21,False,True,False,,0.1,0.09333333333333334,,,,,3.662880000000002,3.3002400000000023,0.36263999999999985,True,,,,,54.0,35.58,18.42,True,,,,,,,,,,,,
edit_latent_source_similarity_rerank,mpair_00002556_cond_00_2p,mpair_00002556,eval,2,"MW,QED",CN(C(=O)n1nc(-c2ccc(Cl)cc2)nc1SCC(F)(F)F)c1ccccc1,CSc1nc(-c2ccc(Cl)cc2)nn1C(=O)N(C)c1ccccc1,O=C(c1ccc(Cl)cc1)C(CO)n1cnc2ccccc2c1=O,O=C(Nc1ccccc1)n1cnc(-c2ccccc2)n1,O=C(Cn1cnc2ccccc2c1=O)c1ccccc1,False,True,False,,0.22666666666666666,0.2318840579710145,358.85400000000004,328.7550000000001,30.098999999999933,True,,,,,0.6499636794176425,0.7467213759223655,0.09675769650472299,True,,,,,,,,,,,,,,,,
edit_latent_source_similarity_rerank,mpair_00002559_cond_01_2p,mpair_00002559,eval,2,"LogP,QED",CN(C(=O)n1nc(-c2ccc(Cl)cc2)nc1SCC(F)(F)F)c1ccccc1,CSc1nc(-c2ccc(C)cc2)nn1C(=O)N(C)c1ccccc1,CN1CCC(c2c[nH]c3ccc(NC(=O)c4cccc(F)c4)nc23)CC1,O=C(Nc1ccccc1)n1cnc(-c2ccccc2)n1,O=C(Nc1ccc2[nH]cc(C3CCNCC3)c2n1)c1ccccc1,False,True,False,,0.15555555555555556,0.14285714285714285,,,,,4.079920000000002,3.7635000000000014,0.3164200000000008,True,0.6753188675979567,0.7543714114286472,0.07905254383069049,True,,,,,,,,,,,,,,,,
edit_latent_source_similarity_rerank,mpair_00002562_cond_01_2p,mpair_00002562,eval,2,"LogP,RB",CSc1nc(-c2ccc(Cl)cc2)nn1C(=O)N(C)c1ccccc1,CN(C(=O)n1nc(-c2ccc(Cl)cc2)nc1SCC(F)(F)F)c1ccccc1,CCc1nc2c(C)cc(C)nn2c1Cc1ccc(-c2ccccc2C(=O)O)cc1,O=C(Nc1ccccc1)n1cnc(-c2ccccc2)n1,c1ccc(-c2ccc(Cc3cnc4cccnn34)cc2)cc1,False,True,False,,0.2236842105263158,0.20481927710843373,,,,,5.357400000000003,4.864540000000003,0.4928599999999994,True,,,,,,,,,,,,,,,,,4.0,5.0,1.0,True
edit_latent_source_similarity_rerank,mpair_00002565_cond_01_2p,mpair_00002565,eval,2,"LogP,HBA",CSc1nc(-c2ccc(OC(F)(F)F)cc2)nn1C(=O)N(C)c1ccccc1,CSc1nc(-c2ccc(C)cc2)nn1C(=O)N(C)c1ccccc1,CCOC(=O)/C=C\Sc1ccc2ccccc2c1,O=C(Nc1ccccc1)n1cnc(-c2ccccc2)n1,c1ccc2ccccc2c1,False,False,False,,0.18309859154929578,0.18461538461538463,,,,,4.079920000000002,4.008700000000003,0.0712199999999994,True,,,,,,,,,,,,,5.0,3.0,2.0,False,,,,
edit_latent_source_similarity_rerank,mpair_00002567_cond_01_2p,mpair_00002567,eval,2,"HBD,RB",COc1cc(C(=O)N2CCN(C(=O)c3cc(OC)c(OC)c(OC)c3)C(COC(=O)NCCC(C)C)C2)cc(OC)c1OC,CCN(CC)C(=O)OCC1CN(C(=O)c2cc(OC)c(OC)c(OC)c2)CCN1C(=O)c1cc(OC)c(OC)c(OC)c1,COc1cc(C(=O)N2CCC(CCN3CCC(C(N)=O)(c4ccccc4)CC3)(c3cccc(Cl)c3)C2)cc(OC)c1OC,O=C(c1ccccc1)N1CCN(C(=O)c2ccccc2)CC1,O=C(c1ccccc1)N1CCC(CCN2CCC(c3ccccc3)CC2)(c2ccccc2)C1,False,False,False,,0.3181818181818182,0.3176470588235294,,,,,,,,,,,,,,,,,0.0,1.0,1.0,True,,,,,12.0,10.0,2.0,False
edit_latent_source_similarity_rerank,mpair_00002571_cond_01_2p,mpair_00002571,eval,2,"HBD,RB",CCN(CC)C(=O)OCC1CN(C(=O)c2cc(OC)c(OC)c(OC)c2)CCN1C(=O)c1cc(OC)c(OC)c(OC)c1,COc1cc(C(=O)N2CCN(C(=O)c3cc(OC)c(OC)c(OC)c3)C(COC(=O)NCCC(C)C)C2)cc(OC)c1OC,CCCCOc1c(OC)cc(C(=O)NCC2(N3CCCCC3)CCCCC2)cc1OC,O=C(c1ccccc1)N1CCN(C(=O)c2ccccc2)CC1,O=C(NCC1(N2CCCCC2)CCCCC1)c1ccccc1,False,False,False,,0.2727272727272727,0.275,,,,,,,,,,,,,,,,,1.0,1.0,0.0,True,,,,,13.0,10.0,3.0,False
edit_latent_source_similarity_rerank,mpair_00002574_cond_01_2p,mpair_00002574,eval,2,"LogP,RB",COc1cc(C(=O)N2CCN(C(=O)c3cc(OC)c(OC)c(OC)c3)C(COC(=O)CC(C)(C)C)C2)cc(OC)c1OC,CCN(CC)C(=O)OCC1CN(C(=O)c2cc(OC)c(OC)c(OC)c2)CCN1C(=O)c1cc(OC)c(OC)c(OC)c1,CCCCCCCCCCCOC(=O)c1cc(O)c(O)c(O)c1,O=C(c1ccccc1)N1CCN(C(=O)c2ccccc2)CC1,c1ccccc1,False,False,False,,0.16176470588235295,0.1791044776119403,,,,,3.1834000000000024,4.491000000000007,1.3076000000000043,False,,,,,,,,,,,,,,,,,12.0,11.0,1.0,True
edit_latent_source_similarity_rerank,mpair_00002577_cond_00_2p,mpair_00002577,eval,2,"HBD,RB",COc1cc(C(=O)N2CCN(C(=O)c3cc(OC)c(OC)c(OC)c3)C(COC(=O)NCCC(C)C)C2)cc(OC)c1OC,COc1cc(C(=O)N2CCN(C(=O)c3cc(OC)c(OC)c(OC)c3)C(COC(=O)CC(C)(C)C)C2)cc(OC)c1OC,CCCCc1nn(C(C)C(=O)OC)c(=O)n1Cc1ccc(-c2ccccc2-c2nn[nH]n2)cc1,O=C(c1ccccc1)N1CCN(C(=O)c2ccccc2)CC1,O=c1[nH]ncn1Cc1ccc(-c2ccccc2-c2nn[nH]n2)cc1,False,False,False,,0.1485148514851485,0.12,,,,,,,,,,,,,,,,,0.0,1.0,1.0,True,,,,,11.0,9.0,2.0,False
edit_latent_source_similarity_rerank,mpair_00002578_cond_02_2p,mpair_00002578,eval,2,"LogP,RB",CCN(CC)C(=O)OCC1CN(C(=O)c2cc(OC)c(OC)c(OC)c2)CCN1C(=O)c1cc(OC)c(OC)c(OC)c1,COc1cc(C(=O)N2CCN(C(=O)c3cc(OC)c(OC)c(OC)c3)C(COC(=O)CC(C)(C)C)C2)cc(OC)c1OC,CCCCCCCCC(=O)NCc1ccc(OC)cc1,O=C(c1ccccc1)N1CCN(C(=O)c2ccccc2)CC1,c1ccccc1,False,True,False,,0.18571428571428572,0.16901408450704225,,,,,3.684400000000003,4.062000000000003,0.37760000000000016,True,,,,,,,,,,,,,,,,,11.0,10.0,1.0,True
edit_latent_source_similarity_rerank,mpair_00002589_cond_00_2p,mpair_00002589,eval,2,"QED,HBA",COc1cc(C(=O)N2CCN(C(=O)c3cc(OC)c(OC)c(OC)c3)C(CO)C2)cc(OC)c1OC,CCN(CC)C(=O)OCC1CN(C(=O)c2cc(OC)c(OC)c(OC)c2)CCN1C(=O)c1cc(OC)c(OC)c(OC)c1,COc1cc(C(=O)N(C(C)C)C(C)C)ccc1OCCCCCOc1ccc2c(N)noc2c1,O=C(c1ccccc1)N1CCN(C(=O)c2ccccc2)CC1,c1ccc(OCCCCCOc2ccc3cnoc3c2)cc1,False,False,False,,0.2,0.19318181818181818,,,,,,,,,0.3571777118480848,0.3590086948914734,0.0018309830433886343,True,,,,,,,,,10.0,7.0,3.0,False,,,,
edit_latent_source_similarity_rerank,mpair_00002597_cond_01_2p,mpair_00002597,eval,2,"MW,LogP",COc1ccc(C(=O)Nc2c(Cl)cncc2Cl)c2ccc(C(C)=O)nc12,COc1ccc(C(=O)Nc2ccncc2Cl)c2cccnc12,COc1ccc2c(C(=O)NCc3ccccc3)cc(C)nc2c1,O=C(Nc1ccncc1)c1cccc2ncccc12,O=C(NCc1ccccc1)c1ccnc2ccccc12,False,True,False,,0.2328767123287671,0.2328767123287671,313.744,306.36500000000007,7.378999999999962,True,3.544100000000002,3.4818200000000026,0.06227999999999945,True,,,,,,,,,,,,,,,,,,,,
edit_latent_source_similarity_rerank,mpair_00002599_cond_02_2p,mpair_00002599,eval,2,"TPSA,HBA",COc1ccc(C(=O)Nc2c(Cl)cncc2Cl)c2ccc(C(C)=O)nc12,CCc1ccc2c(C(=O)Nc3c(Cl)cncc3Cl)ccc(OC)c2n1,COc1cccc(-n2nc(C(=O)Nc3cc(Cl)cc(Cl)c3)cc2C)c1,O=C(Nc1ccncc1)c1cccc2ncccc12,O=C(Nc1ccccc1)c1ccn(-c2ccccc2)n1,False,True,False,,0.25,0.21333333333333335,,,,,,,,,,,,,64.11,56.150000000000006,7.959999999999994,True,,,,,4.0,4.0,0.0,True,,,,
edit_latent_source_similarity_rerank,mpair_00002603_cond_00_2p,mpair_00002603,eval,2,"LogP,HBD",COc1ccc(C(=O)Nc2c(Cl)cncc2Cl)c2ccc(C(C)O)nc12,CCc1ccc2c(C(=O)Nc3c(Cl)cncc3Cl)ccc(OC)c2n1,COc1ccc(C(=O)Nc2ccccc2Cl)c2cc(C(C)=O)oc12,O=C(Nc1ccncc1)c1cccc2ncccc12,O=C(Nc1ccccc1)c1cccc2occc12,False,True,False,,0.34782608695652173,0.35294117647058826,,,,,4.759900000000003,4.549700000000002,0.2102000000000004,True,,,,,,,,,1.0,1.0,0.0,True,,,,,,,,
edit_latent_source_similarity_rerank,mpair_00002608_cond_00_2p,mpair_00002608,eval,2,"MW,LogP",COc1ccc(C(=O)Nc2ccncc2Cl)c2cccnc12,COc1ccc(C(=O)Nc2c(F)cncc2F)c2ccc(C(F)(F)F)nc12,O=C(Nc1ccc2ccccc2c1)N1CCN(c2ncccc2Cl)CC1,O=C(Nc1ccncc1)c1cccc2ncccc12,O=C(Nc1ccc2ccccc2c1)N1CCN(c2ccccn2)CC1,False,True,False,,0.22972972972972974,0.12195121951219512,383.276,366.8520000000001,16.42399999999992,True,4.187700000000001,4.242300000000003,0.054600000000001536,True,,,,,,,,,,,,,,,,,,,,
edit_latent_source_similarity_rerank,mpair_00002611_cond_02_2p,mpair_00002611,eval,2,"QED,TPSA",COc1ccc(C(=O)Nc2ccncc2Cl)c2ccc(C(F)(F)F)nc12,COc1ccc(C(=O)Nc2c(Cl)cncc2Cl)c2ccc(C(C)=O)nc12,CCCC(=O)c1cnc2c(OC)cccc2c1Nc1ccccc1OC,O=C(Nc1ccncc1)c1cccc2ncccc12,c1ccc(Nc2ccnc3ccccc23)cc1,False,False,False,,0.2631578947368421,0.28169014084507044,,,,,,,,,0.6681926051832562,0.6091090141180289,0.059083591065227314,True,81.17999999999999,60.45,20.72999999999999,False,,,,,,,,,,,,
edit_latent_source_similarity_rerank,mpair_00002615_cond_00_2p,mpair_00002615,eval,2,"MW,QED",COc1ccc(C(=O)Nc2c(F)cncc2F)c2ccc(C(F)(F)F)nc12,COc1ccc(C(=O)Nc2c(Cl)cncc2Cl)c2cccnc12,COc1ccc(-c2c[nH]c3ncc(-c4cccnc4)cc23)cc1OC,O=C(Nc1ccncc1)c1cccc2ncccc12,c1ccc(-c2c[nH]c3ncc(-c4cccnc4)cc23)cc1,False,False,False,,0.19736842105263158,0.2753623188405797,348.1890000000001,331.3750000000001,16.813999999999965,True,,,,,0.7706046174674384,0.6052173823740279,0.16538723509341047,False,,,,,,,,,,,,,,,,
edit_latent_source_similarity_rerank,mpair_00002619_cond_00_2p,mpair_00002619,eval,2,"TPSA,RB",COc1ccc(C(=O)Nc2c(Cl)cncc2Cl)c2ccc(C(C)O)nc12,COc1ccc(C(=O)Nc2ccncc2Cl)c2ccc(C(F)(F)F)nc12,COc1ccc2[nH]c(C(=O)c3cc4ccccc4o3)cc2c1,O=C(Nc1ccncc1)c1cccc2ncccc12,O=C(c1cc2ccccc2[nH]1)c1cc2ccccc2o1,False,True,False,,0.13924050632911392,0.13414634146341464,,,,,,,,,,,,,64.11,55.230000000000004,8.879999999999995,True,,,,,,,,,3.0,3.0,0.0,True
edit_latent_source_similarity_rerank,mpair_00002623_cond_00_2p,mpair_00002623,eval,2,"LogP,RB",COc1ccc(C(=O)Nc2c(F)cncc2F)c2ccc(C(F)(F)F)nc12,CCc1ccc2c(C(=O)Nc3c(Cl)cncc3Cl)ccc(OC)c2n1,COc1ccc(C(=O)Nc2c(Cl)cncc2Cl)c2[nH]c(C3CC3)nc12,O=C(Nc1ccncc1)c1cccc2ncccc12,O=C(Nc1ccncc1)c1cccc2nc(C3CC3)[nH]c12,False,True,False,,0.4057971014492754,0.5396825396825397,,,,,4.759900000000003,4.403000000000002,0.35690000000000044,True,,,,,,,,,,,,,,,,,4.0,4.0,0.0,True
edit_latent_source_similarity_rerank,mpair_00002626_cond_01_2p,mpair_00002626,eval,2,"LogP,QED",COc1ccc(C(=O)Nc2c(F)cncc2F)c2ccc(C(F)(F)F)nc12,COc1ccc(C(=O)Nc2ccncc2Cl)c2cccnc12,CCOC(=O)c1c(-c2ccc(C)cc2)nc2ccccn12,O=C(Nc1ccncc1)c1cccc2ncccc12,c1ccc(-c2cn3ccccc3n2)cc1,False,False,False,,0.12987012987012986,0.13157894736842105,,,,,3.544100000000002,3.4864200000000016,0.0576800000000004,True,0.8029165077767629,0.6897539142834709,0.11316259349329205,False,,,,,,,,,,,,,,,,
edit_latent_source_similarity_rerank,mpair_00003108_cond_00_2p,mpair_00003108,eval,2,"LogP,QED",CN1CCC[C@H]1COc1ccc(Cl)nn1,CN1CCC[C@H]1COc1cccnn1,COCC1CCN(C)[C@@H]1c1cccnc1,c1cnnc(OC[C@@H]2CCCN2)c1,c1cncc([C@@H]2CCCN2)c1,False,True,False,,0.25862068965517243,0.3333333333333333,,,,,0.9495999999999998,1.7207999999999999,0.7712000000000001,True,0.7160423680458043,0.752669046887777,0.03662667884197268,True,,,,,,,,,,,,,,,,
edit_latent_source_similarity_rerank,mpair_00003109_cond_02_2p,mpair_00003109,eval,2,"LogP,QED",CN1CCC[C@H]1COc1cccnn1,CN1CCC[C@H]1COc1ccc(Cl)nn1,CCOc1cncc(C2CN3CCC2CC3)n1,c1cnnc(OC[C@@H]2CCCN2)c1,c1cnc(C2CN3CCC2CC3)cn1,False,True,False,,0.2413793103448276,0.21666666666666667,,,,,1.6029999999999998,1.6844999999999999,0.08150000000000013,True,0.7864914737289573,0.7959414371400364,0.009449963411079065,True,,,,,,,,,,,,,,,,
edit_latent_source_similarity_rerank,mpair_00003111_cond_01_2p,mpair_00003111,eval,2,"QED,RB",Cc1nc2nnc(C(C)(C)C)nn2c(=O)c1C,CCCCc1nnc2nc(C)c(C)c(=O)n2n1,Cc1nc2nnc(C(c3ccccc3)c3ccccc3)nn2c(=O)c1C,O=c1ccnc2nncnn12,O=c1ccnc2nnc(C(c3ccccc3)c3ccccc3)nn12,False,False,False,,0.4888888888888889,0.4489795918367347,,,,,,,,,0.7849999676400611,0.5717206875166746,0.21327928012338648,False,,,,,,,,,,,,,3.0,3.0,0.0,True
edit_latent_source_similarity_rerank,mpair_00003113_cond_02_2p,mpair_00003113,eval,2,"MW,RB",Cc1nc2nncnn2c(=O)c1C,CCCCc1nnc2nc(C)c(C)c(=O)n2n1,CC1(OC(=O)Cc2ccncc2)CCCCC1,O=c1ccnc2nncnn12,O=C(Cc1ccncc1)OC1CCCCC1,False,True,False,,0.10909090909090909,0.09836065573770492,233.275,233.31099999999992,0.0359999999999161,True,,,,,,,,,,,,,,,,,,,,,3.0,3.0,0.0,True
edit_latent_source_similarity_rerank,mpair_00003202_cond_01_2p,mpair_00003202,eval,2,"TPSA,HBA",O=C(OCc1ccc(-c2ccccc2)cc1)n1cccn1,N#Cc1cnn(C(=O)OCc2ccc(-c3ccccc3)cc2)c1,O=C(OCc1ccc(Oc2ccccc2)cc1)n1cccn1,O=C(OCc1ccc(-c2ccccc2)cc1)n1cccn1,O=C(OCc1ccc(Oc2ccccc2)cc1)n1cccn1,False,True,False,,0.7560975609756098,0.4444444444444444,,,,,,,,,,,,,67.91,53.35,14.559999999999995,True,,,,,5.0,5.0,0.0,True,,,,
edit_latent_source_similarity_rerank,mpair_00003204_cond_00_2p,mpair_00003204,eval,2,"TPSA,HBA",Cc1cnn(C(=O)OCc2ccc(-c3ccccc3)cc2)c1,N#Cc1cnn(C(=O)OCc2ccc(-c3ccccc3)cc2)c1,CCOC(=O)N1CCN(c2cc(-c3ccccc3)nc3nc(C)ccc23)CC1,O=C(OCc1ccc(-c2ccccc2)cc1)n1cccn1,c1ccc(-c2cc(N3CCNCC3)c3cccnc3n2)cc1,False,True,False,,0.2835820895522388,0.2361111111111111,,,,,,,,,,,,,67.91,58.56,9.349999999999994,True,,,,,5.0,5.0,0.0,True,,,,
edit_latent_source_similarity_rerank,mpair_00003205_cond_02_2p,mpair_00003205,eval,2,"TPSA,HBA",N#Cc1cnn(C(=O)OCc2ccc(-c3ccccc3)cc2)c1,O=C(OCc1ccc(-c2ccccc2)cc1)n1cccn1,Cc1cnn(C(=O)N2CCN(Cc3ccccc3)CC2)c1,O=C(OCc1ccc(-c2ccccc2)cc1)n1cccn1,O=C(N1CCN(Cc2ccccc2)CC1)n1cccn1,False,True,False,,0.2903225806451613,0.2542372881355932,,,,,,,,,,,,,44.120000000000005,41.370000000000005,2.75,True,,,,,4.0,4.0,0.0,True,,,,
edit_latent_source_similarity_rerank,mpair_00003209_cond_00_2p,mpair_00003209,eval,2,"QED,TPSA",NC(=S)N/N=C/c1cccc(OCc2ccc3no[n+]([O-])c3c2)c1,NC(=O)N/N=C\c1ccccc1OCc1ccc2no[n+]([O-])c2c1,COC(=O)c1c(O)cccc1OC/C=C/c1ccc(F)c(-c2cc(C(=O)O)no2)c1,c1ccc(OCc2ccc3no[nH+]c3c2)cc1,C(=C/c1cccc(-c2ccno2)c1)\COc1ccccc1,False,False,False,,0.16326530612244897,0.19148936170212766,,,,,,,,,0.4106849547701945,0.5621138137757448,0.15142885900555025,False,129.68,119.09000000000002,10.58999999999999,True,,,,,,,,,,,,
edit_latent_source_similarity_rerank,mpair_00003212_cond_01_2p,mpair_00003212,eval,2,"HBD,RB",CC(C)NC(=O)c1ccc2c(Nc3ccc(Cl)cc3)nc(N3CCOCC3)nc2c1,COC(=O)c1ccc2c(Nc3ccc(Cl)cc3)nc(N3CCOCC3)nc2c1,COc1cc2nc(N3CCN(C(=O)c4ccc(C=O)cc4)CC3)nc(N)c2cc1OC,c1ccc(Nc2nc(N3CCOCC3)nc3ccccc23)cc1,O=C(c1ccccc1)N1CCN(c2ncc3ccccc3n2)CC1,False,True,False,,0.2926829268292683,0.32051282051282054,,,,,,,,,,,,,,,,,1.0,1.0,0.0,True,,,,,4.0,5.0,1.0,True
edit_latent_source_similarity_rerank,mpair_00003216_cond_01_2p,mpair_00003216,eval,2,"HBD,HBA",COC(=O)c1ccc2c(Nc3ccc(Cl)cc3)nc(N3CCOCC3)nc2c1,CC(C)NC(=O)c1ccc2c(Nc3ccc(Cl)cc3)nc(N3CCOCC3)nc2c1,CC(=O)Nc1ccc(NC(=O)CCN2CCN(c3ccccn3)CC2)cc1,c1ccc(Nc2nc(N3CCOCC3)nc3ccccc23)cc1,O=C(CCN1CCN(c2ccccn2)CC1)Nc1ccccc1,False,True,False,,0.1875,0.18072289156626506,,,,,,,,,,,,,,,,,2.0,2.0,0.0,True,6.0,5.0,1.0,True,,,,
edit_latent_source_similarity_rerank,mpair_00003224_cond_00_2p,mpair_00003224,eval,2,"QED,RB",COCCCN(/C(S)=C1/C(=O)c2cc(Cl)ccc2N(C)C1=O)c1ccccc1,COc1ccc(N(C)/C(S)=C2/C(=O)c3cc(Cl)ccc3N(C)C2=O)cc1,CN(C(=O)c1ccccc1)c1nc(-c2ccccc2Cl)cs1,O=C1Nc2ccccc2C(=O)/C1=C/Nc1ccccc1,O=C(Nc1nc(-c2ccccc2)cs1)c1ccccc1,False,False,False,,0.1794871794871795,0.1780821917808219,,,,,,,,,0.4935411914533051,0.6953969233410309,0.20185573188772576,False,,,,,,,,,,,,,3.0,3.0,0.0,True
edit_latent_source_similarity_rerank,mpair_00003225_cond_02_2p,mpair_00003225,eval,2,"QED,RB",COCCCN(/C(S)=C1/C(=O)c2cc(Cl)ccc2N(C)C1=O)c1ccccc1,COc1cccc(N(C)/C(S)=C2/C(=O)c3cc(Cl)ccc3N(C)C2=O)c1,COC(=O)CN1CCc2nc(O)n3nc(-c4ccccc4F)nc3c2C1,O=C1Nc2ccccc2C(=O)/C1=C/Nc1ccccc1,c1ccc(-c2nc3c4c(ncn3n2)CCNC4)cc1,False,False,False,,0.13829787234042554,0.11827956989247312,,,,,,,,,0.4935411914533051,0.7034152175777714,0.20987402612446626,False,,,,,,,,,,,,,3.0,3.0,0.0,True
edit_latent_source_similarity_rerank,mpair_00003227_cond_01_2p,mpair_00003227,eval,2,"QED,RB",COc1ccc(N(C)/C(S)=C2/C(=O)c3cc(Cl)ccc3N(C)C2=O)cc1,COCCCN(/C(S)=C1/C(=O)c2cc(Cl)ccc2N(C)C1=O)c1ccccc1,CC(=O)NC[C@H]1CC[C@H](Nc2nc(Nc3ccc(Cl)cc3)c3ccccc3n2)CC1,O=C1Nc2ccccc2C(=O)/C1=C/Nc1ccccc1,c1ccc(Nc2nc(NC3CCCCC3)nc3ccccc23)cc1,False,False,False,,0.12359550561797752,0.16483516483516483,,,,,,,,,0.3319041471572704,0.5115898786607423,0.17968573150347195,False,,,,,,,,,,,,,6.0,6.0,0.0,True
edit_latent_source_similarity_rerank,mpair_00003531_cond_00_2p,mpair_00003531,eval,2,"TPSA,HBA",CC(C)Oc1cccc(N(Cc2cccnc2)S(=O)(=O)CC(F)(F)F)c1,CCOC(=O)C(C)Oc1cccc(N(Cc2cccnc2)S(=O)(=O)CC(F)(F)F)c1,CCC(=O)Oc1c(OC(C)C)c(OC(C)C)c(OC(=O)CC)c2cc(Cl)ccc12,c1ccc(NCc2cccnc2)cc1,c1ccc2ccccc2c1,False,True,False,,0.19718309859154928,0.1794871794871795,,,,,,,,,,,,,85.80000000000001,71.06,14.740000000000009,True,,,,,6.0,6.0,0.0,True,,,,
edit_latent_source_similarity_rerank,mpair_00003534_cond_02_2p,mpair_00003534,eval,2,"QED,RB",O=S(=O)(CC(F)(F)F)N(Cc1cccnc1)c1cccc(OC(F)(F)F)c1,CC(C)Oc1cccc(N(Cc2cccnc2)S(=O)(=O)CC(F)(F)F)c1,O=C1C[C@H](O)CC(CCc2c(Cl)cc(Cl)cc2OCc2cccc(F)c2)O1,c1ccc(NCc2cccnc2)cc1,O=C1CCCC(CCc2ccccc2OCc2ccccc2)O1,False,True,False,,0.13333333333333333,0.13043478260869565,,,,,,,,,0.7245796953652621,0.6973845417604203,0.027195153604841815,True,,,,,,,,,,,,,7.0,6.0,1.0,True
edit_latent_source_similarity_rerank,mpair_00003538_cond_02_2p,mpair_00003538,eval,2,"LogP,HBA",CCC(C)COc1cccc(N(Cc2cccnc2)S(=O)(=O)CC(F)(F)F)c1,CCOC(=O)C(C)Oc1cccc(N(Cc2cccnc2)S(=O)(=O)CC(F)(F)F)c1,COc1ccc(S(=O)(=O)N(Cc2ccccc2)c2cccc(C)c2C(=O)NO)cc1,c1ccc(NCc2cccnc2)cc1,O=S(=O)(c1ccccc1)N(Cc1ccccc1)c1ccccc1,False,True,False,,0.21176470588235294,0.25,,,,,3.3107000000000024,3.5181200000000015,0.20741999999999905,True,,,,,,,,,,,,,6.0,5.0,1.0,True,,,,
edit_latent_source_similarity_rerank,mpair_00003542_cond_01_2p,mpair_00003542,eval,2,"QED,RB",CC(C)COc1cccc(N(Cc2cccnc2)S(=O)(=O)CC(F)(F)F)c1,CCC(C)COc1cccc(N(Cc2cccnc2)S(=O)(=O)CC(F)(F)F)c1,CCCCCC(=O)c1cccc(OCc2ccccc2)c1,c1ccc(NCc2cccnc2)cc1,c1ccc(COc2ccccc2)cc1,False,False,False,,0.2191780821917808,0.22666666666666666,,,,,,,,,0.6078002459089881,0.5012202714195062,0.10657997448948187,False,,,,,,,,,,,,,9.0,8.0,1.0,True
edit_latent_source_similarity_rerank,mpair_00003544_cond_00_2p,mpair_00003544,eval,2,"LogP,RB",CC(C)COc1cccc(N(Cc2cccnc2)S(=O)(=O)CC(F)(F)F)c1,CCCC(C)Oc1cccc(N(Cc2cccnc2)S(=O)(=O)CC(F)(F)F)c1,CCCCCC(=O)Nc1cccc(Nc2nccc(-c3cccnc3)n2)c1,c1ccc(NCc2cccnc2)cc1,c1ccc(Nc2nccc(-c3cccnc3)n2)cc1,False,True,False,,0.20238095238095238,0.2235294117647059,,,,,4.547700000000003,4.801000000000003,0.2532999999999994,True,,,,,,,,,,,,,,,,,9.0,8.0,1.0,True
edit_latent_source_similarity_rerank,mpair_00003547_cond_00_2p,mpair_00003547,eval,2,"QED,RB",CCC(C)COc1cccc(N(Cc2cccnc2)S(=O)(=O)CC(F)(F)F)c1,CC(C)COc1cccc(N(Cc2cccnc2)S(=O)(=O)CC(F)(F)F)c1,CC(=O)N(C)C(=O)c1cccc(CN2CCN(c3ccccc3OC(C)C)CC2)c1,c1ccc(NCc2cccnc2)cc1,c1ccc(CN2CCN(c3ccccc3)CC2)cc1,False,False,False,,0.17777777777777778,0.17045454545454544,,,,,,,,,0.6693605971809802,0.7318512962398513,0.06249069905887117,True,,,,,,,,,,,,,8.0,6.0,2.0,False
edit_latent_source_similarity_rerank,mpair_00000000_cond_00_3p,mpair_00000000,eval,3,"LogP,HBA,RB",O=C(c1cccc(Cl)c1)N1C[C@H](CN2CCC(c3ccccc3)CC2)[C@@H](c2ccccc2)C1,COc1cccc(C(=O)N2C[C@H](CN3CCC(c4ccccc4)CC3)[C@@H](c3ccccc3)C2)c1,CN1CCCCc2ccc(C(=O)CCC3CCN(Cc4ccccc4)CC3)cc21,O=C(c1ccccc1)N1C[C@H](CN2CCC(c3ccccc3)CC2)[C@@H](c2ccccc2)C1,O=C(CCC1CCN(Cc2ccccc2)CC1)c1ccc2c(c1)NCCCC2,False,True,False,,0.25,0.24096385542168675,,,,,5.430600000000005,5.334200000000006,0.09639999999999915,True,,,,,,,,,,,,,3.0,3.0,0.0,True,6.0,6.0,0.0,True
edit_latent_source_similarity_rerank,mpair_00000006_cond_01_3p,mpair_00000006,eval,3,"MW,LogP,QED",O=C(c1ccccc1F)N1C[C@H](CN2CCC(c3ccccc3)CC2)[C@@H](c2ccccc2)C1,O=C(c1ccccc1C(F)(F)F)N1C[C@H](CN2CCC(c3ccccc3)CC2)[C@@H](c2ccccc2)C1,COc1ccccc1C(=O)[C@@H]1CN(c2ccccc2)C[C@H]1c1ccc(Cl)cc1,O=C(c1ccccc1)N1C[C@H](CN2CCC(c3ccccc3)CC2)[C@@H](c2ccccc2)C1,O=C(c1ccccc1)[C@@H]1CN(c2ccccc2)C[C@H]1c1ccccc1,False,False,False,,0.2465753424657534,0.23684210526315788,492.5850000000002,391.89800000000014,100.68700000000007,False,6.4408000000000065,5.451500000000005,0.9893000000000018,True,0.4092272471712491,0.5413083290955576,0.1320810819243085,False,,,,,,,,,,,,,,,,
edit_latent_source_similarity_rerank,mpair_00000010_cond_00_3p,mpair_00000010,eval,3,"QED,HBA,RB",O=C(c1ccccc1C(F)(F)F)N1C[C@H](CN2CCC(c3ccccc3)CC2)[C@@H](c2ccccc2)C1,COc1cccc(C(=O)N2C[C@H](CN3CCC(c4ccccc4)CC3)[C@@H](c3ccccc3)C2)c1,CCNC(=O)c1ccc(C(=C2CC3CCC(C2)N3c2cccn2C)c2ccccc2)cc1,O=C(c1ccccc1)N1C[C@H](CN2CCC(c3ccccc3)CC2)[C@@H](c2ccccc2)C1,c1ccc(C(=C2CC3CCC(C2)N3c2ccc[nH]2)c2ccccc2)cc1,False,True,False,,0.19753086419753085,0.2345679012345679,,,,,,,,,0.49786269936596683,0.593588389308364,0.09572568994239716,True,,,,,,,,,3.0,3.0,0.0,True,6.0,5.0,1.0,True
edit_latent_source_similarity_rerank,mpair_00000018_cond_01_3p,mpair_00000018,eval,3,"MW,QED,RB",COC(=O)C1=C(c2ccc(Cl)nc2)CC2CCC1N2C,CN1C2C=C(c3ccc(Cl)nc3)CC1CC2,CN1CCC(OC(=O)c2cccc(F)c2)CC1,C1=C(c2cccnc2)CC2CCC1N2,O=C(OC1CCNCC1)c1ccccc1,False,True,False,,0.23076923076923078,0.16129032258064516,234.72999999999996,237.27399999999997,2.544000000000011,True,,,,,0.6949032404938756,0.7374585753607369,0.04255533486686125,True,,,,,,,,,,,,,1.0,2.0,1.0,True
edit_latent_source_similarity_rerank,mpair_00000323_cond_00_3p,mpair_00000323,eval,3,"TPSA,HBD,HBA",N[C@@H](C(=O)N[C@@H]1C(=O)N2C(C(=O)O)=C(C(F)(F)F)CC[C@H]12)c1ccc(F)cc1,N[C@@H](C(=O)N[C@@H]1C(=O)N2C(C(=O)O)=C(C(F)(F)F)CC[C@H]12)c1ccc(O)cc1,CC(C)(F)CCC(C[C@H](O)[C@H](Cc1ccccc1)NC(=O)c1cnc2ccccc2n1)C(=O)NN,O=C(Cc1ccccc1)N[C@@H]1C(=O)N2C=CCC[C@H]12,O=C(NCCc1ccccc1)c1cnc2ccccc2n1,False,True,False,,0.15789473684210525,0.15789473684210525,,,,,,,,,,,,,132.96,130.23000000000002,2.7299999999999898,True,4.0,4.0,0.0,True,5.0,6.0,1.0,True,,,,
edit_latent_source_similarity_rerank,mpair_00000329_cond_02_3p,mpair_00000329,eval,3,"QED,HBA,RB",CSC1=C(C(=O)O)N2C(=O)[C@@H](NC(=O)[C@H](N)c3ccccc3)[C@H]2CC1,N[C@@H](C(=O)N[C@@H]1C(=O)N2C(C(=O)O)=C(C(F)(F)F)CC[C@H]12)c1ccc(F)cc1,O=c1c2cc(F)ccc2nc(/C=C/c2cccc(CO)n2)n1-c1ccccc1Cl,O=C(Cc1ccccc1)N[C@@H]1C(=O)N2C=CCC[C@H]12,O=c1c2ccccc2nc(/C=C/c2ccccn2)n1-c1ccccc1,False,True,False,,0.11956521739130435,0.14130434782608695,,,,,,,,,0.5187711593734389,0.549216452804673,0.030445293431234144,True,,,,,,,,,4.0,5.0,1.0,True,4.0,4.0,0.0,True
edit_latent_source_similarity_rerank,mpair_00000331_cond_02_3p,mpair_00000331,eval,3,"TPSA,HBD,HBA",N[C@@H](C(=O)N[C@@H]1C(=O)N2C(C(=O)O)=C(C(F)(F)F)CC[C@H]12)c1ccc(O)cc1,N[C@@H](C(=O)N[C@@H]1C(=O)N2C(C(=O)O)=C(C(F)(F)F)CC[C@H]12)c1ccc(F)cc1,CCCN1CC(C(=O)N[C@@H](Cc2cc(F)cc(F)c2)[C@H](O)[C@@H]2NCCN(Cc3ccccc3)C2=O)N(C(C)C)C1=O,O=C(Cc1ccccc1)N[C@@H]1C(=O)N2C=CCC[C@H]12,O=C1NCC(C(=O)N[C@@H](Cc2ccccc2)C[C@@H]2NCCN(Cc3ccccc3)C2=O)N1,False,True,False,,0.15384615384615385,0.17647058823529413,,,,,,,,,,,,,112.73,105.22,7.510000000000005,True,3.0,3.0,0.0,True,4.0,5.0,1.0,True,,,,
edit_latent_source_similarity_rerank,mpair_00000336_cond_01_3p,mpair_00000336,eval,3,"MW,LogP,QED",N[C@@H](C(=O)N[C@@H]1C(=O)N2C(C(=O)O)=C(C(F)(F)F)CC[C@H]12)c1cccc(Br)c1,N[C@@H](C(=O)N[C@@H]1C(=O)N2C(C(=O)O)=C(C(F)(F)F)CC[C@H]12)c1ccc(F)cc1,N=C(N)c1cccc(OCC(=O)Nc2ccc(C(=O)N3CCC3)cc2)c1,O=C(Cc1ccccc1)N[C@@H]1C(=O)N2C=CCC[C@H]12,O=C(COc1ccccc1)Nc1ccc(C(=O)N2CCC2)cc1,False,False,False,,0.14444444444444443,0.11235955056179775,401.3160000000001,352.3940000000001,48.92199999999997,False,1.2158999999999993,1.83407,0.6181700000000008,True,0.5187711593734389,0.5442364976150458,0.025465338241606905,True,,,,,,,,,,,,,,,,
edit_latent_source_similarity_rerank,mpair_00000595_cond_02_3p,mpair_00000595,eval,3,"QED,HBD,RB",COc1ccc(CCCC[C@@H]2N[C@@H](CO)[C@H](O)[C@H]2O)cc1,OC[C@@H]1N[C@@H](CCCCc2ccc(O)cc2)[C@H](O)[C@H]1O,CS(=O)(=O)Nc1ccc(NC(=O)/C=C2\CC(C(=O)O)Nc3cc(Cl)cc(Cl)c32)cc1,c1ccc(CCCC[C@H]2CCCN2)cc1,O=C(/C=C1\CCNc2ccccc21)Nc1ccccc1,False,True,False,,0.1,0.09090909090909091,,,,,,,,,0.47902706341404183,0.4947961175028242,0.015769054088782375,True,,,,,5.0,4.0,1.0,True,,,,,6.0,5.0,1.0,True
edit_latent_source_similarity_rerank,mpair_00000726_cond_02_3p,mpair_00000726,eval,3,"MW,QED,HBD",C=CCc1cc(/C=C2\SC(=O)NC2=O)c(OC)cc1OC1CCCCO1,C=CCc1cc(/C=C2\SC(=O)N(CC=C)C2=O)c(OC)cc1OC1CCCCO1,C=CCN1CCC(N(c2ccccc2)c2ccc(C(=O)N(CC)CC)cc2)CC1,O=C1NC(=O)/C(=C/c2ccc(OC3CCCCO3)cc2)S1,c1ccc(N(c2ccccc2)C2CCNCC2)cc1,False,False,False,,0.13636363636363635,0.16853932584269662,415.51100000000025,391.55900000000025,23.951999999999998,True,,,,,0.45838471716690443,0.5953854361368575,0.13700071896995303,False,,,,,0.0,0.0,0.0,True,,,,,,,,
edit_latent_source_similarity_rerank,mpair_00000739_cond_02_3p,mpair_00000739,eval,3,"LogP,QED,RB",C=CCc1cc(/C=C2\SC(=O)N(CCCC)C2=O)c(OC)cc1OC1CCCCO1,C=CCc1cc(/C=C2\SC(=O)N(CC=C)C2=O)c(OC)cc1OC1CCCCO1,CCOc1ccc2c(c1)[C@@H](c1ccc(OC)cc1O)N(CC(=O)O)[C@@H]2c1ccc2c(c1)OCO2,O=C1NC(=O)/C(=C/c2ccc(OC3CCCCO3)cc2)S1,c1ccc([C@H]2N[C@H](c3ccc4c(c3)OCO4)c3ccccc32)cc1,False,True,False,,0.1650485436893204,0.1485148514851485,,,,,4.551400000000004,4.107200000000002,0.44420000000000126,True,0.45838471716690443,0.5404561421254144,0.08207142495850994,True,,,,,,,,,,,,,8.0,7.0,1.0,True
edit_latent_source_similarity_rerank,mpair_00000742_cond_00_3p,mpair_00000742,eval,3,"LogP,QED,RB",C=CCc1cc(/C=C2\SC(=O)N(C)C2=O)c(OC)cc1OC1CCCCO1,C=CCc1cc(/C=C2\SC(=O)N(CC=C(C)C)C2=O)c(OC)cc1OC1CCCCO1,CCC(=O)OC1(c2ccccc2)CCN(CCCC(=O)c2ccc(F)cc2)C[C@H]1C,O=C1NC(=O)/C(=C/c2ccc(OC3CCCCO3)cc2)S1,O=C(CCCN1CCC(c2ccccc2)CC1)c1ccccc1,False,True,False,,0.1,0.09345794392523364,,,,,5.331600000000005,4.979100000000005,0.35250000000000004,True,0.3995752918375223,0.4540505403692765,0.05447524853175423,True,,,,,,,,,,,,,8.0,8.0,0.0,True
edit_latent_source_similarity_rerank,mpair_00000747_cond_00_3p,mpair_00000747,eval,3,"LogP,HBD,RB",C=CCc1cc(/C=C2\SC(=O)N(CC=C)C2=O)c(OC)cc1OC1CCCCO1,C=CCc1cc(/C=C2\SC(=O)NC2=O)c(OC)cc1OC1CCCCO1,CNC(=O)C1c2ccccc2-c2ccc(OCCN3CCCCC3)cc21,O=C1NC(=O)/C(=C/c2ccc(OC3CCCCO3)cc2)S1,c1ccc2c(c1)Cc1cc(OCCN3CCCCC3)ccc1-2,False,True,False,,0.11578947368421053,0.10869565217391304,,,,,3.6530000000000022,3.409600000000002,0.24340000000000028,True,,,,,,,,,1.0,1.0,0.0,True,,,,,6.0,5.0,1.0,True
edit_latent_source_similarity_rerank,mpair_00000748_cond_02_3p,mpair_00000748,eval,3,"LogP,QED,RB",C=CCc1cc(/C=C2\SC(=O)N(C)C2=O)c(OC)cc1OC1CCCCO1,C=CCc1cc(/C=C2\SC(=O)N(CC=C)C2=O)c(OC)cc1OC1CCCCO1,Cc1cc(OCC(O)CN2CCN(c3ccc(Cc4ccc(F)cc4)cc3)CC2)c(C)c(C)c1N,O=C1NC(=O)/C(=C/c2ccc(OC3CCCCO3)cc2)S1,c1ccc(Cc2ccc(N3CCN(CCCOc4ccccc4)CC3)cc2)cc1,False,True,False,,0.09,0.08823529411764706,,,,,4.551400000000004,4.485860000000003,0.06554000000000038,True,0.45838471716690443,0.46847396982947975,0.010089252662575321,True,,,,,,,,,,,,,8.0,8.0,0.0,True
edit_latent_source_similarity_rerank,mpair_00000757_cond_02_3p,mpair_00000757,eval,3,"LogP,HBA,RB",COc1cccc(-c2cncc(O[C@@H]3CCNC3)c2)c1,Clc1cccc(-c2cncc(O[C@@H]3CCNC3)c2)c1,CC1(C)C=C(n2ccccc2=O)c2cc(Br)ccc2C1=O,c1ccc(-c2cncc(O[C@@H]3CCNC3)c2)cc1,O=C1CC=C(n2ccccc2=O)c2ccccc21,False,False,False,,0.09722222222222222,0.0821917808219178,,,,,3.1427000000000014,3.722500000000003,0.5798000000000014,True,,,,,,,,,,,,,3.0,3.0,0.0,True,3.0,1.0,2.0,False
edit_latent_source_similarity_rerank,mpair_00001124_cond_01_3p,mpair_00001124,eval,3,"LogP,HBA,RB",COc1ccc(N2CCN(CCC3NC(=O)c4ccccc43)CC2)cc1,Cc1ccc(N2CCN(CCC3NC(=O)c4ccccc43)CC2)cc1C,COc1ccc(C=C2C(=O)c3ccccc3C2=O)cc1,O=C1NC(CCN2CCN(c3ccccc3)CC2)c2ccccc21,O=C1C(=Cc2ccccc2)C(=O)c2ccccc21,False,False,False,,0.2982456140350877,0.15625,,,,,3.3002400000000023,3.1578000000000017,0.14244000000000057,True,,,,,,,,,,,,,3.0,3.0,0.0,True,4.0,2.0,2.0,False
edit_latent_source_similarity_rerank,mpair_00001131_cond_01_3p,mpair_00001131,eval,3,"HBD,HBA,RB",COc1ccc(N2CCN(CCC3c4ccccc4C(=O)N3C)CC2)cc1,Cc1ccc(N2CCN(CCC3NC(=O)c4ccccc43)CC2)cc1C,O=C1c2ccccc2-c2nnc(-c3ccc(C(F)(F)F)cc3)cc21,O=C1NC(CCN2CCN(c3ccccc3)CC2)c2ccccc21,O=C1c2ccccc2-c2nnc(-c3ccccc3)cc21,False,False,False,,0.14492753623188406,0.14285714285714285,,,,,,,,,,,,,,,,,1.0,0.0,1.0,True,3.0,3.0,0.0,True,4.0,1.0,3.0,False
edit_latent_source_similarity_rerank,mpair_00001133_cond_02_3p,mpair_00001133,eval,3,"QED,TPSA,HBA",COc1ccccc1CC(=O)NCCC1CCN(CC2COc3ccccc3O2)CC1,O=C(Cc1ccccc1[N+](=O)[O-])NCCC1CCN(CC2COc3ccccc3O2)CC1,CCCCN(CCCC)C(=O)CN1C[C@H](c2ccc3c(c2)OCO3)[C@@H](C(=O)O)[C@@H]1CCn1ccccc1=O,O=C(Cc1ccccc1)NCCC1CCN(CC2COc3ccccc3O2)CC1,O=c1ccccn1CC[C@H]1C[C@@H](c2ccc3c(c2)OCO3)CN1,False,True,False,,0.1941747572815534,0.18095238095238095,,,,,,,,,0.5015202818225966,0.42669746621771787,0.07482281560487869,True,93.94,101.31,7.3700000000000045,True,,,,,6.0,7.0,1.0,True,,,,
edit_latent_source_similarity_rerank,mpair_00002370_cond_02_3p,mpair_00002370,eval,3,"HBD,HBA,RB",CCOC(=O)/C=C/c1cc(C(=O)c2ccc(-n3ccnc3)cc2)cn1C,Cn1cc(C(=O)c2ccc(-n3ccnc3)cc2)cc1/C=C/C(=O)O,CCOC(=O)C1=C(O)C(=O)N(Cc2ccccn2)C1,O=C(c1ccc(-n2ccnc2)cc1)c1cc[nH]c1,O=C1C=CCN1Cc1ccccn1,False,True,False,,0.20512820512820512,0.1282051282051282,,,,,,,,,,,,,,,,,1.0,1.0,0.0,True,5.0,5.0,0.0,True,5.0,4.0,1.0,True
edit_latent_source_similarity_rerank,mpair_00002375_cond_02_3p,mpair_00002375,eval,3,"TPSA,HBD,HBA",COc1cccc2sc([C@@H]3C[C@H]4CC[C@@H](C3)N4C[C@H](O)COc3cccc4[nH]c(C(N)=O)cc34)cc12,COc1cccc2sc([C@@H]3C[C@H]4CC[C@@H](C3)N4C[C@H](O)COc3cccc4[nH]c(C)cc34)cc12,COc1cccc(NC(=O)N2CCNC(CN3CCC(Cc4ccc(F)cc4)CC3)C2)c1,c1ccc2sc([C@@H]3C[C@H]4CC[C@@H](C3)N4CCCOc3cccc4[nH]ccc34)cc2c1,O=C(Nc1ccccc1)N1CCNC(CN2CCC(Cc3ccccc3)CC2)C1,False,True,False,,0.19626168224299065,0.18269230769230768,,,,,,,,,,,,,57.720000000000006,56.84,0.8800000000000026,True,2.0,2.0,0.0,True,5.0,4.0,1.0,True,,,,
edit_latent_source_similarity_rerank,mpair_00002466_cond_00_3p,mpair_00002466,eval,3,"QED,HBA,RB",CN(C)CCCOc1cc(C(=O)Nc2ccc(Cl)cc2F)n(Cc2ccccc2)n1,CN(C)CCCOc1cc(C(=O)Nc2ccc(OC(F)(F)F)cc2)n(Cc2ccccc2)n1,CCOC(=O)C(=O)[C@H](Cc1ccccc1)NC(=O)[C@@H](NC(=O)OCc1ccccc1)C(C)C,O=C(Nc1ccccc1)c1ccnn1Cc1ccccc1,O=C(CNC(=O)OCc1ccccc1)NCCc1ccccc1,False,True,False,,0.1839080459770115,0.18181818181818182,,,,,,,,,0.4522382232340766,0.39903657316139424,0.05320165007268235,True,,,,,,,,,6.0,6.0,0.0,True,10.0,11.0,1.0,True
edit_latent_source_similarity_rerank,mpair_00002469_cond_02_3p,mpair_00002469,eval,3,"MW,TPSA,HBA",COc1ccc(NC(=O)c2cc(OCCCN(C)C)nn2Cc2ccccc2)cc1,COc1cc(NC(=O)c2cc(OCCCN(C)C)nn2Cc2ccccc2)cc(OC)c1OC,COc1ccc(CN(C)CCOc2ccc(NC(=O)c3cccc4c(O)c5ccccc5nc34)cc2)cc1OC,O=C(Nc1ccccc1)c1ccnn1Cc1ccccc1,O=C(Nc1ccc(OCCNCc2ccccc2)cc1)c1cccc2cc3ccccc3nc12,False,False,False,,0.3522727272727273,0.31521739130434784,468.5540000000002,537.6160000000002,69.06200000000001,False,,,,,,,,,87.08000000000001,93.15,6.069999999999993,True,,,,,8.0,7.0,1.0,True,,,,
edit_latent_source_similarity_rerank,mpair_00002472_cond_02_3p,mpair_00002472,eval,3,"MW,LogP,QED",COc1ccc(NC(=O)c2cc(OCCCN(C)C)nn2Cc2ccccc2)cc1,CN(C)CCCOc1cc(C(=O)Nc2cc(F)cc(C(F)(F)F)c2)n(Cc2ccccc2)n1,CCC1(CC)C(=O)N(C(=O)NCc2ccc(OCc3ccccc3)cc2)C1Oc1ccc(C(=O)O)cc1,O=C(Nc1ccccc1)c1ccnn1Cc1ccccc1,O=C1CC(Oc2ccccc2)N1C(=O)NCc1ccc(OCc2ccccc2)cc1,False,False,False,,0.2159090909090909,0.17708333333333334,464.4630000000001,502.5670000000002,38.1040000000001,False,4.672100000000003,5.2271000000000045,0.5550000000000015,True,0.369385517709234,0.36811047441743106,0.0012750432918029464,True,,,,,,,,,,,,,,,,
edit_latent_source_similarity_rerank,mpair_00002478_cond_01_3p,mpair_00002478,eval,3,"MW,LogP,QED",CN(C)CCCOc1cc(C(=O)Nc2cccc(Cl)c2)n(Cc2ccccc2)n1,CN(C)CCCOc1cc(C(=O)Nc2cc(F)cc(C(F)(F)F)c2)n(Cc2ccccc2)n1,CCN(CC)C(=O)c1ccc([C@H](c2cccc(OC)c2)N2C[C@@H](C)N(Cc3ccccc3)C[C@@H]2C)cc1,O=C(Nc1ccccc1)c1ccnn1Cc1ccccc1,c1ccc(CN2CCN(C(c3ccccc3)c3ccccc3)CC2)cc1,False,False,False,,0.21505376344086022,0.20202020202020202,464.4630000000001,499.69900000000024,35.23600000000016,False,4.672100000000003,5.861400000000007,1.1893000000000038,False,0.369385517709234,0.36941239246417956,2.6874754945560575e-05,True,,,,,,,,,,,,,,,,
edit_latent_source_similarity_rerank,mpair_00002482_cond_00_3p,mpair_00002482,eval,3,"MW,LogP,QED",COc1ccc(NC(=O)c2cc(OCCCN(C)C)nn2Cc2ccccc2)cc1,CN(C)CCCOc1cc(C(=O)Nc2ccc(OC(F)(F)F)cc2)n(Cc2ccccc2)n1,CCCCCN(CCCCC)C(=O)CN1C[C@@H](c2ccc3c(c2)OCO3)[C@H](C(=O)O)[C@H]1c1ccc(OC)cc1,O=C(Nc1ccccc1)c1ccnn1Cc1ccccc1,c1ccc([C@@H]2C[C@H](c3ccc4c(c3)OCO4)CN2)cc1,False,False,False,,0.22340425531914893,0.16666666666666666,462.4720000000001,538.6850000000003,76.21300000000019,False,4.412800000000003,5.474200000000005,1.0614000000000017,False,0.4522382232340766,0.31899710323751357,0.13324111999656302,False,,,,,,,,,,,,,,,,
edit_latent_source_similarity_rerank,mpair_00002488_cond_00_3p,mpair_00002488,eval,3,"LogP,TPSA,HBA",C=Cc1cc(C(=O)OCC)n(S(=O)(=O)c2cc(Cl)ccc2N)c1,CC(C)OC(=O)c1cc(CO)cn1S(=O)(=O)c1cc(Cl)ccc1N,C=Cn1cc(C(=O)OCC)c(=O)c2cc(F)c(N3CCC(NC(C)=O)CC3)nc21,O=S(=O)(c1ccccc1)n1cccc1,O=c1cc[nH]c2nc(N3CCCCC3)ccc12,False,True,False,,0.2247191011235955,0.125,,,,,2.0182,1.9177,0.10050000000000026,True,,,,,111.61999999999999,93.53,18.08999999999999,True,,,,,7.0,7.0,0.0,True,,,,
edit_latent_source_similarity_rerank,mpair_00002498_cond_00_3p,mpair_00002498,eval,3,"MW,QED,RB",CCc1ccc(NC2=C(Cl)C(=O)c3ncncc3C2=O)cc1,O=C1C(Nc2cccc(Br)c2)=C(Cl)C(=O)c2ncncc21,Cc1ccc(NC2=C(Cl)C(=O)c3ncncc3C2=O)cc1,O=C1C(Nc2ccccc2)=CC(=O)c2ncncc21,O=C1C(Nc2ccccc2)=CC(=O)c2ncncc21,True,False,False,,0.75,0.625,364.58600000000007,299.71700000000004,64.86900000000003,False,,,,,0.885902971993687,0.9228598789693654,0.03695690697567844,True,,,,,,,,,,,,,2.0,2.0,0.0,True
edit_latent_source_similarity_rerank,mpair_00002500_cond_02_3p,mpair_00002500,eval,3,"MW,QED,RB",O=C1C(Nc2ccc(Br)cc2)=C(Cl)C(=O)c2ncncc21,CCc1ccc(NC2=C(Cl)C(=O)c3ncncc3C2=O)cc1,Cc1ccc2nc(-c3ccc(CC(C)(C)C)cc3)oc(=O)c2c1,O=C1C(Nc2ccccc2)=CC(=O)c2ncncc21,O=c1oc(-c2ccccc2)nc2ccccc12,False,False,False,,0.1,0.15942028985507245,313.744,307.39300000000003,6.350999999999999,True,,,,,0.9428073960459649,0.6857581576368686,0.2570492384090962,False,,,,,,,,,,,,,3.0,2.0,1.0,True
edit_latent_source_similarity_rerank,mpair_00002505_cond_01_3p,mpair_00002505,eval,3,"QED,HBA,RB",COc1ccc(C(=O)CN2c3ccccc3C(=O)N(Cc3ccccc3)S2(=O)=O)cc1,O=C(CN1c2ccccc2C(=O)N(Cc2ccccc2)S1(=O)=O)c1ccccc1,CN1CCN(C(=O)[C@H](Cc2ccccc2)Nc2ccnc3cc(Cl)ccc23)CC1,O=C(CN1c2ccccc2C(=O)N(Cc2ccccc2)S1(=O)=O)c1ccccc1,O=C([C@H](Cc1ccccc1)Nc1ccnc2ccccc12)N1CCNCC1,False,True,False,,0.18823529411764706,0.19230769230769232,,,,,,,,,0.6096951629926923,0.6991316990192632,0.08943653602657087,True,,,,,,,,,4.0,4.0,0.0,True,5.0,5.0,0.0,True
edit_latent_source_similarity_rerank,mpair_00002510_cond_00_3p,mpair_00002510,eval,3,"LogP,TPSA,HBA",CSc1cc(-c2ccc(Br)cc2)oc(=O)c1C#N,CSc1cc(-c2ccc(Br)cc2)oc(=O)c1Cl,CSc1cc(-c2ccc(Br)cc2)c(C(=O)O)s1,O=c1cccc(-c2ccccc2)o1,c1ccc(-c2ccsc2)cc1,False,True,False,,0.3018867924528302,0.32,,,,,4.444600000000002,4.5977000000000015,0.15309999999999935,True,,,,,30.21,37.3,7.089999999999996,True,,,,,3.0,3.0,0.0,True,,,,
edit_latent_source_similarity_rerank,mpair_00002543_cond_01_3p,mpair_00002543,eval,3,"TPSA,HBD,RB",CSc1cc(-c2ccc(Br)cc2)oc(=O)c1Cl,CSc1cc(-c2ccc(Cl)cc2)oc(=O)c1C(N)=O,Cn1c(O)nc2ccc(-c3cccc([N+](=O)[O-])c3)cc21,O=c1cccc(-c2ccccc2)o1,c1ccc(-c2ccc3nc[nH]c3c2)cc1,False,True,False,,0.125,0.15151515151515152,,,,,,,,,,,,,73.30000000000001,81.19,7.889999999999986,True,1.0,1.0,0.0,True,,,,,3.0,2.0,1.0,True
edit_latent_source_similarity_rerank,mpair_00002559_cond_02_3p,mpair_00002559,eval,3,"LogP,QED,RB",CN(C(=O)n1nc(-c2ccc(Cl)cc2)nc1SCC(F)(F)F)c1ccccc1,CSc1nc(-c2ccc(C)cc2)nn1C(=O)N(C)c1ccccc1,COc1cc2[nH]ccc2cc1C(=O)N1C[C@@H](C)N(Cc2ccccc2)C[C@@H]1C,O=C(Nc1ccccc1)n1cnc(-c2ccccc2)n1,O=C(c1ccc2[nH]ccc2c1)N1CCN(Cc2ccccc2)CC1,False,True,False,,0.1590909090909091,0.14634146341463414,,,,,4.079920000000002,3.911500000000003,0.16841999999999935,True,0.6753188675979567,0.7498787586800758,0.07455989108211913,True,,,,,,,,,,,,,3.0,4.0,1.0,True
edit_latent_source_similarity_rerank,mpair_00002564_cond_02_3p,mpair_00002564,eval,3,"LogP,QED,HBA",CSc1nc(-c2ccc(OC(F)(F)F)cc2)nn1C(=O)N(C)c1ccccc1,CN(C(=O)n1nc(-c2ccc(Cl)cc2)nc1SCC(F)(F)F)c1ccccc1,CCCc1cc(Cl)c2oc(Cc3ccc(OCC(=O)O)cc3)c(C)c2c1O,O=C(Nc1ccccc1)n1cnc(-c2ccccc2)n1,c1ccc(Cc2cc3ccccc3o2)cc1,False,True,False,,0.12222222222222222,0.12087912087912088,,,,,5.357400000000003,5.106920000000004,0.2504799999999987,True,0.5270344401044634,0.5876877061423944,0.060653266037930975,True,,,,,,,,,5.0,4.0,1.0,True,,,,
edit_latent_source_similarity_rerank,mpair_00002573_cond_02_3p,mpair_00002573,eval,3,"MW,LogP,QED",COc1cc(C(=O)N2CCN(C(=O)c3cc(OC)c(OC)c(OC)c3)C(COC(=O)CC(C)(C)C)C2)cc(OC)c1OC,COc1cc(C(=O)N2CCN(C(=O)c3cc(OC)c(OC)c(OC)c3)C(COC(C)=O)C2)cc(OC)c1OC,N=C(N)c1cccc(OC(C(=O)Nc2ccc(N3CCOCC3)c(F)c2)c2ccccc2)c1,O=C(c1ccccc1)N1CCN(C(=O)c2ccccc2)CC1,O=C(Nc1ccc(N2CCOCC2)cc1)C(Oc1ccccc1)c1ccccc1,False,False,False,,0.11458333333333333,0.12087912087912088,546.5730000000003,448.4980000000002,98.0750000000001,False,2.2681000000000004,3.7051700000000034,1.437070000000003,False,0.41028124355120477,0.37798060089406843,0.032300642657136336,True,,,,,,,,,,,,,,,,
edit_latent_source_similarity_rerank,mpair_00002584_cond_00_3p,mpair_00002584,eval,3,"LogP,QED,HBA",COc1cc(C(=O)N2CCN(C(=O)c3cc(OC)c(OC)c(OC)c3)C(CO)C2)cc(OC)c1OC,COc1cc(C(=O)N2CCN(C(=O)c3cc(OC)c(OC)c(OC)c3)C(COC(C)=O)C2)cc(OC)c1OC,COCCN(Cc1ccc(-c2ccccc2-c2nn[nH]n2)cc1)c1nc(C)ncc1C(=O)O,O=C(c1ccccc1)N1CCN(C(=O)c2ccccc2)CC1,c1ccc(-c2nn[nH]n2)c(-c2ccc(CNc3ccncn3)cc2)c1,False,False,False,,0.12222222222222222,0.10526315789473684,,,,,2.2681000000000004,2.983320000000001,0.7152200000000004,True,0.41028124355120477,0.3991230596451931,0.011158183906011643,True,,,,,,,,,10.0,8.0,2.0,False,,,,
edit_latent_source_similarity_rerank,mpair_00002589_cond_01_3p,mpair_00002589,eval,3,"MW,LogP,HBA",COc1cc(C(=O)N2CCN(C(=O)c3cc(OC)c(OC)c(OC)c3)C(CO)C2)cc(OC)c1OC,CCN(CC)C(=O)OCC1CN(C(=O)c2cc(OC)c(OC)c(OC)c2)CCN1C(=O)c1cc(OC)c(OC)c(OC)c1,COc1cc(C(OCCN2CCN(CCC(=O)O)CC2)c2ccccc2)cc(OC)c1OC,O=C(c1ccccc1)N1CCN(C(=O)c2ccccc2)CC1,c1ccc(C(OCCN2CCNCC2)c2ccccc2)cc1,False,False,False,,0.3333333333333333,0.2916666666666667,603.6690000000003,458.55500000000023,145.1140000000001,False,3.1834000000000024,2.910700000000001,0.2727000000000013,True,,,,,,,,,,,,,10.0,7.0,3.0,False,,,,
edit_latent_source_similarity_rerank,mpair_00002594_cond_02_3p,mpair_00002594,eval,3,"MW,LogP,RB",CCN(CC)C(=O)OCC1CN(C(=O)c2cc(OC)c(OC)c(OC)c2)CCN1C(=O)c1cc(OC)c(OC)c(OC)c1,COc1cc(C(=O)N2CCN(C(=O)c3cc(OC)c(OC)c(OC)c3)C(COC(C)=O)C2)cc(OC)c1OC,CC(=O)N1CCN(c2ccc(CN(CC(C)C)S(=O)(=O)Cc3ccccc3)cc2)CC1,O=C(c1ccccc1)N1CCN(C(=O)c2ccccc2)CC1,O=S(=O)(Cc1ccccc1)NCc1ccc(N2CCNCC2)cc1,False,False,False,,0.15476190476190477,0.16455696202531644,546.5730000000003,443.6130000000002,102.9600000000001,False,2.2681000000000004,3.3431000000000024,1.075000000000002,False,,,,,,,,,,,,,,,,,10.0,8.0,2.0,False
edit_latent_source_similarity_rerank,mpair_00002601_cond_00_3p,mpair_00002601,eval,3,"MW,LogP,QED",COc1ccc(C(=O)Nc2ccncc2Cl)c2cccnc12,COc1ccc(C(=O)Nc2ccncc2Cl)c2ccc(C(F)(F)F)nc12,CN(C)c1ncc2c(n1)-c1ccc(Cl)cc1C(c1ccccc1F)=NC2,O=C(Nc1ccncc1)c1cccc2ncccc12,c1ccc(C2=NCc3cncnc3-c3ccccc32)cc1,False,True,False,,0.12048192771084337,0.11363636363636363,381.74100000000004,366.82700000000006,14.913999999999987,True,4.562900000000002,4.353100000000002,0.20979999999999954,True,0.7218484507203837,0.6765672045353797,0.045281246185004065,True,,,,,,,,,,,,,,,,
edit_latent_source_similarity_rerank,mpair_00002605_cond_00_3p,mpair_00002605,eval,3,"TPSA,HBD,RB",COc1ccc(C(=O)Nc2c(Cl)cncc2Cl)c2ccc(C(C)O)nc12,COc1ccc(C(=O)Nc2c(F)cncc2F)c2ccc(C(F)(F)F)nc12,CN(C)C(=O)Oc1ccc(Cl)cc1C(=O)Nc1ccc(Cl)cc1,O=C(Nc1ccncc1)c1cccc2ncccc12,O=C(Nc1ccccc1)c1ccccc1,False,True,False,,0.2537313432835821,0.22058823529411764,,,,,,,,,,,,,64.11,58.64,5.469999999999999,True,1.0,1.0,0.0,True,,,,,3.0,3.0,0.0,True
edit_latent_source_similarity_rerank,mpair_00002610_cond_01_3p,mpair_00002610,eval,3,"LogP,TPSA,HBD",CCc1ccc2c(C(=O)Nc3c(Cl)cncc3Cl)ccc(OC)c2n1,COc1ccc(C(=O)Nc2c(Cl)cncc2Cl)c2ccc(C(C)O)nc12,COc1ccc(C(=O)Nc2c(Cl)cncc2Cl)c(OC)c1OC,O=C(Nc1ccncc1)c1cccc2ncccc12,O=C(Nc1ccncc1)c1ccccc1,False,True,False,,0.5849056603773585,0.5740740740740741,,,,,4.2508000000000035,3.666500000000002,0.5843000000000016,True,,,,,84.34,69.68,14.659999999999997,True,2.0,1.0,1.0,True,,,,,,,,
edit_latent_source_similarity_rerank,mpair_00002616_cond_01_3p,mpair_00002616,eval,3,"TPSA,HBA,RB",COc1ccc(C(=O)Nc2c(F)cncc2F)c2ccc(C(F)(F)F)nc12,COc1ccc(C(=O)Nc2c(Cl)cncc2Cl)c2ccc(C(C)=O)nc12,COc1cc(NC(=O)c2cccn2C)ccc1-c1cnco1,O=C(Nc1ccncc1)c1cccc2ncccc12,O=C(Nc1ccc(-c2cnco2)cc1)c1ccc[nH]1,False,True,False,,0.23076923076923078,0.23376623376623376,,,,,,,,,,,,,81.17999999999999,69.28999999999999,11.89,True,,,,,5.0,5.0,0.0,True,4.0,4.0,0.0,True
edit_latent_source_similarity_rerank,mpair_00002622_cond_00_3p,mpair_00002622,eval,3,"MW,QED,RB",CCc1ccc2c(C(=O)Nc3c(Cl)cncc3Cl)ccc(OC)c2n1,COc1ccc(C(=O)Nc2ccncc2Cl)c2cccnc12,COc1ccc(Cl)cc1-c1c(N)c(O)nc2ccccc12,O=C(Nc1ccncc1)c1cccc2ncccc12,c1ccc(-c2ccnc3ccccc23)cc1,False,True,False,,0.2222222222222222,0.24285714285714285,313.744,300.745,12.999000000000024,True,,,,,0.8029165077767629,0.7540018110877017,0.04891469668906123,True,,,,,,,,,,,,,3.0,2.0,1.0,True
edit_latent_source_similarity_rerank,mpair_00002629_cond_00_3p,mpair_00002629,eval,3,"TPSA,HBA,RB",CC(C)CC(=O)N1C[C@H](c2ccccc2)C[C@H]1C(=O)N[C@@H](CC(F)F)C(=O)NCCc1c(F)cc(C(=O)O)cc1F,CC(C)(C)[C@H](O)C(=O)N1C[C@H](c2ccccc2)C[C@H]1C(=O)N[C@@H](CC(F)F)C(=O)NCCc1c(F)cc(C(=O)O)cc1F,CC(C)C[C@H](CC(=O)NO)C(=O)N[C@@H](Cc1c[nH]c2ccccc12)C(=O)NCc1nccs1,O=C(CNC(=O)[C@@H]1C[C@@H](c2ccccc2)CN1)NCCc1ccccc1,O=C(CCc1c[nH]c2ccccc12)NCc1nccs1,False,True,False,,0.19626168224299065,0.16071428571428573,,,,,,,,,,,,,136.04,136.20999999999998,0.1699999999999875,True,,,,,5.0,6.0,1.0,True,11.0,11.0,0.0,True
edit_latent_source_similarity_rerank,mpair_00003115_cond_00_3p,mpair_00003115,eval,3,"MW,LogP,QED",Cc1nc2nncnn2c(=O)c1C,Cc1nc2nnc(C(C)(C)C)nn2c(=O)c1C,CN1CCN(CC#CCN2CCCC2)C1=O,O=c1ccnc2nncnn12,O=C1NCCN1CC#CCN1CCCC1,False,True,False,,0.12,0.11538461538461539,233.27499999999998,221.30399999999992,11.97100000000006,True,0.7938399999999997,0.45299999999999985,0.3408399999999998,True,0.6723856505150625,0.633128224694856,0.039257425820206526,True,,,,,,,,,,,,,,,,
edit_latent_source_similarity_rerank,mpair_00003206_cond_00_3p,mpair_00003206,eval,3,"MW,LogP,HBA",CCOC(=O)N1CCN(S(=O)(=O)c2ccc(-n3ncc(=O)[nH]c3=O)cc2Cl)CC1,Cc1cc(-n2ncc(=O)[nH]c2=O)ccc1S(=O)(=O)N1CCN(C=O)CC1,CCCn1c(=O)n(CCN(C)C)c(=O)c2[nH]cnc21,O=c1cnn(-c2ccc(S(=O)(=O)N3CCNCC3)cc2)c(=O)[nH]1,O=c1[nH]c(=O)c2[nH]cnc2[nH]1,False,False,False,,0.14102564102564102,0.12162162162162163,379.39800000000025,265.317,114.08100000000024,False,-1.3080799999999981,-0.14209999999999962,1.1659799999999985,False,,,,,,,,,,,,,7.0,6.0,1.0,True,,,,
edit_latent_source_similarity_rerank,mpair_00003210_cond_00_3p,mpair_00003210,eval,3,"MW,LogP,HBA",CC[C@H]1OC(=O)[C@H](C)[C@@H](O)[C@H](C)[C@@H](OC2O[C@H](C)C[C@H](N(C)C)C2O)[C@@](C)(OC)C[C@@H](C)C(=O)[C@H](C)[C@@H](O)[C@]1(C)O,CC[C@H]1OC(=O)[C@H](C)[C@@H](OC(C)=O)[C@H](C)[C@@H](OC2O[C@H](C)C[C@H](N(C)C)C2O)[C@@](C)(OC)C[C@@H](C)C(=O)[C@H](C)[C@@H](O)[C@]1(C)O,CN1CCN(c2nc3cc(O)c4c(c3s2)C(=O)c2cccc(O)c2C4=O)CC1,O=C1CCCCOC(=O)CCC[C@@H](OC2CCCCO2)CCC1,O=C1c2ccccc2C(=O)c2c1ccc1nc(N3CCNCC3)sc21,False,False,False,,0.057692307692307696,0.05405405405405406,631.8040000000003,395.44000000000017,236.36400000000015,False,2.0853000000000033,2.2347,0.14939999999999687,True,,,,,,,,,,,,,12.0,8.0,4.0,False,,,,
edit_latent_source_similarity_rerank,mpair_00003219_cond_01_3p,mpair_00003219,eval,3,"MW,LogP,QED",COc1ccc(S(=O)(=O)N(Cc2cccnc2)c2c(C)cccc2C(=O)NO)cc1,COc1ccc(S(=O)(=O)N(Cc2cccnc2)c2c(C)cc(Br)cc2C(=O)NO)cc1,CN1CCN(C2=Nc3ccccc3Sc3ccc(OS(=O)(=O)C(F)(F)F)cc32)CC1,O=S(=O)(c1ccccc1)N(Cc1cccnc1)c1ccccc1,c1ccc2c(c1)N=C(N1CCNCC1)c1ccccc1S2,False,False,False,,0.15384615384615385,0.16483516483516483,506.37800000000016,457.4990000000002,48.87899999999996,False,3.675620000000001,3.705300000000003,0.029680000000001705,True,0.3740614499694089,0.5063127077162594,0.13225125774685048,False,,,,,,,,,,,,,,,,
edit_latent_source_similarity_rerank,mpair_00003222_cond_02_3p,mpair_00003222,eval,3,"QED,TPSA,RB",COc1ccc(S(=O)(=O)N(Cc2cccnc2)c2c(C)cc(Br)cc2C(=O)NO)cc1,COC(=O)c1cccc(C(=O)NO)c1N(Cc1cccnc1)S(=O)(=O)c1ccc(OC)cc1,COc1ccc(S(=O)(=O)N(Cc2cccnc2)c2c(C(=O)NO)cnc3snc(C)c23)cc1,O=S(=O)(c1ccccc1)N(Cc1cccnc1)c1ccccc1,O=S(=O)(c1ccccc1)N(Cc1cccnc1)c1ccnc2sncc12,False,True,False,,0.6666666666666666,0.6527777777777778,,,,,,,,,0.29046454626646695,0.3013775409240257,0.010912994657558739,True,135.13,134.61,0.5199999999999818,True,,,,,,,,,8.0,7.0,1.0,True
edit_latent_source_similarity_rerank,mpair_00003531_cond_02_3p,mpair_00003531,eval,3,"TPSA,HBA,RB",CC(C)Oc1cccc(N(Cc2cccnc2)S(=O)(=O)CC(F)(F)F)c1,CCOC(=O)C(C)Oc1cccc(N(Cc2cccnc2)S(=O)(=O)CC(F)(F)F)c1,CNC(=O)c1cccnc1NCCCN1CCN(c2ccccc2OC)CC1,c1ccc(NCc2cccnc2)cc1,c1ccc(N2CCN(CCCNc3ccccn3)CC2)cc1,False,True,False,,0.14444444444444443,0.14583333333333334,,,,,,,,,,,,,85.80000000000001,69.73,16.070000000000007,True,,,,,6.0,6.0,0.0,True,9.0,8.0,1.0,True
edit_latent_source_similarity_rerank,mpair_00003540_cond_00_3p,mpair_00003540,eval,3,"QED,TPSA,HBA",CCCC(C)Oc1cccc(N(Cc2cccnc2)S(=O)(=O)CC(F)(F)F)c1,CCOC(=O)C(C)Oc1cccc(N(Cc2cccnc2)S(=O)(=O)CC(F)(F)F)c1,CCC(=O)N(c1ccc(-c2cc(C(F)(F)F)nn2-c2ccc(Cl)cc2)cc1)S(C)(=O)=O,c1ccc(NCc2cccnc2)cc1,c1ccc(-c2ccnn2-c2ccccc2)cc1,False,True,False,,0.19318181818181818,0.2159090909090909,,,,,,,,,0.5496815697636838,0.5295215083851017,0.02016006137858206,True,85.80000000000001,72.27000000000001,13.530000000000001,True,,,,,6.0,5.0,1.0,True,,,,
edit_latent_source_similarity_rerank,mpair_00003545_cond_01_3p,mpair_00003545,eval,3,"LogP,QED,RB",CCCC(C)Oc1cccc(N(Cc2cccnc2)S(=O)(=O)CC(F)(F)F)c1,CC(C)Oc1cccc(N(Cc2cccnc2)S(=O)(=O)CC(F)(F)F)c1,COc1cc(Br)cc(C(=O)NC2CCN(Cc3ccccc3)CC2)c1OC,c1ccc(NCc2cccnc2)cc1,O=C(NC1CCN(Cc2ccccc2)CC1)c1ccccc1,False,True,False,,0.13043478260869565,0.13793103448275862,,,,,3.7675000000000027,3.860700000000003,0.0932000000000004,True,0.7245796953652621,0.7520314882633539,0.027451792898091743,True,,,,,,,,,,,,,7.0,6.0,1.0,True
edit_latent_source_similarity_rerank,mpair_00000014_cond_01_4p,mpair_00000014,eval,4,"MW,LogP,TPSA,HBA",O=C(O)[C@@H]1C[C@H]2C[C@@H](CCS(=O)(=O)O)CC[C@H]2CN1,O=C(O)CC[C@H]1CC[C@H]2CN[C@H](C(=O)O)C[C@H]2C1,CC(C)(C)OC(=O)N1CCC[C@H]1C(=O)N[C@@H](Cc1ccc(O)cc1)C(N)=O,C1CC[C@H]2CNCC[C@H]2C1,O=C(NCCc1ccccc1)[C@@H]1CCCN1,False,False,False,,0.0875,0.09090909090909091,255.314,377.4410000000001,122.1270000000001,False,1.3301999999999996,1.3042999999999996,0.025900000000000034,True,,,,,86.63000000000001,121.96000000000001,35.33,False,,,,,3.0,5.0,2.0,False,,,,
edit_latent_source_similarity_rerank,mpair_00000322_cond_01_4p,mpair_00000322,eval,4,"MW,QED,HBA,RB",N[C@@H](C(=O)N[C@@H]1C(=O)N2C(C(=O)O)=C(C(F)(F)F)CC[C@H]12)c1cccc(C(F)(F)F)c1,CSC1=C(C(=O)O)N2C(=O)[C@@H](NC(=O)[C@H](N)c3ccccc3)[C@H]2CC1,O=C(O)c1cc(NC(=O)c2cc(O)cc(O)c2)cc(C(=O)O)c1,O=C(Cc1ccccc1)N[C@@H]1C(=O)N2C=CCC[C@H]12,O=C(Nc1ccccc1)c1ccccc1,False,False,False,,0.125,0.11940298507462686,361.42300000000006,317.2530000000001,44.16999999999996,False,,,,,0.6699274889764619,0.5773223138267054,0.09260517514975652,True,,,,,,,,,5.0,5.0,0.0,True,5.0,4.0,1.0,True
edit_latent_source_similarity_rerank,mpair_00000326_cond_01_4p,mpair_00000326,eval,4,"QED,TPSA,HBD,RB",N[C@@H](C(=O)N[C@@H]1C(=O)N2C(C(=O)O)=C(C(F)(F)F)CC[C@H]12)c1ccc(O)cc1,CSC1=C(C(=O)O)N2C(=O)[C@@H](NC(=O)[C@H](N)c3ccccc3)[C@H]2CC1,C[C@H](N)C(=O)NN(C)C(=O)N1CCC[C@H]1C(=O)NC(c1ccccc1)c1ccccc1,O=C(Cc1ccccc1)N[C@@H]1C(=O)N2C=CCC[C@H]12,O=C(NC(c1ccccc1)c1ccccc1)[C@@H]1CCCN1,False,True,False,,0.2073170731707317,0.27631578947368424,,,,,,,,,0.6699274889764619,0.6373472805520788,0.03258020842438314,True,112.73,107.77000000000001,4.959999999999994,True,3.0,3.0,0.0,True,,,,,5.0,5.0,0.0,True
edit_latent_source_similarity_rerank,mpair_00000334_cond_02_4p,mpair_00000334,eval,4,"MW,QED,TPSA,RB",CSC1=C(C(=O)O)N2C(=O)[C@@H](NC(=O)[C@H](N)c3ccccc3)[C@H]2CC1,N[C@@H](C(=O)N[C@@H]1C(=O)N2C(C(=O)O)=C(C(F)(F)F)CC[C@H]12)c1ccc(O)cc1,C=CC1=C(C(=O)O)N2C(=O)[C@@H](NC(=O)[C@H](N)c3ccc(O)cc3)[C@H]2SC1,O=C(Cc1ccccc1)N[C@@H]1C(=O)N2C=CCC[C@H]12,O=C(Cc1ccccc1)N[C@@H]1C(=O)N2C=CCS[C@H]12,False,True,False,,0.44285714285714284,0.5147058823529411,399.3250000000001,375.40600000000006,23.91900000000004,True,,,,,0.5533729404309352,0.5446622642380808,0.008710676192854372,True,132.96,132.96,0.0,True,,,,,,,,,4.0,5.0,1.0,True
edit_latent_source_similarity_rerank,mpair_00000586_cond_02_4p,mpair_00000586,eval,4,"QED,TPSA,HBD,HBA",OC[C@@H]1N[C@@H](CCCCc2cc(F)cc(F)c2)[C@H](O)[C@H]1O,OC[C@@H]1N[C@@H](CCCCc2ccc(O)cc2)[C@H](O)[C@H]1O,O=C(c1ccccc1)c1ccc(O)c(NC(CO)CO)c1O,c1ccc(CCCC[C@H]2CCCN2)cc1,O=C(c1ccccc1)c1ccccc1,False,True,False,,0.07936507936507936,0.11666666666666667,,,,,,,,,0.47902706341404183,0.40356760016634213,0.0754594632476997,True,92.95,110.02000000000001,17.070000000000007,True,5.0,5.0,0.0,True,5.0,6.0,1.0,True,,,,
edit_latent_source_similarity_rerank,mpair_00000726_cond_01_4p,mpair_00000726,eval,4,"MW,LogP,QED,HBD",C=CCc1cc(/C=C2\SC(=O)NC2=O)c(OC)cc1OC1CCCCO1,C=CCc1cc(/C=C2\SC(=O)N(CC=C)C2=O)c(OC)cc1OC1CCCCO1,COc1ccc(CCCCN(C)CCOc2cc(F)cc3c2OCCC3=O)cc1,O=C1NC(=O)/C(=C/c2ccc(OC3CCCCO3)cc2)S1,O=C1CCOc2c(OCCNCCCCc3ccccc3)cccc21,False,False,False,,0.15789473684210525,0.15151515151515152,415.51100000000025,401.4780000000002,14.033000000000072,True,4.551400000000004,4.133000000000004,0.4184000000000001,True,0.45838471716690443,0.5603935082679022,0.10200879110099781,False,,,,,0.0,0.0,0.0,True,,,,,,,,
edit_latent_source_similarity_rerank,mpair_00000734_cond_00_4p,mpair_00000734,eval,4,"MW,LogP,QED,RB",C=CCc1cc(/C=C2\SC(=O)N(CCCC)C2=O)c(OC)cc1OC1CCCCO1,C=CCc1cc(/C=C2\SC(=O)N(C)C2=O)c(OC)cc1OC1CCCCO1,O=C(O)Cc1ccc(Nc2nc(-c3cccc(F)c3)nc(C3CC3)n2)cc1,O=C1NC(=O)/C(=C/c2ccc(OC3CCCCO3)cc2)S1,c1ccc(Nc2nc(-c3ccccc3)nc(C3CC3)n2)cc1,False,False,False,,0.07692307692307693,0.08163265306122448,389.4730000000002,364.3800000000001,25.093000000000075,True,3.9952000000000023,3.9258000000000015,0.0694000000000008,True,0.5413211960634129,0.6890722117345541,0.14775101567114124,False,,,,,,,,,,,,,6.0,6.0,0.0,True
edit_latent_source_similarity_rerank,mpair_00000753_cond_01_4p,mpair_00000753,eval,4,"MW,TPSA,HBA,RB",O=C1CCC[C@H]2OC[C@@H](Cc3c[nH]c4ccccc34)N12,COC(=O)C[C@@H]1CC(=O)N2[C@H](Cc3c[nH]c4ccccc34)CO[C@@H]2C1,CCCOc1ccccc1-c1nc2c(c(C)nn2C(C)(C)C)c(=O)[nH]1,O=C1CCC[C@H]2OC[C@@H](Cc3c[nH]c4ccccc34)N12,O=c1[nH]c(-c2ccccc2)nc2[nH]ncc12,False,True,False,,0.14634146341463414,0.15384615384615385,342.39500000000015,340.427,1.9680000000001314,True,,,,,,,,,71.63000000000001,72.80000000000001,1.1700000000000017,True,,,,,4.0,5.0,1.0,True,4.0,4.0,0.0,True
edit_latent_source_similarity_rerank,mpair_00001117_cond_02_4p,mpair_00001117,eval,4,"MW,HBD,HBA,RB",COc1ccc(N2CCN(CCC3c4ccccc4C(=O)N3C)CC2)cc1,O=C1NC(CCN2CCN(c3ccccc3)CC2)c2ccccc21,O=C1c2ccccc2-c2nnc(-c3ccccc3O)cc21,O=C1NC(CCN2CCN(c3ccccc3)CC2)c2ccccc21,O=C1c2ccccc2-c2nnc(-c3ccccc3)cc21,False,False,False,,0.1746031746031746,0.1724137931034483,321.4240000000001,274.279,47.145000000000095,False,,,,,,,,,,,,,1.0,1.0,0.0,True,3.0,4.0,1.0,True,4.0,1.0,3.0,False
edit_latent_source_similarity_rerank,mpair_00001131_cond_02_4p,mpair_00001131,eval,4,"QED,HBD,HBA,RB",COc1ccc(N2CCN(CCC3c4ccccc4C(=O)N3C)CC2)cc1,Cc1ccc(N2CCN(CCC3NC(=O)c4ccccc43)CC2)cc1C,O=c1c2cccnc2sn1-c1ccc(Br)cc1,O=C1NC(CCN2CCN(c3ccccc3)CC2)c2ccccc21,O=c1c2cccnc2sn1-c1ccccc1,False,False,False,,0.14705882352941177,0.12857142857142856,,,,,,,,,0.9198864151307602,0.6917469732247179,0.2281394419060423,False,,,,,1.0,0.0,1.0,True,3.0,4.0,1.0,True,4.0,1.0,3.0,False
edit_latent_source_similarity_rerank,mpair_00001618_cond_02_4p,mpair_00001618,eval,4,"QED,TPSA,HBA,RB",CC1CC(C)(C)Nc2ccc3c(c21)COc1c(F)cc(F)cc1-3,CC1CC(C)(C)Nc2ccc3c(c21)COc1c-3cc(F)cc1[N+](=O)[O-],CCOc1ccc2c(=O)cc(-c3ccccc3)n(CC)c2n1,c1ccc2c(c1)OCc1c-2ccc2c1CCCN2,O=c1cc(-c2ccccc2)[nH]c2ncccc12,False,False,False,,0.06172839506172839,0.06896551724137931,,,,,,,,,0.5855235809891088,0.739649799513931,0.1541262185248221,False,64.39999999999999,44.120000000000005,20.279999999999987,False,,,,,4.0,4.0,0.0,True,1.0,4.0,3.0,False
edit_latent_source_similarity_rerank,mpair_00002465_cond_02_4p,mpair_00002465,eval,4,"MW,QED,HBA,RB",CN(C)CCCOc1cc(C(=O)Nc2ccc(OC(F)(F)F)cc2)n(Cc2ccccc2)n1,CN(C)CCCOc1cc(C(=O)Nc2cccc(Cl)c2)n(Cc2ccccc2)n1,CCC(Cc1ccc(OC)c(C(=O)NCc2ccc(OC(F)(F)F)cc2)c1)C(=O)O,O=C(Nc1ccccc1)c1ccnn1Cc1ccccc1,O=C(NCc1ccccc1)c1ccccc1,False,True,False,,0.2823529411764706,0.15384615384615385,412.9210000000001,425.4030000000001,12.481999999999971,True,,,,,0.5357556879239462,0.6298251160311451,0.09406942810719887,True,,,,,,,,,5.0,4.0,1.0,True,9.0,9.0,0.0,True
edit_latent_source_similarity_rerank,mpair_00002481_cond_01_4p,mpair_00002481,eval,4,"LogP,TPSA,HBA,RB",COc1cc(NC(=O)c2cc(OCCCN(C)C)nn2Cc2ccccc2)cc(OC)c1OC,CN(C)CCCOc1cc(C(=O)Nc2cc(F)cc(C(F)(F)F)c2)n(Cc2ccccc2)n1,CCCCc1nc(Cl)c(COC)n1Cc1ccc(-c2cccc(C(=O)O)c2)cc1,O=C(Nc1ccccc1)c1ccnn1Cc1ccccc1,c1ccc(-c2ccc(Cn3ccnc3)cc2)cc1,False,True,False,,0.2222222222222222,0.1875,,,,,4.672100000000003,5.439000000000005,0.7669000000000024,True,,,,,59.39,64.35000000000001,4.960000000000008,True,,,,,5.0,4.0,1.0,True,9.0,9.0,0.0,True
edit_latent_source_similarity_rerank,mpair_00002492_cond_00_4p,mpair_00002492,eval,4,"LogP,TPSA,HBD,HBA",CC(C)OC(=O)c1cc(CO)cn1S(=O)(=O)c1cc(Cl)ccc1N,C=Cc1cc(C(=O)OCC)n(S(=O)(=O)c2cc(Cl)ccc2N)c1,CCOC(=O)c1cc2c(s1)C(=O)c1c(O)cccc1C2=O,O=S(=O)(c1ccccc1)n1cccc1,O=C1c2ccccc2C(=O)c2sccc21,False,True,False,,0.1917808219178082,0.2753623188405797,,,,,2.7804,2.4058,0.37460000000000004,True,,,,,91.39,80.67000000000002,10.719999999999985,True,1.0,1.0,0.0,True,6.0,6.0,0.0,True,,,,
edit_latent_source_similarity_rerank,mpair_00002522_cond_00_4p,mpair_00002522,eval,4,"MW,LogP,TPSA,HBD",CSc1cc(-c2ccc(Cl)cc2)oc(=O)c1,CSc1cc(-c2ccc(Cl)cc2)oc(=O)c1C(N)=O,Cc1ccc(NC2=C(Cl)C(=O)c3ncncc3C2=O)cc1,O=c1cccc(-c2ccccc2)o1,O=C1C(Nc2ccccc2)=CC(=O)c2ncncc21,False,True,False,,0.13559322033898305,0.12121212121212122,295.747,299.71700000000004,3.9700000000000273,True,2.7810000000000006,2.7265200000000007,0.05447999999999986,True,,,,,73.30000000000001,71.95,1.3500000000000085,True,1.0,1.0,0.0,True,,,,,,,,
edit_latent_source_similarity_rerank,mpair_00002558_cond_01_4p,mpair_00002558,eval,4,"MW,QED,HBA,RB",CSc1nc(-c2ccc(OC(F)(F)F)cc2)nn1C(=O)N(C)c1ccccc1,CSc1nc(-c2ccc(Cl)cc2)nn1C(=O)N(C)c1ccccc1,CN(C)CCNC(=O)c1cccc2cc3ccc(Cl)cc3nc12,O=C(Nc1ccccc1)n1cnc(-c2ccccc2)n1,c1ccc2nc3ccccc3cc2c1,False,False,False,,0.16049382716049382,0.23943661971830985,358.85400000000004,327.8150000000001,31.03899999999993,True,,,,,0.6499636794176425,0.7475459864006407,0.09758230698299819,True,,,,,,,,,5.0,3.0,2.0,False,3.0,4.0,1.0,True
edit_latent_source_similarity_rerank,mpair_00002568_cond_01_4p,mpair_00002568,eval,4,"MW,QED,TPSA,RB",COc1cc(C(=O)N2CCN(C(=O)c3cc(OC)c(OC)c(OC)c3)C(CO)C2)cc(OC)c1OC,COc1cc(C(=O)N2CCN(C(=O)c3cc(OC)c(OC)c(OC)c3)C(COC(=O)NCCC(C)C)C2)cc(OC)c1OC,CCOC(=O)C(C)n1nnn(CCN2CCC(COC)(N(C(=O)CC)c3ccccc3)CC2)c1=O,O=C(c1ccccc1)N1CCN(C(=O)c2ccccc2)CC1,O=c1[nH]nnn1CCN1CCC(Nc2ccccc2)CC1,False,False,False,,0.1348314606741573,0.16326530612244897,617.6960000000003,488.5890000000003,129.10699999999997,False,,,,,0.3561059094946873,0.43752806753046486,0.08142215803577757,True,134.33,111.78999999999999,22.54000000000002,False,,,,,,,,,13.0,11.0,2.0,False
edit_latent_source_similarity_rerank,mpair_00002576_cond_02_4p,mpair_00002576,eval,4,"MW,QED,HBD,RB",COc1cc(C(=O)N2CCN(C(=O)c3cc(OC)c(OC)c(OC)c3)C(COC(C)=O)C2)cc(OC)c1OC,COc1cc(C(=O)N2CCN(C(=O)c3cc(OC)c(OC)c(OC)c3)C(COC(=O)NCCC(C)C)C2)cc(OC)c1OC,CCCN(Cc1ccc(-c2ccccc2-c2nn[nH]n2)cc1)c1ncccc1C(O)CC(=O)OCC,O=C(c1ccccc1)N1CCN(C(=O)c2ccccc2)CC1,c1ccc(NCc2ccc(-c3ccccc3-c3nn[nH]n3)cc2)nc1,False,False,False,,0.12371134020618557,0.12380952380952381,617.6960000000003,486.57600000000025,131.12,False,,,,,0.3561059094946873,0.3009122121599069,0.05519369733478041,True,,,,,1.0,2.0,1.0,True,,,,,13.0,11.0,2.0,False
edit_latent_source_similarity_rerank,mpair_00002591_cond_01_4p,mpair_00002591,eval,4,"MW,LogP,QED,HBD",COc1cc(C(=O)N2CCN(C(=O)c3cc(OC)c(OC)c(OC)c3)C(COC(=O)NCCC(C)C)C2)cc(OC)c1OC,COc1cc(C(=O)N2CCN(C(=O)c3cc(OC)c(OC)c(OC)c3)CC2)cc(OC)c1OC,CCOC(=O)[C@H](Cc1ccc(OCCC2CO2)cc1)NC(=O)c1ccccc1,O=C(c1ccccc1)N1CCN(C(=O)c2ccccc2)CC1,O=C(NCCc1ccc(OCCC2CO2)cc1)c1ccccc1,False,False,False,,0.15555555555555556,0.13043478260869565,474.51000000000033,383.444,91.06600000000032,False,2.3364000000000003,2.7585000000000006,0.42210000000000036,True,0.5754127815390553,0.5042582967343745,0.07115448480468078,True,,,,,0.0,1.0,1.0,True,,,,,,,,
edit_latent_source_similarity_rerank,mpair_00002595_cond_00_4p,mpair_00002595,eval,4,"MW,QED,HBA,RB",COc1cc(C(=O)N2CCN(C(=O)c3cc(OC)c(OC)c(OC)c3)CC2)cc(OC)c1OC,COc1cc(C(=O)N2CCN(C(=O)c3cc(OC)c(OC)c(OC)c3)C(COC(=O)CC(C)(C)C)C2)cc(OC)c1OC,CCOc1ccc2c(c1)[C@H](c1ccc(OC)cc1OCC(=O)O)N(CC(=O)O)[C@@H]2c1ccc2c(c1)OCO2,O=C(c1ccccc1)N1CCN(C(=O)c2ccccc2)CC1,c1ccc([C@@H]2N[C@H](c3ccc4c(c3)OCO4)c3ccccc32)cc1,False,False,False,,0.17333333333333334,0.15789473684210525,602.6810000000004,521.5220000000003,81.1590000000001,False,,,,,0.3521539372279048,0.4063552582883139,0.05420132106040915,True,,,,,,,,,10.0,8.0,2.0,False,11.0,10.0,1.0,True
edit_latent_source_similarity_rerank,mpair_00002607_cond_01_4p,mpair_00002607,eval,4,"LogP,QED,TPSA,HBA",COc1ccc(C(=O)Nc2ccncc2Cl)c2cccnc12,COc1ccc(C(=O)Nc2c(Cl)cncc2Cl)c2ccc(C(C)=O)nc12,COc1ccc(C(=O)Nc2ccc(-c3ccncc3)cc2)cc1C#CCN(C)C,O=C(Nc1ccncc1)c1cccc2ncccc12,O=C(Nc1ccc(-c2ccncc2)cc1)c1ccccc1,False,False,False,,0.2631578947368421,0.23076923076923078,,,,,4.400100000000002,3.922600000000002,0.47750000000000004,True,0.6681926051832562,0.676559355921968,0.008366750738711848,True,81.17999999999999,54.46,26.71999999999999,False,,,,,5.0,4.0,1.0,True,,,,
edit_latent_source_similarity_rerank,mpair_00002614_cond_00_4p,mpair_00002614,eval,4,"MW,QED,HBA,RB",COc1ccc(C(=O)Nc2c(Cl)cncc2Cl)c2cccnc12,COc1ccc(C(=O)Nc2c(Cl)cncc2Cl)c2ccc(C(C)=O)nc12,COc1ccc(C(=O)Nc2ccccc2Cl)c2cc(C(C)=O)oc12,O=C(Nc1ccncc1)c1cccc2ncccc12,O=C(Nc1ccccc1)c1cccc2occc12,False,False,False,,0.390625,0.4,390.22600000000017,343.76600000000013,46.460000000000036,False,,,,,0.6681926051832562,0.7054780488582059,0.03728544367494968,True,,,,,,,,,5.0,4.0,1.0,True,4.0,4.0,0.0,True
edit_latent_source_similarity_rerank,mpair_00002622_cond_02_4p,mpair_00002622,eval,4,"MW,LogP,QED,RB",CCc1ccc2c(C(=O)Nc3c(Cl)cncc3Cl)ccc(OC)c2n1,COc1ccc(C(=O)Nc2ccncc2Cl)c2cccnc12,Cn1c(/C=C/c2ccccc2)nc(=O)c2cc(Cl)ccc21,O=C(Nc1ccncc1)c1cccc2ncccc12,O=c1nc(/C=C/c2ccccc2)[nH]c2ccccc12,False,True,False,,0.13333333333333333,0.13513513513513514,313.744,296.757,16.987000000000023,True,3.544100000000002,3.7573000000000025,0.2132000000000005,True,0.8029165077767629,0.7215573126016088,0.08135919517515411,True,,,,,,,,,,,,,3.0,2.0,1.0,True
edit_latent_source_similarity_rerank,mpair_00002631_cond_00_4p,mpair_00002631,eval,4,"LogP,TPSA,HBD,HBA",CC(C)(C)[C@H](O)C(=O)N1C[C@H](c2ccccc2)C[C@H]1C(=O)N[C@@H](CC(F)F)C(=O)NCCc1c(F)cc(C(=O)O)cc1F,CC(C)CC(=O)N1C[C@H](c2ccccc2)C[C@H]1C(=O)N[C@@H](CC(F)F)C(=O)NCCc1c(F)cc(C(=O)O)cc1F,CC(=O)CCCC(=O)NC1N=C(c2ccccc2)c2ccccc2N(CC(=O)NCCCc2cccc(Cl)c2)C1=O,O=C(CNC(=O)[C@@H]1C[C@@H](c2ccccc2)CN1)NCCc1ccccc1,O=C(CN1C(=O)CN=C(c2ccccc2)c2ccccc21)NCCCc1ccccc1,False,True,False,,0.16521739130434782,0.168141592920354,,,,,3.892500000000002,4.474600000000004,0.5821000000000023,True,,,,,115.81000000000002,107.94,7.870000000000019,True,3.0,2.0,1.0,True,4.0,5.0,1.0,True,,,,
edit_latent_source_similarity_rerank,mpair_00003117_cond_00_4p,mpair_00003117,eval,4,"MW,LogP,TPSA,HBA",Cc1c[nH]c2c1C13CC1CN(C(=O)OC(C)(C)C)C3=CC2=O,COC(=O)c1cc2c([nH]1)C(=O)C=C1N(C(=O)OC(C)(C)C)CC3CC123,CCOC(=O)c1c(NC(C)=O)c2cccnc2n(CC)c1=O,O=C1C=C2NCC3CC23c2cc[nH]c21,O=c1ccc2cccnc2[nH]1,False,False,False,,0.13414634146341464,0.12790697674418605,344.36700000000013,303.3180000000001,41.049000000000035,False,2.389900000000001,1.5514999999999999,0.8384000000000009,True,,,,,88.7,90.28999999999999,1.5899999999999892,True,,,,,5.0,6.0,1.0,True,,,,
edit_latent_source_similarity_rerank,mpair_00003213_cond_01_4p,mpair_00003213,eval,4,"MW,QED,HBA,RB",CC(C)NC(=O)c1ccc2c(Nc3ccc(Cl)cc3)nc(N3CCOCC3)nc2c1,Clc1ccc(Nc2nc(N3CCOCC3)nc3ccccc23)cc1,CN(C)c1ccc(NC(=O)Nc2ccnc3ccccc23)cc1Cl,c1ccc(Nc2nc(N3CCOCC3)nc3ccccc23)cc1,O=C(Nc1ccccc1)Nc1ccnc2ccccc12,False,False,False,,0.19047619047619047,0.2112676056338028,340.81399999999996,340.8140000000001,1.1368683772161603e-13,True,,,,,0.784150666451108,0.7323097658629037,0.05184090058820423,True,,,,,,,,,5.0,3.0,2.0,False,3.0,3.0,0.0,True
edit_latent_source_similarity_rerank,mpair_00003222_cond_00_4p,mpair_00003222,eval,4,"LogP,QED,TPSA,RB",COc1ccc(S(=O)(=O)N(Cc2cccnc2)c2c(C)cc(Br)cc2C(=O)NO)cc1,COC(=O)c1cccc(C(=O)NO)c1N(Cc1cccnc1)S(=O)(=O)c1ccc(OC)cc1,CC(=O)NC(C)(CS(=O)(=O)c1ccc(Oc2ccccc2)cc1)C(=O)NO,O=S(=O)(c1ccccc1)N(Cc1cccnc1)c1ccccc1,c1ccc(Oc2ccccc2)cc1,False,False,False,,0.2597402597402597,0.2631578947368421,,,,,2.391300000000001,1.6527999999999998,0.7385000000000013,True,0.29046454626646695,0.4865288542628996,0.19606430799643265,False,135.13,121.8,13.329999999999998,True,,,,,,,,,8.0,7.0,1.0,True
edit_latent_source_similarity_rerank,mpair_00003532_cond_01_4p,mpair_00003532,eval,4,"LogP,QED,TPSA,HBA",CCOC(=O)C(C)Oc1cccc(N(Cc2cccnc2)S(=O)(=O)CC(F)(F)F)c1,CCCC(C)Oc1cccc(N(Cc2cccnc2)S(=O)(=O)CC(F)(F)F)c1,COC(=O)C(c1ccc2c(c1)OCO2)C1c2ccccc2CCc2ccccc21,c1ccc(NCc2cccnc2)cc1,c1ccc2c(c1)CCc1ccccc1C2Cc1ccc2c(c1)OCO2,False,True,False,,0.13636363636363635,0.11363636363636363,,,,,4.547700000000003,4.602600000000004,0.05490000000000084,True,0.6018859517288218,0.6172240837315535,0.015338132002731708,True,59.5,44.760000000000005,14.739999999999995,True,,,,,4.0,4.0,0.0,True,,,,
edit_latent_source_similarity_rerank,mpair_00003536_cond_02_4p,mpair_00003536,eval,4,"MW,LogP,QED,RB",COc1cccc(N(Cc2cccnc2)S(=O)(=O)CC(F)(F)F)c1,CCC(C)COc1cccc(N(Cc2cccnc2)S(=O)(=O)CC(F)(F)F)c1,COc1ccc([C@@H]2[C@@H](CCCc3ccccc3)C(=O)N2c2ccc(O)cc2)cc1,c1ccc(NCc2cccnc2)cc1,O=C1[C@H](CCCc2ccccc2)[C@@H](c2ccccc2)N1c1ccccc1,False,False,False,,0.175,0.12222222222222222,416.4650000000001,387.47900000000004,28.986000000000047,True,4.405200000000004,5.127800000000005,0.7226000000000008,True,0.6078002459089881,0.572055633150074,0.03574461275891405,True,,,,,,,,,,,,,9.0,7.0,2.0,False
edit_latent_source_similarity_rerank,mpair_00000010_cond_02_5p,mpair_00000010,eval,5,"MW,LogP,QED,HBA,RB",O=C(c1ccccc1C(F)(F)F)N1C[C@H](CN2CCC(c3ccccc3)CC2)[C@@H](c2ccccc2)C1,COc1cccc(C(=O)N2C[C@H](CN3CCC(c4ccccc4)CC3)[C@@H](c3ccccc3)C2)c1,O=C(c1cccs1)N(c1ccc(Cl)cc1)C1CCN(Cc2ccccc2)CC1,O=C(c1ccccc1)N1C[C@H](CN2CCC(c3ccccc3)CC2)[C@@H](c2ccccc2)C1,O=C(c1cccs1)N(c1ccccc1)C1CCN(Cc2ccccc2)CC1,False,False,False,,0.2631578947368421,0.2073170731707317,454.61400000000015,410.97000000000025,43.64399999999989,False,5.430600000000005,5.712900000000006,0.2823000000000002,True,0.49786269936596683,0.53716907540464,0.03930637603867315,True,,,,,,,,,3.0,3.0,0.0,True,6.0,5.0,1.0,True
edit_latent_source_similarity_rerank,mpair_00000327_cond_00_5p,mpair_00000327,eval,5,"MW,LogP,QED,HBA,RB",CSC1=C(C(=O)O)N2C(=O)[C@@H](NC(=O)[C@H](N)c3ccccc3)[C@H]2CC1,N[C@@H](C(=O)N[C@@H]1C(=O)N2C(C(=O)O)=C(C(F)(F)F)CC[C@H]12)c1cccc(C(F)(F)F)c1,O=C(N[C@@H]1CC[C@@]2(O)[C@H]3Cc4ccc(O)c5c4[C@@]2(CCN3CC2CC2)[C@H]1O5)c1c[nH]c2ccccc12,O=C(Cc1ccccc1)N[C@@H]1C(=O)N2C=CCC[C@H]12,O=C(N[C@@H]1CCC2[C@H]3Cc4cccc5c4[C@@]2(CCN3CC2CC2)[C@H]1O5)c1c[nH]c2ccccc12,False,False,False,,0.14285714285714285,0.13513513513513514,451.3230000000001,485.5840000000003,34.261000000000195,True,2.0955999999999997,3.236200000000001,1.1406000000000014,False,0.4795891963980345,0.45500588323987723,0.02458331315815726,True,,,,,,,,,4.0,5.0,1.0,True,4.0,4.0,0.0,True
edit_latent_source_similarity_rerank,mpair_00000335_cond_01_5p,mpair_00000335,eval,5,"MW,LogP,TPSA,HBD,HBA",N[C@@H](C(=O)N[C@@H]1C(=O)N2C(C(=O)O)=C(C(F)(F)F)CC[C@H]12)c1cccc(Br)c1,N[C@@H](C(=O)N[C@@H]1C(=O)N2C(C(=O)O)=C(C(F)(F)F)CC[C@H]12)c1ccc(O)cc1,CNC(=O)Nc1ccc2c(c1)C(CC(=O)O)c1c-2nc(O)c2nccn12,O=C(Cc1ccccc1)N[C@@H]1C(=O)N2C=CCC[C@H]12,c1ccc2c(c1)Cc1c-2ncc2nccn12,False,False,False,,0.13541666666666666,0.12903225806451613,399.3250000000001,353.338,45.98700000000008,False,0.7823999999999993,1.7731999999999997,0.9908000000000003,True,,,,,132.96,128.85000000000002,4.109999999999985,True,4.0,4.0,0.0,True,5.0,6.0,1.0,True,,,,
edit_latent_source_similarity_rerank,mpair_00000586_cond_01_5p,mpair_00000586,eval,5,"LogP,QED,TPSA,HBD,HBA",OC[C@@H]1N[C@@H](CCCCc2cc(F)cc(F)c2)[C@H](O)[C@H]1O,OC[C@@H]1N[C@@H](CCCCc2ccc(O)cc2)[C@H](O)[C@H]1O,Cc1ccc2[nH]c(CNC(=O)c3ccc4c(c3)CNC(=O)[C@H](CC(=O)O)N4)nc2n1,c1ccc(CCCC[C@H]2CCCN2)cc1,O=C1CNc2ccc(C(=O)NCc3nc4ncccc4[nH]3)cc2CN1,False,False,False,,0.08045977011494253,0.08139534883720931,,,,,0.15949999999999964,1.0813199999999996,0.92182,True,0.47902706341404183,0.4239835277370018,0.05504353567704001,True,92.95,149.10000000000002,56.15000000000002,False,5.0,5.0,0.0,True,5.0,6.0,1.0,True,,,,
edit_latent_source_similarity_rerank,mpair_00000762_cond_00_5p,mpair_00000762,eval,5,"MW,LogP,QED,HBA,RB",Clc1cccc(-c2cc(O[C@@H]3CCNC3)cnc2Cl)c1,COc1cccc(-c2cncc(O[C@@H]3CCNC3)c2)c1,COc1ccc(C2C(=O)c3ccccc3C2=O)c(OC)c1,c1ccc(-c2cncc(O[C@@H]3CCNC3)c2)cc1,O=C1c2ccccc2C(=O)C1c1ccccc1,False,False,False,,0.15625,0.2413793103448276,270.33199999999994,282.295,11.96300000000008,True,2.4979000000000005,2.866600000000001,0.36870000000000047,True,0.9267061641096688,0.8122449607360597,0.1144612033736091,False,,,,,,,,,4.0,4.0,0.0,True,4.0,3.0,1.0,True
edit_latent_source_similarity_rerank,mpair_00002472_cond_01_5p,mpair_00002472,eval,5,"MW,LogP,QED,HBA,RB",COc1ccc(NC(=O)c2cc(OCCCN(C)C)nn2Cc2ccccc2)cc1,CN(C)CCCOc1cc(C(=O)Nc2cc(F)cc(C(F)(F)F)c2)n(Cc2ccccc2)n1,COc1ccc([C@H](Cc2ccncc2)c2ccc(NS(=O)(=O)C(C)C)cc2)cc1OC1CCCC1,O=C(Nc1ccccc1)c1ccnn1Cc1ccccc1,c1ccc([C@@H](Cc2ccncc2)c2cccc(OC3CCCC3)c2)cc1,False,False,False,,0.1702127659574468,0.1262135922330097,464.4630000000001,494.6570000000004,30.1940000000003,True,4.672100000000003,5.9363000000000055,1.2642000000000024,False,0.369385517709234,0.3775978407823536,0.008212323073119587,True,,,,,,,,,5.0,5.0,0.0,True,9.0,10.0,1.0,True
edit_latent_source_similarity_rerank,mpair_00002508_cond_02_5p,mpair_00002508,eval,5,"LogP,QED,TPSA,HBD,RB",CSc1cc(-c2ccc(Br)cc2)oc(=O)c1C#N,CSc1cc(-c2ccc(Cl)cc2)oc(=O)c1C(N)=O,Nc1cccc2oc(-c3ccc(Br)cc3)cc(=O)c12,O=c1cccc(-c2ccccc2)o1,O=c1cc(-c2ccccc2)oc2ccccc12,False,False,False,,0.35294117647058826,0.25,,,,,2.7810000000000006,3.8047000000000013,1.0237000000000007,False,0.8837306867126842,0.6947103662508279,0.18902032046185624,False,73.30000000000001,56.23,17.070000000000014,True,1.0,1.0,0.0,True,,,,,3.0,1.0,2.0,False
edit_latent_source_similarity_rerank,mpair_00002541_cond_02_5p,mpair_00002541,eval,5,"MW,QED,TPSA,HBA,RB",CCOC(=O)c1c(SC)c(C#N)c(-c2ccc(Br)cc2)oc1=O,CSc1cc(-c2ccc(Br)cc2)oc(=O)c1C#N,CC(C)(C)c1ccc(-c2nc3ccccc3c(=O)o2)cc1,O=c1cccc(-c2ccccc2)o1,O=c1oc(-c2ccccc2)nc2ccccc12,False,False,False,,0.15714285714285714,0.1864406779661017,322.1830000000001,279.33899999999994,42.844000000000165,False,,,,,0.791886779601309,0.6716595132381075,0.12022726636320158,False,54.0,43.1,10.899999999999999,True,,,,,4.0,3.0,1.0,True,2.0,1.0,1.0,True
edit_latent_source_similarity_rerank,mpair_00002570_cond_00_5p,mpair_00002570,eval,5,"MW,LogP,QED,HBA,RB",CCN(CC)C(=O)OCC1CN(C(=O)c2cc(OC)c(OC)c(OC)c2)CCN1C(=O)c1cc(OC)c(OC)c(OC)c1,COc1cc(C(=O)N2CCN(C(=O)c3cc(OC)c(OC)c(OC)c3)CC2)cc(OC)c1OC,CCOc1cc(C(CC(=O)OC)N2C(=O)c3ccccc3C2=O)ccc1OC,O=C(c1ccccc1)N1CCN(C(=O)c2ccccc2)CC1,O=C1c2ccccc2C(=O)N1Cc1ccccc1,False,False,False,,0.1875,0.21666666666666667,474.51000000000033,383.40000000000015,91.11000000000018,False,2.3364000000000003,2.9943000000000017,0.6579000000000015,True,0.5754127815390553,0.5400018555569635,0.035410925982091834,True,,,,,,,,,8.0,6.0,2.0,False,8.0,7.0,1.0,True
edit_latent_source_similarity_rerank,mpair_00002587_cond_02_5p,mpair_00002587,eval,5,"LogP,TPSA,HBD,HBA,RB",COc1cc(C(=O)N2CCN(C(=O)c3cc(OC)c(OC)c(OC)c3)C(CO)C2)cc(OC)c1OC,COc1cc(C(=O)N2CCN(C(=O)c3cc(OC)c(OC)c(OC)c3)CC2)cc(OC)c1OC,CCOC(=O)c1nn(CCCN2CCN(c3cccc(Cl)c3)CC2)c(=O)c2noc(C)c12,O=C(c1ccccc1)N1CCN(C(=O)c2ccccc2)CC1,O=c1c2nocc2cnn1CCCN1CCN(c2ccccc2)CC1,False,True,False,,0.14606741573033707,0.14102564102564102,,,,,2.3364000000000003,2.7353200000000006,0.3989200000000004,True,,,,,96.00000000000001,93.7,2.3000000000000114,True,0.0,0.0,0.0,True,8.0,9.0,1.0,True,8.0,7.0,1.0,True
edit_latent_source_similarity_rerank,mpair_00002595_cond_01_5p,mpair_00002595,eval,5,"LogP,QED,TPSA,HBA,RB",COc1cc(C(=O)N2CCN(C(=O)c3cc(OC)c(OC)c(OC)c3)CC2)cc(OC)c1OC,COc1cc(C(=O)N2CCN(C(=O)c3cc(OC)c(OC)c(OC)c3)C(COC(=O)CC(C)(C)C)C2)cc(OC)c1OC,CCN(CC)c1nc(NCCNC(=O)c2cc(OC)c(OC)c(OC)c2)c2ccccc2n1,O=C(c1ccccc1)N1CCN(C(=O)c2ccccc2)CC1,O=C(NCCNc1ncnc2ccccc12)c1ccccc1,False,False,False,,0.2903225806451613,0.2289156626506024,,,,,3.684400000000003,3.343700000000001,0.3407000000000018,True,0.3521539372279048,0.42679907358661107,0.07464513635870629,True,122.30000000000001,97.84000000000002,24.459999999999994,False,,,,,10.0,8.0,2.0,False,11.0,11.0,0.0,True
edit_latent_source_similarity_rerank,mpair_00002630_cond_02_5p,mpair_00002630,eval,5,"LogP,QED,TPSA,HBD,HBA",CC(C)CC(=O)N1C[C@H](c2ccccc2)C[C@H]1C(=O)N[C@@H](CC(F)F)C(=O)NCCc1c(F)cc(C(=O)O)cc1F,CC(C)[C@@H](O)C(=O)N1C[C@H](c2ccccc2)C[C@H]1C(=O)N[C@@H](CC(F)F)C(=O)NCCc1c(F)cc(C(=O)O)cc1F,CC(=O)N[C@@H](CC(=O)OCc1ccccc1)C(=O)N[C@@H](Cc1ccccc1)[C@H](O)Cc1ccccc1C(=O)NC(C)(C)C,O=C(CNC(=O)[C@@H]1C[C@@H](c2ccccc2)CN1)NCCc1ccccc1,O=C(CCC(=O)OCc1ccccc1)N[C@H](CCc1ccccc1)Cc1ccccc1,False,True,False,,0.17307692307692307,0.17142857142857143,,,,,2.8633000000000006,3.484000000000001,0.6207000000000003,True,0.2789053789646464,0.22641327903068686,0.052492099933959535,True,136.04,133.83,2.2099999999999795,True,4.0,4.0,0.0,True,5.0,6.0,1.0,True,,,,
edit_latent_source_similarity_rerank,mpair_00003214_cond_02_5p,mpair_00003214,eval,5,"MW,TPSA,HBD,HBA,RB",Clc1ccc(Nc2nc(N3CCOCC3)nc3ccccc23)cc1,CC(C)NC(=O)c1ccc2c(Nc3ccc(Cl)cc3)nc(N3CCOCC3)nc2c1,COc1cccc2c(Nc3ccc(NS(C)(=O)=O)cc3)c3ccccc3nc12,c1ccc(Nc2nc(N3CCOCC3)nc3ccccc23)cc1,c1ccc(Nc2c3ccccc3nc3ccccc23)cc1,False,True,False,,0.2537313432835821,0.18072289156626506,425.92000000000024,393.46800000000013,32.45200000000011,True,,,,,,,,,79.38000000000001,80.32000000000001,0.9399999999999977,True,2.0,2.0,0.0,True,6.0,5.0,1.0,True,5.0,5.0,0.0,True
edit_latent_source_similarity_rerank,mpair_00003539_cond_02_5p,mpair_00003539,eval,5,"LogP,QED,TPSA,HBA,RB",O=S(=O)(CC(F)(F)F)N(Cc1cccnc1)c1cccc(OC(F)(F)F)c1,CCOC(=O)C(C)Oc1cccc(N(Cc2cccnc2)S(=O)(=O)CC(F)(F)F)c1,COC(=O)CCc1ccc(OCCN(C)c2nc3ccccc3o2)cc1,c1ccc(NCc2cccnc2)cc1,c1ccc(OCCNc2nc3ccccc3o2)cc1,False,False,False,,0.12790697674418605,0.15217391304347827,,,,,3.3107000000000024,3.4486000000000017,0.13789999999999925,True,0.5496815697636838,0.5774450210790795,0.027763451315395704,True,85.80000000000001,64.80000000000001,21.0,False,,,,,6.0,6.0,0.0,True,9.0,8.0,1.0,True
edit_latent_source_similarity_rerank,mpair_00001115_cond_00_6p,mpair_00001115,eval,6,"LogP,QED,TPSA,HBD,HBA,RB",COc1ccc(N2CCN(CCC3NC(=O)c4ccccc43)CC2)cc1,CN1C(=O)c2ccccc2C1CCN1CCN(c2ccc(Cl)cc2)CC1,O=C1c2ccccc2-c2nnc(-c3ccc(C(F)(F)F)cc3)cc21,O=C1NC(CCN2CCN(c3ccccc3)CC2)c2ccccc21,O=C1c2ccccc2-c2nnc(-c3ccccc3)cc21,False,False,False,,0.1267605633802817,0.14925373134328357,,,,,3.679000000000003,4.373800000000002,0.694799999999999,True,0.8221231339252668,0.5214047887722973,0.30071834515296947,False,26.790000000000006,42.85,16.059999999999995,True,0.0,0.0,0.0,True,3.0,3.0,0.0,True,4.0,1.0,3.0,False
edit_latent_source_similarity_rerank,mpair_00002568_cond_02_6p,mpair_00002568,eval,6,"MW,LogP,QED,TPSA,HBA,RB",COc1cc(C(=O)N2CCN(C(=O)c3cc(OC)c(OC)c(OC)c3)C(CO)C2)cc(OC)c1OC,COc1cc(C(=O)N2CCN(C(=O)c3cc(OC)c(OC)c(OC)c3)C(COC(=O)NCCC(C)C)C2)cc(OC)c1OC,COc1ccc(S(=O)(=O)C(C)(Cc2ccc(OCCN(C(C)C)C(C)C)cc2)C(=O)NO)cc1,O=C(c1ccccc1)N1CCN(C(=O)c2ccccc2)CC1,O=S(=O)(CCc1ccccc1)c1ccccc1,False,False,False,,0.125,0.14444444444444443,617.6960000000003,492.6380000000002,125.05800000000005,False,3.4773000000000023,3.473300000000001,0.004000000000001336,True,0.3561059094946873,0.34521667250377347,0.01088923699091382,True,134.33,105.17000000000002,29.159999999999997,False,,,,,10.0,7.0,3.0,False,13.0,12.0,1.0,True
edit_latent_source_similarity_rerank,mpair_00002583_cond_00_6p,mpair_00002583,eval,6,"MW,LogP,QED,HBD,HBA,RB",CCN(CC)C(=O)OCC1CN(C(=O)c2cc(OC)c(OC)c(OC)c2)CCN1C(=O)c1cc(OC)c(OC)c(OC)c1,COc1cc(C(=O)N2CCN(C(=O)c3cc(OC)c(OC)c(OC)c3)C(CO)C2)cc(OC)c1OC,COc1cccc(OC)c1OC(=O)C1CNCCN1Cc1ccccc1,O=C(c1ccccc1)N1CCN(C(=O)c2ccccc2)CC1,O=C(Oc1ccccc1)C1CNCCN1Cc1ccccc1,False,False,False,,0.25,0.2647058823529412,504.53600000000034,356.422,148.11400000000032,False,1.6973000000000003,2.0831999999999997,0.38589999999999947,True,0.544633228323374,0.6317262020116892,0.08709297368831515,True,,,,,1.0,1.0,0.0,True,9.0,6.0,3.0,False,9.0,6.0,3.0,False
edit_latent_source_similarity_rerank,mpair_00002607_cond_00_6p,mpair_00002607,eval,6,"MW,LogP,QED,TPSA,HBA,RB",COc1ccc(C(=O)Nc2ccncc2Cl)c2cccnc12,COc1ccc(C(=O)Nc2c(Cl)cncc2Cl)c2ccc(C(C)=O)nc12,CCCN(c1ccncc1F)n1cc(C)c2cc(OC(=O)NC)ccc21,O=C(Nc1ccncc1)c1cccc2ncccc12,c1ccc2c(c1)ccn2Nc1ccncc1,False,False,False,,0.1839080459770115,0.14444444444444443,390.22600000000017,356.40100000000007,33.8250000000001,True,4.400100000000002,3.881720000000003,0.5183799999999987,True,0.6681926051832562,0.7536089386426934,0.08541633345943722,True,81.17999999999999,59.39,21.789999999999992,False,,,,,5.0,5.0,0.0,True,4.0,5.0,1.0,True
edit_latent_source_similarity_rerank,mpair_00003214_cond_00_6p,mpair_00003214,eval,6,"MW,QED,TPSA,HBD,HBA,RB",Clc1ccc(Nc2nc(N3CCOCC3)nc3ccccc23)cc1,CC(C)NC(=O)c1ccc2c(Nc3ccc(Cl)cc3)nc(N3CCOCC3)nc2c1,COc1ccc(Nc2c3ccccc3nc3ccccc23)cc1NS(C)(=O)=O,c1ccc(Nc2nc(N3CCOCC3)nc3ccccc23)cc1,c1ccc(Nc2c3ccccc3nc3ccccc23)cc1,False,False,False,,0.23880597014925373,0.18292682926829268,425.92000000000024,393.46800000000013,32.45200000000011,True,,,,,0.6427710577069246,0.48770792549107883,0.15506313221584572,False,79.38000000000001,80.32,0.9399999999999835,True,2.0,2.0,0.0,True,6.0,5.0,1.0,True,5.0,5.0,0.0,True
edit_latent_source_similarity_rerank,mpair_00002514_cond_01_7p,mpair_00002514,eval,7,"MW,LogP,QED,TPSA,HBD,HBA,RB",CSc1cc(-c2ccc(Cl)cc2)oc(=O)c1Br,CSc1cc(-c2ccc(Cl)cc2)oc(=O)c1C(N)=O,CC(CCn1c(=O)[nH]c2c(Cl)cccc2c1=O)n1ccnc1,O=c1cccc(-c2ccccc2)o1,O=c1[nH]c2ccccc2c(=O)n1CCCn1ccnc1,False,True,False,,0.1095890410958904,0.1038961038961039,295.747,318.764,23.016999999999996,True,2.7810000000000006,2.191,0.5900000000000007,True,0.8837306867126842,0.8011232913608686,0.0826073953518156,True,73.30000000000001,72.68,0.6200000000000045,True,1.0,1.0,0.0,True,4.0,5.0,1.0,True,3.0,4.0,1.0,True
edit_latent_source_similarity_rerank,mpair_00002551_cond_02_7p,mpair_00002551,eval,7,"MW,LogP,QED,TPSA,HBD,HBA,RB",CSc1cc(-c2ccc(Cl)cc2)oc(=O)c1C(N)=O,CSc1cc(-c2ccc(Br)cc2)oc(=O)c1Cl,O=C1OC2(CCN(CCc3cccc4ccccc34)CC2)Cc2ccccc21,O=c1cccc(-c2ccccc2)o1,O=C1OC2(CCN(CCc3cccc4ccccc34)CC2)Cc2ccccc21,False,False,False,,0.07894736842105263,0.08333333333333333,331.61800000000005,371.48000000000025,39.862000000000194,False,4.444600000000002,4.630000000000004,0.18540000000000223,True,0.7618841288913727,0.6288508384049285,0.1330332904864442,False,30.21,29.54,0.6700000000000017,True,0.0,0.0,0.0,True,3.0,3.0,0.0,True,2.0,3.0,1.0,True
edit_latent_scaffold_source_rerank,mpair_00000002_cond_01_2p,mpair_00000002,eval,2,"LogP,QED",O=C(c1cccc(Cl)c1)N1C[C@H](CN2CCC(c3ccccc3)CC2)[C@@H](c2ccccc2)C1,O=C(c1ccccc1F)N1C[C@H](CN2CCC(c3ccccc3)CC2)[C@@H](c2ccccc2)C1,O=C(c1cccc(Cl)c1)N1C[C@H](CN2CCC(c3ccccc3)CC2)[C@@H](c2ccccc2)C1,O=C(c1ccccc1)N1C[C@H](CN2CCC(c3ccccc3)CC2)[C@@H](c2ccccc2)C1,O=C(c1ccccc1)N1C[C@H](CN2CCC(c3ccccc3)CC2)[C@@H](c2ccccc2)C1,True,True,True,source_identity,1.0,0.6379310344827587,,,,,5.561100000000006,6.075400000000006,0.5143000000000004,True,0.5164092889512721,0.4625029539066648,0.053906335044607345,True,,,,,,,,,,,,,,,,
edit_latent_scaffold_source_rerank,mpair_00000005_cond_00_2p,mpair_00000005,eval,2,"HBA,RB",O=C(c1ccccc1F)N1C[C@H](CN2CCC(c3ccccc3)CC2)[C@@H](c2ccccc2)C1,COc1cccc(C(=O)N2C[C@H](CN3CCC(c4ccccc4)CC3)[C@@H](c3ccccc3)C2)c1,O=C(c1ccccc1F)N1C[C@H](CN2CCC(c3ccccc3)CC2)[C@@H](c2ccccc2)C1,O=C(c1ccccc1)N1C[C@H](CN2CCC(c3ccccc3)CC2)[C@@H](c2ccccc2)C1,O=C(c1ccccc1)N1C[C@H](CN2CCC(c3ccccc3)CC2)[C@@H](c2ccccc2)C1,True,True,True,source_identity,1.0,0.6065573770491803,,,,,,,,,,,,,,,,,,,,,3.0,2.0,1.0,True,6.0,5.0,1.0,True
edit_latent_scaffold_source_rerank,mpair_00000007_cond_01_2p,mpair_00000007,eval,2,"LogP,QED",O=C(c1ccccc1F)N1C[C@H](CN2CCC(c3ccccc3)CC2)[C@@H](c2ccccc2)C1,O=C(c1cccc(Cl)c1)N1C[C@H](CN2CCC(c3ccccc3)CC2)[C@@H](c2ccccc2)C1,O=C(c1ccccc1F)N1C[C@H](CN2CCC(c3ccccc3)CC2)[C@@H](c2ccccc2)C1,O=C(c1ccccc1)N1C[C@H](CN2CCC(c3ccccc3)CC2)[C@@H](c2ccccc2)C1,O=C(c1ccccc1)N1C[C@H](CN2CCC(c3ccccc3)CC2)[C@@H](c2ccccc2)C1,True,True,True,source_identity,1.0,0.6379310344827587,,,,,6.075400000000006,5.561100000000006,0.5143000000000004,True,0.4625029539066648,0.5164092889512721,0.053906335044607345,True,,,,,,,,,,,,,,,,
edit_latent_scaffold_source_rerank,mpair_00000011_cond_00_2p,mpair_00000011,eval,2,"HBA,RB",COc1cccc(C(=O)N2C[C@H](CN3CCC(c4ccccc4)CC3)[C@@H](c3ccccc3)C2)c1,O=C(c1ccccc1F)N1C[C@H](CN2CCC(c3ccccc3)CC2)[C@@H](c2ccccc2)C1,COc1cccc(C(=O)N2C[C@H](CN3CCC(c4ccccc4)CC3)[C@@H](c3ccccc3)C2)c1,O=C(c1ccccc1)N1C[C@H](CN2CCC(c3ccccc3)CC2)[C@@H](c2ccccc2)C1,O=C(c1ccccc1)N1C[C@H](CN2CCC(c3ccccc3)CC2)[C@@H](c2ccccc2)C1,True,True,True,source_identity,1.0,0.6065573770491803,,,,,,,,,,,,,,,,,,,,,2.0,3.0,1.0,True,5.0,6.0,1.0,True
edit_latent_scaffold_source_rerank,mpair_00000013_cond_01_2p,mpair_00000013,eval,2,"MW,LogP",COc1cccc(C(=O)N2C[C@H](CN3CCC(c4ccccc4)CC3)[C@@H](c3ccccc3)C2)c1,O=C(c1ccccc1C(F)(F)F)N1C[C@H](CN2CCC(c3ccccc3)CC2)[C@@H](c2ccccc2)C1,COc1cccc(C(=O)N2C[C@H](CN3CCC(c4ccccc4)CC3)[C@@H](c3ccccc3)C2)c1,O=C(c1ccccc1)N1C[C@H](CN2CCC(c3ccccc3)CC2)[C@@H](c2ccccc2)C1,O=C(c1ccccc1)N1C[C@H](CN2CCC(c3ccccc3)CC2)[C@@H](c2ccccc2)C1,True,False,False,source_identity,1.0,0.578125,492.5850000000002,454.61400000000015,37.97100000000006,False,6.4408000000000065,5.430600000000005,1.010200000000001,False,,,,,,,,,,,,,,,,,,,,
edit_latent_scaffold_source_rerank,mpair_00000021_cond_02_2p,mpair_00000021,eval,2,"TPSA,HBA",N#Cc1ccc(COC[C@H]2C3CC(c4ccc(F)cc4)(CO3)[C@@H]2C/C=C/CCCC(=O)O)cc1,O=C(O)CCC/C=C/C[C@@H]1[C@@H](COCc2ccccc2)C2CC1(c1ccccc1)CO2,N#Cc1ccc(COC[C@H]2C3CC(c4ccc(F)cc4)(CO3)[C@@H]2C/C=C/CCCC(=O)O)cc1,c1ccc(COC[C@@H]2CC3(c4ccccc4)COC2C3)cc1,c1ccc(COC[C@@H]2CC3(c4ccccc4)COC2C3)cc1,True,False,False,source_identity,1.0,0.7391304347826086,,,,,,,,,,,,,55.760000000000005,79.55,23.789999999999992,False,,,,,3.0,4.0,1.0,True,,,,
edit_latent_scaffold_source_rerank,mpair_00000328_cond_00_2p,mpair_00000328,eval,2,"MW,QED",N[C@@H](C(=O)N[C@@H]1C(=O)N2C(C(=O)O)=C(C(F)(F)F)CC[C@H]12)c1ccc(F)cc1,N[C@@H](C(=O)N[C@@H]1C(=O)N2C(C(=O)O)=C(C(F)(F)F)CC[C@H]12)c1cccc(Br)c1,N[C@@H](C(=O)N[C@@H]1C(=O)N2C(C(=O)O)=C(C(F)(F)F)CC[C@H]12)c1ccc(F)cc1,O=C(Cc1ccccc1)N[C@@H]1C(=O)N2C=CCC[C@H]12,O=C(Cc1ccccc1)N[C@@H]1C(=O)N2C=CCC[C@H]12,True,False,False,source_identity,1.0,0.7377049180327869,462.2220000000001,401.3160000000001,60.906000000000006,False,,,,,0.5917241763797754,0.5187711593734389,0.0729530170063365,True,,,,,,,,,,,,,,,,
edit_latent_scaffold_source_rerank,mpair_00000337_cond_00_2p,mpair_00000337,eval,2,"MW,LogP",N[C@@H](C(=O)N[C@@H]1C(=O)N2C(C(=O)O)=C(C(F)(F)F)CC[C@H]12)c1cccc(C(F)(F)F)c1,N[C@@H](C(=O)N[C@@H]1C(=O)N2C(C(=O)O)=C(C(F)(F)F)CC[C@H]12)c1ccc(F)cc1,N[C@@H](C(=O)N[C@@H]1C(=O)N2C(C(=O)O)=C(C(F)(F)F)CC[C@H]12)c1cccc(C(F)(F)F)c1,O=C(Cc1ccccc1)N[C@@H]1C(=O)N2C=CCC[C@H]12,O=C(Cc1ccccc1)N[C@@H]1C(=O)N2C=CCC[C@H]12,True,False,False,source_identity,1.0,0.7377049180327869,401.3160000000001,451.3230000000001,50.007000000000005,False,1.2158999999999993,2.0955999999999997,0.8797000000000004,True,,,,,,,,,,,,,,,,,,,,
edit_latent_scaffold_source_rerank,mpair_00000584_cond_00_2p,mpair_00000584,eval,2,"TPSA,HBD",OC[C@@H]1N[C@@H](CCCCc2ccc(O)cc2)[C@H](O)[C@H]1O,Cc1ccc(CCCC[C@@H]2N[C@@H](CO)[C@H](O)[C@H]2O)cc1,OC[C@@H]1N[C@@H](CCCCc2ccc(O)cc2)[C@H](O)[C@H]1O,c1ccc(CCCC[C@H]2CCCN2)cc1,c1ccc(CCCC[C@H]2CCCN2)cc1,True,False,False,source_identity,1.0,0.7567567567567568,,,,,,,,,,,,,72.72,92.95,20.230000000000004,False,4.0,5.0,1.0,True,,,,,,,,
edit_latent_scaffold_source_rerank,mpair_00000589_cond_00_2p,mpair_00000589,eval,2,"HBA,RB",COc1ccc(CCCC[C@@H]2N[C@@H](CO)[C@H](O)[C@H]2O)cc1,OC[C@@H]1N[C@@H](CCCCc2ccc(F)cc2)[C@H](O)[C@H]1O,COc1ccc(CCCC[C@@H]2N[C@@H](CO)[C@H](O)[C@H]2O)cc1,c1ccc(CCCC[C@H]2CCCN2)cc1,c1ccc(CCCC[C@H]2CCCN2)cc1,True,True,True,source_identity,1.0,0.6829268292682927,,,,,,,,,,,,,,,,,,,,,4.0,5.0,1.0,True,6.0,7.0,1.0,True
edit_latent_scaffold_source_rerank,mpair_00000590_cond_02_2p,mpair_00000590,eval,2,"HBD,RB",OC[C@@H]1N[C@@H](CCCCc2ccc(O)cc2)[C@H](O)[C@H]1O,COc1ccc(CCCC[C@@H]2N[C@@H](CO)[C@H](O)[C@H]2O)cc1,OC[C@@H]1N[C@@H](CCCCc2ccc(O)cc2)[C@H](O)[C@H]1O,c1ccc(CCCC[C@H]2CCCN2)cc1,c1ccc(CCCC[C@H]2CCCN2)cc1,True,True,True,source_identity,1.0,0.7,,,,,,,,,,,,,,,,,4.0,5.0,1.0,True,,,,,7.0,6.0,1.0,True
edit_latent_scaffold_source_rerank,mpair_00000592_cond_02_2p,mpair_00000592,eval,2,"HBA,RB",COc1ccc(CCCC[C@@H]2N[C@@H](CO)[C@H](O)[C@H]2O)cc1,Cc1ccc(CCCC[C@@H]2N[C@@H](CO)[C@H](O)[C@H]2O)cc1,COc1ccc(CCCC[C@@H]2N[C@@H](CO)[C@H](O)[C@H]2O)cc1,c1ccc(CCCC[C@H]2CCCN2)cc1,c1ccc(CCCC[C@H]2CCCN2)cc1,True,True,True,source_identity,1.0,0.725,,,,,,,,,,,,,,,,,,,,,4.0,5.0,1.0,True,6.0,7.0,1.0,True
edit_latent_scaffold_source_rerank,mpair_00000594_cond_01_2p,mpair_00000594,eval,2,"HBA,RB",COc1ccc(CCCC[C@@H]2N[C@@H](CO)[C@H](O)[C@H]2O)cc1,OC[C@@H]1N[C@@H](CCCCc2cc(F)cc(F)c2)[C@H](O)[C@H]1O,COc1ccc(CCCC[C@@H]2N[C@@H](CO)[C@H](O)[C@H]2O)cc1,c1ccc(CCCC[C@H]2CCCN2)cc1,c1ccc(CCCC[C@H]2CCCN2)cc1,True,True,True,source_identity,1.0,0.5681818181818182,,,,,,,,,,,,,,,,,,,,,4.0,5.0,1.0,True,6.0,7.0,1.0,True
edit_latent_scaffold_source_rerank,mpair_00000596_cond_02_2p,mpair_00000596,eval,2,"HBA,RB",OC[C@@H]1N[C@@H](CCCCc2ccc(F)cc2)[C@H](O)[C@H]1O,COc1ccc(CCCC[C@@H]2N[C@@H](CO)[C@H](O)[C@H]2O)cc1,OC[C@@H]1N[C@@H](CCCCc2ccc(F)cc2)[C@H](O)[C@H]1O,c1ccc(CCCC[C@H]2CCCN2)cc1,c1ccc(CCCC[C@H]2CCCN2)cc1,True,True,True,source_identity,1.0,0.6829268292682927,,,,,,,,,,,,,,,,,,,,,5.0,4.0,1.0,True,7.0,6.0,1.0,True
edit_latent_scaffold_source_rerank,mpair_00000724_cond_02_2p,mpair_00000724,eval,2,"MW,RB",C=CCc1cc(/C=C2\SC(=O)N(CC=C(C)C)C2=O)c(OC)cc1OC1CCCCO1,C=CCc1cc(/C=C2\SC(=O)N(C)C2=O)c(OC)cc1OC1CCCCO1,C=CCc1cc(/C=C2\SC(=O)N(CC=C(C)C)C2=O)c(OC)cc1OC1CCCCO1,O=C1NC(=O)/C(=C/c2ccc(OC3CCCCO3)cc2)S1,O=C1NC(=O)/C(=C/c2ccc(OC3CCCCO3)cc2)S1,True,False,False,source_identity,1.0,0.7761194029850746,389.4730000000002,443.5650000000003,54.0920000000001,False,,,,,,,,,,,,,,,,,,,,,6.0,8.0,2.0,False
edit_latent_scaffold_source_rerank,mpair_00000729_cond_00_2p,mpair_00000729,eval,2,"LogP,QED",C=CCc1cc(/C=C2\SC(=O)N(CC=C(C)C)C2=O)c(OC)cc1OC1CCCCO1,C=CCc1cc(/C=C2\SC(=O)N(CC=C)C2=O)c(OC)cc1OC1CCCCO1,C=CCc1cc(/C=C2\SC(=O)N(CC=C(C)C)C2=O)c(OC)cc1OC1CCCCO1,O=C1NC(=O)/C(=C/c2ccc(OC3CCCCO3)cc2)S1,O=C1NC(=O)/C(=C/c2ccc(OC3CCCCO3)cc2)S1,True,True,True,source_identity,1.0,0.8615384615384616,,,,,4.551400000000004,5.331600000000005,0.7802000000000016,True,0.45838471716690443,0.3995752918375223,0.05880942532938216,True,,,,,,,,,,,,,,,,
edit_latent_scaffold_source_rerank,mpair_00000731_cond_00_2p,mpair_00000731,eval,2,"QED,RB",C=CCc1cc(/C=C2\SC(=O)N(C(C)C)C2=O)c(OC)cc1OC1CCCCO1,C=CCc1cc(/C=C2\SC(=O)N(CC=C(C)C)C2=O)c(OC)cc1OC1CCCCO1,C=CCc1cc(/C=C2\SC(=O)N(C(C)C)C2=O)c(OC)cc1OC1CCCCO1,O=C1NC(=O)/C(=C/c2ccc(OC3CCCCO3)cc2)S1,O=C1NC(=O)/C(=C/c2ccc(OC3CCCCO3)cc2)S1,True,True,True,source_identity,1.0,0.7183098591549296,,,,,,,,,0.3995752918375223,0.4701504427149941,0.07057515087747185,True,,,,,,,,,,,,,8.0,7.0,1.0,True
edit_latent_scaffold_source_rerank,mpair_00000734_cond_01_2p,mpair_00000734,eval,2,"LogP,QED",C=CCc1cc(/C=C2\SC(=O)N(CCCC)C2=O)c(OC)cc1OC1CCCCO1,C=CCc1cc(/C=C2\SC(=O)N(C)C2=O)c(OC)cc1OC1CCCCO1,C=CCc1cc(/C=C2\SC(=O)N(CCCC)C2=O)c(OC)cc1OC1CCCCO1,O=C1NC(=O)/C(=C/c2ccc(OC3CCCCO3)cc2)S1,O=C1NC(=O)/C(=C/c2ccc(OC3CCCCO3)cc2)S1,True,False,False,source_identity,1.0,0.7878787878787878,,,,,3.9952000000000023,5.165500000000004,1.170300000000002,False,0.5413211960634129,0.39718598618589046,0.14413520987752243,False,,,,,,,,,,,,,,,,
edit_latent_scaffold_source_rerank,mpair_00000736_cond_02_2p,mpair_00000736,eval,2,"QED,RB",C=CCc1cc(/C=C2\SC(=O)N(CCCC)C2=O)c(OC)cc1OC1CCCCO1,C=CCc1cc(/C=C2\SC(=O)N(C(C)C)C2=O)c(OC)cc1OC1CCCCO1,C=CCc1cc(/C=C2\SC(=O)N(CCCC)C2=O)c(OC)cc1OC1CCCCO1,O=C1NC(=O)/C(=C/c2ccc(OC3CCCCO3)cc2)S1,O=C1NC(=O)/C(=C/c2ccc(OC3CCCCO3)cc2)S1,True,False,False,source_identity,1.0,0.7285714285714285,,,,,,,,,0.4701504427149941,0.39718598618589046,0.07296445652910366,True,,,,,,,,,,,,,7.0,9.0,2.0,False
edit_latent_scaffold_source_rerank,mpair_00000738_cond_01_2p,mpair_00000738,eval,2,"LogP,RB",C=CCc1cc(/C=C2\SC(=O)N(C(C)C)C2=O)c(OC)cc1OC1CCCCO1,C=CCc1cc(/C=C2\SC(=O)N(C)C2=O)c(OC)cc1OC1CCCCO1,C=CCc1cc(/C=C2\SC(=O)N(C(C)C)C2=O)c(OC)cc1OC1CCCCO1,O=C1NC(=O)/C(=C/c2ccc(OC3CCCCO3)cc2)S1,O=C1NC(=O)/C(=C/c2ccc(OC3CCCCO3)cc2)S1,True,True,True,source_identity,1.0,0.796875,,,,,3.9952000000000023,4.773800000000004,0.7786000000000017,True,,,,,,,,,,,,,,,,,6.0,7.0,1.0,True
edit_latent_scaffold_source_rerank,mpair_00000742_cond_01_2p,mpair_00000742,eval,2,"MW,RB",C=CCc1cc(/C=C2\SC(=O)N(C)C2=O)c(OC)cc1OC1CCCCO1,C=CCc1cc(/C=C2\SC(=O)N(CC=C(C)C)C2=O)c(OC)cc1OC1CCCCO1,C=CCc1cc(/C=C2\SC(=O)N(C)C2=O)c(OC)cc1OC1CCCCO1,O=C1NC(=O)/C(=C/c2ccc(OC3CCCCO3)cc2)S1,O=C1NC(=O)/C(=C/c2ccc(OC3CCCCO3)cc2)S1,True,False,False,source_identity,1.0,0.7761194029850746,443.5650000000003,389.4730000000002,54.0920000000001,False,,,,,,,,,,,,,,,,,,,,,8.0,6.0,2.0,False
edit_latent_scaffold_source_rerank,mpair_00000745_cond_00_2p,mpair_00000745,eval,2,"QED,HBD",C=CCc1cc(/C=C2\SC(=O)N(C)C2=O)c(OC)cc1OC1CCCCO1,C=CCc1cc(/C=C2\SC(=O)NC2=O)c(OC)cc1OC1CCCCO1,C=CCc1cc(/C=C2\SC(=O)N(C)C2=O)c(OC)cc1OC1CCCCO1,O=C1NC(=O)/C(=C/c2ccc(OC3CCCCO3)cc2)S1,O=C1NC(=O)/C(=C/c2ccc(OC3CCCCO3)cc2)S1,True,True,True,source_identity,1.0,0.71875,,,,,,,,,0.6042673504148035,0.5413211960634129,0.06294615435139062,True,,,,,1.0,0.0,1.0,True,,,,,,,,
edit_latent_scaffold_source_rerank,mpair_00000750_cond_01_2p,mpair_00000750,eval,2,"MW,HBA",COC(=O)C[C@@H]1CC(=O)N2[C@H](Cc3c[nH]c4ccccc34)CO[C@@H]2C1,O=C1CCC[C@H]2OC[C@@H](Cc3c[nH]c4ccccc34)N12,COC(=O)C[C@@H]1CC(=O)N2[C@H](Cc3c[nH]c4ccccc34)CO[C@@H]2C1,O=C1CCC[C@H]2OC[C@@H](Cc3c[nH]c4ccccc34)N12,O=C1CCC[C@H]2OC[C@@H](Cc3c[nH]c4ccccc34)N12,True,False,False,source_identity,1.0,0.578125,270.33200000000005,342.39500000000015,72.0630000000001,False,,,,,,,,,,,,,,,,,2.0,4.0,2.0,False,,,,
edit_latent_scaffold_source_rerank,mpair_00000752_cond_01_2p,mpair_00000752,eval,2,"TPSA,HBA",CC[C@H]1CCC(=O)N2[C@H](Cc3c[nH]c4ccccc34)CO[C@H]12,COC(=O)C[C@@H]1CC(=O)N2[C@H](Cc3c[nH]c4ccccc34)CO[C@@H]2C1,CC[C@H]1CCC(=O)N2[C@H](Cc3c[nH]c4ccccc34)CO[C@H]12,O=C1CCC[C@H]2OC[C@@H](Cc3c[nH]c4ccccc34)N12,O=C1CCC[C@H]2OC[C@@H](Cc3c[nH]c4ccccc34)N12,True,False,False,source_identity,1.0,0.5072463768115942,,,,,,,,,,,,,71.63000000000001,45.33,26.30000000000001,False,,,,,4.0,2.0,2.0,False,,,,
edit_latent_scaffold_source_rerank,mpair_00000755_cond_02_2p,mpair_00000755,eval,2,"LogP,RB",CC[C@H]1CCC(=O)N2[C@H](Cc3c[nH]c4ccccc34)CO[C@H]12,O=C1CCC[C@H]2OC[C@@H](Cc3c[nH]c4ccccc34)N12,CC[C@H]1CCC(=O)N2[C@H](Cc3c[nH]c4ccccc34)CO[C@H]12,O=C1CCC[C@H]2OC[C@@H](Cc3c[nH]c4ccccc34)N12,O=C1CCC[C@H]2OC[C@@H](Cc3c[nH]c4ccccc34)N12,True,True,True,source_identity,1.0,0.6607142857142857,,,,,2.447800000000001,3.0839000000000016,0.6361000000000008,True,,,,,,,,,,,,,,,,,2.0,3.0,1.0,True
edit_latent_scaffold_source_rerank,mpair_00000757_cond_01_2p,mpair_00000757,eval,2,"LogP,RB",COc1cccc(-c2cncc(O[C@@H]3CCNC3)c2)c1,Clc1cccc(-c2cncc(O[C@@H]3CCNC3)c2)c1,COc1cccc(-c2cncc(O[C@@H]3CCNC3)c2)c1,c1ccc(-c2cncc(O[C@@H]3CCNC3)c2)cc1,c1ccc(-c2cncc(O[C@@H]3CCNC3)c2)cc1,True,True,True,source_identity,1.0,0.7446808510638298,,,,,3.1427000000000014,2.4979000000000005,0.6448000000000009,True,,,,,,,,,,,,,,,,,3.0,4.0,1.0,True
edit_latent_scaffold_source_rerank,mpair_00000759_cond_02_2p,mpair_00000759,eval,2,"MW,LogP",c1ccc(-c2cncc(O[C@@H]3CCNC3)c2)cc1,Clc1cccc(-c2cc(O[C@@H]3CCNC3)cnc2Cl)c1,c1ccc(-c2cncc(O[C@@H]3CCNC3)c2)cc1,c1ccc(-c2cncc(O[C@@H]3CCNC3)c2)cc1,c1ccc(-c2cncc(O[C@@H]3CCNC3)c2)cc1,True,False,False,source_identity,1.0,0.5192307692307693,309.196,240.30599999999998,68.89000000000004,False,3.796100000000002,2.4893,1.3068000000000017,False,,,,,,,,,,,,,,,,,,,,
edit_latent_scaffold_source_rerank,mpair_00000761_cond_01_2p,mpair_00000761,eval,2,"HBA,RB",c1ccc(-c2cncc(O[C@@H]3CCNC3)c2)cc1,COc1cccc(-c2cncc(O[C@@H]3CCNC3)c2)c1,c1ccc(-c2cncc(O[C@@H]3CCNC3)c2)cc1,c1ccc(-c2cncc(O[C@@H]3CCNC3)c2)cc1,c1ccc(-c2cncc(O[C@@H]3CCNC3)c2)cc1,True,True,True,source_identity,1.0,0.75,,,,,,,,,,,,,,,,,,,,,4.0,3.0,1.0,True,4.0,3.0,1.0,True
edit_latent_scaffold_source_rerank,mpair_00000764_cond_00_2p,mpair_00000764,eval,2,"LogP,QED",Clc1cccc(-c2cc(O[C@@H]3CCNC3)cnc2Cl)c1,Clc1cccc(-c2cncc(O[C@@H]3CCNC3)c2)c1,Clc1cccc(-c2cc(O[C@@H]3CCNC3)cnc2Cl)c1,c1ccc(-c2cncc(O[C@@H]3CCNC3)c2)cc1,c1ccc(-c2cncc(O[C@@H]3CCNC3)c2)cc1,True,True,True,source_identity,1.0,0.68,,,,,3.1427000000000014,3.796100000000002,0.6534000000000004,True,0.9336391660075258,0.8758671086324237,0.05777205737510216,True,,,,,,,,,,,,,,,,
edit_latent_scaffold_source_rerank,mpair_00001114_cond_01_2p,mpair_00001114,eval,2,"QED,HBD",COc1ccc(N2CCN(CCC3NC(=O)c4ccccc43)CC2)cc1,COc1ccc(N2CCN(CCC3c4ccccc4C(=O)N3C)CC2)cc1,COc1ccc(N2CCN(CCC3NC(=O)c4ccccc43)CC2)cc1,O=C1NC(CCN2CCN(c3ccccc3)CC2)c2ccccc21,O=C1NC(CCN2CCN(c3ccccc3)CC2)c2ccccc21,True,True,True,source_identity,1.0,0.6545454545454545,,,,,,,,,0.8160326048332845,0.8996022198661571,0.08356961503287252,True,,,,,0.0,1.0,1.0,True,,,,,,,,
edit_latent_scaffold_source_rerank,mpair_00001116_cond_02_2p,mpair_00001116,eval,2,"HBA,RB",COc1ccc(N2CCN(CCC3NC(=O)c4ccccc43)CC2)cc1,O=C1NC(CCN2CCN(c3ccccc3)CC2)c2ccccc21,COc1ccc(N2CCN(CCC3NC(=O)c4ccccc43)CC2)cc1,O=C1NC(CCN2CCN(c3ccccc3)CC2)c2ccccc21,O=C1NC(CCN2CCN(c3ccccc3)CC2)c2ccccc21,True,True,True,source_identity,1.0,0.7708333333333334,,,,,,,,,,,,,,,,,,,,,3.0,4.0,1.0,True,4.0,5.0,1.0,True
edit_latent_scaffold_source_rerank,mpair_00001120_cond_00_2p,mpair_00001120,eval,2,"QED,HBD",CN1C(=O)c2ccccc2C1CCN1CCN(c2ccc(Cl)cc2)CC1,Cc1ccc(N2CCN(CCC3NC(=O)c4ccccc43)CC2)cc1C,CN1C(=O)c2ccccc2C1CCN1CCN(c2ccc(Cl)cc2)CC1,O=C1NC(CCN2CCN(c3ccccc3)CC2)c2ccccc21,O=C1NC(CCN2CCN(c3ccccc3)CC2)c2ccccc21,True,True,True,source_identity,1.0,0.45901639344262296,,,,,,,,,0.9198864151307602,0.8221231339252668,0.09776328120549338,True,,,,,1.0,0.0,1.0,True,,,,,,,,
edit_latent_scaffold_source_rerank,mpair_00001121_cond_02_2p,mpair_00001121,eval,2,"QED,HBD",O=C1NC(CCN2CCN(c3ccccc3)CC2)c2ccccc21,CN1C(=O)c2ccccc2C1CCN1CCN(c2ccc(Cl)cc2)CC1,O=C1NC(CCN2CCN(c3ccccc3)CC2)c2ccccc21,O=C1NC(CCN2CCN(c3ccccc3)CC2)c2ccccc21,O=C1NC(CCN2CCN(c3ccccc3)CC2)c2ccccc21,True,False,False,source_identity,1.0,0.4909090909090909,,,,,,,,,0.8221231339252668,0.9403172855884846,0.11819415166321778,False,,,,,0.0,1.0,1.0,True,,,,,,,,
edit_latent_scaffold_source_rerank,mpair_00001124_cond_00_2p,mpair_00001124,eval,2,"LogP,RB",COc1ccc(N2CCN(CCC3NC(=O)c4ccccc43)CC2)cc1,Cc1ccc(N2CCN(CCC3NC(=O)c4ccccc43)CC2)cc1C,COc1ccc(N2CCN(CCC3NC(=O)c4ccccc43)CC2)cc1,O=C1NC(CCN2CCN(c3ccccc3)CC2)c2ccccc21,O=C1NC(CCN2CCN(c3ccccc3)CC2)c2ccccc21,True,True,True,source_identity,1.0,0.7037037037037037,,,,,3.3002400000000023,2.692000000000001,0.6082400000000012,True,,,,,,,,,,,,,,,,,4.0,5.0,1.0,True
edit_latent_scaffold_source_rerank,mpair_00001128_cond_00_2p,mpair_00001128,eval,2,"LogP,RB",CN1C(=O)c2ccccc2C1CCN1CCN(c2ccc(Cl)cc2)CC1,COc1ccc(N2CCN(CCC3c4ccccc4C(=O)N3C)CC2)cc1,CN1C(=O)c2ccccc2C1CCN1CCN(c2ccc(Cl)cc2)CC1,O=C1NC(CCN2CCN(c3ccccc3)CC2)c2ccccc21,O=C1NC(CCN2CCN(c3ccccc3)CC2)c2ccccc21,True,True,True,source_identity,1.0,0.76,,,,,3.034200000000002,3.679000000000003,0.6448000000000009,True,,,,,,,,,,,,,,,,,5.0,4.0,1.0,True
edit_latent_scaffold_source_rerank,mpair_00001129_cond_02_2p,mpair_00001129,eval,2,"QED,HBD",Cc1ccc(N2CCN(CCC3NC(=O)c4ccccc43)CC2)cc1C,CN1C(=O)c2ccccc2C1CCN1CCN(c2ccc(Cl)cc2)CC1,Cc1ccc(N2CCN(CCC3NC(=O)c4ccccc43)CC2)cc1C,O=C1NC(CCN2CCN(c3ccccc3)CC2)c2ccccc21,O=C1NC(CCN2CCN(c3ccccc3)CC2)c2ccccc21,True,True,True,source_identity,1.0,0.45901639344262296,,,,,,,,,0.8221231339252668,0.9198864151307602,0.09776328120549338,True,,,,,0.0,1.0,1.0,True,,,,,,,,
edit_latent_scaffold_source_rerank,mpair_00001132_cond_01_2p,mpair_00001132,eval,2,"QED,TPSA",O=C(Cc1ccccc1[N+](=O)[O-])NCCC1CCN(CC2COc3ccccc3O2)CC1,COc1ccccc1CC(=O)NCCC1CCN(CC2COc3ccccc3O2)CC1,O=C(Cc1ccccc1[N+](=O)[O-])NCCC1CCN(CC2COc3ccccc3O2)CC1,O=C(Cc1ccccc1)NCCC1CCN(CC2COc3ccccc3O2)CC1,O=C(Cc1ccccc1)NCCC1CCN(CC2COc3ccccc3O2)CC1,True,False,False,source_identity,1.0,0.7164179104477612,,,,,,,,,0.7047088784600517,0.5015202818225966,0.20318859663745514,False,60.03,93.94,33.91,False,,,,,,,,,,,,
edit_latent_scaffold_source_rerank,mpair_00001135_cond_02_2p,mpair_00001135,eval,2,"MW,LogP",Fc1ccc(N2CCN(c3nc4ccsc4n4cccc34)CC2)cc1,FC(F)(F)c1cccc(N2CCN(c3nc4ccsc4n4cccc34)CC2)c1,Clc1ccc(N2CCN(c3nc4ccsc4n4cccc34)CC2)cc1,c1ccc(N2CCN(c3nc4ccsc4n4cccc34)CC2)cc1,c1ccc(N2CCN(c3nc4ccsc4n4cccc34)CC2)cc1,True,True,True,,0.7872340425531915,0.6363636363636364,402.4450000000001,368.89300000000014,33.551999999999964,True,4.894400000000004,4.5290000000000035,0.36540000000000017,True,,,,,,,,,,,,,,,,,,,,
edit_latent_scaffold_source_rerank,mpair_00001633_cond_01_2p,mpair_00001633,eval,2,"MW,QED",C=CCC1(C(C)C#CCC)C(=O)NC(=O)N(C)C1=O,C=C(Br)CC1(C(C)C)C(=O)NC(=O)N(C)C1=O,CCC(C)C1(CC)C(=O)NC(=O)NC1=O,O=C1CC(=O)NC(=O)N1,O=C1CC(=O)NC(=O)N1,True,False,False,,0.2708333333333333,0.27906976744186046,303.15600000000006,212.249,90.90700000000007,False,,,,,0.8059749860896003,0.6791427219817272,0.12683226410787307,False,,,,,,,,,,,,,,,,
edit_latent_scaffold_source_rerank,mpair_00002258_cond_00_2p,mpair_00002258,eval,2,"LogP,QED",Cc1cccc(C)c1NC(=O)c1c(C)n(-c2c(C)cccc2C)c(C)cc1=O,Cc1ccccc1NC(=O)c1c(C)n(-c2ccccc2C)c(C)cc1=O,Cc1c(Br)c(=O)c(C(=O)Nc2ccccc2)c(C)n1-c1ccccc1,O=C(Nc1ccccc1)c1cn(-c2ccccc2)ccc1=O,O=C(Nc1ccccc1)c1cn(-c2ccccc2)ccc1=O,True,True,True,,0.34545454545454546,0.35714285714285715,,,,,4.3234800000000035,4.469140000000003,0.14565999999999946,True,0.7675628277357767,0.709239916031685,0.05832291170409165,True,,,,,,,,,,,,,,,,
edit_latent_scaffold_source_rerank,mpair_00002259_cond_02_2p,mpair_00002259,eval,2,"LogP,QED",Cc1ccccc1NC(=O)c1c(C)n(-c2ccccc2C)c(C)cc1=O,Cc1cccc(C)c1NC(=O)c1c(C)n(-c2c(C)cccc2C)c(C)cc1=O,Cc1c(Br)c(=O)c(C(=O)Nc2ccccc2)c(C)n1-c1ccccc1,O=C(Nc1ccccc1)c1cn(-c2ccccc2)ccc1=O,O=C(Nc1ccccc1)c1cn(-c2ccccc2)ccc1=O,True,True,True,,0.35714285714285715,0.34545454545454546,,,,,4.940320000000004,4.469140000000003,0.47118000000000126,True,0.7058233303377046,0.709239916031685,0.0034165856939804007,True,,,,,,,,,,,,,,,,
edit_latent_scaffold_source_rerank,mpair_00002372_cond_02_2p,mpair_00002372,eval,2,"HBA,RB",CCCCCNC(=O)Nc1c(SCCCn2cnc(-c3ccccc3)c2C)cccc1N(C)C,CCCCCNC(=O)Nc1c(C)cccc1SCCCn1cnc(-c2ccccc2)c1C,CCCCCNC(=O)Nc1c(SCCCn2cnc(-c3ccccc3)c2C)cccc1N(C)C,c1ccc(SCCCn2cnc(-c3ccccc3)c2)cc1,c1ccc(SCCCn2cnc(-c3ccccc3)c2)cc1,True,True,True,source_identity,1.0,0.8208955223880597,,,,,,,,,,,,,,,,,,,,,4.0,5.0,1.0,True,11.0,12.0,1.0,True
edit_latent_scaffold_source_rerank,mpair_00002462_cond_00_2p,mpair_00002462,eval,2,"TPSA,RB",COc1cc(NC(=O)c2cc(OCCCN(C)C)nn2Cc2ccccc2)cc(OC)c1OC,COc1ccc(NC(=O)c2cc(OCCCN(C)C)nn2Cc2ccccc2)cc1,COc1cc(NC(=O)c2cc(OCCCN(C)C)nn2Cc2ccccc2)cc(OC)c1OC,O=C(Nc1ccccc1)c1ccnn1Cc1ccccc1,O=C(Nc1ccccc1)c1ccnn1Cc1ccccc1,True,False,False,source_identity,1.0,0.7741935483870968,,,,,,,,,,,,,68.62,87.08000000000001,18.460000000000008,True,,,,,,,,,10.0,12.0,2.0,False
edit_latent_scaffold_source_rerank,mpair_00002465_cond_00_2p,mpair_00002465,eval,2,"HBA,RB",CN(C)CCCOc1cc(C(=O)Nc2ccc(OC(F)(F)F)cc2)n(Cc2ccccc2)n1,CN(C)CCCOc1cc(C(=O)Nc2cccc(Cl)c2)n(Cc2ccccc2)n1,CN(C)CCCOc1cc(C(=O)Nc2ccc(OC(F)(F)F)cc2)n(Cc2ccccc2)n1,O=C(Nc1ccccc1)c1ccnn1Cc1ccccc1,O=C(Nc1ccccc1)c1ccnn1Cc1ccccc1,True,True,True,source_identity,1.0,0.696969696969697,,,,,,,,,,,,,,,,,,,,,5.0,6.0,1.0,True,9.0,10.0,1.0,True
edit_latent_scaffold_source_rerank,mpair_00002469_cond_01_2p,mpair_00002469,eval,2,"TPSA,HBA",COc1ccc(NC(=O)c2cc(OCCCN(C)C)nn2Cc2ccccc2)cc1,COc1cc(NC(=O)c2cc(OCCCN(C)C)nn2Cc2ccccc2)cc(OC)c1OC,COc1ccc(NC(=O)c2cc(OCCCN(C)C)nn2Cc2ccccc2)cc1,O=C(Nc1ccccc1)c1ccnn1Cc1ccccc1,O=C(Nc1ccccc1)c1ccnn1Cc1ccccc1,True,False,False,source_identity,1.0,0.7741935483870968,,,,,,,,,,,,,87.08000000000001,68.62,18.460000000000008,True,,,,,8.0,6.0,2.0,False,,,,
edit_latent_scaffold_source_rerank,mpair_00002475_cond_01_2p,mpair_00002475,eval,2,"TPSA,RB",CN(C)CCCOc1cc(C(=O)Nc2ccc(OC(F)(F)F)cc2)n(Cc2ccccc2)n1,COc1cc(NC(=O)c2cc(OCCCN(C)C)nn2Cc2ccccc2)cc(OC)c1OC,CN(C)CCCOc1cc(C(=O)Nc2ccc(OC(F)(F)F)cc2)n(Cc2ccccc2)n1,O=C(Nc1ccccc1)c1ccnn1Cc1ccccc1,O=C(Nc1ccccc1)c1ccnn1Cc1ccccc1,True,False,False,source_identity,1.0,0.6764705882352942,,,,,,,,,,,,,87.08000000000001,68.62,18.460000000000008,True,,,,,,,,,12.0,10.0,2.0,False
edit_latent_scaffold_source_rerank,mpair_00002480_cond_00_2p,mpair_00002480,eval,2,"LogP,QED",CN(C)CCCOc1cc(C(=O)Nc2cc(F)cc(C(F)(F)F)c2)n(Cc2ccccc2)n1,CN(C)CCCOc1cc(C(=O)Nc2cccc(Cl)c2)n(Cc2ccccc2)n1,CN(C)CCCOc1cc(C(=O)Nc2cc(F)cc(C(F)(F)F)c2)n(Cc2ccccc2)n1,O=C(Nc1ccccc1)c1ccnn1Cc1ccccc1,O=C(Nc1ccccc1)c1ccnn1Cc1ccccc1,True,False,False,source_identity,1.0,0.6764705882352942,,,,,4.167600000000003,4.672100000000003,0.5045000000000002,True,0.5357556879239462,0.369385517709234,0.16637017021471223,False,,,,,,,,,,,,,,,,
edit_latent_scaffold_source_rerank,mpair_00002482_cond_02_2p,mpair_00002482,eval,2,"LogP,QED",COc1ccc(NC(=O)c2cc(OCCCN(C)C)nn2Cc2ccccc2)cc1,CN(C)CCCOc1cc(C(=O)Nc2ccc(OC(F)(F)F)cc2)n(Cc2ccccc2)n1,COc1ccc(NC(=O)c2cc(OCCCN(C)C)nn2Cc2ccccc2)cc1,O=C(Nc1ccccc1)c1ccnn1Cc1ccccc1,O=C(Nc1ccccc1)c1ccnn1Cc1ccccc1,True,True,True,source_identity,1.0,0.8064516129032258,,,,,4.412800000000003,3.522800000000002,0.8900000000000015,True,0.4522382232340766,0.5200250404910086,0.06778681725693203,True,,,,,,,,,,,,,,,,
edit_latent_scaffold_source_rerank,mpair_00002486_cond_02_2p,mpair_00002486,eval,2,"QED,HBA",CN(C)CCCOc1cc(C(=O)Nc2cccc(Cl)c2)n(Cc2ccccc2)n1,CN(C)CCCOc1cc(C(=O)Nc2ccc(OC(F)(F)F)cc2)n(Cc2ccccc2)n1,CN(C)CCCOc1cc(C(=O)Nc2cccc(Cl)c2)n(Cc2ccccc2)n1,O=C(Nc1ccccc1)c1ccnn1Cc1ccccc1,O=C(Nc1ccccc1)c1ccnn1Cc1ccccc1,True,True,True,source_identity,1.0,0.696969696969697,,,,,,,,,0.4522382232340766,0.5357556879239462,0.08351746468986965,True,,,,,,,,,6.0,5.0,1.0,True,,,,
edit_latent_scaffold_source_rerank,mpair_00002490_cond_01_2p,mpair_00002490,eval,2,"TPSA,HBA",CCOC(=O)c1cc(C(C)O)cn1S(=O)(=O)c1cc(Cl)ccc1N,C=Cc1cc(C(=O)OCC)n(S(=O)(=O)c2cc(Cl)ccc2N)c1,N/C(S)=N/N=C/c1cccn1S(=O)(=O)c1ccccc1,O=S(=O)(c1ccccc1)n1cccc1,O=S(=O)(c1ccccc1)n1cccc1,True,True,True,,0.14473684210526316,0.16,,,,,,,,,,,,,91.39,89.81,1.5799999999999983,True,,,,,6.0,5.0,1.0,True,,,,
edit_latent_scaffold_source_rerank,mpair_00002494_cond_01_2p,mpair_00002494,eval,2,"MW,LogP",O=C1C(Nc2ccccc2)=C(Cl)C(=O)c2ncncc21,O=C1C(Nc2cccc(Br)c2)=C(Cl)C(=O)c2ncncc21,O=C1C(Nc2cccc(Cl)c2)=C(Cl)C(=O)c2ncncc21,O=C1C(Nc2ccccc2)=CC(=O)c2ncncc21,O=C1C(Nc2ccccc2)=CC(=O)c2ncncc21,True,False,False,,0.7619047619047619,0.7777777777777778,364.58600000000007,320.135,44.45100000000008,False,3.180600000000001,3.0715000000000003,0.10910000000000064,True,,,,,,,,,,,,,,,,,,,,
edit_latent_scaffold_source_rerank,mpair_00002496_cond_00_2p,mpair_00002496,eval,2,"MW,LogP",O=C1C(Nc2ccccc2)=C(Cl)C(=O)c2ncncc21,O=C1C(Nc2ccc(Br)cc2)=C(Cl)C(=O)c2ncncc21,O=C1C(Nc2cccc(Cl)c2)=C(Cl)C(=O)c2ncncc21,O=C1C(Nc2ccccc2)=CC(=O)c2ncncc21,O=C1C(Nc2ccccc2)=CC(=O)c2ncncc21,True,False,False,,0.7619047619047619,0.6521739130434783,364.58600000000007,320.135,44.45100000000008,False,3.180600000000001,3.0715000000000003,0.10910000000000064,True,,,,,,,,,,,,,,,,,,,,
edit_latent_scaffold_source_rerank,mpair_00002497_cond_02_2p,mpair_00002497,eval,2,"MW,LogP",O=C1C(Nc2ccc(Br)cc2)=C(Cl)C(=O)c2ncncc21,O=C1C(Nc2ccccc2)=C(Cl)C(=O)c2ncncc21,Cc1ccc(NC2=C(Cl)C(=O)c3ncncc3C2=O)cc1,O=C1C(Nc2ccccc2)=CC(=O)c2ncncc21,O=C1C(Nc2ccccc2)=CC(=O)c2ncncc21,True,True,True,,0.7619047619047619,0.7560975609756098,285.69,299.71700000000004,14.027000000000044,True,2.4181,2.7265200000000007,0.3084200000000008,True,,,,,,,,,,,,,,,,,,,,
edit_latent_scaffold_source_rerank,mpair_00002501_cond_01_2p,mpair_00002501,eval,2,"LogP,RB",CCc1ccc(NC2=C(Cl)C(=O)c3ncncc3C2=O)cc1,O=C1C(Nc2ccccc2)=C(Cl)C(=O)c2ncncc21,Cc1ccc(NC2=C(Cl)C(=O)c3ncncc3C2=O)cc1,O=C1C(Nc2ccccc2)=CC(=O)c2ncncc21,O=C1C(Nc2ccccc2)=CC(=O)c2ncncc21,True,True,True,,0.75,0.7560975609756098,,,,,2.4181,2.7265200000000007,0.3084200000000008,True,,,,,,,,,,,,,,,,,2.0,2.0,0.0,True
edit_latent_scaffold_source_rerank,mpair_00002504_cond_01_2p,mpair_00002504,eval,2,"HBA,RB",COc1ccc(C(=O)CN2c3ccccc3C(=O)N(Cc3ccccc3)S2(=O)=O)cc1,Cc1ccc(C(=O)CN2c3ccccc3C(=O)N(Cc3ccccc3)S2(=O)=O)cc1,COc1ccc(C(=O)CN2c3ccccc3C(=O)N(Cc3ccccc3)S2(=O)=O)cc1,O=C(CN1c2ccccc2C(=O)N(Cc2ccccc2)S1(=O)=O)c1ccccc1,O=C(CN1c2ccccc2C(=O)N(Cc2ccccc2)S1(=O)=O)c1ccccc1,True,True,True,source_identity,1.0,0.7843137254901961,,,,,,,,,,,,,,,,,,,,,4.0,5.0,1.0,True,5.0,6.0,1.0,True
edit_latent_scaffold_source_rerank,mpair_00002506_cond_02_2p,mpair_00002506,eval,2,"HBA,RB",Cc1ccc(C(=O)CN2c3ccccc3C(=O)N(Cc3ccccc3)S2(=O)=O)cc1,COc1ccc(C(=O)CN2c3ccccc3C(=O)N(Cc3ccccc3)S2(=O)=O)cc1,Cc1ccc(C(=O)CN2c3ccccc3C(=O)N(Cc3ccccc3)S2(=O)=O)cc1,O=C(CN1c2ccccc2C(=O)N(Cc2ccccc2)S1(=O)=O)c1ccccc1,O=C(CN1c2ccccc2C(=O)N(Cc2ccccc2)S1(=O)=O)c1ccccc1,True,True,True,source_identity,1.0,0.7843137254901961,,,,,,,,,,,,,,,,,,,,,5.0,4.0,1.0,True,6.0,5.0,1.0,True
edit_latent_scaffold_source_rerank,mpair_00002514_cond_02_2p,mpair_00002514,eval,2,"MW,QED",CSc1cc(-c2ccc(Cl)cc2)oc(=O)c1Br,CSc1cc(-c2ccc(Cl)cc2)oc(=O)c1C(N)=O,CSc1cc(-c2ccc(F)cc2)oc(=O)c1,O=c1cccc(-c2ccccc2)o1,O=c1cccc(-c2ccccc2)o1,True,False,False,,0.3695652173913043,0.34,295.747,236.26699999999997,59.48000000000005,False,,,,,0.8837306867126842,0.7501191134076561,0.13361157330502804,False,,,,,,,,,,,,,,,,
edit_latent_scaffold_source_rerank,mpair_00002517_cond_02_2p,mpair_00002517,eval,2,"MW,LogP",CSc1cc(-c2ccc(Cl)cc2)oc(=O)c1Br,CSc1cc(-c2ccc(Cl)cc2)oc(=O)c1,CSc1cc(-c2ccc(F)cc2)oc(=O)c1,O=c1cccc(-c2ccccc2)o1,O=c1cccc(-c2ccccc2)o1,True,True,True,,0.3695652173913043,0.7142857142857143,252.72199999999998,236.26699999999997,16.455000000000013,True,3.682100000000002,3.1678000000000024,0.5142999999999995,True,,,,,,,,,,,,,,,,,,,,
edit_latent_scaffold_source_rerank,mpair_00002530_cond_00_2p,mpair_00002530,eval,2,"MW,LogP",CSc1cc(-c2ccc(Cl)cc2)oc(=O)c1,CSc1cc(-c2ccc(Cl)cc2)oc(=O)c1Br,CSc1cc(-c2ccc(F)cc2)oc(=O)c1,O=c1cccc(-c2ccccc2)o1,O=c1cccc(-c2ccccc2)o1,True,False,False,,0.7142857142857143,0.3695652173913043,331.61799999999994,236.26699999999997,95.35099999999997,False,4.444600000000001,3.1678000000000024,1.2767999999999988,False,,,,,,,,,,,,,,,,,,,,
edit_latent_scaffold_source_rerank,mpair_00002538_cond_00_2p,mpair_00002538,eval,2,"MW,LogP",CSc1cc(-c2ccc(Br)cc2)oc(=O)c1Cl,CSc1cc(-c2ccc(Cl)cc2)oc(=O)c1,CSc1cc(-c2ccc(F)cc2)oc(=O)c1,O=c1cccc(-c2ccccc2)o1,O=c1cccc(-c2ccccc2)o1,True,True,True,,0.3695652173913043,0.7142857142857143,252.72199999999998,236.26699999999997,16.455000000000013,True,3.682100000000002,3.1678000000000024,0.5142999999999995,True,,,,,,,,,,,,,,,,,,,,
edit_latent_scaffold_source_rerank,mpair_00002546_cond_02_2p,mpair_00002546,eval,2,"LogP,TPSA",CSc1cc(-c2ccc(Br)cc2)oc(=O)c1Br,CSc1cc(-c2ccc(Br)cc2)oc(=O)c1C#N,CSc1cc(-c2ccc(F)cc2)oc(=O)c1,O=c1cccc(-c2ccccc2)o1,O=c1cccc(-c2ccccc2)o1,True,False,False,,0.38636363636363635,0.3469387755102041,,,,,3.662880000000002,3.1678000000000024,0.49507999999999974,True,,,,,54.0,30.21,23.79,False,,,,,,,,,,,,
edit_latent_scaffold_source_rerank,mpair_00002556_cond_00_2p,mpair_00002556,eval,2,"MW,QED",CN(C(=O)n1nc(-c2ccc(Cl)cc2)nc1SCC(F)(F)F)c1ccccc1,CSc1nc(-c2ccc(Cl)cc2)nn1C(=O)N(C)c1ccccc1,CN(C(=O)n1nc(-c2ccc(Cl)cc2)nc1SCC(F)(F)F)c1ccccc1,O=C(Nc1ccccc1)n1cnc(-c2ccccc2)n1,O=C(Nc1ccccc1)n1cnc(-c2ccccc2)n1,True,False,False,source_identity,1.0,0.7222222222222222,358.85400000000004,426.8510000000001,67.99700000000007,False,,,,,0.6499636794176425,0.5270344401044634,0.12292923931317912,False,,,,,,,,,,,,,,,,
edit_latent_scaffold_source_rerank,mpair_00002559_cond_01_2p,mpair_00002559,eval,2,"LogP,QED",CN(C(=O)n1nc(-c2ccc(Cl)cc2)nc1SCC(F)(F)F)c1ccccc1,CSc1nc(-c2ccc(C)cc2)nn1C(=O)N(C)c1ccccc1,CN(C(=O)n1nc(-c2ccc(Cl)cc2)nc1SCC(F)(F)F)c1ccccc1,O=C(Nc1ccccc1)n1cnc(-c2ccccc2)n1,O=C(Nc1ccccc1)n1cnc(-c2ccccc2)n1,True,False,False,source_identity,1.0,0.5862068965517241,,,,,4.079920000000002,5.357400000000003,1.2774800000000006,False,0.6753188675979567,0.5270344401044634,0.14828442749349324,False,,,,,,,,,,,,,,,,
edit_latent_scaffold_source_rerank,mpair_00002562_cond_01_2p,mpair_00002562,eval,2,"LogP,RB",CSc1nc(-c2ccc(Cl)cc2)nn1C(=O)N(C)c1ccccc1,CN(C(=O)n1nc(-c2ccc(Cl)cc2)nc1SCC(F)(F)F)c1ccccc1,CSc1nc(-c2ccc(Cl)cc2)nn1C(=O)N(C)c1ccccc1,O=C(Nc1ccccc1)n1cnc(-c2ccccc2)n1,O=C(Nc1ccccc1)n1cnc(-c2ccccc2)n1,True,True,True,source_identity,1.0,0.7222222222222222,,,,,5.357400000000003,4.424900000000004,0.9324999999999992,True,,,,,,,,,,,,,,,,,4.0,3.0,1.0,True
edit_latent_scaffold_source_rerank,mpair_00002565_cond_01_2p,mpair_00002565,eval,2,"LogP,HBA",CSc1nc(-c2ccc(OC(F)(F)F)cc2)nn1C(=O)N(C)c1ccccc1,CSc1nc(-c2ccc(C)cc2)nn1C(=O)N(C)c1ccccc1,CSc1nc(-c2ccc(OC(F)(F)F)cc2)nn1C(=O)N(C)c1ccccc1,O=C(Nc1ccccc1)n1cnc(-c2ccccc2)n1,O=C(Nc1ccccc1)n1cnc(-c2ccccc2)n1,True,True,True,source_identity,1.0,0.7169811320754716,,,,,4.079920000000002,4.670100000000003,0.590180000000001,True,,,,,,,,,,,,,5.0,6.0,1.0,True,,,,
edit_latent_scaffold_source_rerank,mpair_00002567_cond_01_2p,mpair_00002567,eval,2,"HBD,RB",COc1cc(C(=O)N2CCN(C(=O)c3cc(OC)c(OC)c(OC)c3)C(COC(=O)NCCC(C)C)C2)cc(OC)c1OC,CCN(CC)C(=O)OCC1CN(C(=O)c2cc(OC)c(OC)c(OC)c2)CCN1C(=O)c1cc(OC)c(OC)c(OC)c1,COc1cc(C(=O)N2CCN(C(=O)c3cc(OC)c(OC)c(OC)c3)C(COC(=O)NCCC(C)C)C2)cc(OC)c1OC,O=C(c1ccccc1)N1CCN(C(=O)c2ccccc2)CC1,O=C(c1ccccc1)N1CCN(C(=O)c2ccccc2)CC1,True,True,True,source_identity,1.0,0.6451612903225806,,,,,,,,,,,,,,,,,0.0,1.0,1.0,True,,,,,12.0,13.0,1.0,True
edit_latent_scaffold_source_rerank,mpair_00002571_cond_01_2p,mpair_00002571,eval,2,"HBD,RB",CCN(CC)C(=O)OCC1CN(C(=O)c2cc(OC)c(OC)c(OC)c2)CCN1C(=O)c1cc(OC)c(OC)c(OC)c1,COc1cc(C(=O)N2CCN(C(=O)c3cc(OC)c(OC)c(OC)c3)C(COC(=O)NCCC(C)C)C2)cc(OC)c1OC,CCN(CC)C(=O)OCC1CN(C(=O)c2cc(OC)c(OC)c(OC)c2)CCN1C(=O)c1cc(OC)c(OC)c(OC)c1,O=C(c1ccccc1)N1CCN(C(=O)c2ccccc2)CC1,O=C(c1ccccc1)N1CCN(C(=O)c2ccccc2)CC1,True,True,True,source_identity,1.0,0.6451612903225806,,,,,,,,,,,,,,,,,1.0,0.0,1.0,True,,,,,13.0,12.0,1.0,True
edit_latent_scaffold_source_rerank,mpair_00002574_cond_01_2p,mpair_00002574,eval,2,"LogP,RB",COc1cc(C(=O)N2CCN(C(=O)c3cc(OC)c(OC)c(OC)c3)C(COC(=O)CC(C)(C)C)C2)cc(OC)c1OC,CCN(CC)C(=O)OCC1CN(C(=O)c2cc(OC)c(OC)c(OC)c2)CCN1C(=O)c1cc(OC)c(OC)c(OC)c1,COc1cc(C(=O)N2CCN(C(=O)c3cc(OC)c(OC)c(OC)c3)C(COC(=O)CC(C)(C)C)C2)cc(OC)c1OC,O=C(c1ccccc1)N1CCN(C(=O)c2ccccc2)CC1,O=C(c1ccccc1)N1CCN(C(=O)c2ccccc2)CC1,True,True,True,source_identity,1.0,0.6896551724137931,,,,,3.1834000000000024,3.684400000000003,0.5010000000000003,True,,,,,,,,,,,,,,,,,12.0,11.0,1.0,True
edit_latent_scaffold_source_rerank,mpair_00002577_cond_00_2p,mpair_00002577,eval,2,"HBD,RB",COc1cc(C(=O)N2CCN(C(=O)c3cc(OC)c(OC)c(OC)c3)C(COC(=O)NCCC(C)C)C2)cc(OC)c1OC,COc1cc(C(=O)N2CCN(C(=O)c3cc(OC)c(OC)c(OC)c3)C(COC(=O)CC(C)(C)C)C2)cc(OC)c1OC,COc1cc(C(=O)N2CCN(C(=O)c3cc(OC)c(OC)c(OC)c3)C(COC(=O)NCCC(C)C)C2)cc(OC)c1OC,O=C(c1ccccc1)N1CCN(C(=O)c2ccccc2)CC1,O=C(c1ccccc1)N1CCN(C(=O)c2ccccc2)CC1,True,False,False,source_identity,1.0,0.6451612903225806,,,,,,,,,,,,,,,,,0.0,1.0,1.0,True,,,,,11.0,13.0,2.0,False
edit_latent_scaffold_source_rerank,mpair_00002578_cond_02_2p,mpair_00002578,eval,2,"LogP,RB",CCN(CC)C(=O)OCC1CN(C(=O)c2cc(OC)c(OC)c(OC)c2)CCN1C(=O)c1cc(OC)c(OC)c(OC)c1,COc1cc(C(=O)N2CCN(C(=O)c3cc(OC)c(OC)c(OC)c3)C(COC(=O)CC(C)(C)C)C2)cc(OC)c1OC,CCN(CC)C(=O)OCC1CN(C(=O)c2cc(OC)c(OC)c(OC)c2)CCN1C(=O)c1cc(OC)c(OC)c(OC)c1,O=C(c1ccccc1)N1CCN(C(=O)c2ccccc2)CC1,O=C(c1ccccc1)N1CCN(C(=O)c2ccccc2)CC1,True,True,True,source_identity,1.0,0.6896551724137931,,,,,3.684400000000003,3.1834000000000024,0.5010000000000003,True,,,,,,,,,,,,,,,,,11.0,12.0,1.0,True
edit_latent_scaffold_source_rerank,mpair_00002589_cond_00_2p,mpair_00002589,eval,2,"QED,HBA",COc1cc(C(=O)N2CCN(C(=O)c3cc(OC)c(OC)c(OC)c3)C(CO)C2)cc(OC)c1OC,CCN(CC)C(=O)OCC1CN(C(=O)c2cc(OC)c(OC)c(OC)c2)CCN1C(=O)c1cc(OC)c(OC)c(OC)c1,COc1cc(C(=O)N2CCN(C(=O)c3cc(OC)c(OC)c(OC)c3)C(CO)C2)cc(OC)c1OC,O=C(c1ccccc1)N1CCN(C(=O)c2ccccc2)CC1,O=C(c1ccccc1)N1CCN(C(=O)c2ccccc2)CC1,True,False,False,source_identity,1.0,0.6792452830188679,,,,,,,,,0.3571777118480848,0.544633228323374,0.18745551647528924,False,,,,,,,,,10.0,9.0,1.0,True,,,,
edit_latent_scaffold_source_rerank,mpair_00002597_cond_01_2p,mpair_00002597,eval,2,"MW,LogP",COc1ccc(C(=O)Nc2c(Cl)cncc2Cl)c2ccc(C(C)=O)nc12,COc1ccc(C(=O)Nc2ccncc2Cl)c2cccnc12,COc1ccc(C(=O)Nc2c(Cl)cncc2Cl)c2ccc(C(C)=O)nc12,O=C(Nc1ccncc1)c1cccc2ncccc12,O=C(Nc1ccncc1)c1cccc2ncccc12,True,False,False,source_identity,1.0,0.5081967213114754,313.744,390.22600000000017,76.48200000000014,False,3.544100000000002,4.400100000000002,0.8559999999999999,True,,,,,,,,,,,,,,,,,,,,
edit_latent_scaffold_source_rerank,mpair_00002599_cond_02_2p,mpair_00002599,eval,2,"TPSA,HBA",COc1ccc(C(=O)Nc2c(Cl)cncc2Cl)c2ccc(C(C)=O)nc12,CCc1ccc2c(C(=O)Nc3c(Cl)cncc3Cl)ccc(OC)c2n1,COc1ccc(C(=O)Nc2c(Cl)cncc2Cl)c2ccc(C(C)=O)nc12,O=C(Nc1ccncc1)c1cccc2ncccc12,O=C(Nc1ccncc1)c1cccc2ncccc12,True,True,True,source_identity,1.0,0.7222222222222222,,,,,,,,,,,,,64.11,81.17999999999999,17.069999999999993,True,,,,,4.0,5.0,1.0,True,,,,
edit_latent_scaffold_source_rerank,mpair_00002603_cond_00_2p,mpair_00002603,eval,2,"LogP,HBD",COc1ccc(C(=O)Nc2c(Cl)cncc2Cl)c2ccc(C(C)O)nc12,CCc1ccc2c(C(=O)Nc3c(Cl)cncc3Cl)ccc(OC)c2n1,COc1ccc(C(=O)Nc2c(Cl)cncc2Cl)c2ccc(C(C)O)nc12,O=C(Nc1ccncc1)c1cccc2ncccc12,O=C(Nc1ccncc1)c1cccc2ncccc12,True,True,True,source_identity,1.0,0.6964285714285714,,,,,4.759900000000003,4.2508000000000035,0.5090999999999992,True,,,,,,,,,1.0,2.0,1.0,True,,,,,,,,
edit_latent_scaffold_source_rerank,mpair_00002608_cond_00_2p,mpair_00002608,eval,2,"MW,LogP",COc1ccc(C(=O)Nc2ccncc2Cl)c2cccnc12,COc1ccc(C(=O)Nc2c(F)cncc2F)c2ccc(C(F)(F)F)nc12,COc1ccc(C(=O)Nc2ccncc2Cl)c2cccnc12,O=C(Nc1ccncc1)c1cccc2ncccc12,O=C(Nc1ccncc1)c1cccc2ncccc12,True,False,False,source_identity,1.0,0.4090909090909091,383.276,313.744,69.53199999999998,False,4.187700000000001,3.544100000000002,0.6435999999999993,True,,,,,,,,,,,,,,,,,,,,
edit_latent_scaffold_source_rerank,mpair_00002611_cond_02_2p,mpair_00002611,eval,2,"QED,TPSA",COc1ccc(C(=O)Nc2ccncc2Cl)c2ccc(C(F)(F)F)nc12,COc1ccc(C(=O)Nc2c(Cl)cncc2Cl)c2ccc(C(C)=O)nc12,COc1ccc(C(=O)Nc2ccncc2Cl)c2ccc(C(F)(F)F)nc12,O=C(Nc1ccncc1)c1cccc2ncccc12,O=C(Nc1ccncc1)c1cccc2ncccc12,True,True,True,source_identity,1.0,0.5396825396825397,,,,,,,,,0.6681926051832562,0.7218484507203837,0.053655845537127544,True,81.17999999999999,64.11,17.069999999999993,True,,,,,,,,,,,,
edit_latent_scaffold_source_rerank,mpair_00002615_cond_00_2p,mpair_00002615,eval,2,"MW,QED",COc1ccc(C(=O)Nc2c(F)cncc2F)c2ccc(C(F)(F)F)nc12,COc1ccc(C(=O)Nc2c(Cl)cncc2Cl)c2cccnc12,COc1ccc(C(=O)Nc2c(F)cncc2F)c2ccc(C(F)(F)F)nc12,O=C(Nc1ccncc1)c1cccc2ncccc12,O=C(Nc1ccncc1)c1cccc2ncccc12,True,False,False,source_identity,1.0,0.4918032786885246,348.1890000000001,383.276,35.08699999999993,False,,,,,0.7706046174674384,0.6893032571109005,0.0813013603565379,True,,,,,,,,,,,,,,,,
edit_latent_scaffold_source_rerank,mpair_00002619_cond_00_2p,mpair_00002619,eval,2,"TPSA,RB",COc1ccc(C(=O)Nc2c(Cl)cncc2Cl)c2ccc(C(C)O)nc12,COc1ccc(C(=O)Nc2ccncc2Cl)c2ccc(C(F)(F)F)nc12,COc1ccc(C(=O)Nc2c(Cl)cncc2Cl)c2ccc(C(C)O)nc12,O=C(Nc1ccncc1)c1cccc2ncccc12,O=C(Nc1ccncc1)c1cccc2ncccc12,True,False,False,source_identity,1.0,0.5230769230769231,,,,,,,,,,,,,64.11,84.34,20.230000000000004,False,,,,,,,,,3.0,4.0,1.0,True
edit_latent_scaffold_source_rerank,mpair_00002623_cond_00_2p,mpair_00002623,eval,2,"LogP,RB",COc1ccc(C(=O)Nc2c(F)cncc2F)c2ccc(C(F)(F)F)nc12,CCc1ccc2c(C(=O)Nc3c(Cl)cncc3Cl)ccc(OC)c2n1,COc1ccc(C(=O)Nc2c(F)cncc2F)c2ccc(C(F)(F)F)nc12,O=C(Nc1ccncc1)c1cccc2ncccc12,O=C(Nc1ccncc1)c1cccc2ncccc12,True,True,True,source_identity,1.0,0.5409836065573771,,,,,4.759900000000003,4.187700000000001,0.5722000000000014,True,,,,,,,,,,,,,,,,,4.0,3.0,1.0,True
edit_latent_scaffold_source_rerank,mpair_00002626_cond_01_2p,mpair_00002626,eval,2,"LogP,QED",COc1ccc(C(=O)Nc2c(F)cncc2F)c2ccc(C(F)(F)F)nc12,COc1ccc(C(=O)Nc2ccncc2Cl)c2cccnc12,COc1ccc(C(=O)Nc2c(F)cncc2F)c2ccc(C(F)(F)F)nc12,O=C(Nc1ccncc1)c1cccc2ncccc12,O=C(Nc1ccncc1)c1cccc2ncccc12,True,False,False,source_identity,1.0,0.4090909090909091,,,,,3.544100000000002,4.187700000000001,0.6435999999999993,True,0.8029165077767629,0.6893032571109005,0.11361325066586248,False,,,,,,,,,,,,,,,,
edit_latent_scaffold_source_rerank,mpair_00003108_cond_00_2p,mpair_00003108,eval,2,"LogP,QED",CN1CCC[C@H]1COc1ccc(Cl)nn1,CN1CCC[C@H]1COc1cccnn1,CN1CCC[C@H]1COc1ccc(Cl)nn1,c1cnnc(OC[C@@H]2CCCN2)c1,c1cnnc(OC[C@@H]2CCCN2)c1,True,True,True,source_identity,1.0,0.6511627906976745,,,,,0.9495999999999998,1.6029999999999998,0.6534,True,0.7160423680458043,0.7864914737289573,0.07044910568315299,True,,,,,,,,,,,,,,,,
edit_latent_scaffold_source_rerank,mpair_00003109_cond_02_2p,mpair_00003109,eval,2,"LogP,QED",CN1CCC[C@H]1COc1cccnn1,CN1CCC[C@H]1COc1ccc(Cl)nn1,CN1CCC[C@H]1COc1cccnn1,c1cnnc(OC[C@@H]2CCCN2)c1,c1cnnc(OC[C@@H]2CCCN2)c1,True,True,True,source_identity,1.0,0.6511627906976745,,,,,1.6029999999999998,0.9495999999999998,0.6534,True,0.7864914737289573,0.7160423680458043,0.07044910568315299,True,,,,,,,,,,,,,,,,
edit_latent_scaffold_source_rerank,mpair_00003111_cond_01_2p,mpair_00003111,eval,2,"QED,RB",Cc1nc2nnc(C(C)(C)C)nn2c(=O)c1C,CCCCc1nnc2nc(C)c(C)c(=O)n2n1,Cc1nc2nnc(C(C)(C)C)nn2c(=O)c1C,O=c1ccnc2nncnn12,O=c1ccnc2nncnn12,True,False,False,source_identity,1.0,0.5238095238095238,,,,,,,,,0.7849999676400611,0.6723856505150625,0.11261431712499859,False,,,,,,,,,,,,,3.0,0.0,3.0,False
edit_latent_scaffold_source_rerank,mpair_00003113_cond_02_2p,mpair_00003113,eval,2,"MW,RB",Cc1nc2nncnn2c(=O)c1C,CCCCc1nnc2nc(C)c(C)c(=O)n2n1,Cc1nc2nncnn2c(=O)c1C,O=c1ccnc2nncnn12,O=c1ccnc2nncnn12,True,False,False,source_identity,1.0,0.4418604651162791,233.275,177.167,56.108000000000004,False,,,,,,,,,,,,,,,,,,,,,3.0,0.0,3.0,False
edit_latent_scaffold_source_rerank,mpair_00003202_cond_01_2p,mpair_00003202,eval,2,"TPSA,HBA",O=C(OCc1ccc(-c2ccccc2)cc1)n1cccn1,N#Cc1cnn(C(=O)OCc2ccc(-c3ccccc3)cc2)c1,O=C(OCc1ccc(-c2ccccc2)cc1)n1cccn1,O=C(OCc1ccc(-c2ccccc2)cc1)n1cccn1,O=C(OCc1ccc(-c2ccccc2)cc1)n1cccn1,True,False,False,source_identity,1.0,0.5833333333333334,,,,,,,,,,,,,67.91,44.120000000000005,23.789999999999992,False,,,,,5.0,4.0,1.0,True,,,,
edit_latent_scaffold_source_rerank,mpair_00003204_cond_00_2p,mpair_00003204,eval,2,"TPSA,HBA",Cc1cnn(C(=O)OCc2ccc(-c3ccccc3)cc2)c1,N#Cc1cnn(C(=O)OCc2ccc(-c3ccccc3)cc2)c1,Cc1cnn(C(=O)OCc2ccc(-c3ccccc3)cc2)c1,O=C(OCc1ccc(-c2ccccc2)cc1)n1cccn1,O=C(OCc1ccc(-c2ccccc2)cc1)n1cccn1,True,False,False,source_identity,1.0,0.6808510638297872,,,,,,,,,,,,,67.91,44.120000000000005,23.789999999999992,False,,,,,5.0,4.0,1.0,True,,,,
edit_latent_scaffold_source_rerank,mpair_00003205_cond_02_2p,mpair_00003205,eval,2,"TPSA,HBA",N#Cc1cnn(C(=O)OCc2ccc(-c3ccccc3)cc2)c1,O=C(OCc1ccc(-c2ccccc2)cc1)n1cccn1,N#Cc1cnn(C(=O)OCc2ccc(-c3ccccc3)cc2)c1,O=C(OCc1ccc(-c2ccccc2)cc1)n1cccn1,O=C(OCc1ccc(-c2ccccc2)cc1)n1cccn1,True,False,False,source_identity,1.0,0.5833333333333334,,,,,,,,,,,,,44.120000000000005,67.91,23.789999999999992,False,,,,,4.0,5.0,1.0,True,,,,
edit_latent_scaffold_source_rerank,mpair_00003209_cond_00_2p,mpair_00003209,eval,2,"QED,TPSA",NC(=S)N/N=C/c1cccc(OCc2ccc3no[n+]([O-])c3c2)c1,NC(=O)N/N=C\c1ccccc1OCc1ccc2no[n+]([O-])c2c1,NC(=S)N/N=C/c1cccc(OCc2ccc3no[n+]([O-])c3c2)c1,c1ccc(OCc2ccc3no[nH+]c3c2)cc1,c1ccc(OCc2ccc3no[nH+]c3c2)cc1,True,False,False,source_identity,1.0,0.5882352941176471,,,,,,,,,0.4106849547701945,0.30972390933844063,0.10096104543175388,False,129.68,112.61,17.070000000000007,True,,,,,,,,,,,,
edit_latent_scaffold_source_rerank,mpair_00003212_cond_01_2p,mpair_00003212,eval,2,"HBD,RB",CC(C)NC(=O)c1ccc2c(Nc3ccc(Cl)cc3)nc(N3CCOCC3)nc2c1,COC(=O)c1ccc2c(Nc3ccc(Cl)cc3)nc(N3CCOCC3)nc2c1,CC(C)NC(=O)c1ccc2c(Nc3ccc(Cl)cc3)nc(N3CCOCC3)nc2c1,c1ccc(Nc2nc(N3CCOCC3)nc3ccccc23)cc1,c1ccc(Nc2nc(N3CCOCC3)nc3ccccc23)cc1,True,True,True,source_identity,1.0,0.7833333333333333,,,,,,,,,,,,,,,,,1.0,2.0,1.0,True,,,,,4.0,5.0,1.0,True
edit_latent_scaffold_source_rerank,mpair_00003216_cond_01_2p,mpair_00003216,eval,2,"HBD,HBA",COC(=O)c1ccc2c(Nc3ccc(Cl)cc3)nc(N3CCOCC3)nc2c1,CC(C)NC(=O)c1ccc2c(Nc3ccc(Cl)cc3)nc(N3CCOCC3)nc2c1,COC(=O)c1ccc2c(Nc3ccc(Cl)cc3)nc(N3CCOCC3)nc2c1,c1ccc(Nc2nc(N3CCOCC3)nc3ccccc23)cc1,c1ccc(Nc2nc(N3CCOCC3)nc3ccccc23)cc1,True,True,True,source_identity,1.0,0.7833333333333333,,,,,,,,,,,,,,,,,2.0,1.0,1.0,True,6.0,7.0,1.0,True,,,,
edit_latent_scaffold_source_rerank,mpair_00003224_cond_00_2p,mpair_00003224,eval,2,"QED,RB",COCCCN(/C(S)=C1/C(=O)c2cc(Cl)ccc2N(C)C1=O)c1ccccc1,COc1ccc(N(C)/C(S)=C2/C(=O)c3cc(Cl)ccc3N(C)C2=O)cc1,COCCCN(/C(S)=C1/C(=O)c2cc(Cl)ccc2N(C)C1=O)c1ccccc1,O=C1Nc2ccccc2C(=O)/C1=C/Nc1ccccc1,O=C1Nc2ccccc2C(=O)/C1=C/Nc1ccccc1,True,False,False,source_identity,1.0,0.5625,,,,,,,,,0.4935411914533051,0.3319041471572704,0.1616370442960347,False,,,,,,,,,,,,,3.0,6.0,3.0,False
edit_latent_scaffold_source_rerank,mpair_00003225_cond_02_2p,mpair_00003225,eval,2,"QED,RB",COCCCN(/C(S)=C1/C(=O)c2cc(Cl)ccc2N(C)C1=O)c1ccccc1,COc1cccc(N(C)/C(S)=C2/C(=O)c3cc(Cl)ccc3N(C)C2=O)c1,COCCCN(/C(S)=C1/C(=O)c2cc(Cl)ccc2N(C)C1=O)c1ccccc1,O=C1Nc2ccccc2C(=O)/C1=C/Nc1ccccc1,O=C1Nc2ccccc2C(=O)/C1=C/Nc1ccccc1,True,False,False,source_identity,1.0,0.5846153846153846,,,,,,,,,0.4935411914533051,0.3319041471572704,0.1616370442960347,False,,,,,,,,,,,,,3.0,6.0,3.0,False
edit_latent_scaffold_source_rerank,mpair_00003227_cond_01_2p,mpair_00003227,eval,2,"QED,RB",COc1ccc(N(C)/C(S)=C2/C(=O)c3cc(Cl)ccc3N(C)C2=O)cc1,COCCCN(/C(S)=C1/C(=O)c2cc(Cl)ccc2N(C)C1=O)c1ccccc1,COc1ccc(N(C)/C(S)=C2/C(=O)c3cc(Cl)ccc3N(C)C2=O)cc1,O=C1Nc2ccccc2C(=O)/C1=C/Nc1ccccc1,O=C1Nc2ccccc2C(=O)/C1=C/Nc1ccccc1,True,False,False,source_identity,1.0,0.5625,,,,,,,,,0.3319041471572704,0.4935411914533051,0.1616370442960347,False,,,,,,,,,,,,,6.0,3.0,3.0,False
edit_latent_scaffold_source_rerank,mpair_00003531_cond_00_2p,mpair_00003531,eval,2,"TPSA,HBA",CC(C)Oc1cccc(N(Cc2cccnc2)S(=O)(=O)CC(F)(F)F)c1,CCOC(=O)C(C)Oc1cccc(N(Cc2cccnc2)S(=O)(=O)CC(F)(F)F)c1,CC(C)Oc1cccc(N(Cc2cccnc2)S(=O)(=O)CC(F)(F)F)c1,c1ccc(NCc2cccnc2)cc1,c1ccc(NCc2cccnc2)cc1,True,False,False,source_identity,1.0,0.7796610169491526,,,,,,,,,,,,,85.80000000000001,59.5,26.30000000000001,False,,,,,6.0,4.0,2.0,False,,,,
edit_latent_scaffold_source_rerank,mpair_00003534_cond_02_2p,mpair_00003534,eval,2,"QED,RB",O=S(=O)(CC(F)(F)F)N(Cc1cccnc1)c1cccc(OC(F)(F)F)c1,CC(C)Oc1cccc(N(Cc2cccnc2)S(=O)(=O)CC(F)(F)F)c1,O=S(=O)(CC(F)(F)F)N(Cc1cccnc1)c1cccc(OC(F)(F)F)c1,c1ccc(NCc2cccnc2)cc1,c1ccc(NCc2cccnc2)cc1,True,True,True,source_identity,1.0,0.7777777777777778,,,,,,,,,0.7245796953652621,0.6736163493728189,0.05096334599244323,True,,,,,,,,,,,,,7.0,6.0,1.0,True
edit_latent_scaffold_source_rerank,mpair_00003538_cond_02_2p,mpair_00003538,eval,2,"LogP,HBA",CCC(C)COc1cccc(N(Cc2cccnc2)S(=O)(=O)CC(F)(F)F)c1,CCOC(=O)C(C)Oc1cccc(N(Cc2cccnc2)S(=O)(=O)CC(F)(F)F)c1,CCC(C)COc1cccc(N(Cc2cccnc2)S(=O)(=O)CC(F)(F)F)c1,c1ccc(NCc2cccnc2)cc1,c1ccc(NCc2cccnc2)cc1,True,False,False,source_identity,1.0,0.6923076923076923,,,,,3.3107000000000024,4.405200000000004,1.0945000000000018,False,,,,,,,,,,,,,6.0,4.0,2.0,False,,,,
edit_latent_scaffold_source_rerank,mpair_00003542_cond_01_2p,mpair_00003542,eval,2,"QED,RB",CC(C)COc1cccc(N(Cc2cccnc2)S(=O)(=O)CC(F)(F)F)c1,CCC(C)COc1cccc(N(Cc2cccnc2)S(=O)(=O)CC(F)(F)F)c1,CC(C)COc1cccc(N(Cc2cccnc2)S(=O)(=O)CC(F)(F)F)c1,c1ccc(NCc2cccnc2)cc1,c1ccc(NCc2cccnc2)cc1,True,True,True,source_identity,1.0,0.8421052631578947,,,,,,,,,0.6078002459089881,0.6693605971809802,0.06156035127199211,True,,,,,,,,,,,,,9.0,8.0,1.0,True
edit_latent_scaffold_source_rerank,mpair_00003544_cond_00_2p,mpair_00003544,eval,2,"LogP,RB",CC(C)COc1cccc(N(Cc2cccnc2)S(=O)(=O)CC(F)(F)F)c1,CCCC(C)Oc1cccc(N(Cc2cccnc2)S(=O)(=O)CC(F)(F)F)c1,CC(C)COc1cccc(N(Cc2cccnc2)S(=O)(=O)CC(F)(F)F)c1,c1ccc(NCc2cccnc2)cc1,c1ccc(NCc2cccnc2)cc1,True,True,True,source_identity,1.0,0.7213114754098361,,,,,4.547700000000003,4.015100000000003,0.5326000000000004,True,,,,,,,,,,,,,,,,,9.0,8.0,1.0,True
edit_latent_scaffold_source_rerank,mpair_00003547_cond_00_2p,mpair_00003547,eval,2,"QED,RB",CCC(C)COc1cccc(N(Cc2cccnc2)S(=O)(=O)CC(F)(F)F)c1,CC(C)COc1cccc(N(Cc2cccnc2)S(=O)(=O)CC(F)(F)F)c1,CCC(C)COc1cccc(N(Cc2cccnc2)S(=O)(=O)CC(F)(F)F)c1,c1ccc(NCc2cccnc2)cc1,c1ccc(NCc2cccnc2)cc1,True,True,True,source_identity,1.0,0.8421052631578947,,,,,,,,,0.6693605971809802,0.6078002459089881,0.06156035127199211,True,,,,,,,,,,,,,8.0,9.0,1.0,True
edit_latent_scaffold_source_rerank,mpair_00000000_cond_00_3p,mpair_00000000,eval,3,"LogP,HBA,RB",O=C(c1cccc(Cl)c1)N1C[C@H](CN2CCC(c3ccccc3)CC2)[C@@H](c2ccccc2)C1,COc1cccc(C(=O)N2C[C@H](CN3CCC(c4ccccc4)CC3)[C@@H](c3ccccc3)C2)c1,O=C(c1cccc(Cl)c1)N1C[C@H](CN2CCC(c3ccccc3)CC2)[C@@H](c2ccccc2)C1,O=C(c1ccccc1)N1C[C@H](CN2CCC(c3ccccc3)CC2)[C@@H](c2ccccc2)C1,O=C(c1ccccc1)N1C[C@H](CN2CCC(c3ccccc3)CC2)[C@@H](c2ccccc2)C1,True,True,True,source_identity,1.0,0.7413793103448276,,,,,5.430600000000005,6.075400000000006,0.6448000000000009,True,,,,,,,,,,,,,3.0,2.0,1.0,True,6.0,5.0,1.0,True
edit_latent_scaffold_source_rerank,mpair_00000006_cond_01_3p,mpair_00000006,eval,3,"MW,LogP,QED",O=C(c1ccccc1F)N1C[C@H](CN2CCC(c3ccccc3)CC2)[C@@H](c2ccccc2)C1,O=C(c1ccccc1C(F)(F)F)N1C[C@H](CN2CCC(c3ccccc3)CC2)[C@@H](c2ccccc2)C1,O=C(c1ccccc1F)N1C[C@H](CN2CCC(c3ccccc3)CC2)[C@@H](c2ccccc2)C1,O=C(c1ccccc1)N1C[C@H](CN2CCC(c3ccccc3)CC2)[C@@H](c2ccccc2)C1,O=C(c1ccccc1)N1C[C@H](CN2CCC(c3ccccc3)CC2)[C@@H](c2ccccc2)C1,True,False,False,source_identity,1.0,0.7592592592592593,492.5850000000002,442.57800000000015,50.00700000000006,False,6.4408000000000065,5.561100000000006,0.8797000000000006,True,0.4092272471712491,0.5164092889512721,0.10718204178002305,False,,,,,,,,,,,,,,,,
edit_latent_scaffold_source_rerank,mpair_00000010_cond_00_3p,mpair_00000010,eval,3,"QED,HBA,RB",O=C(c1ccccc1C(F)(F)F)N1C[C@H](CN2CCC(c3ccccc3)CC2)[C@@H](c2ccccc2)C1,COc1cccc(C(=O)N2C[C@H](CN3CCC(c4ccccc4)CC3)[C@@H](c3ccccc3)C2)c1,O=C(c1ccccc1C(F)(F)F)N1C[C@H](CN2CCC(c3ccccc3)CC2)[C@@H](c2ccccc2)C1,O=C(c1ccccc1)N1C[C@H](CN2CCC(c3ccccc3)CC2)[C@@H](c2ccccc2)C1,O=C(c1ccccc1)N1C[C@H](CN2CCC(c3ccccc3)CC2)[C@@H](c2ccccc2)C1,True,True,True,source_identity,1.0,0.578125,,,,,,,,,0.49786269936596683,0.4092272471712491,0.08863545219471775,True,,,,,,,,,3.0,2.0,1.0,True,6.0,5.0,1.0,True
edit_latent_scaffold_source_rerank,mpair_00000018_cond_01_3p,mpair_00000018,eval,3,"MW,QED,RB",COC(=O)C1=C(c2ccc(Cl)nc2)CC2CCC1N2C,CN1C2C=C(c3ccc(Cl)nc3)CC1CC2,C1=C(c2cccnc2)CC2CCC1N2,C1=C(c2cccnc2)CC2CCC1N2,C1=C(c2cccnc2)CC2CCC1N2,True,False,False,,0.14925373134328357,0.2545454545454545,234.72999999999996,186.258,48.47199999999995,False,,,,,0.6949032404938756,0.725160453067101,0.030257212573225334,True,,,,,,,,,,,,,1.0,1.0,0.0,True
edit_latent_scaffold_source_rerank,mpair_00000323_cond_00_3p,mpair_00000323,eval,3,"TPSA,HBD,HBA",N[C@@H](C(=O)N[C@@H]1C(=O)N2C(C(=O)O)=C(C(F)(F)F)CC[C@H]12)c1ccc(F)cc1,N[C@@H](C(=O)N[C@@H]1C(=O)N2C(C(=O)O)=C(C(F)(F)F)CC[C@H]12)c1ccc(O)cc1,N[C@@H](C(=O)N[C@@H]1C(=O)N2C(C(=O)O)=C(C(F)(F)F)CC[C@H]12)c1ccc(F)cc1,O=C(Cc1ccccc1)N[C@@H]1C(=O)N2C=CCC[C@H]12,O=C(Cc1ccccc1)N[C@@H]1C(=O)N2C=CCC[C@H]12,True,False,False,source_identity,1.0,0.8545454545454545,,,,,,,,,,,,,132.96,112.73,20.230000000000004,False,4.0,3.0,1.0,True,5.0,4.0,1.0,True,,,,
edit_latent_scaffold_source_rerank,mpair_00000329_cond_02_3p,mpair_00000329,eval,3,"QED,HBA,RB",CSC1=C(C(=O)O)N2C(=O)[C@@H](NC(=O)[C@H](N)c3ccccc3)[C@H]2CC1,N[C@@H](C(=O)N[C@@H]1C(=O)N2C(C(=O)O)=C(C(F)(F)F)CC[C@H]12)c1ccc(F)cc1,CSC1=C(C(=O)O)N2C(=O)[C@@H](NC(=O)[C@H](N)c3ccccc3)[C@H]2CC1,O=C(Cc1ccccc1)N[C@@H]1C(=O)N2C=CCC[C@H]12,O=C(Cc1ccccc1)N[C@@H]1C(=O)N2C=CCC[C@H]12,True,False,False,source_identity,1.0,0.5873015873015873,,,,,,,,,0.5187711593734389,0.6699274889764619,0.15115632960302305,False,,,,,,,,,4.0,5.0,1.0,True,4.0,5.0,1.0,True
edit_latent_scaffold_source_rerank,mpair_00000331_cond_02_3p,mpair_00000331,eval,3,"TPSA,HBD,HBA",N[C@@H](C(=O)N[C@@H]1C(=O)N2C(C(=O)O)=C(C(F)(F)F)CC[C@H]12)c1ccc(O)cc1,N[C@@H](C(=O)N[C@@H]1C(=O)N2C(C(=O)O)=C(C(F)(F)F)CC[C@H]12)c1ccc(F)cc1,N[C@@H](C(=O)N[C@@H]1C(=O)N2C(C(=O)O)=C(C(F)(F)F)CC[C@H]12)c1ccc(O)cc1,O=C(Cc1ccccc1)N[C@@H]1C(=O)N2C=CCC[C@H]12,O=C(Cc1ccccc1)N[C@@H]1C(=O)N2C=CCC[C@H]12,True,False,False,source_identity,1.0,0.8545454545454545,,,,,,,,,,,,,112.73,132.96,20.230000000000004,False,3.0,4.0,1.0,True,4.0,5.0,1.0,True,,,,
edit_latent_scaffold_source_rerank,mpair_00000336_cond_01_3p,mpair_00000336,eval,3,"MW,LogP,QED",N[C@@H](C(=O)N[C@@H]1C(=O)N2C(C(=O)O)=C(C(F)(F)F)CC[C@H]12)c1cccc(Br)c1,N[C@@H](C(=O)N[C@@H]1C(=O)N2C(C(=O)O)=C(C(F)(F)F)CC[C@H]12)c1ccc(F)cc1,N[C@@H](C(=O)N[C@@H]1C(=O)N2C(C(=O)O)=C(C(F)(F)F)CC[C@H]12)c1cccc(Br)c1,O=C(Cc1ccccc1)N[C@@H]1C(=O)N2C=CCC[C@H]12,O=C(Cc1ccccc1)N[C@@H]1C(=O)N2C=CCC[C@H]12,True,False,False,source_identity,1.0,0.7377049180327869,401.3160000000001,462.2220000000001,60.906000000000006,False,1.2158999999999993,1.8392999999999997,0.6234000000000004,True,0.5187711593734389,0.5917241763797754,0.0729530170063365,True,,,,,,,,,,,,,,,,
edit_latent_scaffold_source_rerank,mpair_00000595_cond_02_3p,mpair_00000595,eval,3,"QED,HBD,RB",COc1ccc(CCCC[C@@H]2N[C@@H](CO)[C@H](O)[C@H]2O)cc1,OC[C@@H]1N[C@@H](CCCCc2ccc(O)cc2)[C@H](O)[C@H]1O,COc1ccc(CCCC[C@@H]2N[C@@H](CO)[C@H](O)[C@H]2O)cc1,c1ccc(CCCC[C@H]2CCCN2)cc1,c1ccc(CCCC[C@H]2CCCN2)cc1,True,True,True,source_identity,1.0,0.7,,,,,,,,,0.47902706341404183,0.5496005244071775,0.07057346099313572,True,,,,,5.0,4.0,1.0,True,,,,,6.0,7.0,1.0,True
edit_latent_scaffold_source_rerank,mpair_00000726_cond_02_3p,mpair_00000726,eval,3,"MW,QED,HBD",C=CCc1cc(/C=C2\SC(=O)NC2=O)c(OC)cc1OC1CCCCO1,C=CCc1cc(/C=C2\SC(=O)N(CC=C)C2=O)c(OC)cc1OC1CCCCO1,C=CCc1cc(/C=C2\SC(=O)NC2=O)c(OC)cc1OC1CCCCO1,O=C1NC(=O)/C(=C/c2ccc(OC3CCCCO3)cc2)S1,O=C1NC(=O)/C(=C/c2ccc(OC3CCCCO3)cc2)S1,True,False,False,source_identity,1.0,0.696969696969697,415.51100000000025,375.4460000000002,40.065000000000055,False,,,,,0.45838471716690443,0.6042673504148035,0.14588263324789907,False,,,,,0.0,1.0,1.0,True,,,,,,,,
edit_latent_scaffold_source_rerank,mpair_00000739_cond_02_3p,mpair_00000739,eval,3,"LogP,QED,RB",C=CCc1cc(/C=C2\SC(=O)N(CCCC)C2=O)c(OC)cc1OC1CCCCO1,C=CCc1cc(/C=C2\SC(=O)N(CC=C)C2=O)c(OC)cc1OC1CCCCO1,C=CCc1cc(/C=C2\SC(=O)N(CCCC)C2=O)c(OC)cc1OC1CCCCO1,O=C1NC(=O)/C(=C/c2ccc(OC3CCCCO3)cc2)S1,O=C1NC(=O)/C(=C/c2ccc(OC3CCCCO3)cc2)S1,True,True,True,source_identity,1.0,0.8181818181818182,,,,,4.551400000000004,5.165500000000004,0.6141000000000005,True,0.45838471716690443,0.39718598618589046,0.06119873098101397,True,,,,,,,,,,,,,8.0,9.0,1.0,True
edit_latent_scaffold_source_rerank,mpair_00000742_cond_00_3p,mpair_00000742,eval,3,"LogP,QED,RB",C=CCc1cc(/C=C2\SC(=O)N(C)C2=O)c(OC)cc1OC1CCCCO1,C=CCc1cc(/C=C2\SC(=O)N(CC=C(C)C)C2=O)c(OC)cc1OC1CCCCO1,C=CCc1cc(/C=C2\SC(=O)N(C)C2=O)c(OC)cc1OC1CCCCO1,O=C1NC(=O)/C(=C/c2ccc(OC3CCCCO3)cc2)S1,O=C1NC(=O)/C(=C/c2ccc(OC3CCCCO3)cc2)S1,True,False,False,source_identity,1.0,0.7761194029850746,,,,,5.331600000000005,3.9952000000000023,1.336400000000003,False,0.3995752918375223,0.5413211960634129,0.14174590422589062,False,,,,,,,,,,,,,8.0,6.0,2.0,False
edit_latent_scaffold_source_rerank,mpair_00000747_cond_00_3p,mpair_00000747,eval,3,"LogP,HBD,RB",C=CCc1cc(/C=C2\SC(=O)N(CC=C)C2=O)c(OC)cc1OC1CCCCO1,C=CCc1cc(/C=C2\SC(=O)NC2=O)c(OC)cc1OC1CCCCO1,C=CCc1cc(/C=C2\SC(=O)N(CC=C)C2=O)c(OC)cc1OC1CCCCO1,O=C1NC(=O)/C(=C/c2ccc(OC3CCCCO3)cc2)S1,O=C1NC(=O)/C(=C/c2ccc(OC3CCCCO3)cc2)S1,True,False,False,source_identity,1.0,0.696969696969697,,,,,3.6530000000000022,4.551400000000004,0.8984000000000014,True,,,,,,,,,1.0,0.0,1.0,True,,,,,6.0,8.0,2.0,False
edit_latent_scaffold_source_rerank,mpair_00000748_cond_02_3p,mpair_00000748,eval,3,"LogP,QED,RB",C=CCc1cc(/C=C2\SC(=O)N(C)C2=O)c(OC)cc1OC1CCCCO1,C=CCc1cc(/C=C2\SC(=O)N(CC=C)C2=O)c(OC)cc1OC1CCCCO1,C=CCc1cc(/C=C2\SC(=O)N(C)C2=O)c(OC)cc1OC1CCCCO1,O=C1NC(=O)/C(=C/c2ccc(OC3CCCCO3)cc2)S1,O=C1NC(=O)/C(=C/c2ccc(OC3CCCCO3)cc2)S1,True,False,False,source_identity,1.0,0.8095238095238095,,,,,4.551400000000004,3.9952000000000023,0.5562000000000014,True,0.45838471716690443,0.5413211960634129,0.08293647889650846,True,,,,,,,,,,,,,8.0,6.0,2.0,False
edit_latent_scaffold_source_rerank,mpair_00000757_cond_02_3p,mpair_00000757,eval,3,"LogP,HBA,RB",COc1cccc(-c2cncc(O[C@@H]3CCNC3)c2)c1,Clc1cccc(-c2cncc(O[C@@H]3CCNC3)c2)c1,COc1cccc(-c2cncc(O[C@@H]3CCNC3)c2)c1,c1ccc(-c2cncc(O[C@@H]3CCNC3)c2)cc1,c1ccc(-c2cncc(O[C@@H]3CCNC3)c2)cc1,True,True,True,source_identity,1.0,0.7446808510638298,,,,,3.1427000000000014,2.4979000000000005,0.6448000000000009,True,,,,,,,,,,,,,3.0,4.0,1.0,True,3.0,4.0,1.0,True
edit_latent_scaffold_source_rerank,mpair_00001124_cond_01_3p,mpair_00001124,eval,3,"LogP,HBA,RB",COc1ccc(N2CCN(CCC3NC(=O)c4ccccc43)CC2)cc1,Cc1ccc(N2CCN(CCC3NC(=O)c4ccccc43)CC2)cc1C,COc1ccc(N2CCN(CCC3NC(=O)c4ccccc43)CC2)cc1,O=C1NC(CCN2CCN(c3ccccc3)CC2)c2ccccc21,O=C1NC(CCN2CCN(c3ccccc3)CC2)c2ccccc21,True,True,True,source_identity,1.0,0.7037037037037037,,,,,3.3002400000000023,2.692000000000001,0.6082400000000012,True,,,,,,,,,,,,,3.0,4.0,1.0,True,4.0,5.0,1.0,True
edit_latent_scaffold_source_rerank,mpair_00001131_cond_01_3p,mpair_00001131,eval,3,"HBD,HBA,RB",COc1ccc(N2CCN(CCC3c4ccccc4C(=O)N3C)CC2)cc1,Cc1ccc(N2CCN(CCC3NC(=O)c4ccccc43)CC2)cc1C,COc1ccc(N2CCN(CCC3c4ccccc4C(=O)N3C)CC2)cc1,O=C1NC(CCN2CCN(c3ccccc3)CC2)c2ccccc21,O=C1NC(CCN2CCN(c3ccccc3)CC2)c2ccccc21,True,True,True,source_identity,1.0,0.4444444444444444,,,,,,,,,,,,,,,,,1.0,0.0,1.0,True,3.0,4.0,1.0,True,4.0,5.0,1.0,True
edit_latent_scaffold_source_rerank,mpair_00001133_cond_02_3p,mpair_00001133,eval,3,"QED,TPSA,HBA",COc1ccccc1CC(=O)NCCC1CCN(CC2COc3ccccc3O2)CC1,O=C(Cc1ccccc1[N+](=O)[O-])NCCC1CCN(CC2COc3ccccc3O2)CC1,COc1ccccc1CC(=O)NCCC1CCN(CC2COc3ccccc3O2)CC1,O=C(Cc1ccccc1)NCCC1CCN(CC2COc3ccccc3O2)CC1,O=C(Cc1ccccc1)NCCC1CCN(CC2COc3ccccc3O2)CC1,True,False,False,source_identity,1.0,0.7164179104477612,,,,,,,,,0.5015202818225966,0.7047088784600517,0.20318859663745514,False,93.94,60.03,33.91,False,,,,,6.0,5.0,1.0,True,,,,
edit_latent_scaffold_source_rerank,mpair_00002370_cond_02_3p,mpair_00002370,eval,3,"HBD,HBA,RB",CCOC(=O)/C=C/c1cc(C(=O)c2ccc(-n3ccnc3)cc2)cn1C,Cn1cc(C(=O)c2ccc(-n3ccnc3)cc2)cc1/C=C/C(=O)O,CCOC(=O)/C=C/c1cc(C(=O)c2ccc(-n3ccnc3)cc2)cn1C,O=C(c1ccc(-n2ccnc2)cc1)c1cc[nH]c1,O=C(c1ccc(-n2ccnc2)cc1)c1cc[nH]c1,True,True,True,source_identity,1.0,0.7454545454545455,,,,,,,,,,,,,,,,,1.0,0.0,1.0,True,5.0,6.0,1.0,True,5.0,6.0,1.0,True
edit_latent_scaffold_source_rerank,mpair_00002375_cond_02_3p,mpair_00002375,eval,3,"TPSA,HBD,HBA",COc1cccc2sc([C@@H]3C[C@H]4CC[C@@H](C3)N4C[C@H](O)COc3cccc4[nH]c(C(N)=O)cc34)cc12,COc1cccc2sc([C@@H]3C[C@H]4CC[C@@H](C3)N4C[C@H](O)COc3cccc4[nH]c(C)cc34)cc12,COc1cccc2sc([C@@H]3C[C@H]4CC[C@@H](C3)N4C[C@H](O)COc3cccc4[nH]c(C(N)=O)cc34)cc12,c1ccc2sc([C@@H]3C[C@H]4CC[C@@H](C3)N4CCCOc3cccc4[nH]ccc34)cc2c1,c1ccc2sc([C@@H]3C[C@H]4CC[C@@H](C3)N4CCCOc3cccc4[nH]ccc34)cc2c1,True,False,False,source_identity,1.0,0.7916666666666666,,,,,,,,,,,,,57.720000000000006,100.81,43.089999999999996,False,2.0,3.0,1.0,True,5.0,6.0,1.0,True,,,,
edit_latent_scaffold_source_rerank,mpair_00002466_cond_00_3p,mpair_00002466,eval,3,"QED,HBA,RB",CN(C)CCCOc1cc(C(=O)Nc2ccc(Cl)cc2F)n(Cc2ccccc2)n1,CN(C)CCCOc1cc(C(=O)Nc2ccc(OC(F)(F)F)cc2)n(Cc2ccccc2)n1,CN(C)CCCOc1cc(C(=O)Nc2ccc(Cl)cc2F)n(Cc2ccccc2)n1,O=C(Nc1ccccc1)c1ccnn1Cc1ccccc1,O=C(Nc1ccccc1)c1ccnn1Cc1ccccc1,True,True,True,source_identity,1.0,0.6428571428571429,,,,,,,,,0.4522382232340766,0.5138601191048354,0.061621895870758836,True,,,,,,,,,6.0,5.0,1.0,True,10.0,9.0,1.0,True
edit_latent_scaffold_source_rerank,mpair_00002469_cond_02_3p,mpair_00002469,eval,3,"MW,TPSA,HBA",COc1ccc(NC(=O)c2cc(OCCCN(C)C)nn2Cc2ccccc2)cc1,COc1cc(NC(=O)c2cc(OCCCN(C)C)nn2Cc2ccccc2)cc(OC)c1OC,COc1ccc(NC(=O)c2cc(OCCCN(C)C)nn2Cc2ccccc2)cc1,O=C(Nc1ccccc1)c1ccnn1Cc1ccccc1,O=C(Nc1ccccc1)c1ccnn1Cc1ccccc1,True,False,False,source_identity,1.0,0.7741935483870968,468.5540000000002,408.50200000000007,60.052000000000135,False,,,,,,,,,87.08000000000001,68.62,18.460000000000008,True,,,,,8.0,6.0,2.0,False,,,,
edit_latent_scaffold_source_rerank,mpair_00002472_cond_02_3p,mpair_00002472,eval,3,"MW,LogP,QED",COc1ccc(NC(=O)c2cc(OCCCN(C)C)nn2Cc2ccccc2)cc1,CN(C)CCCOc1cc(C(=O)Nc2cc(F)cc(C(F)(F)F)c2)n(Cc2ccccc2)n1,COc1ccc(NC(=O)c2cc(OCCCN(C)C)nn2Cc2ccccc2)cc1,O=C(Nc1ccccc1)c1ccnn1Cc1ccccc1,O=C(Nc1ccccc1)c1ccnn1Cc1ccccc1,True,False,False,source_identity,1.0,0.6764705882352942,464.4630000000001,408.50200000000007,55.96100000000001,False,4.672100000000003,3.522800000000002,1.149300000000001,False,0.369385517709234,0.5200250404910086,0.15063952278177462,False,,,,,,,,,,,,,,,,
edit_latent_scaffold_source_rerank,mpair_00002478_cond_01_3p,mpair_00002478,eval,3,"MW,LogP,QED",CN(C)CCCOc1cc(C(=O)Nc2cccc(Cl)c2)n(Cc2ccccc2)n1,CN(C)CCCOc1cc(C(=O)Nc2cc(F)cc(C(F)(F)F)c2)n(Cc2ccccc2)n1,CN(C)CCCOc1cc(C(=O)Nc2cccc(Cl)c2)n(Cc2ccccc2)n1,O=C(Nc1ccccc1)c1ccnn1Cc1ccccc1,O=C(Nc1ccccc1)c1ccnn1Cc1ccccc1,True,False,False,source_identity,1.0,0.6764705882352942,464.4630000000001,412.9210000000001,51.54199999999997,False,4.672100000000003,4.167600000000003,0.5045000000000002,True,0.369385517709234,0.5357556879239462,0.16637017021471223,False,,,,,,,,,,,,,,,,
edit_latent_scaffold_source_rerank,mpair_00002482_cond_00_3p,mpair_00002482,eval,3,"MW,LogP,QED",COc1ccc(NC(=O)c2cc(OCCCN(C)C)nn2Cc2ccccc2)cc1,CN(C)CCCOc1cc(C(=O)Nc2ccc(OC(F)(F)F)cc2)n(Cc2ccccc2)n1,COc1ccc(NC(=O)c2cc(OCCCN(C)C)nn2Cc2ccccc2)cc1,O=C(Nc1ccccc1)c1ccnn1Cc1ccccc1,O=C(Nc1ccccc1)c1ccnn1Cc1ccccc1,True,False,False,source_identity,1.0,0.8064516129032258,462.4720000000001,408.50200000000007,53.97000000000003,False,4.412800000000003,3.522800000000002,0.8900000000000015,True,0.4522382232340766,0.5200250404910086,0.06778681725693203,True,,,,,,,,,,,,,,,,
edit_latent_scaffold_source_rerank,mpair_00002488_cond_00_3p,mpair_00002488,eval,3,"LogP,TPSA,HBA",C=Cc1cc(C(=O)OCC)n(S(=O)(=O)c2cc(Cl)ccc2N)c1,CC(C)OC(=O)c1cc(CO)cn1S(=O)(=O)c1cc(Cl)ccc1N,N/C(S)=N/N=C/c1cccn1S(=O)(=O)c1ccccc1,O=S(=O)(c1ccccc1)n1cccc1,O=S(=O)(c1ccccc1)n1cccc1,True,False,False,,0.16,0.14666666666666667,,,,,2.0182,1.3035,0.7147000000000001,True,,,,,111.61999999999999,89.81,21.809999999999988,False,,,,,7.0,5.0,2.0,False,,,,
edit_latent_scaffold_source_rerank,mpair_00002498_cond_00_3p,mpair_00002498,eval,3,"MW,QED,RB",CCc1ccc(NC2=C(Cl)C(=O)c3ncncc3C2=O)cc1,O=C1C(Nc2cccc(Br)c2)=C(Cl)C(=O)c2ncncc21,O=C1C(Nc2cccc(Cl)c2)=C(Cl)C(=O)c2ncncc21,O=C1C(Nc2ccccc2)=CC(=O)c2ncncc21,O=C1C(Nc2ccccc2)=CC(=O)c2ncncc21,True,False,False,,0.6122448979591837,0.7777777777777778,364.58600000000007,320.135,44.45100000000008,False,,,,,0.885902971993687,0.9205249949064266,0.034622022912739636,True,,,,,,,,,,,,,2.0,2.0,0.0,True
edit_latent_scaffold_source_rerank,mpair_00002500_cond_02_3p,mpair_00002500,eval,3,"MW,QED,RB",O=C1C(Nc2ccc(Br)cc2)=C(Cl)C(=O)c2ncncc21,CCc1ccc(NC2=C(Cl)C(=O)c3ncncc3C2=O)cc1,Cc1ccc(NC2=C(Cl)C(=O)c3ncncc3C2=O)cc1,O=C1C(Nc2ccccc2)=CC(=O)c2ncncc21,O=C1C(Nc2ccccc2)=CC(=O)c2ncncc21,True,True,True,,0.7619047619047619,0.75,313.744,299.71700000000004,14.026999999999987,True,,,,,0.9428073960459649,0.9228598789693654,0.019947517076599475,True,,,,,,,,,,,,,3.0,2.0,1.0,True
edit_latent_scaffold_source_rerank,mpair_00002505_cond_01_3p,mpair_00002505,eval,3,"QED,HBA,RB",COc1ccc(C(=O)CN2c3ccccc3C(=O)N(Cc3ccccc3)S2(=O)=O)cc1,O=C(CN1c2ccccc2C(=O)N(Cc2ccccc2)S1(=O)=O)c1ccccc1,COc1ccc(C(=O)CN2c3ccccc3C(=O)N(Cc3ccccc3)S2(=O)=O)cc1,O=C(CN1c2ccccc2C(=O)N(Cc2ccccc2)S1(=O)=O)c1ccccc1,O=C(CN1c2ccccc2C(=O)N(Cc2ccccc2)S1(=O)=O)c1ccccc1,True,True,True,source_identity,1.0,0.7916666666666666,,,,,,,,,0.6096951629926923,0.5539335722556151,0.055761590737077205,True,,,,,,,,,4.0,5.0,1.0,True,5.0,6.0,1.0,True
edit_latent_scaffold_source_rerank,mpair_00002510_cond_00_3p,mpair_00002510,eval,3,"LogP,TPSA,HBA",CSc1cc(-c2ccc(Br)cc2)oc(=O)c1C#N,CSc1cc(-c2ccc(Br)cc2)oc(=O)c1Cl,CSc1cc(-c2ccc(F)cc2)oc(=O)c1,O=c1cccc(-c2ccccc2)o1,O=c1cccc(-c2ccccc2)o1,True,False,False,,0.3469387755102041,0.3695652173913043,,,,,4.444600000000002,3.1678000000000024,1.2767999999999997,False,,,,,30.21,30.21,0.0,True,,,,,3.0,3.0,0.0,True,,,,
edit_latent_scaffold_source_rerank,mpair_00002543_cond_01_3p,mpair_00002543,eval,3,"TPSA,HBD,RB",CSc1cc(-c2ccc(Br)cc2)oc(=O)c1Cl,CSc1cc(-c2ccc(Cl)cc2)oc(=O)c1C(N)=O,CSc1cc(-c2ccc(F)cc2)oc(=O)c1,O=c1cccc(-c2ccccc2)o1,O=c1cccc(-c2ccccc2)o1,True,False,False,,0.3695652173913043,0.34,,,,,,,,,,,,,73.30000000000001,30.21,43.09000000000001,False,1.0,0.0,1.0,True,,,,,3.0,2.0,1.0,True
edit_latent_scaffold_source_rerank,mpair_00002559_cond_02_3p,mpair_00002559,eval,3,"LogP,QED,RB",CN(C(=O)n1nc(-c2ccc(Cl)cc2)nc1SCC(F)(F)F)c1ccccc1,CSc1nc(-c2ccc(C)cc2)nn1C(=O)N(C)c1ccccc1,CN(C(=O)n1nc(-c2ccc(Cl)cc2)nc1SCC(F)(F)F)c1ccccc1,O=C(Nc1ccccc1)n1cnc(-c2ccccc2)n1,O=C(Nc1ccccc1)n1cnc(-c2ccccc2)n1,True,False,False,source_identity,1.0,0.5862068965517241,,,,,4.079920000000002,5.357400000000003,1.2774800000000006,False,0.6753188675979567,0.5270344401044634,0.14828442749349324,False,,,,,,,,,,,,,3.0,4.0,1.0,True
edit_latent_scaffold_source_rerank,mpair_00002564_cond_02_3p,mpair_00002564,eval,3,"LogP,QED,HBA",CSc1nc(-c2ccc(OC(F)(F)F)cc2)nn1C(=O)N(C)c1ccccc1,CN(C(=O)n1nc(-c2ccc(Cl)cc2)nc1SCC(F)(F)F)c1ccccc1,CSc1nc(-c2ccc(OC(F)(F)F)cc2)nn1C(=O)N(C)c1ccccc1,O=C(Nc1ccccc1)n1cnc(-c2ccccc2)n1,O=C(Nc1ccccc1)n1cnc(-c2ccccc2)n1,True,True,True,source_identity,1.0,0.5967741935483871,,,,,5.357400000000003,4.670100000000003,0.6872999999999996,True,0.5270344401044634,0.5874043626188404,0.060369922514377006,True,,,,,,,,,5.0,6.0,1.0,True,,,,
edit_latent_scaffold_source_rerank,mpair_00002573_cond_02_3p,mpair_00002573,eval,3,"MW,LogP,QED",COc1cc(C(=O)N2CCN(C(=O)c3cc(OC)c(OC)c(OC)c3)C(COC(=O)CC(C)(C)C)C2)cc(OC)c1OC,COc1cc(C(=O)N2CCN(C(=O)c3cc(OC)c(OC)c(OC)c3)C(COC(C)=O)C2)cc(OC)c1OC,COc1cc(C(=O)N2CCN(C(=O)c3cc(OC)c(OC)c(OC)c3)C(COC(=O)CC(C)(C)C)C2)cc(OC)c1OC,O=C(c1ccccc1)N1CCN(C(=O)c2ccccc2)CC1,O=C(c1ccccc1)N1CCN(C(=O)c2ccccc2)CC1,True,False,False,source_identity,1.0,0.7547169811320755,546.5730000000003,602.6810000000004,56.10800000000006,False,2.2681000000000004,3.684400000000003,1.4163000000000023,False,0.41028124355120477,0.3521539372279048,0.05812730632329999,True,,,,,,,,,,,,,,,,
edit_latent_scaffold_source_rerank,mpair_00002584_cond_00_3p,mpair_00002584,eval,3,"LogP,QED,HBA",COc1cc(C(=O)N2CCN(C(=O)c3cc(OC)c(OC)c(OC)c3)C(CO)C2)cc(OC)c1OC,COc1cc(C(=O)N2CCN(C(=O)c3cc(OC)c(OC)c(OC)c3)C(COC(C)=O)C2)cc(OC)c1OC,COc1cc(C(=O)N2CCN(C(=O)c3cc(OC)c(OC)c(OC)c3)C(CO)C2)cc(OC)c1OC,O=C(c1ccccc1)N1CCN(C(=O)c2ccccc2)CC1,O=C(c1ccccc1)N1CCN(C(=O)c2ccccc2)CC1,True,False,False,source_identity,1.0,0.75,,,,,2.2681000000000004,1.6973000000000003,0.5708000000000002,True,0.41028124355120477,0.544633228323374,0.13435198477216925,False,,,,,,,,,10.0,9.0,1.0,True,,,,
edit_latent_scaffold_source_rerank,mpair_00002589_cond_01_3p,mpair_00002589,eval,3,"MW,LogP,HBA",COc1cc(C(=O)N2CCN(C(=O)c3cc(OC)c(OC)c(OC)c3)C(CO)C2)cc(OC)c1OC,CCN(CC)C(=O)OCC1CN(C(=O)c2cc(OC)c(OC)c(OC)c2)CCN1C(=O)c1cc(OC)c(OC)c(OC)c1,COc1cc(C(=O)N2CCN(C(=O)c3cc(OC)c(OC)c(OC)c3)C(CO)C2)cc(OC)c1OC,O=C(c1ccccc1)N1CCN(C(=O)c2ccccc2)CC1,O=C(c1ccccc1)N1CCN(C(=O)c2ccccc2)CC1,True,False,False,source_identity,1.0,0.6792452830188679,603.6690000000003,504.53600000000034,99.13299999999998,False,3.1834000000000024,1.6973000000000003,1.4861000000000022,False,,,,,,,,,,,,,10.0,9.0,1.0,True,,,,
edit_latent_scaffold_source_rerank,mpair_00002594_cond_02_3p,mpair_00002594,eval,3,"MW,LogP,RB",CCN(CC)C(=O)OCC1CN(C(=O)c2cc(OC)c(OC)c(OC)c2)CCN1C(=O)c1cc(OC)c(OC)c(OC)c1,COc1cc(C(=O)N2CCN(C(=O)c3cc(OC)c(OC)c(OC)c3)C(COC(C)=O)C2)cc(OC)c1OC,CCN(CC)C(=O)OCC1CN(C(=O)c2cc(OC)c(OC)c(OC)c2)CCN1C(=O)c1cc(OC)c(OC)c(OC)c1,O=C(c1ccccc1)N1CCN(C(=O)c2ccccc2)CC1,O=C(c1ccccc1)N1CCN(C(=O)c2ccccc2)CC1,True,False,False,source_identity,1.0,0.7547169811320755,546.5730000000003,603.6690000000003,57.096000000000004,False,2.2681000000000004,3.1834000000000024,0.915300000000002,True,,,,,,,,,,,,,,,,,10.0,12.0,2.0,False
edit_latent_scaffold_source_rerank,mpair_00002601_cond_00_3p,mpair_00002601,eval,3,"MW,LogP,QED",COc1ccc(C(=O)Nc2ccncc2Cl)c2cccnc12,COc1ccc(C(=O)Nc2ccncc2Cl)c2ccc(C(F)(F)F)nc12,COc1ccc(C(=O)Nc2ccncc2Cl)c2cccnc12,O=C(Nc1ccncc1)c1cccc2ncccc12,O=C(Nc1ccncc1)c1cccc2ncccc12,True,False,False,source_identity,1.0,0.6724137931034483,381.74100000000004,313.744,67.99700000000001,False,4.562900000000002,3.544100000000002,1.0187999999999997,False,0.7218484507203837,0.8029165077767629,0.0810680570563792,True,,,,,,,,,,,,,,,,
edit_latent_scaffold_source_rerank,mpair_00002605_cond_00_3p,mpair_00002605,eval,3,"TPSA,HBD,RB",COc1ccc(C(=O)Nc2c(Cl)cncc2Cl)c2ccc(C(C)O)nc12,COc1ccc(C(=O)Nc2c(F)cncc2F)c2ccc(C(F)(F)F)nc12,COc1ccc(C(=O)Nc2c(Cl)cncc2Cl)c2ccc(C(C)O)nc12,O=C(Nc1ccncc1)c1cccc2ncccc12,O=C(Nc1ccncc1)c1cccc2ncccc12,True,False,False,source_identity,1.0,0.532258064516129,,,,,,,,,,,,,64.11,84.34,20.230000000000004,False,1.0,2.0,1.0,True,,,,,3.0,4.0,1.0,True
edit_latent_scaffold_source_rerank,mpair_00002610_cond_01_3p,mpair_00002610,eval,3,"LogP,TPSA,HBD",CCc1ccc2c(C(=O)Nc3c(Cl)cncc3Cl)ccc(OC)c2n1,COc1ccc(C(=O)Nc2c(Cl)cncc2Cl)c2ccc(C(C)O)nc12,CCc1ccc2c(C(=O)Nc3c(Cl)cncc3Cl)ccc(OC)c2n1,O=C(Nc1ccncc1)c1cccc2ncccc12,O=C(Nc1ccncc1)c1cccc2ncccc12,True,False,False,source_identity,1.0,0.6964285714285714,,,,,4.2508000000000035,4.759900000000003,0.5090999999999992,True,,,,,84.34,64.11,20.230000000000004,False,2.0,1.0,1.0,True,,,,,,,,
edit_latent_scaffold_source_rerank,mpair_00002616_cond_01_3p,mpair_00002616,eval,3,"TPSA,HBA,RB",COc1ccc(C(=O)Nc2c(F)cncc2F)c2ccc(C(F)(F)F)nc12,COc1ccc(C(=O)Nc2c(Cl)cncc2Cl)c2ccc(C(C)=O)nc12,COc1ccc(C(=O)Nc2c(F)cncc2F)c2ccc(C(F)(F)F)nc12,O=C(Nc1ccncc1)c1cccc2ncccc12,O=C(Nc1ccncc1)c1cccc2ncccc12,True,True,True,source_identity,1.0,0.55,,,,,,,,,,,,,81.17999999999999,64.11,17.069999999999993,True,,,,,5.0,4.0,1.0,True,4.0,3.0,1.0,True
edit_latent_scaffold_source_rerank,mpair_00002622_cond_00_3p,mpair_00002622,eval,3,"MW,QED,RB",CCc1ccc2c(C(=O)Nc3c(Cl)cncc3Cl)ccc(OC)c2n1,COc1ccc(C(=O)Nc2ccncc2Cl)c2cccnc12,CCc1ccc2c(C(=O)Nc3c(Cl)cncc3Cl)ccc(OC)c2n1,O=C(Nc1ccncc1)c1cccc2ncccc12,O=C(Nc1ccncc1)c1cccc2ncccc12,True,False,False,source_identity,1.0,0.5,313.744,376.2430000000001,62.49900000000008,False,,,,,0.8029165077767629,0.7131894410136064,0.08972706676315656,True,,,,,,,,,,,,,3.0,4.0,1.0,True
edit_latent_scaffold_source_rerank,mpair_00002629_cond_00_3p,mpair_00002629,eval,3,"TPSA,HBA,RB",CC(C)CC(=O)N1C[C@H](c2ccccc2)C[C@H]1C(=O)N[C@@H](CC(F)F)C(=O)NCCc1c(F)cc(C(=O)O)cc1F,CC(C)(C)[C@H](O)C(=O)N1C[C@H](c2ccccc2)C[C@H]1C(=O)N[C@@H](CC(F)F)C(=O)NCCc1c(F)cc(C(=O)O)cc1F,CC(C)CC(=O)N1C[C@H](c2ccccc2)C[C@H]1C(=O)N[C@@H](CC(F)F)C(=O)NCCc1c(F)cc(C(=O)O)cc1F,O=C(CNC(=O)[C@@H]1C[C@@H](c2ccccc2)CN1)NCCc1ccccc1,O=C(CNC(=O)[C@@H]1C[C@@H](c2ccccc2)CN1)NCCc1ccccc1,True,False,False,source_identity,1.0,0.7567567567567568,,,,,,,,,,,,,136.04,115.81000000000002,20.229999999999976,False,,,,,5.0,4.0,1.0,True,11.0,12.0,1.0,True
edit_latent_scaffold_source_rerank,mpair_00003115_cond_00_3p,mpair_00003115,eval,3,"MW,LogP,QED",Cc1nc2nncnn2c(=O)c1C,Cc1nc2nnc(C(C)(C)C)nn2c(=O)c1C,Cc1nc2nncnn2c(=O)c1C,O=c1ccnc2nncnn12,O=c1ccnc2nncnn12,True,False,False,source_identity,1.0,0.48717948717948717,233.27499999999998,177.167,56.107999999999976,False,0.7938399999999997,-0.5036600000000002,1.2974999999999999,False,0.6723856505150625,0.541825521381232,0.13056012913383053,False,,,,,,,,,,,,,,,,
edit_latent_scaffold_source_rerank,mpair_00003206_cond_00_3p,mpair_00003206,eval,3,"MW,LogP,HBA",CCOC(=O)N1CCN(S(=O)(=O)c2ccc(-n3ncc(=O)[nH]c3=O)cc2Cl)CC1,Cc1cc(-n2ncc(=O)[nH]c2=O)ccc1S(=O)(=O)N1CCN(C=O)CC1,CCOC(=O)N1CCN(S(=O)(=O)c2ccc(-n3ncc(=O)[nH]c3=O)cc2Cl)CC1,O=c1cnn(-c2ccc(S(=O)(=O)N3CCNCC3)cc2)c(=O)[nH]1,O=c1cnn(-c2ccc(S(=O)(=O)N3CCNCC3)cc2)c(=O)[nH]1,True,False,False,source_identity,1.0,0.5625,379.39800000000025,443.86900000000026,64.471,False,-1.3080799999999981,0.037000000000000144,1.3450799999999983,False,,,,,,,,,,,,,7.0,8.0,1.0,True,,,,
edit_latent_scaffold_source_rerank,mpair_00003210_cond_00_3p,mpair_00003210,eval,3,"MW,LogP,HBA",CC[C@H]1OC(=O)[C@H](C)[C@@H](O)[C@H](C)[C@@H](OC2O[C@H](C)C[C@H](N(C)C)C2O)[C@@](C)(OC)C[C@@H](C)C(=O)[C@H](C)[C@@H](O)[C@]1(C)O,CC[C@H]1OC(=O)[C@H](C)[C@@H](OC(C)=O)[C@H](C)[C@@H](OC2O[C@H](C)C[C@H](N(C)C)C2O)[C@@](C)(OC)C[C@@H](C)C(=O)[C@H](C)[C@@H](O)[C@]1(C)O,CC[C@H]1OC(=O)[C@H](C)[C@@H](O)[C@H](C)[C@@H](OC2O[C@H](C)C[C@H](N(C)C)C2O)[C@@](C)(OC)C[C@@H](C)C(=O)[C@H](C)[C@@H](O)[C@]1(C)O,O=C1CCCCOC(=O)CCC[C@@H](OC2CCCCO2)CCC1,O=C1CCCCOC(=O)CCC[C@@H](OC2CCCCO2)CCC1,True,False,False,source_identity,1.0,0.821917808219178,631.8040000000003,589.7670000000004,42.03699999999992,False,2.0853000000000033,1.5145000000000022,0.5708000000000011,True,,,,,,,,,,,,,12.0,11.0,1.0,True,,,,
edit_latent_scaffold_source_rerank,mpair_00003219_cond_01_3p,mpair_00003219,eval,3,"MW,LogP,QED",COc1ccc(S(=O)(=O)N(Cc2cccnc2)c2c(C)cccc2C(=O)NO)cc1,COc1ccc(S(=O)(=O)N(Cc2cccnc2)c2c(C)cc(Br)cc2C(=O)NO)cc1,COc1ccc(S(=O)(=O)N(Cc2cccnc2)c2c(C)cccc2C(=O)NO)cc1,O=S(=O)(c1ccccc1)N(Cc1cccnc1)c1ccccc1,O=S(=O)(c1ccccc1)N(Cc1cccnc1)c1ccccc1,True,False,False,source_identity,1.0,0.819672131147541,506.37800000000016,427.48200000000014,78.89600000000002,False,3.675620000000001,2.91312,0.7625000000000011,True,0.3740614499694089,0.44330794633881315,0.06924649636940428,True,,,,,,,,,,,,,,,,
edit_latent_scaffold_source_rerank,mpair_00003222_cond_02_3p,mpair_00003222,eval,3,"QED,TPSA,RB",COc1ccc(S(=O)(=O)N(Cc2cccnc2)c2c(C)cc(Br)cc2C(=O)NO)cc1,COC(=O)c1cccc(C(=O)NO)c1N(Cc1cccnc1)S(=O)(=O)c1ccc(OC)cc1,COc1ccc(S(=O)(=O)N(Cc2cccnc2)c2c(C)cc(Br)cc2C(=O)NO)cc1,O=S(=O)(c1ccccc1)N(Cc1cccnc1)c1ccccc1,O=S(=O)(c1ccccc1)N(Cc1cccnc1)c1ccccc1,True,False,False,source_identity,1.0,0.734375,,,,,,,,,0.29046454626646695,0.3740614499694089,0.08359690370294193,True,135.13,108.83000000000001,26.299999999999983,False,,,,,,,,,8.0,7.0,1.0,True
edit_latent_scaffold_source_rerank,mpair_00003531_cond_02_3p,mpair_00003531,eval,3,"TPSA,HBA,RB",CC(C)Oc1cccc(N(Cc2cccnc2)S(=O)(=O)CC(F)(F)F)c1,CCOC(=O)C(C)Oc1cccc(N(Cc2cccnc2)S(=O)(=O)CC(F)(F)F)c1,CC(C)Oc1cccc(N(Cc2cccnc2)S(=O)(=O)CC(F)(F)F)c1,c1ccc(NCc2cccnc2)cc1,c1ccc(NCc2cccnc2)cc1,True,False,False,source_identity,1.0,0.7796610169491526,,,,,,,,,,,,,85.80000000000001,59.5,26.30000000000001,False,,,,,6.0,4.0,2.0,False,9.0,7.0,2.0,False
edit_latent_scaffold_source_rerank,mpair_00003540_cond_00_3p,mpair_00003540,eval,3,"QED,TPSA,HBA",CCCC(C)Oc1cccc(N(Cc2cccnc2)S(=O)(=O)CC(F)(F)F)c1,CCOC(=O)C(C)Oc1cccc(N(Cc2cccnc2)S(=O)(=O)CC(F)(F)F)c1,CCCC(C)Oc1cccc(N(Cc2cccnc2)S(=O)(=O)CC(F)(F)F)c1,c1ccc(NCc2cccnc2)cc1,c1ccc(NCc2cccnc2)cc1,True,False,False,source_identity,1.0,0.746031746031746,,,,,,,,,0.5496815697636838,0.6018859517288218,0.05220438196513799,True,85.80000000000001,59.5,26.30000000000001,False,,,,,6.0,4.0,2.0,False,,,,
edit_latent_scaffold_source_rerank,mpair_00003545_cond_01_3p,mpair_00003545,eval,3,"LogP,QED,RB",CCCC(C)Oc1cccc(N(Cc2cccnc2)S(=O)(=O)CC(F)(F)F)c1,CC(C)Oc1cccc(N(Cc2cccnc2)S(=O)(=O)CC(F)(F)F)c1,CCCC(C)Oc1cccc(N(Cc2cccnc2)S(=O)(=O)CC(F)(F)F)c1,c1ccc(NCc2cccnc2)cc1,c1ccc(NCc2cccnc2)cc1,True,False,False,source_identity,1.0,0.8070175438596491,,,,,3.7675000000000027,4.547700000000003,0.7802000000000007,True,0.7245796953652621,0.6018859517288218,0.12269374363644037,False,,,,,,,,,,,,,7.0,9.0,2.0,False
edit_latent_scaffold_source_rerank,mpair_00000014_cond_01_4p,mpair_00000014,eval,4,"MW,LogP,TPSA,HBA",O=C(O)[C@@H]1C[C@H]2C[C@@H](CCS(=O)(=O)O)CC[C@H]2CN1,O=C(O)CC[C@H]1CC[C@H]2CN[C@H](C(=O)O)C[C@H]2C1,O=C(O)[C@@H]1C[C@H]2C[C@@H](CCS(=O)(=O)O)CC[C@H]2CN1,C1CC[C@H]2CNCC[C@H]2C1,C1CC[C@H]2CNCC[C@H]2C1,True,False,False,source_identity,1.0,0.6829268292682927,255.314,291.36899999999997,36.05499999999998,False,1.3301999999999996,0.7433000000000001,0.5868999999999995,True,,,,,86.63000000000001,103.7,17.069999999999993,True,,,,,3.0,4.0,1.0,True,,,,
edit_latent_scaffold_source_rerank,mpair_00000322_cond_01_4p,mpair_00000322,eval,4,"MW,QED,HBA,RB",N[C@@H](C(=O)N[C@@H]1C(=O)N2C(C(=O)O)=C(C(F)(F)F)CC[C@H]12)c1cccc(C(F)(F)F)c1,CSC1=C(C(=O)O)N2C(=O)[C@@H](NC(=O)[C@H](N)c3ccccc3)[C@H]2CC1,N[C@@H](C(=O)N[C@@H]1C(=O)N2C(C(=O)O)=C(C(F)(F)F)CC[C@H]12)c1cccc(C(F)(F)F)c1,O=C(Cc1ccccc1)N[C@@H]1C(=O)N2C=CCC[C@H]12,O=C(Cc1ccccc1)N[C@@H]1C(=O)N2C=CCC[C@H]12,True,False,False,source_identity,1.0,0.5757575757575758,361.42300000000006,451.3230000000001,89.90000000000003,False,,,,,0.6699274889764619,0.4795891963980345,0.19033829257842744,False,,,,,,,,,5.0,4.0,1.0,True,5.0,4.0,1.0,True
edit_latent_scaffold_source_rerank,mpair_00000326_cond_01_4p,mpair_00000326,eval,4,"QED,TPSA,HBD,RB",N[C@@H](C(=O)N[C@@H]1C(=O)N2C(C(=O)O)=C(C(F)(F)F)CC[C@H]12)c1ccc(O)cc1,CSC1=C(C(=O)O)N2C(=O)[C@@H](NC(=O)[C@H](N)c3ccccc3)[C@H]2CC1,N[C@@H](C(=O)N[C@@H]1C(=O)N2C(C(=O)O)=C(C(F)(F)F)CC[C@H]12)c1ccc(O)cc1,O=C(Cc1ccccc1)N[C@@H]1C(=O)N2C=CCC[C@H]12,O=C(Cc1ccccc1)N[C@@H]1C(=O)N2C=CCC[C@H]12,True,False,False,source_identity,1.0,0.5873015873015873,,,,,,,,,0.6699274889764619,0.5533729404309352,0.11655454854552671,False,112.73,132.96,20.230000000000004,False,3.0,4.0,1.0,True,,,,,5.0,4.0,1.0,True
edit_latent_scaffold_source_rerank,mpair_00000334_cond_02_4p,mpair_00000334,eval,4,"MW,QED,TPSA,RB",CSC1=C(C(=O)O)N2C(=O)[C@@H](NC(=O)[C@H](N)c3ccccc3)[C@H]2CC1,N[C@@H](C(=O)N[C@@H]1C(=O)N2C(C(=O)O)=C(C(F)(F)F)CC[C@H]12)c1ccc(O)cc1,CSC1=C(C(=O)O)N2C(=O)[C@@H](NC(=O)[C@H](N)c3ccccc3)[C@H]2CC1,O=C(Cc1ccccc1)N[C@@H]1C(=O)N2C=CCC[C@H]12,O=C(Cc1ccccc1)N[C@@H]1C(=O)N2C=CCC[C@H]12,True,False,False,source_identity,1.0,0.5873015873015873,399.3250000000001,361.42300000000006,37.902000000000044,False,,,,,0.5533729404309352,0.6699274889764619,0.11655454854552671,False,132.96,112.73,20.230000000000004,False,,,,,,,,,4.0,5.0,1.0,True
edit_latent_scaffold_source_rerank,mpair_00000586_cond_02_4p,mpair_00000586,eval,4,"QED,TPSA,HBD,HBA",OC[C@@H]1N[C@@H](CCCCc2cc(F)cc(F)c2)[C@H](O)[C@H]1O,OC[C@@H]1N[C@@H](CCCCc2ccc(O)cc2)[C@H](O)[C@H]1O,OC[C@@H]1N[C@@H](CCCCc2cc(F)cc(F)c2)[C@H](O)[C@H]1O,c1ccc(CCCC[C@H]2CCCN2)cc1,c1ccc(CCCC[C@H]2CCCN2)cc1,True,False,False,source_identity,1.0,0.625,,,,,,,,,0.47902706341404183,0.5846986769843887,0.10567161357034688,False,92.95,72.72,20.230000000000004,False,5.0,4.0,1.0,True,5.0,4.0,1.0,True,,,,
edit_latent_scaffold_source_rerank,mpair_00000726_cond_01_4p,mpair_00000726,eval,4,"MW,LogP,QED,HBD",C=CCc1cc(/C=C2\SC(=O)NC2=O)c(OC)cc1OC1CCCCO1,C=CCc1cc(/C=C2\SC(=O)N(CC=C)C2=O)c(OC)cc1OC1CCCCO1,C=CCc1cc(/C=C2\SC(=O)NC2=O)c(OC)cc1OC1CCCCO1,O=C1NC(=O)/C(=C/c2ccc(OC3CCCCO3)cc2)S1,O=C1NC(=O)/C(=C/c2ccc(OC3CCCCO3)cc2)S1,True,False,False,source_identity,1.0,0.696969696969697,415.51100000000025,375.4460000000002,40.065000000000055,False,4.551400000000004,3.6530000000000022,0.8984000000000014,True,0.45838471716690443,0.6042673504148035,0.14588263324789907,False,,,,,0.0,1.0,1.0,True,,,,,,,,
edit_latent_scaffold_source_rerank,mpair_00000734_cond_00_4p,mpair_00000734,eval,4,"MW,LogP,QED,RB",C=CCc1cc(/C=C2\SC(=O)N(CCCC)C2=O)c(OC)cc1OC1CCCCO1,C=CCc1cc(/C=C2\SC(=O)N(C)C2=O)c(OC)cc1OC1CCCCO1,C=CCc1cc(/C=C2\SC(=O)N(CCCC)C2=O)c(OC)cc1OC1CCCCO1,O=C1NC(=O)/C(=C/c2ccc(OC3CCCCO3)cc2)S1,O=C1NC(=O)/C(=C/c2ccc(OC3CCCCO3)cc2)S1,True,False,False,source_identity,1.0,0.7878787878787878,389.4730000000002,431.55400000000026,42.081000000000074,False,3.9952000000000023,5.165500000000004,1.170300000000002,False,0.5413211960634129,0.39718598618589046,0.14413520987752243,False,,,,,,,,,,,,,6.0,9.0,3.0,False
edit_latent_scaffold_source_rerank,mpair_00000753_cond_01_4p,mpair_00000753,eval,4,"MW,TPSA,HBA,RB",O=C1CCC[C@H]2OC[C@@H](Cc3c[nH]c4ccccc34)N12,COC(=O)C[C@@H]1CC(=O)N2[C@H](Cc3c[nH]c4ccccc34)CO[C@@H]2C1,O=C1CCC[C@H]2OC[C@@H](Cc3c[nH]c4ccccc34)N12,O=C1CCC[C@H]2OC[C@@H](Cc3c[nH]c4ccccc34)N12,O=C1CCC[C@H]2OC[C@@H](Cc3c[nH]c4ccccc34)N12,True,False,False,source_identity,1.0,0.578125,342.39500000000015,270.33200000000005,72.0630000000001,False,,,,,,,,,71.63000000000001,45.330000000000005,26.300000000000004,False,,,,,4.0,2.0,2.0,False,4.0,2.0,2.0,False
edit_latent_scaffold_source_rerank,mpair_00001117_cond_02_4p,mpair_00001117,eval,4,"MW,HBD,HBA,RB",COc1ccc(N2CCN(CCC3c4ccccc4C(=O)N3C)CC2)cc1,O=C1NC(CCN2CCN(c3ccccc3)CC2)c2ccccc21,COc1ccc(N2CCN(CCC3c4ccccc4C(=O)N3C)CC2)cc1,O=C1NC(CCN2CCN(c3ccccc3)CC2)c2ccccc21,O=C1NC(CCN2CCN(c3ccccc3)CC2)c2ccccc21,True,False,False,source_identity,1.0,0.47368421052631576,321.4240000000001,365.47700000000015,44.053000000000054,False,,,,,,,,,,,,,1.0,0.0,1.0,True,3.0,4.0,1.0,True,4.0,5.0,1.0,True
edit_latent_scaffold_source_rerank,mpair_00001131_cond_02_4p,mpair_00001131,eval,4,"QED,HBD,HBA,RB",COc1ccc(N2CCN(CCC3c4ccccc4C(=O)N3C)CC2)cc1,Cc1ccc(N2CCN(CCC3NC(=O)c4ccccc43)CC2)cc1C,COc1ccc(N2CCN(CCC3c4ccccc4C(=O)N3C)CC2)cc1,O=C1NC(CCN2CCN(c3ccccc3)CC2)c2ccccc21,O=C1NC(CCN2CCN(c3ccccc3)CC2)c2ccccc21,True,False,False,source_identity,1.0,0.4444444444444444,,,,,,,,,0.9198864151307602,0.8160326048332845,0.10385381029747565,False,,,,,1.0,0.0,1.0,True,3.0,4.0,1.0,True,4.0,5.0,1.0,True
edit_latent_scaffold_source_rerank,mpair_00001618_cond_02_4p,mpair_00001618,eval,4,"QED,TPSA,HBA,RB",CC1CC(C)(C)Nc2ccc3c(c21)COc1c(F)cc(F)cc1-3,CC1CC(C)(C)Nc2ccc3c(c21)COc1c-3cc(F)cc1[N+](=O)[O-],CC1CC(C)(C)Nc2ccc3c(c21)COc1c(F)cc(F)cc1-3,c1ccc2c(c1)OCc1c-2ccc2c1CCCN2,c1ccc2c(c1)OCc1c-2ccc2c1CCCN2,True,False,False,source_identity,1.0,0.7321428571428571,,,,,,,,,0.5855235809891088,0.719238819171056,0.1337152381819472,False,64.39999999999999,21.259999999999998,43.13999999999999,False,,,,,4.0,2.0,2.0,False,1.0,0.0,1.0,True
edit_latent_scaffold_source_rerank,mpair_00002465_cond_02_4p,mpair_00002465,eval,4,"MW,QED,HBA,RB",CN(C)CCCOc1cc(C(=O)Nc2ccc(OC(F)(F)F)cc2)n(Cc2ccccc2)n1,CN(C)CCCOc1cc(C(=O)Nc2cccc(Cl)c2)n(Cc2ccccc2)n1,CN(C)CCCOc1cc(C(=O)Nc2ccc(OC(F)(F)F)cc2)n(Cc2ccccc2)n1,O=C(Nc1ccccc1)c1ccnn1Cc1ccccc1,O=C(Nc1ccccc1)c1ccnn1Cc1ccccc1,True,False,False,source_identity,1.0,0.696969696969697,412.9210000000001,462.4720000000001,49.55099999999999,False,,,,,0.5357556879239462,0.4522382232340766,0.08351746468986965,True,,,,,,,,,5.0,6.0,1.0,True,9.0,10.0,1.0,True
edit_latent_scaffold_source_rerank,mpair_00002481_cond_01_4p,mpair_00002481,eval,4,"LogP,TPSA,HBA,RB",COc1cc(NC(=O)c2cc(OCCCN(C)C)nn2Cc2ccccc2)cc(OC)c1OC,CN(C)CCCOc1cc(C(=O)Nc2cc(F)cc(C(F)(F)F)c2)n(Cc2ccccc2)n1,COc1cc(NC(=O)c2cc(OCCCN(C)C)nn2Cc2ccccc2)cc(OC)c1OC,O=C(Nc1ccccc1)c1ccnn1Cc1ccccc1,O=C(Nc1ccccc1)c1ccnn1Cc1ccccc1,True,False,False,source_identity,1.0,0.6811594202898551,,,,,4.672100000000003,3.5400000000000027,1.1321000000000003,False,,,,,59.39,87.08000000000001,27.690000000000012,False,,,,,5.0,8.0,3.0,False,9.0,12.0,3.0,False
edit_latent_scaffold_source_rerank,mpair_00002492_cond_00_4p,mpair_00002492,eval,4,"LogP,TPSA,HBD,HBA",CC(C)OC(=O)c1cc(CO)cn1S(=O)(=O)c1cc(Cl)ccc1N,C=Cc1cc(C(=O)OCC)n(S(=O)(=O)c2cc(Cl)ccc2N)c1,N/C(S)=N/N=C/c1cccn1S(=O)(=O)c1ccccc1,O=S(=O)(c1ccccc1)n1cccc1,O=S(=O)(c1ccccc1)n1cccc1,True,False,False,,0.14666666666666667,0.16,,,,,2.7804,1.3035,1.4769,False,,,,,91.39,89.81,1.5799999999999983,True,1.0,2.0,1.0,True,6.0,5.0,1.0,True,,,,
edit_latent_scaffold_source_rerank,mpair_00002522_cond_00_4p,mpair_00002522,eval,4,"MW,LogP,TPSA,HBD",CSc1cc(-c2ccc(Cl)cc2)oc(=O)c1,CSc1cc(-c2ccc(Cl)cc2)oc(=O)c1C(N)=O,CSc1cc(-c2ccc(F)cc2)oc(=O)c1,O=c1cccc(-c2ccccc2)o1,O=c1cccc(-c2ccccc2)o1,True,False,False,,0.7142857142857143,0.34,295.747,236.26699999999997,59.48000000000005,False,2.7810000000000006,3.1678000000000024,0.3868000000000018,True,,,,,73.30000000000001,30.21,43.09000000000001,False,1.0,0.0,1.0,True,,,,,,,,
edit_latent_scaffold_source_rerank,mpair_00002558_cond_01_4p,mpair_00002558,eval,4,"MW,QED,HBA,RB",CSc1nc(-c2ccc(OC(F)(F)F)cc2)nn1C(=O)N(C)c1ccccc1,CSc1nc(-c2ccc(Cl)cc2)nn1C(=O)N(C)c1ccccc1,CSc1nc(-c2ccc(OC(F)(F)F)cc2)nn1C(=O)N(C)c1ccccc1,O=C(Nc1ccccc1)n1cnc(-c2ccccc2)n1,O=C(Nc1ccccc1)n1cnc(-c2ccccc2)n1,True,False,False,source_identity,1.0,0.7037037037037037,358.85400000000004,408.4050000000001,49.551000000000045,False,,,,,0.6499636794176425,0.5874043626188404,0.06255931679880211,True,,,,,,,,,5.0,6.0,1.0,True,3.0,4.0,1.0,True
edit_latent_scaffold_source_rerank,mpair_00002568_cond_01_4p,mpair_00002568,eval,4,"MW,QED,TPSA,RB",COc1cc(C(=O)N2CCN(C(=O)c3cc(OC)c(OC)c(OC)c3)C(CO)C2)cc(OC)c1OC,COc1cc(C(=O)N2CCN(C(=O)c3cc(OC)c(OC)c(OC)c3)C(COC(=O)NCCC(C)C)C2)cc(OC)c1OC,COc1cc(C(=O)N2CCN(C(=O)c3cc(OC)c(OC)c(OC)c3)C(CO)C2)cc(OC)c1OC,O=C(c1ccccc1)N1CCN(C(=O)c2ccccc2)CC1,O=C(c1ccccc1)N1CCN(C(=O)c2ccccc2)CC1,True,False,False,source_identity,1.0,0.631578947368421,617.6960000000003,504.53600000000034,113.15999999999991,False,,,,,0.3561059094946873,0.544633228323374,0.18852731882868673,False,134.33,116.23000000000002,18.099999999999994,True,,,,,,,,,13.0,9.0,4.0,False
edit_latent_scaffold_source_rerank,mpair_00002576_cond_02_4p,mpair_00002576,eval,4,"MW,QED,HBD,RB",COc1cc(C(=O)N2CCN(C(=O)c3cc(OC)c(OC)c(OC)c3)C(COC(C)=O)C2)cc(OC)c1OC,COc1cc(C(=O)N2CCN(C(=O)c3cc(OC)c(OC)c(OC)c3)C(COC(=O)NCCC(C)C)C2)cc(OC)c1OC,COc1cc(C(=O)N2CCN(C(=O)c3cc(OC)c(OC)c(OC)c3)C(COC(C)=O)C2)cc(OC)c1OC,O=C(c1ccccc1)N1CCN(C(=O)c2ccccc2)CC1,O=C(c1ccccc1)N1CCN(C(=O)c2ccccc2)CC1,True,False,False,source_identity,1.0,0.7017543859649122,617.6960000000003,546.5730000000003,71.12299999999993,False,,,,,0.3561059094946873,0.41028124355120477,0.05417533405651748,True,,,,,1.0,0.0,1.0,True,,,,,13.0,10.0,3.0,False
edit_latent_scaffold_source_rerank,mpair_00002591_cond_01_4p,mpair_00002591,eval,4,"MW,LogP,QED,HBD",COc1cc(C(=O)N2CCN(C(=O)c3cc(OC)c(OC)c(OC)c3)C(COC(=O)NCCC(C)C)C2)cc(OC)c1OC,COc1cc(C(=O)N2CCN(C(=O)c3cc(OC)c(OC)c(OC)c3)CC2)cc(OC)c1OC,COc1cc(C(=O)N2CCN(C(=O)c3cc(OC)c(OC)c(OC)c3)C(COC(=O)NCCC(C)C)C2)cc(OC)c1OC,O=C(c1ccccc1)N1CCN(C(=O)c2ccccc2)CC1,O=C(c1ccccc1)N1CCN(C(=O)c2ccccc2)CC1,True,False,False,source_identity,1.0,0.48148148148148145,474.51000000000033,617.6960000000003,143.18599999999992,False,2.3364000000000003,3.4773000000000023,1.140900000000002,False,0.5754127815390553,0.3561059094946873,0.219306872044368,False,,,,,0.0,1.0,1.0,True,,,,,,,,
edit_latent_scaffold_source_rerank,mpair_00002595_cond_00_4p,mpair_00002595,eval,4,"MW,QED,HBA,RB",COc1cc(C(=O)N2CCN(C(=O)c3cc(OC)c(OC)c(OC)c3)CC2)cc(OC)c1OC,COc1cc(C(=O)N2CCN(C(=O)c3cc(OC)c(OC)c(OC)c3)C(COC(=O)CC(C)(C)C)C2)cc(OC)c1OC,COc1cc(C(=O)N2CCN(C(=O)c3cc(OC)c(OC)c(OC)c3)CC2)cc(OC)c1OC,O=C(c1ccccc1)N1CCN(C(=O)c2ccccc2)CC1,O=C(c1ccccc1)N1CCN(C(=O)c2ccccc2)CC1,True,False,False,source_identity,1.0,0.52,602.6810000000004,474.51000000000033,128.17100000000005,False,,,,,0.3521539372279048,0.5754127815390553,0.2232588443111505,False,,,,,,,,,10.0,8.0,2.0,False,11.0,8.0,3.0,False
edit_latent_scaffold_source_rerank,mpair_00002607_cond_01_4p,mpair_00002607,eval,4,"LogP,QED,TPSA,HBA",COc1ccc(C(=O)Nc2ccncc2Cl)c2cccnc12,COc1ccc(C(=O)Nc2c(Cl)cncc2Cl)c2ccc(C(C)=O)nc12,COc1ccc(C(=O)Nc2ccncc2Cl)c2cccnc12,O=C(Nc1ccncc1)c1cccc2ncccc12,O=C(Nc1ccncc1)c1cccc2ncccc12,True,False,False,source_identity,1.0,0.5081967213114754,,,,,4.400100000000002,3.544100000000002,0.8559999999999999,True,0.6681926051832562,0.8029165077767629,0.13472390259350675,False,81.17999999999999,64.11,17.069999999999993,True,,,,,5.0,4.0,1.0,True,,,,
edit_latent_scaffold_source_rerank,mpair_00002614_cond_00_4p,mpair_00002614,eval,4,"MW,QED,HBA,RB",COc1ccc(C(=O)Nc2c(Cl)cncc2Cl)c2cccnc12,COc1ccc(C(=O)Nc2c(Cl)cncc2Cl)c2ccc(C(C)=O)nc12,COc1ccc(C(=O)Nc2c(Cl)cncc2Cl)c2cccnc12,O=C(Nc1ccncc1)c1cccc2ncccc12,O=C(Nc1ccncc1)c1cccc2ncccc12,True,False,False,source_identity,1.0,0.6666666666666666,390.22600000000017,348.1890000000001,42.03700000000009,False,,,,,0.6681926051832562,0.7706046174674384,0.10241201228418217,False,,,,,,,,,5.0,4.0,1.0,True,4.0,3.0,1.0,True
edit_latent_scaffold_source_rerank,mpair_00002622_cond_02_4p,mpair_00002622,eval,4,"MW,LogP,QED,RB",CCc1ccc2c(C(=O)Nc3c(Cl)cncc3Cl)ccc(OC)c2n1,COc1ccc(C(=O)Nc2ccncc2Cl)c2cccnc12,CCc1ccc2c(C(=O)Nc3c(Cl)cncc3Cl)ccc(OC)c2n1,O=C(Nc1ccncc1)c1cccc2ncccc12,O=C(Nc1ccncc1)c1cccc2ncccc12,True,False,False,source_identity,1.0,0.5,313.744,376.2430000000001,62.49900000000008,False,3.544100000000002,4.759900000000003,1.2158000000000007,False,0.8029165077767629,0.7131894410136064,0.08972706676315656,True,,,,,,,,,,,,,3.0,4.0,1.0,True
edit_latent_scaffold_source_rerank,mpair_00002631_cond_00_4p,mpair_00002631,eval,4,"LogP,TPSA,HBD,HBA",CC(C)(C)[C@H](O)C(=O)N1C[C@H](c2ccccc2)C[C@H]1C(=O)N[C@@H](CC(F)F)C(=O)NCCc1c(F)cc(C(=O)O)cc1F,CC(C)CC(=O)N1C[C@H](c2ccccc2)C[C@H]1C(=O)N[C@@H](CC(F)F)C(=O)NCCc1c(F)cc(C(=O)O)cc1F,CC(C)(C)[C@H](O)C(=O)N1C[C@H](c2ccccc2)C[C@H]1C(=O)N[C@@H](CC(F)F)C(=O)NCCc1c(F)cc(C(=O)O)cc1F,O=C(CNC(=O)[C@@H]1C[C@@H](c2ccccc2)CN1)NCCc1ccccc1,O=C(CNC(=O)[C@@H]1C[C@@H](c2ccccc2)CN1)NCCc1ccccc1,True,False,False,source_identity,1.0,0.7567567567567568,,,,,3.892500000000002,3.253400000000001,0.6391000000000009,True,,,,,115.81000000000002,136.04,20.229999999999976,False,3.0,4.0,1.0,True,4.0,5.0,1.0,True,,,,
edit_latent_scaffold_source_rerank,mpair_00003117_cond_00_4p,mpair_00003117,eval,4,"MW,LogP,TPSA,HBA",Cc1c[nH]c2c1C13CC1CN(C(=O)OC(C)(C)C)C3=CC2=O,COC(=O)c1cc2c([nH]1)C(=O)C=C1N(C(=O)OC(C)(C)C)CC3CC123,Cc1c[nH]c2c1C13CC1CN(C(=O)OC(C)(C)C)C3=CC2=O,O=C1C=C2NCC3CC23c2cc[nH]c21,O=C1C=C2NCC3CC23c2cc[nH]c21,True,False,False,source_identity,1.0,0.5873015873015873,344.36700000000013,300.358,44.00900000000013,False,2.389900000000001,2.9117200000000016,0.5218200000000008,True,,,,,88.7,62.4,26.300000000000004,False,,,,,5.0,3.0,2.0,False,,,,
edit_latent_scaffold_source_rerank,mpair_00003213_cond_01_4p,mpair_00003213,eval,4,"MW,QED,HBA,RB",CC(C)NC(=O)c1ccc2c(Nc3ccc(Cl)cc3)nc(N3CCOCC3)nc2c1,Clc1ccc(Nc2nc(N3CCOCC3)nc3ccccc23)cc1,CC(C)NC(=O)c1ccc2c(Nc3ccc(Cl)cc3)nc(N3CCOCC3)nc2c1,c1ccc(Nc2nc(N3CCOCC3)nc3ccccc23)cc1,c1ccc(Nc2nc(N3CCOCC3)nc3ccccc23)cc1,True,False,False,source_identity,1.0,0.6,340.81399999999996,425.92000000000024,85.10600000000028,False,,,,,0.784150666451108,0.6427710577069246,0.14137960874418343,False,,,,,,,,,5.0,6.0,1.0,True,3.0,5.0,2.0,False
edit_latent_scaffold_source_rerank,mpair_00003222_cond_00_4p,mpair_00003222,eval,4,"LogP,QED,TPSA,RB",COc1ccc(S(=O)(=O)N(Cc2cccnc2)c2c(C)cc(Br)cc2C(=O)NO)cc1,COC(=O)c1cccc(C(=O)NO)c1N(Cc1cccnc1)S(=O)(=O)c1ccc(OC)cc1,COc1ccc(S(=O)(=O)N(Cc2cccnc2)c2c(C)cc(Br)cc2C(=O)NO)cc1,O=S(=O)(c1ccccc1)N(Cc1cccnc1)c1ccccc1,O=S(=O)(c1ccccc1)N(Cc1cccnc1)c1ccccc1,True,False,False,source_identity,1.0,0.734375,,,,,2.391300000000001,3.675620000000001,1.2843200000000001,False,0.29046454626646695,0.3740614499694089,0.08359690370294193,True,135.13,108.83000000000001,26.299999999999983,False,,,,,,,,,8.0,7.0,1.0,True
edit_latent_scaffold_source_rerank,mpair_00003532_cond_01_4p,mpair_00003532,eval,4,"LogP,QED,TPSA,HBA",CCOC(=O)C(C)Oc1cccc(N(Cc2cccnc2)S(=O)(=O)CC(F)(F)F)c1,CCCC(C)Oc1cccc(N(Cc2cccnc2)S(=O)(=O)CC(F)(F)F)c1,CCOC(=O)C(C)Oc1cccc(N(Cc2cccnc2)S(=O)(=O)CC(F)(F)F)c1,c1ccc(NCc2cccnc2)cc1,c1ccc(NCc2cccnc2)cc1,True,False,False,source_identity,1.0,0.746031746031746,,,,,4.547700000000003,3.3107000000000024,1.237000000000001,False,0.6018859517288218,0.5496815697636838,0.05220438196513799,True,59.5,85.80000000000001,26.30000000000001,False,,,,,4.0,6.0,2.0,False,,,,
edit_latent_scaffold_source_rerank,mpair_00003536_cond_02_4p,mpair_00003536,eval,4,"MW,LogP,QED,RB",COc1cccc(N(Cc2cccnc2)S(=O)(=O)CC(F)(F)F)c1,CCC(C)COc1cccc(N(Cc2cccnc2)S(=O)(=O)CC(F)(F)F)c1,COc1cccc(N(Cc2cccnc2)S(=O)(=O)CC(F)(F)F)c1,c1ccc(NCc2cccnc2)cc1,c1ccc(NCc2cccnc2)cc1,True,False,False,source_identity,1.0,0.7413793103448276,416.4650000000001,360.3570000000001,56.108000000000004,False,4.405200000000004,2.988900000000002,1.4163000000000023,False,0.6078002459089881,0.7946521442277092,0.18685189831872118,False,,,,,,,,,,,,,9.0,6.0,3.0,False
edit_latent_scaffold_source_rerank,mpair_00000010_cond_02_5p,mpair_00000010,eval,5,"MW,LogP,QED,HBA,RB",O=C(c1ccccc1C(F)(F)F)N1C[C@H](CN2CCC(c3ccccc3)CC2)[C@@H](c2ccccc2)C1,COc1cccc(C(=O)N2C[C@H](CN3CCC(c4ccccc4)CC3)[C@@H](c3ccccc3)C2)c1,O=C(c1ccccc1C(F)(F)F)N1C[C@H](CN2CCC(c3ccccc3)CC2)[C@@H](c2ccccc2)C1,O=C(c1ccccc1)N1C[C@H](CN2CCC(c3ccccc3)CC2)[C@@H](c2ccccc2)C1,O=C(c1ccccc1)N1C[C@H](CN2CCC(c3ccccc3)CC2)[C@@H](c2ccccc2)C1,True,False,False,source_identity,1.0,0.578125,454.61400000000015,492.5850000000002,37.97100000000006,False,5.430600000000005,6.4408000000000065,1.010200000000001,False,0.49786269936596683,0.4092272471712491,0.08863545219471775,True,,,,,,,,,3.0,2.0,1.0,True,6.0,5.0,1.0,True
edit_latent_scaffold_source_rerank,mpair_00000327_cond_00_5p,mpair_00000327,eval,5,"MW,LogP,QED,HBA,RB",CSC1=C(C(=O)O)N2C(=O)[C@@H](NC(=O)[C@H](N)c3ccccc3)[C@H]2CC1,N[C@@H](C(=O)N[C@@H]1C(=O)N2C(C(=O)O)=C(C(F)(F)F)CC[C@H]12)c1cccc(C(F)(F)F)c1,CSC1=C(C(=O)O)N2C(=O)[C@@H](NC(=O)[C@H](N)c3ccccc3)[C@H]2CC1,O=C(Cc1ccccc1)N[C@@H]1C(=O)N2C=CCC[C@H]12,O=C(Cc1ccccc1)N[C@@H]1C(=O)N2C=CCC[C@H]12,True,False,False,source_identity,1.0,0.5757575757575758,451.3230000000001,361.42300000000006,89.90000000000003,False,2.0955999999999997,0.8350000000000002,1.2605999999999995,False,0.4795891963980345,0.6699274889764619,0.19033829257842744,False,,,,,,,,,4.0,5.0,1.0,True,4.0,5.0,1.0,True
edit_latent_scaffold_source_rerank,mpair_00000335_cond_01_5p,mpair_00000335,eval,5,"MW,LogP,TPSA,HBD,HBA",N[C@@H](C(=O)N[C@@H]1C(=O)N2C(C(=O)O)=C(C(F)(F)F)CC[C@H]12)c1cccc(Br)c1,N[C@@H](C(=O)N[C@@H]1C(=O)N2C(C(=O)O)=C(C(F)(F)F)CC[C@H]12)c1ccc(O)cc1,N[C@@H](C(=O)N[C@@H]1C(=O)N2C(C(=O)O)=C(C(F)(F)F)CC[C@H]12)c1cccc(Br)c1,O=C(Cc1ccccc1)N[C@@H]1C(=O)N2C=CCC[C@H]12,O=C(Cc1ccccc1)N[C@@H]1C(=O)N2C=CCC[C@H]12,True,False,False,source_identity,1.0,0.7377049180327869,399.3250000000001,462.2220000000001,62.89699999999999,False,0.7823999999999993,1.8392999999999997,1.0569000000000004,False,,,,,132.96,112.73,20.230000000000004,False,4.0,3.0,1.0,True,5.0,4.0,1.0,True,,,,
edit_latent_scaffold_source_rerank,mpair_00000586_cond_01_5p,mpair_00000586,eval,5,"LogP,QED,TPSA,HBD,HBA",OC[C@@H]1N[C@@H](CCCCc2cc(F)cc(F)c2)[C@H](O)[C@H]1O,OC[C@@H]1N[C@@H](CCCCc2ccc(O)cc2)[C@H](O)[C@H]1O,OC[C@@H]1N[C@@H](CCCCc2cc(F)cc(F)c2)[C@H](O)[C@H]1O,c1ccc(CCCC[C@H]2CCCN2)cc1,c1ccc(CCCC[C@H]2CCCN2)cc1,True,False,False,source_identity,1.0,0.625,,,,,0.15949999999999964,0.7320999999999995,0.5725999999999999,True,0.47902706341404183,0.5846986769843887,0.10567161357034688,False,92.95,72.72,20.230000000000004,False,5.0,4.0,1.0,True,5.0,4.0,1.0,True,,,,
edit_latent_scaffold_source_rerank,mpair_00000762_cond_00_5p,mpair_00000762,eval,5,"MW,LogP,QED,HBA,RB",Clc1cccc(-c2cc(O[C@@H]3CCNC3)cnc2Cl)c1,COc1cccc(-c2cncc(O[C@@H]3CCNC3)c2)c1,Clc1cccc(-c2cc(O[C@@H]3CCNC3)cnc2Cl)c1,c1ccc(-c2cncc(O[C@@H]3CCNC3)c2)cc1,c1ccc(-c2cncc(O[C@@H]3CCNC3)c2)cc1,True,False,False,source_identity,1.0,0.5,270.33199999999994,309.196,38.86400000000009,False,2.4979000000000005,3.796100000000002,1.2982000000000014,False,0.9267061641096688,0.8758671086324237,0.0508390554772451,True,,,,,,,,,4.0,3.0,1.0,True,4.0,3.0,1.0,True
edit_latent_scaffold_source_rerank,mpair_00002472_cond_01_5p,mpair_00002472,eval,5,"MW,LogP,QED,HBA,RB",COc1ccc(NC(=O)c2cc(OCCCN(C)C)nn2Cc2ccccc2)cc1,CN(C)CCCOc1cc(C(=O)Nc2cc(F)cc(C(F)(F)F)c2)n(Cc2ccccc2)n1,COc1ccc(NC(=O)c2cc(OCCCN(C)C)nn2Cc2ccccc2)cc1,O=C(Nc1ccccc1)c1ccnn1Cc1ccccc1,O=C(Nc1ccccc1)c1ccnn1Cc1ccccc1,True,False,False,source_identity,1.0,0.6764705882352942,464.4630000000001,408.50200000000007,55.96100000000001,False,4.672100000000003,3.522800000000002,1.149300000000001,False,0.369385517709234,0.5200250404910086,0.15063952278177462,False,,,,,,,,,5.0,6.0,1.0,True,9.0,10.0,1.0,True
edit_latent_scaffold_source_rerank,mpair_00002508_cond_02_5p,mpair_00002508,eval,5,"LogP,QED,TPSA,HBD,RB",CSc1cc(-c2ccc(Br)cc2)oc(=O)c1C#N,CSc1cc(-c2ccc(Cl)cc2)oc(=O)c1C(N)=O,CSc1cc(-c2ccc(F)cc2)oc(=O)c1,O=c1cccc(-c2ccccc2)o1,O=c1cccc(-c2ccccc2)o1,True,False,False,,0.3469387755102041,0.34,,,,,2.7810000000000006,3.1678000000000024,0.3868000000000018,True,0.8837306867126842,0.7501191134076561,0.13361157330502804,False,73.30000000000001,30.21,43.09000000000001,False,1.0,0.0,1.0,True,,,,,3.0,2.0,1.0,True
edit_latent_scaffold_source_rerank,mpair_00002541_cond_02_5p,mpair_00002541,eval,5,"MW,QED,TPSA,HBA,RB",CCOC(=O)c1c(SC)c(C#N)c(-c2ccc(Br)cc2)oc1=O,CSc1cc(-c2ccc(Br)cc2)oc(=O)c1C#N,CSc1cc(-c2ccc(F)cc2)oc(=O)c1,O=c1cccc(-c2ccccc2)o1,O=c1cccc(-c2ccccc2)o1,True,False,False,,0.203125,0.3469387755102041,322.1830000000001,236.26699999999997,85.91600000000014,False,,,,,0.791886779601309,0.7501191134076561,0.04176766619365291,True,54.0,30.21,23.79,False,,,,,4.0,3.0,1.0,True,2.0,2.0,0.0,True
edit_latent_scaffold_source_rerank,mpair_00002570_cond_00_5p,mpair_00002570,eval,5,"MW,LogP,QED,HBA,RB",CCN(CC)C(=O)OCC1CN(C(=O)c2cc(OC)c(OC)c(OC)c2)CCN1C(=O)c1cc(OC)c(OC)c(OC)c1,COc1cc(C(=O)N2CCN(C(=O)c3cc(OC)c(OC)c(OC)c3)CC2)cc(OC)c1OC,CCN(CC)C(=O)OCC1CN(C(=O)c2cc(OC)c(OC)c(OC)c2)CCN1C(=O)c1cc(OC)c(OC)c(OC)c1,O=C(c1ccccc1)N1CCN(C(=O)c2ccccc2)CC1,O=C(c1ccccc1)N1CCN(C(=O)c2ccccc2)CC1,True,False,False,source_identity,1.0,0.52,474.51000000000033,603.6690000000003,129.159,False,2.3364000000000003,3.1834000000000024,0.8470000000000022,True,0.5754127815390553,0.3571777118480848,0.2182350696909705,False,,,,,,,,,8.0,10.0,2.0,False,8.0,12.0,4.0,False
edit_latent_scaffold_source_rerank,mpair_00002587_cond_02_5p,mpair_00002587,eval,5,"LogP,TPSA,HBD,HBA,RB",COc1cc(C(=O)N2CCN(C(=O)c3cc(OC)c(OC)c(OC)c3)C(CO)C2)cc(OC)c1OC,COc1cc(C(=O)N2CCN(C(=O)c3cc(OC)c(OC)c(OC)c3)CC2)cc(OC)c1OC,COc1cc(C(=O)N2CCN(C(=O)c3cc(OC)c(OC)c(OC)c3)C(CO)C2)cc(OC)c1OC,O=C(c1ccccc1)N1CCN(C(=O)c2ccccc2)CC1,O=C(c1ccccc1)N1CCN(C(=O)c2ccccc2)CC1,True,False,False,source_identity,1.0,0.6341463414634146,,,,,2.3364000000000003,1.6973000000000003,0.6391,True,,,,,96.00000000000001,116.23000000000002,20.230000000000004,False,0.0,1.0,1.0,True,8.0,9.0,1.0,True,8.0,9.0,1.0,True
edit_latent_scaffold_source_rerank,mpair_00002595_cond_01_5p,mpair_00002595,eval,5,"LogP,QED,TPSA,HBA,RB",COc1cc(C(=O)N2CCN(C(=O)c3cc(OC)c(OC)c(OC)c3)CC2)cc(OC)c1OC,COc1cc(C(=O)N2CCN(C(=O)c3cc(OC)c(OC)c(OC)c3)C(COC(=O)CC(C)(C)C)C2)cc(OC)c1OC,COc1cc(C(=O)N2CCN(C(=O)c3cc(OC)c(OC)c(OC)c3)CC2)cc(OC)c1OC,O=C(c1ccccc1)N1CCN(C(=O)c2ccccc2)CC1,O=C(c1ccccc1)N1CCN(C(=O)c2ccccc2)CC1,True,False,False,source_identity,1.0,0.52,,,,,3.684400000000003,2.3364000000000003,1.3480000000000025,False,0.3521539372279048,0.5754127815390553,0.2232588443111505,False,122.30000000000001,96.00000000000001,26.299999999999997,False,,,,,10.0,8.0,2.0,False,11.0,8.0,3.0,False
edit_latent_scaffold_source_rerank,mpair_00002630_cond_02_5p,mpair_00002630,eval,5,"LogP,QED,TPSA,HBD,HBA",CC(C)CC(=O)N1C[C@H](c2ccccc2)C[C@H]1C(=O)N[C@@H](CC(F)F)C(=O)NCCc1c(F)cc(C(=O)O)cc1F,CC(C)[C@@H](O)C(=O)N1C[C@H](c2ccccc2)C[C@H]1C(=O)N[C@@H](CC(F)F)C(=O)NCCc1c(F)cc(C(=O)O)cc1F,CC(C)CC(=O)N1C[C@H](c2ccccc2)C[C@H]1C(=O)N[C@@H](CC(F)F)C(=O)NCCc1c(F)cc(C(=O)O)cc1F,O=C(CNC(=O)[C@@H]1C[C@@H](c2ccccc2)CN1)NCCc1ccccc1,O=C(CNC(=O)[C@@H]1C[C@@H](c2ccccc2)CN1)NCCc1ccccc1,True,False,False,source_identity,1.0,0.7916666666666666,,,,,2.8633000000000006,3.892500000000002,1.0292000000000012,False,0.2789053789646464,0.3302613314122171,0.051355952447570685,True,136.04,115.81000000000002,20.229999999999976,False,4.0,3.0,1.0,True,5.0,4.0,1.0,True,,,,
edit_latent_scaffold_source_rerank,mpair_00003214_cond_02_5p,mpair_00003214,eval,5,"MW,TPSA,HBD,HBA,RB",Clc1ccc(Nc2nc(N3CCOCC3)nc3ccccc23)cc1,CC(C)NC(=O)c1ccc2c(Nc3ccc(Cl)cc3)nc(N3CCOCC3)nc2c1,Clc1ccc(Nc2nc(N3CCOCC3)nc3ccccc23)cc1,c1ccc(Nc2nc(N3CCOCC3)nc3ccccc23)cc1,c1ccc(Nc2nc(N3CCOCC3)nc3ccccc23)cc1,True,False,False,source_identity,1.0,0.6,425.92000000000024,340.81399999999996,85.10600000000028,False,,,,,,,,,79.38000000000001,50.28,29.10000000000001,False,2.0,1.0,1.0,True,6.0,5.0,1.0,True,5.0,3.0,2.0,False
edit_latent_scaffold_source_rerank,mpair_00003539_cond_02_5p,mpair_00003539,eval,5,"LogP,QED,TPSA,HBA,RB",O=S(=O)(CC(F)(F)F)N(Cc1cccnc1)c1cccc(OC(F)(F)F)c1,CCOC(=O)C(C)Oc1cccc(N(Cc2cccnc2)S(=O)(=O)CC(F)(F)F)c1,O=S(=O)(CC(F)(F)F)N(Cc1cccnc1)c1cccc(OC(F)(F)F)c1,c1ccc(NCc2cccnc2)cc1,c1ccc(NCc2cccnc2)cc1,True,False,False,source_identity,1.0,0.6885245901639344,,,,,3.3107000000000024,3.8789000000000025,0.5682,True,0.5496815697636838,0.6736163493728189,0.12393477960913513,False,85.80000000000001,59.5,26.30000000000001,False,,,,,6.0,4.0,2.0,False,9.0,6.0,3.0,False
edit_latent_scaffold_source_rerank,mpair_00001115_cond_00_6p,mpair_00001115,eval,6,"LogP,QED,TPSA,HBD,HBA,RB",COc1ccc(N2CCN(CCC3NC(=O)c4ccccc43)CC2)cc1,CN1C(=O)c2ccccc2C1CCN1CCN(c2ccc(Cl)cc2)CC1,COc1ccc(N2CCN(CCC3NC(=O)c4ccccc43)CC2)cc1,O=C1NC(CCN2CCN(c3ccccc3)CC2)c2ccccc21,O=C1NC(CCN2CCN(c3ccccc3)CC2)c2ccccc21,True,True,True,source_identity,1.0,0.48333333333333334,,,,,3.679000000000003,2.692000000000001,0.9870000000000019,True,0.8221231339252668,0.8996022198661571,0.07747908594089026,True,26.790000000000006,44.81,18.019999999999996,True,0.0,1.0,1.0,True,3.0,4.0,1.0,True,4.0,5.0,1.0,True
edit_latent_scaffold_source_rerank,mpair_00002568_cond_02_6p,mpair_00002568,eval,6,"MW,LogP,QED,TPSA,HBA,RB",COc1cc(C(=O)N2CCN(C(=O)c3cc(OC)c(OC)c(OC)c3)C(CO)C2)cc(OC)c1OC,COc1cc(C(=O)N2CCN(C(=O)c3cc(OC)c(OC)c(OC)c3)C(COC(=O)NCCC(C)C)C2)cc(OC)c1OC,COc1cc(C(=O)N2CCN(C(=O)c3cc(OC)c(OC)c(OC)c3)C(CO)C2)cc(OC)c1OC,O=C(c1ccccc1)N1CCN(C(=O)c2ccccc2)CC1,O=C(c1ccccc1)N1CCN(C(=O)c2ccccc2)CC1,True,False,False,source_identity,1.0,0.631578947368421,617.6960000000003,504.53600000000034,113.15999999999991,False,3.4773000000000023,1.6973000000000003,1.780000000000002,False,0.3561059094946873,0.544633228323374,0.18852731882868673,False,134.33,116.23000000000002,18.099999999999994,True,,,,,10.0,9.0,1.0,True,13.0,9.0,4.0,False
edit_latent_scaffold_source_rerank,mpair_00002583_cond_00_6p,mpair_00002583,eval,6,"MW,LogP,QED,HBD,HBA,RB",CCN(CC)C(=O)OCC1CN(C(=O)c2cc(OC)c(OC)c(OC)c2)CCN1C(=O)c1cc(OC)c(OC)c(OC)c1,COc1cc(C(=O)N2CCN(C(=O)c3cc(OC)c(OC)c(OC)c3)C(CO)C2)cc(OC)c1OC,CCN(CC)C(=O)OCC1CN(C(=O)c2cc(OC)c(OC)c(OC)c2)CCN1C(=O)c1cc(OC)c(OC)c(OC)c1,O=C(c1ccccc1)N1CCN(C(=O)c2ccccc2)CC1,O=C(c1ccccc1)N1CCN(C(=O)c2ccccc2)CC1,True,False,False,source_identity,1.0,0.6792452830188679,504.53600000000034,603.6690000000003,99.13299999999998,False,1.6973000000000003,3.1834000000000024,1.4861000000000022,False,0.544633228323374,0.3571777118480848,0.18745551647528924,False,,,,,1.0,0.0,1.0,True,9.0,10.0,1.0,True,9.0,12.0,3.0,False
edit_latent_scaffold_source_rerank,mpair_00002607_cond_00_6p,mpair_00002607,eval,6,"MW,LogP,QED,TPSA,HBA,RB",COc1ccc(C(=O)Nc2ccncc2Cl)c2cccnc12,COc1ccc(C(=O)Nc2c(Cl)cncc2Cl)c2ccc(C(C)=O)nc12,COc1ccc(C(=O)Nc2ccncc2Cl)c2cccnc12,O=C(Nc1ccncc1)c1cccc2ncccc12,O=C(Nc1ccncc1)c1cccc2ncccc12,True,False,False,source_identity,1.0,0.5081967213114754,390.22600000000017,313.744,76.48200000000014,False,4.400100000000002,3.544100000000002,0.8559999999999999,True,0.6681926051832562,0.8029165077767629,0.13472390259350675,False,81.17999999999999,64.11,17.069999999999993,True,,,,,5.0,4.0,1.0,True,4.0,3.0,1.0,True
edit_latent_scaffold_source_rerank,mpair_00003214_cond_00_6p,mpair_00003214,eval,6,"MW,QED,TPSA,HBD,HBA,RB",Clc1ccc(Nc2nc(N3CCOCC3)nc3ccccc23)cc1,CC(C)NC(=O)c1ccc2c(Nc3ccc(Cl)cc3)nc(N3CCOCC3)nc2c1,Clc1ccc(Nc2nc(N3CCOCC3)nc3ccccc23)cc1,c1ccc(Nc2nc(N3CCOCC3)nc3ccccc23)cc1,c1ccc(Nc2nc(N3CCOCC3)nc3ccccc23)cc1,True,False,False,source_identity,1.0,0.6,425.92000000000024,340.81399999999996,85.10600000000028,False,,,,,0.6427710577069246,0.784150666451108,0.14137960874418343,False,79.38000000000001,50.28,29.10000000000001,False,2.0,1.0,1.0,True,6.0,5.0,1.0,True,5.0,3.0,2.0,False
edit_latent_scaffold_source_rerank,mpair_00002514_cond_01_7p,mpair_00002514,eval,7,"MW,LogP,QED,TPSA,HBD,HBA,RB",CSc1cc(-c2ccc(Cl)cc2)oc(=O)c1Br,CSc1cc(-c2ccc(Cl)cc2)oc(=O)c1C(N)=O,CSc1cc(-c2ccc(F)cc2)oc(=O)c1,O=c1cccc(-c2ccccc2)o1,O=c1cccc(-c2ccccc2)o1,True,False,False,,0.3695652173913043,0.34,295.747,236.26699999999997,59.48000000000005,False,2.7810000000000006,3.1678000000000024,0.3868000000000018,True,0.8837306867126842,0.7501191134076561,0.13361157330502804,False,73.30000000000001,30.21,43.09000000000001,False,1.0,0.0,1.0,True,4.0,3.0,1.0,True,3.0,2.0,1.0,True
edit_latent_scaffold_source_rerank,mpair_00002551_cond_02_7p,mpair_00002551,eval,7,"MW,LogP,QED,TPSA,HBD,HBA,RB",CSc1cc(-c2ccc(Cl)cc2)oc(=O)c1C(N)=O,CSc1cc(-c2ccc(Br)cc2)oc(=O)c1Cl,CSc1cc(-c2ccc(F)cc2)oc(=O)c1,O=c1cccc(-c2ccccc2)o1,O=c1cccc(-c2ccccc2)o1,True,False,False,,0.34,0.3695652173913043,331.61800000000005,236.26699999999997,95.35100000000008,False,4.444600000000002,3.1678000000000024,1.2767999999999997,False,0.7618841288913727,0.7501191134076561,0.011765015483716557,True,30.21,30.21,0.0,True,0.0,0.0,0.0,True,3.0,3.0,0.0,True,2.0,2.0,0.0,True
target_oracle,mpair_00000002_cond_01_2p,mpair_00000002,eval,2,"LogP,QED",O=C(c1cccc(Cl)c1)N1C[C@H](CN2CCC(c3ccccc3)CC2)[C@@H](c2ccccc2)C1,O=C(c1ccccc1F)N1C[C@H](CN2CCC(c3ccccc3)CC2)[C@@H](c2ccccc2)C1,O=C(c1ccccc1F)N1C[C@H](CN2CCC(c3ccccc3)CC2)[C@@H](c2ccccc2)C1,O=C(c1ccccc1)N1C[C@H](CN2CCC(c3ccccc3)CC2)[C@@H](c2ccccc2)C1,O=C(c1ccccc1)N1C[C@H](CN2CCC(c3ccccc3)CC2)[C@@H](c2ccccc2)C1,True,True,True,,0.6379310344827587,1.0,,,,,5.561100000000006,5.561100000000006,0.0,True,0.5164092889512721,0.5164092889512721,0.0,True,,,,,,,,,,,,,,,,
target_oracle,mpair_00000005_cond_00_2p,mpair_00000005,eval,2,"HBA,RB",O=C(c1ccccc1F)N1C[C@H](CN2CCC(c3ccccc3)CC2)[C@@H](c2ccccc2)C1,COc1cccc(C(=O)N2C[C@H](CN3CCC(c4ccccc4)CC3)[C@@H](c3ccccc3)C2)c1,COc1cccc(C(=O)N2C[C@H](CN3CCC(c4ccccc4)CC3)[C@@H](c3ccccc3)C2)c1,O=C(c1ccccc1)N1C[C@H](CN2CCC(c3ccccc3)CC2)[C@@H](c2ccccc2)C1,O=C(c1ccccc1)N1C[C@H](CN2CCC(c3ccccc3)CC2)[C@@H](c2ccccc2)C1,True,True,True,,0.6065573770491803,1.0,,,,,,,,,,,,,,,,,,,,,3.0,3.0,0.0,True,6.0,6.0,0.0,True
target_oracle,mpair_00000007_cond_01_2p,mpair_00000007,eval,2,"LogP,QED",O=C(c1ccccc1F)N1C[C@H](CN2CCC(c3ccccc3)CC2)[C@@H](c2ccccc2)C1,O=C(c1cccc(Cl)c1)N1C[C@H](CN2CCC(c3ccccc3)CC2)[C@@H](c2ccccc2)C1,O=C(c1cccc(Cl)c1)N1C[C@H](CN2CCC(c3ccccc3)CC2)[C@@H](c2ccccc2)C1,O=C(c1ccccc1)N1C[C@H](CN2CCC(c3ccccc3)CC2)[C@@H](c2ccccc2)C1,O=C(c1ccccc1)N1C[C@H](CN2CCC(c3ccccc3)CC2)[C@@H](c2ccccc2)C1,True,True,True,,0.6379310344827587,1.0,,,,,6.075400000000006,6.075400000000006,0.0,True,0.4625029539066648,0.4625029539066648,0.0,True,,,,,,,,,,,,,,,,
target_oracle,mpair_00000011_cond_00_2p,mpair_00000011,eval,2,"HBA,RB",COc1cccc(C(=O)N2C[C@H](CN3CCC(c4ccccc4)CC3)[C@@H](c3ccccc3)C2)c1,O=C(c1ccccc1F)N1C[C@H](CN2CCC(c3ccccc3)CC2)[C@@H](c2ccccc2)C1,O=C(c1ccccc1F)N1C[C@H](CN2CCC(c3ccccc3)CC2)[C@@H](c2ccccc2)C1,O=C(c1ccccc1)N1C[C@H](CN2CCC(c3ccccc3)CC2)[C@@H](c2ccccc2)C1,O=C(c1ccccc1)N1C[C@H](CN2CCC(c3ccccc3)CC2)[C@@H](c2ccccc2)C1,True,True,True,,0.6065573770491803,1.0,,,,,,,,,,,,,,,,,,,,,2.0,2.0,0.0,True,5.0,5.0,0.0,True
target_oracle,mpair_00000013_cond_01_2p,mpair_00000013,eval,2,"MW,LogP",COc1cccc(C(=O)N2C[C@H](CN3CCC(c4ccccc4)CC3)[C@@H](c3ccccc3)C2)c1,O=C(c1ccccc1C(F)(F)F)N1C[C@H](CN2CCC(c3ccccc3)CC2)[C@@H](c2ccccc2)C1,O=C(c1ccccc1C(F)(F)F)N1C[C@H](CN2CCC(c3ccccc3)CC2)[C@@H](c2ccccc2)C1,O=C(c1ccccc1)N1C[C@H](CN2CCC(c3ccccc3)CC2)[C@@H](c2ccccc2)C1,O=C(c1ccccc1)N1C[C@H](CN2CCC(c3ccccc3)CC2)[C@@H](c2ccccc2)C1,True,True,True,,0.578125,1.0,492.5850000000002,492.5850000000002,0.0,True,6.4408000000000065,6.4408000000000065,0.0,True,,,,,,,,,,,,,,,,,,,,
target_oracle,mpair_00000021_cond_02_2p,mpair_00000021,eval,2,"TPSA,HBA",N#Cc1ccc(COC[C@H]2C3CC(c4ccc(F)cc4)(CO3)[C@@H]2C/C=C/CCCC(=O)O)cc1,O=C(O)CCC/C=C/C[C@@H]1[C@@H](COCc2ccccc2)C2CC1(c1ccccc1)CO2,O=C(O)CCC/C=C/C[C@@H]1[C@@H](COCc2ccccc2)C2CC1(c1ccccc1)CO2,c1ccc(COC[C@@H]2CC3(c4ccccc4)COC2C3)cc1,c1ccc(COC[C@@H]2CC3(c4ccccc4)COC2C3)cc1,True,True,True,,0.7391304347826086,1.0,,,,,,,,,,,,,55.760000000000005,55.760000000000005,0.0,True,,,,,3.0,3.0,0.0,True,,,,
target_oracle,mpair_00000328_cond_00_2p,mpair_00000328,eval,2,"MW,QED",N[C@@H](C(=O)N[C@@H]1C(=O)N2C(C(=O)O)=C(C(F)(F)F)CC[C@H]12)c1ccc(F)cc1,N[C@@H](C(=O)N[C@@H]1C(=O)N2C(C(=O)O)=C(C(F)(F)F)CC[C@H]12)c1cccc(Br)c1,N[C@@H](C(=O)N[C@@H]1C(=O)N2C(C(=O)O)=C(C(F)(F)F)CC[C@H]12)c1cccc(Br)c1,O=C(Cc1ccccc1)N[C@@H]1C(=O)N2C=CCC[C@H]12,O=C(Cc1ccccc1)N[C@@H]1C(=O)N2C=CCC[C@H]12,True,True,True,,0.7377049180327869,1.0,462.2220000000001,462.2220000000001,0.0,True,,,,,0.5917241763797754,0.5917241763797754,0.0,True,,,,,,,,,,,,,,,,
target_oracle,mpair_00000337_cond_00_2p,mpair_00000337,eval,2,"MW,LogP",N[C@@H](C(=O)N[C@@H]1C(=O)N2C(C(=O)O)=C(C(F)(F)F)CC[C@H]12)c1cccc(C(F)(F)F)c1,N[C@@H](C(=O)N[C@@H]1C(=O)N2C(C(=O)O)=C(C(F)(F)F)CC[C@H]12)c1ccc(F)cc1,N[C@@H](C(=O)N[C@@H]1C(=O)N2C(C(=O)O)=C(C(F)(F)F)CC[C@H]12)c1ccc(F)cc1,O=C(Cc1ccccc1)N[C@@H]1C(=O)N2C=CCC[C@H]12,O=C(Cc1ccccc1)N[C@@H]1C(=O)N2C=CCC[C@H]12,True,True,True,,0.7377049180327869,1.0,401.3160000000001,401.3160000000001,0.0,True,1.2158999999999993,1.2158999999999993,0.0,True,,,,,,,,,,,,,,,,,,,,
target_oracle,mpair_00000584_cond_00_2p,mpair_00000584,eval,2,"TPSA,HBD",OC[C@@H]1N[C@@H](CCCCc2ccc(O)cc2)[C@H](O)[C@H]1O,Cc1ccc(CCCC[C@@H]2N[C@@H](CO)[C@H](O)[C@H]2O)cc1,Cc1ccc(CCCC[C@@H]2N[C@@H](CO)[C@H](O)[C@H]2O)cc1,c1ccc(CCCC[C@H]2CCCN2)cc1,c1ccc(CCCC[C@H]2CCCN2)cc1,True,True,True,,0.7567567567567568,1.0,,,,,,,,,,,,,72.72,72.72,0.0,True,4.0,4.0,0.0,True,,,,,,,,
target_oracle,mpair_00000589_cond_00_2p,mpair_00000589,eval,2,"HBA,RB",COc1ccc(CCCC[C@@H]2N[C@@H](CO)[C@H](O)[C@H]2O)cc1,OC[C@@H]1N[C@@H](CCCCc2ccc(F)cc2)[C@H](O)[C@H]1O,OC[C@@H]1N[C@@H](CCCCc2ccc(F)cc2)[C@H](O)[C@H]1O,c1ccc(CCCC[C@H]2CCCN2)cc1,c1ccc(CCCC[C@H]2CCCN2)cc1,True,True,True,,0.6829268292682927,1.0,,,,,,,,,,,,,,,,,,,,,4.0,4.0,0.0,True,6.0,6.0,0.0,True
target_oracle,mpair_00000590_cond_02_2p,mpair_00000590,eval,2,"HBD,RB",OC[C@@H]1N[C@@H](CCCCc2ccc(O)cc2)[C@H](O)[C@H]1O,COc1ccc(CCCC[C@@H]2N[C@@H](CO)[C@H](O)[C@H]2O)cc1,COc1ccc(CCCC[C@@H]2N[C@@H](CO)[C@H](O)[C@H]2O)cc1,c1ccc(CCCC[C@H]2CCCN2)cc1,c1ccc(CCCC[C@H]2CCCN2)cc1,True,True,True,,0.7,1.0,,,,,,,,,,,,,,,,,4.0,4.0,0.0,True,,,,,7.0,7.0,0.0,True
target_oracle,mpair_00000592_cond_02_2p,mpair_00000592,eval,2,"HBA,RB",COc1ccc(CCCC[C@@H]2N[C@@H](CO)[C@H](O)[C@H]2O)cc1,Cc1ccc(CCCC[C@@H]2N[C@@H](CO)[C@H](O)[C@H]2O)cc1,Cc1ccc(CCCC[C@@H]2N[C@@H](CO)[C@H](O)[C@H]2O)cc1,c1ccc(CCCC[C@H]2CCCN2)cc1,c1ccc(CCCC[C@H]2CCCN2)cc1,True,True,True,,0.725,1.0,,,,,,,,,,,,,,,,,,,,,4.0,4.0,0.0,True,6.0,6.0,0.0,True
target_oracle,mpair_00000594_cond_01_2p,mpair_00000594,eval,2,"HBA,RB",COc1ccc(CCCC[C@@H]2N[C@@H](CO)[C@H](O)[C@H]2O)cc1,OC[C@@H]1N[C@@H](CCCCc2cc(F)cc(F)c2)[C@H](O)[C@H]1O,OC[C@@H]1N[C@@H](CCCCc2cc(F)cc(F)c2)[C@H](O)[C@H]1O,c1ccc(CCCC[C@H]2CCCN2)cc1,c1ccc(CCCC[C@H]2CCCN2)cc1,True,True,True,,0.5681818181818182,1.0,,,,,,,,,,,,,,,,,,,,,4.0,4.0,0.0,True,6.0,6.0,0.0,True
target_oracle,mpair_00000596_cond_02_2p,mpair_00000596,eval,2,"HBA,RB",OC[C@@H]1N[C@@H](CCCCc2ccc(F)cc2)[C@H](O)[C@H]1O,COc1ccc(CCCC[C@@H]2N[C@@H](CO)[C@H](O)[C@H]2O)cc1,COc1ccc(CCCC[C@@H]2N[C@@H](CO)[C@H](O)[C@H]2O)cc1,c1ccc(CCCC[C@H]2CCCN2)cc1,c1ccc(CCCC[C@H]2CCCN2)cc1,True,True,True,,0.6829268292682927,1.0,,,,,,,,,,,,,,,,,,,,,5.0,5.0,0.0,True,7.0,7.0,0.0,True
target_oracle,mpair_00000724_cond_02_2p,mpair_00000724,eval,2,"MW,RB",C=CCc1cc(/C=C2\SC(=O)N(CC=C(C)C)C2=O)c(OC)cc1OC1CCCCO1,C=CCc1cc(/C=C2\SC(=O)N(C)C2=O)c(OC)cc1OC1CCCCO1,C=CCc1cc(/C=C2\SC(=O)N(C)C2=O)c(OC)cc1OC1CCCCO1,O=C1NC(=O)/C(=C/c2ccc(OC3CCCCO3)cc2)S1,O=C1NC(=O)/C(=C/c2ccc(OC3CCCCO3)cc2)S1,True,True,True,,0.7761194029850746,1.0,389.4730000000002,389.4730000000002,0.0,True,,,,,,,,,,,,,,,,,,,,,6.0,6.0,0.0,True
target_oracle,mpair_00000729_cond_00_2p,mpair_00000729,eval,2,"LogP,QED",C=CCc1cc(/C=C2\SC(=O)N(CC=C(C)C)C2=O)c(OC)cc1OC1CCCCO1,C=CCc1cc(/C=C2\SC(=O)N(CC=C)C2=O)c(OC)cc1OC1CCCCO1,C=CCc1cc(/C=C2\SC(=O)N(CC=C)C2=O)c(OC)cc1OC1CCCCO1,O=C1NC(=O)/C(=C/c2ccc(OC3CCCCO3)cc2)S1,O=C1NC(=O)/C(=C/c2ccc(OC3CCCCO3)cc2)S1,True,True,True,,0.8615384615384616,1.0,,,,,4.551400000000004,4.551400000000004,0.0,True,0.45838471716690443,0.45838471716690443,0.0,True,,,,,,,,,,,,,,,,
target_oracle,mpair_00000731_cond_00_2p,mpair_00000731,eval,2,"QED,RB",C=CCc1cc(/C=C2\SC(=O)N(C(C)C)C2=O)c(OC)cc1OC1CCCCO1,C=CCc1cc(/C=C2\SC(=O)N(CC=C(C)C)C2=O)c(OC)cc1OC1CCCCO1,C=CCc1cc(/C=C2\SC(=O)N(CC=C(C)C)C2=O)c(OC)cc1OC1CCCCO1,O=C1NC(=O)/C(=C/c2ccc(OC3CCCCO3)cc2)S1,O=C1NC(=O)/C(=C/c2ccc(OC3CCCCO3)cc2)S1,True,True,True,,0.7183098591549296,1.0,,,,,,,,,0.3995752918375223,0.3995752918375223,0.0,True,,,,,,,,,,,,,8.0,8.0,0.0,True
target_oracle,mpair_00000734_cond_01_2p,mpair_00000734,eval,2,"LogP,QED",C=CCc1cc(/C=C2\SC(=O)N(CCCC)C2=O)c(OC)cc1OC1CCCCO1,C=CCc1cc(/C=C2\SC(=O)N(C)C2=O)c(OC)cc1OC1CCCCO1,C=CCc1cc(/C=C2\SC(=O)N(C)C2=O)c(OC)cc1OC1CCCCO1,O=C1NC(=O)/C(=C/c2ccc(OC3CCCCO3)cc2)S1,O=C1NC(=O)/C(=C/c2ccc(OC3CCCCO3)cc2)S1,True,True,True,,0.7878787878787878,1.0,,,,,3.9952000000000023,3.9952000000000023,0.0,True,0.5413211960634129,0.5413211960634129,0.0,True,,,,,,,,,,,,,,,,
target_oracle,mpair_00000736_cond_02_2p,mpair_00000736,eval,2,"QED,RB",C=CCc1cc(/C=C2\SC(=O)N(CCCC)C2=O)c(OC)cc1OC1CCCCO1,C=CCc1cc(/C=C2\SC(=O)N(C(C)C)C2=O)c(OC)cc1OC1CCCCO1,C=CCc1cc(/C=C2\SC(=O)N(C(C)C)C2=O)c(OC)cc1OC1CCCCO1,O=C1NC(=O)/C(=C/c2ccc(OC3CCCCO3)cc2)S1,O=C1NC(=O)/C(=C/c2ccc(OC3CCCCO3)cc2)S1,True,True,True,,0.7285714285714285,1.0,,,,,,,,,0.4701504427149941,0.4701504427149941,0.0,True,,,,,,,,,,,,,7.0,7.0,0.0,True
target_oracle,mpair_00000738_cond_01_2p,mpair_00000738,eval,2,"LogP,RB",C=CCc1cc(/C=C2\SC(=O)N(C(C)C)C2=O)c(OC)cc1OC1CCCCO1,C=CCc1cc(/C=C2\SC(=O)N(C)C2=O)c(OC)cc1OC1CCCCO1,C=CCc1cc(/C=C2\SC(=O)N(C)C2=O)c(OC)cc1OC1CCCCO1,O=C1NC(=O)/C(=C/c2ccc(OC3CCCCO3)cc2)S1,O=C1NC(=O)/C(=C/c2ccc(OC3CCCCO3)cc2)S1,True,True,True,,0.796875,1.0,,,,,3.9952000000000023,3.9952000000000023,0.0,True,,,,,,,,,,,,,,,,,6.0,6.0,0.0,True
target_oracle,mpair_00000742_cond_01_2p,mpair_00000742,eval,2,"MW,RB",C=CCc1cc(/C=C2\SC(=O)N(C)C2=O)c(OC)cc1OC1CCCCO1,C=CCc1cc(/C=C2\SC(=O)N(CC=C(C)C)C2=O)c(OC)cc1OC1CCCCO1,C=CCc1cc(/C=C2\SC(=O)N(CC=C(C)C)C2=O)c(OC)cc1OC1CCCCO1,O=C1NC(=O)/C(=C/c2ccc(OC3CCCCO3)cc2)S1,O=C1NC(=O)/C(=C/c2ccc(OC3CCCCO3)cc2)S1,True,True,True,,0.7761194029850746,1.0,443.5650000000003,443.5650000000003,0.0,True,,,,,,,,,,,,,,,,,,,,,8.0,8.0,0.0,True
target_oracle,mpair_00000745_cond_00_2p,mpair_00000745,eval,2,"QED,HBD",C=CCc1cc(/C=C2\SC(=O)N(C)C2=O)c(OC)cc1OC1CCCCO1,C=CCc1cc(/C=C2\SC(=O)NC2=O)c(OC)cc1OC1CCCCO1,C=CCc1cc(/C=C2\SC(=O)NC2=O)c(OC)cc1OC1CCCCO1,O=C1NC(=O)/C(=C/c2ccc(OC3CCCCO3)cc2)S1,O=C1NC(=O)/C(=C/c2ccc(OC3CCCCO3)cc2)S1,True,True,True,,0.71875,1.0,,,,,,,,,0.6042673504148035,0.6042673504148035,0.0,True,,,,,1.0,1.0,0.0,True,,,,,,,,
target_oracle,mpair_00000750_cond_01_2p,mpair_00000750,eval,2,"MW,HBA",COC(=O)C[C@@H]1CC(=O)N2[C@H](Cc3c[nH]c4ccccc34)CO[C@@H]2C1,O=C1CCC[C@H]2OC[C@@H](Cc3c[nH]c4ccccc34)N12,O=C1CCC[C@H]2OC[C@@H](Cc3c[nH]c4ccccc34)N12,O=C1CCC[C@H]2OC[C@@H](Cc3c[nH]c4ccccc34)N12,O=C1CCC[C@H]2OC[C@@H](Cc3c[nH]c4ccccc34)N12,True,True,True,,0.578125,1.0,270.33200000000005,270.33200000000005,0.0,True,,,,,,,,,,,,,,,,,2.0,2.0,0.0,True,,,,
target_oracle,mpair_00000752_cond_01_2p,mpair_00000752,eval,2,"TPSA,HBA",CC[C@H]1CCC(=O)N2[C@H](Cc3c[nH]c4ccccc34)CO[C@H]12,COC(=O)C[C@@H]1CC(=O)N2[C@H](Cc3c[nH]c4ccccc34)CO[C@@H]2C1,COC(=O)C[C@@H]1CC(=O)N2[C@H](Cc3c[nH]c4ccccc34)CO[C@@H]2C1,O=C1CCC[C@H]2OC[C@@H](Cc3c[nH]c4ccccc34)N12,O=C1CCC[C@H]2OC[C@@H](Cc3c[nH]c4ccccc34)N12,True,True,True,,0.5072463768115942,1.0,,,,,,,,,,,,,71.63000000000001,71.63000000000001,0.0,True,,,,,4.0,4.0,0.0,True,,,,
target_oracle,mpair_00000755_cond_02_2p,mpair_00000755,eval,2,"LogP,RB",CC[C@H]1CCC(=O)N2[C@H](Cc3c[nH]c4ccccc34)CO[C@H]12,O=C1CCC[C@H]2OC[C@@H](Cc3c[nH]c4ccccc34)N12,O=C1CCC[C@H]2OC[C@@H](Cc3c[nH]c4ccccc34)N12,O=C1CCC[C@H]2OC[C@@H](Cc3c[nH]c4ccccc34)N12,O=C1CCC[C@H]2OC[C@@H](Cc3c[nH]c4ccccc34)N12,True,True,True,,0.6607142857142857,1.0,,,,,2.447800000000001,2.447800000000001,0.0,True,,,,,,,,,,,,,,,,,2.0,2.0,0.0,True
target_oracle,mpair_00000757_cond_01_2p,mpair_00000757,eval,2,"LogP,RB",COc1cccc(-c2cncc(O[C@@H]3CCNC3)c2)c1,Clc1cccc(-c2cncc(O[C@@H]3CCNC3)c2)c1,Clc1cccc(-c2cncc(O[C@@H]3CCNC3)c2)c1,c1ccc(-c2cncc(O[C@@H]3CCNC3)c2)cc1,c1ccc(-c2cncc(O[C@@H]3CCNC3)c2)cc1,True,True,True,,0.7446808510638298,1.0,,,,,3.1427000000000014,3.1427000000000014,0.0,True,,,,,,,,,,,,,,,,,3.0,3.0,0.0,True
target_oracle,mpair_00000759_cond_02_2p,mpair_00000759,eval,2,"MW,LogP",c1ccc(-c2cncc(O[C@@H]3CCNC3)c2)cc1,Clc1cccc(-c2cc(O[C@@H]3CCNC3)cnc2Cl)c1,Clc1cccc(-c2cc(O[C@@H]3CCNC3)cnc2Cl)c1,c1ccc(-c2cncc(O[C@@H]3CCNC3)c2)cc1,c1ccc(-c2cncc(O[C@@H]3CCNC3)c2)cc1,True,True,True,,0.5192307692307693,1.0,309.196,309.196,0.0,True,3.796100000000002,3.796100000000002,0.0,True,,,,,,,,,,,,,,,,,,,,
target_oracle,mpair_00000761_cond_01_2p,mpair_00000761,eval,2,"HBA,RB",c1ccc(-c2cncc(O[C@@H]3CCNC3)c2)cc1,COc1cccc(-c2cncc(O[C@@H]3CCNC3)c2)c1,COc1cccc(-c2cncc(O[C@@H]3CCNC3)c2)c1,c1ccc(-c2cncc(O[C@@H]3CCNC3)c2)cc1,c1ccc(-c2cncc(O[C@@H]3CCNC3)c2)cc1,True,True,True,,0.75,1.0,,,,,,,,,,,,,,,,,,,,,4.0,4.0,0.0,True,4.0,4.0,0.0,True
target_oracle,mpair_00000764_cond_00_2p,mpair_00000764,eval,2,"LogP,QED",Clc1cccc(-c2cc(O[C@@H]3CCNC3)cnc2Cl)c1,Clc1cccc(-c2cncc(O[C@@H]3CCNC3)c2)c1,Clc1cccc(-c2cncc(O[C@@H]3CCNC3)c2)c1,c1ccc(-c2cncc(O[C@@H]3CCNC3)c2)cc1,c1ccc(-c2cncc(O[C@@H]3CCNC3)c2)cc1,True,True,True,,0.68,1.0,,,,,3.1427000000000014,3.1427000000000014,0.0,True,0.9336391660075258,0.9336391660075258,0.0,True,,,,,,,,,,,,,,,,
target_oracle,mpair_00001114_cond_01_2p,mpair_00001114,eval,2,"QED,HBD",COc1ccc(N2CCN(CCC3NC(=O)c4ccccc43)CC2)cc1,COc1ccc(N2CCN(CCC3c4ccccc4C(=O)N3C)CC2)cc1,COc1ccc(N2CCN(CCC3c4ccccc4C(=O)N3C)CC2)cc1,O=C1NC(CCN2CCN(c3ccccc3)CC2)c2ccccc21,O=C1NC(CCN2CCN(c3ccccc3)CC2)c2ccccc21,True,True,True,,0.6545454545454545,1.0,,,,,,,,,0.8160326048332845,0.8160326048332845,0.0,True,,,,,0.0,0.0,0.0,True,,,,,,,,
target_oracle,mpair_00001116_cond_02_2p,mpair_00001116,eval,2,"HBA,RB",COc1ccc(N2CCN(CCC3NC(=O)c4ccccc43)CC2)cc1,O=C1NC(CCN2CCN(c3ccccc3)CC2)c2ccccc21,O=C1NC(CCN2CCN(c3ccccc3)CC2)c2ccccc21,O=C1NC(CCN2CCN(c3ccccc3)CC2)c2ccccc21,O=C1NC(CCN2CCN(c3ccccc3)CC2)c2ccccc21,True,True,True,,0.7708333333333334,1.0,,,,,,,,,,,,,,,,,,,,,3.0,3.0,0.0,True,4.0,4.0,0.0,True
target_oracle,mpair_00001120_cond_00_2p,mpair_00001120,eval,2,"QED,HBD",CN1C(=O)c2ccccc2C1CCN1CCN(c2ccc(Cl)cc2)CC1,Cc1ccc(N2CCN(CCC3NC(=O)c4ccccc43)CC2)cc1C,Cc1ccc(N2CCN(CCC3NC(=O)c4ccccc43)CC2)cc1C,O=C1NC(CCN2CCN(c3ccccc3)CC2)c2ccccc21,O=C1NC(CCN2CCN(c3ccccc3)CC2)c2ccccc21,True,True,True,,0.45901639344262296,1.0,,,,,,,,,0.9198864151307602,0.9198864151307602,0.0,True,,,,,1.0,1.0,0.0,True,,,,,,,,
target_oracle,mpair_00001121_cond_02_2p,mpair_00001121,eval,2,"QED,HBD",O=C1NC(CCN2CCN(c3ccccc3)CC2)c2ccccc21,CN1C(=O)c2ccccc2C1CCN1CCN(c2ccc(Cl)cc2)CC1,CN1C(=O)c2ccccc2C1CCN1CCN(c2ccc(Cl)cc2)CC1,O=C1NC(CCN2CCN(c3ccccc3)CC2)c2ccccc21,O=C1NC(CCN2CCN(c3ccccc3)CC2)c2ccccc21,True,True,True,,0.4909090909090909,1.0,,,,,,,,,0.8221231339252668,0.8221231339252668,0.0,True,,,,,0.0,0.0,0.0,True,,,,,,,,
target_oracle,mpair_00001124_cond_00_2p,mpair_00001124,eval,2,"LogP,RB",COc1ccc(N2CCN(CCC3NC(=O)c4ccccc43)CC2)cc1,Cc1ccc(N2CCN(CCC3NC(=O)c4ccccc43)CC2)cc1C,Cc1ccc(N2CCN(CCC3NC(=O)c4ccccc43)CC2)cc1C,O=C1NC(CCN2CCN(c3ccccc3)CC2)c2ccccc21,O=C1NC(CCN2CCN(c3ccccc3)CC2)c2ccccc21,True,True,True,,0.7037037037037037,1.0,,,,,3.3002400000000023,3.3002400000000023,0.0,True,,,,,,,,,,,,,,,,,4.0,4.0,0.0,True
target_oracle,mpair_00001128_cond_00_2p,mpair_00001128,eval,2,"LogP,RB",CN1C(=O)c2ccccc2C1CCN1CCN(c2ccc(Cl)cc2)CC1,COc1ccc(N2CCN(CCC3c4ccccc4C(=O)N3C)CC2)cc1,COc1ccc(N2CCN(CCC3c4ccccc4C(=O)N3C)CC2)cc1,O=C1NC(CCN2CCN(c3ccccc3)CC2)c2ccccc21,O=C1NC(CCN2CCN(c3ccccc3)CC2)c2ccccc21,True,True,True,,0.76,1.0,,,,,3.034200000000002,3.034200000000002,0.0,True,,,,,,,,,,,,,,,,,5.0,5.0,0.0,True
target_oracle,mpair_00001129_cond_02_2p,mpair_00001129,eval,2,"QED,HBD",Cc1ccc(N2CCN(CCC3NC(=O)c4ccccc43)CC2)cc1C,CN1C(=O)c2ccccc2C1CCN1CCN(c2ccc(Cl)cc2)CC1,CN1C(=O)c2ccccc2C1CCN1CCN(c2ccc(Cl)cc2)CC1,O=C1NC(CCN2CCN(c3ccccc3)CC2)c2ccccc21,O=C1NC(CCN2CCN(c3ccccc3)CC2)c2ccccc21,True,True,True,,0.45901639344262296,1.0,,,,,,,,,0.8221231339252668,0.8221231339252668,0.0,True,,,,,0.0,0.0,0.0,True,,,,,,,,
target_oracle,mpair_00001132_cond_01_2p,mpair_00001132,eval,2,"QED,TPSA",O=C(Cc1ccccc1[N+](=O)[O-])NCCC1CCN(CC2COc3ccccc3O2)CC1,COc1ccccc1CC(=O)NCCC1CCN(CC2COc3ccccc3O2)CC1,COc1ccccc1CC(=O)NCCC1CCN(CC2COc3ccccc3O2)CC1,O=C(Cc1ccccc1)NCCC1CCN(CC2COc3ccccc3O2)CC1,O=C(Cc1ccccc1)NCCC1CCN(CC2COc3ccccc3O2)CC1,True,True,True,,0.7164179104477612,1.0,,,,,,,,,0.7047088784600517,0.7047088784600517,0.0,True,60.03,60.03,0.0,True,,,,,,,,,,,,
target_oracle,mpair_00001135_cond_02_2p,mpair_00001135,eval,2,"MW,LogP",Fc1ccc(N2CCN(c3nc4ccsc4n4cccc34)CC2)cc1,FC(F)(F)c1cccc(N2CCN(c3nc4ccsc4n4cccc34)CC2)c1,FC(F)(F)c1cccc(N2CCN(c3nc4ccsc4n4cccc34)CC2)c1,c1ccc(N2CCN(c3nc4ccsc4n4cccc34)CC2)cc1,c1ccc(N2CCN(c3nc4ccsc4n4cccc34)CC2)cc1,True,True,True,,0.6666666666666666,1.0,402.4450000000001,402.4450000000001,0.0,True,4.894400000000004,4.894400000000004,0.0,True,,,,,,,,,,,,,,,,,,,,
target_oracle,mpair_00001633_cond_01_2p,mpair_00001633,eval,2,"MW,QED",C=CCC1(C(C)C#CCC)C(=O)NC(=O)N(C)C1=O,C=C(Br)CC1(C(C)C)C(=O)NC(=O)N(C)C1=O,C=C(Br)CC1(C(C)C)C(=O)NC(=O)N(C)C1=O,O=C1CC(=O)NC(=O)N1,O=C1CC(=O)NC(=O)N1,True,True,True,,0.42857142857142855,1.0,303.15600000000006,303.15600000000006,0.0,True,,,,,0.8059749860896003,0.8059749860896003,0.0,True,,,,,,,,,,,,,,,,
target_oracle,mpair_00002258_cond_00_2p,mpair_00002258,eval,2,"LogP,QED",Cc1cccc(C)c1NC(=O)c1c(C)n(-c2c(C)cccc2C)c(C)cc1=O,Cc1ccccc1NC(=O)c1c(C)n(-c2ccccc2C)c(C)cc1=O,Cc1ccccc1NC(=O)c1c(C)n(-c2ccccc2C)c(C)cc1=O,O=C(Nc1ccccc1)c1cn(-c2ccccc2)ccc1=O,O=C(Nc1ccccc1)c1cn(-c2ccccc2)ccc1=O,True,True,True,,0.5833333333333334,1.0,,,,,4.3234800000000035,4.3234800000000035,0.0,True,0.7675628277357767,0.7675628277357767,0.0,True,,,,,,,,,,,,,,,,
target_oracle,mpair_00002259_cond_02_2p,mpair_00002259,eval,2,"LogP,QED",Cc1ccccc1NC(=O)c1c(C)n(-c2ccccc2C)c(C)cc1=O,Cc1cccc(C)c1NC(=O)c1c(C)n(-c2c(C)cccc2C)c(C)cc1=O,Cc1cccc(C)c1NC(=O)c1c(C)n(-c2c(C)cccc2C)c(C)cc1=O,O=C(Nc1ccccc1)c1cn(-c2ccccc2)ccc1=O,O=C(Nc1ccccc1)c1cn(-c2ccccc2)ccc1=O,True,True,True,,0.5833333333333334,1.0,,,,,4.940320000000004,4.940320000000004,0.0,True,0.7058233303377046,0.7058233303377046,0.0,True,,,,,,,,,,,,,,,,
target_oracle,mpair_00002372_cond_02_2p,mpair_00002372,eval,2,"HBA,RB",CCCCCNC(=O)Nc1c(SCCCn2cnc(-c3ccccc3)c2C)cccc1N(C)C,CCCCCNC(=O)Nc1c(C)cccc1SCCCn1cnc(-c2ccccc2)c1C,CCCCCNC(=O)Nc1c(C)cccc1SCCCn1cnc(-c2ccccc2)c1C,c1ccc(SCCCn2cnc(-c3ccccc3)c2)cc1,c1ccc(SCCCn2cnc(-c3ccccc3)c2)cc1,True,True,True,,0.8208955223880597,1.0,,,,,,,,,,,,,,,,,,,,,4.0,4.0,0.0,True,11.0,11.0,0.0,True
target_oracle,mpair_00002462_cond_00_2p,mpair_00002462,eval,2,"TPSA,RB",COc1cc(NC(=O)c2cc(OCCCN(C)C)nn2Cc2ccccc2)cc(OC)c1OC,COc1ccc(NC(=O)c2cc(OCCCN(C)C)nn2Cc2ccccc2)cc1,COc1ccc(NC(=O)c2cc(OCCCN(C)C)nn2Cc2ccccc2)cc1,O=C(Nc1ccccc1)c1ccnn1Cc1ccccc1,O=C(Nc1ccccc1)c1ccnn1Cc1ccccc1,True,True,True,,0.7741935483870968,1.0,,,,,,,,,,,,,68.62,68.62,0.0,True,,,,,,,,,10.0,10.0,0.0,True
target_oracle,mpair_00002465_cond_00_2p,mpair_00002465,eval,2,"HBA,RB",CN(C)CCCOc1cc(C(=O)Nc2ccc(OC(F)(F)F)cc2)n(Cc2ccccc2)n1,CN(C)CCCOc1cc(C(=O)Nc2cccc(Cl)c2)n(Cc2ccccc2)n1,CN(C)CCCOc1cc(C(=O)Nc2cccc(Cl)c2)n(Cc2ccccc2)n1,O=C(Nc1ccccc1)c1ccnn1Cc1ccccc1,O=C(Nc1ccccc1)c1ccnn1Cc1ccccc1,True,True,True,,0.696969696969697,1.0,,,,,,,,,,,,,,,,,,,,,5.0,5.0,0.0,True,9.0,9.0,0.0,True
target_oracle,mpair_00002469_cond_01_2p,mpair_00002469,eval,2,"TPSA,HBA",COc1ccc(NC(=O)c2cc(OCCCN(C)C)nn2Cc2ccccc2)cc1,COc1cc(NC(=O)c2cc(OCCCN(C)C)nn2Cc2ccccc2)cc(OC)c1OC,COc1cc(NC(=O)c2cc(OCCCN(C)C)nn2Cc2ccccc2)cc(OC)c1OC,O=C(Nc1ccccc1)c1ccnn1Cc1ccccc1,O=C(Nc1ccccc1)c1ccnn1Cc1ccccc1,True,True,True,,0.7741935483870968,1.0,,,,,,,,,,,,,87.08000000000001,87.08000000000001,0.0,True,,,,,8.0,8.0,0.0,True,,,,
target_oracle,mpair_00002475_cond_01_2p,mpair_00002475,eval,2,"TPSA,RB",CN(C)CCCOc1cc(C(=O)Nc2ccc(OC(F)(F)F)cc2)n(Cc2ccccc2)n1,COc1cc(NC(=O)c2cc(OCCCN(C)C)nn2Cc2ccccc2)cc(OC)c1OC,COc1cc(NC(=O)c2cc(OCCCN(C)C)nn2Cc2ccccc2)cc(OC)c1OC,O=C(Nc1ccccc1)c1ccnn1Cc1ccccc1,O=C(Nc1ccccc1)c1ccnn1Cc1ccccc1,True,True,True,,0.6764705882352942,1.0,,,,,,,,,,,,,87.08000000000001,87.08000000000001,0.0,True,,,,,,,,,12.0,12.0,0.0,True
target_oracle,mpair_00002480_cond_00_2p,mpair_00002480,eval,2,"LogP,QED",CN(C)CCCOc1cc(C(=O)Nc2cc(F)cc(C(F)(F)F)c2)n(Cc2ccccc2)n1,CN(C)CCCOc1cc(C(=O)Nc2cccc(Cl)c2)n(Cc2ccccc2)n1,CN(C)CCCOc1cc(C(=O)Nc2cccc(Cl)c2)n(Cc2ccccc2)n1,O=C(Nc1ccccc1)c1ccnn1Cc1ccccc1,O=C(Nc1ccccc1)c1ccnn1Cc1ccccc1,True,True,True,,0.6764705882352942,1.0,,,,,4.167600000000003,4.167600000000003,0.0,True,0.5357556879239462,0.5357556879239462,0.0,True,,,,,,,,,,,,,,,,
target_oracle,mpair_00002482_cond_02_2p,mpair_00002482,eval,2,"LogP,QED",COc1ccc(NC(=O)c2cc(OCCCN(C)C)nn2Cc2ccccc2)cc1,CN(C)CCCOc1cc(C(=O)Nc2ccc(OC(F)(F)F)cc2)n(Cc2ccccc2)n1,CN(C)CCCOc1cc(C(=O)Nc2ccc(OC(F)(F)F)cc2)n(Cc2ccccc2)n1,O=C(Nc1ccccc1)c1ccnn1Cc1ccccc1,O=C(Nc1ccccc1)c1ccnn1Cc1ccccc1,True,True,True,,0.8064516129032258,1.0,,,,,4.412800000000003,4.412800000000003,0.0,True,0.4522382232340766,0.4522382232340766,0.0,True,,,,,,,,,,,,,,,,
target_oracle,mpair_00002486_cond_02_2p,mpair_00002486,eval,2,"QED,HBA",CN(C)CCCOc1cc(C(=O)Nc2cccc(Cl)c2)n(Cc2ccccc2)n1,CN(C)CCCOc1cc(C(=O)Nc2ccc(OC(F)(F)F)cc2)n(Cc2ccccc2)n1,CN(C)CCCOc1cc(C(=O)Nc2ccc(OC(F)(F)F)cc2)n(Cc2ccccc2)n1,O=C(Nc1ccccc1)c1ccnn1Cc1ccccc1,O=C(Nc1ccccc1)c1ccnn1Cc1ccccc1,True,True,True,,0.696969696969697,1.0,,,,,,,,,0.4522382232340766,0.4522382232340766,0.0,True,,,,,,,,,6.0,6.0,0.0,True,,,,
target_oracle,mpair_00002490_cond_01_2p,mpair_00002490,eval,2,"TPSA,HBA",CCOC(=O)c1cc(C(C)O)cn1S(=O)(=O)c1cc(Cl)ccc1N,C=Cc1cc(C(=O)OCC)n(S(=O)(=O)c2cc(Cl)ccc2N)c1,C=Cc1cc(C(=O)OCC)n(S(=O)(=O)c2cc(Cl)ccc2N)c1,O=S(=O)(c1ccccc1)n1cccc1,O=S(=O)(c1ccccc1)n1cccc1,True,True,True,,0.7192982456140351,1.0,,,,,,,,,,,,,91.39,91.39,0.0,True,,,,,6.0,6.0,0.0,True,,,,
target_oracle,mpair_00002494_cond_01_2p,mpair_00002494,eval,2,"MW,LogP",O=C1C(Nc2ccccc2)=C(Cl)C(=O)c2ncncc21,O=C1C(Nc2cccc(Br)c2)=C(Cl)C(=O)c2ncncc21,O=C1C(Nc2cccc(Br)c2)=C(Cl)C(=O)c2ncncc21,O=C1C(Nc2ccccc2)=CC(=O)c2ncncc21,O=C1C(Nc2ccccc2)=CC(=O)c2ncncc21,True,True,True,,0.7272727272727273,1.0,364.58600000000007,364.58600000000007,0.0,True,3.180600000000001,3.180600000000001,0.0,True,,,,,,,,,,,,,,,,,,,,
target_oracle,mpair_00002496_cond_00_2p,mpair_00002496,eval,2,"MW,LogP",O=C1C(Nc2ccccc2)=C(Cl)C(=O)c2ncncc21,O=C1C(Nc2ccc(Br)cc2)=C(Cl)C(=O)c2ncncc21,O=C1C(Nc2ccc(Br)cc2)=C(Cl)C(=O)c2ncncc21,O=C1C(Nc2ccccc2)=CC(=O)c2ncncc21,O=C1C(Nc2ccccc2)=CC(=O)c2ncncc21,True,True,True,,0.7560975609756098,1.0,364.58600000000007,364.58600000000007,0.0,True,3.180600000000001,3.180600000000001,0.0,True,,,,,,,,,,,,,,,,,,,,
target_oracle,mpair_00002497_cond_02_2p,mpair_00002497,eval,2,"MW,LogP",O=C1C(Nc2ccc(Br)cc2)=C(Cl)C(=O)c2ncncc21,O=C1C(Nc2ccccc2)=C(Cl)C(=O)c2ncncc21,O=C1C(Nc2ccccc2)=C(Cl)C(=O)c2ncncc21,O=C1C(Nc2ccccc2)=CC(=O)c2ncncc21,O=C1C(Nc2ccccc2)=CC(=O)c2ncncc21,True,True,True,,0.7560975609756098,1.0,285.69,285.69,0.0,True,2.4181,2.4181,0.0,True,,,,,,,,,,,,,,,,,,,,
target_oracle,mpair_00002501_cond_01_2p,mpair_00002501,eval,2,"LogP,RB",CCc1ccc(NC2=C(Cl)C(=O)c3ncncc3C2=O)cc1,O=C1C(Nc2ccccc2)=C(Cl)C(=O)c2ncncc21,O=C1C(Nc2ccccc2)=C(Cl)C(=O)c2ncncc21,O=C1C(Nc2ccccc2)=CC(=O)c2ncncc21,O=C1C(Nc2ccccc2)=CC(=O)c2ncncc21,True,True,True,,0.7045454545454546,1.0,,,,,2.4181,2.4181,0.0,True,,,,,,,,,,,,,,,,,2.0,2.0,0.0,True
target_oracle,mpair_00002504_cond_01_2p,mpair_00002504,eval,2,"HBA,RB",COc1ccc(C(=O)CN2c3ccccc3C(=O)N(Cc3ccccc3)S2(=O)=O)cc1,Cc1ccc(C(=O)CN2c3ccccc3C(=O)N(Cc3ccccc3)S2(=O)=O)cc1,Cc1ccc(C(=O)CN2c3ccccc3C(=O)N(Cc3ccccc3)S2(=O)=O)cc1,O=C(CN1c2ccccc2C(=O)N(Cc2ccccc2)S1(=O)=O)c1ccccc1,O=C(CN1c2ccccc2C(=O)N(Cc2ccccc2)S1(=O)=O)c1ccccc1,True,True,True,,0.7843137254901961,1.0,,,,,,,,,,,,,,,,,,,,,4.0,4.0,0.0,True,5.0,5.0,0.0,True
target_oracle,mpair_00002506_cond_02_2p,mpair_00002506,eval,2,"HBA,RB",Cc1ccc(C(=O)CN2c3ccccc3C(=O)N(Cc3ccccc3)S2(=O)=O)cc1,COc1ccc(C(=O)CN2c3ccccc3C(=O)N(Cc3ccccc3)S2(=O)=O)cc1,COc1ccc(C(=O)CN2c3ccccc3C(=O)N(Cc3ccccc3)S2(=O)=O)cc1,O=C(CN1c2ccccc2C(=O)N(Cc2ccccc2)S1(=O)=O)c1ccccc1,O=C(CN1c2ccccc2C(=O)N(Cc2ccccc2)S1(=O)=O)c1ccccc1,True,True,True,,0.7843137254901961,1.0,,,,,,,,,,,,,,,,,,,,,5.0,5.0,0.0,True,6.0,6.0,0.0,True
target_oracle,mpair_00002514_cond_02_2p,mpair_00002514,eval,2,"MW,QED",CSc1cc(-c2ccc(Cl)cc2)oc(=O)c1Br,CSc1cc(-c2ccc(Cl)cc2)oc(=O)c1C(N)=O,CSc1cc(-c2ccc(Cl)cc2)oc(=O)c1C(N)=O,O=c1cccc(-c2ccccc2)o1,O=c1cccc(-c2ccccc2)o1,True,True,True,,0.627906976744186,1.0,295.747,295.747,0.0,True,,,,,0.8837306867126842,0.8837306867126842,0.0,True,,,,,,,,,,,,,,,,
target_oracle,mpair_00002517_cond_02_2p,mpair_00002517,eval,2,"MW,LogP",CSc1cc(-c2ccc(Cl)cc2)oc(=O)c1Br,CSc1cc(-c2ccc(Cl)cc2)oc(=O)c1,CSc1cc(-c2ccc(Cl)cc2)oc(=O)c1,O=c1cccc(-c2ccccc2)o1,O=c1cccc(-c2ccccc2)o1,True,True,True,,0.5365853658536586,1.0,252.72199999999998,252.72199999999998,0.0,True,3.682100000000002,3.682100000000002,0.0,True,,,,,,,,,,,,,,,,,,,,
target_oracle,mpair_00002530_cond_00_2p,mpair_00002530,eval,2,"MW,LogP",CSc1cc(-c2ccc(Cl)cc2)oc(=O)c1,CSc1cc(-c2ccc(Cl)cc2)oc(=O)c1Br,CSc1cc(-c2ccc(Cl)cc2)oc(=O)c1Br,O=c1cccc(-c2ccccc2)o1,O=c1cccc(-c2ccccc2)o1,True,True,True,,0.5365853658536586,1.0,331.61799999999994,331.61799999999994,0.0,True,4.444600000000001,4.444600000000001,0.0,True,,,,,,,,,,,,,,,,,,,,
target_oracle,mpair_00002538_cond_00_2p,mpair_00002538,eval,2,"MW,LogP",CSc1cc(-c2ccc(Br)cc2)oc(=O)c1Cl,CSc1cc(-c2ccc(Cl)cc2)oc(=O)c1,CSc1cc(-c2ccc(Cl)cc2)oc(=O)c1,O=c1cccc(-c2ccccc2)o1,O=c1cccc(-c2ccccc2)o1,True,True,True,,0.4318181818181818,1.0,252.72199999999998,252.72199999999998,0.0,True,3.682100000000002,3.682100000000002,0.0,True,,,,,,,,,,,,,,,,,,,,
target_oracle,mpair_00002546_cond_02_2p,mpair_00002546,eval,2,"LogP,TPSA",CSc1cc(-c2ccc(Br)cc2)oc(=O)c1Br,CSc1cc(-c2ccc(Br)cc2)oc(=O)c1C#N,CSc1cc(-c2ccc(Br)cc2)oc(=O)c1C#N,O=c1cccc(-c2ccccc2)o1,O=c1cccc(-c2ccccc2)o1,True,True,True,,0.675,1.0,,,,,3.662880000000002,3.662880000000002,0.0,True,,,,,54.0,54.0,0.0,True,,,,,,,,,,,,
target_oracle,mpair_00002556_cond_00_2p,mpair_00002556,eval,2,"MW,QED",CN(C(=O)n1nc(-c2ccc(Cl)cc2)nc1SCC(F)(F)F)c1ccccc1,CSc1nc(-c2ccc(Cl)cc2)nn1C(=O)N(C)c1ccccc1,CSc1nc(-c2ccc(Cl)cc2)nn1C(=O)N(C)c1ccccc1,O=C(Nc1ccccc1)n1cnc(-c2ccccc2)n1,O=C(Nc1ccccc1)n1cnc(-c2ccccc2)n1,True,True,True,,0.7222222222222222,1.0,358.85400000000004,358.85400000000004,0.0,True,,,,,0.6499636794176425,0.6499636794176425,0.0,True,,,,,,,,,,,,,,,,
target_oracle,mpair_00002559_cond_01_2p,mpair_00002559,eval,2,"LogP,QED",CN(C(=O)n1nc(-c2ccc(Cl)cc2)nc1SCC(F)(F)F)c1ccccc1,CSc1nc(-c2ccc(C)cc2)nn1C(=O)N(C)c1ccccc1,CSc1nc(-c2ccc(C)cc2)nn1C(=O)N(C)c1ccccc1,O=C(Nc1ccccc1)n1cnc(-c2ccccc2)n1,O=C(Nc1ccccc1)n1cnc(-c2ccccc2)n1,True,True,True,,0.5862068965517241,1.0,,,,,4.079920000000002,4.079920000000002,0.0,True,0.6753188675979567,0.6753188675979567,0.0,True,,,,,,,,,,,,,,,,
target_oracle,mpair_00002562_cond_01_2p,mpair_00002562,eval,2,"LogP,RB",CSc1nc(-c2ccc(Cl)cc2)nn1C(=O)N(C)c1ccccc1,CN(C(=O)n1nc(-c2ccc(Cl)cc2)nc1SCC(F)(F)F)c1ccccc1,CN(C(=O)n1nc(-c2ccc(Cl)cc2)nc1SCC(F)(F)F)c1ccccc1,O=C(Nc1ccccc1)n1cnc(-c2ccccc2)n1,O=C(Nc1ccccc1)n1cnc(-c2ccccc2)n1,True,True,True,,0.7222222222222222,1.0,,,,,5.357400000000003,5.357400000000003,0.0,True,,,,,,,,,,,,,,,,,4.0,4.0,0.0,True
target_oracle,mpair_00002565_cond_01_2p,mpair_00002565,eval,2,"LogP,HBA",CSc1nc(-c2ccc(OC(F)(F)F)cc2)nn1C(=O)N(C)c1ccccc1,CSc1nc(-c2ccc(C)cc2)nn1C(=O)N(C)c1ccccc1,CSc1nc(-c2ccc(C)cc2)nn1C(=O)N(C)c1ccccc1,O=C(Nc1ccccc1)n1cnc(-c2ccccc2)n1,O=C(Nc1ccccc1)n1cnc(-c2ccccc2)n1,True,True,True,,0.7169811320754716,1.0,,,,,4.079920000000002,4.079920000000002,0.0,True,,,,,,,,,,,,,5.0,5.0,0.0,True,,,,
target_oracle,mpair_00002567_cond_01_2p,mpair_00002567,eval,2,"HBD,RB",COc1cc(C(=O)N2CCN(C(=O)c3cc(OC)c(OC)c(OC)c3)C(COC(=O)NCCC(C)C)C2)cc(OC)c1OC,CCN(CC)C(=O)OCC1CN(C(=O)c2cc(OC)c(OC)c(OC)c2)CCN1C(=O)c1cc(OC)c(OC)c(OC)c1,CCN(CC)C(=O)OCC1CN(C(=O)c2cc(OC)c(OC)c(OC)c2)CCN1C(=O)c1cc(OC)c(OC)c(OC)c1,O=C(c1ccccc1)N1CCN(C(=O)c2ccccc2)CC1,O=C(c1ccccc1)N1CCN(C(=O)c2ccccc2)CC1,True,True,True,,0.6451612903225806,1.0,,,,,,,,,,,,,,,,,0.0,0.0,0.0,True,,,,,12.0,12.0,0.0,True
target_oracle,mpair_00002571_cond_01_2p,mpair_00002571,eval,2,"HBD,RB",CCN(CC)C(=O)OCC1CN(C(=O)c2cc(OC)c(OC)c(OC)c2)CCN1C(=O)c1cc(OC)c(OC)c(OC)c1,COc1cc(C(=O)N2CCN(C(=O)c3cc(OC)c(OC)c(OC)c3)C(COC(=O)NCCC(C)C)C2)cc(OC)c1OC,COc1cc(C(=O)N2CCN(C(=O)c3cc(OC)c(OC)c(OC)c3)C(COC(=O)NCCC(C)C)C2)cc(OC)c1OC,O=C(c1ccccc1)N1CCN(C(=O)c2ccccc2)CC1,O=C(c1ccccc1)N1CCN(C(=O)c2ccccc2)CC1,True,True,True,,0.6451612903225806,1.0,,,,,,,,,,,,,,,,,1.0,1.0,0.0,True,,,,,13.0,13.0,0.0,True
target_oracle,mpair_00002574_cond_01_2p,mpair_00002574,eval,2,"LogP,RB",COc1cc(C(=O)N2CCN(C(=O)c3cc(OC)c(OC)c(OC)c3)C(COC(=O)CC(C)(C)C)C2)cc(OC)c1OC,CCN(CC)C(=O)OCC1CN(C(=O)c2cc(OC)c(OC)c(OC)c2)CCN1C(=O)c1cc(OC)c(OC)c(OC)c1,CCN(CC)C(=O)OCC1CN(C(=O)c2cc(OC)c(OC)c(OC)c2)CCN1C(=O)c1cc(OC)c(OC)c(OC)c1,O=C(c1ccccc1)N1CCN(C(=O)c2ccccc2)CC1,O=C(c1ccccc1)N1CCN(C(=O)c2ccccc2)CC1,True,True,True,,0.6896551724137931,1.0,,,,,3.1834000000000024,3.1834000000000024,0.0,True,,,,,,,,,,,,,,,,,12.0,12.0,0.0,True
target_oracle,mpair_00002577_cond_00_2p,mpair_00002577,eval,2,"HBD,RB",COc1cc(C(=O)N2CCN(C(=O)c3cc(OC)c(OC)c(OC)c3)C(COC(=O)NCCC(C)C)C2)cc(OC)c1OC,COc1cc(C(=O)N2CCN(C(=O)c3cc(OC)c(OC)c(OC)c3)C(COC(=O)CC(C)(C)C)C2)cc(OC)c1OC,COc1cc(C(=O)N2CCN(C(=O)c3cc(OC)c(OC)c(OC)c3)C(COC(=O)CC(C)(C)C)C2)cc(OC)c1OC,O=C(c1ccccc1)N1CCN(C(=O)c2ccccc2)CC1,O=C(c1ccccc1)N1CCN(C(=O)c2ccccc2)CC1,True,True,True,,0.6451612903225806,1.0,,,,,,,,,,,,,,,,,0.0,0.0,0.0,True,,,,,11.0,11.0,0.0,True
target_oracle,mpair_00002578_cond_02_2p,mpair_00002578,eval,2,"LogP,RB",CCN(CC)C(=O)OCC1CN(C(=O)c2cc(OC)c(OC)c(OC)c2)CCN1C(=O)c1cc(OC)c(OC)c(OC)c1,COc1cc(C(=O)N2CCN(C(=O)c3cc(OC)c(OC)c(OC)c3)C(COC(=O)CC(C)(C)C)C2)cc(OC)c1OC,COc1cc(C(=O)N2CCN(C(=O)c3cc(OC)c(OC)c(OC)c3)C(COC(=O)CC(C)(C)C)C2)cc(OC)c1OC,O=C(c1ccccc1)N1CCN(C(=O)c2ccccc2)CC1,O=C(c1ccccc1)N1CCN(C(=O)c2ccccc2)CC1,True,True,True,,0.6896551724137931,1.0,,,,,3.684400000000003,3.684400000000003,0.0,True,,,,,,,,,,,,,,,,,11.0,11.0,0.0,True
target_oracle,mpair_00002589_cond_00_2p,mpair_00002589,eval,2,"QED,HBA",COc1cc(C(=O)N2CCN(C(=O)c3cc(OC)c(OC)c(OC)c3)C(CO)C2)cc(OC)c1OC,CCN(CC)C(=O)OCC1CN(C(=O)c2cc(OC)c(OC)c(OC)c2)CCN1C(=O)c1cc(OC)c(OC)c(OC)c1,CCN(CC)C(=O)OCC1CN(C(=O)c2cc(OC)c(OC)c(OC)c2)CCN1C(=O)c1cc(OC)c(OC)c(OC)c1,O=C(c1ccccc1)N1CCN(C(=O)c2ccccc2)CC1,O=C(c1ccccc1)N1CCN(C(=O)c2ccccc2)CC1,True,True,True,,0.6792452830188679,1.0,,,,,,,,,0.3571777118480848,0.3571777118480848,0.0,True,,,,,,,,,10.0,10.0,0.0,True,,,,
target_oracle,mpair_00002597_cond_01_2p,mpair_00002597,eval,2,"MW,LogP",COc1ccc(C(=O)Nc2c(Cl)cncc2Cl)c2ccc(C(C)=O)nc12,COc1ccc(C(=O)Nc2ccncc2Cl)c2cccnc12,COc1ccc(C(=O)Nc2ccncc2Cl)c2cccnc12,O=C(Nc1ccncc1)c1cccc2ncccc12,O=C(Nc1ccncc1)c1cccc2ncccc12,True,True,True,,0.5081967213114754,1.0,313.744,313.744,0.0,True,3.544100000000002,3.544100000000002,0.0,True,,,,,,,,,,,,,,,,,,,,
target_oracle,mpair_00002599_cond_02_2p,mpair_00002599,eval,2,"TPSA,HBA",COc1ccc(C(=O)Nc2c(Cl)cncc2Cl)c2ccc(C(C)=O)nc12,CCc1ccc2c(C(=O)Nc3c(Cl)cncc3Cl)ccc(OC)c2n1,CCc1ccc2c(C(=O)Nc3c(Cl)cncc3Cl)ccc(OC)c2n1,O=C(Nc1ccncc1)c1cccc2ncccc12,O=C(Nc1ccncc1)c1cccc2ncccc12,True,True,True,,0.7222222222222222,1.0,,,,,,,,,,,,,64.11,64.11,0.0,True,,,,,4.0,4.0,0.0,True,,,,
target_oracle,mpair_00002603_cond_00_2p,mpair_00002603,eval,2,"LogP,HBD",COc1ccc(C(=O)Nc2c(Cl)cncc2Cl)c2ccc(C(C)O)nc12,CCc1ccc2c(C(=O)Nc3c(Cl)cncc3Cl)ccc(OC)c2n1,CCc1ccc2c(C(=O)Nc3c(Cl)cncc3Cl)ccc(OC)c2n1,O=C(Nc1ccncc1)c1cccc2ncccc12,O=C(Nc1ccncc1)c1cccc2ncccc12,True,True,True,,0.6964285714285714,1.0,,,,,4.759900000000003,4.759900000000003,0.0,True,,,,,,,,,1.0,1.0,0.0,True,,,,,,,,
target_oracle,mpair_00002608_cond_00_2p,mpair_00002608,eval,2,"MW,LogP",COc1ccc(C(=O)Nc2ccncc2Cl)c2cccnc12,COc1ccc(C(=O)Nc2c(F)cncc2F)c2ccc(C(F)(F)F)nc12,COc1ccc(C(=O)Nc2c(F)cncc2F)c2ccc(C(F)(F)F)nc12,O=C(Nc1ccncc1)c1cccc2ncccc12,O=C(Nc1ccncc1)c1cccc2ncccc12,True,True,True,,0.4090909090909091,1.0,383.276,383.276,0.0,True,4.187700000000001,4.187700000000001,0.0,True,,,,,,,,,,,,,,,,,,,,
target_oracle,mpair_00002611_cond_02_2p,mpair_00002611,eval,2,"QED,TPSA",COc1ccc(C(=O)Nc2ccncc2Cl)c2ccc(C(F)(F)F)nc12,COc1ccc(C(=O)Nc2c(Cl)cncc2Cl)c2ccc(C(C)=O)nc12,COc1ccc(C(=O)Nc2c(Cl)cncc2Cl)c2ccc(C(C)=O)nc12,O=C(Nc1ccncc1)c1cccc2ncccc12,O=C(Nc1ccncc1)c1cccc2ncccc12,True,True,True,,0.5396825396825397,1.0,,,,,,,,,0.6681926051832562,0.6681926051832562,0.0,True,81.17999999999999,81.17999999999999,0.0,True,,,,,,,,,,,,
target_oracle,mpair_00002615_cond_00_2p,mpair_00002615,eval,2,"MW,QED",COc1ccc(C(=O)Nc2c(F)cncc2F)c2ccc(C(F)(F)F)nc12,COc1ccc(C(=O)Nc2c(Cl)cncc2Cl)c2cccnc12,COc1ccc(C(=O)Nc2c(Cl)cncc2Cl)c2cccnc12,O=C(Nc1ccncc1)c1cccc2ncccc12,O=C(Nc1ccncc1)c1cccc2ncccc12,True,True,True,,0.4918032786885246,1.0,348.1890000000001,348.1890000000001,0.0,True,,,,,0.7706046174674384,0.7706046174674384,0.0,True,,,,,,,,,,,,,,,,
target_oracle,mpair_00002619_cond_00_2p,mpair_00002619,eval,2,"TPSA,RB",COc1ccc(C(=O)Nc2c(Cl)cncc2Cl)c2ccc(C(C)O)nc12,COc1ccc(C(=O)Nc2ccncc2Cl)c2ccc(C(F)(F)F)nc12,COc1ccc(C(=O)Nc2ccncc2Cl)c2ccc(C(F)(F)F)nc12,O=C(Nc1ccncc1)c1cccc2ncccc12,O=C(Nc1ccncc1)c1cccc2ncccc12,True,True,True,,0.5230769230769231,1.0,,,,,,,,,,,,,64.11,64.11,0.0,True,,,,,,,,,3.0,3.0,0.0,True
target_oracle,mpair_00002623_cond_00_2p,mpair_00002623,eval,2,"LogP,RB",COc1ccc(C(=O)Nc2c(F)cncc2F)c2ccc(C(F)(F)F)nc12,CCc1ccc2c(C(=O)Nc3c(Cl)cncc3Cl)ccc(OC)c2n1,CCc1ccc2c(C(=O)Nc3c(Cl)cncc3Cl)ccc(OC)c2n1,O=C(Nc1ccncc1)c1cccc2ncccc12,O=C(Nc1ccncc1)c1cccc2ncccc12,True,True,True,,0.5409836065573771,1.0,,,,,4.759900000000003,4.759900000000003,0.0,True,,,,,,,,,,,,,,,,,4.0,4.0,0.0,True
target_oracle,mpair_00002626_cond_01_2p,mpair_00002626,eval,2,"LogP,QED",COc1ccc(C(=O)Nc2c(F)cncc2F)c2ccc(C(F)(F)F)nc12,COc1ccc(C(=O)Nc2ccncc2Cl)c2cccnc12,COc1ccc(C(=O)Nc2ccncc2Cl)c2cccnc12,O=C(Nc1ccncc1)c1cccc2ncccc12,O=C(Nc1ccncc1)c1cccc2ncccc12,True,True,True,,0.4090909090909091,1.0,,,,,3.544100000000002,3.544100000000002,0.0,True,0.8029165077767629,0.8029165077767629,0.0,True,,,,,,,,,,,,,,,,
target_oracle,mpair_00003108_cond_00_2p,mpair_00003108,eval,2,"LogP,QED",CN1CCC[C@H]1COc1ccc(Cl)nn1,CN1CCC[C@H]1COc1cccnn1,CN1CCC[C@H]1COc1cccnn1,c1cnnc(OC[C@@H]2CCCN2)c1,c1cnnc(OC[C@@H]2CCCN2)c1,True,True,True,,0.6511627906976745,1.0,,,,,0.9495999999999998,0.9495999999999998,0.0,True,0.7160423680458043,0.7160423680458043,0.0,True,,,,,,,,,,,,,,,,
target_oracle,mpair_00003109_cond_02_2p,mpair_00003109,eval,2,"LogP,QED",CN1CCC[C@H]1COc1cccnn1,CN1CCC[C@H]1COc1ccc(Cl)nn1,CN1CCC[C@H]1COc1ccc(Cl)nn1,c1cnnc(OC[C@@H]2CCCN2)c1,c1cnnc(OC[C@@H]2CCCN2)c1,True,True,True,,0.6511627906976745,1.0,,,,,1.6029999999999998,1.6029999999999998,0.0,True,0.7864914737289573,0.7864914737289573,0.0,True,,,,,,,,,,,,,,,,
target_oracle,mpair_00003111_cond_01_2p,mpair_00003111,eval,2,"QED,RB",Cc1nc2nnc(C(C)(C)C)nn2c(=O)c1C,CCCCc1nnc2nc(C)c(C)c(=O)n2n1,CCCCc1nnc2nc(C)c(C)c(=O)n2n1,O=c1ccnc2nncnn12,O=c1ccnc2nncnn12,True,True,True,,0.5238095238095238,1.0,,,,,,,,,0.7849999676400611,0.7849999676400611,0.0,True,,,,,,,,,,,,,3.0,3.0,0.0,True
target_oracle,mpair_00003113_cond_02_2p,mpair_00003113,eval,2,"MW,RB",Cc1nc2nncnn2c(=O)c1C,CCCCc1nnc2nc(C)c(C)c(=O)n2n1,CCCCc1nnc2nc(C)c(C)c(=O)n2n1,O=c1ccnc2nncnn12,O=c1ccnc2nncnn12,True,True,True,,0.4418604651162791,1.0,233.275,233.275,0.0,True,,,,,,,,,,,,,,,,,,,,,3.0,3.0,0.0,True
target_oracle,mpair_00003202_cond_01_2p,mpair_00003202,eval,2,"TPSA,HBA",O=C(OCc1ccc(-c2ccccc2)cc1)n1cccn1,N#Cc1cnn(C(=O)OCc2ccc(-c3ccccc3)cc2)c1,N#Cc1cnn(C(=O)OCc2ccc(-c3ccccc3)cc2)c1,O=C(OCc1ccc(-c2ccccc2)cc1)n1cccn1,O=C(OCc1ccc(-c2ccccc2)cc1)n1cccn1,True,True,True,,0.5833333333333334,1.0,,,,,,,,,,,,,67.91,67.91,0.0,True,,,,,5.0,5.0,0.0,True,,,,
target_oracle,mpair_00003204_cond_00_2p,mpair_00003204,eval,2,"TPSA,HBA",Cc1cnn(C(=O)OCc2ccc(-c3ccccc3)cc2)c1,N#Cc1cnn(C(=O)OCc2ccc(-c3ccccc3)cc2)c1,N#Cc1cnn(C(=O)OCc2ccc(-c3ccccc3)cc2)c1,O=C(OCc1ccc(-c2ccccc2)cc1)n1cccn1,O=C(OCc1ccc(-c2ccccc2)cc1)n1cccn1,True,True,True,,0.6808510638297872,1.0,,,,,,,,,,,,,67.91,67.91,0.0,True,,,,,5.0,5.0,0.0,True,,,,
target_oracle,mpair_00003205_cond_02_2p,mpair_00003205,eval,2,"TPSA,HBA",N#Cc1cnn(C(=O)OCc2ccc(-c3ccccc3)cc2)c1,O=C(OCc1ccc(-c2ccccc2)cc1)n1cccn1,O=C(OCc1ccc(-c2ccccc2)cc1)n1cccn1,O=C(OCc1ccc(-c2ccccc2)cc1)n1cccn1,O=C(OCc1ccc(-c2ccccc2)cc1)n1cccn1,True,True,True,,0.5833333333333334,1.0,,,,,,,,,,,,,44.120000000000005,44.120000000000005,0.0,True,,,,,4.0,4.0,0.0,True,,,,
target_oracle,mpair_00003209_cond_00_2p,mpair_00003209,eval,2,"QED,TPSA",NC(=S)N/N=C/c1cccc(OCc2ccc3no[n+]([O-])c3c2)c1,NC(=O)N/N=C\c1ccccc1OCc1ccc2no[n+]([O-])c2c1,NC(=O)N/N=C\c1ccccc1OCc1ccc2no[n+]([O-])c2c1,c1ccc(OCc2ccc3no[nH+]c3c2)cc1,c1ccc(OCc2ccc3no[nH+]c3c2)cc1,True,True,True,,0.5882352941176471,1.0,,,,,,,,,0.4106849547701945,0.4106849547701945,0.0,True,129.68,129.68,0.0,True,,,,,,,,,,,,
target_oracle,mpair_00003212_cond_01_2p,mpair_00003212,eval,2,"HBD,RB",CC(C)NC(=O)c1ccc2c(Nc3ccc(Cl)cc3)nc(N3CCOCC3)nc2c1,COC(=O)c1ccc2c(Nc3ccc(Cl)cc3)nc(N3CCOCC3)nc2c1,COC(=O)c1ccc2c(Nc3ccc(Cl)cc3)nc(N3CCOCC3)nc2c1,c1ccc(Nc2nc(N3CCOCC3)nc3ccccc23)cc1,c1ccc(Nc2nc(N3CCOCC3)nc3ccccc23)cc1,True,True,True,,0.7833333333333333,1.0,,,,,,,,,,,,,,,,,1.0,1.0,0.0,True,,,,,4.0,4.0,0.0,True
target_oracle,mpair_00003216_cond_01_2p,mpair_00003216,eval,2,"HBD,HBA",COC(=O)c1ccc2c(Nc3ccc(Cl)cc3)nc(N3CCOCC3)nc2c1,CC(C)NC(=O)c1ccc2c(Nc3ccc(Cl)cc3)nc(N3CCOCC3)nc2c1,CC(C)NC(=O)c1ccc2c(Nc3ccc(Cl)cc3)nc(N3CCOCC3)nc2c1,c1ccc(Nc2nc(N3CCOCC3)nc3ccccc23)cc1,c1ccc(Nc2nc(N3CCOCC3)nc3ccccc23)cc1,True,True,True,,0.7833333333333333,1.0,,,,,,,,,,,,,,,,,2.0,2.0,0.0,True,6.0,6.0,0.0,True,,,,
target_oracle,mpair_00003224_cond_00_2p,mpair_00003224,eval,2,"QED,RB",COCCCN(/C(S)=C1/C(=O)c2cc(Cl)ccc2N(C)C1=O)c1ccccc1,COc1ccc(N(C)/C(S)=C2/C(=O)c3cc(Cl)ccc3N(C)C2=O)cc1,COc1ccc(N(C)/C(S)=C2/C(=O)c3cc(Cl)ccc3N(C)C2=O)cc1,O=C1Nc2ccccc2C(=O)/C1=C/Nc1ccccc1,O=C1Nc2ccccc2C(=O)/C1=C/Nc1ccccc1,True,True,True,,0.5625,1.0,,,,,,,,,0.4935411914533051,0.4935411914533051,0.0,True,,,,,,,,,,,,,3.0,3.0,0.0,True
target_oracle,mpair_00003225_cond_02_2p,mpair_00003225,eval,2,"QED,RB",COCCCN(/C(S)=C1/C(=O)c2cc(Cl)ccc2N(C)C1=O)c1ccccc1,COc1cccc(N(C)/C(S)=C2/C(=O)c3cc(Cl)ccc3N(C)C2=O)c1,COc1cccc(N(C)/C(S)=C2/C(=O)c3cc(Cl)ccc3N(C)C2=O)c1,O=C1Nc2ccccc2C(=O)/C1=C/Nc1ccccc1,O=C1Nc2ccccc2C(=O)/C1=C/Nc1ccccc1,True,True,True,,0.5846153846153846,1.0,,,,,,,,,0.4935411914533051,0.4935411914533051,0.0,True,,,,,,,,,,,,,3.0,3.0,0.0,True
target_oracle,mpair_00003227_cond_01_2p,mpair_00003227,eval,2,"QED,RB",COc1ccc(N(C)/C(S)=C2/C(=O)c3cc(Cl)ccc3N(C)C2=O)cc1,COCCCN(/C(S)=C1/C(=O)c2cc(Cl)ccc2N(C)C1=O)c1ccccc1,COCCCN(/C(S)=C1/C(=O)c2cc(Cl)ccc2N(C)C1=O)c1ccccc1,O=C1Nc2ccccc2C(=O)/C1=C/Nc1ccccc1,O=C1Nc2ccccc2C(=O)/C1=C/Nc1ccccc1,True,True,True,,0.5625,1.0,,,,,,,,,0.3319041471572704,0.3319041471572704,0.0,True,,,,,,,,,,,,,6.0,6.0,0.0,True
target_oracle,mpair_00003531_cond_00_2p,mpair_00003531,eval,2,"TPSA,HBA",CC(C)Oc1cccc(N(Cc2cccnc2)S(=O)(=O)CC(F)(F)F)c1,CCOC(=O)C(C)Oc1cccc(N(Cc2cccnc2)S(=O)(=O)CC(F)(F)F)c1,CCOC(=O)C(C)Oc1cccc(N(Cc2cccnc2)S(=O)(=O)CC(F)(F)F)c1,c1ccc(NCc2cccnc2)cc1,c1ccc(NCc2cccnc2)cc1,True,True,True,,0.7796610169491526,1.0,,,,,,,,,,,,,85.80000000000001,85.80000000000001,0.0,True,,,,,6.0,6.0,0.0,True,,,,
target_oracle,mpair_00003534_cond_02_2p,mpair_00003534,eval,2,"QED,RB",O=S(=O)(CC(F)(F)F)N(Cc1cccnc1)c1cccc(OC(F)(F)F)c1,CC(C)Oc1cccc(N(Cc2cccnc2)S(=O)(=O)CC(F)(F)F)c1,CC(C)Oc1cccc(N(Cc2cccnc2)S(=O)(=O)CC(F)(F)F)c1,c1ccc(NCc2cccnc2)cc1,c1ccc(NCc2cccnc2)cc1,True,True,True,,0.7777777777777778,1.0,,,,,,,,,0.7245796953652621,0.7245796953652621,0.0,True,,,,,,,,,,,,,7.0,7.0,0.0,True
target_oracle,mpair_00003538_cond_02_2p,mpair_00003538,eval,2,"LogP,HBA",CCC(C)COc1cccc(N(Cc2cccnc2)S(=O)(=O)CC(F)(F)F)c1,CCOC(=O)C(C)Oc1cccc(N(Cc2cccnc2)S(=O)(=O)CC(F)(F)F)c1,CCOC(=O)C(C)Oc1cccc(N(Cc2cccnc2)S(=O)(=O)CC(F)(F)F)c1,c1ccc(NCc2cccnc2)cc1,c1ccc(NCc2cccnc2)cc1,True,True,True,,0.6923076923076923,1.0,,,,,3.3107000000000024,3.3107000000000024,0.0,True,,,,,,,,,,,,,6.0,6.0,0.0,True,,,,
target_oracle,mpair_00003542_cond_01_2p,mpair_00003542,eval,2,"QED,RB",CC(C)COc1cccc(N(Cc2cccnc2)S(=O)(=O)CC(F)(F)F)c1,CCC(C)COc1cccc(N(Cc2cccnc2)S(=O)(=O)CC(F)(F)F)c1,CCC(C)COc1cccc(N(Cc2cccnc2)S(=O)(=O)CC(F)(F)F)c1,c1ccc(NCc2cccnc2)cc1,c1ccc(NCc2cccnc2)cc1,True,True,True,,0.8421052631578947,1.0,,,,,,,,,0.6078002459089881,0.6078002459089881,0.0,True,,,,,,,,,,,,,9.0,9.0,0.0,True
target_oracle,mpair_00003544_cond_00_2p,mpair_00003544,eval,2,"LogP,RB",CC(C)COc1cccc(N(Cc2cccnc2)S(=O)(=O)CC(F)(F)F)c1,CCCC(C)Oc1cccc(N(Cc2cccnc2)S(=O)(=O)CC(F)(F)F)c1,CCCC(C)Oc1cccc(N(Cc2cccnc2)S(=O)(=O)CC(F)(F)F)c1,c1ccc(NCc2cccnc2)cc1,c1ccc(NCc2cccnc2)cc1,True,True,True,,0.7213114754098361,1.0,,,,,4.547700000000003,4.547700000000003,0.0,True,,,,,,,,,,,,,,,,,9.0,9.0,0.0,True
target_oracle,mpair_00003547_cond_00_2p,mpair_00003547,eval,2,"QED,RB",CCC(C)COc1cccc(N(Cc2cccnc2)S(=O)(=O)CC(F)(F)F)c1,CC(C)COc1cccc(N(Cc2cccnc2)S(=O)(=O)CC(F)(F)F)c1,CC(C)COc1cccc(N(Cc2cccnc2)S(=O)(=O)CC(F)(F)F)c1,c1ccc(NCc2cccnc2)cc1,c1ccc(NCc2cccnc2)cc1,True,True,True,,0.8421052631578947,1.0,,,,,,,,,0.6693605971809802,0.6693605971809802,0.0,True,,,,,,,,,,,,,8.0,8.0,0.0,True
target_oracle,mpair_00000000_cond_00_3p,mpair_00000000,eval,3,"LogP,HBA,RB",O=C(c1cccc(Cl)c1)N1C[C@H](CN2CCC(c3ccccc3)CC2)[C@@H](c2ccccc2)C1,COc1cccc(C(=O)N2C[C@H](CN3CCC(c4ccccc4)CC3)[C@@H](c3ccccc3)C2)c1,COc1cccc(C(=O)N2C[C@H](CN3CCC(c4ccccc4)CC3)[C@@H](c3ccccc3)C2)c1,O=C(c1ccccc1)N1C[C@H](CN2CCC(c3ccccc3)CC2)[C@@H](c2ccccc2)C1,O=C(c1ccccc1)N1C[C@H](CN2CCC(c3ccccc3)CC2)[C@@H](c2ccccc2)C1,True,True,True,,0.7413793103448276,1.0,,,,,5.430600000000005,5.430600000000005,0.0,True,,,,,,,,,,,,,3.0,3.0,0.0,True,6.0,6.0,0.0,True
target_oracle,mpair_00000006_cond_01_3p,mpair_00000006,eval,3,"MW,LogP,QED",O=C(c1ccccc1F)N1C[C@H](CN2CCC(c3ccccc3)CC2)[C@@H](c2ccccc2)C1,O=C(c1ccccc1C(F)(F)F)N1C[C@H](CN2CCC(c3ccccc3)CC2)[C@@H](c2ccccc2)C1,O=C(c1ccccc1C(F)(F)F)N1C[C@H](CN2CCC(c3ccccc3)CC2)[C@@H](c2ccccc2)C1,O=C(c1ccccc1)N1C[C@H](CN2CCC(c3ccccc3)CC2)[C@@H](c2ccccc2)C1,O=C(c1ccccc1)N1C[C@H](CN2CCC(c3ccccc3)CC2)[C@@H](c2ccccc2)C1,True,True,True,,0.7592592592592593,1.0,492.5850000000002,492.5850000000002,0.0,True,6.4408000000000065,6.4408000000000065,0.0,True,0.4092272471712491,0.4092272471712491,0.0,True,,,,,,,,,,,,,,,,
target_oracle,mpair_00000010_cond_00_3p,mpair_00000010,eval,3,"QED,HBA,RB",O=C(c1ccccc1C(F)(F)F)N1C[C@H](CN2CCC(c3ccccc3)CC2)[C@@H](c2ccccc2)C1,COc1cccc(C(=O)N2C[C@H](CN3CCC(c4ccccc4)CC3)[C@@H](c3ccccc3)C2)c1,COc1cccc(C(=O)N2C[C@H](CN3CCC(c4ccccc4)CC3)[C@@H](c3ccccc3)C2)c1,O=C(c1ccccc1)N1C[C@H](CN2CCC(c3ccccc3)CC2)[C@@H](c2ccccc2)C1,O=C(c1ccccc1)N1C[C@H](CN2CCC(c3ccccc3)CC2)[C@@H](c2ccccc2)C1,True,True,True,,0.578125,1.0,,,,,,,,,0.49786269936596683,0.49786269936596683,0.0,True,,,,,,,,,3.0,3.0,0.0,True,6.0,6.0,0.0,True
target_oracle,mpair_00000018_cond_01_3p,mpair_00000018,eval,3,"MW,QED,RB",COC(=O)C1=C(c2ccc(Cl)nc2)CC2CCC1N2C,CN1C2C=C(c3ccc(Cl)nc3)CC1CC2,CN1C2C=C(c3ccc(Cl)nc3)CC1CC2,C1=C(c2cccnc2)CC2CCC1N2,C1=C(c2cccnc2)CC2CCC1N2,True,True,True,,0.48148148148148145,1.0,234.72999999999996,234.72999999999996,0.0,True,,,,,0.6949032404938756,0.6949032404938756,0.0,True,,,,,,,,,,,,,1.0,1.0,0.0,True
target_oracle,mpair_00000323_cond_00_3p,mpair_00000323,eval,3,"TPSA,HBD,HBA",N[C@@H](C(=O)N[C@@H]1C(=O)N2C(C(=O)O)=C(C(F)(F)F)CC[C@H]12)c1ccc(F)cc1,N[C@@H](C(=O)N[C@@H]1C(=O)N2C(C(=O)O)=C(C(F)(F)F)CC[C@H]12)c1ccc(O)cc1,N[C@@H](C(=O)N[C@@H]1C(=O)N2C(C(=O)O)=C(C(F)(F)F)CC[C@H]12)c1ccc(O)cc1,O=C(Cc1ccccc1)N[C@@H]1C(=O)N2C=CCC[C@H]12,O=C(Cc1ccccc1)N[C@@H]1C(=O)N2C=CCC[C@H]12,True,True,True,,0.8545454545454545,1.0,,,,,,,,,,,,,132.96,132.96,0.0,True,4.0,4.0,0.0,True,5.0,5.0,0.0,True,,,,
target_oracle,mpair_00000329_cond_02_3p,mpair_00000329,eval,3,"QED,HBA,RB",CSC1=C(C(=O)O)N2C(=O)[C@@H](NC(=O)[C@H](N)c3ccccc3)[C@H]2CC1,N[C@@H](C(=O)N[C@@H]1C(=O)N2C(C(=O)O)=C(C(F)(F)F)CC[C@H]12)c1ccc(F)cc1,N[C@@H](C(=O)N[C@@H]1C(=O)N2C(C(=O)O)=C(C(F)(F)F)CC[C@H]12)c1ccc(F)cc1,O=C(Cc1ccccc1)N[C@@H]1C(=O)N2C=CCC[C@H]12,O=C(Cc1ccccc1)N[C@@H]1C(=O)N2C=CCC[C@H]12,True,True,True,,0.5873015873015873,1.0,,,,,,,,,0.5187711593734389,0.5187711593734389,0.0,True,,,,,,,,,4.0,4.0,0.0,True,4.0,4.0,0.0,True
target_oracle,mpair_00000331_cond_02_3p,mpair_00000331,eval,3,"TPSA,HBD,HBA",N[C@@H](C(=O)N[C@@H]1C(=O)N2C(C(=O)O)=C(C(F)(F)F)CC[C@H]12)c1ccc(O)cc1,N[C@@H](C(=O)N[C@@H]1C(=O)N2C(C(=O)O)=C(C(F)(F)F)CC[C@H]12)c1ccc(F)cc1,N[C@@H](C(=O)N[C@@H]1C(=O)N2C(C(=O)O)=C(C(F)(F)F)CC[C@H]12)c1ccc(F)cc1,O=C(Cc1ccccc1)N[C@@H]1C(=O)N2C=CCC[C@H]12,O=C(Cc1ccccc1)N[C@@H]1C(=O)N2C=CCC[C@H]12,True,True,True,,0.8545454545454545,1.0,,,,,,,,,,,,,112.73,112.73,0.0,True,3.0,3.0,0.0,True,4.0,4.0,0.0,True,,,,
target_oracle,mpair_00000336_cond_01_3p,mpair_00000336,eval,3,"MW,LogP,QED",N[C@@H](C(=O)N[C@@H]1C(=O)N2C(C(=O)O)=C(C(F)(F)F)CC[C@H]12)c1cccc(Br)c1,N[C@@H](C(=O)N[C@@H]1C(=O)N2C(C(=O)O)=C(C(F)(F)F)CC[C@H]12)c1ccc(F)cc1,N[C@@H](C(=O)N[C@@H]1C(=O)N2C(C(=O)O)=C(C(F)(F)F)CC[C@H]12)c1ccc(F)cc1,O=C(Cc1ccccc1)N[C@@H]1C(=O)N2C=CCC[C@H]12,O=C(Cc1ccccc1)N[C@@H]1C(=O)N2C=CCC[C@H]12,True,True,True,,0.7377049180327869,1.0,401.3160000000001,401.3160000000001,0.0,True,1.2158999999999993,1.2158999999999993,0.0,True,0.5187711593734389,0.5187711593734389,0.0,True,,,,,,,,,,,,,,,,
target_oracle,mpair_00000595_cond_02_3p,mpair_00000595,eval,3,"QED,HBD,RB",COc1ccc(CCCC[C@@H]2N[C@@H](CO)[C@H](O)[C@H]2O)cc1,OC[C@@H]1N[C@@H](CCCCc2ccc(O)cc2)[C@H](O)[C@H]1O,OC[C@@H]1N[C@@H](CCCCc2ccc(O)cc2)[C@H](O)[C@H]1O,c1ccc(CCCC[C@H]2CCCN2)cc1,c1ccc(CCCC[C@H]2CCCN2)cc1,True,True,True,,0.7,1.0,,,,,,,,,0.47902706341404183,0.47902706341404183,0.0,True,,,,,5.0,5.0,0.0,True,,,,,6.0,6.0,0.0,True
target_oracle,mpair_00000726_cond_02_3p,mpair_00000726,eval,3,"MW,QED,HBD",C=CCc1cc(/C=C2\SC(=O)NC2=O)c(OC)cc1OC1CCCCO1,C=CCc1cc(/C=C2\SC(=O)N(CC=C)C2=O)c(OC)cc1OC1CCCCO1,C=CCc1cc(/C=C2\SC(=O)N(CC=C)C2=O)c(OC)cc1OC1CCCCO1,O=C1NC(=O)/C(=C/c2ccc(OC3CCCCO3)cc2)S1,O=C1NC(=O)/C(=C/c2ccc(OC3CCCCO3)cc2)S1,True,True,True,,0.696969696969697,1.0,415.51100000000025,415.51100000000025,0.0,True,,,,,0.45838471716690443,0.45838471716690443,0.0,True,,,,,0.0,0.0,0.0,True,,,,,,,,
target_oracle,mpair_00000739_cond_02_3p,mpair_00000739,eval,3,"LogP,QED,RB",C=CCc1cc(/C=C2\SC(=O)N(CCCC)C2=O)c(OC)cc1OC1CCCCO1,C=CCc1cc(/C=C2\SC(=O)N(CC=C)C2=O)c(OC)cc1OC1CCCCO1,C=CCc1cc(/C=C2\SC(=O)N(CC=C)C2=O)c(OC)cc1OC1CCCCO1,O=C1NC(=O)/C(=C/c2ccc(OC3CCCCO3)cc2)S1,O=C1NC(=O)/C(=C/c2ccc(OC3CCCCO3)cc2)S1,True,True,True,,0.8181818181818182,1.0,,,,,4.551400000000004,4.551400000000004,0.0,True,0.45838471716690443,0.45838471716690443,0.0,True,,,,,,,,,,,,,8.0,8.0,0.0,True
target_oracle,mpair_00000742_cond_00_3p,mpair_00000742,eval,3,"LogP,QED,RB",C=CCc1cc(/C=C2\SC(=O)N(C)C2=O)c(OC)cc1OC1CCCCO1,C=CCc1cc(/C=C2\SC(=O)N(CC=C(C)C)C2=O)c(OC)cc1OC1CCCCO1,C=CCc1cc(/C=C2\SC(=O)N(CC=C(C)C)C2=O)c(OC)cc1OC1CCCCO1,O=C1NC(=O)/C(=C/c2ccc(OC3CCCCO3)cc2)S1,O=C1NC(=O)/C(=C/c2ccc(OC3CCCCO3)cc2)S1,True,True,True,,0.7761194029850746,1.0,,,,,5.331600000000005,5.331600000000005,0.0,True,0.3995752918375223,0.3995752918375223,0.0,True,,,,,,,,,,,,,8.0,8.0,0.0,True
target_oracle,mpair_00000747_cond_00_3p,mpair_00000747,eval,3,"LogP,HBD,RB",C=CCc1cc(/C=C2\SC(=O)N(CC=C)C2=O)c(OC)cc1OC1CCCCO1,C=CCc1cc(/C=C2\SC(=O)NC2=O)c(OC)cc1OC1CCCCO1,C=CCc1cc(/C=C2\SC(=O)NC2=O)c(OC)cc1OC1CCCCO1,O=C1NC(=O)/C(=C/c2ccc(OC3CCCCO3)cc2)S1,O=C1NC(=O)/C(=C/c2ccc(OC3CCCCO3)cc2)S1,True,True,True,,0.696969696969697,1.0,,,,,3.6530000000000022,3.6530000000000022,0.0,True,,,,,,,,,1.0,1.0,0.0,True,,,,,6.0,6.0,0.0,True
target_oracle,mpair_00000748_cond_02_3p,mpair_00000748,eval,3,"LogP,QED,RB",C=CCc1cc(/C=C2\SC(=O)N(C)C2=O)c(OC)cc1OC1CCCCO1,C=CCc1cc(/C=C2\SC(=O)N(CC=C)C2=O)c(OC)cc1OC1CCCCO1,C=CCc1cc(/C=C2\SC(=O)N(CC=C)C2=O)c(OC)cc1OC1CCCCO1,O=C1NC(=O)/C(=C/c2ccc(OC3CCCCO3)cc2)S1,O=C1NC(=O)/C(=C/c2ccc(OC3CCCCO3)cc2)S1,True,True,True,,0.8095238095238095,1.0,,,,,4.551400000000004,4.551400000000004,0.0,True,0.45838471716690443,0.45838471716690443,0.0,True,,,,,,,,,,,,,8.0,8.0,0.0,True
target_oracle,mpair_00000757_cond_02_3p,mpair_00000757,eval,3,"LogP,HBA,RB",COc1cccc(-c2cncc(O[C@@H]3CCNC3)c2)c1,Clc1cccc(-c2cncc(O[C@@H]3CCNC3)c2)c1,Clc1cccc(-c2cncc(O[C@@H]3CCNC3)c2)c1,c1ccc(-c2cncc(O[C@@H]3CCNC3)c2)cc1,c1ccc(-c2cncc(O[C@@H]3CCNC3)c2)cc1,True,True,True,,0.7446808510638298,1.0,,,,,3.1427000000000014,3.1427000000000014,0.0,True,,,,,,,,,,,,,3.0,3.0,0.0,True,3.0,3.0,0.0,True
target_oracle,mpair_00001124_cond_01_3p,mpair_00001124,eval,3,"LogP,HBA,RB",COc1ccc(N2CCN(CCC3NC(=O)c4ccccc43)CC2)cc1,Cc1ccc(N2CCN(CCC3NC(=O)c4ccccc43)CC2)cc1C,Cc1ccc(N2CCN(CCC3NC(=O)c4ccccc43)CC2)cc1C,O=C1NC(CCN2CCN(c3ccccc3)CC2)c2ccccc21,O=C1NC(CCN2CCN(c3ccccc3)CC2)c2ccccc21,True,True,True,,0.7037037037037037,1.0,,,,,3.3002400000000023,3.3002400000000023,0.0,True,,,,,,,,,,,,,3.0,3.0,0.0,True,4.0,4.0,0.0,True
target_oracle,mpair_00001131_cond_01_3p,mpair_00001131,eval,3,"HBD,HBA,RB",COc1ccc(N2CCN(CCC3c4ccccc4C(=O)N3C)CC2)cc1,Cc1ccc(N2CCN(CCC3NC(=O)c4ccccc43)CC2)cc1C,Cc1ccc(N2CCN(CCC3NC(=O)c4ccccc43)CC2)cc1C,O=C1NC(CCN2CCN(c3ccccc3)CC2)c2ccccc21,O=C1NC(CCN2CCN(c3ccccc3)CC2)c2ccccc21,True,True,True,,0.4444444444444444,1.0,,,,,,,,,,,,,,,,,1.0,1.0,0.0,True,3.0,3.0,0.0,True,4.0,4.0,0.0,True
target_oracle,mpair_00001133_cond_02_3p,mpair_00001133,eval,3,"QED,TPSA,HBA",COc1ccccc1CC(=O)NCCC1CCN(CC2COc3ccccc3O2)CC1,O=C(Cc1ccccc1[N+](=O)[O-])NCCC1CCN(CC2COc3ccccc3O2)CC1,O=C(Cc1ccccc1[N+](=O)[O-])NCCC1CCN(CC2COc3ccccc3O2)CC1,O=C(Cc1ccccc1)NCCC1CCN(CC2COc3ccccc3O2)CC1,O=C(Cc1ccccc1)NCCC1CCN(CC2COc3ccccc3O2)CC1,True,True,True,,0.7164179104477612,1.0,,,,,,,,,0.5015202818225966,0.5015202818225966,0.0,True,93.94,93.94,0.0,True,,,,,6.0,6.0,0.0,True,,,,
target_oracle,mpair_00002370_cond_02_3p,mpair_00002370,eval,3,"HBD,HBA,RB",CCOC(=O)/C=C/c1cc(C(=O)c2ccc(-n3ccnc3)cc2)cn1C,Cn1cc(C(=O)c2ccc(-n3ccnc3)cc2)cc1/C=C/C(=O)O,Cn1cc(C(=O)c2ccc(-n3ccnc3)cc2)cc1/C=C/C(=O)O,O=C(c1ccc(-n2ccnc2)cc1)c1cc[nH]c1,O=C(c1ccc(-n2ccnc2)cc1)c1cc[nH]c1,True,True,True,,0.7454545454545455,1.0,,,,,,,,,,,,,,,,,1.0,1.0,0.0,True,5.0,5.0,0.0,True,5.0,5.0,0.0,True
target_oracle,mpair_00002375_cond_02_3p,mpair_00002375,eval,3,"TPSA,HBD,HBA",COc1cccc2sc([C@@H]3C[C@H]4CC[C@@H](C3)N4C[C@H](O)COc3cccc4[nH]c(C(N)=O)cc34)cc12,COc1cccc2sc([C@@H]3C[C@H]4CC[C@@H](C3)N4C[C@H](O)COc3cccc4[nH]c(C)cc34)cc12,COc1cccc2sc([C@@H]3C[C@H]4CC[C@@H](C3)N4C[C@H](O)COc3cccc4[nH]c(C)cc34)cc12,c1ccc2sc([C@@H]3C[C@H]4CC[C@@H](C3)N4CCCOc3cccc4[nH]ccc34)cc2c1,c1ccc2sc([C@@H]3C[C@H]4CC[C@@H](C3)N4CCCOc3cccc4[nH]ccc34)cc2c1,True,True,True,,0.7916666666666666,1.0,,,,,,,,,,,,,57.720000000000006,57.720000000000006,0.0,True,2.0,2.0,0.0,True,5.0,5.0,0.0,True,,,,
target_oracle,mpair_00002466_cond_00_3p,mpair_00002466,eval,3,"QED,HBA,RB",CN(C)CCCOc1cc(C(=O)Nc2ccc(Cl)cc2F)n(Cc2ccccc2)n1,CN(C)CCCOc1cc(C(=O)Nc2ccc(OC(F)(F)F)cc2)n(Cc2ccccc2)n1,CN(C)CCCOc1cc(C(=O)Nc2ccc(OC(F)(F)F)cc2)n(Cc2ccccc2)n1,O=C(Nc1ccccc1)c1ccnn1Cc1ccccc1,O=C(Nc1ccccc1)c1ccnn1Cc1ccccc1,True,True,True,,0.6428571428571429,1.0,,,,,,,,,0.4522382232340766,0.4522382232340766,0.0,True,,,,,,,,,6.0,6.0,0.0,True,10.0,10.0,0.0,True
target_oracle,mpair_00002469_cond_02_3p,mpair_00002469,eval,3,"MW,TPSA,HBA",COc1ccc(NC(=O)c2cc(OCCCN(C)C)nn2Cc2ccccc2)cc1,COc1cc(NC(=O)c2cc(OCCCN(C)C)nn2Cc2ccccc2)cc(OC)c1OC,COc1cc(NC(=O)c2cc(OCCCN(C)C)nn2Cc2ccccc2)cc(OC)c1OC,O=C(Nc1ccccc1)c1ccnn1Cc1ccccc1,O=C(Nc1ccccc1)c1ccnn1Cc1ccccc1,True,True,True,,0.7741935483870968,1.0,468.5540000000002,468.5540000000002,0.0,True,,,,,,,,,87.08000000000001,87.08000000000001,0.0,True,,,,,8.0,8.0,0.0,True,,,,
target_oracle,mpair_00002472_cond_02_3p,mpair_00002472,eval,3,"MW,LogP,QED",COc1ccc(NC(=O)c2cc(OCCCN(C)C)nn2Cc2ccccc2)cc1,CN(C)CCCOc1cc(C(=O)Nc2cc(F)cc(C(F)(F)F)c2)n(Cc2ccccc2)n1,CN(C)CCCOc1cc(C(=O)Nc2cc(F)cc(C(F)(F)F)c2)n(Cc2ccccc2)n1,O=C(Nc1ccccc1)c1ccnn1Cc1ccccc1,O=C(Nc1ccccc1)c1ccnn1Cc1ccccc1,True,True,True,,0.6764705882352942,1.0,464.4630000000001,464.4630000000001,0.0,True,4.672100000000003,4.672100000000003,0.0,True,0.369385517709234,0.369385517709234,0.0,True,,,,,,,,,,,,,,,,
target_oracle,mpair_00002478_cond_01_3p,mpair_00002478,eval,3,"MW,LogP,QED",CN(C)CCCOc1cc(C(=O)Nc2cccc(Cl)c2)n(Cc2ccccc2)n1,CN(C)CCCOc1cc(C(=O)Nc2cc(F)cc(C(F)(F)F)c2)n(Cc2ccccc2)n1,CN(C)CCCOc1cc(C(=O)Nc2cc(F)cc(C(F)(F)F)c2)n(Cc2ccccc2)n1,O=C(Nc1ccccc1)c1ccnn1Cc1ccccc1,O=C(Nc1ccccc1)c1ccnn1Cc1ccccc1,True,True,True,,0.6764705882352942,1.0,464.4630000000001,464.4630000000001,0.0,True,4.672100000000003,4.672100000000003,0.0,True,0.369385517709234,0.369385517709234,0.0,True,,,,,,,,,,,,,,,,
target_oracle,mpair_00002482_cond_00_3p,mpair_00002482,eval,3,"MW,LogP,QED",COc1ccc(NC(=O)c2cc(OCCCN(C)C)nn2Cc2ccccc2)cc1,CN(C)CCCOc1cc(C(=O)Nc2ccc(OC(F)(F)F)cc2)n(Cc2ccccc2)n1,CN(C)CCCOc1cc(C(=O)Nc2ccc(OC(F)(F)F)cc2)n(Cc2ccccc2)n1,O=C(Nc1ccccc1)c1ccnn1Cc1ccccc1,O=C(Nc1ccccc1)c1ccnn1Cc1ccccc1,True,True,True,,0.8064516129032258,1.0,462.4720000000001,462.4720000000001,0.0,True,4.412800000000003,4.412800000000003,0.0,True,0.4522382232340766,0.4522382232340766,0.0,True,,,,,,,,,,,,,,,,
target_oracle,mpair_00002488_cond_00_3p,mpair_00002488,eval,3,"LogP,TPSA,HBA",C=Cc1cc(C(=O)OCC)n(S(=O)(=O)c2cc(Cl)ccc2N)c1,CC(C)OC(=O)c1cc(CO)cn1S(=O)(=O)c1cc(Cl)ccc1N,CC(C)OC(=O)c1cc(CO)cn1S(=O)(=O)c1cc(Cl)ccc1N,O=S(=O)(c1ccccc1)n1cccc1,O=S(=O)(c1ccccc1)n1cccc1,True,True,True,,0.5396825396825397,1.0,,,,,2.0182,2.0182,0.0,True,,,,,111.61999999999999,111.61999999999999,0.0,True,,,,,7.0,7.0,0.0,True,,,,
target_oracle,mpair_00002498_cond_00_3p,mpair_00002498,eval,3,"MW,QED,RB",CCc1ccc(NC2=C(Cl)C(=O)c3ncncc3C2=O)cc1,O=C1C(Nc2cccc(Br)c2)=C(Cl)C(=O)c2ncncc21,O=C1C(Nc2cccc(Br)c2)=C(Cl)C(=O)c2ncncc21,O=C1C(Nc2ccccc2)=CC(=O)c2ncncc21,O=C1C(Nc2ccccc2)=CC(=O)c2ncncc21,True,True,True,,0.5882352941176471,1.0,364.58600000000007,364.58600000000007,0.0,True,,,,,0.885902971993687,0.885902971993687,0.0,True,,,,,,,,,,,,,2.0,2.0,0.0,True
target_oracle,mpair_00002500_cond_02_3p,mpair_00002500,eval,3,"MW,QED,RB",O=C1C(Nc2ccc(Br)cc2)=C(Cl)C(=O)c2ncncc21,CCc1ccc(NC2=C(Cl)C(=O)c3ncncc3C2=O)cc1,CCc1ccc(NC2=C(Cl)C(=O)c3ncncc3C2=O)cc1,O=C1C(Nc2ccccc2)=CC(=O)c2ncncc21,O=C1C(Nc2ccccc2)=CC(=O)c2ncncc21,True,True,True,,0.7111111111111111,1.0,313.744,313.744,0.0,True,,,,,0.9428073960459649,0.9428073960459649,0.0,True,,,,,,,,,,,,,3.0,3.0,0.0,True
target_oracle,mpair_00002505_cond_01_3p,mpair_00002505,eval,3,"QED,HBA,RB",COc1ccc(C(=O)CN2c3ccccc3C(=O)N(Cc3ccccc3)S2(=O)=O)cc1,O=C(CN1c2ccccc2C(=O)N(Cc2ccccc2)S1(=O)=O)c1ccccc1,O=C(CN1c2ccccc2C(=O)N(Cc2ccccc2)S1(=O)=O)c1ccccc1,O=C(CN1c2ccccc2C(=O)N(Cc2ccccc2)S1(=O)=O)c1ccccc1,O=C(CN1c2ccccc2C(=O)N(Cc2ccccc2)S1(=O)=O)c1ccccc1,True,True,True,,0.7916666666666666,1.0,,,,,,,,,0.6096951629926923,0.6096951629926923,0.0,True,,,,,,,,,4.0,4.0,0.0,True,5.0,5.0,0.0,True
target_oracle,mpair_00002510_cond_00_3p,mpair_00002510,eval,3,"LogP,TPSA,HBA",CSc1cc(-c2ccc(Br)cc2)oc(=O)c1C#N,CSc1cc(-c2ccc(Br)cc2)oc(=O)c1Cl,CSc1cc(-c2ccc(Br)cc2)oc(=O)c1Cl,O=c1cccc(-c2ccccc2)o1,O=c1cccc(-c2ccccc2)o1,True,True,True,,0.6428571428571429,1.0,,,,,4.444600000000002,4.444600000000002,0.0,True,,,,,30.21,30.21,0.0,True,,,,,3.0,3.0,0.0,True,,,,
target_oracle,mpair_00002543_cond_01_3p,mpair_00002543,eval,3,"TPSA,HBD,RB",CSc1cc(-c2ccc(Br)cc2)oc(=O)c1Cl,CSc1cc(-c2ccc(Cl)cc2)oc(=O)c1C(N)=O,CSc1cc(-c2ccc(Cl)cc2)oc(=O)c1C(N)=O,O=c1cccc(-c2ccccc2)o1,O=c1cccc(-c2ccccc2)o1,True,True,True,,0.5217391304347826,1.0,,,,,,,,,,,,,73.30000000000001,73.30000000000001,0.0,True,1.0,1.0,0.0,True,,,,,3.0,3.0,0.0,True
target_oracle,mpair_00002559_cond_02_3p,mpair_00002559,eval,3,"LogP,QED,RB",CN(C(=O)n1nc(-c2ccc(Cl)cc2)nc1SCC(F)(F)F)c1ccccc1,CSc1nc(-c2ccc(C)cc2)nn1C(=O)N(C)c1ccccc1,CSc1nc(-c2ccc(C)cc2)nn1C(=O)N(C)c1ccccc1,O=C(Nc1ccccc1)n1cnc(-c2ccccc2)n1,O=C(Nc1ccccc1)n1cnc(-c2ccccc2)n1,True,True,True,,0.5862068965517241,1.0,,,,,4.079920000000002,4.079920000000002,0.0,True,0.6753188675979567,0.6753188675979567,0.0,True,,,,,,,,,,,,,3.0,3.0,0.0,True
target_oracle,mpair_00002564_cond_02_3p,mpair_00002564,eval,3,"LogP,QED,HBA",CSc1nc(-c2ccc(OC(F)(F)F)cc2)nn1C(=O)N(C)c1ccccc1,CN(C(=O)n1nc(-c2ccc(Cl)cc2)nc1SCC(F)(F)F)c1ccccc1,CN(C(=O)n1nc(-c2ccc(Cl)cc2)nc1SCC(F)(F)F)c1ccccc1,O=C(Nc1ccccc1)n1cnc(-c2ccccc2)n1,O=C(Nc1ccccc1)n1cnc(-c2ccccc2)n1,True,True,True,,0.5967741935483871,1.0,,,,,5.357400000000003,5.357400000000003,0.0,True,0.5270344401044634,0.5270344401044634,0.0,True,,,,,,,,,5.0,5.0,0.0,True,,,,
target_oracle,mpair_00002573_cond_02_3p,mpair_00002573,eval,3,"MW,LogP,QED",COc1cc(C(=O)N2CCN(C(=O)c3cc(OC)c(OC)c(OC)c3)C(COC(=O)CC(C)(C)C)C2)cc(OC)c1OC,COc1cc(C(=O)N2CCN(C(=O)c3cc(OC)c(OC)c(OC)c3)C(COC(C)=O)C2)cc(OC)c1OC,COc1cc(C(=O)N2CCN(C(=O)c3cc(OC)c(OC)c(OC)c3)C(COC(C)=O)C2)cc(OC)c1OC,O=C(c1ccccc1)N1CCN(C(=O)c2ccccc2)CC1,O=C(c1ccccc1)N1CCN(C(=O)c2ccccc2)CC1,True,True,True,,0.7547169811320755,1.0,546.5730000000003,546.5730000000003,0.0,True,2.2681000000000004,2.2681000000000004,0.0,True,0.41028124355120477,0.41028124355120477,0.0,True,,,,,,,,,,,,,,,,
target_oracle,mpair_00002584_cond_00_3p,mpair_00002584,eval,3,"LogP,QED,HBA",COc1cc(C(=O)N2CCN(C(=O)c3cc(OC)c(OC)c(OC)c3)C(CO)C2)cc(OC)c1OC,COc1cc(C(=O)N2CCN(C(=O)c3cc(OC)c(OC)c(OC)c3)C(COC(C)=O)C2)cc(OC)c1OC,COc1cc(C(=O)N2CCN(C(=O)c3cc(OC)c(OC)c(OC)c3)C(COC(C)=O)C2)cc(OC)c1OC,O=C(c1ccccc1)N1CCN(C(=O)c2ccccc2)CC1,O=C(c1ccccc1)N1CCN(C(=O)c2ccccc2)CC1,True,True,True,,0.75,1.0,,,,,2.2681000000000004,2.2681000000000004,0.0,True,0.41028124355120477,0.41028124355120477,0.0,True,,,,,,,,,10.0,10.0,0.0,True,,,,
target_oracle,mpair_00002589_cond_01_3p,mpair_00002589,eval,3,"MW,LogP,HBA",COc1cc(C(=O)N2CCN(C(=O)c3cc(OC)c(OC)c(OC)c3)C(CO)C2)cc(OC)c1OC,CCN(CC)C(=O)OCC1CN(C(=O)c2cc(OC)c(OC)c(OC)c2)CCN1C(=O)c1cc(OC)c(OC)c(OC)c1,CCN(CC)C(=O)OCC1CN(C(=O)c2cc(OC)c(OC)c(OC)c2)CCN1C(=O)c1cc(OC)c(OC)c(OC)c1,O=C(c1ccccc1)N1CCN(C(=O)c2ccccc2)CC1,O=C(c1ccccc1)N1CCN(C(=O)c2ccccc2)CC1,True,True,True,,0.6792452830188679,1.0,603.6690000000003,603.6690000000003,0.0,True,3.1834000000000024,3.1834000000000024,0.0,True,,,,,,,,,,,,,10.0,10.0,0.0,True,,,,
target_oracle,mpair_00002594_cond_02_3p,mpair_00002594,eval,3,"MW,LogP,RB",CCN(CC)C(=O)OCC1CN(C(=O)c2cc(OC)c(OC)c(OC)c2)CCN1C(=O)c1cc(OC)c(OC)c(OC)c1,COc1cc(C(=O)N2CCN(C(=O)c3cc(OC)c(OC)c(OC)c3)C(COC(C)=O)C2)cc(OC)c1OC,COc1cc(C(=O)N2CCN(C(=O)c3cc(OC)c(OC)c(OC)c3)C(COC(C)=O)C2)cc(OC)c1OC,O=C(c1ccccc1)N1CCN(C(=O)c2ccccc2)CC1,O=C(c1ccccc1)N1CCN(C(=O)c2ccccc2)CC1,True,True,True,,0.7547169811320755,1.0,546.5730000000003,546.5730000000003,0.0,True,2.2681000000000004,2.2681000000000004,0.0,True,,,,,,,,,,,,,,,,,10.0,10.0,0.0,True
target_oracle,mpair_00002601_cond_00_3p,mpair_00002601,eval,3,"MW,LogP,QED",COc1ccc(C(=O)Nc2ccncc2Cl)c2cccnc12,COc1ccc(C(=O)Nc2ccncc2Cl)c2ccc(C(F)(F)F)nc12,COc1ccc(C(=O)Nc2ccncc2Cl)c2ccc(C(F)(F)F)nc12,O=C(Nc1ccncc1)c1cccc2ncccc12,O=C(Nc1ccncc1)c1cccc2ncccc12,True,True,True,,0.6724137931034483,1.0,381.74100000000004,381.74100000000004,0.0,True,4.562900000000002,4.562900000000002,0.0,True,0.7218484507203837,0.7218484507203837,0.0,True,,,,,,,,,,,,,,,,
target_oracle,mpair_00002605_cond_00_3p,mpair_00002605,eval,3,"TPSA,HBD,RB",COc1ccc(C(=O)Nc2c(Cl)cncc2Cl)c2ccc(C(C)O)nc12,COc1ccc(C(=O)Nc2c(F)cncc2F)c2ccc(C(F)(F)F)nc12,COc1ccc(C(=O)Nc2c(F)cncc2F)c2ccc(C(F)(F)F)nc12,O=C(Nc1ccncc1)c1cccc2ncccc12,O=C(Nc1ccncc1)c1cccc2ncccc12,True,True,True,,0.532258064516129,1.0,,,,,,,,,,,,,64.11,64.11,0.0,True,1.0,1.0,0.0,True,,,,,3.0,3.0,0.0,True
target_oracle,mpair_00002610_cond_01_3p,mpair_00002610,eval,3,"LogP,TPSA,HBD",CCc1ccc2c(C(=O)Nc3c(Cl)cncc3Cl)ccc(OC)c2n1,COc1ccc(C(=O)Nc2c(Cl)cncc2Cl)c2ccc(C(C)O)nc12,COc1ccc(C(=O)Nc2c(Cl)cncc2Cl)c2ccc(C(C)O)nc12,O=C(Nc1ccncc1)c1cccc2ncccc12,O=C(Nc1ccncc1)c1cccc2ncccc12,True,True,True,,0.6964285714285714,1.0,,,,,4.2508000000000035,4.2508000000000035,0.0,True,,,,,84.34,84.34,0.0,True,2.0,2.0,0.0,True,,,,,,,,
target_oracle,mpair_00002616_cond_01_3p,mpair_00002616,eval,3,"TPSA,HBA,RB",COc1ccc(C(=O)Nc2c(F)cncc2F)c2ccc(C(F)(F)F)nc12,COc1ccc(C(=O)Nc2c(Cl)cncc2Cl)c2ccc(C(C)=O)nc12,COc1ccc(C(=O)Nc2c(Cl)cncc2Cl)c2ccc(C(C)=O)nc12,O=C(Nc1ccncc1)c1cccc2ncccc12,O=C(Nc1ccncc1)c1cccc2ncccc12,True,True,True,,0.55,1.0,,,,,,,,,,,,,81.17999999999999,81.17999999999999,0.0,True,,,,,5.0,5.0,0.0,True,4.0,4.0,0.0,True
target_oracle,mpair_00002622_cond_00_3p,mpair_00002622,eval,3,"MW,QED,RB",CCc1ccc2c(C(=O)Nc3c(Cl)cncc3Cl)ccc(OC)c2n1,COc1ccc(C(=O)Nc2ccncc2Cl)c2cccnc12,COc1ccc(C(=O)Nc2ccncc2Cl)c2cccnc12,O=C(Nc1ccncc1)c1cccc2ncccc12,O=C(Nc1ccncc1)c1cccc2ncccc12,True,True,True,,0.5,1.0,313.744,313.744,0.0,True,,,,,0.8029165077767629,0.8029165077767629,0.0,True,,,,,,,,,,,,,3.0,3.0,0.0,True
target_oracle,mpair_00002629_cond_00_3p,mpair_00002629,eval,3,"TPSA,HBA,RB",CC(C)CC(=O)N1C[C@H](c2ccccc2)C[C@H]1C(=O)N[C@@H](CC(F)F)C(=O)NCCc1c(F)cc(C(=O)O)cc1F,CC(C)(C)[C@H](O)C(=O)N1C[C@H](c2ccccc2)C[C@H]1C(=O)N[C@@H](CC(F)F)C(=O)NCCc1c(F)cc(C(=O)O)cc1F,CC(C)(C)[C@H](O)C(=O)N1C[C@H](c2ccccc2)C[C@H]1C(=O)N[C@@H](CC(F)F)C(=O)NCCc1c(F)cc(C(=O)O)cc1F,O=C(CNC(=O)[C@@H]1C[C@@H](c2ccccc2)CN1)NCCc1ccccc1,O=C(CNC(=O)[C@@H]1C[C@@H](c2ccccc2)CN1)NCCc1ccccc1,True,True,True,,0.7567567567567568,1.0,,,,,,,,,,,,,136.04,136.04,0.0,True,,,,,5.0,5.0,0.0,True,11.0,11.0,0.0,True
target_oracle,mpair_00003115_cond_00_3p,mpair_00003115,eval,3,"MW,LogP,QED",Cc1nc2nncnn2c(=O)c1C,Cc1nc2nnc(C(C)(C)C)nn2c(=O)c1C,Cc1nc2nnc(C(C)(C)C)nn2c(=O)c1C,O=c1ccnc2nncnn12,O=c1ccnc2nncnn12,True,True,True,,0.48717948717948717,1.0,233.27499999999998,233.27499999999998,0.0,True,0.7938399999999997,0.7938399999999997,0.0,True,0.6723856505150625,0.6723856505150625,0.0,True,,,,,,,,,,,,,,,,
target_oracle,mpair_00003206_cond_00_3p,mpair_00003206,eval,3,"MW,LogP,HBA",CCOC(=O)N1CCN(S(=O)(=O)c2ccc(-n3ncc(=O)[nH]c3=O)cc2Cl)CC1,Cc1cc(-n2ncc(=O)[nH]c2=O)ccc1S(=O)(=O)N1CCN(C=O)CC1,Cc1cc(-n2ncc(=O)[nH]c2=O)ccc1S(=O)(=O)N1CCN(C=O)CC1,O=c1cnn(-c2ccc(S(=O)(=O)N3CCNCC3)cc2)c(=O)[nH]1,O=c1cnn(-c2ccc(S(=O)(=O)N3CCNCC3)cc2)c(=O)[nH]1,True,True,True,,0.5625,1.0,379.39800000000025,379.39800000000025,0.0,True,-1.3080799999999981,-1.3080799999999981,0.0,True,,,,,,,,,,,,,7.0,7.0,0.0,True,,,,
target_oracle,mpair_00003210_cond_00_3p,mpair_00003210,eval,3,"MW,LogP,HBA",CC[C@H]1OC(=O)[C@H](C)[C@@H](O)[C@H](C)[C@@H](OC2O[C@H](C)C[C@H](N(C)C)C2O)[C@@](C)(OC)C[C@@H](C)C(=O)[C@H](C)[C@@H](O)[C@]1(C)O,CC[C@H]1OC(=O)[C@H](C)[C@@H](OC(C)=O)[C@H](C)[C@@H](OC2O[C@H](C)C[C@H](N(C)C)C2O)[C@@](C)(OC)C[C@@H](C)C(=O)[C@H](C)[C@@H](O)[C@]1(C)O,CC[C@H]1OC(=O)[C@H](C)[C@@H](OC(C)=O)[C@H](C)[C@@H](OC2O[C@H](C)C[C@H](N(C)C)C2O)[C@@](C)(OC)C[C@@H](C)C(=O)[C@H](C)[C@@H](O)[C@]1(C)O,O=C1CCCCOC(=O)CCC[C@@H](OC2CCCCO2)CCC1,O=C1CCCCOC(=O)CCC[C@@H](OC2CCCCO2)CCC1,True,True,True,,0.821917808219178,1.0,631.8040000000003,631.8040000000003,0.0,True,2.0853000000000033,2.0853000000000033,0.0,True,,,,,,,,,,,,,12.0,12.0,0.0,True,,,,
target_oracle,mpair_00003219_cond_01_3p,mpair_00003219,eval,3,"MW,LogP,QED",COc1ccc(S(=O)(=O)N(Cc2cccnc2)c2c(C)cccc2C(=O)NO)cc1,COc1ccc(S(=O)(=O)N(Cc2cccnc2)c2c(C)cc(Br)cc2C(=O)NO)cc1,COc1ccc(S(=O)(=O)N(Cc2cccnc2)c2c(C)cc(Br)cc2C(=O)NO)cc1,O=S(=O)(c1ccccc1)N(Cc1cccnc1)c1ccccc1,O=S(=O)(c1ccccc1)N(Cc1cccnc1)c1ccccc1,True,True,True,,0.819672131147541,1.0,506.37800000000016,506.37800000000016,0.0,True,3.675620000000001,3.675620000000001,0.0,True,0.3740614499694089,0.3740614499694089,0.0,True,,,,,,,,,,,,,,,,
target_oracle,mpair_00003222_cond_02_3p,mpair_00003222,eval,3,"QED,TPSA,RB",COc1ccc(S(=O)(=O)N(Cc2cccnc2)c2c(C)cc(Br)cc2C(=O)NO)cc1,COC(=O)c1cccc(C(=O)NO)c1N(Cc1cccnc1)S(=O)(=O)c1ccc(OC)cc1,COC(=O)c1cccc(C(=O)NO)c1N(Cc1cccnc1)S(=O)(=O)c1ccc(OC)cc1,O=S(=O)(c1ccccc1)N(Cc1cccnc1)c1ccccc1,O=S(=O)(c1ccccc1)N(Cc1cccnc1)c1ccccc1,True,True,True,,0.734375,1.0,,,,,,,,,0.29046454626646695,0.29046454626646695,0.0,True,135.13,135.13,0.0,True,,,,,,,,,8.0,8.0,0.0,True
target_oracle,mpair_00003531_cond_02_3p,mpair_00003531,eval,3,"TPSA,HBA,RB",CC(C)Oc1cccc(N(Cc2cccnc2)S(=O)(=O)CC(F)(F)F)c1,CCOC(=O)C(C)Oc1cccc(N(Cc2cccnc2)S(=O)(=O)CC(F)(F)F)c1,CCOC(=O)C(C)Oc1cccc(N(Cc2cccnc2)S(=O)(=O)CC(F)(F)F)c1,c1ccc(NCc2cccnc2)cc1,c1ccc(NCc2cccnc2)cc1,True,True,True,,0.7796610169491526,1.0,,,,,,,,,,,,,85.80000000000001,85.80000000000001,0.0,True,,,,,6.0,6.0,0.0,True,9.0,9.0,0.0,True
target_oracle,mpair_00003540_cond_00_3p,mpair_00003540,eval,3,"QED,TPSA,HBA",CCCC(C)Oc1cccc(N(Cc2cccnc2)S(=O)(=O)CC(F)(F)F)c1,CCOC(=O)C(C)Oc1cccc(N(Cc2cccnc2)S(=O)(=O)CC(F)(F)F)c1,CCOC(=O)C(C)Oc1cccc(N(Cc2cccnc2)S(=O)(=O)CC(F)(F)F)c1,c1ccc(NCc2cccnc2)cc1,c1ccc(NCc2cccnc2)cc1,True,True,True,,0.746031746031746,1.0,,,,,,,,,0.5496815697636838,0.5496815697636838,0.0,True,85.80000000000001,85.80000000000001,0.0,True,,,,,6.0,6.0,0.0,True,,,,
target_oracle,mpair_00003545_cond_01_3p,mpair_00003545,eval,3,"LogP,QED,RB",CCCC(C)Oc1cccc(N(Cc2cccnc2)S(=O)(=O)CC(F)(F)F)c1,CC(C)Oc1cccc(N(Cc2cccnc2)S(=O)(=O)CC(F)(F)F)c1,CC(C)Oc1cccc(N(Cc2cccnc2)S(=O)(=O)CC(F)(F)F)c1,c1ccc(NCc2cccnc2)cc1,c1ccc(NCc2cccnc2)cc1,True,True,True,,0.8070175438596491,1.0,,,,,3.7675000000000027,3.7675000000000027,0.0,True,0.7245796953652621,0.7245796953652621,0.0,True,,,,,,,,,,,,,7.0,7.0,0.0,True
target_oracle,mpair_00000014_cond_01_4p,mpair_00000014,eval,4,"MW,LogP,TPSA,HBA",O=C(O)[C@@H]1C[C@H]2C[C@@H](CCS(=O)(=O)O)CC[C@H]2CN1,O=C(O)CC[C@H]1CC[C@H]2CN[C@H](C(=O)O)C[C@H]2C1,O=C(O)CC[C@H]1CC[C@H]2CN[C@H](C(=O)O)C[C@H]2C1,C1CC[C@H]2CNCC[C@H]2C1,C1CC[C@H]2CNCC[C@H]2C1,True,True,True,,0.6829268292682927,1.0,255.314,255.314,0.0,True,1.3301999999999996,1.3301999999999996,0.0,True,,,,,86.63000000000001,86.63000000000001,0.0,True,,,,,3.0,3.0,0.0,True,,,,
target_oracle,mpair_00000322_cond_01_4p,mpair_00000322,eval,4,"MW,QED,HBA,RB",N[C@@H](C(=O)N[C@@H]1C(=O)N2C(C(=O)O)=C(C(F)(F)F)CC[C@H]12)c1cccc(C(F)(F)F)c1,CSC1=C(C(=O)O)N2C(=O)[C@@H](NC(=O)[C@H](N)c3ccccc3)[C@H]2CC1,CSC1=C(C(=O)O)N2C(=O)[C@@H](NC(=O)[C@H](N)c3ccccc3)[C@H]2CC1,O=C(Cc1ccccc1)N[C@@H]1C(=O)N2C=CCC[C@H]12,O=C(Cc1ccccc1)N[C@@H]1C(=O)N2C=CCC[C@H]12,True,True,True,,0.5757575757575758,1.0,361.42300000000006,361.42300000000006,0.0,True,,,,,0.6699274889764619,0.6699274889764619,0.0,True,,,,,,,,,5.0,5.0,0.0,True,5.0,5.0,0.0,True
target_oracle,mpair_00000326_cond_01_4p,mpair_00000326,eval,4,"QED,TPSA,HBD,RB",N[C@@H](C(=O)N[C@@H]1C(=O)N2C(C(=O)O)=C(C(F)(F)F)CC[C@H]12)c1ccc(O)cc1,CSC1=C(C(=O)O)N2C(=O)[C@@H](NC(=O)[C@H](N)c3ccccc3)[C@H]2CC1,CSC1=C(C(=O)O)N2C(=O)[C@@H](NC(=O)[C@H](N)c3ccccc3)[C@H]2CC1,O=C(Cc1ccccc1)N[C@@H]1C(=O)N2C=CCC[C@H]12,O=C(Cc1ccccc1)N[C@@H]1C(=O)N2C=CCC[C@H]12,True,True,True,,0.5873015873015873,1.0,,,,,,,,,0.6699274889764619,0.6699274889764619,0.0,True,112.73,112.73,0.0,True,3.0,3.0,0.0,True,,,,,5.0,5.0,0.0,True
target_oracle,mpair_00000334_cond_02_4p,mpair_00000334,eval,4,"MW,QED,TPSA,RB",CSC1=C(C(=O)O)N2C(=O)[C@@H](NC(=O)[C@H](N)c3ccccc3)[C@H]2CC1,N[C@@H](C(=O)N[C@@H]1C(=O)N2C(C(=O)O)=C(C(F)(F)F)CC[C@H]12)c1ccc(O)cc1,N[C@@H](C(=O)N[C@@H]1C(=O)N2C(C(=O)O)=C(C(F)(F)F)CC[C@H]12)c1ccc(O)cc1,O=C(Cc1ccccc1)N[C@@H]1C(=O)N2C=CCC[C@H]12,O=C(Cc1ccccc1)N[C@@H]1C(=O)N2C=CCC[C@H]12,True,True,True,,0.5873015873015873,1.0,399.3250000000001,399.3250000000001,0.0,True,,,,,0.5533729404309352,0.5533729404309352,0.0,True,132.96,132.96,0.0,True,,,,,,,,,4.0,4.0,0.0,True
target_oracle,mpair_00000586_cond_02_4p,mpair_00000586,eval,4,"QED,TPSA,HBD,HBA",OC[C@@H]1N[C@@H](CCCCc2cc(F)cc(F)c2)[C@H](O)[C@H]1O,OC[C@@H]1N[C@@H](CCCCc2ccc(O)cc2)[C@H](O)[C@H]1O,OC[C@@H]1N[C@@H](CCCCc2ccc(O)cc2)[C@H](O)[C@H]1O,c1ccc(CCCC[C@H]2CCCN2)cc1,c1ccc(CCCC[C@H]2CCCN2)cc1,True,True,True,,0.625,1.0,,,,,,,,,0.47902706341404183,0.47902706341404183,0.0,True,92.95,92.95,0.0,True,5.0,5.0,0.0,True,5.0,5.0,0.0,True,,,,
target_oracle,mpair_00000726_cond_01_4p,mpair_00000726,eval,4,"MW,LogP,QED,HBD",C=CCc1cc(/C=C2\SC(=O)NC2=O)c(OC)cc1OC1CCCCO1,C=CCc1cc(/C=C2\SC(=O)N(CC=C)C2=O)c(OC)cc1OC1CCCCO1,C=CCc1cc(/C=C2\SC(=O)N(CC=C)C2=O)c(OC)cc1OC1CCCCO1,O=C1NC(=O)/C(=C/c2ccc(OC3CCCCO3)cc2)S1,O=C1NC(=O)/C(=C/c2ccc(OC3CCCCO3)cc2)S1,True,True,True,,0.696969696969697,1.0,415.51100000000025,415.51100000000025,0.0,True,4.551400000000004,4.551400000000004,0.0,True,0.45838471716690443,0.45838471716690443,0.0,True,,,,,0.0,0.0,0.0,True,,,,,,,,
target_oracle,mpair_00000734_cond_00_4p,mpair_00000734,eval,4,"MW,LogP,QED,RB",C=CCc1cc(/C=C2\SC(=O)N(CCCC)C2=O)c(OC)cc1OC1CCCCO1,C=CCc1cc(/C=C2\SC(=O)N(C)C2=O)c(OC)cc1OC1CCCCO1,C=CCc1cc(/C=C2\SC(=O)N(C)C2=O)c(OC)cc1OC1CCCCO1,O=C1NC(=O)/C(=C/c2ccc(OC3CCCCO3)cc2)S1,O=C1NC(=O)/C(=C/c2ccc(OC3CCCCO3)cc2)S1,True,True,True,,0.7878787878787878,1.0,389.4730000000002,389.4730000000002,0.0,True,3.9952000000000023,3.9952000000000023,0.0,True,0.5413211960634129,0.5413211960634129,0.0,True,,,,,,,,,,,,,6.0,6.0,0.0,True
target_oracle,mpair_00000753_cond_01_4p,mpair_00000753,eval,4,"MW,TPSA,HBA,RB",O=C1CCC[C@H]2OC[C@@H](Cc3c[nH]c4ccccc34)N12,COC(=O)C[C@@H]1CC(=O)N2[C@H](Cc3c[nH]c4ccccc34)CO[C@@H]2C1,COC(=O)C[C@@H]1CC(=O)N2[C@H](Cc3c[nH]c4ccccc34)CO[C@@H]2C1,O=C1CCC[C@H]2OC[C@@H](Cc3c[nH]c4ccccc34)N12,O=C1CCC[C@H]2OC[C@@H](Cc3c[nH]c4ccccc34)N12,True,True,True,,0.578125,1.0,342.39500000000015,342.39500000000015,0.0,True,,,,,,,,,71.63000000000001,71.63000000000001,0.0,True,,,,,4.0,4.0,0.0,True,4.0,4.0,0.0,True
target_oracle,mpair_00001117_cond_02_4p,mpair_00001117,eval,4,"MW,HBD,HBA,RB",COc1ccc(N2CCN(CCC3c4ccccc4C(=O)N3C)CC2)cc1,O=C1NC(CCN2CCN(c3ccccc3)CC2)c2ccccc21,O=C1NC(CCN2CCN(c3ccccc3)CC2)c2ccccc21,O=C1NC(CCN2CCN(c3ccccc3)CC2)c2ccccc21,O=C1NC(CCN2CCN(c3ccccc3)CC2)c2ccccc21,True,True,True,,0.47368421052631576,1.0,321.4240000000001,321.4240000000001,0.0,True,,,,,,,,,,,,,1.0,1.0,0.0,True,3.0,3.0,0.0,True,4.0,4.0,0.0,True
target_oracle,mpair_00001131_cond_02_4p,mpair_00001131,eval,4,"QED,HBD,HBA,RB",COc1ccc(N2CCN(CCC3c4ccccc4C(=O)N3C)CC2)cc1,Cc1ccc(N2CCN(CCC3NC(=O)c4ccccc43)CC2)cc1C,Cc1ccc(N2CCN(CCC3NC(=O)c4ccccc43)CC2)cc1C,O=C1NC(CCN2CCN(c3ccccc3)CC2)c2ccccc21,O=C1NC(CCN2CCN(c3ccccc3)CC2)c2ccccc21,True,True,True,,0.4444444444444444,1.0,,,,,,,,,0.9198864151307602,0.9198864151307602,0.0,True,,,,,1.0,1.0,0.0,True,3.0,3.0,0.0,True,4.0,4.0,0.0,True
target_oracle,mpair_00001618_cond_02_4p,mpair_00001618,eval,4,"QED,TPSA,HBA,RB",CC1CC(C)(C)Nc2ccc3c(c21)COc1c(F)cc(F)cc1-3,CC1CC(C)(C)Nc2ccc3c(c21)COc1c-3cc(F)cc1[N+](=O)[O-],CC1CC(C)(C)Nc2ccc3c(c21)COc1c-3cc(F)cc1[N+](=O)[O-],c1ccc2c(c1)OCc1c-2ccc2c1CCCN2,c1ccc2c(c1)OCc1c-2ccc2c1CCCN2,True,True,True,,0.7321428571428571,1.0,,,,,,,,,0.5855235809891088,0.5855235809891088,0.0,True,64.39999999999999,64.39999999999999,0.0,True,,,,,4.0,4.0,0.0,True,1.0,1.0,0.0,True
target_oracle,mpair_00002465_cond_02_4p,mpair_00002465,eval,4,"MW,QED,HBA,RB",CN(C)CCCOc1cc(C(=O)Nc2ccc(OC(F)(F)F)cc2)n(Cc2ccccc2)n1,CN(C)CCCOc1cc(C(=O)Nc2cccc(Cl)c2)n(Cc2ccccc2)n1,CN(C)CCCOc1cc(C(=O)Nc2cccc(Cl)c2)n(Cc2ccccc2)n1,O=C(Nc1ccccc1)c1ccnn1Cc1ccccc1,O=C(Nc1ccccc1)c1ccnn1Cc1ccccc1,True,True,True,,0.696969696969697,1.0,412.9210000000001,412.9210000000001,0.0,True,,,,,0.5357556879239462,0.5357556879239462,0.0,True,,,,,,,,,5.0,5.0,0.0,True,9.0,9.0,0.0,True
target_oracle,mpair_00002481_cond_01_4p,mpair_00002481,eval,4,"LogP,TPSA,HBA,RB",COc1cc(NC(=O)c2cc(OCCCN(C)C)nn2Cc2ccccc2)cc(OC)c1OC,CN(C)CCCOc1cc(C(=O)Nc2cc(F)cc(C(F)(F)F)c2)n(Cc2ccccc2)n1,CN(C)CCCOc1cc(C(=O)Nc2cc(F)cc(C(F)(F)F)c2)n(Cc2ccccc2)n1,O=C(Nc1ccccc1)c1ccnn1Cc1ccccc1,O=C(Nc1ccccc1)c1ccnn1Cc1ccccc1,True,True,True,,0.6811594202898551,1.0,,,,,4.672100000000003,4.672100000000003,0.0,True,,,,,59.39,59.39,0.0,True,,,,,5.0,5.0,0.0,True,9.0,9.0,0.0,True
target_oracle,mpair_00002492_cond_00_4p,mpair_00002492,eval,4,"LogP,TPSA,HBD,HBA",CC(C)OC(=O)c1cc(CO)cn1S(=O)(=O)c1cc(Cl)ccc1N,C=Cc1cc(C(=O)OCC)n(S(=O)(=O)c2cc(Cl)ccc2N)c1,C=Cc1cc(C(=O)OCC)n(S(=O)(=O)c2cc(Cl)ccc2N)c1,O=S(=O)(c1ccccc1)n1cccc1,O=S(=O)(c1ccccc1)n1cccc1,True,True,True,,0.5396825396825397,1.0,,,,,2.7804,2.7804,0.0,True,,,,,91.39,91.39,0.0,True,1.0,1.0,0.0,True,6.0,6.0,0.0,True,,,,
target_oracle,mpair_00002522_cond_00_4p,mpair_00002522,eval,4,"MW,LogP,TPSA,HBD",CSc1cc(-c2ccc(Cl)cc2)oc(=O)c1,CSc1cc(-c2ccc(Cl)cc2)oc(=O)c1C(N)=O,CSc1cc(-c2ccc(Cl)cc2)oc(=O)c1C(N)=O,O=c1cccc(-c2ccccc2)o1,O=c1cccc(-c2ccccc2)o1,True,True,True,,0.4888888888888889,1.0,295.747,295.747,0.0,True,2.7810000000000006,2.7810000000000006,0.0,True,,,,,73.30000000000001,73.30000000000001,0.0,True,1.0,1.0,0.0,True,,,,,,,,
target_oracle,mpair_00002558_cond_01_4p,mpair_00002558,eval,4,"MW,QED,HBA,RB",CSc1nc(-c2ccc(OC(F)(F)F)cc2)nn1C(=O)N(C)c1ccccc1,CSc1nc(-c2ccc(Cl)cc2)nn1C(=O)N(C)c1ccccc1,CSc1nc(-c2ccc(Cl)cc2)nn1C(=O)N(C)c1ccccc1,O=C(Nc1ccccc1)n1cnc(-c2ccccc2)n1,O=C(Nc1ccccc1)n1cnc(-c2ccccc2)n1,True,True,True,,0.7037037037037037,1.0,358.85400000000004,358.85400000000004,0.0,True,,,,,0.6499636794176425,0.6499636794176425,0.0,True,,,,,,,,,5.0,5.0,0.0,True,3.0,3.0,0.0,True
target_oracle,mpair_00002568_cond_01_4p,mpair_00002568,eval,4,"MW,QED,TPSA,RB",COc1cc(C(=O)N2CCN(C(=O)c3cc(OC)c(OC)c(OC)c3)C(CO)C2)cc(OC)c1OC,COc1cc(C(=O)N2CCN(C(=O)c3cc(OC)c(OC)c(OC)c3)C(COC(=O)NCCC(C)C)C2)cc(OC)c1OC,COc1cc(C(=O)N2CCN(C(=O)c3cc(OC)c(OC)c(OC)c3)C(COC(=O)NCCC(C)C)C2)cc(OC)c1OC,O=C(c1ccccc1)N1CCN(C(=O)c2ccccc2)CC1,O=C(c1ccccc1)N1CCN(C(=O)c2ccccc2)CC1,True,True,True,,0.631578947368421,1.0,617.6960000000003,617.6960000000003,0.0,True,,,,,0.3561059094946873,0.3561059094946873,0.0,True,134.33,134.33,0.0,True,,,,,,,,,13.0,13.0,0.0,True
target_oracle,mpair_00002576_cond_02_4p,mpair_00002576,eval,4,"MW,QED,HBD,RB",COc1cc(C(=O)N2CCN(C(=O)c3cc(OC)c(OC)c(OC)c3)C(COC(C)=O)C2)cc(OC)c1OC,COc1cc(C(=O)N2CCN(C(=O)c3cc(OC)c(OC)c(OC)c3)C(COC(=O)NCCC(C)C)C2)cc(OC)c1OC,COc1cc(C(=O)N2CCN(C(=O)c3cc(OC)c(OC)c(OC)c3)C(COC(=O)NCCC(C)C)C2)cc(OC)c1OC,O=C(c1ccccc1)N1CCN(C(=O)c2ccccc2)CC1,O=C(c1ccccc1)N1CCN(C(=O)c2ccccc2)CC1,True,True,True,,0.7017543859649122,1.0,617.6960000000003,617.6960000000003,0.0,True,,,,,0.3561059094946873,0.3561059094946873,0.0,True,,,,,1.0,1.0,0.0,True,,,,,13.0,13.0,0.0,True
target_oracle,mpair_00002591_cond_01_4p,mpair_00002591,eval,4,"MW,LogP,QED,HBD",COc1cc(C(=O)N2CCN(C(=O)c3cc(OC)c(OC)c(OC)c3)C(COC(=O)NCCC(C)C)C2)cc(OC)c1OC,COc1cc(C(=O)N2CCN(C(=O)c3cc(OC)c(OC)c(OC)c3)CC2)cc(OC)c1OC,COc1cc(C(=O)N2CCN(C(=O)c3cc(OC)c(OC)c(OC)c3)CC2)cc(OC)c1OC,O=C(c1ccccc1)N1CCN(C(=O)c2ccccc2)CC1,O=C(c1ccccc1)N1CCN(C(=O)c2ccccc2)CC1,True,True,True,,0.48148148148148145,1.0,474.51000000000033,474.51000000000033,0.0,True,2.3364000000000003,2.3364000000000003,0.0,True,0.5754127815390553,0.5754127815390553,0.0,True,,,,,0.0,0.0,0.0,True,,,,,,,,
target_oracle,mpair_00002595_cond_00_4p,mpair_00002595,eval,4,"MW,QED,HBA,RB",COc1cc(C(=O)N2CCN(C(=O)c3cc(OC)c(OC)c(OC)c3)CC2)cc(OC)c1OC,COc1cc(C(=O)N2CCN(C(=O)c3cc(OC)c(OC)c(OC)c3)C(COC(=O)CC(C)(C)C)C2)cc(OC)c1OC,COc1cc(C(=O)N2CCN(C(=O)c3cc(OC)c(OC)c(OC)c3)C(COC(=O)CC(C)(C)C)C2)cc(OC)c1OC,O=C(c1ccccc1)N1CCN(C(=O)c2ccccc2)CC1,O=C(c1ccccc1)N1CCN(C(=O)c2ccccc2)CC1,True,True,True,,0.52,1.0,602.6810000000004,602.6810000000004,0.0,True,,,,,0.3521539372279048,0.3521539372279048,0.0,True,,,,,,,,,10.0,10.0,0.0,True,11.0,11.0,0.0,True
target_oracle,mpair_00002607_cond_01_4p,mpair_00002607,eval,4,"LogP,QED,TPSA,HBA",COc1ccc(C(=O)Nc2ccncc2Cl)c2cccnc12,COc1ccc(C(=O)Nc2c(Cl)cncc2Cl)c2ccc(C(C)=O)nc12,COc1ccc(C(=O)Nc2c(Cl)cncc2Cl)c2ccc(C(C)=O)nc12,O=C(Nc1ccncc1)c1cccc2ncccc12,O=C(Nc1ccncc1)c1cccc2ncccc12,True,True,True,,0.5081967213114754,1.0,,,,,4.400100000000002,4.400100000000002,0.0,True,0.6681926051832562,0.6681926051832562,0.0,True,81.17999999999999,81.17999999999999,0.0,True,,,,,5.0,5.0,0.0,True,,,,
target_oracle,mpair_00002614_cond_00_4p,mpair_00002614,eval,4,"MW,QED,HBA,RB",COc1ccc(C(=O)Nc2c(Cl)cncc2Cl)c2cccnc12,COc1ccc(C(=O)Nc2c(Cl)cncc2Cl)c2ccc(C(C)=O)nc12,COc1ccc(C(=O)Nc2c(Cl)cncc2Cl)c2ccc(C(C)=O)nc12,O=C(Nc1ccncc1)c1cccc2ncccc12,O=C(Nc1ccncc1)c1cccc2ncccc12,True,True,True,,0.6666666666666666,1.0,390.22600000000017,390.22600000000017,0.0,True,,,,,0.6681926051832562,0.6681926051832562,0.0,True,,,,,,,,,5.0,5.0,0.0,True,4.0,4.0,0.0,True
target_oracle,mpair_00002622_cond_02_4p,mpair_00002622,eval,4,"MW,LogP,QED,RB",CCc1ccc2c(C(=O)Nc3c(Cl)cncc3Cl)ccc(OC)c2n1,COc1ccc(C(=O)Nc2ccncc2Cl)c2cccnc12,COc1ccc(C(=O)Nc2ccncc2Cl)c2cccnc12,O=C(Nc1ccncc1)c1cccc2ncccc12,O=C(Nc1ccncc1)c1cccc2ncccc12,True,True,True,,0.5,1.0,313.744,313.744,0.0,True,3.544100000000002,3.544100000000002,0.0,True,0.8029165077767629,0.8029165077767629,0.0,True,,,,,,,,,,,,,3.0,3.0,0.0,True
target_oracle,mpair_00002631_cond_00_4p,mpair_00002631,eval,4,"LogP,TPSA,HBD,HBA",CC(C)(C)[C@H](O)C(=O)N1C[C@H](c2ccccc2)C[C@H]1C(=O)N[C@@H](CC(F)F)C(=O)NCCc1c(F)cc(C(=O)O)cc1F,CC(C)CC(=O)N1C[C@H](c2ccccc2)C[C@H]1C(=O)N[C@@H](CC(F)F)C(=O)NCCc1c(F)cc(C(=O)O)cc1F,CC(C)CC(=O)N1C[C@H](c2ccccc2)C[C@H]1C(=O)N[C@@H](CC(F)F)C(=O)NCCc1c(F)cc(C(=O)O)cc1F,O=C(CNC(=O)[C@@H]1C[C@@H](c2ccccc2)CN1)NCCc1ccccc1,O=C(CNC(=O)[C@@H]1C[C@@H](c2ccccc2)CN1)NCCc1ccccc1,True,True,True,,0.7567567567567568,1.0,,,,,3.892500000000002,3.892500000000002,0.0,True,,,,,115.81000000000002,115.81000000000002,0.0,True,3.0,3.0,0.0,True,4.0,4.0,0.0,True,,,,
target_oracle,mpair_00003117_cond_00_4p,mpair_00003117,eval,4,"MW,LogP,TPSA,HBA",Cc1c[nH]c2c1C13CC1CN(C(=O)OC(C)(C)C)C3=CC2=O,COC(=O)c1cc2c([nH]1)C(=O)C=C1N(C(=O)OC(C)(C)C)CC3CC123,COC(=O)c1cc2c([nH]1)C(=O)C=C1N(C(=O)OC(C)(C)C)CC3CC123,O=C1C=C2NCC3CC23c2cc[nH]c21,O=C1C=C2NCC3CC23c2cc[nH]c21,True,True,True,,0.5873015873015873,1.0,344.36700000000013,344.36700000000013,0.0,True,2.389900000000001,2.389900000000001,0.0,True,,,,,88.7,88.7,0.0,True,,,,,5.0,5.0,0.0,True,,,,
target_oracle,mpair_00003213_cond_01_4p,mpair_00003213,eval,4,"MW,QED,HBA,RB",CC(C)NC(=O)c1ccc2c(Nc3ccc(Cl)cc3)nc(N3CCOCC3)nc2c1,Clc1ccc(Nc2nc(N3CCOCC3)nc3ccccc23)cc1,Clc1ccc(Nc2nc(N3CCOCC3)nc3ccccc23)cc1,c1ccc(Nc2nc(N3CCOCC3)nc3ccccc23)cc1,c1ccc(Nc2nc(N3CCOCC3)nc3ccccc23)cc1,True,True,True,,0.6,1.0,340.81399999999996,340.81399999999996,0.0,True,,,,,0.784150666451108,0.784150666451108,0.0,True,,,,,,,,,5.0,5.0,0.0,True,3.0,3.0,0.0,True
target_oracle,mpair_00003222_cond_00_4p,mpair_00003222,eval,4,"LogP,QED,TPSA,RB",COc1ccc(S(=O)(=O)N(Cc2cccnc2)c2c(C)cc(Br)cc2C(=O)NO)cc1,COC(=O)c1cccc(C(=O)NO)c1N(Cc1cccnc1)S(=O)(=O)c1ccc(OC)cc1,COC(=O)c1cccc(C(=O)NO)c1N(Cc1cccnc1)S(=O)(=O)c1ccc(OC)cc1,O=S(=O)(c1ccccc1)N(Cc1cccnc1)c1ccccc1,O=S(=O)(c1ccccc1)N(Cc1cccnc1)c1ccccc1,True,True,True,,0.734375,1.0,,,,,2.391300000000001,2.391300000000001,0.0,True,0.29046454626646695,0.29046454626646695,0.0,True,135.13,135.13,0.0,True,,,,,,,,,8.0,8.0,0.0,True
target_oracle,mpair_00003532_cond_01_4p,mpair_00003532,eval,4,"LogP,QED,TPSA,HBA",CCOC(=O)C(C)Oc1cccc(N(Cc2cccnc2)S(=O)(=O)CC(F)(F)F)c1,CCCC(C)Oc1cccc(N(Cc2cccnc2)S(=O)(=O)CC(F)(F)F)c1,CCCC(C)Oc1cccc(N(Cc2cccnc2)S(=O)(=O)CC(F)(F)F)c1,c1ccc(NCc2cccnc2)cc1,c1ccc(NCc2cccnc2)cc1,True,True,True,,0.746031746031746,1.0,,,,,4.547700000000003,4.547700000000003,0.0,True,0.6018859517288218,0.6018859517288218,0.0,True,59.5,59.5,0.0,True,,,,,4.0,4.0,0.0,True,,,,
target_oracle,mpair_00003536_cond_02_4p,mpair_00003536,eval,4,"MW,LogP,QED,RB",COc1cccc(N(Cc2cccnc2)S(=O)(=O)CC(F)(F)F)c1,CCC(C)COc1cccc(N(Cc2cccnc2)S(=O)(=O)CC(F)(F)F)c1,CCC(C)COc1cccc(N(Cc2cccnc2)S(=O)(=O)CC(F)(F)F)c1,c1ccc(NCc2cccnc2)cc1,c1ccc(NCc2cccnc2)cc1,True,True,True,,0.7413793103448276,1.0,416.4650000000001,416.4650000000001,0.0,True,4.405200000000004,4.405200000000004,0.0,True,0.6078002459089881,0.6078002459089881,0.0,True,,,,,,,,,,,,,9.0,9.0,0.0,True
target_oracle,mpair_00000010_cond_02_5p,mpair_00000010,eval,5,"MW,LogP,QED,HBA,RB",O=C(c1ccccc1C(F)(F)F)N1C[C@H](CN2CCC(c3ccccc3)CC2)[C@@H](c2ccccc2)C1,COc1cccc(C(=O)N2C[C@H](CN3CCC(c4ccccc4)CC3)[C@@H](c3ccccc3)C2)c1,COc1cccc(C(=O)N2C[C@H](CN3CCC(c4ccccc4)CC3)[C@@H](c3ccccc3)C2)c1,O=C(c1ccccc1)N1C[C@H](CN2CCC(c3ccccc3)CC2)[C@@H](c2ccccc2)C1,O=C(c1ccccc1)N1C[C@H](CN2CCC(c3ccccc3)CC2)[C@@H](c2ccccc2)C1,True,True,True,,0.578125,1.0,454.61400000000015,454.61400000000015,0.0,True,5.430600000000005,5.430600000000005,0.0,True,0.49786269936596683,0.49786269936596683,0.0,True,,,,,,,,,3.0,3.0,0.0,True,6.0,6.0,0.0,True
target_oracle,mpair_00000327_cond_00_5p,mpair_00000327,eval,5,"MW,LogP,QED,HBA,RB",CSC1=C(C(=O)O)N2C(=O)[C@@H](NC(=O)[C@H](N)c3ccccc3)[C@H]2CC1,N[C@@H](C(=O)N[C@@H]1C(=O)N2C(C(=O)O)=C(C(F)(F)F)CC[C@H]12)c1cccc(C(F)(F)F)c1,N[C@@H](C(=O)N[C@@H]1C(=O)N2C(C(=O)O)=C(C(F)(F)F)CC[C@H]12)c1cccc(C(F)(F)F)c1,O=C(Cc1ccccc1)N[C@@H]1C(=O)N2C=CCC[C@H]12,O=C(Cc1ccccc1)N[C@@H]1C(=O)N2C=CCC[C@H]12,True,True,True,,0.5757575757575758,1.0,451.3230000000001,451.3230000000001,0.0,True,2.0955999999999997,2.0955999999999997,0.0,True,0.4795891963980345,0.4795891963980345,0.0,True,,,,,,,,,4.0,4.0,0.0,True,4.0,4.0,0.0,True
target_oracle,mpair_00000335_cond_01_5p,mpair_00000335,eval,5,"MW,LogP,TPSA,HBD,HBA",N[C@@H](C(=O)N[C@@H]1C(=O)N2C(C(=O)O)=C(C(F)(F)F)CC[C@H]12)c1cccc(Br)c1,N[C@@H](C(=O)N[C@@H]1C(=O)N2C(C(=O)O)=C(C(F)(F)F)CC[C@H]12)c1ccc(O)cc1,N[C@@H](C(=O)N[C@@H]1C(=O)N2C(C(=O)O)=C(C(F)(F)F)CC[C@H]12)c1ccc(O)cc1,O=C(Cc1ccccc1)N[C@@H]1C(=O)N2C=CCC[C@H]12,O=C(Cc1ccccc1)N[C@@H]1C(=O)N2C=CCC[C@H]12,True,True,True,,0.7377049180327869,1.0,399.3250000000001,399.3250000000001,0.0,True,0.7823999999999993,0.7823999999999993,0.0,True,,,,,132.96,132.96,0.0,True,4.0,4.0,0.0,True,5.0,5.0,0.0,True,,,,
target_oracle,mpair_00000586_cond_01_5p,mpair_00000586,eval,5,"LogP,QED,TPSA,HBD,HBA",OC[C@@H]1N[C@@H](CCCCc2cc(F)cc(F)c2)[C@H](O)[C@H]1O,OC[C@@H]1N[C@@H](CCCCc2ccc(O)cc2)[C@H](O)[C@H]1O,OC[C@@H]1N[C@@H](CCCCc2ccc(O)cc2)[C@H](O)[C@H]1O,c1ccc(CCCC[C@H]2CCCN2)cc1,c1ccc(CCCC[C@H]2CCCN2)cc1,True,True,True,,0.625,1.0,,,,,0.15949999999999964,0.15949999999999964,0.0,True,0.47902706341404183,0.47902706341404183,0.0,True,92.95,92.95,0.0,True,5.0,5.0,0.0,True,5.0,5.0,0.0,True,,,,
target_oracle,mpair_00000762_cond_00_5p,mpair_00000762,eval,5,"MW,LogP,QED,HBA,RB",Clc1cccc(-c2cc(O[C@@H]3CCNC3)cnc2Cl)c1,COc1cccc(-c2cncc(O[C@@H]3CCNC3)c2)c1,COc1cccc(-c2cncc(O[C@@H]3CCNC3)c2)c1,c1ccc(-c2cncc(O[C@@H]3CCNC3)c2)cc1,c1ccc(-c2cncc(O[C@@H]3CCNC3)c2)cc1,True,True,True,,0.5,1.0,270.33199999999994,270.33199999999994,0.0,True,2.4979000000000005,2.4979000000000005,0.0,True,0.9267061641096688,0.9267061641096688,0.0,True,,,,,,,,,4.0,4.0,0.0,True,4.0,4.0,0.0,True
target_oracle,mpair_00002472_cond_01_5p,mpair_00002472,eval,5,"MW,LogP,QED,HBA,RB",COc1ccc(NC(=O)c2cc(OCCCN(C)C)nn2Cc2ccccc2)cc1,CN(C)CCCOc1cc(C(=O)Nc2cc(F)cc(C(F)(F)F)c2)n(Cc2ccccc2)n1,CN(C)CCCOc1cc(C(=O)Nc2cc(F)cc(C(F)(F)F)c2)n(Cc2ccccc2)n1,O=C(Nc1ccccc1)c1ccnn1Cc1ccccc1,O=C(Nc1ccccc1)c1ccnn1Cc1ccccc1,True,True,True,,0.6764705882352942,1.0,464.4630000000001,464.4630000000001,0.0,True,4.672100000000003,4.672100000000003,0.0,True,0.369385517709234,0.369385517709234,0.0,True,,,,,,,,,5.0,5.0,0.0,True,9.0,9.0,0.0,True
target_oracle,mpair_00002508_cond_02_5p,mpair_00002508,eval,5,"LogP,QED,TPSA,HBD,RB",CSc1cc(-c2ccc(Br)cc2)oc(=O)c1C#N,CSc1cc(-c2ccc(Cl)cc2)oc(=O)c1C(N)=O,CSc1cc(-c2ccc(Cl)cc2)oc(=O)c1C(N)=O,O=c1cccc(-c2ccccc2)o1,O=c1cccc(-c2ccccc2)o1,True,True,True,,0.43137254901960786,1.0,,,,,2.7810000000000006,2.7810000000000006,0.0,True,0.8837306867126842,0.8837306867126842,0.0,True,73.30000000000001,73.30000000000001,0.0,True,1.0,1.0,0.0,True,,,,,3.0,3.0,0.0,True
target_oracle,mpair_00002541_cond_02_5p,mpair_00002541,eval,5,"MW,QED,TPSA,HBA,RB",CCOC(=O)c1c(SC)c(C#N)c(-c2ccc(Br)cc2)oc1=O,CSc1cc(-c2ccc(Br)cc2)oc(=O)c1C#N,CSc1cc(-c2ccc(Br)cc2)oc(=O)c1C#N,O=c1cccc(-c2ccccc2)o1,O=c1cccc(-c2ccccc2)o1,True,True,True,,0.43103448275862066,1.0,322.1830000000001,322.1830000000001,0.0,True,,,,,0.791886779601309,0.791886779601309,0.0,True,54.0,54.0,0.0,True,,,,,4.0,4.0,0.0,True,2.0,2.0,0.0,True
target_oracle,mpair_00002570_cond_00_5p,mpair_00002570,eval,5,"MW,LogP,QED,HBA,RB",CCN(CC)C(=O)OCC1CN(C(=O)c2cc(OC)c(OC)c(OC)c2)CCN1C(=O)c1cc(OC)c(OC)c(OC)c1,COc1cc(C(=O)N2CCN(C(=O)c3cc(OC)c(OC)c(OC)c3)CC2)cc(OC)c1OC,COc1cc(C(=O)N2CCN(C(=O)c3cc(OC)c(OC)c(OC)c3)CC2)cc(OC)c1OC,O=C(c1ccccc1)N1CCN(C(=O)c2ccccc2)CC1,O=C(c1ccccc1)N1CCN(C(=O)c2ccccc2)CC1,True,True,True,,0.52,1.0,474.51000000000033,474.51000000000033,0.0,True,2.3364000000000003,2.3364000000000003,0.0,True,0.5754127815390553,0.5754127815390553,0.0,True,,,,,,,,,8.0,8.0,0.0,True,8.0,8.0,0.0,True
target_oracle,mpair_00002587_cond_02_5p,mpair_00002587,eval,5,"LogP,TPSA,HBD,HBA,RB",COc1cc(C(=O)N2CCN(C(=O)c3cc(OC)c(OC)c(OC)c3)C(CO)C2)cc(OC)c1OC,COc1cc(C(=O)N2CCN(C(=O)c3cc(OC)c(OC)c(OC)c3)CC2)cc(OC)c1OC,COc1cc(C(=O)N2CCN(C(=O)c3cc(OC)c(OC)c(OC)c3)CC2)cc(OC)c1OC,O=C(c1ccccc1)N1CCN(C(=O)c2ccccc2)CC1,O=C(c1ccccc1)N1CCN(C(=O)c2ccccc2)CC1,True,True,True,,0.6341463414634146,1.0,,,,,2.3364000000000003,2.3364000000000003,0.0,True,,,,,96.00000000000001,96.00000000000001,0.0,True,0.0,0.0,0.0,True,8.0,8.0,0.0,True,8.0,8.0,0.0,True
target_oracle,mpair_00002595_cond_01_5p,mpair_00002595,eval,5,"LogP,QED,TPSA,HBA,RB",COc1cc(C(=O)N2CCN(C(=O)c3cc(OC)c(OC)c(OC)c3)CC2)cc(OC)c1OC,COc1cc(C(=O)N2CCN(C(=O)c3cc(OC)c(OC)c(OC)c3)C(COC(=O)CC(C)(C)C)C2)cc(OC)c1OC,COc1cc(C(=O)N2CCN(C(=O)c3cc(OC)c(OC)c(OC)c3)C(COC(=O)CC(C)(C)C)C2)cc(OC)c1OC,O=C(c1ccccc1)N1CCN(C(=O)c2ccccc2)CC1,O=C(c1ccccc1)N1CCN(C(=O)c2ccccc2)CC1,True,True,True,,0.52,1.0,,,,,3.684400000000003,3.684400000000003,0.0,True,0.3521539372279048,0.3521539372279048,0.0,True,122.30000000000001,122.30000000000001,0.0,True,,,,,10.0,10.0,0.0,True,11.0,11.0,0.0,True
target_oracle,mpair_00002630_cond_02_5p,mpair_00002630,eval,5,"LogP,QED,TPSA,HBD,HBA",CC(C)CC(=O)N1C[C@H](c2ccccc2)C[C@H]1C(=O)N[C@@H](CC(F)F)C(=O)NCCc1c(F)cc(C(=O)O)cc1F,CC(C)[C@@H](O)C(=O)N1C[C@H](c2ccccc2)C[C@H]1C(=O)N[C@@H](CC(F)F)C(=O)NCCc1c(F)cc(C(=O)O)cc1F,CC(C)[C@@H](O)C(=O)N1C[C@H](c2ccccc2)C[C@H]1C(=O)N[C@@H](CC(F)F)C(=O)NCCc1c(F)cc(C(=O)O)cc1F,O=C(CNC(=O)[C@@H]1C[C@@H](c2ccccc2)CN1)NCCc1ccccc1,O=C(CNC(=O)[C@@H]1C[C@@H](c2ccccc2)CN1)NCCc1ccccc1,True,True,True,,0.7916666666666666,1.0,,,,,2.8633000000000006,2.8633000000000006,0.0,True,0.2789053789646464,0.2789053789646464,0.0,True,136.04,136.04,0.0,True,4.0,4.0,0.0,True,5.0,5.0,0.0,True,,,,
target_oracle,mpair_00003214_cond_02_5p,mpair_00003214,eval,5,"MW,TPSA,HBD,HBA,RB",Clc1ccc(Nc2nc(N3CCOCC3)nc3ccccc23)cc1,CC(C)NC(=O)c1ccc2c(Nc3ccc(Cl)cc3)nc(N3CCOCC3)nc2c1,CC(C)NC(=O)c1ccc2c(Nc3ccc(Cl)cc3)nc(N3CCOCC3)nc2c1,c1ccc(Nc2nc(N3CCOCC3)nc3ccccc23)cc1,c1ccc(Nc2nc(N3CCOCC3)nc3ccccc23)cc1,True,True,True,,0.6,1.0,425.92000000000024,425.92000000000024,0.0,True,,,,,,,,,79.38000000000001,79.38000000000001,0.0,True,2.0,2.0,0.0,True,6.0,6.0,0.0,True,5.0,5.0,0.0,True
target_oracle,mpair_00003539_cond_02_5p,mpair_00003539,eval,5,"LogP,QED,TPSA,HBA,RB",O=S(=O)(CC(F)(F)F)N(Cc1cccnc1)c1cccc(OC(F)(F)F)c1,CCOC(=O)C(C)Oc1cccc(N(Cc2cccnc2)S(=O)(=O)CC(F)(F)F)c1,CCOC(=O)C(C)Oc1cccc(N(Cc2cccnc2)S(=O)(=O)CC(F)(F)F)c1,c1ccc(NCc2cccnc2)cc1,c1ccc(NCc2cccnc2)cc1,True,True,True,,0.6885245901639344,1.0,,,,,3.3107000000000024,3.3107000000000024,0.0,True,0.5496815697636838,0.5496815697636838,0.0,True,85.80000000000001,85.80000000000001,0.0,True,,,,,6.0,6.0,0.0,True,9.0,9.0,0.0,True
target_oracle,mpair_00001115_cond_00_6p,mpair_00001115,eval,6,"LogP,QED,TPSA,HBD,HBA,RB",COc1ccc(N2CCN(CCC3NC(=O)c4ccccc43)CC2)cc1,CN1C(=O)c2ccccc2C1CCN1CCN(c2ccc(Cl)cc2)CC1,CN1C(=O)c2ccccc2C1CCN1CCN(c2ccc(Cl)cc2)CC1,O=C1NC(CCN2CCN(c3ccccc3)CC2)c2ccccc21,O=C1NC(CCN2CCN(c3ccccc3)CC2)c2ccccc21,True,True,True,,0.48333333333333334,1.0,,,,,3.679000000000003,3.679000000000003,0.0,True,0.8221231339252668,0.8221231339252668,0.0,True,26.790000000000006,26.790000000000006,0.0,True,0.0,0.0,0.0,True,3.0,3.0,0.0,True,4.0,4.0,0.0,True
target_oracle,mpair_00002568_cond_02_6p,mpair_00002568,eval,6,"MW,LogP,QED,TPSA,HBA,RB",COc1cc(C(=O)N2CCN(C(=O)c3cc(OC)c(OC)c(OC)c3)C(CO)C2)cc(OC)c1OC,COc1cc(C(=O)N2CCN(C(=O)c3cc(OC)c(OC)c(OC)c3)C(COC(=O)NCCC(C)C)C2)cc(OC)c1OC,COc1cc(C(=O)N2CCN(C(=O)c3cc(OC)c(OC)c(OC)c3)C(COC(=O)NCCC(C)C)C2)cc(OC)c1OC,O=C(c1ccccc1)N1CCN(C(=O)c2ccccc2)CC1,O=C(c1ccccc1)N1CCN(C(=O)c2ccccc2)CC1,True,True,True,,0.631578947368421,1.0,617.6960000000003,617.6960000000003,0.0,True,3.4773000000000023,3.4773000000000023,0.0,True,0.3561059094946873,0.3561059094946873,0.0,True,134.33,134.33,0.0,True,,,,,10.0,10.0,0.0,True,13.0,13.0,0.0,True
target_oracle,mpair_00002583_cond_00_6p,mpair_00002583,eval,6,"MW,LogP,QED,HBD,HBA,RB",CCN(CC)C(=O)OCC1CN(C(=O)c2cc(OC)c(OC)c(OC)c2)CCN1C(=O)c1cc(OC)c(OC)c(OC)c1,COc1cc(C(=O)N2CCN(C(=O)c3cc(OC)c(OC)c(OC)c3)C(CO)C2)cc(OC)c1OC,COc1cc(C(=O)N2CCN(C(=O)c3cc(OC)c(OC)c(OC)c3)C(CO)C2)cc(OC)c1OC,O=C(c1ccccc1)N1CCN(C(=O)c2ccccc2)CC1,O=C(c1ccccc1)N1CCN(C(=O)c2ccccc2)CC1,True,True,True,,0.6792452830188679,1.0,504.53600000000034,504.53600000000034,0.0,True,1.6973000000000003,1.6973000000000003,0.0,True,0.544633228323374,0.544633228323374,0.0,True,,,,,1.0,1.0,0.0,True,9.0,9.0,0.0,True,9.0,9.0,0.0,True
target_oracle,mpair_00002607_cond_00_6p,mpair_00002607,eval,6,"MW,LogP,QED,TPSA,HBA,RB",COc1ccc(C(=O)Nc2ccncc2Cl)c2cccnc12,COc1ccc(C(=O)Nc2c(Cl)cncc2Cl)c2ccc(C(C)=O)nc12,COc1ccc(C(=O)Nc2c(Cl)cncc2Cl)c2ccc(C(C)=O)nc12,O=C(Nc1ccncc1)c1cccc2ncccc12,O=C(Nc1ccncc1)c1cccc2ncccc12,True,True,True,,0.5081967213114754,1.0,390.22600000000017,390.22600000000017,0.0,True,4.400100000000002,4.400100000000002,0.0,True,0.6681926051832562,0.6681926051832562,0.0,True,81.17999999999999,81.17999999999999,0.0,True,,,,,5.0,5.0,0.0,True,4.0,4.0,0.0,True
target_oracle,mpair_00003214_cond_00_6p,mpair_00003214,eval,6,"MW,QED,TPSA,HBD,HBA,RB",Clc1ccc(Nc2nc(N3CCOCC3)nc3ccccc23)cc1,CC(C)NC(=O)c1ccc2c(Nc3ccc(Cl)cc3)nc(N3CCOCC3)nc2c1,CC(C)NC(=O)c1ccc2c(Nc3ccc(Cl)cc3)nc(N3CCOCC3)nc2c1,c1ccc(Nc2nc(N3CCOCC3)nc3ccccc23)cc1,c1ccc(Nc2nc(N3CCOCC3)nc3ccccc23)cc1,True,True,True,,0.6,1.0,425.92000000000024,425.92000000000024,0.0,True,,,,,0.6427710577069246,0.6427710577069246,0.0,True,79.38000000000001,79.38000000000001,0.0,True,2.0,2.0,0.0,True,6.0,6.0,0.0,True,5.0,5.0,0.0,True
target_oracle,mpair_00002514_cond_01_7p,mpair_00002514,eval,7,"MW,LogP,QED,TPSA,HBD,HBA,RB",CSc1cc(-c2ccc(Cl)cc2)oc(=O)c1Br,CSc1cc(-c2ccc(Cl)cc2)oc(=O)c1C(N)=O,CSc1cc(-c2ccc(Cl)cc2)oc(=O)c1C(N)=O,O=c1cccc(-c2ccccc2)o1,O=c1cccc(-c2ccccc2)o1,True,True,True,,0.627906976744186,1.0,295.747,295.747,0.0,True,2.7810000000000006,2.7810000000000006,0.0,True,0.8837306867126842,0.8837306867126842,0.0,True,73.30000000000001,73.30000000000001,0.0,True,1.0,1.0,0.0,True,4.0,4.0,0.0,True,3.0,3.0,0.0,True
target_oracle,mpair_00002551_cond_02_7p,mpair_00002551,eval,7,"MW,LogP,QED,TPSA,HBD,HBA,RB",CSc1cc(-c2ccc(Cl)cc2)oc(=O)c1C(N)=O,CSc1cc(-c2ccc(Br)cc2)oc(=O)c1Cl,CSc1cc(-c2ccc(Br)cc2)oc(=O)c1Cl,O=c1cccc(-c2ccccc2)o1,O=c1cccc(-c2ccccc2)o1,True,True,True,,0.5217391304347826,1.0,331.61800000000005,331.61800000000005,0.0,True,4.444600000000002,4.444600000000002,0.0,True,0.7618841288913727,0.7618841288913727,0.0,True,30.21,30.21,0.0,True,0.0,0.0,0.0,True,3.0,3.0,0.0,True,2.0,2.0,0.0,True
