method,condition_id,pair_id,split,property_count,condition_properties,source_smiles,target_smiles,generated_smiles,source_scaffold,generated_scaffold,scaffold_match,strict_success,joint_success,fallback,source_tanimoto,target_tanimoto,MW_target,MW_actual,MW_abs_error,MW_success,LogP_target,LogP_actual,LogP_abs_error,LogP_success,QED_target,QED_actual,QED_abs_error,QED_success,TPSA_target,TPSA_actual,TPSA_abs_error,TPSA_success,HBD_target,HBD_actual,HBD_abs_error,HBD_success,HBA_target,HBA_actual,HBA_abs_error,HBA_success,RB_target,RB_actual,RB_abs_error,RB_success
source_identity,mpair_00000008_cond_02_2p,mpair_00000008,eval,2,"MW,QED",O=C(c1ccccc1Br)N1C[C@H](CN2CCC(c3ccccc3)CC2)[C@@H](c2ccccc2)C1,O=C(c1ccccc1F)N1C[C@H](CN2CCC(c3ccccc3)CC2)[C@@H](c2ccccc2)C1,O=C(c1ccccc1Br)N1C[C@H](CN2CCC(c3ccccc3)CC2)[C@@H](c2ccccc2)C1,O=C(c1ccccc1)N1C[C@H](CN2CCC(c3ccccc3)CC2)[C@@H](c2ccccc2)C1,O=C(c1ccccc1)N1C[C@H](CN2CCC(c3ccccc3)CC2)[C@@H](c2ccccc2)C1,True,False,False,,1.0,0.7692307692307693,442.57800000000015,503.48400000000026,60.90600000000012,False,,,,,0.5164092889512721,0.41502650656849366,0.10138278238277848,False,,,,,,,,,,,,,,,,
source_identity,mpair_00000789_cond_01_2p,mpair_00000789,eval,2,"MW,RB",C=CCc1cc(/C=C2\SC(=O)N(C)C2=O)c(OC)cc1OC1CCCCO1,C=CCc1cc(/C=C2\SC(=O)N(CCCC)C2=O)c(OC)cc1OC1CCCCO1,C=CCc1cc(/C=C2\SC(=O)N(C)C2=O)c(OC)cc1OC1CCCCO1,O=C1NC(=O)/C(=C/c2ccc(OC3CCCCO3)cc2)S1,O=C1NC(=O)/C(=C/c2ccc(OC3CCCCO3)cc2)S1,True,False,False,,1.0,0.7878787878787878,431.55400000000026,389.4730000000002,42.081000000000074,False,,,,,,,,,,,,,,,,,,,,,9.0,6.0,3.0,False
source_identity,mpair_00000994_cond_02_2p,mpair_00000994,eval,2,"LogP,QED",FC(F)(F)c1cccc(N2CCN(c3nc4ccsc4n4cccc34)CC2)c1,Fc1ccc(N2CCN(c3nc4ccsc4n4cccc34)CC2)cc1,FC(F)(F)c1cccc(N2CCN(c3nc4ccsc4n4cccc34)CC2)c1,c1ccc(N2CCN(c3nc4ccsc4n4cccc34)CC2)cc1,c1ccc(N2CCN(c3nc4ccsc4n4cccc34)CC2)cc1,True,True,True,,1.0,0.6666666666666666,,,,,4.014700000000003,4.894400000000004,0.8797000000000006,True,0.5445182992427106,0.47685586942313013,0.06766242981958043,True,,,,,,,,,,,,,,,,
source_identity,mpair_00001396_cond_01_2p,mpair_00001396,eval,2,"QED,HBA",COC(=O)c1c(OCC(=O)O)nc(C(C)(C)C)nc1SC,CSc1nc(CC(C)(C)C)nc(OCC(=O)O)c1C#N,COC(=O)c1c(OCC(=O)O)nc(C(C)(C)C)nc1SC,c1cncnc1,c1cncnc1,True,False,False,,1.0,0.42857142857142855,,,,,,,,,0.65611800929855,0.49835633172686145,0.15776167757168857,False,,,,,,,,,6.0,7.0,1.0,True,,,,
source_identity,mpair_00001826_cond_00_2p,mpair_00001826,eval,2,"TPSA,HBD",CN(C)C(=O)CCSC(SCCC(=O)O)c1cccc(/C=C/c2ccc3ccc(Cl)cc3n2)c1,O=C(O)CCSC(SCCC(=O)O)c1cccc(/C=C/c2ccc3ccc(Cl)cc3n2)c1,CN(C)C(=O)CCSC(SCCC(=O)O)c1cccc(/C=C/c2ccc3ccc(Cl)cc3n2)c1,C(=C/c1ccc2ccccc2n1)\c1ccccc1,C(=C/c1ccc2ccccc2n1)\c1ccccc1,True,True,True,,1.0,0.8620689655172413,,,,,,,,,,,,,87.49,70.5,16.989999999999995,True,2.0,1.0,1.0,True,,,,,,,,
source_identity,mpair_00002423_cond_02_2p,mpair_00002423,eval,2,"MW,LogP",O=C1C(Nc2ccc(Br)cc2)=C(Cl)C(=O)c2ncncc21,O=C1C(Nc2ccccc2)=C(Cl)C(=O)c2ncncc21,O=C1C(Nc2ccc(Br)cc2)=C(Cl)C(=O)c2ncncc21,O=C1C(Nc2ccccc2)=CC(=O)c2ncncc21,O=C1C(Nc2ccccc2)=CC(=O)c2ncncc21,True,False,False,,1.0,0.7560975609756098,285.69,364.58600000000007,78.89600000000007,False,2.4181,3.180600000000001,0.7625000000000011,True,,,,,,,,,,,,,,,,,,,,
source_identity,mpair_00002473_cond_02_2p,mpair_00002473,eval,2,"LogP,RB",COc1cc(C(=O)N2CCN(C(=O)c3cc(OC)c(OC)c(OC)c3)C(COC(=O)CC(C)(C)C)C2)cc(OC)c1OC,CCN(CC)C(=O)OCC1CN(C(=O)c2cc(OC)c(OC)c(OC)c2)CCN1C(=O)c1cc(OC)c(OC)c(OC)c1,COc1cc(C(=O)N2CCN(C(=O)c3cc(OC)c(OC)c(OC)c3)C(COC(=O)CC(C)(C)C)C2)cc(OC)c1OC,O=C(c1ccccc1)N1CCN(C(=O)c2ccccc2)CC1,O=C(c1ccccc1)N1CCN(C(=O)c2ccccc2)CC1,True,True,True,,1.0,0.6896551724137931,,,,,3.1834000000000024,3.684400000000003,0.5010000000000003,True,,,,,,,,,,,,,,,,,12.0,11.0,1.0,True
source_identity,mpair_00003391_cond_00_2p,mpair_00003391,eval,2,"LogP,RB",CC(C)COc1cccc(N(Cc2cccnc2)S(=O)(=O)CC(F)(F)F)c1,CCCC(C)Oc1cccc(N(Cc2cccnc2)S(=O)(=O)CC(F)(F)F)c1,CC(C)COc1cccc(N(Cc2cccnc2)S(=O)(=O)CC(F)(F)F)c1,c1ccc(NCc2cccnc2)cc1,c1ccc(NCc2cccnc2)cc1,True,True,True,,1.0,0.7213114754098361,,,,,4.547700000000003,4.015100000000003,0.5326000000000004,True,,,,,,,,,,,,,,,,,9.0,8.0,1.0,True
source_identity,mpair_00003589_cond_02_2p,mpair_00003589,eval,2,"QED,HBD",CC(C)c1ccc(Cn2ccc3c4c(N(C)C)nc(N(C)C)nc4ccc32)cc1,CCc1ccc(Cn2ccc3c4c(N)nc(N)nc4ccc32)cc1,CC(C)c1ccc(Cn2ccc3c4c(N(C)C)nc(N(C)C)nc4ccc32)cc1,c1ccc(Cn2ccc3c4cncnc4ccc32)cc1,c1ccc(Cn2ccc3c4cncnc4ccc32)cc1,True,False,False,,1.0,0.4827586206896552,,,,,,,,,0.6067349667256066,0.4886365143958135,0.11809845232979305,False,,,,,2.0,0.0,2.0,False,,,,,,,,
source_identity,mpair_00003930_cond_01_2p,mpair_00003930,eval,2,"HBD,HBA",OC(c1ccc(F)cc1)(c1ccc(F)cc1)C1CCN(CCCNc2ccccc2)CC1,Cc1ccc(O)c(NCCCN2CCC(C(O)(c3ccc(F)cc3)c3ccc(F)cc3)CC2)c1,OC(c1ccc(F)cc1)(c1ccc(F)cc1)C1CCN(CCCNc2ccccc2)CC1,c1ccc(NCCCN2CCC(C(c3ccccc3)c3ccccc3)CC2)cc1,c1ccc(NCCCN2CCC(C(c3ccccc3)c3ccccc3)CC2)cc1,True,True,True,,1.0,0.6428571428571429,,,,,,,,,,,,,,,,,3.0,2.0,1.0,True,4.0,3.0,1.0,True,,,,
source_identity,mpair_00004144_cond_00_2p,mpair_00004144,eval,2,"LogP,HBD",C=C1C[C@@]23O[C@]2(c2ccccc21)C1CC(OC(=O)[C@H](O)[C@@H](NC(=O)OCC)c2ccc(Cl)cc2)C3(C)C1(C)C,C=C1C[C@@]23O[C@]2(c2ccccc21)C1CC(OC(=O)[C@H](O)[C@@H](NC(=O)NC(C)C)c2ccccc2)C3(C)C1(C)C,C=C1C[C@@]23O[C@]2(c2ccccc21)C1CC(OC(=O)[C@H](O)[C@@H](NC(=O)OCC)c2ccc(Cl)cc2)C3(C)C1(C)C,C=C1C[C@@]23O[C@]2(c2ccccc21)C1CC(OC(=O)CCc2ccccc2)C3C1,C=C1C[C@@]23O[C@]2(c2ccccc21)C1CC(OC(=O)CCc2ccccc2)C3C1,True,True,True,,1.0,0.7125,,,,,4.855400000000004,5.547300000000005,0.6919000000000013,True,,,,,,,,,3.0,2.0,1.0,True,,,,,,,,
source_identity,mpair_00004731_cond_02_2p,mpair_00004731,eval,2,"HBD,RB",CS(=O)(=O)Nc1ccc(S(=O)(=O)c2ccc(CN)s2)cc1,CCOc1cc(S(C)(=O)=O)cc(S(=O)(=O)c2ccc(CN)s2)c1,CS(=O)(=O)Nc1ccc(S(=O)(=O)c2ccc(CN)s2)cc1,O=S(=O)(c1ccccc1)c1cccs1,O=S(=O)(c1ccccc1)c1cccs1,True,True,True,,1.0,0.5,,,,,,,,,,,,,,,,,1.0,2.0,1.0,True,,,,,6.0,5.0,1.0,True
source_identity,mpair_00004777_cond_02_2p,mpair_00004777,eval,2,"MW,LogP",CC(C)OC(Cc1ccc(OCCc2noc(-c3cc(C(F)(F)F)cc(C(F)(F)F)c3)n2)cc1)C(=O)O,CC(C)OC(Cc1ccc(OCCc2noc(-c3ccccc3)n2)cc1)C(=O)O,CC(C)OC(Cc1ccc(OCCc2noc(-c3cc(C(F)(F)F)cc(C(F)(F)F)c3)n2)cc1)C(=O)O,c1ccc(OCCc2noc(-c3ccccc3)n2)cc1,c1ccc(OCCc2noc(-c3ccccc3)n2)cc1,True,False,False,,1.0,0.7580645161290323,396.44300000000004,532.4370000000001,135.99400000000009,False,3.778800000000002,5.816400000000004,2.037600000000002,False,,,,,,,,,,,,,,,,,,,,
source_identity,mpair_00004817_cond_02_2p,mpair_00004817,eval,2,"LogP,RB",Cn1c(NC(=O)c2ccccc2)nc2ccccc2c1=O,CC(C)n1c(NC(=O)c2ccccc2)nc2ccccc2c1=O,Cn1c(NC(=O)c2ccccc2)nc2ccccc2c1=O,O=C(Nc1nc2ccccc2c(=O)[nH]1)c1ccccc1,O=C(Nc1nc2ccccc2c(=O)[nH]1)c1ccccc1,True,False,False,,1.0,0.7142857142857143,,,,,3.229700000000001,2.1857999999999995,1.0439000000000016,False,,,,,,,,,,,,,,,,,3.0,2.0,1.0,True
source_identity,mpair_00004932_cond_01_2p,mpair_00004932,eval,2,"HBA,RB",Cc1cc(C)c(NC(=O)Nc2nc3ccccc3n2-c2c(Cl)cccc2Cl)c(C)c1,COc1ccccc1-n1c(NC(=O)Nc2c(C(C)C)cccc2C(C)C)nc2ccccc21,Cc1cc(C)c(NC(=O)Nc2nc3ccccc3n2-c2c(Cl)cccc2Cl)c(C)c1,O=C(Nc1ccccc1)Nc1nc2ccccc2n1-c1ccccc1,O=C(Nc1ccccc1)Nc1nc2ccccc2n1-c1ccccc1,True,False,False,,1.0,0.46875,,,,,,,,,,,,,,,,,,,,,4.0,3.0,1.0,True,6.0,3.0,3.0,False
source_identity,mpair_00005350_cond_02_2p,mpair_00005350,eval,2,"MW,QED",O=C(Cc1nc2ccccc2c(=O)n1-c1ccccc1Br)c1ccncc1,Cc1ccccc1-n1c(CC(=O)c2ccncc2)nc2ccccc2c1=O,O=C(Cc1nc2ccccc2c(=O)n1-c1ccccc1Br)c1ccncc1,O=C(Cc1nc2ccccc2c(=O)n1-c1ccccc1)c1ccncc1,O=C(Cc1nc2ccccc2c(=O)n1-c1ccccc1)c1ccncc1,True,False,False,,1.0,0.7647058823529411,355.3970000000001,420.2660000000001,64.86899999999997,False,,,,,0.5255607361183403,0.4690341769818721,0.0565265591364682,True,,,,,,,,,,,,,,,,
source_identity,mpair_00006468_cond_01_2p,mpair_00006468,eval,2,"TPSA,RB",O=[N+]([O-])c1ccc(-[n+]2noc([O-])n2)cc1,Cc1ccc(-[n+]2noc([O-])n2)cc1,O=[N+]([O-])c1ccc(-[n+]2noc([O-])n2)cc1,c1ccc(-[n+]2ncon2)cc1,c1ccc(-[n+]2ncon2)cc1,True,False,False,,1.0,0.5882352941176471,,,,,,,,,,,,,65.86,109.00000000000001,43.140000000000015,False,,,,,,,,,1.0,2.0,1.0,True
source_identity,mpair_00006875_cond_01_2p,mpair_00006875,eval,2,"LogP,RB",CC(C(=O)N[C@H]1N=C(c2ccccc2)c2ccccc2N(C)C1=O)C(CO)c1ccc(F)c(F)c1,C[C@@H](C(=O)N[C@H]1N=C(c2ccccc2)c2ccccc2N(C)C1=O)[C@H](O)c1ccc(Cl)c(Cl)c1,CC(C(=O)N[C@H]1N=C(c2ccccc2)c2ccccc2N(C)C1=O)C(CO)c1ccc(F)c(F)c1,O=C(CCc1ccccc1)N[C@H]1N=C(c2ccccc2)c2ccccc2NC1=O,O=C(CCc1ccccc1)N[C@H]1N=C(c2ccccc2)c2ccccc2NC1=O,True,True,True,,1.0,0.625,,,,,4.619200000000005,3.6331000000000024,0.9861000000000022,True,,,,,,,,,,,,,,,,,5.0,6.0,1.0,True
source_identity,mpair_00007233_cond_01_2p,mpair_00007233,eval,2,"QED,HBA",CSc1cc(-c2ccccc2)c(-c2ccc(S(C)(=O)=O)cc2)c(=O)o1,CCc1cc(-c2ccccc2)c(-c2ccc(S(C)(=O)=O)cc2)c(=O)o1,CSc1cc(-c2ccccc2)c(-c2ccc(S(C)(=O)=O)cc2)c(=O)o1,O=c1occc(-c2ccccc2)c1-c1ccccc1,O=c1occc(-c2ccccc2)c1-c1ccccc1,True,True,True,,1.0,0.6956521739130435,,,,,,,,,0.7117564278043503,0.6453048995055141,0.06645152829883627,True,,,,,,,,,4.0,5.0,1.0,True,,,,
source_identity,mpair_00007263_cond_02_2p,mpair_00007263,eval,2,"MW,RB",COc1cc(-c2ccccc2)c(-c2ccc(S(C)(=O)=O)cc2)c(=O)o1,CC(C)Sc1cc(-c2ccccc2)c(-c2ccc(S(C)(=O)=O)cc2)c(=O)o1,COc1cc(-c2ccccc2)c(-c2ccc(S(C)(=O)=O)cc2)c(=O)o1,O=c1occc(-c2ccccc2)c1-c1ccccc1,O=c1occc(-c2ccccc2)c1-c1ccccc1,True,False,False,,1.0,0.62,400.5210000000002,356.3990000000001,44.12200000000007,False,,,,,,,,,,,,,,,,,,,,,5.0,4.0,1.0,True
source_identity,mpair_00007414_cond_02_2p,mpair_00007414,eval,2,"HBA,RB",c1ccc(CNCCOc2ccccc2)cc1,COc1ccc(OCCNCc2ccccc2)cc1,c1ccc(CNCCOc2ccccc2)cc1,c1ccc(CNCCOc2ccccc2)cc1,c1ccc(CNCCOc2ccccc2)cc1,True,True,True,,1.0,0.7741935483870968,,,,,,,,,,,,,,,,,,,,,3.0,2.0,1.0,True,7.0,6.0,1.0,True
source_identity,mpair_00007804_cond_01_2p,mpair_00007804,eval,2,"HBA,RB",CO[C@H]1O[C@H](CO)[C@H](O)[C@H](OCc2cc3ccccc3o/c2=N\S(=O)(=O)c2ccccc2)[C@H]1OC(C)=O,CO[C@H]1O[C@H](CO)[C@H](O)[C@H](OCc2cc3ccccc3o/c2=N\S(=O)(=O)c2ccccc2)[C@H]1O,CO[C@H]1O[C@H](CO)[C@H](O)[C@H](OCc2cc3ccccc3o/c2=N\S(=O)(=O)c2ccccc2)[C@H]1OC(C)=O,O=S(=O)(/N=c1\oc2ccccc2cc1COC1CCOCC1)c1ccccc1,O=S(=O)(/N=c1\oc2ccccc2cc1COC1CCOCC1)c1ccccc1,True,True,True,,1.0,0.8235294117647058,,,,,,,,,,,,,,,,,,,,,9.0,10.0,1.0,True,7.0,8.0,1.0,True
source_identity,mpair_00007852_cond_02_2p,mpair_00007852,eval,2,"HBD,RB",CCO/C(O)=C1\C(C)=NC(C)=C(C(=O)OC)C1c1cccc(NC(=O)NCCCN2CCN(c3ccc(OC)cc3)CC2)c1,CCO/C(O)=C1\C(C)=NC(C)=C(C(=O)OC)C1c1cccc(NC(=O)NCCCN2CCN(c3cccc(O)c3)CC2)c1,CCO/C(O)=C1\C(C)=NC(C)=C(C(=O)OC)C1c1cccc(NC(=O)NCCCN2CCN(c3ccc(OC)cc3)CC2)c1,C=C1C=NC=CC1c1cccc(NC(=O)NCCCN2CCN(c3ccccc3)CC2)c1,C=C1C=NC=CC1c1cccc(NC(=O)NCCCN2CCN(c3ccccc3)CC2)c1,True,True,True,,1.0,0.8271604938271605,,,,,,,,,,,,,,,,,4.0,3.0,1.0,True,,,,,10.0,11.0,1.0,True
source_identity,mpair_00008342_cond_01_2p,mpair_00008342,eval,2,"HBA,RB",Cc1cnc2cc(C(F)(F)F)ccc2c1N1CC[C@H](C(=O)N2CCn3c(nnc3C(F)(F)F)C2)[C@H](C)C1,C[C@@H]1CN(c2ccnc3cc(OC(F)(F)F)ccc23)CC[C@@H]1C(=O)N1CCn2c(nnc2C(F)(F)F)C1,Cc1cnc2cc(C(F)(F)F)ccc2c1N1CC[C@H](C(=O)N2CCn3c(nnc3C(F)(F)F)C2)[C@H](C)C1,O=C(C1CCN(c2ccnc3ccccc23)CC1)N1CCn2cnnc2C1,O=C(C1CCN(c2ccnc3ccccc23)CC1)N1CCn2cnnc2C1,True,True,True,,1.0,0.6219512195121951,,,,,,,,,,,,,,,,,,,,,7.0,6.0,1.0,True,3.0,2.0,1.0,True
source_identity,mpair_00008369_cond_01_2p,mpair_00008369,eval,2,"HBA,RB",COc1ccnc(C[S+]([O-])c2nc3cc4c(cc3[nH]2)OC(F)(F)O4)c1C,COc1ccnc(C[S+]([O-])c2nc3cc4c(cc3[nH]2)OC(F)(F)O4)c1OC,COc1ccnc(C[S+]([O-])c2nc3cc4c(cc3[nH]2)OC(F)(F)O4)c1C,c1ccc(C[SH+]c2nc3cc4c(cc3[nH]2)OCO4)nc1,c1ccc(C[SH+]c2nc3cc4c(cc3[nH]2)OCO4)nc1,True,True,True,,1.0,0.8275862068965517,,,,,,,,,,,,,,,,,,,,,7.0,6.0,1.0,True,5.0,4.0,1.0,True
source_identity,mpair_00008497_cond_01_2p,mpair_00008497,eval,2,"LogP,RB",COC(=O)C[C@H](O)C[C@H](O)CCn1c(C(C)C)cc(-c2ccc(F)cc2)c1-c1ccc(F)cc1,COC(=O)C[C@H](O)C[C@H](O)/C=C/n1c(C(C)C)cc(-c2cccc(Br)c2)c1-c1ccc(F)cc1,COC(=O)C[C@H](O)C[C@H](O)CCn1c(C(C)C)cc(-c2ccc(F)cc2)c1-c1ccc(F)cc1,c1ccc(-c2cc[nH]c2-c2ccccc2)cc1,c1ccc(-c2cc[nH]c2-c2ccccc2)cc1,True,True,True,,1.0,0.5571428571428572,,,,,5.992800000000005,5.288800000000005,0.7040000000000006,True,,,,,,,,,,,,,,,,,9.0,10.0,1.0,True
source_identity,mpair_00008557_cond_02_2p,mpair_00008557,eval,2,"TPSA,HBA",O=c1[nH]c(=O)n(COCCO)cc1Cc1cccc(Oc2ccc(F)cc2)c1,O=c1[nH]c(=O)n(COC(CO)CO)cc1Cc1cccc(Oc2cccc(Cl)c2)c1,O=c1[nH]c(=O)n(COCCO)cc1Cc1cccc(Oc2ccc(F)cc2)c1,O=c1[nH]cc(Cc2cccc(Oc3ccccc3)c2)c(=O)[nH]1,O=c1[nH]cc(Cc2cccc(Oc3ccccc3)c2)c(=O)[nH]1,True,False,False,,1.0,0.5692307692307692,,,,,,,,,,,,,113.78000000000002,93.55000000000001,20.230000000000004,False,,,,,7.0,6.0,1.0,True,,,,
source_identity,mpair_00008622_cond_01_2p,mpair_00008622,eval,2,"MW,QED",O=C1CCC(c2ccccc2)(C2CCN(Cc3cccc(I)c3)CC2)C(=O)N1,O=C1CCC(c2ccccc2)(C2CCN(Cc3cccc(F)c3)CC2)C(=O)N1,O=C1CCC(c2ccccc2)(C2CCN(Cc3cccc(I)c3)CC2)C(=O)N1,O=C1CCC(c2ccccc2)(C2CCN(Cc3ccccc3)CC2)C(=O)N1,O=C1CCC(c2ccccc2)(C2CCN(Cc3ccccc3)CC2)C(=O)N1,True,False,False,,1.0,0.7818181818181819,380.4630000000001,488.3690000000001,107.906,False,,,,,0.8272851211582444,0.5253700678754522,0.3019150532827922,False,,,,,,,,,,,,,,,,
source_identity,mpair_00008864_cond_02_2p,mpair_00008864,eval,2,"QED,RB",C[C@]12CC[C@@H]3c4ccc(O)cc4CC[C@H]3[C@@H]1CC[C@@H]2O,COc1ccc2c(c1)CC[C@@H]1[C@@H]2CC[C@]2(C)[C@@H](O)CC[C@@H]12,C[C@]12CC[C@@H]3c4ccc(O)cc4CC[C@H]3[C@@H]1CC[C@@H]2O,c1ccc2c(c1)CC[C@@H]1[C@@H]2CCC2CCC[C@H]21,c1ccc2c(c1)CC[C@@H]1[C@@H]2CCC2CCC[C@H]21,True,True,True,,1.0,0.7446808510638298,,,,,,,,,0.847817286403045,0.757169743555686,0.09064754284735899,True,,,,,,,,,,,,,1.0,0.0,1.0,True
source_identity,mpair_00009986_cond_00_2p,mpair_00009986,eval,2,"MW,LogP",Cc1cc(-n2ncc(=O)[nH]c2=O)ccc1S(=O)(=O)N1CCOCC1,O=c1cnn(-c2cc(Cl)c(S(=O)(=O)N3CCOCC3)c(Cl)c2)c(=O)[nH]1,Cc1cc(-n2ncc(=O)[nH]c2=O)ccc1S(=O)(=O)N1CCOCC1,O=c1cnn(-c2ccc(S(=O)(=O)N3CCOCC3)cc2)c(=O)[nH]1,O=c1cnn(-c2ccc(S(=O)(=O)N3CCOCC3)cc2)c(=O)[nH]1,True,False,False,,1.0,0.6415094339622641,407.2350000000002,352.37200000000024,54.86299999999994,False,0.24849999999999955,-0.7498799999999988,0.9983799999999983,True,,,,,,,,,,,,,,,,,,,,
source_identity,mpair_00010788_cond_00_2p,mpair_00010788,eval,2,"HBA,RB",O=C(O)c1cn(C2CC2)c2c(F)c(N3C[C@@H]4CCCN[C@@H]4C3)c(F)cc2c1=O,COc1c(N2C[C@@H]3CCCN[C@@H]3C2)c(F)cc2c(=O)c(C(=O)O)cn(C3CC3)c12,O=C(O)c1cn(C2CC2)c2c(F)c(N3C[C@@H]4CCCN[C@@H]4C3)c(F)cc2c1=O,O=c1ccn(C2CC2)c2cc(N3C[C@@H]4CCCN[C@@H]4C3)ccc12,O=c1ccn(C2CC2)c2cc(N3C[C@@H]4CCCN[C@@H]4C3)ccc12,True,True,True,,1.0,0.8253968253968254,,,,,,,,,,,,,,,,,,,,,6.0,5.0,1.0,True,4.0,3.0,1.0,True
source_identity,mpair_00010827_cond_00_2p,mpair_00010827,eval,2,"LogP,HBA",CCCN(CCC)c1c(O)nc(-c2c(C)cc(C)cc2OC)nc1CC,CCCN(CCC)c1c(C)nc(-c2c(OC)cccc2OC)nc1O,CCCN(CCC)c1c(O)nc(-c2c(C)cc(C)cc2OC)nc1CC,c1ccc(-c2ncccn2)cc1,c1ccc(-c2ncccn2)cc1,True,True,True,,1.0,0.5370370370370371,,,,,3.801220000000003,4.663440000000004,0.8622200000000011,True,,,,,,,,,,,,,6.0,5.0,1.0,True,,,,
source_identity,mpair_00011637_cond_02_2p,mpair_00011637,eval,2,"TPSA,HBA",N#Cc1cccc(OC[C@@H]2CCCN2)c1,Fc1cc(F)cc(OC[C@@H]2CCCN2)c1,N#Cc1cccc(OC[C@@H]2CCCN2)c1,c1ccc(OC[C@@H]2CCCN2)cc1,c1ccc(OC[C@@H]2CCCN2)cc1,True,False,False,,1.0,0.5476190476190477,,,,,,,,,,,,,21.259999999999998,45.05,23.79,False,,,,,2.0,3.0,1.0,True,,,,
source_identity,mpair_00011970_cond_00_2p,mpair_00011970,eval,2,"HBA,RB",CC1(C)C2CC[C@@]1(CS(=O)(=O)N1CCC3(C=Cc4ccc(F)cc43)CC1)C(=O)C2,COc1ccc2c(c1)C=CC21CCN(S(=O)(=O)C[C@]23CCC(CC2=O)C3(C)C)CC1,CC1(C)C2CC[C@@]1(CS(=O)(=O)N1CCC3(C=Cc4ccc(F)cc43)CC1)C(=O)C2,O=C1CC2CC[C@]1(CS(=O)(=O)N1CCC3(C=Cc4ccccc43)CC1)C2,O=C1CC2CC[C@]1(CS(=O)(=O)N1CCC3(C=Cc4ccccc43)CC1)C2,True,True,True,,1.0,0.696969696969697,,,,,,,,,,,,,,,,,,,,,4.0,3.0,1.0,True,4.0,3.0,1.0,True
source_identity,mpair_00011999_cond_00_2p,mpair_00011999,eval,2,"QED,HBA",CSC(=O)Nc1cnc(-c2ccccc2)n(CC(=O)NC(C(=O)C(F)(F)F)C(C)C)c1=O,CC(C)C(NC(=O)Cn1c(-c2ccccc2)ncc(NC(=O)C(F)(F)F)c1=O)C(=O)C(F)(F)F,CSC(=O)Nc1cnc(-c2ccccc2)n(CC(=O)NC(C(=O)C(F)(F)F)C(C)C)c1=O,O=c1ccnc(-c2ccccc2)[nH]1,O=c1ccnc(-c2ccccc2)[nH]1,True,True,True,,1.0,0.8305084745762712,,,,,,,,,0.5780139226597643,0.6437005552412426,0.06568663258147833,True,,,,,,,,,6.0,7.0,1.0,True,,,,
source_identity,mpair_00012879_cond_00_2p,mpair_00012879,eval,2,"TPSA,HBA",CC(C)(c1cc(O)ccc1F)C(C)(C)c1cc(O)ccc1F,COc1ccc(O)cc1C(C)(C)C(C)(C)c1cc(O)ccc1OC,CC(C)(c1cc(O)ccc1F)C(C)(C)c1cc(O)ccc1F,c1ccc(CCc2ccccc2)cc1,c1ccc(CCc2ccccc2)cc1,True,False,False,,1.0,0.5333333333333333,,,,,,,,,,,,,58.92,40.46,18.46,True,,,,,4.0,2.0,2.0,False,,,,
source_identity,mpair_00013177_cond_02_2p,mpair_00013177,eval,2,"TPSA,RB",NC(=O)N/N=C/c1c(N)nc(N)nc1OCC1CCCCC1,Nc1nc(N)c(N)c(OCC2CCCCC2)n1,NC(=O)N/N=C/c1c(N)nc(N)nc1OCC1CCCCC1,c1cc(OCC2CCCCC2)ncn1,c1cc(OCC2CCCCC2)ncn1,True,False,False,,1.0,0.5306122448979592,,,,,,,,,,,,,113.07,154.53,41.46000000000001,False,,,,,,,,,3.0,5.0,2.0,False
source_identity,mpair_00013243_cond_00_2p,mpair_00013243,eval,2,"MW,HBA",COc1ccc2c3c1OC1C(=O)[C@@H](C)CC4(O)C(C2)N(CC2CCC2)CCC314,O=C1CCC2C3Cc4ccc(O)c5c4C2(CCN3CC2CCC2)C1O5,COc1ccc2c3c1OC1C(=O)[C@@H](C)CC4(O)C(C2)N(CC2CCC2)CCC314,O=C1CCC2C3Cc4cccc5c4C2(CCN3CC2CCC2)C1O5,O=C1CCC2C3Cc4cccc5c4C2(CCN3CC2CCC2)C1O5,True,False,False,,1.0,0.4074074074074074,339.4350000000001,383.4880000000003,44.05300000000017,False,,,,,,,,,,,,,,,,,4.0,5.0,1.0,True,,,,
source_identity,mpair_00013573_cond_01_2p,mpair_00013573,eval,2,"HBA,RB",O=C1CCC(CNC(=O)c2ccccc2)(c2ccccc2)CC1,COc1cccc(C(=O)NCC2(c3ccccc3)CCC(=O)CC2)c1,O=C1CCC(CNC(=O)c2ccccc2)(c2ccccc2)CC1,O=C1CCC(CNC(=O)c2ccccc2)(c2ccccc2)CC1,O=C1CCC(CNC(=O)c2ccccc2)(c2ccccc2)CC1,True,True,True,,1.0,0.717391304347826,,,,,,,,,,,,,,,,,,,,,3.0,2.0,1.0,True,5.0,4.0,1.0,True
source_identity,mpair_00013606_cond_01_2p,mpair_00013606,eval,2,"QED,HBD",Cc1ncccc1-c1ncc(Cl)cc1-c1ccc(S(C)(=O)=O)cc1,CS(=O)(=O)c1ccc(-c2cc(Cl)cnc2-c2ccc(CO)nc2)cc1,Cc1ncccc1-c1ncc(Cl)cc1-c1ccc(S(C)(=O)=O)cc1,c1ccc(-c2cccnc2-c2cccnc2)cc1,c1ccc(-c2cccnc2-c2cccnc2)cc1,True,True,True,,1.0,0.5882352941176471,,,,,,,,,0.7569286028251322,0.7044044148957774,0.05252418792935476,True,,,,,1.0,0.0,1.0,True,,,,,,,,
source_identity,mpair_00013958_cond_00_2p,mpair_00013958,eval,2,"HBA,RB",Cn1c2ccccc2n2c(=O)c(-c3ccccc3)nnc12,COc1ccc(-c2nnc3n(C)c4ccccc4n3c2=O)cc1,Cn1c2ccccc2n2c(=O)c(-c3ccccc3)nnc12,O=c1c(-c2ccccc2)nnc2[nH]c3ccccc3n12,O=c1c(-c2ccccc2)nnc2[nH]c3ccccc3n12,True,True,True,,1.0,0.75,,,,,,,,,,,,,,,,,,,,,6.0,5.0,1.0,True,2.0,1.0,1.0,True
source_identity,mpair_00014112_cond_02_2p,mpair_00014112,eval,2,"QED,RB",CCCCNc1nc(C)nc(Sc2nnc3c4ccccc4n(C)c3n2)n1,Cc1nc(NC(C)(C)C)nc(Sc2nnc3c4ccccc4n(C)c3n2)n1,CCCCNc1nc(C)nc(Sc2nnc3c4ccccc4n(C)c3n2)n1,c1ccc2c(c1)[nH]c1nc(Sc3ncncn3)nnc12,c1ccc2c(c1)[nH]c1nc(Sc3ncncn3)nnc12,True,False,False,,1.0,0.6896551724137931,,,,,,,,,0.5780050241000559,0.5088611232019612,0.06914390089809475,True,,,,,,,,,,,,,3.0,6.0,3.0,False
source_identity,mpair_00014576_cond_01_2p,mpair_00014576,eval,2,"TPSA,HBA",O=C(NO)C1(NS(=O)(=O)c2ccc(Oc3ccc(F)cc3)cc2)CCOCC1,N#Cc1ccc(Oc2ccc(S(=O)(=O)NC3(C(=O)NO)CCOCC3)cc2)cc1,O=C(NO)C1(NS(=O)(=O)c2ccc(Oc3ccc(F)cc3)cc2)CCOCC1,O=S(=O)(NC1CCOCC1)c1ccc(Oc2ccccc2)cc1,O=S(=O)(NC1CCOCC1)c1ccc(Oc2ccccc2)cc1,True,False,False,,1.0,0.7450980392156863,,,,,,,,,,,,,137.74999999999997,113.96000000000001,23.789999999999964,False,,,,,7.0,6.0,1.0,True,,,,
source_identity,mpair_00014920_cond_02_2p,mpair_00014920,eval,2,"MW,LogP",C=C(C(=O)c1ccccc1)n1ccccc1=O,CC/C=C(\C(=O)c1ccc(Cl)cc1)n1ccccc1=O,C=C(C(=O)c1ccccc1)n1ccccc1=O,C=C(C(=O)c1ccccc1)n1ccccc1=O,C=C(C(=O)c1ccccc1)n1ccccc1=O,True,False,False,,1.0,0.43478260869565216,287.74600000000004,225.24699999999999,62.49900000000005,False,3.635500000000003,2.2018999999999993,1.4336000000000038,False,,,,,,,,,,,,,,,,,,,,
source_identity,mpair_00015987_cond_01_2p,mpair_00015987,eval,2,"MW,LogP",C[C@@H](NS(=O)(=O)c1ccccc1)C(=O)NC1=NN=C(c2ccc(Br)cc2)CS1,C[C@H](NS(=O)(=O)c1ccccc1)C(=O)NC1=NN=C(c2ccc(F)cc2)CS1,C[C@@H](NS(=O)(=O)c1ccccc1)C(=O)NC1=NN=C(c2ccc(Br)cc2)CS1,O=C(CNS(=O)(=O)c1ccccc1)NC1=NN=C(c2ccccc2)CS1,O=C(CNS(=O)(=O)c1ccccc1)NC1=NN=C(c2ccccc2)CS1,True,False,False,,1.0,0.8181818181818182,420.49100000000016,481.39700000000016,60.906000000000006,False,2.1157999999999997,2.739200000000001,0.6234000000000015,True,,,,,,,,,,,,,,,,,,,,
source_identity,mpair_00016522_cond_01_2p,mpair_00016522,eval,2,"LogP,RB",CCN(CC)CCCNc1nccc2c1c1cnccc1n2C,CCN(CC)CCCCNc1ncc(C)c2c1c1cnccc1n2C,CCN(CC)CCCNc1nccc2c1c1cnccc1n2C,c1cc2[nH]c3ccncc3c2cn1,c1cc2[nH]c3ccncc3c2cn1,True,True,True,,1.0,0.6909090909090909,,,,,3.963820000000003,3.2653000000000016,0.6985200000000011,True,,,,,,,,,,,,,,,,,8.0,7.0,1.0,True
source_identity,mpair_00016970_cond_02_2p,mpair_00016970,eval,2,"TPSA,HBA",CCCc1c(OCCCOc2cc3c(cc2C(C)=O)CCC(C(=O)O)O3)ccc(C(C)=O)c1O,CCCc1c(OCCCOc2cc(O)c(C(C)=O)cc2CC)ccc2c1OC(C(=O)O)CC2,CCCc1c(OCCCOc2cc3c(cc2C(C)=O)CCC(C(=O)O)O3)ccc(C(C)=O)c1O,c1ccc(OCCCOc2ccc3c(c2)OCCC3)cc1,c1ccc(OCCCOc2ccc3c(c2)OCCC3)cc1,True,True,True,,1.0,0.6056338028169014,,,,,,,,,,,,,102.29,119.36,17.069999999999993,True,,,,,6.0,7.0,1.0,True,,,,
source_identity,mpair_00017118_cond_01_2p,mpair_00017118,eval,2,"HBD,HBA",COc1ccccc1N1CCN(c2cc3c(cc2N)c(=O)c(C(=O)O)cn3C(C)(C)C)CC1,COc1ccccc1N1CCN(c2c(F)cc3c(=O)c(C(=O)O)cn(CCN(C)C)c3c2OC(F)F)CC1,COc1ccccc1N1CCN(c2cc3c(cc2N)c(=O)c(C(=O)O)cn3C(C)(C)C)CC1,O=c1cc[nH]c2cc(N3CCN(c4ccccc4)CC3)ccc12,O=c1cc[nH]c2cc(N3CCN(c4ccccc4)CC3)ccc12,True,True,True,,1.0,0.43373493975903615,,,,,,,,,,,,,,,,,1.0,2.0,1.0,True,8.0,7.0,1.0,True,,,,
source_identity,mpair_00017134_cond_02_2p,mpair_00017134,eval,2,"HBA,RB",COc1ccc(N2CCN(c3cc4c(cc3N)c(=O)c(C(=O)O)cn4C(C)(C)C)CC2)cc1,CC(C)(C)n1cc(C(=O)O)c(=O)c2cc(N)c(N3CCN(c4ccc(F)cc4)CC3)cc21,COc1ccc(N2CCN(c3cc4c(cc3N)c(=O)c(C(=O)O)cn4C(C)(C)C)CC2)cc1,O=c1cc[nH]c2cc(N3CCN(c4ccccc4)CC3)ccc12,O=c1cc[nH]c2cc(N3CCN(c4ccccc4)CC3)ccc12,True,True,True,,1.0,0.7931034482758621,,,,,,,,,,,,,,,,,,,,,6.0,7.0,1.0,True,3.0,4.0,1.0,True
source_identity,mpair_00017188_cond_00_2p,mpair_00017188,eval,2,"HBA,RB",COc1ccc(C2(CCc3ccc(O)cc3)CC(=O)C(Sc3cc(C)c(CO)cc3C(C)(C)C)=C(O)O2)cc1,Cc1cc(SC2=C(O)OC(CCc3cccc(O)c3)(c3ccccc3)CC2=O)c(C(C)(C)C)cc1CO,COc1ccc(C2(CCc3ccc(O)cc3)CC(=O)C(Sc3cc(C)c(CO)cc3C(C)(C)C)=C(O)O2)cc1,O=C1CC(CCc2ccccc2)(c2ccccc2)OC=C1Sc1ccccc1,O=C1CC(CCc2ccccc2)(c2ccccc2)OC=C1Sc1ccccc1,True,True,True,,1.0,0.7105263157894737,,,,,,,,,,,,,,,,,,,,,6.0,7.0,1.0,True,7.0,8.0,1.0,True
source_identity,mpair_00000006_cond_01_3p,mpair_00000006,eval,3,"MW,LogP,QED",O=C(c1ccccc1F)N1C[C@H](CN2CCC(c3ccccc3)CC2)[C@@H](c2ccccc2)C1,O=C(c1ccccc1C(F)(F)F)N1C[C@H](CN2CCC(c3ccccc3)CC2)[C@@H](c2ccccc2)C1,O=C(c1ccccc1F)N1C[C@H](CN2CCC(c3ccccc3)CC2)[C@@H](c2ccccc2)C1,O=C(c1ccccc1)N1C[C@H](CN2CCC(c3ccccc3)CC2)[C@@H](c2ccccc2)C1,O=C(c1ccccc1)N1C[C@H](CN2CCC(c3ccccc3)CC2)[C@@H](c2ccccc2)C1,True,False,False,,1.0,0.7592592592592593,492.5850000000002,442.57800000000015,50.00700000000006,False,6.4408000000000065,5.561100000000006,0.8797000000000006,True,0.4092272471712491,0.5164092889512721,0.10718204178002305,False,,,,,,,,,,,,,,,,
source_identity,mpair_00000773_cond_01_3p,mpair_00000773,eval,3,"MW,LogP,RB",C=CCc1cc(/C=C2\SC(=O)N(CC=C(C)C)C2=O)c(OC)cc1OC1CCCCO1,C=CCc1cc(/C=C2\SC(=O)N(C)C2=O)c(OC)cc1OC1CCCCO1,C=CCc1cc(/C=C2\SC(=O)N(CC=C(C)C)C2=O)c(OC)cc1OC1CCCCO1,O=C1NC(=O)/C(=C/c2ccc(OC3CCCCO3)cc2)S1,O=C1NC(=O)/C(=C/c2ccc(OC3CCCCO3)cc2)S1,True,False,False,,1.0,0.7761194029850746,389.4730000000002,443.5650000000003,54.0920000000001,False,3.9952000000000023,5.331600000000005,1.336400000000003,False,,,,,,,,,,,,,,,,,6.0,8.0,2.0,False
source_identity,mpair_00001243_cond_01_3p,mpair_00001243,eval,3,"LogP,HBA,RB",CNc1nc(N)nc(O)c1C=O,CC(C)Nc1nc(N)nc(O)c1N=O,CNc1nc(N)nc(O)c1C=O,c1cncnc1,c1cncnc1,True,False,False,,1.0,0.425,,,,,0.9825999999999997,-0.38139999999999996,1.3639999999999997,False,,,,,,,,,,,,,7.0,6.0,1.0,True,3.0,2.0,1.0,True
source_identity,mpair_00002396_cond_01_3p,mpair_00002396,eval,3,"LogP,QED,HBA",CN(C)CCCOc1cc(C(=O)Nc2cc(F)cc(C(F)(F)F)c2)n(Cc2ccccc2)n1,COc1ccc(NC(=O)c2cc(OCCCN(C)C)nn2Cc2ccccc2)cc1,CN(C)CCCOc1cc(C(=O)Nc2cc(F)cc(C(F)(F)F)c2)n(Cc2ccccc2)n1,O=C(Nc1ccccc1)c1ccnn1Cc1ccccc1,O=C(Nc1ccccc1)c1ccnn1Cc1ccccc1,True,False,False,,1.0,0.6764705882352942,,,,,3.522800000000002,4.672100000000003,1.149300000000001,False,0.5200250404910086,0.369385517709234,0.15063952278177462,False,,,,,,,,,6.0,5.0,1.0,True,,,,
source_identity,mpair_00002436_cond_00_3p,mpair_00002436,eval,3,"LogP,TPSA,HBA",CSc1cc(-c2ccc(Br)cc2)oc(=O)c1C#N,CSc1cc(-c2ccc(Br)cc2)oc(=O)c1Cl,CSc1cc(-c2ccc(Br)cc2)oc(=O)c1C#N,O=c1cccc(-c2ccccc2)o1,O=c1cccc(-c2ccccc2)o1,True,False,False,,1.0,0.6428571428571429,,,,,4.444600000000002,3.662880000000002,0.78172,True,,,,,30.21,54.0,23.79,False,,,,,3.0,4.0,1.0,True,,,,
source_identity,mpair_00002496_cond_00_3p,mpair_00002496,eval,3,"QED,TPSA,RB",COc1ccc(C(=O)Nc2c(Cl)cncc2Cl)c2ccc(C(C)=O)nc12,COc1ccc(C(=O)Nc2ccncc2Cl)c2cccnc12,COc1ccc(C(=O)Nc2c(Cl)cncc2Cl)c2ccc(C(C)=O)nc12,O=C(Nc1ccncc1)c1cccc2ncccc12,O=C(Nc1ccncc1)c1cccc2ncccc12,True,False,False,,1.0,0.5081967213114754,,,,,,,,,0.8029165077767629,0.6681926051832562,0.13472390259350675,False,64.11,81.17999999999999,17.069999999999993,True,,,,,,,,,3.0,4.0,1.0,True
source_identity,mpair_00002929_cond_02_3p,mpair_00002929,eval,3,"MW,QED,TPSA",Clc1ccc(Nc2nc(N3CCOCC3)nc3ccccc23)cc1,COC(=O)c1ccc2c(Nc3ccc(Cl)cc3)nc(N3CCOCC3)nc2c1,Clc1ccc(Nc2nc(N3CCOCC3)nc3ccccc23)cc1,c1ccc(Nc2nc(N3CCOCC3)nc3ccccc23)cc1,c1ccc(Nc2nc(N3CCOCC3)nc3ccccc23)cc1,True,False,False,,1.0,0.631578947368421,398.85000000000025,340.81399999999996,58.036000000000286,False,,,,,0.6719222545699903,0.784150666451108,0.11222841188111765,False,76.58,50.28,26.299999999999997,False,,,,,,,,,,,,
source_identity,mpair_00003586_cond_02_3p,mpair_00003586,eval,3,"LogP,HBA,RB",CSc1ccc(Cn2ccc3c4c(N)nc(N)nc4ccc32)cc1,CC(C)(C)c1ccc(Cn2ccc3c4c(N)nc(N)nc4ccc32)cc1,CSc1ccc(Cn2ccc3c4c(N)nc(N)nc4ccc32)cc1,c1ccc(Cn2ccc3c4cncnc4ccc32)cc1,c1ccc(Cn2ccc3c4cncnc4ccc32)cc1,True,True,True,,1.0,0.72,,,,,4.094700000000002,3.519100000000001,0.5756000000000014,True,,,,,,,,,,,,,5.0,6.0,1.0,True,2.0,3.0,1.0,True
source_identity,mpair_00003910_cond_01_3p,mpair_00003910,eval,3,"LogP,QED,RB",CC1=CC2Cc3nc4cc(C)ccc4c(N)c3C(C1)C2,CCCCC1=CC2Cc3nc4ccccc4c(N)c3C(C1)C2,CC1=CC2Cc3nc4cc(C)ccc4c(N)c3C(C1)C2,C1=CC2Cc3nc4ccccc4cc3C(C1)C2,C1=CC2Cc3nc4ccccc4cc3C(C1)C2,True,False,False,,1.0,0.5,,,,,4.983300000000003,4.121420000000002,0.8618800000000011,True,0.8099373252527274,0.7268324945600372,0.08310483069269026,True,,,,,,,,,,,,,3.0,0.0,3.0,False
source_identity,mpair_00003929_cond_01_3p,mpair_00003929,eval,3,"QED,TPSA,HBA",OC(c1ccc(F)cc1)(c1ccc(F)cc1)C1CCN(CCCNc2ccccc2)CC1,Cc1ccc(O)c(NCCCN2CCC(C(O)(c3ccccc3)c3ccc(Cl)cc3)CC2)c1,OC(c1ccc(F)cc1)(c1ccc(F)cc1)C1CCN(CCCNc2ccccc2)CC1,c1ccc(NCCCN2CCC(C(c3ccccc3)c3ccccc3)CC2)cc1,c1ccc(NCCCN2CCC(C(c3ccccc3)c3ccccc3)CC2)cc1,True,False,False,,1.0,0.5483870967741935,,,,,,,,,0.2908765692038643,0.463355786818344,0.1724792176144797,False,55.730000000000004,35.5,20.230000000000004,False,,,,,4.0,3.0,1.0,True,,,,
source_identity,mpair_00004149_cond_02_3p,mpair_00004149,eval,3,"LogP,HBA,RB",C=C1C[C@@]23O[C@]2(c2ccccc21)C1CC(OC(=O)[C@H](O)[C@@H](NC(=O)OCC)c2ccc(OC)cc2)C3(C)C1(C)C,C=C1C[C@@]23O[C@]2(c2ccccc21)C1CC(OC(=O)[C@H](O)[C@@H](NC(=O)OCC)c2ccc(Cl)cc2)C3(C)C1(C)C,C=C1C[C@@]23O[C@]2(c2ccccc21)C1CC(OC(=O)[C@H](O)[C@@H](NC(=O)OCC)c2ccc(OC)cc2)C3(C)C1(C)C,C=C1C[C@@]23O[C@]2(c2ccccc21)C1CC(OC(=O)CCc2ccccc2)C3C1,C=C1C[C@@]23O[C@]2(c2ccccc21)C1CC(OC(=O)CCc2ccccc2)C3C1,True,True,True,,1.0,0.8571428571428571,,,,,5.547300000000005,4.902500000000004,0.6448000000000009,True,,,,,,,,,,,,,6.0,7.0,1.0,True,6.0,7.0,1.0,True
source_identity,mpair_00004730_cond_00_3p,mpair_00004730,eval,3,"LogP,HBA,RB",CN(C)S(=O)(=O)c1cccc(S(=O)(=O)c2ccc(CN)s2)c1,CCOc1cc(S(C)(=O)=O)cc(S(=O)(=O)c2ccc(CN)s2)c1,CN(C)S(=O)(=O)c1cccc(S(=O)(=O)c2ccc(CN)s2)c1,O=S(=O)(c1ccccc1)c1cccs1,O=S(=O)(c1ccccc1)c1cccs1,True,True,True,,1.0,0.5098039215686274,,,,,1.8418,1.2899000000000007,0.5518999999999994,True,,,,,,,,,,,,,7.0,6.0,1.0,True,6.0,5.0,1.0,True
source_identity,mpair_00004833_cond_00_3p,mpair_00004833,eval,3,"LogP,HBD,RB",CC(C)(C)OC(=O)Nc1cnn2c1n[n+]([O-])c1ccc(Cl)cc12,CCOC(=O)c1cnn2c1n[n+]([O-])c1ccc(Cl)cc12,CC(C)(C)OC(=O)Nc1cnn2c1n[n+]([O-])c1ccc(Cl)cc12,c1ccc2c(c1)[nH+]nc1ccnn12,c1ccc2c(c1)[nH+]nc1ccnn12,True,False,False,,1.0,0.5737704918032787,,,,,1.3459999999999996,2.516300000000001,1.1703000000000015,False,,,,,,,,,0.0,1.0,1.0,True,,,,,2.0,1.0,1.0,True
source_identity,mpair_00005154_cond_00_3p,mpair_00005154,eval,3,"MW,QED,HBA",COC(=O)[C@H]1C[C@@H](C(=O)O)N1,COC(=O)[C@@H]1C[C@@H](C(=O)OC(C)(C)C)N1,COC(=O)[C@H]1C[C@@H](C(=O)O)N1,C1CNC1,C1CNC1,True,False,False,,1.0,0.6206896551724138,215.249,159.14100000000002,56.107999999999976,False,,,,,0.6679892922393487,0.5039398750967158,0.16404941714263288,False,,,,,,,,,5.0,4.0,1.0,True,,,,
source_identity,mpair_00005176_cond_02_3p,mpair_00005176,eval,3,"QED,HBA,RB",COc1ccc2c(c1)C(NCCOc1cc(F)ccc1F)CCS2(=O)=O,O=S1(=O)CCC(NCCOc2cc(F)ccc2F)c2cc(F)ccc21,COc1ccc2c(c1)C(NCCOc1cc(F)ccc1F)CCS2(=O)=O,O=S1(=O)CCC(NCCOc2ccccc2)c2ccccc21,O=S1(=O)CCC(NCCOc2ccccc2)c2ccccc21,True,False,False,,1.0,0.8301886792452831,,,,,,,,,0.6485702797426979,0.7774549296747447,0.12888464993204685,False,,,,,,,,,4.0,5.0,1.0,True,5.0,6.0,1.0,True
source_identity,mpair_00005384_cond_02_3p,mpair_00005384,eval,3,"LogP,TPSA,HBA",CCCN(CCC)C(=O)c1sc(Nc2c(Cl)cc(Cl)cc2Cl)nc1C,COCCN(CCOC)C(=O)c1sc(Nc2c(Cl)cc(Cl)cc2Cl)nc1C,CCCN(CCC)C(=O)c1sc(Nc2c(Cl)cc(Cl)cc2Cl)nc1C,c1ccc(Nc2nccs2)cc1,c1ccc(Nc2nccs2)cc1,True,False,False,,1.0,0.78,,,,,4.8903200000000036,6.417520000000003,1.5271999999999997,False,,,,,63.690000000000005,45.230000000000004,18.46,True,,,,,6.0,4.0,2.0,False,,,,
source_identity,mpair_00005878_cond_00_3p,mpair_00005878,eval,3,"LogP,QED,RB",CCN(CC)c1ccc(/C=C2\CC/C(=C\c3ccc(N(CCC(=O)O)CCC(=O)O)cc3)C2=O)cc1,CN(CCC(=O)O)c1ccc(/C=C2\CC/C(=C\c3ccc(N(C)CCC(=O)O)cc3)C2=O)cc1,CCN(CC)c1ccc(/C=C2\CC/C(=C\c3ccc(N(CCC(=O)O)CCC(=O)O)cc3)C2=O)cc1,O=C1/C(=C/c2ccccc2)CC/C1=C\c1ccccc1,O=C1/C(=C/c2ccccc2)CC/C1=C\c1ccccc1,True,False,False,,1.0,0.7045454545454546,,,,,4.338300000000003,5.118500000000004,0.7802000000000007,True,0.5070136745133651,0.3986428148171297,0.10837085969623539,False,,,,,,,,,,,,,10.0,12.0,2.0,False
source_identity,mpair_00006073_cond_00_3p,mpair_00006073,eval,3,"LogP,HBA,RB",CC(C)(C)c1ccc(-c2ccc(CN3[C@@H](C(=O)NO)CCCS3(=O)=O)cc2)cc1,COc1ccc(-c2ccc(CN3[C@@H](C(=O)NO)CCCS3(=O)=O)cc2)cc1,CC(C)(C)c1ccc(-c2ccc(CN3[C@@H](C(=O)NO)CCCS3(=O)=O)cc2)cc1,O=S1(=O)CCCCN1Cc1ccc(-c2ccccc2)cc1,O=S1(=O)CCCCN1Cc1ccc(-c2ccccc2)cc1,True,False,False,,1.0,0.75,,,,,2.1617999999999995,3.450700000000002,1.2889000000000026,False,,,,,,,,,,,,,5.0,4.0,1.0,True,5.0,4.0,1.0,True
source_identity,mpair_00006845_cond_01_3p,mpair_00006845,eval,3,"MW,LogP,QED",CC(CCN1CCC(c2ccccc2)CC1)(CN1C(=O)N[C@H](Cc2c[nH]c3ccccc23)C1=O)c1cccc(Cl)c1,O=C1N[C@H](Cc2c[nH]c3ccccc23)C(=O)N1CC(CCN1CCC(c2ccccc2)CC1)c1ccccc1,CC(CCN1CCC(c2ccccc2)CC1)(CN1C(=O)N[C@H](Cc2c[nH]c3ccccc23)C1=O)c1cccc(Cl)c1,O=C1N[C@H](Cc2c[nH]c3ccccc23)C(=O)N1CC(CCN1CCC(c2ccccc2)CC1)c1ccccc1,O=C1N[C@H](Cc2c[nH]c3ccccc23)C(=O)N1CC(CCN1CCC(c2ccccc2)CC1)c1ccccc1,True,False,False,,1.0,0.5802469135802469,520.6770000000004,569.1490000000002,48.471999999999866,False,5.684300000000007,6.511800000000007,0.8275000000000006,True,0.2789586572255103,0.2261018648545102,0.05285679237100008,True,,,,,,,,,,,,,,,,
source_identity,mpair_00007221_cond_00_3p,mpair_00007221,eval,3,"LogP,TPSA,HBA",CC12CCC3C(C(=O)C=C4CCCCC43C=O)C1CCC2=O,CC12CCC3C(C(=O)C=C4CCCCC43C)C1CCC2=O,CC12CCC3C(C(=O)C=C4CCCCC43C=O)C1CCC2=O,O=C1CCC2C1CCC1C3CCCCC3=CC(=O)C21,O=C1CCC2C1CCC1C3CCCCC3=CC(=O)C21,True,True,True,,1.0,0.7272727272727273,,,,,4.087400000000003,3.2664000000000017,0.8210000000000015,True,,,,,34.14,51.21,17.07,True,,,,,2.0,3.0,1.0,True,,,,
source_identity,mpair_00007435_cond_01_3p,mpair_00007435,eval,3,"LogP,HBA,RB",O=C(O)CN1C(=O)C(=O)N(Cc2ccccc2Cl)C1=O,COc1ccccc1CN1C(=O)C(=O)N(CC(=O)O)C1=O,O=C(O)CN1C(=O)C(=O)N(Cc2ccccc2Cl)C1=O,O=C1NC(=O)N(Cc2ccccc2)C1=O,O=C1NC(=O)N(Cc2ccccc2)C1=O,True,True,True,,1.0,0.6428571428571429,,,,,0.07060000000000016,0.7154,0.6447999999999998,True,,,,,,,,,,,,,5.0,4.0,1.0,True,5.0,4.0,1.0,True
source_identity,mpair_00007456_cond_02_3p,mpair_00007456,eval,3,"QED,TPSA,HBA",O=C(O)CN1C(=O)C(=O)N(Cc2ccc(F)cc2)C1=O,O=C(O)CN1C(=O)C(=O)N(Cc2ccccc2[N+](=O)[O-])C1=O,O=C(O)CN1C(=O)C(=O)N(Cc2ccc(F)cc2)C1=O,O=C1NC(=O)N(Cc2ccccc2)C1=O,O=C1NC(=O)N(Cc2ccccc2)C1=O,True,False,False,,1.0,0.4782608695652174,,,,,,,,,0.3485679851412651,0.6276772199440043,0.2791092348027392,False,138.13,94.99000000000001,43.139999999999986,False,,,,,6.0,4.0,2.0,False,,,,
source_identity,mpair_00007823_cond_02_3p,mpair_00007823,eval,3,"MW,HBA,RB",COc1cc2ncc(C#N)c(Nc3ccc(F)c(Cl)c3)c2cc1NC(=O)/C=C/C(C)N1CCOCC1,N#Cc1cnc2ccc(NC(=O)/C=C/CN3CCOCC3)cc2c1Nc1ccc(F)c(Cl)c1,COc1cc2ncc(C#N)c(Nc3ccc(F)c(Cl)c3)c2cc1NC(=O)/C=C/C(C)N1CCOCC1,O=C(/C=C/CN1CCOCC1)Nc1ccc2nccc(Nc3ccccc3)c2c1,O=C(/C=C/CN1CCOCC1)Nc1ccc2nccc(Nc3ccccc3)c2c1,True,False,False,,1.0,0.5888888888888889,465.91600000000017,509.96900000000034,44.05300000000017,False,,,,,,,,,,,,,,,,,6.0,7.0,1.0,True,6.0,7.0,1.0,True
source_identity,mpair_00007849_cond_00_3p,mpair_00007849,eval,3,"TPSA,HBD,HBA",CCO/C(O)=C1\C(C)=NC(C)=C(C(=O)OC)C1c1cccc(NC(=O)NCCCN2CCN(c3ccccc3)CC2)c1,CCO/C(O)=C1\C(C)=NC(C)=C(C(=O)OC)C1c1cccc(NC(=O)NCCCN2CCN(c3cccc(O)c3)CC2)c1,CCO/C(O)=C1\C(C)=NC(C)=C(C(=O)OC)C1c1cccc(NC(=O)NCCCN2CCN(c3ccccc3)CC2)c1,C=C1C=NC=CC1c1cccc(NC(=O)NCCCN2CCN(c3ccccc3)CC2)c1,C=C1C=NC=CC1c1cccc(NC(=O)NCCCN2CCN(c3ccccc3)CC2)c1,True,False,False,,1.0,0.8947368421052632,,,,,,,,,,,,,135.95999999999998,115.72999999999999,20.22999999999999,False,4.0,3.0,1.0,True,9.0,8.0,1.0,True,,,,
source_identity,mpair_00008148_cond_02_3p,mpair_00008148,eval,3,"LogP,TPSA,HBD",CCN(CC)CC(O)Cn1c2ccccc2c(=O)c2cccc(C(=O)O)c21,CC(C)N(CC(O)Cn1c2ccccc2c(=O)c2cccc(Cl)c21)C(C)C,CCN(CC)CC(O)Cn1c2ccccc2c(=O)c2cccc(C(=O)O)c21,O=c1c2ccccc2[nH]c2ccccc12,O=c1c2ccccc2[nH]c2ccccc12,True,False,False,,1.0,0.5517241379310345,,,,,4.287800000000003,2.5556,1.7322000000000033,False,,,,,45.47,82.77,37.3,False,1.0,2.0,1.0,True,,,,,,,,
source_identity,mpair_00008198_cond_02_3p,mpair_00008198,eval,3,"MW,TPSA,HBA",OC1Cc2ccccc2CC1N1CCC(c2ccccc2)CC1,CC(=O)Nc1cccc2c1CC(N1CCC(c3ccccc3)CC1)C(O)C2,OC1Cc2ccccc2CC1N1CCC(c2ccccc2)CC1,c1ccc(C2CCN(C3CCc4ccccc4C3)CC2)cc1,c1ccc(C2CCN(C3CCc4ccccc4C3)CC2)cc1,True,False,False,,1.0,0.6170212765957447,364.4890000000001,307.437,57.05200000000008,False,,,,,,,,,52.57000000000001,23.47,29.10000000000001,False,,,,,3.0,2.0,1.0,True,,,,
source_identity,mpair_00008355_cond_01_3p,mpair_00008355,eval,3,"LogP,QED,RB",CCc1c(O)c(C(=O)NCC(=O)O)c2ncnn2c1CC,CCCCCc1cc(O)c(C(=O)NCC(=O)O)c2ncnn12,CCc1c(O)c(C(=O)NCC(=O)O)c2ncnn2c1CC,c1ccn2ncnc2c1,c1ccn2ncnc2c1,True,False,False,,1.0,0.5535714285714286,,,,,0.9820000000000002,0.37409999999999916,0.607900000000001,True,0.6565019717290547,0.7328867897240642,0.07638481799500951,True,,,,,,,,,,,,,7.0,5.0,2.0,False
source_identity,mpair_00008374_cond_02_3p,mpair_00008374,eval,3,"LogP,HBA,RB",CC[C@H](C)C(=O)O[C@H]1CCC=C2C=C[C@H](C)[C@H](CCC(=O)C[C@@H](O)CC(=O)O)[C@H]21,CC[C@H](C)C(=O)O[C@H]1CCC=C2C=C[C@H](C)[C@H](COC(=O)C[C@@H](O)CC(=O)O)[C@H]21,CC[C@H](C)C(=O)O[C@H]1CCC=C2C=C[C@H](C)[C@H](CCC(=O)C[C@@H](O)CC(=O)O)[C@H]21,C1=CC2=CCCC[C@@H]2CC1,C1=CC2=CCCC[C@@H]2CC1,True,True,True,,1.0,0.765625,,,,,2.8717000000000006,3.677800000000002,0.8061000000000016,True,,,,,,,,,,,,,6.0,5.0,1.0,True,9.0,10.0,1.0,True
source_identity,mpair_00008508_cond_01_3p,mpair_00008508,eval,3,"MW,LogP,QED",CC(C)COc1ccc(Cc2ccc(NC3=NCCN3)cc2)cc1,COc1ccc(Cc2ccc(NC3=NCCN3)cc2)cc1,CC(C)COc1ccc(Cc2ccc(NC3=NCCN3)cc2)cc1,c1ccc(Cc2ccc(NC3=NCCN3)cc2)cc1,c1ccc(Cc2ccc(NC3=NCCN3)cc2)cc1,True,False,False,,1.0,0.7111111111111111,281.359,323.44,42.08100000000002,False,2.6571000000000007,3.683300000000002,1.0262000000000011,False,0.905384090862648,0.852180009538777,0.053204081323871,True,,,,,,,,,,,,,,,,
source_identity,mpair_00008601_cond_00_3p,mpair_00008601,eval,3,"MW,LogP,QED",Cc1cc2c(cc1C(F)(F)F)N(C(=O)Nc1cnc(OCc3ccccn3)c(C)c1)CC2,O=C(Nc1ccc(OCc2ccccn2)nc1)N1CCc2c(Cl)cccc21,Cc1cc2c(cc1C(F)(F)F)N(C(=O)Nc1cnc(OCc3ccccn3)c(C)c1)CC2,O=C(Nc1ccc(OCc2ccccn2)nc1)N1CCc2ccccc21,O=C(Nc1ccc(OCc2ccccn2)nc1)N1CCc2ccccc21,True,False,False,,1.0,0.4625,380.8350000000002,442.44100000000026,61.60600000000005,False,4.303600000000003,5.285840000000004,0.9822400000000009,True,0.7321782006044687,0.596622020487814,0.1355561801166547,False,,,,,,,,,,,,,,,,
source_identity,mpair_00008643_cond_00_3p,mpair_00008643,eval,3,"MW,QED,RB",COc1ccccc1N1CCN(C(=O)c2cc3ccccc3[nH]2)CC1,CC(C)Nc1ccc(F)cc1N1CCN(C(=O)c2cc3ccccc3[nH]2)CC1,COc1ccccc1N1CCN(C(=O)c2cc3ccccc3[nH]2)CC1,O=C(c1cc2ccccc2[nH]1)N1CCN(c2ccccc2)CC1,O=C(c1cc2ccccc2[nH]1)N1CCN(c2ccccc2)CC1,True,False,False,,1.0,0.603448275862069,380.4670000000001,335.40700000000004,45.06000000000006,False,,,,,0.7168114142147228,0.7998526760751825,0.08304126186045968,True,,,,,,,,,,,,,4.0,3.0,1.0,True
source_identity,mpair_00008657_cond_02_3p,mpair_00008657,eval,3,"MW,LogP,QED",CC(C)Nc1cc(C(F)(F)F)ccc1N1CCN(C(=O)c2cc3ccccc3[nH]2)CC1,CC(C)Nc1ccc(F)cc1N1CCN(C(=O)c2cc3ccccc3[nH]2)CC1,CC(C)Nc1cc(C(F)(F)F)ccc1N1CCN(C(=O)c2cc3ccccc3[nH]2)CC1,O=C(c1cc2ccccc2[nH]1)N1CCN(c2ccccc2)CC1,O=C(c1cc2ccccc2[nH]1)N1CCN(c2ccccc2)CC1,True,False,False,,1.0,0.7049180327868853,380.4670000000001,430.47400000000016,50.00700000000006,False,4.089700000000003,4.969400000000004,0.8797000000000006,True,0.7168114142147228,0.6146175126889707,0.10219390152575214,False,,,,,,,,,,,,,,,,
source_identity,mpair_00008740_cond_02_3p,mpair_00008740,eval,3,"MW,HBD,HBA",CC(=O)Oc1ccc(-c2c(C)c3cc(OC(C)=O)ccc3n2Cc2ccc(C#N)cc2)cc1,Cc1ccc(Cn2c(-c3ccc(O)cc3)c(C)c3cc(O)ccc32)cc1,CC(=O)Oc1ccc(-c2c(C)c3cc(OC(C)=O)ccc3n2Cc2ccc(C#N)cc2)cc1,c1ccc(Cn2c(-c3ccccc3)cc3ccccc32)cc1,c1ccc(Cn2c(-c3ccccc3)cc3ccccc32)cc1,True,False,False,,1.0,0.4827586206896552,343.4260000000001,438.4830000000001,95.05700000000002,False,,,,,,,,,,,,,2.0,0.0,2.0,False,3.0,6.0,3.0,False,,,,
source_identity,mpair_00009355_cond_01_3p,mpair_00009355,eval,3,"MW,QED,RB",O=C(NCCc1c[nH]c2ccccc12)C1CC1,COc1ccc2[nH]c(C)c(CCNC(=O)C3CC3)c2c1,O=C(NCCc1c[nH]c2ccccc12)C1CC1,O=C(NCCc1c[nH]c2ccccc12)C1CC1,O=C(NCCc1c[nH]c2ccccc12)C1CC1,True,False,False,,1.0,0.41379310344827586,272.34799999999996,228.295,44.05299999999997,False,,,,,0.8785652510386628,0.8278146366960528,0.05075061434260997,True,,,,,,,,,,,,,5.0,4.0,1.0,True
source_identity,mpair_00009969_cond_00_3p,mpair_00009969,eval,3,"TPSA,HBD,HBA",CN1C(=O)C(Cc2ccc3ccccc3c2)N=C(c2ccc(O)cc2)c2cc(Cl)ccc21,CN1C(=O)C(Cc2ccc3ccccc3c2)N=C(c2ccccc2)c2cc(Cl)ccc21,CN1C(=O)C(Cc2ccc3ccccc3c2)N=C(c2ccc(O)cc2)c2cc(Cl)ccc21,O=C1Nc2ccccc2C(c2ccccc2)=NC1Cc1ccc2ccccc2c1,O=C1Nc2ccccc2C(c2ccccc2)=NC1Cc1ccc2ccccc2c1,True,False,False,,1.0,0.8571428571428571,,,,,,,,,,,,,32.67,52.900000000000006,20.230000000000004,False,0.0,1.0,1.0,True,2.0,3.0,1.0,True,,,,
source_identity,mpair_00010012_cond_00_3p,mpair_00010012,eval,3,"MW,LogP,HBD",O=c1cc(-c2ccccc2)oc2cc(OCC(O)CNCc3ccccc3)ccc12,CC(C)N(Cc1ccccc1)CC(O)COc1ccc2c(=O)cc(-c3ccccc3)oc2c1,O=c1cc(-c2ccccc2)oc2cc(OCC(O)CNCc3ccccc3)ccc12,O=c1cc(-c2ccccc2)oc2cc(OCCCNCc3ccccc3)ccc12,O=c1cc(-c2ccccc2)oc2cc(OCCCNCc3ccccc3)ccc12,True,False,False,,1.0,0.6451612903225806,443.5430000000002,401.4620000000001,42.081000000000074,False,5.110300000000005,3.9895000000000023,1.1208000000000027,False,,,,,,,,,1.0,2.0,1.0,True,,,,,,,,
source_identity,mpair_00010795_cond_01_3p,mpair_00010795,eval,3,"LogP,HBA,RB",O=C(O)c1cn(C2CC2)c2c(Cl)c(N3C[C@@H]4CCCN[C@@H]4C3)c(F)cc2c1=O,COc1c(N2C[C@@H]3CCCN[C@@H]3C2)c(F)cc2c(=O)c(C(=O)O)cn(C3CC3)c12,O=C(O)c1cn(C2CC2)c2c(Cl)c(N3C[C@@H]4CCCN[C@@H]4C3)c(F)cc2c1=O,O=c1ccn(C2CC2)c2cc(N3C[C@@H]4CCCN[C@@H]4C3)ccc12,O=c1ccn(C2CC2)c2cc(N3C[C@@H]4CCCN[C@@H]4C3)ccc12,True,True,True,,1.0,0.7727272727272727,,,,,2.3705000000000007,3.0153000000000008,0.6448,True,,,,,,,,,,,,,6.0,5.0,1.0,True,4.0,3.0,1.0,True
source_identity,mpair_00010894_cond_02_3p,mpair_00010894,eval,3,"LogP,TPSA,RB",N[C@@H](Cc1c[nH]c2ccccc12)C(=O)N1Cc2ccccc2C[C@H]1C(=O)N[C@@H](CS)C(=O)O,NC(=O)C[C@H](NC(=O)[C@@H]1Cc2ccccc2CN1C(=O)[C@@H](N)Cc1c[nH]c2ccccc12)C(=O)O,N[C@@H](Cc1c[nH]c2ccccc12)C(=O)N1Cc2ccccc2C[C@H]1C(=O)N[C@@H](CS)C(=O)O,O=C(CCc1c[nH]c2ccccc12)N1CCc2ccccc2C1,O=C(CCc1c[nH]c2ccccc12)N1CCc2ccccc2C1,True,False,False,,1.0,0.8333333333333334,,,,,0.4360000000000033,1.4903999999999997,1.0543999999999965,False,,,,,171.60999999999999,128.51999999999998,43.09,False,,,,,,,,,8.0,7.0,1.0,True
source_identity,mpair_00011108_cond_02_3p,mpair_00011108,eval,3,"MW,LogP,QED",Cc1nn(-c2cccc(Br)c2)c2c1c(O)nc1ccccc12,COc1cccc(-n2nc(C)c3c(O)nc4ccccc4c32)c1,Cc1nn(-c2cccc(Br)c2)c2c1c(O)nc1ccccc12,c1ccc(-n2ncc3cnc4ccccc4c32)cc1,c1ccc(-n2ncc3cnc4ccccc4c32)cc1,True,False,False,,1.0,0.75,305.33700000000005,354.207,48.86999999999995,False,3.596320000000002,4.350220000000002,0.7538999999999998,True,0.6145221270807419,0.5529310411040589,0.06159108597668306,True,,,,,,,,,,,,,,,,
source_identity,mpair_00012044_cond_01_3p,mpair_00012044,eval,3,"LogP,HBA,RB",COc1ccccc1N1CCN(c2nc3ccccc3s2)CC1,Clc1cccc(N2CCN(c3nc4ccccc4s3)CC2)c1,COc1ccccc1N1CCN(c2nc3ccccc3s2)CC1,c1ccc(N2CCN(c3nc4ccccc4s3)CC2)cc1,c1ccc(N2CCN(c3nc4ccccc4s3)CC2)cc1,True,True,True,,1.0,0.5102040816326531,,,,,4.276300000000003,3.6315000000000026,0.6448,True,,,,,,,,,,,,,4.0,5.0,1.0,True,2.0,3.0,1.0,True
source_identity,mpair_00012894_cond_01_3p,mpair_00012894,eval,3,"TPSA,HBA,RB",COc1ccc(O)cc1C(C)(C)C(C)(C)c1cc(O)ccc1OC,Cc1ccc(O)cc1C(C)(C)C(C)(C)c1cc(O)ccc1C,COc1ccc(O)cc1C(C)(C)C(C)(C)c1cc(O)ccc1OC,c1ccc(CCc2ccccc2)cc1,c1ccc(CCc2ccccc2)cc1,True,False,False,,1.0,0.5517241379310345,,,,,,,,,,,,,40.46,58.92,18.46,True,,,,,2.0,4.0,2.0,False,3.0,5.0,2.0,False
source_identity,mpair_00013346_cond_02_3p,mpair_00013346,eval,3,"MW,LogP,QED",NC(=O)c1nnn(Cc2cc(Cl)cc(Cl)c2)c1N,NC(=O)c1nnn(Cc2ccccc2)c1N,NC(=O)c1nnn(Cc2cc(Cl)cc(Cl)c2)c1N,c1ccc(Cn2ccnn2)cc1,c1ccc(Cn2ccnn2)cc1,True,False,False,,1.0,0.6923076923076923,217.23200000000003,286.12200000000007,68.89000000000004,False,0.007499999999999285,1.3142999999999996,1.3068000000000004,False,0.7556774416955722,0.8880301891117977,0.1323527474162255,False,,,,,,,,,,,,,,,,
source_identity,mpair_00013968_cond_00_3p,mpair_00013968,eval,3,"QED,HBD,RB",O=C(O)CCN1C(=O)CCC1=O,CCOC(=O)CCN1C(=O)CCC1=O,O=C(O)CCN1C(=O)CCC1=O,O=C1CCC(=O)N1,O=C1CCC(=O)N1,True,False,False,,1.0,0.5483870967741935,,,,,,,,,0.4751411200089623,0.5866124721766223,0.11147135216765997,False,,,,,0.0,1.0,1.0,True,,,,,4.0,3.0,1.0,True
source_identity,mpair_00014573_cond_00_3p,mpair_00014573,eval,3,"LogP,TPSA,HBA",O=C(NO)C1(NS(=O)(=O)c2ccc(Oc3cccc(Cl)c3)cc2)CCOCC1,N#Cc1ccc(Oc2ccc(S(=O)(=O)NC3(C(=O)NO)CCOCC3)cc2)cc1,O=C(NO)C1(NS(=O)(=O)c2ccc(Oc3cccc(Cl)c3)cc2)CCOCC1,O=S(=O)(NC1CCOCC1)c1ccc(Oc2ccccc2)cc1,O=S(=O)(NC1CCOCC1)c1ccc(Oc2ccccc2)cc1,True,False,False,,1.0,0.6666666666666666,,,,,1.6834799999999996,2.4652000000000003,0.7817200000000006,True,,,,,137.74999999999997,113.96000000000001,23.789999999999964,False,,,,,7.0,6.0,1.0,True,,,,
source_identity,mpair_00014658_cond_01_3p,mpair_00014658,eval,3,"LogP,HBD,HBA",Cc1nn2c(C)nnc2cc1Cc1ccccc1Cl,Cc1nn2c(N)nnc2cc1Cc1ccc(F)cc1,Cc1nn2c(C)nnc2cc1Cc1ccccc1Cl,c1ccc(Cc2cnn3cnnc3c2)cc1,c1ccc(Cc2cnn3cnnc3c2)cc1,True,False,False,,1.0,0.43137254901960786,,,,,1.7448199999999994,2.9853400000000017,1.2405200000000023,False,,,,,,,,,1.0,0.0,1.0,True,5.0,4.0,1.0,True,,,,
source_identity,mpair_00014900_cond_01_3p,mpair_00014900,eval,3,"TPSA,HBD,HBA",COC(=O)CCc1c(SSc2[nH]c3ccccc3c2CCC(=O)OC)[nH]c2ccccc12,Cc1ccc2[nH]c(SSc3[nH]c4ccc(C)cc4c3CCC(=O)O)c(CCC(=O)O)c2c1,COC(=O)CCc1c(SSc2[nH]c3ccccc3c2CCC(=O)OC)[nH]c2ccccc12,c1ccc2[nH]c(SSc3cc4ccccc4[nH]3)cc2c1,c1ccc2[nH]c(SSc3cc4ccccc4[nH]3)cc2c1,True,False,False,,1.0,0.5,,,,,,,,,,,,,106.17999999999999,84.18,21.999999999999986,False,4.0,2.0,2.0,False,4.0,6.0,2.0,False,,,,
source_identity,mpair_00016521_cond_02_3p,mpair_00016521,eval,3,"MW,QED,RB",CCCN(CCC)CCCNc1ncc(C)c2c1c1cnccc1n2C,CCN(CC)CCCNc1nccc2c1c1cnccc1n2C,CCCN(CCC)CCCNc1ncc(C)c2c1c1cnccc1n2C,c1cc2[nH]c3ccncc3c2cn1,c1cc2[nH]c3ccncc3c2cn1,True,False,False,,1.0,0.631578947368421,311.43300000000005,353.51400000000007,42.08100000000002,False,,,,,0.6803351574377275,0.5808796772538907,0.09945548018383688,True,,,,,,,,,,,,,7.0,9.0,2.0,False
source_identity,mpair_00017102_cond_02_3p,mpair_00017102,eval,3,"MW,HBA,RB",Nc1cc(C(=O)N2CCCC2)cn2nc(-c3ccc(Br)o3)nc12,COC[C@H]1CCCN1C(=O)c1cc(N)c2nc(-c3ccc(Br)o3)nn2c1,Nc1cc(C(=O)N2CCCC2)cn2nc(-c3ccc(Br)o3)nc12,O=C(c1ccc2nc(-c3ccco3)nn2c1)N1CCCC1,O=C(c1ccc2nc(-c3ccco3)nn2c1)N1CCCC1,True,False,False,,1.0,0.65625,420.26700000000005,376.21400000000006,44.053,False,,,,,,,,,,,,,,,,,7.0,6.0,1.0,True,4.0,2.0,2.0,False
source_identity,mpair_00017142_cond_00_3p,mpair_00017142,eval,3,"MW,QED,RB",CCCCN1C(=O)CCC1(O)c1cccc(C(F)(F)F)c1,CN1C(=O)CCC1(O)c1ccccc1,CCCCN1C(=O)CCC1(O)c1cccc(C(F)(F)F)c1,O=C1CCC(c2ccccc2)N1,O=C1CCC(c2ccccc2)N1,True,False,False,,1.0,0.4117647058823529,191.23000000000002,301.308,110.07799999999997,False,,,,,0.7213181648262305,0.9269361309267071,0.20561796610047667,False,,,,,,,,,,,,,1.0,4.0,3.0,False
source_identity,mpair_00017198_cond_02_3p,mpair_00017198,eval,3,"QED,HBD,RB",CC(C)c1cccc(C(C)C)c1NC(=O)NCC(NCc1ccc(O)c(CN(C)C)c1)c1ccccc1,COc1ccc(CNC(CNC(=O)Nc2c(C(C)C)cccc2C(C)C)c2ccccc2)cc1,CC(C)c1cccc(C(C)C)c1NC(=O)NCC(NCc1ccc(O)c(CN(C)C)c1)c1ccccc1,O=C(NCC(NCc1ccccc1)c1ccccc1)Nc1ccccc1,O=C(NCC(NCc1ccccc1)c1ccccc1)Nc1ccccc1,True,True,True,,1.0,0.6507936507936508,,,,,,,,,0.32023292526518016,0.2463037401497724,0.07392918511540775,True,,,,,3.0,4.0,1.0,True,,,,,10.0,11.0,1.0,True
source_identity,mpair_00000521_cond_02_4p,mpair_00000521,eval,4,"MW,QED,HBA,RB",CSC1=C(C(=O)O)N2C(=O)[C@@H](NC(=O)[C@H](N)c3ccccc3)[C@H]2CC1,N[C@@H](C(=O)N[C@@H]1C(=O)N2C(C(=O)O)=C(C(F)(F)F)CC[C@H]12)c1ccc(F)cc1,CSC1=C(C(=O)O)N2C(=O)[C@@H](NC(=O)[C@H](N)c3ccccc3)[C@H]2CC1,O=C(Cc1ccccc1)N[C@@H]1C(=O)N2C=CCC[C@H]12,O=C(Cc1ccccc1)N[C@@H]1C(=O)N2C=CCC[C@H]12,True,False,False,,1.0,0.5873015873015873,401.3160000000001,361.42300000000006,39.89300000000003,False,,,,,0.5187711593734389,0.6699274889764619,0.15115632960302305,False,,,,,,,,,4.0,5.0,1.0,True,4.0,5.0,1.0,True
source_identity,mpair_00000980_cond_02_4p,mpair_00000980,eval,4,"QED,HBD,HBA,RB",Cc1ccc(N2CCN(CCC3NC(=O)c4ccccc43)CC2)cc1C,COc1ccc(N2CCN(CCC3c4ccccc4C(=O)N3C)CC2)cc1,Cc1ccc(N2CCN(CCC3NC(=O)c4ccccc43)CC2)cc1C,O=C1NC(CCN2CCN(c3ccccc3)CC2)c2ccccc21,O=C1NC(CCN2CCN(c3ccccc3)CC2)c2ccccc21,True,False,False,,1.0,0.4444444444444444,,,,,,,,,0.8160326048332845,0.9198864151307602,0.10385381029747565,False,,,,,0.0,1.0,1.0,True,4.0,3.0,1.0,True,5.0,4.0,1.0,True
source_identity,mpair_00001400_cond_02_4p,mpair_00001400,eval,4,"MW,QED,TPSA,RB",Nc1nc(O)c(N=O)c(NCCCO)n1,CNc1nc(N)nc(O)c1N=O,Nc1nc(O)c(N=O)c(NCCCO)n1,c1cncnc1,c1cncnc1,True,False,False,,1.0,0.5789473684210527,169.144,213.19699999999995,44.05299999999994,False,,,,,0.5448299298561337,0.3977619077750839,0.14706802208104974,False,113.49000000000001,133.72,20.22999999999999,False,,,,,,,,,2.0,5.0,3.0,False
source_identity,mpair_00002461_cond_00_4p,mpair_00002461,eval,4,"MW,LogP,QED,RB",CSc1nc(-c2ccc(Cl)cc2)nn1C(=O)N(C)c1ccccc1,CN(C(=O)n1nc(-c2ccc(Cl)cc2)nc1SCC(F)(F)F)c1ccccc1,CSc1nc(-c2ccc(Cl)cc2)nn1C(=O)N(C)c1ccccc1,O=C(Nc1ccccc1)n1cnc(-c2ccccc2)n1,O=C(Nc1ccccc1)n1cnc(-c2ccccc2)n1,True,False,False,,1.0,0.7222222222222222,426.8510000000001,358.85400000000004,67.99700000000007,False,5.357400000000003,4.424900000000004,0.9324999999999992,True,0.5270344401044634,0.6499636794176425,0.12292923931317912,False,,,,,,,,,,,,,4.0,3.0,1.0,True
source_identity,mpair_00002499_cond_02_4p,mpair_00002499,eval,4,"MW,LogP,QED,RB",COc1ccc(C(=O)Nc2ccncc2Cl)c2cccnc12,CCc1ccc2c(C(=O)Nc3c(Cl)cncc3Cl)ccc(OC)c2n1,COc1ccc(C(=O)Nc2ccncc2Cl)c2cccnc12,O=C(Nc1ccncc1)c1cccc2ncccc12,O=C(Nc1ccncc1)c1cccc2ncccc12,True,False,False,,1.0,0.5,376.2430000000001,313.744,62.49900000000008,False,4.759900000000003,3.544100000000002,1.2158000000000007,False,0.7131894410136064,0.8029165077767629,0.08972706676315656,True,,,,,,,,,,,,,4.0,3.0,1.0,True
source_identity,mpair_00002521_cond_00_4p,mpair_00002521,eval,4,"MW,LogP,QED,RB",CCc1ccc2c(C(=O)Nc3c(Cl)cncc3Cl)ccc(OC)c2n1,COc1ccc(C(=O)Nc2ccncc2Cl)c2cccnc12,CCc1ccc2c(C(=O)Nc3c(Cl)cncc3Cl)ccc(OC)c2n1,O=C(Nc1ccncc1)c1cccc2ncccc12,O=C(Nc1ccncc1)c1cccc2ncccc12,True,False,False,,1.0,0.5,313.744,376.2430000000001,62.49900000000008,False,3.544100000000002,4.759900000000003,1.2158000000000007,False,0.8029165077767629,0.7131894410136064,0.08972706676315656,True,,,,,,,,,,,,,3.0,4.0,1.0,True
source_identity,mpair_00003414_cond_00_4p,mpair_00003414,eval,4,"MW,LogP,QED,RB",COc1cccc(N(Cc2cccnc2)S(=O)(=O)CC(F)(F)F)c1,CC(C)COc1cccc(N(Cc2cccnc2)S(=O)(=O)CC(F)(F)F)c1,COc1cccc(N(Cc2cccnc2)S(=O)(=O)CC(F)(F)F)c1,c1ccc(NCc2cccnc2)cc1,c1ccc(NCc2cccnc2)cc1,True,False,False,,1.0,0.7818181818181819,402.43800000000005,360.3570000000001,42.08099999999996,False,4.015100000000003,2.988900000000002,1.0262000000000011,False,0.6693605971809802,0.7946521442277092,0.12529154704672907,False,,,,,,,,,,,,,8.0,6.0,2.0,False
source_identity,mpair_00003597_cond_00_4p,mpair_00003597,eval,4,"LogP,QED,HBD,HBA",Clc1ccnc(SCc2ccc3ccccc3c2)n1,Nc1cc(O)nc(SCc2ccc3ccccc3c2)n1,Clc1ccnc(SCc2ccc3ccccc3c2)n1,c1cnc(SCc2ccc3ccccc3c2)nc1,c1cnc(SCc2ccc3ccccc3c2)nc1,True,False,False,,1.0,0.5,,,,,3.209900000000001,4.5755000000000035,1.3656000000000024,False,0.5701925246200975,0.40044710152186036,0.16974542309823715,False,,,,,2.0,0.0,2.0,False,5.0,3.0,2.0,False,,,,
source_identity,mpair_00003911_cond_02_4p,mpair_00003911,eval,4,"MW,QED,HBD,RB",CC1=CC2Cc3nc4cc(Cl)ccc4c(NCCO)c3C(C1)C2,CC1=CC2Cc3nc4cc(C)ccc4c(N)c3C(C1)C2,CC1=CC2Cc3nc4cc(Cl)ccc4c(NCCO)c3C(C1)C2,C1=CC2Cc3nc4ccccc4cc3C(C1)C2,C1=CC2Cc3nc4ccccc4cc3C(C1)C2,True,False,False,,1.0,0.5081967213114754,264.372,328.8430000000002,64.47100000000017,False,,,,,0.7268324945600372,0.8261574151418123,0.09932492058177511,True,,,,,1.0,2.0,1.0,True,,,,,0.0,3.0,3.0,False
source_identity,mpair_00004139_cond_00_4p,mpair_00004139,eval,4,"QED,TPSA,HBD,HBA",C=C1C[C@@]23O[C@]2(c2ccccc21)C1CC(OC(=O)[C@H](O)[C@@H](NC(=O)OCC)c2ccccc2)C3(C)C1(C)C,C=C1C[C@@]23O[C@]2(c2ccccc21)C1CC(OC(=O)[C@H](O)[C@@H](NC(=O)OCC)c2ccc(O)cc2)C3(C)C1(C)C,C=C1C[C@@]23O[C@]2(c2ccccc21)C1CC(OC(=O)[C@H](O)[C@@H](NC(=O)OCC)c2ccccc2)C3(C)C1(C)C,C=C1C[C@@]23O[C@]2(c2ccccc21)C1CC(OC(=O)CCc2ccccc2)C3C1,C=C1C[C@@]23O[C@]2(c2ccccc21)C1CC(OC(=O)CCc2ccccc2)C3C1,True,False,False,,1.0,0.9027777777777778,,,,,,,,,0.36696171310609477,0.4182085424131654,0.05124682930707064,True,117.62,97.39,20.230000000000004,False,3.0,2.0,1.0,True,7.0,6.0,1.0,True,,,,
source_identity,mpair_00004722_cond_02_4p,mpair_00004722,eval,4,"MW,LogP,HBD,RB",CC(C)N1C(=O)CC(C)(C)c2cc(C#Cc3ccc(C(=O)O)cc3)ccc21,CC1(C)CC(=O)Nc2ccc(C#Cc3ccc(C(=O)O)cc3)cc21,CC(C)N1C(=O)CC(C)(C)c2cc(C#Cc3ccc(C(=O)O)cc3)ccc21,O=C1CCc2cc(C#Cc3ccccc3)ccc2N1,O=C1CCc2cc(C#Cc3ccccc3)ccc2N1,True,False,False,,1.0,0.5660377358490566,319.36,361.4410000000001,42.081000000000074,False,3.4044000000000016,4.207300000000004,0.802900000000002,True,,,,,,,,,2.0,1.0,1.0,True,,,,,1.0,2.0,1.0,True
source_identity,mpair_00004797_cond_00_4p,mpair_00004797,eval,4,"QED,TPSA,HBD,HBA",CN(C)CCN1C(=O)c2cccc3c2c(cc2cccc(O)c23)C1=O,CN(C)CCN1C(=O)c2cccc3c2c(cc2cccc(Cl)c23)C1=O,CN(C)CCN1C(=O)c2cccc3c2c(cc2cccc(O)c23)C1=O,O=C1NC(=O)c2cc3ccccc3c3cccc1c23,O=C1NC(=O)c2cc3ccccc3c3cccc1c23,True,False,False,,1.0,0.75,,,,,,,,,0.5314347605523635,0.590937775193837,0.05950301464147345,True,40.620000000000005,60.85,20.229999999999997,False,0.0,1.0,1.0,True,3.0,4.0,1.0,True,,,,
source_identity,mpair_00004842_cond_01_4p,mpair_00004842,eval,4,"MW,QED,HBA,RB",CCOC(=O)c1cnn2c1n[n+]([O-])c1ccc(Cl)cc12,C/C(=N\C(=O)c1cnn2c1n[n+]([O-])c1ccc(Cl)cc12)N(C)C,CCOC(=O)c1cnn2c1n[n+]([O-])c1ccc(Cl)cc12,c1ccc2c(c1)[nH+]nc1ccnn12,c1ccc2c(c1)[nH+]nc1ccnn12,True,False,False,,1.0,0.6271186440677966,332.7510000000001,292.6820000000001,40.06900000000002,False,,,,,0.28974905987188526,0.4042674221289039,0.11451836225701861,False,,,,,,,,,5.0,6.0,1.0,True,1.0,2.0,1.0,True
source_identity,mpair_00005364_cond_00_4p,mpair_00005364,eval,4,"MW,LogP,HBA,RB",O=C(Cc1nc2ccccc2c(=O)n1-c1ccccc1Br)c1ccncc1,COc1ccccc1-n1c(CC(=O)c2ccncc2)nc2ccccc2c1=O,O=C(Cc1nc2ccccc2c(=O)n1-c1ccccc1Br)c1ccncc1,O=C(Cc1nc2ccccc2c(=O)n1-c1ccccc1)c1ccncc1,O=C(Cc1nc2ccccc2c(=O)n1-c1ccccc1)c1ccncc1,True,False,False,,1.0,0.7222222222222222,371.3960000000001,420.2660000000001,48.870000000000005,False,3.2147000000000014,3.968600000000003,0.7539000000000016,True,,,,,,,,,,,,,6.0,5.0,1.0,True,5.0,4.0,1.0,True
source_identity,mpair_00006055_cond_00_4p,mpair_00006055,eval,4,"LogP,TPSA,HBD,HBA",CCOC(=O)c1csc(-c2nc3c([nH]2)C(=O)C=C(OC)C3=O)n1,COC1=CC(=O)c2[nH]c(-c3nc(C(N)=O)cs3)nc2C1=O,CCOC(=O)c1csc(-c2nc3c([nH]2)C(=O)C=C(OC)C3=O)n1,O=C1C=CC(=O)c2[nH]c(-c3nccs3)nc21,O=C1C=CC(=O)c2[nH]c(-c3nccs3)nc21,True,False,False,,1.0,0.7407407407407407,,,,,0.5413999999999999,1.6191999999999998,1.0777999999999999,False,,,,,128.03,111.24,16.790000000000006,True,2.0,1.0,1.0,True,7.0,8.0,1.0,True,,,,
source_identity,mpair_00006841_cond_02_4p,mpair_00006841,eval,4,"MW,LogP,HBD,HBA",O=C1N[C@H](Cc2c[nH]c3ccccc23)C(=O)N1CC(CCN1CCC(c2ccccc2)CC1)c1ccccc1,Cn1cc(C[C@H]2NC(=O)N(CC(CCN3CCC(c4ccccc4)CC3)c3cccc(Cl)c3)C2=O)c2ccccc21,O=C1N[C@H](Cc2c[nH]c3ccccc23)C(=O)N1CC(CCN1CCC(c2ccccc2)CC1)c1ccccc1,O=C1N[C@H](Cc2c[nH]c3ccccc23)C(=O)N1CC(CCN1CCC(c2ccccc2)CC1)c1ccccc1,O=C1N[C@H](Cc2c[nH]c3ccccc23)C(=O)N1CC(CCN1CCC(c2ccccc2)CC1)c1ccccc1,True,False,False,,1.0,0.6282051282051282,569.1490000000002,520.6770000000004,48.471999999999866,False,6.348100000000007,5.684300000000007,0.6638000000000002,True,,,,,,,,,1.0,2.0,1.0,True,4.0,3.0,1.0,True,,,,
source_identity,mpair_00006864_cond_00_4p,mpair_00006864,eval,4,"LogP,HBD,HBA,RB",C[C@@H](Cc1ccc(Cl)c(Cl)c1)C(=O)N[C@H]1N=C(c2ccccc2)c2ccccc2N(C)C1=O,CC(C(=O)N[C@H]1N=C(c2ccccc2)c2ccccc2N(C)C1=O)C(CO)c1ccc(F)c(F)c1,C[C@@H](Cc1ccc(Cl)c(Cl)c1)C(=O)N[C@H]1N=C(c2ccccc2)c2ccccc2N(C)C1=O,O=C(CCc1ccccc1)N[C@H]1N=C(c2ccccc2)c2ccccc2NC1=O,O=C(CCc1ccccc1)N[C@H]1N=C(c2ccccc2)c2ccccc2NC1=O,True,False,False,,1.0,0.56,,,,,3.6331000000000024,5.128300000000006,1.4952000000000032,False,,,,,,,,,2.0,1.0,1.0,True,4.0,3.0,1.0,True,6.0,5.0,1.0,True
source_identity,mpair_00007237_cond_01_4p,mpair_00007237,eval,4,"MW,LogP,QED,RB",CC(C)Sc1cc(-c2ccccc2)c(-c2ccc(S(C)(=O)=O)cc2)c(=O)o1,COc1cc(-c2ccccc2)c(-c2ccc(S(C)(=O)=O)cc2)c(=O)o1,CC(C)Sc1cc(-c2ccccc2)c(-c2ccc(S(C)(=O)=O)cc2)c(=O)o1,O=c1occc(-c2ccccc2)c1-c1ccccc1,O=c1occc(-c2ccccc2)c1-c1ccccc1,True,False,False,,1.0,0.62,356.3990000000001,400.5210000000002,44.12200000000007,False,3.385900000000002,4.877800000000005,1.491900000000003,False,0.7163391380898918,0.5713707106499792,0.14496842743991256,False,,,,,,,,,,,,,4.0,5.0,1.0,True
source_identity,mpair_00007292_cond_00_4p,mpair_00007292,eval,4,"LogP,QED,HBA,RB",NCCNC(=O)C1Cc2c([nH]c3ccccc23)C(c2cccc(O)c2)N1,COC(=O)C1Cc2c([nH]c3ccccc23)C(c2cccc(Cl)c2)N1,NCCNC(=O)C1Cc2c([nH]c3ccccc23)C(c2cccc(O)c2)N1,c1ccc(C2NCCc3c2[nH]c2ccccc32)cc1,c1ccc(C2NCCc3c2[nH]c2ccccc32)cc1,True,False,False,,1.0,0.5384615384615384,,,,,3.5980000000000016,1.5521000000000003,2.0459000000000014,False,0.7007933905852917,0.49248705894737804,0.20830633163791362,False,,,,,,,,,3.0,4.0,1.0,True,2.0,4.0,2.0,False
source_identity,mpair_00007434_cond_00_4p,mpair_00007434,eval,4,"QED,TPSA,HBA,RB",O=C(O)CN1C(=O)C(=O)N(Cc2ccc([N+](=O)[O-])cc2)C1=O,Cc1ccc(CN2C(=O)C(=O)N(CC(=O)O)C2=O)cc1,O=C(O)CN1C(=O)C(=O)N(Cc2ccc([N+](=O)[O-])cc2)C1=O,O=C1NC(=O)N(Cc2ccccc2)C1=O,O=C1NC(=O)N(Cc2ccccc2)C1=O,True,False,False,,1.0,0.65,,,,,,,,,0.6329420918494657,0.348567985141265,0.2843741067082007,False,94.99000000000001,138.13,43.139999999999986,False,,,,,4.0,6.0,2.0,False,4.0,5.0,1.0,True
source_identity,mpair_00007687_cond_01_4p,mpair_00007687,eval,4,"LogP,TPSA,HBD,RB",CC(=O)NC1N=C(c2ccccc2)c2ccccc2N(CC(=O)N[C@@H](Cc2ccc(Cl)c(Cl)c2)C(N)=O)C1=O,CC(=O)CCCC(=O)NC1N=C(c2ccccc2)c2ccccc2N(CC(=O)NCCc2ccccc2Cl)C1=O,CC(=O)NC1N=C(c2ccccc2)c2ccccc2N(CC(=O)N[C@@H](Cc2ccc(Cl)c(Cl)c2)C(N)=O)C1=O,O=C(CN1C(=O)CN=C(c2ccccc2)c2ccccc21)NCCc1ccccc1,O=C(CN1C(=O)CN=C(c2ccccc2)c2ccccc21)NCCc1ccccc1,True,False,False,,1.0,0.5119047619047619,,,,,4.084500000000003,2.8524000000000003,1.2321000000000026,False,,,,,107.94,133.95999999999998,26.019999999999982,False,2.0,3.0,1.0,True,,,,,11.0,8.0,3.0,False
source_identity,mpair_00007805_cond_01_4p,mpair_00007805,eval,4,"MW,HBD,HBA,RB",CO[C@H]1O[C@H](CO)[C@H](O)[C@H](OCc2cc3ccccc3o/c2=N\S(=O)(=O)c2ccccc2)[C@H]1O,CO[C@H]1O[C@H](CO)[C@H](O)[C@H](OCc2cc3ccccc3o/c2=N\S(=O)(=O)c2ccc(C)cc2)[C@H]1OC(C)=O,CO[C@H]1O[C@H](CO)[C@H](O)[C@H](OCc2cc3ccccc3o/c2=N\S(=O)(=O)c2ccccc2)[C@H]1O,O=S(=O)(/N=c1\oc2ccccc2cc1COC1CCOCC1)c1ccccc1,O=S(=O)(/N=c1\oc2ccccc2cc1COC1CCOCC1)c1ccccc1,True,False,False,,1.0,0.7397260273972602,547.5820000000002,491.5180000000002,56.06400000000002,False,,,,,,,,,,,,,2.0,3.0,1.0,True,10.0,9.0,1.0,True,8.0,7.0,1.0,True
source_identity,mpair_00007881_cond_02_4p,mpair_00007881,eval,4,"LogP,QED,HBD,HBA",O=C1CC2(C(=O)N1)C(=O)N(Cc1ccc(Cl)c(Cl)c1)C(=O)c1cccn12,Nc1ccc(CN2C(=O)c3cccn3C3(CC(=O)NC3=O)C2=O)cc1,O=C1CC2(C(=O)N1)C(=O)N(Cc1ccc(Cl)c(Cl)c1)C(=O)c1cccn12,O=C1CC2(C(=O)N1)C(=O)N(Cc1ccccc1)C(=O)c1cccn12,O=C1CC2(C(=O)N1)C(=O)N(Cc1ccccc1)C(=O)c1cccn12,True,False,False,,1.0,0.76,,,,,-0.005299999999999805,1.7192999999999998,1.7245999999999997,False,0.45417020849830125,0.6228816452972192,0.16871143679891798,False,,,,,2.0,1.0,1.0,True,6.0,5.0,1.0,True,,,,
source_identity,mpair_00008126_cond_02_4p,mpair_00008126,eval,4,"LogP,HBD,HBA,RB",CC(C)N(CC(O)Cn1c2ccccc2c(=O)c2cccc(Cl)c21)C(C)C,CCN(CC)CC(O)Cn1c2ccccc2c(=O)c2cccc(C(=O)O)c21,CC(C)N(CC(O)Cn1c2ccccc2c(=O)c2cccc(Cl)c21)C(C)C,O=c1c2ccccc2[nH]c2ccccc12,O=c1c2ccccc2[nH]c2ccccc12,True,False,False,,1.0,0.5517241379310345,,,,,2.5556,4.287800000000003,1.7322000000000033,False,,,,,,,,,2.0,1.0,1.0,True,5.0,4.0,1.0,True,7.0,6.0,1.0,True
source_identity,mpair_00008359_cond_01_4p,mpair_00008359,eval,4,"MW,QED,HBA,RB",COc1cnc(C[S+]([O-])c2nc3cc4c(cc3[nH]2)OC(F)(F)O4)c(C)c1OC,COc1ccnc(C[S+]([O-])c2nc3cc4c(cc3[nH]2)OC(F)(F)O4)c1,COc1cnc(C[S+]([O-])c2nc3cc4c(cc3[nH]2)OC(F)(F)O4)c(C)c1OC,c1ccc(C[SH+]c2nc3cc4c(cc3[nH]2)OCO4)nc1,c1ccc(C[SH+]c2nc3cc4c(cc3[nH]2)OCO4)nc1,True,False,False,,1.0,0.6,367.333,411.38600000000014,44.05300000000011,False,,,,,0.7128348320537029,0.6443092561813032,0.06852557587239971,True,,,,,,,,,6.0,7.0,1.0,True,4.0,5.0,1.0,True
source_identity,mpair_00008508_cond_02_4p,mpair_00008508,eval,4,"MW,LogP,QED,RB",CC(C)COc1ccc(Cc2ccc(NC3=NCCN3)cc2)cc1,COc1ccc(Cc2ccc(NC3=NCCN3)cc2)cc1,CC(C)COc1ccc(Cc2ccc(NC3=NCCN3)cc2)cc1,c1ccc(Cc2ccc(NC3=NCCN3)cc2)cc1,c1ccc(Cc2ccc(NC3=NCCN3)cc2)cc1,True,False,False,,1.0,0.7111111111111111,281.359,323.44,42.08100000000002,False,2.6571000000000007,3.683300000000002,1.0262000000000011,False,0.905384090862648,0.852180009538777,0.053204081323871,True,,,,,,,,,,,,,4.0,6.0,2.0,False
source_identity,mpair_00008528_cond_02_4p,mpair_00008528,eval,4,"LogP,QED,HBA,RB",COCCOc1ccc(Cc2ccc(NC3=NCCN3)cc2)cc1,CCCOc1ccc(Cc2ccc(NC3=NCCN3)cc2)cc1,COCCOc1ccc(Cc2ccc(NC3=NCCN3)cc2)cc1,c1ccc(Cc2ccc(NC3=NCCN3)cc2)cc1,c1ccc(Cc2ccc(NC3=NCCN3)cc2)cc1,True,True,True,,1.0,0.8,,,,,3.4373000000000014,2.673700000000001,0.7636000000000003,True,0.8590330575707383,0.768651244207265,0.09038181336347328,True,,,,,,,,,4.0,5.0,1.0,True,6.0,7.0,1.0,True
source_identity,mpair_00008578_cond_01_4p,mpair_00008578,eval,4,"QED,TPSA,HBD,RB",O=c1[nH]c(=O)n(COCCO)cc1Cc1cccc(Oc2ccc(F)cc2)c1,O=c1[nH]c(=O)n(COC(CO)CO)cc1Cc1cccc(Oc2cccc(F)c2)c1,O=c1[nH]c(=O)n(COCCO)cc1Cc1cccc(Oc2ccc(F)cc2)c1,O=c1[nH]cc(Cc2cccc(Oc3ccccc3)c2)c(=O)[nH]1,O=c1[nH]cc(Cc2cccc(Oc3ccccc3)c2)c(=O)[nH]1,True,False,False,,1.0,0.6451612903225806,,,,,,,,,0.4858120896295065,0.5780165939516326,0.09220450432212612,True,113.78000000000002,93.55000000000001,20.230000000000004,False,3.0,2.0,1.0,True,,,,,9.0,8.0,1.0,True
source_identity,mpair_00008748_cond_00_4p,mpair_00008748,eval,4,"MW,QED,HBA,RB",CC(=O)Oc1ccc(-c2c(C)c3ccc(OC(C)=O)cc3n2Cc2ccccc2)cc1,Cc1c(-c2ccc(O)cc2)n(Cc2ccccc2Cl)c2ccc(O)cc12,CC(=O)Oc1ccc(-c2c(C)c3ccc(OC(C)=O)cc3n2Cc2ccccc2)cc1,c1ccc(Cn2c(-c3ccccc3)cc3ccccc32)cc1,c1ccc(Cn2c(-c3ccccc3)cc3ccccc32)cc1,True,False,False,,1.0,0.4166666666666667,363.84400000000005,413.4730000000001,49.629000000000076,False,,,,,0.48791728176772337,0.3194888619759227,0.16842841979180068,False,,,,,,,,,3.0,5.0,2.0,False,3.0,5.0,2.0,False
source_identity,mpair_00008759_cond_02_4p,mpair_00008759,eval,4,"LogP,TPSA,HBD,HBA",Cc1c(-c2ccc(O)cc2)n(Cc2ccc(O)cc2)c2ccc(O)cc12,Cc1c(-c2ccc(O)cc2)n(Cc2ccccc2Cl)c2ccc(O)cc12,Cc1c(-c2ccc(O)cc2)n(Cc2ccc(O)cc2)c2ccc(O)cc12,c1ccc(Cn2c(-c3ccccc3)cc3ccccc32)cc1,c1ccc(Cn2c(-c3ccccc3)cc3ccccc32)cc1,True,False,False,,1.0,0.7045454545454546,,,,,5.729620000000004,4.781820000000004,0.9478,True,,,,,45.39,65.62,20.230000000000004,False,2.0,3.0,1.0,True,3.0,4.0,1.0,True,,,,
source_identity,mpair_00009361_cond_00_4p,mpair_00009361,eval,4,"LogP,TPSA,HBA,RB",COc1ccc(Cc2nnc(O)c3ccccc23)cc1OC,Oc1nnc(Cc2ccc(Cl)cc2)c2ccccc12,COc1ccc(Cc2nnc(O)c3ccccc23)cc1OC,c1ccc(Cc2nncc3ccccc23)cc1,c1ccc(Cc2nncc3ccccc23)cc1,True,False,False,,1.0,0.5714285714285714,,,,,3.579600000000002,2.9434000000000013,0.6362000000000005,True,,,,,46.010000000000005,64.47000000000001,18.460000000000008,True,,,,,3.0,5.0,2.0,False,2.0,4.0,2.0,False
source_identity,mpair_00010014_cond_01_4p,mpair_00010014,eval,4,"MW,QED,HBD,HBA",O=c1cc(-c2ccccc2)oc2cc(OCC(O)CNCc3ccccc3)ccc12,CNC(=O)Oc1cccc(CN(C)CCCOc2ccc3c(=O)cc(-c4ccccc4)oc3c2)c1,O=c1cc(-c2ccccc2)oc2cc(OCC(O)CNCc3ccccc3)ccc12,O=c1cc(-c2ccccc2)oc2cc(OCCCNCc3ccccc3)ccc12,O=c1cc(-c2ccccc2)oc2cc(OCCCNCc3ccccc3)ccc12,True,False,False,,1.0,0.4666666666666667,472.5410000000001,401.4620000000001,71.07900000000001,False,,,,,0.3423460384209648,0.46714739833029895,0.12480135990933416,False,,,,,1.0,2.0,1.0,True,6.0,5.0,1.0,True,,,,
source_identity,mpair_00010720_cond_00_4p,mpair_00010720,eval,4,"MW,LogP,QED,RB",CC(C)C1=CC2CC3(C=O)[C@@H]4CC[C@@H](C)[C@H]4CC2(CO[C@H]2CN[C@H](C)CO2)[C@]13C(=O)O,C=C(Cl)CN1C[C@H](OCC23C[C@@H]4[C@H](C)CC[C@H]4C4(C=O)CC2C=C(C(C)C)[C@@]34C(=O)O)OC[C@H]1C(F)(F)F,CC(C)C1=CC2CC3(C=O)[C@@H]4CC[C@@H](C)[C@H]4CC2(CO[C@H]2CN[C@H](C)CO2)[C@]13C(=O)O,C1=CC2C3CC1C2(CO[C@H]1CNCCO1)C[C@@H]1CCC[C@@H]31,C1=CC2C3CC1C2(CO[C@H]1CNCCO1)C[C@@H]1CCC[C@@H]31,True,False,False,,1.0,0.6395348837209303,560.0530000000005,431.5730000000002,128.48000000000025,False,5.269300000000005,3.2620000000000013,2.0073000000000034,False,0.32250442602403095,0.49603765450839626,0.1735332284843653,False,,,,,,,,,,,,,8.0,6.0,2.0,False
source_identity,mpair_00011114_cond_01_4p,mpair_00011114,eval,4,"MW,LogP,HBD,RB",COc1nc2ccccc2c2c1c(C)nn2-c1cccc(Cl)c1,Cc1nn(-c2ccccc2)c2c1c(O)nc1ccccc12,COc1nc2ccccc2c2c1c(C)nn2-c1cccc(Cl)c1,c1ccc(-n2ncc3cnc4ccccc4c32)cc1,c1ccc(-n2ncc3cnc4ccccc4c32)cc1,True,False,False,,1.0,0.54,275.311,323.783,48.47200000000004,False,3.587720000000002,4.544120000000003,0.9564000000000012,True,,,,,,,,,1.0,0.0,1.0,True,,,,,1.0,2.0,1.0,True
source_identity,mpair_00011983_cond_00_4p,mpair_00011983,eval,4,"MW,LogP,QED,RB",CCCC(CCc1nnn[nH]1)Cc1ccc(OCc2ccc3ccccc3n2)cc1,c1ccc2nc(COc3ccc(CCCCc4nnn[nH]4)cc3)ccc2c1,CCCC(CCc1nnn[nH]1)Cc1ccc(OCc2ccc3ccccc3n2)cc1,c1ccc2nc(COc3ccc(CCCCc4nnn[nH]4)cc3)ccc2c1,c1ccc2nc(COc3ccc(CCCCc4nnn[nH]4)cc3)ccc2c1,True,False,False,,1.0,0.6779661016949152,359.433,401.5140000000001,42.08100000000013,False,3.8923000000000023,4.918500000000004,1.026200000000002,False,0.48301330066271214,0.408138906910236,0.07487439375247612,True,,,,,,,,,,,,,8.0,10.0,2.0,False
source_identity,mpair_00012041_cond_01_4p,mpair_00012041,eval,4,"LogP,QED,HBD,RB",Oc1ccccc1N1CCN(c2nc3ccccc3s2)CC1,CCOc1ccccc1N1CCN(c2nc3ccccc3s2)CC1,Oc1ccccc1N1CCN(c2nc3ccccc3s2)CC1,c1ccc(N2CCN(c3nc4ccccc4s3)CC2)cc1,c1ccc(N2CCN(c3nc4ccccc4s3)CC2)cc1,True,False,False,,1.0,0.6086956521739131,,,,,4.021600000000004,3.328500000000002,0.693100000000002,True,0.7176611360122138,0.7878479435182358,0.07018680750602202,True,,,,,0.0,1.0,1.0,True,,,,,4.0,2.0,2.0,False
source_identity,mpair_00012262_cond_02_4p,mpair_00012262,eval,4,"MW,LogP,TPSA,HBA",COc1cc([C@@H]2c3cc4c(cc3[C@@H](O)C3COC(=O)[C@@H]32)OCO4)cc(O)c1O,COc1cc([C@@H]2c3cc4c(cc3[C@@H](CCN(C)CCN(C)C)C3COC(=O)[C@@H]32)OCO4)cc(OC)c1O,COc1cc([C@@H]2c3cc4c(cc3[C@@H](O)C3COC(=O)[C@@H]32)OCO4)cc(O)c1O,O=C1OCC2Cc3cc4c(cc3[C@@H](c3ccccc3)[C@@H]12)OCO4,O=C1OCC2Cc3cc4c(cc3[C@@H](c3ccccc3)[C@@H]12)OCO4,True,False,False,,1.0,0.6060606060606061,512.6030000000003,386.35600000000017,126.24700000000013,False,3.0399000000000016,1.8031999999999995,1.2367000000000021,False,,,,,89.93000000000002,114.68,24.749999999999986,False,,,,,9.0,8.0,1.0,True,,,,
source_identity,mpair_00013232_cond_00_4p,mpair_00013232,eval,4,"MW,LogP,QED,HBD",CC1=C(C(=O)OC(C)C)C(c2ccccc2Cl)C(C(=O)O)=C(C(=O)O)N1CC(F)(F)F,CCN1C(C)=C(C(=O)NC(C)C)C(c2ccccc2Cl)C(C(=O)O)=C1C(=O)O,CC1=C(C(=O)OC(C)C)C(c2ccccc2Cl)C(C(=O)O)=C(C(=O)O)N1CC(F)(F)F,C1=CC(c2ccccc2)C=CN1,C1=CC(c2ccccc2)C=CN1,True,False,False,,1.0,0.5806451612903226,406.8660000000002,461.82000000000016,54.95399999999995,False,2.9810000000000008,3.950400000000002,0.9694000000000011,True,0.6700224475382196,0.61794636146086,0.052076086077359585,True,,,,,3.0,2.0,1.0,True,,,,,,,,
source_identity,mpair_00013572_cond_01_4p,mpair_00013572,eval,4,"MW,QED,HBA,RB",CCOc1ccccc1C(=O)NCC1(c2ccccc2)CCC(=O)CC1,O=C1CCC(CNC(=O)c2ccccc2)(c2ccccc2)CC1,CCOc1ccccc1C(=O)NCC1(c2ccccc2)CCC(=O)CC1,O=C1CCC(CNC(=O)c2ccccc2)(c2ccccc2)CC1,O=C1CCC(CNC(=O)c2ccccc2)(c2ccccc2)CC1,True,False,False,,1.0,0.625,307.39300000000014,351.4460000000002,44.053000000000054,False,,,,,0.9394539098079496,0.8587355960209683,0.08071831378698135,True,,,,,,,,,2.0,3.0,1.0,True,4.0,6.0,2.0,False
source_identity,mpair_00013602_cond_02_4p,mpair_00013602,eval,4,"LogP,QED,HBD,HBA",CCc1ccc(-c2ncc(Cl)cc2-c2ccc(S(C)(=O)=O)cc2)cn1,CS(=O)(=O)c1ccc(-c2cc(Cl)cnc2-c2ccc(CO)nc2)cc1,CCc1ccc(-c2ncc(Cl)cc2-c2ccc(S(C)(=O)=O)cc2)cn1,c1ccc(-c2cccnc2-c2cccnc2)cc1,c1ccc(-c2cccnc2-c2cccnc2)cc1,True,False,False,,1.0,0.8222222222222222,,,,,3.3598000000000017,4.429900000000004,1.0701000000000027,False,0.7569286028251322,0.6792853733051013,0.07764322952003089,True,,,,,1.0,0.0,1.0,True,5.0,4.0,1.0,True,,,,
source_identity,mpair_00014097_cond_01_4p,mpair_00014097,eval,4,"MW,QED,HBA,RB",CCN(CC)CCNc1nc(NCCN(CC)CC)nc(Sc2nnc3c4ccccc4n(C)c3n2)n1,CC(C)Nc1nc(NC(C)C)nc(Sc2nnc3c4ccccc4n(C)c3n2)n1,CCN(CC)CCNc1nc(NCCN(CC)CC)nc(Sc2nnc3c4ccccc4n(C)c3n2)n1,c1ccc2c(c1)[nH]c1nc(Sc3ncncn3)nnc12,c1ccc2c(c1)[nH]c1nc(Sc3ncncn3)nnc12,True,False,False,,1.0,0.631578947368421,409.52300000000014,523.7150000000001,114.19200000000001,False,,,,,0.4946499193808674,0.2536005956969409,0.2410493236839265,False,,,,,,,,,10.0,12.0,2.0,False,6.0,14.0,8.0,False
source_identity,mpair_00014124_cond_00_4p,mpair_00014124,eval,4,"MW,LogP,HBA,RB",Cn1c2ccccc2c2nnc(Sc3nc(NC(C)(C)C)nc(NC(C)(C)C)n3)nc21,CCCCNc1nc(C)nc(Sc2nnc3c4ccccc4n(C)c3n2)n1,Cn1c2ccccc2c2nnc(Sc3nc(NC(C)(C)C)nc(NC(C)(C)C)n3)nc21,c1ccc2c(c1)[nH]c1nc(Sc3ncncn3)nnc12,c1ccc2c(c1)[nH]c1nc(Sc3ncncn3)nnc12,True,False,False,,1.0,0.5932203389830508,380.48100000000005,437.57700000000017,57.09600000000012,False,3.373120000000002,4.273500000000003,0.9003800000000011,True,,,,,,,,,,,,,9.0,10.0,1.0,True,6.0,4.0,2.0,False
source_identity,mpair_00014139_cond_01_4p,mpair_00014139,eval,4,"MW,LogP,QED,RB",CCCCCc1cccc(OC(=O)NC2CCCCC2)c1,Cc1cccc(OC(=O)NC2CCCCC2)c1,CCCCCc1cccc(OC(=O)NC2CCCCC2)c1,O=C(NC1CCCCC1)Oc1ccccc1,O=C(NC1CCCCC1)Oc1ccccc1,True,False,False,,1.0,0.625,233.31099999999995,289.41900000000004,56.10800000000009,False,3.416120000000002,4.840400000000004,1.4242800000000022,False,0.8496168175637746,0.7608845436105184,0.08873227395325622,True,,,,,,,,,,,,,2.0,6.0,4.0,False
source_identity,mpair_00014854_cond_02_4p,mpair_00014854,eval,4,"LogP,TPSA,HBD,HBA",O=C1CC2(CCCC2)CC(=O)N1CCCCN1CCN(c2n[s+]([O-])c3ccccc23)CC1,O=C1CC2(CCC(O)C2)CC(=O)N1CCCCN1CCN(c2n[s+]([O-])c3ccccc23)CC1,O=C1CC2(CCCC2)CC(=O)N1CCCCN1CCN(c2n[s+]([O-])c3ccccc23)CC1,O=C1CC2(CCCC2)CC(=O)N1CCCCN1CCN(c2n[sH+]c3ccccc23)CC1,O=C1CC2(CCCC2)CC(=O)N1CCCCN1CCN(c2n[sH+]c3ccccc23)CC1,True,False,False,,1.0,0.7580645161290323,,,,,2.5448000000000004,3.5740000000000025,1.0292000000000021,False,,,,,100.04,79.81,20.230000000000004,False,1.0,0.0,1.0,True,7.0,6.0,1.0,True,,,,
source_identity,mpair_00015738_cond_00_4p,mpair_00015738,eval,4,"LogP,QED,TPSA,HBD",COC(=O)C(Cc1ccccc1)c1ccc2c(c1O)C(=O)c1c(O)cccc1C2,O=C1c2c(O)cccc2Cc2ccc(C(Cc3ccccc3)C(=O)NO)c(O)c21,COC(=O)C(Cc1ccccc1)c1ccc2c(c1O)C(=O)c1c(O)cccc1C2,O=C1c2ccccc2Cc2ccc(CCc3ccccc3)cc21,O=C1c2ccccc2Cc2ccc(CCc3ccccc3)cc21,True,False,False,,1.0,0.7592592592592593,,,,,3.0647000000000015,3.732300000000003,0.6676000000000015,True,0.3170091346244461,0.5206044003834245,0.2035952657589784,False,106.86,83.83,23.03,False,4.0,2.0,2.0,False,,,,,,,,
source_identity,mpair_00015995_cond_02_4p,mpair_00015995,eval,4,"MW,LogP,QED,RB",CC(C)[C@H](NS(=O)(=O)c1ccccc1)C(=O)NC1=NN=C(c2ccc(Cl)cc2)CS1,Cc1ccc(C2=NN=C(NC(=O)[C@H](C)NS(=O)(=O)c3ccccc3)SC2)cc1,CC(C)[C@H](NS(=O)(=O)c1ccccc1)C(=O)NC1=NN=C(c2ccc(Cl)cc2)CS1,O=C(CNS(=O)(=O)c1ccccc1)NC1=NN=C(c2ccccc2)CS1,O=C(CNS(=O)(=O)c1ccccc1)NC1=NN=C(c2ccccc2)CS1,True,False,False,,1.0,0.6833333333333333,416.52800000000013,465.0000000000002,48.472000000000094,False,2.28512,3.2662000000000013,0.9810800000000013,True,0.780952452931761,0.6847036929406297,0.09624875999113125,True,,,,,,,,,,,,,5.0,6.0,1.0,True
source_identity,mpair_00016943_cond_00_4p,mpair_00016943,eval,4,"MW,LogP,QED,RB",O=C(O)CCCCCO/N=C(/c1cccc(C(F)(F)F)c1)c1ccncn1,O=C(O)CCCO/N=C(\c1ccccc1)c1ccncn1,O=C(O)CCCCCO/N=C(/c1cccc(C(F)(F)F)c1)c1ccncn1,N=C(c1ccccc1)c1ccncn1,N=C(c1ccccc1)c1ccncn1,True,False,False,,1.0,0.6909090909090909,285.30300000000005,381.35400000000004,96.05099999999999,False,2.1104000000000003,3.9094000000000033,1.799000000000003,False,0.47821173389725097,0.4044231080164388,0.07378862588081214,True,,,,,,,,,,,,,7.0,9.0,2.0,False
source_identity,mpair_00016973_cond_01_4p,mpair_00016973,eval,4,"LogP,QED,HBD,RB",CCCc1c(OCCCOc2ccc(C(C)=O)c(OC)c2CCC)ccc2c1OC(C(=O)O)CC2,CCCc1c(OCCCOc2cc(O)c(C(C)=O)cc2CC)ccc2c1OC(C(=O)O)CC2,CCCc1c(OCCCOc2ccc(C(C)=O)c(OC)c2CCC)ccc2c1OC(C(=O)O)CC2,c1ccc(OCCCOc2ccc3c(c2)OCCC3)cc1,c1ccc(OCCCOc2ccc3c(c2)OCCC3)cc1,True,False,False,,1.0,0.7121212121212122,,,,,4.735800000000003,5.428900000000005,0.693100000000002,True,0.3719898860343696,0.29940751610339217,0.07258236993097744,True,,,,,2.0,1.0,1.0,True,,,,,11.0,13.0,2.0,False
source_identity,mpair_00017136_cond_00_4p,mpair_00017136,eval,4,"MW,LogP,QED,RB",CN1C(=O)CCC1(O)c1ccccc1,CCN1C(=O)CCC1(O)c1cccc(C(F)(F)F)c1,CN1C(=O)CCC1(O)c1ccccc1,O=C1CCC(c2ccccc2)N1,O=C1CCC(c2ccccc2)N1,True,False,False,,1.0,0.4166666666666667,273.25399999999996,191.23000000000002,82.02399999999994,False,2.492800000000001,1.0839,1.4089000000000007,False,0.8989964502984236,0.7213181648262305,0.1776782854721931,False,,,,,,,,,,,,,2.0,1.0,1.0,True
source_identity,mpair_00017187_cond_00_4p,mpair_00017187,eval,4,"MW,QED,TPSA,RB",CCNS(=O)(=O)Oc1cc(C(C)(C)C)c(SC2=C(O)OC(CCc3ccc(O)cc3)(c3ccccc3)CC2=O)cc1C,Cc1cc(SC2=C(O)OC(CCc3cccc(O)c3)(c3ccccc3)CC2=O)c(C(C)(C)C)cc1CO,CCNS(=O)(=O)Oc1cc(C(C)(C)C)c(SC2=C(O)OC(CCc3ccc(O)cc3)(c3ccccc3)CC2=O)cc1C,O=C1CC(CCc2ccccc2)(c2ccccc2)OC=C1Sc1ccccc1,O=C1CC(CCc2ccccc2)(c2ccccc2)OC=C1Sc1ccccc1,True,False,False,,1.0,0.6,518.6750000000003,611.7820000000002,93.10699999999986,False,,,,,0.31787933229079834,0.23542906585207451,0.08245026643872383,True,86.99,122.16000000000003,35.17000000000003,False,,,,,,,,,7.0,10.0,3.0,False
source_identity,mpair_00000010_cond_02_5p,mpair_00000010,eval,5,"MW,LogP,QED,HBA,RB",O=C(c1ccccc1C(F)(F)F)N1C[C@H](CN2CCC(c3ccccc3)CC2)[C@@H](c2ccccc2)C1,COc1cccc(C(=O)N2C[C@H](CN3CCC(c4ccccc4)CC3)[C@@H](c3ccccc3)C2)c1,O=C(c1ccccc1C(F)(F)F)N1C[C@H](CN2CCC(c3ccccc3)CC2)[C@@H](c2ccccc2)C1,O=C(c1ccccc1)N1C[C@H](CN2CCC(c3ccccc3)CC2)[C@@H](c2ccccc2)C1,O=C(c1ccccc1)N1C[C@H](CN2CCC(c3ccccc3)CC2)[C@@H](c2ccccc2)C1,True,False,False,,1.0,0.578125,454.61400000000015,492.5850000000002,37.97100000000006,False,5.430600000000005,6.4408000000000065,1.010200000000001,False,0.49786269936596683,0.4092272471712491,0.08863545219471775,True,,,,,,,,,3.0,2.0,1.0,True,6.0,5.0,1.0,True
source_identity,mpair_00000668_cond_02_5p,mpair_00000668,eval,5,"LogP,QED,TPSA,HBD,HBA",OC[C@@H]1N[C@@H](CCCCc2ccc(O)cc2)[C@H](O)[C@H]1O,OC[C@@H]1N[C@@H](CCCCc2cc(F)cc(F)c2)[C@H](O)[C@H]1O,OC[C@@H]1N[C@@H](CCCCc2ccc(O)cc2)[C@H](O)[C@H]1O,c1ccc(CCCC[C@H]2CCCN2)cc1,c1ccc(CCCC[C@H]2CCCN2)cc1,True,False,False,,1.0,0.625,,,,,0.7320999999999995,0.15949999999999964,0.5725999999999999,True,0.5846986769843887,0.47902706341404183,0.10567161357034688,False,72.72,92.95,20.230000000000004,False,4.0,5.0,1.0,True,4.0,5.0,1.0,True,,,,
source_identity,mpair_00000798_cond_00_5p,mpair_00000798,eval,5,"MW,LogP,QED,HBD,RB",C=CCc1cc(/C=C2\SC(=O)N(C(C)C)C2=O)c(OC)cc1OC1CCCCO1,C=CCc1cc(/C=C2\SC(=O)NC2=O)c(OC)cc1OC1CCCCO1,C=CCc1cc(/C=C2\SC(=O)N(C(C)C)C2=O)c(OC)cc1OC1CCCCO1,O=C1NC(=O)/C(=C/c2ccc(OC3CCCCO3)cc2)S1,O=C1NC(=O)/C(=C/c2ccc(OC3CCCCO3)cc2)S1,True,False,False,,1.0,0.6865671641791045,375.4460000000002,417.52700000000027,42.081000000000074,False,3.6530000000000022,4.773800000000004,1.1208000000000018,False,0.6042673504148035,0.4701504427149941,0.13411690769980938,False,,,,,1.0,0.0,1.0,True,,,,,6.0,7.0,1.0,True
source_identity,mpair_00000977_cond_02_5p,mpair_00000977,eval,5,"LogP,QED,TPSA,HBD,HBA",COc1ccc(N2CCN(CCC3NC(=O)c4ccccc43)CC2)cc1,CN1C(=O)c2ccccc2C1CCN1CCN(c2ccc(Cl)cc2)CC1,COc1ccc(N2CCN(CCC3NC(=O)c4ccccc43)CC2)cc1,O=C1NC(CCN2CCN(c3ccccc3)CC2)c2ccccc21,O=C1NC(CCN2CCN(c3ccccc3)CC2)c2ccccc21,True,True,True,,1.0,0.48333333333333334,,,,,3.679000000000003,2.692000000000001,0.9870000000000019,True,0.8221231339252668,0.8996022198661571,0.07747908594089026,True,26.790000000000006,44.81,18.019999999999996,True,0.0,1.0,1.0,True,3.0,4.0,1.0,True,,,,
source_identity,mpair_00002448_cond_01_5p,mpair_00002448,eval,5,"MW,LogP,TPSA,HBD,HBA",CSc1cc(-c2ccc(Br)cc2)oc(=O)c1Cl,CSc1cc(-c2ccc(Cl)cc2)oc(=O)c1C(N)=O,CSc1cc(-c2ccc(Br)cc2)oc(=O)c1Cl,O=c1cccc(-c2ccccc2)o1,O=c1cccc(-c2ccccc2)o1,True,False,False,,1.0,0.5217391304347826,295.747,331.61800000000005,35.87100000000004,False,2.7810000000000006,4.444600000000002,1.6636000000000015,False,,,,,73.30000000000001,30.21,43.09000000000001,False,1.0,0.0,1.0,True,4.0,3.0,1.0,True,,,,
source_identity,mpair_00002471_cond_00_5p,mpair_00002471,eval,5,"LogP,QED,HBD,HBA,RB",COc1cc(C(=O)N2CCN(C(=O)c3cc(OC)c(OC)c(OC)c3)C(CO)C2)cc(OC)c1OC,COc1cc(C(=O)N2CCN(C(=O)c3cc(OC)c(OC)c(OC)c3)C(COC(=O)CC(C)(C)C)C2)cc(OC)c1OC,COc1cc(C(=O)N2CCN(C(=O)c3cc(OC)c(OC)c(OC)c3)C(CO)C2)cc(OC)c1OC,O=C(c1ccccc1)N1CCN(C(=O)c2ccccc2)CC1,O=C(c1ccccc1)N1CCN(C(=O)c2ccccc2)CC1,True,False,False,,1.0,0.6792452830188679,,,,,3.684400000000003,1.6973000000000003,1.9871000000000025,False,0.3521539372279048,0.544633228323374,0.19247929109546924,False,,,,,0.0,1.0,1.0,True,10.0,9.0,1.0,True,11.0,9.0,2.0,False
source_identity,mpair_00002506_cond_00_5p,mpair_00002506,eval,5,"MW,QED,TPSA,HBA,RB",COc1ccc(C(=O)Nc2ccncc2Cl)c2cccnc12,COc1ccc(C(=O)Nc2c(Cl)cncc2Cl)c2ccc(C(C)=O)nc12,COc1ccc(C(=O)Nc2ccncc2Cl)c2cccnc12,O=C(Nc1ccncc1)c1cccc2ncccc12,O=C(Nc1ccncc1)c1cccc2ncccc12,True,False,False,,1.0,0.5081967213114754,390.22600000000017,313.744,76.48200000000014,False,,,,,0.6681926051832562,0.8029165077767629,0.13472390259350675,False,81.17999999999999,64.11,17.069999999999993,True,,,,,5.0,4.0,1.0,True,4.0,3.0,1.0,True
source_identity,mpair_00002932_cond_00_5p,mpair_00002932,eval,5,"LogP,QED,TPSA,HBA,RB",COC(=O)c1cccc(C(=O)NO)c1N(Cc1cccnc1)S(=O)(=O)c1ccc(OC)cc1,COc1ccc(S(=O)(=O)N(Cc2cccnc2)c2c(C)cc(Br)cc2C(=O)NO)cc1,COC(=O)c1cccc(C(=O)NO)c1N(Cc1cccnc1)S(=O)(=O)c1ccc(OC)cc1,O=S(=O)(c1ccccc1)N(Cc1cccnc1)c1ccccc1,O=S(=O)(c1ccccc1)N(Cc1cccnc1)c1ccccc1,True,False,False,,1.0,0.734375,,,,,3.675620000000001,2.391300000000001,1.2843200000000001,False,0.3740614499694089,0.29046454626646695,0.08359690370294193,True,108.83000000000001,135.13,26.299999999999983,False,,,,,6.0,8.0,2.0,False,7.0,8.0,1.0,True
source_identity,mpair_00003409_cond_00_5p,mpair_00003409,eval,5,"MW,QED,TPSA,HBA,RB",CCOC(=O)C(C)Oc1cccc(N(Cc2cccnc2)S(=O)(=O)CC(F)(F)F)c1,CC(C)Oc1cccc(N(Cc2cccnc2)S(=O)(=O)CC(F)(F)F)c1,CCOC(=O)C(C)Oc1cccc(N(Cc2cccnc2)S(=O)(=O)CC(F)(F)F)c1,c1ccc(NCc2cccnc2)cc1,c1ccc(NCc2cccnc2)cc1,True,False,False,,1.0,0.7796610169491526,388.41100000000006,446.4470000000001,58.03600000000006,False,,,,,0.7245796953652621,0.5496815697636838,0.17489812560157836,False,59.5,85.80000000000001,26.30000000000001,False,,,,,4.0,6.0,2.0,False,7.0,9.0,2.0,False
source_identity,mpair_00003602_cond_01_5p,mpair_00003602,eval,5,"LogP,QED,TPSA,HBD,HBA",Clc1ccnc(SCc2ccc3ccccc3c2)n1,N#Cc1cc(N)nc(SCc2ccc3ccccc3c2)n1,Clc1ccnc(SCc2ccc3ccccc3c2)n1,c1cnc(SCc2ccc3ccccc3c2)nc1,c1cnc(SCc2ccc3ccccc3c2)nc1,True,False,False,,1.0,0.46938775510204084,,,,,3.375980000000002,4.5755000000000035,1.1995200000000015,False,0.5913560926362517,0.40044710152186036,0.1909089911143913,False,75.59,25.78,49.81,False,1.0,0.0,1.0,True,5.0,3.0,2.0,False,,,,
source_identity,mpair_00004733_cond_02_5p,mpair_00004733,eval,5,"QED,TPSA,HBD,HBA,RB",O=C(N[C@@H](Cc1ccccc1)C(=O)O)c1cccc2ccccc12,CCOC(=O)[C@H](Cc1ccc([N+](=O)[O-])cc1)NC(=O)c1cccc2ccccc12,O=C(N[C@@H](Cc1ccccc1)C(=O)O)c1cccc2ccccc12,O=C(NCCc1ccccc1)c1cccc2ccccc12,O=C(NCCc1ccccc1)c1cccc2ccccc12,True,False,False,,1.0,0.5555555555555556,,,,,,,,,0.37588529208280846,0.7583308263978528,0.3824455343150443,False,98.53999999999999,66.4,32.139999999999986,False,1.0,2.0,1.0,True,5.0,2.0,3.0,False,7.0,5.0,2.0,False
source_identity,mpair_00004745_cond_01_5p,mpair_00004745,eval,5,"MW,QED,TPSA,HBD,HBA",O=C(N[C@@H](Cc1ccccc1)C(=O)O)c1cccc2ccccc12,CC(C)OC(=O)[C@H](Cc1ccc([N+](=O)[O-])cc1)NC(=O)c1cccc2ccccc12,O=C(N[C@@H](Cc1ccccc1)C(=O)O)c1cccc2ccccc12,O=C(NCCc1ccccc1)c1cccc2ccccc12,O=C(NCCc1ccccc1)c1cccc2ccccc12,True,False,False,,1.0,0.5454545454545454,406.43800000000016,319.36,87.07800000000015,False,,,,,0.36267930698305967,0.7583308263978528,0.3956515194147931,False,98.53999999999999,66.4,32.139999999999986,False,1.0,2.0,1.0,True,5.0,2.0,3.0,False,,,,
source_identity,mpair_00004768_cond_01_5p,mpair_00004768,eval,5,"MW,LogP,TPSA,HBD,RB",CCOC(=O)[C@H](Cc1ccc([N+](=O)[O-])cc1)NC(=O)c1cccc2ccccc12,CCNC(=O)C(C)NC(=O)[C@H](Cc1ccc([N+](=O)[O-])cc1)NC(=O)c1cccc2ccccc12,CCOC(=O)[C@H](Cc1ccc([N+](=O)[O-])cc1)NC(=O)c1cccc2ccccc12,O=C(NCCc1ccccc1)c1cccc2ccccc12,O=C(NCCc1ccccc1)c1cccc2ccccc12,True,False,False,,1.0,0.6885245901639344,462.50600000000014,392.4110000000001,70.09500000000003,False,2.7299000000000007,3.6522000000000023,0.9223000000000017,True,,,,,130.44,98.53999999999999,31.900000000000006,False,3.0,1.0,2.0,False,,,,,9.0,7.0,2.0,False
source_identity,mpair_00005156_cond_00_5p,mpair_00005156,eval,5,"MW,LogP,QED,HBD,HBA",COC(=O)[C@H]1C[C@@H](C(=O)O)N1,COC(=O)[C@H]1C[C@@H](C(=O)OC(C)(C)C)N1,COC(=O)[C@H]1C[C@@H](C(=O)O)N1,C1CNC1,C1CNC1,True,False,False,,1.0,0.6206896551724138,215.249,159.14100000000002,56.107999999999976,False,0.23159999999999942,-1.0255,1.2570999999999994,False,0.6679892922393487,0.5039398750967158,0.16404941714263288,False,,,,,1.0,2.0,1.0,True,5.0,4.0,1.0,True,,,,
source_identity,mpair_00006070_cond_01_5p,mpair_00006070,eval,5,"MW,LogP,HBD,HBA,RB",NC(=O)c1csc(-c2nc3c([nH]2)C(=O)C=CC3=O)n1,CCOC(=O)c1csc(-c2nc3c([nH]2)C(=O)C=C(OC)C3=O)n1,NC(=O)c1csc(-c2nc3c([nH]2)C(=O)C=CC3=O)n1,O=C1C=CC(=O)c2[nH]c(-c3nccs3)nc21,O=C1C=CC(=O)c2[nH]c(-c3nccs3)nc21,True,False,False,,1.0,0.4576271186440678,333.3250000000001,274.261,59.06400000000008,False,1.6191999999999998,0.5672999999999999,1.0518999999999998,False,,,,,,,,,1.0,2.0,1.0,True,8.0,6.0,2.0,False,4.0,2.0,2.0,False
source_identity,mpair_00006864_cond_01_5p,mpair_00006864,eval,5,"LogP,TPSA,HBD,HBA,RB",C[C@@H](Cc1ccc(Cl)c(Cl)c1)C(=O)N[C@H]1N=C(c2ccccc2)c2ccccc2N(C)C1=O,CC(C(=O)N[C@H]1N=C(c2ccccc2)c2ccccc2N(C)C1=O)C(CO)c1ccc(F)c(F)c1,C[C@@H](Cc1ccc(Cl)c(Cl)c1)C(=O)N[C@H]1N=C(c2ccccc2)c2ccccc2N(C)C1=O,O=C(CCc1ccccc1)N[C@H]1N=C(c2ccccc2)c2ccccc2NC1=O,O=C(CCc1ccccc1)N[C@H]1N=C(c2ccccc2)c2ccccc2NC1=O,True,False,False,,1.0,0.56,,,,,3.6331000000000024,5.128300000000006,1.4952000000000032,False,,,,,82.0,61.77,20.229999999999997,False,2.0,1.0,1.0,True,4.0,3.0,1.0,True,6.0,5.0,1.0,True
source_identity,mpair_00007247_cond_01_5p,mpair_00007247,eval,5,"MW,LogP,QED,HBA,RB",CC(C)Sc1cc(-c2ccccc2)c(-c2ccc(S(C)(=O)=O)cc2)c(=O)o1,CCc1cc(-c2ccccc2)c(-c2ccc(S(C)(=O)=O)cc2)c(=O)o1,CC(C)Sc1cc(-c2ccccc2)c(-c2ccc(S(C)(=O)=O)cc2)c(=O)o1,O=c1occc(-c2ccccc2)c1-c1ccccc1,O=c1occc(-c2ccccc2)c1-c1ccccc1,True,False,False,,1.0,0.6530612244897959,354.4270000000001,400.5210000000002,46.09400000000011,False,3.9397000000000038,4.877800000000005,0.9381000000000013,True,0.7117564278043503,0.5713707106499792,0.1403857171543711,False,,,,,,,,,4.0,5.0,1.0,True,4.0,5.0,1.0,True
source_identity,mpair_00007397_cond_02_5p,mpair_00007397,eval,5,"MW,QED,TPSA,HBA,RB",CS(=O)(=O)Nc1cc(OCCNCc2ccccc2)ccc1Cl,COc1ccc(OCCNCc2ccccc2)cc1,CS(=O)(=O)Nc1cc(OCCNCc2ccccc2)ccc1Cl,c1ccc(CNCCOc2ccccc2)cc1,c1ccc(CNCCOc2ccccc2)cc1,True,False,False,,1.0,0.5319148936170213,257.333,354.85900000000004,97.52600000000001,False,,,,,0.773652726505582,0.7152006496775133,0.058452076828068744,True,30.490000000000002,67.43,36.940000000000005,False,,,,,3.0,4.0,1.0,True,7.0,8.0,1.0,True
source_identity,mpair_00007424_cond_00_5p,mpair_00007424,eval,5,"LogP,QED,TPSA,HBA,RB",O=C(O)CN1C(=O)C(=O)N(Cc2ccccc2Cl)C1=O,O=C(O)CN1C(=O)C(=O)N(Cc2ccc([N+](=O)[O-])cc2)C1=O,O=C(O)CN1C(=O)C(=O)N(Cc2ccccc2Cl)C1=O,O=C1NC(=O)N(Cc2ccccc2)C1=O,O=C1NC(=O)N(Cc2ccccc2)C1=O,True,False,False,,1.0,0.5111111111111111,,,,,-0.029799999999999827,0.7154,0.7451999999999999,True,0.348567985141265,0.6521607123698989,0.3035927272286339,False,138.13,94.99000000000001,43.139999999999986,False,,,,,6.0,4.0,2.0,False,5.0,4.0,1.0,True
source_identity,mpair_00007436_cond_00_5p,mpair_00007436,eval,5,"LogP,QED,TPSA,HBA,RB",O=C(O)CN1C(=O)C(=O)N(Cc2ccc(Cl)cc2)C1=O,O=C(O)CN1C(=O)C(=O)N(Cc2ccccc2[N+](=O)[O-])C1=O,O=C(O)CN1C(=O)C(=O)N(Cc2ccc(Cl)cc2)C1=O,O=C1NC(=O)N(Cc2ccccc2)C1=O,O=C1NC(=O)N(Cc2ccccc2)C1=O,True,False,False,,1.0,0.4888888888888889,,,,,-0.029799999999999827,0.7154000000000003,0.7452000000000001,True,0.3485679851412651,0.6521607123698989,0.30359272722863384,False,138.13,94.99000000000001,43.139999999999986,False,,,,,6.0,4.0,2.0,False,5.0,4.0,1.0,True
source_identity,mpair_00007665_cond_00_5p,mpair_00007665,eval,5,"LogP,QED,TPSA,HBD,HBA",CC1CCCCN1CCCOc1ccc(-c2ccc(C#N)cc2)cc1,N#Cc1ccc(-c2ccc(OCCCN3CCC(N)CC3)cc2)cc1,CC1CCCCN1CCCOc1ccc(-c2ccc(C#N)cc2)cc1,c1ccc(-c2ccc(OCCCN3CCCCC3)cc2)cc1,c1ccc(-c2ccc(OCCCN3CCCCC3)cc2)cc1,True,False,False,,1.0,0.58,,,,,3.4172800000000016,4.868580000000004,1.4513000000000025,False,0.8217902361297238,0.707250581611983,0.11453965451774084,False,62.28,36.26,26.020000000000003,False,1.0,0.0,1.0,True,4.0,3.0,1.0,True,,,,
source_identity,mpair_00007671_cond_01_5p,mpair_00007671,eval,5,"MW,LogP,QED,HBD,HBA",Cc1cc(CC(N)C(=O)O)cc(C)c1Oc1ccc(O)c(Cc2ccc(O)nc2)c1,O=C(O)CCc1cc(Br)c(Oc2ccc(O)c(Cc3ccc(O)nc3)c2)c(Br)c1,Cc1cc(CC(N)C(=O)O)cc(C)c1Oc1ccc(O)c(Cc2ccc(O)nc2)c1,c1ccc(Oc2cccc(Cc3cccnc3)c2)cc1,c1ccc(Oc2cccc(Cc3cccnc3)c2)cc1,True,False,False,,1.0,0.5625,523.1770000000002,408.4540000000002,114.72300000000007,False,5.418100000000004,3.447140000000001,1.9709600000000034,False,0.38291691722181104,0.471619519875316,0.08870260265350494,True,,,,,3.0,4.0,1.0,True,5.0,6.0,1.0,True,,,,
source_identity,mpair_00007680_cond_00_5p,mpair_00007680,eval,5,"MW,QED,TPSA,HBA,RB",CC(=O)NC1N=C(c2ccccc2)c2ccccc2N(CC(=O)NCCc2cccc(Cl)c2)C1=O,CC(=O)CCCC(=O)NC1N=C(c2ccccc2)c2ccccc2N(CC(=O)NCCc2ccccc2)C1=O,CC(=O)NC1N=C(c2ccccc2)c2ccccc2N(CC(=O)NCCc2cccc(Cl)c2)C1=O,O=C(CN1C(=O)CN=C(c2ccccc2)c2ccccc21)NCCc1ccccc1,O=C(CN1C(=O)CN=C(c2ccccc2)c2ccccc21)NCCc1ccccc1,True,False,False,,1.0,0.6901408450704225,524.6210000000003,488.9750000000003,35.646000000000015,False,,,,,0.40069205193098983,0.5340646911534161,0.13337263922242631,False,107.94,90.87,17.069999999999993,True,,,,,5.0,4.0,1.0,True,11.0,7.0,4.0,False
source_identity,mpair_00007691_cond_01_5p,mpair_00007691,eval,5,"MW,LogP,QED,HBA,RB",CC(=O)CCCC(=O)NC1N=C(c2ccccc2)c2ccccc2N(CC(=O)NCCc2ccccc2Cl)C1=O,CC(=O)NC1N=C(c2ccccc2)c2ccccc2N(CC(=O)NCCc2cccc(Cl)c2)C1=O,CC(=O)CCCC(=O)NC1N=C(c2ccccc2)c2ccccc2N(CC(=O)NCCc2ccccc2Cl)C1=O,O=C(CN1C(=O)CN=C(c2ccccc2)c2ccccc21)NCCc1ccccc1,O=C(CN1C(=O)CN=C(c2ccccc2)c2ccccc21)NCCc1ccccc1,True,False,False,,1.0,0.631578947368421,488.9750000000003,559.0660000000004,70.09100000000007,False,3.3451000000000013,4.084500000000003,0.7394000000000016,True,0.5340646911534161,0.36946999099437394,0.1645947001590422,False,,,,,,,,,4.0,5.0,1.0,True,7.0,11.0,4.0,False
source_identity,mpair_00007804_cond_00_5p,mpair_00007804,eval,5,"MW,LogP,HBD,HBA,RB",CO[C@H]1O[C@H](CO)[C@H](O)[C@H](OCc2cc3ccccc3o/c2=N\S(=O)(=O)c2ccccc2)[C@H]1OC(C)=O,CO[C@H]1O[C@H](CO)[C@H](O)[C@H](OCc2cc3ccccc3o/c2=N\S(=O)(=O)c2ccccc2)[C@H]1O,CO[C@H]1O[C@H](CO)[C@H](O)[C@H](OCc2cc3ccccc3o/c2=N\S(=O)(=O)c2ccccc2)[C@H]1OC(C)=O,O=S(=O)(/N=c1\oc2ccccc2cc1COC1CCOCC1)c1ccccc1,O=S(=O)(/N=c1\oc2ccccc2cc1COC1CCOCC1)c1ccccc1,True,False,False,,1.0,0.8235294117647058,491.5180000000002,533.5550000000003,42.03700000000009,False,0.6929999999999996,1.2637999999999996,0.5708,True,,,,,,,,,3.0,2.0,1.0,True,9.0,10.0,1.0,True,7.0,8.0,1.0,True
source_identity,mpair_00007872_cond_02_5p,mpair_00007872,eval,5,"LogP,QED,TPSA,HBA,RB",O=C1CC2(C(=O)N1)C(=O)N(Cc1ccc([N+](=O)[O-])cc1)C(=O)c1cccn12,O=C1CC2(C(=O)N1)C(=O)N(Cc1ccccc1Br)C(=O)c1cccn12,O=C1CC2(C(=O)N1)C(=O)N(Cc1ccc([N+](=O)[O-])cc1)C(=O)c1cccn12,O=C1CC2(C(=O)N1)C(=O)N(Cc1ccccc1)C(=O)c1cccn12,O=C1CC2(C(=O)N1)C(=O)N(Cc1ccccc1)C(=O)c1cccn12,True,False,False,,1.0,0.6140350877192983,,,,,1.1749999999999998,0.32069999999999976,0.8543000000000001,True,0.6037446721729127,0.3591511924323177,0.24459347974059503,False,88.48000000000002,131.62,43.139999999999986,False,,,,,5.0,7.0,2.0,False,2.0,3.0,1.0,True
source_identity,mpair_00007888_cond_01_5p,mpair_00007888,eval,5,"LogP,QED,TPSA,HBA,RB",O=C1CC2(C(=O)N1)C(=O)N(Cc1ccccc1Br)C(=O)c1cccn12,O=C1CC2(C(=O)N1)C(=O)N(Cc1ccc([N+](=O)[O-])cc1)C(=O)c1cccn12,O=C1CC2(C(=O)N1)C(=O)N(Cc1ccccc1Br)C(=O)c1cccn12,O=C1CC2(C(=O)N1)C(=O)N(Cc1ccccc1)C(=O)c1cccn12,O=C1CC2(C(=O)N1)C(=O)N(Cc1ccccc1)C(=O)c1cccn12,True,False,False,,1.0,0.6140350877192983,,,,,0.32069999999999976,1.1749999999999998,0.8543000000000001,True,0.3591511924323177,0.6037446721729127,0.24459347974059503,False,131.62,88.48000000000002,43.139999999999986,False,,,,,7.0,5.0,2.0,False,3.0,2.0,1.0,True
source_identity,mpair_00008149_cond_01_5p,mpair_00008149,eval,5,"MW,QED,HBD,HBA,RB",CC(C)N(CC(O)Cn1c2ccccc2c(=O)c2cccc(C(=O)O)c21)C(C)C,CCN(CC)CC(O)Cn1c2ccccc2c(=O)c2cccc(Cl)c21,CC(C)N(CC(O)Cn1c2ccccc2c(=O)c2cccc(C(=O)O)c21)C(C)C,O=c1c2ccccc2[nH]c2ccccc12,O=c1c2ccccc2[nH]c2ccccc12,True,False,False,,1.0,0.5517241379310345,358.8690000000001,396.48700000000014,37.61800000000005,False,,,,,0.6857244766376484,0.5987694044093733,0.08695507222827503,True,,,,,1.0,2.0,1.0,True,4.0,5.0,1.0,True,6.0,7.0,1.0,True
source_identity,mpair_00008195_cond_02_5p,mpair_00008195,eval,5,"MW,LogP,QED,TPSA,HBA",OC1Cc2cccc(I)c2CC1N1CCC(c2ccccc2)CC1,CC(=O)Nc1cccc2c1CC(N1CCC(c3ccccc3)CC1)C(O)C2,OC1Cc2cccc(I)c2CC1N1CCC(c2ccccc2)CC1,c1ccc(C2CCN(C3CCc4ccccc4C3)CC2)cc1,c1ccc(C2CCN(C3CCc4ccccc4C3)CC2)cc1,True,False,False,,1.0,0.6470588235294118,364.4890000000001,433.3330000000002,68.84400000000011,False,3.3527000000000022,3.9989000000000026,0.6462000000000003,True,0.8781331561832402,0.7244182917502717,0.15371486443296845,False,52.57000000000001,23.47,29.10000000000001,False,,,,,3.0,2.0,1.0,True,,,,
source_identity,mpair_00008524_cond_01_5p,mpair_00008524,eval,5,"LogP,QED,TPSA,HBD,HBA",OCCOc1ccc(Cc2ccc(NC3=NCCN3)cc2)cc1,CCCOc1ccc(Cc2ccc(NC3=NCCN3)cc2)cc1,OCCOc1ccc(Cc2ccc(NC3=NCCN3)cc2)cc1,c1ccc(Cc2ccc(NC3=NCCN3)cc2)cc1,c1ccc(Cc2ccc(NC3=NCCN3)cc2)cc1,True,False,False,,1.0,0.7777777777777778,,,,,3.4373000000000014,2.0195999999999996,1.4177000000000017,False,0.8590330575707383,0.7634739409648528,0.09555911660588556,True,45.65,65.88,20.229999999999997,False,2.0,3.0,1.0,True,4.0,5.0,1.0,True,,,,
source_identity,mpair_00008547_cond_00_5p,mpair_00008547,eval,5,"LogP,QED,TPSA,HBA,RB",O=c1[nH]c(=O)n(COCCO)cc1Cc1cccc(Oc2ccc(F)cc2)c1,O=c1[nH]c(=O)n(COC(CO)CO)cc1Cc1cccc(Oc2ccc(F)cc2)c1,O=c1[nH]c(=O)n(COCCO)cc1Cc1cccc(Oc2ccc(F)cc2)c1,O=c1[nH]cc(Cc2cccc(Oc3ccccc3)c2)c(=O)[nH]1,O=c1[nH]cc(Cc2cccc(Oc3ccccc3)c2)c(=O)[nH]1,True,False,False,,1.0,0.7457627118644068,,,,,1.3861000000000008,2.0252000000000008,0.6391,True,0.48581208962950656,0.5780165939516326,0.09220450432212607,True,113.78000000000002,93.55000000000001,20.230000000000004,False,,,,,7.0,6.0,1.0,True,9.0,8.0,1.0,True
source_identity,mpair_00008646_cond_02_5p,mpair_00008646,eval,5,"MW,LogP,QED,HBD,RB",N#Cc1ccccc1N1CCN(C(=O)c2cc3ccccc3[nH]2)CC1,CC(C)Nc1ccc(F)cc1N1CCN(C(=O)c2cc3ccccc3[nH]2)CC1,N#Cc1ccccc1N1CCN(C(=O)c2cc3ccccc3[nH]2)CC1,O=C(c1cc2ccccc2[nH]1)N1CCN(c2ccccc2)CC1,O=C(c1cc2ccccc2[nH]1)N1CCN(c2ccccc2)CC1,True,False,False,,1.0,0.559322033898305,380.4670000000001,330.3910000000001,50.07600000000002,False,4.089700000000003,3.0019800000000014,1.0877200000000018,False,0.7168114142147228,0.7854909289630393,0.06867951474831646,True,,,,,2.0,1.0,1.0,True,,,,,4.0,2.0,2.0,False
source_identity,mpair_00008735_cond_00_5p,mpair_00008735,eval,5,"MW,QED,HBD,HBA,RB",CC(=O)Oc1ccc(-c2c(C)c3ccc(OC(C)=O)cc3n2Cc2ccccc2)cc1,Cc1c(-c2ccc(O)cc2)n(Cc2ccccc2)c2cc(O)ccc12,CC(=O)Oc1ccc(-c2c(C)c3ccc(OC(C)=O)cc3n2Cc2ccccc2)cc1,c1ccc(Cn2c(-c3ccccc3)cc3ccccc32)cc1,c1ccc(Cn2c(-c3ccccc3)cc3ccccc32)cc1,True,False,False,,1.0,0.62,329.39900000000006,413.4730000000001,84.07400000000007,False,,,,,0.5506176369119878,0.3194888619759227,0.23112877493606515,False,,,,,2.0,0.0,2.0,False,3.0,5.0,2.0,False,3.0,5.0,2.0,False
source_identity,mpair_00009373_cond_01_5p,mpair_00009373,eval,5,"MW,LogP,QED,TPSA,HBA",CC(C)(C)C(=O)NCc1ccc(NC(=O)N(CC(O)c2cccc(C#N)c2)C2CCC2)cc1,CC(C)(C)C(=O)NCc1ccc(NC(=O)N(CC(O)c2cc(Cl)cc(Cl)c2)C2CCC2)cc1,CC(C)(C)C(=O)NCc1ccc(NC(=O)N(CC(O)c2cccc(C#N)c2)C2CCC2)cc1,O=C(Nc1ccccc1)N(CCc1ccccc1)C1CCC1,O=C(Nc1ccccc1)N(CCc1ccccc1)C1CCC1,True,False,False,,1.0,0.7014925373134329,492.44700000000023,448.56700000000023,43.879999999999995,False,5.775700000000006,4.340580000000004,1.4351200000000022,False,0.45873063056047403,0.5857730971036168,0.12704246654314277,False,81.67,105.46000000000001,23.790000000000006,False,,,,,3.0,4.0,1.0,True,,,,
source_identity,mpair_00009967_cond_01_5p,mpair_00009967,eval,5,"LogP,QED,TPSA,HBA,RB",CN1C(=O)CC[C@]2(C)c3ccc(Cl)cc3CC[C@@H]12,CN1C(=O)CC[C@]2(C)c3ccc(CC(=O)O)cc3CC[C@@H]12,CN1C(=O)CC[C@]2(C)c3ccc(Cl)cc3CC[C@@H]12,O=C1CCC2c3ccccc3CC[C@H]2N1,O=C1CCC2c3ccccc3CC[C@H]2N1,True,False,False,,1.0,0.6470588235294118,,,,,2.1384,3.1647000000000016,1.0263000000000018,False,0.9063391182403678,0.7041232247398524,0.2022158935005154,False,57.61,20.310000000000002,37.3,False,,,,,2.0,1.0,1.0,True,2.0,0.0,2.0,False
source_identity,mpair_00010005_cond_01_5p,mpair_00010005,eval,5,"LogP,QED,HBD,HBA,RB",NC(=O)c1ccc(-c2ccc(CC(=O)Nc3cc(C4CC4)[nH]n3)cc2)cc1,Cc1cccc(-c2ccc(CC(=O)Nc3cc(C4CC4)[nH]n3)cc2)c1,NC(=O)c1ccc(-c2ccc(CC(=O)Nc3cc(C4CC4)[nH]n3)cc2)cc1,O=C(Cc1ccc(-c2ccccc2)cc1)Nc1cc(C2CC2)[nH]n1,O=C(Cc1ccc(-c2ccccc2)cc1)Nc1cc(C2CC2)[nH]n1,True,False,False,,1.0,0.6909090909090909,,,,,4.443720000000002,3.2342000000000013,1.2095200000000004,False,0.725772975474698,0.6288554497762253,0.09691752569847267,True,,,,,2.0,3.0,1.0,True,2.0,3.0,1.0,True,5.0,6.0,1.0,True
source_identity,mpair_00010714_cond_02_5p,mpair_00010714,eval,5,"MW,LogP,QED,HBD,RB",CC(C)C1=CC2CC3(C=O)[C@@H]4CC[C@@H](C)[C@H]4CC2(CO[C@H]2CN[C@H](C)CO2)[C@]13C(=O)O,C=C(Cl)CN1C[C@H](OCC23C[C@@H]4[C@H](C)CC[C@H]4C4(C=O)CC2C=C(C(C)C)[C@@]34C(=O)O)OC[C@H]1C,CC(C)C1=CC2CC3(C=O)[C@@H]4CC[C@@H](C)[C@H]4CC2(CO[C@H]2CN[C@H](C)CO2)[C@]13C(=O)O,C1=CC2C3CC1C2(CO[C@H]1CNCCO1)C[C@@H]1CCC[C@@H]31,C1=CC2C3CC1C2(CO[C@H]1CNCCO1)C[C@@H]1CCC[C@@H]31,True,False,False,,1.0,0.6790123456790124,506.0830000000003,431.5730000000002,74.5100000000001,False,4.726900000000004,3.2620000000000013,1.4649000000000028,False,0.3795111965843427,0.49603765450839626,0.11652645792405358,False,,,,,1.0,2.0,1.0,True,,,,,8.0,6.0,2.0,False
source_identity,mpair_00010899_cond_00_5p,mpair_00010899,eval,5,"LogP,QED,TPSA,HBA,RB",CC(C)[C@H](NC(=O)[C@@H]1Cc2ccccc2CN1C(=O)[C@@H](N)Cc1c[nH]c2ccccc12)C(=O)O,NC(=O)CC[C@H](NC(=O)[C@@H]1Cc2ccccc2CN1C(=O)[C@@H](N)Cc1c[nH]c2ccccc12)C(=O)O,CC(C)[C@H](NC(=O)[C@@H]1Cc2ccccc2CN1C(=O)[C@@H](N)Cc1c[nH]c2ccccc12)C(=O)O,O=C(CCc1c[nH]c2ccccc12)N1CCc2ccccc2C1,O=C(CCc1c[nH]c2ccccc12)N1CCc2ccccc2C1,True,False,False,,1.0,0.7323943661971831,,,,,0.826100000000002,2.2165999999999992,1.3904999999999972,False,0.29652005438814183,0.42798565429443175,0.13146559990628992,False,171.60999999999999,128.51999999999998,43.09,False,,,,,5.0,4.0,1.0,True,9.0,7.0,2.0,False
source_identity,mpair_00010919_cond_01_5p,mpair_00010919,eval,5,"MW,LogP,QED,HBD,RB",COc1cc2nc(N3CCCC3)nc(NCCCCCN3CCNCC3)c2cc1OC,COc1cc2nc(N3CCCC3)nc(NCCCCCN3CCN(C(C)C)CC3)c2cc1OC,COc1cc2nc(N3CCCC3)nc(NCCCCCN3CCNCC3)c2cc1OC,c1ccc2c(NCCCCCN3CCNCC3)nc(N3CCCC3)nc2c1,c1ccc2c(NCCCCCN3CCNCC3)nc(N3CCCC3)nc2c1,True,False,False,,1.0,0.7666666666666667,470.6620000000004,428.5810000000003,42.081000000000074,False,3.855400000000003,2.7346000000000013,1.1208000000000018,False,0.49692764299392717,0.5598101783351529,0.06288253534122573,True,,,,,1.0,2.0,1.0,True,,,,,11.0,10.0,1.0,True
source_identity,mpair_00011098_cond_00_5p,mpair_00011098,eval,5,"LogP,QED,TPSA,HBD,HBA",Cc1nn(-c2ccccc2)c2c1c(O)nc1ccccc12,Cc1cccc(-n2nc(C)c3c(Cl)nc4ccccc4c32)c1,Cc1nn(-c2ccccc2)c2c1c(O)nc1ccccc12,c1ccc(-n2ncc3cnc4ccccc4c32)cc1,c1ccc(-n2ncc3cnc4ccccc4c32)cc1,True,False,False,,1.0,0.5869565217391305,,,,,4.8439400000000035,3.587720000000002,1.2562200000000017,False,0.4708782994807681,0.5772984374104833,0.10642013792971516,False,30.71,50.94,20.229999999999997,False,0.0,1.0,1.0,True,3.0,4.0,1.0,True,,,,
source_identity,mpair_00011110_cond_01_5p,mpair_00011110,eval,5,"LogP,QED,TPSA,HBD,HBA",COc1cccc(-n2nc(C)c3c(O)nc4ccccc4c32)c1,COc1nc2ccccc2c2c1c(C)nn2-c1cccc(Cl)c1,COc1cccc(-n2nc(C)c3c(O)nc4ccccc4c32)c1,c1ccc(-n2ncc3cnc4ccccc4c32)cc1,c1ccc(-n2ncc3cnc4ccccc4c32)cc1,True,False,False,,1.0,0.6226415094339622,,,,,4.544120000000003,3.596320000000002,0.9478000000000009,True,0.5432876380245963,0.6145221270807419,0.0712344890561456,True,39.940000000000005,60.17,20.229999999999997,False,0.0,1.0,1.0,True,4.0,5.0,1.0,True,,,,
source_identity,mpair_00012048_cond_00_5p,mpair_00012048,eval,5,"LogP,QED,TPSA,HBD,HBA",Oc1ccccc1N1CCN(c2nc3ccccc3s2)CC1,Clc1cccc(N2CCN(c3nc4ccccc4s3)CC2)c1,Oc1ccccc1N1CCN(c2nc3ccccc3s2)CC1,c1ccc(N2CCN(c3nc4ccccc4s3)CC2)cc1,c1ccc(N2CCN(c3nc4ccccc4s3)CC2)cc1,True,False,False,,1.0,0.5434782608695652,,,,,4.276300000000003,3.328500000000002,0.9478000000000009,True,0.6993705773617076,0.7878479435182358,0.08847736615652824,True,19.37,39.6,20.23,False,0.0,1.0,1.0,True,4.0,5.0,1.0,True,,,,
source_identity,mpair_00013357_cond_00_5p,mpair_00013357,eval,5,"LogP,QED,TPSA,HBD,HBA",COC(=O)[C@H](c1cccc(C)c1)[C@H]1CCCCN1C,COC(=O)[C@H](c1ccc(O)cc1)[C@H]1CCCCN1C,COC(=O)[C@H](c1cccc(C)c1)[C@H]1CCCCN1C,c1ccc(C[C@H]2CCCCN2)cc1,c1ccc(C[C@H]2CCCCN2)cc1,True,False,False,,1.0,0.6595744680851063,,,,,2.1330999999999998,2.735920000000001,0.6028200000000012,True,0.8487909113672916,0.7835623310386617,0.06522858032862988,True,49.77,29.54,20.230000000000004,False,1.0,0.0,1.0,True,4.0,3.0,1.0,True,,,,
source_identity,mpair_00013608_cond_01_5p,mpair_00013608,eval,5,"LogP,TPSA,HBD,HBA,RB",CS(=O)(=O)c1ccc(-c2cc(Cl)cnc2-c2ccc(CO)nc2)cc1,CS(=O)(=O)c1ccc(-c2cc(Cl)cnc2-c2cccnc2)cc1,CS(=O)(=O)c1ccc(-c2cc(Cl)cnc2-c2ccc(CO)nc2)cc1,c1ccc(-c2cccnc2-c2cccnc2)cc1,c1ccc(-c2cccnc2-c2cccnc2)cc1,True,False,False,,1.0,0.6530612244897959,,,,,3.8675000000000024,3.3598000000000017,0.5077000000000007,True,,,,,59.92,80.15,20.230000000000004,False,0.0,1.0,1.0,True,4.0,5.0,1.0,True,3.0,4.0,1.0,True
source_identity,mpair_00013945_cond_00_5p,mpair_00013945,eval,5,"LogP,QED,TPSA,HBD,HBA",CC(c1cccc(C(=N)N)n1)C1OCCO1,CSC(=N)c1cccc(C(C)C2OCCO2)n1,CC(c1cccc(C(=N)N)n1)C1OCCO1,c1ccc(CC2OCCO2)nc1,c1ccc(CC2OCCO2)nc1,True,False,False,,1.0,0.7142857142857143,,,,,2.2463699999999998,0.8420700000000001,1.4042999999999997,False,0.6618999522301771,0.5851303642375749,0.07676958799260214,True,55.2,81.22000000000001,26.02000000000001,False,1.0,2.0,1.0,True,5.0,4.0,1.0,True,,,,
source_identity,mpair_00014860_cond_02_5p,mpair_00014860,eval,5,"MW,LogP,HBD,HBA,RB",CCCCCCNc1nc2ccccc2n2cncc12,CCCc1nc2ccccc2n2cncc12,CCCCCCNc1nc2ccccc2n2cncc12,c1ccc2c(c1)ncc1cncn12,c1ccc2c(c1)ncc1cncn12,True,False,False,,1.0,0.5531914893617021,211.268,268.36400000000003,57.09600000000003,False,2.835000000000001,3.8747000000000025,1.0397000000000016,False,,,,,,,,,0.0,1.0,1.0,True,3.0,4.0,1.0,True,2.0,6.0,4.0,False
source_identity,mpair_00015735_cond_02_5p,mpair_00015735,eval,5,"QED,TPSA,HBD,HBA,RB",O=C1c2c(O)cccc2Cc2ccc(CCc3ccccc3)c(O)c21,O=C1c2c(O)cccc2Cc2ccc(C(Cc3ccccc3)C(=O)NO)c(O)c21,O=C1c2c(O)cccc2Cc2ccc(CCc3ccccc3)c(O)c21,O=C1c2ccccc2Cc2ccc(CCc3ccccc3)cc21,O=C1c2ccccc2Cc2ccc(CCc3ccccc3)cc21,True,False,False,,1.0,0.5555555555555556,,,,,,,,,0.3170091346244461,0.5964058455394795,0.27939671091503343,False,106.86,57.53,49.33,False,4.0,2.0,2.0,False,5.0,3.0,2.0,False,4.0,3.0,1.0,True
source_identity,mpair_00016518_cond_00_5p,mpair_00016518,eval,5,"MW,LogP,QED,HBD,RB",CCCN(CCC)CCCNc1ncc(C)c2c1c1cnccc1n2C,CCNCCCNc1ncc(C)c2c1c1cnccc1n2C,CCCN(CCC)CCCNc1ncc(C)c2c1c1cnccc1n2C,c1cc2[nH]c3ccncc3c2cn1,c1cc2[nH]c3ccncc3c2cn1,True,False,False,,1.0,0.7407407407407407,297.40600000000006,353.51400000000007,56.108000000000004,False,2.8414200000000003,4.353920000000003,1.5125000000000028,False,0.6869994749888312,0.5808796772538907,0.10611979773494051,False,,,,,2.0,1.0,1.0,True,,,,,6.0,9.0,3.0,False
source_identity,mpair_00017118_cond_02_5p,mpair_00017118,eval,5,"MW,QED,HBD,HBA,RB",COc1ccccc1N1CCN(c2cc3c(cc2N)c(=O)c(C(=O)O)cn3C(C)(C)C)CC1,COc1ccccc1N1CCN(c2c(F)cc3c(=O)c(C(=O)O)cn(CCN(C)C)c3c2OC(F)F)CC1,COc1ccccc1N1CCN(c2cc3c(cc2N)c(=O)c(C(=O)O)cn3C(C)(C)C)CC1,O=c1cc[nH]c2cc(N3CCN(c4ccccc4)CC3)ccc12,O=c1cc[nH]c2cc(N3CCN(c4ccccc4)CC3)ccc12,True,False,False,,1.0,0.43373493975903615,534.5350000000001,450.53900000000027,83.99599999999981,False,,,,,0.44758921140603314,0.5878548502454992,0.14026563883946608,False,,,,,1.0,2.0,1.0,True,8.0,7.0,1.0,True,9.0,4.0,5.0,False
source_identity,mpair_00017209_cond_00_5p,mpair_00017209,eval,5,"QED,TPSA,HBD,HBA,RB",O=C(NCc1ccc([N+](=O)[O-])cc1)OCCCc1c[nH]cn1,CN(Cc1ccccc1)C(=O)OCCCc1c[nH]cn1,O=C(NCc1ccc([N+](=O)[O-])cc1)OCCCc1c[nH]cn1,O=C(NCc1ccccc1)OCCCc1c[nH]cn1,O=C(NCc1ccccc1)OCCCc1c[nH]cn1,True,False,False,,1.0,0.45901639344262296,,,,,,,,,0.8230012341030899,0.4625225608583377,0.3604786732447522,False,58.22,110.14999999999999,51.92999999999999,False,1.0,2.0,1.0,True,3.0,5.0,2.0,False,6.0,7.0,1.0,True
source_identity,mpair_00001355_cond_00_6p,mpair_00001355,eval,6,"LogP,QED,TPSA,HBD,HBA,RB",Nc1nc(O)c(N=O)c(NCCCO)n1,CCNc1nc(N)nc(O)c1N=O,Nc1nc(O)c(N=O)c(NCCCO)n1,c1cncnc1,c1cncnc1,True,False,False,,1.0,0.6578947368421053,,,,,0.5940999999999996,-0.04340000000000005,0.6374999999999997,True,0.5908316431660211,0.3977619077750839,0.1930697353909372,False,113.49000000000001,133.72,20.22999999999999,False,3.0,4.0,1.0,True,7.0,8.0,1.0,True,3.0,5.0,2.0,False
source_identity,mpair_00002478_cond_01_6p,mpair_00002478,eval,6,"MW,LogP,QED,TPSA,HBD,HBA",COc1cc(C(=O)N2CCN(C(=O)c3cc(OC)c(OC)c(OC)c3)CC2)cc(OC)c1OC,COc1cc(C(=O)N2CCN(C(=O)c3cc(OC)c(OC)c(OC)c3)C(COC(=O)NCCC(C)C)C2)cc(OC)c1OC,COc1cc(C(=O)N2CCN(C(=O)c3cc(OC)c(OC)c(OC)c3)CC2)cc(OC)c1OC,O=C(c1ccccc1)N1CCN(C(=O)c2ccccc2)CC1,O=C(c1ccccc1)N1CCN(C(=O)c2ccccc2)CC1,True,False,False,,1.0,0.48148148148148145,617.6960000000003,474.51000000000033,143.18599999999992,False,3.4773000000000023,2.3364000000000003,1.140900000000002,False,0.3561059094946873,0.5754127815390553,0.219306872044368,False,134.33,96.00000000000001,38.33,False,1.0,0.0,1.0,True,10.0,8.0,2.0,False,,,,
source_identity,mpair_00002488_cond_01_6p,mpair_00002488,eval,6,"MW,LogP,QED,HBD,HBA,RB",COc1cc(C(=O)N2CCN(C(=O)c3cc(OC)c(OC)c(OC)c3)C(CO)C2)cc(OC)c1OC,CCN(CC)C(=O)OCC1CN(C(=O)c2cc(OC)c(OC)c(OC)c2)CCN1C(=O)c1cc(OC)c(OC)c(OC)c1,COc1cc(C(=O)N2CCN(C(=O)c3cc(OC)c(OC)c(OC)c3)C(CO)C2)cc(OC)c1OC,O=C(c1ccccc1)N1CCN(C(=O)c2ccccc2)CC1,O=C(c1ccccc1)N1CCN(C(=O)c2ccccc2)CC1,True,False,False,,1.0,0.6792452830188679,603.6690000000003,504.53600000000034,99.13299999999998,False,3.1834000000000024,1.6973000000000003,1.4861000000000022,False,0.3571777118480848,0.544633228323374,0.18745551647528924,False,,,,,0.0,1.0,1.0,True,10.0,9.0,1.0,True,12.0,9.0,3.0,False
source_identity,mpair_00003588_cond_01_6p,mpair_00003588,eval,6,"MW,LogP,QED,TPSA,HBD,RB",CC(C)c1ccc(Cn2ccc3c4c(N(C)C)nc(N(C)C)nc4ccc32)cc1,CC(C)(C)c1ccc(Cn2ccc3c4c(N)nc(N)nc4ccc32)cc1,CC(C)c1ccc(Cn2ccc3c4c(N(C)C)nc(N(C)C)nc4ccc32)cc1,c1ccc(Cn2ccc3c4cncnc4ccc32)cc1,c1ccc(Cn2ccc3c4cncnc4ccc32)cc1,True,False,False,,1.0,0.45901639344262296,345.45000000000005,387.5310000000001,42.081000000000074,False,4.094700000000002,4.888200000000005,0.7935000000000025,True,0.5729407842811197,0.4886365143958135,0.0843042698853062,True,82.75,37.190000000000005,45.559999999999995,False,2.0,0.0,2.0,False,,,,,2.0,5.0,3.0,False
source_identity,mpair_00004747_cond_00_6p,mpair_00004747,eval,6,"MW,LogP,QED,HBD,HBA,RB",O=C(N[C@@H](Cc1ccccc1)C(=O)O)c1cccc2ccccc12,CCNC(=O)C(C)NC(=O)[C@H](Cc1ccc([N+](=O)[O-])cc1)NC(=O)c1cccc2ccccc12,O=C(N[C@@H](Cc1ccccc1)C(=O)O)c1cccc2ccccc12,O=C(NCCc1ccccc1)c1cccc2ccccc12,O=C(NCCc1ccccc1)c1cccc2ccccc12,True,False,False,,1.0,0.5344827586206896,462.50600000000014,319.36,143.14600000000013,False,2.7299000000000007,3.265500000000001,0.5356000000000005,True,0.332478065240171,0.7583308263978528,0.4258527611576818,False,,,,,3.0,2.0,1.0,True,5.0,2.0,3.0,False,9.0,5.0,4.0,False
source_identity,mpair_00004756_cond_02_6p,mpair_00004756,eval,6,"MW,QED,TPSA,HBD,HBA,RB",CCOC(=O)[C@@H](C)NC(=O)[C@H](Cc1ccc([N+](=O)[O-])cc1)NC(=O)c1cccc2ccccc12,COC(=O)[C@H](Cc1ccc([N+](=O)[O-])cc1)NC(=O)c1cccc2ccccc12,CCOC(=O)[C@@H](C)NC(=O)[C@H](Cc1ccc([N+](=O)[O-])cc1)NC(=O)c1cccc2ccccc12,O=C(NCCc1ccccc1)c1cccc2ccccc12,O=C(NCCc1ccccc1)c1cccc2ccccc12,True,False,False,,1.0,0.7413793103448276,378.38400000000007,463.4900000000001,85.10600000000005,False,,,,,0.4032206465621875,0.2850500955759326,0.1181705509862549,False,98.53999999999999,127.63999999999999,29.099999999999994,False,1.0,2.0,1.0,True,5.0,6.0,1.0,True,6.0,9.0,3.0,False
source_identity,mpair_00004834_cond_02_6p,mpair_00004834,eval,6,"MW,LogP,QED,HBD,HBA,RB",O=CNC(=O)c1cnn2c1n[n+]([O-])c1ccc(Cl)cc12,C/C(=N\C(=O)c1cnn2c1n[n+]([O-])c1ccc(Cl)cc12)N(C)C,O=CNC(=O)c1cnn2c1n[n+]([O-])c1ccc(Cl)cc12,c1ccc2c(c1)[nH+]nc1ccnn12,c1ccc2c(c1)[nH+]nc1ccnn12,True,False,False,,1.0,0.6,332.7510000000001,291.65400000000005,41.09700000000004,False,1.2894999999999999,0.05550000000000005,1.2339999999999998,False,0.28974905987188526,0.40824156018769714,0.11849250031581188,False,,,,,0.0,1.0,1.0,True,5.0,6.0,1.0,True,1.0,2.0,1.0,True
source_identity,mpair_00006871_cond_00_6p,mpair_00006871,eval,6,"MW,LogP,QED,TPSA,HBD,HBA",CN1C(=O)[C@@H](NC(=O)[C@H](N)Cc2ccccc2)N=C(c2ccccc2)c2ccccc21,C[C@@H](Cc1ccc(Cl)c(Cl)c1)C(=O)N[C@H]1N=C(c2ccccc2)c2ccccc2N(C)C1=O,CN1C(=O)[C@@H](NC(=O)[C@H](N)Cc2ccccc2)N=C(c2ccccc2)c2ccccc21,O=C(CCc1ccccc1)N[C@H]1N=C(c2ccccc2)c2ccccc2NC1=O,O=C(CCc1ccccc1)N[C@H]1N=C(c2ccccc2)c2ccccc2NC1=O,True,False,False,,1.0,0.6461538461538462,480.3950000000002,412.4930000000001,67.9020000000001,False,5.128300000000006,2.5127000000000015,2.615600000000004,False,0.5507225512128597,0.6750134602328773,0.1242909090200176,False,61.77,87.79,26.020000000000003,False,1.0,2.0,1.0,True,3.0,4.0,1.0,True,,,,
source_identity,mpair_00007291_cond_01_6p,mpair_00007291,eval,6,"LogP,QED,TPSA,HBD,HBA,RB",NCCNC(=O)C1Cc2c([nH]c3ccccc23)C(c2cccc(O)c2)N1,COC(=O)C1Cc2c([nH]c3ccccc23)C(c2ccc(Cl)cc2)N1,NCCNC(=O)C1Cc2c([nH]c3ccccc23)C(c2cccc(O)c2)N1,c1ccc(C2NCCc3c2[nH]c2ccccc32)cc1,c1ccc(C2NCCc3c2[nH]c2ccccc32)cc1,True,False,False,,1.0,0.4696969696969697,,,,,3.5980000000000016,1.5521000000000003,2.0459000000000014,False,0.7007933905852917,0.49248705894737804,0.20830633163791362,False,54.120000000000005,103.17,49.05,False,2.0,5.0,3.0,False,3.0,4.0,1.0,True,2.0,4.0,2.0,False
source_identity,mpair_00007691_cond_00_6p,mpair_00007691,eval,6,"MW,LogP,QED,TPSA,HBA,RB",CC(=O)CCCC(=O)NC1N=C(c2ccccc2)c2ccccc2N(CC(=O)NCCc2ccccc2Cl)C1=O,CC(=O)NC1N=C(c2ccccc2)c2ccccc2N(CC(=O)NCCc2cccc(Cl)c2)C1=O,CC(=O)CCCC(=O)NC1N=C(c2ccccc2)c2ccccc2N(CC(=O)NCCc2ccccc2Cl)C1=O,O=C(CN1C(=O)CN=C(c2ccccc2)c2ccccc21)NCCc1ccccc1,O=C(CN1C(=O)CN=C(c2ccccc2)c2ccccc21)NCCc1ccccc1,True,False,False,,1.0,0.631578947368421,488.9750000000003,559.0660000000004,70.09100000000007,False,3.3451000000000013,4.084500000000003,0.7394000000000016,True,0.5340646911534161,0.36946999099437394,0.1645947001590422,False,90.87,107.94,17.069999999999993,True,,,,,4.0,5.0,1.0,True,7.0,11.0,4.0,False
source_identity,mpair_00007880_cond_00_6p,mpair_00007880,eval,6,"MW,LogP,QED,TPSA,HBD,HBA",O=C1CC2(C(=O)N1)C(=O)N(Cc1ccc(C(F)(F)F)cc1)C(=O)c1cccn12,Nc1ccc(CN2C(=O)c3cccn3C3(CC(=O)NC3=O)C2=O)cc1,O=C1CC2(C(=O)N1)C(=O)N(Cc1ccc(C(F)(F)F)cc1)C(=O)c1cccn12,O=C1CC2(C(=O)N1)C(=O)N(Cc1ccccc1)C(=O)c1cccn12,O=C1CC2(C(=O)N1)C(=O)N(Cc1ccccc1)C(=O)c1cccn12,True,False,False,,1.0,0.7450980392156863,338.3230000000001,391.30500000000006,52.98199999999997,False,-0.005299999999999805,1.4313,1.4365999999999999,False,0.45417020849830125,0.6198077242004095,0.16563751570210827,False,114.5,88.48000000000002,26.019999999999982,False,2.0,1.0,1.0,True,6.0,5.0,1.0,True,,,,
source_identity,mpair_00008120_cond_01_6p,mpair_00008120,eval,6,"LogP,QED,TPSA,HBD,HBA,RB",CCN(CC)CC(O)Cn1c2ccccc2c(=O)c2cccc(Cl)c21,CCN(CC)CC(O)Cn1c2ccccc2c(=O)c2cccc(C(=O)O)c21,CCN(CC)CC(O)Cn1c2ccccc2c(=O)c2cccc(Cl)c21,O=c1c2ccccc2[nH]c2ccccc12,O=c1c2ccccc2[nH]c2ccccc12,True,False,False,,1.0,0.7307692307692307,,,,,2.5556,3.5108000000000024,0.9552000000000023,True,0.6264686403840823,0.6857244766376484,0.05925583625356601,True,82.77,45.47,37.3,False,2.0,1.0,1.0,True,5.0,4.0,1.0,True,7.0,6.0,1.0,True
source_identity,mpair_00008543_cond_02_6p,mpair_00008543,eval,6,"LogP,QED,TPSA,HBD,HBA,RB",O=c1[nH]c(=O)n(COCCO)cc1Cc1cccc(Oc2ccc(Cl)cc2)c1,O=c1[nH]c(=O)n(COC(CO)CO)cc1Cc1cccc(Oc2ccccc2)c1,O=c1[nH]c(=O)n(COCCO)cc1Cc1cccc(Oc2ccc(Cl)cc2)c1,O=c1[nH]cc(Cc2cccc(Oc3ccccc3)c2)c(=O)[nH]1,O=c1[nH]cc(Cc2cccc(Oc3ccccc3)c2)c(=O)[nH]1,True,False,False,,1.0,0.6229508196721312,,,,,1.2470000000000003,2.539500000000001,1.2925000000000009,False,0.4998954215643975,0.5646201784137145,0.064724756849317,True,113.78000000000002,93.55000000000001,20.230000000000004,False,3.0,2.0,1.0,True,7.0,6.0,1.0,True,9.0,8.0,1.0,True
source_identity,mpair_00008562_cond_01_6p,mpair_00008562,eval,6,"MW,QED,TPSA,HBD,HBA,RB",O=c1[nH]c(=O)n(COCCO)cc1Cc1cccc(Oc2ccccc2)c1,O=c1[nH]c(=O)n(COC(CO)CO)cc1Cc1cccc(Oc2cccc(Cl)c2)c1,O=c1[nH]c(=O)n(COCCO)cc1Cc1cccc(Oc2ccccc2)c1,O=c1[nH]cc(Cc2cccc(Oc3ccccc3)c2)c(=O)[nH]1,O=c1[nH]cc(Cc2cccc(Oc3ccccc3)c2)c(=O)[nH]1,True,False,False,,1.0,0.6065573770491803,432.8600000000001,368.38900000000007,64.47100000000006,False,,,,,0.475610070963199,0.5923928040684121,0.11678273310521309,False,113.78000000000002,93.55000000000001,20.230000000000004,False,3.0,2.0,1.0,True,7.0,6.0,1.0,True,9.0,8.0,1.0,True
source_identity,mpair_00008569_cond_00_6p,mpair_00008569,eval,6,"LogP,QED,TPSA,HBD,HBA,RB",O=c1[nH]c(=O)n(COC(CO)CO)cc1Cc1cccc(Oc2ccc(F)cc2)c1,O=c1[nH]c(=O)n(COCCO)cc1Cc1cccc(Oc2ccc(Cl)cc2)c1,O=c1[nH]c(=O)n(COC(CO)CO)cc1Cc1cccc(Oc2ccc(F)cc2)c1,O=c1[nH]cc(Cc2cccc(Oc3ccccc3)c2)c(=O)[nH]1,O=c1[nH]cc(Cc2cccc(Oc3ccccc3)c2)c(=O)[nH]1,True,False,False,,1.0,0.609375,,,,,2.539500000000001,1.3861000000000008,1.1534000000000004,False,0.5646201784137145,0.48581208962950656,0.07880808878420792,True,93.55000000000001,113.78000000000002,20.230000000000004,False,2.0,3.0,1.0,True,6.0,7.0,1.0,True,8.0,9.0,1.0,True
source_identity,mpair_00008572_cond_02_6p,mpair_00008572,eval,6,"MW,QED,TPSA,HBD,HBA,RB",O=c1[nH]c(=O)n(COC(CO)CO)cc1Cc1cccc(Oc2cccc(Cl)c2)c1,O=c1[nH]c(=O)n(COCCO)cc1Cc1cccc(Oc2ccccc2)c1,O=c1[nH]c(=O)n(COC(CO)CO)cc1Cc1cccc(Oc2cccc(Cl)c2)c1,O=c1[nH]cc(Cc2cccc(Oc3ccccc3)c2)c(=O)[nH]1,O=c1[nH]cc(Cc2cccc(Oc3ccccc3)c2)c(=O)[nH]1,True,False,False,,1.0,0.6065573770491803,368.38900000000007,432.8600000000001,64.47100000000006,False,,,,,0.5923928040684121,0.475610070963199,0.11678273310521309,False,93.55000000000001,113.78000000000002,20.230000000000004,False,2.0,3.0,1.0,True,6.0,7.0,1.0,True,8.0,9.0,1.0,True
source_identity,mpair_00008578_cond_02_6p,mpair_00008578,eval,6,"LogP,QED,TPSA,HBD,HBA,RB",O=c1[nH]c(=O)n(COCCO)cc1Cc1cccc(Oc2ccc(F)cc2)c1,O=c1[nH]c(=O)n(COC(CO)CO)cc1Cc1cccc(Oc2cccc(F)c2)c1,O=c1[nH]c(=O)n(COCCO)cc1Cc1cccc(Oc2ccc(F)cc2)c1,O=c1[nH]cc(Cc2cccc(Oc3ccccc3)c2)c(=O)[nH]1,O=c1[nH]cc(Cc2cccc(Oc3ccccc3)c2)c(=O)[nH]1,True,False,False,,1.0,0.6451612903225806,,,,,1.3861000000000006,2.0252000000000008,0.6391000000000002,True,0.4858120896295065,0.5780165939516326,0.09220450432212612,True,113.78000000000002,93.55000000000001,20.230000000000004,False,3.0,2.0,1.0,True,7.0,6.0,1.0,True,9.0,8.0,1.0,True
source_identity,mpair_00010004_cond_02_6p,mpair_00010004,eval,6,"MW,LogP,TPSA,HBD,HBA,RB",NC(=O)c1ccc(-c2ccc(CC(=O)Nc3cc(C4CC4)[nH]n3)cc2)cc1,O=C(Cc1ccc(-c2ccccc2)cc1)Nc1cc(C2CC2)[nH]n1,NC(=O)c1ccc(-c2ccc(CC(=O)Nc3cc(C4CC4)[nH]n3)cc2)cc1,O=C(Cc1ccc(-c2ccccc2)cc1)Nc1cc(C2CC2)[nH]n1,O=C(Cc1ccc(-c2ccccc2)cc1)Nc1cc(C2CC2)[nH]n1,True,False,False,,1.0,0.7755102040816326,317.3920000000001,360.41700000000003,43.02499999999992,False,4.135300000000002,3.2342000000000013,0.9011000000000005,True,,,,,57.78,100.86999999999999,43.08999999999999,False,2.0,3.0,1.0,True,2.0,3.0,1.0,True,5.0,6.0,1.0,True
source_identity,mpair_00010902_cond_01_6p,mpair_00010902,eval,6,"MW,LogP,TPSA,HBD,HBA,RB",N[C@@H](Cc1c[nH]c2ccccc12)C(=O)N1Cc2ccccc2C[C@H]1C(=O)O,N[C@@H](Cc1c[nH]c2ccccc12)C(=O)N1Cc2ccccc2C[C@H]1C(=O)N[C@@H](CS)C(=O)O,N[C@@H](Cc1c[nH]c2ccccc12)C(=O)N1Cc2ccccc2C[C@H]1C(=O)O,O=C(CCc1c[nH]c2ccccc12)N1CCc2ccccc2C1,O=C(CCc1c[nH]c2ccccc12)N1CCc2ccccc2C1,True,False,False,,1.0,0.7301587301587301,466.56300000000016,363.4170000000001,103.14600000000007,False,1.4903999999999997,2.0758,0.5854000000000004,True,,,,,128.51999999999998,99.42,29.09999999999998,False,5.0,3.0,2.0,False,5.0,3.0,2.0,False,7.0,4.0,3.0,False
source_identity,mpair_00010986_cond_01_6p,mpair_00010986,eval,6,"MW,LogP,QED,HBD,HBA,RB",COc1ccc([C@@H]2Sc3ccccc3N(C[C@@H]3CCCN3)C(=O)[C@@H]2O)cc1,COc1ccc([C@@H]2Sc3ccccc3N(C[C@@H]3CCCN3)C(=O)[C@@H]2OC(C)=O)cc1,COc1ccc([C@@H]2Sc3ccccc3N(C[C@@H]3CCCN3)C(=O)[C@@H]2O)cc1,O=C1C[C@H](c2ccccc2)Sc2ccccc2N1C[C@@H]1CCCN1,O=C1C[C@H](c2ccccc2)Sc2ccccc2N1C[C@@H]1CCCN1,True,False,False,,1.0,0.765625,426.53800000000024,384.50100000000015,42.03700000000009,False,3.5589000000000013,2.9881,0.5708000000000011,True,0.7377284711612315,0.8486260355897445,0.11089756442851295,False,,,,,1.0,2.0,1.0,True,6.0,5.0,1.0,True,5.0,4.0,1.0,True
source_identity,mpair_00013581_cond_02_6p,mpair_00013581,eval,6,"MW,QED,TPSA,HBD,HBA,RB",COCCCNCC(=O)N1CCC(CNc2nc3c(s2)CCCc2ccc(F)cc2-3)CC1,CC(C)C(=O)N1CCC(CNc2nc3c(s2)CCCc2ccc(F)cc2-3)CC1,COCCCNCC(=O)N1CCC(CNc2nc3c(s2)CCCc2ccc(F)cc2-3)CC1,c1ccc2c(c1)CCCc1sc(NCC3CCNCC3)nc1-2,c1ccc2c(c1)CCCc1sc(NCC3CCNCC3)nc1-2,True,False,False,,1.0,0.6842105263157895,401.5510000000002,460.6190000000003,59.0680000000001,False,,,,,0.8044990618749749,0.5586669858957538,0.24583207597922108,False,45.230000000000004,66.49000000000001,21.260000000000005,False,1.0,2.0,1.0,True,4.0,6.0,2.0,False,4.0,9.0,5.0,False
source_identity,mpair_00014669_cond_01_6p,mpair_00014669,eval,6,"MW,LogP,TPSA,HBD,HBA,RB",CC(=O)OC[C@@]1(C)C2C[C@H](OC(C)=O)[C@@]3(C)Oc4cc(-c5cccnc5)oc(=O)c4C(=O)C3[C@@]2(C)CC[C@@H]1OC(C)=O,C[C@]12CC[C@H](O)[C@@](C)(CO)C1C[C@H](O)[C@@]1(C)Oc3cc(-c4ccc(Cl)nc4)oc(=O)c3C(=O)C21,CC(=O)OC[C@@]1(C)C2C[C@H](OC(C)=O)[C@@]3(C)Oc4cc(-c5cccnc5)oc(=O)c4C(=O)C3[C@@]2(C)CC[C@@H]1OC(C)=O,O=C1c2c(cc(-c3cccnc3)oc2=O)OC2CCC3CCCCC3C12,O=C1c2c(cc(-c3cccnc3)oc2=O)OC2CCC3CCCCC3C12,True,False,False,,1.0,0.4945054945054945,489.9520000000002,581.6180000000004,91.66600000000017,False,2.845600000000001,3.904600000000003,1.059000000000002,False,,,,,130.09,148.29999999999998,18.20999999999998,True,3.0,0.0,3.0,False,8.0,11.0,3.0,False,2.0,5.0,3.0,False
source_identity,mpair_00015735_cond_00_6p,mpair_00015735,eval,6,"MW,LogP,TPSA,HBD,HBA,RB",O=C1c2c(O)cccc2Cc2ccc(CCc3ccccc3)c(O)c21,O=C1c2c(O)cccc2Cc2ccc(C(Cc3ccccc3)C(=O)NO)c(O)c21,O=C1c2c(O)cccc2Cc2ccc(CCc3ccccc3)c(O)c21,O=C1c2ccccc2Cc2ccc(CCc3ccccc3)cc21,O=C1c2ccccc2Cc2ccc(CCc3ccccc3)cc21,True,False,False,,1.0,0.5555555555555556,389.40700000000004,330.383,59.02400000000006,False,3.0647000000000015,4.018200000000004,0.9535000000000022,True,,,,,106.86,57.53,49.33,False,4.0,2.0,2.0,False,5.0,3.0,2.0,False,4.0,3.0,1.0,True
source_identity,mpair_00016971_cond_00_6p,mpair_00016971,eval,6,"LogP,QED,TPSA,HBD,HBA,RB",CCCc1c(OCCCOc2cc3c(cc2C(C)=O)CCC(C(=O)O)O3)ccc(C(C)=O)c1O,CCCc1c(OCCCOc2ccc(C(C)=O)c(OC)c2CCC)ccc2c1OC(C(=O)O)CC2,CCCc1c(OCCCOc2cc3c(cc2C(C)=O)CCC(C(=O)O)O3)ccc(C(C)=O)c1O,c1ccc(OCCCOc2ccc3c(c2)OCCC3)cc1,c1ccc(OCCCOc2ccc3c(c2)OCCC3)cc1,True,False,False,,1.0,0.6086956521739131,,,,,5.428900000000005,4.376000000000004,1.052900000000001,False,0.29940751610339217,0.36687696361247685,0.06746944750908468,True,91.29,119.36,28.069999999999993,False,1.0,2.0,1.0,True,6.0,7.0,1.0,True,13.0,11.0,2.0,False
source_identity,mpair_00002438_cond_01_7p,mpair_00002438,eval,7,"MW,LogP,QED,TPSA,HBD,HBA,RB",CSc1cc(-c2ccc(Cl)cc2)oc(=O)c1Br,CSc1cc(-c2ccc(Cl)cc2)oc(=O)c1C(N)=O,CSc1cc(-c2ccc(Cl)cc2)oc(=O)c1Br,O=c1cccc(-c2ccccc2)o1,O=c1cccc(-c2ccccc2)o1,True,False,False,,1.0,0.627906976744186,295.747,331.61799999999994,35.870999999999924,False,2.7810000000000006,4.444600000000001,1.6636000000000006,False,0.8837306867126842,0.7618841288913729,0.12184655782131126,False,73.30000000000001,30.21,43.09000000000001,False,1.0,0.0,1.0,True,4.0,3.0,1.0,True,3.0,2.0,1.0,True
source_identity,mpair_00004757_cond_01_7p,mpair_00004757,eval,7,"MW,LogP,QED,TPSA,HBD,HBA,RB",CCOC(=O)[C@@H](C)NC(=O)[C@H](Cc1ccc([N+](=O)[O-])cc1)NC(=O)c1cccc2ccccc12,CC(C)OC(=O)[C@H](Cc1ccc([N+](=O)[O-])cc1)NC(=O)c1cccc2ccccc12,CCOC(=O)[C@@H](C)NC(=O)[C@H](Cc1ccc([N+](=O)[O-])cc1)NC(=O)c1cccc2ccccc12,O=C(NCCc1ccccc1)c1cccc2ccccc12,O=C(NCCc1ccccc1)c1cccc2ccccc12,True,False,False,,1.0,0.7333333333333333,406.43800000000016,463.4900000000001,57.051999999999964,False,4.040700000000003,3.1569000000000003,0.8838000000000026,True,0.36267930698305967,0.2850500955759326,0.07762921140712709,True,98.53999999999999,127.63999999999999,29.099999999999994,False,1.0,2.0,1.0,True,5.0,6.0,1.0,True,7.0,9.0,2.0,False
source_identity,mpair_00008559_cond_00_7p,mpair_00008559,eval,7,"MW,LogP,QED,TPSA,HBD,HBA,RB",O=c1[nH]c(=O)n(COCCO)cc1Cc1cccc(Oc2ccccc2)c1,O=c1[nH]c(=O)n(COC(CO)CO)cc1Cc1cccc(Oc2cccc(F)c2)c1,O=c1[nH]c(=O)n(COCCO)cc1Cc1cccc(Oc2ccccc2)c1,O=c1[nH]cc(Cc2cccc(Oc3ccccc3)c2)c(=O)[nH]1,O=c1[nH]cc(Cc2cccc(Oc3ccccc3)c2)c(=O)[nH]1,True,False,False,,1.0,0.6065573770491803,416.4050000000001,368.38900000000007,48.01600000000002,False,1.3861000000000006,1.8861000000000006,0.5,True,0.4858120896295065,0.5923928040684121,0.1065807144389056,False,113.78000000000002,93.55000000000001,20.230000000000004,False,3.0,2.0,1.0,True,7.0,6.0,1.0,True,9.0,8.0,1.0,True
source_identity,mpair_00010887_cond_01_7p,mpair_00010887,eval,7,"MW,LogP,QED,TPSA,HBD,HBA,RB",N[C@@H](Cc1c[nH]c2ccccc12)C(=O)N1Cc2ccccc2C[C@H]1C(=O)O,NC(=O)C[C@H](NC(=O)[C@@H]1Cc2ccccc2CN1C(=O)[C@@H](N)Cc1c[nH]c2ccccc12)C(=O)O,N[C@@H](Cc1c[nH]c2ccccc12)C(=O)N1Cc2ccccc2C[C@H]1C(=O)O,O=C(CCc1c[nH]c2ccccc12)N1CCc2ccccc2C1,O=C(CCc1c[nH]c2ccccc12)N1CCc2ccccc2C1,True,False,False,,1.0,0.71875,477.52100000000024,363.4170000000001,114.10400000000016,False,0.4360000000000033,2.0758,1.6397999999999968,False,0.3148350624649969,0.6606814191330189,0.34584635666802205,False,171.60999999999999,99.42,72.18999999999998,False,5.0,3.0,2.0,False,5.0,3.0,2.0,False,8.0,4.0,4.0,False
source_identity,mpair_00013567_cond_00_7p,mpair_00013567,eval,7,"MW,LogP,QED,TPSA,HBD,HBA,RB",CCCCCCCCCN1CCC[C@@H]1CNC(=O)c1cc(S(N)(=O)=O)ccc1OC,CCN1CCC[C@@H]1CNC(=O)c1c(OC)ccc(Br)c1OC,CCCCCCCCCN1CCC[C@@H]1CNC(=O)c1cc(S(N)(=O)=O)ccc1OC,O=C(NC[C@H]1CCCN1)c1ccccc1,O=C(NC[C@H]1CCCN1)c1ccccc1,True,False,False,,1.0,0.5,371.2750000000001,439.6220000000002,68.3470000000001,False,2.6804000000000006,3.2874000000000008,0.6070000000000002,True,0.8356024039257242,0.4593262901879491,0.37627611373777503,False,50.80000000000001,101.73,50.92999999999999,False,1.0,2.0,1.0,True,4.0,5.0,1.0,True,6.0,13.0,7.0,False
source_tanimoto_property_oracle,mpair_00000008_cond_02_2p,mpair_00000008,eval,2,"MW,QED",O=C(c1ccccc1Br)N1C[C@H](CN2CCC(c3ccccc3)CC2)[C@@H](c2ccccc2)C1,O=C(c1ccccc1F)N1C[C@H](CN2CCC(c3ccccc3)CC2)[C@@H](c2ccccc2)C1,O=C(Cc1ccccc1)N1C[C@H](CN2CCC(c3ccccc3)CC2)[C@@H](c2ccccc2)C1,O=C(c1ccccc1)N1C[C@H](CN2CCC(c3ccccc3)CC2)[C@@H](c2ccccc2)C1,O=C(Cc1ccccc1)N1C[C@H](CN2CCC(c3ccccc3)CC2)[C@@H](c2ccccc2)C1,False,True,False,,0.6481481481481481,0.6481481481481481,442.57800000000015,438.6150000000001,3.9630000000000223,True,,,,,0.5164092889512721,0.5178690393367604,0.0014597503854882898,True,,,,,,,,,,,,,,,,
source_tanimoto_property_oracle,mpair_00000789_cond_01_2p,mpair_00000789,eval,2,"MW,RB",C=CCc1cc(/C=C2\SC(=O)N(C)C2=O)c(OC)cc1OC1CCCCO1,C=CCc1cc(/C=C2\SC(=O)N(CCCC)C2=O)c(OC)cc1OC1CCCCO1,C=CCc1cc(/C=C2\SC(=O)N(Cc3ccccc3)C2=O)c(OC)cc1O,O=C1NC(=O)/C(=C/c2ccc(OC3CCCCO3)cc2)S1,O=C1S/C(=C\c2ccccc2)C(=O)N1Cc1ccccc1,False,False,False,,0.4533333333333333,0.47435897435897434,431.55400000000026,381.4530000000001,50.10100000000017,False,,,,,,,,,,,,,,,,,,,,,9.0,6.0,3.0,False
source_tanimoto_property_oracle,mpair_00000994_cond_02_2p,mpair_00000994,eval,2,"LogP,QED",FC(F)(F)c1cccc(N2CCN(c3nc4ccsc4n4cccc34)CC2)c1,Fc1ccc(N2CCN(c3nc4ccsc4n4cccc34)CC2)cc1,Fc1ccc(CN2CCN(Cc3nc4ccsc4n4cccc34)CC2)cc1,c1ccc(N2CCN(c3nc4ccsc4n4cccc34)CC2)cc1,c1ccc(CN2CCN(Cc3nc4ccsc4n4cccc34)CC2)cc1,False,True,False,,0.4090909090909091,0.5535714285714286,,,,,4.014700000000003,4.005900000000003,0.008799999999999919,True,0.5445182992427106,0.5346045534377668,0.009913745804943752,True,,,,,,,,,,,,,,,,
source_tanimoto_property_oracle,mpair_00001396_cond_01_2p,mpair_00001396,eval,2,"QED,HBA",COC(=O)c1c(OCC(=O)O)nc(C(C)(C)C)nc1SC,CSc1nc(CC(C)(C)C)nc(OCC(=O)O)c1C#N,CCCCCCSc1nc(C(C)(C)C)nc(OCC(=O)O)c1C#N,c1cncnc1,c1cncnc1,True,False,False,,0.46551724137931033,0.5,,,,,,,,,0.65611800929855,0.4106240661056441,0.2454939431929059,False,,,,,,,,,6.0,6.0,0.0,True,,,,
source_tanimoto_property_oracle,mpair_00001826_cond_00_2p,mpair_00001826,eval,2,"TPSA,HBD",CN(C)C(=O)CCSC(SCCC(=O)O)c1cccc(/C=C/c2ccc3ccc(Cl)cc3n2)c1,O=C(O)CCSC(SCCC(=O)O)c1cccc(/C=C/c2ccc3ccc(Cl)cc3n2)c1,CN(C)C(=O)CCSC(SCCC(=O)O)c1cccc(CCc2ccc3ccc(Cl)cc3n2)c1,C(=C/c1ccc2ccccc2n1)\c1ccccc1,c1ccc(CCc2ccc3ccccc3n2)cc1,False,True,False,,0.6865671641791045,0.5671641791044776,,,,,,,,,,,,,87.49,70.5,16.989999999999995,True,2.0,1.0,1.0,True,,,,,,,,
source_tanimoto_property_oracle,mpair_00002423_cond_02_2p,mpair_00002423,eval,2,"MW,LogP",O=C1C(Nc2ccc(Br)cc2)=C(Cl)C(=O)c2ncncc21,O=C1C(Nc2ccccc2)=C(Cl)C(=O)c2ncncc21,Cc1ccc(NC2=C(Cl)C(=O)c3ncncc3C2=O)cc1,O=C1C(Nc2ccccc2)=CC(=O)c2ncncc21,O=C1C(Nc2ccccc2)=CC(=O)c2ncncc21,True,True,True,,0.7619047619047619,0.7560975609756098,285.69,299.71700000000004,14.027000000000044,True,2.4181,2.7265200000000007,0.3084200000000008,True,,,,,,,,,,,,,,,,,,,,
source_tanimoto_property_oracle,mpair_00002473_cond_02_2p,mpair_00002473,eval,2,"LogP,RB",COc1cc(C(=O)N2CCN(C(=O)c3cc(OC)c(OC)c(OC)c3)C(COC(=O)CC(C)(C)C)C2)cc(OC)c1OC,CCN(CC)C(=O)OCC1CN(C(=O)c2cc(OC)c(OC)c(OC)c2)CCN1C(=O)c1cc(OC)c(OC)c(OC)c1,COc1cc(C(=O)N2CCN(C(=O)c3cc(OC)c(OC)c(OC)c3)C(COC(=O)c3ccccc3Cl)C2)cc(OC)c1OC,O=C(c1ccccc1)N1CCN(C(=O)c2ccccc2)CC1,O=C(OCC1CN(C(=O)c2ccccc2)CCN1C(=O)c1ccccc1)c1ccccc1,False,False,False,,0.6349206349206349,0.6349206349206349,,,,,3.1834000000000024,4.215400000000004,1.0320000000000018,False,,,,,,,,,,,,,,,,,12.0,11.0,1.0,True
source_tanimoto_property_oracle,mpair_00003391_cond_00_2p,mpair_00003391,eval,2,"LogP,RB",CC(C)COc1cccc(N(Cc2cccnc2)S(=O)(=O)CC(F)(F)F)c1,CCCC(C)Oc1cccc(N(Cc2cccnc2)S(=O)(=O)CC(F)(F)F)c1,C=C(c1ccccc1)c1ccc(N(Cc2cccnc2)S(=O)(=O)CC)cc1,c1ccc(NCc2cccnc2)cc1,C=C(c1ccccc1)c1ccc(NCc2cccnc2)cc1,False,False,False,,0.40298507462686567,0.4264705882352941,,,,,4.547700000000003,4.499400000000004,0.04829999999999934,True,,,,,,,,,,,,,,,,,9.0,7.0,2.0,False
source_tanimoto_property_oracle,mpair_00003589_cond_02_2p,mpair_00003589,eval,2,"QED,HBD",CC(C)c1ccc(Cn2ccc3c4c(N(C)C)nc(N(C)C)nc4ccc32)cc1,CCc1ccc(Cn2ccc3c4c(N)nc(N)nc4ccc32)cc1,CC(C)c1ccc(Cn2cnc3c(N(C)C)nc(Cl)nc32)cc1,c1ccc(Cn2ccc3c4cncnc4ccc32)cc1,c1ccc(Cn2cnc3cncnc32)cc1,False,False,False,,0.43333333333333335,0.21212121212121213,,,,,,,,,0.6067349667256066,0.6843934329615565,0.07765846623594996,True,,,,,2.0,0.0,2.0,False,,,,,,,,
source_tanimoto_property_oracle,mpair_00003930_cond_01_2p,mpair_00003930,eval,2,"HBD,HBA",OC(c1ccc(F)cc1)(c1ccc(F)cc1)C1CCN(CCCNc2ccccc2)CC1,Cc1ccc(O)c(NCCCN2CCC(C(O)(c3ccc(F)cc3)c3ccc(F)cc3)CC2)c1,CNC(=O)Nc1ccc(OCCCN2CCC(C(O)(c3ccc(F)cc3)c3ccc(F)cc3)CC2)cc1,c1ccc(NCCCN2CCC(C(c3ccccc3)c3ccccc3)CC2)cc1,c1ccc(OCCCN2CCC(C(c3ccccc3)c3ccccc3)CC2)cc1,False,True,False,,0.532258064516129,0.4714285714285714,,,,,,,,,,,,,,,,,3.0,3.0,0.0,True,4.0,4.0,0.0,True,,,,
source_tanimoto_property_oracle,mpair_00004144_cond_00_2p,mpair_00004144,eval,2,"LogP,HBD",C=C1C[C@@]23O[C@]2(c2ccccc21)C1CC(OC(=O)[C@H](O)[C@@H](NC(=O)OCC)c2ccc(Cl)cc2)C3(C)C1(C)C,C=C1C[C@@]23O[C@]2(c2ccccc21)C1CC(OC(=O)[C@H](O)[C@@H](NC(=O)NC(C)C)c2ccccc2)C3(C)C1(C)C,CCCCNC(=O)N[C@@H](c1ccccc1)[C@@H](O)C(=O)OC1CC2C(C)(C)C1(C)[C@@]13C[C@H](C)c4ccccc4[C@@]21O3,C=C1C[C@@]23O[C@]2(c2ccccc21)C1CC(OC(=O)CCc2ccccc2)C3C1,O=C(CCc1ccccc1)OC1CC2CC1[C@@]13CCc4ccccc4[C@@]21O3,False,True,False,,0.5106382978723404,0.5747126436781609,,,,,4.855400000000004,5.337400000000005,0.4820000000000011,True,,,,,,,,,3.0,3.0,0.0,True,,,,,,,,
source_tanimoto_property_oracle,mpair_00004731_cond_02_2p,mpair_00004731,eval,2,"HBD,RB",CS(=O)(=O)Nc1ccc(S(=O)(=O)c2ccc(CN)s2)cc1,CCOc1cc(S(C)(=O)=O)cc(S(=O)(=O)c2ccc(CN)s2)c1,CS(=O)(=O)Nc1ccc(S(=O)(=O)c2ccc(CN)s2)cc1,O=S(=O)(c1ccccc1)c1cccs1,O=S(=O)(c1ccccc1)c1cccs1,True,True,True,,1.0,0.5,,,,,,,,,,,,,,,,,1.0,2.0,1.0,True,,,,,6.0,5.0,1.0,True
source_tanimoto_property_oracle,mpair_00004777_cond_02_2p,mpair_00004777,eval,2,"MW,LogP",CC(C)OC(Cc1ccc(OCCc2noc(-c3cc(C(F)(F)F)cc(C(F)(F)F)c3)n2)cc1)C(=O)O,CC(C)OC(Cc1ccc(OCCc2noc(-c3ccccc3)n2)cc1)C(=O)O,CC(C)OC(Cc1ccc(OCc2noc(-c3cccc(F)c3)n2)cc1)C(=O)O,c1ccc(OCCc2noc(-c3ccccc3)n2)cc1,c1ccc(OCc2noc(-c3ccccc3)n2)cc1,False,True,False,,0.6285714285714286,0.6984126984126984,396.44300000000004,400.40600000000006,3.9630000000000223,True,3.778800000000002,3.8754000000000017,0.09659999999999958,True,,,,,,,,,,,,,,,,,,,,
source_tanimoto_property_oracle,mpair_00004817_cond_02_2p,mpair_00004817,eval,2,"LogP,RB",Cn1c(NC(=O)c2ccccc2)nc2ccccc2c1=O,CC(C)n1c(NC(=O)c2ccccc2)nc2ccccc2c1=O,CC(=O)Nn1c(-c2ccccc2)nc2ccccc2c1=O,O=C(Nc1nc2ccccc2c(=O)[nH]1)c1ccccc1,O=c1[nH]c(-c2ccccc2)nc2ccccc12,False,False,False,,0.42857142857142855,0.4117647058823529,,,,,3.229700000000001,2.1535,1.076200000000001,False,,,,,,,,,,,,,,,,,3.0,2.0,1.0,True
source_tanimoto_property_oracle,mpair_00004932_cond_01_2p,mpair_00004932,eval,2,"HBA,RB",Cc1cc(C)c(NC(=O)Nc2nc3ccccc3n2-c2c(Cl)cccc2Cl)c(C)c1,COc1ccccc1-n1c(NC(=O)Nc2c(C(C)C)cccc2C(C)C)nc2ccccc21,,O=C(Nc1ccccc1)Nc1nc2ccccc2n1-c1ccccc1,,False,False,False,empty_source_tanimoto_pool,0.0,0.0,,,,,,,,,,,,,,,,,,,,,4.0,,nan,False,6.0,,nan,False
source_tanimoto_property_oracle,mpair_00005350_cond_02_2p,mpair_00005350,eval,2,"MW,QED",O=C(Cc1nc2ccccc2c(=O)n1-c1ccccc1Br)c1ccncc1,Cc1ccccc1-n1c(CC(=O)c2ccncc2)nc2ccccc2c1=O,Cc1ccccc1-n1c(CC(=O)c2cccnc2)nc2ccccc2c1=O,O=C(Cc1nc2ccccc2c(=O)n1-c1ccccc1)c1ccncc1,O=C(Cc1nc2ccccc2c(=O)n1-c1ccccc1)c1cccnc1,False,True,False,,0.603448275862069,0.7884615384615384,355.3970000000001,355.3970000000001,0.0,True,,,,,0.5255607361183403,0.5255607361183403,0.0,True,,,,,,,,,,,,,,,,
source_tanimoto_property_oracle,mpair_00006468_cond_01_2p,mpair_00006468,eval,2,"TPSA,RB",O=[N+]([O-])c1ccc(-[n+]2noc([O-])n2)cc1,Cc1ccc(-[n+]2noc([O-])n2)cc1,,c1ccc(-[n+]2ncon2)cc1,,False,False,False,empty_source_tanimoto_pool,0.0,0.0,,,,,,,,,,,,,65.86,,nan,False,,,,,,,,,1.0,,nan,False
source_tanimoto_property_oracle,mpair_00006875_cond_01_2p,mpair_00006875,eval,2,"LogP,RB",CC(C(=O)N[C@H]1N=C(c2ccccc2)c2ccccc2N(C)C1=O)C(CO)c1ccc(F)c(F)c1,C[C@@H](C(=O)N[C@H]1N=C(c2ccccc2)c2ccccc2N(C)C1=O)[C@H](O)c1ccc(Cl)c(Cl)c1,CC(C(=O)N[C@H]1N=C(c2ccccc2)c2ccccc2N(C)C1=O)C(=O)c1ccc(Cl)c(Cl)c1,O=C(CCc1ccccc1)N[C@H]1N=C(c2ccccc2)c2ccccc2NC1=O,O=C(CC(=O)c1ccccc1)N[C@H]1N=C(c2ccccc2)c2ccccc2NC1=O,False,True,False,,0.5540540540540541,0.7230769230769231,,,,,4.619200000000005,4.768500000000004,0.14929999999999932,True,,,,,,,,,,,,,,,,,5.0,5.0,0.0,True
source_tanimoto_property_oracle,mpair_00007233_cond_01_2p,mpair_00007233,eval,2,"QED,HBA",CSc1cc(-c2ccccc2)c(-c2ccc(S(C)(=O)=O)cc2)c(=O)o1,CCc1cc(-c2ccccc2)c(-c2ccc(S(C)(=O)=O)cc2)c(=O)o1,Cc1cc(=O)c(-c2ccccc2)c(-c2ccc(S(C)(=O)=O)cc2)o1,O=c1occc(-c2ccccc2)c1-c1ccccc1,O=c1ccoc(-c2ccccc2)c1-c1ccccc1,False,True,False,,0.5,0.5,,,,,,,,,0.7117564278043503,0.7293404332619072,0.017584005457556895,True,,,,,,,,,4.0,4.0,0.0,True,,,,
source_tanimoto_property_oracle,mpair_00007263_cond_02_2p,mpair_00007263,eval,2,"MW,RB",COc1cc(-c2ccccc2)c(-c2ccc(S(C)(=O)=O)cc2)c(=O)o1,CC(C)Sc1cc(-c2ccccc2)c(-c2ccc(S(C)(=O)=O)cc2)c(=O)o1,Cc1cc(=O)c(Oc2ccccc2)c(-c2ccc(S(C)(=O)=O)cc2)o1,O=c1occc(-c2ccccc2)c1-c1ccccc1,O=c1ccoc(-c2ccccc2)c1Oc1ccccc1,False,False,False,,0.4107142857142857,0.36666666666666664,400.5210000000002,356.3990000000001,44.12200000000007,False,,,,,,,,,,,,,,,,,,,,,5.0,4.0,1.0,True
source_tanimoto_property_oracle,mpair_00007414_cond_02_2p,mpair_00007414,eval,2,"HBA,RB",c1ccc(CNCCOc2ccccc2)cc1,COc1ccc(OCCNCc2ccccc2)cc1,c1ccc(CNCCOc2cccc3[nH]ncc23)cc1,c1ccc(CNCCOc2ccccc2)cc1,c1ccc(CNCCOc2cccc3[nH]ncc23)cc1,False,True,False,,0.4883720930232558,0.4375,,,,,,,,,,,,,,,,,,,,,3.0,3.0,0.0,True,7.0,6.0,1.0,True
source_tanimoto_property_oracle,mpair_00007804_cond_01_2p,mpair_00007804,eval,2,"HBA,RB",CO[C@H]1O[C@H](CO)[C@H](O)[C@H](OCc2cc3ccccc3o/c2=N\S(=O)(=O)c2ccccc2)[C@H]1OC(C)=O,CO[C@H]1O[C@H](CO)[C@H](O)[C@H](OCc2cc3ccccc3o/c2=N\S(=O)(=O)c2ccccc2)[C@H]1O,,O=S(=O)(/N=c1\oc2ccccc2cc1COC1CCOCC1)c1ccccc1,,False,False,False,empty_source_tanimoto_pool,0.0,0.0,,,,,,,,,,,,,,,,,,,,,9.0,,nan,False,7.0,,nan,False
source_tanimoto_property_oracle,mpair_00007852_cond_02_2p,mpair_00007852,eval,2,"HBD,RB",CCO/C(O)=C1\C(C)=NC(C)=C(C(=O)OC)C1c1cccc(NC(=O)NCCCN2CCN(c3ccc(OC)cc3)CC2)c1,CCO/C(O)=C1\C(C)=NC(C)=C(C(=O)OC)C1c1cccc(NC(=O)NCCCN2CCN(c3cccc(O)c3)CC2)c1,COC(=O)C1=C(C)N=C(C)/C(=C(/O)OC)C1c1cccc(NC(=O)NCCCN2CCC(c3cccc(O)c3)CC2)c1,C=C1C=NC=CC1c1cccc(NC(=O)NCCCN2CCN(c3ccccc3)CC2)c1,C=C1C=NC=CC1c1cccc(NC(=O)NCCCN2CCC(c3ccccc3)CC2)c1,False,True,False,,0.6551724137931034,0.7349397590361446,,,,,,,,,,,,,,,,,4.0,4.0,0.0,True,,,,,10.0,9.0,1.0,True
source_tanimoto_property_oracle,mpair_00008342_cond_01_2p,mpair_00008342,eval,2,"HBA,RB",Cc1cnc2cc(C(F)(F)F)ccc2c1N1CC[C@H](C(=O)N2CCn3c(nnc3C(F)(F)F)C2)[C@H](C)C1,C[C@@H]1CN(c2ccnc3cc(OC(F)(F)F)ccc23)CC[C@@H]1C(=O)N1CCn2c(nnc2C(F)(F)F)C1,,O=C(C1CCN(c2ccnc3ccccc23)CC1)N1CCn2cnnc2C1,,False,False,False,empty_source_tanimoto_pool,0.0,0.0,,,,,,,,,,,,,,,,,,,,,7.0,,nan,False,3.0,,nan,False
source_tanimoto_property_oracle,mpair_00008369_cond_01_2p,mpair_00008369,eval,2,"HBA,RB",COc1ccnc(C[S+]([O-])c2nc3cc4c(cc3[nH]2)OC(F)(F)O4)c1C,COc1ccnc(C[S+]([O-])c2nc3cc4c(cc3[nH]2)OC(F)(F)O4)c1OC,COc1cc2[nH]c([S+]([O-])Cc3nccc(OC)c3OC)nc2cc1OC(F)F,c1ccc(C[SH+]c2nc3cc4c(cc3[nH]2)OCO4)nc1,c1ccc(C[SH+]c2nc3ccccc3[nH]2)nc1,False,False,False,,0.5441176470588235,0.6666666666666666,,,,,,,,,,,,,,,,,,,,,7.0,7.0,0.0,True,5.0,8.0,3.0,False
source_tanimoto_property_oracle,mpair_00008497_cond_01_2p,mpair_00008497,eval,2,"LogP,RB",COC(=O)C[C@H](O)C[C@H](O)CCn1c(C(C)C)cc(-c2ccc(F)cc2)c1-c1ccc(F)cc1,COC(=O)C[C@H](O)C[C@H](O)/C=C/n1c(C(C)C)cc(-c2cccc(Br)c2)c1-c1ccc(F)cc1,CC(C)c1cc(-c2ccncc2)c(-c2ccc(F)cc2)n1CC[C@@H]1C[C@@H](O)CC(=O)O1,c1ccc(-c2cc[nH]c2-c2ccccc2)cc1,O=C1CCC[C@@H](CCn2ccc(-c3ccncc3)c2-c2ccccc2)O1,False,False,False,,0.43243243243243246,0.3,,,,,5.992800000000005,4.936200000000007,1.0565999999999987,False,,,,,,,,,,,,,,,,,9.0,6.0,3.0,False
source_tanimoto_property_oracle,mpair_00008557_cond_02_2p,mpair_00008557,eval,2,"TPSA,HBA",O=c1[nH]c(=O)n(COCCO)cc1Cc1cccc(Oc2ccc(F)cc2)c1,O=c1[nH]c(=O)n(COC(CO)CO)cc1Cc1cccc(Oc2cccc(Cl)c2)c1,CCOc1cccc(Cc2cn(COCCO)c(=O)[nH]c2=O)c1,O=c1[nH]cc(Cc2cccc(Oc3ccccc3)c2)c(=O)[nH]1,O=c1[nH]cc(Cc2ccccc2)c(=O)[nH]1,False,False,False,,0.7068965517241379,0.5230769230769231,,,,,,,,,,,,,113.78000000000002,93.55000000000001,20.230000000000004,False,,,,,7.0,6.0,1.0,True,,,,
source_tanimoto_property_oracle,mpair_00008622_cond_01_2p,mpair_00008622,eval,2,"MW,QED",O=C1CCC(c2ccccc2)(C2CCN(Cc3cccc(I)c3)CC2)C(=O)N1,O=C1CCC(c2ccccc2)(C2CCN(Cc3cccc(F)c3)CC2)C(=O)N1,O=C1CCC(c2ccccc2)(C2CCN(Cc3ccc(Br)cc3)CC2)C(=O)N1,O=C1CCC(c2ccccc2)(C2CCN(Cc3ccccc3)CC2)C(=O)N1,O=C1CCC(c2ccccc2)(C2CCN(Cc3ccccc3)CC2)C(=O)N1,True,False,False,,0.6964285714285714,0.6964285714285714,380.4630000000001,441.3690000000001,60.906000000000006,False,,,,,0.8272851211582444,0.7293114830256031,0.09797363813264126,True,,,,,,,,,,,,,,,,
source_tanimoto_property_oracle,mpair_00008864_cond_02_2p,mpair_00008864,eval,2,"QED,RB",C[C@]12CC[C@@H]3c4ccc(O)cc4CC[C@H]3[C@@H]1CC[C@@H]2O,COc1ccc2c(c1)CC[C@@H]1[C@@H]2CC[C@]2(C)[C@@H](O)CC[C@@H]12,COc1ccc2c(cc1=O)CC[C@@H]1[C@@H]2CC[C@]2(C)[C@@H](O)CC[C@@H]12,c1ccc2c(c1)CC[C@@H]1[C@@H]2CCC2CCC[C@H]21,O=c1cccc2c(c1)CC[C@@H]1[C@@H]2CCC2CCC[C@H]21,False,True,False,,0.6862745098039216,0.7307692307692307,,,,,,,,,0.847817286403045,0.8651545061318847,0.017337219728839726,True,,,,,,,,,,,,,1.0,1.0,0.0,True
source_tanimoto_property_oracle,mpair_00009986_cond_00_2p,mpair_00009986,eval,2,"MW,LogP",Cc1cc(-n2ncc(=O)[nH]c2=O)ccc1S(=O)(=O)N1CCOCC1,O=c1cnn(-c2cc(Cl)c(S(=O)(=O)N3CCOCC3)c(Cl)c2)c(=O)[nH]1,O=c1cnn(-c2ccc(S(=O)(=O)c3ccc([N+](=O)[O-])cc3)cc2)c(=O)[nH]1,O=c1cnn(-c2ccc(S(=O)(=O)N3CCOCC3)cc2)c(=O)[nH]1,O=c1cnn(-c2ccc(S(=O)(=O)c3ccccc3)cc2)c(=O)[nH]1,False,True,False,,0.4067796610169492,0.3793103448275862,407.2350000000002,374.33400000000006,32.901000000000124,True,0.24849999999999955,0.6617999999999999,0.4133000000000004,True,,,,,,,,,,,,,,,,,,,,
source_tanimoto_property_oracle,mpair_00010788_cond_00_2p,mpair_00010788,eval,2,"HBA,RB",O=C(O)c1cn(C2CC2)c2c(F)c(N3C[C@@H]4CCCN[C@@H]4C3)c(F)cc2c1=O,COc1c(N2C[C@@H]3CCCN[C@@H]3C2)c(F)cc2c(=O)c(C(=O)O)cn(C3CC3)c12,COc1c(N2CCNCC2)c(F)cc2c(=O)c(C(=O)O)cn(C3CC3)c12,O=c1ccn(C2CC2)c2cc(N3C[C@@H]4CCCN[C@@H]4C3)ccc12,O=c1ccn(C2CC2)c2cc(N3CCNCC3)ccc12,False,True,False,,0.5507246376811594,0.696969696969697,,,,,,,,,,,,,,,,,,,,,6.0,6.0,0.0,True,4.0,4.0,0.0,True
source_tanimoto_property_oracle,mpair_00010827_cond_00_2p,mpair_00010827,eval,2,"LogP,HBA",CCCN(CCC)c1c(O)nc(-c2c(C)cc(C)cc2OC)nc1CC,CCCN(CCC)c1c(C)nc(-c2c(OC)cccc2OC)nc1O,CCCN(CCC)c1c(C)nc(-c2c(C)cc(C)cc2C)n(CC)c1=O,c1ccc(-c2ncccn2)cc1,O=c1ccnc(-c2ccccc2)[nH]1,False,False,False,,0.41379310344827586,0.3508771929824561,,,,,3.801220000000003,4.790280000000004,0.9890600000000007,True,,,,,,,,,,,,,6.0,4.0,2.0,False,,,,
source_tanimoto_property_oracle,mpair_00011637_cond_02_2p,mpair_00011637,eval,2,"TPSA,HBA",N#Cc1cccc(OC[C@@H]2CCCN2)c1,Fc1cc(F)cc(OC[C@@H]2CCCN2)c1,Fc1ccc(-c2cc(OC[C@@H]3CCCN3)cnc2Cl)cn1,c1ccc(OC[C@@H]2CCCN2)cc1,c1cncc(-c2cncc(OC[C@@H]3CCCN3)c2)c1,False,False,False,,0.42857142857142855,0.5,,,,,,,,,,,,,21.259999999999998,47.04,25.78,False,,,,,2.0,4.0,2.0,False,,,,
source_tanimoto_property_oracle,mpair_00011970_cond_00_2p,mpair_00011970,eval,2,"HBA,RB",CC1(C)C2CC[C@@]1(CS(=O)(=O)N1CCC3(C=Cc4ccc(F)cc43)CC1)C(=O)C2,COc1ccc2c(c1)C=CC21CCN(S(=O)(=O)C[C@]23CCC(CC2=O)C3(C)C)CC1,CC1(C)C2CC[C@@]1(CS(=O)(=O)N1CCC3(C=Cc4ccccc43)CC1)C(=O)C2,O=C1CC2CC[C@]1(CS(=O)(=O)N1CCC3(C=Cc4ccccc43)CC1)C2,O=C1CC2CC[C@]1(CS(=O)(=O)N1CCC3(C=Cc4ccccc43)CC1)C2,True,True,True,,0.7666666666666667,0.7419354838709677,,,,,,,,,,,,,,,,,,,,,4.0,3.0,1.0,True,4.0,3.0,1.0,True
source_tanimoto_property_oracle,mpair_00011999_cond_00_2p,mpair_00011999,eval,2,"QED,HBA",CSC(=O)Nc1cnc(-c2ccccc2)n(CC(=O)NC(C(=O)C(F)(F)F)C(C)C)c1=O,CC(C)C(NC(=O)Cn1c(-c2ccccc2)ncc(NC(=O)C(F)(F)F)c1=O)C(=O)C(F)(F)F,CC(C)C(NC(=O)Cn1c(-c2ccccc2)ccc(NC(=O)C(=O)O)c1=O)C(=O)C(F)(F)F,O=c1ccnc(-c2ccccc2)[nH]1,O=c1cccc(-c2ccccc2)[nH]1,False,True,False,,0.6119402985074627,0.6507936507936508,,,,,,,,,0.5780139226597643,0.5319737894835601,0.046040133176204145,True,,,,,,,,,6.0,6.0,0.0,True,,,,
source_tanimoto_property_oracle,mpair_00012879_cond_00_2p,mpair_00012879,eval,2,"TPSA,HBA",CC(C)(c1cc(O)ccc1F)C(C)(C)c1cc(O)ccc1F,COc1ccc(O)cc1C(C)(C)C(C)(C)c1cc(O)ccc1OC,,c1ccc(CCc2ccccc2)cc1,,False,False,False,empty_source_tanimoto_pool,0.0,0.0,,,,,,,,,,,,,58.92,,nan,False,,,,,4.0,,nan,False,,,,
source_tanimoto_property_oracle,mpair_00013177_cond_02_2p,mpair_00013177,eval,2,"TPSA,RB",NC(=O)N/N=C/c1c(N)nc(N)nc1OCC1CCCCC1,Nc1nc(N)c(N)c(OCC2CCCCC2)n1,COc1ccc(Nc2nc(N)nc(OCC3CCCCC3)c2N=O)cc1,c1cc(OCC2CCCCC2)ncn1,c1ccc(Nc2cc(OCC3CCCCC3)ncn2)cc1,False,False,False,,0.417910447761194,0.42857142857142855,,,,,,,,,,,,,113.07,111.72,1.3499999999999943,True,,,,,,,,,3.0,7.0,4.0,False
source_tanimoto_property_oracle,mpair_00013243_cond_00_2p,mpair_00013243,eval,2,"MW,HBA",COc1ccc2c3c1OC1C(=O)[C@@H](C)CC4(O)C(C2)N(CC2CCC2)CCC314,O=C1CCC2C3Cc4ccc(O)c5c4C2(CCN3CC2CCC2)C1O5,CCC[C@H]1CC(=O)C2Oc3c(OC)ccc4c3C23CCN(C)C(C4)C13,O=C1CCC2C3Cc4cccc5c4C2(CCN3CC2CCC2)C1O5,O=C1CCC2C3Cc4cccc5c4C2(CCN3)C1O5,False,True,False,,0.4024390243902439,0.379746835443038,339.4350000000001,341.45100000000014,2.0160000000000196,True,,,,,,,,,,,,,,,,,4.0,4.0,0.0,True,,,,
source_tanimoto_property_oracle,mpair_00013573_cond_01_2p,mpair_00013573,eval,2,"HBA,RB",O=C1CCC(CNC(=O)c2ccccc2)(c2ccccc2)CC1,COc1cccc(C(=O)NCC2(c3ccccc3)CCC(=O)CC2)c1,COc1ccccc1C(=O)NC[C@]1(c2ccccc2)CC[C@H](NC(=O)c2ccccc2)CC1,O=C1CCC(CNC(=O)c2ccccc2)(c2ccccc2)CC1,O=C(NC[C@]1(c2ccccc2)CC[C@H](NC(=O)c2ccccc2)CC1)c1ccccc1,False,False,False,,0.4909090909090909,0.47619047619047616,,,,,,,,,,,,,,,,,,,,,3.0,3.0,0.0,True,5.0,7.0,2.0,False
source_tanimoto_property_oracle,mpair_00013606_cond_01_2p,mpair_00013606,eval,2,"QED,HBD",Cc1ncccc1-c1ncc(Cl)cc1-c1ccc(S(C)(=O)=O)cc1,CS(=O)(=O)c1ccc(-c2cc(Cl)cnc2-c2ccc(CO)nc2)cc1,Cc1ccncc1-c1cc(F)c(F)cc1-c1ccc(S(C)(=O)=O)cc1,c1ccc(-c2cccnc2-c2cccnc2)cc1,c1ccc(-c2ccccc2-c2cccnc2)cc1,False,True,False,,0.42592592592592593,0.3448275862068966,,,,,,,,,0.7569286028251322,0.6960490171979825,0.06087958562714968,True,,,,,1.0,0.0,1.0,True,,,,,,,,
source_tanimoto_property_oracle,mpair_00013958_cond_00_2p,mpair_00013958,eval,2,"HBA,RB",Cn1c2ccccc2n2c(=O)c(-c3ccccc3)nnc12,COc1ccc(-c2nnc3n(C)c4ccccc4n3c2=O)cc1,Cn1c2ccccc2n2c(=O)cnnc12,O=c1c(-c2ccccc2)nnc2[nH]c3ccccc3n12,O=c1cnnc2[nH]c3ccccc3n12,False,False,False,,0.525,0.45652173913043476,,,,,,,,,,,,,,,,,,,,,6.0,5.0,1.0,True,2.0,0.0,2.0,False
source_tanimoto_property_oracle,mpair_00014112_cond_02_2p,mpair_00014112,eval,2,"QED,RB",CCCCNc1nc(C)nc(Sc2nnc3c4ccccc4n(C)c3n2)n1,Cc1nc(NC(C)(C)C)nc(Sc2nnc3c4ccccc4n(C)c3n2)n1,Cc1nc(Sc2nnc3c4ccccc4n(C)c3n2)nc(N2CCCCC2)n1,c1ccc2c(c1)[nH]c1nc(Sc3ncncn3)nnc12,c1ccc2c(c1)[nH]c1nc(Sc3ncnc(N4CCCCC4)n3)nnc12,False,True,False,,0.5714285714285714,0.6101694915254238,,,,,,,,,0.5780050241000559,0.5255532624230409,0.05245176167701504,True,,,,,,,,,,,,,3.0,3.0,0.0,True
source_tanimoto_property_oracle,mpair_00014576_cond_01_2p,mpair_00014576,eval,2,"TPSA,HBA",O=C(NO)C1(NS(=O)(=O)c2ccc(Oc3ccc(F)cc3)cc2)CCOCC1,N#Cc1ccc(Oc2ccc(S(=O)(=O)NC3(C(=O)NO)CCOCC3)cc2)cc1,O=C(NO)C1(NS(=O)(=O)c2ccc(Oc3ccc(F)cc3)cc2)CCS(=O)(=O)CC1,O=S(=O)(NC1CCOCC1)c1ccc(Oc2ccccc2)cc1,O=S1(=O)CCC(NS(=O)(=O)c2ccc(Oc3ccccc3)cc2)CC1,False,True,False,,0.74,0.5517241379310345,,,,,,,,,,,,,137.74999999999997,138.87,1.120000000000033,True,,,,,7.0,7.0,0.0,True,,,,
source_tanimoto_property_oracle,mpair_00014920_cond_02_2p,mpair_00014920,eval,2,"MW,LogP",C=C(C(=O)c1ccccc1)n1ccccc1=O,CC/C=C(\C(=O)c1ccc(Cl)cc1)n1ccccc1=O,C=C(Cn1ccccc1=O)C(=O)c1ccc(Cl)cc1,C=C(C(=O)c1ccccc1)n1ccccc1=O,C=C(Cn1ccccc1=O)C(=O)c1ccccc1,False,True,False,,0.4318181818181818,0.4897959183673469,287.74600000000004,273.71899999999994,14.0270000000001,True,3.635500000000003,2.940800000000001,0.6947000000000019,True,,,,,,,,,,,,,,,,,,,,
source_tanimoto_property_oracle,mpair_00015987_cond_01_2p,mpair_00015987,eval,2,"MW,LogP",C[C@@H](NS(=O)(=O)c1ccccc1)C(=O)NC1=NN=C(c2ccc(Br)cc2)CS1,C[C@H](NS(=O)(=O)c1ccccc1)C(=O)NC1=NN=C(c2ccc(F)cc2)CS1,CC(C)[C@@H](NS(=O)(=O)c1ccc(-c2ccc(Br)cc2)cc1)C(=O)O,O=C(CNS(=O)(=O)c1ccccc1)NC1=NN=C(c2ccccc2)CS1,c1ccc(-c2ccccc2)cc1,False,False,False,,0.423728813559322,0.3125,420.49100000000016,412.30500000000006,8.186000000000092,True,2.1157999999999997,3.5036000000000014,1.3878000000000017,False,,,,,,,,,,,,,,,,,,,,
source_tanimoto_property_oracle,mpair_00016522_cond_01_2p,mpair_00016522,eval,2,"LogP,RB",CCN(CC)CCCNc1nccc2c1c1cnccc1n2C,CCN(CC)CCCCNc1ncc(C)c2c1c1cnccc1n2C,CCN(CC)CCCNc1ncc(C)c2c1c1cc(O)ccc1n2C,c1cc2[nH]c3ccncc3c2cn1,c1ccc2c(c1)[nH]c1ccncc12,False,True,False,,0.5245901639344263,0.6896551724137931,,,,,3.963820000000003,3.8843200000000024,0.07950000000000035,True,,,,,,,,,,,,,,,,,8.0,7.0,1.0,True
source_tanimoto_property_oracle,mpair_00016970_cond_02_2p,mpair_00016970,eval,2,"TPSA,HBA",CCCc1c(OCCCOc2cc3c(cc2C(C)=O)CCC(C(=O)O)O3)ccc(C(C)=O)c1O,CCCc1c(OCCCOc2cc(O)c(C(C)=O)cc2CC)ccc2c1OC(C(=O)O)CC2,CCCc1c(OCCCCCOc2ccc3c(c2)OC(C(=O)O)CC3)ccc(C(C)=O)c1O,c1ccc(OCCCOc2ccc3c(c2)OCCC3)cc1,c1ccc(OCCCCCOc2ccc3c(c2)OCCC3)cc1,False,True,False,,0.796875,0.581081081081081,,,,,,,,,,,,,102.29,102.29,0.0,True,,,,,6.0,6.0,0.0,True,,,,
source_tanimoto_property_oracle,mpair_00017118_cond_01_2p,mpair_00017118,eval,2,"HBD,HBA",COc1ccccc1N1CCN(c2cc3c(cc2N)c(=O)c(C(=O)O)cn3C(C)(C)C)CC1,COc1ccccc1N1CCN(c2c(F)cc3c(=O)c(C(=O)O)cn(CCN(C)C)c3c2OC(F)F)CC1,COc1ccc(N2CCN(c3cc4c(cc3N)c(=O)c(C(=O)O)cn4C(C)(C)C)CC2)cc1,O=c1cc[nH]c2cc(N3CCN(c4ccccc4)CC3)ccc12,O=c1cc[nH]c2cc(N3CCN(c4ccccc4)CC3)ccc12,True,True,True,,0.75,0.31868131868131866,,,,,,,,,,,,,,,,,1.0,2.0,1.0,True,8.0,7.0,1.0,True,,,,
source_tanimoto_property_oracle,mpair_00017134_cond_02_2p,mpair_00017134,eval,2,"HBA,RB",COc1ccc(N2CCN(c3cc4c(cc3N)c(=O)c(C(=O)O)cn4C(C)(C)C)CC2)cc1,CC(C)(C)n1cc(C(=O)O)c(=O)c2cc(N)c(N3CCN(c4ccc(F)cc4)CC3)cc21,Nc1cc2c(=O)c(C(=O)O)cn(C3CC3)c2cc1N1CCC(O)CC1,O=c1cc[nH]c2cc(N3CCN(c4ccccc4)CC3)ccc12,O=c1ccn(C2CC2)c2cc(N3CCCCC3)ccc12,False,True,False,,0.48484848484848486,0.5,,,,,,,,,,,,,,,,,,,,,6.0,6.0,0.0,True,3.0,3.0,0.0,True
source_tanimoto_property_oracle,mpair_00017188_cond_00_2p,mpair_00017188,eval,2,"HBA,RB",COc1ccc(C2(CCc3ccc(O)cc3)CC(=O)C(Sc3cc(C)c(CO)cc3C(C)(C)C)=C(O)O2)cc1,Cc1cc(SC2=C(O)OC(CCc3cccc(O)c3)(c3ccccc3)CC2=O)c(C(C)(C)C)cc1CO,Cc1cc(SC2=C(O)OC(CCc3ccc(CO)s3)(C(C)C)CC2=O)c(C(C)(C)C)cc1CO,O=C1CC(CCc2ccccc2)(c2ccccc2)OC=C1Sc1ccccc1,O=C1CC(CCc2cccs2)OC=C1Sc1ccccc1,False,True,False,,0.5301204819277109,0.5432098765432098,,,,,,,,,,,,,,,,,,,,,6.0,7.0,1.0,True,7.0,8.0,1.0,True
source_tanimoto_property_oracle,mpair_00000006_cond_01_3p,mpair_00000006,eval,3,"MW,LogP,QED",O=C(c1ccccc1F)N1C[C@H](CN2CCC(c3ccccc3)CC2)[C@@H](c2ccccc2)C1,O=C(c1ccccc1C(F)(F)F)N1C[C@H](CN2CCC(c3ccccc3)CC2)[C@@H](c2ccccc2)C1,Fc1cccc([C@H]2CN(Cc3ccccc3)C[C@@H]2CN2CCC(c3ccccc3)CC2)c1,O=C(c1ccccc1)N1C[C@H](CN2CCC(c3ccccc3)CC2)[C@@H](c2ccccc2)C1,c1ccc(CN2C[C@H](CN3CCC(c4ccccc4)CC3)[C@@H](c3ccccc3)C2)cc1,False,False,False,,0.4918032786885246,0.4461538461538462,492.5850000000002,428.5950000000002,63.99000000000001,False,6.4408000000000065,5.920900000000006,0.5199000000000007,True,0.4092272471712491,0.48074045150679606,0.07151320433554698,True,,,,,,,,,,,,,,,,
source_tanimoto_property_oracle,mpair_00000773_cond_01_3p,mpair_00000773,eval,3,"MW,LogP,RB",C=CCc1cc(/C=C2\SC(=O)N(CC=C(C)C)C2=O)c(OC)cc1OC1CCCCO1,C=CCc1cc(/C=C2\SC(=O)N(C)C2=O)c(OC)cc1OC1CCCCO1,C=CCc1cc(/C=C2\SC(=O)N(CC=C(C)C)C2=O)c(OC)cc1O,O=C1NC(=O)/C(=C/c2ccc(OC3CCCCO3)cc2)S1,O=C1NC(=O)/C(=C/c2ccccc2)S1,False,True,False,,0.6764705882352942,0.4861111111111111,389.4730000000002,359.44700000000006,30.026000000000124,True,3.9952000000000023,4.131800000000005,0.13660000000000228,True,,,,,,,,,,,,,,,,,6.0,6.0,0.0,True
source_tanimoto_property_oracle,mpair_00001243_cond_01_3p,mpair_00001243,eval,3,"LogP,HBA,RB",CNc1nc(N)nc(O)c1C=O,CC(C)Nc1nc(N)nc(O)c1N=O,Nc1nc(O)c(C=O)c(NCCCCc2ccccc2)n1,c1cncnc1,c1ccc(CCCCNc2ccncn2)cc1,False,False,False,,0.4782608695652174,0.2909090909090909,,,,,0.9825999999999997,2.0117,1.0291000000000001,False,,,,,,,,,,,,,7.0,6.0,1.0,True,3.0,7.0,4.0,False
source_tanimoto_property_oracle,mpair_00002396_cond_01_3p,mpair_00002396,eval,3,"LogP,QED,HBA",CN(C)CCCOc1cc(C(=O)Nc2cc(F)cc(C(F)(F)F)c2)n(Cc2ccccc2)n1,COc1ccc(NC(=O)c2cc(OCCCN(C)C)nn2Cc2ccccc2)cc1,,O=C(Nc1ccccc1)c1ccnn1Cc1ccccc1,,False,False,False,empty_source_tanimoto_pool,0.0,0.0,,,,,3.522800000000002,,nan,False,0.5200250404910086,,nan,False,,,,,,,,,6.0,,nan,False,,,,
source_tanimoto_property_oracle,mpair_00002436_cond_00_3p,mpair_00002436,eval,3,"LogP,TPSA,HBA",CSc1cc(-c2ccc(Br)cc2)oc(=O)c1C#N,CSc1cc(-c2ccc(Br)cc2)oc(=O)c1Cl,CSc1cc(-c2ccncc2)oc(=O)c1Br,O=c1cccc(-c2ccccc2)o1,O=c1cccc(-c2ccncc2)o1,False,False,False,,0.5,0.5348837209302325,,,,,4.444600000000002,3.1862000000000013,1.2584000000000009,False,,,,,30.21,43.1,12.89,True,,,,,3.0,4.0,1.0,True,,,,
source_tanimoto_property_oracle,mpair_00002496_cond_00_3p,mpair_00002496,eval,3,"QED,TPSA,RB",COc1ccc(C(=O)Nc2c(Cl)cncc2Cl)c2ccc(C(C)=O)nc12,COc1ccc(C(=O)Nc2ccncc2Cl)c2cccnc12,COc1ccc(C(=O)Nc2c(Cl)cncc2Cl)c2cc(C#N)oc12,O=C(Nc1ccncc1)c1cccc2ncccc12,O=C(Nc1ccncc1)c1cccc2occc12,False,False,False,,0.532258064516129,0.417910447761194,,,,,,,,,0.8029165077767629,0.7518632655808588,0.051053242195904125,True,64.11,88.14999999999999,24.039999999999992,False,,,,,,,,,3.0,3.0,0.0,True
source_tanimoto_property_oracle,mpair_00002929_cond_02_3p,mpair_00002929,eval,3,"MW,QED,TPSA",Clc1ccc(Nc2nc(N3CCOCC3)nc3ccccc23)cc1,COC(=O)c1ccc2c(Nc3ccc(Cl)cc3)nc(N3CCOCC3)nc2c1,CN1CCCC1CCNc1nc(Nc2ccc(Cl)cc2)nc2ccccc12,c1ccc(Nc2nc(N3CCOCC3)nc3ccccc23)cc1,c1ccc(Nc2nc(NCCC3CCCN3)c3ccccc3n2)cc1,False,False,False,,0.4153846153846154,0.2875,398.85000000000025,381.9110000000001,16.939000000000135,True,,,,,0.6719222545699903,0.6340787451021438,0.03784350946784654,True,76.58,53.08,23.5,False,,,,,,,,,,,,
source_tanimoto_property_oracle,mpair_00003586_cond_02_3p,mpair_00003586,eval,3,"LogP,HBA,RB",CSc1ccc(Cn2ccc3c4c(N)nc(N)nc4ccc32)cc1,CC(C)(C)c1ccc(Cn2ccc3c4c(N)nc(N)nc4ccc32)cc1,,c1ccc(Cn2ccc3c4cncnc4ccc32)cc1,,False,False,False,empty_source_tanimoto_pool,0.0,0.0,,,,,4.094700000000002,,nan,False,,,,,,,,,,,,,5.0,,nan,False,2.0,,nan,False
source_tanimoto_property_oracle,mpair_00003910_cond_01_3p,mpair_00003910,eval,3,"LogP,QED,RB",CC1=CC2Cc3nc4cc(C)ccc4c(N)c3C(C1)C2,CCCCC1=CC2Cc3nc4ccccc4c(N)c3C(C1)C2,CC1=CC2Cc3nc4cc(Cl)ccc4c(NCCO)c3C(C1)C2,C1=CC2Cc3nc4ccccc4cc3C(C1)C2,C1=CC2Cc3nc4ccccc4cc3C(C1)C2,True,True,True,,0.5081967213114754,0.3287671232876712,,,,,4.983300000000003,4.288400000000003,0.6949000000000005,True,0.8099373252527274,0.8261574151418123,0.016220089889084854,True,,,,,,,,,,,,,3.0,3.0,0.0,True
source_tanimoto_property_oracle,mpair_00003929_cond_01_3p,mpair_00003929,eval,3,"QED,TPSA,HBA",OC(c1ccc(F)cc1)(c1ccc(F)cc1)C1CCN(CCCNc2ccccc2)CC1,Cc1ccc(O)c(NCCCN2CCC(C(O)(c3ccccc3)c3ccc(Cl)cc3)CC2)c1,CC(=O)c1ccc(OCCCN2CCC(C(O)(c3ccc(F)cc3)c3ccc(F)cc3)CC2)c(C)c1,c1ccc(NCCCN2CCC(C(c3ccccc3)c3ccccc3)CC2)cc1,c1ccc(OCCCN2CCC(C(c3ccccc3)c3ccccc3)CC2)cc1,False,True,False,,0.484375,0.3717948717948718,,,,,,,,,0.2908765692038643,0.2982197789994037,0.007343209795539429,True,55.730000000000004,49.769999999999996,5.960000000000008,True,,,,,4.0,4.0,0.0,True,,,,
source_tanimoto_property_oracle,mpair_00004149_cond_02_3p,mpair_00004149,eval,3,"LogP,HBA,RB",C=C1C[C@@]23O[C@]2(c2ccccc21)C1CC(OC(=O)[C@H](O)[C@@H](NC(=O)OCC)c2ccc(OC)cc2)C3(C)C1(C)C,C=C1C[C@@]23O[C@]2(c2ccccc21)C1CC(OC(=O)[C@H](O)[C@@H](NC(=O)OCC)c2ccc(Cl)cc2)C3(C)C1(C)C,CC(C)NC(=O)N[C@@H](c1ccsc1)[C@@H](O)C(=O)OC1CC2C(C)(C)C1(C)[C@@]13CC(C)c4ccccc4[C@@]21O3,C=C1C[C@@]23O[C@]2(c2ccccc21)C1CC(OC(=O)CCc2ccccc2)C3C1,O=C(CCc1ccsc1)OC1CC2CC1[C@@]13CCc4ccccc4[C@@]21O3,False,True,False,,0.45918367346938777,0.4639175257731959,,,,,5.547300000000005,5.0072000000000045,0.5401000000000007,True,,,,,,,,,,,,,6.0,6.0,0.0,True,6.0,6.0,0.0,True
source_tanimoto_property_oracle,mpair_00004730_cond_00_3p,mpair_00004730,eval,3,"LogP,HBA,RB",CN(C)S(=O)(=O)c1cccc(S(=O)(=O)c2ccc(CN)s2)c1,CCOc1cc(S(C)(=O)=O)cc(S(=O)(=O)c2ccc(CN)s2)c1,,O=S(=O)(c1ccccc1)c1cccs1,,False,False,False,empty_source_tanimoto_pool,0.0,0.0,,,,,1.8418,,nan,False,,,,,,,,,,,,,7.0,,nan,False,6.0,,nan,False
source_tanimoto_property_oracle,mpair_00004833_cond_00_3p,mpair_00004833,eval,3,"LogP,HBD,RB",CC(C)(C)OC(=O)Nc1cnn2c1n[n+]([O-])c1ccc(Cl)cc12,CCOC(=O)c1cnn2c1n[n+]([O-])c1ccc(Cl)cc12,Cn1cnc(-c2cnn3c2n[n+]([O-])c2ccc(Cl)cc23)n1,c1ccc2c(c1)[nH+]nc1ccnn12,c1ccc2c(c1)[nH+]nc1c(-c3nc[nH]n3)cnn12,False,True,False,,0.47692307692307695,0.5081967213114754,,,,,1.3459999999999996,0.9647999999999999,0.38119999999999976,True,,,,,,,,,0.0,0.0,0.0,True,,,,,2.0,1.0,1.0,True
source_tanimoto_property_oracle,mpair_00005154_cond_00_3p,mpair_00005154,eval,3,"MW,QED,HBA",COC(=O)[C@H]1C[C@@H](C(=O)O)N1,COC(=O)[C@@H]1C[C@@H](C(=O)OC(C)(C)C)N1,O=C(O)[C@@H]1CCC[C@@H](C(=O)O)N1,C1CNC1,C1CCNCC1,False,False,False,,0.4444444444444444,0.2727272727272727,215.249,173.16800000000003,42.08099999999996,False,,,,,0.6679892922393487,0.5317466933750912,0.1362425988642575,False,,,,,,,,,5.0,3.0,2.0,False,,,,
source_tanimoto_property_oracle,mpair_00005176_cond_02_3p,mpair_00005176,eval,3,"QED,HBA,RB",COc1ccc2c(c1)C(NCCOc1cc(F)ccc1F)CCS2(=O)=O,O=S1(=O)CCC(NCCOc2cc(F)ccc2F)c2cc(F)ccc21,NC(=O)c1ccc2c(c1)C(NCCOc1cc(F)ccc1F)CCS2(=O)=O,O=S1(=O)CCC(NCCOc2ccccc2)c2ccccc21,O=S1(=O)CCC(NCCOc2ccccc2)c2ccccc21,True,True,True,,0.7096774193548387,0.8,,,,,,,,,0.6485702797426979,0.7275585946389558,0.0789883148962579,True,,,,,,,,,4.0,5.0,1.0,True,5.0,6.0,1.0,True
source_tanimoto_property_oracle,mpair_00005384_cond_02_3p,mpair_00005384,eval,3,"LogP,TPSA,HBA",CCCN(CCC)C(=O)c1sc(Nc2c(Cl)cc(Cl)cc2Cl)nc1C,COCCN(CCOC)C(=O)c1sc(Nc2c(Cl)cc(Cl)cc2Cl)nc1C,CCCN(Cc1sc(Nc2c(Cl)cc(Cl)cc2Cl)nc1C)CC1CC1,c1ccc(Nc2nccs2)cc1,c1ccc(Nc2ncc(CNCC3CC3)s2)cc1,False,False,False,,0.5423728813559322,0.4461538461538462,,,,,4.8903200000000036,6.777320000000004,1.8870000000000005,False,,,,,63.690000000000005,28.16,35.53,False,,,,,6.0,4.0,2.0,False,,,,
source_tanimoto_property_oracle,mpair_00005878_cond_00_3p,mpair_00005878,eval,3,"LogP,QED,RB",CCN(CC)c1ccc(/C=C2\CC/C(=C\c3ccc(N(CCC(=O)O)CCC(=O)O)cc3)C2=O)cc1,CN(CCC(=O)O)c1ccc(/C=C2\CC/C(=C\c3ccc(N(C)CCC(=O)O)cc3)C2=O)cc1,,O=C1/C(=C/c2ccccc2)CC/C1=C\c1ccccc1,,False,False,False,empty_source_tanimoto_pool,0.0,0.0,,,,,4.338300000000003,,nan,False,0.5070136745133651,,nan,False,,,,,,,,,,,,,10.0,,nan,False
source_tanimoto_property_oracle,mpair_00006073_cond_00_3p,mpair_00006073,eval,3,"LogP,HBA,RB",CC(C)(C)c1ccc(-c2ccc(CN3[C@@H](C(=O)NO)CCCS3(=O)=O)cc2)cc1,COc1ccc(-c2ccc(CN3[C@@H](C(=O)NO)CCCS3(=O)=O)cc2)cc1,,O=S1(=O)CCCCN1Cc1ccc(-c2ccccc2)cc1,,False,False,False,empty_source_tanimoto_pool,0.0,0.0,,,,,2.1617999999999995,,nan,False,,,,,,,,,,,,,5.0,,nan,False,5.0,,nan,False
source_tanimoto_property_oracle,mpair_00006845_cond_01_3p,mpair_00006845,eval,3,"MW,LogP,QED",CC(CCN1CCC(c2ccccc2)CC1)(CN1C(=O)N[C@H](Cc2c[nH]c3ccccc23)C1=O)c1cccc(Cl)c1,O=C1N[C@H](Cc2c[nH]c3ccccc23)C(=O)N1CC(CCN1CCC(c2ccccc2)CC1)c1ccccc1,O=C1N[C@H](Cc2c[nH]c3ccccc23)C(=O)N1CC(CCN1CCC(c2ccccc2)CC1)c1cccc(Cl)c1,O=C1N[C@H](Cc2c[nH]c3ccccc23)C(=O)N1CC(CCN1CCC(c2ccccc2)CC1)c1ccccc1,O=C1N[C@H](Cc2c[nH]c3ccccc23)C(=O)N1CC(CCN1CCC(c2ccccc2)CC1)c1ccccc1,True,True,True,,0.6585365853658537,0.8529411764705882,520.6770000000004,555.1220000000004,34.44500000000005,True,5.684300000000007,6.337700000000007,0.6534000000000004,True,0.2789586572255103,0.23727081899203312,0.04168783823347716,True,,,,,,,,,,,,,,,,
source_tanimoto_property_oracle,mpair_00007221_cond_00_3p,mpair_00007221,eval,3,"LogP,TPSA,HBA",CC12CCC3C(C(=O)C=C4CCCCC43C=O)C1CCC2=O,CC12CCC3C(C(=O)C=C4CCCCC43C)C1CCC2=O,C[C@]12C[C@@H](S)C(=O)C=C1CCC1C2CC[C@]2(C)C(=O)CCC12,O=C1CCC2C1CCC1C3CCCCC3=CC(=O)C21,O=C1C=C2CCC3C4CCC(=O)C4CCC3C2CC1,False,True,False,,0.43636363636363634,0.5208333333333334,,,,,4.087400000000003,3.995700000000003,0.09170000000000034,True,,,,,34.14,34.14,0.0,True,,,,,2.0,3.0,1.0,True,,,,
source_tanimoto_property_oracle,mpair_00007435_cond_01_3p,mpair_00007435,eval,3,"LogP,HBA,RB",O=C(O)CN1C(=O)C(=O)N(Cc2ccccc2Cl)C1=O,COc1ccccc1CN1C(=O)C(=O)N(CC(=O)O)C1=O,,O=C1NC(=O)N(Cc2ccccc2)C1=O,,False,False,False,empty_source_tanimoto_pool,0.0,0.0,,,,,0.07060000000000016,,nan,False,,,,,,,,,,,,,5.0,,nan,False,5.0,,nan,False
source_tanimoto_property_oracle,mpair_00007456_cond_02_3p,mpair_00007456,eval,3,"QED,TPSA,HBA",O=C(O)CN1C(=O)C(=O)N(Cc2ccc(F)cc2)C1=O,O=C(O)CN1C(=O)C(=O)N(Cc2ccccc2[N+](=O)[O-])C1=O,O=C(O)CN1C(=O)C(=O)N(CCCCc2ccccc2)C1=O,O=C1NC(=O)N(Cc2ccccc2)C1=O,O=C1NC(=O)N(CCCCc2ccccc2)C1=O,False,False,False,,0.4883720930232558,0.4583333333333333,,,,,,,,,0.3485679851412651,0.45828532808081235,0.10971734293954727,False,138.13,94.99000000000001,43.139999999999986,False,,,,,6.0,4.0,2.0,False,,,,
source_tanimoto_property_oracle,mpair_00007823_cond_02_3p,mpair_00007823,eval,3,"MW,HBA,RB",COc1cc2ncc(C#N)c(Nc3ccc(F)c(Cl)c3)c2cc1NC(=O)/C=C/C(C)N1CCOCC1,N#Cc1cnc2ccc(NC(=O)/C=C/CN3CCOCC3)cc2c1Nc1ccc(F)c(Cl)c1,COc1cc2c(Nc3ccc(Cl)cc3Cl)c(C#N)cnc2cc1OCC1CCN(C)CC1,O=C(/C=C/CN1CCOCC1)Nc1ccc2nccc(Nc3ccccc3)c2c1,c1ccc(Nc2ccnc3cc(OCC4CCNCC4)ccc23)cc1,False,True,False,,0.41237113402061853,0.31958762886597936,465.91600000000017,471.3880000000004,5.472000000000207,True,,,,,,,,,,,,,,,,,6.0,6.0,0.0,True,6.0,6.0,0.0,True
source_tanimoto_property_oracle,mpair_00007849_cond_00_3p,mpair_00007849,eval,3,"TPSA,HBD,HBA",CCO/C(O)=C1\C(C)=NC(C)=C(C(=O)OC)C1c1cccc(NC(=O)NCCCN2CCN(c3ccccc3)CC2)c1,CCO/C(O)=C1\C(C)=NC(C)=C(C(=O)OC)C1c1cccc(NC(=O)NCCCN2CCN(c3cccc(O)c3)CC2)c1,COC(=O)C1=C(C)N=C(C)/C(=C(/O)OC)C1c1cccc(N/C(=N/CCCN2CCC(c3ccccc3)CC2)NC#N)c1,C=C1C=NC=CC1c1cccc(NC(=O)NCCCN2CCN(c3ccccc3)CC2)c1,C=C1C=NC=CC1c1cccc(N/C=N/CCCN2CCC(c3ccccc3)CC2)c1,False,True,False,,0.5319148936170213,0.494949494949495,,,,,,,,,,,,,135.95999999999998,131.57,4.389999999999986,True,4.0,3.0,1.0,True,9.0,8.0,1.0,True,,,,
source_tanimoto_property_oracle,mpair_00008148_cond_02_3p,mpair_00008148,eval,3,"LogP,TPSA,HBD",CCN(CC)CC(O)Cn1c2ccccc2c(=O)c2cccc(C(=O)O)c21,CC(C)N(CC(O)Cn1c2ccccc2c(=O)c2cccc(Cl)c21)C(C)C,O=c1c2ccccc2n(CC(O)CN2CCC(N3CCCCC3)CC2)c2c(Cl)cccc12,O=c1c2ccccc2[nH]c2ccccc12,O=c1c2ccccc2n(CCCN2CCC(N3CCCCC3)CC2)c2ccccc12,False,True,False,,0.4,0.5483870967741935,,,,,4.287800000000003,4.1193000000000035,0.16849999999999987,True,,,,,45.47,48.71000000000001,3.240000000000009,True,1.0,1.0,0.0,True,,,,,,,,
source_tanimoto_property_oracle,mpair_00008198_cond_02_3p,mpair_00008198,eval,3,"MW,TPSA,HBA",OC1Cc2ccccc2CC1N1CCC(c2ccccc2)CC1,CC(=O)Nc1cccc2c1CC(N1CCC(c3ccccc3)CC1)C(O)C2,O=C(c1ccccc1)N1CCC[C@@H]2C[C@@H](O)[C@H](N3CCC(c4ccccc4)CC3)C[C@H]21,c1ccc(C2CCN(C3CCc4ccccc4C3)CC2)cc1,O=C(c1ccccc1)N1CCC[C@@H]2CC[C@H](N3CCC(c4ccccc4)CC3)C[C@H]21,False,False,False,,0.46153846153846156,0.40625,364.4890000000001,418.58100000000024,54.092000000000155,False,,,,,,,,,52.57000000000001,43.78000000000001,8.79,True,,,,,3.0,3.0,0.0,True,,,,
source_tanimoto_property_oracle,mpair_00008355_cond_01_3p,mpair_00008355,eval,3,"LogP,QED,RB",CCc1c(O)c(C(=O)NCC(=O)O)c2ncnn2c1CC,CCCCCc1cc(O)c(C(=O)NCC(=O)O)c2ncnn12,O=C(O)CNC(=O)c1c(O)cc(CCc2ccccc2)c2ncnn12,c1ccn2ncnc2c1,c1ccc(CCc2cccn3ncnc23)cc1,False,True,False,,0.4262295081967213,0.4603174603174603,,,,,0.9820000000000002,1.0344999999999995,0.052499999999999325,True,0.6565019717290547,0.6170384154207647,0.039463556308290015,True,,,,,,,,,,,,,7.0,6.0,1.0,True
source_tanimoto_property_oracle,mpair_00008374_cond_02_3p,mpair_00008374,eval,3,"LogP,HBA,RB",CC[C@H](C)C(=O)O[C@H]1CCC=C2C=C[C@H](C)[C@H](CCC(=O)C[C@@H](O)CC(=O)O)[C@H]21,CC[C@H](C)C(=O)O[C@H]1CCC=C2C=C[C@H](C)[C@H](COC(=O)C[C@@H](O)CC(=O)O)[C@H]21,CC[C@H](C)C(=O)O[C@@H]1CCC=C2C=C[C@@H](C)[C@@H](COC(=O)CCCC(=O)O)[C@@H]21,C1=CC2=CCCC[C@@H]2CC1,C1=CC2=CCCC[C@H]2CC1,False,False,False,,0.6470588235294118,0.7619047619047619,,,,,2.8717000000000006,3.9009000000000027,1.0292000000000021,False,,,,,,,,,,,,,6.0,5.0,1.0,True,9.0,9.0,0.0,True
source_tanimoto_property_oracle,mpair_00008508_cond_01_3p,mpair_00008508,eval,3,"MW,LogP,QED",CC(C)COc1ccc(Cc2ccc(NC3=NCCN3)cc2)cc1,COc1ccc(Cc2ccc(NC3=NCCN3)cc2)cc1,COc1ccc(Oc2ccc(NC3=NCCN3)cc2)cc1,c1ccc(Cc2ccc(NC3=NCCN3)cc2)cc1,c1ccc(Oc2ccc(NC3=NCCN3)cc2)cc1,False,True,False,,0.5416666666666666,0.7692307692307693,281.359,283.331,1.9720000000000368,True,2.6571000000000007,2.858600000000001,0.20150000000000023,True,0.905384090862648,0.9056496967214667,0.0002656058588186294,True,,,,,,,,,,,,,,,,
source_tanimoto_property_oracle,mpair_00008601_cond_00_3p,mpair_00008601,eval,3,"MW,LogP,QED",Cc1cc2c(cc1C(F)(F)F)N(C(=O)Nc1cnc(OCc3ccccn3)c(C)c1)CC2,O=C(Nc1ccc(OCc2ccccn2)nc1)N1CCc2c(Cl)cccc21,COc1cc2c(cc1C(F)(F)C(F)(F)F)N(C(=O)Nc1cccnc1)CC2,O=C(Nc1ccc(OCc2ccccn2)nc1)N1CCc2ccccc21,O=C(Nc1cccnc1)N1CCc2ccccc21,False,True,False,,0.4935064935064935,0.3333333333333333,380.8350000000002,387.30800000000005,6.472999999999843,True,4.303600000000003,4.338900000000003,0.03530000000000033,True,0.7321782006044687,0.7976313501156745,0.06545314951120584,True,,,,,,,,,,,,,,,,
source_tanimoto_property_oracle,mpair_00008643_cond_00_3p,mpair_00008643,eval,3,"MW,QED,RB",COc1ccccc1N1CCN(C(=O)c2cc3ccccc3[nH]2)CC1,CC(C)Nc1ccc(F)cc1N1CCN(C(=O)c2cc3ccccc3[nH]2)CC1,O=C(c1cc2ccc(O)cc2[nH]1)N1CCC(COc2ccccc2)CC1,O=C(c1cc2ccccc2[nH]1)N1CCN(c2ccccc2)CC1,O=C(c1cc2ccccc2[nH]1)N1CCC(COc2ccccc2)CC1,False,True,False,,0.4,0.3424657534246575,380.4670000000001,350.41800000000006,30.049000000000035,True,,,,,0.7168114142147228,0.7519883471678598,0.03517693295313695,True,,,,,,,,,,,,,4.0,4.0,0.0,True
source_tanimoto_property_oracle,mpair_00008657_cond_02_3p,mpair_00008657,eval,3,"MW,LogP,QED",CC(C)Nc1cc(C(F)(F)F)ccc1N1CCN(C(=O)c2cc3ccccc3[nH]2)CC1,CC(C)Nc1ccc(F)cc1N1CCN(C(=O)c2cc3ccccc3[nH]2)CC1,CCN(CC)c1cccnc1N1CCN(C(=O)c2cc3ccccc3[nH]2)CC1,O=C(c1cc2ccccc2[nH]1)N1CCN(c2ccccc2)CC1,O=C(c1cc2ccccc2[nH]1)N1CCN(c2ccccn2)CC1,False,True,False,,0.4383561643835616,0.463768115942029,380.4670000000001,377.4920000000001,2.9750000000000227,True,4.089700000000003,3.371500000000002,0.7182000000000013,True,0.7168114142147228,0.7406755957573553,0.02386418154263248,True,,,,,,,,,,,,,,,,
source_tanimoto_property_oracle,mpair_00008740_cond_02_3p,mpair_00008740,eval,3,"MW,HBD,HBA",CC(=O)Oc1ccc(-c2c(C)c3cc(OC(C)=O)ccc3n2Cc2ccc(C#N)cc2)cc1,Cc1ccc(Cn2c(-c3ccc(O)cc3)c(C)c3cc(O)ccc32)cc1,CC(=O)Oc1ccc(-c2c(C)c3ccc(OC(C)=O)cc3n2-c2ccccc2)cc1,c1ccc(Cn2c(-c3ccccc3)cc3ccccc32)cc1,c1ccc(-c2cc3ccccc3n2-c2ccccc2)cc1,False,False,False,,0.45161290322580644,0.25806451612903225,343.4260000000001,399.4460000000001,56.01999999999998,False,,,,,,,,,,,,,2.0,0.0,2.0,False,3.0,5.0,2.0,False,,,,
source_tanimoto_property_oracle,mpair_00009355_cond_01_3p,mpair_00009355,eval,3,"MW,QED,RB",O=C(NCCc1c[nH]c2ccccc12)C1CC1,COc1ccc2[nH]c(C)c(CCNC(=O)C3CC3)c2c1,COc1ccc2[nH]cc(CCNC(=O)C3CC3)c2c1,O=C(NCCc1c[nH]c2ccccc12)C1CC1,O=C(NCCc1c[nH]c2ccccc12)C1CC1,True,True,True,,0.6530612244897959,0.6481481481481481,272.34799999999996,258.3209999999999,14.027000000000044,True,,,,,0.8785652510386628,0.8638639944264449,0.014701256612217883,True,,,,,,,,,,,,,5.0,5.0,0.0,True
source_tanimoto_property_oracle,mpair_00009969_cond_00_3p,mpair_00009969,eval,3,"TPSA,HBD,HBA",CN1C(=O)C(Cc2ccc3ccccc3c2)N=C(c2ccc(O)cc2)c2cc(Cl)ccc21,CN1C(=O)C(Cc2ccc3ccccc3c2)N=C(c2ccccc2)c2cc(Cl)ccc21,CN1C(=O)CN=C(c2ccccc2)c2cc(Cl)ccc21,O=C1Nc2ccccc2C(c2ccccc2)=NC1Cc1ccc2ccccc2c1,O=C1CN=C(c2ccccc2)c2ccccc2N1,False,True,False,,0.4153846153846154,0.4915254237288136,,,,,,,,,,,,,32.67,32.67,0.0,True,0.0,0.0,0.0,True,2.0,2.0,0.0,True,,,,
source_tanimoto_property_oracle,mpair_00010012_cond_00_3p,mpair_00010012,eval,3,"MW,LogP,HBD",O=c1cc(-c2ccccc2)oc2cc(OCC(O)CNCc3ccccc3)ccc12,CC(C)N(Cc1ccccc1)CC(O)COc1ccc2c(=O)cc(-c3ccccc3)oc2c1,CCCNCC(O)COc1ccc2c(=O)c(Cc3ccccc3)c(-c3ccccc3)oc2c1,O=c1cc(-c2ccccc2)oc2cc(OCCCNCc3ccccc3)ccc12,O=c1c(Cc2ccccc2)c(-c2ccccc2)oc2ccccc12,False,True,False,,0.5588235294117647,0.4666666666666667,443.5430000000002,443.5430000000001,5.684341886080802e-14,True,5.110300000000005,4.790100000000004,0.3202000000000007,True,,,,,,,,,1.0,2.0,1.0,True,,,,,,,,
source_tanimoto_property_oracle,mpair_00010795_cond_01_3p,mpair_00010795,eval,3,"LogP,HBA,RB",O=C(O)c1cn(C2CC2)c2c(Cl)c(N3C[C@@H]4CCCN[C@@H]4C3)c(F)cc2c1=O,COc1c(N2C[C@@H]3CCCN[C@@H]3C2)c(F)cc2c(=O)c(C(=O)O)cn(C3CC3)c12,COc1c(N2CC(C)NC(C)C2)c(F)cc2c(=O)c(C(=O)O)cn(C3CC3)c12,O=c1ccn(C2CC2)c2cc(N3C[C@@H]4CCCN[C@@H]4C3)ccc12,O=c1ccn(C2CC2)c2cc(N3CCNCC3)ccc12,False,True,False,,0.5277777777777778,0.7121212121212122,,,,,2.3705000000000007,2.3689,0.001600000000000712,True,,,,,,,,,,,,,6.0,6.0,0.0,True,4.0,4.0,0.0,True
source_tanimoto_property_oracle,mpair_00010894_cond_02_3p,mpair_00010894,eval,3,"LogP,TPSA,RB",N[C@@H](Cc1c[nH]c2ccccc12)C(=O)N1Cc2ccccc2C[C@H]1C(=O)N[C@@H](CS)C(=O)O,NC(=O)C[C@H](NC(=O)[C@@H]1Cc2ccccc2CN1C(=O)[C@@H](N)Cc1c[nH]c2ccccc12)C(=O)O,NC(N)=NCCC[C@H](N)C(=O)N[C@@H](Cc1c[nH]c2ccccc12)C(=O)O,O=C(CCc1c[nH]c2ccccc12)N1CCc2ccccc2C1,c1ccc2[nH]ccc2c1,False,True,False,,0.4230769230769231,0.4358974358974359,,,,,0.4360000000000033,-0.339299999999998,0.7753000000000012,True,,,,,171.60999999999999,172.60999999999999,1.0,True,,,,,,,,,8.0,9.0,1.0,True
source_tanimoto_property_oracle,mpair_00011108_cond_02_3p,mpair_00011108,eval,3,"MW,LogP,QED",Cc1nn(-c2cccc(Br)c2)c2c1c(O)nc1ccccc12,COc1cccc(-n2nc(C)c3c(O)nc4ccccc4c32)c1,Cc1nn(-c2ccccc2)c2c1c(=O)n(C)c1ccccc21,c1ccc(-n2ncc3cnc4ccccc4c32)cc1,O=c1[nH]c2ccccc2c2c1cnn2-c1ccccc1,False,True,False,,0.42592592592592593,0.42592592592592593,305.33700000000005,289.33799999999997,15.99900000000008,True,3.596320000000002,3.1858200000000014,0.41050000000000075,True,0.6145221270807419,0.5396882524727463,0.07483387460799562,True,,,,,,,,,,,,,,,,
source_tanimoto_property_oracle,mpair_00012044_cond_01_3p,mpair_00012044,eval,3,"LogP,HBA,RB",COc1ccccc1N1CCN(c2nc3ccccc3s2)CC1,Clc1cccc(N2CCN(c3nc4ccccc4s3)CC2)c1,COc1ccccc1N1CCN(CC2CC(=O)c3ccsc3C2)CC1,c1ccc(N2CCN(c3nc4ccccc4s3)CC2)cc1,O=C1CC(CN2CCN(c3ccccc3)CC2)Cc2sccc21,False,False,False,,0.4067796610169492,0.18571428571428572,,,,,4.276300000000003,3.3240000000000016,0.952300000000001,True,,,,,,,,,,,,,4.0,5.0,1.0,True,2.0,4.0,2.0,False
source_tanimoto_property_oracle,mpair_00012894_cond_01_3p,mpair_00012894,eval,3,"TPSA,HBA,RB",COc1ccc(O)cc1C(C)(C)C(C)(C)c1cc(O)ccc1OC,Cc1ccc(O)cc1C(C)(C)C(C)(C)c1cc(O)ccc1C,CC(C)(c1cc(O)ccc1F)C(C)(C)c1cc(O)ccc1F,c1ccc(CCc2ccccc2)cc1,c1ccc(CCc2ccccc2)cc1,True,True,True,,0.5333333333333333,0.5925925925925926,,,,,,,,,,,,,40.46,40.46,0.0,True,,,,,2.0,2.0,0.0,True,3.0,3.0,0.0,True
source_tanimoto_property_oracle,mpair_00013346_cond_02_3p,mpair_00013346,eval,3,"MW,LogP,QED",NC(=O)c1nnn(Cc2cc(Cl)cc(Cl)c2)c1N,NC(=O)c1nnn(Cc2ccccc2)c1N,N#Cc1ccc(C(=O)c2c(Cl)cc(Cn3nnc(C(N)=O)c3N)cc2Cl)cc1,c1ccc(Cn2ccnn2)cc1,O=C(c1ccccc1)c1ccc(Cn2ccnn2)cc1,False,False,False,,0.5769230769230769,0.5384615384615384,217.23200000000003,415.2400000000001,198.0080000000001,False,0.007499999999999285,2.4169799999999997,2.4094800000000003,False,0.7556774416955722,0.61342974534326,0.14224769635231216,False,,,,,,,,,,,,,,,,
source_tanimoto_property_oracle,mpair_00013968_cond_00_3p,mpair_00013968,eval,3,"QED,HBD,RB",O=C(O)CCN1C(=O)CCC1=O,CCOC(=O)CCN1C(=O)CCC1=O,O=C(O)CCN1C(=O)c2ccccc2C1=O,O=C1CCC(=O)N1,O=C1NC(=O)c2ccccc21,False,False,False,,0.4838709677419355,0.2682926829268293,,,,,,,,,0.4751411200089623,0.7612503670946251,0.2861092470856628,False,,,,,0.0,1.0,1.0,True,,,,,4.0,3.0,1.0,True
source_tanimoto_property_oracle,mpair_00014573_cond_00_3p,mpair_00014573,eval,3,"LogP,TPSA,HBA",O=C(NO)C1(NS(=O)(=O)c2ccc(Oc3cccc(Cl)c3)cc2)CCOCC1,N#Cc1ccc(Oc2ccc(S(=O)(=O)NC3(C(=O)NO)CCOCC3)cc2)cc1,O=C(NO)C1(NS(=O)(=O)c2ccc(Oc3cc(Cl)ccn3)cc2)CCOCC1,O=S(=O)(NC1CCOCC1)c1ccc(Oc2ccccc2)cc1,O=S(=O)(NC1CCOCC1)c1ccc(Oc2ccccn2)cc1,False,True,False,,0.711864406779661,0.6065573770491803,,,,,1.6834799999999996,1.8601999999999999,0.1767200000000002,True,,,,,137.74999999999997,126.85000000000001,10.899999999999963,True,,,,,7.0,7.0,0.0,True,,,,
source_tanimoto_property_oracle,mpair_00014658_cond_01_3p,mpair_00014658,eval,3,"LogP,HBD,HBA",Cc1nn2c(C)nnc2cc1Cc1ccccc1Cl,Cc1nn2c(N)nnc2cc1Cc1ccc(F)cc1,,c1ccc(Cc2cnn3cnnc3c2)cc1,,False,False,False,empty_source_tanimoto_pool,0.0,0.0,,,,,1.7448199999999994,,nan,False,,,,,,,,,1.0,,nan,False,5.0,,nan,False,,,,
source_tanimoto_property_oracle,mpair_00014900_cond_01_3p,mpair_00014900,eval,3,"TPSA,HBD,HBA",COC(=O)CCc1c(SSc2[nH]c3ccccc3c2CCC(=O)OC)[nH]c2ccccc12,Cc1ccc2[nH]c(SSc3[nH]c4ccc(C)cc4c3CCC(=O)O)c(CCC(=O)O)c2c1,Cc1ccc2c(CCC(=O)O)c(SSc3[nH]c4cc(C)ccc4c3CCC(=O)O)[nH]c2c1,c1ccc2[nH]c(SSc3cc4ccccc4[nH]3)cc2c1,c1ccc2[nH]c(SSc3cc4ccccc4[nH]3)cc2c1,True,True,True,,0.5,0.8,,,,,,,,,,,,,106.17999999999999,106.18,1.4210854715202004e-14,True,4.0,4.0,0.0,True,4.0,4.0,0.0,True,,,,
source_tanimoto_property_oracle,mpair_00016521_cond_02_3p,mpair_00016521,eval,3,"MW,QED,RB",CCCN(CCC)CCCNc1ncc(C)c2c1c1cnccc1n2C,CCN(CC)CCCNc1nccc2c1c1cnccc1n2C,CCN(CC)CCCNc1ncc(C)c2c1c1ccccc1n2C,c1cc2[nH]c3ccncc3c2cn1,c1ccc2c(c1)[nH]c1ccncc12,False,True,False,,0.6666666666666666,0.5517241379310345,311.43300000000005,324.47200000000004,13.038999999999987,True,,,,,0.6803351574377275,0.6619381701457637,0.018396987291963818,True,,,,,,,,,,,,,7.0,7.0,0.0,True
source_tanimoto_property_oracle,mpair_00017102_cond_02_3p,mpair_00017102,eval,3,"MW,HBA,RB",Nc1cc(C(=O)N2CCCC2)cn2nc(-c3ccc(Br)o3)nc12,COC[C@H]1CCCN1C(=O)c1cc(N)c2nc(-c3ccc(Br)o3)nn2c1,Nc1cc(C(=O)N2CCCC2)cn2nc(-c3ccco3)nc12,O=C(c1ccc2nc(-c3ccco3)nn2c1)N1CCCC1,O=C(c1ccc2nc(-c3ccco3)nn2c1)N1CCCC1,True,False,False,,0.6909090909090909,0.4583333333333333,420.26700000000005,297.31800000000004,122.94900000000001,False,,,,,,,,,,,,,,,,,7.0,6.0,1.0,True,4.0,2.0,2.0,False
source_tanimoto_property_oracle,mpair_00017142_cond_00_3p,mpair_00017142,eval,3,"MW,QED,RB",CCCCN1C(=O)CCC1(O)c1cccc(C(F)(F)F)c1,CN1C(=O)CCC1(O)c1ccccc1,,O=C1CCC(c2ccccc2)N1,,False,False,False,empty_source_tanimoto_pool,0.0,0.0,191.23000000000002,,nan,False,,,,,0.7213181648262305,,nan,False,,,,,,,,,,,,,1.0,,nan,False
source_tanimoto_property_oracle,mpair_00017198_cond_02_3p,mpair_00017198,eval,3,"QED,HBD,RB",CC(C)c1cccc(C(C)C)c1NC(=O)NCC(NCc1ccc(O)c(CN(C)C)c1)c1ccccc1,COc1ccc(CNC(CNC(=O)Nc2c(C(C)C)cccc2C(C)C)c2ccccc2)cc1,COc1ccc(CNC(CNC(=O)Nc2c(C(C)C)cccc2C(C)C)Cc2ccccc2)cc1,O=C(NCC(NCc1ccccc1)c1ccccc1)Nc1ccccc1,O=C(NCC(Cc1ccccc1)NCc1ccccc1)Nc1ccccc1,False,True,False,,0.4788732394366197,0.7368421052631579,,,,,,,,,0.32023292526518016,0.29924707008703205,0.020985855178148105,True,,,,,3.0,3.0,0.0,True,,,,,10.0,11.0,1.0,True
source_tanimoto_property_oracle,mpair_00000521_cond_02_4p,mpair_00000521,eval,4,"MW,QED,HBA,RB",CSC1=C(C(=O)O)N2C(=O)[C@@H](NC(=O)[C@H](N)c3ccccc3)[C@H]2CC1,N[C@@H](C(=O)N[C@@H]1C(=O)N2C(C(=O)O)=C(C(F)(F)F)CC[C@H]12)c1ccc(F)cc1,CC1=C(C(=O)O)N2C(=O)C(NC(=O)C(N)c3ccc4c(c3)CCO4)C2SC1,O=C(Cc1ccccc1)N[C@@H]1C(=O)N2C=CCC[C@H]12,O=C(Cc1ccc2c(c1)CCO2)NC1C(=O)N2C=CCSC12,False,False,False,,0.42105263157894735,0.3924050632911392,401.3160000000001,389.4330000000002,11.882999999999868,True,,,,,0.5187711593734389,0.6364922270206816,0.11772106764724277,False,,,,,,,,,4.0,6.0,2.0,False,4.0,4.0,0.0,True
source_tanimoto_property_oracle,mpair_00000980_cond_02_4p,mpair_00000980,eval,4,"QED,HBD,HBA,RB",Cc1ccc(N2CCN(CCC3NC(=O)c4ccccc43)CC2)cc1C,COc1ccc(N2CCN(CCC3c4ccccc4C(=O)N3C)CC2)cc1,Cc1ccnc(N2CCN(CCC3NC(=O)c4ccccc43)CC2)c1,O=C1NC(CCN2CCN(c3ccccc3)CC2)c2ccccc21,O=C1NC(CCN2CCN(c3ccccn3)CC2)c2ccccc21,False,False,False,,0.6379310344827587,0.36231884057971014,,,,,,,,,0.8160326048332845,0.9312949438521504,0.11526233901886584,False,,,,,0.0,1.0,1.0,True,4.0,4.0,0.0,True,5.0,4.0,1.0,True
source_tanimoto_property_oracle,mpair_00001400_cond_02_4p,mpair_00001400,eval,4,"MW,QED,TPSA,RB",Nc1nc(O)c(N=O)c(NCCCO)n1,CNc1nc(N)nc(O)c1N=O,Nc1nc(O)c(N=O)c(NCCCO)n1,c1cncnc1,c1cncnc1,True,False,False,,1.0,0.5789473684210527,169.144,213.19699999999995,44.05299999999994,False,,,,,0.5448299298561337,0.3977619077750839,0.14706802208104974,False,113.49000000000001,133.72,20.22999999999999,False,,,,,,,,,2.0,5.0,3.0,False
source_tanimoto_property_oracle,mpair_00002461_cond_00_4p,mpair_00002461,eval,4,"MW,LogP,QED,RB",CSc1nc(-c2ccc(Cl)cc2)nn1C(=O)N(C)c1ccccc1,CN(C(=O)n1nc(-c2ccc(Cl)cc2)nc1SCC(F)(F)F)c1ccccc1,CSc1nc(-c2ccc(Cl)cc2)nn1C(=O)N1CCOCC1,O=C(Nc1ccccc1)n1cnc(-c2ccccc2)n1,O=C(N1CCOCC1)n1cnc(-c2ccccc2)n1,False,False,False,,0.5357142857142857,0.3880597014925373,426.8510000000001,338.82000000000016,88.03099999999995,False,5.357400000000003,2.620700000000001,2.7367000000000017,False,0.5270344401044634,0.7876920618965246,0.2606576217920612,False,,,,,,,,,,,,,4.0,2.0,2.0,False
source_tanimoto_property_oracle,mpair_00002499_cond_02_4p,mpair_00002499,eval,4,"MW,LogP,QED,RB",COc1ccc(C(=O)Nc2ccncc2Cl)c2cccnc12,CCc1ccc2c(C(=O)Nc3c(Cl)cncc3Cl)ccc(OC)c2n1,COc1ccc(C(=O)Nc2ncncc2Cl)c2cc(C(C)=O)oc12,O=C(Nc1ccncc1)c1cccc2ncccc12,O=C(Nc1ccncn1)c1cccc2occc12,False,False,False,,0.45454545454545453,0.4057971014492754,376.2430000000001,345.74200000000013,30.500999999999976,True,4.759900000000003,3.3397000000000014,1.4202000000000012,False,0.7131894410136064,0.7286188206081692,0.015429379594562809,True,,,,,,,,,,,,,4.0,4.0,0.0,True
source_tanimoto_property_oracle,mpair_00002521_cond_00_4p,mpair_00002521,eval,4,"MW,LogP,QED,RB",CCc1ccc2c(C(=O)Nc3c(Cl)cncc3Cl)ccc(OC)c2n1,COc1ccc(C(=O)Nc2ccncc2Cl)c2cccnc12,,O=C(Nc1ccncc1)c1cccc2ncccc12,,False,False,False,empty_source_tanimoto_pool,0.0,0.0,313.744,,nan,False,3.544100000000002,,nan,False,0.8029165077767629,,nan,False,,,,,,,,,,,,,3.0,,nan,False
source_tanimoto_property_oracle,mpair_00003414_cond_00_4p,mpair_00003414,eval,4,"MW,LogP,QED,RB",COc1cccc(N(Cc2cccnc2)S(=O)(=O)CC(F)(F)F)c1,CC(C)COc1cccc(N(Cc2cccnc2)S(=O)(=O)CC(F)(F)F)c1,CCS(=O)(=O)N(Cc1cccnc1)c1cccc(C(O)c2ccccc2)c1,c1ccc(NCc2cccnc2)cc1,c1ccc(Cc2cccc(NCc3cccnc3)c2)cc1,False,True,False,,0.5,0.49230769230769234,402.43800000000005,382.4850000000001,19.952999999999918,True,4.015100000000003,3.5196000000000023,0.4955000000000007,True,0.6693605971809802,0.6787037886470156,0.009343191466035461,True,,,,,,,,,,,,,8.0,7.0,1.0,True
source_tanimoto_property_oracle,mpair_00003597_cond_00_4p,mpair_00003597,eval,4,"LogP,QED,HBD,HBA",Clc1ccnc(SCc2ccc3ccccc3c2)n1,Nc1cc(O)nc(SCc2ccc3ccccc3c2)n1,Nc1cc(Cl)nc(SCc2cccc(Cl)c2)n1,c1cnc(SCc2ccc3ccccc3c2)nc1,c1ccc(CSc2ncccn2)cc1,False,True,False,,0.4166666666666667,0.46808510638297873,,,,,3.209900000000001,3.6579000000000015,0.4480000000000004,True,0.5701925246200975,0.5312506386578882,0.038941885962209266,True,,,,,2.0,1.0,1.0,True,5.0,4.0,1.0,True,,,,
source_tanimoto_property_oracle,mpair_00003911_cond_02_4p,mpair_00003911,eval,4,"MW,QED,HBD,RB",CC1=CC2Cc3nc4cc(Cl)ccc4c(NCCO)c3C(C1)C2,CC1=CC2Cc3nc4cc(C)ccc4c(N)c3C(C1)C2,CC1=C[C@@H]2Cc3nc4cc(F)ccc4c(N)c3[C@H](C1)C2,C1=CC2Cc3nc4ccccc4cc3C(C1)C2,C1=C[C@@H]2Cc3nc4ccccc4cc3[C@H](C1)C2,False,True,False,,0.49206349206349204,0.7872340425531915,264.372,268.33500000000004,3.9630000000000223,True,,,,,0.7268324945600372,0.7346314661405667,0.007798971580529557,True,,,,,1.0,1.0,0.0,True,,,,,0.0,0.0,0.0,True
source_tanimoto_property_oracle,mpair_00004139_cond_00_4p,mpair_00004139,eval,4,"QED,TPSA,HBD,HBA",C=C1C[C@@]23O[C@]2(c2ccccc21)C1CC(OC(=O)[C@H](O)[C@@H](NC(=O)OCC)c2ccccc2)C3(C)C1(C)C,C=C1C[C@@]23O[C@]2(c2ccccc21)C1CC(OC(=O)[C@H](O)[C@@H](NC(=O)OCC)c2ccc(O)cc2)C3(C)C1(C)C,COC(=O)N[C@@H](c1ccncc1)[C@@H](O)C(=O)OC1CC2C(C)(C)C1(C)[C@@]13C[C@]4(CO4)c4ccccc4[C@@]21O3,C=C1C[C@@]23O[C@]2(c2ccccc21)C1CC(OC(=O)CCc2ccccc2)C3C1,O=C(CCc1ccncc1)OC1CC2CC1[C@@]13C[C@]4(CO4)c4ccccc4[C@@]21O3,False,True,False,,0.5647058823529412,0.5454545454545454,,,,,,,,,0.36696171310609477,0.45555563775535485,0.08859392464926008,True,117.62,122.81000000000002,5.190000000000012,True,3.0,2.0,1.0,True,7.0,8.0,1.0,True,,,,
source_tanimoto_property_oracle,mpair_00004722_cond_02_4p,mpair_00004722,eval,4,"MW,LogP,HBD,RB",CC(C)N1C(=O)CC(C)(C)c2cc(C#Cc3ccc(C(=O)O)cc3)ccc21,CC1(C)CC(=O)Nc2ccc(C#Cc3ccc(C(=O)O)cc3)cc21,CC1(C)CCNc2ccc(C#Cc3ccc(C(=O)O)cc3)cc21,O=C1CCc2cc(C#Cc3ccccc3)ccc2N1,C(#Cc1ccc2c(c1)CCCN2)c1ccccc1,False,True,False,,0.48214285714285715,0.6595744680851063,319.36,305.377,13.983000000000004,True,3.4044000000000016,3.8778000000000024,0.4734000000000007,True,,,,,,,,,2.0,2.0,0.0,True,,,,,1.0,1.0,0.0,True
source_tanimoto_property_oracle,mpair_00004797_cond_00_4p,mpair_00004797,eval,4,"QED,TPSA,HBD,HBA",CN(C)CCN1C(=O)c2cccc3c2c(cc2cccc(O)c23)C1=O,CN(C)CCN1C(=O)c2cccc3c2c(cc2cccc(Cl)c23)C1=O,Cc1c2ccccc2c2c3c(cccc13)C(=O)N(CCN(C)C)C2=O,O=C1NC(=O)c2cc3ccccc3c3cccc1c23,O=C1NC(=O)c2c3ccccc3cc3cccc1c23,False,True,False,,0.5283018867924528,0.5283018867924528,,,,,,,,,0.5314347605523635,0.5446833369284737,0.01324857637611021,True,40.620000000000005,40.620000000000005,0.0,True,0.0,0.0,0.0,True,3.0,3.0,0.0,True,,,,
source_tanimoto_property_oracle,mpair_00004842_cond_01_4p,mpair_00004842,eval,4,"MW,QED,HBA,RB",CCOC(=O)c1cnn2c1n[n+]([O-])c1ccc(Cl)cc12,C/C(=N\C(=O)c1cnn2c1n[n+]([O-])c1ccc(Cl)cc12)N(C)C,Cc1nc(-c2cnn3c2n[n+]([O-])c2ccc(Cl)cc23)nn1C,c1ccc2c(c1)[nH+]nc1ccnn12,c1ccc2c(c1)[nH+]nc1c(-c3nc[nH]n3)cnn12,False,False,False,,0.5245901639344263,0.4696969696969697,332.7510000000001,315.72400000000005,17.027000000000044,True,,,,,0.28974905987188526,0.38975781491613504,0.10000875504424978,False,,,,,,,,,5.0,7.0,2.0,False,1.0,1.0,0.0,True
source_tanimoto_property_oracle,mpair_00005364_cond_00_4p,mpair_00005364,eval,4,"MW,LogP,HBA,RB",O=C(Cc1nc2ccccc2c(=O)n1-c1ccccc1Br)c1ccncc1,COc1ccccc1-n1c(CC(=O)c2ccncc2)nc2ccccc2c1=O,Cc1ccc(-n2c(CC(=O)c3cccnc3)nc3ccccc3c2=O)cc1,O=C(Cc1nc2ccccc2c(=O)n1-c1ccccc1)c1ccncc1,O=C(Cc1nc2ccccc2c(=O)n1-c1ccccc1)c1cccnc1,False,True,False,,0.5245901639344263,0.5238095238095238,371.3960000000001,355.3970000000001,15.998999999999967,True,3.2147000000000014,3.514520000000002,0.2998200000000004,True,,,,,,,,,,,,,6.0,5.0,1.0,True,5.0,4.0,1.0,True
source_tanimoto_property_oracle,mpair_00006055_cond_00_4p,mpair_00006055,eval,4,"LogP,TPSA,HBD,HBA",CCOC(=O)c1csc(-c2nc3c([nH]2)C(=O)C=C(OC)C3=O)n1,COC1=CC(=O)c2[nH]c(-c3nc(C(N)=O)cs3)nc2C1=O,COC1=CC(=O)c2[nH]c(-c3ccccn3)nc2C1=O,O=C1C=CC(=O)c2[nH]c(-c3nccs3)nc21,O=C1C=CC(=O)c2[nH]c(-c3ccccn3)nc21,False,False,False,,0.45901639344262296,0.49122807017543857,,,,,0.5413999999999999,1.381,0.8396000000000001,True,,,,,128.03,84.94,43.09,False,2.0,1.0,1.0,True,7.0,5.0,2.0,False,,,,
source_tanimoto_property_oracle,mpair_00006841_cond_02_4p,mpair_00006841,eval,4,"MW,LogP,HBD,HBA",O=C1N[C@H](Cc2c[nH]c3ccccc23)C(=O)N1CC(CCN1CCC(c2ccccc2)CC1)c1ccccc1,Cn1cc(C[C@H]2NC(=O)N(CC(CCN3CCC(c4ccccc4)CC3)c3cccc(Cl)c3)C2=O)c2ccccc21,C[C@H]1NC(=O)N(CC(CCN2CCC(c3ccccc3)CC2)c2cccc(Cl)c2)C1=O,O=C1N[C@H](Cc2c[nH]c3ccccc23)C(=O)N1CC(CCN1CCC(c2ccccc2)CC1)c1ccccc1,O=C1CNC(=O)N1CC(CCN1CCC(c2ccccc2)CC1)c1ccccc1,False,False,False,,0.5405405405405406,0.684931506849315,569.1490000000002,439.98700000000014,129.1620000000001,False,6.348100000000007,4.633600000000005,1.714500000000002,False,,,,,,,,,1.0,1.0,0.0,True,4.0,3.0,1.0,True,,,,
source_tanimoto_property_oracle,mpair_00006864_cond_00_4p,mpair_00006864,eval,4,"LogP,HBD,HBA,RB",C[C@@H](Cc1ccc(Cl)c(Cl)c1)C(=O)N[C@H]1N=C(c2ccccc2)c2ccccc2N(C)C1=O,CC(C(=O)N[C@H]1N=C(c2ccccc2)c2ccccc2N(C)C1=O)C(CO)c1ccc(F)c(F)c1,CN1C(=O)C(NC(=O)CCc2cc(Cl)ccc2Cl)N=C(c2ccc(C(N)=O)cc2)c2ccccc21,O=C(CCc1ccccc1)N[C@H]1N=C(c2ccccc2)c2ccccc2NC1=O,O=C(CCc1ccccc1)NC1N=C(c2ccccc2)c2ccccc2NC1=O,False,True,False,,0.5063291139240507,0.43529411764705883,,,,,3.6331000000000024,3.981200000000003,0.3481000000000005,True,,,,,,,,,2.0,2.0,0.0,True,4.0,4.0,0.0,True,6.0,6.0,0.0,True
source_tanimoto_property_oracle,mpair_00007237_cond_01_4p,mpair_00007237,eval,4,"MW,LogP,QED,RB",CC(C)Sc1cc(-c2ccccc2)c(-c2ccc(S(C)(=O)=O)cc2)c(=O)o1,COc1cc(-c2ccccc2)c(-c2ccc(S(C)(=O)=O)cc2)c(=O)o1,CCOc1cc(-c2ccccc2)c(-c2ccc(S(C)(=O)=O)cc2)c(=O)o1,O=c1occc(-c2ccccc2)c1-c1ccccc1,O=c1occc(-c2ccccc2)c1-c1ccccc1,True,True,True,,0.5849056603773585,0.7608695652173914,356.3990000000001,370.42600000000016,14.027000000000044,True,3.385900000000002,3.7760000000000025,0.39010000000000034,True,0.7163391380898918,0.68333336626592,0.0330057718239718,True,,,,,,,,,,,,,4.0,5.0,1.0,True
source_tanimoto_property_oracle,mpair_00007292_cond_00_4p,mpair_00007292,eval,4,"LogP,QED,HBA,RB",NCCNC(=O)C1Cc2c([nH]c3ccccc23)C(c2cccc(O)c2)N1,COC(=O)C1Cc2c([nH]c3ccccc23)C(c2cccc(Cl)c2)N1,CCC1NC(C(=O)OC)Cc2c1[nH]c1ccccc21,c1ccc(C2NCCc3c2[nH]c2ccccc32)cc1,c1ccc2c3c([nH]c2c1)CNCC3,False,False,False,,0.46875,0.6071428571428571,,,,,3.5980000000000016,2.3063000000000002,1.2917000000000014,False,0.7007933905852917,0.8126873610173397,0.11189397043204807,False,,,,,,,,,3.0,3.0,0.0,True,2.0,2.0,0.0,True
source_tanimoto_property_oracle,mpair_00007434_cond_00_4p,mpair_00007434,eval,4,"QED,TPSA,HBA,RB",O=C(O)CN1C(=O)C(=O)N(Cc2ccc([N+](=O)[O-])cc2)C1=O,Cc1ccc(CN2C(=O)C(=O)N(CC(=O)O)C2=O)cc1,O=C(O)CN1C(=O)C(=O)N(Cc2ccc(F)cc2)C1=O,O=C1NC(=O)N(Cc2ccccc2)C1=O,O=C1NC(=O)N(Cc2ccccc2)C1=O,True,True,True,,0.65,0.7222222222222222,,,,,,,,,0.6329420918494657,0.6276772199440043,0.005264871905461432,True,94.99000000000001,94.99000000000001,0.0,True,,,,,4.0,4.0,0.0,True,4.0,4.0,0.0,True
source_tanimoto_property_oracle,mpair_00007687_cond_01_4p,mpair_00007687,eval,4,"LogP,TPSA,HBD,RB",CC(=O)NC1N=C(c2ccccc2)c2ccccc2N(CC(=O)N[C@@H](Cc2ccc(Cl)c(Cl)c2)C(N)=O)C1=O,CC(=O)CCCC(=O)NC1N=C(c2ccccc2)c2ccccc2N(CC(=O)NCCc2ccccc2Cl)C1=O,CC(=O)CCCC(=O)NC1N=C(c2ccccc2)c2ccccc2N(CC(=O)NCCCc2cccc(Cl)c2)C1=O,O=C(CN1C(=O)CN=C(c2ccccc2)c2ccccc21)NCCc1ccccc1,O=C(CN1C(=O)CN=C(c2ccccc2)c2ccccc21)NCCCc1ccccc1,False,True,False,,0.5172413793103449,0.7466666666666667,,,,,4.084500000000003,4.474600000000004,0.3901000000000012,True,,,,,107.94,107.94,0.0,True,2.0,2.0,0.0,True,,,,,11.0,12.0,1.0,True
source_tanimoto_property_oracle,mpair_00007805_cond_01_4p,mpair_00007805,eval,4,"MW,HBD,HBA,RB",CO[C@H]1O[C@H](CO)[C@H](O)[C@H](OCc2cc3ccccc3o/c2=N\S(=O)(=O)c2ccccc2)[C@H]1O,CO[C@H]1O[C@H](CO)[C@H](O)[C@H](OCc2cc3ccccc3o/c2=N\S(=O)(=O)c2ccc(C)cc2)[C@H]1OC(C)=O,Cc1ccc(S(=O)(=O)/N=c2\oc3ccccc3cc2CO[C@@H]2O[C@H](CO)[C@H](O)[C@H](O)[C@H]2O)cc1,O=S(=O)(/N=c1\oc2ccccc2cc1COC1CCOCC1)c1ccccc1,O=S(=O)(/N=c1\oc2ccccc2cc1CO[C@H]1CCCCO1)c1ccccc1,False,False,False,,0.6956521739130435,0.726027397260274,547.5820000000002,491.5180000000002,56.06400000000002,False,,,,,,,,,,,,,2.0,4.0,2.0,False,10.0,9.0,1.0,True,8.0,6.0,2.0,False
source_tanimoto_property_oracle,mpair_00007881_cond_02_4p,mpair_00007881,eval,4,"LogP,QED,HBD,HBA",O=C1CC2(C(=O)N1)C(=O)N(Cc1ccc(Cl)c(Cl)c1)C(=O)c1cccn12,Nc1ccc(CN2C(=O)c3cccn3C3(CC(=O)NC3=O)C2=O)cc1,CC(=O)c1cc2n(c1)C1(CC(=O)NC1=O)C(=O)N(Cc1ccc(Br)cc1F)C2=O,O=C1CC2(C(=O)N1)C(=O)N(Cc1ccccc1)C(=O)c1cccn12,O=C1CC2(C(=O)N1)C(=O)N(Cc1ccccc1)C(=O)c1cccn12,True,False,False,,0.4027777777777778,0.39436619718309857,,,,,-0.005299999999999805,1.5166999999999997,1.5219999999999996,False,0.45417020849830125,0.42327215242273236,0.03089805607556889,True,,,,,2.0,1.0,1.0,True,6.0,6.0,0.0,True,,,,
source_tanimoto_property_oracle,mpair_00008126_cond_02_4p,mpair_00008126,eval,4,"LogP,HBD,HBA,RB",CC(C)N(CC(O)Cn1c2ccccc2c(=O)c2cccc(Cl)c21)C(C)C,CCN(CC)CC(O)Cn1c2ccccc2c(=O)c2cccc(C(=O)O)c21,O=c1c2ccccc2n(CC(O)CN2CCC(N3CCCCC3)CC2)c2c(Cl)cccc12,O=c1c2ccccc2[nH]c2ccccc12,O=c1c2ccccc2n(CCCN2CCC(N3CCCCC3)CC2)c2ccccc12,False,False,False,,0.5483870967741935,0.4,,,,,2.5556,4.1193000000000035,1.5637000000000034,False,,,,,,,,,2.0,1.0,1.0,True,5.0,5.0,0.0,True,7.0,5.0,2.0,False
source_tanimoto_property_oracle,mpair_00008359_cond_01_4p,mpair_00008359,eval,4,"MW,QED,HBA,RB",COc1cnc(C[S+]([O-])c2nc3cc4c(cc3[nH]2)OC(F)(F)O4)c(C)c1OC,COc1ccnc(C[S+]([O-])c2nc3cc4c(cc3[nH]2)OC(F)(F)O4)c1,COc1cnc(C[S+]([O-])c2nc3cc(OC(F)F)ccc3[nH]2)cc1OC,c1ccc(C[SH+]c2nc3cc4c(cc3[nH]2)OCO4)nc1,c1ccc(C[SH+]c2nc3ccccc3[nH]2)nc1,False,False,False,,0.4246575342465753,0.4492753623188406,367.333,383.3760000000001,16.043000000000063,True,,,,,0.7128348320537029,0.6309371659531015,0.08189766610060145,True,,,,,,,,,6.0,6.0,0.0,True,4.0,7.0,3.0,False
source_tanimoto_property_oracle,mpair_00008508_cond_02_4p,mpair_00008508,eval,4,"MW,LogP,QED,RB",CC(C)COc1ccc(Cc2ccc(NC3=NCCN3)cc2)cc1,COc1ccc(Cc2ccc(NC3=NCCN3)cc2)cc1,COc1ccc(Sc2ccc(NC3=NCCN3)cc2)cc1,c1ccc(Cc2ccc(NC3=NCCN3)cc2)cc1,c1ccc(Sc2ccc(NC3=NCCN3)cc2)cc1,False,True,False,,0.5098039215686274,0.7142857142857143,281.359,299.399,18.04000000000002,True,2.6571000000000007,3.217500000000001,0.5604000000000005,True,0.905384090862648,0.9097306879449248,0.004346597082276804,True,,,,,,,,,,,,,4.0,4.0,0.0,True
source_tanimoto_property_oracle,mpair_00008528_cond_02_4p,mpair_00008528,eval,4,"LogP,QED,HBA,RB",COCCOc1ccc(Cc2ccc(NC3=NCCN3)cc2)cc1,CCCOc1ccc(Cc2ccc(NC3=NCCN3)cc2)cc1,c1cc(NC2=NCCN2)ccc1Cc1ccc(OCC2CCOCC2)cc1,c1ccc(Cc2ccc(NC3=NCCN3)cc2)cc1,c1cc(NC2=NCCN2)ccc1Cc1ccc(OCC2CCOCC2)cc1,False,True,False,,0.6226415094339622,0.6346153846153846,,,,,3.4373000000000014,3.4539000000000026,0.01660000000000128,True,0.8590330575707383,0.8232225237310302,0.035810533839708114,True,,,,,,,,,4.0,5.0,1.0,True,6.0,6.0,0.0,True
source_tanimoto_property_oracle,mpair_00008578_cond_01_4p,mpair_00008578,eval,4,"QED,TPSA,HBD,RB",O=c1[nH]c(=O)n(COCCO)cc1Cc1cccc(Oc2ccc(F)cc2)c1,O=c1[nH]c(=O)n(COC(CO)CO)cc1Cc1cccc(Oc2cccc(F)c2)c1,COc1cccc(Cc2cn(COCCO)c(=O)[nH]c2=O)c1,O=c1[nH]cc(Cc2cccc(Oc3ccccc3)c2)c(=O)[nH]1,O=c1[nH]cc(Cc2ccccc2)c(=O)[nH]1,False,False,False,,0.7321428571428571,0.5396825396825397,,,,,,,,,0.4858120896295065,0.7078309217908411,0.22201883216133456,False,113.78000000000002,93.55000000000001,20.230000000000004,False,3.0,2.0,1.0,True,,,,,9.0,7.0,2.0,False
source_tanimoto_property_oracle,mpair_00008748_cond_00_4p,mpair_00008748,eval,4,"MW,QED,HBA,RB",CC(=O)Oc1ccc(-c2c(C)c3ccc(OC(C)=O)cc3n2Cc2ccccc2)cc1,Cc1c(-c2ccc(O)cc2)n(Cc2ccccc2Cl)c2ccc(O)cc12,Cc1c(-c2ccc(O)cc2)n(Cc2ccc(O)cc2)c2ccc(O)cc12,c1ccc(Cn2c(-c3ccccc3)cc3ccccc32)cc1,c1ccc(Cn2c(-c3ccccc3)cc3ccccc32)cc1,True,True,True,,0.4444444444444444,0.7045454545454546,363.84400000000005,345.3980000000001,18.44599999999997,True,,,,,0.48791728176772337,0.5004305253780041,0.012513243610280778,True,,,,,,,,,3.0,4.0,1.0,True,3.0,3.0,0.0,True
source_tanimoto_property_oracle,mpair_00008759_cond_02_4p,mpair_00008759,eval,4,"LogP,TPSA,HBD,HBA",Cc1c(-c2ccc(O)cc2)n(Cc2ccc(O)cc2)c2ccc(O)cc12,Cc1c(-c2ccc(O)cc2)n(Cc2ccccc2Cl)c2ccc(O)cc12,CCCn1c(-c2ccc(O)cc2)c(C)c2cc(O)ccc21,c1ccc(Cn2c(-c3ccccc3)cc3ccccc32)cc1,c1ccc(-c2cc3ccccc3[nH]2)cc1,False,False,False,,0.7,0.5957446808510638,,,,,5.729620000000004,4.437920000000004,1.2917000000000005,False,,,,,45.39,45.39,0.0,True,2.0,2.0,0.0,True,3.0,3.0,0.0,True,,,,
source_tanimoto_property_oracle,mpair_00009361_cond_00_4p,mpair_00009361,eval,4,"LogP,TPSA,HBA,RB",COc1ccc(Cc2nnc(O)c3ccccc23)cc1OC,Oc1nnc(Cc2ccc(Cl)cc2)c2ccccc12,COc1ccc(CC(C)=O)cc1OC,c1ccc(Cc2nncc3ccccc23)cc1,c1ccccc1,False,False,False,,0.4090909090909091,0.14285714285714285,,,,,3.579600000000002,1.8353,1.744300000000002,False,,,,,46.010000000000005,35.53,10.480000000000004,True,,,,,3.0,3.0,0.0,True,2.0,4.0,2.0,False
source_tanimoto_property_oracle,mpair_00010014_cond_01_4p,mpair_00010014,eval,4,"MW,QED,HBD,HBA",O=c1cc(-c2ccccc2)oc2cc(OCC(O)CNCc3ccccc3)ccc12,CNC(=O)Oc1cccc(CN(C)CCCOc2ccc3c(=O)cc(-c4ccccc4)oc3c2)c1,CCCNCC(COc1ccc2c(=O)cc(-c3ccccc3)oc2c1)C(=O)Oc1ccccc1,O=c1cc(-c2ccccc2)oc2cc(OCCCNCc3ccccc3)ccc12,O=C(CCOc1ccc2c(=O)cc(-c3ccccc3)oc2c1)Oc1ccccc1,False,False,False,,0.5671641791044776,0.4810126582278481,472.5410000000001,457.5260000000002,15.01499999999993,True,,,,,0.3423460384209648,0.20376184879483222,0.13858418962613256,False,,,,,1.0,1.0,0.0,True,6.0,6.0,0.0,True,,,,
source_tanimoto_property_oracle,mpair_00010720_cond_00_4p,mpair_00010720,eval,4,"MW,LogP,QED,RB",CC(C)C1=CC2CC3(C=O)[C@@H]4CC[C@@H](C)[C@H]4CC2(CO[C@H]2CN[C@H](C)CO2)[C@]13C(=O)O,C=C(Cl)CN1C[C@H](OCC23C[C@@H]4[C@H](C)CC[C@H]4C4(C=O)CC2C=C(C(C)C)[C@@]34C(=O)O)OC[C@H]1C(F)(F)F,CO[C@H]1CN(CC2=CCCCC2)C[C@H](OCC23C[C@@H]4[C@H](C)CC[C@H]4C4(C=O)CC2C=C(C(C)C)C34C(=O)O)O[C@@H]1C,C1=CC2C3CC1C2(CO[C@H]1CNCCO1)C[C@@H]1CCC[C@@H]31,C1=CC2C3CC1C2(CO[C@H]1CN(CC2=CCCCC2)CCCO1)C[C@@H]1CCC[C@@H]31,False,True,False,,0.5698924731182796,0.5288461538461539,560.0530000000005,569.7830000000004,9.729999999999905,True,5.269300000000005,5.489800000000006,0.22050000000000125,True,0.32250442602403095,0.2903451021949883,0.03215932382904263,True,,,,,,,,,,,,,8.0,9.0,1.0,True
source_tanimoto_property_oracle,mpair_00011114_cond_01_4p,mpair_00011114,eval,4,"MW,LogP,HBD,RB",COc1nc2ccccc2c2c1c(C)nn2-c1cccc(Cl)c1,Cc1nn(-c2ccccc2)c2c1c(O)nc1ccccc12,Cc1cccc(-n2nc(C)c3c(=O)oc4ccccc4c32)c1,c1ccc(-n2ncc3cnc4ccccc4c32)cc1,O=c1oc2ccccc2c2c1cnn2-c1ccccc1,False,True,False,,0.4406779661016949,0.4230769230769231,275.311,290.32200000000006,15.011000000000081,True,3.587720000000002,3.7487400000000033,0.1610200000000015,True,,,,,,,,,1.0,0.0,1.0,True,,,,,1.0,1.0,0.0,True
source_tanimoto_property_oracle,mpair_00011983_cond_00_4p,mpair_00011983,eval,4,"MW,LogP,QED,RB",CCCC(CCc1nnn[nH]1)Cc1ccc(OCc2ccc3ccccc3n2)cc1,c1ccc2nc(COc3ccc(CCCCc4nnn[nH]4)cc3)ccc2c1,c1ccc2sc(COc3ccc(OCCCc4nnn[nH]4)cc3)nc2c1,c1ccc2nc(COc3ccc(CCCCc4nnn[nH]4)cc3)ccc2c1,c1ccc2sc(COc3ccc(OCCCc4nnn[nH]4)cc3)nc2c1,False,True,False,,0.4142857142857143,0.5254237288135594,359.433,367.43399999999997,8.000999999999976,True,3.8923000000000023,3.4000000000000004,0.49230000000000196,True,0.48301330066271214,0.48047439797704006,0.002538902685672084,True,,,,,,,,,,,,,8.0,8.0,0.0,True
source_tanimoto_property_oracle,mpair_00012041_cond_01_4p,mpair_00012041,eval,4,"LogP,QED,HBD,RB",Oc1ccccc1N1CCN(c2nc3ccccc3s2)CC1,CCOc1ccccc1N1CCN(c2nc3ccccc3s2)CC1,Oc1nc2ccc(CCN3CCN(c4ccccc4O)CC3)cc2s1,c1ccc(N2CCN(c3nc4ccccc4s3)CC2)cc1,c1ccc(N2CCN(CCc3ccc4ncsc4c3)CC2)cc1,False,False,False,,0.49056603773584906,0.328125,,,,,4.021600000000004,3.0722000000000014,0.9494000000000025,True,0.7176611360122138,0.7531566627141223,0.035495526701908475,True,,,,,0.0,2.0,2.0,False,,,,,4.0,4.0,0.0,True
source_tanimoto_property_oracle,mpair_00012262_cond_02_4p,mpair_00012262,eval,4,"MW,LogP,TPSA,HBA",COc1cc([C@@H]2c3cc4c(cc3[C@@H](O)C3COC(=O)[C@@H]32)OCO4)cc(O)c1O,COc1cc([C@@H]2c3cc4c(cc3[C@@H](CCN(C)CCN(C)C)C3COC(=O)[C@@H]32)OCO4)cc(OC)c1O,CCCCOC(=O)[C@@H]1[C@H](c2cc(OC)c(OC)c(OC)c2)c2cc3c(cc2[C@H](O)[C@H]1CO)OCO3,O=C1OCC2Cc3cc4c(cc3[C@@H](c3ccccc3)[C@@H]12)OCO4,c1ccc([C@H]2CCCc3cc4c(cc32)OCO4)cc1,False,False,False,,0.40540540540540543,0.32558139534883723,512.6030000000003,488.53300000000024,24.07000000000005,True,3.0399000000000016,3.1880000000000015,0.1480999999999999,True,,,,,89.93000000000002,112.91000000000003,22.980000000000004,False,,,,,9.0,9.0,0.0,True,,,,
source_tanimoto_property_oracle,mpair_00013232_cond_00_4p,mpair_00013232,eval,4,"MW,LogP,QED,HBD",CC1=C(C(=O)OC(C)C)C(c2ccccc2Cl)C(C(=O)O)=C(C(=O)O)N1CC(F)(F)F,CCN1C(C)=C(C(=O)NC(C)C)C(c2ccccc2Cl)C(C(=O)O)=C1C(=O)O,CC1=C(C(=O)OC(C)C)C(c2ccccc2Cl)C(C(=O)O)=C(C(=O)O)N1Cc1ccc(Cl)cc1,C1=CC(c2ccccc2)C=CN1,C1=CN(Cc2ccccc2)C=CC1c1ccccc1,False,False,False,,0.7413793103448276,0.5901639344262295,406.8660000000002,504.3660000000002,97.5,False,2.9810000000000008,5.241700000000004,2.2607000000000035,False,0.6700224475382196,0.49718290590785447,0.17283954163036513,False,,,,,3.0,2.0,1.0,True,,,,,,,,
source_tanimoto_property_oracle,mpair_00013572_cond_01_4p,mpair_00013572,eval,4,"MW,QED,HBA,RB",CCOc1ccccc1C(=O)NCC1(c2ccccc2)CCC(=O)CC1,O=C1CCC(CNC(=O)c2ccccc2)(c2ccccc2)CC1,CCOc1ccccc1C(=O)NCC1(c2ccccc2)CCC(=O)CC1,O=C1CCC(CNC(=O)c2ccccc2)(c2ccccc2)CC1,O=C1CCC(CNC(=O)c2ccccc2)(c2ccccc2)CC1,True,False,False,,1.0,0.625,307.39300000000014,351.4460000000002,44.053000000000054,False,,,,,0.9394539098079496,0.8587355960209683,0.08071831378698135,True,,,,,,,,,2.0,3.0,1.0,True,4.0,6.0,2.0,False
source_tanimoto_property_oracle,mpair_00013602_cond_02_4p,mpair_00013602,eval,4,"LogP,QED,HBD,HBA",CCc1ccc(-c2ncc(Cl)cc2-c2ccc(S(C)(=O)=O)cc2)cn1,CS(=O)(=O)c1ccc(-c2cc(Cl)cnc2-c2ccc(CO)nc2)cc1,CS(=O)(=O)c1ccc(-n2cc(CO)nc2-c2ccc(Cl)cc2)cc1,c1ccc(-c2cccnc2-c2cccnc2)cc1,c1ccc(-c2nccn2-c2ccccc2)cc1,False,True,False,,0.41379310344827586,0.4642857142857143,,,,,3.3598000000000017,3.0885000000000016,0.2713000000000001,True,0.7569286028251322,0.773697742118302,0.01676913929316981,True,,,,,1.0,1.0,0.0,True,5.0,5.0,0.0,True,,,,
source_tanimoto_property_oracle,mpair_00014097_cond_01_4p,mpair_00014097,eval,4,"MW,QED,HBA,RB",CCN(CC)CCNc1nc(NCCN(CC)CC)nc(Sc2nnc3c4ccccc4n(C)c3n2)n1,CC(C)Nc1nc(NC(C)C)nc(Sc2nnc3c4ccccc4n(C)c3n2)n1,,c1ccc2c(c1)[nH]c1nc(Sc3ncncn3)nnc12,,False,False,False,empty_source_tanimoto_pool,0.0,0.0,409.52300000000014,,nan,False,,,,,0.4946499193808674,,nan,False,,,,,,,,,10.0,,nan,False,6.0,,nan,False
source_tanimoto_property_oracle,mpair_00014124_cond_00_4p,mpair_00014124,eval,4,"MW,LogP,HBA,RB",Cn1c2ccccc2c2nnc(Sc3nc(NC(C)(C)C)nc(NC(C)(C)C)n3)nc21,CCCCNc1nc(C)nc(Sc2nnc3c4ccccc4n(C)c3n2)n1,CCN1CCN(c2nc(Sc3nnc4c5ccccc5n(C)c4n3)nc(N3CCN(CC)CC3)n2)CC1,c1ccc2c(c1)[nH]c1nc(Sc3ncncn3)nnc12,c1ccc2c(c1)[nH]c1nc(Sc3nc(N4CCNCC4)nc(N4CCNCC4)n3)nnc12,False,False,False,,0.5423728813559322,0.5230769230769231,380.48100000000005,519.6830000000003,139.20200000000028,False,3.373120000000002,2.1365,1.236620000000002,False,,,,,,,,,,,,,9.0,12.0,3.0,False,6.0,6.0,0.0,True
source_tanimoto_property_oracle,mpair_00014139_cond_01_4p,mpair_00014139,eval,4,"MW,LogP,QED,RB",CCCCCc1cccc(OC(=O)NC2CCCCC2)c1,Cc1cccc(OC(=O)NC2CCCCC2)c1,O=C(NC1CCCCC1)Oc1ccc2ccccc2c1,O=C(NC1CCCCC1)Oc1ccccc1,O=C(NC1CCCCC1)Oc1ccc2ccccc2c1,False,False,False,,0.54,0.6428571428571429,233.31099999999995,269.34400000000005,36.0330000000001,False,3.416120000000002,4.260900000000004,0.8447800000000019,True,0.8496168175637746,0.884185094012949,0.03456827644917437,True,,,,,,,,,,,,,2.0,2.0,0.0,True
source_tanimoto_property_oracle,mpair_00014854_cond_02_4p,mpair_00014854,eval,4,"LogP,TPSA,HBD,HBA",O=C1CC2(CCCC2)CC(=O)N1CCCCN1CCN(c2n[s+]([O-])c3ccccc23)CC1,O=C1CC2(CCC(O)C2)CC(=O)N1CCCCN1CCN(c2n[s+]([O-])c3ccccc23)CC1,O=C1CC2(CCCC2)CC(=O)N1CCC(O)CN1CCN(c2n[s+]([O-])c3ccccc23)CC1,O=C1CC2(CCCC2)CC(=O)N1CCCCN1CCN(c2n[sH+]c3ccccc23)CC1,O=C1CC2(CCCC2)CC(=O)N1CCCCN1CCN(c2n[sH+]c3ccccc23)CC1,True,True,True,,0.7419354838709677,0.5972222222222222,,,,,2.5448000000000004,2.5448000000000004,0.0,True,,,,,100.04,100.04,0.0,True,1.0,1.0,0.0,True,7.0,7.0,0.0,True,,,,
source_tanimoto_property_oracle,mpair_00015738_cond_00_4p,mpair_00015738,eval,4,"LogP,QED,TPSA,HBD",COC(=O)C(Cc1ccccc1)c1ccc2c(c1O)C(=O)c1c(O)cccc1C2,O=C1c2c(O)cccc2Cc2ccc(C(Cc3ccccc3)C(=O)NO)c(O)c21,O=C(NO)c1ccc(Cc2ccc3c(c2O)C(=O)c2c(O)cccc2C3)cc1,O=C1c2ccccc2Cc2ccc(CCc3ccccc3)cc21,O=C1c2ccccc2Cc2ccc(Cc3ccccc3)cc21,False,True,False,,0.453125,0.5081967213114754,,,,,3.0647000000000015,2.9428000000000027,0.12189999999999879,True,0.3170091346244461,0.32534394584629134,0.008334811221845262,True,106.86,106.86,0.0,True,4.0,4.0,0.0,True,,,,,,,,
source_tanimoto_property_oracle,mpair_00015995_cond_02_4p,mpair_00015995,eval,4,"MW,LogP,QED,RB",CC(C)[C@H](NS(=O)(=O)c1ccccc1)C(=O)NC1=NN=C(c2ccc(Cl)cc2)CS1,Cc1ccc(C2=NN=C(NC(=O)[C@H](C)NS(=O)(=O)c3ccccc3)SC2)cc1,C[C@H](NS(=O)(=O)c1ccccc1)C(=O)NC1=NN=C(C23CC4CC(CC(C4)C2)C3)CS1,O=C(CNS(=O)(=O)c1ccccc1)NC1=NN=C(c2ccccc2)CS1,O=C(CNS(=O)(=O)c1ccccc1)NC1=NN=C(C23CC4CC(CC(C4)C2)C3)CS1,False,False,False,,0.4857142857142857,0.6031746031746031,416.52800000000013,460.6250000000004,44.097000000000264,False,2.28512,3.144800000000002,0.8596800000000018,True,0.780952452931761,0.704945362197073,0.07600709073468792,True,,,,,,,,,,,,,5.0,5.0,0.0,True
source_tanimoto_property_oracle,mpair_00016943_cond_00_4p,mpair_00016943,eval,4,"MW,LogP,QED,RB",O=C(O)CCCCCO/N=C(/c1cccc(C(F)(F)F)c1)c1ccncn1,O=C(O)CCCO/N=C(\c1ccccc1)c1ccncn1,O=C(O)CCCO/N=C(/c1ccccc1)c1cccnn1,N=C(c1ccccc1)c1ccncn1,N=C(c1ccccc1)c1cccnn1,False,True,False,,0.4838709677419355,0.6875,285.30300000000005,285.30300000000005,0.0,True,2.1104000000000003,2.1104000000000003,0.0,True,0.47821173389725097,0.47821173389725097,0.0,True,,,,,,,,,,,,,7.0,7.0,0.0,True
source_tanimoto_property_oracle,mpair_00016973_cond_01_4p,mpair_00016973,eval,4,"LogP,QED,HBD,RB",CCCc1c(OCCCOc2ccc(C(C)=O)c(OC)c2CCC)ccc2c1OC(C(=O)O)CC2,CCCc1c(OCCCOc2cc(O)c(C(C)=O)cc2CC)ccc2c1OC(C(=O)O)CC2,CC(=O)c1ccc(OCCCCCOc2cc3c(cc2C(C)=O)CCC(C(=O)O)O3)cc1O,c1ccc(OCCCOc2ccc3c(c2)OCCC3)cc1,c1ccc(OCCCCCOc2ccc3c(c2)OCCC3)cc1,False,True,False,,0.44594594594594594,0.4864864864864865,,,,,4.735800000000003,4.203700000000004,0.5320999999999989,True,0.3719898860343696,0.3813086516827155,0.009318765648345884,True,,,,,2.0,2.0,0.0,True,,,,,11.0,11.0,0.0,True
source_tanimoto_property_oracle,mpair_00017136_cond_00_4p,mpair_00017136,eval,4,"MW,LogP,QED,RB",CN1C(=O)CCC1(O)c1ccccc1,CCN1C(=O)CCC1(O)c1cccc(C(F)(F)F)c1,,O=C1CCC(c2ccccc2)N1,,False,False,False,empty_source_tanimoto_pool,0.0,0.0,273.25399999999996,,nan,False,2.492800000000001,,nan,False,0.8989964502984236,,nan,False,,,,,,,,,,,,,2.0,,nan,False
source_tanimoto_property_oracle,mpair_00017187_cond_00_4p,mpair_00017187,eval,4,"MW,QED,TPSA,RB",CCNS(=O)(=O)Oc1cc(C(C)(C)C)c(SC2=C(O)OC(CCc3ccc(O)cc3)(c3ccccc3)CC2=O)cc1C,Cc1cc(SC2=C(O)OC(CCc3cccc(O)c3)(c3ccccc3)CC2=O)c(C(C)(C)C)cc1CO,Cc1cc(SC2=C(O)OC(CCc3ccc(N)cc3)(C(C)C)CC2=O)c(C(C)(C)C)cc1CO,O=C1CC(CCc2ccccc2)(c2ccccc2)OC=C1Sc1ccccc1,O=C1CC(CCc2ccccc2)OC=C1Sc1ccccc1,False,False,False,,0.44086021505376344,0.575,518.6750000000003,483.6740000000003,35.000999999999976,False,,,,,0.31787933229079834,0.4059209376879222,0.08804160539712386,True,86.99,92.78000000000002,5.7900000000000205,True,,,,,,,,,7.0,7.0,0.0,True
source_tanimoto_property_oracle,mpair_00000010_cond_02_5p,mpair_00000010,eval,5,"MW,LogP,QED,HBA,RB",O=C(c1ccccc1C(F)(F)F)N1C[C@H](CN2CCC(c3ccccc3)CC2)[C@@H](c2ccccc2)C1,COc1cccc(C(=O)N2C[C@H](CN3CCC(c4ccccc4)CC3)[C@@H](c3ccccc3)C2)c1,O=C(c1cccs1)N1C[C@H](CN2CCC(c3ccccc3)CC2)[C@@H](c2ccccc2)C1,O=C(c1ccccc1)N1C[C@H](CN2CCC(c3ccccc3)CC2)[C@@H](c2ccccc2)C1,O=C(c1cccs1)N1C[C@H](CN2CCC(c3ccccc3)CC2)[C@@H](c2ccccc2)C1,False,True,False,,0.6842105263157895,0.5967741935483871,454.61400000000015,430.61700000000013,23.997000000000014,True,5.430600000000005,5.483500000000006,0.05290000000000017,True,0.49786269936596683,0.5348060511125793,0.03694335174661245,True,,,,,,,,,3.0,3.0,0.0,True,6.0,5.0,1.0,True
source_tanimoto_property_oracle,mpair_00000668_cond_02_5p,mpair_00000668,eval,5,"LogP,QED,TPSA,HBD,HBA",OC[C@@H]1N[C@@H](CCCCc2ccc(O)cc2)[C@H](O)[C@H]1O,OC[C@@H]1N[C@@H](CCCCc2cc(F)cc(F)c2)[C@H](O)[C@H]1O,Cc1ccc(CCCC[C@@H]2N[C@@H](CO)[C@H](O)[C@H]2O)cc1,c1ccc(CCCC[C@H]2CCCN2)cc1,c1ccc(CCCC[C@H]2CCCN2)cc1,True,True,True,,0.7567567567567568,0.6097560975609756,,,,,0.7320999999999995,0.7623199999999992,0.03021999999999969,True,0.5846986769843887,0.5802758268226561,0.0044228501617326055,True,72.72,72.72,0.0,True,4.0,4.0,0.0,True,4.0,4.0,0.0,True,,,,
source_tanimoto_property_oracle,mpair_00000798_cond_00_5p,mpair_00000798,eval,5,"MW,LogP,QED,HBD,RB",C=CCc1cc(/C=C2\SC(=O)N(C(C)C)C2=O)c(OC)cc1OC1CCCCO1,C=CCc1cc(/C=C2\SC(=O)NC2=O)c(OC)cc1OC1CCCCO1,C=CCc1cc(/C=C2\SC(=O)N(Cc3ccccc3)C2=O)c(OC)cc1O,O=C1NC(=O)/C(=C/c2ccc(OC3CCCCO3)cc2)S1,O=C1S/C(=C\c2ccccc2)C(=O)N1Cc1ccccc1,False,True,False,,0.4358974358974359,0.3717948717948718,375.4460000000002,381.4530000000001,6.006999999999891,True,3.6530000000000022,4.365800000000004,0.7128000000000014,True,0.6042673504148035,0.5946070606247178,0.009660289790085708,True,,,,,1.0,1.0,0.0,True,,,,,6.0,6.0,0.0,True
source_tanimoto_property_oracle,mpair_00000977_cond_02_5p,mpair_00000977,eval,5,"LogP,QED,TPSA,HBD,HBA",COc1ccc(N2CCN(CCC3NC(=O)c4ccccc43)CC2)cc1,CN1C(=O)c2ccccc2C1CCN1CCN(c2ccc(Cl)cc2)CC1,COc1ccc(N2CCN(CC[C@H]3OCCc4ccccc43)CC2)cc1,O=C1NC(CCN2CCN(c3ccccc3)CC2)c2ccccc21,c1ccc(N2CCN(CC[C@H]3OCCc4ccccc43)CC2)cc1,False,True,False,,0.5333333333333333,0.390625,,,,,3.679000000000003,3.5213000000000028,0.15770000000000017,True,0.8221231339252668,0.8219613537623842,0.00016178016288259656,True,26.790000000000006,24.94,1.850000000000005,True,0.0,0.0,0.0,True,3.0,4.0,1.0,True,,,,
source_tanimoto_property_oracle,mpair_00002448_cond_01_5p,mpair_00002448,eval,5,"MW,LogP,TPSA,HBD,HBA",CSc1cc(-c2ccc(Br)cc2)oc(=O)c1Cl,CSc1cc(-c2ccc(Cl)cc2)oc(=O)c1C(N)=O,,O=c1cccc(-c2ccccc2)o1,,False,False,False,empty_source_tanimoto_pool,0.0,0.0,295.747,,nan,False,2.7810000000000006,,nan,False,,,,,73.30000000000001,,nan,False,1.0,,nan,False,4.0,,nan,False,,,,
source_tanimoto_property_oracle,mpair_00002471_cond_00_5p,mpair_00002471,eval,5,"LogP,QED,HBD,HBA,RB",COc1cc(C(=O)N2CCN(C(=O)c3cc(OC)c(OC)c(OC)c3)C(CO)C2)cc(OC)c1OC,COc1cc(C(=O)N2CCN(C(=O)c3cc(OC)c(OC)c(OC)c3)C(COC(=O)CC(C)(C)C)C2)cc(OC)c1OC,COc1cc(C(=O)N2CCN(C(=O)c3cc(OC)c(OC)c(OC)c3)CC2)cc(OC)c1OC,O=C(c1ccccc1)N1CCN(C(=O)c2ccccc2)CC1,O=C(c1ccccc1)N1CCN(C(=O)c2ccccc2)CC1,True,False,False,,0.6341463414634146,0.52,,,,,3.684400000000003,2.3364000000000003,1.3480000000000025,False,0.3521539372279048,0.5754127815390553,0.2232588443111505,False,,,,,0.0,0.0,0.0,True,10.0,8.0,2.0,False,11.0,8.0,3.0,False
source_tanimoto_property_oracle,mpair_00002506_cond_00_5p,mpair_00002506,eval,5,"MW,QED,TPSA,HBA,RB",COc1ccc(C(=O)Nc2ccncc2Cl)c2cccnc12,COc1ccc(C(=O)Nc2c(Cl)cncc2Cl)c2ccc(C(C)=O)nc12,COc1ccc(C(=O)Nc2c(Cl)cncc2Cl)c2cc(C#N)oc12,O=C(Nc1ccncc1)c1cccc2ncccc12,O=C(Nc1ccncc1)c1cccc2occc12,False,True,False,,0.417910447761194,0.532258064516129,390.22600000000017,362.17200000000014,28.05400000000003,True,,,,,0.6681926051832562,0.7518632655808588,0.08367066039760263,True,81.17999999999999,88.14999999999999,6.969999999999999,True,,,,,5.0,5.0,0.0,True,4.0,3.0,1.0,True
source_tanimoto_property_oracle,mpair_00002932_cond_00_5p,mpair_00002932,eval,5,"LogP,QED,TPSA,HBA,RB",COC(=O)c1cccc(C(=O)NO)c1N(Cc1cccnc1)S(=O)(=O)c1ccc(OC)cc1,COc1ccc(S(=O)(=O)N(Cc2cccnc2)c2c(C)cc(Br)cc2C(=O)NO)cc1,COc1ccc(S(=O)(=O)N(Cc2ccccc2)c2c(C(=O)NO)csc2Br)cc1,O=S(=O)(c1ccccc1)N(Cc1cccnc1)c1ccccc1,O=S(=O)(c1ccccc1)N(Cc1ccccc1)c1ccsc1,False,True,False,,0.5757575757575758,0.5671641791044776,,,,,3.675620000000001,4.033700000000002,0.35808000000000106,True,0.3740614499694089,0.37972852705287374,0.0056670770834648665,True,108.83000000000001,95.94000000000001,12.89,True,,,,,6.0,6.0,0.0,True,7.0,7.0,0.0,True
source_tanimoto_property_oracle,mpair_00003409_cond_00_5p,mpair_00003409,eval,5,"MW,QED,TPSA,HBA,RB",CCOC(=O)C(C)Oc1cccc(N(Cc2cccnc2)S(=O)(=O)CC(F)(F)F)c1,CC(C)Oc1cccc(N(Cc2cccnc2)S(=O)(=O)CC(F)(F)F)c1,CCS(=O)(=O)N(Cc1cccnc1)c1cccc(C(O)c2ccccc2)c1,c1ccc(NCc2cccnc2)cc1,c1ccc(Cc2cccc(NCc3cccnc3)c2)cc1,False,True,False,,0.5,0.5079365079365079,388.41100000000006,382.4850000000001,5.925999999999931,True,,,,,0.7245796953652621,0.6787037886470156,0.045875906718246484,True,59.5,70.5,11.0,True,,,,,4.0,4.0,0.0,True,7.0,7.0,0.0,True
source_tanimoto_property_oracle,mpair_00003602_cond_01_5p,mpair_00003602,eval,5,"LogP,QED,TPSA,HBD,HBA",Clc1ccnc(SCc2ccc3ccccc3c2)n1,N#Cc1cc(N)nc(SCc2ccc3ccccc3c2)n1,Nc1cc(Cl)nc(SCc2ccccc2)n1,c1cnc(SCc2ccc3ccccc3c2)nc1,c1ccc(CSc2ncccn2)cc1,False,False,False,,0.4444444444444444,0.46808510638297873,,,,,3.375980000000002,3.004500000000001,0.3714800000000009,True,0.5913560926362517,0.5176564999738561,0.07369959266239556,True,75.59,51.8,23.790000000000006,False,1.0,1.0,0.0,True,5.0,4.0,1.0,True,,,,
source_tanimoto_property_oracle,mpair_00004733_cond_02_5p,mpair_00004733,eval,5,"QED,TPSA,HBD,HBA,RB",O=C(N[C@@H](Cc1ccccc1)C(=O)O)c1cccc2ccccc12,CCOC(=O)[C@H](Cc1ccc([N+](=O)[O-])cc1)NC(=O)c1cccc2ccccc12,O=C(N[C@@H](Cc1ccc([N+](=O)[O-])cc1)C(=O)OCc1ccccc1)c1cccc2ccccc12,O=C(NCCc1ccccc1)c1cccc2ccccc12,O=C(N[C@@H](Cc1ccccc1)C(=O)OCc1ccccc1)c1cccc2ccccc12,False,False,False,,0.6037735849056604,0.8,,,,,,,,,0.37588529208280846,0.23352634768098185,0.14235894440182661,False,98.53999999999999,98.54,1.4210854715202004e-14,True,1.0,1.0,0.0,True,5.0,5.0,0.0,True,7.0,8.0,1.0,True
source_tanimoto_property_oracle,mpair_00004745_cond_01_5p,mpair_00004745,eval,5,"MW,QED,TPSA,HBD,HBA",O=C(N[C@@H](Cc1ccccc1)C(=O)O)c1cccc2ccccc12,CC(C)OC(=O)[C@H](Cc1ccc([N+](=O)[O-])cc1)NC(=O)c1cccc2ccccc12,O=C(N[C@@H](Cc1ccc(NC(=O)c2ccnc3ccccc23)cc1)C(=O)O)c1ccccc1Cl,O=C(NCCc1ccccc1)c1cccc2ccccc12,O=C(NCCc1ccc(NC(=O)c2ccnc3ccccc23)cc1)c1ccccc1,False,False,False,,0.5,0.36,406.43800000000016,473.91600000000017,67.47800000000001,False,,,,,0.36267930698305967,0.36421202226289845,0.001532715279838781,True,98.53999999999999,108.39,9.850000000000009,True,1.0,3.0,2.0,False,5.0,4.0,1.0,True,,,,
source_tanimoto_property_oracle,mpair_00004768_cond_01_5p,mpair_00004768,eval,5,"MW,LogP,TPSA,HBD,RB",CCOC(=O)[C@H](Cc1ccc([N+](=O)[O-])cc1)NC(=O)c1cccc2ccccc12,CCNC(=O)C(C)NC(=O)[C@H](Cc1ccc([N+](=O)[O-])cc1)NC(=O)c1cccc2ccccc12,COc1ccc(NC(=O)[C@H](C)NC(=O)[C@H](Cc2ccncc2)NC(=O)c2cccc3ccccc23)cc1,O=C(NCCc1ccccc1)c1cccc2ccccc12,O=C(CNC(=O)[C@H](Cc1ccncc1)NC(=O)c1cccc2ccccc12)Nc1ccccc1,False,False,False,,0.43243243243243246,0.5205479452054794,462.50600000000014,496.5670000000002,34.061000000000035,True,2.7299000000000007,3.7279000000000018,0.9980000000000011,True,,,,,130.44,109.42000000000002,21.019999999999982,False,3.0,3.0,0.0,True,,,,,9.0,9.0,0.0,True
source_tanimoto_property_oracle,mpair_00005156_cond_00_5p,mpair_00005156,eval,5,"MW,LogP,QED,HBD,HBA",COC(=O)[C@H]1C[C@@H](C(=O)O)N1,COC(=O)[C@H]1C[C@@H](C(=O)OC(C)(C)C)N1,COC(=O)[C@H]1C[C@H](O)CCN1,C1CNC1,C1CCNCC1,False,False,False,,0.45454545454545453,0.4166666666666667,215.249,159.18499999999997,56.06400000000002,False,0.23159999999999942,-0.7277000000000002,0.9592999999999996,True,0.6679892922393487,0.4952736328525845,0.17271565938676414,False,,,,,1.0,2.0,1.0,True,5.0,4.0,1.0,True,,,,
source_tanimoto_property_oracle,mpair_00006070_cond_01_5p,mpair_00006070,eval,5,"MW,LogP,HBD,HBA,RB",NC(=O)c1csc(-c2nc3c([nH]2)C(=O)C=CC3=O)n1,CCOC(=O)c1csc(-c2nc3c([nH]2)C(=O)C=C(OC)C3=O)n1,,O=C1C=CC(=O)c2[nH]c(-c3nccs3)nc21,,False,False,False,empty_source_tanimoto_pool,0.0,0.0,333.3250000000001,,nan,False,1.6191999999999998,,nan,False,,,,,,,,,1.0,,nan,False,8.0,,nan,False,4.0,,nan,False
source_tanimoto_property_oracle,mpair_00006864_cond_01_5p,mpair_00006864,eval,5,"LogP,TPSA,HBD,HBA,RB",C[C@@H](Cc1ccc(Cl)c(Cl)c1)C(=O)N[C@H]1N=C(c2ccccc2)c2ccccc2N(C)C1=O,CC(C(=O)N[C@H]1N=C(c2ccccc2)c2ccccc2N(C)C1=O)C(CO)c1ccc(F)c(F)c1,CN1C(=O)[C@@H](NC(=O)[C@H](c2ccc(F)cc2)[C@@H](O)c2ccc(F)c(F)c2)N=C(c2ccccc2)c2ccccc21,O=C(CCc1ccccc1)N[C@H]1N=C(c2ccccc2)c2ccccc2NC1=O,O=C1Nc2ccccc2C(c2ccccc2)=N[C@@H]1NC(=O)[C@@H](Cc1ccccc1)c1ccccc1,False,False,False,,0.5194805194805194,0.6901408450704225,,,,,3.6331000000000024,4.877400000000004,1.2443000000000017,False,,,,,82.0,82.0,0.0,True,2.0,2.0,0.0,True,4.0,4.0,0.0,True,6.0,6.0,0.0,True
source_tanimoto_property_oracle,mpair_00007247_cond_01_5p,mpair_00007247,eval,5,"MW,LogP,QED,HBA,RB",CC(C)Sc1cc(-c2ccccc2)c(-c2ccc(S(C)(=O)=O)cc2)c(=O)o1,CCc1cc(-c2ccccc2)c(-c2ccc(S(C)(=O)=O)cc2)c(=O)o1,Cc1cc(=O)c(-c2ccccc2)c(-c2ccc(S(C)(=O)=O)cc2)o1,O=c1occc(-c2ccccc2)c1-c1ccccc1,O=c1ccoc(-c2ccccc2)c1-c1ccccc1,False,True,False,,0.4716981132075472,0.5,354.4270000000001,340.4000000000001,14.026999999999987,True,3.9397000000000038,3.6857200000000025,0.2539800000000012,True,0.7117564278043503,0.7293404332619072,0.017584005457556895,True,,,,,,,,,4.0,4.0,0.0,True,4.0,3.0,1.0,True
source_tanimoto_property_oracle,mpair_00007397_cond_02_5p,mpair_00007397,eval,5,"MW,QED,TPSA,HBA,RB",CS(=O)(=O)Nc1cc(OCCNCc2ccccc2)ccc1Cl,COc1ccc(OCCNCc2ccccc2)cc1,CS(=O)(=O)Nc1cc(OCCNCc2ccccc2)ccc1Cl,c1ccc(CNCCOc2ccccc2)cc1,c1ccc(CNCCOc2ccccc2)cc1,True,False,False,,1.0,0.5319148936170213,257.333,354.85900000000004,97.52600000000001,False,,,,,0.773652726505582,0.7152006496775133,0.058452076828068744,True,30.490000000000002,67.43,36.940000000000005,False,,,,,3.0,4.0,1.0,True,7.0,8.0,1.0,True
source_tanimoto_property_oracle,mpair_00007424_cond_00_5p,mpair_00007424,eval,5,"LogP,QED,TPSA,HBA,RB",O=C(O)CN1C(=O)C(=O)N(Cc2ccccc2Cl)C1=O,O=C(O)CN1C(=O)C(=O)N(Cc2ccc([N+](=O)[O-])cc2)C1=O,,O=C1NC(=O)N(Cc2ccccc2)C1=O,,False,False,False,empty_source_tanimoto_pool,0.0,0.0,,,,,-0.029799999999999827,,nan,False,0.348567985141265,,nan,False,138.13,,nan,False,,,,,6.0,,nan,False,5.0,,nan,False
source_tanimoto_property_oracle,mpair_00007436_cond_00_5p,mpair_00007436,eval,5,"LogP,QED,TPSA,HBA,RB",O=C(O)CN1C(=O)C(=O)N(Cc2ccc(Cl)cc2)C1=O,O=C(O)CN1C(=O)C(=O)N(Cc2ccccc2[N+](=O)[O-])C1=O,O=C(O)CN1C(=O)C(=O)N(CCc2ccccc2)C1=O,O=C1NC(=O)N(Cc2ccccc2)C1=O,O=C1NC(=O)N(CCc2ccccc2)C1=O,False,False,False,,0.5384615384615384,0.4888888888888889,,,,,-0.029799999999999827,0.10450000000000026,0.13430000000000009,True,0.3485679851412651,0.6078210407287293,0.25925305558746425,False,138.13,94.99000000000001,43.139999999999986,False,,,,,6.0,4.0,2.0,False,5.0,5.0,0.0,True
source_tanimoto_property_oracle,mpair_00007665_cond_00_5p,mpair_00007665,eval,5,"LogP,QED,TPSA,HBD,HBA",CC1CCCCN1CCCOc1ccc(-c2ccc(C#N)cc2)cc1,N#Cc1ccc(-c2ccc(OCCCN3CCC(N)CC3)cc2)cc1,N#Cc1ccc(-c2ccc(OCCCN3CCCNCC3)cc2)cc1,c1ccc(-c2ccc(OCCCN3CCCCC3)cc2)cc1,c1ccc(-c2ccc(OCCCN3CCCNCC3)cc2)cc1,False,True,False,,0.5384615384615384,0.6382978723404256,,,,,3.4172800000000016,3.289480000000001,0.12780000000000058,True,0.8217902361297238,0.8231282298169784,0.0013379936872546239,True,62.28,48.29,13.990000000000002,True,1.0,1.0,0.0,True,4.0,4.0,0.0,True,,,,
source_tanimoto_property_oracle,mpair_00007671_cond_01_5p,mpair_00007671,eval,5,"MW,LogP,QED,HBD,HBA",Cc1cc(CC(N)C(=O)O)cc(C)c1Oc1ccc(O)c(Cc2ccc(O)nc2)c1,O=C(O)CCc1cc(Br)c(Oc2ccc(O)c(Cc3ccc(O)nc3)c2)c(Br)c1,N[C@@H](Cc1cc(Br)c(Sc2ccc(O)c(Cc3ccc(O)nc3)c2)c(Br)c1)C(=O)O,c1ccc(Oc2cccc(Cc3cccnc3)c2)cc1,c1ccc(Sc2cccc(Cc3cccnc3)c2)cc1,False,True,False,,0.59375,0.47058823529411764,523.1770000000002,554.2600000000002,31.08299999999997,True,5.418100000000004,4.7142000000000035,0.7039000000000009,True,0.38291691722181104,0.3343910978570794,0.04852581936473166,True,,,,,3.0,4.0,1.0,True,5.0,6.0,1.0,True,,,,
source_tanimoto_property_oracle,mpair_00007680_cond_00_5p,mpair_00007680,eval,5,"MW,QED,TPSA,HBA,RB",CC(=O)NC1N=C(c2ccccc2)c2ccccc2N(CC(=O)NCCc2cccc(Cl)c2)C1=O,CC(=O)CCCC(=O)NC1N=C(c2ccccc2)c2ccccc2N(CC(=O)NCCc2ccccc2)C1=O,CC(=O)CCCC(=O)NC1N=C(c2ccccc2)c2ccccc2N(CC(=O)NC2CCc3ccccc3C2)C1=O,O=C(CN1C(=O)CN=C(c2ccccc2)c2ccccc21)NCCc1ccccc1,O=C(CN1C(=O)CN=C(c2ccccc2)c2ccccc21)NC1CCc2ccccc2C1,False,False,False,,0.47058823529411764,0.6621621621621622,524.6210000000003,550.6590000000003,26.03800000000001,True,,,,,0.40069205193098983,0.42317183553070636,0.02247978359971653,True,107.94,107.94,0.0,True,,,,,5.0,5.0,0.0,True,11.0,9.0,2.0,False
source_tanimoto_property_oracle,mpair_00007691_cond_01_5p,mpair_00007691,eval,5,"MW,LogP,QED,HBA,RB",CC(=O)CCCC(=O)NC1N=C(c2ccccc2)c2ccccc2N(CC(=O)NCCc2ccccc2Cl)C1=O,CC(=O)NC1N=C(c2ccccc2)c2ccccc2N(CC(=O)NCCc2cccc(Cl)c2)C1=O,CC(=O)NC1N=C(c2ccccc2)c2ccccc2N(CC(=O)NCCc2cccc3ccccc23)C1=O,O=C(CN1C(=O)CN=C(c2ccccc2)c2ccccc21)NCCc1ccccc1,O=C(CN1C(=O)CN=C(c2ccccc2)c2ccccc21)NCCc1cccc2ccccc12,False,False,False,,0.6621621621621622,0.704225352112676,488.9750000000003,504.5900000000003,15.615000000000009,True,3.3451000000000013,3.8449000000000026,0.49980000000000135,True,0.5340646911534161,0.4006932715929395,0.13337141956047666,False,,,,,,,,,4.0,4.0,0.0,True,7.0,7.0,0.0,True
source_tanimoto_property_oracle,mpair_00007804_cond_00_5p,mpair_00007804,eval,5,"MW,LogP,HBD,HBA,RB",CO[C@H]1O[C@H](CO)[C@H](O)[C@H](OCc2cc3ccccc3o/c2=N\S(=O)(=O)c2ccccc2)[C@H]1OC(C)=O,CO[C@H]1O[C@H](CO)[C@H](O)[C@H](OCc2cc3ccccc3o/c2=N\S(=O)(=O)c2ccccc2)[C@H]1O,Cc1ccc(S(=O)(=O)/N=c2\oc3ccccc3cc2CO[C@@H]2O[C@H](CO)[C@H](O)[C@H](O)[C@H]2O)cc1,O=S(=O)(/N=c1\oc2ccccc2cc1COC1CCOCC1)c1ccccc1,O=S(=O)(/N=c1\oc2ccccc2cc1CO[C@H]1CCCCO1)c1ccccc1,False,True,False,,0.64,0.6956521739130435,491.5180000000002,491.5180000000002,0.0,True,0.6929999999999996,0.34731999999999974,0.3456799999999999,True,,,,,,,,,3.0,4.0,1.0,True,9.0,9.0,0.0,True,7.0,6.0,1.0,True
source_tanimoto_property_oracle,mpair_00007872_cond_02_5p,mpair_00007872,eval,5,"LogP,QED,TPSA,HBA,RB",O=C1CC2(C(=O)N1)C(=O)N(Cc1ccc([N+](=O)[O-])cc1)C(=O)c1cccn12,O=C1CC2(C(=O)N1)C(=O)N(Cc1ccccc1Br)C(=O)c1cccn12,COc1ccc(CN2C(=O)c3cccn3C3(CC(=O)NC3=O)C2=O)c(OC)c1,O=C1CC2(C(=O)N1)C(=O)N(Cc1ccccc1)C(=O)c1cccn12,O=C1CC2(C(=O)N1)C(=O)N(Cc1ccccc1)C(=O)c1cccn12,True,False,False,,0.546875,0.6166666666666667,,,,,1.1749999999999998,0.4296999999999996,0.7453000000000003,True,0.6037446721729127,0.60615107218537,0.002406400012457288,True,88.48000000000002,106.94000000000001,18.459999999999994,True,,,,,5.0,7.0,2.0,False,2.0,4.0,2.0,False
source_tanimoto_property_oracle,mpair_00007888_cond_01_5p,mpair_00007888,eval,5,"LogP,QED,TPSA,HBA,RB",O=C1CC2(C(=O)N1)C(=O)N(Cc1ccccc1Br)C(=O)c1cccn12,O=C1CC2(C(=O)N1)C(=O)N(Cc1ccc([N+](=O)[O-])cc1)C(=O)c1cccn12,O=C1CC2(C(=O)N1)C(=O)N(c1ccccc1)C(=O)c1cccn12,O=C1CC2(C(=O)N1)C(=O)N(Cc1ccccc1)C(=O)c1cccn12,O=C1CC2(C(=O)N1)C(=O)N(c1ccccc1)C(=O)c1cccn12,False,False,False,,0.5660377358490566,0.5178571428571429,,,,,0.32069999999999976,0.41689999999999916,0.0961999999999994,True,0.3591511924323177,0.6104965697382142,0.2513453773058965,False,131.62,88.48000000000002,43.139999999999986,False,,,,,7.0,5.0,2.0,False,3.0,1.0,2.0,False
source_tanimoto_property_oracle,mpair_00008149_cond_01_5p,mpair_00008149,eval,5,"MW,QED,HBD,HBA,RB",CC(C)N(CC(O)Cn1c2ccccc2c(=O)c2cccc(C(=O)O)c21)C(C)C,CCN(CC)CC(O)Cn1c2ccccc2c(=O)c2cccc(Cl)c21,,O=c1c2ccccc2[nH]c2ccccc12,,False,False,False,empty_source_tanimoto_pool,0.0,0.0,358.8690000000001,,nan,False,,,,,0.6857244766376484,,nan,False,,,,,1.0,,nan,False,4.0,,nan,False,6.0,,nan,False
source_tanimoto_property_oracle,mpair_00008195_cond_02_5p,mpair_00008195,eval,5,"MW,LogP,QED,TPSA,HBA",OC1Cc2cccc(I)c2CC1N1CCC(c2ccccc2)CC1,CC(=O)Nc1cccc2c1CC(N1CCC(c3ccccc3)CC1)C(O)C2,O[C@@H]1CCN(Cc2ccc(F)cc2)C[C@H]1N1CCC(c2ccccc2)CC1,c1ccc(C2CCN(C3CCc4ccccc4C3)CC2)cc1,c1ccc(CN2CCC[C@H](N3CCC(c4ccccc4)CC3)C2)cc1,False,False,False,,0.41379310344827586,0.375,364.4890000000001,368.4960000000001,4.007000000000005,True,3.3527000000000022,3.640500000000003,0.2878000000000007,True,0.8781331561832402,0.8925660850926451,0.014432928909404952,True,52.57000000000001,26.71,25.860000000000007,False,,,,,3.0,3.0,0.0,True,,,,
source_tanimoto_property_oracle,mpair_00008524_cond_01_5p,mpair_00008524,eval,5,"LogP,QED,TPSA,HBD,HBA",OCCOc1ccc(Cc2ccc(NC3=NCCN3)cc2)cc1,CCCOc1ccc(Cc2ccc(NC3=NCCN3)cc2)cc1,c1cc(NC2=NCCN2)ccc1Cc1ccc(OC2CCOCC2)cc1,c1ccc(Cc2ccc(NC3=NCCN3)cc2)cc1,c1cc(NC2=NCCN2)ccc1Cc1ccc(OC2CCOCC2)cc1,False,True,False,,0.5849056603773585,0.5849056603773585,,,,,3.4373000000000014,3.2063000000000024,0.23099999999999898,True,0.8590330575707383,0.868529397403318,0.009496339832579692,True,45.65,54.88000000000001,9.230000000000011,True,2.0,2.0,0.0,True,4.0,5.0,1.0,True,,,,
source_tanimoto_property_oracle,mpair_00008547_cond_00_5p,mpair_00008547,eval,5,"LogP,QED,TPSA,HBA,RB",O=c1[nH]c(=O)n(COCCO)cc1Cc1cccc(Oc2ccc(F)cc2)c1,O=c1[nH]c(=O)n(COC(CO)CO)cc1Cc1cccc(Oc2ccc(F)cc2)c1,O=c1[nH]c(=O)n(COCCO)cc1Cc1cccc(OCCCF)c1,O=c1[nH]cc(Cc2cccc(Oc3ccccc3)c2)c(=O)[nH]1,O=c1[nH]cc(Cc2ccccc2)c(=O)[nH]1,False,False,False,,0.711864406779661,0.5223880597014925,,,,,1.3861000000000008,0.8322000000000003,0.5539000000000005,True,0.48581208962950656,0.618030706230951,0.13221861660144446,False,113.78000000000002,93.55000000000001,20.230000000000004,False,,,,,7.0,6.0,1.0,True,9.0,10.0,1.0,True
source_tanimoto_property_oracle,mpair_00008646_cond_02_5p,mpair_00008646,eval,5,"MW,LogP,QED,HBD,RB",N#Cc1ccccc1N1CCN(C(=O)c2cc3ccccc3[nH]2)CC1,CC(C)Nc1ccc(F)cc1N1CCN(C(=O)c2cc3ccccc3[nH]2)CC1,CCCNc1cccnc1N1CCN(C(=O)c2cc3ccccc3[nH]2)CC1,O=C(c1cc2ccccc2[nH]1)N1CCN(c2ccccc2)CC1,O=C(c1cc2ccccc2[nH]1)N1CCN(c2ccccn2)CC1,False,True,False,,0.484375,0.5147058823529411,380.4670000000001,363.4650000000001,17.00200000000001,True,4.089700000000003,3.3472000000000017,0.7425000000000015,True,0.7168114142147228,0.7296580902311408,0.01284667601641798,True,,,,,2.0,2.0,0.0,True,,,,,4.0,5.0,1.0,True
source_tanimoto_property_oracle,mpair_00008735_cond_00_5p,mpair_00008735,eval,5,"MW,QED,HBD,HBA,RB",CC(=O)Oc1ccc(-c2c(C)c3ccc(OC(C)=O)cc3n2Cc2ccccc2)cc1,Cc1c(-c2ccc(O)cc2)n(Cc2ccccc2)c2cc(O)ccc12,Cc1c(-c2ccc(O)cc2)n(Cc2ccc(O)cc2)c2ccc(O)cc12,c1ccc(Cn2c(-c3ccccc3)cc3ccccc32)cc1,c1ccc(Cn2c(-c3ccccc3)cc3ccccc32)cc1,True,True,True,,0.4444444444444444,0.6904761904761905,329.39900000000006,345.3980000000001,15.999000000000024,True,,,,,0.5506176369119878,0.5004305253780041,0.0501871115339837,True,,,,,2.0,3.0,1.0,True,3.0,4.0,1.0,True,3.0,3.0,0.0,True
source_tanimoto_property_oracle,mpair_00009373_cond_01_5p,mpair_00009373,eval,5,"MW,LogP,QED,TPSA,HBA",CC(C)(C)C(=O)NCc1ccc(NC(=O)N(CC(O)c2cccc(C#N)c2)C2CCC2)cc1,CC(C)(C)C(=O)NCc1ccc(NC(=O)N(CC(O)c2cc(Cl)cc(Cl)c2)C2CCC2)cc1,CC[C@@H](C)N(C[C@@H](O)c1ccc(Cl)c(Cl)c1)C(=O)Nc1ccc(CNC(=O)C(C)(C)C)cc1,O=C(Nc1ccccc1)N(CCc1ccccc1)C1CCC1,O=C(NCCc1ccccc1)Nc1ccccc1,False,True,False,,0.47435897435897434,0.5352112676056338,492.44700000000023,494.46300000000025,2.0160000000000196,True,5.775700000000006,6.021700000000006,0.24600000000000044,True,0.45873063056047403,0.41975145099256045,0.03897917956791358,True,81.67,81.66999999999999,1.4210854715202004e-14,True,,,,,3.0,3.0,0.0,True,,,,
source_tanimoto_property_oracle,mpair_00009967_cond_01_5p,mpair_00009967,eval,5,"LogP,QED,TPSA,HBA,RB",CN1C(=O)CC[C@]2(C)c3ccc(Cl)cc3CC[C@@H]12,CN1C(=O)CC[C@]2(C)c3ccc(CC(=O)O)cc3CC[C@@H]12,CN1C(=O)CCC2(C)c3ccc(F)cc3CCC12,O=C1CCC2c3ccccc3CC[C@H]2N1,O=C1CCC2c3ccccc3CCC2N1,False,False,False,,0.7333333333333333,0.6470588235294118,,,,,2.1384,2.650400000000001,0.5120000000000013,True,0.9063391182403678,0.6898997961397735,0.21643932210059436,False,57.61,20.310000000000002,37.3,False,,,,,2.0,1.0,1.0,True,2.0,0.0,2.0,False
source_tanimoto_property_oracle,mpair_00010005_cond_01_5p,mpair_00010005,eval,5,"LogP,QED,HBD,HBA,RB",NC(=O)c1ccc(-c2ccc(CC(=O)Nc3cc(C4CC4)[nH]n3)cc2)cc1,Cc1cccc(-c2ccc(CC(=O)Nc3cc(C4CC4)[nH]n3)cc2)c1,O=C(Nc1cc(C2CC2)[nH]n1)c1ccccc1Cl,O=C(Cc1ccc(-c2ccccc2)cc1)Nc1cc(C2CC2)[nH]n1,O=C(Nc1cc(C2CC2)[nH]n1)c1ccccc1,False,False,False,,0.4482758620689655,0.45,,,,,4.443720000000002,3.192800000000001,1.2509200000000007,False,0.725772975474698,0.8914391314582907,0.1656661559835927,False,,,,,2.0,2.0,0.0,True,2.0,2.0,0.0,True,5.0,3.0,2.0,False
source_tanimoto_property_oracle,mpair_00010714_cond_02_5p,mpair_00010714,eval,5,"MW,LogP,QED,HBD,RB",CC(C)C1=CC2CC3(C=O)[C@@H]4CC[C@@H](C)[C@H]4CC2(CO[C@H]2CN[C@H](C)CO2)[C@]13C(=O)O,C=C(Cl)CN1C[C@H](OCC23C[C@@H]4[C@H](C)CC[C@H]4C4(C=O)CC2C=C(C(C)C)[C@@]34C(=O)O)OC[C@H]1C,CC(C)C1=CC2CC3(C=O)[C@@H]4CC[C@@H](C)[C@H]4CC2(CO[C@H]2CN(S(=O)(=O)C4CC4)[C@H](C)CO2)[C@]13C(=O)O,C1=CC2C3CC1C2(CO[C@H]1CNCCO1)C[C@@H]1CCC[C@@H]31,O=S(=O)(C1CC1)N1CCO[C@@H](OCC23C[C@@H]4CCC[C@H]4C4CC2C=CC43)C1,False,False,False,,0.6962025316455697,0.7317073170731707,506.0830000000003,535.7030000000004,29.62000000000012,True,4.726900000000004,3.4666000000000023,1.2603000000000018,False,0.3795111965843427,0.37432873897044405,0.005182457613898628,True,,,,,1.0,1.0,0.0,True,,,,,8.0,8.0,0.0,True
source_tanimoto_property_oracle,mpair_00010899_cond_00_5p,mpair_00010899,eval,5,"LogP,QED,TPSA,HBA,RB",CC(C)[C@H](NC(=O)[C@@H]1Cc2ccccc2CN1C(=O)[C@@H](N)Cc1c[nH]c2ccccc12)C(=O)O,NC(=O)CC[C@H](NC(=O)[C@@H]1Cc2ccccc2CN1C(=O)[C@@H](N)Cc1c[nH]c2ccccc12)C(=O)O,CC(C)(C)[C@H](NC[C@@H](N)CS)C(=O)N1Cc2ccccc2C[C@H]1C(=O)N[C@H](CCS(C)(=O)=O)C(=O)O,O=C(CCc1c[nH]c2ccccc12)N1CCc2ccccc2C1,c1ccc2c(c1)CCNC2,False,False,False,,0.4044943820224719,0.43820224719101125,,,,,0.826100000000002,0.20540000000000397,0.620699999999998,True,0.29652005438814183,0.24819982099874383,0.048320233389398004,True,171.60999999999999,158.89999999999998,12.710000000000008,True,,,,,5.0,8.0,3.0,False,9.0,11.0,2.0,False
source_tanimoto_property_oracle,mpair_00010919_cond_01_5p,mpair_00010919,eval,5,"MW,LogP,QED,HBD,RB",COc1cc2nc(N3CCCC3)nc(NCCCCCN3CCNCC3)c2cc1OC,COc1cc2nc(N3CCCC3)nc(NCCCCCN3CCN(C(C)C)CC3)c2cc1OC,CCN(CC)CCCCCNc1nc(N2CCCC2)nc2cc(OC)c(OC)cc12,c1ccc2c(NCCCCCN3CCNCC3)nc(N3CCCC3)nc2c1,c1ccc2nc(N3CCCC3)ncc2c1,False,False,False,,0.6721311475409836,0.6507936507936508,470.6620000000004,415.5820000000002,55.080000000000155,False,3.855400000000003,4.171200000000003,0.3158000000000003,True,0.49692764299392717,0.5220304680103813,0.025102825016454167,True,,,,,1.0,1.0,0.0,True,,,,,11.0,12.0,1.0,True
source_tanimoto_property_oracle,mpair_00011098_cond_00_5p,mpair_00011098,eval,5,"LogP,QED,TPSA,HBD,HBA",Cc1nn(-c2ccccc2)c2c1c(O)nc1ccccc12,Cc1cccc(-n2nc(C)c3c(Cl)nc4ccccc4c32)c1,Cc1nn(-c2cccc(Cl)c2)c2c1c(=O)n(C)c1ccccc21,c1ccc(-n2ncc3cnc4ccccc4c32)cc1,O=c1[nH]c2ccccc2c2c1cnn2-c1ccccc1,False,False,False,,0.41509433962264153,0.4909090909090909,,,,,4.8439400000000035,3.839220000000002,1.0047200000000016,False,0.4708782994807681,0.5337134169453674,0.06283511746459935,True,30.71,39.82,9.11,True,0.0,0.0,0.0,True,3.0,4.0,1.0,True,,,,
source_tanimoto_property_oracle,mpair_00011110_cond_01_5p,mpair_00011110,eval,5,"LogP,QED,TPSA,HBD,HBA",COc1cccc(-n2nc(C)c3c(O)nc4ccccc4c32)c1,COc1nc2ccccc2c2c1c(C)nn2-c1cccc(Cl)c1,COc1ccc2oc3c(c(C)nn3-c3ccccc3)c(=O)c2c1,c1ccc(-n2ncc3cnc4ccccc4c32)cc1,O=c1c2ccccc2oc2c1cnn2-c1ccccc1,False,False,False,,0.4406779661016949,0.4032258064516129,,,,,4.544120000000003,3.448920000000002,1.095200000000001,False,0.5432876380245963,0.5689645152365926,0.025676877211996296,True,39.940000000000005,57.260000000000005,17.32,True,0.0,0.0,0.0,True,4.0,5.0,1.0,True,,,,
source_tanimoto_property_oracle,mpair_00012048_cond_00_5p,mpair_00012048,eval,5,"LogP,QED,TPSA,HBD,HBA",Oc1ccccc1N1CCN(c2nc3ccccc3s2)CC1,Clc1cccc(N2CCN(c3nc4ccccc4s3)CC2)c1,Oc1ccccc1N1CCN(Cc2nc3ccccc3[nH]2)CC1,c1ccc(N2CCN(c3nc4ccccc4s3)CC2)cc1,c1ccc(N2CCN(Cc3nc4ccccc4[nH]3)CC2)cc1,False,False,False,,0.46,0.22580645161290322,,,,,4.276300000000003,2.590700000000001,1.6856000000000018,False,0.6993705773617076,0.7807243505570033,0.08135377319529569,True,19.37,55.39,36.019999999999996,False,0.0,2.0,2.0,False,4.0,4.0,0.0,True,,,,
source_tanimoto_property_oracle,mpair_00013357_cond_00_5p,mpair_00013357,eval,5,"LogP,QED,TPSA,HBD,HBA",COC(=O)[C@H](c1cccc(C)c1)[C@H]1CCCCN1C,COC(=O)[C@H](c1ccc(O)cc1)[C@H]1CCCCN1C,COC(=O)[C@H](c1cccc(Cl)c1)C1CCCCN1,c1ccc(C[C@H]2CCCCN2)cc1,c1ccc(CC2CCCCN2)cc1,False,True,False,,0.45614035087719296,0.3620689655172414,,,,,2.1330999999999998,2.7387000000000006,0.6056000000000008,True,0.8487909113672916,0.8561354045719801,0.007344493204688551,True,49.77,38.33,11.440000000000005,True,1.0,1.0,0.0,True,4.0,3.0,1.0,True,,,,
source_tanimoto_property_oracle,mpair_00013608_cond_01_5p,mpair_00013608,eval,5,"LogP,TPSA,HBD,HBA,RB",CS(=O)(=O)c1ccc(-c2cc(Cl)cnc2-c2ccc(CO)nc2)cc1,CS(=O)(=O)c1ccc(-c2cc(Cl)cnc2-c2cccnc2)cc1,Cc1ccncc1-c1ncc(Cl)cc1-c1ccc(S(C)(=O)=O)cc1,c1ccc(-c2cccnc2-c2cccnc2)cc1,c1ccc(-c2cccnc2-c2cccnc2)cc1,True,True,True,,0.5769230769230769,0.6875,,,,,3.8675000000000024,4.175920000000003,0.3084200000000008,True,,,,,59.92,59.92,0.0,True,0.0,0.0,0.0,True,4.0,4.0,0.0,True,3.0,3.0,0.0,True
source_tanimoto_property_oracle,mpair_00013945_cond_00_5p,mpair_00013945,eval,5,"LogP,QED,TPSA,HBD,HBA",CC(c1cccc(C(=N)N)n1)C1OCCO1,CSC(=N)c1cccc(C(C)C2OCCO2)n1,CC(c1cccc(C#N)n1)C1OCCO1,c1ccc(CC2OCCO2)nc1,c1ccc(CC2OCCO2)nc1,True,True,True,,0.5454545454545454,0.5217391304347826,,,,,2.2463699999999998,1.42968,0.8166899999999997,True,0.6618999522301771,0.7308318547752716,0.06893190254509451,True,55.2,55.14,0.060000000000002274,True,1.0,0.0,1.0,True,5.0,4.0,1.0,True,,,,
source_tanimoto_property_oracle,mpair_00014860_cond_02_5p,mpair_00014860,eval,5,"MW,LogP,HBD,HBA,RB",CCCCCCNc1nc2ccccc2n2cncc12,CCCc1nc2ccccc2n2cncc12,c1ccc(Nc2nc3ccccc3n3cncc23)cc1,c1ccc2c(c1)ncc1cncn12,c1ccc(Nc2nc3ccccc3n3cncc23)cc1,False,False,False,,0.5531914893617021,0.5,211.268,260.3,49.03200000000001,False,2.835000000000001,3.626100000000001,0.7911000000000001,True,,,,,,,,,0.0,1.0,1.0,True,3.0,4.0,1.0,True,2.0,2.0,0.0,True
source_tanimoto_property_oracle,mpair_00015735_cond_02_5p,mpair_00015735,eval,5,"QED,TPSA,HBD,HBA,RB",O=C1c2c(O)cccc2Cc2ccc(CCc3ccccc3)c(O)c21,O=C1c2c(O)cccc2Cc2ccc(C(Cc3ccccc3)C(=O)NO)c(O)c21,O=C(NO)c1ccc(Cc2ccc3c(c2O)C(=O)c2c(O)cccc2C3)cc1,O=C1c2ccccc2Cc2ccc(CCc3ccccc3)cc21,O=C1c2ccccc2Cc2ccc(Cc3ccccc3)cc21,False,True,False,,0.5769230769230769,0.5081967213114754,,,,,,,,,0.3170091346244461,0.32534394584629134,0.008334811221845262,True,106.86,106.86,0.0,True,4.0,4.0,0.0,True,5.0,5.0,0.0,True,4.0,3.0,1.0,True
source_tanimoto_property_oracle,mpair_00016518_cond_00_5p,mpair_00016518,eval,5,"MW,LogP,QED,HBD,RB",CCCN(CCC)CCCNc1ncc(C)c2c1c1cnccc1n2C,CCNCCCNc1ncc(C)c2c1c1cnccc1n2C,Cc1cnc(NCC(C)CN(C)C)c2c3cc(O)ccc3n(C)c12,c1cc2[nH]c3ccncc3c2cn1,c1ccc2c(c1)[nH]c1ccncc12,False,True,False,,0.4142857142857143,0.417910447761194,297.40600000000006,326.4440000000001,29.03800000000001,True,2.8414200000000003,3.350120000000002,0.5087000000000019,True,0.6869994749888312,0.7548359608792302,0.06783648589039903,True,,,,,2.0,2.0,0.0,True,,,,,6.0,5.0,1.0,True
source_tanimoto_property_oracle,mpair_00017118_cond_02_5p,mpair_00017118,eval,5,"MW,QED,HBD,HBA,RB",COc1ccccc1N1CCN(c2cc3c(cc2N)c(=O)c(C(=O)O)cn3C(C)(C)C)CC1,COc1ccccc1N1CCN(c2c(F)cc3c(=O)c(C(=O)O)cn(CCN(C)C)c3c2OC(F)F)CC1,COc1ccc(N2CCN(c3cc4c(cc3N)c(=O)c(C(=O)O)cn4C(C)(C)C)CC2)cc1,O=c1cc[nH]c2cc(N3CCN(c4ccccc4)CC3)ccc12,O=c1cc[nH]c2cc(N3CCN(c4ccccc4)CC3)ccc12,True,False,False,,0.75,0.31868131868131866,534.5350000000001,450.53900000000027,83.99599999999981,False,,,,,0.44758921140603314,0.5878548502454992,0.14026563883946608,False,,,,,1.0,2.0,1.0,True,8.0,7.0,1.0,True,9.0,4.0,5.0,False
source_tanimoto_property_oracle,mpair_00017209_cond_00_5p,mpair_00017209,eval,5,"QED,TPSA,HBD,HBA,RB",O=C(NCc1ccc([N+](=O)[O-])cc1)OCCCc1c[nH]cn1,CN(Cc1ccccc1)C(=O)OCCCc1c[nH]cn1,O=C(Cc1ccc(Cl)cc1)OCCCc1c[nH]cn1,O=C(NCc1ccccc1)OCCCc1c[nH]cn1,O=C(Cc1ccccc1)OCCCc1c[nH]cn1,False,False,False,,0.5087719298245614,0.509090909090909,,,,,,,,,0.8230012341030899,0.652901747669726,0.17009948643336392,False,58.22,54.980000000000004,3.239999999999995,True,1.0,1.0,0.0,True,3.0,3.0,0.0,True,6.0,6.0,0.0,True
source_tanimoto_property_oracle,mpair_00001355_cond_00_6p,mpair_00001355,eval,6,"LogP,QED,TPSA,HBD,HBA,RB",Nc1nc(O)c(N=O)c(NCCCO)n1,CCNc1nc(N)nc(O)c1N=O,Nc1nc(O)c(N=O)c(NCCCO)n1,c1cncnc1,c1cncnc1,True,False,False,,1.0,0.6578947368421053,,,,,0.5940999999999996,-0.04340000000000005,0.6374999999999997,True,0.5908316431660211,0.3977619077750839,0.1930697353909372,False,113.49000000000001,133.72,20.22999999999999,False,3.0,4.0,1.0,True,7.0,8.0,1.0,True,3.0,5.0,2.0,False
source_tanimoto_property_oracle,mpair_00002478_cond_01_6p,mpair_00002478,eval,6,"MW,LogP,QED,TPSA,HBD,HBA",COc1cc(C(=O)N2CCN(C(=O)c3cc(OC)c(OC)c(OC)c3)CC2)cc(OC)c1OC,COc1cc(C(=O)N2CCN(C(=O)c3cc(OC)c(OC)c(OC)c3)C(COC(=O)NCCC(C)C)C2)cc(OC)c1OC,COc1cc(C(=O)n2nc(Nc3ccc(C)cc3)nc2N)cc(OC)c1OC,O=C(c1ccccc1)N1CCN(C(=O)c2ccccc2)CC1,O=C(c1ccccc1)n1cnc(Nc2ccccc2)n1,False,False,False,,0.40384615384615385,0.2857142857142857,617.6960000000003,383.40800000000024,234.288,False,3.4773000000000023,2.626620000000001,0.8506800000000014,True,0.3561059094946873,0.6677335658733173,0.31162765637863005,False,134.33,113.52000000000001,20.810000000000002,False,1.0,2.0,1.0,True,10.0,9.0,1.0,True,,,,
source_tanimoto_property_oracle,mpair_00002488_cond_01_6p,mpair_00002488,eval,6,"MW,LogP,QED,HBD,HBA,RB",COc1cc(C(=O)N2CCN(C(=O)c3cc(OC)c(OC)c(OC)c3)C(CO)C2)cc(OC)c1OC,CCN(CC)C(=O)OCC1CN(C(=O)c2cc(OC)c(OC)c(OC)c2)CCN1C(=O)c1cc(OC)c(OC)c(OC)c1,,O=C(c1ccccc1)N1CCN(C(=O)c2ccccc2)CC1,,False,False,False,empty_source_tanimoto_pool,0.0,0.0,603.6690000000003,,nan,False,3.1834000000000024,,nan,False,0.3571777118480848,,nan,False,,,,,0.0,,nan,False,10.0,,nan,False,12.0,,nan,False
source_tanimoto_property_oracle,mpair_00003588_cond_01_6p,mpair_00003588,eval,6,"MW,LogP,QED,TPSA,HBD,RB",CC(C)c1ccc(Cn2ccc3c4c(N(C)C)nc(N(C)C)nc4ccc32)cc1,CC(C)(C)c1ccc(Cn2ccc3c4c(N)nc(N)nc4ccc32)cc1,,c1ccc(Cn2ccc3c4cncnc4ccc32)cc1,,False,False,False,empty_source_tanimoto_pool,0.0,0.0,345.45000000000005,,nan,False,4.094700000000002,,nan,False,0.5729407842811197,,nan,False,82.75,,nan,False,2.0,,nan,False,,,,,2.0,,nan,False
source_tanimoto_property_oracle,mpair_00004747_cond_00_6p,mpair_00004747,eval,6,"MW,LogP,QED,HBD,HBA,RB",O=C(N[C@@H](Cc1ccccc1)C(=O)O)c1cccc2ccccc12,CCNC(=O)C(C)NC(=O)[C@H](Cc1ccc([N+](=O)[O-])cc1)NC(=O)c1cccc2ccccc12,O=C(N[C@@H](Cc1ccc(NC(=O)c2ccnc3ccccc23)cc1)C(=O)O)C(=O)c1ccccc1,O=C(NCCc1ccccc1)c1cccc2ccccc12,O=C(NCCc1ccc(NC(=O)c2ccnc3ccccc23)cc1)C(=O)c1ccccc1,False,True,False,,0.4406779661016949,0.3,462.50600000000014,467.48100000000017,4.975000000000023,True,2.7299000000000007,3.4819000000000013,0.7520000000000007,True,0.332478065240171,0.2691144418490418,0.06336362339112916,True,,,,,3.0,3.0,0.0,True,5.0,5.0,0.0,True,9.0,8.0,1.0,True
source_tanimoto_property_oracle,mpair_00004756_cond_02_6p,mpair_00004756,eval,6,"MW,QED,TPSA,HBD,HBA,RB",CCOC(=O)[C@@H](C)NC(=O)[C@H](Cc1ccc([N+](=O)[O-])cc1)NC(=O)c1cccc2ccccc12,COC(=O)[C@H](Cc1ccc([N+](=O)[O-])cc1)NC(=O)c1cccc2ccccc12,O=C(N[C@@H](Cc1ccc([N+](=O)[O-])cc1)C1=NCCO1)c1cccc2ccccc12,O=C(NCCc1ccccc1)c1cccc2ccccc12,O=C(N[C@@H](Cc1ccccc1)C1=NCCO1)c1cccc2ccccc12,False,False,False,,0.5428571428571428,0.6031746031746031,378.38400000000007,389.41100000000006,11.026999999999987,True,,,,,0.4032206465621875,0.5155336817877483,0.1123130352255608,False,98.53999999999999,93.83,4.709999999999994,True,1.0,1.0,0.0,True,5.0,5.0,0.0,True,6.0,6.0,0.0,True
source_tanimoto_property_oracle,mpair_00004834_cond_02_6p,mpair_00004834,eval,6,"MW,LogP,QED,HBD,HBA,RB",O=CNC(=O)c1cnn2c1n[n+]([O-])c1ccc(Cl)cc12,C/C(=N\C(=O)c1cnn2c1n[n+]([O-])c1ccc(Cl)cc12)N(C)C,,c1ccc2c(c1)[nH+]nc1ccnn12,,False,False,False,empty_source_tanimoto_pool,0.0,0.0,332.7510000000001,,nan,False,1.2894999999999999,,nan,False,0.28974905987188526,,nan,False,,,,,0.0,,nan,False,5.0,,nan,False,1.0,,nan,False
source_tanimoto_property_oracle,mpair_00006871_cond_00_6p,mpair_00006871,eval,6,"MW,LogP,QED,TPSA,HBD,HBA",CN1C(=O)[C@@H](NC(=O)[C@H](N)Cc2ccccc2)N=C(c2ccccc2)c2ccccc21,C[C@@H](Cc1ccc(Cl)c(Cl)c1)C(=O)N[C@H]1N=C(c2ccccc2)c2ccccc2N(C)C1=O,CN1C(=O)[C@H](NC(=O)Cc2ccc(C(F)(F)F)cc2C(F)(F)F)N=C(c2ccccc2)c2ccccc21,O=C(CCc1ccccc1)N[C@H]1N=C(c2ccccc2)c2ccccc2NC1=O,O=C(Cc1ccccc1)N[C@@H]1N=C(c2ccccc2)c2ccccc2NC1=O,False,False,False,,0.5211267605633803,0.4935064935064935,480.3950000000002,519.445,39.04999999999984,False,5.128300000000006,5.223000000000003,0.09469999999999779,True,0.5507225512128597,0.4807124674454219,0.07001008376743784,True,61.77,61.77,0.0,True,1.0,1.0,0.0,True,3.0,3.0,0.0,True,,,,
source_tanimoto_property_oracle,mpair_00007291_cond_01_6p,mpair_00007291,eval,6,"LogP,QED,TPSA,HBD,HBA,RB",NCCNC(=O)C1Cc2c([nH]c3ccccc23)C(c2cccc(O)c2)N1,COC(=O)C1Cc2c([nH]c3ccccc23)C(c2ccc(Cl)cc2)N1,COC(=O)C1Cc2c([nH]c3ccccc23)C(CO)N1,c1ccc(C2NCCc3c2[nH]c2ccccc32)cc1,c1ccc2c3c([nH]c2c1)CNCC3,False,False,False,,0.4461538461538462,0.6415094339622641,,,,,3.5980000000000016,0.8885999999999998,2.709400000000002,False,0.7007933905852917,0.7010061040826847,0.00021271349739304668,True,54.120000000000005,74.35000000000001,20.230000000000004,False,2.0,3.0,1.0,True,3.0,4.0,1.0,True,2.0,2.0,0.0,True
source_tanimoto_property_oracle,mpair_00007691_cond_00_6p,mpair_00007691,eval,6,"MW,LogP,QED,TPSA,HBA,RB",CC(=O)CCCC(=O)NC1N=C(c2ccccc2)c2ccccc2N(CC(=O)NCCc2ccccc2Cl)C1=O,CC(=O)NC1N=C(c2ccccc2)c2ccccc2N(CC(=O)NCCc2cccc(Cl)c2)C1=O,O=C(O)CN1C(=O)C(NC(=O)c2cc3ccccc3[nH]2)N=C(c2ccccc2)c2ccccc21,O=C(CN1C(=O)CN=C(c2ccccc2)c2ccccc21)NCCc1ccccc1,O=C(NC1N=C(c2ccccc2)c2ccccc2NC1=O)c1cc2ccccc2[nH]1,False,False,False,,0.43902439024390244,0.46835443037974683,488.9750000000003,452.47000000000014,36.505000000000166,False,3.3451000000000013,3.1926000000000014,0.15249999999999986,True,0.5340646911534161,0.4313548220202477,0.10270986913316843,False,90.87,114.86,23.989999999999995,False,,,,,4.0,4.0,0.0,True,7.0,5.0,2.0,False
source_tanimoto_property_oracle,mpair_00007880_cond_00_6p,mpair_00007880,eval,6,"MW,LogP,QED,TPSA,HBD,HBA",O=C1CC2(C(=O)N1)C(=O)N(Cc1ccc(C(F)(F)F)cc1)C(=O)c1cccn12,Nc1ccc(CN2C(=O)c3cccn3C3(CC(=O)NC3=O)C2=O)cc1,CN1C(=O)CC2(C1=O)C(=O)N(Cc1ccc(C(F)(F)F)cc1)C(=O)c1ccccc12,O=C1CC2(C(=O)N1)C(=O)N(Cc1ccccc1)C(=O)c1cccn12,O=C1CC2(C(=O)N1)C(=O)N(Cc1ccccc1)C(=O)c1ccccc12,False,False,False,,0.4307692307692308,0.2857142857142857,338.3230000000001,416.3550000000001,78.03199999999998,False,-0.005299999999999805,2.514500000000001,2.5198000000000005,False,0.45417020849830125,0.5571265079050233,0.10295629940672202,False,114.5,74.76,39.739999999999995,False,2.0,0.0,2.0,False,6.0,4.0,2.0,False,,,,
source_tanimoto_property_oracle,mpair_00008120_cond_01_6p,mpair_00008120,eval,6,"LogP,QED,TPSA,HBD,HBA,RB",CCN(CC)CC(O)Cn1c2ccccc2c(=O)c2cccc(Cl)c21,CCN(CC)CC(O)Cn1c2ccccc2c(=O)c2cccc(C(=O)O)c21,O=C(O)c1cccc2c(=O)c3ccccc3n(CC(O)CN3CCN(C4CCCCC4)CC3)c12,O=c1c2ccccc2[nH]c2ccccc12,O=c1c2ccccc2n(CCCN2CCN(C3CCCCC3)CC2)c2ccccc12,False,True,False,,0.4,0.5625,,,,,2.5556,3.164100000000002,0.608500000000002,True,0.6264686403840823,0.5464574536471942,0.08001118673688812,True,82.77,86.00999999999999,3.239999999999995,True,2.0,2.0,0.0,True,5.0,6.0,1.0,True,7.0,6.0,1.0,True
source_tanimoto_property_oracle,mpair_00008543_cond_02_6p,mpair_00008543,eval,6,"LogP,QED,TPSA,HBD,HBA,RB",O=c1[nH]c(=O)n(COCCO)cc1Cc1cccc(Oc2ccc(Cl)cc2)c1,O=c1[nH]c(=O)n(COC(CO)CO)cc1Cc1cccc(Oc2ccccc2)c1,O=c1[nH]c(=O)n(COC(CO)CO)cc1Cc1cccc(OCCCF)c1,O=c1[nH]cc(Cc2cccc(Oc3ccccc3)c2)c(=O)[nH]1,O=c1[nH]cc(Cc2ccccc2)c(=O)[nH]1,False,False,False,,0.5147058823529411,0.7241379310344828,,,,,1.2470000000000003,0.1931000000000005,1.0538999999999998,False,0.4998954215643975,0.47840738880315165,0.021488032761245834,True,113.78000000000002,113.78000000000002,0.0,True,3.0,3.0,0.0,True,7.0,7.0,0.0,True,9.0,11.0,2.0,False
source_tanimoto_property_oracle,mpair_00008562_cond_01_6p,mpair_00008562,eval,6,"MW,QED,TPSA,HBD,HBA,RB",O=c1[nH]c(=O)n(COCCO)cc1Cc1cccc(Oc2ccccc2)c1,O=c1[nH]c(=O)n(COC(CO)CO)cc1Cc1cccc(Oc2cccc(Cl)c2)c1,O=c1[nH]c(=O)n(COCCO)c(Sc2ccccc2)c1I,O=c1[nH]cc(Cc2cccc(Oc3ccccc3)c2)c(=O)[nH]1,O=c1cc(Sc2ccccc2)[nH]c(=O)[nH]1,False,False,False,,0.4126984126984127,0.24,432.8600000000001,420.228,12.632000000000119,True,,,,,0.475610070963199,0.4178601518452177,0.05774991911798133,True,113.78000000000002,84.32000000000001,29.460000000000008,False,3.0,2.0,1.0,True,7.0,6.0,1.0,True,9.0,6.0,3.0,False
source_tanimoto_property_oracle,mpair_00008569_cond_00_6p,mpair_00008569,eval,6,"LogP,QED,TPSA,HBD,HBA,RB",O=c1[nH]c(=O)n(COC(CO)CO)cc1Cc1cccc(Oc2ccc(F)cc2)c1,O=c1[nH]c(=O)n(COCCO)cc1Cc1cccc(Oc2ccc(Cl)cc2)c1,CCCOc1cccc(Cc2cn(COCCO)c(=O)[nH]c2=O)c1,O=c1[nH]cc(Cc2cccc(Oc3ccccc3)c2)c(=O)[nH]1,O=c1[nH]cc(Cc2ccccc2)c(=O)[nH]1,False,False,False,,0.5074626865671642,0.6949152542372882,,,,,2.539500000000001,0.8825999999999998,1.6569000000000014,False,0.5646201784137145,0.6641944427452263,0.09957426433151184,True,93.55000000000001,93.55000000000001,0.0,True,2.0,2.0,0.0,True,6.0,6.0,0.0,True,8.0,9.0,1.0,True
source_tanimoto_property_oracle,mpair_00008572_cond_02_6p,mpair_00008572,eval,6,"MW,QED,TPSA,HBD,HBA,RB",O=c1[nH]c(=O)n(COC(CO)CO)cc1Cc1cccc(Oc2cccc(Cl)c2)c1,O=c1[nH]c(=O)n(COCCO)cc1Cc1cccc(Oc2ccccc2)c1,O=c1[nH]c(=O)n(COCCO)cc1Cc1cccc(OCCCF)c1,O=c1[nH]cc(Cc2cccc(Oc3ccccc3)c2)c(=O)[nH]1,O=c1[nH]cc(Cc2ccccc2)c(=O)[nH]1,False,False,False,,0.5074626865671642,0.7321428571428571,368.38900000000007,352.36200000000014,16.02699999999993,True,,,,,0.5923928040684121,0.618030706230951,0.025637902162538917,True,93.55000000000001,93.55000000000001,0.0,True,2.0,2.0,0.0,True,6.0,6.0,0.0,True,8.0,10.0,2.0,False
source_tanimoto_property_oracle,mpair_00008578_cond_02_6p,mpair_00008578,eval,6,"LogP,QED,TPSA,HBD,HBA,RB",O=c1[nH]c(=O)n(COCCO)cc1Cc1cccc(Oc2ccc(F)cc2)c1,O=c1[nH]c(=O)n(COC(CO)CO)cc1Cc1cccc(Oc2cccc(F)c2)c1,O=c1[nH]c(=O)n(COC(CO)CO)cc1Cc1cccc(OCCCF)c1,O=c1[nH]cc(Cc2cccc(Oc3ccccc3)c2)c(=O)[nH]1,O=c1[nH]cc(Cc2ccccc2)c(=O)[nH]1,False,False,False,,0.5373134328358209,0.7166666666666667,,,,,1.3861000000000006,0.1931000000000005,1.193,False,0.4858120896295065,0.47840738880315165,0.00740470082635486,True,113.78000000000002,113.78000000000002,0.0,True,3.0,3.0,0.0,True,7.0,7.0,0.0,True,9.0,11.0,2.0,False
source_tanimoto_property_oracle,mpair_00010004_cond_02_6p,mpair_00010004,eval,6,"MW,LogP,TPSA,HBD,HBA,RB",NC(=O)c1ccc(-c2ccc(CC(=O)Nc3cc(C4CC4)[nH]n3)cc2)cc1,O=C(Cc1ccc(-c2ccccc2)cc1)Nc1cc(C2CC2)[nH]n1,O=C(Cc1ccc(OC(F)(F)F)cc1)Nc1cc(C2CC2)[nH]n1,O=C(Cc1ccc(-c2ccccc2)cc1)Nc1cc(C2CC2)[nH]n1,O=C(Cc1ccccc1)Nc1cc(C2CC2)[nH]n1,False,True,False,,0.625,0.660377358490566,317.3920000000001,325.29,7.897999999999911,True,4.135300000000002,3.3669000000000002,0.7684000000000015,True,,,,,57.78,67.00999999999999,9.22999999999999,True,2.0,2.0,0.0,True,2.0,3.0,1.0,True,5.0,5.0,0.0,True
source_tanimoto_property_oracle,mpair_00010902_cond_01_6p,mpair_00010902,eval,6,"MW,LogP,TPSA,HBD,HBA,RB",N[C@@H](Cc1c[nH]c2ccccc12)C(=O)N1Cc2ccccc2C[C@H]1C(=O)O,N[C@@H](Cc1c[nH]c2ccccc12)C(=O)N1Cc2ccccc2C[C@H]1C(=O)N[C@@H](CS)C(=O)O,Cc1cc(O)cc(C)c1C[C@H](N)C(=O)N1Cc2ccccc2C[C@H]1C(=O)NCc1nc2ccccc2[nH]1,O=C(CCc1c[nH]c2ccccc12)N1CCc2ccccc2C1,O=C(NCc1nc2ccccc2[nH]1)[C@@H]1Cc2ccccc2CN1C(=O)CCc1ccccc1,False,False,False,,0.425,0.42045454545454547,466.56300000000016,497.5990000000002,31.036000000000058,True,1.4903999999999997,3.0250400000000006,1.534640000000001,False,,,,,128.51999999999998,124.34,4.179999999999978,True,5.0,4.0,1.0,True,5.0,5.0,0.0,True,7.0,6.0,1.0,True
source_tanimoto_property_oracle,mpair_00010986_cond_01_6p,mpair_00010986,eval,6,"MW,LogP,QED,HBD,HBA,RB",COc1ccc([C@@H]2Sc3ccccc3N(C[C@@H]3CCCN3)C(=O)[C@@H]2O)cc1,COc1ccc([C@@H]2Sc3ccccc3N(C[C@@H]3CCCN3)C(=O)[C@@H]2OC(C)=O)cc1,COc1ccc([C@@H]2Cc3cc(OC)ccc3N(C[C@@H]3CCCN3)C(=O)[C@@H]2OC(C)=O)cc1,O=C1C[C@H](c2ccccc2)Sc2ccccc2N1C[C@@H]1CCCN1,O=C1C[C@H](c2ccccc2)Cc2ccccc2N1C[C@@H]1CCCN1,False,True,False,,0.49333333333333335,0.625,426.53800000000024,438.5240000000002,11.98599999999999,True,3.5589000000000013,3.0604000000000013,0.49849999999999994,True,0.7377284711612315,0.69889547900681,0.038832992154421486,True,,,,,1.0,1.0,0.0,True,6.0,6.0,0.0,True,5.0,6.0,1.0,True
source_tanimoto_property_oracle,mpair_00013581_cond_02_6p,mpair_00013581,eval,6,"MW,QED,TPSA,HBD,HBA,RB",COCCCNCC(=O)N1CCC(CNc2nc3c(s2)CCCc2ccc(F)cc2-3)CC1,CC(C)C(=O)N1CCC(CNc2nc3c(s2)CCCc2ccc(F)cc2-3)CC1,Cc1ccc2c(c1)-c1nc(NCC3CCN(C(=O)COC(C)C)CC3)sc1CCO2,c1ccc2c(c1)CCCc1sc(NCC3CCNCC3)nc1-2,c1ccc2c(c1)OCCc1sc(NCC3CCNCC3)nc1-2,False,False,False,,0.44565217391304346,0.4819277108433735,401.5510000000002,429.58600000000024,28.035000000000025,True,,,,,0.8044990618749749,0.7480834708329668,0.056415591042008106,True,45.230000000000004,63.69000000000001,18.460000000000008,True,1.0,1.0,0.0,True,4.0,6.0,2.0,False,4.0,6.0,2.0,False
source_tanimoto_property_oracle,mpair_00014669_cond_01_6p,mpair_00014669,eval,6,"MW,LogP,TPSA,HBD,HBA,RB",CC(=O)OC[C@@]1(C)C2C[C@H](OC(C)=O)[C@@]3(C)Oc4cc(-c5cccnc5)oc(=O)c4C(=O)C3[C@@]2(C)CC[C@@H]1OC(C)=O,C[C@]12CC[C@H](O)[C@@](C)(CO)C1C[C@H](O)[C@@]1(C)Oc3cc(-c4ccc(Cl)nc4)oc(=O)c3C(=O)C21,CC1(C)OC[C@@]2(C)C3C[C@H](O)[C@@]4(C)Oc5cc(-c6cccnc6)oc(=O)c5[C@H](O)C4[C@@]3(C)CC[C@@H]2O1,O=C1c2c(cc(-c3cccnc3)oc2=O)OC2CCC3CCCCC3C12,O=c1oc(-c2cccnc2)cc2c1CC1C(CCC3C1CC[C@@H]1OCOCC31)O2,False,True,False,,0.44329896907216493,0.40425531914893614,489.9520000000002,497.5880000000003,7.636000000000081,True,2.845600000000001,3.8412000000000033,0.9956000000000023,True,,,,,130.09,111.25,18.840000000000003,True,3.0,2.0,1.0,True,8.0,8.0,0.0,True,2.0,1.0,1.0,True
source_tanimoto_property_oracle,mpair_00015735_cond_00_6p,mpair_00015735,eval,6,"MW,LogP,TPSA,HBD,HBA,RB",O=C1c2c(O)cccc2Cc2ccc(CCc3ccccc3)c(O)c21,O=C1c2c(O)cccc2Cc2ccc(C(Cc3ccccc3)C(=O)NO)c(O)c21,O=C(NO)c1ccc(Cc2ccc3c(c2O)C(=O)c2c(O)cccc2C3)cc1,O=C1c2ccccc2Cc2ccc(CCc3ccccc3)cc21,O=C1c2ccccc2Cc2ccc(Cc3ccccc3)cc21,False,True,False,,0.5769230769230769,0.5081967213114754,389.40700000000004,375.3800000000001,14.02699999999993,True,3.0647000000000015,2.9428000000000027,0.12189999999999879,True,,,,,106.86,106.86,0.0,True,4.0,4.0,0.0,True,5.0,5.0,0.0,True,4.0,3.0,1.0,True
source_tanimoto_property_oracle,mpair_00016971_cond_00_6p,mpair_00016971,eval,6,"LogP,QED,TPSA,HBD,HBA,RB",CCCc1c(OCCCOc2cc3c(cc2C(C)=O)CCC(C(=O)O)O3)ccc(C(C)=O)c1O,CCCc1c(OCCCOc2ccc(C(C)=O)c(OC)c2CCC)ccc2c1OC(C(=O)O)CC2,CCCc1cc(OCCCOc2ccc(C(C)=O)c(OC)c2CCC)cc2c1OC(C(=O)O)CC2,c1ccc(OCCCOc2ccc3c(c2)OCCC3)cc1,c1ccc(OCCCOc2ccc3c(c2)CCCO3)cc1,False,True,False,,0.581081081081081,0.7846153846153846,,,,,5.428900000000005,5.428900000000005,0.0,True,0.29940751610339217,0.29940751610339217,0.0,True,91.29,91.29,0.0,True,1.0,1.0,0.0,True,6.0,6.0,0.0,True,13.0,13.0,0.0,True
source_tanimoto_property_oracle,mpair_00002438_cond_01_7p,mpair_00002438,eval,7,"MW,LogP,QED,TPSA,HBD,HBA,RB",CSc1cc(-c2ccc(Cl)cc2)oc(=O)c1Br,CSc1cc(-c2ccc(Cl)cc2)oc(=O)c1C(N)=O,CSc1cc(-c2ccc(Cl)cc2)oc(=O)c1,O=c1cccc(-c2ccccc2)o1,O=c1cccc(-c2ccccc2)o1,True,False,False,,0.5365853658536586,0.4888888888888889,295.747,252.72199999999998,43.025000000000034,False,2.7810000000000006,3.682100000000002,0.9011000000000013,True,0.8837306867126842,0.7640571553591999,0.11967353135348424,False,73.30000000000001,30.21,43.09000000000001,False,1.0,0.0,1.0,True,4.0,3.0,1.0,True,3.0,2.0,1.0,True
source_tanimoto_property_oracle,mpair_00004757_cond_01_7p,mpair_00004757,eval,7,"MW,LogP,QED,TPSA,HBD,HBA,RB",CCOC(=O)[C@@H](C)NC(=O)[C@H](Cc1ccc([N+](=O)[O-])cc1)NC(=O)c1cccc2ccccc12,CC(C)OC(=O)[C@H](Cc1ccc([N+](=O)[O-])cc1)NC(=O)c1cccc2ccccc12,O=C(N[C@@H](Cc1ccc([N+](=O)[O-])cc1)C1=NCCO1)c1cccc2ccccc12,O=C(NCCc1ccccc1)c1cccc2ccccc12,O=C(N[C@@H](Cc1ccccc1)C1=NCCO1)c1cccc2ccccc12,False,False,False,,0.5428571428571428,0.5757575757575758,406.43800000000016,389.41100000000006,17.0270000000001,True,4.040700000000003,3.517800000000002,0.5229000000000008,True,0.36267930698305967,0.5155336817877483,0.1528543748046886,False,98.53999999999999,93.83,4.709999999999994,True,1.0,1.0,0.0,True,5.0,5.0,0.0,True,7.0,6.0,1.0,True
source_tanimoto_property_oracle,mpair_00008559_cond_00_7p,mpair_00008559,eval,7,"MW,LogP,QED,TPSA,HBD,HBA,RB",O=c1[nH]c(=O)n(COCCO)cc1Cc1cccc(Oc2ccccc2)c1,O=c1[nH]c(=O)n(COC(CO)CO)cc1Cc1cccc(Oc2cccc(F)c2)c1,CCC(C)Oc1cccc(Cc2cn(COCCO)c(=O)[nH]c2=O)c1,O=c1[nH]cc(Cc2cccc(Oc3ccccc3)c2)c(=O)[nH]1,O=c1[nH]cc(Cc2ccccc2)c(=O)[nH]1,False,False,False,,0.7068965517241379,0.5147058823529411,416.4050000000001,348.399,68.00600000000009,False,1.3861000000000006,1.2710999999999997,0.11500000000000088,True,0.4858120896295065,0.6658226631990315,0.180010573569525,False,113.78000000000002,93.55000000000001,20.230000000000004,False,3.0,2.0,1.0,True,7.0,6.0,1.0,True,9.0,9.0,0.0,True
source_tanimoto_property_oracle,mpair_00010887_cond_01_7p,mpair_00010887,eval,7,"MW,LogP,QED,TPSA,HBD,HBA,RB",N[C@@H](Cc1c[nH]c2ccccc12)C(=O)N1Cc2ccccc2C[C@H]1C(=O)O,NC(=O)C[C@H](NC(=O)[C@@H]1Cc2ccccc2CN1C(=O)[C@@H](N)Cc1c[nH]c2ccccc12)C(=O)O,Cc1cc(O)cc(C)c1C[C@H](N)C(=O)N1Cc2ccccc2C[C@H]1C(=O)NCc1nc2ccccc2[nH]1,O=C(CCc1c[nH]c2ccccc12)N1CCc2ccccc2C1,O=C(NCc1nc2ccccc2[nH]1)[C@@H]1Cc2ccccc2CN1C(=O)CCc1ccccc1,False,False,False,,0.425,0.4157303370786517,477.52100000000024,497.5990000000002,20.077999999999975,True,0.4360000000000033,3.0250400000000006,2.589039999999997,False,0.3148350624649969,0.32600159200398693,0.011166529538990055,True,171.60999999999999,124.34,47.26999999999998,False,5.0,4.0,1.0,True,5.0,5.0,0.0,True,8.0,6.0,2.0,False
source_tanimoto_property_oracle,mpair_00013567_cond_00_7p,mpair_00013567,eval,7,"MW,LogP,QED,TPSA,HBD,HBA,RB",CCCCCCCCCN1CCC[C@@H]1CNC(=O)c1cc(S(N)(=O)=O)ccc1OC,CCN1CCC[C@@H]1CNC(=O)c1c(OC)ccc(Br)c1OC,CCN1CCCC1CNC(=O)c1cc(Br)c(OC)cc1OC,O=C(NC[C@H]1CCCN1)c1ccccc1,O=C(NCC1CCCN1)c1ccccc1,False,True,False,,0.5454545454545454,0.6607142857142857,371.2750000000001,371.27500000000015,5.684341886080802e-14,True,2.6804000000000006,2.6804000000000006,0.0,True,0.8356024039257242,0.835602403925724,1.1102230246251565e-16,True,50.80000000000001,50.80000000000001,0.0,True,1.0,1.0,0.0,True,4.0,4.0,0.0,True,6.0,6.0,0.0,True
edit_latent_source_first_rerank,mpair_00000008_cond_02_2p,mpair_00000008,eval,2,"MW,QED",O=C(c1ccccc1Br)N1C[C@H](CN2CCC(c3ccccc3)CC2)[C@@H](c2ccccc2)C1,O=C(c1ccccc1F)N1C[C@H](CN2CCC(c3ccccc3)CC2)[C@@H](c2ccccc2)C1,O=C(Cc1ccccc1)N1C[C@H](CN2CCC(c3ccccc3)CC2)[C@@H](c2ccccc2)C1,O=C(c1ccccc1)N1C[C@H](CN2CCC(c3ccccc3)CC2)[C@@H](c2ccccc2)C1,O=C(Cc1ccccc1)N1C[C@H](CN2CCC(c3ccccc3)CC2)[C@@H](c2ccccc2)C1,False,True,False,,0.6481481481481481,0.6481481481481481,442.57800000000015,438.6150000000001,3.9630000000000223,True,,,,,0.5164092889512721,0.5178690393367604,0.0014597503854882898,True,,,,,,,,,,,,,,,,
edit_latent_source_first_rerank,mpair_00000789_cond_01_2p,mpair_00000789,eval,2,"MW,RB",C=CCc1cc(/C=C2\SC(=O)N(C)C2=O)c(OC)cc1OC1CCCCO1,C=CCc1cc(/C=C2\SC(=O)N(CCCC)C2=O)c(OC)cc1OC1CCCCO1,C=CCc1cc(/C=C2\SC(=O)N(Cc3ccccc3)C2=O)c(OC)cc1O,O=C1NC(=O)/C(=C/c2ccc(OC3CCCCO3)cc2)S1,O=C1S/C(=C\c2ccccc2)C(=O)N1Cc1ccccc1,False,False,False,,0.4533333333333333,0.47435897435897434,431.55400000000026,381.4530000000001,50.10100000000017,False,,,,,,,,,,,,,,,,,,,,,9.0,6.0,3.0,False
edit_latent_source_first_rerank,mpair_00000994_cond_02_2p,mpair_00000994,eval,2,"LogP,QED",FC(F)(F)c1cccc(N2CCN(c3nc4ccsc4n4cccc34)CC2)c1,Fc1ccc(N2CCN(c3nc4ccsc4n4cccc34)CC2)cc1,C=CCN1CCN(c2nc3ccc(C(F)(F)F)cc3n3cccc23)CC1,c1ccc(N2CCN(c3nc4ccsc4n4cccc34)CC2)cc1,c1ccc2c(c1)nc(N1CCNCC1)c1cccn12,False,False,False,,0.47692307692307695,0.36363636363636365,,,,,4.014700000000003,3.814300000000003,0.20040000000000013,True,0.5445182992427106,0.6638613309148806,0.11934303167217009,False,,,,,,,,,,,,,,,,
edit_latent_source_first_rerank,mpair_00001396_cond_01_2p,mpair_00001396,eval,2,"QED,HBA",COC(=O)c1c(OCC(=O)O)nc(C(C)(C)C)nc1SC,CSc1nc(CC(C)(C)C)nc(OCC(=O)O)c1C#N,CCCCCCSc1nc(C(C)(C)C)nc(OCC(=O)O)c1C#N,c1cncnc1,c1cncnc1,True,False,False,,0.46551724137931033,0.5,,,,,,,,,0.65611800929855,0.4106240661056441,0.2454939431929059,False,,,,,,,,,6.0,6.0,0.0,True,,,,
edit_latent_source_first_rerank,mpair_00001826_cond_00_2p,mpair_00001826,eval,2,"TPSA,HBD",CN(C)C(=O)CCSC(SCCC(=O)O)c1cccc(/C=C/c2ccc3ccc(Cl)cc3n2)c1,O=C(O)CCSC(SCCC(=O)O)c1cccc(/C=C/c2ccc3ccc(Cl)cc3n2)c1,CN(C)C(=O)CCSC(SCCC(=O)O)c1cccc(CCc2ccc3ccc(Cl)cc3n2)c1,C(=C/c1ccc2ccccc2n1)\c1ccccc1,c1ccc(CCc2ccc3ccccc3n2)cc1,False,True,False,,0.6865671641791045,0.5671641791044776,,,,,,,,,,,,,87.49,70.5,16.989999999999995,True,2.0,1.0,1.0,True,,,,,,,,
edit_latent_source_first_rerank,mpair_00002423_cond_02_2p,mpair_00002423,eval,2,"MW,LogP",O=C1C(Nc2ccc(Br)cc2)=C(Cl)C(=O)c2ncncc21,O=C1C(Nc2ccccc2)=C(Cl)C(=O)c2ncncc21,Cc1ccc(NC2=C(Cl)C(=O)c3ncncc3C2=O)cc1,O=C1C(Nc2ccccc2)=CC(=O)c2ncncc21,O=C1C(Nc2ccccc2)=CC(=O)c2ncncc21,True,True,True,,0.7619047619047619,0.7560975609756098,285.69,299.71700000000004,14.027000000000044,True,2.4181,2.7265200000000007,0.3084200000000008,True,,,,,,,,,,,,,,,,,,,,
edit_latent_source_first_rerank,mpair_00002473_cond_02_2p,mpair_00002473,eval,2,"LogP,RB",COc1cc(C(=O)N2CCN(C(=O)c3cc(OC)c(OC)c(OC)c3)C(COC(=O)CC(C)(C)C)C2)cc(OC)c1OC,CCN(CC)C(=O)OCC1CN(C(=O)c2cc(OC)c(OC)c(OC)c2)CCN1C(=O)c1cc(OC)c(OC)c(OC)c1,COc1cc(C(=O)N2CCN(C(=O)c3cc(OC)c(OC)c(OC)c3)C(COC(=O)c3ccccc3Cl)C2)cc(OC)c1OC,O=C(c1ccccc1)N1CCN(C(=O)c2ccccc2)CC1,O=C(OCC1CN(C(=O)c2ccccc2)CCN1C(=O)c1ccccc1)c1ccccc1,False,False,False,,0.6349206349206349,0.6349206349206349,,,,,3.1834000000000024,4.215400000000004,1.0320000000000018,False,,,,,,,,,,,,,,,,,12.0,11.0,1.0,True
edit_latent_source_first_rerank,mpair_00003391_cond_00_2p,mpair_00003391,eval,2,"LogP,RB",CC(C)COc1cccc(N(Cc2cccnc2)S(=O)(=O)CC(F)(F)F)c1,CCCC(C)Oc1cccc(N(Cc2cccnc2)S(=O)(=O)CC(F)(F)F)c1,C=C(c1ccccc1)c1ccc(N(Cc2cccnc2)S(=O)(=O)CC)cc1,c1ccc(NCc2cccnc2)cc1,C=C(c1ccccc1)c1ccc(NCc2cccnc2)cc1,False,False,False,,0.40298507462686567,0.4264705882352941,,,,,4.547700000000003,4.499400000000004,0.04829999999999934,True,,,,,,,,,,,,,,,,,9.0,7.0,2.0,False
edit_latent_source_first_rerank,mpair_00003589_cond_02_2p,mpair_00003589,eval,2,"QED,HBD",CC(C)c1ccc(Cn2ccc3c4c(N(C)C)nc(N(C)C)nc4ccc32)cc1,CCc1ccc(Cn2ccc3c4c(N)nc(N)nc4ccc32)cc1,CC(C)c1ccc(Cn2cnc3c(N(C)C)nc(Cl)nc32)cc1,c1ccc(Cn2ccc3c4cncnc4ccc32)cc1,c1ccc(Cn2cnc3cncnc32)cc1,False,False,False,,0.43333333333333335,0.21212121212121213,,,,,,,,,0.6067349667256066,0.6843934329615565,0.07765846623594996,True,,,,,2.0,0.0,2.0,False,,,,,,,,
edit_latent_source_first_rerank,mpair_00003930_cond_01_2p,mpair_00003930,eval,2,"HBD,HBA",OC(c1ccc(F)cc1)(c1ccc(F)cc1)C1CCN(CCCNc2ccccc2)CC1,Cc1ccc(O)c(NCCCN2CCC(C(O)(c3ccc(F)cc3)c3ccc(F)cc3)CC2)c1,CC(C)(C(=O)O)c1ccc([C@@H](O)CCCN2CCC(C(O)(c3ccccc3)c3ccccc3)CC2)cc1,c1ccc(NCCCN2CCC(C(c3ccccc3)c3ccccc3)CC2)cc1,c1ccc(CCCCN2CCC(C(c3ccccc3)c3ccccc3)CC2)cc1,False,True,False,,0.47540983606557374,0.38028169014084506,,,,,,,,,,,,,,,,,3.0,3.0,0.0,True,4.0,4.0,0.0,True,,,,
edit_latent_source_first_rerank,mpair_00004144_cond_00_2p,mpair_00004144,eval,2,"LogP,HBD",C=C1C[C@@]23O[C@]2(c2ccccc21)C1CC(OC(=O)[C@H](O)[C@@H](NC(=O)OCC)c2ccc(Cl)cc2)C3(C)C1(C)C,C=C1C[C@@]23O[C@]2(c2ccccc21)C1CC(OC(=O)[C@H](O)[C@@H](NC(=O)NC(C)C)c2ccccc2)C3(C)C1(C)C,CCCCNC(=O)N[C@@H](c1ccccc1)[C@@H](O)C(=O)OC1CC2C(C)(C)C1(C)[C@@]13C[C@H](C)c4ccccc4[C@@]21O3,C=C1C[C@@]23O[C@]2(c2ccccc21)C1CC(OC(=O)CCc2ccccc2)C3C1,O=C(CCc1ccccc1)OC1CC2CC1[C@@]13CCc4ccccc4[C@@]21O3,False,True,False,,0.5106382978723404,0.5747126436781609,,,,,4.855400000000004,5.337400000000005,0.4820000000000011,True,,,,,,,,,3.0,3.0,0.0,True,,,,,,,,
edit_latent_source_first_rerank,mpair_00004731_cond_02_2p,mpair_00004731,eval,2,"HBD,RB",CS(=O)(=O)Nc1ccc(S(=O)(=O)c2ccc(CN)s2)cc1,CCOc1cc(S(C)(=O)=O)cc(S(=O)(=O)c2ccc(CN)s2)c1,CS(=O)(=O)Nc1ccc(S(=O)(=O)c2ccc(CN)s2)cc1,O=S(=O)(c1ccccc1)c1cccs1,O=S(=O)(c1ccccc1)c1cccs1,True,True,True,,1.0,0.5,,,,,,,,,,,,,,,,,1.0,2.0,1.0,True,,,,,6.0,5.0,1.0,True
edit_latent_source_first_rerank,mpair_00004777_cond_02_2p,mpair_00004777,eval,2,"MW,LogP",CC(C)OC(Cc1ccc(OCCc2noc(-c3cc(C(F)(F)F)cc(C(F)(F)F)c3)n2)cc1)C(=O)O,CC(C)OC(Cc1ccc(OCCc2noc(-c3ccccc3)n2)cc1)C(=O)O,CC(C)OC(Cc1ccc(OCc2noc(-c3cccc(F)c3)n2)cc1)C(=O)O,c1ccc(OCCc2noc(-c3ccccc3)n2)cc1,c1ccc(OCc2noc(-c3ccccc3)n2)cc1,False,True,False,,0.6285714285714286,0.6984126984126984,396.44300000000004,400.40600000000006,3.9630000000000223,True,3.778800000000002,3.8754000000000017,0.09659999999999958,True,,,,,,,,,,,,,,,,,,,,
edit_latent_source_first_rerank,mpair_00004817_cond_02_2p,mpair_00004817,eval,2,"LogP,RB",Cn1c(NC(=O)c2ccccc2)nc2ccccc2c1=O,CC(C)n1c(NC(=O)c2ccccc2)nc2ccccc2c1=O,CC(=O)Nn1c(-c2ccccc2)nc2ccccc2c1=O,O=C(Nc1nc2ccccc2c(=O)[nH]1)c1ccccc1,O=c1[nH]c(-c2ccccc2)nc2ccccc12,False,False,False,,0.42857142857142855,0.4117647058823529,,,,,3.229700000000001,2.1535,1.076200000000001,False,,,,,,,,,,,,,,,,,3.0,2.0,1.0,True
edit_latent_source_first_rerank,mpair_00004932_cond_01_2p,mpair_00004932,eval,2,"HBA,RB",Cc1cc(C)c(NC(=O)Nc2nc3ccccc3n2-c2c(Cl)cccc2Cl)c(C)c1,COc1ccccc1-n1c(NC(=O)Nc2c(C(C)C)cccc2C(C)C)nc2ccccc21,,O=C(Nc1ccccc1)Nc1nc2ccccc2n1-c1ccccc1,,False,False,False,"empty_source_tanimoto_pool,empty_edit_latent_pool",0.0,0.0,,,,,,,,,,,,,,,,,,,,,4.0,,nan,False,6.0,,nan,False
edit_latent_source_first_rerank,mpair_00005350_cond_02_2p,mpair_00005350,eval,2,"MW,QED",O=C(Cc1nc2ccccc2c(=O)n1-c1ccccc1Br)c1ccncc1,Cc1ccccc1-n1c(CC(=O)c2ccncc2)nc2ccccc2c1=O,O=C(Cc1nc2ccccc2c(=O)n1-c1ccccc1)c1cccnc1,O=C(Cc1nc2ccccc2c(=O)n1-c1ccccc1)c1ccncc1,O=C(Cc1nc2ccccc2c(=O)n1-c1ccccc1)c1cccnc1,False,True,False,,0.5714285714285714,0.5714285714285714,355.3970000000001,341.37000000000006,14.027000000000044,True,,,,,0.5255607361183403,0.5347636135196695,0.00920287740132919,True,,,,,,,,,,,,,,,,
edit_latent_source_first_rerank,mpair_00006468_cond_01_2p,mpair_00006468,eval,2,"TPSA,RB",O=[N+]([O-])c1ccc(-[n+]2noc([O-])n2)cc1,Cc1ccc(-[n+]2noc([O-])n2)cc1,,c1ccc(-[n+]2ncon2)cc1,,False,False,False,"empty_source_tanimoto_pool,empty_edit_latent_pool",0.0,0.0,,,,,,,,,,,,,65.86,,nan,False,,,,,,,,,1.0,,nan,False
edit_latent_source_first_rerank,mpair_00006875_cond_01_2p,mpair_00006875,eval,2,"LogP,RB",CC(C(=O)N[C@H]1N=C(c2ccccc2)c2ccccc2N(C)C1=O)C(CO)c1ccc(F)c(F)c1,C[C@@H](C(=O)N[C@H]1N=C(c2ccccc2)c2ccccc2N(C)C1=O)[C@H](O)c1ccc(Cl)c(Cl)c1,CN1C(=O)[C@H](NC(=O)Cc2ccc(C(F)(F)F)cc2C(F)(F)F)N=C(c2ccccc2)c2ccccc21,O=C(CCc1ccccc1)N[C@H]1N=C(c2ccccc2)c2ccccc2NC1=O,O=C(Cc1ccccc1)N[C@@H]1N=C(c2ccccc2)c2ccccc2NC1=O,False,True,False,,0.4936708860759494,0.47435897435897434,,,,,4.619200000000005,5.223000000000003,0.6037999999999988,True,,,,,,,,,,,,,,,,,5.0,4.0,1.0,True
edit_latent_source_first_rerank,mpair_00007233_cond_01_2p,mpair_00007233,eval,2,"QED,HBA",CSc1cc(-c2ccccc2)c(-c2ccc(S(C)(=O)=O)cc2)c(=O)o1,CCc1cc(-c2ccccc2)c(-c2ccc(S(C)(=O)=O)cc2)c(=O)o1,Cc1cc(=O)c(-c2ccccc2)c(-c2ccc(S(C)(=O)=O)cc2)o1,O=c1occc(-c2ccccc2)c1-c1ccccc1,O=c1ccoc(-c2ccccc2)c1-c1ccccc1,False,True,False,,0.5,0.5,,,,,,,,,0.7117564278043503,0.7293404332619072,0.017584005457556895,True,,,,,,,,,4.0,4.0,0.0,True,,,,
edit_latent_source_first_rerank,mpair_00007263_cond_02_2p,mpair_00007263,eval,2,"MW,RB",COc1cc(-c2ccccc2)c(-c2ccc(S(C)(=O)=O)cc2)c(=O)o1,CC(C)Sc1cc(-c2ccccc2)c(-c2ccc(S(C)(=O)=O)cc2)c(=O)o1,Cc1cc(=O)c(Oc2ccccc2)c(-c2ccc(S(C)(=O)=O)cc2)o1,O=c1occc(-c2ccccc2)c1-c1ccccc1,O=c1ccoc(-c2ccccc2)c1Oc1ccccc1,False,False,False,,0.4107142857142857,0.36666666666666664,400.5210000000002,356.3990000000001,44.12200000000007,False,,,,,,,,,,,,,,,,,,,,,5.0,4.0,1.0,True
edit_latent_source_first_rerank,mpair_00007414_cond_02_2p,mpair_00007414,eval,2,"HBA,RB",c1ccc(CNCCOc2ccccc2)cc1,COc1ccc(OCCNCc2ccccc2)cc1,c1ccc(CNCCOc2cccc3[nH]ncc23)cc1,c1ccc(CNCCOc2ccccc2)cc1,c1ccc(CNCCOc2cccc3[nH]ncc23)cc1,False,True,False,,0.4883720930232558,0.4375,,,,,,,,,,,,,,,,,,,,,3.0,3.0,0.0,True,7.0,6.0,1.0,True
edit_latent_source_first_rerank,mpair_00007804_cond_01_2p,mpair_00007804,eval,2,"HBA,RB",CO[C@H]1O[C@H](CO)[C@H](O)[C@H](OCc2cc3ccccc3o/c2=N\S(=O)(=O)c2ccccc2)[C@H]1OC(C)=O,CO[C@H]1O[C@H](CO)[C@H](O)[C@H](OCc2cc3ccccc3o/c2=N\S(=O)(=O)c2ccccc2)[C@H]1O,,O=S(=O)(/N=c1\oc2ccccc2cc1COC1CCOCC1)c1ccccc1,,False,False,False,"empty_source_tanimoto_pool,empty_edit_latent_pool",0.0,0.0,,,,,,,,,,,,,,,,,,,,,9.0,,nan,False,7.0,,nan,False
edit_latent_source_first_rerank,mpair_00007852_cond_02_2p,mpair_00007852,eval,2,"HBD,RB",CCO/C(O)=C1\C(C)=NC(C)=C(C(=O)OC)C1c1cccc(NC(=O)NCCCN2CCN(c3ccc(OC)cc3)CC2)c1,CCO/C(O)=C1\C(C)=NC(C)=C(C(=O)OC)C1c1cccc(NC(=O)NCCCN2CCN(c3cccc(O)c3)CC2)c1,COC(=O)C1=C(C)N=C(C)/C(=C(/O)OC)C1c1cccc(NC(=O)NCCCN2CCC(c3cccc(O)c3)CC2)c1,C=C1C=NC=CC1c1cccc(NC(=O)NCCCN2CCN(c3ccccc3)CC2)c1,C=C1C=NC=CC1c1cccc(NC(=O)NCCCN2CCC(c3ccccc3)CC2)c1,False,True,False,,0.6551724137931034,0.7349397590361446,,,,,,,,,,,,,,,,,4.0,4.0,0.0,True,,,,,10.0,9.0,1.0,True
edit_latent_source_first_rerank,mpair_00008342_cond_01_2p,mpair_00008342,eval,2,"HBA,RB",Cc1cnc2cc(C(F)(F)F)ccc2c1N1CC[C@H](C(=O)N2CCn3c(nnc3C(F)(F)F)C2)[C@H](C)C1,C[C@@H]1CN(c2ccnc3cc(OC(F)(F)F)ccc23)CC[C@@H]1C(=O)N1CCn2c(nnc2C(F)(F)F)C1,,O=C(C1CCN(c2ccnc3ccccc23)CC1)N1CCn2cnnc2C1,,False,False,False,"empty_source_tanimoto_pool,empty_edit_latent_pool",0.0,0.0,,,,,,,,,,,,,,,,,,,,,7.0,,nan,False,3.0,,nan,False
edit_latent_source_first_rerank,mpair_00008369_cond_01_2p,mpair_00008369,eval,2,"HBA,RB",COc1ccnc(C[S+]([O-])c2nc3cc4c(cc3[nH]2)OC(F)(F)O4)c1C,COc1ccnc(C[S+]([O-])c2nc3cc4c(cc3[nH]2)OC(F)(F)O4)c1OC,COc1cc2[nH]c([S+]([O-])Cc3nccc(OC)c3OC)nc2cc1OC(F)F,c1ccc(C[SH+]c2nc3cc4c(cc3[nH]2)OCO4)nc1,c1ccc(C[SH+]c2nc3ccccc3[nH]2)nc1,False,False,False,,0.5441176470588235,0.6666666666666666,,,,,,,,,,,,,,,,,,,,,7.0,7.0,0.0,True,5.0,8.0,3.0,False
edit_latent_source_first_rerank,mpair_00008497_cond_01_2p,mpair_00008497,eval,2,"LogP,RB",COC(=O)C[C@H](O)C[C@H](O)CCn1c(C(C)C)cc(-c2ccc(F)cc2)c1-c1ccc(F)cc1,COC(=O)C[C@H](O)C[C@H](O)/C=C/n1c(C(C)C)cc(-c2cccc(Br)c2)c1-c1ccc(F)cc1,CC(C)c1cc(-c2ccncc2)c(-c2ccc(F)cc2)n1CC[C@@H]1C[C@@H](O)CC(=O)O1,c1ccc(-c2cc[nH]c2-c2ccccc2)cc1,O=C1CCC[C@@H](CCn2ccc(-c3ccncc3)c2-c2ccccc2)O1,False,False,False,,0.43243243243243246,0.3,,,,,5.992800000000005,4.936200000000007,1.0565999999999987,False,,,,,,,,,,,,,,,,,9.0,6.0,3.0,False
edit_latent_source_first_rerank,mpair_00008557_cond_02_2p,mpair_00008557,eval,2,"TPSA,HBA",O=c1[nH]c(=O)n(COCCO)cc1Cc1cccc(Oc2ccc(F)cc2)c1,O=c1[nH]c(=O)n(COC(CO)CO)cc1Cc1cccc(Oc2cccc(Cl)c2)c1,CCOc1cccc(Cc2cn(COCCO)c(=O)[nH]c2=O)c1,O=c1[nH]cc(Cc2cccc(Oc3ccccc3)c2)c(=O)[nH]1,O=c1[nH]cc(Cc2ccccc2)c(=O)[nH]1,False,False,False,,0.7068965517241379,0.5230769230769231,,,,,,,,,,,,,113.78000000000002,93.55000000000001,20.230000000000004,False,,,,,7.0,6.0,1.0,True,,,,
edit_latent_source_first_rerank,mpair_00008622_cond_01_2p,mpair_00008622,eval,2,"MW,QED",O=C1CCC(c2ccccc2)(C2CCN(Cc3cccc(I)c3)CC2)C(=O)N1,O=C1CCC(c2ccccc2)(C2CCN(Cc3cccc(F)c3)CC2)C(=O)N1,O=C1CCC(c2ccccc2)(C2CCN(Cc3ccc(Br)cc3)CC2)C(=O)N1,O=C1CCC(c2ccccc2)(C2CCN(Cc3ccccc3)CC2)C(=O)N1,O=C1CCC(c2ccccc2)(C2CCN(Cc3ccccc3)CC2)C(=O)N1,True,False,False,,0.6964285714285714,0.6964285714285714,380.4630000000001,441.3690000000001,60.906000000000006,False,,,,,0.8272851211582444,0.7293114830256031,0.09797363813264126,True,,,,,,,,,,,,,,,,
edit_latent_source_first_rerank,mpair_00008864_cond_02_2p,mpair_00008864,eval,2,"QED,RB",C[C@]12CC[C@@H]3c4ccc(O)cc4CC[C@H]3[C@@H]1CC[C@@H]2O,COc1ccc2c(c1)CC[C@@H]1[C@@H]2CC[C@]2(C)[C@@H](O)CC[C@@H]12,COc1ccc2c(cc1=O)CC[C@@H]1[C@@H]2CC[C@]2(C)[C@@H](O)CC[C@@H]12,c1ccc2c(c1)CC[C@@H]1[C@@H]2CCC2CCC[C@H]21,O=c1cccc2c(c1)CC[C@@H]1[C@@H]2CCC2CCC[C@H]21,False,True,False,,0.6862745098039216,0.7307692307692307,,,,,,,,,0.847817286403045,0.8651545061318847,0.017337219728839726,True,,,,,,,,,,,,,1.0,1.0,0.0,True
edit_latent_source_first_rerank,mpair_00009986_cond_00_2p,mpair_00009986,eval,2,"MW,LogP",Cc1cc(-n2ncc(=O)[nH]c2=O)ccc1S(=O)(=O)N1CCOCC1,O=c1cnn(-c2cc(Cl)c(S(=O)(=O)N3CCOCC3)c(Cl)c2)c(=O)[nH]1,CS(=O)(=O)c1c(Cl)cc(-n2ncc(=O)[nH]c2=O)cc1Cl,O=c1cnn(-c2ccc(S(=O)(=O)N3CCOCC3)cc2)c(=O)[nH]1,O=c1cnn(-c2ccccc2)c(=O)[nH]1,False,False,False,,0.45454545454545453,0.6382978723404256,407.2350000000002,336.15600000000006,71.07900000000012,False,0.24849999999999955,0.6310999999999998,0.3826000000000002,True,,,,,,,,,,,,,,,,,,,,
edit_latent_source_first_rerank,mpair_00010788_cond_00_2p,mpair_00010788,eval,2,"HBA,RB",O=C(O)c1cn(C2CC2)c2c(F)c(N3C[C@@H]4CCCN[C@@H]4C3)c(F)cc2c1=O,COc1c(N2C[C@@H]3CCCN[C@@H]3C2)c(F)cc2c(=O)c(C(=O)O)cn(C3CC3)c12,COc1c(N2CCNCC2)c(F)cc2c(=O)c(C(=O)O)cn(C3CC3)c12,O=c1ccn(C2CC2)c2cc(N3C[C@@H]4CCCN[C@@H]4C3)ccc12,O=c1ccn(C2CC2)c2cc(N3CCNCC3)ccc12,False,True,False,,0.5507246376811594,0.696969696969697,,,,,,,,,,,,,,,,,,,,,6.0,6.0,0.0,True,4.0,4.0,0.0,True
edit_latent_source_first_rerank,mpair_00010827_cond_00_2p,mpair_00010827,eval,2,"LogP,HBA",CCCN(CCC)c1c(O)nc(-c2c(C)cc(C)cc2OC)nc1CC,CCCN(CCC)c1c(C)nc(-c2c(OC)cccc2OC)nc1O,CCCN(CCC)c1c(C)nc(-c2c(C)cc(C)cc2C)n(CC)c1=O,c1ccc(-c2ncccn2)cc1,O=c1ccnc(-c2ccccc2)[nH]1,False,False,False,,0.41379310344827586,0.3508771929824561,,,,,3.801220000000003,4.790280000000004,0.9890600000000007,True,,,,,,,,,,,,,6.0,4.0,2.0,False,,,,
edit_latent_source_first_rerank,mpair_00011637_cond_02_2p,mpair_00011637,eval,2,"TPSA,HBA",N#Cc1cccc(OC[C@@H]2CCCN2)c1,Fc1cc(F)cc(OC[C@@H]2CCCN2)c1,Fc1ccc(-c2cc(OC[C@@H]3CCCN3)cnc2Cl)cn1,c1ccc(OC[C@@H]2CCCN2)cc1,c1cncc(-c2cncc(OC[C@@H]3CCCN3)c2)c1,False,False,False,,0.42857142857142855,0.5,,,,,,,,,,,,,21.259999999999998,47.04,25.78,False,,,,,2.0,4.0,2.0,False,,,,
edit_latent_source_first_rerank,mpair_00011970_cond_00_2p,mpair_00011970,eval,2,"HBA,RB",CC1(C)C2CC[C@@]1(CS(=O)(=O)N1CCC3(C=Cc4ccc(F)cc43)CC1)C(=O)C2,COc1ccc2c(c1)C=CC21CCN(S(=O)(=O)C[C@]23CCC(CC2=O)C3(C)C)CC1,CC1(C)[C@@H]2CC[C@@]1(CS(=O)(=O)N1CCC3(C=Cc4ccccc43)CC1)[C@@](O)(CN1C(=O)CCC1=O)C2,O=C1CC2CC[C@]1(CS(=O)(=O)N1CCC3(C=Cc4ccccc43)CC1)C2,O=C1CCC(=O)N1CC1C[C@H]2CC[C@]1(CS(=O)(=O)N1CCC3(C=Cc4ccccc43)CC1)C2,False,True,False,,0.45569620253164556,0.4444444444444444,,,,,,,,,,,,,,,,,,,,,4.0,5.0,1.0,True,4.0,5.0,1.0,True
edit_latent_source_first_rerank,mpair_00011999_cond_00_2p,mpair_00011999,eval,2,"QED,HBA",CSC(=O)Nc1cnc(-c2ccccc2)n(CC(=O)NC(C(=O)C(F)(F)F)C(C)C)c1=O,CC(C)C(NC(=O)Cn1c(-c2ccccc2)ncc(NC(=O)C(F)(F)F)c1=O)C(=O)C(F)(F)F,CC(C)C(NC(=O)Cn1c(-c2ccccc2)ccc(NC(=O)C(=O)O)c1=O)C(=O)C(F)(F)F,O=c1ccnc(-c2ccccc2)[nH]1,O=c1cccc(-c2ccccc2)[nH]1,False,True,False,,0.6119402985074627,0.6507936507936508,,,,,,,,,0.5780139226597643,0.5319737894835601,0.046040133176204145,True,,,,,,,,,6.0,6.0,0.0,True,,,,
edit_latent_source_first_rerank,mpair_00012879_cond_00_2p,mpair_00012879,eval,2,"TPSA,HBA",CC(C)(c1cc(O)ccc1F)C(C)(C)c1cc(O)ccc1F,COc1ccc(O)cc1C(C)(C)C(C)(C)c1cc(O)ccc1OC,,c1ccc(CCc2ccccc2)cc1,,False,False,False,"empty_source_tanimoto_pool,empty_edit_latent_pool",0.0,0.0,,,,,,,,,,,,,58.92,,nan,False,,,,,4.0,,nan,False,,,,
edit_latent_source_first_rerank,mpair_00013177_cond_02_2p,mpair_00013177,eval,2,"TPSA,RB",NC(=O)N/N=C/c1c(N)nc(N)nc1OCC1CCCCC1,Nc1nc(N)c(N)c(OCC2CCCCC2)n1,COc1ccc(Nc2nc(N)nc(OCC3CCCCC3)c2N=O)cc1,c1cc(OCC2CCCCC2)ncn1,c1ccc(Nc2cc(OCC3CCCCC3)ncn2)cc1,False,False,False,,0.417910447761194,0.42857142857142855,,,,,,,,,,,,,113.07,111.72,1.3499999999999943,True,,,,,,,,,3.0,7.0,4.0,False
edit_latent_source_first_rerank,mpair_00013243_cond_00_2p,mpair_00013243,eval,2,"MW,HBA",COc1ccc2c3c1OC1C(=O)[C@@H](C)CC4(O)C(C2)N(CC2CCC2)CCC314,O=C1CCC2C3Cc4ccc(O)c5c4C2(CCN3CC2CCC2)C1O5,CCC[C@H]1CC(=O)C2Oc3c(OC)ccc4c3C23CCN(C)C(C4)C13,O=C1CCC2C3Cc4cccc5c4C2(CCN3CC2CCC2)C1O5,O=C1CCC2C3Cc4cccc5c4C2(CCN3)C1O5,False,True,False,,0.4024390243902439,0.379746835443038,339.4350000000001,341.45100000000014,2.0160000000000196,True,,,,,,,,,,,,,,,,,4.0,4.0,0.0,True,,,,
edit_latent_source_first_rerank,mpair_00013573_cond_01_2p,mpair_00013573,eval,2,"HBA,RB",O=C1CCC(CNC(=O)c2ccccc2)(c2ccccc2)CC1,COc1cccc(C(=O)NCC2(c3ccccc3)CCC(=O)CC2)c1,COc1ccccc1C(=O)NC[C@]1(c2ccccc2)CC[C@H](NC(=O)c2ccccc2)CC1,O=C1CCC(CNC(=O)c2ccccc2)(c2ccccc2)CC1,O=C(NC[C@]1(c2ccccc2)CC[C@H](NC(=O)c2ccccc2)CC1)c1ccccc1,False,False,False,,0.4909090909090909,0.47619047619047616,,,,,,,,,,,,,,,,,,,,,3.0,3.0,0.0,True,5.0,7.0,2.0,False
edit_latent_source_first_rerank,mpair_00013606_cond_01_2p,mpair_00013606,eval,2,"QED,HBD",Cc1ncccc1-c1ncc(Cl)cc1-c1ccc(S(C)(=O)=O)cc1,CS(=O)(=O)c1ccc(-c2cc(Cl)cnc2-c2ccc(CO)nc2)cc1,Cc1ccncc1-c1cc(F)c(F)cc1-c1ccc(S(C)(=O)=O)cc1,c1ccc(-c2cccnc2-c2cccnc2)cc1,c1ccc(-c2ccccc2-c2cccnc2)cc1,False,True,False,,0.42592592592592593,0.3448275862068966,,,,,,,,,0.7569286028251322,0.6960490171979825,0.06087958562714968,True,,,,,1.0,0.0,1.0,True,,,,,,,,
edit_latent_source_first_rerank,mpair_00013958_cond_00_2p,mpair_00013958,eval,2,"HBA,RB",Cn1c2ccccc2n2c(=O)c(-c3ccccc3)nnc12,COc1ccc(-c2nnc3n(C)c4ccccc4n3c2=O)cc1,Cn1c2ccccc2n2c(=O)cnnc12,O=c1c(-c2ccccc2)nnc2[nH]c3ccccc3n12,O=c1cnnc2[nH]c3ccccc3n12,False,False,False,,0.525,0.45652173913043476,,,,,,,,,,,,,,,,,,,,,6.0,5.0,1.0,True,2.0,0.0,2.0,False
edit_latent_source_first_rerank,mpair_00014112_cond_02_2p,mpair_00014112,eval,2,"QED,RB",CCCCNc1nc(C)nc(Sc2nnc3c4ccccc4n(C)c3n2)n1,Cc1nc(NC(C)(C)C)nc(Sc2nnc3c4ccccc4n(C)c3n2)n1,Cc1nc(Sc2nnc3c4ccccc4n(C)c3n2)nc(N2CCCCC2)n1,c1ccc2c(c1)[nH]c1nc(Sc3ncncn3)nnc12,c1ccc2c(c1)[nH]c1nc(Sc3ncnc(N4CCCCC4)n3)nnc12,False,True,False,,0.5714285714285714,0.6101694915254238,,,,,,,,,0.5780050241000559,0.5255532624230409,0.05245176167701504,True,,,,,,,,,,,,,3.0,3.0,0.0,True
edit_latent_source_first_rerank,mpair_00014576_cond_01_2p,mpair_00014576,eval,2,"TPSA,HBA",O=C(NO)C1(NS(=O)(=O)c2ccc(Oc3ccc(F)cc3)cc2)CCOCC1,N#Cc1ccc(Oc2ccc(S(=O)(=O)NC3(C(=O)NO)CCOCC3)cc2)cc1,O=C(NO)C1(NS(=O)(=O)c2ccc(Oc3ccc(F)cc3)cc2)CCS(=O)(=O)CC1,O=S(=O)(NC1CCOCC1)c1ccc(Oc2ccccc2)cc1,O=S1(=O)CCC(NS(=O)(=O)c2ccc(Oc3ccccc3)cc2)CC1,False,True,False,,0.74,0.5517241379310345,,,,,,,,,,,,,137.74999999999997,138.87,1.120000000000033,True,,,,,7.0,7.0,0.0,True,,,,
edit_latent_source_first_rerank,mpair_00014920_cond_02_2p,mpair_00014920,eval,2,"MW,LogP",C=C(C(=O)c1ccccc1)n1ccccc1=O,CC/C=C(\C(=O)c1ccc(Cl)cc1)n1ccccc1=O,C=C(Cn1ccccc1=O)C(=O)c1ccc(Cl)cc1,C=C(C(=O)c1ccccc1)n1ccccc1=O,C=C(Cn1ccccc1=O)C(=O)c1ccccc1,False,True,False,,0.4318181818181818,0.4897959183673469,287.74600000000004,273.71899999999994,14.0270000000001,True,3.635500000000003,2.940800000000001,0.6947000000000019,True,,,,,,,,,,,,,,,,,,,,
edit_latent_source_first_rerank,mpair_00015987_cond_01_2p,mpair_00015987,eval,2,"MW,LogP",C[C@@H](NS(=O)(=O)c1ccccc1)C(=O)NC1=NN=C(c2ccc(Br)cc2)CS1,C[C@H](NS(=O)(=O)c1ccccc1)C(=O)NC1=NN=C(c2ccc(F)cc2)CS1,CC(C)[C@@H](NS(=O)(=O)c1ccc(-c2ccc(Br)cc2)cc1)C(=O)O,O=C(CNS(=O)(=O)c1ccccc1)NC1=NN=C(c2ccccc2)CS1,c1ccc(-c2ccccc2)cc1,False,False,False,,0.423728813559322,0.3125,420.49100000000016,412.30500000000006,8.186000000000092,True,2.1157999999999997,3.5036000000000014,1.3878000000000017,False,,,,,,,,,,,,,,,,,,,,
edit_latent_source_first_rerank,mpair_00016522_cond_01_2p,mpair_00016522,eval,2,"LogP,RB",CCN(CC)CCCNc1nccc2c1c1cnccc1n2C,CCN(CC)CCCCNc1ncc(C)c2c1c1cnccc1n2C,CCN(CC)CCCNc1ncc(C)c2c1c1cc(O)ccc1n2C,c1cc2[nH]c3ccncc3c2cn1,c1ccc2c(c1)[nH]c1ccncc12,False,True,False,,0.5245901639344263,0.6896551724137931,,,,,3.963820000000003,3.8843200000000024,0.07950000000000035,True,,,,,,,,,,,,,,,,,8.0,7.0,1.0,True
edit_latent_source_first_rerank,mpair_00016970_cond_02_2p,mpair_00016970,eval,2,"TPSA,HBA",CCCc1c(OCCCOc2cc3c(cc2C(C)=O)CCC(C(=O)O)O3)ccc(C(C)=O)c1O,CCCc1c(OCCCOc2cc(O)c(C(C)=O)cc2CC)ccc2c1OC(C(=O)O)CC2,CCCc1c(OCCCCCOc2ccc3c(c2)OC(C(=O)O)CC3)ccc(C(C)=O)c1O,c1ccc(OCCCOc2ccc3c(c2)OCCC3)cc1,c1ccc(OCCCCCOc2ccc3c(c2)OCCC3)cc1,False,True,False,,0.796875,0.581081081081081,,,,,,,,,,,,,102.29,102.29,0.0,True,,,,,6.0,6.0,0.0,True,,,,
edit_latent_source_first_rerank,mpair_00017118_cond_01_2p,mpair_00017118,eval,2,"HBD,HBA",COc1ccccc1N1CCN(c2cc3c(cc2N)c(=O)c(C(=O)O)cn3C(C)(C)C)CC1,COc1ccccc1N1CCN(c2c(F)cc3c(=O)c(C(=O)O)cn(CCN(C)C)c3c2OC(F)F)CC1,COc1ccc(N2CCN(c3cc4c(cc3N)c(=O)c(C(=O)O)cn4C(C)(C)C)CC2)cc1,O=c1cc[nH]c2cc(N3CCN(c4ccccc4)CC3)ccc12,O=c1cc[nH]c2cc(N3CCN(c4ccccc4)CC3)ccc12,True,True,True,,0.75,0.31868131868131866,,,,,,,,,,,,,,,,,1.0,2.0,1.0,True,8.0,7.0,1.0,True,,,,
edit_latent_source_first_rerank,mpair_00017134_cond_02_2p,mpair_00017134,eval,2,"HBA,RB",COc1ccc(N2CCN(c3cc4c(cc3N)c(=O)c(C(=O)O)cn4C(C)(C)C)CC2)cc1,CC(C)(C)n1cc(C(=O)O)c(=O)c2cc(N)c(N3CCN(c4ccc(F)cc4)CC3)cc21,CC(C)(C)n1cc(C(=O)O)c(=O)c2cc(F)c(N3CCNC(CF)C3)cc21,O=c1cc[nH]c2cc(N3CCN(c4ccccc4)CC3)ccc12,O=c1cc[nH]c2cc(N3CCNCC3)ccc12,False,True,False,,0.4657534246575342,0.5217391304347826,,,,,,,,,,,,,,,,,,,,,6.0,5.0,1.0,True,3.0,3.0,0.0,True
edit_latent_source_first_rerank,mpair_00017188_cond_00_2p,mpair_00017188,eval,2,"HBA,RB",COc1ccc(C2(CCc3ccc(O)cc3)CC(=O)C(Sc3cc(C)c(CO)cc3C(C)(C)C)=C(O)O2)cc1,Cc1cc(SC2=C(O)OC(CCc3cccc(O)c3)(c3ccccc3)CC2=O)c(C(C)(C)C)cc1CO,Cc1cc(SC2=C(O)OC(CCc3ccc(CO)s3)(C(C)C)CC2=O)c(C(C)(C)C)cc1CO,O=C1CC(CCc2ccccc2)(c2ccccc2)OC=C1Sc1ccccc1,O=C1CC(CCc2cccs2)OC=C1Sc1ccccc1,False,True,False,,0.5301204819277109,0.5432098765432098,,,,,,,,,,,,,,,,,,,,,6.0,7.0,1.0,True,7.0,8.0,1.0,True
edit_latent_source_first_rerank,mpair_00000006_cond_01_3p,mpair_00000006,eval,3,"MW,LogP,QED",O=C(c1ccccc1F)N1C[C@H](CN2CCC(c3ccccc3)CC2)[C@@H](c2ccccc2)C1,O=C(c1ccccc1C(F)(F)F)N1C[C@H](CN2CCC(c3ccccc3)CC2)[C@@H](c2ccccc2)C1,Fc1cccc([C@H]2CN(Cc3ccccc3)C[C@@H]2CN2CCC(c3ccccc3)CC2)c1,O=C(c1ccccc1)N1C[C@H](CN2CCC(c3ccccc3)CC2)[C@@H](c2ccccc2)C1,c1ccc(CN2C[C@H](CN3CCC(c4ccccc4)CC3)[C@@H](c3ccccc3)C2)cc1,False,False,False,,0.4918032786885246,0.4461538461538462,492.5850000000002,428.5950000000002,63.99000000000001,False,6.4408000000000065,5.920900000000006,0.5199000000000007,True,0.4092272471712491,0.48074045150679606,0.07151320433554698,True,,,,,,,,,,,,,,,,
edit_latent_source_first_rerank,mpair_00000773_cond_01_3p,mpair_00000773,eval,3,"MW,LogP,RB",C=CCc1cc(/C=C2\SC(=O)N(CC=C(C)C)C2=O)c(OC)cc1OC1CCCCO1,C=CCc1cc(/C=C2\SC(=O)N(C)C2=O)c(OC)cc1OC1CCCCO1,C=CCc1cc(/C=C2\SC(=O)N(CC=C(C)C)C2=O)c(OC)cc1O,O=C1NC(=O)/C(=C/c2ccc(OC3CCCCO3)cc2)S1,O=C1NC(=O)/C(=C/c2ccccc2)S1,False,True,False,,0.6764705882352942,0.4861111111111111,389.4730000000002,359.44700000000006,30.026000000000124,True,3.9952000000000023,4.131800000000005,0.13660000000000228,True,,,,,,,,,,,,,,,,,6.0,6.0,0.0,True
edit_latent_source_first_rerank,mpair_00001243_cond_01_3p,mpair_00001243,eval,3,"LogP,HBA,RB",CNc1nc(N)nc(O)c1C=O,CC(C)Nc1nc(N)nc(O)c1N=O,Nc1nc(O)c(C=O)c(NCCCCc2ccccc2)n1,c1cncnc1,c1ccc(CCCCNc2ccncn2)cc1,False,False,False,,0.4782608695652174,0.2909090909090909,,,,,0.9825999999999997,2.0117,1.0291000000000001,False,,,,,,,,,,,,,7.0,6.0,1.0,True,3.0,7.0,4.0,False
edit_latent_source_first_rerank,mpair_00002396_cond_01_3p,mpair_00002396,eval,3,"LogP,QED,HBA",CN(C)CCCOc1cc(C(=O)Nc2cc(F)cc(C(F)(F)F)c2)n(Cc2ccccc2)n1,COc1ccc(NC(=O)c2cc(OCCCN(C)C)nn2Cc2ccccc2)cc1,,O=C(Nc1ccccc1)c1ccnn1Cc1ccccc1,,False,False,False,"empty_source_tanimoto_pool,empty_edit_latent_pool",0.0,0.0,,,,,3.522800000000002,,nan,False,0.5200250404910086,,nan,False,,,,,,,,,6.0,,nan,False,,,,
edit_latent_source_first_rerank,mpair_00002436_cond_00_3p,mpair_00002436,eval,3,"LogP,TPSA,HBA",CSc1cc(-c2ccc(Br)cc2)oc(=O)c1C#N,CSc1cc(-c2ccc(Br)cc2)oc(=O)c1Cl,CSc1cc(-c2ccncc2)oc(=O)c1Br,O=c1cccc(-c2ccccc2)o1,O=c1cccc(-c2ccncc2)o1,False,False,False,,0.5,0.5348837209302325,,,,,4.444600000000002,3.1862000000000013,1.2584000000000009,False,,,,,30.21,43.1,12.89,True,,,,,3.0,4.0,1.0,True,,,,
edit_latent_source_first_rerank,mpair_00002496_cond_00_3p,mpair_00002496,eval,3,"QED,TPSA,RB",COc1ccc(C(=O)Nc2c(Cl)cncc2Cl)c2ccc(C(C)=O)nc12,COc1ccc(C(=O)Nc2ccncc2Cl)c2cccnc12,COc1ccc(C(=O)Nc2ccccc2Cl)c2cc(C(C)=O)oc12,O=C(Nc1ccncc1)c1cccc2ncccc12,O=C(Nc1ccccc1)c1cccc2occc12,False,True,False,,0.4,0.4444444444444444,,,,,,,,,0.8029165077767629,0.7054780488582059,0.09743845891855707,True,64.11,68.53999999999999,4.429999999999993,True,,,,,,,,,3.0,4.0,1.0,True
edit_latent_source_first_rerank,mpair_00002929_cond_02_3p,mpair_00002929,eval,3,"MW,QED,TPSA",Clc1ccc(Nc2nc(N3CCOCC3)nc3ccccc23)cc1,COC(=O)c1ccc2c(Nc3ccc(Cl)cc3)nc(N3CCOCC3)nc2c1,CN1CCCC1CCNc1nc(Nc2ccc(Cl)cc2)nc2ccccc12,c1ccc(Nc2nc(N3CCOCC3)nc3ccccc23)cc1,c1ccc(Nc2nc(NCCC3CCCN3)c3ccccc3n2)cc1,False,False,False,,0.4153846153846154,0.2875,398.85000000000025,381.9110000000001,16.939000000000135,True,,,,,0.6719222545699903,0.6340787451021438,0.03784350946784654,True,76.58,53.08,23.5,False,,,,,,,,,,,,
edit_latent_source_first_rerank,mpair_00003586_cond_02_3p,mpair_00003586,eval,3,"LogP,HBA,RB",CSc1ccc(Cn2ccc3c4c(N)nc(N)nc4ccc32)cc1,CC(C)(C)c1ccc(Cn2ccc3c4c(N)nc(N)nc4ccc32)cc1,,c1ccc(Cn2ccc3c4cncnc4ccc32)cc1,,False,False,False,"empty_source_tanimoto_pool,empty_edit_latent_pool",0.0,0.0,,,,,4.094700000000002,,nan,False,,,,,,,,,,,,,5.0,,nan,False,2.0,,nan,False
edit_latent_source_first_rerank,mpair_00003910_cond_01_3p,mpair_00003910,eval,3,"LogP,QED,RB",CC1=CC2Cc3nc4cc(C)ccc4c(N)c3C(C1)C2,CCCCC1=CC2Cc3nc4ccccc4c(N)c3C(C1)C2,CC1=CC2Cc3nc4cc(Cl)ccc4c(NCCO)c3C(C1)C2,C1=CC2Cc3nc4ccccc4cc3C(C1)C2,C1=CC2Cc3nc4ccccc4cc3C(C1)C2,True,True,True,,0.5081967213114754,0.3287671232876712,,,,,4.983300000000003,4.288400000000003,0.6949000000000005,True,0.8099373252527274,0.8261574151418123,0.016220089889084854,True,,,,,,,,,,,,,3.0,3.0,0.0,True
edit_latent_source_first_rerank,mpair_00003929_cond_01_3p,mpair_00003929,eval,3,"QED,TPSA,HBA",OC(c1ccc(F)cc1)(c1ccc(F)cc1)C1CCN(CCCNc2ccccc2)CC1,Cc1ccc(O)c(NCCCN2CCC(C(O)(c3ccccc3)c3ccc(Cl)cc3)CC2)c1,O=C(NCCCN1CCC(Cc2ccc(F)cc2)CC1)Nc1ccc(C(F)(F)F)cc1,c1ccc(NCCCN2CCC(C(c3ccccc3)c3ccccc3)CC2)cc1,O=C(NCCCN1CCC(Cc2ccccc2)CC1)Nc1ccccc1,False,False,False,,0.4307692307692308,0.26506024096385544,,,,,,,,,0.2908765692038643,0.45547498877220366,0.16459841956833937,False,55.730000000000004,44.370000000000005,11.36,True,,,,,4.0,2.0,2.0,False,,,,
edit_latent_source_first_rerank,mpair_00004149_cond_02_3p,mpair_00004149,eval,3,"LogP,HBA,RB",C=C1C[C@@]23O[C@]2(c2ccccc21)C1CC(OC(=O)[C@H](O)[C@@H](NC(=O)OCC)c2ccc(OC)cc2)C3(C)C1(C)C,C=C1C[C@@]23O[C@]2(c2ccccc21)C1CC(OC(=O)[C@H](O)[C@@H](NC(=O)OCC)c2ccc(Cl)cc2)C3(C)C1(C)C,C[C@H]1C[C@@]23O[C@]2(c2ccccc21)C1CC(OC(=O)[C@H](O)[C@@H](NC(=O)NC(C)(C)C)c2ccccc2)C3(C)C1(C)C,C=C1C[C@@]23O[C@]2(c2ccccc21)C1CC(OC(=O)CCc2ccccc2)C3C1,O=C(CCc1ccccc1)OC1CC2CC1[C@@]13CCc4ccccc4[C@@]21O3,False,True,False,,0.4946236559139785,0.5,,,,,5.547300000000005,5.335800000000005,0.21150000000000002,True,,,,,,,,,,,,,6.0,5.0,1.0,True,6.0,5.0,1.0,True
edit_latent_source_first_rerank,mpair_00004730_cond_00_3p,mpair_00004730,eval,3,"LogP,HBA,RB",CN(C)S(=O)(=O)c1cccc(S(=O)(=O)c2ccc(CN)s2)c1,CCOc1cc(S(C)(=O)=O)cc(S(=O)(=O)c2ccc(CN)s2)c1,,O=S(=O)(c1ccccc1)c1cccs1,,False,False,False,"empty_source_tanimoto_pool,empty_edit_latent_pool",0.0,0.0,,,,,1.8418,,nan,False,,,,,,,,,,,,,7.0,,nan,False,6.0,,nan,False
edit_latent_source_first_rerank,mpair_00004833_cond_00_3p,mpair_00004833,eval,3,"LogP,HBD,RB",CC(C)(C)OC(=O)Nc1cnn2c1n[n+]([O-])c1ccc(Cl)cc12,CCOC(=O)c1cnn2c1n[n+]([O-])c1ccc(Cl)cc12,Cn1cnc(-c2cnn3c2n[n+]([O-])c2ccc(Cl)cc23)n1,c1ccc2c(c1)[nH+]nc1ccnn12,c1ccc2c(c1)[nH+]nc1c(-c3nc[nH]n3)cnn12,False,True,False,,0.47692307692307695,0.5081967213114754,,,,,1.3459999999999996,0.9647999999999999,0.38119999999999976,True,,,,,,,,,0.0,0.0,0.0,True,,,,,2.0,1.0,1.0,True
edit_latent_source_first_rerank,mpair_00005154_cond_00_3p,mpair_00005154,eval,3,"MW,QED,HBA",COC(=O)[C@H]1C[C@@H](C(=O)O)N1,COC(=O)[C@@H]1C[C@@H](C(=O)OC(C)(C)C)N1,O=C(O)[C@@H]1CCC[C@@H](C(=O)O)N1,C1CNC1,C1CCNCC1,False,False,False,,0.4444444444444444,0.2727272727272727,215.249,173.16800000000003,42.08099999999996,False,,,,,0.6679892922393487,0.5317466933750912,0.1362425988642575,False,,,,,,,,,5.0,3.0,2.0,False,,,,
edit_latent_source_first_rerank,mpair_00005176_cond_02_3p,mpair_00005176,eval,3,"QED,HBA,RB",COc1ccc2c(c1)C(NCCOc1cc(F)ccc1F)CCS2(=O)=O,O=S1(=O)CCC(NCCOc2cc(F)ccc2F)c2cc(F)ccc21,NC(=O)c1ccc2c(c1)C(NCCOc1cc(F)ccc1F)CCS2(=O)=O,O=S1(=O)CCC(NCCOc2ccccc2)c2ccccc21,O=S1(=O)CCC(NCCOc2ccccc2)c2ccccc21,True,True,True,,0.7096774193548387,0.8,,,,,,,,,0.6485702797426979,0.7275585946389558,0.0789883148962579,True,,,,,,,,,4.0,5.0,1.0,True,5.0,6.0,1.0,True
edit_latent_source_first_rerank,mpair_00005384_cond_02_3p,mpair_00005384,eval,3,"LogP,TPSA,HBA",CCCN(CCC)C(=O)c1sc(Nc2c(Cl)cc(Cl)cc2Cl)nc1C,COCCN(CCOC)C(=O)c1sc(Nc2c(Cl)cc(Cl)cc2Cl)nc1C,CCCN(Cc1sc(Nc2c(Cl)cc(Cl)cc2Cl)nc1C)CC1CC1,c1ccc(Nc2nccs2)cc1,c1ccc(Nc2ncc(CNCC3CC3)s2)cc1,False,False,False,,0.5423728813559322,0.4461538461538462,,,,,4.8903200000000036,6.777320000000004,1.8870000000000005,False,,,,,63.690000000000005,28.16,35.53,False,,,,,6.0,4.0,2.0,False,,,,
edit_latent_source_first_rerank,mpair_00005878_cond_00_3p,mpair_00005878,eval,3,"LogP,QED,RB",CCN(CC)c1ccc(/C=C2\CC/C(=C\c3ccc(N(CCC(=O)O)CCC(=O)O)cc3)C2=O)cc1,CN(CCC(=O)O)c1ccc(/C=C2\CC/C(=C\c3ccc(N(C)CCC(=O)O)cc3)C2=O)cc1,,O=C1/C(=C/c2ccccc2)CC/C1=C\c1ccccc1,,False,False,False,"empty_source_tanimoto_pool,empty_edit_latent_pool",0.0,0.0,,,,,4.338300000000003,,nan,False,0.5070136745133651,,nan,False,,,,,,,,,,,,,10.0,,nan,False
edit_latent_source_first_rerank,mpair_00006073_cond_00_3p,mpair_00006073,eval,3,"LogP,HBA,RB",CC(C)(C)c1ccc(-c2ccc(CN3[C@@H](C(=O)NO)CCCS3(=O)=O)cc2)cc1,COc1ccc(-c2ccc(CN3[C@@H](C(=O)NO)CCCS3(=O)=O)cc2)cc1,,O=S1(=O)CCCCN1Cc1ccc(-c2ccccc2)cc1,,False,False,False,"empty_source_tanimoto_pool,empty_edit_latent_pool",0.0,0.0,,,,,2.1617999999999995,,nan,False,,,,,,,,,,,,,5.0,,nan,False,5.0,,nan,False
edit_latent_source_first_rerank,mpair_00006845_cond_01_3p,mpair_00006845,eval,3,"MW,LogP,QED",CC(CCN1CCC(c2ccccc2)CC1)(CN1C(=O)N[C@H](Cc2c[nH]c3ccccc23)C1=O)c1cccc(Cl)c1,O=C1N[C@H](Cc2c[nH]c3ccccc23)C(=O)N1CC(CCN1CCC(c2ccccc2)CC1)c1ccccc1,O=C1N[C@H](Cc2c[nH]c3ccccc23)C(=O)N1CC(CCN1CCC(c2ccccc2)CC1)c1cccc(Cl)c1,O=C1N[C@H](Cc2c[nH]c3ccccc23)C(=O)N1CC(CCN1CCC(c2ccccc2)CC1)c1ccccc1,O=C1N[C@H](Cc2c[nH]c3ccccc23)C(=O)N1CC(CCN1CCC(c2ccccc2)CC1)c1ccccc1,True,True,True,,0.6585365853658537,0.8529411764705882,520.6770000000004,555.1220000000004,34.44500000000005,True,5.684300000000007,6.337700000000007,0.6534000000000004,True,0.2789586572255103,0.23727081899203312,0.04168783823347716,True,,,,,,,,,,,,,,,,
edit_latent_source_first_rerank,mpair_00007221_cond_00_3p,mpair_00007221,eval,3,"LogP,TPSA,HBA",CC12CCC3C(C(=O)C=C4CCCCC43C=O)C1CCC2=O,CC12CCC3C(C(=O)C=C4CCCCC43C)C1CCC2=O,C[C@]12C[C@@H](S)C(=O)C=C1CCC1C2CC[C@]2(C)C(=O)CCC12,O=C1CCC2C1CCC1C3CCCCC3=CC(=O)C21,O=C1C=C2CCC3C4CCC(=O)C4CCC3C2CC1,False,True,False,,0.43636363636363634,0.5208333333333334,,,,,4.087400000000003,3.995700000000003,0.09170000000000034,True,,,,,34.14,34.14,0.0,True,,,,,2.0,3.0,1.0,True,,,,
edit_latent_source_first_rerank,mpair_00007435_cond_01_3p,mpair_00007435,eval,3,"LogP,HBA,RB",O=C(O)CN1C(=O)C(=O)N(Cc2ccccc2Cl)C1=O,COc1ccccc1CN1C(=O)C(=O)N(CC(=O)O)C1=O,,O=C1NC(=O)N(Cc2ccccc2)C1=O,,False,False,False,"empty_source_tanimoto_pool,empty_edit_latent_pool",0.0,0.0,,,,,0.07060000000000016,,nan,False,,,,,,,,,,,,,5.0,,nan,False,5.0,,nan,False
edit_latent_source_first_rerank,mpair_00007456_cond_02_3p,mpair_00007456,eval,3,"QED,TPSA,HBA",O=C(O)CN1C(=O)C(=O)N(Cc2ccc(F)cc2)C1=O,O=C(O)CN1C(=O)C(=O)N(Cc2ccccc2[N+](=O)[O-])C1=O,O=C(O)CN1C(=O)C(=O)N(CCCCc2ccccc2)C1=O,O=C1NC(=O)N(Cc2ccccc2)C1=O,O=C1NC(=O)N(CCCCc2ccccc2)C1=O,False,False,False,,0.4883720930232558,0.4583333333333333,,,,,,,,,0.3485679851412651,0.45828532808081235,0.10971734293954727,False,138.13,94.99000000000001,43.139999999999986,False,,,,,6.0,4.0,2.0,False,,,,
edit_latent_source_first_rerank,mpair_00007823_cond_02_3p,mpair_00007823,eval,3,"MW,HBA,RB",COc1cc2ncc(C#N)c(Nc3ccc(F)c(Cl)c3)c2cc1NC(=O)/C=C/C(C)N1CCOCC1,N#Cc1cnc2ccc(NC(=O)/C=C/CN3CCOCC3)cc2c1Nc1ccc(F)c(Cl)c1,COc1cc2c(Nc3ccc(Cl)cc3Cl)c(C#N)cnc2cc1OCC1CCN(C)CC1,O=C(/C=C/CN1CCOCC1)Nc1ccc2nccc(Nc3ccccc3)c2c1,c1ccc(Nc2ccnc3cc(OCC4CCNCC4)ccc23)cc1,False,True,False,,0.41237113402061853,0.31958762886597936,465.91600000000017,471.3880000000004,5.472000000000207,True,,,,,,,,,,,,,,,,,6.0,6.0,0.0,True,6.0,6.0,0.0,True
edit_latent_source_first_rerank,mpair_00007849_cond_00_3p,mpair_00007849,eval,3,"TPSA,HBD,HBA",CCO/C(O)=C1\C(C)=NC(C)=C(C(=O)OC)C1c1cccc(NC(=O)NCCCN2CCN(c3ccccc3)CC2)c1,CCO/C(O)=C1\C(C)=NC(C)=C(C(=O)OC)C1c1cccc(NC(=O)NCCCN2CCN(c3cccc(O)c3)CC2)c1,COC(=O)C1=C(C)N=C(C)/C(=C(/O)OC)C1c1cccc(N/C(=N/CCCN2CCC(c3ccccc3)CC2)NC#N)c1,C=C1C=NC=CC1c1cccc(NC(=O)NCCCN2CCN(c3ccccc3)CC2)c1,C=C1C=NC=CC1c1cccc(N/C=N/CCCN2CCC(c3ccccc3)CC2)c1,False,True,False,,0.5319148936170213,0.494949494949495,,,,,,,,,,,,,135.95999999999998,131.57,4.389999999999986,True,4.0,3.0,1.0,True,9.0,8.0,1.0,True,,,,
edit_latent_source_first_rerank,mpair_00008148_cond_02_3p,mpair_00008148,eval,3,"LogP,TPSA,HBD",CCN(CC)CC(O)Cn1c2ccccc2c(=O)c2cccc(C(=O)O)c21,CC(C)N(CC(O)Cn1c2ccccc2c(=O)c2cccc(Cl)c21)C(C)C,O=c1c2ccccc2n(CC(O)CN2CCC(N3CCCCC3)CC2)c2c(Cl)cccc12,O=c1c2ccccc2[nH]c2ccccc12,O=c1c2ccccc2n(CCCN2CCC(N3CCCCC3)CC2)c2ccccc12,False,True,False,,0.4,0.5483870967741935,,,,,4.287800000000003,4.1193000000000035,0.16849999999999987,True,,,,,45.47,48.71000000000001,3.240000000000009,True,1.0,1.0,0.0,True,,,,,,,,
edit_latent_source_first_rerank,mpair_00008198_cond_02_3p,mpair_00008198,eval,3,"MW,TPSA,HBA",OC1Cc2ccccc2CC1N1CCC(c2ccccc2)CC1,CC(=O)Nc1cccc2c1CC(N1CCC(c3ccccc3)CC1)C(O)C2,O=C(c1ccccc1)N1CCC[C@@H]2C[C@@H](O)[C@H](N3CCC(c4ccccc4)CC3)C[C@H]21,c1ccc(C2CCN(C3CCc4ccccc4C3)CC2)cc1,O=C(c1ccccc1)N1CCC[C@@H]2CC[C@H](N3CCC(c4ccccc4)CC3)C[C@H]21,False,False,False,,0.46153846153846156,0.40625,364.4890000000001,418.58100000000024,54.092000000000155,False,,,,,,,,,52.57000000000001,43.78000000000001,8.79,True,,,,,3.0,3.0,0.0,True,,,,
edit_latent_source_first_rerank,mpair_00008355_cond_01_3p,mpair_00008355,eval,3,"LogP,QED,RB",CCc1c(O)c(C(=O)NCC(=O)O)c2ncnn2c1CC,CCCCCc1cc(O)c(C(=O)NCC(=O)O)c2ncnn12,O=C(O)CNC(=O)c1c(O)cc(CCc2ccccc2)c2ncnn12,c1ccn2ncnc2c1,c1ccc(CCc2cccn3ncnc23)cc1,False,True,False,,0.4262295081967213,0.4603174603174603,,,,,0.9820000000000002,1.0344999999999995,0.052499999999999325,True,0.6565019717290547,0.6170384154207647,0.039463556308290015,True,,,,,,,,,,,,,7.0,6.0,1.0,True
edit_latent_source_first_rerank,mpair_00008374_cond_02_3p,mpair_00008374,eval,3,"LogP,HBA,RB",CC[C@H](C)C(=O)O[C@H]1CCC=C2C=C[C@H](C)[C@H](CCC(=O)C[C@@H](O)CC(=O)O)[C@H]21,CC[C@H](C)C(=O)O[C@H]1CCC=C2C=C[C@H](C)[C@H](COC(=O)C[C@@H](O)CC(=O)O)[C@H]21,CC[C@H](C)C(=O)O[C@@H]1CCC=C2C=C[C@@H](C)[C@@H](COC(=O)CCCC(=O)O)[C@@H]21,C1=CC2=CCCC[C@@H]2CC1,C1=CC2=CCCC[C@H]2CC1,False,False,False,,0.6470588235294118,0.7619047619047619,,,,,2.8717000000000006,3.9009000000000027,1.0292000000000021,False,,,,,,,,,,,,,6.0,5.0,1.0,True,9.0,9.0,0.0,True
edit_latent_source_first_rerank,mpair_00008508_cond_01_3p,mpair_00008508,eval,3,"MW,LogP,QED",CC(C)COc1ccc(Cc2ccc(NC3=NCCN3)cc2)cc1,COc1ccc(Cc2ccc(NC3=NCCN3)cc2)cc1,COc1ccc(Oc2ccc(NC3=NCCN3)cc2)cc1,c1ccc(Cc2ccc(NC3=NCCN3)cc2)cc1,c1ccc(Oc2ccc(NC3=NCCN3)cc2)cc1,False,True,False,,0.5416666666666666,0.7692307692307693,281.359,283.331,1.9720000000000368,True,2.6571000000000007,2.858600000000001,0.20150000000000023,True,0.905384090862648,0.9056496967214667,0.0002656058588186294,True,,,,,,,,,,,,,,,,
edit_latent_source_first_rerank,mpair_00008601_cond_00_3p,mpair_00008601,eval,3,"MW,LogP,QED",Cc1cc2c(cc1C(F)(F)F)N(C(=O)Nc1cnc(OCc3ccccn3)c(C)c1)CC2,O=C(Nc1ccc(OCc2ccccn2)nc1)N1CCc2c(Cl)cccc21,COc1cc2c(cc1C(F)(F)C(F)(F)F)N(C(=O)Nc1cccnc1)CC2,O=C(Nc1ccc(OCc2ccccn2)nc1)N1CCc2ccccc21,O=C(Nc1cccnc1)N1CCc2ccccc21,False,True,False,,0.4935064935064935,0.3333333333333333,380.8350000000002,387.30800000000005,6.472999999999843,True,4.303600000000003,4.338900000000003,0.03530000000000033,True,0.7321782006044687,0.7976313501156745,0.06545314951120584,True,,,,,,,,,,,,,,,,
edit_latent_source_first_rerank,mpair_00008643_cond_00_3p,mpair_00008643,eval,3,"MW,QED,RB",COc1ccccc1N1CCN(C(=O)c2cc3ccccc3[nH]2)CC1,CC(C)Nc1ccc(F)cc1N1CCN(C(=O)c2cc3ccccc3[nH]2)CC1,COc1ccccc1N1CCN(C(=O)CCc2c[nH]c3ccc(C)cc23)CC1,O=C(c1cc2ccccc2[nH]1)N1CCN(c2ccccc2)CC1,O=C(CCc1c[nH]c2ccccc12)N1CCN(c2ccccc2)CC1,False,True,False,,0.46153846153846156,0.275,380.4670000000001,377.4880000000001,2.978999999999985,True,,,,,0.7168114142147228,0.7363783103554585,0.0195668961407357,True,,,,,,,,,,,,,4.0,5.0,1.0,True
edit_latent_source_first_rerank,mpair_00008657_cond_02_3p,mpair_00008657,eval,3,"MW,LogP,QED",CC(C)Nc1cc(C(F)(F)F)ccc1N1CCN(C(=O)c2cc3ccccc3[nH]2)CC1,CC(C)Nc1ccc(F)cc1N1CCN(C(=O)c2cc3ccccc3[nH]2)CC1,CC(C)Nc1cc(C(F)(F)F)ccc1N1CCN(C(=O)c2cc3ccccc3[nH]2)CC1,O=C(c1cc2ccccc2[nH]1)N1CCN(c2ccccc2)CC1,O=C(c1cc2ccccc2[nH]1)N1CCN(c2ccccc2)CC1,True,False,False,,1.0,0.7049180327868853,380.4670000000001,430.47400000000016,50.00700000000006,False,4.089700000000003,4.969400000000004,0.8797000000000006,True,0.7168114142147228,0.6146175126889707,0.10219390152575214,False,,,,,,,,,,,,,,,,
edit_latent_source_first_rerank,mpair_00008740_cond_02_3p,mpair_00008740,eval,3,"MW,HBD,HBA",CC(=O)Oc1ccc(-c2c(C)c3cc(OC(C)=O)ccc3n2Cc2ccc(C#N)cc2)cc1,Cc1ccc(Cn2c(-c3ccc(O)cc3)c(C)c3cc(O)ccc32)cc1,CC(=O)Oc1ccc(-c2c(C)c3ccc(OC(C)=O)cc3n2-c2ccccc2)cc1,c1ccc(Cn2c(-c3ccccc3)cc3ccccc32)cc1,c1ccc(-c2cc3ccccc3n2-c2ccccc2)cc1,False,False,False,,0.45161290322580644,0.25806451612903225,343.4260000000001,399.4460000000001,56.01999999999998,False,,,,,,,,,,,,,2.0,0.0,2.0,False,3.0,5.0,2.0,False,,,,
edit_latent_source_first_rerank,mpair_00009355_cond_01_3p,mpair_00009355,eval,3,"MW,QED,RB",O=C(NCCc1c[nH]c2ccccc12)C1CC1,COc1ccc2[nH]c(C)c(CCNC(=O)C3CC3)c2c1,COc1ccc2[nH]c(-c3ccccc3)c(CCNC(=O)C3CC3)c2c1,O=C(NCCc1c[nH]c2ccccc12)C1CC1,O=C(NCCc1c(-c2ccccc2)[nH]c2ccccc12)C1CC1,False,False,False,,0.45,0.7272727272727273,272.34799999999996,334.41900000000015,62.0710000000002,False,,,,,0.8785652510386628,0.7179041136786986,0.16066113735996423,False,,,,,,,,,,,,,5.0,6.0,1.0,True
edit_latent_source_first_rerank,mpair_00009969_cond_00_3p,mpair_00009969,eval,3,"TPSA,HBD,HBA",CN1C(=O)C(Cc2ccc3ccccc3c2)N=C(c2ccc(O)cc2)c2cc(Cl)ccc21,CN1C(=O)C(Cc2ccc3ccccc3c2)N=C(c2ccccc2)c2cc(Cl)ccc21,CN1C(=O)CN=C(c2ccccc2)c2cc(Cl)ccc21,O=C1Nc2ccccc2C(c2ccccc2)=NC1Cc1ccc2ccccc2c1,O=C1CN=C(c2ccccc2)c2ccccc2N1,False,True,False,,0.4153846153846154,0.4915254237288136,,,,,,,,,,,,,32.67,32.67,0.0,True,0.0,0.0,0.0,True,2.0,2.0,0.0,True,,,,
edit_latent_source_first_rerank,mpair_00010012_cond_00_3p,mpair_00010012,eval,3,"MW,LogP,HBD",O=c1cc(-c2ccccc2)oc2cc(OCC(O)CNCc3ccccc3)ccc12,CC(C)N(Cc1ccccc1)CC(O)COc1ccc2c(=O)cc(-c3ccccc3)oc2c1,CCCNCC(O)COc1ccc2c(=O)c(Cc3ccccc3)c(-c3ccccc3)oc2c1,O=c1cc(-c2ccccc2)oc2cc(OCCCNCc3ccccc3)ccc12,O=c1c(Cc2ccccc2)c(-c2ccccc2)oc2ccccc12,False,True,False,,0.5588235294117647,0.4666666666666667,443.5430000000002,443.5430000000001,5.684341886080802e-14,True,5.110300000000005,4.790100000000004,0.3202000000000007,True,,,,,,,,,1.0,2.0,1.0,True,,,,,,,,
edit_latent_source_first_rerank,mpair_00010795_cond_01_3p,mpair_00010795,eval,3,"LogP,HBA,RB",O=C(O)c1cn(C2CC2)c2c(Cl)c(N3C[C@@H]4CCCN[C@@H]4C3)c(F)cc2c1=O,COc1c(N2C[C@@H]3CCCN[C@@H]3C2)c(F)cc2c(=O)c(C(=O)O)cn(C3CC3)c12,COc1c(N2CC(C)NC(C)C2)c(F)cc2c(=O)c(C(=O)O)cn(C3CC3)c12,O=c1ccn(C2CC2)c2cc(N3C[C@@H]4CCCN[C@@H]4C3)ccc12,O=c1ccn(C2CC2)c2cc(N3CCNCC3)ccc12,False,True,False,,0.5277777777777778,0.7121212121212122,,,,,2.3705000000000007,2.3689,0.001600000000000712,True,,,,,,,,,,,,,6.0,6.0,0.0,True,4.0,4.0,0.0,True
edit_latent_source_first_rerank,mpair_00010894_cond_02_3p,mpair_00010894,eval,3,"LogP,TPSA,RB",N[C@@H](Cc1c[nH]c2ccccc12)C(=O)N1Cc2ccccc2C[C@H]1C(=O)N[C@@H](CS)C(=O)O,NC(=O)C[C@H](NC(=O)[C@@H]1Cc2ccccc2CN1C(=O)[C@@H](N)Cc1c[nH]c2ccccc12)C(=O)O,NC(N)=NCCC[C@H](N)C(=O)N[C@@H](Cc1c[nH]c2ccccc12)C(=O)O,O=C(CCc1c[nH]c2ccccc12)N1CCc2ccccc2C1,c1ccc2[nH]ccc2c1,False,True,False,,0.4230769230769231,0.4358974358974359,,,,,0.4360000000000033,-0.339299999999998,0.7753000000000012,True,,,,,171.60999999999999,172.60999999999999,1.0,True,,,,,,,,,8.0,9.0,1.0,True
edit_latent_source_first_rerank,mpair_00011108_cond_02_3p,mpair_00011108,eval,3,"MW,LogP,QED",Cc1nn(-c2cccc(Br)c2)c2c1c(O)nc1ccccc12,COc1cccc(-n2nc(C)c3c(O)nc4ccccc4c32)c1,Cc1nn(-c2ccccc2)c2c1c(=O)n(C)c1ccccc21,c1ccc(-n2ncc3cnc4ccccc4c32)cc1,O=c1[nH]c2ccccc2c2c1cnn2-c1ccccc1,False,True,False,,0.42592592592592593,0.42592592592592593,305.33700000000005,289.33799999999997,15.99900000000008,True,3.596320000000002,3.1858200000000014,0.41050000000000075,True,0.6145221270807419,0.5396882524727463,0.07483387460799562,True,,,,,,,,,,,,,,,,
edit_latent_source_first_rerank,mpair_00012044_cond_01_3p,mpair_00012044,eval,3,"LogP,HBA,RB",COc1ccccc1N1CCN(c2nc3ccccc3s2)CC1,Clc1cccc(N2CCN(c3nc4ccccc4s3)CC2)c1,COc1ccccc1N1CCNCC1,c1ccc(N2CCN(c3nc4ccccc4s3)CC2)cc1,c1ccc(N2CCNCC2)cc1,False,False,False,,0.4883720930232558,0.16363636363636364,,,,,4.276300000000003,1.1047999999999998,3.1715000000000027,False,,,,,,,,,,,,,4.0,3.0,1.0,True,2.0,2.0,0.0,True
edit_latent_source_first_rerank,mpair_00012894_cond_01_3p,mpair_00012894,eval,3,"TPSA,HBA,RB",COc1ccc(O)cc1C(C)(C)C(C)(C)c1cc(O)ccc1OC,Cc1ccc(O)cc1C(C)(C)C(C)(C)c1cc(O)ccc1C,CC(C)(c1cc(O)ccc1F)C(C)(C)c1cc(O)ccc1F,c1ccc(CCc2ccccc2)cc1,c1ccc(CCc2ccccc2)cc1,True,True,True,,0.5333333333333333,0.5925925925925926,,,,,,,,,,,,,40.46,40.46,0.0,True,,,,,2.0,2.0,0.0,True,3.0,3.0,0.0,True
edit_latent_source_first_rerank,mpair_00013346_cond_02_3p,mpair_00013346,eval,3,"MW,LogP,QED",NC(=O)c1nnn(Cc2cc(Cl)cc(Cl)c2)c1N,NC(=O)c1nnn(Cc2ccccc2)c1N,N#Cc1ccc(C(=O)c2c(Cl)cc(Cn3nnc(C(N)=O)c3N)cc2Cl)cc1,c1ccc(Cn2ccnn2)cc1,O=C(c1ccccc1)c1ccc(Cn2ccnn2)cc1,False,False,False,,0.5769230769230769,0.5384615384615384,217.23200000000003,415.2400000000001,198.0080000000001,False,0.007499999999999285,2.4169799999999997,2.4094800000000003,False,0.7556774416955722,0.61342974534326,0.14224769635231216,False,,,,,,,,,,,,,,,,
edit_latent_source_first_rerank,mpair_00013968_cond_00_3p,mpair_00013968,eval,3,"QED,HBD,RB",O=C(O)CCN1C(=O)CCC1=O,CCOC(=O)CCN1C(=O)CCC1=O,O=C(O)CCN1C(=O)c2ccccc2C1=O,O=C1CCC(=O)N1,O=C1NC(=O)c2ccccc21,False,False,False,,0.4838709677419355,0.2682926829268293,,,,,,,,,0.4751411200089623,0.7612503670946251,0.2861092470856628,False,,,,,0.0,1.0,1.0,True,,,,,4.0,3.0,1.0,True
edit_latent_source_first_rerank,mpair_00014573_cond_00_3p,mpair_00014573,eval,3,"LogP,TPSA,HBA",O=C(NO)C1(NS(=O)(=O)c2ccc(Oc3cccc(Cl)c3)cc2)CCOCC1,N#Cc1ccc(Oc2ccc(S(=O)(=O)NC3(C(=O)NO)CCOCC3)cc2)cc1,O=C(NO)C1(NS(=O)(=O)c2ccc(Oc3cc(Cl)ccn3)cc2)CCOCC1,O=S(=O)(NC1CCOCC1)c1ccc(Oc2ccccc2)cc1,O=S(=O)(NC1CCOCC1)c1ccc(Oc2ccccn2)cc1,False,True,False,,0.711864406779661,0.6065573770491803,,,,,1.6834799999999996,1.8601999999999999,0.1767200000000002,True,,,,,137.74999999999997,126.85000000000001,10.899999999999963,True,,,,,7.0,7.0,0.0,True,,,,
edit_latent_source_first_rerank,mpair_00014658_cond_01_3p,mpair_00014658,eval,3,"LogP,HBD,HBA",Cc1nn2c(C)nnc2cc1Cc1ccccc1Cl,Cc1nn2c(N)nnc2cc1Cc1ccc(F)cc1,,c1ccc(Cc2cnn3cnnc3c2)cc1,,False,False,False,"empty_source_tanimoto_pool,empty_edit_latent_pool",0.0,0.0,,,,,1.7448199999999994,,nan,False,,,,,,,,,1.0,,nan,False,5.0,,nan,False,,,,
edit_latent_source_first_rerank,mpair_00014900_cond_01_3p,mpair_00014900,eval,3,"TPSA,HBD,HBA",COC(=O)CCc1c(SSc2[nH]c3ccccc3c2CCC(=O)OC)[nH]c2ccccc12,Cc1ccc2[nH]c(SSc3[nH]c4ccc(C)cc4c3CCC(=O)O)c(CCC(=O)O)c2c1,Cc1ccc2c(CCC(=O)O)c(SSc3[nH]c4cc(C)ccc4c3CCC(=O)O)[nH]c2c1,c1ccc2[nH]c(SSc3cc4ccccc4[nH]3)cc2c1,c1ccc2[nH]c(SSc3cc4ccccc4[nH]3)cc2c1,True,True,True,,0.5,0.8,,,,,,,,,,,,,106.17999999999999,106.18,1.4210854715202004e-14,True,4.0,4.0,0.0,True,4.0,4.0,0.0,True,,,,
edit_latent_source_first_rerank,mpair_00016521_cond_02_3p,mpair_00016521,eval,3,"MW,QED,RB",CCCN(CCC)CCCNc1ncc(C)c2c1c1cnccc1n2C,CCN(CC)CCCNc1nccc2c1c1cnccc1n2C,CCN(CC)CCCNc1ncc(C)c2c1c1ccccc1n2C,c1cc2[nH]c3ccncc3c2cn1,c1ccc2c(c1)[nH]c1ccncc12,False,True,False,,0.6666666666666666,0.5517241379310345,311.43300000000005,324.47200000000004,13.038999999999987,True,,,,,0.6803351574377275,0.6619381701457637,0.018396987291963818,True,,,,,,,,,,,,,7.0,7.0,0.0,True
edit_latent_source_first_rerank,mpair_00017102_cond_02_3p,mpair_00017102,eval,3,"MW,HBA,RB",Nc1cc(C(=O)N2CCCC2)cn2nc(-c3ccc(Br)o3)nc12,COC[C@H]1CCCN1C(=O)c1cc(N)c2nc(-c3ccc(Br)o3)nn2c1,Nc1cc(C(=O)N2CCCC2)cn2nc(-c3ccco3)nc12,O=C(c1ccc2nc(-c3ccco3)nn2c1)N1CCCC1,O=C(c1ccc2nc(-c3ccco3)nn2c1)N1CCCC1,True,False,False,,0.6909090909090909,0.4583333333333333,420.26700000000005,297.31800000000004,122.94900000000001,False,,,,,,,,,,,,,,,,,7.0,6.0,1.0,True,4.0,2.0,2.0,False
edit_latent_source_first_rerank,mpair_00017142_cond_00_3p,mpair_00017142,eval,3,"MW,QED,RB",CCCCN1C(=O)CCC1(O)c1cccc(C(F)(F)F)c1,CN1C(=O)CCC1(O)c1ccccc1,,O=C1CCC(c2ccccc2)N1,,False,False,False,"empty_source_tanimoto_pool,empty_edit_latent_pool",0.0,0.0,191.23000000000002,,nan,False,,,,,0.7213181648262305,,nan,False,,,,,,,,,,,,,1.0,,nan,False
edit_latent_source_first_rerank,mpair_00017198_cond_02_3p,mpair_00017198,eval,3,"QED,HBD,RB",CC(C)c1cccc(C(C)C)c1NC(=O)NCC(NCc1ccc(O)c(CN(C)C)c1)c1ccccc1,COc1ccc(CNC(CNC(=O)Nc2c(C(C)C)cccc2C(C)C)c2ccccc2)cc1,CC(C)c1cccc(C(C)C)c1NC(=O)NCC(CNC(=O)c1ccccc1)c1ccccc1,O=C(NCC(NCc1ccccc1)c1ccccc1)Nc1ccccc1,O=C(NCC(CNC(=O)c1ccccc1)c1ccccc1)Nc1ccccc1,False,True,False,,0.47692307692307695,0.5254237288135594,,,,,,,,,0.32023292526518016,0.35440770234918495,0.03417477708400479,True,,,,,3.0,3.0,0.0,True,,,,,10.0,9.0,1.0,True
edit_latent_source_first_rerank,mpair_00000521_cond_02_4p,mpair_00000521,eval,4,"MW,QED,HBA,RB",CSC1=C(C(=O)O)N2C(=O)[C@@H](NC(=O)[C@H](N)c3ccccc3)[C@H]2CC1,N[C@@H](C(=O)N[C@@H]1C(=O)N2C(C(=O)O)=C(C(F)(F)F)CC[C@H]12)c1ccc(F)cc1,CC1=C(C(=O)O)N2C(=O)C(NC(=O)C(N)c3ccc4c(c3)CCO4)C2SC1,O=C(Cc1ccccc1)N[C@@H]1C(=O)N2C=CCC[C@H]12,O=C(Cc1ccc2c(c1)CCO2)NC1C(=O)N2C=CCSC12,False,False,False,,0.42105263157894735,0.3924050632911392,401.3160000000001,389.4330000000002,11.882999999999868,True,,,,,0.5187711593734389,0.6364922270206816,0.11772106764724277,False,,,,,,,,,4.0,6.0,2.0,False,4.0,4.0,0.0,True
edit_latent_source_first_rerank,mpair_00000980_cond_02_4p,mpair_00000980,eval,4,"QED,HBD,HBA,RB",Cc1ccc(N2CCN(CCC3NC(=O)c4ccccc43)CC2)cc1C,COc1ccc(N2CCN(CCC3c4ccccc4C(=O)N3C)CC2)cc1,O=C1NC(CCN2CCN(c3ccccc3)CC2)c2ccccc21,O=C1NC(CCN2CCN(c3ccccc3)CC2)c2ccccc21,O=C1NC(CCN2CCN(c3ccccc3)CC2)c2ccccc21,True,False,False,,0.7346938775510204,0.47368421052631576,,,,,,,,,0.8160326048332845,0.9403172855884846,0.12428468075520005,False,,,,,0.0,1.0,1.0,True,4.0,3.0,1.0,True,5.0,4.0,1.0,True
edit_latent_source_first_rerank,mpair_00001400_cond_02_4p,mpair_00001400,eval,4,"MW,QED,TPSA,RB",Nc1nc(O)c(N=O)c(NCCCO)n1,CNc1nc(N)nc(O)c1N=O,Nc1nc(O)c(N=O)c(NCCCO)n1,c1cncnc1,c1cncnc1,True,False,False,,1.0,0.5789473684210527,169.144,213.19699999999995,44.05299999999994,False,,,,,0.5448299298561337,0.3977619077750839,0.14706802208104974,False,113.49000000000001,133.72,20.22999999999999,False,,,,,,,,,2.0,5.0,3.0,False
edit_latent_source_first_rerank,mpair_00002461_cond_00_4p,mpair_00002461,eval,4,"MW,LogP,QED,RB",CSc1nc(-c2ccc(Cl)cc2)nn1C(=O)N(C)c1ccccc1,CN(C(=O)n1nc(-c2ccc(Cl)cc2)nc1SCC(F)(F)F)c1ccccc1,CSc1nc(-c2ccc(Cl)cc2)nn1C(=O)N1CCOCC1,O=C(Nc1ccccc1)n1cnc(-c2ccccc2)n1,O=C(N1CCOCC1)n1cnc(-c2ccccc2)n1,False,False,False,,0.5357142857142857,0.3880597014925373,426.8510000000001,338.82000000000016,88.03099999999995,False,5.357400000000003,2.620700000000001,2.7367000000000017,False,0.5270344401044634,0.7876920618965246,0.2606576217920612,False,,,,,,,,,,,,,4.0,2.0,2.0,False
edit_latent_source_first_rerank,mpair_00002499_cond_02_4p,mpair_00002499,eval,4,"MW,LogP,QED,RB",COc1ccc(C(=O)Nc2ccncc2Cl)c2cccnc12,CCc1ccc2c(C(=O)Nc3c(Cl)cncc3Cl)ccc(OC)c2n1,COc1ccc(C(=O)Nc2ccc(-c3cccnc3)cc2F)c(OC)c1OC,O=C(Nc1ccncc1)c1cccc2ncccc12,O=C(Nc1ccc(-c2cccnc2)cc1)c1ccccc1,False,False,False,,0.4393939393939394,0.3150684931506849,376.2430000000001,382.3910000000002,6.148000000000081,True,4.759900000000003,4.165800000000003,0.5941000000000001,True,0.7131894410136064,0.6930726718858983,0.0201167691277081,True,,,,,,,,,,,,,4.0,6.0,2.0,False
edit_latent_source_first_rerank,mpair_00002521_cond_00_4p,mpair_00002521,eval,4,"MW,LogP,QED,RB",CCc1ccc2c(C(=O)Nc3c(Cl)cncc3Cl)ccc(OC)c2n1,COc1ccc(C(=O)Nc2ccncc2Cl)c2cccnc12,,O=C(Nc1ccncc1)c1cccc2ncccc12,,False,False,False,"empty_source_tanimoto_pool,empty_edit_latent_pool",0.0,0.0,313.744,,nan,False,3.544100000000002,,nan,False,0.8029165077767629,,nan,False,,,,,,,,,,,,,3.0,,nan,False
edit_latent_source_first_rerank,mpair_00003414_cond_00_4p,mpair_00003414,eval,4,"MW,LogP,QED,RB",COc1cccc(N(Cc2cccnc2)S(=O)(=O)CC(F)(F)F)c1,CC(C)COc1cccc(N(Cc2cccnc2)S(=O)(=O)CC(F)(F)F)c1,CCS(=O)(=O)N(Cc1cccnc1)c1ccc(C(F)c2ccccc2)cc1,c1ccc(NCc2cccnc2)cc1,c1ccc(Cc2ccc(NCc3cccnc3)cc2)cc1,False,True,False,,0.45161290322580644,0.4461538461538462,402.43800000000005,384.47600000000006,17.96199999999999,True,4.015100000000003,4.496800000000004,0.4817000000000009,True,0.6693605971809802,0.6027347113722509,0.0666258858087293,True,,,,,,,,,,,,,8.0,7.0,1.0,True
edit_latent_source_first_rerank,mpair_00003597_cond_00_4p,mpair_00003597,eval,4,"LogP,QED,HBD,HBA",Clc1ccnc(SCc2ccc3ccccc3c2)n1,Nc1cc(O)nc(SCc2ccc3ccccc3c2)n1,Nc1cc(Cl)nc(SCc2cccc(Cl)c2)n1,c1cnc(SCc2ccc3ccccc3c2)nc1,c1ccc(CSc2ncccn2)cc1,False,True,False,,0.4166666666666667,0.46808510638297873,,,,,3.209900000000001,3.6579000000000015,0.4480000000000004,True,0.5701925246200975,0.5312506386578882,0.038941885962209266,True,,,,,2.0,1.0,1.0,True,5.0,4.0,1.0,True,,,,
edit_latent_source_first_rerank,mpair_00003911_cond_02_4p,mpair_00003911,eval,4,"MW,QED,HBD,RB",CC1=CC2Cc3nc4cc(Cl)ccc4c(NCCO)c3C(C1)C2,CC1=CC2Cc3nc4cc(C)ccc4c(N)c3C(C1)C2,CC1=C[C@@H]2Cc3nc4cc(F)ccc4c(N)c3[C@H](C1)C2,C1=CC2Cc3nc4ccccc4cc3C(C1)C2,C1=C[C@@H]2Cc3nc4ccccc4cc3[C@H](C1)C2,False,True,False,,0.49206349206349204,0.7872340425531915,264.372,268.33500000000004,3.9630000000000223,True,,,,,0.7268324945600372,0.7346314661405667,0.007798971580529557,True,,,,,1.0,1.0,0.0,True,,,,,0.0,0.0,0.0,True
edit_latent_source_first_rerank,mpair_00004139_cond_00_4p,mpair_00004139,eval,4,"QED,TPSA,HBD,HBA",C=C1C[C@@]23O[C@]2(c2ccccc21)C1CC(OC(=O)[C@H](O)[C@@H](NC(=O)OCC)c2ccccc2)C3(C)C1(C)C,C=C1C[C@@]23O[C@]2(c2ccccc21)C1CC(OC(=O)[C@H](O)[C@@H](NC(=O)OCC)c2ccc(O)cc2)C3(C)C1(C)C,COC(=O)N[C@@H](c1ccncc1)[C@@H](O)C(=O)OC1CC2C(C)(C)C1(C)[C@@]13C[C@]4(CO4)c4ccccc4[C@@]21O3,C=C1C[C@@]23O[C@]2(c2ccccc21)C1CC(OC(=O)CCc2ccccc2)C3C1,O=C(CCc1ccncc1)OC1CC2CC1[C@@]13C[C@]4(CO4)c4ccccc4[C@@]21O3,False,True,False,,0.5647058823529412,0.5454545454545454,,,,,,,,,0.36696171310609477,0.45555563775535485,0.08859392464926008,True,117.62,122.81000000000002,5.190000000000012,True,3.0,2.0,1.0,True,7.0,8.0,1.0,True,,,,
edit_latent_source_first_rerank,mpair_00004722_cond_02_4p,mpair_00004722,eval,4,"MW,LogP,HBD,RB",CC(C)N1C(=O)CC(C)(C)c2cc(C#Cc3ccc(C(=O)O)cc3)ccc21,CC1(C)CC(=O)Nc2ccc(C#Cc3ccc(C(=O)O)cc3)cc21,CC1(C)CCNc2ccc(C#Cc3ccc(C(=O)O)cc3)cc21,O=C1CCc2cc(C#Cc3ccccc3)ccc2N1,C(#Cc1ccc2c(c1)CCCN2)c1ccccc1,False,True,False,,0.48214285714285715,0.6595744680851063,319.36,305.377,13.983000000000004,True,3.4044000000000016,3.8778000000000024,0.4734000000000007,True,,,,,,,,,2.0,2.0,0.0,True,,,,,1.0,1.0,0.0,True
edit_latent_source_first_rerank,mpair_00004797_cond_00_4p,mpair_00004797,eval,4,"QED,TPSA,HBD,HBA",CN(C)CCN1C(=O)c2cccc3c2c(cc2cccc(O)c23)C1=O,CN(C)CCN1C(=O)c2cccc3c2c(cc2cccc(Cl)c23)C1=O,Cc1c2ccccc2c2c3c(cccc13)C(=O)N(CCN(C)C)C2=O,O=C1NC(=O)c2cc3ccccc3c3cccc1c23,O=C1NC(=O)c2c3ccccc3cc3cccc1c23,False,True,False,,0.5283018867924528,0.5283018867924528,,,,,,,,,0.5314347605523635,0.5446833369284737,0.01324857637611021,True,40.620000000000005,40.620000000000005,0.0,True,0.0,0.0,0.0,True,3.0,3.0,0.0,True,,,,
edit_latent_source_first_rerank,mpair_00004842_cond_01_4p,mpair_00004842,eval,4,"MW,QED,HBA,RB",CCOC(=O)c1cnn2c1n[n+]([O-])c1ccc(Cl)cc12,C/C(=N\C(=O)c1cnn2c1n[n+]([O-])c1ccc(Cl)cc12)N(C)C,Cc1nc(-c2cnn3c2n[n+]([O-])c2ccc(Cl)cc23)nn1C,c1ccc2c(c1)[nH+]nc1ccnn12,c1ccc2c(c1)[nH+]nc1c(-c3nc[nH]n3)cnn12,False,False,False,,0.5245901639344263,0.4696969696969697,332.7510000000001,315.72400000000005,17.027000000000044,True,,,,,0.28974905987188526,0.38975781491613504,0.10000875504424978,False,,,,,,,,,5.0,7.0,2.0,False,1.0,1.0,0.0,True
edit_latent_source_first_rerank,mpair_00005364_cond_00_4p,mpair_00005364,eval,4,"MW,LogP,HBA,RB",O=C(Cc1nc2ccccc2c(=O)n1-c1ccccc1Br)c1ccncc1,COc1ccccc1-n1c(CC(=O)c2ccncc2)nc2ccccc2c1=O,Cc1ccc(-n2c(CC(=O)c3cccnc3)nc3ccccc3c2=O)cc1,O=C(Cc1nc2ccccc2c(=O)n1-c1ccccc1)c1ccncc1,O=C(Cc1nc2ccccc2c(=O)n1-c1ccccc1)c1cccnc1,False,True,False,,0.5245901639344263,0.5238095238095238,371.3960000000001,355.3970000000001,15.998999999999967,True,3.2147000000000014,3.514520000000002,0.2998200000000004,True,,,,,,,,,,,,,6.0,5.0,1.0,True,5.0,4.0,1.0,True
edit_latent_source_first_rerank,mpair_00006055_cond_00_4p,mpair_00006055,eval,4,"LogP,TPSA,HBD,HBA",CCOC(=O)c1csc(-c2nc3c([nH]2)C(=O)C=C(OC)C3=O)n1,COC1=CC(=O)c2[nH]c(-c3nc(C(N)=O)cs3)nc2C1=O,COC1=CC(=O)c2[nH]c(-c3ccccn3)nc2C1=O,O=C1C=CC(=O)c2[nH]c(-c3nccs3)nc21,O=C1C=CC(=O)c2[nH]c(-c3ccccn3)nc21,False,False,False,,0.45901639344262296,0.49122807017543857,,,,,0.5413999999999999,1.381,0.8396000000000001,True,,,,,128.03,84.94,43.09,False,2.0,1.0,1.0,True,7.0,5.0,2.0,False,,,,
edit_latent_source_first_rerank,mpair_00006841_cond_02_4p,mpair_00006841,eval,4,"MW,LogP,HBD,HBA",O=C1N[C@H](Cc2c[nH]c3ccccc23)C(=O)N1CC(CCN1CCC(c2ccccc2)CC1)c1ccccc1,Cn1cc(C[C@H]2NC(=O)N(CC(CCN3CCC(c4ccccc4)CC3)c3cccc(Cl)c3)C2=O)c2ccccc21,C[C@H]1NC(=O)N(CC(CCN2CCC(c3ccccc3)CC2)c2cccc(Cl)c2)C1=O,O=C1N[C@H](Cc2c[nH]c3ccccc23)C(=O)N1CC(CCN1CCC(c2ccccc2)CC1)c1ccccc1,O=C1CNC(=O)N1CC(CCN1CCC(c2ccccc2)CC1)c1ccccc1,False,False,False,,0.5405405405405406,0.684931506849315,569.1490000000002,439.98700000000014,129.1620000000001,False,6.348100000000007,4.633600000000005,1.714500000000002,False,,,,,,,,,1.0,1.0,0.0,True,4.0,3.0,1.0,True,,,,
edit_latent_source_first_rerank,mpair_00006864_cond_00_4p,mpair_00006864,eval,4,"LogP,HBD,HBA,RB",C[C@@H](Cc1ccc(Cl)c(Cl)c1)C(=O)N[C@H]1N=C(c2ccccc2)c2ccccc2N(C)C1=O,CC(C(=O)N[C@H]1N=C(c2ccccc2)c2ccccc2N(C)C1=O)C(CO)c1ccc(F)c(F)c1,CN1C(=O)C(NC(=O)CCc2cc(Cl)ccc2Cl)N=C(c2ccc(C(N)=O)cc2)c2ccccc21,O=C(CCc1ccccc1)N[C@H]1N=C(c2ccccc2)c2ccccc2NC1=O,O=C(CCc1ccccc1)NC1N=C(c2ccccc2)c2ccccc2NC1=O,False,True,False,,0.5063291139240507,0.43529411764705883,,,,,3.6331000000000024,3.981200000000003,0.3481000000000005,True,,,,,,,,,2.0,2.0,0.0,True,4.0,4.0,0.0,True,6.0,6.0,0.0,True
edit_latent_source_first_rerank,mpair_00007237_cond_01_4p,mpair_00007237,eval,4,"MW,LogP,QED,RB",CC(C)Sc1cc(-c2ccccc2)c(-c2ccc(S(C)(=O)=O)cc2)c(=O)o1,COc1cc(-c2ccccc2)c(-c2ccc(S(C)(=O)=O)cc2)c(=O)o1,CCOc1cc(-c2ccccc2)c(-c2ccc(S(C)(=O)=O)cc2)c(=O)o1,O=c1occc(-c2ccccc2)c1-c1ccccc1,O=c1occc(-c2ccccc2)c1-c1ccccc1,True,True,True,,0.5849056603773585,0.7608695652173914,356.3990000000001,370.42600000000016,14.027000000000044,True,3.385900000000002,3.7760000000000025,0.39010000000000034,True,0.7163391380898918,0.68333336626592,0.0330057718239718,True,,,,,,,,,,,,,4.0,5.0,1.0,True
edit_latent_source_first_rerank,mpair_00007292_cond_00_4p,mpair_00007292,eval,4,"LogP,QED,HBA,RB",NCCNC(=O)C1Cc2c([nH]c3ccccc23)C(c2cccc(O)c2)N1,COC(=O)C1Cc2c([nH]c3ccccc23)C(c2cccc(Cl)c2)N1,CCC1NC(C(=O)OC)Cc2c1[nH]c1ccccc21,c1ccc(C2NCCc3c2[nH]c2ccccc32)cc1,c1ccc2c3c([nH]c2c1)CNCC3,False,False,False,,0.46875,0.6071428571428571,,,,,3.5980000000000016,2.3063000000000002,1.2917000000000014,False,0.7007933905852917,0.8126873610173397,0.11189397043204807,False,,,,,,,,,3.0,3.0,0.0,True,2.0,2.0,0.0,True
edit_latent_source_first_rerank,mpair_00007434_cond_00_4p,mpair_00007434,eval,4,"QED,TPSA,HBA,RB",O=C(O)CN1C(=O)C(=O)N(Cc2ccc([N+](=O)[O-])cc2)C1=O,Cc1ccc(CN2C(=O)C(=O)N(CC(=O)O)C2=O)cc1,O=C(O)CN1C(=O)C(=O)N(Cc2ccc(F)cc2)C1=O,O=C1NC(=O)N(Cc2ccccc2)C1=O,O=C1NC(=O)N(Cc2ccccc2)C1=O,True,True,True,,0.65,0.7222222222222222,,,,,,,,,0.6329420918494657,0.6276772199440043,0.005264871905461432,True,94.99000000000001,94.99000000000001,0.0,True,,,,,4.0,4.0,0.0,True,4.0,4.0,0.0,True
edit_latent_source_first_rerank,mpair_00007687_cond_01_4p,mpair_00007687,eval,4,"LogP,TPSA,HBD,RB",CC(=O)NC1N=C(c2ccccc2)c2ccccc2N(CC(=O)N[C@@H](Cc2ccc(Cl)c(Cl)c2)C(N)=O)C1=O,CC(=O)CCCC(=O)NC1N=C(c2ccccc2)c2ccccc2N(CC(=O)NCCc2ccccc2Cl)C1=O,CC(=O)CCCC(=O)NC1N=C(c2ccccc2)c2ccccc2N(CC(=O)NCCCc2cccc(Cl)c2)C1=O,O=C(CN1C(=O)CN=C(c2ccccc2)c2ccccc21)NCCc1ccccc1,O=C(CN1C(=O)CN=C(c2ccccc2)c2ccccc21)NCCCc1ccccc1,False,True,False,,0.5172413793103449,0.7466666666666667,,,,,4.084500000000003,4.474600000000004,0.3901000000000012,True,,,,,107.94,107.94,0.0,True,2.0,2.0,0.0,True,,,,,11.0,12.0,1.0,True
edit_latent_source_first_rerank,mpair_00007805_cond_01_4p,mpair_00007805,eval,4,"MW,HBD,HBA,RB",CO[C@H]1O[C@H](CO)[C@H](O)[C@H](OCc2cc3ccccc3o/c2=N\S(=O)(=O)c2ccccc2)[C@H]1O,CO[C@H]1O[C@H](CO)[C@H](O)[C@H](OCc2cc3ccccc3o/c2=N\S(=O)(=O)c2ccc(C)cc2)[C@H]1OC(C)=O,Cc1ccc(S(=O)(=O)/N=c2\oc3ccccc3cc2CO[C@@H]2O[C@H](CO)[C@H](O)[C@H](O)[C@H]2O)cc1,O=S(=O)(/N=c1\oc2ccccc2cc1COC1CCOCC1)c1ccccc1,O=S(=O)(/N=c1\oc2ccccc2cc1CO[C@H]1CCCCO1)c1ccccc1,False,False,False,,0.6956521739130435,0.726027397260274,547.5820000000002,491.5180000000002,56.06400000000002,False,,,,,,,,,,,,,2.0,4.0,2.0,False,10.0,9.0,1.0,True,8.0,6.0,2.0,False
edit_latent_source_first_rerank,mpair_00007881_cond_02_4p,mpair_00007881,eval,4,"LogP,QED,HBD,HBA",O=C1CC2(C(=O)N1)C(=O)N(Cc1ccc(Cl)c(Cl)c1)C(=O)c1cccn12,Nc1ccc(CN2C(=O)c3cccn3C3(CC(=O)NC3=O)C2=O)cc1,COc1ccc(CN2C(=O)c3cccn3C3(CC(=O)NC3=O)C2=O)c(OC)c1,O=C1CC2(C(=O)N1)C(=O)N(Cc1ccccc1)C(=O)c1cccn12,O=C1CC2(C(=O)N1)C(=O)N(Cc1ccccc1)C(=O)c1cccn12,True,False,False,,0.5901639344262295,0.5833333333333334,,,,,-0.005299999999999805,0.4296999999999996,0.4349999999999994,True,0.45417020849830125,0.60615107218537,0.15198086368706876,False,,,,,2.0,1.0,1.0,True,6.0,7.0,1.0,True,,,,
edit_latent_source_first_rerank,mpair_00008126_cond_02_4p,mpair_00008126,eval,4,"LogP,HBD,HBA,RB",CC(C)N(CC(O)Cn1c2ccccc2c(=O)c2cccc(Cl)c21)C(C)C,CCN(CC)CC(O)Cn1c2ccccc2c(=O)c2cccc(C(=O)O)c21,O=c1c2ccccc2n(CC(O)CN2CCC(N3CCCCC3)CC2)c2c(Cl)cccc12,O=c1c2ccccc2[nH]c2ccccc12,O=c1c2ccccc2n(CCCN2CCC(N3CCCCC3)CC2)c2ccccc12,False,False,False,,0.5483870967741935,0.4,,,,,2.5556,4.1193000000000035,1.5637000000000034,False,,,,,,,,,2.0,1.0,1.0,True,5.0,5.0,0.0,True,7.0,5.0,2.0,False
edit_latent_source_first_rerank,mpair_00008359_cond_01_4p,mpair_00008359,eval,4,"MW,QED,HBA,RB",COc1cnc(C[S+]([O-])c2nc3cc4c(cc3[nH]2)OC(F)(F)O4)c(C)c1OC,COc1ccnc(C[S+]([O-])c2nc3cc4c(cc3[nH]2)OC(F)(F)O4)c1,Cc1cnc(C[S@@+]([O-])c2nc3ccccc3[nH]2)c(C)c1OCC1COC(C)(C)OC1,c1ccc(C[SH+]c2nc3cc4c(cc3[nH]2)OCO4)nc1,c1ccc2[nH]c([SH+]Cc3cc(OCC4COCOC4)ccn3)nc2c1,False,False,False,,0.42857142857142855,0.30864197530864196,367.333,429.54200000000037,62.209000000000344,False,,,,,0.7128348320537029,0.6013703239871886,0.11146450806651431,False,,,,,,,,,6.0,6.0,0.0,True,4.0,6.0,2.0,False
edit_latent_source_first_rerank,mpair_00008508_cond_02_4p,mpair_00008508,eval,4,"MW,LogP,QED,RB",CC(C)COc1ccc(Cc2ccc(NC3=NCCN3)cc2)cc1,COc1ccc(Cc2ccc(NC3=NCCN3)cc2)cc1,COc1ccc(Sc2ccc(NC3=NCCN3)cc2)cc1,c1ccc(Cc2ccc(NC3=NCCN3)cc2)cc1,c1ccc(Sc2ccc(NC3=NCCN3)cc2)cc1,False,True,False,,0.5098039215686274,0.7142857142857143,281.359,299.399,18.04000000000002,True,2.6571000000000007,3.217500000000001,0.5604000000000005,True,0.905384090862648,0.9097306879449248,0.004346597082276804,True,,,,,,,,,,,,,4.0,4.0,0.0,True
edit_latent_source_first_rerank,mpair_00008528_cond_02_4p,mpair_00008528,eval,4,"LogP,QED,HBA,RB",COCCOc1ccc(Cc2ccc(NC3=NCCN3)cc2)cc1,CCCOc1ccc(Cc2ccc(NC3=NCCN3)cc2)cc1,c1cc(NC2=NCCN2)ccc1Cc1ccc(OCC2CCOCC2)cc1,c1ccc(Cc2ccc(NC3=NCCN3)cc2)cc1,c1cc(NC2=NCCN2)ccc1Cc1ccc(OCC2CCOCC2)cc1,False,True,False,,0.6226415094339622,0.6346153846153846,,,,,3.4373000000000014,3.4539000000000026,0.01660000000000128,True,0.8590330575707383,0.8232225237310302,0.035810533839708114,True,,,,,,,,,4.0,5.0,1.0,True,6.0,6.0,0.0,True
edit_latent_source_first_rerank,mpair_00008578_cond_01_4p,mpair_00008578,eval,4,"QED,TPSA,HBD,RB",O=c1[nH]c(=O)n(COCCO)cc1Cc1cccc(Oc2ccc(F)cc2)c1,O=c1[nH]c(=O)n(COC(CO)CO)cc1Cc1cccc(Oc2cccc(F)c2)c1,COc1cccc(Cc2cn(COCCO)c(=O)[nH]c2=O)c1,O=c1[nH]cc(Cc2cccc(Oc3ccccc3)c2)c(=O)[nH]1,O=c1[nH]cc(Cc2ccccc2)c(=O)[nH]1,False,False,False,,0.7321428571428571,0.5396825396825397,,,,,,,,,0.4858120896295065,0.7078309217908411,0.22201883216133456,False,113.78000000000002,93.55000000000001,20.230000000000004,False,3.0,2.0,1.0,True,,,,,9.0,7.0,2.0,False
edit_latent_source_first_rerank,mpair_00008748_cond_00_4p,mpair_00008748,eval,4,"MW,QED,HBA,RB",CC(=O)Oc1ccc(-c2c(C)c3ccc(OC(C)=O)cc3n2Cc2ccccc2)cc1,Cc1c(-c2ccc(O)cc2)n(Cc2ccccc2Cl)c2ccc(O)cc12,Cc1c(-c2ccc(O)cc2)n(Cc2ccc(O)cc2)c2ccc(O)cc12,c1ccc(Cn2c(-c3ccccc3)cc3ccccc32)cc1,c1ccc(Cn2c(-c3ccccc3)cc3ccccc32)cc1,True,True,True,,0.4444444444444444,0.7045454545454546,363.84400000000005,345.3980000000001,18.44599999999997,True,,,,,0.48791728176772337,0.5004305253780041,0.012513243610280778,True,,,,,,,,,3.0,4.0,1.0,True,3.0,3.0,0.0,True
edit_latent_source_first_rerank,mpair_00008759_cond_02_4p,mpair_00008759,eval,4,"LogP,TPSA,HBD,HBA",Cc1c(-c2ccc(O)cc2)n(Cc2ccc(O)cc2)c2ccc(O)cc12,Cc1c(-c2ccc(O)cc2)n(Cc2ccccc2Cl)c2ccc(O)cc12,CCCn1c(-c2ccc(O)cc2)c(C)c2cc(O)ccc21,c1ccc(Cn2c(-c3ccccc3)cc3ccccc32)cc1,c1ccc(-c2cc3ccccc3[nH]2)cc1,False,False,False,,0.7,0.5957446808510638,,,,,5.729620000000004,4.437920000000004,1.2917000000000005,False,,,,,45.39,45.39,0.0,True,2.0,2.0,0.0,True,3.0,3.0,0.0,True,,,,
edit_latent_source_first_rerank,mpair_00009361_cond_00_4p,mpair_00009361,eval,4,"LogP,TPSA,HBA,RB",COc1ccc(Cc2nnc(O)c3ccccc23)cc1OC,Oc1nnc(Cc2ccc(Cl)cc2)c2ccccc12,COc1ccc(CC(C)=O)cc1OC,c1ccc(Cc2nncc3ccccc23)cc1,c1ccccc1,False,False,False,,0.4090909090909091,0.14285714285714285,,,,,3.579600000000002,1.8353,1.744300000000002,False,,,,,46.010000000000005,35.53,10.480000000000004,True,,,,,3.0,3.0,0.0,True,2.0,4.0,2.0,False
edit_latent_source_first_rerank,mpair_00010014_cond_01_4p,mpair_00010014,eval,4,"MW,QED,HBD,HBA",O=c1cc(-c2ccccc2)oc2cc(OCC(O)CNCc3ccccc3)ccc12,CNC(=O)Oc1cccc(CN(C)CCCOc2ccc3c(=O)cc(-c4ccccc4)oc3c2)c1,CCCNCC(COc1ccc2c(=O)cc(-c3ccccc3)oc2c1)C(=O)Oc1ccccc1,O=c1cc(-c2ccccc2)oc2cc(OCCCNCc3ccccc3)ccc12,O=C(CCOc1ccc2c(=O)cc(-c3ccccc3)oc2c1)Oc1ccccc1,False,False,False,,0.5671641791044776,0.4810126582278481,472.5410000000001,457.5260000000002,15.01499999999993,True,,,,,0.3423460384209648,0.20376184879483222,0.13858418962613256,False,,,,,1.0,1.0,0.0,True,6.0,6.0,0.0,True,,,,
edit_latent_source_first_rerank,mpair_00010720_cond_00_4p,mpair_00010720,eval,4,"MW,LogP,QED,RB",CC(C)C1=CC2CC3(C=O)[C@@H]4CC[C@@H](C)[C@H]4CC2(CO[C@H]2CN[C@H](C)CO2)[C@]13C(=O)O,C=C(Cl)CN1C[C@H](OCC23C[C@@H]4[C@H](C)CC[C@H]4C4(C=O)CC2C=C(C(C)C)[C@@]34C(=O)O)OC[C@H]1C(F)(F)F,CO[C@H]1CN(CC2=CCCCC2)C[C@H](OCC23C[C@@H]4[C@H](C)CC[C@H]4C4(C=O)CC2C=C(C(C)C)C34C(=O)O)O[C@@H]1C,C1=CC2C3CC1C2(CO[C@H]1CNCCO1)C[C@@H]1CCC[C@@H]31,C1=CC2C3CC1C2(CO[C@H]1CN(CC2=CCCCC2)CCCO1)C[C@@H]1CCC[C@@H]31,False,True,False,,0.5698924731182796,0.5288461538461539,560.0530000000005,569.7830000000004,9.729999999999905,True,5.269300000000005,5.489800000000006,0.22050000000000125,True,0.32250442602403095,0.2903451021949883,0.03215932382904263,True,,,,,,,,,,,,,8.0,9.0,1.0,True
edit_latent_source_first_rerank,mpair_00011114_cond_01_4p,mpair_00011114,eval,4,"MW,LogP,HBD,RB",COc1nc2ccccc2c2c1c(C)nn2-c1cccc(Cl)c1,Cc1nn(-c2ccccc2)c2c1c(O)nc1ccccc12,Cc1cccc(-n2nc(C)c3c(=O)oc4ccccc4c32)c1,c1ccc(-n2ncc3cnc4ccccc4c32)cc1,O=c1oc2ccccc2c2c1cnn2-c1ccccc1,False,True,False,,0.4406779661016949,0.4230769230769231,275.311,290.32200000000006,15.011000000000081,True,3.587720000000002,3.7487400000000033,0.1610200000000015,True,,,,,,,,,1.0,0.0,1.0,True,,,,,1.0,1.0,0.0,True
edit_latent_source_first_rerank,mpair_00011983_cond_00_4p,mpair_00011983,eval,4,"MW,LogP,QED,RB",CCCC(CCc1nnn[nH]1)Cc1ccc(OCc2ccc3ccccc3n2)cc1,c1ccc2nc(COc3ccc(CCCCc4nnn[nH]4)cc3)ccc2c1,c1ccc2nc(COc3ccc(SCCCc4nnn[nH]4)cc3)ccc2c1,c1ccc2nc(COc3ccc(CCCCc4nnn[nH]4)cc3)ccc2c1,c1ccc2nc(COc3ccc(SCCCc4nnn[nH]4)cc3)ccc2c1,False,False,False,,0.5846153846153846,0.7407407407407407,359.433,377.473,18.04000000000002,True,3.8923000000000023,4.051800000000002,0.15949999999999953,True,0.48301330066271214,0.36866520236495887,0.11434809829775328,False,,,,,,,,,,,,,8.0,8.0,0.0,True
edit_latent_source_first_rerank,mpair_00012041_cond_01_4p,mpair_00012041,eval,4,"LogP,QED,HBD,RB",Oc1ccccc1N1CCN(c2nc3ccccc3s2)CC1,CCOc1ccccc1N1CCN(c2nc3ccccc3s2)CC1,Oc1nc2ccc(CCN3CCN(c4ccccc4O)CC3)cc2s1,c1ccc(N2CCN(c3nc4ccccc4s3)CC2)cc1,c1ccc(N2CCN(CCc3ccc4ncsc4c3)CC2)cc1,False,False,False,,0.49056603773584906,0.328125,,,,,4.021600000000004,3.0722000000000014,0.9494000000000025,True,0.7176611360122138,0.7531566627141223,0.035495526701908475,True,,,,,0.0,2.0,2.0,False,,,,,4.0,4.0,0.0,True
edit_latent_source_first_rerank,mpair_00012262_cond_02_4p,mpair_00012262,eval,4,"MW,LogP,TPSA,HBA",COc1cc([C@@H]2c3cc4c(cc3[C@@H](O)C3COC(=O)[C@@H]32)OCO4)cc(O)c1O,COc1cc([C@@H]2c3cc4c(cc3[C@@H](CCN(C)CCN(C)C)C3COC(=O)[C@@H]32)OCO4)cc(OC)c1O,COc1cc([C@@H]2c3cc4c(cc3[C@H](O)[C@H]3COC(CC(C)=O)[C@H]23)OCO4)cc(OC)c1OC,O=C1OCC2Cc3cc4c(cc3[C@@H](c3ccccc3)[C@@H]12)OCO4,c1ccc([C@@H]2c3cc4c(cc3C[C@H]3COC[C@@H]32)OCO4)cc1,False,False,False,,0.4925373134328358,0.375,512.6030000000003,456.49100000000027,56.11200000000002,False,3.0399000000000016,3.2303000000000015,0.1903999999999999,True,,,,,89.93000000000002,92.68,2.749999999999986,True,,,,,9.0,8.0,1.0,True,,,,
edit_latent_source_first_rerank,mpair_00013232_cond_00_4p,mpair_00013232,eval,4,"MW,LogP,QED,HBD",CC1=C(C(=O)OC(C)C)C(c2ccccc2Cl)C(C(=O)O)=C(C(=O)O)N1CC(F)(F)F,CCN1C(C)=C(C(=O)NC(C)C)C(c2ccccc2Cl)C(C(=O)O)=C1C(=O)O,CC1=C(C(=O)OC(C)C)C(c2ccccc2Cl)C(C(=O)O)=C(C(=O)O)N1Cc1ccc(Cl)cc1,C1=CC(c2ccccc2)C=CN1,C1=CN(Cc2ccccc2)C=CC1c1ccccc1,False,False,False,,0.7413793103448276,0.5901639344262295,406.8660000000002,504.3660000000002,97.5,False,2.9810000000000008,5.241700000000004,2.2607000000000035,False,0.6700224475382196,0.49718290590785447,0.17283954163036513,False,,,,,3.0,2.0,1.0,True,,,,,,,,
edit_latent_source_first_rerank,mpair_00013572_cond_01_4p,mpair_00013572,eval,4,"MW,QED,HBA,RB",CCOc1ccccc1C(=O)NCC1(c2ccccc2)CCC(=O)CC1,O=C1CCC(CNC(=O)c2ccccc2)(c2ccccc2)CC1,CCOc1ccccc1C(=O)NCC1(c2ccccc2)CCC(=O)CC1,O=C1CCC(CNC(=O)c2ccccc2)(c2ccccc2)CC1,O=C1CCC(CNC(=O)c2ccccc2)(c2ccccc2)CC1,True,False,False,,1.0,0.625,307.39300000000014,351.4460000000002,44.053000000000054,False,,,,,0.9394539098079496,0.8587355960209683,0.08071831378698135,True,,,,,,,,,2.0,3.0,1.0,True,4.0,6.0,2.0,False
edit_latent_source_first_rerank,mpair_00013602_cond_02_4p,mpair_00013602,eval,4,"LogP,QED,HBD,HBA",CCc1ccc(-c2ncc(Cl)cc2-c2ccc(S(C)(=O)=O)cc2)cn1,CS(=O)(=O)c1ccc(-c2cc(Cl)cnc2-c2ccc(CO)nc2)cc1,CS(=O)(=O)c1ccc(-c2cc(Cl)cnc2-c2ccncc2)cc1,c1ccc(-c2cccnc2-c2cccnc2)cc1,c1ccc(-c2cccnc2-c2ccncc2)cc1,False,True,False,,0.6595744680851063,0.6595744680851063,,,,,3.3598000000000017,3.8675000000000024,0.5077000000000007,True,0.7569286028251322,0.7233250185365494,0.03360358428858279,True,,,,,1.0,0.0,1.0,True,5.0,4.0,1.0,True,,,,
edit_latent_source_first_rerank,mpair_00014097_cond_01_4p,mpair_00014097,eval,4,"MW,QED,HBA,RB",CCN(CC)CCNc1nc(NCCN(CC)CC)nc(Sc2nnc3c4ccccc4n(C)c3n2)n1,CC(C)Nc1nc(NC(C)C)nc(Sc2nnc3c4ccccc4n(C)c3n2)n1,,c1ccc2c(c1)[nH]c1nc(Sc3ncncn3)nnc12,,False,False,False,"empty_source_tanimoto_pool,empty_edit_latent_pool",0.0,0.0,409.52300000000014,,nan,False,,,,,0.4946499193808674,,nan,False,,,,,,,,,10.0,,nan,False,6.0,,nan,False
edit_latent_source_first_rerank,mpair_00014124_cond_00_4p,mpair_00014124,eval,4,"MW,LogP,HBA,RB",Cn1c2ccccc2c2nnc(Sc3nc(NC(C)(C)C)nc(NC(C)(C)C)n3)nc21,CCCCNc1nc(C)nc(Sc2nnc3c4ccccc4n(C)c3n2)n1,CCN1CCN(c2nc(Sc3nnc4c5ccccc5n(C)c4n3)nc(N3CCN(CC)CC3)n2)CC1,c1ccc2c(c1)[nH]c1nc(Sc3ncncn3)nnc12,c1ccc2c(c1)[nH]c1nc(Sc3nc(N4CCNCC4)nc(N4CCNCC4)n3)nnc12,False,False,False,,0.5423728813559322,0.5230769230769231,380.48100000000005,519.6830000000003,139.20200000000028,False,3.373120000000002,2.1365,1.236620000000002,False,,,,,,,,,,,,,9.0,12.0,3.0,False,6.0,6.0,0.0,True
edit_latent_source_first_rerank,mpair_00014139_cond_01_4p,mpair_00014139,eval,4,"MW,LogP,QED,RB",CCCCCc1cccc(OC(=O)NC2CCCCC2)c1,Cc1cccc(OC(=O)NC2CCCCC2)c1,O=C(NC1CCCCC1)Oc1ccc2ccccc2c1,O=C(NC1CCCCC1)Oc1ccccc1,O=C(NC1CCCCC1)Oc1ccc2ccccc2c1,False,False,False,,0.54,0.6428571428571429,233.31099999999995,269.34400000000005,36.0330000000001,False,3.416120000000002,4.260900000000004,0.8447800000000019,True,0.8496168175637746,0.884185094012949,0.03456827644917437,True,,,,,,,,,,,,,2.0,2.0,0.0,True
edit_latent_source_first_rerank,mpair_00014854_cond_02_4p,mpair_00014854,eval,4,"LogP,TPSA,HBD,HBA",O=C1CC2(CCCC2)CC(=O)N1CCCCN1CCN(c2n[s+]([O-])c3ccccc23)CC1,O=C1CC2(CCC(O)C2)CC(=O)N1CCCCN1CCN(c2n[s+]([O-])c3ccccc23)CC1,O=C1CC2(CCCC2)CC(=O)N1CCC(O)CN1CCN(c2n[s+]([O-])c3ccccc23)CC1,O=C1CC2(CCCC2)CC(=O)N1CCCCN1CCN(c2n[sH+]c3ccccc23)CC1,O=C1CC2(CCCC2)CC(=O)N1CCCCN1CCN(c2n[sH+]c3ccccc23)CC1,True,True,True,,0.7419354838709677,0.5972222222222222,,,,,2.5448000000000004,2.5448000000000004,0.0,True,,,,,100.04,100.04,0.0,True,1.0,1.0,0.0,True,7.0,7.0,0.0,True,,,,
edit_latent_source_first_rerank,mpair_00015738_cond_00_4p,mpair_00015738,eval,4,"LogP,QED,TPSA,HBD",COC(=O)C(Cc1ccccc1)c1ccc2c(c1O)C(=O)c1c(O)cccc1C2,O=C1c2c(O)cccc2Cc2ccc(C(Cc3ccccc3)C(=O)NO)c(O)c21,CC(C)C(C(=O)N(C)O)c1ccc2c(c1O)C(=O)c1c(O)cccc1C2,O=C1c2ccccc2Cc2ccc(CCc3ccccc3)cc21,O=C1c2ccccc2Cc2ccccc21,False,False,False,,0.5333333333333333,0.5166666666666667,,,,,3.0647000000000015,2.8202000000000016,0.24449999999999994,True,0.3170091346244461,0.4956647980404297,0.1786556634159836,False,106.86,98.07000000000001,8.789999999999992,True,4.0,3.0,1.0,True,,,,,,,,
edit_latent_source_first_rerank,mpair_00015995_cond_02_4p,mpair_00015995,eval,4,"MW,LogP,QED,RB",CC(C)[C@H](NS(=O)(=O)c1ccccc1)C(=O)NC1=NN=C(c2ccc(Cl)cc2)CS1,Cc1ccc(C2=NN=C(NC(=O)[C@H](C)NS(=O)(=O)c3ccccc3)SC2)cc1,C[C@H](NS(=O)(=O)c1ccccc1)C(=O)NC1=NN=C(C23CC4CC(CC(C4)C2)C3)CS1,O=C(CNS(=O)(=O)c1ccccc1)NC1=NN=C(c2ccccc2)CS1,O=C(CNS(=O)(=O)c1ccccc1)NC1=NN=C(C23CC4CC(CC(C4)C2)C3)CS1,False,False,False,,0.4857142857142857,0.6031746031746031,416.52800000000013,460.6250000000004,44.097000000000264,False,2.28512,3.144800000000002,0.8596800000000018,True,0.780952452931761,0.704945362197073,0.07600709073468792,True,,,,,,,,,,,,,5.0,5.0,0.0,True
edit_latent_source_first_rerank,mpair_00016943_cond_00_4p,mpair_00016943,eval,4,"MW,LogP,QED,RB",O=C(O)CCCCCO/N=C(/c1cccc(C(F)(F)F)c1)c1ccncn1,O=C(O)CCCO/N=C(\c1ccccc1)c1ccncn1,O=C(O)CCCCO/N=C(\c1ccccc1)c1ncccn1,N=C(c1ccccc1)c1ccncn1,N=C(c1ccccc1)c1ncccn1,False,True,False,,0.4915254237288136,0.6382978723404256,285.30300000000005,299.33000000000004,14.026999999999987,True,2.1104000000000003,2.5005000000000006,0.39010000000000034,True,0.47821173389725097,0.4596840492068528,0.018527684690398172,True,,,,,,,,,,,,,7.0,8.0,1.0,True
edit_latent_source_first_rerank,mpair_00016973_cond_01_4p,mpair_00016973,eval,4,"LogP,QED,HBD,RB",CCCc1c(OCCCOc2ccc(C(C)=O)c(OC)c2CCC)ccc2c1OC(C(=O)O)CC2,CCCc1c(OCCCOc2cc(O)c(C(C)=O)cc2CC)ccc2c1OC(C(=O)O)CC2,CC(=O)c1ccc(OCCCCCOc2cc3c(cc2C(C)=O)CCC(C(=O)O)O3)cc1O,c1ccc(OCCCOc2ccc3c(c2)OCCC3)cc1,c1ccc(OCCCCCOc2ccc3c(c2)OCCC3)cc1,False,True,False,,0.44594594594594594,0.4864864864864865,,,,,4.735800000000003,4.203700000000004,0.5320999999999989,True,0.3719898860343696,0.3813086516827155,0.009318765648345884,True,,,,,2.0,2.0,0.0,True,,,,,11.0,11.0,0.0,True
edit_latent_source_first_rerank,mpair_00017136_cond_00_4p,mpair_00017136,eval,4,"MW,LogP,QED,RB",CN1C(=O)CCC1(O)c1ccccc1,CCN1C(=O)CCC1(O)c1cccc(C(F)(F)F)c1,,O=C1CCC(c2ccccc2)N1,,False,False,False,"empty_source_tanimoto_pool,empty_edit_latent_pool",0.0,0.0,273.25399999999996,,nan,False,2.492800000000001,,nan,False,0.8989964502984236,,nan,False,,,,,,,,,,,,,2.0,,nan,False
edit_latent_source_first_rerank,mpair_00017187_cond_00_4p,mpair_00017187,eval,4,"MW,QED,TPSA,RB",CCNS(=O)(=O)Oc1cc(C(C)(C)C)c(SC2=C(O)OC(CCc3ccc(O)cc3)(c3ccccc3)CC2=O)cc1C,Cc1cc(SC2=C(O)OC(CCc3cccc(O)c3)(c3ccccc3)CC2=O)c(C(C)(C)C)cc1CO,Cc1cc(SC2=C(O)OC(CCc3ccc(N)cc3)(C(C)C)CC2=O)c(C(C)(C)C)cc1CO,O=C1CC(CCc2ccccc2)(c2ccccc2)OC=C1Sc1ccccc1,O=C1CC(CCc2ccccc2)OC=C1Sc1ccccc1,False,False,False,,0.44086021505376344,0.575,518.6750000000003,483.6740000000003,35.000999999999976,False,,,,,0.31787933229079834,0.4059209376879222,0.08804160539712386,True,86.99,92.78000000000002,5.7900000000000205,True,,,,,,,,,7.0,7.0,0.0,True
edit_latent_source_first_rerank,mpair_00000010_cond_02_5p,mpair_00000010,eval,5,"MW,LogP,QED,HBA,RB",O=C(c1ccccc1C(F)(F)F)N1C[C@H](CN2CCC(c3ccccc3)CC2)[C@@H](c2ccccc2)C1,COc1cccc(C(=O)N2C[C@H](CN3CCC(c4ccccc4)CC3)[C@@H](c3ccccc3)C2)c1,O=C(c1cccs1)N1C[C@H](CN2CCC(c3ccccc3)CC2)[C@@H](c2ccccc2)C1,O=C(c1ccccc1)N1C[C@H](CN2CCC(c3ccccc3)CC2)[C@@H](c2ccccc2)C1,O=C(c1cccs1)N1C[C@H](CN2CCC(c3ccccc3)CC2)[C@@H](c2ccccc2)C1,False,True,False,,0.6842105263157895,0.5967741935483871,454.61400000000015,430.61700000000013,23.997000000000014,True,5.430600000000005,5.483500000000006,0.05290000000000017,True,0.49786269936596683,0.5348060511125793,0.03694335174661245,True,,,,,,,,,3.0,3.0,0.0,True,6.0,5.0,1.0,True
edit_latent_source_first_rerank,mpair_00000668_cond_02_5p,mpair_00000668,eval,5,"LogP,QED,TPSA,HBD,HBA",OC[C@@H]1N[C@@H](CCCCc2ccc(O)cc2)[C@H](O)[C@H]1O,OC[C@@H]1N[C@@H](CCCCc2cc(F)cc(F)c2)[C@H](O)[C@H]1O,Cc1ccc(CCCC[C@@H]2N[C@@H](CO)[C@H](O)[C@H]2O)cc1,c1ccc(CCCC[C@H]2CCCN2)cc1,c1ccc(CCCC[C@H]2CCCN2)cc1,True,True,True,,0.7567567567567568,0.6097560975609756,,,,,0.7320999999999995,0.7623199999999992,0.03021999999999969,True,0.5846986769843887,0.5802758268226561,0.0044228501617326055,True,72.72,72.72,0.0,True,4.0,4.0,0.0,True,4.0,4.0,0.0,True,,,,
edit_latent_source_first_rerank,mpair_00000798_cond_00_5p,mpair_00000798,eval,5,"MW,LogP,QED,HBD,RB",C=CCc1cc(/C=C2\SC(=O)N(C(C)C)C2=O)c(OC)cc1OC1CCCCO1,C=CCc1cc(/C=C2\SC(=O)NC2=O)c(OC)cc1OC1CCCCO1,C=CCc1cc(/C=C2\SC(=O)N(Cc3ccccc3)C2=O)c(OC)cc1O,O=C1NC(=O)/C(=C/c2ccc(OC3CCCCO3)cc2)S1,O=C1S/C(=C\c2ccccc2)C(=O)N1Cc1ccccc1,False,True,False,,0.4358974358974359,0.3717948717948718,375.4460000000002,381.4530000000001,6.006999999999891,True,3.6530000000000022,4.365800000000004,0.7128000000000014,True,0.6042673504148035,0.5946070606247178,0.009660289790085708,True,,,,,1.0,1.0,0.0,True,,,,,6.0,6.0,0.0,True
edit_latent_source_first_rerank,mpair_00000977_cond_02_5p,mpair_00000977,eval,5,"LogP,QED,TPSA,HBD,HBA",COc1ccc(N2CCN(CCC3NC(=O)c4ccccc43)CC2)cc1,CN1C(=O)c2ccccc2C1CCN1CCN(c2ccc(Cl)cc2)CC1,COc1ccc(N2CCN(CC[C@H]3OCCc4ccccc43)CC2)cc1,O=C1NC(CCN2CCN(c3ccccc3)CC2)c2ccccc21,c1ccc(N2CCN(CC[C@H]3OCCc4ccccc43)CC2)cc1,False,True,False,,0.5333333333333333,0.390625,,,,,3.679000000000003,3.5213000000000028,0.15770000000000017,True,0.8221231339252668,0.8219613537623842,0.00016178016288259656,True,26.790000000000006,24.94,1.850000000000005,True,0.0,0.0,0.0,True,3.0,4.0,1.0,True,,,,
edit_latent_source_first_rerank,mpair_00002448_cond_01_5p,mpair_00002448,eval,5,"MW,LogP,TPSA,HBD,HBA",CSc1cc(-c2ccc(Br)cc2)oc(=O)c1Cl,CSc1cc(-c2ccc(Cl)cc2)oc(=O)c1C(N)=O,,O=c1cccc(-c2ccccc2)o1,,False,False,False,"empty_source_tanimoto_pool,empty_edit_latent_pool",0.0,0.0,295.747,,nan,False,2.7810000000000006,,nan,False,,,,,73.30000000000001,,nan,False,1.0,,nan,False,4.0,,nan,False,,,,
edit_latent_source_first_rerank,mpair_00002471_cond_00_5p,mpair_00002471,eval,5,"LogP,QED,HBD,HBA,RB",COc1cc(C(=O)N2CCN(C(=O)c3cc(OC)c(OC)c(OC)c3)C(CO)C2)cc(OC)c1OC,COc1cc(C(=O)N2CCN(C(=O)c3cc(OC)c(OC)c(OC)c3)C(COC(=O)CC(C)(C)C)C2)cc(OC)c1OC,COc1cc(C(=O)N2CCN(C(=O)c3cc(OC)c(OC)c(OC)c3)CC2)cc(OC)c1OC,O=C(c1ccccc1)N1CCN(C(=O)c2ccccc2)CC1,O=C(c1ccccc1)N1CCN(C(=O)c2ccccc2)CC1,True,False,False,,0.6341463414634146,0.52,,,,,3.684400000000003,2.3364000000000003,1.3480000000000025,False,0.3521539372279048,0.5754127815390553,0.2232588443111505,False,,,,,0.0,0.0,0.0,True,10.0,8.0,2.0,False,11.0,8.0,3.0,False
edit_latent_source_first_rerank,mpair_00002506_cond_00_5p,mpair_00002506,eval,5,"MW,QED,TPSA,HBA,RB",COc1ccc(C(=O)Nc2ccncc2Cl)c2cccnc12,COc1ccc(C(=O)Nc2c(Cl)cncc2Cl)c2ccc(C(C)=O)nc12,COc1ccc(C(=O)Nc2c(Cl)cncc2Cl)c2cc(C#N)oc12,O=C(Nc1ccncc1)c1cccc2ncccc12,O=C(Nc1ccncc1)c1cccc2occc12,False,True,False,,0.417910447761194,0.532258064516129,390.22600000000017,362.17200000000014,28.05400000000003,True,,,,,0.6681926051832562,0.7518632655808588,0.08367066039760263,True,81.17999999999999,88.14999999999999,6.969999999999999,True,,,,,5.0,5.0,0.0,True,4.0,3.0,1.0,True
edit_latent_source_first_rerank,mpair_00002932_cond_00_5p,mpair_00002932,eval,5,"LogP,QED,TPSA,HBA,RB",COC(=O)c1cccc(C(=O)NO)c1N(Cc1cccnc1)S(=O)(=O)c1ccc(OC)cc1,COc1ccc(S(=O)(=O)N(Cc2cccnc2)c2c(C)cc(Br)cc2C(=O)NO)cc1,Cc1cccc(C(=O)NO)c1N(Cc1cccnc1)S(=O)(=O)c1ccc(-c2ccc3c(c2)OCO3)cc1,O=S(=O)(c1ccccc1)N(Cc1cccnc1)c1ccccc1,O=S(=O)(c1ccc(-c2ccc3c(c2)OCO3)cc1)N(Cc1cccnc1)c1ccccc1,False,True,False,,0.5657894736842105,0.5789473684210527,,,,,3.675620000000001,4.300220000000003,0.6246000000000018,True,0.3740614499694089,0.2771869996065221,0.09687445036288678,True,108.83000000000001,118.06,9.22999999999999,True,,,,,6.0,7.0,1.0,True,7.0,7.0,0.0,True
edit_latent_source_first_rerank,mpair_00003409_cond_00_5p,mpair_00003409,eval,5,"MW,QED,TPSA,HBA,RB",CCOC(=O)C(C)Oc1cccc(N(Cc2cccnc2)S(=O)(=O)CC(F)(F)F)c1,CC(C)Oc1cccc(N(Cc2cccnc2)S(=O)(=O)CC(F)(F)F)c1,CCS(=O)(=O)N(Cc1cccnc1)c1cccc(C(O)c2ccccc2)c1,c1ccc(NCc2cccnc2)cc1,c1ccc(Cc2cccc(NCc3cccnc3)c2)cc1,False,True,False,,0.5,0.5079365079365079,388.41100000000006,382.4850000000001,5.925999999999931,True,,,,,0.7245796953652621,0.6787037886470156,0.045875906718246484,True,59.5,70.5,11.0,True,,,,,4.0,4.0,0.0,True,7.0,7.0,0.0,True
edit_latent_source_first_rerank,mpair_00003602_cond_01_5p,mpair_00003602,eval,5,"LogP,QED,TPSA,HBD,HBA",Clc1ccnc(SCc2ccc3ccccc3c2)n1,N#Cc1cc(N)nc(SCc2ccc3ccccc3c2)n1,Nc1cc(Cl)nc(SCc2ccccc2)n1,c1cnc(SCc2ccc3ccccc3c2)nc1,c1ccc(CSc2ncccn2)cc1,False,False,False,,0.4444444444444444,0.46808510638297873,,,,,3.375980000000002,3.004500000000001,0.3714800000000009,True,0.5913560926362517,0.5176564999738561,0.07369959266239556,True,75.59,51.8,23.790000000000006,False,1.0,1.0,0.0,True,5.0,4.0,1.0,True,,,,
edit_latent_source_first_rerank,mpair_00004733_cond_02_5p,mpair_00004733,eval,5,"QED,TPSA,HBD,HBA,RB",O=C(N[C@@H](Cc1ccccc1)C(=O)O)c1cccc2ccccc12,CCOC(=O)[C@H](Cc1ccc([N+](=O)[O-])cc1)NC(=O)c1cccc2ccccc12,O=C(N[C@@H](Cc1ccc([N+](=O)[O-])cc1)c1nnco1)c1cccc2ccccc12,O=C(NCCc1ccccc1)c1cccc2ccccc12,O=C(N[C@@H](Cc1ccccc1)c1nnco1)c1cccc2ccccc12,False,True,False,,0.4666666666666667,0.59375,,,,,,,,,0.37588529208280846,0.3966914098816553,0.020806117798846835,True,98.53999999999999,111.16,12.620000000000005,True,1.0,1.0,0.0,True,5.0,6.0,1.0,True,7.0,6.0,1.0,True
edit_latent_source_first_rerank,mpair_00004745_cond_01_5p,mpair_00004745,eval,5,"MW,QED,TPSA,HBD,HBA",O=C(N[C@@H](Cc1ccccc1)C(=O)O)c1cccc2ccccc12,CC(C)OC(=O)[C@H](Cc1ccc([N+](=O)[O-])cc1)NC(=O)c1cccc2ccccc12,CCOC(=O)c1coc([C@H](Cc2ccc([N+](=O)[O-])cc2)NC(=O)c2cccc3ccccc23)n1,O=C(NCCc1ccccc1)c1cccc2ccccc12,O=C(N[C@@H](Cc1ccccc1)c1ncco1)c1cccc2ccccc12,False,False,False,,0.4117647058823529,0.5857142857142857,406.43800000000016,459.45800000000014,53.01999999999998,False,,,,,0.36267930698305967,0.23138060583626524,0.13129870114679443,False,98.53999999999999,124.57000000000001,26.030000000000015,False,1.0,1.0,0.0,True,5.0,7.0,2.0,False,,,,
edit_latent_source_first_rerank,mpair_00004768_cond_01_5p,mpair_00004768,eval,5,"MW,LogP,TPSA,HBD,RB",CCOC(=O)[C@H](Cc1ccc([N+](=O)[O-])cc1)NC(=O)c1cccc2ccccc12,CCNC(=O)C(C)NC(=O)[C@H](Cc1ccc([N+](=O)[O-])cc1)NC(=O)c1cccc2ccccc12,COc1ccc(C[C@H](NC(=O)c2cccc3ccccc23)C(=O)N[C@@H](C)C(=O)Nc2ccc(C#N)cc2)cc1,O=C(NCCc1ccccc1)c1cccc2ccccc12,O=C(CNC(=O)[C@H](Cc1ccccc1)NC(=O)c1cccc2ccccc12)Nc1ccccc1,False,False,False,,0.4342105263157895,0.52,462.50600000000014,520.5890000000003,58.08300000000014,False,2.7299000000000007,4.204580000000003,1.474680000000002,False,,,,,130.44,120.32,10.120000000000005,True,3.0,3.0,0.0,True,,,,,9.0,9.0,0.0,True
edit_latent_source_first_rerank,mpair_00005156_cond_00_5p,mpair_00005156,eval,5,"MW,LogP,QED,HBD,HBA",COC(=O)[C@H]1C[C@@H](C(=O)O)N1,COC(=O)[C@H]1C[C@@H](C(=O)OC(C)(C)C)N1,COC(=O)[C@H]1C[C@H](O)CCN1,C1CNC1,C1CCNCC1,False,False,False,,0.45454545454545453,0.4166666666666667,215.249,159.18499999999997,56.06400000000002,False,0.23159999999999942,-0.7277000000000002,0.9592999999999996,True,0.6679892922393487,0.4952736328525845,0.17271565938676414,False,,,,,1.0,2.0,1.0,True,5.0,4.0,1.0,True,,,,
edit_latent_source_first_rerank,mpair_00006070_cond_01_5p,mpair_00006070,eval,5,"MW,LogP,HBD,HBA,RB",NC(=O)c1csc(-c2nc3c([nH]2)C(=O)C=CC3=O)n1,CCOC(=O)c1csc(-c2nc3c([nH]2)C(=O)C=C(OC)C3=O)n1,,O=C1C=CC(=O)c2[nH]c(-c3nccs3)nc21,,False,False,False,"empty_source_tanimoto_pool,empty_edit_latent_pool",0.0,0.0,333.3250000000001,,nan,False,1.6191999999999998,,nan,False,,,,,,,,,1.0,,nan,False,8.0,,nan,False,4.0,,nan,False
edit_latent_source_first_rerank,mpair_00006864_cond_01_5p,mpair_00006864,eval,5,"LogP,TPSA,HBD,HBA,RB",C[C@@H](Cc1ccc(Cl)c(Cl)c1)C(=O)N[C@H]1N=C(c2ccccc2)c2ccccc2N(C)C1=O,CC(C(=O)N[C@H]1N=C(c2ccccc2)c2ccccc2N(C)C1=O)C(CO)c1ccc(F)c(F)c1,CN1C(=O)[C@@H](NC(=O)[C@H](c2ccc(F)cc2)[C@@H](O)c2ccc(F)c(F)c2)N=C(c2ccccc2)c2ccccc21,O=C(CCc1ccccc1)N[C@H]1N=C(c2ccccc2)c2ccccc2NC1=O,O=C1Nc2ccccc2C(c2ccccc2)=N[C@@H]1NC(=O)[C@@H](Cc1ccccc1)c1ccccc1,False,False,False,,0.5194805194805194,0.6901408450704225,,,,,3.6331000000000024,4.877400000000004,1.2443000000000017,False,,,,,82.0,82.0,0.0,True,2.0,2.0,0.0,True,4.0,4.0,0.0,True,6.0,6.0,0.0,True
edit_latent_source_first_rerank,mpair_00007247_cond_01_5p,mpair_00007247,eval,5,"MW,LogP,QED,HBA,RB",CC(C)Sc1cc(-c2ccccc2)c(-c2ccc(S(C)(=O)=O)cc2)c(=O)o1,CCc1cc(-c2ccccc2)c(-c2ccc(S(C)(=O)=O)cc2)c(=O)o1,Cc1cc(=O)c(-c2ccccc2)c(-c2ccc(S(C)(=O)=O)cc2)o1,O=c1occc(-c2ccccc2)c1-c1ccccc1,O=c1ccoc(-c2ccccc2)c1-c1ccccc1,False,True,False,,0.4716981132075472,0.5,354.4270000000001,340.4000000000001,14.026999999999987,True,3.9397000000000038,3.6857200000000025,0.2539800000000012,True,0.7117564278043503,0.7293404332619072,0.017584005457556895,True,,,,,,,,,4.0,4.0,0.0,True,4.0,3.0,1.0,True
edit_latent_source_first_rerank,mpair_00007397_cond_02_5p,mpair_00007397,eval,5,"MW,QED,TPSA,HBA,RB",CS(=O)(=O)Nc1cc(OCCNCc2ccccc2)ccc1Cl,COc1ccc(OCCNCc2ccccc2)cc1,CS(=O)(=O)Nc1cc(OCCNCc2ccccc2)ccc1Cl,c1ccc(CNCCOc2ccccc2)cc1,c1ccc(CNCCOc2ccccc2)cc1,True,False,False,,1.0,0.5319148936170213,257.333,354.85900000000004,97.52600000000001,False,,,,,0.773652726505582,0.7152006496775133,0.058452076828068744,True,30.490000000000002,67.43,36.940000000000005,False,,,,,3.0,4.0,1.0,True,7.0,8.0,1.0,True
edit_latent_source_first_rerank,mpair_00007424_cond_00_5p,mpair_00007424,eval,5,"LogP,QED,TPSA,HBA,RB",O=C(O)CN1C(=O)C(=O)N(Cc2ccccc2Cl)C1=O,O=C(O)CN1C(=O)C(=O)N(Cc2ccc([N+](=O)[O-])cc2)C1=O,,O=C1NC(=O)N(Cc2ccccc2)C1=O,,False,False,False,"empty_source_tanimoto_pool,empty_edit_latent_pool",0.0,0.0,,,,,-0.029799999999999827,,nan,False,0.348567985141265,,nan,False,138.13,,nan,False,,,,,6.0,,nan,False,5.0,,nan,False
edit_latent_source_first_rerank,mpair_00007436_cond_00_5p,mpair_00007436,eval,5,"LogP,QED,TPSA,HBA,RB",O=C(O)CN1C(=O)C(=O)N(Cc2ccc(Cl)cc2)C1=O,O=C(O)CN1C(=O)C(=O)N(Cc2ccccc2[N+](=O)[O-])C1=O,O=C(O)CN1C(=O)C(=O)N(CCc2ccccc2)C1=O,O=C1NC(=O)N(Cc2ccccc2)C1=O,O=C1NC(=O)N(CCc2ccccc2)C1=O,False,False,False,,0.5384615384615384,0.4888888888888889,,,,,-0.029799999999999827,0.10450000000000026,0.13430000000000009,True,0.3485679851412651,0.6078210407287293,0.25925305558746425,False,138.13,94.99000000000001,43.139999999999986,False,,,,,6.0,4.0,2.0,False,5.0,5.0,0.0,True
edit_latent_source_first_rerank,mpair_00007665_cond_00_5p,mpair_00007665,eval,5,"LogP,QED,TPSA,HBD,HBA",CC1CCCCN1CCCOc1ccc(-c2ccc(C#N)cc2)cc1,N#Cc1ccc(-c2ccc(OCCCN3CCC(N)CC3)cc2)cc1,N#Cc1ccc(-c2ccc(OCCCN3CCCNCC3)cc2)cc1,c1ccc(-c2ccc(OCCCN3CCCCC3)cc2)cc1,c1ccc(-c2ccc(OCCCN3CCCNCC3)cc2)cc1,False,True,False,,0.5384615384615384,0.6382978723404256,,,,,3.4172800000000016,3.289480000000001,0.12780000000000058,True,0.8217902361297238,0.8231282298169784,0.0013379936872546239,True,62.28,48.29,13.990000000000002,True,1.0,1.0,0.0,True,4.0,4.0,0.0,True,,,,
edit_latent_source_first_rerank,mpair_00007671_cond_01_5p,mpair_00007671,eval,5,"MW,LogP,QED,HBD,HBA",Cc1cc(CC(N)C(=O)O)cc(C)c1Oc1ccc(O)c(Cc2ccc(O)nc2)c1,O=C(O)CCc1cc(Br)c(Oc2ccc(O)c(Cc3ccc(O)nc3)c2)c(Br)c1,N[C@@H](Cc1cc(Br)c(Sc2ccc(O)c(Cc3ccc(O)nc3)c2)c(Br)c1)C(=O)O,c1ccc(Oc2cccc(Cc3cccnc3)c2)cc1,c1ccc(Sc2cccc(Cc3cccnc3)c2)cc1,False,True,False,,0.59375,0.47058823529411764,523.1770000000002,554.2600000000002,31.08299999999997,True,5.418100000000004,4.7142000000000035,0.7039000000000009,True,0.38291691722181104,0.3343910978570794,0.04852581936473166,True,,,,,3.0,4.0,1.0,True,5.0,6.0,1.0,True,,,,
edit_latent_source_first_rerank,mpair_00007680_cond_00_5p,mpair_00007680,eval,5,"MW,QED,TPSA,HBA,RB",CC(=O)NC1N=C(c2ccccc2)c2ccccc2N(CC(=O)NCCc2cccc(Cl)c2)C1=O,CC(=O)CCCC(=O)NC1N=C(c2ccccc2)c2ccccc2N(CC(=O)NCCc2ccccc2)C1=O,CC(=O)CCCC(=O)NC1N=C(c2ccccc2)c2ccccc2N(CC(=O)NC2CCc3ccccc3C2)C1=O,O=C(CN1C(=O)CN=C(c2ccccc2)c2ccccc21)NCCc1ccccc1,O=C(CN1C(=O)CN=C(c2ccccc2)c2ccccc21)NC1CCc2ccccc2C1,False,False,False,,0.47058823529411764,0.6621621621621622,524.6210000000003,550.6590000000003,26.03800000000001,True,,,,,0.40069205193098983,0.42317183553070636,0.02247978359971653,True,107.94,107.94,0.0,True,,,,,5.0,5.0,0.0,True,11.0,9.0,2.0,False
edit_latent_source_first_rerank,mpair_00007691_cond_01_5p,mpair_00007691,eval,5,"MW,LogP,QED,HBA,RB",CC(=O)CCCC(=O)NC1N=C(c2ccccc2)c2ccccc2N(CC(=O)NCCc2ccccc2Cl)C1=O,CC(=O)NC1N=C(c2ccccc2)c2ccccc2N(CC(=O)NCCc2cccc(Cl)c2)C1=O,CC(=O)NC1N=C(c2ccccc2)c2ccccc2N(CC(=O)NCCc2cccc3ccccc23)C1=O,O=C(CN1C(=O)CN=C(c2ccccc2)c2ccccc21)NCCc1ccccc1,O=C(CN1C(=O)CN=C(c2ccccc2)c2ccccc21)NCCc1cccc2ccccc12,False,False,False,,0.6621621621621622,0.704225352112676,488.9750000000003,504.5900000000003,15.615000000000009,True,3.3451000000000013,3.8449000000000026,0.49980000000000135,True,0.5340646911534161,0.4006932715929395,0.13337141956047666,False,,,,,,,,,4.0,4.0,0.0,True,7.0,7.0,0.0,True
edit_latent_source_first_rerank,mpair_00007804_cond_00_5p,mpair_00007804,eval,5,"MW,LogP,HBD,HBA,RB",CO[C@H]1O[C@H](CO)[C@H](O)[C@H](OCc2cc3ccccc3o/c2=N\S(=O)(=O)c2ccccc2)[C@H]1OC(C)=O,CO[C@H]1O[C@H](CO)[C@H](O)[C@H](OCc2cc3ccccc3o/c2=N\S(=O)(=O)c2ccccc2)[C@H]1O,Cc1ccc(S(=O)(=O)/N=c2\oc3ccccc3cc2CO[C@@H]2O[C@H](CO)[C@H](O)[C@H](O)[C@H]2O)cc1,O=S(=O)(/N=c1\oc2ccccc2cc1COC1CCOCC1)c1ccccc1,O=S(=O)(/N=c1\oc2ccccc2cc1CO[C@H]1CCCCO1)c1ccccc1,False,True,False,,0.64,0.6956521739130435,491.5180000000002,491.5180000000002,0.0,True,0.6929999999999996,0.34731999999999974,0.3456799999999999,True,,,,,,,,,3.0,4.0,1.0,True,9.0,9.0,0.0,True,7.0,6.0,1.0,True
edit_latent_source_first_rerank,mpair_00007872_cond_02_5p,mpair_00007872,eval,5,"LogP,QED,TPSA,HBA,RB",O=C1CC2(C(=O)N1)C(=O)N(Cc1ccc([N+](=O)[O-])cc1)C(=O)c1cccn12,O=C1CC2(C(=O)N1)C(=O)N(Cc1ccccc1Br)C(=O)c1cccn12,COc1ccc(CN2C(=O)c3cccn3C3(CC(=O)NC3=O)C2=O)c(OC)c1,O=C1CC2(C(=O)N1)C(=O)N(Cc1ccccc1)C(=O)c1cccn12,O=C1CC2(C(=O)N1)C(=O)N(Cc1ccccc1)C(=O)c1cccn12,True,False,False,,0.546875,0.6166666666666667,,,,,1.1749999999999998,0.4296999999999996,0.7453000000000003,True,0.6037446721729127,0.60615107218537,0.002406400012457288,True,88.48000000000002,106.94000000000001,18.459999999999994,True,,,,,5.0,7.0,2.0,False,2.0,4.0,2.0,False
edit_latent_source_first_rerank,mpair_00007888_cond_01_5p,mpair_00007888,eval,5,"LogP,QED,TPSA,HBA,RB",O=C1CC2(C(=O)N1)C(=O)N(Cc1ccccc1Br)C(=O)c1cccn12,O=C1CC2(C(=O)N1)C(=O)N(Cc1ccc([N+](=O)[O-])cc1)C(=O)c1cccn12,O=C1CC2(C(=O)N1)C(=O)N(c1ccccc1)C(=O)c1cccn12,O=C1CC2(C(=O)N1)C(=O)N(Cc1ccccc1)C(=O)c1cccn12,O=C1CC2(C(=O)N1)C(=O)N(c1ccccc1)C(=O)c1cccn12,False,False,False,,0.5660377358490566,0.5178571428571429,,,,,0.32069999999999976,0.41689999999999916,0.0961999999999994,True,0.3591511924323177,0.6104965697382142,0.2513453773058965,False,131.62,88.48000000000002,43.139999999999986,False,,,,,7.0,5.0,2.0,False,3.0,1.0,2.0,False
edit_latent_source_first_rerank,mpair_00008149_cond_01_5p,mpair_00008149,eval,5,"MW,QED,HBD,HBA,RB",CC(C)N(CC(O)Cn1c2ccccc2c(=O)c2cccc(C(=O)O)c21)C(C)C,CCN(CC)CC(O)Cn1c2ccccc2c(=O)c2cccc(Cl)c21,,O=c1c2ccccc2[nH]c2ccccc12,,False,False,False,"empty_source_tanimoto_pool,empty_edit_latent_pool",0.0,0.0,358.8690000000001,,nan,False,,,,,0.6857244766376484,,nan,False,,,,,1.0,,nan,False,4.0,,nan,False,6.0,,nan,False
edit_latent_source_first_rerank,mpair_00008195_cond_02_5p,mpair_00008195,eval,5,"MW,LogP,QED,TPSA,HBA",OC1Cc2cccc(I)c2CC1N1CCC(c2ccccc2)CC1,CC(=O)Nc1cccc2c1CC(N1CCC(c3ccccc3)CC1)C(O)C2,O[C@@H]1CCN(Cc2ccc(F)cc2)C[C@H]1N1CCC(c2ccccc2)CC1,c1ccc(C2CCN(C3CCc4ccccc4C3)CC2)cc1,c1ccc(CN2CCC[C@H](N3CCC(c4ccccc4)CC3)C2)cc1,False,False,False,,0.41379310344827586,0.375,364.4890000000001,368.4960000000001,4.007000000000005,True,3.3527000000000022,3.640500000000003,0.2878000000000007,True,0.8781331561832402,0.8925660850926451,0.014432928909404952,True,52.57000000000001,26.71,25.860000000000007,False,,,,,3.0,3.0,0.0,True,,,,
edit_latent_source_first_rerank,mpair_00008524_cond_01_5p,mpair_00008524,eval,5,"LogP,QED,TPSA,HBD,HBA",OCCOc1ccc(Cc2ccc(NC3=NCCN3)cc2)cc1,CCCOc1ccc(Cc2ccc(NC3=NCCN3)cc2)cc1,c1cc(NC2=NCCN2)ccc1Cc1ccc(OC2CCOCC2)cc1,c1ccc(Cc2ccc(NC3=NCCN3)cc2)cc1,c1cc(NC2=NCCN2)ccc1Cc1ccc(OC2CCOCC2)cc1,False,True,False,,0.5849056603773585,0.5849056603773585,,,,,3.4373000000000014,3.2063000000000024,0.23099999999999898,True,0.8590330575707383,0.868529397403318,0.009496339832579692,True,45.65,54.88000000000001,9.230000000000011,True,2.0,2.0,0.0,True,4.0,5.0,1.0,True,,,,
edit_latent_source_first_rerank,mpair_00008547_cond_00_5p,mpair_00008547,eval,5,"LogP,QED,TPSA,HBA,RB",O=c1[nH]c(=O)n(COCCO)cc1Cc1cccc(Oc2ccc(F)cc2)c1,O=c1[nH]c(=O)n(COC(CO)CO)cc1Cc1cccc(Oc2ccc(F)cc2)c1,O=c1[nH]c(=O)n(COCCO)cc1Cc1cccc(OCCCF)c1,O=c1[nH]cc(Cc2cccc(Oc3ccccc3)c2)c(=O)[nH]1,O=c1[nH]cc(Cc2ccccc2)c(=O)[nH]1,False,False,False,,0.711864406779661,0.5223880597014925,,,,,1.3861000000000008,0.8322000000000003,0.5539000000000005,True,0.48581208962950656,0.618030706230951,0.13221861660144446,False,113.78000000000002,93.55000000000001,20.230000000000004,False,,,,,7.0,6.0,1.0,True,9.0,10.0,1.0,True
edit_latent_source_first_rerank,mpair_00008646_cond_02_5p,mpair_00008646,eval,5,"MW,LogP,QED,HBD,RB",N#Cc1ccccc1N1CCN(C(=O)c2cc3ccccc3[nH]2)CC1,CC(C)Nc1ccc(F)cc1N1CCN(C(=O)c2cc3ccccc3[nH]2)CC1,CCCNc1cccnc1N1CCN(C(=O)c2cc3ccccc3[nH]2)CC1,O=C(c1cc2ccccc2[nH]1)N1CCN(c2ccccc2)CC1,O=C(c1cc2ccccc2[nH]1)N1CCN(c2ccccn2)CC1,False,True,False,,0.484375,0.5147058823529411,380.4670000000001,363.4650000000001,17.00200000000001,True,4.089700000000003,3.3472000000000017,0.7425000000000015,True,0.7168114142147228,0.7296580902311408,0.01284667601641798,True,,,,,2.0,2.0,0.0,True,,,,,4.0,5.0,1.0,True
edit_latent_source_first_rerank,mpair_00008735_cond_00_5p,mpair_00008735,eval,5,"MW,QED,HBD,HBA,RB",CC(=O)Oc1ccc(-c2c(C)c3ccc(OC(C)=O)cc3n2Cc2ccccc2)cc1,Cc1c(-c2ccc(O)cc2)n(Cc2ccccc2)c2cc(O)ccc12,Cc1c(-c2ccc(O)cc2)n(Cc2ccc(O)cc2)c2ccc(O)cc12,c1ccc(Cn2c(-c3ccccc3)cc3ccccc32)cc1,c1ccc(Cn2c(-c3ccccc3)cc3ccccc32)cc1,True,True,True,,0.4444444444444444,0.6904761904761905,329.39900000000006,345.3980000000001,15.999000000000024,True,,,,,0.5506176369119878,0.5004305253780041,0.0501871115339837,True,,,,,2.0,3.0,1.0,True,3.0,4.0,1.0,True,3.0,3.0,0.0,True
edit_latent_source_first_rerank,mpair_00009373_cond_01_5p,mpair_00009373,eval,5,"MW,LogP,QED,TPSA,HBA",CC(C)(C)C(=O)NCc1ccc(NC(=O)N(CC(O)c2cccc(C#N)c2)C2CCC2)cc1,CC(C)(C)C(=O)NCc1ccc(NC(=O)N(CC(O)c2cc(Cl)cc(Cl)c2)C2CCC2)cc1,CC[C@@H](C)N(C[C@@H](O)c1ccc(Cl)c(Cl)c1)C(=O)Nc1ccc(CNC(=O)C(C)(C)C)cc1,O=C(Nc1ccccc1)N(CCc1ccccc1)C1CCC1,O=C(NCCc1ccccc1)Nc1ccccc1,False,True,False,,0.47435897435897434,0.5352112676056338,492.44700000000023,494.46300000000025,2.0160000000000196,True,5.775700000000006,6.021700000000006,0.24600000000000044,True,0.45873063056047403,0.41975145099256045,0.03897917956791358,True,81.67,81.66999999999999,1.4210854715202004e-14,True,,,,,3.0,3.0,0.0,True,,,,
edit_latent_source_first_rerank,mpair_00009967_cond_01_5p,mpair_00009967,eval,5,"LogP,QED,TPSA,HBA,RB",CN1C(=O)CC[C@]2(C)c3ccc(Cl)cc3CC[C@@H]12,CN1C(=O)CC[C@]2(C)c3ccc(CC(=O)O)cc3CC[C@@H]12,CN1C(=O)CCC2(C)c3ccc(F)cc3CCC12,O=C1CCC2c3ccccc3CC[C@H]2N1,O=C1CCC2c3ccccc3CCC2N1,False,False,False,,0.7333333333333333,0.6470588235294118,,,,,2.1384,2.650400000000001,0.5120000000000013,True,0.9063391182403678,0.6898997961397735,0.21643932210059436,False,57.61,20.310000000000002,37.3,False,,,,,2.0,1.0,1.0,True,2.0,0.0,2.0,False
edit_latent_source_first_rerank,mpair_00010005_cond_01_5p,mpair_00010005,eval,5,"LogP,QED,HBD,HBA,RB",NC(=O)c1ccc(-c2ccc(CC(=O)Nc3cc(C4CC4)[nH]n3)cc2)cc1,Cc1cccc(-c2ccc(CC(=O)Nc3cc(C4CC4)[nH]n3)cc2)c1,O=C(Nc1cc(C2CC2)[nH]n1)c1ccc(Br)cc1,O=C(Cc1ccc(-c2ccccc2)cc1)Nc1cc(C2CC2)[nH]n1,O=C(Nc1cc(C2CC2)[nH]n1)c1ccccc1,False,False,False,,0.5185185185185185,0.4406779661016949,,,,,4.443720000000002,3.3019000000000016,1.14182,False,0.725772975474698,0.9138238640963621,0.18805088862166408,False,,,,,2.0,2.0,0.0,True,2.0,2.0,0.0,True,5.0,3.0,2.0,False
edit_latent_source_first_rerank,mpair_00010714_cond_02_5p,mpair_00010714,eval,5,"MW,LogP,QED,HBD,RB",CC(C)C1=CC2CC3(C=O)[C@@H]4CC[C@@H](C)[C@H]4CC2(CO[C@H]2CN[C@H](C)CO2)[C@]13C(=O)O,C=C(Cl)CN1C[C@H](OCC23C[C@@H]4[C@H](C)CC[C@H]4C4(C=O)CC2C=C(C(C)C)[C@@]34C(=O)O)OC[C@H]1C,CC(C)C1=CC2CC3(C=O)[C@@H]4CC[C@@H](C)[C@H]4CC2(CO[C@H]2CN(S(=O)(=O)C4CC4)[C@H](C)CO2)[C@]13C(=O)O,C1=CC2C3CC1C2(CO[C@H]1CNCCO1)C[C@@H]1CCC[C@@H]31,O=S(=O)(C1CC1)N1CCO[C@@H](OCC23C[C@@H]4CCC[C@H]4C4CC2C=CC43)C1,False,False,False,,0.6962025316455697,0.7317073170731707,506.0830000000003,535.7030000000004,29.62000000000012,True,4.726900000000004,3.4666000000000023,1.2603000000000018,False,0.3795111965843427,0.37432873897044405,0.005182457613898628,True,,,,,1.0,1.0,0.0,True,,,,,8.0,8.0,0.0,True
edit_latent_source_first_rerank,mpair_00010899_cond_00_5p,mpair_00010899,eval,5,"LogP,QED,TPSA,HBA,RB",CC(C)[C@H](NC(=O)[C@@H]1Cc2ccccc2CN1C(=O)[C@@H](N)Cc1c[nH]c2ccccc12)C(=O)O,NC(=O)CC[C@H](NC(=O)[C@@H]1Cc2ccccc2CN1C(=O)[C@@H](N)Cc1c[nH]c2ccccc12)C(=O)O,CC(C)(C)[C@H](NC[C@@H](N)CS)C(=O)N1Cc2ccccc2C[C@H]1C(=O)N[C@H](CCS(C)(=O)=O)C(=O)O,O=C(CCc1c[nH]c2ccccc12)N1CCc2ccccc2C1,c1ccc2c(c1)CCNC2,False,False,False,,0.4044943820224719,0.43820224719101125,,,,,0.826100000000002,0.20540000000000397,0.620699999999998,True,0.29652005438814183,0.24819982099874383,0.048320233389398004,True,171.60999999999999,158.89999999999998,12.710000000000008,True,,,,,5.0,8.0,3.0,False,9.0,11.0,2.0,False
edit_latent_source_first_rerank,mpair_00010919_cond_01_5p,mpair_00010919,eval,5,"MW,LogP,QED,HBD,RB",COc1cc2nc(N3CCCC3)nc(NCCCCCN3CCNCC3)c2cc1OC,COc1cc2nc(N3CCCC3)nc(NCCCCCN3CCN(C(C)C)CC3)c2cc1OC,COc1cc2nc(N3CCN(C)CC3)nc(NCCCCCN3CCCC3)c2cc1OC,c1ccc2c(NCCCCCN3CCNCC3)nc(N3CCCC3)nc2c1,c1ccc2c(NCCCCCN3CCCC3)nc(N3CCNCC3)nc2c1,False,True,False,,0.7894736842105263,0.7627118644067796,470.6620000000004,442.6080000000004,28.053999999999974,True,3.855400000000003,3.0768000000000013,0.7786000000000017,True,0.49692764299392717,0.5634060251701115,0.06647838217618435,True,,,,,1.0,1.0,0.0,True,,,,,11.0,10.0,1.0,True
edit_latent_source_first_rerank,mpair_00011098_cond_00_5p,mpair_00011098,eval,5,"LogP,QED,TPSA,HBD,HBA",Cc1nn(-c2ccccc2)c2c1c(O)nc1ccccc12,Cc1cccc(-n2nc(C)c3c(Cl)nc4ccccc4c32)c1,Cc1nn(-c2cccc(Cl)c2)c2c1c(=O)n(C)c1ccccc21,c1ccc(-n2ncc3cnc4ccccc4c32)cc1,O=c1[nH]c2ccccc2c2c1cnn2-c1ccccc1,False,False,False,,0.41509433962264153,0.4909090909090909,,,,,4.8439400000000035,3.839220000000002,1.0047200000000016,False,0.4708782994807681,0.5337134169453674,0.06283511746459935,True,30.71,39.82,9.11,True,0.0,0.0,0.0,True,3.0,4.0,1.0,True,,,,
edit_latent_source_first_rerank,mpair_00011110_cond_01_5p,mpair_00011110,eval,5,"LogP,QED,TPSA,HBD,HBA",COc1cccc(-n2nc(C)c3c(O)nc4ccccc4c32)c1,COc1nc2ccccc2c2c1c(C)nn2-c1cccc(Cl)c1,COc1ccc2oc3c(c(C)nn3-c3ccccc3)c(=O)c2c1,c1ccc(-n2ncc3cnc4ccccc4c32)cc1,O=c1c2ccccc2oc2c1cnn2-c1ccccc1,False,False,False,,0.4406779661016949,0.4032258064516129,,,,,4.544120000000003,3.448920000000002,1.095200000000001,False,0.5432876380245963,0.5689645152365926,0.025676877211996296,True,39.940000000000005,57.260000000000005,17.32,True,0.0,0.0,0.0,True,4.0,5.0,1.0,True,,,,
edit_latent_source_first_rerank,mpair_00012048_cond_00_5p,mpair_00012048,eval,5,"LogP,QED,TPSA,HBD,HBA",Oc1ccccc1N1CCN(c2nc3ccccc3s2)CC1,Clc1cccc(N2CCN(c3nc4ccccc4s3)CC2)c1,Oc1ccccc1N1CCN(Cc2nc3ccccc3[nH]2)CC1,c1ccc(N2CCN(c3nc4ccccc4s3)CC2)cc1,c1ccc(N2CCN(Cc3nc4ccccc4[nH]3)CC2)cc1,False,False,False,,0.46,0.22580645161290322,,,,,4.276300000000003,2.590700000000001,1.6856000000000018,False,0.6993705773617076,0.7807243505570033,0.08135377319529569,True,19.37,55.39,36.019999999999996,False,0.0,2.0,2.0,False,4.0,4.0,0.0,True,,,,
edit_latent_source_first_rerank,mpair_00013357_cond_00_5p,mpair_00013357,eval,5,"LogP,QED,TPSA,HBD,HBA",COC(=O)[C@H](c1cccc(C)c1)[C@H]1CCCCN1C,COC(=O)[C@H](c1ccc(O)cc1)[C@H]1CCCCN1C,COC(=O)[C@H](c1cccc(Cl)c1)C1CCCCN1,c1ccc(C[C@H]2CCCCN2)cc1,c1ccc(CC2CCCCN2)cc1,False,True,False,,0.45614035087719296,0.3620689655172414,,,,,2.1330999999999998,2.7387000000000006,0.6056000000000008,True,0.8487909113672916,0.8561354045719801,0.007344493204688551,True,49.77,38.33,11.440000000000005,True,1.0,1.0,0.0,True,4.0,3.0,1.0,True,,,,
edit_latent_source_first_rerank,mpair_00013608_cond_01_5p,mpair_00013608,eval,5,"LogP,TPSA,HBD,HBA,RB",CS(=O)(=O)c1ccc(-c2cc(Cl)cnc2-c2ccc(CO)nc2)cc1,CS(=O)(=O)c1ccc(-c2cc(Cl)cnc2-c2cccnc2)cc1,Cc1ccncc1-c1ncc(Cl)cc1-c1ccc(S(C)(=O)=O)cc1,c1ccc(-c2cccnc2-c2cccnc2)cc1,c1ccc(-c2cccnc2-c2cccnc2)cc1,True,True,True,,0.5769230769230769,0.6875,,,,,3.8675000000000024,4.175920000000003,0.3084200000000008,True,,,,,59.92,59.92,0.0,True,0.0,0.0,0.0,True,4.0,4.0,0.0,True,3.0,3.0,0.0,True
edit_latent_source_first_rerank,mpair_00013945_cond_00_5p,mpair_00013945,eval,5,"LogP,QED,TPSA,HBD,HBA",CC(c1cccc(C(=N)N)n1)C1OCCO1,CSC(=N)c1cccc(C(C)C2OCCO2)n1,CC(c1cccc(C#N)n1)C1OCCO1,c1ccc(CC2OCCO2)nc1,c1ccc(CC2OCCO2)nc1,True,True,True,,0.5454545454545454,0.5217391304347826,,,,,2.2463699999999998,1.42968,0.8166899999999997,True,0.6618999522301771,0.7308318547752716,0.06893190254509451,True,55.2,55.14,0.060000000000002274,True,1.0,0.0,1.0,True,5.0,4.0,1.0,True,,,,
edit_latent_source_first_rerank,mpair_00014860_cond_02_5p,mpair_00014860,eval,5,"MW,LogP,HBD,HBA,RB",CCCCCCNc1nc2ccccc2n2cncc12,CCCc1nc2ccccc2n2cncc12,c1ccc(Nc2nc3ccccc3n3cncc23)cc1,c1ccc2c(c1)ncc1cncn12,c1ccc(Nc2nc3ccccc3n3cncc23)cc1,False,False,False,,0.5531914893617021,0.5,211.268,260.3,49.03200000000001,False,2.835000000000001,3.626100000000001,0.7911000000000001,True,,,,,,,,,0.0,1.0,1.0,True,3.0,4.0,1.0,True,2.0,2.0,0.0,True
edit_latent_source_first_rerank,mpair_00015735_cond_02_5p,mpair_00015735,eval,5,"QED,TPSA,HBD,HBA,RB",O=C1c2c(O)cccc2Cc2ccc(CCc3ccccc3)c(O)c21,O=C1c2c(O)cccc2Cc2ccc(C(Cc3ccccc3)C(=O)NO)c(O)c21,O=C(NO)c1ccc(Cc2ccc3c(c2O)C(=O)c2c(O)cccc2C3)cc1,O=C1c2ccccc2Cc2ccc(CCc3ccccc3)cc21,O=C1c2ccccc2Cc2ccc(Cc3ccccc3)cc21,False,True,False,,0.5769230769230769,0.5081967213114754,,,,,,,,,0.3170091346244461,0.32534394584629134,0.008334811221845262,True,106.86,106.86,0.0,True,4.0,4.0,0.0,True,5.0,5.0,0.0,True,4.0,3.0,1.0,True
edit_latent_source_first_rerank,mpair_00016518_cond_00_5p,mpair_00016518,eval,5,"MW,LogP,QED,HBD,RB",CCCN(CCC)CCCNc1ncc(C)c2c1c1cnccc1n2C,CCNCCCNc1ncc(C)c2c1c1cnccc1n2C,Cc1cnc(NCCCN2CCOCC2)c2c3cnccc3n(C)c12,c1cc2[nH]c3ccncc3c2cn1,c1cc2[nH]c3ccnc(NCCCN4CCOCC4)c3c2cn1,False,False,False,,0.639344262295082,0.6842105263157895,297.40600000000006,339.44300000000004,42.03699999999998,False,2.8414200000000003,2.56412,0.2773000000000003,True,0.6869994749888312,0.7242050670770338,0.03720559208820262,True,,,,,2.0,1.0,1.0,True,,,,,6.0,5.0,1.0,True
edit_latent_source_first_rerank,mpair_00017118_cond_02_5p,mpair_00017118,eval,5,"MW,QED,HBD,HBA,RB",COc1ccccc1N1CCN(c2cc3c(cc2N)c(=O)c(C(=O)O)cn3C(C)(C)C)CC1,COc1ccccc1N1CCN(c2c(F)cc3c(=O)c(C(=O)O)cn(CCN(C)C)c3c2OC(F)F)CC1,COc1ccc(N2CCN(c3cc4c(cc3N)c(=O)c(C(=O)O)cn4C(C)(C)C)CC2)cc1,O=c1cc[nH]c2cc(N3CCN(c4ccccc4)CC3)ccc12,O=c1cc[nH]c2cc(N3CCN(c4ccccc4)CC3)ccc12,True,False,False,,0.75,0.31868131868131866,534.5350000000001,450.53900000000027,83.99599999999981,False,,,,,0.44758921140603314,0.5878548502454992,0.14026563883946608,False,,,,,1.0,2.0,1.0,True,8.0,7.0,1.0,True,9.0,4.0,5.0,False
edit_latent_source_first_rerank,mpair_00017209_cond_00_5p,mpair_00017209,eval,5,"QED,TPSA,HBD,HBA,RB",O=C(NCc1ccc([N+](=O)[O-])cc1)OCCCc1c[nH]cn1,CN(Cc1ccccc1)C(=O)OCCCc1c[nH]cn1,O=C(Cc1ccc(Cl)cc1)OCCCc1c[nH]cn1,O=C(NCc1ccccc1)OCCCc1c[nH]cn1,O=C(Cc1ccccc1)OCCCc1c[nH]cn1,False,False,False,,0.5087719298245614,0.509090909090909,,,,,,,,,0.8230012341030899,0.652901747669726,0.17009948643336392,False,58.22,54.980000000000004,3.239999999999995,True,1.0,1.0,0.0,True,3.0,3.0,0.0,True,6.0,6.0,0.0,True
edit_latent_source_first_rerank,mpair_00001355_cond_00_6p,mpair_00001355,eval,6,"LogP,QED,TPSA,HBD,HBA,RB",Nc1nc(O)c(N=O)c(NCCCO)n1,CCNc1nc(N)nc(O)c1N=O,Nc1nc(O)c(N=O)c(NCCCO)n1,c1cncnc1,c1cncnc1,True,False,False,,1.0,0.6578947368421053,,,,,0.5940999999999996,-0.04340000000000005,0.6374999999999997,True,0.5908316431660211,0.3977619077750839,0.1930697353909372,False,113.49000000000001,133.72,20.22999999999999,False,3.0,4.0,1.0,True,7.0,8.0,1.0,True,3.0,5.0,2.0,False
edit_latent_source_first_rerank,mpair_00002478_cond_01_6p,mpair_00002478,eval,6,"MW,LogP,QED,TPSA,HBD,HBA",COc1cc(C(=O)N2CCN(C(=O)c3cc(OC)c(OC)c(OC)c3)CC2)cc(OC)c1OC,COc1cc(C(=O)N2CCN(C(=O)c3cc(OC)c(OC)c(OC)c3)C(COC(=O)NCCC(C)C)C2)cc(OC)c1OC,COc1cc(C(=O)n2nc(Nc3ccc(C)cc3)nc2N)cc(OC)c1OC,O=C(c1ccccc1)N1CCN(C(=O)c2ccccc2)CC1,O=C(c1ccccc1)n1cnc(Nc2ccccc2)n1,False,False,False,,0.40384615384615385,0.2857142857142857,617.6960000000003,383.40800000000024,234.288,False,3.4773000000000023,2.626620000000001,0.8506800000000014,True,0.3561059094946873,0.6677335658733173,0.31162765637863005,False,134.33,113.52000000000001,20.810000000000002,False,1.0,2.0,1.0,True,10.0,9.0,1.0,True,,,,
edit_latent_source_first_rerank,mpair_00002488_cond_01_6p,mpair_00002488,eval,6,"MW,LogP,QED,HBD,HBA,RB",COc1cc(C(=O)N2CCN(C(=O)c3cc(OC)c(OC)c(OC)c3)C(CO)C2)cc(OC)c1OC,CCN(CC)C(=O)OCC1CN(C(=O)c2cc(OC)c(OC)c(OC)c2)CCN1C(=O)c1cc(OC)c(OC)c(OC)c1,,O=C(c1ccccc1)N1CCN(C(=O)c2ccccc2)CC1,,False,False,False,"empty_source_tanimoto_pool,empty_edit_latent_pool",0.0,0.0,603.6690000000003,,nan,False,3.1834000000000024,,nan,False,0.3571777118480848,,nan,False,,,,,0.0,,nan,False,10.0,,nan,False,12.0,,nan,False
edit_latent_source_first_rerank,mpair_00003588_cond_01_6p,mpair_00003588,eval,6,"MW,LogP,QED,TPSA,HBD,RB",CC(C)c1ccc(Cn2ccc3c4c(N(C)C)nc(N(C)C)nc4ccc32)cc1,CC(C)(C)c1ccc(Cn2ccc3c4c(N)nc(N)nc4ccc32)cc1,,c1ccc(Cn2ccc3c4cncnc4ccc32)cc1,,False,False,False,"empty_source_tanimoto_pool,empty_edit_latent_pool",0.0,0.0,345.45000000000005,,nan,False,4.094700000000002,,nan,False,0.5729407842811197,,nan,False,82.75,,nan,False,2.0,,nan,False,,,,,2.0,,nan,False
edit_latent_source_first_rerank,mpair_00004747_cond_00_6p,mpair_00004747,eval,6,"MW,LogP,QED,HBD,HBA,RB",O=C(N[C@@H](Cc1ccccc1)C(=O)O)c1cccc2ccccc12,CCNC(=O)C(C)NC(=O)[C@H](Cc1ccc([N+](=O)[O-])cc1)NC(=O)c1cccc2ccccc12,O=C(N[C@@H](Cc1ccc(NC(=O)c2ccnc3ccccc23)cc1)C(=O)O)C(=O)c1ccccc1,O=C(NCCc1ccccc1)c1cccc2ccccc12,O=C(NCCc1ccc(NC(=O)c2ccnc3ccccc23)cc1)C(=O)c1ccccc1,False,True,False,,0.4406779661016949,0.3,462.50600000000014,467.48100000000017,4.975000000000023,True,2.7299000000000007,3.4819000000000013,0.7520000000000007,True,0.332478065240171,0.2691144418490418,0.06336362339112916,True,,,,,3.0,3.0,0.0,True,5.0,5.0,0.0,True,9.0,8.0,1.0,True
edit_latent_source_first_rerank,mpair_00004756_cond_02_6p,mpair_00004756,eval,6,"MW,QED,TPSA,HBD,HBA,RB",CCOC(=O)[C@@H](C)NC(=O)[C@H](Cc1ccc([N+](=O)[O-])cc1)NC(=O)c1cccc2ccccc12,COC(=O)[C@H](Cc1ccc([N+](=O)[O-])cc1)NC(=O)c1cccc2ccccc12,CCOC(=O)c1coc([C@H](Cc2ccc([N+](=O)[O-])cc2)NC(=O)c2cccc3ccccc23)n1,O=C(NCCc1ccccc1)c1cccc2ccccc12,O=C(N[C@@H](Cc1ccccc1)c1ncco1)c1cccc2ccccc12,False,False,False,,0.6197183098591549,0.6119402985074627,378.38400000000007,459.45800000000014,81.07400000000007,False,,,,,0.4032206465621875,0.23138060583626524,0.17184004072592224,False,98.53999999999999,124.57000000000001,26.030000000000015,False,1.0,1.0,0.0,True,5.0,7.0,2.0,False,6.0,8.0,2.0,False
edit_latent_source_first_rerank,mpair_00004834_cond_02_6p,mpair_00004834,eval,6,"MW,LogP,QED,HBD,HBA,RB",O=CNC(=O)c1cnn2c1n[n+]([O-])c1ccc(Cl)cc12,C/C(=N\C(=O)c1cnn2c1n[n+]([O-])c1ccc(Cl)cc12)N(C)C,,c1ccc2c(c1)[nH+]nc1ccnn12,,False,False,False,"empty_source_tanimoto_pool,empty_edit_latent_pool",0.0,0.0,332.7510000000001,,nan,False,1.2894999999999999,,nan,False,0.28974905987188526,,nan,False,,,,,0.0,,nan,False,5.0,,nan,False,1.0,,nan,False
edit_latent_source_first_rerank,mpair_00006871_cond_00_6p,mpair_00006871,eval,6,"MW,LogP,QED,TPSA,HBD,HBA",CN1C(=O)[C@@H](NC(=O)[C@H](N)Cc2ccccc2)N=C(c2ccccc2)c2ccccc21,C[C@@H](Cc1ccc(Cl)c(Cl)c1)C(=O)N[C@H]1N=C(c2ccccc2)c2ccccc2N(C)C1=O,CN1C(=O)[C@H](NC(=O)Cc2ccc(C(F)(F)F)cc2C(F)(F)F)N=C(c2ccccc2)c2ccccc21,O=C(CCc1ccccc1)N[C@H]1N=C(c2ccccc2)c2ccccc2NC1=O,O=C(Cc1ccccc1)N[C@@H]1N=C(c2ccccc2)c2ccccc2NC1=O,False,False,False,,0.5211267605633803,0.4935064935064935,480.3950000000002,519.445,39.04999999999984,False,5.128300000000006,5.223000000000003,0.09469999999999779,True,0.5507225512128597,0.4807124674454219,0.07001008376743784,True,61.77,61.77,0.0,True,1.0,1.0,0.0,True,3.0,3.0,0.0,True,,,,
edit_latent_source_first_rerank,mpair_00007291_cond_01_6p,mpair_00007291,eval,6,"LogP,QED,TPSA,HBD,HBA,RB",NCCNC(=O)C1Cc2c([nH]c3ccccc23)C(c2cccc(O)c2)N1,COC(=O)C1Cc2c([nH]c3ccccc23)C(c2ccc(Cl)cc2)N1,COC(=O)C1Cc2c([nH]c3ccccc23)C(CO)N1,c1ccc(C2NCCc3c2[nH]c2ccccc32)cc1,c1ccc2c3c([nH]c2c1)CNCC3,False,False,False,,0.4461538461538462,0.6415094339622641,,,,,3.5980000000000016,0.8885999999999998,2.709400000000002,False,0.7007933905852917,0.7010061040826847,0.00021271349739304668,True,54.120000000000005,74.35000000000001,20.230000000000004,False,2.0,3.0,1.0,True,3.0,4.0,1.0,True,2.0,2.0,0.0,True
edit_latent_source_first_rerank,mpair_00007691_cond_00_6p,mpair_00007691,eval,6,"MW,LogP,QED,TPSA,HBA,RB",CC(=O)CCCC(=O)NC1N=C(c2ccccc2)c2ccccc2N(CC(=O)NCCc2ccccc2Cl)C1=O,CC(=O)NC1N=C(c2ccccc2)c2ccccc2N(CC(=O)NCCc2cccc(Cl)c2)C1=O,CC(C)(C)C(=O)CN1C(=O)C(NC(=O)Nc2cccc(C(=O)O)c2)N=C(c2ccccc2)c2ccccc21,O=C(CN1C(=O)CN=C(c2ccccc2)c2ccccc21)NCCc1ccccc1,O=C(Nc1ccccc1)NC1N=C(c2ccccc2)c2ccccc2NC1=O,False,False,False,,0.4470588235294118,0.47560975609756095,488.9750000000003,512.5660000000003,23.59099999999995,True,3.3451000000000013,4.331800000000002,0.9867000000000008,True,0.5340646911534161,0.45289260072728993,0.08117209042612622,True,90.87,128.17000000000002,37.30000000000001,False,,,,,4.0,5.0,1.0,True,7.0,6.0,1.0,True
edit_latent_source_first_rerank,mpair_00007880_cond_00_6p,mpair_00007880,eval,6,"MW,LogP,QED,TPSA,HBD,HBA",O=C1CC2(C(=O)N1)C(=O)N(Cc1ccc(C(F)(F)F)cc1)C(=O)c1cccn12,Nc1ccc(CN2C(=O)c3cccn3C3(CC(=O)NC3=O)C2=O)cc1,CN1C(=O)CC2(C1=O)C(=O)N(Cc1ccc(C(F)(F)F)cc1)C(=O)c1ccccc12,O=C1CC2(C(=O)N1)C(=O)N(Cc1ccccc1)C(=O)c1cccn12,O=C1CC2(C(=O)N1)C(=O)N(Cc1ccccc1)C(=O)c1ccccc12,False,False,False,,0.4307692307692308,0.2857142857142857,338.3230000000001,416.3550000000001,78.03199999999998,False,-0.005299999999999805,2.514500000000001,2.5198000000000005,False,0.45417020849830125,0.5571265079050233,0.10295629940672202,False,114.5,74.76,39.739999999999995,False,2.0,0.0,2.0,False,6.0,4.0,2.0,False,,,,
edit_latent_source_first_rerank,mpair_00008120_cond_01_6p,mpair_00008120,eval,6,"LogP,QED,TPSA,HBD,HBA,RB",CCN(CC)CC(O)Cn1c2ccccc2c(=O)c2cccc(Cl)c21,CCN(CC)CC(O)Cn1c2ccccc2c(=O)c2cccc(C(=O)O)c21,O=C(O)c1cccc2c(=O)c3ccccc3n(CC(O)CN3CCN(C4CCCCC4)CC3)c12,O=c1c2ccccc2[nH]c2ccccc12,O=c1c2ccccc2n(CCCN2CCN(C3CCCCC3)CC2)c2ccccc12,False,True,False,,0.4,0.5625,,,,,2.5556,3.164100000000002,0.608500000000002,True,0.6264686403840823,0.5464574536471942,0.08001118673688812,True,82.77,86.00999999999999,3.239999999999995,True,2.0,2.0,0.0,True,5.0,6.0,1.0,True,7.0,6.0,1.0,True
edit_latent_source_first_rerank,mpair_00008543_cond_02_6p,mpair_00008543,eval,6,"LogP,QED,TPSA,HBD,HBA,RB",O=c1[nH]c(=O)n(COCCO)cc1Cc1cccc(Oc2ccc(Cl)cc2)c1,O=c1[nH]c(=O)n(COC(CO)CO)cc1Cc1cccc(Oc2ccccc2)c1,O=c1[nH]c(=O)n(COC(CO)CO)cc1Cc1cccc(OCCCF)c1,O=c1[nH]cc(Cc2cccc(Oc3ccccc3)c2)c(=O)[nH]1,O=c1[nH]cc(Cc2ccccc2)c(=O)[nH]1,False,False,False,,0.5147058823529411,0.7241379310344828,,,,,1.2470000000000003,0.1931000000000005,1.0538999999999998,False,0.4998954215643975,0.47840738880315165,0.021488032761245834,True,113.78000000000002,113.78000000000002,0.0,True,3.0,3.0,0.0,True,7.0,7.0,0.0,True,9.0,11.0,2.0,False
edit_latent_source_first_rerank,mpair_00008562_cond_01_6p,mpair_00008562,eval,6,"MW,QED,TPSA,HBD,HBA,RB",O=c1[nH]c(=O)n(COCCO)cc1Cc1cccc(Oc2ccccc2)c1,O=c1[nH]c(=O)n(COC(CO)CO)cc1Cc1cccc(Oc2cccc(Cl)c2)c1,CCCOc1cccc(Cc2cn(COCCO)c(=O)[nH]c2=O)c1,O=c1[nH]cc(Cc2cccc(Oc3ccccc3)c2)c(=O)[nH]1,O=c1[nH]cc(Cc2ccccc2)c(=O)[nH]1,False,False,False,,0.7454545454545455,0.5151515151515151,432.8600000000001,334.372,98.48800000000011,False,,,,,0.475610070963199,0.6641944427452263,0.1885843717820273,False,113.78000000000002,93.55000000000001,20.230000000000004,False,3.0,2.0,1.0,True,7.0,6.0,1.0,True,9.0,9.0,0.0,True
edit_latent_source_first_rerank,mpair_00008569_cond_00_6p,mpair_00008569,eval,6,"LogP,QED,TPSA,HBD,HBA,RB",O=c1[nH]c(=O)n(COC(CO)CO)cc1Cc1cccc(Oc2ccc(F)cc2)c1,O=c1[nH]c(=O)n(COCCO)cc1Cc1cccc(Oc2ccc(Cl)cc2)c1,CCCOc1cccc(Cc2cn(COCCO)c(=O)[nH]c2=O)c1,O=c1[nH]cc(Cc2cccc(Oc3ccccc3)c2)c(=O)[nH]1,O=c1[nH]cc(Cc2ccccc2)c(=O)[nH]1,False,False,False,,0.5074626865671642,0.6949152542372882,,,,,2.539500000000001,0.8825999999999998,1.6569000000000014,False,0.5646201784137145,0.6641944427452263,0.09957426433151184,True,93.55000000000001,93.55000000000001,0.0,True,2.0,2.0,0.0,True,6.0,6.0,0.0,True,8.0,9.0,1.0,True
edit_latent_source_first_rerank,mpair_00008572_cond_02_6p,mpair_00008572,eval,6,"MW,QED,TPSA,HBD,HBA,RB",O=c1[nH]c(=O)n(COC(CO)CO)cc1Cc1cccc(Oc2cccc(Cl)c2)c1,O=c1[nH]c(=O)n(COCCO)cc1Cc1cccc(Oc2ccccc2)c1,O=c1[nH]c(=O)n(COCCO)cc1Cc1cccc(OCCCF)c1,O=c1[nH]cc(Cc2cccc(Oc3ccccc3)c2)c(=O)[nH]1,O=c1[nH]cc(Cc2ccccc2)c(=O)[nH]1,False,False,False,,0.5074626865671642,0.7321428571428571,368.38900000000007,352.36200000000014,16.02699999999993,True,,,,,0.5923928040684121,0.618030706230951,0.025637902162538917,True,93.55000000000001,93.55000000000001,0.0,True,2.0,2.0,0.0,True,6.0,6.0,0.0,True,8.0,10.0,2.0,False
edit_latent_source_first_rerank,mpair_00008578_cond_02_6p,mpair_00008578,eval,6,"LogP,QED,TPSA,HBD,HBA,RB",O=c1[nH]c(=O)n(COCCO)cc1Cc1cccc(Oc2ccc(F)cc2)c1,O=c1[nH]c(=O)n(COC(CO)CO)cc1Cc1cccc(Oc2cccc(F)c2)c1,O=c1[nH]c(=O)n(COC(CO)CO)cc1Cc1cccc(OCCCF)c1,O=c1[nH]cc(Cc2cccc(Oc3ccccc3)c2)c(=O)[nH]1,O=c1[nH]cc(Cc2ccccc2)c(=O)[nH]1,False,False,False,,0.5373134328358209,0.7166666666666667,,,,,1.3861000000000006,0.1931000000000005,1.193,False,0.4858120896295065,0.47840738880315165,0.00740470082635486,True,113.78000000000002,113.78000000000002,0.0,True,3.0,3.0,0.0,True,7.0,7.0,0.0,True,9.0,11.0,2.0,False
edit_latent_source_first_rerank,mpair_00010004_cond_02_6p,mpair_00010004,eval,6,"MW,LogP,TPSA,HBD,HBA,RB",NC(=O)c1ccc(-c2ccc(CC(=O)Nc3cc(C4CC4)[nH]n3)cc2)cc1,O=C(Cc1ccc(-c2ccccc2)cc1)Nc1cc(C2CC2)[nH]n1,O=C(Cc1ccc(OC(F)(F)F)cc1)Nc1cc(C2CC2)[nH]n1,O=C(Cc1ccc(-c2ccccc2)cc1)Nc1cc(C2CC2)[nH]n1,O=C(Cc1ccccc1)Nc1cc(C2CC2)[nH]n1,False,True,False,,0.625,0.660377358490566,317.3920000000001,325.29,7.897999999999911,True,4.135300000000002,3.3669000000000002,0.7684000000000015,True,,,,,57.78,67.00999999999999,9.22999999999999,True,2.0,2.0,0.0,True,2.0,3.0,1.0,True,5.0,5.0,0.0,True
edit_latent_source_first_rerank,mpair_00010902_cond_01_6p,mpair_00010902,eval,6,"MW,LogP,TPSA,HBD,HBA,RB",N[C@@H](Cc1c[nH]c2ccccc12)C(=O)N1Cc2ccccc2C[C@H]1C(=O)O,N[C@@H](Cc1c[nH]c2ccccc12)C(=O)N1Cc2ccccc2C[C@H]1C(=O)N[C@@H](CS)C(=O)O,Cc1cc(O)cc(C)c1C[C@H](N)C(=O)N1Cc2ccccc2C[C@H]1C(=O)NCc1nc2ccccc2[nH]1,O=C(CCc1c[nH]c2ccccc12)N1CCc2ccccc2C1,O=C(NCc1nc2ccccc2[nH]1)[C@@H]1Cc2ccccc2CN1C(=O)CCc1ccccc1,False,False,False,,0.425,0.42045454545454547,466.56300000000016,497.5990000000002,31.036000000000058,True,1.4903999999999997,3.0250400000000006,1.534640000000001,False,,,,,128.51999999999998,124.34,4.179999999999978,True,5.0,4.0,1.0,True,5.0,5.0,0.0,True,7.0,6.0,1.0,True
edit_latent_source_first_rerank,mpair_00010986_cond_01_6p,mpair_00010986,eval,6,"MW,LogP,QED,HBD,HBA,RB",COc1ccc([C@@H]2Sc3ccccc3N(C[C@@H]3CCCN3)C(=O)[C@@H]2O)cc1,COc1ccc([C@@H]2Sc3ccccc3N(C[C@@H]3CCCN3)C(=O)[C@@H]2OC(C)=O)cc1,COc1ccc(C2Sc3ccccc3N(CCN(C)C)C(=O)C2O)cc1,O=C1C[C@H](c2ccccc2)Sc2ccccc2N1C[C@@H]1CCCN1,O=C1CC(c2ccccc2)Sc2ccccc2N1,False,False,False,,0.6190476190476191,0.4657534246575342,426.53800000000024,372.49000000000007,54.04800000000017,False,3.5589000000000013,2.7977000000000007,0.7612000000000005,True,0.7377284711612315,0.8746955814654294,0.13696711030419784,False,,,,,1.0,1.0,0.0,True,6.0,5.0,1.0,True,5.0,5.0,0.0,True
edit_latent_source_first_rerank,mpair_00013581_cond_02_6p,mpair_00013581,eval,6,"MW,QED,TPSA,HBD,HBA,RB",COCCCNCC(=O)N1CCC(CNc2nc3c(s2)CCCc2ccc(F)cc2-3)CC1,CC(C)C(=O)N1CCC(CNc2nc3c(s2)CCCc2ccc(F)cc2-3)CC1,CCCCC(=O)N[C@H]1CC[C@H](CNc2nc3c(s2)CCCc2ccc(F)cc2-3)CC1,c1ccc2c(c1)CCCc1sc(NCC3CCNCC3)nc1-2,c1ccc2c(c1)CCCc1sc(NCC3CCCCC3)nc1-2,False,False,False,,0.5783132530120482,0.6351351351351351,401.5510000000002,429.60500000000025,28.05400000000003,True,,,,,0.8044990618749749,0.592210059042158,0.21228900283281693,False,45.230000000000004,54.02,8.79,True,1.0,2.0,1.0,True,4.0,4.0,0.0,True,4.0,7.0,3.0,False
edit_latent_source_first_rerank,mpair_00014669_cond_01_6p,mpair_00014669,eval,6,"MW,LogP,TPSA,HBD,HBA,RB",CC(=O)OC[C@@]1(C)C2C[C@H](OC(C)=O)[C@@]3(C)Oc4cc(-c5cccnc5)oc(=O)c4C(=O)C3[C@@]2(C)CC[C@@H]1OC(C)=O,C[C@]12CC[C@H](O)[C@@](C)(CO)C1C[C@H](O)[C@@]1(C)Oc3cc(-c4ccc(Cl)nc4)oc(=O)c3C(=O)C21,CC1(C)OC[C@@]2(C)C3C[C@H](O)[C@@]4(C)Oc5cc(-c6cccnc6)oc(=O)c5[C@H](O)C4[C@@]3(C)CC[C@@H]2O1,O=C1c2c(cc(-c3cccnc3)oc2=O)OC2CCC3CCCCC3C12,O=c1oc(-c2cccnc2)cc2c1CC1C(CCC3C1CC[C@@H]1OCOCC31)O2,False,True,False,,0.44329896907216493,0.40425531914893614,489.9520000000002,497.5880000000003,7.636000000000081,True,2.845600000000001,3.8412000000000033,0.9956000000000023,True,,,,,130.09,111.25,18.840000000000003,True,3.0,2.0,1.0,True,8.0,8.0,0.0,True,2.0,1.0,1.0,True
edit_latent_source_first_rerank,mpair_00015735_cond_00_6p,mpair_00015735,eval,6,"MW,LogP,TPSA,HBD,HBA,RB",O=C1c2c(O)cccc2Cc2ccc(CCc3ccccc3)c(O)c21,O=C1c2c(O)cccc2Cc2ccc(C(Cc3ccccc3)C(=O)NO)c(O)c21,O=C(NO)c1ccc(Cc2ccc3c(c2O)C(=O)c2c(O)cccc2C3)cc1,O=C1c2ccccc2Cc2ccc(CCc3ccccc3)cc21,O=C1c2ccccc2Cc2ccc(Cc3ccccc3)cc21,False,True,False,,0.5769230769230769,0.5081967213114754,389.40700000000004,375.3800000000001,14.02699999999993,True,3.0647000000000015,2.9428000000000027,0.12189999999999879,True,,,,,106.86,106.86,0.0,True,4.0,4.0,0.0,True,5.0,5.0,0.0,True,4.0,3.0,1.0,True
edit_latent_source_first_rerank,mpair_00016971_cond_00_6p,mpair_00016971,eval,6,"LogP,QED,TPSA,HBD,HBA,RB",CCCc1c(OCCCOc2cc3c(cc2C(C)=O)CCC(C(=O)O)O3)ccc(C(C)=O)c1O,CCCc1c(OCCCOc2ccc(C(C)=O)c(OC)c2CCC)ccc2c1OC(C(=O)O)CC2,CCCc1cc(OCCCOc2ccc(C(C)=O)c(OC)c2CCC)cc2c1OC(C(=O)O)CC2,c1ccc(OCCCOc2ccc3c(c2)OCCC3)cc1,c1ccc(OCCCOc2ccc3c(c2)CCCO3)cc1,False,True,False,,0.581081081081081,0.7846153846153846,,,,,5.428900000000005,5.428900000000005,0.0,True,0.29940751610339217,0.29940751610339217,0.0,True,91.29,91.29,0.0,True,1.0,1.0,0.0,True,6.0,6.0,0.0,True,13.0,13.0,0.0,True
edit_latent_source_first_rerank,mpair_00002438_cond_01_7p,mpair_00002438,eval,7,"MW,LogP,QED,TPSA,HBD,HBA,RB",CSc1cc(-c2ccc(Cl)cc2)oc(=O)c1Br,CSc1cc(-c2ccc(Cl)cc2)oc(=O)c1C(N)=O,CSc1cc(-c2ccc(Cl)cc2)oc(=O)c1,O=c1cccc(-c2ccccc2)o1,O=c1cccc(-c2ccccc2)o1,True,False,False,,0.5365853658536586,0.4888888888888889,295.747,252.72199999999998,43.025000000000034,False,2.7810000000000006,3.682100000000002,0.9011000000000013,True,0.8837306867126842,0.7640571553591999,0.11967353135348424,False,73.30000000000001,30.21,43.09000000000001,False,1.0,0.0,1.0,True,4.0,3.0,1.0,True,3.0,2.0,1.0,True
edit_latent_source_first_rerank,mpair_00004757_cond_01_7p,mpair_00004757,eval,7,"MW,LogP,QED,TPSA,HBD,HBA,RB",CCOC(=O)[C@@H](C)NC(=O)[C@H](Cc1ccc([N+](=O)[O-])cc1)NC(=O)c1cccc2ccccc12,CC(C)OC(=O)[C@H](Cc1ccc([N+](=O)[O-])cc1)NC(=O)c1cccc2ccccc12,O=C(N[C@@H](Cc1ccc([N+](=O)[O-])cc1)C(=O)OCc1ccccc1)c1cccc2ccccc12,O=C(NCCc1ccccc1)c1cccc2ccccc12,O=C(N[C@@H](Cc1ccccc1)C(=O)OCc1ccccc1)c1cccc2ccccc12,False,False,False,,0.6774193548387096,0.7543859649122807,406.43800000000016,454.4820000000001,48.043999999999926,False,4.040700000000003,4.832500000000004,0.7918000000000012,True,0.36267930698305967,0.23352634768098185,0.12915295930207782,False,98.53999999999999,98.54,1.4210854715202004e-14,True,1.0,1.0,0.0,True,5.0,5.0,0.0,True,7.0,8.0,1.0,True
edit_latent_source_first_rerank,mpair_00008559_cond_00_7p,mpair_00008559,eval,7,"MW,LogP,QED,TPSA,HBD,HBA,RB",O=c1[nH]c(=O)n(COCCO)cc1Cc1cccc(Oc2ccccc2)c1,O=c1[nH]c(=O)n(COC(CO)CO)cc1Cc1cccc(Oc2cccc(F)c2)c1,CCC(C)Oc1cccc(Cc2cn(COCCO)c(=O)[nH]c2=O)c1,O=c1[nH]cc(Cc2cccc(Oc3ccccc3)c2)c(=O)[nH]1,O=c1[nH]cc(Cc2ccccc2)c(=O)[nH]1,False,False,False,,0.7068965517241379,0.5147058823529411,416.4050000000001,348.399,68.00600000000009,False,1.3861000000000006,1.2710999999999997,0.11500000000000088,True,0.4858120896295065,0.6658226631990315,0.180010573569525,False,113.78000000000002,93.55000000000001,20.230000000000004,False,3.0,2.0,1.0,True,7.0,6.0,1.0,True,9.0,9.0,0.0,True
edit_latent_source_first_rerank,mpair_00010887_cond_01_7p,mpair_00010887,eval,7,"MW,LogP,QED,TPSA,HBD,HBA,RB",N[C@@H](Cc1c[nH]c2ccccc12)C(=O)N1Cc2ccccc2C[C@H]1C(=O)O,NC(=O)C[C@H](NC(=O)[C@@H]1Cc2ccccc2CN1C(=O)[C@@H](N)Cc1c[nH]c2ccccc12)C(=O)O,Cc1cc(O)cc(C)c1C[C@H](N)C(=O)N1Cc2ccccc2C[C@H]1C(=O)NCc1nc2ccccc2[nH]1,O=C(CCc1c[nH]c2ccccc12)N1CCc2ccccc2C1,O=C(NCc1nc2ccccc2[nH]1)[C@@H]1Cc2ccccc2CN1C(=O)CCc1ccccc1,False,False,False,,0.425,0.4157303370786517,477.52100000000024,497.5990000000002,20.077999999999975,True,0.4360000000000033,3.0250400000000006,2.589039999999997,False,0.3148350624649969,0.32600159200398693,0.011166529538990055,True,171.60999999999999,124.34,47.26999999999998,False,5.0,4.0,1.0,True,5.0,5.0,0.0,True,8.0,6.0,2.0,False
edit_latent_source_first_rerank,mpair_00013567_cond_00_7p,mpair_00013567,eval,7,"MW,LogP,QED,TPSA,HBD,HBA,RB",CCCCCCCCCN1CCC[C@@H]1CNC(=O)c1cc(S(N)(=O)=O)ccc1OC,CCN1CCC[C@@H]1CNC(=O)c1c(OC)ccc(Br)c1OC,CCN1CCCC1CNC(=O)c1cc(Br)c(OC)cc1OC,O=C(NC[C@H]1CCCN1)c1ccccc1,O=C(NCC1CCCN1)c1ccccc1,False,True,False,,0.5454545454545454,0.6607142857142857,371.2750000000001,371.27500000000015,5.684341886080802e-14,True,2.6804000000000006,2.6804000000000006,0.0,True,0.8356024039257242,0.835602403925724,1.1102230246251565e-16,True,50.80000000000001,50.80000000000001,0.0,True,1.0,1.0,0.0,True,4.0,4.0,0.0,True,6.0,6.0,0.0,True
edit_latent_source_similarity_rerank,mpair_00000008_cond_02_2p,mpair_00000008,eval,2,"MW,QED",O=C(c1ccccc1Br)N1C[C@H](CN2CCC(c3ccccc3)CC2)[C@@H](c2ccccc2)C1,O=C(c1ccccc1F)N1C[C@H](CN2CCC(c3ccccc3)CC2)[C@@H](c2ccccc2)C1,OC(COc1ccccc1)CN1CCN(c2ccc(Cc3ccc(F)cc3)cc2)CC1,O=C(c1ccccc1)N1C[C@H](CN2CCC(c3ccccc3)CC2)[C@@H](c2ccccc2)C1,c1ccc(Cc2ccc(N3CCN(CCCOc4ccccc4)CC3)cc2)cc1,False,True,False,,0.15384615384615385,0.18421052631578946,442.57800000000015,420.5280000000002,22.049999999999955,True,,,,,0.5164092889512721,0.598114400469954,0.08170511151868187,True,,,,,,,,,,,,,,,,
edit_latent_source_similarity_rerank,mpair_00000789_cond_01_2p,mpair_00000789,eval,2,"MW,RB",C=CCc1cc(/C=C2\SC(=O)N(C)C2=O)c(OC)cc1OC1CCCCO1,C=CCc1cc(/C=C2\SC(=O)N(CCCC)C2=O)c(OC)cc1OC1CCCCO1,COc1ccc(CN(C)CCCN2CCc3cc(OC)c(OC)cc3CC2=O)cc1OC,O=C1NC(=O)/C(=C/c2ccc(OC3CCCCO3)cc2)S1,O=C1Cc2ccccc2CCN1CCCNCc1ccccc1,False,True,False,,0.17045454545454544,0.17204301075268819,431.55400000000026,442.55600000000027,11.00200000000001,True,,,,,,,,,,,,,,,,,,,,,9.0,10.0,1.0,True
edit_latent_source_similarity_rerank,mpair_00000994_cond_02_2p,mpair_00000994,eval,2,"LogP,QED",FC(F)(F)c1cccc(N2CCN(c3nc4ccsc4n4cccc34)CC2)c1,Fc1ccc(N2CCN(c3nc4ccsc4n4cccc34)CC2)cc1,CN1CCN(CCNc2cc(-c3ccc(F)cc3)nc3ccccc23)CC1,c1ccc(N2CCN(c3nc4ccsc4n4cccc34)CC2)cc1,c1ccc(-c2cc(NCCN3CCNCC3)c3ccccc3n2)cc1,False,False,False,,0.189873417721519,0.2571428571428571,,,,,4.014700000000003,3.7002000000000024,0.31450000000000067,True,0.5445182992427106,0.7480213577901975,0.20350305854748696,False,,,,,,,,,,,,,,,,
edit_latent_source_similarity_rerank,mpair_00001396_cond_01_2p,mpair_00001396,eval,2,"QED,HBA",COC(=O)c1c(OCC(=O)O)nc(C(C)(C)C)nc1SC,CSc1nc(CC(C)(C)C)nc(OCC(=O)O)c1C#N,CCOC(=O)c1cccc(Nc2ncc3cc(-c4c(Cl)cccc4Cl)c(=O)n(C)c3n2)c1,c1cncnc1,O=c1[nH]c2nc(Nc3ccccc3)ncc2cc1-c1ccccc1,False,False,False,,0.1411764705882353,0.125,,,,,,,,,0.65611800929855,0.40352184429170646,0.25259616500684356,False,,,,,,,,,6.0,7.0,1.0,True,,,,
edit_latent_source_similarity_rerank,mpair_00001826_cond_00_2p,mpair_00001826,eval,2,"TPSA,HBD",CN(C)C(=O)CCSC(SCCC(=O)O)c1cccc(/C=C/c2ccc3ccc(Cl)cc3n2)c1,O=C(O)CCSC(SCCC(=O)O)c1cccc(/C=C/c2ccc3ccc(Cl)cc3n2)c1,CS(=O)(=O)Nc1ccc(Nc2c3ccccc3nc3cc(Cl)ccc23)cc1,C(=C/c1ccc2ccccc2n1)\c1ccccc1,c1ccc(Nc2c3ccccc3nc3ccccc23)cc1,False,True,False,,0.2073170731707317,0.21333333333333335,,,,,,,,,,,,,87.49,71.09,16.39999999999999,True,2.0,2.0,0.0,True,,,,,,,,
edit_latent_source_similarity_rerank,mpair_00002423_cond_02_2p,mpair_00002423,eval,2,"MW,LogP",O=C1C(Nc2ccc(Br)cc2)=C(Cl)C(=O)c2ncncc21,O=C1C(Nc2ccccc2)=C(Cl)C(=O)c2ncncc21,Cc1ccc(NC2=C(Cl)C(=O)c3ncncc3C2=O)cc1,O=C1C(Nc2ccccc2)=CC(=O)c2ncncc21,O=C1C(Nc2ccccc2)=CC(=O)c2ncncc21,True,True,True,,0.7619047619047619,0.7560975609756098,285.69,299.71700000000004,14.027000000000044,True,2.4181,2.7265200000000007,0.3084200000000008,True,,,,,,,,,,,,,,,,,,,,
edit_latent_source_similarity_rerank,mpair_00002473_cond_02_2p,mpair_00002473,eval,2,"LogP,RB",COc1cc(C(=O)N2CCN(C(=O)c3cc(OC)c(OC)c(OC)c3)C(COC(=O)CC(C)(C)C)C2)cc(OC)c1OC,CCN(CC)C(=O)OCC1CN(C(=O)c2cc(OC)c(OC)c(OC)c2)CCN1C(=O)c1cc(OC)c(OC)c(OC)c1,C=CCOC(=O)NC(CC(=O)O)C(=O)COc1cc2ccccc2cc1CO,O=C(c1ccccc1)N1CCN(C(=O)c2ccccc2)CC1,c1ccc2ccccc2c1,False,False,False,,0.13636363636363635,0.13636363636363635,,,,,3.1834000000000024,2.0354999999999994,1.147900000000003,False,,,,,,,,,,,,,,,,,12.0,10.0,2.0,False
edit_latent_source_similarity_rerank,mpair_00003391_cond_00_2p,mpair_00003391,eval,2,"LogP,RB",CC(C)COc1cccc(N(Cc2cccnc2)S(=O)(=O)CC(F)(F)F)c1,CCCC(C)Oc1cccc(N(Cc2cccnc2)S(=O)(=O)CC(F)(F)F)c1,Cc1c(F)c(Oc2cccc(CCC(=O)N(C)C)c2)nc(Oc2cccc(C(=N)N)c2)c1F,c1ccc(NCc2cccnc2)cc1,c1ccc(Oc2cccc(Oc3ccccc3)n2)cc1,False,True,False,,0.21176470588235294,0.20454545454545456,,,,,4.547700000000003,4.557690000000002,0.009989999999998389,True,,,,,,,,,,,,,,,,,9.0,8.0,1.0,True
edit_latent_source_similarity_rerank,mpair_00003589_cond_02_2p,mpair_00003589,eval,2,"QED,HBD",CC(C)c1ccc(Cn2ccc3c4c(N(C)C)nc(N(C)C)nc4ccc32)cc1,CCc1ccc(Cn2ccc3c4c(N)nc(N)nc4ccc32)cc1,CCCCCc1ccc(C(=O)Nc2ccc3nc(N)n(C(C)C)c3c2)cc1,c1ccc(Cn2ccc3c4cncnc4ccc32)cc1,O=C(Nc1ccc2nc[nH]c2c1)c1ccccc1,False,True,False,,0.1875,0.2191780821917808,,,,,,,,,0.6067349667256066,0.5670476554117146,0.039687311313891915,True,,,,,2.0,2.0,0.0,True,,,,,,,,
edit_latent_source_similarity_rerank,mpair_00003930_cond_01_2p,mpair_00003930,eval,2,"HBD,HBA",OC(c1ccc(F)cc1)(c1ccc(F)cc1)C1CCN(CCCNc2ccccc2)CC1,Cc1ccc(O)c(NCCCN2CCC(C(O)(c3ccc(F)cc3)c3ccc(F)cc3)CC2)c1,O=C(Nc1cccc(CN2CCC(Cc3ccccc3)CC2)c1)Nc1ccc2[nH]ncc2c1,c1ccc(NCCCN2CCC(C(c3ccccc3)c3ccccc3)CC2)cc1,O=C(Nc1cccc(CN2CCC(Cc3ccccc3)CC2)c1)Nc1ccc2[nH]ncc2c1,False,True,False,,0.22784810126582278,0.15384615384615385,,,,,,,,,,,,,,,,,3.0,3.0,0.0,True,4.0,3.0,1.0,True,,,,
edit_latent_source_similarity_rerank,mpair_00004144_cond_00_2p,mpair_00004144,eval,2,"LogP,HBD",C=C1C[C@@]23O[C@]2(c2ccccc21)C1CC(OC(=O)[C@H](O)[C@@H](NC(=O)OCC)c2ccc(Cl)cc2)C3(C)C1(C)C,C=C1C[C@@]23O[C@]2(c2ccccc21)C1CC(OC(=O)[C@H](O)[C@@H](NC(=O)NC(C)C)c2ccccc2)C3(C)C1(C)C,CC(=O)c1cccc(NC(=O)NCCCN2CC[C@H](Cc3ccccc3)C[C@@H]2C(C)(C)O)c1,C=C1C[C@@]23O[C@]2(c2ccccc21)C1CC(OC(=O)CCc2ccccc2)C3C1,O=C(NCCCN1CCC(Cc2ccccc2)CC1)Nc1ccccc1,False,True,False,,0.12931034482758622,0.13513513513513514,,,,,4.855400000000004,4.495000000000005,0.3603999999999985,True,,,,,,,,,3.0,3.0,0.0,True,,,,,,,,
edit_latent_source_similarity_rerank,mpair_00004731_cond_02_2p,mpair_00004731,eval,2,"HBD,RB",CS(=O)(=O)Nc1ccc(S(=O)(=O)c2ccc(CN)s2)cc1,CCOc1cc(S(C)(=O)=O)cc(S(=O)(=O)c2ccc(CN)s2)c1,CCOC(=O)c1sc2ccccc2c1/N=N/Nc1ccc(OC)cc1,O=S(=O)(c1ccccc1)c1cccs1,c1ccc(N/N=N/c2csc3ccccc23)cc1,False,True,False,,0.15714285714285714,0.16216216216216217,,,,,,,,,,,,,,,,,1.0,1.0,0.0,True,,,,,6.0,6.0,0.0,True
edit_latent_source_similarity_rerank,mpair_00004777_cond_02_2p,mpair_00004777,eval,2,"MW,LogP",CC(C)OC(Cc1ccc(OCCc2noc(-c3cc(C(F)(F)F)cc(C(F)(F)F)c3)n2)cc1)C(=O)O,CC(C)OC(Cc1ccc(OCCc2noc(-c3ccccc3)n2)cc1)C(=O)O,COc1ccccc1-c1ccc(C[C@H](NC(=O)Cc2cccc(Cl)c2)C(=O)O)cc1,c1ccc(OCCc2noc(-c3ccccc3)n2)cc1,O=C(Cc1ccccc1)NCCc1ccc(-c2ccccc2)cc1,False,True,False,,0.21348314606741572,0.2625,396.44300000000004,423.8960000000001,27.45300000000003,True,3.778800000000002,4.370200000000002,0.5914000000000001,True,,,,,,,,,,,,,,,,,,,,
edit_latent_source_similarity_rerank,mpair_00004817_cond_02_2p,mpair_00004817,eval,2,"LogP,RB",Cn1c(NC(=O)c2ccccc2)nc2ccccc2c1=O,CC(C)n1c(NC(=O)c2ccccc2)nc2ccccc2c1=O,O=C(Nc1nc2ccccc2n2c(=O)n(-c3ccccc3)nc12)c1ccccc1,O=C(Nc1nc2ccccc2c(=O)[nH]1)c1ccccc1,O=C(Nc1nc2ccccc2n2c(=O)n(-c3ccccc3)nc12)c1ccccc1,False,True,False,,0.39285714285714285,0.3793103448275862,,,,,3.229700000000001,3.285700000000002,0.05600000000000094,True,,,,,,,,,,,,,,,,,3.0,3.0,0.0,True
edit_latent_source_similarity_rerank,mpair_00004932_cond_01_2p,mpair_00004932,eval,2,"HBA,RB",Cc1cc(C)c(NC(=O)Nc2nc3ccccc3n2-c2c(Cl)cccc2Cl)c(C)c1,COc1ccccc1-n1c(NC(=O)Nc2c(C(C)C)cccc2C(C)C)nc2ccccc21,COc1cccc2c(NCc3ccc(C(=O)Nc4ccccc4)cc3)c3ccccc3nc12,O=C(Nc1ccccc1)Nc1nc2ccccc2n1-c1ccccc1,O=C(Nc1ccccc1)c1ccc(CNc2c3ccccc3nc3ccccc23)cc1,False,True,False,,0.21794871794871795,0.3026315789473684,,,,,,,,,,,,,,,,,,,,,4.0,4.0,0.0,True,6.0,6.0,0.0,True
edit_latent_source_similarity_rerank,mpair_00005350_cond_02_2p,mpair_00005350,eval,2,"MW,QED",O=C(Cc1nc2ccccc2c(=O)n1-c1ccccc1Br)c1ccncc1,Cc1ccccc1-n1c(CC(=O)c2ccncc2)nc2ccccc2c1=O,O=C(O)Cn1c(=O)c(/C=C/c2ccc(O)c(O)c2)nc2ccccc21,O=C(Cc1nc2ccccc2c(=O)n1-c1ccccc1)c1ccncc1,O=c1[nH]c2ccccc2nc1/C=C/c1ccccc1,False,False,False,,0.25,0.25,355.3970000000001,338.3190000000001,17.07800000000003,True,,,,,0.5255607361183403,0.6277566277175032,0.10219589159916287,False,,,,,,,,,,,,,,,,
edit_latent_source_similarity_rerank,mpair_00006468_cond_01_2p,mpair_00006468,eval,2,"TPSA,RB",O=[N+]([O-])c1ccc(-[n+]2noc([O-])n2)cc1,Cc1ccc(-[n+]2noc([O-])n2)cc1,O=c1c(O)c(O)oc2ccc(Cl)cc12,c1ccc(-[n+]2ncon2)cc1,O=c1ccoc2ccccc12,False,True,False,,0.11764705882352941,0.10416666666666667,,,,,,,,,,,,,65.86,70.67,4.810000000000002,True,,,,,,,,,1.0,0.0,1.0,True
edit_latent_source_similarity_rerank,mpair_00006875_cond_01_2p,mpair_00006875,eval,2,"LogP,RB",CC(C(=O)N[C@H]1N=C(c2ccccc2)c2ccccc2N(C)C1=O)C(CO)c1ccc(F)c(F)c1,C[C@@H](C(=O)N[C@H]1N=C(c2ccccc2)c2ccccc2N(C)C1=O)[C@H](O)c1ccc(Cl)c(Cl)c1,CN1CC[C@]2(C)c3cc(OC(=O)Nc4ccccc4)ccc3N(Cc3ccccc3)C12,O=C(CCc1ccccc1)N[C@H]1N=C(c2ccccc2)c2ccccc2NC1=O,O=C(Nc1ccccc1)Oc1ccc2c(c1)C1CCNC1N2Cc1ccccc1,False,True,False,,0.18556701030927836,0.19148936170212766,,,,,4.619200000000005,5.2370000000000045,0.6177999999999999,True,,,,,,,,,,,,,,,,,5.0,4.0,1.0,True
edit_latent_source_similarity_rerank,mpair_00007233_cond_01_2p,mpair_00007233,eval,2,"QED,HBA",CSc1cc(-c2ccccc2)c(-c2ccc(S(C)(=O)=O)cc2)c(=O)o1,CCc1cc(-c2ccccc2)c(-c2ccc(S(C)(=O)=O)cc2)c(=O)o1,CCOc1cc(-c2ccccc2)c(-c2ccc(S(C)(=O)=O)cc2)c(=O)o1,O=c1occc(-c2ccccc2)c1-c1ccccc1,O=c1occc(-c2ccccc2)c1-c1ccccc1,True,True,True,,0.62,0.6875,,,,,,,,,0.7117564278043503,0.68333336626592,0.028423061538430328,True,,,,,,,,,4.0,5.0,1.0,True,,,,
edit_latent_source_similarity_rerank,mpair_00007263_cond_02_2p,mpair_00007263,eval,2,"MW,RB",COc1cc(-c2ccccc2)c(-c2ccc(S(C)(=O)=O)cc2)c(=O)o1,CC(C)Sc1cc(-c2ccccc2)c(-c2ccc(S(C)(=O)=O)cc2)c(=O)o1,COc1cc(NS(C)(=O)=O)ccc1Nc1c2ccccc2nc2ccc(N)cc12,O=c1occc(-c2ccccc2)c1-c1ccccc1,c1ccc(Nc2c3ccccc3nc3ccccc23)cc1,False,True,False,,0.20270270270270271,0.16455696202531644,400.5210000000002,408.4830000000002,7.961999999999989,True,,,,,,,,,,,,,,,,,,,,,5.0,5.0,0.0,True
edit_latent_source_similarity_rerank,mpair_00007414_cond_02_2p,mpair_00007414,eval,2,"HBA,RB",c1ccc(CNCCOc2ccccc2)cc1,COc1ccc(OCCNCc2ccccc2)cc1,CCCCNC(=O)Oc1ccc(OCc2ccccc2)cc1,c1ccc(CNCCOc2ccccc2)cc1,c1ccc(COc2ccccc2)cc1,False,True,False,,0.3191489361702128,0.34,,,,,,,,,,,,,,,,,,,,,3.0,3.0,0.0,True,7.0,7.0,0.0,True
edit_latent_source_similarity_rerank,mpair_00007804_cond_01_2p,mpair_00007804,eval,2,"HBA,RB",CO[C@H]1O[C@H](CO)[C@H](O)[C@H](OCc2cc3ccccc3o/c2=N\S(=O)(=O)c2ccccc2)[C@H]1OC(C)=O,CO[C@H]1O[C@H](CO)[C@H](O)[C@H](OCc2cc3ccccc3o/c2=N\S(=O)(=O)c2ccccc2)[C@H]1O,COc1cc([C@@H]2c3cc4c(cc3[C@@H](NCc3ccccc3F)[C@H]3COC(=O)[C@H]23)OCO4)cc(OC)c1O,O=S(=O)(/N=c1\oc2ccccc2cc1COC1CCOCC1)c1ccccc1,O=C1OC[C@H]2[C@H]1[C@H](c1ccccc1)c1cc3c(cc1[C@H]2NCc1ccccc1)OCO3,False,True,False,,0.14545454545454545,0.1650485436893204,,,,,,,,,,,,,,,,,,,,,9.0,8.0,1.0,True,7.0,6.0,1.0,True
edit_latent_source_similarity_rerank,mpair_00007852_cond_02_2p,mpair_00007852,eval,2,"HBD,RB",CCO/C(O)=C1\C(C)=NC(C)=C(C(=O)OC)C1c1cccc(NC(=O)NCCCN2CCN(c3ccc(OC)cc3)CC2)c1,CCO/C(O)=C1\C(C)=NC(C)=C(C(=O)OC)C1c1cccc(NC(=O)NCCCN2CCN(c3cccc(O)c3)CC2)c1,Cc1cc(C)c(S(=O)(=O)N[C@@H](Cc2ccc(-c3cccc(NC(=O)NCC(C)C)c3)cc2)C(=O)O)c(C)c1,C=C1C=NC=CC1c1cccc(NC(=O)NCCCN2CCN(c3ccccc3)CC2)c1,O=S(=O)(NCCc1ccc(-c2ccccc2)cc1)c1ccccc1,False,True,False,,0.22641509433962265,0.22641509433962265,,,,,,,,,,,,,,,,,4.0,4.0,0.0,True,,,,,10.0,10.0,0.0,True
edit_latent_source_similarity_rerank,mpair_00008342_cond_01_2p,mpair_00008342,eval,2,"HBA,RB",Cc1cnc2cc(C(F)(F)F)ccc2c1N1CC[C@H](C(=O)N2CCn3c(nnc3C(F)(F)F)C2)[C@H](C)C1,C[C@@H]1CN(c2ccnc3cc(OC(F)(F)F)ccc23)CC[C@@H]1C(=O)N1CCn2c(nnc2C(F)(F)F)C1,Cc1nnc2n1-c1sc(C#CCOc3ccccc3)cc1C(c1ccccc1Cl)=NC2,O=C(C1CCN(c2ccnc3ccccc23)CC1)N1CCn2cnnc2C1,C(#Cc1cc2c(s1)-n1cnnc1CN=C2c1ccccc1)COc1ccccc1,False,True,False,,0.14150943396226415,0.13761467889908258,,,,,,,,,,,,,,,,,,,,,7.0,6.0,1.0,True,3.0,3.0,0.0,True
edit_latent_source_similarity_rerank,mpair_00008369_cond_01_2p,mpair_00008369,eval,2,"HBA,RB",COc1ccnc(C[S+]([O-])c2nc3cc4c(cc3[nH]2)OC(F)(F)O4)c1C,COc1ccnc(C[S+]([O-])c2nc3cc4c(cc3[nH]2)OC(F)(F)O4)c1OC,CCOC(=O)C(=O)Nc1nc(-c2cc(OC)ccc2OC)cs1,c1ccc(C[SH+]c2nc3cc4c(cc3[nH]2)OCO4)nc1,c1ccc(-c2cscn2)cc1,False,True,False,,0.17647058823529413,0.16279069767441862,,,,,,,,,,,,,,,,,,,,,7.0,7.0,0.0,True,5.0,5.0,0.0,True
edit_latent_source_similarity_rerank,mpair_00008497_cond_01_2p,mpair_00008497,eval,2,"LogP,RB",COC(=O)C[C@H](O)C[C@H](O)CCn1c(C(C)C)cc(-c2ccc(F)cc2)c1-c1ccc(F)cc1,COC(=O)C[C@H](O)C[C@H](O)/C=C/n1c(C(C)C)cc(-c2cccc(Br)c2)c1-c1ccc(F)cc1,COc1cc(C(C)=O)ccc1OCCN1CCC(C(c2ccc(F)cc2)c2ccc(F)cc2)CC1,c1ccc(-c2cc[nH]c2-c2ccccc2)cc1,c1ccc(OCCN2CCC(C(c3ccccc3)c3ccccc3)CC2)cc1,False,True,False,,0.24691358024691357,0.20430107526881722,,,,,5.992800000000005,6.098900000000007,0.10610000000000142,True,,,,,,,,,,,,,,,,,9.0,9.0,0.0,True
edit_latent_source_similarity_rerank,mpair_00008557_cond_02_2p,mpair_00008557,eval,2,"TPSA,HBA",O=c1[nH]c(=O)n(COCCO)cc1Cc1cccc(Oc2ccc(F)cc2)c1,O=c1[nH]c(=O)n(COC(CO)CO)cc1Cc1cccc(Oc2cccc(Cl)c2)c1,Cc1c(Sc2cccc(C(=O)O)c2)n(COCCO)c(=O)[nH]c1=O,O=c1[nH]cc(Cc2cccc(Oc3ccccc3)c2)c(=O)[nH]1,O=c1cc(Sc2ccccc2)[nH]c(=O)[nH]1,False,True,False,,0.3466666666666667,0.24691358024691357,,,,,,,,,,,,,113.78000000000002,121.61999999999998,7.839999999999961,True,,,,,7.0,7.0,0.0,True,,,,
edit_latent_source_similarity_rerank,mpair_00008622_cond_01_2p,mpair_00008622,eval,2,"MW,QED",O=C1CCC(c2ccccc2)(C2CCN(Cc3cccc(I)c3)CC2)C(=O)N1,O=C1CCC(c2ccccc2)(C2CCN(Cc3cccc(F)c3)CC2)C(=O)N1,O=C(Cc1ccc(Cl)c(Cl)c1)NC1CCN(Cc2ccccc2)CC1,O=C1CCC(c2ccccc2)(C2CCN(Cc3ccccc3)CC2)C(=O)N1,O=C(Cc1ccccc1)NC1CCN(Cc2ccccc2)CC1,False,True,False,,0.30434782608695654,0.30434782608695654,380.4630000000001,377.31500000000017,3.147999999999911,True,,,,,0.8272851211582444,0.8420010583648152,0.014715937206570828,True,,,,,,,,,,,,,,,,
edit_latent_source_similarity_rerank,mpair_00008864_cond_02_2p,mpair_00008864,eval,2,"QED,RB",C[C@]12CC[C@@H]3c4ccc(O)cc4CC[C@H]3[C@@H]1CC[C@@H]2O,COc1ccc2c(c1)CC[C@@H]1[C@@H]2CC[C@]2(C)[C@@H](O)CC[C@@H]12,COc1ccc2c(cc1=O)CC[C@@H]1[C@@H]2CC[C@]2(C)[C@@H](O)CC[C@@H]12,c1ccc2c(c1)CC[C@@H]1[C@@H]2CCC2CCC[C@H]21,O=c1cccc2c(c1)CC[C@@H]1[C@@H]2CCC2CCC[C@H]21,False,True,False,,0.6862745098039216,0.7307692307692307,,,,,,,,,0.847817286403045,0.8651545061318847,0.017337219728839726,True,,,,,,,,,,,,,1.0,1.0,0.0,True
edit_latent_source_similarity_rerank,mpair_00009986_cond_00_2p,mpair_00009986,eval,2,"MW,LogP",Cc1cc(-n2ncc(=O)[nH]c2=O)ccc1S(=O)(=O)N1CCOCC1,O=c1cnn(-c2cc(Cl)c(S(=O)(=O)N3CCOCC3)c(Cl)c2)c(=O)[nH]1,COC(=O)CCc1cn(C2CC(N=[N+]=[N-])C(CO)O2)c(=O)[nH]c1=O,O=c1cnn(-c2ccc(S(=O)(=O)N3CCOCC3)cc2)c(=O)[nH]1,O=c1ccn(C2CCCO2)c(=O)[nH]1,False,False,False,,0.12222222222222222,0.11363636363636363,407.2350000000002,339.3080000000001,67.92700000000008,False,0.24849999999999955,-0.39909999999999973,0.6475999999999993,True,,,,,,,,,,,,,,,,,,,,
edit_latent_source_similarity_rerank,mpair_00010788_cond_00_2p,mpair_00010788,eval,2,"HBA,RB",O=C(O)c1cn(C2CC2)c2c(F)c(N3C[C@@H]4CCCN[C@@H]4C3)c(F)cc2c1=O,COc1c(N2C[C@@H]3CCCN[C@@H]3C2)c(F)cc2c(=O)c(C(=O)O)cn(C3CC3)c12,COc1c(N2CCC[C@H](N)C2)c(F)cc2c(=O)c(C(=O)O)cn(C3CC3)c12,O=c1ccn(C2CC2)c2cc(N3C[C@@H]4CCCN[C@@H]4C3)ccc12,O=c1ccn(C2CC2)c2cc(N3CCCCC3)ccc12,False,True,False,,0.5205479452054794,0.6571428571428571,,,,,,,,,,,,,,,,,,,,,6.0,6.0,0.0,True,4.0,4.0,0.0,True
edit_latent_source_similarity_rerank,mpair_00010827_cond_00_2p,mpair_00010827,eval,2,"LogP,HBA",CCCN(CCC)c1c(O)nc(-c2c(C)cc(C)cc2OC)nc1CC,CCCN(CCC)c1c(C)nc(-c2c(OC)cccc2OC)nc1O,CCN(CC)CCn1nc2c3c(c(N)ccc31)Sc1c(OC)cccc1-2,c1ccc(-c2ncccn2)cc1,c1ccc2c(c1)Sc1cccc3[nH]nc-2c13,False,True,False,,0.16049382716049382,0.2361111111111111,,,,,3.801220000000003,4.100500000000003,0.29928,True,,,,,,,,,,,,,6.0,6.0,0.0,True,,,,
edit_latent_source_similarity_rerank,mpair_00011637_cond_02_2p,mpair_00011637,eval,2,"TPSA,HBA",N#Cc1cccc(OC[C@@H]2CCCN2)c1,Fc1cc(F)cc(OC[C@@H]2CCCN2)c1,CC(C)N1CCC[C@@H](c2cccc(C#N)c2)C1,c1ccc(OC[C@@H]2CCCN2)cc1,c1ccc([C@@H]2CCCNC2)cc1,False,True,False,,0.35185185185185186,0.1724137931034483,,,,,,,,,,,,,21.259999999999998,27.03,5.770000000000003,True,,,,,2.0,2.0,0.0,True,,,,
edit_latent_source_similarity_rerank,mpair_00011970_cond_00_2p,mpair_00011970,eval,2,"HBA,RB",CC1(C)C2CC[C@@]1(CS(=O)(=O)N1CCC3(C=Cc4ccc(F)cc43)CC1)C(=O)C2,COc1ccc2c(c1)C=CC21CCN(S(=O)(=O)C[C@]23CCC(CC2=O)C3(C)C)CC1,O=C(O)c1cn(-c2ccc(F)cc2)c2cc(N3CCC[C@@H]3CO)c(F)cc2c1=O,O=C1CC2CC[C@]1(CS(=O)(=O)N1CCC3(C=Cc4ccccc43)CC1)C2,O=c1ccn(-c2ccccc2)c2cc(N3CCCC3)ccc12,False,True,False,,0.17204301075268819,0.12121212121212122,,,,,,,,,,,,,,,,,,,,,4.0,5.0,1.0,True,4.0,4.0,0.0,True
edit_latent_source_similarity_rerank,mpair_00011999_cond_00_2p,mpair_00011999,eval,2,"QED,HBA",CSC(=O)Nc1cnc(-c2ccccc2)n(CC(=O)NC(C(=O)C(F)(F)F)C(C)C)c1=O,CC(C)C(NC(=O)Cn1c(-c2ccccc2)ncc(NC(=O)C(F)(F)F)c1=O)C(=O)C(F)(F)F,COc1cccc(-c2c(C)n(Cc3c(F)cccc3F)c(=O)n([C@@H](C)CNCC3CC3)c2=O)c1,O=c1ccnc(-c2ccccc2)[nH]1,O=c1c(-c2ccccc2)cn(Cc2ccccc2)c(=O)n1CCNCC1CC1,False,True,False,,0.20618556701030927,0.22826086956521738,,,,,,,,,0.5780139226597643,0.5166876445815768,0.06132627807818747,True,,,,,,,,,6.0,6.0,0.0,True,,,,
edit_latent_source_similarity_rerank,mpair_00012879_cond_00_2p,mpair_00012879,eval,2,"TPSA,HBA",CC(C)(c1cc(O)ccc1F)C(C)(C)c1cc(O)ccc1F,COc1ccc(O)cc1C(C)(C)C(C)(C)c1cc(O)ccc1OC,COc1ccc(O)cc1CCN,c1ccc(CCc2ccccc2)cc1,c1ccccc1,False,True,False,,0.2894736842105263,0.45714285714285713,,,,,,,,,,,,,58.92,55.480000000000004,3.4399999999999977,True,,,,,4.0,3.0,1.0,True,,,,
edit_latent_source_similarity_rerank,mpair_00013177_cond_02_2p,mpair_00013177,eval,2,"TPSA,RB",NC(=O)N/N=C/c1c(N)nc(N)nc1OCC1CCCCC1,Nc1nc(N)c(N)c(OCC2CCCCC2)n1,CN(N)c1nc(N)nc2ccc(S(=O)(=O)c3ccc4ccccc4c3)cc12,c1cc(OCC2CCCCC2)ncn1,O=S(=O)(c1ccc2ccccc2c1)c1ccc2ncncc2c1,False,True,False,,0.11688311688311688,0.109375,,,,,,,,,,,,,113.07,115.19999999999999,2.1299999999999955,True,,,,,,,,,3.0,3.0,0.0,True
edit_latent_source_similarity_rerank,mpair_00013243_cond_00_2p,mpair_00013243,eval,2,"MW,HBA",COc1ccc2c3c1OC1C(=O)[C@@H](C)CC4(O)C(C2)N(CC2CCC2)CCC314,O=C1CCC2C3Cc4ccc(O)c5c4C2(CCN3CC2CCC2)C1O5,COc1ccc2c3c1OC1C(=O)[C@@H]4C[C@@H]4C4C(C2)N(C)CCC314,O=C1CCC2C3Cc4cccc5c4C2(CCN3CC2CCC2)C1O5,O=C1C2Oc3cccc4c3C23CCNC(C4)C3[C@H]2C[C@@H]12,False,True,False,,0.38271604938271603,0.34177215189873417,339.4350000000001,311.3810000000001,28.05400000000003,True,,,,,,,,,,,,,,,,,4.0,4.0,0.0,True,,,,
edit_latent_source_similarity_rerank,mpair_00013573_cond_01_2p,mpair_00013573,eval,2,"HBA,RB",O=C1CCC(CNC(=O)c2ccccc2)(c2ccccc2)CC1,COc1cccc(C(=O)NCC2(c3ccccc3)CCC(=O)CC2)c1,O=C(NO)c1ccc(CNC(=O)c2ccc(-c3ccccc3)cc2)cc1,O=C1CCC(CNC(=O)c2ccccc2)(c2ccccc2)CC1,O=C(NCc1ccccc1)c1ccc(-c2ccccc2)cc1,False,True,False,,0.32653061224489793,0.2459016393442623,,,,,,,,,,,,,,,,,,,,,3.0,3.0,0.0,True,5.0,5.0,0.0,True
edit_latent_source_similarity_rerank,mpair_00013606_cond_01_2p,mpair_00013606,eval,2,"QED,HBD",Cc1ncccc1-c1ncc(Cl)cc1-c1ccc(S(C)(=O)=O)cc1,CS(=O)(=O)c1ccc(-c2cc(Cl)cnc2-c2ccc(CO)nc2)cc1,Oc1cc(-c2ccc(Cl)cc2)nc2ncccc12,c1ccc(-c2cccnc2-c2cccnc2)cc1,c1ccc(-c2ccc3cccnc3n2)cc1,False,True,False,,0.25862068965517243,0.1935483870967742,,,,,,,,,0.7569286028251322,0.722769781789418,0.034158821035714215,True,,,,,1.0,1.0,0.0,True,,,,,,,,
edit_latent_source_similarity_rerank,mpair_00013958_cond_00_2p,mpair_00013958,eval,2,"HBA,RB",Cn1c2ccccc2n2c(=O)c(-c3ccccc3)nnc12,COc1ccc(-c2nnc3n(C)c4ccccc4n3c2=O)cc1,CCc1nc2ccccc2c(=O)n1-c1nn[nH]n1,O=c1c(-c2ccccc2)nnc2[nH]c3ccccc3n12,O=c1c2ccccc2ncn1-c1nn[nH]n1,False,True,False,,0.22413793103448276,0.18461538461538463,,,,,,,,,,,,,,,,,,,,,6.0,6.0,0.0,True,2.0,2.0,0.0,True
edit_latent_source_similarity_rerank,mpair_00014112_cond_02_2p,mpair_00014112,eval,2,"QED,RB",CCCCNc1nc(C)nc(Sc2nnc3c4ccccc4n(C)c3n2)n1,Cc1nc(NC(C)(C)C)nc(Sc2nnc3c4ccccc4n(C)c3n2)n1,Cc1nc(Sc2nnc3c4ccccc4n(C)c3n2)nc(N2CCCCC2)n1,c1ccc2c(c1)[nH]c1nc(Sc3ncncn3)nnc12,c1ccc2c(c1)[nH]c1nc(Sc3ncnc(N4CCCCC4)n3)nnc12,False,True,False,,0.5714285714285714,0.6101694915254238,,,,,,,,,0.5780050241000559,0.5255532624230409,0.05245176167701504,True,,,,,,,,,,,,,3.0,3.0,0.0,True
edit_latent_source_similarity_rerank,mpair_00014576_cond_01_2p,mpair_00014576,eval,2,"TPSA,HBA",O=C(NO)C1(NS(=O)(=O)c2ccc(Oc3ccc(F)cc3)cc2)CCOCC1,N#Cc1ccc(Oc2ccc(S(=O)(=O)NC3(C(=O)NO)CCOCC3)cc2)cc1,O=C(NO)C1(NS(=O)(=O)c2ccc(Oc3cccnc3)cc2)CCOCC1,O=S(=O)(NC1CCOCC1)c1ccc(Oc2ccccc2)cc1,O=S(=O)(NC1CCOCC1)c1ccc(Oc2cccnc2)cc1,False,True,False,,0.7037037037037037,0.6666666666666666,,,,,,,,,,,,,137.74999999999997,126.85000000000001,10.899999999999963,True,,,,,7.0,7.0,0.0,True,,,,
edit_latent_source_similarity_rerank,mpair_00014920_cond_02_2p,mpair_00014920,eval,2,"MW,LogP",C=C(C(=O)c1ccccc1)n1ccccc1=O,CC/C=C(\C(=O)c1ccc(Cl)cc1)n1ccccc1=O,COc1cccc(C(=O)c2sc3nc(-c4cccs4)ccc3c2N)c1,C=C(C(=O)c1ccccc1)n1ccccc1=O,O=C(c1ccccc1)c1cc2ccc(-c3cccs3)nc2s1,False,False,False,,0.13043478260869565,0.11392405063291139,287.74600000000004,366.4670000000001,78.72100000000006,False,3.635500000000003,4.846600000000003,1.2111,False,,,,,,,,,,,,,,,,,,,,
edit_latent_source_similarity_rerank,mpair_00015987_cond_01_2p,mpair_00015987,eval,2,"MW,LogP",C[C@@H](NS(=O)(=O)c1ccccc1)C(=O)NC1=NN=C(c2ccc(Br)cc2)CS1,C[C@H](NS(=O)(=O)c1ccccc1)C(=O)NC1=NN=C(c2ccc(F)cc2)CS1,CC(C)C[C@H](NC(=O)OCc1ccccc1)C(=O)N[C@@H](CC(C)C)C(=O)N[C@@H](C)C=O,O=C(CNS(=O)(=O)c1ccccc1)NC1=NN=C(c2ccccc2)CS1,c1ccccc1,False,True,False,,0.1794871794871795,0.1794871794871795,420.49100000000016,433.54900000000015,13.057999999999993,True,2.1157999999999997,2.5620000000000003,0.4462000000000006,True,,,,,,,,,,,,,,,,,,,,
edit_latent_source_similarity_rerank,mpair_00016522_cond_01_2p,mpair_00016522,eval,2,"LogP,RB",CCN(CC)CCCNc1nccc2c1c1cnccc1n2C,CCN(CC)CCCCNc1ncc(C)c2c1c1cnccc1n2C,Cc1c2ccnc(C(=O)NCCN(C)C)c2cc2c3cc(OC(=O)CC(C)(C)CC(=O)O)ccc3n(C)c12,c1cc2[nH]c3ccncc3c2cn1,c1ccc2c(c1)[nH]c1cc3ccncc3cc12,False,True,False,,0.21978021978021978,0.23404255319148937,,,,,3.963820000000003,4.275920000000003,0.31210000000000004,True,,,,,,,,,,,,,,,,,8.0,9.0,1.0,True
edit_latent_source_similarity_rerank,mpair_00016970_cond_02_2p,mpair_00016970,eval,2,"TPSA,HBA",CCCc1c(OCCCOc2cc3c(cc2C(C)=O)CCC(C(=O)O)O3)ccc(C(C)=O)c1O,CCCc1c(OCCCOc2cc(O)c(C(C)=O)cc2CC)ccc2c1OC(C(=O)O)CC2,CCCOc1ccc(NC(=O)C(=O)N2CCN(C)CC2)cc1-c1nc(CC)c(CC)c(=O)[nH]1,c1ccc(OCCCOc2ccc3c(c2)OCCC3)cc1,O=C(Nc1cccc(-c2nccc(=O)[nH]2)c1)C(=O)N1CCNCC1,False,True,False,,0.24468085106382978,0.2268041237113402,,,,,,,,,,,,,102.29,107.63,5.339999999999989,True,,,,,6.0,6.0,0.0,True,,,,
edit_latent_source_similarity_rerank,mpair_00017118_cond_01_2p,mpair_00017118,eval,2,"HBD,HBA",COc1ccccc1N1CCN(c2cc3c(cc2N)c(=O)c(C(=O)O)cn3C(C)(C)C)CC1,COc1ccccc1N1CCN(c2c(F)cc3c(=O)c(C(=O)O)cn(CCN(C)C)c3c2OC(F)F)CC1,COc1cc(F)ccc1N1CCN(CCCNc2c(C(=O)N(C)C)cnc3c(C#N)cccc23)CC1,O=c1cc[nH]c2cc(N3CCN(c4ccccc4)CC3)ccc12,c1ccc(N2CCN(CCCNc3ccnc4ccccc34)CC2)cc1,False,True,False,,0.25252525252525254,0.28703703703703703,,,,,,,,,,,,,,,,,1.0,1.0,0.0,True,8.0,7.0,1.0,True,,,,
edit_latent_source_similarity_rerank,mpair_00017134_cond_02_2p,mpair_00017134,eval,2,"HBA,RB",COc1ccc(N2CCN(c3cc4c(cc3N)c(=O)c(C(=O)O)cn4C(C)(C)C)CC2)cc1,CC(C)(C)n1cc(C(=O)O)c(=O)c2cc(N)c(N3CCN(c4ccc(F)cc4)CC3)cc21,CC(C)(C)n1cc(C(=O)O)c(=O)c2cc(F)c(N3CCNC(CF)C3)cc21,O=c1cc[nH]c2cc(N3CCN(c4ccccc4)CC3)ccc12,O=c1cc[nH]c2cc(N3CCNCC3)ccc12,False,True,False,,0.4657534246575342,0.5217391304347826,,,,,,,,,,,,,,,,,,,,,6.0,5.0,1.0,True,3.0,3.0,0.0,True
edit_latent_source_similarity_rerank,mpair_00017188_cond_00_2p,mpair_00017188,eval,2,"HBA,RB",COc1ccc(C2(CCc3ccc(O)cc3)CC(=O)C(Sc3cc(C)c(CO)cc3C(C)(C)C)=C(O)O2)cc1,Cc1cc(SC2=C(O)OC(CCc3cccc(O)c3)(c3ccccc3)CC2=O)c(C(C)(C)C)cc1CO,COc1ccc2c(O)c(-c3ccccc3)c(=O)n(Cc3ccc(-c4ccccc4C(=O)O)cc3)c2c1,O=C1CC(CCc2ccccc2)(c2ccccc2)OC=C1Sc1ccccc1,O=c1c(-c2ccccc2)cc2ccccc2n1Cc1ccc(-c2ccccc2)cc1,False,True,False,,0.20202020202020202,0.15841584158415842,,,,,,,,,,,,,,,,,,,,,6.0,5.0,1.0,True,7.0,6.0,1.0,True
edit_latent_source_similarity_rerank,mpair_00000006_cond_01_3p,mpair_00000006,eval,3,"MW,LogP,QED",O=C(c1ccccc1F)N1C[C@H](CN2CCC(c3ccccc3)CC2)[C@@H](c2ccccc2)C1,O=C(c1ccccc1C(F)(F)F)N1C[C@H](CN2CCC(c3ccccc3)CC2)[C@@H](c2ccccc2)C1,O=C(O)Cc1ccc2c(c1)/C(=C/CN1CCC(Cc3ccccc3)CC1)c1ccccc1CO2,O=C(c1ccccc1)N1C[C@H](CN2CCC(c3ccccc3)CC2)[C@@H](c2ccccc2)C1,C(\CN1CCC(Cc2ccccc2)CC1)=C1\c2ccccc2COc2ccccc21,False,False,False,,0.20238095238095238,0.19540229885057472,492.5850000000002,453.58200000000016,39.00300000000004,False,6.4408000000000065,5.5925000000000065,0.8483,True,0.4092272471712491,0.5284197389146442,0.11919249174339513,False,,,,,,,,,,,,,,,,
edit_latent_source_similarity_rerank,mpair_00000773_cond_01_3p,mpair_00000773,eval,3,"MW,LogP,RB",C=CCc1cc(/C=C2\SC(=O)N(CC=C(C)C)C2=O)c(OC)cc1OC1CCCCO1,C=CCc1cc(/C=C2\SC(=O)N(C)C2=O)c(OC)cc1OC1CCCCO1,C=CCc1cc(/C=C2\SC(=O)N(CC=C(C)C)C2=O)c(OC)cc1O,O=C1NC(=O)/C(=C/c2ccc(OC3CCCCO3)cc2)S1,O=C1NC(=O)/C(=C/c2ccccc2)S1,False,True,False,,0.6764705882352942,0.4861111111111111,389.4730000000002,359.44700000000006,30.026000000000124,True,3.9952000000000023,4.131800000000005,0.13660000000000228,True,,,,,,,,,,,,,,,,,6.0,6.0,0.0,True
edit_latent_source_similarity_rerank,mpair_00001243_cond_01_3p,mpair_00001243,eval,3,"LogP,HBA,RB",CNc1nc(N)nc(O)c1C=O,CC(C)Nc1nc(N)nc(O)c1N=O,COC(=N)NS(=O)(=O)c1ccc([N+](=O)[O-])cc1,c1cncnc1,c1ccccc1,False,True,False,,0.11538461538461539,0.08928571428571429,,,,,0.9825999999999997,0.45426999999999984,0.5283299999999999,True,,,,,,,,,,,,,7.0,6.0,1.0,True,3.0,3.0,0.0,True
edit_latent_source_similarity_rerank,mpair_00002396_cond_01_3p,mpair_00002396,eval,3,"LogP,QED,HBA",CN(C)CCCOc1cc(C(=O)Nc2cc(F)cc(C(F)(F)F)c2)n(Cc2ccccc2)n1,COc1ccc(NC(=O)c2cc(OCCCN(C)C)nn2Cc2ccccc2)cc1,COc1ccc(OCC(O)CN2CCN(C(CNC(=O)c3ccc(C(F)(F)F)cc3)c3ccccc3)CC2)cc1,O=C(Nc1ccccc1)c1ccnn1Cc1ccccc1,O=C(NCC(c1ccccc1)N1CCN(CCCOc2ccccc2)CC1)c1ccccc1,False,False,False,,0.2268041237113402,0.24175824175824176,,,,,3.522800000000002,4.242600000000004,0.719800000000002,True,0.5200250404910086,0.36758684403150943,0.1524381964594992,False,,,,,,,,,6.0,6.0,0.0,True,,,,
edit_latent_source_similarity_rerank,mpair_00002436_cond_00_3p,mpair_00002436,eval,3,"LogP,TPSA,HBA",CSc1cc(-c2ccc(Br)cc2)oc(=O)c1C#N,CSc1cc(-c2ccc(Br)cc2)oc(=O)c1Cl,CSc1sc(-c2ccc[nH]2)c2c1C(=O)CC(C)(C)C2,O=c1cccc(-c2ccccc2)o1,O=C1CCCc2c1csc2-c1ccc[nH]1,False,True,False,,0.1323529411764706,0.13846153846153847,,,,,4.444600000000002,4.620200000000003,0.1756000000000011,True,,,,,30.21,32.86,2.6499999999999986,True,,,,,3.0,3.0,0.0,True,,,,
edit_latent_source_similarity_rerank,mpair_00002496_cond_00_3p,mpair_00002496,eval,3,"QED,TPSA,RB",COc1ccc(C(=O)Nc2c(Cl)cncc2Cl)c2ccc(C(C)=O)nc12,COc1ccc(C(=O)Nc2ccncc2Cl)c2cccnc12,CC(=O)/C=C/c1cccc(C(N)=O)c1,O=C(Nc1ccncc1)c1cccc2ncccc12,c1ccccc1,False,True,False,,0.11940298507462686,0.11940298507462686,,,,,,,,,0.8029165077767629,0.7301449008289105,0.07277160694785245,True,64.11,60.160000000000004,3.9499999999999957,True,,,,,,,,,3.0,3.0,0.0,True
edit_latent_source_similarity_rerank,mpair_00002929_cond_02_3p,mpair_00002929,eval,3,"MW,QED,TPSA",Clc1ccc(Nc2nc(N3CCOCC3)nc3ccccc23)cc1,COC(=O)c1ccc2c(Nc3ccc(Cl)cc3)nc(N3CCOCC3)nc2c1,O=C1NC(=O)C2(CN(Cc3nc4ccccc4s3)c3ccc(Cl)cc32)N1,c1ccc(Nc2nc(N3CCOCC3)nc3ccccc23)cc1,O=C1NC(=O)C2(CN(Cc3nc4ccccc4s3)c3ccccc32)N1,False,True,False,,0.22077922077922077,0.1797752808988764,398.85000000000025,384.8480000000001,14.002000000000123,True,,,,,0.6719222545699903,0.6659536963078452,0.005968558262145152,True,76.58,74.33,2.25,True,,,,,,,,,,,,
edit_latent_source_similarity_rerank,mpair_00003586_cond_02_3p,mpair_00003586,eval,3,"LogP,HBA,RB",CSc1ccc(Cn2ccc3c4c(N)nc(N)nc4ccc32)cc1,CC(C)(C)c1ccc(Cn2ccc3c4c(N)nc(N)nc4ccc32)cc1,Cc1nn(-c2cccc(Cl)c2)c2c1c(N1CCN(C)CC1)nc1ccccc12,c1ccc(Cn2ccc3c4cncnc4ccc32)cc1,c1ccc(-n2ncc3c(N4CCNCC4)nc4ccccc4c32)cc1,False,True,False,,0.13580246913580246,0.13580246913580246,,,,,4.094700000000002,4.287320000000004,0.19262000000000157,True,,,,,,,,,,,,,5.0,5.0,0.0,True,2.0,2.0,0.0,True
edit_latent_source_similarity_rerank,mpair_00003910_cond_01_3p,mpair_00003910,eval,3,"LogP,QED,RB",CC1=CC2Cc3nc4cc(C)ccc4c(N)c3C(C1)C2,CCCCC1=CC2Cc3nc4ccccc4c(N)c3C(C1)C2,CCCc1cc(Cl)c2oc(Cc3ccccc3)c(C)c2c1O,C1=CC2Cc3nc4ccccc4cc3C(C1)C2,c1ccc(Cc2cc3ccccc3o2)cc1,False,False,False,,0.07792207792207792,0.14285714285714285,,,,,4.983300000000003,5.643520000000005,0.6602200000000016,True,0.8099373252527274,0.6753449773020415,0.13459234795068598,False,,,,,,,,,,,,,3.0,4.0,1.0,True
edit_latent_source_similarity_rerank,mpair_00003929_cond_01_3p,mpair_00003929,eval,3,"QED,TPSA,HBA",OC(c1ccc(F)cc1)(c1ccc(F)cc1)C1CCN(CCCNc2ccccc2)CC1,Cc1ccc(O)c(NCCCN2CCC(C(O)(c3ccccc3)c3ccc(Cl)cc3)CC2)c1,CC1=C(C(=O)NCCCN2CCC(c3ccc(F)cc3)CC2)[C@H](c2ccc(F)c(F)c2)N(C)C(=O)N1C,c1ccc(NCCCN2CCC(C(c3ccccc3)c3ccccc3)CC2)cc1,O=C1NC=C(C(=O)NCCCN2CCC(c3ccccc3)CC2)[C@H](c2ccccc2)N1,False,False,False,,0.3157894736842105,0.25842696629213485,,,,,,,,,0.2908765692038643,0.5403369514343458,0.2494603822304815,False,55.730000000000004,55.89000000000001,0.1600000000000037,True,,,,,4.0,3.0,1.0,True,,,,
edit_latent_source_similarity_rerank,mpair_00004149_cond_02_3p,mpair_00004149,eval,3,"LogP,HBA,RB",C=C1C[C@@]23O[C@]2(c2ccccc21)C1CC(OC(=O)[C@H](O)[C@@H](NC(=O)OCC)c2ccc(OC)cc2)C3(C)C1(C)C,C=C1C[C@@]23O[C@]2(c2ccccc21)C1CC(OC(=O)[C@H](O)[C@@H](NC(=O)OCC)c2ccc(Cl)cc2)C3(C)C1(C)C,CO/C(O)=C1\C(C)=NC(C)=C(C(=O)OCC(C)C)C1c1ccccc1C(F)(F)F,C=C1C[C@@]23O[C@]2(c2ccccc21)C1CC(OC(=O)CCc2ccccc2)C3C1,C=C1C=NC=CC1c1ccccc1,False,True,False,,0.16037735849056603,0.1509433962264151,,,,,5.547300000000005,5.152700000000005,0.3946000000000005,True,,,,,,,,,,,,,6.0,5.0,1.0,True,6.0,5.0,1.0,True
edit_latent_source_similarity_rerank,mpair_00004730_cond_00_3p,mpair_00004730,eval,3,"LogP,HBA,RB",CN(C)S(=O)(=O)c1cccc(S(=O)(=O)c2ccc(CN)s2)c1,CCOc1cc(S(C)(=O)=O)cc(S(=O)(=O)c2ccc(CN)s2)c1,COc1cc2nc(N3CCN(C(=O)COc4ccccc4)CC3)nc(N)c2cc1OC,O=S(=O)(c1ccccc1)c1cccs1,O=C(COc1ccccc1)N1CCN(c2ncc3ccccc3n2)CC1,False,True,False,,0.1125,0.15,,,,,1.8418,1.9567999999999997,0.11499999999999955,True,,,,,,,,,,,,,7.0,8.0,1.0,True,6.0,6.0,0.0,True
edit_latent_source_similarity_rerank,mpair_00004833_cond_00_3p,mpair_00004833,eval,3,"LogP,HBD,RB",CC(C)(C)OC(=O)Nc1cnn2c1n[n+]([O-])c1ccc(Cl)cc12,CCOC(=O)c1cnn2c1n[n+]([O-])c1ccc(Cl)cc12,CC(C)(C)OC(=O)Nc1cnn2c1n[n+]([O-])c1ccc(Cl)cc12,c1ccc2c(c1)[nH+]nc1ccnn12,c1ccc2c(c1)[nH+]nc1ccnn12,True,False,False,,1.0,0.5737704918032787,,,,,1.3459999999999996,2.516300000000001,1.1703000000000015,False,,,,,,,,,0.0,1.0,1.0,True,,,,,2.0,1.0,1.0,True
edit_latent_source_similarity_rerank,mpair_00005154_cond_00_3p,mpair_00005154,eval,3,"MW,QED,HBA",COC(=O)[C@H]1C[C@@H](C(=O)O)N1,COC(=O)[C@@H]1C[C@@H](C(=O)OC(C)(C)C)N1,CC(=O)OC1CCn2c1nc1c2C(=O)C(C)=C(NC(=O)CCl)C1=N,C1CNC1,N=C1C=CC(=O)c2c1nc1n2CCC1,False,False,False,,0.12121212121212122,0.11594202898550725,215.249,350.7620000000001,135.51300000000012,False,,,,,0.6679892922393487,0.6251385410651338,0.042850751174214885,True,,,,,,,,,5.0,7.0,2.0,False,,,,
edit_latent_source_similarity_rerank,mpair_00005176_cond_02_3p,mpair_00005176,eval,3,"QED,HBA,RB",COc1ccc2c(c1)C(NCCOc1cc(F)ccc1F)CCS2(=O)=O,O=S1(=O)CCC(NCCOc2cc(F)ccc2F)c2cc(F)ccc21,COc1ccc2[nH]c3c(c2c1)CCN(Cc1c(OC)cccc1OC)C3,O=S1(=O)CCC(NCCOc2ccccc2)c2ccccc21,c1ccc(CN2CCc3c([nH]c4ccccc34)C2)cc1,False,False,False,,0.20987654320987653,0.12345679012345678,,,,,,,,,0.6485702797426979,0.7596003233345787,0.11103004359188084,False,,,,,,,,,4.0,4.0,0.0,True,5.0,5.0,0.0,True
edit_latent_source_similarity_rerank,mpair_00005384_cond_02_3p,mpair_00005384,eval,3,"LogP,TPSA,HBA",CCCN(CCC)C(=O)c1sc(Nc2c(Cl)cc(Cl)cc2Cl)nc1C,COCCN(CCOC)C(=O)c1sc(Nc2c(Cl)cc(Cl)cc2Cl)nc1C,CCN(CC)CCCNC(=O)c1cnn(-c2nc(-c3ccc(Cl)cc3)cs2)c1C(F)(F)F,c1ccc(Nc2nccs2)cc1,c1ccc(-c2csc(-n3cccn3)n2)cc1,False,True,False,,0.19540229885057472,0.18888888888888888,,,,,4.8903200000000036,5.129700000000004,0.2393800000000006,True,,,,,63.690000000000005,63.050000000000004,0.6400000000000006,True,,,,,6.0,6.0,0.0,True,,,,
edit_latent_source_similarity_rerank,mpair_00005878_cond_00_3p,mpair_00005878,eval,3,"LogP,QED,RB",CCN(CC)c1ccc(/C=C2\CC/C(=C\c3ccc(N(CCC(=O)O)CCC(=O)O)cc3)C2=O)cc1,CN(CCC(=O)O)c1ccc(/C=C2\CC/C(=C\c3ccc(N(C)CCC(=O)O)cc3)C2=O)cc1,CC(/C(=N\OCCCCC(=O)O)c1ccccc1)n1ccnc1,O=C1/C(=C/c2ccccc2)CC/C1=C\c1ccccc1,N=C(Cn1ccnc1)c1ccccc1,False,False,False,,0.19718309859154928,0.20588235294117646,,,,,4.338300000000003,3.1199000000000012,1.2184000000000017,False,0.5070136745133651,0.43801893812111453,0.06899473639225057,True,,,,,,,,,,,,,10.0,9.0,1.0,True
edit_latent_source_similarity_rerank,mpair_00006073_cond_00_3p,mpair_00006073,eval,3,"LogP,HBA,RB",CC(C)(C)c1ccc(-c2ccc(CN3[C@@H](C(=O)NO)CCCS3(=O)=O)cc2)cc1,COc1ccc(-c2ccc(CN3[C@@H](C(=O)NO)CCCS3(=O)=O)cc2)cc1,COc1ccc(S(=O)(=O)N2Cc3ccccc3N(C(=O)C3CCCCC3)CC2C(=O)NO)cc1,O=S1(=O)CCCCN1Cc1ccc(-c2ccccc2)cc1,O=C(C1CCCCC1)N1CCN(S(=O)(=O)c2ccccc2)Cc2ccccc21,False,True,False,,0.24390243902439024,0.35526315789473684,,,,,2.1617999999999995,2.6870000000000003,0.5252000000000008,True,,,,,,,,,,,,,5.0,6.0,1.0,True,5.0,5.0,0.0,True
edit_latent_source_similarity_rerank,mpair_00006845_cond_01_3p,mpair_00006845,eval,3,"MW,LogP,QED",CC(CCN1CCC(c2ccccc2)CC1)(CN1C(=O)N[C@H](Cc2c[nH]c3ccccc23)C1=O)c1cccc(Cl)c1,O=C1N[C@H](Cc2c[nH]c3ccccc23)C(=O)N1CC(CCN1CCC(c2ccccc2)CC1)c1ccccc1,CCN(C(=O)NCc1cccc(F)c1)C1CCN(CCC(c2ccccc2)c2ccccc2)CC1,O=C1N[C@H](Cc2c[nH]c3ccccc23)C(=O)N1CC(CCN1CCC(c2ccccc2)CC1)c1ccccc1,O=C(NCc1ccccc1)NC1CCN(CCC(c2ccccc2)c2ccccc2)CC1,False,False,False,,0.20388349514563106,0.25274725274725274,520.6770000000004,473.63600000000025,47.04100000000011,False,5.684300000000007,6.043800000000006,0.3594999999999997,True,0.2789586572255103,0.4110136860183784,0.13205502879286812,False,,,,,,,,,,,,,,,,
edit_latent_source_similarity_rerank,mpair_00007221_cond_00_3p,mpair_00007221,eval,3,"LogP,TPSA,HBA",CC12CCC3C(C(=O)C=C4CCCCC43C=O)C1CCC2=O,CC12CCC3C(C(=O)C=C4CCCCC43C)C1CCC2=O,C#CC[C@@H]1CC2C3CCC(=O)C3(C)CCC2C2(C)CCC(=O)C=C12,O=C1CCC2C1CCC1C3CCCCC3=CC(=O)C21,O=C1C=C2CCC3C4CCC(=O)C4CCC3C2CC1,False,True,False,,0.328125,0.3620689655172414,,,,,4.087400000000003,4.336800000000004,0.2494000000000005,True,,,,,34.14,34.14,0.0,True,,,,,2.0,2.0,0.0,True,,,,
edit_latent_source_similarity_rerank,mpair_00007435_cond_01_3p,mpair_00007435,eval,3,"LogP,HBA,RB",O=C(O)CN1C(=O)C(=O)N(Cc2ccccc2Cl)C1=O,COc1ccccc1CN1C(=O)C(=O)N(CC(=O)O)C1=O,CC(=O)OCCOCN1c2ccccc2C(=O)NS1(=O)=O,O=C1NC(=O)N(Cc2ccccc2)C1=O,O=C1NS(=O)(=O)Nc2ccccc21,False,True,False,,0.171875,0.2,,,,,0.07060000000000016,0.018400000000000027,0.052200000000000135,True,,,,,,,,,,,,,5.0,6.0,1.0,True,5.0,5.0,0.0,True
edit_latent_source_similarity_rerank,mpair_00007456_cond_02_3p,mpair_00007456,eval,3,"QED,TPSA,HBA",O=C(O)CN1C(=O)C(=O)N(Cc2ccc(F)cc2)C1=O,O=C(O)CN1C(=O)C(=O)N(Cc2ccccc2[N+](=O)[O-])C1=O,CS(=O)(=O)Nc1ccc2c(c1)S(=O)(=O)N=C(C1=C(O)[C@@H]3[C@@H]4CC[C@@H](C4)[C@@H]3N(Cc3cccc(C(F)(F)F)c3)C1=O)N2,O=C1NC(=O)N(Cc2ccccc2)C1=O,O=C1C(C2=NS(=O)(=O)c3ccccc3N2)=C[C@@H]2[C@@H]3CC[C@@H](C3)[C@@H]2N1Cc1ccccc1,False,False,False,,0.1276595744680851,0.10891089108910891,,,,,,,,,0.3485679851412651,0.4663096072462106,0.11774162210494554,False,138.13,145.24,7.110000000000014,True,,,,,6.0,7.0,1.0,True,,,,
edit_latent_source_similarity_rerank,mpair_00007823_cond_02_3p,mpair_00007823,eval,3,"MW,HBA,RB",COc1cc2ncc(C#N)c(Nc3ccc(F)c(Cl)c3)c2cc1NC(=O)/C=C/C(C)N1CCOCC1,N#Cc1cnc2ccc(NC(=O)/C=C/CN3CCOCC3)cc2c1Nc1ccc(F)c(Cl)c1,COc1cc(Nc2c(C#N)cnc3cc(/C=C/c4ccncc4)ccc23)c(Cl)cc1Cl,O=C(/C=C/CN1CCOCC1)Nc1ccc2nccc(Nc3ccccc3)c2c1,C(=C/c1ccc2c(Nc3ccccc3)ccnc2c1)\c1ccncc1,False,True,False,,0.35051546391752575,0.2708333333333333,465.91600000000017,447.32500000000016,18.591000000000008,True,,,,,,,,,,,,,,,,,6.0,5.0,1.0,True,6.0,5.0,1.0,True
edit_latent_source_similarity_rerank,mpair_00007849_cond_00_3p,mpair_00007849,eval,3,"TPSA,HBD,HBA",CCO/C(O)=C1\C(C)=NC(C)=C(C(=O)OC)C1c1cccc(NC(=O)NCCCN2CCN(c3ccccc3)CC2)c1,CCO/C(O)=C1\C(C)=NC(C)=C(C(=O)OC)C1c1cccc(NC(=O)NCCCN2CCN(c3cccc(O)c3)CC2)c1,COC(=O)C1=C(C)N=C(C)/C(=C(/O)OC)C1c1cccc(N/C(=N/CCCN2CCC(c3ccccc3)CC2)NC#N)c1,C=C1C=NC=CC1c1cccc(NC(=O)NCCCN2CCN(c3ccccc3)CC2)c1,C=C1C=NC=CC1c1cccc(N/C=N/CCCN2CCC(c3ccccc3)CC2)c1,False,True,False,,0.5319148936170213,0.494949494949495,,,,,,,,,,,,,135.95999999999998,131.57,4.389999999999986,True,4.0,3.0,1.0,True,9.0,8.0,1.0,True,,,,
edit_latent_source_similarity_rerank,mpair_00008148_cond_02_3p,mpair_00008148,eval,3,"LogP,TPSA,HBD",CCN(CC)CC(O)Cn1c2ccccc2c(=O)c2cccc(C(=O)O)c21,CC(C)N(CC(O)Cn1c2ccccc2c(=O)c2cccc(Cl)c21)C(C)C,O=c1c2ccccc2n(CC(O)CN2CCC(N3CCCCC3)CC2)c2c(Cl)cccc12,O=c1c2ccccc2[nH]c2ccccc12,O=c1c2ccccc2n(CCCN2CCC(N3CCCCC3)CC2)c2ccccc12,False,True,False,,0.4,0.5483870967741935,,,,,4.287800000000003,4.1193000000000035,0.16849999999999987,True,,,,,45.47,48.71000000000001,3.240000000000009,True,1.0,1.0,0.0,True,,,,,,,,
edit_latent_source_similarity_rerank,mpair_00008198_cond_02_3p,mpair_00008198,eval,3,"MW,TPSA,HBA",OC1Cc2ccccc2CC1N1CCC(c2ccccc2)CC1,CC(=O)Nc1cccc2c1CC(N1CCC(c3ccccc3)CC1)C(O)C2,O=C([C@@H]1C[C@@H]2CCCC[C@@H]2N1C(=O)[C@@H]1C[C@@H]1c1ccccc1)N1CCCO1,c1ccc(C2CCN(C3CCc4ccccc4C3)CC2)cc1,O=C([C@@H]1C[C@@H]2CCCC[C@@H]2N1C(=O)[C@@H]1C[C@@H]1c1ccccc1)N1CCCO1,False,True,False,,0.23809523809523808,0.22666666666666666,364.4890000000001,368.4770000000002,3.9880000000001132,True,,,,,,,,,52.57000000000001,49.85000000000001,2.719999999999999,True,,,,,3.0,3.0,0.0,True,,,,
edit_latent_source_similarity_rerank,mpair_00008355_cond_01_3p,mpair_00008355,eval,3,"LogP,QED,RB",CCc1c(O)c(C(=O)NCC(=O)O)c2ncnn2c1CC,CCCCCc1cc(O)c(C(=O)NCC(=O)O)c2ncnn12,CC(C)Nc1cccnc1N1CCN(C(=O)c2ccc(C(=O)NCCO)cn2)CC1,c1ccn2ncnc2c1,O=C(c1ccccn1)N1CCN(c2ccccn2)CC1,False,True,False,,0.1728395061728395,0.16279069767441862,,,,,0.9820000000000002,0.9813999999999996,0.0006000000000006,True,0.6565019717290547,0.6217057964708785,0.03479617525817613,True,,,,,,,,,,,,,7.0,7.0,0.0,True
edit_latent_source_similarity_rerank,mpair_00008374_cond_02_3p,mpair_00008374,eval,3,"LogP,HBA,RB",CC[C@H](C)C(=O)O[C@H]1CCC=C2C=C[C@H](C)[C@H](CCC(=O)C[C@@H](O)CC(=O)O)[C@H]21,CC[C@H](C)C(=O)O[C@H]1CCC=C2C=C[C@H](C)[C@H](COC(=O)C[C@@H](O)CC(=O)O)[C@H]21,O=C(N[C@H](CCC(=O)N1c2ccccc2CCC1C(=O)O)C(=O)O)OCc1ccccc1,C1=CC2=CCCC[C@@H]2CC1,O=C(NCCCC(=O)N1CCCc2ccccc21)OCc1ccccc1,False,True,False,,0.14583333333333334,0.13541666666666666,,,,,2.8717000000000006,2.578800000000001,0.2928999999999995,True,,,,,,,,,,,,,6.0,5.0,1.0,True,9.0,8.0,1.0,True
edit_latent_source_similarity_rerank,mpair_00008508_cond_01_3p,mpair_00008508,eval,3,"MW,LogP,QED",CC(C)COc1ccc(Cc2ccc(NC3=NCCN3)cc2)cc1,COc1ccc(Cc2ccc(NC3=NCCN3)cc2)cc1,O=C(Nc1ccccn1)NC1CCN(Cc2ccccc2)CC1,c1ccc(Cc2ccc(NC3=NCCN3)cc2)cc1,O=C(Nc1ccccn1)NC1CCN(Cc2ccccc2)CC1,False,True,False,,0.1527777777777778,0.14705882352941177,281.359,310.40100000000007,29.042000000000087,True,2.6571000000000007,2.867700000000001,0.21060000000000034,True,0.905384090862648,0.9127536266177105,0.007369535755062495,True,,,,,,,,,,,,,,,,
edit_latent_source_similarity_rerank,mpair_00008601_cond_00_3p,mpair_00008601,eval,3,"MW,LogP,QED",Cc1cc2c(cc1C(F)(F)F)N(C(=O)Nc1cnc(OCc3ccccn3)c(C)c1)CC2,O=C(Nc1ccc(OCc2ccccn2)nc1)N1CCc2c(Cl)cccc21,O=S(=O)(Nc1cccc(Oc2cccc3cccnc23)c1)C(F)(F)F,O=C(Nc1ccc(OCc2ccccn2)nc1)N1CCc2ccccc21,c1ccc(Oc2cccc3cccnc23)cc1,False,True,False,,0.20930232558139536,0.18292682926829268,380.8350000000002,368.336,12.499000000000194,True,4.303600000000003,4.288600000000001,0.015000000000002345,True,0.7321782006044687,0.745993894934972,0.013815694330503336,True,,,,,,,,,,,,,,,,
edit_latent_source_similarity_rerank,mpair_00008643_cond_00_3p,mpair_00008643,eval,3,"MW,QED,RB",COc1ccccc1N1CCN(C(=O)c2cc3ccccc3[nH]2)CC1,CC(C)Nc1ccc(F)cc1N1CCN(C(=O)c2cc3ccccc3[nH]2)CC1,COc1ccccc1N1CCN(Cc2ccc(-c3c(F)cccc3F)[nH]2)CC1,O=C(c1cc2ccccc2[nH]1)N1CCN(c2ccccc2)CC1,c1ccc(-c2ccc(CN3CCN(c4ccccc4)CC3)[nH]2)cc1,False,True,False,,0.375,0.23376623376623376,380.4670000000001,383.44200000000006,2.974999999999966,True,,,,,0.7168114142147228,0.713218875386433,0.003592538828289804,True,,,,,,,,,,,,,4.0,5.0,1.0,True
edit_latent_source_similarity_rerank,mpair_00008657_cond_02_3p,mpair_00008657,eval,3,"MW,LogP,QED",CC(C)Nc1cc(C(F)(F)F)ccc1N1CCN(C(=O)c2cc3ccccc3[nH]2)CC1,CC(C)Nc1ccc(F)cc1N1CCN(C(=O)c2cc3ccccc3[nH]2)CC1,CCCCn1c2cc(C(F)(F)F)ccc2c2oc(C(=O)N3CCOCC3)cc21,O=C(c1cc2ccccc2[nH]1)N1CCN(c2ccccc2)CC1,O=C(c1cc2[nH]c3ccccc3c2o1)N1CCOCC1,False,True,False,,0.25882352941176473,0.17045454545454544,380.4670000000001,394.3930000000002,13.926000000000101,True,4.089700000000003,4.678800000000004,0.5891000000000011,True,0.7168114142147228,0.6456732236419699,0.07113819057275295,True,,,,,,,,,,,,,,,,
edit_latent_source_similarity_rerank,mpair_00008740_cond_02_3p,mpair_00008740,eval,3,"MW,HBD,HBA",CC(=O)Oc1ccc(-c2c(C)c3cc(OC(C)=O)ccc3n2Cc2ccc(C#N)cc2)cc1,Cc1ccc(Cn2c(-c3ccc(O)cc3)c(C)c3cc(O)ccc32)cc1,CCCC(=O)NNC(=O)N1Cc2ccccc2Oc2ccc(Cl)cc21,c1ccc(Cn2c(-c3ccccc3)cc3ccccc32)cc1,c1ccc2c(c1)CNc1ccccc1O2,False,True,False,,0.15294117647058825,0.14666666666666667,343.4260000000001,359.81300000000005,16.386999999999944,True,,,,,,,,,,,,,2.0,2.0,0.0,True,3.0,3.0,0.0,True,,,,
edit_latent_source_similarity_rerank,mpair_00009355_cond_01_3p,mpair_00009355,eval,3,"MW,QED,RB",O=C(NCCc1c[nH]c2ccccc12)C1CC1,COc1ccc2[nH]c(C)c(CCNC(=O)C3CC3)c2c1,C[C@@H](Cc1c[nH]c2ccccc12)NC[C@H](O)c1cccc(Cl)c1,O=C(NCCc1c[nH]c2ccccc12)C1CC1,c1ccc(CCNCCc2c[nH]c3ccccc23)cc1,False,False,False,,0.31746031746031744,0.1375,272.34799999999996,328.8430000000001,56.49500000000012,False,,,,,0.8785652510386628,0.6383707668432778,0.24019448419538503,False,,,,,,,,,,,,,5.0,6.0,1.0,True
edit_latent_source_similarity_rerank,mpair_00009969_cond_00_3p,mpair_00009969,eval,3,"TPSA,HBD,HBA",CN1C(=O)C(Cc2ccc3ccccc3c2)N=C(c2ccc(O)cc2)c2cc(Cl)ccc21,CN1C(=O)C(Cc2ccc3ccccc3c2)N=C(c2ccccc2)c2cc(Cl)ccc21,O=c1ccc(Cc2ccc3ccccc3c2)c(Cl)o1,O=C1Nc2ccccc2C(c2ccccc2)=NC1Cc1ccc2ccccc2c1,O=c1ccc(Cc2ccc3ccccc3c2)co1,False,True,False,,0.27941176470588236,0.296875,,,,,,,,,,,,,32.67,30.21,2.460000000000001,True,0.0,0.0,0.0,True,2.0,2.0,0.0,True,,,,
edit_latent_source_similarity_rerank,mpair_00010012_cond_00_3p,mpair_00010012,eval,3,"MW,LogP,HBD",O=c1cc(-c2ccccc2)oc2cc(OCC(O)CNCc3ccccc3)ccc12,CC(C)N(Cc1ccccc1)CC(O)COc1ccc2c(=O)cc(-c3ccccc3)oc2c1,O=c1cc(-c2ccc(Cl)cc2)oc2ccc(OCCCCCCN3CCC(O)CC3)cc12,O=c1cc(-c2ccccc2)oc2cc(OCCCNCc3ccccc3)ccc12,O=c1cc(-c2ccccc2)oc2ccc(OCCCCCCN3CCCCC3)cc12,False,True,False,,0.31645569620253167,0.30120481927710846,443.5430000000002,455.9820000000005,12.439000000000306,True,5.110300000000005,5.509300000000006,0.3990000000000009,True,,,,,,,,,1.0,1.0,0.0,True,,,,,,,,
edit_latent_source_similarity_rerank,mpair_00010795_cond_01_3p,mpair_00010795,eval,3,"LogP,HBA,RB",O=C(O)c1cn(C2CC2)c2c(Cl)c(N3C[C@@H]4CCCN[C@@H]4C3)c(F)cc2c1=O,COc1c(N2C[C@@H]3CCCN[C@@H]3C2)c(F)cc2c(=O)c(C(=O)O)cn(C3CC3)c12,NCC1CCCN(c2c(F)cc3c(=O)c(C(=O)O)cn(C4CC4)c3c2Cl)C1,O=c1ccn(C2CC2)c2cc(N3C[C@@H]4CCCN[C@@H]4C3)ccc12,O=c1ccn(C2CC2)c2cc(N3CCCCC3)ccc12,False,True,False,,0.6142857142857143,0.46835443037974683,,,,,2.3705000000000007,3.002200000000002,0.6317000000000013,True,,,,,,,,,,,,,6.0,5.0,1.0,True,4.0,4.0,0.0,True
edit_latent_source_similarity_rerank,mpair_00010894_cond_02_3p,mpair_00010894,eval,3,"LogP,TPSA,RB",N[C@@H](Cc1c[nH]c2ccccc12)C(=O)N1Cc2ccccc2C[C@H]1C(=O)N[C@@H](CS)C(=O)O,NC(=O)C[C@H](NC(=O)[C@@H]1Cc2ccccc2CN1C(=O)[C@@H](N)Cc1c[nH]c2ccccc12)C(=O)O,CS(=O)(=O)NC(Cc1ccc(NC(=O)c2cccc(NC(=N)N)c2)cc1)C(=O)O,O=C(CCc1c[nH]c2ccccc12)N1CCc2ccccc2C1,O=C(Nc1ccccc1)c1ccccc1,False,True,False,,0.1827956989247312,0.1935483870967742,,,,,0.4360000000000033,0.7891699999999989,0.35316999999999565,True,,,,,171.60999999999999,174.47,2.8600000000000136,True,,,,,,,,,8.0,8.0,0.0,True
edit_latent_source_similarity_rerank,mpair_00011108_cond_02_3p,mpair_00011108,eval,3,"MW,LogP,QED",Cc1nn(-c2cccc(Br)c2)c2c1c(O)nc1ccccc12,COc1cccc(-n2nc(C)c3c(O)nc4ccccc4c32)c1,CN1CCN(c2cc(-c3ccncc3)nc3ccccc23)CC1,c1ccc(-n2ncc3cnc4ccccc4c32)cc1,c1ccc2c(N3CCNCC3)cc(-c3ccncc3)nc2c1,False,False,False,,0.23076923076923078,0.23076923076923078,305.33700000000005,304.3970000000001,0.9399999999999409,True,3.596320000000002,3.0486000000000013,0.5477200000000009,True,0.6145221270807419,0.7282317850783785,0.11370965799763655,False,,,,,,,,,,,,,,,,
edit_latent_source_similarity_rerank,mpair_00012044_cond_01_3p,mpair_00012044,eval,3,"LogP,HBA,RB",COc1ccccc1N1CCN(c2nc3ccccc3s2)CC1,Clc1cccc(N2CCN(c3nc4ccccc4s3)CC2)c1,CNc1ccc(-c2nc3ccccc3s2)cc1,c1ccc(N2CCN(c3nc4ccccc4s3)CC2)cc1,c1ccc(-c2nc3ccccc3s2)cc1,False,True,False,,0.3137254901960784,0.28846153846153844,,,,,4.276300000000003,4.005000000000002,0.271300000000001,True,,,,,,,,,,,,,4.0,3.0,1.0,True,2.0,2.0,0.0,True
edit_latent_source_similarity_rerank,mpair_00012894_cond_01_3p,mpair_00012894,eval,3,"TPSA,HBA,RB",COc1ccc(O)cc1C(C)(C)C(C)(C)c1cc(O)ccc1OC,Cc1ccc(O)cc1C(C)(C)C(C)(C)c1cc(O)ccc1C,CC(C)(c1cc(O)ccc1F)C(C)(C)c1cc(O)ccc1F,c1ccc(CCc2ccccc2)cc1,c1ccc(CCc2ccccc2)cc1,True,True,True,,0.5333333333333333,0.5925925925925926,,,,,,,,,,,,,40.46,40.46,0.0,True,,,,,2.0,2.0,0.0,True,3.0,3.0,0.0,True
edit_latent_source_similarity_rerank,mpair_00013346_cond_02_3p,mpair_00013346,eval,3,"MW,LogP,QED",NC(=O)c1nnn(Cc2cc(Cl)cc(Cl)c2)c1N,NC(=O)c1nnn(Cc2ccccc2)c1N,CCOC(=O)c1cc(=O)c(O)c(C(=O)O)o1,c1ccc(Cn2ccnn2)cc1,O=c1ccocc1,False,True,False,,0.13559322033898305,0.14035087719298245,217.23200000000003,228.15599999999998,10.92399999999995,True,0.007499999999999285,0.22029999999999994,0.21280000000000066,True,0.7556774416955722,0.7107905393293563,0.04488690236621584,True,,,,,,,,,,,,,,,,
edit_latent_source_similarity_rerank,mpair_00013968_cond_00_3p,mpair_00013968,eval,3,"QED,HBD,RB",O=C(O)CCN1C(=O)CCC1=O,CCOC(=O)CCN1C(=O)CCC1=O,CCN1C(=O)Cc2cc(CCN3CCN(c4cccc5ccccc45)CC3)ccc21,O=C1CCC(=O)N1,O=C1Cc2cc(CCN3CCN(c4cccc5ccccc45)CC3)ccc2N1,False,False,False,,0.18333333333333332,0.18461538461538463,,,,,,,,,0.4751411200089623,0.6459203568367478,0.17077923682778545,False,,,,,0.0,0.0,0.0,True,,,,,4.0,5.0,1.0,True
edit_latent_source_similarity_rerank,mpair_00014573_cond_00_3p,mpair_00014573,eval,3,"LogP,TPSA,HBA",O=C(NO)C1(NS(=O)(=O)c2ccc(Oc3cccc(Cl)c3)cc2)CCOCC1,N#Cc1ccc(Oc2ccc(S(=O)(=O)NC3(C(=O)NO)CCOCC3)cc2)cc1,O=C(NO)C1(NS(=O)(=O)c2ccc(Oc3cc(Cl)ccn3)cc2)CCOCC1,O=S(=O)(NC1CCOCC1)c1ccc(Oc2ccccc2)cc1,O=S(=O)(NC1CCOCC1)c1ccc(Oc2ccccn2)cc1,False,True,False,,0.711864406779661,0.6065573770491803,,,,,1.6834799999999996,1.8601999999999999,0.1767200000000002,True,,,,,137.74999999999997,126.85000000000001,10.899999999999963,True,,,,,7.0,7.0,0.0,True,,,,
edit_latent_source_similarity_rerank,mpair_00014658_cond_01_3p,mpair_00014658,eval,3,"LogP,HBD,HBA",Cc1nn2c(C)nnc2cc1Cc1ccccc1Cl,Cc1nn2c(N)nnc2cc1Cc1ccc(F)cc1,O=C(c1ccccc1)c1cc(-n2ncc(=O)[nH]c2=O)ccc1Cl,c1ccc(Cc2cnn3cnnc3c2)cc1,O=C(c1ccccc1)c1cccc(-n2ncc(=O)[nH]c2=O)c1,False,True,False,,0.18181818181818182,0.09722222222222222,,,,,1.7448199999999994,1.8051999999999997,0.06038000000000032,True,,,,,,,,,1.0,1.0,0.0,True,5.0,5.0,0.0,True,,,,
edit_latent_source_similarity_rerank,mpair_00014900_cond_01_3p,mpair_00014900,eval,3,"TPSA,HBD,HBA",COC(=O)CCc1c(SSc2[nH]c3ccccc3c2CCC(=O)OC)[nH]c2ccccc12,Cc1ccc2[nH]c(SSc3[nH]c4ccc(C)cc4c3CCC(=O)O)c(CCC(=O)O)c2c1,CNC(=O)N[C@@H](Cc1c[nH]c2ccccc12)C(=O)OCc1cc(C)cc(C)c1,c1ccc2[nH]c(SSc3cc4ccccc4[nH]3)cc2c1,O=C(CCc1c[nH]c2ccccc12)OCc1ccccc1,False,False,False,,0.2463768115942029,0.19444444444444445,,,,,,,,,,,,,106.17999999999999,83.22000000000001,22.95999999999998,False,4.0,3.0,1.0,True,4.0,3.0,1.0,True,,,,
edit_latent_source_similarity_rerank,mpair_00016521_cond_02_3p,mpair_00016521,eval,3,"MW,QED,RB",CCCN(CCC)CCCNc1ncc(C)c2c1c1cnccc1n2C,CCN(CC)CCCNc1nccc2c1c1cnccc1n2C,CCN(CC)CCCNc1[nH]cc(C)c2nc3ccncc3c1-2,c1cc2[nH]c3ccncc3c2cn1,c1cc2nc3cc[nH]cc-3c2cn1,False,True,False,,0.391304347826087,0.421875,311.43300000000005,311.43300000000005,0.0,True,,,,,0.6803351574377275,0.6555888687930421,0.02474628864468542,True,,,,,,,,,,,,,7.0,7.0,0.0,True
edit_latent_source_similarity_rerank,mpair_00017102_cond_02_3p,mpair_00017102,eval,3,"MW,HBA,RB",Nc1cc(C(=O)N2CCCC2)cn2nc(-c3ccc(Br)o3)nc12,COC[C@H]1CCCN1C(=O)c1cc(N)c2nc(-c3ccc(Br)o3)nn2c1,CCN(CC)C(=O)c1cc(N)n2nc(-c3ccc(Br)o3)nc2c1,O=C(c1ccc2nc(-c3ccco3)nn2c1)N1CCCC1,c1coc(-c2nc3ccccn3n2)c1,False,False,False,,0.38235294117647056,0.358974358974359,420.26700000000005,378.23,42.037000000000035,False,,,,,,,,,,,,,,,,,7.0,6.0,1.0,True,4.0,4.0,0.0,True
edit_latent_source_similarity_rerank,mpair_00017142_cond_00_3p,mpair_00017142,eval,3,"MW,QED,RB",CCCCN1C(=O)CCC1(O)c1cccc(C(F)(F)F)c1,CN1C(=O)CCC1(O)c1ccccc1,Cc1cccc2c1CCCC2c1c[nH]cn1,O=C1CCC(c2ccccc2)N1,c1ccc2c(c1)CCCC2c1c[nH]cn1,False,True,False,,0.1267605633802817,0.14285714285714285,191.23000000000002,212.29600000000002,21.066000000000003,True,,,,,0.7213181648262305,0.7723281843496512,0.05101001952342077,True,,,,,,,,,,,,,1.0,1.0,0.0,True
edit_latent_source_similarity_rerank,mpair_00017198_cond_02_3p,mpair_00017198,eval,3,"QED,HBD,RB",CC(C)c1cccc(C(C)C)c1NC(=O)NCC(NCc1ccc(O)c(CN(C)C)c1)c1ccccc1,COc1ccc(CNC(CNC(=O)Nc2c(C(C)C)cccc2C(C)C)c2ccccc2)cc1,CC(C)c1cccc(C(C)C)c1NC(=O)NCC(CN(C)Cc1ccccc1)c1ccccc1,O=C(NCC(NCc1ccccc1)c1ccccc1)Nc1ccccc1,O=C(NCC(CNCc1ccccc1)c1ccccc1)Nc1ccccc1,False,True,False,,0.5303030303030303,0.5079365079365079,,,,,,,,,0.32023292526518016,0.34516412746013,0.02493120219494982,True,,,,,3.0,2.0,1.0,True,,,,,10.0,10.0,0.0,True
edit_latent_source_similarity_rerank,mpair_00000521_cond_02_4p,mpair_00000521,eval,4,"MW,QED,HBA,RB",CSC1=C(C(=O)O)N2C(=O)[C@@H](NC(=O)[C@H](N)c3ccccc3)[C@H]2CC1,N[C@@H](C(=O)N[C@@H]1C(=O)N2C(C(=O)O)=C(C(F)(F)F)CC[C@H]12)c1ccc(F)cc1,CN(C(=O)c1c(O)c2ccc(Oc3ccccc3)cc2n(C)c1=O)c1ccc(F)cc1,O=C(Cc1ccccc1)N[C@@H]1C(=O)N2C=CCC[C@H]12,O=C(Nc1ccccc1)c1cc2ccc(Oc3ccccc3)cc2[nH]c1=O,False,True,False,,0.14942528735632185,0.1724137931034483,401.3160000000001,418.42400000000015,17.10800000000006,True,,,,,0.5187711593734389,0.531502275709876,0.012731116336437087,True,,,,,,,,,4.0,5.0,1.0,True,4.0,4.0,0.0,True
edit_latent_source_similarity_rerank,mpair_00000980_cond_02_4p,mpair_00000980,eval,4,"QED,HBD,HBA,RB",Cc1ccc(N2CCN(CCC3NC(=O)c4ccccc43)CC2)cc1C,COc1ccc(N2CCN(CCC3c4ccccc4C(=O)N3C)CC2)cc1,COc1ccc2c(c1)CCC(CN1CCC(c3ccccc3)CC1)C2=O,O=C1NC(CCN2CCN(c3ccccc3)CC2)c2ccccc21,O=C1c2ccccc2CCC1CN1CCC(c2ccccc2)CC1,False,True,False,,0.2077922077922078,0.29577464788732394,,,,,,,,,0.8160326048332845,0.823192332341881,0.007159727508596503,True,,,,,0.0,0.0,0.0,True,4.0,3.0,1.0,True,5.0,4.0,1.0,True
edit_latent_source_similarity_rerank,mpair_00001400_cond_02_4p,mpair_00001400,eval,4,"MW,QED,TPSA,RB",Nc1nc(O)c(N=O)c(NCCCO)n1,CNc1nc(N)nc(O)c1N=O,Cc1cc(Nc2cc(O)nc(O)n2)ccc1N,c1cncnc1,c1ccc(Nc2ccncn2)cc1,False,False,False,,0.13793103448275862,0.17647058823529413,169.144,232.243,63.09899999999999,False,,,,,0.5448299298561337,0.5850828785926213,0.04025294873648766,True,113.49000000000001,104.28999999999999,9.200000000000017,True,,,,,,,,,2.0,2.0,0.0,True
edit_latent_source_similarity_rerank,mpair_00002461_cond_00_4p,mpair_00002461,eval,4,"MW,LogP,QED,RB",CSc1nc(-c2ccc(Cl)cc2)nn1C(=O)N(C)c1ccccc1,CN(C(=O)n1nc(-c2ccc(Cl)cc2)nc1SCC(F)(F)F)c1ccccc1,Cc1cc(C(=O)Nc2cc(Cl)cc(Cl)c2)nn1-c1ccccc1C(F)(F)F,O=C(Nc1ccccc1)n1cnc(-c2ccccc2)n1,O=C(Nc1ccccc1)c1ccn(-c2ccccc2)n1,False,True,False,,0.20833333333333334,0.25333333333333335,426.8510000000001,414.21400000000006,12.637000000000057,True,5.357400000000003,5.758620000000003,0.40122000000000035,True,0.5270344401044634,0.5927046893842871,0.06567024927982368,True,,,,,,,,,,,,,4.0,3.0,1.0,True
edit_latent_source_similarity_rerank,mpair_00002499_cond_02_4p,mpair_00002499,eval,4,"MW,LogP,QED,RB",COc1ccc(C(=O)Nc2ccncc2Cl)c2cccnc12,CCc1ccc2c(C(=O)Nc3c(Cl)cncc3Cl)ccc(OC)c2n1,CCO/C(O)=C1\C(C)=NC(C)=C(C(=O)OC)C1c1ccccc1C(F)(F)F,O=C(Nc1ccncc1)c1cccc2ncccc12,C=C1C=NC=CC1c1ccccc1,False,True,False,,0.1625,0.16049382716049382,376.2430000000001,383.366,7.122999999999877,True,4.759900000000003,4.516600000000004,0.24329999999999874,True,0.7131894410136064,0.6133223529600271,0.09986708805357924,True,,,,,,,,,,,,,4.0,4.0,0.0,True
edit_latent_source_similarity_rerank,mpair_00002521_cond_00_4p,mpair_00002521,eval,4,"MW,LogP,QED,RB",CCc1ccc2c(C(=O)Nc3c(Cl)cncc3Cl)ccc(OC)c2n1,COc1ccc(C(=O)Nc2ccncc2Cl)c2cccnc12,O=C(NCc1ccc(Cl)c(Cl)c1)c1ccc2[nH]ncc2c1,O=C(Nc1ccncc1)c1cccc2ncccc12,O=C(NCc1ccccc1)c1ccc2[nH]ncc2c1,False,True,False,,0.20270270270270271,0.2054794520547945,313.744,320.17900000000003,6.435000000000002,True,3.544100000000002,3.7997000000000014,0.2555999999999994,True,0.8029165077767629,0.7710388214752675,0.031877686301495456,True,,,,,,,,,,,,,3.0,3.0,0.0,True
edit_latent_source_similarity_rerank,mpair_00003414_cond_00_4p,mpair_00003414,eval,4,"MW,LogP,QED,RB",COc1cccc(N(Cc2cccnc2)S(=O)(=O)CC(F)(F)F)c1,CC(C)COc1cccc(N(Cc2cccnc2)S(=O)(=O)CC(F)(F)F)c1,COc1ccccc1Oc1ccc(N(Cc2cccnc2)S(=O)(=O)CC(F)(F)F)cc1,c1ccc(NCc2cccnc2)cc1,c1ccc(Oc2ccc(NCc3cccnc3)cc2)cc1,False,False,False,,0.6610169491525424,0.5692307692307692,402.43800000000005,452.45400000000006,50.01600000000002,False,4.015100000000003,4.781200000000004,0.7661000000000007,True,0.6693605971809802,0.4920611516343995,0.17729944554658067,False,,,,,,,,,,,,,8.0,8.0,0.0,True
edit_latent_source_similarity_rerank,mpair_00003597_cond_00_4p,mpair_00003597,eval,4,"LogP,QED,HBD,HBA",Clc1ccnc(SCc2ccc3ccccc3c2)n1,Nc1cc(O)nc(SCc2ccc3ccccc3c2)n1,CN(C)Cc1cc(C(=O)c2ccc(OCC(=O)O)c(Cl)c2Cl)ccc1O,c1cnc(SCc2ccc3ccccc3c2)nc1,O=C(c1ccccc1)c1ccccc1,False,False,False,,0.11267605633802817,0.0958904109589041,,,,,3.209900000000001,3.4550000000000023,0.2451000000000012,True,0.5701925246200975,0.6951545730431938,0.12496204842309633,False,,,,,2.0,2.0,0.0,True,5.0,5.0,0.0,True,,,,
edit_latent_source_similarity_rerank,mpair_00003911_cond_02_4p,mpair_00003911,eval,4,"MW,QED,HBD,RB",CC1=CC2Cc3nc4cc(Cl)ccc4c(NCCO)c3C(C1)C2,CC1=CC2Cc3nc4cc(C)ccc4c(N)c3C(C1)C2,CC1=C[C@@H]2Cc3nc4cc(F)ccc4c(N)c3[C@H](C1)C2,C1=CC2Cc3nc4ccccc4cc3C(C1)C2,C1=C[C@@H]2Cc3nc4ccccc4cc3[C@H](C1)C2,False,True,False,,0.49206349206349204,0.7872340425531915,264.372,268.33500000000004,3.9630000000000223,True,,,,,0.7268324945600372,0.7346314661405667,0.007798971580529557,True,,,,,1.0,1.0,0.0,True,,,,,0.0,0.0,0.0,True
edit_latent_source_similarity_rerank,mpair_00004139_cond_00_4p,mpair_00004139,eval,4,"QED,TPSA,HBD,HBA",C=C1C[C@@]23O[C@]2(c2ccccc21)C1CC(OC(=O)[C@H](O)[C@@H](NC(=O)OCC)c2ccccc2)C3(C)C1(C)C,C=C1C[C@@]23O[C@]2(c2ccccc21)C1CC(OC(=O)[C@H](O)[C@@H](NC(=O)OCC)c2ccc(O)cc2)C3(C)C1(C)C,COc1ccc(-c2cc3c(cc2OC)CN(C(=O)C(N)Cc2c(C)cc(O)cc2C)[C@H](C(=O)O)C3)cc1,C=C1C[C@@]23O[C@]2(c2ccccc21)C1CC(OC(=O)CCc2ccccc2)C3C1,O=C(CCc1ccccc1)N1CCc2cc(-c3ccccc3)ccc2C1,False,True,False,,0.15454545454545454,0.16071428571428573,,,,,,,,,0.36696171310609477,0.4493377393598402,0.08237602625374546,True,117.62,122.32000000000001,4.700000000000003,True,3.0,3.0,0.0,True,7.0,6.0,1.0,True,,,,
edit_latent_source_similarity_rerank,mpair_00004722_cond_02_4p,mpair_00004722,eval,4,"MW,LogP,HBD,RB",CC(C)N1C(=O)CC(C)(C)c2cc(C#Cc3ccc(C(=O)O)cc3)ccc21,CC1(C)CC(=O)Nc2ccc(C#Cc3ccc(C(=O)O)cc3)cc21,C/N=C(\S)n1nc(-c2ccc(Cl)c3ccccc23)nc1N,O=C1CCc2cc(C#Cc3ccccc3)ccc2N1,c1ccc2c(-c3nc[nH]n3)cccc2c1,False,True,False,,0.10526315789473684,0.09722222222222222,319.36,317.8050000000001,1.5549999999998931,True,3.4044000000000016,3.097600000000001,0.30680000000000085,True,,,,,,,,,2.0,2.0,0.0,True,,,,,1.0,1.0,0.0,True
edit_latent_source_similarity_rerank,mpair_00004797_cond_00_4p,mpair_00004797,eval,4,"QED,TPSA,HBD,HBA",CN(C)CCN1C(=O)c2cccc3c2c(cc2cccc(O)c23)C1=O,CN(C)CCN1C(=O)c2cccc3c2c(cc2cccc(Cl)c23)C1=O,CCN(CC)CCN1C(=O)c2cccc3cccc(c23)C1=O,O=C1NC(=O)c2cc3ccccc3c3cccc1c23,O=C1NC(=O)c2cccc3cccc1c23,False,False,False,,0.48,0.48,,,,,,,,,0.5314347605523635,0.7966462394272861,0.2652114788749226,False,40.620000000000005,40.620000000000005,0.0,True,0.0,0.0,0.0,True,3.0,3.0,0.0,True,,,,
edit_latent_source_similarity_rerank,mpair_00004842_cond_01_4p,mpair_00004842,eval,4,"MW,QED,HBA,RB",CCOC(=O)c1cnn2c1n[n+]([O-])c1ccc(Cl)cc12,C/C(=N\C(=O)c1cnn2c1n[n+]([O-])c1ccc(Cl)cc12)N(C)C,Cn1c(=O)nc2n(-c3ccc(Cl)c(Cl)c3)c3ccccc3nc-2c1=O,c1ccc2c(c1)[nH+]nc1ccnn12,O=c1nc2n(-c3ccccc3)c3ccccc3nc-2c(=O)[nH]1,False,False,False,,0.17105263157894737,0.14814814814814814,332.7510000000001,373.1990000000001,40.448000000000036,False,,,,,0.28974905987188526,0.48137226262637384,0.19162320275448858,False,,,,,,,,,5.0,6.0,1.0,True,1.0,1.0,0.0,True
edit_latent_source_similarity_rerank,mpair_00005364_cond_00_4p,mpair_00005364,eval,4,"MW,LogP,HBA,RB",O=C(Cc1nc2ccccc2c(=O)n1-c1ccccc1Br)c1ccncc1,COc1ccccc1-n1c(CC(=O)c2ccncc2)nc2ccccc2c1=O,Cc1ccc(-n2c(CC(=O)c3cccnc3)nc3ccccc3c2=O)cc1,O=C(Cc1nc2ccccc2c(=O)n1-c1ccccc1)c1ccncc1,O=C(Cc1nc2ccccc2c(=O)n1-c1ccccc1)c1cccnc1,False,True,False,,0.5245901639344263,0.5238095238095238,371.3960000000001,355.3970000000001,15.998999999999967,True,3.2147000000000014,3.514520000000002,0.2998200000000004,True,,,,,,,,,,,,,6.0,5.0,1.0,True,5.0,4.0,1.0,True
edit_latent_source_similarity_rerank,mpair_00006055_cond_00_4p,mpair_00006055,eval,4,"LogP,TPSA,HBD,HBA",CCOC(=O)c1csc(-c2nc3c([nH]2)C(=O)C=C(OC)C3=O)n1,COC1=CC(=O)c2[nH]c(-c3nc(C(N)=O)cs3)nc2C1=O,COc1cc(C)nc(C(=O)Nc2nn[nH]n2)c1,O=C1C=CC(=O)c2[nH]c(-c3nccs3)nc21,O=C(Nc1nn[nH]n1)c1ccccn1,False,False,False,,0.2054794520547945,0.2,,,,,0.5413999999999999,0.16401999999999972,0.37738000000000016,True,,,,,128.03,105.67999999999999,22.35000000000001,False,2.0,2.0,0.0,True,7.0,6.0,1.0,True,,,,
edit_latent_source_similarity_rerank,mpair_00006841_cond_02_4p,mpair_00006841,eval,4,"MW,LogP,HBD,HBA",O=C1N[C@H](Cc2c[nH]c3ccccc23)C(=O)N1CC(CCN1CCC(c2ccccc2)CC1)c1ccccc1,Cn1cc(C[C@H]2NC(=O)N(CC(CCN3CCC(c4ccccc4)CC3)c3cccc(Cl)c3)C2=O)c2ccccc21,CN(C[C@@H](CCN1CCC(c2ccc(Cl)cc2)CC1)c1cccc(Cl)c1)S(=O)(=O)c1ccccc1,O=C1N[C@H](Cc2c[nH]c3ccccc23)C(=O)N1CC(CCN1CCC(c2ccccc2)CC1)c1ccccc1,O=S(=O)(NC[C@@H](CCN1CCC(c2ccccc2)CC1)c1ccccc1)c1ccccc1,False,False,False,,0.3372093023255814,0.4588235294117647,569.1490000000002,531.5490000000003,37.59999999999991,False,6.348100000000007,6.667400000000008,0.319300000000001,True,,,,,,,,,1.0,0.0,1.0,True,4.0,3.0,1.0,True,,,,
edit_latent_source_similarity_rerank,mpair_00006864_cond_00_4p,mpair_00006864,eval,4,"LogP,HBD,HBA,RB",C[C@@H](Cc1ccc(Cl)c(Cl)c1)C(=O)N[C@H]1N=C(c2ccccc2)c2ccccc2N(C)C1=O,CC(C(=O)N[C@H]1N=C(c2ccccc2)c2ccccc2N(C)C1=O)C(CO)c1ccc(F)c(F)c1,CN1C(=O)C(NC(=O)CCc2cc(Cl)ccc2Cl)N=C(c2ccc(C(N)=O)cc2)c2ccccc21,O=C(CCc1ccccc1)N[C@H]1N=C(c2ccccc2)c2ccccc2NC1=O,O=C(CCc1ccccc1)NC1N=C(c2ccccc2)c2ccccc2NC1=O,False,True,False,,0.5063291139240507,0.43529411764705883,,,,,3.6331000000000024,3.981200000000003,0.3481000000000005,True,,,,,,,,,2.0,2.0,0.0,True,4.0,4.0,0.0,True,6.0,6.0,0.0,True
edit_latent_source_similarity_rerank,mpair_00007237_cond_01_4p,mpair_00007237,eval,4,"MW,LogP,QED,RB",CC(C)Sc1cc(-c2ccccc2)c(-c2ccc(S(C)(=O)=O)cc2)c(=O)o1,COc1cc(-c2ccccc2)c(-c2ccc(S(C)(=O)=O)cc2)c(=O)o1,COc1cc(-c2ccccc2)c(=O)c(C(C)=O)c(O)c1-c1ccccc1,O=c1occc(-c2ccccc2)c1-c1ccccc1,O=c1ccc(-c2ccccc2)ccc1-c1ccccc1,False,True,False,,0.25396825396825395,0.3333333333333333,356.3990000000001,346.382,10.01700000000011,True,3.385900000000002,4.297600000000003,0.9117000000000006,True,0.7163391380898918,0.7156214071003149,0.0007177309895769479,True,,,,,,,,,,,,,4.0,4.0,0.0,True
edit_latent_source_similarity_rerank,mpair_00007292_cond_00_4p,mpair_00007292,eval,4,"LogP,QED,HBA,RB",NCCNC(=O)C1Cc2c([nH]c3ccccc23)C(c2cccc(O)c2)N1,COC(=O)C1Cc2c([nH]c3ccccc23)C(c2cccc(Cl)c2)N1,O=C(O)[C@@H](S)Cc1ccc2oc3ccccc3c2c1,c1ccc(C2NCCc3c2[nH]c2ccccc32)cc1,c1ccc2c(c1)oc1ccccc12,False,True,False,,0.16,0.1527777777777778,,,,,3.5980000000000016,3.5115000000000016,0.08650000000000002,True,0.7007933905852917,0.717277627221964,0.01648423663667231,True,,,,,,,,,3.0,3.0,0.0,True,2.0,3.0,1.0,True
edit_latent_source_similarity_rerank,mpair_00007434_cond_00_4p,mpair_00007434,eval,4,"QED,TPSA,HBA,RB",O=C(O)CN1C(=O)C(=O)N(Cc2ccc([N+](=O)[O-])cc2)C1=O,Cc1ccc(CN2C(=O)C(=O)N(CC(=O)O)C2=O)cc1,CN(C)CCN1C(=O)c2cccc3cc([N+](=O)[O-])cc(c23)C1=O,O=C1NC(=O)N(Cc2ccccc2)C1=O,O=C1NC(=O)c2cccc3cccc1c23,False,False,False,,0.26229508196721313,0.15873015873015872,,,,,,,,,0.6329420918494657,0.4888855384023454,0.14405655344712032,False,94.99000000000001,83.75999999999999,11.230000000000018,True,,,,,4.0,5.0,1.0,True,4.0,4.0,0.0,True
edit_latent_source_similarity_rerank,mpair_00007687_cond_01_4p,mpair_00007687,eval,4,"LogP,TPSA,HBD,RB",CC(=O)NC1N=C(c2ccccc2)c2ccccc2N(CC(=O)N[C@@H](Cc2ccc(Cl)c(Cl)c2)C(N)=O)C1=O,CC(=O)CCCC(=O)NC1N=C(c2ccccc2)c2ccccc2N(CC(=O)NCCc2ccccc2Cl)C1=O,CC(C)C(NC(=O)Cn1c(CCc2ccccc2)ccc(NC(=O)OCc2ccccc2)c1=O)C(=O)C(F)(F)F,O=C(CN1C(=O)CN=C(c2ccccc2)c2ccccc21)NCCc1ccccc1,O=C(Nc1ccc(CCc2ccccc2)[nH]c1=O)OCc1ccccc1,False,True,False,,0.20588235294117646,0.17307692307692307,,,,,4.084500000000003,4.654400000000003,0.5699000000000005,True,,,,,107.94,106.5,1.4399999999999977,True,2.0,2.0,0.0,True,,,,,11.0,11.0,0.0,True
edit_latent_source_similarity_rerank,mpair_00007805_cond_01_4p,mpair_00007805,eval,4,"MW,HBD,HBA,RB",CO[C@H]1O[C@H](CO)[C@H](O)[C@H](OCc2cc3ccccc3o/c2=N\S(=O)(=O)c2ccccc2)[C@H]1O,CO[C@H]1O[C@H](CO)[C@H](O)[C@H](OCc2cc3ccccc3o/c2=N\S(=O)(=O)c2ccc(C)cc2)[C@H]1OC(C)=O,CC1(C)N=C(N)N=C(N)N1c1ccc(OCc2ccc(S(=O)(=O)Oc3ccccc3F)cc2)c(Cl)c1,O=S(=O)(/N=c1\oc2ccccc2cc1COC1CCOCC1)c1ccccc1,O=S(=O)(Oc1ccccc1)c1ccc(COc2ccc(N3C=NC=NC3)cc2)cc1,False,True,False,,0.14150943396226415,0.14035087719298245,547.5820000000002,531.9970000000002,15.585000000000036,True,,,,,,,,,,,,,2.0,2.0,0.0,True,10.0,9.0,1.0,True,8.0,7.0,1.0,True
edit_latent_source_similarity_rerank,mpair_00007881_cond_02_4p,mpair_00007881,eval,4,"LogP,QED,HBD,HBA",O=C1CC2(C(=O)N1)C(=O)N(Cc1ccc(Cl)c(Cl)c1)C(=O)c1cccn12,Nc1ccc(CN2C(=O)c3cccn3C3(CC(=O)NC3=O)C2=O)cc1,CCOC(=O)c1cc(=O)c(O)c(C(=O)O)o1,O=C1CC2(C(=O)N1)C(=O)N(Cc1ccccc1)C(=O)c1cccn12,O=c1ccocc1,False,False,False,,0.11428571428571428,0.10144927536231885,,,,,-0.005299999999999805,0.22029999999999994,0.22559999999999975,True,0.45417020849830125,0.7107905393293563,0.25662033083105507,False,,,,,2.0,2.0,0.0,True,6.0,6.0,0.0,True,,,,
edit_latent_source_similarity_rerank,mpair_00008126_cond_02_4p,mpair_00008126,eval,4,"LogP,HBD,HBA,RB",CC(C)N(CC(O)Cn1c2ccccc2c(=O)c2cccc(Cl)c21)C(C)C,CCN(CC)CC(O)Cn1c2ccccc2c(=O)c2cccc(C(=O)O)c21,Cc1c(C(=O)c2ccccc2)c(=O)n(C)n1CC(O)CN(C(C)C)C(C)C,O=c1c2ccccc2[nH]c2ccccc12,O=C(c1ccccc1)c1c[nH][nH]c1=O,False,True,False,,0.38095238095238093,0.2898550724637681,,,,,2.5556,2.20592,0.3496800000000002,True,,,,,,,,,2.0,1.0,1.0,True,5.0,6.0,1.0,True,7.0,8.0,1.0,True
edit_latent_source_similarity_rerank,mpair_00008359_cond_01_4p,mpair_00008359,eval,4,"MW,QED,HBA,RB",COc1cnc(C[S+]([O-])c2nc3cc4c(cc3[nH]2)OC(F)(F)O4)c(C)c1OC,COc1ccnc(C[S+]([O-])c2nc3cc4c(cc3[nH]2)OC(F)(F)O4)c1,COc1cc(Nc2nccc(-n3ccnc3-c3ccccc3)n2)cc(C(F)(F)F)c1,c1ccc(C[SH+]c2nc3cc4c(cc3[nH]2)OCO4)nc1,c1ccc(Nc2nccc(-n3ccnc3-c3ccccc3)n2)cc1,False,False,False,,0.13829787234042554,0.1839080459770115,367.333,411.38700000000006,44.05400000000003,False,,,,,0.7128348320537029,0.4950206720091506,0.21781416004455229,False,,,,,,,,,6.0,6.0,0.0,True,4.0,5.0,1.0,True
edit_latent_source_similarity_rerank,mpair_00008508_cond_02_4p,mpair_00008508,eval,4,"MW,LogP,QED,RB",CC(C)COc1ccc(Cc2ccc(NC3=NCCN3)cc2)cc1,COc1ccc(Cc2ccc(NC3=NCCN3)cc2)cc1,CC(C)n1nccc1-c1ccccc1NCC1=NCCN1,c1ccc(Cc2ccc(NC3=NCCN3)cc2)cc1,c1ccc(-c2ccn[nH]2)c(NCC2=NCCN2)c1,False,True,False,,0.25,0.23076923076923078,281.359,283.379,2.0200000000000387,True,2.6571000000000007,2.5446,0.11250000000000071,True,0.905384090862648,0.8863781185518691,0.01900597231077894,True,,,,,,,,,,,,,4.0,5.0,1.0,True
edit_latent_source_similarity_rerank,mpair_00008528_cond_02_4p,mpair_00008528,eval,4,"LogP,QED,HBA,RB",COCCOc1ccc(Cc2ccc(NC3=NCCN3)cc2)cc1,CCCOc1ccc(Cc2ccc(NC3=NCCN3)cc2)cc1,c1cc(NC2=NCCN2)ccc1Cc1ccc(OCC2CCOCC2)cc1,c1ccc(Cc2ccc(NC3=NCCN3)cc2)cc1,c1cc(NC2=NCCN2)ccc1Cc1ccc(OCC2CCOCC2)cc1,False,True,False,,0.6226415094339622,0.6346153846153846,,,,,3.4373000000000014,3.4539000000000026,0.01660000000000128,True,0.8590330575707383,0.8232225237310302,0.035810533839708114,True,,,,,,,,,4.0,5.0,1.0,True,6.0,6.0,0.0,True
edit_latent_source_similarity_rerank,mpair_00008578_cond_01_4p,mpair_00008578,eval,4,"QED,TPSA,HBD,RB",O=c1[nH]c(=O)n(COCCO)cc1Cc1cccc(Oc2ccc(F)cc2)c1,O=c1[nH]c(=O)n(COC(CO)CO)cc1Cc1cccc(Oc2cccc(F)c2)c1,COC(=O)C(Cc1ccccc1)NC(=O)C(CCC(=O)O)NC(=O)C(F)(F)F,O=c1[nH]cc(Cc2cccc(Oc3ccccc3)c2)c(=O)[nH]1,c1ccccc1,False,True,False,,0.13095238095238096,0.14457831325301204,,,,,,,,,0.4858120896295065,0.523645675917042,0.037833586287535526,True,113.78000000000002,121.80000000000001,8.019999999999996,True,3.0,3.0,0.0,True,,,,,9.0,9.0,0.0,True
edit_latent_source_similarity_rerank,mpair_00008748_cond_00_4p,mpair_00008748,eval,4,"MW,QED,HBA,RB",CC(=O)Oc1ccc(-c2c(C)c3ccc(OC(C)=O)cc3n2Cc2ccccc2)cc1,Cc1c(-c2ccc(O)cc2)n(Cc2ccccc2Cl)c2ccc(O)cc12,Cc1ccccc1NC(=O)Nc1nc(-c2ccccc2)nc2ccccc12,c1ccc(Cn2c(-c3ccccc3)cc3ccccc32)cc1,O=C(Nc1ccccc1)Nc1nc(-c2ccccc2)nc2ccccc12,False,True,False,,0.2028985507246377,0.15942028985507245,363.84400000000005,354.41300000000007,9.430999999999983,True,,,,,0.48791728176772337,0.5279469299281935,0.04002964816047011,True,,,,,,,,,3.0,3.0,0.0,True,3.0,3.0,0.0,True
edit_latent_source_similarity_rerank,mpair_00008759_cond_02_4p,mpair_00008759,eval,4,"LogP,TPSA,HBD,HBA",Cc1c(-c2ccc(O)cc2)n(Cc2ccc(O)cc2)c2ccc(O)cc12,Cc1c(-c2ccc(O)cc2)n(Cc2ccccc2Cl)c2ccc(O)cc12,CCc1c(-c2ccc(O)cc2)n(CC)c2ccc(O)cc12,c1ccc(Cn2c(-c3ccccc3)cc3ccccc32)cc1,c1ccc(-c2cc3ccccc3[nH]2)cc1,False,False,False,,0.5227272727272727,0.45098039215686275,,,,,5.729620000000004,4.301800000000003,1.4278200000000014,False,,,,,45.39,45.39,0.0,True,2.0,2.0,0.0,True,3.0,3.0,0.0,True,,,,
edit_latent_source_similarity_rerank,mpair_00009361_cond_00_4p,mpair_00009361,eval,4,"LogP,TPSA,HBA,RB",COc1ccc(Cc2nnc(O)c3ccccc23)cc1OC,Oc1nnc(Cc2ccc(Cl)cc2)c2ccccc12,Oc1nc(-c2ccc(F)cc2)sc1-c1ccccc1,c1ccc(Cc2nncc3ccccc23)cc1,c1ccc(-c2cnc(-c3ccccc3)s2)cc1,False,True,False,,0.2,0.22448979591836735,,,,,3.579600000000002,4.321800000000002,0.7422000000000004,True,,,,,46.010000000000005,33.120000000000005,12.89,True,,,,,3.0,3.0,0.0,True,2.0,2.0,0.0,True
edit_latent_source_similarity_rerank,mpair_00010014_cond_01_4p,mpair_00010014,eval,4,"MW,QED,HBD,HBA",O=c1cc(-c2ccccc2)oc2cc(OCC(O)CNCc3ccccc3)ccc12,CNC(=O)Oc1cccc(CN(C)CCCOc2ccc3c(=O)cc(-c4ccccc4)oc3c2)c1,N[C@H](Cc1cc2ccccc2s1)C(=O)N1CCN(CCCOc2ccc(C(=O)C3CC3)cc2)CC1,O=c1cc(-c2ccccc2)oc2cc(OCCCNCc3ccccc3)ccc12,O=C(c1ccc(OCCCN2CCN(C(=O)CCc3cc4ccccc4s3)CC2)cc1)C1CC1,False,True,False,,0.15789473684210525,0.17307692307692307,472.5410000000001,491.6570000000004,19.11600000000027,True,,,,,0.3423460384209648,0.3430275662912408,0.000681527870276033,True,,,,,1.0,1.0,0.0,True,6.0,6.0,0.0,True,,,,
edit_latent_source_similarity_rerank,mpair_00010720_cond_00_4p,mpair_00010720,eval,4,"MW,LogP,QED,RB",CC(C)C1=CC2CC3(C=O)[C@@H]4CC[C@@H](C)[C@H]4CC2(CO[C@H]2CN[C@H](C)CO2)[C@]13C(=O)O,C=C(Cl)CN1C[C@H](OCC23C[C@@H]4[C@H](C)CC[C@H]4C4(C=O)CC2C=C(C(C)C)[C@@]34C(=O)O)OC[C@H]1C(F)(F)F,CO[C@H]1CN(CC2=CCCCC2)C[C@H](OCC23C[C@@H]4[C@H](C)CC[C@H]4C4(C=O)CC2C=C(C(C)C)C34C(=O)O)O[C@@H]1C,C1=CC2C3CC1C2(CO[C@H]1CNCCO1)C[C@@H]1CCC[C@@H]31,C1=CC2C3CC1C2(CO[C@H]1CN(CC2=CCCCC2)CCCO1)C[C@@H]1CCC[C@@H]31,False,True,False,,0.5698924731182796,0.5288461538461539,560.0530000000005,569.7830000000004,9.729999999999905,True,5.269300000000005,5.489800000000006,0.22050000000000125,True,0.32250442602403095,0.2903451021949883,0.03215932382904263,True,,,,,,,,,,,,,8.0,9.0,1.0,True
edit_latent_source_similarity_rerank,mpair_00011114_cond_01_4p,mpair_00011114,eval,4,"MW,LogP,HBD,RB",COc1nc2ccccc2c2c1c(C)nn2-c1cccc(Cl)c1,Cc1nn(-c2ccccc2)c2c1c(O)nc1ccccc12,Cc1c(O)nc(S)nc1Cc1cccc2ccccc12,c1ccc(-n2ncc3cnc4ccccc4c32)cc1,c1ccc2c(Cc3ccncn3)cccc2c1,False,True,False,,0.1791044776119403,0.25925925925925924,275.311,282.368,7.057000000000016,True,3.587720000000002,3.523320000000002,0.06440000000000001,True,,,,,,,,,1.0,2.0,1.0,True,,,,,1.0,2.0,1.0,True
edit_latent_source_similarity_rerank,mpair_00011983_cond_00_4p,mpair_00011983,eval,4,"MW,LogP,QED,RB",CCCC(CCc1nnn[nH]1)Cc1ccc(OCc2ccc3ccccc3n2)cc1,c1ccc2nc(COc3ccc(CCCCc4nnn[nH]4)cc3)ccc2c1,c1ccc2nc(COc3ccc(SCCCc4nnn[nH]4)cc3)ccc2c1,c1ccc2nc(COc3ccc(CCCCc4nnn[nH]4)cc3)ccc2c1,c1ccc2nc(COc3ccc(SCCCc4nnn[nH]4)cc3)ccc2c1,False,False,False,,0.5846153846153846,0.7407407407407407,359.433,377.473,18.04000000000002,True,3.8923000000000023,4.051800000000002,0.15949999999999953,True,0.48301330066271214,0.36866520236495887,0.11434809829775328,False,,,,,,,,,,,,,8.0,8.0,0.0,True
edit_latent_source_similarity_rerank,mpair_00012041_cond_01_4p,mpair_00012041,eval,4,"LogP,QED,HBD,RB",Oc1ccccc1N1CCN(c2nc3ccccc3s2)CC1,CCOc1ccccc1N1CCN(c2nc3ccccc3s2)CC1,CN1C(=O)COc2cc(CCN3CCN(c4cccc(C(F)(F)F)c4)CC3)ccc21,c1ccc(N2CCN(c3nc4ccccc4s3)CC2)cc1,O=C1COc2cc(CCN3CCN(c4ccccc4)CC3)ccc2N1,False,True,False,,0.12987012987012986,0.14814814814814814,,,,,4.021600000000004,3.425300000000002,0.596300000000002,True,0.7176611360122138,0.7610571081746383,0.04339597216242452,True,,,,,0.0,0.0,0.0,True,,,,,4.0,4.0,0.0,True
edit_latent_source_similarity_rerank,mpair_00012262_cond_02_4p,mpair_00012262,eval,4,"MW,LogP,TPSA,HBA",COc1cc([C@@H]2c3cc4c(cc3[C@@H](O)C3COC(=O)[C@@H]32)OCO4)cc(O)c1O,COc1cc([C@@H]2c3cc4c(cc3[C@@H](CCN(C)CCN(C)C)C3COC(=O)[C@@H]32)OCO4)cc(OC)c1O,COc1cc([C@@H]2c3cc4c(cc3[C@H](O)[C@H]3COC(CC(C)=O)[C@H]23)OCO4)cc(OC)c1OC,O=C1OCC2Cc3cc4c(cc3[C@@H](c3ccccc3)[C@@H]12)OCO4,c1ccc([C@@H]2c3cc4c(cc3C[C@H]3COC[C@@H]32)OCO4)cc1,False,False,False,,0.4925373134328358,0.375,512.6030000000003,456.49100000000027,56.11200000000002,False,3.0399000000000016,3.2303000000000015,0.1903999999999999,True,,,,,89.93000000000002,92.68,2.749999999999986,True,,,,,9.0,8.0,1.0,True,,,,
edit_latent_source_similarity_rerank,mpair_00013232_cond_00_4p,mpair_00013232,eval,4,"MW,LogP,QED,HBD",CC1=C(C(=O)OC(C)C)C(c2ccccc2Cl)C(C(=O)O)=C(C(=O)O)N1CC(F)(F)F,CCN1C(C)=C(C(=O)NC(C)C)C(c2ccccc2Cl)C(C(=O)O)=C1C(=O)O,NCCNCCCCNCC1CCN(C(=O)Cc2cccc3ccccc23)CC1,C1=CC(c2ccccc2)C=CN1,O=C(Cc1cccc2ccccc12)N1CCCCC1,False,False,False,,0.15294117647058825,0.16049382716049382,406.8660000000002,396.5790000000001,10.287000000000091,True,2.9810000000000008,2.5390000000000015,0.4419999999999993,True,0.6700224475382196,0.5106655664540912,0.15935688108412838,False,,,,,3.0,3.0,0.0,True,,,,,,,,
edit_latent_source_similarity_rerank,mpair_00013572_cond_01_4p,mpair_00013572,eval,4,"MW,QED,HBA,RB",CCOc1ccccc1C(=O)NCC1(c2ccccc2)CCC(=O)CC1,O=C1CCC(CNC(=O)c2ccccc2)(c2ccccc2)CC1,Cc1ccc(Oc2c(Cl)cccc2Cl)c(CC(=O)O)c1,O=C1CCC(CNC(=O)c2ccccc2)(c2ccccc2)CC1,c1ccc(Oc2ccccc2)cc1,False,True,False,,0.17647058823529413,0.14754098360655737,307.39300000000014,311.16400000000004,3.7709999999999013,True,,,,,0.9394539098079496,0.8883030203995094,0.05115088940844026,True,,,,,,,,,2.0,2.0,0.0,True,4.0,4.0,0.0,True
edit_latent_source_similarity_rerank,mpair_00013602_cond_02_4p,mpair_00013602,eval,4,"LogP,QED,HBD,HBA",CCc1ccc(-c2ncc(Cl)cc2-c2ccc(S(C)(=O)=O)cc2)cn1,CS(=O)(=O)c1ccc(-c2cc(Cl)cnc2-c2ccc(CO)nc2)cc1,CS(=O)(=O)c1ccc(-c2cc(Cl)cnc2-c2ccccn2)cc1,c1ccc(-c2cccnc2-c2cccnc2)cc1,c1ccc(-c2cccnc2-c2ccccn2)cc1,False,True,False,,0.5882352941176471,0.5882352941176471,,,,,3.3598000000000017,3.8675000000000033,0.5077000000000016,True,0.7569286028251322,0.7233250185365494,0.03360358428858279,True,,,,,1.0,0.0,1.0,True,5.0,4.0,1.0,True,,,,
edit_latent_source_similarity_rerank,mpair_00014097_cond_01_4p,mpair_00014097,eval,4,"MW,QED,HBA,RB",CCN(CC)CCNc1nc(NCCN(CC)CC)nc(Sc2nnc3c4ccccc4n(C)c3n2)n1,CC(C)Nc1nc(NC(C)C)nc(Sc2nnc3c4ccccc4n(C)c3n2)n1,CC(C)n1cnc2c(Nc3cccc(Cl)c3)nc(N(CCO)CCO)nc21,c1ccc2c(c1)[nH]c1nc(Sc3ncncn3)nnc12,c1ccc(Nc2ncnc3[nH]cnc23)cc1,False,False,False,,0.1724137931034483,0.15853658536585366,409.52300000000014,390.8750000000002,18.64799999999991,True,,,,,0.4946499193808674,0.5432212072808414,0.04857128789997406,True,,,,,,,,,10.0,8.0,2.0,False,6.0,8.0,2.0,False
edit_latent_source_similarity_rerank,mpair_00014124_cond_00_4p,mpair_00014124,eval,4,"MW,LogP,HBA,RB",Cn1c2ccccc2c2nnc(Sc3nc(NC(C)(C)C)nc(NC(C)(C)C)n3)nc21,CCCCNc1nc(C)nc(Sc2nnc3c4ccccc4n(C)c3n2)n1,COc1cccc(-n2nc(C(C)C)c3c(N/N=C/c4ccncc4)ncnc32)c1,c1ccc2c(c1)[nH]c1nc(Sc3ncncn3)nnc12,C(=N/Nc1ncnc2c1cnn2-c1ccccc1)\c1ccncc1,False,True,False,,0.125,0.12631578947368421,380.48100000000005,387.44700000000006,6.966000000000008,True,3.373120000000002,3.7885000000000026,0.41538000000000075,True,,,,,,,,,,,,,9.0,8.0,1.0,True,6.0,6.0,0.0,True
edit_latent_source_similarity_rerank,mpair_00014139_cond_01_4p,mpair_00014139,eval,4,"MW,LogP,QED,RB",CCCCCc1cccc(OC(=O)NC2CCCCC2)c1,Cc1cccc(OC(=O)NC2CCCCC2)c1,CC(=O)NCC1CCc2cccc3cccc1c23,O=C(NC1CCCCC1)Oc1ccccc1,c1cc2c3c(cccc3c1)CCC2,False,True,False,,0.21212121212121213,0.22033898305084745,233.31099999999995,239.318,6.007000000000062,True,3.416120000000002,3.005700000000002,0.41042000000000023,True,0.8496168175637746,0.8572260806728617,0.00760926310908705,True,,,,,,,,,,,,,2.0,2.0,0.0,True
edit_latent_source_similarity_rerank,mpair_00014854_cond_02_4p,mpair_00014854,eval,4,"LogP,TPSA,HBD,HBA",O=C1CC2(CCCC2)CC(=O)N1CCCCN1CCN(c2n[s+]([O-])c3ccccc23)CC1,O=C1CC2(CCC(O)C2)CC(=O)N1CCCCN1CCN(c2n[s+]([O-])c3ccccc23)CC1,Cc1ccc(S(=O)(=O)N2CCc3nc(O)n4nc(-c5ccccc5F)nc4c3C2)cc1,O=C1CC2(CCCC2)CC(=O)N1CCCCN1CCN(c2n[sH+]c3ccccc23)CC1,O=S(=O)(c1ccccc1)N1CCc2ncn3nc(-c4ccccc4)nc3c2C1,False,True,False,,0.12631578947368421,0.12871287128712872,,,,,2.5448000000000004,2.691420000000001,0.14662000000000042,True,,,,,100.04,100.69,0.6499999999999915,True,1.0,1.0,0.0,True,7.0,7.0,0.0,True,,,,
edit_latent_source_similarity_rerank,mpair_00015738_cond_00_4p,mpair_00015738,eval,4,"LogP,QED,TPSA,HBD",COC(=O)C(Cc1ccccc1)c1ccc2c(c1O)C(=O)c1c(O)cccc1C2,O=C1c2c(O)cccc2Cc2ccc(C(Cc3ccccc3)C(=O)NO)c(O)c21,O=C(NO)c1ccc(Cc2ccc3c(c2O)C(=O)c2c(O)cccc2C3)cc1,O=C1c2ccccc2Cc2ccc(CCc3ccccc3)cc21,O=C1c2ccccc2Cc2ccc(Cc3ccccc3)cc21,False,True,False,,0.453125,0.5081967213114754,,,,,3.0647000000000015,2.9428000000000027,0.12189999999999879,True,0.3170091346244461,0.32534394584629134,0.008334811221845262,True,106.86,106.86,0.0,True,4.0,4.0,0.0,True,,,,,,,,
edit_latent_source_similarity_rerank,mpair_00015995_cond_02_4p,mpair_00015995,eval,4,"MW,LogP,QED,RB",CC(C)[C@H](NS(=O)(=O)c1ccccc1)C(=O)NC1=NN=C(c2ccc(Cl)cc2)CS1,Cc1ccc(C2=NN=C(NC(=O)[C@H](C)NS(=O)(=O)c3ccccc3)SC2)cc1,CC(=O)Nc1ccc(S(=O)(=O)NNc2ccc(F)c(Br)c2)cc1,O=C(CNS(=O)(=O)c1ccccc1)NC1=NN=C(c2ccccc2)CS1,O=S(=O)(NNc1ccccc1)c1ccccc1,False,False,False,,0.21333333333333335,0.2054794520547945,416.52800000000013,402.24500000000006,14.283000000000072,True,2.28512,2.8520000000000003,0.5668800000000003,True,0.780952452931761,0.6717144215766581,0.1092380313551029,False,,,,,,,,,,,,,5.0,5.0,0.0,True
edit_latent_source_similarity_rerank,mpair_00016943_cond_00_4p,mpair_00016943,eval,4,"MW,LogP,QED,RB",O=C(O)CCCCCO/N=C(/c1cccc(C(F)(F)F)c1)c1ccncn1,O=C(O)CCCO/N=C(\c1ccccc1)c1ccncn1,O=C(O)CCCO/N=C(/c1ccccc1)c1cccnn1,N=C(c1ccccc1)c1ccncn1,N=C(c1ccccc1)c1cccnn1,False,True,False,,0.4838709677419355,0.6875,285.30300000000005,285.30300000000005,0.0,True,2.1104000000000003,2.1104000000000003,0.0,True,0.47821173389725097,0.47821173389725097,0.0,True,,,,,,,,,,,,,7.0,7.0,0.0,True
edit_latent_source_similarity_rerank,mpair_00016973_cond_01_4p,mpair_00016973,eval,4,"LogP,QED,HBD,RB",CCCc1c(OCCCOc2ccc(C(C)=O)c(OC)c2CCC)ccc2c1OC(C(=O)O)CC2,CCCc1c(OCCCOc2cc(O)c(C(C)=O)cc2CC)ccc2c1OC(C(=O)O)CC2,CCCCc1ccc2nc(-c3ccc(OC)cc3)cc(C(=O)NC[C@@H](C)C(=O)N3CCC[C@@H]3CO)c2c1,c1ccc(OCCCOc2ccc3c(c2)OCCC3)cc1,O=C(NCCC(=O)N1CCCC1)c1cc(-c2ccccc2)nc2ccccc12,False,True,False,,0.18691588785046728,0.17117117117117117,,,,,4.735800000000003,4.602200000000004,0.1335999999999986,True,0.3719898860343696,0.42187942760368125,0.049889541569311635,True,,,,,2.0,2.0,0.0,True,,,,,11.0,10.0,1.0,True
edit_latent_source_similarity_rerank,mpair_00017136_cond_00_4p,mpair_00017136,eval,4,"MW,LogP,QED,RB",CN1C(=O)CCC1(O)c1ccccc1,CCN1C(=O)CCC1(O)c1cccc(C(F)(F)F)c1,Cc1c(C(C)C)c(=O)on1C(=O)N1CCN(c2ccccc2)CC1,O=C1CCC(c2ccccc2)N1,O=C(N1CCN(c2ccccc2)CC1)n1ccc(=O)o1,False,False,False,,0.21052631578947367,0.14084507042253522,273.25399999999996,329.40000000000003,56.14600000000007,False,2.492800000000001,2.6634200000000012,0.17062000000000044,True,0.8989964502984236,0.8497934664775499,0.049202983820873625,True,,,,,,,,,,,,,2.0,2.0,0.0,True
edit_latent_source_similarity_rerank,mpair_00017187_cond_00_4p,mpair_00017187,eval,4,"MW,QED,TPSA,RB",CCNS(=O)(=O)Oc1cc(C(C)(C)C)c(SC2=C(O)OC(CCc3ccc(O)cc3)(c3ccccc3)CC2=O)cc1C,Cc1cc(SC2=C(O)OC(CCc3cccc(O)c3)(c3ccccc3)CC2=O)c(C(C)(C)C)cc1CO,COc1cc(NCc2ccc(O)cc2)c2nccc(C)c2c1Oc1cccc(F)c1,O=C1CC(CCc2ccccc2)(c2ccccc2)OC=C1Sc1ccccc1,c1ccc(CNc2ccc(Oc3ccccc3)c3cccnc23)cc1,False,False,False,,0.18518518518518517,0.1320754716981132,518.6750000000003,404.44100000000014,114.23400000000015,False,,,,,0.31787933229079834,0.4251492831911768,0.10726995090037844,False,86.99,63.61,23.379999999999995,False,,,,,,,,,7.0,6.0,1.0,True
edit_latent_source_similarity_rerank,mpair_00000010_cond_02_5p,mpair_00000010,eval,5,"MW,LogP,QED,HBA,RB",O=C(c1ccccc1C(F)(F)F)N1C[C@H](CN2CCC(c3ccccc3)CC2)[C@@H](c2ccccc2)C1,COc1cccc(C(=O)N2C[C@H](CN3CCC(c4ccccc4)CC3)[C@@H](c3ccccc3)C2)c1,OC(CCCN1CC[C@@H]2[C@@H](C1)c1cc(F)ccc1N2c1ccc(F)cc1)c1ccc(F)cc1,O=C(c1ccccc1)N1C[C@H](CN2CCC(c3ccccc3)CC2)[C@@H](c2ccccc2)C1,c1ccc(CCCCN2CC[C@@H]3[C@@H](C2)c2ccccc2N3c2ccccc2)cc1,False,True,False,,0.1951219512195122,0.18823529411764706,454.61400000000015,452.5200000000001,2.094000000000051,True,5.430600000000005,5.927300000000006,0.4967000000000006,True,0.49786269936596683,0.5024439824323621,0.00458128306639527,True,,,,,,,,,3.0,3.0,0.0,True,6.0,6.0,0.0,True
edit_latent_source_similarity_rerank,mpair_00000668_cond_02_5p,mpair_00000668,eval,5,"LogP,QED,TPSA,HBD,HBA",OC[C@@H]1N[C@@H](CCCCc2ccc(O)cc2)[C@H](O)[C@H]1O,OC[C@@H]1N[C@@H](CCCCc2cc(F)cc(F)c2)[C@H](O)[C@H]1O,Cc1ccc(CCCC[C@@H]2N[C@@H](CO)[C@H](O)[C@H]2O)cc1,c1ccc(CCCC[C@H]2CCCN2)cc1,c1ccc(CCCC[C@H]2CCCN2)cc1,True,True,True,,0.7567567567567568,0.6097560975609756,,,,,0.7320999999999995,0.7623199999999992,0.03021999999999969,True,0.5846986769843887,0.5802758268226561,0.0044228501617326055,True,72.72,72.72,0.0,True,4.0,4.0,0.0,True,4.0,4.0,0.0,True,,,,
edit_latent_source_similarity_rerank,mpair_00000798_cond_00_5p,mpair_00000798,eval,5,"MW,LogP,QED,HBD,RB",C=CCc1cc(/C=C2\SC(=O)N(C(C)C)C2=O)c(OC)cc1OC1CCCCO1,C=CCc1cc(/C=C2\SC(=O)NC2=O)c(OC)cc1OC1CCCCO1,COc1ccc(S(=O)(=O)Nc2ccc(-c3cccnc3)cc2F)cc1OC,O=C1NC(=O)/C(=C/c2ccc(OC3CCCCO3)cc2)S1,O=S(=O)(Nc1ccc(-c2cccnc2)cc1)c1ccccc1,False,True,False,,0.10416666666666667,0.10989010989010989,375.4460000000002,388.42000000000013,12.973999999999933,True,3.6530000000000022,3.705700000000002,0.05269999999999975,True,0.6042673504148035,0.6966200023011688,0.09235265188636532,True,,,,,1.0,1.0,0.0,True,,,,,6.0,6.0,0.0,True
edit_latent_source_similarity_rerank,mpair_00000977_cond_02_5p,mpair_00000977,eval,5,"LogP,QED,TPSA,HBD,HBA",COc1ccc(N2CCN(CCC3NC(=O)c4ccccc43)CC2)cc1,CN1C(=O)c2ccccc2C1CCN1CCN(c2ccc(Cl)cc2)CC1,O=C1NC(CCN2CCN(c3ccc4ccccc4c3)CC2)c2ccccc21,O=C1NC(CCN2CCN(c3ccccc3)CC2)c2ccccc21,O=C1NC(CCN2CCN(c3ccc4ccccc4c3)CC2)c2ccccc21,False,True,False,,0.7169811320754716,0.4426229508196721,,,,,3.679000000000003,3.8366000000000025,0.15759999999999952,True,0.8221231339252668,0.7569508134432963,0.06517232048197052,True,26.790000000000006,35.580000000000005,8.79,True,0.0,1.0,1.0,True,3.0,3.0,0.0,True,,,,
edit_latent_source_similarity_rerank,mpair_00002448_cond_01_5p,mpair_00002448,eval,5,"MW,LogP,TPSA,HBD,HBA",CSc1cc(-c2ccc(Br)cc2)oc(=O)c1Cl,CSc1cc(-c2ccc(Cl)cc2)oc(=O)c1C(N)=O,COc1ccc(C(=O)c2cc(CC(=O)O)cc3ccoc23)cc1,O=c1cccc(-c2ccccc2)o1,O=C(c1ccccc1)c1cccc2ccoc12,False,True,False,,0.10294117647058823,0.12857142857142856,295.747,310.305,14.557999999999993,True,2.7810000000000006,3.299500000000002,0.5185000000000013,True,,,,,73.30000000000001,76.74000000000001,3.4399999999999977,True,1.0,1.0,0.0,True,4.0,4.0,0.0,True,,,,
edit_latent_source_similarity_rerank,mpair_00002471_cond_00_5p,mpair_00002471,eval,5,"LogP,QED,HBD,HBA,RB",COc1cc(C(=O)N2CCN(C(=O)c3cc(OC)c(OC)c(OC)c3)C(CO)C2)cc(OC)c1OC,COc1cc(C(=O)N2CCN(C(=O)c3cc(OC)c(OC)c(OC)c3)C(COC(=O)CC(C)(C)C)C2)cc(OC)c1OC,COc1cc(C(=O)N2CCN(C(=O)c3cc(OC)c(OC)c(OC)c3)CC2)cc(OC)c1OC,O=C(c1ccccc1)N1CCN(C(=O)c2ccccc2)CC1,O=C(c1ccccc1)N1CCN(C(=O)c2ccccc2)CC1,True,False,False,,0.6341463414634146,0.52,,,,,3.684400000000003,2.3364000000000003,1.3480000000000025,False,0.3521539372279048,0.5754127815390553,0.2232588443111505,False,,,,,0.0,0.0,0.0,True,10.0,8.0,2.0,False,11.0,8.0,3.0,False
edit_latent_source_similarity_rerank,mpair_00002506_cond_00_5p,mpair_00002506,eval,5,"MW,QED,TPSA,HBA,RB",COc1ccc(C(=O)Nc2ccncc2Cl)c2cccnc12,COc1ccc(C(=O)Nc2c(Cl)cncc2Cl)c2ccc(C(C)=O)nc12,COc1ccc(-c2cnc3ccc(NC(=O)NC(C)(C)C)nc3c2)cc1OC,O=C(Nc1ccncc1)c1cccc2ncccc12,c1ccc(-c2cnc3cccnc3c2)cc1,False,True,False,,0.24,0.24,390.22600000000017,380.44800000000015,9.77800000000002,True,,,,,0.6681926051832562,0.7072653623760676,0.03907275719281145,True,81.17999999999999,85.37,4.190000000000012,True,,,,,5.0,5.0,0.0,True,4.0,4.0,0.0,True
edit_latent_source_similarity_rerank,mpair_00002932_cond_00_5p,mpair_00002932,eval,5,"LogP,QED,TPSA,HBA,RB",COC(=O)c1cccc(C(=O)NO)c1N(Cc1cccnc1)S(=O)(=O)c1ccc(OC)cc1,COc1ccc(S(=O)(=O)N(Cc2cccnc2)c2c(C)cc(Br)cc2C(=O)NO)cc1,Cc1cccc(C(=O)NO)c1N(Cc1cccnc1)S(=O)(=O)c1ccc(-c2ccc3c(c2)OCO3)cc1,O=S(=O)(c1ccccc1)N(Cc1cccnc1)c1ccccc1,O=S(=O)(c1ccc(-c2ccc3c(c2)OCO3)cc1)N(Cc1cccnc1)c1ccccc1,False,True,False,,0.5657894736842105,0.5789473684210527,,,,,3.675620000000001,4.300220000000003,0.6246000000000018,True,0.3740614499694089,0.2771869996065221,0.09687445036288678,True,108.83000000000001,118.06,9.22999999999999,True,,,,,6.0,7.0,1.0,True,7.0,7.0,0.0,True
edit_latent_source_similarity_rerank,mpair_00003409_cond_00_5p,mpair_00003409,eval,5,"MW,QED,TPSA,HBA,RB",CCOC(=O)C(C)Oc1cccc(N(Cc2cccnc2)S(=O)(=O)CC(F)(F)F)c1,CC(C)Oc1cccc(N(Cc2cccnc2)S(=O)(=O)CC(F)(F)F)c1,CCS(=O)(=O)N(Cc1cccnc1)c1cccc(C(O)c2ccccc2)c1,c1ccc(NCc2cccnc2)cc1,c1ccc(Cc2cccc(NCc3cccnc3)c2)cc1,False,True,False,,0.5,0.5079365079365079,388.41100000000006,382.4850000000001,5.925999999999931,True,,,,,0.7245796953652621,0.6787037886470156,0.045875906718246484,True,59.5,70.5,11.0,True,,,,,4.0,4.0,0.0,True,7.0,7.0,0.0,True
edit_latent_source_similarity_rerank,mpair_00003602_cond_01_5p,mpair_00003602,eval,5,"LogP,QED,TPSA,HBD,HBA",Clc1ccnc(SCc2ccc3ccccc3c2)n1,N#Cc1cc(N)nc(SCc2ccc3ccccc3c2)n1,c1cc(Cc2nnn[nH]2)cc(OCc2ccc3ccccc3n2)c1,c1cnc(SCc2ccc3ccccc3c2)nc1,c1cc(Cc2nnn[nH]2)cc(OCc2ccc3ccccc3n2)c1,False,True,False,,0.234375,0.2028985507246377,,,,,3.375980000000002,2.917700000000001,0.45828000000000113,True,0.5913560926362517,0.6122341375004203,0.020878044864168666,True,75.59,76.58,0.9899999999999949,True,1.0,1.0,0.0,True,5.0,5.0,0.0,True,,,,
edit_latent_source_similarity_rerank,mpair_00004733_cond_02_5p,mpair_00004733,eval,5,"QED,TPSA,HBD,HBA,RB",O=C(N[C@@H](Cc1ccccc1)C(=O)O)c1cccc2ccccc12,CCOC(=O)[C@H](Cc1ccc([N+](=O)[O-])cc1)NC(=O)c1cccc2ccccc12,CC(=O)Nc1ccc(C(OCCn2c([N+](=O)[O-])cnc2C)c2ccccc2)cc1,O=C(NCCc1ccccc1)c1cccc2ccccc12,c1ccc(C(OCCn2ccnc2)c2ccccc2)cc1,False,True,False,,0.15789473684210525,0.2289156626506024,,,,,,,,,0.37588529208280846,0.46185824452942636,0.0859729524466179,True,98.53999999999999,99.28999999999999,0.75,True,1.0,1.0,0.0,True,5.0,6.0,1.0,True,7.0,8.0,1.0,True
edit_latent_source_similarity_rerank,mpair_00004745_cond_01_5p,mpair_00004745,eval,5,"MW,QED,TPSA,HBD,HBA",O=C(N[C@@H](Cc1ccccc1)C(=O)O)c1cccc2ccccc12,CC(C)OC(=O)[C@H](Cc1ccc([N+](=O)[O-])cc1)NC(=O)c1cccc2ccccc12,CCOC(=O)/C=C1\C2C3C=CC(C3)C2C(=O)N1Cc1ccc(-c2ccccc2-c2nn[nH]n2)cc1,O=C(NCCc1ccccc1)c1cccc2ccccc12,C=C1C2C3C=CC(C3)C2C(=O)N1Cc1ccc(-c2ccccc2-c2nn[nH]n2)cc1,False,False,False,,0.125,0.15151515151515152,406.43800000000016,467.5290000000001,61.09099999999995,False,,,,,0.36267930698305967,0.3365539903438317,0.026125316639227958,True,98.53999999999999,101.07000000000001,2.5300000000000153,True,1.0,1.0,0.0,True,5.0,6.0,1.0,True,,,,
edit_latent_source_similarity_rerank,mpair_00004768_cond_01_5p,mpair_00004768,eval,5,"MW,LogP,TPSA,HBD,RB",CCOC(=O)[C@H](Cc1ccc([N+](=O)[O-])cc1)NC(=O)c1cccc2ccccc12,CCNC(=O)C(C)NC(=O)[C@H](Cc1ccc([N+](=O)[O-])cc1)NC(=O)c1cccc2ccccc12,CN(C)c1cccc2c(S(=O)(=O)N[C@@H](Cc3ccc(C(N)NN)cc3)C(=O)N(C)C3CCCC3)cccc12,O=C(NCCc1ccccc1)c1cccc2ccccc12,O=C(NC1CCCC1)[C@H](Cc1ccccc1)NS(=O)(=O)c1cccc2ccccc12,False,False,False,,0.2222222222222222,0.21052631578947367,462.50600000000014,538.7180000000003,76.21200000000016,False,2.7299000000000007,2.6170000000000018,0.11289999999999889,True,,,,,130.44,133.79000000000002,3.3500000000000227,True,3.0,4.0,1.0,True,,,,,9.0,10.0,1.0,True
edit_latent_source_similarity_rerank,mpair_00005156_cond_00_5p,mpair_00005156,eval,5,"MW,LogP,QED,HBD,HBA",COC(=O)[C@H]1C[C@@H](C(=O)O)N1,COC(=O)[C@H]1C[C@@H](C(=O)OC(C)(C)C)N1,CCn1c2cc(N3CCNCC3)c(F)cc2n2c(=O)n(O)c(=O)cc12,C1CNC1,O=c1cc2[nH]c3cc(N4CCNCC4)ccc3n2c(=O)[nH]1,False,False,False,,0.078125,0.09090909090909091,215.249,347.3500000000001,132.10100000000008,False,0.23159999999999942,0.22180000000000027,0.009799999999999143,True,0.6679892922393487,0.6482612372985836,0.019728054940765016,True,,,,,1.0,2.0,1.0,True,5.0,8.0,3.0,False,,,,
edit_latent_source_similarity_rerank,mpair_00006070_cond_01_5p,mpair_00006070,eval,5,"MW,LogP,HBD,HBA,RB",NC(=O)c1csc(-c2nc3c([nH]2)C(=O)C=CC3=O)n1,CCOC(=O)c1csc(-c2nc3c([nH]2)C(=O)C=C(OC)C3=O)n1,CCOC(=O)Oc1ccc2nc(S(N)(=O)=O)sc2c1,O=C1C=CC(=O)c2[nH]c(-c3nccs3)nc21,c1ccc2scnc2c1,False,True,False,,0.12857142857142856,0.21333333333333335,333.3250000000001,302.33299999999997,30.992000000000132,True,1.6191999999999998,1.479,0.14019999999999966,True,,,,,,,,,1.0,1.0,0.0,True,8.0,7.0,1.0,True,4.0,3.0,1.0,True
edit_latent_source_similarity_rerank,mpair_00006864_cond_01_5p,mpair_00006864,eval,5,"LogP,TPSA,HBD,HBA,RB",C[C@@H](Cc1ccc(Cl)c(Cl)c1)C(=O)N[C@H]1N=C(c2ccccc2)c2ccccc2N(C)C1=O,CC(C(=O)N[C@H]1N=C(c2ccccc2)c2ccccc2N(C)C1=O)C(CO)c1ccc(F)c(F)c1,CN1C(=O)[C@@H](NC(=O)[C@H](c2ccc(F)cc2)[C@@H](O)c2ccc(F)c(F)c2)N=C(c2ccccc2)c2ccccc21,O=C(CCc1ccccc1)N[C@H]1N=C(c2ccccc2)c2ccccc2NC1=O,O=C1Nc2ccccc2C(c2ccccc2)=N[C@@H]1NC(=O)[C@@H](Cc1ccccc1)c1ccccc1,False,False,False,,0.5194805194805194,0.6901408450704225,,,,,3.6331000000000024,4.877400000000004,1.2443000000000017,False,,,,,82.0,82.0,0.0,True,2.0,2.0,0.0,True,4.0,4.0,0.0,True,6.0,6.0,0.0,True
edit_latent_source_similarity_rerank,mpair_00007247_cond_01_5p,mpair_00007247,eval,5,"MW,LogP,QED,HBA,RB",CC(C)Sc1cc(-c2ccccc2)c(-c2ccc(S(C)(=O)=O)cc2)c(=O)o1,CCc1cc(-c2ccccc2)c(-c2ccc(S(C)(=O)=O)cc2)c(=O)o1,CC(C)c1ccccc1Sc1c(O)cc(-c2cccc(O)c2)oc1=O,O=c1occc(-c2ccccc2)c1-c1ccccc1,O=c1oc(-c2ccccc2)ccc1Sc1ccccc1,False,False,False,,0.2878787878787879,0.20588235294117646,354.4270000000001,354.4270000000001,0.0,True,3.9397000000000038,4.992600000000005,1.052900000000001,False,0.7117564278043503,0.6903320054652117,0.02142442233913866,True,,,,,,,,,4.0,5.0,1.0,True,4.0,4.0,0.0,True
edit_latent_source_similarity_rerank,mpair_00007397_cond_02_5p,mpair_00007397,eval,5,"MW,QED,TPSA,HBA,RB",CS(=O)(=O)Nc1cc(OCCNCc2ccccc2)ccc1Cl,COc1ccc(OCCNCc2ccccc2)cc1,COc1ccc(CCCCc2ccccc2)cc1CCN,c1ccc(CNCCOc2ccccc2)cc1,c1ccc(CCCCc2ccccc2)cc1,False,True,False,,0.19047619047619047,0.26,257.333,283.4150000000001,26.08200000000005,True,,,,,0.773652726505582,0.7486285859688151,0.025024140536766937,True,30.490000000000002,35.25,4.759999999999998,True,,,,,3.0,2.0,1.0,True,7.0,8.0,1.0,True
edit_latent_source_similarity_rerank,mpair_00007424_cond_00_5p,mpair_00007424,eval,5,"LogP,QED,TPSA,HBA,RB",O=C(O)CN1C(=O)C(=O)N(Cc2ccccc2Cl)C1=O,O=C(O)CN1C(=O)C(=O)N(Cc2ccc([N+](=O)[O-])cc2)C1=O,Nc1nc(O)c2c(ncn2CC(O)CNC(=O)c2ccc(Cl)cc2)n1,O=C1NC(=O)N(Cc2ccccc2)C1=O,O=C(NCCCn1cnc2ncncc21)c1ccccc1,False,False,False,,0.136986301369863,0.11842105263157894,,,,,-0.029799999999999827,0.5584,0.5881999999999998,True,0.348567985141265,0.5195421713792454,0.17097418623798039,False,138.13,139.18,1.0500000000000114,True,,,,,6.0,8.0,2.0,False,5.0,5.0,0.0,True
edit_latent_source_similarity_rerank,mpair_00007436_cond_00_5p,mpair_00007436,eval,5,"LogP,QED,TPSA,HBA,RB",O=C(O)CN1C(=O)C(=O)N(Cc2ccc(Cl)cc2)C1=O,O=C(O)CN1C(=O)C(=O)N(Cc2ccccc2[N+](=O)[O-])C1=O,CC(=O)Nc1ccc(CC2CN=C(N)N=C2N)cc1[N+](=O)[O-],O=C1NC(=O)N(Cc2ccccc2)C1=O,C1=NC=NCC1Cc1ccccc1,False,False,False,,0.13043478260869565,0.19718309859154928,,,,,-0.029799999999999827,0.39740000000000064,0.42720000000000047,True,0.3485679851412651,0.5432095731325844,0.19464158799131936,False,138.13,149.0,10.870000000000005,True,,,,,6.0,7.0,1.0,True,5.0,4.0,1.0,True
edit_latent_source_similarity_rerank,mpair_00007665_cond_00_5p,mpair_00007665,eval,5,"LogP,QED,TPSA,HBD,HBA",CC1CCCCN1CCCOc1ccc(-c2ccc(C#N)cc2)cc1,N#Cc1ccc(-c2ccc(OCCCN3CCC(N)CC3)cc2)cc1,CCOC(=O)N1CCN(CCCOc2ccc(-c3cc[nH]c3)cc2)CC1,c1ccc(-c2ccc(OCCCN3CCCCC3)cc2)cc1,c1cc(-c2ccc(OCCCN3CCNCC3)cc2)c[nH]1,False,True,False,,0.3230769230769231,0.38333333333333336,,,,,3.4172800000000016,3.224700000000002,0.19257999999999953,True,0.8217902361297238,0.773198515235966,0.04859172089375774,True,62.28,57.800000000000004,4.479999999999997,True,1.0,1.0,0.0,True,4.0,4.0,0.0,True,,,,
edit_latent_source_similarity_rerank,mpair_00007671_cond_01_5p,mpair_00007671,eval,5,"MW,LogP,QED,HBD,HBA",Cc1cc(CC(N)C(=O)O)cc(C)c1Oc1ccc(O)c(Cc2ccc(O)nc2)c1,O=C(O)CCc1cc(Br)c(Oc2ccc(O)c(Cc3ccc(O)nc3)c2)c(Br)c1,CC(C)[C@H](OC(=O)N[C@](C)(Cc1ccccc1)C(=O)NCCCCCCCCO)c1ccccc1,c1ccc(Oc2cccc(Cc3cccnc3)c2)cc1,O=C(NCCc1ccccc1)OCc1ccccc1,False,False,False,,0.1348314606741573,0.11235955056179775,523.1770000000002,482.6650000000004,40.51199999999983,False,5.418100000000004,5.560400000000007,0.1423000000000023,True,0.38291691722181104,0.2900696675944319,0.09284724962737911,True,,,,,3.0,3.0,0.0,True,5.0,4.0,1.0,True,,,,
edit_latent_source_similarity_rerank,mpair_00007680_cond_00_5p,mpair_00007680,eval,5,"MW,QED,TPSA,HBA,RB",CC(=O)NC1N=C(c2ccccc2)c2ccccc2N(CC(=O)NCCc2cccc(Cl)c2)C1=O,CC(=O)CCCC(=O)NC1N=C(c2ccccc2)c2ccccc2N(CC(=O)NCCc2ccccc2)C1=O,CCCCCNC(=O)c1cccc(S(=O)(=O)Nc2ncc(Br)nc2OC)c1-c1ccc(CC(C)C)cc1,O=C(CN1C(=O)CN=C(c2ccccc2)c2ccccc21)NCCc1ccccc1,O=S(=O)(Nc1cnccn1)c1ccccc1-c1ccccc1,False,False,False,,0.16216216216216217,0.15454545454545454,524.6210000000003,589.5560000000002,64.93499999999983,False,,,,,0.40069205193098983,0.25729285095305376,0.14339920097793607,False,107.94,110.28,2.3400000000000034,True,,,,,5.0,6.0,1.0,True,11.0,12.0,1.0,True
edit_latent_source_similarity_rerank,mpair_00007691_cond_01_5p,mpair_00007691,eval,5,"MW,LogP,QED,HBA,RB",CC(=O)CCCC(=O)NC1N=C(c2ccccc2)c2ccccc2N(CC(=O)NCCc2ccccc2Cl)C1=O,CC(=O)NC1N=C(c2ccccc2)c2ccccc2N(CC(=O)NCCc2cccc(Cl)c2)C1=O,CCOC(=O)CN1C(=O)C(NC(=O)c2ccccc2Cl)N=C(c2ccccc2F)c2ccccc21,O=C(CN1C(=O)CN=C(c2ccccc2)c2ccccc21)NCCc1ccccc1,O=C(NC1N=C(c2ccccc2)c2ccccc2NC1=O)c1ccccc1,False,True,False,,0.4235294117647059,0.4,488.9750000000003,493.9220000000002,4.946999999999889,True,3.3451000000000013,3.982300000000003,0.6372000000000018,True,0.5340646911534161,0.5260084764145514,0.008056214738864753,True,,,,,,,,,4.0,5.0,1.0,True,7.0,6.0,1.0,True
edit_latent_source_similarity_rerank,mpair_00007804_cond_00_5p,mpair_00007804,eval,5,"MW,LogP,HBD,HBA,RB",CO[C@H]1O[C@H](CO)[C@H](O)[C@H](OCc2cc3ccccc3o/c2=N\S(=O)(=O)c2ccccc2)[C@H]1OC(C)=O,CO[C@H]1O[C@H](CO)[C@H](O)[C@H](OCc2cc3ccccc3o/c2=N\S(=O)(=O)c2ccccc2)[C@H]1O,COc1cc([C@@H]2c3cc4c(cc3[C@H](O)[C@@H](CO)[C@@H]2C(=O)O)OCO4)cc(OC)c1OC,O=S(=O)(/N=c1\oc2ccccc2cc1COC1CCOCC1)c1ccccc1,c1ccc([C@H]2CCCc3cc4c(cc32)OCO4)cc1,False,False,False,,0.18947368421052632,0.18888888888888888,491.5180000000002,432.42500000000024,59.09299999999996,False,0.6929999999999996,1.9292999999999996,1.2363,False,,,,,,,,,3.0,3.0,0.0,True,9.0,8.0,1.0,True,7.0,6.0,1.0,True
edit_latent_source_similarity_rerank,mpair_00007872_cond_02_5p,mpair_00007872,eval,5,"LogP,QED,TPSA,HBA,RB",O=C1CC2(C(=O)N1)C(=O)N(Cc1ccc([N+](=O)[O-])cc1)C(=O)c1cccn12,O=C1CC2(C(=O)N1)C(=O)N(Cc1ccccc1Br)C(=O)c1cccn12,O=C(O)Cc1cccc2c1Cc1c-2nc(O)c2nccn12,O=C1CC2(C(=O)N1)C(=O)N(Cc1ccccc1)C(=O)c1cccn12,c1ccc2c(c1)Cc1c-2ncc2nccn12,False,True,False,,0.1111111111111111,0.14285714285714285,,,,,1.1749999999999998,1.6332,0.45820000000000016,True,0.6037446721729127,0.5828274347720684,0.02091723740084428,True,88.48000000000002,87.72,0.7600000000000193,True,,,,,5.0,5.0,0.0,True,2.0,2.0,0.0,True
edit_latent_source_similarity_rerank,mpair_00007888_cond_01_5p,mpair_00007888,eval,5,"LogP,QED,TPSA,HBA,RB",O=C1CC2(C(=O)N1)C(=O)N(Cc1ccccc1Br)C(=O)c1cccn12,O=C1CC2(C(=O)N1)C(=O)N(Cc1ccc([N+](=O)[O-])cc1)C(=O)c1cccn12,CCn1cc(C(=O)O)c(=O)c2cc(F)c(N3CC(N)C(O)C3)nc21,O=C1CC2(C(=O)N1)C(=O)N(Cc1ccccc1)C(=O)c1cccn12,O=c1cc[nH]c2nc(N3CCCC3)ccc12,False,False,False,,0.07777777777777778,0.07608695652173914,,,,,0.32069999999999976,-0.23809999999999942,0.5587999999999992,True,0.3591511924323177,0.707054976479454,0.34790378404713634,False,131.62,121.68,9.939999999999998,True,,,,,7.0,7.0,0.0,True,3.0,3.0,0.0,True
edit_latent_source_similarity_rerank,mpair_00008149_cond_01_5p,mpair_00008149,eval,5,"MW,QED,HBD,HBA,RB",CC(C)N(CC(O)Cn1c2ccccc2c(=O)c2cccc(C(=O)O)c21)C(C)C,CCN(CC)CC(O)Cn1c2ccccc2c(=O)c2cccc(Cl)c21,Cc1ccccc1C(OCC(O)CN1C(C)CCCC1C)c1ccccc1,O=c1c2ccccc2[nH]c2ccccc12,c1ccc(C(OCCCN2CCCCC2)c2ccccc2)cc1,False,True,False,,0.18421052631578946,0.17333333333333334,358.8690000000001,367.5330000000001,8.663999999999987,True,,,,,0.6857244766376484,0.7681519705205614,0.08242749388291304,True,,,,,1.0,1.0,0.0,True,4.0,3.0,1.0,True,6.0,7.0,1.0,True
edit_latent_source_similarity_rerank,mpair_00008195_cond_02_5p,mpair_00008195,eval,5,"MW,LogP,QED,TPSA,HBA",OC1Cc2cccc(I)c2CC1N1CCC(c2ccccc2)CC1,CC(=O)Nc1cccc2c1CC(N1CCC(c3ccccc3)CC1)C(O)C2,O[C@@H]1c2cc(F)c(F)cc2C[C@H]1N1CCC(c2cccc3c2OCCO3)CC1,c1ccc(C2CCN(C3CCc4ccccc4C3)CC2)cc1,c1ccc2c(c1)CC(N1CCC(c3cccc4c3OCCO4)CC1)C2,False,True,False,,0.29850746268656714,0.273972602739726,364.4890000000001,387.4260000000003,22.937000000000182,True,3.3527000000000022,3.5737000000000014,0.2209999999999992,True,0.8781331561832402,0.8555380163043961,0.022595139878844095,True,52.57000000000001,41.93000000000001,10.64,True,,,,,3.0,4.0,1.0,True,,,,
edit_latent_source_similarity_rerank,mpair_00008524_cond_01_5p,mpair_00008524,eval,5,"LogP,QED,TPSA,HBD,HBA",OCCOc1ccc(Cc2ccc(NC3=NCCN3)cc2)cc1,CCCOc1ccc(Cc2ccc(NC3=NCCN3)cc2)cc1,Cc1cccc(OCCNc2ccncc2)c1,c1ccc(Cc2ccc(NC3=NCCN3)cc2)cc1,c1ccc(OCCNc2ccncc2)cc1,False,True,False,,0.21311475409836064,0.23333333333333334,,,,,3.4373000000000014,2.8809200000000006,0.5563800000000008,True,0.8590330575707383,0.7989222809317088,0.06011077663902953,True,45.65,34.15,11.5,True,2.0,1.0,1.0,True,4.0,3.0,1.0,True,,,,
edit_latent_source_similarity_rerank,mpair_00008547_cond_00_5p,mpair_00008547,eval,5,"LogP,QED,TPSA,HBA,RB",O=c1[nH]c(=O)n(COCCO)cc1Cc1cccc(Oc2ccc(F)cc2)c1,O=c1[nH]c(=O)n(COC(CO)CO)cc1Cc1cccc(Oc2ccc(F)cc2)c1,CS(=O)(=O)Nc1ccc(OCCN2CCN(C(=O)c3ccc(NS(C)(=O)=O)cc3)CC2)cc1,O=c1[nH]cc(Cc2cccc(Oc3ccccc3)c2)c(=O)[nH]1,O=C(c1ccccc1)N1CCN(CCOc2ccccc2)CC1,False,True,False,,0.13253012048192772,0.11764705882352941,,,,,1.3861000000000008,1.2664,0.1197000000000008,True,0.48581208962950656,0.5354964302982576,0.04968434066875099,True,113.78000000000002,125.12,11.33999999999999,True,,,,,7.0,7.0,0.0,True,9.0,9.0,0.0,True
edit_latent_source_similarity_rerank,mpair_00008646_cond_02_5p,mpair_00008646,eval,5,"MW,LogP,QED,HBD,RB",N#Cc1ccccc1N1CCN(C(=O)c2cc3ccccc3[nH]2)CC1,CC(C)Nc1ccc(F)cc1N1CCN(C(=O)c2cc3ccccc3[nH]2)CC1,CNc1cc(OC)c(C(=O)N[C@H]2CCN(Cc3ccccc3)C[C@@H]2C)cc1Cl,O=C(c1cc2ccccc2[nH]1)N1CCN(c2ccccc2)CC1,O=C(NC1CCN(Cc2ccccc2)CC1)c1ccccc1,False,False,False,,0.13953488372093023,0.16483516483516483,380.4670000000001,401.9380000000001,21.471000000000004,True,4.089700000000003,4.030700000000003,0.05900000000000016,True,0.7168114142147228,0.766829577183387,0.050018162968664126,True,,,,,2.0,2.0,0.0,True,,,,,4.0,6.0,2.0,False
edit_latent_source_similarity_rerank,mpair_00008735_cond_00_5p,mpair_00008735,eval,5,"MW,QED,HBD,HBA,RB",CC(=O)Oc1ccc(-c2c(C)c3ccc(OC(C)=O)cc3n2Cc2ccccc2)cc1,Cc1c(-c2ccc(O)cc2)n(Cc2ccccc2)c2cc(O)ccc12,Cc1cc(C(=O)O)ccc1Nc1c2ccccc2nc2ccccc12,c1ccc(Cn2c(-c3ccccc3)cc3ccccc32)cc1,c1ccc(Nc2c3ccccc3nc3ccccc23)cc1,False,True,False,,0.21212121212121213,0.21666666666666667,329.39900000000006,328.37100000000004,1.02800000000002,True,,,,,0.5506176369119878,0.5112741261185072,0.03934351079348064,True,,,,,2.0,2.0,0.0,True,3.0,3.0,0.0,True,3.0,3.0,0.0,True
edit_latent_source_similarity_rerank,mpair_00009373_cond_01_5p,mpair_00009373,eval,5,"MW,LogP,QED,TPSA,HBA",CC(C)(C)C(=O)NCc1ccc(NC(=O)N(CC(O)c2cccc(C#N)c2)C2CCC2)cc1,CC(C)(C)C(=O)NCc1ccc(NC(=O)N(CC(O)c2cc(Cl)cc(Cl)c2)C2CCC2)cc1,CCCCC1(C(=O)N[C@@H](Cc2ccc(NC(=O)c3c(Cl)cccc3Cl)cc2)C(=O)O)CCCC1,O=C(Nc1ccccc1)N(CCc1ccccc1)C1CCC1,O=C(Nc1ccc(CCNC(=O)C2CCCC2)cc1)c1ccccc1,False,True,False,,0.22580645161290322,0.2413793103448276,492.44700000000023,505.44200000000035,12.995000000000118,True,5.775700000000006,6.108200000000005,0.3324999999999996,True,0.45873063056047403,0.36325584094065855,0.09547478961981548,True,81.67,95.50000000000001,13.830000000000013,True,,,,,3.0,3.0,0.0,True,,,,
edit_latent_source_similarity_rerank,mpair_00009967_cond_01_5p,mpair_00009967,eval,5,"LogP,QED,TPSA,HBA,RB",CN1C(=O)CC[C@]2(C)c3ccc(Cl)cc3CC[C@@H]12,CN1C(=O)CC[C@]2(C)c3ccc(CC(=O)O)cc3CC[C@@H]12,CN1C2CCC1CC(NC(=O)c1ccc(N)c(Cl)c1)C2,O=C1CCC2c3ccccc3CC[C@H]2N1,O=C(NC1CC2CCC(C1)N2)c1ccccc1,False,True,False,,0.2153846153846154,0.19718309859154928,,,,,2.1384,2.2771999999999997,0.1387999999999998,True,0.9063391182403678,0.8226096611611926,0.08372945707917523,True,57.61,58.36,0.75,True,,,,,2.0,3.0,1.0,True,2.0,2.0,0.0,True
edit_latent_source_similarity_rerank,mpair_00010005_cond_01_5p,mpair_00010005,eval,5,"LogP,QED,HBD,HBA,RB",NC(=O)c1ccc(-c2ccc(CC(=O)Nc3cc(C4CC4)[nH]n3)cc2)cc1,Cc1cccc(-c2ccc(CC(=O)Nc3cc(C4CC4)[nH]n3)cc2)c1,CC(C)[C@H](NC(=O)Cn1ccc2cc(-c3cccc4ccccc34)ccc21)C(=O)O,O=C(Cc1ccc(-c2ccccc2)cc1)Nc1cc(C2CC2)[nH]n1,c1ccc2c(-c3ccc4[nH]ccc4c3)cccc2c1,False,False,False,,0.14457831325301204,0.18072289156626506,,,,,4.443720000000002,4.686900000000003,0.2431800000000015,True,0.725772975474698,0.49333607171878835,0.23243690375590964,False,,,,,2.0,2.0,0.0,True,2.0,3.0,1.0,True,5.0,6.0,1.0,True
edit_latent_source_similarity_rerank,mpair_00010714_cond_02_5p,mpair_00010714,eval,5,"MW,LogP,QED,HBD,RB",CC(C)C1=CC2CC3(C=O)[C@@H]4CC[C@@H](C)[C@H]4CC2(CO[C@H]2CN[C@H](C)CO2)[C@]13C(=O)O,C=C(Cl)CN1C[C@H](OCC23C[C@@H]4[C@H](C)CC[C@H]4C4(C=O)CC2C=C(C(C)C)[C@@]34C(=O)O)OC[C@H]1C,Cc1oc(-c2ccncc2)nc1CCOc1ccc(/C=C(\CC(=O)N2C[C@H]3CCCC[C@H]3C2)C(=O)O)cc1,C1=CC2C3CC1C2(CO[C@H]1CNCCO1)C[C@@H]1CCC[C@@H]31,O=C(C/C=C\c1ccc(OCCc2coc(-c3ccncc3)n2)cc1)N1C[C@H]2CCCC[C@H]2C1,False,True,False,,0.1415929203539823,0.15126050420168066,506.0830000000003,515.6100000000005,9.527000000000157,True,4.726900000000004,5.173220000000004,0.44632000000000005,True,0.3795111965843427,0.39183210537595825,0.01232090879161557,True,,,,,1.0,1.0,0.0,True,,,,,8.0,9.0,1.0,True
edit_latent_source_similarity_rerank,mpair_00010899_cond_00_5p,mpair_00010899,eval,5,"LogP,QED,TPSA,HBA,RB",CC(C)[C@H](NC(=O)[C@@H]1Cc2ccccc2CN1C(=O)[C@@H](N)Cc1c[nH]c2ccccc12)C(=O)O,NC(=O)CC[C@H](NC(=O)[C@@H]1Cc2ccccc2CN1C(=O)[C@@H](N)Cc1c[nH]c2ccccc12)C(=O)O,CC1CCN(C(=O)C(CCCN=C(N)N)NS(=O)(=O)c2ccc3c(c2)-c2ccccc2C3)C(C(=O)O)C1,O=C(CCc1c[nH]c2ccccc12)N1CCc2ccccc2C1,O=C(CNS(=O)(=O)c1ccc2c(c1)-c1ccccc1C2)N1CCCCC1,False,False,False,,0.2169811320754717,0.24528301886792453,,,,,0.826100000000002,1.670000000000002,0.8438999999999999,True,0.29652005438814183,0.18636667273356697,0.11015338165457486,False,171.60999999999999,168.17999999999998,3.430000000000007,True,,,,,5.0,5.0,0.0,True,9.0,9.0,0.0,True
edit_latent_source_similarity_rerank,mpair_00010919_cond_01_5p,mpair_00010919,eval,5,"MW,LogP,QED,HBD,RB",COc1cc2nc(N3CCCC3)nc(NCCCCCN3CCNCC3)c2cc1OC,COc1cc2nc(N3CCCC3)nc(NCCCCCN3CCN(C(C)C)CC3)c2cc1OC,COc1cc2nc(N3CCN(C)CC3)nc(NCCCCCN3CCCC3)c2cc1OC,c1ccc2c(NCCCCCN3CCNCC3)nc(N3CCCC3)nc2c1,c1ccc2c(NCCCCCN3CCCC3)nc(N3CCNCC3)nc2c1,False,True,False,,0.7894736842105263,0.7627118644067796,470.6620000000004,442.6080000000004,28.053999999999974,True,3.855400000000003,3.0768000000000013,0.7786000000000017,True,0.49692764299392717,0.5634060251701115,0.06647838217618435,True,,,,,1.0,1.0,0.0,True,,,,,11.0,10.0,1.0,True
edit_latent_source_similarity_rerank,mpair_00011098_cond_00_5p,mpair_00011098,eval,5,"LogP,QED,TPSA,HBD,HBA",Cc1nn(-c2ccccc2)c2c1c(O)nc1ccccc12,Cc1cccc(-n2nc(C)c3c(Cl)nc4ccccc4c32)c1,CCCCNc1c2ccccc2nc2ccccc12,c1ccc(-n2ncc3cnc4ccccc4c32)cc1,c1ccc2nc3ccccc3cc2c1,False,True,False,,0.2978723404255319,0.25925925925925924,,,,,4.8439400000000035,4.600000000000003,0.24394000000000027,True,0.4708782994807681,0.5404160466432264,0.06953774716245831,True,30.71,24.92,5.789999999999999,True,0.0,1.0,1.0,True,3.0,2.0,1.0,True,,,,
edit_latent_source_similarity_rerank,mpair_00011110_cond_01_5p,mpair_00011110,eval,5,"LogP,QED,TPSA,HBD,HBA",COc1cccc(-n2nc(C)c3c(O)nc4ccccc4c32)c1,COc1nc2ccccc2c2c1c(C)nn2-c1cccc(Cl)c1,CCN(CC)C(=O)c1ccc(N(c2cccc(OC)c2)[C@@H]2C[C@H]3CC[C@@H](C2)N3C)cc1,c1ccc(-n2ncc3cnc4ccccc4c32)cc1,c1ccc(N(c2ccccc2)[C@@H]2C[C@H]3CC[C@@H](C2)N3)cc1,False,True,False,,0.2077922077922078,0.15853658536585366,,,,,4.544120000000003,4.940500000000005,0.3963800000000024,True,0.5432876380245963,0.634391420740527,0.09110378271593067,True,39.940000000000005,36.02,3.9200000000000017,True,0.0,0.0,0.0,True,4.0,4.0,0.0,True,,,,
edit_latent_source_similarity_rerank,mpair_00012048_cond_00_5p,mpair_00012048,eval,5,"LogP,QED,TPSA,HBD,HBA",Oc1ccccc1N1CCN(c2nc3ccccc3s2)CC1,Clc1cccc(N2CCN(c3nc4ccccc4s3)CC2)c1,c1ccc2c(c1)CCN(c1ccnc3ccccc13)C2,c1ccc(N2CCN(c3nc4ccccc4s3)CC2)cc1,c1ccc2c(c1)CCN(c1ccnc3ccccc13)C2,False,False,False,,0.24074074074074073,0.20689655172413793,,,,,4.276300000000003,3.797500000000002,0.47880000000000056,True,0.6993705773617076,0.6613525734183026,0.03801800394340504,True,19.37,16.130000000000003,3.2399999999999984,True,0.0,0.0,0.0,True,4.0,2.0,2.0,False,,,,
edit_latent_source_similarity_rerank,mpair_00013357_cond_00_5p,mpair_00013357,eval,5,"LogP,QED,TPSA,HBD,HBA",COC(=O)[C@H](c1cccc(C)c1)[C@H]1CCCCN1C,COC(=O)[C@H](c1ccc(O)cc1)[C@H]1CCCCN1C,COc1cccc(N2CCN(C(=O)NCCN(C)C)CC2)c1,c1ccc(C[C@H]2CCCCN2)cc1,c1ccc(N2CCNCC2)cc1,False,False,False,,0.2727272727272727,0.23076923076923078,,,,,2.1330999999999998,1.0884,1.0446999999999997,False,0.8487909113672916,0.8845158990598574,0.035724987692565824,True,49.77,48.050000000000004,1.7199999999999989,True,1.0,1.0,0.0,True,4.0,4.0,0.0,True,,,,
edit_latent_source_similarity_rerank,mpair_00013608_cond_01_5p,mpair_00013608,eval,5,"LogP,TPSA,HBD,HBA,RB",CS(=O)(=O)c1ccc(-c2cc(Cl)cnc2-c2ccc(CO)nc2)cc1,CS(=O)(=O)c1ccc(-c2cc(Cl)cnc2-c2cccnc2)cc1,Cc1nc(Cl)c(-c2ccc(F)cc2)n1-c1ccc(S(C)(=O)=O)cc1,c1ccc(-c2cccnc2-c2cccnc2)cc1,c1ccc(-c2cncn2-c2ccccc2)cc1,False,True,False,,0.2903225806451613,0.29508196721311475,,,,,3.8675000000000024,4.043720000000003,0.1762200000000007,True,,,,,59.92,51.96,7.960000000000001,True,0.0,0.0,0.0,True,4.0,4.0,0.0,True,3.0,3.0,0.0,True
edit_latent_source_similarity_rerank,mpair_00013945_cond_00_5p,mpair_00013945,eval,5,"LogP,QED,TPSA,HBD,HBA",CC(c1cccc(C(=N)N)n1)C1OCCO1,CSC(=N)c1cccc(C(C)C2OCCO2)n1,COc1cc(CC(=O)NC2CCN(Cc3ccccc3)CC2)cc(OC)c1OC,c1ccc(CC2OCCO2)nc1,O=C(Cc1ccccc1)NC1CCN(Cc2ccccc2)CC1,False,True,False,,0.1111111111111111,0.10810810810810811,,,,,2.2463699999999998,3.035700000000001,0.7893300000000014,True,0.6618999522301771,0.7407059240192627,0.07880597178908566,True,55.2,60.03,4.829999999999998,True,1.0,1.0,0.0,True,5.0,5.0,0.0,True,,,,
edit_latent_source_similarity_rerank,mpair_00014860_cond_02_5p,mpair_00014860,eval,5,"MW,LogP,HBD,HBA,RB",CCCCCCNc1nc2ccccc2n2cncc12,CCCc1nc2ccccc2n2cncc12,CC1Cc2c(ccc3c2ncn3-c2ccccc2)O1,c1ccc2c(c1)ncc1cncn12,c1ccc(-n2cnc3c4c(ccc32)OCC4)cc1,False,False,False,,0.14705882352941177,0.16393442622950818,211.268,250.301,39.03299999999999,False,2.835000000000001,3.3489000000000013,0.5139000000000005,True,,,,,,,,,0.0,0.0,0.0,True,3.0,3.0,0.0,True,2.0,1.0,1.0,True
edit_latent_source_similarity_rerank,mpair_00015735_cond_02_5p,mpair_00015735,eval,5,"QED,TPSA,HBD,HBA,RB",O=C1c2c(O)cccc2Cc2ccc(CCc3ccccc3)c(O)c21,O=C1c2c(O)cccc2Cc2ccc(C(Cc3ccccc3)C(=O)NO)c(O)c21,Nc1nc(N)c2c(CNc3cccc4c3CCCC4)c[nH]c2n1,O=C1c2ccccc2Cc2ccc(CCc3ccccc3)cc21,c1cc2c(c(NCc3c[nH]c4ncncc34)c1)CCCC2,False,False,False,,0.1388888888888889,0.13580246913580246,,,,,,,,,0.3170091346244461,0.5949588276034936,0.27794969297904754,False,106.86,105.64,1.2199999999999989,True,4.0,4.0,0.0,True,5.0,5.0,0.0,True,4.0,3.0,1.0,True
edit_latent_source_similarity_rerank,mpair_00016518_cond_00_5p,mpair_00016518,eval,5,"MW,LogP,QED,HBD,RB",CCCN(CCC)CCCNc1ncc(C)c2c1c1cnccc1n2C,CCNCCCNc1ncc(C)c2c1c1cnccc1n2C,Cc1cnc(NCCCN2CCOCC2)c2c3cnccc3n(C)c12,c1cc2[nH]c3ccncc3c2cn1,c1cc2[nH]c3ccnc(NCCCN4CCOCC4)c3c2cn1,False,False,False,,0.639344262295082,0.6842105263157895,297.40600000000006,339.44300000000004,42.03699999999998,False,2.8414200000000003,2.56412,0.2773000000000003,True,0.6869994749888312,0.7242050670770338,0.03720559208820262,True,,,,,2.0,1.0,1.0,True,,,,,6.0,5.0,1.0,True
edit_latent_source_similarity_rerank,mpair_00017118_cond_02_5p,mpair_00017118,eval,5,"MW,QED,HBD,HBA,RB",COc1ccccc1N1CCN(c2cc3c(cc2N)c(=O)c(C(=O)O)cn3C(C)(C)C)CC1,COc1ccccc1N1CCN(c2c(F)cc3c(=O)c(C(=O)O)cn(CCN(C)C)c3c2OC(F)F)CC1,COc1ccc(S(N)(=O)=O)cc1C(=O)N1CCN(Cc2cc(OC)c(OC)c(OC)c2)CC1,O=c1cc[nH]c2cc(N3CCN(c4ccccc4)CC3)ccc12,O=C(c1ccccc1)N1CCN(Cc2ccccc2)CC1,False,False,False,,0.21951219512195122,0.19791666666666666,534.5350000000001,479.55500000000035,54.979999999999734,False,,,,,0.44758921140603314,0.6020233982937157,0.1544341868876825,False,,,,,1.0,1.0,0.0,True,8.0,8.0,0.0,True,9.0,8.0,1.0,True
edit_latent_source_similarity_rerank,mpair_00017209_cond_00_5p,mpair_00017209,eval,5,"QED,TPSA,HBD,HBA,RB",O=C(NCc1ccc([N+](=O)[O-])cc1)OCCCc1c[nH]cn1,CN(Cc1ccccc1)C(=O)OCCCc1c[nH]cn1,O=C(c1ccc(OCCCc2c[nH]cn2)cc1)C1CC1,O=C(NCc1ccccc1)OCCCc1c[nH]cn1,O=C(c1ccc(OCCCc2c[nH]cn2)cc1)C1CC1,False,False,False,,0.4098360655737705,0.43103448275862066,,,,,,,,,0.8230012341030899,0.6212509706949733,0.20175026340811664,False,58.22,54.980000000000004,3.239999999999995,True,1.0,1.0,0.0,True,3.0,3.0,0.0,True,6.0,7.0,1.0,True
edit_latent_source_similarity_rerank,mpair_00001355_cond_00_6p,mpair_00001355,eval,6,"LogP,QED,TPSA,HBD,HBA,RB",Nc1nc(O)c(N=O)c(NCCCO)n1,CCNc1nc(N)nc(O)c1N=O,N[C@H](Cc1onc(O)c1Br)C(=O)O,c1cncnc1,c1cnoc1,False,False,False,,0.16666666666666666,0.17647058823529413,,,,,0.5940999999999996,0.0970999999999998,0.49699999999999983,True,0.5908316431660211,0.7021218805461912,0.11129023738017008,False,113.49000000000001,109.58,3.910000000000011,True,3.0,3.0,0.0,True,7.0,5.0,2.0,False,3.0,3.0,0.0,True
edit_latent_source_similarity_rerank,mpair_00002478_cond_01_6p,mpair_00002478,eval,6,"MW,LogP,QED,TPSA,HBD,HBA",COc1cc(C(=O)N2CCN(C(=O)c3cc(OC)c(OC)c(OC)c3)CC2)cc(OC)c1OC,COc1cc(C(=O)N2CCN(C(=O)c3cc(OC)c(OC)c(OC)c3)C(COC(=O)NCCC(C)C)C2)cc(OC)c1OC,COCCN(CCOC)C(=O)CN1C[C@@H](c2ccc3c(c2)OCO3)[C@H](C(=O)O)[C@H]1c1ccc(OC)cc1,O=C(c1ccccc1)N1CCN(C(=O)c2ccccc2)CC1,c1ccc([C@@H]2C[C@H](c3ccc4c(c3)OCO4)CN2)cc1,False,False,False,,0.16216216216216217,0.15463917525773196,617.6960000000003,514.5750000000003,103.12099999999998,False,3.4773000000000023,2.3866000000000005,1.0907000000000018,False,0.3561059094946873,0.45687044998279724,0.10076454048810995,False,134.33,107.00000000000003,27.329999999999984,False,1.0,1.0,0.0,True,10.0,8.0,2.0,False,,,,
edit_latent_source_similarity_rerank,mpair_00002488_cond_01_6p,mpair_00002488,eval,6,"MW,LogP,QED,HBD,HBA,RB",COc1cc(C(=O)N2CCN(C(=O)c3cc(OC)c(OC)c(OC)c3)C(CO)C2)cc(OC)c1OC,CCN(CC)C(=O)OCC1CN(C(=O)c2cc(OC)c(OC)c(OC)c2)CCN1C(=O)c1cc(OC)c(OC)c(OC)c1,COc1cc2c(cc1OC)-c1c(c3cc(OC)c(OC)cc3c(=O)n1CCCNCCO)C2=O,O=C(c1ccccc1)N1CCN(C(=O)c2ccccc2)CC1,O=C1c2ccccc2-c2[nH]c(=O)c3ccccc3c21,False,False,False,,0.2112676056338028,0.15853658536585366,603.6690000000003,468.5060000000003,135.163,False,3.1834000000000024,2.2193,0.9641000000000024,True,0.3571777118480848,0.341293948552273,0.01588376329581176,True,,,,,0.0,2.0,2.0,False,10.0,9.0,1.0,True,12.0,10.0,2.0,False
edit_latent_source_similarity_rerank,mpair_00003588_cond_01_6p,mpair_00003588,eval,6,"MW,LogP,QED,TPSA,HBD,RB",CC(C)c1ccc(Cn2ccc3c4c(N(C)C)nc(N(C)C)nc4ccc32)cc1,CC(C)(C)c1ccc(Cn2ccc3c4c(N)nc(N)nc4ccc32)cc1,Cc1ccc2[nH]c3c(c2c1)CCC(=C\c1cccc(F)c1)/C3=C(\C#N)C(N)=O,c1ccc(Cn2ccc3c4cncnc4ccc32)cc1,C=C1/C(=C/c2ccccc2)CCc2c1[nH]c1ccccc21,False,True,False,,0.050505050505050504,0.07446808510638298,345.45000000000005,371.41500000000013,25.96500000000009,True,4.094700000000002,4.407700000000003,0.3130000000000006,True,0.5729407842811197,0.5166714734213012,0.056269310859818567,True,82.75,82.66999999999999,0.0800000000000125,True,2.0,2.0,0.0,True,,,,,2.0,2.0,0.0,True
edit_latent_source_similarity_rerank,mpair_00004747_cond_00_6p,mpair_00004747,eval,6,"MW,LogP,QED,HBD,HBA,RB",O=C(N[C@@H](Cc1ccccc1)C(=O)O)c1cccc2ccccc12,CCNC(=O)C(C)NC(=O)[C@H](Cc1ccc([N+](=O)[O-])cc1)NC(=O)c1cccc2ccccc12,O=C(O)[C@H](Cc1ccc(N2C(=O)CC(c3ccccc3)C2=O)cc1)NC(=O)[C@@H]1CCC(=O)N1Cc1ccccc1,O=C(NCCc1ccccc1)c1cccc2ccccc12,O=C(NCCc1ccc(N2C(=O)CC(c3ccccc3)C2=O)cc1)[C@@H]1CCC(=O)N1Cc1ccccc1,False,False,False,,0.30985915492957744,0.20430107526881722,462.50600000000014,539.5880000000003,77.08200000000016,False,2.7299000000000007,3.0368000000000013,0.3069000000000006,True,0.332478065240171,0.4030869219024825,0.07060885666231154,True,,,,,3.0,2.0,1.0,True,5.0,5.0,0.0,True,9.0,9.0,0.0,True
edit_latent_source_similarity_rerank,mpair_00004756_cond_02_6p,mpair_00004756,eval,6,"MW,QED,TPSA,HBD,HBA,RB",CCOC(=O)[C@@H](C)NC(=O)[C@H](Cc1ccc([N+](=O)[O-])cc1)NC(=O)c1cccc2ccccc12,COC(=O)[C@H](Cc1ccc([N+](=O)[O-])cc1)NC(=O)c1cccc2ccccc12,CC(C(=O)NO)N(Cc1ccccc1[N+](=O)[O-])S(=O)(=O)c1cccc2ccccc12,O=C(NCCc1ccccc1)c1cccc2ccccc12,O=S(=O)(NCc1ccccc1)c1cccc2ccccc12,False,False,False,,0.3291139240506329,0.30666666666666664,378.38400000000007,429.4540000000002,51.07000000000011,False,,,,,0.4032206465621875,0.3374187763447244,0.06580187021746309,True,98.53999999999999,129.85,31.310000000000002,False,1.0,2.0,1.0,True,5.0,6.0,1.0,True,6.0,7.0,1.0,True
edit_latent_source_similarity_rerank,mpair_00004834_cond_02_6p,mpair_00004834,eval,6,"MW,LogP,QED,HBD,HBA,RB",O=CNC(=O)c1cnn2c1n[n+]([O-])c1ccc(Cl)cc12,C/C(=N\C(=O)c1cnn2c1n[n+]([O-])c1ccc(Cl)cc12)N(C)C,CCC1(O)C(=O)OCc2c1cc1n(c2=O)Cc2cc3cnccc3nc2-1,c1ccc2c(c1)[nH+]nc1ccnn12,O=C1Cc2cc3n(c(=O)c2CO1)Cc1cc2cnccc2nc1-3,False,False,False,,0.10869565217391304,0.11578947368421053,332.7510000000001,349.34600000000006,16.59499999999997,True,1.2894999999999999,1.4746,0.18510000000000004,True,0.28974905987188526,0.5231572317907489,0.23340817191886365,False,,,,,0.0,1.0,1.0,True,5.0,7.0,2.0,False,1.0,1.0,0.0,True
edit_latent_source_similarity_rerank,mpair_00006871_cond_00_6p,mpair_00006871,eval,6,"MW,LogP,QED,TPSA,HBD,HBA",CN1C(=O)[C@@H](NC(=O)[C@H](N)Cc2ccccc2)N=C(c2ccccc2)c2ccccc21,C[C@@H](Cc1ccc(Cl)c(Cl)c1)C(=O)N[C@H]1N=C(c2ccccc2)c2ccccc2N(C)C1=O,CC(C)C[C@H](CC(=O)C1c2ccccc2Oc2ccccc21)C(=O)NC(Cc1ccccc1)C(=O)CF,O=C(CCc1ccccc1)N[C@H]1N=C(c2ccccc2)c2ccccc2NC1=O,O=C(CCC(=O)C1c2ccccc2Oc2ccccc21)NCCc1ccccc1,False,False,False,,0.24096385542168675,0.2087912087912088,480.3950000000002,501.59800000000024,21.20300000000003,True,5.128300000000006,5.811800000000005,0.6834999999999996,True,0.5507225512128597,0.35983358157221135,0.1908889696406484,False,61.77,72.47,10.699999999999996,True,1.0,1.0,0.0,True,3.0,4.0,1.0,True,,,,
edit_latent_source_similarity_rerank,mpair_00007291_cond_01_6p,mpair_00007291,eval,6,"LogP,QED,TPSA,HBD,HBA,RB",NCCNC(=O)C1Cc2c([nH]c3ccccc23)C(c2cccc(O)c2)N1,COC(=O)C1Cc2c([nH]c3ccccc23)C(c2ccc(Cl)cc2)N1,COc1ccc2[nH]c3c(c2c1)C1(c2cccc(O)c2)CCN(C)C(C3)C1,c1ccc(C2NCCc3c2[nH]c2ccccc32)cc1,c1ccc(C23CCNC(Cc4[nH]c5ccccc5c42)C3)cc1,False,True,False,,0.26506024096385544,0.1951219512195122,,,,,3.5980000000000016,3.818500000000002,0.22050000000000036,True,0.7007933905852917,0.7401335420281046,0.03934015144281289,True,54.120000000000005,48.49,5.630000000000003,True,2.0,2.0,0.0,True,3.0,3.0,0.0,True,2.0,2.0,0.0,True
edit_latent_source_similarity_rerank,mpair_00007691_cond_00_6p,mpair_00007691,eval,6,"MW,LogP,QED,TPSA,HBA,RB",CC(=O)CCCC(=O)NC1N=C(c2ccccc2)c2ccccc2N(CC(=O)NCCc2ccccc2Cl)C1=O,CC(=O)NC1N=C(c2ccccc2)c2ccccc2N(CC(=O)NCCc2cccc(Cl)c2)C1=O,O=C(CN1CCC(NC(=O)Nc2ccccc2)CC1)NC1CCc2cc(F)ccc2C1Cc1cccnc1,O=C(CN1C(=O)CN=C(c2ccccc2)c2ccccc21)NCCc1ccccc1,O=C(CN1CCC(NC(=O)Nc2ccccc2)CC1)NC1CCc2ccccc2C1Cc1cccnc1,False,True,False,,0.1592920353982301,0.19444444444444445,488.9750000000003,515.6330000000004,26.658000000000072,True,3.3451000000000013,4.2641000000000036,0.9190000000000023,True,0.5340646911534161,0.4389063766954586,0.09515831445795753,True,90.87,86.36,4.510000000000005,True,,,,,4.0,4.0,0.0,True,7.0,7.0,0.0,True
edit_latent_source_similarity_rerank,mpair_00007880_cond_00_6p,mpair_00007880,eval,6,"MW,LogP,QED,TPSA,HBD,HBA",O=C1CC2(C(=O)N1)C(=O)N(Cc1ccc(C(F)(F)F)cc1)C(=O)c1cccn12,Nc1ccc(CN2C(=O)c3cccn3C3(CC(=O)NC3=O)C2=O)cc1,CC1(C)[C@H](C(=O)O)N2C(=O)[C@@H](NC(=O)Cc3ccccc3)[C@H]2S1(=O)=O,O=C1CC2(C(=O)N1)C(=O)N(Cc1ccccc1)C(=O)c1cccn12,O=C(Cc1ccccc1)N[C@@H]1C(=O)N2CCS(=O)(=O)[C@H]12,False,False,False,,0.15584415584415584,0.16216216216216217,338.3230000000001,366.39500000000004,28.071999999999946,True,-0.005299999999999805,-0.4575999999999978,0.452299999999998,True,0.45417020849830125,0.6959682995267639,0.24179809102846261,False,114.5,120.85,6.349999999999994,True,2.0,2.0,0.0,True,6.0,5.0,1.0,True,,,,
edit_latent_source_similarity_rerank,mpair_00008120_cond_01_6p,mpair_00008120,eval,6,"LogP,QED,TPSA,HBD,HBA,RB",CCN(CC)CC(O)Cn1c2ccccc2c(=O)c2cccc(Cl)c21,CCN(CC)CC(O)Cn1c2ccccc2c(=O)c2cccc(C(=O)O)c21,O=C(O)c1cccc2c(=O)c3ccccc3n(CC(O)CN3CCN(C4CCCCC4)CC3)c12,O=c1c2ccccc2[nH]c2ccccc12,O=c1c2ccccc2n(CCCN2CCN(C3CCCCC3)CC2)c2ccccc12,False,True,False,,0.4,0.5625,,,,,2.5556,3.164100000000002,0.608500000000002,True,0.6264686403840823,0.5464574536471942,0.08001118673688812,True,82.77,86.00999999999999,3.239999999999995,True,2.0,2.0,0.0,True,5.0,6.0,1.0,True,7.0,6.0,1.0,True
edit_latent_source_similarity_rerank,mpair_00008543_cond_02_6p,mpair_00008543,eval,6,"LogP,QED,TPSA,HBD,HBA,RB",O=c1[nH]c(=O)n(COCCO)cc1Cc1cccc(Oc2ccc(Cl)cc2)c1,O=c1[nH]c(=O)n(COC(CO)CO)cc1Cc1cccc(Oc2ccccc2)c1,Cc1c(Sc2cccc(CO)c2)n(COCCO)c(=O)[nH]c1=O,O=c1[nH]cc(Cc2cccc(Oc3ccccc3)c2)c(=O)[nH]1,O=c1cc(Sc2ccccc2)[nH]c(=O)[nH]1,False,False,False,,0.38571428571428573,0.2876712328767123,,,,,1.2470000000000003,0.45491999999999966,0.7920800000000007,True,0.4998954215643975,0.5002371189744261,0.00034169741002865184,True,113.78000000000002,104.54999999999998,9.230000000000032,True,3.0,3.0,0.0,True,7.0,7.0,0.0,True,9.0,7.0,2.0,False
edit_latent_source_similarity_rerank,mpair_00008562_cond_01_6p,mpair_00008562,eval,6,"MW,QED,TPSA,HBD,HBA,RB",O=c1[nH]c(=O)n(COCCO)cc1Cc1cccc(Oc2ccccc2)c1,O=c1[nH]c(=O)n(COC(CO)CO)cc1Cc1cccc(Oc2cccc(Cl)c2)c1,CCCNC(=O)NS(=O)(=O)c1ccccc1-c1ccc(Cn2c(C)nc(SC)c2C(=O)O)cc1,O=c1[nH]cc(Cc2cccc(Oc3ccccc3)c2)c(=O)[nH]1,c1ccc(-c2ccc(Cn3ccnc3)cc2)cc1,False,False,False,,0.13829787234042554,0.11,432.8600000000001,502.6180000000003,69.75800000000015,False,,,,,0.475610070963199,0.38016333998409674,0.09544673097910228,True,113.78000000000002,130.39000000000001,16.61,True,3.0,3.0,0.0,True,7.0,7.0,0.0,True,9.0,9.0,0.0,True
edit_latent_source_similarity_rerank,mpair_00008569_cond_00_6p,mpair_00008569,eval,6,"LogP,QED,TPSA,HBD,HBA,RB",O=c1[nH]c(=O)n(COC(CO)CO)cc1Cc1cccc(Oc2ccc(F)cc2)c1,O=c1[nH]c(=O)n(COCCO)cc1Cc1cccc(Oc2ccc(Cl)cc2)c1,C=CCc1ccccc1OCC(O)COc1ccc2c(=O)cc(C(=O)O)oc2c1,O=c1[nH]cc(Cc2cccc(Oc3ccccc3)c2)c(=O)[nH]1,O=c1ccoc2cc(OCCCOc3ccccc3)ccc12,False,True,False,,0.17777777777777778,0.15384615384615385,,,,,2.539500000000001,3.038400000000001,0.4988999999999999,True,0.5646201784137145,0.5355522885746775,0.029067889839036964,True,93.55000000000001,106.2,12.649999999999991,True,2.0,2.0,0.0,True,6.0,6.0,0.0,True,8.0,9.0,1.0,True
edit_latent_source_similarity_rerank,mpair_00008572_cond_02_6p,mpair_00008572,eval,6,"MW,QED,TPSA,HBD,HBA,RB",O=c1[nH]c(=O)n(COC(CO)CO)cc1Cc1cccc(Oc2cccc(Cl)c2)c1,O=c1[nH]c(=O)n(COCCO)cc1Cc1cccc(Oc2ccccc2)c1,CCCCCCc1ccc(C(=O)Nc2cccc3c2OC(c2nnn[nH]2)CO3)cc1,O=c1[nH]cc(Cc2cccc(Oc3ccccc3)c2)c(=O)[nH]1,O=C(Nc1cccc2c1OC(c1nnn[nH]1)CO2)c1ccccc1,False,False,False,,0.12,0.125,368.38900000000007,407.4740000000001,39.085000000000036,False,,,,,0.5923928040684121,0.5455057166148607,0.04688708745355141,True,93.55000000000001,102.02,8.469999999999985,True,2.0,2.0,0.0,True,6.0,6.0,0.0,True,8.0,8.0,0.0,True
edit_latent_source_similarity_rerank,mpair_00008578_cond_02_6p,mpair_00008578,eval,6,"LogP,QED,TPSA,HBD,HBA,RB",O=c1[nH]c(=O)n(COCCO)cc1Cc1cccc(Oc2ccc(F)cc2)c1,O=c1[nH]c(=O)n(COC(CO)CO)cc1Cc1cccc(Oc2cccc(F)c2)c1,CCOc1cccc(Cc2cn(COCCO)c(=O)[nH]c2=O)c1,O=c1[nH]cc(Cc2cccc(Oc3ccccc3)c2)c(=O)[nH]1,O=c1[nH]cc(Cc2ccccc2)c(=O)[nH]1,False,False,False,,0.7068965517241379,0.5230769230769231,,,,,1.3861000000000006,0.4924999999999998,0.8936000000000007,True,0.4858120896295065,0.6906398978566194,0.20482780822711288,False,113.78000000000002,93.55000000000001,20.230000000000004,False,3.0,2.0,1.0,True,7.0,6.0,1.0,True,9.0,8.0,1.0,True
edit_latent_source_similarity_rerank,mpair_00010004_cond_02_6p,mpair_00010004,eval,6,"MW,LogP,TPSA,HBD,HBA,RB",NC(=O)c1ccc(-c2ccc(CC(=O)Nc3cc(C4CC4)[nH]n3)cc2)cc1,O=C(Cc1ccc(-c2ccccc2)cc1)Nc1cc(C2CC2)[nH]n1,CC[C@@]1(CC(=O)O)OC[C@@H](Cc2ccccc2)c2c1[nH]c1ccccc21,O=C(Cc1ccc(-c2ccccc2)cc1)Nc1cc(C2CC2)[nH]n1,c1ccc(C[C@@H]2COCc3[nH]c4ccccc4c32)cc1,False,True,False,,0.13414634146341464,0.18421052631578946,317.3920000000001,349.43000000000006,32.037999999999954,True,4.135300000000002,4.604400000000004,0.46910000000000185,True,,,,,57.78,62.32,4.539999999999999,True,2.0,2.0,0.0,True,2.0,2.0,0.0,True,5.0,5.0,0.0,True
edit_latent_source_similarity_rerank,mpair_00010902_cond_01_6p,mpair_00010902,eval,6,"MW,LogP,TPSA,HBD,HBA,RB",N[C@@H](Cc1c[nH]c2ccccc12)C(=O)N1Cc2ccccc2C[C@H]1C(=O)O,N[C@@H](Cc1c[nH]c2ccccc12)C(=O)N1Cc2ccccc2C[C@H]1C(=O)N[C@@H](CS)C(=O)O,Cc1cc(O)cc(C)c1C[C@H](N)C(=O)N1Cc2ccccc2C[C@H]1C(=O)NCc1nc2ccccc2[nH]1,O=C(CCc1c[nH]c2ccccc12)N1CCc2ccccc2C1,O=C(NCc1nc2ccccc2[nH]1)[C@@H]1Cc2ccccc2CN1C(=O)CCc1ccccc1,False,False,False,,0.425,0.42045454545454547,466.56300000000016,497.5990000000002,31.036000000000058,True,1.4903999999999997,3.0250400000000006,1.534640000000001,False,,,,,128.51999999999998,124.34,4.179999999999978,True,5.0,4.0,1.0,True,5.0,5.0,0.0,True,7.0,6.0,1.0,True
edit_latent_source_similarity_rerank,mpair_00010986_cond_01_6p,mpair_00010986,eval,6,"MW,LogP,QED,HBD,HBA,RB",COc1ccc([C@@H]2Sc3ccccc3N(C[C@@H]3CCCN3)C(=O)[C@@H]2O)cc1,COc1ccc([C@@H]2Sc3ccccc3N(C[C@@H]3CCCN3)C(=O)[C@@H]2OC(C)=O)cc1,COc1ccc(CC(=O)N2CCC(N3C(=O)OCc4ccccc43)CC2)c(OC)c1,O=C1C[C@H](c2ccccc2)Sc2ccccc2N1C[C@@H]1CCCN1,O=C(Cc1ccccc1)N1CCC(N2C(=O)OCc3ccccc32)CC1,False,True,False,,0.25,0.25,426.53800000000024,410.47000000000014,16.068000000000097,True,3.5589000000000013,3.3941000000000026,0.16479999999999873,True,0.7377284711612315,0.7558522480664583,0.01812377690522682,True,,,,,1.0,0.0,1.0,True,6.0,5.0,1.0,True,5.0,5.0,0.0,True
edit_latent_source_similarity_rerank,mpair_00013581_cond_02_6p,mpair_00013581,eval,6,"MW,QED,TPSA,HBD,HBA,RB",COCCCNCC(=O)N1CCC(CNc2nc3c(s2)CCCc2ccc(F)cc2-3)CC1,CC(C)C(=O)N1CCC(CNc2nc3c(s2)CCCc2ccc(F)cc2-3)CC1,COc1ccc(C2c3ccsc3CCN2C(=O)Cc2cc(C)cc(C)c2)cc1,c1ccc2c(c1)CCCc1sc(NCC3CCNCC3)nc1-2,O=C(Cc1ccccc1)N1CCc2sccc2C1c1ccccc1,False,False,False,,0.20202020202020202,0.18478260869565216,401.5510000000002,391.5360000000001,10.0150000000001,True,,,,,0.8044990618749749,0.6198865065955084,0.18461255527946652,False,45.230000000000004,29.54,15.690000000000005,True,1.0,0.0,1.0,True,4.0,3.0,1.0,True,4.0,4.0,0.0,True
edit_latent_source_similarity_rerank,mpair_00014669_cond_01_6p,mpair_00014669,eval,6,"MW,LogP,TPSA,HBD,HBA,RB",CC(=O)OC[C@@]1(C)C2C[C@H](OC(C)=O)[C@@]3(C)Oc4cc(-c5cccnc5)oc(=O)c4C(=O)C3[C@@]2(C)CC[C@@H]1OC(C)=O,C[C@]12CC[C@H](O)[C@@](C)(CO)C1C[C@H](O)[C@@]1(C)Oc3cc(-c4ccc(Cl)nc4)oc(=O)c3C(=O)C21,CC1(C)C(=O)c2ccc(C#N)cc2[C@@H](NC(=O)c2cccnc2)[C@@H]1O,O=C1c2c(cc(-c3cccnc3)oc2=O)OC2CCC3CCCCC3C12,O=C(N[C@H]1CCC(=O)c2ccccc21)c1cccnc1,False,False,False,,0.1941747572815534,0.13861386138613863,489.9520000000002,335.363,154.58900000000023,False,2.845600000000001,2.00778,0.8378200000000011,True,,,,,130.09,103.08000000000001,27.00999999999999,False,3.0,2.0,1.0,True,8.0,5.0,3.0,False,2.0,2.0,0.0,True
edit_latent_source_similarity_rerank,mpair_00015735_cond_00_6p,mpair_00015735,eval,6,"MW,LogP,TPSA,HBD,HBA,RB",O=C1c2c(O)cccc2Cc2ccc(CCc3ccccc3)c(O)c21,O=C1c2c(O)cccc2Cc2ccc(C(Cc3ccccc3)C(=O)NO)c(O)c21,O=C(NO)c1ccc(Cc2ccc3c(c2O)C(=O)c2c(O)cccc2C3)cc1,O=C1c2ccccc2Cc2ccc(CCc3ccccc3)cc21,O=C1c2ccccc2Cc2ccc(Cc3ccccc3)cc21,False,True,False,,0.5769230769230769,0.5081967213114754,389.40700000000004,375.3800000000001,14.02699999999993,True,3.0647000000000015,2.9428000000000027,0.12189999999999879,True,,,,,106.86,106.86,0.0,True,4.0,4.0,0.0,True,5.0,5.0,0.0,True,4.0,3.0,1.0,True
edit_latent_source_similarity_rerank,mpair_00016971_cond_00_6p,mpair_00016971,eval,6,"LogP,QED,TPSA,HBD,HBA,RB",CCCc1c(OCCCOc2cc3c(cc2C(C)=O)CCC(C(=O)O)O3)ccc(C(C)=O)c1O,CCCc1c(OCCCOc2ccc(C(C)=O)c(OC)c2CCC)ccc2c1OC(C(=O)O)CC2,CCCc1c(OCCC(C)(C)CCOc2cc3c(cc2C(C)=O)CCC(C(=O)O)O3)ccc(C(C)=O)c1O,c1ccc(OCCCOc2ccc3c(c2)OCCC3)cc1,c1ccc(OCCCCCOc2ccc3c(c2)OCCC3)cc1,False,False,False,,0.8571428571428571,0.5466666666666666,,,,,5.428900000000005,5.792300000000007,0.36340000000000217,True,0.29940751610339217,0.3147435546032385,0.015336038499846327,True,91.29,119.36,28.069999999999993,False,1.0,2.0,1.0,True,6.0,7.0,1.0,True,13.0,13.0,0.0,True
edit_latent_source_similarity_rerank,mpair_00002438_cond_01_7p,mpair_00002438,eval,7,"MW,LogP,QED,TPSA,HBD,HBA,RB",CSc1cc(-c2ccc(Cl)cc2)oc(=O)c1Br,CSc1cc(-c2ccc(Cl)cc2)oc(=O)c1C(N)=O,CCn1cc(C(=O)O)c(=O)c2ccc(-c3cc(C)nc(C)c3)cc21,O=c1cccc(-c2ccccc2)o1,O=c1cc[nH]c2cc(-c3ccncc3)ccc12,False,True,False,,0.13636363636363635,0.16176470588235295,295.747,322.36400000000003,26.61700000000002,True,2.7810000000000006,3.3984400000000026,0.617440000000002,True,0.8837306867126842,0.8019547385378789,0.08177594817480527,True,73.30000000000001,72.19,1.1100000000000136,True,1.0,1.0,0.0,True,4.0,4.0,0.0,True,3.0,3.0,0.0,True
edit_latent_source_similarity_rerank,mpair_00004757_cond_01_7p,mpair_00004757,eval,7,"MW,LogP,QED,TPSA,HBD,HBA,RB",CCOC(=O)[C@@H](C)NC(=O)[C@H](Cc1ccc([N+](=O)[O-])cc1)NC(=O)c1cccc2ccccc12,CC(C)OC(=O)[C@H](Cc1ccc([N+](=O)[O-])cc1)NC(=O)c1cccc2ccccc12,COc1ccccc1-c1ccc(C[C@H](NC(=O)Cc2ccc([N+](=O)[O-])cc2)C(=O)O)cc1,O=C(NCCc1ccccc1)c1cccc2ccccc12,O=C(Cc1ccccc1)NCCc1ccc(-c2ccccc2)cc1,False,False,False,,0.3815789473684211,0.4027777777777778,406.43800000000016,434.4480000000001,28.009999999999934,True,4.040700000000003,3.625000000000001,0.41570000000000196,True,0.36267930698305967,0.3921575907735234,0.029478283790463744,True,98.53999999999999,118.77,20.230000000000004,False,1.0,2.0,1.0,True,5.0,5.0,0.0,True,7.0,9.0,2.0,False
edit_latent_source_similarity_rerank,mpair_00008559_cond_00_7p,mpair_00008559,eval,7,"MW,LogP,QED,TPSA,HBD,HBA,RB",O=c1[nH]c(=O)n(COCCO)cc1Cc1cccc(Oc2ccccc2)c1,O=c1[nH]c(=O)n(COC(CO)CO)cc1Cc1cccc(Oc2cccc(F)c2)c1,COc1ccc(S(=O)(=O)N2CCC(NC[C@H](O)COc3ccc(O)cc3)CC2)cc1,O=c1[nH]cc(Cc2cccc(Oc3ccccc3)c2)c(=O)[nH]1,O=S(=O)(c1ccccc1)N1CCC(NCCCOc2ccccc2)CC1,False,True,False,,0.10227272727272728,0.10989010989010989,416.4050000000001,436.5300000000002,20.125000000000114,True,1.3861000000000006,1.583399999999999,0.19729999999999848,True,0.4858120896295065,0.5477044631413405,0.061892373511833965,True,113.78000000000002,108.33000000000001,5.450000000000003,True,3.0,3.0,0.0,True,7.0,7.0,0.0,True,9.0,9.0,0.0,True
edit_latent_source_similarity_rerank,mpair_00010887_cond_01_7p,mpair_00010887,eval,7,"MW,LogP,QED,TPSA,HBD,HBA,RB",N[C@@H](Cc1c[nH]c2ccccc12)C(=O)N1Cc2ccccc2C[C@H]1C(=O)O,NC(=O)C[C@H](NC(=O)[C@@H]1Cc2ccccc2CN1C(=O)[C@@H](N)Cc1c[nH]c2ccccc12)C(=O)O,C[C@H]1NC[C@H](Cc2ccccc2)NC(=O)[C@H](CCN)N(C(=O)[C@@H](N)Cc2ccc(O)cc2)C1=O,O=C(CCc1c[nH]c2ccccc12)N1CCc2ccccc2C1,O=C1CN(C(=O)CCc2ccccc2)C(=O)CNC[C@H](Cc2ccccc2)N1,False,False,False,,0.23863636363636365,0.21,477.52100000000024,467.5700000000002,9.951000000000022,True,0.4360000000000033,0.053800000000004844,0.38219999999999843,True,0.3148350624649969,0.3860534963471639,0.07121843388216703,True,171.60999999999999,150.77999999999997,20.830000000000013,False,5.0,5.0,0.0,True,5.0,7.0,2.0,False,8.0,7.0,1.0,True
edit_latent_source_similarity_rerank,mpair_00013567_cond_00_7p,mpair_00013567,eval,7,"MW,LogP,QED,TPSA,HBD,HBA,RB",CCCCCCCCCN1CCC[C@@H]1CNC(=O)c1cc(S(N)(=O)=O)ccc1OC,CCN1CCC[C@@H]1CNC(=O)c1c(OC)ccc(Br)c1OC,CCN1CCCC1CNC(=O)c1cc(Br)c(OC)cc1OC,O=C(NC[C@H]1CCCN1)c1ccccc1,O=C(NCC1CCCN1)c1ccccc1,False,True,False,,0.5454545454545454,0.6607142857142857,371.2750000000001,371.27500000000015,5.684341886080802e-14,True,2.6804000000000006,2.6804000000000006,0.0,True,0.8356024039257242,0.835602403925724,1.1102230246251565e-16,True,50.80000000000001,50.80000000000001,0.0,True,1.0,1.0,0.0,True,4.0,4.0,0.0,True,6.0,6.0,0.0,True
target_oracle,mpair_00000008_cond_02_2p,mpair_00000008,eval,2,"MW,QED",O=C(c1ccccc1Br)N1C[C@H](CN2CCC(c3ccccc3)CC2)[C@@H](c2ccccc2)C1,O=C(c1ccccc1F)N1C[C@H](CN2CCC(c3ccccc3)CC2)[C@@H](c2ccccc2)C1,O=C(c1ccccc1F)N1C[C@H](CN2CCC(c3ccccc3)CC2)[C@@H](c2ccccc2)C1,O=C(c1ccccc1)N1C[C@H](CN2CCC(c3ccccc3)CC2)[C@@H](c2ccccc2)C1,O=C(c1ccccc1)N1C[C@H](CN2CCC(c3ccccc3)CC2)[C@@H](c2ccccc2)C1,True,True,True,,0.7692307692307693,1.0,442.57800000000015,442.57800000000015,0.0,True,,,,,0.5164092889512721,0.5164092889512721,0.0,True,,,,,,,,,,,,,,,,
target_oracle,mpair_00000789_cond_01_2p,mpair_00000789,eval,2,"MW,RB",C=CCc1cc(/C=C2\SC(=O)N(C)C2=O)c(OC)cc1OC1CCCCO1,C=CCc1cc(/C=C2\SC(=O)N(CCCC)C2=O)c(OC)cc1OC1CCCCO1,C=CCc1cc(/C=C2\SC(=O)N(CCCC)C2=O)c(OC)cc1OC1CCCCO1,O=C1NC(=O)/C(=C/c2ccc(OC3CCCCO3)cc2)S1,O=C1NC(=O)/C(=C/c2ccc(OC3CCCCO3)cc2)S1,True,True,True,,0.7878787878787878,1.0,431.55400000000026,431.55400000000026,0.0,True,,,,,,,,,,,,,,,,,,,,,9.0,9.0,0.0,True
target_oracle,mpair_00000994_cond_02_2p,mpair_00000994,eval,2,"LogP,QED",FC(F)(F)c1cccc(N2CCN(c3nc4ccsc4n4cccc34)CC2)c1,Fc1ccc(N2CCN(c3nc4ccsc4n4cccc34)CC2)cc1,Fc1ccc(N2CCN(c3nc4ccsc4n4cccc34)CC2)cc1,c1ccc(N2CCN(c3nc4ccsc4n4cccc34)CC2)cc1,c1ccc(N2CCN(c3nc4ccsc4n4cccc34)CC2)cc1,True,True,True,,0.6666666666666666,1.0,,,,,4.014700000000003,4.014700000000003,0.0,True,0.5445182992427106,0.5445182992427106,0.0,True,,,,,,,,,,,,,,,,
target_oracle,mpair_00001396_cond_01_2p,mpair_00001396,eval,2,"QED,HBA",COC(=O)c1c(OCC(=O)O)nc(C(C)(C)C)nc1SC,CSc1nc(CC(C)(C)C)nc(OCC(=O)O)c1C#N,CSc1nc(CC(C)(C)C)nc(OCC(=O)O)c1C#N,c1cncnc1,c1cncnc1,True,True,True,,0.42857142857142855,1.0,,,,,,,,,0.65611800929855,0.65611800929855,0.0,True,,,,,,,,,6.0,6.0,0.0,True,,,,
target_oracle,mpair_00001826_cond_00_2p,mpair_00001826,eval,2,"TPSA,HBD",CN(C)C(=O)CCSC(SCCC(=O)O)c1cccc(/C=C/c2ccc3ccc(Cl)cc3n2)c1,O=C(O)CCSC(SCCC(=O)O)c1cccc(/C=C/c2ccc3ccc(Cl)cc3n2)c1,O=C(O)CCSC(SCCC(=O)O)c1cccc(/C=C/c2ccc3ccc(Cl)cc3n2)c1,C(=C/c1ccc2ccccc2n1)\c1ccccc1,C(=C/c1ccc2ccccc2n1)\c1ccccc1,True,True,True,,0.8620689655172413,1.0,,,,,,,,,,,,,87.49,87.49,0.0,True,2.0,2.0,0.0,True,,,,,,,,
target_oracle,mpair_00002423_cond_02_2p,mpair_00002423,eval,2,"MW,LogP",O=C1C(Nc2ccc(Br)cc2)=C(Cl)C(=O)c2ncncc21,O=C1C(Nc2ccccc2)=C(Cl)C(=O)c2ncncc21,O=C1C(Nc2ccccc2)=C(Cl)C(=O)c2ncncc21,O=C1C(Nc2ccccc2)=CC(=O)c2ncncc21,O=C1C(Nc2ccccc2)=CC(=O)c2ncncc21,True,True,True,,0.7560975609756098,1.0,285.69,285.69,0.0,True,2.4181,2.4181,0.0,True,,,,,,,,,,,,,,,,,,,,
target_oracle,mpair_00002473_cond_02_2p,mpair_00002473,eval,2,"LogP,RB",COc1cc(C(=O)N2CCN(C(=O)c3cc(OC)c(OC)c(OC)c3)C(COC(=O)CC(C)(C)C)C2)cc(OC)c1OC,CCN(CC)C(=O)OCC1CN(C(=O)c2cc(OC)c(OC)c(OC)c2)CCN1C(=O)c1cc(OC)c(OC)c(OC)c1,CCN(CC)C(=O)OCC1CN(C(=O)c2cc(OC)c(OC)c(OC)c2)CCN1C(=O)c1cc(OC)c(OC)c(OC)c1,O=C(c1ccccc1)N1CCN(C(=O)c2ccccc2)CC1,O=C(c1ccccc1)N1CCN(C(=O)c2ccccc2)CC1,True,True,True,,0.6896551724137931,1.0,,,,,3.1834000000000024,3.1834000000000024,0.0,True,,,,,,,,,,,,,,,,,12.0,12.0,0.0,True
target_oracle,mpair_00003391_cond_00_2p,mpair_00003391,eval,2,"LogP,RB",CC(C)COc1cccc(N(Cc2cccnc2)S(=O)(=O)CC(F)(F)F)c1,CCCC(C)Oc1cccc(N(Cc2cccnc2)S(=O)(=O)CC(F)(F)F)c1,CCCC(C)Oc1cccc(N(Cc2cccnc2)S(=O)(=O)CC(F)(F)F)c1,c1ccc(NCc2cccnc2)cc1,c1ccc(NCc2cccnc2)cc1,True,True,True,,0.7213114754098361,1.0,,,,,4.547700000000003,4.547700000000003,0.0,True,,,,,,,,,,,,,,,,,9.0,9.0,0.0,True
target_oracle,mpair_00003589_cond_02_2p,mpair_00003589,eval,2,"QED,HBD",CC(C)c1ccc(Cn2ccc3c4c(N(C)C)nc(N(C)C)nc4ccc32)cc1,CCc1ccc(Cn2ccc3c4c(N)nc(N)nc4ccc32)cc1,CCc1ccc(Cn2ccc3c4c(N)nc(N)nc4ccc32)cc1,c1ccc(Cn2ccc3c4cncnc4ccc32)cc1,c1ccc(Cn2ccc3c4cncnc4ccc32)cc1,True,True,True,,0.4827586206896552,1.0,,,,,,,,,0.6067349667256066,0.6067349667256066,0.0,True,,,,,2.0,2.0,0.0,True,,,,,,,,
target_oracle,mpair_00003930_cond_01_2p,mpair_00003930,eval,2,"HBD,HBA",OC(c1ccc(F)cc1)(c1ccc(F)cc1)C1CCN(CCCNc2ccccc2)CC1,Cc1ccc(O)c(NCCCN2CCC(C(O)(c3ccc(F)cc3)c3ccc(F)cc3)CC2)c1,Cc1ccc(O)c(NCCCN2CCC(C(O)(c3ccc(F)cc3)c3ccc(F)cc3)CC2)c1,c1ccc(NCCCN2CCC(C(c3ccccc3)c3ccccc3)CC2)cc1,c1ccc(NCCCN2CCC(C(c3ccccc3)c3ccccc3)CC2)cc1,True,True,True,,0.6428571428571429,1.0,,,,,,,,,,,,,,,,,3.0,3.0,0.0,True,4.0,4.0,0.0,True,,,,
target_oracle,mpair_00004144_cond_00_2p,mpair_00004144,eval,2,"LogP,HBD",C=C1C[C@@]23O[C@]2(c2ccccc21)C1CC(OC(=O)[C@H](O)[C@@H](NC(=O)OCC)c2ccc(Cl)cc2)C3(C)C1(C)C,C=C1C[C@@]23O[C@]2(c2ccccc21)C1CC(OC(=O)[C@H](O)[C@@H](NC(=O)NC(C)C)c2ccccc2)C3(C)C1(C)C,C=C1C[C@@]23O[C@]2(c2ccccc21)C1CC(OC(=O)[C@H](O)[C@@H](NC(=O)NC(C)C)c2ccccc2)C3(C)C1(C)C,C=C1C[C@@]23O[C@]2(c2ccccc21)C1CC(OC(=O)CCc2ccccc2)C3C1,C=C1C[C@@]23O[C@]2(c2ccccc21)C1CC(OC(=O)CCc2ccccc2)C3C1,True,True,True,,0.7125,1.0,,,,,4.855400000000004,4.855400000000004,0.0,True,,,,,,,,,3.0,3.0,0.0,True,,,,,,,,
target_oracle,mpair_00004731_cond_02_2p,mpair_00004731,eval,2,"HBD,RB",CS(=O)(=O)Nc1ccc(S(=O)(=O)c2ccc(CN)s2)cc1,CCOc1cc(S(C)(=O)=O)cc(S(=O)(=O)c2ccc(CN)s2)c1,CCOc1cc(S(C)(=O)=O)cc(S(=O)(=O)c2ccc(CN)s2)c1,O=S(=O)(c1ccccc1)c1cccs1,O=S(=O)(c1ccccc1)c1cccs1,True,True,True,,0.5,1.0,,,,,,,,,,,,,,,,,1.0,1.0,0.0,True,,,,,6.0,6.0,0.0,True
target_oracle,mpair_00004777_cond_02_2p,mpair_00004777,eval,2,"MW,LogP",CC(C)OC(Cc1ccc(OCCc2noc(-c3cc(C(F)(F)F)cc(C(F)(F)F)c3)n2)cc1)C(=O)O,CC(C)OC(Cc1ccc(OCCc2noc(-c3ccccc3)n2)cc1)C(=O)O,CC(C)OC(Cc1ccc(OCCc2noc(-c3ccccc3)n2)cc1)C(=O)O,c1ccc(OCCc2noc(-c3ccccc3)n2)cc1,c1ccc(OCCc2noc(-c3ccccc3)n2)cc1,True,True,True,,0.7580645161290323,1.0,396.44300000000004,396.44300000000004,0.0,True,3.778800000000002,3.778800000000002,0.0,True,,,,,,,,,,,,,,,,,,,,
target_oracle,mpair_00004817_cond_02_2p,mpair_00004817,eval,2,"LogP,RB",Cn1c(NC(=O)c2ccccc2)nc2ccccc2c1=O,CC(C)n1c(NC(=O)c2ccccc2)nc2ccccc2c1=O,CC(C)n1c(NC(=O)c2ccccc2)nc2ccccc2c1=O,O=C(Nc1nc2ccccc2c(=O)[nH]1)c1ccccc1,O=C(Nc1nc2ccccc2c(=O)[nH]1)c1ccccc1,True,True,True,,0.7142857142857143,1.0,,,,,3.229700000000001,3.229700000000001,0.0,True,,,,,,,,,,,,,,,,,3.0,3.0,0.0,True
target_oracle,mpair_00004932_cond_01_2p,mpair_00004932,eval,2,"HBA,RB",Cc1cc(C)c(NC(=O)Nc2nc3ccccc3n2-c2c(Cl)cccc2Cl)c(C)c1,COc1ccccc1-n1c(NC(=O)Nc2c(C(C)C)cccc2C(C)C)nc2ccccc21,COc1ccccc1-n1c(NC(=O)Nc2c(C(C)C)cccc2C(C)C)nc2ccccc21,O=C(Nc1ccccc1)Nc1nc2ccccc2n1-c1ccccc1,O=C(Nc1ccccc1)Nc1nc2ccccc2n1-c1ccccc1,True,True,True,,0.46875,1.0,,,,,,,,,,,,,,,,,,,,,4.0,4.0,0.0,True,6.0,6.0,0.0,True
target_oracle,mpair_00005350_cond_02_2p,mpair_00005350,eval,2,"MW,QED",O=C(Cc1nc2ccccc2c(=O)n1-c1ccccc1Br)c1ccncc1,Cc1ccccc1-n1c(CC(=O)c2ccncc2)nc2ccccc2c1=O,Cc1ccccc1-n1c(CC(=O)c2ccncc2)nc2ccccc2c1=O,O=C(Cc1nc2ccccc2c(=O)n1-c1ccccc1)c1ccncc1,O=C(Cc1nc2ccccc2c(=O)n1-c1ccccc1)c1ccncc1,True,True,True,,0.7647058823529411,1.0,355.3970000000001,355.3970000000001,0.0,True,,,,,0.5255607361183403,0.5255607361183403,0.0,True,,,,,,,,,,,,,,,,
target_oracle,mpair_00006468_cond_01_2p,mpair_00006468,eval,2,"TPSA,RB",O=[N+]([O-])c1ccc(-[n+]2noc([O-])n2)cc1,Cc1ccc(-[n+]2noc([O-])n2)cc1,Cc1ccc(-[n+]2noc([O-])n2)cc1,c1ccc(-[n+]2ncon2)cc1,c1ccc(-[n+]2ncon2)cc1,True,True,True,,0.5882352941176471,1.0,,,,,,,,,,,,,65.86,65.86,0.0,True,,,,,,,,,1.0,1.0,0.0,True
target_oracle,mpair_00006875_cond_01_2p,mpair_00006875,eval,2,"LogP,RB",CC(C(=O)N[C@H]1N=C(c2ccccc2)c2ccccc2N(C)C1=O)C(CO)c1ccc(F)c(F)c1,C[C@@H](C(=O)N[C@H]1N=C(c2ccccc2)c2ccccc2N(C)C1=O)[C@H](O)c1ccc(Cl)c(Cl)c1,C[C@@H](C(=O)N[C@H]1N=C(c2ccccc2)c2ccccc2N(C)C1=O)[C@H](O)c1ccc(Cl)c(Cl)c1,O=C(CCc1ccccc1)N[C@H]1N=C(c2ccccc2)c2ccccc2NC1=O,O=C(CCc1ccccc1)N[C@H]1N=C(c2ccccc2)c2ccccc2NC1=O,True,True,True,,0.625,1.0,,,,,4.619200000000005,4.619200000000005,0.0,True,,,,,,,,,,,,,,,,,5.0,5.0,0.0,True
target_oracle,mpair_00007233_cond_01_2p,mpair_00007233,eval,2,"QED,HBA",CSc1cc(-c2ccccc2)c(-c2ccc(S(C)(=O)=O)cc2)c(=O)o1,CCc1cc(-c2ccccc2)c(-c2ccc(S(C)(=O)=O)cc2)c(=O)o1,CCc1cc(-c2ccccc2)c(-c2ccc(S(C)(=O)=O)cc2)c(=O)o1,O=c1occc(-c2ccccc2)c1-c1ccccc1,O=c1occc(-c2ccccc2)c1-c1ccccc1,True,True,True,,0.6956521739130435,1.0,,,,,,,,,0.7117564278043503,0.7117564278043503,0.0,True,,,,,,,,,4.0,4.0,0.0,True,,,,
target_oracle,mpair_00007263_cond_02_2p,mpair_00007263,eval,2,"MW,RB",COc1cc(-c2ccccc2)c(-c2ccc(S(C)(=O)=O)cc2)c(=O)o1,CC(C)Sc1cc(-c2ccccc2)c(-c2ccc(S(C)(=O)=O)cc2)c(=O)o1,CC(C)Sc1cc(-c2ccccc2)c(-c2ccc(S(C)(=O)=O)cc2)c(=O)o1,O=c1occc(-c2ccccc2)c1-c1ccccc1,O=c1occc(-c2ccccc2)c1-c1ccccc1,True,True,True,,0.62,1.0,400.5210000000002,400.5210000000002,0.0,True,,,,,,,,,,,,,,,,,,,,,5.0,5.0,0.0,True
target_oracle,mpair_00007414_cond_02_2p,mpair_00007414,eval,2,"HBA,RB",c1ccc(CNCCOc2ccccc2)cc1,COc1ccc(OCCNCc2ccccc2)cc1,COc1ccc(OCCNCc2ccccc2)cc1,c1ccc(CNCCOc2ccccc2)cc1,c1ccc(CNCCOc2ccccc2)cc1,True,True,True,,0.7741935483870968,1.0,,,,,,,,,,,,,,,,,,,,,3.0,3.0,0.0,True,7.0,7.0,0.0,True
target_oracle,mpair_00007804_cond_01_2p,mpair_00007804,eval,2,"HBA,RB",CO[C@H]1O[C@H](CO)[C@H](O)[C@H](OCc2cc3ccccc3o/c2=N\S(=O)(=O)c2ccccc2)[C@H]1OC(C)=O,CO[C@H]1O[C@H](CO)[C@H](O)[C@H](OCc2cc3ccccc3o/c2=N\S(=O)(=O)c2ccccc2)[C@H]1O,CO[C@H]1O[C@H](CO)[C@H](O)[C@H](OCc2cc3ccccc3o/c2=N\S(=O)(=O)c2ccccc2)[C@H]1O,O=S(=O)(/N=c1\oc2ccccc2cc1COC1CCOCC1)c1ccccc1,O=S(=O)(/N=c1\oc2ccccc2cc1COC1CCOCC1)c1ccccc1,True,True,True,,0.8235294117647058,1.0,,,,,,,,,,,,,,,,,,,,,9.0,9.0,0.0,True,7.0,7.0,0.0,True
target_oracle,mpair_00007852_cond_02_2p,mpair_00007852,eval,2,"HBD,RB",CCO/C(O)=C1\C(C)=NC(C)=C(C(=O)OC)C1c1cccc(NC(=O)NCCCN2CCN(c3ccc(OC)cc3)CC2)c1,CCO/C(O)=C1\C(C)=NC(C)=C(C(=O)OC)C1c1cccc(NC(=O)NCCCN2CCN(c3cccc(O)c3)CC2)c1,CCO/C(O)=C1\C(C)=NC(C)=C(C(=O)OC)C1c1cccc(NC(=O)NCCCN2CCN(c3cccc(O)c3)CC2)c1,C=C1C=NC=CC1c1cccc(NC(=O)NCCCN2CCN(c3ccccc3)CC2)c1,C=C1C=NC=CC1c1cccc(NC(=O)NCCCN2CCN(c3ccccc3)CC2)c1,True,True,True,,0.8271604938271605,1.0,,,,,,,,,,,,,,,,,4.0,4.0,0.0,True,,,,,10.0,10.0,0.0,True
target_oracle,mpair_00008342_cond_01_2p,mpair_00008342,eval,2,"HBA,RB",Cc1cnc2cc(C(F)(F)F)ccc2c1N1CC[C@H](C(=O)N2CCn3c(nnc3C(F)(F)F)C2)[C@H](C)C1,C[C@@H]1CN(c2ccnc3cc(OC(F)(F)F)ccc23)CC[C@@H]1C(=O)N1CCn2c(nnc2C(F)(F)F)C1,C[C@@H]1CN(c2ccnc3cc(OC(F)(F)F)ccc23)CC[C@@H]1C(=O)N1CCn2c(nnc2C(F)(F)F)C1,O=C(C1CCN(c2ccnc3ccccc23)CC1)N1CCn2cnnc2C1,O=C(C1CCN(c2ccnc3ccccc23)CC1)N1CCn2cnnc2C1,True,True,True,,0.6219512195121951,1.0,,,,,,,,,,,,,,,,,,,,,7.0,7.0,0.0,True,3.0,3.0,0.0,True
target_oracle,mpair_00008369_cond_01_2p,mpair_00008369,eval,2,"HBA,RB",COc1ccnc(C[S+]([O-])c2nc3cc4c(cc3[nH]2)OC(F)(F)O4)c1C,COc1ccnc(C[S+]([O-])c2nc3cc4c(cc3[nH]2)OC(F)(F)O4)c1OC,COc1ccnc(C[S+]([O-])c2nc3cc4c(cc3[nH]2)OC(F)(F)O4)c1OC,c1ccc(C[SH+]c2nc3cc4c(cc3[nH]2)OCO4)nc1,c1ccc(C[SH+]c2nc3cc4c(cc3[nH]2)OCO4)nc1,True,True,True,,0.8275862068965517,1.0,,,,,,,,,,,,,,,,,,,,,7.0,7.0,0.0,True,5.0,5.0,0.0,True
target_oracle,mpair_00008497_cond_01_2p,mpair_00008497,eval,2,"LogP,RB",COC(=O)C[C@H](O)C[C@H](O)CCn1c(C(C)C)cc(-c2ccc(F)cc2)c1-c1ccc(F)cc1,COC(=O)C[C@H](O)C[C@H](O)/C=C/n1c(C(C)C)cc(-c2cccc(Br)c2)c1-c1ccc(F)cc1,COC(=O)C[C@H](O)C[C@H](O)/C=C/n1c(C(C)C)cc(-c2cccc(Br)c2)c1-c1ccc(F)cc1,c1ccc(-c2cc[nH]c2-c2ccccc2)cc1,c1ccc(-c2cc[nH]c2-c2ccccc2)cc1,True,True,True,,0.5571428571428572,1.0,,,,,5.992800000000005,5.992800000000005,0.0,True,,,,,,,,,,,,,,,,,9.0,9.0,0.0,True
target_oracle,mpair_00008557_cond_02_2p,mpair_00008557,eval,2,"TPSA,HBA",O=c1[nH]c(=O)n(COCCO)cc1Cc1cccc(Oc2ccc(F)cc2)c1,O=c1[nH]c(=O)n(COC(CO)CO)cc1Cc1cccc(Oc2cccc(Cl)c2)c1,O=c1[nH]c(=O)n(COC(CO)CO)cc1Cc1cccc(Oc2cccc(Cl)c2)c1,O=c1[nH]cc(Cc2cccc(Oc3ccccc3)c2)c(=O)[nH]1,O=c1[nH]cc(Cc2cccc(Oc3ccccc3)c2)c(=O)[nH]1,True,True,True,,0.5692307692307692,1.0,,,,,,,,,,,,,113.78000000000002,113.78000000000002,0.0,True,,,,,7.0,7.0,0.0,True,,,,
target_oracle,mpair_00008622_cond_01_2p,mpair_00008622,eval,2,"MW,QED",O=C1CCC(c2ccccc2)(C2CCN(Cc3cccc(I)c3)CC2)C(=O)N1,O=C1CCC(c2ccccc2)(C2CCN(Cc3cccc(F)c3)CC2)C(=O)N1,O=C1CCC(c2ccccc2)(C2CCN(Cc3cccc(F)c3)CC2)C(=O)N1,O=C1CCC(c2ccccc2)(C2CCN(Cc3ccccc3)CC2)C(=O)N1,O=C1CCC(c2ccccc2)(C2CCN(Cc3ccccc3)CC2)C(=O)N1,True,True,True,,0.7818181818181819,1.0,380.4630000000001,380.4630000000001,0.0,True,,,,,0.8272851211582444,0.8272851211582444,0.0,True,,,,,,,,,,,,,,,,
target_oracle,mpair_00008864_cond_02_2p,mpair_00008864,eval,2,"QED,RB",C[C@]12CC[C@@H]3c4ccc(O)cc4CC[C@H]3[C@@H]1CC[C@@H]2O,COc1ccc2c(c1)CC[C@@H]1[C@@H]2CC[C@]2(C)[C@@H](O)CC[C@@H]12,COc1ccc2c(c1)CC[C@@H]1[C@@H]2CC[C@]2(C)[C@@H](O)CC[C@@H]12,c1ccc2c(c1)CC[C@@H]1[C@@H]2CCC2CCC[C@H]21,c1ccc2c(c1)CC[C@@H]1[C@@H]2CCC2CCC[C@H]21,True,True,True,,0.7446808510638298,1.0,,,,,,,,,0.847817286403045,0.847817286403045,0.0,True,,,,,,,,,,,,,1.0,1.0,0.0,True
target_oracle,mpair_00009986_cond_00_2p,mpair_00009986,eval,2,"MW,LogP",Cc1cc(-n2ncc(=O)[nH]c2=O)ccc1S(=O)(=O)N1CCOCC1,O=c1cnn(-c2cc(Cl)c(S(=O)(=O)N3CCOCC3)c(Cl)c2)c(=O)[nH]1,O=c1cnn(-c2cc(Cl)c(S(=O)(=O)N3CCOCC3)c(Cl)c2)c(=O)[nH]1,O=c1cnn(-c2ccc(S(=O)(=O)N3CCOCC3)cc2)c(=O)[nH]1,O=c1cnn(-c2ccc(S(=O)(=O)N3CCOCC3)cc2)c(=O)[nH]1,True,True,True,,0.6415094339622641,1.0,407.2350000000002,407.2350000000002,0.0,True,0.24849999999999955,0.24849999999999955,0.0,True,,,,,,,,,,,,,,,,,,,,
target_oracle,mpair_00010788_cond_00_2p,mpair_00010788,eval,2,"HBA,RB",O=C(O)c1cn(C2CC2)c2c(F)c(N3C[C@@H]4CCCN[C@@H]4C3)c(F)cc2c1=O,COc1c(N2C[C@@H]3CCCN[C@@H]3C2)c(F)cc2c(=O)c(C(=O)O)cn(C3CC3)c12,COc1c(N2C[C@@H]3CCCN[C@@H]3C2)c(F)cc2c(=O)c(C(=O)O)cn(C3CC3)c12,O=c1ccn(C2CC2)c2cc(N3C[C@@H]4CCCN[C@@H]4C3)ccc12,O=c1ccn(C2CC2)c2cc(N3C[C@@H]4CCCN[C@@H]4C3)ccc12,True,True,True,,0.8253968253968254,1.0,,,,,,,,,,,,,,,,,,,,,6.0,6.0,0.0,True,4.0,4.0,0.0,True
target_oracle,mpair_00010827_cond_00_2p,mpair_00010827,eval,2,"LogP,HBA",CCCN(CCC)c1c(O)nc(-c2c(C)cc(C)cc2OC)nc1CC,CCCN(CCC)c1c(C)nc(-c2c(OC)cccc2OC)nc1O,CCCN(CCC)c1c(C)nc(-c2c(OC)cccc2OC)nc1O,c1ccc(-c2ncccn2)cc1,c1ccc(-c2ncccn2)cc1,True,True,True,,0.5370370370370371,1.0,,,,,3.801220000000003,3.801220000000003,0.0,True,,,,,,,,,,,,,6.0,6.0,0.0,True,,,,
target_oracle,mpair_00011637_cond_02_2p,mpair_00011637,eval,2,"TPSA,HBA",N#Cc1cccc(OC[C@@H]2CCCN2)c1,Fc1cc(F)cc(OC[C@@H]2CCCN2)c1,Fc1cc(F)cc(OC[C@@H]2CCCN2)c1,c1ccc(OC[C@@H]2CCCN2)cc1,c1ccc(OC[C@@H]2CCCN2)cc1,True,True,True,,0.5476190476190477,1.0,,,,,,,,,,,,,21.259999999999998,21.259999999999998,0.0,True,,,,,2.0,2.0,0.0,True,,,,
target_oracle,mpair_00011970_cond_00_2p,mpair_00011970,eval,2,"HBA,RB",CC1(C)C2CC[C@@]1(CS(=O)(=O)N1CCC3(C=Cc4ccc(F)cc43)CC1)C(=O)C2,COc1ccc2c(c1)C=CC21CCN(S(=O)(=O)C[C@]23CCC(CC2=O)C3(C)C)CC1,COc1ccc2c(c1)C=CC21CCN(S(=O)(=O)C[C@]23CCC(CC2=O)C3(C)C)CC1,O=C1CC2CC[C@]1(CS(=O)(=O)N1CCC3(C=Cc4ccccc43)CC1)C2,O=C1CC2CC[C@]1(CS(=O)(=O)N1CCC3(C=Cc4ccccc43)CC1)C2,True,True,True,,0.696969696969697,1.0,,,,,,,,,,,,,,,,,,,,,4.0,4.0,0.0,True,4.0,4.0,0.0,True
target_oracle,mpair_00011999_cond_00_2p,mpair_00011999,eval,2,"QED,HBA",CSC(=O)Nc1cnc(-c2ccccc2)n(CC(=O)NC(C(=O)C(F)(F)F)C(C)C)c1=O,CC(C)C(NC(=O)Cn1c(-c2ccccc2)ncc(NC(=O)C(F)(F)F)c1=O)C(=O)C(F)(F)F,CC(C)C(NC(=O)Cn1c(-c2ccccc2)ncc(NC(=O)C(F)(F)F)c1=O)C(=O)C(F)(F)F,O=c1ccnc(-c2ccccc2)[nH]1,O=c1ccnc(-c2ccccc2)[nH]1,True,True,True,,0.8305084745762712,1.0,,,,,,,,,0.5780139226597643,0.5780139226597643,0.0,True,,,,,,,,,6.0,6.0,0.0,True,,,,
target_oracle,mpair_00012879_cond_00_2p,mpair_00012879,eval,2,"TPSA,HBA",CC(C)(c1cc(O)ccc1F)C(C)(C)c1cc(O)ccc1F,COc1ccc(O)cc1C(C)(C)C(C)(C)c1cc(O)ccc1OC,COc1ccc(O)cc1C(C)(C)C(C)(C)c1cc(O)ccc1OC,c1ccc(CCc2ccccc2)cc1,c1ccc(CCc2ccccc2)cc1,True,True,True,,0.5333333333333333,1.0,,,,,,,,,,,,,58.92,58.92,0.0,True,,,,,4.0,4.0,0.0,True,,,,
target_oracle,mpair_00013177_cond_02_2p,mpair_00013177,eval,2,"TPSA,RB",NC(=O)N/N=C/c1c(N)nc(N)nc1OCC1CCCCC1,Nc1nc(N)c(N)c(OCC2CCCCC2)n1,Nc1nc(N)c(N)c(OCC2CCCCC2)n1,c1cc(OCC2CCCCC2)ncn1,c1cc(OCC2CCCCC2)ncn1,True,True,True,,0.5306122448979592,1.0,,,,,,,,,,,,,113.07,113.07,0.0,True,,,,,,,,,3.0,3.0,0.0,True
target_oracle,mpair_00013243_cond_00_2p,mpair_00013243,eval,2,"MW,HBA",COc1ccc2c3c1OC1C(=O)[C@@H](C)CC4(O)C(C2)N(CC2CCC2)CCC314,O=C1CCC2C3Cc4ccc(O)c5c4C2(CCN3CC2CCC2)C1O5,O=C1CCC2C3Cc4ccc(O)c5c4C2(CCN3CC2CCC2)C1O5,O=C1CCC2C3Cc4cccc5c4C2(CCN3CC2CCC2)C1O5,O=C1CCC2C3Cc4cccc5c4C2(CCN3CC2CCC2)C1O5,True,True,True,,0.4074074074074074,1.0,339.4350000000001,339.4350000000001,0.0,True,,,,,,,,,,,,,,,,,4.0,4.0,0.0,True,,,,
target_oracle,mpair_00013573_cond_01_2p,mpair_00013573,eval,2,"HBA,RB",O=C1CCC(CNC(=O)c2ccccc2)(c2ccccc2)CC1,COc1cccc(C(=O)NCC2(c3ccccc3)CCC(=O)CC2)c1,COc1cccc(C(=O)NCC2(c3ccccc3)CCC(=O)CC2)c1,O=C1CCC(CNC(=O)c2ccccc2)(c2ccccc2)CC1,O=C1CCC(CNC(=O)c2ccccc2)(c2ccccc2)CC1,True,True,True,,0.717391304347826,1.0,,,,,,,,,,,,,,,,,,,,,3.0,3.0,0.0,True,5.0,5.0,0.0,True
target_oracle,mpair_00013606_cond_01_2p,mpair_00013606,eval,2,"QED,HBD",Cc1ncccc1-c1ncc(Cl)cc1-c1ccc(S(C)(=O)=O)cc1,CS(=O)(=O)c1ccc(-c2cc(Cl)cnc2-c2ccc(CO)nc2)cc1,CS(=O)(=O)c1ccc(-c2cc(Cl)cnc2-c2ccc(CO)nc2)cc1,c1ccc(-c2cccnc2-c2cccnc2)cc1,c1ccc(-c2cccnc2-c2cccnc2)cc1,True,True,True,,0.5882352941176471,1.0,,,,,,,,,0.7569286028251322,0.7569286028251322,0.0,True,,,,,1.0,1.0,0.0,True,,,,,,,,
target_oracle,mpair_00013958_cond_00_2p,mpair_00013958,eval,2,"HBA,RB",Cn1c2ccccc2n2c(=O)c(-c3ccccc3)nnc12,COc1ccc(-c2nnc3n(C)c4ccccc4n3c2=O)cc1,COc1ccc(-c2nnc3n(C)c4ccccc4n3c2=O)cc1,O=c1c(-c2ccccc2)nnc2[nH]c3ccccc3n12,O=c1c(-c2ccccc2)nnc2[nH]c3ccccc3n12,True,True,True,,0.75,1.0,,,,,,,,,,,,,,,,,,,,,6.0,6.0,0.0,True,2.0,2.0,0.0,True
target_oracle,mpair_00014112_cond_02_2p,mpair_00014112,eval,2,"QED,RB",CCCCNc1nc(C)nc(Sc2nnc3c4ccccc4n(C)c3n2)n1,Cc1nc(NC(C)(C)C)nc(Sc2nnc3c4ccccc4n(C)c3n2)n1,Cc1nc(NC(C)(C)C)nc(Sc2nnc3c4ccccc4n(C)c3n2)n1,c1ccc2c(c1)[nH]c1nc(Sc3ncncn3)nnc12,c1ccc2c(c1)[nH]c1nc(Sc3ncncn3)nnc12,True,True,True,,0.6896551724137931,1.0,,,,,,,,,0.5780050241000559,0.5780050241000559,0.0,True,,,,,,,,,,,,,3.0,3.0,0.0,True
target_oracle,mpair_00014576_cond_01_2p,mpair_00014576,eval,2,"TPSA,HBA",O=C(NO)C1(NS(=O)(=O)c2ccc(Oc3ccc(F)cc3)cc2)CCOCC1,N#Cc1ccc(Oc2ccc(S(=O)(=O)NC3(C(=O)NO)CCOCC3)cc2)cc1,N#Cc1ccc(Oc2ccc(S(=O)(=O)NC3(C(=O)NO)CCOCC3)cc2)cc1,O=S(=O)(NC1CCOCC1)c1ccc(Oc2ccccc2)cc1,O=S(=O)(NC1CCOCC1)c1ccc(Oc2ccccc2)cc1,True,True,True,,0.7450980392156863,1.0,,,,,,,,,,,,,137.74999999999997,137.74999999999997,0.0,True,,,,,7.0,7.0,0.0,True,,,,
target_oracle,mpair_00014920_cond_02_2p,mpair_00014920,eval,2,"MW,LogP",C=C(C(=O)c1ccccc1)n1ccccc1=O,CC/C=C(\C(=O)c1ccc(Cl)cc1)n1ccccc1=O,CC/C=C(\C(=O)c1ccc(Cl)cc1)n1ccccc1=O,C=C(C(=O)c1ccccc1)n1ccccc1=O,C=C(C(=O)c1ccccc1)n1ccccc1=O,True,True,True,,0.43478260869565216,1.0,287.74600000000004,287.74600000000004,0.0,True,3.635500000000003,3.635500000000003,0.0,True,,,,,,,,,,,,,,,,,,,,
target_oracle,mpair_00015987_cond_01_2p,mpair_00015987,eval,2,"MW,LogP",C[C@@H](NS(=O)(=O)c1ccccc1)C(=O)NC1=NN=C(c2ccc(Br)cc2)CS1,C[C@H](NS(=O)(=O)c1ccccc1)C(=O)NC1=NN=C(c2ccc(F)cc2)CS1,C[C@H](NS(=O)(=O)c1ccccc1)C(=O)NC1=NN=C(c2ccc(F)cc2)CS1,O=C(CNS(=O)(=O)c1ccccc1)NC1=NN=C(c2ccccc2)CS1,O=C(CNS(=O)(=O)c1ccccc1)NC1=NN=C(c2ccccc2)CS1,True,True,True,,0.8181818181818182,1.0,420.49100000000016,420.49100000000016,0.0,True,2.1157999999999997,2.1157999999999997,0.0,True,,,,,,,,,,,,,,,,,,,,
target_oracle,mpair_00016522_cond_01_2p,mpair_00016522,eval,2,"LogP,RB",CCN(CC)CCCNc1nccc2c1c1cnccc1n2C,CCN(CC)CCCCNc1ncc(C)c2c1c1cnccc1n2C,CCN(CC)CCCCNc1ncc(C)c2c1c1cnccc1n2C,c1cc2[nH]c3ccncc3c2cn1,c1cc2[nH]c3ccncc3c2cn1,True,True,True,,0.6909090909090909,1.0,,,,,3.963820000000003,3.963820000000003,0.0,True,,,,,,,,,,,,,,,,,8.0,8.0,0.0,True
target_oracle,mpair_00016970_cond_02_2p,mpair_00016970,eval,2,"TPSA,HBA",CCCc1c(OCCCOc2cc3c(cc2C(C)=O)CCC(C(=O)O)O3)ccc(C(C)=O)c1O,CCCc1c(OCCCOc2cc(O)c(C(C)=O)cc2CC)ccc2c1OC(C(=O)O)CC2,CCCc1c(OCCCOc2cc(O)c(C(C)=O)cc2CC)ccc2c1OC(C(=O)O)CC2,c1ccc(OCCCOc2ccc3c(c2)OCCC3)cc1,c1ccc(OCCCOc2ccc3c(c2)OCCC3)cc1,True,True,True,,0.6056338028169014,1.0,,,,,,,,,,,,,102.29,102.29,0.0,True,,,,,6.0,6.0,0.0,True,,,,
target_oracle,mpair_00017118_cond_01_2p,mpair_00017118,eval,2,"HBD,HBA",COc1ccccc1N1CCN(c2cc3c(cc2N)c(=O)c(C(=O)O)cn3C(C)(C)C)CC1,COc1ccccc1N1CCN(c2c(F)cc3c(=O)c(C(=O)O)cn(CCN(C)C)c3c2OC(F)F)CC1,COc1ccccc1N1CCN(c2c(F)cc3c(=O)c(C(=O)O)cn(CCN(C)C)c3c2OC(F)F)CC1,O=c1cc[nH]c2cc(N3CCN(c4ccccc4)CC3)ccc12,O=c1cc[nH]c2cc(N3CCN(c4ccccc4)CC3)ccc12,True,True,True,,0.43373493975903615,1.0,,,,,,,,,,,,,,,,,1.0,1.0,0.0,True,8.0,8.0,0.0,True,,,,
target_oracle,mpair_00017134_cond_02_2p,mpair_00017134,eval,2,"HBA,RB",COc1ccc(N2CCN(c3cc4c(cc3N)c(=O)c(C(=O)O)cn4C(C)(C)C)CC2)cc1,CC(C)(C)n1cc(C(=O)O)c(=O)c2cc(N)c(N3CCN(c4ccc(F)cc4)CC3)cc21,CC(C)(C)n1cc(C(=O)O)c(=O)c2cc(N)c(N3CCN(c4ccc(F)cc4)CC3)cc21,O=c1cc[nH]c2cc(N3CCN(c4ccccc4)CC3)ccc12,O=c1cc[nH]c2cc(N3CCN(c4ccccc4)CC3)ccc12,True,True,True,,0.7931034482758621,1.0,,,,,,,,,,,,,,,,,,,,,6.0,6.0,0.0,True,3.0,3.0,0.0,True
target_oracle,mpair_00017188_cond_00_2p,mpair_00017188,eval,2,"HBA,RB",COc1ccc(C2(CCc3ccc(O)cc3)CC(=O)C(Sc3cc(C)c(CO)cc3C(C)(C)C)=C(O)O2)cc1,Cc1cc(SC2=C(O)OC(CCc3cccc(O)c3)(c3ccccc3)CC2=O)c(C(C)(C)C)cc1CO,Cc1cc(SC2=C(O)OC(CCc3cccc(O)c3)(c3ccccc3)CC2=O)c(C(C)(C)C)cc1CO,O=C1CC(CCc2ccccc2)(c2ccccc2)OC=C1Sc1ccccc1,O=C1CC(CCc2ccccc2)(c2ccccc2)OC=C1Sc1ccccc1,True,True,True,,0.7105263157894737,1.0,,,,,,,,,,,,,,,,,,,,,6.0,6.0,0.0,True,7.0,7.0,0.0,True
target_oracle,mpair_00000006_cond_01_3p,mpair_00000006,eval,3,"MW,LogP,QED",O=C(c1ccccc1F)N1C[C@H](CN2CCC(c3ccccc3)CC2)[C@@H](c2ccccc2)C1,O=C(c1ccccc1C(F)(F)F)N1C[C@H](CN2CCC(c3ccccc3)CC2)[C@@H](c2ccccc2)C1,O=C(c1ccccc1C(F)(F)F)N1C[C@H](CN2CCC(c3ccccc3)CC2)[C@@H](c2ccccc2)C1,O=C(c1ccccc1)N1C[C@H](CN2CCC(c3ccccc3)CC2)[C@@H](c2ccccc2)C1,O=C(c1ccccc1)N1C[C@H](CN2CCC(c3ccccc3)CC2)[C@@H](c2ccccc2)C1,True,True,True,,0.7592592592592593,1.0,492.5850000000002,492.5850000000002,0.0,True,6.4408000000000065,6.4408000000000065,0.0,True,0.4092272471712491,0.4092272471712491,0.0,True,,,,,,,,,,,,,,,,
target_oracle,mpair_00000773_cond_01_3p,mpair_00000773,eval,3,"MW,LogP,RB",C=CCc1cc(/C=C2\SC(=O)N(CC=C(C)C)C2=O)c(OC)cc1OC1CCCCO1,C=CCc1cc(/C=C2\SC(=O)N(C)C2=O)c(OC)cc1OC1CCCCO1,C=CCc1cc(/C=C2\SC(=O)N(C)C2=O)c(OC)cc1OC1CCCCO1,O=C1NC(=O)/C(=C/c2ccc(OC3CCCCO3)cc2)S1,O=C1NC(=O)/C(=C/c2ccc(OC3CCCCO3)cc2)S1,True,True,True,,0.7761194029850746,1.0,389.4730000000002,389.4730000000002,0.0,True,3.9952000000000023,3.9952000000000023,0.0,True,,,,,,,,,,,,,,,,,6.0,6.0,0.0,True
target_oracle,mpair_00001243_cond_01_3p,mpair_00001243,eval,3,"LogP,HBA,RB",CNc1nc(N)nc(O)c1C=O,CC(C)Nc1nc(N)nc(O)c1N=O,CC(C)Nc1nc(N)nc(O)c1N=O,c1cncnc1,c1cncnc1,True,True,True,,0.425,1.0,,,,,0.9825999999999997,0.9825999999999997,0.0,True,,,,,,,,,,,,,7.0,7.0,0.0,True,3.0,3.0,0.0,True
target_oracle,mpair_00002396_cond_01_3p,mpair_00002396,eval,3,"LogP,QED,HBA",CN(C)CCCOc1cc(C(=O)Nc2cc(F)cc(C(F)(F)F)c2)n(Cc2ccccc2)n1,COc1ccc(NC(=O)c2cc(OCCCN(C)C)nn2Cc2ccccc2)cc1,COc1ccc(NC(=O)c2cc(OCCCN(C)C)nn2Cc2ccccc2)cc1,O=C(Nc1ccccc1)c1ccnn1Cc1ccccc1,O=C(Nc1ccccc1)c1ccnn1Cc1ccccc1,True,True,True,,0.6764705882352942,1.0,,,,,3.522800000000002,3.522800000000002,0.0,True,0.5200250404910086,0.5200250404910086,0.0,True,,,,,,,,,6.0,6.0,0.0,True,,,,
target_oracle,mpair_00002436_cond_00_3p,mpair_00002436,eval,3,"LogP,TPSA,HBA",CSc1cc(-c2ccc(Br)cc2)oc(=O)c1C#N,CSc1cc(-c2ccc(Br)cc2)oc(=O)c1Cl,CSc1cc(-c2ccc(Br)cc2)oc(=O)c1Cl,O=c1cccc(-c2ccccc2)o1,O=c1cccc(-c2ccccc2)o1,True,True,True,,0.6428571428571429,1.0,,,,,4.444600000000002,4.444600000000002,0.0,True,,,,,30.21,30.21,0.0,True,,,,,3.0,3.0,0.0,True,,,,
target_oracle,mpair_00002496_cond_00_3p,mpair_00002496,eval,3,"QED,TPSA,RB",COc1ccc(C(=O)Nc2c(Cl)cncc2Cl)c2ccc(C(C)=O)nc12,COc1ccc(C(=O)Nc2ccncc2Cl)c2cccnc12,COc1ccc(C(=O)Nc2ccncc2Cl)c2cccnc12,O=C(Nc1ccncc1)c1cccc2ncccc12,O=C(Nc1ccncc1)c1cccc2ncccc12,True,True,True,,0.5081967213114754,1.0,,,,,,,,,0.8029165077767629,0.8029165077767629,0.0,True,64.11,64.11,0.0,True,,,,,,,,,3.0,3.0,0.0,True
target_oracle,mpair_00002929_cond_02_3p,mpair_00002929,eval,3,"MW,QED,TPSA",Clc1ccc(Nc2nc(N3CCOCC3)nc3ccccc23)cc1,COC(=O)c1ccc2c(Nc3ccc(Cl)cc3)nc(N3CCOCC3)nc2c1,COC(=O)c1ccc2c(Nc3ccc(Cl)cc3)nc(N3CCOCC3)nc2c1,c1ccc(Nc2nc(N3CCOCC3)nc3ccccc23)cc1,c1ccc(Nc2nc(N3CCOCC3)nc3ccccc23)cc1,True,True,True,,0.631578947368421,1.0,398.85000000000025,398.85000000000025,0.0,True,,,,,0.6719222545699903,0.6719222545699903,0.0,True,76.58,76.58,0.0,True,,,,,,,,,,,,
target_oracle,mpair_00003586_cond_02_3p,mpair_00003586,eval,3,"LogP,HBA,RB",CSc1ccc(Cn2ccc3c4c(N)nc(N)nc4ccc32)cc1,CC(C)(C)c1ccc(Cn2ccc3c4c(N)nc(N)nc4ccc32)cc1,CC(C)(C)c1ccc(Cn2ccc3c4c(N)nc(N)nc4ccc32)cc1,c1ccc(Cn2ccc3c4cncnc4ccc32)cc1,c1ccc(Cn2ccc3c4cncnc4ccc32)cc1,True,True,True,,0.72,1.0,,,,,4.094700000000002,4.094700000000002,0.0,True,,,,,,,,,,,,,5.0,5.0,0.0,True,2.0,2.0,0.0,True
target_oracle,mpair_00003910_cond_01_3p,mpair_00003910,eval,3,"LogP,QED,RB",CC1=CC2Cc3nc4cc(C)ccc4c(N)c3C(C1)C2,CCCCC1=CC2Cc3nc4ccccc4c(N)c3C(C1)C2,CCCCC1=CC2Cc3nc4ccccc4c(N)c3C(C1)C2,C1=CC2Cc3nc4ccccc4cc3C(C1)C2,C1=CC2Cc3nc4ccccc4cc3C(C1)C2,True,True,True,,0.5,1.0,,,,,4.983300000000003,4.983300000000003,0.0,True,0.8099373252527274,0.8099373252527274,0.0,True,,,,,,,,,,,,,3.0,3.0,0.0,True
target_oracle,mpair_00003929_cond_01_3p,mpair_00003929,eval,3,"QED,TPSA,HBA",OC(c1ccc(F)cc1)(c1ccc(F)cc1)C1CCN(CCCNc2ccccc2)CC1,Cc1ccc(O)c(NCCCN2CCC(C(O)(c3ccccc3)c3ccc(Cl)cc3)CC2)c1,Cc1ccc(O)c(NCCCN2CCC(C(O)(c3ccccc3)c3ccc(Cl)cc3)CC2)c1,c1ccc(NCCCN2CCC(C(c3ccccc3)c3ccccc3)CC2)cc1,c1ccc(NCCCN2CCC(C(c3ccccc3)c3ccccc3)CC2)cc1,True,True,True,,0.5483870967741935,1.0,,,,,,,,,0.2908765692038643,0.2908765692038643,0.0,True,55.730000000000004,55.730000000000004,0.0,True,,,,,4.0,4.0,0.0,True,,,,
target_oracle,mpair_00004149_cond_02_3p,mpair_00004149,eval,3,"LogP,HBA,RB",C=C1C[C@@]23O[C@]2(c2ccccc21)C1CC(OC(=O)[C@H](O)[C@@H](NC(=O)OCC)c2ccc(OC)cc2)C3(C)C1(C)C,C=C1C[C@@]23O[C@]2(c2ccccc21)C1CC(OC(=O)[C@H](O)[C@@H](NC(=O)OCC)c2ccc(Cl)cc2)C3(C)C1(C)C,C=C1C[C@@]23O[C@]2(c2ccccc21)C1CC(OC(=O)[C@H](O)[C@@H](NC(=O)OCC)c2ccc(Cl)cc2)C3(C)C1(C)C,C=C1C[C@@]23O[C@]2(c2ccccc21)C1CC(OC(=O)CCc2ccccc2)C3C1,C=C1C[C@@]23O[C@]2(c2ccccc21)C1CC(OC(=O)CCc2ccccc2)C3C1,True,True,True,,0.8571428571428571,1.0,,,,,5.547300000000005,5.547300000000005,0.0,True,,,,,,,,,,,,,6.0,6.0,0.0,True,6.0,6.0,0.0,True
target_oracle,mpair_00004730_cond_00_3p,mpair_00004730,eval,3,"LogP,HBA,RB",CN(C)S(=O)(=O)c1cccc(S(=O)(=O)c2ccc(CN)s2)c1,CCOc1cc(S(C)(=O)=O)cc(S(=O)(=O)c2ccc(CN)s2)c1,CCOc1cc(S(C)(=O)=O)cc(S(=O)(=O)c2ccc(CN)s2)c1,O=S(=O)(c1ccccc1)c1cccs1,O=S(=O)(c1ccccc1)c1cccs1,True,True,True,,0.5098039215686274,1.0,,,,,1.8418,1.8418,0.0,True,,,,,,,,,,,,,7.0,7.0,0.0,True,6.0,6.0,0.0,True
target_oracle,mpair_00004833_cond_00_3p,mpair_00004833,eval,3,"LogP,HBD,RB",CC(C)(C)OC(=O)Nc1cnn2c1n[n+]([O-])c1ccc(Cl)cc12,CCOC(=O)c1cnn2c1n[n+]([O-])c1ccc(Cl)cc12,CCOC(=O)c1cnn2c1n[n+]([O-])c1ccc(Cl)cc12,c1ccc2c(c1)[nH+]nc1ccnn12,c1ccc2c(c1)[nH+]nc1ccnn12,True,True,True,,0.5737704918032787,1.0,,,,,1.3459999999999996,1.3459999999999996,0.0,True,,,,,,,,,0.0,0.0,0.0,True,,,,,2.0,2.0,0.0,True
target_oracle,mpair_00005154_cond_00_3p,mpair_00005154,eval,3,"MW,QED,HBA",COC(=O)[C@H]1C[C@@H](C(=O)O)N1,COC(=O)[C@@H]1C[C@@H](C(=O)OC(C)(C)C)N1,COC(=O)[C@@H]1C[C@@H](C(=O)OC(C)(C)C)N1,C1CNC1,C1CNC1,True,True,True,,0.6206896551724138,1.0,215.249,215.249,0.0,True,,,,,0.6679892922393487,0.6679892922393487,0.0,True,,,,,,,,,5.0,5.0,0.0,True,,,,
target_oracle,mpair_00005176_cond_02_3p,mpair_00005176,eval,3,"QED,HBA,RB",COc1ccc2c(c1)C(NCCOc1cc(F)ccc1F)CCS2(=O)=O,O=S1(=O)CCC(NCCOc2cc(F)ccc2F)c2cc(F)ccc21,O=S1(=O)CCC(NCCOc2cc(F)ccc2F)c2cc(F)ccc21,O=S1(=O)CCC(NCCOc2ccccc2)c2ccccc21,O=S1(=O)CCC(NCCOc2ccccc2)c2ccccc21,True,True,True,,0.8301886792452831,1.0,,,,,,,,,0.6485702797426979,0.6485702797426979,0.0,True,,,,,,,,,4.0,4.0,0.0,True,5.0,5.0,0.0,True
target_oracle,mpair_00005384_cond_02_3p,mpair_00005384,eval,3,"LogP,TPSA,HBA",CCCN(CCC)C(=O)c1sc(Nc2c(Cl)cc(Cl)cc2Cl)nc1C,COCCN(CCOC)C(=O)c1sc(Nc2c(Cl)cc(Cl)cc2Cl)nc1C,COCCN(CCOC)C(=O)c1sc(Nc2c(Cl)cc(Cl)cc2Cl)nc1C,c1ccc(Nc2nccs2)cc1,c1ccc(Nc2nccs2)cc1,True,True,True,,0.78,1.0,,,,,4.8903200000000036,4.8903200000000036,0.0,True,,,,,63.690000000000005,63.690000000000005,0.0,True,,,,,6.0,6.0,0.0,True,,,,
target_oracle,mpair_00005878_cond_00_3p,mpair_00005878,eval,3,"LogP,QED,RB",CCN(CC)c1ccc(/C=C2\CC/C(=C\c3ccc(N(CCC(=O)O)CCC(=O)O)cc3)C2=O)cc1,CN(CCC(=O)O)c1ccc(/C=C2\CC/C(=C\c3ccc(N(C)CCC(=O)O)cc3)C2=O)cc1,CN(CCC(=O)O)c1ccc(/C=C2\CC/C(=C\c3ccc(N(C)CCC(=O)O)cc3)C2=O)cc1,O=C1/C(=C/c2ccccc2)CC/C1=C\c1ccccc1,O=C1/C(=C/c2ccccc2)CC/C1=C\c1ccccc1,True,True,True,,0.7045454545454546,1.0,,,,,4.338300000000003,4.338300000000003,0.0,True,0.5070136745133651,0.5070136745133651,0.0,True,,,,,,,,,,,,,10.0,10.0,0.0,True
target_oracle,mpair_00006073_cond_00_3p,mpair_00006073,eval,3,"LogP,HBA,RB",CC(C)(C)c1ccc(-c2ccc(CN3[C@@H](C(=O)NO)CCCS3(=O)=O)cc2)cc1,COc1ccc(-c2ccc(CN3[C@@H](C(=O)NO)CCCS3(=O)=O)cc2)cc1,COc1ccc(-c2ccc(CN3[C@@H](C(=O)NO)CCCS3(=O)=O)cc2)cc1,O=S1(=O)CCCCN1Cc1ccc(-c2ccccc2)cc1,O=S1(=O)CCCCN1Cc1ccc(-c2ccccc2)cc1,True,True,True,,0.75,1.0,,,,,2.1617999999999995,2.1617999999999995,0.0,True,,,,,,,,,,,,,5.0,5.0,0.0,True,5.0,5.0,0.0,True
target_oracle,mpair_00006845_cond_01_3p,mpair_00006845,eval,3,"MW,LogP,QED",CC(CCN1CCC(c2ccccc2)CC1)(CN1C(=O)N[C@H](Cc2c[nH]c3ccccc23)C1=O)c1cccc(Cl)c1,O=C1N[C@H](Cc2c[nH]c3ccccc23)C(=O)N1CC(CCN1CCC(c2ccccc2)CC1)c1ccccc1,O=C1N[C@H](Cc2c[nH]c3ccccc23)C(=O)N1CC(CCN1CCC(c2ccccc2)CC1)c1ccccc1,O=C1N[C@H](Cc2c[nH]c3ccccc23)C(=O)N1CC(CCN1CCC(c2ccccc2)CC1)c1ccccc1,O=C1N[C@H](Cc2c[nH]c3ccccc23)C(=O)N1CC(CCN1CCC(c2ccccc2)CC1)c1ccccc1,True,True,True,,0.5802469135802469,1.0,520.6770000000004,520.6770000000004,0.0,True,5.684300000000007,5.684300000000007,0.0,True,0.2789586572255103,0.2789586572255103,0.0,True,,,,,,,,,,,,,,,,
target_oracle,mpair_00007221_cond_00_3p,mpair_00007221,eval,3,"LogP,TPSA,HBA",CC12CCC3C(C(=O)C=C4CCCCC43C=O)C1CCC2=O,CC12CCC3C(C(=O)C=C4CCCCC43C)C1CCC2=O,CC12CCC3C(C(=O)C=C4CCCCC43C)C1CCC2=O,O=C1CCC2C1CCC1C3CCCCC3=CC(=O)C21,O=C1CCC2C1CCC1C3CCCCC3=CC(=O)C21,True,True,True,,0.7272727272727273,1.0,,,,,4.087400000000003,4.087400000000003,0.0,True,,,,,34.14,34.14,0.0,True,,,,,2.0,2.0,0.0,True,,,,
target_oracle,mpair_00007435_cond_01_3p,mpair_00007435,eval,3,"LogP,HBA,RB",O=C(O)CN1C(=O)C(=O)N(Cc2ccccc2Cl)C1=O,COc1ccccc1CN1C(=O)C(=O)N(CC(=O)O)C1=O,COc1ccccc1CN1C(=O)C(=O)N(CC(=O)O)C1=O,O=C1NC(=O)N(Cc2ccccc2)C1=O,O=C1NC(=O)N(Cc2ccccc2)C1=O,True,True,True,,0.6428571428571429,1.0,,,,,0.07060000000000016,0.07060000000000016,0.0,True,,,,,,,,,,,,,5.0,5.0,0.0,True,5.0,5.0,0.0,True
target_oracle,mpair_00007456_cond_02_3p,mpair_00007456,eval,3,"QED,TPSA,HBA",O=C(O)CN1C(=O)C(=O)N(Cc2ccc(F)cc2)C1=O,O=C(O)CN1C(=O)C(=O)N(Cc2ccccc2[N+](=O)[O-])C1=O,O=C(O)CN1C(=O)C(=O)N(Cc2ccccc2[N+](=O)[O-])C1=O,O=C1NC(=O)N(Cc2ccccc2)C1=O,O=C1NC(=O)N(Cc2ccccc2)C1=O,True,True,True,,0.4782608695652174,1.0,,,,,,,,,0.3485679851412651,0.3485679851412651,0.0,True,138.13,138.13,0.0,True,,,,,6.0,6.0,0.0,True,,,,
target_oracle,mpair_00007823_cond_02_3p,mpair_00007823,eval,3,"MW,HBA,RB",COc1cc2ncc(C#N)c(Nc3ccc(F)c(Cl)c3)c2cc1NC(=O)/C=C/C(C)N1CCOCC1,N#Cc1cnc2ccc(NC(=O)/C=C/CN3CCOCC3)cc2c1Nc1ccc(F)c(Cl)c1,N#Cc1cnc2ccc(NC(=O)/C=C/CN3CCOCC3)cc2c1Nc1ccc(F)c(Cl)c1,O=C(/C=C/CN1CCOCC1)Nc1ccc2nccc(Nc3ccccc3)c2c1,O=C(/C=C/CN1CCOCC1)Nc1ccc2nccc(Nc3ccccc3)c2c1,True,True,True,,0.5888888888888889,1.0,465.91600000000017,465.91600000000017,0.0,True,,,,,,,,,,,,,,,,,6.0,6.0,0.0,True,6.0,6.0,0.0,True
target_oracle,mpair_00007849_cond_00_3p,mpair_00007849,eval,3,"TPSA,HBD,HBA",CCO/C(O)=C1\C(C)=NC(C)=C(C(=O)OC)C1c1cccc(NC(=O)NCCCN2CCN(c3ccccc3)CC2)c1,CCO/C(O)=C1\C(C)=NC(C)=C(C(=O)OC)C1c1cccc(NC(=O)NCCCN2CCN(c3cccc(O)c3)CC2)c1,CCO/C(O)=C1\C(C)=NC(C)=C(C(=O)OC)C1c1cccc(NC(=O)NCCCN2CCN(c3cccc(O)c3)CC2)c1,C=C1C=NC=CC1c1cccc(NC(=O)NCCCN2CCN(c3ccccc3)CC2)c1,C=C1C=NC=CC1c1cccc(NC(=O)NCCCN2CCN(c3ccccc3)CC2)c1,True,True,True,,0.8947368421052632,1.0,,,,,,,,,,,,,135.95999999999998,135.95999999999998,0.0,True,4.0,4.0,0.0,True,9.0,9.0,0.0,True,,,,
target_oracle,mpair_00008148_cond_02_3p,mpair_00008148,eval,3,"LogP,TPSA,HBD",CCN(CC)CC(O)Cn1c2ccccc2c(=O)c2cccc(C(=O)O)c21,CC(C)N(CC(O)Cn1c2ccccc2c(=O)c2cccc(Cl)c21)C(C)C,CC(C)N(CC(O)Cn1c2ccccc2c(=O)c2cccc(Cl)c21)C(C)C,O=c1c2ccccc2[nH]c2ccccc12,O=c1c2ccccc2[nH]c2ccccc12,True,True,True,,0.5517241379310345,1.0,,,,,4.287800000000003,4.287800000000003,0.0,True,,,,,45.47,45.47,0.0,True,1.0,1.0,0.0,True,,,,,,,,
target_oracle,mpair_00008198_cond_02_3p,mpair_00008198,eval,3,"MW,TPSA,HBA",OC1Cc2ccccc2CC1N1CCC(c2ccccc2)CC1,CC(=O)Nc1cccc2c1CC(N1CCC(c3ccccc3)CC1)C(O)C2,CC(=O)Nc1cccc2c1CC(N1CCC(c3ccccc3)CC1)C(O)C2,c1ccc(C2CCN(C3CCc4ccccc4C3)CC2)cc1,c1ccc(C2CCN(C3CCc4ccccc4C3)CC2)cc1,True,True,True,,0.6170212765957447,1.0,364.4890000000001,364.4890000000001,0.0,True,,,,,,,,,52.57000000000001,52.57000000000001,0.0,True,,,,,3.0,3.0,0.0,True,,,,
target_oracle,mpair_00008355_cond_01_3p,mpair_00008355,eval,3,"LogP,QED,RB",CCc1c(O)c(C(=O)NCC(=O)O)c2ncnn2c1CC,CCCCCc1cc(O)c(C(=O)NCC(=O)O)c2ncnn12,CCCCCc1cc(O)c(C(=O)NCC(=O)O)c2ncnn12,c1ccn2ncnc2c1,c1ccn2ncnc2c1,True,True,True,,0.5535714285714286,1.0,,,,,0.9820000000000002,0.9820000000000002,0.0,True,0.6565019717290547,0.6565019717290547,0.0,True,,,,,,,,,,,,,7.0,7.0,0.0,True
target_oracle,mpair_00008374_cond_02_3p,mpair_00008374,eval,3,"LogP,HBA,RB",CC[C@H](C)C(=O)O[C@H]1CCC=C2C=C[C@H](C)[C@H](CCC(=O)C[C@@H](O)CC(=O)O)[C@H]21,CC[C@H](C)C(=O)O[C@H]1CCC=C2C=C[C@H](C)[C@H](COC(=O)C[C@@H](O)CC(=O)O)[C@H]21,CC[C@H](C)C(=O)O[C@H]1CCC=C2C=C[C@H](C)[C@H](COC(=O)C[C@@H](O)CC(=O)O)[C@H]21,C1=CC2=CCCC[C@@H]2CC1,C1=CC2=CCCC[C@@H]2CC1,True,True,True,,0.765625,1.0,,,,,2.8717000000000006,2.8717000000000006,0.0,True,,,,,,,,,,,,,6.0,6.0,0.0,True,9.0,9.0,0.0,True
target_oracle,mpair_00008508_cond_01_3p,mpair_00008508,eval,3,"MW,LogP,QED",CC(C)COc1ccc(Cc2ccc(NC3=NCCN3)cc2)cc1,COc1ccc(Cc2ccc(NC3=NCCN3)cc2)cc1,COc1ccc(Cc2ccc(NC3=NCCN3)cc2)cc1,c1ccc(Cc2ccc(NC3=NCCN3)cc2)cc1,c1ccc(Cc2ccc(NC3=NCCN3)cc2)cc1,True,True,True,,0.7111111111111111,1.0,281.359,281.359,0.0,True,2.6571000000000007,2.6571000000000007,0.0,True,0.905384090862648,0.905384090862648,0.0,True,,,,,,,,,,,,,,,,
target_oracle,mpair_00008601_cond_00_3p,mpair_00008601,eval,3,"MW,LogP,QED",Cc1cc2c(cc1C(F)(F)F)N(C(=O)Nc1cnc(OCc3ccccn3)c(C)c1)CC2,O=C(Nc1ccc(OCc2ccccn2)nc1)N1CCc2c(Cl)cccc21,O=C(Nc1ccc(OCc2ccccn2)nc1)N1CCc2c(Cl)cccc21,O=C(Nc1ccc(OCc2ccccn2)nc1)N1CCc2ccccc21,O=C(Nc1ccc(OCc2ccccn2)nc1)N1CCc2ccccc21,True,True,True,,0.4625,1.0,380.8350000000002,380.8350000000002,0.0,True,4.303600000000003,4.303600000000003,0.0,True,0.7321782006044687,0.7321782006044687,0.0,True,,,,,,,,,,,,,,,,
target_oracle,mpair_00008643_cond_00_3p,mpair_00008643,eval,3,"MW,QED,RB",COc1ccccc1N1CCN(C(=O)c2cc3ccccc3[nH]2)CC1,CC(C)Nc1ccc(F)cc1N1CCN(C(=O)c2cc3ccccc3[nH]2)CC1,CC(C)Nc1ccc(F)cc1N1CCN(C(=O)c2cc3ccccc3[nH]2)CC1,O=C(c1cc2ccccc2[nH]1)N1CCN(c2ccccc2)CC1,O=C(c1cc2ccccc2[nH]1)N1CCN(c2ccccc2)CC1,True,True,True,,0.603448275862069,1.0,380.4670000000001,380.4670000000001,0.0,True,,,,,0.7168114142147228,0.7168114142147228,0.0,True,,,,,,,,,,,,,4.0,4.0,0.0,True
target_oracle,mpair_00008657_cond_02_3p,mpair_00008657,eval,3,"MW,LogP,QED",CC(C)Nc1cc(C(F)(F)F)ccc1N1CCN(C(=O)c2cc3ccccc3[nH]2)CC1,CC(C)Nc1ccc(F)cc1N1CCN(C(=O)c2cc3ccccc3[nH]2)CC1,CC(C)Nc1ccc(F)cc1N1CCN(C(=O)c2cc3ccccc3[nH]2)CC1,O=C(c1cc2ccccc2[nH]1)N1CCN(c2ccccc2)CC1,O=C(c1cc2ccccc2[nH]1)N1CCN(c2ccccc2)CC1,True,True,True,,0.7049180327868853,1.0,380.4670000000001,380.4670000000001,0.0,True,4.089700000000003,4.089700000000003,0.0,True,0.7168114142147228,0.7168114142147228,0.0,True,,,,,,,,,,,,,,,,
target_oracle,mpair_00008740_cond_02_3p,mpair_00008740,eval,3,"MW,HBD,HBA",CC(=O)Oc1ccc(-c2c(C)c3cc(OC(C)=O)ccc3n2Cc2ccc(C#N)cc2)cc1,Cc1ccc(Cn2c(-c3ccc(O)cc3)c(C)c3cc(O)ccc32)cc1,Cc1ccc(Cn2c(-c3ccc(O)cc3)c(C)c3cc(O)ccc32)cc1,c1ccc(Cn2c(-c3ccccc3)cc3ccccc32)cc1,c1ccc(Cn2c(-c3ccccc3)cc3ccccc32)cc1,True,True,True,,0.4827586206896552,1.0,343.4260000000001,343.4260000000001,0.0,True,,,,,,,,,,,,,2.0,2.0,0.0,True,3.0,3.0,0.0,True,,,,
target_oracle,mpair_00009355_cond_01_3p,mpair_00009355,eval,3,"MW,QED,RB",O=C(NCCc1c[nH]c2ccccc12)C1CC1,COc1ccc2[nH]c(C)c(CCNC(=O)C3CC3)c2c1,COc1ccc2[nH]c(C)c(CCNC(=O)C3CC3)c2c1,O=C(NCCc1c[nH]c2ccccc12)C1CC1,O=C(NCCc1c[nH]c2ccccc12)C1CC1,True,True,True,,0.41379310344827586,1.0,272.34799999999996,272.34799999999996,0.0,True,,,,,0.8785652510386628,0.8785652510386628,0.0,True,,,,,,,,,,,,,5.0,5.0,0.0,True
target_oracle,mpair_00009969_cond_00_3p,mpair_00009969,eval,3,"TPSA,HBD,HBA",CN1C(=O)C(Cc2ccc3ccccc3c2)N=C(c2ccc(O)cc2)c2cc(Cl)ccc21,CN1C(=O)C(Cc2ccc3ccccc3c2)N=C(c2ccccc2)c2cc(Cl)ccc21,CN1C(=O)C(Cc2ccc3ccccc3c2)N=C(c2ccccc2)c2cc(Cl)ccc21,O=C1Nc2ccccc2C(c2ccccc2)=NC1Cc1ccc2ccccc2c1,O=C1Nc2ccccc2C(c2ccccc2)=NC1Cc1ccc2ccccc2c1,True,True,True,,0.8571428571428571,1.0,,,,,,,,,,,,,32.67,32.67,0.0,True,0.0,0.0,0.0,True,2.0,2.0,0.0,True,,,,
target_oracle,mpair_00010012_cond_00_3p,mpair_00010012,eval,3,"MW,LogP,HBD",O=c1cc(-c2ccccc2)oc2cc(OCC(O)CNCc3ccccc3)ccc12,CC(C)N(Cc1ccccc1)CC(O)COc1ccc2c(=O)cc(-c3ccccc3)oc2c1,CC(C)N(Cc1ccccc1)CC(O)COc1ccc2c(=O)cc(-c3ccccc3)oc2c1,O=c1cc(-c2ccccc2)oc2cc(OCCCNCc3ccccc3)ccc12,O=c1cc(-c2ccccc2)oc2cc(OCCCNCc3ccccc3)ccc12,True,True,True,,0.6451612903225806,1.0,443.5430000000002,443.5430000000002,0.0,True,5.110300000000005,5.110300000000005,0.0,True,,,,,,,,,1.0,1.0,0.0,True,,,,,,,,
target_oracle,mpair_00010795_cond_01_3p,mpair_00010795,eval,3,"LogP,HBA,RB",O=C(O)c1cn(C2CC2)c2c(Cl)c(N3C[C@@H]4CCCN[C@@H]4C3)c(F)cc2c1=O,COc1c(N2C[C@@H]3CCCN[C@@H]3C2)c(F)cc2c(=O)c(C(=O)O)cn(C3CC3)c12,COc1c(N2C[C@@H]3CCCN[C@@H]3C2)c(F)cc2c(=O)c(C(=O)O)cn(C3CC3)c12,O=c1ccn(C2CC2)c2cc(N3C[C@@H]4CCCN[C@@H]4C3)ccc12,O=c1ccn(C2CC2)c2cc(N3C[C@@H]4CCCN[C@@H]4C3)ccc12,True,True,True,,0.7727272727272727,1.0,,,,,2.3705000000000007,2.3705000000000007,0.0,True,,,,,,,,,,,,,6.0,6.0,0.0,True,4.0,4.0,0.0,True
target_oracle,mpair_00010894_cond_02_3p,mpair_00010894,eval,3,"LogP,TPSA,RB",N[C@@H](Cc1c[nH]c2ccccc12)C(=O)N1Cc2ccccc2C[C@H]1C(=O)N[C@@H](CS)C(=O)O,NC(=O)C[C@H](NC(=O)[C@@H]1Cc2ccccc2CN1C(=O)[C@@H](N)Cc1c[nH]c2ccccc12)C(=O)O,NC(=O)C[C@H](NC(=O)[C@@H]1Cc2ccccc2CN1C(=O)[C@@H](N)Cc1c[nH]c2ccccc12)C(=O)O,O=C(CCc1c[nH]c2ccccc12)N1CCc2ccccc2C1,O=C(CCc1c[nH]c2ccccc12)N1CCc2ccccc2C1,True,True,True,,0.8333333333333334,1.0,,,,,0.4360000000000033,0.4360000000000033,0.0,True,,,,,171.60999999999999,171.60999999999999,0.0,True,,,,,,,,,8.0,8.0,0.0,True
target_oracle,mpair_00011108_cond_02_3p,mpair_00011108,eval,3,"MW,LogP,QED",Cc1nn(-c2cccc(Br)c2)c2c1c(O)nc1ccccc12,COc1cccc(-n2nc(C)c3c(O)nc4ccccc4c32)c1,COc1cccc(-n2nc(C)c3c(O)nc4ccccc4c32)c1,c1ccc(-n2ncc3cnc4ccccc4c32)cc1,c1ccc(-n2ncc3cnc4ccccc4c32)cc1,True,True,True,,0.75,1.0,305.33700000000005,305.33700000000005,0.0,True,3.596320000000002,3.596320000000002,0.0,True,0.6145221270807419,0.6145221270807419,0.0,True,,,,,,,,,,,,,,,,
target_oracle,mpair_00012044_cond_01_3p,mpair_00012044,eval,3,"LogP,HBA,RB",COc1ccccc1N1CCN(c2nc3ccccc3s2)CC1,Clc1cccc(N2CCN(c3nc4ccccc4s3)CC2)c1,Clc1cccc(N2CCN(c3nc4ccccc4s3)CC2)c1,c1ccc(N2CCN(c3nc4ccccc4s3)CC2)cc1,c1ccc(N2CCN(c3nc4ccccc4s3)CC2)cc1,True,True,True,,0.5102040816326531,1.0,,,,,4.276300000000003,4.276300000000003,0.0,True,,,,,,,,,,,,,4.0,4.0,0.0,True,2.0,2.0,0.0,True
target_oracle,mpair_00012894_cond_01_3p,mpair_00012894,eval,3,"TPSA,HBA,RB",COc1ccc(O)cc1C(C)(C)C(C)(C)c1cc(O)ccc1OC,Cc1ccc(O)cc1C(C)(C)C(C)(C)c1cc(O)ccc1C,Cc1ccc(O)cc1C(C)(C)C(C)(C)c1cc(O)ccc1C,c1ccc(CCc2ccccc2)cc1,c1ccc(CCc2ccccc2)cc1,True,True,True,,0.5517241379310345,1.0,,,,,,,,,,,,,40.46,40.46,0.0,True,,,,,2.0,2.0,0.0,True,3.0,3.0,0.0,True
target_oracle,mpair_00013346_cond_02_3p,mpair_00013346,eval,3,"MW,LogP,QED",NC(=O)c1nnn(Cc2cc(Cl)cc(Cl)c2)c1N,NC(=O)c1nnn(Cc2ccccc2)c1N,NC(=O)c1nnn(Cc2ccccc2)c1N,c1ccc(Cn2ccnn2)cc1,c1ccc(Cn2ccnn2)cc1,True,True,True,,0.6923076923076923,1.0,217.23200000000003,217.23200000000003,0.0,True,0.007499999999999285,0.007499999999999285,0.0,True,0.7556774416955722,0.7556774416955722,0.0,True,,,,,,,,,,,,,,,,
target_oracle,mpair_00013968_cond_00_3p,mpair_00013968,eval,3,"QED,HBD,RB",O=C(O)CCN1C(=O)CCC1=O,CCOC(=O)CCN1C(=O)CCC1=O,CCOC(=O)CCN1C(=O)CCC1=O,O=C1CCC(=O)N1,O=C1CCC(=O)N1,True,True,True,,0.5483870967741935,1.0,,,,,,,,,0.4751411200089623,0.4751411200089623,0.0,True,,,,,0.0,0.0,0.0,True,,,,,4.0,4.0,0.0,True
target_oracle,mpair_00014573_cond_00_3p,mpair_00014573,eval,3,"LogP,TPSA,HBA",O=C(NO)C1(NS(=O)(=O)c2ccc(Oc3cccc(Cl)c3)cc2)CCOCC1,N#Cc1ccc(Oc2ccc(S(=O)(=O)NC3(C(=O)NO)CCOCC3)cc2)cc1,N#Cc1ccc(Oc2ccc(S(=O)(=O)NC3(C(=O)NO)CCOCC3)cc2)cc1,O=S(=O)(NC1CCOCC1)c1ccc(Oc2ccccc2)cc1,O=S(=O)(NC1CCOCC1)c1ccc(Oc2ccccc2)cc1,True,True,True,,0.6666666666666666,1.0,,,,,1.6834799999999996,1.6834799999999996,0.0,True,,,,,137.74999999999997,137.74999999999997,0.0,True,,,,,7.0,7.0,0.0,True,,,,
target_oracle,mpair_00014658_cond_01_3p,mpair_00014658,eval,3,"LogP,HBD,HBA",Cc1nn2c(C)nnc2cc1Cc1ccccc1Cl,Cc1nn2c(N)nnc2cc1Cc1ccc(F)cc1,Cc1nn2c(N)nnc2cc1Cc1ccc(F)cc1,c1ccc(Cc2cnn3cnnc3c2)cc1,c1ccc(Cc2cnn3cnnc3c2)cc1,True,True,True,,0.43137254901960786,1.0,,,,,1.7448199999999994,1.7448199999999994,0.0,True,,,,,,,,,1.0,1.0,0.0,True,5.0,5.0,0.0,True,,,,
target_oracle,mpair_00014900_cond_01_3p,mpair_00014900,eval,3,"TPSA,HBD,HBA",COC(=O)CCc1c(SSc2[nH]c3ccccc3c2CCC(=O)OC)[nH]c2ccccc12,Cc1ccc2[nH]c(SSc3[nH]c4ccc(C)cc4c3CCC(=O)O)c(CCC(=O)O)c2c1,Cc1ccc2[nH]c(SSc3[nH]c4ccc(C)cc4c3CCC(=O)O)c(CCC(=O)O)c2c1,c1ccc2[nH]c(SSc3cc4ccccc4[nH]3)cc2c1,c1ccc2[nH]c(SSc3cc4ccccc4[nH]3)cc2c1,True,True,True,,0.5,1.0,,,,,,,,,,,,,106.17999999999999,106.17999999999999,0.0,True,4.0,4.0,0.0,True,4.0,4.0,0.0,True,,,,
target_oracle,mpair_00016521_cond_02_3p,mpair_00016521,eval,3,"MW,QED,RB",CCCN(CCC)CCCNc1ncc(C)c2c1c1cnccc1n2C,CCN(CC)CCCNc1nccc2c1c1cnccc1n2C,CCN(CC)CCCNc1nccc2c1c1cnccc1n2C,c1cc2[nH]c3ccncc3c2cn1,c1cc2[nH]c3ccncc3c2cn1,True,True,True,,0.631578947368421,1.0,311.43300000000005,311.43300000000005,0.0,True,,,,,0.6803351574377275,0.6803351574377275,0.0,True,,,,,,,,,,,,,7.0,7.0,0.0,True
target_oracle,mpair_00017102_cond_02_3p,mpair_00017102,eval,3,"MW,HBA,RB",Nc1cc(C(=O)N2CCCC2)cn2nc(-c3ccc(Br)o3)nc12,COC[C@H]1CCCN1C(=O)c1cc(N)c2nc(-c3ccc(Br)o3)nn2c1,COC[C@H]1CCCN1C(=O)c1cc(N)c2nc(-c3ccc(Br)o3)nn2c1,O=C(c1ccc2nc(-c3ccco3)nn2c1)N1CCCC1,O=C(c1ccc2nc(-c3ccco3)nn2c1)N1CCCC1,True,True,True,,0.65625,1.0,420.26700000000005,420.26700000000005,0.0,True,,,,,,,,,,,,,,,,,7.0,7.0,0.0,True,4.0,4.0,0.0,True
target_oracle,mpair_00017142_cond_00_3p,mpair_00017142,eval,3,"MW,QED,RB",CCCCN1C(=O)CCC1(O)c1cccc(C(F)(F)F)c1,CN1C(=O)CCC1(O)c1ccccc1,CN1C(=O)CCC1(O)c1ccccc1,O=C1CCC(c2ccccc2)N1,O=C1CCC(c2ccccc2)N1,True,True,True,,0.4117647058823529,1.0,191.23000000000002,191.23000000000002,0.0,True,,,,,0.7213181648262305,0.7213181648262305,0.0,True,,,,,,,,,,,,,1.0,1.0,0.0,True
target_oracle,mpair_00017198_cond_02_3p,mpair_00017198,eval,3,"QED,HBD,RB",CC(C)c1cccc(C(C)C)c1NC(=O)NCC(NCc1ccc(O)c(CN(C)C)c1)c1ccccc1,COc1ccc(CNC(CNC(=O)Nc2c(C(C)C)cccc2C(C)C)c2ccccc2)cc1,COc1ccc(CNC(CNC(=O)Nc2c(C(C)C)cccc2C(C)C)c2ccccc2)cc1,O=C(NCC(NCc1ccccc1)c1ccccc1)Nc1ccccc1,O=C(NCC(NCc1ccccc1)c1ccccc1)Nc1ccccc1,True,True,True,,0.6507936507936508,1.0,,,,,,,,,0.32023292526518016,0.32023292526518016,0.0,True,,,,,3.0,3.0,0.0,True,,,,,10.0,10.0,0.0,True
target_oracle,mpair_00000521_cond_02_4p,mpair_00000521,eval,4,"MW,QED,HBA,RB",CSC1=C(C(=O)O)N2C(=O)[C@@H](NC(=O)[C@H](N)c3ccccc3)[C@H]2CC1,N[C@@H](C(=O)N[C@@H]1C(=O)N2C(C(=O)O)=C(C(F)(F)F)CC[C@H]12)c1ccc(F)cc1,N[C@@H](C(=O)N[C@@H]1C(=O)N2C(C(=O)O)=C(C(F)(F)F)CC[C@H]12)c1ccc(F)cc1,O=C(Cc1ccccc1)N[C@@H]1C(=O)N2C=CCC[C@H]12,O=C(Cc1ccccc1)N[C@@H]1C(=O)N2C=CCC[C@H]12,True,True,True,,0.5873015873015873,1.0,401.3160000000001,401.3160000000001,0.0,True,,,,,0.5187711593734389,0.5187711593734389,0.0,True,,,,,,,,,4.0,4.0,0.0,True,4.0,4.0,0.0,True
target_oracle,mpair_00000980_cond_02_4p,mpair_00000980,eval,4,"QED,HBD,HBA,RB",Cc1ccc(N2CCN(CCC3NC(=O)c4ccccc43)CC2)cc1C,COc1ccc(N2CCN(CCC3c4ccccc4C(=O)N3C)CC2)cc1,COc1ccc(N2CCN(CCC3c4ccccc4C(=O)N3C)CC2)cc1,O=C1NC(CCN2CCN(c3ccccc3)CC2)c2ccccc21,O=C1NC(CCN2CCN(c3ccccc3)CC2)c2ccccc21,True,True,True,,0.4444444444444444,1.0,,,,,,,,,0.8160326048332845,0.8160326048332845,0.0,True,,,,,0.0,0.0,0.0,True,4.0,4.0,0.0,True,5.0,5.0,0.0,True
target_oracle,mpair_00001400_cond_02_4p,mpair_00001400,eval,4,"MW,QED,TPSA,RB",Nc1nc(O)c(N=O)c(NCCCO)n1,CNc1nc(N)nc(O)c1N=O,CNc1nc(N)nc(O)c1N=O,c1cncnc1,c1cncnc1,True,True,True,,0.5789473684210527,1.0,169.144,169.144,0.0,True,,,,,0.5448299298561337,0.5448299298561337,0.0,True,113.49000000000001,113.49000000000001,0.0,True,,,,,,,,,2.0,2.0,0.0,True
target_oracle,mpair_00002461_cond_00_4p,mpair_00002461,eval,4,"MW,LogP,QED,RB",CSc1nc(-c2ccc(Cl)cc2)nn1C(=O)N(C)c1ccccc1,CN(C(=O)n1nc(-c2ccc(Cl)cc2)nc1SCC(F)(F)F)c1ccccc1,CN(C(=O)n1nc(-c2ccc(Cl)cc2)nc1SCC(F)(F)F)c1ccccc1,O=C(Nc1ccccc1)n1cnc(-c2ccccc2)n1,O=C(Nc1ccccc1)n1cnc(-c2ccccc2)n1,True,True,True,,0.7222222222222222,1.0,426.8510000000001,426.8510000000001,0.0,True,5.357400000000003,5.357400000000003,0.0,True,0.5270344401044634,0.5270344401044634,0.0,True,,,,,,,,,,,,,4.0,4.0,0.0,True
target_oracle,mpair_00002499_cond_02_4p,mpair_00002499,eval,4,"MW,LogP,QED,RB",COc1ccc(C(=O)Nc2ccncc2Cl)c2cccnc12,CCc1ccc2c(C(=O)Nc3c(Cl)cncc3Cl)ccc(OC)c2n1,CCc1ccc2c(C(=O)Nc3c(Cl)cncc3Cl)ccc(OC)c2n1,O=C(Nc1ccncc1)c1cccc2ncccc12,O=C(Nc1ccncc1)c1cccc2ncccc12,True,True,True,,0.5,1.0,376.2430000000001,376.2430000000001,0.0,True,4.759900000000003,4.759900000000003,0.0,True,0.7131894410136064,0.7131894410136064,0.0,True,,,,,,,,,,,,,4.0,4.0,0.0,True
target_oracle,mpair_00002521_cond_00_4p,mpair_00002521,eval,4,"MW,LogP,QED,RB",CCc1ccc2c(C(=O)Nc3c(Cl)cncc3Cl)ccc(OC)c2n1,COc1ccc(C(=O)Nc2ccncc2Cl)c2cccnc12,COc1ccc(C(=O)Nc2ccncc2Cl)c2cccnc12,O=C(Nc1ccncc1)c1cccc2ncccc12,O=C(Nc1ccncc1)c1cccc2ncccc12,True,True,True,,0.5,1.0,313.744,313.744,0.0,True,3.544100000000002,3.544100000000002,0.0,True,0.8029165077767629,0.8029165077767629,0.0,True,,,,,,,,,,,,,3.0,3.0,0.0,True
target_oracle,mpair_00003414_cond_00_4p,mpair_00003414,eval,4,"MW,LogP,QED,RB",COc1cccc(N(Cc2cccnc2)S(=O)(=O)CC(F)(F)F)c1,CC(C)COc1cccc(N(Cc2cccnc2)S(=O)(=O)CC(F)(F)F)c1,CC(C)COc1cccc(N(Cc2cccnc2)S(=O)(=O)CC(F)(F)F)c1,c1ccc(NCc2cccnc2)cc1,c1ccc(NCc2cccnc2)cc1,True,True,True,,0.7818181818181819,1.0,402.43800000000005,402.43800000000005,0.0,True,4.015100000000003,4.015100000000003,0.0,True,0.6693605971809802,0.6693605971809802,0.0,True,,,,,,,,,,,,,8.0,8.0,0.0,True
target_oracle,mpair_00003597_cond_00_4p,mpair_00003597,eval,4,"LogP,QED,HBD,HBA",Clc1ccnc(SCc2ccc3ccccc3c2)n1,Nc1cc(O)nc(SCc2ccc3ccccc3c2)n1,Nc1cc(O)nc(SCc2ccc3ccccc3c2)n1,c1cnc(SCc2ccc3ccccc3c2)nc1,c1cnc(SCc2ccc3ccccc3c2)nc1,True,True,True,,0.5,1.0,,,,,3.209900000000001,3.209900000000001,0.0,True,0.5701925246200975,0.5701925246200975,0.0,True,,,,,2.0,2.0,0.0,True,5.0,5.0,0.0,True,,,,
target_oracle,mpair_00003911_cond_02_4p,mpair_00003911,eval,4,"MW,QED,HBD,RB",CC1=CC2Cc3nc4cc(Cl)ccc4c(NCCO)c3C(C1)C2,CC1=CC2Cc3nc4cc(C)ccc4c(N)c3C(C1)C2,CC1=CC2Cc3nc4cc(C)ccc4c(N)c3C(C1)C2,C1=CC2Cc3nc4ccccc4cc3C(C1)C2,C1=CC2Cc3nc4ccccc4cc3C(C1)C2,True,True,True,,0.5081967213114754,1.0,264.372,264.372,0.0,True,,,,,0.7268324945600372,0.7268324945600372,0.0,True,,,,,1.0,1.0,0.0,True,,,,,0.0,0.0,0.0,True
target_oracle,mpair_00004139_cond_00_4p,mpair_00004139,eval,4,"QED,TPSA,HBD,HBA",C=C1C[C@@]23O[C@]2(c2ccccc21)C1CC(OC(=O)[C@H](O)[C@@H](NC(=O)OCC)c2ccccc2)C3(C)C1(C)C,C=C1C[C@@]23O[C@]2(c2ccccc21)C1CC(OC(=O)[C@H](O)[C@@H](NC(=O)OCC)c2ccc(O)cc2)C3(C)C1(C)C,C=C1C[C@@]23O[C@]2(c2ccccc21)C1CC(OC(=O)[C@H](O)[C@@H](NC(=O)OCC)c2ccc(O)cc2)C3(C)C1(C)C,C=C1C[C@@]23O[C@]2(c2ccccc21)C1CC(OC(=O)CCc2ccccc2)C3C1,C=C1C[C@@]23O[C@]2(c2ccccc21)C1CC(OC(=O)CCc2ccccc2)C3C1,True,True,True,,0.9027777777777778,1.0,,,,,,,,,0.36696171310609477,0.36696171310609477,0.0,True,117.62,117.62,0.0,True,3.0,3.0,0.0,True,7.0,7.0,0.0,True,,,,
target_oracle,mpair_00004722_cond_02_4p,mpair_00004722,eval,4,"MW,LogP,HBD,RB",CC(C)N1C(=O)CC(C)(C)c2cc(C#Cc3ccc(C(=O)O)cc3)ccc21,CC1(C)CC(=O)Nc2ccc(C#Cc3ccc(C(=O)O)cc3)cc21,CC1(C)CC(=O)Nc2ccc(C#Cc3ccc(C(=O)O)cc3)cc21,O=C1CCc2cc(C#Cc3ccccc3)ccc2N1,O=C1CCc2cc(C#Cc3ccccc3)ccc2N1,True,True,True,,0.5660377358490566,1.0,319.36,319.36,0.0,True,3.4044000000000016,3.4044000000000016,0.0,True,,,,,,,,,2.0,2.0,0.0,True,,,,,1.0,1.0,0.0,True
target_oracle,mpair_00004797_cond_00_4p,mpair_00004797,eval,4,"QED,TPSA,HBD,HBA",CN(C)CCN1C(=O)c2cccc3c2c(cc2cccc(O)c23)C1=O,CN(C)CCN1C(=O)c2cccc3c2c(cc2cccc(Cl)c23)C1=O,CN(C)CCN1C(=O)c2cccc3c2c(cc2cccc(Cl)c23)C1=O,O=C1NC(=O)c2cc3ccccc3c3cccc1c23,O=C1NC(=O)c2cc3ccccc3c3cccc1c23,True,True,True,,0.75,1.0,,,,,,,,,0.5314347605523635,0.5314347605523635,0.0,True,40.620000000000005,40.620000000000005,0.0,True,0.0,0.0,0.0,True,3.0,3.0,0.0,True,,,,
target_oracle,mpair_00004842_cond_01_4p,mpair_00004842,eval,4,"MW,QED,HBA,RB",CCOC(=O)c1cnn2c1n[n+]([O-])c1ccc(Cl)cc12,C/C(=N\C(=O)c1cnn2c1n[n+]([O-])c1ccc(Cl)cc12)N(C)C,C/C(=N\C(=O)c1cnn2c1n[n+]([O-])c1ccc(Cl)cc12)N(C)C,c1ccc2c(c1)[nH+]nc1ccnn12,c1ccc2c(c1)[nH+]nc1ccnn12,True,True,True,,0.6271186440677966,1.0,332.7510000000001,332.7510000000001,0.0,True,,,,,0.28974905987188526,0.28974905987188526,0.0,True,,,,,,,,,5.0,5.0,0.0,True,1.0,1.0,0.0,True
target_oracle,mpair_00005364_cond_00_4p,mpair_00005364,eval,4,"MW,LogP,HBA,RB",O=C(Cc1nc2ccccc2c(=O)n1-c1ccccc1Br)c1ccncc1,COc1ccccc1-n1c(CC(=O)c2ccncc2)nc2ccccc2c1=O,COc1ccccc1-n1c(CC(=O)c2ccncc2)nc2ccccc2c1=O,O=C(Cc1nc2ccccc2c(=O)n1-c1ccccc1)c1ccncc1,O=C(Cc1nc2ccccc2c(=O)n1-c1ccccc1)c1ccncc1,True,True,True,,0.7222222222222222,1.0,371.3960000000001,371.3960000000001,0.0,True,3.2147000000000014,3.2147000000000014,0.0,True,,,,,,,,,,,,,6.0,6.0,0.0,True,5.0,5.0,0.0,True
target_oracle,mpair_00006055_cond_00_4p,mpair_00006055,eval,4,"LogP,TPSA,HBD,HBA",CCOC(=O)c1csc(-c2nc3c([nH]2)C(=O)C=C(OC)C3=O)n1,COC1=CC(=O)c2[nH]c(-c3nc(C(N)=O)cs3)nc2C1=O,COC1=CC(=O)c2[nH]c(-c3nc(C(N)=O)cs3)nc2C1=O,O=C1C=CC(=O)c2[nH]c(-c3nccs3)nc21,O=C1C=CC(=O)c2[nH]c(-c3nccs3)nc21,True,True,True,,0.7407407407407407,1.0,,,,,0.5413999999999999,0.5413999999999999,0.0,True,,,,,128.03,128.03,0.0,True,2.0,2.0,0.0,True,7.0,7.0,0.0,True,,,,
target_oracle,mpair_00006841_cond_02_4p,mpair_00006841,eval,4,"MW,LogP,HBD,HBA",O=C1N[C@H](Cc2c[nH]c3ccccc23)C(=O)N1CC(CCN1CCC(c2ccccc2)CC1)c1ccccc1,Cn1cc(C[C@H]2NC(=O)N(CC(CCN3CCC(c4ccccc4)CC3)c3cccc(Cl)c3)C2=O)c2ccccc21,Cn1cc(C[C@H]2NC(=O)N(CC(CCN3CCC(c4ccccc4)CC3)c3cccc(Cl)c3)C2=O)c2ccccc21,O=C1N[C@H](Cc2c[nH]c3ccccc23)C(=O)N1CC(CCN1CCC(c2ccccc2)CC1)c1ccccc1,O=C1N[C@H](Cc2c[nH]c3ccccc23)C(=O)N1CC(CCN1CCC(c2ccccc2)CC1)c1ccccc1,True,True,True,,0.6282051282051282,1.0,569.1490000000002,569.1490000000002,0.0,True,6.348100000000007,6.348100000000007,0.0,True,,,,,,,,,1.0,1.0,0.0,True,4.0,4.0,0.0,True,,,,
target_oracle,mpair_00006864_cond_00_4p,mpair_00006864,eval,4,"LogP,HBD,HBA,RB",C[C@@H](Cc1ccc(Cl)c(Cl)c1)C(=O)N[C@H]1N=C(c2ccccc2)c2ccccc2N(C)C1=O,CC(C(=O)N[C@H]1N=C(c2ccccc2)c2ccccc2N(C)C1=O)C(CO)c1ccc(F)c(F)c1,CC(C(=O)N[C@H]1N=C(c2ccccc2)c2ccccc2N(C)C1=O)C(CO)c1ccc(F)c(F)c1,O=C(CCc1ccccc1)N[C@H]1N=C(c2ccccc2)c2ccccc2NC1=O,O=C(CCc1ccccc1)N[C@H]1N=C(c2ccccc2)c2ccccc2NC1=O,True,True,True,,0.56,1.0,,,,,3.6331000000000024,3.6331000000000024,0.0,True,,,,,,,,,2.0,2.0,0.0,True,4.0,4.0,0.0,True,6.0,6.0,0.0,True
target_oracle,mpair_00007237_cond_01_4p,mpair_00007237,eval,4,"MW,LogP,QED,RB",CC(C)Sc1cc(-c2ccccc2)c(-c2ccc(S(C)(=O)=O)cc2)c(=O)o1,COc1cc(-c2ccccc2)c(-c2ccc(S(C)(=O)=O)cc2)c(=O)o1,COc1cc(-c2ccccc2)c(-c2ccc(S(C)(=O)=O)cc2)c(=O)o1,O=c1occc(-c2ccccc2)c1-c1ccccc1,O=c1occc(-c2ccccc2)c1-c1ccccc1,True,True,True,,0.62,1.0,356.3990000000001,356.3990000000001,0.0,True,3.385900000000002,3.385900000000002,0.0,True,0.7163391380898918,0.7163391380898918,0.0,True,,,,,,,,,,,,,4.0,4.0,0.0,True
target_oracle,mpair_00007292_cond_00_4p,mpair_00007292,eval,4,"LogP,QED,HBA,RB",NCCNC(=O)C1Cc2c([nH]c3ccccc23)C(c2cccc(O)c2)N1,COC(=O)C1Cc2c([nH]c3ccccc23)C(c2cccc(Cl)c2)N1,COC(=O)C1Cc2c([nH]c3ccccc23)C(c2cccc(Cl)c2)N1,c1ccc(C2NCCc3c2[nH]c2ccccc32)cc1,c1ccc(C2NCCc3c2[nH]c2ccccc32)cc1,True,True,True,,0.5384615384615384,1.0,,,,,3.5980000000000016,3.5980000000000016,0.0,True,0.7007933905852917,0.7007933905852917,0.0,True,,,,,,,,,3.0,3.0,0.0,True,2.0,2.0,0.0,True
target_oracle,mpair_00007434_cond_00_4p,mpair_00007434,eval,4,"QED,TPSA,HBA,RB",O=C(O)CN1C(=O)C(=O)N(Cc2ccc([N+](=O)[O-])cc2)C1=O,Cc1ccc(CN2C(=O)C(=O)N(CC(=O)O)C2=O)cc1,Cc1ccc(CN2C(=O)C(=O)N(CC(=O)O)C2=O)cc1,O=C1NC(=O)N(Cc2ccccc2)C1=O,O=C1NC(=O)N(Cc2ccccc2)C1=O,True,True,True,,0.65,1.0,,,,,,,,,0.6329420918494657,0.6329420918494657,0.0,True,94.99000000000001,94.99000000000001,0.0,True,,,,,4.0,4.0,0.0,True,4.0,4.0,0.0,True
target_oracle,mpair_00007687_cond_01_4p,mpair_00007687,eval,4,"LogP,TPSA,HBD,RB",CC(=O)NC1N=C(c2ccccc2)c2ccccc2N(CC(=O)N[C@@H](Cc2ccc(Cl)c(Cl)c2)C(N)=O)C1=O,CC(=O)CCCC(=O)NC1N=C(c2ccccc2)c2ccccc2N(CC(=O)NCCc2ccccc2Cl)C1=O,CC(=O)CCCC(=O)NC1N=C(c2ccccc2)c2ccccc2N(CC(=O)NCCc2ccccc2Cl)C1=O,O=C(CN1C(=O)CN=C(c2ccccc2)c2ccccc21)NCCc1ccccc1,O=C(CN1C(=O)CN=C(c2ccccc2)c2ccccc21)NCCc1ccccc1,True,True,True,,0.5119047619047619,1.0,,,,,4.084500000000003,4.084500000000003,0.0,True,,,,,107.94,107.94,0.0,True,2.0,2.0,0.0,True,,,,,11.0,11.0,0.0,True
target_oracle,mpair_00007805_cond_01_4p,mpair_00007805,eval,4,"MW,HBD,HBA,RB",CO[C@H]1O[C@H](CO)[C@H](O)[C@H](OCc2cc3ccccc3o/c2=N\S(=O)(=O)c2ccccc2)[C@H]1O,CO[C@H]1O[C@H](CO)[C@H](O)[C@H](OCc2cc3ccccc3o/c2=N\S(=O)(=O)c2ccc(C)cc2)[C@H]1OC(C)=O,CO[C@H]1O[C@H](CO)[C@H](O)[C@H](OCc2cc3ccccc3o/c2=N\S(=O)(=O)c2ccc(C)cc2)[C@H]1OC(C)=O,O=S(=O)(/N=c1\oc2ccccc2cc1COC1CCOCC1)c1ccccc1,O=S(=O)(/N=c1\oc2ccccc2cc1COC1CCOCC1)c1ccccc1,True,True,True,,0.7397260273972602,1.0,547.5820000000002,547.5820000000002,0.0,True,,,,,,,,,,,,,2.0,2.0,0.0,True,10.0,10.0,0.0,True,8.0,8.0,0.0,True
target_oracle,mpair_00007881_cond_02_4p,mpair_00007881,eval,4,"LogP,QED,HBD,HBA",O=C1CC2(C(=O)N1)C(=O)N(Cc1ccc(Cl)c(Cl)c1)C(=O)c1cccn12,Nc1ccc(CN2C(=O)c3cccn3C3(CC(=O)NC3=O)C2=O)cc1,Nc1ccc(CN2C(=O)c3cccn3C3(CC(=O)NC3=O)C2=O)cc1,O=C1CC2(C(=O)N1)C(=O)N(Cc1ccccc1)C(=O)c1cccn12,O=C1CC2(C(=O)N1)C(=O)N(Cc1ccccc1)C(=O)c1cccn12,True,True,True,,0.76,1.0,,,,,-0.005299999999999805,-0.005299999999999805,0.0,True,0.45417020849830125,0.45417020849830125,0.0,True,,,,,2.0,2.0,0.0,True,6.0,6.0,0.0,True,,,,
target_oracle,mpair_00008126_cond_02_4p,mpair_00008126,eval,4,"LogP,HBD,HBA,RB",CC(C)N(CC(O)Cn1c2ccccc2c(=O)c2cccc(Cl)c21)C(C)C,CCN(CC)CC(O)Cn1c2ccccc2c(=O)c2cccc(C(=O)O)c21,CCN(CC)CC(O)Cn1c2ccccc2c(=O)c2cccc(C(=O)O)c21,O=c1c2ccccc2[nH]c2ccccc12,O=c1c2ccccc2[nH]c2ccccc12,True,True,True,,0.5517241379310345,1.0,,,,,2.5556,2.5556,0.0,True,,,,,,,,,2.0,2.0,0.0,True,5.0,5.0,0.0,True,7.0,7.0,0.0,True
target_oracle,mpair_00008359_cond_01_4p,mpair_00008359,eval,4,"MW,QED,HBA,RB",COc1cnc(C[S+]([O-])c2nc3cc4c(cc3[nH]2)OC(F)(F)O4)c(C)c1OC,COc1ccnc(C[S+]([O-])c2nc3cc4c(cc3[nH]2)OC(F)(F)O4)c1,COc1ccnc(C[S+]([O-])c2nc3cc4c(cc3[nH]2)OC(F)(F)O4)c1,c1ccc(C[SH+]c2nc3cc4c(cc3[nH]2)OCO4)nc1,c1ccc(C[SH+]c2nc3cc4c(cc3[nH]2)OCO4)nc1,True,True,True,,0.6,1.0,367.333,367.333,0.0,True,,,,,0.7128348320537029,0.7128348320537029,0.0,True,,,,,,,,,6.0,6.0,0.0,True,4.0,4.0,0.0,True
target_oracle,mpair_00008508_cond_02_4p,mpair_00008508,eval,4,"MW,LogP,QED,RB",CC(C)COc1ccc(Cc2ccc(NC3=NCCN3)cc2)cc1,COc1ccc(Cc2ccc(NC3=NCCN3)cc2)cc1,COc1ccc(Cc2ccc(NC3=NCCN3)cc2)cc1,c1ccc(Cc2ccc(NC3=NCCN3)cc2)cc1,c1ccc(Cc2ccc(NC3=NCCN3)cc2)cc1,True,True,True,,0.7111111111111111,1.0,281.359,281.359,0.0,True,2.6571000000000007,2.6571000000000007,0.0,True,0.905384090862648,0.905384090862648,0.0,True,,,,,,,,,,,,,4.0,4.0,0.0,True
target_oracle,mpair_00008528_cond_02_4p,mpair_00008528,eval,4,"LogP,QED,HBA,RB",COCCOc1ccc(Cc2ccc(NC3=NCCN3)cc2)cc1,CCCOc1ccc(Cc2ccc(NC3=NCCN3)cc2)cc1,CCCOc1ccc(Cc2ccc(NC3=NCCN3)cc2)cc1,c1ccc(Cc2ccc(NC3=NCCN3)cc2)cc1,c1ccc(Cc2ccc(NC3=NCCN3)cc2)cc1,True,True,True,,0.8,1.0,,,,,3.4373000000000014,3.4373000000000014,0.0,True,0.8590330575707383,0.8590330575707383,0.0,True,,,,,,,,,4.0,4.0,0.0,True,6.0,6.0,0.0,True
target_oracle,mpair_00008578_cond_01_4p,mpair_00008578,eval,4,"QED,TPSA,HBD,RB",O=c1[nH]c(=O)n(COCCO)cc1Cc1cccc(Oc2ccc(F)cc2)c1,O=c1[nH]c(=O)n(COC(CO)CO)cc1Cc1cccc(Oc2cccc(F)c2)c1,O=c1[nH]c(=O)n(COC(CO)CO)cc1Cc1cccc(Oc2cccc(F)c2)c1,O=c1[nH]cc(Cc2cccc(Oc3ccccc3)c2)c(=O)[nH]1,O=c1[nH]cc(Cc2cccc(Oc3ccccc3)c2)c(=O)[nH]1,True,True,True,,0.6451612903225806,1.0,,,,,,,,,0.4858120896295065,0.4858120896295065,0.0,True,113.78000000000002,113.78000000000002,0.0,True,3.0,3.0,0.0,True,,,,,9.0,9.0,0.0,True
target_oracle,mpair_00008748_cond_00_4p,mpair_00008748,eval,4,"MW,QED,HBA,RB",CC(=O)Oc1ccc(-c2c(C)c3ccc(OC(C)=O)cc3n2Cc2ccccc2)cc1,Cc1c(-c2ccc(O)cc2)n(Cc2ccccc2Cl)c2ccc(O)cc12,Cc1c(-c2ccc(O)cc2)n(Cc2ccccc2Cl)c2ccc(O)cc12,c1ccc(Cn2c(-c3ccccc3)cc3ccccc32)cc1,c1ccc(Cn2c(-c3ccccc3)cc3ccccc32)cc1,True,True,True,,0.4166666666666667,1.0,363.84400000000005,363.84400000000005,0.0,True,,,,,0.48791728176772337,0.48791728176772337,0.0,True,,,,,,,,,3.0,3.0,0.0,True,3.0,3.0,0.0,True
target_oracle,mpair_00008759_cond_02_4p,mpair_00008759,eval,4,"LogP,TPSA,HBD,HBA",Cc1c(-c2ccc(O)cc2)n(Cc2ccc(O)cc2)c2ccc(O)cc12,Cc1c(-c2ccc(O)cc2)n(Cc2ccccc2Cl)c2ccc(O)cc12,Cc1c(-c2ccc(O)cc2)n(Cc2ccccc2Cl)c2ccc(O)cc12,c1ccc(Cn2c(-c3ccccc3)cc3ccccc32)cc1,c1ccc(Cn2c(-c3ccccc3)cc3ccccc32)cc1,True,True,True,,0.7045454545454546,1.0,,,,,5.729620000000004,5.729620000000004,0.0,True,,,,,45.39,45.39,0.0,True,2.0,2.0,0.0,True,3.0,3.0,0.0,True,,,,
target_oracle,mpair_00009361_cond_00_4p,mpair_00009361,eval,4,"LogP,TPSA,HBA,RB",COc1ccc(Cc2nnc(O)c3ccccc23)cc1OC,Oc1nnc(Cc2ccc(Cl)cc2)c2ccccc12,Oc1nnc(Cc2ccc(Cl)cc2)c2ccccc12,c1ccc(Cc2nncc3ccccc23)cc1,c1ccc(Cc2nncc3ccccc23)cc1,True,True,True,,0.5714285714285714,1.0,,,,,3.579600000000002,3.579600000000002,0.0,True,,,,,46.010000000000005,46.010000000000005,0.0,True,,,,,3.0,3.0,0.0,True,2.0,2.0,0.0,True
target_oracle,mpair_00010014_cond_01_4p,mpair_00010014,eval,4,"MW,QED,HBD,HBA",O=c1cc(-c2ccccc2)oc2cc(OCC(O)CNCc3ccccc3)ccc12,CNC(=O)Oc1cccc(CN(C)CCCOc2ccc3c(=O)cc(-c4ccccc4)oc3c2)c1,CNC(=O)Oc1cccc(CN(C)CCCOc2ccc3c(=O)cc(-c4ccccc4)oc3c2)c1,O=c1cc(-c2ccccc2)oc2cc(OCCCNCc3ccccc3)ccc12,O=c1cc(-c2ccccc2)oc2cc(OCCCNCc3ccccc3)ccc12,True,True,True,,0.4666666666666667,1.0,472.5410000000001,472.5410000000001,0.0,True,,,,,0.3423460384209648,0.3423460384209648,0.0,True,,,,,1.0,1.0,0.0,True,6.0,6.0,0.0,True,,,,
target_oracle,mpair_00010720_cond_00_4p,mpair_00010720,eval,4,"MW,LogP,QED,RB",CC(C)C1=CC2CC3(C=O)[C@@H]4CC[C@@H](C)[C@H]4CC2(CO[C@H]2CN[C@H](C)CO2)[C@]13C(=O)O,C=C(Cl)CN1C[C@H](OCC23C[C@@H]4[C@H](C)CC[C@H]4C4(C=O)CC2C=C(C(C)C)[C@@]34C(=O)O)OC[C@H]1C(F)(F)F,C=C(Cl)CN1C[C@H](OCC23C[C@@H]4[C@H](C)CC[C@H]4C4(C=O)CC2C=C(C(C)C)[C@@]34C(=O)O)OC[C@H]1C(F)(F)F,C1=CC2C3CC1C2(CO[C@H]1CNCCO1)C[C@@H]1CCC[C@@H]31,C1=CC2C3CC1C2(CO[C@H]1CNCCO1)C[C@@H]1CCC[C@@H]31,True,True,True,,0.6395348837209303,1.0,560.0530000000005,560.0530000000005,0.0,True,5.269300000000005,5.269300000000005,0.0,True,0.32250442602403095,0.32250442602403095,0.0,True,,,,,,,,,,,,,8.0,8.0,0.0,True
target_oracle,mpair_00011114_cond_01_4p,mpair_00011114,eval,4,"MW,LogP,HBD,RB",COc1nc2ccccc2c2c1c(C)nn2-c1cccc(Cl)c1,Cc1nn(-c2ccccc2)c2c1c(O)nc1ccccc12,Cc1nn(-c2ccccc2)c2c1c(O)nc1ccccc12,c1ccc(-n2ncc3cnc4ccccc4c32)cc1,c1ccc(-n2ncc3cnc4ccccc4c32)cc1,True,True,True,,0.54,1.0,275.311,275.311,0.0,True,3.587720000000002,3.587720000000002,0.0,True,,,,,,,,,1.0,1.0,0.0,True,,,,,1.0,1.0,0.0,True
target_oracle,mpair_00011983_cond_00_4p,mpair_00011983,eval,4,"MW,LogP,QED,RB",CCCC(CCc1nnn[nH]1)Cc1ccc(OCc2ccc3ccccc3n2)cc1,c1ccc2nc(COc3ccc(CCCCc4nnn[nH]4)cc3)ccc2c1,c1ccc2nc(COc3ccc(CCCCc4nnn[nH]4)cc3)ccc2c1,c1ccc2nc(COc3ccc(CCCCc4nnn[nH]4)cc3)ccc2c1,c1ccc2nc(COc3ccc(CCCCc4nnn[nH]4)cc3)ccc2c1,True,True,True,,0.6779661016949152,1.0,359.433,359.433,0.0,True,3.8923000000000023,3.8923000000000023,0.0,True,0.48301330066271214,0.48301330066271214,0.0,True,,,,,,,,,,,,,8.0,8.0,0.0,True
target_oracle,mpair_00012041_cond_01_4p,mpair_00012041,eval,4,"LogP,QED,HBD,RB",Oc1ccccc1N1CCN(c2nc3ccccc3s2)CC1,CCOc1ccccc1N1CCN(c2nc3ccccc3s2)CC1,CCOc1ccccc1N1CCN(c2nc3ccccc3s2)CC1,c1ccc(N2CCN(c3nc4ccccc4s3)CC2)cc1,c1ccc(N2CCN(c3nc4ccccc4s3)CC2)cc1,True,True,True,,0.6086956521739131,1.0,,,,,4.021600000000004,4.021600000000004,0.0,True,0.7176611360122138,0.7176611360122138,0.0,True,,,,,0.0,0.0,0.0,True,,,,,4.0,4.0,0.0,True
target_oracle,mpair_00012262_cond_02_4p,mpair_00012262,eval,4,"MW,LogP,TPSA,HBA",COc1cc([C@@H]2c3cc4c(cc3[C@@H](O)C3COC(=O)[C@@H]32)OCO4)cc(O)c1O,COc1cc([C@@H]2c3cc4c(cc3[C@@H](CCN(C)CCN(C)C)C3COC(=O)[C@@H]32)OCO4)cc(OC)c1O,COc1cc([C@@H]2c3cc4c(cc3[C@@H](CCN(C)CCN(C)C)C3COC(=O)[C@@H]32)OCO4)cc(OC)c1O,O=C1OCC2Cc3cc4c(cc3[C@@H](c3ccccc3)[C@@H]12)OCO4,O=C1OCC2Cc3cc4c(cc3[C@@H](c3ccccc3)[C@@H]12)OCO4,True,True,True,,0.6060606060606061,1.0,512.6030000000003,512.6030000000003,0.0,True,3.0399000000000016,3.0399000000000016,0.0,True,,,,,89.93000000000002,89.93000000000002,0.0,True,,,,,9.0,9.0,0.0,True,,,,
target_oracle,mpair_00013232_cond_00_4p,mpair_00013232,eval,4,"MW,LogP,QED,HBD",CC1=C(C(=O)OC(C)C)C(c2ccccc2Cl)C(C(=O)O)=C(C(=O)O)N1CC(F)(F)F,CCN1C(C)=C(C(=O)NC(C)C)C(c2ccccc2Cl)C(C(=O)O)=C1C(=O)O,CCN1C(C)=C(C(=O)NC(C)C)C(c2ccccc2Cl)C(C(=O)O)=C1C(=O)O,C1=CC(c2ccccc2)C=CN1,C1=CC(c2ccccc2)C=CN1,True,True,True,,0.5806451612903226,1.0,406.8660000000002,406.8660000000002,0.0,True,2.9810000000000008,2.9810000000000008,0.0,True,0.6700224475382196,0.6700224475382196,0.0,True,,,,,3.0,3.0,0.0,True,,,,,,,,
target_oracle,mpair_00013572_cond_01_4p,mpair_00013572,eval,4,"MW,QED,HBA,RB",CCOc1ccccc1C(=O)NCC1(c2ccccc2)CCC(=O)CC1,O=C1CCC(CNC(=O)c2ccccc2)(c2ccccc2)CC1,O=C1CCC(CNC(=O)c2ccccc2)(c2ccccc2)CC1,O=C1CCC(CNC(=O)c2ccccc2)(c2ccccc2)CC1,O=C1CCC(CNC(=O)c2ccccc2)(c2ccccc2)CC1,True,True,True,,0.625,1.0,307.39300000000014,307.39300000000014,0.0,True,,,,,0.9394539098079496,0.9394539098079496,0.0,True,,,,,,,,,2.0,2.0,0.0,True,4.0,4.0,0.0,True
target_oracle,mpair_00013602_cond_02_4p,mpair_00013602,eval,4,"LogP,QED,HBD,HBA",CCc1ccc(-c2ncc(Cl)cc2-c2ccc(S(C)(=O)=O)cc2)cn1,CS(=O)(=O)c1ccc(-c2cc(Cl)cnc2-c2ccc(CO)nc2)cc1,CS(=O)(=O)c1ccc(-c2cc(Cl)cnc2-c2ccc(CO)nc2)cc1,c1ccc(-c2cccnc2-c2cccnc2)cc1,c1ccc(-c2cccnc2-c2cccnc2)cc1,True,True,True,,0.8222222222222222,1.0,,,,,3.3598000000000017,3.3598000000000017,0.0,True,0.7569286028251322,0.7569286028251322,0.0,True,,,,,1.0,1.0,0.0,True,5.0,5.0,0.0,True,,,,
target_oracle,mpair_00014097_cond_01_4p,mpair_00014097,eval,4,"MW,QED,HBA,RB",CCN(CC)CCNc1nc(NCCN(CC)CC)nc(Sc2nnc3c4ccccc4n(C)c3n2)n1,CC(C)Nc1nc(NC(C)C)nc(Sc2nnc3c4ccccc4n(C)c3n2)n1,CC(C)Nc1nc(NC(C)C)nc(Sc2nnc3c4ccccc4n(C)c3n2)n1,c1ccc2c(c1)[nH]c1nc(Sc3ncncn3)nnc12,c1ccc2c(c1)[nH]c1nc(Sc3ncncn3)nnc12,True,True,True,,0.631578947368421,1.0,409.52300000000014,409.52300000000014,0.0,True,,,,,0.4946499193808674,0.4946499193808674,0.0,True,,,,,,,,,10.0,10.0,0.0,True,6.0,6.0,0.0,True
target_oracle,mpair_00014124_cond_00_4p,mpair_00014124,eval,4,"MW,LogP,HBA,RB",Cn1c2ccccc2c2nnc(Sc3nc(NC(C)(C)C)nc(NC(C)(C)C)n3)nc21,CCCCNc1nc(C)nc(Sc2nnc3c4ccccc4n(C)c3n2)n1,CCCCNc1nc(C)nc(Sc2nnc3c4ccccc4n(C)c3n2)n1,c1ccc2c(c1)[nH]c1nc(Sc3ncncn3)nnc12,c1ccc2c(c1)[nH]c1nc(Sc3ncncn3)nnc12,True,True,True,,0.5932203389830508,1.0,380.48100000000005,380.48100000000005,0.0,True,3.373120000000002,3.373120000000002,0.0,True,,,,,,,,,,,,,9.0,9.0,0.0,True,6.0,6.0,0.0,True
target_oracle,mpair_00014139_cond_01_4p,mpair_00014139,eval,4,"MW,LogP,QED,RB",CCCCCc1cccc(OC(=O)NC2CCCCC2)c1,Cc1cccc(OC(=O)NC2CCCCC2)c1,Cc1cccc(OC(=O)NC2CCCCC2)c1,O=C(NC1CCCCC1)Oc1ccccc1,O=C(NC1CCCCC1)Oc1ccccc1,True,True,True,,0.625,1.0,233.31099999999995,233.31099999999995,0.0,True,3.416120000000002,3.416120000000002,0.0,True,0.8496168175637746,0.8496168175637746,0.0,True,,,,,,,,,,,,,2.0,2.0,0.0,True
target_oracle,mpair_00014854_cond_02_4p,mpair_00014854,eval,4,"LogP,TPSA,HBD,HBA",O=C1CC2(CCCC2)CC(=O)N1CCCCN1CCN(c2n[s+]([O-])c3ccccc23)CC1,O=C1CC2(CCC(O)C2)CC(=O)N1CCCCN1CCN(c2n[s+]([O-])c3ccccc23)CC1,O=C1CC2(CCC(O)C2)CC(=O)N1CCCCN1CCN(c2n[s+]([O-])c3ccccc23)CC1,O=C1CC2(CCCC2)CC(=O)N1CCCCN1CCN(c2n[sH+]c3ccccc23)CC1,O=C1CC2(CCCC2)CC(=O)N1CCCCN1CCN(c2n[sH+]c3ccccc23)CC1,True,True,True,,0.7580645161290323,1.0,,,,,2.5448000000000004,2.5448000000000004,0.0,True,,,,,100.04,100.04,0.0,True,1.0,1.0,0.0,True,7.0,7.0,0.0,True,,,,
target_oracle,mpair_00015738_cond_00_4p,mpair_00015738,eval,4,"LogP,QED,TPSA,HBD",COC(=O)C(Cc1ccccc1)c1ccc2c(c1O)C(=O)c1c(O)cccc1C2,O=C1c2c(O)cccc2Cc2ccc(C(Cc3ccccc3)C(=O)NO)c(O)c21,O=C1c2c(O)cccc2Cc2ccc(C(Cc3ccccc3)C(=O)NO)c(O)c21,O=C1c2ccccc2Cc2ccc(CCc3ccccc3)cc21,O=C1c2ccccc2Cc2ccc(CCc3ccccc3)cc21,True,True,True,,0.7592592592592593,1.0,,,,,3.0647000000000015,3.0647000000000015,0.0,True,0.3170091346244461,0.3170091346244461,0.0,True,106.86,106.86,0.0,True,4.0,4.0,0.0,True,,,,,,,,
target_oracle,mpair_00015995_cond_02_4p,mpair_00015995,eval,4,"MW,LogP,QED,RB",CC(C)[C@H](NS(=O)(=O)c1ccccc1)C(=O)NC1=NN=C(c2ccc(Cl)cc2)CS1,Cc1ccc(C2=NN=C(NC(=O)[C@H](C)NS(=O)(=O)c3ccccc3)SC2)cc1,Cc1ccc(C2=NN=C(NC(=O)[C@H](C)NS(=O)(=O)c3ccccc3)SC2)cc1,O=C(CNS(=O)(=O)c1ccccc1)NC1=NN=C(c2ccccc2)CS1,O=C(CNS(=O)(=O)c1ccccc1)NC1=NN=C(c2ccccc2)CS1,True,True,True,,0.6833333333333333,1.0,416.52800000000013,416.52800000000013,0.0,True,2.28512,2.28512,0.0,True,0.780952452931761,0.780952452931761,0.0,True,,,,,,,,,,,,,5.0,5.0,0.0,True
target_oracle,mpair_00016943_cond_00_4p,mpair_00016943,eval,4,"MW,LogP,QED,RB",O=C(O)CCCCCO/N=C(/c1cccc(C(F)(F)F)c1)c1ccncn1,O=C(O)CCCO/N=C(\c1ccccc1)c1ccncn1,O=C(O)CCCO/N=C(\c1ccccc1)c1ccncn1,N=C(c1ccccc1)c1ccncn1,N=C(c1ccccc1)c1ccncn1,True,True,True,,0.6909090909090909,1.0,285.30300000000005,285.30300000000005,0.0,True,2.1104000000000003,2.1104000000000003,0.0,True,0.47821173389725097,0.47821173389725097,0.0,True,,,,,,,,,,,,,7.0,7.0,0.0,True
target_oracle,mpair_00016973_cond_01_4p,mpair_00016973,eval,4,"LogP,QED,HBD,RB",CCCc1c(OCCCOc2ccc(C(C)=O)c(OC)c2CCC)ccc2c1OC(C(=O)O)CC2,CCCc1c(OCCCOc2cc(O)c(C(C)=O)cc2CC)ccc2c1OC(C(=O)O)CC2,CCCc1c(OCCCOc2cc(O)c(C(C)=O)cc2CC)ccc2c1OC(C(=O)O)CC2,c1ccc(OCCCOc2ccc3c(c2)OCCC3)cc1,c1ccc(OCCCOc2ccc3c(c2)OCCC3)cc1,True,True,True,,0.7121212121212122,1.0,,,,,4.735800000000003,4.735800000000003,0.0,True,0.3719898860343696,0.3719898860343696,0.0,True,,,,,2.0,2.0,0.0,True,,,,,11.0,11.0,0.0,True
target_oracle,mpair_00017136_cond_00_4p,mpair_00017136,eval,4,"MW,LogP,QED,RB",CN1C(=O)CCC1(O)c1ccccc1,CCN1C(=O)CCC1(O)c1cccc(C(F)(F)F)c1,CCN1C(=O)CCC1(O)c1cccc(C(F)(F)F)c1,O=C1CCC(c2ccccc2)N1,O=C1CCC(c2ccccc2)N1,True,True,True,,0.4166666666666667,1.0,273.25399999999996,273.25399999999996,0.0,True,2.492800000000001,2.492800000000001,0.0,True,0.8989964502984236,0.8989964502984236,0.0,True,,,,,,,,,,,,,2.0,2.0,0.0,True
target_oracle,mpair_00017187_cond_00_4p,mpair_00017187,eval,4,"MW,QED,TPSA,RB",CCNS(=O)(=O)Oc1cc(C(C)(C)C)c(SC2=C(O)OC(CCc3ccc(O)cc3)(c3ccccc3)CC2=O)cc1C,Cc1cc(SC2=C(O)OC(CCc3cccc(O)c3)(c3ccccc3)CC2=O)c(C(C)(C)C)cc1CO,Cc1cc(SC2=C(O)OC(CCc3cccc(O)c3)(c3ccccc3)CC2=O)c(C(C)(C)C)cc1CO,O=C1CC(CCc2ccccc2)(c2ccccc2)OC=C1Sc1ccccc1,O=C1CC(CCc2ccccc2)(c2ccccc2)OC=C1Sc1ccccc1,True,True,True,,0.6,1.0,518.6750000000003,518.6750000000003,0.0,True,,,,,0.31787933229079834,0.31787933229079834,0.0,True,86.99,86.99,0.0,True,,,,,,,,,7.0,7.0,0.0,True
target_oracle,mpair_00000010_cond_02_5p,mpair_00000010,eval,5,"MW,LogP,QED,HBA,RB",O=C(c1ccccc1C(F)(F)F)N1C[C@H](CN2CCC(c3ccccc3)CC2)[C@@H](c2ccccc2)C1,COc1cccc(C(=O)N2C[C@H](CN3CCC(c4ccccc4)CC3)[C@@H](c3ccccc3)C2)c1,COc1cccc(C(=O)N2C[C@H](CN3CCC(c4ccccc4)CC3)[C@@H](c3ccccc3)C2)c1,O=C(c1ccccc1)N1C[C@H](CN2CCC(c3ccccc3)CC2)[C@@H](c2ccccc2)C1,O=C(c1ccccc1)N1C[C@H](CN2CCC(c3ccccc3)CC2)[C@@H](c2ccccc2)C1,True,True,True,,0.578125,1.0,454.61400000000015,454.61400000000015,0.0,True,5.430600000000005,5.430600000000005,0.0,True,0.49786269936596683,0.49786269936596683,0.0,True,,,,,,,,,3.0,3.0,0.0,True,6.0,6.0,0.0,True
target_oracle,mpair_00000668_cond_02_5p,mpair_00000668,eval,5,"LogP,QED,TPSA,HBD,HBA",OC[C@@H]1N[C@@H](CCCCc2ccc(O)cc2)[C@H](O)[C@H]1O,OC[C@@H]1N[C@@H](CCCCc2cc(F)cc(F)c2)[C@H](O)[C@H]1O,OC[C@@H]1N[C@@H](CCCCc2cc(F)cc(F)c2)[C@H](O)[C@H]1O,c1ccc(CCCC[C@H]2CCCN2)cc1,c1ccc(CCCC[C@H]2CCCN2)cc1,True,True,True,,0.625,1.0,,,,,0.7320999999999995,0.7320999999999995,0.0,True,0.5846986769843887,0.5846986769843887,0.0,True,72.72,72.72,0.0,True,4.0,4.0,0.0,True,4.0,4.0,0.0,True,,,,
target_oracle,mpair_00000798_cond_00_5p,mpair_00000798,eval,5,"MW,LogP,QED,HBD,RB",C=CCc1cc(/C=C2\SC(=O)N(C(C)C)C2=O)c(OC)cc1OC1CCCCO1,C=CCc1cc(/C=C2\SC(=O)NC2=O)c(OC)cc1OC1CCCCO1,C=CCc1cc(/C=C2\SC(=O)NC2=O)c(OC)cc1OC1CCCCO1,O=C1NC(=O)/C(=C/c2ccc(OC3CCCCO3)cc2)S1,O=C1NC(=O)/C(=C/c2ccc(OC3CCCCO3)cc2)S1,True,True,True,,0.6865671641791045,1.0,375.4460000000002,375.4460000000002,0.0,True,3.6530000000000022,3.6530000000000022,0.0,True,0.6042673504148035,0.6042673504148035,0.0,True,,,,,1.0,1.0,0.0,True,,,,,6.0,6.0,0.0,True
target_oracle,mpair_00000977_cond_02_5p,mpair_00000977,eval,5,"LogP,QED,TPSA,HBD,HBA",COc1ccc(N2CCN(CCC3NC(=O)c4ccccc43)CC2)cc1,CN1C(=O)c2ccccc2C1CCN1CCN(c2ccc(Cl)cc2)CC1,CN1C(=O)c2ccccc2C1CCN1CCN(c2ccc(Cl)cc2)CC1,O=C1NC(CCN2CCN(c3ccccc3)CC2)c2ccccc21,O=C1NC(CCN2CCN(c3ccccc3)CC2)c2ccccc21,True,True,True,,0.48333333333333334,1.0,,,,,3.679000000000003,3.679000000000003,0.0,True,0.8221231339252668,0.8221231339252668,0.0,True,26.790000000000006,26.790000000000006,0.0,True,0.0,0.0,0.0,True,3.0,3.0,0.0,True,,,,
target_oracle,mpair_00002448_cond_01_5p,mpair_00002448,eval,5,"MW,LogP,TPSA,HBD,HBA",CSc1cc(-c2ccc(Br)cc2)oc(=O)c1Cl,CSc1cc(-c2ccc(Cl)cc2)oc(=O)c1C(N)=O,CSc1cc(-c2ccc(Cl)cc2)oc(=O)c1C(N)=O,O=c1cccc(-c2ccccc2)o1,O=c1cccc(-c2ccccc2)o1,True,True,True,,0.5217391304347826,1.0,295.747,295.747,0.0,True,2.7810000000000006,2.7810000000000006,0.0,True,,,,,73.30000000000001,73.30000000000001,0.0,True,1.0,1.0,0.0,True,4.0,4.0,0.0,True,,,,
target_oracle,mpair_00002471_cond_00_5p,mpair_00002471,eval,5,"LogP,QED,HBD,HBA,RB",COc1cc(C(=O)N2CCN(C(=O)c3cc(OC)c(OC)c(OC)c3)C(CO)C2)cc(OC)c1OC,COc1cc(C(=O)N2CCN(C(=O)c3cc(OC)c(OC)c(OC)c3)C(COC(=O)CC(C)(C)C)C2)cc(OC)c1OC,COc1cc(C(=O)N2CCN(C(=O)c3cc(OC)c(OC)c(OC)c3)C(COC(=O)CC(C)(C)C)C2)cc(OC)c1OC,O=C(c1ccccc1)N1CCN(C(=O)c2ccccc2)CC1,O=C(c1ccccc1)N1CCN(C(=O)c2ccccc2)CC1,True,True,True,,0.6792452830188679,1.0,,,,,3.684400000000003,3.684400000000003,0.0,True,0.3521539372279048,0.3521539372279048,0.0,True,,,,,0.0,0.0,0.0,True,10.0,10.0,0.0,True,11.0,11.0,0.0,True
target_oracle,mpair_00002506_cond_00_5p,mpair_00002506,eval,5,"MW,QED,TPSA,HBA,RB",COc1ccc(C(=O)Nc2ccncc2Cl)c2cccnc12,COc1ccc(C(=O)Nc2c(Cl)cncc2Cl)c2ccc(C(C)=O)nc12,COc1ccc(C(=O)Nc2c(Cl)cncc2Cl)c2ccc(C(C)=O)nc12,O=C(Nc1ccncc1)c1cccc2ncccc12,O=C(Nc1ccncc1)c1cccc2ncccc12,True,True,True,,0.5081967213114754,1.0,390.22600000000017,390.22600000000017,0.0,True,,,,,0.6681926051832562,0.6681926051832562,0.0,True,81.17999999999999,81.17999999999999,0.0,True,,,,,5.0,5.0,0.0,True,4.0,4.0,0.0,True
target_oracle,mpair_00002932_cond_00_5p,mpair_00002932,eval,5,"LogP,QED,TPSA,HBA,RB",COC(=O)c1cccc(C(=O)NO)c1N(Cc1cccnc1)S(=O)(=O)c1ccc(OC)cc1,COc1ccc(S(=O)(=O)N(Cc2cccnc2)c2c(C)cc(Br)cc2C(=O)NO)cc1,COc1ccc(S(=O)(=O)N(Cc2cccnc2)c2c(C)cc(Br)cc2C(=O)NO)cc1,O=S(=O)(c1ccccc1)N(Cc1cccnc1)c1ccccc1,O=S(=O)(c1ccccc1)N(Cc1cccnc1)c1ccccc1,True,True,True,,0.734375,1.0,,,,,3.675620000000001,3.675620000000001,0.0,True,0.3740614499694089,0.3740614499694089,0.0,True,108.83000000000001,108.83000000000001,0.0,True,,,,,6.0,6.0,0.0,True,7.0,7.0,0.0,True
target_oracle,mpair_00003409_cond_00_5p,mpair_00003409,eval,5,"MW,QED,TPSA,HBA,RB",CCOC(=O)C(C)Oc1cccc(N(Cc2cccnc2)S(=O)(=O)CC(F)(F)F)c1,CC(C)Oc1cccc(N(Cc2cccnc2)S(=O)(=O)CC(F)(F)F)c1,CC(C)Oc1cccc(N(Cc2cccnc2)S(=O)(=O)CC(F)(F)F)c1,c1ccc(NCc2cccnc2)cc1,c1ccc(NCc2cccnc2)cc1,True,True,True,,0.7796610169491526,1.0,388.41100000000006,388.41100000000006,0.0,True,,,,,0.7245796953652621,0.7245796953652621,0.0,True,59.5,59.5,0.0,True,,,,,4.0,4.0,0.0,True,7.0,7.0,0.0,True
target_oracle,mpair_00003602_cond_01_5p,mpair_00003602,eval,5,"LogP,QED,TPSA,HBD,HBA",Clc1ccnc(SCc2ccc3ccccc3c2)n1,N#Cc1cc(N)nc(SCc2ccc3ccccc3c2)n1,N#Cc1cc(N)nc(SCc2ccc3ccccc3c2)n1,c1cnc(SCc2ccc3ccccc3c2)nc1,c1cnc(SCc2ccc3ccccc3c2)nc1,True,True,True,,0.46938775510204084,1.0,,,,,3.375980000000002,3.375980000000002,0.0,True,0.5913560926362517,0.5913560926362517,0.0,True,75.59,75.59,0.0,True,1.0,1.0,0.0,True,5.0,5.0,0.0,True,,,,
target_oracle,mpair_00004733_cond_02_5p,mpair_00004733,eval,5,"QED,TPSA,HBD,HBA,RB",O=C(N[C@@H](Cc1ccccc1)C(=O)O)c1cccc2ccccc12,CCOC(=O)[C@H](Cc1ccc([N+](=O)[O-])cc1)NC(=O)c1cccc2ccccc12,CCOC(=O)[C@H](Cc1ccc([N+](=O)[O-])cc1)NC(=O)c1cccc2ccccc12,O=C(NCCc1ccccc1)c1cccc2ccccc12,O=C(NCCc1ccccc1)c1cccc2ccccc12,True,True,True,,0.5555555555555556,1.0,,,,,,,,,0.37588529208280846,0.37588529208280846,0.0,True,98.53999999999999,98.53999999999999,0.0,True,1.0,1.0,0.0,True,5.0,5.0,0.0,True,7.0,7.0,0.0,True
target_oracle,mpair_00004745_cond_01_5p,mpair_00004745,eval,5,"MW,QED,TPSA,HBD,HBA",O=C(N[C@@H](Cc1ccccc1)C(=O)O)c1cccc2ccccc12,CC(C)OC(=O)[C@H](Cc1ccc([N+](=O)[O-])cc1)NC(=O)c1cccc2ccccc12,CC(C)OC(=O)[C@H](Cc1ccc([N+](=O)[O-])cc1)NC(=O)c1cccc2ccccc12,O=C(NCCc1ccccc1)c1cccc2ccccc12,O=C(NCCc1ccccc1)c1cccc2ccccc12,True,True,True,,0.5454545454545454,1.0,406.43800000000016,406.43800000000016,0.0,True,,,,,0.36267930698305967,0.36267930698305967,0.0,True,98.53999999999999,98.53999999999999,0.0,True,1.0,1.0,0.0,True,5.0,5.0,0.0,True,,,,
target_oracle,mpair_00004768_cond_01_5p,mpair_00004768,eval,5,"MW,LogP,TPSA,HBD,RB",CCOC(=O)[C@H](Cc1ccc([N+](=O)[O-])cc1)NC(=O)c1cccc2ccccc12,CCNC(=O)C(C)NC(=O)[C@H](Cc1ccc([N+](=O)[O-])cc1)NC(=O)c1cccc2ccccc12,CCNC(=O)C(C)NC(=O)[C@H](Cc1ccc([N+](=O)[O-])cc1)NC(=O)c1cccc2ccccc12,O=C(NCCc1ccccc1)c1cccc2ccccc12,O=C(NCCc1ccccc1)c1cccc2ccccc12,True,True,True,,0.6885245901639344,1.0,462.50600000000014,462.50600000000014,0.0,True,2.7299000000000007,2.7299000000000007,0.0,True,,,,,130.44,130.44,0.0,True,3.0,3.0,0.0,True,,,,,9.0,9.0,0.0,True
target_oracle,mpair_00005156_cond_00_5p,mpair_00005156,eval,5,"MW,LogP,QED,HBD,HBA",COC(=O)[C@H]1C[C@@H](C(=O)O)N1,COC(=O)[C@H]1C[C@@H](C(=O)OC(C)(C)C)N1,COC(=O)[C@H]1C[C@@H](C(=O)OC(C)(C)C)N1,C1CNC1,C1CNC1,True,True,True,,0.6206896551724138,1.0,215.249,215.249,0.0,True,0.23159999999999942,0.23159999999999942,0.0,True,0.6679892922393487,0.6679892922393487,0.0,True,,,,,1.0,1.0,0.0,True,5.0,5.0,0.0,True,,,,
target_oracle,mpair_00006070_cond_01_5p,mpair_00006070,eval,5,"MW,LogP,HBD,HBA,RB",NC(=O)c1csc(-c2nc3c([nH]2)C(=O)C=CC3=O)n1,CCOC(=O)c1csc(-c2nc3c([nH]2)C(=O)C=C(OC)C3=O)n1,CCOC(=O)c1csc(-c2nc3c([nH]2)C(=O)C=C(OC)C3=O)n1,O=C1C=CC(=O)c2[nH]c(-c3nccs3)nc21,O=C1C=CC(=O)c2[nH]c(-c3nccs3)nc21,True,True,True,,0.4576271186440678,1.0,333.3250000000001,333.3250000000001,0.0,True,1.6191999999999998,1.6191999999999998,0.0,True,,,,,,,,,1.0,1.0,0.0,True,8.0,8.0,0.0,True,4.0,4.0,0.0,True
target_oracle,mpair_00006864_cond_01_5p,mpair_00006864,eval,5,"LogP,TPSA,HBD,HBA,RB",C[C@@H](Cc1ccc(Cl)c(Cl)c1)C(=O)N[C@H]1N=C(c2ccccc2)c2ccccc2N(C)C1=O,CC(C(=O)N[C@H]1N=C(c2ccccc2)c2ccccc2N(C)C1=O)C(CO)c1ccc(F)c(F)c1,CC(C(=O)N[C@H]1N=C(c2ccccc2)c2ccccc2N(C)C1=O)C(CO)c1ccc(F)c(F)c1,O=C(CCc1ccccc1)N[C@H]1N=C(c2ccccc2)c2ccccc2NC1=O,O=C(CCc1ccccc1)N[C@H]1N=C(c2ccccc2)c2ccccc2NC1=O,True,True,True,,0.56,1.0,,,,,3.6331000000000024,3.6331000000000024,0.0,True,,,,,82.0,82.0,0.0,True,2.0,2.0,0.0,True,4.0,4.0,0.0,True,6.0,6.0,0.0,True
target_oracle,mpair_00007247_cond_01_5p,mpair_00007247,eval,5,"MW,LogP,QED,HBA,RB",CC(C)Sc1cc(-c2ccccc2)c(-c2ccc(S(C)(=O)=O)cc2)c(=O)o1,CCc1cc(-c2ccccc2)c(-c2ccc(S(C)(=O)=O)cc2)c(=O)o1,CCc1cc(-c2ccccc2)c(-c2ccc(S(C)(=O)=O)cc2)c(=O)o1,O=c1occc(-c2ccccc2)c1-c1ccccc1,O=c1occc(-c2ccccc2)c1-c1ccccc1,True,True,True,,0.6530612244897959,1.0,354.4270000000001,354.4270000000001,0.0,True,3.9397000000000038,3.9397000000000038,0.0,True,0.7117564278043503,0.7117564278043503,0.0,True,,,,,,,,,4.0,4.0,0.0,True,4.0,4.0,0.0,True
target_oracle,mpair_00007397_cond_02_5p,mpair_00007397,eval,5,"MW,QED,TPSA,HBA,RB",CS(=O)(=O)Nc1cc(OCCNCc2ccccc2)ccc1Cl,COc1ccc(OCCNCc2ccccc2)cc1,COc1ccc(OCCNCc2ccccc2)cc1,c1ccc(CNCCOc2ccccc2)cc1,c1ccc(CNCCOc2ccccc2)cc1,True,True,True,,0.5319148936170213,1.0,257.333,257.333,0.0,True,,,,,0.773652726505582,0.773652726505582,0.0,True,30.490000000000002,30.490000000000002,0.0,True,,,,,3.0,3.0,0.0,True,7.0,7.0,0.0,True
target_oracle,mpair_00007424_cond_00_5p,mpair_00007424,eval,5,"LogP,QED,TPSA,HBA,RB",O=C(O)CN1C(=O)C(=O)N(Cc2ccccc2Cl)C1=O,O=C(O)CN1C(=O)C(=O)N(Cc2ccc([N+](=O)[O-])cc2)C1=O,O=C(O)CN1C(=O)C(=O)N(Cc2ccc([N+](=O)[O-])cc2)C1=O,O=C1NC(=O)N(Cc2ccccc2)C1=O,O=C1NC(=O)N(Cc2ccccc2)C1=O,True,True,True,,0.5111111111111111,1.0,,,,,-0.029799999999999827,-0.029799999999999827,0.0,True,0.348567985141265,0.348567985141265,0.0,True,138.13,138.13,0.0,True,,,,,6.0,6.0,0.0,True,5.0,5.0,0.0,True
target_oracle,mpair_00007436_cond_00_5p,mpair_00007436,eval,5,"LogP,QED,TPSA,HBA,RB",O=C(O)CN1C(=O)C(=O)N(Cc2ccc(Cl)cc2)C1=O,O=C(O)CN1C(=O)C(=O)N(Cc2ccccc2[N+](=O)[O-])C1=O,O=C(O)CN1C(=O)C(=O)N(Cc2ccccc2[N+](=O)[O-])C1=O,O=C1NC(=O)N(Cc2ccccc2)C1=O,O=C1NC(=O)N(Cc2ccccc2)C1=O,True,True,True,,0.4888888888888889,1.0,,,,,-0.029799999999999827,-0.029799999999999827,0.0,True,0.3485679851412651,0.3485679851412651,0.0,True,138.13,138.13,0.0,True,,,,,6.0,6.0,0.0,True,5.0,5.0,0.0,True
target_oracle,mpair_00007665_cond_00_5p,mpair_00007665,eval,5,"LogP,QED,TPSA,HBD,HBA",CC1CCCCN1CCCOc1ccc(-c2ccc(C#N)cc2)cc1,N#Cc1ccc(-c2ccc(OCCCN3CCC(N)CC3)cc2)cc1,N#Cc1ccc(-c2ccc(OCCCN3CCC(N)CC3)cc2)cc1,c1ccc(-c2ccc(OCCCN3CCCCC3)cc2)cc1,c1ccc(-c2ccc(OCCCN3CCCCC3)cc2)cc1,True,True,True,,0.58,1.0,,,,,3.4172800000000016,3.4172800000000016,0.0,True,0.8217902361297238,0.8217902361297238,0.0,True,62.28,62.28,0.0,True,1.0,1.0,0.0,True,4.0,4.0,0.0,True,,,,
target_oracle,mpair_00007671_cond_01_5p,mpair_00007671,eval,5,"MW,LogP,QED,HBD,HBA",Cc1cc(CC(N)C(=O)O)cc(C)c1Oc1ccc(O)c(Cc2ccc(O)nc2)c1,O=C(O)CCc1cc(Br)c(Oc2ccc(O)c(Cc3ccc(O)nc3)c2)c(Br)c1,O=C(O)CCc1cc(Br)c(Oc2ccc(O)c(Cc3ccc(O)nc3)c2)c(Br)c1,c1ccc(Oc2cccc(Cc3cccnc3)c2)cc1,c1ccc(Oc2cccc(Cc3cccnc3)c2)cc1,True,True,True,,0.5625,1.0,523.1770000000002,523.1770000000002,0.0,True,5.418100000000004,5.418100000000004,0.0,True,0.38291691722181104,0.38291691722181104,0.0,True,,,,,3.0,3.0,0.0,True,5.0,5.0,0.0,True,,,,
target_oracle,mpair_00007680_cond_00_5p,mpair_00007680,eval,5,"MW,QED,TPSA,HBA,RB",CC(=O)NC1N=C(c2ccccc2)c2ccccc2N(CC(=O)NCCc2cccc(Cl)c2)C1=O,CC(=O)CCCC(=O)NC1N=C(c2ccccc2)c2ccccc2N(CC(=O)NCCc2ccccc2)C1=O,CC(=O)CCCC(=O)NC1N=C(c2ccccc2)c2ccccc2N(CC(=O)NCCc2ccccc2)C1=O,O=C(CN1C(=O)CN=C(c2ccccc2)c2ccccc21)NCCc1ccccc1,O=C(CN1C(=O)CN=C(c2ccccc2)c2ccccc21)NCCc1ccccc1,True,True,True,,0.6901408450704225,1.0,524.6210000000003,524.6210000000003,0.0,True,,,,,0.40069205193098983,0.40069205193098983,0.0,True,107.94,107.94,0.0,True,,,,,5.0,5.0,0.0,True,11.0,11.0,0.0,True
target_oracle,mpair_00007691_cond_01_5p,mpair_00007691,eval,5,"MW,LogP,QED,HBA,RB",CC(=O)CCCC(=O)NC1N=C(c2ccccc2)c2ccccc2N(CC(=O)NCCc2ccccc2Cl)C1=O,CC(=O)NC1N=C(c2ccccc2)c2ccccc2N(CC(=O)NCCc2cccc(Cl)c2)C1=O,CC(=O)NC1N=C(c2ccccc2)c2ccccc2N(CC(=O)NCCc2cccc(Cl)c2)C1=O,O=C(CN1C(=O)CN=C(c2ccccc2)c2ccccc21)NCCc1ccccc1,O=C(CN1C(=O)CN=C(c2ccccc2)c2ccccc21)NCCc1ccccc1,True,True,True,,0.631578947368421,1.0,488.9750000000003,488.9750000000003,0.0,True,3.3451000000000013,3.3451000000000013,0.0,True,0.5340646911534161,0.5340646911534161,0.0,True,,,,,,,,,4.0,4.0,0.0,True,7.0,7.0,0.0,True
target_oracle,mpair_00007804_cond_00_5p,mpair_00007804,eval,5,"MW,LogP,HBD,HBA,RB",CO[C@H]1O[C@H](CO)[C@H](O)[C@H](OCc2cc3ccccc3o/c2=N\S(=O)(=O)c2ccccc2)[C@H]1OC(C)=O,CO[C@H]1O[C@H](CO)[C@H](O)[C@H](OCc2cc3ccccc3o/c2=N\S(=O)(=O)c2ccccc2)[C@H]1O,CO[C@H]1O[C@H](CO)[C@H](O)[C@H](OCc2cc3ccccc3o/c2=N\S(=O)(=O)c2ccccc2)[C@H]1O,O=S(=O)(/N=c1\oc2ccccc2cc1COC1CCOCC1)c1ccccc1,O=S(=O)(/N=c1\oc2ccccc2cc1COC1CCOCC1)c1ccccc1,True,True,True,,0.8235294117647058,1.0,491.5180000000002,491.5180000000002,0.0,True,0.6929999999999996,0.6929999999999996,0.0,True,,,,,,,,,3.0,3.0,0.0,True,9.0,9.0,0.0,True,7.0,7.0,0.0,True
target_oracle,mpair_00007872_cond_02_5p,mpair_00007872,eval,5,"LogP,QED,TPSA,HBA,RB",O=C1CC2(C(=O)N1)C(=O)N(Cc1ccc([N+](=O)[O-])cc1)C(=O)c1cccn12,O=C1CC2(C(=O)N1)C(=O)N(Cc1ccccc1Br)C(=O)c1cccn12,O=C1CC2(C(=O)N1)C(=O)N(Cc1ccccc1Br)C(=O)c1cccn12,O=C1CC2(C(=O)N1)C(=O)N(Cc1ccccc1)C(=O)c1cccn12,O=C1CC2(C(=O)N1)C(=O)N(Cc1ccccc1)C(=O)c1cccn12,True,True,True,,0.6140350877192983,1.0,,,,,1.1749999999999998,1.1749999999999998,0.0,True,0.6037446721729127,0.6037446721729127,0.0,True,88.48000000000002,88.48000000000002,0.0,True,,,,,5.0,5.0,0.0,True,2.0,2.0,0.0,True
target_oracle,mpair_00007888_cond_01_5p,mpair_00007888,eval,5,"LogP,QED,TPSA,HBA,RB",O=C1CC2(C(=O)N1)C(=O)N(Cc1ccccc1Br)C(=O)c1cccn12,O=C1CC2(C(=O)N1)C(=O)N(Cc1ccc([N+](=O)[O-])cc1)C(=O)c1cccn12,O=C1CC2(C(=O)N1)C(=O)N(Cc1ccc([N+](=O)[O-])cc1)C(=O)c1cccn12,O=C1CC2(C(=O)N1)C(=O)N(Cc1ccccc1)C(=O)c1cccn12,O=C1CC2(C(=O)N1)C(=O)N(Cc1ccccc1)C(=O)c1cccn12,True,True,True,,0.6140350877192983,1.0,,,,,0.32069999999999976,0.32069999999999976,0.0,True,0.3591511924323177,0.3591511924323177,0.0,True,131.62,131.62,0.0,True,,,,,7.0,7.0,0.0,True,3.0,3.0,0.0,True
target_oracle,mpair_00008149_cond_01_5p,mpair_00008149,eval,5,"MW,QED,HBD,HBA,RB",CC(C)N(CC(O)Cn1c2ccccc2c(=O)c2cccc(C(=O)O)c21)C(C)C,CCN(CC)CC(O)Cn1c2ccccc2c(=O)c2cccc(Cl)c21,CCN(CC)CC(O)Cn1c2ccccc2c(=O)c2cccc(Cl)c21,O=c1c2ccccc2[nH]c2ccccc12,O=c1c2ccccc2[nH]c2ccccc12,True,True,True,,0.5517241379310345,1.0,358.8690000000001,358.8690000000001,0.0,True,,,,,0.6857244766376484,0.6857244766376484,0.0,True,,,,,1.0,1.0,0.0,True,4.0,4.0,0.0,True,6.0,6.0,0.0,True
target_oracle,mpair_00008195_cond_02_5p,mpair_00008195,eval,5,"MW,LogP,QED,TPSA,HBA",OC1Cc2cccc(I)c2CC1N1CCC(c2ccccc2)CC1,CC(=O)Nc1cccc2c1CC(N1CCC(c3ccccc3)CC1)C(O)C2,CC(=O)Nc1cccc2c1CC(N1CCC(c3ccccc3)CC1)C(O)C2,c1ccc(C2CCN(C3CCc4ccccc4C3)CC2)cc1,c1ccc(C2CCN(C3CCc4ccccc4C3)CC2)cc1,True,True,True,,0.6470588235294118,1.0,364.4890000000001,364.4890000000001,0.0,True,3.3527000000000022,3.3527000000000022,0.0,True,0.8781331561832402,0.8781331561832402,0.0,True,52.57000000000001,52.57000000000001,0.0,True,,,,,3.0,3.0,0.0,True,,,,
target_oracle,mpair_00008524_cond_01_5p,mpair_00008524,eval,5,"LogP,QED,TPSA,HBD,HBA",OCCOc1ccc(Cc2ccc(NC3=NCCN3)cc2)cc1,CCCOc1ccc(Cc2ccc(NC3=NCCN3)cc2)cc1,CCCOc1ccc(Cc2ccc(NC3=NCCN3)cc2)cc1,c1ccc(Cc2ccc(NC3=NCCN3)cc2)cc1,c1ccc(Cc2ccc(NC3=NCCN3)cc2)cc1,True,True,True,,0.7777777777777778,1.0,,,,,3.4373000000000014,3.4373000000000014,0.0,True,0.8590330575707383,0.8590330575707383,0.0,True,45.65,45.65,0.0,True,2.0,2.0,0.0,True,4.0,4.0,0.0,True,,,,
target_oracle,mpair_00008547_cond_00_5p,mpair_00008547,eval,5,"LogP,QED,TPSA,HBA,RB",O=c1[nH]c(=O)n(COCCO)cc1Cc1cccc(Oc2ccc(F)cc2)c1,O=c1[nH]c(=O)n(COC(CO)CO)cc1Cc1cccc(Oc2ccc(F)cc2)c1,O=c1[nH]c(=O)n(COC(CO)CO)cc1Cc1cccc(Oc2ccc(F)cc2)c1,O=c1[nH]cc(Cc2cccc(Oc3ccccc3)c2)c(=O)[nH]1,O=c1[nH]cc(Cc2cccc(Oc3ccccc3)c2)c(=O)[nH]1,True,True,True,,0.7457627118644068,1.0,,,,,1.3861000000000008,1.3861000000000008,0.0,True,0.48581208962950656,0.48581208962950656,0.0,True,113.78000000000002,113.78000000000002,0.0,True,,,,,7.0,7.0,0.0,True,9.0,9.0,0.0,True
target_oracle,mpair_00008646_cond_02_5p,mpair_00008646,eval,5,"MW,LogP,QED,HBD,RB",N#Cc1ccccc1N1CCN(C(=O)c2cc3ccccc3[nH]2)CC1,CC(C)Nc1ccc(F)cc1N1CCN(C(=O)c2cc3ccccc3[nH]2)CC1,CC(C)Nc1ccc(F)cc1N1CCN(C(=O)c2cc3ccccc3[nH]2)CC1,O=C(c1cc2ccccc2[nH]1)N1CCN(c2ccccc2)CC1,O=C(c1cc2ccccc2[nH]1)N1CCN(c2ccccc2)CC1,True,True,True,,0.559322033898305,1.0,380.4670000000001,380.4670000000001,0.0,True,4.089700000000003,4.089700000000003,0.0,True,0.7168114142147228,0.7168114142147228,0.0,True,,,,,2.0,2.0,0.0,True,,,,,4.0,4.0,0.0,True
target_oracle,mpair_00008735_cond_00_5p,mpair_00008735,eval,5,"MW,QED,HBD,HBA,RB",CC(=O)Oc1ccc(-c2c(C)c3ccc(OC(C)=O)cc3n2Cc2ccccc2)cc1,Cc1c(-c2ccc(O)cc2)n(Cc2ccccc2)c2cc(O)ccc12,Cc1c(-c2ccc(O)cc2)n(Cc2ccccc2)c2cc(O)ccc12,c1ccc(Cn2c(-c3ccccc3)cc3ccccc32)cc1,c1ccc(Cn2c(-c3ccccc3)cc3ccccc32)cc1,True,True,True,,0.62,1.0,329.39900000000006,329.39900000000006,0.0,True,,,,,0.5506176369119878,0.5506176369119878,0.0,True,,,,,2.0,2.0,0.0,True,3.0,3.0,0.0,True,3.0,3.0,0.0,True
target_oracle,mpair_00009373_cond_01_5p,mpair_00009373,eval,5,"MW,LogP,QED,TPSA,HBA",CC(C)(C)C(=O)NCc1ccc(NC(=O)N(CC(O)c2cccc(C#N)c2)C2CCC2)cc1,CC(C)(C)C(=O)NCc1ccc(NC(=O)N(CC(O)c2cc(Cl)cc(Cl)c2)C2CCC2)cc1,CC(C)(C)C(=O)NCc1ccc(NC(=O)N(CC(O)c2cc(Cl)cc(Cl)c2)C2CCC2)cc1,O=C(Nc1ccccc1)N(CCc1ccccc1)C1CCC1,O=C(Nc1ccccc1)N(CCc1ccccc1)C1CCC1,True,True,True,,0.7014925373134329,1.0,492.44700000000023,492.44700000000023,0.0,True,5.775700000000006,5.775700000000006,0.0,True,0.45873063056047403,0.45873063056047403,0.0,True,81.67,81.67,0.0,True,,,,,3.0,3.0,0.0,True,,,,
target_oracle,mpair_00009967_cond_01_5p,mpair_00009967,eval,5,"LogP,QED,TPSA,HBA,RB",CN1C(=O)CC[C@]2(C)c3ccc(Cl)cc3CC[C@@H]12,CN1C(=O)CC[C@]2(C)c3ccc(CC(=O)O)cc3CC[C@@H]12,CN1C(=O)CC[C@]2(C)c3ccc(CC(=O)O)cc3CC[C@@H]12,O=C1CCC2c3ccccc3CC[C@H]2N1,O=C1CCC2c3ccccc3CC[C@H]2N1,True,True,True,,0.6470588235294118,1.0,,,,,2.1384,2.1384,0.0,True,0.9063391182403678,0.9063391182403678,0.0,True,57.61,57.61,0.0,True,,,,,2.0,2.0,0.0,True,2.0,2.0,0.0,True
target_oracle,mpair_00010005_cond_01_5p,mpair_00010005,eval,5,"LogP,QED,HBD,HBA,RB",NC(=O)c1ccc(-c2ccc(CC(=O)Nc3cc(C4CC4)[nH]n3)cc2)cc1,Cc1cccc(-c2ccc(CC(=O)Nc3cc(C4CC4)[nH]n3)cc2)c1,Cc1cccc(-c2ccc(CC(=O)Nc3cc(C4CC4)[nH]n3)cc2)c1,O=C(Cc1ccc(-c2ccccc2)cc1)Nc1cc(C2CC2)[nH]n1,O=C(Cc1ccc(-c2ccccc2)cc1)Nc1cc(C2CC2)[nH]n1,True,True,True,,0.6909090909090909,1.0,,,,,4.443720000000002,4.443720000000002,0.0,True,0.725772975474698,0.725772975474698,0.0,True,,,,,2.0,2.0,0.0,True,2.0,2.0,0.0,True,5.0,5.0,0.0,True
target_oracle,mpair_00010714_cond_02_5p,mpair_00010714,eval,5,"MW,LogP,QED,HBD,RB",CC(C)C1=CC2CC3(C=O)[C@@H]4CC[C@@H](C)[C@H]4CC2(CO[C@H]2CN[C@H](C)CO2)[C@]13C(=O)O,C=C(Cl)CN1C[C@H](OCC23C[C@@H]4[C@H](C)CC[C@H]4C4(C=O)CC2C=C(C(C)C)[C@@]34C(=O)O)OC[C@H]1C,C=C(Cl)CN1C[C@H](OCC23C[C@@H]4[C@H](C)CC[C@H]4C4(C=O)CC2C=C(C(C)C)[C@@]34C(=O)O)OC[C@H]1C,C1=CC2C3CC1C2(CO[C@H]1CNCCO1)C[C@@H]1CCC[C@@H]31,C1=CC2C3CC1C2(CO[C@H]1CNCCO1)C[C@@H]1CCC[C@@H]31,True,True,True,,0.6790123456790124,1.0,506.0830000000003,506.0830000000003,0.0,True,4.726900000000004,4.726900000000004,0.0,True,0.3795111965843427,0.3795111965843427,0.0,True,,,,,1.0,1.0,0.0,True,,,,,8.0,8.0,0.0,True
target_oracle,mpair_00010899_cond_00_5p,mpair_00010899,eval,5,"LogP,QED,TPSA,HBA,RB",CC(C)[C@H](NC(=O)[C@@H]1Cc2ccccc2CN1C(=O)[C@@H](N)Cc1c[nH]c2ccccc12)C(=O)O,NC(=O)CC[C@H](NC(=O)[C@@H]1Cc2ccccc2CN1C(=O)[C@@H](N)Cc1c[nH]c2ccccc12)C(=O)O,NC(=O)CC[C@H](NC(=O)[C@@H]1Cc2ccccc2CN1C(=O)[C@@H](N)Cc1c[nH]c2ccccc12)C(=O)O,O=C(CCc1c[nH]c2ccccc12)N1CCc2ccccc2C1,O=C(CCc1c[nH]c2ccccc12)N1CCc2ccccc2C1,True,True,True,,0.7323943661971831,1.0,,,,,0.826100000000002,0.826100000000002,0.0,True,0.29652005438814183,0.29652005438814183,0.0,True,171.60999999999999,171.60999999999999,0.0,True,,,,,5.0,5.0,0.0,True,9.0,9.0,0.0,True
target_oracle,mpair_00010919_cond_01_5p,mpair_00010919,eval,5,"MW,LogP,QED,HBD,RB",COc1cc2nc(N3CCCC3)nc(NCCCCCN3CCNCC3)c2cc1OC,COc1cc2nc(N3CCCC3)nc(NCCCCCN3CCN(C(C)C)CC3)c2cc1OC,COc1cc2nc(N3CCCC3)nc(NCCCCCN3CCN(C(C)C)CC3)c2cc1OC,c1ccc2c(NCCCCCN3CCNCC3)nc(N3CCCC3)nc2c1,c1ccc2c(NCCCCCN3CCNCC3)nc(N3CCCC3)nc2c1,True,True,True,,0.7666666666666667,1.0,470.6620000000004,470.6620000000004,0.0,True,3.855400000000003,3.855400000000003,0.0,True,0.49692764299392717,0.49692764299392717,0.0,True,,,,,1.0,1.0,0.0,True,,,,,11.0,11.0,0.0,True
target_oracle,mpair_00011098_cond_00_5p,mpair_00011098,eval,5,"LogP,QED,TPSA,HBD,HBA",Cc1nn(-c2ccccc2)c2c1c(O)nc1ccccc12,Cc1cccc(-n2nc(C)c3c(Cl)nc4ccccc4c32)c1,Cc1cccc(-n2nc(C)c3c(Cl)nc4ccccc4c32)c1,c1ccc(-n2ncc3cnc4ccccc4c32)cc1,c1ccc(-n2ncc3cnc4ccccc4c32)cc1,True,True,True,,0.5869565217391305,1.0,,,,,4.8439400000000035,4.8439400000000035,0.0,True,0.4708782994807681,0.4708782994807681,0.0,True,30.71,30.71,0.0,True,0.0,0.0,0.0,True,3.0,3.0,0.0,True,,,,
target_oracle,mpair_00011110_cond_01_5p,mpair_00011110,eval,5,"LogP,QED,TPSA,HBD,HBA",COc1cccc(-n2nc(C)c3c(O)nc4ccccc4c32)c1,COc1nc2ccccc2c2c1c(C)nn2-c1cccc(Cl)c1,COc1nc2ccccc2c2c1c(C)nn2-c1cccc(Cl)c1,c1ccc(-n2ncc3cnc4ccccc4c32)cc1,c1ccc(-n2ncc3cnc4ccccc4c32)cc1,True,True,True,,0.6226415094339622,1.0,,,,,4.544120000000003,4.544120000000003,0.0,True,0.5432876380245963,0.5432876380245963,0.0,True,39.940000000000005,39.940000000000005,0.0,True,0.0,0.0,0.0,True,4.0,4.0,0.0,True,,,,
target_oracle,mpair_00012048_cond_00_5p,mpair_00012048,eval,5,"LogP,QED,TPSA,HBD,HBA",Oc1ccccc1N1CCN(c2nc3ccccc3s2)CC1,Clc1cccc(N2CCN(c3nc4ccccc4s3)CC2)c1,Clc1cccc(N2CCN(c3nc4ccccc4s3)CC2)c1,c1ccc(N2CCN(c3nc4ccccc4s3)CC2)cc1,c1ccc(N2CCN(c3nc4ccccc4s3)CC2)cc1,True,True,True,,0.5434782608695652,1.0,,,,,4.276300000000003,4.276300000000003,0.0,True,0.6993705773617076,0.6993705773617076,0.0,True,19.37,19.37,0.0,True,0.0,0.0,0.0,True,4.0,4.0,0.0,True,,,,
target_oracle,mpair_00013357_cond_00_5p,mpair_00013357,eval,5,"LogP,QED,TPSA,HBD,HBA",COC(=O)[C@H](c1cccc(C)c1)[C@H]1CCCCN1C,COC(=O)[C@H](c1ccc(O)cc1)[C@H]1CCCCN1C,COC(=O)[C@H](c1ccc(O)cc1)[C@H]1CCCCN1C,c1ccc(C[C@H]2CCCCN2)cc1,c1ccc(C[C@H]2CCCCN2)cc1,True,True,True,,0.6595744680851063,1.0,,,,,2.1330999999999998,2.1330999999999998,0.0,True,0.8487909113672916,0.8487909113672916,0.0,True,49.77,49.77,0.0,True,1.0,1.0,0.0,True,4.0,4.0,0.0,True,,,,
target_oracle,mpair_00013608_cond_01_5p,mpair_00013608,eval,5,"LogP,TPSA,HBD,HBA,RB",CS(=O)(=O)c1ccc(-c2cc(Cl)cnc2-c2ccc(CO)nc2)cc1,CS(=O)(=O)c1ccc(-c2cc(Cl)cnc2-c2cccnc2)cc1,CS(=O)(=O)c1ccc(-c2cc(Cl)cnc2-c2cccnc2)cc1,c1ccc(-c2cccnc2-c2cccnc2)cc1,c1ccc(-c2cccnc2-c2cccnc2)cc1,True,True,True,,0.6530612244897959,1.0,,,,,3.8675000000000024,3.8675000000000024,0.0,True,,,,,59.92,59.92,0.0,True,0.0,0.0,0.0,True,4.0,4.0,0.0,True,3.0,3.0,0.0,True
target_oracle,mpair_00013945_cond_00_5p,mpair_00013945,eval,5,"LogP,QED,TPSA,HBD,HBA",CC(c1cccc(C(=N)N)n1)C1OCCO1,CSC(=N)c1cccc(C(C)C2OCCO2)n1,CSC(=N)c1cccc(C(C)C2OCCO2)n1,c1ccc(CC2OCCO2)nc1,c1ccc(CC2OCCO2)nc1,True,True,True,,0.7142857142857143,1.0,,,,,2.2463699999999998,2.2463699999999998,0.0,True,0.6618999522301771,0.6618999522301771,0.0,True,55.2,55.2,0.0,True,1.0,1.0,0.0,True,5.0,5.0,0.0,True,,,,
target_oracle,mpair_00014860_cond_02_5p,mpair_00014860,eval,5,"MW,LogP,HBD,HBA,RB",CCCCCCNc1nc2ccccc2n2cncc12,CCCc1nc2ccccc2n2cncc12,CCCc1nc2ccccc2n2cncc12,c1ccc2c(c1)ncc1cncn12,c1ccc2c(c1)ncc1cncn12,True,True,True,,0.5531914893617021,1.0,211.268,211.268,0.0,True,2.835000000000001,2.835000000000001,0.0,True,,,,,,,,,0.0,0.0,0.0,True,3.0,3.0,0.0,True,2.0,2.0,0.0,True
target_oracle,mpair_00015735_cond_02_5p,mpair_00015735,eval,5,"QED,TPSA,HBD,HBA,RB",O=C1c2c(O)cccc2Cc2ccc(CCc3ccccc3)c(O)c21,O=C1c2c(O)cccc2Cc2ccc(C(Cc3ccccc3)C(=O)NO)c(O)c21,O=C1c2c(O)cccc2Cc2ccc(C(Cc3ccccc3)C(=O)NO)c(O)c21,O=C1c2ccccc2Cc2ccc(CCc3ccccc3)cc21,O=C1c2ccccc2Cc2ccc(CCc3ccccc3)cc21,True,True,True,,0.5555555555555556,1.0,,,,,,,,,0.3170091346244461,0.3170091346244461,0.0,True,106.86,106.86,0.0,True,4.0,4.0,0.0,True,5.0,5.0,0.0,True,4.0,4.0,0.0,True
target_oracle,mpair_00016518_cond_00_5p,mpair_00016518,eval,5,"MW,LogP,QED,HBD,RB",CCCN(CCC)CCCNc1ncc(C)c2c1c1cnccc1n2C,CCNCCCNc1ncc(C)c2c1c1cnccc1n2C,CCNCCCNc1ncc(C)c2c1c1cnccc1n2C,c1cc2[nH]c3ccncc3c2cn1,c1cc2[nH]c3ccncc3c2cn1,True,True,True,,0.7407407407407407,1.0,297.40600000000006,297.40600000000006,0.0,True,2.8414200000000003,2.8414200000000003,0.0,True,0.6869994749888312,0.6869994749888312,0.0,True,,,,,2.0,2.0,0.0,True,,,,,6.0,6.0,0.0,True
target_oracle,mpair_00017118_cond_02_5p,mpair_00017118,eval,5,"MW,QED,HBD,HBA,RB",COc1ccccc1N1CCN(c2cc3c(cc2N)c(=O)c(C(=O)O)cn3C(C)(C)C)CC1,COc1ccccc1N1CCN(c2c(F)cc3c(=O)c(C(=O)O)cn(CCN(C)C)c3c2OC(F)F)CC1,COc1ccccc1N1CCN(c2c(F)cc3c(=O)c(C(=O)O)cn(CCN(C)C)c3c2OC(F)F)CC1,O=c1cc[nH]c2cc(N3CCN(c4ccccc4)CC3)ccc12,O=c1cc[nH]c2cc(N3CCN(c4ccccc4)CC3)ccc12,True,True,True,,0.43373493975903615,1.0,534.5350000000001,534.5350000000001,0.0,True,,,,,0.44758921140603314,0.44758921140603314,0.0,True,,,,,1.0,1.0,0.0,True,8.0,8.0,0.0,True,9.0,9.0,0.0,True
target_oracle,mpair_00017209_cond_00_5p,mpair_00017209,eval,5,"QED,TPSA,HBD,HBA,RB",O=C(NCc1ccc([N+](=O)[O-])cc1)OCCCc1c[nH]cn1,CN(Cc1ccccc1)C(=O)OCCCc1c[nH]cn1,CN(Cc1ccccc1)C(=O)OCCCc1c[nH]cn1,O=C(NCc1ccccc1)OCCCc1c[nH]cn1,O=C(NCc1ccccc1)OCCCc1c[nH]cn1,True,True,True,,0.45901639344262296,1.0,,,,,,,,,0.8230012341030899,0.8230012341030899,0.0,True,58.22,58.22,0.0,True,1.0,1.0,0.0,True,3.0,3.0,0.0,True,6.0,6.0,0.0,True
target_oracle,mpair_00001355_cond_00_6p,mpair_00001355,eval,6,"LogP,QED,TPSA,HBD,HBA,RB",Nc1nc(O)c(N=O)c(NCCCO)n1,CCNc1nc(N)nc(O)c1N=O,CCNc1nc(N)nc(O)c1N=O,c1cncnc1,c1cncnc1,True,True,True,,0.6578947368421053,1.0,,,,,0.5940999999999996,0.5940999999999996,0.0,True,0.5908316431660211,0.5908316431660211,0.0,True,113.49000000000001,113.49000000000001,0.0,True,3.0,3.0,0.0,True,7.0,7.0,0.0,True,3.0,3.0,0.0,True
target_oracle,mpair_00002478_cond_01_6p,mpair_00002478,eval,6,"MW,LogP,QED,TPSA,HBD,HBA",COc1cc(C(=O)N2CCN(C(=O)c3cc(OC)c(OC)c(OC)c3)CC2)cc(OC)c1OC,COc1cc(C(=O)N2CCN(C(=O)c3cc(OC)c(OC)c(OC)c3)C(COC(=O)NCCC(C)C)C2)cc(OC)c1OC,COc1cc(C(=O)N2CCN(C(=O)c3cc(OC)c(OC)c(OC)c3)C(COC(=O)NCCC(C)C)C2)cc(OC)c1OC,O=C(c1ccccc1)N1CCN(C(=O)c2ccccc2)CC1,O=C(c1ccccc1)N1CCN(C(=O)c2ccccc2)CC1,True,True,True,,0.48148148148148145,1.0,617.6960000000003,617.6960000000003,0.0,True,3.4773000000000023,3.4773000000000023,0.0,True,0.3561059094946873,0.3561059094946873,0.0,True,134.33,134.33,0.0,True,1.0,1.0,0.0,True,10.0,10.0,0.0,True,,,,
target_oracle,mpair_00002488_cond_01_6p,mpair_00002488,eval,6,"MW,LogP,QED,HBD,HBA,RB",COc1cc(C(=O)N2CCN(C(=O)c3cc(OC)c(OC)c(OC)c3)C(CO)C2)cc(OC)c1OC,CCN(CC)C(=O)OCC1CN(C(=O)c2cc(OC)c(OC)c(OC)c2)CCN1C(=O)c1cc(OC)c(OC)c(OC)c1,CCN(CC)C(=O)OCC1CN(C(=O)c2cc(OC)c(OC)c(OC)c2)CCN1C(=O)c1cc(OC)c(OC)c(OC)c1,O=C(c1ccccc1)N1CCN(C(=O)c2ccccc2)CC1,O=C(c1ccccc1)N1CCN(C(=O)c2ccccc2)CC1,True,True,True,,0.6792452830188679,1.0,603.6690000000003,603.6690000000003,0.0,True,3.1834000000000024,3.1834000000000024,0.0,True,0.3571777118480848,0.3571777118480848,0.0,True,,,,,0.0,0.0,0.0,True,10.0,10.0,0.0,True,12.0,12.0,0.0,True
target_oracle,mpair_00003588_cond_01_6p,mpair_00003588,eval,6,"MW,LogP,QED,TPSA,HBD,RB",CC(C)c1ccc(Cn2ccc3c4c(N(C)C)nc(N(C)C)nc4ccc32)cc1,CC(C)(C)c1ccc(Cn2ccc3c4c(N)nc(N)nc4ccc32)cc1,CC(C)(C)c1ccc(Cn2ccc3c4c(N)nc(N)nc4ccc32)cc1,c1ccc(Cn2ccc3c4cncnc4ccc32)cc1,c1ccc(Cn2ccc3c4cncnc4ccc32)cc1,True,True,True,,0.45901639344262296,1.0,345.45000000000005,345.45000000000005,0.0,True,4.094700000000002,4.094700000000002,0.0,True,0.5729407842811197,0.5729407842811197,0.0,True,82.75,82.75,0.0,True,2.0,2.0,0.0,True,,,,,2.0,2.0,0.0,True
target_oracle,mpair_00004747_cond_00_6p,mpair_00004747,eval,6,"MW,LogP,QED,HBD,HBA,RB",O=C(N[C@@H](Cc1ccccc1)C(=O)O)c1cccc2ccccc12,CCNC(=O)C(C)NC(=O)[C@H](Cc1ccc([N+](=O)[O-])cc1)NC(=O)c1cccc2ccccc12,CCNC(=O)C(C)NC(=O)[C@H](Cc1ccc([N+](=O)[O-])cc1)NC(=O)c1cccc2ccccc12,O=C(NCCc1ccccc1)c1cccc2ccccc12,O=C(NCCc1ccccc1)c1cccc2ccccc12,True,True,True,,0.5344827586206896,1.0,462.50600000000014,462.50600000000014,0.0,True,2.7299000000000007,2.7299000000000007,0.0,True,0.332478065240171,0.332478065240171,0.0,True,,,,,3.0,3.0,0.0,True,5.0,5.0,0.0,True,9.0,9.0,0.0,True
target_oracle,mpair_00004756_cond_02_6p,mpair_00004756,eval,6,"MW,QED,TPSA,HBD,HBA,RB",CCOC(=O)[C@@H](C)NC(=O)[C@H](Cc1ccc([N+](=O)[O-])cc1)NC(=O)c1cccc2ccccc12,COC(=O)[C@H](Cc1ccc([N+](=O)[O-])cc1)NC(=O)c1cccc2ccccc12,COC(=O)[C@H](Cc1ccc([N+](=O)[O-])cc1)NC(=O)c1cccc2ccccc12,O=C(NCCc1ccccc1)c1cccc2ccccc12,O=C(NCCc1ccccc1)c1cccc2ccccc12,True,True,True,,0.7413793103448276,1.0,378.38400000000007,378.38400000000007,0.0,True,,,,,0.4032206465621875,0.4032206465621875,0.0,True,98.53999999999999,98.53999999999999,0.0,True,1.0,1.0,0.0,True,5.0,5.0,0.0,True,6.0,6.0,0.0,True
target_oracle,mpair_00004834_cond_02_6p,mpair_00004834,eval,6,"MW,LogP,QED,HBD,HBA,RB",O=CNC(=O)c1cnn2c1n[n+]([O-])c1ccc(Cl)cc12,C/C(=N\C(=O)c1cnn2c1n[n+]([O-])c1ccc(Cl)cc12)N(C)C,C/C(=N\C(=O)c1cnn2c1n[n+]([O-])c1ccc(Cl)cc12)N(C)C,c1ccc2c(c1)[nH+]nc1ccnn12,c1ccc2c(c1)[nH+]nc1ccnn12,True,True,True,,0.6,1.0,332.7510000000001,332.7510000000001,0.0,True,1.2894999999999999,1.2894999999999999,0.0,True,0.28974905987188526,0.28974905987188526,0.0,True,,,,,0.0,0.0,0.0,True,5.0,5.0,0.0,True,1.0,1.0,0.0,True
target_oracle,mpair_00006871_cond_00_6p,mpair_00006871,eval,6,"MW,LogP,QED,TPSA,HBD,HBA",CN1C(=O)[C@@H](NC(=O)[C@H](N)Cc2ccccc2)N=C(c2ccccc2)c2ccccc21,C[C@@H](Cc1ccc(Cl)c(Cl)c1)C(=O)N[C@H]1N=C(c2ccccc2)c2ccccc2N(C)C1=O,C[C@@H](Cc1ccc(Cl)c(Cl)c1)C(=O)N[C@H]1N=C(c2ccccc2)c2ccccc2N(C)C1=O,O=C(CCc1ccccc1)N[C@H]1N=C(c2ccccc2)c2ccccc2NC1=O,O=C(CCc1ccccc1)N[C@H]1N=C(c2ccccc2)c2ccccc2NC1=O,True,True,True,,0.6461538461538462,1.0,480.3950000000002,480.3950000000002,0.0,True,5.128300000000006,5.128300000000006,0.0,True,0.5507225512128597,0.5507225512128597,0.0,True,61.77,61.77,0.0,True,1.0,1.0,0.0,True,3.0,3.0,0.0,True,,,,
target_oracle,mpair_00007291_cond_01_6p,mpair_00007291,eval,6,"LogP,QED,TPSA,HBD,HBA,RB",NCCNC(=O)C1Cc2c([nH]c3ccccc23)C(c2cccc(O)c2)N1,COC(=O)C1Cc2c([nH]c3ccccc23)C(c2ccc(Cl)cc2)N1,COC(=O)C1Cc2c([nH]c3ccccc23)C(c2ccc(Cl)cc2)N1,c1ccc(C2NCCc3c2[nH]c2ccccc32)cc1,c1ccc(C2NCCc3c2[nH]c2ccccc32)cc1,True,True,True,,0.4696969696969697,1.0,,,,,3.5980000000000016,3.5980000000000016,0.0,True,0.7007933905852917,0.7007933905852917,0.0,True,54.120000000000005,54.120000000000005,0.0,True,2.0,2.0,0.0,True,3.0,3.0,0.0,True,2.0,2.0,0.0,True
target_oracle,mpair_00007691_cond_00_6p,mpair_00007691,eval,6,"MW,LogP,QED,TPSA,HBA,RB",CC(=O)CCCC(=O)NC1N=C(c2ccccc2)c2ccccc2N(CC(=O)NCCc2ccccc2Cl)C1=O,CC(=O)NC1N=C(c2ccccc2)c2ccccc2N(CC(=O)NCCc2cccc(Cl)c2)C1=O,CC(=O)NC1N=C(c2ccccc2)c2ccccc2N(CC(=O)NCCc2cccc(Cl)c2)C1=O,O=C(CN1C(=O)CN=C(c2ccccc2)c2ccccc21)NCCc1ccccc1,O=C(CN1C(=O)CN=C(c2ccccc2)c2ccccc21)NCCc1ccccc1,True,True,True,,0.631578947368421,1.0,488.9750000000003,488.9750000000003,0.0,True,3.3451000000000013,3.3451000000000013,0.0,True,0.5340646911534161,0.5340646911534161,0.0,True,90.87,90.87,0.0,True,,,,,4.0,4.0,0.0,True,7.0,7.0,0.0,True
target_oracle,mpair_00007880_cond_00_6p,mpair_00007880,eval,6,"MW,LogP,QED,TPSA,HBD,HBA",O=C1CC2(C(=O)N1)C(=O)N(Cc1ccc(C(F)(F)F)cc1)C(=O)c1cccn12,Nc1ccc(CN2C(=O)c3cccn3C3(CC(=O)NC3=O)C2=O)cc1,Nc1ccc(CN2C(=O)c3cccn3C3(CC(=O)NC3=O)C2=O)cc1,O=C1CC2(C(=O)N1)C(=O)N(Cc1ccccc1)C(=O)c1cccn12,O=C1CC2(C(=O)N1)C(=O)N(Cc1ccccc1)C(=O)c1cccn12,True,True,True,,0.7450980392156863,1.0,338.3230000000001,338.3230000000001,0.0,True,-0.005299999999999805,-0.005299999999999805,0.0,True,0.45417020849830125,0.45417020849830125,0.0,True,114.5,114.5,0.0,True,2.0,2.0,0.0,True,6.0,6.0,0.0,True,,,,
target_oracle,mpair_00008120_cond_01_6p,mpair_00008120,eval,6,"LogP,QED,TPSA,HBD,HBA,RB",CCN(CC)CC(O)Cn1c2ccccc2c(=O)c2cccc(Cl)c21,CCN(CC)CC(O)Cn1c2ccccc2c(=O)c2cccc(C(=O)O)c21,CCN(CC)CC(O)Cn1c2ccccc2c(=O)c2cccc(C(=O)O)c21,O=c1c2ccccc2[nH]c2ccccc12,O=c1c2ccccc2[nH]c2ccccc12,True,True,True,,0.7307692307692307,1.0,,,,,2.5556,2.5556,0.0,True,0.6264686403840823,0.6264686403840823,0.0,True,82.77,82.77,0.0,True,2.0,2.0,0.0,True,5.0,5.0,0.0,True,7.0,7.0,0.0,True
target_oracle,mpair_00008543_cond_02_6p,mpair_00008543,eval,6,"LogP,QED,TPSA,HBD,HBA,RB",O=c1[nH]c(=O)n(COCCO)cc1Cc1cccc(Oc2ccc(Cl)cc2)c1,O=c1[nH]c(=O)n(COC(CO)CO)cc1Cc1cccc(Oc2ccccc2)c1,O=c1[nH]c(=O)n(COC(CO)CO)cc1Cc1cccc(Oc2ccccc2)c1,O=c1[nH]cc(Cc2cccc(Oc3ccccc3)c2)c(=O)[nH]1,O=c1[nH]cc(Cc2cccc(Oc3ccccc3)c2)c(=O)[nH]1,True,True,True,,0.6229508196721312,1.0,,,,,1.2470000000000003,1.2470000000000003,0.0,True,0.4998954215643975,0.4998954215643975,0.0,True,113.78000000000002,113.78000000000002,0.0,True,3.0,3.0,0.0,True,7.0,7.0,0.0,True,9.0,9.0,0.0,True
target_oracle,mpair_00008562_cond_01_6p,mpair_00008562,eval,6,"MW,QED,TPSA,HBD,HBA,RB",O=c1[nH]c(=O)n(COCCO)cc1Cc1cccc(Oc2ccccc2)c1,O=c1[nH]c(=O)n(COC(CO)CO)cc1Cc1cccc(Oc2cccc(Cl)c2)c1,O=c1[nH]c(=O)n(COC(CO)CO)cc1Cc1cccc(Oc2cccc(Cl)c2)c1,O=c1[nH]cc(Cc2cccc(Oc3ccccc3)c2)c(=O)[nH]1,O=c1[nH]cc(Cc2cccc(Oc3ccccc3)c2)c(=O)[nH]1,True,True,True,,0.6065573770491803,1.0,432.8600000000001,432.8600000000001,0.0,True,,,,,0.475610070963199,0.475610070963199,0.0,True,113.78000000000002,113.78000000000002,0.0,True,3.0,3.0,0.0,True,7.0,7.0,0.0,True,9.0,9.0,0.0,True
target_oracle,mpair_00008569_cond_00_6p,mpair_00008569,eval,6,"LogP,QED,TPSA,HBD,HBA,RB",O=c1[nH]c(=O)n(COC(CO)CO)cc1Cc1cccc(Oc2ccc(F)cc2)c1,O=c1[nH]c(=O)n(COCCO)cc1Cc1cccc(Oc2ccc(Cl)cc2)c1,O=c1[nH]c(=O)n(COCCO)cc1Cc1cccc(Oc2ccc(Cl)cc2)c1,O=c1[nH]cc(Cc2cccc(Oc3ccccc3)c2)c(=O)[nH]1,O=c1[nH]cc(Cc2cccc(Oc3ccccc3)c2)c(=O)[nH]1,True,True,True,,0.609375,1.0,,,,,2.539500000000001,2.539500000000001,0.0,True,0.5646201784137145,0.5646201784137145,0.0,True,93.55000000000001,93.55000000000001,0.0,True,2.0,2.0,0.0,True,6.0,6.0,0.0,True,8.0,8.0,0.0,True
target_oracle,mpair_00008572_cond_02_6p,mpair_00008572,eval,6,"MW,QED,TPSA,HBD,HBA,RB",O=c1[nH]c(=O)n(COC(CO)CO)cc1Cc1cccc(Oc2cccc(Cl)c2)c1,O=c1[nH]c(=O)n(COCCO)cc1Cc1cccc(Oc2ccccc2)c1,O=c1[nH]c(=O)n(COCCO)cc1Cc1cccc(Oc2ccccc2)c1,O=c1[nH]cc(Cc2cccc(Oc3ccccc3)c2)c(=O)[nH]1,O=c1[nH]cc(Cc2cccc(Oc3ccccc3)c2)c(=O)[nH]1,True,True,True,,0.6065573770491803,1.0,368.38900000000007,368.38900000000007,0.0,True,,,,,0.5923928040684121,0.5923928040684121,0.0,True,93.55000000000001,93.55000000000001,0.0,True,2.0,2.0,0.0,True,6.0,6.0,0.0,True,8.0,8.0,0.0,True
target_oracle,mpair_00008578_cond_02_6p,mpair_00008578,eval,6,"LogP,QED,TPSA,HBD,HBA,RB",O=c1[nH]c(=O)n(COCCO)cc1Cc1cccc(Oc2ccc(F)cc2)c1,O=c1[nH]c(=O)n(COC(CO)CO)cc1Cc1cccc(Oc2cccc(F)c2)c1,O=c1[nH]c(=O)n(COC(CO)CO)cc1Cc1cccc(Oc2cccc(F)c2)c1,O=c1[nH]cc(Cc2cccc(Oc3ccccc3)c2)c(=O)[nH]1,O=c1[nH]cc(Cc2cccc(Oc3ccccc3)c2)c(=O)[nH]1,True,True,True,,0.6451612903225806,1.0,,,,,1.3861000000000006,1.3861000000000006,0.0,True,0.4858120896295065,0.4858120896295065,0.0,True,113.78000000000002,113.78000000000002,0.0,True,3.0,3.0,0.0,True,7.0,7.0,0.0,True,9.0,9.0,0.0,True
target_oracle,mpair_00010004_cond_02_6p,mpair_00010004,eval,6,"MW,LogP,TPSA,HBD,HBA,RB",NC(=O)c1ccc(-c2ccc(CC(=O)Nc3cc(C4CC4)[nH]n3)cc2)cc1,O=C(Cc1ccc(-c2ccccc2)cc1)Nc1cc(C2CC2)[nH]n1,O=C(Cc1ccc(-c2ccccc2)cc1)Nc1cc(C2CC2)[nH]n1,O=C(Cc1ccc(-c2ccccc2)cc1)Nc1cc(C2CC2)[nH]n1,O=C(Cc1ccc(-c2ccccc2)cc1)Nc1cc(C2CC2)[nH]n1,True,True,True,,0.7755102040816326,1.0,317.3920000000001,317.3920000000001,0.0,True,4.135300000000002,4.135300000000002,0.0,True,,,,,57.78,57.78,0.0,True,2.0,2.0,0.0,True,2.0,2.0,0.0,True,5.0,5.0,0.0,True
target_oracle,mpair_00010902_cond_01_6p,mpair_00010902,eval,6,"MW,LogP,TPSA,HBD,HBA,RB",N[C@@H](Cc1c[nH]c2ccccc12)C(=O)N1Cc2ccccc2C[C@H]1C(=O)O,N[C@@H](Cc1c[nH]c2ccccc12)C(=O)N1Cc2ccccc2C[C@H]1C(=O)N[C@@H](CS)C(=O)O,N[C@@H](Cc1c[nH]c2ccccc12)C(=O)N1Cc2ccccc2C[C@H]1C(=O)N[C@@H](CS)C(=O)O,O=C(CCc1c[nH]c2ccccc12)N1CCc2ccccc2C1,O=C(CCc1c[nH]c2ccccc12)N1CCc2ccccc2C1,True,True,True,,0.7301587301587301,1.0,466.56300000000016,466.56300000000016,0.0,True,1.4903999999999997,1.4903999999999997,0.0,True,,,,,128.51999999999998,128.51999999999998,0.0,True,5.0,5.0,0.0,True,5.0,5.0,0.0,True,7.0,7.0,0.0,True
target_oracle,mpair_00010986_cond_01_6p,mpair_00010986,eval,6,"MW,LogP,QED,HBD,HBA,RB",COc1ccc([C@@H]2Sc3ccccc3N(C[C@@H]3CCCN3)C(=O)[C@@H]2O)cc1,COc1ccc([C@@H]2Sc3ccccc3N(C[C@@H]3CCCN3)C(=O)[C@@H]2OC(C)=O)cc1,COc1ccc([C@@H]2Sc3ccccc3N(C[C@@H]3CCCN3)C(=O)[C@@H]2OC(C)=O)cc1,O=C1C[C@H](c2ccccc2)Sc2ccccc2N1C[C@@H]1CCCN1,O=C1C[C@H](c2ccccc2)Sc2ccccc2N1C[C@@H]1CCCN1,True,True,True,,0.765625,1.0,426.53800000000024,426.53800000000024,0.0,True,3.5589000000000013,3.5589000000000013,0.0,True,0.7377284711612315,0.7377284711612315,0.0,True,,,,,1.0,1.0,0.0,True,6.0,6.0,0.0,True,5.0,5.0,0.0,True
target_oracle,mpair_00013581_cond_02_6p,mpair_00013581,eval,6,"MW,QED,TPSA,HBD,HBA,RB",COCCCNCC(=O)N1CCC(CNc2nc3c(s2)CCCc2ccc(F)cc2-3)CC1,CC(C)C(=O)N1CCC(CNc2nc3c(s2)CCCc2ccc(F)cc2-3)CC1,CC(C)C(=O)N1CCC(CNc2nc3c(s2)CCCc2ccc(F)cc2-3)CC1,c1ccc2c(c1)CCCc1sc(NCC3CCNCC3)nc1-2,c1ccc2c(c1)CCCc1sc(NCC3CCNCC3)nc1-2,True,True,True,,0.6842105263157895,1.0,401.5510000000002,401.5510000000002,0.0,True,,,,,0.8044990618749749,0.8044990618749749,0.0,True,45.230000000000004,45.230000000000004,0.0,True,1.0,1.0,0.0,True,4.0,4.0,0.0,True,4.0,4.0,0.0,True
target_oracle,mpair_00014669_cond_01_6p,mpair_00014669,eval,6,"MW,LogP,TPSA,HBD,HBA,RB",CC(=O)OC[C@@]1(C)C2C[C@H](OC(C)=O)[C@@]3(C)Oc4cc(-c5cccnc5)oc(=O)c4C(=O)C3[C@@]2(C)CC[C@@H]1OC(C)=O,C[C@]12CC[C@H](O)[C@@](C)(CO)C1C[C@H](O)[C@@]1(C)Oc3cc(-c4ccc(Cl)nc4)oc(=O)c3C(=O)C21,C[C@]12CC[C@H](O)[C@@](C)(CO)C1C[C@H](O)[C@@]1(C)Oc3cc(-c4ccc(Cl)nc4)oc(=O)c3C(=O)C21,O=C1c2c(cc(-c3cccnc3)oc2=O)OC2CCC3CCCCC3C12,O=C1c2c(cc(-c3cccnc3)oc2=O)OC2CCC3CCCCC3C12,True,True,True,,0.4945054945054945,1.0,489.9520000000002,489.9520000000002,0.0,True,2.845600000000001,2.845600000000001,0.0,True,,,,,130.09,130.09,0.0,True,3.0,3.0,0.0,True,8.0,8.0,0.0,True,2.0,2.0,0.0,True
target_oracle,mpair_00015735_cond_00_6p,mpair_00015735,eval,6,"MW,LogP,TPSA,HBD,HBA,RB",O=C1c2c(O)cccc2Cc2ccc(CCc3ccccc3)c(O)c21,O=C1c2c(O)cccc2Cc2ccc(C(Cc3ccccc3)C(=O)NO)c(O)c21,O=C1c2c(O)cccc2Cc2ccc(C(Cc3ccccc3)C(=O)NO)c(O)c21,O=C1c2ccccc2Cc2ccc(CCc3ccccc3)cc21,O=C1c2ccccc2Cc2ccc(CCc3ccccc3)cc21,True,True,True,,0.5555555555555556,1.0,389.40700000000004,389.40700000000004,0.0,True,3.0647000000000015,3.0647000000000015,0.0,True,,,,,106.86,106.86,0.0,True,4.0,4.0,0.0,True,5.0,5.0,0.0,True,4.0,4.0,0.0,True
target_oracle,mpair_00016971_cond_00_6p,mpair_00016971,eval,6,"LogP,QED,TPSA,HBD,HBA,RB",CCCc1c(OCCCOc2cc3c(cc2C(C)=O)CCC(C(=O)O)O3)ccc(C(C)=O)c1O,CCCc1c(OCCCOc2ccc(C(C)=O)c(OC)c2CCC)ccc2c1OC(C(=O)O)CC2,CCCc1c(OCCCOc2ccc(C(C)=O)c(OC)c2CCC)ccc2c1OC(C(=O)O)CC2,c1ccc(OCCCOc2ccc3c(c2)OCCC3)cc1,c1ccc(OCCCOc2ccc3c(c2)OCCC3)cc1,True,True,True,,0.6086956521739131,1.0,,,,,5.428900000000005,5.428900000000005,0.0,True,0.29940751610339217,0.29940751610339217,0.0,True,91.29,91.29,0.0,True,1.0,1.0,0.0,True,6.0,6.0,0.0,True,13.0,13.0,0.0,True
target_oracle,mpair_00002438_cond_01_7p,mpair_00002438,eval,7,"MW,LogP,QED,TPSA,HBD,HBA,RB",CSc1cc(-c2ccc(Cl)cc2)oc(=O)c1Br,CSc1cc(-c2ccc(Cl)cc2)oc(=O)c1C(N)=O,CSc1cc(-c2ccc(Cl)cc2)oc(=O)c1C(N)=O,O=c1cccc(-c2ccccc2)o1,O=c1cccc(-c2ccccc2)o1,True,True,True,,0.627906976744186,1.0,295.747,295.747,0.0,True,2.7810000000000006,2.7810000000000006,0.0,True,0.8837306867126842,0.8837306867126842,0.0,True,73.30000000000001,73.30000000000001,0.0,True,1.0,1.0,0.0,True,4.0,4.0,0.0,True,3.0,3.0,0.0,True
target_oracle,mpair_00004757_cond_01_7p,mpair_00004757,eval,7,"MW,LogP,QED,TPSA,HBD,HBA,RB",CCOC(=O)[C@@H](C)NC(=O)[C@H](Cc1ccc([N+](=O)[O-])cc1)NC(=O)c1cccc2ccccc12,CC(C)OC(=O)[C@H](Cc1ccc([N+](=O)[O-])cc1)NC(=O)c1cccc2ccccc12,CC(C)OC(=O)[C@H](Cc1ccc([N+](=O)[O-])cc1)NC(=O)c1cccc2ccccc12,O=C(NCCc1ccccc1)c1cccc2ccccc12,O=C(NCCc1ccccc1)c1cccc2ccccc12,True,True,True,,0.7333333333333333,1.0,406.43800000000016,406.43800000000016,0.0,True,4.040700000000003,4.040700000000003,0.0,True,0.36267930698305967,0.36267930698305967,0.0,True,98.53999999999999,98.53999999999999,0.0,True,1.0,1.0,0.0,True,5.0,5.0,0.0,True,7.0,7.0,0.0,True
target_oracle,mpair_00008559_cond_00_7p,mpair_00008559,eval,7,"MW,LogP,QED,TPSA,HBD,HBA,RB",O=c1[nH]c(=O)n(COCCO)cc1Cc1cccc(Oc2ccccc2)c1,O=c1[nH]c(=O)n(COC(CO)CO)cc1Cc1cccc(Oc2cccc(F)c2)c1,O=c1[nH]c(=O)n(COC(CO)CO)cc1Cc1cccc(Oc2cccc(F)c2)c1,O=c1[nH]cc(Cc2cccc(Oc3ccccc3)c2)c(=O)[nH]1,O=c1[nH]cc(Cc2cccc(Oc3ccccc3)c2)c(=O)[nH]1,True,True,True,,0.6065573770491803,1.0,416.4050000000001,416.4050000000001,0.0,True,1.3861000000000006,1.3861000000000006,0.0,True,0.4858120896295065,0.4858120896295065,0.0,True,113.78000000000002,113.78000000000002,0.0,True,3.0,3.0,0.0,True,7.0,7.0,0.0,True,9.0,9.0,0.0,True
target_oracle,mpair_00010887_cond_01_7p,mpair_00010887,eval,7,"MW,LogP,QED,TPSA,HBD,HBA,RB",N[C@@H](Cc1c[nH]c2ccccc12)C(=O)N1Cc2ccccc2C[C@H]1C(=O)O,NC(=O)C[C@H](NC(=O)[C@@H]1Cc2ccccc2CN1C(=O)[C@@H](N)Cc1c[nH]c2ccccc12)C(=O)O,NC(=O)C[C@H](NC(=O)[C@@H]1Cc2ccccc2CN1C(=O)[C@@H](N)Cc1c[nH]c2ccccc12)C(=O)O,O=C(CCc1c[nH]c2ccccc12)N1CCc2ccccc2C1,O=C(CCc1c[nH]c2ccccc12)N1CCc2ccccc2C1,True,True,True,,0.71875,1.0,477.52100000000024,477.52100000000024,0.0,True,0.4360000000000033,0.4360000000000033,0.0,True,0.3148350624649969,0.3148350624649969,0.0,True,171.60999999999999,171.60999999999999,0.0,True,5.0,5.0,0.0,True,5.0,5.0,0.0,True,8.0,8.0,0.0,True
target_oracle,mpair_00013567_cond_00_7p,mpair_00013567,eval,7,"MW,LogP,QED,TPSA,HBD,HBA,RB",CCCCCCCCCN1CCC[C@@H]1CNC(=O)c1cc(S(N)(=O)=O)ccc1OC,CCN1CCC[C@@H]1CNC(=O)c1c(OC)ccc(Br)c1OC,CCN1CCC[C@@H]1CNC(=O)c1c(OC)ccc(Br)c1OC,O=C(NC[C@H]1CCCN1)c1ccccc1,O=C(NC[C@H]1CCCN1)c1ccccc1,True,True,True,,0.5,1.0,371.2750000000001,371.2750000000001,0.0,True,2.6804000000000006,2.6804000000000006,0.0,True,0.8356024039257242,0.8356024039257242,0.0,True,50.80000000000001,50.80000000000001,0.0,True,1.0,1.0,0.0,True,4.0,4.0,0.0,True,6.0,6.0,0.0,True
