{
  "LogP_wasserstein_approx": 1.1576721510050263,
  "MW_wasserstein_approx": 105.9891588693468,
  "QED_wasserstein_approx": 0.20710148324408376,
  "TPSA_wasserstein_approx": 27.82910829145728
}