Running Unified 3M source-anchor sweep
  base_output_dir=SketchMol-Unified-3MDiffusion/outputs/unified_generation_3m_source_neighbor_sourceguard_v1
  output_root=SketchMol-Unified-3MDiffusion/outputs/unified_generation_3m_sourceanchor_sweep_v1
  launcher=glost
  concurrency=1
  dry_run=0
  tasks=6
  task_file=SketchMol-Unified-3MDiffusion/outputs/unified_generation_3m_sourceanchor_sweep_v1/tasks/sourceanchor_sweep.tasks
  manifest=SketchMol-Unified-3MDiffusion/outputs/unified_generation_3m_sourceanchor_sweep_v1/tasks/sourceanchor_sweep_manifest.csv
source-anchor diffusion task: blend070_guard025_p005
  base_output_dir=SketchMol-Unified-3MDiffusion/outputs/unified_generation_3m_source_neighbor_sourceguard_v1
  source_fingerprint_prior_blend=0.70
  fingerprint_guard_loss_weight=0.25
  prior_loss_weight=0.05
  extra_epochs=30
  output_dir=SketchMol-Unified-3MDiffusion/outputs/unified_generation_3m_sourceanchor_sweep_v1/blend070_guard025_p005
Running Unified 3M Stage 3 diffusion refine
  python=/home/bdong/.venvs/molscribe_overlay/bin/python
  output_dir=SketchMol-Unified-3MDiffusion/outputs/unified_generation_3m_source_neighbor_sourceguard_v1
  diffusion_dir=SketchMol-Unified-3MDiffusion/outputs/unified_generation_3m_sourceanchor_sweep_v1/blend070_guard025_p005/latent_diffusion
  base_diffusion_dir=SketchMol-Unified-3MDiffusion/outputs/unified_generation_3m_source_neighbor_sourceguard_v1/latent_diffusion
  resume_diffusion_checkpoint=SketchMol-Unified-3MDiffusion/outputs/unified_generation_3m_source_neighbor_sourceguard_v1/latent_diffusion/checkpoints/latest.pt
  diffusion_epochs=30
  diffusion_extra_epochs=30
  diffusion_lr=3e-4
  diffusion_seed=13
  eval_seed=14
  prior_loss_weight=0.05
  source_regret_loss_weight=0.35
  source_regret_margin=0.0
  source_radius_loss_weight=0.10
  source_radius_margin=0.05
  source_similarity_weight_floor=0.25
  source_fingerprint_prior_blend=0.70
  fingerprint_guard_loss_weight=0.25
  fingerprint_guard_margin=0.02
  train_diffusion_connector=1
  allow_incompatible_resume_weights=1
  eval_limit=0
  max_eval_per_property_count=250
  run_materialized_benchmark=0
Resume checkpoint predates current diffusion/source-guard settings; warm-starting model weights only.
{"cuda_available": true, "cuda_device_count": 1, "cuda_device_name": "NVIDIA H100 80GB HBM3 MIG 2g.20gb", "device": "cuda", "event": "device", "torch_version": "2.12.0"}
{"checkpoint": "SketchMol-Unified-3MDiffusion/outputs/unified_generation_3m_source_neighbor_sourceguard_v1/latent_diffusion/checkpoints/latest.pt", "event": "warm_started_incompatible_resume_weights", "reason": "training objective changed"}
{"diffusion_loss": 0.08855121582746506, "diffusion_target_mae": 0.10363459509125976, "epoch": 1, "prior_mse": 0.2487304448041805, "source_fingerprint_cosine_gain": 0.21786460817553277, "source_fingerprint_regret": 5.517891737842586e-07, "source_fingerprint_worse_rate": 0.002043968023255814, "source_property_regret": 0.0007689639986898618, "source_property_worse_rate": 0.0453007688345171, "source_radius_regret": 0.000877886307344577, "train_loss": 0.10134480148553848}
{"diffusion_loss": 0.0719532099400842, "diffusion_target_mae": 0.09808056636951691, "epoch": 2, "prior_mse": 0.23534952346668686, "source_fingerprint_cosine_gain": 0.22466306284416554, "source_fingerprint_regret": 0.0, "source_fingerprint_worse_rate": 2.2710755813953488e-05, "source_property_regret": 1.2786270645957049e-05, "source_property_worse_rate": 0.011147386597491107, "source_radius_regret": 0.0006656495930063863, "train_loss": 0.08379172620385192}
{"diffusion_loss": 0.06900736897490746, "diffusion_target_mae": 0.09742215336408726, "epoch": 3, "prior_mse": 0.23461062270541524, "source_fingerprint_cosine_gain": 0.22578913857077443, "source_fingerprint_regret": 0.0, "source_fingerprint_worse_rate": 0.0, "source_property_regret": 1.2331143740443113e-05, "source_property_worse_rate": 0.008126856074235293, "source_radius_regret": 0.0006885362835059506, "train_loss": 0.08081106945525768}
{"diffusion_loss": 0.06812680833214937, "diffusion_target_mae": 0.09736057440208834, "epoch": 4, "prior_mse": 0.23458166177882706, "source_fingerprint_cosine_gain": 0.22615609508614207, "source_fingerprint_regret": 0.0, "source_fingerprint_worse_rate": 6.813226744186046e-05, "source_property_regret": 8.599486955384246e-06, "source_property_worse_rate": 0.007468244155630643, "source_radius_regret": 0.0007228101691675134, "train_loss": 0.07993118274350498}
{"diffusion_loss": 0.06634498569507931, "diffusion_target_mae": 0.09711452097047207, "epoch": 5, "prior_mse": 0.2343089809251386, "source_fingerprint_cosine_gain": 0.2269066398920015, "source_fingerprint_regret": 0.0, "source_fingerprint_worse_rate": 4.5421511627906976e-05, "source_property_regret": 1.5901118408376785e-05, "source_property_worse_rate": 0.01028078336940082, "source_radius_regret": 0.0007318270773096227, "train_loss": 0.07813918347968611}
{"diffusion_loss": 0.06566746437618899, "diffusion_target_mae": 0.09694251383459845, "epoch": 6, "prior_mse": 0.2341646460253139, "source_fingerprint_cosine_gain": 0.22713456250900446, "source_fingerprint_regret": 0.0, "source_fingerprint_worse_rate": 4.5421511627906976e-05, "source_property_regret": 7.344159646471321e-06, "source_property_worse_rate": 0.007400111888188782, "source_radius_regret": 0.0007437208496835516, "train_loss": 0.07745263942105826}
{"diffusion_loss": 0.06475530517135941, "diffusion_target_mae": 0.09673011510871178, "epoch": 7, "prior_mse": 0.23373563986184986, "source_fingerprint_cosine_gain": 0.22747498819994372, "source_fingerprint_regret": 0.0, "source_fingerprint_worse_rate": 4.5421511627906976e-05, "source_property_regret": 1.4497439979083794e-05, "source_property_worse_rate": 0.009493095930232558, "source_radius_regret": 0.0007659513577764724, "train_loss": 0.07652375691158828}
{"diffusion_loss": 0.06364704196362994, "diffusion_target_mae": 0.09656395511918289, "epoch": 8, "prior_mse": 0.23344053449325783, "source_fingerprint_cosine_gain": 0.2279206935402959, "source_fingerprint_regret": 0.0, "source_fingerprint_worse_rate": 4.5421511627906976e-05, "source_property_regret": 5.144717539943045e-06, "source_property_worse_rate": 0.005738632206610123, "source_radius_regret": 0.0007615458040205806, "train_loss": 0.07539702362792436}
{"diffusion_loss": 0.06316329092653684, "diffusion_target_mae": 0.09632460287837095, "epoch": 9, "prior_mse": 0.23301921906166298, "source_fingerprint_cosine_gain": 0.2281039147529491, "source_fingerprint_regret": 0.0, "source_fingerprint_worse_rate": 6.813226744186046e-05, "source_property_regret": 1.0677839285159738e-05, "source_property_worse_rate": 0.008766351744186046, "source_radius_regret": 0.000779071720560666, "train_loss": 0.07489589601755142}
{"diffusion_loss": 0.06264057976388654, "diffusion_target_mae": 0.09620554130091223, "epoch": 10, "prior_mse": 0.2329263524260632, "source_fingerprint_cosine_gain": 0.22827835796877397, "source_fingerprint_regret": 0.0, "source_fingerprint_worse_rate": 2.2710755813953488e-05, "source_property_regret": 4.9996651265972096e-06, "source_property_worse_rate": 0.0065490304015923375, "source_radius_regret": 0.0007910504686743627, "train_loss": 0.07436775320837664}
{"diffusion_loss": 0.061753305411616034, "diffusion_target_mae": 0.09605786715482556, "epoch": 11, "prior_mse": 0.23259702775367472, "source_fingerprint_cosine_gain": 0.22867126970790153, "source_fingerprint_regret": 0.0, "source_fingerprint_worse_rate": 2.2710755813953488e-05, "source_property_regret": 2.0637381487214264e-05, "source_property_worse_rate": 0.012518364676209382, "source_radius_regret": 0.000780363617935976, "train_loss": 0.07346841640943705}
{"diffusion_loss": 0.061105107628675395, "diffusion_target_mae": 0.09597381654866906, "epoch": 12, "prior_mse": 0.2327463911023251, "source_fingerprint_cosine_gain": 0.2288589259219724, "source_fingerprint_regret": 0.0, "source_fingerprint_worse_rate": 4.5421511627906976e-05, "source_property_regret": 8.168715595746515e-06, "source_property_worse_rate": 0.0071957150858632, "source_radius_regret": 0.0007871677591411267, "train_loss": 0.07282400304494901}
{"diffusion_loss": 0.060290785463050355, "diffusion_target_mae": 0.09562230543341747, "epoch": 13, "prior_mse": 0.23188695969969728, "source_fingerprint_cosine_gain": 0.229274038831855, "source_fingerprint_regret": 0.0, "source_fingerprint_worse_rate": 4.5421511627906976e-05, "source_property_regret": 6.7965411600787625e-06, "source_property_worse_rate": 0.006681700432023337, "source_radius_regret": 0.0007907417521617094, "train_loss": 0.07196658641793006}
{"diffusion_loss": 0.05928462462196516, "diffusion_target_mae": 0.09529805763862854, "epoch": 14, "prior_mse": 0.2312911670914916, "source_fingerprint_cosine_gain": 0.22963490233171818, "source_fingerprint_regret": 0.0, "source_fingerprint_worse_rate": 2.2710755813953488e-05, "source_property_regret": 6.979568480461652e-06, "source_property_worse_rate": 0.006507203394417153, "source_radius_regret": 0.0007774434763082671, "train_loss": 0.07092937056061834}
{"diffusion_loss": 0.05912534476712693, "diffusion_target_mae": 0.09519826308932415, "epoch": 15, "prior_mse": 0.2312574377933214, "source_fingerprint_cosine_gain": 0.2297454963243285, "source_fingerprint_regret": 0.0, "source_fingerprint_worse_rate": 4.5421511627906976e-05, "source_property_regret": 5.426569568654105e-06, "source_property_worse_rate": 0.0060685100250465925, "source_radius_regret": 0.0007836508096282392, "train_loss": 0.07076848090388053}
{"diffusion_loss": 0.058641720130000005, "diffusion_target_mae": 0.09515789852932442, "epoch": 16, "prior_mse": 0.23125921657612158, "source_fingerprint_cosine_gain": 0.2298500778716664, "source_fingerprint_regret": 0.0, "source_fingerprint_worse_rate": 0.0, "source_property_regret": 3.718038050419504e-06, "source_property_worse_rate": 0.005406303591159887, "source_radius_regret": 0.0007920358519524683, "train_loss": 0.07028518582499305}
{"diffusion_loss": 0.05809846966592378, "diffusion_target_mae": 0.09488952393795169, "epoch": 17, "prior_mse": 0.2306147664785385, "source_fingerprint_cosine_gain": 0.23006180673837662, "source_fingerprint_regret": 0.0, "source_fingerprint_worse_rate": 4.5421511627906976e-05, "source_property_regret": 4.8113957121270625e-06, "source_property_worse_rate": 0.005791242732558139, "source_radius_regret": 0.0007864181676522157, "train_loss": 0.06970953378219936}
{"diffusion_loss": 0.05752236712290797, "diffusion_target_mae": 0.09475882507340852, "epoch": 18, "prior_mse": 0.23051817178033118, "source_fingerprint_cosine_gain": 0.23034391465575196, "source_fingerprint_regret": 0.0, "source_fingerprint_worse_rate": 2.2710755813953488e-05, "source_property_regret": 5.219015196972339e-06, "source_property_worse_rate": 0.005768531976744186, "source_radius_regret": 0.0007877760373196717, "train_loss": 0.0691288802339587}
{"diffusion_loss": 0.05665202729057434, "diffusion_target_mae": 0.09456589549433353, "epoch": 19, "prior_mse": 0.23022808775652287, "source_fingerprint_cosine_gain": 0.23064714600873548, "source_fingerprint_regret": 0.0, "source_fingerprint_worse_rate": 2.2710755813953488e-05, "source_property_regret": 6.501015667571088e-06, "source_property_worse_rate": 0.00660523543470041, "source_radius_regret": 0.0007699753968640729, "train_loss": 0.068242704019297}
{"diffusion_loss": 0.0564867545265791, "diffusion_target_mae": 0.09452289715409279, "epoch": 20, "prior_mse": 0.2300879355779914, "source_fingerprint_cosine_gain": 0.2307914840274079, "source_fingerprint_regret": 0.0, "source_fingerprint_worse_rate": 2.2710755813953488e-05, "source_property_regret": 9.51390850372162e-06, "source_property_worse_rate": 0.00838124925313994, "source_radius_regret": 0.0007825229522707157, "train_loss": 0.06807273323106211}
{"diffusion_loss": 0.05638893814974053, "diffusion_target_mae": 0.09470153530669767, "epoch": 21, "prior_mse": 0.23040142083583875, "source_fingerprint_cosine_gain": 0.23080614365117494, "source_fingerprint_regret": 0.0, "source_fingerprint_worse_rate": 2.2710755813953488e-05, "source_property_regret": 1.2302513658412527e-05, "source_property_worse_rate": 0.009557633690514364, "source_radius_regret": 0.0007919469566712546, "train_loss": 0.06799250884458076}
{"diffusion_loss": 0.05530325396982736, "diffusion_target_mae": 0.09412520846655202, "epoch": 22, "prior_mse": 0.22953098787124768, "source_fingerprint_cosine_gain": 0.23112517422021822, "source_fingerprint_regret": 0.0, "source_fingerprint_worse_rate": 4.5421511627906976e-05, "source_property_regret": 3.157840936690194e-06, "source_property_worse_rate": 0.004463235371161339, "source_radius_regret": 0.0007705469196120841, "train_loss": 0.06685796293408372}
{"diffusion_loss": 0.05552617659748987, "diffusion_target_mae": 0.09408956991378652, "epoch": 23, "prior_mse": 0.22944731161344883, "source_fingerprint_cosine_gain": 0.23121328859828238, "source_fingerprint_regret": 0.0, "source_fingerprint_worse_rate": 4.5421511627906976e-05, "source_property_regret": 4.7040620507422064e-06, "source_property_worse_rate": 0.005359738372093023, "source_radius_regret": 0.0007840862699383653, "train_loss": 0.06707859758374303}
{"diffusion_loss": 0.05502527913208618, "diffusion_target_mae": 0.09405028126960577, "epoch": 24, "prior_mse": 0.2294050394449123, "source_fingerprint_cosine_gain": 0.23126668794903643, "source_fingerprint_regret": 0.0, "source_fingerprint_worse_rate": 2.2710755813953488e-05, "source_property_regret": 7.459773314947037e-06, "source_property_worse_rate": 0.007312863372093023, "source_radius_regret": 0.0007851301038605269, "train_loss": 0.06657665526104528}
{"diffusion_loss": 0.05427240666955016, "diffusion_target_mae": 0.09383419840488323, "epoch": 25, "prior_mse": 0.22904669839975444, "source_fingerprint_cosine_gain": 0.23157951495675153, "source_fingerprint_regret": 0.0, "source_fingerprint_worse_rate": 2.2710755813953488e-05, "source_property_regret": 6.118095411729598e-06, "source_property_worse_rate": 0.005950218023255814, "source_radius_regret": 0.0007711197879046288, "train_loss": 0.06580399418639582}
{"diffusion_loss": 0.05421439125094303, "diffusion_target_mae": 0.09361014272584471, "epoch": 26, "prior_mse": 0.22850884115973183, "source_fingerprint_cosine_gain": 0.23160859266685885, "source_fingerprint_regret": 0.0, "source_fingerprint_worse_rate": 2.2710755813953488e-05, "source_property_regret": 3.080502570001829e-06, "source_property_worse_rate": 0.004470424388188782, "source_radius_regret": 0.0007782816652717545, "train_loss": 0.065718739531761}
{"diffusion_loss": 0.05382788874382197, "diffusion_target_mae": 0.09355376972708591, "epoch": 27, "prior_mse": 0.22844062104474666, "source_fingerprint_cosine_gain": 0.23179166816001714, "source_fingerprint_regret": 0.0, "source_fingerprint_worse_rate": 2.2710755813953488e-05, "source_property_regret": 3.457135555619531e-06, "source_property_worse_rate": 0.00438431957953198, "source_radius_regret": 0.0007819767160135386, "train_loss": 0.06532932809272478}
{"diffusion_loss": 0.053082950673131055, "diffusion_target_mae": 0.09345419011836828, "epoch": 28, "prior_mse": 0.22839267759822135, "source_fingerprint_cosine_gain": 0.23204613078472225, "source_fingerprint_regret": 0.0, "source_fingerprint_worse_rate": 6.813226744186046e-05, "source_property_regret": 6.739786094152184e-06, "source_property_worse_rate": 0.0064008386323748286, "source_radius_regret": 0.0007621245810675413, "train_loss": 0.06458115569034288}
{"diffusion_loss": 0.05294222332710444, "diffusion_target_mae": 0.09336341718255087, "epoch": 29, "prior_mse": 0.22834648936986923, "source_fingerprint_cosine_gain": 0.23214292422283528, "source_fingerprint_regret": 0.0, "source_fingerprint_worse_rate": 4.5421511627906976e-05, "source_property_regret": 6.503965036856708e-06, "source_property_worse_rate": 0.005927507267441861, "source_radius_regret": 0.0007665117019462551, "train_loss": 0.06443847494936267}
{"diffusion_loss": 0.05297280401857787, "diffusion_target_mae": 0.09355751451018245, "epoch": 30, "prior_mse": 0.22831378340028052, "source_fingerprint_cosine_gain": 0.23213697761990304, "source_fingerprint_regret": 0.0, "source_fingerprint_worse_rate": 4.5421511627906976e-05, "source_property_regret": 1.9473874472294145e-05, "source_property_worse_rate": 0.011954190285313268, "source_radius_regret": 0.0007767841418891019, "train_loss": 0.06447298768474612}
{"cuda_available": true, "cuda_device_count": 1, "cuda_device_name": "NVIDIA H100 80GB HBM3 MIG 2g.20gb", "device": "cuda", "event": "device", "torch_version": "2.12.0"}
{
  "batch_size": 512,
  "benchmark_export": {
    "edit_latent_fingerprints": "SketchMol-Unified-3MDiffusion/outputs/unified_generation_3m_sourceanchor_sweep_v1/blend070_guard025_p005/eval_latent/edit_latent_fingerprints.npy",
    "edit_latent_predictions": "SketchMol-Unified-3MDiffusion/outputs/unified_generation_3m_sourceanchor_sweep_v1/blend070_guard025_p005/eval_latent/edit_latent_predictions.npy",
    "fingerprint_dim": 512,
    "index_csv": "SketchMol-Unified-3MDiffusion/outputs/unified_generation_3m_sourceanchor_sweep_v1/blend070_guard025_p005/eval_latent/index.csv",
    "rows": 1145,
    "variant": "full"
  },
  "by_property_count": {
    "2": {
      "delta_mae": 3.117940851807594,
      "fingerprint_beats_prior": 0.14,
      "fingerprint_beats_source": 0.02,
      "fingerprint_cosine_gain_vs_prior": -0.017912731760463672,
      "fingerprint_cosine_gain_vs_source": -0.09725910547645976,
      "generated_minus_prior_latent_mae": 0.04410152652859688,
      "latent_mae": 0.18993919181823732,
      "latent_mse": 3.5352022173404696,
      "prior_delta_mae": 3.1169854817390443,
      "prior_latent_mae": 0.1682090466618538,
      "prior_target_fingerprint_cosine": 0.727813193834596,
      "prior_target_property_mae": 5.669021771073341,
      "property_mae_beats_prior": 0.552,
      "property_mae_beats_source": 0.568,
      "property_mae_gain_vs_prior": 0.014887999534606934,
      "property_mae_gain_vs_source": 0.5489332424402237,
      "property_mae_regret_vs_source": 1.8825201919078827,
      "rows": 250.0,
      "source_fingerprint_cosine": 0.7903727007084344,
      "source_target_fingerprint_cosine": 0.8071595675505919,
      "source_target_property_mae": 6.203067013978958,
      "target_fingerprint_cosine": 0.7099004620741323,
      "target_property_mae": 5.654133771538734
    },
    "3": {
      "delta_mae": 3.2408238300085066,
      "fingerprint_beats_prior": 0.08,
      "fingerprint_beats_source": 0.016,
      "fingerprint_cosine_gain_vs_prior": -0.02072028941516955,
      "fingerprint_cosine_gain_vs_source": -0.11067377493999979,
      "generated_minus_prior_latent_mae": 0.04512538979947567,
      "latent_mae": 0.19390103748440743,
      "latent_mse": 3.6835964297056196,
      "prior_delta_mae": 3.249743387699127,
      "prior_latent_mae": 0.17115856832265855,
      "prior_target_fingerprint_cosine": 0.6981862799482482,
      "prior_target_property_mae": 5.608795086979866,
      "property_mae_beats_prior": 0.504,
      "property_mae_beats_source": 0.668,
      "property_mae_gain_vs_prior": -0.019713243842124938,
      "property_mae_gain_vs_source": 2.096548264503479,
      "property_mae_regret_vs_source": 1.3529007773399353,
      "rows": 250.0,
      "source_fingerprint_cosine": 0.7591873668032723,
      "source_target_fingerprint_cosine": 0.7881397654730784,
      "source_target_property_mae": 7.72505659532547,
      "target_fingerprint_cosine": 0.6774659905330787,
      "target_property_mae": 5.628508330821991
    },
    "4": {
      "delta_mae": 3.226749239444733,
      "fingerprint_beats_prior": 0.088,
      "fingerprint_beats_source": 0.0,
      "fingerprint_cosine_gain_vs_prior": -0.02123184733499408,
      "fingerprint_cosine_gain_vs_source": -0.11410085999686435,
      "generated_minus_prior_latent_mae": 0.04591102246195078,
      "latent_mae": 0.19615375980734825,
      "latent_mse": 3.708564825296402,
      "prior_delta_mae": 3.2067970620393753,
      "prior_latent_mae": 0.17374712863564493,
      "prior_target_fingerprint_cosine": 0.6837582461114696,
      "prior_target_property_mae": 5.6860803268551825,
      "property_mae_beats_prior": 0.592,
      "property_mae_beats_source": 0.752,
      "property_mae_gain_vs_prior": 0.10264280217885971,
      "property_mae_gain_vs_source": 3.907229882836342,
      "property_mae_regret_vs_source": 0.9865583062171936,
      "rows": 250.0,
      "source_fingerprint_cosine": 0.7518079271463133,
      "source_target_fingerprint_cosine": 0.7766272587733398,
      "source_target_property_mae": 9.490667407512666,
      "target_fingerprint_cosine": 0.6625263987764755,
      "target_property_mae": 5.583437524676323
    },
    "5": {
      "delta_mae": 3.3865307149887083,
      "fingerprint_beats_prior": 0.112,
      "fingerprint_beats_source": 0.008,
      "fingerprint_cosine_gain_vs_prior": -0.017922576329950708,
      "fingerprint_cosine_gain_vs_source": -0.10849665729718547,
      "generated_minus_prior_latent_mae": 0.046685172371566296,
      "latent_mae": 0.20077396321296692,
      "latent_mse": 3.8730345974117517,
      "prior_delta_mae": 3.2717336448431014,
      "prior_latent_mae": 0.17765927582979202,
      "prior_target_fingerprint_cosine": 0.6917309929398416,
      "prior_target_property_mae": 5.947214453458786,
      "property_mae_beats_prior": 0.572,
      "property_mae_beats_source": 0.832,
      "property_mae_gain_vs_prior": 0.1140104180574417,
      "property_mae_gain_vs_source": 4.858832478880882,
      "property_mae_regret_vs_source": 0.57751895236969,
      "rows": 250.0,
      "source_fingerprint_cosine": 0.7577122914162328,
      "source_target_fingerprint_cosine": 0.7823050739070764,
      "source_target_property_mae": 10.692036514282227,
      "target_fingerprint_cosine": 0.673808416609891,
      "target_property_mae": 5.833204035401344
    },
    "6": {
      "delta_mae": 4.300625571111838,
      "fingerprint_beats_prior": 0.14166666666666666,
      "fingerprint_beats_source": 0.008333333333333333,
      "fingerprint_cosine_gain_vs_prior": -0.02034502756832062,
      "fingerprint_cosine_gain_vs_source": -0.12026541285915865,
      "generated_minus_prior_latent_mae": 0.047338723593081035,
      "latent_mae": 0.24737656141320866,
      "latent_mse": 6.601774504159888,
      "prior_delta_mae": 4.238215186446905,
      "prior_latent_mae": 0.221621869597584,
      "prior_target_fingerprint_cosine": 0.6843536762963599,
      "prior_target_property_mae": 8.33328035970529,
      "property_mae_beats_prior": 0.425,
      "property_mae_beats_source": 0.7,
      "property_mae_gain_vs_prior": -0.05347871085007985,
      "property_mae_gain_vs_source": 3.9187405447165173,
      "property_mae_regret_vs_source": 1.2125208735466004,
      "rows": 120.0,
      "source_fingerprint_cosine": 0.7599860465277792,
      "source_target_fingerprint_cosine": 0.7842740615871978,
      "source_target_property_mae": 12.305499615271886,
      "target_fingerprint_cosine": 0.6640086487280393,
      "target_property_mae": 8.38675907055537
    },
    "7": {
      "delta_mae": 4.141232938766479,
      "fingerprint_beats_prior": 0.04,
      "fingerprint_beats_source": 0.0,
      "fingerprint_cosine_gain_vs_prior": -0.025185828055831774,
      "fingerprint_cosine_gain_vs_source": -0.12350711464122793,
      "generated_minus_prior_latent_mae": 0.047664211094379426,
      "latent_mae": 0.24451040625572204,
      "latent_mse": 7.028720481395721,
      "prior_delta_mae": 4.16521509051323,
      "prior_latent_mae": 0.22345141768455506,
      "prior_target_fingerprint_cosine": 0.6780515135312372,
      "prior_target_property_mae": 8.353726606369019,
      "property_mae_beats_prior": 0.68,
      "property_mae_beats_source": 0.8,
      "property_mae_gain_vs_prior": 0.2678828287124634,
      "property_mae_gain_vs_source": 9.123027567863465,
      "property_mae_regret_vs_source": 0.5058358764648437,
      "rows": 25.0,
      "source_fingerprint_cosine": 0.7435430328095463,
      "source_target_fingerprint_cosine": 0.7763728001166332,
      "source_target_property_mae": 17.20887134552002,
      "target_fingerprint_cosine": 0.6528656854754054,
      "target_property_mae": 8.085843777656555
    }
  },
  "by_source_similarity_bin": {
    "easy_high_similarity": {
      "delta_mae": 3.4832250505685804,
      "fingerprint_beats_prior": 0.07435897435897436,
      "fingerprint_beats_source": 0.01282051282051282,
      "fingerprint_cosine_gain_vs_prior": -0.019360361177109958,
      "fingerprint_cosine_gain_vs_source": -0.08217945550732358,
      "generated_minus_prior_latent_mae": 0.044991939032498075,
      "latent_mae": 0.1904352551087355,
      "latent_mse": 3.6390371621801303,
      "prior_delta_mae": 3.5170571439541303,
      "prior_latent_mae": 0.16796806152814475,
      "prior_target_fingerprint_cosine": 0.8113922325577352,
      "prior_target_property_mae": 5.7523405575599424,
      "property_mae_beats_prior": 0.5333333333333333,
      "property_mae_beats_source": 0.6564102564102564,
      "property_mae_gain_vs_prior": 0.016511263908484043,
      "property_mae_gain_vs_source": 2.0134632695179717,
      "property_mae_regret_vs_source": 1.1031044917228894,
      "rows": 390.0,
      "source_fingerprint_cosine": 0.8623446624816944,
      "source_target_fingerprint_cosine": 0.8742113268879489,
      "source_target_property_mae": 7.749292563169431,
      "target_fingerprint_cosine": 0.7920318713806253,
      "target_property_mae": 5.7358292936514585
    },
    "hard_similarity": {
      "delta_mae": 3.427464605546465,
      "fingerprint_beats_prior": 0.20261437908496732,
      "fingerprint_beats_source": 0.0196078431372549,
      "fingerprint_cosine_gain_vs_prior": -0.017760225421065017,
      "fingerprint_cosine_gain_vs_source": -0.13828558216455356,
      "generated_minus_prior_latent_mae": 0.046885547599469134,
      "latent_mae": 0.21227151812875972,
      "latent_mse": 4.054405335750845,
      "prior_delta_mae": 3.3346467370690864,
      "prior_latent_mae": 0.18848584823651252,
      "prior_target_fingerprint_cosine": 0.5239507659939315,
      "prior_target_property_mae": 5.912633778028239,
      "property_mae_beats_prior": 0.5686274509803921,
      "property_mae_beats_source": 0.803921568627451,
      "property_mae_gain_vs_prior": 0.03539651067428339,
      "property_mae_gain_vs_source": 4.7205728304152395,
      "property_mae_regret_vs_source": 1.004834301331464,
      "rows": 153.0,
      "source_fingerprint_cosine": 0.5836982000459793,
      "source_target_fingerprint_cosine": 0.64447612273742,
      "source_target_property_mae": 10.597810097769194,
      "target_fingerprint_cosine": 0.5061905405728666,
      "target_property_mae": 5.877237267353955
    },
    "medium_similarity": {
      "delta_mae": 3.2886332171006853,
      "fingerprint_beats_prior": 0.10465116279069768,
      "fingerprint_beats_source": 0.006644518272425249,
      "fingerprint_cosine_gain_vs_prior": -0.02034892835754641,
      "fingerprint_cosine_gain_vs_source": -0.11950904504605346,
      "generated_minus_prior_latent_mae": 0.045859941683610614,
      "latent_mae": 0.2063831293033405,
      "latent_mse": 4.366249103575599,
      "prior_delta_mae": 3.2262090644567114,
      "prior_latent_mae": 0.18360221907001398,
      "prior_target_fingerprint_cosine": 0.669166892537865,
      "prior_target_property_mae": 6.293303874466704,
      "property_mae_beats_prior": 0.5448504983388704,
      "property_mae_beats_source": 0.7142857142857143,
      "property_mae_gain_vs_prior": 0.06874013345601947,
      "property_mae_gain_vs_source": 3.394870770036976,
      "property_mae_regret_vs_source": 1.285834815316026,
      "rows": 602.0,
      "source_fingerprint_cosine": 0.7457420763243183,
      "source_target_fingerprint_cosine": 0.7683270092263721,
      "source_target_property_mae": 9.619434511047661,
      "target_fingerprint_cosine": 0.6488179641803185,
      "target_property_mae": 6.224563741010685
    }
  },
  "condition_connector": "SketchMol-Unified-3MDiffusion/outputs/unified_generation_3m_source_neighbor_sourceguard_v1/edit_condition_tokens/edit_condition_connector.pt",
  "connector_source": "diffusion_checkpoint.connector_state",
  "device": {
    "cuda_available": true,
    "cuda_device_count": 1,
    "cuda_device_name": "NVIDIA H100 80GB HBM3 MIG 2g.20gb",
    "device": "cuda",
    "torch_version": "2.12.0"
  },
  "diffusion_checkpoint": "SketchMol-Unified-3MDiffusion/outputs/unified_generation_3m_sourceanchor_sweep_v1/blend070_guard025_p005/latent_diffusion/latent_diffusion_generation.pt",
  "diffusion_objective": "pred_x0",
  "diffusion_target": "residual",
  "eval_jsonl": "SketchMol-Unified-3MDiffusion/outputs/unified_generation_3m_source_neighbor_sourceguard_v1/dataset/unified_condition_eval.jsonl",
  "fingerprint_dim": 512,
  "latent_block_summary": {
    "active": {
      "generated_prior_mae": 0.31474828720092773,
      "generated_target_mae": 0.4272052049636841,
      "prior_target_mae": 0.309066504240036,
      "source_target_mae": 0.0
    },
    "deltas": {
      "generated_prior_mae": 0.47116538882255554,
      "generated_target_mae": 3.373464822769165,
      "prior_target_mae": 3.3397653102874756,
      "source_target_mae": 0.0
    },
    "fingerprint": {
      "generated_prior_mae": 0.03321230411529541,
      "generated_target_mae": 0.09910621494054794,
      "prior_target_mae": 0.07417433708906174,
      "source_target_mae": 0.03712984547019005
    },
    "properties": {
      "generated_prior_mae": 0.6498711109161377,
      "generated_target_mae": 6.011683940887451,
      "prior_target_mae": 6.058178901672363,
      "source_target_mae": 9.113178253173828
    }
  },
  "max_eval_per_property_count": 250,
  "output_dir": "SketchMol-Unified-3MDiffusion/outputs/unified_generation_3m_sourceanchor_sweep_v1/blend070_guard025_p005/eval_latent",
  "overall": {
    "delta_mae": 3.373464673419186,
    "fingerprint_beats_prior": 0.10742358078602621,
    "fingerprint_beats_source": 0.010480349344978166,
    "fingerprint_cosine_gain_vs_prior": -0.019666297135143035,
    "fingerprint_cosine_gain_vs_source": -0.10930316754301928,
    "generated_minus_prior_latent_mae": 0.045701336156267786,
    "latent_mae": 0.20173793502770138,
    "latent_mse": 4.0768825065263234,
    "prior_delta_mae": 3.3397651473507612,
    "prior_latent_mae": 0.17892961978717142,
    "prior_target_fingerprint_cosine": 0.6982060324911642,
    "prior_target_property_mae": 6.058178792939436,
    "property_mae_beats_prior": 0.5441048034934498,
    "property_mae_beats_source": 0.7065502183406114,
    "property_mae_gain_vs_prior": 0.046494864103054895,
    "property_mae_gain_vs_source": 3.101493905439127,
    "property_mae_regret_vs_source": 1.1860462521361472,
    "rows": 1145.0,
    "source_fingerprint_cosine": 0.7638052165258824,
    "source_target_fingerprint_cosine": 0.7878429028990404,
    "source_target_property_mae": 9.113177834275508,
    "target_fingerprint_cosine": 0.6785397353560211,
    "target_property_mae": 6.011683928836381
  },
  "rows": 1145,
  "sample_eta": 0.0,
  "sample_steps": 20,
  "seed": 14,
  "source_fingerprint_prior_blend": 0.7,
  "source_similarity_weight_floor": 0.25
}
Unified diffusion refine finished:
  diffusion=SketchMol-Unified-3MDiffusion/outputs/unified_generation_3m_sourceanchor_sweep_v1/blend070_guard025_p005/latent_diffusion/latent_diffusion_generation.pt
  eval=SketchMol-Unified-3MDiffusion/outputs/unified_generation_3m_sourceanchor_sweep_v1/blend070_guard025_p005/eval_latent/metrics.json
#executed by process	0 in 132.778s	with status	0 : bash SketchMol-Unified-3MDiffusion/outputs/unified_generation_3m_sourceanchor_sweep_v1/tasks/blend070_guard025_p005.sh # blend070_guard025_p005
source-anchor diffusion task: blend085_guard050_p005
  base_output_dir=SketchMol-Unified-3MDiffusion/outputs/unified_generation_3m_source_neighbor_sourceguard_v1
  source_fingerprint_prior_blend=0.85
  fingerprint_guard_loss_weight=0.50
  prior_loss_weight=0.05
  extra_epochs=30
  output_dir=SketchMol-Unified-3MDiffusion/outputs/unified_generation_3m_sourceanchor_sweep_v1/blend085_guard050_p005
Running Unified 3M Stage 3 diffusion refine
  python=/home/bdong/.venvs/molscribe_overlay/bin/python
  output_dir=SketchMol-Unified-3MDiffusion/outputs/unified_generation_3m_source_neighbor_sourceguard_v1
  diffusion_dir=SketchMol-Unified-3MDiffusion/outputs/unified_generation_3m_sourceanchor_sweep_v1/blend085_guard050_p005/latent_diffusion
  base_diffusion_dir=SketchMol-Unified-3MDiffusion/outputs/unified_generation_3m_source_neighbor_sourceguard_v1/latent_diffusion
  resume_diffusion_checkpoint=SketchMol-Unified-3MDiffusion/outputs/unified_generation_3m_source_neighbor_sourceguard_v1/latent_diffusion/checkpoints/latest.pt
  diffusion_epochs=30
  diffusion_extra_epochs=30
  diffusion_lr=3e-4
  diffusion_seed=13
  eval_seed=14
  prior_loss_weight=0.05
  source_regret_loss_weight=0.35
  source_regret_margin=0.0
  source_radius_loss_weight=0.10
  source_radius_margin=0.05
  source_similarity_weight_floor=0.25
  source_fingerprint_prior_blend=0.85
  fingerprint_guard_loss_weight=0.50
  fingerprint_guard_margin=0.02
  train_diffusion_connector=1
  allow_incompatible_resume_weights=1
  eval_limit=0
  max_eval_per_property_count=250
  run_materialized_benchmark=0
Resume checkpoint predates current diffusion/source-guard settings; warm-starting model weights only.
{"cuda_available": true, "cuda_device_count": 1, "cuda_device_name": "NVIDIA H100 80GB HBM3 MIG 2g.20gb", "device": "cuda", "event": "device", "torch_version": "2.12.0"}
{"checkpoint": "SketchMol-Unified-3MDiffusion/outputs/unified_generation_3m_source_neighbor_sourceguard_v1/latent_diffusion/checkpoints/latest.pt", "event": "warm_started_incompatible_resume_weights", "reason": "training objective changed"}
{"diffusion_loss": 0.10643650877267816, "diffusion_target_mae": 0.10893324364063352, "epoch": 1, "prior_mse": 0.27004236398741255, "source_fingerprint_cosine_gain": 0.2114157052927239, "source_fingerprint_regret": 4.767002428971589e-08, "source_fingerprint_worse_rate": 0.0010446947674418604, "source_property_regret": 0.0007493506169337212, "source_property_worse_rate": 0.04550157112697529, "source_radius_regret": 0.0008406915182794639, "train_loss": 0.12028499268168627}
{"diffusion_loss": 0.08875721597740817, "diffusion_target_mae": 0.10376039130050083, "epoch": 2, "prior_mse": 0.25797254193660824, "source_fingerprint_cosine_gain": 0.2185216066102649, "source_fingerprint_regret": 0.0, "source_fingerprint_worse_rate": 6.813226744186046e-05, "source_property_regret": 1.0070994237789263e-05, "source_property_worse_rate": 0.008324063859533432, "source_radius_regret": 0.0007491396560041278, "train_loss": 0.10173428205903186}
{"diffusion_loss": 0.0853621950156467, "diffusion_target_mae": 0.10332005297721819, "epoch": 3, "prior_mse": 0.25728860341532284, "source_fingerprint_cosine_gain": 0.21981197959461876, "source_fingerprint_regret": 0.0, "source_fingerprint_worse_rate": 2.2710755813953488e-05, "source_property_regret": 9.509794736077257e-06, "source_property_worse_rate": 0.006825153975812502, "source_radius_regret": 0.000821749223558622, "train_loss": 0.09831212798869887}
{"diffusion_loss": 0.08315018503818401, "diffusion_target_mae": 0.10323085817833279, "epoch": 4, "prior_mse": 0.2570219878540483, "source_fingerprint_cosine_gain": 0.220687965667525, "source_fingerprint_regret": 0.0, "source_fingerprint_worse_rate": 6.813226744186046e-05, "source_property_regret": 9.579654768368593e-06, "source_property_worse_rate": 0.008680246943651243, "source_radius_regret": 0.0008716008302398285, "train_loss": 0.09609179727213327}
{"diffusion_loss": 0.08093883218460304, "diffusion_target_mae": 0.1029619669844938, "epoch": 5, "prior_mse": 0.2566807214603868, "source_fingerprint_cosine_gain": 0.22155085812474407, "source_fingerprint_regret": 0.0, "source_fingerprint_worse_rate": 9.084302325581395e-05, "source_property_regret": 1.1603625826261179e-05, "source_property_worse_rate": 0.009713014474051982, "source_radius_regret": 0.0009133702199527084, "train_loss": 0.0938682665312013}
{"diffusion_loss": 0.07991775029966998, "diffusion_target_mae": 0.10298625128560288, "epoch": 6, "prior_mse": 0.25654820127542627, "source_fingerprint_cosine_gain": 0.22192565680936324, "source_fingerprint_regret": 0.0, "source_fingerprint_worse_rate": 6.813226744186046e-05, "source_property_regret": 8.707987738913188e-06, "source_property_worse_rate": 0.008257075321189192, "source_radius_regret": 0.0009448818170714604, "train_loss": 0.09284269627790119}
{"diffusion_loss": 0.07841879198717516, "diffusion_target_mae": 0.10264547740997271, "epoch": 7, "prior_mse": 0.2561003446232441, "source_fingerprint_cosine_gain": 0.22246938735939736, "source_fingerprint_regret": 0.0, "source_fingerprint_worse_rate": 6.813226744186046e-05, "source_property_regret": 1.599390389168469e-05, "source_property_worse_rate": 0.009648476713770178, "source_radius_regret": 0.0009741633094923007, "train_loss": 0.09132682306821956}
{"diffusion_loss": 0.07674922144343686, "diffusion_target_mae": 0.10220217297590056, "epoch": 8, "prior_mse": 0.2553161665104156, "source_fingerprint_cosine_gain": 0.22303410584843436, "source_fingerprint_regret": 0.0, "source_fingerprint_worse_rate": 6.813226744186046e-05, "source_property_regret": 5.210956527850145e-06, "source_property_worse_rate": 0.006245457848837209, "source_radius_regret": 0.0009802062596400204, "train_loss": 0.0896148745750272}
{"diffusion_loss": 0.07602445434692294, "diffusion_target_mae": 0.10228806569479233, "epoch": 9, "prior_mse": 0.25523474465969, "source_fingerprint_cosine_gain": 0.22331171586763027, "source_fingerprint_regret": 0.0, "source_fingerprint_worse_rate": 6.813226744186046e-05, "source_property_regret": 1.9301245059565655e-05, "source_property_worse_rate": 0.009527733917672967, "source_radius_regret": 0.0010215659709755592, "train_loss": 0.08889510326607283}
{"diffusion_loss": 0.07499886460082475, "diffusion_target_mae": 0.10203937467101008, "epoch": 10, "prior_mse": 0.25485907460367957, "source_fingerprint_cosine_gain": 0.22367635161377664, "source_fingerprint_regret": 0.0, "source_fingerprint_worse_rate": 4.5421511627906976e-05, "source_property_regret": 4.148220091321709e-06, "source_property_worse_rate": 0.004852912729865936, "source_radius_regret": 0.0010349463230150556, "train_loss": 0.08784676455827646}
{"diffusion_loss": 0.07366475454250047, "diffusion_target_mae": 0.10186874476629634, "epoch": 11, "prior_mse": 0.2546056815704634, "source_fingerprint_cosine_gain": 0.22420156071352404, "source_fingerprint_regret": 0.0, "source_fingerprint_worse_rate": 6.813226744186046e-05, "source_property_regret": 6.689737774060481e-06, "source_property_worse_rate": 0.007127582818421341, "source_radius_regret": 0.0010328490157113519, "train_loss": 0.08650066486971322}
{"diffusion_loss": 0.07277866860115251, "diffusion_target_mae": 0.10173641136565874, "epoch": 12, "prior_mse": 0.2543477466286615, "source_fingerprint_cosine_gain": 0.2244869636934857, "source_fingerprint_regret": 0.0, "source_fingerprint_worse_rate": 4.5421511627906976e-05, "source_property_regret": 1.0338873441507668e-05, "source_property_worse_rate": 0.008698219476744186, "source_radius_regret": 0.0010460195318405885, "train_loss": 0.08560427642145822}
{"diffusion_loss": 0.0718790065757064, "diffusion_target_mae": 0.10149801617791486, "epoch": 13, "prior_mse": 0.2538966172656348, "source_fingerprint_cosine_gain": 0.22489667874436045, "source_fingerprint_regret": 0.0, "source_fingerprint_worse_rate": 9.084302325581395e-05, "source_property_regret": 8.778243188519692e-06, "source_property_worse_rate": 0.007441938892656634, "source_radius_regret": 0.0010612413218125788, "train_loss": 0.08468303387594778}
{"diffusion_loss": 0.07156102480583412, "diffusion_target_mae": 0.10135393511763839, "epoch": 14, "prior_mse": 0.2537051837804706, "source_fingerprint_cosine_gain": 0.22498740792967553, "source_fingerprint_regret": 0.0, "source_fingerprint_worse_rate": 4.5421511627906976e-05, "source_property_regret": 5.140677396437285e-06, "source_property_worse_rate": 0.006037466539351573, "source_radius_regret": 0.0010874614066736729, "train_loss": 0.08435682857105899}
{"diffusion_loss": 0.07097395977308583, "diffusion_target_mae": 0.10129425345465194, "epoch": 15, "prior_mse": 0.2534467499963073, "source_fingerprint_cosine_gain": 0.2252008831778238, "source_fingerprint_regret": 0.0, "source_fingerprint_worse_rate": 6.813226744186046e-05, "source_property_regret": 6.214141266776565e-06, "source_property_worse_rate": 0.006264574097491107, "source_radius_regret": 0.0010981888491335477, "train_loss": 0.08375829103034596}
{"diffusion_loss": 0.069893688396659, "diffusion_target_mae": 0.10109821758991064, "epoch": 16, "prior_mse": 0.2532161824231924, "source_fingerprint_cosine_gain": 0.22554596652125203, "source_fingerprint_regret": 0.0, "source_fingerprint_worse_rate": 4.5421511627906976e-05, "source_property_regret": 4.598008297214052e-06, "source_property_worse_rate": 0.005212690313021804, "source_radius_regret": 0.0010967099393425553, "train_loss": 0.08266577739701715}
{"diffusion_loss": 0.06904849799913029, "diffusion_target_mae": 0.10091760234777318, "epoch": 17, "prior_mse": 0.252961429225844, "source_fingerprint_cosine_gain": 0.2258282340196676, "source_fingerprint_regret": 0.0, "source_fingerprint_worse_rate": 9.084302325581395e-05, "source_property_regret": 1.001183325317158e-05, "source_property_worse_rate": 0.007604508690514364, "source_radius_regret": 0.0010919133235083158, "train_loss": 0.08180926488929016}
{"diffusion_loss": 0.06831827222607857, "diffusion_target_mae": 0.10070428408162538, "epoch": 18, "prior_mse": 0.2524326225352842, "source_fingerprint_cosine_gain": 0.2262013426353765, "source_fingerprint_regret": 0.0, "source_fingerprint_worse_rate": 4.5421511627906976e-05, "source_property_regret": 6.071508123130393e-06, "source_property_worse_rate": 0.005833069737025991, "source_radius_regret": 0.0010953632096738317, "train_loss": 0.08105156536019126}
{"diffusion_loss": 0.06789507942144261, "diffusion_target_mae": 0.10067864030946133, "epoch": 19, "prior_mse": 0.2523865562885307, "source_fingerprint_cosine_gain": 0.22631825870552727, "source_fingerprint_regret": 0.0, "source_fingerprint_worse_rate": 4.5421511627906976e-05, "source_property_regret": 4.947215447430546e-06, "source_property_worse_rate": 0.005731443192290012, "source_radius_regret": 0.001103724589230233, "train_loss": 0.08062651146982991}
{"diffusion_loss": 0.06730459500537363, "diffusion_target_mae": 0.10054931884934735, "epoch": 20, "prior_mse": 0.25232252946426703, "source_fingerprint_cosine_gain": 0.2265592425368553, "source_fingerprint_regret": 0.0, "source_fingerprint_worse_rate": 4.5421511627906976e-05, "source_property_regret": 1.0130634846660978e-05, "source_property_worse_rate": 0.007263847353305061, "source_radius_regret": 0.0011091329831478382, "train_loss": 0.0800351805465166}
{"diffusion_loss": 0.06741920572727225, "diffusion_target_mae": 0.10074001602655233, "epoch": 21, "prior_mse": 0.2524113795438478, "source_fingerprint_cosine_gain": 0.22651008291299954, "source_fingerprint_regret": 0.0, "source_fingerprint_worse_rate": 6.813226744186046e-05, "source_property_regret": 5.1267271087311055e-06, "source_property_worse_rate": 0.007014029039351573, "source_radius_regret": 0.001139499111707474, "train_loss": 0.0801555190322011}
{"diffusion_loss": 0.06625985848002655, "diffusion_target_mae": 0.10036335495668788, "epoch": 22, "prior_mse": 0.25187075276707493, "source_fingerprint_cosine_gain": 0.22685401401547498, "source_fingerprint_regret": 0.0, "source_fingerprint_worse_rate": 6.813226744186046e-05, "source_property_regret": 5.414761495777385e-06, "source_property_worse_rate": 0.005625078427540355, "source_radius_regret": 0.0011211067721041915, "train_loss": 0.07896740154124969}
{"diffusion_loss": 0.06553235437807649, "diffusion_target_mae": 0.10002020668498306, "epoch": 23, "prior_mse": 0.2514231953510018, "source_fingerprint_cosine_gain": 0.22719367091045822, "source_fingerprint_regret": 0.0, "source_fingerprint_worse_rate": 4.5421511627906976e-05, "source_property_regret": 2.8662864105638178e-06, "source_property_worse_rate": 0.003156795058139535, "source_radius_regret": 0.0011118760726382133, "train_loss": 0.0782157044944375}
{"diffusion_loss": 0.0649900471921577, "diffusion_target_mae": 0.1000431620970715, "epoch": 24, "prior_mse": 0.25123018927352375, "source_fingerprint_cosine_gain": 0.2273442719218343, "source_fingerprint_regret": 0.0, "source_fingerprint_worse_rate": 4.5421511627906976e-05, "source_property_regret": 5.383146362250439e-06, "source_property_worse_rate": 0.006586119186046512, "source_radius_regret": 0.0011190452110726213, "train_loss": 0.07766534509353859}
{"diffusion_loss": 0.06465679350807223, "diffusion_target_mae": 0.09988412737499835, "epoch": 25, "prior_mse": 0.2510883085602938, "source_fingerprint_cosine_gain": 0.2274508025757102, "source_fingerprint_regret": 0.0, "source_fingerprint_worse_rate": 6.813226744186046e-05, "source_property_regret": 5.276125236620611e-06, "source_property_worse_rate": 0.0058521859856798895, "source_radius_regret": 0.0011177127070854916, "train_loss": 0.07732482696341914}
{"diffusion_loss": 0.06447301605759664, "diffusion_target_mae": 0.09981463944842649, "epoch": 26, "prior_mse": 0.2507423600831697, "source_fingerprint_cosine_gain": 0.22755406640989836, "source_fingerprint_regret": 0.0, "source_fingerprint_worse_rate": 6.813226744186046e-05, "source_property_regret": 8.5150669110616e-06, "source_property_worse_rate": 0.006987723776377564, "source_radius_regret": 0.0011272794190729254, "train_loss": 0.07712584240145462}
{"diffusion_loss": 0.06408874369984449, "diffusion_target_mae": 0.09966326201724451, "epoch": 27, "prior_mse": 0.2505718972100768, "source_fingerprint_cosine_gain": 0.22771219302748524, "source_fingerprint_regret": 0.0, "source_fingerprint_worse_rate": 4.5421511627906976e-05, "source_property_regret": 3.883949907272095e-06, "source_property_worse_rate": 0.005427870639534884, "source_radius_regret": 0.0011358619545759677, "train_loss": 0.07673228376133498}
{"diffusion_loss": 0.06322195476224256, "diffusion_target_mae": 0.09945477164068887, "epoch": 28, "prior_mse": 0.25033013903817464, "source_fingerprint_cosine_gain": 0.2280268670861111, "source_fingerprint_regret": 0.0, "source_fingerprint_worse_rate": 6.813226744186046e-05, "source_property_regret": 3.2350065145337558e-06, "source_property_worse_rate": 0.004466829881028727, "source_radius_regret": 0.0011194370034540635, "train_loss": 0.07585153746050458}
{"diffusion_loss": 0.06283360199872838, "diffusion_target_mae": 0.09936083610667738, "epoch": 29, "prior_mse": 0.2500666528940201, "source_fingerprint_cosine_gain": 0.22820597592481348, "source_fingerprint_regret": 0.0, "source_fingerprint_worse_rate": 6.813226744186046e-05, "source_property_regret": 2.9904287343347284e-06, "source_property_worse_rate": 0.004693937439168262, "source_radius_regret": 0.0011195098192073665, "train_loss": 0.0754499321067056}
{"diffusion_loss": 0.06239461353005365, "diffusion_target_mae": 0.09941640608879022, "epoch": 30, "prior_mse": 0.25003315646981084, "source_fingerprint_cosine_gain": 0.22832747704760972, "source_fingerprint_regret": 0.0, "source_fingerprint_worse_rate": 6.813226744186046e-05, "source_property_regret": 5.2576950077187725e-06, "source_property_worse_rate": 0.0056178894132202445, "source_radius_regret": 0.0011207964338990318, "train_loss": 0.07501019086948661}
{"cuda_available": true, "cuda_device_count": 1, "cuda_device_name": "NVIDIA H100 80GB HBM3 MIG 2g.20gb", "device": "cuda", "event": "device", "torch_version": "2.12.0"}
{
  "batch_size": 512,
  "benchmark_export": {
    "edit_latent_fingerprints": "SketchMol-Unified-3MDiffusion/outputs/unified_generation_3m_sourceanchor_sweep_v1/blend085_guard050_p005/eval_latent/edit_latent_fingerprints.npy",
    "edit_latent_predictions": "SketchMol-Unified-3MDiffusion/outputs/unified_generation_3m_sourceanchor_sweep_v1/blend085_guard050_p005/eval_latent/edit_latent_predictions.npy",
    "fingerprint_dim": 512,
    "index_csv": "SketchMol-Unified-3MDiffusion/outputs/unified_generation_3m_sourceanchor_sweep_v1/blend085_guard050_p005/eval_latent/index.csv",
    "rows": 1145,
    "variant": "full"
  },
  "by_property_count": {
    "2": {
      "delta_mae": 2.879768882572651,
      "fingerprint_beats_prior": 0.092,
      "fingerprint_beats_source": 0.072,
      "fingerprint_cosine_gain_vs_prior": -0.02352223542605206,
      "fingerprint_cosine_gain_vs_source": -0.06826846096041575,
      "generated_minus_prior_latent_mae": 0.050792252287268636,
      "latent_mae": 0.18494545117020608,
      "latent_mse": 3.644539936110377,
      "prior_delta_mae": 2.854830976903439,
      "prior_latent_mae": 0.15772040617465974,
      "prior_target_fingerprint_cosine": 0.7624133420162283,
      "prior_target_property_mae": 5.539734511494636,
      "property_mae_beats_prior": 0.524,
      "property_mae_beats_source": 0.64,
      "property_mae_gain_vs_prior": -0.010337174117565155,
      "property_mae_gain_vs_source": 0.6529953283667564,
      "property_mae_regret_vs_source": 2.0371814658641814,
      "rows": 250.0,
      "source_fingerprint_cosine": 0.8346333702281004,
      "source_target_fingerprint_cosine": 0.8071595675505919,
      "source_target_property_mae": 6.203067013978958,
      "target_fingerprint_cosine": 0.7388911065901763,
      "target_property_mae": 5.550071685612202
    },
    "3": {
      "delta_mae": 3.1117275792360304,
      "fingerprint_beats_prior": 0.072,
      "fingerprint_beats_source": 0.036,
      "fingerprint_cosine_gain_vs_prior": -0.027368386530988636,
      "fingerprint_cosine_gain_vs_source": -0.08207051854064693,
      "generated_minus_prior_latent_mae": 0.05215868455171585,
      "latent_mae": 0.18868874296545982,
      "latent_mse": 3.360452500373125,
      "prior_delta_mae": 3.100824860215187,
      "prior_latent_mae": 0.16053097468614577,
      "prior_target_fingerprint_cosine": 0.7334376334634201,
      "prior_target_property_mae": 5.32698999774456,
      "property_mae_beats_prior": 0.456,
      "property_mae_beats_source": 0.696,
      "property_mae_gain_vs_prior": -0.05755217111110687,
      "property_mae_gain_vs_source": 2.340514426469803,
      "property_mae_regret_vs_source": 1.1774401273727417,
      "rows": 250.0,
      "source_fingerprint_cosine": 0.803751685651562,
      "source_target_fingerprint_cosine": 0.7881397654730784,
      "source_target_property_mae": 7.72505659532547,
      "target_fingerprint_cosine": 0.7060692469324314,
      "target_property_mae": 5.384542168855667
    },
    "4": {
      "delta_mae": 2.959045806884766,
      "fingerprint_beats_prior": 0.072,
      "fingerprint_beats_source": 0.012,
      "fingerprint_cosine_gain_vs_prior": -0.029324545801064826,
      "fingerprint_cosine_gain_vs_source": -0.08682589430336309,
      "generated_minus_prior_latent_mae": 0.05366019137203693,
      "latent_mae": 0.19225173941254617,
      "latent_mse": 3.6860256789922716,
      "prior_delta_mae": 2.91223803794384,
      "prior_latent_mae": 0.16271112403273583,
      "prior_target_fingerprint_cosine": 0.7191259102710417,
      "prior_target_property_mae": 5.457665529847145,
      "property_mae_beats_prior": 0.496,
      "property_mae_beats_source": 0.792,
      "property_mae_gain_vs_prior": -0.025468883275985718,
      "property_mae_gain_vs_source": 4.007532994389534,
      "property_mae_regret_vs_source": 0.9750240712165833,
      "rows": 250.0,
      "source_fingerprint_cosine": 0.7957275807687736,
      "source_target_fingerprint_cosine": 0.7766272587733398,
      "source_target_property_mae": 9.490667407512666,
      "target_fingerprint_cosine": 0.6898013644699768,
      "target_property_mae": 5.483134413123131
    },
    "5": {
      "delta_mae": 3.1557146072387696,
      "fingerprint_beats_prior": 0.076,
      "fingerprint_beats_source": 0.028,
      "fingerprint_cosine_gain_vs_prior": -0.024604726860909545,
      "fingerprint_cosine_gain_vs_source": -0.07995035118667414,
      "generated_minus_prior_latent_mae": 0.053866321064531805,
      "latent_mae": 0.1934591574370861,
      "latent_mse": 3.4816533415019513,
      "prior_delta_mae": 3.0494728417396546,
      "prior_latent_mae": 0.16455834448337556,
      "prior_target_fingerprint_cosine": 0.7269594495813118,
      "prior_target_property_mae": 5.4877582552433015,
      "property_mae_beats_prior": 0.496,
      "property_mae_beats_source": 0.872,
      "property_mae_gain_vs_prior": 0.018641521155834197,
      "property_mae_gain_vs_source": 5.2229197801947596,
      "property_mae_regret_vs_source": 0.5119949979782105,
      "rows": 250.0,
      "source_fingerprint_cosine": 0.8029632162997536,
      "source_target_fingerprint_cosine": 0.7823050739070764,
      "source_target_property_mae": 10.692036514282227,
      "target_fingerprint_cosine": 0.7023547227204022,
      "target_property_mae": 5.469116734087467
    },
    "6": {
      "delta_mae": 4.032593276600043,
      "fingerprint_beats_prior": 0.1,
      "fingerprint_beats_source": 0.03333333333333333,
      "fingerprint_cosine_gain_vs_prior": -0.026923526391764593,
      "fingerprint_cosine_gain_vs_source": -0.08783378167721172,
      "generated_minus_prior_latent_mae": 0.053356188271815576,
      "latent_mae": 0.22944571059197189,
      "latent_mse": 5.799426109530032,
      "prior_delta_mae": 3.9577313641707104,
      "prior_latent_mae": 0.19873217424998682,
      "prior_target_fingerprint_cosine": 0.7233638063017509,
      "prior_target_property_mae": 7.147889994084835,
      "property_mae_beats_prior": 0.45,
      "property_mae_beats_source": 0.825,
      "property_mae_gain_vs_prior": -0.09264160469174385,
      "property_mae_gain_vs_source": 5.064968016495308,
      "property_mae_regret_vs_source": 0.8347374061743419,
      "rows": 120.0,
      "source_fingerprint_cosine": 0.8082988285571222,
      "source_target_fingerprint_cosine": 0.7842740615871978,
      "source_target_property_mae": 12.305499615271886,
      "target_fingerprint_cosine": 0.6964402799099862,
      "target_property_mae": 7.240531598776579
    },
    "7": {
      "delta_mae": 4.080547616481781,
      "fingerprint_beats_prior": 0.0,
      "fingerprint_beats_source": 0.0,
      "fingerprint_cosine_gain_vs_prior": -0.03558371544145935,
      "fingerprint_cosine_gain_vs_source": -0.09481055696306864,
      "generated_minus_prior_latent_mae": 0.05545223116874695,
      "latent_mae": 0.2362659168243408,
      "latent_mse": 7.4216492682695385,
      "prior_delta_mae": 4.096786443591117,
      "prior_latent_mae": 0.20974359631538392,
      "prior_target_fingerprint_cosine": 0.717145958595024,
      "prior_target_property_mae": 7.728909873962403,
      "property_mae_beats_prior": 0.6,
      "property_mae_beats_source": 0.88,
      "property_mae_gain_vs_prior": 0.2503382658958435,
      "property_mae_gain_vs_source": 9.73029973745346,
      "property_mae_regret_vs_source": 0.7306944274902344,
      "rows": 25.0,
      "source_fingerprint_cosine": 0.78987596172008,
      "source_target_fingerprint_cosine": 0.7763728001166332,
      "source_target_property_mae": 17.20887134552002,
      "target_fingerprint_cosine": 0.6815622431535647,
      "target_property_mae": 7.4785716080665585
    }
  },
  "by_source_similarity_bin": {
    "easy_high_similarity": {
      "delta_mae": 3.203009395989088,
      "fingerprint_beats_prior": 0.05384615384615385,
      "fingerprint_beats_source": 0.04358974358974359,
      "fingerprint_cosine_gain_vs_prior": -0.02488363981501358,
      "fingerprint_cosine_gain_vs_source": -0.04998925701356221,
      "generated_minus_prior_latent_mae": 0.05203510489410315,
      "latent_mae": 0.18409327751933,
      "latent_mse": 3.6626345792355446,
      "prior_delta_mae": 3.1946515314089945,
      "prior_latent_mae": 0.1558984929934526,
      "prior_target_fingerprint_cosine": 0.8491057096894002,
      "prior_target_property_mae": 5.777325457028853,
      "property_mae_beats_prior": 0.5512820512820513,
      "property_mae_beats_source": 0.6923076923076923,
      "property_mae_gain_vs_prior": 0.013479384321432848,
      "property_mae_gain_vs_source": 1.9854464904620097,
      "property_mae_regret_vs_source": 1.3547748816319,
      "rows": 390.0,
      "source_fingerprint_cosine": 0.9070801353396714,
      "source_target_fingerprint_cosine": 0.8742113268879489,
      "source_target_property_mae": 7.749292563169431,
      "target_fingerprint_cosine": 0.8242220698743866,
      "target_property_mae": 5.7638460727074206
    },
    "hard_similarity": {
      "delta_mae": 3.2514593412283976,
      "fingerprint_beats_prior": 0.17647058823529413,
      "fingerprint_beats_source": 0.0457516339869281,
      "fingerprint_cosine_gain_vs_prior": -0.02554981778165504,
      "fingerprint_cosine_gain_vs_source": -0.12404404606200006,
      "generated_minus_prior_latent_mae": 0.05445972542747173,
      "latent_mae": 0.210206744181954,
      "latent_mse": 4.015420182857638,
      "prior_delta_mae": 3.1584018953875,
      "prior_latent_mae": 0.17963012863023609,
      "prior_target_fingerprint_cosine": 0.545981894457075,
      "prior_target_property_mae": 5.432177471569161,
      "property_mae_beats_prior": 0.477124183006536,
      "property_mae_beats_source": 0.8169934640522876,
      "property_mae_gain_vs_prior": -0.12444054106481714,
      "property_mae_gain_vs_source": 5.041192085135217,
      "property_mae_regret_vs_source": 0.9999167101055968,
      "rows": 153.0,
      "source_fingerprint_cosine": 0.6157983211956816,
      "source_target_fingerprint_cosine": 0.64447612273742,
      "source_target_property_mae": 10.597810097769194,
      "target_fingerprint_cosine": 0.52043207667542,
      "target_property_mae": 5.556618012633979
    },
    "medium_similarity": {
      "delta_mae": 3.099405579640224,
      "fingerprint_beats_prior": 0.06976744186046512,
      "fingerprint_beats_source": 0.02823920265780731,
      "fingerprint_cosine_gain_vs_prior": -0.02776021272317854,
      "fingerprint_cosine_gain_vs_source": -0.08922686825638178,
      "generated_minus_prior_latent_mae": 0.05279465413890606,
      "latent_mae": 0.19820331535812627,
      "latent_mse": 3.956567201354971,
      "prior_delta_mae": 3.0357799281511593,
      "prior_latent_mae": 0.16974724454192625,
      "prior_target_fingerprint_cosine": 0.7068603536931687,
      "prior_target_property_mae": 5.680608867658333,
      "property_mae_beats_prior": 0.45514950166112955,
      "property_mae_beats_source": 0.7906976744186046,
      "property_mae_gain_vs_prior": -0.016204767201429982,
      "property_mae_gain_vs_source": 3.922620876187898,
      "property_mae_regret_vs_source": 1.0174361371320744,
      "rows": 602.0,
      "source_fingerprint_cosine": 0.7940752919958354,
      "source_target_fingerprint_cosine": 0.7683270092263721,
      "source_target_property_mae": 9.619434511047661,
      "target_fingerprint_cosine": 0.6791001409699902,
      "target_property_mae": 5.6968136348597636
    }
  },
  "condition_connector": "SketchMol-Unified-3MDiffusion/outputs/unified_generation_3m_source_neighbor_sourceguard_v1/edit_condition_tokens/edit_condition_connector.pt",
  "connector_source": "diffusion_checkpoint.connector_state",
  "device": {
    "cuda_available": true,
    "cuda_device_count": 1,
    "cuda_device_name": "NVIDIA H100 80GB HBM3 MIG 2g.20gb",
    "device": "cuda",
    "torch_version": "2.12.0"
  },
  "diffusion_checkpoint": "SketchMol-Unified-3MDiffusion/outputs/unified_generation_3m_sourceanchor_sweep_v1/blend085_guard050_p005/latent_diffusion/latent_diffusion_generation.pt",
  "diffusion_objective": "pred_x0",
  "diffusion_target": "residual",
  "eval_jsonl": "SketchMol-Unified-3MDiffusion/outputs/unified_generation_3m_source_neighbor_sourceguard_v1/dataset/unified_condition_eval.jsonl",
  "fingerprint_dim": 512,
  "latent_block_summary": {
    "active": {
      "generated_prior_mae": 0.3048746585845947,
      "generated_target_mae": 0.4133090674877167,
      "prior_target_mae": 0.3042454719543457,
      "source_target_mae": 0.0
    },
    "deltas": {
      "generated_prior_mae": 0.5327426195144653,
      "generated_target_mae": 3.155012607574463,
      "prior_target_mae": 3.106278657913208,
      "source_target_mae": 0.0
    },
    "fingerprint": {
      "generated_prior_mae": 0.040200125426054,
      "generated_target_mae": 0.09874237328767776,
      "prior_target_mae": 0.06805374473333359,
      "source_target_mae": 0.03712984547019005
    },
    "properties": {
      "generated_prior_mae": 0.6838865280151367,
      "generated_target_mae": 5.7009124755859375,
      "prior_target_mae": 5.680355072021484,
      "source_target_mae": 9.113178253173828
    }
  },
  "max_eval_per_property_count": 250,
  "output_dir": "SketchMol-Unified-3MDiffusion/outputs/unified_generation_3m_sourceanchor_sweep_v1/blend085_guard050_p005/eval_latent",
  "overall": {
    "delta_mae": 3.1550123166699597,
    "fingerprint_beats_prior": 0.07860262008733625,
    "fingerprint_beats_source": 0.03580786026200873,
    "fingerprint_cosine_gain_vs_prior": -0.02648505651336419,
    "fingerprint_cosine_gain_vs_source": -0.08051451875381406,
    "generated_minus_prior_latent_mae": 0.05275843728447585,
    "latent_mae": 0.1950012278934233,
    "latent_mse": 3.864314610563121,
    "prior_delta_mae": 3.106278693441741,
    "prior_latent_mae": 0.1663507975214954,
    "prior_target_fingerprint_cosine": 0.7338134406585906,
    "prior_target_property_mae": 5.680355126394455,
    "property_mae_beats_prior": 0.4908296943231441,
    "property_mae_beats_source": 0.7606986899563318,
    "property_mae_gain_vs_prior": -0.02055695436927429,
    "property_mae_gain_vs_source": 3.412265753511779,
    "property_mae_regret_vs_source": 1.1299965196821888,
    "rows": 1145.0,
    "source_fingerprint_cosine": 0.8087438617527547,
    "source_target_fingerprint_cosine": 0.7878429028990404,
    "source_target_property_mae": 9.113177834275508,
    "target_fingerprint_cosine": 0.7073283841452263,
    "target_property_mae": 5.70091208076373
  },
  "rows": 1145,
  "sample_eta": 0.0,
  "sample_steps": 20,
  "seed": 14,
  "source_fingerprint_prior_blend": 0.85,
  "source_similarity_weight_floor": 0.25
}
Unified diffusion refine finished:
  diffusion=SketchMol-Unified-3MDiffusion/outputs/unified_generation_3m_sourceanchor_sweep_v1/blend085_guard050_p005/latent_diffusion/latent_diffusion_generation.pt
  eval=SketchMol-Unified-3MDiffusion/outputs/unified_generation_3m_sourceanchor_sweep_v1/blend085_guard050_p005/eval_latent/metrics.json
#executed by process	0 in 125.041s	with status	0 : bash SketchMol-Unified-3MDiffusion/outputs/unified_generation_3m_sourceanchor_sweep_v1/tasks/blend085_guard050_p005.sh # blend085_guard050_p005
source-anchor diffusion task: blend095_guard050_p005
  base_output_dir=SketchMol-Unified-3MDiffusion/outputs/unified_generation_3m_source_neighbor_sourceguard_v1
  source_fingerprint_prior_blend=0.95
  fingerprint_guard_loss_weight=0.50
  prior_loss_weight=0.05
  extra_epochs=30
  output_dir=SketchMol-Unified-3MDiffusion/outputs/unified_generation_3m_sourceanchor_sweep_v1/blend095_guard050_p005
Running Unified 3M Stage 3 diffusion refine
  python=/home/bdong/.venvs/molscribe_overlay/bin/python
  output_dir=SketchMol-Unified-3MDiffusion/outputs/unified_generation_3m_source_neighbor_sourceguard_v1
  diffusion_dir=SketchMol-Unified-3MDiffusion/outputs/unified_generation_3m_sourceanchor_sweep_v1/blend095_guard050_p005/latent_diffusion
  base_diffusion_dir=SketchMol-Unified-3MDiffusion/outputs/unified_generation_3m_source_neighbor_sourceguard_v1/latent_diffusion
  resume_diffusion_checkpoint=SketchMol-Unified-3MDiffusion/outputs/unified_generation_3m_source_neighbor_sourceguard_v1/latent_diffusion/checkpoints/latest.pt
  diffusion_epochs=30
  diffusion_extra_epochs=30
  diffusion_lr=3e-4
  diffusion_seed=13
  eval_seed=14
  prior_loss_weight=0.05
  source_regret_loss_weight=0.35
  source_regret_margin=0.0
  source_radius_loss_weight=0.10
  source_radius_margin=0.05
  source_similarity_weight_floor=0.25
  source_fingerprint_prior_blend=0.95
  fingerprint_guard_loss_weight=0.50
  fingerprint_guard_margin=0.02
  train_diffusion_connector=1
  allow_incompatible_resume_weights=1
  eval_limit=0
  max_eval_per_property_count=250
  run_materialized_benchmark=0
Resume checkpoint predates current diffusion/source-guard settings; warm-starting model weights only.
{"cuda_available": true, "cuda_device_count": 1, "cuda_device_name": "NVIDIA H100 80GB HBM3 MIG 2g.20gb", "device": "cuda", "event": "device", "torch_version": "2.12.0"}
{"checkpoint": "SketchMol-Unified-3MDiffusion/outputs/unified_generation_3m_source_neighbor_sourceguard_v1/latent_diffusion/checkpoints/latest.pt", "event": "warm_started_incompatible_resume_weights", "reason": "training objective changed"}
{"diffusion_loss": 0.1204220148366551, "diffusion_target_mae": 0.11229733923493429, "epoch": 1, "prior_mse": 0.28726236106351366, "source_fingerprint_cosine_gain": 0.20641096819971883, "source_fingerprint_regret": 4.872690860621375e-09, "source_fingerprint_worse_rate": 0.0006359011627906977, "source_property_regret": 0.0007305869366003562, "source_property_worse_rate": 0.04432061182464971, "source_radius_regret": 0.0008479612798235098, "train_loss": 0.1351256365346354}
{"diffusion_loss": 0.10161339058432468, "diffusion_target_mae": 0.10750991721139398, "epoch": 2, "prior_mse": 0.2759969827047614, "source_fingerprint_cosine_gain": 0.21388231841630714, "source_fingerprint_regret": 0.0, "source_fingerprint_worse_rate": 0.00011355377906976744, "source_property_regret": 1.1409121194027374e-05, "source_property_worse_rate": 0.008800989731626456, "source_radius_regret": 0.0008551938524253147, "train_loss": 0.11550275271022042}
{"diffusion_loss": 0.09683534476992696, "diffusion_target_mae": 0.10722738894265751, "epoch": 3, "prior_mse": 0.27555229081663973, "source_fingerprint_cosine_gain": 0.21567290934712388, "source_fingerprint_regret": 0.0, "source_fingerprint_worse_rate": 9.084302325581395e-05, "source_property_regret": 1.4671505922117846e-05, "source_property_worse_rate": 0.00902809728976599, "source_radius_regret": 0.0009549020256219042, "train_loss": 0.11071358551812727}
{"diffusion_loss": 0.09418167451093364, "diffusion_target_mae": 0.10703683583888897, "epoch": 4, "prior_mse": 0.275049231773199, "source_fingerprint_cosine_gain": 0.21667276305514713, "source_fingerprint_regret": 0.0, "source_fingerprint_worse_rate": 0.00011355377906976744, "source_property_regret": 7.804880942776235e-06, "source_property_worse_rate": 0.006832342992839945, "source_radius_regret": 0.001030710402627064, "train_loss": 0.10803993843322576}
{"diffusion_loss": 0.09155015491468962, "diffusion_target_mae": 0.10680940374732018, "epoch": 5, "prior_mse": 0.2748156477545583, "source_fingerprint_cosine_gain": 0.21769349744846656, "source_fingerprint_regret": 0.0, "source_fingerprint_worse_rate": 0.00013626453488372093, "source_property_regret": 1.225626807678418e-05, "source_property_worse_rate": 0.008869121999068315, "source_radius_regret": 0.0010910483299169777, "train_loss": 0.10540433080736981}
{"diffusion_loss": 0.0896834348176801, "diffusion_target_mae": 0.10651732513377833, "epoch": 6, "prior_mse": 0.27428637722203897, "source_fingerprint_cosine_gain": 0.21830696110115494, "source_fingerprint_regret": 0.0, "source_fingerprint_worse_rate": 6.813226744186046e-05, "source_property_regret": 5.112355647051484e-06, "source_property_worse_rate": 0.0060147557835376194, "source_radius_regret": 0.0011251891785853563, "train_loss": 0.10351206162987753}
{"diffusion_loss": 0.08860321559531745, "diffusion_target_mae": 0.10653225263190824, "epoch": 7, "prior_mse": 0.2740043543798979, "source_fingerprint_cosine_gain": 0.21870669930480247, "source_fingerprint_regret": 0.0, "source_fingerprint_worse_rate": 0.00013626453488372093, "source_property_regret": 8.690050098615008e-06, "source_property_worse_rate": 0.008016896802325582, "source_radius_regret": 0.0012031922761220918, "train_loss": 0.1024267949856991}
{"diffusion_loss": 0.08650427753495615, "diffusion_target_mae": 0.106293247362902, "epoch": 8, "prior_mse": 0.27371753509654556, "source_fingerprint_cosine_gain": 0.21943499477103698, "source_fingerprint_regret": 0.0, "source_fingerprint_worse_rate": 6.813226744186046e-05, "source_property_regret": 8.015654129303155e-06, "source_property_worse_rate": 0.007608103197674418, "source_radius_regret": 0.0012214845628477633, "train_loss": 0.10031510794232058}
{"diffusion_loss": 0.08485017266384391, "diffusion_target_mae": 0.10613433921406436, "epoch": 9, "prior_mse": 0.27328020438205364, "source_fingerprint_cosine_gain": 0.2200099039216374, "source_fingerprint_regret": 0.0, "source_fingerprint_worse_rate": 0.0001816860465116279, "source_property_regret": 1.1103626188476428e-05, "source_property_worse_rate": 0.00902809728976599, "source_radius_regret": 0.0012460577715903002, "train_loss": 0.09864267576919046}
{"diffusion_loss": 0.08399193629968998, "diffusion_target_mae": 0.10606015976085219, "epoch": 10, "prior_mse": 0.2728556772304136, "source_fingerprint_cosine_gain": 0.22031672090985055, "source_fingerprint_regret": 0.0, "source_fingerprint_worse_rate": 6.813226744186046e-05, "source_property_regret": 6.775620467213992e-06, "source_property_worse_rate": 0.007752700459731873, "source_radius_regret": 0.0012805564139514816, "train_loss": 0.09776514655975409}
{"diffusion_loss": 0.08257278297529665, "diffusion_target_mae": 0.10573217246768087, "epoch": 11, "prior_mse": 0.2725247941737951, "source_fingerprint_cosine_gain": 0.22079547997130905, "source_fingerprint_regret": 0.0, "source_fingerprint_worse_rate": 9.084302325581395e-05, "source_property_regret": 4.204540418293994e-06, "source_property_worse_rate": 0.00518997955720785, "source_radius_regret": 0.0012929494165122336, "train_loss": 0.09632978856910107}
{"diffusion_loss": 0.08161110690859862, "diffusion_target_mae": 0.10582855447780254, "epoch": 12, "prior_mse": 0.2725827163735101, "source_fingerprint_cosine_gain": 0.22113740062990853, "source_fingerprint_regret": 0.0, "source_fingerprint_worse_rate": 0.00013626453488372093, "source_property_regret": 1.231610656519653e-05, "source_property_worse_rate": 0.009921005783537619, "source_radius_regret": 0.0013222497614468773, "train_loss": 0.09537677900042645}
{"diffusion_loss": 0.08065746040191761, "diffusion_target_mae": 0.10555658654071563, "epoch": 13, "prior_mse": 0.2721534423356832, "source_fingerprint_cosine_gain": 0.22153700749541438, "source_fingerprint_regret": 0.0, "source_fingerprint_worse_rate": 0.00011355377906976744, "source_property_regret": 5.740581539056776e-06, "source_property_worse_rate": 0.006151020318421341, "source_radius_regret": 0.0013442269410006702, "train_loss": 0.09440156470897586}
{"diffusion_loss": 0.0795480004230211, "diffusion_target_mae": 0.10534901397172795, "epoch": 14, "prior_mse": 0.2717630582493405, "source_fingerprint_cosine_gain": 0.22189731064230897, "source_fingerprint_regret": 0.0, "source_fingerprint_worse_rate": 6.813226744186046e-05, "source_property_regret": 6.998772765011849e-06, "source_property_worse_rate": 0.007063045058139535, "source_radius_regret": 0.0013511960752048465, "train_loss": 0.09327372241505356}
{"diffusion_loss": 0.07912805659133335, "diffusion_target_mae": 0.10523536428809166, "epoch": 15, "prior_mse": 0.27148904841999677, "source_fingerprint_cosine_gain": 0.2220402931751207, "source_fingerprint_regret": 0.0, "source_fingerprint_worse_rate": 0.00011355377906976744, "source_property_regret": 4.251850122505027e-06, "source_property_worse_rate": 0.005764937469584131, "source_radius_regret": 0.001374553143165919, "train_loss": 0.09284145211757616}
{"diffusion_loss": 0.07795718130330707, "diffusion_target_mae": 0.10498569732488588, "epoch": 16, "prior_mse": 0.27109775778859163, "source_fingerprint_cosine_gain": 0.22241484252519386, "source_fingerprint_regret": 0.0, "source_fingerprint_worse_rate": 9.084302325581395e-05, "source_property_regret": 3.8088267197951826e-06, "source_property_worse_rate": 0.0044477136323748286, "source_radius_regret": 0.001380336013362678, "train_loss": 0.09165143576818843}
{"diffusion_loss": 0.07740914942913277, "diffusion_target_mae": 0.10507467007914255, "epoch": 17, "prior_mse": 0.27102603364822475, "source_fingerprint_cosine_gain": 0.22259370514819787, "source_fingerprint_regret": 0.0, "source_fingerprint_worse_rate": 0.00011355377906976744, "source_property_regret": 6.2910784730116805e-06, "source_property_worse_rate": 0.006582524678886457, "source_radius_regret": 0.0013987711200295666, "train_loss": 0.09110253027012181}
{"diffusion_loss": 0.07633190047602322, "diffusion_target_mae": 0.1047571541438269, "epoch": 18, "prior_mse": 0.2704664285099784, "source_fingerprint_cosine_gain": 0.2230310124713321, "source_fingerprint_regret": 0.0, "source_fingerprint_worse_rate": 9.084302325581395e-05, "source_property_regret": 6.8922951554813955e-06, "source_property_worse_rate": 0.006767805232558139, "source_radius_regret": 0.0013980542832097516, "train_loss": 0.0899974394503028}
{"diffusion_loss": 0.07535669528121172, "diffusion_target_mae": 0.10463314806652624, "epoch": 19, "prior_mse": 0.27042882283066594, "source_fingerprint_cosine_gain": 0.22334781600985415, "source_fingerprint_regret": 0.0, "source_fingerprint_worse_rate": 6.813226744186046e-05, "source_property_regret": 4.175096881560587e-06, "source_property_worse_rate": 0.00540515988372093, "source_radius_regret": 0.0013952664205219684, "train_loss": 0.08901912511088127}
{"diffusion_loss": 0.07534678427632464, "diffusion_target_mae": 0.10466121899527173, "epoch": 20, "prior_mse": 0.2703828569068465, "source_fingerprint_cosine_gain": 0.2233905544461206, "source_fingerprint_regret": 0.0, "source_fingerprint_worse_rate": 9.084302325581395e-05, "source_property_regret": 5.927853498304218e-06, "source_property_worse_rate": 0.006102004299633378, "source_radius_regret": 0.0014282993966886817, "train_loss": 0.08901083166169566}
{"diffusion_loss": 0.07432496833593347, "diffusion_target_mae": 0.10454585013348003, "epoch": 21, "prior_mse": 0.2702809828658437, "source_fingerprint_cosine_gain": 0.2237093320419622, "source_fingerprint_regret": 0.0, "source_fingerprint_worse_rate": 9.084302325581395e-05, "source_property_regret": 6.153631088252413e-06, "source_property_worse_rate": 0.006806037729865936, "source_radius_regret": 0.00141965672319625, "train_loss": 0.08798313712657885}
{"diffusion_loss": 0.0734768801823605, "diffusion_target_mae": 0.10435617567841397, "epoch": 22, "prior_mse": 0.26971411115901417, "source_fingerprint_cosine_gain": 0.2239721365446268, "source_fingerprint_regret": 0.0, "source_fingerprint_worse_rate": 9.084302325581395e-05, "source_property_regret": 4.3235951867296584e-06, "source_property_worse_rate": 0.005409898106441941, "source_radius_regret": 0.0014184873746058277, "train_loss": 0.08710594743836758}
{"diffusion_loss": 0.07322239919110786, "diffusion_target_mae": 0.10432762037529501, "epoch": 23, "prior_mse": 0.2697659387838009, "source_fingerprint_cosine_gain": 0.2241496152656023, "source_fingerprint_regret": 0.0, "source_fingerprint_worse_rate": 6.813226744186046e-05, "source_property_regret": 6.817838420857981e-06, "source_property_worse_rate": 0.007639146680662105, "source_radius_regret": 0.0014309137423392819, "train_loss": 0.08685617330808972}
{"diffusion_loss": 0.07214375446702159, "diffusion_target_mae": 0.10402751636019973, "epoch": 24, "prior_mse": 0.2691861449979072, "source_fingerprint_cosine_gain": 0.22444466778705285, "source_fingerprint_regret": 0.0, "source_fingerprint_worse_rate": 6.813226744186046e-05, "source_property_regret": 5.783144731273961e-06, "source_property_worse_rate": 0.005609556686046512, "source_radius_regret": 0.0014189454133968888, "train_loss": 0.08574698007730551}
{"diffusion_loss": 0.07194710150361061, "diffusion_target_mae": 0.10401147240123083, "epoch": 25, "prior_mse": 0.26916419524093005, "source_fingerprint_cosine_gain": 0.2245534062385559, "source_fingerprint_regret": 0.0, "source_fingerprint_worse_rate": 0.00011355377906976744, "source_property_regret": 8.870648360444433e-06, "source_property_worse_rate": 0.007926053779069768, "source_radius_regret": 0.0014352947811942635, "train_loss": 0.08555194562257723}
{"diffusion_loss": 0.07142279531026996, "diffusion_target_mae": 0.10376752575123033, "epoch": 26, "prior_mse": 0.26862608589405235, "source_fingerprint_cosine_gain": 0.22471053898334503, "source_fingerprint_regret": 0.0, "source_fingerprint_worse_rate": 6.813226744186046e-05, "source_property_regret": 3.939839335959869e-06, "source_property_worse_rate": 0.0052617063345170995, "source_radius_regret": 0.0014332758620121452, "train_loss": 0.0849988060288651}
{"diffusion_loss": 0.07092035379867222, "diffusion_target_mae": 0.1037853948425415, "epoch": 27, "prior_mse": 0.26871667733026106, "source_fingerprint_cosine_gain": 0.2249429354140925, "source_fingerprint_regret": 0.0, "source_fingerprint_worse_rate": 0.00011355377906976744, "source_property_regret": 3.458313924200053e-06, "source_property_worse_rate": 0.0052007630813953485, "source_radius_regret": 0.0014391391251106249, "train_loss": 0.08450131161614906}
{"diffusion_loss": 0.07018175643197326, "diffusion_target_mae": 0.10356235703410105, "epoch": 28, "prior_mse": 0.2683737392342368, "source_fingerprint_cosine_gain": 0.22520192504622216, "source_fingerprint_regret": 0.0, "source_fingerprint_worse_rate": 9.084302325581395e-05, "source_property_regret": 3.415692374936606e-06, "source_property_worse_rate": 0.004538556655630643, "source_radius_regret": 0.0014314502328742556, "train_loss": 0.08374478425397429}
{"diffusion_loss": 0.06988869217592616, "diffusion_target_mae": 0.103612553501545, "epoch": 29, "prior_mse": 0.26843483416840086, "source_fingerprint_cosine_gain": 0.22533132569041364, "source_fingerprint_regret": 0.0, "source_fingerprint_worse_rate": 6.813226744186046e-05, "source_property_regret": 4.900911406252014e-06, "source_property_worse_rate": 0.006147425811261285, "source_radius_regret": 0.001439101765267984, "train_loss": 0.08345605926804764}
{"diffusion_loss": 0.0691443121190681, "diffusion_target_mae": 0.10334357931170353, "epoch": 30, "prior_mse": 0.2679288976414259, "source_fingerprint_cosine_gain": 0.22555331192737402, "source_fingerprint_regret": 0.0, "source_fingerprint_worse_rate": 0.00011355377906976744, "source_property_regret": 3.4099379242935474e-06, "source_property_worse_rate": 0.00421341705720785, "source_radius_regret": 0.0014290538194134486, "train_loss": 0.0826848559947901}
{"cuda_available": true, "cuda_device_count": 1, "cuda_device_name": "NVIDIA H100 80GB HBM3 MIG 2g.20gb", "device": "cuda", "event": "device", "torch_version": "2.12.0"}
{
  "batch_size": 512,
  "benchmark_export": {
    "edit_latent_fingerprints": "SketchMol-Unified-3MDiffusion/outputs/unified_generation_3m_sourceanchor_sweep_v1/blend095_guard050_p005/eval_latent/edit_latent_fingerprints.npy",
    "edit_latent_predictions": "SketchMol-Unified-3MDiffusion/outputs/unified_generation_3m_sourceanchor_sweep_v1/blend095_guard050_p005/eval_latent/edit_latent_predictions.npy",
    "fingerprint_dim": 512,
    "index_csv": "SketchMol-Unified-3MDiffusion/outputs/unified_generation_3m_sourceanchor_sweep_v1/blend095_guard050_p005/eval_latent/index.csv",
    "rows": 1145,
    "variant": "full"
  },
  "by_property_count": {
    "2": {
      "delta_mae": 2.980144542813301,
      "fingerprint_beats_prior": 0.116,
      "fingerprint_beats_source": 0.092,
      "fingerprint_cosine_gain_vs_prior": -0.027643964031607238,
      "fingerprint_cosine_gain_vs_source": -0.05636952142785863,
      "generated_minus_prior_latent_mae": 0.05733538131415844,
      "latent_mae": 0.18635047969222068,
      "latent_mse": 3.4634148437827825,
      "prior_delta_mae": 2.9469038797616958,
      "prior_latent_mae": 0.15452031399309635,
      "prior_target_fingerprint_cosine": 0.7784340101543407,
      "prior_target_property_mae": 5.464547417759896,
      "property_mae_beats_prior": 0.496,
      "property_mae_beats_source": 0.604,
      "property_mae_gain_vs_prior": -0.018575766980648042,
      "property_mae_gain_vs_source": 0.7199438292384147,
      "property_mae_regret_vs_source": 1.9520090806484223,
      "rows": 250.0,
      "source_fingerprint_cosine": 0.8523241183721028,
      "source_target_fingerprint_cosine": 0.8071595675505919,
      "source_target_property_mae": 6.203067013978958,
      "target_fingerprint_cosine": 0.7507900461227335,
      "target_property_mae": 5.483123184740544
    },
    "3": {
      "delta_mae": 3.1282648324370386,
      "fingerprint_beats_prior": 0.064,
      "fingerprint_beats_source": 0.072,
      "fingerprint_cosine_gain_vs_prior": -0.03280054454503385,
      "fingerprint_cosine_gain_vs_source": -0.07122926603461331,
      "generated_minus_prior_latent_mae": 0.05882119967788458,
      "latent_mae": 0.18889428535103797,
      "latent_mse": 3.3013317071199415,
      "prior_delta_mae": 3.0950220636129377,
      "prior_latent_mae": 0.15634128950536252,
      "prior_target_fingerprint_cosine": 0.749711043983499,
      "prior_target_property_mae": 5.241379162549973,
      "property_mae_beats_prior": 0.46,
      "property_mae_beats_source": 0.736,
      "property_mae_gain_vs_prior": -0.033420109152793885,
      "property_mae_gain_vs_source": 2.4502573236227034,
      "property_mae_regret_vs_source": 1.181188982963562,
      "rows": 250.0,
      "source_fingerprint_cosine": 0.822433732909858,
      "source_target_fingerprint_cosine": 0.7881397654730784,
      "source_target_property_mae": 7.72505659532547,
      "target_fingerprint_cosine": 0.716910499438465,
      "target_property_mae": 5.274799271702767
    },
    "4": {
      "delta_mae": 3.061050944566727,
      "fingerprint_beats_prior": 0.048,
      "fingerprint_beats_source": 0.024,
      "fingerprint_cosine_gain_vs_prior": -0.035336139331503376,
      "fingerprint_cosine_gain_vs_source": -0.07541512201953691,
      "generated_minus_prior_latent_mae": 0.060454747810959816,
      "latent_mae": 0.19276624745130538,
      "latent_mse": 3.506577133268118,
      "prior_delta_mae": 3.0249149310588836,
      "prior_latent_mae": 0.1601757395863533,
      "prior_target_fingerprint_cosine": 0.7365482760853065,
      "prior_target_property_mae": 5.367804212152958,
      "property_mae_beats_prior": 0.54,
      "property_mae_beats_source": 0.78,
      "property_mae_gain_vs_prior": 0.061164784848690035,
      "property_mae_gain_vs_source": 4.184027980208397,
      "property_mae_regret_vs_source": 0.9462646975517273,
      "rows": 250.0,
      "source_fingerprint_cosine": 0.8139759317904202,
      "source_target_fingerprint_cosine": 0.7766272587733398,
      "source_target_property_mae": 9.490667407512666,
      "target_fingerprint_cosine": 0.701212136753803,
      "target_property_mae": 5.306639427304268
    },
    "5": {
      "delta_mae": 3.1799520536661148,
      "fingerprint_beats_prior": 0.052,
      "fingerprint_beats_source": 0.044,
      "fingerprint_cosine_gain_vs_prior": -0.030920138580299673,
      "fingerprint_cosine_gain_vs_source": -0.06937084773906695,
      "generated_minus_prior_latent_mae": 0.060245640844106677,
      "latent_mae": 0.1950027461349964,
      "latent_mse": 3.4538744325637816,
      "prior_delta_mae": 3.045514013051987,
      "prior_latent_mae": 0.16186785489320754,
      "prior_target_fingerprint_cosine": 0.7438543647483091,
      "prior_target_property_mae": 5.506905697464943,
      "property_mae_beats_prior": 0.536,
      "property_mae_beats_source": 0.86,
      "property_mae_gain_vs_prior": 0.045196516275405885,
      "property_mae_gain_vs_source": 5.230327333092689,
      "property_mae_regret_vs_source": 0.4743088359832764,
      "rows": 250.0,
      "source_fingerprint_cosine": 0.8215288233954315,
      "source_target_fingerprint_cosine": 0.7823050739070764,
      "source_target_property_mae": 10.692036514282227,
      "target_fingerprint_cosine": 0.7129342261680095,
      "target_property_mae": 5.461709181189537
    },
    "6": {
      "delta_mae": 4.044133914013703,
      "fingerprint_beats_prior": 0.08333333333333333,
      "fingerprint_beats_source": 0.041666666666666664,
      "fingerprint_cosine_gain_vs_prior": -0.03273158023352702,
      "fingerprint_cosine_gain_vs_source": -0.07639778895473487,
      "generated_minus_prior_latent_mae": 0.05981569979339838,
      "latent_mae": 0.23722930482278268,
      "latent_mse": 6.029640610640247,
      "prior_delta_mae": 3.9320888089636963,
      "prior_latent_mae": 0.2014488843580087,
      "prior_target_fingerprint_cosine": 0.7406078528659901,
      "prior_target_property_mae": 7.655183931688468,
      "property_mae_beats_prior": 0.4166666666666667,
      "property_mae_beats_source": 0.7416666666666667,
      "property_mae_gain_vs_prior": -0.10852583249409993,
      "property_mae_gain_vs_source": 4.541789851089319,
      "property_mae_regret_vs_source": 0.9693504869937897,
      "rows": 120.0,
      "source_fingerprint_cosine": 0.8284394371724713,
      "source_target_fingerprint_cosine": 0.7842740615871978,
      "source_target_property_mae": 12.305499615271886,
      "target_fingerprint_cosine": 0.7078762726324631,
      "target_property_mae": 7.763709764182567
    },
    "7": {
      "delta_mae": 4.110253340601921,
      "fingerprint_beats_prior": 0.0,
      "fingerprint_beats_source": 0.0,
      "fingerprint_cosine_gain_vs_prior": -0.046317765880125955,
      "fingerprint_cosine_gain_vs_source": -0.08912585068235543,
      "generated_minus_prior_latent_mae": 0.06394493907690048,
      "latent_mae": 0.24251307547092438,
      "latent_mse": 7.364626163244248,
      "prior_delta_mae": 4.103824303150177,
      "prior_latent_mae": 0.21052078574895858,
      "prior_target_fingerprint_cosine": 0.7335647153144038,
      "prior_target_property_mae": 7.980984110832214,
      "property_mae_beats_prior": 0.56,
      "property_mae_beats_source": 0.88,
      "property_mae_gain_vs_prior": 0.273318920135498,
      "property_mae_gain_vs_source": 9.501206154823302,
      "property_mae_regret_vs_source": 0.6601659393310547,
      "rows": 25.0,
      "source_fingerprint_cosine": 0.8035486547733497,
      "source_target_fingerprint_cosine": 0.7763728001166332,
      "source_target_property_mae": 17.20887134552002,
      "target_fingerprint_cosine": 0.6872469494342779,
      "target_property_mae": 7.707665190696717
    }
  },
  "by_source_similarity_bin": {
    "easy_high_similarity": {
      "delta_mae": 3.245708483113692,
      "fingerprint_beats_prior": 0.05897435897435897,
      "fingerprint_beats_source": 0.0641025641025641,
      "fingerprint_cosine_gain_vs_prior": -0.028574660575056372,
      "fingerprint_cosine_gain_vs_source": -0.03977676278031468,
      "generated_minus_prior_latent_mae": 0.05882693274567525,
      "latent_mae": 0.18207425276438396,
      "latent_mse": 3.4392374674574686,
      "prior_delta_mae": 3.2241042404602736,
      "prior_latent_mae": 0.149355787363572,
      "prior_target_fingerprint_cosine": 0.8630092246826904,
      "prior_target_property_mae": 5.62159510919681,
      "property_mae_beats_prior": 0.5307692307692308,
      "property_mae_beats_source": 0.6948717948717948,
      "property_mae_gain_vs_prior": 0.054490739030715746,
      "property_mae_gain_vs_source": 2.1821881930033364,
      "property_mae_regret_vs_source": 1.1504672405047294,
      "rows": 390.0,
      "source_fingerprint_cosine": 0.9220802208206352,
      "source_target_fingerprint_cosine": 0.8742113268879489,
      "source_target_property_mae": 7.749292563169431,
      "target_fingerprint_cosine": 0.8344345641076343,
      "target_property_mae": 5.567104370166094
    },
    "hard_similarity": {
      "delta_mae": 3.328900950017318,
      "fingerprint_beats_prior": 0.13725490196078433,
      "fingerprint_beats_source": 0.0457516339869281,
      "fingerprint_cosine_gain_vs_prior": -0.03374847845701883,
      "fingerprint_cosine_gain_vs_source": -0.11629677344992441,
      "generated_minus_prior_latent_mae": 0.06147049360123335,
      "latent_mae": 0.2133653333374098,
      "latent_mse": 3.8170419737599253,
      "prior_delta_mae": 3.194654821765189,
      "prior_latent_mae": 0.1790831029122951,
      "prior_target_fingerprint_cosine": 0.5619278277445144,
      "prior_target_property_mae": 5.403802715874965,
      "property_mae_beats_prior": 0.45751633986928103,
      "property_mae_beats_source": 0.8169934640522876,
      "property_mae_gain_vs_prior": -0.08249152719584946,
      "property_mae_gain_vs_source": 5.11151585469838,
      "property_mae_regret_vs_source": 0.9582480083104052,
      "rows": 153.0,
      "source_fingerprint_cosine": 0.6319929331340929,
      "source_target_fingerprint_cosine": 0.64447612273742,
      "source_target_property_mae": 10.597810097769194,
      "target_fingerprint_cosine": 0.5281793492874957,
      "target_property_mae": 5.486294243070814
    },
    "medium_similarity": {
      "delta_mae": 3.15657365913704,
      "fingerprint_beats_prior": 0.059800664451827246,
      "fingerprint_beats_source": 0.05149501661129568,
      "fingerprint_cosine_gain_vs_prior": -0.03397557403478664,
      "fingerprint_cosine_gain_vs_source": -0.07672047578859612,
      "generated_minus_prior_latent_mae": 0.0592080740400426,
      "latent_mae": 0.20204307067136829,
      "latent_mse": 4.00940535257128,
      "prior_delta_mae": 3.0836414369039757,
      "prior_latent_mae": 0.1694596568834148,
      "prior_target_fingerprint_cosine": 0.7255821074725625,
      "prior_target_property_mae": 5.804155961693917,
      "property_mae_beats_prior": 0.4900332225913621,
      "property_mae_beats_source": 0.7641196013289037,
      "property_mae_gain_vs_prior": -0.002041453835972124,
      "property_mae_gain_vs_source": 3.8132370955177715,
      "property_mae_regret_vs_source": 1.122881955383624,
      "rows": 602.0,
      "source_fingerprint_cosine": 0.8152174344807633,
      "source_target_fingerprint_cosine": 0.7683270092263721,
      "source_target_property_mae": 9.619434511047661,
      "target_fingerprint_cosine": 0.691606533437776,
      "target_property_mae": 5.80619741552989
    }
  },
  "condition_connector": "SketchMol-Unified-3MDiffusion/outputs/unified_generation_3m_source_neighbor_sourceguard_v1/edit_condition_tokens/edit_condition_connector.pt",
  "connector_source": "diffusion_checkpoint.connector_state",
  "device": {
    "cuda_available": true,
    "cuda_device_count": 1,
    "cuda_device_name": "NVIDIA H100 80GB HBM3 MIG 2g.20gb",
    "device": "cuda",
    "torch_version": "2.12.0"
  },
  "diffusion_checkpoint": "SketchMol-Unified-3MDiffusion/outputs/unified_generation_3m_sourceanchor_sweep_v1/blend095_guard050_p005/latent_diffusion/latent_diffusion_generation.pt",
  "diffusion_objective": "pred_x0",
  "diffusion_target": "residual",
  "eval_jsonl": "SketchMol-Unified-3MDiffusion/outputs/unified_generation_3m_source_neighbor_sourceguard_v1/dataset/unified_condition_eval.jsonl",
  "fingerprint_dim": 512,
  "latent_block_summary": {
    "active": {
      "generated_prior_mae": 0.3090208172798157,
      "generated_target_mae": 0.410750150680542,
      "prior_target_mae": 0.29774004220962524,
      "source_target_mae": 0.0
    },
    "deltas": {
      "generated_prior_mae": 0.5805802345275879,
      "generated_target_mae": 3.209961414337158,
      "prior_target_mae": 3.1463189125061035,
      "source_target_mae": 0.0
    },
    "fingerprint": {
      "generated_prior_mae": 0.046286314725875854,
      "generated_target_mae": 0.10031160712242126,
      "prior_target_mae": 0.06464815139770508,
      "source_target_mae": 0.03712984547019005
    },
    "properties": {
      "generated_prior_mae": 0.7467843294143677,
      "generated_target_mae": 5.682012557983398,
      "prior_target_mae": 5.6884765625,
      "source_target_mae": 9.113178253173828
    }
  },
  "max_eval_per_property_count": 250,
  "output_dir": "SketchMol-Unified-3MDiffusion/outputs/unified_generation_3m_sourceanchor_sweep_v1/blend095_guard050_p005/eval_latent",
  "overall": {
    "delta_mae": 3.2099611323733517,
    "fingerprint_beats_prior": 0.06986899563318777,
    "fingerprint_beats_source": 0.05502183406113537,
    "fingerprint_cosine_gain_vs_prior": -0.03210561606736893,
    "fingerprint_cosine_gain_vs_source": -0.06942538886191792,
    "generated_minus_prior_latent_mae": 0.05938056756673161,
    "latent_mae": 0.19675439574052153,
    "latent_mse": 3.7894952458878532,
    "prior_delta_mae": 3.1463187655246934,
    "prior_latent_mae": 0.16389797839405235,
    "prior_target_fingerprint_cosine": 0.7505231301044913,
    "prior_target_property_mae": 5.688476678650972,
    "property_mae_beats_prior": 0.4995633187772926,
    "property_mae_beats_source": 0.7475982532751092,
    "property_mae_gain_vs_prior": 0.006463955765728347,
    "property_mae_gain_vs_source": 3.4311651113902637,
    "property_mae_regret_vs_source": 1.1102786953792823,
    "rows": 1145.0,
    "source_fingerprint_cosine": 0.8271328388183261,
    "source_target_fingerprint_cosine": 0.7878429028990404,
    "source_target_property_mae": 9.113177834275508,
    "target_fingerprint_cosine": 0.7184175140371225,
    "target_property_mae": 5.682012722885244
  },
  "rows": 1145,
  "sample_eta": 0.0,
  "sample_steps": 20,
  "seed": 14,
  "source_fingerprint_prior_blend": 0.95,
  "source_similarity_weight_floor": 0.25
}
Unified diffusion refine finished:
  diffusion=SketchMol-Unified-3MDiffusion/outputs/unified_generation_3m_sourceanchor_sweep_v1/blend095_guard050_p005/latent_diffusion/latent_diffusion_generation.pt
  eval=SketchMol-Unified-3MDiffusion/outputs/unified_generation_3m_sourceanchor_sweep_v1/blend095_guard050_p005/eval_latent/metrics.json
#executed by process	0 in 113.568s	with status	0 : bash SketchMol-Unified-3MDiffusion/outputs/unified_generation_3m_sourceanchor_sweep_v1/tasks/blend095_guard050_p005.sh # blend095_guard050_p005
source-anchor diffusion task: blend085_guard100_p005
  base_output_dir=SketchMol-Unified-3MDiffusion/outputs/unified_generation_3m_source_neighbor_sourceguard_v1
  source_fingerprint_prior_blend=0.85
  fingerprint_guard_loss_weight=1.00
  prior_loss_weight=0.05
  extra_epochs=30
  output_dir=SketchMol-Unified-3MDiffusion/outputs/unified_generation_3m_sourceanchor_sweep_v1/blend085_guard100_p005
Running Unified 3M Stage 3 diffusion refine
  python=/home/bdong/.venvs/molscribe_overlay/bin/python
  output_dir=SketchMol-Unified-3MDiffusion/outputs/unified_generation_3m_source_neighbor_sourceguard_v1
  diffusion_dir=SketchMol-Unified-3MDiffusion/outputs/unified_generation_3m_sourceanchor_sweep_v1/blend085_guard100_p005/latent_diffusion
  base_diffusion_dir=SketchMol-Unified-3MDiffusion/outputs/unified_generation_3m_source_neighbor_sourceguard_v1/latent_diffusion
  resume_diffusion_checkpoint=SketchMol-Unified-3MDiffusion/outputs/unified_generation_3m_source_neighbor_sourceguard_v1/latent_diffusion/checkpoints/latest.pt
  diffusion_epochs=30
  diffusion_extra_epochs=30
  diffusion_lr=3e-4
  diffusion_seed=13
  eval_seed=14
  prior_loss_weight=0.05
  source_regret_loss_weight=0.35
  source_regret_margin=0.0
  source_radius_loss_weight=0.10
  source_radius_margin=0.05
  source_similarity_weight_floor=0.25
  source_fingerprint_prior_blend=0.85
  fingerprint_guard_loss_weight=1.00
  fingerprint_guard_margin=0.02
  train_diffusion_connector=1
  allow_incompatible_resume_weights=1
  eval_limit=0
  max_eval_per_property_count=250
  run_materialized_benchmark=0
Resume checkpoint predates current diffusion/source-guard settings; warm-starting model weights only.
{"cuda_available": true, "cuda_device_count": 1, "cuda_device_name": "NVIDIA H100 80GB HBM3 MIG 2g.20gb", "device": "cuda", "event": "device", "torch_version": "2.12.0"}
{"checkpoint": "SketchMol-Unified-3MDiffusion/outputs/unified_generation_3m_source_neighbor_sourceguard_v1/latent_diffusion/checkpoints/latest.pt", "event": "warm_started_incompatible_resume_weights", "reason": "training objective changed"}
{"diffusion_loss": 0.1064355913982835, "diffusion_target_mae": 0.10893261987109516, "epoch": 1, "prior_mse": 0.2700412450141685, "source_fingerprint_cosine_gain": 0.21141608960406724, "source_fingerprint_regret": 4.7667647028537285e-08, "source_fingerprint_worse_rate": 0.0010446947674418604, "source_property_regret": 0.0007493318874681254, "source_property_worse_rate": 0.045524281882789244, "source_radius_regret": 0.0008406794990743185, "train_loss": 0.12028403536871422}
{"diffusion_loss": 0.08873837692446487, "diffusion_target_mae": 0.10374845780952033, "epoch": 2, "prior_mse": 0.2579593928747399, "source_fingerprint_cosine_gain": 0.21853171548871106, "source_fingerprint_regret": 0.0, "source_fingerprint_worse_rate": 6.813226744186046e-05, "source_property_regret": 9.586948933973447e-06, "source_property_worse_rate": 0.008032418543819425, "source_radius_regret": 0.000747718601243917, "train_loss": 0.10171447443061096}
{"diffusion_loss": 0.08528627637167309, "diffusion_target_mae": 0.10328605242593344, "epoch": 3, "prior_mse": 0.25721024028783623, "source_fingerprint_cosine_gain": 0.21982982286880182, "source_fingerprint_regret": 0.0, "source_fingerprint_worse_rate": 2.2710755813953488e-05, "source_property_regret": 1.259083106547708e-05, "source_property_worse_rate": 0.008963559532191518, "source_radius_regret": 0.000824663070636953, "train_loss": 0.0982336619392384}
{"diffusion_loss": 0.08297532311705656, "diffusion_target_mae": 0.10311724722038867, "epoch": 4, "prior_mse": 0.2568497290444929, "source_fingerprint_cosine_gain": 0.22073509509480277, "source_fingerprint_regret": 0.0, "source_fingerprint_worse_rate": 6.813226744186046e-05, "source_property_regret": 8.466637989507329e-06, "source_property_worse_rate": 0.008414906882789246, "source_radius_regret": 0.0008671599227750977, "train_loss": 0.09590748862125152}
{"diffusion_loss": 0.08097188755176789, "diffusion_target_mae": 0.10291414482648982, "epoch": 5, "prior_mse": 0.25638116341690687, "source_fingerprint_cosine_gain": 0.22155214066422263, "source_fingerprint_regret": 0.0, "source_fingerprint_worse_rate": 6.813226744186046e-05, "source_property_regret": 1.1808684773232407e-05, "source_property_worse_rate": 0.009361569618069849, "source_radius_regret": 0.0009139625356954978, "train_loss": 0.0938864754902762}
{"diffusion_loss": 0.07915078796619593, "diffusion_target_mae": 0.10264282855530117, "epoch": 6, "prior_mse": 0.2560766160834667, "source_fingerprint_cosine_gain": 0.22218189839013788, "source_fingerprint_regret": 0.0, "source_fingerprint_worse_rate": 4.5421511627906976e-05, "source_property_regret": 7.255707986575635e-06, "source_property_worse_rate": 0.007014029039351573, "source_radius_regret": 0.0009277581445721173, "train_loss": 0.0920499348363211}
{"diffusion_loss": 0.0781604299365088, "diffusion_target_mae": 0.10247371986854908, "epoch": 7, "prior_mse": 0.25578858512778613, "source_fingerprint_cosine_gain": 0.2225497550396032, "source_fingerprint_regret": 0.0, "source_fingerprint_worse_rate": 6.813226744186046e-05, "source_property_regret": 1.1219126075567596e-05, "source_property_worse_rate": 0.0077897892441860465, "source_radius_regret": 0.0009705407997095134, "train_loss": 0.09105083978799887}
{"diffusion_loss": 0.07672314545096354, "diffusion_target_mae": 0.10223984345793724, "epoch": 8, "prior_mse": 0.255343523656213, "source_fingerprint_cosine_gain": 0.22305920130984727, "source_fingerprint_regret": 0.0, "source_fingerprint_worse_rate": 6.813226744186046e-05, "source_property_regret": 7.449379408051945e-06, "source_property_worse_rate": 0.006128309562607387, "source_radius_regret": 0.0009855773465079797, "train_loss": 0.08959148676936017}
{"diffusion_loss": 0.07562834258342899, "diffusion_target_mae": 0.10212035867017369, "epoch": 9, "prior_mse": 0.25501517847526906, "source_fingerprint_cosine_gain": 0.22346951881813448, "source_fingerprint_regret": 0.0, "source_fingerprint_worse_rate": 6.813226744186046e-05, "source_property_regret": 6.639592417096789e-06, "source_property_worse_rate": 0.006987723776377564, "source_radius_regret": 0.0010091398150909173, "train_loss": 0.08848233919504077}
{"diffusion_loss": 0.07499797373663547, "diffusion_target_mae": 0.10199978964966397, "epoch": 10, "prior_mse": 0.2549669141339701, "source_fingerprint_cosine_gain": 0.22367159571758535, "source_fingerprint_regret": 0.0, "source_fingerprint_worse_rate": 4.5421511627906976e-05, "source_property_regret": 6.759007803035588e-06, "source_property_worse_rate": 0.0074610551386031995, "source_radius_regret": 0.001033286891639406, "train_loss": 0.0878520124526911}
{"diffusion_loss": 0.07405343885685123, "diffusion_target_mae": 0.10188755730903426, "epoch": 11, "prior_mse": 0.2546737180199734, "source_fingerprint_cosine_gain": 0.22404175996780396, "source_fingerprint_regret": 0.0, "source_fingerprint_worse_rate": 6.813226744186046e-05, "source_property_regret": 6.729979812251252e-06, "source_property_worse_rate": 0.007025956273685361, "source_radius_regret": 0.0010479771468495994, "train_loss": 0.08689427774312884}
{"diffusion_loss": 0.07264139191355816, "diffusion_target_mae": 0.10167243123747581, "epoch": 12, "prior_mse": 0.2544200716670169, "source_fingerprint_cosine_gain": 0.22454534696285114, "source_fingerprint_regret": 0.0, "source_fingerprint_worse_rate": 4.5421511627906976e-05, "source_property_regret": 6.285269783580419e-06, "source_property_worse_rate": 0.0065634084302325585, "source_radius_regret": 0.0010457973342475502, "train_loss": 0.08546917582320612}
{"diffusion_loss": 0.07209018072070078, "diffusion_target_mae": 0.10144211698410123, "epoch": 13, "prior_mse": 0.2538421916407208, "source_fingerprint_cosine_gain": 0.2247889740175979, "source_fingerprint_regret": 0.0, "source_fingerprint_worse_rate": 9.084302325581395e-05, "source_property_regret": 5.009382524841523e-06, "source_property_worse_rate": 0.004985582754882269, "source_radius_regret": 0.0010677264105842645, "train_loss": 0.08489081618744274}
{"diffusion_loss": 0.07105532418503317, "diffusion_target_mae": 0.10130996828855471, "epoch": 14, "prior_mse": 0.2536904226208842, "source_fingerprint_cosine_gain": 0.22517558325861775, "source_fingerprint_regret": 0.0, "source_fingerprint_worse_rate": 4.5421511627906976e-05, "source_property_regret": 7.902919647397011e-06, "source_property_worse_rate": 0.006790515988372093, "source_radius_regret": 0.0010687038904803178, "train_loss": 0.08384948189175406}
{"diffusion_loss": 0.07078837508032489, "diffusion_target_mae": 0.1012764637206876, "epoch": 15, "prior_mse": 0.2533990463545156, "source_fingerprint_cosine_gain": 0.22528977900050406, "source_fingerprint_regret": 0.0, "source_fingerprint_worse_rate": 6.813226744186046e-05, "source_property_regret": 7.395398940237913e-06, "source_property_worse_rate": 0.007801716475812502, "source_radius_regret": 0.0010880452525249662, "train_loss": 0.08356972012755483}
{"diffusion_loss": 0.06980986026830452, "diffusion_target_mae": 0.10104467373254687, "epoch": 16, "prior_mse": 0.2530325836566992, "source_fingerprint_cosine_gain": 0.2256291063372479, "source_fingerprint_regret": 0.0, "source_fingerprint_worse_rate": 4.5421511627906976e-05, "source_property_regret": 7.251382194871467e-06, "source_property_worse_rate": 0.007309268864932968, "source_radius_regret": 0.0010923093312073411, "train_loss": 0.0825732578198577}
{"diffusion_loss": 0.06930465372495873, "diffusion_target_mae": 0.1008660698872666, "epoch": 17, "prior_mse": 0.25281128114046053, "source_fingerprint_cosine_gain": 0.22573202623184338, "source_fingerprint_regret": 0.0, "source_fingerprint_worse_rate": 9.084302325581395e-05, "source_property_regret": 6.123412729451388e-06, "source_property_worse_rate": 0.0058820857558139535, "source_radius_regret": 0.001102629119698175, "train_loss": 0.08205762418896653}
{"diffusion_loss": 0.06831073804303657, "diffusion_target_mae": 0.10072529714467914, "epoch": 18, "prior_mse": 0.2524697214018467, "source_fingerprint_cosine_gain": 0.22620011259650075, "source_fingerprint_regret": 0.0, "source_fingerprint_worse_rate": 4.5421511627906976e-05, "source_property_regret": 4.608568884881324e-06, "source_property_worse_rate": 0.005352549357772913, "source_radius_regret": 0.0010989388440150855, "train_loss": 0.0810457312956799}
{"diffusion_loss": 0.06750720132922017, "diffusion_target_mae": 0.10059005862405133, "epoch": 19, "prior_mse": 0.2523553667719974, "source_fingerprint_cosine_gain": 0.22646117938119312, "source_fingerprint_regret": 0.0, "source_fingerprint_worse_rate": 4.5421511627906976e-05, "source_property_regret": 4.558603647484179e-06, "source_property_worse_rate": 0.005564135174418605, "source_radius_regret": 0.0010913971196968369, "train_loss": 0.0802357054727022}
{"diffusion_loss": 0.0673337118743464, "diffusion_target_mae": 0.1004995022748792, "epoch": 20, "prior_mse": 0.25218521422424983, "source_fingerprint_cosine_gain": 0.226564840348654, "source_fingerprint_regret": 0.0, "source_fingerprint_worse_rate": 4.5421511627906976e-05, "source_property_regret": 5.9803706715661835e-06, "source_property_worse_rate": 0.005654978197674418, "source_radius_regret": 0.0011068824583902782, "train_loss": 0.08005575411194979}
{"diffusion_loss": 0.06676615722650706, "diffusion_target_mae": 0.10043921113707298, "epoch": 21, "prior_mse": 0.2519223421465519, "source_fingerprint_cosine_gain": 0.22672817474880883, "source_fingerprint_regret": 0.0, "source_fingerprint_worse_rate": 4.5421511627906976e-05, "source_property_regret": 8.007305914511867e-06, "source_property_worse_rate": 0.008175872093023256, "source_radius_regret": 0.0011125900132884813, "train_loss": 0.07947633640710698}
{"diffusion_loss": 0.06618711014473161, "diffusion_target_mae": 0.10022475821680801, "epoch": 22, "prior_mse": 0.25159421424533046, "source_fingerprint_cosine_gain": 0.22688473016023636, "source_fingerprint_regret": 0.0, "source_fingerprint_worse_rate": 6.813226744186046e-05, "source_property_regret": 3.1661870982418388e-06, "source_property_worse_rate": 0.004466829881028727, "source_radius_regret": 0.0011180826587342593, "train_loss": 0.07887973740350368}
{"diffusion_loss": 0.0655857011849104, "diffusion_target_mae": 0.10012375944575598, "epoch": 23, "prior_mse": 0.2515259719518728, "source_fingerprint_cosine_gain": 0.22719532407300416, "source_fingerprint_regret": 0.0, "source_fingerprint_worse_rate": 4.5421511627906976e-05, "source_property_regret": 6.996558740106577e-06, "source_property_worse_rate": 0.006140236796941175, "source_radius_regret": 0.001112580013753803, "train_loss": 0.07827570653238962}
{"diffusion_loss": 0.06518338100854741, "diffusion_target_mae": 0.10011351455089658, "epoch": 24, "prior_mse": 0.25123292294352556, "source_fingerprint_cosine_gain": 0.22728863289189893, "source_fingerprint_regret": 0.0, "source_fingerprint_worse_rate": 4.5421511627906976e-05, "source_property_regret": 8.206526075975038e-06, "source_property_worse_rate": 0.007903343023255814, "source_radius_regret": 0.0011250884055571501, "train_loss": 0.07786040848424268}
{"diffusion_loss": 0.06454185140860635, "diffusion_target_mae": 0.09992292211499325, "epoch": 25, "prior_mse": 0.251100686573705, "source_fingerprint_cosine_gain": 0.22752390645964202, "source_fingerprint_regret": 0.0, "source_fingerprint_worse_rate": 6.813226744186046e-05, "source_property_regret": 9.178792806263658e-06, "source_property_worse_rate": 0.008484182879328728, "source_radius_regret": 0.0011139445651192651, "train_loss": 0.07721149288984232}
{"diffusion_loss": 0.06428773930772792, "diffusion_target_mae": 0.09982423683585123, "epoch": 26, "prior_mse": 0.25065046548843384, "source_fingerprint_cosine_gain": 0.2276243271176205, "source_fingerprint_regret": 0.0, "source_fingerprint_worse_rate": 6.813226744186046e-05, "source_property_regret": 1.5180273473183027e-05, "source_property_worse_rate": 0.008797395227173732, "source_radius_regret": 0.001124866149756451, "train_loss": 0.07693806273299594}
{"diffusion_loss": 0.06403245231093363, "diffusion_target_mae": 0.0996696469049121, "epoch": 27, "prior_mse": 0.2505917429577473, "source_fingerprint_cosine_gain": 0.22770185647315758, "source_fingerprint_regret": 0.0, "source_fingerprint_worse_rate": 4.5421511627906976e-05, "source_property_regret": 3.5756562538928065e-06, "source_property_worse_rate": 0.005174457818421341, "source_radius_regret": 0.0011337149582348418, "train_loss": 0.07667666223160056}
{"diffusion_loss": 0.063294293358922, "diffusion_target_mae": 0.09954170345566994, "epoch": 28, "prior_mse": 0.25045099230699763, "source_fingerprint_cosine_gain": 0.22799801237361375, "source_fingerprint_regret": 0.0, "source_fingerprint_worse_rate": 6.813226744186046e-05, "source_property_regret": 2.6503521536351e-06, "source_property_worse_rate": 0.004103457788005471, "source_radius_regret": 0.0011232820242036913, "train_loss": 0.07593009820164637}
{"diffusion_loss": 0.06292001023715318, "diffusion_target_mae": 0.09944607889236406, "epoch": 29, "prior_mse": 0.250193128232346, "source_fingerprint_cosine_gain": 0.22816505283117294, "source_fingerprint_regret": 0.0, "source_fingerprint_worse_rate": 6.813226744186046e-05, "source_property_regret": 3.97374994201883e-06, "source_property_worse_rate": 0.005371665603719478, "source_radius_regret": 0.0011247425383433354, "train_loss": 0.07554353245122489}
{"diffusion_loss": 0.062422506121355435, "diffusion_target_mae": 0.09926355760111365, "epoch": 30, "prior_mse": 0.24979000677203023, "source_fingerprint_cosine_gain": 0.22831041400515756, "source_fingerprint_regret": 0.0, "source_fingerprint_worse_rate": 6.813226744186046e-05, "source_property_regret": 2.495489054342453e-06, "source_property_worse_rate": 0.00414528478976599, "source_radius_regret": 0.0011186268719368029, "train_loss": 0.07502474237320035}
{"cuda_available": true, "cuda_device_count": 1, "cuda_device_name": "NVIDIA H100 80GB HBM3 MIG 2g.20gb", "device": "cuda", "event": "device", "torch_version": "2.12.0"}
{
  "batch_size": 512,
  "benchmark_export": {
    "edit_latent_fingerprints": "SketchMol-Unified-3MDiffusion/outputs/unified_generation_3m_sourceanchor_sweep_v1/blend085_guard100_p005/eval_latent/edit_latent_fingerprints.npy",
    "edit_latent_predictions": "SketchMol-Unified-3MDiffusion/outputs/unified_generation_3m_sourceanchor_sweep_v1/blend085_guard100_p005/eval_latent/edit_latent_predictions.npy",
    "fingerprint_dim": 512,
    "index_csv": "SketchMol-Unified-3MDiffusion/outputs/unified_generation_3m_sourceanchor_sweep_v1/blend085_guard100_p005/eval_latent/index.csv",
    "rows": 1145,
    "variant": "full"
  },
  "by_property_count": {
    "2": {
      "delta_mae": 2.955888835012913,
      "fingerprint_beats_prior": 0.116,
      "fingerprint_beats_source": 0.068,
      "fingerprint_cosine_gain_vs_prior": -0.02313349173914379,
      "fingerprint_cosine_gain_vs_source": -0.0685072950699693,
      "generated_minus_prior_latent_mae": 0.05168582308292389,
      "latent_mae": 0.18685422205924987,
      "latent_mse": 3.604142311125994,
      "prior_delta_mae": 2.973783175170422,
      "prior_latent_mae": 0.16009365528821945,
      "prior_target_fingerprint_cosine": 0.7617857642197664,
      "prior_target_property_mae": 5.582710979104042,
      "property_mae_beats_prior": 0.552,
      "property_mae_beats_source": 0.6,
      "property_mae_gain_vs_prior": 0.0007425845861434937,
      "property_mae_gain_vs_source": 0.6210986194610596,
      "property_mae_regret_vs_source": 2.0301837270259857,
      "rows": 250.0,
      "source_fingerprint_cosine": 0.8332227572656852,
      "source_target_fingerprint_cosine": 0.8071595675505919,
      "source_target_property_mae": 6.203067013978958,
      "target_fingerprint_cosine": 0.7386522724806227,
      "target_property_mae": 5.581968394517898
    },
    "3": {
      "delta_mae": 3.136570821642876,
      "fingerprint_beats_prior": 0.08,
      "fingerprint_beats_source": 0.032,
      "fingerprint_cosine_gain_vs_prior": -0.02694551971516908,
      "fingerprint_cosine_gain_vs_source": -0.08192688184121483,
      "generated_minus_prior_latent_mae": 0.05265899860113859,
      "latent_mae": 0.189997103869915,
      "latent_mse": 3.4141254106760024,
      "prior_delta_mae": 3.1359293920993805,
      "prior_latent_mae": 0.16224187429249287,
      "prior_target_fingerprint_cosine": 0.7331584033470327,
      "prior_target_property_mae": 5.402897744297981,
      "property_mae_beats_prior": 0.504,
      "property_mae_beats_source": 0.716,
      "property_mae_gain_vs_prior": -0.015155921578407288,
      "property_mae_gain_vs_source": 2.3070029294490815,
      "property_mae_regret_vs_source": 1.2274566850662232,
      "rows": 250.0,
      "source_fingerprint_cosine": 0.8026196392690018,
      "source_target_fingerprint_cosine": 0.7881397654730784,
      "source_target_property_mae": 7.72505659532547,
      "target_fingerprint_cosine": 0.7062128836318635,
      "target_property_mae": 5.418053665876388
    },
    "4": {
      "delta_mae": 3.074086315870285,
      "fingerprint_beats_prior": 0.064,
      "fingerprint_beats_source": 0.012,
      "fingerprint_cosine_gain_vs_prior": -0.029593685040133225,
      "fingerprint_cosine_gain_vs_source": -0.08794429318369855,
      "generated_minus_prior_latent_mae": 0.05507529074698687,
      "latent_mae": 0.1939247161746025,
      "latent_mse": 3.664794031023979,
      "prior_delta_mae": 3.1059348111152647,
      "prior_latent_mae": 0.16581576591730118,
      "prior_target_fingerprint_cosine": 0.7182766506297745,
      "prior_target_property_mae": 5.485768236994743,
      "property_mae_beats_prior": 0.568,
      "property_mae_beats_source": 0.756,
      "property_mae_gain_vs_prior": 0.045035315275192264,
      "property_mae_gain_vs_source": 4.049934485793114,
      "property_mae_regret_vs_source": 1.0033292384147645,
      "rows": 250.0,
      "source_fingerprint_cosine": 0.7930739713680895,
      "source_target_fingerprint_cosine": 0.7766272587733398,
      "source_target_property_mae": 9.490667407512666,
      "target_fingerprint_cosine": 0.6886829655896413,
      "target_property_mae": 5.440732921719551
    },
    "5": {
      "delta_mae": 3.156335597753525,
      "fingerprint_beats_prior": 0.08,
      "fingerprint_beats_source": 0.028,
      "fingerprint_cosine_gain_vs_prior": -0.02432223562447212,
      "fingerprint_cosine_gain_vs_source": -0.08020655466182047,
      "generated_minus_prior_latent_mae": 0.0541756848692894,
      "latent_mae": 0.19579034304618836,
      "latent_mse": 3.5752803794443606,
      "prior_delta_mae": 3.077067650794983,
      "prior_latent_mae": 0.16780408987402917,
      "prior_target_fingerprint_cosine": 0.726420754869728,
      "prior_target_property_mae": 5.6956394473910334,
      "property_mae_beats_prior": 0.536,
      "property_mae_beats_source": 0.848,
      "property_mae_gain_vs_prior": 0.09503535598516465,
      "property_mae_gain_vs_source": 5.091432422876358,
      "property_mae_regret_vs_source": 0.5645437049865722,
      "rows": 250.0,
      "source_fingerprint_cosine": 0.8013784669315825,
      "source_target_fingerprint_cosine": 0.7823050739070764,
      "source_target_property_mae": 10.692036514282227,
      "target_fingerprint_cosine": 0.7020985192452559,
      "target_property_mae": 5.600604091405868
    },
    "6": {
      "delta_mae": 4.060619728267193,
      "fingerprint_beats_prior": 0.11666666666666667,
      "fingerprint_beats_source": 0.016666666666666666,
      "fingerprint_cosine_gain_vs_prior": -0.02584719879749142,
      "fingerprint_cosine_gain_vs_source": -0.09066132012437426,
      "generated_minus_prior_latent_mae": 0.0551848656963557,
      "latent_mae": 0.2394439447671175,
      "latent_mse": 6.246268000081182,
      "prior_delta_mae": 3.993634686867396,
      "prior_latent_mae": 0.20867829211056232,
      "prior_target_fingerprint_cosine": 0.719459940260315,
      "prior_target_property_mae": 7.8613421872258185,
      "property_mae_beats_prior": 0.425,
      "property_mae_beats_source": 0.7416666666666667,
      "property_mae_gain_vs_prior": -0.08512994572520256,
      "property_mae_gain_vs_source": 4.359027482320865,
      "property_mae_regret_vs_source": 1.136771066983541,
      "rows": 120.0,
      "source_fingerprint_cosine": 0.8058511139665977,
      "source_target_fingerprint_cosine": 0.7842740615871978,
      "source_target_property_mae": 12.305499615271886,
      "target_fingerprint_cosine": 0.6936127414628237,
      "target_property_mae": 7.946472132951021
    },
    "7": {
      "delta_mae": 4.102645374536515,
      "fingerprint_beats_prior": 0.04,
      "fingerprint_beats_source": 0.0,
      "fingerprint_cosine_gain_vs_prior": -0.03717413030728071,
      "fingerprint_cosine_gain_vs_source": -0.0976715910699502,
      "generated_minus_prior_latent_mae": 0.056988643556833266,
      "latent_mae": 0.24457796424627304,
      "latent_mse": 7.427141281366349,
      "prior_delta_mae": 4.1528406548500065,
      "prior_latent_mae": 0.21772113621234893,
      "prior_target_fingerprint_cosine": 0.7158753393539637,
      "prior_target_property_mae": 8.2927437210083,
      "property_mae_beats_prior": 0.76,
      "property_mae_beats_source": 0.88,
      "property_mae_gain_vs_prior": 0.28436033248901366,
      "property_mae_gain_vs_source": 9.200487957000732,
      "property_mae_regret_vs_source": 0.6295856857299804,
      "rows": 25.0,
      "source_fingerprint_cosine": 0.7849969980291114,
      "source_target_fingerprint_cosine": 0.7763728001166332,
      "source_target_property_mae": 17.20887134552002,
      "target_fingerprint_cosine": 0.6787012090466831,
      "target_property_mae": 8.008383388519286
    }
  },
  "by_source_similarity_bin": {
    "easy_high_similarity": {
      "delta_mae": 3.2237884303316093,
      "fingerprint_beats_prior": 0.06923076923076923,
      "fingerprint_beats_source": 0.041025641025641026,
      "fingerprint_cosine_gain_vs_prior": -0.02455197022017367,
      "fingerprint_cosine_gain_vs_source": -0.05051688102820376,
      "generated_minus_prior_latent_mae": 0.053174097219911905,
      "latent_mae": 0.18369874201523953,
      "latent_mse": 3.5403931703322975,
      "prior_delta_mae": 3.2644392883548368,
      "prior_latent_mae": 0.15614761160925414,
      "prior_target_fingerprint_cosine": 0.8482464160799188,
      "prior_target_property_mae": 5.69308339319168,
      "property_mae_beats_prior": 0.5538461538461539,
      "property_mae_beats_source": 0.6846153846153846,
      "property_mae_gain_vs_prior": 0.05125632484753927,
      "property_mae_gain_vs_source": 2.10746549482529,
      "property_mae_regret_vs_source": 1.2148701942884006,
      "rows": 390.0,
      "source_fingerprint_cosine": 0.905482446570132,
      "source_target_fingerprint_cosine": 0.8742113268879489,
      "source_target_property_mae": 7.749292563169431,
      "target_fingerprint_cosine": 0.8236944458597452,
      "target_property_mae": 5.64182706834414
    },
    "hard_similarity": {
      "delta_mae": 3.364454891557008,
      "fingerprint_beats_prior": 0.1830065359477124,
      "fingerprint_beats_source": 0.026143790849673203,
      "fingerprint_cosine_gain_vs_prior": -0.025231040669287372,
      "fingerprint_cosine_gain_vs_source": -0.1222805361352959,
      "generated_minus_prior_latent_mae": 0.05551767539159924,
      "latent_mae": 0.2137987618547639,
      "latent_mse": 3.9722535379377066,
      "prior_delta_mae": 3.2629089234701167,
      "prior_latent_mae": 0.1837508153486875,
      "prior_target_fingerprint_cosine": 0.5474266272714116,
      "prior_target_property_mae": 5.660108411039403,
      "property_mae_beats_prior": 0.5359477124183006,
      "property_mae_beats_source": 0.8104575163398693,
      "property_mae_gain_vs_prior": -0.05948108259369345,
      "property_mae_gain_vs_source": 4.878220604136099,
      "property_mae_regret_vs_source": 0.9925145814621371,
      "rows": 153.0,
      "source_fingerprint_cosine": 0.6155035732213999,
      "source_target_fingerprint_cosine": 0.64447612273742,
      "source_target_property_mae": 10.597810097769194,
      "target_fingerprint_cosine": 0.5221955866021242,
      "target_property_mae": 5.719589493633095
    },
    "medium_similarity": {
      "delta_mae": 3.1536907111093453,
      "fingerprint_beats_prior": 0.07475083056478406,
      "fingerprint_beats_source": 0.02823920265780731,
      "fingerprint_cosine_gain_vs_prior": -0.027565004210700732,
      "fingerprint_cosine_gain_vs_source": -0.09062607765971714,
      "generated_minus_prior_latent_mae": 0.05351120771908285,
      "latent_mae": 0.20288305451159067,
      "latent_mse": 4.171608135178437,
      "prior_delta_mae": 3.1293680205000594,
      "prior_latent_mae": 0.1751857583482202,
      "prior_target_fingerprint_cosine": 0.7052659357773555,
      "prior_target_property_mae": 5.990256889045635,
      "property_mae_beats_prior": 0.5182724252491694,
      "property_mae_beats_source": 0.7475083056478405,
      "property_mae_gain_vs_prior": 0.028934198236742686,
      "property_mae_gain_vs_source": 3.6581118202387692,
      "property_mae_regret_vs_source": 1.2174026616586007,
      "rows": 602.0,
      "source_fingerprint_cosine": 0.7916786818439928,
      "source_target_fingerprint_cosine": 0.7683270092263721,
      "source_target_property_mae": 9.619434511047661,
      "target_fingerprint_cosine": 0.6777009315666548,
      "target_property_mae": 5.961322690808892
    }
  },
  "condition_connector": "SketchMol-Unified-3MDiffusion/outputs/unified_generation_3m_source_neighbor_sourceguard_v1/edit_condition_tokens/edit_condition_connector.pt",
  "connector_source": "diffusion_checkpoint.connector_state",
  "device": {
    "cuda_available": true,
    "cuda_device_count": 1,
    "cuda_device_name": "NVIDIA H100 80GB HBM3 MIG 2g.20gb",
    "device": "cuda",
    "torch_version": "2.12.0"
  },
  "diffusion_checkpoint": "SketchMol-Unified-3MDiffusion/outputs/unified_generation_3m_sourceanchor_sweep_v1/blend085_guard100_p005/latent_diffusion/latent_diffusion_generation.pt",
  "diffusion_objective": "pred_x0",
  "diffusion_target": "residual",
  "eval_jsonl": "SketchMol-Unified-3MDiffusion/outputs/unified_generation_3m_source_neighbor_sourceguard_v1/dataset/unified_condition_eval.jsonl",
  "fingerprint_dim": 512,
  "latent_block_summary": {
    "active": {
      "generated_prior_mae": 0.31775373220443726,
      "generated_target_mae": 0.43577978014945984,
      "prior_target_mae": 0.30859702825546265,
      "source_target_mae": 0.0
    },
    "deltas": {
      "generated_prior_mae": 0.5949559211730957,
      "generated_target_mae": 3.2057299613952637,
      "prior_target_mae": 3.1932191848754883,
      "source_target_mae": 0.0
    },
    "fingerprint": {
      "generated_prior_mae": 0.04045158997178078,
      "generated_target_mae": 0.09935537725687027,
      "prior_target_mae": 0.06859663128852844,
      "source_target_mae": 0.03712984547019005
    },
    "properties": {
      "generated_prior_mae": 0.6670289635658264,
      "generated_target_mae": 5.820197582244873,
      "prior_target_mae": 5.844920635223389,
      "source_target_mae": 9.113178253173828
    }
  },
  "max_eval_per_property_count": 250,
  "output_dir": "SketchMol-Unified-3MDiffusion/outputs/unified_generation_3m_sourceanchor_sweep_v1/blend085_guard100_p005/eval_latent",
  "overall": {
    "delta_mae": 3.2057300387121184,
    "fingerprint_beats_prior": 0.08733624454148471,
    "fingerprint_beats_source": 0.032314410480349345,
    "fingerprint_cosine_gain_vs_prior": -0.02622685602018388,
    "fingerprint_cosine_gain_vs_source": -0.08119423963392966,
    "generated_minus_prior_latent_mae": 0.053664497203116335,
    "latent_mae": 0.19780726529755446,
    "latent_mse": 3.9299705022807725,
    "prior_delta_mae": 3.193219158157511,
    "prior_latent_mae": 0.16984565048173525,
    "prior_target_fingerprint_cosine": 0.7328755192852946,
    "prior_target_property_mae": 5.844920312174023,
    "property_mae_beats_prior": 0.5327510917030568,
    "property_mae_beats_source": 0.7344978165938865,
    "property_mae_gain_vs_prior": 0.024722924360021232,
    "property_mae_gain_vs_source": 3.292980446461507,
    "property_mae_regret_vs_source": 1.1864895275586558,
    "rows": 1145.0,
    "source_fingerprint_cosine": 0.8069002334806195,
    "source_target_fingerprint_cosine": 0.7878429028990404,
    "source_target_property_mae": 9.113177834275508,
    "target_fingerprint_cosine": 0.7066486632651108,
    "target_property_mae": 5.820197387814002
  },
  "rows": 1145,
  "sample_eta": 0.0,
  "sample_steps": 20,
  "seed": 14,
  "source_fingerprint_prior_blend": 0.85,
  "source_similarity_weight_floor": 0.25
}
Unified diffusion refine finished:
  diffusion=SketchMol-Unified-3MDiffusion/outputs/unified_generation_3m_sourceanchor_sweep_v1/blend085_guard100_p005/latent_diffusion/latent_diffusion_generation.pt
  eval=SketchMol-Unified-3MDiffusion/outputs/unified_generation_3m_sourceanchor_sweep_v1/blend085_guard100_p005/eval_latent/metrics.json
#executed by process	0 in 112.342s	with status	0 : bash SketchMol-Unified-3MDiffusion/outputs/unified_generation_3m_sourceanchor_sweep_v1/tasks/blend085_guard100_p005.sh # blend085_guard100_p005
source-anchor diffusion task: blend085_guard050_p025
  base_output_dir=SketchMol-Unified-3MDiffusion/outputs/unified_generation_3m_source_neighbor_sourceguard_v1
  source_fingerprint_prior_blend=0.85
  fingerprint_guard_loss_weight=0.50
  prior_loss_weight=0.25
  extra_epochs=30
  output_dir=SketchMol-Unified-3MDiffusion/outputs/unified_generation_3m_sourceanchor_sweep_v1/blend085_guard050_p025
Running Unified 3M Stage 3 diffusion refine
  python=/home/bdong/.venvs/molscribe_overlay/bin/python
  output_dir=SketchMol-Unified-3MDiffusion/outputs/unified_generation_3m_source_neighbor_sourceguard_v1
  diffusion_dir=SketchMol-Unified-3MDiffusion/outputs/unified_generation_3m_sourceanchor_sweep_v1/blend085_guard050_p025/latent_diffusion
  base_diffusion_dir=SketchMol-Unified-3MDiffusion/outputs/unified_generation_3m_source_neighbor_sourceguard_v1/latent_diffusion
  resume_diffusion_checkpoint=SketchMol-Unified-3MDiffusion/outputs/unified_generation_3m_source_neighbor_sourceguard_v1/latent_diffusion/checkpoints/latest.pt
  diffusion_epochs=30
  diffusion_extra_epochs=30
  diffusion_lr=3e-4
  diffusion_seed=13
  eval_seed=14
  prior_loss_weight=0.25
  source_regret_loss_weight=0.35
  source_regret_margin=0.0
  source_radius_loss_weight=0.10
  source_radius_margin=0.05
  source_similarity_weight_floor=0.25
  source_fingerprint_prior_blend=0.85
  fingerprint_guard_loss_weight=0.50
  fingerprint_guard_margin=0.02
  train_diffusion_connector=1
  allow_incompatible_resume_weights=1
  eval_limit=0
  max_eval_per_property_count=250
  run_materialized_benchmark=0
Resume checkpoint predates current diffusion/source-guard settings; warm-starting model weights only.
{"cuda_available": true, "cuda_device_count": 1, "cuda_device_name": "NVIDIA H100 80GB HBM3 MIG 2g.20gb", "device": "cuda", "event": "device", "torch_version": "2.12.0"}
{"checkpoint": "SketchMol-Unified-3MDiffusion/outputs/unified_generation_3m_source_neighbor_sourceguard_v1/latent_diffusion/checkpoints/latest.pt", "event": "warm_started_incompatible_resume_weights", "reason": "training objective changed"}
{"diffusion_loss": 0.10686920903796374, "diffusion_target_mae": 0.10904171621037084, "epoch": 1, "prior_mse": 0.2682561578099118, "source_fingerprint_cosine_gain": 0.21124140398446903, "source_fingerprint_regret": 5.987672893937532e-08, "source_fingerprint_worse_rate": 0.001112827034883721, "source_property_regret": 0.0007452726896129995, "source_property_worse_rate": 0.0447031001690342, "source_radius_regret": 0.000846911268782542, "train_loss": 0.17427881495204084}
{"diffusion_loss": 0.08922718179433844, "diffusion_target_mae": 0.10347570834118267, "epoch": 2, "prior_mse": 0.25485225593627886, "source_fingerprint_cosine_gain": 0.21834900351457817, "source_fingerprint_regret": 0.0, "source_fingerprint_worse_rate": 4.5421511627906976e-05, "source_property_regret": 7.241988341217699e-06, "source_property_worse_rate": 0.007541114637671515, "source_radius_regret": 0.0007534389205406918, "train_loss": 0.1530181249213773}
{"diffusion_loss": 0.08598496938167616, "diffusion_target_mae": 0.10310087214375652, "epoch": 3, "prior_mse": 0.25404390900634055, "source_fingerprint_cosine_gain": 0.21957713070996973, "source_fingerprint_regret": 0.0, "source_fingerprint_worse_rate": 2.2710755813953488e-05, "source_property_regret": 1.4295306613485333e-05, "source_property_worse_rate": 0.01051148543470041, "source_radius_regret": 0.0008333540030181149, "train_loss": 0.14958428522182066}
{"diffusion_loss": 0.0838065731317498, "diffusion_target_mae": 0.10241344363190406, "epoch": 4, "prior_mse": 0.2526950914152833, "source_fingerprint_cosine_gain": 0.2203939874158349, "source_fingerprint_regret": 0.0, "source_fingerprint_worse_rate": 6.813226744186046e-05, "source_property_regret": 1.131367823785077e-05, "source_property_worse_rate": 0.009856468023255814, "source_radius_regret": 0.0008745893164602823, "train_loss": 0.1470717652592548}
{"diffusion_loss": 0.08207974314343097, "diffusion_target_mae": 0.10224617272615433, "epoch": 5, "prior_mse": 0.2524458396919938, "source_fingerprint_cosine_gain": 0.22110332548618317, "source_fingerprint_regret": 0.0, "source_fingerprint_worse_rate": 4.5421511627906976e-05, "source_property_regret": 1.2656371885943007e-05, "source_property_worse_rate": 0.010666866218238029, "source_radius_regret": 0.0009302953887611714, "train_loss": 0.14528866285501524}
{"diffusion_loss": 0.08113004353850387, "diffusion_target_mae": 0.10197138474431149, "epoch": 6, "prior_mse": 0.2517540687045386, "source_fingerprint_cosine_gain": 0.2214856007417967, "source_fingerprint_regret": 0.0, "source_fingerprint_worse_rate": 6.813226744186046e-05, "source_property_regret": 1.7221012455872332e-05, "source_property_worse_rate": 0.012302040636842681, "source_radius_regret": 0.0009594986697139088, "train_loss": 0.14417053637809532}
{"diffusion_loss": 0.07931336474626563, "diffusion_target_mae": 0.10133986296348793, "epoch": 7, "prior_mse": 0.25062326601771423, "source_fingerprint_cosine_gain": 0.22208527908768766, "source_fingerprint_regret": 0.0, "source_fingerprint_worse_rate": 6.813226744186046e-05, "source_property_regret": 9.148772359122562e-06, "source_property_worse_rate": 0.007604508690514364, "source_radius_regret": 0.0009868165090961686, "train_loss": 0.14207106482150944}
{"diffusion_loss": 0.07792472024989683, "diffusion_target_mae": 0.10091175832027613, "epoch": 8, "prior_mse": 0.24986763419800026, "source_fingerprint_cosine_gain": 0.22253706150276717, "source_fingerprint_regret": 0.0, "source_fingerprint_worse_rate": 6.813226744186046e-05, "source_property_regret": 8.394995087462757e-06, "source_property_worse_rate": 0.007585392441860465, "source_radius_regret": 0.0009994205827878917, "train_loss": 0.1404945096650789}
{"diffusion_loss": 0.07715006380580193, "diffusion_target_mae": 0.10068710720123247, "epoch": 9, "prior_mse": 0.24924181401729584, "source_fingerprint_cosine_gain": 0.22282399739636932, "source_fingerprint_regret": 0.0, "source_fingerprint_worse_rate": 6.813226744186046e-05, "source_property_regret": 9.957189810780503e-06, "source_property_worse_rate": 0.009380685858601747, "source_radius_regret": 0.0010389831041657301, "train_loss": 0.13956790018913356}
{"diffusion_loss": 0.07571241224921027, "diffusion_target_mae": 0.10031101887309274, "epoch": 10, "prior_mse": 0.248546518212141, "source_fingerprint_cosine_gain": 0.2233642374360284, "source_fingerprint_regret": 0.0, "source_fingerprint_worse_rate": 2.2710755813953488e-05, "source_property_regret": 1.2012765768353641e-05, "source_property_worse_rate": 0.009744057951625003, "source_radius_regret": 0.001034336574754656, "train_loss": 0.1379566802534946}
{"diffusion_loss": 0.07499555359746135, "diffusion_target_mae": 0.1000892854360647, "epoch": 11, "prior_mse": 0.2480824237992597, "source_fingerprint_cosine_gain": 0.22366297990083694, "source_fingerprint_regret": 0.0, "source_fingerprint_worse_rate": 6.813226744186046e-05, "source_property_regret": 1.0175600798497663e-05, "source_property_worse_rate": 0.010409858889964431, "source_radius_regret": 0.0010560480823610411, "train_loss": 0.13712532419797985}
{"diffusion_loss": 0.0743327621630458, "diffusion_target_mae": 0.09999803808885951, "epoch": 12, "prior_mse": 0.248047360500624, "source_fingerprint_cosine_gain": 0.2238784541570863, "source_fingerprint_regret": 0.0, "source_fingerprint_worse_rate": 4.5421511627906976e-05, "source_property_regret": 1.0106135009404855e-05, "source_property_worse_rate": 0.00944767441860465, "source_radius_regret": 0.0010710292472774813, "train_loss": 0.13645524289025818}
{"diffusion_loss": 0.07341240944210874, "diffusion_target_mae": 0.09952566200910612, "epoch": 13, "prior_mse": 0.2471236823949703, "source_fingerprint_cosine_gain": 0.22424365857312845, "source_fingerprint_regret": 0.0, "source_fingerprint_worse_rate": 9.084302325581395e-05, "source_property_regret": 7.909562978369091e-06, "source_property_worse_rate": 0.007718062469584131, "source_radius_regret": 0.0010914601748376045, "train_loss": 0.13530524421569912}
{"diffusion_loss": 0.0727595791740473, "diffusion_target_mae": 0.09927775624186494, "epoch": 14, "prior_mse": 0.24676678485648576, "source_fingerprint_cosine_gain": 0.2244579468009084, "source_fingerprint_regret": 0.0, "source_fingerprint_worse_rate": 4.5421511627906976e-05, "source_property_regret": 9.822919984168073e-06, "source_property_worse_rate": 0.009142794797933378, "source_radius_regret": 0.0011016164938810952, "train_loss": 0.13456487482370333}
{"diffusion_loss": 0.07190007664436518, "diffusion_target_mae": 0.0989986514282781, "epoch": 15, "prior_mse": 0.24621269609345947, "source_fingerprint_cosine_gain": 0.224820124548535, "source_fingerprint_regret": 0.0, "source_fingerprint_worse_rate": 6.813226744186046e-05, "source_property_regret": 1.5572244460362678e-05, "source_property_worse_rate": 0.012230313859533432, "source_radius_regret": 0.0011014311539204141, "train_loss": 0.13356884516948878}
{"diffusion_loss": 0.07103531149237655, "diffusion_target_mae": 0.09877077801976093, "epoch": 16, "prior_mse": 0.2457553539858308, "source_fingerprint_cosine_gain": 0.2251078349559806, "source_fingerprint_regret": 0.0, "source_fingerprint_worse_rate": 6.813226744186046e-05, "source_property_regret": 1.0685928331749916e-05, "source_property_worse_rate": 0.00933166985335045, "source_radius_regret": 0.0011098977181042524, "train_loss": 0.13258888069973435}
{"diffusion_loss": 0.07059206908871961, "diffusion_target_mae": 0.09845998259477837, "epoch": 17, "prior_mse": 0.2451620081136393, "source_fingerprint_cosine_gain": 0.22517875824556793, "source_fingerprint_regret": 0.0, "source_fingerprint_worse_rate": 9.084302325581395e-05, "source_property_regret": 7.360290319956001e-06, "source_property_worse_rate": 0.006449854651162791, "source_radius_regret": 0.00111848478432918, "train_loss": 0.13199699531460918}
{"diffusion_loss": 0.06985848319045333, "diffusion_target_mae": 0.09838554115836011, "epoch": 18, "prior_mse": 0.24505173241676287, "source_fingerprint_cosine_gain": 0.22557770703421082, "source_fingerprint_regret": 0.0, "source_fingerprint_worse_rate": 6.813226744186046e-05, "source_property_regret": 8.502017708540732e-06, "source_property_worse_rate": 0.00819858284883721, "source_radius_regret": 0.0011271418743701868, "train_loss": 0.13123710609452668}
{"diffusion_loss": 0.06871396277186483, "diffusion_target_mae": 0.0979333023519017, "epoch": 19, "prior_mse": 0.24432252797969553, "source_fingerprint_cosine_gain": 0.22592665584281432, "source_fingerprint_regret": 0.0, "source_fingerprint_worse_rate": 4.5421511627906976e-05, "source_property_regret": 7.027439835038031e-06, "source_property_worse_rate": 0.006870575487440409, "source_radius_regret": 0.0011076771689383963, "train_loss": 0.12990782167329346}
{"diffusion_loss": 0.06869600782560747, "diffusion_target_mae": 0.09784169668375059, "epoch": 20, "prior_mse": 0.24417027571173602, "source_fingerprint_cosine_gain": 0.22598869907994604, "source_fingerprint_regret": 0.0, "source_fingerprint_worse_rate": 4.5421511627906976e-05, "source_property_regret": 8.310079756478945e-06, "source_property_worse_rate": 0.007623624939168262, "source_radius_regret": 0.0011326419649818956, "train_loss": 0.12985474850202716}
{"diffusion_loss": 0.06857699684278909, "diffusion_target_mae": 0.09788688523478287, "epoch": 21, "prior_mse": 0.24413690768009008, "source_fingerprint_cosine_gain": 0.22598053151091865, "source_fingerprint_regret": 0.0, "source_fingerprint_worse_rate": 4.5421511627906976e-05, "source_property_regret": 1.3314479979521626e-05, "source_property_worse_rate": 0.011011122062607386, "source_radius_regret": 0.0011511903681229194, "train_loss": 0.12973100276187408}
{"diffusion_loss": 0.06770458418962567, "diffusion_target_mae": 0.09758369832537896, "epoch": 22, "prior_mse": 0.24360017495792965, "source_fingerprint_cosine_gain": 0.22624635869680448, "source_fingerprint_regret": 0.0, "source_fingerprint_worse_rate": 6.813226744186046e-05, "source_property_regret": 7.847136110315789e-06, "source_property_worse_rate": 0.007922459271909712, "source_radius_regret": 0.0011450909538367807, "train_loss": 0.1287218835638013}
{"diffusion_loss": 0.06751319376188655, "diffusion_target_mae": 0.09752592531054519, "epoch": 23, "prior_mse": 0.24363396368747534, "source_fingerprint_cosine_gain": 0.22642451490080634, "source_fingerprint_regret": 0.0, "source_fingerprint_worse_rate": 6.813226744186046e-05, "source_property_regret": 2.3050323761636276e-05, "source_property_worse_rate": 0.013674162414877913, "source_radius_regret": 0.001153992985775911, "train_loss": 0.12854515172021333}
{"diffusion_loss": 0.06660889842829039, "diffusion_target_mae": 0.09712079591875852, "epoch": 24, "prior_mse": 0.24282147544761037, "source_fingerprint_cosine_gain": 0.22664625093687413, "source_fingerprint_regret": 0.0, "source_fingerprint_worse_rate": 6.813226744186046e-05, "source_property_regret": 7.478254942027541e-06, "source_property_worse_rate": 0.007176598837209302, "source_radius_regret": 0.0011436997772042835, "train_loss": 0.12743125466066738}
{"diffusion_loss": 0.06602820173598999, "diffusion_target_mae": 0.09687655583717102, "epoch": 25, "prior_mse": 0.2423889772143475, "source_fingerprint_cosine_gain": 0.22688894961462464, "source_fingerprint_regret": 0.0, "source_fingerprint_worse_rate": 6.813226744186046e-05, "source_property_regret": 6.836392166907204e-06, "source_property_worse_rate": 0.00707497228976599, "source_radius_regret": 0.0011439333679316955, "train_loss": 0.12674223181120184}
{"diffusion_loss": 0.06577909768147525, "diffusion_target_mae": 0.09680476152273111, "epoch": 26, "prior_mse": 0.24197902097258456, "source_fingerprint_cosine_gain": 0.22696491573439087, "source_fingerprint_regret": 0.0, "source_fingerprint_worse_rate": 6.813226744186046e-05, "source_property_regret": 1.4561863893598274e-05, "source_property_worse_rate": 0.011431842901592338, "source_radius_regret": 0.0011450337018644393, "train_loss": 0.1263934524599896}
{"diffusion_loss": 0.06548897657803325, "diffusion_target_mae": 0.09647379503693691, "epoch": 27, "prior_mse": 0.24155371168325113, "source_fingerprint_cosine_gain": 0.22707603507956794, "source_fingerprint_regret": 0.0, "source_fingerprint_worse_rate": 4.5421511627906976e-05, "source_property_regret": 7.3781619561859335e-06, "source_property_worse_rate": 0.0079343865062435, "source_radius_regret": 0.0011590642740863355, "train_loss": 0.12599589294472405}
{"diffusion_loss": 0.06478789115194665, "diffusion_target_mae": 0.09625232522917349, "epoch": 28, "prior_mse": 0.24114265674075416, "source_fingerprint_cosine_gain": 0.2273440250130587, "source_fingerprint_regret": 0.0, "source_fingerprint_worse_rate": 6.813226744186046e-05, "source_property_regret": 5.882495941536236e-06, "source_property_worse_rate": 0.006465376392656634, "source_radius_regret": 0.00114694032899299, "train_loss": 0.12519030680143556}
{"diffusion_loss": 0.0647157666728247, "diffusion_target_mae": 0.09625539538818736, "epoch": 29, "prior_mse": 0.24119457931712615, "source_fingerprint_cosine_gain": 0.22737468207298323, "source_fingerprint_regret": 0.0, "source_fingerprint_worse_rate": 6.813226744186046e-05, "source_property_regret": 1.0585017580459992e-05, "source_property_worse_rate": 0.00936516412252257, "source_radius_regret": 0.0011588647111513933, "train_loss": 0.12513400224405666}
{"diffusion_loss": 0.06401495904076931, "diffusion_target_mae": 0.09589558181374572, "epoch": 30, "prior_mse": 0.24061714753855107, "source_fingerprint_cosine_gain": 0.22759705383417217, "source_fingerprint_regret": 0.0, "source_fingerprint_worse_rate": 6.813226744186046e-05, "source_property_regret": 6.757621519740158e-06, "source_property_worse_rate": 0.007022361769232639, "source_radius_regret": 0.0011490645458337007, "train_loss": 0.12428651793405067}
{"cuda_available": true, "cuda_device_count": 1, "cuda_device_name": "NVIDIA H100 80GB HBM3 MIG 2g.20gb", "device": "cuda", "event": "device", "torch_version": "2.12.0"}
{
  "batch_size": 512,
  "benchmark_export": {
    "edit_latent_fingerprints": "SketchMol-Unified-3MDiffusion/outputs/unified_generation_3m_sourceanchor_sweep_v1/blend085_guard050_p025/eval_latent/edit_latent_fingerprints.npy",
    "edit_latent_predictions": "SketchMol-Unified-3MDiffusion/outputs/unified_generation_3m_sourceanchor_sweep_v1/blend085_guard050_p025/eval_latent/edit_latent_predictions.npy",
    "fingerprint_dim": 512,
    "index_csv": "SketchMol-Unified-3MDiffusion/outputs/unified_generation_3m_sourceanchor_sweep_v1/blend085_guard050_p025/eval_latent/index.csv",
    "rows": 1145,
    "variant": "full"
  },
  "by_property_count": {
    "2": {
      "delta_mae": 3.1054600931406022,
      "fingerprint_beats_prior": 0.108,
      "fingerprint_beats_source": 0.072,
      "fingerprint_cosine_gain_vs_prior": -0.023850755329298205,
      "fingerprint_cosine_gain_vs_source": -0.07083766274341281,
      "generated_minus_prior_latent_mae": 0.04900225170701742,
      "latent_mae": 0.18574618610739707,
      "latent_mse": 3.5658684062063695,
      "prior_delta_mae": 3.0733414709568025,
      "prior_latent_mae": 0.15799019065499306,
      "prior_target_fingerprint_cosine": 0.7601726601364774,
      "prior_target_property_mae": 5.357987689137459,
      "property_mae_beats_prior": 0.504,
      "property_mae_beats_source": 0.64,
      "property_mae_gain_vs_prior": -0.03034121572971344,
      "property_mae_gain_vs_source": 0.8147381091117859,
      "property_mae_regret_vs_source": 1.866172216653824,
      "rows": 250.0,
      "source_fingerprint_cosine": 0.8316635577767697,
      "source_target_fingerprint_cosine": 0.8071595675505919,
      "source_target_property_mae": 6.203067013978958,
      "target_fingerprint_cosine": 0.7363219048071793,
      "target_property_mae": 5.388328904867172
    },
    "3": {
      "delta_mae": 3.243950504243374,
      "fingerprint_beats_prior": 0.068,
      "fingerprint_beats_source": 0.036,
      "fingerprint_cosine_gain_vs_prior": -0.026968961114516993,
      "fingerprint_cosine_gain_vs_source": -0.08374809972989603,
      "generated_minus_prior_latent_mae": 0.04996630008518696,
      "latent_mae": 0.1905114029943943,
      "latent_mse": 3.501309676885605,
      "prior_delta_mae": 3.241555237174034,
      "prior_latent_mae": 0.16238434685766698,
      "prior_target_fingerprint_cosine": 0.7313606268576993,
      "prior_target_property_mae": 5.360214769482613,
      "property_mae_beats_prior": 0.492,
      "property_mae_beats_source": 0.688,
      "property_mae_gain_vs_prior": -0.05583685636520386,
      "property_mae_gain_vs_source": 2.3090049694776535,
      "property_mae_regret_vs_source": 1.1911610412597655,
      "rows": 250.0,
      "source_fingerprint_cosine": 0.8011941576353865,
      "source_target_fingerprint_cosine": 0.7881397654730784,
      "source_target_property_mae": 7.72505659532547,
      "target_fingerprint_cosine": 0.7043916657431823,
      "target_property_mae": 5.416051625847817
    },
    "4": {
      "delta_mae": 3.165046833157539,
      "fingerprint_beats_prior": 0.052,
      "fingerprint_beats_source": 0.008,
      "fingerprint_cosine_gain_vs_prior": -0.02838543027461276,
      "fingerprint_cosine_gain_vs_source": -0.08936391688221317,
      "generated_minus_prior_latent_mae": 0.05100503636151552,
      "latent_mae": 0.19307301965355872,
      "latent_mse": 3.703327354758978,
      "prior_delta_mae": 3.1232267450094224,
      "prior_latent_mae": 0.1642286028265953,
      "prior_target_fingerprint_cosine": 0.7156487721657395,
      "prior_target_property_mae": 5.3749147875905035,
      "property_mae_beats_prior": 0.508,
      "property_mae_beats_source": 0.76,
      "property_mae_gain_vs_prior": 0.019808782160282135,
      "property_mae_gain_vs_source": 4.135561402082443,
      "property_mae_regret_vs_source": 0.9819704089164734,
      "rows": 250.0,
      "source_fingerprint_cosine": 0.7927760844923917,
      "source_target_fingerprint_cosine": 0.7766272587733398,
      "source_target_property_mae": 9.490667407512666,
      "target_fingerprint_cosine": 0.6872633418911268,
      "target_property_mae": 5.355106005430222
    },
    "5": {
      "delta_mae": 3.3386895674467088,
      "fingerprint_beats_prior": 0.06,
      "fingerprint_beats_source": 0.016,
      "fingerprint_cosine_gain_vs_prior": -0.02464961266543106,
      "fingerprint_cosine_gain_vs_source": -0.08267380106812891,
      "generated_minus_prior_latent_mae": 0.05110040648281574,
      "latent_mae": 0.19648935237526893,
      "latent_mse": 3.6626268304288385,
      "prior_delta_mae": 3.2383520139455797,
      "prior_latent_mae": 0.16804720363020897,
      "prior_target_fingerprint_cosine": 0.7242808855043785,
      "prior_target_property_mae": 5.601957625508309,
      "property_mae_beats_prior": 0.544,
      "property_mae_beats_source": 0.856,
      "property_mae_gain_vs_prior": 0.03399872946739197,
      "property_mae_gain_vs_source": 5.12407761824131,
      "property_mae_regret_vs_source": 0.5628757276535035,
      "rows": 250.0,
      "source_fingerprint_cosine": 0.8001370591670685,
      "source_target_fingerprint_cosine": 0.7823050739070764,
      "source_target_property_mae": 10.692036514282227,
      "target_fingerprint_cosine": 0.6996312728389475,
      "target_property_mae": 5.567958896040916
    },
    "6": {
      "delta_mae": 4.154385149478912,
      "fingerprint_beats_prior": 0.10833333333333334,
      "fingerprint_beats_source": 0.041666666666666664,
      "fingerprint_cosine_gain_vs_prior": -0.026422676402259215,
      "fingerprint_cosine_gain_vs_source": -0.0894052209486062,
      "generated_minus_prior_latent_mae": 0.05093826047765712,
      "latent_mae": 0.23472181477894385,
      "latent_mse": 6.014637751504779,
      "prior_delta_mae": 4.106814990689357,
      "prior_latent_mae": 0.2049696729828914,
      "prior_target_fingerprint_cosine": 0.721291517040851,
      "prior_target_property_mae": 7.550670033196608,
      "property_mae_beats_prior": 0.425,
      "property_mae_beats_source": 0.8,
      "property_mae_gain_vs_prior": -0.06743395179510117,
      "property_mae_gain_vs_source": 4.687395630280177,
      "property_mae_regret_vs_source": 0.9001266082127889,
      "rows": 120.0,
      "source_fingerprint_cosine": 0.8062858411889139,
      "source_target_fingerprint_cosine": 0.7842740615871978,
      "source_target_property_mae": 12.305499615271886,
      "target_fingerprint_cosine": 0.6948688406385918,
      "target_property_mae": 7.618103984991709
    },
    "7": {
      "delta_mae": 4.243686600923538,
      "fingerprint_beats_prior": 0.0,
      "fingerprint_beats_source": 0.0,
      "fingerprint_cosine_gain_vs_prior": -0.033385842866452194,
      "fingerprint_cosine_gain_vs_source": -0.09374657910413285,
      "generated_minus_prior_latent_mae": 0.051197071224451066,
      "latent_mae": 0.23709044814109803,
      "latent_mse": 7.016501671671867,
      "prior_delta_mae": 4.282313791513443,
      "prior_latent_mae": 0.2120090225338936,
      "prior_target_fingerprint_cosine": 0.7160120638789526,
      "prior_target_property_mae": 7.803378555774689,
      "property_mae_beats_prior": 0.68,
      "property_mae_beats_source": 0.88,
      "property_mae_gain_vs_prior": 0.2863041615486145,
      "property_mae_gain_vs_source": 9.691796951293945,
      "property_mae_regret_vs_source": 0.5741495132446289,
      "rows": 25.0,
      "source_fingerprint_cosine": 0.7911480504004895,
      "source_target_fingerprint_cosine": 0.7763728001166332,
      "source_target_property_mae": 17.20887134552002,
      "target_fingerprint_cosine": 0.6826262210125005,
      "target_property_mae": 7.517074394226074
    }
  },
  "by_source_similarity_bin": {
    "easy_high_similarity": {
      "delta_mae": 3.407309026404833,
      "fingerprint_beats_prior": 0.05641025641025641,
      "fingerprint_beats_source": 0.04358974358974359,
      "fingerprint_cosine_gain_vs_prior": -0.024449865578618075,
      "fingerprint_cosine_gain_vs_source": -0.05075134857900684,
      "generated_minus_prior_latent_mae": 0.04939464987852635,
      "latent_mae": 0.184515115351249,
      "latent_mse": 3.652429589877526,
      "prior_delta_mae": 3.3807142667281322,
      "prior_latent_mae": 0.15608469797059513,
      "prior_target_fingerprint_cosine": 0.84790984388756,
      "prior_target_property_mae": 5.62222056530225,
      "property_mae_beats_prior": 0.49743589743589745,
      "property_mae_beats_source": 0.6871794871794872,
      "property_mae_gain_vs_prior": -0.004381448450760964,
      "property_mae_gain_vs_source": 2.12269054941642,
      "property_mae_regret_vs_source": 1.213773447733659,
      "rows": 390.0,
      "source_fingerprint_cosine": 0.9060580305833066,
      "source_target_fingerprint_cosine": 0.8742113268879489,
      "source_target_property_mae": 7.749292563169431,
      "target_fingerprint_cosine": 0.823459978308942,
      "target_property_mae": 5.62660201375301
    },
    "hard_similarity": {
      "delta_mae": 3.3185806478939806,
      "fingerprint_beats_prior": 0.1568627450980392,
      "fingerprint_beats_source": 0.0392156862745098,
      "fingerprint_cosine_gain_vs_prior": -0.025585536440380943,
      "fingerprint_cosine_gain_vs_source": -0.12711527388234337,
      "generated_minus_prior_latent_mae": 0.05182352917743664,
      "latent_mae": 0.21207177527005378,
      "latent_mse": 4.026236631317077,
      "prior_delta_mae": 3.228911392634211,
      "prior_latent_mae": 0.18189962563756246,
      "prior_target_fingerprint_cosine": 0.5429463852954577,
      "prior_target_property_mae": 5.574924717931187,
      "property_mae_beats_prior": 0.46405228758169936,
      "property_mae_beats_source": 0.7973856209150327,
      "property_mae_gain_vs_prior": -0.09540093996945549,
      "property_mae_gain_vs_source": 4.927484439868553,
      "property_mae_regret_vs_source": 0.9680687220268,
      "rows": 153.0,
      "source_fingerprint_cosine": 0.6107281454653445,
      "source_target_fingerprint_cosine": 0.64447612273742,
      "source_target_property_mae": 10.597810097769194,
      "target_fingerprint_cosine": 0.5173608488550767,
      "target_property_mae": 5.670325657900642
    },
    "medium_similarity": {
      "delta_mae": 3.291215569820515,
      "fingerprint_beats_prior": 0.06478405315614617,
      "fingerprint_beats_source": 0.024916943521594685,
      "fingerprint_cosine_gain_vs_prior": -0.02744023660275387,
      "fingerprint_cosine_gain_vs_source": -0.09217026286966376,
      "generated_minus_prior_latent_mae": 0.05061146724300824,
      "latent_mae": 0.20123088481121285,
      "latent_mse": 4.094668429233505,
      "prior_delta_mae": 3.249987547084739,
      "prior_latent_mae": 0.17334800229664657,
      "prior_target_fingerprint_cosine": 0.703596982959462,
      "prior_target_property_mae": 5.779574889528791,
      "property_mae_beats_prior": 0.5232558139534884,
      "property_mae_beats_source": 0.770764119601329,
      "property_mae_gain_vs_prior": 0.012089698368132708,
      "property_mae_gain_vs_source": 3.851949319887003,
      "property_mae_regret_vs_source": 1.0821056816467018,
      "rows": 602.0,
      "source_fingerprint_cosine": 0.7909828551277386,
      "source_target_fingerprint_cosine": 0.7683270092263721,
      "source_target_property_mae": 9.619434511047661,
      "target_fingerprint_cosine": 0.6761567463567083,
      "target_property_mae": 5.767485191160659
    }
  },
  "condition_connector": "SketchMol-Unified-3MDiffusion/outputs/unified_generation_3m_source_neighbor_sourceguard_v1/edit_condition_tokens/edit_condition_connector.pt",
  "connector_source": "diffusion_checkpoint.connector_state",
  "device": {
    "cuda_available": true,
    "cuda_device_count": 1,
    "cuda_device_name": "NVIDIA H100 80GB HBM3 MIG 2g.20gb",
    "device": "cuda",
    "torch_version": "2.12.0"
  },
  "diffusion_checkpoint": "SketchMol-Unified-3MDiffusion/outputs/unified_generation_3m_sourceanchor_sweep_v1/blend085_guard050_p025/latent_diffusion/latent_diffusion_generation.pt",
  "diffusion_objective": "pred_x0",
  "diffusion_target": "residual",
  "eval_jsonl": "SketchMol-Unified-3MDiffusion/outputs/unified_generation_3m_source_neighbor_sourceguard_v1/dataset/unified_condition_eval.jsonl",
  "fingerprint_dim": 512,
  "latent_block_summary": {
    "active": {
      "generated_prior_mae": 0.2892642617225647,
      "generated_target_mae": 0.3924426734447479,
      "prior_target_mae": 0.29221096634864807,
      "source_target_mae": 0.0
    },
    "deltas": {
      "generated_prior_mae": 0.48883527517318726,
      "generated_target_mae": 3.3344149589538574,
      "prior_target_mae": 3.2916982173919678,
      "source_target_mae": 0.0
    },
    "fingerprint": {
      "generated_prior_mae": 0.0396835058927536,
      "generated_target_mae": 0.09879305213689804,
      "prior_target_mae": 0.06804632395505905,
      "source_target_mae": 0.03712984547019005
    },
    "properties": {
      "generated_prior_mae": 0.5782654881477356,
      "generated_target_mae": 5.706516265869141,
      "prior_target_mae": 5.698631763458252,
      "source_target_mae": 9.113178253173828
    }
  },
  "max_eval_per_property_count": 250,
  "output_dir": "SketchMol-Unified-3MDiffusion/outputs/unified_generation_3m_sourceanchor_sweep_v1/blend085_guard050_p025/eval_latent",
  "overall": {
    "delta_mae": 3.3344149628450777,
    "fingerprint_beats_prior": 0.07423580786026202,
    "fingerprint_beats_source": 0.03318777292576419,
    "fingerprint_cosine_gain_vs_prior": -0.0261738489833163,
    "fingerprint_cosine_gain_vs_source": -0.08273201842563213,
    "generated_minus_prior_latent_mae": 0.050358966547654184,
    "latent_mae": 0.19698591201716636,
    "latent_mse": 3.934892697853553,
    "prior_delta_mae": 3.291698262394776,
    "prior_latent_mae": 0.16861063084162478,
    "prior_target_fingerprint_cosine": 0.7312847334567245,
    "prior_target_property_mae": 5.698631952670464,
    "property_mae_beats_prior": 0.5065502183406113,
    "property_mae_beats_source": 0.7458515283842795,
    "property_mae_gain_vs_prior": -0.007883939120967316,
    "property_mae_gain_vs_source": 3.4066619424840767,
    "property_mae_regret_vs_source": 1.111715091211827,
    "rows": 1145.0,
    "source_fingerprint_cosine": 0.8060923292319528,
    "source_target_fingerprint_cosine": 0.7878429028990404,
    "source_target_property_mae": 9.113177834275508,
    "target_fingerprint_cosine": 0.7051108844734083,
    "target_property_mae": 5.706515891791431
  },
  "rows": 1145,
  "sample_eta": 0.0,
  "sample_steps": 20,
  "seed": 14,
  "source_fingerprint_prior_blend": 0.85,
  "source_similarity_weight_floor": 0.25
}
Unified diffusion refine finished:
  diffusion=SketchMol-Unified-3MDiffusion/outputs/unified_generation_3m_sourceanchor_sweep_v1/blend085_guard050_p025/latent_diffusion/latent_diffusion_generation.pt
  eval=SketchMol-Unified-3MDiffusion/outputs/unified_generation_3m_sourceanchor_sweep_v1/blend085_guard050_p025/eval_latent/metrics.json
#executed by process	0 in 94.0087s	with status	0 : bash SketchMol-Unified-3MDiffusion/outputs/unified_generation_3m_sourceanchor_sweep_v1/tasks/blend085_guard050_p025.sh # blend085_guard050_p025
source-anchor diffusion task: blend095_guard100_p025
  base_output_dir=SketchMol-Unified-3MDiffusion/outputs/unified_generation_3m_source_neighbor_sourceguard_v1
  source_fingerprint_prior_blend=0.95
  fingerprint_guard_loss_weight=1.00
  prior_loss_weight=0.25
  extra_epochs=30
  output_dir=SketchMol-Unified-3MDiffusion/outputs/unified_generation_3m_sourceanchor_sweep_v1/blend095_guard100_p025
Running Unified 3M Stage 3 diffusion refine
  python=/home/bdong/.venvs/molscribe_overlay/bin/python
  output_dir=SketchMol-Unified-3MDiffusion/outputs/unified_generation_3m_source_neighbor_sourceguard_v1
  diffusion_dir=SketchMol-Unified-3MDiffusion/outputs/unified_generation_3m_sourceanchor_sweep_v1/blend095_guard100_p025/latent_diffusion
  base_diffusion_dir=SketchMol-Unified-3MDiffusion/outputs/unified_generation_3m_source_neighbor_sourceguard_v1/latent_diffusion
  resume_diffusion_checkpoint=SketchMol-Unified-3MDiffusion/outputs/unified_generation_3m_source_neighbor_sourceguard_v1/latent_diffusion/checkpoints/latest.pt
  diffusion_epochs=30
  diffusion_extra_epochs=30
  diffusion_lr=3e-4
  diffusion_seed=13
  eval_seed=14
  prior_loss_weight=0.25
  source_regret_loss_weight=0.35
  source_regret_margin=0.0
  source_radius_loss_weight=0.10
  source_radius_margin=0.05
  source_similarity_weight_floor=0.25
  source_fingerprint_prior_blend=0.95
  fingerprint_guard_loss_weight=1.00
  fingerprint_guard_margin=0.02
  train_diffusion_connector=1
  allow_incompatible_resume_weights=1
  eval_limit=0
  max_eval_per_property_count=250
  run_materialized_benchmark=0
Resume checkpoint predates current diffusion/source-guard settings; warm-starting model weights only.
{"cuda_available": true, "cuda_device_count": 1, "cuda_device_name": "NVIDIA H100 80GB HBM3 MIG 2g.20gb", "device": "cuda", "event": "device", "torch_version": "2.12.0"}
{"checkpoint": "SketchMol-Unified-3MDiffusion/outputs/unified_generation_3m_source_neighbor_sourceguard_v1/latent_diffusion/checkpoints/latest.pt", "event": "warm_started_incompatible_resume_weights", "reason": "training objective changed"}
{"diffusion_loss": 0.12080239634527716, "diffusion_target_mae": 0.11246614418057509, "epoch": 1, "prior_mse": 0.2857338910879091, "source_fingerprint_cosine_gain": 0.20623813387612963, "source_fingerprint_regret": 9.430961686015254e-09, "source_fingerprint_worse_rate": 0.0007040334302325581, "source_property_regret": 0.0007397590137644173, "source_property_worse_rate": 0.04452860313684268, "source_radius_regret": 0.0008489103476127046, "train_loss": 0.19257968369611475}
{"diffusion_loss": 0.10226859568163406, "diffusion_target_mae": 0.10736560241080993, "epoch": 2, "prior_mse": 0.2733849006336789, "source_fingerprint_cosine_gain": 0.21361826516168061, "source_fingerprint_regret": 0.0, "source_fingerprint_worse_rate": 0.00013626453488372093, "source_property_regret": 1.329781299401704e-05, "source_property_worse_rate": 0.009440485404284542, "source_radius_regret": 0.0008574148232582957, "train_loss": 0.17070521570222322}
{"diffusion_loss": 0.0985891641399195, "diffusion_target_mae": 0.10718482888715211, "epoch": 3, "prior_mse": 0.2728432167408078, "source_fingerprint_cosine_gain": 0.21506492239098216, "source_fingerprint_regret": 0.0, "source_fingerprint_worse_rate": 9.084302325581395e-05, "source_property_regret": 2.573755214269187e-05, "source_property_worse_rate": 0.0134148676717264, "source_radius_regret": 0.0009792938166525388, "train_loss": 0.16690690538217856}
{"diffusion_loss": 0.0954534363781297, "diffusion_target_mae": 0.1065051433478677, "epoch": 4, "prior_mse": 0.27141359829625417, "source_fingerprint_cosine_gain": 0.2161801751962928, "source_fingerprint_regret": 0.0, "source_fingerprint_worse_rate": 0.00011355377906976744, "source_property_regret": 1.1237815550286078e-05, "source_property_worse_rate": 0.009524139413220245, "source_radius_regret": 0.0010458026318215267, "train_loss": 0.16341534828723864}
{"diffusion_loss": 0.09252486265329428, "diffusion_target_mae": 0.10593781039811843, "epoch": 5, "prior_mse": 0.2703255217435748, "source_fingerprint_cosine_gain": 0.21728368554004404, "source_fingerprint_regret": 0.0, "source_fingerprint_worse_rate": 0.00013626453488372093, "source_property_regret": 1.024033151280286e-05, "source_property_worse_rate": 0.00878187348567989, "source_radius_regret": 0.0011039688475267572, "train_loss": 0.16022022380385287}
{"diffusion_loss": 0.09110866443708886, "diffusion_target_mae": 0.10572683889158936, "epoch": 6, "prior_mse": 0.26980525359164836, "source_fingerprint_cosine_gain": 0.2177703917719597, "source_fingerprint_regret": 0.0, "source_fingerprint_worse_rate": 6.813226744186046e-05, "source_property_regret": 1.096780501292967e-05, "source_property_worse_rate": 0.008376674388188782, "source_radius_regret": 0.001155718532932359, "train_loss": 0.15867938742388127}
{"diffusion_loss": 0.08913209055398785, "diffusion_target_mae": 0.10531217674183291, "epoch": 7, "prior_mse": 0.2688989826413088, "source_fingerprint_cosine_gain": 0.2184783864852994, "source_fingerprint_regret": 0.0, "source_fingerprint_worse_rate": 0.00013626453488372093, "source_property_regret": 1.420015914521161e-05, "source_property_worse_rate": 0.010598733950796168, "source_radius_regret": 0.0011992513562206091, "train_loss": 0.156481729863688}
{"diffusion_loss": 0.08763357884315558, "diffusion_target_mae": 0.10500026095745175, "epoch": 8, "prior_mse": 0.268278744331626, "source_fingerprint_cosine_gain": 0.2189754757077195, "source_fingerprint_regret": 0.0, "source_fingerprint_worse_rate": 6.813226744186046e-05, "source_property_regret": 1.471363311471006e-05, "source_property_worse_rate": 0.011627906976744186, "source_radius_regret": 0.00122724128697544, "train_loss": 0.15483113915421243}
{"diffusion_loss": 0.08669213673403096, "diffusion_target_mae": 0.10490685008292974, "epoch": 9, "prior_mse": 0.26784511811511463, "source_fingerprint_cosine_gain": 0.219315241242564, "source_fingerprint_regret": 0.0, "source_fingerprint_worse_rate": 0.00015897529069767443, "source_property_regret": 7.74834362963501e-06, "source_property_worse_rate": 0.007869848743254361, "source_radius_regret": 0.0012860909066444567, "train_loss": 0.15378473664439002}
{"diffusion_loss": 0.08523362779686618, "diffusion_target_mae": 0.10451478840306748, "epoch": 10, "prior_mse": 0.2671152245859767, "source_fingerprint_cosine_gain": 0.21982931345701218, "source_fingerprint_regret": 0.0, "source_fingerprint_worse_rate": 6.813226744186046e-05, "source_property_regret": 9.775047822674691e-06, "source_property_worse_rate": 0.009686709208370642, "source_radius_regret": 0.0012994309329579388, "train_loss": 0.1521457984696987}
{"diffusion_loss": 0.08387002409544102, "diffusion_target_mae": 0.10408713070805682, "epoch": 11, "prior_mse": 0.2665003863878028, "source_fingerprint_cosine_gain": 0.22026398708654005, "source_fingerprint_regret": 0.0, "source_fingerprint_worse_rate": 9.084302325581395e-05, "source_property_regret": 9.198924442084566e-06, "source_property_worse_rate": 0.009085446033020353, "source_radius_regret": 0.0013098707612127411, "train_loss": 0.1506293273942415}
{"diffusion_loss": 0.08253149748888126, "diffusion_target_mae": 0.10388401194020759, "epoch": 12, "prior_mse": 0.2661274425512136, "source_fingerprint_cosine_gain": 0.2207431389495384, "source_fingerprint_regret": 0.0, "source_fingerprint_worse_rate": 0.00011355377906976744, "source_property_regret": 1.515678819046963e-05, "source_property_worse_rate": 0.012559047965116279, "source_radius_regret": 0.0013286873839015877, "train_loss": 0.14920153330231822}
{"diffusion_loss": 0.0818432979285717, "diffusion_target_mae": 0.10360819205295208, "epoch": 13, "prior_mse": 0.2653286588746448, "source_fingerprint_cosine_gain": 0.22105983228877532, "source_fingerprint_regret": 0.0, "source_fingerprint_worse_rate": 0.00011355377906976744, "source_property_regret": 3.2200447016763717e-05, "source_property_worse_rate": 0.015706203228165936, "source_radius_regret": 0.001353557666947762, "train_loss": 0.14832208808078323}
{"diffusion_loss": 0.0811809838511223, "diffusion_target_mae": 0.10334834465107252, "epoch": 14, "prior_mse": 0.2649605962079625, "source_fingerprint_cosine_gain": 0.22123133841642115, "source_fingerprint_regret": 0.0, "source_fingerprint_worse_rate": 9.084302325581395e-05, "source_property_regret": 1.1001306503252229e-05, "source_property_worse_rate": 0.009126129330049247, "source_radius_regret": 0.0013791848512821245, "train_loss": 0.14756290129450864}
{"diffusion_loss": 0.08054488074294357, "diffusion_target_mae": 0.10311513887934906, "epoch": 15, "prior_mse": 0.26457561413909114, "source_fingerprint_cosine_gain": 0.2214491741601811, "source_fingerprint_regret": 0.0, "source_fingerprint_worse_rate": 0.00013626453488372093, "source_property_regret": 1.3425417767596729e-05, "source_property_worse_rate": 0.01052700717348692, "source_radius_regret": 0.0013952806705695598, "train_loss": 0.14683301088421843}
{"diffusion_loss": 0.0793203255811403, "diffusion_target_mae": 0.10284689190082771, "epoch": 16, "prior_mse": 0.26417072255944096, "source_fingerprint_cosine_gain": 0.22185402068980906, "source_fingerprint_regret": 0.0, "source_fingerprint_worse_rate": 9.084302325581395e-05, "source_property_regret": 5.776450032609342e-06, "source_property_worse_rate": 0.006886097234348918, "source_radius_regret": 0.0014016432213856903, "train_loss": 0.14550519266793893}
{"diffusion_loss": 0.07876958819322807, "diffusion_target_mae": 0.1027090752194094, "epoch": 17, "prior_mse": 0.26378326707108074, "source_fingerprint_cosine_gain": 0.22202458405910536, "source_fingerprint_regret": 0.0, "source_fingerprint_worse_rate": 0.00011355377906976744, "source_property_regret": 8.143998454672161e-06, "source_property_worse_rate": 0.007608103197674418, "source_radius_regret": 0.0014184034797687863, "train_loss": 0.14486009644907574}
{"diffusion_loss": 0.07737144585265669, "diffusion_target_mae": 0.10228984872269076, "epoch": 18, "prior_mse": 0.2631287424023761, "source_fingerprint_cosine_gain": 0.22260219031988188, "source_fingerprint_regret": 0.0, "source_fingerprint_worse_rate": 0.00011355377906976744, "source_property_regret": 9.456007676439005e-06, "source_property_worse_rate": 0.008528460661859014, "source_radius_regret": 0.0014073197380639613, "train_loss": 0.14329767279153646}
{"diffusion_loss": 0.0767667411371719, "diffusion_target_mae": 0.10210107994634052, "epoch": 19, "prior_mse": 0.26266190582929655, "source_fingerprint_cosine_gain": 0.22277775025644966, "source_fingerprint_regret": 0.0, "source_fingerprint_worse_rate": 6.813226744186046e-05, "source_property_regret": 8.068757529983211e-06, "source_property_worse_rate": 0.007627219446328317, "source_radius_regret": 0.001415607955328427, "train_loss": 0.14257660300232644}
{"diffusion_loss": 0.07639461955012278, "diffusion_target_mae": 0.1019673737329106, "epoch": 20, "prior_mse": 0.2624340818025345, "source_fingerprint_cosine_gain": 0.22292583002600558, "source_fingerprint_regret": 0.0, "source_fingerprint_worse_rate": 9.084302325581395e-05, "source_property_regret": 1.3828144730196786e-05, "source_property_worse_rate": 0.010535339911489985, "source_radius_regret": 0.0014315365656647225, "train_loss": 0.14215113291906756}
{"diffusion_loss": 0.07607208010415699, "diffusion_target_mae": 0.10196175053715706, "epoch": 21, "prior_mse": 0.2623759599965672, "source_fingerprint_cosine_gain": 0.22301789979602016, "source_fingerprint_regret": 0.0, "source_fingerprint_worse_rate": 0.00011355377906976744, "source_property_regret": 1.1226991617067368e-05, "source_property_worse_rate": 0.009103418574235293, "source_radius_regret": 0.0014514800033878623, "train_loss": 0.14181514725435612}
{"diffusion_loss": 0.07492781924300415, "diffusion_target_mae": 0.10150064354719118, "epoch": 22, "prior_mse": 0.26163194207258, "source_fingerprint_cosine_gain": 0.22333488648020944, "source_fingerprint_regret": 0.0, "source_fingerprint_worse_rate": 9.084302325581395e-05, "source_property_regret": 7.60656191821976e-06, "source_property_worse_rate": 0.008479444645778385, "source_radius_regret": 0.0014407274673346343, "train_loss": 0.1404825405672539}
{"diffusion_loss": 0.07422229561001756, "diffusion_target_mae": 0.10128193097405655, "epoch": 23, "prior_mse": 0.2612628803350205, "source_fingerprint_cosine_gain": 0.22368876272162727, "source_fingerprint_regret": 0.0, "source_fingerprint_worse_rate": 6.813226744186046e-05, "source_property_regret": 1.325869667196576e-05, "source_property_worse_rate": 0.0084376176386032, "source_radius_regret": 0.0014389262962436608, "train_loss": 0.139686549818793}
{"diffusion_loss": 0.07414920645397763, "diffusion_target_mae": 0.10119878076190172, "epoch": 24, "prior_mse": 0.2609075082595958, "source_fingerprint_cosine_gain": 0.2236326714587766, "source_fingerprint_regret": 0.0, "source_fingerprint_worse_rate": 6.813226744186046e-05, "source_property_regret": 9.956943367062014e-06, "source_property_worse_rate": 0.008872716508935704, "source_radius_regret": 0.0014605122580474547, "train_loss": 0.139525618664054}
{"diffusion_loss": 0.07318130958565446, "diffusion_target_mae": 0.10096423726442248, "epoch": 25, "prior_mse": 0.2605478441299394, "source_fingerprint_cosine_gain": 0.22399194347997045, "source_fingerprint_regret": 0.0, "source_fingerprint_worse_rate": 0.00011355377906976744, "source_property_regret": 6.143822775401871e-06, "source_property_worse_rate": 0.007328385113586866, "source_radius_regret": 0.001451583152777667, "train_loss": 0.13846557864616083}
{"diffusion_loss": 0.07309752130924269, "diffusion_target_mae": 0.1008889565114365, "epoch": 26, "prior_mse": 0.2603993538853734, "source_fingerprint_cosine_gain": 0.2240702253441478, "source_fingerprint_regret": 0.0, "source_fingerprint_worse_rate": 9.084302325581395e-05, "source_property_regret": 7.668566715125025e-06, "source_property_worse_rate": 0.0075710144132202445, "source_radius_regret": 0.00146129508881808, "train_loss": 0.13834617442862931}
{"diffusion_loss": 0.07214292043516803, "diffusion_target_mae": 0.10062500314657079, "epoch": 27, "prior_mse": 0.2598231355118197, "source_fingerprint_cosine_gain": 0.22438401659560758, "source_fingerprint_regret": 0.0, "source_fingerprint_worse_rate": 0.00013626453488372093, "source_property_regret": 6.548257209409733e-06, "source_property_worse_rate": 0.007335574127906977, "source_radius_regret": 0.001452510526707006, "train_loss": 0.13724624816068384}
{"diffusion_loss": 0.07183016308171805, "diffusion_target_mae": 0.10047623541119487, "epoch": 28, "prior_mse": 0.25961984330138493, "source_fingerprint_cosine_gain": 0.22451316236063493, "source_fingerprint_regret": 0.0, "source_fingerprint_worse_rate": 9.084302325581395e-05, "source_property_regret": 5.4264058834775806e-06, "source_property_worse_rate": 0.007396517381028727, "source_radius_regret": 0.001462789690988355, "train_loss": 0.13688330248344777}
{"diffusion_loss": 0.07156146499653195, "diffusion_target_mae": 0.10035060190184172, "epoch": 29, "prior_mse": 0.2592695202938346, "source_fingerprint_cosine_gain": 0.22462149640155393, "source_fingerprint_regret": 0.0, "source_fingerprint_worse_rate": 6.813226744186046e-05, "source_property_regret": 1.4015378159731055e-05, "source_property_worse_rate": 0.012116760080463664, "source_radius_regret": 0.0014626902790718474, "train_loss": 0.13653002090232316}
{"diffusion_loss": 0.07100338462826818, "diffusion_target_mae": 0.10021375275628511, "epoch": 30, "prior_mse": 0.25889496557241265, "source_fingerprint_cosine_gain": 0.22477217642373817, "source_fingerprint_regret": 0.0, "source_fingerprint_worse_rate": 9.084302325581395e-05, "source_property_regret": 1.1921578656435438e-05, "source_property_worse_rate": 0.010890379266510175, "source_radius_regret": 0.0014634053073931746, "train_loss": 0.13587763992159865}
{"cuda_available": true, "cuda_device_count": 1, "cuda_device_name": "NVIDIA H100 80GB HBM3 MIG 2g.20gb", "device": "cuda", "event": "device", "torch_version": "2.12.0"}
{
  "batch_size": 512,
  "benchmark_export": {
    "edit_latent_fingerprints": "SketchMol-Unified-3MDiffusion/outputs/unified_generation_3m_sourceanchor_sweep_v1/blend095_guard100_p025/eval_latent/edit_latent_fingerprints.npy",
    "edit_latent_predictions": "SketchMol-Unified-3MDiffusion/outputs/unified_generation_3m_sourceanchor_sweep_v1/blend095_guard100_p025/eval_latent/edit_latent_predictions.npy",
    "fingerprint_dim": 512,
    "index_csv": "SketchMol-Unified-3MDiffusion/outputs/unified_generation_3m_sourceanchor_sweep_v1/blend095_guard100_p025/eval_latent/index.csv",
    "rows": 1145,
    "variant": "full"
  },
  "by_property_count": {
    "2": {
      "delta_mae": 3.171363424658775,
      "fingerprint_beats_prior": 0.06,
      "fingerprint_beats_source": 0.076,
      "fingerprint_cosine_gain_vs_prior": -0.028422684488521106,
      "fingerprint_cosine_gain_vs_source": -0.05842255071908008,
      "generated_minus_prior_latent_mae": 0.0551313841342926,
      "latent_mae": 0.19466265881061554,
      "latent_mse": 3.9082200172543526,
      "prior_delta_mae": 3.153484901666641,
      "prior_latent_mae": 0.16228417026996614,
      "prior_target_fingerprint_cosine": 0.7771597013200331,
      "prior_target_property_mae": 5.930357025384903,
      "property_mae_beats_prior": 0.492,
      "property_mae_beats_source": 0.524,
      "property_mae_gain_vs_prior": -0.09312455034255981,
      "property_mae_gain_vs_source": 0.17958543825149537,
      "property_mae_regret_vs_source": 2.09792702794075,
      "rows": 250.0,
      "source_fingerprint_cosine": 0.8517147258239187,
      "source_target_fingerprint_cosine": 0.8071595675505919,
      "source_target_property_mae": 6.203067013978958,
      "target_fingerprint_cosine": 0.748737016831512,
      "target_property_mae": 6.0234815757274625
    },
    "3": {
      "delta_mae": 3.299501967430115,
      "fingerprint_beats_prior": 0.064,
      "fingerprint_beats_source": 0.052,
      "fingerprint_cosine_gain_vs_prior": -0.03259190589261367,
      "fingerprint_cosine_gain_vs_source": -0.07215438296133672,
      "generated_minus_prior_latent_mae": 0.055980531491339205,
      "latent_mae": 0.19906306979060173,
      "latent_mse": 4.092335778594017,
      "prior_delta_mae": 3.307140039563179,
      "prior_latent_mae": 0.1669485088735819,
      "prior_target_fingerprint_cosine": 0.7485772884043553,
      "prior_target_property_mae": 5.949538512945175,
      "property_mae_beats_prior": 0.484,
      "property_mae_beats_source": 0.648,
      "property_mae_gain_vs_prior": -0.044360604166984556,
      "property_mae_gain_vs_source": 1.7311574782133103,
      "property_mae_regret_vs_source": 1.532705560207367,
      "rows": 250.0,
      "source_fingerprint_cosine": 0.82181246990295,
      "source_target_fingerprint_cosine": 0.7881397654730784,
      "source_target_property_mae": 7.72505659532547,
      "target_fingerprint_cosine": 0.7159853825117416,
      "target_property_mae": 5.99389911711216
    },
    "4": {
      "delta_mae": 3.3677348136901855,
      "fingerprint_beats_prior": 0.036,
      "fingerprint_beats_source": 0.008,
      "fingerprint_cosine_gain_vs_prior": -0.03439337908695207,
      "fingerprint_cosine_gain_vs_source": -0.0766256963713997,
      "generated_minus_prior_latent_mae": 0.05705488535761833,
      "latent_mae": 0.20352210003137589,
      "latent_mse": 4.166826873868704,
      "prior_delta_mae": 3.3269756206274033,
      "prior_latent_mae": 0.17118523731827737,
      "prior_target_fingerprint_cosine": 0.7343949414888922,
      "prior_target_property_mae": 6.003523090004921,
      "property_mae_beats_prior": 0.532,
      "property_mae_beats_source": 0.72,
      "property_mae_gain_vs_prior": 0.05198319697380066,
      "property_mae_gain_vs_source": 3.5391275144815446,
      "property_mae_regret_vs_source": 1.136572103023529,
      "rows": 250.0,
      "source_fingerprint_cosine": 0.8130672013105429,
      "source_target_fingerprint_cosine": 0.7766272587733398,
      "source_target_property_mae": 9.490667407512666,
      "target_fingerprint_cosine": 0.7000015624019402,
      "target_property_mae": 5.9515398930311205
    },
    "5": {
      "delta_mae": 3.4224247546195983,
      "fingerprint_beats_prior": 0.04,
      "fingerprint_beats_source": 0.036,
      "fingerprint_cosine_gain_vs_prior": -0.03037530925161685,
      "fingerprint_cosine_gain_vs_source": -0.07062503481359127,
      "generated_minus_prior_latent_mae": 0.057175019100308415,
      "latent_mae": 0.2069784719645977,
      "latent_mse": 4.3892231833934785,
      "prior_delta_mae": 3.294586524128914,
      "prior_latent_mae": 0.17482562893629075,
      "prior_target_fingerprint_cosine": 0.7420553483451019,
      "prior_target_property_mae": 6.366157920718193,
      "property_mae_beats_prior": 0.548,
      "property_mae_beats_source": 0.776,
      "property_mae_gain_vs_prior": 0.10665352308750152,
      "property_mae_gain_vs_source": 4.432532116651535,
      "property_mae_regret_vs_source": 0.7822179908752441,
      "rows": 250.0,
      "source_fingerprint_cosine": 0.8212130159009583,
      "source_target_fingerprint_cosine": 0.7823050739070764,
      "source_target_property_mae": 10.692036514282227,
      "target_fingerprint_cosine": 0.711680039093485,
      "target_property_mae": 6.259504397630692
    },
    "6": {
      "delta_mae": 4.425733787814776,
      "fingerprint_beats_prior": 0.058333333333333334,
      "fingerprint_beats_source": 0.025,
      "fingerprint_cosine_gain_vs_prior": -0.03287374985741923,
      "fingerprint_cosine_gain_vs_source": -0.07978617453035163,
      "generated_minus_prior_latent_mae": 0.0573979629514118,
      "latent_mae": 0.2559452577804526,
      "latent_mse": 7.4252459006384015,
      "prior_delta_mae": 4.319896415869395,
      "prior_latent_mae": 0.2200125362103184,
      "prior_target_fingerprint_cosine": 0.7373616369142655,
      "prior_target_property_mae": 8.8217995206515,
      "property_mae_beats_prior": 0.4083333333333333,
      "property_mae_beats_source": 0.6333333333333333,
      "property_mae_gain_vs_prior": -0.12909105122089387,
      "property_mae_gain_vs_source": 3.354609043399493,
      "property_mae_regret_vs_source": 1.4602360566457113,
      "rows": 120.0,
      "source_fingerprint_cosine": 0.8267658487014572,
      "source_target_fingerprint_cosine": 0.7842740615871978,
      "source_target_property_mae": 12.305499615271886,
      "target_fingerprint_cosine": 0.7044878870568463,
      "target_property_mae": 8.950890571872394
    },
    "7": {
      "delta_mae": 4.3507791519165036,
      "fingerprint_beats_prior": 0.0,
      "fingerprint_beats_source": 0.04,
      "fingerprint_cosine_gain_vs_prior": -0.042888447168888295,
      "fingerprint_cosine_gain_vs_source": -0.08738130439891169,
      "generated_minus_prior_latent_mae": 0.058215460777282714,
      "latent_mae": 0.2582966762781143,
      "latent_mse": 7.916433953046798,
      "prior_delta_mae": 4.391472911834716,
      "prior_latent_mae": 0.22725198596715926,
      "prior_target_fingerprint_cosine": 0.7318799428866098,
      "prior_target_property_mae": 9.15348650932312,
      "property_mae_beats_prior": 0.52,
      "property_mae_beats_source": 0.8,
      "property_mae_gain_vs_prior": 0.1944296455383301,
      "property_mae_gain_vs_source": 8.24981448173523,
      "property_mae_regret_vs_source": 0.6426872634887695,
      "rows": 25.0,
      "source_fingerprint_cosine": 0.8072121672092546,
      "source_target_fingerprint_cosine": 0.7763728001166332,
      "source_target_property_mae": 17.20887134552002,
      "target_fingerprint_cosine": 0.6889914957177216,
      "target_property_mae": 8.95905686378479
    }
  },
  "by_source_similarity_bin": {
    "easy_high_similarity": {
      "delta_mae": 3.5817377532139805,
      "fingerprint_beats_prior": 0.041025641025641026,
      "fingerprint_beats_source": 0.05641025641025641,
      "fingerprint_cosine_gain_vs_prior": -0.02836278399714226,
      "fingerprint_cosine_gain_vs_source": -0.04003357871749041,
      "generated_minus_prior_latent_mae": 0.05581762042756264,
      "latent_mae": 0.19203223194449376,
      "latent_mse": 4.126244568366271,
      "prior_delta_mae": 3.563275657555996,
      "prior_latent_mae": 0.1586932625239476,
      "prior_target_fingerprint_cosine": 0.8625405321676007,
      "prior_target_property_mae": 6.088246438594965,
      "property_mae_beats_prior": 0.4794871794871795,
      "property_mae_beats_source": 0.6051282051282051,
      "property_mae_gain_vs_prior": -0.03696144735201811,
      "property_mae_gain_vs_source": 1.6240846772224475,
      "property_mae_regret_vs_source": 1.3003227325586173,
      "rows": 390.0,
      "source_fingerprint_cosine": 0.9235368937449432,
      "source_target_fingerprint_cosine": 0.8742113268879489,
      "source_target_property_mae": 7.749292563169431,
      "target_fingerprint_cosine": 0.8341777481704584,
      "target_property_mae": 6.125207885946983
    },
    "hard_similarity": {
      "delta_mae": 3.4507240666673074,
      "fingerprint_beats_prior": 0.0915032679738562,
      "fingerprint_beats_source": 0.0392156862745098,
      "fingerprint_cosine_gain_vs_prior": -0.03355337061568947,
      "fingerprint_cosine_gain_vs_source": -0.1183700289698078,
      "generated_minus_prior_latent_mae": 0.058401236809741436,
      "latent_mae": 0.2256130464131536,
      "latent_mse": 4.487776061093885,
      "prior_delta_mae": 3.3295590168510385,
      "prior_latent_mae": 0.1922850950675852,
      "prior_target_fingerprint_cosine": 0.5596594643833018,
      "prior_target_property_mae": 6.406426321836858,
      "property_mae_beats_prior": 0.5163398692810458,
      "property_mae_beats_source": 0.7777777777777778,
      "property_mae_gain_vs_prior": 0.001524900299271727,
      "property_mae_gain_vs_source": 4.192908676231609,
      "property_mae_regret_vs_source": 1.0804463180841184,
      "rows": 153.0,
      "source_fingerprint_cosine": 0.6277948863731152,
      "source_target_fingerprint_cosine": 0.64447612273742,
      "source_target_property_mae": 10.597810097769194,
      "target_fingerprint_cosine": 0.5261060937676123,
      "target_property_mae": 6.404901421537586
    },
    "medium_similarity": {
      "delta_mae": 3.3725502782089767,
      "fingerprint_beats_prior": 0.044850498338870434,
      "fingerprint_beats_source": 0.03156146179401993,
      "fingerprint_cosine_gain_vs_prior": -0.03366732454975493,
      "fingerprint_cosine_gain_vs_source": -0.07889049773715129,
      "generated_minus_prior_latent_mae": 0.056435773913374176,
      "latent_mae": 0.21398016018328872,
      "latent_mse": 4.8708084737046615,
      "prior_delta_mae": 3.3216297810160835,
      "prior_latent_mae": 0.18203272161838224,
      "prior_target_fingerprint_cosine": 0.7231038360389757,
      "prior_target_property_mae": 6.6366244255506315,
      "property_mae_beats_prior": 0.5149501661129569,
      "property_mae_beats_source": 0.6777408637873754,
      "property_mae_gain_vs_prior": 0.014683324088685933,
      "property_mae_gain_vs_source": 2.997493409585715,
      "property_mae_regret_vs_source": 1.5053438978931832,
      "rows": 602.0,
      "source_fingerprint_cosine": 0.8141396230620999,
      "source_target_fingerprint_cosine": 0.7683270092263721,
      "source_target_property_mae": 9.619434511047661,
      "target_fingerprint_cosine": 0.6894365114892207,
      "target_property_mae": 6.621941101461946
    }
  },
  "condition_connector": "SketchMol-Unified-3MDiffusion/outputs/unified_generation_3m_source_neighbor_sourceguard_v1/edit_condition_tokens/edit_condition_connector.pt",
  "connector_source": "diffusion_checkpoint.connector_state",
  "device": {
    "cuda_available": true,
    "cuda_device_count": 1,
    "cuda_device_name": "NVIDIA H100 80GB HBM3 MIG 2g.20gb",
    "device": "cuda",
    "torch_version": "2.12.0"
  },
  "diffusion_checkpoint": "SketchMol-Unified-3MDiffusion/outputs/unified_generation_3m_sourceanchor_sweep_v1/blend095_guard100_p025/latent_diffusion/latent_diffusion_generation.pt",
  "diffusion_objective": "pred_x0",
  "diffusion_target": "residual",
  "eval_jsonl": "SketchMol-Unified-3MDiffusion/outputs/unified_generation_3m_source_neighbor_sourceguard_v1/dataset/unified_condition_eval.jsonl",
  "fingerprint_dim": 512,
  "latent_block_summary": {
    "active": {
      "generated_prior_mae": 0.28531283140182495,
      "generated_target_mae": 0.3990194499492645,
      "prior_target_mae": 0.29019924998283386,
      "source_target_mae": 0.0
    },
    "deltas": {
      "generated_prior_mae": 0.5291550755500793,
      "generated_target_mae": 3.4542479515075684,
      "prior_target_mae": 3.404996395111084,
      "source_target_mae": 0.0
    },
    "fingerprint": {
      "generated_prior_mae": 0.04557618126273155,
      "generated_target_mae": 0.10006202757358551,
      "prior_target_mae": 0.06458640843629837,
      "source_target_mae": 0.03712984547019005
    },
    "properties": {
      "generated_prior_mae": 0.6292186379432678,
      "generated_target_mae": 6.423746585845947,
      "prior_target_mae": 6.4190802574157715,
      "source_target_mae": 9.113178253173828
    }
  },
  "max_eval_per_property_count": 250,
  "output_dir": "SketchMol-Unified-3MDiffusion/outputs/unified_generation_3m_sourceanchor_sweep_v1/blend095_guard100_p025/eval_latent",
  "overall": {
    "delta_mae": 3.4542478370614447,
    "fingerprint_beats_prior": 0.04978165938864629,
    "fingerprint_beats_source": 0.04104803493449782,
    "fingerprint_cosine_gain_vs_prior": -0.03184531077907287,
    "fingerprint_cosine_gain_vs_source": -0.07093082075979645,
    "generated_minus_prior_latent_mae": 0.056487857724446394,
    "latent_mae": 0.20805888470734052,
    "latent_mse": 4.566019056926128,
    "prior_delta_mae": 3.4049966499534756,
    "prior_latent_mae": 0.17545300466720193,
    "prior_target_fingerprint_cosine": 0.7487573929183168,
    "prior_target_property_mae": 6.419080561113149,
    "property_mae_beats_prior": 0.503056768558952,
    "property_mae_beats_source": 0.6663755458515284,
    "property_mae_gain_vs_prior": -0.00466575862018302,
    "property_mae_gain_vs_source": 2.689431514542176,
    "property_mae_regret_vs_source": 1.378734654058015,
    "rows": 1145.0,
    "source_fingerprint_cosine": 0.8265013617982521,
    "source_target_fingerprint_cosine": 0.7878429028990404,
    "source_target_property_mae": 9.113177834275508,
    "target_fingerprint_cosine": 0.716912082139244,
    "target_property_mae": 6.423746319733333
  },
  "rows": 1145,
  "sample_eta": 0.0,
  "sample_steps": 20,
  "seed": 14,
  "source_fingerprint_prior_blend": 0.95,
  "source_similarity_weight_floor": 0.25
}
Unified diffusion refine finished:
  diffusion=SketchMol-Unified-3MDiffusion/outputs/unified_generation_3m_sourceanchor_sweep_v1/blend095_guard100_p025/latent_diffusion/latent_diffusion_generation.pt
  eval=SketchMol-Unified-3MDiffusion/outputs/unified_generation_3m_sourceanchor_sweep_v1/blend095_guard100_p025/eval_latent/metrics.json
#executed by process	0 in 93.4246s	with status	0 : bash SketchMol-Unified-3MDiffusion/outputs/unified_generation_3m_sourceanchor_sweep_v1/tasks/blend095_guard100_p025.sh # blend095_guard100_p025
master is 0 , nb slaves: 0
sourceanchor_sweep_summary_csv=SketchMol-Unified-3MDiffusion/outputs/unified_generation_3m_sourceanchor_sweep_v1/sourceanchor_sweep_summary.csv
sourceanchor_sweep_summary_md=SketchMol-Unified-3MDiffusion/outputs/unified_generation_3m_sourceanchor_sweep_v1/sourceanchor_sweep_summary.md

Source-anchor sweep finished:
  output_root=SketchMol-Unified-3MDiffusion/outputs/unified_generation_3m_sourceanchor_sweep_v1
  manifest=SketchMol-Unified-3MDiffusion/outputs/unified_generation_3m_sourceanchor_sweep_v1/tasks/sourceanchor_sweep_manifest.csv
  summary=SketchMol-Unified-3MDiffusion/outputs/unified_generation_3m_sourceanchor_sweep_v1/sourceanchor_sweep_summary.md
