{
  "LogP_wasserstein_approx": 0.8297674248743728,
  "MW_wasserstein_approx": 53.84761809045231,
  "QED_wasserstein_approx": 0.10344636683960846,
  "TPSA_wasserstein_approx": 15.203170854271356
}