method,condition_id,pair_id,split,property_count,condition_properties,source_smiles,target_smiles,generated_smiles,source_scaffold,generated_scaffold,scaffold_match,strict_success,joint_success,fallback,source_tanimoto,target_tanimoto,MW_target,MW_actual,MW_abs_error,MW_success,LogP_target,LogP_actual,LogP_abs_error,LogP_success,QED_target,QED_actual,QED_abs_error,QED_success,TPSA_target,TPSA_actual,TPSA_abs_error,TPSA_success,HBD_target,HBD_actual,HBD_abs_error,HBD_success,HBA_target,HBA_actual,HBA_abs_error,HBA_success,RB_target,RB_actual,RB_abs_error,RB_success
source_identity,mpair_00000002_cond_01_2p,mpair_00000002,eval,2,"LogP,QED",O=C(c1cccc(Cl)c1)N1C[C@H](CN2CCC(c3ccccc3)CC2)[C@@H](c2ccccc2)C1,O=C(c1ccccc1F)N1C[C@H](CN2CCC(c3ccccc3)CC2)[C@@H](c2ccccc2)C1,O=C(c1cccc(Cl)c1)N1C[C@H](CN2CCC(c3ccccc3)CC2)[C@@H](c2ccccc2)C1,O=C(c1ccccc1)N1C[C@H](CN2CCC(c3ccccc3)CC2)[C@@H](c2ccccc2)C1,O=C(c1ccccc1)N1C[C@H](CN2CCC(c3ccccc3)CC2)[C@@H](c2ccccc2)C1,True,True,True,,1.0,0.6379310344827587,,,,,5.561100000000006,6.075400000000006,0.5143000000000004,True,0.5164092889512721,0.4625029539066648,0.053906335044607345,True,,,,,,,,,,,,,,,,
source_identity,mpair_00000005_cond_00_2p,mpair_00000005,eval,2,"HBA,RB",O=C(c1ccccc1F)N1C[C@H](CN2CCC(c3ccccc3)CC2)[C@@H](c2ccccc2)C1,COc1cccc(C(=O)N2C[C@H](CN3CCC(c4ccccc4)CC3)[C@@H](c3ccccc3)C2)c1,O=C(c1ccccc1F)N1C[C@H](CN2CCC(c3ccccc3)CC2)[C@@H](c2ccccc2)C1,O=C(c1ccccc1)N1C[C@H](CN2CCC(c3ccccc3)CC2)[C@@H](c2ccccc2)C1,O=C(c1ccccc1)N1C[C@H](CN2CCC(c3ccccc3)CC2)[C@@H](c2ccccc2)C1,True,True,True,,1.0,0.6065573770491803,,,,,,,,,,,,,,,,,,,,,3.0,2.0,1.0,True,6.0,5.0,1.0,True
source_identity,mpair_00000007_cond_01_2p,mpair_00000007,eval,2,"LogP,QED",O=C(c1ccccc1F)N1C[C@H](CN2CCC(c3ccccc3)CC2)[C@@H](c2ccccc2)C1,O=C(c1cccc(Cl)c1)N1C[C@H](CN2CCC(c3ccccc3)CC2)[C@@H](c2ccccc2)C1,O=C(c1ccccc1F)N1C[C@H](CN2CCC(c3ccccc3)CC2)[C@@H](c2ccccc2)C1,O=C(c1ccccc1)N1C[C@H](CN2CCC(c3ccccc3)CC2)[C@@H](c2ccccc2)C1,O=C(c1ccccc1)N1C[C@H](CN2CCC(c3ccccc3)CC2)[C@@H](c2ccccc2)C1,True,True,True,,1.0,0.6379310344827587,,,,,6.075400000000006,5.561100000000006,0.5143000000000004,True,0.4625029539066648,0.5164092889512721,0.053906335044607345,True,,,,,,,,,,,,,,,,
source_identity,mpair_00000011_cond_00_2p,mpair_00000011,eval,2,"HBA,RB",COc1cccc(C(=O)N2C[C@H](CN3CCC(c4ccccc4)CC3)[C@@H](c3ccccc3)C2)c1,O=C(c1ccccc1F)N1C[C@H](CN2CCC(c3ccccc3)CC2)[C@@H](c2ccccc2)C1,COc1cccc(C(=O)N2C[C@H](CN3CCC(c4ccccc4)CC3)[C@@H](c3ccccc3)C2)c1,O=C(c1ccccc1)N1C[C@H](CN2CCC(c3ccccc3)CC2)[C@@H](c2ccccc2)C1,O=C(c1ccccc1)N1C[C@H](CN2CCC(c3ccccc3)CC2)[C@@H](c2ccccc2)C1,True,True,True,,1.0,0.6065573770491803,,,,,,,,,,,,,,,,,,,,,2.0,3.0,1.0,True,5.0,6.0,1.0,True
source_identity,mpair_00000013_cond_01_2p,mpair_00000013,eval,2,"MW,LogP",COc1cccc(C(=O)N2C[C@H](CN3CCC(c4ccccc4)CC3)[C@@H](c3ccccc3)C2)c1,O=C(c1ccccc1C(F)(F)F)N1C[C@H](CN2CCC(c3ccccc3)CC2)[C@@H](c2ccccc2)C1,COc1cccc(C(=O)N2C[C@H](CN3CCC(c4ccccc4)CC3)[C@@H](c3ccccc3)C2)c1,O=C(c1ccccc1)N1C[C@H](CN2CCC(c3ccccc3)CC2)[C@@H](c2ccccc2)C1,O=C(c1ccccc1)N1C[C@H](CN2CCC(c3ccccc3)CC2)[C@@H](c2ccccc2)C1,True,False,False,,1.0,0.578125,492.5850000000002,454.61400000000015,37.97100000000006,False,6.4408000000000065,5.430600000000005,1.010200000000001,False,,,,,,,,,,,,,,,,,,,,
source_identity,mpair_00000021_cond_02_2p,mpair_00000021,eval,2,"TPSA,HBA",N#Cc1ccc(COC[C@H]2C3CC(c4ccc(F)cc4)(CO3)[C@@H]2C/C=C/CCCC(=O)O)cc1,O=C(O)CCC/C=C/C[C@@H]1[C@@H](COCc2ccccc2)C2CC1(c1ccccc1)CO2,N#Cc1ccc(COC[C@H]2C3CC(c4ccc(F)cc4)(CO3)[C@@H]2C/C=C/CCCC(=O)O)cc1,c1ccc(COC[C@@H]2CC3(c4ccccc4)COC2C3)cc1,c1ccc(COC[C@@H]2CC3(c4ccccc4)COC2C3)cc1,True,False,False,,1.0,0.7391304347826086,,,,,,,,,,,,,55.760000000000005,79.55,23.789999999999992,False,,,,,3.0,4.0,1.0,True,,,,
source_identity,mpair_00000328_cond_00_2p,mpair_00000328,eval,2,"MW,QED",N[C@@H](C(=O)N[C@@H]1C(=O)N2C(C(=O)O)=C(C(F)(F)F)CC[C@H]12)c1ccc(F)cc1,N[C@@H](C(=O)N[C@@H]1C(=O)N2C(C(=O)O)=C(C(F)(F)F)CC[C@H]12)c1cccc(Br)c1,N[C@@H](C(=O)N[C@@H]1C(=O)N2C(C(=O)O)=C(C(F)(F)F)CC[C@H]12)c1ccc(F)cc1,O=C(Cc1ccccc1)N[C@@H]1C(=O)N2C=CCC[C@H]12,O=C(Cc1ccccc1)N[C@@H]1C(=O)N2C=CCC[C@H]12,True,False,False,,1.0,0.7377049180327869,462.2220000000001,401.3160000000001,60.906000000000006,False,,,,,0.5917241763797754,0.5187711593734389,0.0729530170063365,True,,,,,,,,,,,,,,,,
source_identity,mpair_00000337_cond_00_2p,mpair_00000337,eval,2,"MW,LogP",N[C@@H](C(=O)N[C@@H]1C(=O)N2C(C(=O)O)=C(C(F)(F)F)CC[C@H]12)c1cccc(C(F)(F)F)c1,N[C@@H](C(=O)N[C@@H]1C(=O)N2C(C(=O)O)=C(C(F)(F)F)CC[C@H]12)c1ccc(F)cc1,N[C@@H](C(=O)N[C@@H]1C(=O)N2C(C(=O)O)=C(C(F)(F)F)CC[C@H]12)c1cccc(C(F)(F)F)c1,O=C(Cc1ccccc1)N[C@@H]1C(=O)N2C=CCC[C@H]12,O=C(Cc1ccccc1)N[C@@H]1C(=O)N2C=CCC[C@H]12,True,False,False,,1.0,0.7377049180327869,401.3160000000001,451.3230000000001,50.007000000000005,False,1.2158999999999993,2.0955999999999997,0.8797000000000004,True,,,,,,,,,,,,,,,,,,,,
source_identity,mpair_00000584_cond_00_2p,mpair_00000584,eval,2,"TPSA,HBD",OC[C@@H]1N[C@@H](CCCCc2ccc(O)cc2)[C@H](O)[C@H]1O,Cc1ccc(CCCC[C@@H]2N[C@@H](CO)[C@H](O)[C@H]2O)cc1,OC[C@@H]1N[C@@H](CCCCc2ccc(O)cc2)[C@H](O)[C@H]1O,c1ccc(CCCC[C@H]2CCCN2)cc1,c1ccc(CCCC[C@H]2CCCN2)cc1,True,False,False,,1.0,0.7567567567567568,,,,,,,,,,,,,72.72,92.95,20.230000000000004,False,4.0,5.0,1.0,True,,,,,,,,
source_identity,mpair_00000589_cond_00_2p,mpair_00000589,eval,2,"HBA,RB",COc1ccc(CCCC[C@@H]2N[C@@H](CO)[C@H](O)[C@H]2O)cc1,OC[C@@H]1N[C@@H](CCCCc2ccc(F)cc2)[C@H](O)[C@H]1O,COc1ccc(CCCC[C@@H]2N[C@@H](CO)[C@H](O)[C@H]2O)cc1,c1ccc(CCCC[C@H]2CCCN2)cc1,c1ccc(CCCC[C@H]2CCCN2)cc1,True,True,True,,1.0,0.6829268292682927,,,,,,,,,,,,,,,,,,,,,4.0,5.0,1.0,True,6.0,7.0,1.0,True
source_identity,mpair_00000590_cond_02_2p,mpair_00000590,eval,2,"HBD,RB",OC[C@@H]1N[C@@H](CCCCc2ccc(O)cc2)[C@H](O)[C@H]1O,COc1ccc(CCCC[C@@H]2N[C@@H](CO)[C@H](O)[C@H]2O)cc1,OC[C@@H]1N[C@@H](CCCCc2ccc(O)cc2)[C@H](O)[C@H]1O,c1ccc(CCCC[C@H]2CCCN2)cc1,c1ccc(CCCC[C@H]2CCCN2)cc1,True,True,True,,1.0,0.7,,,,,,,,,,,,,,,,,4.0,5.0,1.0,True,,,,,7.0,6.0,1.0,True
source_identity,mpair_00000592_cond_02_2p,mpair_00000592,eval,2,"HBA,RB",COc1ccc(CCCC[C@@H]2N[C@@H](CO)[C@H](O)[C@H]2O)cc1,Cc1ccc(CCCC[C@@H]2N[C@@H](CO)[C@H](O)[C@H]2O)cc1,COc1ccc(CCCC[C@@H]2N[C@@H](CO)[C@H](O)[C@H]2O)cc1,c1ccc(CCCC[C@H]2CCCN2)cc1,c1ccc(CCCC[C@H]2CCCN2)cc1,True,True,True,,1.0,0.725,,,,,,,,,,,,,,,,,,,,,4.0,5.0,1.0,True,6.0,7.0,1.0,True
source_identity,mpair_00000594_cond_01_2p,mpair_00000594,eval,2,"HBA,RB",COc1ccc(CCCC[C@@H]2N[C@@H](CO)[C@H](O)[C@H]2O)cc1,OC[C@@H]1N[C@@H](CCCCc2cc(F)cc(F)c2)[C@H](O)[C@H]1O,COc1ccc(CCCC[C@@H]2N[C@@H](CO)[C@H](O)[C@H]2O)cc1,c1ccc(CCCC[C@H]2CCCN2)cc1,c1ccc(CCCC[C@H]2CCCN2)cc1,True,True,True,,1.0,0.5681818181818182,,,,,,,,,,,,,,,,,,,,,4.0,5.0,1.0,True,6.0,7.0,1.0,True
source_identity,mpair_00000596_cond_02_2p,mpair_00000596,eval,2,"HBA,RB",OC[C@@H]1N[C@@H](CCCCc2ccc(F)cc2)[C@H](O)[C@H]1O,COc1ccc(CCCC[C@@H]2N[C@@H](CO)[C@H](O)[C@H]2O)cc1,OC[C@@H]1N[C@@H](CCCCc2ccc(F)cc2)[C@H](O)[C@H]1O,c1ccc(CCCC[C@H]2CCCN2)cc1,c1ccc(CCCC[C@H]2CCCN2)cc1,True,True,True,,1.0,0.6829268292682927,,,,,,,,,,,,,,,,,,,,,5.0,4.0,1.0,True,7.0,6.0,1.0,True
source_identity,mpair_00000724_cond_02_2p,mpair_00000724,eval,2,"MW,RB",C=CCc1cc(/C=C2\SC(=O)N(CC=C(C)C)C2=O)c(OC)cc1OC1CCCCO1,C=CCc1cc(/C=C2\SC(=O)N(C)C2=O)c(OC)cc1OC1CCCCO1,C=CCc1cc(/C=C2\SC(=O)N(CC=C(C)C)C2=O)c(OC)cc1OC1CCCCO1,O=C1NC(=O)/C(=C/c2ccc(OC3CCCCO3)cc2)S1,O=C1NC(=O)/C(=C/c2ccc(OC3CCCCO3)cc2)S1,True,False,False,,1.0,0.7761194029850746,389.4730000000002,443.5650000000003,54.0920000000001,False,,,,,,,,,,,,,,,,,,,,,6.0,8.0,2.0,False
source_identity,mpair_00000729_cond_00_2p,mpair_00000729,eval,2,"LogP,QED",C=CCc1cc(/C=C2\SC(=O)N(CC=C(C)C)C2=O)c(OC)cc1OC1CCCCO1,C=CCc1cc(/C=C2\SC(=O)N(CC=C)C2=O)c(OC)cc1OC1CCCCO1,C=CCc1cc(/C=C2\SC(=O)N(CC=C(C)C)C2=O)c(OC)cc1OC1CCCCO1,O=C1NC(=O)/C(=C/c2ccc(OC3CCCCO3)cc2)S1,O=C1NC(=O)/C(=C/c2ccc(OC3CCCCO3)cc2)S1,True,True,True,,1.0,0.8615384615384616,,,,,4.551400000000004,5.331600000000005,0.7802000000000016,True,0.45838471716690443,0.3995752918375223,0.05880942532938216,True,,,,,,,,,,,,,,,,
source_identity,mpair_00000731_cond_00_2p,mpair_00000731,eval,2,"QED,RB",C=CCc1cc(/C=C2\SC(=O)N(C(C)C)C2=O)c(OC)cc1OC1CCCCO1,C=CCc1cc(/C=C2\SC(=O)N(CC=C(C)C)C2=O)c(OC)cc1OC1CCCCO1,C=CCc1cc(/C=C2\SC(=O)N(C(C)C)C2=O)c(OC)cc1OC1CCCCO1,O=C1NC(=O)/C(=C/c2ccc(OC3CCCCO3)cc2)S1,O=C1NC(=O)/C(=C/c2ccc(OC3CCCCO3)cc2)S1,True,True,True,,1.0,0.7183098591549296,,,,,,,,,0.3995752918375223,0.4701504427149941,0.07057515087747185,True,,,,,,,,,,,,,8.0,7.0,1.0,True
source_identity,mpair_00000734_cond_01_2p,mpair_00000734,eval,2,"LogP,QED",C=CCc1cc(/C=C2\SC(=O)N(CCCC)C2=O)c(OC)cc1OC1CCCCO1,C=CCc1cc(/C=C2\SC(=O)N(C)C2=O)c(OC)cc1OC1CCCCO1,C=CCc1cc(/C=C2\SC(=O)N(CCCC)C2=O)c(OC)cc1OC1CCCCO1,O=C1NC(=O)/C(=C/c2ccc(OC3CCCCO3)cc2)S1,O=C1NC(=O)/C(=C/c2ccc(OC3CCCCO3)cc2)S1,True,False,False,,1.0,0.7878787878787878,,,,,3.9952000000000023,5.165500000000004,1.170300000000002,False,0.5413211960634129,0.39718598618589046,0.14413520987752243,False,,,,,,,,,,,,,,,,
source_identity,mpair_00000736_cond_02_2p,mpair_00000736,eval,2,"QED,RB",C=CCc1cc(/C=C2\SC(=O)N(CCCC)C2=O)c(OC)cc1OC1CCCCO1,C=CCc1cc(/C=C2\SC(=O)N(C(C)C)C2=O)c(OC)cc1OC1CCCCO1,C=CCc1cc(/C=C2\SC(=O)N(CCCC)C2=O)c(OC)cc1OC1CCCCO1,O=C1NC(=O)/C(=C/c2ccc(OC3CCCCO3)cc2)S1,O=C1NC(=O)/C(=C/c2ccc(OC3CCCCO3)cc2)S1,True,False,False,,1.0,0.7285714285714285,,,,,,,,,0.4701504427149941,0.39718598618589046,0.07296445652910366,True,,,,,,,,,,,,,7.0,9.0,2.0,False
source_identity,mpair_00000738_cond_01_2p,mpair_00000738,eval,2,"LogP,RB",C=CCc1cc(/C=C2\SC(=O)N(C(C)C)C2=O)c(OC)cc1OC1CCCCO1,C=CCc1cc(/C=C2\SC(=O)N(C)C2=O)c(OC)cc1OC1CCCCO1,C=CCc1cc(/C=C2\SC(=O)N(C(C)C)C2=O)c(OC)cc1OC1CCCCO1,O=C1NC(=O)/C(=C/c2ccc(OC3CCCCO3)cc2)S1,O=C1NC(=O)/C(=C/c2ccc(OC3CCCCO3)cc2)S1,True,True,True,,1.0,0.796875,,,,,3.9952000000000023,4.773800000000004,0.7786000000000017,True,,,,,,,,,,,,,,,,,6.0,7.0,1.0,True
source_identity,mpair_00000742_cond_01_2p,mpair_00000742,eval,2,"MW,RB",C=CCc1cc(/C=C2\SC(=O)N(C)C2=O)c(OC)cc1OC1CCCCO1,C=CCc1cc(/C=C2\SC(=O)N(CC=C(C)C)C2=O)c(OC)cc1OC1CCCCO1,C=CCc1cc(/C=C2\SC(=O)N(C)C2=O)c(OC)cc1OC1CCCCO1,O=C1NC(=O)/C(=C/c2ccc(OC3CCCCO3)cc2)S1,O=C1NC(=O)/C(=C/c2ccc(OC3CCCCO3)cc2)S1,True,False,False,,1.0,0.7761194029850746,443.5650000000003,389.4730000000002,54.0920000000001,False,,,,,,,,,,,,,,,,,,,,,8.0,6.0,2.0,False
source_identity,mpair_00000745_cond_00_2p,mpair_00000745,eval,2,"QED,HBD",C=CCc1cc(/C=C2\SC(=O)N(C)C2=O)c(OC)cc1OC1CCCCO1,C=CCc1cc(/C=C2\SC(=O)NC2=O)c(OC)cc1OC1CCCCO1,C=CCc1cc(/C=C2\SC(=O)N(C)C2=O)c(OC)cc1OC1CCCCO1,O=C1NC(=O)/C(=C/c2ccc(OC3CCCCO3)cc2)S1,O=C1NC(=O)/C(=C/c2ccc(OC3CCCCO3)cc2)S1,True,True,True,,1.0,0.71875,,,,,,,,,0.6042673504148035,0.5413211960634129,0.06294615435139062,True,,,,,1.0,0.0,1.0,True,,,,,,,,
source_identity,mpair_00000750_cond_01_2p,mpair_00000750,eval,2,"MW,HBA",COC(=O)C[C@@H]1CC(=O)N2[C@H](Cc3c[nH]c4ccccc34)CO[C@@H]2C1,O=C1CCC[C@H]2OC[C@@H](Cc3c[nH]c4ccccc34)N12,COC(=O)C[C@@H]1CC(=O)N2[C@H](Cc3c[nH]c4ccccc34)CO[C@@H]2C1,O=C1CCC[C@H]2OC[C@@H](Cc3c[nH]c4ccccc34)N12,O=C1CCC[C@H]2OC[C@@H](Cc3c[nH]c4ccccc34)N12,True,False,False,,1.0,0.578125,270.33200000000005,342.39500000000015,72.0630000000001,False,,,,,,,,,,,,,,,,,2.0,4.0,2.0,False,,,,
source_identity,mpair_00000752_cond_01_2p,mpair_00000752,eval,2,"TPSA,HBA",CC[C@H]1CCC(=O)N2[C@H](Cc3c[nH]c4ccccc34)CO[C@H]12,COC(=O)C[C@@H]1CC(=O)N2[C@H](Cc3c[nH]c4ccccc34)CO[C@@H]2C1,CC[C@H]1CCC(=O)N2[C@H](Cc3c[nH]c4ccccc34)CO[C@H]12,O=C1CCC[C@H]2OC[C@@H](Cc3c[nH]c4ccccc34)N12,O=C1CCC[C@H]2OC[C@@H](Cc3c[nH]c4ccccc34)N12,True,False,False,,1.0,0.5072463768115942,,,,,,,,,,,,,71.63000000000001,45.33,26.30000000000001,False,,,,,4.0,2.0,2.0,False,,,,
source_identity,mpair_00000755_cond_02_2p,mpair_00000755,eval,2,"LogP,RB",CC[C@H]1CCC(=O)N2[C@H](Cc3c[nH]c4ccccc34)CO[C@H]12,O=C1CCC[C@H]2OC[C@@H](Cc3c[nH]c4ccccc34)N12,CC[C@H]1CCC(=O)N2[C@H](Cc3c[nH]c4ccccc34)CO[C@H]12,O=C1CCC[C@H]2OC[C@@H](Cc3c[nH]c4ccccc34)N12,O=C1CCC[C@H]2OC[C@@H](Cc3c[nH]c4ccccc34)N12,True,True,True,,1.0,0.6607142857142857,,,,,2.447800000000001,3.0839000000000016,0.6361000000000008,True,,,,,,,,,,,,,,,,,2.0,3.0,1.0,True
source_identity,mpair_00000757_cond_01_2p,mpair_00000757,eval,2,"LogP,RB",COc1cccc(-c2cncc(O[C@@H]3CCNC3)c2)c1,Clc1cccc(-c2cncc(O[C@@H]3CCNC3)c2)c1,COc1cccc(-c2cncc(O[C@@H]3CCNC3)c2)c1,c1ccc(-c2cncc(O[C@@H]3CCNC3)c2)cc1,c1ccc(-c2cncc(O[C@@H]3CCNC3)c2)cc1,True,True,True,,1.0,0.7446808510638298,,,,,3.1427000000000014,2.4979000000000005,0.6448000000000009,True,,,,,,,,,,,,,,,,,3.0,4.0,1.0,True
source_identity,mpair_00000759_cond_02_2p,mpair_00000759,eval,2,"MW,LogP",c1ccc(-c2cncc(O[C@@H]3CCNC3)c2)cc1,Clc1cccc(-c2cc(O[C@@H]3CCNC3)cnc2Cl)c1,c1ccc(-c2cncc(O[C@@H]3CCNC3)c2)cc1,c1ccc(-c2cncc(O[C@@H]3CCNC3)c2)cc1,c1ccc(-c2cncc(O[C@@H]3CCNC3)c2)cc1,True,False,False,,1.0,0.5192307692307693,309.196,240.30599999999998,68.89000000000004,False,3.796100000000002,2.4893,1.3068000000000017,False,,,,,,,,,,,,,,,,,,,,
source_identity,mpair_00000761_cond_01_2p,mpair_00000761,eval,2,"HBA,RB",c1ccc(-c2cncc(O[C@@H]3CCNC3)c2)cc1,COc1cccc(-c2cncc(O[C@@H]3CCNC3)c2)c1,c1ccc(-c2cncc(O[C@@H]3CCNC3)c2)cc1,c1ccc(-c2cncc(O[C@@H]3CCNC3)c2)cc1,c1ccc(-c2cncc(O[C@@H]3CCNC3)c2)cc1,True,True,True,,1.0,0.75,,,,,,,,,,,,,,,,,,,,,4.0,3.0,1.0,True,4.0,3.0,1.0,True
source_identity,mpair_00000764_cond_00_2p,mpair_00000764,eval,2,"LogP,QED",Clc1cccc(-c2cc(O[C@@H]3CCNC3)cnc2Cl)c1,Clc1cccc(-c2cncc(O[C@@H]3CCNC3)c2)c1,Clc1cccc(-c2cc(O[C@@H]3CCNC3)cnc2Cl)c1,c1ccc(-c2cncc(O[C@@H]3CCNC3)c2)cc1,c1ccc(-c2cncc(O[C@@H]3CCNC3)c2)cc1,True,True,True,,1.0,0.68,,,,,3.1427000000000014,3.796100000000002,0.6534000000000004,True,0.9336391660075258,0.8758671086324237,0.05777205737510216,True,,,,,,,,,,,,,,,,
source_identity,mpair_00001114_cond_01_2p,mpair_00001114,eval,2,"QED,HBD",COc1ccc(N2CCN(CCC3NC(=O)c4ccccc43)CC2)cc1,COc1ccc(N2CCN(CCC3c4ccccc4C(=O)N3C)CC2)cc1,COc1ccc(N2CCN(CCC3NC(=O)c4ccccc43)CC2)cc1,O=C1NC(CCN2CCN(c3ccccc3)CC2)c2ccccc21,O=C1NC(CCN2CCN(c3ccccc3)CC2)c2ccccc21,True,True,True,,1.0,0.6545454545454545,,,,,,,,,0.8160326048332845,0.8996022198661571,0.08356961503287252,True,,,,,0.0,1.0,1.0,True,,,,,,,,
source_identity,mpair_00001116_cond_02_2p,mpair_00001116,eval,2,"HBA,RB",COc1ccc(N2CCN(CCC3NC(=O)c4ccccc43)CC2)cc1,O=C1NC(CCN2CCN(c3ccccc3)CC2)c2ccccc21,COc1ccc(N2CCN(CCC3NC(=O)c4ccccc43)CC2)cc1,O=C1NC(CCN2CCN(c3ccccc3)CC2)c2ccccc21,O=C1NC(CCN2CCN(c3ccccc3)CC2)c2ccccc21,True,True,True,,1.0,0.7708333333333334,,,,,,,,,,,,,,,,,,,,,3.0,4.0,1.0,True,4.0,5.0,1.0,True
source_identity,mpair_00001120_cond_00_2p,mpair_00001120,eval,2,"QED,HBD",CN1C(=O)c2ccccc2C1CCN1CCN(c2ccc(Cl)cc2)CC1,Cc1ccc(N2CCN(CCC3NC(=O)c4ccccc43)CC2)cc1C,CN1C(=O)c2ccccc2C1CCN1CCN(c2ccc(Cl)cc2)CC1,O=C1NC(CCN2CCN(c3ccccc3)CC2)c2ccccc21,O=C1NC(CCN2CCN(c3ccccc3)CC2)c2ccccc21,True,True,True,,1.0,0.45901639344262296,,,,,,,,,0.9198864151307602,0.8221231339252668,0.09776328120549338,True,,,,,1.0,0.0,1.0,True,,,,,,,,
source_identity,mpair_00001121_cond_02_2p,mpair_00001121,eval,2,"QED,HBD",O=C1NC(CCN2CCN(c3ccccc3)CC2)c2ccccc21,CN1C(=O)c2ccccc2C1CCN1CCN(c2ccc(Cl)cc2)CC1,O=C1NC(CCN2CCN(c3ccccc3)CC2)c2ccccc21,O=C1NC(CCN2CCN(c3ccccc3)CC2)c2ccccc21,O=C1NC(CCN2CCN(c3ccccc3)CC2)c2ccccc21,True,False,False,,1.0,0.4909090909090909,,,,,,,,,0.8221231339252668,0.9403172855884846,0.11819415166321778,False,,,,,0.0,1.0,1.0,True,,,,,,,,
source_identity,mpair_00001124_cond_00_2p,mpair_00001124,eval,2,"LogP,RB",COc1ccc(N2CCN(CCC3NC(=O)c4ccccc43)CC2)cc1,Cc1ccc(N2CCN(CCC3NC(=O)c4ccccc43)CC2)cc1C,COc1ccc(N2CCN(CCC3NC(=O)c4ccccc43)CC2)cc1,O=C1NC(CCN2CCN(c3ccccc3)CC2)c2ccccc21,O=C1NC(CCN2CCN(c3ccccc3)CC2)c2ccccc21,True,True,True,,1.0,0.7037037037037037,,,,,3.3002400000000023,2.692000000000001,0.6082400000000012,True,,,,,,,,,,,,,,,,,4.0,5.0,1.0,True
source_identity,mpair_00001128_cond_00_2p,mpair_00001128,eval,2,"LogP,RB",CN1C(=O)c2ccccc2C1CCN1CCN(c2ccc(Cl)cc2)CC1,COc1ccc(N2CCN(CCC3c4ccccc4C(=O)N3C)CC2)cc1,CN1C(=O)c2ccccc2C1CCN1CCN(c2ccc(Cl)cc2)CC1,O=C1NC(CCN2CCN(c3ccccc3)CC2)c2ccccc21,O=C1NC(CCN2CCN(c3ccccc3)CC2)c2ccccc21,True,True,True,,1.0,0.76,,,,,3.034200000000002,3.679000000000003,0.6448000000000009,True,,,,,,,,,,,,,,,,,5.0,4.0,1.0,True
source_identity,mpair_00001129_cond_02_2p,mpair_00001129,eval,2,"QED,HBD",Cc1ccc(N2CCN(CCC3NC(=O)c4ccccc43)CC2)cc1C,CN1C(=O)c2ccccc2C1CCN1CCN(c2ccc(Cl)cc2)CC1,Cc1ccc(N2CCN(CCC3NC(=O)c4ccccc43)CC2)cc1C,O=C1NC(CCN2CCN(c3ccccc3)CC2)c2ccccc21,O=C1NC(CCN2CCN(c3ccccc3)CC2)c2ccccc21,True,True,True,,1.0,0.45901639344262296,,,,,,,,,0.8221231339252668,0.9198864151307602,0.09776328120549338,True,,,,,0.0,1.0,1.0,True,,,,,,,,
source_identity,mpair_00001132_cond_01_2p,mpair_00001132,eval,2,"QED,TPSA",O=C(Cc1ccccc1[N+](=O)[O-])NCCC1CCN(CC2COc3ccccc3O2)CC1,COc1ccccc1CC(=O)NCCC1CCN(CC2COc3ccccc3O2)CC1,O=C(Cc1ccccc1[N+](=O)[O-])NCCC1CCN(CC2COc3ccccc3O2)CC1,O=C(Cc1ccccc1)NCCC1CCN(CC2COc3ccccc3O2)CC1,O=C(Cc1ccccc1)NCCC1CCN(CC2COc3ccccc3O2)CC1,True,False,False,,1.0,0.7164179104477612,,,,,,,,,0.7047088784600517,0.5015202818225966,0.20318859663745514,False,60.03,93.94,33.91,False,,,,,,,,,,,,
source_identity,mpair_00001135_cond_02_2p,mpair_00001135,eval,2,"MW,LogP",Fc1ccc(N2CCN(c3nc4ccsc4n4cccc34)CC2)cc1,FC(F)(F)c1cccc(N2CCN(c3nc4ccsc4n4cccc34)CC2)c1,Fc1ccc(N2CCN(c3nc4ccsc4n4cccc34)CC2)cc1,c1ccc(N2CCN(c3nc4ccsc4n4cccc34)CC2)cc1,c1ccc(N2CCN(c3nc4ccsc4n4cccc34)CC2)cc1,True,False,False,,1.0,0.6666666666666666,402.4450000000001,352.43800000000016,50.00699999999995,False,4.894400000000004,4.014700000000003,0.8797000000000006,True,,,,,,,,,,,,,,,,,,,,
source_identity,mpair_00001633_cond_01_2p,mpair_00001633,eval,2,"MW,QED",C=CCC1(C(C)C#CCC)C(=O)NC(=O)N(C)C1=O,C=C(Br)CC1(C(C)C)C(=O)NC(=O)N(C)C1=O,C=CCC1(C(C)C#CCC)C(=O)NC(=O)N(C)C1=O,O=C1CC(=O)NC(=O)N1,O=C1CC(=O)NC(=O)N1,True,False,False,,1.0,0.42857142857142855,303.15600000000006,262.30899999999997,40.847000000000094,False,,,,,0.8059749860896003,0.47348972477403223,0.33248526131556805,False,,,,,,,,,,,,,,,,
source_identity,mpair_00002258_cond_00_2p,mpair_00002258,eval,2,"LogP,QED",Cc1cccc(C)c1NC(=O)c1c(C)n(-c2c(C)cccc2C)c(C)cc1=O,Cc1ccccc1NC(=O)c1c(C)n(-c2ccccc2C)c(C)cc1=O,Cc1cccc(C)c1NC(=O)c1c(C)n(-c2c(C)cccc2C)c(C)cc1=O,O=C(Nc1ccccc1)c1cn(-c2ccccc2)ccc1=O,O=C(Nc1ccccc1)c1cn(-c2ccccc2)ccc1=O,True,True,True,,1.0,0.5833333333333334,,,,,4.3234800000000035,4.940320000000004,0.6168400000000007,True,0.7675628277357767,0.7058233303377046,0.06173949739807205,True,,,,,,,,,,,,,,,,
source_identity,mpair_00002259_cond_02_2p,mpair_00002259,eval,2,"LogP,QED",Cc1ccccc1NC(=O)c1c(C)n(-c2ccccc2C)c(C)cc1=O,Cc1cccc(C)c1NC(=O)c1c(C)n(-c2c(C)cccc2C)c(C)cc1=O,Cc1ccccc1NC(=O)c1c(C)n(-c2ccccc2C)c(C)cc1=O,O=C(Nc1ccccc1)c1cn(-c2ccccc2)ccc1=O,O=C(Nc1ccccc1)c1cn(-c2ccccc2)ccc1=O,True,True,True,,1.0,0.5833333333333334,,,,,4.940320000000004,4.3234800000000035,0.6168400000000007,True,0.7058233303377046,0.7675628277357767,0.06173949739807205,True,,,,,,,,,,,,,,,,
source_identity,mpair_00002372_cond_02_2p,mpair_00002372,eval,2,"HBA,RB",CCCCCNC(=O)Nc1c(SCCCn2cnc(-c3ccccc3)c2C)cccc1N(C)C,CCCCCNC(=O)Nc1c(C)cccc1SCCCn1cnc(-c2ccccc2)c1C,CCCCCNC(=O)Nc1c(SCCCn2cnc(-c3ccccc3)c2C)cccc1N(C)C,c1ccc(SCCCn2cnc(-c3ccccc3)c2)cc1,c1ccc(SCCCn2cnc(-c3ccccc3)c2)cc1,True,True,True,,1.0,0.8208955223880597,,,,,,,,,,,,,,,,,,,,,4.0,5.0,1.0,True,11.0,12.0,1.0,True
source_identity,mpair_00002462_cond_00_2p,mpair_00002462,eval,2,"TPSA,RB",COc1cc(NC(=O)c2cc(OCCCN(C)C)nn2Cc2ccccc2)cc(OC)c1OC,COc1ccc(NC(=O)c2cc(OCCCN(C)C)nn2Cc2ccccc2)cc1,COc1cc(NC(=O)c2cc(OCCCN(C)C)nn2Cc2ccccc2)cc(OC)c1OC,O=C(Nc1ccccc1)c1ccnn1Cc1ccccc1,O=C(Nc1ccccc1)c1ccnn1Cc1ccccc1,True,False,False,,1.0,0.7741935483870968,,,,,,,,,,,,,68.62,87.08000000000001,18.460000000000008,True,,,,,,,,,10.0,12.0,2.0,False
source_identity,mpair_00002465_cond_00_2p,mpair_00002465,eval,2,"HBA,RB",CN(C)CCCOc1cc(C(=O)Nc2ccc(OC(F)(F)F)cc2)n(Cc2ccccc2)n1,CN(C)CCCOc1cc(C(=O)Nc2cccc(Cl)c2)n(Cc2ccccc2)n1,CN(C)CCCOc1cc(C(=O)Nc2ccc(OC(F)(F)F)cc2)n(Cc2ccccc2)n1,O=C(Nc1ccccc1)c1ccnn1Cc1ccccc1,O=C(Nc1ccccc1)c1ccnn1Cc1ccccc1,True,True,True,,1.0,0.696969696969697,,,,,,,,,,,,,,,,,,,,,5.0,6.0,1.0,True,9.0,10.0,1.0,True
source_identity,mpair_00002469_cond_01_2p,mpair_00002469,eval,2,"TPSA,HBA",COc1ccc(NC(=O)c2cc(OCCCN(C)C)nn2Cc2ccccc2)cc1,COc1cc(NC(=O)c2cc(OCCCN(C)C)nn2Cc2ccccc2)cc(OC)c1OC,COc1ccc(NC(=O)c2cc(OCCCN(C)C)nn2Cc2ccccc2)cc1,O=C(Nc1ccccc1)c1ccnn1Cc1ccccc1,O=C(Nc1ccccc1)c1ccnn1Cc1ccccc1,True,False,False,,1.0,0.7741935483870968,,,,,,,,,,,,,87.08000000000001,68.62,18.460000000000008,True,,,,,8.0,6.0,2.0,False,,,,
source_identity,mpair_00002475_cond_01_2p,mpair_00002475,eval,2,"TPSA,RB",CN(C)CCCOc1cc(C(=O)Nc2ccc(OC(F)(F)F)cc2)n(Cc2ccccc2)n1,COc1cc(NC(=O)c2cc(OCCCN(C)C)nn2Cc2ccccc2)cc(OC)c1OC,CN(C)CCCOc1cc(C(=O)Nc2ccc(OC(F)(F)F)cc2)n(Cc2ccccc2)n1,O=C(Nc1ccccc1)c1ccnn1Cc1ccccc1,O=C(Nc1ccccc1)c1ccnn1Cc1ccccc1,True,False,False,,1.0,0.6764705882352942,,,,,,,,,,,,,87.08000000000001,68.62,18.460000000000008,True,,,,,,,,,12.0,10.0,2.0,False
source_identity,mpair_00002480_cond_00_2p,mpair_00002480,eval,2,"LogP,QED",CN(C)CCCOc1cc(C(=O)Nc2cc(F)cc(C(F)(F)F)c2)n(Cc2ccccc2)n1,CN(C)CCCOc1cc(C(=O)Nc2cccc(Cl)c2)n(Cc2ccccc2)n1,CN(C)CCCOc1cc(C(=O)Nc2cc(F)cc(C(F)(F)F)c2)n(Cc2ccccc2)n1,O=C(Nc1ccccc1)c1ccnn1Cc1ccccc1,O=C(Nc1ccccc1)c1ccnn1Cc1ccccc1,True,False,False,,1.0,0.6764705882352942,,,,,4.167600000000003,4.672100000000003,0.5045000000000002,True,0.5357556879239462,0.369385517709234,0.16637017021471223,False,,,,,,,,,,,,,,,,
source_identity,mpair_00002482_cond_02_2p,mpair_00002482,eval,2,"LogP,QED",COc1ccc(NC(=O)c2cc(OCCCN(C)C)nn2Cc2ccccc2)cc1,CN(C)CCCOc1cc(C(=O)Nc2ccc(OC(F)(F)F)cc2)n(Cc2ccccc2)n1,COc1ccc(NC(=O)c2cc(OCCCN(C)C)nn2Cc2ccccc2)cc1,O=C(Nc1ccccc1)c1ccnn1Cc1ccccc1,O=C(Nc1ccccc1)c1ccnn1Cc1ccccc1,True,True,True,,1.0,0.8064516129032258,,,,,4.412800000000003,3.522800000000002,0.8900000000000015,True,0.4522382232340766,0.5200250404910086,0.06778681725693203,True,,,,,,,,,,,,,,,,
source_identity,mpair_00002486_cond_02_2p,mpair_00002486,eval,2,"QED,HBA",CN(C)CCCOc1cc(C(=O)Nc2cccc(Cl)c2)n(Cc2ccccc2)n1,CN(C)CCCOc1cc(C(=O)Nc2ccc(OC(F)(F)F)cc2)n(Cc2ccccc2)n1,CN(C)CCCOc1cc(C(=O)Nc2cccc(Cl)c2)n(Cc2ccccc2)n1,O=C(Nc1ccccc1)c1ccnn1Cc1ccccc1,O=C(Nc1ccccc1)c1ccnn1Cc1ccccc1,True,True,True,,1.0,0.696969696969697,,,,,,,,,0.4522382232340766,0.5357556879239462,0.08351746468986965,True,,,,,,,,,6.0,5.0,1.0,True,,,,
source_identity,mpair_00002490_cond_01_2p,mpair_00002490,eval,2,"TPSA,HBA",CCOC(=O)c1cc(C(C)O)cn1S(=O)(=O)c1cc(Cl)ccc1N,C=Cc1cc(C(=O)OCC)n(S(=O)(=O)c2cc(Cl)ccc2N)c1,CCOC(=O)c1cc(C(C)O)cn1S(=O)(=O)c1cc(Cl)ccc1N,O=S(=O)(c1ccccc1)n1cccc1,O=S(=O)(c1ccccc1)n1cccc1,True,False,False,,1.0,0.7192982456140351,,,,,,,,,,,,,91.39,111.61999999999999,20.22999999999999,False,,,,,6.0,7.0,1.0,True,,,,
source_identity,mpair_00002494_cond_01_2p,mpair_00002494,eval,2,"MW,LogP",O=C1C(Nc2ccccc2)=C(Cl)C(=O)c2ncncc21,O=C1C(Nc2cccc(Br)c2)=C(Cl)C(=O)c2ncncc21,O=C1C(Nc2ccccc2)=C(Cl)C(=O)c2ncncc21,O=C1C(Nc2ccccc2)=CC(=O)c2ncncc21,O=C1C(Nc2ccccc2)=CC(=O)c2ncncc21,True,False,False,,1.0,0.7272727272727273,364.58600000000007,285.69,78.89600000000007,False,3.180600000000001,2.4181,0.7625000000000011,True,,,,,,,,,,,,,,,,,,,,
source_identity,mpair_00002496_cond_00_2p,mpair_00002496,eval,2,"MW,LogP",O=C1C(Nc2ccccc2)=C(Cl)C(=O)c2ncncc21,O=C1C(Nc2ccc(Br)cc2)=C(Cl)C(=O)c2ncncc21,O=C1C(Nc2ccccc2)=C(Cl)C(=O)c2ncncc21,O=C1C(Nc2ccccc2)=CC(=O)c2ncncc21,O=C1C(Nc2ccccc2)=CC(=O)c2ncncc21,True,False,False,,1.0,0.7560975609756098,364.58600000000007,285.69,78.89600000000007,False,3.180600000000001,2.4181,0.7625000000000011,True,,,,,,,,,,,,,,,,,,,,
source_identity,mpair_00002497_cond_02_2p,mpair_00002497,eval,2,"MW,LogP",O=C1C(Nc2ccc(Br)cc2)=C(Cl)C(=O)c2ncncc21,O=C1C(Nc2ccccc2)=C(Cl)C(=O)c2ncncc21,O=C1C(Nc2ccc(Br)cc2)=C(Cl)C(=O)c2ncncc21,O=C1C(Nc2ccccc2)=CC(=O)c2ncncc21,O=C1C(Nc2ccccc2)=CC(=O)c2ncncc21,True,False,False,,1.0,0.7560975609756098,285.69,364.58600000000007,78.89600000000007,False,2.4181,3.180600000000001,0.7625000000000011,True,,,,,,,,,,,,,,,,,,,,
source_identity,mpair_00002501_cond_01_2p,mpair_00002501,eval,2,"LogP,RB",CCc1ccc(NC2=C(Cl)C(=O)c3ncncc3C2=O)cc1,O=C1C(Nc2ccccc2)=C(Cl)C(=O)c2ncncc21,CCc1ccc(NC2=C(Cl)C(=O)c3ncncc3C2=O)cc1,O=C1C(Nc2ccccc2)=CC(=O)c2ncncc21,O=C1C(Nc2ccccc2)=CC(=O)c2ncncc21,True,True,True,,1.0,0.7045454545454546,,,,,2.4181,2.980500000000001,0.5624000000000011,True,,,,,,,,,,,,,,,,,2.0,3.0,1.0,True
source_identity,mpair_00002504_cond_01_2p,mpair_00002504,eval,2,"HBA,RB",COc1ccc(C(=O)CN2c3ccccc3C(=O)N(Cc3ccccc3)S2(=O)=O)cc1,Cc1ccc(C(=O)CN2c3ccccc3C(=O)N(Cc3ccccc3)S2(=O)=O)cc1,COc1ccc(C(=O)CN2c3ccccc3C(=O)N(Cc3ccccc3)S2(=O)=O)cc1,O=C(CN1c2ccccc2C(=O)N(Cc2ccccc2)S1(=O)=O)c1ccccc1,O=C(CN1c2ccccc2C(=O)N(Cc2ccccc2)S1(=O)=O)c1ccccc1,True,True,True,,1.0,0.7843137254901961,,,,,,,,,,,,,,,,,,,,,4.0,5.0,1.0,True,5.0,6.0,1.0,True
source_identity,mpair_00002506_cond_02_2p,mpair_00002506,eval,2,"HBA,RB",Cc1ccc(C(=O)CN2c3ccccc3C(=O)N(Cc3ccccc3)S2(=O)=O)cc1,COc1ccc(C(=O)CN2c3ccccc3C(=O)N(Cc3ccccc3)S2(=O)=O)cc1,Cc1ccc(C(=O)CN2c3ccccc3C(=O)N(Cc3ccccc3)S2(=O)=O)cc1,O=C(CN1c2ccccc2C(=O)N(Cc2ccccc2)S1(=O)=O)c1ccccc1,O=C(CN1c2ccccc2C(=O)N(Cc2ccccc2)S1(=O)=O)c1ccccc1,True,True,True,,1.0,0.7843137254901961,,,,,,,,,,,,,,,,,,,,,5.0,4.0,1.0,True,6.0,5.0,1.0,True
source_identity,mpair_00002514_cond_02_2p,mpair_00002514,eval,2,"MW,QED",CSc1cc(-c2ccc(Cl)cc2)oc(=O)c1Br,CSc1cc(-c2ccc(Cl)cc2)oc(=O)c1C(N)=O,CSc1cc(-c2ccc(Cl)cc2)oc(=O)c1Br,O=c1cccc(-c2ccccc2)o1,O=c1cccc(-c2ccccc2)o1,True,False,False,,1.0,0.627906976744186,295.747,331.61799999999994,35.870999999999924,False,,,,,0.8837306867126842,0.7618841288913729,0.12184655782131126,False,,,,,,,,,,,,,,,,
source_identity,mpair_00002517_cond_02_2p,mpair_00002517,eval,2,"MW,LogP",CSc1cc(-c2ccc(Cl)cc2)oc(=O)c1Br,CSc1cc(-c2ccc(Cl)cc2)oc(=O)c1,CSc1cc(-c2ccc(Cl)cc2)oc(=O)c1Br,O=c1cccc(-c2ccccc2)o1,O=c1cccc(-c2ccccc2)o1,True,False,False,,1.0,0.5365853658536586,252.72199999999998,331.61799999999994,78.89599999999996,False,3.682100000000002,4.444600000000001,0.7624999999999993,True,,,,,,,,,,,,,,,,,,,,
source_identity,mpair_00002530_cond_00_2p,mpair_00002530,eval,2,"MW,LogP",CSc1cc(-c2ccc(Cl)cc2)oc(=O)c1,CSc1cc(-c2ccc(Cl)cc2)oc(=O)c1Br,CSc1cc(-c2ccc(Cl)cc2)oc(=O)c1,O=c1cccc(-c2ccccc2)o1,O=c1cccc(-c2ccccc2)o1,True,False,False,,1.0,0.5365853658536586,331.61799999999994,252.72199999999998,78.89599999999996,False,4.444600000000001,3.682100000000002,0.7624999999999993,True,,,,,,,,,,,,,,,,,,,,
source_identity,mpair_00002538_cond_00_2p,mpair_00002538,eval,2,"MW,LogP",CSc1cc(-c2ccc(Br)cc2)oc(=O)c1Cl,CSc1cc(-c2ccc(Cl)cc2)oc(=O)c1,CSc1cc(-c2ccc(Br)cc2)oc(=O)c1Cl,O=c1cccc(-c2ccccc2)o1,O=c1cccc(-c2ccccc2)o1,True,False,False,,1.0,0.4318181818181818,252.72199999999998,331.61800000000005,78.89600000000007,False,3.682100000000002,4.444600000000002,0.7625000000000002,True,,,,,,,,,,,,,,,,,,,,
source_identity,mpair_00002546_cond_02_2p,mpair_00002546,eval,2,"LogP,TPSA",CSc1cc(-c2ccc(Br)cc2)oc(=O)c1Br,CSc1cc(-c2ccc(Br)cc2)oc(=O)c1C#N,CSc1cc(-c2ccc(Br)cc2)oc(=O)c1Br,O=c1cccc(-c2ccccc2)o1,O=c1cccc(-c2ccccc2)o1,True,False,False,,1.0,0.675,,,,,3.662880000000002,4.553700000000002,0.8908199999999997,True,,,,,54.0,30.21,23.79,False,,,,,,,,,,,,
source_identity,mpair_00002556_cond_00_2p,mpair_00002556,eval,2,"MW,QED",CN(C(=O)n1nc(-c2ccc(Cl)cc2)nc1SCC(F)(F)F)c1ccccc1,CSc1nc(-c2ccc(Cl)cc2)nn1C(=O)N(C)c1ccccc1,CN(C(=O)n1nc(-c2ccc(Cl)cc2)nc1SCC(F)(F)F)c1ccccc1,O=C(Nc1ccccc1)n1cnc(-c2ccccc2)n1,O=C(Nc1ccccc1)n1cnc(-c2ccccc2)n1,True,False,False,,1.0,0.7222222222222222,358.85400000000004,426.8510000000001,67.99700000000007,False,,,,,0.6499636794176425,0.5270344401044634,0.12292923931317912,False,,,,,,,,,,,,,,,,
source_identity,mpair_00002559_cond_01_2p,mpair_00002559,eval,2,"LogP,QED",CN(C(=O)n1nc(-c2ccc(Cl)cc2)nc1SCC(F)(F)F)c1ccccc1,CSc1nc(-c2ccc(C)cc2)nn1C(=O)N(C)c1ccccc1,CN(C(=O)n1nc(-c2ccc(Cl)cc2)nc1SCC(F)(F)F)c1ccccc1,O=C(Nc1ccccc1)n1cnc(-c2ccccc2)n1,O=C(Nc1ccccc1)n1cnc(-c2ccccc2)n1,True,False,False,,1.0,0.5862068965517241,,,,,4.079920000000002,5.357400000000003,1.2774800000000006,False,0.6753188675979567,0.5270344401044634,0.14828442749349324,False,,,,,,,,,,,,,,,,
source_identity,mpair_00002562_cond_01_2p,mpair_00002562,eval,2,"LogP,RB",CSc1nc(-c2ccc(Cl)cc2)nn1C(=O)N(C)c1ccccc1,CN(C(=O)n1nc(-c2ccc(Cl)cc2)nc1SCC(F)(F)F)c1ccccc1,CSc1nc(-c2ccc(Cl)cc2)nn1C(=O)N(C)c1ccccc1,O=C(Nc1ccccc1)n1cnc(-c2ccccc2)n1,O=C(Nc1ccccc1)n1cnc(-c2ccccc2)n1,True,True,True,,1.0,0.7222222222222222,,,,,5.357400000000003,4.424900000000004,0.9324999999999992,True,,,,,,,,,,,,,,,,,4.0,3.0,1.0,True
source_identity,mpair_00002565_cond_01_2p,mpair_00002565,eval,2,"LogP,HBA",CSc1nc(-c2ccc(OC(F)(F)F)cc2)nn1C(=O)N(C)c1ccccc1,CSc1nc(-c2ccc(C)cc2)nn1C(=O)N(C)c1ccccc1,CSc1nc(-c2ccc(OC(F)(F)F)cc2)nn1C(=O)N(C)c1ccccc1,O=C(Nc1ccccc1)n1cnc(-c2ccccc2)n1,O=C(Nc1ccccc1)n1cnc(-c2ccccc2)n1,True,True,True,,1.0,0.7169811320754716,,,,,4.079920000000002,4.670100000000003,0.590180000000001,True,,,,,,,,,,,,,5.0,6.0,1.0,True,,,,
source_identity,mpair_00002567_cond_01_2p,mpair_00002567,eval,2,"HBD,RB",COc1cc(C(=O)N2CCN(C(=O)c3cc(OC)c(OC)c(OC)c3)C(COC(=O)NCCC(C)C)C2)cc(OC)c1OC,CCN(CC)C(=O)OCC1CN(C(=O)c2cc(OC)c(OC)c(OC)c2)CCN1C(=O)c1cc(OC)c(OC)c(OC)c1,COc1cc(C(=O)N2CCN(C(=O)c3cc(OC)c(OC)c(OC)c3)C(COC(=O)NCCC(C)C)C2)cc(OC)c1OC,O=C(c1ccccc1)N1CCN(C(=O)c2ccccc2)CC1,O=C(c1ccccc1)N1CCN(C(=O)c2ccccc2)CC1,True,True,True,,1.0,0.6451612903225806,,,,,,,,,,,,,,,,,0.0,1.0,1.0,True,,,,,12.0,13.0,1.0,True
source_identity,mpair_00002571_cond_01_2p,mpair_00002571,eval,2,"HBD,RB",CCN(CC)C(=O)OCC1CN(C(=O)c2cc(OC)c(OC)c(OC)c2)CCN1C(=O)c1cc(OC)c(OC)c(OC)c1,COc1cc(C(=O)N2CCN(C(=O)c3cc(OC)c(OC)c(OC)c3)C(COC(=O)NCCC(C)C)C2)cc(OC)c1OC,CCN(CC)C(=O)OCC1CN(C(=O)c2cc(OC)c(OC)c(OC)c2)CCN1C(=O)c1cc(OC)c(OC)c(OC)c1,O=C(c1ccccc1)N1CCN(C(=O)c2ccccc2)CC1,O=C(c1ccccc1)N1CCN(C(=O)c2ccccc2)CC1,True,True,True,,1.0,0.6451612903225806,,,,,,,,,,,,,,,,,1.0,0.0,1.0,True,,,,,13.0,12.0,1.0,True
source_identity,mpair_00002574_cond_01_2p,mpair_00002574,eval,2,"LogP,RB",COc1cc(C(=O)N2CCN(C(=O)c3cc(OC)c(OC)c(OC)c3)C(COC(=O)CC(C)(C)C)C2)cc(OC)c1OC,CCN(CC)C(=O)OCC1CN(C(=O)c2cc(OC)c(OC)c(OC)c2)CCN1C(=O)c1cc(OC)c(OC)c(OC)c1,COc1cc(C(=O)N2CCN(C(=O)c3cc(OC)c(OC)c(OC)c3)C(COC(=O)CC(C)(C)C)C2)cc(OC)c1OC,O=C(c1ccccc1)N1CCN(C(=O)c2ccccc2)CC1,O=C(c1ccccc1)N1CCN(C(=O)c2ccccc2)CC1,True,True,True,,1.0,0.6896551724137931,,,,,3.1834000000000024,3.684400000000003,0.5010000000000003,True,,,,,,,,,,,,,,,,,12.0,11.0,1.0,True
source_identity,mpair_00002577_cond_00_2p,mpair_00002577,eval,2,"HBD,RB",COc1cc(C(=O)N2CCN(C(=O)c3cc(OC)c(OC)c(OC)c3)C(COC(=O)NCCC(C)C)C2)cc(OC)c1OC,COc1cc(C(=O)N2CCN(C(=O)c3cc(OC)c(OC)c(OC)c3)C(COC(=O)CC(C)(C)C)C2)cc(OC)c1OC,COc1cc(C(=O)N2CCN(C(=O)c3cc(OC)c(OC)c(OC)c3)C(COC(=O)NCCC(C)C)C2)cc(OC)c1OC,O=C(c1ccccc1)N1CCN(C(=O)c2ccccc2)CC1,O=C(c1ccccc1)N1CCN(C(=O)c2ccccc2)CC1,True,False,False,,1.0,0.6451612903225806,,,,,,,,,,,,,,,,,0.0,1.0,1.0,True,,,,,11.0,13.0,2.0,False
source_identity,mpair_00002578_cond_02_2p,mpair_00002578,eval,2,"LogP,RB",CCN(CC)C(=O)OCC1CN(C(=O)c2cc(OC)c(OC)c(OC)c2)CCN1C(=O)c1cc(OC)c(OC)c(OC)c1,COc1cc(C(=O)N2CCN(C(=O)c3cc(OC)c(OC)c(OC)c3)C(COC(=O)CC(C)(C)C)C2)cc(OC)c1OC,CCN(CC)C(=O)OCC1CN(C(=O)c2cc(OC)c(OC)c(OC)c2)CCN1C(=O)c1cc(OC)c(OC)c(OC)c1,O=C(c1ccccc1)N1CCN(C(=O)c2ccccc2)CC1,O=C(c1ccccc1)N1CCN(C(=O)c2ccccc2)CC1,True,True,True,,1.0,0.6896551724137931,,,,,3.684400000000003,3.1834000000000024,0.5010000000000003,True,,,,,,,,,,,,,,,,,11.0,12.0,1.0,True
source_identity,mpair_00002589_cond_00_2p,mpair_00002589,eval,2,"QED,HBA",COc1cc(C(=O)N2CCN(C(=O)c3cc(OC)c(OC)c(OC)c3)C(CO)C2)cc(OC)c1OC,CCN(CC)C(=O)OCC1CN(C(=O)c2cc(OC)c(OC)c(OC)c2)CCN1C(=O)c1cc(OC)c(OC)c(OC)c1,COc1cc(C(=O)N2CCN(C(=O)c3cc(OC)c(OC)c(OC)c3)C(CO)C2)cc(OC)c1OC,O=C(c1ccccc1)N1CCN(C(=O)c2ccccc2)CC1,O=C(c1ccccc1)N1CCN(C(=O)c2ccccc2)CC1,True,False,False,,1.0,0.6792452830188679,,,,,,,,,0.3571777118480848,0.544633228323374,0.18745551647528924,False,,,,,,,,,10.0,9.0,1.0,True,,,,
source_identity,mpair_00002597_cond_01_2p,mpair_00002597,eval,2,"MW,LogP",COc1ccc(C(=O)Nc2c(Cl)cncc2Cl)c2ccc(C(C)=O)nc12,COc1ccc(C(=O)Nc2ccncc2Cl)c2cccnc12,COc1ccc(C(=O)Nc2c(Cl)cncc2Cl)c2ccc(C(C)=O)nc12,O=C(Nc1ccncc1)c1cccc2ncccc12,O=C(Nc1ccncc1)c1cccc2ncccc12,True,False,False,,1.0,0.5081967213114754,313.744,390.22600000000017,76.48200000000014,False,3.544100000000002,4.400100000000002,0.8559999999999999,True,,,,,,,,,,,,,,,,,,,,
source_identity,mpair_00002599_cond_02_2p,mpair_00002599,eval,2,"TPSA,HBA",COc1ccc(C(=O)Nc2c(Cl)cncc2Cl)c2ccc(C(C)=O)nc12,CCc1ccc2c(C(=O)Nc3c(Cl)cncc3Cl)ccc(OC)c2n1,COc1ccc(C(=O)Nc2c(Cl)cncc2Cl)c2ccc(C(C)=O)nc12,O=C(Nc1ccncc1)c1cccc2ncccc12,O=C(Nc1ccncc1)c1cccc2ncccc12,True,True,True,,1.0,0.7222222222222222,,,,,,,,,,,,,64.11,81.17999999999999,17.069999999999993,True,,,,,4.0,5.0,1.0,True,,,,
source_identity,mpair_00002603_cond_00_2p,mpair_00002603,eval,2,"LogP,HBD",COc1ccc(C(=O)Nc2c(Cl)cncc2Cl)c2ccc(C(C)O)nc12,CCc1ccc2c(C(=O)Nc3c(Cl)cncc3Cl)ccc(OC)c2n1,COc1ccc(C(=O)Nc2c(Cl)cncc2Cl)c2ccc(C(C)O)nc12,O=C(Nc1ccncc1)c1cccc2ncccc12,O=C(Nc1ccncc1)c1cccc2ncccc12,True,True,True,,1.0,0.6964285714285714,,,,,4.759900000000003,4.2508000000000035,0.5090999999999992,True,,,,,,,,,1.0,2.0,1.0,True,,,,,,,,
source_identity,mpair_00002608_cond_00_2p,mpair_00002608,eval,2,"MW,LogP",COc1ccc(C(=O)Nc2ccncc2Cl)c2cccnc12,COc1ccc(C(=O)Nc2c(F)cncc2F)c2ccc(C(F)(F)F)nc12,COc1ccc(C(=O)Nc2ccncc2Cl)c2cccnc12,O=C(Nc1ccncc1)c1cccc2ncccc12,O=C(Nc1ccncc1)c1cccc2ncccc12,True,False,False,,1.0,0.4090909090909091,383.276,313.744,69.53199999999998,False,4.187700000000001,3.544100000000002,0.6435999999999993,True,,,,,,,,,,,,,,,,,,,,
source_identity,mpair_00002611_cond_02_2p,mpair_00002611,eval,2,"QED,TPSA",COc1ccc(C(=O)Nc2ccncc2Cl)c2ccc(C(F)(F)F)nc12,COc1ccc(C(=O)Nc2c(Cl)cncc2Cl)c2ccc(C(C)=O)nc12,COc1ccc(C(=O)Nc2ccncc2Cl)c2ccc(C(F)(F)F)nc12,O=C(Nc1ccncc1)c1cccc2ncccc12,O=C(Nc1ccncc1)c1cccc2ncccc12,True,True,True,,1.0,0.5396825396825397,,,,,,,,,0.6681926051832562,0.7218484507203837,0.053655845537127544,True,81.17999999999999,64.11,17.069999999999993,True,,,,,,,,,,,,
source_identity,mpair_00002615_cond_00_2p,mpair_00002615,eval,2,"MW,QED",COc1ccc(C(=O)Nc2c(F)cncc2F)c2ccc(C(F)(F)F)nc12,COc1ccc(C(=O)Nc2c(Cl)cncc2Cl)c2cccnc12,COc1ccc(C(=O)Nc2c(F)cncc2F)c2ccc(C(F)(F)F)nc12,O=C(Nc1ccncc1)c1cccc2ncccc12,O=C(Nc1ccncc1)c1cccc2ncccc12,True,False,False,,1.0,0.4918032786885246,348.1890000000001,383.276,35.08699999999993,False,,,,,0.7706046174674384,0.6893032571109005,0.0813013603565379,True,,,,,,,,,,,,,,,,
source_identity,mpair_00002619_cond_00_2p,mpair_00002619,eval,2,"TPSA,RB",COc1ccc(C(=O)Nc2c(Cl)cncc2Cl)c2ccc(C(C)O)nc12,COc1ccc(C(=O)Nc2ccncc2Cl)c2ccc(C(F)(F)F)nc12,COc1ccc(C(=O)Nc2c(Cl)cncc2Cl)c2ccc(C(C)O)nc12,O=C(Nc1ccncc1)c1cccc2ncccc12,O=C(Nc1ccncc1)c1cccc2ncccc12,True,False,False,,1.0,0.5230769230769231,,,,,,,,,,,,,64.11,84.34,20.230000000000004,False,,,,,,,,,3.0,4.0,1.0,True
source_identity,mpair_00002623_cond_00_2p,mpair_00002623,eval,2,"LogP,RB",COc1ccc(C(=O)Nc2c(F)cncc2F)c2ccc(C(F)(F)F)nc12,CCc1ccc2c(C(=O)Nc3c(Cl)cncc3Cl)ccc(OC)c2n1,COc1ccc(C(=O)Nc2c(F)cncc2F)c2ccc(C(F)(F)F)nc12,O=C(Nc1ccncc1)c1cccc2ncccc12,O=C(Nc1ccncc1)c1cccc2ncccc12,True,True,True,,1.0,0.5409836065573771,,,,,4.759900000000003,4.187700000000001,0.5722000000000014,True,,,,,,,,,,,,,,,,,4.0,3.0,1.0,True
source_identity,mpair_00002626_cond_01_2p,mpair_00002626,eval,2,"LogP,QED",COc1ccc(C(=O)Nc2c(F)cncc2F)c2ccc(C(F)(F)F)nc12,COc1ccc(C(=O)Nc2ccncc2Cl)c2cccnc12,COc1ccc(C(=O)Nc2c(F)cncc2F)c2ccc(C(F)(F)F)nc12,O=C(Nc1ccncc1)c1cccc2ncccc12,O=C(Nc1ccncc1)c1cccc2ncccc12,True,False,False,,1.0,0.4090909090909091,,,,,3.544100000000002,4.187700000000001,0.6435999999999993,True,0.8029165077767629,0.6893032571109005,0.11361325066586248,False,,,,,,,,,,,,,,,,
source_identity,mpair_00003108_cond_00_2p,mpair_00003108,eval,2,"LogP,QED",CN1CCC[C@H]1COc1ccc(Cl)nn1,CN1CCC[C@H]1COc1cccnn1,CN1CCC[C@H]1COc1ccc(Cl)nn1,c1cnnc(OC[C@@H]2CCCN2)c1,c1cnnc(OC[C@@H]2CCCN2)c1,True,True,True,,1.0,0.6511627906976745,,,,,0.9495999999999998,1.6029999999999998,0.6534,True,0.7160423680458043,0.7864914737289573,0.07044910568315299,True,,,,,,,,,,,,,,,,
source_identity,mpair_00003109_cond_02_2p,mpair_00003109,eval,2,"LogP,QED",CN1CCC[C@H]1COc1cccnn1,CN1CCC[C@H]1COc1ccc(Cl)nn1,CN1CCC[C@H]1COc1cccnn1,c1cnnc(OC[C@@H]2CCCN2)c1,c1cnnc(OC[C@@H]2CCCN2)c1,True,True,True,,1.0,0.6511627906976745,,,,,1.6029999999999998,0.9495999999999998,0.6534,True,0.7864914737289573,0.7160423680458043,0.07044910568315299,True,,,,,,,,,,,,,,,,
source_identity,mpair_00003111_cond_01_2p,mpair_00003111,eval,2,"QED,RB",Cc1nc2nnc(C(C)(C)C)nn2c(=O)c1C,CCCCc1nnc2nc(C)c(C)c(=O)n2n1,Cc1nc2nnc(C(C)(C)C)nn2c(=O)c1C,O=c1ccnc2nncnn12,O=c1ccnc2nncnn12,True,False,False,,1.0,0.5238095238095238,,,,,,,,,0.7849999676400611,0.6723856505150625,0.11261431712499859,False,,,,,,,,,,,,,3.0,0.0,3.0,False
source_identity,mpair_00003113_cond_02_2p,mpair_00003113,eval,2,"MW,RB",Cc1nc2nncnn2c(=O)c1C,CCCCc1nnc2nc(C)c(C)c(=O)n2n1,Cc1nc2nncnn2c(=O)c1C,O=c1ccnc2nncnn12,O=c1ccnc2nncnn12,True,False,False,,1.0,0.4418604651162791,233.275,177.167,56.108000000000004,False,,,,,,,,,,,,,,,,,,,,,3.0,0.0,3.0,False
source_identity,mpair_00003202_cond_01_2p,mpair_00003202,eval,2,"TPSA,HBA",O=C(OCc1ccc(-c2ccccc2)cc1)n1cccn1,N#Cc1cnn(C(=O)OCc2ccc(-c3ccccc3)cc2)c1,O=C(OCc1ccc(-c2ccccc2)cc1)n1cccn1,O=C(OCc1ccc(-c2ccccc2)cc1)n1cccn1,O=C(OCc1ccc(-c2ccccc2)cc1)n1cccn1,True,False,False,,1.0,0.5833333333333334,,,,,,,,,,,,,67.91,44.120000000000005,23.789999999999992,False,,,,,5.0,4.0,1.0,True,,,,
source_identity,mpair_00003204_cond_00_2p,mpair_00003204,eval,2,"TPSA,HBA",Cc1cnn(C(=O)OCc2ccc(-c3ccccc3)cc2)c1,N#Cc1cnn(C(=O)OCc2ccc(-c3ccccc3)cc2)c1,Cc1cnn(C(=O)OCc2ccc(-c3ccccc3)cc2)c1,O=C(OCc1ccc(-c2ccccc2)cc1)n1cccn1,O=C(OCc1ccc(-c2ccccc2)cc1)n1cccn1,True,False,False,,1.0,0.6808510638297872,,,,,,,,,,,,,67.91,44.120000000000005,23.789999999999992,False,,,,,5.0,4.0,1.0,True,,,,
source_identity,mpair_00003205_cond_02_2p,mpair_00003205,eval,2,"TPSA,HBA",N#Cc1cnn(C(=O)OCc2ccc(-c3ccccc3)cc2)c1,O=C(OCc1ccc(-c2ccccc2)cc1)n1cccn1,N#Cc1cnn(C(=O)OCc2ccc(-c3ccccc3)cc2)c1,O=C(OCc1ccc(-c2ccccc2)cc1)n1cccn1,O=C(OCc1ccc(-c2ccccc2)cc1)n1cccn1,True,False,False,,1.0,0.5833333333333334,,,,,,,,,,,,,44.120000000000005,67.91,23.789999999999992,False,,,,,4.0,5.0,1.0,True,,,,
source_identity,mpair_00003209_cond_00_2p,mpair_00003209,eval,2,"QED,TPSA",NC(=S)N/N=C/c1cccc(OCc2ccc3no[n+]([O-])c3c2)c1,NC(=O)N/N=C\c1ccccc1OCc1ccc2no[n+]([O-])c2c1,NC(=S)N/N=C/c1cccc(OCc2ccc3no[n+]([O-])c3c2)c1,c1ccc(OCc2ccc3no[nH+]c3c2)cc1,c1ccc(OCc2ccc3no[nH+]c3c2)cc1,True,False,False,,1.0,0.5882352941176471,,,,,,,,,0.4106849547701945,0.30972390933844063,0.10096104543175388,False,129.68,112.61,17.070000000000007,True,,,,,,,,,,,,
source_identity,mpair_00003212_cond_01_2p,mpair_00003212,eval,2,"HBD,RB",CC(C)NC(=O)c1ccc2c(Nc3ccc(Cl)cc3)nc(N3CCOCC3)nc2c1,COC(=O)c1ccc2c(Nc3ccc(Cl)cc3)nc(N3CCOCC3)nc2c1,CC(C)NC(=O)c1ccc2c(Nc3ccc(Cl)cc3)nc(N3CCOCC3)nc2c1,c1ccc(Nc2nc(N3CCOCC3)nc3ccccc23)cc1,c1ccc(Nc2nc(N3CCOCC3)nc3ccccc23)cc1,True,True,True,,1.0,0.7833333333333333,,,,,,,,,,,,,,,,,1.0,2.0,1.0,True,,,,,4.0,5.0,1.0,True
source_identity,mpair_00003216_cond_01_2p,mpair_00003216,eval,2,"HBD,HBA",COC(=O)c1ccc2c(Nc3ccc(Cl)cc3)nc(N3CCOCC3)nc2c1,CC(C)NC(=O)c1ccc2c(Nc3ccc(Cl)cc3)nc(N3CCOCC3)nc2c1,COC(=O)c1ccc2c(Nc3ccc(Cl)cc3)nc(N3CCOCC3)nc2c1,c1ccc(Nc2nc(N3CCOCC3)nc3ccccc23)cc1,c1ccc(Nc2nc(N3CCOCC3)nc3ccccc23)cc1,True,True,True,,1.0,0.7833333333333333,,,,,,,,,,,,,,,,,2.0,1.0,1.0,True,6.0,7.0,1.0,True,,,,
source_identity,mpair_00003224_cond_00_2p,mpair_00003224,eval,2,"QED,RB",COCCCN(/C(S)=C1/C(=O)c2cc(Cl)ccc2N(C)C1=O)c1ccccc1,COc1ccc(N(C)/C(S)=C2/C(=O)c3cc(Cl)ccc3N(C)C2=O)cc1,COCCCN(/C(S)=C1/C(=O)c2cc(Cl)ccc2N(C)C1=O)c1ccccc1,O=C1Nc2ccccc2C(=O)/C1=C/Nc1ccccc1,O=C1Nc2ccccc2C(=O)/C1=C/Nc1ccccc1,True,False,False,,1.0,0.5625,,,,,,,,,0.4935411914533051,0.3319041471572704,0.1616370442960347,False,,,,,,,,,,,,,3.0,6.0,3.0,False
source_identity,mpair_00003225_cond_02_2p,mpair_00003225,eval,2,"QED,RB",COCCCN(/C(S)=C1/C(=O)c2cc(Cl)ccc2N(C)C1=O)c1ccccc1,COc1cccc(N(C)/C(S)=C2/C(=O)c3cc(Cl)ccc3N(C)C2=O)c1,COCCCN(/C(S)=C1/C(=O)c2cc(Cl)ccc2N(C)C1=O)c1ccccc1,O=C1Nc2ccccc2C(=O)/C1=C/Nc1ccccc1,O=C1Nc2ccccc2C(=O)/C1=C/Nc1ccccc1,True,False,False,,1.0,0.5846153846153846,,,,,,,,,0.4935411914533051,0.3319041471572704,0.1616370442960347,False,,,,,,,,,,,,,3.0,6.0,3.0,False
source_identity,mpair_00003227_cond_01_2p,mpair_00003227,eval,2,"QED,RB",COc1ccc(N(C)/C(S)=C2/C(=O)c3cc(Cl)ccc3N(C)C2=O)cc1,COCCCN(/C(S)=C1/C(=O)c2cc(Cl)ccc2N(C)C1=O)c1ccccc1,COc1ccc(N(C)/C(S)=C2/C(=O)c3cc(Cl)ccc3N(C)C2=O)cc1,O=C1Nc2ccccc2C(=O)/C1=C/Nc1ccccc1,O=C1Nc2ccccc2C(=O)/C1=C/Nc1ccccc1,True,False,False,,1.0,0.5625,,,,,,,,,0.3319041471572704,0.4935411914533051,0.1616370442960347,False,,,,,,,,,,,,,6.0,3.0,3.0,False
source_identity,mpair_00003531_cond_00_2p,mpair_00003531,eval,2,"TPSA,HBA",CC(C)Oc1cccc(N(Cc2cccnc2)S(=O)(=O)CC(F)(F)F)c1,CCOC(=O)C(C)Oc1cccc(N(Cc2cccnc2)S(=O)(=O)CC(F)(F)F)c1,CC(C)Oc1cccc(N(Cc2cccnc2)S(=O)(=O)CC(F)(F)F)c1,c1ccc(NCc2cccnc2)cc1,c1ccc(NCc2cccnc2)cc1,True,False,False,,1.0,0.7796610169491526,,,,,,,,,,,,,85.80000000000001,59.5,26.30000000000001,False,,,,,6.0,4.0,2.0,False,,,,
source_identity,mpair_00003534_cond_02_2p,mpair_00003534,eval,2,"QED,RB",O=S(=O)(CC(F)(F)F)N(Cc1cccnc1)c1cccc(OC(F)(F)F)c1,CC(C)Oc1cccc(N(Cc2cccnc2)S(=O)(=O)CC(F)(F)F)c1,O=S(=O)(CC(F)(F)F)N(Cc1cccnc1)c1cccc(OC(F)(F)F)c1,c1ccc(NCc2cccnc2)cc1,c1ccc(NCc2cccnc2)cc1,True,True,True,,1.0,0.7777777777777778,,,,,,,,,0.7245796953652621,0.6736163493728189,0.05096334599244323,True,,,,,,,,,,,,,7.0,6.0,1.0,True
source_identity,mpair_00003538_cond_02_2p,mpair_00003538,eval,2,"LogP,HBA",CCC(C)COc1cccc(N(Cc2cccnc2)S(=O)(=O)CC(F)(F)F)c1,CCOC(=O)C(C)Oc1cccc(N(Cc2cccnc2)S(=O)(=O)CC(F)(F)F)c1,CCC(C)COc1cccc(N(Cc2cccnc2)S(=O)(=O)CC(F)(F)F)c1,c1ccc(NCc2cccnc2)cc1,c1ccc(NCc2cccnc2)cc1,True,False,False,,1.0,0.6923076923076923,,,,,3.3107000000000024,4.405200000000004,1.0945000000000018,False,,,,,,,,,,,,,6.0,4.0,2.0,False,,,,
source_identity,mpair_00003542_cond_01_2p,mpair_00003542,eval,2,"QED,RB",CC(C)COc1cccc(N(Cc2cccnc2)S(=O)(=O)CC(F)(F)F)c1,CCC(C)COc1cccc(N(Cc2cccnc2)S(=O)(=O)CC(F)(F)F)c1,CC(C)COc1cccc(N(Cc2cccnc2)S(=O)(=O)CC(F)(F)F)c1,c1ccc(NCc2cccnc2)cc1,c1ccc(NCc2cccnc2)cc1,True,True,True,,1.0,0.8421052631578947,,,,,,,,,0.6078002459089881,0.6693605971809802,0.06156035127199211,True,,,,,,,,,,,,,9.0,8.0,1.0,True
source_identity,mpair_00003544_cond_00_2p,mpair_00003544,eval,2,"LogP,RB",CC(C)COc1cccc(N(Cc2cccnc2)S(=O)(=O)CC(F)(F)F)c1,CCCC(C)Oc1cccc(N(Cc2cccnc2)S(=O)(=O)CC(F)(F)F)c1,CC(C)COc1cccc(N(Cc2cccnc2)S(=O)(=O)CC(F)(F)F)c1,c1ccc(NCc2cccnc2)cc1,c1ccc(NCc2cccnc2)cc1,True,True,True,,1.0,0.7213114754098361,,,,,4.547700000000003,4.015100000000003,0.5326000000000004,True,,,,,,,,,,,,,,,,,9.0,8.0,1.0,True
source_identity,mpair_00003547_cond_00_2p,mpair_00003547,eval,2,"QED,RB",CCC(C)COc1cccc(N(Cc2cccnc2)S(=O)(=O)CC(F)(F)F)c1,CC(C)COc1cccc(N(Cc2cccnc2)S(=O)(=O)CC(F)(F)F)c1,CCC(C)COc1cccc(N(Cc2cccnc2)S(=O)(=O)CC(F)(F)F)c1,c1ccc(NCc2cccnc2)cc1,c1ccc(NCc2cccnc2)cc1,True,True,True,,1.0,0.8421052631578947,,,,,,,,,0.6693605971809802,0.6078002459089881,0.06156035127199211,True,,,,,,,,,,,,,8.0,9.0,1.0,True
source_identity,mpair_00000000_cond_00_3p,mpair_00000000,eval,3,"LogP,HBA,RB",O=C(c1cccc(Cl)c1)N1C[C@H](CN2CCC(c3ccccc3)CC2)[C@@H](c2ccccc2)C1,COc1cccc(C(=O)N2C[C@H](CN3CCC(c4ccccc4)CC3)[C@@H](c3ccccc3)C2)c1,O=C(c1cccc(Cl)c1)N1C[C@H](CN2CCC(c3ccccc3)CC2)[C@@H](c2ccccc2)C1,O=C(c1ccccc1)N1C[C@H](CN2CCC(c3ccccc3)CC2)[C@@H](c2ccccc2)C1,O=C(c1ccccc1)N1C[C@H](CN2CCC(c3ccccc3)CC2)[C@@H](c2ccccc2)C1,True,True,True,,1.0,0.7413793103448276,,,,,5.430600000000005,6.075400000000006,0.6448000000000009,True,,,,,,,,,,,,,3.0,2.0,1.0,True,6.0,5.0,1.0,True
source_identity,mpair_00000006_cond_01_3p,mpair_00000006,eval,3,"MW,LogP,QED",O=C(c1ccccc1F)N1C[C@H](CN2CCC(c3ccccc3)CC2)[C@@H](c2ccccc2)C1,O=C(c1ccccc1C(F)(F)F)N1C[C@H](CN2CCC(c3ccccc3)CC2)[C@@H](c2ccccc2)C1,O=C(c1ccccc1F)N1C[C@H](CN2CCC(c3ccccc3)CC2)[C@@H](c2ccccc2)C1,O=C(c1ccccc1)N1C[C@H](CN2CCC(c3ccccc3)CC2)[C@@H](c2ccccc2)C1,O=C(c1ccccc1)N1C[C@H](CN2CCC(c3ccccc3)CC2)[C@@H](c2ccccc2)C1,True,False,False,,1.0,0.7592592592592593,492.5850000000002,442.57800000000015,50.00700000000006,False,6.4408000000000065,5.561100000000006,0.8797000000000006,True,0.4092272471712491,0.5164092889512721,0.10718204178002305,False,,,,,,,,,,,,,,,,
source_identity,mpair_00000010_cond_00_3p,mpair_00000010,eval,3,"QED,HBA,RB",O=C(c1ccccc1C(F)(F)F)N1C[C@H](CN2CCC(c3ccccc3)CC2)[C@@H](c2ccccc2)C1,COc1cccc(C(=O)N2C[C@H](CN3CCC(c4ccccc4)CC3)[C@@H](c3ccccc3)C2)c1,O=C(c1ccccc1C(F)(F)F)N1C[C@H](CN2CCC(c3ccccc3)CC2)[C@@H](c2ccccc2)C1,O=C(c1ccccc1)N1C[C@H](CN2CCC(c3ccccc3)CC2)[C@@H](c2ccccc2)C1,O=C(c1ccccc1)N1C[C@H](CN2CCC(c3ccccc3)CC2)[C@@H](c2ccccc2)C1,True,True,True,,1.0,0.578125,,,,,,,,,0.49786269936596683,0.4092272471712491,0.08863545219471775,True,,,,,,,,,3.0,2.0,1.0,True,6.0,5.0,1.0,True
source_identity,mpair_00000018_cond_01_3p,mpair_00000018,eval,3,"MW,QED,RB",COC(=O)C1=C(c2ccc(Cl)nc2)CC2CCC1N2C,CN1C2C=C(c3ccc(Cl)nc3)CC1CC2,COC(=O)C1=C(c2ccc(Cl)nc2)CC2CCC1N2C,C1=C(c2cccnc2)CC2CCC1N2,C1=C(c2cccnc2)CC2CCC1N2,True,False,False,,1.0,0.48148148148148145,234.72999999999996,292.76599999999996,58.036,False,,,,,0.6949032404938756,0.6204382047485277,0.07446503574534791,True,,,,,,,,,,,,,1.0,2.0,1.0,True
source_identity,mpair_00000323_cond_00_3p,mpair_00000323,eval,3,"TPSA,HBD,HBA",N[C@@H](C(=O)N[C@@H]1C(=O)N2C(C(=O)O)=C(C(F)(F)F)CC[C@H]12)c1ccc(F)cc1,N[C@@H](C(=O)N[C@@H]1C(=O)N2C(C(=O)O)=C(C(F)(F)F)CC[C@H]12)c1ccc(O)cc1,N[C@@H](C(=O)N[C@@H]1C(=O)N2C(C(=O)O)=C(C(F)(F)F)CC[C@H]12)c1ccc(F)cc1,O=C(Cc1ccccc1)N[C@@H]1C(=O)N2C=CCC[C@H]12,O=C(Cc1ccccc1)N[C@@H]1C(=O)N2C=CCC[C@H]12,True,False,False,,1.0,0.8545454545454545,,,,,,,,,,,,,132.96,112.73,20.230000000000004,False,4.0,3.0,1.0,True,5.0,4.0,1.0,True,,,,
source_identity,mpair_00000329_cond_02_3p,mpair_00000329,eval,3,"QED,HBA,RB",CSC1=C(C(=O)O)N2C(=O)[C@@H](NC(=O)[C@H](N)c3ccccc3)[C@H]2CC1,N[C@@H](C(=O)N[C@@H]1C(=O)N2C(C(=O)O)=C(C(F)(F)F)CC[C@H]12)c1ccc(F)cc1,CSC1=C(C(=O)O)N2C(=O)[C@@H](NC(=O)[C@H](N)c3ccccc3)[C@H]2CC1,O=C(Cc1ccccc1)N[C@@H]1C(=O)N2C=CCC[C@H]12,O=C(Cc1ccccc1)N[C@@H]1C(=O)N2C=CCC[C@H]12,True,False,False,,1.0,0.5873015873015873,,,,,,,,,0.5187711593734389,0.6699274889764619,0.15115632960302305,False,,,,,,,,,4.0,5.0,1.0,True,4.0,5.0,1.0,True
source_identity,mpair_00000331_cond_02_3p,mpair_00000331,eval,3,"TPSA,HBD,HBA",N[C@@H](C(=O)N[C@@H]1C(=O)N2C(C(=O)O)=C(C(F)(F)F)CC[C@H]12)c1ccc(O)cc1,N[C@@H](C(=O)N[C@@H]1C(=O)N2C(C(=O)O)=C(C(F)(F)F)CC[C@H]12)c1ccc(F)cc1,N[C@@H](C(=O)N[C@@H]1C(=O)N2C(C(=O)O)=C(C(F)(F)F)CC[C@H]12)c1ccc(O)cc1,O=C(Cc1ccccc1)N[C@@H]1C(=O)N2C=CCC[C@H]12,O=C(Cc1ccccc1)N[C@@H]1C(=O)N2C=CCC[C@H]12,True,False,False,,1.0,0.8545454545454545,,,,,,,,,,,,,112.73,132.96,20.230000000000004,False,3.0,4.0,1.0,True,4.0,5.0,1.0,True,,,,
source_identity,mpair_00000336_cond_01_3p,mpair_00000336,eval,3,"MW,LogP,QED",N[C@@H](C(=O)N[C@@H]1C(=O)N2C(C(=O)O)=C(C(F)(F)F)CC[C@H]12)c1cccc(Br)c1,N[C@@H](C(=O)N[C@@H]1C(=O)N2C(C(=O)O)=C(C(F)(F)F)CC[C@H]12)c1ccc(F)cc1,N[C@@H](C(=O)N[C@@H]1C(=O)N2C(C(=O)O)=C(C(F)(F)F)CC[C@H]12)c1cccc(Br)c1,O=C(Cc1ccccc1)N[C@@H]1C(=O)N2C=CCC[C@H]12,O=C(Cc1ccccc1)N[C@@H]1C(=O)N2C=CCC[C@H]12,True,False,False,,1.0,0.7377049180327869,401.3160000000001,462.2220000000001,60.906000000000006,False,1.2158999999999993,1.8392999999999997,0.6234000000000004,True,0.5187711593734389,0.5917241763797754,0.0729530170063365,True,,,,,,,,,,,,,,,,
source_identity,mpair_00000595_cond_02_3p,mpair_00000595,eval,3,"QED,HBD,RB",COc1ccc(CCCC[C@@H]2N[C@@H](CO)[C@H](O)[C@H]2O)cc1,OC[C@@H]1N[C@@H](CCCCc2ccc(O)cc2)[C@H](O)[C@H]1O,COc1ccc(CCCC[C@@H]2N[C@@H](CO)[C@H](O)[C@H]2O)cc1,c1ccc(CCCC[C@H]2CCCN2)cc1,c1ccc(CCCC[C@H]2CCCN2)cc1,True,True,True,,1.0,0.7,,,,,,,,,0.47902706341404183,0.5496005244071775,0.07057346099313572,True,,,,,5.0,4.0,1.0,True,,,,,6.0,7.0,1.0,True
source_identity,mpair_00000726_cond_02_3p,mpair_00000726,eval,3,"MW,QED,HBD",C=CCc1cc(/C=C2\SC(=O)NC2=O)c(OC)cc1OC1CCCCO1,C=CCc1cc(/C=C2\SC(=O)N(CC=C)C2=O)c(OC)cc1OC1CCCCO1,C=CCc1cc(/C=C2\SC(=O)NC2=O)c(OC)cc1OC1CCCCO1,O=C1NC(=O)/C(=C/c2ccc(OC3CCCCO3)cc2)S1,O=C1NC(=O)/C(=C/c2ccc(OC3CCCCO3)cc2)S1,True,False,False,,1.0,0.696969696969697,415.51100000000025,375.4460000000002,40.065000000000055,False,,,,,0.45838471716690443,0.6042673504148035,0.14588263324789907,False,,,,,0.0,1.0,1.0,True,,,,,,,,
source_identity,mpair_00000739_cond_02_3p,mpair_00000739,eval,3,"LogP,QED,RB",C=CCc1cc(/C=C2\SC(=O)N(CCCC)C2=O)c(OC)cc1OC1CCCCO1,C=CCc1cc(/C=C2\SC(=O)N(CC=C)C2=O)c(OC)cc1OC1CCCCO1,C=CCc1cc(/C=C2\SC(=O)N(CCCC)C2=O)c(OC)cc1OC1CCCCO1,O=C1NC(=O)/C(=C/c2ccc(OC3CCCCO3)cc2)S1,O=C1NC(=O)/C(=C/c2ccc(OC3CCCCO3)cc2)S1,True,True,True,,1.0,0.8181818181818182,,,,,4.551400000000004,5.165500000000004,0.6141000000000005,True,0.45838471716690443,0.39718598618589046,0.06119873098101397,True,,,,,,,,,,,,,8.0,9.0,1.0,True
source_identity,mpair_00000742_cond_00_3p,mpair_00000742,eval,3,"LogP,QED,RB",C=CCc1cc(/C=C2\SC(=O)N(C)C2=O)c(OC)cc1OC1CCCCO1,C=CCc1cc(/C=C2\SC(=O)N(CC=C(C)C)C2=O)c(OC)cc1OC1CCCCO1,C=CCc1cc(/C=C2\SC(=O)N(C)C2=O)c(OC)cc1OC1CCCCO1,O=C1NC(=O)/C(=C/c2ccc(OC3CCCCO3)cc2)S1,O=C1NC(=O)/C(=C/c2ccc(OC3CCCCO3)cc2)S1,True,False,False,,1.0,0.7761194029850746,,,,,5.331600000000005,3.9952000000000023,1.336400000000003,False,0.3995752918375223,0.5413211960634129,0.14174590422589062,False,,,,,,,,,,,,,8.0,6.0,2.0,False
source_identity,mpair_00000747_cond_00_3p,mpair_00000747,eval,3,"LogP,HBD,RB",C=CCc1cc(/C=C2\SC(=O)N(CC=C)C2=O)c(OC)cc1OC1CCCCO1,C=CCc1cc(/C=C2\SC(=O)NC2=O)c(OC)cc1OC1CCCCO1,C=CCc1cc(/C=C2\SC(=O)N(CC=C)C2=O)c(OC)cc1OC1CCCCO1,O=C1NC(=O)/C(=C/c2ccc(OC3CCCCO3)cc2)S1,O=C1NC(=O)/C(=C/c2ccc(OC3CCCCO3)cc2)S1,True,False,False,,1.0,0.696969696969697,,,,,3.6530000000000022,4.551400000000004,0.8984000000000014,True,,,,,,,,,1.0,0.0,1.0,True,,,,,6.0,8.0,2.0,False
source_identity,mpair_00000748_cond_02_3p,mpair_00000748,eval,3,"LogP,QED,RB",C=CCc1cc(/C=C2\SC(=O)N(C)C2=O)c(OC)cc1OC1CCCCO1,C=CCc1cc(/C=C2\SC(=O)N(CC=C)C2=O)c(OC)cc1OC1CCCCO1,C=CCc1cc(/C=C2\SC(=O)N(C)C2=O)c(OC)cc1OC1CCCCO1,O=C1NC(=O)/C(=C/c2ccc(OC3CCCCO3)cc2)S1,O=C1NC(=O)/C(=C/c2ccc(OC3CCCCO3)cc2)S1,True,False,False,,1.0,0.8095238095238095,,,,,4.551400000000004,3.9952000000000023,0.5562000000000014,True,0.45838471716690443,0.5413211960634129,0.08293647889650846,True,,,,,,,,,,,,,8.0,6.0,2.0,False
source_identity,mpair_00000757_cond_02_3p,mpair_00000757,eval,3,"LogP,HBA,RB",COc1cccc(-c2cncc(O[C@@H]3CCNC3)c2)c1,Clc1cccc(-c2cncc(O[C@@H]3CCNC3)c2)c1,COc1cccc(-c2cncc(O[C@@H]3CCNC3)c2)c1,c1ccc(-c2cncc(O[C@@H]3CCNC3)c2)cc1,c1ccc(-c2cncc(O[C@@H]3CCNC3)c2)cc1,True,True,True,,1.0,0.7446808510638298,,,,,3.1427000000000014,2.4979000000000005,0.6448000000000009,True,,,,,,,,,,,,,3.0,4.0,1.0,True,3.0,4.0,1.0,True
source_identity,mpair_00001124_cond_01_3p,mpair_00001124,eval,3,"LogP,HBA,RB",COc1ccc(N2CCN(CCC3NC(=O)c4ccccc43)CC2)cc1,Cc1ccc(N2CCN(CCC3NC(=O)c4ccccc43)CC2)cc1C,COc1ccc(N2CCN(CCC3NC(=O)c4ccccc43)CC2)cc1,O=C1NC(CCN2CCN(c3ccccc3)CC2)c2ccccc21,O=C1NC(CCN2CCN(c3ccccc3)CC2)c2ccccc21,True,True,True,,1.0,0.7037037037037037,,,,,3.3002400000000023,2.692000000000001,0.6082400000000012,True,,,,,,,,,,,,,3.0,4.0,1.0,True,4.0,5.0,1.0,True
source_identity,mpair_00001131_cond_01_3p,mpair_00001131,eval,3,"HBD,HBA,RB",COc1ccc(N2CCN(CCC3c4ccccc4C(=O)N3C)CC2)cc1,Cc1ccc(N2CCN(CCC3NC(=O)c4ccccc43)CC2)cc1C,COc1ccc(N2CCN(CCC3c4ccccc4C(=O)N3C)CC2)cc1,O=C1NC(CCN2CCN(c3ccccc3)CC2)c2ccccc21,O=C1NC(CCN2CCN(c3ccccc3)CC2)c2ccccc21,True,True,True,,1.0,0.4444444444444444,,,,,,,,,,,,,,,,,1.0,0.0,1.0,True,3.0,4.0,1.0,True,4.0,5.0,1.0,True
source_identity,mpair_00001133_cond_02_3p,mpair_00001133,eval,3,"QED,TPSA,HBA",COc1ccccc1CC(=O)NCCC1CCN(CC2COc3ccccc3O2)CC1,O=C(Cc1ccccc1[N+](=O)[O-])NCCC1CCN(CC2COc3ccccc3O2)CC1,COc1ccccc1CC(=O)NCCC1CCN(CC2COc3ccccc3O2)CC1,O=C(Cc1ccccc1)NCCC1CCN(CC2COc3ccccc3O2)CC1,O=C(Cc1ccccc1)NCCC1CCN(CC2COc3ccccc3O2)CC1,True,False,False,,1.0,0.7164179104477612,,,,,,,,,0.5015202818225966,0.7047088784600517,0.20318859663745514,False,93.94,60.03,33.91,False,,,,,6.0,5.0,1.0,True,,,,
source_identity,mpair_00002370_cond_02_3p,mpair_00002370,eval,3,"HBD,HBA,RB",CCOC(=O)/C=C/c1cc(C(=O)c2ccc(-n3ccnc3)cc2)cn1C,Cn1cc(C(=O)c2ccc(-n3ccnc3)cc2)cc1/C=C/C(=O)O,CCOC(=O)/C=C/c1cc(C(=O)c2ccc(-n3ccnc3)cc2)cn1C,O=C(c1ccc(-n2ccnc2)cc1)c1cc[nH]c1,O=C(c1ccc(-n2ccnc2)cc1)c1cc[nH]c1,True,True,True,,1.0,0.7454545454545455,,,,,,,,,,,,,,,,,1.0,0.0,1.0,True,5.0,6.0,1.0,True,5.0,6.0,1.0,True
source_identity,mpair_00002375_cond_02_3p,mpair_00002375,eval,3,"TPSA,HBD,HBA",COc1cccc2sc([C@@H]3C[C@H]4CC[C@@H](C3)N4C[C@H](O)COc3cccc4[nH]c(C(N)=O)cc34)cc12,COc1cccc2sc([C@@H]3C[C@H]4CC[C@@H](C3)N4C[C@H](O)COc3cccc4[nH]c(C)cc34)cc12,COc1cccc2sc([C@@H]3C[C@H]4CC[C@@H](C3)N4C[C@H](O)COc3cccc4[nH]c(C(N)=O)cc34)cc12,c1ccc2sc([C@@H]3C[C@H]4CC[C@@H](C3)N4CCCOc3cccc4[nH]ccc34)cc2c1,c1ccc2sc([C@@H]3C[C@H]4CC[C@@H](C3)N4CCCOc3cccc4[nH]ccc34)cc2c1,True,False,False,,1.0,0.7916666666666666,,,,,,,,,,,,,57.720000000000006,100.81,43.089999999999996,False,2.0,3.0,1.0,True,5.0,6.0,1.0,True,,,,
source_identity,mpair_00002466_cond_00_3p,mpair_00002466,eval,3,"QED,HBA,RB",CN(C)CCCOc1cc(C(=O)Nc2ccc(Cl)cc2F)n(Cc2ccccc2)n1,CN(C)CCCOc1cc(C(=O)Nc2ccc(OC(F)(F)F)cc2)n(Cc2ccccc2)n1,CN(C)CCCOc1cc(C(=O)Nc2ccc(Cl)cc2F)n(Cc2ccccc2)n1,O=C(Nc1ccccc1)c1ccnn1Cc1ccccc1,O=C(Nc1ccccc1)c1ccnn1Cc1ccccc1,True,True,True,,1.0,0.6428571428571429,,,,,,,,,0.4522382232340766,0.5138601191048354,0.061621895870758836,True,,,,,,,,,6.0,5.0,1.0,True,10.0,9.0,1.0,True
source_identity,mpair_00002469_cond_02_3p,mpair_00002469,eval,3,"MW,TPSA,HBA",COc1ccc(NC(=O)c2cc(OCCCN(C)C)nn2Cc2ccccc2)cc1,COc1cc(NC(=O)c2cc(OCCCN(C)C)nn2Cc2ccccc2)cc(OC)c1OC,COc1ccc(NC(=O)c2cc(OCCCN(C)C)nn2Cc2ccccc2)cc1,O=C(Nc1ccccc1)c1ccnn1Cc1ccccc1,O=C(Nc1ccccc1)c1ccnn1Cc1ccccc1,True,False,False,,1.0,0.7741935483870968,468.5540000000002,408.50200000000007,60.052000000000135,False,,,,,,,,,87.08000000000001,68.62,18.460000000000008,True,,,,,8.0,6.0,2.0,False,,,,
source_identity,mpair_00002472_cond_02_3p,mpair_00002472,eval,3,"MW,LogP,QED",COc1ccc(NC(=O)c2cc(OCCCN(C)C)nn2Cc2ccccc2)cc1,CN(C)CCCOc1cc(C(=O)Nc2cc(F)cc(C(F)(F)F)c2)n(Cc2ccccc2)n1,COc1ccc(NC(=O)c2cc(OCCCN(C)C)nn2Cc2ccccc2)cc1,O=C(Nc1ccccc1)c1ccnn1Cc1ccccc1,O=C(Nc1ccccc1)c1ccnn1Cc1ccccc1,True,False,False,,1.0,0.6764705882352942,464.4630000000001,408.50200000000007,55.96100000000001,False,4.672100000000003,3.522800000000002,1.149300000000001,False,0.369385517709234,0.5200250404910086,0.15063952278177462,False,,,,,,,,,,,,,,,,
source_identity,mpair_00002478_cond_01_3p,mpair_00002478,eval,3,"MW,LogP,QED",CN(C)CCCOc1cc(C(=O)Nc2cccc(Cl)c2)n(Cc2ccccc2)n1,CN(C)CCCOc1cc(C(=O)Nc2cc(F)cc(C(F)(F)F)c2)n(Cc2ccccc2)n1,CN(C)CCCOc1cc(C(=O)Nc2cccc(Cl)c2)n(Cc2ccccc2)n1,O=C(Nc1ccccc1)c1ccnn1Cc1ccccc1,O=C(Nc1ccccc1)c1ccnn1Cc1ccccc1,True,False,False,,1.0,0.6764705882352942,464.4630000000001,412.9210000000001,51.54199999999997,False,4.672100000000003,4.167600000000003,0.5045000000000002,True,0.369385517709234,0.5357556879239462,0.16637017021471223,False,,,,,,,,,,,,,,,,
source_identity,mpair_00002482_cond_00_3p,mpair_00002482,eval,3,"MW,LogP,QED",COc1ccc(NC(=O)c2cc(OCCCN(C)C)nn2Cc2ccccc2)cc1,CN(C)CCCOc1cc(C(=O)Nc2ccc(OC(F)(F)F)cc2)n(Cc2ccccc2)n1,COc1ccc(NC(=O)c2cc(OCCCN(C)C)nn2Cc2ccccc2)cc1,O=C(Nc1ccccc1)c1ccnn1Cc1ccccc1,O=C(Nc1ccccc1)c1ccnn1Cc1ccccc1,True,False,False,,1.0,0.8064516129032258,462.4720000000001,408.50200000000007,53.97000000000003,False,4.412800000000003,3.522800000000002,0.8900000000000015,True,0.4522382232340766,0.5200250404910086,0.06778681725693203,True,,,,,,,,,,,,,,,,
source_identity,mpair_00002488_cond_00_3p,mpair_00002488,eval,3,"LogP,TPSA,HBA",C=Cc1cc(C(=O)OCC)n(S(=O)(=O)c2cc(Cl)ccc2N)c1,CC(C)OC(=O)c1cc(CO)cn1S(=O)(=O)c1cc(Cl)ccc1N,C=Cc1cc(C(=O)OCC)n(S(=O)(=O)c2cc(Cl)ccc2N)c1,O=S(=O)(c1ccccc1)n1cccc1,O=S(=O)(c1ccccc1)n1cccc1,True,False,False,,1.0,0.5396825396825397,,,,,2.0182,2.7804,0.7622,True,,,,,111.61999999999999,91.39,20.22999999999999,False,,,,,7.0,6.0,1.0,True,,,,
source_identity,mpair_00002498_cond_00_3p,mpair_00002498,eval,3,"MW,QED,RB",CCc1ccc(NC2=C(Cl)C(=O)c3ncncc3C2=O)cc1,O=C1C(Nc2cccc(Br)c2)=C(Cl)C(=O)c2ncncc21,CCc1ccc(NC2=C(Cl)C(=O)c3ncncc3C2=O)cc1,O=C1C(Nc2ccccc2)=CC(=O)c2ncncc21,O=C1C(Nc2ccccc2)=CC(=O)c2ncncc21,True,False,False,,1.0,0.5882352941176471,364.58600000000007,313.744,50.84200000000004,False,,,,,0.885902971993687,0.9428073960459649,0.05690442405227791,True,,,,,,,,,,,,,2.0,3.0,1.0,True
source_identity,mpair_00002500_cond_02_3p,mpair_00002500,eval,3,"MW,QED,RB",O=C1C(Nc2ccc(Br)cc2)=C(Cl)C(=O)c2ncncc21,CCc1ccc(NC2=C(Cl)C(=O)c3ncncc3C2=O)cc1,O=C1C(Nc2ccc(Br)cc2)=C(Cl)C(=O)c2ncncc21,O=C1C(Nc2ccccc2)=CC(=O)c2ncncc21,O=C1C(Nc2ccccc2)=CC(=O)c2ncncc21,True,False,False,,1.0,0.7111111111111111,313.744,364.58600000000007,50.84200000000004,False,,,,,0.9428073960459649,0.885902971993687,0.05690442405227791,True,,,,,,,,,,,,,3.0,2.0,1.0,True
source_identity,mpair_00002505_cond_01_3p,mpair_00002505,eval,3,"QED,HBA,RB",COc1ccc(C(=O)CN2c3ccccc3C(=O)N(Cc3ccccc3)S2(=O)=O)cc1,O=C(CN1c2ccccc2C(=O)N(Cc2ccccc2)S1(=O)=O)c1ccccc1,COc1ccc(C(=O)CN2c3ccccc3C(=O)N(Cc3ccccc3)S2(=O)=O)cc1,O=C(CN1c2ccccc2C(=O)N(Cc2ccccc2)S1(=O)=O)c1ccccc1,O=C(CN1c2ccccc2C(=O)N(Cc2ccccc2)S1(=O)=O)c1ccccc1,True,True,True,,1.0,0.7916666666666666,,,,,,,,,0.6096951629926923,0.5539335722556151,0.055761590737077205,True,,,,,,,,,4.0,5.0,1.0,True,5.0,6.0,1.0,True
source_identity,mpair_00002510_cond_00_3p,mpair_00002510,eval,3,"LogP,TPSA,HBA",CSc1cc(-c2ccc(Br)cc2)oc(=O)c1C#N,CSc1cc(-c2ccc(Br)cc2)oc(=O)c1Cl,CSc1cc(-c2ccc(Br)cc2)oc(=O)c1C#N,O=c1cccc(-c2ccccc2)o1,O=c1cccc(-c2ccccc2)o1,True,False,False,,1.0,0.6428571428571429,,,,,4.444600000000002,3.662880000000002,0.78172,True,,,,,30.21,54.0,23.79,False,,,,,3.0,4.0,1.0,True,,,,
source_identity,mpair_00002543_cond_01_3p,mpair_00002543,eval,3,"TPSA,HBD,RB",CSc1cc(-c2ccc(Br)cc2)oc(=O)c1Cl,CSc1cc(-c2ccc(Cl)cc2)oc(=O)c1C(N)=O,CSc1cc(-c2ccc(Br)cc2)oc(=O)c1Cl,O=c1cccc(-c2ccccc2)o1,O=c1cccc(-c2ccccc2)o1,True,False,False,,1.0,0.5217391304347826,,,,,,,,,,,,,73.30000000000001,30.21,43.09000000000001,False,1.0,0.0,1.0,True,,,,,3.0,2.0,1.0,True
source_identity,mpair_00002559_cond_02_3p,mpair_00002559,eval,3,"LogP,QED,RB",CN(C(=O)n1nc(-c2ccc(Cl)cc2)nc1SCC(F)(F)F)c1ccccc1,CSc1nc(-c2ccc(C)cc2)nn1C(=O)N(C)c1ccccc1,CN(C(=O)n1nc(-c2ccc(Cl)cc2)nc1SCC(F)(F)F)c1ccccc1,O=C(Nc1ccccc1)n1cnc(-c2ccccc2)n1,O=C(Nc1ccccc1)n1cnc(-c2ccccc2)n1,True,False,False,,1.0,0.5862068965517241,,,,,4.079920000000002,5.357400000000003,1.2774800000000006,False,0.6753188675979567,0.5270344401044634,0.14828442749349324,False,,,,,,,,,,,,,3.0,4.0,1.0,True
source_identity,mpair_00002564_cond_02_3p,mpair_00002564,eval,3,"LogP,QED,HBA",CSc1nc(-c2ccc(OC(F)(F)F)cc2)nn1C(=O)N(C)c1ccccc1,CN(C(=O)n1nc(-c2ccc(Cl)cc2)nc1SCC(F)(F)F)c1ccccc1,CSc1nc(-c2ccc(OC(F)(F)F)cc2)nn1C(=O)N(C)c1ccccc1,O=C(Nc1ccccc1)n1cnc(-c2ccccc2)n1,O=C(Nc1ccccc1)n1cnc(-c2ccccc2)n1,True,True,True,,1.0,0.5967741935483871,,,,,5.357400000000003,4.670100000000003,0.6872999999999996,True,0.5270344401044634,0.5874043626188404,0.060369922514377006,True,,,,,,,,,5.0,6.0,1.0,True,,,,
source_identity,mpair_00002573_cond_02_3p,mpair_00002573,eval,3,"MW,LogP,QED",COc1cc(C(=O)N2CCN(C(=O)c3cc(OC)c(OC)c(OC)c3)C(COC(=O)CC(C)(C)C)C2)cc(OC)c1OC,COc1cc(C(=O)N2CCN(C(=O)c3cc(OC)c(OC)c(OC)c3)C(COC(C)=O)C2)cc(OC)c1OC,COc1cc(C(=O)N2CCN(C(=O)c3cc(OC)c(OC)c(OC)c3)C(COC(=O)CC(C)(C)C)C2)cc(OC)c1OC,O=C(c1ccccc1)N1CCN(C(=O)c2ccccc2)CC1,O=C(c1ccccc1)N1CCN(C(=O)c2ccccc2)CC1,True,False,False,,1.0,0.7547169811320755,546.5730000000003,602.6810000000004,56.10800000000006,False,2.2681000000000004,3.684400000000003,1.4163000000000023,False,0.41028124355120477,0.3521539372279048,0.05812730632329999,True,,,,,,,,,,,,,,,,
source_identity,mpair_00002584_cond_00_3p,mpair_00002584,eval,3,"LogP,QED,HBA",COc1cc(C(=O)N2CCN(C(=O)c3cc(OC)c(OC)c(OC)c3)C(CO)C2)cc(OC)c1OC,COc1cc(C(=O)N2CCN(C(=O)c3cc(OC)c(OC)c(OC)c3)C(COC(C)=O)C2)cc(OC)c1OC,COc1cc(C(=O)N2CCN(C(=O)c3cc(OC)c(OC)c(OC)c3)C(CO)C2)cc(OC)c1OC,O=C(c1ccccc1)N1CCN(C(=O)c2ccccc2)CC1,O=C(c1ccccc1)N1CCN(C(=O)c2ccccc2)CC1,True,False,False,,1.0,0.75,,,,,2.2681000000000004,1.6973000000000003,0.5708000000000002,True,0.41028124355120477,0.544633228323374,0.13435198477216925,False,,,,,,,,,10.0,9.0,1.0,True,,,,
source_identity,mpair_00002589_cond_01_3p,mpair_00002589,eval,3,"MW,LogP,HBA",COc1cc(C(=O)N2CCN(C(=O)c3cc(OC)c(OC)c(OC)c3)C(CO)C2)cc(OC)c1OC,CCN(CC)C(=O)OCC1CN(C(=O)c2cc(OC)c(OC)c(OC)c2)CCN1C(=O)c1cc(OC)c(OC)c(OC)c1,COc1cc(C(=O)N2CCN(C(=O)c3cc(OC)c(OC)c(OC)c3)C(CO)C2)cc(OC)c1OC,O=C(c1ccccc1)N1CCN(C(=O)c2ccccc2)CC1,O=C(c1ccccc1)N1CCN(C(=O)c2ccccc2)CC1,True,False,False,,1.0,0.6792452830188679,603.6690000000003,504.53600000000034,99.13299999999998,False,3.1834000000000024,1.6973000000000003,1.4861000000000022,False,,,,,,,,,,,,,10.0,9.0,1.0,True,,,,
source_identity,mpair_00002594_cond_02_3p,mpair_00002594,eval,3,"MW,LogP,RB",CCN(CC)C(=O)OCC1CN(C(=O)c2cc(OC)c(OC)c(OC)c2)CCN1C(=O)c1cc(OC)c(OC)c(OC)c1,COc1cc(C(=O)N2CCN(C(=O)c3cc(OC)c(OC)c(OC)c3)C(COC(C)=O)C2)cc(OC)c1OC,CCN(CC)C(=O)OCC1CN(C(=O)c2cc(OC)c(OC)c(OC)c2)CCN1C(=O)c1cc(OC)c(OC)c(OC)c1,O=C(c1ccccc1)N1CCN(C(=O)c2ccccc2)CC1,O=C(c1ccccc1)N1CCN(C(=O)c2ccccc2)CC1,True,False,False,,1.0,0.7547169811320755,546.5730000000003,603.6690000000003,57.096000000000004,False,2.2681000000000004,3.1834000000000024,0.915300000000002,True,,,,,,,,,,,,,,,,,10.0,12.0,2.0,False
source_identity,mpair_00002601_cond_00_3p,mpair_00002601,eval,3,"MW,LogP,QED",COc1ccc(C(=O)Nc2ccncc2Cl)c2cccnc12,COc1ccc(C(=O)Nc2ccncc2Cl)c2ccc(C(F)(F)F)nc12,COc1ccc(C(=O)Nc2ccncc2Cl)c2cccnc12,O=C(Nc1ccncc1)c1cccc2ncccc12,O=C(Nc1ccncc1)c1cccc2ncccc12,True,False,False,,1.0,0.6724137931034483,381.74100000000004,313.744,67.99700000000001,False,4.562900000000002,3.544100000000002,1.0187999999999997,False,0.7218484507203837,0.8029165077767629,0.0810680570563792,True,,,,,,,,,,,,,,,,
source_identity,mpair_00002605_cond_00_3p,mpair_00002605,eval,3,"TPSA,HBD,RB",COc1ccc(C(=O)Nc2c(Cl)cncc2Cl)c2ccc(C(C)O)nc12,COc1ccc(C(=O)Nc2c(F)cncc2F)c2ccc(C(F)(F)F)nc12,COc1ccc(C(=O)Nc2c(Cl)cncc2Cl)c2ccc(C(C)O)nc12,O=C(Nc1ccncc1)c1cccc2ncccc12,O=C(Nc1ccncc1)c1cccc2ncccc12,True,False,False,,1.0,0.532258064516129,,,,,,,,,,,,,64.11,84.34,20.230000000000004,False,1.0,2.0,1.0,True,,,,,3.0,4.0,1.0,True
source_identity,mpair_00002610_cond_01_3p,mpair_00002610,eval,3,"LogP,TPSA,HBD",CCc1ccc2c(C(=O)Nc3c(Cl)cncc3Cl)ccc(OC)c2n1,COc1ccc(C(=O)Nc2c(Cl)cncc2Cl)c2ccc(C(C)O)nc12,CCc1ccc2c(C(=O)Nc3c(Cl)cncc3Cl)ccc(OC)c2n1,O=C(Nc1ccncc1)c1cccc2ncccc12,O=C(Nc1ccncc1)c1cccc2ncccc12,True,False,False,,1.0,0.6964285714285714,,,,,4.2508000000000035,4.759900000000003,0.5090999999999992,True,,,,,84.34,64.11,20.230000000000004,False,2.0,1.0,1.0,True,,,,,,,,
source_identity,mpair_00002616_cond_01_3p,mpair_00002616,eval,3,"TPSA,HBA,RB",COc1ccc(C(=O)Nc2c(F)cncc2F)c2ccc(C(F)(F)F)nc12,COc1ccc(C(=O)Nc2c(Cl)cncc2Cl)c2ccc(C(C)=O)nc12,COc1ccc(C(=O)Nc2c(F)cncc2F)c2ccc(C(F)(F)F)nc12,O=C(Nc1ccncc1)c1cccc2ncccc12,O=C(Nc1ccncc1)c1cccc2ncccc12,True,True,True,,1.0,0.55,,,,,,,,,,,,,81.17999999999999,64.11,17.069999999999993,True,,,,,5.0,4.0,1.0,True,4.0,3.0,1.0,True
source_identity,mpair_00002622_cond_00_3p,mpair_00002622,eval,3,"MW,QED,RB",CCc1ccc2c(C(=O)Nc3c(Cl)cncc3Cl)ccc(OC)c2n1,COc1ccc(C(=O)Nc2ccncc2Cl)c2cccnc12,CCc1ccc2c(C(=O)Nc3c(Cl)cncc3Cl)ccc(OC)c2n1,O=C(Nc1ccncc1)c1cccc2ncccc12,O=C(Nc1ccncc1)c1cccc2ncccc12,True,False,False,,1.0,0.5,313.744,376.2430000000001,62.49900000000008,False,,,,,0.8029165077767629,0.7131894410136064,0.08972706676315656,True,,,,,,,,,,,,,3.0,4.0,1.0,True
source_identity,mpair_00002629_cond_00_3p,mpair_00002629,eval,3,"TPSA,HBA,RB",CC(C)CC(=O)N1C[C@H](c2ccccc2)C[C@H]1C(=O)N[C@@H](CC(F)F)C(=O)NCCc1c(F)cc(C(=O)O)cc1F,CC(C)(C)[C@H](O)C(=O)N1C[C@H](c2ccccc2)C[C@H]1C(=O)N[C@@H](CC(F)F)C(=O)NCCc1c(F)cc(C(=O)O)cc1F,CC(C)CC(=O)N1C[C@H](c2ccccc2)C[C@H]1C(=O)N[C@@H](CC(F)F)C(=O)NCCc1c(F)cc(C(=O)O)cc1F,O=C(CNC(=O)[C@@H]1C[C@@H](c2ccccc2)CN1)NCCc1ccccc1,O=C(CNC(=O)[C@@H]1C[C@@H](c2ccccc2)CN1)NCCc1ccccc1,True,False,False,,1.0,0.7567567567567568,,,,,,,,,,,,,136.04,115.81000000000002,20.229999999999976,False,,,,,5.0,4.0,1.0,True,11.0,12.0,1.0,True
source_identity,mpair_00003115_cond_00_3p,mpair_00003115,eval,3,"MW,LogP,QED",Cc1nc2nncnn2c(=O)c1C,Cc1nc2nnc(C(C)(C)C)nn2c(=O)c1C,Cc1nc2nncnn2c(=O)c1C,O=c1ccnc2nncnn12,O=c1ccnc2nncnn12,True,False,False,,1.0,0.48717948717948717,233.27499999999998,177.167,56.107999999999976,False,0.7938399999999997,-0.5036600000000002,1.2974999999999999,False,0.6723856505150625,0.541825521381232,0.13056012913383053,False,,,,,,,,,,,,,,,,
source_identity,mpair_00003206_cond_00_3p,mpair_00003206,eval,3,"MW,LogP,HBA",CCOC(=O)N1CCN(S(=O)(=O)c2ccc(-n3ncc(=O)[nH]c3=O)cc2Cl)CC1,Cc1cc(-n2ncc(=O)[nH]c2=O)ccc1S(=O)(=O)N1CCN(C=O)CC1,CCOC(=O)N1CCN(S(=O)(=O)c2ccc(-n3ncc(=O)[nH]c3=O)cc2Cl)CC1,O=c1cnn(-c2ccc(S(=O)(=O)N3CCNCC3)cc2)c(=O)[nH]1,O=c1cnn(-c2ccc(S(=O)(=O)N3CCNCC3)cc2)c(=O)[nH]1,True,False,False,,1.0,0.5625,379.39800000000025,443.86900000000026,64.471,False,-1.3080799999999981,0.037000000000000144,1.3450799999999983,False,,,,,,,,,,,,,7.0,8.0,1.0,True,,,,
source_identity,mpair_00003210_cond_00_3p,mpair_00003210,eval,3,"MW,LogP,HBA",CC[C@H]1OC(=O)[C@H](C)[C@@H](O)[C@H](C)[C@@H](OC2O[C@H](C)C[C@H](N(C)C)C2O)[C@@](C)(OC)C[C@@H](C)C(=O)[C@H](C)[C@@H](O)[C@]1(C)O,CC[C@H]1OC(=O)[C@H](C)[C@@H](OC(C)=O)[C@H](C)[C@@H](OC2O[C@H](C)C[C@H](N(C)C)C2O)[C@@](C)(OC)C[C@@H](C)C(=O)[C@H](C)[C@@H](O)[C@]1(C)O,CC[C@H]1OC(=O)[C@H](C)[C@@H](O)[C@H](C)[C@@H](OC2O[C@H](C)C[C@H](N(C)C)C2O)[C@@](C)(OC)C[C@@H](C)C(=O)[C@H](C)[C@@H](O)[C@]1(C)O,O=C1CCCCOC(=O)CCC[C@@H](OC2CCCCO2)CCC1,O=C1CCCCOC(=O)CCC[C@@H](OC2CCCCO2)CCC1,True,False,False,,1.0,0.821917808219178,631.8040000000003,589.7670000000004,42.03699999999992,False,2.0853000000000033,1.5145000000000022,0.5708000000000011,True,,,,,,,,,,,,,12.0,11.0,1.0,True,,,,
source_identity,mpair_00003219_cond_01_3p,mpair_00003219,eval,3,"MW,LogP,QED",COc1ccc(S(=O)(=O)N(Cc2cccnc2)c2c(C)cccc2C(=O)NO)cc1,COc1ccc(S(=O)(=O)N(Cc2cccnc2)c2c(C)cc(Br)cc2C(=O)NO)cc1,COc1ccc(S(=O)(=O)N(Cc2cccnc2)c2c(C)cccc2C(=O)NO)cc1,O=S(=O)(c1ccccc1)N(Cc1cccnc1)c1ccccc1,O=S(=O)(c1ccccc1)N(Cc1cccnc1)c1ccccc1,True,False,False,,1.0,0.819672131147541,506.37800000000016,427.48200000000014,78.89600000000002,False,3.675620000000001,2.91312,0.7625000000000011,True,0.3740614499694089,0.44330794633881315,0.06924649636940428,True,,,,,,,,,,,,,,,,
source_identity,mpair_00003222_cond_02_3p,mpair_00003222,eval,3,"QED,TPSA,RB",COc1ccc(S(=O)(=O)N(Cc2cccnc2)c2c(C)cc(Br)cc2C(=O)NO)cc1,COC(=O)c1cccc(C(=O)NO)c1N(Cc1cccnc1)S(=O)(=O)c1ccc(OC)cc1,COc1ccc(S(=O)(=O)N(Cc2cccnc2)c2c(C)cc(Br)cc2C(=O)NO)cc1,O=S(=O)(c1ccccc1)N(Cc1cccnc1)c1ccccc1,O=S(=O)(c1ccccc1)N(Cc1cccnc1)c1ccccc1,True,False,False,,1.0,0.734375,,,,,,,,,0.29046454626646695,0.3740614499694089,0.08359690370294193,True,135.13,108.83000000000001,26.299999999999983,False,,,,,,,,,8.0,7.0,1.0,True
source_identity,mpair_00003531_cond_02_3p,mpair_00003531,eval,3,"TPSA,HBA,RB",CC(C)Oc1cccc(N(Cc2cccnc2)S(=O)(=O)CC(F)(F)F)c1,CCOC(=O)C(C)Oc1cccc(N(Cc2cccnc2)S(=O)(=O)CC(F)(F)F)c1,CC(C)Oc1cccc(N(Cc2cccnc2)S(=O)(=O)CC(F)(F)F)c1,c1ccc(NCc2cccnc2)cc1,c1ccc(NCc2cccnc2)cc1,True,False,False,,1.0,0.7796610169491526,,,,,,,,,,,,,85.80000000000001,59.5,26.30000000000001,False,,,,,6.0,4.0,2.0,False,9.0,7.0,2.0,False
source_identity,mpair_00003540_cond_00_3p,mpair_00003540,eval,3,"QED,TPSA,HBA",CCCC(C)Oc1cccc(N(Cc2cccnc2)S(=O)(=O)CC(F)(F)F)c1,CCOC(=O)C(C)Oc1cccc(N(Cc2cccnc2)S(=O)(=O)CC(F)(F)F)c1,CCCC(C)Oc1cccc(N(Cc2cccnc2)S(=O)(=O)CC(F)(F)F)c1,c1ccc(NCc2cccnc2)cc1,c1ccc(NCc2cccnc2)cc1,True,False,False,,1.0,0.746031746031746,,,,,,,,,0.5496815697636838,0.6018859517288218,0.05220438196513799,True,85.80000000000001,59.5,26.30000000000001,False,,,,,6.0,4.0,2.0,False,,,,
source_identity,mpair_00003545_cond_01_3p,mpair_00003545,eval,3,"LogP,QED,RB",CCCC(C)Oc1cccc(N(Cc2cccnc2)S(=O)(=O)CC(F)(F)F)c1,CC(C)Oc1cccc(N(Cc2cccnc2)S(=O)(=O)CC(F)(F)F)c1,CCCC(C)Oc1cccc(N(Cc2cccnc2)S(=O)(=O)CC(F)(F)F)c1,c1ccc(NCc2cccnc2)cc1,c1ccc(NCc2cccnc2)cc1,True,False,False,,1.0,0.8070175438596491,,,,,3.7675000000000027,4.547700000000003,0.7802000000000007,True,0.7245796953652621,0.6018859517288218,0.12269374363644037,False,,,,,,,,,,,,,7.0,9.0,2.0,False
source_identity,mpair_00000014_cond_01_4p,mpair_00000014,eval,4,"MW,LogP,TPSA,HBA",O=C(O)[C@@H]1C[C@H]2C[C@@H](CCS(=O)(=O)O)CC[C@H]2CN1,O=C(O)CC[C@H]1CC[C@H]2CN[C@H](C(=O)O)C[C@H]2C1,O=C(O)[C@@H]1C[C@H]2C[C@@H](CCS(=O)(=O)O)CC[C@H]2CN1,C1CC[C@H]2CNCC[C@H]2C1,C1CC[C@H]2CNCC[C@H]2C1,True,False,False,,1.0,0.6829268292682927,255.314,291.36899999999997,36.05499999999998,False,1.3301999999999996,0.7433000000000001,0.5868999999999995,True,,,,,86.63000000000001,103.7,17.069999999999993,True,,,,,3.0,4.0,1.0,True,,,,
source_identity,mpair_00000322_cond_01_4p,mpair_00000322,eval,4,"MW,QED,HBA,RB",N[C@@H](C(=O)N[C@@H]1C(=O)N2C(C(=O)O)=C(C(F)(F)F)CC[C@H]12)c1cccc(C(F)(F)F)c1,CSC1=C(C(=O)O)N2C(=O)[C@@H](NC(=O)[C@H](N)c3ccccc3)[C@H]2CC1,N[C@@H](C(=O)N[C@@H]1C(=O)N2C(C(=O)O)=C(C(F)(F)F)CC[C@H]12)c1cccc(C(F)(F)F)c1,O=C(Cc1ccccc1)N[C@@H]1C(=O)N2C=CCC[C@H]12,O=C(Cc1ccccc1)N[C@@H]1C(=O)N2C=CCC[C@H]12,True,False,False,,1.0,0.5757575757575758,361.42300000000006,451.3230000000001,89.90000000000003,False,,,,,0.6699274889764619,0.4795891963980345,0.19033829257842744,False,,,,,,,,,5.0,4.0,1.0,True,5.0,4.0,1.0,True
source_identity,mpair_00000326_cond_01_4p,mpair_00000326,eval,4,"QED,TPSA,HBD,RB",N[C@@H](C(=O)N[C@@H]1C(=O)N2C(C(=O)O)=C(C(F)(F)F)CC[C@H]12)c1ccc(O)cc1,CSC1=C(C(=O)O)N2C(=O)[C@@H](NC(=O)[C@H](N)c3ccccc3)[C@H]2CC1,N[C@@H](C(=O)N[C@@H]1C(=O)N2C(C(=O)O)=C(C(F)(F)F)CC[C@H]12)c1ccc(O)cc1,O=C(Cc1ccccc1)N[C@@H]1C(=O)N2C=CCC[C@H]12,O=C(Cc1ccccc1)N[C@@H]1C(=O)N2C=CCC[C@H]12,True,False,False,,1.0,0.5873015873015873,,,,,,,,,0.6699274889764619,0.5533729404309352,0.11655454854552671,False,112.73,132.96,20.230000000000004,False,3.0,4.0,1.0,True,,,,,5.0,4.0,1.0,True
source_identity,mpair_00000334_cond_02_4p,mpair_00000334,eval,4,"MW,QED,TPSA,RB",CSC1=C(C(=O)O)N2C(=O)[C@@H](NC(=O)[C@H](N)c3ccccc3)[C@H]2CC1,N[C@@H](C(=O)N[C@@H]1C(=O)N2C(C(=O)O)=C(C(F)(F)F)CC[C@H]12)c1ccc(O)cc1,CSC1=C(C(=O)O)N2C(=O)[C@@H](NC(=O)[C@H](N)c3ccccc3)[C@H]2CC1,O=C(Cc1ccccc1)N[C@@H]1C(=O)N2C=CCC[C@H]12,O=C(Cc1ccccc1)N[C@@H]1C(=O)N2C=CCC[C@H]12,True,False,False,,1.0,0.5873015873015873,399.3250000000001,361.42300000000006,37.902000000000044,False,,,,,0.5533729404309352,0.6699274889764619,0.11655454854552671,False,132.96,112.73,20.230000000000004,False,,,,,,,,,4.0,5.0,1.0,True
source_identity,mpair_00000586_cond_02_4p,mpair_00000586,eval,4,"QED,TPSA,HBD,HBA",OC[C@@H]1N[C@@H](CCCCc2cc(F)cc(F)c2)[C@H](O)[C@H]1O,OC[C@@H]1N[C@@H](CCCCc2ccc(O)cc2)[C@H](O)[C@H]1O,OC[C@@H]1N[C@@H](CCCCc2cc(F)cc(F)c2)[C@H](O)[C@H]1O,c1ccc(CCCC[C@H]2CCCN2)cc1,c1ccc(CCCC[C@H]2CCCN2)cc1,True,False,False,,1.0,0.625,,,,,,,,,0.47902706341404183,0.5846986769843887,0.10567161357034688,False,92.95,72.72,20.230000000000004,False,5.0,4.0,1.0,True,5.0,4.0,1.0,True,,,,
source_identity,mpair_00000726_cond_01_4p,mpair_00000726,eval,4,"MW,LogP,QED,HBD",C=CCc1cc(/C=C2\SC(=O)NC2=O)c(OC)cc1OC1CCCCO1,C=CCc1cc(/C=C2\SC(=O)N(CC=C)C2=O)c(OC)cc1OC1CCCCO1,C=CCc1cc(/C=C2\SC(=O)NC2=O)c(OC)cc1OC1CCCCO1,O=C1NC(=O)/C(=C/c2ccc(OC3CCCCO3)cc2)S1,O=C1NC(=O)/C(=C/c2ccc(OC3CCCCO3)cc2)S1,True,False,False,,1.0,0.696969696969697,415.51100000000025,375.4460000000002,40.065000000000055,False,4.551400000000004,3.6530000000000022,0.8984000000000014,True,0.45838471716690443,0.6042673504148035,0.14588263324789907,False,,,,,0.0,1.0,1.0,True,,,,,,,,
source_identity,mpair_00000734_cond_00_4p,mpair_00000734,eval,4,"MW,LogP,QED,RB",C=CCc1cc(/C=C2\SC(=O)N(CCCC)C2=O)c(OC)cc1OC1CCCCO1,C=CCc1cc(/C=C2\SC(=O)N(C)C2=O)c(OC)cc1OC1CCCCO1,C=CCc1cc(/C=C2\SC(=O)N(CCCC)C2=O)c(OC)cc1OC1CCCCO1,O=C1NC(=O)/C(=C/c2ccc(OC3CCCCO3)cc2)S1,O=C1NC(=O)/C(=C/c2ccc(OC3CCCCO3)cc2)S1,True,False,False,,1.0,0.7878787878787878,389.4730000000002,431.55400000000026,42.081000000000074,False,3.9952000000000023,5.165500000000004,1.170300000000002,False,0.5413211960634129,0.39718598618589046,0.14413520987752243,False,,,,,,,,,,,,,6.0,9.0,3.0,False
source_identity,mpair_00000753_cond_01_4p,mpair_00000753,eval,4,"MW,TPSA,HBA,RB",O=C1CCC[C@H]2OC[C@@H](Cc3c[nH]c4ccccc34)N12,COC(=O)C[C@@H]1CC(=O)N2[C@H](Cc3c[nH]c4ccccc34)CO[C@@H]2C1,O=C1CCC[C@H]2OC[C@@H](Cc3c[nH]c4ccccc34)N12,O=C1CCC[C@H]2OC[C@@H](Cc3c[nH]c4ccccc34)N12,O=C1CCC[C@H]2OC[C@@H](Cc3c[nH]c4ccccc34)N12,True,False,False,,1.0,0.578125,342.39500000000015,270.33200000000005,72.0630000000001,False,,,,,,,,,71.63000000000001,45.330000000000005,26.300000000000004,False,,,,,4.0,2.0,2.0,False,4.0,2.0,2.0,False
source_identity,mpair_00001117_cond_02_4p,mpair_00001117,eval,4,"MW,HBD,HBA,RB",COc1ccc(N2CCN(CCC3c4ccccc4C(=O)N3C)CC2)cc1,O=C1NC(CCN2CCN(c3ccccc3)CC2)c2ccccc21,COc1ccc(N2CCN(CCC3c4ccccc4C(=O)N3C)CC2)cc1,O=C1NC(CCN2CCN(c3ccccc3)CC2)c2ccccc21,O=C1NC(CCN2CCN(c3ccccc3)CC2)c2ccccc21,True,False,False,,1.0,0.47368421052631576,321.4240000000001,365.47700000000015,44.053000000000054,False,,,,,,,,,,,,,1.0,0.0,1.0,True,3.0,4.0,1.0,True,4.0,5.0,1.0,True
source_identity,mpair_00001131_cond_02_4p,mpair_00001131,eval,4,"QED,HBD,HBA,RB",COc1ccc(N2CCN(CCC3c4ccccc4C(=O)N3C)CC2)cc1,Cc1ccc(N2CCN(CCC3NC(=O)c4ccccc43)CC2)cc1C,COc1ccc(N2CCN(CCC3c4ccccc4C(=O)N3C)CC2)cc1,O=C1NC(CCN2CCN(c3ccccc3)CC2)c2ccccc21,O=C1NC(CCN2CCN(c3ccccc3)CC2)c2ccccc21,True,False,False,,1.0,0.4444444444444444,,,,,,,,,0.9198864151307602,0.8160326048332845,0.10385381029747565,False,,,,,1.0,0.0,1.0,True,3.0,4.0,1.0,True,4.0,5.0,1.0,True
source_identity,mpair_00001618_cond_02_4p,mpair_00001618,eval,4,"QED,TPSA,HBA,RB",CC1CC(C)(C)Nc2ccc3c(c21)COc1c(F)cc(F)cc1-3,CC1CC(C)(C)Nc2ccc3c(c21)COc1c-3cc(F)cc1[N+](=O)[O-],CC1CC(C)(C)Nc2ccc3c(c21)COc1c(F)cc(F)cc1-3,c1ccc2c(c1)OCc1c-2ccc2c1CCCN2,c1ccc2c(c1)OCc1c-2ccc2c1CCCN2,True,False,False,,1.0,0.7321428571428571,,,,,,,,,0.5855235809891088,0.719238819171056,0.1337152381819472,False,64.39999999999999,21.259999999999998,43.13999999999999,False,,,,,4.0,2.0,2.0,False,1.0,0.0,1.0,True
source_identity,mpair_00002465_cond_02_4p,mpair_00002465,eval,4,"MW,QED,HBA,RB",CN(C)CCCOc1cc(C(=O)Nc2ccc(OC(F)(F)F)cc2)n(Cc2ccccc2)n1,CN(C)CCCOc1cc(C(=O)Nc2cccc(Cl)c2)n(Cc2ccccc2)n1,CN(C)CCCOc1cc(C(=O)Nc2ccc(OC(F)(F)F)cc2)n(Cc2ccccc2)n1,O=C(Nc1ccccc1)c1ccnn1Cc1ccccc1,O=C(Nc1ccccc1)c1ccnn1Cc1ccccc1,True,False,False,,1.0,0.696969696969697,412.9210000000001,462.4720000000001,49.55099999999999,False,,,,,0.5357556879239462,0.4522382232340766,0.08351746468986965,True,,,,,,,,,5.0,6.0,1.0,True,9.0,10.0,1.0,True
source_identity,mpair_00002481_cond_01_4p,mpair_00002481,eval,4,"LogP,TPSA,HBA,RB",COc1cc(NC(=O)c2cc(OCCCN(C)C)nn2Cc2ccccc2)cc(OC)c1OC,CN(C)CCCOc1cc(C(=O)Nc2cc(F)cc(C(F)(F)F)c2)n(Cc2ccccc2)n1,COc1cc(NC(=O)c2cc(OCCCN(C)C)nn2Cc2ccccc2)cc(OC)c1OC,O=C(Nc1ccccc1)c1ccnn1Cc1ccccc1,O=C(Nc1ccccc1)c1ccnn1Cc1ccccc1,True,False,False,,1.0,0.6811594202898551,,,,,4.672100000000003,3.5400000000000027,1.1321000000000003,False,,,,,59.39,87.08000000000001,27.690000000000012,False,,,,,5.0,8.0,3.0,False,9.0,12.0,3.0,False
source_identity,mpair_00002492_cond_00_4p,mpair_00002492,eval,4,"LogP,TPSA,HBD,HBA",CC(C)OC(=O)c1cc(CO)cn1S(=O)(=O)c1cc(Cl)ccc1N,C=Cc1cc(C(=O)OCC)n(S(=O)(=O)c2cc(Cl)ccc2N)c1,CC(C)OC(=O)c1cc(CO)cn1S(=O)(=O)c1cc(Cl)ccc1N,O=S(=O)(c1ccccc1)n1cccc1,O=S(=O)(c1ccccc1)n1cccc1,True,False,False,,1.0,0.5396825396825397,,,,,2.7804,2.0182,0.7622,True,,,,,91.39,111.61999999999999,20.22999999999999,False,1.0,2.0,1.0,True,6.0,7.0,1.0,True,,,,
source_identity,mpair_00002522_cond_00_4p,mpair_00002522,eval,4,"MW,LogP,TPSA,HBD",CSc1cc(-c2ccc(Cl)cc2)oc(=O)c1,CSc1cc(-c2ccc(Cl)cc2)oc(=O)c1C(N)=O,CSc1cc(-c2ccc(Cl)cc2)oc(=O)c1,O=c1cccc(-c2ccccc2)o1,O=c1cccc(-c2ccccc2)o1,True,False,False,,1.0,0.4888888888888889,295.747,252.72199999999998,43.025000000000034,False,2.7810000000000006,3.682100000000002,0.9011000000000013,True,,,,,73.30000000000001,30.21,43.09000000000001,False,1.0,0.0,1.0,True,,,,,,,,
source_identity,mpair_00002558_cond_01_4p,mpair_00002558,eval,4,"MW,QED,HBA,RB",CSc1nc(-c2ccc(OC(F)(F)F)cc2)nn1C(=O)N(C)c1ccccc1,CSc1nc(-c2ccc(Cl)cc2)nn1C(=O)N(C)c1ccccc1,CSc1nc(-c2ccc(OC(F)(F)F)cc2)nn1C(=O)N(C)c1ccccc1,O=C(Nc1ccccc1)n1cnc(-c2ccccc2)n1,O=C(Nc1ccccc1)n1cnc(-c2ccccc2)n1,True,False,False,,1.0,0.7037037037037037,358.85400000000004,408.4050000000001,49.551000000000045,False,,,,,0.6499636794176425,0.5874043626188404,0.06255931679880211,True,,,,,,,,,5.0,6.0,1.0,True,3.0,4.0,1.0,True
source_identity,mpair_00002568_cond_01_4p,mpair_00002568,eval,4,"MW,QED,TPSA,RB",COc1cc(C(=O)N2CCN(C(=O)c3cc(OC)c(OC)c(OC)c3)C(CO)C2)cc(OC)c1OC,COc1cc(C(=O)N2CCN(C(=O)c3cc(OC)c(OC)c(OC)c3)C(COC(=O)NCCC(C)C)C2)cc(OC)c1OC,COc1cc(C(=O)N2CCN(C(=O)c3cc(OC)c(OC)c(OC)c3)C(CO)C2)cc(OC)c1OC,O=C(c1ccccc1)N1CCN(C(=O)c2ccccc2)CC1,O=C(c1ccccc1)N1CCN(C(=O)c2ccccc2)CC1,True,False,False,,1.0,0.631578947368421,617.6960000000003,504.53600000000034,113.15999999999991,False,,,,,0.3561059094946873,0.544633228323374,0.18852731882868673,False,134.33,116.23000000000002,18.099999999999994,True,,,,,,,,,13.0,9.0,4.0,False
source_identity,mpair_00002576_cond_02_4p,mpair_00002576,eval,4,"MW,QED,HBD,RB",COc1cc(C(=O)N2CCN(C(=O)c3cc(OC)c(OC)c(OC)c3)C(COC(C)=O)C2)cc(OC)c1OC,COc1cc(C(=O)N2CCN(C(=O)c3cc(OC)c(OC)c(OC)c3)C(COC(=O)NCCC(C)C)C2)cc(OC)c1OC,COc1cc(C(=O)N2CCN(C(=O)c3cc(OC)c(OC)c(OC)c3)C(COC(C)=O)C2)cc(OC)c1OC,O=C(c1ccccc1)N1CCN(C(=O)c2ccccc2)CC1,O=C(c1ccccc1)N1CCN(C(=O)c2ccccc2)CC1,True,False,False,,1.0,0.7017543859649122,617.6960000000003,546.5730000000003,71.12299999999993,False,,,,,0.3561059094946873,0.41028124355120477,0.05417533405651748,True,,,,,1.0,0.0,1.0,True,,,,,13.0,10.0,3.0,False
source_identity,mpair_00002591_cond_01_4p,mpair_00002591,eval,4,"MW,LogP,QED,HBD",COc1cc(C(=O)N2CCN(C(=O)c3cc(OC)c(OC)c(OC)c3)C(COC(=O)NCCC(C)C)C2)cc(OC)c1OC,COc1cc(C(=O)N2CCN(C(=O)c3cc(OC)c(OC)c(OC)c3)CC2)cc(OC)c1OC,COc1cc(C(=O)N2CCN(C(=O)c3cc(OC)c(OC)c(OC)c3)C(COC(=O)NCCC(C)C)C2)cc(OC)c1OC,O=C(c1ccccc1)N1CCN(C(=O)c2ccccc2)CC1,O=C(c1ccccc1)N1CCN(C(=O)c2ccccc2)CC1,True,False,False,,1.0,0.48148148148148145,474.51000000000033,617.6960000000003,143.18599999999992,False,2.3364000000000003,3.4773000000000023,1.140900000000002,False,0.5754127815390553,0.3561059094946873,0.219306872044368,False,,,,,0.0,1.0,1.0,True,,,,,,,,
source_identity,mpair_00002595_cond_00_4p,mpair_00002595,eval,4,"MW,QED,HBA,RB",COc1cc(C(=O)N2CCN(C(=O)c3cc(OC)c(OC)c(OC)c3)CC2)cc(OC)c1OC,COc1cc(C(=O)N2CCN(C(=O)c3cc(OC)c(OC)c(OC)c3)C(COC(=O)CC(C)(C)C)C2)cc(OC)c1OC,COc1cc(C(=O)N2CCN(C(=O)c3cc(OC)c(OC)c(OC)c3)CC2)cc(OC)c1OC,O=C(c1ccccc1)N1CCN(C(=O)c2ccccc2)CC1,O=C(c1ccccc1)N1CCN(C(=O)c2ccccc2)CC1,True,False,False,,1.0,0.52,602.6810000000004,474.51000000000033,128.17100000000005,False,,,,,0.3521539372279048,0.5754127815390553,0.2232588443111505,False,,,,,,,,,10.0,8.0,2.0,False,11.0,8.0,3.0,False
source_identity,mpair_00002607_cond_01_4p,mpair_00002607,eval,4,"LogP,QED,TPSA,HBA",COc1ccc(C(=O)Nc2ccncc2Cl)c2cccnc12,COc1ccc(C(=O)Nc2c(Cl)cncc2Cl)c2ccc(C(C)=O)nc12,COc1ccc(C(=O)Nc2ccncc2Cl)c2cccnc12,O=C(Nc1ccncc1)c1cccc2ncccc12,O=C(Nc1ccncc1)c1cccc2ncccc12,True,False,False,,1.0,0.5081967213114754,,,,,4.400100000000002,3.544100000000002,0.8559999999999999,True,0.6681926051832562,0.8029165077767629,0.13472390259350675,False,81.17999999999999,64.11,17.069999999999993,True,,,,,5.0,4.0,1.0,True,,,,
source_identity,mpair_00002614_cond_00_4p,mpair_00002614,eval,4,"MW,QED,HBA,RB",COc1ccc(C(=O)Nc2c(Cl)cncc2Cl)c2cccnc12,COc1ccc(C(=O)Nc2c(Cl)cncc2Cl)c2ccc(C(C)=O)nc12,COc1ccc(C(=O)Nc2c(Cl)cncc2Cl)c2cccnc12,O=C(Nc1ccncc1)c1cccc2ncccc12,O=C(Nc1ccncc1)c1cccc2ncccc12,True,False,False,,1.0,0.6666666666666666,390.22600000000017,348.1890000000001,42.03700000000009,False,,,,,0.6681926051832562,0.7706046174674384,0.10241201228418217,False,,,,,,,,,5.0,4.0,1.0,True,4.0,3.0,1.0,True
source_identity,mpair_00002622_cond_02_4p,mpair_00002622,eval,4,"MW,LogP,QED,RB",CCc1ccc2c(C(=O)Nc3c(Cl)cncc3Cl)ccc(OC)c2n1,COc1ccc(C(=O)Nc2ccncc2Cl)c2cccnc12,CCc1ccc2c(C(=O)Nc3c(Cl)cncc3Cl)ccc(OC)c2n1,O=C(Nc1ccncc1)c1cccc2ncccc12,O=C(Nc1ccncc1)c1cccc2ncccc12,True,False,False,,1.0,0.5,313.744,376.2430000000001,62.49900000000008,False,3.544100000000002,4.759900000000003,1.2158000000000007,False,0.8029165077767629,0.7131894410136064,0.08972706676315656,True,,,,,,,,,,,,,3.0,4.0,1.0,True
source_identity,mpair_00002631_cond_00_4p,mpair_00002631,eval,4,"LogP,TPSA,HBD,HBA",CC(C)(C)[C@H](O)C(=O)N1C[C@H](c2ccccc2)C[C@H]1C(=O)N[C@@H](CC(F)F)C(=O)NCCc1c(F)cc(C(=O)O)cc1F,CC(C)CC(=O)N1C[C@H](c2ccccc2)C[C@H]1C(=O)N[C@@H](CC(F)F)C(=O)NCCc1c(F)cc(C(=O)O)cc1F,CC(C)(C)[C@H](O)C(=O)N1C[C@H](c2ccccc2)C[C@H]1C(=O)N[C@@H](CC(F)F)C(=O)NCCc1c(F)cc(C(=O)O)cc1F,O=C(CNC(=O)[C@@H]1C[C@@H](c2ccccc2)CN1)NCCc1ccccc1,O=C(CNC(=O)[C@@H]1C[C@@H](c2ccccc2)CN1)NCCc1ccccc1,True,False,False,,1.0,0.7567567567567568,,,,,3.892500000000002,3.253400000000001,0.6391000000000009,True,,,,,115.81000000000002,136.04,20.229999999999976,False,3.0,4.0,1.0,True,4.0,5.0,1.0,True,,,,
source_identity,mpair_00003117_cond_00_4p,mpair_00003117,eval,4,"MW,LogP,TPSA,HBA",Cc1c[nH]c2c1C13CC1CN(C(=O)OC(C)(C)C)C3=CC2=O,COC(=O)c1cc2c([nH]1)C(=O)C=C1N(C(=O)OC(C)(C)C)CC3CC123,Cc1c[nH]c2c1C13CC1CN(C(=O)OC(C)(C)C)C3=CC2=O,O=C1C=C2NCC3CC23c2cc[nH]c21,O=C1C=C2NCC3CC23c2cc[nH]c21,True,False,False,,1.0,0.5873015873015873,344.36700000000013,300.358,44.00900000000013,False,2.389900000000001,2.9117200000000016,0.5218200000000008,True,,,,,88.7,62.4,26.300000000000004,False,,,,,5.0,3.0,2.0,False,,,,
source_identity,mpair_00003213_cond_01_4p,mpair_00003213,eval,4,"MW,QED,HBA,RB",CC(C)NC(=O)c1ccc2c(Nc3ccc(Cl)cc3)nc(N3CCOCC3)nc2c1,Clc1ccc(Nc2nc(N3CCOCC3)nc3ccccc23)cc1,CC(C)NC(=O)c1ccc2c(Nc3ccc(Cl)cc3)nc(N3CCOCC3)nc2c1,c1ccc(Nc2nc(N3CCOCC3)nc3ccccc23)cc1,c1ccc(Nc2nc(N3CCOCC3)nc3ccccc23)cc1,True,False,False,,1.0,0.6,340.81399999999996,425.92000000000024,85.10600000000028,False,,,,,0.784150666451108,0.6427710577069246,0.14137960874418343,False,,,,,,,,,5.0,6.0,1.0,True,3.0,5.0,2.0,False
source_identity,mpair_00003222_cond_00_4p,mpair_00003222,eval,4,"LogP,QED,TPSA,RB",COc1ccc(S(=O)(=O)N(Cc2cccnc2)c2c(C)cc(Br)cc2C(=O)NO)cc1,COC(=O)c1cccc(C(=O)NO)c1N(Cc1cccnc1)S(=O)(=O)c1ccc(OC)cc1,COc1ccc(S(=O)(=O)N(Cc2cccnc2)c2c(C)cc(Br)cc2C(=O)NO)cc1,O=S(=O)(c1ccccc1)N(Cc1cccnc1)c1ccccc1,O=S(=O)(c1ccccc1)N(Cc1cccnc1)c1ccccc1,True,False,False,,1.0,0.734375,,,,,2.391300000000001,3.675620000000001,1.2843200000000001,False,0.29046454626646695,0.3740614499694089,0.08359690370294193,True,135.13,108.83000000000001,26.299999999999983,False,,,,,,,,,8.0,7.0,1.0,True
source_identity,mpair_00003532_cond_01_4p,mpair_00003532,eval,4,"LogP,QED,TPSA,HBA",CCOC(=O)C(C)Oc1cccc(N(Cc2cccnc2)S(=O)(=O)CC(F)(F)F)c1,CCCC(C)Oc1cccc(N(Cc2cccnc2)S(=O)(=O)CC(F)(F)F)c1,CCOC(=O)C(C)Oc1cccc(N(Cc2cccnc2)S(=O)(=O)CC(F)(F)F)c1,c1ccc(NCc2cccnc2)cc1,c1ccc(NCc2cccnc2)cc1,True,False,False,,1.0,0.746031746031746,,,,,4.547700000000003,3.3107000000000024,1.237000000000001,False,0.6018859517288218,0.5496815697636838,0.05220438196513799,True,59.5,85.80000000000001,26.30000000000001,False,,,,,4.0,6.0,2.0,False,,,,
source_identity,mpair_00003536_cond_02_4p,mpair_00003536,eval,4,"MW,LogP,QED,RB",COc1cccc(N(Cc2cccnc2)S(=O)(=O)CC(F)(F)F)c1,CCC(C)COc1cccc(N(Cc2cccnc2)S(=O)(=O)CC(F)(F)F)c1,COc1cccc(N(Cc2cccnc2)S(=O)(=O)CC(F)(F)F)c1,c1ccc(NCc2cccnc2)cc1,c1ccc(NCc2cccnc2)cc1,True,False,False,,1.0,0.7413793103448276,416.4650000000001,360.3570000000001,56.108000000000004,False,4.405200000000004,2.988900000000002,1.4163000000000023,False,0.6078002459089881,0.7946521442277092,0.18685189831872118,False,,,,,,,,,,,,,9.0,6.0,3.0,False
source_identity,mpair_00000010_cond_02_5p,mpair_00000010,eval,5,"MW,LogP,QED,HBA,RB",O=C(c1ccccc1C(F)(F)F)N1C[C@H](CN2CCC(c3ccccc3)CC2)[C@@H](c2ccccc2)C1,COc1cccc(C(=O)N2C[C@H](CN3CCC(c4ccccc4)CC3)[C@@H](c3ccccc3)C2)c1,O=C(c1ccccc1C(F)(F)F)N1C[C@H](CN2CCC(c3ccccc3)CC2)[C@@H](c2ccccc2)C1,O=C(c1ccccc1)N1C[C@H](CN2CCC(c3ccccc3)CC2)[C@@H](c2ccccc2)C1,O=C(c1ccccc1)N1C[C@H](CN2CCC(c3ccccc3)CC2)[C@@H](c2ccccc2)C1,True,False,False,,1.0,0.578125,454.61400000000015,492.5850000000002,37.97100000000006,False,5.430600000000005,6.4408000000000065,1.010200000000001,False,0.49786269936596683,0.4092272471712491,0.08863545219471775,True,,,,,,,,,3.0,2.0,1.0,True,6.0,5.0,1.0,True
source_identity,mpair_00000327_cond_00_5p,mpair_00000327,eval,5,"MW,LogP,QED,HBA,RB",CSC1=C(C(=O)O)N2C(=O)[C@@H](NC(=O)[C@H](N)c3ccccc3)[C@H]2CC1,N[C@@H](C(=O)N[C@@H]1C(=O)N2C(C(=O)O)=C(C(F)(F)F)CC[C@H]12)c1cccc(C(F)(F)F)c1,CSC1=C(C(=O)O)N2C(=O)[C@@H](NC(=O)[C@H](N)c3ccccc3)[C@H]2CC1,O=C(Cc1ccccc1)N[C@@H]1C(=O)N2C=CCC[C@H]12,O=C(Cc1ccccc1)N[C@@H]1C(=O)N2C=CCC[C@H]12,True,False,False,,1.0,0.5757575757575758,451.3230000000001,361.42300000000006,89.90000000000003,False,2.0955999999999997,0.8350000000000002,1.2605999999999995,False,0.4795891963980345,0.6699274889764619,0.19033829257842744,False,,,,,,,,,4.0,5.0,1.0,True,4.0,5.0,1.0,True
source_identity,mpair_00000335_cond_01_5p,mpair_00000335,eval,5,"MW,LogP,TPSA,HBD,HBA",N[C@@H](C(=O)N[C@@H]1C(=O)N2C(C(=O)O)=C(C(F)(F)F)CC[C@H]12)c1cccc(Br)c1,N[C@@H](C(=O)N[C@@H]1C(=O)N2C(C(=O)O)=C(C(F)(F)F)CC[C@H]12)c1ccc(O)cc1,N[C@@H](C(=O)N[C@@H]1C(=O)N2C(C(=O)O)=C(C(F)(F)F)CC[C@H]12)c1cccc(Br)c1,O=C(Cc1ccccc1)N[C@@H]1C(=O)N2C=CCC[C@H]12,O=C(Cc1ccccc1)N[C@@H]1C(=O)N2C=CCC[C@H]12,True,False,False,,1.0,0.7377049180327869,399.3250000000001,462.2220000000001,62.89699999999999,False,0.7823999999999993,1.8392999999999997,1.0569000000000004,False,,,,,132.96,112.73,20.230000000000004,False,4.0,3.0,1.0,True,5.0,4.0,1.0,True,,,,
source_identity,mpair_00000586_cond_01_5p,mpair_00000586,eval,5,"LogP,QED,TPSA,HBD,HBA",OC[C@@H]1N[C@@H](CCCCc2cc(F)cc(F)c2)[C@H](O)[C@H]1O,OC[C@@H]1N[C@@H](CCCCc2ccc(O)cc2)[C@H](O)[C@H]1O,OC[C@@H]1N[C@@H](CCCCc2cc(F)cc(F)c2)[C@H](O)[C@H]1O,c1ccc(CCCC[C@H]2CCCN2)cc1,c1ccc(CCCC[C@H]2CCCN2)cc1,True,False,False,,1.0,0.625,,,,,0.15949999999999964,0.7320999999999995,0.5725999999999999,True,0.47902706341404183,0.5846986769843887,0.10567161357034688,False,92.95,72.72,20.230000000000004,False,5.0,4.0,1.0,True,5.0,4.0,1.0,True,,,,
source_identity,mpair_00000762_cond_00_5p,mpair_00000762,eval,5,"MW,LogP,QED,HBA,RB",Clc1cccc(-c2cc(O[C@@H]3CCNC3)cnc2Cl)c1,COc1cccc(-c2cncc(O[C@@H]3CCNC3)c2)c1,Clc1cccc(-c2cc(O[C@@H]3CCNC3)cnc2Cl)c1,c1ccc(-c2cncc(O[C@@H]3CCNC3)c2)cc1,c1ccc(-c2cncc(O[C@@H]3CCNC3)c2)cc1,True,False,False,,1.0,0.5,270.33199999999994,309.196,38.86400000000009,False,2.4979000000000005,3.796100000000002,1.2982000000000014,False,0.9267061641096688,0.8758671086324237,0.0508390554772451,True,,,,,,,,,4.0,3.0,1.0,True,4.0,3.0,1.0,True
source_identity,mpair_00002472_cond_01_5p,mpair_00002472,eval,5,"MW,LogP,QED,HBA,RB",COc1ccc(NC(=O)c2cc(OCCCN(C)C)nn2Cc2ccccc2)cc1,CN(C)CCCOc1cc(C(=O)Nc2cc(F)cc(C(F)(F)F)c2)n(Cc2ccccc2)n1,COc1ccc(NC(=O)c2cc(OCCCN(C)C)nn2Cc2ccccc2)cc1,O=C(Nc1ccccc1)c1ccnn1Cc1ccccc1,O=C(Nc1ccccc1)c1ccnn1Cc1ccccc1,True,False,False,,1.0,0.6764705882352942,464.4630000000001,408.50200000000007,55.96100000000001,False,4.672100000000003,3.522800000000002,1.149300000000001,False,0.369385517709234,0.5200250404910086,0.15063952278177462,False,,,,,,,,,5.0,6.0,1.0,True,9.0,10.0,1.0,True
source_identity,mpair_00002508_cond_02_5p,mpair_00002508,eval,5,"LogP,QED,TPSA,HBD,RB",CSc1cc(-c2ccc(Br)cc2)oc(=O)c1C#N,CSc1cc(-c2ccc(Cl)cc2)oc(=O)c1C(N)=O,CSc1cc(-c2ccc(Br)cc2)oc(=O)c1C#N,O=c1cccc(-c2ccccc2)o1,O=c1cccc(-c2ccccc2)o1,True,True,True,,1.0,0.43137254901960786,,,,,2.7810000000000006,3.662880000000002,0.8818800000000016,True,0.8837306867126842,0.791886779601309,0.09184390711137513,True,73.30000000000001,54.0,19.30000000000001,True,1.0,0.0,1.0,True,,,,,3.0,2.0,1.0,True
source_identity,mpair_00002541_cond_02_5p,mpair_00002541,eval,5,"MW,QED,TPSA,HBA,RB",CCOC(=O)c1c(SC)c(C#N)c(-c2ccc(Br)cc2)oc1=O,CSc1cc(-c2ccc(Br)cc2)oc(=O)c1C#N,CCOC(=O)c1c(SC)c(C#N)c(-c2ccc(Br)cc2)oc1=O,O=c1cccc(-c2ccccc2)o1,O=c1cccc(-c2ccccc2)o1,True,False,False,,1.0,0.43103448275862066,322.1830000000001,394.24600000000004,72.06299999999993,False,,,,,0.791886779601309,0.5791804088529054,0.2127063707484036,False,54.0,80.30000000000001,26.30000000000001,False,,,,,4.0,6.0,2.0,False,2.0,4.0,2.0,False
source_identity,mpair_00002570_cond_00_5p,mpair_00002570,eval,5,"MW,LogP,QED,HBA,RB",CCN(CC)C(=O)OCC1CN(C(=O)c2cc(OC)c(OC)c(OC)c2)CCN1C(=O)c1cc(OC)c(OC)c(OC)c1,COc1cc(C(=O)N2CCN(C(=O)c3cc(OC)c(OC)c(OC)c3)CC2)cc(OC)c1OC,CCN(CC)C(=O)OCC1CN(C(=O)c2cc(OC)c(OC)c(OC)c2)CCN1C(=O)c1cc(OC)c(OC)c(OC)c1,O=C(c1ccccc1)N1CCN(C(=O)c2ccccc2)CC1,O=C(c1ccccc1)N1CCN(C(=O)c2ccccc2)CC1,True,False,False,,1.0,0.52,474.51000000000033,603.6690000000003,129.159,False,2.3364000000000003,3.1834000000000024,0.8470000000000022,True,0.5754127815390553,0.3571777118480848,0.2182350696909705,False,,,,,,,,,8.0,10.0,2.0,False,8.0,12.0,4.0,False
source_identity,mpair_00002587_cond_02_5p,mpair_00002587,eval,5,"LogP,TPSA,HBD,HBA,RB",COc1cc(C(=O)N2CCN(C(=O)c3cc(OC)c(OC)c(OC)c3)C(CO)C2)cc(OC)c1OC,COc1cc(C(=O)N2CCN(C(=O)c3cc(OC)c(OC)c(OC)c3)CC2)cc(OC)c1OC,COc1cc(C(=O)N2CCN(C(=O)c3cc(OC)c(OC)c(OC)c3)C(CO)C2)cc(OC)c1OC,O=C(c1ccccc1)N1CCN(C(=O)c2ccccc2)CC1,O=C(c1ccccc1)N1CCN(C(=O)c2ccccc2)CC1,True,False,False,,1.0,0.6341463414634146,,,,,2.3364000000000003,1.6973000000000003,0.6391,True,,,,,96.00000000000001,116.23000000000002,20.230000000000004,False,0.0,1.0,1.0,True,8.0,9.0,1.0,True,8.0,9.0,1.0,True
source_identity,mpair_00002595_cond_01_5p,mpair_00002595,eval,5,"LogP,QED,TPSA,HBA,RB",COc1cc(C(=O)N2CCN(C(=O)c3cc(OC)c(OC)c(OC)c3)CC2)cc(OC)c1OC,COc1cc(C(=O)N2CCN(C(=O)c3cc(OC)c(OC)c(OC)c3)C(COC(=O)CC(C)(C)C)C2)cc(OC)c1OC,COc1cc(C(=O)N2CCN(C(=O)c3cc(OC)c(OC)c(OC)c3)CC2)cc(OC)c1OC,O=C(c1ccccc1)N1CCN(C(=O)c2ccccc2)CC1,O=C(c1ccccc1)N1CCN(C(=O)c2ccccc2)CC1,True,False,False,,1.0,0.52,,,,,3.684400000000003,2.3364000000000003,1.3480000000000025,False,0.3521539372279048,0.5754127815390553,0.2232588443111505,False,122.30000000000001,96.00000000000001,26.299999999999997,False,,,,,10.0,8.0,2.0,False,11.0,8.0,3.0,False
source_identity,mpair_00002630_cond_02_5p,mpair_00002630,eval,5,"LogP,QED,TPSA,HBD,HBA",CC(C)CC(=O)N1C[C@H](c2ccccc2)C[C@H]1C(=O)N[C@@H](CC(F)F)C(=O)NCCc1c(F)cc(C(=O)O)cc1F,CC(C)[C@@H](O)C(=O)N1C[C@H](c2ccccc2)C[C@H]1C(=O)N[C@@H](CC(F)F)C(=O)NCCc1c(F)cc(C(=O)O)cc1F,CC(C)CC(=O)N1C[C@H](c2ccccc2)C[C@H]1C(=O)N[C@@H](CC(F)F)C(=O)NCCc1c(F)cc(C(=O)O)cc1F,O=C(CNC(=O)[C@@H]1C[C@@H](c2ccccc2)CN1)NCCc1ccccc1,O=C(CNC(=O)[C@@H]1C[C@@H](c2ccccc2)CN1)NCCc1ccccc1,True,False,False,,1.0,0.7916666666666666,,,,,2.8633000000000006,3.892500000000002,1.0292000000000012,False,0.2789053789646464,0.3302613314122171,0.051355952447570685,True,136.04,115.81000000000002,20.229999999999976,False,4.0,3.0,1.0,True,5.0,4.0,1.0,True,,,,
source_identity,mpair_00003214_cond_02_5p,mpair_00003214,eval,5,"MW,TPSA,HBD,HBA,RB",Clc1ccc(Nc2nc(N3CCOCC3)nc3ccccc23)cc1,CC(C)NC(=O)c1ccc2c(Nc3ccc(Cl)cc3)nc(N3CCOCC3)nc2c1,Clc1ccc(Nc2nc(N3CCOCC3)nc3ccccc23)cc1,c1ccc(Nc2nc(N3CCOCC3)nc3ccccc23)cc1,c1ccc(Nc2nc(N3CCOCC3)nc3ccccc23)cc1,True,False,False,,1.0,0.6,425.92000000000024,340.81399999999996,85.10600000000028,False,,,,,,,,,79.38000000000001,50.28,29.10000000000001,False,2.0,1.0,1.0,True,6.0,5.0,1.0,True,5.0,3.0,2.0,False
source_identity,mpair_00003539_cond_02_5p,mpair_00003539,eval,5,"LogP,QED,TPSA,HBA,RB",O=S(=O)(CC(F)(F)F)N(Cc1cccnc1)c1cccc(OC(F)(F)F)c1,CCOC(=O)C(C)Oc1cccc(N(Cc2cccnc2)S(=O)(=O)CC(F)(F)F)c1,O=S(=O)(CC(F)(F)F)N(Cc1cccnc1)c1cccc(OC(F)(F)F)c1,c1ccc(NCc2cccnc2)cc1,c1ccc(NCc2cccnc2)cc1,True,False,False,,1.0,0.6885245901639344,,,,,3.3107000000000024,3.8789000000000025,0.5682,True,0.5496815697636838,0.6736163493728189,0.12393477960913513,False,85.80000000000001,59.5,26.30000000000001,False,,,,,6.0,4.0,2.0,False,9.0,6.0,3.0,False
source_identity,mpair_00001115_cond_00_6p,mpair_00001115,eval,6,"LogP,QED,TPSA,HBD,HBA,RB",COc1ccc(N2CCN(CCC3NC(=O)c4ccccc43)CC2)cc1,CN1C(=O)c2ccccc2C1CCN1CCN(c2ccc(Cl)cc2)CC1,COc1ccc(N2CCN(CCC3NC(=O)c4ccccc43)CC2)cc1,O=C1NC(CCN2CCN(c3ccccc3)CC2)c2ccccc21,O=C1NC(CCN2CCN(c3ccccc3)CC2)c2ccccc21,True,True,True,,1.0,0.48333333333333334,,,,,3.679000000000003,2.692000000000001,0.9870000000000019,True,0.8221231339252668,0.8996022198661571,0.07747908594089026,True,26.790000000000006,44.81,18.019999999999996,True,0.0,1.0,1.0,True,3.0,4.0,1.0,True,4.0,5.0,1.0,True
source_identity,mpair_00002568_cond_02_6p,mpair_00002568,eval,6,"MW,LogP,QED,TPSA,HBA,RB",COc1cc(C(=O)N2CCN(C(=O)c3cc(OC)c(OC)c(OC)c3)C(CO)C2)cc(OC)c1OC,COc1cc(C(=O)N2CCN(C(=O)c3cc(OC)c(OC)c(OC)c3)C(COC(=O)NCCC(C)C)C2)cc(OC)c1OC,COc1cc(C(=O)N2CCN(C(=O)c3cc(OC)c(OC)c(OC)c3)C(CO)C2)cc(OC)c1OC,O=C(c1ccccc1)N1CCN(C(=O)c2ccccc2)CC1,O=C(c1ccccc1)N1CCN(C(=O)c2ccccc2)CC1,True,False,False,,1.0,0.631578947368421,617.6960000000003,504.53600000000034,113.15999999999991,False,3.4773000000000023,1.6973000000000003,1.780000000000002,False,0.3561059094946873,0.544633228323374,0.18852731882868673,False,134.33,116.23000000000002,18.099999999999994,True,,,,,10.0,9.0,1.0,True,13.0,9.0,4.0,False
source_identity,mpair_00002583_cond_00_6p,mpair_00002583,eval,6,"MW,LogP,QED,HBD,HBA,RB",CCN(CC)C(=O)OCC1CN(C(=O)c2cc(OC)c(OC)c(OC)c2)CCN1C(=O)c1cc(OC)c(OC)c(OC)c1,COc1cc(C(=O)N2CCN(C(=O)c3cc(OC)c(OC)c(OC)c3)C(CO)C2)cc(OC)c1OC,CCN(CC)C(=O)OCC1CN(C(=O)c2cc(OC)c(OC)c(OC)c2)CCN1C(=O)c1cc(OC)c(OC)c(OC)c1,O=C(c1ccccc1)N1CCN(C(=O)c2ccccc2)CC1,O=C(c1ccccc1)N1CCN(C(=O)c2ccccc2)CC1,True,False,False,,1.0,0.6792452830188679,504.53600000000034,603.6690000000003,99.13299999999998,False,1.6973000000000003,3.1834000000000024,1.4861000000000022,False,0.544633228323374,0.3571777118480848,0.18745551647528924,False,,,,,1.0,0.0,1.0,True,9.0,10.0,1.0,True,9.0,12.0,3.0,False
source_identity,mpair_00002607_cond_00_6p,mpair_00002607,eval,6,"MW,LogP,QED,TPSA,HBA,RB",COc1ccc(C(=O)Nc2ccncc2Cl)c2cccnc12,COc1ccc(C(=O)Nc2c(Cl)cncc2Cl)c2ccc(C(C)=O)nc12,COc1ccc(C(=O)Nc2ccncc2Cl)c2cccnc12,O=C(Nc1ccncc1)c1cccc2ncccc12,O=C(Nc1ccncc1)c1cccc2ncccc12,True,False,False,,1.0,0.5081967213114754,390.22600000000017,313.744,76.48200000000014,False,4.400100000000002,3.544100000000002,0.8559999999999999,True,0.6681926051832562,0.8029165077767629,0.13472390259350675,False,81.17999999999999,64.11,17.069999999999993,True,,,,,5.0,4.0,1.0,True,4.0,3.0,1.0,True
source_identity,mpair_00003214_cond_00_6p,mpair_00003214,eval,6,"MW,QED,TPSA,HBD,HBA,RB",Clc1ccc(Nc2nc(N3CCOCC3)nc3ccccc23)cc1,CC(C)NC(=O)c1ccc2c(Nc3ccc(Cl)cc3)nc(N3CCOCC3)nc2c1,Clc1ccc(Nc2nc(N3CCOCC3)nc3ccccc23)cc1,c1ccc(Nc2nc(N3CCOCC3)nc3ccccc23)cc1,c1ccc(Nc2nc(N3CCOCC3)nc3ccccc23)cc1,True,False,False,,1.0,0.6,425.92000000000024,340.81399999999996,85.10600000000028,False,,,,,0.6427710577069246,0.784150666451108,0.14137960874418343,False,79.38000000000001,50.28,29.10000000000001,False,2.0,1.0,1.0,True,6.0,5.0,1.0,True,5.0,3.0,2.0,False
source_identity,mpair_00002514_cond_01_7p,mpair_00002514,eval,7,"MW,LogP,QED,TPSA,HBD,HBA,RB",CSc1cc(-c2ccc(Cl)cc2)oc(=O)c1Br,CSc1cc(-c2ccc(Cl)cc2)oc(=O)c1C(N)=O,CSc1cc(-c2ccc(Cl)cc2)oc(=O)c1Br,O=c1cccc(-c2ccccc2)o1,O=c1cccc(-c2ccccc2)o1,True,False,False,,1.0,0.627906976744186,295.747,331.61799999999994,35.870999999999924,False,2.7810000000000006,4.444600000000001,1.6636000000000006,False,0.8837306867126842,0.7618841288913729,0.12184655782131126,False,73.30000000000001,30.21,43.09000000000001,False,1.0,0.0,1.0,True,4.0,3.0,1.0,True,3.0,2.0,1.0,True
source_identity,mpair_00002551_cond_02_7p,mpair_00002551,eval,7,"MW,LogP,QED,TPSA,HBD,HBA,RB",CSc1cc(-c2ccc(Cl)cc2)oc(=O)c1C(N)=O,CSc1cc(-c2ccc(Br)cc2)oc(=O)c1Cl,CSc1cc(-c2ccc(Cl)cc2)oc(=O)c1C(N)=O,O=c1cccc(-c2ccccc2)o1,O=c1cccc(-c2ccccc2)o1,True,False,False,,1.0,0.5217391304347826,331.61800000000005,295.747,35.87100000000004,False,4.444600000000002,2.7810000000000006,1.6636000000000015,False,0.7618841288913727,0.8837306867126842,0.12184655782131149,False,30.21,73.30000000000001,43.09000000000001,False,0.0,1.0,1.0,True,3.0,4.0,1.0,True,2.0,3.0,1.0,True
scaffold_property_retrieval,mpair_00000002_cond_01_2p,mpair_00000002,eval,2,"LogP,QED",O=C(c1cccc(Cl)c1)N1C[C@H](CN2CCC(c3ccccc3)CC2)[C@@H](c2ccccc2)C1,O=C(c1ccccc1F)N1C[C@H](CN2CCC(c3ccccc3)CC2)[C@@H](c2ccccc2)C1,O=C(c1cccc(Cl)c1)N1C[C@H](CN2CCC(c3ccccc3)CC2)[C@@H](c2ccccc2)C1,O=C(c1ccccc1)N1C[C@H](CN2CCC(c3ccccc3)CC2)[C@@H](c2ccccc2)C1,O=C(c1ccccc1)N1C[C@H](CN2CCC(c3ccccc3)CC2)[C@@H](c2ccccc2)C1,True,True,True,source_identity,1.0,0.6379310344827587,,,,,5.561100000000006,6.075400000000006,0.5143000000000004,True,0.5164092889512721,0.4625029539066648,0.053906335044607345,True,,,,,,,,,,,,,,,,
scaffold_property_retrieval,mpair_00000005_cond_00_2p,mpair_00000005,eval,2,"HBA,RB",O=C(c1ccccc1F)N1C[C@H](CN2CCC(c3ccccc3)CC2)[C@@H](c2ccccc2)C1,COc1cccc(C(=O)N2C[C@H](CN3CCC(c4ccccc4)CC3)[C@@H](c3ccccc3)C2)c1,O=C(c1ccccc1F)N1C[C@H](CN2CCC(c3ccccc3)CC2)[C@@H](c2ccccc2)C1,O=C(c1ccccc1)N1C[C@H](CN2CCC(c3ccccc3)CC2)[C@@H](c2ccccc2)C1,O=C(c1ccccc1)N1C[C@H](CN2CCC(c3ccccc3)CC2)[C@@H](c2ccccc2)C1,True,True,True,source_identity,1.0,0.6065573770491803,,,,,,,,,,,,,,,,,,,,,3.0,2.0,1.0,True,6.0,5.0,1.0,True
scaffold_property_retrieval,mpair_00000007_cond_01_2p,mpair_00000007,eval,2,"LogP,QED",O=C(c1ccccc1F)N1C[C@H](CN2CCC(c3ccccc3)CC2)[C@@H](c2ccccc2)C1,O=C(c1cccc(Cl)c1)N1C[C@H](CN2CCC(c3ccccc3)CC2)[C@@H](c2ccccc2)C1,O=C(c1ccccc1F)N1C[C@H](CN2CCC(c3ccccc3)CC2)[C@@H](c2ccccc2)C1,O=C(c1ccccc1)N1C[C@H](CN2CCC(c3ccccc3)CC2)[C@@H](c2ccccc2)C1,O=C(c1ccccc1)N1C[C@H](CN2CCC(c3ccccc3)CC2)[C@@H](c2ccccc2)C1,True,True,True,source_identity,1.0,0.6379310344827587,,,,,6.075400000000006,5.561100000000006,0.5143000000000004,True,0.4625029539066648,0.5164092889512721,0.053906335044607345,True,,,,,,,,,,,,,,,,
scaffold_property_retrieval,mpair_00000011_cond_00_2p,mpair_00000011,eval,2,"HBA,RB",COc1cccc(C(=O)N2C[C@H](CN3CCC(c4ccccc4)CC3)[C@@H](c3ccccc3)C2)c1,O=C(c1ccccc1F)N1C[C@H](CN2CCC(c3ccccc3)CC2)[C@@H](c2ccccc2)C1,COc1cccc(C(=O)N2C[C@H](CN3CCC(c4ccccc4)CC3)[C@@H](c3ccccc3)C2)c1,O=C(c1ccccc1)N1C[C@H](CN2CCC(c3ccccc3)CC2)[C@@H](c2ccccc2)C1,O=C(c1ccccc1)N1C[C@H](CN2CCC(c3ccccc3)CC2)[C@@H](c2ccccc2)C1,True,True,True,source_identity,1.0,0.6065573770491803,,,,,,,,,,,,,,,,,,,,,2.0,3.0,1.0,True,5.0,6.0,1.0,True
scaffold_property_retrieval,mpair_00000013_cond_01_2p,mpair_00000013,eval,2,"MW,LogP",COc1cccc(C(=O)N2C[C@H](CN3CCC(c4ccccc4)CC3)[C@@H](c3ccccc3)C2)c1,O=C(c1ccccc1C(F)(F)F)N1C[C@H](CN2CCC(c3ccccc3)CC2)[C@@H](c2ccccc2)C1,COc1cccc(C(=O)N2C[C@H](CN3CCC(c4ccccc4)CC3)[C@@H](c3ccccc3)C2)c1,O=C(c1ccccc1)N1C[C@H](CN2CCC(c3ccccc3)CC2)[C@@H](c2ccccc2)C1,O=C(c1ccccc1)N1C[C@H](CN2CCC(c3ccccc3)CC2)[C@@H](c2ccccc2)C1,True,False,False,source_identity,1.0,0.578125,492.5850000000002,454.61400000000015,37.97100000000006,False,6.4408000000000065,5.430600000000005,1.010200000000001,False,,,,,,,,,,,,,,,,,,,,
scaffold_property_retrieval,mpair_00000021_cond_02_2p,mpair_00000021,eval,2,"TPSA,HBA",N#Cc1ccc(COC[C@H]2C3CC(c4ccc(F)cc4)(CO3)[C@@H]2C/C=C/CCCC(=O)O)cc1,O=C(O)CCC/C=C/C[C@@H]1[C@@H](COCc2ccccc2)C2CC1(c1ccccc1)CO2,N#Cc1ccc(COC[C@H]2C3CC(c4ccc(F)cc4)(CO3)[C@@H]2C/C=C/CCCC(=O)O)cc1,c1ccc(COC[C@@H]2CC3(c4ccccc4)COC2C3)cc1,c1ccc(COC[C@@H]2CC3(c4ccccc4)COC2C3)cc1,True,False,False,source_identity,1.0,0.7391304347826086,,,,,,,,,,,,,55.760000000000005,79.55,23.789999999999992,False,,,,,3.0,4.0,1.0,True,,,,
scaffold_property_retrieval,mpair_00000328_cond_00_2p,mpair_00000328,eval,2,"MW,QED",N[C@@H](C(=O)N[C@@H]1C(=O)N2C(C(=O)O)=C(C(F)(F)F)CC[C@H]12)c1ccc(F)cc1,N[C@@H](C(=O)N[C@@H]1C(=O)N2C(C(=O)O)=C(C(F)(F)F)CC[C@H]12)c1cccc(Br)c1,N[C@@H](C(=O)N[C@@H]1C(=O)N2C(C(=O)O)=C(C(F)(F)F)CC[C@H]12)c1ccc(F)cc1,O=C(Cc1ccccc1)N[C@@H]1C(=O)N2C=CCC[C@H]12,O=C(Cc1ccccc1)N[C@@H]1C(=O)N2C=CCC[C@H]12,True,False,False,source_identity,1.0,0.7377049180327869,462.2220000000001,401.3160000000001,60.906000000000006,False,,,,,0.5917241763797754,0.5187711593734389,0.0729530170063365,True,,,,,,,,,,,,,,,,
scaffold_property_retrieval,mpair_00000337_cond_00_2p,mpair_00000337,eval,2,"MW,LogP",N[C@@H](C(=O)N[C@@H]1C(=O)N2C(C(=O)O)=C(C(F)(F)F)CC[C@H]12)c1cccc(C(F)(F)F)c1,N[C@@H](C(=O)N[C@@H]1C(=O)N2C(C(=O)O)=C(C(F)(F)F)CC[C@H]12)c1ccc(F)cc1,N[C@@H](C(=O)N[C@@H]1C(=O)N2C(C(=O)O)=C(C(F)(F)F)CC[C@H]12)c1cccc(C(F)(F)F)c1,O=C(Cc1ccccc1)N[C@@H]1C(=O)N2C=CCC[C@H]12,O=C(Cc1ccccc1)N[C@@H]1C(=O)N2C=CCC[C@H]12,True,False,False,source_identity,1.0,0.7377049180327869,401.3160000000001,451.3230000000001,50.007000000000005,False,1.2158999999999993,2.0955999999999997,0.8797000000000004,True,,,,,,,,,,,,,,,,,,,,
scaffold_property_retrieval,mpair_00000584_cond_00_2p,mpair_00000584,eval,2,"TPSA,HBD",OC[C@@H]1N[C@@H](CCCCc2ccc(O)cc2)[C@H](O)[C@H]1O,Cc1ccc(CCCC[C@@H]2N[C@@H](CO)[C@H](O)[C@H]2O)cc1,OC[C@@H]1N[C@@H](CCCCc2ccc(O)cc2)[C@H](O)[C@H]1O,c1ccc(CCCC[C@H]2CCCN2)cc1,c1ccc(CCCC[C@H]2CCCN2)cc1,True,False,False,source_identity,1.0,0.7567567567567568,,,,,,,,,,,,,72.72,92.95,20.230000000000004,False,4.0,5.0,1.0,True,,,,,,,,
scaffold_property_retrieval,mpair_00000589_cond_00_2p,mpair_00000589,eval,2,"HBA,RB",COc1ccc(CCCC[C@@H]2N[C@@H](CO)[C@H](O)[C@H]2O)cc1,OC[C@@H]1N[C@@H](CCCCc2ccc(F)cc2)[C@H](O)[C@H]1O,COc1ccc(CCCC[C@@H]2N[C@@H](CO)[C@H](O)[C@H]2O)cc1,c1ccc(CCCC[C@H]2CCCN2)cc1,c1ccc(CCCC[C@H]2CCCN2)cc1,True,True,True,source_identity,1.0,0.6829268292682927,,,,,,,,,,,,,,,,,,,,,4.0,5.0,1.0,True,6.0,7.0,1.0,True
scaffold_property_retrieval,mpair_00000590_cond_02_2p,mpair_00000590,eval,2,"HBD,RB",OC[C@@H]1N[C@@H](CCCCc2ccc(O)cc2)[C@H](O)[C@H]1O,COc1ccc(CCCC[C@@H]2N[C@@H](CO)[C@H](O)[C@H]2O)cc1,OC[C@@H]1N[C@@H](CCCCc2ccc(O)cc2)[C@H](O)[C@H]1O,c1ccc(CCCC[C@H]2CCCN2)cc1,c1ccc(CCCC[C@H]2CCCN2)cc1,True,True,True,source_identity,1.0,0.7,,,,,,,,,,,,,,,,,4.0,5.0,1.0,True,,,,,7.0,6.0,1.0,True
scaffold_property_retrieval,mpair_00000592_cond_02_2p,mpair_00000592,eval,2,"HBA,RB",COc1ccc(CCCC[C@@H]2N[C@@H](CO)[C@H](O)[C@H]2O)cc1,Cc1ccc(CCCC[C@@H]2N[C@@H](CO)[C@H](O)[C@H]2O)cc1,COc1ccc(CCCC[C@@H]2N[C@@H](CO)[C@H](O)[C@H]2O)cc1,c1ccc(CCCC[C@H]2CCCN2)cc1,c1ccc(CCCC[C@H]2CCCN2)cc1,True,True,True,source_identity,1.0,0.725,,,,,,,,,,,,,,,,,,,,,4.0,5.0,1.0,True,6.0,7.0,1.0,True
scaffold_property_retrieval,mpair_00000594_cond_01_2p,mpair_00000594,eval,2,"HBA,RB",COc1ccc(CCCC[C@@H]2N[C@@H](CO)[C@H](O)[C@H]2O)cc1,OC[C@@H]1N[C@@H](CCCCc2cc(F)cc(F)c2)[C@H](O)[C@H]1O,COc1ccc(CCCC[C@@H]2N[C@@H](CO)[C@H](O)[C@H]2O)cc1,c1ccc(CCCC[C@H]2CCCN2)cc1,c1ccc(CCCC[C@H]2CCCN2)cc1,True,True,True,source_identity,1.0,0.5681818181818182,,,,,,,,,,,,,,,,,,,,,4.0,5.0,1.0,True,6.0,7.0,1.0,True
scaffold_property_retrieval,mpair_00000596_cond_02_2p,mpair_00000596,eval,2,"HBA,RB",OC[C@@H]1N[C@@H](CCCCc2ccc(F)cc2)[C@H](O)[C@H]1O,COc1ccc(CCCC[C@@H]2N[C@@H](CO)[C@H](O)[C@H]2O)cc1,OC[C@@H]1N[C@@H](CCCCc2ccc(F)cc2)[C@H](O)[C@H]1O,c1ccc(CCCC[C@H]2CCCN2)cc1,c1ccc(CCCC[C@H]2CCCN2)cc1,True,True,True,source_identity,1.0,0.6829268292682927,,,,,,,,,,,,,,,,,,,,,5.0,4.0,1.0,True,7.0,6.0,1.0,True
scaffold_property_retrieval,mpair_00000724_cond_02_2p,mpair_00000724,eval,2,"MW,RB",C=CCc1cc(/C=C2\SC(=O)N(CC=C(C)C)C2=O)c(OC)cc1OC1CCCCO1,C=CCc1cc(/C=C2\SC(=O)N(C)C2=O)c(OC)cc1OC1CCCCO1,C=CCc1cc(/C=C2\SC(=O)N(CC=C(C)C)C2=O)c(OC)cc1OC1CCCCO1,O=C1NC(=O)/C(=C/c2ccc(OC3CCCCO3)cc2)S1,O=C1NC(=O)/C(=C/c2ccc(OC3CCCCO3)cc2)S1,True,False,False,source_identity,1.0,0.7761194029850746,389.4730000000002,443.5650000000003,54.0920000000001,False,,,,,,,,,,,,,,,,,,,,,6.0,8.0,2.0,False
scaffold_property_retrieval,mpair_00000729_cond_00_2p,mpair_00000729,eval,2,"LogP,QED",C=CCc1cc(/C=C2\SC(=O)N(CC=C(C)C)C2=O)c(OC)cc1OC1CCCCO1,C=CCc1cc(/C=C2\SC(=O)N(CC=C)C2=O)c(OC)cc1OC1CCCCO1,C=CCc1cc(/C=C2\SC(=O)N(CC=C(C)C)C2=O)c(OC)cc1OC1CCCCO1,O=C1NC(=O)/C(=C/c2ccc(OC3CCCCO3)cc2)S1,O=C1NC(=O)/C(=C/c2ccc(OC3CCCCO3)cc2)S1,True,True,True,source_identity,1.0,0.8615384615384616,,,,,4.551400000000004,5.331600000000005,0.7802000000000016,True,0.45838471716690443,0.3995752918375223,0.05880942532938216,True,,,,,,,,,,,,,,,,
scaffold_property_retrieval,mpair_00000731_cond_00_2p,mpair_00000731,eval,2,"QED,RB",C=CCc1cc(/C=C2\SC(=O)N(C(C)C)C2=O)c(OC)cc1OC1CCCCO1,C=CCc1cc(/C=C2\SC(=O)N(CC=C(C)C)C2=O)c(OC)cc1OC1CCCCO1,C=CCc1cc(/C=C2\SC(=O)N(C(C)C)C2=O)c(OC)cc1OC1CCCCO1,O=C1NC(=O)/C(=C/c2ccc(OC3CCCCO3)cc2)S1,O=C1NC(=O)/C(=C/c2ccc(OC3CCCCO3)cc2)S1,True,True,True,source_identity,1.0,0.7183098591549296,,,,,,,,,0.3995752918375223,0.4701504427149941,0.07057515087747185,True,,,,,,,,,,,,,8.0,7.0,1.0,True
scaffold_property_retrieval,mpair_00000734_cond_01_2p,mpair_00000734,eval,2,"LogP,QED",C=CCc1cc(/C=C2\SC(=O)N(CCCC)C2=O)c(OC)cc1OC1CCCCO1,C=CCc1cc(/C=C2\SC(=O)N(C)C2=O)c(OC)cc1OC1CCCCO1,C=CCc1cc(/C=C2\SC(=O)N(CCCC)C2=O)c(OC)cc1OC1CCCCO1,O=C1NC(=O)/C(=C/c2ccc(OC3CCCCO3)cc2)S1,O=C1NC(=O)/C(=C/c2ccc(OC3CCCCO3)cc2)S1,True,False,False,source_identity,1.0,0.7878787878787878,,,,,3.9952000000000023,5.165500000000004,1.170300000000002,False,0.5413211960634129,0.39718598618589046,0.14413520987752243,False,,,,,,,,,,,,,,,,
scaffold_property_retrieval,mpair_00000736_cond_02_2p,mpair_00000736,eval,2,"QED,RB",C=CCc1cc(/C=C2\SC(=O)N(CCCC)C2=O)c(OC)cc1OC1CCCCO1,C=CCc1cc(/C=C2\SC(=O)N(C(C)C)C2=O)c(OC)cc1OC1CCCCO1,C=CCc1cc(/C=C2\SC(=O)N(CCCC)C2=O)c(OC)cc1OC1CCCCO1,O=C1NC(=O)/C(=C/c2ccc(OC3CCCCO3)cc2)S1,O=C1NC(=O)/C(=C/c2ccc(OC3CCCCO3)cc2)S1,True,False,False,source_identity,1.0,0.7285714285714285,,,,,,,,,0.4701504427149941,0.39718598618589046,0.07296445652910366,True,,,,,,,,,,,,,7.0,9.0,2.0,False
scaffold_property_retrieval,mpair_00000738_cond_01_2p,mpair_00000738,eval,2,"LogP,RB",C=CCc1cc(/C=C2\SC(=O)N(C(C)C)C2=O)c(OC)cc1OC1CCCCO1,C=CCc1cc(/C=C2\SC(=O)N(C)C2=O)c(OC)cc1OC1CCCCO1,C=CCc1cc(/C=C2\SC(=O)N(C(C)C)C2=O)c(OC)cc1OC1CCCCO1,O=C1NC(=O)/C(=C/c2ccc(OC3CCCCO3)cc2)S1,O=C1NC(=O)/C(=C/c2ccc(OC3CCCCO3)cc2)S1,True,True,True,source_identity,1.0,0.796875,,,,,3.9952000000000023,4.773800000000004,0.7786000000000017,True,,,,,,,,,,,,,,,,,6.0,7.0,1.0,True
scaffold_property_retrieval,mpair_00000742_cond_01_2p,mpair_00000742,eval,2,"MW,RB",C=CCc1cc(/C=C2\SC(=O)N(C)C2=O)c(OC)cc1OC1CCCCO1,C=CCc1cc(/C=C2\SC(=O)N(CC=C(C)C)C2=O)c(OC)cc1OC1CCCCO1,C=CCc1cc(/C=C2\SC(=O)N(C)C2=O)c(OC)cc1OC1CCCCO1,O=C1NC(=O)/C(=C/c2ccc(OC3CCCCO3)cc2)S1,O=C1NC(=O)/C(=C/c2ccc(OC3CCCCO3)cc2)S1,True,False,False,source_identity,1.0,0.7761194029850746,443.5650000000003,389.4730000000002,54.0920000000001,False,,,,,,,,,,,,,,,,,,,,,8.0,6.0,2.0,False
scaffold_property_retrieval,mpair_00000745_cond_00_2p,mpair_00000745,eval,2,"QED,HBD",C=CCc1cc(/C=C2\SC(=O)N(C)C2=O)c(OC)cc1OC1CCCCO1,C=CCc1cc(/C=C2\SC(=O)NC2=O)c(OC)cc1OC1CCCCO1,C=CCc1cc(/C=C2\SC(=O)N(C)C2=O)c(OC)cc1OC1CCCCO1,O=C1NC(=O)/C(=C/c2ccc(OC3CCCCO3)cc2)S1,O=C1NC(=O)/C(=C/c2ccc(OC3CCCCO3)cc2)S1,True,True,True,source_identity,1.0,0.71875,,,,,,,,,0.6042673504148035,0.5413211960634129,0.06294615435139062,True,,,,,1.0,0.0,1.0,True,,,,,,,,
scaffold_property_retrieval,mpair_00000750_cond_01_2p,mpair_00000750,eval,2,"MW,HBA",COC(=O)C[C@@H]1CC(=O)N2[C@H](Cc3c[nH]c4ccccc34)CO[C@@H]2C1,O=C1CCC[C@H]2OC[C@@H](Cc3c[nH]c4ccccc34)N12,COC(=O)C[C@@H]1CC(=O)N2[C@H](Cc3c[nH]c4ccccc34)CO[C@@H]2C1,O=C1CCC[C@H]2OC[C@@H](Cc3c[nH]c4ccccc34)N12,O=C1CCC[C@H]2OC[C@@H](Cc3c[nH]c4ccccc34)N12,True,False,False,source_identity,1.0,0.578125,270.33200000000005,342.39500000000015,72.0630000000001,False,,,,,,,,,,,,,,,,,2.0,4.0,2.0,False,,,,
scaffold_property_retrieval,mpair_00000752_cond_01_2p,mpair_00000752,eval,2,"TPSA,HBA",CC[C@H]1CCC(=O)N2[C@H](Cc3c[nH]c4ccccc34)CO[C@H]12,COC(=O)C[C@@H]1CC(=O)N2[C@H](Cc3c[nH]c4ccccc34)CO[C@@H]2C1,CC[C@H]1CCC(=O)N2[C@H](Cc3c[nH]c4ccccc34)CO[C@H]12,O=C1CCC[C@H]2OC[C@@H](Cc3c[nH]c4ccccc34)N12,O=C1CCC[C@H]2OC[C@@H](Cc3c[nH]c4ccccc34)N12,True,False,False,source_identity,1.0,0.5072463768115942,,,,,,,,,,,,,71.63000000000001,45.33,26.30000000000001,False,,,,,4.0,2.0,2.0,False,,,,
scaffold_property_retrieval,mpair_00000755_cond_02_2p,mpair_00000755,eval,2,"LogP,RB",CC[C@H]1CCC(=O)N2[C@H](Cc3c[nH]c4ccccc34)CO[C@H]12,O=C1CCC[C@H]2OC[C@@H](Cc3c[nH]c4ccccc34)N12,CC[C@H]1CCC(=O)N2[C@H](Cc3c[nH]c4ccccc34)CO[C@H]12,O=C1CCC[C@H]2OC[C@@H](Cc3c[nH]c4ccccc34)N12,O=C1CCC[C@H]2OC[C@@H](Cc3c[nH]c4ccccc34)N12,True,True,True,source_identity,1.0,0.6607142857142857,,,,,2.447800000000001,3.0839000000000016,0.6361000000000008,True,,,,,,,,,,,,,,,,,2.0,3.0,1.0,True
scaffold_property_retrieval,mpair_00000757_cond_01_2p,mpair_00000757,eval,2,"LogP,RB",COc1cccc(-c2cncc(O[C@@H]3CCNC3)c2)c1,Clc1cccc(-c2cncc(O[C@@H]3CCNC3)c2)c1,COc1cccc(-c2cncc(O[C@@H]3CCNC3)c2)c1,c1ccc(-c2cncc(O[C@@H]3CCNC3)c2)cc1,c1ccc(-c2cncc(O[C@@H]3CCNC3)c2)cc1,True,True,True,source_identity,1.0,0.7446808510638298,,,,,3.1427000000000014,2.4979000000000005,0.6448000000000009,True,,,,,,,,,,,,,,,,,3.0,4.0,1.0,True
scaffold_property_retrieval,mpair_00000759_cond_02_2p,mpair_00000759,eval,2,"MW,LogP",c1ccc(-c2cncc(O[C@@H]3CCNC3)c2)cc1,Clc1cccc(-c2cc(O[C@@H]3CCNC3)cnc2Cl)c1,c1ccc(-c2cncc(O[C@@H]3CCNC3)c2)cc1,c1ccc(-c2cncc(O[C@@H]3CCNC3)c2)cc1,c1ccc(-c2cncc(O[C@@H]3CCNC3)c2)cc1,True,False,False,source_identity,1.0,0.5192307692307693,309.196,240.30599999999998,68.89000000000004,False,3.796100000000002,2.4893,1.3068000000000017,False,,,,,,,,,,,,,,,,,,,,
scaffold_property_retrieval,mpair_00000761_cond_01_2p,mpair_00000761,eval,2,"HBA,RB",c1ccc(-c2cncc(O[C@@H]3CCNC3)c2)cc1,COc1cccc(-c2cncc(O[C@@H]3CCNC3)c2)c1,c1ccc(-c2cncc(O[C@@H]3CCNC3)c2)cc1,c1ccc(-c2cncc(O[C@@H]3CCNC3)c2)cc1,c1ccc(-c2cncc(O[C@@H]3CCNC3)c2)cc1,True,True,True,source_identity,1.0,0.75,,,,,,,,,,,,,,,,,,,,,4.0,3.0,1.0,True,4.0,3.0,1.0,True
scaffold_property_retrieval,mpair_00000764_cond_00_2p,mpair_00000764,eval,2,"LogP,QED",Clc1cccc(-c2cc(O[C@@H]3CCNC3)cnc2Cl)c1,Clc1cccc(-c2cncc(O[C@@H]3CCNC3)c2)c1,Clc1cccc(-c2cc(O[C@@H]3CCNC3)cnc2Cl)c1,c1ccc(-c2cncc(O[C@@H]3CCNC3)c2)cc1,c1ccc(-c2cncc(O[C@@H]3CCNC3)c2)cc1,True,True,True,source_identity,1.0,0.68,,,,,3.1427000000000014,3.796100000000002,0.6534000000000004,True,0.9336391660075258,0.8758671086324237,0.05777205737510216,True,,,,,,,,,,,,,,,,
scaffold_property_retrieval,mpair_00001114_cond_01_2p,mpair_00001114,eval,2,"QED,HBD",COc1ccc(N2CCN(CCC3NC(=O)c4ccccc43)CC2)cc1,COc1ccc(N2CCN(CCC3c4ccccc4C(=O)N3C)CC2)cc1,COc1ccc(N2CCN(CCC3NC(=O)c4ccccc43)CC2)cc1,O=C1NC(CCN2CCN(c3ccccc3)CC2)c2ccccc21,O=C1NC(CCN2CCN(c3ccccc3)CC2)c2ccccc21,True,True,True,source_identity,1.0,0.6545454545454545,,,,,,,,,0.8160326048332845,0.8996022198661571,0.08356961503287252,True,,,,,0.0,1.0,1.0,True,,,,,,,,
scaffold_property_retrieval,mpair_00001116_cond_02_2p,mpair_00001116,eval,2,"HBA,RB",COc1ccc(N2CCN(CCC3NC(=O)c4ccccc43)CC2)cc1,O=C1NC(CCN2CCN(c3ccccc3)CC2)c2ccccc21,COc1ccc(N2CCN(CCC3NC(=O)c4ccccc43)CC2)cc1,O=C1NC(CCN2CCN(c3ccccc3)CC2)c2ccccc21,O=C1NC(CCN2CCN(c3ccccc3)CC2)c2ccccc21,True,True,True,source_identity,1.0,0.7708333333333334,,,,,,,,,,,,,,,,,,,,,3.0,4.0,1.0,True,4.0,5.0,1.0,True
scaffold_property_retrieval,mpair_00001120_cond_00_2p,mpair_00001120,eval,2,"QED,HBD",CN1C(=O)c2ccccc2C1CCN1CCN(c2ccc(Cl)cc2)CC1,Cc1ccc(N2CCN(CCC3NC(=O)c4ccccc43)CC2)cc1C,CN1C(=O)c2ccccc2C1CCN1CCN(c2ccc(Cl)cc2)CC1,O=C1NC(CCN2CCN(c3ccccc3)CC2)c2ccccc21,O=C1NC(CCN2CCN(c3ccccc3)CC2)c2ccccc21,True,True,True,source_identity,1.0,0.45901639344262296,,,,,,,,,0.9198864151307602,0.8221231339252668,0.09776328120549338,True,,,,,1.0,0.0,1.0,True,,,,,,,,
scaffold_property_retrieval,mpair_00001121_cond_02_2p,mpair_00001121,eval,2,"QED,HBD",O=C1NC(CCN2CCN(c3ccccc3)CC2)c2ccccc21,CN1C(=O)c2ccccc2C1CCN1CCN(c2ccc(Cl)cc2)CC1,O=C1NC(CCN2CCN(c3ccccc3)CC2)c2ccccc21,O=C1NC(CCN2CCN(c3ccccc3)CC2)c2ccccc21,O=C1NC(CCN2CCN(c3ccccc3)CC2)c2ccccc21,True,False,False,source_identity,1.0,0.4909090909090909,,,,,,,,,0.8221231339252668,0.9403172855884846,0.11819415166321778,False,,,,,0.0,1.0,1.0,True,,,,,,,,
scaffold_property_retrieval,mpair_00001124_cond_00_2p,mpair_00001124,eval,2,"LogP,RB",COc1ccc(N2CCN(CCC3NC(=O)c4ccccc43)CC2)cc1,Cc1ccc(N2CCN(CCC3NC(=O)c4ccccc43)CC2)cc1C,COc1ccc(N2CCN(CCC3NC(=O)c4ccccc43)CC2)cc1,O=C1NC(CCN2CCN(c3ccccc3)CC2)c2ccccc21,O=C1NC(CCN2CCN(c3ccccc3)CC2)c2ccccc21,True,True,True,source_identity,1.0,0.7037037037037037,,,,,3.3002400000000023,2.692000000000001,0.6082400000000012,True,,,,,,,,,,,,,,,,,4.0,5.0,1.0,True
scaffold_property_retrieval,mpair_00001128_cond_00_2p,mpair_00001128,eval,2,"LogP,RB",CN1C(=O)c2ccccc2C1CCN1CCN(c2ccc(Cl)cc2)CC1,COc1ccc(N2CCN(CCC3c4ccccc4C(=O)N3C)CC2)cc1,CN1C(=O)c2ccccc2C1CCN1CCN(c2ccc(Cl)cc2)CC1,O=C1NC(CCN2CCN(c3ccccc3)CC2)c2ccccc21,O=C1NC(CCN2CCN(c3ccccc3)CC2)c2ccccc21,True,True,True,source_identity,1.0,0.76,,,,,3.034200000000002,3.679000000000003,0.6448000000000009,True,,,,,,,,,,,,,,,,,5.0,4.0,1.0,True
scaffold_property_retrieval,mpair_00001129_cond_02_2p,mpair_00001129,eval,2,"QED,HBD",Cc1ccc(N2CCN(CCC3NC(=O)c4ccccc43)CC2)cc1C,CN1C(=O)c2ccccc2C1CCN1CCN(c2ccc(Cl)cc2)CC1,Cc1ccc(N2CCN(CCC3NC(=O)c4ccccc43)CC2)cc1C,O=C1NC(CCN2CCN(c3ccccc3)CC2)c2ccccc21,O=C1NC(CCN2CCN(c3ccccc3)CC2)c2ccccc21,True,True,True,source_identity,1.0,0.45901639344262296,,,,,,,,,0.8221231339252668,0.9198864151307602,0.09776328120549338,True,,,,,0.0,1.0,1.0,True,,,,,,,,
scaffold_property_retrieval,mpair_00001132_cond_01_2p,mpair_00001132,eval,2,"QED,TPSA",O=C(Cc1ccccc1[N+](=O)[O-])NCCC1CCN(CC2COc3ccccc3O2)CC1,COc1ccccc1CC(=O)NCCC1CCN(CC2COc3ccccc3O2)CC1,O=C(Cc1ccccc1[N+](=O)[O-])NCCC1CCN(CC2COc3ccccc3O2)CC1,O=C(Cc1ccccc1)NCCC1CCN(CC2COc3ccccc3O2)CC1,O=C(Cc1ccccc1)NCCC1CCN(CC2COc3ccccc3O2)CC1,True,False,False,source_identity,1.0,0.7164179104477612,,,,,,,,,0.7047088784600517,0.5015202818225966,0.20318859663745514,False,60.03,93.94,33.91,False,,,,,,,,,,,,
scaffold_property_retrieval,mpair_00001135_cond_02_2p,mpair_00001135,eval,2,"MW,LogP",Fc1ccc(N2CCN(c3nc4ccsc4n4cccc34)CC2)cc1,FC(F)(F)c1cccc(N2CCN(c3nc4ccsc4n4cccc34)CC2)c1,Clc1ccc(N2CCN(c3nc4ccsc4n4cccc34)CC2)cc1,c1ccc(N2CCN(c3nc4ccsc4n4cccc34)CC2)cc1,c1ccc(N2CCN(c3nc4ccsc4n4cccc34)CC2)cc1,True,True,True,,0.7872340425531915,0.6363636363636364,402.4450000000001,368.89300000000014,33.551999999999964,True,4.894400000000004,4.5290000000000035,0.36540000000000017,True,,,,,,,,,,,,,,,,,,,,
scaffold_property_retrieval,mpair_00001633_cond_01_2p,mpair_00001633,eval,2,"MW,QED",C=CCC1(C(C)C#CCC)C(=O)NC(=O)N(C)C1=O,C=C(Br)CC1(C(C)C)C(=O)NC(=O)N(C)C1=O,CCC(C)C1(CC)C(=O)NC(=O)NC1=O,O=C1CC(=O)NC(=O)N1,O=C1CC(=O)NC(=O)N1,True,False,False,,0.2708333333333333,0.27906976744186046,303.15600000000006,212.249,90.90700000000007,False,,,,,0.8059749860896003,0.6791427219817272,0.12683226410787307,False,,,,,,,,,,,,,,,,
scaffold_property_retrieval,mpair_00002258_cond_00_2p,mpair_00002258,eval,2,"LogP,QED",Cc1cccc(C)c1NC(=O)c1c(C)n(-c2c(C)cccc2C)c(C)cc1=O,Cc1ccccc1NC(=O)c1c(C)n(-c2ccccc2C)c(C)cc1=O,Cc1c(Br)c(=O)c(C(=O)Nc2ccccc2)c(C)n1-c1ccccc1,O=C(Nc1ccccc1)c1cn(-c2ccccc2)ccc1=O,O=C(Nc1ccccc1)c1cn(-c2ccccc2)ccc1=O,True,True,True,,0.34545454545454546,0.35714285714285715,,,,,4.3234800000000035,4.469140000000003,0.14565999999999946,True,0.7675628277357767,0.709239916031685,0.05832291170409165,True,,,,,,,,,,,,,,,,
scaffold_property_retrieval,mpair_00002259_cond_02_2p,mpair_00002259,eval,2,"LogP,QED",Cc1ccccc1NC(=O)c1c(C)n(-c2ccccc2C)c(C)cc1=O,Cc1cccc(C)c1NC(=O)c1c(C)n(-c2c(C)cccc2C)c(C)cc1=O,Cc1c(Br)c(=O)c(C(=O)Nc2ccccc2)c(C)n1-c1ccccc1,O=C(Nc1ccccc1)c1cn(-c2ccccc2)ccc1=O,O=C(Nc1ccccc1)c1cn(-c2ccccc2)ccc1=O,True,True,True,,0.35714285714285715,0.34545454545454546,,,,,4.940320000000004,4.469140000000003,0.47118000000000126,True,0.7058233303377046,0.709239916031685,0.0034165856939804007,True,,,,,,,,,,,,,,,,
scaffold_property_retrieval,mpair_00002372_cond_02_2p,mpair_00002372,eval,2,"HBA,RB",CCCCCNC(=O)Nc1c(SCCCn2cnc(-c3ccccc3)c2C)cccc1N(C)C,CCCCCNC(=O)Nc1c(C)cccc1SCCCn1cnc(-c2ccccc2)c1C,CCCCCNC(=O)Nc1c(SCCCn2cnc(-c3ccccc3)c2C)cccc1N(C)C,c1ccc(SCCCn2cnc(-c3ccccc3)c2)cc1,c1ccc(SCCCn2cnc(-c3ccccc3)c2)cc1,True,True,True,source_identity,1.0,0.8208955223880597,,,,,,,,,,,,,,,,,,,,,4.0,5.0,1.0,True,11.0,12.0,1.0,True
scaffold_property_retrieval,mpair_00002462_cond_00_2p,mpair_00002462,eval,2,"TPSA,RB",COc1cc(NC(=O)c2cc(OCCCN(C)C)nn2Cc2ccccc2)cc(OC)c1OC,COc1ccc(NC(=O)c2cc(OCCCN(C)C)nn2Cc2ccccc2)cc1,COc1cc(NC(=O)c2cc(OCCCN(C)C)nn2Cc2ccccc2)cc(OC)c1OC,O=C(Nc1ccccc1)c1ccnn1Cc1ccccc1,O=C(Nc1ccccc1)c1ccnn1Cc1ccccc1,True,False,False,source_identity,1.0,0.7741935483870968,,,,,,,,,,,,,68.62,87.08000000000001,18.460000000000008,True,,,,,,,,,10.0,12.0,2.0,False
scaffold_property_retrieval,mpair_00002465_cond_00_2p,mpair_00002465,eval,2,"HBA,RB",CN(C)CCCOc1cc(C(=O)Nc2ccc(OC(F)(F)F)cc2)n(Cc2ccccc2)n1,CN(C)CCCOc1cc(C(=O)Nc2cccc(Cl)c2)n(Cc2ccccc2)n1,CN(C)CCCOc1cc(C(=O)Nc2ccc(OC(F)(F)F)cc2)n(Cc2ccccc2)n1,O=C(Nc1ccccc1)c1ccnn1Cc1ccccc1,O=C(Nc1ccccc1)c1ccnn1Cc1ccccc1,True,True,True,source_identity,1.0,0.696969696969697,,,,,,,,,,,,,,,,,,,,,5.0,6.0,1.0,True,9.0,10.0,1.0,True
scaffold_property_retrieval,mpair_00002469_cond_01_2p,mpair_00002469,eval,2,"TPSA,HBA",COc1ccc(NC(=O)c2cc(OCCCN(C)C)nn2Cc2ccccc2)cc1,COc1cc(NC(=O)c2cc(OCCCN(C)C)nn2Cc2ccccc2)cc(OC)c1OC,COc1ccc(NC(=O)c2cc(OCCCN(C)C)nn2Cc2ccccc2)cc1,O=C(Nc1ccccc1)c1ccnn1Cc1ccccc1,O=C(Nc1ccccc1)c1ccnn1Cc1ccccc1,True,False,False,source_identity,1.0,0.7741935483870968,,,,,,,,,,,,,87.08000000000001,68.62,18.460000000000008,True,,,,,8.0,6.0,2.0,False,,,,
scaffold_property_retrieval,mpair_00002475_cond_01_2p,mpair_00002475,eval,2,"TPSA,RB",CN(C)CCCOc1cc(C(=O)Nc2ccc(OC(F)(F)F)cc2)n(Cc2ccccc2)n1,COc1cc(NC(=O)c2cc(OCCCN(C)C)nn2Cc2ccccc2)cc(OC)c1OC,CN(C)CCCOc1cc(C(=O)Nc2ccc(OC(F)(F)F)cc2)n(Cc2ccccc2)n1,O=C(Nc1ccccc1)c1ccnn1Cc1ccccc1,O=C(Nc1ccccc1)c1ccnn1Cc1ccccc1,True,False,False,source_identity,1.0,0.6764705882352942,,,,,,,,,,,,,87.08000000000001,68.62,18.460000000000008,True,,,,,,,,,12.0,10.0,2.0,False
scaffold_property_retrieval,mpair_00002480_cond_00_2p,mpair_00002480,eval,2,"LogP,QED",CN(C)CCCOc1cc(C(=O)Nc2cc(F)cc(C(F)(F)F)c2)n(Cc2ccccc2)n1,CN(C)CCCOc1cc(C(=O)Nc2cccc(Cl)c2)n(Cc2ccccc2)n1,CN(C)CCCOc1cc(C(=O)Nc2cc(F)cc(C(F)(F)F)c2)n(Cc2ccccc2)n1,O=C(Nc1ccccc1)c1ccnn1Cc1ccccc1,O=C(Nc1ccccc1)c1ccnn1Cc1ccccc1,True,False,False,source_identity,1.0,0.6764705882352942,,,,,4.167600000000003,4.672100000000003,0.5045000000000002,True,0.5357556879239462,0.369385517709234,0.16637017021471223,False,,,,,,,,,,,,,,,,
scaffold_property_retrieval,mpair_00002482_cond_02_2p,mpair_00002482,eval,2,"LogP,QED",COc1ccc(NC(=O)c2cc(OCCCN(C)C)nn2Cc2ccccc2)cc1,CN(C)CCCOc1cc(C(=O)Nc2ccc(OC(F)(F)F)cc2)n(Cc2ccccc2)n1,COc1ccc(NC(=O)c2cc(OCCCN(C)C)nn2Cc2ccccc2)cc1,O=C(Nc1ccccc1)c1ccnn1Cc1ccccc1,O=C(Nc1ccccc1)c1ccnn1Cc1ccccc1,True,True,True,source_identity,1.0,0.8064516129032258,,,,,4.412800000000003,3.522800000000002,0.8900000000000015,True,0.4522382232340766,0.5200250404910086,0.06778681725693203,True,,,,,,,,,,,,,,,,
scaffold_property_retrieval,mpair_00002486_cond_02_2p,mpair_00002486,eval,2,"QED,HBA",CN(C)CCCOc1cc(C(=O)Nc2cccc(Cl)c2)n(Cc2ccccc2)n1,CN(C)CCCOc1cc(C(=O)Nc2ccc(OC(F)(F)F)cc2)n(Cc2ccccc2)n1,CN(C)CCCOc1cc(C(=O)Nc2cccc(Cl)c2)n(Cc2ccccc2)n1,O=C(Nc1ccccc1)c1ccnn1Cc1ccccc1,O=C(Nc1ccccc1)c1ccnn1Cc1ccccc1,True,True,True,source_identity,1.0,0.696969696969697,,,,,,,,,0.4522382232340766,0.5357556879239462,0.08351746468986965,True,,,,,,,,,6.0,5.0,1.0,True,,,,
scaffold_property_retrieval,mpair_00002490_cond_01_2p,mpair_00002490,eval,2,"TPSA,HBA",CCOC(=O)c1cc(C(C)O)cn1S(=O)(=O)c1cc(Cl)ccc1N,C=Cc1cc(C(=O)OCC)n(S(=O)(=O)c2cc(Cl)ccc2N)c1,N/C(S)=N/N=C/c1cccn1S(=O)(=O)c1ccccc1,O=S(=O)(c1ccccc1)n1cccc1,O=S(=O)(c1ccccc1)n1cccc1,True,True,True,,0.14473684210526316,0.16,,,,,,,,,,,,,91.39,89.81,1.5799999999999983,True,,,,,6.0,5.0,1.0,True,,,,
scaffold_property_retrieval,mpair_00002494_cond_01_2p,mpair_00002494,eval,2,"MW,LogP",O=C1C(Nc2ccccc2)=C(Cl)C(=O)c2ncncc21,O=C1C(Nc2cccc(Br)c2)=C(Cl)C(=O)c2ncncc21,O=C1C(Nc2cccc(Cl)c2)=C(Cl)C(=O)c2ncncc21,O=C1C(Nc2ccccc2)=CC(=O)c2ncncc21,O=C1C(Nc2ccccc2)=CC(=O)c2ncncc21,True,False,False,,0.7619047619047619,0.7777777777777778,364.58600000000007,320.135,44.45100000000008,False,3.180600000000001,3.0715000000000003,0.10910000000000064,True,,,,,,,,,,,,,,,,,,,,
scaffold_property_retrieval,mpair_00002496_cond_00_2p,mpair_00002496,eval,2,"MW,LogP",O=C1C(Nc2ccccc2)=C(Cl)C(=O)c2ncncc21,O=C1C(Nc2ccc(Br)cc2)=C(Cl)C(=O)c2ncncc21,O=C1C(Nc2cccc(Cl)c2)=C(Cl)C(=O)c2ncncc21,O=C1C(Nc2ccccc2)=CC(=O)c2ncncc21,O=C1C(Nc2ccccc2)=CC(=O)c2ncncc21,True,False,False,,0.7619047619047619,0.6521739130434783,364.58600000000007,320.135,44.45100000000008,False,3.180600000000001,3.0715000000000003,0.10910000000000064,True,,,,,,,,,,,,,,,,,,,,
scaffold_property_retrieval,mpair_00002497_cond_02_2p,mpair_00002497,eval,2,"MW,LogP",O=C1C(Nc2ccc(Br)cc2)=C(Cl)C(=O)c2ncncc21,O=C1C(Nc2ccccc2)=C(Cl)C(=O)c2ncncc21,Cc1ccc(NC2=C(Cl)C(=O)c3ncncc3C2=O)cc1,O=C1C(Nc2ccccc2)=CC(=O)c2ncncc21,O=C1C(Nc2ccccc2)=CC(=O)c2ncncc21,True,True,True,,0.7619047619047619,0.7560975609756098,285.69,299.71700000000004,14.027000000000044,True,2.4181,2.7265200000000007,0.3084200000000008,True,,,,,,,,,,,,,,,,,,,,
scaffold_property_retrieval,mpair_00002501_cond_01_2p,mpair_00002501,eval,2,"LogP,RB",CCc1ccc(NC2=C(Cl)C(=O)c3ncncc3C2=O)cc1,O=C1C(Nc2ccccc2)=C(Cl)C(=O)c2ncncc21,Cc1ccc(NC2=C(Cl)C(=O)c3ncncc3C2=O)cc1,O=C1C(Nc2ccccc2)=CC(=O)c2ncncc21,O=C1C(Nc2ccccc2)=CC(=O)c2ncncc21,True,True,True,,0.75,0.7560975609756098,,,,,2.4181,2.7265200000000007,0.3084200000000008,True,,,,,,,,,,,,,,,,,2.0,2.0,0.0,True
scaffold_property_retrieval,mpair_00002504_cond_01_2p,mpair_00002504,eval,2,"HBA,RB",COc1ccc(C(=O)CN2c3ccccc3C(=O)N(Cc3ccccc3)S2(=O)=O)cc1,Cc1ccc(C(=O)CN2c3ccccc3C(=O)N(Cc3ccccc3)S2(=O)=O)cc1,COc1ccc(C(=O)CN2c3ccccc3C(=O)N(Cc3ccccc3)S2(=O)=O)cc1,O=C(CN1c2ccccc2C(=O)N(Cc2ccccc2)S1(=O)=O)c1ccccc1,O=C(CN1c2ccccc2C(=O)N(Cc2ccccc2)S1(=O)=O)c1ccccc1,True,True,True,source_identity,1.0,0.7843137254901961,,,,,,,,,,,,,,,,,,,,,4.0,5.0,1.0,True,5.0,6.0,1.0,True
scaffold_property_retrieval,mpair_00002506_cond_02_2p,mpair_00002506,eval,2,"HBA,RB",Cc1ccc(C(=O)CN2c3ccccc3C(=O)N(Cc3ccccc3)S2(=O)=O)cc1,COc1ccc(C(=O)CN2c3ccccc3C(=O)N(Cc3ccccc3)S2(=O)=O)cc1,Cc1ccc(C(=O)CN2c3ccccc3C(=O)N(Cc3ccccc3)S2(=O)=O)cc1,O=C(CN1c2ccccc2C(=O)N(Cc2ccccc2)S1(=O)=O)c1ccccc1,O=C(CN1c2ccccc2C(=O)N(Cc2ccccc2)S1(=O)=O)c1ccccc1,True,True,True,source_identity,1.0,0.7843137254901961,,,,,,,,,,,,,,,,,,,,,5.0,4.0,1.0,True,6.0,5.0,1.0,True
scaffold_property_retrieval,mpair_00002514_cond_02_2p,mpair_00002514,eval,2,"MW,QED",CSc1cc(-c2ccc(Cl)cc2)oc(=O)c1Br,CSc1cc(-c2ccc(Cl)cc2)oc(=O)c1C(N)=O,CSc1cc(-c2ccc(F)cc2)oc(=O)c1,O=c1cccc(-c2ccccc2)o1,O=c1cccc(-c2ccccc2)o1,True,False,False,,0.3695652173913043,0.34,295.747,236.26699999999997,59.48000000000005,False,,,,,0.8837306867126842,0.7501191134076561,0.13361157330502804,False,,,,,,,,,,,,,,,,
scaffold_property_retrieval,mpair_00002517_cond_02_2p,mpair_00002517,eval,2,"MW,LogP",CSc1cc(-c2ccc(Cl)cc2)oc(=O)c1Br,CSc1cc(-c2ccc(Cl)cc2)oc(=O)c1,CSc1cc(-c2ccc(F)cc2)oc(=O)c1,O=c1cccc(-c2ccccc2)o1,O=c1cccc(-c2ccccc2)o1,True,True,True,,0.3695652173913043,0.7142857142857143,252.72199999999998,236.26699999999997,16.455000000000013,True,3.682100000000002,3.1678000000000024,0.5142999999999995,True,,,,,,,,,,,,,,,,,,,,
scaffold_property_retrieval,mpair_00002530_cond_00_2p,mpair_00002530,eval,2,"MW,LogP",CSc1cc(-c2ccc(Cl)cc2)oc(=O)c1,CSc1cc(-c2ccc(Cl)cc2)oc(=O)c1Br,CSc1cc(-c2ccc(F)cc2)oc(=O)c1,O=c1cccc(-c2ccccc2)o1,O=c1cccc(-c2ccccc2)o1,True,False,False,,0.7142857142857143,0.3695652173913043,331.61799999999994,236.26699999999997,95.35099999999997,False,4.444600000000001,3.1678000000000024,1.2767999999999988,False,,,,,,,,,,,,,,,,,,,,
scaffold_property_retrieval,mpair_00002538_cond_00_2p,mpair_00002538,eval,2,"MW,LogP",CSc1cc(-c2ccc(Br)cc2)oc(=O)c1Cl,CSc1cc(-c2ccc(Cl)cc2)oc(=O)c1,CSc1cc(-c2ccc(F)cc2)oc(=O)c1,O=c1cccc(-c2ccccc2)o1,O=c1cccc(-c2ccccc2)o1,True,True,True,,0.3695652173913043,0.7142857142857143,252.72199999999998,236.26699999999997,16.455000000000013,True,3.682100000000002,3.1678000000000024,0.5142999999999995,True,,,,,,,,,,,,,,,,,,,,
scaffold_property_retrieval,mpair_00002546_cond_02_2p,mpair_00002546,eval,2,"LogP,TPSA",CSc1cc(-c2ccc(Br)cc2)oc(=O)c1Br,CSc1cc(-c2ccc(Br)cc2)oc(=O)c1C#N,CSc1cc(-c2ccc(F)cc2)oc(=O)c1,O=c1cccc(-c2ccccc2)o1,O=c1cccc(-c2ccccc2)o1,True,False,False,,0.38636363636363635,0.3469387755102041,,,,,3.662880000000002,3.1678000000000024,0.49507999999999974,True,,,,,54.0,30.21,23.79,False,,,,,,,,,,,,
scaffold_property_retrieval,mpair_00002556_cond_00_2p,mpair_00002556,eval,2,"MW,QED",CN(C(=O)n1nc(-c2ccc(Cl)cc2)nc1SCC(F)(F)F)c1ccccc1,CSc1nc(-c2ccc(Cl)cc2)nn1C(=O)N(C)c1ccccc1,CN(C(=O)n1nc(-c2ccc(Cl)cc2)nc1SCC(F)(F)F)c1ccccc1,O=C(Nc1ccccc1)n1cnc(-c2ccccc2)n1,O=C(Nc1ccccc1)n1cnc(-c2ccccc2)n1,True,False,False,source_identity,1.0,0.7222222222222222,358.85400000000004,426.8510000000001,67.99700000000007,False,,,,,0.6499636794176425,0.5270344401044634,0.12292923931317912,False,,,,,,,,,,,,,,,,
scaffold_property_retrieval,mpair_00002559_cond_01_2p,mpair_00002559,eval,2,"LogP,QED",CN(C(=O)n1nc(-c2ccc(Cl)cc2)nc1SCC(F)(F)F)c1ccccc1,CSc1nc(-c2ccc(C)cc2)nn1C(=O)N(C)c1ccccc1,CN(C(=O)n1nc(-c2ccc(Cl)cc2)nc1SCC(F)(F)F)c1ccccc1,O=C(Nc1ccccc1)n1cnc(-c2ccccc2)n1,O=C(Nc1ccccc1)n1cnc(-c2ccccc2)n1,True,False,False,source_identity,1.0,0.5862068965517241,,,,,4.079920000000002,5.357400000000003,1.2774800000000006,False,0.6753188675979567,0.5270344401044634,0.14828442749349324,False,,,,,,,,,,,,,,,,
scaffold_property_retrieval,mpair_00002562_cond_01_2p,mpair_00002562,eval,2,"LogP,RB",CSc1nc(-c2ccc(Cl)cc2)nn1C(=O)N(C)c1ccccc1,CN(C(=O)n1nc(-c2ccc(Cl)cc2)nc1SCC(F)(F)F)c1ccccc1,CSc1nc(-c2ccc(Cl)cc2)nn1C(=O)N(C)c1ccccc1,O=C(Nc1ccccc1)n1cnc(-c2ccccc2)n1,O=C(Nc1ccccc1)n1cnc(-c2ccccc2)n1,True,True,True,source_identity,1.0,0.7222222222222222,,,,,5.357400000000003,4.424900000000004,0.9324999999999992,True,,,,,,,,,,,,,,,,,4.0,3.0,1.0,True
scaffold_property_retrieval,mpair_00002565_cond_01_2p,mpair_00002565,eval,2,"LogP,HBA",CSc1nc(-c2ccc(OC(F)(F)F)cc2)nn1C(=O)N(C)c1ccccc1,CSc1nc(-c2ccc(C)cc2)nn1C(=O)N(C)c1ccccc1,CSc1nc(-c2ccc(OC(F)(F)F)cc2)nn1C(=O)N(C)c1ccccc1,O=C(Nc1ccccc1)n1cnc(-c2ccccc2)n1,O=C(Nc1ccccc1)n1cnc(-c2ccccc2)n1,True,True,True,source_identity,1.0,0.7169811320754716,,,,,4.079920000000002,4.670100000000003,0.590180000000001,True,,,,,,,,,,,,,5.0,6.0,1.0,True,,,,
scaffold_property_retrieval,mpair_00002567_cond_01_2p,mpair_00002567,eval,2,"HBD,RB",COc1cc(C(=O)N2CCN(C(=O)c3cc(OC)c(OC)c(OC)c3)C(COC(=O)NCCC(C)C)C2)cc(OC)c1OC,CCN(CC)C(=O)OCC1CN(C(=O)c2cc(OC)c(OC)c(OC)c2)CCN1C(=O)c1cc(OC)c(OC)c(OC)c1,COc1cc(C(=O)N2CCN(C(=O)c3cc(OC)c(OC)c(OC)c3)C(COC(=O)NCCC(C)C)C2)cc(OC)c1OC,O=C(c1ccccc1)N1CCN(C(=O)c2ccccc2)CC1,O=C(c1ccccc1)N1CCN(C(=O)c2ccccc2)CC1,True,True,True,source_identity,1.0,0.6451612903225806,,,,,,,,,,,,,,,,,0.0,1.0,1.0,True,,,,,12.0,13.0,1.0,True
scaffold_property_retrieval,mpair_00002571_cond_01_2p,mpair_00002571,eval,2,"HBD,RB",CCN(CC)C(=O)OCC1CN(C(=O)c2cc(OC)c(OC)c(OC)c2)CCN1C(=O)c1cc(OC)c(OC)c(OC)c1,COc1cc(C(=O)N2CCN(C(=O)c3cc(OC)c(OC)c(OC)c3)C(COC(=O)NCCC(C)C)C2)cc(OC)c1OC,CCN(CC)C(=O)OCC1CN(C(=O)c2cc(OC)c(OC)c(OC)c2)CCN1C(=O)c1cc(OC)c(OC)c(OC)c1,O=C(c1ccccc1)N1CCN(C(=O)c2ccccc2)CC1,O=C(c1ccccc1)N1CCN(C(=O)c2ccccc2)CC1,True,True,True,source_identity,1.0,0.6451612903225806,,,,,,,,,,,,,,,,,1.0,0.0,1.0,True,,,,,13.0,12.0,1.0,True
scaffold_property_retrieval,mpair_00002574_cond_01_2p,mpair_00002574,eval,2,"LogP,RB",COc1cc(C(=O)N2CCN(C(=O)c3cc(OC)c(OC)c(OC)c3)C(COC(=O)CC(C)(C)C)C2)cc(OC)c1OC,CCN(CC)C(=O)OCC1CN(C(=O)c2cc(OC)c(OC)c(OC)c2)CCN1C(=O)c1cc(OC)c(OC)c(OC)c1,COc1cc(C(=O)N2CCN(C(=O)c3cc(OC)c(OC)c(OC)c3)C(COC(=O)CC(C)(C)C)C2)cc(OC)c1OC,O=C(c1ccccc1)N1CCN(C(=O)c2ccccc2)CC1,O=C(c1ccccc1)N1CCN(C(=O)c2ccccc2)CC1,True,True,True,source_identity,1.0,0.6896551724137931,,,,,3.1834000000000024,3.684400000000003,0.5010000000000003,True,,,,,,,,,,,,,,,,,12.0,11.0,1.0,True
scaffold_property_retrieval,mpair_00002577_cond_00_2p,mpair_00002577,eval,2,"HBD,RB",COc1cc(C(=O)N2CCN(C(=O)c3cc(OC)c(OC)c(OC)c3)C(COC(=O)NCCC(C)C)C2)cc(OC)c1OC,COc1cc(C(=O)N2CCN(C(=O)c3cc(OC)c(OC)c(OC)c3)C(COC(=O)CC(C)(C)C)C2)cc(OC)c1OC,COc1cc(C(=O)N2CCN(C(=O)c3cc(OC)c(OC)c(OC)c3)C(COC(=O)NCCC(C)C)C2)cc(OC)c1OC,O=C(c1ccccc1)N1CCN(C(=O)c2ccccc2)CC1,O=C(c1ccccc1)N1CCN(C(=O)c2ccccc2)CC1,True,False,False,source_identity,1.0,0.6451612903225806,,,,,,,,,,,,,,,,,0.0,1.0,1.0,True,,,,,11.0,13.0,2.0,False
scaffold_property_retrieval,mpair_00002578_cond_02_2p,mpair_00002578,eval,2,"LogP,RB",CCN(CC)C(=O)OCC1CN(C(=O)c2cc(OC)c(OC)c(OC)c2)CCN1C(=O)c1cc(OC)c(OC)c(OC)c1,COc1cc(C(=O)N2CCN(C(=O)c3cc(OC)c(OC)c(OC)c3)C(COC(=O)CC(C)(C)C)C2)cc(OC)c1OC,CCN(CC)C(=O)OCC1CN(C(=O)c2cc(OC)c(OC)c(OC)c2)CCN1C(=O)c1cc(OC)c(OC)c(OC)c1,O=C(c1ccccc1)N1CCN(C(=O)c2ccccc2)CC1,O=C(c1ccccc1)N1CCN(C(=O)c2ccccc2)CC1,True,True,True,source_identity,1.0,0.6896551724137931,,,,,3.684400000000003,3.1834000000000024,0.5010000000000003,True,,,,,,,,,,,,,,,,,11.0,12.0,1.0,True
scaffold_property_retrieval,mpair_00002589_cond_00_2p,mpair_00002589,eval,2,"QED,HBA",COc1cc(C(=O)N2CCN(C(=O)c3cc(OC)c(OC)c(OC)c3)C(CO)C2)cc(OC)c1OC,CCN(CC)C(=O)OCC1CN(C(=O)c2cc(OC)c(OC)c(OC)c2)CCN1C(=O)c1cc(OC)c(OC)c(OC)c1,COc1cc(C(=O)N2CCN(C(=O)c3cc(OC)c(OC)c(OC)c3)C(CO)C2)cc(OC)c1OC,O=C(c1ccccc1)N1CCN(C(=O)c2ccccc2)CC1,O=C(c1ccccc1)N1CCN(C(=O)c2ccccc2)CC1,True,False,False,source_identity,1.0,0.6792452830188679,,,,,,,,,0.3571777118480848,0.544633228323374,0.18745551647528924,False,,,,,,,,,10.0,9.0,1.0,True,,,,
scaffold_property_retrieval,mpair_00002597_cond_01_2p,mpair_00002597,eval,2,"MW,LogP",COc1ccc(C(=O)Nc2c(Cl)cncc2Cl)c2ccc(C(C)=O)nc12,COc1ccc(C(=O)Nc2ccncc2Cl)c2cccnc12,COc1ccc(C(=O)Nc2c(Cl)cncc2Cl)c2ccc(C(C)=O)nc12,O=C(Nc1ccncc1)c1cccc2ncccc12,O=C(Nc1ccncc1)c1cccc2ncccc12,True,False,False,source_identity,1.0,0.5081967213114754,313.744,390.22600000000017,76.48200000000014,False,3.544100000000002,4.400100000000002,0.8559999999999999,True,,,,,,,,,,,,,,,,,,,,
scaffold_property_retrieval,mpair_00002599_cond_02_2p,mpair_00002599,eval,2,"TPSA,HBA",COc1ccc(C(=O)Nc2c(Cl)cncc2Cl)c2ccc(C(C)=O)nc12,CCc1ccc2c(C(=O)Nc3c(Cl)cncc3Cl)ccc(OC)c2n1,COc1ccc(C(=O)Nc2c(Cl)cncc2Cl)c2ccc(C(C)=O)nc12,O=C(Nc1ccncc1)c1cccc2ncccc12,O=C(Nc1ccncc1)c1cccc2ncccc12,True,True,True,source_identity,1.0,0.7222222222222222,,,,,,,,,,,,,64.11,81.17999999999999,17.069999999999993,True,,,,,4.0,5.0,1.0,True,,,,
scaffold_property_retrieval,mpair_00002603_cond_00_2p,mpair_00002603,eval,2,"LogP,HBD",COc1ccc(C(=O)Nc2c(Cl)cncc2Cl)c2ccc(C(C)O)nc12,CCc1ccc2c(C(=O)Nc3c(Cl)cncc3Cl)ccc(OC)c2n1,COc1ccc(C(=O)Nc2c(Cl)cncc2Cl)c2ccc(C(C)O)nc12,O=C(Nc1ccncc1)c1cccc2ncccc12,O=C(Nc1ccncc1)c1cccc2ncccc12,True,True,True,source_identity,1.0,0.6964285714285714,,,,,4.759900000000003,4.2508000000000035,0.5090999999999992,True,,,,,,,,,1.0,2.0,1.0,True,,,,,,,,
scaffold_property_retrieval,mpair_00002608_cond_00_2p,mpair_00002608,eval,2,"MW,LogP",COc1ccc(C(=O)Nc2ccncc2Cl)c2cccnc12,COc1ccc(C(=O)Nc2c(F)cncc2F)c2ccc(C(F)(F)F)nc12,COc1ccc(C(=O)Nc2ccncc2Cl)c2cccnc12,O=C(Nc1ccncc1)c1cccc2ncccc12,O=C(Nc1ccncc1)c1cccc2ncccc12,True,False,False,source_identity,1.0,0.4090909090909091,383.276,313.744,69.53199999999998,False,4.187700000000001,3.544100000000002,0.6435999999999993,True,,,,,,,,,,,,,,,,,,,,
scaffold_property_retrieval,mpair_00002611_cond_02_2p,mpair_00002611,eval,2,"QED,TPSA",COc1ccc(C(=O)Nc2ccncc2Cl)c2ccc(C(F)(F)F)nc12,COc1ccc(C(=O)Nc2c(Cl)cncc2Cl)c2ccc(C(C)=O)nc12,COc1ccc(C(=O)Nc2ccncc2Cl)c2ccc(C(F)(F)F)nc12,O=C(Nc1ccncc1)c1cccc2ncccc12,O=C(Nc1ccncc1)c1cccc2ncccc12,True,True,True,source_identity,1.0,0.5396825396825397,,,,,,,,,0.6681926051832562,0.7218484507203837,0.053655845537127544,True,81.17999999999999,64.11,17.069999999999993,True,,,,,,,,,,,,
scaffold_property_retrieval,mpair_00002615_cond_00_2p,mpair_00002615,eval,2,"MW,QED",COc1ccc(C(=O)Nc2c(F)cncc2F)c2ccc(C(F)(F)F)nc12,COc1ccc(C(=O)Nc2c(Cl)cncc2Cl)c2cccnc12,COc1ccc(C(=O)Nc2c(F)cncc2F)c2ccc(C(F)(F)F)nc12,O=C(Nc1ccncc1)c1cccc2ncccc12,O=C(Nc1ccncc1)c1cccc2ncccc12,True,False,False,source_identity,1.0,0.4918032786885246,348.1890000000001,383.276,35.08699999999993,False,,,,,0.7706046174674384,0.6893032571109005,0.0813013603565379,True,,,,,,,,,,,,,,,,
scaffold_property_retrieval,mpair_00002619_cond_00_2p,mpair_00002619,eval,2,"TPSA,RB",COc1ccc(C(=O)Nc2c(Cl)cncc2Cl)c2ccc(C(C)O)nc12,COc1ccc(C(=O)Nc2ccncc2Cl)c2ccc(C(F)(F)F)nc12,COc1ccc(C(=O)Nc2c(Cl)cncc2Cl)c2ccc(C(C)O)nc12,O=C(Nc1ccncc1)c1cccc2ncccc12,O=C(Nc1ccncc1)c1cccc2ncccc12,True,False,False,source_identity,1.0,0.5230769230769231,,,,,,,,,,,,,64.11,84.34,20.230000000000004,False,,,,,,,,,3.0,4.0,1.0,True
scaffold_property_retrieval,mpair_00002623_cond_00_2p,mpair_00002623,eval,2,"LogP,RB",COc1ccc(C(=O)Nc2c(F)cncc2F)c2ccc(C(F)(F)F)nc12,CCc1ccc2c(C(=O)Nc3c(Cl)cncc3Cl)ccc(OC)c2n1,COc1ccc(C(=O)Nc2c(F)cncc2F)c2ccc(C(F)(F)F)nc12,O=C(Nc1ccncc1)c1cccc2ncccc12,O=C(Nc1ccncc1)c1cccc2ncccc12,True,True,True,source_identity,1.0,0.5409836065573771,,,,,4.759900000000003,4.187700000000001,0.5722000000000014,True,,,,,,,,,,,,,,,,,4.0,3.0,1.0,True
scaffold_property_retrieval,mpair_00002626_cond_01_2p,mpair_00002626,eval,2,"LogP,QED",COc1ccc(C(=O)Nc2c(F)cncc2F)c2ccc(C(F)(F)F)nc12,COc1ccc(C(=O)Nc2ccncc2Cl)c2cccnc12,COc1ccc(C(=O)Nc2c(F)cncc2F)c2ccc(C(F)(F)F)nc12,O=C(Nc1ccncc1)c1cccc2ncccc12,O=C(Nc1ccncc1)c1cccc2ncccc12,True,False,False,source_identity,1.0,0.4090909090909091,,,,,3.544100000000002,4.187700000000001,0.6435999999999993,True,0.8029165077767629,0.6893032571109005,0.11361325066586248,False,,,,,,,,,,,,,,,,
scaffold_property_retrieval,mpair_00003108_cond_00_2p,mpair_00003108,eval,2,"LogP,QED",CN1CCC[C@H]1COc1ccc(Cl)nn1,CN1CCC[C@H]1COc1cccnn1,CN1CCC[C@H]1COc1ccc(Cl)nn1,c1cnnc(OC[C@@H]2CCCN2)c1,c1cnnc(OC[C@@H]2CCCN2)c1,True,True,True,source_identity,1.0,0.6511627906976745,,,,,0.9495999999999998,1.6029999999999998,0.6534,True,0.7160423680458043,0.7864914737289573,0.07044910568315299,True,,,,,,,,,,,,,,,,
scaffold_property_retrieval,mpair_00003109_cond_02_2p,mpair_00003109,eval,2,"LogP,QED",CN1CCC[C@H]1COc1cccnn1,CN1CCC[C@H]1COc1ccc(Cl)nn1,CN1CCC[C@H]1COc1cccnn1,c1cnnc(OC[C@@H]2CCCN2)c1,c1cnnc(OC[C@@H]2CCCN2)c1,True,True,True,source_identity,1.0,0.6511627906976745,,,,,1.6029999999999998,0.9495999999999998,0.6534,True,0.7864914737289573,0.7160423680458043,0.07044910568315299,True,,,,,,,,,,,,,,,,
scaffold_property_retrieval,mpair_00003111_cond_01_2p,mpair_00003111,eval,2,"QED,RB",Cc1nc2nnc(C(C)(C)C)nn2c(=O)c1C,CCCCc1nnc2nc(C)c(C)c(=O)n2n1,Cc1nc2nnc(C(C)(C)C)nn2c(=O)c1C,O=c1ccnc2nncnn12,O=c1ccnc2nncnn12,True,False,False,source_identity,1.0,0.5238095238095238,,,,,,,,,0.7849999676400611,0.6723856505150625,0.11261431712499859,False,,,,,,,,,,,,,3.0,0.0,3.0,False
scaffold_property_retrieval,mpair_00003113_cond_02_2p,mpair_00003113,eval,2,"MW,RB",Cc1nc2nncnn2c(=O)c1C,CCCCc1nnc2nc(C)c(C)c(=O)n2n1,Cc1nc2nncnn2c(=O)c1C,O=c1ccnc2nncnn12,O=c1ccnc2nncnn12,True,False,False,source_identity,1.0,0.4418604651162791,233.275,177.167,56.108000000000004,False,,,,,,,,,,,,,,,,,,,,,3.0,0.0,3.0,False
scaffold_property_retrieval,mpair_00003202_cond_01_2p,mpair_00003202,eval,2,"TPSA,HBA",O=C(OCc1ccc(-c2ccccc2)cc1)n1cccn1,N#Cc1cnn(C(=O)OCc2ccc(-c3ccccc3)cc2)c1,O=C(OCc1ccc(-c2ccccc2)cc1)n1cccn1,O=C(OCc1ccc(-c2ccccc2)cc1)n1cccn1,O=C(OCc1ccc(-c2ccccc2)cc1)n1cccn1,True,False,False,source_identity,1.0,0.5833333333333334,,,,,,,,,,,,,67.91,44.120000000000005,23.789999999999992,False,,,,,5.0,4.0,1.0,True,,,,
scaffold_property_retrieval,mpair_00003204_cond_00_2p,mpair_00003204,eval,2,"TPSA,HBA",Cc1cnn(C(=O)OCc2ccc(-c3ccccc3)cc2)c1,N#Cc1cnn(C(=O)OCc2ccc(-c3ccccc3)cc2)c1,Cc1cnn(C(=O)OCc2ccc(-c3ccccc3)cc2)c1,O=C(OCc1ccc(-c2ccccc2)cc1)n1cccn1,O=C(OCc1ccc(-c2ccccc2)cc1)n1cccn1,True,False,False,source_identity,1.0,0.6808510638297872,,,,,,,,,,,,,67.91,44.120000000000005,23.789999999999992,False,,,,,5.0,4.0,1.0,True,,,,
scaffold_property_retrieval,mpair_00003205_cond_02_2p,mpair_00003205,eval,2,"TPSA,HBA",N#Cc1cnn(C(=O)OCc2ccc(-c3ccccc3)cc2)c1,O=C(OCc1ccc(-c2ccccc2)cc1)n1cccn1,N#Cc1cnn(C(=O)OCc2ccc(-c3ccccc3)cc2)c1,O=C(OCc1ccc(-c2ccccc2)cc1)n1cccn1,O=C(OCc1ccc(-c2ccccc2)cc1)n1cccn1,True,False,False,source_identity,1.0,0.5833333333333334,,,,,,,,,,,,,44.120000000000005,67.91,23.789999999999992,False,,,,,4.0,5.0,1.0,True,,,,
scaffold_property_retrieval,mpair_00003209_cond_00_2p,mpair_00003209,eval,2,"QED,TPSA",NC(=S)N/N=C/c1cccc(OCc2ccc3no[n+]([O-])c3c2)c1,NC(=O)N/N=C\c1ccccc1OCc1ccc2no[n+]([O-])c2c1,NC(=S)N/N=C/c1cccc(OCc2ccc3no[n+]([O-])c3c2)c1,c1ccc(OCc2ccc3no[nH+]c3c2)cc1,c1ccc(OCc2ccc3no[nH+]c3c2)cc1,True,False,False,source_identity,1.0,0.5882352941176471,,,,,,,,,0.4106849547701945,0.30972390933844063,0.10096104543175388,False,129.68,112.61,17.070000000000007,True,,,,,,,,,,,,
scaffold_property_retrieval,mpair_00003212_cond_01_2p,mpair_00003212,eval,2,"HBD,RB",CC(C)NC(=O)c1ccc2c(Nc3ccc(Cl)cc3)nc(N3CCOCC3)nc2c1,COC(=O)c1ccc2c(Nc3ccc(Cl)cc3)nc(N3CCOCC3)nc2c1,CC(C)NC(=O)c1ccc2c(Nc3ccc(Cl)cc3)nc(N3CCOCC3)nc2c1,c1ccc(Nc2nc(N3CCOCC3)nc3ccccc23)cc1,c1ccc(Nc2nc(N3CCOCC3)nc3ccccc23)cc1,True,True,True,source_identity,1.0,0.7833333333333333,,,,,,,,,,,,,,,,,1.0,2.0,1.0,True,,,,,4.0,5.0,1.0,True
scaffold_property_retrieval,mpair_00003216_cond_01_2p,mpair_00003216,eval,2,"HBD,HBA",COC(=O)c1ccc2c(Nc3ccc(Cl)cc3)nc(N3CCOCC3)nc2c1,CC(C)NC(=O)c1ccc2c(Nc3ccc(Cl)cc3)nc(N3CCOCC3)nc2c1,COC(=O)c1ccc2c(Nc3ccc(Cl)cc3)nc(N3CCOCC3)nc2c1,c1ccc(Nc2nc(N3CCOCC3)nc3ccccc23)cc1,c1ccc(Nc2nc(N3CCOCC3)nc3ccccc23)cc1,True,True,True,source_identity,1.0,0.7833333333333333,,,,,,,,,,,,,,,,,2.0,1.0,1.0,True,6.0,7.0,1.0,True,,,,
scaffold_property_retrieval,mpair_00003224_cond_00_2p,mpair_00003224,eval,2,"QED,RB",COCCCN(/C(S)=C1/C(=O)c2cc(Cl)ccc2N(C)C1=O)c1ccccc1,COc1ccc(N(C)/C(S)=C2/C(=O)c3cc(Cl)ccc3N(C)C2=O)cc1,COCCCN(/C(S)=C1/C(=O)c2cc(Cl)ccc2N(C)C1=O)c1ccccc1,O=C1Nc2ccccc2C(=O)/C1=C/Nc1ccccc1,O=C1Nc2ccccc2C(=O)/C1=C/Nc1ccccc1,True,False,False,source_identity,1.0,0.5625,,,,,,,,,0.4935411914533051,0.3319041471572704,0.1616370442960347,False,,,,,,,,,,,,,3.0,6.0,3.0,False
scaffold_property_retrieval,mpair_00003225_cond_02_2p,mpair_00003225,eval,2,"QED,RB",COCCCN(/C(S)=C1/C(=O)c2cc(Cl)ccc2N(C)C1=O)c1ccccc1,COc1cccc(N(C)/C(S)=C2/C(=O)c3cc(Cl)ccc3N(C)C2=O)c1,COCCCN(/C(S)=C1/C(=O)c2cc(Cl)ccc2N(C)C1=O)c1ccccc1,O=C1Nc2ccccc2C(=O)/C1=C/Nc1ccccc1,O=C1Nc2ccccc2C(=O)/C1=C/Nc1ccccc1,True,False,False,source_identity,1.0,0.5846153846153846,,,,,,,,,0.4935411914533051,0.3319041471572704,0.1616370442960347,False,,,,,,,,,,,,,3.0,6.0,3.0,False
scaffold_property_retrieval,mpair_00003227_cond_01_2p,mpair_00003227,eval,2,"QED,RB",COc1ccc(N(C)/C(S)=C2/C(=O)c3cc(Cl)ccc3N(C)C2=O)cc1,COCCCN(/C(S)=C1/C(=O)c2cc(Cl)ccc2N(C)C1=O)c1ccccc1,COc1ccc(N(C)/C(S)=C2/C(=O)c3cc(Cl)ccc3N(C)C2=O)cc1,O=C1Nc2ccccc2C(=O)/C1=C/Nc1ccccc1,O=C1Nc2ccccc2C(=O)/C1=C/Nc1ccccc1,True,False,False,source_identity,1.0,0.5625,,,,,,,,,0.3319041471572704,0.4935411914533051,0.1616370442960347,False,,,,,,,,,,,,,6.0,3.0,3.0,False
scaffold_property_retrieval,mpair_00003531_cond_00_2p,mpair_00003531,eval,2,"TPSA,HBA",CC(C)Oc1cccc(N(Cc2cccnc2)S(=O)(=O)CC(F)(F)F)c1,CCOC(=O)C(C)Oc1cccc(N(Cc2cccnc2)S(=O)(=O)CC(F)(F)F)c1,CC(C)Oc1cccc(N(Cc2cccnc2)S(=O)(=O)CC(F)(F)F)c1,c1ccc(NCc2cccnc2)cc1,c1ccc(NCc2cccnc2)cc1,True,False,False,source_identity,1.0,0.7796610169491526,,,,,,,,,,,,,85.80000000000001,59.5,26.30000000000001,False,,,,,6.0,4.0,2.0,False,,,,
scaffold_property_retrieval,mpair_00003534_cond_02_2p,mpair_00003534,eval,2,"QED,RB",O=S(=O)(CC(F)(F)F)N(Cc1cccnc1)c1cccc(OC(F)(F)F)c1,CC(C)Oc1cccc(N(Cc2cccnc2)S(=O)(=O)CC(F)(F)F)c1,O=S(=O)(CC(F)(F)F)N(Cc1cccnc1)c1cccc(OC(F)(F)F)c1,c1ccc(NCc2cccnc2)cc1,c1ccc(NCc2cccnc2)cc1,True,True,True,source_identity,1.0,0.7777777777777778,,,,,,,,,0.7245796953652621,0.6736163493728189,0.05096334599244323,True,,,,,,,,,,,,,7.0,6.0,1.0,True
scaffold_property_retrieval,mpair_00003538_cond_02_2p,mpair_00003538,eval,2,"LogP,HBA",CCC(C)COc1cccc(N(Cc2cccnc2)S(=O)(=O)CC(F)(F)F)c1,CCOC(=O)C(C)Oc1cccc(N(Cc2cccnc2)S(=O)(=O)CC(F)(F)F)c1,CCC(C)COc1cccc(N(Cc2cccnc2)S(=O)(=O)CC(F)(F)F)c1,c1ccc(NCc2cccnc2)cc1,c1ccc(NCc2cccnc2)cc1,True,False,False,source_identity,1.0,0.6923076923076923,,,,,3.3107000000000024,4.405200000000004,1.0945000000000018,False,,,,,,,,,,,,,6.0,4.0,2.0,False,,,,
scaffold_property_retrieval,mpair_00003542_cond_01_2p,mpair_00003542,eval,2,"QED,RB",CC(C)COc1cccc(N(Cc2cccnc2)S(=O)(=O)CC(F)(F)F)c1,CCC(C)COc1cccc(N(Cc2cccnc2)S(=O)(=O)CC(F)(F)F)c1,CC(C)COc1cccc(N(Cc2cccnc2)S(=O)(=O)CC(F)(F)F)c1,c1ccc(NCc2cccnc2)cc1,c1ccc(NCc2cccnc2)cc1,True,True,True,source_identity,1.0,0.8421052631578947,,,,,,,,,0.6078002459089881,0.6693605971809802,0.06156035127199211,True,,,,,,,,,,,,,9.0,8.0,1.0,True
scaffold_property_retrieval,mpair_00003544_cond_00_2p,mpair_00003544,eval,2,"LogP,RB",CC(C)COc1cccc(N(Cc2cccnc2)S(=O)(=O)CC(F)(F)F)c1,CCCC(C)Oc1cccc(N(Cc2cccnc2)S(=O)(=O)CC(F)(F)F)c1,CC(C)COc1cccc(N(Cc2cccnc2)S(=O)(=O)CC(F)(F)F)c1,c1ccc(NCc2cccnc2)cc1,c1ccc(NCc2cccnc2)cc1,True,True,True,source_identity,1.0,0.7213114754098361,,,,,4.547700000000003,4.015100000000003,0.5326000000000004,True,,,,,,,,,,,,,,,,,9.0,8.0,1.0,True
scaffold_property_retrieval,mpair_00003547_cond_00_2p,mpair_00003547,eval,2,"QED,RB",CCC(C)COc1cccc(N(Cc2cccnc2)S(=O)(=O)CC(F)(F)F)c1,CC(C)COc1cccc(N(Cc2cccnc2)S(=O)(=O)CC(F)(F)F)c1,CCC(C)COc1cccc(N(Cc2cccnc2)S(=O)(=O)CC(F)(F)F)c1,c1ccc(NCc2cccnc2)cc1,c1ccc(NCc2cccnc2)cc1,True,True,True,source_identity,1.0,0.8421052631578947,,,,,,,,,0.6693605971809802,0.6078002459089881,0.06156035127199211,True,,,,,,,,,,,,,8.0,9.0,1.0,True
scaffold_property_retrieval,mpair_00000000_cond_00_3p,mpair_00000000,eval,3,"LogP,HBA,RB",O=C(c1cccc(Cl)c1)N1C[C@H](CN2CCC(c3ccccc3)CC2)[C@@H](c2ccccc2)C1,COc1cccc(C(=O)N2C[C@H](CN3CCC(c4ccccc4)CC3)[C@@H](c3ccccc3)C2)c1,O=C(c1cccc(Cl)c1)N1C[C@H](CN2CCC(c3ccccc3)CC2)[C@@H](c2ccccc2)C1,O=C(c1ccccc1)N1C[C@H](CN2CCC(c3ccccc3)CC2)[C@@H](c2ccccc2)C1,O=C(c1ccccc1)N1C[C@H](CN2CCC(c3ccccc3)CC2)[C@@H](c2ccccc2)C1,True,True,True,source_identity,1.0,0.7413793103448276,,,,,5.430600000000005,6.075400000000006,0.6448000000000009,True,,,,,,,,,,,,,3.0,2.0,1.0,True,6.0,5.0,1.0,True
scaffold_property_retrieval,mpair_00000006_cond_01_3p,mpair_00000006,eval,3,"MW,LogP,QED",O=C(c1ccccc1F)N1C[C@H](CN2CCC(c3ccccc3)CC2)[C@@H](c2ccccc2)C1,O=C(c1ccccc1C(F)(F)F)N1C[C@H](CN2CCC(c3ccccc3)CC2)[C@@H](c2ccccc2)C1,O=C(c1ccccc1F)N1C[C@H](CN2CCC(c3ccccc3)CC2)[C@@H](c2ccccc2)C1,O=C(c1ccccc1)N1C[C@H](CN2CCC(c3ccccc3)CC2)[C@@H](c2ccccc2)C1,O=C(c1ccccc1)N1C[C@H](CN2CCC(c3ccccc3)CC2)[C@@H](c2ccccc2)C1,True,False,False,source_identity,1.0,0.7592592592592593,492.5850000000002,442.57800000000015,50.00700000000006,False,6.4408000000000065,5.561100000000006,0.8797000000000006,True,0.4092272471712491,0.5164092889512721,0.10718204178002305,False,,,,,,,,,,,,,,,,
scaffold_property_retrieval,mpair_00000010_cond_00_3p,mpair_00000010,eval,3,"QED,HBA,RB",O=C(c1ccccc1C(F)(F)F)N1C[C@H](CN2CCC(c3ccccc3)CC2)[C@@H](c2ccccc2)C1,COc1cccc(C(=O)N2C[C@H](CN3CCC(c4ccccc4)CC3)[C@@H](c3ccccc3)C2)c1,O=C(c1ccccc1C(F)(F)F)N1C[C@H](CN2CCC(c3ccccc3)CC2)[C@@H](c2ccccc2)C1,O=C(c1ccccc1)N1C[C@H](CN2CCC(c3ccccc3)CC2)[C@@H](c2ccccc2)C1,O=C(c1ccccc1)N1C[C@H](CN2CCC(c3ccccc3)CC2)[C@@H](c2ccccc2)C1,True,True,True,source_identity,1.0,0.578125,,,,,,,,,0.49786269936596683,0.4092272471712491,0.08863545219471775,True,,,,,,,,,3.0,2.0,1.0,True,6.0,5.0,1.0,True
scaffold_property_retrieval,mpair_00000018_cond_01_3p,mpair_00000018,eval,3,"MW,QED,RB",COC(=O)C1=C(c2ccc(Cl)nc2)CC2CCC1N2C,CN1C2C=C(c3ccc(Cl)nc3)CC1CC2,C1=C(c2cccnc2)CC2CCC1N2,C1=C(c2cccnc2)CC2CCC1N2,C1=C(c2cccnc2)CC2CCC1N2,True,False,False,,0.14925373134328357,0.2545454545454545,234.72999999999996,186.258,48.47199999999995,False,,,,,0.6949032404938756,0.725160453067101,0.030257212573225334,True,,,,,,,,,,,,,1.0,1.0,0.0,True
scaffold_property_retrieval,mpair_00000323_cond_00_3p,mpair_00000323,eval,3,"TPSA,HBD,HBA",N[C@@H](C(=O)N[C@@H]1C(=O)N2C(C(=O)O)=C(C(F)(F)F)CC[C@H]12)c1ccc(F)cc1,N[C@@H](C(=O)N[C@@H]1C(=O)N2C(C(=O)O)=C(C(F)(F)F)CC[C@H]12)c1ccc(O)cc1,N[C@@H](C(=O)N[C@@H]1C(=O)N2C(C(=O)O)=C(C(F)(F)F)CC[C@H]12)c1ccc(F)cc1,O=C(Cc1ccccc1)N[C@@H]1C(=O)N2C=CCC[C@H]12,O=C(Cc1ccccc1)N[C@@H]1C(=O)N2C=CCC[C@H]12,True,False,False,source_identity,1.0,0.8545454545454545,,,,,,,,,,,,,132.96,112.73,20.230000000000004,False,4.0,3.0,1.0,True,5.0,4.0,1.0,True,,,,
scaffold_property_retrieval,mpair_00000329_cond_02_3p,mpair_00000329,eval,3,"QED,HBA,RB",CSC1=C(C(=O)O)N2C(=O)[C@@H](NC(=O)[C@H](N)c3ccccc3)[C@H]2CC1,N[C@@H](C(=O)N[C@@H]1C(=O)N2C(C(=O)O)=C(C(F)(F)F)CC[C@H]12)c1ccc(F)cc1,CSC1=C(C(=O)O)N2C(=O)[C@@H](NC(=O)[C@H](N)c3ccccc3)[C@H]2CC1,O=C(Cc1ccccc1)N[C@@H]1C(=O)N2C=CCC[C@H]12,O=C(Cc1ccccc1)N[C@@H]1C(=O)N2C=CCC[C@H]12,True,False,False,source_identity,1.0,0.5873015873015873,,,,,,,,,0.5187711593734389,0.6699274889764619,0.15115632960302305,False,,,,,,,,,4.0,5.0,1.0,True,4.0,5.0,1.0,True
scaffold_property_retrieval,mpair_00000331_cond_02_3p,mpair_00000331,eval,3,"TPSA,HBD,HBA",N[C@@H](C(=O)N[C@@H]1C(=O)N2C(C(=O)O)=C(C(F)(F)F)CC[C@H]12)c1ccc(O)cc1,N[C@@H](C(=O)N[C@@H]1C(=O)N2C(C(=O)O)=C(C(F)(F)F)CC[C@H]12)c1ccc(F)cc1,N[C@@H](C(=O)N[C@@H]1C(=O)N2C(C(=O)O)=C(C(F)(F)F)CC[C@H]12)c1ccc(O)cc1,O=C(Cc1ccccc1)N[C@@H]1C(=O)N2C=CCC[C@H]12,O=C(Cc1ccccc1)N[C@@H]1C(=O)N2C=CCC[C@H]12,True,False,False,source_identity,1.0,0.8545454545454545,,,,,,,,,,,,,112.73,132.96,20.230000000000004,False,3.0,4.0,1.0,True,4.0,5.0,1.0,True,,,,
scaffold_property_retrieval,mpair_00000336_cond_01_3p,mpair_00000336,eval,3,"MW,LogP,QED",N[C@@H](C(=O)N[C@@H]1C(=O)N2C(C(=O)O)=C(C(F)(F)F)CC[C@H]12)c1cccc(Br)c1,N[C@@H](C(=O)N[C@@H]1C(=O)N2C(C(=O)O)=C(C(F)(F)F)CC[C@H]12)c1ccc(F)cc1,N[C@@H](C(=O)N[C@@H]1C(=O)N2C(C(=O)O)=C(C(F)(F)F)CC[C@H]12)c1cccc(Br)c1,O=C(Cc1ccccc1)N[C@@H]1C(=O)N2C=CCC[C@H]12,O=C(Cc1ccccc1)N[C@@H]1C(=O)N2C=CCC[C@H]12,True,False,False,source_identity,1.0,0.7377049180327869,401.3160000000001,462.2220000000001,60.906000000000006,False,1.2158999999999993,1.8392999999999997,0.6234000000000004,True,0.5187711593734389,0.5917241763797754,0.0729530170063365,True,,,,,,,,,,,,,,,,
scaffold_property_retrieval,mpair_00000595_cond_02_3p,mpair_00000595,eval,3,"QED,HBD,RB",COc1ccc(CCCC[C@@H]2N[C@@H](CO)[C@H](O)[C@H]2O)cc1,OC[C@@H]1N[C@@H](CCCCc2ccc(O)cc2)[C@H](O)[C@H]1O,COc1ccc(CCCC[C@@H]2N[C@@H](CO)[C@H](O)[C@H]2O)cc1,c1ccc(CCCC[C@H]2CCCN2)cc1,c1ccc(CCCC[C@H]2CCCN2)cc1,True,True,True,source_identity,1.0,0.7,,,,,,,,,0.47902706341404183,0.5496005244071775,0.07057346099313572,True,,,,,5.0,4.0,1.0,True,,,,,6.0,7.0,1.0,True
scaffold_property_retrieval,mpair_00000726_cond_02_3p,mpair_00000726,eval,3,"MW,QED,HBD",C=CCc1cc(/C=C2\SC(=O)NC2=O)c(OC)cc1OC1CCCCO1,C=CCc1cc(/C=C2\SC(=O)N(CC=C)C2=O)c(OC)cc1OC1CCCCO1,C=CCc1cc(/C=C2\SC(=O)NC2=O)c(OC)cc1OC1CCCCO1,O=C1NC(=O)/C(=C/c2ccc(OC3CCCCO3)cc2)S1,O=C1NC(=O)/C(=C/c2ccc(OC3CCCCO3)cc2)S1,True,False,False,source_identity,1.0,0.696969696969697,415.51100000000025,375.4460000000002,40.065000000000055,False,,,,,0.45838471716690443,0.6042673504148035,0.14588263324789907,False,,,,,0.0,1.0,1.0,True,,,,,,,,
scaffold_property_retrieval,mpair_00000739_cond_02_3p,mpair_00000739,eval,3,"LogP,QED,RB",C=CCc1cc(/C=C2\SC(=O)N(CCCC)C2=O)c(OC)cc1OC1CCCCO1,C=CCc1cc(/C=C2\SC(=O)N(CC=C)C2=O)c(OC)cc1OC1CCCCO1,C=CCc1cc(/C=C2\SC(=O)N(CCCC)C2=O)c(OC)cc1OC1CCCCO1,O=C1NC(=O)/C(=C/c2ccc(OC3CCCCO3)cc2)S1,O=C1NC(=O)/C(=C/c2ccc(OC3CCCCO3)cc2)S1,True,True,True,source_identity,1.0,0.8181818181818182,,,,,4.551400000000004,5.165500000000004,0.6141000000000005,True,0.45838471716690443,0.39718598618589046,0.06119873098101397,True,,,,,,,,,,,,,8.0,9.0,1.0,True
scaffold_property_retrieval,mpair_00000742_cond_00_3p,mpair_00000742,eval,3,"LogP,QED,RB",C=CCc1cc(/C=C2\SC(=O)N(C)C2=O)c(OC)cc1OC1CCCCO1,C=CCc1cc(/C=C2\SC(=O)N(CC=C(C)C)C2=O)c(OC)cc1OC1CCCCO1,C=CCc1cc(/C=C2\SC(=O)N(C)C2=O)c(OC)cc1OC1CCCCO1,O=C1NC(=O)/C(=C/c2ccc(OC3CCCCO3)cc2)S1,O=C1NC(=O)/C(=C/c2ccc(OC3CCCCO3)cc2)S1,True,False,False,source_identity,1.0,0.7761194029850746,,,,,5.331600000000005,3.9952000000000023,1.336400000000003,False,0.3995752918375223,0.5413211960634129,0.14174590422589062,False,,,,,,,,,,,,,8.0,6.0,2.0,False
scaffold_property_retrieval,mpair_00000747_cond_00_3p,mpair_00000747,eval,3,"LogP,HBD,RB",C=CCc1cc(/C=C2\SC(=O)N(CC=C)C2=O)c(OC)cc1OC1CCCCO1,C=CCc1cc(/C=C2\SC(=O)NC2=O)c(OC)cc1OC1CCCCO1,C=CCc1cc(/C=C2\SC(=O)N(CC=C)C2=O)c(OC)cc1OC1CCCCO1,O=C1NC(=O)/C(=C/c2ccc(OC3CCCCO3)cc2)S1,O=C1NC(=O)/C(=C/c2ccc(OC3CCCCO3)cc2)S1,True,False,False,source_identity,1.0,0.696969696969697,,,,,3.6530000000000022,4.551400000000004,0.8984000000000014,True,,,,,,,,,1.0,0.0,1.0,True,,,,,6.0,8.0,2.0,False
scaffold_property_retrieval,mpair_00000748_cond_02_3p,mpair_00000748,eval,3,"LogP,QED,RB",C=CCc1cc(/C=C2\SC(=O)N(C)C2=O)c(OC)cc1OC1CCCCO1,C=CCc1cc(/C=C2\SC(=O)N(CC=C)C2=O)c(OC)cc1OC1CCCCO1,C=CCc1cc(/C=C2\SC(=O)N(C)C2=O)c(OC)cc1OC1CCCCO1,O=C1NC(=O)/C(=C/c2ccc(OC3CCCCO3)cc2)S1,O=C1NC(=O)/C(=C/c2ccc(OC3CCCCO3)cc2)S1,True,False,False,source_identity,1.0,0.8095238095238095,,,,,4.551400000000004,3.9952000000000023,0.5562000000000014,True,0.45838471716690443,0.5413211960634129,0.08293647889650846,True,,,,,,,,,,,,,8.0,6.0,2.0,False
scaffold_property_retrieval,mpair_00000757_cond_02_3p,mpair_00000757,eval,3,"LogP,HBA,RB",COc1cccc(-c2cncc(O[C@@H]3CCNC3)c2)c1,Clc1cccc(-c2cncc(O[C@@H]3CCNC3)c2)c1,COc1cccc(-c2cncc(O[C@@H]3CCNC3)c2)c1,c1ccc(-c2cncc(O[C@@H]3CCNC3)c2)cc1,c1ccc(-c2cncc(O[C@@H]3CCNC3)c2)cc1,True,True,True,source_identity,1.0,0.7446808510638298,,,,,3.1427000000000014,2.4979000000000005,0.6448000000000009,True,,,,,,,,,,,,,3.0,4.0,1.0,True,3.0,4.0,1.0,True
scaffold_property_retrieval,mpair_00001124_cond_01_3p,mpair_00001124,eval,3,"LogP,HBA,RB",COc1ccc(N2CCN(CCC3NC(=O)c4ccccc43)CC2)cc1,Cc1ccc(N2CCN(CCC3NC(=O)c4ccccc43)CC2)cc1C,COc1ccc(N2CCN(CCC3NC(=O)c4ccccc43)CC2)cc1,O=C1NC(CCN2CCN(c3ccccc3)CC2)c2ccccc21,O=C1NC(CCN2CCN(c3ccccc3)CC2)c2ccccc21,True,True,True,source_identity,1.0,0.7037037037037037,,,,,3.3002400000000023,2.692000000000001,0.6082400000000012,True,,,,,,,,,,,,,3.0,4.0,1.0,True,4.0,5.0,1.0,True
scaffold_property_retrieval,mpair_00001131_cond_01_3p,mpair_00001131,eval,3,"HBD,HBA,RB",COc1ccc(N2CCN(CCC3c4ccccc4C(=O)N3C)CC2)cc1,Cc1ccc(N2CCN(CCC3NC(=O)c4ccccc43)CC2)cc1C,COc1ccc(N2CCN(CCC3c4ccccc4C(=O)N3C)CC2)cc1,O=C1NC(CCN2CCN(c3ccccc3)CC2)c2ccccc21,O=C1NC(CCN2CCN(c3ccccc3)CC2)c2ccccc21,True,True,True,source_identity,1.0,0.4444444444444444,,,,,,,,,,,,,,,,,1.0,0.0,1.0,True,3.0,4.0,1.0,True,4.0,5.0,1.0,True
scaffold_property_retrieval,mpair_00001133_cond_02_3p,mpair_00001133,eval,3,"QED,TPSA,HBA",COc1ccccc1CC(=O)NCCC1CCN(CC2COc3ccccc3O2)CC1,O=C(Cc1ccccc1[N+](=O)[O-])NCCC1CCN(CC2COc3ccccc3O2)CC1,COc1ccccc1CC(=O)NCCC1CCN(CC2COc3ccccc3O2)CC1,O=C(Cc1ccccc1)NCCC1CCN(CC2COc3ccccc3O2)CC1,O=C(Cc1ccccc1)NCCC1CCN(CC2COc3ccccc3O2)CC1,True,False,False,source_identity,1.0,0.7164179104477612,,,,,,,,,0.5015202818225966,0.7047088784600517,0.20318859663745514,False,93.94,60.03,33.91,False,,,,,6.0,5.0,1.0,True,,,,
scaffold_property_retrieval,mpair_00002370_cond_02_3p,mpair_00002370,eval,3,"HBD,HBA,RB",CCOC(=O)/C=C/c1cc(C(=O)c2ccc(-n3ccnc3)cc2)cn1C,Cn1cc(C(=O)c2ccc(-n3ccnc3)cc2)cc1/C=C/C(=O)O,CCOC(=O)/C=C/c1cc(C(=O)c2ccc(-n3ccnc3)cc2)cn1C,O=C(c1ccc(-n2ccnc2)cc1)c1cc[nH]c1,O=C(c1ccc(-n2ccnc2)cc1)c1cc[nH]c1,True,True,True,source_identity,1.0,0.7454545454545455,,,,,,,,,,,,,,,,,1.0,0.0,1.0,True,5.0,6.0,1.0,True,5.0,6.0,1.0,True
scaffold_property_retrieval,mpair_00002375_cond_02_3p,mpair_00002375,eval,3,"TPSA,HBD,HBA",COc1cccc2sc([C@@H]3C[C@H]4CC[C@@H](C3)N4C[C@H](O)COc3cccc4[nH]c(C(N)=O)cc34)cc12,COc1cccc2sc([C@@H]3C[C@H]4CC[C@@H](C3)N4C[C@H](O)COc3cccc4[nH]c(C)cc34)cc12,COc1cccc2sc([C@@H]3C[C@H]4CC[C@@H](C3)N4C[C@H](O)COc3cccc4[nH]c(C(N)=O)cc34)cc12,c1ccc2sc([C@@H]3C[C@H]4CC[C@@H](C3)N4CCCOc3cccc4[nH]ccc34)cc2c1,c1ccc2sc([C@@H]3C[C@H]4CC[C@@H](C3)N4CCCOc3cccc4[nH]ccc34)cc2c1,True,False,False,source_identity,1.0,0.7916666666666666,,,,,,,,,,,,,57.720000000000006,100.81,43.089999999999996,False,2.0,3.0,1.0,True,5.0,6.0,1.0,True,,,,
scaffold_property_retrieval,mpair_00002466_cond_00_3p,mpair_00002466,eval,3,"QED,HBA,RB",CN(C)CCCOc1cc(C(=O)Nc2ccc(Cl)cc2F)n(Cc2ccccc2)n1,CN(C)CCCOc1cc(C(=O)Nc2ccc(OC(F)(F)F)cc2)n(Cc2ccccc2)n1,CN(C)CCCOc1cc(C(=O)Nc2ccc(Cl)cc2F)n(Cc2ccccc2)n1,O=C(Nc1ccccc1)c1ccnn1Cc1ccccc1,O=C(Nc1ccccc1)c1ccnn1Cc1ccccc1,True,True,True,source_identity,1.0,0.6428571428571429,,,,,,,,,0.4522382232340766,0.5138601191048354,0.061621895870758836,True,,,,,,,,,6.0,5.0,1.0,True,10.0,9.0,1.0,True
scaffold_property_retrieval,mpair_00002469_cond_02_3p,mpair_00002469,eval,3,"MW,TPSA,HBA",COc1ccc(NC(=O)c2cc(OCCCN(C)C)nn2Cc2ccccc2)cc1,COc1cc(NC(=O)c2cc(OCCCN(C)C)nn2Cc2ccccc2)cc(OC)c1OC,COc1ccc(NC(=O)c2cc(OCCCN(C)C)nn2Cc2ccccc2)cc1,O=C(Nc1ccccc1)c1ccnn1Cc1ccccc1,O=C(Nc1ccccc1)c1ccnn1Cc1ccccc1,True,False,False,source_identity,1.0,0.7741935483870968,468.5540000000002,408.50200000000007,60.052000000000135,False,,,,,,,,,87.08000000000001,68.62,18.460000000000008,True,,,,,8.0,6.0,2.0,False,,,,
scaffold_property_retrieval,mpair_00002472_cond_02_3p,mpair_00002472,eval,3,"MW,LogP,QED",COc1ccc(NC(=O)c2cc(OCCCN(C)C)nn2Cc2ccccc2)cc1,CN(C)CCCOc1cc(C(=O)Nc2cc(F)cc(C(F)(F)F)c2)n(Cc2ccccc2)n1,COc1ccc(NC(=O)c2cc(OCCCN(C)C)nn2Cc2ccccc2)cc1,O=C(Nc1ccccc1)c1ccnn1Cc1ccccc1,O=C(Nc1ccccc1)c1ccnn1Cc1ccccc1,True,False,False,source_identity,1.0,0.6764705882352942,464.4630000000001,408.50200000000007,55.96100000000001,False,4.672100000000003,3.522800000000002,1.149300000000001,False,0.369385517709234,0.5200250404910086,0.15063952278177462,False,,,,,,,,,,,,,,,,
scaffold_property_retrieval,mpair_00002478_cond_01_3p,mpair_00002478,eval,3,"MW,LogP,QED",CN(C)CCCOc1cc(C(=O)Nc2cccc(Cl)c2)n(Cc2ccccc2)n1,CN(C)CCCOc1cc(C(=O)Nc2cc(F)cc(C(F)(F)F)c2)n(Cc2ccccc2)n1,CN(C)CCCOc1cc(C(=O)Nc2cccc(Cl)c2)n(Cc2ccccc2)n1,O=C(Nc1ccccc1)c1ccnn1Cc1ccccc1,O=C(Nc1ccccc1)c1ccnn1Cc1ccccc1,True,False,False,source_identity,1.0,0.6764705882352942,464.4630000000001,412.9210000000001,51.54199999999997,False,4.672100000000003,4.167600000000003,0.5045000000000002,True,0.369385517709234,0.5357556879239462,0.16637017021471223,False,,,,,,,,,,,,,,,,
scaffold_property_retrieval,mpair_00002482_cond_00_3p,mpair_00002482,eval,3,"MW,LogP,QED",COc1ccc(NC(=O)c2cc(OCCCN(C)C)nn2Cc2ccccc2)cc1,CN(C)CCCOc1cc(C(=O)Nc2ccc(OC(F)(F)F)cc2)n(Cc2ccccc2)n1,COc1ccc(NC(=O)c2cc(OCCCN(C)C)nn2Cc2ccccc2)cc1,O=C(Nc1ccccc1)c1ccnn1Cc1ccccc1,O=C(Nc1ccccc1)c1ccnn1Cc1ccccc1,True,False,False,source_identity,1.0,0.8064516129032258,462.4720000000001,408.50200000000007,53.97000000000003,False,4.412800000000003,3.522800000000002,0.8900000000000015,True,0.4522382232340766,0.5200250404910086,0.06778681725693203,True,,,,,,,,,,,,,,,,
scaffold_property_retrieval,mpair_00002488_cond_00_3p,mpair_00002488,eval,3,"LogP,TPSA,HBA",C=Cc1cc(C(=O)OCC)n(S(=O)(=O)c2cc(Cl)ccc2N)c1,CC(C)OC(=O)c1cc(CO)cn1S(=O)(=O)c1cc(Cl)ccc1N,N/C(S)=N/N=C/c1cccn1S(=O)(=O)c1ccccc1,O=S(=O)(c1ccccc1)n1cccc1,O=S(=O)(c1ccccc1)n1cccc1,True,False,False,,0.16,0.14666666666666667,,,,,2.0182,1.3035,0.7147000000000001,True,,,,,111.61999999999999,89.81,21.809999999999988,False,,,,,7.0,5.0,2.0,False,,,,
scaffold_property_retrieval,mpair_00002498_cond_00_3p,mpair_00002498,eval,3,"MW,QED,RB",CCc1ccc(NC2=C(Cl)C(=O)c3ncncc3C2=O)cc1,O=C1C(Nc2cccc(Br)c2)=C(Cl)C(=O)c2ncncc21,O=C1C(Nc2cccc(Cl)c2)=C(Cl)C(=O)c2ncncc21,O=C1C(Nc2ccccc2)=CC(=O)c2ncncc21,O=C1C(Nc2ccccc2)=CC(=O)c2ncncc21,True,False,False,,0.6122448979591837,0.7777777777777778,364.58600000000007,320.135,44.45100000000008,False,,,,,0.885902971993687,0.9205249949064266,0.034622022912739636,True,,,,,,,,,,,,,2.0,2.0,0.0,True
scaffold_property_retrieval,mpair_00002500_cond_02_3p,mpair_00002500,eval,3,"MW,QED,RB",O=C1C(Nc2ccc(Br)cc2)=C(Cl)C(=O)c2ncncc21,CCc1ccc(NC2=C(Cl)C(=O)c3ncncc3C2=O)cc1,O=C1C(Nc2cccc(Cl)c2)=C(Cl)C(=O)c2ncncc21,O=C1C(Nc2ccccc2)=CC(=O)c2ncncc21,O=C1C(Nc2ccccc2)=CC(=O)c2ncncc21,True,True,True,,0.6521739130434783,0.6122448979591837,313.744,320.135,6.390999999999963,True,,,,,0.9428073960459649,0.9205249949064266,0.022282401139538277,True,,,,,,,,,,,,,3.0,2.0,1.0,True
scaffold_property_retrieval,mpair_00002505_cond_01_3p,mpair_00002505,eval,3,"QED,HBA,RB",COc1ccc(C(=O)CN2c3ccccc3C(=O)N(Cc3ccccc3)S2(=O)=O)cc1,O=C(CN1c2ccccc2C(=O)N(Cc2ccccc2)S1(=O)=O)c1ccccc1,COc1ccc(C(=O)CN2c3ccccc3C(=O)N(Cc3ccccc3)S2(=O)=O)cc1,O=C(CN1c2ccccc2C(=O)N(Cc2ccccc2)S1(=O)=O)c1ccccc1,O=C(CN1c2ccccc2C(=O)N(Cc2ccccc2)S1(=O)=O)c1ccccc1,True,True,True,source_identity,1.0,0.7916666666666666,,,,,,,,,0.6096951629926923,0.5539335722556151,0.055761590737077205,True,,,,,,,,,4.0,5.0,1.0,True,5.0,6.0,1.0,True
scaffold_property_retrieval,mpair_00002510_cond_00_3p,mpair_00002510,eval,3,"LogP,TPSA,HBA",CSc1cc(-c2ccc(Br)cc2)oc(=O)c1C#N,CSc1cc(-c2ccc(Br)cc2)oc(=O)c1Cl,CSc1cc(-c2ccc(F)cc2)oc(=O)c1,O=c1cccc(-c2ccccc2)o1,O=c1cccc(-c2ccccc2)o1,True,False,False,,0.3469387755102041,0.3695652173913043,,,,,4.444600000000002,3.1678000000000024,1.2767999999999997,False,,,,,30.21,30.21,0.0,True,,,,,3.0,3.0,0.0,True,,,,
scaffold_property_retrieval,mpair_00002543_cond_01_3p,mpair_00002543,eval,3,"TPSA,HBD,RB",CSc1cc(-c2ccc(Br)cc2)oc(=O)c1Cl,CSc1cc(-c2ccc(Cl)cc2)oc(=O)c1C(N)=O,CSc1cc(-c2ccc(F)cc2)oc(=O)c1,O=c1cccc(-c2ccccc2)o1,O=c1cccc(-c2ccccc2)o1,True,False,False,,0.3695652173913043,0.34,,,,,,,,,,,,,73.30000000000001,30.21,43.09000000000001,False,1.0,0.0,1.0,True,,,,,3.0,2.0,1.0,True
scaffold_property_retrieval,mpair_00002559_cond_02_3p,mpair_00002559,eval,3,"LogP,QED,RB",CN(C(=O)n1nc(-c2ccc(Cl)cc2)nc1SCC(F)(F)F)c1ccccc1,CSc1nc(-c2ccc(C)cc2)nn1C(=O)N(C)c1ccccc1,CN(C(=O)n1nc(-c2ccc(Cl)cc2)nc1SCC(F)(F)F)c1ccccc1,O=C(Nc1ccccc1)n1cnc(-c2ccccc2)n1,O=C(Nc1ccccc1)n1cnc(-c2ccccc2)n1,True,False,False,source_identity,1.0,0.5862068965517241,,,,,4.079920000000002,5.357400000000003,1.2774800000000006,False,0.6753188675979567,0.5270344401044634,0.14828442749349324,False,,,,,,,,,,,,,3.0,4.0,1.0,True
scaffold_property_retrieval,mpair_00002564_cond_02_3p,mpair_00002564,eval,3,"LogP,QED,HBA",CSc1nc(-c2ccc(OC(F)(F)F)cc2)nn1C(=O)N(C)c1ccccc1,CN(C(=O)n1nc(-c2ccc(Cl)cc2)nc1SCC(F)(F)F)c1ccccc1,CSc1nc(-c2ccc(OC(F)(F)F)cc2)nn1C(=O)N(C)c1ccccc1,O=C(Nc1ccccc1)n1cnc(-c2ccccc2)n1,O=C(Nc1ccccc1)n1cnc(-c2ccccc2)n1,True,True,True,source_identity,1.0,0.5967741935483871,,,,,5.357400000000003,4.670100000000003,0.6872999999999996,True,0.5270344401044634,0.5874043626188404,0.060369922514377006,True,,,,,,,,,5.0,6.0,1.0,True,,,,
scaffold_property_retrieval,mpair_00002573_cond_02_3p,mpair_00002573,eval,3,"MW,LogP,QED",COc1cc(C(=O)N2CCN(C(=O)c3cc(OC)c(OC)c(OC)c3)C(COC(=O)CC(C)(C)C)C2)cc(OC)c1OC,COc1cc(C(=O)N2CCN(C(=O)c3cc(OC)c(OC)c(OC)c3)C(COC(C)=O)C2)cc(OC)c1OC,COc1cc(C(=O)N2CCN(C(=O)c3cc(OC)c(OC)c(OC)c3)C(COC(=O)CC(C)(C)C)C2)cc(OC)c1OC,O=C(c1ccccc1)N1CCN(C(=O)c2ccccc2)CC1,O=C(c1ccccc1)N1CCN(C(=O)c2ccccc2)CC1,True,False,False,source_identity,1.0,0.7547169811320755,546.5730000000003,602.6810000000004,56.10800000000006,False,2.2681000000000004,3.684400000000003,1.4163000000000023,False,0.41028124355120477,0.3521539372279048,0.05812730632329999,True,,,,,,,,,,,,,,,,
scaffold_property_retrieval,mpair_00002584_cond_00_3p,mpair_00002584,eval,3,"LogP,QED,HBA",COc1cc(C(=O)N2CCN(C(=O)c3cc(OC)c(OC)c(OC)c3)C(CO)C2)cc(OC)c1OC,COc1cc(C(=O)N2CCN(C(=O)c3cc(OC)c(OC)c(OC)c3)C(COC(C)=O)C2)cc(OC)c1OC,COc1cc(C(=O)N2CCN(C(=O)c3cc(OC)c(OC)c(OC)c3)C(CO)C2)cc(OC)c1OC,O=C(c1ccccc1)N1CCN(C(=O)c2ccccc2)CC1,O=C(c1ccccc1)N1CCN(C(=O)c2ccccc2)CC1,True,False,False,source_identity,1.0,0.75,,,,,2.2681000000000004,1.6973000000000003,0.5708000000000002,True,0.41028124355120477,0.544633228323374,0.13435198477216925,False,,,,,,,,,10.0,9.0,1.0,True,,,,
scaffold_property_retrieval,mpair_00002589_cond_01_3p,mpair_00002589,eval,3,"MW,LogP,HBA",COc1cc(C(=O)N2CCN(C(=O)c3cc(OC)c(OC)c(OC)c3)C(CO)C2)cc(OC)c1OC,CCN(CC)C(=O)OCC1CN(C(=O)c2cc(OC)c(OC)c(OC)c2)CCN1C(=O)c1cc(OC)c(OC)c(OC)c1,COc1cc(C(=O)N2CCN(C(=O)c3cc(OC)c(OC)c(OC)c3)C(CO)C2)cc(OC)c1OC,O=C(c1ccccc1)N1CCN(C(=O)c2ccccc2)CC1,O=C(c1ccccc1)N1CCN(C(=O)c2ccccc2)CC1,True,False,False,source_identity,1.0,0.6792452830188679,603.6690000000003,504.53600000000034,99.13299999999998,False,3.1834000000000024,1.6973000000000003,1.4861000000000022,False,,,,,,,,,,,,,10.0,9.0,1.0,True,,,,
scaffold_property_retrieval,mpair_00002594_cond_02_3p,mpair_00002594,eval,3,"MW,LogP,RB",CCN(CC)C(=O)OCC1CN(C(=O)c2cc(OC)c(OC)c(OC)c2)CCN1C(=O)c1cc(OC)c(OC)c(OC)c1,COc1cc(C(=O)N2CCN(C(=O)c3cc(OC)c(OC)c(OC)c3)C(COC(C)=O)C2)cc(OC)c1OC,CCN(CC)C(=O)OCC1CN(C(=O)c2cc(OC)c(OC)c(OC)c2)CCN1C(=O)c1cc(OC)c(OC)c(OC)c1,O=C(c1ccccc1)N1CCN(C(=O)c2ccccc2)CC1,O=C(c1ccccc1)N1CCN(C(=O)c2ccccc2)CC1,True,False,False,source_identity,1.0,0.7547169811320755,546.5730000000003,603.6690000000003,57.096000000000004,False,2.2681000000000004,3.1834000000000024,0.915300000000002,True,,,,,,,,,,,,,,,,,10.0,12.0,2.0,False
scaffold_property_retrieval,mpair_00002601_cond_00_3p,mpair_00002601,eval,3,"MW,LogP,QED",COc1ccc(C(=O)Nc2ccncc2Cl)c2cccnc12,COc1ccc(C(=O)Nc2ccncc2Cl)c2ccc(C(F)(F)F)nc12,COc1ccc(C(=O)Nc2ccncc2Cl)c2cccnc12,O=C(Nc1ccncc1)c1cccc2ncccc12,O=C(Nc1ccncc1)c1cccc2ncccc12,True,False,False,source_identity,1.0,0.6724137931034483,381.74100000000004,313.744,67.99700000000001,False,4.562900000000002,3.544100000000002,1.0187999999999997,False,0.7218484507203837,0.8029165077767629,0.0810680570563792,True,,,,,,,,,,,,,,,,
scaffold_property_retrieval,mpair_00002605_cond_00_3p,mpair_00002605,eval,3,"TPSA,HBD,RB",COc1ccc(C(=O)Nc2c(Cl)cncc2Cl)c2ccc(C(C)O)nc12,COc1ccc(C(=O)Nc2c(F)cncc2F)c2ccc(C(F)(F)F)nc12,COc1ccc(C(=O)Nc2c(Cl)cncc2Cl)c2ccc(C(C)O)nc12,O=C(Nc1ccncc1)c1cccc2ncccc12,O=C(Nc1ccncc1)c1cccc2ncccc12,True,False,False,source_identity,1.0,0.532258064516129,,,,,,,,,,,,,64.11,84.34,20.230000000000004,False,1.0,2.0,1.0,True,,,,,3.0,4.0,1.0,True
scaffold_property_retrieval,mpair_00002610_cond_01_3p,mpair_00002610,eval,3,"LogP,TPSA,HBD",CCc1ccc2c(C(=O)Nc3c(Cl)cncc3Cl)ccc(OC)c2n1,COc1ccc(C(=O)Nc2c(Cl)cncc2Cl)c2ccc(C(C)O)nc12,CCc1ccc2c(C(=O)Nc3c(Cl)cncc3Cl)ccc(OC)c2n1,O=C(Nc1ccncc1)c1cccc2ncccc12,O=C(Nc1ccncc1)c1cccc2ncccc12,True,False,False,source_identity,1.0,0.6964285714285714,,,,,4.2508000000000035,4.759900000000003,0.5090999999999992,True,,,,,84.34,64.11,20.230000000000004,False,2.0,1.0,1.0,True,,,,,,,,
scaffold_property_retrieval,mpair_00002616_cond_01_3p,mpair_00002616,eval,3,"TPSA,HBA,RB",COc1ccc(C(=O)Nc2c(F)cncc2F)c2ccc(C(F)(F)F)nc12,COc1ccc(C(=O)Nc2c(Cl)cncc2Cl)c2ccc(C(C)=O)nc12,COc1ccc(C(=O)Nc2c(F)cncc2F)c2ccc(C(F)(F)F)nc12,O=C(Nc1ccncc1)c1cccc2ncccc12,O=C(Nc1ccncc1)c1cccc2ncccc12,True,True,True,source_identity,1.0,0.55,,,,,,,,,,,,,81.17999999999999,64.11,17.069999999999993,True,,,,,5.0,4.0,1.0,True,4.0,3.0,1.0,True
scaffold_property_retrieval,mpair_00002622_cond_00_3p,mpair_00002622,eval,3,"MW,QED,RB",CCc1ccc2c(C(=O)Nc3c(Cl)cncc3Cl)ccc(OC)c2n1,COc1ccc(C(=O)Nc2ccncc2Cl)c2cccnc12,CCc1ccc2c(C(=O)Nc3c(Cl)cncc3Cl)ccc(OC)c2n1,O=C(Nc1ccncc1)c1cccc2ncccc12,O=C(Nc1ccncc1)c1cccc2ncccc12,True,False,False,source_identity,1.0,0.5,313.744,376.2430000000001,62.49900000000008,False,,,,,0.8029165077767629,0.7131894410136064,0.08972706676315656,True,,,,,,,,,,,,,3.0,4.0,1.0,True
scaffold_property_retrieval,mpair_00002629_cond_00_3p,mpair_00002629,eval,3,"TPSA,HBA,RB",CC(C)CC(=O)N1C[C@H](c2ccccc2)C[C@H]1C(=O)N[C@@H](CC(F)F)C(=O)NCCc1c(F)cc(C(=O)O)cc1F,CC(C)(C)[C@H](O)C(=O)N1C[C@H](c2ccccc2)C[C@H]1C(=O)N[C@@H](CC(F)F)C(=O)NCCc1c(F)cc(C(=O)O)cc1F,CC(C)CC(=O)N1C[C@H](c2ccccc2)C[C@H]1C(=O)N[C@@H](CC(F)F)C(=O)NCCc1c(F)cc(C(=O)O)cc1F,O=C(CNC(=O)[C@@H]1C[C@@H](c2ccccc2)CN1)NCCc1ccccc1,O=C(CNC(=O)[C@@H]1C[C@@H](c2ccccc2)CN1)NCCc1ccccc1,True,False,False,source_identity,1.0,0.7567567567567568,,,,,,,,,,,,,136.04,115.81000000000002,20.229999999999976,False,,,,,5.0,4.0,1.0,True,11.0,12.0,1.0,True
scaffold_property_retrieval,mpair_00003115_cond_00_3p,mpair_00003115,eval,3,"MW,LogP,QED",Cc1nc2nncnn2c(=O)c1C,Cc1nc2nnc(C(C)(C)C)nn2c(=O)c1C,Cc1nc2nncnn2c(=O)c1C,O=c1ccnc2nncnn12,O=c1ccnc2nncnn12,True,False,False,source_identity,1.0,0.48717948717948717,233.27499999999998,177.167,56.107999999999976,False,0.7938399999999997,-0.5036600000000002,1.2974999999999999,False,0.6723856505150625,0.541825521381232,0.13056012913383053,False,,,,,,,,,,,,,,,,
scaffold_property_retrieval,mpair_00003206_cond_00_3p,mpair_00003206,eval,3,"MW,LogP,HBA",CCOC(=O)N1CCN(S(=O)(=O)c2ccc(-n3ncc(=O)[nH]c3=O)cc2Cl)CC1,Cc1cc(-n2ncc(=O)[nH]c2=O)ccc1S(=O)(=O)N1CCN(C=O)CC1,CCOC(=O)N1CCN(S(=O)(=O)c2ccc(-n3ncc(=O)[nH]c3=O)cc2Cl)CC1,O=c1cnn(-c2ccc(S(=O)(=O)N3CCNCC3)cc2)c(=O)[nH]1,O=c1cnn(-c2ccc(S(=O)(=O)N3CCNCC3)cc2)c(=O)[nH]1,True,False,False,source_identity,1.0,0.5625,379.39800000000025,443.86900000000026,64.471,False,-1.3080799999999981,0.037000000000000144,1.3450799999999983,False,,,,,,,,,,,,,7.0,8.0,1.0,True,,,,
scaffold_property_retrieval,mpair_00003210_cond_00_3p,mpair_00003210,eval,3,"MW,LogP,HBA",CC[C@H]1OC(=O)[C@H](C)[C@@H](O)[C@H](C)[C@@H](OC2O[C@H](C)C[C@H](N(C)C)C2O)[C@@](C)(OC)C[C@@H](C)C(=O)[C@H](C)[C@@H](O)[C@]1(C)O,CC[C@H]1OC(=O)[C@H](C)[C@@H](OC(C)=O)[C@H](C)[C@@H](OC2O[C@H](C)C[C@H](N(C)C)C2O)[C@@](C)(OC)C[C@@H](C)C(=O)[C@H](C)[C@@H](O)[C@]1(C)O,CC[C@H]1OC(=O)[C@H](C)[C@@H](O)[C@H](C)[C@@H](OC2O[C@H](C)C[C@H](N(C)C)C2O)[C@@](C)(OC)C[C@@H](C)C(=O)[C@H](C)[C@@H](O)[C@]1(C)O,O=C1CCCCOC(=O)CCC[C@@H](OC2CCCCO2)CCC1,O=C1CCCCOC(=O)CCC[C@@H](OC2CCCCO2)CCC1,True,False,False,source_identity,1.0,0.821917808219178,631.8040000000003,589.7670000000004,42.03699999999992,False,2.0853000000000033,1.5145000000000022,0.5708000000000011,True,,,,,,,,,,,,,12.0,11.0,1.0,True,,,,
scaffold_property_retrieval,mpair_00003219_cond_01_3p,mpair_00003219,eval,3,"MW,LogP,QED",COc1ccc(S(=O)(=O)N(Cc2cccnc2)c2c(C)cccc2C(=O)NO)cc1,COc1ccc(S(=O)(=O)N(Cc2cccnc2)c2c(C)cc(Br)cc2C(=O)NO)cc1,COc1ccc(S(=O)(=O)N(Cc2cccnc2)c2c(C)cccc2C(=O)NO)cc1,O=S(=O)(c1ccccc1)N(Cc1cccnc1)c1ccccc1,O=S(=O)(c1ccccc1)N(Cc1cccnc1)c1ccccc1,True,False,False,source_identity,1.0,0.819672131147541,506.37800000000016,427.48200000000014,78.89600000000002,False,3.675620000000001,2.91312,0.7625000000000011,True,0.3740614499694089,0.44330794633881315,0.06924649636940428,True,,,,,,,,,,,,,,,,
scaffold_property_retrieval,mpair_00003222_cond_02_3p,mpair_00003222,eval,3,"QED,TPSA,RB",COc1ccc(S(=O)(=O)N(Cc2cccnc2)c2c(C)cc(Br)cc2C(=O)NO)cc1,COC(=O)c1cccc(C(=O)NO)c1N(Cc1cccnc1)S(=O)(=O)c1ccc(OC)cc1,COc1ccc(S(=O)(=O)N(Cc2cccnc2)c2c(C)cc(Br)cc2C(=O)NO)cc1,O=S(=O)(c1ccccc1)N(Cc1cccnc1)c1ccccc1,O=S(=O)(c1ccccc1)N(Cc1cccnc1)c1ccccc1,True,False,False,source_identity,1.0,0.734375,,,,,,,,,0.29046454626646695,0.3740614499694089,0.08359690370294193,True,135.13,108.83000000000001,26.299999999999983,False,,,,,,,,,8.0,7.0,1.0,True
scaffold_property_retrieval,mpair_00003531_cond_02_3p,mpair_00003531,eval,3,"TPSA,HBA,RB",CC(C)Oc1cccc(N(Cc2cccnc2)S(=O)(=O)CC(F)(F)F)c1,CCOC(=O)C(C)Oc1cccc(N(Cc2cccnc2)S(=O)(=O)CC(F)(F)F)c1,CC(C)Oc1cccc(N(Cc2cccnc2)S(=O)(=O)CC(F)(F)F)c1,c1ccc(NCc2cccnc2)cc1,c1ccc(NCc2cccnc2)cc1,True,False,False,source_identity,1.0,0.7796610169491526,,,,,,,,,,,,,85.80000000000001,59.5,26.30000000000001,False,,,,,6.0,4.0,2.0,False,9.0,7.0,2.0,False
scaffold_property_retrieval,mpair_00003540_cond_00_3p,mpair_00003540,eval,3,"QED,TPSA,HBA",CCCC(C)Oc1cccc(N(Cc2cccnc2)S(=O)(=O)CC(F)(F)F)c1,CCOC(=O)C(C)Oc1cccc(N(Cc2cccnc2)S(=O)(=O)CC(F)(F)F)c1,CCCC(C)Oc1cccc(N(Cc2cccnc2)S(=O)(=O)CC(F)(F)F)c1,c1ccc(NCc2cccnc2)cc1,c1ccc(NCc2cccnc2)cc1,True,False,False,source_identity,1.0,0.746031746031746,,,,,,,,,0.5496815697636838,0.6018859517288218,0.05220438196513799,True,85.80000000000001,59.5,26.30000000000001,False,,,,,6.0,4.0,2.0,False,,,,
scaffold_property_retrieval,mpair_00003545_cond_01_3p,mpair_00003545,eval,3,"LogP,QED,RB",CCCC(C)Oc1cccc(N(Cc2cccnc2)S(=O)(=O)CC(F)(F)F)c1,CC(C)Oc1cccc(N(Cc2cccnc2)S(=O)(=O)CC(F)(F)F)c1,CCCC(C)Oc1cccc(N(Cc2cccnc2)S(=O)(=O)CC(F)(F)F)c1,c1ccc(NCc2cccnc2)cc1,c1ccc(NCc2cccnc2)cc1,True,False,False,source_identity,1.0,0.8070175438596491,,,,,3.7675000000000027,4.547700000000003,0.7802000000000007,True,0.7245796953652621,0.6018859517288218,0.12269374363644037,False,,,,,,,,,,,,,7.0,9.0,2.0,False
scaffold_property_retrieval,mpair_00000014_cond_01_4p,mpair_00000014,eval,4,"MW,LogP,TPSA,HBA",O=C(O)[C@@H]1C[C@H]2C[C@@H](CCS(=O)(=O)O)CC[C@H]2CN1,O=C(O)CC[C@H]1CC[C@H]2CN[C@H](C(=O)O)C[C@H]2C1,O=C(O)[C@@H]1C[C@H]2C[C@@H](CCS(=O)(=O)O)CC[C@H]2CN1,C1CC[C@H]2CNCC[C@H]2C1,C1CC[C@H]2CNCC[C@H]2C1,True,False,False,source_identity,1.0,0.6829268292682927,255.314,291.36899999999997,36.05499999999998,False,1.3301999999999996,0.7433000000000001,0.5868999999999995,True,,,,,86.63000000000001,103.7,17.069999999999993,True,,,,,3.0,4.0,1.0,True,,,,
scaffold_property_retrieval,mpair_00000322_cond_01_4p,mpair_00000322,eval,4,"MW,QED,HBA,RB",N[C@@H](C(=O)N[C@@H]1C(=O)N2C(C(=O)O)=C(C(F)(F)F)CC[C@H]12)c1cccc(C(F)(F)F)c1,CSC1=C(C(=O)O)N2C(=O)[C@@H](NC(=O)[C@H](N)c3ccccc3)[C@H]2CC1,N[C@@H](C(=O)N[C@@H]1C(=O)N2C(C(=O)O)=C(C(F)(F)F)CC[C@H]12)c1cccc(C(F)(F)F)c1,O=C(Cc1ccccc1)N[C@@H]1C(=O)N2C=CCC[C@H]12,O=C(Cc1ccccc1)N[C@@H]1C(=O)N2C=CCC[C@H]12,True,False,False,source_identity,1.0,0.5757575757575758,361.42300000000006,451.3230000000001,89.90000000000003,False,,,,,0.6699274889764619,0.4795891963980345,0.19033829257842744,False,,,,,,,,,5.0,4.0,1.0,True,5.0,4.0,1.0,True
scaffold_property_retrieval,mpair_00000326_cond_01_4p,mpair_00000326,eval,4,"QED,TPSA,HBD,RB",N[C@@H](C(=O)N[C@@H]1C(=O)N2C(C(=O)O)=C(C(F)(F)F)CC[C@H]12)c1ccc(O)cc1,CSC1=C(C(=O)O)N2C(=O)[C@@H](NC(=O)[C@H](N)c3ccccc3)[C@H]2CC1,N[C@@H](C(=O)N[C@@H]1C(=O)N2C(C(=O)O)=C(C(F)(F)F)CC[C@H]12)c1ccc(O)cc1,O=C(Cc1ccccc1)N[C@@H]1C(=O)N2C=CCC[C@H]12,O=C(Cc1ccccc1)N[C@@H]1C(=O)N2C=CCC[C@H]12,True,False,False,source_identity,1.0,0.5873015873015873,,,,,,,,,0.6699274889764619,0.5533729404309352,0.11655454854552671,False,112.73,132.96,20.230000000000004,False,3.0,4.0,1.0,True,,,,,5.0,4.0,1.0,True
scaffold_property_retrieval,mpair_00000334_cond_02_4p,mpair_00000334,eval,4,"MW,QED,TPSA,RB",CSC1=C(C(=O)O)N2C(=O)[C@@H](NC(=O)[C@H](N)c3ccccc3)[C@H]2CC1,N[C@@H](C(=O)N[C@@H]1C(=O)N2C(C(=O)O)=C(C(F)(F)F)CC[C@H]12)c1ccc(O)cc1,CSC1=C(C(=O)O)N2C(=O)[C@@H](NC(=O)[C@H](N)c3ccccc3)[C@H]2CC1,O=C(Cc1ccccc1)N[C@@H]1C(=O)N2C=CCC[C@H]12,O=C(Cc1ccccc1)N[C@@H]1C(=O)N2C=CCC[C@H]12,True,False,False,source_identity,1.0,0.5873015873015873,399.3250000000001,361.42300000000006,37.902000000000044,False,,,,,0.5533729404309352,0.6699274889764619,0.11655454854552671,False,132.96,112.73,20.230000000000004,False,,,,,,,,,4.0,5.0,1.0,True
scaffold_property_retrieval,mpair_00000586_cond_02_4p,mpair_00000586,eval,4,"QED,TPSA,HBD,HBA",OC[C@@H]1N[C@@H](CCCCc2cc(F)cc(F)c2)[C@H](O)[C@H]1O,OC[C@@H]1N[C@@H](CCCCc2ccc(O)cc2)[C@H](O)[C@H]1O,OC[C@@H]1N[C@@H](CCCCc2cc(F)cc(F)c2)[C@H](O)[C@H]1O,c1ccc(CCCC[C@H]2CCCN2)cc1,c1ccc(CCCC[C@H]2CCCN2)cc1,True,False,False,source_identity,1.0,0.625,,,,,,,,,0.47902706341404183,0.5846986769843887,0.10567161357034688,False,92.95,72.72,20.230000000000004,False,5.0,4.0,1.0,True,5.0,4.0,1.0,True,,,,
scaffold_property_retrieval,mpair_00000726_cond_01_4p,mpair_00000726,eval,4,"MW,LogP,QED,HBD",C=CCc1cc(/C=C2\SC(=O)NC2=O)c(OC)cc1OC1CCCCO1,C=CCc1cc(/C=C2\SC(=O)N(CC=C)C2=O)c(OC)cc1OC1CCCCO1,C=CCc1cc(/C=C2\SC(=O)NC2=O)c(OC)cc1OC1CCCCO1,O=C1NC(=O)/C(=C/c2ccc(OC3CCCCO3)cc2)S1,O=C1NC(=O)/C(=C/c2ccc(OC3CCCCO3)cc2)S1,True,False,False,source_identity,1.0,0.696969696969697,415.51100000000025,375.4460000000002,40.065000000000055,False,4.551400000000004,3.6530000000000022,0.8984000000000014,True,0.45838471716690443,0.6042673504148035,0.14588263324789907,False,,,,,0.0,1.0,1.0,True,,,,,,,,
scaffold_property_retrieval,mpair_00000734_cond_00_4p,mpair_00000734,eval,4,"MW,LogP,QED,RB",C=CCc1cc(/C=C2\SC(=O)N(CCCC)C2=O)c(OC)cc1OC1CCCCO1,C=CCc1cc(/C=C2\SC(=O)N(C)C2=O)c(OC)cc1OC1CCCCO1,C=CCc1cc(/C=C2\SC(=O)N(CCCC)C2=O)c(OC)cc1OC1CCCCO1,O=C1NC(=O)/C(=C/c2ccc(OC3CCCCO3)cc2)S1,O=C1NC(=O)/C(=C/c2ccc(OC3CCCCO3)cc2)S1,True,False,False,source_identity,1.0,0.7878787878787878,389.4730000000002,431.55400000000026,42.081000000000074,False,3.9952000000000023,5.165500000000004,1.170300000000002,False,0.5413211960634129,0.39718598618589046,0.14413520987752243,False,,,,,,,,,,,,,6.0,9.0,3.0,False
scaffold_property_retrieval,mpair_00000753_cond_01_4p,mpair_00000753,eval,4,"MW,TPSA,HBA,RB",O=C1CCC[C@H]2OC[C@@H](Cc3c[nH]c4ccccc34)N12,COC(=O)C[C@@H]1CC(=O)N2[C@H](Cc3c[nH]c4ccccc34)CO[C@@H]2C1,O=C1CCC[C@H]2OC[C@@H](Cc3c[nH]c4ccccc34)N12,O=C1CCC[C@H]2OC[C@@H](Cc3c[nH]c4ccccc34)N12,O=C1CCC[C@H]2OC[C@@H](Cc3c[nH]c4ccccc34)N12,True,False,False,source_identity,1.0,0.578125,342.39500000000015,270.33200000000005,72.0630000000001,False,,,,,,,,,71.63000000000001,45.330000000000005,26.300000000000004,False,,,,,4.0,2.0,2.0,False,4.0,2.0,2.0,False
scaffold_property_retrieval,mpair_00001117_cond_02_4p,mpair_00001117,eval,4,"MW,HBD,HBA,RB",COc1ccc(N2CCN(CCC3c4ccccc4C(=O)N3C)CC2)cc1,O=C1NC(CCN2CCN(c3ccccc3)CC2)c2ccccc21,COc1ccc(N2CCN(CCC3c4ccccc4C(=O)N3C)CC2)cc1,O=C1NC(CCN2CCN(c3ccccc3)CC2)c2ccccc21,O=C1NC(CCN2CCN(c3ccccc3)CC2)c2ccccc21,True,False,False,source_identity,1.0,0.47368421052631576,321.4240000000001,365.47700000000015,44.053000000000054,False,,,,,,,,,,,,,1.0,0.0,1.0,True,3.0,4.0,1.0,True,4.0,5.0,1.0,True
scaffold_property_retrieval,mpair_00001131_cond_02_4p,mpair_00001131,eval,4,"QED,HBD,HBA,RB",COc1ccc(N2CCN(CCC3c4ccccc4C(=O)N3C)CC2)cc1,Cc1ccc(N2CCN(CCC3NC(=O)c4ccccc43)CC2)cc1C,COc1ccc(N2CCN(CCC3c4ccccc4C(=O)N3C)CC2)cc1,O=C1NC(CCN2CCN(c3ccccc3)CC2)c2ccccc21,O=C1NC(CCN2CCN(c3ccccc3)CC2)c2ccccc21,True,False,False,source_identity,1.0,0.4444444444444444,,,,,,,,,0.9198864151307602,0.8160326048332845,0.10385381029747565,False,,,,,1.0,0.0,1.0,True,3.0,4.0,1.0,True,4.0,5.0,1.0,True
scaffold_property_retrieval,mpair_00001618_cond_02_4p,mpair_00001618,eval,4,"QED,TPSA,HBA,RB",CC1CC(C)(C)Nc2ccc3c(c21)COc1c(F)cc(F)cc1-3,CC1CC(C)(C)Nc2ccc3c(c21)COc1c-3cc(F)cc1[N+](=O)[O-],CC1CC(C)(C)Nc2ccc3c(c21)COc1c(F)cc(F)cc1-3,c1ccc2c(c1)OCc1c-2ccc2c1CCCN2,c1ccc2c(c1)OCc1c-2ccc2c1CCCN2,True,False,False,source_identity,1.0,0.7321428571428571,,,,,,,,,0.5855235809891088,0.719238819171056,0.1337152381819472,False,64.39999999999999,21.259999999999998,43.13999999999999,False,,,,,4.0,2.0,2.0,False,1.0,0.0,1.0,True
scaffold_property_retrieval,mpair_00002465_cond_02_4p,mpair_00002465,eval,4,"MW,QED,HBA,RB",CN(C)CCCOc1cc(C(=O)Nc2ccc(OC(F)(F)F)cc2)n(Cc2ccccc2)n1,CN(C)CCCOc1cc(C(=O)Nc2cccc(Cl)c2)n(Cc2ccccc2)n1,CN(C)CCCOc1cc(C(=O)Nc2ccc(OC(F)(F)F)cc2)n(Cc2ccccc2)n1,O=C(Nc1ccccc1)c1ccnn1Cc1ccccc1,O=C(Nc1ccccc1)c1ccnn1Cc1ccccc1,True,False,False,source_identity,1.0,0.696969696969697,412.9210000000001,462.4720000000001,49.55099999999999,False,,,,,0.5357556879239462,0.4522382232340766,0.08351746468986965,True,,,,,,,,,5.0,6.0,1.0,True,9.0,10.0,1.0,True
scaffold_property_retrieval,mpair_00002481_cond_01_4p,mpair_00002481,eval,4,"LogP,TPSA,HBA,RB",COc1cc(NC(=O)c2cc(OCCCN(C)C)nn2Cc2ccccc2)cc(OC)c1OC,CN(C)CCCOc1cc(C(=O)Nc2cc(F)cc(C(F)(F)F)c2)n(Cc2ccccc2)n1,COc1cc(NC(=O)c2cc(OCCCN(C)C)nn2Cc2ccccc2)cc(OC)c1OC,O=C(Nc1ccccc1)c1ccnn1Cc1ccccc1,O=C(Nc1ccccc1)c1ccnn1Cc1ccccc1,True,False,False,source_identity,1.0,0.6811594202898551,,,,,4.672100000000003,3.5400000000000027,1.1321000000000003,False,,,,,59.39,87.08000000000001,27.690000000000012,False,,,,,5.0,8.0,3.0,False,9.0,12.0,3.0,False
scaffold_property_retrieval,mpair_00002492_cond_00_4p,mpair_00002492,eval,4,"LogP,TPSA,HBD,HBA",CC(C)OC(=O)c1cc(CO)cn1S(=O)(=O)c1cc(Cl)ccc1N,C=Cc1cc(C(=O)OCC)n(S(=O)(=O)c2cc(Cl)ccc2N)c1,N/C(S)=N/N=C/c1cccn1S(=O)(=O)c1ccccc1,O=S(=O)(c1ccccc1)n1cccc1,O=S(=O)(c1ccccc1)n1cccc1,True,False,False,,0.14666666666666667,0.16,,,,,2.7804,1.3035,1.4769,False,,,,,91.39,89.81,1.5799999999999983,True,1.0,2.0,1.0,True,6.0,5.0,1.0,True,,,,
scaffold_property_retrieval,mpair_00002522_cond_00_4p,mpair_00002522,eval,4,"MW,LogP,TPSA,HBD",CSc1cc(-c2ccc(Cl)cc2)oc(=O)c1,CSc1cc(-c2ccc(Cl)cc2)oc(=O)c1C(N)=O,CSc1cc(-c2ccc(F)cc2)oc(=O)c1,O=c1cccc(-c2ccccc2)o1,O=c1cccc(-c2ccccc2)o1,True,False,False,,0.7142857142857143,0.34,295.747,236.26699999999997,59.48000000000005,False,2.7810000000000006,3.1678000000000024,0.3868000000000018,True,,,,,73.30000000000001,30.21,43.09000000000001,False,1.0,0.0,1.0,True,,,,,,,,
scaffold_property_retrieval,mpair_00002558_cond_01_4p,mpair_00002558,eval,4,"MW,QED,HBA,RB",CSc1nc(-c2ccc(OC(F)(F)F)cc2)nn1C(=O)N(C)c1ccccc1,CSc1nc(-c2ccc(Cl)cc2)nn1C(=O)N(C)c1ccccc1,CSc1nc(-c2ccc(OC(F)(F)F)cc2)nn1C(=O)N(C)c1ccccc1,O=C(Nc1ccccc1)n1cnc(-c2ccccc2)n1,O=C(Nc1ccccc1)n1cnc(-c2ccccc2)n1,True,False,False,source_identity,1.0,0.7037037037037037,358.85400000000004,408.4050000000001,49.551000000000045,False,,,,,0.6499636794176425,0.5874043626188404,0.06255931679880211,True,,,,,,,,,5.0,6.0,1.0,True,3.0,4.0,1.0,True
scaffold_property_retrieval,mpair_00002568_cond_01_4p,mpair_00002568,eval,4,"MW,QED,TPSA,RB",COc1cc(C(=O)N2CCN(C(=O)c3cc(OC)c(OC)c(OC)c3)C(CO)C2)cc(OC)c1OC,COc1cc(C(=O)N2CCN(C(=O)c3cc(OC)c(OC)c(OC)c3)C(COC(=O)NCCC(C)C)C2)cc(OC)c1OC,COc1cc(C(=O)N2CCN(C(=O)c3cc(OC)c(OC)c(OC)c3)C(CO)C2)cc(OC)c1OC,O=C(c1ccccc1)N1CCN(C(=O)c2ccccc2)CC1,O=C(c1ccccc1)N1CCN(C(=O)c2ccccc2)CC1,True,False,False,source_identity,1.0,0.631578947368421,617.6960000000003,504.53600000000034,113.15999999999991,False,,,,,0.3561059094946873,0.544633228323374,0.18852731882868673,False,134.33,116.23000000000002,18.099999999999994,True,,,,,,,,,13.0,9.0,4.0,False
scaffold_property_retrieval,mpair_00002576_cond_02_4p,mpair_00002576,eval,4,"MW,QED,HBD,RB",COc1cc(C(=O)N2CCN(C(=O)c3cc(OC)c(OC)c(OC)c3)C(COC(C)=O)C2)cc(OC)c1OC,COc1cc(C(=O)N2CCN(C(=O)c3cc(OC)c(OC)c(OC)c3)C(COC(=O)NCCC(C)C)C2)cc(OC)c1OC,COc1cc(C(=O)N2CCN(C(=O)c3cc(OC)c(OC)c(OC)c3)C(COC(C)=O)C2)cc(OC)c1OC,O=C(c1ccccc1)N1CCN(C(=O)c2ccccc2)CC1,O=C(c1ccccc1)N1CCN(C(=O)c2ccccc2)CC1,True,False,False,source_identity,1.0,0.7017543859649122,617.6960000000003,546.5730000000003,71.12299999999993,False,,,,,0.3561059094946873,0.41028124355120477,0.05417533405651748,True,,,,,1.0,0.0,1.0,True,,,,,13.0,10.0,3.0,False
scaffold_property_retrieval,mpair_00002591_cond_01_4p,mpair_00002591,eval,4,"MW,LogP,QED,HBD",COc1cc(C(=O)N2CCN(C(=O)c3cc(OC)c(OC)c(OC)c3)C(COC(=O)NCCC(C)C)C2)cc(OC)c1OC,COc1cc(C(=O)N2CCN(C(=O)c3cc(OC)c(OC)c(OC)c3)CC2)cc(OC)c1OC,COc1cc(C(=O)N2CCN(C(=O)c3cc(OC)c(OC)c(OC)c3)C(COC(=O)NCCC(C)C)C2)cc(OC)c1OC,O=C(c1ccccc1)N1CCN(C(=O)c2ccccc2)CC1,O=C(c1ccccc1)N1CCN(C(=O)c2ccccc2)CC1,True,False,False,source_identity,1.0,0.48148148148148145,474.51000000000033,617.6960000000003,143.18599999999992,False,2.3364000000000003,3.4773000000000023,1.140900000000002,False,0.5754127815390553,0.3561059094946873,0.219306872044368,False,,,,,0.0,1.0,1.0,True,,,,,,,,
scaffold_property_retrieval,mpair_00002595_cond_00_4p,mpair_00002595,eval,4,"MW,QED,HBA,RB",COc1cc(C(=O)N2CCN(C(=O)c3cc(OC)c(OC)c(OC)c3)CC2)cc(OC)c1OC,COc1cc(C(=O)N2CCN(C(=O)c3cc(OC)c(OC)c(OC)c3)C(COC(=O)CC(C)(C)C)C2)cc(OC)c1OC,COc1cc(C(=O)N2CCN(C(=O)c3cc(OC)c(OC)c(OC)c3)CC2)cc(OC)c1OC,O=C(c1ccccc1)N1CCN(C(=O)c2ccccc2)CC1,O=C(c1ccccc1)N1CCN(C(=O)c2ccccc2)CC1,True,False,False,source_identity,1.0,0.52,602.6810000000004,474.51000000000033,128.17100000000005,False,,,,,0.3521539372279048,0.5754127815390553,0.2232588443111505,False,,,,,,,,,10.0,8.0,2.0,False,11.0,8.0,3.0,False
scaffold_property_retrieval,mpair_00002607_cond_01_4p,mpair_00002607,eval,4,"LogP,QED,TPSA,HBA",COc1ccc(C(=O)Nc2ccncc2Cl)c2cccnc12,COc1ccc(C(=O)Nc2c(Cl)cncc2Cl)c2ccc(C(C)=O)nc12,COc1ccc(C(=O)Nc2ccncc2Cl)c2cccnc12,O=C(Nc1ccncc1)c1cccc2ncccc12,O=C(Nc1ccncc1)c1cccc2ncccc12,True,False,False,source_identity,1.0,0.5081967213114754,,,,,4.400100000000002,3.544100000000002,0.8559999999999999,True,0.6681926051832562,0.8029165077767629,0.13472390259350675,False,81.17999999999999,64.11,17.069999999999993,True,,,,,5.0,4.0,1.0,True,,,,
scaffold_property_retrieval,mpair_00002614_cond_00_4p,mpair_00002614,eval,4,"MW,QED,HBA,RB",COc1ccc(C(=O)Nc2c(Cl)cncc2Cl)c2cccnc12,COc1ccc(C(=O)Nc2c(Cl)cncc2Cl)c2ccc(C(C)=O)nc12,COc1ccc(C(=O)Nc2c(Cl)cncc2Cl)c2cccnc12,O=C(Nc1ccncc1)c1cccc2ncccc12,O=C(Nc1ccncc1)c1cccc2ncccc12,True,False,False,source_identity,1.0,0.6666666666666666,390.22600000000017,348.1890000000001,42.03700000000009,False,,,,,0.6681926051832562,0.7706046174674384,0.10241201228418217,False,,,,,,,,,5.0,4.0,1.0,True,4.0,3.0,1.0,True
scaffold_property_retrieval,mpair_00002622_cond_02_4p,mpair_00002622,eval,4,"MW,LogP,QED,RB",CCc1ccc2c(C(=O)Nc3c(Cl)cncc3Cl)ccc(OC)c2n1,COc1ccc(C(=O)Nc2ccncc2Cl)c2cccnc12,CCc1ccc2c(C(=O)Nc3c(Cl)cncc3Cl)ccc(OC)c2n1,O=C(Nc1ccncc1)c1cccc2ncccc12,O=C(Nc1ccncc1)c1cccc2ncccc12,True,False,False,source_identity,1.0,0.5,313.744,376.2430000000001,62.49900000000008,False,3.544100000000002,4.759900000000003,1.2158000000000007,False,0.8029165077767629,0.7131894410136064,0.08972706676315656,True,,,,,,,,,,,,,3.0,4.0,1.0,True
scaffold_property_retrieval,mpair_00002631_cond_00_4p,mpair_00002631,eval,4,"LogP,TPSA,HBD,HBA",CC(C)(C)[C@H](O)C(=O)N1C[C@H](c2ccccc2)C[C@H]1C(=O)N[C@@H](CC(F)F)C(=O)NCCc1c(F)cc(C(=O)O)cc1F,CC(C)CC(=O)N1C[C@H](c2ccccc2)C[C@H]1C(=O)N[C@@H](CC(F)F)C(=O)NCCc1c(F)cc(C(=O)O)cc1F,CC(C)(C)[C@H](O)C(=O)N1C[C@H](c2ccccc2)C[C@H]1C(=O)N[C@@H](CC(F)F)C(=O)NCCc1c(F)cc(C(=O)O)cc1F,O=C(CNC(=O)[C@@H]1C[C@@H](c2ccccc2)CN1)NCCc1ccccc1,O=C(CNC(=O)[C@@H]1C[C@@H](c2ccccc2)CN1)NCCc1ccccc1,True,False,False,source_identity,1.0,0.7567567567567568,,,,,3.892500000000002,3.253400000000001,0.6391000000000009,True,,,,,115.81000000000002,136.04,20.229999999999976,False,3.0,4.0,1.0,True,4.0,5.0,1.0,True,,,,
scaffold_property_retrieval,mpair_00003117_cond_00_4p,mpair_00003117,eval,4,"MW,LogP,TPSA,HBA",Cc1c[nH]c2c1C13CC1CN(C(=O)OC(C)(C)C)C3=CC2=O,COC(=O)c1cc2c([nH]1)C(=O)C=C1N(C(=O)OC(C)(C)C)CC3CC123,Cc1c[nH]c2c1C13CC1CN(C(=O)OC(C)(C)C)C3=CC2=O,O=C1C=C2NCC3CC23c2cc[nH]c21,O=C1C=C2NCC3CC23c2cc[nH]c21,True,False,False,source_identity,1.0,0.5873015873015873,344.36700000000013,300.358,44.00900000000013,False,2.389900000000001,2.9117200000000016,0.5218200000000008,True,,,,,88.7,62.4,26.300000000000004,False,,,,,5.0,3.0,2.0,False,,,,
scaffold_property_retrieval,mpair_00003213_cond_01_4p,mpair_00003213,eval,4,"MW,QED,HBA,RB",CC(C)NC(=O)c1ccc2c(Nc3ccc(Cl)cc3)nc(N3CCOCC3)nc2c1,Clc1ccc(Nc2nc(N3CCOCC3)nc3ccccc23)cc1,CC(C)NC(=O)c1ccc2c(Nc3ccc(Cl)cc3)nc(N3CCOCC3)nc2c1,c1ccc(Nc2nc(N3CCOCC3)nc3ccccc23)cc1,c1ccc(Nc2nc(N3CCOCC3)nc3ccccc23)cc1,True,False,False,source_identity,1.0,0.6,340.81399999999996,425.92000000000024,85.10600000000028,False,,,,,0.784150666451108,0.6427710577069246,0.14137960874418343,False,,,,,,,,,5.0,6.0,1.0,True,3.0,5.0,2.0,False
scaffold_property_retrieval,mpair_00003222_cond_00_4p,mpair_00003222,eval,4,"LogP,QED,TPSA,RB",COc1ccc(S(=O)(=O)N(Cc2cccnc2)c2c(C)cc(Br)cc2C(=O)NO)cc1,COC(=O)c1cccc(C(=O)NO)c1N(Cc1cccnc1)S(=O)(=O)c1ccc(OC)cc1,COc1ccc(S(=O)(=O)N(Cc2cccnc2)c2c(C)cc(Br)cc2C(=O)NO)cc1,O=S(=O)(c1ccccc1)N(Cc1cccnc1)c1ccccc1,O=S(=O)(c1ccccc1)N(Cc1cccnc1)c1ccccc1,True,False,False,source_identity,1.0,0.734375,,,,,2.391300000000001,3.675620000000001,1.2843200000000001,False,0.29046454626646695,0.3740614499694089,0.08359690370294193,True,135.13,108.83000000000001,26.299999999999983,False,,,,,,,,,8.0,7.0,1.0,True
scaffold_property_retrieval,mpair_00003532_cond_01_4p,mpair_00003532,eval,4,"LogP,QED,TPSA,HBA",CCOC(=O)C(C)Oc1cccc(N(Cc2cccnc2)S(=O)(=O)CC(F)(F)F)c1,CCCC(C)Oc1cccc(N(Cc2cccnc2)S(=O)(=O)CC(F)(F)F)c1,CCOC(=O)C(C)Oc1cccc(N(Cc2cccnc2)S(=O)(=O)CC(F)(F)F)c1,c1ccc(NCc2cccnc2)cc1,c1ccc(NCc2cccnc2)cc1,True,False,False,source_identity,1.0,0.746031746031746,,,,,4.547700000000003,3.3107000000000024,1.237000000000001,False,0.6018859517288218,0.5496815697636838,0.05220438196513799,True,59.5,85.80000000000001,26.30000000000001,False,,,,,4.0,6.0,2.0,False,,,,
scaffold_property_retrieval,mpair_00003536_cond_02_4p,mpair_00003536,eval,4,"MW,LogP,QED,RB",COc1cccc(N(Cc2cccnc2)S(=O)(=O)CC(F)(F)F)c1,CCC(C)COc1cccc(N(Cc2cccnc2)S(=O)(=O)CC(F)(F)F)c1,COc1cccc(N(Cc2cccnc2)S(=O)(=O)CC(F)(F)F)c1,c1ccc(NCc2cccnc2)cc1,c1ccc(NCc2cccnc2)cc1,True,False,False,source_identity,1.0,0.7413793103448276,416.4650000000001,360.3570000000001,56.108000000000004,False,4.405200000000004,2.988900000000002,1.4163000000000023,False,0.6078002459089881,0.7946521442277092,0.18685189831872118,False,,,,,,,,,,,,,9.0,6.0,3.0,False
scaffold_property_retrieval,mpair_00000010_cond_02_5p,mpair_00000010,eval,5,"MW,LogP,QED,HBA,RB",O=C(c1ccccc1C(F)(F)F)N1C[C@H](CN2CCC(c3ccccc3)CC2)[C@@H](c2ccccc2)C1,COc1cccc(C(=O)N2C[C@H](CN3CCC(c4ccccc4)CC3)[C@@H](c3ccccc3)C2)c1,O=C(c1ccccc1C(F)(F)F)N1C[C@H](CN2CCC(c3ccccc3)CC2)[C@@H](c2ccccc2)C1,O=C(c1ccccc1)N1C[C@H](CN2CCC(c3ccccc3)CC2)[C@@H](c2ccccc2)C1,O=C(c1ccccc1)N1C[C@H](CN2CCC(c3ccccc3)CC2)[C@@H](c2ccccc2)C1,True,False,False,source_identity,1.0,0.578125,454.61400000000015,492.5850000000002,37.97100000000006,False,5.430600000000005,6.4408000000000065,1.010200000000001,False,0.49786269936596683,0.4092272471712491,0.08863545219471775,True,,,,,,,,,3.0,2.0,1.0,True,6.0,5.0,1.0,True
scaffold_property_retrieval,mpair_00000327_cond_00_5p,mpair_00000327,eval,5,"MW,LogP,QED,HBA,RB",CSC1=C(C(=O)O)N2C(=O)[C@@H](NC(=O)[C@H](N)c3ccccc3)[C@H]2CC1,N[C@@H](C(=O)N[C@@H]1C(=O)N2C(C(=O)O)=C(C(F)(F)F)CC[C@H]12)c1cccc(C(F)(F)F)c1,CSC1=C(C(=O)O)N2C(=O)[C@@H](NC(=O)[C@H](N)c3ccccc3)[C@H]2CC1,O=C(Cc1ccccc1)N[C@@H]1C(=O)N2C=CCC[C@H]12,O=C(Cc1ccccc1)N[C@@H]1C(=O)N2C=CCC[C@H]12,True,False,False,source_identity,1.0,0.5757575757575758,451.3230000000001,361.42300000000006,89.90000000000003,False,2.0955999999999997,0.8350000000000002,1.2605999999999995,False,0.4795891963980345,0.6699274889764619,0.19033829257842744,False,,,,,,,,,4.0,5.0,1.0,True,4.0,5.0,1.0,True
scaffold_property_retrieval,mpair_00000335_cond_01_5p,mpair_00000335,eval,5,"MW,LogP,TPSA,HBD,HBA",N[C@@H](C(=O)N[C@@H]1C(=O)N2C(C(=O)O)=C(C(F)(F)F)CC[C@H]12)c1cccc(Br)c1,N[C@@H](C(=O)N[C@@H]1C(=O)N2C(C(=O)O)=C(C(F)(F)F)CC[C@H]12)c1ccc(O)cc1,N[C@@H](C(=O)N[C@@H]1C(=O)N2C(C(=O)O)=C(C(F)(F)F)CC[C@H]12)c1cccc(Br)c1,O=C(Cc1ccccc1)N[C@@H]1C(=O)N2C=CCC[C@H]12,O=C(Cc1ccccc1)N[C@@H]1C(=O)N2C=CCC[C@H]12,True,False,False,source_identity,1.0,0.7377049180327869,399.3250000000001,462.2220000000001,62.89699999999999,False,0.7823999999999993,1.8392999999999997,1.0569000000000004,False,,,,,132.96,112.73,20.230000000000004,False,4.0,3.0,1.0,True,5.0,4.0,1.0,True,,,,
scaffold_property_retrieval,mpair_00000586_cond_01_5p,mpair_00000586,eval,5,"LogP,QED,TPSA,HBD,HBA",OC[C@@H]1N[C@@H](CCCCc2cc(F)cc(F)c2)[C@H](O)[C@H]1O,OC[C@@H]1N[C@@H](CCCCc2ccc(O)cc2)[C@H](O)[C@H]1O,OC[C@@H]1N[C@@H](CCCCc2cc(F)cc(F)c2)[C@H](O)[C@H]1O,c1ccc(CCCC[C@H]2CCCN2)cc1,c1ccc(CCCC[C@H]2CCCN2)cc1,True,False,False,source_identity,1.0,0.625,,,,,0.15949999999999964,0.7320999999999995,0.5725999999999999,True,0.47902706341404183,0.5846986769843887,0.10567161357034688,False,92.95,72.72,20.230000000000004,False,5.0,4.0,1.0,True,5.0,4.0,1.0,True,,,,
scaffold_property_retrieval,mpair_00000762_cond_00_5p,mpair_00000762,eval,5,"MW,LogP,QED,HBA,RB",Clc1cccc(-c2cc(O[C@@H]3CCNC3)cnc2Cl)c1,COc1cccc(-c2cncc(O[C@@H]3CCNC3)c2)c1,Clc1cccc(-c2cc(O[C@@H]3CCNC3)cnc2Cl)c1,c1ccc(-c2cncc(O[C@@H]3CCNC3)c2)cc1,c1ccc(-c2cncc(O[C@@H]3CCNC3)c2)cc1,True,False,False,source_identity,1.0,0.5,270.33199999999994,309.196,38.86400000000009,False,2.4979000000000005,3.796100000000002,1.2982000000000014,False,0.9267061641096688,0.8758671086324237,0.0508390554772451,True,,,,,,,,,4.0,3.0,1.0,True,4.0,3.0,1.0,True
scaffold_property_retrieval,mpair_00002472_cond_01_5p,mpair_00002472,eval,5,"MW,LogP,QED,HBA,RB",COc1ccc(NC(=O)c2cc(OCCCN(C)C)nn2Cc2ccccc2)cc1,CN(C)CCCOc1cc(C(=O)Nc2cc(F)cc(C(F)(F)F)c2)n(Cc2ccccc2)n1,COc1ccc(NC(=O)c2cc(OCCCN(C)C)nn2Cc2ccccc2)cc1,O=C(Nc1ccccc1)c1ccnn1Cc1ccccc1,O=C(Nc1ccccc1)c1ccnn1Cc1ccccc1,True,False,False,source_identity,1.0,0.6764705882352942,464.4630000000001,408.50200000000007,55.96100000000001,False,4.672100000000003,3.522800000000002,1.149300000000001,False,0.369385517709234,0.5200250404910086,0.15063952278177462,False,,,,,,,,,5.0,6.0,1.0,True,9.0,10.0,1.0,True
scaffold_property_retrieval,mpair_00002508_cond_02_5p,mpair_00002508,eval,5,"LogP,QED,TPSA,HBD,RB",CSc1cc(-c2ccc(Br)cc2)oc(=O)c1C#N,CSc1cc(-c2ccc(Cl)cc2)oc(=O)c1C(N)=O,CSc1cc(-c2ccc(F)cc2)oc(=O)c1,O=c1cccc(-c2ccccc2)o1,O=c1cccc(-c2ccccc2)o1,True,False,False,,0.3469387755102041,0.34,,,,,2.7810000000000006,3.1678000000000024,0.3868000000000018,True,0.8837306867126842,0.7501191134076561,0.13361157330502804,False,73.30000000000001,30.21,43.09000000000001,False,1.0,0.0,1.0,True,,,,,3.0,2.0,1.0,True
scaffold_property_retrieval,mpair_00002541_cond_02_5p,mpair_00002541,eval,5,"MW,QED,TPSA,HBA,RB",CCOC(=O)c1c(SC)c(C#N)c(-c2ccc(Br)cc2)oc1=O,CSc1cc(-c2ccc(Br)cc2)oc(=O)c1C#N,CSc1cc(-c2ccc(F)cc2)oc(=O)c1,O=c1cccc(-c2ccccc2)o1,O=c1cccc(-c2ccccc2)o1,True,False,False,,0.203125,0.3469387755102041,322.1830000000001,236.26699999999997,85.91600000000014,False,,,,,0.791886779601309,0.7501191134076561,0.04176766619365291,True,54.0,30.21,23.79,False,,,,,4.0,3.0,1.0,True,2.0,2.0,0.0,True
scaffold_property_retrieval,mpair_00002570_cond_00_5p,mpair_00002570,eval,5,"MW,LogP,QED,HBA,RB",CCN(CC)C(=O)OCC1CN(C(=O)c2cc(OC)c(OC)c(OC)c2)CCN1C(=O)c1cc(OC)c(OC)c(OC)c1,COc1cc(C(=O)N2CCN(C(=O)c3cc(OC)c(OC)c(OC)c3)CC2)cc(OC)c1OC,CCN(CC)C(=O)OCC1CN(C(=O)c2cc(OC)c(OC)c(OC)c2)CCN1C(=O)c1cc(OC)c(OC)c(OC)c1,O=C(c1ccccc1)N1CCN(C(=O)c2ccccc2)CC1,O=C(c1ccccc1)N1CCN(C(=O)c2ccccc2)CC1,True,False,False,source_identity,1.0,0.52,474.51000000000033,603.6690000000003,129.159,False,2.3364000000000003,3.1834000000000024,0.8470000000000022,True,0.5754127815390553,0.3571777118480848,0.2182350696909705,False,,,,,,,,,8.0,10.0,2.0,False,8.0,12.0,4.0,False
scaffold_property_retrieval,mpair_00002587_cond_02_5p,mpair_00002587,eval,5,"LogP,TPSA,HBD,HBA,RB",COc1cc(C(=O)N2CCN(C(=O)c3cc(OC)c(OC)c(OC)c3)C(CO)C2)cc(OC)c1OC,COc1cc(C(=O)N2CCN(C(=O)c3cc(OC)c(OC)c(OC)c3)CC2)cc(OC)c1OC,COc1cc(C(=O)N2CCN(C(=O)c3cc(OC)c(OC)c(OC)c3)C(CO)C2)cc(OC)c1OC,O=C(c1ccccc1)N1CCN(C(=O)c2ccccc2)CC1,O=C(c1ccccc1)N1CCN(C(=O)c2ccccc2)CC1,True,False,False,source_identity,1.0,0.6341463414634146,,,,,2.3364000000000003,1.6973000000000003,0.6391,True,,,,,96.00000000000001,116.23000000000002,20.230000000000004,False,0.0,1.0,1.0,True,8.0,9.0,1.0,True,8.0,9.0,1.0,True
scaffold_property_retrieval,mpair_00002595_cond_01_5p,mpair_00002595,eval,5,"LogP,QED,TPSA,HBA,RB",COc1cc(C(=O)N2CCN(C(=O)c3cc(OC)c(OC)c(OC)c3)CC2)cc(OC)c1OC,COc1cc(C(=O)N2CCN(C(=O)c3cc(OC)c(OC)c(OC)c3)C(COC(=O)CC(C)(C)C)C2)cc(OC)c1OC,COc1cc(C(=O)N2CCN(C(=O)c3cc(OC)c(OC)c(OC)c3)CC2)cc(OC)c1OC,O=C(c1ccccc1)N1CCN(C(=O)c2ccccc2)CC1,O=C(c1ccccc1)N1CCN(C(=O)c2ccccc2)CC1,True,False,False,source_identity,1.0,0.52,,,,,3.684400000000003,2.3364000000000003,1.3480000000000025,False,0.3521539372279048,0.5754127815390553,0.2232588443111505,False,122.30000000000001,96.00000000000001,26.299999999999997,False,,,,,10.0,8.0,2.0,False,11.0,8.0,3.0,False
scaffold_property_retrieval,mpair_00002630_cond_02_5p,mpair_00002630,eval,5,"LogP,QED,TPSA,HBD,HBA",CC(C)CC(=O)N1C[C@H](c2ccccc2)C[C@H]1C(=O)N[C@@H](CC(F)F)C(=O)NCCc1c(F)cc(C(=O)O)cc1F,CC(C)[C@@H](O)C(=O)N1C[C@H](c2ccccc2)C[C@H]1C(=O)N[C@@H](CC(F)F)C(=O)NCCc1c(F)cc(C(=O)O)cc1F,CC(C)CC(=O)N1C[C@H](c2ccccc2)C[C@H]1C(=O)N[C@@H](CC(F)F)C(=O)NCCc1c(F)cc(C(=O)O)cc1F,O=C(CNC(=O)[C@@H]1C[C@@H](c2ccccc2)CN1)NCCc1ccccc1,O=C(CNC(=O)[C@@H]1C[C@@H](c2ccccc2)CN1)NCCc1ccccc1,True,False,False,source_identity,1.0,0.7916666666666666,,,,,2.8633000000000006,3.892500000000002,1.0292000000000012,False,0.2789053789646464,0.3302613314122171,0.051355952447570685,True,136.04,115.81000000000002,20.229999999999976,False,4.0,3.0,1.0,True,5.0,4.0,1.0,True,,,,
scaffold_property_retrieval,mpair_00003214_cond_02_5p,mpair_00003214,eval,5,"MW,TPSA,HBD,HBA,RB",Clc1ccc(Nc2nc(N3CCOCC3)nc3ccccc23)cc1,CC(C)NC(=O)c1ccc2c(Nc3ccc(Cl)cc3)nc(N3CCOCC3)nc2c1,Clc1ccc(Nc2nc(N3CCOCC3)nc3ccccc23)cc1,c1ccc(Nc2nc(N3CCOCC3)nc3ccccc23)cc1,c1ccc(Nc2nc(N3CCOCC3)nc3ccccc23)cc1,True,False,False,source_identity,1.0,0.6,425.92000000000024,340.81399999999996,85.10600000000028,False,,,,,,,,,79.38000000000001,50.28,29.10000000000001,False,2.0,1.0,1.0,True,6.0,5.0,1.0,True,5.0,3.0,2.0,False
scaffold_property_retrieval,mpair_00003539_cond_02_5p,mpair_00003539,eval,5,"LogP,QED,TPSA,HBA,RB",O=S(=O)(CC(F)(F)F)N(Cc1cccnc1)c1cccc(OC(F)(F)F)c1,CCOC(=O)C(C)Oc1cccc(N(Cc2cccnc2)S(=O)(=O)CC(F)(F)F)c1,O=S(=O)(CC(F)(F)F)N(Cc1cccnc1)c1cccc(OC(F)(F)F)c1,c1ccc(NCc2cccnc2)cc1,c1ccc(NCc2cccnc2)cc1,True,False,False,source_identity,1.0,0.6885245901639344,,,,,3.3107000000000024,3.8789000000000025,0.5682,True,0.5496815697636838,0.6736163493728189,0.12393477960913513,False,85.80000000000001,59.5,26.30000000000001,False,,,,,6.0,4.0,2.0,False,9.0,6.0,3.0,False
scaffold_property_retrieval,mpair_00001115_cond_00_6p,mpair_00001115,eval,6,"LogP,QED,TPSA,HBD,HBA,RB",COc1ccc(N2CCN(CCC3NC(=O)c4ccccc43)CC2)cc1,CN1C(=O)c2ccccc2C1CCN1CCN(c2ccc(Cl)cc2)CC1,COc1ccc(N2CCN(CCC3NC(=O)c4ccccc43)CC2)cc1,O=C1NC(CCN2CCN(c3ccccc3)CC2)c2ccccc21,O=C1NC(CCN2CCN(c3ccccc3)CC2)c2ccccc21,True,True,True,source_identity,1.0,0.48333333333333334,,,,,3.679000000000003,2.692000000000001,0.9870000000000019,True,0.8221231339252668,0.8996022198661571,0.07747908594089026,True,26.790000000000006,44.81,18.019999999999996,True,0.0,1.0,1.0,True,3.0,4.0,1.0,True,4.0,5.0,1.0,True
scaffold_property_retrieval,mpair_00002568_cond_02_6p,mpair_00002568,eval,6,"MW,LogP,QED,TPSA,HBA,RB",COc1cc(C(=O)N2CCN(C(=O)c3cc(OC)c(OC)c(OC)c3)C(CO)C2)cc(OC)c1OC,COc1cc(C(=O)N2CCN(C(=O)c3cc(OC)c(OC)c(OC)c3)C(COC(=O)NCCC(C)C)C2)cc(OC)c1OC,COc1cc(C(=O)N2CCN(C(=O)c3cc(OC)c(OC)c(OC)c3)C(CO)C2)cc(OC)c1OC,O=C(c1ccccc1)N1CCN(C(=O)c2ccccc2)CC1,O=C(c1ccccc1)N1CCN(C(=O)c2ccccc2)CC1,True,False,False,source_identity,1.0,0.631578947368421,617.6960000000003,504.53600000000034,113.15999999999991,False,3.4773000000000023,1.6973000000000003,1.780000000000002,False,0.3561059094946873,0.544633228323374,0.18852731882868673,False,134.33,116.23000000000002,18.099999999999994,True,,,,,10.0,9.0,1.0,True,13.0,9.0,4.0,False
scaffold_property_retrieval,mpair_00002583_cond_00_6p,mpair_00002583,eval,6,"MW,LogP,QED,HBD,HBA,RB",CCN(CC)C(=O)OCC1CN(C(=O)c2cc(OC)c(OC)c(OC)c2)CCN1C(=O)c1cc(OC)c(OC)c(OC)c1,COc1cc(C(=O)N2CCN(C(=O)c3cc(OC)c(OC)c(OC)c3)C(CO)C2)cc(OC)c1OC,CCN(CC)C(=O)OCC1CN(C(=O)c2cc(OC)c(OC)c(OC)c2)CCN1C(=O)c1cc(OC)c(OC)c(OC)c1,O=C(c1ccccc1)N1CCN(C(=O)c2ccccc2)CC1,O=C(c1ccccc1)N1CCN(C(=O)c2ccccc2)CC1,True,False,False,source_identity,1.0,0.6792452830188679,504.53600000000034,603.6690000000003,99.13299999999998,False,1.6973000000000003,3.1834000000000024,1.4861000000000022,False,0.544633228323374,0.3571777118480848,0.18745551647528924,False,,,,,1.0,0.0,1.0,True,9.0,10.0,1.0,True,9.0,12.0,3.0,False
scaffold_property_retrieval,mpair_00002607_cond_00_6p,mpair_00002607,eval,6,"MW,LogP,QED,TPSA,HBA,RB",COc1ccc(C(=O)Nc2ccncc2Cl)c2cccnc12,COc1ccc(C(=O)Nc2c(Cl)cncc2Cl)c2ccc(C(C)=O)nc12,COc1ccc(C(=O)Nc2ccncc2Cl)c2cccnc12,O=C(Nc1ccncc1)c1cccc2ncccc12,O=C(Nc1ccncc1)c1cccc2ncccc12,True,False,False,source_identity,1.0,0.5081967213114754,390.22600000000017,313.744,76.48200000000014,False,4.400100000000002,3.544100000000002,0.8559999999999999,True,0.6681926051832562,0.8029165077767629,0.13472390259350675,False,81.17999999999999,64.11,17.069999999999993,True,,,,,5.0,4.0,1.0,True,4.0,3.0,1.0,True
scaffold_property_retrieval,mpair_00003214_cond_00_6p,mpair_00003214,eval,6,"MW,QED,TPSA,HBD,HBA,RB",Clc1ccc(Nc2nc(N3CCOCC3)nc3ccccc23)cc1,CC(C)NC(=O)c1ccc2c(Nc3ccc(Cl)cc3)nc(N3CCOCC3)nc2c1,Clc1ccc(Nc2nc(N3CCOCC3)nc3ccccc23)cc1,c1ccc(Nc2nc(N3CCOCC3)nc3ccccc23)cc1,c1ccc(Nc2nc(N3CCOCC3)nc3ccccc23)cc1,True,False,False,source_identity,1.0,0.6,425.92000000000024,340.81399999999996,85.10600000000028,False,,,,,0.6427710577069246,0.784150666451108,0.14137960874418343,False,79.38000000000001,50.28,29.10000000000001,False,2.0,1.0,1.0,True,6.0,5.0,1.0,True,5.0,3.0,2.0,False
scaffold_property_retrieval,mpair_00002514_cond_01_7p,mpair_00002514,eval,7,"MW,LogP,QED,TPSA,HBD,HBA,RB",CSc1cc(-c2ccc(Cl)cc2)oc(=O)c1Br,CSc1cc(-c2ccc(Cl)cc2)oc(=O)c1C(N)=O,CSc1cc(-c2ccc(F)cc2)oc(=O)c1,O=c1cccc(-c2ccccc2)o1,O=c1cccc(-c2ccccc2)o1,True,False,False,,0.3695652173913043,0.34,295.747,236.26699999999997,59.48000000000005,False,2.7810000000000006,3.1678000000000024,0.3868000000000018,True,0.8837306867126842,0.7501191134076561,0.13361157330502804,False,73.30000000000001,30.21,43.09000000000001,False,1.0,0.0,1.0,True,4.0,3.0,1.0,True,3.0,2.0,1.0,True
scaffold_property_retrieval,mpair_00002551_cond_02_7p,mpair_00002551,eval,7,"MW,LogP,QED,TPSA,HBD,HBA,RB",CSc1cc(-c2ccc(Cl)cc2)oc(=O)c1C(N)=O,CSc1cc(-c2ccc(Br)cc2)oc(=O)c1Cl,CSc1cc(-c2ccc(F)cc2)oc(=O)c1,O=c1cccc(-c2ccccc2)o1,O=c1cccc(-c2ccccc2)o1,True,False,False,,0.34,0.3695652173913043,331.61800000000005,236.26699999999997,95.35100000000008,False,4.444600000000002,3.1678000000000024,1.2767999999999997,False,0.7618841288913727,0.7501191134076561,0.011765015483716557,True,30.21,30.21,0.0,True,0.0,0.0,0.0,True,3.0,3.0,0.0,True,2.0,2.0,0.0,True
edit_latent_source_similarity_rerank,mpair_00000002_cond_01_2p,mpair_00000002,eval,2,"LogP,QED",O=C(c1cccc(Cl)c1)N1C[C@H](CN2CCC(c3ccccc3)CC2)[C@@H](c2ccccc2)C1,O=C(c1ccccc1F)N1C[C@H](CN2CCC(c3ccccc3)CC2)[C@@H](c2ccccc2)C1,CC(=O)N1CCc2ccc(N(C(=O)/C=C/c3cccc(Cl)c3)C3CCN(Cc4ccccc4)CC3)cc21,O=C(c1ccccc1)N1C[C@H](CN2CCC(c3ccccc3)CC2)[C@@H](c2ccccc2)C1,O=C(/C=C/c1ccccc1)N(c1ccc2c(c1)NCC2)C1CCN(Cc2ccccc2)CC1,False,False,False,,0.2696629213483146,0.1827956989247312,,,,,5.561100000000006,5.960000000000007,0.39890000000000114,True,0.5164092889512721,0.3818917530424768,0.13451753590879534,False,,,,,,,,,,,,,,,,
edit_latent_source_similarity_rerank,mpair_00000005_cond_00_2p,mpair_00000005,eval,2,"HBA,RB",O=C(c1ccccc1F)N1C[C@H](CN2CCC(c3ccccc3)CC2)[C@@H](c2ccccc2)C1,COc1cccc(C(=O)N2C[C@H](CN3CCC(c4ccccc4)CC3)[C@@H](c3ccccc3)C2)c1,COc1cccc(N2CCN(C[C@H]3C[C@@H]3c3ccccc3)CC2)c1,O=C(c1ccccc1)N1C[C@H](CN2CCC(c3ccccc3)CC2)[C@@H](c2ccccc2)C1,c1ccc([C@H]2C[C@@H]2CN2CCN(c3ccccc3)CC2)cc1,False,True,False,,0.29850746268656714,0.47619047619047616,,,,,,,,,,,,,,,,,,,,,3.0,3.0,0.0,True,6.0,5.0,1.0,True
edit_latent_source_similarity_rerank,mpair_00000007_cond_01_2p,mpair_00000007,eval,2,"LogP,QED",O=C(c1ccccc1F)N1C[C@H](CN2CCC(c3ccccc3)CC2)[C@@H](c2ccccc2)C1,O=C(c1cccc(Cl)c1)N1C[C@H](CN2CCC(c3ccccc3)CC2)[C@@H](c2ccccc2)C1,O=C(O)[C@H](Cc1ccccc1)N(Cc1ccc(Br)s1)C(=O)c1ccc(Cl)cc1Cl,O=C(c1ccccc1)N1C[C@H](CN2CCC(c3ccccc3)CC2)[C@@H](c2ccccc2)C1,O=C(c1ccccc1)N(CCc1ccccc1)Cc1cccs1,False,True,False,,0.12941176470588237,0.17857142857142858,,,,,6.075400000000006,6.155700000000004,0.0802999999999976,True,0.4625029539066648,0.4122995656274941,0.0502033882791707,True,,,,,,,,,,,,,,,,
edit_latent_source_similarity_rerank,mpair_00000011_cond_00_2p,mpair_00000011,eval,2,"HBA,RB",COc1cccc(C(=O)N2C[C@H](CN3CCC(c4ccccc4)CC3)[C@@H](c3ccccc3)C2)c1,O=C(c1ccccc1F)N1C[C@H](CN2CCC(c3ccccc3)CC2)[C@@H](c2ccccc2)C1,Clc1ccc(N2CCN(C[C@H]3C[C@@H]3c3ccccc3)CC2)cc1Cl,O=C(c1ccccc1)N1C[C@H](CN2CCC(c3ccccc3)CC2)[C@@H](c2ccccc2)C1,c1ccc([C@H]2C[C@@H]2CN2CCN(c3ccccc3)CC2)cc1,False,True,False,,0.3,0.3076923076923077,,,,,,,,,,,,,,,,,,,,,2.0,2.0,0.0,True,5.0,4.0,1.0,True
edit_latent_source_similarity_rerank,mpair_00000013_cond_01_2p,mpair_00000013,eval,2,"MW,LogP",COc1cccc(C(=O)N2C[C@H](CN3CCC(c4ccccc4)CC3)[C@@H](c3ccccc3)C2)c1,O=C(c1ccccc1C(F)(F)F)N1C[C@H](CN2CCC(c3ccccc3)CC2)[C@@H](c2ccccc2)C1,CCCCCCCCCC(=O)Nc1ccc2c(c1)nc(N)n2CCCc1ccccc1,O=C(c1ccccc1)N1C[C@H](CN2CCC(c3ccccc3)CC2)[C@@H](c2ccccc2)C1,c1ccc(CCCn2cnc3ccccc32)cc1,False,False,False,,0.15384615384615385,0.13333333333333333,492.5850000000002,420.6010000000002,71.98399999999998,False,6.4408000000000065,6.330500000000005,0.1103000000000014,True,,,,,,,,,,,,,,,,,,,,
edit_latent_source_similarity_rerank,mpair_00000021_cond_02_2p,mpair_00000021,eval,2,"TPSA,HBA",N#Cc1ccc(COC[C@H]2C3CC(c4ccc(F)cc4)(CO3)[C@@H]2C/C=C/CCCC(=O)O)cc1,O=C(O)CCC/C=C/C[C@@H]1[C@@H](COCc2ccccc2)C2CC1(c1ccccc1)CO2,COC(=O)C1(c2ccccc2)CCN(CCCNC(=O)Cc2ccc(C)cc2)CC1,c1ccc(COC[C@@H]2CC3(c4ccccc4)COC2C3)cc1,O=C(Cc1ccccc1)NCCCN1CCC(c2ccccc2)CC1,False,True,False,,0.16161616161616163,0.20689655172413793,,,,,,,,,,,,,55.760000000000005,58.64,2.8799999999999955,True,,,,,3.0,4.0,1.0,True,,,,
edit_latent_source_similarity_rerank,mpair_00000328_cond_00_2p,mpair_00000328,eval,2,"MW,QED",N[C@@H](C(=O)N[C@@H]1C(=O)N2C(C(=O)O)=C(C(F)(F)F)CC[C@H]12)c1ccc(F)cc1,N[C@@H](C(=O)N[C@@H]1C(=O)N2C(C(=O)O)=C(C(F)(F)F)CC[C@H]12)c1cccc(Br)c1,CC(=O)O[C@@H]1NC(=O)[C@H]1NC(=O)[C@@H]1CCC[C@@H]1NC(=O)OCc1ccccc1,O=C(Cc1ccccc1)N[C@@H]1C(=O)N2C=CCC[C@H]12,O=C(N[C@H]1CCC[C@H]1C(=O)N[C@H]1CNC1=O)OCc1ccccc1,False,False,False,,0.15555555555555556,0.16129032258064516,462.2220000000001,389.40800000000013,72.81399999999996,False,,,,,0.5917241763797754,0.48328964782575856,0.1084345285540168,False,,,,,,,,,,,,,,,,
edit_latent_source_similarity_rerank,mpair_00000337_cond_00_2p,mpair_00000337,eval,2,"MW,LogP",N[C@@H](C(=O)N[C@@H]1C(=O)N2C(C(=O)O)=C(C(F)(F)F)CC[C@H]12)c1cccc(C(F)(F)F)c1,N[C@@H](C(=O)N[C@@H]1C(=O)N2C(C(=O)O)=C(C(F)(F)F)CC[C@H]12)c1ccc(F)cc1,O=C(O)CC(NC(=O)C(F)(F)F)C(=O)Nc1ccc(C(F)(F)F)cc1,O=C(Cc1ccccc1)N[C@@H]1C(=O)N2C=CCC[C@H]12,c1ccccc1,False,True,False,,0.21052631578947367,0.1891891891891892,401.3160000000001,372.221,29.095000000000084,True,1.2158999999999993,2.1657,0.9498000000000009,True,,,,,,,,,,,,,,,,,,,,
edit_latent_source_similarity_rerank,mpair_00000584_cond_00_2p,mpair_00000584,eval,2,"TPSA,HBD",OC[C@@H]1N[C@@H](CCCCc2ccc(O)cc2)[C@H](O)[C@H]1O,Cc1ccc(CCCC[C@@H]2N[C@@H](CO)[C@H](O)[C@H]2O)cc1,N[C@@H](Cc1ccc(O)cc1)C(=O)N[C@H](C(=O)O)c1ccccc1,c1ccc(CCCC[C@H]2CCCN2)cc1,O=C(CCc1ccccc1)NCc1ccccc1,False,False,False,,0.19298245614035087,0.11290322580645161,,,,,,,,,,,,,72.72,112.64999999999999,39.92999999999999,False,4.0,4.0,0.0,True,,,,,,,,
edit_latent_source_similarity_rerank,mpair_00000589_cond_00_2p,mpair_00000589,eval,2,"HBA,RB",COc1ccc(CCCC[C@@H]2N[C@@H](CO)[C@H](O)[C@H]2O)cc1,OC[C@@H]1N[C@@H](CCCCc2ccc(F)cc2)[C@H](O)[C@H]1O,COc1ccc(S(=O)(=O)Oc2ccccc2C(=O)Nc2ccc(F)cc2)cc1,c1ccc(CCCC[C@H]2CCCN2)cc1,O=C(Nc1ccccc1)c1ccccc1OS(=O)(=O)c1ccccc1,False,True,False,,0.1791044776119403,0.13432835820895522,,,,,,,,,,,,,,,,,,,,,4.0,5.0,1.0,True,6.0,6.0,0.0,True
edit_latent_source_similarity_rerank,mpair_00000590_cond_02_2p,mpair_00000590,eval,2,"HBD,RB",OC[C@@H]1N[C@@H](CCCCc2ccc(O)cc2)[C@H](O)[C@H]1O,COc1ccc(CCCC[C@@H]2N[C@@H](CO)[C@H](O)[C@H]2O)cc1,CC(=O)NC(Nc1ccc(N)cc1)C(=O)NCc1ccccc1,c1ccc(CCCC[C@H]2CCCN2)cc1,O=C(CNc1ccccc1)NCc1ccccc1,False,True,False,,0.09230769230769231,0.10294117647058823,,,,,,,,,,,,,,,,,4.0,4.0,0.0,True,,,,,7.0,6.0,1.0,True
edit_latent_source_similarity_rerank,mpair_00000592_cond_02_2p,mpair_00000592,eval,2,"HBA,RB",COc1ccc(CCCC[C@@H]2N[C@@H](CO)[C@H](O)[C@H]2O)cc1,Cc1ccc(CCCC[C@@H]2N[C@@H](CO)[C@H](O)[C@H]2O)cc1,COc1ccc([C@@H]2[C@@H](C(=O)O)[C@H](c3ccc4c(c3)OCO4)CN2Cc2ccc(F)cc2)cc1,c1ccc(CCCC[C@H]2CCCN2)cc1,c1ccc(CN2C[C@@H](c3ccc4c(c3)OCO4)C[C@H]2c2ccccc2)cc1,False,True,False,,0.21052631578947367,0.1125,,,,,,,,,,,,,,,,,,,,,4.0,5.0,1.0,True,6.0,6.0,0.0,True
edit_latent_source_similarity_rerank,mpair_00000594_cond_01_2p,mpair_00000594,eval,2,"HBA,RB",COc1ccc(CCCC[C@@H]2N[C@@H](CO)[C@H](O)[C@H]2O)cc1,OC[C@@H]1N[C@@H](CCCCc2cc(F)cc(F)c2)[C@H](O)[C@H]1O,O=C(CNC(=O)c1ccccc1)Oc1ccc([N+](=O)[O-])cc1,c1ccc(CCCC[C@H]2CCCN2)cc1,O=C(CNC(=O)c1ccccc1)Oc1ccccc1,False,True,False,,0.12307692307692308,0.06060606060606061,,,,,,,,,,,,,,,,,,,,,4.0,5.0,1.0,True,6.0,5.0,1.0,True
edit_latent_source_similarity_rerank,mpair_00000596_cond_02_2p,mpair_00000596,eval,2,"HBA,RB",OC[C@@H]1N[C@@H](CCCCc2ccc(F)cc2)[C@H](O)[C@H]1O,COc1ccc(CCCC[C@@H]2N[C@@H](CO)[C@H](O)[C@H]2O)cc1,COc1cc(NS(C)(=O)=O)ccc1Nc1c2ccc([N+](=O)[O-])cc2nc2c(C)cccc12,c1ccc(CCCC[C@H]2CCCN2)cc1,c1ccc(Nc2c3ccccc3nc3ccccc23)cc1,False,False,False,,0.08235294117647059,0.13095238095238096,,,,,,,,,,,,,,,,,,,,,5.0,7.0,2.0,False,7.0,6.0,1.0,True
edit_latent_source_similarity_rerank,mpair_00000724_cond_02_2p,mpair_00000724,eval,2,"MW,RB",C=CCc1cc(/C=C2\SC(=O)N(CC=C(C)C)C2=O)c(OC)cc1OC1CCCCO1,C=CCc1cc(/C=C2\SC(=O)N(C)C2=O)c(OC)cc1OC1CCCCO1,COc1cccc2c1CCCC2CCCN1CCN(C(=O)C2CCCCC2)CC1,O=C1NC(=O)/C(=C/c2ccc(OC3CCCCO3)cc2)S1,O=C(C1CCCCC1)N1CCN(CCCC2CCCc3ccccc32)CC1,False,True,False,,0.1836734693877551,0.1978021978021978,389.4730000000002,398.59100000000024,9.118000000000052,True,,,,,,,,,,,,,,,,,,,,,6.0,6.0,0.0,True
edit_latent_source_similarity_rerank,mpair_00000729_cond_00_2p,mpair_00000729,eval,2,"LogP,QED",C=CCc1cc(/C=C2\SC(=O)N(CC=C(C)C)C2=O)c(OC)cc1OC1CCCCO1,C=CCc1cc(/C=C2\SC(=O)N(CC=C)C2=O)c(OC)cc1OC1CCCCO1,CCC(Cc1ccc(OC)c(C(=O)NCc2ccccc2Oc2ccccc2)c1)C(=O)O,O=C1NC(=O)/C(=C/c2ccc(OC3CCCCO3)cc2)S1,O=C(NCc1ccccc1Oc1ccccc1)c1ccccc1,False,True,False,,0.12745098039215685,0.12244897959183673,,,,,4.551400000000004,5.070800000000004,0.5194000000000001,True,0.45838471716690443,0.46624905812255873,0.007864340955654303,True,,,,,,,,,,,,,,,,
edit_latent_source_similarity_rerank,mpair_00000731_cond_00_2p,mpair_00000731,eval,2,"QED,RB",C=CCc1cc(/C=C2\SC(=O)N(C(C)C)C2=O)c(OC)cc1OC1CCCCO1,C=CCc1cc(/C=C2\SC(=O)N(CC=C(C)C)C2=O)c(OC)cc1OC1CCCCO1,COc1ccc(/C=C/C(=O)N2CC(=O)N(Cc3cccc(C(F)(F)F)c3)[C@@H](CCc3ccccc3)C2)cc1,O=C1NC(=O)/C(=C/c2ccc(OC3CCCCO3)cc2)S1,O=C(/C=C/c1ccccc1)N1CC(=O)N(Cc2ccccc2)[C@@H](CCc2ccccc2)C1,False,True,False,,0.1388888888888889,0.14414414414414414,,,,,,,,,0.3995752918375223,0.36215290524773586,0.037422386589786416,True,,,,,,,,,,,,,8.0,8.0,0.0,True
edit_latent_source_similarity_rerank,mpair_00000734_cond_01_2p,mpair_00000734,eval,2,"LogP,QED",C=CCc1cc(/C=C2\SC(=O)N(CCCC)C2=O)c(OC)cc1OC1CCCCO1,C=CCc1cc(/C=C2\SC(=O)N(C)C2=O)c(OC)cc1OC1CCCCO1,COc1cccc2c1CCC(=O)N2CCCN1CCN(c2cccc(Br)c2)CC1,O=C1NC(=O)/C(=C/c2ccc(OC3CCCCO3)cc2)S1,O=C1CCc2ccccc2N1CCCN1CCN(c2ccccc2)CC1,False,False,False,,0.2,0.17391304347826086,,,,,3.9952000000000023,3.949200000000003,0.045999999999999375,True,0.5413211960634129,0.6571768616439558,0.11585566558054294,False,,,,,,,,,,,,,,,,
edit_latent_source_similarity_rerank,mpair_00000736_cond_02_2p,mpair_00000736,eval,2,"QED,RB",C=CCc1cc(/C=C2\SC(=O)N(CCCC)C2=O)c(OC)cc1OC1CCCCO1,C=CCc1cc(/C=C2\SC(=O)N(C(C)C)C2=O)c(OC)cc1OC1CCCCO1,COc1ccc(C(=O)NCC(=O)NO)cc1OC1CCCC1,O=C1NC(=O)/C(=C/c2ccc(OC3CCCCO3)cc2)S1,c1ccc(OC2CCCC2)cc1,False,True,False,,0.19318181818181818,0.2,,,,,,,,,0.4701504427149941,0.5427107964355365,0.07256035372054243,True,,,,,,,,,,,,,7.0,6.0,1.0,True
edit_latent_source_similarity_rerank,mpair_00000738_cond_01_2p,mpair_00000738,eval,2,"LogP,RB",C=CCc1cc(/C=C2\SC(=O)N(C(C)C)C2=O)c(OC)cc1OC1CCCCO1,C=CCc1cc(/C=C2\SC(=O)N(C)C2=O)c(OC)cc1OC1CCCCO1,COc1cc(Br)cc(C(=O)NC2CCN(Cc3ccc(F)cc3)CC2)c1OC,O=C1NC(=O)/C(=C/c2ccc(OC3CCCCO3)cc2)S1,O=C(NC1CCN(Cc2ccccc2)CC1)c1ccccc1,False,True,False,,0.15625,0.16129032258064516,,,,,3.9952000000000023,3.999800000000003,0.004600000000000826,True,,,,,,,,,,,,,,,,,6.0,6.0,0.0,True
edit_latent_source_similarity_rerank,mpair_00000742_cond_01_2p,mpair_00000742,eval,2,"MW,RB",C=CCc1cc(/C=C2\SC(=O)N(C)C2=O)c(OC)cc1OC1CCCCO1,C=CCc1cc(/C=C2\SC(=O)N(CC=C(C)C)C2=O)c(OC)cc1OC1CCCCO1,COc1cc(C(C)=O)ccc1OCCN1CCC(c2noc3cc(Cl)ccc23)CC1,O=C1NC(=O)/C(=C/c2ccc(OC3CCCCO3)cc2)S1,c1ccc(OCCN2CCC(c3noc4ccccc34)CC2)cc1,False,True,False,,0.1958762886597938,0.1941747572815534,443.5650000000003,428.9160000000001,14.649000000000171,True,,,,,,,,,,,,,,,,,,,,,8.0,7.0,1.0,True
edit_latent_source_similarity_rerank,mpair_00000745_cond_00_2p,mpair_00000745,eval,2,"QED,HBD",C=CCc1cc(/C=C2\SC(=O)N(C)C2=O)c(OC)cc1OC1CCCCO1,C=CCc1cc(/C=C2\SC(=O)NC2=O)c(OC)cc1OC1CCCCO1,COc1ccc(Cc2cc(C3CCN(C(=O)c4cccc(OC)c4)CC3)nc(N)n2)cc1,O=C1NC(=O)/C(=C/c2ccc(OC3CCCCO3)cc2)S1,O=C(c1ccccc1)N1CCC(c2cc(Cc3ccccc3)ncn2)CC1,False,True,False,,0.14583333333333334,0.1368421052631579,,,,,,,,,0.6042673504148035,0.6389325629234077,0.034665212508604215,True,,,,,1.0,1.0,0.0,True,,,,,,,,
edit_latent_source_similarity_rerank,mpair_00000750_cond_01_2p,mpair_00000750,eval,2,"MW,HBA",COC(=O)C[C@@H]1CC(=O)N2[C@H](Cc3c[nH]c4ccccc34)CO[C@@H]2C1,O=C1CCC[C@H]2OC[C@@H](Cc3c[nH]c4ccccc34)N12,COC(=O)C1C(c2ccccc2)CC2C[C@@H](O)C1N2C,O=C1CCC[C@H]2OC[C@@H](Cc3c[nH]c4ccccc34)N12,c1ccc(C2CC3CCC(C2)N3)cc1,False,False,False,,0.20253164556962025,0.12,270.33200000000005,275.348,5.015999999999963,True,,,,,,,,,,,,,,,,,2.0,4.0,2.0,False,,,,
edit_latent_source_similarity_rerank,mpair_00000752_cond_01_2p,mpair_00000752,eval,2,"TPSA,HBA",CC[C@H]1CCC(=O)N2[C@H](Cc3c[nH]c4ccccc34)CO[C@H]12,COC(=O)C[C@@H]1CC(=O)N2[C@H](Cc3c[nH]c4ccccc34)CO[C@@H]2C1,Cc1nc2ccccc2c(=O)n1-c1nn[nH]n1,O=C1CCC[C@H]2OC[C@@H](Cc3c[nH]c4ccccc34)N12,O=c1c2ccccc2ncn1-c1nn[nH]n1,False,False,False,,0.18309859154929578,0.15,,,,,,,,,,,,,71.63000000000001,89.35000000000001,17.72,True,,,,,4.0,6.0,2.0,False,,,,
edit_latent_source_similarity_rerank,mpair_00000755_cond_02_2p,mpair_00000755,eval,2,"LogP,RB",CC[C@H]1CCC(=O)N2[C@H](Cc3c[nH]c4ccccc34)CO[C@H]12,O=C1CCC[C@H]2OC[C@@H](Cc3c[nH]c4ccccc34)N12,CN1C2CCC1CC(NC(=O)c1cccc3ccccc13)C2,O=C1CCC[C@H]2OC[C@@H](Cc3c[nH]c4ccccc34)N12,O=C(NC1CC2CCC(C1)N2)c1cccc2ccccc12,False,True,False,,0.2112676056338028,0.2028985507246377,,,,,2.447800000000001,3.1948000000000016,0.7470000000000008,True,,,,,,,,,,,,,,,,,2.0,2.0,0.0,True
edit_latent_source_similarity_rerank,mpair_00000757_cond_01_2p,mpair_00000757,eval,2,"LogP,RB",COc1cccc(-c2cncc(O[C@@H]3CCNC3)c2)c1,Clc1cccc(-c2cncc(O[C@@H]3CCNC3)c2)c1,O=c1c(-c2cccc(Cl)c2)coc2cc(O)ccc12,c1ccc(-c2cncc(O[C@@H]3CCNC3)c2)cc1,O=c1c(-c2ccccc2)coc2ccccc12,False,False,False,,0.11428571428571428,0.21875,,,,,3.1427000000000014,3.819000000000001,0.6762999999999995,True,,,,,,,,,,,,,,,,,3.0,1.0,2.0,False
edit_latent_source_similarity_rerank,mpair_00000759_cond_02_2p,mpair_00000759,eval,2,"MW,LogP",c1ccc(-c2cncc(O[C@@H]3CCNC3)c2)cc1,Clc1cccc(-c2cc(O[C@@H]3CCNC3)cnc2Cl)c1,C[C@@H]1CC(=O)NN=C1c1ccc(NC(=O)c2ccccc2C(F)(F)F)cc1,c1ccc(-c2cncc(O[C@@H]3CCNC3)c2)cc1,O=C1CCC(c2ccc(NC(=O)c3ccccc3)cc2)=NN1,False,False,False,,0.14864864864864866,0.15,309.196,375.35,66.154,False,3.796100000000002,3.817800000000002,0.021700000000000053,True,,,,,,,,,,,,,,,,,,,,
edit_latent_source_similarity_rerank,mpair_00000761_cond_01_2p,mpair_00000761,eval,2,"HBA,RB",c1ccc(-c2cncc(O[C@@H]3CCNC3)c2)cc1,COc1cccc(-c2cncc(O[C@@H]3CCNC3)c2)c1,COc1cc2nc(-c3ccccc3)cc(O)c2cc1-c1cocn1,c1ccc(-c2cncc(O[C@@H]3CCNC3)c2)cc1,c1ccc(-c2ccc3cc(-c4cocn4)ccc3n2)cc1,False,True,False,,0.15714285714285714,0.16216216216216217,,,,,,,,,,,,,,,,,,,,,4.0,5.0,1.0,True,4.0,3.0,1.0,True
edit_latent_source_similarity_rerank,mpair_00000764_cond_00_2p,mpair_00000764,eval,2,"LogP,QED",Clc1cccc(-c2cc(O[C@@H]3CCNC3)cnc2Cl)c1,Clc1cccc(-c2cncc(O[C@@H]3CCNC3)c2)c1,Cc1cccc(-c2[nH]ncc2-c2ccc(F)cc2)n1,c1ccc(-c2cncc(O[C@@H]3CCNC3)c2)cc1,c1ccc(-c2cn[nH]c2-c2ccccn2)cc1,False,False,False,,0.14705882352941177,0.13432835820895522,,,,,3.1427000000000014,3.5862200000000017,0.44352000000000036,True,0.9336391660075258,0.7579391237346859,0.17570004227283997,False,,,,,,,,,,,,,,,,
edit_latent_source_similarity_rerank,mpair_00001114_cond_01_2p,mpair_00001114,eval,2,"QED,HBD",COc1ccc(N2CCN(CCC3NC(=O)c4ccccc43)CC2)cc1,COc1ccc(N2CCN(CCC3c4ccccc4C(=O)N3C)CC2)cc1,COc1cccc(C(=O)N(C)CCN2CCN(c3ccc(Cl)cc3)CC2)c1,O=C1NC(CCN2CCN(c3ccccc3)CC2)c2ccccc21,O=C(NCCN1CCN(c2ccccc2)CC1)c1ccccc1,False,True,False,,0.35714285714285715,0.36231884057971014,,,,,,,,,0.8160326048332845,0.7619516915497764,0.05408091328350817,True,,,,,0.0,0.0,0.0,True,,,,,,,,
edit_latent_source_similarity_rerank,mpair_00001116_cond_02_2p,mpair_00001116,eval,2,"HBA,RB",COc1ccc(N2CCN(CCC3NC(=O)c4ccccc43)CC2)cc1,O=C1NC(CCN2CCN(c3ccccc3)CC2)c2ccccc21,CCOC(=O)c1cc2c(cn1)C(=O)c1ccccc1-2,O=C1NC(CCN2CCN(c3ccccc3)CC2)c2ccccc21,O=C1c2ccccc2-c2ccncc21,False,False,False,,0.17142857142857143,0.15384615384615385,,,,,,,,,,,,,,,,,,,,,3.0,4.0,1.0,True,4.0,2.0,2.0,False
edit_latent_source_similarity_rerank,mpair_00001120_cond_00_2p,mpair_00001120,eval,2,"QED,HBD",CN1C(=O)c2ccccc2C1CCN1CCN(c2ccc(Cl)cc2)CC1,Cc1ccc(N2CCN(CCC3NC(=O)c4ccccc43)CC2)cc1C,CNC(=O)c1ccc2c(c1)C(=O)c1ccccc1C2=O,O=C1NC(CCN2CCN(c3ccccc3)CC2)c2ccccc21,O=C1c2ccccc2C(=O)c2ccccc21,False,False,False,,0.16393442622950818,0.1746031746031746,,,,,,,,,0.9198864151307602,0.729648254039139,0.19023816109162117,False,,,,,1.0,1.0,0.0,True,,,,,,,,
edit_latent_source_similarity_rerank,mpair_00001121_cond_02_2p,mpair_00001121,eval,2,"QED,HBD",O=C1NC(CCN2CCN(c3ccccc3)CC2)c2ccccc21,CN1C(=O)c2ccccc2C1CCN1CCN(c2ccc(Cl)cc2)CC1,Cc1nnc2n1-c1ccc(Cl)cc1C(c1ccccc1)=NC2,O=C1NC(CCN2CCN(c3ccccc3)CC2)c2ccccc21,c1ccc(C2=NCc3nncn3-c3ccccc32)cc1,False,False,False,,0.1267605633802817,0.18309859154929578,,,,,,,,,0.8221231339252668,0.6893709827759431,0.1327521511493237,False,,,,,0.0,0.0,0.0,True,,,,,,,,
edit_latent_source_similarity_rerank,mpair_00001124_cond_00_2p,mpair_00001124,eval,2,"LogP,RB",COc1ccc(N2CCN(CCC3NC(=O)c4ccccc43)CC2)cc1,Cc1ccc(N2CCN(CCC3NC(=O)c4ccccc43)CC2)cc1C,O=c1c2cccnc2sn1-c1cccc(Cl)c1,O=C1NC(CCN2CCN(c3ccccc3)CC2)c2ccccc21,O=c1c2cccnc2sn1-c1ccccc1,False,False,False,,0.1095890410958904,0.125,,,,,3.3002400000000023,3.100600000000002,0.19964000000000048,True,,,,,,,,,,,,,,,,,4.0,1.0,3.0,False
edit_latent_source_similarity_rerank,mpair_00001128_cond_00_2p,mpair_00001128,eval,2,"LogP,RB",CN1C(=O)c2ccccc2C1CCN1CCN(c2ccc(Cl)cc2)CC1,COc1ccc(N2CCN(CCC3c4ccccc4C(=O)N3C)CC2)cc1,COc1cccc(OC)c1C(=O)N1CC2CCCN2c2ccccc21,O=C1NC(CCN2CCN(c3ccccc3)CC2)c2ccccc21,O=C(c1ccccc1)N1CC2CCCN2c2ccccc21,False,False,False,,0.14864864864864866,0.1917808219178082,,,,,3.034200000000002,3.333000000000002,0.29879999999999995,True,,,,,,,,,,,,,,,,,5.0,3.0,2.0,False
edit_latent_source_similarity_rerank,mpair_00001129_cond_02_2p,mpair_00001129,eval,2,"QED,HBD",Cc1ccc(N2CCN(CCC3NC(=O)c4ccccc43)CC2)cc1C,CN1C(=O)c2ccccc2C1CCN1CCN(c2ccc(Cl)cc2)CC1,Cc1nnc2n1-c1ccc(Cl)cc1C(c1ccccc1)=NC2,O=C1NC(CCN2CCN(c3ccccc3)CC2)c2ccccc21,c1ccc(C2=NCc3nncn3-c3ccccc32)cc1,False,False,False,,0.14473684210526316,0.18309859154929578,,,,,,,,,0.8221231339252668,0.6893709827759431,0.1327521511493237,False,,,,,0.0,0.0,0.0,True,,,,,,,,
edit_latent_source_similarity_rerank,mpair_00001132_cond_01_2p,mpair_00001132,eval,2,"QED,TPSA",O=C(Cc1ccccc1[N+](=O)[O-])NCCC1CCN(CC2COc3ccccc3O2)CC1,COc1ccccc1CC(=O)NCCC1CCN(CC2COc3ccccc3O2)CC1,O=C(CN1CCC(NC(=O)Oc2ccccc2)CC1)NC1CCc2cc(F)ccc2C1Cc1cccnc1,O=C(Cc1ccccc1)NCCC1CCN(CC2COc3ccccc3O2)CC1,O=C(CN1CCC(NC(=O)Oc2ccccc2)CC1)NC1CCc2ccccc2C1Cc1cccnc1,False,False,False,,0.19811320754716982,0.21153846153846154,,,,,,,,,0.7047088784600517,0.4911822181851042,0.2135266602749475,False,60.03,83.56,23.53,False,,,,,,,,,,,,
edit_latent_source_similarity_rerank,mpair_00001135_cond_02_2p,mpair_00001135,eval,2,"MW,LogP",Fc1ccc(N2CCN(c3nc4ccsc4n4cccc34)CC2)cc1,FC(F)(F)c1cccc(N2CCN(c3nc4ccsc4n4cccc34)CC2)c1,Cc1c(C(=O)Nc2ccc(C(F)(F)F)cc2)cnn1-c1ccc(F)cc1,c1ccc(N2CCN(c3nc4ccsc4n4cccc34)CC2)cc1,O=C(Nc1ccccc1)c1cnn(-c2ccccc2)c1,False,False,False,,0.1643835616438356,0.1518987341772152,402.4450000000001,363.314,39.131000000000085,False,4.894400000000004,4.590920000000002,0.3034800000000013,True,,,,,,,,,,,,,,,,,,,,
edit_latent_source_similarity_rerank,mpair_00001633_cond_01_2p,mpair_00001633,eval,2,"MW,QED",C=CCC1(C(C)C#CCC)C(=O)NC(=O)N(C)C1=O,C=C(Br)CC1(C(C)C)C(=O)NC(=O)N(C)C1=O,CCn1c(N)c(C(N)=O)c(=O)c2ccc(-c3ccncc3)cc21,O=C1CC(=O)NC(=O)N1,O=c1cc[nH]c2cc(-c3ccncc3)ccc12,False,True,False,,0.0945945945945946,0.10294117647058823,303.15600000000006,308.34100000000007,5.185000000000002,True,,,,,0.8059749860896003,0.7689397000752446,0.037035286014355684,True,,,,,,,,,,,,,,,,
edit_latent_source_similarity_rerank,mpair_00002258_cond_00_2p,mpair_00002258,eval,2,"LogP,QED",Cc1cccc(C)c1NC(=O)c1c(C)n(-c2c(C)cccc2C)c(C)cc1=O,Cc1ccccc1NC(=O)c1c(C)n(-c2ccccc2C)c(C)cc1=O,COc1ccccc1/C=C\C(=O)Nc1ccc(-c2cnco2)c(OC)c1,O=C(Nc1ccccc1)c1cn(-c2ccccc2)ccc1=O,O=C(/C=C\c1ccccc1)Nc1ccc(-c2cnco2)cc1,False,True,False,,0.14473684210526316,0.15584415584415584,,,,,4.3234800000000035,4.010700000000003,0.31278000000000095,True,0.7675628277357767,0.6800617915083156,0.08750103622746108,True,,,,,,,,,,,,,,,,
edit_latent_source_similarity_rerank,mpair_00002259_cond_02_2p,mpair_00002259,eval,2,"LogP,QED",Cc1ccccc1NC(=O)c1c(C)n(-c2ccccc2C)c(C)cc1=O,Cc1cccc(C)c1NC(=O)c1c(C)n(-c2c(C)cccc2C)c(C)cc1=O,Cc1ccccc1NC(=O)Nc1nc(-c2cccnc2)nc2ccccc12,O=C(Nc1ccccc1)c1cn(-c2ccccc2)ccc1=O,O=C(Nc1ccccc1)Nc1nc(-c2cccnc2)nc2ccccc12,False,False,False,,0.26865671641791045,0.18571428571428572,,,,,4.940320000000004,4.6442200000000025,0.2961000000000018,True,0.7058233303377046,0.5607492153739232,0.14507411496378142,False,,,,,,,,,,,,,,,,
edit_latent_source_similarity_rerank,mpair_00002372_cond_02_2p,mpair_00002372,eval,2,"HBA,RB",CCCCCNC(=O)Nc1c(SCCCn2cnc(-c3ccccc3)c2C)cccc1N(C)C,CCCCCNC(=O)Nc1c(C)cccc1SCCCn1cnc(-c2ccccc2)c1C,O=C(O)CCCCCCCCn1nc(-c2ccccc2)c(-c2ccccc2)cc1=O,c1ccc(SCCCn2cnc(-c3ccccc3)c2)cc1,O=c1cc(-c2ccccc2)c(-c2ccccc2)n[nH]1,False,True,False,,0.21428571428571427,0.225,,,,,,,,,,,,,,,,,,,,,4.0,4.0,0.0,True,11.0,11.0,0.0,True
edit_latent_source_similarity_rerank,mpair_00002462_cond_00_2p,mpair_00002462,eval,2,"TPSA,RB",COc1cc(NC(=O)c2cc(OCCCN(C)C)nn2Cc2ccccc2)cc(OC)c1OC,COc1ccc(NC(=O)c2cc(OCCCN(C)C)nn2Cc2ccccc2)cc1,O=C(O)COc1cccc(CCn2nnc(C(c3ccccc3)c3ccccc3)n2)c1,O=C(Nc1ccccc1)c1ccnn1Cc1ccccc1,c1ccc(CCn2nnc(C(c3ccccc3)c3ccccc3)n2)cc1,False,False,False,,0.20930232558139536,0.2289156626506024,,,,,,,,,,,,,68.62,90.13,21.50999999999999,False,,,,,,,,,10.0,9.0,1.0,True
edit_latent_source_similarity_rerank,mpair_00002465_cond_00_2p,mpair_00002465,eval,2,"HBA,RB",CN(C)CCCOc1cc(C(=O)Nc2ccc(OC(F)(F)F)cc2)n(Cc2ccccc2)n1,CN(C)CCCOc1cc(C(=O)Nc2cccc(Cl)c2)n(Cc2ccccc2)n1,COc1cc(C(C)=O)ccc1OCCCN1CCC(C(O)c2ccccc2)CC1,O=C(Nc1ccccc1)c1ccnn1Cc1ccccc1,c1ccc(CC2CCN(CCCOc3ccccc3)CC2)cc1,False,True,False,,0.1956521739130435,0.21839080459770116,,,,,,,,,,,,,,,,,,,,,5.0,5.0,0.0,True,9.0,9.0,0.0,True
edit_latent_source_similarity_rerank,mpair_00002469_cond_01_2p,mpair_00002469,eval,2,"TPSA,HBA",COc1ccc(NC(=O)c2cc(OCCCN(C)C)nn2Cc2ccccc2)cc1,COc1cc(NC(=O)c2cc(OCCCN(C)C)nn2Cc2ccccc2)cc(OC)c1OC,CN(C)CCCCCNC(=O)c1nn(C)cc1NC(=O)c1cccc(-c2ccnc(NCC3CC3)c2)n1,O=C(Nc1ccccc1)c1ccnn1Cc1ccccc1,O=C(Nc1cn[nH]c1)c1cccc(-c2ccnc(NCC3CC3)c2)n1,False,False,False,,0.24752475247524752,0.24271844660194175,,,,,,,,,,,,,87.08000000000001,117.07000000000001,29.989999999999995,False,,,,,8.0,8.0,0.0,True,,,,
edit_latent_source_similarity_rerank,mpair_00002475_cond_01_2p,mpair_00002475,eval,2,"TPSA,RB",CN(C)CCCOc1cc(C(=O)Nc2ccc(OC(F)(F)F)cc2)n(Cc2ccccc2)n1,COc1cc(NC(=O)c2cc(OCCCN(C)C)nn2Cc2ccccc2)cc(OC)c1OC,CCCCc1nc(CN2CCN(c3ccccn3)CC2)c(C(=O)O)n1Cc1ccc(-c2ccccc2-c2nn[nH]n2)cc1,O=C(Nc1ccccc1)c1ccnn1Cc1ccccc1,c1ccc(N2CCN(Cc3cn(Cc4ccc(-c5ccccc5-c5nn[nH]n5)cc4)cn3)CC2)nc1,False,False,False,,0.16216216216216217,0.1651376146788991,,,,,,,,,,,,,87.08000000000001,128.95,41.869999999999976,False,,,,,,,,,12.0,11.0,1.0,True
edit_latent_source_similarity_rerank,mpair_00002480_cond_00_2p,mpair_00002480,eval,2,"LogP,QED",CN(C)CCCOc1cc(C(=O)Nc2cc(F)cc(C(F)(F)F)c2)n(Cc2ccccc2)n1,CN(C)CCCOc1cc(C(=O)Nc2cccc(Cl)c2)n(Cc2ccccc2)n1,CCN(C)C(=O)c1ccc(-c2c(C)nc3c(OCc4ccccc4C)cccn23)cc1,O=C(Nc1ccccc1)c1ccnn1Cc1ccccc1,c1ccc(COc2cccn3c(-c4ccccc4)cnc23)cc1,False,False,False,,0.16161616161616163,0.17204301075268819,,,,,4.167600000000003,5.289040000000004,1.1214400000000015,False,0.5357556879239462,0.43151398289894344,0.1042417050250028,False,,,,,,,,,,,,,,,,
edit_latent_source_similarity_rerank,mpair_00002482_cond_02_2p,mpair_00002482,eval,2,"LogP,QED",COc1ccc(NC(=O)c2cc(OCCCN(C)C)nn2Cc2ccccc2)cc1,CN(C)CCCOc1cc(C(=O)Nc2ccc(OC(F)(F)F)cc2)n(Cc2ccccc2)n1,COc1cc2nc(Cl)nc(N3CCN(C(=O)Nc4ccc(Oc5ccccc5)cc4)CC3)c2cc1OC,O=C(Nc1ccccc1)c1ccnn1Cc1ccccc1,O=C(Nc1ccc(Oc2ccccc2)cc1)N1CCN(c2ncnc3ccccc23)CC1,False,False,False,,0.2823529411764706,0.24175824175824176,,,,,4.412800000000003,5.446800000000005,1.0340000000000016,False,0.4522382232340766,0.33885473999815086,0.11338348323592573,False,,,,,,,,,,,,,,,,
edit_latent_source_similarity_rerank,mpair_00002486_cond_02_2p,mpair_00002486,eval,2,"QED,HBA",CN(C)CCCOc1cc(C(=O)Nc2cccc(Cl)c2)n(Cc2ccccc2)n1,CN(C)CCCOc1cc(C(=O)Nc2ccc(OC(F)(F)F)cc2)n(Cc2ccccc2)n1,CCCCc1nn(CC2CC2)c(C(=O)O)c1Cc1ccc(-c2ccccc2-c2nn[nH]n2)cc1,O=C(Nc1ccccc1)c1ccnn1Cc1ccccc1,c1ccc(-c2nn[nH]n2)c(-c2ccc(Cc3cnn(CC4CC4)c3)cc2)c1,False,True,False,,0.1717171717171717,0.1650485436893204,,,,,,,,,0.4522382232340766,0.3556368839655322,0.09660133926854436,True,,,,,,,,,6.0,6.0,0.0,True,,,,
edit_latent_source_similarity_rerank,mpair_00002490_cond_01_2p,mpair_00002490,eval,2,"TPSA,HBA",CCOC(=O)c1cc(C(C)O)cn1S(=O)(=O)c1cc(Cl)ccc1N,C=Cc1cc(C(=O)OCC)n(S(=O)(=O)c2cc(Cl)ccc2N)c1,CC(C)OC(=O)c1cc(C(O)c2ccc(Cl)cc2Cl)cn1S(=O)(=O)c1ccc(Cl)cc1,O=S(=O)(c1ccccc1)n1cccc1,O=S(=O)(c1ccccc1)n1ccc(Cc2ccccc2)c1,False,True,False,,0.4411764705882353,0.3424657534246575,,,,,,,,,,,,,91.39,85.6,5.790000000000006,True,,,,,6.0,6.0,0.0,True,,,,
edit_latent_source_similarity_rerank,mpair_00002494_cond_01_2p,mpair_00002494,eval,2,"MW,LogP",O=C1C(Nc2ccccc2)=C(Cl)C(=O)c2ncncc21,O=C1C(Nc2cccc(Br)c2)=C(Cl)C(=O)c2ncncc21,O=S(=O)(CS(=O)(=O)C(F)(F)F)c1ccc(F)c(Cl)c1,O=C1C(Nc2ccccc2)=CC(=O)c2ncncc21,c1ccccc1,False,False,False,,0.11864406779661017,0.125,364.58600000000007,340.703,23.883000000000095,True,3.180600000000001,2.1449000000000007,1.0357000000000003,False,,,,,,,,,,,,,,,,,,,,
edit_latent_source_similarity_rerank,mpair_00002496_cond_00_2p,mpair_00002496,eval,2,"MW,LogP",O=C1C(Nc2ccccc2)=C(Cl)C(=O)c2ncncc21,O=C1C(Nc2ccc(Br)cc2)=C(Cl)C(=O)c2ncncc21,COc1ccc(NC(=O)CCN2CCN(c3ccccn3)CC2)cc1,O=C1C(Nc2ccccc2)=CC(=O)c2ncncc21,O=C(CCN1CCN(c2ccccn2)CC1)Nc1ccccc1,False,True,False,,0.1388888888888889,0.12,364.58600000000007,340.4270000000001,24.158999999999992,True,3.180600000000001,2.2409999999999997,0.9396000000000013,True,,,,,,,,,,,,,,,,,,,,
edit_latent_source_similarity_rerank,mpair_00002497_cond_02_2p,mpair_00002497,eval,2,"MW,LogP",O=C1C(Nc2ccc(Br)cc2)=C(Cl)C(=O)c2ncncc21,O=C1C(Nc2ccccc2)=C(Cl)C(=O)c2ncncc21,CCN1c2ccc(CN)cc2N(C)C(=O)c2cccnc21,O=C1C(Nc2ccccc2)=CC(=O)c2ncncc21,O=C1Nc2ccccc2Nc2ncccc21,False,True,False,,0.1111111111111111,0.14705882352941177,285.69,282.34700000000004,3.342999999999961,True,2.4181,2.2883000000000004,0.12979999999999947,True,,,,,,,,,,,,,,,,,,,,
edit_latent_source_similarity_rerank,mpair_00002501_cond_01_2p,mpair_00002501,eval,2,"LogP,RB",CCc1ccc(NC2=C(Cl)C(=O)c3ncncc3C2=O)cc1,O=C1C(Nc2ccccc2)=C(Cl)C(=O)c2ncncc21,O=C1c2[nH]cnc2N(Cc2ccc(Cl)cc2)C2=NCCN12,O=C1C(Nc2ccccc2)=CC(=O)c2ncncc21,O=C1c2[nH]cnc2N(Cc2ccccc2)C2=NCCN12,False,True,False,,0.18571428571428572,0.14705882352941177,,,,,2.4181,1.8951,0.5229999999999999,True,,,,,,,,,,,,,,,,,2.0,2.0,0.0,True
edit_latent_source_similarity_rerank,mpair_00002504_cond_01_2p,mpair_00002504,eval,2,"HBA,RB",COc1ccc(C(=O)CN2c3ccccc3C(=O)N(Cc3ccccc3)S2(=O)=O)cc1,Cc1ccc(C(=O)CN2c3ccccc3C(=O)N(Cc3ccccc3)S2(=O)=O)cc1,COc1ccc(CN2C(=O)c3ccccc3N(Cc3ccc(OC)cc3)S2(=O)=O)cc1,O=C(CN1c2ccccc2C(=O)N(Cc2ccccc2)S1(=O)=O)c1ccccc1,O=C1c2ccccc2N(Cc2ccccc2)S(=O)(=O)N1Cc1ccccc1,False,True,False,,0.7142857142857143,0.5283018867924528,,,,,,,,,,,,,,,,,,,,,4.0,5.0,1.0,True,5.0,6.0,1.0,True
edit_latent_source_similarity_rerank,mpair_00002506_cond_02_2p,mpair_00002506,eval,2,"HBA,RB",Cc1ccc(C(=O)CN2c3ccccc3C(=O)N(Cc3ccccc3)S2(=O)=O)cc1,COc1ccc(C(=O)CN2c3ccccc3C(=O)N(Cc3ccccc3)S2(=O)=O)cc1,CC(C)C[C@H](NC(=O)OCc1ccccc1)C(=O)CN1C(=O)c2ccccc2S1(=O)=O,O=C(CN1c2ccccc2C(=O)N(Cc2ccccc2)S1(=O)=O)c1ccccc1,O=C(CNC(=O)OCc1ccccc1)CN1C(=O)c2ccccc2S1(=O)=O,False,False,False,,0.352112676056338,0.3561643835616438,,,,,,,,,,,,,,,,,,,,,5.0,6.0,1.0,True,6.0,8.0,2.0,False
edit_latent_source_similarity_rerank,mpair_00002514_cond_02_2p,mpair_00002514,eval,2,"MW,QED",CSc1cc(-c2ccc(Cl)cc2)oc(=O)c1Br,CSc1cc(-c2ccc(Cl)cc2)oc(=O)c1C(N)=O,O=c1c(-c2ccccc2)nccn1C(CN1CCCC1)c1ccccc1,O=c1cccc(-c2ccccc2)o1,O=c1c(-c2ccccc2)nccn1C(CN1CCCC1)c1ccccc1,False,False,False,,0.08823529411764706,0.08333333333333333,295.747,345.446,49.69900000000001,False,,,,,0.8837306867126842,0.7091126417710382,0.174618044941646,False,,,,,,,,,,,,,,,,
edit_latent_source_similarity_rerank,mpair_00002517_cond_02_2p,mpair_00002517,eval,2,"MW,LogP",CSc1cc(-c2ccc(Cl)cc2)oc(=O)c1Br,CSc1cc(-c2ccc(Cl)cc2)oc(=O)c1,Nc1c2c(nc3ccccc13)-c1ccccc1NCC2,O=c1cccc(-c2ccccc2)o1,c1ccc2c(c1)NCCc1cc3ccccc3nc1-2,False,True,False,,0.06153846153846154,0.06451612903225806,252.72199999999998,261.32800000000003,8.606000000000051,True,3.682100000000002,3.452000000000001,0.23010000000000108,True,,,,,,,,,,,,,,,,,,,,
edit_latent_source_similarity_rerank,mpair_00002530_cond_00_2p,mpair_00002530,eval,2,"MW,LogP",CSc1cc(-c2ccc(Cl)cc2)oc(=O)c1,CSc1cc(-c2ccc(Cl)cc2)oc(=O)c1Br,CC(C)(Oc1ccc(NC(=N)Nc2ccc(Cl)cc2)cc1)C(=O)O,O=c1cccc(-c2ccccc2)o1,N=C(Nc1ccccc1)Nc1ccccc1,False,True,False,,0.18181818181818182,0.1724137931034483,331.61799999999994,347.8020000000001,16.18400000000014,True,4.444600000000001,4.040770000000001,0.40383000000000013,True,,,,,,,,,,,,,,,,,,,,
edit_latent_source_similarity_rerank,mpair_00002538_cond_00_2p,mpair_00002538,eval,2,"MW,LogP",CSc1cc(-c2ccc(Br)cc2)oc(=O)c1Cl,CSc1cc(-c2ccc(Cl)cc2)oc(=O)c1,Cc1ccc(-c2cc(=O)c3c(O)cccc3o2)cc1,O=c1cccc(-c2ccccc2)o1,O=c1cc(-c2ccccc2)oc2ccccc12,False,True,False,,0.2692307692307692,0.2857142857142857,252.72199999999998,252.269,0.45299999999997453,True,3.682100000000002,3.474020000000002,0.20807999999999982,True,,,,,,,,,,,,,,,,,,,,
edit_latent_source_similarity_rerank,mpair_00002546_cond_02_2p,mpair_00002546,eval,2,"LogP,TPSA",CSc1cc(-c2ccc(Br)cc2)oc(=O)c1Br,CSc1cc(-c2ccc(Br)cc2)oc(=O)c1C#N,COc1ccc(-c2cc(=O)c3ccc(OC)cc3o2)cc1,O=c1cccc(-c2ccccc2)o1,O=c1cc(-c2ccccc2)oc2ccccc12,False,True,False,,0.2916666666666667,0.2641509433962264,,,,,3.662880000000002,3.4772000000000025,0.18567999999999962,True,,,,,54.0,48.67,5.329999999999998,True,,,,,,,,,,,,
edit_latent_source_similarity_rerank,mpair_00002556_cond_00_2p,mpair_00002556,eval,2,"MW,QED",CN(C(=O)n1nc(-c2ccc(Cl)cc2)nc1SCC(F)(F)F)c1ccccc1,CSc1nc(-c2ccc(Cl)cc2)nn1C(=O)N(C)c1ccccc1,CCCCc1nnc(O)n1Cc1ccc(-c2ccccc2C(=O)O)cc1,O=C(Nc1ccccc1)n1cnc(-c2ccccc2)n1,c1ccc(-c2ccc(Cn3cnnc3)cc2)cc1,False,True,False,,0.2,0.20270270270270271,358.85400000000004,351.40600000000006,7.447999999999979,True,,,,,0.6499636794176425,0.6768344133653917,0.026870733947749192,True,,,,,,,,,,,,,,,,
edit_latent_source_similarity_rerank,mpair_00002559_cond_01_2p,mpair_00002559,eval,2,"LogP,QED",CN(C(=O)n1nc(-c2ccc(Cl)cc2)nc1SCC(F)(F)F)c1ccccc1,CSc1nc(-c2ccc(C)cc2)nn1C(=O)N(C)c1ccccc1,Cc1oc(-c2ccccc2)nc1CCOc1ccc(C2OC(=O)NC2=O)cc1,O=C(Nc1ccccc1)n1cnc(-c2ccccc2)n1,O=C1NC(=O)C(c2ccc(OCCc3coc(-c4ccccc4)n3)cc2)O1,False,True,False,,0.14942528735632185,0.16455696202531644,,,,,4.079920000000002,3.5790200000000016,0.5009000000000006,True,0.6753188675979567,0.7050260519614807,0.029707184363524042,True,,,,,,,,,,,,,,,,
edit_latent_source_similarity_rerank,mpair_00002562_cond_01_2p,mpair_00002562,eval,2,"LogP,RB",CSc1nc(-c2ccc(Cl)cc2)nn1C(=O)N(C)c1ccccc1,CN(C(=O)n1nc(-c2ccc(Cl)cc2)nc1SCC(F)(F)F)c1ccccc1,COC(=O)c1ccc(Cl)cc1-c1ccc2c(c1)OC[C@H](Cc1ccccc1)[C@H]2O,O=C(Nc1ccccc1)n1cnc(-c2ccccc2)n1,c1ccc(C[C@H]2COc3cc(-c4ccccc4)ccc3C2)cc1,False,True,False,,0.1951219512195122,0.19318181818181818,,,,,5.357400000000003,5.078300000000005,0.2790999999999979,True,,,,,,,,,,,,,,,,,4.0,4.0,0.0,True
edit_latent_source_similarity_rerank,mpair_00002565_cond_01_2p,mpair_00002565,eval,2,"LogP,HBA",CSc1nc(-c2ccc(OC(F)(F)F)cc2)nn1C(=O)N(C)c1ccccc1,CSc1nc(-c2ccc(C)cc2)nn1C(=O)N(C)c1ccccc1,CCOC(=O)COc1cc(-c2ccccc2)nc2ccccc12,O=C(Nc1ccccc1)n1cnc(-c2ccccc2)n1,c1ccc(-c2ccc3ccccc3n2)cc1,False,True,False,,0.18666666666666668,0.20588235294117646,,,,,4.079920000000002,3.843700000000003,0.23621999999999943,True,,,,,,,,,,,,,5.0,4.0,1.0,True,,,,
edit_latent_source_similarity_rerank,mpair_00002567_cond_01_2p,mpair_00002567,eval,2,"HBD,RB",COc1cc(C(=O)N2CCN(C(=O)c3cc(OC)c(OC)c(OC)c3)C(COC(=O)NCCC(C)C)C2)cc(OC)c1OC,CCN(CC)C(=O)OCC1CN(C(=O)c2cc(OC)c(OC)c(OC)c2)CCN1C(=O)c1cc(OC)c(OC)c(OC)c1,COC(=O)c1ccccc1-c1ccc(C[C@H](NC(=O)[C@@H]2CCCN2S(=O)(=O)c2cc(Cl)cc(Cl)c2)C(=O)O)cc1,O=C(c1ccccc1)N1CCN(C(=O)c2ccccc2)CC1,O=C(NCCc1ccc(-c2ccccc2)cc1)[C@@H]1CCCN1S(=O)(=O)c1ccccc1,False,False,False,,0.1568627450980392,0.14,,,,,,,,,,,,,,,,,0.0,2.0,2.0,False,,,,,12.0,9.0,3.0,False
edit_latent_source_similarity_rerank,mpair_00002571_cond_01_2p,mpair_00002571,eval,2,"HBD,RB",CCN(CC)C(=O)OCC1CN(C(=O)c2cc(OC)c(OC)c(OC)c2)CCN1C(=O)c1cc(OC)c(OC)c(OC)c1,COc1cc(C(=O)N2CCN(C(=O)c3cc(OC)c(OC)c(OC)c3)C(COC(=O)NCCC(C)C)C2)cc(OC)c1OC,CCO/C(O)=C1\C(COCCN2CC(=O)NC2=O)=NC(C)=C(C(=O)OC)C1c1ccccc1Cl,O=C(c1ccccc1)N1CCN(C(=O)c2ccccc2)CC1,C=C1C(COCCN2CC(=O)NC2=O)=NC=CC1c1ccccc1,False,False,False,,0.15,0.14423076923076922,,,,,,,,,,,,,,,,,1.0,2.0,1.0,True,,,,,13.0,9.0,4.0,False
edit_latent_source_similarity_rerank,mpair_00002574_cond_01_2p,mpair_00002574,eval,2,"LogP,RB",COc1cc(C(=O)N2CCN(C(=O)c3cc(OC)c(OC)c(OC)c3)C(COC(=O)CC(C)(C)C)C2)cc(OC)c1OC,CCN(CC)C(=O)OCC1CN(C(=O)c2cc(OC)c(OC)c(OC)c2)CCN1C(=O)c1cc(OC)c(OC)c(OC)c1,CCc1nc(-c2cnc(OC)cn2)n(-c2cccc(C(=O)NCCCCc3ccccc3)c2)n1,O=C(c1ccccc1)N1CCN(C(=O)c2ccccc2)CC1,O=C(NCCCCc1ccccc1)c1cccc(-n2ncnc2-c2cnccn2)c1,False,False,False,,0.1414141414141414,0.15306122448979592,,,,,3.1834000000000024,4.048000000000003,0.8646000000000003,True,,,,,,,,,,,,,,,,,12.0,10.0,2.0,False
edit_latent_source_similarity_rerank,mpair_00002577_cond_00_2p,mpair_00002577,eval,2,"HBD,RB",COc1cc(C(=O)N2CCN(C(=O)c3cc(OC)c(OC)c(OC)c3)C(COC(=O)NCCC(C)C)C2)cc(OC)c1OC,COc1cc(C(=O)N2CCN(C(=O)c3cc(OC)c(OC)c(OC)c3)C(COC(=O)CC(C)(C)C)C2)cc(OC)c1OC,COc1ccccc1-c1ccc(C[C@H](NC(=O)Cc2ccc(-c3ccccc3)cc2)C(=O)O)cc1,O=C(c1ccccc1)N1CCN(C(=O)c2ccccc2)CC1,O=C(Cc1ccc(-c2ccccc2)cc1)NCCc1ccc(-c2ccccc2)cc1,False,False,False,,0.2,0.1794871794871795,,,,,,,,,,,,,,,,,0.0,2.0,2.0,False,,,,,11.0,9.0,2.0,False
edit_latent_source_similarity_rerank,mpair_00002578_cond_02_2p,mpair_00002578,eval,2,"LogP,RB",CCN(CC)C(=O)OCC1CN(C(=O)c2cc(OC)c(OC)c(OC)c2)CCN1C(=O)c1cc(OC)c(OC)c(OC)c1,COc1cc(C(=O)N2CCN(C(=O)c3cc(OC)c(OC)c(OC)c3)C(COC(=O)CC(C)(C)C)C2)cc(OC)c1OC,COc1cc(C(=O)NCC2(N(C)C)CCCC2)cc(OC)c1OCc1ccccc1,O=C(c1ccccc1)N1CCN(C(=O)c2ccccc2)CC1,O=C(NCC1CCCC1)c1ccc(OCc2ccccc2)cc1,False,False,False,,0.24358974358974358,0.22784810126582278,,,,,3.684400000000003,3.887000000000003,0.20260000000000034,True,,,,,,,,,,,,,,,,,11.0,9.0,2.0,False
edit_latent_source_similarity_rerank,mpair_00002589_cond_00_2p,mpair_00002589,eval,2,"QED,HBA",COc1cc(C(=O)N2CCN(C(=O)c3cc(OC)c(OC)c(OC)c3)C(CO)C2)cc(OC)c1OC,CCN(CC)C(=O)OCC1CN(C(=O)c2cc(OC)c(OC)c(OC)c2)CCN1C(=O)c1cc(OC)c(OC)c(OC)c1,COc1cc2c(N3CCN(C(=O)Nc4ccc(Oc5ccccc5)cc4)CC3)ncnc2c(OC)c1OC,O=C(c1ccccc1)N1CCN(C(=O)c2ccccc2)CC1,O=C(Nc1ccc(Oc2ccccc2)cc1)N1CCN(c2ncnc3ccccc23)CC1,False,False,False,,0.2597402597402597,0.24705882352941178,,,,,,,,,0.3571777118480848,0.37482137545173455,0.017643663603649773,True,,,,,,,,,10.0,8.0,2.0,False,,,,
edit_latent_source_similarity_rerank,mpair_00002597_cond_01_2p,mpair_00002597,eval,2,"MW,LogP",COc1ccc(C(=O)Nc2c(Cl)cncc2Cl)c2ccc(C(C)=O)nc12,COc1ccc(C(=O)Nc2ccncc2Cl)c2cccnc12,COc1ccc(C(=O)Nc2c(Cl)cncc2Cl)cc1OC,O=C(Nc1ccncc1)c1cccc2ncccc12,O=C(Nc1ccncc1)c1ccccc1,False,True,False,,0.5185185185185185,0.3898305084745763,313.744,327.1670000000001,13.423000000000059,True,3.544100000000002,3.6579000000000024,0.11380000000000035,True,,,,,,,,,,,,,,,,,,,,
edit_latent_source_similarity_rerank,mpair_00002599_cond_02_2p,mpair_00002599,eval,2,"TPSA,HBA",COc1ccc(C(=O)Nc2c(Cl)cncc2Cl)c2ccc(C(C)=O)nc12,CCc1ccc2c(C(=O)Nc3c(Cl)cncc3Cl)ccc(OC)c2n1,COc1ccccc1C(=O)Nc1ccc(Cl)c(C(=O)OC2CCCC2)c1,O=C(Nc1ccncc1)c1cccc2ncccc12,O=C(Nc1cccc(C(=O)OC2CCCC2)c1)c1ccccc1,False,True,False,,0.2777777777777778,0.273972602739726,,,,,,,,,,,,,64.11,64.63,0.519999999999996,True,,,,,4.0,4.0,0.0,True,,,,
edit_latent_source_similarity_rerank,mpair_00002603_cond_00_2p,mpair_00002603,eval,2,"LogP,HBD",COc1ccc(C(=O)Nc2c(Cl)cncc2Cl)c2ccc(C(C)O)nc12,CCc1ccc2c(C(=O)Nc3c(Cl)cncc3Cl)ccc(OC)c2n1,COc1ccc(C(=O)Nc2ccccc2Cl)c2cc(C(C)=O)oc12,O=C(Nc1ccncc1)c1cccc2ncccc12,O=C(Nc1ccccc1)c1cccc2occc12,False,True,False,,0.34782608695652173,0.35294117647058826,,,,,4.759900000000003,4.549700000000002,0.2102000000000004,True,,,,,,,,,1.0,1.0,0.0,True,,,,,,,,
edit_latent_source_similarity_rerank,mpair_00002608_cond_00_2p,mpair_00002608,eval,2,"MW,LogP",COc1ccc(C(=O)Nc2ccncc2Cl)c2cccnc12,COc1ccc(C(=O)Nc2c(F)cncc2F)c2ccc(C(F)(F)F)nc12,COC(=O)[C@H](NC(=O)c1cc(-c2ccccc2)nc2ccccc12)C(C)C,O=C(Nc1ccncc1)c1cccc2ncccc12,c1ccc(-c2ccc3ccccc3n2)cc1,False,True,False,,0.2191780821917808,0.2,383.276,362.4290000000001,20.846999999999923,True,4.187700000000001,3.829200000000003,0.3584999999999985,True,,,,,,,,,,,,,,,,,,,,
edit_latent_source_similarity_rerank,mpair_00002611_cond_02_2p,mpair_00002611,eval,2,"QED,TPSA",COc1ccc(C(=O)Nc2ccncc2Cl)c2ccc(C(F)(F)F)nc12,COc1ccc(C(=O)Nc2c(Cl)cncc2Cl)c2ccc(C(C)=O)nc12,COc1cc2c(cc1C(F)(F)F)N(C(=O)Nc1ccc(Oc3cccnc3)nc1)CC2,O=C(Nc1ccncc1)c1cccc2ncccc12,O=C(Nc1ccc(Oc2cccnc2)nc1)N1CCc2ccccc21,False,True,False,,0.25842696629213485,0.18888888888888888,,,,,,,,,0.6681926051832562,0.6378416538336554,0.030350951349600752,True,81.17999999999999,76.58,4.599999999999994,True,,,,,,,,,,,,
edit_latent_source_similarity_rerank,mpair_00002615_cond_00_2p,mpair_00002615,eval,2,"MW,QED",COc1ccc(C(=O)Nc2c(F)cncc2F)c2ccc(C(F)(F)F)nc12,COc1ccc(C(=O)Nc2c(Cl)cncc2Cl)c2cccnc12,Cc1cc(F)ccc1Nc1c(C(=O)C(C)C)cnc2c(CO)cccc12,O=C(Nc1ccncc1)c1cccc2ncccc12,c1ccc(Nc2ccnc3ccccc23)cc1,False,False,False,,0.19753086419753085,0.22077922077922077,348.1890000000001,352.4090000000001,4.220000000000027,True,,,,,0.7706046174674384,0.6501948452363814,0.12040977223105698,False,,,,,,,,,,,,,,,,
edit_latent_source_similarity_rerank,mpair_00002619_cond_00_2p,mpair_00002619,eval,2,"TPSA,RB",COc1ccc(C(=O)Nc2c(Cl)cncc2Cl)c2ccc(C(C)O)nc12,COc1ccc(C(=O)Nc2ccncc2Cl)c2ccc(C(F)(F)F)nc12,Cc1c(Cc2ccccc2)c(=O)oc2cc(OC(=O)N(C)C)ccc12,O=C(Nc1ccncc1)c1cccc2ncccc12,O=c1oc2ccccc2cc1Cc1ccccc1,False,True,False,,0.11904761904761904,0.11494252873563218,,,,,,,,,,,,,64.11,59.75,4.359999999999999,True,,,,,,,,,3.0,3.0,0.0,True
edit_latent_source_similarity_rerank,mpair_00002623_cond_00_2p,mpair_00002623,eval,2,"LogP,RB",COc1ccc(C(=O)Nc2c(F)cncc2F)c2ccc(C(F)(F)F)nc12,CCc1ccc2c(C(=O)Nc3c(Cl)cncc3Cl)ccc(OC)c2n1,COc1ccc(C(=O)Nc2c(Cl)cncc2Cl)c2[nH]c(C3CC3)nc12,O=C(Nc1ccncc1)c1cccc2ncccc12,O=C(Nc1ccncc1)c1cccc2nc(C3CC3)[nH]c12,False,True,False,,0.4057971014492754,0.5396825396825397,,,,,4.759900000000003,4.403000000000002,0.35690000000000044,True,,,,,,,,,,,,,,,,,4.0,4.0,0.0,True
edit_latent_source_similarity_rerank,mpair_00002626_cond_01_2p,mpair_00002626,eval,2,"LogP,QED",COc1ccc(C(=O)Nc2c(F)cncc2F)c2ccc(C(F)(F)F)nc12,COc1ccc(C(=O)Nc2ccncc2Cl)c2cccnc12,CCOC(=O)c1c(-c2ccc(C)cc2)nc2ccccn12,O=C(Nc1ccncc1)c1cccc2ncccc12,c1ccc(-c2cn3ccccc3n2)cc1,False,False,False,,0.12987012987012986,0.13157894736842105,,,,,3.544100000000002,3.4864200000000016,0.0576800000000004,True,0.8029165077767629,0.6897539142834709,0.11316259349329205,False,,,,,,,,,,,,,,,,
edit_latent_source_similarity_rerank,mpair_00003108_cond_00_2p,mpair_00003108,eval,2,"LogP,QED",CN1CCC[C@H]1COc1ccc(Cl)nn1,CN1CCC[C@H]1COc1cccnn1,C[C@@H]1c2ccccc2N(C)[C@@H]1C1=NCCN1,c1cnnc(OC[C@@H]2CCCN2)c1,c1ccc2c(c1)C[C@@H](C1=NCCN1)N2,False,True,False,,0.16666666666666666,0.21052631578947367,,,,,0.9495999999999998,1.6101999999999999,0.6606000000000001,True,0.7160423680458043,0.7704345561108572,0.05439218806505286,True,,,,,,,,,,,,,,,,
edit_latent_source_similarity_rerank,mpair_00003109_cond_02_2p,mpair_00003109,eval,2,"LogP,QED",CN1CCC[C@H]1COc1cccnn1,CN1CCC[C@H]1COc1ccc(Cl)nn1,CCOC(=O)c1ncn2c1CN(C)C(=O)c1cc(C#N)ccc1-2,c1cnnc(OC[C@@H]2CCCN2)c1,O=C1NCc2cncn2-c2ccccc21,False,True,False,,0.16,0.15789473684210525,,,,,1.6029999999999998,1.5062799999999998,0.09671999999999992,True,0.7864914737289573,0.7844336004963512,0.002057873232606089,True,,,,,,,,,,,,,,,,
edit_latent_source_similarity_rerank,mpair_00003111_cond_01_2p,mpair_00003111,eval,2,"QED,RB",Cc1nc2nnc(C(C)(C)C)nn2c(=O)c1C,CCCCc1nnc2nc(C)c(C)c(=O)n2n1,Cn1c(=O)c2nc(-c3ccc(S(=O)(=O)O)cc3)[nH]c2n(C)c1=O,O=c1ccnc2nncnn12,O=c1[nH]c(=O)c2nc(-c3ccccc3)[nH]c2[nH]1,False,False,False,,0.13114754098360656,0.12307692307692308,,,,,,,,,0.7849999676400611,0.6278456130683764,0.1571543545716847,False,,,,,,,,,,,,,3.0,2.0,1.0,True
edit_latent_source_similarity_rerank,mpair_00003113_cond_02_2p,mpair_00003113,eval,2,"MW,RB",Cc1nc2nncnn2c(=O)c1C,CCCCc1nnc2nc(C)c(C)c(=O)n2n1,Cc1cn([C@H]2CO[C@@H](CO)C2)c(=O)[nH]c1=O,O=c1ccnc2nncnn12,O=c1ccn([C@@H]2CCOC2)c(=O)[nH]1,False,True,False,,0.1206896551724138,0.109375,233.275,226.23199999999997,7.043000000000035,True,,,,,,,,,,,,,,,,,,,,,3.0,2.0,1.0,True
edit_latent_source_similarity_rerank,mpair_00003202_cond_01_2p,mpair_00003202,eval,2,"TPSA,HBA",O=C(OCc1ccc(-c2ccccc2)cc1)n1cccn1,N#Cc1cnn(C(=O)OCc2ccc(-c3ccccc3)cc2)c1,Nc1sc2c(c1C(=O)c1ccc(-c3ccccc3)cc1)CCN(C(=O)OCc1ccccc1)C2,O=C(OCc1ccc(-c2ccccc2)cc1)n1cccn1,O=C(c1ccc(-c2ccccc2)cc1)c1csc2c1CCN(C(=O)OCc1ccccc1)C2,False,True,False,,0.36507936507936506,0.3333333333333333,,,,,,,,,,,,,67.91,72.63000000000001,4.720000000000013,True,,,,,5.0,5.0,0.0,True,,,,
edit_latent_source_similarity_rerank,mpair_00003204_cond_00_2p,mpair_00003204,eval,2,"TPSA,HBA",Cc1cnn(C(=O)OCc2ccc(-c3ccccc3)cc2)c1,N#Cc1cnn(C(=O)OCc2ccc(-c3ccccc3)cc2)c1,Cc1c(Cc2ccccn2)c(=O)oc2cc(OC(=O)N(C)C)ccc12,O=C(OCc1ccc(-c2ccccc2)cc1)n1cccn1,O=c1oc2ccccc2cc1Cc1ccccn1,False,True,False,,0.17105263157894737,0.15,,,,,,,,,,,,,67.91,72.64,4.730000000000004,True,,,,,5.0,5.0,0.0,True,,,,
edit_latent_source_similarity_rerank,mpair_00003205_cond_02_2p,mpair_00003205,eval,2,"TPSA,HBA",N#Cc1cnn(C(=O)OCc2ccc(-c3ccccc3)cc2)c1,O=C(OCc1ccc(-c2ccccc2)cc1)n1cccn1,CCOC(=O)C(Cc1ccccc1)N(C)C(=O)Cc1ccc(OCc2ccccc2)cc1,O=C(OCc1ccc(-c2ccccc2)cc1)n1cccn1,O=C(Cc1ccc(OCc2ccccc2)cc1)NCCc1ccccc1,False,True,False,,0.2727272727272727,0.2786885245901639,,,,,,,,,,,,,44.120000000000005,55.84,11.719999999999999,True,,,,,4.0,4.0,0.0,True,,,,
edit_latent_source_similarity_rerank,mpair_00003209_cond_00_2p,mpair_00003209,eval,2,"QED,TPSA",NC(=S)N/N=C/c1cccc(OCc2ccc3no[n+]([O-])c3c2)c1,NC(=O)N/N=C\c1ccccc1OCc1ccc2no[n+]([O-])c2c1,CO/C(O)=C1\C(C)=NC(C)=C([N+](=O)[O-])C1c1cccc2nonc12,c1ccc(OCc2ccc3no[nH+]c3c2)cc1,C=C1C=NC=CC1c1cccc2nonc12,False,False,False,,0.15384615384615385,0.15730337078651685,,,,,,,,,0.4106849547701945,0.5208875744122843,0.11020261964208977,False,129.68,123.88,5.800000000000011,True,,,,,,,,,,,,
edit_latent_source_similarity_rerank,mpair_00003212_cond_01_2p,mpair_00003212,eval,2,"HBD,RB",CC(C)NC(=O)c1ccc2c(Nc3ccc(Cl)cc3)nc(N3CCOCC3)nc2c1,COC(=O)c1ccc2c(Nc3ccc(Cl)cc3)nc(N3CCOCC3)nc2c1,CC(Nc1ccccc1)c1cc(C(=O)N2CCOCC2)cn2c(=O)cc(N3CCOCC3)nc12,c1ccc(Nc2nc(N3CCOCC3)nc3ccccc23)cc1,O=C(c1cc(CNc2ccccc2)c2nc(N3CCOCC3)cc(=O)n2c1)N1CCOCC1,False,True,False,,0.28735632183908044,0.26744186046511625,,,,,,,,,,,,,,,,,1.0,1.0,0.0,True,,,,,4.0,5.0,1.0,True
edit_latent_source_similarity_rerank,mpair_00003216_cond_01_2p,mpair_00003216,eval,2,"HBD,HBA",COC(=O)c1ccc2c(Nc3ccc(Cl)cc3)nc(N3CCOCC3)nc2c1,CC(C)NC(=O)c1ccc2c(Nc3ccc(Cl)cc3)nc(N3CCOCC3)nc2c1,CC(=O)Nc1ccc(NC(=O)CCN2CCN(c3ccccn3)CC2)cc1,c1ccc(Nc2nc(N3CCOCC3)nc3ccccc23)cc1,O=C(CCN1CCN(c2ccccn2)CC1)Nc1ccccc1,False,True,False,,0.1875,0.18072289156626506,,,,,,,,,,,,,,,,,2.0,2.0,0.0,True,6.0,5.0,1.0,True,,,,
edit_latent_source_similarity_rerank,mpair_00003224_cond_00_2p,mpair_00003224,eval,2,"QED,RB",COCCCN(/C(S)=C1/C(=O)c2cc(Cl)ccc2N(C)C1=O)c1ccccc1,COc1ccc(N(C)/C(S)=C2/C(=O)c3cc(Cl)ccc3N(C)C2=O)cc1,CCN1c2ncc(CCc3ccccc3)cc2C(=O)N(C)c2cccnc21,O=C1Nc2ccccc2C(=O)/C1=C/Nc1ccccc1,O=C1Nc2cccnc2Nc2ncc(CCc3ccccc3)cc21,False,False,False,,0.225,0.1794871794871795,,,,,,,,,0.4935411914533051,0.7070077435830747,0.21346655212976962,False,,,,,,,,,,,,,3.0,4.0,1.0,True
edit_latent_source_similarity_rerank,mpair_00003225_cond_02_2p,mpair_00003225,eval,2,"QED,RB",COCCCN(/C(S)=C1/C(=O)c2cc(Cl)ccc2N(C)C1=O)c1ccccc1,COc1cccc(N(C)/C(S)=C2/C(=O)c3cc(Cl)ccc3N(C)C2=O)c1,CCOC(=O)c1cccnc1N1CCN(C(=O)c2cc3ccccc3[nH]2)CC1,O=C1Nc2ccccc2C(=O)/C1=C/Nc1ccccc1,O=C(c1cc2ccccc2[nH]1)N1CCN(c2ccccn2)CC1,False,False,False,,0.1276595744680851,0.10752688172043011,,,,,,,,,0.4935411914533051,0.7064670354421587,0.2129258439888536,False,,,,,,,,,,,,,3.0,4.0,1.0,True
edit_latent_source_similarity_rerank,mpair_00003227_cond_01_2p,mpair_00003227,eval,2,"QED,RB",COc1ccc(N(C)/C(S)=C2/C(=O)c3cc(Cl)ccc3N(C)C2=O)cc1,COCCCN(/C(S)=C1/C(=O)c2cc(Cl)ccc2N(C)C1=O)c1ccccc1,COc1ccc2ccc3c4ccccc4c(NCCN(C)C)nc3c2c1,O=C1Nc2ccccc2C(=O)/C1=C/Nc1ccccc1,c1ccc2c(c1)cnc1c3ccccc3ccc21,False,False,False,,0.16883116883116883,0.14285714285714285,,,,,,,,,0.3319041471572704,0.5396015512310522,0.20769740407378184,False,,,,,,,,,,,,,6.0,5.0,1.0,True
edit_latent_source_similarity_rerank,mpair_00003531_cond_00_2p,mpair_00003531,eval,2,"TPSA,HBA",CC(C)Oc1cccc(N(Cc2cccnc2)S(=O)(=O)CC(F)(F)F)c1,CCOC(=O)C(C)Oc1cccc(N(Cc2cccnc2)S(=O)(=O)CC(F)(F)F)c1,Cc1ccc(S(=O)(=O)NC(=O)Cc2cccc(OCc3nc4ccccc4s3)c2)cc1,c1ccc(NCc2cccnc2)cc1,O=C(Cc1cccc(OCc2nc3ccccc3s2)c1)NS(=O)(=O)c1ccccc1,False,True,False,,0.20689655172413793,0.21739130434782608,,,,,,,,,,,,,85.80000000000001,85.36,0.44000000000001194,True,,,,,6.0,6.0,0.0,True,,,,
edit_latent_source_similarity_rerank,mpair_00003534_cond_02_2p,mpair_00003534,eval,2,"QED,RB",O=S(=O)(CC(F)(F)F)N(Cc1cccnc1)c1cccc(OC(F)(F)F)c1,CC(C)Oc1cccc(N(Cc2cccnc2)S(=O)(=O)CC(F)(F)F)c1,Cc1cc(OCc2ccc(-c3ccccc3-c3nn[nH]n3)cc2)c(C)c(C)n1,c1ccc(NCc2cccnc2)cc1,c1ccc(-c2nn[nH]n2)c(-c2ccc(COc3ccncc3)cc2)c1,False,False,False,,0.10588235294117647,0.11627906976744186,,,,,,,,,0.7245796953652621,0.5613909062796119,0.16318878908565027,False,,,,,,,,,,,,,7.0,5.0,2.0,False
edit_latent_source_similarity_rerank,mpair_00003538_cond_02_2p,mpair_00003538,eval,2,"LogP,HBA",CCC(C)COc1cccc(N(Cc2cccnc2)S(=O)(=O)CC(F)(F)F)c1,CCOC(=O)C(C)Oc1cccc(N(Cc2cccnc2)S(=O)(=O)CC(F)(F)F)c1,COc1ccc2ccc(S(=O)(=O)N(Cc3ccccn3)[C@H]3CCN(Cc4cccc(C(=N)N)c4)C3=O)cc2c1,c1ccc(NCc2cccnc2)cc1,O=C1[C@@H](N(Cc2ccccn2)S(=O)(=O)c2ccc3ccccc3c2)CCN1Cc1ccccc1,False,True,False,,0.18518518518518517,0.18181818181818182,,,,,3.3107000000000024,3.519470000000001,0.20876999999999857,True,,,,,,,,,,,,,6.0,6.0,0.0,True,,,,
edit_latent_source_similarity_rerank,mpair_00003542_cond_01_2p,mpair_00003542,eval,2,"QED,RB",CC(C)COc1cccc(N(Cc2cccnc2)S(=O)(=O)CC(F)(F)F)c1,CCC(C)COc1cccc(N(Cc2cccnc2)S(=O)(=O)CC(F)(F)F)c1,Cc1c(F)c(Oc2cccc(CC(=O)O)c2)nc(Oc2cccc(C(=N)N)c2)c1F,c1ccc(NCc2cccnc2)cc1,c1ccc(Oc2cccc(Oc3ccccc3)n2)cc1,False,False,False,,0.2073170731707317,0.2,,,,,,,,,0.6078002459089881,0.39527312246102536,0.2125271234479627,False,,,,,,,,,,,,,9.0,7.0,2.0,False
edit_latent_source_similarity_rerank,mpair_00003544_cond_00_2p,mpair_00003544,eval,2,"LogP,RB",CC(C)COc1cccc(N(Cc2cccnc2)S(=O)(=O)CC(F)(F)F)c1,CCCC(C)Oc1cccc(N(Cc2cccnc2)S(=O)(=O)CC(F)(F)F)c1,CCS(=O)(=O)N(Cc1cccnc1)c1ccc(C(F)c2ccccc2)cc1,c1ccc(NCc2cccnc2)cc1,c1ccc(Cc2ccc(NCc3cccnc3)cc2)cc1,False,False,False,,0.4461538461538462,0.4696969696969697,,,,,4.547700000000003,4.496800000000004,0.0508999999999995,True,,,,,,,,,,,,,,,,,9.0,7.0,2.0,False
edit_latent_source_similarity_rerank,mpair_00003547_cond_00_2p,mpair_00003547,eval,2,"QED,RB",CCC(C)COc1cccc(N(Cc2cccnc2)S(=O)(=O)CC(F)(F)F)c1,CC(C)COc1cccc(N(Cc2cccnc2)S(=O)(=O)CC(F)(F)F)c1,C[C@H](NC(=O)N1C(=O)C[C@]1(Cc1ccccc1)C(=O)OC(C)(C)C)c1ccccc1,c1ccc(NCc2cccnc2)cc1,O=C1CC(Cc2ccccc2)N1C(=O)NCc1ccccc1,False,False,False,,0.1839080459770115,0.16279069767441862,,,,,,,,,0.6693605971809802,0.5990585632942182,0.07030203388676193,True,,,,,,,,,,,,,8.0,5.0,3.0,False
edit_latent_source_similarity_rerank,mpair_00000000_cond_00_3p,mpair_00000000,eval,3,"LogP,HBA,RB",O=C(c1cccc(Cl)c1)N1C[C@H](CN2CCC(c3ccccc3)CC2)[C@@H](c2ccccc2)C1,COc1cccc(C(=O)N2C[C@H](CN3CCC(c4ccccc4)CC3)[C@@H](c3ccccc3)C2)c1,O=C(Nc1ccccc1)O[C@H]1C2CCN(CC2)[C@H]1C(c1ccccc1)c1ccccc1,O=C(c1ccccc1)N1C[C@H](CN2CCC(c3ccccc3)CC2)[C@@H](c2ccccc2)C1,O=C(Nc1ccccc1)O[C@H]1C2CCN(CC2)[C@H]1C(c1ccccc1)c1ccccc1,False,True,False,,0.18666666666666668,0.19480519480519481,,,,,5.430600000000005,5.530000000000006,0.09940000000000015,True,,,,,,,,,,,,,3.0,3.0,0.0,True,6.0,5.0,1.0,True
edit_latent_source_similarity_rerank,mpair_00000006_cond_01_3p,mpair_00000006,eval,3,"MW,LogP,QED",O=C(c1ccccc1F)N1C[C@H](CN2CCC(c3ccccc3)CC2)[C@@H](c2ccccc2)C1,O=C(c1ccccc1C(F)(F)F)N1C[C@H](CN2CCC(c3ccccc3)CC2)[C@@H](c2ccccc2)C1,CCc1cc(Cl)cc2nc(O)c(-c3cccc(Oc4ccccc4)c3)c(O)c12,O=C(c1ccccc1)N1C[C@H](CN2CCC(c3ccccc3)CC2)[C@@H](c2ccccc2)C1,c1ccc(Oc2cccc(-c3cnc4ccccc4c3)c2)cc1,False,False,False,,0.10843373493975904,0.10465116279069768,492.5850000000002,391.8540000000001,100.73100000000011,False,6.4408000000000065,6.321100000000005,0.1197000000000017,True,0.4092272471712491,0.4268727195503551,0.01764547237910602,True,,,,,,,,,,,,,,,,
edit_latent_source_similarity_rerank,mpair_00000010_cond_00_3p,mpair_00000010,eval,3,"QED,HBA,RB",O=C(c1ccccc1C(F)(F)F)N1C[C@H](CN2CCC(c3ccccc3)CC2)[C@@H](c2ccccc2)C1,COc1cccc(C(=O)N2C[C@H](CN3CCC(c4ccccc4)CC3)[C@@H](c3ccccc3)C2)c1,O=C(/C=C\N(O)Cc1ccccc1)c1ccc(F)cc1,O=C(c1ccccc1)N1C[C@H](CN2CCC(c3ccccc3)CC2)[C@@H](c2ccccc2)C1,O=C(/C=C\NCc1ccccc1)c1ccccc1,False,True,False,,0.1527777777777778,0.14666666666666667,,,,,,,,,0.49786269936596683,0.5144187326957738,0.01655603332980693,True,,,,,,,,,3.0,3.0,0.0,True,6.0,5.0,1.0,True
edit_latent_source_similarity_rerank,mpair_00000018_cond_01_3p,mpair_00000018,eval,3,"MW,QED,RB",COC(=O)C1=C(c2ccc(Cl)nc2)CC2CCC1N2C,CN1C2C=C(c3ccc(Cl)nc3)CC1CC2,Cc1ccnc(-c2ccc(-c3ccccc3)cn2)c1,C1=C(c2cccnc2)CC2CCC1N2,c1ccc(-c2ccc(-c3ccccn3)nc2)cc1,False,True,False,,0.1746031746031746,0.2,234.72999999999996,246.31300000000002,11.583000000000055,True,,,,,0.6949032404938756,0.6794137295047301,0.015489510989145527,True,,,,,,,,,,,,,1.0,2.0,1.0,True
edit_latent_source_similarity_rerank,mpair_00000323_cond_00_3p,mpair_00000323,eval,3,"TPSA,HBD,HBA",N[C@@H](C(=O)N[C@@H]1C(=O)N2C(C(=O)O)=C(C(F)(F)F)CC[C@H]12)c1ccc(F)cc1,N[C@@H](C(=O)N[C@@H]1C(=O)N2C(C(=O)O)=C(C(F)(F)F)CC[C@H]12)c1ccc(O)cc1,N[C@@H](Cc1ccc(O)cc1)C(=O)N1CCC[C@H]1C(=O)N[C@@H](Cc1ccccc1)C(=O)Nc1cccc2ncccc12,O=C(Cc1ccccc1)N[C@@H]1C(=O)N2C=CCC[C@H]12,O=C(Nc1cccc2ncccc12)[C@H](Cc1ccccc1)NC(=O)[C@@H]1CCCN1C(=O)CCc1ccccc1,False,True,False,,0.1553398058252427,0.20202020202020202,,,,,,,,,,,,,132.96,137.64999999999998,4.689999999999969,True,4.0,4.0,0.0,True,5.0,6.0,1.0,True,,,,
edit_latent_source_similarity_rerank,mpair_00000329_cond_02_3p,mpair_00000329,eval,3,"QED,HBA,RB",CSC1=C(C(=O)O)N2C(=O)[C@@H](NC(=O)[C@H](N)c3ccccc3)[C@H]2CC1,N[C@@H](C(=O)N[C@@H]1C(=O)N2C(C(=O)O)=C(C(F)(F)F)CC[C@H]12)c1ccc(F)cc1,O=C(Cc1nc2ccccc2c(=O)n1-c1ccc(Br)cc1)c1ccccn1,O=C(Cc1ccccc1)N[C@@H]1C(=O)N2C=CCC[C@H]12,O=C(Cc1nc2ccccc2c(=O)n1-c1ccccc1)c1ccccn1,False,True,False,,0.15853658536585366,0.12790697674418605,,,,,,,,,0.5187711593734389,0.4690341769818721,0.049736982391566764,True,,,,,,,,,4.0,5.0,1.0,True,4.0,4.0,0.0,True
edit_latent_source_similarity_rerank,mpair_00000331_cond_02_3p,mpair_00000331,eval,3,"TPSA,HBD,HBA",N[C@@H](C(=O)N[C@@H]1C(=O)N2C(C(=O)O)=C(C(F)(F)F)CC[C@H]12)c1ccc(O)cc1,N[C@@H](C(=O)N[C@@H]1C(=O)N2C(C(=O)O)=C(C(F)(F)F)CC[C@H]12)c1ccc(F)cc1,CC1(C)S[C@@H]2[C@H](NC(=O)[C@@H](CCCCN)c3ccccc3)C(=O)N2[C@H]1C(=O)O,O=C(Cc1ccccc1)N[C@@H]1C(=O)N2C=CCC[C@H]12,O=C(Cc1ccccc1)N[C@@H]1C(=O)N2CCS[C@H]12,False,True,False,,0.2235294117647059,0.2235294117647059,,,,,,,,,,,,,112.73,112.73,0.0,True,3.0,3.0,0.0,True,4.0,5.0,1.0,True,,,,
edit_latent_source_similarity_rerank,mpair_00000336_cond_01_3p,mpair_00000336,eval,3,"MW,LogP,QED",N[C@@H](C(=O)N[C@@H]1C(=O)N2C(C(=O)O)=C(C(F)(F)F)CC[C@H]12)c1cccc(Br)c1,N[C@@H](C(=O)N[C@@H]1C(=O)N2C(C(=O)O)=C(C(F)(F)F)CC[C@H]12)c1ccc(F)cc1,N=C(N)c1ccc(CNC(=O)[C@@H]2CCC[C@H]2C(=O)NC2CCCCC2)cc1,O=C(Cc1ccccc1)N[C@@H]1C(=O)N2C=CCC[C@H]12,O=C(NCc1ccccc1)[C@@H]1CCC[C@H]1C(=O)NC1CCCCC1,False,False,False,,0.1411764705882353,0.14814814814814814,401.3160000000001,370.4970000000001,30.81899999999996,True,1.2158999999999993,2.45207,1.2361700000000007,False,0.5187711593734389,0.4561040564564936,0.06266710291694527,True,,,,,,,,,,,,,,,,
edit_latent_source_similarity_rerank,mpair_00000595_cond_02_3p,mpair_00000595,eval,3,"QED,HBD,RB",COc1ccc(CCCC[C@@H]2N[C@@H](CO)[C@H](O)[C@H]2O)cc1,OC[C@@H]1N[C@@H](CCCCc2ccc(O)cc2)[C@H](O)[C@H]1O,N=C(N)c1ccc(CNC(=O)C2CCCC=C2C(=O)Nc2ccccc2)cc1,c1ccc(CCCC[C@H]2CCCN2)cc1,O=C(Nc1ccccc1)C1=CCCCC1C(=O)NCc1ccccc1,False,True,False,,0.10256410256410256,0.10810810810810811,,,,,,,,,0.47902706341404183,0.4596513317262453,0.01937573168779655,True,,,,,5.0,4.0,1.0,True,,,,,6.0,6.0,0.0,True
edit_latent_source_similarity_rerank,mpair_00000726_cond_02_3p,mpair_00000726,eval,3,"MW,QED,HBD",C=CCc1cc(/C=C2\SC(=O)NC2=O)c(OC)cc1OC1CCCCO1,C=CCc1cc(/C=C2\SC(=O)N(CC=C)C2=O)c(OC)cc1OC1CCCCO1,CCCN(c1ncc(CC)c(-c2ccc(OC)cc2OC)n1)C(C1CC1)C1CC1,O=C1NC(=O)/C(=C/c2ccc(OC3CCCCO3)cc2)S1,c1ccc(-c2ccnc(NC(C3CC3)C3CC3)n2)cc1,False,True,False,,0.16483516483516483,0.15789473684210525,415.51100000000025,395.5470000000002,19.964000000000055,True,,,,,0.45838471716690443,0.5581428908492422,0.09975817368233775,True,,,,,0.0,0.0,0.0,True,,,,,,,,
edit_latent_source_similarity_rerank,mpair_00000739_cond_02_3p,mpair_00000739,eval,3,"LogP,QED,RB",C=CCc1cc(/C=C2\SC(=O)N(CCCC)C2=O)c(OC)cc1OC1CCCCO1,C=CCc1cc(/C=C2\SC(=O)N(CC=C)C2=O)c(OC)cc1OC1CCCCO1,CCCCCCCn1cc2c3c(cccc31)C1CC(C(=O)OC)CN(C)C1C2,O=C1NC(=O)/C(=C/c2ccc(OC3CCCCO3)cc2)S1,c1cc2c3c(c[nH]c3c1)CC1NCCCC21,False,True,False,,0.14705882352941177,0.0970873786407767,,,,,4.551400000000004,4.744700000000004,0.1933000000000007,True,0.45838471716690443,0.5121181705935209,0.053733453426616506,True,,,,,,,,,,,,,8.0,7.0,1.0,True
edit_latent_source_similarity_rerank,mpair_00000742_cond_00_3p,mpair_00000742,eval,3,"LogP,QED,RB",C=CCc1cc(/C=C2\SC(=O)N(C)C2=O)c(OC)cc1OC1CCCCO1,C=CCc1cc(/C=C2\SC(=O)N(CC=C(C)C)C2=O)c(OC)cc1OC1CCCCO1,CCCCc1nc2ccccc2n1Cc1ccc(-c2ccccc2-c2nn[nH]n2)cc1,O=C1NC(=O)/C(=C/c2ccc(OC3CCCCO3)cc2)S1,c1ccc(-c2nn[nH]n2)c(-c2ccc(Cn3cnc4ccccc43)cc2)c1,False,True,False,,0.0594059405940594,0.05555555555555555,,,,,5.331600000000005,5.2743000000000055,0.057299999999999685,True,0.3995752918375223,0.39790327088028343,0.00167202095723884,True,,,,,,,,,,,,,8.0,7.0,1.0,True
edit_latent_source_similarity_rerank,mpair_00000747_cond_00_3p,mpair_00000747,eval,3,"LogP,HBD,RB",C=CCc1cc(/C=C2\SC(=O)N(CC=C)C2=O)c(OC)cc1OC1CCCCO1,C=CCc1cc(/C=C2\SC(=O)NC2=O)c(OC)cc1OC1CCCCO1,CNC(=O)C1c2ccccc2-c2ccc(OCCN3CCCCC3)cc21,O=C1NC(=O)/C(=C/c2ccc(OC3CCCCO3)cc2)S1,c1ccc2c(c1)Cc1cc(OCCN3CCCCC3)ccc1-2,False,True,False,,0.11578947368421053,0.10869565217391304,,,,,3.6530000000000022,3.409600000000002,0.24340000000000028,True,,,,,,,,,1.0,1.0,0.0,True,,,,,6.0,5.0,1.0,True
edit_latent_source_similarity_rerank,mpair_00000748_cond_02_3p,mpair_00000748,eval,3,"LogP,QED,RB",C=CCc1cc(/C=C2\SC(=O)N(C)C2=O)c(OC)cc1OC1CCCCO1,C=CCc1cc(/C=C2\SC(=O)N(CC=C)C2=O)c(OC)cc1OC1CCCCO1,Cc1oc(-c2ccc3ccccc3c2)nc1CCOc1ccc(CC2OC(=O)NC2=O)cc1,O=C1NC(=O)/C(=C/c2ccc(OC3CCCCO3)cc2)S1,O=C1NC(=O)C(Cc2ccc(OCCc3coc(-c4ccc5ccccc5c4)n3)cc2)O1,False,True,False,,0.09803921568627451,0.09615384615384616,,,,,4.551400000000004,4.602220000000004,0.05082000000000075,True,0.45838471716690443,0.449790857642032,0.008593859524872405,True,,,,,,,,,,,,,8.0,7.0,1.0,True
edit_latent_source_similarity_rerank,mpair_00000757_cond_02_3p,mpair_00000757,eval,3,"LogP,HBA,RB",COc1cccc(-c2cncc(O[C@@H]3CCNC3)c2)c1,Clc1cccc(-c2cncc(O[C@@H]3CCNC3)c2)c1,O=C1c2ccccc2-c2nnc(-c3ccc(F)c(F)c3)cc21,c1ccc(-c2cncc(O[C@@H]3CCNC3)c2)cc1,O=C1c2ccccc2-c2nnc(-c3ccccc3)cc21,False,False,False,,0.1044776119402985,0.12121212121212122,,,,,3.1427000000000014,3.6332000000000013,0.49049999999999994,True,,,,,,,,,,,,,3.0,3.0,0.0,True,3.0,1.0,2.0,False
edit_latent_source_similarity_rerank,mpair_00001124_cond_01_3p,mpair_00001124,eval,3,"LogP,HBA,RB",COc1ccc(N2CCN(CCC3NC(=O)c4ccccc43)CC2)cc1,Cc1ccc(N2CCN(CCC3NC(=O)c4ccccc43)CC2)cc1C,COc1ccc2[nH]c3c(c2c1)CCn1c-3nc2ccccc2c1=O,O=C1NC(CCN2CCN(c3ccccc3)CC2)c2ccccc21,O=c1c2ccccc2nc2n1CCc1c-2[nH]c2ccccc12,False,False,False,,0.24,0.17721518987341772,,,,,3.3002400000000023,3.1095000000000015,0.1907400000000008,True,,,,,,,,,,,,,3.0,4.0,1.0,True,4.0,1.0,3.0,False
edit_latent_source_similarity_rerank,mpair_00001131_cond_01_3p,mpair_00001131,eval,3,"HBD,HBA,RB",COc1ccc(N2CCN(CCC3c4ccccc4C(=O)N3C)CC2)cc1,Cc1ccc(N2CCN(CCC3NC(=O)c4ccccc43)CC2)cc1C,COC(=O)/C(C#N)=C1/C(=O)Nc2ccccc21,O=C1NC(CCN2CCN(c3ccccc3)CC2)c2ccccc21,C=C1C(=O)Nc2ccccc21,False,False,False,,0.17391304347826086,0.17142857142857143,,,,,,,,,,,,,,,,,1.0,1.0,0.0,True,3.0,4.0,1.0,True,4.0,1.0,3.0,False
edit_latent_source_similarity_rerank,mpair_00001133_cond_02_3p,mpair_00001133,eval,3,"QED,TPSA,HBA",COc1ccccc1CC(=O)NCCC1CCN(CC2COc3ccccc3O2)CC1,O=C(Cc1ccccc1[N+](=O)[O-])NCCC1CCN(CC2COc3ccccc3O2)CC1,CC(C)(C)OC(=O)CN1CCN(C[C@@H]2CN(c3ccc(C(=N)N)cc3)C(=O)O2)CC1,O=C(Cc1ccccc1)NCCC1CCN(CC2COc3ccccc3O2)CC1,O=C1O[C@H](CN2CCNCC2)CN1c1ccccc1,False,True,False,,0.23595505617977527,0.20652173913043478,,,,,,,,,0.5015202818225966,0.4069715606544424,0.09454872116815416,True,93.94,112.19000000000001,18.250000000000014,True,,,,,6.0,7.0,1.0,True,,,,
edit_latent_source_similarity_rerank,mpair_00002370_cond_02_3p,mpair_00002370,eval,3,"HBD,HBA,RB",CCOC(=O)/C=C/c1cc(C(=O)c2ccc(-n3ccnc3)cc2)cn1C,Cn1cc(C(=O)c2ccc(-n3ccnc3)cc2)cc1/C=C/C(=O)O,CCOC(=O)C1=C(O)C(=O)N(Cc2ccccn2)C1,O=C(c1ccc(-n2ccnc2)cc1)c1cc[nH]c1,O=C1C=CCN1Cc1ccccn1,False,True,False,,0.20512820512820512,0.1282051282051282,,,,,,,,,,,,,,,,,1.0,1.0,0.0,True,5.0,5.0,0.0,True,5.0,4.0,1.0,True
edit_latent_source_similarity_rerank,mpair_00002375_cond_02_3p,mpair_00002375,eval,3,"TPSA,HBD,HBA",COc1cccc2sc([C@@H]3C[C@H]4CC[C@@H](C3)N4C[C@H](O)COc3cccc4[nH]c(C(N)=O)cc34)cc12,COc1cccc2sc([C@@H]3C[C@H]4CC[C@@H](C3)N4C[C@H](O)COc3cccc4[nH]c(C)cc34)cc12,COc1cc(N)c(Cl)cc1NC(=O)C1CCN(Cc2cccc(F)c2)CC1,c1ccc2sc([C@@H]3C[C@H]4CC[C@@H](C3)N4CCCOc3cccc4[nH]ccc34)cc2c1,O=C(Nc1ccccc1)C1CCN(Cc2ccccc2)CC1,False,True,False,,0.22,0.19387755102040816,,,,,,,,,,,,,57.720000000000006,67.58999999999999,9.869999999999983,True,2.0,2.0,0.0,True,5.0,4.0,1.0,True,,,,
edit_latent_source_similarity_rerank,mpair_00002466_cond_00_3p,mpair_00002466,eval,3,"QED,HBA,RB",CN(C)CCCOc1cc(C(=O)Nc2ccc(Cl)cc2F)n(Cc2ccccc2)n1,CN(C)CCCOc1cc(C(=O)Nc2ccc(OC(F)(F)F)cc2)n(Cc2ccccc2)n1,COc1cccc(OC)c1-c1ccc(C[C@H](NC(=O)[C@@H]2CCN2S(=O)(=O)c2cc(Cl)cc(Cl)c2)C(=O)O)cc1,O=C(Nc1ccccc1)c1ccnn1Cc1ccccc1,O=C(NCCc1ccc(-c2ccccc2)cc1)[C@@H]1CCN1S(=O)(=O)c1ccccc1,False,True,False,,0.1919191919191919,0.16666666666666666,,,,,,,,,0.4522382232340766,0.36053099100750996,0.09170723222656663,True,,,,,,,,,6.0,6.0,0.0,True,10.0,10.0,0.0,True
edit_latent_source_similarity_rerank,mpair_00002469_cond_02_3p,mpair_00002469,eval,3,"MW,TPSA,HBA",COc1ccc(NC(=O)c2cc(OCCCN(C)C)nn2Cc2ccccc2)cc1,COc1cc(NC(=O)c2cc(OCCCN(C)C)nn2Cc2ccccc2)cc(OC)c1OC,COc1cc(C(=O)NS(=O)(=O)c2ccccc2)ccc1Cn1cnc2ccc(NC(=O)OC3CCCC3)cc21,O=C(Nc1ccccc1)c1ccnn1Cc1ccccc1,O=C(Nc1ccc2ncn(Cc3ccc(C(=O)NS(=O)(=O)c4ccccc4)cc3)c2c1)OC1CCCC1,False,False,False,,0.24,0.24752475247524752,468.5540000000002,548.6210000000003,80.06700000000012,False,,,,,,,,,87.08000000000001,128.62,41.53999999999999,False,,,,,8.0,8.0,0.0,True,,,,
edit_latent_source_similarity_rerank,mpair_00002472_cond_02_3p,mpair_00002472,eval,3,"MW,LogP,QED",COc1ccc(NC(=O)c2cc(OCCCN(C)C)nn2Cc2ccccc2)cc1,CN(C)CCCOc1cc(C(=O)Nc2cc(F)cc(C(F)(F)F)c2)n(Cc2ccccc2)n1,CCCCC(CC)C(=O)Nc1ccc2ccn(Cc3ccc(C(=O)NS(=O)(=O)c4ccccc4)c(OC)c3)c2c1,O=C(Nc1ccccc1)c1ccnn1Cc1ccccc1,O=C(NS(=O)(=O)c1ccccc1)c1ccc(Cn2ccc3ccccc32)cc1,False,False,False,,0.24242424242424243,0.19444444444444445,464.4630000000001,561.7040000000002,97.2410000000001,False,4.672100000000003,5.971800000000005,1.2997000000000023,False,0.369385517709234,0.22160998104196214,0.14777553666727186,False,,,,,,,,,,,,,,,,
edit_latent_source_similarity_rerank,mpair_00002478_cond_01_3p,mpair_00002478,eval,3,"MW,LogP,QED",CN(C)CCCOc1cc(C(=O)Nc2cccc(Cl)c2)n(Cc2ccccc2)n1,CN(C)CCCOc1cc(C(=O)Nc2cc(F)cc(C(F)(F)F)c2)n(Cc2ccccc2)n1,COc1ccc(C(=O)NCC2CCN(c3ccnc(Cl)n3)CC2)cc1OCCc1ccc(Cl)cc1Cl,O=C(Nc1ccccc1)c1ccnn1Cc1ccccc1,O=C(NCC1CCN(c2ccncn2)CC1)c1cccc(OCCc2ccccc2)c1,False,False,False,,0.19801980198019803,0.15454545454545454,464.4630000000001,549.8860000000002,85.42300000000012,False,4.672100000000003,5.713300000000006,1.0412000000000026,False,0.369385517709234,0.3444763177618687,0.02490919994736529,True,,,,,,,,,,,,,,,,
edit_latent_source_similarity_rerank,mpair_00002482_cond_00_3p,mpair_00002482,eval,3,"MW,LogP,QED",COc1ccc(NC(=O)c2cc(OCCCN(C)C)nn2Cc2ccccc2)cc1,CN(C)CCCOc1cc(C(=O)Nc2ccc(OC(F)(F)F)cc2)n(Cc2ccccc2)n1,CCCCCN(CCCCC)C(=O)CN1C[C@@H](c2ccc3c(c2)OCO3)[C@H](C(=O)O)[C@H]1c1ccc(OC)cc1,O=C(Nc1ccccc1)c1ccnn1Cc1ccccc1,c1ccc([C@@H]2C[C@H](c3ccc4c(c3)OCO4)CN2)cc1,False,False,False,,0.22340425531914893,0.16666666666666666,462.4720000000001,538.6850000000003,76.21300000000019,False,4.412800000000003,5.474200000000005,1.0614000000000017,False,0.4522382232340766,0.31899710323751357,0.13324111999656302,False,,,,,,,,,,,,,,,,
edit_latent_source_similarity_rerank,mpair_00002488_cond_00_3p,mpair_00002488,eval,3,"LogP,TPSA,HBA",C=Cc1cc(C(=O)OCC)n(S(=O)(=O)c2cc(Cl)ccc2N)c1,CC(C)OC(=O)c1cc(CO)cn1S(=O)(=O)c1cc(Cl)ccc1N,CO[C@@H]1OC(CNC(=O)OCc2ccccc2)[C@@H](O)C(OCc2ccccc2)[C@H]1O,O=S(=O)(c1ccccc1)n1cccc1,O=C(NCC1CC(OCc2ccccc2)CCO1)OCc1ccccc1,False,True,False,,0.13095238095238096,0.13253012048192772,,,,,2.0182,1.5912999999999995,0.4269000000000007,True,,,,,111.61999999999999,106.48000000000002,5.139999999999972,True,,,,,7.0,7.0,0.0,True,,,,
edit_latent_source_similarity_rerank,mpair_00002498_cond_00_3p,mpair_00002498,eval,3,"MW,QED,RB",CCc1ccc(NC2=C(Cl)C(=O)c3ncncc3C2=O)cc1,O=C1C(Nc2cccc(Br)c2)=C(Cl)C(=O)c2ncncc21,O=C1CC(c2ccccc2)CC(O)=C1Sc1cccc(Cl)c1,O=C1C(Nc2ccccc2)=CC(=O)c2ncncc21,O=C1CC(c2ccccc2)CC=C1Sc1ccccc1,False,True,False,,0.0958904109589041,0.14084507042253522,364.58600000000007,330.836,33.75000000000006,True,,,,,0.885902971993687,0.8239933896723098,0.06190958232137711,True,,,,,,,,,,,,,2.0,3.0,1.0,True
edit_latent_source_similarity_rerank,mpair_00002500_cond_02_3p,mpair_00002500,eval,3,"MW,QED,RB",O=C1C(Nc2ccc(Br)cc2)=C(Cl)C(=O)c2ncncc21,CCc1ccc(NC2=C(Cl)C(=O)c3ncncc3C2=O)cc1,O=c1ccc2ccc(CN3CCN(c4ccccc4)CC3)cc2o1,O=C1C(Nc2ccccc2)=CC(=O)c2ncncc21,O=c1ccc2ccc(CN3CCN(c4ccccc4)CC3)cc2o1,False,False,False,,0.07042253521126761,0.11267605633802817,313.744,320.3920000000001,6.648000000000081,True,,,,,0.9428073960459649,0.6949346169606636,0.24787277908530125,False,,,,,,,,,,,,,3.0,3.0,0.0,True
edit_latent_source_similarity_rerank,mpair_00002505_cond_01_3p,mpair_00002505,eval,3,"QED,HBA,RB",COc1ccc(C(=O)CN2c3ccccc3C(=O)N(Cc3ccccc3)S2(=O)=O)cc1,O=C(CN1c2ccccc2C(=O)N(Cc2ccccc2)S1(=O)=O)c1ccccc1,COc1ccc(-c2cc(=O)n(CC3CC3)nc2-c2ccc(OC)cc2)cc1,O=C(CN1c2ccccc2C(=O)N(Cc2ccccc2)S1(=O)=O)c1ccccc1,O=c1cc(-c2ccccc2)c(-c2ccccc2)nn1CC1CC1,False,True,False,,0.22535211267605634,0.11267605633802817,,,,,,,,,0.6096951629926923,0.6649329293545774,0.05523776636188504,True,,,,,,,,,4.0,5.0,1.0,True,5.0,6.0,1.0,True
edit_latent_source_similarity_rerank,mpair_00002510_cond_00_3p,mpair_00002510,eval,3,"LogP,TPSA,HBA",CSc1cc(-c2ccc(Br)cc2)oc(=O)c1C#N,CSc1cc(-c2ccc(Br)cc2)oc(=O)c1Cl,COc1cccc2oc(-c3ccc(Cl)cc3)cc(=O)c12,O=c1cccc(-c2ccccc2)o1,O=c1cc(-c2ccccc2)oc2ccccc12,False,True,False,,0.2413793103448276,0.3018867924528302,,,,,4.444600000000002,4.1220000000000026,0.32259999999999955,True,,,,,30.21,39.44,9.229999999999997,True,,,,,3.0,3.0,0.0,True,,,,
edit_latent_source_similarity_rerank,mpair_00002543_cond_01_3p,mpair_00002543,eval,3,"TPSA,HBD,RB",CSc1cc(-c2ccc(Br)cc2)oc(=O)c1Cl,CSc1cc(-c2ccc(Cl)cc2)oc(=O)c1C(N)=O,Cn1c(O)nc2ccc(-c3cccc([N+](=O)[O-])c3)cc21,O=c1cccc(-c2ccccc2)o1,c1ccc(-c2ccc3nc[nH]c3c2)cc1,False,True,False,,0.125,0.15151515151515152,,,,,,,,,,,,,73.30000000000001,81.19,7.889999999999986,True,1.0,1.0,0.0,True,,,,,3.0,2.0,1.0,True
edit_latent_source_similarity_rerank,mpair_00002559_cond_02_3p,mpair_00002559,eval,3,"LogP,QED,RB",CN(C(=O)n1nc(-c2ccc(Cl)cc2)nc1SCC(F)(F)F)c1ccccc1,CSc1nc(-c2ccc(C)cc2)nn1C(=O)N(C)c1ccccc1,Cc1c(N2CCC(c3ccccn3)C2)c(F)cn2c(=O)c(C(=O)O)cc(C3CC3)c12,O=C(Nc1ccccc1)n1cnc(-c2ccccc2)n1,O=c1ccc(C2CC2)c2cc(N3CCC(c4ccccn4)C3)ccn12,False,True,False,,0.13402061855670103,0.14606741573033707,,,,,4.079920000000002,3.711520000000002,0.3684000000000003,True,0.6753188675979567,0.7136673674748047,0.038348499876848074,True,,,,,,,,,,,,,3.0,4.0,1.0,True
edit_latent_source_similarity_rerank,mpair_00002564_cond_02_3p,mpair_00002564,eval,3,"LogP,QED,HBA",CSc1nc(-c2ccc(OC(F)(F)F)cc2)nn1C(=O)N(C)c1ccccc1,CN(C(=O)n1nc(-c2ccc(Cl)cc2)nc1SCC(F)(F)F)c1ccccc1,COc1ccc2c(C(=S)N(C)CC(=O)O)c(Oc3ccccc3)ccc2c1C(F)(F)F,O=C(Nc1ccccc1)n1cnc(-c2ccccc2)n1,c1ccc(Oc2ccc3ccccc3c2)cc1,False,True,False,,0.225,0.2222222222222222,,,,,5.357400000000003,5.3514000000000035,0.005999999999999339,True,0.5270344401044634,0.5121617291436785,0.014872710960784907,True,,,,,,,,,5.0,4.0,1.0,True,,,,
edit_latent_source_similarity_rerank,mpair_00002573_cond_02_3p,mpair_00002573,eval,3,"MW,LogP,QED",COc1cc(C(=O)N2CCN(C(=O)c3cc(OC)c(OC)c(OC)c3)C(COC(=O)CC(C)(C)C)C2)cc(OC)c1OC,COc1cc(C(=O)N2CCN(C(=O)c3cc(OC)c(OC)c(OC)c3)C(COC(C)=O)C2)cc(OC)c1OC,CC1CCN(C(=O)[C@@H](Cc2cccc(C(=N)N)c2)NS(=O)(=O)c2ccc3ccccc3c2)CC1,O=C(c1ccccc1)N1CCN(C(=O)c2ccccc2)CC1,O=C([C@@H](Cc1ccccc1)NS(=O)(=O)c1ccc2ccccc2c1)N1CCCCC1,False,False,False,,0.14736842105263157,0.15555555555555556,546.5730000000003,478.6180000000002,67.9550000000001,False,2.2681000000000004,3.2719700000000023,1.0038700000000018,False,0.41028124355120477,0.3568863335305235,0.05339491002068125,True,,,,,,,,,,,,,,,,
edit_latent_source_similarity_rerank,mpair_00002584_cond_00_3p,mpair_00002584,eval,3,"LogP,QED,HBA",COc1cc(C(=O)N2CCN(C(=O)c3cc(OC)c(OC)c(OC)c3)C(CO)C2)cc(OC)c1OC,COc1cc(C(=O)N2CCN(C(=O)c3cc(OC)c(OC)c(OC)c3)C(COC(C)=O)C2)cc(OC)c1OC,COc1ccccc1N1CCN(CCCn2ncc(N3CCN(C(=O)c4ccco4)CC3)c(Cl)c2=O)CC1,O=C(c1ccccc1)N1CCN(C(=O)c2ccccc2)CC1,O=C(c1ccco1)N1CCN(c2cnn(CCCN3CCN(c4ccccc4)CC3)c(=O)c2)CC1,False,True,False,,0.21176470588235294,0.20224719101123595,,,,,2.2681000000000004,2.673000000000001,0.4049000000000005,True,0.41028124355120477,0.4308925101953155,0.020611266644110726,True,,,,,,,,,10.0,9.0,1.0,True,,,,
edit_latent_source_similarity_rerank,mpair_00002589_cond_01_3p,mpair_00002589,eval,3,"MW,LogP,HBA",COc1cc(C(=O)N2CCN(C(=O)c3cc(OC)c(OC)c(OC)c3)C(CO)C2)cc(OC)c1OC,CCN(CC)C(=O)OCC1CN(C(=O)c2cc(OC)c(OC)c(OC)c2)CCN1C(=O)c1cc(OC)c(OC)c(OC)c1,C[C@@H](NC(=O)c1nc(-c2ccc(Cl)cc2)no1)[C@](O)(Cn1cncn1)c1ccc(F)cc1F,O=C(c1ccccc1)N1CCN(C(=O)c2ccccc2)CC1,O=C(NCC(Cn1cncn1)c1ccccc1)c1nc(-c2ccccc2)no1,False,False,False,,0.1276595744680851,0.12745098039215685,603.6690000000003,474.8550000000002,128.81400000000014,False,3.1834000000000024,2.966000000000002,0.21740000000000048,True,,,,,,,,,,,,,10.0,8.0,2.0,False,,,,
edit_latent_source_similarity_rerank,mpair_00002594_cond_02_3p,mpair_00002594,eval,3,"MW,LogP,RB",CCN(CC)C(=O)OCC1CN(C(=O)c2cc(OC)c(OC)c(OC)c2)CCN1C(=O)c1cc(OC)c(OC)c(OC)c1,COc1cc(C(=O)N2CCN(C(=O)c3cc(OC)c(OC)c(OC)c3)C(COC(C)=O)C2)cc(OC)c1OC,CCCCc1nn(C2CCCC2O)c(=O)n1Cc1ccc(-c2ccccc2-c2nn[nH]n2)cc1,O=C(c1ccccc1)N1CCN(C(=O)c2ccccc2)CC1,O=c1n(Cc2ccc(-c3ccccc3-c3nn[nH]n3)cc2)cnn1C1CCCC1,False,False,False,,0.10891089108910891,0.10309278350515463,546.5730000000003,459.5540000000001,87.01900000000023,False,2.2681000000000004,3.3687000000000014,1.100600000000001,False,,,,,,,,,,,,,,,,,10.0,8.0,2.0,False
edit_latent_source_similarity_rerank,mpair_00002601_cond_00_3p,mpair_00002601,eval,3,"MW,LogP,QED",COc1ccc(C(=O)Nc2ccncc2Cl)c2cccnc12,COc1ccc(C(=O)Nc2ccncc2Cl)c2ccc(C(F)(F)F)nc12,COc1cc(-c2csc(NC(=O)c3ccccc3)n2)cc(OC)c1OC,O=C(Nc1ccncc1)c1cccc2ncccc12,O=C(Nc1nc(-c2ccccc2)cs1)c1ccccc1,False,True,False,,0.2361111111111111,0.22077922077922077,381.74100000000004,370.4300000000002,11.310999999999865,True,4.562900000000002,4.088200000000002,0.47469999999999946,True,0.7218484507203837,0.7077191961077834,0.014129254612600284,True,,,,,,,,,,,,,,,,
edit_latent_source_similarity_rerank,mpair_00002605_cond_00_3p,mpair_00002605,eval,3,"TPSA,HBD,RB",COc1ccc(C(=O)Nc2c(Cl)cncc2Cl)c2ccc(C(C)O)nc12,COc1ccc(C(=O)Nc2c(F)cncc2F)c2ccc(C(F)(F)F)nc12,COc1cc2ncn(-c3ccccc3)c2cc1C(=O)O,O=C(Nc1ccncc1)c1cccc2ncccc12,c1ccc(-n2cnc3ccccc32)cc1,False,True,False,,0.19444444444444445,0.21428571428571427,,,,,,,,,,,,,64.11,64.35000000000001,0.2400000000000091,True,1.0,1.0,0.0,True,,,,,3.0,3.0,0.0,True
edit_latent_source_similarity_rerank,mpair_00002610_cond_01_3p,mpair_00002610,eval,3,"LogP,TPSA,HBD",CCc1ccc2c(C(=O)Nc3c(Cl)cncc3Cl)ccc(OC)c2n1,COc1ccc(C(=O)Nc2c(Cl)cncc2Cl)c2ccc(C(C)O)nc12,Cc1cccc(NC(=O)c2c(O)c3cccnc3n(-c3ccccc3)c2=O)c1,O=C(Nc1ccncc1)c1cccc2ncccc12,O=C(Nc1ccccc1)c1cc2cccnc2n(-c2ccccc2)c1=O,False,True,False,,0.1411764705882353,0.13953488372093023,,,,,4.2508000000000035,3.652020000000002,0.5987800000000014,True,,,,,84.34,84.22,0.12000000000000455,True,2.0,2.0,0.0,True,,,,,,,,
edit_latent_source_similarity_rerank,mpair_00002616_cond_01_3p,mpair_00002616,eval,3,"TPSA,HBA,RB",COc1ccc(C(=O)Nc2c(F)cncc2F)c2ccc(C(F)(F)F)nc12,COc1ccc(C(=O)Nc2c(Cl)cncc2Cl)c2ccc(C(C)=O)nc12,COc1cc(C(=O)O)nc(-c2ccoc2)c1OC,O=C(Nc1ccncc1)c1cccc2ncccc12,c1ccc(-c2ccoc2)nc1,False,True,False,,0.19718309859154928,0.21739130434782608,,,,,,,,,,,,,81.17999999999999,81.79,0.6100000000000136,True,,,,,5.0,5.0,0.0,True,4.0,4.0,0.0,True
edit_latent_source_similarity_rerank,mpair_00002622_cond_00_3p,mpair_00002622,eval,3,"MW,QED,RB",CCc1ccc2c(C(=O)Nc3c(Cl)cncc3Cl)ccc(OC)c2n1,COc1ccc(C(=O)Nc2ccncc2Cl)c2cccnc12,COc1ccc(Cl)cc1-c1c(N)c(O)nc2ccccc12,O=C(Nc1ccncc1)c1cccc2ncccc12,c1ccc(-c2ccnc3ccccc23)cc1,False,True,False,,0.2222222222222222,0.24285714285714285,313.744,300.745,12.999000000000024,True,,,,,0.8029165077767629,0.7540018110877017,0.04891469668906123,True,,,,,,,,,,,,,3.0,2.0,1.0,True
edit_latent_source_similarity_rerank,mpair_00002629_cond_00_3p,mpair_00002629,eval,3,"TPSA,HBA,RB",CC(C)CC(=O)N1C[C@H](c2ccccc2)C[C@H]1C(=O)N[C@@H](CC(F)F)C(=O)NCCc1c(F)cc(C(=O)O)cc1F,CC(C)(C)[C@H](O)C(=O)N1C[C@H](c2ccccc2)C[C@H]1C(=O)N[C@@H](CC(F)F)C(=O)NCCc1c(F)cc(C(=O)O)cc1F,CC(C)(C)OC(=O)N[C@@H](Cc1ccccc1)[C@@H](O)C[C@@H](Cc1ccc(CO)cc1)C(=O)N[C@H]1c2ccccc2C[C@H]1O,O=C(CNC(=O)[C@@H]1C[C@@H](c2ccccc2)CN1)NCCc1ccccc1,O=C(N[C@@H]1CCc2ccccc21)[C@@H](CCCCc1ccccc1)Cc1ccccc1,False,True,False,,0.1792452830188679,0.20952380952380953,,,,,,,,,,,,,136.04,128.12,7.9199999999999875,True,,,,,5.0,6.0,1.0,True,11.0,11.0,0.0,True
edit_latent_source_similarity_rerank,mpair_00003115_cond_00_3p,mpair_00003115,eval,3,"MW,LogP,QED",Cc1nc2nncnn2c(=O)c1C,Cc1nc2nnc(C(C)(C)C)nn2c(=O)c1C,Cc1ccc2ncn(-c3nn[nH]n3)c(=O)c2c1,O=c1ccnc2nncnn12,O=c1c2ccccc2ncn1-c1nn[nH]n1,False,True,False,,0.18181818181818182,0.17543859649122806,233.27499999999998,228.21500000000003,5.059999999999945,True,0.7938399999999997,0.20721999999999968,0.5866199999999999,True,0.6723856505150625,0.64253465610851,0.029850994406552478,True,,,,,,,,,,,,,,,,
edit_latent_source_similarity_rerank,mpair_00003206_cond_00_3p,mpair_00003206,eval,3,"MW,LogP,HBA",CCOC(=O)N1CCN(S(=O)(=O)c2ccc(-n3ncc(=O)[nH]c3=O)cc2Cl)CC1,Cc1cc(-n2ncc(=O)[nH]c2=O)ccc1S(=O)(=O)N1CCN(C=O)CC1,CCCCCn1cnc2c([S+](N)[O-])nc(N)nc21,O=c1cnn(-c2ccc(S(=O)(=O)N3CCNCC3)cc2)c(=O)[nH]1,c1ncc2nc[nH]c2n1,False,False,False,,0.08333333333333333,0.0625,379.39800000000025,268.346,111.05200000000025,False,-1.3080799999999981,0.5800000000000003,1.8880799999999984,False,,,,,,,,,,,,,7.0,7.0,0.0,True,,,,
edit_latent_source_similarity_rerank,mpair_00003210_cond_00_3p,mpair_00003210,eval,3,"MW,LogP,HBA",CC[C@H]1OC(=O)[C@H](C)[C@@H](O)[C@H](C)[C@@H](OC2O[C@H](C)C[C@H](N(C)C)C2O)[C@@](C)(OC)C[C@@H](C)C(=O)[C@H](C)[C@@H](O)[C@]1(C)O,CC[C@H]1OC(=O)[C@H](C)[C@@H](OC(C)=O)[C@H](C)[C@@H](OC2O[C@H](C)C[C@H](N(C)C)C2O)[C@@](C)(OC)C[C@@H](C)C(=O)[C@H](C)[C@@H](O)[C@]1(C)O,CCOC(=O)c1cnc(-c2cccs2)nc1N(C)N1C(=O)C=C(C)C1=O,O=C1CCCCOC(=O)CCC[C@@H](OC2CCCCO2)CCC1,O=C1C=CC(=O)N1Nc1ccnc(-c2cccs2)n1,False,False,False,,0.102803738317757,0.10619469026548672,631.8040000000003,372.4060000000002,259.39800000000014,False,2.0853000000000033,2.0481,0.03720000000000345,True,,,,,,,,,,,,,12.0,8.0,4.0,False,,,,
edit_latent_source_similarity_rerank,mpair_00003219_cond_01_3p,mpair_00003219,eval,3,"MW,LogP,QED",COc1ccc(S(=O)(=O)N(Cc2cccnc2)c2c(C)cccc2C(=O)NO)cc1,COc1ccc(S(=O)(=O)N(Cc2cccnc2)c2c(C)cc(Br)cc2C(=O)NO)cc1,COc1ccc(CCCOC(=O)C2CCCCN2S(=O)(=O)c2ccccc2)cc1OC,O=S(=O)(c1ccccc1)N(Cc1cccnc1)c1ccccc1,O=C(OCCCc1ccccc1)C1CCCCN1S(=O)(=O)c1ccccc1,False,False,False,,0.17204301075268819,0.1827956989247312,506.37800000000016,447.5530000000001,58.825000000000045,False,3.675620000000001,3.4230000000000027,0.2526199999999985,True,0.3740614499694089,0.4327494578941861,0.05868800792477724,True,,,,,,,,,,,,,,,,
edit_latent_source_similarity_rerank,mpair_00003222_cond_02_3p,mpair_00003222,eval,3,"QED,TPSA,RB",COc1ccc(S(=O)(=O)N(Cc2cccnc2)c2c(C)cc(Br)cc2C(=O)NO)cc1,COC(=O)c1cccc(C(=O)NO)c1N(Cc1cccnc1)S(=O)(=O)c1ccc(OC)cc1,COc1ccc(C(=O)NC2CCN(S(=O)(=O)c3ccccc3C(=O)NO)C2)cc1,O=S(=O)(c1ccccc1)N(Cc1cccnc1)c1ccccc1,O=C(NC1CCN(S(=O)(=O)c2ccccc2)C1)c1ccccc1,False,False,False,,0.2926829268292683,0.3125,,,,,,,,,0.29046454626646695,0.4740244687400286,0.18355992247356168,False,135.13,125.04,10.08999999999999,True,,,,,,,,,8.0,6.0,2.0,False
edit_latent_source_similarity_rerank,mpair_00003531_cond_02_3p,mpair_00003531,eval,3,"TPSA,HBA,RB",CC(C)Oc1cccc(N(Cc2cccnc2)S(=O)(=O)CC(F)(F)F)c1,CCOC(=O)C(C)Oc1cccc(N(Cc2cccnc2)S(=O)(=O)CC(F)(F)F)c1,COc1cc2c(cc1OC)CN(CCc1ccc(NC(=O)c3cccc4c(O)c5cccc(F)c5nc34)cc1)CC2,c1ccc(NCc2cccnc2)cc1,O=C(Nc1ccc(CCN2CCc3ccccc3C2)cc1)c1cccc2cc3ccccc3nc12,False,False,False,,0.15,0.14018691588785046,,,,,,,,,,,,,85.80000000000001,83.92,1.8800000000000097,True,,,,,6.0,6.0,0.0,True,9.0,7.0,2.0,False
edit_latent_source_similarity_rerank,mpair_00003540_cond_00_3p,mpair_00003540,eval,3,"QED,TPSA,HBA",CCCC(C)Oc1cccc(N(Cc2cccnc2)S(=O)(=O)CC(F)(F)F)c1,CCOC(=O)C(C)Oc1cccc(N(Cc2cccnc2)S(=O)(=O)CC(F)(F)F)c1,COC(=O)Cc1cc2c(cc1[N+](=O)[O-])NC(CNC(C)C)CC2,c1ccc(NCc2cccnc2)cc1,c1ccc2c(c1)CCCN2,False,True,False,,0.11827956989247312,0.11578947368421053,,,,,,,,,0.5496815697636838,0.47295199986425485,0.07672956989942892,True,85.80000000000001,93.5,7.699999999999989,True,,,,,6.0,6.0,0.0,True,,,,
edit_latent_source_similarity_rerank,mpair_00003545_cond_01_3p,mpair_00003545,eval,3,"LogP,QED,RB",CCCC(C)Oc1cccc(N(Cc2cccnc2)S(=O)(=O)CC(F)(F)F)c1,CC(C)Oc1cccc(N(Cc2cccnc2)S(=O)(=O)CC(F)(F)F)c1,COc1ccc(CN2c3ccccc3C(OCc3ccccc3)=NS2(=O)=O)cc1,c1ccc(NCc2cccnc2)cc1,O=S1(=O)N=C(OCc2ccccc2)c2ccccc2N1Cc1ccccc1,False,False,False,,0.13793103448275862,0.14634146341463414,,,,,3.7675000000000027,3.923600000000003,0.15610000000000035,True,0.7245796953652621,0.6416511891110447,0.08292850625421744,True,,,,,,,,,,,,,7.0,5.0,2.0,False
edit_latent_source_similarity_rerank,mpair_00000014_cond_01_4p,mpair_00000014,eval,4,"MW,LogP,TPSA,HBA",O=C(O)[C@@H]1C[C@H]2C[C@@H](CCS(=O)(=O)O)CC[C@H]2CN1,O=C(O)CC[C@H]1CC[C@H]2CN[C@H](C(=O)O)C[C@H]2C1,CC(C)C[C@H](N[C@@H](C)C(=O)N1C(=O)N(Cc2ccccc2)C[C@H]1C(=O)O)C(=O)O,C1CC[C@H]2CNCC[C@H]2C1,O=C1NCCN1Cc1ccccc1,False,False,False,,0.1038961038961039,0.10810810810810811,255.314,405.45100000000014,150.13700000000014,False,1.3301999999999996,1.3814000000000008,0.051200000000001245,True,,,,,86.63000000000001,127.25000000000001,40.620000000000005,False,,,,,3.0,5.0,2.0,False,,,,
edit_latent_source_similarity_rerank,mpair_00000322_cond_01_4p,mpair_00000322,eval,4,"MW,QED,HBA,RB",N[C@@H](C(=O)N[C@@H]1C(=O)N2C(C(=O)O)=C(C(F)(F)F)CC[C@H]12)c1cccc(C(F)(F)F)c1,CSC1=C(C(=O)O)N2C(=O)[C@@H](NC(=O)[C@H](N)c3ccccc3)[C@H]2CC1,COC(=O)c1ccc(-c2nn(Cc3ccccc3)c3cc(C)ccc23)o1,O=C(Cc1ccccc1)N[C@@H]1C(=O)N2C=CCC[C@H]12,c1ccc(Cn2nc(-c3ccco3)c3ccccc32)cc1,False,False,False,,0.13186813186813187,0.15476190476190477,361.42300000000006,346.3860000000001,15.036999999999978,True,,,,,0.6699274889764619,0.5126888339158019,0.15723865506066004,False,,,,,,,,,5.0,5.0,0.0,True,5.0,4.0,1.0,True
edit_latent_source_similarity_rerank,mpair_00000326_cond_01_4p,mpair_00000326,eval,4,"QED,TPSA,HBD,RB",N[C@@H](C(=O)N[C@@H]1C(=O)N2C(C(=O)O)=C(C(F)(F)F)CC[C@H]12)c1ccc(O)cc1,CSC1=C(C(=O)O)N2C(=O)[C@@H](NC(=O)[C@H](N)c3ccccc3)[C@H]2CC1,COC(=O)CC1=C(C(=O)O)N2C(=O)[C@@H](NC(=O)Cc3ccccc3)[C@H]2C1,O=C(Cc1ccccc1)N[C@@H]1C(=O)N2C=CCC[C@H]12,O=C(Cc1ccccc1)N[C@@H]1C(=O)N2C=CC[C@H]12,False,False,False,,0.3150684931506849,0.38235294117647056,,,,,,,,,0.6699274889764619,0.5559670398529223,0.11396044912353964,False,112.73,113.00999999999999,0.2799999999999869,True,3.0,2.0,1.0,True,,,,,5.0,6.0,1.0,True
edit_latent_source_similarity_rerank,mpair_00000334_cond_02_4p,mpair_00000334,eval,4,"MW,QED,TPSA,RB",CSC1=C(C(=O)O)N2C(=O)[C@@H](NC(=O)[C@H](N)c3ccccc3)[C@H]2CC1,N[C@@H](C(=O)N[C@@H]1C(=O)N2C(C(=O)O)=C(C(F)(F)F)CC[C@H]12)c1ccc(O)cc1,C=CC1=C(C(=O)O)N2C(=O)[C@@H](NC(=O)[C@H](N)c3ccc(O)cc3)[C@H]2SC1,O=C(Cc1ccccc1)N[C@@H]1C(=O)N2C=CCC[C@H]12,O=C(Cc1ccccc1)N[C@@H]1C(=O)N2C=CCS[C@H]12,False,True,False,,0.44285714285714284,0.5147058823529411,399.3250000000001,375.40600000000006,23.91900000000004,True,,,,,0.5533729404309352,0.5446622642380808,0.008710676192854372,True,132.96,132.96,0.0,True,,,,,,,,,4.0,5.0,1.0,True
edit_latent_source_similarity_rerank,mpair_00000586_cond_02_4p,mpair_00000586,eval,4,"QED,TPSA,HBD,HBA",OC[C@@H]1N[C@@H](CCCCc2cc(F)cc(F)c2)[C@H](O)[C@H]1O,OC[C@@H]1N[C@@H](CCCCc2ccc(O)cc2)[C@H](O)[C@H]1O,CC(=O)N[C@@H](CO)C(=O)Nc1ccc(C(=O)N[C@H](C(=O)O)C(C)C)cc1,c1ccc(CCCC[C@H]2CCCN2)cc1,c1ccccc1,False,False,False,,0.07246376811594203,0.08955223880597014,,,,,,,,,0.47902706341404183,0.43707306343934565,0.04195399997469618,True,92.95,144.82999999999998,51.87999999999998,False,5.0,5.0,0.0,True,5.0,5.0,0.0,True,,,,
edit_latent_source_similarity_rerank,mpair_00000726_cond_01_4p,mpair_00000726,eval,4,"MW,LogP,QED,HBD",C=CCc1cc(/C=C2\SC(=O)NC2=O)c(OC)cc1OC1CCCCO1,C=CCc1cc(/C=C2\SC(=O)N(CC=C)C2=O)c(OC)cc1OC1CCCCO1,CCC(C)(C)C(=O)C(=O)N1CCCCC1C(=O)OCc1cccc2ccccc12,O=C1NC(=O)/C(=C/c2ccc(OC3CCCCO3)cc2)S1,O=C(OCc1cccc2ccccc12)C1CCCCN1,False,True,False,,0.13978494623655913,0.14583333333333334,415.51100000000025,395.499,20.012000000000228,True,4.551400000000004,4.269400000000004,0.28200000000000003,True,0.45838471716690443,0.54123949746183,0.08285478029492555,True,,,,,0.0,0.0,0.0,True,,,,,,,,
edit_latent_source_similarity_rerank,mpair_00000734_cond_00_4p,mpair_00000734,eval,4,"MW,LogP,QED,RB",C=CCc1cc(/C=C2\SC(=O)N(CCCC)C2=O)c(OC)cc1OC1CCCCO1,C=CCc1cc(/C=C2\SC(=O)N(C)C2=O)c(OC)cc1OC1CCCCO1,COc1ccc2cccc(N3CCN(CCNC(=O)c4cccs4)CC3)c2c1,O=C1NC(=O)/C(=C/c2ccc(OC3CCCCO3)cc2)S1,O=C(NCCN1CCN(c2cccc3ccccc23)CC1)c1cccs1,False,False,False,,0.125,0.1326530612244898,389.4730000000002,395.52800000000013,6.05499999999995,True,3.9952000000000023,3.4619000000000018,0.5333000000000006,True,0.5413211960634129,0.6942839486847117,0.15296275262129877,False,,,,,,,,,,,,,6.0,6.0,0.0,True
edit_latent_source_similarity_rerank,mpair_00000753_cond_01_4p,mpair_00000753,eval,4,"MW,TPSA,HBA,RB",O=C1CCC[C@H]2OC[C@@H](Cc3c[nH]c4ccccc34)N12,COC(=O)C[C@@H]1CC(=O)N2[C@H](Cc3c[nH]c4ccccc34)CO[C@@H]2C1,CCC(=O)Oc1c2c(c(OC(=O)CC)c3cc(Cl)ccc13)OCO2,O=C1CCC[C@H]2OC[C@@H](Cc3c[nH]c4ccccc34)N12,c1ccc2cc3c(cc2c1)OCO3,False,False,False,,0.1232876712328767,0.17721518987341772,342.39500000000015,350.7540000000001,8.358999999999924,True,,,,,,,,,71.63000000000001,71.06,0.5700000000000074,True,,,,,4.0,6.0,2.0,False,4.0,4.0,0.0,True
edit_latent_source_similarity_rerank,mpair_00001117_cond_02_4p,mpair_00001117,eval,4,"MW,HBD,HBA,RB",COc1ccc(N2CCN(CCC3c4ccccc4C(=O)N3C)CC2)cc1,O=C1NC(CCN2CCN(c3ccccc3)CC2)c2ccccc21,O=C1c2ccccc2-c2nnc(-c3ccccc3O)cc21,O=C1NC(CCN2CCN(c3ccccc3)CC2)c2ccccc21,O=C1c2ccccc2-c2nnc(-c3ccccc3)cc21,False,False,False,,0.1746031746031746,0.1724137931034483,321.4240000000001,274.279,47.145000000000095,False,,,,,,,,,,,,,1.0,1.0,0.0,True,3.0,4.0,1.0,True,4.0,1.0,3.0,False
edit_latent_source_similarity_rerank,mpair_00001131_cond_02_4p,mpair_00001131,eval,4,"QED,HBD,HBA,RB",COc1ccc(N2CCN(CCC3c4ccccc4C(=O)N3C)CC2)cc1,Cc1ccc(N2CCN(CCC3NC(=O)c4ccccc43)CC2)cc1C,CC1(C)CC(N2C(=O)c3ccccc3C2=O)CC(C)(C)N1O,O=C1NC(CCN2CCN(c3ccccc3)CC2)c2ccccc21,O=C1c2ccccc2C(=O)N1C1CCNCC1,False,False,False,,0.22950819672131148,0.20634920634920634,,,,,,,,,0.9198864151307602,0.810291159987579,0.10959525514318125,False,,,,,1.0,1.0,0.0,True,3.0,4.0,1.0,True,4.0,1.0,3.0,False
edit_latent_source_similarity_rerank,mpair_00001618_cond_02_4p,mpair_00001618,eval,4,"QED,TPSA,HBA,RB",CC1CC(C)(C)Nc2ccc3c(c21)COc1c(F)cc(F)cc1-3,CC1CC(C)(C)Nc2ccc3c(c21)COc1c-3cc(F)cc1[N+](=O)[O-],COc1ccc(-c2ccc(C(=O)N3CCN(c4ncccn4)CC3)cc2)cc1,c1ccc2c(c1)OCc1c-2ccc2c1CCCN2,O=C(c1ccc(-c2ccccc2)cc1)N1CCN(c2ncccn2)CC1,False,False,False,,0.06329113924050633,0.07058823529411765,,,,,,,,,0.5855235809891088,0.702287566235043,0.11676398524593412,False,64.39999999999999,58.56,5.839999999999989,True,,,,,4.0,5.0,1.0,True,1.0,4.0,3.0,False
edit_latent_source_similarity_rerank,mpair_00002465_cond_02_4p,mpair_00002465,eval,4,"MW,QED,HBA,RB",CN(C)CCCOc1cc(C(=O)Nc2ccc(OC(F)(F)F)cc2)n(Cc2ccccc2)n1,CN(C)CCCOc1cc(C(=O)Nc2cccc(Cl)c2)n(Cc2ccccc2)n1,COCC1=C(C(=O)NCCCN2CCC(c3ccccn3)CC2)[C@@H](c2ccc(F)c(F)c2)NC(=O)N1,O=C(Nc1ccccc1)c1ccnn1Cc1ccccc1,O=C1NC=C(C(=O)NCCCN2CCC(c3ccccn3)CC2)[C@@H](c2ccccc2)N1,False,False,False,,0.18518518518518517,0.19230769230769232,412.9210000000001,499.5620000000001,86.64100000000002,False,,,,,0.5357556879239462,0.46136156205374645,0.07439412587019978,True,,,,,,,,,5.0,5.0,0.0,True,9.0,9.0,0.0,True
edit_latent_source_similarity_rerank,mpair_00002481_cond_01_4p,mpair_00002481,eval,4,"LogP,TPSA,HBA,RB",COc1cc(NC(=O)c2cc(OCCCN(C)C)nn2Cc2ccccc2)cc(OC)c1OC,CN(C)CCCOc1cc(C(=O)Nc2cc(F)cc(C(F)(F)F)c2)n(Cc2ccccc2)n1,CCCCC(CC)C(=O)Nc1ccc2ccn(Cc3ccc(C(=O)O)cc3OC)c2c1,O=C(Nc1ccccc1)c1ccnn1Cc1ccccc1,c1ccc(Cn2ccc3ccccc32)cc1,False,False,False,,0.22340425531914893,0.16666666666666666,,,,,4.672100000000003,5.551300000000005,0.8792000000000018,True,,,,,59.39,80.56,21.17,False,,,,,5.0,4.0,1.0,True,9.0,10.0,1.0,True
edit_latent_source_similarity_rerank,mpair_00002492_cond_00_4p,mpair_00002492,eval,4,"LogP,TPSA,HBD,HBA",CC(C)OC(=O)c1cc(CO)cn1S(=O)(=O)c1cc(Cl)ccc1N,C=Cc1cc(C(=O)OCC)n(S(=O)(=O)c2cc(Cl)ccc2N)c1,COc1ccc(/C=C/C(=O)N2CCN(c3ccc(N4C[C@H](CNC(C)=O)OC4=O)cc3F)CC2)cc1,O=S(=O)(c1ccccc1)n1cccc1,O=C(/C=C/c1ccccc1)N1CCN(c2ccc(N3CCOC3=O)cc2)CC1,False,True,False,,0.12871287128712872,0.15,,,,,2.7804,2.6576000000000013,0.12279999999999891,True,,,,,91.39,91.42000000000002,0.030000000000015348,True,1.0,1.0,0.0,True,6.0,6.0,0.0,True,,,,
edit_latent_source_similarity_rerank,mpair_00002522_cond_00_4p,mpair_00002522,eval,4,"MW,LogP,TPSA,HBD",CSc1cc(-c2ccc(Cl)cc2)oc(=O)c1,CSc1cc(-c2ccc(Cl)cc2)oc(=O)c1C(N)=O,CC1=CSC(O)(c2ccc(Cl)cc2)c2noc(=O)n21,O=c1cccc(-c2ccccc2)o1,O=c1onc2n1C=CSC2c1ccccc1,False,True,False,,0.20689655172413793,0.203125,295.747,296.735,0.9879999999999995,True,2.7810000000000006,2.2481999999999998,0.5328000000000008,True,,,,,73.30000000000001,68.26,5.040000000000006,True,1.0,1.0,0.0,True,,,,,,,,
edit_latent_source_similarity_rerank,mpair_00002558_cond_01_4p,mpair_00002558,eval,4,"MW,QED,HBA,RB",CSc1nc(-c2ccc(OC(F)(F)F)cc2)nn1C(=O)N(C)c1ccccc1,CSc1nc(-c2ccc(Cl)cc2)nn1C(=O)N(C)c1ccccc1,COc1cccc(-n2nc(C(C)(C)C)cc2NC(=O)Nc2ccccc2)c1,O=C(Nc1ccccc1)n1cnc(-c2ccccc2)n1,O=C(Nc1ccccc1)Nc1ccnn1-c1ccccc1,False,True,False,,0.20253164556962025,0.17105263157894737,358.85400000000004,364.44900000000007,5.595000000000027,True,,,,,0.6499636794176425,0.697105917843021,0.04714223842537846,True,,,,,,,,,5.0,4.0,1.0,True,3.0,4.0,1.0,True
edit_latent_source_similarity_rerank,mpair_00002568_cond_01_4p,mpair_00002568,eval,4,"MW,QED,TPSA,RB",COc1cc(C(=O)N2CCN(C(=O)c3cc(OC)c(OC)c(OC)c3)C(CO)C2)cc(OC)c1OC,COc1cc(C(=O)N2CCN(C(=O)c3cc(OC)c(OC)c(OC)c3)C(COC(=O)NCCC(C)C)C2)cc(OC)c1OC,CCCCc1nn(Cc2cccc(C(=O)OC)c2)c(=O)n1Cc1ccc(-c2ccccc2-c2nn[nH]n2)cc1,O=C(c1ccccc1)N1CCN(C(=O)c2ccccc2)CC1,O=c1n(Cc2ccc(-c3ccccc3-c3nn[nH]n3)cc2)cnn1Cc1ccccc1,False,False,False,,0.13978494623655913,0.12264150943396226,617.6960000000003,523.5970000000003,94.09899999999993,False,,,,,0.3561059094946873,0.2734582445444338,0.0826476649502535,True,134.33,120.58,13.750000000000014,True,,,,,,,,,13.0,10.0,3.0,False
edit_latent_source_similarity_rerank,mpair_00002576_cond_02_4p,mpair_00002576,eval,4,"MW,QED,HBD,RB",COc1cc(C(=O)N2CCN(C(=O)c3cc(OC)c(OC)c(OC)c3)C(COC(C)=O)C2)cc(OC)c1OC,COc1cc(C(=O)N2CCN(C(=O)c3cc(OC)c(OC)c(OC)c3)C(COC(=O)NCCC(C)C)C2)cc(OC)c1OC,Cc1cccc(NC(=O)N[C@H](CC(=O)OCc2ccccc2)C(=O)N2CCC(C(=O)c3ccccc3)CC2)c1,O=C(c1ccccc1)N1CCN(C(=O)c2ccccc2)CC1,O=C(Nc1ccccc1)N[C@H](CC(=O)OCc1ccccc1)C(=O)N1CCC(C(=O)c2ccccc2)CC1,False,False,False,,0.1797752808988764,0.2,617.6960000000003,527.6210000000002,90.07500000000005,False,,,,,0.3561059094946873,0.3089967691122065,0.04710914038248076,True,,,,,1.0,2.0,1.0,True,,,,,13.0,9.0,4.0,False
edit_latent_source_similarity_rerank,mpair_00002591_cond_01_4p,mpair_00002591,eval,4,"MW,LogP,QED,HBD",COc1cc(C(=O)N2CCN(C(=O)c3cc(OC)c(OC)c(OC)c3)C(COC(=O)NCCC(C)C)C2)cc(OC)c1OC,COc1cc(C(=O)N2CCN(C(=O)c3cc(OC)c(OC)c(OC)c3)CC2)cc(OC)c1OC,CCCc1cc(C(N)=O)cc(=O)n1Cc1ccc(-c2ccccc2-c2nn[nH]n2)cc1,O=C(c1ccccc1)N1CCN(C(=O)c2ccccc2)CC1,O=c1ccccn1Cc1ccc(-c2ccccc2-c2nn[nH]n2)cc1,False,False,False,,0.10204081632653061,0.1232876712328767,474.51000000000033,414.46900000000005,60.04100000000028,False,2.3364000000000003,2.7951000000000006,0.45870000000000033,True,0.5754127815390553,0.4818238381253826,0.09358894341367269,True,,,,,0.0,2.0,2.0,False,,,,,,,,
edit_latent_source_similarity_rerank,mpair_00002595_cond_00_4p,mpair_00002595,eval,4,"MW,QED,HBA,RB",COc1cc(C(=O)N2CCN(C(=O)c3cc(OC)c(OC)c(OC)c3)CC2)cc(OC)c1OC,COc1cc(C(=O)N2CCN(C(=O)c3cc(OC)c(OC)c(OC)c3)C(COC(=O)CC(C)(C)C)C2)cc(OC)c1OC,COc1ccc(CNc2ncc(C(=O)NCCc3ccccc3)c3nc(-c4ccco4)nn23)cc1OC,O=C(c1ccccc1)N1CCN(C(=O)c2ccccc2)CC1,O=C(NCCc1ccccc1)c1cnc(NCc2ccccc2)n2nc(-c3ccco3)nc12,False,False,False,,0.1728395061728395,0.14705882352941177,602.6810000000004,498.5430000000002,104.1380000000002,False,,,,,0.3521539372279048,0.2970433047663976,0.05511063246150716,True,,,,,,,,,10.0,9.0,1.0,True,11.0,10.0,1.0,True
edit_latent_source_similarity_rerank,mpair_00002607_cond_01_4p,mpair_00002607,eval,4,"LogP,QED,TPSA,HBA",COc1ccc(C(=O)Nc2ccncc2Cl)c2cccnc12,COc1ccc(C(=O)Nc2c(Cl)cncc2Cl)c2ccc(C(C)=O)nc12,CO/C(O)=C1/C(C)=NC(C)=C(C(=O)OCc2ccccc2)C1C,O=C(Nc1ccncc1)c1cccc2ncccc12,C=C1C=NC=C(C(=O)OCc2ccccc2)C1,False,True,False,,0.17567567567567569,0.14473684210526316,,,,,4.400100000000002,3.530400000000003,0.869699999999999,True,0.6681926051832562,0.6815094160411782,0.013316810857922023,True,81.17999999999999,68.12,13.059999999999988,True,,,,,5.0,5.0,0.0,True,,,,
edit_latent_source_similarity_rerank,mpair_00002614_cond_00_4p,mpair_00002614,eval,4,"MW,QED,HBA,RB",COc1ccc(C(=O)Nc2c(Cl)cncc2Cl)c2cccnc12,COc1ccc(C(=O)Nc2c(Cl)cncc2Cl)c2ccc(C(C)=O)nc12,COc1ccccc1-c1c(C)c2ccc(OC(=O)N(C)C)cc2oc1=O,O=C(Nc1ccncc1)c1cccc2ncccc12,O=c1oc2ccccc2cc1-c1ccccc1,False,False,False,,0.1794871794871795,0.175,390.22600000000017,353.3740000000001,36.85200000000009,False,,,,,0.6681926051832562,0.6693483051130926,0.00115569992983644,True,,,,,,,,,5.0,5.0,0.0,True,4.0,3.0,1.0,True
edit_latent_source_similarity_rerank,mpair_00002622_cond_02_4p,mpair_00002622,eval,4,"MW,LogP,QED,RB",CCc1ccc2c(C(=O)Nc3c(Cl)cncc3Cl)ccc(OC)c2n1,COc1ccc(C(=O)Nc2ccncc2Cl)c2cccnc12,COC(=O)Cc1cccc2c(O)cc(-c3ccccc3F)nc12,O=C(Nc1ccncc1)c1cccc2ncccc12,c1ccc(-c2ccc3ccccc3n2)cc1,False,True,False,,0.19480519480519481,0.19736842105263158,313.744,311.312,2.4320000000000164,True,3.544100000000002,3.4620000000000015,0.0821000000000005,True,0.8029165077767629,0.7525568048053517,0.050359702971411235,True,,,,,,,,,,,,,3.0,3.0,0.0,True
edit_latent_source_similarity_rerank,mpair_00002631_cond_00_4p,mpair_00002631,eval,4,"LogP,TPSA,HBD,HBA",CC(C)(C)[C@H](O)C(=O)N1C[C@H](c2ccccc2)C[C@H]1C(=O)N[C@@H](CC(F)F)C(=O)NCCc1c(F)cc(C(=O)O)cc1F,CC(C)CC(=O)N1C[C@H](c2ccccc2)C[C@H]1C(=O)N[C@@H](CC(F)F)C(=O)NCCc1c(F)cc(C(=O)O)cc1F,CCC(NC(=O)C(CC(C)C)NC(=O)OCc1ccccc1)C(=O)C(=O)NCC1CCCCC1,O=C(CNC(=O)[C@@H]1C[C@@H](c2ccccc2)CN1)NCCc1ccccc1,O=C(CNC(=O)OCc1ccccc1)NCC(=O)C(=O)NCC1CCCCC1,False,True,False,,0.2079207920792079,0.23711340206185566,,,,,3.892500000000002,3.4879000000000016,0.4046000000000003,True,,,,,115.81000000000002,113.6,2.210000000000022,True,3.0,3.0,0.0,True,4.0,5.0,1.0,True,,,,
edit_latent_source_similarity_rerank,mpair_00003117_cond_00_4p,mpair_00003117,eval,4,"MW,LogP,TPSA,HBA",Cc1c[nH]c2c1C13CC1CN(C(=O)OC(C)(C)C)C3=CC2=O,COC(=O)c1cc2c([nH]1)C(=O)C=C1N(C(=O)OC(C)(C)C)CC3CC123,CC1(C)Oc2ccc(C#N)cc2[C@@H](On2ccccc2=O)[C@]1(C)O,O=C1C=C2NCC3CC23c2cc[nH]c21,O=c1ccccn1O[C@H]1CCOc2ccccc21,False,True,False,,0.11494252873563218,0.14772727272727273,344.36700000000013,326.3520000000001,18.015000000000043,True,2.389900000000001,1.81188,0.5780200000000009,True,,,,,88.7,84.48,4.219999999999999,True,,,,,5.0,6.0,1.0,True,,,,
edit_latent_source_similarity_rerank,mpair_00003213_cond_01_4p,mpair_00003213,eval,4,"MW,QED,HBA,RB",CC(C)NC(=O)c1ccc2c(Nc3ccc(Cl)cc3)nc(N3CCOCC3)nc2c1,Clc1ccc(Nc2nc(N3CCOCC3)nc3ccccc23)cc1,CN(C)c1ccc(NC(=O)Nc2ccnc3ccccc23)cc1Cl,c1ccc(Nc2nc(N3CCOCC3)nc3ccccc23)cc1,O=C(Nc1ccccc1)Nc1ccnc2ccccc12,False,False,False,,0.19047619047619047,0.2112676056338028,340.81399999999996,340.8140000000001,1.1368683772161603e-13,True,,,,,0.784150666451108,0.7323097658629037,0.05184090058820423,True,,,,,,,,,5.0,3.0,2.0,False,3.0,3.0,0.0,True
edit_latent_source_similarity_rerank,mpair_00003222_cond_00_4p,mpair_00003222,eval,4,"LogP,QED,TPSA,RB",COc1ccc(S(=O)(=O)N(Cc2cccnc2)c2c(C)cc(Br)cc2C(=O)NO)cc1,COC(=O)c1cccc(C(=O)NO)c1N(Cc1cccnc1)S(=O)(=O)c1ccc(OC)cc1,CC(C)N1Cc2cc(C(=O)NCc3nc4ccccc4[nH]3)ccc2N[C@@H](CC(=O)O)C1=O,O=S(=O)(c1ccccc1)N(Cc1cccnc1)c1ccccc1,O=C1CNc2ccc(C(=O)NCc3nc4ccccc4[nH]3)cc2CN1,False,False,False,,0.1320754716981132,0.12264150943396226,,,,,2.391300000000001,2.4986999999999995,0.10739999999999839,True,0.29046454626646695,0.471119250545175,0.18065470427870806,False,135.13,127.42000000000002,7.7099999999999795,True,,,,,,,,,8.0,6.0,2.0,False
edit_latent_source_similarity_rerank,mpair_00003532_cond_01_4p,mpair_00003532,eval,4,"LogP,QED,TPSA,HBA",CCOC(=O)C(C)Oc1cccc(N(Cc2cccnc2)S(=O)(=O)CC(F)(F)F)c1,CCCC(C)Oc1cccc(N(Cc2cccnc2)S(=O)(=O)CC(F)(F)F)c1,CCCc1cccc(Cl)c1COc1ccc2c(c1)OCC21CCN(CCC(=O)O)CC1,c1ccc(NCc2cccnc2)cc1,c1ccc(COc2ccc3c(c2)OCC32CCNCC2)cc1,False,True,False,,0.13333333333333333,0.15841584158415842,,,,,4.547700000000003,5.072200000000005,0.5245000000000015,True,0.6018859517288218,0.6166262706995695,0.01474031897074779,True,59.5,59.0,0.5,True,,,,,4.0,4.0,0.0,True,,,,
edit_latent_source_similarity_rerank,mpair_00003536_cond_02_4p,mpair_00003536,eval,4,"MW,LogP,QED,RB",COc1cccc(N(Cc2cccnc2)S(=O)(=O)CC(F)(F)F)c1,CCC(C)COc1cccc(N(Cc2cccnc2)S(=O)(=O)CC(F)(F)F)c1,CC(=O)N(Cc1ccccc1OCc1ccccc1)c1ccc2[nH]c(CN)nc2c1,c1ccc(NCc2cccnc2)cc1,c1ccc(COc2ccccc2CNc2ccc3[nH]cnc3c2)cc1,False,False,False,,0.1744186046511628,0.17391304347826086,416.4650000000001,400.48200000000014,15.982999999999947,True,4.405200000000004,4.153700000000002,0.25150000000000183,True,0.6078002459089881,0.487983506444027,0.11981673946496108,False,,,,,,,,,,,,,9.0,7.0,2.0,False
edit_latent_source_similarity_rerank,mpair_00000010_cond_02_5p,mpair_00000010,eval,5,"MW,LogP,QED,HBA,RB",O=C(c1ccccc1C(F)(F)F)N1C[C@H](CN2CCC(c3ccccc3)CC2)[C@@H](c2ccccc2)C1,COc1cccc(C(=O)N2C[C@H](CN3CCC(c4ccccc4)CC3)[C@@H](c3ccccc3)C2)c1,COc1ccc(CC2NCCc3c2[nH]c2ccc(-c4ccccc4)cc32)cc1OC,O=C(c1ccccc1)N1C[C@H](CN2CCC(c3ccccc3)CC2)[C@@H](c2ccccc2)C1,c1ccc(CC2NCCc3c2[nH]c2ccc(-c4ccccc4)cc32)cc1,False,False,False,,0.0989010989010989,0.15730337078651685,454.61400000000015,398.5060000000001,56.10800000000006,False,5.430600000000005,5.2816000000000045,0.1490000000000009,True,0.49786269936596683,0.4806589564178204,0.017203742948146417,True,,,,,,,,,3.0,3.0,0.0,True,6.0,5.0,1.0,True
edit_latent_source_similarity_rerank,mpair_00000327_cond_00_5p,mpair_00000327,eval,5,"MW,LogP,QED,HBA,RB",CSC1=C(C(=O)O)N2C(=O)[C@@H](NC(=O)[C@H](N)c3ccccc3)[C@H]2CC1,N[C@@H](C(=O)N[C@@H]1C(=O)N2C(C(=O)O)=C(C(F)(F)F)CC[C@H]12)c1cccc(C(F)(F)F)c1,O=C(NO)[C@H]1Cc2ccccc2CN1S(=O)(=O)c1ccc2[nH]c(-c3ccccc3)nc2c1,O=C(Cc1ccccc1)N[C@@H]1C(=O)N2C=CCC[C@H]12,O=S(=O)(c1ccc2[nH]c(-c3ccccc3)nc2c1)N1CCc2ccccc2C1,False,False,False,,0.15555555555555556,0.14583333333333334,451.3230000000001,448.50400000000013,2.81899999999996,True,2.0955999999999997,2.8509,0.7553000000000005,True,0.4795891963980345,0.3280208055131459,0.1515683908848886,False,,,,,,,,,4.0,5.0,1.0,True,4.0,4.0,0.0,True
edit_latent_source_similarity_rerank,mpair_00000335_cond_01_5p,mpair_00000335,eval,5,"MW,LogP,TPSA,HBD,HBA",N[C@@H](C(=O)N[C@@H]1C(=O)N2C(C(=O)O)=C(C(F)(F)F)CC[C@H]12)c1cccc(Br)c1,N[C@@H](C(=O)N[C@@H]1C(=O)N2C(C(=O)O)=C(C(F)(F)F)CC[C@H]12)c1ccc(O)cc1,CNC(=O)Nc1ccc2c(c1)C(CC(=O)O)c1c-2nc(O)c2nccn12,O=C(Cc1ccccc1)N[C@@H]1C(=O)N2C=CCC[C@H]12,c1ccc2c(c1)Cc1c-2ncc2nccn12,False,False,False,,0.13541666666666666,0.12903225806451613,399.3250000000001,353.338,45.98700000000008,False,0.7823999999999993,1.7731999999999997,0.9908000000000003,True,,,,,132.96,128.85000000000002,4.109999999999985,True,4.0,4.0,0.0,True,5.0,6.0,1.0,True,,,,
edit_latent_source_similarity_rerank,mpair_00000586_cond_01_5p,mpair_00000586,eval,5,"LogP,QED,TPSA,HBD,HBA",OC[C@@H]1N[C@@H](CCCCc2cc(F)cc(F)c2)[C@H](O)[C@H]1O,OC[C@@H]1N[C@@H](CCCCc2ccc(O)cc2)[C@H](O)[C@H]1O,Cc1ccc2[nH]c(CNC(=O)c3ccc4c(c3)CNC(=O)[C@H](CC(=O)O)N4)nc2n1,c1ccc(CCCC[C@H]2CCCN2)cc1,O=C1CNc2ccc(C(=O)NCc3nc4ncccc4[nH]3)cc2CN1,False,False,False,,0.08045977011494253,0.08139534883720931,,,,,0.15949999999999964,1.0813199999999996,0.92182,True,0.47902706341404183,0.4239835277370018,0.05504353567704001,True,92.95,149.10000000000002,56.15000000000002,False,5.0,5.0,0.0,True,5.0,6.0,1.0,True,,,,
edit_latent_source_similarity_rerank,mpair_00000762_cond_00_5p,mpair_00000762,eval,5,"MW,LogP,QED,HBA,RB",Clc1cccc(-c2cc(O[C@@H]3CCNC3)cnc2Cl)c1,COc1cccc(-c2cncc(O[C@@H]3CCNC3)c2)c1,COc1ccc(C2C(=O)c3ccccc3C2=O)c(OC)c1,c1ccc(-c2cncc(O[C@@H]3CCNC3)c2)cc1,O=C1c2ccccc2C(=O)C1c1ccccc1,False,False,False,,0.15625,0.2413793103448276,270.33199999999994,282.295,11.96300000000008,True,2.4979000000000005,2.866600000000001,0.36870000000000047,True,0.9267061641096688,0.8122449607360597,0.1144612033736091,False,,,,,,,,,4.0,4.0,0.0,True,4.0,3.0,1.0,True
edit_latent_source_similarity_rerank,mpair_00002472_cond_01_5p,mpair_00002472,eval,5,"MW,LogP,QED,HBA,RB",COc1ccc(NC(=O)c2cc(OCCCN(C)C)nn2Cc2ccccc2)cc1,CN(C)CCCOc1cc(C(=O)Nc2cc(F)cc(C(F)(F)F)c2)n(Cc2ccccc2)n1,COc1cc(C(C)=O)ccc1OCCCN1CCC(C(C#N)(c2ccc(F)cc2)c2ccc(F)cc2)CC1,O=C(Nc1ccccc1)c1ccnn1Cc1ccccc1,c1ccc(OCCCN2CCC(C(c3ccccc3)c3ccccc3)CC2)cc1,False,False,False,,0.16666666666666666,0.1919191919191919,464.4630000000001,518.604,54.14099999999996,False,4.672100000000003,6.166780000000006,1.4946800000000033,False,0.369385517709234,0.23740881733092442,0.13197670037830958,False,,,,,,,,,5.0,5.0,0.0,True,9.0,10.0,1.0,True
edit_latent_source_similarity_rerank,mpair_00002508_cond_02_5p,mpair_00002508,eval,5,"LogP,QED,TPSA,HBD,RB",CSc1cc(-c2ccc(Br)cc2)oc(=O)c1C#N,CSc1cc(-c2ccc(Cl)cc2)oc(=O)c1C(N)=O,COc1ccc2nc(-n3c(O)nc4c3CCCC4)oc2c1,O=c1cccc(-c2ccccc2)o1,c1ccc2oc(-n3cnc4c3CCCC4)nc2c1,False,False,False,,0.1267605633802817,0.125,,,,,2.7810000000000006,2.6065000000000005,0.1745000000000001,True,0.8837306867126842,0.7831249754687264,0.10060571124395778,False,73.30000000000001,73.31,0.009999999999990905,True,1.0,1.0,0.0,True,,,,,3.0,2.0,1.0,True
edit_latent_source_similarity_rerank,mpair_00002541_cond_02_5p,mpair_00002541,eval,5,"MW,QED,TPSA,HBA,RB",CCOC(=O)c1c(SC)c(C#N)c(-c2ccc(Br)cc2)oc1=O,CSc1cc(-c2ccc(Br)cc2)oc(=O)c1C#N,COc1ccc2c(c1)CCC=C2c1nc2ccccc2c(=O)o1,O=c1cccc(-c2ccccc2)o1,O=c1oc(C2=CCCc3ccccc32)nc2ccccc12,False,True,False,,0.11904761904761904,0.136986301369863,322.1830000000001,305.3330000000001,16.850000000000023,True,,,,,0.791886779601309,0.7259891724025932,0.06589760719871585,True,54.0,52.33,1.6700000000000017,True,,,,,4.0,4.0,0.0,True,2.0,2.0,0.0,True
edit_latent_source_similarity_rerank,mpair_00002570_cond_00_5p,mpair_00002570,eval,5,"MW,LogP,QED,HBA,RB",CCN(CC)C(=O)OCC1CN(C(=O)c2cc(OC)c(OC)c(OC)c2)CCN1C(=O)c1cc(OC)c(OC)c(OC)c1,COc1cc(C(=O)N2CCN(C(=O)c3cc(OC)c(OC)c(OC)c3)CC2)cc(OC)c1OC,C=Cc1cccc2c(N(C)S(=O)(=O)c3ccc(OC)cc3)c(C(=O)NO)cnc12,O=C(c1ccccc1)N1CCN(C(=O)c2ccccc2)CC1,O=S(=O)(Nc1ccnc2ccccc12)c1ccccc1,False,False,False,,0.10869565217391304,0.1267605633802817,474.51000000000033,413.45500000000015,61.05500000000018,False,2.3364000000000003,2.8305000000000007,0.4941000000000004,True,0.5754127815390553,0.4751365450309826,0.10027623650807266,False,,,,,,,,,8.0,6.0,2.0,False,8.0,6.0,2.0,False
edit_latent_source_similarity_rerank,mpair_00002587_cond_02_5p,mpair_00002587,eval,5,"LogP,TPSA,HBD,HBA,RB",COc1cc(C(=O)N2CCN(C(=O)c3cc(OC)c(OC)c(OC)c3)C(CO)C2)cc(OC)c1OC,COc1cc(C(=O)N2CCN(C(=O)c3cc(OC)c(OC)c(OC)c3)CC2)cc(OC)c1OC,CCOC(=O)c1c(N)sc(/N=C/c2ccncc2)c1C(=O)OCC,O=C(c1ccccc1)N1CCN(C(=O)c2ccccc2)CC1,C(=N/c1cccs1)\c1ccncc1,False,False,False,,0.1232876712328767,0.13114754098360656,,,,,2.3364000000000003,2.829300000000001,0.49290000000000056,True,,,,,96.00000000000001,103.87000000000002,7.8700000000000045,True,0.0,1.0,1.0,True,8.0,8.0,0.0,True,8.0,6.0,2.0,False
edit_latent_source_similarity_rerank,mpair_00002595_cond_01_5p,mpair_00002595,eval,5,"LogP,QED,TPSA,HBA,RB",COc1cc(C(=O)N2CCN(C(=O)c3cc(OC)c(OC)c(OC)c3)CC2)cc(OC)c1OC,COc1cc(C(=O)N2CCN(C(=O)c3cc(OC)c(OC)c(OC)c3)C(COC(=O)CC(C)(C)C)C2)cc(OC)c1OC,COc1ccc(OC2CCN(c3ccc(S(C)(=O)=O)cc3NC(=O)c3cn(CCF)nc3OC)CC2)c(F)c1,O=C(c1ccccc1)N1CCN(C(=O)c2ccccc2)CC1,O=C(Nc1ccccc1N1CCC(Oc2ccccc2)CC1)c1cn[nH]c1,False,True,False,,0.16279069767441862,0.1509433962264151,,,,,3.684400000000003,3.712500000000003,0.028100000000000236,True,0.3521539372279048,0.39682213260668786,0.04466819537878308,True,122.30000000000001,111.99000000000001,10.310000000000002,True,,,,,10.0,9.0,1.0,True,11.0,10.0,1.0,True
edit_latent_source_similarity_rerank,mpair_00002630_cond_02_5p,mpair_00002630,eval,5,"LogP,QED,TPSA,HBD,HBA",CC(C)CC(=O)N1C[C@H](c2ccccc2)C[C@H]1C(=O)N[C@@H](CC(F)F)C(=O)NCCc1c(F)cc(C(=O)O)cc1F,CC(C)[C@@H](O)C(=O)N1C[C@H](c2ccccc2)C[C@H]1C(=O)N[C@@H](CC(F)F)C(=O)NCCc1c(F)cc(C(=O)O)cc1F,CCCC(=O)C1(c2ccccc2)CCN(C(=O)[C@@H](Cc2ccc(OC)cc2)NC(=O)[C@@H](N)Cc2c[nH]cn2)CC1,O=C(CNC(=O)[C@@H]1C[C@@H](c2ccccc2)CN1)NCCc1ccccc1,O=C(CCc1c[nH]cn1)N[C@H](Cc1ccccc1)C(=O)N1CCC(c2ccccc2)CC1,False,True,False,,0.16521739130434782,0.17391304347826086,,,,,2.8633000000000006,2.9452000000000007,0.08190000000000008,True,0.2789053789646464,0.32085817431172625,0.04195279534707985,True,136.04,130.41000000000003,5.629999999999967,True,4.0,3.0,1.0,True,5.0,6.0,1.0,True,,,,
edit_latent_source_similarity_rerank,mpair_00003214_cond_02_5p,mpair_00003214,eval,5,"MW,TPSA,HBD,HBA,RB",Clc1ccc(Nc2nc(N3CCOCC3)nc3ccccc23)cc1,CC(C)NC(=O)c1ccc2c(Nc3ccc(Cl)cc3)nc(N3CCOCC3)nc2c1,COc1cc(NS(C)(=O)=O)ccc1Nc1c2ccccc2nc2ccc(C)cc12,c1ccc(Nc2nc(N3CCOCC3)nc3ccccc23)cc1,c1ccc(Nc2c3ccccc3nc3ccccc23)cc1,False,True,False,,0.21621621621621623,0.16853932584269662,425.92000000000024,407.4950000000002,18.425000000000068,True,,,,,,,,,79.38000000000001,80.32,0.9399999999999835,True,2.0,2.0,0.0,True,6.0,5.0,1.0,True,5.0,5.0,0.0,True
edit_latent_source_similarity_rerank,mpair_00003539_cond_02_5p,mpair_00003539,eval,5,"LogP,QED,TPSA,HBA,RB",O=S(=O)(CC(F)(F)F)N(Cc1cccnc1)c1cccc(OC(F)(F)F)c1,CCOC(=O)C(C)Oc1cccc(N(Cc2cccnc2)S(=O)(=O)CC(F)(F)F)c1,COc1cc(C(=O)c2ccn(-c3ccc(N)cc3)c2)cc(OC)c1OC,c1ccc(NCc2cccnc2)cc1,O=C(c1ccccc1)c1ccn(-c2ccccc2)c1,False,False,False,,0.075,0.10465116279069768,,,,,3.3107000000000024,3.316300000000002,0.005599999999999383,True,0.5496815697636838,0.5439927156068202,0.005688854156863599,True,85.80000000000001,75.71000000000001,10.090000000000003,True,,,,,6.0,6.0,0.0,True,9.0,6.0,3.0,False
edit_latent_source_similarity_rerank,mpair_00001115_cond_00_6p,mpair_00001115,eval,6,"LogP,QED,TPSA,HBD,HBA,RB",COc1ccc(N2CCN(CCC3NC(=O)c4ccccc43)CC2)cc1,CN1C(=O)c2ccccc2C1CCN1CCN(c2ccc(Cl)cc2)CC1,CN(C)C(=O)N1c2ccccc2-n2cnc(-c3ccccc3)c2C1(C)C,O=C1NC(CCN2CCN(c3ccccc3)CC2)c2ccccc21,c1ccc(-c2ncn3c2CNc2ccccc2-3)cc1,False,False,False,,0.10126582278481013,0.10526315789473684,,,,,3.679000000000003,4.276000000000003,0.5970000000000004,True,0.8221231339252668,0.6599473072622928,0.16217582666297403,False,26.790000000000006,41.370000000000005,14.579999999999998,True,0.0,0.0,0.0,True,3.0,3.0,0.0,True,4.0,1.0,3.0,False
edit_latent_source_similarity_rerank,mpair_00002568_cond_02_6p,mpair_00002568,eval,6,"MW,LogP,QED,TPSA,HBA,RB",COc1cc(C(=O)N2CCN(C(=O)c3cc(OC)c(OC)c(OC)c3)C(CO)C2)cc(OC)c1OC,COc1cc(C(=O)N2CCN(C(=O)c3cc(OC)c(OC)c(OC)c3)C(COC(=O)NCCC(C)C)C2)cc(OC)c1OC,COc1cc(/C=C/C(=O)NC2CCC(NC(=O)[C@@H](O)[C@H](N)CC3CCCCC3)CC2)cc(OC)c1OC,O=C(c1ccccc1)N1CCN(C(=O)c2ccccc2)CC1,O=C(/C=C/c1ccccc1)NC1CCC(NC(=O)CCCC2CCCCC2)CC1,False,False,False,,0.25,0.2413793103448276,617.6960000000003,517.6670000000005,100.02899999999977,False,3.4773000000000023,2.9278000000000013,0.549500000000001,True,0.3561059094946873,0.3318950019685043,0.02421090752618299,True,134.33,132.14000000000001,2.1899999999999977,True,,,,,10.0,7.0,3.0,False,13.0,11.0,2.0,False
edit_latent_source_similarity_rerank,mpair_00002583_cond_00_6p,mpair_00002583,eval,6,"MW,LogP,QED,HBD,HBA,RB",CCN(CC)C(=O)OCC1CN(C(=O)c2cc(OC)c(OC)c(OC)c2)CCN1C(=O)c1cc(OC)c(OC)c(OC)c1,COc1cc(C(=O)N2CCN(C(=O)c3cc(OC)c(OC)c(OC)c3)C(CO)C2)cc(OC)c1OC,COc1ccc(S(=O)(=O)N2CCN(Cc3ccccc3)CC2C(=O)NO)cc1,O=C(c1ccccc1)N1CCN(C(=O)c2ccccc2)CC1,O=S(=O)(c1ccccc1)N1CCN(Cc2ccccc2)CC1,False,False,False,,0.17857142857142858,0.2,504.53600000000034,405.47600000000006,99.06000000000029,False,1.6973000000000003,1.0756999999999994,0.6216000000000008,True,0.544633228323374,0.5511365604834944,0.006503332160120334,True,,,,,1.0,2.0,1.0,True,9.0,6.0,3.0,False,9.0,6.0,3.0,False
edit_latent_source_similarity_rerank,mpair_00002607_cond_00_6p,mpair_00002607,eval,6,"MW,LogP,QED,TPSA,HBA,RB",COc1ccc(C(=O)Nc2ccncc2Cl)c2cccnc12,COc1ccc(C(=O)Nc2c(Cl)cncc2Cl)c2ccc(C(C)=O)nc12,COc1cc([N+](=O)[O-])c(Cl)cc1C(=O)Nc1cccc2c1CCN(C)C2,O=C(Nc1ccncc1)c1cccc2ncccc12,O=C(Nc1cccc2c1CCNC2)c1ccccc1,False,True,False,,0.2911392405063291,0.24390243902439024,390.22600000000017,375.8120000000002,14.413999999999987,True,4.400100000000002,3.4970000000000017,0.9031000000000002,True,0.6681926051832562,0.6526740237259576,0.015518581457298564,True,81.17999999999999,84.71,3.530000000000001,True,,,,,5.0,5.0,0.0,True,4.0,4.0,0.0,True
edit_latent_source_similarity_rerank,mpair_00003214_cond_00_6p,mpair_00003214,eval,6,"MW,QED,TPSA,HBD,HBA,RB",Clc1ccc(Nc2nc(N3CCOCC3)nc3ccccc23)cc1,CC(C)NC(=O)c1ccc2c(Nc3ccc(Cl)cc3)nc(N3CCOCC3)nc2c1,COc1ccc(Nc2c3ccccc3nc3ccccc23)cc1NS(C)(=O)=O,c1ccc(Nc2nc(N3CCOCC3)nc3ccccc23)cc1,c1ccc(Nc2c3ccccc3nc3ccccc23)cc1,False,False,False,,0.23880597014925373,0.18292682926829268,425.92000000000024,393.46800000000013,32.45200000000011,True,,,,,0.6427710577069246,0.48770792549107883,0.15506313221584572,False,79.38000000000001,80.32,0.9399999999999835,True,2.0,2.0,0.0,True,6.0,5.0,1.0,True,5.0,5.0,0.0,True
edit_latent_source_similarity_rerank,mpair_00002514_cond_01_7p,mpair_00002514,eval,7,"MW,LogP,QED,TPSA,HBD,HBA,RB",CSc1cc(-c2ccc(Cl)cc2)oc(=O)c1Br,CSc1cc(-c2ccc(Cl)cc2)oc(=O)c1C(N)=O,NCCc1nnc2n1-c1ccccc1C(c1ccccc1Cl)=NC2,O=c1cccc(-c2ccccc2)o1,c1ccc(C2=NCc3nncn3-c3ccccc32)cc1,False,False,False,,0.07142857142857142,0.0821917808219178,295.747,337.81400000000014,42.06700000000012,False,2.7810000000000006,2.772900000000001,0.008099999999999774,True,0.8837306867126842,0.7986072213589333,0.08512346535375093,True,73.30000000000001,69.09,4.210000000000008,True,1.0,1.0,0.0,True,4.0,5.0,1.0,True,3.0,3.0,0.0,True
edit_latent_source_similarity_rerank,mpair_00002551_cond_02_7p,mpair_00002551,eval,7,"MW,LogP,QED,TPSA,HBD,HBA,RB",CSc1cc(-c2ccc(Cl)cc2)oc(=O)c1C(N)=O,CSc1cc(-c2ccc(Br)cc2)oc(=O)c1Cl,Cc1c(C)c2ccc(OCc3ccc(C(F)(F)F)cc3)cc2oc1=O,O=c1cccc(-c2ccccc2)o1,O=c1ccc2ccc(OCc3ccccc3)cc2o1,False,False,False,,0.16417910447761194,0.1746031746031746,331.61800000000005,348.32000000000005,16.701999999999998,True,4.444600000000002,5.007640000000003,0.5630400000000009,True,0.7618841288913727,0.6249092428916625,0.1369748859997102,False,30.21,39.44,9.229999999999997,True,0.0,0.0,0.0,True,3.0,3.0,0.0,True,2.0,3.0,1.0,True
edit_latent_scaffold_source_rerank,mpair_00000002_cond_01_2p,mpair_00000002,eval,2,"LogP,QED",O=C(c1cccc(Cl)c1)N1C[C@H](CN2CCC(c3ccccc3)CC2)[C@@H](c2ccccc2)C1,O=C(c1ccccc1F)N1C[C@H](CN2CCC(c3ccccc3)CC2)[C@@H](c2ccccc2)C1,O=C(c1cccc(Cl)c1)N1C[C@H](CN2CCC(c3ccccc3)CC2)[C@@H](c2ccccc2)C1,O=C(c1ccccc1)N1C[C@H](CN2CCC(c3ccccc3)CC2)[C@@H](c2ccccc2)C1,O=C(c1ccccc1)N1C[C@H](CN2CCC(c3ccccc3)CC2)[C@@H](c2ccccc2)C1,True,True,True,source_identity,1.0,0.6379310344827587,,,,,5.561100000000006,6.075400000000006,0.5143000000000004,True,0.5164092889512721,0.4625029539066648,0.053906335044607345,True,,,,,,,,,,,,,,,,
edit_latent_scaffold_source_rerank,mpair_00000005_cond_00_2p,mpair_00000005,eval,2,"HBA,RB",O=C(c1ccccc1F)N1C[C@H](CN2CCC(c3ccccc3)CC2)[C@@H](c2ccccc2)C1,COc1cccc(C(=O)N2C[C@H](CN3CCC(c4ccccc4)CC3)[C@@H](c3ccccc3)C2)c1,O=C(c1ccccc1F)N1C[C@H](CN2CCC(c3ccccc3)CC2)[C@@H](c2ccccc2)C1,O=C(c1ccccc1)N1C[C@H](CN2CCC(c3ccccc3)CC2)[C@@H](c2ccccc2)C1,O=C(c1ccccc1)N1C[C@H](CN2CCC(c3ccccc3)CC2)[C@@H](c2ccccc2)C1,True,True,True,source_identity,1.0,0.6065573770491803,,,,,,,,,,,,,,,,,,,,,3.0,2.0,1.0,True,6.0,5.0,1.0,True
edit_latent_scaffold_source_rerank,mpair_00000007_cond_01_2p,mpair_00000007,eval,2,"LogP,QED",O=C(c1ccccc1F)N1C[C@H](CN2CCC(c3ccccc3)CC2)[C@@H](c2ccccc2)C1,O=C(c1cccc(Cl)c1)N1C[C@H](CN2CCC(c3ccccc3)CC2)[C@@H](c2ccccc2)C1,O=C(c1ccccc1F)N1C[C@H](CN2CCC(c3ccccc3)CC2)[C@@H](c2ccccc2)C1,O=C(c1ccccc1)N1C[C@H](CN2CCC(c3ccccc3)CC2)[C@@H](c2ccccc2)C1,O=C(c1ccccc1)N1C[C@H](CN2CCC(c3ccccc3)CC2)[C@@H](c2ccccc2)C1,True,True,True,source_identity,1.0,0.6379310344827587,,,,,6.075400000000006,5.561100000000006,0.5143000000000004,True,0.4625029539066648,0.5164092889512721,0.053906335044607345,True,,,,,,,,,,,,,,,,
edit_latent_scaffold_source_rerank,mpair_00000011_cond_00_2p,mpair_00000011,eval,2,"HBA,RB",COc1cccc(C(=O)N2C[C@H](CN3CCC(c4ccccc4)CC3)[C@@H](c3ccccc3)C2)c1,O=C(c1ccccc1F)N1C[C@H](CN2CCC(c3ccccc3)CC2)[C@@H](c2ccccc2)C1,COc1cccc(C(=O)N2C[C@H](CN3CCC(c4ccccc4)CC3)[C@@H](c3ccccc3)C2)c1,O=C(c1ccccc1)N1C[C@H](CN2CCC(c3ccccc3)CC2)[C@@H](c2ccccc2)C1,O=C(c1ccccc1)N1C[C@H](CN2CCC(c3ccccc3)CC2)[C@@H](c2ccccc2)C1,True,True,True,source_identity,1.0,0.6065573770491803,,,,,,,,,,,,,,,,,,,,,2.0,3.0,1.0,True,5.0,6.0,1.0,True
edit_latent_scaffold_source_rerank,mpair_00000013_cond_01_2p,mpair_00000013,eval,2,"MW,LogP",COc1cccc(C(=O)N2C[C@H](CN3CCC(c4ccccc4)CC3)[C@@H](c3ccccc3)C2)c1,O=C(c1ccccc1C(F)(F)F)N1C[C@H](CN2CCC(c3ccccc3)CC2)[C@@H](c2ccccc2)C1,COc1cccc(C(=O)N2C[C@H](CN3CCC(c4ccccc4)CC3)[C@@H](c3ccccc3)C2)c1,O=C(c1ccccc1)N1C[C@H](CN2CCC(c3ccccc3)CC2)[C@@H](c2ccccc2)C1,O=C(c1ccccc1)N1C[C@H](CN2CCC(c3ccccc3)CC2)[C@@H](c2ccccc2)C1,True,False,False,source_identity,1.0,0.578125,492.5850000000002,454.61400000000015,37.97100000000006,False,6.4408000000000065,5.430600000000005,1.010200000000001,False,,,,,,,,,,,,,,,,,,,,
edit_latent_scaffold_source_rerank,mpair_00000021_cond_02_2p,mpair_00000021,eval,2,"TPSA,HBA",N#Cc1ccc(COC[C@H]2C3CC(c4ccc(F)cc4)(CO3)[C@@H]2C/C=C/CCCC(=O)O)cc1,O=C(O)CCC/C=C/C[C@@H]1[C@@H](COCc2ccccc2)C2CC1(c1ccccc1)CO2,N#Cc1ccc(COC[C@H]2C3CC(c4ccc(F)cc4)(CO3)[C@@H]2C/C=C/CCCC(=O)O)cc1,c1ccc(COC[C@@H]2CC3(c4ccccc4)COC2C3)cc1,c1ccc(COC[C@@H]2CC3(c4ccccc4)COC2C3)cc1,True,False,False,source_identity,1.0,0.7391304347826086,,,,,,,,,,,,,55.760000000000005,79.55,23.789999999999992,False,,,,,3.0,4.0,1.0,True,,,,
edit_latent_scaffold_source_rerank,mpair_00000328_cond_00_2p,mpair_00000328,eval,2,"MW,QED",N[C@@H](C(=O)N[C@@H]1C(=O)N2C(C(=O)O)=C(C(F)(F)F)CC[C@H]12)c1ccc(F)cc1,N[C@@H](C(=O)N[C@@H]1C(=O)N2C(C(=O)O)=C(C(F)(F)F)CC[C@H]12)c1cccc(Br)c1,N[C@@H](C(=O)N[C@@H]1C(=O)N2C(C(=O)O)=C(C(F)(F)F)CC[C@H]12)c1ccc(F)cc1,O=C(Cc1ccccc1)N[C@@H]1C(=O)N2C=CCC[C@H]12,O=C(Cc1ccccc1)N[C@@H]1C(=O)N2C=CCC[C@H]12,True,False,False,source_identity,1.0,0.7377049180327869,462.2220000000001,401.3160000000001,60.906000000000006,False,,,,,0.5917241763797754,0.5187711593734389,0.0729530170063365,True,,,,,,,,,,,,,,,,
edit_latent_scaffold_source_rerank,mpair_00000337_cond_00_2p,mpair_00000337,eval,2,"MW,LogP",N[C@@H](C(=O)N[C@@H]1C(=O)N2C(C(=O)O)=C(C(F)(F)F)CC[C@H]12)c1cccc(C(F)(F)F)c1,N[C@@H](C(=O)N[C@@H]1C(=O)N2C(C(=O)O)=C(C(F)(F)F)CC[C@H]12)c1ccc(F)cc1,N[C@@H](C(=O)N[C@@H]1C(=O)N2C(C(=O)O)=C(C(F)(F)F)CC[C@H]12)c1cccc(C(F)(F)F)c1,O=C(Cc1ccccc1)N[C@@H]1C(=O)N2C=CCC[C@H]12,O=C(Cc1ccccc1)N[C@@H]1C(=O)N2C=CCC[C@H]12,True,False,False,source_identity,1.0,0.7377049180327869,401.3160000000001,451.3230000000001,50.007000000000005,False,1.2158999999999993,2.0955999999999997,0.8797000000000004,True,,,,,,,,,,,,,,,,,,,,
edit_latent_scaffold_source_rerank,mpair_00000584_cond_00_2p,mpair_00000584,eval,2,"TPSA,HBD",OC[C@@H]1N[C@@H](CCCCc2ccc(O)cc2)[C@H](O)[C@H]1O,Cc1ccc(CCCC[C@@H]2N[C@@H](CO)[C@H](O)[C@H]2O)cc1,OC[C@@H]1N[C@@H](CCCCc2ccc(O)cc2)[C@H](O)[C@H]1O,c1ccc(CCCC[C@H]2CCCN2)cc1,c1ccc(CCCC[C@H]2CCCN2)cc1,True,False,False,source_identity,1.0,0.7567567567567568,,,,,,,,,,,,,72.72,92.95,20.230000000000004,False,4.0,5.0,1.0,True,,,,,,,,
edit_latent_scaffold_source_rerank,mpair_00000589_cond_00_2p,mpair_00000589,eval,2,"HBA,RB",COc1ccc(CCCC[C@@H]2N[C@@H](CO)[C@H](O)[C@H]2O)cc1,OC[C@@H]1N[C@@H](CCCCc2ccc(F)cc2)[C@H](O)[C@H]1O,COc1ccc(CCCC[C@@H]2N[C@@H](CO)[C@H](O)[C@H]2O)cc1,c1ccc(CCCC[C@H]2CCCN2)cc1,c1ccc(CCCC[C@H]2CCCN2)cc1,True,True,True,source_identity,1.0,0.6829268292682927,,,,,,,,,,,,,,,,,,,,,4.0,5.0,1.0,True,6.0,7.0,1.0,True
edit_latent_scaffold_source_rerank,mpair_00000590_cond_02_2p,mpair_00000590,eval,2,"HBD,RB",OC[C@@H]1N[C@@H](CCCCc2ccc(O)cc2)[C@H](O)[C@H]1O,COc1ccc(CCCC[C@@H]2N[C@@H](CO)[C@H](O)[C@H]2O)cc1,OC[C@@H]1N[C@@H](CCCCc2ccc(O)cc2)[C@H](O)[C@H]1O,c1ccc(CCCC[C@H]2CCCN2)cc1,c1ccc(CCCC[C@H]2CCCN2)cc1,True,True,True,source_identity,1.0,0.7,,,,,,,,,,,,,,,,,4.0,5.0,1.0,True,,,,,7.0,6.0,1.0,True
edit_latent_scaffold_source_rerank,mpair_00000592_cond_02_2p,mpair_00000592,eval,2,"HBA,RB",COc1ccc(CCCC[C@@H]2N[C@@H](CO)[C@H](O)[C@H]2O)cc1,Cc1ccc(CCCC[C@@H]2N[C@@H](CO)[C@H](O)[C@H]2O)cc1,COc1ccc(CCCC[C@@H]2N[C@@H](CO)[C@H](O)[C@H]2O)cc1,c1ccc(CCCC[C@H]2CCCN2)cc1,c1ccc(CCCC[C@H]2CCCN2)cc1,True,True,True,source_identity,1.0,0.725,,,,,,,,,,,,,,,,,,,,,4.0,5.0,1.0,True,6.0,7.0,1.0,True
edit_latent_scaffold_source_rerank,mpair_00000594_cond_01_2p,mpair_00000594,eval,2,"HBA,RB",COc1ccc(CCCC[C@@H]2N[C@@H](CO)[C@H](O)[C@H]2O)cc1,OC[C@@H]1N[C@@H](CCCCc2cc(F)cc(F)c2)[C@H](O)[C@H]1O,COc1ccc(CCCC[C@@H]2N[C@@H](CO)[C@H](O)[C@H]2O)cc1,c1ccc(CCCC[C@H]2CCCN2)cc1,c1ccc(CCCC[C@H]2CCCN2)cc1,True,True,True,source_identity,1.0,0.5681818181818182,,,,,,,,,,,,,,,,,,,,,4.0,5.0,1.0,True,6.0,7.0,1.0,True
edit_latent_scaffold_source_rerank,mpair_00000596_cond_02_2p,mpair_00000596,eval,2,"HBA,RB",OC[C@@H]1N[C@@H](CCCCc2ccc(F)cc2)[C@H](O)[C@H]1O,COc1ccc(CCCC[C@@H]2N[C@@H](CO)[C@H](O)[C@H]2O)cc1,OC[C@@H]1N[C@@H](CCCCc2ccc(F)cc2)[C@H](O)[C@H]1O,c1ccc(CCCC[C@H]2CCCN2)cc1,c1ccc(CCCC[C@H]2CCCN2)cc1,True,True,True,source_identity,1.0,0.6829268292682927,,,,,,,,,,,,,,,,,,,,,5.0,4.0,1.0,True,7.0,6.0,1.0,True
edit_latent_scaffold_source_rerank,mpair_00000724_cond_02_2p,mpair_00000724,eval,2,"MW,RB",C=CCc1cc(/C=C2\SC(=O)N(CC=C(C)C)C2=O)c(OC)cc1OC1CCCCO1,C=CCc1cc(/C=C2\SC(=O)N(C)C2=O)c(OC)cc1OC1CCCCO1,C=CCc1cc(/C=C2\SC(=O)N(CC=C(C)C)C2=O)c(OC)cc1OC1CCCCO1,O=C1NC(=O)/C(=C/c2ccc(OC3CCCCO3)cc2)S1,O=C1NC(=O)/C(=C/c2ccc(OC3CCCCO3)cc2)S1,True,False,False,source_identity,1.0,0.7761194029850746,389.4730000000002,443.5650000000003,54.0920000000001,False,,,,,,,,,,,,,,,,,,,,,6.0,8.0,2.0,False
edit_latent_scaffold_source_rerank,mpair_00000729_cond_00_2p,mpair_00000729,eval,2,"LogP,QED",C=CCc1cc(/C=C2\SC(=O)N(CC=C(C)C)C2=O)c(OC)cc1OC1CCCCO1,C=CCc1cc(/C=C2\SC(=O)N(CC=C)C2=O)c(OC)cc1OC1CCCCO1,C=CCc1cc(/C=C2\SC(=O)N(CC=C(C)C)C2=O)c(OC)cc1OC1CCCCO1,O=C1NC(=O)/C(=C/c2ccc(OC3CCCCO3)cc2)S1,O=C1NC(=O)/C(=C/c2ccc(OC3CCCCO3)cc2)S1,True,True,True,source_identity,1.0,0.8615384615384616,,,,,4.551400000000004,5.331600000000005,0.7802000000000016,True,0.45838471716690443,0.3995752918375223,0.05880942532938216,True,,,,,,,,,,,,,,,,
edit_latent_scaffold_source_rerank,mpair_00000731_cond_00_2p,mpair_00000731,eval,2,"QED,RB",C=CCc1cc(/C=C2\SC(=O)N(C(C)C)C2=O)c(OC)cc1OC1CCCCO1,C=CCc1cc(/C=C2\SC(=O)N(CC=C(C)C)C2=O)c(OC)cc1OC1CCCCO1,C=CCc1cc(/C=C2\SC(=O)N(C(C)C)C2=O)c(OC)cc1OC1CCCCO1,O=C1NC(=O)/C(=C/c2ccc(OC3CCCCO3)cc2)S1,O=C1NC(=O)/C(=C/c2ccc(OC3CCCCO3)cc2)S1,True,True,True,source_identity,1.0,0.7183098591549296,,,,,,,,,0.3995752918375223,0.4701504427149941,0.07057515087747185,True,,,,,,,,,,,,,8.0,7.0,1.0,True
edit_latent_scaffold_source_rerank,mpair_00000734_cond_01_2p,mpair_00000734,eval,2,"LogP,QED",C=CCc1cc(/C=C2\SC(=O)N(CCCC)C2=O)c(OC)cc1OC1CCCCO1,C=CCc1cc(/C=C2\SC(=O)N(C)C2=O)c(OC)cc1OC1CCCCO1,C=CCc1cc(/C=C2\SC(=O)N(CCCC)C2=O)c(OC)cc1OC1CCCCO1,O=C1NC(=O)/C(=C/c2ccc(OC3CCCCO3)cc2)S1,O=C1NC(=O)/C(=C/c2ccc(OC3CCCCO3)cc2)S1,True,False,False,source_identity,1.0,0.7878787878787878,,,,,3.9952000000000023,5.165500000000004,1.170300000000002,False,0.5413211960634129,0.39718598618589046,0.14413520987752243,False,,,,,,,,,,,,,,,,
edit_latent_scaffold_source_rerank,mpair_00000736_cond_02_2p,mpair_00000736,eval,2,"QED,RB",C=CCc1cc(/C=C2\SC(=O)N(CCCC)C2=O)c(OC)cc1OC1CCCCO1,C=CCc1cc(/C=C2\SC(=O)N(C(C)C)C2=O)c(OC)cc1OC1CCCCO1,C=CCc1cc(/C=C2\SC(=O)N(CCCC)C2=O)c(OC)cc1OC1CCCCO1,O=C1NC(=O)/C(=C/c2ccc(OC3CCCCO3)cc2)S1,O=C1NC(=O)/C(=C/c2ccc(OC3CCCCO3)cc2)S1,True,False,False,source_identity,1.0,0.7285714285714285,,,,,,,,,0.4701504427149941,0.39718598618589046,0.07296445652910366,True,,,,,,,,,,,,,7.0,9.0,2.0,False
edit_latent_scaffold_source_rerank,mpair_00000738_cond_01_2p,mpair_00000738,eval,2,"LogP,RB",C=CCc1cc(/C=C2\SC(=O)N(C(C)C)C2=O)c(OC)cc1OC1CCCCO1,C=CCc1cc(/C=C2\SC(=O)N(C)C2=O)c(OC)cc1OC1CCCCO1,C=CCc1cc(/C=C2\SC(=O)N(C(C)C)C2=O)c(OC)cc1OC1CCCCO1,O=C1NC(=O)/C(=C/c2ccc(OC3CCCCO3)cc2)S1,O=C1NC(=O)/C(=C/c2ccc(OC3CCCCO3)cc2)S1,True,True,True,source_identity,1.0,0.796875,,,,,3.9952000000000023,4.773800000000004,0.7786000000000017,True,,,,,,,,,,,,,,,,,6.0,7.0,1.0,True
edit_latent_scaffold_source_rerank,mpair_00000742_cond_01_2p,mpair_00000742,eval,2,"MW,RB",C=CCc1cc(/C=C2\SC(=O)N(C)C2=O)c(OC)cc1OC1CCCCO1,C=CCc1cc(/C=C2\SC(=O)N(CC=C(C)C)C2=O)c(OC)cc1OC1CCCCO1,C=CCc1cc(/C=C2\SC(=O)N(C)C2=O)c(OC)cc1OC1CCCCO1,O=C1NC(=O)/C(=C/c2ccc(OC3CCCCO3)cc2)S1,O=C1NC(=O)/C(=C/c2ccc(OC3CCCCO3)cc2)S1,True,False,False,source_identity,1.0,0.7761194029850746,443.5650000000003,389.4730000000002,54.0920000000001,False,,,,,,,,,,,,,,,,,,,,,8.0,6.0,2.0,False
edit_latent_scaffold_source_rerank,mpair_00000745_cond_00_2p,mpair_00000745,eval,2,"QED,HBD",C=CCc1cc(/C=C2\SC(=O)N(C)C2=O)c(OC)cc1OC1CCCCO1,C=CCc1cc(/C=C2\SC(=O)NC2=O)c(OC)cc1OC1CCCCO1,C=CCc1cc(/C=C2\SC(=O)N(C)C2=O)c(OC)cc1OC1CCCCO1,O=C1NC(=O)/C(=C/c2ccc(OC3CCCCO3)cc2)S1,O=C1NC(=O)/C(=C/c2ccc(OC3CCCCO3)cc2)S1,True,True,True,source_identity,1.0,0.71875,,,,,,,,,0.6042673504148035,0.5413211960634129,0.06294615435139062,True,,,,,1.0,0.0,1.0,True,,,,,,,,
edit_latent_scaffold_source_rerank,mpair_00000750_cond_01_2p,mpair_00000750,eval,2,"MW,HBA",COC(=O)C[C@@H]1CC(=O)N2[C@H](Cc3c[nH]c4ccccc34)CO[C@@H]2C1,O=C1CCC[C@H]2OC[C@@H](Cc3c[nH]c4ccccc34)N12,COC(=O)C[C@@H]1CC(=O)N2[C@H](Cc3c[nH]c4ccccc34)CO[C@@H]2C1,O=C1CCC[C@H]2OC[C@@H](Cc3c[nH]c4ccccc34)N12,O=C1CCC[C@H]2OC[C@@H](Cc3c[nH]c4ccccc34)N12,True,False,False,source_identity,1.0,0.578125,270.33200000000005,342.39500000000015,72.0630000000001,False,,,,,,,,,,,,,,,,,2.0,4.0,2.0,False,,,,
edit_latent_scaffold_source_rerank,mpair_00000752_cond_01_2p,mpair_00000752,eval,2,"TPSA,HBA",CC[C@H]1CCC(=O)N2[C@H](Cc3c[nH]c4ccccc34)CO[C@H]12,COC(=O)C[C@@H]1CC(=O)N2[C@H](Cc3c[nH]c4ccccc34)CO[C@@H]2C1,CC[C@H]1CCC(=O)N2[C@H](Cc3c[nH]c4ccccc34)CO[C@H]12,O=C1CCC[C@H]2OC[C@@H](Cc3c[nH]c4ccccc34)N12,O=C1CCC[C@H]2OC[C@@H](Cc3c[nH]c4ccccc34)N12,True,False,False,source_identity,1.0,0.5072463768115942,,,,,,,,,,,,,71.63000000000001,45.33,26.30000000000001,False,,,,,4.0,2.0,2.0,False,,,,
edit_latent_scaffold_source_rerank,mpair_00000755_cond_02_2p,mpair_00000755,eval,2,"LogP,RB",CC[C@H]1CCC(=O)N2[C@H](Cc3c[nH]c4ccccc34)CO[C@H]12,O=C1CCC[C@H]2OC[C@@H](Cc3c[nH]c4ccccc34)N12,CC[C@H]1CCC(=O)N2[C@H](Cc3c[nH]c4ccccc34)CO[C@H]12,O=C1CCC[C@H]2OC[C@@H](Cc3c[nH]c4ccccc34)N12,O=C1CCC[C@H]2OC[C@@H](Cc3c[nH]c4ccccc34)N12,True,True,True,source_identity,1.0,0.6607142857142857,,,,,2.447800000000001,3.0839000000000016,0.6361000000000008,True,,,,,,,,,,,,,,,,,2.0,3.0,1.0,True
edit_latent_scaffold_source_rerank,mpair_00000757_cond_01_2p,mpair_00000757,eval,2,"LogP,RB",COc1cccc(-c2cncc(O[C@@H]3CCNC3)c2)c1,Clc1cccc(-c2cncc(O[C@@H]3CCNC3)c2)c1,COc1cccc(-c2cncc(O[C@@H]3CCNC3)c2)c1,c1ccc(-c2cncc(O[C@@H]3CCNC3)c2)cc1,c1ccc(-c2cncc(O[C@@H]3CCNC3)c2)cc1,True,True,True,source_identity,1.0,0.7446808510638298,,,,,3.1427000000000014,2.4979000000000005,0.6448000000000009,True,,,,,,,,,,,,,,,,,3.0,4.0,1.0,True
edit_latent_scaffold_source_rerank,mpair_00000759_cond_02_2p,mpair_00000759,eval,2,"MW,LogP",c1ccc(-c2cncc(O[C@@H]3CCNC3)c2)cc1,Clc1cccc(-c2cc(O[C@@H]3CCNC3)cnc2Cl)c1,c1ccc(-c2cncc(O[C@@H]3CCNC3)c2)cc1,c1ccc(-c2cncc(O[C@@H]3CCNC3)c2)cc1,c1ccc(-c2cncc(O[C@@H]3CCNC3)c2)cc1,True,False,False,source_identity,1.0,0.5192307692307693,309.196,240.30599999999998,68.89000000000004,False,3.796100000000002,2.4893,1.3068000000000017,False,,,,,,,,,,,,,,,,,,,,
edit_latent_scaffold_source_rerank,mpair_00000761_cond_01_2p,mpair_00000761,eval,2,"HBA,RB",c1ccc(-c2cncc(O[C@@H]3CCNC3)c2)cc1,COc1cccc(-c2cncc(O[C@@H]3CCNC3)c2)c1,c1ccc(-c2cncc(O[C@@H]3CCNC3)c2)cc1,c1ccc(-c2cncc(O[C@@H]3CCNC3)c2)cc1,c1ccc(-c2cncc(O[C@@H]3CCNC3)c2)cc1,True,True,True,source_identity,1.0,0.75,,,,,,,,,,,,,,,,,,,,,4.0,3.0,1.0,True,4.0,3.0,1.0,True
edit_latent_scaffold_source_rerank,mpair_00000764_cond_00_2p,mpair_00000764,eval,2,"LogP,QED",Clc1cccc(-c2cc(O[C@@H]3CCNC3)cnc2Cl)c1,Clc1cccc(-c2cncc(O[C@@H]3CCNC3)c2)c1,Clc1cccc(-c2cc(O[C@@H]3CCNC3)cnc2Cl)c1,c1ccc(-c2cncc(O[C@@H]3CCNC3)c2)cc1,c1ccc(-c2cncc(O[C@@H]3CCNC3)c2)cc1,True,True,True,source_identity,1.0,0.68,,,,,3.1427000000000014,3.796100000000002,0.6534000000000004,True,0.9336391660075258,0.8758671086324237,0.05777205737510216,True,,,,,,,,,,,,,,,,
edit_latent_scaffold_source_rerank,mpair_00001114_cond_01_2p,mpair_00001114,eval,2,"QED,HBD",COc1ccc(N2CCN(CCC3NC(=O)c4ccccc43)CC2)cc1,COc1ccc(N2CCN(CCC3c4ccccc4C(=O)N3C)CC2)cc1,COc1ccc(N2CCN(CCC3NC(=O)c4ccccc43)CC2)cc1,O=C1NC(CCN2CCN(c3ccccc3)CC2)c2ccccc21,O=C1NC(CCN2CCN(c3ccccc3)CC2)c2ccccc21,True,True,True,source_identity,1.0,0.6545454545454545,,,,,,,,,0.8160326048332845,0.8996022198661571,0.08356961503287252,True,,,,,0.0,1.0,1.0,True,,,,,,,,
edit_latent_scaffold_source_rerank,mpair_00001116_cond_02_2p,mpair_00001116,eval,2,"HBA,RB",COc1ccc(N2CCN(CCC3NC(=O)c4ccccc43)CC2)cc1,O=C1NC(CCN2CCN(c3ccccc3)CC2)c2ccccc21,COc1ccc(N2CCN(CCC3NC(=O)c4ccccc43)CC2)cc1,O=C1NC(CCN2CCN(c3ccccc3)CC2)c2ccccc21,O=C1NC(CCN2CCN(c3ccccc3)CC2)c2ccccc21,True,True,True,source_identity,1.0,0.7708333333333334,,,,,,,,,,,,,,,,,,,,,3.0,4.0,1.0,True,4.0,5.0,1.0,True
edit_latent_scaffold_source_rerank,mpair_00001120_cond_00_2p,mpair_00001120,eval,2,"QED,HBD",CN1C(=O)c2ccccc2C1CCN1CCN(c2ccc(Cl)cc2)CC1,Cc1ccc(N2CCN(CCC3NC(=O)c4ccccc43)CC2)cc1C,CN1C(=O)c2ccccc2C1CCN1CCN(c2ccc(Cl)cc2)CC1,O=C1NC(CCN2CCN(c3ccccc3)CC2)c2ccccc21,O=C1NC(CCN2CCN(c3ccccc3)CC2)c2ccccc21,True,True,True,source_identity,1.0,0.45901639344262296,,,,,,,,,0.9198864151307602,0.8221231339252668,0.09776328120549338,True,,,,,1.0,0.0,1.0,True,,,,,,,,
edit_latent_scaffold_source_rerank,mpair_00001121_cond_02_2p,mpair_00001121,eval,2,"QED,HBD",O=C1NC(CCN2CCN(c3ccccc3)CC2)c2ccccc21,CN1C(=O)c2ccccc2C1CCN1CCN(c2ccc(Cl)cc2)CC1,O=C1NC(CCN2CCN(c3ccccc3)CC2)c2ccccc21,O=C1NC(CCN2CCN(c3ccccc3)CC2)c2ccccc21,O=C1NC(CCN2CCN(c3ccccc3)CC2)c2ccccc21,True,False,False,source_identity,1.0,0.4909090909090909,,,,,,,,,0.8221231339252668,0.9403172855884846,0.11819415166321778,False,,,,,0.0,1.0,1.0,True,,,,,,,,
edit_latent_scaffold_source_rerank,mpair_00001124_cond_00_2p,mpair_00001124,eval,2,"LogP,RB",COc1ccc(N2CCN(CCC3NC(=O)c4ccccc43)CC2)cc1,Cc1ccc(N2CCN(CCC3NC(=O)c4ccccc43)CC2)cc1C,COc1ccc(N2CCN(CCC3NC(=O)c4ccccc43)CC2)cc1,O=C1NC(CCN2CCN(c3ccccc3)CC2)c2ccccc21,O=C1NC(CCN2CCN(c3ccccc3)CC2)c2ccccc21,True,True,True,source_identity,1.0,0.7037037037037037,,,,,3.3002400000000023,2.692000000000001,0.6082400000000012,True,,,,,,,,,,,,,,,,,4.0,5.0,1.0,True
edit_latent_scaffold_source_rerank,mpair_00001128_cond_00_2p,mpair_00001128,eval,2,"LogP,RB",CN1C(=O)c2ccccc2C1CCN1CCN(c2ccc(Cl)cc2)CC1,COc1ccc(N2CCN(CCC3c4ccccc4C(=O)N3C)CC2)cc1,CN1C(=O)c2ccccc2C1CCN1CCN(c2ccc(Cl)cc2)CC1,O=C1NC(CCN2CCN(c3ccccc3)CC2)c2ccccc21,O=C1NC(CCN2CCN(c3ccccc3)CC2)c2ccccc21,True,True,True,source_identity,1.0,0.76,,,,,3.034200000000002,3.679000000000003,0.6448000000000009,True,,,,,,,,,,,,,,,,,5.0,4.0,1.0,True
edit_latent_scaffold_source_rerank,mpair_00001129_cond_02_2p,mpair_00001129,eval,2,"QED,HBD",Cc1ccc(N2CCN(CCC3NC(=O)c4ccccc43)CC2)cc1C,CN1C(=O)c2ccccc2C1CCN1CCN(c2ccc(Cl)cc2)CC1,Cc1ccc(N2CCN(CCC3NC(=O)c4ccccc43)CC2)cc1C,O=C1NC(CCN2CCN(c3ccccc3)CC2)c2ccccc21,O=C1NC(CCN2CCN(c3ccccc3)CC2)c2ccccc21,True,True,True,source_identity,1.0,0.45901639344262296,,,,,,,,,0.8221231339252668,0.9198864151307602,0.09776328120549338,True,,,,,0.0,1.0,1.0,True,,,,,,,,
edit_latent_scaffold_source_rerank,mpair_00001132_cond_01_2p,mpair_00001132,eval,2,"QED,TPSA",O=C(Cc1ccccc1[N+](=O)[O-])NCCC1CCN(CC2COc3ccccc3O2)CC1,COc1ccccc1CC(=O)NCCC1CCN(CC2COc3ccccc3O2)CC1,O=C(Cc1ccccc1[N+](=O)[O-])NCCC1CCN(CC2COc3ccccc3O2)CC1,O=C(Cc1ccccc1)NCCC1CCN(CC2COc3ccccc3O2)CC1,O=C(Cc1ccccc1)NCCC1CCN(CC2COc3ccccc3O2)CC1,True,False,False,source_identity,1.0,0.7164179104477612,,,,,,,,,0.7047088784600517,0.5015202818225966,0.20318859663745514,False,60.03,93.94,33.91,False,,,,,,,,,,,,
edit_latent_scaffold_source_rerank,mpair_00001135_cond_02_2p,mpair_00001135,eval,2,"MW,LogP",Fc1ccc(N2CCN(c3nc4ccsc4n4cccc34)CC2)cc1,FC(F)(F)c1cccc(N2CCN(c3nc4ccsc4n4cccc34)CC2)c1,Clc1ccc(N2CCN(c3nc4ccsc4n4cccc34)CC2)cc1,c1ccc(N2CCN(c3nc4ccsc4n4cccc34)CC2)cc1,c1ccc(N2CCN(c3nc4ccsc4n4cccc34)CC2)cc1,True,True,True,,0.7872340425531915,0.6363636363636364,402.4450000000001,368.89300000000014,33.551999999999964,True,4.894400000000004,4.5290000000000035,0.36540000000000017,True,,,,,,,,,,,,,,,,,,,,
edit_latent_scaffold_source_rerank,mpair_00001633_cond_01_2p,mpair_00001633,eval,2,"MW,QED",C=CCC1(C(C)C#CCC)C(=O)NC(=O)N(C)C1=O,C=C(Br)CC1(C(C)C)C(=O)NC(=O)N(C)C1=O,CCC(C)C1(CC)C(=O)NC(=O)NC1=O,O=C1CC(=O)NC(=O)N1,O=C1CC(=O)NC(=O)N1,True,False,False,,0.2708333333333333,0.27906976744186046,303.15600000000006,212.249,90.90700000000007,False,,,,,0.8059749860896003,0.6791427219817272,0.12683226410787307,False,,,,,,,,,,,,,,,,
edit_latent_scaffold_source_rerank,mpair_00002258_cond_00_2p,mpair_00002258,eval,2,"LogP,QED",Cc1cccc(C)c1NC(=O)c1c(C)n(-c2c(C)cccc2C)c(C)cc1=O,Cc1ccccc1NC(=O)c1c(C)n(-c2ccccc2C)c(C)cc1=O,Cc1c(Br)c(=O)c(C(=O)Nc2ccccc2)c(C)n1-c1ccccc1,O=C(Nc1ccccc1)c1cn(-c2ccccc2)ccc1=O,O=C(Nc1ccccc1)c1cn(-c2ccccc2)ccc1=O,True,True,True,,0.34545454545454546,0.35714285714285715,,,,,4.3234800000000035,4.469140000000003,0.14565999999999946,True,0.7675628277357767,0.709239916031685,0.05832291170409165,True,,,,,,,,,,,,,,,,
edit_latent_scaffold_source_rerank,mpair_00002259_cond_02_2p,mpair_00002259,eval,2,"LogP,QED",Cc1ccccc1NC(=O)c1c(C)n(-c2ccccc2C)c(C)cc1=O,Cc1cccc(C)c1NC(=O)c1c(C)n(-c2c(C)cccc2C)c(C)cc1=O,Cc1c(Br)c(=O)c(C(=O)Nc2ccccc2)c(C)n1-c1ccccc1,O=C(Nc1ccccc1)c1cn(-c2ccccc2)ccc1=O,O=C(Nc1ccccc1)c1cn(-c2ccccc2)ccc1=O,True,True,True,,0.35714285714285715,0.34545454545454546,,,,,4.940320000000004,4.469140000000003,0.47118000000000126,True,0.7058233303377046,0.709239916031685,0.0034165856939804007,True,,,,,,,,,,,,,,,,
edit_latent_scaffold_source_rerank,mpair_00002372_cond_02_2p,mpair_00002372,eval,2,"HBA,RB",CCCCCNC(=O)Nc1c(SCCCn2cnc(-c3ccccc3)c2C)cccc1N(C)C,CCCCCNC(=O)Nc1c(C)cccc1SCCCn1cnc(-c2ccccc2)c1C,CCCCCNC(=O)Nc1c(SCCCn2cnc(-c3ccccc3)c2C)cccc1N(C)C,c1ccc(SCCCn2cnc(-c3ccccc3)c2)cc1,c1ccc(SCCCn2cnc(-c3ccccc3)c2)cc1,True,True,True,source_identity,1.0,0.8208955223880597,,,,,,,,,,,,,,,,,,,,,4.0,5.0,1.0,True,11.0,12.0,1.0,True
edit_latent_scaffold_source_rerank,mpair_00002462_cond_00_2p,mpair_00002462,eval,2,"TPSA,RB",COc1cc(NC(=O)c2cc(OCCCN(C)C)nn2Cc2ccccc2)cc(OC)c1OC,COc1ccc(NC(=O)c2cc(OCCCN(C)C)nn2Cc2ccccc2)cc1,COc1cc(NC(=O)c2cc(OCCCN(C)C)nn2Cc2ccccc2)cc(OC)c1OC,O=C(Nc1ccccc1)c1ccnn1Cc1ccccc1,O=C(Nc1ccccc1)c1ccnn1Cc1ccccc1,True,False,False,source_identity,1.0,0.7741935483870968,,,,,,,,,,,,,68.62,87.08000000000001,18.460000000000008,True,,,,,,,,,10.0,12.0,2.0,False
edit_latent_scaffold_source_rerank,mpair_00002465_cond_00_2p,mpair_00002465,eval,2,"HBA,RB",CN(C)CCCOc1cc(C(=O)Nc2ccc(OC(F)(F)F)cc2)n(Cc2ccccc2)n1,CN(C)CCCOc1cc(C(=O)Nc2cccc(Cl)c2)n(Cc2ccccc2)n1,CN(C)CCCOc1cc(C(=O)Nc2ccc(OC(F)(F)F)cc2)n(Cc2ccccc2)n1,O=C(Nc1ccccc1)c1ccnn1Cc1ccccc1,O=C(Nc1ccccc1)c1ccnn1Cc1ccccc1,True,True,True,source_identity,1.0,0.696969696969697,,,,,,,,,,,,,,,,,,,,,5.0,6.0,1.0,True,9.0,10.0,1.0,True
edit_latent_scaffold_source_rerank,mpair_00002469_cond_01_2p,mpair_00002469,eval,2,"TPSA,HBA",COc1ccc(NC(=O)c2cc(OCCCN(C)C)nn2Cc2ccccc2)cc1,COc1cc(NC(=O)c2cc(OCCCN(C)C)nn2Cc2ccccc2)cc(OC)c1OC,COc1ccc(NC(=O)c2cc(OCCCN(C)C)nn2Cc2ccccc2)cc1,O=C(Nc1ccccc1)c1ccnn1Cc1ccccc1,O=C(Nc1ccccc1)c1ccnn1Cc1ccccc1,True,False,False,source_identity,1.0,0.7741935483870968,,,,,,,,,,,,,87.08000000000001,68.62,18.460000000000008,True,,,,,8.0,6.0,2.0,False,,,,
edit_latent_scaffold_source_rerank,mpair_00002475_cond_01_2p,mpair_00002475,eval,2,"TPSA,RB",CN(C)CCCOc1cc(C(=O)Nc2ccc(OC(F)(F)F)cc2)n(Cc2ccccc2)n1,COc1cc(NC(=O)c2cc(OCCCN(C)C)nn2Cc2ccccc2)cc(OC)c1OC,CN(C)CCCOc1cc(C(=O)Nc2ccc(OC(F)(F)F)cc2)n(Cc2ccccc2)n1,O=C(Nc1ccccc1)c1ccnn1Cc1ccccc1,O=C(Nc1ccccc1)c1ccnn1Cc1ccccc1,True,False,False,source_identity,1.0,0.6764705882352942,,,,,,,,,,,,,87.08000000000001,68.62,18.460000000000008,True,,,,,,,,,12.0,10.0,2.0,False
edit_latent_scaffold_source_rerank,mpair_00002480_cond_00_2p,mpair_00002480,eval,2,"LogP,QED",CN(C)CCCOc1cc(C(=O)Nc2cc(F)cc(C(F)(F)F)c2)n(Cc2ccccc2)n1,CN(C)CCCOc1cc(C(=O)Nc2cccc(Cl)c2)n(Cc2ccccc2)n1,CN(C)CCCOc1cc(C(=O)Nc2cc(F)cc(C(F)(F)F)c2)n(Cc2ccccc2)n1,O=C(Nc1ccccc1)c1ccnn1Cc1ccccc1,O=C(Nc1ccccc1)c1ccnn1Cc1ccccc1,True,False,False,source_identity,1.0,0.6764705882352942,,,,,4.167600000000003,4.672100000000003,0.5045000000000002,True,0.5357556879239462,0.369385517709234,0.16637017021471223,False,,,,,,,,,,,,,,,,
edit_latent_scaffold_source_rerank,mpair_00002482_cond_02_2p,mpair_00002482,eval,2,"LogP,QED",COc1ccc(NC(=O)c2cc(OCCCN(C)C)nn2Cc2ccccc2)cc1,CN(C)CCCOc1cc(C(=O)Nc2ccc(OC(F)(F)F)cc2)n(Cc2ccccc2)n1,COc1ccc(NC(=O)c2cc(OCCCN(C)C)nn2Cc2ccccc2)cc1,O=C(Nc1ccccc1)c1ccnn1Cc1ccccc1,O=C(Nc1ccccc1)c1ccnn1Cc1ccccc1,True,True,True,source_identity,1.0,0.8064516129032258,,,,,4.412800000000003,3.522800000000002,0.8900000000000015,True,0.4522382232340766,0.5200250404910086,0.06778681725693203,True,,,,,,,,,,,,,,,,
edit_latent_scaffold_source_rerank,mpair_00002486_cond_02_2p,mpair_00002486,eval,2,"QED,HBA",CN(C)CCCOc1cc(C(=O)Nc2cccc(Cl)c2)n(Cc2ccccc2)n1,CN(C)CCCOc1cc(C(=O)Nc2ccc(OC(F)(F)F)cc2)n(Cc2ccccc2)n1,CN(C)CCCOc1cc(C(=O)Nc2cccc(Cl)c2)n(Cc2ccccc2)n1,O=C(Nc1ccccc1)c1ccnn1Cc1ccccc1,O=C(Nc1ccccc1)c1ccnn1Cc1ccccc1,True,True,True,source_identity,1.0,0.696969696969697,,,,,,,,,0.4522382232340766,0.5357556879239462,0.08351746468986965,True,,,,,,,,,6.0,5.0,1.0,True,,,,
edit_latent_scaffold_source_rerank,mpair_00002490_cond_01_2p,mpair_00002490,eval,2,"TPSA,HBA",CCOC(=O)c1cc(C(C)O)cn1S(=O)(=O)c1cc(Cl)ccc1N,C=Cc1cc(C(=O)OCC)n(S(=O)(=O)c2cc(Cl)ccc2N)c1,N/C(S)=N/N=C/c1cccn1S(=O)(=O)c1ccccc1,O=S(=O)(c1ccccc1)n1cccc1,O=S(=O)(c1ccccc1)n1cccc1,True,True,True,,0.14473684210526316,0.16,,,,,,,,,,,,,91.39,89.81,1.5799999999999983,True,,,,,6.0,5.0,1.0,True,,,,
edit_latent_scaffold_source_rerank,mpair_00002494_cond_01_2p,mpair_00002494,eval,2,"MW,LogP",O=C1C(Nc2ccccc2)=C(Cl)C(=O)c2ncncc21,O=C1C(Nc2cccc(Br)c2)=C(Cl)C(=O)c2ncncc21,O=C1C(Nc2cccc(Cl)c2)=C(Cl)C(=O)c2ncncc21,O=C1C(Nc2ccccc2)=CC(=O)c2ncncc21,O=C1C(Nc2ccccc2)=CC(=O)c2ncncc21,True,False,False,,0.7619047619047619,0.7777777777777778,364.58600000000007,320.135,44.45100000000008,False,3.180600000000001,3.0715000000000003,0.10910000000000064,True,,,,,,,,,,,,,,,,,,,,
edit_latent_scaffold_source_rerank,mpair_00002496_cond_00_2p,mpair_00002496,eval,2,"MW,LogP",O=C1C(Nc2ccccc2)=C(Cl)C(=O)c2ncncc21,O=C1C(Nc2ccc(Br)cc2)=C(Cl)C(=O)c2ncncc21,O=C1C(Nc2cccc(Cl)c2)=C(Cl)C(=O)c2ncncc21,O=C1C(Nc2ccccc2)=CC(=O)c2ncncc21,O=C1C(Nc2ccccc2)=CC(=O)c2ncncc21,True,False,False,,0.7619047619047619,0.6521739130434783,364.58600000000007,320.135,44.45100000000008,False,3.180600000000001,3.0715000000000003,0.10910000000000064,True,,,,,,,,,,,,,,,,,,,,
edit_latent_scaffold_source_rerank,mpair_00002497_cond_02_2p,mpair_00002497,eval,2,"MW,LogP",O=C1C(Nc2ccc(Br)cc2)=C(Cl)C(=O)c2ncncc21,O=C1C(Nc2ccccc2)=C(Cl)C(=O)c2ncncc21,Cc1ccc(NC2=C(Cl)C(=O)c3ncncc3C2=O)cc1,O=C1C(Nc2ccccc2)=CC(=O)c2ncncc21,O=C1C(Nc2ccccc2)=CC(=O)c2ncncc21,True,True,True,,0.7619047619047619,0.7560975609756098,285.69,299.71700000000004,14.027000000000044,True,2.4181,2.7265200000000007,0.3084200000000008,True,,,,,,,,,,,,,,,,,,,,
edit_latent_scaffold_source_rerank,mpair_00002501_cond_01_2p,mpair_00002501,eval,2,"LogP,RB",CCc1ccc(NC2=C(Cl)C(=O)c3ncncc3C2=O)cc1,O=C1C(Nc2ccccc2)=C(Cl)C(=O)c2ncncc21,Cc1ccc(NC2=C(Cl)C(=O)c3ncncc3C2=O)cc1,O=C1C(Nc2ccccc2)=CC(=O)c2ncncc21,O=C1C(Nc2ccccc2)=CC(=O)c2ncncc21,True,True,True,,0.75,0.7560975609756098,,,,,2.4181,2.7265200000000007,0.3084200000000008,True,,,,,,,,,,,,,,,,,2.0,2.0,0.0,True
edit_latent_scaffold_source_rerank,mpair_00002504_cond_01_2p,mpair_00002504,eval,2,"HBA,RB",COc1ccc(C(=O)CN2c3ccccc3C(=O)N(Cc3ccccc3)S2(=O)=O)cc1,Cc1ccc(C(=O)CN2c3ccccc3C(=O)N(Cc3ccccc3)S2(=O)=O)cc1,COc1ccc(C(=O)CN2c3ccccc3C(=O)N(Cc3ccccc3)S2(=O)=O)cc1,O=C(CN1c2ccccc2C(=O)N(Cc2ccccc2)S1(=O)=O)c1ccccc1,O=C(CN1c2ccccc2C(=O)N(Cc2ccccc2)S1(=O)=O)c1ccccc1,True,True,True,source_identity,1.0,0.7843137254901961,,,,,,,,,,,,,,,,,,,,,4.0,5.0,1.0,True,5.0,6.0,1.0,True
edit_latent_scaffold_source_rerank,mpair_00002506_cond_02_2p,mpair_00002506,eval,2,"HBA,RB",Cc1ccc(C(=O)CN2c3ccccc3C(=O)N(Cc3ccccc3)S2(=O)=O)cc1,COc1ccc(C(=O)CN2c3ccccc3C(=O)N(Cc3ccccc3)S2(=O)=O)cc1,Cc1ccc(C(=O)CN2c3ccccc3C(=O)N(Cc3ccccc3)S2(=O)=O)cc1,O=C(CN1c2ccccc2C(=O)N(Cc2ccccc2)S1(=O)=O)c1ccccc1,O=C(CN1c2ccccc2C(=O)N(Cc2ccccc2)S1(=O)=O)c1ccccc1,True,True,True,source_identity,1.0,0.7843137254901961,,,,,,,,,,,,,,,,,,,,,5.0,4.0,1.0,True,6.0,5.0,1.0,True
edit_latent_scaffold_source_rerank,mpair_00002514_cond_02_2p,mpair_00002514,eval,2,"MW,QED",CSc1cc(-c2ccc(Cl)cc2)oc(=O)c1Br,CSc1cc(-c2ccc(Cl)cc2)oc(=O)c1C(N)=O,CSc1cc(-c2ccc(F)cc2)oc(=O)c1,O=c1cccc(-c2ccccc2)o1,O=c1cccc(-c2ccccc2)o1,True,False,False,,0.3695652173913043,0.34,295.747,236.26699999999997,59.48000000000005,False,,,,,0.8837306867126842,0.7501191134076561,0.13361157330502804,False,,,,,,,,,,,,,,,,
edit_latent_scaffold_source_rerank,mpair_00002517_cond_02_2p,mpair_00002517,eval,2,"MW,LogP",CSc1cc(-c2ccc(Cl)cc2)oc(=O)c1Br,CSc1cc(-c2ccc(Cl)cc2)oc(=O)c1,CSc1cc(-c2ccc(F)cc2)oc(=O)c1,O=c1cccc(-c2ccccc2)o1,O=c1cccc(-c2ccccc2)o1,True,True,True,,0.3695652173913043,0.7142857142857143,252.72199999999998,236.26699999999997,16.455000000000013,True,3.682100000000002,3.1678000000000024,0.5142999999999995,True,,,,,,,,,,,,,,,,,,,,
edit_latent_scaffold_source_rerank,mpair_00002530_cond_00_2p,mpair_00002530,eval,2,"MW,LogP",CSc1cc(-c2ccc(Cl)cc2)oc(=O)c1,CSc1cc(-c2ccc(Cl)cc2)oc(=O)c1Br,CSc1cc(-c2ccc(F)cc2)oc(=O)c1,O=c1cccc(-c2ccccc2)o1,O=c1cccc(-c2ccccc2)o1,True,False,False,,0.7142857142857143,0.3695652173913043,331.61799999999994,236.26699999999997,95.35099999999997,False,4.444600000000001,3.1678000000000024,1.2767999999999988,False,,,,,,,,,,,,,,,,,,,,
edit_latent_scaffold_source_rerank,mpair_00002538_cond_00_2p,mpair_00002538,eval,2,"MW,LogP",CSc1cc(-c2ccc(Br)cc2)oc(=O)c1Cl,CSc1cc(-c2ccc(Cl)cc2)oc(=O)c1,CSc1cc(-c2ccc(F)cc2)oc(=O)c1,O=c1cccc(-c2ccccc2)o1,O=c1cccc(-c2ccccc2)o1,True,True,True,,0.3695652173913043,0.7142857142857143,252.72199999999998,236.26699999999997,16.455000000000013,True,3.682100000000002,3.1678000000000024,0.5142999999999995,True,,,,,,,,,,,,,,,,,,,,
edit_latent_scaffold_source_rerank,mpair_00002546_cond_02_2p,mpair_00002546,eval,2,"LogP,TPSA",CSc1cc(-c2ccc(Br)cc2)oc(=O)c1Br,CSc1cc(-c2ccc(Br)cc2)oc(=O)c1C#N,CSc1cc(-c2ccc(F)cc2)oc(=O)c1,O=c1cccc(-c2ccccc2)o1,O=c1cccc(-c2ccccc2)o1,True,False,False,,0.38636363636363635,0.3469387755102041,,,,,3.662880000000002,3.1678000000000024,0.49507999999999974,True,,,,,54.0,30.21,23.79,False,,,,,,,,,,,,
edit_latent_scaffold_source_rerank,mpair_00002556_cond_00_2p,mpair_00002556,eval,2,"MW,QED",CN(C(=O)n1nc(-c2ccc(Cl)cc2)nc1SCC(F)(F)F)c1ccccc1,CSc1nc(-c2ccc(Cl)cc2)nn1C(=O)N(C)c1ccccc1,CN(C(=O)n1nc(-c2ccc(Cl)cc2)nc1SCC(F)(F)F)c1ccccc1,O=C(Nc1ccccc1)n1cnc(-c2ccccc2)n1,O=C(Nc1ccccc1)n1cnc(-c2ccccc2)n1,True,False,False,source_identity,1.0,0.7222222222222222,358.85400000000004,426.8510000000001,67.99700000000007,False,,,,,0.6499636794176425,0.5270344401044634,0.12292923931317912,False,,,,,,,,,,,,,,,,
edit_latent_scaffold_source_rerank,mpair_00002559_cond_01_2p,mpair_00002559,eval,2,"LogP,QED",CN(C(=O)n1nc(-c2ccc(Cl)cc2)nc1SCC(F)(F)F)c1ccccc1,CSc1nc(-c2ccc(C)cc2)nn1C(=O)N(C)c1ccccc1,CN(C(=O)n1nc(-c2ccc(Cl)cc2)nc1SCC(F)(F)F)c1ccccc1,O=C(Nc1ccccc1)n1cnc(-c2ccccc2)n1,O=C(Nc1ccccc1)n1cnc(-c2ccccc2)n1,True,False,False,source_identity,1.0,0.5862068965517241,,,,,4.079920000000002,5.357400000000003,1.2774800000000006,False,0.6753188675979567,0.5270344401044634,0.14828442749349324,False,,,,,,,,,,,,,,,,
edit_latent_scaffold_source_rerank,mpair_00002562_cond_01_2p,mpair_00002562,eval,2,"LogP,RB",CSc1nc(-c2ccc(Cl)cc2)nn1C(=O)N(C)c1ccccc1,CN(C(=O)n1nc(-c2ccc(Cl)cc2)nc1SCC(F)(F)F)c1ccccc1,CSc1nc(-c2ccc(Cl)cc2)nn1C(=O)N(C)c1ccccc1,O=C(Nc1ccccc1)n1cnc(-c2ccccc2)n1,O=C(Nc1ccccc1)n1cnc(-c2ccccc2)n1,True,True,True,source_identity,1.0,0.7222222222222222,,,,,5.357400000000003,4.424900000000004,0.9324999999999992,True,,,,,,,,,,,,,,,,,4.0,3.0,1.0,True
edit_latent_scaffold_source_rerank,mpair_00002565_cond_01_2p,mpair_00002565,eval,2,"LogP,HBA",CSc1nc(-c2ccc(OC(F)(F)F)cc2)nn1C(=O)N(C)c1ccccc1,CSc1nc(-c2ccc(C)cc2)nn1C(=O)N(C)c1ccccc1,CSc1nc(-c2ccc(OC(F)(F)F)cc2)nn1C(=O)N(C)c1ccccc1,O=C(Nc1ccccc1)n1cnc(-c2ccccc2)n1,O=C(Nc1ccccc1)n1cnc(-c2ccccc2)n1,True,True,True,source_identity,1.0,0.7169811320754716,,,,,4.079920000000002,4.670100000000003,0.590180000000001,True,,,,,,,,,,,,,5.0,6.0,1.0,True,,,,
edit_latent_scaffold_source_rerank,mpair_00002567_cond_01_2p,mpair_00002567,eval,2,"HBD,RB",COc1cc(C(=O)N2CCN(C(=O)c3cc(OC)c(OC)c(OC)c3)C(COC(=O)NCCC(C)C)C2)cc(OC)c1OC,CCN(CC)C(=O)OCC1CN(C(=O)c2cc(OC)c(OC)c(OC)c2)CCN1C(=O)c1cc(OC)c(OC)c(OC)c1,COc1cc(C(=O)N2CCN(C(=O)c3cc(OC)c(OC)c(OC)c3)C(COC(=O)NCCC(C)C)C2)cc(OC)c1OC,O=C(c1ccccc1)N1CCN(C(=O)c2ccccc2)CC1,O=C(c1ccccc1)N1CCN(C(=O)c2ccccc2)CC1,True,True,True,source_identity,1.0,0.6451612903225806,,,,,,,,,,,,,,,,,0.0,1.0,1.0,True,,,,,12.0,13.0,1.0,True
edit_latent_scaffold_source_rerank,mpair_00002571_cond_01_2p,mpair_00002571,eval,2,"HBD,RB",CCN(CC)C(=O)OCC1CN(C(=O)c2cc(OC)c(OC)c(OC)c2)CCN1C(=O)c1cc(OC)c(OC)c(OC)c1,COc1cc(C(=O)N2CCN(C(=O)c3cc(OC)c(OC)c(OC)c3)C(COC(=O)NCCC(C)C)C2)cc(OC)c1OC,CCN(CC)C(=O)OCC1CN(C(=O)c2cc(OC)c(OC)c(OC)c2)CCN1C(=O)c1cc(OC)c(OC)c(OC)c1,O=C(c1ccccc1)N1CCN(C(=O)c2ccccc2)CC1,O=C(c1ccccc1)N1CCN(C(=O)c2ccccc2)CC1,True,True,True,source_identity,1.0,0.6451612903225806,,,,,,,,,,,,,,,,,1.0,0.0,1.0,True,,,,,13.0,12.0,1.0,True
edit_latent_scaffold_source_rerank,mpair_00002574_cond_01_2p,mpair_00002574,eval,2,"LogP,RB",COc1cc(C(=O)N2CCN(C(=O)c3cc(OC)c(OC)c(OC)c3)C(COC(=O)CC(C)(C)C)C2)cc(OC)c1OC,CCN(CC)C(=O)OCC1CN(C(=O)c2cc(OC)c(OC)c(OC)c2)CCN1C(=O)c1cc(OC)c(OC)c(OC)c1,COc1cc(C(=O)N2CCN(C(=O)c3cc(OC)c(OC)c(OC)c3)C(COC(=O)CC(C)(C)C)C2)cc(OC)c1OC,O=C(c1ccccc1)N1CCN(C(=O)c2ccccc2)CC1,O=C(c1ccccc1)N1CCN(C(=O)c2ccccc2)CC1,True,True,True,source_identity,1.0,0.6896551724137931,,,,,3.1834000000000024,3.684400000000003,0.5010000000000003,True,,,,,,,,,,,,,,,,,12.0,11.0,1.0,True
edit_latent_scaffold_source_rerank,mpair_00002577_cond_00_2p,mpair_00002577,eval,2,"HBD,RB",COc1cc(C(=O)N2CCN(C(=O)c3cc(OC)c(OC)c(OC)c3)C(COC(=O)NCCC(C)C)C2)cc(OC)c1OC,COc1cc(C(=O)N2CCN(C(=O)c3cc(OC)c(OC)c(OC)c3)C(COC(=O)CC(C)(C)C)C2)cc(OC)c1OC,COc1cc(C(=O)N2CCN(C(=O)c3cc(OC)c(OC)c(OC)c3)C(COC(=O)NCCC(C)C)C2)cc(OC)c1OC,O=C(c1ccccc1)N1CCN(C(=O)c2ccccc2)CC1,O=C(c1ccccc1)N1CCN(C(=O)c2ccccc2)CC1,True,False,False,source_identity,1.0,0.6451612903225806,,,,,,,,,,,,,,,,,0.0,1.0,1.0,True,,,,,11.0,13.0,2.0,False
edit_latent_scaffold_source_rerank,mpair_00002578_cond_02_2p,mpair_00002578,eval,2,"LogP,RB",CCN(CC)C(=O)OCC1CN(C(=O)c2cc(OC)c(OC)c(OC)c2)CCN1C(=O)c1cc(OC)c(OC)c(OC)c1,COc1cc(C(=O)N2CCN(C(=O)c3cc(OC)c(OC)c(OC)c3)C(COC(=O)CC(C)(C)C)C2)cc(OC)c1OC,CCN(CC)C(=O)OCC1CN(C(=O)c2cc(OC)c(OC)c(OC)c2)CCN1C(=O)c1cc(OC)c(OC)c(OC)c1,O=C(c1ccccc1)N1CCN(C(=O)c2ccccc2)CC1,O=C(c1ccccc1)N1CCN(C(=O)c2ccccc2)CC1,True,True,True,source_identity,1.0,0.6896551724137931,,,,,3.684400000000003,3.1834000000000024,0.5010000000000003,True,,,,,,,,,,,,,,,,,11.0,12.0,1.0,True
edit_latent_scaffold_source_rerank,mpair_00002589_cond_00_2p,mpair_00002589,eval,2,"QED,HBA",COc1cc(C(=O)N2CCN(C(=O)c3cc(OC)c(OC)c(OC)c3)C(CO)C2)cc(OC)c1OC,CCN(CC)C(=O)OCC1CN(C(=O)c2cc(OC)c(OC)c(OC)c2)CCN1C(=O)c1cc(OC)c(OC)c(OC)c1,COc1cc(C(=O)N2CCN(C(=O)c3cc(OC)c(OC)c(OC)c3)C(CO)C2)cc(OC)c1OC,O=C(c1ccccc1)N1CCN(C(=O)c2ccccc2)CC1,O=C(c1ccccc1)N1CCN(C(=O)c2ccccc2)CC1,True,False,False,source_identity,1.0,0.6792452830188679,,,,,,,,,0.3571777118480848,0.544633228323374,0.18745551647528924,False,,,,,,,,,10.0,9.0,1.0,True,,,,
edit_latent_scaffold_source_rerank,mpair_00002597_cond_01_2p,mpair_00002597,eval,2,"MW,LogP",COc1ccc(C(=O)Nc2c(Cl)cncc2Cl)c2ccc(C(C)=O)nc12,COc1ccc(C(=O)Nc2ccncc2Cl)c2cccnc12,COc1ccc(C(=O)Nc2c(Cl)cncc2Cl)c2ccc(C(C)=O)nc12,O=C(Nc1ccncc1)c1cccc2ncccc12,O=C(Nc1ccncc1)c1cccc2ncccc12,True,False,False,source_identity,1.0,0.5081967213114754,313.744,390.22600000000017,76.48200000000014,False,3.544100000000002,4.400100000000002,0.8559999999999999,True,,,,,,,,,,,,,,,,,,,,
edit_latent_scaffold_source_rerank,mpair_00002599_cond_02_2p,mpair_00002599,eval,2,"TPSA,HBA",COc1ccc(C(=O)Nc2c(Cl)cncc2Cl)c2ccc(C(C)=O)nc12,CCc1ccc2c(C(=O)Nc3c(Cl)cncc3Cl)ccc(OC)c2n1,COc1ccc(C(=O)Nc2c(Cl)cncc2Cl)c2ccc(C(C)=O)nc12,O=C(Nc1ccncc1)c1cccc2ncccc12,O=C(Nc1ccncc1)c1cccc2ncccc12,True,True,True,source_identity,1.0,0.7222222222222222,,,,,,,,,,,,,64.11,81.17999999999999,17.069999999999993,True,,,,,4.0,5.0,1.0,True,,,,
edit_latent_scaffold_source_rerank,mpair_00002603_cond_00_2p,mpair_00002603,eval,2,"LogP,HBD",COc1ccc(C(=O)Nc2c(Cl)cncc2Cl)c2ccc(C(C)O)nc12,CCc1ccc2c(C(=O)Nc3c(Cl)cncc3Cl)ccc(OC)c2n1,COc1ccc(C(=O)Nc2c(Cl)cncc2Cl)c2ccc(C(C)O)nc12,O=C(Nc1ccncc1)c1cccc2ncccc12,O=C(Nc1ccncc1)c1cccc2ncccc12,True,True,True,source_identity,1.0,0.6964285714285714,,,,,4.759900000000003,4.2508000000000035,0.5090999999999992,True,,,,,,,,,1.0,2.0,1.0,True,,,,,,,,
edit_latent_scaffold_source_rerank,mpair_00002608_cond_00_2p,mpair_00002608,eval,2,"MW,LogP",COc1ccc(C(=O)Nc2ccncc2Cl)c2cccnc12,COc1ccc(C(=O)Nc2c(F)cncc2F)c2ccc(C(F)(F)F)nc12,COc1ccc(C(=O)Nc2ccncc2Cl)c2cccnc12,O=C(Nc1ccncc1)c1cccc2ncccc12,O=C(Nc1ccncc1)c1cccc2ncccc12,True,False,False,source_identity,1.0,0.4090909090909091,383.276,313.744,69.53199999999998,False,4.187700000000001,3.544100000000002,0.6435999999999993,True,,,,,,,,,,,,,,,,,,,,
edit_latent_scaffold_source_rerank,mpair_00002611_cond_02_2p,mpair_00002611,eval,2,"QED,TPSA",COc1ccc(C(=O)Nc2ccncc2Cl)c2ccc(C(F)(F)F)nc12,COc1ccc(C(=O)Nc2c(Cl)cncc2Cl)c2ccc(C(C)=O)nc12,COc1ccc(C(=O)Nc2ccncc2Cl)c2ccc(C(F)(F)F)nc12,O=C(Nc1ccncc1)c1cccc2ncccc12,O=C(Nc1ccncc1)c1cccc2ncccc12,True,True,True,source_identity,1.0,0.5396825396825397,,,,,,,,,0.6681926051832562,0.7218484507203837,0.053655845537127544,True,81.17999999999999,64.11,17.069999999999993,True,,,,,,,,,,,,
edit_latent_scaffold_source_rerank,mpair_00002615_cond_00_2p,mpair_00002615,eval,2,"MW,QED",COc1ccc(C(=O)Nc2c(F)cncc2F)c2ccc(C(F)(F)F)nc12,COc1ccc(C(=O)Nc2c(Cl)cncc2Cl)c2cccnc12,COc1ccc(C(=O)Nc2c(F)cncc2F)c2ccc(C(F)(F)F)nc12,O=C(Nc1ccncc1)c1cccc2ncccc12,O=C(Nc1ccncc1)c1cccc2ncccc12,True,False,False,source_identity,1.0,0.4918032786885246,348.1890000000001,383.276,35.08699999999993,False,,,,,0.7706046174674384,0.6893032571109005,0.0813013603565379,True,,,,,,,,,,,,,,,,
edit_latent_scaffold_source_rerank,mpair_00002619_cond_00_2p,mpair_00002619,eval,2,"TPSA,RB",COc1ccc(C(=O)Nc2c(Cl)cncc2Cl)c2ccc(C(C)O)nc12,COc1ccc(C(=O)Nc2ccncc2Cl)c2ccc(C(F)(F)F)nc12,COc1ccc(C(=O)Nc2c(Cl)cncc2Cl)c2ccc(C(C)O)nc12,O=C(Nc1ccncc1)c1cccc2ncccc12,O=C(Nc1ccncc1)c1cccc2ncccc12,True,False,False,source_identity,1.0,0.5230769230769231,,,,,,,,,,,,,64.11,84.34,20.230000000000004,False,,,,,,,,,3.0,4.0,1.0,True
edit_latent_scaffold_source_rerank,mpair_00002623_cond_00_2p,mpair_00002623,eval,2,"LogP,RB",COc1ccc(C(=O)Nc2c(F)cncc2F)c2ccc(C(F)(F)F)nc12,CCc1ccc2c(C(=O)Nc3c(Cl)cncc3Cl)ccc(OC)c2n1,COc1ccc(C(=O)Nc2c(F)cncc2F)c2ccc(C(F)(F)F)nc12,O=C(Nc1ccncc1)c1cccc2ncccc12,O=C(Nc1ccncc1)c1cccc2ncccc12,True,True,True,source_identity,1.0,0.5409836065573771,,,,,4.759900000000003,4.187700000000001,0.5722000000000014,True,,,,,,,,,,,,,,,,,4.0,3.0,1.0,True
edit_latent_scaffold_source_rerank,mpair_00002626_cond_01_2p,mpair_00002626,eval,2,"LogP,QED",COc1ccc(C(=O)Nc2c(F)cncc2F)c2ccc(C(F)(F)F)nc12,COc1ccc(C(=O)Nc2ccncc2Cl)c2cccnc12,COc1ccc(C(=O)Nc2c(F)cncc2F)c2ccc(C(F)(F)F)nc12,O=C(Nc1ccncc1)c1cccc2ncccc12,O=C(Nc1ccncc1)c1cccc2ncccc12,True,False,False,source_identity,1.0,0.4090909090909091,,,,,3.544100000000002,4.187700000000001,0.6435999999999993,True,0.8029165077767629,0.6893032571109005,0.11361325066586248,False,,,,,,,,,,,,,,,,
edit_latent_scaffold_source_rerank,mpair_00003108_cond_00_2p,mpair_00003108,eval,2,"LogP,QED",CN1CCC[C@H]1COc1ccc(Cl)nn1,CN1CCC[C@H]1COc1cccnn1,CN1CCC[C@H]1COc1ccc(Cl)nn1,c1cnnc(OC[C@@H]2CCCN2)c1,c1cnnc(OC[C@@H]2CCCN2)c1,True,True,True,source_identity,1.0,0.6511627906976745,,,,,0.9495999999999998,1.6029999999999998,0.6534,True,0.7160423680458043,0.7864914737289573,0.07044910568315299,True,,,,,,,,,,,,,,,,
edit_latent_scaffold_source_rerank,mpair_00003109_cond_02_2p,mpair_00003109,eval,2,"LogP,QED",CN1CCC[C@H]1COc1cccnn1,CN1CCC[C@H]1COc1ccc(Cl)nn1,CN1CCC[C@H]1COc1cccnn1,c1cnnc(OC[C@@H]2CCCN2)c1,c1cnnc(OC[C@@H]2CCCN2)c1,True,True,True,source_identity,1.0,0.6511627906976745,,,,,1.6029999999999998,0.9495999999999998,0.6534,True,0.7864914737289573,0.7160423680458043,0.07044910568315299,True,,,,,,,,,,,,,,,,
edit_latent_scaffold_source_rerank,mpair_00003111_cond_01_2p,mpair_00003111,eval,2,"QED,RB",Cc1nc2nnc(C(C)(C)C)nn2c(=O)c1C,CCCCc1nnc2nc(C)c(C)c(=O)n2n1,Cc1nc2nnc(C(C)(C)C)nn2c(=O)c1C,O=c1ccnc2nncnn12,O=c1ccnc2nncnn12,True,False,False,source_identity,1.0,0.5238095238095238,,,,,,,,,0.7849999676400611,0.6723856505150625,0.11261431712499859,False,,,,,,,,,,,,,3.0,0.0,3.0,False
edit_latent_scaffold_source_rerank,mpair_00003113_cond_02_2p,mpair_00003113,eval,2,"MW,RB",Cc1nc2nncnn2c(=O)c1C,CCCCc1nnc2nc(C)c(C)c(=O)n2n1,Cc1nc2nncnn2c(=O)c1C,O=c1ccnc2nncnn12,O=c1ccnc2nncnn12,True,False,False,source_identity,1.0,0.4418604651162791,233.275,177.167,56.108000000000004,False,,,,,,,,,,,,,,,,,,,,,3.0,0.0,3.0,False
edit_latent_scaffold_source_rerank,mpair_00003202_cond_01_2p,mpair_00003202,eval,2,"TPSA,HBA",O=C(OCc1ccc(-c2ccccc2)cc1)n1cccn1,N#Cc1cnn(C(=O)OCc2ccc(-c3ccccc3)cc2)c1,O=C(OCc1ccc(-c2ccccc2)cc1)n1cccn1,O=C(OCc1ccc(-c2ccccc2)cc1)n1cccn1,O=C(OCc1ccc(-c2ccccc2)cc1)n1cccn1,True,False,False,source_identity,1.0,0.5833333333333334,,,,,,,,,,,,,67.91,44.120000000000005,23.789999999999992,False,,,,,5.0,4.0,1.0,True,,,,
edit_latent_scaffold_source_rerank,mpair_00003204_cond_00_2p,mpair_00003204,eval,2,"TPSA,HBA",Cc1cnn(C(=O)OCc2ccc(-c3ccccc3)cc2)c1,N#Cc1cnn(C(=O)OCc2ccc(-c3ccccc3)cc2)c1,Cc1cnn(C(=O)OCc2ccc(-c3ccccc3)cc2)c1,O=C(OCc1ccc(-c2ccccc2)cc1)n1cccn1,O=C(OCc1ccc(-c2ccccc2)cc1)n1cccn1,True,False,False,source_identity,1.0,0.6808510638297872,,,,,,,,,,,,,67.91,44.120000000000005,23.789999999999992,False,,,,,5.0,4.0,1.0,True,,,,
edit_latent_scaffold_source_rerank,mpair_00003205_cond_02_2p,mpair_00003205,eval,2,"TPSA,HBA",N#Cc1cnn(C(=O)OCc2ccc(-c3ccccc3)cc2)c1,O=C(OCc1ccc(-c2ccccc2)cc1)n1cccn1,N#Cc1cnn(C(=O)OCc2ccc(-c3ccccc3)cc2)c1,O=C(OCc1ccc(-c2ccccc2)cc1)n1cccn1,O=C(OCc1ccc(-c2ccccc2)cc1)n1cccn1,True,False,False,source_identity,1.0,0.5833333333333334,,,,,,,,,,,,,44.120000000000005,67.91,23.789999999999992,False,,,,,4.0,5.0,1.0,True,,,,
edit_latent_scaffold_source_rerank,mpair_00003209_cond_00_2p,mpair_00003209,eval,2,"QED,TPSA",NC(=S)N/N=C/c1cccc(OCc2ccc3no[n+]([O-])c3c2)c1,NC(=O)N/N=C\c1ccccc1OCc1ccc2no[n+]([O-])c2c1,NC(=S)N/N=C/c1cccc(OCc2ccc3no[n+]([O-])c3c2)c1,c1ccc(OCc2ccc3no[nH+]c3c2)cc1,c1ccc(OCc2ccc3no[nH+]c3c2)cc1,True,False,False,source_identity,1.0,0.5882352941176471,,,,,,,,,0.4106849547701945,0.30972390933844063,0.10096104543175388,False,129.68,112.61,17.070000000000007,True,,,,,,,,,,,,
edit_latent_scaffold_source_rerank,mpair_00003212_cond_01_2p,mpair_00003212,eval,2,"HBD,RB",CC(C)NC(=O)c1ccc2c(Nc3ccc(Cl)cc3)nc(N3CCOCC3)nc2c1,COC(=O)c1ccc2c(Nc3ccc(Cl)cc3)nc(N3CCOCC3)nc2c1,CC(C)NC(=O)c1ccc2c(Nc3ccc(Cl)cc3)nc(N3CCOCC3)nc2c1,c1ccc(Nc2nc(N3CCOCC3)nc3ccccc23)cc1,c1ccc(Nc2nc(N3CCOCC3)nc3ccccc23)cc1,True,True,True,source_identity,1.0,0.7833333333333333,,,,,,,,,,,,,,,,,1.0,2.0,1.0,True,,,,,4.0,5.0,1.0,True
edit_latent_scaffold_source_rerank,mpair_00003216_cond_01_2p,mpair_00003216,eval,2,"HBD,HBA",COC(=O)c1ccc2c(Nc3ccc(Cl)cc3)nc(N3CCOCC3)nc2c1,CC(C)NC(=O)c1ccc2c(Nc3ccc(Cl)cc3)nc(N3CCOCC3)nc2c1,COC(=O)c1ccc2c(Nc3ccc(Cl)cc3)nc(N3CCOCC3)nc2c1,c1ccc(Nc2nc(N3CCOCC3)nc3ccccc23)cc1,c1ccc(Nc2nc(N3CCOCC3)nc3ccccc23)cc1,True,True,True,source_identity,1.0,0.7833333333333333,,,,,,,,,,,,,,,,,2.0,1.0,1.0,True,6.0,7.0,1.0,True,,,,
edit_latent_scaffold_source_rerank,mpair_00003224_cond_00_2p,mpair_00003224,eval,2,"QED,RB",COCCCN(/C(S)=C1/C(=O)c2cc(Cl)ccc2N(C)C1=O)c1ccccc1,COc1ccc(N(C)/C(S)=C2/C(=O)c3cc(Cl)ccc3N(C)C2=O)cc1,COCCCN(/C(S)=C1/C(=O)c2cc(Cl)ccc2N(C)C1=O)c1ccccc1,O=C1Nc2ccccc2C(=O)/C1=C/Nc1ccccc1,O=C1Nc2ccccc2C(=O)/C1=C/Nc1ccccc1,True,False,False,source_identity,1.0,0.5625,,,,,,,,,0.4935411914533051,0.3319041471572704,0.1616370442960347,False,,,,,,,,,,,,,3.0,6.0,3.0,False
edit_latent_scaffold_source_rerank,mpair_00003225_cond_02_2p,mpair_00003225,eval,2,"QED,RB",COCCCN(/C(S)=C1/C(=O)c2cc(Cl)ccc2N(C)C1=O)c1ccccc1,COc1cccc(N(C)/C(S)=C2/C(=O)c3cc(Cl)ccc3N(C)C2=O)c1,COCCCN(/C(S)=C1/C(=O)c2cc(Cl)ccc2N(C)C1=O)c1ccccc1,O=C1Nc2ccccc2C(=O)/C1=C/Nc1ccccc1,O=C1Nc2ccccc2C(=O)/C1=C/Nc1ccccc1,True,False,False,source_identity,1.0,0.5846153846153846,,,,,,,,,0.4935411914533051,0.3319041471572704,0.1616370442960347,False,,,,,,,,,,,,,3.0,6.0,3.0,False
edit_latent_scaffold_source_rerank,mpair_00003227_cond_01_2p,mpair_00003227,eval,2,"QED,RB",COc1ccc(N(C)/C(S)=C2/C(=O)c3cc(Cl)ccc3N(C)C2=O)cc1,COCCCN(/C(S)=C1/C(=O)c2cc(Cl)ccc2N(C)C1=O)c1ccccc1,COc1ccc(N(C)/C(S)=C2/C(=O)c3cc(Cl)ccc3N(C)C2=O)cc1,O=C1Nc2ccccc2C(=O)/C1=C/Nc1ccccc1,O=C1Nc2ccccc2C(=O)/C1=C/Nc1ccccc1,True,False,False,source_identity,1.0,0.5625,,,,,,,,,0.3319041471572704,0.4935411914533051,0.1616370442960347,False,,,,,,,,,,,,,6.0,3.0,3.0,False
edit_latent_scaffold_source_rerank,mpair_00003531_cond_00_2p,mpair_00003531,eval,2,"TPSA,HBA",CC(C)Oc1cccc(N(Cc2cccnc2)S(=O)(=O)CC(F)(F)F)c1,CCOC(=O)C(C)Oc1cccc(N(Cc2cccnc2)S(=O)(=O)CC(F)(F)F)c1,CC(C)Oc1cccc(N(Cc2cccnc2)S(=O)(=O)CC(F)(F)F)c1,c1ccc(NCc2cccnc2)cc1,c1ccc(NCc2cccnc2)cc1,True,False,False,source_identity,1.0,0.7796610169491526,,,,,,,,,,,,,85.80000000000001,59.5,26.30000000000001,False,,,,,6.0,4.0,2.0,False,,,,
edit_latent_scaffold_source_rerank,mpair_00003534_cond_02_2p,mpair_00003534,eval,2,"QED,RB",O=S(=O)(CC(F)(F)F)N(Cc1cccnc1)c1cccc(OC(F)(F)F)c1,CC(C)Oc1cccc(N(Cc2cccnc2)S(=O)(=O)CC(F)(F)F)c1,O=S(=O)(CC(F)(F)F)N(Cc1cccnc1)c1cccc(OC(F)(F)F)c1,c1ccc(NCc2cccnc2)cc1,c1ccc(NCc2cccnc2)cc1,True,True,True,source_identity,1.0,0.7777777777777778,,,,,,,,,0.7245796953652621,0.6736163493728189,0.05096334599244323,True,,,,,,,,,,,,,7.0,6.0,1.0,True
edit_latent_scaffold_source_rerank,mpair_00003538_cond_02_2p,mpair_00003538,eval,2,"LogP,HBA",CCC(C)COc1cccc(N(Cc2cccnc2)S(=O)(=O)CC(F)(F)F)c1,CCOC(=O)C(C)Oc1cccc(N(Cc2cccnc2)S(=O)(=O)CC(F)(F)F)c1,CCC(C)COc1cccc(N(Cc2cccnc2)S(=O)(=O)CC(F)(F)F)c1,c1ccc(NCc2cccnc2)cc1,c1ccc(NCc2cccnc2)cc1,True,False,False,source_identity,1.0,0.6923076923076923,,,,,3.3107000000000024,4.405200000000004,1.0945000000000018,False,,,,,,,,,,,,,6.0,4.0,2.0,False,,,,
edit_latent_scaffold_source_rerank,mpair_00003542_cond_01_2p,mpair_00003542,eval,2,"QED,RB",CC(C)COc1cccc(N(Cc2cccnc2)S(=O)(=O)CC(F)(F)F)c1,CCC(C)COc1cccc(N(Cc2cccnc2)S(=O)(=O)CC(F)(F)F)c1,CC(C)COc1cccc(N(Cc2cccnc2)S(=O)(=O)CC(F)(F)F)c1,c1ccc(NCc2cccnc2)cc1,c1ccc(NCc2cccnc2)cc1,True,True,True,source_identity,1.0,0.8421052631578947,,,,,,,,,0.6078002459089881,0.6693605971809802,0.06156035127199211,True,,,,,,,,,,,,,9.0,8.0,1.0,True
edit_latent_scaffold_source_rerank,mpair_00003544_cond_00_2p,mpair_00003544,eval,2,"LogP,RB",CC(C)COc1cccc(N(Cc2cccnc2)S(=O)(=O)CC(F)(F)F)c1,CCCC(C)Oc1cccc(N(Cc2cccnc2)S(=O)(=O)CC(F)(F)F)c1,CC(C)COc1cccc(N(Cc2cccnc2)S(=O)(=O)CC(F)(F)F)c1,c1ccc(NCc2cccnc2)cc1,c1ccc(NCc2cccnc2)cc1,True,True,True,source_identity,1.0,0.7213114754098361,,,,,4.547700000000003,4.015100000000003,0.5326000000000004,True,,,,,,,,,,,,,,,,,9.0,8.0,1.0,True
edit_latent_scaffold_source_rerank,mpair_00003547_cond_00_2p,mpair_00003547,eval,2,"QED,RB",CCC(C)COc1cccc(N(Cc2cccnc2)S(=O)(=O)CC(F)(F)F)c1,CC(C)COc1cccc(N(Cc2cccnc2)S(=O)(=O)CC(F)(F)F)c1,CCC(C)COc1cccc(N(Cc2cccnc2)S(=O)(=O)CC(F)(F)F)c1,c1ccc(NCc2cccnc2)cc1,c1ccc(NCc2cccnc2)cc1,True,True,True,source_identity,1.0,0.8421052631578947,,,,,,,,,0.6693605971809802,0.6078002459089881,0.06156035127199211,True,,,,,,,,,,,,,8.0,9.0,1.0,True
edit_latent_scaffold_source_rerank,mpair_00000000_cond_00_3p,mpair_00000000,eval,3,"LogP,HBA,RB",O=C(c1cccc(Cl)c1)N1C[C@H](CN2CCC(c3ccccc3)CC2)[C@@H](c2ccccc2)C1,COc1cccc(C(=O)N2C[C@H](CN3CCC(c4ccccc4)CC3)[C@@H](c3ccccc3)C2)c1,O=C(c1cccc(Cl)c1)N1C[C@H](CN2CCC(c3ccccc3)CC2)[C@@H](c2ccccc2)C1,O=C(c1ccccc1)N1C[C@H](CN2CCC(c3ccccc3)CC2)[C@@H](c2ccccc2)C1,O=C(c1ccccc1)N1C[C@H](CN2CCC(c3ccccc3)CC2)[C@@H](c2ccccc2)C1,True,True,True,source_identity,1.0,0.7413793103448276,,,,,5.430600000000005,6.075400000000006,0.6448000000000009,True,,,,,,,,,,,,,3.0,2.0,1.0,True,6.0,5.0,1.0,True
edit_latent_scaffold_source_rerank,mpair_00000006_cond_01_3p,mpair_00000006,eval,3,"MW,LogP,QED",O=C(c1ccccc1F)N1C[C@H](CN2CCC(c3ccccc3)CC2)[C@@H](c2ccccc2)C1,O=C(c1ccccc1C(F)(F)F)N1C[C@H](CN2CCC(c3ccccc3)CC2)[C@@H](c2ccccc2)C1,O=C(c1ccccc1F)N1C[C@H](CN2CCC(c3ccccc3)CC2)[C@@H](c2ccccc2)C1,O=C(c1ccccc1)N1C[C@H](CN2CCC(c3ccccc3)CC2)[C@@H](c2ccccc2)C1,O=C(c1ccccc1)N1C[C@H](CN2CCC(c3ccccc3)CC2)[C@@H](c2ccccc2)C1,True,False,False,source_identity,1.0,0.7592592592592593,492.5850000000002,442.57800000000015,50.00700000000006,False,6.4408000000000065,5.561100000000006,0.8797000000000006,True,0.4092272471712491,0.5164092889512721,0.10718204178002305,False,,,,,,,,,,,,,,,,
edit_latent_scaffold_source_rerank,mpair_00000010_cond_00_3p,mpair_00000010,eval,3,"QED,HBA,RB",O=C(c1ccccc1C(F)(F)F)N1C[C@H](CN2CCC(c3ccccc3)CC2)[C@@H](c2ccccc2)C1,COc1cccc(C(=O)N2C[C@H](CN3CCC(c4ccccc4)CC3)[C@@H](c3ccccc3)C2)c1,O=C(c1ccccc1C(F)(F)F)N1C[C@H](CN2CCC(c3ccccc3)CC2)[C@@H](c2ccccc2)C1,O=C(c1ccccc1)N1C[C@H](CN2CCC(c3ccccc3)CC2)[C@@H](c2ccccc2)C1,O=C(c1ccccc1)N1C[C@H](CN2CCC(c3ccccc3)CC2)[C@@H](c2ccccc2)C1,True,True,True,source_identity,1.0,0.578125,,,,,,,,,0.49786269936596683,0.4092272471712491,0.08863545219471775,True,,,,,,,,,3.0,2.0,1.0,True,6.0,5.0,1.0,True
edit_latent_scaffold_source_rerank,mpair_00000018_cond_01_3p,mpair_00000018,eval,3,"MW,QED,RB",COC(=O)C1=C(c2ccc(Cl)nc2)CC2CCC1N2C,CN1C2C=C(c3ccc(Cl)nc3)CC1CC2,C1=C(c2cccnc2)CC2CCC1N2,C1=C(c2cccnc2)CC2CCC1N2,C1=C(c2cccnc2)CC2CCC1N2,True,False,False,,0.14925373134328357,0.2545454545454545,234.72999999999996,186.258,48.47199999999995,False,,,,,0.6949032404938756,0.725160453067101,0.030257212573225334,True,,,,,,,,,,,,,1.0,1.0,0.0,True
edit_latent_scaffold_source_rerank,mpair_00000323_cond_00_3p,mpair_00000323,eval,3,"TPSA,HBD,HBA",N[C@@H](C(=O)N[C@@H]1C(=O)N2C(C(=O)O)=C(C(F)(F)F)CC[C@H]12)c1ccc(F)cc1,N[C@@H](C(=O)N[C@@H]1C(=O)N2C(C(=O)O)=C(C(F)(F)F)CC[C@H]12)c1ccc(O)cc1,N[C@@H](C(=O)N[C@@H]1C(=O)N2C(C(=O)O)=C(C(F)(F)F)CC[C@H]12)c1ccc(F)cc1,O=C(Cc1ccccc1)N[C@@H]1C(=O)N2C=CCC[C@H]12,O=C(Cc1ccccc1)N[C@@H]1C(=O)N2C=CCC[C@H]12,True,False,False,source_identity,1.0,0.8545454545454545,,,,,,,,,,,,,132.96,112.73,20.230000000000004,False,4.0,3.0,1.0,True,5.0,4.0,1.0,True,,,,
edit_latent_scaffold_source_rerank,mpair_00000329_cond_02_3p,mpair_00000329,eval,3,"QED,HBA,RB",CSC1=C(C(=O)O)N2C(=O)[C@@H](NC(=O)[C@H](N)c3ccccc3)[C@H]2CC1,N[C@@H](C(=O)N[C@@H]1C(=O)N2C(C(=O)O)=C(C(F)(F)F)CC[C@H]12)c1ccc(F)cc1,CSC1=C(C(=O)O)N2C(=O)[C@@H](NC(=O)[C@H](N)c3ccccc3)[C@H]2CC1,O=C(Cc1ccccc1)N[C@@H]1C(=O)N2C=CCC[C@H]12,O=C(Cc1ccccc1)N[C@@H]1C(=O)N2C=CCC[C@H]12,True,False,False,source_identity,1.0,0.5873015873015873,,,,,,,,,0.5187711593734389,0.6699274889764619,0.15115632960302305,False,,,,,,,,,4.0,5.0,1.0,True,4.0,5.0,1.0,True
edit_latent_scaffold_source_rerank,mpair_00000331_cond_02_3p,mpair_00000331,eval,3,"TPSA,HBD,HBA",N[C@@H](C(=O)N[C@@H]1C(=O)N2C(C(=O)O)=C(C(F)(F)F)CC[C@H]12)c1ccc(O)cc1,N[C@@H](C(=O)N[C@@H]1C(=O)N2C(C(=O)O)=C(C(F)(F)F)CC[C@H]12)c1ccc(F)cc1,N[C@@H](C(=O)N[C@@H]1C(=O)N2C(C(=O)O)=C(C(F)(F)F)CC[C@H]12)c1ccc(O)cc1,O=C(Cc1ccccc1)N[C@@H]1C(=O)N2C=CCC[C@H]12,O=C(Cc1ccccc1)N[C@@H]1C(=O)N2C=CCC[C@H]12,True,False,False,source_identity,1.0,0.8545454545454545,,,,,,,,,,,,,112.73,132.96,20.230000000000004,False,3.0,4.0,1.0,True,4.0,5.0,1.0,True,,,,
edit_latent_scaffold_source_rerank,mpair_00000336_cond_01_3p,mpair_00000336,eval,3,"MW,LogP,QED",N[C@@H](C(=O)N[C@@H]1C(=O)N2C(C(=O)O)=C(C(F)(F)F)CC[C@H]12)c1cccc(Br)c1,N[C@@H](C(=O)N[C@@H]1C(=O)N2C(C(=O)O)=C(C(F)(F)F)CC[C@H]12)c1ccc(F)cc1,N[C@@H](C(=O)N[C@@H]1C(=O)N2C(C(=O)O)=C(C(F)(F)F)CC[C@H]12)c1cccc(Br)c1,O=C(Cc1ccccc1)N[C@@H]1C(=O)N2C=CCC[C@H]12,O=C(Cc1ccccc1)N[C@@H]1C(=O)N2C=CCC[C@H]12,True,False,False,source_identity,1.0,0.7377049180327869,401.3160000000001,462.2220000000001,60.906000000000006,False,1.2158999999999993,1.8392999999999997,0.6234000000000004,True,0.5187711593734389,0.5917241763797754,0.0729530170063365,True,,,,,,,,,,,,,,,,
edit_latent_scaffold_source_rerank,mpair_00000595_cond_02_3p,mpair_00000595,eval,3,"QED,HBD,RB",COc1ccc(CCCC[C@@H]2N[C@@H](CO)[C@H](O)[C@H]2O)cc1,OC[C@@H]1N[C@@H](CCCCc2ccc(O)cc2)[C@H](O)[C@H]1O,COc1ccc(CCCC[C@@H]2N[C@@H](CO)[C@H](O)[C@H]2O)cc1,c1ccc(CCCC[C@H]2CCCN2)cc1,c1ccc(CCCC[C@H]2CCCN2)cc1,True,True,True,source_identity,1.0,0.7,,,,,,,,,0.47902706341404183,0.5496005244071775,0.07057346099313572,True,,,,,5.0,4.0,1.0,True,,,,,6.0,7.0,1.0,True
edit_latent_scaffold_source_rerank,mpair_00000726_cond_02_3p,mpair_00000726,eval,3,"MW,QED,HBD",C=CCc1cc(/C=C2\SC(=O)NC2=O)c(OC)cc1OC1CCCCO1,C=CCc1cc(/C=C2\SC(=O)N(CC=C)C2=O)c(OC)cc1OC1CCCCO1,C=CCc1cc(/C=C2\SC(=O)NC2=O)c(OC)cc1OC1CCCCO1,O=C1NC(=O)/C(=C/c2ccc(OC3CCCCO3)cc2)S1,O=C1NC(=O)/C(=C/c2ccc(OC3CCCCO3)cc2)S1,True,False,False,source_identity,1.0,0.696969696969697,415.51100000000025,375.4460000000002,40.065000000000055,False,,,,,0.45838471716690443,0.6042673504148035,0.14588263324789907,False,,,,,0.0,1.0,1.0,True,,,,,,,,
edit_latent_scaffold_source_rerank,mpair_00000739_cond_02_3p,mpair_00000739,eval,3,"LogP,QED,RB",C=CCc1cc(/C=C2\SC(=O)N(CCCC)C2=O)c(OC)cc1OC1CCCCO1,C=CCc1cc(/C=C2\SC(=O)N(CC=C)C2=O)c(OC)cc1OC1CCCCO1,C=CCc1cc(/C=C2\SC(=O)N(CCCC)C2=O)c(OC)cc1OC1CCCCO1,O=C1NC(=O)/C(=C/c2ccc(OC3CCCCO3)cc2)S1,O=C1NC(=O)/C(=C/c2ccc(OC3CCCCO3)cc2)S1,True,True,True,source_identity,1.0,0.8181818181818182,,,,,4.551400000000004,5.165500000000004,0.6141000000000005,True,0.45838471716690443,0.39718598618589046,0.06119873098101397,True,,,,,,,,,,,,,8.0,9.0,1.0,True
edit_latent_scaffold_source_rerank,mpair_00000742_cond_00_3p,mpair_00000742,eval,3,"LogP,QED,RB",C=CCc1cc(/C=C2\SC(=O)N(C)C2=O)c(OC)cc1OC1CCCCO1,C=CCc1cc(/C=C2\SC(=O)N(CC=C(C)C)C2=O)c(OC)cc1OC1CCCCO1,C=CCc1cc(/C=C2\SC(=O)N(C)C2=O)c(OC)cc1OC1CCCCO1,O=C1NC(=O)/C(=C/c2ccc(OC3CCCCO3)cc2)S1,O=C1NC(=O)/C(=C/c2ccc(OC3CCCCO3)cc2)S1,True,False,False,source_identity,1.0,0.7761194029850746,,,,,5.331600000000005,3.9952000000000023,1.336400000000003,False,0.3995752918375223,0.5413211960634129,0.14174590422589062,False,,,,,,,,,,,,,8.0,6.0,2.0,False
edit_latent_scaffold_source_rerank,mpair_00000747_cond_00_3p,mpair_00000747,eval,3,"LogP,HBD,RB",C=CCc1cc(/C=C2\SC(=O)N(CC=C)C2=O)c(OC)cc1OC1CCCCO1,C=CCc1cc(/C=C2\SC(=O)NC2=O)c(OC)cc1OC1CCCCO1,C=CCc1cc(/C=C2\SC(=O)N(CC=C)C2=O)c(OC)cc1OC1CCCCO1,O=C1NC(=O)/C(=C/c2ccc(OC3CCCCO3)cc2)S1,O=C1NC(=O)/C(=C/c2ccc(OC3CCCCO3)cc2)S1,True,False,False,source_identity,1.0,0.696969696969697,,,,,3.6530000000000022,4.551400000000004,0.8984000000000014,True,,,,,,,,,1.0,0.0,1.0,True,,,,,6.0,8.0,2.0,False
edit_latent_scaffold_source_rerank,mpair_00000748_cond_02_3p,mpair_00000748,eval,3,"LogP,QED,RB",C=CCc1cc(/C=C2\SC(=O)N(C)C2=O)c(OC)cc1OC1CCCCO1,C=CCc1cc(/C=C2\SC(=O)N(CC=C)C2=O)c(OC)cc1OC1CCCCO1,C=CCc1cc(/C=C2\SC(=O)N(C)C2=O)c(OC)cc1OC1CCCCO1,O=C1NC(=O)/C(=C/c2ccc(OC3CCCCO3)cc2)S1,O=C1NC(=O)/C(=C/c2ccc(OC3CCCCO3)cc2)S1,True,False,False,source_identity,1.0,0.8095238095238095,,,,,4.551400000000004,3.9952000000000023,0.5562000000000014,True,0.45838471716690443,0.5413211960634129,0.08293647889650846,True,,,,,,,,,,,,,8.0,6.0,2.0,False
edit_latent_scaffold_source_rerank,mpair_00000757_cond_02_3p,mpair_00000757,eval,3,"LogP,HBA,RB",COc1cccc(-c2cncc(O[C@@H]3CCNC3)c2)c1,Clc1cccc(-c2cncc(O[C@@H]3CCNC3)c2)c1,COc1cccc(-c2cncc(O[C@@H]3CCNC3)c2)c1,c1ccc(-c2cncc(O[C@@H]3CCNC3)c2)cc1,c1ccc(-c2cncc(O[C@@H]3CCNC3)c2)cc1,True,True,True,source_identity,1.0,0.7446808510638298,,,,,3.1427000000000014,2.4979000000000005,0.6448000000000009,True,,,,,,,,,,,,,3.0,4.0,1.0,True,3.0,4.0,1.0,True
edit_latent_scaffold_source_rerank,mpair_00001124_cond_01_3p,mpair_00001124,eval,3,"LogP,HBA,RB",COc1ccc(N2CCN(CCC3NC(=O)c4ccccc43)CC2)cc1,Cc1ccc(N2CCN(CCC3NC(=O)c4ccccc43)CC2)cc1C,COc1ccc(N2CCN(CCC3NC(=O)c4ccccc43)CC2)cc1,O=C1NC(CCN2CCN(c3ccccc3)CC2)c2ccccc21,O=C1NC(CCN2CCN(c3ccccc3)CC2)c2ccccc21,True,True,True,source_identity,1.0,0.7037037037037037,,,,,3.3002400000000023,2.692000000000001,0.6082400000000012,True,,,,,,,,,,,,,3.0,4.0,1.0,True,4.0,5.0,1.0,True
edit_latent_scaffold_source_rerank,mpair_00001131_cond_01_3p,mpair_00001131,eval,3,"HBD,HBA,RB",COc1ccc(N2CCN(CCC3c4ccccc4C(=O)N3C)CC2)cc1,Cc1ccc(N2CCN(CCC3NC(=O)c4ccccc43)CC2)cc1C,COc1ccc(N2CCN(CCC3c4ccccc4C(=O)N3C)CC2)cc1,O=C1NC(CCN2CCN(c3ccccc3)CC2)c2ccccc21,O=C1NC(CCN2CCN(c3ccccc3)CC2)c2ccccc21,True,True,True,source_identity,1.0,0.4444444444444444,,,,,,,,,,,,,,,,,1.0,0.0,1.0,True,3.0,4.0,1.0,True,4.0,5.0,1.0,True
edit_latent_scaffold_source_rerank,mpair_00001133_cond_02_3p,mpair_00001133,eval,3,"QED,TPSA,HBA",COc1ccccc1CC(=O)NCCC1CCN(CC2COc3ccccc3O2)CC1,O=C(Cc1ccccc1[N+](=O)[O-])NCCC1CCN(CC2COc3ccccc3O2)CC1,COc1ccccc1CC(=O)NCCC1CCN(CC2COc3ccccc3O2)CC1,O=C(Cc1ccccc1)NCCC1CCN(CC2COc3ccccc3O2)CC1,O=C(Cc1ccccc1)NCCC1CCN(CC2COc3ccccc3O2)CC1,True,False,False,source_identity,1.0,0.7164179104477612,,,,,,,,,0.5015202818225966,0.7047088784600517,0.20318859663745514,False,93.94,60.03,33.91,False,,,,,6.0,5.0,1.0,True,,,,
edit_latent_scaffold_source_rerank,mpair_00002370_cond_02_3p,mpair_00002370,eval,3,"HBD,HBA,RB",CCOC(=O)/C=C/c1cc(C(=O)c2ccc(-n3ccnc3)cc2)cn1C,Cn1cc(C(=O)c2ccc(-n3ccnc3)cc2)cc1/C=C/C(=O)O,CCOC(=O)/C=C/c1cc(C(=O)c2ccc(-n3ccnc3)cc2)cn1C,O=C(c1ccc(-n2ccnc2)cc1)c1cc[nH]c1,O=C(c1ccc(-n2ccnc2)cc1)c1cc[nH]c1,True,True,True,source_identity,1.0,0.7454545454545455,,,,,,,,,,,,,,,,,1.0,0.0,1.0,True,5.0,6.0,1.0,True,5.0,6.0,1.0,True
edit_latent_scaffold_source_rerank,mpair_00002375_cond_02_3p,mpair_00002375,eval,3,"TPSA,HBD,HBA",COc1cccc2sc([C@@H]3C[C@H]4CC[C@@H](C3)N4C[C@H](O)COc3cccc4[nH]c(C(N)=O)cc34)cc12,COc1cccc2sc([C@@H]3C[C@H]4CC[C@@H](C3)N4C[C@H](O)COc3cccc4[nH]c(C)cc34)cc12,COc1cccc2sc([C@@H]3C[C@H]4CC[C@@H](C3)N4C[C@H](O)COc3cccc4[nH]c(C(N)=O)cc34)cc12,c1ccc2sc([C@@H]3C[C@H]4CC[C@@H](C3)N4CCCOc3cccc4[nH]ccc34)cc2c1,c1ccc2sc([C@@H]3C[C@H]4CC[C@@H](C3)N4CCCOc3cccc4[nH]ccc34)cc2c1,True,False,False,source_identity,1.0,0.7916666666666666,,,,,,,,,,,,,57.720000000000006,100.81,43.089999999999996,False,2.0,3.0,1.0,True,5.0,6.0,1.0,True,,,,
edit_latent_scaffold_source_rerank,mpair_00002466_cond_00_3p,mpair_00002466,eval,3,"QED,HBA,RB",CN(C)CCCOc1cc(C(=O)Nc2ccc(Cl)cc2F)n(Cc2ccccc2)n1,CN(C)CCCOc1cc(C(=O)Nc2ccc(OC(F)(F)F)cc2)n(Cc2ccccc2)n1,CN(C)CCCOc1cc(C(=O)Nc2ccc(Cl)cc2F)n(Cc2ccccc2)n1,O=C(Nc1ccccc1)c1ccnn1Cc1ccccc1,O=C(Nc1ccccc1)c1ccnn1Cc1ccccc1,True,True,True,source_identity,1.0,0.6428571428571429,,,,,,,,,0.4522382232340766,0.5138601191048354,0.061621895870758836,True,,,,,,,,,6.0,5.0,1.0,True,10.0,9.0,1.0,True
edit_latent_scaffold_source_rerank,mpair_00002469_cond_02_3p,mpair_00002469,eval,3,"MW,TPSA,HBA",COc1ccc(NC(=O)c2cc(OCCCN(C)C)nn2Cc2ccccc2)cc1,COc1cc(NC(=O)c2cc(OCCCN(C)C)nn2Cc2ccccc2)cc(OC)c1OC,COc1ccc(NC(=O)c2cc(OCCCN(C)C)nn2Cc2ccccc2)cc1,O=C(Nc1ccccc1)c1ccnn1Cc1ccccc1,O=C(Nc1ccccc1)c1ccnn1Cc1ccccc1,True,False,False,source_identity,1.0,0.7741935483870968,468.5540000000002,408.50200000000007,60.052000000000135,False,,,,,,,,,87.08000000000001,68.62,18.460000000000008,True,,,,,8.0,6.0,2.0,False,,,,
edit_latent_scaffold_source_rerank,mpair_00002472_cond_02_3p,mpair_00002472,eval,3,"MW,LogP,QED",COc1ccc(NC(=O)c2cc(OCCCN(C)C)nn2Cc2ccccc2)cc1,CN(C)CCCOc1cc(C(=O)Nc2cc(F)cc(C(F)(F)F)c2)n(Cc2ccccc2)n1,COc1ccc(NC(=O)c2cc(OCCCN(C)C)nn2Cc2ccccc2)cc1,O=C(Nc1ccccc1)c1ccnn1Cc1ccccc1,O=C(Nc1ccccc1)c1ccnn1Cc1ccccc1,True,False,False,source_identity,1.0,0.6764705882352942,464.4630000000001,408.50200000000007,55.96100000000001,False,4.672100000000003,3.522800000000002,1.149300000000001,False,0.369385517709234,0.5200250404910086,0.15063952278177462,False,,,,,,,,,,,,,,,,
edit_latent_scaffold_source_rerank,mpair_00002478_cond_01_3p,mpair_00002478,eval,3,"MW,LogP,QED",CN(C)CCCOc1cc(C(=O)Nc2cccc(Cl)c2)n(Cc2ccccc2)n1,CN(C)CCCOc1cc(C(=O)Nc2cc(F)cc(C(F)(F)F)c2)n(Cc2ccccc2)n1,CN(C)CCCOc1cc(C(=O)Nc2cccc(Cl)c2)n(Cc2ccccc2)n1,O=C(Nc1ccccc1)c1ccnn1Cc1ccccc1,O=C(Nc1ccccc1)c1ccnn1Cc1ccccc1,True,False,False,source_identity,1.0,0.6764705882352942,464.4630000000001,412.9210000000001,51.54199999999997,False,4.672100000000003,4.167600000000003,0.5045000000000002,True,0.369385517709234,0.5357556879239462,0.16637017021471223,False,,,,,,,,,,,,,,,,
edit_latent_scaffold_source_rerank,mpair_00002482_cond_00_3p,mpair_00002482,eval,3,"MW,LogP,QED",COc1ccc(NC(=O)c2cc(OCCCN(C)C)nn2Cc2ccccc2)cc1,CN(C)CCCOc1cc(C(=O)Nc2ccc(OC(F)(F)F)cc2)n(Cc2ccccc2)n1,COc1ccc(NC(=O)c2cc(OCCCN(C)C)nn2Cc2ccccc2)cc1,O=C(Nc1ccccc1)c1ccnn1Cc1ccccc1,O=C(Nc1ccccc1)c1ccnn1Cc1ccccc1,True,False,False,source_identity,1.0,0.8064516129032258,462.4720000000001,408.50200000000007,53.97000000000003,False,4.412800000000003,3.522800000000002,0.8900000000000015,True,0.4522382232340766,0.5200250404910086,0.06778681725693203,True,,,,,,,,,,,,,,,,
edit_latent_scaffold_source_rerank,mpair_00002488_cond_00_3p,mpair_00002488,eval,3,"LogP,TPSA,HBA",C=Cc1cc(C(=O)OCC)n(S(=O)(=O)c2cc(Cl)ccc2N)c1,CC(C)OC(=O)c1cc(CO)cn1S(=O)(=O)c1cc(Cl)ccc1N,N/C(S)=N/N=C/c1cccn1S(=O)(=O)c1ccccc1,O=S(=O)(c1ccccc1)n1cccc1,O=S(=O)(c1ccccc1)n1cccc1,True,False,False,,0.16,0.14666666666666667,,,,,2.0182,1.3035,0.7147000000000001,True,,,,,111.61999999999999,89.81,21.809999999999988,False,,,,,7.0,5.0,2.0,False,,,,
edit_latent_scaffold_source_rerank,mpair_00002498_cond_00_3p,mpair_00002498,eval,3,"MW,QED,RB",CCc1ccc(NC2=C(Cl)C(=O)c3ncncc3C2=O)cc1,O=C1C(Nc2cccc(Br)c2)=C(Cl)C(=O)c2ncncc21,O=C1C(Nc2cccc(Cl)c2)=C(Cl)C(=O)c2ncncc21,O=C1C(Nc2ccccc2)=CC(=O)c2ncncc21,O=C1C(Nc2ccccc2)=CC(=O)c2ncncc21,True,False,False,,0.6122448979591837,0.7777777777777778,364.58600000000007,320.135,44.45100000000008,False,,,,,0.885902971993687,0.9205249949064266,0.034622022912739636,True,,,,,,,,,,,,,2.0,2.0,0.0,True
edit_latent_scaffold_source_rerank,mpair_00002500_cond_02_3p,mpair_00002500,eval,3,"MW,QED,RB",O=C1C(Nc2ccc(Br)cc2)=C(Cl)C(=O)c2ncncc21,CCc1ccc(NC2=C(Cl)C(=O)c3ncncc3C2=O)cc1,O=C1C(Nc2cccc(Cl)c2)=C(Cl)C(=O)c2ncncc21,O=C1C(Nc2ccccc2)=CC(=O)c2ncncc21,O=C1C(Nc2ccccc2)=CC(=O)c2ncncc21,True,True,True,,0.6521739130434783,0.6122448979591837,313.744,320.135,6.390999999999963,True,,,,,0.9428073960459649,0.9205249949064266,0.022282401139538277,True,,,,,,,,,,,,,3.0,2.0,1.0,True
edit_latent_scaffold_source_rerank,mpair_00002505_cond_01_3p,mpair_00002505,eval,3,"QED,HBA,RB",COc1ccc(C(=O)CN2c3ccccc3C(=O)N(Cc3ccccc3)S2(=O)=O)cc1,O=C(CN1c2ccccc2C(=O)N(Cc2ccccc2)S1(=O)=O)c1ccccc1,COc1ccc(C(=O)CN2c3ccccc3C(=O)N(Cc3ccccc3)S2(=O)=O)cc1,O=C(CN1c2ccccc2C(=O)N(Cc2ccccc2)S1(=O)=O)c1ccccc1,O=C(CN1c2ccccc2C(=O)N(Cc2ccccc2)S1(=O)=O)c1ccccc1,True,True,True,source_identity,1.0,0.7916666666666666,,,,,,,,,0.6096951629926923,0.5539335722556151,0.055761590737077205,True,,,,,,,,,4.0,5.0,1.0,True,5.0,6.0,1.0,True
edit_latent_scaffold_source_rerank,mpair_00002510_cond_00_3p,mpair_00002510,eval,3,"LogP,TPSA,HBA",CSc1cc(-c2ccc(Br)cc2)oc(=O)c1C#N,CSc1cc(-c2ccc(Br)cc2)oc(=O)c1Cl,CSc1cc(-c2ccc(F)cc2)oc(=O)c1,O=c1cccc(-c2ccccc2)o1,O=c1cccc(-c2ccccc2)o1,True,False,False,,0.3469387755102041,0.3695652173913043,,,,,4.444600000000002,3.1678000000000024,1.2767999999999997,False,,,,,30.21,30.21,0.0,True,,,,,3.0,3.0,0.0,True,,,,
edit_latent_scaffold_source_rerank,mpair_00002543_cond_01_3p,mpair_00002543,eval,3,"TPSA,HBD,RB",CSc1cc(-c2ccc(Br)cc2)oc(=O)c1Cl,CSc1cc(-c2ccc(Cl)cc2)oc(=O)c1C(N)=O,CSc1cc(-c2ccc(F)cc2)oc(=O)c1,O=c1cccc(-c2ccccc2)o1,O=c1cccc(-c2ccccc2)o1,True,False,False,,0.3695652173913043,0.34,,,,,,,,,,,,,73.30000000000001,30.21,43.09000000000001,False,1.0,0.0,1.0,True,,,,,3.0,2.0,1.0,True
edit_latent_scaffold_source_rerank,mpair_00002559_cond_02_3p,mpair_00002559,eval,3,"LogP,QED,RB",CN(C(=O)n1nc(-c2ccc(Cl)cc2)nc1SCC(F)(F)F)c1ccccc1,CSc1nc(-c2ccc(C)cc2)nn1C(=O)N(C)c1ccccc1,CN(C(=O)n1nc(-c2ccc(Cl)cc2)nc1SCC(F)(F)F)c1ccccc1,O=C(Nc1ccccc1)n1cnc(-c2ccccc2)n1,O=C(Nc1ccccc1)n1cnc(-c2ccccc2)n1,True,False,False,source_identity,1.0,0.5862068965517241,,,,,4.079920000000002,5.357400000000003,1.2774800000000006,False,0.6753188675979567,0.5270344401044634,0.14828442749349324,False,,,,,,,,,,,,,3.0,4.0,1.0,True
edit_latent_scaffold_source_rerank,mpair_00002564_cond_02_3p,mpair_00002564,eval,3,"LogP,QED,HBA",CSc1nc(-c2ccc(OC(F)(F)F)cc2)nn1C(=O)N(C)c1ccccc1,CN(C(=O)n1nc(-c2ccc(Cl)cc2)nc1SCC(F)(F)F)c1ccccc1,CSc1nc(-c2ccc(OC(F)(F)F)cc2)nn1C(=O)N(C)c1ccccc1,O=C(Nc1ccccc1)n1cnc(-c2ccccc2)n1,O=C(Nc1ccccc1)n1cnc(-c2ccccc2)n1,True,True,True,source_identity,1.0,0.5967741935483871,,,,,5.357400000000003,4.670100000000003,0.6872999999999996,True,0.5270344401044634,0.5874043626188404,0.060369922514377006,True,,,,,,,,,5.0,6.0,1.0,True,,,,
edit_latent_scaffold_source_rerank,mpair_00002573_cond_02_3p,mpair_00002573,eval,3,"MW,LogP,QED",COc1cc(C(=O)N2CCN(C(=O)c3cc(OC)c(OC)c(OC)c3)C(COC(=O)CC(C)(C)C)C2)cc(OC)c1OC,COc1cc(C(=O)N2CCN(C(=O)c3cc(OC)c(OC)c(OC)c3)C(COC(C)=O)C2)cc(OC)c1OC,COc1cc(C(=O)N2CCN(C(=O)c3cc(OC)c(OC)c(OC)c3)C(COC(=O)CC(C)(C)C)C2)cc(OC)c1OC,O=C(c1ccccc1)N1CCN(C(=O)c2ccccc2)CC1,O=C(c1ccccc1)N1CCN(C(=O)c2ccccc2)CC1,True,False,False,source_identity,1.0,0.7547169811320755,546.5730000000003,602.6810000000004,56.10800000000006,False,2.2681000000000004,3.684400000000003,1.4163000000000023,False,0.41028124355120477,0.3521539372279048,0.05812730632329999,True,,,,,,,,,,,,,,,,
edit_latent_scaffold_source_rerank,mpair_00002584_cond_00_3p,mpair_00002584,eval,3,"LogP,QED,HBA",COc1cc(C(=O)N2CCN(C(=O)c3cc(OC)c(OC)c(OC)c3)C(CO)C2)cc(OC)c1OC,COc1cc(C(=O)N2CCN(C(=O)c3cc(OC)c(OC)c(OC)c3)C(COC(C)=O)C2)cc(OC)c1OC,COc1cc(C(=O)N2CCN(C(=O)c3cc(OC)c(OC)c(OC)c3)C(CO)C2)cc(OC)c1OC,O=C(c1ccccc1)N1CCN(C(=O)c2ccccc2)CC1,O=C(c1ccccc1)N1CCN(C(=O)c2ccccc2)CC1,True,False,False,source_identity,1.0,0.75,,,,,2.2681000000000004,1.6973000000000003,0.5708000000000002,True,0.41028124355120477,0.544633228323374,0.13435198477216925,False,,,,,,,,,10.0,9.0,1.0,True,,,,
edit_latent_scaffold_source_rerank,mpair_00002589_cond_01_3p,mpair_00002589,eval,3,"MW,LogP,HBA",COc1cc(C(=O)N2CCN(C(=O)c3cc(OC)c(OC)c(OC)c3)C(CO)C2)cc(OC)c1OC,CCN(CC)C(=O)OCC1CN(C(=O)c2cc(OC)c(OC)c(OC)c2)CCN1C(=O)c1cc(OC)c(OC)c(OC)c1,COc1cc(C(=O)N2CCN(C(=O)c3cc(OC)c(OC)c(OC)c3)C(CO)C2)cc(OC)c1OC,O=C(c1ccccc1)N1CCN(C(=O)c2ccccc2)CC1,O=C(c1ccccc1)N1CCN(C(=O)c2ccccc2)CC1,True,False,False,source_identity,1.0,0.6792452830188679,603.6690000000003,504.53600000000034,99.13299999999998,False,3.1834000000000024,1.6973000000000003,1.4861000000000022,False,,,,,,,,,,,,,10.0,9.0,1.0,True,,,,
edit_latent_scaffold_source_rerank,mpair_00002594_cond_02_3p,mpair_00002594,eval,3,"MW,LogP,RB",CCN(CC)C(=O)OCC1CN(C(=O)c2cc(OC)c(OC)c(OC)c2)CCN1C(=O)c1cc(OC)c(OC)c(OC)c1,COc1cc(C(=O)N2CCN(C(=O)c3cc(OC)c(OC)c(OC)c3)C(COC(C)=O)C2)cc(OC)c1OC,CCN(CC)C(=O)OCC1CN(C(=O)c2cc(OC)c(OC)c(OC)c2)CCN1C(=O)c1cc(OC)c(OC)c(OC)c1,O=C(c1ccccc1)N1CCN(C(=O)c2ccccc2)CC1,O=C(c1ccccc1)N1CCN(C(=O)c2ccccc2)CC1,True,False,False,source_identity,1.0,0.7547169811320755,546.5730000000003,603.6690000000003,57.096000000000004,False,2.2681000000000004,3.1834000000000024,0.915300000000002,True,,,,,,,,,,,,,,,,,10.0,12.0,2.0,False
edit_latent_scaffold_source_rerank,mpair_00002601_cond_00_3p,mpair_00002601,eval,3,"MW,LogP,QED",COc1ccc(C(=O)Nc2ccncc2Cl)c2cccnc12,COc1ccc(C(=O)Nc2ccncc2Cl)c2ccc(C(F)(F)F)nc12,COc1ccc(C(=O)Nc2ccncc2Cl)c2cccnc12,O=C(Nc1ccncc1)c1cccc2ncccc12,O=C(Nc1ccncc1)c1cccc2ncccc12,True,False,False,source_identity,1.0,0.6724137931034483,381.74100000000004,313.744,67.99700000000001,False,4.562900000000002,3.544100000000002,1.0187999999999997,False,0.7218484507203837,0.8029165077767629,0.0810680570563792,True,,,,,,,,,,,,,,,,
edit_latent_scaffold_source_rerank,mpair_00002605_cond_00_3p,mpair_00002605,eval,3,"TPSA,HBD,RB",COc1ccc(C(=O)Nc2c(Cl)cncc2Cl)c2ccc(C(C)O)nc12,COc1ccc(C(=O)Nc2c(F)cncc2F)c2ccc(C(F)(F)F)nc12,COc1ccc(C(=O)Nc2c(Cl)cncc2Cl)c2ccc(C(C)O)nc12,O=C(Nc1ccncc1)c1cccc2ncccc12,O=C(Nc1ccncc1)c1cccc2ncccc12,True,False,False,source_identity,1.0,0.532258064516129,,,,,,,,,,,,,64.11,84.34,20.230000000000004,False,1.0,2.0,1.0,True,,,,,3.0,4.0,1.0,True
edit_latent_scaffold_source_rerank,mpair_00002610_cond_01_3p,mpair_00002610,eval,3,"LogP,TPSA,HBD",CCc1ccc2c(C(=O)Nc3c(Cl)cncc3Cl)ccc(OC)c2n1,COc1ccc(C(=O)Nc2c(Cl)cncc2Cl)c2ccc(C(C)O)nc12,CCc1ccc2c(C(=O)Nc3c(Cl)cncc3Cl)ccc(OC)c2n1,O=C(Nc1ccncc1)c1cccc2ncccc12,O=C(Nc1ccncc1)c1cccc2ncccc12,True,False,False,source_identity,1.0,0.6964285714285714,,,,,4.2508000000000035,4.759900000000003,0.5090999999999992,True,,,,,84.34,64.11,20.230000000000004,False,2.0,1.0,1.0,True,,,,,,,,
edit_latent_scaffold_source_rerank,mpair_00002616_cond_01_3p,mpair_00002616,eval,3,"TPSA,HBA,RB",COc1ccc(C(=O)Nc2c(F)cncc2F)c2ccc(C(F)(F)F)nc12,COc1ccc(C(=O)Nc2c(Cl)cncc2Cl)c2ccc(C(C)=O)nc12,COc1ccc(C(=O)Nc2c(F)cncc2F)c2ccc(C(F)(F)F)nc12,O=C(Nc1ccncc1)c1cccc2ncccc12,O=C(Nc1ccncc1)c1cccc2ncccc12,True,True,True,source_identity,1.0,0.55,,,,,,,,,,,,,81.17999999999999,64.11,17.069999999999993,True,,,,,5.0,4.0,1.0,True,4.0,3.0,1.0,True
edit_latent_scaffold_source_rerank,mpair_00002622_cond_00_3p,mpair_00002622,eval,3,"MW,QED,RB",CCc1ccc2c(C(=O)Nc3c(Cl)cncc3Cl)ccc(OC)c2n1,COc1ccc(C(=O)Nc2ccncc2Cl)c2cccnc12,CCc1ccc2c(C(=O)Nc3c(Cl)cncc3Cl)ccc(OC)c2n1,O=C(Nc1ccncc1)c1cccc2ncccc12,O=C(Nc1ccncc1)c1cccc2ncccc12,True,False,False,source_identity,1.0,0.5,313.744,376.2430000000001,62.49900000000008,False,,,,,0.8029165077767629,0.7131894410136064,0.08972706676315656,True,,,,,,,,,,,,,3.0,4.0,1.0,True
edit_latent_scaffold_source_rerank,mpair_00002629_cond_00_3p,mpair_00002629,eval,3,"TPSA,HBA,RB",CC(C)CC(=O)N1C[C@H](c2ccccc2)C[C@H]1C(=O)N[C@@H](CC(F)F)C(=O)NCCc1c(F)cc(C(=O)O)cc1F,CC(C)(C)[C@H](O)C(=O)N1C[C@H](c2ccccc2)C[C@H]1C(=O)N[C@@H](CC(F)F)C(=O)NCCc1c(F)cc(C(=O)O)cc1F,CC(C)CC(=O)N1C[C@H](c2ccccc2)C[C@H]1C(=O)N[C@@H](CC(F)F)C(=O)NCCc1c(F)cc(C(=O)O)cc1F,O=C(CNC(=O)[C@@H]1C[C@@H](c2ccccc2)CN1)NCCc1ccccc1,O=C(CNC(=O)[C@@H]1C[C@@H](c2ccccc2)CN1)NCCc1ccccc1,True,False,False,source_identity,1.0,0.7567567567567568,,,,,,,,,,,,,136.04,115.81000000000002,20.229999999999976,False,,,,,5.0,4.0,1.0,True,11.0,12.0,1.0,True
edit_latent_scaffold_source_rerank,mpair_00003115_cond_00_3p,mpair_00003115,eval,3,"MW,LogP,QED",Cc1nc2nncnn2c(=O)c1C,Cc1nc2nnc(C(C)(C)C)nn2c(=O)c1C,Cc1nc2nncnn2c(=O)c1C,O=c1ccnc2nncnn12,O=c1ccnc2nncnn12,True,False,False,source_identity,1.0,0.48717948717948717,233.27499999999998,177.167,56.107999999999976,False,0.7938399999999997,-0.5036600000000002,1.2974999999999999,False,0.6723856505150625,0.541825521381232,0.13056012913383053,False,,,,,,,,,,,,,,,,
edit_latent_scaffold_source_rerank,mpair_00003206_cond_00_3p,mpair_00003206,eval,3,"MW,LogP,HBA",CCOC(=O)N1CCN(S(=O)(=O)c2ccc(-n3ncc(=O)[nH]c3=O)cc2Cl)CC1,Cc1cc(-n2ncc(=O)[nH]c2=O)ccc1S(=O)(=O)N1CCN(C=O)CC1,CCOC(=O)N1CCN(S(=O)(=O)c2ccc(-n3ncc(=O)[nH]c3=O)cc2Cl)CC1,O=c1cnn(-c2ccc(S(=O)(=O)N3CCNCC3)cc2)c(=O)[nH]1,O=c1cnn(-c2ccc(S(=O)(=O)N3CCNCC3)cc2)c(=O)[nH]1,True,False,False,source_identity,1.0,0.5625,379.39800000000025,443.86900000000026,64.471,False,-1.3080799999999981,0.037000000000000144,1.3450799999999983,False,,,,,,,,,,,,,7.0,8.0,1.0,True,,,,
edit_latent_scaffold_source_rerank,mpair_00003210_cond_00_3p,mpair_00003210,eval,3,"MW,LogP,HBA",CC[C@H]1OC(=O)[C@H](C)[C@@H](O)[C@H](C)[C@@H](OC2O[C@H](C)C[C@H](N(C)C)C2O)[C@@](C)(OC)C[C@@H](C)C(=O)[C@H](C)[C@@H](O)[C@]1(C)O,CC[C@H]1OC(=O)[C@H](C)[C@@H](OC(C)=O)[C@H](C)[C@@H](OC2O[C@H](C)C[C@H](N(C)C)C2O)[C@@](C)(OC)C[C@@H](C)C(=O)[C@H](C)[C@@H](O)[C@]1(C)O,CC[C@H]1OC(=O)[C@H](C)[C@@H](O)[C@H](C)[C@@H](OC2O[C@H](C)C[C@H](N(C)C)C2O)[C@@](C)(OC)C[C@@H](C)C(=O)[C@H](C)[C@@H](O)[C@]1(C)O,O=C1CCCCOC(=O)CCC[C@@H](OC2CCCCO2)CCC1,O=C1CCCCOC(=O)CCC[C@@H](OC2CCCCO2)CCC1,True,False,False,source_identity,1.0,0.821917808219178,631.8040000000003,589.7670000000004,42.03699999999992,False,2.0853000000000033,1.5145000000000022,0.5708000000000011,True,,,,,,,,,,,,,12.0,11.0,1.0,True,,,,
edit_latent_scaffold_source_rerank,mpair_00003219_cond_01_3p,mpair_00003219,eval,3,"MW,LogP,QED",COc1ccc(S(=O)(=O)N(Cc2cccnc2)c2c(C)cccc2C(=O)NO)cc1,COc1ccc(S(=O)(=O)N(Cc2cccnc2)c2c(C)cc(Br)cc2C(=O)NO)cc1,COc1ccc(S(=O)(=O)N(Cc2cccnc2)c2c(C)cccc2C(=O)NO)cc1,O=S(=O)(c1ccccc1)N(Cc1cccnc1)c1ccccc1,O=S(=O)(c1ccccc1)N(Cc1cccnc1)c1ccccc1,True,False,False,source_identity,1.0,0.819672131147541,506.37800000000016,427.48200000000014,78.89600000000002,False,3.675620000000001,2.91312,0.7625000000000011,True,0.3740614499694089,0.44330794633881315,0.06924649636940428,True,,,,,,,,,,,,,,,,
edit_latent_scaffold_source_rerank,mpair_00003222_cond_02_3p,mpair_00003222,eval,3,"QED,TPSA,RB",COc1ccc(S(=O)(=O)N(Cc2cccnc2)c2c(C)cc(Br)cc2C(=O)NO)cc1,COC(=O)c1cccc(C(=O)NO)c1N(Cc1cccnc1)S(=O)(=O)c1ccc(OC)cc1,COc1ccc(S(=O)(=O)N(Cc2cccnc2)c2c(C)cc(Br)cc2C(=O)NO)cc1,O=S(=O)(c1ccccc1)N(Cc1cccnc1)c1ccccc1,O=S(=O)(c1ccccc1)N(Cc1cccnc1)c1ccccc1,True,False,False,source_identity,1.0,0.734375,,,,,,,,,0.29046454626646695,0.3740614499694089,0.08359690370294193,True,135.13,108.83000000000001,26.299999999999983,False,,,,,,,,,8.0,7.0,1.0,True
edit_latent_scaffold_source_rerank,mpair_00003531_cond_02_3p,mpair_00003531,eval,3,"TPSA,HBA,RB",CC(C)Oc1cccc(N(Cc2cccnc2)S(=O)(=O)CC(F)(F)F)c1,CCOC(=O)C(C)Oc1cccc(N(Cc2cccnc2)S(=O)(=O)CC(F)(F)F)c1,CC(C)Oc1cccc(N(Cc2cccnc2)S(=O)(=O)CC(F)(F)F)c1,c1ccc(NCc2cccnc2)cc1,c1ccc(NCc2cccnc2)cc1,True,False,False,source_identity,1.0,0.7796610169491526,,,,,,,,,,,,,85.80000000000001,59.5,26.30000000000001,False,,,,,6.0,4.0,2.0,False,9.0,7.0,2.0,False
edit_latent_scaffold_source_rerank,mpair_00003540_cond_00_3p,mpair_00003540,eval,3,"QED,TPSA,HBA",CCCC(C)Oc1cccc(N(Cc2cccnc2)S(=O)(=O)CC(F)(F)F)c1,CCOC(=O)C(C)Oc1cccc(N(Cc2cccnc2)S(=O)(=O)CC(F)(F)F)c1,CCCC(C)Oc1cccc(N(Cc2cccnc2)S(=O)(=O)CC(F)(F)F)c1,c1ccc(NCc2cccnc2)cc1,c1ccc(NCc2cccnc2)cc1,True,False,False,source_identity,1.0,0.746031746031746,,,,,,,,,0.5496815697636838,0.6018859517288218,0.05220438196513799,True,85.80000000000001,59.5,26.30000000000001,False,,,,,6.0,4.0,2.0,False,,,,
edit_latent_scaffold_source_rerank,mpair_00003545_cond_01_3p,mpair_00003545,eval,3,"LogP,QED,RB",CCCC(C)Oc1cccc(N(Cc2cccnc2)S(=O)(=O)CC(F)(F)F)c1,CC(C)Oc1cccc(N(Cc2cccnc2)S(=O)(=O)CC(F)(F)F)c1,CCCC(C)Oc1cccc(N(Cc2cccnc2)S(=O)(=O)CC(F)(F)F)c1,c1ccc(NCc2cccnc2)cc1,c1ccc(NCc2cccnc2)cc1,True,False,False,source_identity,1.0,0.8070175438596491,,,,,3.7675000000000027,4.547700000000003,0.7802000000000007,True,0.7245796953652621,0.6018859517288218,0.12269374363644037,False,,,,,,,,,,,,,7.0,9.0,2.0,False
edit_latent_scaffold_source_rerank,mpair_00000014_cond_01_4p,mpair_00000014,eval,4,"MW,LogP,TPSA,HBA",O=C(O)[C@@H]1C[C@H]2C[C@@H](CCS(=O)(=O)O)CC[C@H]2CN1,O=C(O)CC[C@H]1CC[C@H]2CN[C@H](C(=O)O)C[C@H]2C1,O=C(O)[C@@H]1C[C@H]2C[C@@H](CCS(=O)(=O)O)CC[C@H]2CN1,C1CC[C@H]2CNCC[C@H]2C1,C1CC[C@H]2CNCC[C@H]2C1,True,False,False,source_identity,1.0,0.6829268292682927,255.314,291.36899999999997,36.05499999999998,False,1.3301999999999996,0.7433000000000001,0.5868999999999995,True,,,,,86.63000000000001,103.7,17.069999999999993,True,,,,,3.0,4.0,1.0,True,,,,
edit_latent_scaffold_source_rerank,mpair_00000322_cond_01_4p,mpair_00000322,eval,4,"MW,QED,HBA,RB",N[C@@H](C(=O)N[C@@H]1C(=O)N2C(C(=O)O)=C(C(F)(F)F)CC[C@H]12)c1cccc(C(F)(F)F)c1,CSC1=C(C(=O)O)N2C(=O)[C@@H](NC(=O)[C@H](N)c3ccccc3)[C@H]2CC1,N[C@@H](C(=O)N[C@@H]1C(=O)N2C(C(=O)O)=C(C(F)(F)F)CC[C@H]12)c1cccc(C(F)(F)F)c1,O=C(Cc1ccccc1)N[C@@H]1C(=O)N2C=CCC[C@H]12,O=C(Cc1ccccc1)N[C@@H]1C(=O)N2C=CCC[C@H]12,True,False,False,source_identity,1.0,0.5757575757575758,361.42300000000006,451.3230000000001,89.90000000000003,False,,,,,0.6699274889764619,0.4795891963980345,0.19033829257842744,False,,,,,,,,,5.0,4.0,1.0,True,5.0,4.0,1.0,True
edit_latent_scaffold_source_rerank,mpair_00000326_cond_01_4p,mpair_00000326,eval,4,"QED,TPSA,HBD,RB",N[C@@H](C(=O)N[C@@H]1C(=O)N2C(C(=O)O)=C(C(F)(F)F)CC[C@H]12)c1ccc(O)cc1,CSC1=C(C(=O)O)N2C(=O)[C@@H](NC(=O)[C@H](N)c3ccccc3)[C@H]2CC1,N[C@@H](C(=O)N[C@@H]1C(=O)N2C(C(=O)O)=C(C(F)(F)F)CC[C@H]12)c1ccc(O)cc1,O=C(Cc1ccccc1)N[C@@H]1C(=O)N2C=CCC[C@H]12,O=C(Cc1ccccc1)N[C@@H]1C(=O)N2C=CCC[C@H]12,True,False,False,source_identity,1.0,0.5873015873015873,,,,,,,,,0.6699274889764619,0.5533729404309352,0.11655454854552671,False,112.73,132.96,20.230000000000004,False,3.0,4.0,1.0,True,,,,,5.0,4.0,1.0,True
edit_latent_scaffold_source_rerank,mpair_00000334_cond_02_4p,mpair_00000334,eval,4,"MW,QED,TPSA,RB",CSC1=C(C(=O)O)N2C(=O)[C@@H](NC(=O)[C@H](N)c3ccccc3)[C@H]2CC1,N[C@@H](C(=O)N[C@@H]1C(=O)N2C(C(=O)O)=C(C(F)(F)F)CC[C@H]12)c1ccc(O)cc1,CSC1=C(C(=O)O)N2C(=O)[C@@H](NC(=O)[C@H](N)c3ccccc3)[C@H]2CC1,O=C(Cc1ccccc1)N[C@@H]1C(=O)N2C=CCC[C@H]12,O=C(Cc1ccccc1)N[C@@H]1C(=O)N2C=CCC[C@H]12,True,False,False,source_identity,1.0,0.5873015873015873,399.3250000000001,361.42300000000006,37.902000000000044,False,,,,,0.5533729404309352,0.6699274889764619,0.11655454854552671,False,132.96,112.73,20.230000000000004,False,,,,,,,,,4.0,5.0,1.0,True
edit_latent_scaffold_source_rerank,mpair_00000586_cond_02_4p,mpair_00000586,eval,4,"QED,TPSA,HBD,HBA",OC[C@@H]1N[C@@H](CCCCc2cc(F)cc(F)c2)[C@H](O)[C@H]1O,OC[C@@H]1N[C@@H](CCCCc2ccc(O)cc2)[C@H](O)[C@H]1O,OC[C@@H]1N[C@@H](CCCCc2cc(F)cc(F)c2)[C@H](O)[C@H]1O,c1ccc(CCCC[C@H]2CCCN2)cc1,c1ccc(CCCC[C@H]2CCCN2)cc1,True,False,False,source_identity,1.0,0.625,,,,,,,,,0.47902706341404183,0.5846986769843887,0.10567161357034688,False,92.95,72.72,20.230000000000004,False,5.0,4.0,1.0,True,5.0,4.0,1.0,True,,,,
edit_latent_scaffold_source_rerank,mpair_00000726_cond_01_4p,mpair_00000726,eval,4,"MW,LogP,QED,HBD",C=CCc1cc(/C=C2\SC(=O)NC2=O)c(OC)cc1OC1CCCCO1,C=CCc1cc(/C=C2\SC(=O)N(CC=C)C2=O)c(OC)cc1OC1CCCCO1,C=CCc1cc(/C=C2\SC(=O)NC2=O)c(OC)cc1OC1CCCCO1,O=C1NC(=O)/C(=C/c2ccc(OC3CCCCO3)cc2)S1,O=C1NC(=O)/C(=C/c2ccc(OC3CCCCO3)cc2)S1,True,False,False,source_identity,1.0,0.696969696969697,415.51100000000025,375.4460000000002,40.065000000000055,False,4.551400000000004,3.6530000000000022,0.8984000000000014,True,0.45838471716690443,0.6042673504148035,0.14588263324789907,False,,,,,0.0,1.0,1.0,True,,,,,,,,
edit_latent_scaffold_source_rerank,mpair_00000734_cond_00_4p,mpair_00000734,eval,4,"MW,LogP,QED,RB",C=CCc1cc(/C=C2\SC(=O)N(CCCC)C2=O)c(OC)cc1OC1CCCCO1,C=CCc1cc(/C=C2\SC(=O)N(C)C2=O)c(OC)cc1OC1CCCCO1,C=CCc1cc(/C=C2\SC(=O)N(CCCC)C2=O)c(OC)cc1OC1CCCCO1,O=C1NC(=O)/C(=C/c2ccc(OC3CCCCO3)cc2)S1,O=C1NC(=O)/C(=C/c2ccc(OC3CCCCO3)cc2)S1,True,False,False,source_identity,1.0,0.7878787878787878,389.4730000000002,431.55400000000026,42.081000000000074,False,3.9952000000000023,5.165500000000004,1.170300000000002,False,0.5413211960634129,0.39718598618589046,0.14413520987752243,False,,,,,,,,,,,,,6.0,9.0,3.0,False
edit_latent_scaffold_source_rerank,mpair_00000753_cond_01_4p,mpair_00000753,eval,4,"MW,TPSA,HBA,RB",O=C1CCC[C@H]2OC[C@@H](Cc3c[nH]c4ccccc34)N12,COC(=O)C[C@@H]1CC(=O)N2[C@H](Cc3c[nH]c4ccccc34)CO[C@@H]2C1,O=C1CCC[C@H]2OC[C@@H](Cc3c[nH]c4ccccc34)N12,O=C1CCC[C@H]2OC[C@@H](Cc3c[nH]c4ccccc34)N12,O=C1CCC[C@H]2OC[C@@H](Cc3c[nH]c4ccccc34)N12,True,False,False,source_identity,1.0,0.578125,342.39500000000015,270.33200000000005,72.0630000000001,False,,,,,,,,,71.63000000000001,45.330000000000005,26.300000000000004,False,,,,,4.0,2.0,2.0,False,4.0,2.0,2.0,False
edit_latent_scaffold_source_rerank,mpair_00001117_cond_02_4p,mpair_00001117,eval,4,"MW,HBD,HBA,RB",COc1ccc(N2CCN(CCC3c4ccccc4C(=O)N3C)CC2)cc1,O=C1NC(CCN2CCN(c3ccccc3)CC2)c2ccccc21,COc1ccc(N2CCN(CCC3c4ccccc4C(=O)N3C)CC2)cc1,O=C1NC(CCN2CCN(c3ccccc3)CC2)c2ccccc21,O=C1NC(CCN2CCN(c3ccccc3)CC2)c2ccccc21,True,False,False,source_identity,1.0,0.47368421052631576,321.4240000000001,365.47700000000015,44.053000000000054,False,,,,,,,,,,,,,1.0,0.0,1.0,True,3.0,4.0,1.0,True,4.0,5.0,1.0,True
edit_latent_scaffold_source_rerank,mpair_00001131_cond_02_4p,mpair_00001131,eval,4,"QED,HBD,HBA,RB",COc1ccc(N2CCN(CCC3c4ccccc4C(=O)N3C)CC2)cc1,Cc1ccc(N2CCN(CCC3NC(=O)c4ccccc43)CC2)cc1C,COc1ccc(N2CCN(CCC3c4ccccc4C(=O)N3C)CC2)cc1,O=C1NC(CCN2CCN(c3ccccc3)CC2)c2ccccc21,O=C1NC(CCN2CCN(c3ccccc3)CC2)c2ccccc21,True,False,False,source_identity,1.0,0.4444444444444444,,,,,,,,,0.9198864151307602,0.8160326048332845,0.10385381029747565,False,,,,,1.0,0.0,1.0,True,3.0,4.0,1.0,True,4.0,5.0,1.0,True
edit_latent_scaffold_source_rerank,mpair_00001618_cond_02_4p,mpair_00001618,eval,4,"QED,TPSA,HBA,RB",CC1CC(C)(C)Nc2ccc3c(c21)COc1c(F)cc(F)cc1-3,CC1CC(C)(C)Nc2ccc3c(c21)COc1c-3cc(F)cc1[N+](=O)[O-],CC1CC(C)(C)Nc2ccc3c(c21)COc1c(F)cc(F)cc1-3,c1ccc2c(c1)OCc1c-2ccc2c1CCCN2,c1ccc2c(c1)OCc1c-2ccc2c1CCCN2,True,False,False,source_identity,1.0,0.7321428571428571,,,,,,,,,0.5855235809891088,0.719238819171056,0.1337152381819472,False,64.39999999999999,21.259999999999998,43.13999999999999,False,,,,,4.0,2.0,2.0,False,1.0,0.0,1.0,True
edit_latent_scaffold_source_rerank,mpair_00002465_cond_02_4p,mpair_00002465,eval,4,"MW,QED,HBA,RB",CN(C)CCCOc1cc(C(=O)Nc2ccc(OC(F)(F)F)cc2)n(Cc2ccccc2)n1,CN(C)CCCOc1cc(C(=O)Nc2cccc(Cl)c2)n(Cc2ccccc2)n1,CN(C)CCCOc1cc(C(=O)Nc2ccc(OC(F)(F)F)cc2)n(Cc2ccccc2)n1,O=C(Nc1ccccc1)c1ccnn1Cc1ccccc1,O=C(Nc1ccccc1)c1ccnn1Cc1ccccc1,True,False,False,source_identity,1.0,0.696969696969697,412.9210000000001,462.4720000000001,49.55099999999999,False,,,,,0.5357556879239462,0.4522382232340766,0.08351746468986965,True,,,,,,,,,5.0,6.0,1.0,True,9.0,10.0,1.0,True
edit_latent_scaffold_source_rerank,mpair_00002481_cond_01_4p,mpair_00002481,eval,4,"LogP,TPSA,HBA,RB",COc1cc(NC(=O)c2cc(OCCCN(C)C)nn2Cc2ccccc2)cc(OC)c1OC,CN(C)CCCOc1cc(C(=O)Nc2cc(F)cc(C(F)(F)F)c2)n(Cc2ccccc2)n1,COc1cc(NC(=O)c2cc(OCCCN(C)C)nn2Cc2ccccc2)cc(OC)c1OC,O=C(Nc1ccccc1)c1ccnn1Cc1ccccc1,O=C(Nc1ccccc1)c1ccnn1Cc1ccccc1,True,False,False,source_identity,1.0,0.6811594202898551,,,,,4.672100000000003,3.5400000000000027,1.1321000000000003,False,,,,,59.39,87.08000000000001,27.690000000000012,False,,,,,5.0,8.0,3.0,False,9.0,12.0,3.0,False
edit_latent_scaffold_source_rerank,mpair_00002492_cond_00_4p,mpair_00002492,eval,4,"LogP,TPSA,HBD,HBA",CC(C)OC(=O)c1cc(CO)cn1S(=O)(=O)c1cc(Cl)ccc1N,C=Cc1cc(C(=O)OCC)n(S(=O)(=O)c2cc(Cl)ccc2N)c1,N/C(S)=N/N=C/c1cccn1S(=O)(=O)c1ccccc1,O=S(=O)(c1ccccc1)n1cccc1,O=S(=O)(c1ccccc1)n1cccc1,True,False,False,,0.14666666666666667,0.16,,,,,2.7804,1.3035,1.4769,False,,,,,91.39,89.81,1.5799999999999983,True,1.0,2.0,1.0,True,6.0,5.0,1.0,True,,,,
edit_latent_scaffold_source_rerank,mpair_00002522_cond_00_4p,mpair_00002522,eval,4,"MW,LogP,TPSA,HBD",CSc1cc(-c2ccc(Cl)cc2)oc(=O)c1,CSc1cc(-c2ccc(Cl)cc2)oc(=O)c1C(N)=O,CSc1cc(-c2ccc(F)cc2)oc(=O)c1,O=c1cccc(-c2ccccc2)o1,O=c1cccc(-c2ccccc2)o1,True,False,False,,0.7142857142857143,0.34,295.747,236.26699999999997,59.48000000000005,False,2.7810000000000006,3.1678000000000024,0.3868000000000018,True,,,,,73.30000000000001,30.21,43.09000000000001,False,1.0,0.0,1.0,True,,,,,,,,
edit_latent_scaffold_source_rerank,mpair_00002558_cond_01_4p,mpair_00002558,eval,4,"MW,QED,HBA,RB",CSc1nc(-c2ccc(OC(F)(F)F)cc2)nn1C(=O)N(C)c1ccccc1,CSc1nc(-c2ccc(Cl)cc2)nn1C(=O)N(C)c1ccccc1,CSc1nc(-c2ccc(OC(F)(F)F)cc2)nn1C(=O)N(C)c1ccccc1,O=C(Nc1ccccc1)n1cnc(-c2ccccc2)n1,O=C(Nc1ccccc1)n1cnc(-c2ccccc2)n1,True,False,False,source_identity,1.0,0.7037037037037037,358.85400000000004,408.4050000000001,49.551000000000045,False,,,,,0.6499636794176425,0.5874043626188404,0.06255931679880211,True,,,,,,,,,5.0,6.0,1.0,True,3.0,4.0,1.0,True
edit_latent_scaffold_source_rerank,mpair_00002568_cond_01_4p,mpair_00002568,eval,4,"MW,QED,TPSA,RB",COc1cc(C(=O)N2CCN(C(=O)c3cc(OC)c(OC)c(OC)c3)C(CO)C2)cc(OC)c1OC,COc1cc(C(=O)N2CCN(C(=O)c3cc(OC)c(OC)c(OC)c3)C(COC(=O)NCCC(C)C)C2)cc(OC)c1OC,COc1cc(C(=O)N2CCN(C(=O)c3cc(OC)c(OC)c(OC)c3)C(CO)C2)cc(OC)c1OC,O=C(c1ccccc1)N1CCN(C(=O)c2ccccc2)CC1,O=C(c1ccccc1)N1CCN(C(=O)c2ccccc2)CC1,True,False,False,source_identity,1.0,0.631578947368421,617.6960000000003,504.53600000000034,113.15999999999991,False,,,,,0.3561059094946873,0.544633228323374,0.18852731882868673,False,134.33,116.23000000000002,18.099999999999994,True,,,,,,,,,13.0,9.0,4.0,False
edit_latent_scaffold_source_rerank,mpair_00002576_cond_02_4p,mpair_00002576,eval,4,"MW,QED,HBD,RB",COc1cc(C(=O)N2CCN(C(=O)c3cc(OC)c(OC)c(OC)c3)C(COC(C)=O)C2)cc(OC)c1OC,COc1cc(C(=O)N2CCN(C(=O)c3cc(OC)c(OC)c(OC)c3)C(COC(=O)NCCC(C)C)C2)cc(OC)c1OC,COc1cc(C(=O)N2CCN(C(=O)c3cc(OC)c(OC)c(OC)c3)C(COC(C)=O)C2)cc(OC)c1OC,O=C(c1ccccc1)N1CCN(C(=O)c2ccccc2)CC1,O=C(c1ccccc1)N1CCN(C(=O)c2ccccc2)CC1,True,False,False,source_identity,1.0,0.7017543859649122,617.6960000000003,546.5730000000003,71.12299999999993,False,,,,,0.3561059094946873,0.41028124355120477,0.05417533405651748,True,,,,,1.0,0.0,1.0,True,,,,,13.0,10.0,3.0,False
edit_latent_scaffold_source_rerank,mpair_00002591_cond_01_4p,mpair_00002591,eval,4,"MW,LogP,QED,HBD",COc1cc(C(=O)N2CCN(C(=O)c3cc(OC)c(OC)c(OC)c3)C(COC(=O)NCCC(C)C)C2)cc(OC)c1OC,COc1cc(C(=O)N2CCN(C(=O)c3cc(OC)c(OC)c(OC)c3)CC2)cc(OC)c1OC,COc1cc(C(=O)N2CCN(C(=O)c3cc(OC)c(OC)c(OC)c3)C(COC(=O)NCCC(C)C)C2)cc(OC)c1OC,O=C(c1ccccc1)N1CCN(C(=O)c2ccccc2)CC1,O=C(c1ccccc1)N1CCN(C(=O)c2ccccc2)CC1,True,False,False,source_identity,1.0,0.48148148148148145,474.51000000000033,617.6960000000003,143.18599999999992,False,2.3364000000000003,3.4773000000000023,1.140900000000002,False,0.5754127815390553,0.3561059094946873,0.219306872044368,False,,,,,0.0,1.0,1.0,True,,,,,,,,
edit_latent_scaffold_source_rerank,mpair_00002595_cond_00_4p,mpair_00002595,eval,4,"MW,QED,HBA,RB",COc1cc(C(=O)N2CCN(C(=O)c3cc(OC)c(OC)c(OC)c3)CC2)cc(OC)c1OC,COc1cc(C(=O)N2CCN(C(=O)c3cc(OC)c(OC)c(OC)c3)C(COC(=O)CC(C)(C)C)C2)cc(OC)c1OC,COc1cc(C(=O)N2CCN(C(=O)c3cc(OC)c(OC)c(OC)c3)CC2)cc(OC)c1OC,O=C(c1ccccc1)N1CCN(C(=O)c2ccccc2)CC1,O=C(c1ccccc1)N1CCN(C(=O)c2ccccc2)CC1,True,False,False,source_identity,1.0,0.52,602.6810000000004,474.51000000000033,128.17100000000005,False,,,,,0.3521539372279048,0.5754127815390553,0.2232588443111505,False,,,,,,,,,10.0,8.0,2.0,False,11.0,8.0,3.0,False
edit_latent_scaffold_source_rerank,mpair_00002607_cond_01_4p,mpair_00002607,eval,4,"LogP,QED,TPSA,HBA",COc1ccc(C(=O)Nc2ccncc2Cl)c2cccnc12,COc1ccc(C(=O)Nc2c(Cl)cncc2Cl)c2ccc(C(C)=O)nc12,COc1ccc(C(=O)Nc2ccncc2Cl)c2cccnc12,O=C(Nc1ccncc1)c1cccc2ncccc12,O=C(Nc1ccncc1)c1cccc2ncccc12,True,False,False,source_identity,1.0,0.5081967213114754,,,,,4.400100000000002,3.544100000000002,0.8559999999999999,True,0.6681926051832562,0.8029165077767629,0.13472390259350675,False,81.17999999999999,64.11,17.069999999999993,True,,,,,5.0,4.0,1.0,True,,,,
edit_latent_scaffold_source_rerank,mpair_00002614_cond_00_4p,mpair_00002614,eval,4,"MW,QED,HBA,RB",COc1ccc(C(=O)Nc2c(Cl)cncc2Cl)c2cccnc12,COc1ccc(C(=O)Nc2c(Cl)cncc2Cl)c2ccc(C(C)=O)nc12,COc1ccc(C(=O)Nc2c(Cl)cncc2Cl)c2cccnc12,O=C(Nc1ccncc1)c1cccc2ncccc12,O=C(Nc1ccncc1)c1cccc2ncccc12,True,False,False,source_identity,1.0,0.6666666666666666,390.22600000000017,348.1890000000001,42.03700000000009,False,,,,,0.6681926051832562,0.7706046174674384,0.10241201228418217,False,,,,,,,,,5.0,4.0,1.0,True,4.0,3.0,1.0,True
edit_latent_scaffold_source_rerank,mpair_00002622_cond_02_4p,mpair_00002622,eval,4,"MW,LogP,QED,RB",CCc1ccc2c(C(=O)Nc3c(Cl)cncc3Cl)ccc(OC)c2n1,COc1ccc(C(=O)Nc2ccncc2Cl)c2cccnc12,CCc1ccc2c(C(=O)Nc3c(Cl)cncc3Cl)ccc(OC)c2n1,O=C(Nc1ccncc1)c1cccc2ncccc12,O=C(Nc1ccncc1)c1cccc2ncccc12,True,False,False,source_identity,1.0,0.5,313.744,376.2430000000001,62.49900000000008,False,3.544100000000002,4.759900000000003,1.2158000000000007,False,0.8029165077767629,0.7131894410136064,0.08972706676315656,True,,,,,,,,,,,,,3.0,4.0,1.0,True
edit_latent_scaffold_source_rerank,mpair_00002631_cond_00_4p,mpair_00002631,eval,4,"LogP,TPSA,HBD,HBA",CC(C)(C)[C@H](O)C(=O)N1C[C@H](c2ccccc2)C[C@H]1C(=O)N[C@@H](CC(F)F)C(=O)NCCc1c(F)cc(C(=O)O)cc1F,CC(C)CC(=O)N1C[C@H](c2ccccc2)C[C@H]1C(=O)N[C@@H](CC(F)F)C(=O)NCCc1c(F)cc(C(=O)O)cc1F,CC(C)(C)[C@H](O)C(=O)N1C[C@H](c2ccccc2)C[C@H]1C(=O)N[C@@H](CC(F)F)C(=O)NCCc1c(F)cc(C(=O)O)cc1F,O=C(CNC(=O)[C@@H]1C[C@@H](c2ccccc2)CN1)NCCc1ccccc1,O=C(CNC(=O)[C@@H]1C[C@@H](c2ccccc2)CN1)NCCc1ccccc1,True,False,False,source_identity,1.0,0.7567567567567568,,,,,3.892500000000002,3.253400000000001,0.6391000000000009,True,,,,,115.81000000000002,136.04,20.229999999999976,False,3.0,4.0,1.0,True,4.0,5.0,1.0,True,,,,
edit_latent_scaffold_source_rerank,mpair_00003117_cond_00_4p,mpair_00003117,eval,4,"MW,LogP,TPSA,HBA",Cc1c[nH]c2c1C13CC1CN(C(=O)OC(C)(C)C)C3=CC2=O,COC(=O)c1cc2c([nH]1)C(=O)C=C1N(C(=O)OC(C)(C)C)CC3CC123,Cc1c[nH]c2c1C13CC1CN(C(=O)OC(C)(C)C)C3=CC2=O,O=C1C=C2NCC3CC23c2cc[nH]c21,O=C1C=C2NCC3CC23c2cc[nH]c21,True,False,False,source_identity,1.0,0.5873015873015873,344.36700000000013,300.358,44.00900000000013,False,2.389900000000001,2.9117200000000016,0.5218200000000008,True,,,,,88.7,62.4,26.300000000000004,False,,,,,5.0,3.0,2.0,False,,,,
edit_latent_scaffold_source_rerank,mpair_00003213_cond_01_4p,mpair_00003213,eval,4,"MW,QED,HBA,RB",CC(C)NC(=O)c1ccc2c(Nc3ccc(Cl)cc3)nc(N3CCOCC3)nc2c1,Clc1ccc(Nc2nc(N3CCOCC3)nc3ccccc23)cc1,CC(C)NC(=O)c1ccc2c(Nc3ccc(Cl)cc3)nc(N3CCOCC3)nc2c1,c1ccc(Nc2nc(N3CCOCC3)nc3ccccc23)cc1,c1ccc(Nc2nc(N3CCOCC3)nc3ccccc23)cc1,True,False,False,source_identity,1.0,0.6,340.81399999999996,425.92000000000024,85.10600000000028,False,,,,,0.784150666451108,0.6427710577069246,0.14137960874418343,False,,,,,,,,,5.0,6.0,1.0,True,3.0,5.0,2.0,False
edit_latent_scaffold_source_rerank,mpair_00003222_cond_00_4p,mpair_00003222,eval,4,"LogP,QED,TPSA,RB",COc1ccc(S(=O)(=O)N(Cc2cccnc2)c2c(C)cc(Br)cc2C(=O)NO)cc1,COC(=O)c1cccc(C(=O)NO)c1N(Cc1cccnc1)S(=O)(=O)c1ccc(OC)cc1,COc1ccc(S(=O)(=O)N(Cc2cccnc2)c2c(C)cc(Br)cc2C(=O)NO)cc1,O=S(=O)(c1ccccc1)N(Cc1cccnc1)c1ccccc1,O=S(=O)(c1ccccc1)N(Cc1cccnc1)c1ccccc1,True,False,False,source_identity,1.0,0.734375,,,,,2.391300000000001,3.675620000000001,1.2843200000000001,False,0.29046454626646695,0.3740614499694089,0.08359690370294193,True,135.13,108.83000000000001,26.299999999999983,False,,,,,,,,,8.0,7.0,1.0,True
edit_latent_scaffold_source_rerank,mpair_00003532_cond_01_4p,mpair_00003532,eval,4,"LogP,QED,TPSA,HBA",CCOC(=O)C(C)Oc1cccc(N(Cc2cccnc2)S(=O)(=O)CC(F)(F)F)c1,CCCC(C)Oc1cccc(N(Cc2cccnc2)S(=O)(=O)CC(F)(F)F)c1,CCOC(=O)C(C)Oc1cccc(N(Cc2cccnc2)S(=O)(=O)CC(F)(F)F)c1,c1ccc(NCc2cccnc2)cc1,c1ccc(NCc2cccnc2)cc1,True,False,False,source_identity,1.0,0.746031746031746,,,,,4.547700000000003,3.3107000000000024,1.237000000000001,False,0.6018859517288218,0.5496815697636838,0.05220438196513799,True,59.5,85.80000000000001,26.30000000000001,False,,,,,4.0,6.0,2.0,False,,,,
edit_latent_scaffold_source_rerank,mpair_00003536_cond_02_4p,mpair_00003536,eval,4,"MW,LogP,QED,RB",COc1cccc(N(Cc2cccnc2)S(=O)(=O)CC(F)(F)F)c1,CCC(C)COc1cccc(N(Cc2cccnc2)S(=O)(=O)CC(F)(F)F)c1,COc1cccc(N(Cc2cccnc2)S(=O)(=O)CC(F)(F)F)c1,c1ccc(NCc2cccnc2)cc1,c1ccc(NCc2cccnc2)cc1,True,False,False,source_identity,1.0,0.7413793103448276,416.4650000000001,360.3570000000001,56.108000000000004,False,4.405200000000004,2.988900000000002,1.4163000000000023,False,0.6078002459089881,0.7946521442277092,0.18685189831872118,False,,,,,,,,,,,,,9.0,6.0,3.0,False
edit_latent_scaffold_source_rerank,mpair_00000010_cond_02_5p,mpair_00000010,eval,5,"MW,LogP,QED,HBA,RB",O=C(c1ccccc1C(F)(F)F)N1C[C@H](CN2CCC(c3ccccc3)CC2)[C@@H](c2ccccc2)C1,COc1cccc(C(=O)N2C[C@H](CN3CCC(c4ccccc4)CC3)[C@@H](c3ccccc3)C2)c1,O=C(c1ccccc1C(F)(F)F)N1C[C@H](CN2CCC(c3ccccc3)CC2)[C@@H](c2ccccc2)C1,O=C(c1ccccc1)N1C[C@H](CN2CCC(c3ccccc3)CC2)[C@@H](c2ccccc2)C1,O=C(c1ccccc1)N1C[C@H](CN2CCC(c3ccccc3)CC2)[C@@H](c2ccccc2)C1,True,False,False,source_identity,1.0,0.578125,454.61400000000015,492.5850000000002,37.97100000000006,False,5.430600000000005,6.4408000000000065,1.010200000000001,False,0.49786269936596683,0.4092272471712491,0.08863545219471775,True,,,,,,,,,3.0,2.0,1.0,True,6.0,5.0,1.0,True
edit_latent_scaffold_source_rerank,mpair_00000327_cond_00_5p,mpair_00000327,eval,5,"MW,LogP,QED,HBA,RB",CSC1=C(C(=O)O)N2C(=O)[C@@H](NC(=O)[C@H](N)c3ccccc3)[C@H]2CC1,N[C@@H](C(=O)N[C@@H]1C(=O)N2C(C(=O)O)=C(C(F)(F)F)CC[C@H]12)c1cccc(C(F)(F)F)c1,CSC1=C(C(=O)O)N2C(=O)[C@@H](NC(=O)[C@H](N)c3ccccc3)[C@H]2CC1,O=C(Cc1ccccc1)N[C@@H]1C(=O)N2C=CCC[C@H]12,O=C(Cc1ccccc1)N[C@@H]1C(=O)N2C=CCC[C@H]12,True,False,False,source_identity,1.0,0.5757575757575758,451.3230000000001,361.42300000000006,89.90000000000003,False,2.0955999999999997,0.8350000000000002,1.2605999999999995,False,0.4795891963980345,0.6699274889764619,0.19033829257842744,False,,,,,,,,,4.0,5.0,1.0,True,4.0,5.0,1.0,True
edit_latent_scaffold_source_rerank,mpair_00000335_cond_01_5p,mpair_00000335,eval,5,"MW,LogP,TPSA,HBD,HBA",N[C@@H](C(=O)N[C@@H]1C(=O)N2C(C(=O)O)=C(C(F)(F)F)CC[C@H]12)c1cccc(Br)c1,N[C@@H](C(=O)N[C@@H]1C(=O)N2C(C(=O)O)=C(C(F)(F)F)CC[C@H]12)c1ccc(O)cc1,N[C@@H](C(=O)N[C@@H]1C(=O)N2C(C(=O)O)=C(C(F)(F)F)CC[C@H]12)c1cccc(Br)c1,O=C(Cc1ccccc1)N[C@@H]1C(=O)N2C=CCC[C@H]12,O=C(Cc1ccccc1)N[C@@H]1C(=O)N2C=CCC[C@H]12,True,False,False,source_identity,1.0,0.7377049180327869,399.3250000000001,462.2220000000001,62.89699999999999,False,0.7823999999999993,1.8392999999999997,1.0569000000000004,False,,,,,132.96,112.73,20.230000000000004,False,4.0,3.0,1.0,True,5.0,4.0,1.0,True,,,,
edit_latent_scaffold_source_rerank,mpair_00000586_cond_01_5p,mpair_00000586,eval,5,"LogP,QED,TPSA,HBD,HBA",OC[C@@H]1N[C@@H](CCCCc2cc(F)cc(F)c2)[C@H](O)[C@H]1O,OC[C@@H]1N[C@@H](CCCCc2ccc(O)cc2)[C@H](O)[C@H]1O,OC[C@@H]1N[C@@H](CCCCc2cc(F)cc(F)c2)[C@H](O)[C@H]1O,c1ccc(CCCC[C@H]2CCCN2)cc1,c1ccc(CCCC[C@H]2CCCN2)cc1,True,False,False,source_identity,1.0,0.625,,,,,0.15949999999999964,0.7320999999999995,0.5725999999999999,True,0.47902706341404183,0.5846986769843887,0.10567161357034688,False,92.95,72.72,20.230000000000004,False,5.0,4.0,1.0,True,5.0,4.0,1.0,True,,,,
edit_latent_scaffold_source_rerank,mpair_00000762_cond_00_5p,mpair_00000762,eval,5,"MW,LogP,QED,HBA,RB",Clc1cccc(-c2cc(O[C@@H]3CCNC3)cnc2Cl)c1,COc1cccc(-c2cncc(O[C@@H]3CCNC3)c2)c1,Clc1cccc(-c2cc(O[C@@H]3CCNC3)cnc2Cl)c1,c1ccc(-c2cncc(O[C@@H]3CCNC3)c2)cc1,c1ccc(-c2cncc(O[C@@H]3CCNC3)c2)cc1,True,False,False,source_identity,1.0,0.5,270.33199999999994,309.196,38.86400000000009,False,2.4979000000000005,3.796100000000002,1.2982000000000014,False,0.9267061641096688,0.8758671086324237,0.0508390554772451,True,,,,,,,,,4.0,3.0,1.0,True,4.0,3.0,1.0,True
edit_latent_scaffold_source_rerank,mpair_00002472_cond_01_5p,mpair_00002472,eval,5,"MW,LogP,QED,HBA,RB",COc1ccc(NC(=O)c2cc(OCCCN(C)C)nn2Cc2ccccc2)cc1,CN(C)CCCOc1cc(C(=O)Nc2cc(F)cc(C(F)(F)F)c2)n(Cc2ccccc2)n1,COc1ccc(NC(=O)c2cc(OCCCN(C)C)nn2Cc2ccccc2)cc1,O=C(Nc1ccccc1)c1ccnn1Cc1ccccc1,O=C(Nc1ccccc1)c1ccnn1Cc1ccccc1,True,False,False,source_identity,1.0,0.6764705882352942,464.4630000000001,408.50200000000007,55.96100000000001,False,4.672100000000003,3.522800000000002,1.149300000000001,False,0.369385517709234,0.5200250404910086,0.15063952278177462,False,,,,,,,,,5.0,6.0,1.0,True,9.0,10.0,1.0,True
edit_latent_scaffold_source_rerank,mpair_00002508_cond_02_5p,mpair_00002508,eval,5,"LogP,QED,TPSA,HBD,RB",CSc1cc(-c2ccc(Br)cc2)oc(=O)c1C#N,CSc1cc(-c2ccc(Cl)cc2)oc(=O)c1C(N)=O,CSc1cc(-c2ccc(F)cc2)oc(=O)c1,O=c1cccc(-c2ccccc2)o1,O=c1cccc(-c2ccccc2)o1,True,False,False,,0.3469387755102041,0.34,,,,,2.7810000000000006,3.1678000000000024,0.3868000000000018,True,0.8837306867126842,0.7501191134076561,0.13361157330502804,False,73.30000000000001,30.21,43.09000000000001,False,1.0,0.0,1.0,True,,,,,3.0,2.0,1.0,True
edit_latent_scaffold_source_rerank,mpair_00002541_cond_02_5p,mpair_00002541,eval,5,"MW,QED,TPSA,HBA,RB",CCOC(=O)c1c(SC)c(C#N)c(-c2ccc(Br)cc2)oc1=O,CSc1cc(-c2ccc(Br)cc2)oc(=O)c1C#N,CSc1cc(-c2ccc(F)cc2)oc(=O)c1,O=c1cccc(-c2ccccc2)o1,O=c1cccc(-c2ccccc2)o1,True,False,False,,0.203125,0.3469387755102041,322.1830000000001,236.26699999999997,85.91600000000014,False,,,,,0.791886779601309,0.7501191134076561,0.04176766619365291,True,54.0,30.21,23.79,False,,,,,4.0,3.0,1.0,True,2.0,2.0,0.0,True
edit_latent_scaffold_source_rerank,mpair_00002570_cond_00_5p,mpair_00002570,eval,5,"MW,LogP,QED,HBA,RB",CCN(CC)C(=O)OCC1CN(C(=O)c2cc(OC)c(OC)c(OC)c2)CCN1C(=O)c1cc(OC)c(OC)c(OC)c1,COc1cc(C(=O)N2CCN(C(=O)c3cc(OC)c(OC)c(OC)c3)CC2)cc(OC)c1OC,CCN(CC)C(=O)OCC1CN(C(=O)c2cc(OC)c(OC)c(OC)c2)CCN1C(=O)c1cc(OC)c(OC)c(OC)c1,O=C(c1ccccc1)N1CCN(C(=O)c2ccccc2)CC1,O=C(c1ccccc1)N1CCN(C(=O)c2ccccc2)CC1,True,False,False,source_identity,1.0,0.52,474.51000000000033,603.6690000000003,129.159,False,2.3364000000000003,3.1834000000000024,0.8470000000000022,True,0.5754127815390553,0.3571777118480848,0.2182350696909705,False,,,,,,,,,8.0,10.0,2.0,False,8.0,12.0,4.0,False
edit_latent_scaffold_source_rerank,mpair_00002587_cond_02_5p,mpair_00002587,eval,5,"LogP,TPSA,HBD,HBA,RB",COc1cc(C(=O)N2CCN(C(=O)c3cc(OC)c(OC)c(OC)c3)C(CO)C2)cc(OC)c1OC,COc1cc(C(=O)N2CCN(C(=O)c3cc(OC)c(OC)c(OC)c3)CC2)cc(OC)c1OC,COc1cc(C(=O)N2CCN(C(=O)c3cc(OC)c(OC)c(OC)c3)C(CO)C2)cc(OC)c1OC,O=C(c1ccccc1)N1CCN(C(=O)c2ccccc2)CC1,O=C(c1ccccc1)N1CCN(C(=O)c2ccccc2)CC1,True,False,False,source_identity,1.0,0.6341463414634146,,,,,2.3364000000000003,1.6973000000000003,0.6391,True,,,,,96.00000000000001,116.23000000000002,20.230000000000004,False,0.0,1.0,1.0,True,8.0,9.0,1.0,True,8.0,9.0,1.0,True
edit_latent_scaffold_source_rerank,mpair_00002595_cond_01_5p,mpair_00002595,eval,5,"LogP,QED,TPSA,HBA,RB",COc1cc(C(=O)N2CCN(C(=O)c3cc(OC)c(OC)c(OC)c3)CC2)cc(OC)c1OC,COc1cc(C(=O)N2CCN(C(=O)c3cc(OC)c(OC)c(OC)c3)C(COC(=O)CC(C)(C)C)C2)cc(OC)c1OC,COc1cc(C(=O)N2CCN(C(=O)c3cc(OC)c(OC)c(OC)c3)CC2)cc(OC)c1OC,O=C(c1ccccc1)N1CCN(C(=O)c2ccccc2)CC1,O=C(c1ccccc1)N1CCN(C(=O)c2ccccc2)CC1,True,False,False,source_identity,1.0,0.52,,,,,3.684400000000003,2.3364000000000003,1.3480000000000025,False,0.3521539372279048,0.5754127815390553,0.2232588443111505,False,122.30000000000001,96.00000000000001,26.299999999999997,False,,,,,10.0,8.0,2.0,False,11.0,8.0,3.0,False
edit_latent_scaffold_source_rerank,mpair_00002630_cond_02_5p,mpair_00002630,eval,5,"LogP,QED,TPSA,HBD,HBA",CC(C)CC(=O)N1C[C@H](c2ccccc2)C[C@H]1C(=O)N[C@@H](CC(F)F)C(=O)NCCc1c(F)cc(C(=O)O)cc1F,CC(C)[C@@H](O)C(=O)N1C[C@H](c2ccccc2)C[C@H]1C(=O)N[C@@H](CC(F)F)C(=O)NCCc1c(F)cc(C(=O)O)cc1F,CC(C)CC(=O)N1C[C@H](c2ccccc2)C[C@H]1C(=O)N[C@@H](CC(F)F)C(=O)NCCc1c(F)cc(C(=O)O)cc1F,O=C(CNC(=O)[C@@H]1C[C@@H](c2ccccc2)CN1)NCCc1ccccc1,O=C(CNC(=O)[C@@H]1C[C@@H](c2ccccc2)CN1)NCCc1ccccc1,True,False,False,source_identity,1.0,0.7916666666666666,,,,,2.8633000000000006,3.892500000000002,1.0292000000000012,False,0.2789053789646464,0.3302613314122171,0.051355952447570685,True,136.04,115.81000000000002,20.229999999999976,False,4.0,3.0,1.0,True,5.0,4.0,1.0,True,,,,
edit_latent_scaffold_source_rerank,mpair_00003214_cond_02_5p,mpair_00003214,eval,5,"MW,TPSA,HBD,HBA,RB",Clc1ccc(Nc2nc(N3CCOCC3)nc3ccccc23)cc1,CC(C)NC(=O)c1ccc2c(Nc3ccc(Cl)cc3)nc(N3CCOCC3)nc2c1,Clc1ccc(Nc2nc(N3CCOCC3)nc3ccccc23)cc1,c1ccc(Nc2nc(N3CCOCC3)nc3ccccc23)cc1,c1ccc(Nc2nc(N3CCOCC3)nc3ccccc23)cc1,True,False,False,source_identity,1.0,0.6,425.92000000000024,340.81399999999996,85.10600000000028,False,,,,,,,,,79.38000000000001,50.28,29.10000000000001,False,2.0,1.0,1.0,True,6.0,5.0,1.0,True,5.0,3.0,2.0,False
edit_latent_scaffold_source_rerank,mpair_00003539_cond_02_5p,mpair_00003539,eval,5,"LogP,QED,TPSA,HBA,RB",O=S(=O)(CC(F)(F)F)N(Cc1cccnc1)c1cccc(OC(F)(F)F)c1,CCOC(=O)C(C)Oc1cccc(N(Cc2cccnc2)S(=O)(=O)CC(F)(F)F)c1,O=S(=O)(CC(F)(F)F)N(Cc1cccnc1)c1cccc(OC(F)(F)F)c1,c1ccc(NCc2cccnc2)cc1,c1ccc(NCc2cccnc2)cc1,True,False,False,source_identity,1.0,0.6885245901639344,,,,,3.3107000000000024,3.8789000000000025,0.5682,True,0.5496815697636838,0.6736163493728189,0.12393477960913513,False,85.80000000000001,59.5,26.30000000000001,False,,,,,6.0,4.0,2.0,False,9.0,6.0,3.0,False
edit_latent_scaffold_source_rerank,mpair_00001115_cond_00_6p,mpair_00001115,eval,6,"LogP,QED,TPSA,HBD,HBA,RB",COc1ccc(N2CCN(CCC3NC(=O)c4ccccc43)CC2)cc1,CN1C(=O)c2ccccc2C1CCN1CCN(c2ccc(Cl)cc2)CC1,COc1ccc(N2CCN(CCC3NC(=O)c4ccccc43)CC2)cc1,O=C1NC(CCN2CCN(c3ccccc3)CC2)c2ccccc21,O=C1NC(CCN2CCN(c3ccccc3)CC2)c2ccccc21,True,True,True,source_identity,1.0,0.48333333333333334,,,,,3.679000000000003,2.692000000000001,0.9870000000000019,True,0.8221231339252668,0.8996022198661571,0.07747908594089026,True,26.790000000000006,44.81,18.019999999999996,True,0.0,1.0,1.0,True,3.0,4.0,1.0,True,4.0,5.0,1.0,True
edit_latent_scaffold_source_rerank,mpair_00002568_cond_02_6p,mpair_00002568,eval,6,"MW,LogP,QED,TPSA,HBA,RB",COc1cc(C(=O)N2CCN(C(=O)c3cc(OC)c(OC)c(OC)c3)C(CO)C2)cc(OC)c1OC,COc1cc(C(=O)N2CCN(C(=O)c3cc(OC)c(OC)c(OC)c3)C(COC(=O)NCCC(C)C)C2)cc(OC)c1OC,COc1cc(C(=O)N2CCN(C(=O)c3cc(OC)c(OC)c(OC)c3)C(CO)C2)cc(OC)c1OC,O=C(c1ccccc1)N1CCN(C(=O)c2ccccc2)CC1,O=C(c1ccccc1)N1CCN(C(=O)c2ccccc2)CC1,True,False,False,source_identity,1.0,0.631578947368421,617.6960000000003,504.53600000000034,113.15999999999991,False,3.4773000000000023,1.6973000000000003,1.780000000000002,False,0.3561059094946873,0.544633228323374,0.18852731882868673,False,134.33,116.23000000000002,18.099999999999994,True,,,,,10.0,9.0,1.0,True,13.0,9.0,4.0,False
edit_latent_scaffold_source_rerank,mpair_00002583_cond_00_6p,mpair_00002583,eval,6,"MW,LogP,QED,HBD,HBA,RB",CCN(CC)C(=O)OCC1CN(C(=O)c2cc(OC)c(OC)c(OC)c2)CCN1C(=O)c1cc(OC)c(OC)c(OC)c1,COc1cc(C(=O)N2CCN(C(=O)c3cc(OC)c(OC)c(OC)c3)C(CO)C2)cc(OC)c1OC,CCN(CC)C(=O)OCC1CN(C(=O)c2cc(OC)c(OC)c(OC)c2)CCN1C(=O)c1cc(OC)c(OC)c(OC)c1,O=C(c1ccccc1)N1CCN(C(=O)c2ccccc2)CC1,O=C(c1ccccc1)N1CCN(C(=O)c2ccccc2)CC1,True,False,False,source_identity,1.0,0.6792452830188679,504.53600000000034,603.6690000000003,99.13299999999998,False,1.6973000000000003,3.1834000000000024,1.4861000000000022,False,0.544633228323374,0.3571777118480848,0.18745551647528924,False,,,,,1.0,0.0,1.0,True,9.0,10.0,1.0,True,9.0,12.0,3.0,False
edit_latent_scaffold_source_rerank,mpair_00002607_cond_00_6p,mpair_00002607,eval,6,"MW,LogP,QED,TPSA,HBA,RB",COc1ccc(C(=O)Nc2ccncc2Cl)c2cccnc12,COc1ccc(C(=O)Nc2c(Cl)cncc2Cl)c2ccc(C(C)=O)nc12,COc1ccc(C(=O)Nc2ccncc2Cl)c2cccnc12,O=C(Nc1ccncc1)c1cccc2ncccc12,O=C(Nc1ccncc1)c1cccc2ncccc12,True,False,False,source_identity,1.0,0.5081967213114754,390.22600000000017,313.744,76.48200000000014,False,4.400100000000002,3.544100000000002,0.8559999999999999,True,0.6681926051832562,0.8029165077767629,0.13472390259350675,False,81.17999999999999,64.11,17.069999999999993,True,,,,,5.0,4.0,1.0,True,4.0,3.0,1.0,True
edit_latent_scaffold_source_rerank,mpair_00003214_cond_00_6p,mpair_00003214,eval,6,"MW,QED,TPSA,HBD,HBA,RB",Clc1ccc(Nc2nc(N3CCOCC3)nc3ccccc23)cc1,CC(C)NC(=O)c1ccc2c(Nc3ccc(Cl)cc3)nc(N3CCOCC3)nc2c1,Clc1ccc(Nc2nc(N3CCOCC3)nc3ccccc23)cc1,c1ccc(Nc2nc(N3CCOCC3)nc3ccccc23)cc1,c1ccc(Nc2nc(N3CCOCC3)nc3ccccc23)cc1,True,False,False,source_identity,1.0,0.6,425.92000000000024,340.81399999999996,85.10600000000028,False,,,,,0.6427710577069246,0.784150666451108,0.14137960874418343,False,79.38000000000001,50.28,29.10000000000001,False,2.0,1.0,1.0,True,6.0,5.0,1.0,True,5.0,3.0,2.0,False
edit_latent_scaffold_source_rerank,mpair_00002514_cond_01_7p,mpair_00002514,eval,7,"MW,LogP,QED,TPSA,HBD,HBA,RB",CSc1cc(-c2ccc(Cl)cc2)oc(=O)c1Br,CSc1cc(-c2ccc(Cl)cc2)oc(=O)c1C(N)=O,CSc1cc(-c2ccc(F)cc2)oc(=O)c1,O=c1cccc(-c2ccccc2)o1,O=c1cccc(-c2ccccc2)o1,True,False,False,,0.3695652173913043,0.34,295.747,236.26699999999997,59.48000000000005,False,2.7810000000000006,3.1678000000000024,0.3868000000000018,True,0.8837306867126842,0.7501191134076561,0.13361157330502804,False,73.30000000000001,30.21,43.09000000000001,False,1.0,0.0,1.0,True,4.0,3.0,1.0,True,3.0,2.0,1.0,True
edit_latent_scaffold_source_rerank,mpair_00002551_cond_02_7p,mpair_00002551,eval,7,"MW,LogP,QED,TPSA,HBD,HBA,RB",CSc1cc(-c2ccc(Cl)cc2)oc(=O)c1C(N)=O,CSc1cc(-c2ccc(Br)cc2)oc(=O)c1Cl,CSc1cc(-c2ccc(F)cc2)oc(=O)c1,O=c1cccc(-c2ccccc2)o1,O=c1cccc(-c2ccccc2)o1,True,False,False,,0.34,0.3695652173913043,331.61800000000005,236.26699999999997,95.35100000000008,False,4.444600000000002,3.1678000000000024,1.2767999999999997,False,0.7618841288913727,0.7501191134076561,0.011765015483716557,True,30.21,30.21,0.0,True,0.0,0.0,0.0,True,3.0,3.0,0.0,True,2.0,2.0,0.0,True
target_oracle,mpair_00000002_cond_01_2p,mpair_00000002,eval,2,"LogP,QED",O=C(c1cccc(Cl)c1)N1C[C@H](CN2CCC(c3ccccc3)CC2)[C@@H](c2ccccc2)C1,O=C(c1ccccc1F)N1C[C@H](CN2CCC(c3ccccc3)CC2)[C@@H](c2ccccc2)C1,O=C(c1ccccc1F)N1C[C@H](CN2CCC(c3ccccc3)CC2)[C@@H](c2ccccc2)C1,O=C(c1ccccc1)N1C[C@H](CN2CCC(c3ccccc3)CC2)[C@@H](c2ccccc2)C1,O=C(c1ccccc1)N1C[C@H](CN2CCC(c3ccccc3)CC2)[C@@H](c2ccccc2)C1,True,True,True,,0.6379310344827587,1.0,,,,,5.561100000000006,5.561100000000006,0.0,True,0.5164092889512721,0.5164092889512721,0.0,True,,,,,,,,,,,,,,,,
target_oracle,mpair_00000005_cond_00_2p,mpair_00000005,eval,2,"HBA,RB",O=C(c1ccccc1F)N1C[C@H](CN2CCC(c3ccccc3)CC2)[C@@H](c2ccccc2)C1,COc1cccc(C(=O)N2C[C@H](CN3CCC(c4ccccc4)CC3)[C@@H](c3ccccc3)C2)c1,COc1cccc(C(=O)N2C[C@H](CN3CCC(c4ccccc4)CC3)[C@@H](c3ccccc3)C2)c1,O=C(c1ccccc1)N1C[C@H](CN2CCC(c3ccccc3)CC2)[C@@H](c2ccccc2)C1,O=C(c1ccccc1)N1C[C@H](CN2CCC(c3ccccc3)CC2)[C@@H](c2ccccc2)C1,True,True,True,,0.6065573770491803,1.0,,,,,,,,,,,,,,,,,,,,,3.0,3.0,0.0,True,6.0,6.0,0.0,True
target_oracle,mpair_00000007_cond_01_2p,mpair_00000007,eval,2,"LogP,QED",O=C(c1ccccc1F)N1C[C@H](CN2CCC(c3ccccc3)CC2)[C@@H](c2ccccc2)C1,O=C(c1cccc(Cl)c1)N1C[C@H](CN2CCC(c3ccccc3)CC2)[C@@H](c2ccccc2)C1,O=C(c1cccc(Cl)c1)N1C[C@H](CN2CCC(c3ccccc3)CC2)[C@@H](c2ccccc2)C1,O=C(c1ccccc1)N1C[C@H](CN2CCC(c3ccccc3)CC2)[C@@H](c2ccccc2)C1,O=C(c1ccccc1)N1C[C@H](CN2CCC(c3ccccc3)CC2)[C@@H](c2ccccc2)C1,True,True,True,,0.6379310344827587,1.0,,,,,6.075400000000006,6.075400000000006,0.0,True,0.4625029539066648,0.4625029539066648,0.0,True,,,,,,,,,,,,,,,,
target_oracle,mpair_00000011_cond_00_2p,mpair_00000011,eval,2,"HBA,RB",COc1cccc(C(=O)N2C[C@H](CN3CCC(c4ccccc4)CC3)[C@@H](c3ccccc3)C2)c1,O=C(c1ccccc1F)N1C[C@H](CN2CCC(c3ccccc3)CC2)[C@@H](c2ccccc2)C1,O=C(c1ccccc1F)N1C[C@H](CN2CCC(c3ccccc3)CC2)[C@@H](c2ccccc2)C1,O=C(c1ccccc1)N1C[C@H](CN2CCC(c3ccccc3)CC2)[C@@H](c2ccccc2)C1,O=C(c1ccccc1)N1C[C@H](CN2CCC(c3ccccc3)CC2)[C@@H](c2ccccc2)C1,True,True,True,,0.6065573770491803,1.0,,,,,,,,,,,,,,,,,,,,,2.0,2.0,0.0,True,5.0,5.0,0.0,True
target_oracle,mpair_00000013_cond_01_2p,mpair_00000013,eval,2,"MW,LogP",COc1cccc(C(=O)N2C[C@H](CN3CCC(c4ccccc4)CC3)[C@@H](c3ccccc3)C2)c1,O=C(c1ccccc1C(F)(F)F)N1C[C@H](CN2CCC(c3ccccc3)CC2)[C@@H](c2ccccc2)C1,O=C(c1ccccc1C(F)(F)F)N1C[C@H](CN2CCC(c3ccccc3)CC2)[C@@H](c2ccccc2)C1,O=C(c1ccccc1)N1C[C@H](CN2CCC(c3ccccc3)CC2)[C@@H](c2ccccc2)C1,O=C(c1ccccc1)N1C[C@H](CN2CCC(c3ccccc3)CC2)[C@@H](c2ccccc2)C1,True,True,True,,0.578125,1.0,492.5850000000002,492.5850000000002,0.0,True,6.4408000000000065,6.4408000000000065,0.0,True,,,,,,,,,,,,,,,,,,,,
target_oracle,mpair_00000021_cond_02_2p,mpair_00000021,eval,2,"TPSA,HBA",N#Cc1ccc(COC[C@H]2C3CC(c4ccc(F)cc4)(CO3)[C@@H]2C/C=C/CCCC(=O)O)cc1,O=C(O)CCC/C=C/C[C@@H]1[C@@H](COCc2ccccc2)C2CC1(c1ccccc1)CO2,O=C(O)CCC/C=C/C[C@@H]1[C@@H](COCc2ccccc2)C2CC1(c1ccccc1)CO2,c1ccc(COC[C@@H]2CC3(c4ccccc4)COC2C3)cc1,c1ccc(COC[C@@H]2CC3(c4ccccc4)COC2C3)cc1,True,True,True,,0.7391304347826086,1.0,,,,,,,,,,,,,55.760000000000005,55.760000000000005,0.0,True,,,,,3.0,3.0,0.0,True,,,,
target_oracle,mpair_00000328_cond_00_2p,mpair_00000328,eval,2,"MW,QED",N[C@@H](C(=O)N[C@@H]1C(=O)N2C(C(=O)O)=C(C(F)(F)F)CC[C@H]12)c1ccc(F)cc1,N[C@@H](C(=O)N[C@@H]1C(=O)N2C(C(=O)O)=C(C(F)(F)F)CC[C@H]12)c1cccc(Br)c1,N[C@@H](C(=O)N[C@@H]1C(=O)N2C(C(=O)O)=C(C(F)(F)F)CC[C@H]12)c1cccc(Br)c1,O=C(Cc1ccccc1)N[C@@H]1C(=O)N2C=CCC[C@H]12,O=C(Cc1ccccc1)N[C@@H]1C(=O)N2C=CCC[C@H]12,True,True,True,,0.7377049180327869,1.0,462.2220000000001,462.2220000000001,0.0,True,,,,,0.5917241763797754,0.5917241763797754,0.0,True,,,,,,,,,,,,,,,,
target_oracle,mpair_00000337_cond_00_2p,mpair_00000337,eval,2,"MW,LogP",N[C@@H](C(=O)N[C@@H]1C(=O)N2C(C(=O)O)=C(C(F)(F)F)CC[C@H]12)c1cccc(C(F)(F)F)c1,N[C@@H](C(=O)N[C@@H]1C(=O)N2C(C(=O)O)=C(C(F)(F)F)CC[C@H]12)c1ccc(F)cc1,N[C@@H](C(=O)N[C@@H]1C(=O)N2C(C(=O)O)=C(C(F)(F)F)CC[C@H]12)c1ccc(F)cc1,O=C(Cc1ccccc1)N[C@@H]1C(=O)N2C=CCC[C@H]12,O=C(Cc1ccccc1)N[C@@H]1C(=O)N2C=CCC[C@H]12,True,True,True,,0.7377049180327869,1.0,401.3160000000001,401.3160000000001,0.0,True,1.2158999999999993,1.2158999999999993,0.0,True,,,,,,,,,,,,,,,,,,,,
target_oracle,mpair_00000584_cond_00_2p,mpair_00000584,eval,2,"TPSA,HBD",OC[C@@H]1N[C@@H](CCCCc2ccc(O)cc2)[C@H](O)[C@H]1O,Cc1ccc(CCCC[C@@H]2N[C@@H](CO)[C@H](O)[C@H]2O)cc1,Cc1ccc(CCCC[C@@H]2N[C@@H](CO)[C@H](O)[C@H]2O)cc1,c1ccc(CCCC[C@H]2CCCN2)cc1,c1ccc(CCCC[C@H]2CCCN2)cc1,True,True,True,,0.7567567567567568,1.0,,,,,,,,,,,,,72.72,72.72,0.0,True,4.0,4.0,0.0,True,,,,,,,,
target_oracle,mpair_00000589_cond_00_2p,mpair_00000589,eval,2,"HBA,RB",COc1ccc(CCCC[C@@H]2N[C@@H](CO)[C@H](O)[C@H]2O)cc1,OC[C@@H]1N[C@@H](CCCCc2ccc(F)cc2)[C@H](O)[C@H]1O,OC[C@@H]1N[C@@H](CCCCc2ccc(F)cc2)[C@H](O)[C@H]1O,c1ccc(CCCC[C@H]2CCCN2)cc1,c1ccc(CCCC[C@H]2CCCN2)cc1,True,True,True,,0.6829268292682927,1.0,,,,,,,,,,,,,,,,,,,,,4.0,4.0,0.0,True,6.0,6.0,0.0,True
target_oracle,mpair_00000590_cond_02_2p,mpair_00000590,eval,2,"HBD,RB",OC[C@@H]1N[C@@H](CCCCc2ccc(O)cc2)[C@H](O)[C@H]1O,COc1ccc(CCCC[C@@H]2N[C@@H](CO)[C@H](O)[C@H]2O)cc1,COc1ccc(CCCC[C@@H]2N[C@@H](CO)[C@H](O)[C@H]2O)cc1,c1ccc(CCCC[C@H]2CCCN2)cc1,c1ccc(CCCC[C@H]2CCCN2)cc1,True,True,True,,0.7,1.0,,,,,,,,,,,,,,,,,4.0,4.0,0.0,True,,,,,7.0,7.0,0.0,True
target_oracle,mpair_00000592_cond_02_2p,mpair_00000592,eval,2,"HBA,RB",COc1ccc(CCCC[C@@H]2N[C@@H](CO)[C@H](O)[C@H]2O)cc1,Cc1ccc(CCCC[C@@H]2N[C@@H](CO)[C@H](O)[C@H]2O)cc1,Cc1ccc(CCCC[C@@H]2N[C@@H](CO)[C@H](O)[C@H]2O)cc1,c1ccc(CCCC[C@H]2CCCN2)cc1,c1ccc(CCCC[C@H]2CCCN2)cc1,True,True,True,,0.725,1.0,,,,,,,,,,,,,,,,,,,,,4.0,4.0,0.0,True,6.0,6.0,0.0,True
target_oracle,mpair_00000594_cond_01_2p,mpair_00000594,eval,2,"HBA,RB",COc1ccc(CCCC[C@@H]2N[C@@H](CO)[C@H](O)[C@H]2O)cc1,OC[C@@H]1N[C@@H](CCCCc2cc(F)cc(F)c2)[C@H](O)[C@H]1O,OC[C@@H]1N[C@@H](CCCCc2cc(F)cc(F)c2)[C@H](O)[C@H]1O,c1ccc(CCCC[C@H]2CCCN2)cc1,c1ccc(CCCC[C@H]2CCCN2)cc1,True,True,True,,0.5681818181818182,1.0,,,,,,,,,,,,,,,,,,,,,4.0,4.0,0.0,True,6.0,6.0,0.0,True
target_oracle,mpair_00000596_cond_02_2p,mpair_00000596,eval,2,"HBA,RB",OC[C@@H]1N[C@@H](CCCCc2ccc(F)cc2)[C@H](O)[C@H]1O,COc1ccc(CCCC[C@@H]2N[C@@H](CO)[C@H](O)[C@H]2O)cc1,COc1ccc(CCCC[C@@H]2N[C@@H](CO)[C@H](O)[C@H]2O)cc1,c1ccc(CCCC[C@H]2CCCN2)cc1,c1ccc(CCCC[C@H]2CCCN2)cc1,True,True,True,,0.6829268292682927,1.0,,,,,,,,,,,,,,,,,,,,,5.0,5.0,0.0,True,7.0,7.0,0.0,True
target_oracle,mpair_00000724_cond_02_2p,mpair_00000724,eval,2,"MW,RB",C=CCc1cc(/C=C2\SC(=O)N(CC=C(C)C)C2=O)c(OC)cc1OC1CCCCO1,C=CCc1cc(/C=C2\SC(=O)N(C)C2=O)c(OC)cc1OC1CCCCO1,C=CCc1cc(/C=C2\SC(=O)N(C)C2=O)c(OC)cc1OC1CCCCO1,O=C1NC(=O)/C(=C/c2ccc(OC3CCCCO3)cc2)S1,O=C1NC(=O)/C(=C/c2ccc(OC3CCCCO3)cc2)S1,True,True,True,,0.7761194029850746,1.0,389.4730000000002,389.4730000000002,0.0,True,,,,,,,,,,,,,,,,,,,,,6.0,6.0,0.0,True
target_oracle,mpair_00000729_cond_00_2p,mpair_00000729,eval,2,"LogP,QED",C=CCc1cc(/C=C2\SC(=O)N(CC=C(C)C)C2=O)c(OC)cc1OC1CCCCO1,C=CCc1cc(/C=C2\SC(=O)N(CC=C)C2=O)c(OC)cc1OC1CCCCO1,C=CCc1cc(/C=C2\SC(=O)N(CC=C)C2=O)c(OC)cc1OC1CCCCO1,O=C1NC(=O)/C(=C/c2ccc(OC3CCCCO3)cc2)S1,O=C1NC(=O)/C(=C/c2ccc(OC3CCCCO3)cc2)S1,True,True,True,,0.8615384615384616,1.0,,,,,4.551400000000004,4.551400000000004,0.0,True,0.45838471716690443,0.45838471716690443,0.0,True,,,,,,,,,,,,,,,,
target_oracle,mpair_00000731_cond_00_2p,mpair_00000731,eval,2,"QED,RB",C=CCc1cc(/C=C2\SC(=O)N(C(C)C)C2=O)c(OC)cc1OC1CCCCO1,C=CCc1cc(/C=C2\SC(=O)N(CC=C(C)C)C2=O)c(OC)cc1OC1CCCCO1,C=CCc1cc(/C=C2\SC(=O)N(CC=C(C)C)C2=O)c(OC)cc1OC1CCCCO1,O=C1NC(=O)/C(=C/c2ccc(OC3CCCCO3)cc2)S1,O=C1NC(=O)/C(=C/c2ccc(OC3CCCCO3)cc2)S1,True,True,True,,0.7183098591549296,1.0,,,,,,,,,0.3995752918375223,0.3995752918375223,0.0,True,,,,,,,,,,,,,8.0,8.0,0.0,True
target_oracle,mpair_00000734_cond_01_2p,mpair_00000734,eval,2,"LogP,QED",C=CCc1cc(/C=C2\SC(=O)N(CCCC)C2=O)c(OC)cc1OC1CCCCO1,C=CCc1cc(/C=C2\SC(=O)N(C)C2=O)c(OC)cc1OC1CCCCO1,C=CCc1cc(/C=C2\SC(=O)N(C)C2=O)c(OC)cc1OC1CCCCO1,O=C1NC(=O)/C(=C/c2ccc(OC3CCCCO3)cc2)S1,O=C1NC(=O)/C(=C/c2ccc(OC3CCCCO3)cc2)S1,True,True,True,,0.7878787878787878,1.0,,,,,3.9952000000000023,3.9952000000000023,0.0,True,0.5413211960634129,0.5413211960634129,0.0,True,,,,,,,,,,,,,,,,
target_oracle,mpair_00000736_cond_02_2p,mpair_00000736,eval,2,"QED,RB",C=CCc1cc(/C=C2\SC(=O)N(CCCC)C2=O)c(OC)cc1OC1CCCCO1,C=CCc1cc(/C=C2\SC(=O)N(C(C)C)C2=O)c(OC)cc1OC1CCCCO1,C=CCc1cc(/C=C2\SC(=O)N(C(C)C)C2=O)c(OC)cc1OC1CCCCO1,O=C1NC(=O)/C(=C/c2ccc(OC3CCCCO3)cc2)S1,O=C1NC(=O)/C(=C/c2ccc(OC3CCCCO3)cc2)S1,True,True,True,,0.7285714285714285,1.0,,,,,,,,,0.4701504427149941,0.4701504427149941,0.0,True,,,,,,,,,,,,,7.0,7.0,0.0,True
target_oracle,mpair_00000738_cond_01_2p,mpair_00000738,eval,2,"LogP,RB",C=CCc1cc(/C=C2\SC(=O)N(C(C)C)C2=O)c(OC)cc1OC1CCCCO1,C=CCc1cc(/C=C2\SC(=O)N(C)C2=O)c(OC)cc1OC1CCCCO1,C=CCc1cc(/C=C2\SC(=O)N(C)C2=O)c(OC)cc1OC1CCCCO1,O=C1NC(=O)/C(=C/c2ccc(OC3CCCCO3)cc2)S1,O=C1NC(=O)/C(=C/c2ccc(OC3CCCCO3)cc2)S1,True,True,True,,0.796875,1.0,,,,,3.9952000000000023,3.9952000000000023,0.0,True,,,,,,,,,,,,,,,,,6.0,6.0,0.0,True
target_oracle,mpair_00000742_cond_01_2p,mpair_00000742,eval,2,"MW,RB",C=CCc1cc(/C=C2\SC(=O)N(C)C2=O)c(OC)cc1OC1CCCCO1,C=CCc1cc(/C=C2\SC(=O)N(CC=C(C)C)C2=O)c(OC)cc1OC1CCCCO1,C=CCc1cc(/C=C2\SC(=O)N(CC=C(C)C)C2=O)c(OC)cc1OC1CCCCO1,O=C1NC(=O)/C(=C/c2ccc(OC3CCCCO3)cc2)S1,O=C1NC(=O)/C(=C/c2ccc(OC3CCCCO3)cc2)S1,True,True,True,,0.7761194029850746,1.0,443.5650000000003,443.5650000000003,0.0,True,,,,,,,,,,,,,,,,,,,,,8.0,8.0,0.0,True
target_oracle,mpair_00000745_cond_00_2p,mpair_00000745,eval,2,"QED,HBD",C=CCc1cc(/C=C2\SC(=O)N(C)C2=O)c(OC)cc1OC1CCCCO1,C=CCc1cc(/C=C2\SC(=O)NC2=O)c(OC)cc1OC1CCCCO1,C=CCc1cc(/C=C2\SC(=O)NC2=O)c(OC)cc1OC1CCCCO1,O=C1NC(=O)/C(=C/c2ccc(OC3CCCCO3)cc2)S1,O=C1NC(=O)/C(=C/c2ccc(OC3CCCCO3)cc2)S1,True,True,True,,0.71875,1.0,,,,,,,,,0.6042673504148035,0.6042673504148035,0.0,True,,,,,1.0,1.0,0.0,True,,,,,,,,
target_oracle,mpair_00000750_cond_01_2p,mpair_00000750,eval,2,"MW,HBA",COC(=O)C[C@@H]1CC(=O)N2[C@H](Cc3c[nH]c4ccccc34)CO[C@@H]2C1,O=C1CCC[C@H]2OC[C@@H](Cc3c[nH]c4ccccc34)N12,O=C1CCC[C@H]2OC[C@@H](Cc3c[nH]c4ccccc34)N12,O=C1CCC[C@H]2OC[C@@H](Cc3c[nH]c4ccccc34)N12,O=C1CCC[C@H]2OC[C@@H](Cc3c[nH]c4ccccc34)N12,True,True,True,,0.578125,1.0,270.33200000000005,270.33200000000005,0.0,True,,,,,,,,,,,,,,,,,2.0,2.0,0.0,True,,,,
target_oracle,mpair_00000752_cond_01_2p,mpair_00000752,eval,2,"TPSA,HBA",CC[C@H]1CCC(=O)N2[C@H](Cc3c[nH]c4ccccc34)CO[C@H]12,COC(=O)C[C@@H]1CC(=O)N2[C@H](Cc3c[nH]c4ccccc34)CO[C@@H]2C1,COC(=O)C[C@@H]1CC(=O)N2[C@H](Cc3c[nH]c4ccccc34)CO[C@@H]2C1,O=C1CCC[C@H]2OC[C@@H](Cc3c[nH]c4ccccc34)N12,O=C1CCC[C@H]2OC[C@@H](Cc3c[nH]c4ccccc34)N12,True,True,True,,0.5072463768115942,1.0,,,,,,,,,,,,,71.63000000000001,71.63000000000001,0.0,True,,,,,4.0,4.0,0.0,True,,,,
target_oracle,mpair_00000755_cond_02_2p,mpair_00000755,eval,2,"LogP,RB",CC[C@H]1CCC(=O)N2[C@H](Cc3c[nH]c4ccccc34)CO[C@H]12,O=C1CCC[C@H]2OC[C@@H](Cc3c[nH]c4ccccc34)N12,O=C1CCC[C@H]2OC[C@@H](Cc3c[nH]c4ccccc34)N12,O=C1CCC[C@H]2OC[C@@H](Cc3c[nH]c4ccccc34)N12,O=C1CCC[C@H]2OC[C@@H](Cc3c[nH]c4ccccc34)N12,True,True,True,,0.6607142857142857,1.0,,,,,2.447800000000001,2.447800000000001,0.0,True,,,,,,,,,,,,,,,,,2.0,2.0,0.0,True
target_oracle,mpair_00000757_cond_01_2p,mpair_00000757,eval,2,"LogP,RB",COc1cccc(-c2cncc(O[C@@H]3CCNC3)c2)c1,Clc1cccc(-c2cncc(O[C@@H]3CCNC3)c2)c1,Clc1cccc(-c2cncc(O[C@@H]3CCNC3)c2)c1,c1ccc(-c2cncc(O[C@@H]3CCNC3)c2)cc1,c1ccc(-c2cncc(O[C@@H]3CCNC3)c2)cc1,True,True,True,,0.7446808510638298,1.0,,,,,3.1427000000000014,3.1427000000000014,0.0,True,,,,,,,,,,,,,,,,,3.0,3.0,0.0,True
target_oracle,mpair_00000759_cond_02_2p,mpair_00000759,eval,2,"MW,LogP",c1ccc(-c2cncc(O[C@@H]3CCNC3)c2)cc1,Clc1cccc(-c2cc(O[C@@H]3CCNC3)cnc2Cl)c1,Clc1cccc(-c2cc(O[C@@H]3CCNC3)cnc2Cl)c1,c1ccc(-c2cncc(O[C@@H]3CCNC3)c2)cc1,c1ccc(-c2cncc(O[C@@H]3CCNC3)c2)cc1,True,True,True,,0.5192307692307693,1.0,309.196,309.196,0.0,True,3.796100000000002,3.796100000000002,0.0,True,,,,,,,,,,,,,,,,,,,,
target_oracle,mpair_00000761_cond_01_2p,mpair_00000761,eval,2,"HBA,RB",c1ccc(-c2cncc(O[C@@H]3CCNC3)c2)cc1,COc1cccc(-c2cncc(O[C@@H]3CCNC3)c2)c1,COc1cccc(-c2cncc(O[C@@H]3CCNC3)c2)c1,c1ccc(-c2cncc(O[C@@H]3CCNC3)c2)cc1,c1ccc(-c2cncc(O[C@@H]3CCNC3)c2)cc1,True,True,True,,0.75,1.0,,,,,,,,,,,,,,,,,,,,,4.0,4.0,0.0,True,4.0,4.0,0.0,True
target_oracle,mpair_00000764_cond_00_2p,mpair_00000764,eval,2,"LogP,QED",Clc1cccc(-c2cc(O[C@@H]3CCNC3)cnc2Cl)c1,Clc1cccc(-c2cncc(O[C@@H]3CCNC3)c2)c1,Clc1cccc(-c2cncc(O[C@@H]3CCNC3)c2)c1,c1ccc(-c2cncc(O[C@@H]3CCNC3)c2)cc1,c1ccc(-c2cncc(O[C@@H]3CCNC3)c2)cc1,True,True,True,,0.68,1.0,,,,,3.1427000000000014,3.1427000000000014,0.0,True,0.9336391660075258,0.9336391660075258,0.0,True,,,,,,,,,,,,,,,,
target_oracle,mpair_00001114_cond_01_2p,mpair_00001114,eval,2,"QED,HBD",COc1ccc(N2CCN(CCC3NC(=O)c4ccccc43)CC2)cc1,COc1ccc(N2CCN(CCC3c4ccccc4C(=O)N3C)CC2)cc1,COc1ccc(N2CCN(CCC3c4ccccc4C(=O)N3C)CC2)cc1,O=C1NC(CCN2CCN(c3ccccc3)CC2)c2ccccc21,O=C1NC(CCN2CCN(c3ccccc3)CC2)c2ccccc21,True,True,True,,0.6545454545454545,1.0,,,,,,,,,0.8160326048332845,0.8160326048332845,0.0,True,,,,,0.0,0.0,0.0,True,,,,,,,,
target_oracle,mpair_00001116_cond_02_2p,mpair_00001116,eval,2,"HBA,RB",COc1ccc(N2CCN(CCC3NC(=O)c4ccccc43)CC2)cc1,O=C1NC(CCN2CCN(c3ccccc3)CC2)c2ccccc21,O=C1NC(CCN2CCN(c3ccccc3)CC2)c2ccccc21,O=C1NC(CCN2CCN(c3ccccc3)CC2)c2ccccc21,O=C1NC(CCN2CCN(c3ccccc3)CC2)c2ccccc21,True,True,True,,0.7708333333333334,1.0,,,,,,,,,,,,,,,,,,,,,3.0,3.0,0.0,True,4.0,4.0,0.0,True
target_oracle,mpair_00001120_cond_00_2p,mpair_00001120,eval,2,"QED,HBD",CN1C(=O)c2ccccc2C1CCN1CCN(c2ccc(Cl)cc2)CC1,Cc1ccc(N2CCN(CCC3NC(=O)c4ccccc43)CC2)cc1C,Cc1ccc(N2CCN(CCC3NC(=O)c4ccccc43)CC2)cc1C,O=C1NC(CCN2CCN(c3ccccc3)CC2)c2ccccc21,O=C1NC(CCN2CCN(c3ccccc3)CC2)c2ccccc21,True,True,True,,0.45901639344262296,1.0,,,,,,,,,0.9198864151307602,0.9198864151307602,0.0,True,,,,,1.0,1.0,0.0,True,,,,,,,,
target_oracle,mpair_00001121_cond_02_2p,mpair_00001121,eval,2,"QED,HBD",O=C1NC(CCN2CCN(c3ccccc3)CC2)c2ccccc21,CN1C(=O)c2ccccc2C1CCN1CCN(c2ccc(Cl)cc2)CC1,CN1C(=O)c2ccccc2C1CCN1CCN(c2ccc(Cl)cc2)CC1,O=C1NC(CCN2CCN(c3ccccc3)CC2)c2ccccc21,O=C1NC(CCN2CCN(c3ccccc3)CC2)c2ccccc21,True,True,True,,0.4909090909090909,1.0,,,,,,,,,0.8221231339252668,0.8221231339252668,0.0,True,,,,,0.0,0.0,0.0,True,,,,,,,,
target_oracle,mpair_00001124_cond_00_2p,mpair_00001124,eval,2,"LogP,RB",COc1ccc(N2CCN(CCC3NC(=O)c4ccccc43)CC2)cc1,Cc1ccc(N2CCN(CCC3NC(=O)c4ccccc43)CC2)cc1C,Cc1ccc(N2CCN(CCC3NC(=O)c4ccccc43)CC2)cc1C,O=C1NC(CCN2CCN(c3ccccc3)CC2)c2ccccc21,O=C1NC(CCN2CCN(c3ccccc3)CC2)c2ccccc21,True,True,True,,0.7037037037037037,1.0,,,,,3.3002400000000023,3.3002400000000023,0.0,True,,,,,,,,,,,,,,,,,4.0,4.0,0.0,True
target_oracle,mpair_00001128_cond_00_2p,mpair_00001128,eval,2,"LogP,RB",CN1C(=O)c2ccccc2C1CCN1CCN(c2ccc(Cl)cc2)CC1,COc1ccc(N2CCN(CCC3c4ccccc4C(=O)N3C)CC2)cc1,COc1ccc(N2CCN(CCC3c4ccccc4C(=O)N3C)CC2)cc1,O=C1NC(CCN2CCN(c3ccccc3)CC2)c2ccccc21,O=C1NC(CCN2CCN(c3ccccc3)CC2)c2ccccc21,True,True,True,,0.76,1.0,,,,,3.034200000000002,3.034200000000002,0.0,True,,,,,,,,,,,,,,,,,5.0,5.0,0.0,True
target_oracle,mpair_00001129_cond_02_2p,mpair_00001129,eval,2,"QED,HBD",Cc1ccc(N2CCN(CCC3NC(=O)c4ccccc43)CC2)cc1C,CN1C(=O)c2ccccc2C1CCN1CCN(c2ccc(Cl)cc2)CC1,CN1C(=O)c2ccccc2C1CCN1CCN(c2ccc(Cl)cc2)CC1,O=C1NC(CCN2CCN(c3ccccc3)CC2)c2ccccc21,O=C1NC(CCN2CCN(c3ccccc3)CC2)c2ccccc21,True,True,True,,0.45901639344262296,1.0,,,,,,,,,0.8221231339252668,0.8221231339252668,0.0,True,,,,,0.0,0.0,0.0,True,,,,,,,,
target_oracle,mpair_00001132_cond_01_2p,mpair_00001132,eval,2,"QED,TPSA",O=C(Cc1ccccc1[N+](=O)[O-])NCCC1CCN(CC2COc3ccccc3O2)CC1,COc1ccccc1CC(=O)NCCC1CCN(CC2COc3ccccc3O2)CC1,COc1ccccc1CC(=O)NCCC1CCN(CC2COc3ccccc3O2)CC1,O=C(Cc1ccccc1)NCCC1CCN(CC2COc3ccccc3O2)CC1,O=C(Cc1ccccc1)NCCC1CCN(CC2COc3ccccc3O2)CC1,True,True,True,,0.7164179104477612,1.0,,,,,,,,,0.7047088784600517,0.7047088784600517,0.0,True,60.03,60.03,0.0,True,,,,,,,,,,,,
target_oracle,mpair_00001135_cond_02_2p,mpair_00001135,eval,2,"MW,LogP",Fc1ccc(N2CCN(c3nc4ccsc4n4cccc34)CC2)cc1,FC(F)(F)c1cccc(N2CCN(c3nc4ccsc4n4cccc34)CC2)c1,FC(F)(F)c1cccc(N2CCN(c3nc4ccsc4n4cccc34)CC2)c1,c1ccc(N2CCN(c3nc4ccsc4n4cccc34)CC2)cc1,c1ccc(N2CCN(c3nc4ccsc4n4cccc34)CC2)cc1,True,True,True,,0.6666666666666666,1.0,402.4450000000001,402.4450000000001,0.0,True,4.894400000000004,4.894400000000004,0.0,True,,,,,,,,,,,,,,,,,,,,
target_oracle,mpair_00001633_cond_01_2p,mpair_00001633,eval,2,"MW,QED",C=CCC1(C(C)C#CCC)C(=O)NC(=O)N(C)C1=O,C=C(Br)CC1(C(C)C)C(=O)NC(=O)N(C)C1=O,C=C(Br)CC1(C(C)C)C(=O)NC(=O)N(C)C1=O,O=C1CC(=O)NC(=O)N1,O=C1CC(=O)NC(=O)N1,True,True,True,,0.42857142857142855,1.0,303.15600000000006,303.15600000000006,0.0,True,,,,,0.8059749860896003,0.8059749860896003,0.0,True,,,,,,,,,,,,,,,,
target_oracle,mpair_00002258_cond_00_2p,mpair_00002258,eval,2,"LogP,QED",Cc1cccc(C)c1NC(=O)c1c(C)n(-c2c(C)cccc2C)c(C)cc1=O,Cc1ccccc1NC(=O)c1c(C)n(-c2ccccc2C)c(C)cc1=O,Cc1ccccc1NC(=O)c1c(C)n(-c2ccccc2C)c(C)cc1=O,O=C(Nc1ccccc1)c1cn(-c2ccccc2)ccc1=O,O=C(Nc1ccccc1)c1cn(-c2ccccc2)ccc1=O,True,True,True,,0.5833333333333334,1.0,,,,,4.3234800000000035,4.3234800000000035,0.0,True,0.7675628277357767,0.7675628277357767,0.0,True,,,,,,,,,,,,,,,,
target_oracle,mpair_00002259_cond_02_2p,mpair_00002259,eval,2,"LogP,QED",Cc1ccccc1NC(=O)c1c(C)n(-c2ccccc2C)c(C)cc1=O,Cc1cccc(C)c1NC(=O)c1c(C)n(-c2c(C)cccc2C)c(C)cc1=O,Cc1cccc(C)c1NC(=O)c1c(C)n(-c2c(C)cccc2C)c(C)cc1=O,O=C(Nc1ccccc1)c1cn(-c2ccccc2)ccc1=O,O=C(Nc1ccccc1)c1cn(-c2ccccc2)ccc1=O,True,True,True,,0.5833333333333334,1.0,,,,,4.940320000000004,4.940320000000004,0.0,True,0.7058233303377046,0.7058233303377046,0.0,True,,,,,,,,,,,,,,,,
target_oracle,mpair_00002372_cond_02_2p,mpair_00002372,eval,2,"HBA,RB",CCCCCNC(=O)Nc1c(SCCCn2cnc(-c3ccccc3)c2C)cccc1N(C)C,CCCCCNC(=O)Nc1c(C)cccc1SCCCn1cnc(-c2ccccc2)c1C,CCCCCNC(=O)Nc1c(C)cccc1SCCCn1cnc(-c2ccccc2)c1C,c1ccc(SCCCn2cnc(-c3ccccc3)c2)cc1,c1ccc(SCCCn2cnc(-c3ccccc3)c2)cc1,True,True,True,,0.8208955223880597,1.0,,,,,,,,,,,,,,,,,,,,,4.0,4.0,0.0,True,11.0,11.0,0.0,True
target_oracle,mpair_00002462_cond_00_2p,mpair_00002462,eval,2,"TPSA,RB",COc1cc(NC(=O)c2cc(OCCCN(C)C)nn2Cc2ccccc2)cc(OC)c1OC,COc1ccc(NC(=O)c2cc(OCCCN(C)C)nn2Cc2ccccc2)cc1,COc1ccc(NC(=O)c2cc(OCCCN(C)C)nn2Cc2ccccc2)cc1,O=C(Nc1ccccc1)c1ccnn1Cc1ccccc1,O=C(Nc1ccccc1)c1ccnn1Cc1ccccc1,True,True,True,,0.7741935483870968,1.0,,,,,,,,,,,,,68.62,68.62,0.0,True,,,,,,,,,10.0,10.0,0.0,True
target_oracle,mpair_00002465_cond_00_2p,mpair_00002465,eval,2,"HBA,RB",CN(C)CCCOc1cc(C(=O)Nc2ccc(OC(F)(F)F)cc2)n(Cc2ccccc2)n1,CN(C)CCCOc1cc(C(=O)Nc2cccc(Cl)c2)n(Cc2ccccc2)n1,CN(C)CCCOc1cc(C(=O)Nc2cccc(Cl)c2)n(Cc2ccccc2)n1,O=C(Nc1ccccc1)c1ccnn1Cc1ccccc1,O=C(Nc1ccccc1)c1ccnn1Cc1ccccc1,True,True,True,,0.696969696969697,1.0,,,,,,,,,,,,,,,,,,,,,5.0,5.0,0.0,True,9.0,9.0,0.0,True
target_oracle,mpair_00002469_cond_01_2p,mpair_00002469,eval,2,"TPSA,HBA",COc1ccc(NC(=O)c2cc(OCCCN(C)C)nn2Cc2ccccc2)cc1,COc1cc(NC(=O)c2cc(OCCCN(C)C)nn2Cc2ccccc2)cc(OC)c1OC,COc1cc(NC(=O)c2cc(OCCCN(C)C)nn2Cc2ccccc2)cc(OC)c1OC,O=C(Nc1ccccc1)c1ccnn1Cc1ccccc1,O=C(Nc1ccccc1)c1ccnn1Cc1ccccc1,True,True,True,,0.7741935483870968,1.0,,,,,,,,,,,,,87.08000000000001,87.08000000000001,0.0,True,,,,,8.0,8.0,0.0,True,,,,
target_oracle,mpair_00002475_cond_01_2p,mpair_00002475,eval,2,"TPSA,RB",CN(C)CCCOc1cc(C(=O)Nc2ccc(OC(F)(F)F)cc2)n(Cc2ccccc2)n1,COc1cc(NC(=O)c2cc(OCCCN(C)C)nn2Cc2ccccc2)cc(OC)c1OC,COc1cc(NC(=O)c2cc(OCCCN(C)C)nn2Cc2ccccc2)cc(OC)c1OC,O=C(Nc1ccccc1)c1ccnn1Cc1ccccc1,O=C(Nc1ccccc1)c1ccnn1Cc1ccccc1,True,True,True,,0.6764705882352942,1.0,,,,,,,,,,,,,87.08000000000001,87.08000000000001,0.0,True,,,,,,,,,12.0,12.0,0.0,True
target_oracle,mpair_00002480_cond_00_2p,mpair_00002480,eval,2,"LogP,QED",CN(C)CCCOc1cc(C(=O)Nc2cc(F)cc(C(F)(F)F)c2)n(Cc2ccccc2)n1,CN(C)CCCOc1cc(C(=O)Nc2cccc(Cl)c2)n(Cc2ccccc2)n1,CN(C)CCCOc1cc(C(=O)Nc2cccc(Cl)c2)n(Cc2ccccc2)n1,O=C(Nc1ccccc1)c1ccnn1Cc1ccccc1,O=C(Nc1ccccc1)c1ccnn1Cc1ccccc1,True,True,True,,0.6764705882352942,1.0,,,,,4.167600000000003,4.167600000000003,0.0,True,0.5357556879239462,0.5357556879239462,0.0,True,,,,,,,,,,,,,,,,
target_oracle,mpair_00002482_cond_02_2p,mpair_00002482,eval,2,"LogP,QED",COc1ccc(NC(=O)c2cc(OCCCN(C)C)nn2Cc2ccccc2)cc1,CN(C)CCCOc1cc(C(=O)Nc2ccc(OC(F)(F)F)cc2)n(Cc2ccccc2)n1,CN(C)CCCOc1cc(C(=O)Nc2ccc(OC(F)(F)F)cc2)n(Cc2ccccc2)n1,O=C(Nc1ccccc1)c1ccnn1Cc1ccccc1,O=C(Nc1ccccc1)c1ccnn1Cc1ccccc1,True,True,True,,0.8064516129032258,1.0,,,,,4.412800000000003,4.412800000000003,0.0,True,0.4522382232340766,0.4522382232340766,0.0,True,,,,,,,,,,,,,,,,
target_oracle,mpair_00002486_cond_02_2p,mpair_00002486,eval,2,"QED,HBA",CN(C)CCCOc1cc(C(=O)Nc2cccc(Cl)c2)n(Cc2ccccc2)n1,CN(C)CCCOc1cc(C(=O)Nc2ccc(OC(F)(F)F)cc2)n(Cc2ccccc2)n1,CN(C)CCCOc1cc(C(=O)Nc2ccc(OC(F)(F)F)cc2)n(Cc2ccccc2)n1,O=C(Nc1ccccc1)c1ccnn1Cc1ccccc1,O=C(Nc1ccccc1)c1ccnn1Cc1ccccc1,True,True,True,,0.696969696969697,1.0,,,,,,,,,0.4522382232340766,0.4522382232340766,0.0,True,,,,,,,,,6.0,6.0,0.0,True,,,,
target_oracle,mpair_00002490_cond_01_2p,mpair_00002490,eval,2,"TPSA,HBA",CCOC(=O)c1cc(C(C)O)cn1S(=O)(=O)c1cc(Cl)ccc1N,C=Cc1cc(C(=O)OCC)n(S(=O)(=O)c2cc(Cl)ccc2N)c1,C=Cc1cc(C(=O)OCC)n(S(=O)(=O)c2cc(Cl)ccc2N)c1,O=S(=O)(c1ccccc1)n1cccc1,O=S(=O)(c1ccccc1)n1cccc1,True,True,True,,0.7192982456140351,1.0,,,,,,,,,,,,,91.39,91.39,0.0,True,,,,,6.0,6.0,0.0,True,,,,
target_oracle,mpair_00002494_cond_01_2p,mpair_00002494,eval,2,"MW,LogP",O=C1C(Nc2ccccc2)=C(Cl)C(=O)c2ncncc21,O=C1C(Nc2cccc(Br)c2)=C(Cl)C(=O)c2ncncc21,O=C1C(Nc2cccc(Br)c2)=C(Cl)C(=O)c2ncncc21,O=C1C(Nc2ccccc2)=CC(=O)c2ncncc21,O=C1C(Nc2ccccc2)=CC(=O)c2ncncc21,True,True,True,,0.7272727272727273,1.0,364.58600000000007,364.58600000000007,0.0,True,3.180600000000001,3.180600000000001,0.0,True,,,,,,,,,,,,,,,,,,,,
target_oracle,mpair_00002496_cond_00_2p,mpair_00002496,eval,2,"MW,LogP",O=C1C(Nc2ccccc2)=C(Cl)C(=O)c2ncncc21,O=C1C(Nc2ccc(Br)cc2)=C(Cl)C(=O)c2ncncc21,O=C1C(Nc2ccc(Br)cc2)=C(Cl)C(=O)c2ncncc21,O=C1C(Nc2ccccc2)=CC(=O)c2ncncc21,O=C1C(Nc2ccccc2)=CC(=O)c2ncncc21,True,True,True,,0.7560975609756098,1.0,364.58600000000007,364.58600000000007,0.0,True,3.180600000000001,3.180600000000001,0.0,True,,,,,,,,,,,,,,,,,,,,
target_oracle,mpair_00002497_cond_02_2p,mpair_00002497,eval,2,"MW,LogP",O=C1C(Nc2ccc(Br)cc2)=C(Cl)C(=O)c2ncncc21,O=C1C(Nc2ccccc2)=C(Cl)C(=O)c2ncncc21,O=C1C(Nc2ccccc2)=C(Cl)C(=O)c2ncncc21,O=C1C(Nc2ccccc2)=CC(=O)c2ncncc21,O=C1C(Nc2ccccc2)=CC(=O)c2ncncc21,True,True,True,,0.7560975609756098,1.0,285.69,285.69,0.0,True,2.4181,2.4181,0.0,True,,,,,,,,,,,,,,,,,,,,
target_oracle,mpair_00002501_cond_01_2p,mpair_00002501,eval,2,"LogP,RB",CCc1ccc(NC2=C(Cl)C(=O)c3ncncc3C2=O)cc1,O=C1C(Nc2ccccc2)=C(Cl)C(=O)c2ncncc21,O=C1C(Nc2ccccc2)=C(Cl)C(=O)c2ncncc21,O=C1C(Nc2ccccc2)=CC(=O)c2ncncc21,O=C1C(Nc2ccccc2)=CC(=O)c2ncncc21,True,True,True,,0.7045454545454546,1.0,,,,,2.4181,2.4181,0.0,True,,,,,,,,,,,,,,,,,2.0,2.0,0.0,True
target_oracle,mpair_00002504_cond_01_2p,mpair_00002504,eval,2,"HBA,RB",COc1ccc(C(=O)CN2c3ccccc3C(=O)N(Cc3ccccc3)S2(=O)=O)cc1,Cc1ccc(C(=O)CN2c3ccccc3C(=O)N(Cc3ccccc3)S2(=O)=O)cc1,Cc1ccc(C(=O)CN2c3ccccc3C(=O)N(Cc3ccccc3)S2(=O)=O)cc1,O=C(CN1c2ccccc2C(=O)N(Cc2ccccc2)S1(=O)=O)c1ccccc1,O=C(CN1c2ccccc2C(=O)N(Cc2ccccc2)S1(=O)=O)c1ccccc1,True,True,True,,0.7843137254901961,1.0,,,,,,,,,,,,,,,,,,,,,4.0,4.0,0.0,True,5.0,5.0,0.0,True
target_oracle,mpair_00002506_cond_02_2p,mpair_00002506,eval,2,"HBA,RB",Cc1ccc(C(=O)CN2c3ccccc3C(=O)N(Cc3ccccc3)S2(=O)=O)cc1,COc1ccc(C(=O)CN2c3ccccc3C(=O)N(Cc3ccccc3)S2(=O)=O)cc1,COc1ccc(C(=O)CN2c3ccccc3C(=O)N(Cc3ccccc3)S2(=O)=O)cc1,O=C(CN1c2ccccc2C(=O)N(Cc2ccccc2)S1(=O)=O)c1ccccc1,O=C(CN1c2ccccc2C(=O)N(Cc2ccccc2)S1(=O)=O)c1ccccc1,True,True,True,,0.7843137254901961,1.0,,,,,,,,,,,,,,,,,,,,,5.0,5.0,0.0,True,6.0,6.0,0.0,True
target_oracle,mpair_00002514_cond_02_2p,mpair_00002514,eval,2,"MW,QED",CSc1cc(-c2ccc(Cl)cc2)oc(=O)c1Br,CSc1cc(-c2ccc(Cl)cc2)oc(=O)c1C(N)=O,CSc1cc(-c2ccc(Cl)cc2)oc(=O)c1C(N)=O,O=c1cccc(-c2ccccc2)o1,O=c1cccc(-c2ccccc2)o1,True,True,True,,0.627906976744186,1.0,295.747,295.747,0.0,True,,,,,0.8837306867126842,0.8837306867126842,0.0,True,,,,,,,,,,,,,,,,
target_oracle,mpair_00002517_cond_02_2p,mpair_00002517,eval,2,"MW,LogP",CSc1cc(-c2ccc(Cl)cc2)oc(=O)c1Br,CSc1cc(-c2ccc(Cl)cc2)oc(=O)c1,CSc1cc(-c2ccc(Cl)cc2)oc(=O)c1,O=c1cccc(-c2ccccc2)o1,O=c1cccc(-c2ccccc2)o1,True,True,True,,0.5365853658536586,1.0,252.72199999999998,252.72199999999998,0.0,True,3.682100000000002,3.682100000000002,0.0,True,,,,,,,,,,,,,,,,,,,,
target_oracle,mpair_00002530_cond_00_2p,mpair_00002530,eval,2,"MW,LogP",CSc1cc(-c2ccc(Cl)cc2)oc(=O)c1,CSc1cc(-c2ccc(Cl)cc2)oc(=O)c1Br,CSc1cc(-c2ccc(Cl)cc2)oc(=O)c1Br,O=c1cccc(-c2ccccc2)o1,O=c1cccc(-c2ccccc2)o1,True,True,True,,0.5365853658536586,1.0,331.61799999999994,331.61799999999994,0.0,True,4.444600000000001,4.444600000000001,0.0,True,,,,,,,,,,,,,,,,,,,,
target_oracle,mpair_00002538_cond_00_2p,mpair_00002538,eval,2,"MW,LogP",CSc1cc(-c2ccc(Br)cc2)oc(=O)c1Cl,CSc1cc(-c2ccc(Cl)cc2)oc(=O)c1,CSc1cc(-c2ccc(Cl)cc2)oc(=O)c1,O=c1cccc(-c2ccccc2)o1,O=c1cccc(-c2ccccc2)o1,True,True,True,,0.4318181818181818,1.0,252.72199999999998,252.72199999999998,0.0,True,3.682100000000002,3.682100000000002,0.0,True,,,,,,,,,,,,,,,,,,,,
target_oracle,mpair_00002546_cond_02_2p,mpair_00002546,eval,2,"LogP,TPSA",CSc1cc(-c2ccc(Br)cc2)oc(=O)c1Br,CSc1cc(-c2ccc(Br)cc2)oc(=O)c1C#N,CSc1cc(-c2ccc(Br)cc2)oc(=O)c1C#N,O=c1cccc(-c2ccccc2)o1,O=c1cccc(-c2ccccc2)o1,True,True,True,,0.675,1.0,,,,,3.662880000000002,3.662880000000002,0.0,True,,,,,54.0,54.0,0.0,True,,,,,,,,,,,,
target_oracle,mpair_00002556_cond_00_2p,mpair_00002556,eval,2,"MW,QED",CN(C(=O)n1nc(-c2ccc(Cl)cc2)nc1SCC(F)(F)F)c1ccccc1,CSc1nc(-c2ccc(Cl)cc2)nn1C(=O)N(C)c1ccccc1,CSc1nc(-c2ccc(Cl)cc2)nn1C(=O)N(C)c1ccccc1,O=C(Nc1ccccc1)n1cnc(-c2ccccc2)n1,O=C(Nc1ccccc1)n1cnc(-c2ccccc2)n1,True,True,True,,0.7222222222222222,1.0,358.85400000000004,358.85400000000004,0.0,True,,,,,0.6499636794176425,0.6499636794176425,0.0,True,,,,,,,,,,,,,,,,
target_oracle,mpair_00002559_cond_01_2p,mpair_00002559,eval,2,"LogP,QED",CN(C(=O)n1nc(-c2ccc(Cl)cc2)nc1SCC(F)(F)F)c1ccccc1,CSc1nc(-c2ccc(C)cc2)nn1C(=O)N(C)c1ccccc1,CSc1nc(-c2ccc(C)cc2)nn1C(=O)N(C)c1ccccc1,O=C(Nc1ccccc1)n1cnc(-c2ccccc2)n1,O=C(Nc1ccccc1)n1cnc(-c2ccccc2)n1,True,True,True,,0.5862068965517241,1.0,,,,,4.079920000000002,4.079920000000002,0.0,True,0.6753188675979567,0.6753188675979567,0.0,True,,,,,,,,,,,,,,,,
target_oracle,mpair_00002562_cond_01_2p,mpair_00002562,eval,2,"LogP,RB",CSc1nc(-c2ccc(Cl)cc2)nn1C(=O)N(C)c1ccccc1,CN(C(=O)n1nc(-c2ccc(Cl)cc2)nc1SCC(F)(F)F)c1ccccc1,CN(C(=O)n1nc(-c2ccc(Cl)cc2)nc1SCC(F)(F)F)c1ccccc1,O=C(Nc1ccccc1)n1cnc(-c2ccccc2)n1,O=C(Nc1ccccc1)n1cnc(-c2ccccc2)n1,True,True,True,,0.7222222222222222,1.0,,,,,5.357400000000003,5.357400000000003,0.0,True,,,,,,,,,,,,,,,,,4.0,4.0,0.0,True
target_oracle,mpair_00002565_cond_01_2p,mpair_00002565,eval,2,"LogP,HBA",CSc1nc(-c2ccc(OC(F)(F)F)cc2)nn1C(=O)N(C)c1ccccc1,CSc1nc(-c2ccc(C)cc2)nn1C(=O)N(C)c1ccccc1,CSc1nc(-c2ccc(C)cc2)nn1C(=O)N(C)c1ccccc1,O=C(Nc1ccccc1)n1cnc(-c2ccccc2)n1,O=C(Nc1ccccc1)n1cnc(-c2ccccc2)n1,True,True,True,,0.7169811320754716,1.0,,,,,4.079920000000002,4.079920000000002,0.0,True,,,,,,,,,,,,,5.0,5.0,0.0,True,,,,
target_oracle,mpair_00002567_cond_01_2p,mpair_00002567,eval,2,"HBD,RB",COc1cc(C(=O)N2CCN(C(=O)c3cc(OC)c(OC)c(OC)c3)C(COC(=O)NCCC(C)C)C2)cc(OC)c1OC,CCN(CC)C(=O)OCC1CN(C(=O)c2cc(OC)c(OC)c(OC)c2)CCN1C(=O)c1cc(OC)c(OC)c(OC)c1,CCN(CC)C(=O)OCC1CN(C(=O)c2cc(OC)c(OC)c(OC)c2)CCN1C(=O)c1cc(OC)c(OC)c(OC)c1,O=C(c1ccccc1)N1CCN(C(=O)c2ccccc2)CC1,O=C(c1ccccc1)N1CCN(C(=O)c2ccccc2)CC1,True,True,True,,0.6451612903225806,1.0,,,,,,,,,,,,,,,,,0.0,0.0,0.0,True,,,,,12.0,12.0,0.0,True
target_oracle,mpair_00002571_cond_01_2p,mpair_00002571,eval,2,"HBD,RB",CCN(CC)C(=O)OCC1CN(C(=O)c2cc(OC)c(OC)c(OC)c2)CCN1C(=O)c1cc(OC)c(OC)c(OC)c1,COc1cc(C(=O)N2CCN(C(=O)c3cc(OC)c(OC)c(OC)c3)C(COC(=O)NCCC(C)C)C2)cc(OC)c1OC,COc1cc(C(=O)N2CCN(C(=O)c3cc(OC)c(OC)c(OC)c3)C(COC(=O)NCCC(C)C)C2)cc(OC)c1OC,O=C(c1ccccc1)N1CCN(C(=O)c2ccccc2)CC1,O=C(c1ccccc1)N1CCN(C(=O)c2ccccc2)CC1,True,True,True,,0.6451612903225806,1.0,,,,,,,,,,,,,,,,,1.0,1.0,0.0,True,,,,,13.0,13.0,0.0,True
target_oracle,mpair_00002574_cond_01_2p,mpair_00002574,eval,2,"LogP,RB",COc1cc(C(=O)N2CCN(C(=O)c3cc(OC)c(OC)c(OC)c3)C(COC(=O)CC(C)(C)C)C2)cc(OC)c1OC,CCN(CC)C(=O)OCC1CN(C(=O)c2cc(OC)c(OC)c(OC)c2)CCN1C(=O)c1cc(OC)c(OC)c(OC)c1,CCN(CC)C(=O)OCC1CN(C(=O)c2cc(OC)c(OC)c(OC)c2)CCN1C(=O)c1cc(OC)c(OC)c(OC)c1,O=C(c1ccccc1)N1CCN(C(=O)c2ccccc2)CC1,O=C(c1ccccc1)N1CCN(C(=O)c2ccccc2)CC1,True,True,True,,0.6896551724137931,1.0,,,,,3.1834000000000024,3.1834000000000024,0.0,True,,,,,,,,,,,,,,,,,12.0,12.0,0.0,True
target_oracle,mpair_00002577_cond_00_2p,mpair_00002577,eval,2,"HBD,RB",COc1cc(C(=O)N2CCN(C(=O)c3cc(OC)c(OC)c(OC)c3)C(COC(=O)NCCC(C)C)C2)cc(OC)c1OC,COc1cc(C(=O)N2CCN(C(=O)c3cc(OC)c(OC)c(OC)c3)C(COC(=O)CC(C)(C)C)C2)cc(OC)c1OC,COc1cc(C(=O)N2CCN(C(=O)c3cc(OC)c(OC)c(OC)c3)C(COC(=O)CC(C)(C)C)C2)cc(OC)c1OC,O=C(c1ccccc1)N1CCN(C(=O)c2ccccc2)CC1,O=C(c1ccccc1)N1CCN(C(=O)c2ccccc2)CC1,True,True,True,,0.6451612903225806,1.0,,,,,,,,,,,,,,,,,0.0,0.0,0.0,True,,,,,11.0,11.0,0.0,True
target_oracle,mpair_00002578_cond_02_2p,mpair_00002578,eval,2,"LogP,RB",CCN(CC)C(=O)OCC1CN(C(=O)c2cc(OC)c(OC)c(OC)c2)CCN1C(=O)c1cc(OC)c(OC)c(OC)c1,COc1cc(C(=O)N2CCN(C(=O)c3cc(OC)c(OC)c(OC)c3)C(COC(=O)CC(C)(C)C)C2)cc(OC)c1OC,COc1cc(C(=O)N2CCN(C(=O)c3cc(OC)c(OC)c(OC)c3)C(COC(=O)CC(C)(C)C)C2)cc(OC)c1OC,O=C(c1ccccc1)N1CCN(C(=O)c2ccccc2)CC1,O=C(c1ccccc1)N1CCN(C(=O)c2ccccc2)CC1,True,True,True,,0.6896551724137931,1.0,,,,,3.684400000000003,3.684400000000003,0.0,True,,,,,,,,,,,,,,,,,11.0,11.0,0.0,True
target_oracle,mpair_00002589_cond_00_2p,mpair_00002589,eval,2,"QED,HBA",COc1cc(C(=O)N2CCN(C(=O)c3cc(OC)c(OC)c(OC)c3)C(CO)C2)cc(OC)c1OC,CCN(CC)C(=O)OCC1CN(C(=O)c2cc(OC)c(OC)c(OC)c2)CCN1C(=O)c1cc(OC)c(OC)c(OC)c1,CCN(CC)C(=O)OCC1CN(C(=O)c2cc(OC)c(OC)c(OC)c2)CCN1C(=O)c1cc(OC)c(OC)c(OC)c1,O=C(c1ccccc1)N1CCN(C(=O)c2ccccc2)CC1,O=C(c1ccccc1)N1CCN(C(=O)c2ccccc2)CC1,True,True,True,,0.6792452830188679,1.0,,,,,,,,,0.3571777118480848,0.3571777118480848,0.0,True,,,,,,,,,10.0,10.0,0.0,True,,,,
target_oracle,mpair_00002597_cond_01_2p,mpair_00002597,eval,2,"MW,LogP",COc1ccc(C(=O)Nc2c(Cl)cncc2Cl)c2ccc(C(C)=O)nc12,COc1ccc(C(=O)Nc2ccncc2Cl)c2cccnc12,COc1ccc(C(=O)Nc2ccncc2Cl)c2cccnc12,O=C(Nc1ccncc1)c1cccc2ncccc12,O=C(Nc1ccncc1)c1cccc2ncccc12,True,True,True,,0.5081967213114754,1.0,313.744,313.744,0.0,True,3.544100000000002,3.544100000000002,0.0,True,,,,,,,,,,,,,,,,,,,,
target_oracle,mpair_00002599_cond_02_2p,mpair_00002599,eval,2,"TPSA,HBA",COc1ccc(C(=O)Nc2c(Cl)cncc2Cl)c2ccc(C(C)=O)nc12,CCc1ccc2c(C(=O)Nc3c(Cl)cncc3Cl)ccc(OC)c2n1,CCc1ccc2c(C(=O)Nc3c(Cl)cncc3Cl)ccc(OC)c2n1,O=C(Nc1ccncc1)c1cccc2ncccc12,O=C(Nc1ccncc1)c1cccc2ncccc12,True,True,True,,0.7222222222222222,1.0,,,,,,,,,,,,,64.11,64.11,0.0,True,,,,,4.0,4.0,0.0,True,,,,
target_oracle,mpair_00002603_cond_00_2p,mpair_00002603,eval,2,"LogP,HBD",COc1ccc(C(=O)Nc2c(Cl)cncc2Cl)c2ccc(C(C)O)nc12,CCc1ccc2c(C(=O)Nc3c(Cl)cncc3Cl)ccc(OC)c2n1,CCc1ccc2c(C(=O)Nc3c(Cl)cncc3Cl)ccc(OC)c2n1,O=C(Nc1ccncc1)c1cccc2ncccc12,O=C(Nc1ccncc1)c1cccc2ncccc12,True,True,True,,0.6964285714285714,1.0,,,,,4.759900000000003,4.759900000000003,0.0,True,,,,,,,,,1.0,1.0,0.0,True,,,,,,,,
target_oracle,mpair_00002608_cond_00_2p,mpair_00002608,eval,2,"MW,LogP",COc1ccc(C(=O)Nc2ccncc2Cl)c2cccnc12,COc1ccc(C(=O)Nc2c(F)cncc2F)c2ccc(C(F)(F)F)nc12,COc1ccc(C(=O)Nc2c(F)cncc2F)c2ccc(C(F)(F)F)nc12,O=C(Nc1ccncc1)c1cccc2ncccc12,O=C(Nc1ccncc1)c1cccc2ncccc12,True,True,True,,0.4090909090909091,1.0,383.276,383.276,0.0,True,4.187700000000001,4.187700000000001,0.0,True,,,,,,,,,,,,,,,,,,,,
target_oracle,mpair_00002611_cond_02_2p,mpair_00002611,eval,2,"QED,TPSA",COc1ccc(C(=O)Nc2ccncc2Cl)c2ccc(C(F)(F)F)nc12,COc1ccc(C(=O)Nc2c(Cl)cncc2Cl)c2ccc(C(C)=O)nc12,COc1ccc(C(=O)Nc2c(Cl)cncc2Cl)c2ccc(C(C)=O)nc12,O=C(Nc1ccncc1)c1cccc2ncccc12,O=C(Nc1ccncc1)c1cccc2ncccc12,True,True,True,,0.5396825396825397,1.0,,,,,,,,,0.6681926051832562,0.6681926051832562,0.0,True,81.17999999999999,81.17999999999999,0.0,True,,,,,,,,,,,,
target_oracle,mpair_00002615_cond_00_2p,mpair_00002615,eval,2,"MW,QED",COc1ccc(C(=O)Nc2c(F)cncc2F)c2ccc(C(F)(F)F)nc12,COc1ccc(C(=O)Nc2c(Cl)cncc2Cl)c2cccnc12,COc1ccc(C(=O)Nc2c(Cl)cncc2Cl)c2cccnc12,O=C(Nc1ccncc1)c1cccc2ncccc12,O=C(Nc1ccncc1)c1cccc2ncccc12,True,True,True,,0.4918032786885246,1.0,348.1890000000001,348.1890000000001,0.0,True,,,,,0.7706046174674384,0.7706046174674384,0.0,True,,,,,,,,,,,,,,,,
target_oracle,mpair_00002619_cond_00_2p,mpair_00002619,eval,2,"TPSA,RB",COc1ccc(C(=O)Nc2c(Cl)cncc2Cl)c2ccc(C(C)O)nc12,COc1ccc(C(=O)Nc2ccncc2Cl)c2ccc(C(F)(F)F)nc12,COc1ccc(C(=O)Nc2ccncc2Cl)c2ccc(C(F)(F)F)nc12,O=C(Nc1ccncc1)c1cccc2ncccc12,O=C(Nc1ccncc1)c1cccc2ncccc12,True,True,True,,0.5230769230769231,1.0,,,,,,,,,,,,,64.11,64.11,0.0,True,,,,,,,,,3.0,3.0,0.0,True
target_oracle,mpair_00002623_cond_00_2p,mpair_00002623,eval,2,"LogP,RB",COc1ccc(C(=O)Nc2c(F)cncc2F)c2ccc(C(F)(F)F)nc12,CCc1ccc2c(C(=O)Nc3c(Cl)cncc3Cl)ccc(OC)c2n1,CCc1ccc2c(C(=O)Nc3c(Cl)cncc3Cl)ccc(OC)c2n1,O=C(Nc1ccncc1)c1cccc2ncccc12,O=C(Nc1ccncc1)c1cccc2ncccc12,True,True,True,,0.5409836065573771,1.0,,,,,4.759900000000003,4.759900000000003,0.0,True,,,,,,,,,,,,,,,,,4.0,4.0,0.0,True
target_oracle,mpair_00002626_cond_01_2p,mpair_00002626,eval,2,"LogP,QED",COc1ccc(C(=O)Nc2c(F)cncc2F)c2ccc(C(F)(F)F)nc12,COc1ccc(C(=O)Nc2ccncc2Cl)c2cccnc12,COc1ccc(C(=O)Nc2ccncc2Cl)c2cccnc12,O=C(Nc1ccncc1)c1cccc2ncccc12,O=C(Nc1ccncc1)c1cccc2ncccc12,True,True,True,,0.4090909090909091,1.0,,,,,3.544100000000002,3.544100000000002,0.0,True,0.8029165077767629,0.8029165077767629,0.0,True,,,,,,,,,,,,,,,,
target_oracle,mpair_00003108_cond_00_2p,mpair_00003108,eval,2,"LogP,QED",CN1CCC[C@H]1COc1ccc(Cl)nn1,CN1CCC[C@H]1COc1cccnn1,CN1CCC[C@H]1COc1cccnn1,c1cnnc(OC[C@@H]2CCCN2)c1,c1cnnc(OC[C@@H]2CCCN2)c1,True,True,True,,0.6511627906976745,1.0,,,,,0.9495999999999998,0.9495999999999998,0.0,True,0.7160423680458043,0.7160423680458043,0.0,True,,,,,,,,,,,,,,,,
target_oracle,mpair_00003109_cond_02_2p,mpair_00003109,eval,2,"LogP,QED",CN1CCC[C@H]1COc1cccnn1,CN1CCC[C@H]1COc1ccc(Cl)nn1,CN1CCC[C@H]1COc1ccc(Cl)nn1,c1cnnc(OC[C@@H]2CCCN2)c1,c1cnnc(OC[C@@H]2CCCN2)c1,True,True,True,,0.6511627906976745,1.0,,,,,1.6029999999999998,1.6029999999999998,0.0,True,0.7864914737289573,0.7864914737289573,0.0,True,,,,,,,,,,,,,,,,
target_oracle,mpair_00003111_cond_01_2p,mpair_00003111,eval,2,"QED,RB",Cc1nc2nnc(C(C)(C)C)nn2c(=O)c1C,CCCCc1nnc2nc(C)c(C)c(=O)n2n1,CCCCc1nnc2nc(C)c(C)c(=O)n2n1,O=c1ccnc2nncnn12,O=c1ccnc2nncnn12,True,True,True,,0.5238095238095238,1.0,,,,,,,,,0.7849999676400611,0.7849999676400611,0.0,True,,,,,,,,,,,,,3.0,3.0,0.0,True
target_oracle,mpair_00003113_cond_02_2p,mpair_00003113,eval,2,"MW,RB",Cc1nc2nncnn2c(=O)c1C,CCCCc1nnc2nc(C)c(C)c(=O)n2n1,CCCCc1nnc2nc(C)c(C)c(=O)n2n1,O=c1ccnc2nncnn12,O=c1ccnc2nncnn12,True,True,True,,0.4418604651162791,1.0,233.275,233.275,0.0,True,,,,,,,,,,,,,,,,,,,,,3.0,3.0,0.0,True
target_oracle,mpair_00003202_cond_01_2p,mpair_00003202,eval,2,"TPSA,HBA",O=C(OCc1ccc(-c2ccccc2)cc1)n1cccn1,N#Cc1cnn(C(=O)OCc2ccc(-c3ccccc3)cc2)c1,N#Cc1cnn(C(=O)OCc2ccc(-c3ccccc3)cc2)c1,O=C(OCc1ccc(-c2ccccc2)cc1)n1cccn1,O=C(OCc1ccc(-c2ccccc2)cc1)n1cccn1,True,True,True,,0.5833333333333334,1.0,,,,,,,,,,,,,67.91,67.91,0.0,True,,,,,5.0,5.0,0.0,True,,,,
target_oracle,mpair_00003204_cond_00_2p,mpair_00003204,eval,2,"TPSA,HBA",Cc1cnn(C(=O)OCc2ccc(-c3ccccc3)cc2)c1,N#Cc1cnn(C(=O)OCc2ccc(-c3ccccc3)cc2)c1,N#Cc1cnn(C(=O)OCc2ccc(-c3ccccc3)cc2)c1,O=C(OCc1ccc(-c2ccccc2)cc1)n1cccn1,O=C(OCc1ccc(-c2ccccc2)cc1)n1cccn1,True,True,True,,0.6808510638297872,1.0,,,,,,,,,,,,,67.91,67.91,0.0,True,,,,,5.0,5.0,0.0,True,,,,
target_oracle,mpair_00003205_cond_02_2p,mpair_00003205,eval,2,"TPSA,HBA",N#Cc1cnn(C(=O)OCc2ccc(-c3ccccc3)cc2)c1,O=C(OCc1ccc(-c2ccccc2)cc1)n1cccn1,O=C(OCc1ccc(-c2ccccc2)cc1)n1cccn1,O=C(OCc1ccc(-c2ccccc2)cc1)n1cccn1,O=C(OCc1ccc(-c2ccccc2)cc1)n1cccn1,True,True,True,,0.5833333333333334,1.0,,,,,,,,,,,,,44.120000000000005,44.120000000000005,0.0,True,,,,,4.0,4.0,0.0,True,,,,
target_oracle,mpair_00003209_cond_00_2p,mpair_00003209,eval,2,"QED,TPSA",NC(=S)N/N=C/c1cccc(OCc2ccc3no[n+]([O-])c3c2)c1,NC(=O)N/N=C\c1ccccc1OCc1ccc2no[n+]([O-])c2c1,NC(=O)N/N=C\c1ccccc1OCc1ccc2no[n+]([O-])c2c1,c1ccc(OCc2ccc3no[nH+]c3c2)cc1,c1ccc(OCc2ccc3no[nH+]c3c2)cc1,True,True,True,,0.5882352941176471,1.0,,,,,,,,,0.4106849547701945,0.4106849547701945,0.0,True,129.68,129.68,0.0,True,,,,,,,,,,,,
target_oracle,mpair_00003212_cond_01_2p,mpair_00003212,eval,2,"HBD,RB",CC(C)NC(=O)c1ccc2c(Nc3ccc(Cl)cc3)nc(N3CCOCC3)nc2c1,COC(=O)c1ccc2c(Nc3ccc(Cl)cc3)nc(N3CCOCC3)nc2c1,COC(=O)c1ccc2c(Nc3ccc(Cl)cc3)nc(N3CCOCC3)nc2c1,c1ccc(Nc2nc(N3CCOCC3)nc3ccccc23)cc1,c1ccc(Nc2nc(N3CCOCC3)nc3ccccc23)cc1,True,True,True,,0.7833333333333333,1.0,,,,,,,,,,,,,,,,,1.0,1.0,0.0,True,,,,,4.0,4.0,0.0,True
target_oracle,mpair_00003216_cond_01_2p,mpair_00003216,eval,2,"HBD,HBA",COC(=O)c1ccc2c(Nc3ccc(Cl)cc3)nc(N3CCOCC3)nc2c1,CC(C)NC(=O)c1ccc2c(Nc3ccc(Cl)cc3)nc(N3CCOCC3)nc2c1,CC(C)NC(=O)c1ccc2c(Nc3ccc(Cl)cc3)nc(N3CCOCC3)nc2c1,c1ccc(Nc2nc(N3CCOCC3)nc3ccccc23)cc1,c1ccc(Nc2nc(N3CCOCC3)nc3ccccc23)cc1,True,True,True,,0.7833333333333333,1.0,,,,,,,,,,,,,,,,,2.0,2.0,0.0,True,6.0,6.0,0.0,True,,,,
target_oracle,mpair_00003224_cond_00_2p,mpair_00003224,eval,2,"QED,RB",COCCCN(/C(S)=C1/C(=O)c2cc(Cl)ccc2N(C)C1=O)c1ccccc1,COc1ccc(N(C)/C(S)=C2/C(=O)c3cc(Cl)ccc3N(C)C2=O)cc1,COc1ccc(N(C)/C(S)=C2/C(=O)c3cc(Cl)ccc3N(C)C2=O)cc1,O=C1Nc2ccccc2C(=O)/C1=C/Nc1ccccc1,O=C1Nc2ccccc2C(=O)/C1=C/Nc1ccccc1,True,True,True,,0.5625,1.0,,,,,,,,,0.4935411914533051,0.4935411914533051,0.0,True,,,,,,,,,,,,,3.0,3.0,0.0,True
target_oracle,mpair_00003225_cond_02_2p,mpair_00003225,eval,2,"QED,RB",COCCCN(/C(S)=C1/C(=O)c2cc(Cl)ccc2N(C)C1=O)c1ccccc1,COc1cccc(N(C)/C(S)=C2/C(=O)c3cc(Cl)ccc3N(C)C2=O)c1,COc1cccc(N(C)/C(S)=C2/C(=O)c3cc(Cl)ccc3N(C)C2=O)c1,O=C1Nc2ccccc2C(=O)/C1=C/Nc1ccccc1,O=C1Nc2ccccc2C(=O)/C1=C/Nc1ccccc1,True,True,True,,0.5846153846153846,1.0,,,,,,,,,0.4935411914533051,0.4935411914533051,0.0,True,,,,,,,,,,,,,3.0,3.0,0.0,True
target_oracle,mpair_00003227_cond_01_2p,mpair_00003227,eval,2,"QED,RB",COc1ccc(N(C)/C(S)=C2/C(=O)c3cc(Cl)ccc3N(C)C2=O)cc1,COCCCN(/C(S)=C1/C(=O)c2cc(Cl)ccc2N(C)C1=O)c1ccccc1,COCCCN(/C(S)=C1/C(=O)c2cc(Cl)ccc2N(C)C1=O)c1ccccc1,O=C1Nc2ccccc2C(=O)/C1=C/Nc1ccccc1,O=C1Nc2ccccc2C(=O)/C1=C/Nc1ccccc1,True,True,True,,0.5625,1.0,,,,,,,,,0.3319041471572704,0.3319041471572704,0.0,True,,,,,,,,,,,,,6.0,6.0,0.0,True
target_oracle,mpair_00003531_cond_00_2p,mpair_00003531,eval,2,"TPSA,HBA",CC(C)Oc1cccc(N(Cc2cccnc2)S(=O)(=O)CC(F)(F)F)c1,CCOC(=O)C(C)Oc1cccc(N(Cc2cccnc2)S(=O)(=O)CC(F)(F)F)c1,CCOC(=O)C(C)Oc1cccc(N(Cc2cccnc2)S(=O)(=O)CC(F)(F)F)c1,c1ccc(NCc2cccnc2)cc1,c1ccc(NCc2cccnc2)cc1,True,True,True,,0.7796610169491526,1.0,,,,,,,,,,,,,85.80000000000001,85.80000000000001,0.0,True,,,,,6.0,6.0,0.0,True,,,,
target_oracle,mpair_00003534_cond_02_2p,mpair_00003534,eval,2,"QED,RB",O=S(=O)(CC(F)(F)F)N(Cc1cccnc1)c1cccc(OC(F)(F)F)c1,CC(C)Oc1cccc(N(Cc2cccnc2)S(=O)(=O)CC(F)(F)F)c1,CC(C)Oc1cccc(N(Cc2cccnc2)S(=O)(=O)CC(F)(F)F)c1,c1ccc(NCc2cccnc2)cc1,c1ccc(NCc2cccnc2)cc1,True,True,True,,0.7777777777777778,1.0,,,,,,,,,0.7245796953652621,0.7245796953652621,0.0,True,,,,,,,,,,,,,7.0,7.0,0.0,True
target_oracle,mpair_00003538_cond_02_2p,mpair_00003538,eval,2,"LogP,HBA",CCC(C)COc1cccc(N(Cc2cccnc2)S(=O)(=O)CC(F)(F)F)c1,CCOC(=O)C(C)Oc1cccc(N(Cc2cccnc2)S(=O)(=O)CC(F)(F)F)c1,CCOC(=O)C(C)Oc1cccc(N(Cc2cccnc2)S(=O)(=O)CC(F)(F)F)c1,c1ccc(NCc2cccnc2)cc1,c1ccc(NCc2cccnc2)cc1,True,True,True,,0.6923076923076923,1.0,,,,,3.3107000000000024,3.3107000000000024,0.0,True,,,,,,,,,,,,,6.0,6.0,0.0,True,,,,
target_oracle,mpair_00003542_cond_01_2p,mpair_00003542,eval,2,"QED,RB",CC(C)COc1cccc(N(Cc2cccnc2)S(=O)(=O)CC(F)(F)F)c1,CCC(C)COc1cccc(N(Cc2cccnc2)S(=O)(=O)CC(F)(F)F)c1,CCC(C)COc1cccc(N(Cc2cccnc2)S(=O)(=O)CC(F)(F)F)c1,c1ccc(NCc2cccnc2)cc1,c1ccc(NCc2cccnc2)cc1,True,True,True,,0.8421052631578947,1.0,,,,,,,,,0.6078002459089881,0.6078002459089881,0.0,True,,,,,,,,,,,,,9.0,9.0,0.0,True
target_oracle,mpair_00003544_cond_00_2p,mpair_00003544,eval,2,"LogP,RB",CC(C)COc1cccc(N(Cc2cccnc2)S(=O)(=O)CC(F)(F)F)c1,CCCC(C)Oc1cccc(N(Cc2cccnc2)S(=O)(=O)CC(F)(F)F)c1,CCCC(C)Oc1cccc(N(Cc2cccnc2)S(=O)(=O)CC(F)(F)F)c1,c1ccc(NCc2cccnc2)cc1,c1ccc(NCc2cccnc2)cc1,True,True,True,,0.7213114754098361,1.0,,,,,4.547700000000003,4.547700000000003,0.0,True,,,,,,,,,,,,,,,,,9.0,9.0,0.0,True
target_oracle,mpair_00003547_cond_00_2p,mpair_00003547,eval,2,"QED,RB",CCC(C)COc1cccc(N(Cc2cccnc2)S(=O)(=O)CC(F)(F)F)c1,CC(C)COc1cccc(N(Cc2cccnc2)S(=O)(=O)CC(F)(F)F)c1,CC(C)COc1cccc(N(Cc2cccnc2)S(=O)(=O)CC(F)(F)F)c1,c1ccc(NCc2cccnc2)cc1,c1ccc(NCc2cccnc2)cc1,True,True,True,,0.8421052631578947,1.0,,,,,,,,,0.6693605971809802,0.6693605971809802,0.0,True,,,,,,,,,,,,,8.0,8.0,0.0,True
target_oracle,mpair_00000000_cond_00_3p,mpair_00000000,eval,3,"LogP,HBA,RB",O=C(c1cccc(Cl)c1)N1C[C@H](CN2CCC(c3ccccc3)CC2)[C@@H](c2ccccc2)C1,COc1cccc(C(=O)N2C[C@H](CN3CCC(c4ccccc4)CC3)[C@@H](c3ccccc3)C2)c1,COc1cccc(C(=O)N2C[C@H](CN3CCC(c4ccccc4)CC3)[C@@H](c3ccccc3)C2)c1,O=C(c1ccccc1)N1C[C@H](CN2CCC(c3ccccc3)CC2)[C@@H](c2ccccc2)C1,O=C(c1ccccc1)N1C[C@H](CN2CCC(c3ccccc3)CC2)[C@@H](c2ccccc2)C1,True,True,True,,0.7413793103448276,1.0,,,,,5.430600000000005,5.430600000000005,0.0,True,,,,,,,,,,,,,3.0,3.0,0.0,True,6.0,6.0,0.0,True
target_oracle,mpair_00000006_cond_01_3p,mpair_00000006,eval,3,"MW,LogP,QED",O=C(c1ccccc1F)N1C[C@H](CN2CCC(c3ccccc3)CC2)[C@@H](c2ccccc2)C1,O=C(c1ccccc1C(F)(F)F)N1C[C@H](CN2CCC(c3ccccc3)CC2)[C@@H](c2ccccc2)C1,O=C(c1ccccc1C(F)(F)F)N1C[C@H](CN2CCC(c3ccccc3)CC2)[C@@H](c2ccccc2)C1,O=C(c1ccccc1)N1C[C@H](CN2CCC(c3ccccc3)CC2)[C@@H](c2ccccc2)C1,O=C(c1ccccc1)N1C[C@H](CN2CCC(c3ccccc3)CC2)[C@@H](c2ccccc2)C1,True,True,True,,0.7592592592592593,1.0,492.5850000000002,492.5850000000002,0.0,True,6.4408000000000065,6.4408000000000065,0.0,True,0.4092272471712491,0.4092272471712491,0.0,True,,,,,,,,,,,,,,,,
target_oracle,mpair_00000010_cond_00_3p,mpair_00000010,eval,3,"QED,HBA,RB",O=C(c1ccccc1C(F)(F)F)N1C[C@H](CN2CCC(c3ccccc3)CC2)[C@@H](c2ccccc2)C1,COc1cccc(C(=O)N2C[C@H](CN3CCC(c4ccccc4)CC3)[C@@H](c3ccccc3)C2)c1,COc1cccc(C(=O)N2C[C@H](CN3CCC(c4ccccc4)CC3)[C@@H](c3ccccc3)C2)c1,O=C(c1ccccc1)N1C[C@H](CN2CCC(c3ccccc3)CC2)[C@@H](c2ccccc2)C1,O=C(c1ccccc1)N1C[C@H](CN2CCC(c3ccccc3)CC2)[C@@H](c2ccccc2)C1,True,True,True,,0.578125,1.0,,,,,,,,,0.49786269936596683,0.49786269936596683,0.0,True,,,,,,,,,3.0,3.0,0.0,True,6.0,6.0,0.0,True
target_oracle,mpair_00000018_cond_01_3p,mpair_00000018,eval,3,"MW,QED,RB",COC(=O)C1=C(c2ccc(Cl)nc2)CC2CCC1N2C,CN1C2C=C(c3ccc(Cl)nc3)CC1CC2,CN1C2C=C(c3ccc(Cl)nc3)CC1CC2,C1=C(c2cccnc2)CC2CCC1N2,C1=C(c2cccnc2)CC2CCC1N2,True,True,True,,0.48148148148148145,1.0,234.72999999999996,234.72999999999996,0.0,True,,,,,0.6949032404938756,0.6949032404938756,0.0,True,,,,,,,,,,,,,1.0,1.0,0.0,True
target_oracle,mpair_00000323_cond_00_3p,mpair_00000323,eval,3,"TPSA,HBD,HBA",N[C@@H](C(=O)N[C@@H]1C(=O)N2C(C(=O)O)=C(C(F)(F)F)CC[C@H]12)c1ccc(F)cc1,N[C@@H](C(=O)N[C@@H]1C(=O)N2C(C(=O)O)=C(C(F)(F)F)CC[C@H]12)c1ccc(O)cc1,N[C@@H](C(=O)N[C@@H]1C(=O)N2C(C(=O)O)=C(C(F)(F)F)CC[C@H]12)c1ccc(O)cc1,O=C(Cc1ccccc1)N[C@@H]1C(=O)N2C=CCC[C@H]12,O=C(Cc1ccccc1)N[C@@H]1C(=O)N2C=CCC[C@H]12,True,True,True,,0.8545454545454545,1.0,,,,,,,,,,,,,132.96,132.96,0.0,True,4.0,4.0,0.0,True,5.0,5.0,0.0,True,,,,
target_oracle,mpair_00000329_cond_02_3p,mpair_00000329,eval,3,"QED,HBA,RB",CSC1=C(C(=O)O)N2C(=O)[C@@H](NC(=O)[C@H](N)c3ccccc3)[C@H]2CC1,N[C@@H](C(=O)N[C@@H]1C(=O)N2C(C(=O)O)=C(C(F)(F)F)CC[C@H]12)c1ccc(F)cc1,N[C@@H](C(=O)N[C@@H]1C(=O)N2C(C(=O)O)=C(C(F)(F)F)CC[C@H]12)c1ccc(F)cc1,O=C(Cc1ccccc1)N[C@@H]1C(=O)N2C=CCC[C@H]12,O=C(Cc1ccccc1)N[C@@H]1C(=O)N2C=CCC[C@H]12,True,True,True,,0.5873015873015873,1.0,,,,,,,,,0.5187711593734389,0.5187711593734389,0.0,True,,,,,,,,,4.0,4.0,0.0,True,4.0,4.0,0.0,True
target_oracle,mpair_00000331_cond_02_3p,mpair_00000331,eval,3,"TPSA,HBD,HBA",N[C@@H](C(=O)N[C@@H]1C(=O)N2C(C(=O)O)=C(C(F)(F)F)CC[C@H]12)c1ccc(O)cc1,N[C@@H](C(=O)N[C@@H]1C(=O)N2C(C(=O)O)=C(C(F)(F)F)CC[C@H]12)c1ccc(F)cc1,N[C@@H](C(=O)N[C@@H]1C(=O)N2C(C(=O)O)=C(C(F)(F)F)CC[C@H]12)c1ccc(F)cc1,O=C(Cc1ccccc1)N[C@@H]1C(=O)N2C=CCC[C@H]12,O=C(Cc1ccccc1)N[C@@H]1C(=O)N2C=CCC[C@H]12,True,True,True,,0.8545454545454545,1.0,,,,,,,,,,,,,112.73,112.73,0.0,True,3.0,3.0,0.0,True,4.0,4.0,0.0,True,,,,
target_oracle,mpair_00000336_cond_01_3p,mpair_00000336,eval,3,"MW,LogP,QED",N[C@@H](C(=O)N[C@@H]1C(=O)N2C(C(=O)O)=C(C(F)(F)F)CC[C@H]12)c1cccc(Br)c1,N[C@@H](C(=O)N[C@@H]1C(=O)N2C(C(=O)O)=C(C(F)(F)F)CC[C@H]12)c1ccc(F)cc1,N[C@@H](C(=O)N[C@@H]1C(=O)N2C(C(=O)O)=C(C(F)(F)F)CC[C@H]12)c1ccc(F)cc1,O=C(Cc1ccccc1)N[C@@H]1C(=O)N2C=CCC[C@H]12,O=C(Cc1ccccc1)N[C@@H]1C(=O)N2C=CCC[C@H]12,True,True,True,,0.7377049180327869,1.0,401.3160000000001,401.3160000000001,0.0,True,1.2158999999999993,1.2158999999999993,0.0,True,0.5187711593734389,0.5187711593734389,0.0,True,,,,,,,,,,,,,,,,
target_oracle,mpair_00000595_cond_02_3p,mpair_00000595,eval,3,"QED,HBD,RB",COc1ccc(CCCC[C@@H]2N[C@@H](CO)[C@H](O)[C@H]2O)cc1,OC[C@@H]1N[C@@H](CCCCc2ccc(O)cc2)[C@H](O)[C@H]1O,OC[C@@H]1N[C@@H](CCCCc2ccc(O)cc2)[C@H](O)[C@H]1O,c1ccc(CCCC[C@H]2CCCN2)cc1,c1ccc(CCCC[C@H]2CCCN2)cc1,True,True,True,,0.7,1.0,,,,,,,,,0.47902706341404183,0.47902706341404183,0.0,True,,,,,5.0,5.0,0.0,True,,,,,6.0,6.0,0.0,True
target_oracle,mpair_00000726_cond_02_3p,mpair_00000726,eval,3,"MW,QED,HBD",C=CCc1cc(/C=C2\SC(=O)NC2=O)c(OC)cc1OC1CCCCO1,C=CCc1cc(/C=C2\SC(=O)N(CC=C)C2=O)c(OC)cc1OC1CCCCO1,C=CCc1cc(/C=C2\SC(=O)N(CC=C)C2=O)c(OC)cc1OC1CCCCO1,O=C1NC(=O)/C(=C/c2ccc(OC3CCCCO3)cc2)S1,O=C1NC(=O)/C(=C/c2ccc(OC3CCCCO3)cc2)S1,True,True,True,,0.696969696969697,1.0,415.51100000000025,415.51100000000025,0.0,True,,,,,0.45838471716690443,0.45838471716690443,0.0,True,,,,,0.0,0.0,0.0,True,,,,,,,,
target_oracle,mpair_00000739_cond_02_3p,mpair_00000739,eval,3,"LogP,QED,RB",C=CCc1cc(/C=C2\SC(=O)N(CCCC)C2=O)c(OC)cc1OC1CCCCO1,C=CCc1cc(/C=C2\SC(=O)N(CC=C)C2=O)c(OC)cc1OC1CCCCO1,C=CCc1cc(/C=C2\SC(=O)N(CC=C)C2=O)c(OC)cc1OC1CCCCO1,O=C1NC(=O)/C(=C/c2ccc(OC3CCCCO3)cc2)S1,O=C1NC(=O)/C(=C/c2ccc(OC3CCCCO3)cc2)S1,True,True,True,,0.8181818181818182,1.0,,,,,4.551400000000004,4.551400000000004,0.0,True,0.45838471716690443,0.45838471716690443,0.0,True,,,,,,,,,,,,,8.0,8.0,0.0,True
target_oracle,mpair_00000742_cond_00_3p,mpair_00000742,eval,3,"LogP,QED,RB",C=CCc1cc(/C=C2\SC(=O)N(C)C2=O)c(OC)cc1OC1CCCCO1,C=CCc1cc(/C=C2\SC(=O)N(CC=C(C)C)C2=O)c(OC)cc1OC1CCCCO1,C=CCc1cc(/C=C2\SC(=O)N(CC=C(C)C)C2=O)c(OC)cc1OC1CCCCO1,O=C1NC(=O)/C(=C/c2ccc(OC3CCCCO3)cc2)S1,O=C1NC(=O)/C(=C/c2ccc(OC3CCCCO3)cc2)S1,True,True,True,,0.7761194029850746,1.0,,,,,5.331600000000005,5.331600000000005,0.0,True,0.3995752918375223,0.3995752918375223,0.0,True,,,,,,,,,,,,,8.0,8.0,0.0,True
target_oracle,mpair_00000747_cond_00_3p,mpair_00000747,eval,3,"LogP,HBD,RB",C=CCc1cc(/C=C2\SC(=O)N(CC=C)C2=O)c(OC)cc1OC1CCCCO1,C=CCc1cc(/C=C2\SC(=O)NC2=O)c(OC)cc1OC1CCCCO1,C=CCc1cc(/C=C2\SC(=O)NC2=O)c(OC)cc1OC1CCCCO1,O=C1NC(=O)/C(=C/c2ccc(OC3CCCCO3)cc2)S1,O=C1NC(=O)/C(=C/c2ccc(OC3CCCCO3)cc2)S1,True,True,True,,0.696969696969697,1.0,,,,,3.6530000000000022,3.6530000000000022,0.0,True,,,,,,,,,1.0,1.0,0.0,True,,,,,6.0,6.0,0.0,True
target_oracle,mpair_00000748_cond_02_3p,mpair_00000748,eval,3,"LogP,QED,RB",C=CCc1cc(/C=C2\SC(=O)N(C)C2=O)c(OC)cc1OC1CCCCO1,C=CCc1cc(/C=C2\SC(=O)N(CC=C)C2=O)c(OC)cc1OC1CCCCO1,C=CCc1cc(/C=C2\SC(=O)N(CC=C)C2=O)c(OC)cc1OC1CCCCO1,O=C1NC(=O)/C(=C/c2ccc(OC3CCCCO3)cc2)S1,O=C1NC(=O)/C(=C/c2ccc(OC3CCCCO3)cc2)S1,True,True,True,,0.8095238095238095,1.0,,,,,4.551400000000004,4.551400000000004,0.0,True,0.45838471716690443,0.45838471716690443,0.0,True,,,,,,,,,,,,,8.0,8.0,0.0,True
target_oracle,mpair_00000757_cond_02_3p,mpair_00000757,eval,3,"LogP,HBA,RB",COc1cccc(-c2cncc(O[C@@H]3CCNC3)c2)c1,Clc1cccc(-c2cncc(O[C@@H]3CCNC3)c2)c1,Clc1cccc(-c2cncc(O[C@@H]3CCNC3)c2)c1,c1ccc(-c2cncc(O[C@@H]3CCNC3)c2)cc1,c1ccc(-c2cncc(O[C@@H]3CCNC3)c2)cc1,True,True,True,,0.7446808510638298,1.0,,,,,3.1427000000000014,3.1427000000000014,0.0,True,,,,,,,,,,,,,3.0,3.0,0.0,True,3.0,3.0,0.0,True
target_oracle,mpair_00001124_cond_01_3p,mpair_00001124,eval,3,"LogP,HBA,RB",COc1ccc(N2CCN(CCC3NC(=O)c4ccccc43)CC2)cc1,Cc1ccc(N2CCN(CCC3NC(=O)c4ccccc43)CC2)cc1C,Cc1ccc(N2CCN(CCC3NC(=O)c4ccccc43)CC2)cc1C,O=C1NC(CCN2CCN(c3ccccc3)CC2)c2ccccc21,O=C1NC(CCN2CCN(c3ccccc3)CC2)c2ccccc21,True,True,True,,0.7037037037037037,1.0,,,,,3.3002400000000023,3.3002400000000023,0.0,True,,,,,,,,,,,,,3.0,3.0,0.0,True,4.0,4.0,0.0,True
target_oracle,mpair_00001131_cond_01_3p,mpair_00001131,eval,3,"HBD,HBA,RB",COc1ccc(N2CCN(CCC3c4ccccc4C(=O)N3C)CC2)cc1,Cc1ccc(N2CCN(CCC3NC(=O)c4ccccc43)CC2)cc1C,Cc1ccc(N2CCN(CCC3NC(=O)c4ccccc43)CC2)cc1C,O=C1NC(CCN2CCN(c3ccccc3)CC2)c2ccccc21,O=C1NC(CCN2CCN(c3ccccc3)CC2)c2ccccc21,True,True,True,,0.4444444444444444,1.0,,,,,,,,,,,,,,,,,1.0,1.0,0.0,True,3.0,3.0,0.0,True,4.0,4.0,0.0,True
target_oracle,mpair_00001133_cond_02_3p,mpair_00001133,eval,3,"QED,TPSA,HBA",COc1ccccc1CC(=O)NCCC1CCN(CC2COc3ccccc3O2)CC1,O=C(Cc1ccccc1[N+](=O)[O-])NCCC1CCN(CC2COc3ccccc3O2)CC1,O=C(Cc1ccccc1[N+](=O)[O-])NCCC1CCN(CC2COc3ccccc3O2)CC1,O=C(Cc1ccccc1)NCCC1CCN(CC2COc3ccccc3O2)CC1,O=C(Cc1ccccc1)NCCC1CCN(CC2COc3ccccc3O2)CC1,True,True,True,,0.7164179104477612,1.0,,,,,,,,,0.5015202818225966,0.5015202818225966,0.0,True,93.94,93.94,0.0,True,,,,,6.0,6.0,0.0,True,,,,
target_oracle,mpair_00002370_cond_02_3p,mpair_00002370,eval,3,"HBD,HBA,RB",CCOC(=O)/C=C/c1cc(C(=O)c2ccc(-n3ccnc3)cc2)cn1C,Cn1cc(C(=O)c2ccc(-n3ccnc3)cc2)cc1/C=C/C(=O)O,Cn1cc(C(=O)c2ccc(-n3ccnc3)cc2)cc1/C=C/C(=O)O,O=C(c1ccc(-n2ccnc2)cc1)c1cc[nH]c1,O=C(c1ccc(-n2ccnc2)cc1)c1cc[nH]c1,True,True,True,,0.7454545454545455,1.0,,,,,,,,,,,,,,,,,1.0,1.0,0.0,True,5.0,5.0,0.0,True,5.0,5.0,0.0,True
target_oracle,mpair_00002375_cond_02_3p,mpair_00002375,eval,3,"TPSA,HBD,HBA",COc1cccc2sc([C@@H]3C[C@H]4CC[C@@H](C3)N4C[C@H](O)COc3cccc4[nH]c(C(N)=O)cc34)cc12,COc1cccc2sc([C@@H]3C[C@H]4CC[C@@H](C3)N4C[C@H](O)COc3cccc4[nH]c(C)cc34)cc12,COc1cccc2sc([C@@H]3C[C@H]4CC[C@@H](C3)N4C[C@H](O)COc3cccc4[nH]c(C)cc34)cc12,c1ccc2sc([C@@H]3C[C@H]4CC[C@@H](C3)N4CCCOc3cccc4[nH]ccc34)cc2c1,c1ccc2sc([C@@H]3C[C@H]4CC[C@@H](C3)N4CCCOc3cccc4[nH]ccc34)cc2c1,True,True,True,,0.7916666666666666,1.0,,,,,,,,,,,,,57.720000000000006,57.720000000000006,0.0,True,2.0,2.0,0.0,True,5.0,5.0,0.0,True,,,,
target_oracle,mpair_00002466_cond_00_3p,mpair_00002466,eval,3,"QED,HBA,RB",CN(C)CCCOc1cc(C(=O)Nc2ccc(Cl)cc2F)n(Cc2ccccc2)n1,CN(C)CCCOc1cc(C(=O)Nc2ccc(OC(F)(F)F)cc2)n(Cc2ccccc2)n1,CN(C)CCCOc1cc(C(=O)Nc2ccc(OC(F)(F)F)cc2)n(Cc2ccccc2)n1,O=C(Nc1ccccc1)c1ccnn1Cc1ccccc1,O=C(Nc1ccccc1)c1ccnn1Cc1ccccc1,True,True,True,,0.6428571428571429,1.0,,,,,,,,,0.4522382232340766,0.4522382232340766,0.0,True,,,,,,,,,6.0,6.0,0.0,True,10.0,10.0,0.0,True
target_oracle,mpair_00002469_cond_02_3p,mpair_00002469,eval,3,"MW,TPSA,HBA",COc1ccc(NC(=O)c2cc(OCCCN(C)C)nn2Cc2ccccc2)cc1,COc1cc(NC(=O)c2cc(OCCCN(C)C)nn2Cc2ccccc2)cc(OC)c1OC,COc1cc(NC(=O)c2cc(OCCCN(C)C)nn2Cc2ccccc2)cc(OC)c1OC,O=C(Nc1ccccc1)c1ccnn1Cc1ccccc1,O=C(Nc1ccccc1)c1ccnn1Cc1ccccc1,True,True,True,,0.7741935483870968,1.0,468.5540000000002,468.5540000000002,0.0,True,,,,,,,,,87.08000000000001,87.08000000000001,0.0,True,,,,,8.0,8.0,0.0,True,,,,
target_oracle,mpair_00002472_cond_02_3p,mpair_00002472,eval,3,"MW,LogP,QED",COc1ccc(NC(=O)c2cc(OCCCN(C)C)nn2Cc2ccccc2)cc1,CN(C)CCCOc1cc(C(=O)Nc2cc(F)cc(C(F)(F)F)c2)n(Cc2ccccc2)n1,CN(C)CCCOc1cc(C(=O)Nc2cc(F)cc(C(F)(F)F)c2)n(Cc2ccccc2)n1,O=C(Nc1ccccc1)c1ccnn1Cc1ccccc1,O=C(Nc1ccccc1)c1ccnn1Cc1ccccc1,True,True,True,,0.6764705882352942,1.0,464.4630000000001,464.4630000000001,0.0,True,4.672100000000003,4.672100000000003,0.0,True,0.369385517709234,0.369385517709234,0.0,True,,,,,,,,,,,,,,,,
target_oracle,mpair_00002478_cond_01_3p,mpair_00002478,eval,3,"MW,LogP,QED",CN(C)CCCOc1cc(C(=O)Nc2cccc(Cl)c2)n(Cc2ccccc2)n1,CN(C)CCCOc1cc(C(=O)Nc2cc(F)cc(C(F)(F)F)c2)n(Cc2ccccc2)n1,CN(C)CCCOc1cc(C(=O)Nc2cc(F)cc(C(F)(F)F)c2)n(Cc2ccccc2)n1,O=C(Nc1ccccc1)c1ccnn1Cc1ccccc1,O=C(Nc1ccccc1)c1ccnn1Cc1ccccc1,True,True,True,,0.6764705882352942,1.0,464.4630000000001,464.4630000000001,0.0,True,4.672100000000003,4.672100000000003,0.0,True,0.369385517709234,0.369385517709234,0.0,True,,,,,,,,,,,,,,,,
target_oracle,mpair_00002482_cond_00_3p,mpair_00002482,eval,3,"MW,LogP,QED",COc1ccc(NC(=O)c2cc(OCCCN(C)C)nn2Cc2ccccc2)cc1,CN(C)CCCOc1cc(C(=O)Nc2ccc(OC(F)(F)F)cc2)n(Cc2ccccc2)n1,CN(C)CCCOc1cc(C(=O)Nc2ccc(OC(F)(F)F)cc2)n(Cc2ccccc2)n1,O=C(Nc1ccccc1)c1ccnn1Cc1ccccc1,O=C(Nc1ccccc1)c1ccnn1Cc1ccccc1,True,True,True,,0.8064516129032258,1.0,462.4720000000001,462.4720000000001,0.0,True,4.412800000000003,4.412800000000003,0.0,True,0.4522382232340766,0.4522382232340766,0.0,True,,,,,,,,,,,,,,,,
target_oracle,mpair_00002488_cond_00_3p,mpair_00002488,eval,3,"LogP,TPSA,HBA",C=Cc1cc(C(=O)OCC)n(S(=O)(=O)c2cc(Cl)ccc2N)c1,CC(C)OC(=O)c1cc(CO)cn1S(=O)(=O)c1cc(Cl)ccc1N,CC(C)OC(=O)c1cc(CO)cn1S(=O)(=O)c1cc(Cl)ccc1N,O=S(=O)(c1ccccc1)n1cccc1,O=S(=O)(c1ccccc1)n1cccc1,True,True,True,,0.5396825396825397,1.0,,,,,2.0182,2.0182,0.0,True,,,,,111.61999999999999,111.61999999999999,0.0,True,,,,,7.0,7.0,0.0,True,,,,
target_oracle,mpair_00002498_cond_00_3p,mpair_00002498,eval,3,"MW,QED,RB",CCc1ccc(NC2=C(Cl)C(=O)c3ncncc3C2=O)cc1,O=C1C(Nc2cccc(Br)c2)=C(Cl)C(=O)c2ncncc21,O=C1C(Nc2cccc(Br)c2)=C(Cl)C(=O)c2ncncc21,O=C1C(Nc2ccccc2)=CC(=O)c2ncncc21,O=C1C(Nc2ccccc2)=CC(=O)c2ncncc21,True,True,True,,0.5882352941176471,1.0,364.58600000000007,364.58600000000007,0.0,True,,,,,0.885902971993687,0.885902971993687,0.0,True,,,,,,,,,,,,,2.0,2.0,0.0,True
target_oracle,mpair_00002500_cond_02_3p,mpair_00002500,eval,3,"MW,QED,RB",O=C1C(Nc2ccc(Br)cc2)=C(Cl)C(=O)c2ncncc21,CCc1ccc(NC2=C(Cl)C(=O)c3ncncc3C2=O)cc1,CCc1ccc(NC2=C(Cl)C(=O)c3ncncc3C2=O)cc1,O=C1C(Nc2ccccc2)=CC(=O)c2ncncc21,O=C1C(Nc2ccccc2)=CC(=O)c2ncncc21,True,True,True,,0.7111111111111111,1.0,313.744,313.744,0.0,True,,,,,0.9428073960459649,0.9428073960459649,0.0,True,,,,,,,,,,,,,3.0,3.0,0.0,True
target_oracle,mpair_00002505_cond_01_3p,mpair_00002505,eval,3,"QED,HBA,RB",COc1ccc(C(=O)CN2c3ccccc3C(=O)N(Cc3ccccc3)S2(=O)=O)cc1,O=C(CN1c2ccccc2C(=O)N(Cc2ccccc2)S1(=O)=O)c1ccccc1,O=C(CN1c2ccccc2C(=O)N(Cc2ccccc2)S1(=O)=O)c1ccccc1,O=C(CN1c2ccccc2C(=O)N(Cc2ccccc2)S1(=O)=O)c1ccccc1,O=C(CN1c2ccccc2C(=O)N(Cc2ccccc2)S1(=O)=O)c1ccccc1,True,True,True,,0.7916666666666666,1.0,,,,,,,,,0.6096951629926923,0.6096951629926923,0.0,True,,,,,,,,,4.0,4.0,0.0,True,5.0,5.0,0.0,True
target_oracle,mpair_00002510_cond_00_3p,mpair_00002510,eval,3,"LogP,TPSA,HBA",CSc1cc(-c2ccc(Br)cc2)oc(=O)c1C#N,CSc1cc(-c2ccc(Br)cc2)oc(=O)c1Cl,CSc1cc(-c2ccc(Br)cc2)oc(=O)c1Cl,O=c1cccc(-c2ccccc2)o1,O=c1cccc(-c2ccccc2)o1,True,True,True,,0.6428571428571429,1.0,,,,,4.444600000000002,4.444600000000002,0.0,True,,,,,30.21,30.21,0.0,True,,,,,3.0,3.0,0.0,True,,,,
target_oracle,mpair_00002543_cond_01_3p,mpair_00002543,eval,3,"TPSA,HBD,RB",CSc1cc(-c2ccc(Br)cc2)oc(=O)c1Cl,CSc1cc(-c2ccc(Cl)cc2)oc(=O)c1C(N)=O,CSc1cc(-c2ccc(Cl)cc2)oc(=O)c1C(N)=O,O=c1cccc(-c2ccccc2)o1,O=c1cccc(-c2ccccc2)o1,True,True,True,,0.5217391304347826,1.0,,,,,,,,,,,,,73.30000000000001,73.30000000000001,0.0,True,1.0,1.0,0.0,True,,,,,3.0,3.0,0.0,True
target_oracle,mpair_00002559_cond_02_3p,mpair_00002559,eval,3,"LogP,QED,RB",CN(C(=O)n1nc(-c2ccc(Cl)cc2)nc1SCC(F)(F)F)c1ccccc1,CSc1nc(-c2ccc(C)cc2)nn1C(=O)N(C)c1ccccc1,CSc1nc(-c2ccc(C)cc2)nn1C(=O)N(C)c1ccccc1,O=C(Nc1ccccc1)n1cnc(-c2ccccc2)n1,O=C(Nc1ccccc1)n1cnc(-c2ccccc2)n1,True,True,True,,0.5862068965517241,1.0,,,,,4.079920000000002,4.079920000000002,0.0,True,0.6753188675979567,0.6753188675979567,0.0,True,,,,,,,,,,,,,3.0,3.0,0.0,True
target_oracle,mpair_00002564_cond_02_3p,mpair_00002564,eval,3,"LogP,QED,HBA",CSc1nc(-c2ccc(OC(F)(F)F)cc2)nn1C(=O)N(C)c1ccccc1,CN(C(=O)n1nc(-c2ccc(Cl)cc2)nc1SCC(F)(F)F)c1ccccc1,CN(C(=O)n1nc(-c2ccc(Cl)cc2)nc1SCC(F)(F)F)c1ccccc1,O=C(Nc1ccccc1)n1cnc(-c2ccccc2)n1,O=C(Nc1ccccc1)n1cnc(-c2ccccc2)n1,True,True,True,,0.5967741935483871,1.0,,,,,5.357400000000003,5.357400000000003,0.0,True,0.5270344401044634,0.5270344401044634,0.0,True,,,,,,,,,5.0,5.0,0.0,True,,,,
target_oracle,mpair_00002573_cond_02_3p,mpair_00002573,eval,3,"MW,LogP,QED",COc1cc(C(=O)N2CCN(C(=O)c3cc(OC)c(OC)c(OC)c3)C(COC(=O)CC(C)(C)C)C2)cc(OC)c1OC,COc1cc(C(=O)N2CCN(C(=O)c3cc(OC)c(OC)c(OC)c3)C(COC(C)=O)C2)cc(OC)c1OC,COc1cc(C(=O)N2CCN(C(=O)c3cc(OC)c(OC)c(OC)c3)C(COC(C)=O)C2)cc(OC)c1OC,O=C(c1ccccc1)N1CCN(C(=O)c2ccccc2)CC1,O=C(c1ccccc1)N1CCN(C(=O)c2ccccc2)CC1,True,True,True,,0.7547169811320755,1.0,546.5730000000003,546.5730000000003,0.0,True,2.2681000000000004,2.2681000000000004,0.0,True,0.41028124355120477,0.41028124355120477,0.0,True,,,,,,,,,,,,,,,,
target_oracle,mpair_00002584_cond_00_3p,mpair_00002584,eval,3,"LogP,QED,HBA",COc1cc(C(=O)N2CCN(C(=O)c3cc(OC)c(OC)c(OC)c3)C(CO)C2)cc(OC)c1OC,COc1cc(C(=O)N2CCN(C(=O)c3cc(OC)c(OC)c(OC)c3)C(COC(C)=O)C2)cc(OC)c1OC,COc1cc(C(=O)N2CCN(C(=O)c3cc(OC)c(OC)c(OC)c3)C(COC(C)=O)C2)cc(OC)c1OC,O=C(c1ccccc1)N1CCN(C(=O)c2ccccc2)CC1,O=C(c1ccccc1)N1CCN(C(=O)c2ccccc2)CC1,True,True,True,,0.75,1.0,,,,,2.2681000000000004,2.2681000000000004,0.0,True,0.41028124355120477,0.41028124355120477,0.0,True,,,,,,,,,10.0,10.0,0.0,True,,,,
target_oracle,mpair_00002589_cond_01_3p,mpair_00002589,eval,3,"MW,LogP,HBA",COc1cc(C(=O)N2CCN(C(=O)c3cc(OC)c(OC)c(OC)c3)C(CO)C2)cc(OC)c1OC,CCN(CC)C(=O)OCC1CN(C(=O)c2cc(OC)c(OC)c(OC)c2)CCN1C(=O)c1cc(OC)c(OC)c(OC)c1,CCN(CC)C(=O)OCC1CN(C(=O)c2cc(OC)c(OC)c(OC)c2)CCN1C(=O)c1cc(OC)c(OC)c(OC)c1,O=C(c1ccccc1)N1CCN(C(=O)c2ccccc2)CC1,O=C(c1ccccc1)N1CCN(C(=O)c2ccccc2)CC1,True,True,True,,0.6792452830188679,1.0,603.6690000000003,603.6690000000003,0.0,True,3.1834000000000024,3.1834000000000024,0.0,True,,,,,,,,,,,,,10.0,10.0,0.0,True,,,,
target_oracle,mpair_00002594_cond_02_3p,mpair_00002594,eval,3,"MW,LogP,RB",CCN(CC)C(=O)OCC1CN(C(=O)c2cc(OC)c(OC)c(OC)c2)CCN1C(=O)c1cc(OC)c(OC)c(OC)c1,COc1cc(C(=O)N2CCN(C(=O)c3cc(OC)c(OC)c(OC)c3)C(COC(C)=O)C2)cc(OC)c1OC,COc1cc(C(=O)N2CCN(C(=O)c3cc(OC)c(OC)c(OC)c3)C(COC(C)=O)C2)cc(OC)c1OC,O=C(c1ccccc1)N1CCN(C(=O)c2ccccc2)CC1,O=C(c1ccccc1)N1CCN(C(=O)c2ccccc2)CC1,True,True,True,,0.7547169811320755,1.0,546.5730000000003,546.5730000000003,0.0,True,2.2681000000000004,2.2681000000000004,0.0,True,,,,,,,,,,,,,,,,,10.0,10.0,0.0,True
target_oracle,mpair_00002601_cond_00_3p,mpair_00002601,eval,3,"MW,LogP,QED",COc1ccc(C(=O)Nc2ccncc2Cl)c2cccnc12,COc1ccc(C(=O)Nc2ccncc2Cl)c2ccc(C(F)(F)F)nc12,COc1ccc(C(=O)Nc2ccncc2Cl)c2ccc(C(F)(F)F)nc12,O=C(Nc1ccncc1)c1cccc2ncccc12,O=C(Nc1ccncc1)c1cccc2ncccc12,True,True,True,,0.6724137931034483,1.0,381.74100000000004,381.74100000000004,0.0,True,4.562900000000002,4.562900000000002,0.0,True,0.7218484507203837,0.7218484507203837,0.0,True,,,,,,,,,,,,,,,,
target_oracle,mpair_00002605_cond_00_3p,mpair_00002605,eval,3,"TPSA,HBD,RB",COc1ccc(C(=O)Nc2c(Cl)cncc2Cl)c2ccc(C(C)O)nc12,COc1ccc(C(=O)Nc2c(F)cncc2F)c2ccc(C(F)(F)F)nc12,COc1ccc(C(=O)Nc2c(F)cncc2F)c2ccc(C(F)(F)F)nc12,O=C(Nc1ccncc1)c1cccc2ncccc12,O=C(Nc1ccncc1)c1cccc2ncccc12,True,True,True,,0.532258064516129,1.0,,,,,,,,,,,,,64.11,64.11,0.0,True,1.0,1.0,0.0,True,,,,,3.0,3.0,0.0,True
target_oracle,mpair_00002610_cond_01_3p,mpair_00002610,eval,3,"LogP,TPSA,HBD",CCc1ccc2c(C(=O)Nc3c(Cl)cncc3Cl)ccc(OC)c2n1,COc1ccc(C(=O)Nc2c(Cl)cncc2Cl)c2ccc(C(C)O)nc12,COc1ccc(C(=O)Nc2c(Cl)cncc2Cl)c2ccc(C(C)O)nc12,O=C(Nc1ccncc1)c1cccc2ncccc12,O=C(Nc1ccncc1)c1cccc2ncccc12,True,True,True,,0.6964285714285714,1.0,,,,,4.2508000000000035,4.2508000000000035,0.0,True,,,,,84.34,84.34,0.0,True,2.0,2.0,0.0,True,,,,,,,,
target_oracle,mpair_00002616_cond_01_3p,mpair_00002616,eval,3,"TPSA,HBA,RB",COc1ccc(C(=O)Nc2c(F)cncc2F)c2ccc(C(F)(F)F)nc12,COc1ccc(C(=O)Nc2c(Cl)cncc2Cl)c2ccc(C(C)=O)nc12,COc1ccc(C(=O)Nc2c(Cl)cncc2Cl)c2ccc(C(C)=O)nc12,O=C(Nc1ccncc1)c1cccc2ncccc12,O=C(Nc1ccncc1)c1cccc2ncccc12,True,True,True,,0.55,1.0,,,,,,,,,,,,,81.17999999999999,81.17999999999999,0.0,True,,,,,5.0,5.0,0.0,True,4.0,4.0,0.0,True
target_oracle,mpair_00002622_cond_00_3p,mpair_00002622,eval,3,"MW,QED,RB",CCc1ccc2c(C(=O)Nc3c(Cl)cncc3Cl)ccc(OC)c2n1,COc1ccc(C(=O)Nc2ccncc2Cl)c2cccnc12,COc1ccc(C(=O)Nc2ccncc2Cl)c2cccnc12,O=C(Nc1ccncc1)c1cccc2ncccc12,O=C(Nc1ccncc1)c1cccc2ncccc12,True,True,True,,0.5,1.0,313.744,313.744,0.0,True,,,,,0.8029165077767629,0.8029165077767629,0.0,True,,,,,,,,,,,,,3.0,3.0,0.0,True
target_oracle,mpair_00002629_cond_00_3p,mpair_00002629,eval,3,"TPSA,HBA,RB",CC(C)CC(=O)N1C[C@H](c2ccccc2)C[C@H]1C(=O)N[C@@H](CC(F)F)C(=O)NCCc1c(F)cc(C(=O)O)cc1F,CC(C)(C)[C@H](O)C(=O)N1C[C@H](c2ccccc2)C[C@H]1C(=O)N[C@@H](CC(F)F)C(=O)NCCc1c(F)cc(C(=O)O)cc1F,CC(C)(C)[C@H](O)C(=O)N1C[C@H](c2ccccc2)C[C@H]1C(=O)N[C@@H](CC(F)F)C(=O)NCCc1c(F)cc(C(=O)O)cc1F,O=C(CNC(=O)[C@@H]1C[C@@H](c2ccccc2)CN1)NCCc1ccccc1,O=C(CNC(=O)[C@@H]1C[C@@H](c2ccccc2)CN1)NCCc1ccccc1,True,True,True,,0.7567567567567568,1.0,,,,,,,,,,,,,136.04,136.04,0.0,True,,,,,5.0,5.0,0.0,True,11.0,11.0,0.0,True
target_oracle,mpair_00003115_cond_00_3p,mpair_00003115,eval,3,"MW,LogP,QED",Cc1nc2nncnn2c(=O)c1C,Cc1nc2nnc(C(C)(C)C)nn2c(=O)c1C,Cc1nc2nnc(C(C)(C)C)nn2c(=O)c1C,O=c1ccnc2nncnn12,O=c1ccnc2nncnn12,True,True,True,,0.48717948717948717,1.0,233.27499999999998,233.27499999999998,0.0,True,0.7938399999999997,0.7938399999999997,0.0,True,0.6723856505150625,0.6723856505150625,0.0,True,,,,,,,,,,,,,,,,
target_oracle,mpair_00003206_cond_00_3p,mpair_00003206,eval,3,"MW,LogP,HBA",CCOC(=O)N1CCN(S(=O)(=O)c2ccc(-n3ncc(=O)[nH]c3=O)cc2Cl)CC1,Cc1cc(-n2ncc(=O)[nH]c2=O)ccc1S(=O)(=O)N1CCN(C=O)CC1,Cc1cc(-n2ncc(=O)[nH]c2=O)ccc1S(=O)(=O)N1CCN(C=O)CC1,O=c1cnn(-c2ccc(S(=O)(=O)N3CCNCC3)cc2)c(=O)[nH]1,O=c1cnn(-c2ccc(S(=O)(=O)N3CCNCC3)cc2)c(=O)[nH]1,True,True,True,,0.5625,1.0,379.39800000000025,379.39800000000025,0.0,True,-1.3080799999999981,-1.3080799999999981,0.0,True,,,,,,,,,,,,,7.0,7.0,0.0,True,,,,
target_oracle,mpair_00003210_cond_00_3p,mpair_00003210,eval,3,"MW,LogP,HBA",CC[C@H]1OC(=O)[C@H](C)[C@@H](O)[C@H](C)[C@@H](OC2O[C@H](C)C[C@H](N(C)C)C2O)[C@@](C)(OC)C[C@@H](C)C(=O)[C@H](C)[C@@H](O)[C@]1(C)O,CC[C@H]1OC(=O)[C@H](C)[C@@H](OC(C)=O)[C@H](C)[C@@H](OC2O[C@H](C)C[C@H](N(C)C)C2O)[C@@](C)(OC)C[C@@H](C)C(=O)[C@H](C)[C@@H](O)[C@]1(C)O,CC[C@H]1OC(=O)[C@H](C)[C@@H](OC(C)=O)[C@H](C)[C@@H](OC2O[C@H](C)C[C@H](N(C)C)C2O)[C@@](C)(OC)C[C@@H](C)C(=O)[C@H](C)[C@@H](O)[C@]1(C)O,O=C1CCCCOC(=O)CCC[C@@H](OC2CCCCO2)CCC1,O=C1CCCCOC(=O)CCC[C@@H](OC2CCCCO2)CCC1,True,True,True,,0.821917808219178,1.0,631.8040000000003,631.8040000000003,0.0,True,2.0853000000000033,2.0853000000000033,0.0,True,,,,,,,,,,,,,12.0,12.0,0.0,True,,,,
target_oracle,mpair_00003219_cond_01_3p,mpair_00003219,eval,3,"MW,LogP,QED",COc1ccc(S(=O)(=O)N(Cc2cccnc2)c2c(C)cccc2C(=O)NO)cc1,COc1ccc(S(=O)(=O)N(Cc2cccnc2)c2c(C)cc(Br)cc2C(=O)NO)cc1,COc1ccc(S(=O)(=O)N(Cc2cccnc2)c2c(C)cc(Br)cc2C(=O)NO)cc1,O=S(=O)(c1ccccc1)N(Cc1cccnc1)c1ccccc1,O=S(=O)(c1ccccc1)N(Cc1cccnc1)c1ccccc1,True,True,True,,0.819672131147541,1.0,506.37800000000016,506.37800000000016,0.0,True,3.675620000000001,3.675620000000001,0.0,True,0.3740614499694089,0.3740614499694089,0.0,True,,,,,,,,,,,,,,,,
target_oracle,mpair_00003222_cond_02_3p,mpair_00003222,eval,3,"QED,TPSA,RB",COc1ccc(S(=O)(=O)N(Cc2cccnc2)c2c(C)cc(Br)cc2C(=O)NO)cc1,COC(=O)c1cccc(C(=O)NO)c1N(Cc1cccnc1)S(=O)(=O)c1ccc(OC)cc1,COC(=O)c1cccc(C(=O)NO)c1N(Cc1cccnc1)S(=O)(=O)c1ccc(OC)cc1,O=S(=O)(c1ccccc1)N(Cc1cccnc1)c1ccccc1,O=S(=O)(c1ccccc1)N(Cc1cccnc1)c1ccccc1,True,True,True,,0.734375,1.0,,,,,,,,,0.29046454626646695,0.29046454626646695,0.0,True,135.13,135.13,0.0,True,,,,,,,,,8.0,8.0,0.0,True
target_oracle,mpair_00003531_cond_02_3p,mpair_00003531,eval,3,"TPSA,HBA,RB",CC(C)Oc1cccc(N(Cc2cccnc2)S(=O)(=O)CC(F)(F)F)c1,CCOC(=O)C(C)Oc1cccc(N(Cc2cccnc2)S(=O)(=O)CC(F)(F)F)c1,CCOC(=O)C(C)Oc1cccc(N(Cc2cccnc2)S(=O)(=O)CC(F)(F)F)c1,c1ccc(NCc2cccnc2)cc1,c1ccc(NCc2cccnc2)cc1,True,True,True,,0.7796610169491526,1.0,,,,,,,,,,,,,85.80000000000001,85.80000000000001,0.0,True,,,,,6.0,6.0,0.0,True,9.0,9.0,0.0,True
target_oracle,mpair_00003540_cond_00_3p,mpair_00003540,eval,3,"QED,TPSA,HBA",CCCC(C)Oc1cccc(N(Cc2cccnc2)S(=O)(=O)CC(F)(F)F)c1,CCOC(=O)C(C)Oc1cccc(N(Cc2cccnc2)S(=O)(=O)CC(F)(F)F)c1,CCOC(=O)C(C)Oc1cccc(N(Cc2cccnc2)S(=O)(=O)CC(F)(F)F)c1,c1ccc(NCc2cccnc2)cc1,c1ccc(NCc2cccnc2)cc1,True,True,True,,0.746031746031746,1.0,,,,,,,,,0.5496815697636838,0.5496815697636838,0.0,True,85.80000000000001,85.80000000000001,0.0,True,,,,,6.0,6.0,0.0,True,,,,
target_oracle,mpair_00003545_cond_01_3p,mpair_00003545,eval,3,"LogP,QED,RB",CCCC(C)Oc1cccc(N(Cc2cccnc2)S(=O)(=O)CC(F)(F)F)c1,CC(C)Oc1cccc(N(Cc2cccnc2)S(=O)(=O)CC(F)(F)F)c1,CC(C)Oc1cccc(N(Cc2cccnc2)S(=O)(=O)CC(F)(F)F)c1,c1ccc(NCc2cccnc2)cc1,c1ccc(NCc2cccnc2)cc1,True,True,True,,0.8070175438596491,1.0,,,,,3.7675000000000027,3.7675000000000027,0.0,True,0.7245796953652621,0.7245796953652621,0.0,True,,,,,,,,,,,,,7.0,7.0,0.0,True
target_oracle,mpair_00000014_cond_01_4p,mpair_00000014,eval,4,"MW,LogP,TPSA,HBA",O=C(O)[C@@H]1C[C@H]2C[C@@H](CCS(=O)(=O)O)CC[C@H]2CN1,O=C(O)CC[C@H]1CC[C@H]2CN[C@H](C(=O)O)C[C@H]2C1,O=C(O)CC[C@H]1CC[C@H]2CN[C@H](C(=O)O)C[C@H]2C1,C1CC[C@H]2CNCC[C@H]2C1,C1CC[C@H]2CNCC[C@H]2C1,True,True,True,,0.6829268292682927,1.0,255.314,255.314,0.0,True,1.3301999999999996,1.3301999999999996,0.0,True,,,,,86.63000000000001,86.63000000000001,0.0,True,,,,,3.0,3.0,0.0,True,,,,
target_oracle,mpair_00000322_cond_01_4p,mpair_00000322,eval,4,"MW,QED,HBA,RB",N[C@@H](C(=O)N[C@@H]1C(=O)N2C(C(=O)O)=C(C(F)(F)F)CC[C@H]12)c1cccc(C(F)(F)F)c1,CSC1=C(C(=O)O)N2C(=O)[C@@H](NC(=O)[C@H](N)c3ccccc3)[C@H]2CC1,CSC1=C(C(=O)O)N2C(=O)[C@@H](NC(=O)[C@H](N)c3ccccc3)[C@H]2CC1,O=C(Cc1ccccc1)N[C@@H]1C(=O)N2C=CCC[C@H]12,O=C(Cc1ccccc1)N[C@@H]1C(=O)N2C=CCC[C@H]12,True,True,True,,0.5757575757575758,1.0,361.42300000000006,361.42300000000006,0.0,True,,,,,0.6699274889764619,0.6699274889764619,0.0,True,,,,,,,,,5.0,5.0,0.0,True,5.0,5.0,0.0,True
target_oracle,mpair_00000326_cond_01_4p,mpair_00000326,eval,4,"QED,TPSA,HBD,RB",N[C@@H](C(=O)N[C@@H]1C(=O)N2C(C(=O)O)=C(C(F)(F)F)CC[C@H]12)c1ccc(O)cc1,CSC1=C(C(=O)O)N2C(=O)[C@@H](NC(=O)[C@H](N)c3ccccc3)[C@H]2CC1,CSC1=C(C(=O)O)N2C(=O)[C@@H](NC(=O)[C@H](N)c3ccccc3)[C@H]2CC1,O=C(Cc1ccccc1)N[C@@H]1C(=O)N2C=CCC[C@H]12,O=C(Cc1ccccc1)N[C@@H]1C(=O)N2C=CCC[C@H]12,True,True,True,,0.5873015873015873,1.0,,,,,,,,,0.6699274889764619,0.6699274889764619,0.0,True,112.73,112.73,0.0,True,3.0,3.0,0.0,True,,,,,5.0,5.0,0.0,True
target_oracle,mpair_00000334_cond_02_4p,mpair_00000334,eval,4,"MW,QED,TPSA,RB",CSC1=C(C(=O)O)N2C(=O)[C@@H](NC(=O)[C@H](N)c3ccccc3)[C@H]2CC1,N[C@@H](C(=O)N[C@@H]1C(=O)N2C(C(=O)O)=C(C(F)(F)F)CC[C@H]12)c1ccc(O)cc1,N[C@@H](C(=O)N[C@@H]1C(=O)N2C(C(=O)O)=C(C(F)(F)F)CC[C@H]12)c1ccc(O)cc1,O=C(Cc1ccccc1)N[C@@H]1C(=O)N2C=CCC[C@H]12,O=C(Cc1ccccc1)N[C@@H]1C(=O)N2C=CCC[C@H]12,True,True,True,,0.5873015873015873,1.0,399.3250000000001,399.3250000000001,0.0,True,,,,,0.5533729404309352,0.5533729404309352,0.0,True,132.96,132.96,0.0,True,,,,,,,,,4.0,4.0,0.0,True
target_oracle,mpair_00000586_cond_02_4p,mpair_00000586,eval,4,"QED,TPSA,HBD,HBA",OC[C@@H]1N[C@@H](CCCCc2cc(F)cc(F)c2)[C@H](O)[C@H]1O,OC[C@@H]1N[C@@H](CCCCc2ccc(O)cc2)[C@H](O)[C@H]1O,OC[C@@H]1N[C@@H](CCCCc2ccc(O)cc2)[C@H](O)[C@H]1O,c1ccc(CCCC[C@H]2CCCN2)cc1,c1ccc(CCCC[C@H]2CCCN2)cc1,True,True,True,,0.625,1.0,,,,,,,,,0.47902706341404183,0.47902706341404183,0.0,True,92.95,92.95,0.0,True,5.0,5.0,0.0,True,5.0,5.0,0.0,True,,,,
target_oracle,mpair_00000726_cond_01_4p,mpair_00000726,eval,4,"MW,LogP,QED,HBD",C=CCc1cc(/C=C2\SC(=O)NC2=O)c(OC)cc1OC1CCCCO1,C=CCc1cc(/C=C2\SC(=O)N(CC=C)C2=O)c(OC)cc1OC1CCCCO1,C=CCc1cc(/C=C2\SC(=O)N(CC=C)C2=O)c(OC)cc1OC1CCCCO1,O=C1NC(=O)/C(=C/c2ccc(OC3CCCCO3)cc2)S1,O=C1NC(=O)/C(=C/c2ccc(OC3CCCCO3)cc2)S1,True,True,True,,0.696969696969697,1.0,415.51100000000025,415.51100000000025,0.0,True,4.551400000000004,4.551400000000004,0.0,True,0.45838471716690443,0.45838471716690443,0.0,True,,,,,0.0,0.0,0.0,True,,,,,,,,
target_oracle,mpair_00000734_cond_00_4p,mpair_00000734,eval,4,"MW,LogP,QED,RB",C=CCc1cc(/C=C2\SC(=O)N(CCCC)C2=O)c(OC)cc1OC1CCCCO1,C=CCc1cc(/C=C2\SC(=O)N(C)C2=O)c(OC)cc1OC1CCCCO1,C=CCc1cc(/C=C2\SC(=O)N(C)C2=O)c(OC)cc1OC1CCCCO1,O=C1NC(=O)/C(=C/c2ccc(OC3CCCCO3)cc2)S1,O=C1NC(=O)/C(=C/c2ccc(OC3CCCCO3)cc2)S1,True,True,True,,0.7878787878787878,1.0,389.4730000000002,389.4730000000002,0.0,True,3.9952000000000023,3.9952000000000023,0.0,True,0.5413211960634129,0.5413211960634129,0.0,True,,,,,,,,,,,,,6.0,6.0,0.0,True
target_oracle,mpair_00000753_cond_01_4p,mpair_00000753,eval,4,"MW,TPSA,HBA,RB",O=C1CCC[C@H]2OC[C@@H](Cc3c[nH]c4ccccc34)N12,COC(=O)C[C@@H]1CC(=O)N2[C@H](Cc3c[nH]c4ccccc34)CO[C@@H]2C1,COC(=O)C[C@@H]1CC(=O)N2[C@H](Cc3c[nH]c4ccccc34)CO[C@@H]2C1,O=C1CCC[C@H]2OC[C@@H](Cc3c[nH]c4ccccc34)N12,O=C1CCC[C@H]2OC[C@@H](Cc3c[nH]c4ccccc34)N12,True,True,True,,0.578125,1.0,342.39500000000015,342.39500000000015,0.0,True,,,,,,,,,71.63000000000001,71.63000000000001,0.0,True,,,,,4.0,4.0,0.0,True,4.0,4.0,0.0,True
target_oracle,mpair_00001117_cond_02_4p,mpair_00001117,eval,4,"MW,HBD,HBA,RB",COc1ccc(N2CCN(CCC3c4ccccc4C(=O)N3C)CC2)cc1,O=C1NC(CCN2CCN(c3ccccc3)CC2)c2ccccc21,O=C1NC(CCN2CCN(c3ccccc3)CC2)c2ccccc21,O=C1NC(CCN2CCN(c3ccccc3)CC2)c2ccccc21,O=C1NC(CCN2CCN(c3ccccc3)CC2)c2ccccc21,True,True,True,,0.47368421052631576,1.0,321.4240000000001,321.4240000000001,0.0,True,,,,,,,,,,,,,1.0,1.0,0.0,True,3.0,3.0,0.0,True,4.0,4.0,0.0,True
target_oracle,mpair_00001131_cond_02_4p,mpair_00001131,eval,4,"QED,HBD,HBA,RB",COc1ccc(N2CCN(CCC3c4ccccc4C(=O)N3C)CC2)cc1,Cc1ccc(N2CCN(CCC3NC(=O)c4ccccc43)CC2)cc1C,Cc1ccc(N2CCN(CCC3NC(=O)c4ccccc43)CC2)cc1C,O=C1NC(CCN2CCN(c3ccccc3)CC2)c2ccccc21,O=C1NC(CCN2CCN(c3ccccc3)CC2)c2ccccc21,True,True,True,,0.4444444444444444,1.0,,,,,,,,,0.9198864151307602,0.9198864151307602,0.0,True,,,,,1.0,1.0,0.0,True,3.0,3.0,0.0,True,4.0,4.0,0.0,True
target_oracle,mpair_00001618_cond_02_4p,mpair_00001618,eval,4,"QED,TPSA,HBA,RB",CC1CC(C)(C)Nc2ccc3c(c21)COc1c(F)cc(F)cc1-3,CC1CC(C)(C)Nc2ccc3c(c21)COc1c-3cc(F)cc1[N+](=O)[O-],CC1CC(C)(C)Nc2ccc3c(c21)COc1c-3cc(F)cc1[N+](=O)[O-],c1ccc2c(c1)OCc1c-2ccc2c1CCCN2,c1ccc2c(c1)OCc1c-2ccc2c1CCCN2,True,True,True,,0.7321428571428571,1.0,,,,,,,,,0.5855235809891088,0.5855235809891088,0.0,True,64.39999999999999,64.39999999999999,0.0,True,,,,,4.0,4.0,0.0,True,1.0,1.0,0.0,True
target_oracle,mpair_00002465_cond_02_4p,mpair_00002465,eval,4,"MW,QED,HBA,RB",CN(C)CCCOc1cc(C(=O)Nc2ccc(OC(F)(F)F)cc2)n(Cc2ccccc2)n1,CN(C)CCCOc1cc(C(=O)Nc2cccc(Cl)c2)n(Cc2ccccc2)n1,CN(C)CCCOc1cc(C(=O)Nc2cccc(Cl)c2)n(Cc2ccccc2)n1,O=C(Nc1ccccc1)c1ccnn1Cc1ccccc1,O=C(Nc1ccccc1)c1ccnn1Cc1ccccc1,True,True,True,,0.696969696969697,1.0,412.9210000000001,412.9210000000001,0.0,True,,,,,0.5357556879239462,0.5357556879239462,0.0,True,,,,,,,,,5.0,5.0,0.0,True,9.0,9.0,0.0,True
target_oracle,mpair_00002481_cond_01_4p,mpair_00002481,eval,4,"LogP,TPSA,HBA,RB",COc1cc(NC(=O)c2cc(OCCCN(C)C)nn2Cc2ccccc2)cc(OC)c1OC,CN(C)CCCOc1cc(C(=O)Nc2cc(F)cc(C(F)(F)F)c2)n(Cc2ccccc2)n1,CN(C)CCCOc1cc(C(=O)Nc2cc(F)cc(C(F)(F)F)c2)n(Cc2ccccc2)n1,O=C(Nc1ccccc1)c1ccnn1Cc1ccccc1,O=C(Nc1ccccc1)c1ccnn1Cc1ccccc1,True,True,True,,0.6811594202898551,1.0,,,,,4.672100000000003,4.672100000000003,0.0,True,,,,,59.39,59.39,0.0,True,,,,,5.0,5.0,0.0,True,9.0,9.0,0.0,True
target_oracle,mpair_00002492_cond_00_4p,mpair_00002492,eval,4,"LogP,TPSA,HBD,HBA",CC(C)OC(=O)c1cc(CO)cn1S(=O)(=O)c1cc(Cl)ccc1N,C=Cc1cc(C(=O)OCC)n(S(=O)(=O)c2cc(Cl)ccc2N)c1,C=Cc1cc(C(=O)OCC)n(S(=O)(=O)c2cc(Cl)ccc2N)c1,O=S(=O)(c1ccccc1)n1cccc1,O=S(=O)(c1ccccc1)n1cccc1,True,True,True,,0.5396825396825397,1.0,,,,,2.7804,2.7804,0.0,True,,,,,91.39,91.39,0.0,True,1.0,1.0,0.0,True,6.0,6.0,0.0,True,,,,
target_oracle,mpair_00002522_cond_00_4p,mpair_00002522,eval,4,"MW,LogP,TPSA,HBD",CSc1cc(-c2ccc(Cl)cc2)oc(=O)c1,CSc1cc(-c2ccc(Cl)cc2)oc(=O)c1C(N)=O,CSc1cc(-c2ccc(Cl)cc2)oc(=O)c1C(N)=O,O=c1cccc(-c2ccccc2)o1,O=c1cccc(-c2ccccc2)o1,True,True,True,,0.4888888888888889,1.0,295.747,295.747,0.0,True,2.7810000000000006,2.7810000000000006,0.0,True,,,,,73.30000000000001,73.30000000000001,0.0,True,1.0,1.0,0.0,True,,,,,,,,
target_oracle,mpair_00002558_cond_01_4p,mpair_00002558,eval,4,"MW,QED,HBA,RB",CSc1nc(-c2ccc(OC(F)(F)F)cc2)nn1C(=O)N(C)c1ccccc1,CSc1nc(-c2ccc(Cl)cc2)nn1C(=O)N(C)c1ccccc1,CSc1nc(-c2ccc(Cl)cc2)nn1C(=O)N(C)c1ccccc1,O=C(Nc1ccccc1)n1cnc(-c2ccccc2)n1,O=C(Nc1ccccc1)n1cnc(-c2ccccc2)n1,True,True,True,,0.7037037037037037,1.0,358.85400000000004,358.85400000000004,0.0,True,,,,,0.6499636794176425,0.6499636794176425,0.0,True,,,,,,,,,5.0,5.0,0.0,True,3.0,3.0,0.0,True
target_oracle,mpair_00002568_cond_01_4p,mpair_00002568,eval,4,"MW,QED,TPSA,RB",COc1cc(C(=O)N2CCN(C(=O)c3cc(OC)c(OC)c(OC)c3)C(CO)C2)cc(OC)c1OC,COc1cc(C(=O)N2CCN(C(=O)c3cc(OC)c(OC)c(OC)c3)C(COC(=O)NCCC(C)C)C2)cc(OC)c1OC,COc1cc(C(=O)N2CCN(C(=O)c3cc(OC)c(OC)c(OC)c3)C(COC(=O)NCCC(C)C)C2)cc(OC)c1OC,O=C(c1ccccc1)N1CCN(C(=O)c2ccccc2)CC1,O=C(c1ccccc1)N1CCN(C(=O)c2ccccc2)CC1,True,True,True,,0.631578947368421,1.0,617.6960000000003,617.6960000000003,0.0,True,,,,,0.3561059094946873,0.3561059094946873,0.0,True,134.33,134.33,0.0,True,,,,,,,,,13.0,13.0,0.0,True
target_oracle,mpair_00002576_cond_02_4p,mpair_00002576,eval,4,"MW,QED,HBD,RB",COc1cc(C(=O)N2CCN(C(=O)c3cc(OC)c(OC)c(OC)c3)C(COC(C)=O)C2)cc(OC)c1OC,COc1cc(C(=O)N2CCN(C(=O)c3cc(OC)c(OC)c(OC)c3)C(COC(=O)NCCC(C)C)C2)cc(OC)c1OC,COc1cc(C(=O)N2CCN(C(=O)c3cc(OC)c(OC)c(OC)c3)C(COC(=O)NCCC(C)C)C2)cc(OC)c1OC,O=C(c1ccccc1)N1CCN(C(=O)c2ccccc2)CC1,O=C(c1ccccc1)N1CCN(C(=O)c2ccccc2)CC1,True,True,True,,0.7017543859649122,1.0,617.6960000000003,617.6960000000003,0.0,True,,,,,0.3561059094946873,0.3561059094946873,0.0,True,,,,,1.0,1.0,0.0,True,,,,,13.0,13.0,0.0,True
target_oracle,mpair_00002591_cond_01_4p,mpair_00002591,eval,4,"MW,LogP,QED,HBD",COc1cc(C(=O)N2CCN(C(=O)c3cc(OC)c(OC)c(OC)c3)C(COC(=O)NCCC(C)C)C2)cc(OC)c1OC,COc1cc(C(=O)N2CCN(C(=O)c3cc(OC)c(OC)c(OC)c3)CC2)cc(OC)c1OC,COc1cc(C(=O)N2CCN(C(=O)c3cc(OC)c(OC)c(OC)c3)CC2)cc(OC)c1OC,O=C(c1ccccc1)N1CCN(C(=O)c2ccccc2)CC1,O=C(c1ccccc1)N1CCN(C(=O)c2ccccc2)CC1,True,True,True,,0.48148148148148145,1.0,474.51000000000033,474.51000000000033,0.0,True,2.3364000000000003,2.3364000000000003,0.0,True,0.5754127815390553,0.5754127815390553,0.0,True,,,,,0.0,0.0,0.0,True,,,,,,,,
target_oracle,mpair_00002595_cond_00_4p,mpair_00002595,eval,4,"MW,QED,HBA,RB",COc1cc(C(=O)N2CCN(C(=O)c3cc(OC)c(OC)c(OC)c3)CC2)cc(OC)c1OC,COc1cc(C(=O)N2CCN(C(=O)c3cc(OC)c(OC)c(OC)c3)C(COC(=O)CC(C)(C)C)C2)cc(OC)c1OC,COc1cc(C(=O)N2CCN(C(=O)c3cc(OC)c(OC)c(OC)c3)C(COC(=O)CC(C)(C)C)C2)cc(OC)c1OC,O=C(c1ccccc1)N1CCN(C(=O)c2ccccc2)CC1,O=C(c1ccccc1)N1CCN(C(=O)c2ccccc2)CC1,True,True,True,,0.52,1.0,602.6810000000004,602.6810000000004,0.0,True,,,,,0.3521539372279048,0.3521539372279048,0.0,True,,,,,,,,,10.0,10.0,0.0,True,11.0,11.0,0.0,True
target_oracle,mpair_00002607_cond_01_4p,mpair_00002607,eval,4,"LogP,QED,TPSA,HBA",COc1ccc(C(=O)Nc2ccncc2Cl)c2cccnc12,COc1ccc(C(=O)Nc2c(Cl)cncc2Cl)c2ccc(C(C)=O)nc12,COc1ccc(C(=O)Nc2c(Cl)cncc2Cl)c2ccc(C(C)=O)nc12,O=C(Nc1ccncc1)c1cccc2ncccc12,O=C(Nc1ccncc1)c1cccc2ncccc12,True,True,True,,0.5081967213114754,1.0,,,,,4.400100000000002,4.400100000000002,0.0,True,0.6681926051832562,0.6681926051832562,0.0,True,81.17999999999999,81.17999999999999,0.0,True,,,,,5.0,5.0,0.0,True,,,,
target_oracle,mpair_00002614_cond_00_4p,mpair_00002614,eval,4,"MW,QED,HBA,RB",COc1ccc(C(=O)Nc2c(Cl)cncc2Cl)c2cccnc12,COc1ccc(C(=O)Nc2c(Cl)cncc2Cl)c2ccc(C(C)=O)nc12,COc1ccc(C(=O)Nc2c(Cl)cncc2Cl)c2ccc(C(C)=O)nc12,O=C(Nc1ccncc1)c1cccc2ncccc12,O=C(Nc1ccncc1)c1cccc2ncccc12,True,True,True,,0.6666666666666666,1.0,390.22600000000017,390.22600000000017,0.0,True,,,,,0.6681926051832562,0.6681926051832562,0.0,True,,,,,,,,,5.0,5.0,0.0,True,4.0,4.0,0.0,True
target_oracle,mpair_00002622_cond_02_4p,mpair_00002622,eval,4,"MW,LogP,QED,RB",CCc1ccc2c(C(=O)Nc3c(Cl)cncc3Cl)ccc(OC)c2n1,COc1ccc(C(=O)Nc2ccncc2Cl)c2cccnc12,COc1ccc(C(=O)Nc2ccncc2Cl)c2cccnc12,O=C(Nc1ccncc1)c1cccc2ncccc12,O=C(Nc1ccncc1)c1cccc2ncccc12,True,True,True,,0.5,1.0,313.744,313.744,0.0,True,3.544100000000002,3.544100000000002,0.0,True,0.8029165077767629,0.8029165077767629,0.0,True,,,,,,,,,,,,,3.0,3.0,0.0,True
target_oracle,mpair_00002631_cond_00_4p,mpair_00002631,eval,4,"LogP,TPSA,HBD,HBA",CC(C)(C)[C@H](O)C(=O)N1C[C@H](c2ccccc2)C[C@H]1C(=O)N[C@@H](CC(F)F)C(=O)NCCc1c(F)cc(C(=O)O)cc1F,CC(C)CC(=O)N1C[C@H](c2ccccc2)C[C@H]1C(=O)N[C@@H](CC(F)F)C(=O)NCCc1c(F)cc(C(=O)O)cc1F,CC(C)CC(=O)N1C[C@H](c2ccccc2)C[C@H]1C(=O)N[C@@H](CC(F)F)C(=O)NCCc1c(F)cc(C(=O)O)cc1F,O=C(CNC(=O)[C@@H]1C[C@@H](c2ccccc2)CN1)NCCc1ccccc1,O=C(CNC(=O)[C@@H]1C[C@@H](c2ccccc2)CN1)NCCc1ccccc1,True,True,True,,0.7567567567567568,1.0,,,,,3.892500000000002,3.892500000000002,0.0,True,,,,,115.81000000000002,115.81000000000002,0.0,True,3.0,3.0,0.0,True,4.0,4.0,0.0,True,,,,
target_oracle,mpair_00003117_cond_00_4p,mpair_00003117,eval,4,"MW,LogP,TPSA,HBA",Cc1c[nH]c2c1C13CC1CN(C(=O)OC(C)(C)C)C3=CC2=O,COC(=O)c1cc2c([nH]1)C(=O)C=C1N(C(=O)OC(C)(C)C)CC3CC123,COC(=O)c1cc2c([nH]1)C(=O)C=C1N(C(=O)OC(C)(C)C)CC3CC123,O=C1C=C2NCC3CC23c2cc[nH]c21,O=C1C=C2NCC3CC23c2cc[nH]c21,True,True,True,,0.5873015873015873,1.0,344.36700000000013,344.36700000000013,0.0,True,2.389900000000001,2.389900000000001,0.0,True,,,,,88.7,88.7,0.0,True,,,,,5.0,5.0,0.0,True,,,,
target_oracle,mpair_00003213_cond_01_4p,mpair_00003213,eval,4,"MW,QED,HBA,RB",CC(C)NC(=O)c1ccc2c(Nc3ccc(Cl)cc3)nc(N3CCOCC3)nc2c1,Clc1ccc(Nc2nc(N3CCOCC3)nc3ccccc23)cc1,Clc1ccc(Nc2nc(N3CCOCC3)nc3ccccc23)cc1,c1ccc(Nc2nc(N3CCOCC3)nc3ccccc23)cc1,c1ccc(Nc2nc(N3CCOCC3)nc3ccccc23)cc1,True,True,True,,0.6,1.0,340.81399999999996,340.81399999999996,0.0,True,,,,,0.784150666451108,0.784150666451108,0.0,True,,,,,,,,,5.0,5.0,0.0,True,3.0,3.0,0.0,True
target_oracle,mpair_00003222_cond_00_4p,mpair_00003222,eval,4,"LogP,QED,TPSA,RB",COc1ccc(S(=O)(=O)N(Cc2cccnc2)c2c(C)cc(Br)cc2C(=O)NO)cc1,COC(=O)c1cccc(C(=O)NO)c1N(Cc1cccnc1)S(=O)(=O)c1ccc(OC)cc1,COC(=O)c1cccc(C(=O)NO)c1N(Cc1cccnc1)S(=O)(=O)c1ccc(OC)cc1,O=S(=O)(c1ccccc1)N(Cc1cccnc1)c1ccccc1,O=S(=O)(c1ccccc1)N(Cc1cccnc1)c1ccccc1,True,True,True,,0.734375,1.0,,,,,2.391300000000001,2.391300000000001,0.0,True,0.29046454626646695,0.29046454626646695,0.0,True,135.13,135.13,0.0,True,,,,,,,,,8.0,8.0,0.0,True
target_oracle,mpair_00003532_cond_01_4p,mpair_00003532,eval,4,"LogP,QED,TPSA,HBA",CCOC(=O)C(C)Oc1cccc(N(Cc2cccnc2)S(=O)(=O)CC(F)(F)F)c1,CCCC(C)Oc1cccc(N(Cc2cccnc2)S(=O)(=O)CC(F)(F)F)c1,CCCC(C)Oc1cccc(N(Cc2cccnc2)S(=O)(=O)CC(F)(F)F)c1,c1ccc(NCc2cccnc2)cc1,c1ccc(NCc2cccnc2)cc1,True,True,True,,0.746031746031746,1.0,,,,,4.547700000000003,4.547700000000003,0.0,True,0.6018859517288218,0.6018859517288218,0.0,True,59.5,59.5,0.0,True,,,,,4.0,4.0,0.0,True,,,,
target_oracle,mpair_00003536_cond_02_4p,mpair_00003536,eval,4,"MW,LogP,QED,RB",COc1cccc(N(Cc2cccnc2)S(=O)(=O)CC(F)(F)F)c1,CCC(C)COc1cccc(N(Cc2cccnc2)S(=O)(=O)CC(F)(F)F)c1,CCC(C)COc1cccc(N(Cc2cccnc2)S(=O)(=O)CC(F)(F)F)c1,c1ccc(NCc2cccnc2)cc1,c1ccc(NCc2cccnc2)cc1,True,True,True,,0.7413793103448276,1.0,416.4650000000001,416.4650000000001,0.0,True,4.405200000000004,4.405200000000004,0.0,True,0.6078002459089881,0.6078002459089881,0.0,True,,,,,,,,,,,,,9.0,9.0,0.0,True
target_oracle,mpair_00000010_cond_02_5p,mpair_00000010,eval,5,"MW,LogP,QED,HBA,RB",O=C(c1ccccc1C(F)(F)F)N1C[C@H](CN2CCC(c3ccccc3)CC2)[C@@H](c2ccccc2)C1,COc1cccc(C(=O)N2C[C@H](CN3CCC(c4ccccc4)CC3)[C@@H](c3ccccc3)C2)c1,COc1cccc(C(=O)N2C[C@H](CN3CCC(c4ccccc4)CC3)[C@@H](c3ccccc3)C2)c1,O=C(c1ccccc1)N1C[C@H](CN2CCC(c3ccccc3)CC2)[C@@H](c2ccccc2)C1,O=C(c1ccccc1)N1C[C@H](CN2CCC(c3ccccc3)CC2)[C@@H](c2ccccc2)C1,True,True,True,,0.578125,1.0,454.61400000000015,454.61400000000015,0.0,True,5.430600000000005,5.430600000000005,0.0,True,0.49786269936596683,0.49786269936596683,0.0,True,,,,,,,,,3.0,3.0,0.0,True,6.0,6.0,0.0,True
target_oracle,mpair_00000327_cond_00_5p,mpair_00000327,eval,5,"MW,LogP,QED,HBA,RB",CSC1=C(C(=O)O)N2C(=O)[C@@H](NC(=O)[C@H](N)c3ccccc3)[C@H]2CC1,N[C@@H](C(=O)N[C@@H]1C(=O)N2C(C(=O)O)=C(C(F)(F)F)CC[C@H]12)c1cccc(C(F)(F)F)c1,N[C@@H](C(=O)N[C@@H]1C(=O)N2C(C(=O)O)=C(C(F)(F)F)CC[C@H]12)c1cccc(C(F)(F)F)c1,O=C(Cc1ccccc1)N[C@@H]1C(=O)N2C=CCC[C@H]12,O=C(Cc1ccccc1)N[C@@H]1C(=O)N2C=CCC[C@H]12,True,True,True,,0.5757575757575758,1.0,451.3230000000001,451.3230000000001,0.0,True,2.0955999999999997,2.0955999999999997,0.0,True,0.4795891963980345,0.4795891963980345,0.0,True,,,,,,,,,4.0,4.0,0.0,True,4.0,4.0,0.0,True
target_oracle,mpair_00000335_cond_01_5p,mpair_00000335,eval,5,"MW,LogP,TPSA,HBD,HBA",N[C@@H](C(=O)N[C@@H]1C(=O)N2C(C(=O)O)=C(C(F)(F)F)CC[C@H]12)c1cccc(Br)c1,N[C@@H](C(=O)N[C@@H]1C(=O)N2C(C(=O)O)=C(C(F)(F)F)CC[C@H]12)c1ccc(O)cc1,N[C@@H](C(=O)N[C@@H]1C(=O)N2C(C(=O)O)=C(C(F)(F)F)CC[C@H]12)c1ccc(O)cc1,O=C(Cc1ccccc1)N[C@@H]1C(=O)N2C=CCC[C@H]12,O=C(Cc1ccccc1)N[C@@H]1C(=O)N2C=CCC[C@H]12,True,True,True,,0.7377049180327869,1.0,399.3250000000001,399.3250000000001,0.0,True,0.7823999999999993,0.7823999999999993,0.0,True,,,,,132.96,132.96,0.0,True,4.0,4.0,0.0,True,5.0,5.0,0.0,True,,,,
target_oracle,mpair_00000586_cond_01_5p,mpair_00000586,eval,5,"LogP,QED,TPSA,HBD,HBA",OC[C@@H]1N[C@@H](CCCCc2cc(F)cc(F)c2)[C@H](O)[C@H]1O,OC[C@@H]1N[C@@H](CCCCc2ccc(O)cc2)[C@H](O)[C@H]1O,OC[C@@H]1N[C@@H](CCCCc2ccc(O)cc2)[C@H](O)[C@H]1O,c1ccc(CCCC[C@H]2CCCN2)cc1,c1ccc(CCCC[C@H]2CCCN2)cc1,True,True,True,,0.625,1.0,,,,,0.15949999999999964,0.15949999999999964,0.0,True,0.47902706341404183,0.47902706341404183,0.0,True,92.95,92.95,0.0,True,5.0,5.0,0.0,True,5.0,5.0,0.0,True,,,,
target_oracle,mpair_00000762_cond_00_5p,mpair_00000762,eval,5,"MW,LogP,QED,HBA,RB",Clc1cccc(-c2cc(O[C@@H]3CCNC3)cnc2Cl)c1,COc1cccc(-c2cncc(O[C@@H]3CCNC3)c2)c1,COc1cccc(-c2cncc(O[C@@H]3CCNC3)c2)c1,c1ccc(-c2cncc(O[C@@H]3CCNC3)c2)cc1,c1ccc(-c2cncc(O[C@@H]3CCNC3)c2)cc1,True,True,True,,0.5,1.0,270.33199999999994,270.33199999999994,0.0,True,2.4979000000000005,2.4979000000000005,0.0,True,0.9267061641096688,0.9267061641096688,0.0,True,,,,,,,,,4.0,4.0,0.0,True,4.0,4.0,0.0,True
target_oracle,mpair_00002472_cond_01_5p,mpair_00002472,eval,5,"MW,LogP,QED,HBA,RB",COc1ccc(NC(=O)c2cc(OCCCN(C)C)nn2Cc2ccccc2)cc1,CN(C)CCCOc1cc(C(=O)Nc2cc(F)cc(C(F)(F)F)c2)n(Cc2ccccc2)n1,CN(C)CCCOc1cc(C(=O)Nc2cc(F)cc(C(F)(F)F)c2)n(Cc2ccccc2)n1,O=C(Nc1ccccc1)c1ccnn1Cc1ccccc1,O=C(Nc1ccccc1)c1ccnn1Cc1ccccc1,True,True,True,,0.6764705882352942,1.0,464.4630000000001,464.4630000000001,0.0,True,4.672100000000003,4.672100000000003,0.0,True,0.369385517709234,0.369385517709234,0.0,True,,,,,,,,,5.0,5.0,0.0,True,9.0,9.0,0.0,True
target_oracle,mpair_00002508_cond_02_5p,mpair_00002508,eval,5,"LogP,QED,TPSA,HBD,RB",CSc1cc(-c2ccc(Br)cc2)oc(=O)c1C#N,CSc1cc(-c2ccc(Cl)cc2)oc(=O)c1C(N)=O,CSc1cc(-c2ccc(Cl)cc2)oc(=O)c1C(N)=O,O=c1cccc(-c2ccccc2)o1,O=c1cccc(-c2ccccc2)o1,True,True,True,,0.43137254901960786,1.0,,,,,2.7810000000000006,2.7810000000000006,0.0,True,0.8837306867126842,0.8837306867126842,0.0,True,73.30000000000001,73.30000000000001,0.0,True,1.0,1.0,0.0,True,,,,,3.0,3.0,0.0,True
target_oracle,mpair_00002541_cond_02_5p,mpair_00002541,eval,5,"MW,QED,TPSA,HBA,RB",CCOC(=O)c1c(SC)c(C#N)c(-c2ccc(Br)cc2)oc1=O,CSc1cc(-c2ccc(Br)cc2)oc(=O)c1C#N,CSc1cc(-c2ccc(Br)cc2)oc(=O)c1C#N,O=c1cccc(-c2ccccc2)o1,O=c1cccc(-c2ccccc2)o1,True,True,True,,0.43103448275862066,1.0,322.1830000000001,322.1830000000001,0.0,True,,,,,0.791886779601309,0.791886779601309,0.0,True,54.0,54.0,0.0,True,,,,,4.0,4.0,0.0,True,2.0,2.0,0.0,True
target_oracle,mpair_00002570_cond_00_5p,mpair_00002570,eval,5,"MW,LogP,QED,HBA,RB",CCN(CC)C(=O)OCC1CN(C(=O)c2cc(OC)c(OC)c(OC)c2)CCN1C(=O)c1cc(OC)c(OC)c(OC)c1,COc1cc(C(=O)N2CCN(C(=O)c3cc(OC)c(OC)c(OC)c3)CC2)cc(OC)c1OC,COc1cc(C(=O)N2CCN(C(=O)c3cc(OC)c(OC)c(OC)c3)CC2)cc(OC)c1OC,O=C(c1ccccc1)N1CCN(C(=O)c2ccccc2)CC1,O=C(c1ccccc1)N1CCN(C(=O)c2ccccc2)CC1,True,True,True,,0.52,1.0,474.51000000000033,474.51000000000033,0.0,True,2.3364000000000003,2.3364000000000003,0.0,True,0.5754127815390553,0.5754127815390553,0.0,True,,,,,,,,,8.0,8.0,0.0,True,8.0,8.0,0.0,True
target_oracle,mpair_00002587_cond_02_5p,mpair_00002587,eval,5,"LogP,TPSA,HBD,HBA,RB",COc1cc(C(=O)N2CCN(C(=O)c3cc(OC)c(OC)c(OC)c3)C(CO)C2)cc(OC)c1OC,COc1cc(C(=O)N2CCN(C(=O)c3cc(OC)c(OC)c(OC)c3)CC2)cc(OC)c1OC,COc1cc(C(=O)N2CCN(C(=O)c3cc(OC)c(OC)c(OC)c3)CC2)cc(OC)c1OC,O=C(c1ccccc1)N1CCN(C(=O)c2ccccc2)CC1,O=C(c1ccccc1)N1CCN(C(=O)c2ccccc2)CC1,True,True,True,,0.6341463414634146,1.0,,,,,2.3364000000000003,2.3364000000000003,0.0,True,,,,,96.00000000000001,96.00000000000001,0.0,True,0.0,0.0,0.0,True,8.0,8.0,0.0,True,8.0,8.0,0.0,True
target_oracle,mpair_00002595_cond_01_5p,mpair_00002595,eval,5,"LogP,QED,TPSA,HBA,RB",COc1cc(C(=O)N2CCN(C(=O)c3cc(OC)c(OC)c(OC)c3)CC2)cc(OC)c1OC,COc1cc(C(=O)N2CCN(C(=O)c3cc(OC)c(OC)c(OC)c3)C(COC(=O)CC(C)(C)C)C2)cc(OC)c1OC,COc1cc(C(=O)N2CCN(C(=O)c3cc(OC)c(OC)c(OC)c3)C(COC(=O)CC(C)(C)C)C2)cc(OC)c1OC,O=C(c1ccccc1)N1CCN(C(=O)c2ccccc2)CC1,O=C(c1ccccc1)N1CCN(C(=O)c2ccccc2)CC1,True,True,True,,0.52,1.0,,,,,3.684400000000003,3.684400000000003,0.0,True,0.3521539372279048,0.3521539372279048,0.0,True,122.30000000000001,122.30000000000001,0.0,True,,,,,10.0,10.0,0.0,True,11.0,11.0,0.0,True
target_oracle,mpair_00002630_cond_02_5p,mpair_00002630,eval,5,"LogP,QED,TPSA,HBD,HBA",CC(C)CC(=O)N1C[C@H](c2ccccc2)C[C@H]1C(=O)N[C@@H](CC(F)F)C(=O)NCCc1c(F)cc(C(=O)O)cc1F,CC(C)[C@@H](O)C(=O)N1C[C@H](c2ccccc2)C[C@H]1C(=O)N[C@@H](CC(F)F)C(=O)NCCc1c(F)cc(C(=O)O)cc1F,CC(C)[C@@H](O)C(=O)N1C[C@H](c2ccccc2)C[C@H]1C(=O)N[C@@H](CC(F)F)C(=O)NCCc1c(F)cc(C(=O)O)cc1F,O=C(CNC(=O)[C@@H]1C[C@@H](c2ccccc2)CN1)NCCc1ccccc1,O=C(CNC(=O)[C@@H]1C[C@@H](c2ccccc2)CN1)NCCc1ccccc1,True,True,True,,0.7916666666666666,1.0,,,,,2.8633000000000006,2.8633000000000006,0.0,True,0.2789053789646464,0.2789053789646464,0.0,True,136.04,136.04,0.0,True,4.0,4.0,0.0,True,5.0,5.0,0.0,True,,,,
target_oracle,mpair_00003214_cond_02_5p,mpair_00003214,eval,5,"MW,TPSA,HBD,HBA,RB",Clc1ccc(Nc2nc(N3CCOCC3)nc3ccccc23)cc1,CC(C)NC(=O)c1ccc2c(Nc3ccc(Cl)cc3)nc(N3CCOCC3)nc2c1,CC(C)NC(=O)c1ccc2c(Nc3ccc(Cl)cc3)nc(N3CCOCC3)nc2c1,c1ccc(Nc2nc(N3CCOCC3)nc3ccccc23)cc1,c1ccc(Nc2nc(N3CCOCC3)nc3ccccc23)cc1,True,True,True,,0.6,1.0,425.92000000000024,425.92000000000024,0.0,True,,,,,,,,,79.38000000000001,79.38000000000001,0.0,True,2.0,2.0,0.0,True,6.0,6.0,0.0,True,5.0,5.0,0.0,True
target_oracle,mpair_00003539_cond_02_5p,mpair_00003539,eval,5,"LogP,QED,TPSA,HBA,RB",O=S(=O)(CC(F)(F)F)N(Cc1cccnc1)c1cccc(OC(F)(F)F)c1,CCOC(=O)C(C)Oc1cccc(N(Cc2cccnc2)S(=O)(=O)CC(F)(F)F)c1,CCOC(=O)C(C)Oc1cccc(N(Cc2cccnc2)S(=O)(=O)CC(F)(F)F)c1,c1ccc(NCc2cccnc2)cc1,c1ccc(NCc2cccnc2)cc1,True,True,True,,0.6885245901639344,1.0,,,,,3.3107000000000024,3.3107000000000024,0.0,True,0.5496815697636838,0.5496815697636838,0.0,True,85.80000000000001,85.80000000000001,0.0,True,,,,,6.0,6.0,0.0,True,9.0,9.0,0.0,True
target_oracle,mpair_00001115_cond_00_6p,mpair_00001115,eval,6,"LogP,QED,TPSA,HBD,HBA,RB",COc1ccc(N2CCN(CCC3NC(=O)c4ccccc43)CC2)cc1,CN1C(=O)c2ccccc2C1CCN1CCN(c2ccc(Cl)cc2)CC1,CN1C(=O)c2ccccc2C1CCN1CCN(c2ccc(Cl)cc2)CC1,O=C1NC(CCN2CCN(c3ccccc3)CC2)c2ccccc21,O=C1NC(CCN2CCN(c3ccccc3)CC2)c2ccccc21,True,True,True,,0.48333333333333334,1.0,,,,,3.679000000000003,3.679000000000003,0.0,True,0.8221231339252668,0.8221231339252668,0.0,True,26.790000000000006,26.790000000000006,0.0,True,0.0,0.0,0.0,True,3.0,3.0,0.0,True,4.0,4.0,0.0,True
target_oracle,mpair_00002568_cond_02_6p,mpair_00002568,eval,6,"MW,LogP,QED,TPSA,HBA,RB",COc1cc(C(=O)N2CCN(C(=O)c3cc(OC)c(OC)c(OC)c3)C(CO)C2)cc(OC)c1OC,COc1cc(C(=O)N2CCN(C(=O)c3cc(OC)c(OC)c(OC)c3)C(COC(=O)NCCC(C)C)C2)cc(OC)c1OC,COc1cc(C(=O)N2CCN(C(=O)c3cc(OC)c(OC)c(OC)c3)C(COC(=O)NCCC(C)C)C2)cc(OC)c1OC,O=C(c1ccccc1)N1CCN(C(=O)c2ccccc2)CC1,O=C(c1ccccc1)N1CCN(C(=O)c2ccccc2)CC1,True,True,True,,0.631578947368421,1.0,617.6960000000003,617.6960000000003,0.0,True,3.4773000000000023,3.4773000000000023,0.0,True,0.3561059094946873,0.3561059094946873,0.0,True,134.33,134.33,0.0,True,,,,,10.0,10.0,0.0,True,13.0,13.0,0.0,True
target_oracle,mpair_00002583_cond_00_6p,mpair_00002583,eval,6,"MW,LogP,QED,HBD,HBA,RB",CCN(CC)C(=O)OCC1CN(C(=O)c2cc(OC)c(OC)c(OC)c2)CCN1C(=O)c1cc(OC)c(OC)c(OC)c1,COc1cc(C(=O)N2CCN(C(=O)c3cc(OC)c(OC)c(OC)c3)C(CO)C2)cc(OC)c1OC,COc1cc(C(=O)N2CCN(C(=O)c3cc(OC)c(OC)c(OC)c3)C(CO)C2)cc(OC)c1OC,O=C(c1ccccc1)N1CCN(C(=O)c2ccccc2)CC1,O=C(c1ccccc1)N1CCN(C(=O)c2ccccc2)CC1,True,True,True,,0.6792452830188679,1.0,504.53600000000034,504.53600000000034,0.0,True,1.6973000000000003,1.6973000000000003,0.0,True,0.544633228323374,0.544633228323374,0.0,True,,,,,1.0,1.0,0.0,True,9.0,9.0,0.0,True,9.0,9.0,0.0,True
target_oracle,mpair_00002607_cond_00_6p,mpair_00002607,eval,6,"MW,LogP,QED,TPSA,HBA,RB",COc1ccc(C(=O)Nc2ccncc2Cl)c2cccnc12,COc1ccc(C(=O)Nc2c(Cl)cncc2Cl)c2ccc(C(C)=O)nc12,COc1ccc(C(=O)Nc2c(Cl)cncc2Cl)c2ccc(C(C)=O)nc12,O=C(Nc1ccncc1)c1cccc2ncccc12,O=C(Nc1ccncc1)c1cccc2ncccc12,True,True,True,,0.5081967213114754,1.0,390.22600000000017,390.22600000000017,0.0,True,4.400100000000002,4.400100000000002,0.0,True,0.6681926051832562,0.6681926051832562,0.0,True,81.17999999999999,81.17999999999999,0.0,True,,,,,5.0,5.0,0.0,True,4.0,4.0,0.0,True
target_oracle,mpair_00003214_cond_00_6p,mpair_00003214,eval,6,"MW,QED,TPSA,HBD,HBA,RB",Clc1ccc(Nc2nc(N3CCOCC3)nc3ccccc23)cc1,CC(C)NC(=O)c1ccc2c(Nc3ccc(Cl)cc3)nc(N3CCOCC3)nc2c1,CC(C)NC(=O)c1ccc2c(Nc3ccc(Cl)cc3)nc(N3CCOCC3)nc2c1,c1ccc(Nc2nc(N3CCOCC3)nc3ccccc23)cc1,c1ccc(Nc2nc(N3CCOCC3)nc3ccccc23)cc1,True,True,True,,0.6,1.0,425.92000000000024,425.92000000000024,0.0,True,,,,,0.6427710577069246,0.6427710577069246,0.0,True,79.38000000000001,79.38000000000001,0.0,True,2.0,2.0,0.0,True,6.0,6.0,0.0,True,5.0,5.0,0.0,True
target_oracle,mpair_00002514_cond_01_7p,mpair_00002514,eval,7,"MW,LogP,QED,TPSA,HBD,HBA,RB",CSc1cc(-c2ccc(Cl)cc2)oc(=O)c1Br,CSc1cc(-c2ccc(Cl)cc2)oc(=O)c1C(N)=O,CSc1cc(-c2ccc(Cl)cc2)oc(=O)c1C(N)=O,O=c1cccc(-c2ccccc2)o1,O=c1cccc(-c2ccccc2)o1,True,True,True,,0.627906976744186,1.0,295.747,295.747,0.0,True,2.7810000000000006,2.7810000000000006,0.0,True,0.8837306867126842,0.8837306867126842,0.0,True,73.30000000000001,73.30000000000001,0.0,True,1.0,1.0,0.0,True,4.0,4.0,0.0,True,3.0,3.0,0.0,True
target_oracle,mpair_00002551_cond_02_7p,mpair_00002551,eval,7,"MW,LogP,QED,TPSA,HBD,HBA,RB",CSc1cc(-c2ccc(Cl)cc2)oc(=O)c1C(N)=O,CSc1cc(-c2ccc(Br)cc2)oc(=O)c1Cl,CSc1cc(-c2ccc(Br)cc2)oc(=O)c1Cl,O=c1cccc(-c2ccccc2)o1,O=c1cccc(-c2ccccc2)o1,True,True,True,,0.5217391304347826,1.0,331.61800000000005,331.61800000000005,0.0,True,4.444600000000002,4.444600000000002,0.0,True,0.7618841288913727,0.7618841288913727,0.0,True,30.21,30.21,0.0,True,0.0,0.0,0.0,True,3.0,3.0,0.0,True,2.0,2.0,0.0,True
